solid ascii
  facet normal -0.704418 0.704418 0.0871186
    outer loop
      vertex -21.8428 -372.871 376.497
      vertex -21.8234 -372.89 376.81
      vertex -18.2879 -369.355 376.81
    endloop
  endfacet
  facet normal -0.683009 0.683009 0.258839
    outer loop
      vertex -21.9002 -372.814 376.194
      vertex -21.8428 -372.871 376.497
      vertex -18.3073 -369.335 376.497
    endloop
  endfacet
  facet normal -0.640884 0.640884 0.422535
    outer loop
      vertex -21.994 -372.72 375.91
      vertex -21.9002 -372.814 376.194
      vertex -18.3647 -369.278 376.194
    endloop
  endfacet
  facet normal -0.579213 0.579213 0.573606
    outer loop
      vertex -22.1212 -372.593 375.653
      vertex -21.994 -372.72 375.91
      vertex -18.4584 -369.184 375.91
    endloop
  endfacet
  facet normal -0.499956 0.499956 0.707169
    outer loop
      vertex -22.2781 -372.436 375.431
      vertex -22.1212 -372.593 375.653
      vertex -18.5857 -369.057 375.653
    endloop
  endfacet
  facet normal -0.405616 0.405616 0.819116
    outer loop
      vertex -22.4598 -372.254 375.251
      vertex -22.2781 -372.436 375.431
      vertex -18.7426 -368.9 375.431
    endloop
  endfacet
  facet normal -0.298844 0.298844 0.906303
    outer loop
      vertex -22.6609 -372.053 375.118
      vertex -22.4598 -372.254 375.251
      vertex -18.9243 -368.718 375.251
    endloop
  endfacet
  facet normal -0.183005 0.183005 0.965929
    outer loop
      vertex -22.8752 -371.839 375.037
      vertex -22.6609 -372.053 375.118
      vertex -19.1254 -368.517 375.118
    endloop
  endfacet
  facet normal -0.0616593 0.0616593 0.996191
    outer loop
      vertex -23.0962 -371.618 375.01
      vertex -22.8752 -371.839 375.037
      vertex -19.3397 -368.303 375.037
    endloop
  endfacet
  facet normal 0.0616593 -0.0616593 0.996191
    outer loop
      vertex -23.3173 -371.396 375.037
      vertex -23.0962 -371.618 375.01
      vertex -19.5607 -368.082 375.01
    endloop
  endfacet
  facet normal 0.183005 -0.183005 0.965929
    outer loop
      vertex -23.5316 -371.182 375.118
      vertex -23.3173 -371.396 375.037
      vertex -19.7817 -367.861 375.037
    endloop
  endfacet
  facet normal 0.298803 -0.298803 0.90633
    outer loop
      vertex -23.7326 -370.981 375.251
      vertex -23.5316 -371.182 375.118
      vertex -19.996 -367.647 375.118
    endloop
  endfacet
  facet normal 0.405616 -0.405616 0.819116
    outer loop
      vertex -23.9144 -370.799 375.431
      vertex -23.7326 -370.981 375.251
      vertex -20.1971 -367.446 375.251
    endloop
  endfacet
  facet normal 0.499956 -0.499956 0.707169
    outer loop
      vertex -24.0713 -370.643 375.653
      vertex -23.9144 -370.799 375.431
      vertex -20.3788 -367.264 375.431
    endloop
  endfacet
  facet normal 0.579213 -0.579213 0.573606
    outer loop
      vertex -24.1985 -370.515 375.91
      vertex -24.0713 -370.643 375.653
      vertex -20.5357 -367.107 375.653
    endloop
  endfacet
  facet normal 0.640844 -0.640844 0.422657
    outer loop
      vertex -24.2923 -370.422 376.194
      vertex -24.1985 -370.515 375.91
      vertex -20.663 -366.98 375.91
    endloop
  endfacet
  facet normal 0.683035 -0.683035 0.2587
    outer loop
      vertex -24.3497 -370.364 376.497
      vertex -24.2923 -370.422 376.194
      vertex -20.7567 -366.886 376.194
    endloop
  endfacet
  facet normal 0.704409 -0.704409 0.0872659
    outer loop
      vertex -24.369 -370.345 376.81
      vertex -24.3497 -370.364 376.497
      vertex -20.8141 -366.829 376.497
    endloop
  endfacet
  facet normal 0.704418 -0.704418 -0.0871186
    outer loop
      vertex -24.3497 -370.364 377.122
      vertex -24.369 -370.345 376.81
      vertex -20.8335 -366.809 376.81
    endloop
  endfacet
  facet normal 0.683013 -0.683013 -0.258815
    outer loop
      vertex -24.2923 -370.422 377.425
      vertex -24.3497 -370.364 377.122
      vertex -20.8141 -366.829 377.122
    endloop
  endfacet
  facet normal 0.640832 -0.640832 -0.422693
    outer loop
      vertex -24.1985 -370.515 377.71
      vertex -24.2923 -370.422 377.425
      vertex -20.7567 -366.886 377.425
    endloop
  endfacet
  facet normal 0.579263 -0.579263 -0.573506
    outer loop
      vertex -24.0713 -370.643 377.967
      vertex -24.1985 -370.515 377.71
      vertex -20.663 -366.98 377.71
    endloop
  endfacet
  facet normal 0.500042 -0.500042 -0.707047
    outer loop
      vertex -23.9144 -370.799 378.188
      vertex -24.0713 -370.643 377.967
      vertex -20.5357 -367.107 377.967
    endloop
  endfacet
  facet normal 0.405571 -0.405571 -0.819161
    outer loop
      vertex -23.7326 -370.981 378.368
      vertex -23.9144 -370.799 378.188
      vertex -20.3788 -367.264 378.188
    endloop
  endfacet
  facet normal 0.298859 -0.298859 -0.906293
    outer loop
      vertex -23.5316 -371.182 378.501
      vertex -23.7326 -370.981 378.368
      vertex -20.1971 -367.446 378.368
    endloop
  endfacet
  facet normal 0.183031 -0.183031 -0.965919
    outer loop
      vertex -23.3173 -371.396 378.582
      vertex -23.5316 -371.182 378.501
      vertex -19.996 -367.647 378.501
    endloop
  endfacet
  facet normal 0.0615926 -0.0615926 -0.996199
    outer loop
      vertex -23.0962 -371.618 378.61
      vertex -23.3173 -371.396 378.582
      vertex -19.7817 -367.861 378.582
    endloop
  endfacet
  facet normal -0.0615835 0.0615835 -0.9962
    outer loop
      vertex -22.8752 -371.839 378.582
      vertex -23.0962 -371.618 378.61
      vertex -19.5607 -368.082 378.61
    endloop
  endfacet
  facet normal -0.183031 0.183031 -0.965919
    outer loop
      vertex -22.6609 -372.053 378.501
      vertex -22.8752 -371.839 378.582
      vertex -19.3397 -368.303 378.582
    endloop
  endfacet
  facet normal -0.298859 0.298859 -0.906293
    outer loop
      vertex -22.4598 -372.254 378.368
      vertex -22.6609 -372.053 378.501
      vertex -19.1254 -368.517 378.501
    endloop
  endfacet
  facet normal -0.405522 0.405522 -0.819209
    outer loop
      vertex -22.2781 -372.436 378.188
      vertex -22.4598 -372.254 378.368
      vertex -18.9243 -368.718 378.368
    endloop
  endfacet
  facet normal -0.500042 0.500042 -0.707047
    outer loop
      vertex -22.1212 -372.593 377.967
      vertex -22.2781 -372.436 378.188
      vertex -18.7426 -368.9 378.188
    endloop
  endfacet
  facet normal -0.579213 0.579213 -0.573606
    outer loop
      vertex -21.994 -372.72 377.71
      vertex -22.1212 -372.593 377.967
      vertex -18.5857 -369.057 377.967
    endloop
  endfacet
  facet normal -0.640872 0.640872 -0.422571
    outer loop
      vertex -21.9002 -372.814 377.425
      vertex -21.994 -372.72 377.71
      vertex -18.4584 -369.184 377.71
    endloop
  endfacet
  facet normal -0.683013 0.683013 -0.258815
    outer loop
      vertex -21.8428 -372.871 377.122
      vertex -21.9002 -372.814 377.425
      vertex -18.3647 -369.278 377.425
    endloop
  endfacet
  facet normal -0.704409 0.704409 -0.0872659
    outer loop
      vertex -21.8234 -372.89 376.81
      vertex -21.8428 -372.871 377.122
      vertex -18.3073 -369.335 377.122
    endloop
  endfacet
  facet normal -0.704418 0.704418 -0.0871185
    outer loop
      vertex -18.3073 -369.335 377.122
      vertex -18.2879 -369.355 376.81
      vertex -21.8234 -372.89 376.81
    endloop
  endfacet
  facet normal -0.683013 0.683013 -0.258815
    outer loop
      vertex -18.3647 -369.278 377.425
      vertex -18.3073 -369.335 377.122
      vertex -21.8428 -372.871 377.122
    endloop
  endfacet
  facet normal -0.640872 0.640872 -0.422571
    outer loop
      vertex -18.4584 -369.184 377.71
      vertex -18.3647 -369.278 377.425
      vertex -21.9002 -372.814 377.425
    endloop
  endfacet
  facet normal -0.579213 0.579213 -0.573607
    outer loop
      vertex -18.5857 -369.057 377.967
      vertex -18.4584 -369.184 377.71
      vertex -21.994 -372.72 377.71
    endloop
  endfacet
  facet normal -0.499989 0.499989 -0.707122
    outer loop
      vertex -18.7426 -368.9 378.188
      vertex -18.5857 -369.057 377.967
      vertex -22.1212 -372.593 377.967
    endloop
  endfacet
  facet normal -0.405571 0.405571 -0.819161
    outer loop
      vertex -18.9243 -368.718 378.368
      vertex -18.7426 -368.9 378.188
      vertex -22.2781 -372.436 378.188
    endloop
  endfacet
  facet normal -0.298899 0.298899 -0.906267
    outer loop
      vertex -19.1254 -368.517 378.501
      vertex -18.9243 -368.718 378.368
      vertex -22.4598 -372.254 378.368
    endloop
  endfacet
  facet normal -0.183005 0.183005 -0.965929
    outer loop
      vertex -19.3397 -368.303 378.582
      vertex -19.1254 -368.517 378.501
      vertex -22.6609 -372.053 378.501
    endloop
  endfacet
  facet normal -0.0615927 0.0615927 -0.996199
    outer loop
      vertex -19.5607 -368.082 378.61
      vertex -19.3397 -368.303 378.582
      vertex -22.8752 -371.839 378.582
    endloop
  endfacet
  facet normal 0.0615927 -0.0615927 -0.996199
    outer loop
      vertex -19.7817 -367.861 378.582
      vertex -19.5607 -368.082 378.61
      vertex -23.0962 -371.618 378.61
    endloop
  endfacet
  facet normal 0.183005 -0.183005 -0.965929
    outer loop
      vertex -19.996 -367.647 378.501
      vertex -19.7817 -367.861 378.582
      vertex -23.3173 -371.396 378.582
    endloop
  endfacet
  facet normal 0.298859 -0.298859 -0.906293
    outer loop
      vertex -20.1971 -367.446 378.368
      vertex -19.996 -367.647 378.501
      vertex -23.5316 -371.182 378.501
    endloop
  endfacet
  facet normal 0.405571 -0.405571 -0.819161
    outer loop
      vertex -20.3788 -367.264 378.188
      vertex -20.1971 -367.446 378.368
      vertex -23.7326 -370.981 378.368
    endloop
  endfacet
  facet normal 0.499989 -0.499989 -0.707122
    outer loop
      vertex -20.5357 -367.107 377.967
      vertex -20.3788 -367.264 378.188
      vertex -23.9144 -370.799 378.188
    endloop
  endfacet
  facet normal 0.579213 -0.579213 -0.573607
    outer loop
      vertex -20.663 -366.98 377.71
      vertex -20.5357 -367.107 377.967
      vertex -24.0713 -370.643 377.967
    endloop
  endfacet
  facet normal 0.640832 -0.640832 -0.422693
    outer loop
      vertex -20.7567 -366.886 377.425
      vertex -20.663 -366.98 377.71
      vertex -24.1985 -370.515 377.71
    endloop
  endfacet
  facet normal 0.68304 -0.68304 -0.258677
    outer loop
      vertex -20.8141 -366.829 377.122
      vertex -20.7567 -366.886 377.425
      vertex -24.2923 -370.422 377.425
    endloop
  endfacet
  facet normal 0.704409 -0.704409 -0.0872658
    outer loop
      vertex -20.8335 -366.809 376.81
      vertex -20.8141 -366.829 377.122
      vertex -24.3497 -370.364 377.122
    endloop
  endfacet
  facet normal 0.704418 -0.704418 0.0871185
    outer loop
      vertex -20.8141 -366.829 376.497
      vertex -20.8335 -366.809 376.81
      vertex -24.369 -370.345 376.81
    endloop
  endfacet
  facet normal 0.683009 -0.683009 0.258839
    outer loop
      vertex -20.7567 -366.886 376.194
      vertex -20.8141 -366.829 376.497
      vertex -24.3497 -370.364 376.497
    endloop
  endfacet
  facet normal 0.640844 -0.640844 0.422657
    outer loop
      vertex -20.663 -366.98 375.91
      vertex -20.7567 -366.886 376.194
      vertex -24.2923 -370.422 376.194
    endloop
  endfacet
  facet normal 0.579262 -0.579262 0.573507
    outer loop
      vertex -20.5357 -367.107 375.653
      vertex -20.663 -366.98 375.91
      vertex -24.1985 -370.515 375.91
    endloop
  endfacet
  facet normal 0.500009 -0.500009 0.707095
    outer loop
      vertex -20.3788 -367.264 375.431
      vertex -20.5357 -367.107 375.653
      vertex -24.0713 -370.643 375.653
    endloop
  endfacet
  facet normal 0.405616 -0.405616 0.819116
    outer loop
      vertex -20.1971 -367.446 375.251
      vertex -20.3788 -367.264 375.431
      vertex -23.9144 -370.799 375.431
    endloop
  endfacet
  facet normal 0.298804 -0.298804 0.906329
    outer loop
      vertex -19.996 -367.647 375.118
      vertex -20.1971 -367.446 375.251
      vertex -23.7326 -370.981 375.251
    endloop
  endfacet
  facet normal 0.183031 -0.183031 0.965919
    outer loop
      vertex -19.7817 -367.861 375.037
      vertex -19.996 -367.647 375.118
      vertex -23.5316 -371.182 375.118
    endloop
  endfacet
  facet normal 0.0616593 -0.0616593 0.996191
    outer loop
      vertex -19.5607 -368.082 375.01
      vertex -19.7817 -367.861 375.037
      vertex -23.3173 -371.396 375.037
    endloop
  endfacet
  facet normal -0.0616502 0.0616502 0.996192
    outer loop
      vertex -19.3397 -368.303 375.037
      vertex -19.5607 -368.082 375.01
      vertex -23.0962 -371.618 375.01
    endloop
  endfacet
  facet normal -0.183031 0.183031 0.965919
    outer loop
      vertex -19.1254 -368.517 375.118
      vertex -19.3397 -368.303 375.037
      vertex -22.8752 -371.839 375.037
    endloop
  endfacet
  facet normal -0.298804 0.298804 0.906329
    outer loop
      vertex -18.9243 -368.718 375.251
      vertex -19.1254 -368.517 375.118
      vertex -22.6609 -372.053 375.118
    endloop
  endfacet
  facet normal -0.405567 0.405567 0.819165
    outer loop
      vertex -18.7426 -368.9 375.431
      vertex -18.9243 -368.718 375.251
      vertex -22.4598 -372.254 375.251
    endloop
  endfacet
  facet normal -0.500009 0.500009 0.707095
    outer loop
      vertex -18.5857 -369.057 375.653
      vertex -18.7426 -368.9 375.431
      vertex -22.2781 -372.436 375.431
    endloop
  endfacet
  facet normal -0.579213 0.579213 0.573607
    outer loop
      vertex -18.4584 -369.184 375.91
      vertex -18.5857 -369.057 375.653
      vertex -22.1212 -372.593 375.653
    endloop
  endfacet
  facet normal -0.640884 0.640884 0.422535
    outer loop
      vertex -18.3647 -369.278 376.194
      vertex -18.4584 -369.184 375.91
      vertex -21.994 -372.72 375.91
    endloop
  endfacet
  facet normal -0.683009 0.683009 0.258839
    outer loop
      vertex -18.3073 -369.335 376.497
      vertex -18.3647 -369.278 376.194
      vertex -21.9002 -372.814 376.194
    endloop
  endfacet
  facet normal -0.704409 0.704409 0.0872658
    outer loop
      vertex -18.2879 -369.355 376.81
      vertex -18.3073 -369.335 376.497
      vertex -21.8428 -372.871 376.497
    endloop
  endfacet
  facet normal 0.707106 0.707107 -7.85046e-16
    outer loop
      vertex -38.4665 -349.176 227.073
      vertex -38.4665 -349.176 374.03
      vertex -31.3954 -356.247 364.034
    endloop
  endfacet
  facet normal 0.707107 0.707107 -7.85046e-16
    outer loop
      vertex -31.3954 -356.247 227.073
      vertex -38.5099 -349.133 226.293
      vertex -38.4665 -349.176 227.073
    endloop
  endfacet
  facet normal 0.707108 0.707106 -7.85046e-16
    outer loop
      vertex -38.4665 -349.176 374.03
      vertex -31.3252 -356.317 365.29
      vertex -31.3954 -356.247 364.034
    endloop
  endfacet
  facet normal 0.707107 0.707107 -7.85046e-16
    outer loop
      vertex -31.3954 -356.247 364.034
      vertex -31.3954 -356.247 227.073
      vertex -38.4665 -349.176 227.073
    endloop
  endfacet
  facet normal 0.707107 0.707107 -7.85046e-16
    outer loop
      vertex -31.3418 -356.301 226.207
      vertex -38.6391 -349.004 225.532
      vertex -38.5099 -349.133 226.293
    endloop
  endfacet
  facet normal 0.707108 0.707106 -7.85046e-16
    outer loop
      vertex 59.3867 -447.029 377.284
      vertex 51.7541 -439.397 368.546
      vertex 51.0615 -438.704 369.531
    endloop
  endfacet
  facet normal 0.707107 0.707107 -7.85046e-16
    outer loop
      vertex 56.6035 -444.246 200.229
      vertex 56.407 -444.05 200.204
      vertex 53.068 -440.711 227.073
    endloop
  endfacet
  facet normal 0.707107 0.707107 -7.85046e-16
    outer loop
      vertex -31.3418 -356.301 226.207
      vertex -38.8508 -348.792 224.809
      vertex -38.6391 -349.004 225.532
    endloop
  endfacet
  facet normal 0.707106 0.707107 -7.85046e-16
    outer loop
      vertex -38.4665 -349.176 374.03
      vertex -30.7742 -356.868 367.679
      vertex -31.1165 -356.526 366.515
    endloop
  endfacet
  facet normal 0.707107 0.707107 -7.85046e-16
    outer loop
      vertex -20.8141 -366.829 376.497
      vertex -20.7567 -366.886 376.194
      vertex -28.2857 -359.357 371.177
    endloop
  endfacet
  facet normal 0.707106 0.707107 -7.85046e-16
    outer loop
      vertex 56.0378 -443.681 200.014
      vertex 47.7328 -435.375 221.841
      vertex 48.2722 -435.915 222.024
    endloop
  endfacet
  facet normal 0.707107 0.707107 -7.85046e-16
    outer loop
      vertex -18.2879 -369.355 376.81
      vertex 59.3867 -447.029 377.284
      vertex 47.4447 -435.087 371.42
    endloop
  endfacet
  facet normal 0.707106 0.707107 -7.85046e-16
    outer loop
      vertex 59.3867 -447.029 377.284
      vertex 52.3157 -439.958 367.406
      vertex 51.7541 -439.397 368.546
    endloop
  endfacet
  facet normal 0.707107 0.707106 -7.85046e-16
    outer loop
      vertex 59.3867 -447.029 377.284
      vertex 52.9827 -440.625 364.804
      vertex 52.7294 -440.372 366.146
    endloop
  endfacet
  facet normal 0.707107 0.707107 -7.85046e-16
    outer loop
      vertex 53.068 -440.711 227.073
      vertex 59.3867 -447.029 377.284
      vertex 56.6035 -444.246 200.229
    endloop
  endfacet
  facet normal 0.707107 0.707106 -7.85046e-16
    outer loop
      vertex -31.3418 -356.301 226.207
      vertex -39.14 -348.503 224.142
      vertex -38.8508 -348.792 224.809
    endloop
  endfacet
  facet normal 0.707106 0.707108 -7.85046e-16
    outer loop
      vertex -38.4665 -349.176 374.03
      vertex -30.3071 -357.336 368.752
      vertex -30.7742 -356.868 367.679
    endloop
  endfacet
  facet normal 0.707107 0.707106 -7.85046e-16
    outer loop
      vertex -38.4665 -349.176 374.03
      vertex -29.0472 -358.595 370.523
      vertex -29.7267 -357.916 369.708
    endloop
  endfacet
  facet normal 0.707107 0.707107 -7.85046e-16
    outer loop
      vertex -28.2857 -359.357 371.177
      vertex -38.4665 -349.176 374.03
      vertex -20.8141 -366.829 376.497
    endloop
  endfacet
  facet normal 0.707106 0.707107 -7.85046e-16
    outer loop
      vertex 56.0378 -443.681 200.014
      vertex 47.2202 -434.863 221.541
      vertex 47.7328 -435.375 221.841
    endloop
  endfacet
  facet normal 0.70711 0.707104 -7.85046e-16
    outer loop
      vertex 56.407 -444.05 200.204
      vertex 52.6836 -440.326 224.809
      vertex 52.8954 -440.538 225.532
    endloop
  endfacet
  facet normal 0.707107 0.707107 -7.85046e-16
    outer loop
      vertex 56.407 -444.05 200.204
      vertex 51.6142 -439.257 223.038
      vertex 52.035 -439.678 223.547
    endloop
  endfacet
  facet normal 0.707104 0.707109 -7.85046e-16
    outer loop
      vertex 58.8252 -446.468 378.423
      vertex 56.4415 -444.084 380.802
      vertex 57.33 -444.973 380.21
    endloop
  endfacet
  facet normal 0.707106 0.707108 -7.85046e-16
    outer loop
      vertex 58.8252 -446.468 378.423
      vertex 54.5158 -442.158 381.297
      vertex 55.4939 -443.137 381.168
    endloop
  endfacet
  facet normal 0.707105 0.707108 -7.85046e-16
    outer loop
      vertex 59.3867 -447.029 377.284
      vertex 48.4228 -436.065 371.291
      vertex 47.4447 -435.087 371.42
    endloop
  endfacet
  facet normal 0.707106 0.707107 -7.85046e-16
    outer loop
      vertex 59.3867 -447.029 377.284
      vertex 50.2589 -437.902 370.332
      vertex 49.3704 -437.013 370.925
    endloop
  endfacet
  facet normal 0.707107 0.707107 -7.85046e-16
    outer loop
      vertex 52.7294 -440.372 366.146
      vertex 52.3157 -439.958 367.406
      vertex 59.3867 -447.029 377.284
    endloop
  endfacet
  facet normal 0.707107 0.707107 -7.85046e-16
    outer loop
      vertex 53.068 -440.711 227.073
      vertex 53.068 -440.711 363.42
      vertex 59.3867 -447.029 377.284
    endloop
  endfacet
  facet normal 0.707107 0.707107 -7.85046e-16
    outer loop
      vertex 59.3867 -447.029 377.284
      vertex 60.139 -447.782 373.297
      vertex 60.139 -447.782 227.073
    endloop
  endfacet
  facet normal 0.707102 0.707111 -7.85046e-16
    outer loop
      vertex 62.0646 -449.707 222.629
      vertex 62.5759 -450.219 222.33
      vertex 56.9904 -444.633 200.132
    endloop
  endfacet
  facet normal 0.707104 0.70711 -7.85046e-16
    outer loop
      vertex 57.1692 -444.812 200.014
      vertex 64.3817 -452.024 222.086
      vertex 64.9956 -452.638 222.01
    endloop
  endfacet
  facet normal 0.707107 0.707107 -7.85046e-16
    outer loop
      vertex -42.5808 -345.062 222.086
      vertex -44.4127 -343.23 221.392
      vertex -43.8339 -343.809 221.773
    endloop
  endfacet
  facet normal 0.707107 0.707106 -7.85046e-16
    outer loop
      vertex -31.1827 -356.46 225.367
      vertex -39.4994 -348.143 223.547
      vertex -39.14 -348.503 224.142
    endloop
  endfacet
  facet normal 0.707071 0.707142 -7.85046e-16
    outer loop
      vertex -31.1827 -356.46 225.367
      vertex -41.4414 -346.201 222.147
      vertex -40.9033 -346.739 222.33
    endloop
  endfacet
  facet normal 0.707104 0.707109 -7.85046e-16
    outer loop
      vertex -20.7567 -366.886 376.194
      vertex -26.5936 -361.049 371.942
      vertex -27.461 -360.182 371.654
    endloop
  endfacet
  facet normal 0.707107 0.707107 -7.85046e-16
    outer loop
      vertex -20.7567 -366.886 376.194
      vertex -20.663 -366.98 375.91
      vertex -25.705 -361.938 372.034
    endloop
  endfacet
  facet normal 0.707107 0.707107 -7.85046e-16
    outer loop
      vertex -31.1165 -356.526 366.515
      vertex -31.3252 -356.317 365.29
      vertex -38.4665 -349.176 374.03
    endloop
  endfacet
  facet normal 0.707107 0.707107 -7.85046e-16
    outer loop
      vertex -28.2857 -359.357 371.177
      vertex -29.0472 -358.595 370.523
      vertex -38.4665 -349.176 374.03
    endloop
  endfacet
  facet normal 0.707111 0.707102 -7.85046e-16
    outer loop
      vertex 48.2722 -435.915 222.024
      vertex 48.8253 -436.468 222.086
      vertex 56.0378 -443.681 200.014
    endloop
  endfacet
  facet normal 0.707087 0.707126 -7.85046e-16
    outer loop
      vertex 52.8954 -440.538 225.532
      vertex 53.0245 -440.667 226.293
      vertex 56.407 -444.05 200.204
    endloop
  endfacet
  facet normal 0.707107 0.707107 -7.85046e-16
    outer loop
      vertex 52.035 -439.678 223.547
      vertex 52.3944 -440.037 224.142
      vertex 56.407 -444.05 200.204
    endloop
  endfacet
  facet normal 0.707109 0.707105 -7.85046e-16
    outer loop
      vertex 51.1424 -438.785 222.629
      vertex 56.407 -444.05 200.204
      vertex 56.2165 -443.859 200.132
    endloop
  endfacet
  facet normal 0.707107 0.707107 -7.85046e-16
    outer loop
      vertex 55.4939 -443.137 381.168
      vertex 56.4415 -444.084 380.802
      vertex 58.8252 -446.468 378.423
    endloop
  endfacet
  facet normal 0.707108 0.707105 -7.85046e-16
    outer loop
      vertex 49.3704 -437.013 370.925
      vertex 48.4228 -436.065 371.291
      vertex 59.3867 -447.029 377.284
    endloop
  endfacet
  facet normal 0.707107 0.707107 -7.85046e-16
    outer loop
      vertex 53.068 -440.711 363.42
      vertex 52.9827 -440.625 364.804
      vertex 59.3867 -447.029 377.284
    endloop
  endfacet
  facet normal 0.707107 0.707107 -7.85046e-16
    outer loop
      vertex 60.139 -447.782 227.073
      vertex 56.6035 -444.246 200.229
      vertex 59.3867 -447.029 377.284
    endloop
  endfacet
  facet normal 0.707117 0.707096 -7.85046e-16
    outer loop
      vertex 60.139 -447.782 373.297
      vertex 59.3867 -447.029 377.284
      vertex 59.8004 -447.443 376.024
    endloop
  endfacet
  facet normal 0.707108 0.707106 -7.85046e-16
    outer loop
      vertex 56.8 -444.443 200.204
      vertex 61.5928 -449.235 223.038
      vertex 62.0646 -449.707 222.629
    endloop
  endfacet
  facet normal 0.707111 0.707103 -7.85046e-16
    outer loop
      vertex 64.9956 -452.638 222.01
      vertex 65.5909 -453.234 221.784
      vertex 57.1692 -444.812 200.014
    endloop
  endfacet
  facet normal 0.707104 0.707109 -7.85046e-16
    outer loop
      vertex -43.8339 -343.809 221.773
      vertex -43.217 -344.426 222.007
      vertex -42.5808 -345.062 222.086
    endloop
  endfacet
  facet normal 0.707106 0.707107 -7.85046e-16
    outer loop
      vertex -31.1827 -356.46 225.367
      vertex -39.9202 -347.722 223.038
      vertex -39.4994 -348.143 223.547
    endloop
  endfacet
  facet normal 0.707107 0.707107 -7.85046e-16
    outer loop
      vertex -40.9033 -346.739 222.33
      vertex -40.3921 -347.251 222.629
      vertex -31.1827 -356.46 225.367
    endloop
  endfacet
  facet normal 0.70711 0.707104 -7.85046e-16
    outer loop
      vertex -40.3921 -347.251 222.629
      vertex -39.9202 -347.722 223.038
      vertex -31.1827 -356.46 225.367
    endloop
  endfacet
  facet normal 0.707107 0.707107 -7.85046e-16
    outer loop
      vertex -25.705 -361.938 372.034
      vertex -26.5936 -361.049 371.942
      vertex -20.7567 -366.886 376.194
    endloop
  endfacet
  facet normal 0.707107 0.707107 -7.85046e-16
    outer loop
      vertex -29.7267 -357.916 369.708
      vertex -30.3071 -357.336 368.752
      vertex -38.4665 -349.176 374.03
    endloop
  endfacet
  facet normal 0.707107 0.707107 -7.85046e-16
    outer loop
      vertex 56.0378 -443.681 200.014
      vertex 55.8763 -443.519 199.854
      vertex 45.3333 -432.976 217.868
    endloop
  endfacet
  facet normal 0.707106 0.707107 -7.85046e-16
    outer loop
      vertex 56.0378 -443.681 200.014
      vertex 50.093 -437.736 222.147
      vertex 50.6311 -438.274 222.33
    endloop
  endfacet
  facet normal 0.707107 0.707107 -7.85046e-16
    outer loop
      vertex 48.8253 -436.468 222.086
      vertex 49.5413 -437.184 222.086
      vertex 56.0378 -443.681 200.014
    endloop
  endfacet
  facet normal 0.707107 0.707107 -7.85046e-16
    outer loop
      vertex 52.3944 -440.037 224.142
      vertex 52.6836 -440.326 224.809
      vertex 56.407 -444.05 200.204
    endloop
  endfacet
  facet normal 0.70711 0.707104 -7.85046e-16
    outer loop
      vertex 56.2165 -443.859 200.132
      vertex 50.6311 -438.274 222.33
      vertex 51.1424 -438.785 222.629
    endloop
  endfacet
  facet normal 0.707122 0.707091 -7.85046e-16
    outer loop
      vertex 57.33 -444.973 380.21
      vertex 58.1326 -445.775 379.409
      vertex 58.8252 -446.468 378.423
    endloop
  endfacet
  facet normal 0.707107 0.707107 -7.85046e-16
    outer loop
      vertex -18.2879 -369.355 376.81
      vertex -18.3073 -369.335 377.122
      vertex 54.5158 -442.158 381.297
    endloop
  endfacet
  facet normal 0.707107 0.707107 -7.85046e-16
    outer loop
      vertex 51.0615 -438.704 369.531
      vertex 50.2589 -437.902 370.332
      vertex 59.3867 -447.029 377.284
    endloop
  endfacet
  facet normal 0.707107 0.707107 -7.85046e-16
    outer loop
      vertex 59.8004 -447.443 376.024
      vertex 60.0537 -447.696 374.681
      vertex 60.139 -447.782 373.297
    endloop
  endfacet
  facet normal 0.707107 0.707107 -7.85046e-16
    outer loop
      vertex 56.8 -444.443 200.204
      vertex 61.172 -448.815 223.547
      vertex 61.5928 -449.235 223.038
    endloop
  endfacet
  facet normal 0.707105 0.707108 -7.85046e-16
    outer loop
      vertex 56.8 -444.443 200.204
      vertex 60.5234 -448.166 224.809
      vertex 60.8126 -448.455 224.142
    endloop
  endfacet
  facet normal 0.707119 0.707095 -7.85046e-16
    outer loop
      vertex 56.8 -444.443 200.204
      vertex 60.1824 -447.825 226.293
      vertex 60.3116 -447.954 225.532
    endloop
  endfacet
  facet normal 0.707107 0.707107 -7.85046e-16
    outer loop
      vertex 57.1692 -444.812 200.014
      vertex 63.6657 -451.308 222.086
      vertex 64.3817 -452.024 222.086
    endloop
  endfacet
  facet normal 0.707103 0.707111 -7.85046e-16
    outer loop
      vertex -34.3652 -353.277 200.014
      vertex -27.0912 -360.551 222.086
      vertex -26.488 -361.155 222.011
    endloop
  endfacet
  facet normal 0.707103 0.707111 -7.85046e-16
    outer loop
      vertex -28.4811 -359.162 222.162
      vertex -34.3652 -353.277 200.014
      vertex -34.544 -353.099 200.132
    endloop
  endfacet
  facet normal 0.707107 0.707107 -7.85046e-16
    outer loop
      vertex -35.4966 -352.146 200.014
      vertex -44.4127 -343.23 221.392
      vertex -30.5703 -357.072 223.867
    endloop
  endfacet
  facet normal 0.707097 0.707117 -7.85046e-16
    outer loop
      vertex -30.9229 -356.72 224.58
      vertex -44.4127 -343.23 221.392
      vertex -41.4414 -346.201 222.147
    endloop
  endfacet
  facet normal 0.707107 0.707107 -7.85046e-16
    outer loop
      vertex -42.5808 -345.062 222.086
      vertex -41.9931 -345.65 222.086
      vertex -44.4127 -343.23 221.392
    endloop
  endfacet
  facet normal 0.707107 0.707106 -7.85046e-16
    outer loop
      vertex -31.3954 -356.247 227.073
      vertex -31.3418 -356.301 226.207
      vertex -38.5099 -349.133 226.293
    endloop
  endfacet
  facet normal 0.707109 0.707104 -7.85046e-16
    outer loop
      vertex 56.0378 -443.681 200.014
      vertex 45.6751 -433.318 219.356
      vertex 45.965 -433.608 220.025
    endloop
  endfacet
  facet normal 0.707107 0.707107 -7.85046e-16
    outer loop
      vertex 45.3333 -432.976 217.868
      vertex 45.4628 -433.106 218.631
      vertex 56.0378 -443.681 200.014
    endloop
  endfacet
  facet normal 0.707107 0.707107 -7.85046e-16
    outer loop
      vertex 49.5413 -437.184 222.086
      vertex 50.093 -437.736 222.147
      vertex 56.0378 -443.681 200.014
    endloop
  endfacet
  facet normal 0.707107 0.707107 -7.85046e-16
    outer loop
      vertex 51.1424 -438.785 222.629
      vertex 51.6142 -439.257 223.038
      vertex 56.407 -444.05 200.204
    endloop
  endfacet
  facet normal 0.707107 0.707107 -7.85046e-16
    outer loop
      vertex 54.5158 -442.158 381.297
      vertex 59.3867 -447.029 377.284
      vertex -18.2879 -369.355 376.81
    endloop
  endfacet
  facet normal 0.7071 0.707114 -7.85046e-16
    outer loop
      vertex 60.139 -447.782 227.073
      vertex 56.8 -444.443 200.204
      vertex 56.6035 -444.246 200.229
    endloop
  endfacet
  facet normal 0.707107 0.707107 -7.85046e-16
    outer loop
      vertex 60.8126 -448.455 224.142
      vertex 61.172 -448.815 223.547
      vertex 56.8 -444.443 200.204
    endloop
  endfacet
  facet normal 0.707102 0.707112 -7.85046e-16
    outer loop
      vertex 56.8 -444.443 200.204
      vertex 60.139 -447.782 227.073
      vertex 60.1824 -447.825 226.293
    endloop
  endfacet
  facet normal 0.707108 0.707106 -7.85046e-16
    outer loop
      vertex 57.1692 -444.812 200.014
      vertex 63.114 -450.757 222.147
      vertex 63.6657 -451.308 222.086
    endloop
  endfacet
  facet normal 0.707119 0.707094 -7.85046e-16
    outer loop
      vertex 57.1692 -444.812 200.014
      vertex 56.9904 -444.633 200.132
      vertex 62.5759 -450.219 222.33
    endloop
  endfacet
  facet normal 0.707108 0.707106 -7.85046e-16
    outer loop
      vertex 57.1692 -444.812 200.014
      vertex 67.704 -455.347 218.796
      vertex 67.8635 -455.506 217.954
    endloop
  endfacet
  facet normal 0.707108 0.707105 -7.85046e-16
    outer loop
      vertex 57.1692 -444.812 200.014
      vertex 66.1494 -453.792 221.416
      vertex 66.6543 -454.297 220.916
    endloop
  endfacet
  facet normal 0.707111 0.707103 -7.85046e-16
    outer loop
      vertex -26.488 -361.155 222.011
      vertex -25.903 -361.74 221.79
      vertex -34.3652 -353.277 200.014
    endloop
  endfacet
  facet normal 0.707094 0.707119 -7.85046e-16
    outer loop
      vertex -29.6321 -358.011 222.754
      vertex -35.1274 -352.515 200.204
      vertex -35.3179 -352.325 200.132
    endloop
  endfacet
  facet normal 0.707099 0.707115 -7.85046e-16
    outer loop
      vertex -29.6321 -358.011 222.754
      vertex -34.7345 -352.908 200.204
      vertex -34.9309 -352.712 200.229
    endloop
  endfacet
  facet normal 0.707108 0.707105 -7.85046e-16
    outer loop
      vertex -34.544 -353.099 200.132
      vertex -29.0749 -358.568 222.387
      vertex -28.4811 -359.162 222.162
    endloop
  endfacet
  facet normal 0.707107 0.707107 -7.85046e-16
    outer loop
      vertex -30.5703 -357.072 223.867
      vertex -30.1356 -357.507 223.253
      vertex -35.4966 -352.146 200.014
    endloop
  endfacet
  facet normal 0.707107 0.707107 -7.85046e-16
    outer loop
      vertex -41.9931 -345.65 222.086
      vertex -41.4414 -346.201 222.147
      vertex -44.4127 -343.23 221.392
    endloop
  endfacet
  facet normal 0.707107 0.707107 -7.85046e-16
    outer loop
      vertex -27.461 -360.182 371.654
      vertex -28.2857 -359.357 371.177
      vertex -20.7567 -366.886 376.194
    endloop
  endfacet
  facet normal 0.707108 0.707105 -7.85046e-16
    outer loop
      vertex 56.0378 -443.681 200.014
      vertex 46.3253 -433.968 220.621
      vertex 46.7472 -434.39 221.131
    endloop
  endfacet
  facet normal 0.707107 0.707107 -7.85046e-16
    outer loop
      vertex 45.4628 -433.106 218.631
      vertex 45.6751 -433.318 219.356
      vertex 56.0378 -443.681 200.014
    endloop
  endfacet
  facet normal 0.707107 0.707107 -7.85046e-16
    outer loop
      vertex 54.5158 -442.158 381.297
      vertex -18.9243 -368.718 378.368
      vertex -19.1254 -368.517 378.501
    endloop
  endfacet
  facet normal 0.707106 0.707107 -7.85046e-16
    outer loop
      vertex 54.5158 -442.158 381.297
      vertex -18.4584 -369.184 377.71
      vertex -18.5857 -369.057 377.967
    endloop
  endfacet
  facet normal 0.707106 0.707107 -7.85046e-16
    outer loop
      vertex 54.5158 -442.158 381.297
      vertex -18.3073 -369.335 377.122
      vertex -18.3647 -369.278 377.425
    endloop
  endfacet
  facet normal 0.707107 0.707107 -7.85046e-16
    outer loop
      vertex 53.0245 -440.667 226.293
      vertex 53.068 -440.711 227.073
      vertex 56.407 -444.05 200.204
    endloop
  endfacet
  facet normal 0.707107 0.707106 -7.85046e-16
    outer loop
      vertex 47.4447 -435.087 371.42
      vertex -18.3073 -369.335 376.497
      vertex -18.2879 -369.355 376.81
    endloop
  endfacet
  facet normal 0.707107 0.707107 -7.85046e-16
    outer loop
      vertex 60.3116 -447.954 225.532
      vertex 60.5234 -448.166 224.809
      vertex 56.8 -444.443 200.204
    endloop
  endfacet
  facet normal 0.707107 0.707107 -7.85046e-16
    outer loop
      vertex 62.5759 -450.219 222.33
      vertex 63.114 -450.757 222.147
      vertex 57.1692 -444.812 200.014
    endloop
  endfacet
  facet normal 0.707108 0.707106 -7.85046e-16
    outer loop
      vertex 47.4447 -435.087 371.42
      vertex -19.3397 -368.303 375.037
      vertex -19.1254 -368.517 375.118
    endloop
  endfacet
  facet normal 0.707109 0.707105 -7.85046e-16
    outer loop
      vertex 57.1692 -444.812 200.014
      vertex 67.4435 -455.086 219.586
      vertex 67.704 -455.347 218.796
    endloop
  endfacet
  facet normal 0.707107 0.707107 -7.85046e-16
    outer loop
      vertex 66.6543 -454.297 220.916
      vertex 67.09 -454.733 220.3
      vertex 57.1692 -444.812 200.014
    endloop
  endfacet
  facet normal 0.707101 0.707113 -7.85046e-16
    outer loop
      vertex 67.9172 -455.56 189.254
      vertex 57.7349 -445.378 198.629
      vertex 57.7177 -445.36 198.907
    endloop
  endfacet
  facet normal 0.707108 0.707106 -7.85046e-16
    outer loop
      vertex -35.4966 -352.146 200.014
      vertex -45.7538 -341.889 219.495
      vertex -45.3875 -342.255 220.235
    endloop
  endfacet
  facet normal 0.707107 0.707107 -7.85046e-16
    outer loop
      vertex -35.4966 -352.146 200.014
      vertex -35.6582 -351.985 199.854
      vertex -46.189 -341.454 217.804
    endloop
  endfacet
  facet normal 0.707107 0.707107 -7.85046e-16
    outer loop
      vertex -34.3652 -353.277 200.014
      vertex -27.8687 -359.774 222.086
      vertex -27.0912 -360.551 222.086
    endloop
  endfacet
  facet normal 0.70712 0.707093 -7.85046e-16
    outer loop
      vertex -34.9309 -352.712 200.229
      vertex -35.1274 -352.515 200.204
      vertex -29.6321 -358.011 222.754
    endloop
  endfacet
  facet normal 0.707108 0.707106 -7.85046e-16
    outer loop
      vertex -34.7345 -352.908 200.204
      vertex -29.6321 -358.011 222.754
      vertex -29.0749 -358.568 222.387
    endloop
  endfacet
  facet normal 0.707107 0.707107 -7.85046e-16
    outer loop
      vertex -44.4127 -343.23 221.392
      vertex -30.9229 -356.72 224.58
      vertex -30.5703 -357.072 223.867
    endloop
  endfacet
  facet normal 0.707106 0.707107 -7.85046e-16
    outer loop
      vertex -39.14 -348.503 224.142
      vertex -31.3418 -356.301 226.207
      vertex -31.1827 -356.46 225.367
    endloop
  endfacet
  facet normal 0.707106 0.707107 -7.85046e-16
    outer loop
      vertex -34.3652 -353.277 200.014
      vertex -24.43 -363.213 220.331
      vertex -24.0826 -363.56 219.629
    endloop
  endfacet
  facet normal 0.707105 0.707109 -7.85046e-16
    outer loop
      vertex -34.3652 -353.277 200.014
      vertex -25.3542 -362.288 221.428
      vertex -24.8582 -362.785 220.936
    endloop
  endfacet
  facet normal 0.707107 0.707107 -7.85046e-16
    outer loop
      vertex 55.8763 -443.519 199.854
      vertex 55.7368 -443.38 199.657
      vertex 45.2898 -432.932 217.086
    endloop
  endfacet
  facet normal 0.707107 0.707107 -7.85046e-16
    outer loop
      vertex 45.965 -433.608 220.025
      vertex 46.3253 -433.968 220.621
      vertex 56.0378 -443.681 200.014
    endloop
  endfacet
  facet normal 0.707107 0.707106 -7.85046e-16
    outer loop
      vertex 54.5158 -442.158 381.297
      vertex -18.7426 -368.9 378.188
      vertex -18.9243 -368.718 378.368
    endloop
  endfacet
  facet normal 0.707107 0.707107 -7.85046e-16
    outer loop
      vertex -19.1254 -368.517 378.501
      vertex -19.3397 -368.303 378.582
      vertex 54.5158 -442.158 381.297
    endloop
  endfacet
  facet normal 0.707107 0.707107 -7.85046e-16
    outer loop
      vertex -18.3647 -369.278 377.425
      vertex -18.4584 -369.184 377.71
      vertex 54.5158 -442.158 381.297
    endloop
  endfacet
  facet normal 0.707111 0.707102 -7.85046e-16
    outer loop
      vertex 58.8252 -446.468 378.423
      vertex 59.3867 -447.029 377.284
      vertex 54.5158 -442.158 381.297
    endloop
  endfacet
  facet normal 0.707103 0.707111 -7.85046e-16
    outer loop
      vertex 65.5909 -453.234 221.784
      vertex 66.1494 -453.792 221.416
      vertex 57.1692 -444.812 200.014
    endloop
  endfacet
  facet normal 0.707107 0.707106 -7.85046e-16
    outer loop
      vertex 47.4447 -435.087 371.42
      vertex -18.5857 -369.057 375.653
      vertex -18.4584 -369.184 375.91
    endloop
  endfacet
  facet normal 0.707105 0.707108 -7.85046e-16
    outer loop
      vertex -19.1254 -368.517 375.118
      vertex -18.9243 -368.718 375.251
      vertex 47.4447 -435.087 371.42
    endloop
  endfacet
  facet normal 0.707107 0.707107 -7.85046e-16
    outer loop
      vertex -18.9243 -368.718 375.251
      vertex -18.7426 -368.9 375.431
      vertex 47.4447 -435.087 371.42
    endloop
  endfacet
  facet normal 0.707103 0.707111 -7.85046e-16
    outer loop
      vertex 67.09 -454.733 220.3
      vertex 67.4435 -455.086 219.586
      vertex 57.1692 -444.812 200.014
    endloop
  endfacet
  facet normal 0.707105 0.707109 -7.85046e-16
    outer loop
      vertex 57.3307 -444.973 199.854
      vertex 67.8635 -455.506 217.954
      vertex 67.9172 -455.56 217.086
    endloop
  endfacet
  facet normal 0.707114 0.7071 -7.85046e-16
    outer loop
      vertex 67.9172 -455.56 217.086
      vertex 57.7177 -445.36 198.907
      vertex 57.6666 -445.309 199.176
    endloop
  endfacet
  facet normal 0.707111 0.707103 -7.85046e-16
    outer loop
      vertex 67.9172 -455.56 189.254
      vertex 57.7177 -445.36 198.351
      vertex 57.7349 -445.378 198.629
    endloop
  endfacet
  facet normal 0.707107 0.707107 -7.85046e-16
    outer loop
      vertex -45.3875 -342.255 220.235
      vertex -44.9359 -342.707 220.874
      vertex -35.4966 -352.146 200.014
    endloop
  endfacet
  facet normal 0.707107 0.707107 -7.85046e-16
    outer loop
      vertex -46.189 -341.454 217.804
      vertex -46.0237 -341.619 218.676
      vertex -35.4966 -352.146 200.014
    endloop
  endfacet
  facet normal 0.70711 0.707104 -7.85046e-16
    outer loop
      vertex -34.3652 -353.277 200.014
      vertex -28.4811 -359.162 222.162
      vertex -27.8687 -359.774 222.086
    endloop
  endfacet
  facet normal 0.707107 0.707107 -7.85046e-16
    outer loop
      vertex -34.544 -353.099 200.132
      vertex -34.7345 -352.908 200.204
      vertex -29.0749 -358.568 222.387
    endloop
  endfacet
  facet normal 0.707104 0.70711 -7.85046e-16
    outer loop
      vertex -25.705 -361.938 372.034
      vertex -20.663 -366.98 375.91
      vertex -20.5357 -367.107 375.653
    endloop
  endfacet
  facet normal 0.707107 0.707106 -7.85046e-16
    outer loop
      vertex -41.4414 -346.201 222.147
      vertex -31.1827 -356.46 225.367
      vertex -30.9229 -356.72 224.58
    endloop
  endfacet
  facet normal 0.707106 0.707107 -7.85046e-16
    outer loop
      vertex -34.3652 -353.277 200.014
      vertex -23.8267 -363.816 218.853
      vertex -23.67 -363.973 218.026
    endloop
  endfacet
  facet normal 0.707107 0.707107 -7.85046e-16
    outer loop
      vertex -24.8582 -362.785 220.936
      vertex -24.43 -363.213 220.331
      vertex -34.3652 -353.277 200.014
    endloop
  endfacet
  facet normal 0.707101 0.707113 -7.85046e-16
    outer loop
      vertex -23.6172 -364.025 189.254
      vertex -33.7996 -353.843 198.629
      vertex -33.8167 -353.826 198.907
    endloop
  endfacet
  facet normal 0.707107 0.707107 -7.85046e-16
    outer loop
      vertex -20.8141 -366.829 377.122
      vertex -33.6647 -353.978 381.938
      vertex -32.776 -354.867 382.03
    endloop
  endfacet
  facet normal 0.707118 0.707096 -7.85046e-16
    outer loop
      vertex 45.2898 -432.932 217.086
      vertex 55.6237 -443.266 199.429
      vertex 55.5404 -443.183 199.176
    endloop
  endfacet
  facet normal 0.707103 0.707111 -7.85046e-16
    outer loop
      vertex 46.7472 -434.39 221.131
      vertex 47.2202 -434.863 221.541
      vertex 56.0378 -443.681 200.014
    endloop
  endfacet
  facet normal 0.707107 0.707107 -7.85046e-16
    outer loop
      vertex -18.5857 -369.057 377.967
      vertex -18.7426 -368.9 378.188
      vertex 54.5158 -442.158 381.297
    endloop
  endfacet
  facet normal 0.707107 0.707107 -7.85046e-16
    outer loop
      vertex 56.9904 -444.633 200.132
      vertex 56.8 -444.443 200.204
      vertex 62.0646 -449.707 222.629
    endloop
  endfacet
  facet normal 0.707107 0.707107 -7.85046e-16
    outer loop
      vertex -18.4584 -369.184 375.91
      vertex -18.3647 -369.278 376.194
      vertex 47.4447 -435.087 371.42
    endloop
  endfacet
  facet normal 0.707107 0.707107 -7.85046e-16
    outer loop
      vertex -18.3647 -369.278 376.194
      vertex -18.3073 -369.335 376.497
      vertex 47.4447 -435.087 371.42
    endloop
  endfacet
  facet normal 0.707107 0.707107 -7.85046e-16
    outer loop
      vertex -18.7426 -368.9 375.431
      vertex -18.5857 -369.057 375.653
      vertex 47.4447 -435.087 371.42
    endloop
  endfacet
  facet normal 0.707101 0.707112 -7.85046e-16
    outer loop
      vertex 67.9172 -455.56 217.086
      vertex 57.4702 -445.113 199.657
      vertex 57.3307 -444.973 199.854
    endloop
  endfacet
  facet normal 0.707107 0.707107 -7.85046e-16
    outer loop
      vertex 57.7177 -445.36 198.907
      vertex 67.9172 -455.56 217.086
      vertex 67.9172 -455.56 189.254
    endloop
  endfacet
  facet normal 0.707102 0.707111 -7.85046e-16
    outer loop
      vertex 67.9172 -455.56 189.254
      vertex 57.5833 -445.226 197.829
      vertex 57.6666 -445.309 198.082
    endloop
  endfacet
  facet normal 0.707107 0.707107 -7.85046e-16
    outer loop
      vertex 67.9172 -455.56 189.254
      vertex 45.2898 -432.932 189.254
      vertex 56.6035 -444.246 197.029
    endloop
  endfacet
  facet normal 0.707107 0.707107 -7.85046e-16
    outer loop
      vertex -35.6582 -351.985 199.854
      vertex -35.7976 -351.845 199.657
      vertex -46.2446 -341.398 216.904
    endloop
  endfacet
  facet normal 0.707107 0.707107 -7.85046e-16
    outer loop
      vertex -46.0237 -341.619 218.676
      vertex -45.7538 -341.889 219.495
      vertex -35.4966 -352.146 200.014
    endloop
  endfacet
  facet normal 0.707105 0.707108 -7.85046e-16
    outer loop
      vertex -25.705 -361.938 372.034
      vertex -20.1971 -367.446 375.251
      vertex -19.996 -367.647 375.118
    endloop
  endfacet
  facet normal 0.707107 0.707107 -7.85046e-16
    outer loop
      vertex -35.3179 -352.325 200.132
      vertex -35.4966 -352.146 200.014
      vertex -29.6321 -358.011 222.754
    endloop
  endfacet
  facet normal 0.707107 0.707107 -7.85046e-16
    outer loop
      vertex -30.1356 -357.507 223.253
      vertex -29.6321 -358.011 222.754
      vertex -35.4966 -352.146 200.014
    endloop
  endfacet
  facet normal 0.707107 0.707107 -7.85046e-16
    outer loop
      vertex -24.0826 -363.56 219.629
      vertex -23.8267 -363.816 218.853
      vertex -34.3652 -353.277 200.014
    endloop
  endfacet
  facet normal 0.707109 0.707104 -7.85046e-16
    outer loop
      vertex -34.2037 -353.439 199.854
      vertex -23.67 -363.973 218.026
      vertex -23.6172 -364.025 217.173
    endloop
  endfacet
  facet normal 0.707111 0.707103 -7.85046e-16
    outer loop
      vertex -23.6172 -364.025 189.254
      vertex -33.8167 -353.826 198.351
      vertex -33.7996 -353.843 198.629
    endloop
  endfacet
  facet normal 0.707108 0.707105 -7.85046e-16
    outer loop
      vertex -46.2446 -341.398 189.254
      vertex -35.1274 -352.515 197.053
      vertex -34.9309 -352.712 197.029
    endloop
  endfacet
  facet normal 0.707107 0.707106 -7.85046e-16
    outer loop
      vertex -20.8141 -366.829 377.122
      vertex -34.5321 -353.111 381.65
      vertex -33.6647 -353.978 381.938
    endloop
  endfacet
  facet normal 0.707106 0.707107 -7.85046e-16
    outer loop
      vertex -20.8141 -366.829 377.122
      vertex -36.1183 -351.524 380.519
      vertex -35.3568 -352.286 381.173
    endloop
  endfacet
  facet normal 0.707107 0.707107 -7.85046e-16
    outer loop
      vertex 55.5404 -443.183 199.176
      vertex 55.4893 -443.132 198.907
      vertex 45.2898 -432.932 217.086
    endloop
  endfacet
  facet normal 0.707107 0.707107 -7.85046e-16
    outer loop
      vertex 45.2898 -432.932 217.086
      vertex 45.3333 -432.976 217.868
      vertex 55.8763 -443.519 199.854
    endloop
  endfacet
  facet normal 0.707098 0.707115 -7.85046e-16
    outer loop
      vertex 50.6311 -438.274 222.33
      vertex 56.2165 -443.859 200.132
      vertex 56.0378 -443.681 200.014
    endloop
  endfacet
  facet normal 0.707117 0.707096 -7.85046e-16
    outer loop
      vertex 67.9172 -455.56 217.086
      vertex 57.5833 -445.226 199.429
      vertex 57.4702 -445.113 199.657
    endloop
  endfacet
  facet normal 0.707107 0.707107 -7.85046e-16
    outer loop
      vertex 57.6666 -445.309 198.082
      vertex 57.7177 -445.36 198.351
      vertex 67.9172 -455.56 189.254
    endloop
  endfacet
  facet normal 0.7071 0.707114 -7.85046e-16
    outer loop
      vertex 67.9172 -455.56 189.254
      vertex 57.1692 -444.812 197.243
      vertex 57.3307 -444.973 197.403
    endloop
  endfacet
  facet normal 0.707113 0.7071 -7.85046e-16
    outer loop
      vertex 67.9172 -455.56 189.254
      vertex 56.8 -444.443 197.053
      vertex 56.9904 -444.633 197.125
    endloop
  endfacet
  facet normal 0.707108 0.707105 -7.85046e-16
    outer loop
      vertex 45.2898 -432.932 189.254
      vertex 56.407 -444.05 197.053
      vertex 56.6035 -444.246 197.029
    endloop
  endfacet
  facet normal 0.707107 0.707106 -7.85046e-16
    outer loop
      vertex 45.2898 -432.932 189.254
      vertex 55.7368 -443.38 197.6
      vertex 55.8763 -443.519 197.403
    endloop
  endfacet
  facet normal 0.707108 0.707105 -7.85046e-16
    outer loop
      vertex 45.2898 -432.932 189.254
      vertex 55.4893 -443.132 198.351
      vertex 55.5404 -443.183 198.082
    endloop
  endfacet
  facet normal 0.707107 0.707107 -7.85046e-16
    outer loop
      vertex 45.2898 -432.932 189.254
      vertex 45.2898 -432.932 217.086
      vertex 55.4721 -443.115 198.629
    endloop
  endfacet
  facet normal 0.707107 0.707107 -7.85046e-16
    outer loop
      vertex -46.2446 -341.398 189.254
      vertex -46.2446 -341.398 216.904
      vertex -36.0451 -351.598 198.907
    endloop
  endfacet
  facet normal 0.70711 0.707104 -7.85046e-16
    outer loop
      vertex -46.2446 -341.398 216.904
      vertex -35.7976 -351.845 199.657
      vertex -35.9107 -351.732 199.429
    endloop
  endfacet
  facet normal 0.707107 0.707107 -7.85046e-16
    outer loop
      vertex -44.9359 -342.707 220.874
      vertex -44.4127 -343.23 221.392
      vertex -35.4966 -352.146 200.014
    endloop
  endfacet
  facet normal 0.707104 0.707109 -7.85046e-16
    outer loop
      vertex -25.705 -361.938 372.034
      vertex -20.3788 -367.264 375.431
      vertex -20.1971 -367.446 375.251
    endloop
  endfacet
  facet normal 0.707107 0.707107 -7.85046e-16
    outer loop
      vertex -20.5357 -367.107 375.653
      vertex -20.3788 -367.264 375.431
      vertex -25.705 -361.938 372.034
    endloop
  endfacet
  facet normal 0.707107 0.707107 -7.85046e-16
    outer loop
      vertex -20.8141 -366.829 376.497
      vertex -38.3963 -349.246 375.286
      vertex -38.1875 -349.455 376.511
    endloop
  endfacet
  facet normal 0.707101 0.707112 -7.85046e-16
    outer loop
      vertex -23.6172 -364.025 217.173
      vertex -34.0643 -353.578 199.657
      vertex -34.2037 -353.439 199.854
    endloop
  endfacet
  facet normal 0.707096 0.707118 -7.85046e-16
    outer loop
      vertex -23.6172 -364.025 217.173
      vertex -33.8678 -353.775 199.176
      vertex -33.9511 -353.692 199.429
    endloop
  endfacet
  facet normal 0.707107 0.707107 -7.85046e-16
    outer loop
      vertex -33.8167 -353.826 198.907
      vertex -23.6172 -364.025 217.173
      vertex -23.6172 -364.025 189.254
    endloop
  endfacet
  facet normal 0.707113 0.7071 -7.85046e-16
    outer loop
      vertex -23.6172 -364.025 189.254
      vertex -34.7345 -352.908 197.053
      vertex -34.544 -353.099 197.125
    endloop
  endfacet
  facet normal 0.707107 0.707107 -7.85046e-16
    outer loop
      vertex -34.9309 -352.712 197.029
      vertex -23.6172 -364.025 189.254
      vertex -46.2446 -341.398 189.254
    endloop
  endfacet
  facet normal 0.707114 0.7071 -7.85046e-16
    outer loop
      vertex -46.2446 -341.398 189.254
      vertex -35.6582 -351.985 197.403
      vertex -35.4966 -352.146 197.243
    endloop
  endfacet
  facet normal 0.707107 0.707107 -7.85046e-16
    outer loop
      vertex -35.3568 -352.286 381.173
      vertex -34.5321 -353.111 381.65
      vertex -20.8141 -366.829 377.122
    endloop
  endfacet
  facet normal 0.707093 0.70712 -7.85046e-16
    outer loop
      vertex 55.7368 -443.38 199.657
      vertex 55.6237 -443.266 199.429
      vertex 45.2898 -432.932 217.086
    endloop
  endfacet
  facet normal 0.707093 0.707121 -7.85046e-16
    outer loop
      vertex 57.6666 -445.309 199.176
      vertex 57.5833 -445.226 199.429
      vertex 67.9172 -455.56 217.086
    endloop
  endfacet
  facet normal 0.707107 0.707107 -7.85046e-16
    outer loop
      vertex 57.3307 -444.973 197.403
      vertex 57.4702 -445.113 197.6
      vertex 67.9172 -455.56 189.254
    endloop
  endfacet
  facet normal 0.707107 0.707107 -7.85046e-16
    outer loop
      vertex 56.6035 -444.246 197.029
      vertex 56.8 -444.443 197.053
      vertex 67.9172 -455.56 189.254
    endloop
  endfacet
  facet normal 0.707103 0.707111 -7.85046e-16
    outer loop
      vertex 45.2898 -432.932 189.254
      vertex 56.0378 -443.681 197.243
      vertex 56.2165 -443.859 197.125
    endloop
  endfacet
  facet normal 0.7071 0.707113 -7.85046e-16
    outer loop
      vertex 45.2898 -432.932 189.254
      vertex 55.6237 -443.266 197.829
      vertex 55.7368 -443.38 197.6
    endloop
  endfacet
  facet normal 0.707107 0.707107 -7.85046e-16
    outer loop
      vertex 55.4721 -443.115 198.629
      vertex 55.4893 -443.132 198.351
      vertex 45.2898 -432.932 189.254
    endloop
  endfacet
  facet normal 0.7071 0.707114 -7.85046e-16
    outer loop
      vertex -46.2446 -341.398 216.904
      vertex -35.9941 -351.649 199.176
      vertex -36.0451 -351.598 198.907
    endloop
  endfacet
  facet normal 0.707101 0.707112 -7.85046e-16
    outer loop
      vertex -46.2446 -341.398 216.904
      vertex -46.189 -341.454 217.804
      vertex -35.6582 -351.985 199.854
    endloop
  endfacet
  facet normal 0.707107 0.707107 -7.85046e-16
    outer loop
      vertex -25.903 -361.74 221.79
      vertex -25.3542 -362.288 221.428
      vertex -34.3652 -353.277 200.014
    endloop
  endfacet
  facet normal 0.707107 0.707107 -7.85046e-16
    outer loop
      vertex -20.8141 -366.829 376.497
      vertex -38.4665 -349.176 374.03
      vertex -38.3963 -349.246 375.286
    endloop
  endfacet
  facet normal 0.70712 0.707093 -7.85046e-16
    outer loop
      vertex -33.9511 -353.692 199.429
      vertex -34.0643 -353.578 199.657
      vertex -23.6172 -364.025 217.173
    endloop
  endfacet
  facet normal 0.707105 0.707108 -7.85046e-16
    outer loop
      vertex -23.6172 -364.025 189.254
      vertex -33.8678 -353.775 198.082
      vertex -33.8167 -353.826 198.351
    endloop
  endfacet
  facet normal 0.707113 0.7071 -7.85046e-16
    outer loop
      vertex -23.6172 -364.025 189.254
      vertex -34.0643 -353.578 197.6
      vertex -33.9511 -353.692 197.829
    endloop
  endfacet
  facet normal 0.7071 0.707114 -7.85046e-16
    outer loop
      vertex -23.6172 -364.025 189.254
      vertex -34.3652 -353.277 197.243
      vertex -34.2037 -353.439 197.403
    endloop
  endfacet
  facet normal 0.707107 0.707107 -7.85046e-16
    outer loop
      vertex -34.9309 -352.712 197.029
      vertex -34.7345 -352.908 197.053
      vertex -23.6172 -364.025 189.254
    endloop
  endfacet
  facet normal 0.707107 0.707106 -7.85046e-16
    outer loop
      vertex -46.2446 -341.398 189.254
      vertex -35.7976 -351.845 197.6
      vertex -35.6582 -351.985 197.403
    endloop
  endfacet
  facet normal 0.707111 0.707102 -7.85046e-16
    outer loop
      vertex -46.2446 -341.398 189.254
      vertex -35.9941 -351.649 198.082
      vertex -35.9107 -351.732 197.829
    endloop
  endfacet
  facet normal 0.707107 0.707107 -7.85046e-16
    outer loop
      vertex -20.8335 -366.809 376.81
      vertex -36.7977 -350.845 379.704
      vertex -36.1183 -351.524 380.519
    endloop
  endfacet
  facet normal 0.707107 0.707107 -7.85046e-16
    outer loop
      vertex -20.8335 -366.809 376.81
      vertex -37.8453 -349.797 377.675
      vertex -37.3782 -350.264 378.748
    endloop
  endfacet
  facet normal 0.707106 0.707107 -7.85046e-16
    outer loop
      vertex -32.776 -354.867 382.03
      vertex -20.663 -366.98 377.71
      vertex -20.7567 -366.886 377.425
    endloop
  endfacet
  facet normal 0.707106 0.707107 -7.85046e-16
    outer loop
      vertex -32.776 -354.867 382.03
      vertex -20.3788 -367.264 378.188
      vertex -20.5357 -367.107 377.967
    endloop
  endfacet
  facet normal 0.707111 0.707102 -7.85046e-16
    outer loop
      vertex -32.776 -354.867 382.03
      vertex -19.7817 -367.861 378.582
      vertex -19.996 -367.647 378.501
    endloop
  endfacet
  facet normal 0.707116 0.707098 -7.85046e-16
    outer loop
      vertex 57.4702 -445.113 197.6
      vertex 57.5833 -445.226 197.829
      vertex 67.9172 -455.56 189.254
    endloop
  endfacet
  facet normal 0.707094 0.70712 -7.85046e-16
    outer loop
      vertex 56.2165 -443.859 197.125
      vertex 56.407 -444.05 197.053
      vertex 45.2898 -432.932 189.254
    endloop
  endfacet
  facet normal 0.707116 0.707098 -7.85046e-16
    outer loop
      vertex 55.5404 -443.183 198.082
      vertex 55.6237 -443.266 197.829
      vertex 45.2898 -432.932 189.254
    endloop
  endfacet
  facet normal 0.707107 0.707107 -7.85046e-16
    outer loop
      vertex -35.9107 -351.732 199.429
      vertex -35.9941 -351.649 199.176
      vertex -46.2446 -341.398 216.904
    endloop
  endfacet
  facet normal 0.707107 0.707107 -7.85046e-16
    outer loop
      vertex -38.1875 -349.455 376.511
      vertex -20.8335 -366.809 376.81
      vertex -20.8141 -366.829 376.497
    endloop
  endfacet
  facet normal 0.707107 0.707107 -7.85046e-16
    outer loop
      vertex -33.8167 -353.826 198.907
      vertex -33.8678 -353.775 199.176
      vertex -23.6172 -364.025 217.173
    endloop
  endfacet
  facet normal 0.707107 0.707107 -7.85046e-16
    outer loop
      vertex -34.2037 -353.439 197.403
      vertex -34.0643 -353.578 197.6
      vertex -23.6172 -364.025 189.254
    endloop
  endfacet
  facet normal 0.7071 0.707113 -7.85046e-16
    outer loop
      vertex -46.2446 -341.398 189.254
      vertex -35.3179 -352.325 197.125
      vertex -35.1274 -352.515 197.053
    endloop
  endfacet
  facet normal 0.707098 0.707116 -7.85046e-16
    outer loop
      vertex -35.9107 -351.732 197.829
      vertex -35.7976 -351.845 197.6
      vertex -46.2446 -341.398 189.254
    endloop
  endfacet
  facet normal 0.707107 0.707107 -7.85046e-16
    outer loop
      vertex -37.3782 -350.264 378.748
      vertex -36.7977 -350.845 379.704
      vertex -20.8335 -366.809 376.81
    endloop
  endfacet
  facet normal 0.707111 0.707103 -7.85046e-16
    outer loop
      vertex -20.5357 -367.107 377.967
      vertex -20.663 -366.98 377.71
      vertex -32.776 -354.867 382.03
    endloop
  endfacet
  facet normal 0.707101 0.707113 -7.85046e-16
    outer loop
      vertex -19.996 -367.647 378.501
      vertex -20.1971 -367.446 378.368
      vertex -32.776 -354.867 382.03
    endloop
  endfacet
  facet normal 0.707107 0.707106 -7.85046e-16
    outer loop
      vertex 67.8635 -455.506 217.954
      vertex 57.3307 -444.973 199.854
      vertex 57.1692 -444.812 200.014
    endloop
  endfacet
  facet normal 0.707116 0.707097 -7.85046e-16
    outer loop
      vertex 55.8763 -443.519 197.403
      vertex 56.0378 -443.681 197.243
      vertex 45.2898 -432.932 189.254
    endloop
  endfacet
  facet normal 0.707097 0.707116 -7.85046e-16
    outer loop
      vertex -25.705 -361.938 372.034
      vertex -19.5607 -368.082 375.01
      vertex -19.3397 -368.303 375.037
    endloop
  endfacet
  facet normal 0.707107 0.707107 -7.85046e-16
    outer loop
      vertex -19.996 -367.647 375.118
      vertex -19.7817 -367.861 375.037
      vertex -25.705 -361.938 372.034
    endloop
  endfacet
  facet normal 0.707098 0.707116 -7.85046e-16
    outer loop
      vertex -33.9511 -353.692 197.829
      vertex -33.8678 -353.775 198.082
      vertex -23.6172 -364.025 189.254
    endloop
  endfacet
  facet normal 0.707107 0.707107 -7.85046e-16
    outer loop
      vertex -35.4966 -352.146 197.243
      vertex -35.3179 -352.325 197.125
      vertex -46.2446 -341.398 189.254
    endloop
  endfacet
  facet normal 0.707103 0.707111 -7.85046e-16
    outer loop
      vertex -46.2446 -341.398 189.254
      vertex -36.0623 -351.58 198.629
      vertex -36.0451 -351.598 198.351
    endloop
  endfacet
  facet normal 0.707107 0.707107 -7.85046e-16
    outer loop
      vertex -20.8335 -366.809 376.81
      vertex -38.1875 -349.455 376.511
      vertex -37.8453 -349.797 377.675
    endloop
  endfacet
  facet normal 0.707107 0.707107 -7.85046e-16
    outer loop
      vertex -20.1971 -367.446 378.368
      vertex -20.3788 -367.264 378.188
      vertex -32.776 -354.867 382.03
    endloop
  endfacet
  facet normal 0.707108 0.707106 -7.85046e-16
    outer loop
      vertex 54.5158 -442.158 381.297
      vertex -19.3397 -368.303 378.582
      vertex -19.5607 -368.082 378.61
    endloop
  endfacet
  facet normal 0.707107 0.707107 -7.85046e-16
    outer loop
      vertex 56.9904 -444.633 197.125
      vertex 57.1692 -444.812 197.243
      vertex 67.9172 -455.56 189.254
    endloop
  endfacet
  facet normal 0.707112 0.707101 -7.85046e-16
    outer loop
      vertex -25.705 -361.938 372.034
      vertex -19.7817 -367.861 375.037
      vertex -19.5607 -368.082 375.01
    endloop
  endfacet
  facet normal 0.707107 0.707106 -7.85046e-16
    outer loop
      vertex -23.67 -363.973 218.026
      vertex -34.2037 -353.439 199.854
      vertex -34.3652 -353.277 200.014
    endloop
  endfacet
  facet normal 0.707107 0.707107 -7.85046e-16
    outer loop
      vertex -36.0451 -351.598 198.351
      vertex -35.9941 -351.649 198.082
      vertex -46.2446 -341.398 189.254
    endloop
  endfacet
  facet normal 0.707105 0.707109 -7.85046e-16
    outer loop
      vertex -32.776 -354.867 382.03
      vertex -20.7567 -366.886 377.425
      vertex -20.8141 -366.829 377.122
    endloop
  endfacet
  facet normal 0.707107 0.707107 -7.85046e-16
    outer loop
      vertex -19.5607 -368.082 378.61
      vertex -32.776 -354.867 382.03
      vertex 54.5158 -442.158 381.297
    endloop
  endfacet
  facet normal 0.707107 0.707107 -7.85046e-16
    outer loop
      vertex -19.3397 -368.303 375.037
      vertex 47.4447 -435.087 371.42
      vertex -25.705 -361.938 372.034
    endloop
  endfacet
  facet normal 0.707107 0.707107 -7.85046e-16
    outer loop
      vertex -34.544 -353.099 197.125
      vertex -34.3652 -353.277 197.243
      vertex -23.6172 -364.025 189.254
    endloop
  endfacet
  facet normal 0.707094 0.70712 -7.85046e-16
    outer loop
      vertex -19.5607 -368.082 378.61
      vertex -19.7817 -367.861 378.582
      vertex -32.776 -354.867 382.03
    endloop
  endfacet
  facet normal 0.707118 0.707096 -7.85046e-16
    outer loop
      vertex -36.0451 -351.598 198.907
      vertex -36.0623 -351.58 198.629
      vertex -46.2446 -341.398 189.254
    endloop
  endfacet
  facet normal 0.707107 0.707107 -7.85046e-16
    outer loop
      vertex 55.4893 -443.132 198.907
      vertex 55.4721 -443.115 198.629
      vertex 45.2898 -432.932 217.086
    endloop
  endfacet
  facet normal 0.707108 0.707105 -7.85046e-16
    outer loop
      vertex -36.1183 -351.524 380.519
      vertex -20.8141 -366.829 377.122
      vertex -20.8335 -366.809 376.81
    endloop
  endfacet
  facet normal -0.707107 -0.707107 7.85046e-16
    outer loop
      vertex -42.002 -352.712 227.073
      vertex -34.9309 -359.783 227.073
      vertex -34.9309 -359.783 364.034
    endloop
  endfacet
  facet normal -0.707107 -0.707107 7.85046e-16
    outer loop
      vertex -34.9309 -359.783 364.034
      vertex -42.002 -352.712 374.03
      vertex -42.002 -352.712 227.073
    endloop
  endfacet
  facet normal -0.707107 -0.707107 7.85046e-16
    outer loop
      vertex -42.002 -352.712 227.073
      vertex -42.0454 -352.668 226.293
      vertex -34.9309 -359.783 227.073
    endloop
  endfacet
  facet normal -0.707107 -0.707107 7.85046e-16
    outer loop
      vertex -42.0454 -352.668 226.293
      vertex -34.8774 -359.836 226.207
      vertex -34.9309 -359.783 227.073
    endloop
  endfacet
  facet normal -0.707107 -0.707106 7.85046e-16
    outer loop
      vertex -39.6538 -355.06 380.519
      vertex -31.8213 -362.892 371.177
      vertex -30.9966 -363.717 371.654
    endloop
  endfacet
  facet normal -0.707107 -0.707106 7.85046e-16
    outer loop
      vertex -33.2622 -361.452 369.708
      vertex -41.3809 -353.333 377.675
      vertex -41.7231 -352.991 376.511
    endloop
  endfacet
  facet normal -0.707105 -0.707108 7.85046e-16
    outer loop
      vertex -33.2622 -361.452 369.708
      vertex -40.3333 -354.38 379.704
      vertex -40.9137 -353.8 378.748
    endloop
  endfacet
  facet normal -0.707105 -0.707108 7.85046e-16
    outer loop
      vertex -33.8427 -360.871 368.752
      vertex -41.9318 -352.782 375.286
      vertex -42.002 -352.712 374.03
    endloop
  endfacet
  facet normal -0.70711 -0.707104 7.85046e-16
    outer loop
      vertex -34.9309 -359.783 364.034
      vertex -34.8608 -359.853 365.29
      vertex -42.002 -352.712 374.03
    endloop
  endfacet
  facet normal -0.707094 -0.70712 7.85046e-16
    outer loop
      vertex -30.9966 -363.717 371.654
      vertex -23.0962 -371.618 375.01
      vertex -23.3173 -371.396 375.037
    endloop
  endfacet
  facet normal -0.707107 -0.707107 7.85046e-16
    outer loop
      vertex -39.6538 -355.06 380.519
      vertex -40.3333 -354.38 379.704
      vertex -33.2622 -361.452 369.708
    endloop
  endfacet
  facet normal -0.707107 -0.707107 7.85046e-16
    outer loop
      vertex -40.9137 -353.8 378.748
      vertex -41.3809 -353.333 377.675
      vertex -33.2622 -361.452 369.708
    endloop
  endfacet
  facet normal -0.707108 -0.707106 7.85046e-16
    outer loop
      vertex -33.8427 -360.871 368.752
      vertex -41.7231 -352.991 376.511
      vertex -41.9318 -352.782 375.286
    endloop
  endfacet
  facet normal -0.707105 -0.707108 7.85046e-16
    outer loop
      vertex -42.002 -352.712 374.03
      vertex -34.8608 -359.853 365.29
      vertex -34.652 -360.062 366.515
    endloop
  endfacet
  facet normal -0.707107 -0.707106 7.85046e-16
    outer loop
      vertex -42.0454 -352.668 226.293
      vertex -42.1746 -352.539 225.532
      vertex -34.8774 -359.836 226.207
    endloop
  endfacet
  facet normal -0.707108 -0.707105 7.85046e-16
    outer loop
      vertex 53.6337 -448.347 200.014
      vertex 62.0554 -456.769 221.784
      vertex 61.4601 -456.174 222.01
    endloop
  endfacet
  facet normal -0.707113 -0.7071 7.85046e-16
    outer loop
      vertex 58.5291 -453.243 222.629
      vertex 53.2644 -447.978 200.204
      vertex 53.4549 -448.169 200.132
    endloop
  endfacet
  facet normal -0.707106 -0.707107 7.85046e-16
    outer loop
      vertex 53.068 -447.782 200.229
      vertex 55.8512 -450.565 377.284
      vertex 49.5324 -444.246 227.073
    endloop
  endfacet
  facet normal -0.707108 -0.707106 7.85046e-16
    outer loop
      vertex 55.8512 -450.565 377.284
      vertex 46.7234 -441.437 370.332
      vertex 47.526 -442.24 369.531
    endloop
  endfacet
  facet normal -0.707107 -0.707106 7.85046e-16
    outer loop
      vertex -39.6538 -355.06 380.519
      vertex -32.5828 -362.131 370.523
      vertex -31.8213 -362.892 371.177
    endloop
  endfacet
  facet normal -0.707106 -0.707108 7.85046e-16
    outer loop
      vertex -41.7231 -352.991 376.511
      vertex -33.8427 -360.871 368.752
      vertex -33.2622 -361.452 369.708
    endloop
  endfacet
  facet normal -0.707109 -0.707104 7.85046e-16
    outer loop
      vertex -34.652 -360.062 366.515
      vertex -34.3098 -360.404 367.679
      vertex -42.002 -352.712 374.03
    endloop
  endfacet
  facet normal -0.707107 -0.707107 7.85046e-16
    outer loop
      vertex -42.1746 -352.539 225.532
      vertex -42.3864 -352.327 224.809
      vertex -34.8774 -359.836 226.207
    endloop
  endfacet
  facet normal -0.707106 -0.707107 7.85046e-16
    outer loop
      vertex 53.6337 -448.347 200.014
      vertex 62.6139 -457.328 221.416
      vertex 62.0554 -456.769 221.784
    endloop
  endfacet
  facet normal -0.707104 -0.707109 7.85046e-16
    outer loop
      vertex 53.4549 -448.169 200.132
      vertex 59.0404 -453.754 222.33
      vertex 58.5291 -453.243 222.629
    endloop
  endfacet
  facet normal -0.707107 -0.707107 7.85046e-16
    outer loop
      vertex 55.8512 -450.565 377.284
      vertex 49.5324 -444.246 363.42
      vertex 49.5324 -444.246 227.073
    endloop
  endfacet
  facet normal -0.707105 -0.707108 7.85046e-16
    outer loop
      vertex 55.8512 -450.565 377.284
      vertex 48.7801 -443.494 367.406
      vertex 49.1938 -443.908 366.146
    endloop
  endfacet
  facet normal -0.707107 -0.707107 7.85046e-16
    outer loop
      vertex 47.526 -442.24 369.531
      vertex 48.2186 -442.932 368.546
      vertex 55.8512 -450.565 377.284
    endloop
  endfacet
  facet normal -0.707107 -0.707107 7.85046e-16
    outer loop
      vertex -21.8234 -372.89 376.81
      vertex -21.8428 -372.871 376.497
      vertex 43.9091 -438.623 371.42
    endloop
  endfacet
  facet normal -0.707103 -0.707111 7.85046e-16
    outer loop
      vertex 52.5023 -447.216 200.014
      vertex 45.2898 -440.004 222.086
      vertex 44.7367 -439.45 222.024
    endloop
  endfacet
  facet normal -0.707109 -0.707104 7.85046e-16
    outer loop
      vertex 52.5023 -447.216 200.014
      vertex 41.9273 -436.641 218.631
      vertex 41.7978 -436.512 217.868
    endloop
  endfacet
  facet normal -0.707107 -0.707107 7.85046e-16
    outer loop
      vertex -33.2622 -361.452 369.708
      vertex -32.5828 -362.131 370.523
      vertex -39.6538 -355.06 380.519
    endloop
  endfacet
  facet normal -0.707105 -0.707108 7.85046e-16
    outer loop
      vertex -42.3864 -352.327 224.809
      vertex -42.6755 -352.038 224.142
      vertex -34.8774 -359.836 226.207
    endloop
  endfacet
  facet normal -0.707104 -0.70711 7.85046e-16
    outer loop
      vertex -34.7182 -359.996 225.367
      vertex -43.4557 -351.258 223.038
      vertex -43.9276 -350.786 222.629
    endloop
  endfacet
  facet normal -0.707108 -0.707106 7.85046e-16
    outer loop
      vertex -34.7182 -359.996 225.367
      vertex -34.8774 -359.836 226.207
      vertex -42.6755 -352.038 224.142
    endloop
  endfacet
  facet normal -0.707107 -0.707107 7.85046e-16
    outer loop
      vertex -46.1163 -348.597 222.086
      vertex -46.7525 -347.961 222.007
      vertex -47.3694 -347.344 221.773
    endloop
  endfacet
  facet normal -0.707107 -0.707107 7.85046e-16
    outer loop
      vertex -32.0167 -362.697 222.162
      vertex -32.6105 -362.103 222.387
      vertex -38.0795 -356.634 200.132
    endloop
  endfacet
  facet normal -0.707106 -0.707107 7.85046e-16
    outer loop
      vertex -39.0322 -355.682 200.014
      vertex -49.5592 -345.155 218.676
      vertex -49.7245 -344.989 217.804
    endloop
  endfacet
  facet normal -0.707107 -0.707107 7.85046e-16
    outer loop
      vertex -39.0322 -355.682 200.014
      vertex -48.4714 -346.242 220.874
      vertex -48.923 -345.791 220.235
    endloop
  endfacet
  facet normal -0.707107 -0.707106 7.85046e-16
    outer loop
      vertex 43.9091 -438.623 371.42
      vertex -22.4598 -372.254 375.251
      vertex -22.6609 -372.053 375.118
    endloop
  endfacet
  facet normal -0.707107 -0.707107 7.85046e-16
    outer loop
      vertex 61.4601 -456.174 222.01
      vertex 60.8461 -455.56 222.086
      vertex 53.6337 -448.347 200.014
    endloop
  endfacet
  facet normal -0.707115 -0.707099 7.85046e-16
    outer loop
      vertex 53.2644 -447.978 200.204
      vertex 56.9879 -451.702 224.809
      vertex 56.7761 -451.49 225.532
    endloop
  endfacet
  facet normal -0.707106 -0.707108 7.85046e-16
    outer loop
      vertex 53.2644 -447.978 200.204
      vertex 57.6364 -452.35 223.547
      vertex 57.277 -451.991 224.142
    endloop
  endfacet
  facet normal -0.707107 -0.707107 7.85046e-16
    outer loop
      vertex 58.5291 -453.243 222.629
      vertex 58.0572 -452.771 223.038
      vertex 53.2644 -447.978 200.204
    endloop
  endfacet
  facet normal -0.707107 -0.707106 7.85046e-16
    outer loop
      vertex 55.8512 -450.565 377.284
      vertex 53.068 -447.782 200.229
      vertex 56.6035 -451.317 227.073
    endloop
  endfacet
  facet normal -0.707109 -0.707105 7.85046e-16
    outer loop
      vertex 55.8512 -450.565 377.284
      vertex 49.4471 -444.161 364.804
      vertex 49.5324 -444.246 363.42
    endloop
  endfacet
  facet normal -0.707107 -0.707107 7.85046e-16
    outer loop
      vertex 48.2186 -442.932 368.546
      vertex 48.7801 -443.494 367.406
      vertex 55.8512 -450.565 377.284
    endloop
  endfacet
  facet normal -0.707104 -0.707109 7.85046e-16
    outer loop
      vertex 55.8512 -450.565 377.284
      vertex 44.8873 -439.601 371.291
      vertex 45.8349 -440.549 370.925
    endloop
  endfacet
  facet normal -0.707107 -0.707107 7.85046e-16
    outer loop
      vertex 43.9091 -438.623 371.42
      vertex 55.8512 -450.565 377.284
      vertex -21.8234 -372.89 376.81
    endloop
  endfacet
  facet normal -0.707108 -0.707106 7.85046e-16
    outer loop
      vertex 52.8715 -447.585 200.204
      vertex 48.8589 -443.573 224.142
      vertex 48.4995 -443.213 223.547
    endloop
  endfacet
  facet normal -0.707118 -0.707095 7.85046e-16
    outer loop
      vertex 52.8715 -447.585 200.204
      vertex 49.5324 -444.246 227.073
      vertex 49.489 -444.203 226.293
    endloop
  endfacet
  facet normal -0.707107 -0.707107 7.85046e-16
    outer loop
      vertex 44.7367 -439.45 222.024
      vertex 44.1973 -438.911 221.841
      vertex 52.5023 -447.216 200.014
    endloop
  endfacet
  facet normal -0.707108 -0.707106 7.85046e-16
    outer loop
      vertex 52.5023 -447.216 200.014
      vertex 42.1396 -436.853 219.356
      vertex 41.9273 -436.641 218.631
    endloop
  endfacet
  facet normal -0.707107 -0.707106 7.85046e-16
    outer loop
      vertex 52.5023 -447.216 200.014
      vertex 42.7898 -437.504 220.621
      vertex 42.4295 -437.143 220.025
    endloop
  endfacet
  facet normal -0.707107 -0.707107 7.85046e-16
    outer loop
      vertex -24.3497 -370.364 377.122
      vertex -24.2923 -370.422 377.425
      vertex -36.3116 -358.402 382.03
    endloop
  endfacet
  facet normal -0.707105 -0.707109 7.85046e-16
    outer loop
      vertex -37.9008 -356.813 200.014
      vertex -27.9655 -366.748 220.331
      vertex -28.3937 -366.32 220.936
    endloop
  endfacet
  facet normal -0.70711 -0.707103 7.85046e-16
    outer loop
      vertex -37.9008 -356.813 200.014
      vertex -27.3623 -367.352 218.853
      vertex -27.6182 -367.096 219.629
    endloop
  endfacet
  facet normal -0.707106 -0.707107 7.85046e-16
    outer loop
      vertex -42.002 -352.712 374.03
      vertex -34.3098 -360.404 367.679
      vertex -33.8427 -360.871 368.752
    endloop
  endfacet
  facet normal -0.707107 -0.707107 7.85046e-16
    outer loop
      vertex -43.9276 -350.786 222.629
      vertex -44.4389 -350.275 222.33
      vertex -34.7182 -359.996 225.367
    endloop
  endfacet
  facet normal -0.707107 -0.707107 7.85046e-16
    outer loop
      vertex -42.6755 -352.038 224.142
      vertex -43.0349 -351.679 223.547
      vertex -34.7182 -359.996 225.367
    endloop
  endfacet
  facet normal -0.707107 -0.707107 7.85046e-16
    outer loop
      vertex -47.9482 -346.766 221.392
      vertex -45.5287 -349.185 222.086
      vertex -46.1163 -348.597 222.086
    endloop
  endfacet
  facet normal -0.707113 -0.7071 7.85046e-16
    outer loop
      vertex -32.6105 -362.103 222.387
      vertex -38.27 -356.444 200.204
      vertex -38.0795 -356.634 200.132
    endloop
  endfacet
  facet normal -0.707107 -0.707106 7.85046e-16
    outer loop
      vertex -37.9008 -356.813 200.014
      vertex -29.4386 -365.275 221.79
      vertex -30.0235 -364.69 222.011
    endloop
  endfacet
  facet normal -0.707104 -0.70711 7.85046e-16
    outer loop
      vertex -39.0322 -355.682 200.014
      vertex -49.2893 -345.424 219.495
      vertex -49.5592 -345.155 218.676
    endloop
  endfacet
  facet normal -0.707105 -0.707109 7.85046e-16
    outer loop
      vertex -39.0322 -355.682 200.014
      vertex -47.9482 -346.766 221.392
      vertex -48.4714 -346.242 220.874
    endloop
  endfacet
  facet normal -0.707107 -0.707106 7.85046e-16
    outer loop
      vertex -49.7802 -344.934 189.254
      vertex -39.5978 -355.116 198.629
      vertex -39.5807 -355.133 198.907
    endloop
  endfacet
  facet normal -0.707107 -0.707107 7.85046e-16
    outer loop
      vertex 43.9091 -438.623 371.42
      vertex -22.2781 -372.436 375.431
      vertex -22.4598 -372.254 375.251
    endloop
  endfacet
  facet normal -0.707107 -0.707107 7.85046e-16
    outer loop
      vertex -22.6609 -372.053 375.118
      vertex -29.2405 -365.473 372.034
      vertex 43.9091 -438.623 371.42
    endloop
  endfacet
  facet normal -0.707108 -0.707106 7.85046e-16
    outer loop
      vertex 53.6337 -448.347 200.014
      vertex 59.5785 -454.292 222.147
      vertex 59.0404 -453.754 222.33
    endloop
  endfacet
  facet normal -0.707107 -0.707107 7.85046e-16
    outer loop
      vertex 60.8461 -455.56 222.086
      vertex 60.1302 -454.844 222.086
      vertex 53.6337 -448.347 200.014
    endloop
  endfacet
  facet normal -0.707107 -0.707107 7.85046e-16
    outer loop
      vertex 56.7761 -451.49 225.532
      vertex 56.6469 -451.361 226.293
      vertex 53.2644 -447.978 200.204
    endloop
  endfacet
  facet normal -0.707107 -0.707107 7.85046e-16
    outer loop
      vertex 58.0572 -452.771 223.038
      vertex 57.6364 -452.35 223.547
      vertex 53.2644 -447.978 200.204
    endloop
  endfacet
  facet normal -0.707107 -0.707107 7.85046e-16
    outer loop
      vertex 55.8512 -450.565 377.284
      vertex 56.6035 -451.317 373.297
      vertex 56.5182 -451.232 374.681
    endloop
  endfacet
  facet normal -0.707128 -0.707085 7.85046e-16
    outer loop
      vertex 53.068 -447.782 200.229
      vertex 53.2644 -447.978 200.204
      vertex 56.6035 -451.317 227.073
    endloop
  endfacet
  facet normal -0.707112 -0.707102 7.85046e-16
    outer loop
      vertex 49.1938 -443.908 366.146
      vertex 49.4471 -444.161 364.804
      vertex 55.8512 -450.565 377.284
    endloop
  endfacet
  facet normal -0.707111 -0.707103 7.85046e-16
    outer loop
      vertex 43.9091 -438.623 371.42
      vertex 44.8873 -439.601 371.291
      vertex 55.8512 -450.565 377.284
    endloop
  endfacet
  facet normal -0.707107 -0.707107 7.85046e-16
    outer loop
      vertex 47.6068 -442.321 222.629
      vertex 47.0956 -441.809 222.33
      vertex 52.681 -447.395 200.132
    endloop
  endfacet
  facet normal -0.707112 -0.707101 7.85046e-16
    outer loop
      vertex 52.8715 -447.585 200.204
      vertex 49.148 -443.862 224.809
      vertex 48.8589 -443.573 224.142
    endloop
  endfacet
  facet normal -0.707107 -0.707107 7.85046e-16
    outer loop
      vertex 49.489 -444.203 226.293
      vertex 49.3598 -444.074 225.532
      vertex 52.8715 -447.585 200.204
    endloop
  endfacet
  facet normal -0.707107 -0.707107 7.85046e-16
    outer loop
      vertex 52.5023 -447.216 200.014
      vertex 46.0058 -440.72 222.086
      vertex 45.2898 -440.004 222.086
    endloop
  endfacet
  facet normal -0.707102 -0.707111 7.85046e-16
    outer loop
      vertex 42.4295 -437.143 220.025
      vertex 42.1396 -436.853 219.356
      vertex 52.5023 -447.216 200.014
    endloop
  endfacet
  facet normal -0.70711 -0.707104 7.85046e-16
    outer loop
      vertex 52.5023 -447.216 200.014
      vertex 43.6847 -438.398 221.541
      vertex 43.2117 -437.925 221.131
    endloop
  endfacet
  facet normal -0.707107 -0.707106 7.85046e-16
    outer loop
      vertex 41.7543 -436.468 189.254
      vertex 51.9366 -446.65 198.629
      vertex 51.9538 -446.668 198.907
    endloop
  endfacet
  facet normal -0.707107 -0.707106 7.85046e-16
    outer loop
      vertex -24.3497 -370.364 377.122
      vertex -38.0676 -356.646 381.65
      vertex -38.8923 -355.821 381.173
    endloop
  endfacet
  facet normal -0.707107 -0.707107 7.85046e-16
    outer loop
      vertex -36.3116 -358.402 382.03
      vertex -37.2002 -357.514 381.938
      vertex -24.3497 -370.364 377.122
    endloop
  endfacet
  facet normal -0.707107 -0.707107 7.85046e-16
    outer loop
      vertex -27.6182 -367.096 219.629
      vertex -27.9655 -366.748 220.331
      vertex -37.9008 -356.813 200.014
    endloop
  endfacet
  facet normal -0.707107 -0.707107 7.85046e-16
    outer loop
      vertex -37.9008 -356.813 200.014
      vertex -37.7392 -356.975 199.854
      vertex -27.2055 -367.508 218.026
    endloop
  endfacet
  facet normal -0.707131 -0.707083 7.85046e-16
    outer loop
      vertex -30.9966 -363.717 371.654
      vertex -22.8752 -371.839 375.037
      vertex -23.0962 -371.618 375.01
    endloop
  endfacet
  facet normal -0.707107 -0.707107 7.85046e-16
    outer loop
      vertex -43.0349 -351.679 223.547
      vertex -43.4557 -351.258 223.038
      vertex -34.7182 -359.996 225.367
    endloop
  endfacet
  facet normal -0.707111 -0.707103 7.85046e-16
    outer loop
      vertex -47.9482 -346.766 221.392
      vertex -44.977 -349.737 222.147
      vertex -45.5287 -349.185 222.086
    endloop
  endfacet
  facet normal -0.707107 -0.707107 7.85046e-16
    outer loop
      vertex -34.4585 -360.255 224.58
      vertex -34.7182 -359.996 225.367
      vertex -44.977 -349.737 222.147
    endloop
  endfacet
  facet normal -0.707108 -0.707105 7.85046e-16
    outer loop
      vertex -39.0322 -355.682 200.014
      vertex -33.6712 -361.043 223.253
      vertex -34.1059 -360.608 223.867
    endloop
  endfacet
  facet normal -0.707082 -0.707132 7.85046e-16
    outer loop
      vertex -38.0795 -356.634 200.132
      vertex -37.9008 -356.813 200.014
      vertex -32.0167 -362.697 222.162
    endloop
  endfacet
  facet normal -0.707093 -0.707121 7.85046e-16
    outer loop
      vertex -33.1676 -361.546 222.754
      vertex -38.6629 -356.051 200.204
      vertex -38.4665 -356.247 200.229
    endloop
  endfacet
  facet normal -0.707104 -0.707109 7.85046e-16
    outer loop
      vertex -37.9008 -356.813 200.014
      vertex -28.8898 -365.824 221.428
      vertex -29.4386 -365.275 221.79
    endloop
  endfacet
  facet normal -0.707111 -0.707103 7.85046e-16
    outer loop
      vertex -48.923 -345.791 220.235
      vertex -49.2893 -345.424 219.495
      vertex -39.0322 -355.682 200.014
    endloop
  endfacet
  facet normal -0.707106 -0.707107 7.85046e-16
    outer loop
      vertex -39.1937 -355.52 199.854
      vertex -49.7245 -344.989 217.804
      vertex -49.7802 -344.934 216.904
    endloop
  endfacet
  facet normal -0.707107 -0.707106 7.85046e-16
    outer loop
      vertex -49.7802 -344.934 189.254
      vertex -39.5807 -355.133 198.351
      vertex -39.5978 -355.116 198.629
    endloop
  endfacet
  facet normal -0.707109 -0.707104 7.85046e-16
    outer loop
      vertex -22.6609 -372.053 375.118
      vertex -30.1292 -364.585 371.942
      vertex -29.2405 -365.473 372.034
    endloop
  endfacet
  facet normal -0.707107 -0.707107 7.85046e-16
    outer loop
      vertex 60.1302 -454.844 222.086
      vertex 59.5785 -454.292 222.147
      vertex 53.6337 -448.347 200.014
    endloop
  endfacet
  facet normal -0.707107 -0.707107 7.85046e-16
    outer loop
      vertex 57.277 -451.991 224.142
      vertex 56.9879 -451.702 224.809
      vertex 53.2644 -447.978 200.204
    endloop
  endfacet
  facet normal -0.707105 -0.707109 7.85046e-16
    outer loop
      vertex 56.6035 -451.317 227.073
      vertex 56.6035 -451.317 373.297
      vertex 55.8512 -450.565 377.284
    endloop
  endfacet
  facet normal -0.707107 -0.707107 7.85046e-16
    outer loop
      vertex 45.8349 -440.549 370.925
      vertex 46.7234 -441.437 370.332
      vertex 55.8512 -450.565 377.284
    endloop
  endfacet
  facet normal -0.707104 -0.70711 7.85046e-16
    outer loop
      vertex 52.8715 -447.585 200.204
      vertex 48.0787 -442.792 223.038
      vertex 47.6068 -442.321 222.629
    endloop
  endfacet
  facet normal -0.707092 -0.707121 7.85046e-16
    outer loop
      vertex 49.3598 -444.074 225.532
      vertex 49.148 -443.862 224.809
      vertex 52.8715 -447.585 200.204
    endloop
  endfacet
  facet normal -0.707105 -0.707109 7.85046e-16
    outer loop
      vertex 52.5023 -447.216 200.014
      vertex 46.5575 -441.271 222.147
      vertex 46.0058 -440.72 222.086
    endloop
  endfacet
  facet normal -0.707132 -0.707082 7.85046e-16
    outer loop
      vertex 52.5023 -447.216 200.014
      vertex 52.681 -447.395 200.132
      vertex 47.0956 -441.809 222.33
    endloop
  endfacet
  facet normal -0.707107 -0.707107 7.85046e-16
    outer loop
      vertex 43.2117 -437.925 221.131
      vertex 42.7898 -437.504 220.621
      vertex 52.5023 -447.216 200.014
    endloop
  endfacet
  facet normal -0.707108 -0.707105 7.85046e-16
    outer loop
      vertex 52.3407 -447.055 199.854
      vertex 41.7978 -436.512 217.868
      vertex 41.7543 -436.468 217.086
    endloop
  endfacet
  facet normal -0.707108 -0.707106 7.85046e-16
    outer loop
      vertex 41.7543 -436.468 217.086
      vertex 51.9538 -446.668 198.907
      vertex 52.0048 -446.719 199.176
    endloop
  endfacet
  facet normal -0.707107 -0.707106 7.85046e-16
    outer loop
      vertex 41.7543 -436.468 189.254
      vertex 51.9538 -446.668 198.351
      vertex 51.9366 -446.65 198.629
    endloop
  endfacet
  facet normal -0.707105 -0.707108 7.85046e-16
    outer loop
      vertex 55.2896 -450.003 378.423
      vertex 52.9059 -447.62 380.802
      vertex 51.9583 -446.672 381.168
    endloop
  endfacet
  facet normal -0.707107 -0.707107 7.85046e-16
    outer loop
      vertex 55.2896 -450.003 378.423
      vertex 54.5971 -449.311 379.409
      vertex 53.7944 -448.508 380.21
    endloop
  endfacet
  facet normal -0.707107 -0.707107 7.85046e-16
    outer loop
      vertex 50.9802 -445.694 381.297
      vertex -22.8752 -371.839 378.582
      vertex -22.6609 -372.053 378.501
    endloop
  endfacet
  facet normal -0.707107 -0.707107 7.85046e-16
    outer loop
      vertex -37.2002 -357.514 381.938
      vertex -38.0676 -356.646 381.65
      vertex -24.3497 -370.364 377.122
    endloop
  endfacet
  facet normal -0.707094 -0.70712 7.85046e-16
    outer loop
      vertex -37.7392 -356.975 199.854
      vertex -37.5998 -357.114 199.657
      vertex -27.1528 -367.561 217.173
    endloop
  endfacet
  facet normal -0.707107 -0.707107 7.85046e-16
    outer loop
      vertex -27.2055 -367.508 218.026
      vertex -27.3623 -367.352 218.853
      vertex -37.9008 -356.813 200.014
    endloop
  endfacet
  facet normal -0.707107 -0.707107 7.85046e-16
    outer loop
      vertex -44.4389 -350.275 222.33
      vertex -44.977 -349.737 222.147
      vertex -34.7182 -359.996 225.367
    endloop
  endfacet
  facet normal -0.707107 -0.707107 7.85046e-16
    outer loop
      vertex -44.977 -349.737 222.147
      vertex -47.9482 -346.766 221.392
      vertex -34.4585 -360.255 224.58
    endloop
  endfacet
  facet normal -0.707107 -0.707107 7.85046e-16
    outer loop
      vertex -34.1059 -360.608 223.867
      vertex -47.9482 -346.766 221.392
      vertex -39.0322 -355.682 200.014
    endloop
  endfacet
  facet normal -0.707132 -0.707081 7.85046e-16
    outer loop
      vertex -38.4665 -356.247 200.229
      vertex -38.27 -356.444 200.204
      vertex -33.1676 -361.546 222.754
    endloop
  endfacet
  facet normal -0.707092 -0.707122 7.85046e-16
    outer loop
      vertex -33.1676 -361.546 222.754
      vertex -39.0322 -355.682 200.014
      vertex -38.8534 -355.86 200.132
    endloop
  endfacet
  facet normal -0.707107 -0.707107 7.85046e-16
    outer loop
      vertex -30.0235 -364.69 222.011
      vertex -30.6268 -364.087 222.086
      vertex -37.9008 -356.813 200.014
    endloop
  endfacet
  facet normal -0.707115 -0.707099 7.85046e-16
    outer loop
      vertex -49.7802 -344.934 216.904
      vertex -39.3331 -355.381 199.657
      vertex -39.1937 -355.52 199.854
    endloop
  endfacet
  facet normal -0.707113 -0.707101 7.85046e-16
    outer loop
      vertex -49.7802 -344.934 216.904
      vertex -39.5296 -355.184 199.176
      vertex -39.4463 -355.268 199.429
    endloop
  endfacet
  facet normal -0.707107 -0.707107 7.85046e-16
    outer loop
      vertex -39.5807 -355.133 198.907
      vertex -49.7802 -344.934 216.904
      vertex -49.7802 -344.934 189.254
    endloop
  endfacet
  facet normal -0.707106 -0.707108 7.85046e-16
    outer loop
      vertex -49.7802 -344.934 189.254
      vertex -39.3331 -355.381 197.6
      vertex -39.4463 -355.268 197.829
    endloop
  endfacet
  facet normal -0.707099 -0.707114 7.85046e-16
    outer loop
      vertex -27.1528 -367.561 189.254
      vertex -38.27 -356.444 197.053
      vertex -38.4665 -356.247 197.029
    endloop
  endfacet
  facet normal -0.707109 -0.707104 7.85046e-16
    outer loop
      vertex 53.6337 -448.347 200.014
      vertex 63.5545 -458.268 220.3
      vertex 63.1187 -457.832 220.916
    endloop
  endfacet
  facet normal -0.707119 -0.707094 7.85046e-16
    outer loop
      vertex 53.6337 -448.347 200.014
      vertex 53.7952 -448.509 199.854
      vertex 64.328 -459.042 217.954
    endloop
  endfacet
  facet normal -0.707104 -0.70711 7.85046e-16
    outer loop
      vertex -22.6609 -372.053 375.118
      vertex -30.9966 -363.717 371.654
      vertex -30.1292 -364.585 371.942
    endloop
  endfacet
  facet normal -0.707106 -0.707107 7.85046e-16
    outer loop
      vertex 43.9091 -438.623 371.42
      vertex -21.994 -372.72 375.91
      vertex -22.1212 -372.593 375.653
    endloop
  endfacet
  facet normal -0.707106 -0.707107 7.85046e-16
    outer loop
      vertex 43.9091 -438.623 371.42
      vertex -21.8428 -372.871 376.497
      vertex -21.9002 -372.814 376.194
    endloop
  endfacet
  facet normal -0.707107 -0.707107 7.85046e-16
    outer loop
      vertex 56.6469 -451.361 226.293
      vertex 56.6035 -451.317 227.073
      vertex 53.2644 -447.978 200.204
    endloop
  endfacet
  facet normal -0.707096 -0.707118 7.85046e-16
    outer loop
      vertex 49.5324 -444.246 227.073
      vertex 52.8715 -447.585 200.204
      vertex 53.068 -447.782 200.229
    endloop
  endfacet
  facet normal -0.707107 -0.707107 7.85046e-16
    outer loop
      vertex 48.4995 -443.213 223.547
      vertex 48.0787 -442.792 223.038
      vertex 52.8715 -447.585 200.204
    endloop
  endfacet
  facet normal -0.707107 -0.707107 7.85046e-16
    outer loop
      vertex 47.0956 -441.809 222.33
      vertex 46.5575 -441.271 222.147
      vertex 52.5023 -447.216 200.014
    endloop
  endfacet
  facet normal -0.707102 -0.707112 7.85046e-16
    outer loop
      vertex 41.7543 -436.468 217.086
      vertex 52.2013 -446.915 199.657
      vertex 52.3407 -447.055 199.854
    endloop
  endfacet
  facet normal -0.707107 -0.707107 7.85046e-16
    outer loop
      vertex 51.9538 -446.668 198.907
      vertex 41.7543 -436.468 217.086
      vertex 41.7543 -436.468 189.254
    endloop
  endfacet
  facet normal -0.707105 -0.707108 7.85046e-16
    outer loop
      vertex 41.7543 -436.468 189.254
      vertex 52.0882 -446.802 197.829
      vertex 52.0048 -446.719 198.082
    endloop
  endfacet
  facet normal -0.707107 -0.707107 7.85046e-16
    outer loop
      vertex 53.7944 -448.508 380.21
      vertex 52.9059 -447.62 380.802
      vertex 55.2896 -450.003 378.423
    endloop
  endfacet
  facet normal -0.707107 -0.707106 7.85046e-16
    outer loop
      vertex 50.9802 -445.694 381.297
      vertex -22.1212 -372.593 377.967
      vertex -21.994 -372.72 377.71
    endloop
  endfacet
  facet normal -0.707107 -0.707107 7.85046e-16
    outer loop
      vertex -22.6609 -372.053 378.501
      vertex -22.4598 -372.254 378.368
      vertex 50.9802 -445.694 381.297
    endloop
  endfacet
  facet normal -0.707108 -0.707106 7.85046e-16
    outer loop
      vertex -22.4598 -372.254 378.368
      vertex -22.2781 -372.436 378.188
      vertex 50.9802 -445.694 381.297
    endloop
  endfacet
  facet normal -0.707109 -0.707104 7.85046e-16
    outer loop
      vertex -36.3116 -358.402 382.03
      vertex -23.7326 -370.981 378.368
      vertex -23.5316 -371.182 378.501
    endloop
  endfacet
  facet normal -0.707108 -0.707105 7.85046e-16
    outer loop
      vertex -36.3116 -358.402 382.03
      vertex -24.1985 -370.515 377.71
      vertex -24.0713 -370.643 377.967
    endloop
  endfacet
  facet normal -0.707107 -0.707107 7.85046e-16
    outer loop
      vertex -38.8923 -355.821 381.173
      vertex -39.6538 -355.06 380.519
      vertex -24.3497 -370.364 377.122
    endloop
  endfacet
  facet normal -0.707118 -0.707096 7.85046e-16
    outer loop
      vertex -27.1528 -367.561 217.173
      vertex -37.5998 -357.114 199.657
      vertex -37.4867 -357.227 199.429
    endloop
  endfacet
  facet normal -0.707107 -0.707107 7.85046e-16
    outer loop
      vertex -28.3937 -366.32 220.936
      vertex -28.8898 -365.824 221.428
      vertex -37.9008 -356.813 200.014
    endloop
  endfacet
  facet normal -0.707107 -0.707107 7.85046e-16
    outer loop
      vertex -47.3694 -347.344 221.773
      vertex -47.9482 -346.766 221.392
      vertex -46.1163 -348.597 222.086
    endloop
  endfacet
  facet normal -0.707107 -0.707106 7.85046e-16
    outer loop
      vertex -39.0322 -355.682 200.014
      vertex -33.1676 -361.546 222.754
      vertex -33.6712 -361.043 223.253
    endloop
  endfacet
  facet normal -0.707137 -0.707077 7.85046e-16
    outer loop
      vertex -38.8534 -355.86 200.132
      vertex -38.6629 -356.051 200.204
      vertex -33.1676 -361.546 222.754
    endloop
  endfacet
  facet normal -0.707107 -0.707107 7.85046e-16
    outer loop
      vertex -30.6268 -364.087 222.086
      vertex -31.4043 -363.309 222.086
      vertex -37.9008 -356.813 200.014
    endloop
  endfacet
  facet normal -0.707093 -0.70712 7.85046e-16
    outer loop
      vertex -39.4463 -355.268 199.429
      vertex -39.3331 -355.381 199.657
      vertex -49.7802 -344.934 216.904
    endloop
  endfacet
  facet normal -0.707108 -0.707105 7.85046e-16
    outer loop
      vertex -49.7802 -344.934 189.254
      vertex -39.5296 -355.184 198.082
      vertex -39.5807 -355.133 198.351
    endloop
  endfacet
  facet normal -0.707104 -0.70711 7.85046e-16
    outer loop
      vertex -49.7802 -344.934 189.254
      vertex -39.1937 -355.52 197.403
      vertex -39.3331 -355.381 197.6
    endloop
  endfacet
  facet normal -0.707109 -0.707104 7.85046e-16
    outer loop
      vertex -49.7802 -344.934 189.254
      vertex -38.8534 -355.86 197.125
      vertex -39.0322 -355.682 197.243
    endloop
  endfacet
  facet normal -0.707107 -0.707107 7.85046e-16
    outer loop
      vertex -38.4665 -356.247 197.029
      vertex -49.7802 -344.934 189.254
      vertex -27.1528 -367.561 189.254
    endloop
  endfacet
  facet normal -0.707106 -0.707108 7.85046e-16
    outer loop
      vertex 53.6337 -448.347 200.014
      vertex 63.908 -458.622 219.586
      vertex 63.5545 -458.268 220.3
    endloop
  endfacet
  facet normal -0.707107 -0.707107 7.85046e-16
    outer loop
      vertex 64.328 -459.042 217.954
      vertex 64.1684 -458.882 218.796
      vertex 53.6337 -448.347 200.014
    endloop
  endfacet
  facet normal -0.706883 -0.70733 7.85046e-16
    outer loop
      vertex -22.6609 -372.053 375.118
      vertex -22.8752 -371.839 375.037
      vertex -30.9966 -363.717 371.654
    endloop
  endfacet
  facet normal -0.707107 -0.707107 7.85046e-16
    outer loop
      vertex -21.9002 -372.814 376.194
      vertex -21.994 -372.72 375.91
      vertex 43.9091 -438.623 371.42
    endloop
  endfacet
  facet normal -0.707107 -0.707107 7.85046e-16
    outer loop
      vertex 56.5182 -451.232 374.681
      vertex 56.2649 -450.979 376.024
      vertex 55.8512 -450.565 377.284
    endloop
  endfacet
  facet normal -0.707107 -0.707107 7.85046e-16
    outer loop
      vertex 44.1973 -438.911 221.841
      vertex 43.6847 -438.398 221.541
      vertex 52.5023 -447.216 200.014
    endloop
  endfacet
  facet normal -0.707109 -0.707104 7.85046e-16
    outer loop
      vertex 41.7543 -436.468 217.086
      vertex 52.0882 -446.802 199.429
      vertex 52.2013 -446.915 199.657
    endloop
  endfacet
  facet normal -0.707107 -0.707107 7.85046e-16
    outer loop
      vertex 52.0048 -446.719 198.082
      vertex 51.9538 -446.668 198.351
      vertex 41.7543 -436.468 189.254
    endloop
  endfacet
  facet normal -0.70711 -0.707104 7.85046e-16
    outer loop
      vertex 41.7543 -436.468 189.254
      vertex 52.5023 -447.216 197.243
      vertex 52.3407 -447.055 197.403
    endloop
  endfacet
  facet normal -0.707099 -0.707114 7.85046e-16
    outer loop
      vertex 64.3817 -459.095 189.254
      vertex 53.2644 -447.978 197.053
      vertex 53.068 -447.782 197.029
    endloop
  endfacet
  facet normal -0.707107 -0.707107 7.85046e-16
    outer loop
      vertex -21.8234 -372.89 376.81
      vertex 55.8512 -450.565 377.284
      vertex 50.9802 -445.694 381.297
    endloop
  endfacet
  facet normal -0.707105 -0.707109 7.85046e-16
    outer loop
      vertex 50.9802 -445.694 381.297
      vertex 55.8512 -450.565 377.284
      vertex 55.2896 -450.003 378.423
    endloop
  endfacet
  facet normal -0.707107 -0.707107 7.85046e-16
    outer loop
      vertex -21.994 -372.72 377.71
      vertex -21.9002 -372.814 377.425
      vertex 50.9802 -445.694 381.297
    endloop
  endfacet
  facet normal -0.707107 -0.707107 7.85046e-16
    outer loop
      vertex -21.9002 -372.814 377.425
      vertex -21.8428 -372.871 377.122
      vertex 50.9802 -445.694 381.297
    endloop
  endfacet
  facet normal -0.707106 -0.707108 7.85046e-16
    outer loop
      vertex -22.2781 -372.436 378.188
      vertex -22.1212 -372.593 377.967
      vertex 50.9802 -445.694 381.297
    endloop
  endfacet
  facet normal -0.707104 -0.70711 7.85046e-16
    outer loop
      vertex -36.3116 -358.402 382.03
      vertex -23.9144 -370.799 378.188
      vertex -23.7326 -370.981 378.368
    endloop
  endfacet
  facet normal -0.707107 -0.707107 7.85046e-16
    outer loop
      vertex -24.2923 -370.422 377.425
      vertex -24.1985 -370.515 377.71
      vertex -36.3116 -358.402 382.03
    endloop
  endfacet
  facet normal -0.707105 -0.707108 7.85046e-16
    outer loop
      vertex -39.6538 -355.06 380.519
      vertex -24.1985 -370.515 375.91
      vertex -24.2923 -370.422 376.194
    endloop
  endfacet
  facet normal -0.707106 -0.707107 7.85046e-16
    outer loop
      vertex -39.6538 -355.06 380.519
      vertex -23.9144 -370.799 375.431
      vertex -24.0713 -370.643 375.653
    endloop
  endfacet
  facet normal -0.707162 -0.707051 7.85046e-16
    outer loop
      vertex -39.6538 -355.06 380.519
      vertex -23.3173 -371.396 375.037
      vertex -23.5316 -371.182 375.118
    endloop
  endfacet
  facet normal -0.707106 -0.707108 7.85046e-16
    outer loop
      vertex -27.1528 -367.561 217.173
      vertex -37.4033 -357.31 199.176
      vertex -37.3523 -357.361 198.907
    endloop
  endfacet
  facet normal -0.707113 -0.707101 7.85046e-16
    outer loop
      vertex -27.1528 -367.561 217.173
      vertex -27.2055 -367.508 218.026
      vertex -37.7392 -356.975 199.854
    endloop
  endfacet
  facet normal -0.707107 -0.707107 7.85046e-16
    outer loop
      vertex -34.1059 -360.608 223.867
      vertex -34.4585 -360.255 224.58
      vertex -47.9482 -346.766 221.392
    endloop
  endfacet
  facet normal -0.707107 -0.707107 7.85046e-16
    outer loop
      vertex -31.4043 -363.309 222.086
      vertex -32.0167 -362.697 222.162
      vertex -37.9008 -356.813 200.014
    endloop
  endfacet
  facet normal -0.707107 -0.707107 7.85046e-16
    outer loop
      vertex -39.5807 -355.133 198.907
      vertex -39.5296 -355.184 199.176
      vertex -49.7802 -344.934 216.904
    endloop
  endfacet
  facet normal -0.707107 -0.707107 7.85046e-16
    outer loop
      vertex -39.0322 -355.682 197.243
      vertex -39.1937 -355.52 197.403
      vertex -49.7802 -344.934 189.254
    endloop
  endfacet
  facet normal -0.707107 -0.707107 7.85046e-16
    outer loop
      vertex -38.4665 -356.247 197.029
      vertex -38.6629 -356.051 197.053
      vertex -49.7802 -344.934 189.254
    endloop
  endfacet
  facet normal -0.707104 -0.707109 7.85046e-16
    outer loop
      vertex -27.1528 -367.561 189.254
      vertex -37.9008 -356.813 197.243
      vertex -38.0795 -356.634 197.125
    endloop
  endfacet
  facet normal -0.707107 -0.707107 7.85046e-16
    outer loop
      vertex 53.7952 -448.509 199.854
      vertex 53.9346 -448.648 199.657
      vertex 64.3817 -459.095 217.086
    endloop
  endfacet
  facet normal -0.707107 -0.707107 7.85046e-16
    outer loop
      vertex 64.1684 -458.882 218.796
      vertex 63.908 -458.622 219.586
      vertex 53.6337 -448.347 200.014
    endloop
  endfacet
  facet normal -0.707107 -0.707107 7.85046e-16
    outer loop
      vertex -22.1212 -372.593 375.653
      vertex -22.2781 -372.436 375.431
      vertex 43.9091 -438.623 371.42
    endloop
  endfacet
  facet normal -0.707107 -0.707107 7.85046e-16
    outer loop
      vertex 52.681 -447.395 200.132
      vertex 52.8715 -447.585 200.204
      vertex 47.6068 -442.321 222.629
    endloop
  endfacet
  facet normal -0.707107 -0.707107 7.85046e-16
    outer loop
      vertex 52.0048 -446.719 199.176
      vertex 52.0882 -446.802 199.429
      vertex 41.7543 -436.468 217.086
    endloop
  endfacet
  facet normal -0.707107 -0.707107 7.85046e-16
    outer loop
      vertex 52.3407 -447.055 197.403
      vertex 52.2013 -446.915 197.6
      vertex 41.7543 -436.468 189.254
    endloop
  endfacet
  facet normal -0.707099 -0.707114 7.85046e-16
    outer loop
      vertex 41.7543 -436.468 189.254
      vertex 52.8715 -447.585 197.053
      vertex 52.681 -447.395 197.125
    endloop
  endfacet
  facet normal -0.707107 -0.707107 7.85046e-16
    outer loop
      vertex 53.068 -447.782 197.029
      vertex 41.7543 -436.468 189.254
      vertex 64.3817 -459.095 189.254
    endloop
  endfacet
  facet normal -0.707107 -0.707107 7.85046e-16
    outer loop
      vertex 51.9583 -446.672 381.168
      vertex 50.9802 -445.694 381.297
      vertex 55.2896 -450.003 378.423
    endloop
  endfacet
  facet normal -0.707111 -0.707102 7.85046e-16
    outer loop
      vertex -36.3116 -358.402 382.03
      vertex -23.3173 -371.396 378.582
      vertex -23.0962 -371.618 378.61
    endloop
  endfacet
  facet normal -0.707107 -0.707107 7.85046e-16
    outer loop
      vertex -24.0713 -370.643 377.967
      vertex -23.9144 -370.799 378.188
      vertex -36.3116 -358.402 382.03
    endloop
  endfacet
  facet normal -0.707106 -0.707108 7.85046e-16
    outer loop
      vertex -39.6538 -355.06 380.519
      vertex -24.3497 -370.364 376.497
      vertex -24.369 -370.345 376.81
    endloop
  endfacet
  facet normal -0.707107 -0.707107 7.85046e-16
    outer loop
      vertex -24.0713 -370.643 375.653
      vertex -24.1985 -370.515 375.91
      vertex -39.6538 -355.06 380.519
    endloop
  endfacet
  facet normal -0.707107 -0.707107 7.85046e-16
    outer loop
      vertex -23.5316 -371.182 375.118
      vertex -23.7326 -370.981 375.251
      vertex -39.6538 -355.06 380.519
    endloop
  endfacet
  facet normal -0.707107 -0.707107 7.85046e-16
    outer loop
      vertex -23.7326 -370.981 375.251
      vertex -23.9144 -370.799 375.431
      vertex -39.6538 -355.06 380.519
    endloop
  endfacet
  facet normal -0.707107 -0.707107 7.85046e-16
    outer loop
      vertex -37.4867 -357.227 199.429
      vertex -37.4033 -357.31 199.176
      vertex -27.1528 -367.561 217.173
    endloop
  endfacet
  facet normal -0.707107 -0.707107 7.85046e-16
    outer loop
      vertex -32.6105 -362.103 222.387
      vertex -33.1676 -361.546 222.754
      vertex -38.27 -356.444 200.204
    endloop
  endfacet
  facet normal -0.707107 -0.707107 7.85046e-16
    outer loop
      vertex -39.4463 -355.268 197.829
      vertex -39.5296 -355.184 198.082
      vertex -49.7802 -344.934 189.254
    endloop
  endfacet
  facet normal -0.70712 -0.707094 7.85046e-16
    outer loop
      vertex -38.0795 -356.634 197.125
      vertex -38.27 -356.444 197.053
      vertex -27.1528 -367.561 189.254
    endloop
  endfacet
  facet normal -0.70711 -0.707104 7.85046e-16
    outer loop
      vertex -27.1528 -367.561 189.254
      vertex -37.5998 -357.114 197.6
      vertex -37.7392 -356.975 197.403
    endloop
  endfacet
  facet normal -0.707108 -0.707105 7.85046e-16
    outer loop
      vertex -27.1528 -367.561 189.254
      vertex -37.4033 -357.31 198.082
      vertex -37.4867 -357.227 197.829
    endloop
  endfacet
  facet normal -0.707107 -0.707107 7.85046e-16
    outer loop
      vertex -27.1528 -367.561 189.254
      vertex -27.1528 -367.561 217.173
      vertex -37.3351 -357.379 198.629
    endloop
  endfacet
  facet normal -0.707107 -0.707107 7.85046e-16
    outer loop
      vertex 64.3817 -459.095 189.254
      vertex 64.3817 -459.095 217.086
      vertex 54.1821 -448.896 198.907
    endloop
  endfacet
  facet normal -0.707101 -0.707113 7.85046e-16
    outer loop
      vertex 64.3817 -459.095 217.086
      vertex 54.0478 -448.762 199.429
      vertex 54.1311 -448.845 199.176
    endloop
  endfacet
  facet normal -0.707107 -0.707107 7.85046e-16
    outer loop
      vertex 63.1187 -457.832 220.916
      vertex 62.6139 -457.328 221.416
      vertex 53.6337 -448.347 200.014
    endloop
  endfacet
  facet normal -0.707093 -0.707121 7.85046e-16
    outer loop
      vertex 59.0404 -453.754 222.33
      vertex 53.4549 -448.169 200.132
      vertex 53.6337 -448.347 200.014
    endloop
  endfacet
  facet normal -0.707107 -0.707107 7.85046e-16
    outer loop
      vertex 52.2013 -446.915 197.6
      vertex 52.0882 -446.802 197.829
      vertex 41.7543 -436.468 189.254
    endloop
  endfacet
  facet normal -0.707107 -0.707107 7.85046e-16
    outer loop
      vertex 53.068 -447.782 197.029
      vertex 52.8715 -447.585 197.053
      vertex 41.7543 -436.468 189.254
    endloop
  endfacet
  facet normal -0.707104 -0.707109 7.85046e-16
    outer loop
      vertex 64.3817 -459.095 189.254
      vertex 53.6337 -448.347 197.243
      vertex 53.4549 -448.169 197.125
    endloop
  endfacet
  facet normal -0.707107 -0.707107 7.85046e-16
    outer loop
      vertex -23.0962 -371.618 378.61
      vertex 50.9802 -445.694 381.297
      vertex -36.3116 -358.402 382.03
    endloop
  endfacet
  facet normal -0.707107 -0.707107 7.85046e-16
    outer loop
      vertex -23.0962 -371.618 378.61
      vertex -22.8752 -371.839 378.582
      vertex 50.9802 -445.694 381.297
    endloop
  endfacet
  facet normal -0.707107 -0.707107 7.85046e-16
    outer loop
      vertex -24.369 -370.345 376.81
      vertex -24.3497 -370.364 377.122
      vertex -39.6538 -355.06 380.519
    endloop
  endfacet
  facet normal -0.707107 -0.707107 7.85046e-16
    outer loop
      vertex -30.9966 -363.717 371.654
      vertex -23.3173 -371.396 375.037
      vertex -39.6538 -355.06 380.519
    endloop
  endfacet
  facet normal -0.707094 -0.70712 7.85046e-16
    outer loop
      vertex -38.6629 -356.051 197.053
      vertex -38.8534 -355.86 197.125
      vertex -49.7802 -344.934 189.254
    endloop
  endfacet
  facet normal -0.707107 -0.707107 7.85046e-16
    outer loop
      vertex -37.4867 -357.227 197.829
      vertex -37.5998 -357.114 197.6
      vertex -27.1528 -367.561 189.254
    endloop
  endfacet
  facet normal -0.707107 -0.707107 7.85046e-16
    outer loop
      vertex -37.3351 -357.379 198.629
      vertex -37.3523 -357.361 198.351
      vertex -27.1528 -367.561 189.254
    endloop
  endfacet
  facet normal -0.707107 -0.707107 7.85046e-16
    outer loop
      vertex 54.1311 -448.845 199.176
      vertex 54.1821 -448.896 198.907
      vertex 64.3817 -459.095 217.086
    endloop
  endfacet
  facet normal -0.707107 -0.707107 7.85046e-16
    outer loop
      vertex 64.3817 -459.095 217.086
      vertex 64.328 -459.042 217.954
      vertex 53.7952 -448.509 199.854
    endloop
  endfacet
  facet normal -0.707099 -0.707114 7.85046e-16
    outer loop
      vertex 41.7978 -436.512 217.868
      vertex 52.3407 -447.055 199.854
      vertex 52.5023 -447.216 200.014
    endloop
  endfacet
  facet normal -0.70712 -0.707094 7.85046e-16
    outer loop
      vertex 53.4549 -448.169 197.125
      vertex 53.2644 -447.978 197.053
      vertex 64.3817 -459.095 189.254
    endloop
  endfacet
  facet normal -0.70711 -0.707104 7.85046e-16
    outer loop
      vertex 64.3817 -459.095 189.254
      vertex 53.9346 -448.648 197.6
      vertex 53.7952 -448.509 197.403
    endloop
  endfacet
  facet normal -0.707105 -0.707108 7.85046e-16
    outer loop
      vertex 64.3817 -459.095 189.254
      vertex 54.1821 -448.896 198.351
      vertex 54.1311 -448.845 198.082
    endloop
  endfacet
  facet normal -0.707107 -0.707107 7.85046e-16
    outer loop
      vertex -24.2923 -370.422 376.194
      vertex -24.3497 -370.364 376.497
      vertex -39.6538 -355.06 380.519
    endloop
  endfacet
  facet normal -0.707112 -0.707102 7.85046e-16
    outer loop
      vertex -49.7245 -344.989 217.804
      vertex -39.1937 -355.52 199.854
      vertex -39.0322 -355.682 200.014
    endloop
  endfacet
  facet normal -0.707107 -0.707107 7.85046e-16
    outer loop
      vertex -37.3523 -357.361 198.351
      vertex -37.4033 -357.31 198.082
      vertex -27.1528 -367.561 189.254
    endloop
  endfacet
  facet normal -0.707107 -0.707107 7.85046e-16
    outer loop
      vertex 53.9346 -448.648 199.657
      vertex 54.0478 -448.762 199.429
      vertex 64.3817 -459.095 217.086
    endloop
  endfacet
  facet normal -0.707107 -0.707107 7.85046e-16
    outer loop
      vertex 52.681 -447.395 197.125
      vertex 52.5023 -447.216 197.243
      vertex 41.7543 -436.468 189.254
    endloop
  endfacet
  facet normal -0.707108 -0.707106 7.85046e-16
    outer loop
      vertex 64.3817 -459.095 189.254
      vertex 54.0478 -448.762 197.829
      vertex 53.9346 -448.648 197.6
    endloop
  endfacet
  facet normal -0.707106 -0.707107 7.85046e-16
    outer loop
      vertex 64.3817 -459.095 189.254
      vertex 54.1993 -448.913 198.629
      vertex 54.1821 -448.896 198.351
    endloop
  endfacet
  facet normal -0.707107 -0.707107 7.85046e-16
    outer loop
      vertex -23.5316 -371.182 378.501
      vertex -23.3173 -371.396 378.582
      vertex -36.3116 -358.402 382.03
    endloop
  endfacet
  facet normal -0.707107 -0.707107 7.85046e-16
    outer loop
      vertex -37.7392 -356.975 197.403
      vertex -37.9008 -356.813 197.243
      vertex -27.1528 -367.561 189.254
    endloop
  endfacet
  facet normal -0.707107 -0.707107 7.85046e-16
    outer loop
      vertex 54.1311 -448.845 198.082
      vertex 54.0478 -448.762 197.829
      vertex 64.3817 -459.095 189.254
    endloop
  endfacet
  facet normal -0.707107 -0.707107 7.85046e-16
    outer loop
      vertex -37.3523 -357.361 198.907
      vertex -37.3351 -357.379 198.629
      vertex -27.1528 -367.561 217.173
    endloop
  endfacet
  facet normal -0.707107 -0.707107 7.85046e-16
    outer loop
      vertex 53.7952 -448.509 197.403
      vertex 53.6337 -448.347 197.243
      vertex 64.3817 -459.095 189.254
    endloop
  endfacet
  facet normal -0.707107 -0.707107 7.85046e-16
    outer loop
      vertex 54.1821 -448.896 198.907
      vertex 54.1993 -448.913 198.629
      vertex 64.3817 -459.095 189.254
    endloop
  endfacet
  facet normal -0.707107 -0.707107 7.85046e-16
    outer loop
      vertex 50.9802 -445.694 381.297
      vertex -21.8428 -372.871 377.122
      vertex -21.8234 -372.89 376.81
    endloop
  endfacet
  facet normal -0.0515099 0.0515099 0.997343
    outer loop
      vertex -36.3116 -358.402 382.03
      vertex -32.776 -354.867 382.03
      vertex -33.6647 -353.978 381.938
    endloop
  endfacet
  facet normal -0.161602 0.161602 0.973535
    outer loop
      vertex -37.2002 -357.514 381.938
      vertex -33.6647 -353.978 381.938
      vertex -34.5321 -353.111 381.65
    endloop
  endfacet
  facet normal -0.267674 0.267674 0.925581
    outer loop
      vertex -38.0676 -356.646 381.65
      vertex -34.5321 -353.111 381.65
      vertex -35.3568 -352.286 381.173
    endloop
  endfacet
  facet normal -0.367136 0.367136 0.854647
    outer loop
      vertex -38.8923 -355.821 381.173
      vertex -35.3568 -352.286 381.173
      vertex -36.1183 -351.524 380.519
    endloop
  endfacet
  facet normal -0.457466 0.457466 0.762528
    outer loop
      vertex -39.6538 -355.06 380.519
      vertex -36.1183 -351.524 380.519
      vertex -36.7977 -350.845 379.704
    endloop
  endfacet
  facet normal -0.536456 0.536456 0.651483
    outer loop
      vertex -40.3333 -354.38 379.704
      vertex -36.7977 -350.845 379.704
      vertex -37.3782 -350.264 378.748
    endloop
  endfacet
  facet normal -0.602137 0.602137 0.524273
    outer loop
      vertex -40.9137 -353.8 378.748
      vertex -37.3782 -350.264 378.748
      vertex -37.8453 -349.797 377.675
    endloop
  endfacet
  facet normal -0.652875 0.652875 0.384067
    outer loop
      vertex -41.3809 -353.333 377.675
      vertex -37.8453 -349.797 377.675
      vertex -38.1875 -349.455 376.511
    endloop
  endfacet
  facet normal -0.687425 0.687425 0.234296
    outer loop
      vertex -41.7231 -352.991 376.511
      vertex -38.1875 -349.455 376.511
      vertex -38.3963 -349.246 375.286
    endloop
  endfacet
  facet normal -0.704913 0.704913 0.078714
    outer loop
      vertex -41.9318 -352.782 375.286
      vertex -38.3963 -349.246 375.286
      vertex -38.4665 -349.176 374.03
    endloop
  endfacet
  facet normal -0.704911 0.704911 0.0787508
    outer loop
      vertex -38.4665 -349.176 374.03
      vertex -42.002 -352.712 374.03
      vertex -41.9318 -352.782 375.286
    endloop
  endfacet
  facet normal -0.687419 0.687419 0.234331
    outer loop
      vertex -38.3963 -349.246 375.286
      vertex -41.9318 -352.782 375.286
      vertex -41.7231 -352.991 376.511
    endloop
  endfacet
  facet normal -0.652875 0.652875 0.384067
    outer loop
      vertex -38.1875 -349.455 376.511
      vertex -41.7231 -352.991 376.511
      vertex -41.3809 -353.333 377.675
    endloop
  endfacet
  facet normal -0.602149 0.602149 0.524246
    outer loop
      vertex -37.8453 -349.797 377.675
      vertex -41.3809 -353.333 377.675
      vertex -40.9137 -353.8 378.748
    endloop
  endfacet
  facet normal -0.536456 0.536456 0.651482
    outer loop
      vertex -37.3782 -350.264 378.748
      vertex -40.9137 -353.8 378.748
      vertex -40.3333 -354.38 379.704
    endloop
  endfacet
  facet normal -0.457466 0.457466 0.762529
    outer loop
      vertex -36.7977 -350.845 379.704
      vertex -40.3333 -354.38 379.704
      vertex -39.6538 -355.06 380.519
    endloop
  endfacet
  facet normal -0.367147 0.367147 0.854638
    outer loop
      vertex -36.1183 -351.524 380.519
      vertex -39.6538 -355.06 380.519
      vertex -38.8923 -355.821 381.173
    endloop
  endfacet
  facet normal -0.267684 0.267684 0.925576
    outer loop
      vertex -35.3568 -352.286 381.173
      vertex -38.8923 -355.821 381.173
      vertex -38.0676 -356.646 381.65
    endloop
  endfacet
  facet normal -0.161602 0.161602 0.973535
    outer loop
      vertex -34.5321 -353.111 381.65
      vertex -38.0676 -356.646 381.65
      vertex -37.2002 -357.514 381.938
    endloop
  endfacet
  facet normal -0.0515097 0.0515097 0.997343
    outer loop
      vertex -33.6647 -353.978 381.938
      vertex -37.2002 -357.514 381.938
      vertex -36.3116 -358.402 382.03
    endloop
  endfacet
  facet normal 0.00419774 -0.00419774 0.999982
    outer loop
      vertex 54.5158 -442.158 381.297
      vertex -32.776 -354.867 382.03
      vertex -36.3116 -358.402 382.03
    endloop
  endfacet
  facet normal 0.00419774 -0.00419774 0.999982
    outer loop
      vertex -36.3116 -358.402 382.03
      vertex 50.9802 -445.694 381.297
      vertex 54.5158 -442.158 381.297
    endloop
  endfacet
  facet normal 0.704436 -0.704436 0.0868315
    outer loop
      vertex 56.6035 -451.317 373.297
      vertex 60.139 -447.782 373.297
      vertex 60.0537 -447.696 374.681
    endloop
  endfacet
  facet normal 0.683195 -0.683195 0.257856
    outer loop
      vertex 56.5182 -451.232 374.681
      vertex 60.0537 -447.696 374.681
      vertex 59.8004 -447.443 376.024
    endloop
  endfacet
  facet normal 0.64135 -0.64135 0.421119
    outer loop
      vertex 56.2649 -450.979 376.024
      vertex 59.8004 -447.443 376.024
      vertex 59.3867 -447.029 377.284
    endloop
  endfacet
  facet normal 0.580165 -0.580165 0.57168
    outer loop
      vertex 55.8512 -450.565 377.284
      vertex 59.3867 -447.029 377.284
      vertex 58.8252 -446.468 378.423
    endloop
  endfacet
  facet normal 0.501476 -0.501476 0.705013
    outer loop
      vertex 55.2896 -450.003 378.423
      vertex 58.8252 -446.468 378.423
      vertex 58.1326 -445.775 379.409
    endloop
  endfacet
  facet normal 0.407683 -0.407683 0.817062
    outer loop
      vertex 54.5971 -449.311 379.409
      vertex 58.1326 -445.775 379.409
      vertex 57.33 -444.973 380.21
    endloop
  endfacet
  facet normal 0.301579 -0.301579 0.904489
    outer loop
      vertex 53.7944 -448.508 380.21
      vertex 57.33 -444.973 380.21
      vertex 56.4415 -444.084 380.802
    endloop
  endfacet
  facet normal 0.186381 -0.186381 0.964637
    outer loop
      vertex 52.9059 -447.62 380.802
      vertex 56.4415 -444.084 380.802
      vertex 55.4939 -443.137 381.168
    endloop
  endfacet
  facet normal 0.065576 -0.065576 0.995691
    outer loop
      vertex 51.9583 -446.672 381.168
      vertex 55.4939 -443.137 381.168
      vertex 54.5158 -442.158 381.297
    endloop
  endfacet
  facet normal 0.0655761 -0.0655761 0.995691
    outer loop
      vertex 54.5158 -442.158 381.297
      vertex 50.9802 -445.694 381.297
      vertex 51.9583 -446.672 381.168
    endloop
  endfacet
  facet normal 0.186383 -0.186383 0.964636
    outer loop
      vertex 55.4939 -443.137 381.168
      vertex 51.9583 -446.672 381.168
      vertex 52.9059 -447.62 380.802
    endloop
  endfacet
  facet normal 0.301577 -0.301577 0.904491
    outer loop
      vertex 56.4415 -444.084 380.802
      vertex 52.9059 -447.62 380.802
      vertex 53.7944 -448.508 380.21
    endloop
  endfacet
  facet normal 0.407683 -0.407683 0.817062
    outer loop
      vertex 57.33 -444.973 380.21
      vertex 53.7944 -448.508 380.21
      vertex 54.5971 -449.311 379.409
    endloop
  endfacet
  facet normal 0.50148 -0.50148 0.705008
    outer loop
      vertex 58.1326 -445.775 379.409
      vertex 54.5971 -449.311 379.409
      vertex 55.2896 -450.003 378.423
    endloop
  endfacet
  facet normal 0.580167 -0.580167 0.571674
    outer loop
      vertex 58.8252 -446.468 378.423
      vertex 55.2896 -450.003 378.423
      vertex 55.8512 -450.565 377.284
    endloop
  endfacet
  facet normal 0.641347 -0.641347 0.421126
    outer loop
      vertex 59.3867 -447.029 377.284
      vertex 55.8512 -450.565 377.284
      vertex 56.2649 -450.979 376.024
    endloop
  endfacet
  facet normal 0.683192 -0.683192 0.257872
    outer loop
      vertex 59.8004 -447.443 376.024
      vertex 56.2649 -450.979 376.024
      vertex 56.5182 -451.232 374.681
    endloop
  endfacet
  facet normal 0.704437 -0.704437 0.0868232
    outer loop
      vertex 60.0537 -447.696 374.681
      vertex 56.5182 -451.232 374.681
      vertex 56.6035 -451.317 373.297
    endloop
  endfacet
  facet normal 0.707107 -0.707107 0
    outer loop
      vertex 60.139 -447.782 373.297
      vertex 56.6035 -451.317 373.297
      vertex 56.6035 -451.317 227.073
    endloop
  endfacet
  facet normal 0.707107 -0.707107 0
    outer loop
      vertex 56.6035 -451.317 227.073
      vertex 60.139 -447.782 227.073
      vertex 60.139 -447.782 373.297
    endloop
  endfacet
  facet normal 0.0554753 -0.0554753 0.996918
    outer loop
      vertex 59.5785 -454.292 222.147
      vertex 60.1302 -454.844 222.086
      vertex 63.6657 -451.308 222.086
    endloop
  endfacet
  facet normal 0.165072 -0.165072 0.97237
    outer loop
      vertex 59.0404 -453.754 222.33
      vertex 59.5785 -454.292 222.147
      vertex 63.114 -450.757 222.147
    endloop
  endfacet
  facet normal 0.270599 -0.270599 0.923879
    outer loop
      vertex 58.5291 -453.243 222.629
      vertex 59.0404 -453.754 222.33
      vertex 62.5759 -450.219 222.33
    endloop
  endfacet
  facet normal 0.369468 -0.369468 0.852636
    outer loop
      vertex 58.0572 -452.771 223.038
      vertex 58.5291 -453.243 222.629
      vertex 62.0646 -449.707 222.629
    endloop
  endfacet
  facet normal 0.459232 -0.459232 0.760403
    outer loop
      vertex 57.6364 -452.35 223.547
      vertex 58.0572 -452.771 223.038
      vertex 61.5928 -449.235 223.038
    endloop
  endfacet
  facet normal 0.537683 -0.537683 0.649456
    outer loop
      vertex 57.277 -451.991 224.142
      vertex 57.6364 -452.35 223.547
      vertex 61.172 -448.815 223.547
    endloop
  endfacet
  facet normal 0.602912 -0.602912 0.522488
    outer loop
      vertex 56.9879 -451.702 224.809
      vertex 57.277 -451.991 224.142
      vertex 60.8126 -448.455 224.142
    endloop
  endfacet
  facet normal 0.653284 -0.653284 0.382676
    outer loop
      vertex 56.7761 -451.49 225.532
      vertex 56.9879 -451.702 224.809
      vertex 60.5234 -448.166 224.809
    endloop
  endfacet
  facet normal 0.687569 -0.687569 0.23345
    outer loop
      vertex 56.6469 -451.361 226.293
      vertex 56.7761 -451.49 225.532
      vertex 60.3116 -447.954 225.532
    endloop
  endfacet
  facet normal 0.704927 -0.704927 0.0784658
    outer loop
      vertex 56.6035 -451.317 227.073
      vertex 56.6469 -451.361 226.293
      vertex 60.1824 -447.825 226.293
    endloop
  endfacet
  facet normal 0.704927 -0.704927 0.0784508
    outer loop
      vertex 60.1824 -447.825 226.293
      vertex 60.139 -447.782 227.073
      vertex 56.6035 -451.317 227.073
    endloop
  endfacet
  facet normal 0.687569 -0.687569 0.233449
    outer loop
      vertex 60.3116 -447.954 225.532
      vertex 60.1824 -447.825 226.293
      vertex 56.6469 -451.361 226.293
    endloop
  endfacet
  facet normal 0.653284 -0.653284 0.382676
    outer loop
      vertex 60.5234 -448.166 224.809
      vertex 60.3116 -447.954 225.532
      vertex 56.7761 -451.49 225.532
    endloop
  endfacet
  facet normal 0.602907 -0.602907 0.522499
    outer loop
      vertex 60.8126 -448.455 224.142
      vertex 60.5234 -448.166 224.809
      vertex 56.9879 -451.702 224.809
    endloop
  endfacet
  facet normal 0.537683 -0.537683 0.649456
    outer loop
      vertex 61.172 -448.815 223.547
      vertex 60.8126 -448.455 224.142
      vertex 57.277 -451.991 224.142
    endloop
  endfacet
  facet normal 0.459227 -0.459227 0.760409
    outer loop
      vertex 61.5928 -449.235 223.038
      vertex 61.172 -448.815 223.547
      vertex 57.6364 -452.35 223.547
    endloop
  endfacet
  facet normal 0.369463 -0.369463 0.85264
    outer loop
      vertex 62.0646 -449.707 222.629
      vertex 61.5928 -449.235 223.038
      vertex 58.0572 -452.771 223.038
    endloop
  endfacet
  facet normal 0.270595 -0.270595 0.923881
    outer loop
      vertex 62.5759 -450.219 222.33
      vertex 62.0646 -449.707 222.629
      vertex 58.5291 -453.243 222.629
    endloop
  endfacet
  facet normal 0.165072 -0.165072 0.972369
    outer loop
      vertex 63.114 -450.757 222.147
      vertex 62.5759 -450.219 222.33
      vertex 59.0404 -453.754 222.33
    endloop
  endfacet
  facet normal 0.0554762 -0.0554762 0.996918
    outer loop
      vertex 63.6657 -451.308 222.086
      vertex 63.114 -450.757 222.147
      vertex 59.5785 -454.292 222.147
    endloop
  endfacet
  facet normal 5.49532e-16 5.49532e-16 1
    outer loop
      vertex 63.6657 -451.308 222.086
      vertex 60.1302 -454.844 222.086
      vertex 60.8461 -455.56 222.086
    endloop
  endfacet
  facet normal 5.49532e-16 5.49532e-16 1
    outer loop
      vertex 60.8461 -455.56 222.086
      vertex 64.3817 -452.024 222.086
      vertex 63.6657 -451.308 222.086
    endloop
  endfacet
  facet normal 0.704415 -0.704415 0.087169
    outer loop
      vertex 64.3817 -459.095 217.086
      vertex 67.9172 -455.56 217.086
      vertex 67.8635 -455.506 217.954
    endloop
  endfacet
  facet normal 0.683012 -0.683012 0.258821
    outer loop
      vertex 64.328 -459.042 217.954
      vertex 67.8635 -455.506 217.954
      vertex 67.704 -455.347 218.796
    endloop
  endfacet
  facet normal 0.640855 -0.640855 0.422621
    outer loop
      vertex 64.1684 -458.882 218.796
      vertex 67.704 -455.347 218.796
      vertex 67.4435 -455.086 219.586
    endloop
  endfacet
  facet normal 0.579232 -0.579232 0.573568
    outer loop
      vertex 63.908 -458.622 219.586
      vertex 67.4435 -455.086 219.586
      vertex 67.09 -454.733 220.3
    endloop
  endfacet
  facet normal 0.500001 -0.500001 0.707105
    outer loop
      vertex 63.5545 -458.268 220.3
      vertex 67.09 -454.733 220.3
      vertex 66.6543 -454.297 220.916
    endloop
  endfacet
  facet normal 0.405583 -0.405583 0.819149
    outer loop
      vertex 63.1187 -457.832 220.916
      vertex 66.6543 -454.297 220.916
      vertex 66.1494 -453.792 221.416
    endloop
  endfacet
  facet normal 0.298835 -0.298835 0.906309
    outer loop
      vertex 62.6139 -457.328 221.416
      vertex 66.1494 -453.792 221.416
      vertex 65.5909 -453.234 221.784
    endloop
  endfacet
  facet normal 0.183012 -0.183012 0.965926
    outer loop
      vertex 62.0554 -456.769 221.784
      vertex 65.5909 -453.234 221.784
      vertex 64.9956 -452.638 222.01
    endloop
  endfacet
  facet normal 0.0616318 -0.0616318 0.996194
    outer loop
      vertex 61.4601 -456.174 222.01
      vertex 64.9956 -452.638 222.01
      vertex 64.3817 -452.024 222.086
    endloop
  endfacet
  facet normal 0.0616327 -0.0616327 0.996194
    outer loop
      vertex 64.3817 -452.024 222.086
      vertex 60.8461 -455.56 222.086
      vertex 61.4601 -456.174 222.01
    endloop
  endfacet
  facet normal 0.18301 -0.18301 0.965927
    outer loop
      vertex 64.9956 -452.638 222.01
      vertex 61.4601 -456.174 222.01
      vertex 62.0554 -456.769 221.784
    endloop
  endfacet
  facet normal 0.298839 -0.298839 0.906306
    outer loop
      vertex 65.5909 -453.234 221.784
      vertex 62.0554 -456.769 221.784
      vertex 62.6139 -457.328 221.416
    endloop
  endfacet
  facet normal 0.405579 -0.405579 0.819153
    outer loop
      vertex 66.1494 -453.792 221.416
      vertex 62.6139 -457.328 221.416
      vertex 63.1187 -457.832 220.916
    endloop
  endfacet
  facet normal 0.499992 -0.499992 0.707118
    outer loop
      vertex 66.6543 -454.297 220.916
      vertex 63.1187 -457.832 220.916
      vertex 63.5545 -458.268 220.3
    endloop
  endfacet
  facet normal 0.579228 -0.579228 0.573577
    outer loop
      vertex 67.09 -454.733 220.3
      vertex 63.5545 -458.268 220.3
      vertex 63.908 -458.622 219.586
    endloop
  endfacet
  facet normal 0.640859 -0.640859 0.422611
    outer loop
      vertex 67.4435 -455.086 219.586
      vertex 63.908 -458.622 219.586
      vertex 64.1684 -458.882 218.796
    endloop
  endfacet
  facet normal 0.683013 -0.683013 0.25882
    outer loop
      vertex 67.704 -455.347 218.796
      vertex 64.1684 -458.882 218.796
      vertex 64.328 -459.042 217.954
    endloop
  endfacet
  facet normal 0.704416 -0.704416 0.0871557
    outer loop
      vertex 67.8635 -455.506 217.954
      vertex 64.328 -459.042 217.954
      vertex 64.3817 -459.095 217.086
    endloop
  endfacet
  facet normal 0.707107 -0.707107 0
    outer loop
      vertex 67.9172 -455.56 217.086
      vertex 64.3817 -459.095 217.086
      vertex 64.3817 -459.095 189.254
    endloop
  endfacet
  facet normal 0.707107 -0.707107 0
    outer loop
      vertex 64.3817 -459.095 189.254
      vertex 67.9172 -455.56 189.254
      vertex 67.9172 -455.56 217.086
    endloop
  endfacet
  facet normal -5.49532e-16 -5.49532e-16 -1
    outer loop
      vertex 41.7543 -436.468 189.254
      vertex 45.2898 -432.932 189.254
      vertex 67.9172 -455.56 189.254
    endloop
  endfacet
  facet normal -5.49532e-16 -5.49532e-16 -1
    outer loop
      vertex 67.9172 -455.56 189.254
      vertex 64.3817 -459.095 189.254
      vertex 41.7543 -436.468 189.254
    endloop
  endfacet
  facet normal -0.707107 0.707107 0
    outer loop
      vertex 41.7543 -436.468 217.086
      vertex 45.2898 -432.932 217.086
      vertex 45.2898 -432.932 189.254
    endloop
  endfacet
  facet normal -0.707107 0.707107 0
    outer loop
      vertex 45.2898 -432.932 189.254
      vertex 41.7543 -436.468 189.254
      vertex 41.7543 -436.468 217.086
    endloop
  endfacet
  facet normal -0.0554777 0.0554777 0.996917
    outer loop
      vertex 45.2898 -440.004 222.086
      vertex 48.8253 -436.468 222.086
      vertex 48.2722 -435.915 222.024
    endloop
  endfacet
  facet normal -0.16507 0.16507 0.97237
    outer loop
      vertex 44.7367 -439.45 222.024
      vertex 48.2722 -435.915 222.024
      vertex 47.7328 -435.375 221.841
    endloop
  endfacet
  facet normal -0.270592 0.270592 0.923883
    outer loop
      vertex 44.1973 -438.911 221.841
      vertex 47.7328 -435.375 221.841
      vertex 47.2202 -434.863 221.541
    endloop
  endfacet
  facet normal -0.369468 0.369468 0.852635
    outer loop
      vertex 43.6847 -438.398 221.541
      vertex 47.2202 -434.863 221.541
      vertex 46.7472 -434.39 221.131
    endloop
  endfacet
  facet normal -0.459221 0.459221 0.760416
    outer loop
      vertex 43.2117 -437.925 221.131
      vertex 46.7472 -434.39 221.131
      vertex 46.3253 -433.968 220.621
    endloop
  endfacet
  facet normal -0.537688 0.537688 0.649449
    outer loop
      vertex 42.7898 -437.504 220.621
      vertex 46.3253 -433.968 220.621
      vertex 45.965 -433.608 220.025
    endloop
  endfacet
  facet normal -0.602909 0.602909 0.522496
    outer loop
      vertex 42.4295 -437.143 220.025
      vertex 45.965 -433.608 220.025
      vertex 45.6751 -433.318 219.356
    endloop
  endfacet
  facet normal -0.653279 0.653279 0.382692
    outer loop
      vertex 42.1396 -436.853 219.356
      vertex 45.6751 -433.318 219.356
      vertex 45.4628 -433.106 218.631
    endloop
  endfacet
  facet normal -0.687572 0.687572 0.233429
    outer loop
      vertex 41.9273 -436.641 218.631
      vertex 45.4628 -433.106 218.631
      vertex 45.3333 -432.976 217.868
    endloop
  endfacet
  facet normal -0.704925 0.704925 0.0784908
    outer loop
      vertex 41.7978 -436.512 217.868
      vertex 45.3333 -432.976 217.868
      vertex 45.2898 -432.932 217.086
    endloop
  endfacet
  facet normal -0.704927 0.704927 0.0784613
    outer loop
      vertex 45.2898 -432.932 217.086
      vertex 41.7543 -436.468 217.086
      vertex 41.7978 -436.512 217.868
    endloop
  endfacet
  facet normal -0.687567 0.687567 0.233457
    outer loop
      vertex 45.3333 -432.976 217.868
      vertex 41.7978 -436.512 217.868
      vertex 41.9273 -436.641 218.631
    endloop
  endfacet
  facet normal -0.653286 0.653286 0.382667
    outer loop
      vertex 45.4628 -433.106 218.631
      vertex 41.9273 -436.641 218.631
      vertex 42.1396 -436.853 219.356
    endloop
  endfacet
  facet normal -0.602908 0.602908 0.522497
    outer loop
      vertex 45.6751 -433.318 219.356
      vertex 42.1396 -436.853 219.356
      vertex 42.4295 -437.143 220.025
    endloop
  endfacet
  facet normal -0.537678 0.537678 0.649465
    outer loop
      vertex 45.965 -433.608 220.025
      vertex 42.4295 -437.143 220.025
      vertex 42.7898 -437.504 220.621
    endloop
  endfacet
  facet normal -0.459241 0.459241 0.760391
    outer loop
      vertex 46.3253 -433.968 220.621
      vertex 42.7898 -437.504 220.621
      vertex 43.2117 -437.925 221.131
    endloop
  endfacet
  facet normal -0.369468 0.369468 0.852635
    outer loop
      vertex 46.7472 -434.39 221.131
      vertex 43.2117 -437.925 221.131
      vertex 43.6847 -438.398 221.541
    endloop
  endfacet
  facet normal -0.270592 0.270592 0.923883
    outer loop
      vertex 47.2202 -434.863 221.541
      vertex 43.6847 -438.398 221.541
      vertex 44.1973 -438.911 221.841
    endloop
  endfacet
  facet normal -0.16508 0.16508 0.972367
    outer loop
      vertex 47.7328 -435.375 221.841
      vertex 44.1973 -438.911 221.841
      vertex 44.7367 -439.45 222.024
    endloop
  endfacet
  facet normal -0.0554776 0.0554776 0.996917
    outer loop
      vertex 48.2722 -435.915 222.024
      vertex 44.7367 -439.45 222.024
      vertex 45.2898 -440.004 222.086
    endloop
  endfacet
  facet normal 5.49532e-16 5.49532e-16 1
    outer loop
      vertex 48.8253 -436.468 222.086
      vertex 45.2898 -440.004 222.086
      vertex 46.0058 -440.72 222.086
    endloop
  endfacet
  facet normal 5.49532e-16 5.49532e-16 1
    outer loop
      vertex 46.0058 -440.72 222.086
      vertex 49.5413 -437.184 222.086
      vertex 48.8253 -436.468 222.086
    endloop
  endfacet
  facet normal -0.704927 0.704927 0.078451
    outer loop
      vertex 49.489 -444.203 226.293
      vertex 49.5324 -444.246 227.073
      vertex 53.068 -440.711 227.073
    endloop
  endfacet
  facet normal -0.687569 0.687569 0.23345
    outer loop
      vertex 49.3598 -444.074 225.532
      vertex 49.489 -444.203 226.293
      vertex 53.0245 -440.667 226.293
    endloop
  endfacet
  facet normal -0.653284 0.653284 0.382676
    outer loop
      vertex 49.148 -443.862 224.809
      vertex 49.3598 -444.074 225.532
      vertex 52.8954 -440.538 225.532
    endloop
  endfacet
  facet normal -0.602907 0.602907 0.522499
    outer loop
      vertex 48.8589 -443.573 224.142
      vertex 49.148 -443.862 224.809
      vertex 52.6836 -440.326 224.809
    endloop
  endfacet
  facet normal -0.537689 0.537689 0.649448
    outer loop
      vertex 48.4995 -443.213 223.547
      vertex 48.8589 -443.573 224.142
      vertex 52.3944 -440.037 224.142
    endloop
  endfacet
  facet normal -0.459227 0.459227 0.760409
    outer loop
      vertex 48.0787 -442.792 223.038
      vertex 48.4995 -443.213 223.547
      vertex 52.035 -439.678 223.547
    endloop
  endfacet
  facet normal -0.369468 0.369468 0.852636
    outer loop
      vertex 47.6068 -442.321 222.629
      vertex 48.0787 -442.792 223.038
      vertex 51.6142 -439.257 223.038
    endloop
  endfacet
  facet normal -0.270592 0.270592 0.923883
    outer loop
      vertex 47.0956 -441.809 222.33
      vertex 47.6068 -442.321 222.629
      vertex 51.1424 -438.785 222.629
    endloop
  endfacet
  facet normal -0.165072 0.165072 0.97237
    outer loop
      vertex 46.5575 -441.271 222.147
      vertex 47.0956 -441.809 222.33
      vertex 50.6311 -438.274 222.33
    endloop
  endfacet
  facet normal -0.055477 0.055477 0.996918
    outer loop
      vertex 46.0058 -440.72 222.086
      vertex 46.5575 -441.271 222.147
      vertex 50.093 -437.736 222.147
    endloop
  endfacet
  facet normal -0.0554754 0.0554754 0.996918
    outer loop
      vertex 50.093 -437.736 222.147
      vertex 49.5413 -437.184 222.086
      vertex 46.0058 -440.72 222.086
    endloop
  endfacet
  facet normal -0.165072 0.165072 0.972369
    outer loop
      vertex 50.6311 -438.274 222.33
      vertex 50.093 -437.736 222.147
      vertex 46.5575 -441.271 222.147
    endloop
  endfacet
  facet normal -0.270599 0.270599 0.923879
    outer loop
      vertex 51.1424 -438.785 222.629
      vertex 50.6311 -438.274 222.33
      vertex 47.0956 -441.809 222.33
    endloop
  endfacet
  facet normal -0.369468 0.369468 0.852636
    outer loop
      vertex 51.6142 -439.257 223.038
      vertex 51.1424 -438.785 222.629
      vertex 47.6068 -442.321 222.629
    endloop
  endfacet
  facet normal -0.459227 0.459227 0.760409
    outer loop
      vertex 52.035 -439.678 223.547
      vertex 51.6142 -439.257 223.038
      vertex 48.0787 -442.792 223.038
    endloop
  endfacet
  facet normal -0.537689 0.537689 0.649448
    outer loop
      vertex 52.3944 -440.037 224.142
      vertex 52.035 -439.678 223.547
      vertex 48.4995 -443.213 223.547
    endloop
  endfacet
  facet normal -0.602907 0.602907 0.522499
    outer loop
      vertex 52.6836 -440.326 224.809
      vertex 52.3944 -440.037 224.142
      vertex 48.8589 -443.573 224.142
    endloop
  endfacet
  facet normal -0.653284 0.653284 0.382676
    outer loop
      vertex 52.8954 -440.538 225.532
      vertex 52.6836 -440.326 224.809
      vertex 49.148 -443.862 224.809
    endloop
  endfacet
  facet normal -0.687569 0.687569 0.233449
    outer loop
      vertex 53.0245 -440.667 226.293
      vertex 52.8954 -440.538 225.532
      vertex 49.3598 -444.074 225.532
    endloop
  endfacet
  facet normal -0.704926 0.704926 0.0784804
    outer loop
      vertex 53.068 -440.711 227.073
      vertex 53.0245 -440.667 226.293
      vertex 49.489 -444.203 226.293
    endloop
  endfacet
  facet normal -0.707107 0.707107 0
    outer loop
      vertex 49.5324 -444.246 363.42
      vertex 53.068 -440.711 363.42
      vertex 53.068 -440.711 227.073
    endloop
  endfacet
  facet normal -0.707107 0.707107 0
    outer loop
      vertex 53.068 -440.711 227.073
      vertex 49.5324 -444.246 227.073
      vertex 49.5324 -444.246 363.42
    endloop
  endfacet
  facet normal -0.0655761 0.0655761 -0.995691
    outer loop
      vertex 44.8873 -439.601 371.291
      vertex 43.9091 -438.623 371.42
      vertex 47.4447 -435.087 371.42
    endloop
  endfacet
  facet normal -0.18639 0.18639 -0.964633
    outer loop
      vertex 45.8349 -440.549 370.925
      vertex 44.8873 -439.601 371.291
      vertex 48.4228 -436.065 371.291
    endloop
  endfacet
  facet normal -0.301579 0.301579 -0.904489
    outer loop
      vertex 46.7234 -441.437 370.332
      vertex 45.8349 -440.549 370.925
      vertex 49.3704 -437.013 370.925
    endloop
  endfacet
  facet normal -0.407683 0.407683 -0.817062
    outer loop
      vertex 47.526 -442.24 369.531
      vertex 46.7234 -441.437 370.332
      vertex 50.2589 -437.902 370.332
    endloop
  endfacet
  facet normal -0.50148 0.50148 -0.705008
    outer loop
      vertex 48.2186 -442.932 368.546
      vertex 47.526 -442.24 369.531
      vertex 51.0615 -438.704 369.531
    endloop
  endfacet
  facet normal -0.580165 0.580165 -0.571679
    outer loop
      vertex 48.7801 -443.494 367.406
      vertex 48.2186 -442.932 368.546
      vertex 51.7541 -439.397 368.546
    endloop
  endfacet
  facet normal -0.64135 0.64135 -0.421119
    outer loop
      vertex 49.1938 -443.908 366.146
      vertex 48.7801 -443.494 367.406
      vertex 52.3157 -439.958 367.406
    endloop
  endfacet
  facet normal -0.683193 0.683193 -0.257864
    outer loop
      vertex 49.4471 -444.161 364.804
      vertex 49.1938 -443.908 366.146
      vertex 52.7294 -440.372 366.146
    endloop
  endfacet
  facet normal -0.704437 0.704437 -0.0868148
    outer loop
      vertex 49.5324 -444.246 363.42
      vertex 49.4471 -444.161 364.804
      vertex 52.9827 -440.625 364.804
    endloop
  endfacet
  facet normal -0.704436 0.704436 -0.0868315
    outer loop
      vertex 52.9827 -440.625 364.804
      vertex 53.068 -440.711 363.42
      vertex 49.5324 -444.246 363.42
    endloop
  endfacet
  facet normal -0.68319 0.68319 -0.257879
    outer loop
      vertex 52.7294 -440.372 366.146
      vertex 52.9827 -440.625 364.804
      vertex 49.4471 -444.161 364.804
    endloop
  endfacet
  facet normal -0.64135 0.64135 -0.421119
    outer loop
      vertex 52.3157 -439.958 367.406
      vertex 52.7294 -440.372 366.146
      vertex 49.1938 -443.908 366.146
    endloop
  endfacet
  facet normal -0.580159 0.580159 -0.57169
    outer loop
      vertex 51.7541 -439.397 368.546
      vertex 52.3157 -439.958 367.406
      vertex 48.7801 -443.494 367.406
    endloop
  endfacet
  facet normal -0.50148 0.50148 -0.705007
    outer loop
      vertex 51.0615 -438.704 369.531
      vertex 51.7541 -439.397 368.546
      vertex 48.2186 -442.932 368.546
    endloop
  endfacet
  facet normal -0.407683 0.407683 -0.817062
    outer loop
      vertex 50.2589 -437.902 370.332
      vertex 51.0615 -438.704 369.531
      vertex 47.526 -442.24 369.531
    endloop
  endfacet
  facet normal -0.301579 0.301579 -0.904489
    outer loop
      vertex 49.3704 -437.013 370.925
      vertex 50.2589 -437.902 370.332
      vertex 46.7234 -441.437 370.332
    endloop
  endfacet
  facet normal -0.186387 0.186387 -0.964635
    outer loop
      vertex 48.4228 -436.065 371.291
      vertex 49.3704 -437.013 370.925
      vertex 45.8349 -440.549 370.925
    endloop
  endfacet
  facet normal -0.065576 0.065576 -0.995691
    outer loop
      vertex 47.4447 -435.087 371.42
      vertex 48.4228 -436.065 371.291
      vertex 44.8873 -439.601 371.291
    endloop
  endfacet
  facet normal -0.00419763 0.00419763 -0.999982
    outer loop
      vertex -25.705 -361.938 372.034
      vertex 47.4447 -435.087 371.42
      vertex 43.9091 -438.623 371.42
    endloop
  endfacet
  facet normal -0.00419763 0.00419763 -0.999982
    outer loop
      vertex 43.9091 -438.623 371.42
      vertex -29.2405 -365.473 372.034
      vertex -25.705 -361.938 372.034
    endloop
  endfacet
  facet normal 0.704911 -0.704911 -0.0787508
    outer loop
      vertex -34.8608 -359.853 365.29
      vertex -34.9309 -359.783 364.034
      vertex -31.3954 -356.247 364.034
    endloop
  endfacet
  facet normal 0.687425 -0.687425 -0.234296
    outer loop
      vertex -34.652 -360.062 366.515
      vertex -34.8608 -359.853 365.29
      vertex -31.3252 -356.317 365.29
    endloop
  endfacet
  facet normal 0.652885 -0.652885 -0.384035
    outer loop
      vertex -34.3098 -360.404 367.679
      vertex -34.652 -360.062 366.515
      vertex -31.1165 -356.526 366.515
    endloop
  endfacet
  facet normal 0.602135 -0.602135 -0.524278
    outer loop
      vertex -33.8427 -360.871 368.752
      vertex -34.3098 -360.404 367.679
      vertex -30.7742 -356.868 367.679
    endloop
  endfacet
  facet normal 0.536459 -0.536459 -0.651477
    outer loop
      vertex -33.2622 -361.452 369.708
      vertex -33.8427 -360.871 368.752
      vertex -30.3071 -357.336 368.752
    endloop
  endfacet
  facet normal 0.457471 -0.457471 -0.762523
    outer loop
      vertex -32.5828 -362.131 370.523
      vertex -33.2622 -361.452 369.708
      vertex -29.7267 -357.916 369.708
    endloop
  endfacet
  facet normal 0.36713 -0.36713 -0.854653
    outer loop
      vertex -31.8213 -362.892 371.177
      vertex -32.5828 -362.131 370.523
      vertex -29.0472 -358.595 370.523
    endloop
  endfacet
  facet normal 0.267684 -0.267684 -0.925576
    outer loop
      vertex -30.9966 -363.717 371.654
      vertex -31.8213 -362.892 371.177
      vertex -28.2857 -359.357 371.177
    endloop
  endfacet
  facet normal 0.161608 -0.161608 -0.973533
    outer loop
      vertex -30.1292 -364.585 371.942
      vertex -30.9966 -363.717 371.654
      vertex -27.461 -360.182 371.654
    endloop
  endfacet
  facet normal 0.0515015 -0.0515015 -0.997344
    outer loop
      vertex -29.2405 -365.473 372.034
      vertex -30.1292 -364.585 371.942
      vertex -26.5936 -361.049 371.942
    endloop
  endfacet
  facet normal 0.0515015 -0.0515015 -0.997344
    outer loop
      vertex -26.5936 -361.049 371.942
      vertex -25.705 -361.938 372.034
      vertex -29.2405 -365.473 372.034
    endloop
  endfacet
  facet normal 0.161602 -0.161602 -0.973535
    outer loop
      vertex -27.461 -360.182 371.654
      vertex -26.5936 -361.049 371.942
      vertex -30.1292 -364.585 371.942
    endloop
  endfacet
  facet normal 0.267684 -0.267684 -0.925576
    outer loop
      vertex -28.2857 -359.357 371.177
      vertex -27.461 -360.182 371.654
      vertex -30.9966 -363.717 371.654
    endloop
  endfacet
  facet normal 0.367118 -0.367118 -0.854663
    outer loop
      vertex -29.0472 -358.595 370.523
      vertex -28.2857 -359.357 371.177
      vertex -31.8213 -362.892 371.177
    endloop
  endfacet
  facet normal 0.457484 -0.457484 -0.762507
    outer loop
      vertex -29.7267 -357.916 369.708
      vertex -29.0472 -358.595 370.523
      vertex -32.5828 -362.131 370.523
    endloop
  endfacet
  facet normal 0.53646 -0.53646 -0.651477
    outer loop
      vertex -30.3071 -357.336 368.752
      vertex -29.7267 -357.916 369.708
      vertex -33.2622 -361.452 369.708
    endloop
  endfacet
  facet normal 0.602146 -0.602146 -0.524252
    outer loop
      vertex -30.7742 -356.868 367.679
      vertex -30.3071 -357.336 368.752
      vertex -33.8427 -360.871 368.752
    endloop
  endfacet
  facet normal 0.652875 -0.652875 -0.384067
    outer loop
      vertex -31.1165 -356.526 366.515
      vertex -30.7742 -356.868 367.679
      vertex -34.3098 -360.404 367.679
    endloop
  endfacet
  facet normal 0.687419 -0.687419 -0.234331
    outer loop
      vertex -31.3252 -356.317 365.29
      vertex -31.1165 -356.526 366.515
      vertex -34.652 -360.062 366.515
    endloop
  endfacet
  facet normal 0.704909 -0.704909 -0.0787874
    outer loop
      vertex -31.3954 -356.247 364.034
      vertex -31.3252 -356.317 365.29
      vertex -34.8608 -359.853 365.29
    endloop
  endfacet
  facet normal 0.707107 -0.707107 0
    outer loop
      vertex -31.3954 -356.247 364.034
      vertex -34.9309 -359.783 364.034
      vertex -34.9309 -359.783 227.073
    endloop
  endfacet
  facet normal 0.707107 -0.707107 0
    outer loop
      vertex -34.9309 -359.783 227.073
      vertex -31.3954 -356.247 227.073
      vertex -31.3954 -356.247 364.034
    endloop
  endfacet
  facet normal 0.0616284 -0.0616284 0.996195
    outer loop
      vertex -32.0167 -362.697 222.162
      vertex -31.4043 -363.309 222.086
      vertex -27.8687 -359.774 222.086
    endloop
  endfacet
  facet normal 0.183006 -0.183006 0.965928
    outer loop
      vertex -32.6105 -362.103 222.387
      vertex -32.0167 -362.697 222.162
      vertex -28.4811 -359.162 222.162
    endloop
  endfacet
  facet normal 0.298826 -0.298826 0.906314
    outer loop
      vertex -33.1676 -361.546 222.754
      vertex -32.6105 -362.103 222.387
      vertex -29.0749 -358.568 222.387
    endloop
  endfacet
  facet normal 0.405585 -0.405585 0.819147
    outer loop
      vertex -33.6712 -361.043 223.253
      vertex -33.1676 -361.546 222.754
      vertex -29.6321 -358.011 222.754
    endloop
  endfacet
  facet normal 0.499986 -0.499986 0.707126
    outer loop
      vertex -34.1059 -360.608 223.867
      vertex -33.6712 -361.043 223.253
      vertex -30.1356 -357.507 223.253
    endloop
  endfacet
  facet normal 0.579236 -0.579236 0.57356
    outer loop
      vertex -34.4585 -360.255 224.58
      vertex -34.1059 -360.608 223.867
      vertex -30.5703 -357.072 223.867
    endloop
  endfacet
  facet normal 0.640858 -0.640858 0.422615
    outer loop
      vertex -34.7182 -359.996 225.367
      vertex -34.4585 -360.255 224.58
      vertex -30.9229 -356.72 224.58
    endloop
  endfacet
  facet normal 0.683013 -0.683013 0.258816
    outer loop
      vertex -34.8774 -359.836 226.207
      vertex -34.7182 -359.996 225.367
      vertex -31.1827 -356.46 225.367
    endloop
  endfacet
  facet normal 0.704413 -0.704413 0.0872002
    outer loop
      vertex -34.9309 -359.783 227.073
      vertex -34.8774 -359.836 226.207
      vertex -31.3418 -356.301 226.207
    endloop
  endfacet
  facet normal 0.704417 -0.704417 0.0871471
    outer loop
      vertex -31.3418 -356.301 226.207
      vertex -31.3954 -356.247 227.073
      vertex -34.9309 -359.783 227.073
    endloop
  endfacet
  facet normal 0.683013 -0.683013 0.258817
    outer loop
      vertex -31.1827 -356.46 225.367
      vertex -31.3418 -356.301 226.207
      vertex -34.8774 -359.836 226.207
    endloop
  endfacet
  facet normal 0.640858 -0.640858 0.422615
    outer loop
      vertex -30.9229 -356.72 224.58
      vertex -31.1827 -356.46 225.367
      vertex -34.7182 -359.996 225.367
    endloop
  endfacet
  facet normal 0.579219 -0.579219 0.573595
    outer loop
      vertex -30.5703 -357.072 223.867
      vertex -30.9229 -356.72 224.58
      vertex -34.4585 -360.255 224.58
    endloop
  endfacet
  facet normal 0.500006 -0.500006 0.707099
    outer loop
      vertex -30.1356 -357.507 223.253
      vertex -30.5703 -357.072 223.867
      vertex -34.1059 -360.608 223.867
    endloop
  endfacet
  facet normal 0.405585 -0.405585 0.819147
    outer loop
      vertex -29.6321 -358.011 222.754
      vertex -30.1356 -357.507 223.253
      vertex -33.6712 -361.043 223.253
    endloop
  endfacet
  facet normal 0.298841 -0.298841 0.906305
    outer loop
      vertex -29.0749 -358.568 222.387
      vertex -29.6321 -358.011 222.754
      vertex -33.1676 -361.546 222.754
    endloop
  endfacet
  facet normal 0.183015 -0.183015 0.965925
    outer loop
      vertex -28.4811 -359.162 222.162
      vertex -29.0749 -358.568 222.387
      vertex -32.6105 -362.103 222.387
    endloop
  endfacet
  facet normal 0.0616316 -0.0616316 0.996194
    outer loop
      vertex -27.8687 -359.774 222.086
      vertex -28.4811 -359.162 222.162
      vertex -32.0167 -362.697 222.162
    endloop
  endfacet
  facet normal 5.49532e-16 5.49532e-16 1
    outer loop
      vertex -27.8687 -359.774 222.086
      vertex -31.4043 -363.309 222.086
      vertex -30.6268 -364.087 222.086
    endloop
  endfacet
  facet normal 5.49532e-16 5.49532e-16 1
    outer loop
      vertex -30.6268 -364.087 222.086
      vertex -27.0912 -360.551 222.086
      vertex -27.8687 -359.774 222.086
    endloop
  endfacet
  facet normal 0.704419 -0.704419 0.0871092
    outer loop
      vertex -27.1528 -367.561 217.173
      vertex -23.6172 -364.025 217.173
      vertex -23.67 -363.973 218.026
    endloop
  endfacet
  facet normal 0.683021 -0.683021 0.258773
    outer loop
      vertex -27.2055 -367.508 218.026
      vertex -23.67 -363.973 218.026
      vertex -23.8267 -363.816 218.853
    endloop
  endfacet
  facet normal 0.64086 -0.64086 0.422606
    outer loop
      vertex -27.3623 -367.352 218.853
      vertex -23.8267 -363.816 218.853
      vertex -24.0826 -363.56 219.629
    endloop
  endfacet
  facet normal 0.579237 -0.579237 0.573558
    outer loop
      vertex -27.6182 -367.096 219.629
      vertex -24.0826 -363.56 219.629
      vertex -24.43 -363.213 220.331
    endloop
  endfacet
  facet normal 0.500006 -0.500006 0.707098
    outer loop
      vertex -27.9655 -366.748 220.331
      vertex -24.43 -363.213 220.331
      vertex -24.8582 -362.785 220.936
    endloop
  endfacet
  facet normal 0.405576 -0.405576 0.819155
    outer loop
      vertex -28.3937 -366.32 220.936
      vertex -24.8582 -362.785 220.936
      vertex -25.3542 -362.288 221.428
    endloop
  endfacet
  facet normal 0.298833 -0.298833 0.90631
    outer loop
      vertex -28.8898 -365.824 221.428
      vertex -25.3542 -362.288 221.428
      vertex -25.903 -361.74 221.79
    endloop
  endfacet
  facet normal 0.183012 -0.183012 0.965926
    outer loop
      vertex -29.4386 -365.275 221.79
      vertex -25.903 -361.74 221.79
      vertex -26.488 -361.155 222.011
    endloop
  endfacet
  facet normal 0.0616285 -0.0616285 0.996195
    outer loop
      vertex -30.0235 -364.69 222.011
      vertex -26.488 -361.155 222.011
      vertex -27.0912 -360.551 222.086
    endloop
  endfacet
  facet normal 0.0616285 -0.0616285 0.996195
    outer loop
      vertex -27.0912 -360.551 222.086
      vertex -30.6268 -364.087 222.086
      vertex -30.0235 -364.69 222.011
    endloop
  endfacet
  facet normal 0.183013 -0.183013 0.965926
    outer loop
      vertex -26.488 -361.155 222.011
      vertex -30.0235 -364.69 222.011
      vertex -29.4386 -365.275 221.79
    endloop
  endfacet
  facet normal 0.298833 -0.298833 0.90631
    outer loop
      vertex -25.903 -361.74 221.79
      vertex -29.4386 -365.275 221.79
      vertex -28.8898 -365.824 221.428
    endloop
  endfacet
  facet normal 0.405576 -0.405576 0.819156
    outer loop
      vertex -25.3542 -362.288 221.428
      vertex -28.8898 -365.824 221.428
      vertex -28.3937 -366.32 220.936
    endloop
  endfacet
  facet normal 0.500006 -0.500006 0.707098
    outer loop
      vertex -24.8582 -362.785 220.936
      vertex -28.3937 -366.32 220.936
      vertex -27.9655 -366.748 220.331
    endloop
  endfacet
  facet normal 0.579219 -0.579219 0.573595
    outer loop
      vertex -24.43 -363.213 220.331
      vertex -27.9655 -366.748 220.331
      vertex -27.6182 -367.096 219.629
    endloop
  endfacet
  facet normal 0.64086 -0.64086 0.422606
    outer loop
      vertex -24.0826 -363.56 219.629
      vertex -27.6182 -367.096 219.629
      vertex -27.3623 -367.352 218.853
    endloop
  endfacet
  facet normal 0.683002 -0.683002 0.258875
    outer loop
      vertex -23.8267 -363.816 218.853
      vertex -27.3623 -367.352 218.853
      vertex -27.2055 -367.508 218.026
    endloop
  endfacet
  facet normal 0.704412 -0.704412 0.0872171
    outer loop
      vertex -23.67 -363.973 218.026
      vertex -27.2055 -367.508 218.026
      vertex -27.1528 -367.561 217.173
    endloop
  endfacet
  facet normal 0.707107 -0.707107 0
    outer loop
      vertex -23.6172 -364.025 217.173
      vertex -27.1528 -367.561 217.173
      vertex -27.1528 -367.561 189.254
    endloop
  endfacet
  facet normal 0.707107 -0.707107 0
    outer loop
      vertex -27.1528 -367.561 189.254
      vertex -23.6172 -364.025 189.254
      vertex -23.6172 -364.025 217.173
    endloop
  endfacet
  facet normal -5.49532e-16 -5.49532e-16 -1
    outer loop
      vertex -49.7802 -344.934 189.254
      vertex -46.2446 -341.398 189.254
      vertex -23.6172 -364.025 189.254
    endloop
  endfacet
  facet normal -5.49532e-16 -5.49532e-16 -1
    outer loop
      vertex -23.6172 -364.025 189.254
      vertex -27.1528 -367.561 189.254
      vertex -49.7802 -344.934 189.254
    endloop
  endfacet
  facet normal -0.707107 0.707107 0
    outer loop
      vertex -49.7802 -344.934 216.904
      vertex -46.2446 -341.398 216.904
      vertex -46.2446 -341.398 189.254
    endloop
  endfacet
  facet normal -0.707107 0.707107 0
    outer loop
      vertex -46.2446 -341.398 189.254
      vertex -49.7802 -344.934 189.254
      vertex -49.7802 -344.934 216.904
    endloop
  endfacet
  facet normal -0.0616322 0.0616322 0.996194
    outer loop
      vertex -46.1163 -348.597 222.086
      vertex -42.5808 -345.062 222.086
      vertex -43.217 -344.426 222.007
    endloop
  endfacet
  facet normal -0.183003 0.183003 0.96593
    outer loop
      vertex -46.7525 -347.961 222.007
      vertex -43.217 -344.426 222.007
      vertex -43.8339 -343.809 221.773
    endloop
  endfacet
  facet normal -0.298828 0.298828 0.906313
    outer loop
      vertex -47.3694 -347.344 221.773
      vertex -43.8339 -343.809 221.773
      vertex -44.4127 -343.23 221.392
    endloop
  endfacet
  facet normal -0.405586 0.405586 0.819146
    outer loop
      vertex -47.9482 -346.766 221.392
      vertex -44.4127 -343.23 221.392
      vertex -44.9359 -342.707 220.874
    endloop
  endfacet
  facet normal -0.500001 0.500001 0.707106
    outer loop
      vertex -48.4714 -346.242 220.874
      vertex -44.9359 -342.707 220.874
      vertex -45.3875 -342.255 220.235
    endloop
  endfacet
  facet normal -0.579228 0.579228 0.573576
    outer loop
      vertex -48.923 -345.791 220.235
      vertex -45.3875 -342.255 220.235
      vertex -45.7538 -341.889 219.495
    endloop
  endfacet
  facet normal -0.640858 0.640858 0.422614
    outer loop
      vertex -49.2893 -345.424 219.495
      vertex -45.7538 -341.889 219.495
      vertex -46.0237 -341.619 218.676
    endloop
  endfacet
  facet normal -0.683013 0.683013 0.258817
    outer loop
      vertex -49.5592 -345.155 218.676
      vertex -46.0237 -341.619 218.676
      vertex -46.189 -341.454 217.804
    endloop
  endfacet
  facet normal -0.704417 0.704417 0.087132
    outer loop
      vertex -49.7245 -344.989 217.804
      vertex -46.189 -341.454 217.804
      vertex -46.2446 -341.398 216.904
    endloop
  endfacet
  facet normal -0.704414 0.704414 0.0871832
    outer loop
      vertex -46.2446 -341.398 216.904
      vertex -49.7802 -344.934 216.904
      vertex -49.7245 -344.989 217.804
    endloop
  endfacet
  facet normal -0.683022 0.683022 0.258769
    outer loop
      vertex -46.189 -341.454 217.804
      vertex -49.7245 -344.989 217.804
      vertex -49.5592 -345.155 218.676
    endloop
  endfacet
  facet normal -0.640844 0.640844 0.422657
    outer loop
      vertex -46.0237 -341.619 218.676
      vertex -49.5592 -345.155 218.676
      vertex -49.2893 -345.424 219.495
    endloop
  endfacet
  facet normal -0.579228 0.579228 0.573575
    outer loop
      vertex -45.7538 -341.889 219.495
      vertex -49.2893 -345.424 219.495
      vertex -48.923 -345.791 220.235
    endloop
  endfacet
  facet normal -0.500001 0.500001 0.707106
    outer loop
      vertex -45.3875 -342.255 220.235
      vertex -48.923 -345.791 220.235
      vertex -48.4714 -346.242 220.874
    endloop
  endfacet
  facet normal -0.405585 0.405585 0.819147
    outer loop
      vertex -44.9359 -342.707 220.874
      vertex -48.4714 -346.242 220.874
      vertex -47.9482 -346.766 221.392
    endloop
  endfacet
  facet normal -0.298829 0.298829 0.906313
    outer loop
      vertex -44.4127 -343.23 221.392
      vertex -47.9482 -346.766 221.392
      vertex -47.3694 -347.344 221.773
    endloop
  endfacet
  facet normal -0.183021 0.183021 0.965923
    outer loop
      vertex -43.8339 -343.809 221.773
      vertex -47.3694 -347.344 221.773
      vertex -46.7525 -347.961 222.007
    endloop
  endfacet
  facet normal -0.0616322 0.0616322 0.996194
    outer loop
      vertex -43.217 -344.426 222.007
      vertex -46.7525 -347.961 222.007
      vertex -46.1163 -348.597 222.086
    endloop
  endfacet
  facet normal 5.49532e-16 5.49532e-16 1
    outer loop
      vertex -42.5808 -345.062 222.086
      vertex -46.1163 -348.597 222.086
      vertex -45.5287 -349.185 222.086
    endloop
  endfacet
  facet normal 5.49532e-16 5.49532e-16 1
    outer loop
      vertex -45.5287 -349.185 222.086
      vertex -41.9931 -345.65 222.086
      vertex -42.5808 -345.062 222.086
    endloop
  endfacet
  facet normal -0.704926 0.704926 0.0784805
    outer loop
      vertex -42.0454 -352.668 226.293
      vertex -42.002 -352.712 227.073
      vertex -38.4665 -349.176 227.073
    endloop
  endfacet
  facet normal -0.687564 0.687564 0.233478
    outer loop
      vertex -42.1746 -352.539 225.532
      vertex -42.0454 -352.668 226.293
      vertex -38.5099 -349.133 226.293
    endloop
  endfacet
  facet normal -0.653276 0.653276 0.382701
    outer loop
      vertex -42.3864 -352.327 224.809
      vertex -42.1746 -352.539 225.532
      vertex -38.6391 -349.004 225.532
    endloop
  endfacet
  facet normal -0.602898 0.602898 0.52252
    outer loop
      vertex -42.6755 -352.038 224.142
      vertex -42.3864 -352.327 224.809
      vertex -38.8508 -348.792 224.809
    endloop
  endfacet
  facet normal -0.537689 0.537689 0.649448
    outer loop
      vertex -43.0349 -351.679 223.547
      vertex -42.6755 -352.038 224.142
      vertex -39.14 -348.503 224.142
    endloop
  endfacet
  facet normal -0.459247 0.459247 0.760384
    outer loop
      vertex -43.4557 -351.258 223.038
      vertex -43.0349 -351.679 223.547
      vertex -39.4994 -348.143 223.547
    endloop
  endfacet
  facet normal -0.369468 0.369468 0.852636
    outer loop
      vertex -43.9276 -350.786 222.629
      vertex -43.4557 -351.258 223.038
      vertex -39.9202 -347.722 223.038
    endloop
  endfacet
  facet normal -0.270599 0.270599 0.923879
    outer loop
      vertex -44.4389 -350.275 222.33
      vertex -43.9276 -350.786 222.629
      vertex -40.3921 -347.251 222.629
    endloop
  endfacet
  facet normal -0.165077 0.165077 0.972368
    outer loop
      vertex -44.977 -349.737 222.147
      vertex -44.4389 -350.275 222.33
      vertex -40.9033 -346.739 222.33
    endloop
  endfacet
  facet normal -0.0554753 0.0554753 0.996918
    outer loop
      vertex -45.5287 -349.185 222.086
      vertex -44.977 -349.737 222.147
      vertex -41.4414 -346.201 222.147
    endloop
  endfacet
  facet normal -0.0554754 0.0554754 0.996918
    outer loop
      vertex -41.4414 -346.201 222.147
      vertex -41.9931 -345.65 222.086
      vertex -45.5287 -349.185 222.086
    endloop
  endfacet
  facet normal -0.165077 0.165077 0.972368
    outer loop
      vertex -40.9033 -346.739 222.33
      vertex -41.4414 -346.201 222.147
      vertex -44.977 -349.737 222.147
    endloop
  endfacet
  facet normal -0.270584 0.270584 0.923888
    outer loop
      vertex -40.3921 -347.251 222.629
      vertex -40.9033 -346.739 222.33
      vertex -44.4389 -350.275 222.33
    endloop
  endfacet
  facet normal -0.369468 0.369468 0.852636
    outer loop
      vertex -39.9202 -347.722 223.038
      vertex -40.3921 -347.251 222.629
      vertex -43.9276 -350.786 222.629
    endloop
  endfacet
  facet normal -0.459206 0.459206 0.760434
    outer loop
      vertex -39.4994 -348.143 223.547
      vertex -39.9202 -347.722 223.038
      vertex -43.4557 -351.258 223.038
    endloop
  endfacet
  facet normal -0.537689 0.537689 0.649448
    outer loop
      vertex -39.14 -348.503 224.142
      vertex -39.4994 -348.143 223.547
      vertex -43.0349 -351.679 223.547
    endloop
  endfacet
  facet normal -0.602917 0.602917 0.522478
    outer loop
      vertex -38.8508 -348.792 224.809
      vertex -39.14 -348.503 224.142
      vertex -42.6755 -352.038 224.142
    endloop
  endfacet
  facet normal -0.653291 0.653291 0.38265
    outer loop
      vertex -38.6391 -349.004 225.532
      vertex -38.8508 -348.792 224.809
      vertex -42.3864 -352.327 224.809
    endloop
  endfacet
  facet normal -0.687573 0.687573 0.233421
    outer loop
      vertex -38.5099 -349.133 226.293
      vertex -38.6391 -349.004 225.532
      vertex -42.1746 -352.539 225.532
    endloop
  endfacet
  facet normal -0.704926 0.704926 0.0784804
    outer loop
      vertex -38.4665 -349.176 227.073
      vertex -38.5099 -349.133 226.293
      vertex -42.0454 -352.668 226.293
    endloop
  endfacet
  facet normal -0.707107 0.707107 0
    outer loop
      vertex -42.002 -352.712 374.03
      vertex -38.4665 -349.176 374.03
      vertex -38.4665 -349.176 227.073
    endloop
  endfacet
  facet normal -0.707107 0.707107 0
    outer loop
      vertex -38.4665 -349.176 227.073
      vertex -42.002 -352.712 227.073
      vertex -42.002 -352.712 374.03
    endloop
  endfacet
  facet normal -0.704419 0.704419 0.0871132
    outer loop
      vertex 54.1821 -448.896 198.351
      vertex 54.1993 -448.913 198.629
      vertex 57.7349 -445.378 198.629
    endloop
  endfacet
  facet normal -0.683001 0.683001 0.258878
    outer loop
      vertex 54.1311 -448.845 198.082
      vertex 54.1821 -448.896 198.351
      vertex 57.7177 -445.36 198.351
    endloop
  endfacet
  facet normal -0.640854 0.640854 0.422626
    outer loop
      vertex 54.0478 -448.762 197.829
      vertex 54.1311 -448.845 198.082
      vertex 57.6666 -445.309 198.082
    endloop
  endfacet
  facet normal -0.579229 0.579229 0.573574
    outer loop
      vertex 53.9346 -448.648 197.6
      vertex 54.0478 -448.762 197.829
      vertex 57.5833 -445.226 197.829
    endloop
  endfacet
  facet normal -0.500012 0.500012 0.70709
    outer loop
      vertex 53.7952 -448.509 197.403
      vertex 53.9346 -448.648 197.6
      vertex 57.4702 -445.113 197.6
    endloop
  endfacet
  facet normal -0.405564 0.405564 0.819167
    outer loop
      vertex 53.6337 -448.347 197.243
      vertex 53.7952 -448.509 197.403
      vertex 57.3307 -444.973 197.403
    endloop
  endfacet
  facet normal -0.298844 0.298844 0.906302
    outer loop
      vertex 53.4549 -448.169 197.125
      vertex 53.6337 -448.347 197.243
      vertex 57.1692 -444.812 197.243
    endloop
  endfacet
  facet normal -0.183022 0.183022 0.965922
    outer loop
      vertex 53.2644 -447.978 197.053
      vertex 53.4549 -448.169 197.125
      vertex 56.9904 -444.633 197.125
    endloop
  endfacet
  facet normal -0.0616163 0.0616163 0.996196
    outer loop
      vertex 53.068 -447.782 197.029
      vertex 53.2644 -447.978 197.053
      vertex 56.8 -444.443 197.053
    endloop
  endfacet
  facet normal 0.0616189 -0.0616189 0.996196
    outer loop
      vertex 52.8715 -447.585 197.053
      vertex 53.068 -447.782 197.029
      vertex 56.6035 -444.246 197.029
    endloop
  endfacet
  facet normal 0.18303 -0.18303 0.965919
    outer loop
      vertex 52.681 -447.395 197.125
      vertex 52.8715 -447.585 197.053
      vertex 56.407 -444.05 197.053
    endloop
  endfacet
  facet normal 0.298844 -0.298844 0.906302
    outer loop
      vertex 52.5023 -447.216 197.243
      vertex 52.681 -447.395 197.125
      vertex 56.2165 -443.859 197.125
    endloop
  endfacet
  facet normal 0.405564 -0.405564 0.819167
    outer loop
      vertex 52.3407 -447.055 197.403
      vertex 52.5023 -447.216 197.243
      vertex 56.0378 -443.681 197.243
    endloop
  endfacet
  facet normal 0.499997 -0.499997 0.707111
    outer loop
      vertex 52.2013 -446.915 197.6
      vertex 52.3407 -447.055 197.403
      vertex 55.8763 -443.519 197.403
    endloop
  endfacet
  facet normal 0.579215 -0.579215 0.573602
    outer loop
      vertex 52.0882 -446.802 197.829
      vertex 52.2013 -446.915 197.6
      vertex 55.7368 -443.38 197.6
    endloop
  endfacet
  facet normal 0.640865 -0.640865 0.422592
    outer loop
      vertex 52.0048 -446.719 198.082
      vertex 52.0882 -446.802 197.829
      vertex 55.6237 -443.266 197.829
    endloop
  endfacet
  facet normal 0.683016 -0.683016 0.2588
    outer loop
      vertex 51.9538 -446.668 198.351
      vertex 52.0048 -446.719 198.082
      vertex 55.5404 -443.183 198.082
    endloop
  endfacet
  facet normal 0.704419 -0.704419 0.0871132
    outer loop
      vertex 51.9366 -446.65 198.629
      vertex 51.9538 -446.668 198.351
      vertex 55.4893 -443.132 198.351
    endloop
  endfacet
  facet normal 0.704416 -0.704416 -0.0871546
    outer loop
      vertex 51.9538 -446.668 198.907
      vertex 51.9366 -446.65 198.629
      vertex 55.4721 -443.115 198.629
    endloop
  endfacet
  facet normal 0.683001 -0.683001 -0.258878
    outer loop
      vertex 52.0048 -446.719 199.176
      vertex 51.9538 -446.668 198.907
      vertex 55.4893 -443.132 198.907
    endloop
  endfacet
  facet normal 0.640854 -0.640854 -0.422626
    outer loop
      vertex 52.0882 -446.802 199.429
      vertex 52.0048 -446.719 199.176
      vertex 55.5404 -443.183 199.176
    endloop
  endfacet
  facet normal 0.579236 -0.579236 -0.573561
    outer loop
      vertex 52.2013 -446.915 199.657
      vertex 52.0882 -446.802 199.429
      vertex 55.6237 -443.266 199.429
    endloop
  endfacet
  facet normal -0.579222 0.579222 -0.573589
    outer loop
      vertex 54.0478 -448.762 199.429
      vertex 53.9346 -448.648 199.657
      vertex 57.4702 -445.113 199.657
    endloop
  endfacet
  facet normal -0.640876 0.640876 -0.422557
    outer loop
      vertex 54.1311 -448.845 199.176
      vertex 54.0478 -448.762 199.429
      vertex 57.5833 -445.226 199.429
    endloop
  endfacet
  facet normal -0.683016 0.683016 -0.2588
    outer loop
      vertex 54.1821 -448.896 198.907
      vertex 54.1311 -448.845 199.176
      vertex 57.6666 -445.309 199.176
    endloop
  endfacet
  facet normal -0.704416 0.704416 -0.0871546
    outer loop
      vertex 54.1993 -448.913 198.629
      vertex 54.1821 -448.896 198.907
      vertex 57.7177 -445.36 198.907
    endloop
  endfacet
  facet normal 0.405578 -0.405578 -0.819154
    outer loop
      vertex 52.5023 -447.216 200.014
      vertex 52.3407 -447.055 199.854
      vertex 53.0478 -446.347 199.854
    endloop
  endfacet
  facet normal 0.298825 -0.298825 -0.906315
    outer loop
      vertex 52.681 -447.395 200.132
      vertex 52.5023 -447.216 200.014
      vertex 53.2094 -446.509 200.014
    endloop
  endfacet
  facet normal 0.183003 -0.183003 -0.96593
    outer loop
      vertex 52.8715 -447.585 200.204
      vertex 52.681 -447.395 200.132
      vertex 53.3881 -446.688 200.132
    endloop
  endfacet
  facet normal 0.061637 -0.061637 -0.996194
    outer loop
      vertex 53.068 -447.782 200.229
      vertex 52.8715 -447.585 200.204
      vertex 53.5786 -446.878 200.204
    endloop
  endfacet
  facet normal -0.0616402 0.0616402 -0.996193
    outer loop
      vertex 53.2644 -447.978 200.204
      vertex 53.068 -447.782 200.229
      vertex 53.7751 -447.075 200.229
    endloop
  endfacet
  facet normal -0.183012 0.183012 -0.965926
    outer loop
      vertex 53.4549 -448.169 200.132
      vertex 53.2644 -447.978 200.204
      vertex 53.9715 -447.271 200.204
    endloop
  endfacet
  facet normal -0.29884 0.29884 -0.906306
    outer loop
      vertex 53.6337 -448.347 200.014
      vertex 53.4549 -448.169 200.132
      vertex 54.162 -447.462 200.132
    endloop
  endfacet
  facet normal -0.405578 0.405578 -0.819154
    outer loop
      vertex 53.7952 -448.509 199.854
      vertex 53.6337 -448.347 200.014
      vertex 54.3408 -447.64 200.014
    endloop
  endfacet
  facet normal -0.500825 0.49922 -0.707074
    outer loop
      vertex 57.3307 -444.973 199.854
      vertex 57.4702 -445.113 199.657
      vertex 56.631 -445.688 199.846
    endloop
  endfacet
  facet normal -0.502142 0.502142 -0.704065
    outer loop
      vertex 53.9346 -448.648 199.657
      vertex 54.5097 -447.809 199.846
      vertex 56.631 -445.688 199.846
    endloop
  endfacet
  facet normal -0.502132 0.502132 -0.704079
    outer loop
      vertex 56.631 -445.688 199.846
      vertex 57.4702 -445.113 199.657
      vertex 53.9346 -448.648 199.657
    endloop
  endfacet
  facet normal -0.456704 0.456704 -0.763442
    outer loop
      vertex 53.7952 -448.509 199.854
      vertex 54.5023 -447.802 199.854
      vertex 54.5097 -447.809 199.846
    endloop
  endfacet
  facet normal -0.499218 0.500823 -0.707077
    outer loop
      vertex 54.5097 -447.809 199.846
      vertex 53.9346 -448.648 199.657
      vertex 53.7952 -448.509 199.854
    endloop
  endfacet
  facet normal -0.405578 0.405578 -0.819154
    outer loop
      vertex 56.6236 -445.681 199.854
      vertex 56.4621 -445.519 200.014
      vertex 57.1692 -444.812 200.014
    endloop
  endfacet
  facet normal -0.29884 0.29884 -0.906306
    outer loop
      vertex 56.4621 -445.519 200.014
      vertex 56.2833 -445.34 200.132
      vertex 56.9904 -444.633 200.132
    endloop
  endfacet
  facet normal -0.183012 0.183012 -0.965926
    outer loop
      vertex 56.2833 -445.34 200.132
      vertex 56.0928 -445.15 200.204
      vertex 56.8 -444.443 200.204
    endloop
  endfacet
  facet normal -0.0616402 0.0616402 -0.996193
    outer loop
      vertex 56.0928 -445.15 200.204
      vertex 55.8964 -444.953 200.229
      vertex 56.6035 -444.246 200.229
    endloop
  endfacet
  facet normal 0.061637 -0.061637 -0.996194
    outer loop
      vertex 55.8964 -444.953 200.229
      vertex 55.6999 -444.757 200.204
      vertex 56.407 -444.05 200.204
    endloop
  endfacet
  facet normal 0.183003 -0.183003 -0.96593
    outer loop
      vertex 55.6999 -444.757 200.204
      vertex 55.5094 -444.566 200.132
      vertex 56.2165 -443.859 200.132
    endloop
  endfacet
  facet normal 0.298825 -0.298825 -0.906315
    outer loop
      vertex 55.5094 -444.566 200.132
      vertex 55.3307 -444.388 200.014
      vertex 56.0378 -443.681 200.014
    endloop
  endfacet
  facet normal 0.405578 -0.405578 -0.819154
    outer loop
      vertex 55.3307 -444.388 200.014
      vertex 55.1692 -444.226 199.854
      vertex 55.8763 -443.519 199.854
    endloop
  endfacet
  facet normal 0.500781 -0.499186 -0.707129
    outer loop
      vertex 52.3407 -447.055 199.854
      vertex 52.2013 -446.915 199.657
      vertex 53.0404 -446.34 199.846
    endloop
  endfacet
  facet normal 0.502151 -0.502151 -0.704052
    outer loop
      vertex 52.2013 -446.915 199.657
      vertex 55.7368 -443.38 199.657
      vertex 55.1617 -444.219 199.846
    endloop
  endfacet
  facet normal 0.502122 -0.502122 -0.704093
    outer loop
      vertex 55.1617 -444.219 199.846
      vertex 53.0404 -446.34 199.846
      vertex 52.2013 -446.915 199.657
    endloop
  endfacet
  facet normal 0.457442 -0.457442 -0.762558
    outer loop
      vertex 55.8763 -443.519 199.854
      vertex 55.1692 -444.226 199.854
      vertex 55.1617 -444.219 199.846
    endloop
  endfacet
  facet normal 0.499188 -0.500784 -0.707126
    outer loop
      vertex 55.1617 -444.219 199.846
      vertex 55.7368 -443.38 199.657
      vertex 55.8763 -443.519 199.854
    endloop
  endfacet
  facet normal 0.457442 -0.457442 -0.762558
    outer loop
      vertex 53.0404 -446.34 199.846
      vertex 53.0478 -446.347 199.854
      vertex 52.3407 -447.055 199.854
    endloop
  endfacet
  facet normal 0.405578 -0.405578 -0.819154
    outer loop
      vertex 55.8763 -443.519 199.854
      vertex 56.0378 -443.681 200.014
      vertex 55.3307 -444.388 200.014
    endloop
  endfacet
  facet normal 0.298838 -0.298838 -0.906307
    outer loop
      vertex 56.0378 -443.681 200.014
      vertex 56.2165 -443.859 200.132
      vertex 55.5094 -444.566 200.132
    endloop
  endfacet
  facet normal 0.183013 -0.183013 -0.965926
    outer loop
      vertex 56.2165 -443.859 200.132
      vertex 56.407 -444.05 200.204
      vertex 55.6999 -444.757 200.204
    endloop
  endfacet
  facet normal 0.061637 -0.061637 -0.996194
    outer loop
      vertex 56.407 -444.05 200.204
      vertex 56.6035 -444.246 200.229
      vertex 55.8964 -444.953 200.229
    endloop
  endfacet
  facet normal -0.0616338 0.0616338 -0.996194
    outer loop
      vertex 56.6035 -444.246 200.229
      vertex 56.8 -444.443 200.204
      vertex 56.0928 -445.15 200.204
    endloop
  endfacet
  facet normal -0.183004 0.183004 -0.965929
    outer loop
      vertex 56.8 -444.443 200.204
      vertex 56.9904 -444.633 200.132
      vertex 56.2833 -445.34 200.132
    endloop
  endfacet
  facet normal -0.298838 0.298838 -0.906307
    outer loop
      vertex 56.9904 -444.633 200.132
      vertex 57.1692 -444.812 200.014
      vertex 56.4621 -445.519 200.014
    endloop
  endfacet
  facet normal -0.405578 0.405578 -0.819154
    outer loop
      vertex 57.1692 -444.812 200.014
      vertex 57.3307 -444.973 199.854
      vertex 56.6236 -445.681 199.854
    endloop
  endfacet
  facet normal -0.456704 0.456704 -0.763442
    outer loop
      vertex 56.631 -445.688 199.846
      vertex 56.6236 -445.681 199.854
      vertex 57.3307 -444.973 199.854
    endloop
  endfacet
  facet normal -0.405578 0.405578 -0.819154
    outer loop
      vertex 54.3408 -447.64 200.014
      vertex 54.5023 -447.802 199.854
      vertex 53.7952 -448.509 199.854
    endloop
  endfacet
  facet normal -0.29884 0.29884 -0.906306
    outer loop
      vertex 54.162 -447.462 200.132
      vertex 54.3408 -447.64 200.014
      vertex 53.6337 -448.347 200.014
    endloop
  endfacet
  facet normal -0.183004 0.183004 -0.965929
    outer loop
      vertex 53.9715 -447.271 200.204
      vertex 54.162 -447.462 200.132
      vertex 53.4549 -448.169 200.132
    endloop
  endfacet
  facet normal -0.0616338 0.0616338 -0.996194
    outer loop
      vertex 53.7751 -447.075 200.229
      vertex 53.9715 -447.271 200.204
      vertex 53.2644 -447.978 200.204
    endloop
  endfacet
  facet normal 0.061637 -0.061637 -0.996194
    outer loop
      vertex 53.5786 -446.878 200.204
      vertex 53.7751 -447.075 200.229
      vertex 53.068 -447.782 200.229
    endloop
  endfacet
  facet normal 0.183013 -0.183013 -0.965926
    outer loop
      vertex 53.3881 -446.688 200.132
      vertex 53.5786 -446.878 200.204
      vertex 52.8715 -447.585 200.204
    endloop
  endfacet
  facet normal 0.29884 -0.29884 -0.906306
    outer loop
      vertex 53.2094 -446.509 200.014
      vertex 53.3881 -446.688 200.132
      vertex 52.681 -447.395 200.132
    endloop
  endfacet
  facet normal 0.405578 -0.405578 -0.819154
    outer loop
      vertex 53.0478 -446.347 199.854
      vertex 53.2094 -446.509 200.014
      vertex 52.5023 -447.216 200.014
    endloop
  endfacet
  facet normal -0.704419 0.704419 -0.0871132
    outer loop
      vertex 57.7177 -445.36 198.907
      vertex 57.7349 -445.378 198.629
      vertex 54.1993 -448.913 198.629
    endloop
  endfacet
  facet normal -0.683001 0.683001 -0.258878
    outer loop
      vertex 57.6666 -445.309 199.176
      vertex 57.7177 -445.36 198.907
      vertex 54.1821 -448.896 198.907
    endloop
  endfacet
  facet normal -0.640854 0.640854 -0.422626
    outer loop
      vertex 57.5833 -445.226 199.429
      vertex 57.6666 -445.309 199.176
      vertex 54.1311 -448.845 199.176
    endloop
  endfacet
  facet normal -0.579236 0.579236 -0.573561
    outer loop
      vertex 57.4702 -445.113 199.657
      vertex 57.5833 -445.226 199.429
      vertex 54.0478 -448.762 199.429
    endloop
  endfacet
  facet normal 0.579222 -0.579222 -0.573589
    outer loop
      vertex 55.6237 -443.266 199.429
      vertex 55.7368 -443.38 199.657
      vertex 52.2013 -446.915 199.657
    endloop
  endfacet
  facet normal 0.640865 -0.640865 -0.422592
    outer loop
      vertex 55.5404 -443.183 199.176
      vertex 55.6237 -443.266 199.429
      vertex 52.0882 -446.802 199.429
    endloop
  endfacet
  facet normal 0.683016 -0.683016 -0.2588
    outer loop
      vertex 55.4893 -443.132 198.907
      vertex 55.5404 -443.183 199.176
      vertex 52.0048 -446.719 199.176
    endloop
  endfacet
  facet normal 0.704419 -0.704419 -0.0871132
    outer loop
      vertex 55.4721 -443.115 198.629
      vertex 55.4893 -443.132 198.907
      vertex 51.9538 -446.668 198.907
    endloop
  endfacet
  facet normal 0.704416 -0.704416 0.0871546
    outer loop
      vertex 55.4893 -443.132 198.351
      vertex 55.4721 -443.115 198.629
      vertex 51.9366 -446.65 198.629
    endloop
  endfacet
  facet normal 0.683001 -0.683001 0.258878
    outer loop
      vertex 55.5404 -443.183 198.082
      vertex 55.4893 -443.132 198.351
      vertex 51.9538 -446.668 198.351
    endloop
  endfacet
  facet normal 0.640854 -0.640854 0.422626
    outer loop
      vertex 55.6237 -443.266 197.829
      vertex 55.5404 -443.183 198.082
      vertex 52.0048 -446.719 198.082
    endloop
  endfacet
  facet normal 0.57923 -0.57923 0.573573
    outer loop
      vertex 55.7368 -443.38 197.6
      vertex 55.6237 -443.266 197.829
      vertex 52.0882 -446.802 197.829
    endloop
  endfacet
  facet normal 0.500026 -0.500026 0.70707
    outer loop
      vertex 55.8763 -443.519 197.403
      vertex 55.7368 -443.38 197.6
      vertex 52.2013 -446.915 197.6
    endloop
  endfacet
  facet normal 0.405565 -0.405565 0.819167
    outer loop
      vertex 56.0378 -443.681 197.243
      vertex 55.8763 -443.519 197.403
      vertex 52.3407 -447.055 197.403
    endloop
  endfacet
  facet normal 0.298833 -0.298833 0.90631
    outer loop
      vertex 56.2165 -443.859 197.125
      vertex 56.0378 -443.681 197.243
      vertex 52.5023 -447.216 197.243
    endloop
  endfacet
  facet normal 0.183023 -0.183023 0.965922
    outer loop
      vertex 56.407 -444.05 197.053
      vertex 56.2165 -443.859 197.125
      vertex 52.681 -447.395 197.125
    endloop
  endfacet
  facet normal 0.0616165 -0.0616165 0.996196
    outer loop
      vertex 56.6035 -444.246 197.029
      vertex 56.407 -444.05 197.053
      vertex 52.8715 -447.585 197.053
    endloop
  endfacet
  facet normal -0.0616216 0.0616216 0.996196
    outer loop
      vertex 56.8 -444.443 197.053
      vertex 56.6035 -444.246 197.029
      vertex 53.068 -447.782 197.029
    endloop
  endfacet
  facet normal -0.18303 0.18303 0.965919
    outer loop
      vertex 56.9904 -444.633 197.125
      vertex 56.8 -444.443 197.053
      vertex 53.2644 -447.978 197.053
    endloop
  endfacet
  facet normal -0.298833 0.298833 0.90631
    outer loop
      vertex 57.1692 -444.812 197.243
      vertex 56.9904 -444.633 197.125
      vertex 53.4549 -448.169 197.125
    endloop
  endfacet
  facet normal -0.405565 0.405565 0.819167
    outer loop
      vertex 57.3307 -444.973 197.403
      vertex 57.1692 -444.812 197.243
      vertex 53.6337 -448.347 197.243
    endloop
  endfacet
  facet normal -0.499997 0.499997 0.707111
    outer loop
      vertex 57.4702 -445.113 197.6
      vertex 57.3307 -444.973 197.403
      vertex 53.7952 -448.509 197.403
    endloop
  endfacet
  facet normal -0.579216 0.579216 0.573601
    outer loop
      vertex 57.5833 -445.226 197.829
      vertex 57.4702 -445.113 197.6
      vertex 53.9346 -448.648 197.6
    endloop
  endfacet
  facet normal -0.640876 0.640876 0.422557
    outer loop
      vertex 57.6666 -445.309 198.082
      vertex 57.5833 -445.226 197.829
      vertex 54.0478 -448.762 197.829
    endloop
  endfacet
  facet normal -0.683016 0.683016 0.2588
    outer loop
      vertex 57.7177 -445.36 198.351
      vertex 57.6666 -445.309 198.082
      vertex 54.1311 -448.845 198.082
    endloop
  endfacet
  facet normal -0.704416 0.704416 0.0871546
    outer loop
      vertex 57.7349 -445.378 198.629
      vertex 57.7177 -445.36 198.351
      vertex 54.1821 -448.896 198.351
    endloop
  endfacet
  facet normal -0.467355 0.467355 0.750439
    outer loop
      vertex 56.7913 -445.848 200.045
      vertex 56.631 -445.688 199.846
      vertex 54.5097 -447.809 199.846
    endloop
  endfacet
  facet normal -0.551657 0.551657 0.625579
    outer loop
      vertex 56.925 -445.982 200.281
      vertex 56.7913 -445.848 200.045
      vertex 54.67 -447.97 200.045
    endloop
  endfacet
  facet normal -0.619494 0.619494 0.482135
    outer loop
      vertex 57.0279 -446.085 200.546
      vertex 56.925 -445.982 200.281
      vertex 54.8036 -448.103 200.281
    endloop
  endfacet
  facet normal -0.668887 0.668887 0.324314
    outer loop
      vertex 57.0972 -446.154 200.831
      vertex 57.0279 -446.085 200.546
      vertex 54.9066 -448.206 200.546
    endloop
  endfacet
  facet normal -0.698361 0.698361 0.156793
    outer loop
      vertex 57.1307 -446.188 201.13
      vertex 57.0972 -446.154 200.831
      vertex 54.9759 -448.275 200.831
    endloop
  endfacet
  facet normal -0.707023 0.707023 -0.0154158
    outer loop
      vertex 57.1274 -446.184 201.432
      vertex 57.1307 -446.188 201.13
      vertex 55.0094 -448.309 201.13
    endloop
  endfacet
  facet normal -0.694619 0.694619 -0.187108
    outer loop
      vertex 57.0875 -446.144 201.728
      vertex 57.1274 -446.184 201.432
      vertex 55.0061 -448.306 201.432
    endloop
  endfacet
  facet normal -0.661527 0.661527 -0.353219
    outer loop
      vertex 57.012 -446.069 202.011
      vertex 57.0875 -446.144 201.728
      vertex 54.9661 -448.266 201.728
    endloop
  endfacet
  facet normal -0.608719 0.608719 -0.508844
    outer loop
      vertex 56.9033 -445.96 202.271
      vertex 57.012 -446.069 202.011
      vertex 54.8907 -448.19 202.011
    endloop
  endfacet
  facet normal -0.537767 0.537767 -0.649317
    outer loop
      vertex 56.7646 -445.822 202.501
      vertex 56.9033 -445.96 202.271
      vertex 54.782 -448.082 202.271
    endloop
  endfacet
  facet normal -0.450806 0.450806 -0.77042
    outer loop
      vertex 56.6001 -445.657 202.693
      vertex 56.7646 -445.822 202.501
      vertex 54.6433 -447.943 202.501
    endloop
  endfacet
  facet normal -0.350415 0.350415 -0.868573
    outer loop
      vertex 56.4146 -445.471 202.843
      vertex 56.6001 -445.657 202.693
      vertex 54.4788 -447.778 202.693
    endloop
  endfacet
  facet normal -0.239579 0.239579 -0.940853
    outer loop
      vertex 56.2136 -445.271 202.945
      vertex 56.4146 -445.471 202.843
      vertex 54.2932 -447.593 202.843
    endloop
  endfacet
  facet normal -0.121603 0.121603 -0.985102
    outer loop
      vertex 56.0032 -445.06 202.997
      vertex 56.2136 -445.271 202.945
      vertex 54.0923 -447.392 202.945
    endloop
  endfacet
  facet normal -5.49532e-16 -5.49532e-16 -1
    outer loop
      vertex 55.7896 -444.846 202.997
      vertex 56.0032 -445.06 202.997
      vertex 53.8819 -447.181 202.997
    endloop
  endfacet
  facet normal 0.121595 -0.121595 -0.985104
    outer loop
      vertex 55.5792 -444.636 202.945
      vertex 55.7896 -444.846 202.997
      vertex 53.6683 -446.968 202.997
    endloop
  endfacet
  facet normal 0.239565 -0.239565 -0.94086
    outer loop
      vertex 55.3782 -444.435 202.843
      vertex 55.5792 -444.636 202.945
      vertex 53.4579 -446.757 202.945
    endloop
  endfacet
  facet normal 0.350415 -0.350415 -0.868573
    outer loop
      vertex 55.1927 -444.25 202.693
      vertex 55.3782 -444.435 202.843
      vertex 53.2569 -446.556 202.843
    endloop
  endfacet
  facet normal 0.450784 -0.450784 -0.770446
    outer loop
      vertex 55.0281 -444.085 202.501
      vertex 55.1927 -444.25 202.693
      vertex 53.0714 -446.371 202.693
    endloop
  endfacet
  facet normal 0.537767 -0.537767 -0.649317
    outer loop
      vertex 54.8895 -443.946 202.271
      vertex 55.0281 -444.085 202.501
      vertex 52.9068 -446.206 202.501
    endloop
  endfacet
  facet normal 0.608719 -0.608719 -0.508844
    outer loop
      vertex 54.7808 -443.838 202.011
      vertex 54.8895 -443.946 202.271
      vertex 52.7681 -446.068 202.271
    endloop
  endfacet
  facet normal 0.661527 -0.661527 -0.353219
    outer loop
      vertex 54.7053 -443.762 201.728
      vertex 54.7808 -443.838 202.011
      vertex 52.6595 -445.959 202.011
    endloop
  endfacet
  facet normal 0.694619 -0.694619 -0.187108
    outer loop
      vertex 54.6654 -443.722 201.432
      vertex 54.7053 -443.762 201.728
      vertex 52.584 -445.884 201.728
    endloop
  endfacet
  facet normal 0.707023 -0.707023 -0.0153516
    outer loop
      vertex 54.6621 -443.719 201.13
      vertex 54.6654 -443.722 201.432
      vertex 52.544 -445.844 201.432
    endloop
  endfacet
  facet normal 0.698361 -0.698361 0.156793
    outer loop
      vertex 54.6956 -443.752 200.831
      vertex 54.6621 -443.719 201.13
      vertex 52.5408 -445.84 201.13
    endloop
  endfacet
  facet normal 0.668873 -0.668873 0.324371
    outer loop
      vertex 54.7648 -443.822 200.546
      vertex 54.6956 -443.752 200.831
      vertex 52.5742 -445.874 200.831
    endloop
  endfacet
  facet normal 0.619494 -0.619494 0.482135
    outer loop
      vertex 54.8678 -443.925 200.281
      vertex 54.7648 -443.822 200.546
      vertex 52.6435 -445.943 200.546
    endloop
  endfacet
  facet normal 0.551657 -0.551657 0.625579
    outer loop
      vertex 55.0014 -444.058 200.045
      vertex 54.8678 -443.925 200.281
      vertex 52.7465 -446.046 200.281
    endloop
  endfacet
  facet normal 0.467332 -0.467332 0.750467
    outer loop
      vertex 55.1617 -444.219 199.846
      vertex 55.0014 -444.058 200.045
      vertex 52.8801 -446.18 200.045
    endloop
  endfacet
  facet normal 0.467355 -0.467355 0.750439
    outer loop
      vertex 52.8801 -446.18 200.045
      vertex 53.0404 -446.34 199.846
      vertex 55.1617 -444.219 199.846
    endloop
  endfacet
  facet normal 0.551635 -0.551635 0.625618
    outer loop
      vertex 52.7465 -446.046 200.281
      vertex 52.8801 -446.18 200.045
      vertex 55.0014 -444.058 200.045
    endloop
  endfacet
  facet normal 0.619494 -0.619494 0.482136
    outer loop
      vertex 52.6435 -445.943 200.546
      vertex 52.7465 -446.046 200.281
      vertex 54.8678 -443.925 200.281
    endloop
  endfacet
  facet normal 0.668887 -0.668887 0.324314
    outer loop
      vertex 52.5742 -445.874 200.831
      vertex 52.6435 -445.943 200.546
      vertex 54.7648 -443.822 200.546
    endloop
  endfacet
  facet normal 0.698361 -0.698361 0.156793
    outer loop
      vertex 52.5408 -445.84 201.13
      vertex 52.5742 -445.874 200.831
      vertex 54.6956 -443.752 200.831
    endloop
  endfacet
  facet normal 0.707023 -0.707023 -0.0154158
    outer loop
      vertex 52.544 -445.844 201.432
      vertex 52.5408 -445.84 201.13
      vertex 54.6621 -443.719 201.13
    endloop
  endfacet
  facet normal 0.694619 -0.694619 -0.187108
    outer loop
      vertex 52.584 -445.884 201.728
      vertex 52.544 -445.844 201.432
      vertex 54.6654 -443.722 201.432
    endloop
  endfacet
  facet normal 0.661527 -0.661527 -0.353219
    outer loop
      vertex 52.6595 -445.959 202.011
      vertex 52.584 -445.884 201.728
      vertex 54.7053 -443.762 201.728
    endloop
  endfacet
  facet normal 0.608719 -0.608719 -0.508845
    outer loop
      vertex 52.7681 -446.068 202.271
      vertex 52.6595 -445.959 202.011
      vertex 54.7808 -443.838 202.011
    endloop
  endfacet
  facet normal 0.53779 -0.53779 -0.64928
    outer loop
      vertex 52.9068 -446.206 202.501
      vertex 52.7681 -446.068 202.271
      vertex 54.8895 -443.946 202.271
    endloop
  endfacet
  facet normal 0.450806 -0.450806 -0.770421
    outer loop
      vertex 53.0714 -446.371 202.693
      vertex 52.9068 -446.206 202.501
      vertex 55.0281 -444.085 202.501
    endloop
  endfacet
  facet normal 0.350415 -0.350415 -0.868573
    outer loop
      vertex 53.2569 -446.556 202.843
      vertex 53.0714 -446.371 202.693
      vertex 55.1927 -444.25 202.693
    endloop
  endfacet
  facet normal 0.239565 -0.239565 -0.94086
    outer loop
      vertex 53.4579 -446.757 202.945
      vertex 53.2569 -446.556 202.843
      vertex 55.3782 -444.435 202.843
    endloop
  endfacet
  facet normal 0.121602 -0.121602 -0.985102
    outer loop
      vertex 53.6683 -446.968 202.997
      vertex 53.4579 -446.757 202.945
      vertex 55.5792 -444.636 202.945
    endloop
  endfacet
  facet normal -5.49532e-16 -5.49532e-16 -1
    outer loop
      vertex 53.8819 -447.181 202.997
      vertex 53.6683 -446.968 202.997
      vertex 55.7896 -444.846 202.997
    endloop
  endfacet
  facet normal -0.121595 0.121595 -0.985104
    outer loop
      vertex 54.0923 -447.392 202.945
      vertex 53.8819 -447.181 202.997
      vertex 56.0032 -445.06 202.997
    endloop
  endfacet
  facet normal -0.239565 0.239565 -0.94086
    outer loop
      vertex 54.2932 -447.593 202.843
      vertex 54.0923 -447.392 202.945
      vertex 56.2136 -445.271 202.945
    endloop
  endfacet
  facet normal -0.350395 0.350395 -0.868589
    outer loop
      vertex 54.4788 -447.778 202.693
      vertex 54.2932 -447.593 202.843
      vertex 56.4146 -445.471 202.843
    endloop
  endfacet
  facet normal -0.450806 0.450806 -0.770421
    outer loop
      vertex 54.6433 -447.943 202.501
      vertex 54.4788 -447.778 202.693
      vertex 56.6001 -445.657 202.693
    endloop
  endfacet
  facet normal -0.537767 0.537767 -0.649317
    outer loop
      vertex 54.782 -448.082 202.271
      vertex 54.6433 -447.943 202.501
      vertex 56.7646 -445.822 202.501
    endloop
  endfacet
  facet normal -0.608719 0.608719 -0.508845
    outer loop
      vertex 54.8907 -448.19 202.011
      vertex 54.782 -448.082 202.271
      vertex 56.9033 -445.96 202.271
    endloop
  endfacet
  facet normal -0.661527 0.661527 -0.353219
    outer loop
      vertex 54.9661 -448.266 201.728
      vertex 54.8907 -448.19 202.011
      vertex 57.012 -446.069 202.011
    endloop
  endfacet
  facet normal -0.694619 0.694619 -0.187108
    outer loop
      vertex 55.0061 -448.306 201.432
      vertex 54.9661 -448.266 201.728
      vertex 57.0875 -446.144 201.728
    endloop
  endfacet
  facet normal -0.707023 0.707023 -0.0153516
    outer loop
      vertex 55.0094 -448.309 201.13
      vertex 55.0061 -448.306 201.432
      vertex 57.1274 -446.184 201.432
    endloop
  endfacet
  facet normal -0.698361 0.698361 0.156793
    outer loop
      vertex 54.9759 -448.275 200.831
      vertex 55.0094 -448.309 201.13
      vertex 57.1307 -446.188 201.13
    endloop
  endfacet
  facet normal -0.668873 0.668873 0.324371
    outer loop
      vertex 54.9066 -448.206 200.546
      vertex 54.9759 -448.275 200.831
      vertex 57.0972 -446.154 200.831
    endloop
  endfacet
  facet normal -0.619494 0.619494 0.482136
    outer loop
      vertex 54.8036 -448.103 200.281
      vertex 54.9066 -448.206 200.546
      vertex 57.0279 -446.085 200.546
    endloop
  endfacet
  facet normal -0.551635 0.551635 0.625618
    outer loop
      vertex 54.67 -447.97 200.045
      vertex 54.8036 -448.103 200.281
      vertex 56.925 -445.982 200.281
    endloop
  endfacet
  facet normal -0.467332 0.467332 0.750467
    outer loop
      vertex 54.5097 -447.809 199.846
      vertex 54.67 -447.97 200.045
      vertex 56.7913 -445.848 200.045
    endloop
  endfacet
  facet normal 0.707102 0.707111 -7.85046e-16
    outer loop
      vertex 53.2094 -446.509 200.014
      vertex 52.5408 -445.84 201.13
      vertex 52.544 -445.844 201.432
    endloop
  endfacet
  facet normal 0.707107 0.707107 -7.85046e-16
    outer loop
      vertex 53.5786 -446.878 200.204
      vertex 53.3881 -446.688 200.132
      vertex 52.7681 -446.068 202.271
    endloop
  endfacet
  facet normal 0.707111 0.707103 -7.85046e-16
    outer loop
      vertex 53.7751 -447.075 200.229
      vertex 53.4579 -446.757 202.945
      vertex 53.6683 -446.968 202.997
    endloop
  endfacet
  facet normal 0.707107 0.707107 -7.85046e-16
    outer loop
      vertex 53.7751 -447.075 200.229
      vertex 53.5786 -446.878 200.204
      vertex 53.2569 -446.556 202.843
    endloop
  endfacet
  facet normal 0.707113 0.707101 -7.85046e-16
    outer loop
      vertex 53.7751 -447.075 200.229
      vertex 54.0923 -447.392 202.945
      vertex 54.2932 -447.593 202.843
    endloop
  endfacet
  facet normal 0.707107 0.707107 -7.85046e-16
    outer loop
      vertex 53.0478 -446.347 199.854
      vertex 53.0404 -446.34 199.846
      vertex 52.8801 -446.18 200.045
    endloop
  endfacet
  facet normal 0.707118 0.707096 -7.85046e-16
    outer loop
      vertex 53.2094 -446.509 200.014
      vertex 52.5742 -445.874 200.831
      vertex 52.5408 -445.84 201.13
    endloop
  endfacet
  facet normal 0.707107 0.707107 -7.85046e-16
    outer loop
      vertex 53.2094 -446.509 200.014
      vertex 53.0478 -446.347 199.854
      vertex 52.6435 -445.943 200.546
    endloop
  endfacet
  facet normal 0.707107 0.707107 -7.85046e-16
    outer loop
      vertex 52.7681 -446.068 202.271
      vertex 52.9068 -446.206 202.501
      vertex 53.5786 -446.878 200.204
    endloop
  endfacet
  facet normal 0.707094 0.707119 -7.85046e-16
    outer loop
      vertex 53.2569 -446.556 202.843
      vertex 53.4579 -446.757 202.945
      vertex 53.7751 -447.075 200.229
    endloop
  endfacet
  facet normal 0.707103 0.707111 -7.85046e-16
    outer loop
      vertex 53.7751 -447.075 200.229
      vertex 53.8819 -447.181 202.997
      vertex 54.0923 -447.392 202.945
    endloop
  endfacet
  facet normal 0.707113 0.707101 -7.85046e-16
    outer loop
      vertex 53.9715 -447.271 200.204
      vertex 54.6433 -447.943 202.501
      vertex 54.782 -448.082 202.271
    endloop
  endfacet
  facet normal 0.707121 0.707092 -7.85046e-16
    outer loop
      vertex 54.3408 -447.64 200.014
      vertex 54.9759 -448.275 200.831
      vertex 54.9066 -448.206 200.546
    endloop
  endfacet
  facet normal 0.707236 0.706977 -7.85046e-16
    outer loop
      vertex 52.8801 -446.18 200.045
      vertex 52.7465 -446.046 200.281
      vertex 53.0478 -446.347 199.854
    endloop
  endfacet
  facet normal 0.707107 0.707107 -7.85046e-16
    outer loop
      vertex 52.6435 -445.943 200.546
      vertex 52.5742 -445.874 200.831
      vertex 53.2094 -446.509 200.014
    endloop
  endfacet
  facet normal 0.707107 0.707107 -7.85046e-16
    outer loop
      vertex 53.3881 -446.688 200.132
      vertex 53.2094 -446.509 200.014
      vertex 52.584 -445.884 201.728
    endloop
  endfacet
  facet normal 0.707121 0.707092 -7.85046e-16
    outer loop
      vertex 52.9068 -446.206 202.501
      vertex 53.0714 -446.371 202.693
      vertex 53.5786 -446.878 200.204
    endloop
  endfacet
  facet normal 0.707102 0.707112 -7.85046e-16
    outer loop
      vertex 54.2932 -447.593 202.843
      vertex 53.9715 -447.271 200.204
      vertex 53.7751 -447.075 200.229
    endloop
  endfacet
  facet normal 0.707098 0.707116 -7.85046e-16
    outer loop
      vertex 53.9715 -447.271 200.204
      vertex 54.4788 -447.778 202.693
      vertex 54.6433 -447.943 202.501
    endloop
  endfacet
  facet normal 0.707096 0.707118 -7.85046e-16
    outer loop
      vertex 54.3408 -447.64 200.014
      vertex 55.0094 -448.309 201.13
      vertex 54.9759 -448.275 200.831
    endloop
  endfacet
  facet normal 0.70711 0.707103 -7.85046e-16
    outer loop
      vertex 54.3408 -447.64 200.014
      vertex 54.9661 -448.266 201.728
      vertex 55.0061 -448.306 201.432
    endloop
  endfacet
  facet normal 0.707042 0.707172 -7.85046e-16
    outer loop
      vertex 54.5023 -447.802 199.854
      vertex 54.8036 -448.103 200.281
      vertex 54.67 -447.97 200.045
    endloop
  endfacet
  facet normal 0.707107 0.707107 -7.85046e-16
    outer loop
      vertex 52.544 -445.844 201.432
      vertex 52.584 -445.884 201.728
      vertex 53.2094 -446.509 200.014
    endloop
  endfacet
  facet normal 0.707107 0.707107 -7.85046e-16
    outer loop
      vertex 52.584 -445.884 201.728
      vertex 52.6595 -445.959 202.011
      vertex 53.3881 -446.688 200.132
    endloop
  endfacet
  facet normal 0.707107 0.707107 -7.85046e-16
    outer loop
      vertex 53.6683 -446.968 202.997
      vertex 53.8819 -447.181 202.997
      vertex 53.7751 -447.075 200.229
    endloop
  endfacet
  facet normal 0.707113 0.707101 -7.85046e-16
    outer loop
      vertex 53.9715 -447.271 200.204
      vertex 54.2932 -447.593 202.843
      vertex 54.4788 -447.778 202.693
    endloop
  endfacet
  facet normal 0.707109 0.707104 -7.85046e-16
    outer loop
      vertex 54.162 -447.462 200.132
      vertex 54.8907 -448.19 202.011
      vertex 54.9661 -448.266 201.728
    endloop
  endfacet
  facet normal 0.707107 0.707107 -7.85046e-16
    outer loop
      vertex 55.0061 -448.306 201.432
      vertex 55.0094 -448.309 201.13
      vertex 54.3408 -447.64 200.014
    endloop
  endfacet
  facet normal 0.707107 0.707107 -7.85046e-16
    outer loop
      vertex 54.5023 -447.802 199.854
      vertex 54.9066 -448.206 200.546
      vertex 54.8036 -448.103 200.281
    endloop
  endfacet
  facet normal 0.707107 0.707107 -7.85046e-16
    outer loop
      vertex 52.6595 -445.959 202.011
      vertex 52.7681 -446.068 202.271
      vertex 53.3881 -446.688 200.132
    endloop
  endfacet
  facet normal 0.707103 0.707111 -7.85046e-16
    outer loop
      vertex 54.782 -448.082 202.271
      vertex 54.162 -447.462 200.132
      vertex 53.9715 -447.271 200.204
    endloop
  endfacet
  facet normal 0.707107 0.707107 -7.85046e-16
    outer loop
      vertex 54.162 -447.462 200.132
      vertex 54.782 -448.082 202.271
      vertex 54.8907 -448.19 202.011
    endloop
  endfacet
  facet normal 0.707107 0.707107 -7.85046e-16
    outer loop
      vertex 54.67 -447.97 200.045
      vertex 54.5097 -447.809 199.846
      vertex 54.5023 -447.802 199.854
    endloop
  endfacet
  facet normal 0.707107 0.707107 -7.85046e-16
    outer loop
      vertex 53.0714 -446.371 202.693
      vertex 53.2569 -446.556 202.843
      vertex 53.5786 -446.878 200.204
    endloop
  endfacet
  facet normal 0.707112 0.707102 -7.85046e-16
    outer loop
      vertex 54.9066 -448.206 200.546
      vertex 54.5023 -447.802 199.854
      vertex 54.3408 -447.64 200.014
    endloop
  endfacet
  facet normal 0.707102 0.707112 -7.85046e-16
    outer loop
      vertex 54.9661 -448.266 201.728
      vertex 54.3408 -447.64 200.014
      vertex 54.162 -447.462 200.132
    endloop
  endfacet
  facet normal 0.707107 0.707107 -7.85046e-16
    outer loop
      vertex 52.7465 -446.046 200.281
      vertex 52.6435 -445.943 200.546
      vertex 53.0478 -446.347 199.854
    endloop
  endfacet
  facet normal -0.707107 -0.707107 7.85046e-16
    outer loop
      vertex 56.4621 -445.519 200.014
      vertex 56.6236 -445.681 199.854
      vertex 57.0279 -446.085 200.546
    endloop
  endfacet
  facet normal -0.707107 -0.707107 7.85046e-16
    outer loop
      vertex 56.0928 -445.15 200.204
      vertex 56.2833 -445.34 200.132
      vertex 56.9033 -445.96 202.271
    endloop
  endfacet
  facet normal -0.707107 -0.707107 7.85046e-16
    outer loop
      vertex 55.8964 -444.953 200.229
      vertex 56.0928 -445.15 200.204
      vertex 56.4146 -445.471 202.843
    endloop
  endfacet
  facet normal -0.707101 -0.707113 7.85046e-16
    outer loop
      vertex 55.8964 -444.953 200.229
      vertex 55.5792 -444.636 202.945
      vertex 55.3782 -444.435 202.843
    endloop
  endfacet
  facet normal -0.707107 -0.707107 7.85046e-16
    outer loop
      vertex 55.8964 -444.953 200.229
      vertex 56.0032 -445.06 202.997
      vertex 55.7896 -444.846 202.997
    endloop
  endfacet
  facet normal -0.707107 -0.707107 7.85046e-16
    outer loop
      vertex 56.6236 -445.681 199.854
      vertex 56.631 -445.688 199.846
      vertex 56.7913 -445.848 200.045
    endloop
  endfacet
  facet normal -0.70712 -0.707094 7.85046e-16
    outer loop
      vertex 56.4621 -445.519 200.014
      vertex 57.1307 -446.188 201.13
      vertex 57.1274 -446.184 201.432
    endloop
  endfacet
  facet normal -0.707107 -0.707107 7.85046e-16
    outer loop
      vertex 57.0279 -446.085 200.546
      vertex 57.0972 -446.154 200.831
      vertex 56.4621 -445.519 200.014
    endloop
  endfacet
  facet normal -0.707091 -0.707122 7.85046e-16
    outer loop
      vertex 56.9033 -445.96 202.271
      vertex 56.7646 -445.822 202.501
      vertex 56.0928 -445.15 200.204
    endloop
  endfacet
  facet normal -0.707119 -0.707094 7.85046e-16
    outer loop
      vertex 56.4146 -445.471 202.843
      vertex 56.2136 -445.271 202.945
      vertex 55.8964 -444.953 200.229
    endloop
  endfacet
  facet normal -0.707107 -0.707107 7.85046e-16
    outer loop
      vertex 55.7896 -444.846 202.997
      vertex 55.5792 -444.636 202.945
      vertex 55.8964 -444.953 200.229
    endloop
  endfacet
  facet normal -0.707116 -0.707097 7.85046e-16
    outer loop
      vertex 55.6999 -444.757 200.204
      vertex 55.0281 -444.085 202.501
      vertex 54.8895 -443.946 202.271
    endloop
  endfacet
  facet normal -0.707118 -0.707096 7.85046e-16
    outer loop
      vertex 55.3307 -444.388 200.014
      vertex 54.7053 -443.762 201.728
      vertex 54.6654 -443.722 201.432
    endloop
  endfacet
  facet normal -0.707107 -0.707107 7.85046e-16
    outer loop
      vertex 56.7913 -445.848 200.045
      vertex 56.925 -445.982 200.281
      vertex 56.6236 -445.681 199.854
    endloop
  endfacet
  facet normal -0.707107 -0.707107 7.85046e-16
    outer loop
      vertex 57.0972 -446.154 200.831
      vertex 57.1307 -446.188 201.13
      vertex 56.4621 -445.519 200.014
    endloop
  endfacet
  facet normal -0.707107 -0.707107 7.85046e-16
    outer loop
      vertex 56.2833 -445.34 200.132
      vertex 56.4621 -445.519 200.014
      vertex 57.0875 -446.144 201.728
    endloop
  endfacet
  facet normal -0.707121 -0.707092 7.85046e-16
    outer loop
      vertex 56.7646 -445.822 202.501
      vertex 56.6001 -445.657 202.693
      vertex 56.0928 -445.15 200.204
    endloop
  endfacet
  facet normal -0.707113 -0.707101 7.85046e-16
    outer loop
      vertex 55.3782 -444.435 202.843
      vertex 55.6999 -444.757 200.204
      vertex 55.8964 -444.953 200.229
    endloop
  endfacet
  facet normal -0.7071 -0.707114 7.85046e-16
    outer loop
      vertex 55.6999 -444.757 200.204
      vertex 55.1927 -444.25 202.693
      vertex 55.0281 -444.085 202.501
    endloop
  endfacet
  facet normal -0.707107 -0.707107 7.85046e-16
    outer loop
      vertex 55.3307 -444.388 200.014
      vertex 54.6956 -443.752 200.831
      vertex 54.7648 -443.822 200.546
    endloop
  endfacet
  facet normal -0.707089 -0.707124 7.85046e-16
    outer loop
      vertex 54.6654 -443.722 201.432
      vertex 54.6621 -443.719 201.13
      vertex 55.3307 -444.388 200.014
    endloop
  endfacet
  facet normal -0.707107 -0.707107 7.85046e-16
    outer loop
      vertex 55.1692 -444.226 199.854
      vertex 54.8678 -443.925 200.281
      vertex 55.0014 -444.058 200.045
    endloop
  endfacet
  facet normal -0.707107 -0.707107 7.85046e-16
    outer loop
      vertex 57.1274 -446.184 201.432
      vertex 57.0875 -446.144 201.728
      vertex 56.4621 -445.519 200.014
    endloop
  endfacet
  facet normal -0.707107 -0.707107 7.85046e-16
    outer loop
      vertex 57.0875 -446.144 201.728
      vertex 57.012 -446.069 202.011
      vertex 56.2833 -445.34 200.132
    endloop
  endfacet
  facet normal -0.707107 -0.707107 7.85046e-16
    outer loop
      vertex 56.2136 -445.271 202.945
      vertex 56.0032 -445.06 202.997
      vertex 55.8964 -444.953 200.229
    endloop
  endfacet
  facet normal -0.707108 -0.707106 7.85046e-16
    outer loop
      vertex 55.6999 -444.757 200.204
      vertex 55.3782 -444.435 202.843
      vertex 55.1927 -444.25 202.693
    endloop
  endfacet
  facet normal -0.707102 -0.707112 7.85046e-16
    outer loop
      vertex 55.5094 -444.566 200.132
      vertex 54.7808 -443.838 202.011
      vertex 54.7053 -443.762 201.728
    endloop
  endfacet
  facet normal -0.707107 -0.707107 7.85046e-16
    outer loop
      vertex 54.6621 -443.719 201.13
      vertex 54.6956 -443.752 200.831
      vertex 55.3307 -444.388 200.014
    endloop
  endfacet
  facet normal -0.707132 -0.707081 7.85046e-16
    outer loop
      vertex 55.1692 -444.226 199.854
      vertex 54.7648 -443.822 200.546
      vertex 54.8678 -443.925 200.281
    endloop
  endfacet
  facet normal -0.707107 -0.707107 7.85046e-16
    outer loop
      vertex 57.012 -446.069 202.011
      vertex 56.9033 -445.96 202.271
      vertex 56.2833 -445.34 200.132
    endloop
  endfacet
  facet normal -0.707102 -0.707111 7.85046e-16
    outer loop
      vertex 54.8895 -443.946 202.271
      vertex 55.5094 -444.566 200.132
      vertex 55.6999 -444.757 200.204
    endloop
  endfacet
  facet normal -0.707104 -0.707109 7.85046e-16
    outer loop
      vertex 55.5094 -444.566 200.132
      vertex 54.8895 -443.946 202.271
      vertex 54.7808 -443.838 202.011
    endloop
  endfacet
  facet normal -0.707058 -0.707156 7.85046e-16
    outer loop
      vertex 55.0014 -444.058 200.045
      vertex 55.1617 -444.219 199.846
      vertex 55.1692 -444.226 199.854
    endloop
  endfacet
  facet normal -0.707107 -0.707107 7.85046e-16
    outer loop
      vertex 56.6001 -445.657 202.693
      vertex 56.4146 -445.471 202.843
      vertex 56.0928 -445.15 200.204
    endloop
  endfacet
  facet normal -0.707107 -0.707107 7.85046e-16
    outer loop
      vertex 54.7648 -443.822 200.546
      vertex 55.1692 -444.226 199.854
      vertex 55.3307 -444.388 200.014
    endloop
  endfacet
  facet normal -0.707112 -0.707102 7.85046e-16
    outer loop
      vertex 54.7053 -443.762 201.728
      vertex 55.3307 -444.388 200.014
      vertex 55.5094 -444.566 200.132
    endloop
  endfacet
  facet normal -0.707107 -0.707107 7.85046e-16
    outer loop
      vertex 56.925 -445.982 200.281
      vertex 57.0279 -446.085 200.546
      vertex 56.6236 -445.681 199.854
    endloop
  endfacet
  facet normal -0.704416 0.704416 0.0871546
    outer loop
      vertex -37.3523 -357.361 198.351
      vertex -37.3351 -357.379 198.629
      vertex -33.7996 -353.843 198.629
    endloop
  endfacet
  facet normal -0.683016 0.683016 0.2588
    outer loop
      vertex -37.4033 -357.31 198.082
      vertex -37.3523 -357.361 198.351
      vertex -33.8167 -353.826 198.351
    endloop
  endfacet
  facet normal -0.640865 0.640865 0.422592
    outer loop
      vertex -37.4867 -357.227 197.829
      vertex -37.4033 -357.31 198.082
      vertex -33.8678 -353.775 198.082
    endloop
  endfacet
  facet normal -0.579188 0.579188 0.573658
    outer loop
      vertex -37.5998 -357.114 197.6
      vertex -37.4867 -357.227 197.829
      vertex -33.9511 -353.692 197.829
    endloop
  endfacet
  facet normal -0.500012 0.500012 0.70709
    outer loop
      vertex -37.7392 -356.975 197.403
      vertex -37.5998 -357.114 197.6
      vertex -34.0643 -353.578 197.6
    endloop
  endfacet
  facet normal -0.405578 0.405578 0.819153
    outer loop
      vertex -37.9008 -356.813 197.243
      vertex -37.7392 -356.975 197.403
      vertex -34.2037 -353.439 197.403
    endloop
  endfacet
  facet normal -0.298844 0.298844 0.906302
    outer loop
      vertex -38.0795 -356.634 197.125
      vertex -37.9008 -356.813 197.243
      vertex -34.3652 -353.277 197.243
    endloop
  endfacet
  facet normal -0.18303 0.18303 0.965919
    outer loop
      vertex -38.27 -356.444 197.053
      vertex -38.0795 -356.634 197.125
      vertex -34.544 -353.099 197.125
    endloop
  endfacet
  facet normal -0.0616138 0.0616138 0.996197
    outer loop
      vertex -38.4665 -356.247 197.029
      vertex -38.27 -356.444 197.053
      vertex -34.7345 -352.908 197.053
    endloop
  endfacet
  facet normal 0.061624 -0.061624 0.996195
    outer loop
      vertex -38.6629 -356.051 197.053
      vertex -38.4665 -356.247 197.029
      vertex -34.9309 -352.712 197.029
    endloop
  endfacet
  facet normal 0.18303 -0.18303 0.965919
    outer loop
      vertex -38.8534 -355.86 197.125
      vertex -38.6629 -356.051 197.053
      vertex -35.1274 -352.515 197.053
    endloop
  endfacet
  facet normal 0.298799 -0.298799 0.906332
    outer loop
      vertex -39.0322 -355.682 197.243
      vertex -38.8534 -355.86 197.125
      vertex -35.3179 -352.325 197.125
    endloop
  endfacet
  facet normal 0.405578 -0.405578 0.819153
    outer loop
      vertex -39.1937 -355.52 197.403
      vertex -39.0322 -355.682 197.243
      vertex -35.4966 -352.146 197.243
    endloop
  endfacet
  facet normal 0.500012 -0.500012 0.70709
    outer loop
      vertex -39.3331 -355.381 197.6
      vertex -39.1937 -355.52 197.403
      vertex -35.6582 -351.985 197.403
    endloop
  endfacet
  facet normal 0.579188 -0.579188 0.573658
    outer loop
      vertex -39.4463 -355.268 197.829
      vertex -39.3331 -355.381 197.6
      vertex -35.7976 -351.845 197.6
    endloop
  endfacet
  facet normal 0.640865 -0.640865 0.422592
    outer loop
      vertex -39.5296 -355.184 198.082
      vertex -39.4463 -355.268 197.829
      vertex -35.9107 -351.732 197.829
    endloop
  endfacet
  facet normal 0.683016 -0.683016 0.2588
    outer loop
      vertex -39.5807 -355.133 198.351
      vertex -39.5296 -355.184 198.082
      vertex -35.9941 -351.649 198.082
    endloop
  endfacet
  facet normal 0.704426 -0.704426 0.086989
    outer loop
      vertex -39.5978 -355.116 198.629
      vertex -39.5807 -355.133 198.351
      vertex -36.0451 -351.598 198.351
    endloop
  endfacet
  facet normal 0.704406 -0.704406 -0.0873203
    outer loop
      vertex -39.5807 -355.133 198.907
      vertex -39.5978 -355.116 198.629
      vertex -36.0623 -351.58 198.629
    endloop
  endfacet
  facet normal 0.683016 -0.683016 -0.2588
    outer loop
      vertex -39.5296 -355.184 199.176
      vertex -39.5807 -355.133 198.907
      vertex -36.0451 -351.598 198.907
    endloop
  endfacet
  facet normal 0.64082 -0.64082 -0.422729
    outer loop
      vertex -39.4463 -355.268 199.429
      vertex -39.5296 -355.184 199.176
      vertex -35.9941 -351.649 199.176
    endloop
  endfacet
  facet normal 0.579249 -0.579249 -0.573533
    outer loop
      vertex -39.3331 -355.381 199.657
      vertex -39.4463 -355.268 199.429
      vertex -35.9107 -351.732 199.429
    endloop
  endfacet
  facet normal -0.579249 0.579249 -0.573533
    outer loop
      vertex -37.4867 -357.227 199.429
      vertex -37.5998 -357.114 199.657
      vertex -34.0643 -353.578 199.657
    endloop
  endfacet
  facet normal -0.640865 0.640865 -0.422592
    outer loop
      vertex -37.4033 -357.31 199.176
      vertex -37.4867 -357.227 199.429
      vertex -33.9511 -353.692 199.429
    endloop
  endfacet
  facet normal -0.683016 0.683016 -0.2588
    outer loop
      vertex -37.3523 -357.361 198.907
      vertex -37.4033 -357.31 199.176
      vertex -33.8678 -353.775 199.176
    endloop
  endfacet
  facet normal -0.704416 0.704416 -0.0871546
    outer loop
      vertex -37.3351 -357.379 198.629
      vertex -37.3523 -357.361 198.907
      vertex -33.8167 -353.826 198.907
    endloop
  endfacet
  facet normal -0.405578 0.405578 -0.819154
    outer loop
      vertex -34.9108 -354.146 199.854
      vertex -35.0724 -353.985 200.014
      vertex -34.3652 -353.277 200.014
    endloop
  endfacet
  facet normal -0.298811 0.298811 -0.906324
    outer loop
      vertex -35.0724 -353.985 200.014
      vertex -35.2511 -353.806 200.132
      vertex -34.544 -353.099 200.132
    endloop
  endfacet
  facet normal -0.183012 0.183012 -0.965926
    outer loop
      vertex -35.2511 -353.806 200.132
      vertex -35.4416 -353.615 200.204
      vertex -34.7345 -352.908 200.204
    endloop
  endfacet
  facet normal -0.0616466 0.0616466 -0.996192
    outer loop
      vertex -35.4416 -353.615 200.204
      vertex -35.638 -353.419 200.229
      vertex -34.9309 -352.712 200.229
    endloop
  endfacet
  facet normal 0.0616338 -0.0616338 -0.996194
    outer loop
      vertex -35.638 -353.419 200.229
      vertex -35.8345 -353.222 200.204
      vertex -35.1274 -352.515 200.204
    endloop
  endfacet
  facet normal 0.182993 -0.182993 -0.965933
    outer loop
      vertex -35.8345 -353.222 200.204
      vertex -36.025 -353.032 200.132
      vertex -35.3179 -352.325 200.132
    endloop
  endfacet
  facet normal 0.29884 -0.29884 -0.906306
    outer loop
      vertex -36.025 -353.032 200.132
      vertex -36.2037 -352.853 200.014
      vertex -35.4966 -352.146 200.014
    endloop
  endfacet
  facet normal 0.405578 -0.405578 -0.819154
    outer loop
      vertex -36.2037 -352.853 200.014
      vertex -36.3653 -352.692 199.854
      vertex -35.6582 -351.985 199.854
    endloop
  endfacet
  facet normal 0.5008 -0.499204 -0.707103
    outer loop
      vertex -39.1937 -355.52 199.854
      vertex -39.3331 -355.381 199.657
      vertex -38.494 -354.806 199.846
    endloop
  endfacet
  facet normal 0.502116 -0.502116 -0.704101
    outer loop
      vertex -35.7976 -351.845 199.657
      vertex -36.3727 -352.684 199.846
      vertex -38.494 -354.806 199.846
    endloop
  endfacet
  facet normal 0.502116 -0.502116 -0.704102
    outer loop
      vertex -38.494 -354.806 199.846
      vertex -39.3331 -355.381 199.657
      vertex -35.7976 -351.845 199.657
    endloop
  endfacet
  facet normal 0.457442 -0.457442 -0.762558
    outer loop
      vertex -35.6582 -351.985 199.854
      vertex -36.3653 -352.692 199.854
      vertex -36.3727 -352.684 199.846
    endloop
  endfacet
  facet normal 0.499206 -0.500802 -0.7071
    outer loop
      vertex -36.3727 -352.684 199.846
      vertex -35.7976 -351.845 199.657
      vertex -35.6582 -351.985 199.854
    endloop
  endfacet
  facet normal 0.405578 -0.405578 -0.819154
    outer loop
      vertex -39.0322 -355.682 200.014
      vertex -39.1937 -355.52 199.854
      vertex -38.4866 -354.813 199.854
    endloop
  endfacet
  facet normal 0.29884 -0.29884 -0.906306
    outer loop
      vertex -38.8534 -355.86 200.132
      vertex -39.0322 -355.682 200.014
      vertex -38.325 -354.974 200.014
    endloop
  endfacet
  facet normal 0.182993 -0.182993 -0.965933
    outer loop
      vertex -38.6629 -356.051 200.204
      vertex -38.8534 -355.86 200.132
      vertex -38.1463 -355.153 200.132
    endloop
  endfacet
  facet normal 0.0616338 -0.0616338 -0.996194
    outer loop
      vertex -38.4665 -356.247 200.229
      vertex -38.6629 -356.051 200.204
      vertex -37.9558 -355.344 200.204
    endloop
  endfacet
  facet normal -0.0616466 0.0616466 -0.996192
    outer loop
      vertex -38.27 -356.444 200.204
      vertex -38.4665 -356.247 200.229
      vertex -37.7594 -355.54 200.229
    endloop
  endfacet
  facet normal -0.183012 0.183012 -0.965926
    outer loop
      vertex -38.0795 -356.634 200.132
      vertex -38.27 -356.444 200.204
      vertex -37.5629 -355.737 200.204
    endloop
  endfacet
  facet normal -0.298811 0.298811 -0.906324
    outer loop
      vertex -37.9008 -356.813 200.014
      vertex -38.0795 -356.634 200.132
      vertex -37.3724 -355.927 200.132
    endloop
  endfacet
  facet normal -0.405578 0.405578 -0.819154
    outer loop
      vertex -37.7392 -356.975 199.854
      vertex -37.9008 -356.813 200.014
      vertex -37.1937 -356.106 200.014
    endloop
  endfacet
  facet normal -0.500802 0.499206 -0.7071
    outer loop
      vertex -34.2037 -353.439 199.854
      vertex -34.0643 -353.578 199.657
      vertex -34.9034 -354.154 199.846
    endloop
  endfacet
  facet normal -0.502131 0.502131 -0.70408
    outer loop
      vertex -34.0643 -353.578 199.657
      vertex -37.5998 -357.114 199.657
      vertex -37.0247 -356.275 199.846
    endloop
  endfacet
  facet normal -0.502142 0.502142 -0.704064
    outer loop
      vertex -37.0247 -356.275 199.846
      vertex -34.9034 -354.154 199.846
      vertex -34.0643 -353.578 199.657
    endloop
  endfacet
  facet normal -0.456704 0.456704 -0.763442
    outer loop
      vertex -37.7392 -356.975 199.854
      vertex -37.0321 -356.267 199.854
      vertex -37.0247 -356.275 199.846
    endloop
  endfacet
  facet normal -0.499204 0.5008 -0.707103
    outer loop
      vertex -37.0247 -356.275 199.846
      vertex -37.5998 -357.114 199.657
      vertex -37.7392 -356.975 199.854
    endloop
  endfacet
  facet normal -0.456704 0.456704 -0.763442
    outer loop
      vertex -34.9034 -354.154 199.846
      vertex -34.9108 -354.146 199.854
      vertex -34.2037 -353.439 199.854
    endloop
  endfacet
  facet normal -0.405578 0.405578 -0.819154
    outer loop
      vertex -37.1937 -356.106 200.014
      vertex -37.0321 -356.267 199.854
      vertex -37.7392 -356.975 199.854
    endloop
  endfacet
  facet normal -0.298868 0.298868 -0.906287
    outer loop
      vertex -37.3724 -355.927 200.132
      vertex -37.1937 -356.106 200.014
      vertex -37.9008 -356.813 200.014
    endloop
  endfacet
  facet normal -0.182994 0.182994 -0.965933
    outer loop
      vertex -37.5629 -355.737 200.204
      vertex -37.3724 -355.927 200.132
      vertex -38.0795 -356.634 200.132
    endloop
  endfacet
  facet normal -0.0616338 0.0616338 -0.996194
    outer loop
      vertex -37.7594 -355.54 200.229
      vertex -37.5629 -355.737 200.204
      vertex -38.27 -356.444 200.204
    endloop
  endfacet
  facet normal 0.0616402 -0.0616402 -0.996193
    outer loop
      vertex -37.9558 -355.344 200.204
      vertex -37.7594 -355.54 200.229
      vertex -38.4665 -356.247 200.229
    endloop
  endfacet
  facet normal 0.183013 -0.183013 -0.965926
    outer loop
      vertex -38.1463 -355.153 200.132
      vertex -37.9558 -355.344 200.204
      vertex -38.6629 -356.051 200.204
    endloop
  endfacet
  facet normal 0.29884 -0.29884 -0.906306
    outer loop
      vertex -38.325 -354.974 200.014
      vertex -38.1463 -355.153 200.132
      vertex -38.8534 -355.86 200.132
    endloop
  endfacet
  facet normal 0.405578 -0.405578 -0.819154
    outer loop
      vertex -38.4866 -354.813 199.854
      vertex -38.325 -354.974 200.014
      vertex -39.0322 -355.682 200.014
    endloop
  endfacet
  facet normal 0.457442 -0.457442 -0.762558
    outer loop
      vertex -38.494 -354.806 199.846
      vertex -38.4866 -354.813 199.854
      vertex -39.1937 -355.52 199.854
    endloop
  endfacet
  facet normal 0.405578 -0.405578 -0.819154
    outer loop
      vertex -35.6582 -351.985 199.854
      vertex -35.4966 -352.146 200.014
      vertex -36.2037 -352.853 200.014
    endloop
  endfacet
  facet normal 0.298838 -0.298838 -0.906307
    outer loop
      vertex -35.4966 -352.146 200.014
      vertex -35.3179 -352.325 200.132
      vertex -36.025 -353.032 200.132
    endloop
  endfacet
  facet normal 0.183013 -0.183013 -0.965926
    outer loop
      vertex -35.3179 -352.325 200.132
      vertex -35.1274 -352.515 200.204
      vertex -35.8345 -353.222 200.204
    endloop
  endfacet
  facet normal 0.0616402 -0.0616402 -0.996193
    outer loop
      vertex -35.1274 -352.515 200.204
      vertex -34.9309 -352.712 200.229
      vertex -35.638 -353.419 200.229
    endloop
  endfacet
  facet normal -0.0616338 0.0616338 -0.996194
    outer loop
      vertex -34.9309 -352.712 200.229
      vertex -34.7345 -352.908 200.204
      vertex -35.4416 -353.615 200.204
    endloop
  endfacet
  facet normal -0.182994 0.182994 -0.965933
    outer loop
      vertex -34.7345 -352.908 200.204
      vertex -34.544 -353.099 200.132
      vertex -35.2511 -353.806 200.132
    endloop
  endfacet
  facet normal -0.298866 0.298866 -0.906288
    outer loop
      vertex -34.544 -353.099 200.132
      vertex -34.3652 -353.277 200.014
      vertex -35.0724 -353.985 200.014
    endloop
  endfacet
  facet normal -0.405578 0.405578 -0.819154
    outer loop
      vertex -34.3652 -353.277 200.014
      vertex -34.2037 -353.439 199.854
      vertex -34.9108 -354.146 199.854
    endloop
  endfacet
  facet normal -0.704416 0.704416 -0.0871546
    outer loop
      vertex -33.8167 -353.826 198.907
      vertex -33.7996 -353.843 198.629
      vertex -37.3351 -357.379 198.629
    endloop
  endfacet
  facet normal -0.683016 0.683016 -0.2588
    outer loop
      vertex -33.8678 -353.775 199.176
      vertex -33.8167 -353.826 198.907
      vertex -37.3523 -357.361 198.907
    endloop
  endfacet
  facet normal -0.640865 0.640865 -0.422592
    outer loop
      vertex -33.9511 -353.692 199.429
      vertex -33.8678 -353.775 199.176
      vertex -37.4033 -357.31 199.176
    endloop
  endfacet
  facet normal -0.579194 0.579194 -0.573645
    outer loop
      vertex -34.0643 -353.578 199.657
      vertex -33.9511 -353.692 199.429
      vertex -37.4867 -357.227 199.429
    endloop
  endfacet
  facet normal 0.579194 -0.579194 -0.573645
    outer loop
      vertex -35.9107 -351.732 199.429
      vertex -35.7976 -351.845 199.657
      vertex -39.3331 -355.381 199.657
    endloop
  endfacet
  facet normal 0.640865 -0.640865 -0.422592
    outer loop
      vertex -35.9941 -351.649 199.176
      vertex -35.9107 -351.732 199.429
      vertex -39.4463 -355.268 199.429
    endloop
  endfacet
  facet normal 0.683016 -0.683016 -0.2588
    outer loop
      vertex -36.0451 -351.598 198.907
      vertex -35.9941 -351.649 199.176
      vertex -39.5296 -355.184 199.176
    endloop
  endfacet
  facet normal 0.704426 -0.704426 -0.086989
    outer loop
      vertex -36.0623 -351.58 198.629
      vertex -36.0451 -351.598 198.907
      vertex -39.5807 -355.133 198.907
    endloop
  endfacet
  facet normal 0.704406 -0.704406 0.0873203
    outer loop
      vertex -36.0451 -351.598 198.351
      vertex -36.0623 -351.58 198.629
      vertex -39.5978 -355.116 198.629
    endloop
  endfacet
  facet normal 0.683016 -0.683016 0.2588
    outer loop
      vertex -35.9941 -351.649 198.082
      vertex -36.0451 -351.598 198.351
      vertex -39.5807 -355.133 198.351
    endloop
  endfacet
  facet normal 0.64082 -0.64082 0.422729
    outer loop
      vertex -35.9107 -351.732 197.829
      vertex -35.9941 -351.649 198.082
      vertex -39.5296 -355.184 198.082
    endloop
  endfacet
  facet normal 0.579243 -0.579243 0.573545
    outer loop
      vertex -35.7976 -351.845 197.6
      vertex -35.9107 -351.732 197.829
      vertex -39.4463 -355.268 197.829
    endloop
  endfacet
  facet normal 0.500012 -0.500012 0.70709
    outer loop
      vertex -35.6582 -351.985 197.403
      vertex -35.7976 -351.845 197.6
      vertex -39.3331 -355.381 197.6
    endloop
  endfacet
  facet normal 0.405579 -0.405579 0.819153
    outer loop
      vertex -35.4966 -352.146 197.243
      vertex -35.6582 -351.985 197.403
      vertex -39.1937 -355.52 197.403
    endloop
  endfacet
  facet normal 0.298844 -0.298844 0.906303
    outer loop
      vertex -35.3179 -352.325 197.125
      vertex -35.4966 -352.146 197.243
      vertex -39.0322 -355.682 197.243
    endloop
  endfacet
  facet normal 0.18303 -0.18303 0.965919
    outer loop
      vertex -35.1274 -352.515 197.053
      vertex -35.3179 -352.325 197.125
      vertex -38.8534 -355.86 197.125
    endloop
  endfacet
  facet normal 0.0616139 -0.0616139 0.996196
    outer loop
      vertex -34.9309 -352.712 197.029
      vertex -35.1274 -352.515 197.053
      vertex -38.6629 -356.051 197.053
    endloop
  endfacet
  facet normal -0.0616241 0.0616241 0.996195
    outer loop
      vertex -34.7345 -352.908 197.053
      vertex -34.9309 -352.712 197.029
      vertex -38.4665 -356.247 197.029
    endloop
  endfacet
  facet normal -0.18303 0.18303 0.965919
    outer loop
      vertex -34.544 -353.099 197.125
      vertex -34.7345 -352.908 197.053
      vertex -38.27 -356.444 197.053
    endloop
  endfacet
  facet normal -0.298799 0.298799 0.906332
    outer loop
      vertex -34.3652 -353.277 197.243
      vertex -34.544 -353.099 197.125
      vertex -38.0795 -356.634 197.125
    endloop
  endfacet
  facet normal -0.405579 0.405579 0.819153
    outer loop
      vertex -34.2037 -353.439 197.403
      vertex -34.3652 -353.277 197.243
      vertex -37.9008 -356.813 197.243
    endloop
  endfacet
  facet normal -0.500012 0.500012 0.70709
    outer loop
      vertex -34.0643 -353.578 197.6
      vertex -34.2037 -353.439 197.403
      vertex -37.7392 -356.975 197.403
    endloop
  endfacet
  facet normal -0.579243 0.579243 0.573545
    outer loop
      vertex -33.9511 -353.692 197.829
      vertex -34.0643 -353.578 197.6
      vertex -37.5998 -357.114 197.6
    endloop
  endfacet
  facet normal -0.640865 0.640865 0.422592
    outer loop
      vertex -33.8678 -353.775 198.082
      vertex -33.9511 -353.692 197.829
      vertex -37.4867 -357.227 197.829
    endloop
  endfacet
  facet normal -0.683016 0.683016 0.2588
    outer loop
      vertex -33.8167 -353.826 198.351
      vertex -33.8678 -353.775 198.082
      vertex -37.4033 -357.31 198.082
    endloop
  endfacet
  facet normal -0.704416 0.704416 0.0871546
    outer loop
      vertex -33.7996 -353.843 198.629
      vertex -33.8167 -353.826 198.351
      vertex -37.3523 -357.361 198.351
    endloop
  endfacet
  facet normal 0.467332 -0.467332 0.750467
    outer loop
      vertex -38.6543 -354.645 200.045
      vertex -38.494 -354.806 199.846
      vertex -36.3727 -352.684 199.846
    endloop
  endfacet
  facet normal 0.551635 -0.551635 0.625618
    outer loop
      vertex -38.7879 -354.512 200.281
      vertex -38.6543 -354.645 200.045
      vertex -36.533 -352.524 200.045
    endloop
  endfacet
  facet normal 0.619494 -0.619494 0.482136
    outer loop
      vertex -38.8909 -354.409 200.546
      vertex -38.7879 -354.512 200.281
      vertex -36.6666 -352.39 200.281
    endloop
  endfacet
  facet normal 0.668873 -0.668873 0.324371
    outer loop
      vertex -38.9602 -354.339 200.831
      vertex -38.8909 -354.409 200.546
      vertex -36.7696 -352.287 200.546
    endloop
  endfacet
  facet normal 0.698368 -0.698368 0.156731
    outer loop
      vertex -38.9937 -354.306 201.13
      vertex -38.9602 -354.339 200.831
      vertex -36.8389 -352.218 200.831
    endloop
  endfacet
  facet normal 0.707023 -0.707023 -0.0154158
    outer loop
      vertex -38.9904 -354.309 201.432
      vertex -38.9937 -354.306 201.13
      vertex -36.8724 -352.185 201.13
    endloop
  endfacet
  facet normal 0.69461 -0.69461 -0.18717
    outer loop
      vertex -38.9504 -354.349 201.728
      vertex -38.9904 -354.309 201.432
      vertex -36.8691 -352.188 201.432
    endloop
  endfacet
  facet normal 0.661512 -0.661512 -0.353275
    outer loop
      vertex -38.875 -354.425 202.011
      vertex -38.9504 -354.349 201.728
      vertex -36.8291 -352.228 201.728
    endloop
  endfacet
  facet normal 0.608719 -0.608719 -0.508845
    outer loop
      vertex -38.7663 -354.533 202.271
      vertex -38.875 -354.425 202.011
      vertex -36.7537 -352.303 202.011
    endloop
  endfacet
  facet normal 0.53779 -0.53779 -0.64928
    outer loop
      vertex -38.6276 -354.672 202.501
      vertex -38.7663 -354.533 202.271
      vertex -36.645 -352.412 202.271
    endloop
  endfacet
  facet normal 0.450806 -0.450806 -0.770421
    outer loop
      vertex -38.4631 -354.836 202.693
      vertex -38.6276 -354.672 202.501
      vertex -36.5063 -352.551 202.501
    endloop
  endfacet
  facet normal 0.350415 -0.350415 -0.868573
    outer loop
      vertex -38.2775 -355.022 202.843
      vertex -38.4631 -354.836 202.693
      vertex -36.3418 -352.715 202.693
    endloop
  endfacet
  facet normal 0.239565 -0.239565 -0.94086
    outer loop
      vertex -38.0766 -355.223 202.945
      vertex -38.2775 -355.022 202.843
      vertex -36.1562 -352.901 202.843
    endloop
  endfacet
  facet normal 0.121587 -0.121587 -0.985106
    outer loop
      vertex -37.8662 -355.433 202.997
      vertex -38.0766 -355.223 202.945
      vertex -35.9552 -353.102 202.945
    endloop
  endfacet
  facet normal -5.49532e-16 -5.49532e-16 -1
    outer loop
      vertex -37.6526 -355.647 202.997
      vertex -37.8662 -355.433 202.997
      vertex -35.7449 -353.312 202.997
    endloop
  endfacet
  facet normal -0.121602 0.121602 -0.985102
    outer loop
      vertex -37.4422 -355.857 202.945
      vertex -37.6526 -355.647 202.997
      vertex -35.5312 -353.526 202.997
    endloop
  endfacet
  facet normal -0.239594 0.239594 -0.940845
    outer loop
      vertex -37.2412 -356.058 202.843
      vertex -37.4422 -355.857 202.945
      vertex -35.3208 -353.736 202.945
    endloop
  endfacet
  facet normal -0.350415 0.350415 -0.868573
    outer loop
      vertex -37.0557 -356.244 202.693
      vertex -37.2412 -356.058 202.843
      vertex -35.1199 -353.937 202.843
    endloop
  endfacet
  facet normal -0.450806 0.450806 -0.770421
    outer loop
      vertex -36.8911 -356.408 202.501
      vertex -37.0557 -356.244 202.693
      vertex -34.9343 -354.123 202.693
    endloop
  endfacet
  facet normal -0.53779 0.53779 -0.64928
    outer loop
      vertex -36.7524 -356.547 202.271
      vertex -36.8911 -356.408 202.501
      vertex -34.7698 -354.287 202.501
    endloop
  endfacet
  facet normal -0.608719 0.608719 -0.508845
    outer loop
      vertex -36.6437 -356.656 202.011
      vertex -36.7524 -356.547 202.271
      vertex -34.6311 -354.426 202.271
    endloop
  endfacet
  facet normal -0.661542 0.661542 -0.353163
    outer loop
      vertex -36.5683 -356.731 201.728
      vertex -36.6437 -356.656 202.011
      vertex -34.5224 -354.534 202.011
    endloop
  endfacet
  facet normal -0.694627 0.694627 -0.187046
    outer loop
      vertex -36.5283 -356.771 201.432
      vertex -36.5683 -356.731 201.728
      vertex -34.447 -354.61 201.728
    endloop
  endfacet
  facet normal -0.707024 0.707024 -0.0152874
    outer loop
      vertex -36.525 -356.775 201.13
      vertex -36.5283 -356.771 201.432
      vertex -34.407 -354.65 201.432
    endloop
  endfacet
  facet normal -0.698368 0.698368 0.156731
    outer loop
      vertex -36.5585 -356.741 200.831
      vertex -36.525 -356.775 201.13
      vertex -34.4037 -354.653 201.13
    endloop
  endfacet
  facet normal -0.668873 0.668873 0.324371
    outer loop
      vertex -36.6278 -356.672 200.546
      vertex -36.5585 -356.741 200.831
      vertex -34.4372 -354.62 200.831
    endloop
  endfacet
  facet normal -0.619494 0.619494 0.482136
    outer loop
      vertex -36.7308 -356.569 200.281
      vertex -36.6278 -356.672 200.546
      vertex -34.5065 -354.55 200.546
    endloop
  endfacet
  facet normal -0.551635 0.551635 0.625618
    outer loop
      vertex -36.8644 -356.435 200.045
      vertex -36.7308 -356.569 200.281
      vertex -34.6095 -354.447 200.281
    endloop
  endfacet
  facet normal -0.467332 0.467332 0.750467
    outer loop
      vertex -37.0247 -356.275 199.846
      vertex -36.8644 -356.435 200.045
      vertex -34.7431 -354.314 200.045
    endloop
  endfacet
  facet normal -0.467332 0.467332 0.750467
    outer loop
      vertex -34.7431 -354.314 200.045
      vertex -34.9034 -354.154 199.846
      vertex -37.0247 -356.275 199.846
    endloop
  endfacet
  facet normal -0.551635 0.551635 0.625618
    outer loop
      vertex -34.6095 -354.447 200.281
      vertex -34.7431 -354.314 200.045
      vertex -36.8644 -356.435 200.045
    endloop
  endfacet
  facet normal -0.619494 0.619494 0.482135
    outer loop
      vertex -34.5065 -354.55 200.546
      vertex -34.6095 -354.447 200.281
      vertex -36.7308 -356.569 200.281
    endloop
  endfacet
  facet normal -0.668901 0.668901 0.324256
    outer loop
      vertex -34.4372 -354.62 200.831
      vertex -34.5065 -354.55 200.546
      vertex -36.6278 -356.672 200.546
    endloop
  endfacet
  facet normal -0.698368 0.698368 0.15673
    outer loop
      vertex -34.4037 -354.653 201.13
      vertex -34.4372 -354.62 200.831
      vertex -36.5585 -356.741 200.831
    endloop
  endfacet
  facet normal -0.707024 0.707024 -0.0152874
    outer loop
      vertex -34.407 -354.65 201.432
      vertex -34.4037 -354.653 201.13
      vertex -36.525 -356.775 201.13
    endloop
  endfacet
  facet normal -0.69461 0.69461 -0.18717
    outer loop
      vertex -34.447 -354.61 201.728
      vertex -34.407 -354.65 201.432
      vertex -36.5283 -356.771 201.432
    endloop
  endfacet
  facet normal -0.661512 0.661512 -0.353275
    outer loop
      vertex -34.5224 -354.534 202.011
      vertex -34.447 -354.61 201.728
      vertex -36.5683 -356.731 201.728
    endloop
  endfacet
  facet normal -0.608679 0.608679 -0.50894
    outer loop
      vertex -34.6311 -354.426 202.271
      vertex -34.5224 -354.534 202.011
      vertex -36.6437 -356.656 202.011
    endloop
  endfacet
  facet normal -0.53779 0.53779 -0.64928
    outer loop
      vertex -34.7698 -354.287 202.501
      vertex -34.6311 -354.426 202.271
      vertex -36.7524 -356.547 202.271
    endloop
  endfacet
  facet normal -0.450806 0.450806 -0.77042
    outer loop
      vertex -34.9343 -354.123 202.693
      vertex -34.7698 -354.287 202.501
      vertex -36.8911 -356.408 202.501
    endloop
  endfacet
  facet normal -0.350376 0.350376 -0.868604
    outer loop
      vertex -35.1199 -353.937 202.843
      vertex -34.9343 -354.123 202.693
      vertex -37.0557 -356.244 202.693
    endloop
  endfacet
  facet normal -0.239565 0.239565 -0.94086
    outer loop
      vertex -35.3208 -353.736 202.945
      vertex -35.1199 -353.937 202.843
      vertex -37.2412 -356.058 202.843
    endloop
  endfacet
  facet normal -0.121587 0.121587 -0.985106
    outer loop
      vertex -35.5312 -353.526 202.997
      vertex -35.3208 -353.736 202.945
      vertex -37.4422 -355.857 202.945
    endloop
  endfacet
  facet normal -5.49532e-16 -5.49532e-16 -1
    outer loop
      vertex -35.7449 -353.312 202.997
      vertex -35.5312 -353.526 202.997
      vertex -37.6526 -355.647 202.997
    endloop
  endfacet
  facet normal 0.121618 -0.121618 -0.985098
    outer loop
      vertex -35.9552 -353.102 202.945
      vertex -35.7449 -353.312 202.997
      vertex -37.8662 -355.433 202.997
    endloop
  endfacet
  facet normal 0.239565 -0.239565 -0.94086
    outer loop
      vertex -36.1562 -352.901 202.843
      vertex -35.9552 -353.102 202.945
      vertex -38.0766 -355.223 202.945
    endloop
  endfacet
  facet normal 0.350415 -0.350415 -0.868573
    outer loop
      vertex -36.3418 -352.715 202.693
      vertex -36.1562 -352.901 202.843
      vertex -38.2775 -355.022 202.843
    endloop
  endfacet
  facet normal 0.450806 -0.450806 -0.77042
    outer loop
      vertex -36.5063 -352.551 202.501
      vertex -36.3418 -352.715 202.693
      vertex -38.4631 -354.836 202.693
    endloop
  endfacet
  facet normal 0.537745 -0.537745 -0.649354
    outer loop
      vertex -36.645 -352.412 202.271
      vertex -36.5063 -352.551 202.501
      vertex -38.6276 -354.672 202.501
    endloop
  endfacet
  facet normal 0.608719 -0.608719 -0.508844
    outer loop
      vertex -36.7537 -352.303 202.011
      vertex -36.645 -352.412 202.271
      vertex -38.7663 -354.533 202.271
    endloop
  endfacet
  facet normal 0.661542 -0.661542 -0.353162
    outer loop
      vertex -36.8291 -352.228 201.728
      vertex -36.7537 -352.303 202.011
      vertex -38.875 -354.425 202.011
    endloop
  endfacet
  facet normal 0.694627 -0.694627 -0.187046
    outer loop
      vertex -36.8691 -352.188 201.432
      vertex -36.8291 -352.228 201.728
      vertex -38.9504 -354.349 201.728
    endloop
  endfacet
  facet normal 0.707024 -0.707024 -0.0152874
    outer loop
      vertex -36.8724 -352.185 201.13
      vertex -36.8691 -352.188 201.432
      vertex -38.9904 -354.309 201.432
    endloop
  endfacet
  facet normal 0.698354 -0.698354 0.156856
    outer loop
      vertex -36.8389 -352.218 200.831
      vertex -36.8724 -352.185 201.13
      vertex -38.9937 -354.306 201.13
    endloop
  endfacet
  facet normal 0.668901 -0.668901 0.324256
    outer loop
      vertex -36.7696 -352.287 200.546
      vertex -36.8389 -352.218 200.831
      vertex -38.9602 -354.339 200.831
    endloop
  endfacet
  facet normal 0.619494 -0.619494 0.482135
    outer loop
      vertex -36.6666 -352.39 200.281
      vertex -36.7696 -352.287 200.546
      vertex -38.8909 -354.409 200.546
    endloop
  endfacet
  facet normal 0.551635 -0.551635 0.625618
    outer loop
      vertex -36.533 -352.524 200.045
      vertex -36.6666 -352.39 200.281
      vertex -38.7879 -354.512 200.281
    endloop
  endfacet
  facet normal 0.467332 -0.467332 0.750467
    outer loop
      vertex -36.3727 -352.684 199.846
      vertex -36.533 -352.524 200.045
      vertex -38.6543 -354.645 200.045
    endloop
  endfacet
  facet normal -0.707107 -0.707107 7.85046e-16
    outer loop
      vertex -35.638 -353.419 200.229
      vertex -35.4416 -353.615 200.204
      vertex -35.1199 -353.937 202.843
    endloop
  endfacet
  facet normal -0.70712 -0.707094 7.85046e-16
    outer loop
      vertex -35.0724 -353.985 200.014
      vertex -34.4037 -354.653 201.13
      vertex -34.407 -354.65 201.432
    endloop
  endfacet
  facet normal -0.707114 -0.7071 7.85046e-16
    outer loop
      vertex -35.4416 -353.615 200.204
      vertex -34.7698 -354.287 202.501
      vertex -34.9343 -354.123 202.693
    endloop
  endfacet
  facet normal -0.707107 -0.707107 7.85046e-16
    outer loop
      vertex -35.4416 -353.615 200.204
      vertex -35.2511 -353.806 200.132
      vertex -34.6311 -354.426 202.271
    endloop
  endfacet
  facet normal -0.707119 -0.707094 7.85046e-16
    outer loop
      vertex -35.1199 -353.937 202.843
      vertex -35.3208 -353.736 202.945
      vertex -35.638 -353.419 200.229
    endloop
  endfacet
  facet normal -0.707101 -0.707113 7.85046e-16
    outer loop
      vertex -35.638 -353.419 200.229
      vertex -35.9552 -353.102 202.945
      vertex -36.1562 -352.901 202.843
    endloop
  endfacet
  facet normal -0.707116 -0.707097 7.85046e-16
    outer loop
      vertex -35.8345 -353.222 200.204
      vertex -36.5063 -352.551 202.501
      vertex -36.645 -352.412 202.271
    endloop
  endfacet
  facet normal -0.707108 -0.707106 7.85046e-16
    outer loop
      vertex -35.8345 -353.222 200.204
      vertex -36.1562 -352.901 202.843
      vertex -36.3418 -352.715 202.693
    endloop
  endfacet
  facet normal -0.707117 -0.707096 7.85046e-16
    outer loop
      vertex -36.2037 -352.853 200.014
      vertex -36.8291 -352.228 201.728
      vertex -36.8691 -352.188 201.432
    endloop
  endfacet
  facet normal -0.707107 -0.707107 7.85046e-16
    outer loop
      vertex -34.9108 -354.146 199.854
      vertex -34.9034 -354.154 199.846
      vertex -34.7431 -354.314 200.045
    endloop
  endfacet
  facet normal -0.707101 -0.707112 7.85046e-16
    outer loop
      vertex -35.0724 -353.985 200.014
      vertex -34.4372 -354.62 200.831
      vertex -34.4037 -354.653 201.13
    endloop
  endfacet
  facet normal -0.707107 -0.707107 7.85046e-16
    outer loop
      vertex -35.0724 -353.985 200.014
      vertex -34.9108 -354.146 199.854
      vertex -34.5065 -354.55 200.546
    endloop
  endfacet
  facet normal -0.707107 -0.707107 7.85046e-16
    outer loop
      vertex -35.2511 -353.806 200.132
      vertex -35.0724 -353.985 200.014
      vertex -34.447 -354.61 201.728
    endloop
  endfacet
  facet normal -0.707091 -0.707122 7.85046e-16
    outer loop
      vertex -34.6311 -354.426 202.271
      vertex -34.7698 -354.287 202.501
      vertex -35.4416 -353.615 200.204
    endloop
  endfacet
  facet normal -0.707107 -0.707107 7.85046e-16
    outer loop
      vertex -35.3208 -353.736 202.945
      vertex -35.5312 -353.526 202.997
      vertex -35.638 -353.419 200.229
    endloop
  endfacet
  facet normal -0.70711 -0.707103 7.85046e-16
    outer loop
      vertex -35.638 -353.419 200.229
      vertex -35.7449 -353.312 202.997
      vertex -35.9552 -353.102 202.945
    endloop
  endfacet
  facet normal -0.707107 -0.707107 7.85046e-16
    outer loop
      vertex -36.3418 -352.715 202.693
      vertex -36.5063 -352.551 202.501
      vertex -35.8345 -353.222 200.204
    endloop
  endfacet
  facet normal -0.707102 -0.707112 7.85046e-16
    outer loop
      vertex -36.025 -353.032 200.132
      vertex -36.7537 -352.303 202.011
      vertex -36.8291 -352.228 201.728
    endloop
  endfacet
  facet normal -0.707107 -0.707107 7.85046e-16
    outer loop
      vertex -36.2037 -352.853 200.014
      vertex -36.8389 -352.218 200.831
      vertex -36.7696 -352.287 200.546
    endloop
  endfacet
  facet normal -0.707089 -0.707124 7.85046e-16
    outer loop
      vertex -36.8691 -352.188 201.432
      vertex -36.8724 -352.185 201.13
      vertex -36.2037 -352.853 200.014
    endloop
  endfacet
  facet normal -0.707107 -0.707107 7.85046e-16
    outer loop
      vertex -36.3653 -352.692 199.854
      vertex -36.7696 -352.287 200.546
      vertex -36.533 -352.524 200.045
    endloop
  endfacet
  facet normal -0.707107 -0.707107 7.85046e-16
    outer loop
      vertex -34.7431 -354.314 200.045
      vertex -34.6095 -354.447 200.281
      vertex -34.9108 -354.146 199.854
    endloop
  endfacet
  facet normal -0.707107 -0.707107 7.85046e-16
    outer loop
      vertex -34.5065 -354.55 200.546
      vertex -34.4372 -354.62 200.831
      vertex -35.0724 -353.985 200.014
    endloop
  endfacet
  facet normal -0.707107 -0.707107 7.85046e-16
    outer loop
      vertex -34.447 -354.61 201.728
      vertex -34.5224 -354.534 202.011
      vertex -35.2511 -353.806 200.132
    endloop
  endfacet
  facet normal -0.707107 -0.707107 7.85046e-16
    outer loop
      vertex -35.5312 -353.526 202.997
      vertex -35.7449 -353.312 202.997
      vertex -35.638 -353.419 200.229
    endloop
  endfacet
  facet normal -0.707102 -0.707111 7.85046e-16
    outer loop
      vertex -36.645 -352.412 202.271
      vertex -36.025 -353.032 200.132
      vertex -35.8345 -353.222 200.204
    endloop
  endfacet
  facet normal -0.707104 -0.707109 7.85046e-16
    outer loop
      vertex -36.025 -353.032 200.132
      vertex -36.645 -352.412 202.271
      vertex -36.7537 -352.303 202.011
    endloop
  endfacet
  facet normal -0.707107 -0.707107 7.85046e-16
    outer loop
      vertex -36.8724 -352.185 201.13
      vertex -36.8389 -352.218 200.831
      vertex -36.2037 -352.853 200.014
    endloop
  endfacet
  facet normal -0.707189 -0.707025 7.85046e-16
    outer loop
      vertex -36.7696 -352.287 200.546
      vertex -36.6666 -352.39 200.281
      vertex -36.533 -352.524 200.045
    endloop
  endfacet
  facet normal -0.707107 -0.707107 7.85046e-16
    outer loop
      vertex -34.407 -354.65 201.432
      vertex -34.447 -354.61 201.728
      vertex -35.0724 -353.985 200.014
    endloop
  endfacet
  facet normal -0.707107 -0.707107 7.85046e-16
    outer loop
      vertex -34.9343 -354.123 202.693
      vertex -35.1199 -353.937 202.843
      vertex -35.4416 -353.615 200.204
    endloop
  endfacet
  facet normal -0.707112 -0.707102 7.85046e-16
    outer loop
      vertex -36.8291 -352.228 201.728
      vertex -36.2037 -352.853 200.014
      vertex -36.025 -353.032 200.132
    endloop
  endfacet
  facet normal -0.707058 -0.707156 7.85046e-16
    outer loop
      vertex -36.533 -352.524 200.045
      vertex -36.3727 -352.684 199.846
      vertex -36.3653 -352.692 199.854
    endloop
  endfacet
  facet normal -0.707107 -0.707107 7.85046e-16
    outer loop
      vertex -34.5224 -354.534 202.011
      vertex -34.6311 -354.426 202.271
      vertex -35.2511 -353.806 200.132
    endloop
  endfacet
  facet normal -0.707107 -0.707107 7.85046e-16
    outer loop
      vertex -36.7696 -352.287 200.546
      vertex -36.3653 -352.692 199.854
      vertex -36.2037 -352.853 200.014
    endloop
  endfacet
  facet normal -0.707113 -0.707101 7.85046e-16
    outer loop
      vertex -36.1562 -352.901 202.843
      vertex -35.8345 -353.222 200.204
      vertex -35.638 -353.419 200.229
    endloop
  endfacet
  facet normal -0.707107 -0.707107 7.85046e-16
    outer loop
      vertex -34.6095 -354.447 200.281
      vertex -34.5065 -354.55 200.546
      vertex -34.9108 -354.146 199.854
    endloop
  endfacet
  facet normal 0.707107 0.707107 -7.85046e-16
    outer loop
      vertex -37.7594 -355.54 200.229
      vertex -37.9558 -355.344 200.204
      vertex -38.2775 -355.022 202.843
    endloop
  endfacet
  facet normal 0.707102 0.707111 -7.85046e-16
    outer loop
      vertex -38.325 -354.974 200.014
      vertex -38.9937 -354.306 201.13
      vertex -38.9904 -354.309 201.432
    endloop
  endfacet
  facet normal 0.707116 0.707098 -7.85046e-16
    outer loop
      vertex -37.9558 -355.344 200.204
      vertex -38.6276 -354.672 202.501
      vertex -38.4631 -354.836 202.693
    endloop
  endfacet
  facet normal 0.707107 0.707107 -7.85046e-16
    outer loop
      vertex -37.9558 -355.344 200.204
      vertex -38.1463 -355.153 200.132
      vertex -38.7663 -354.533 202.271
    endloop
  endfacet
  facet normal 0.707094 0.707119 -7.85046e-16
    outer loop
      vertex -38.2775 -355.022 202.843
      vertex -38.0766 -355.223 202.945
      vertex -37.7594 -355.54 200.229
    endloop
  endfacet
  facet normal 0.707113 0.707101 -7.85046e-16
    outer loop
      vertex -37.7594 -355.54 200.229
      vertex -37.4422 -355.857 202.945
      vertex -37.2412 -356.058 202.843
    endloop
  endfacet
  facet normal 0.707113 0.707101 -7.85046e-16
    outer loop
      vertex -37.5629 -355.737 200.204
      vertex -36.8911 -356.408 202.501
      vertex -36.7524 -356.547 202.271
    endloop
  endfacet
  facet normal 0.707113 0.707101 -7.85046e-16
    outer loop
      vertex -37.5629 -355.737 200.204
      vertex -37.2412 -356.058 202.843
      vertex -37.0557 -356.244 202.693
    endloop
  endfacet
  facet normal 0.70711 0.707103 -7.85046e-16
    outer loop
      vertex -37.1937 -356.106 200.014
      vertex -36.5683 -356.731 201.728
      vertex -36.5283 -356.771 201.432
    endloop
  endfacet
  facet normal 0.707107 0.707107 -7.85046e-16
    outer loop
      vertex -38.4866 -354.813 199.854
      vertex -38.494 -354.806 199.846
      vertex -38.6543 -354.645 200.045
    endloop
  endfacet
  facet normal 0.707118 0.707096 -7.85046e-16
    outer loop
      vertex -38.325 -354.974 200.014
      vertex -38.9602 -354.339 200.831
      vertex -38.9937 -354.306 201.13
    endloop
  endfacet
  facet normal 0.707107 0.707107 -7.85046e-16
    outer loop
      vertex -38.325 -354.974 200.014
      vertex -38.4866 -354.813 199.854
      vertex -38.8909 -354.409 200.546
    endloop
  endfacet
  facet normal 0.707107 0.707107 -7.85046e-16
    outer loop
      vertex -38.1463 -355.153 200.132
      vertex -38.325 -354.974 200.014
      vertex -38.9504 -354.349 201.728
    endloop
  endfacet
  facet normal 0.707107 0.707107 -7.85046e-16
    outer loop
      vertex -38.7663 -354.533 202.271
      vertex -38.6276 -354.672 202.501
      vertex -37.9558 -355.344 200.204
    endloop
  endfacet
  facet normal 0.707107 0.707107 -7.85046e-16
    outer loop
      vertex -38.0766 -355.223 202.945
      vertex -37.8662 -355.433 202.997
      vertex -37.7594 -355.54 200.229
    endloop
  endfacet
  facet normal 0.707103 0.707111 -7.85046e-16
    outer loop
      vertex -37.7594 -355.54 200.229
      vertex -37.6526 -355.647 202.997
      vertex -37.4422 -355.857 202.945
    endloop
  endfacet
  facet normal 0.707092 0.707121 -7.85046e-16
    outer loop
      vertex -37.0557 -356.244 202.693
      vertex -36.8911 -356.408 202.501
      vertex -37.5629 -355.737 200.204
    endloop
  endfacet
  facet normal 0.707109 0.707104 -7.85046e-16
    outer loop
      vertex -37.3724 -355.927 200.132
      vertex -36.6437 -356.656 202.011
      vertex -36.5683 -356.731 201.728
    endloop
  endfacet
  facet normal 0.707121 0.707092 -7.85046e-16
    outer loop
      vertex -37.1937 -356.106 200.014
      vertex -36.5585 -356.741 200.831
      vertex -36.6278 -356.672 200.546
    endloop
  endfacet
  facet normal 0.707107 0.707107 -7.85046e-16
    outer loop
      vertex -36.5283 -356.771 201.432
      vertex -36.525 -356.775 201.13
      vertex -37.1937 -356.106 200.014
    endloop
  endfacet
  facet normal 0.707042 0.707172 -7.85046e-16
    outer loop
      vertex -37.0321 -356.267 199.854
      vertex -36.7308 -356.569 200.281
      vertex -36.8644 -356.435 200.045
    endloop
  endfacet
  facet normal 0.707107 0.707107 -7.85046e-16
    outer loop
      vertex -38.6543 -354.645 200.045
      vertex -38.8909 -354.409 200.546
      vertex -38.4866 -354.813 199.854
    endloop
  endfacet
  facet normal 0.707107 0.707107 -7.85046e-16
    outer loop
      vertex -38.8909 -354.409 200.546
      vertex -38.9602 -354.339 200.831
      vertex -38.325 -354.974 200.014
    endloop
  endfacet
  facet normal 0.707107 0.707107 -7.85046e-16
    outer loop
      vertex -38.9504 -354.349 201.728
      vertex -38.875 -354.425 202.011
      vertex -38.1463 -355.153 200.132
    endloop
  endfacet
  facet normal 0.707107 0.707107 -7.85046e-16
    outer loop
      vertex -37.8662 -355.433 202.997
      vertex -37.6526 -355.647 202.997
      vertex -37.7594 -355.54 200.229
    endloop
  endfacet
  facet normal 0.707103 0.707111 -7.85046e-16
    outer loop
      vertex -36.7524 -356.547 202.271
      vertex -37.3724 -355.927 200.132
      vertex -37.5629 -355.737 200.204
    endloop
  endfacet
  facet normal 0.707107 0.707107 -7.85046e-16
    outer loop
      vertex -37.3724 -355.927 200.132
      vertex -36.7524 -356.547 202.271
      vertex -36.6437 -356.656 202.011
    endloop
  endfacet
  facet normal 0.707107 0.707107 -7.85046e-16
    outer loop
      vertex -36.525 -356.775 201.13
      vertex -36.5585 -356.741 200.831
      vertex -37.1937 -356.106 200.014
    endloop
  endfacet
  facet normal 0.707107 0.707107 -7.85046e-16
    outer loop
      vertex -37.0321 -356.267 199.854
      vertex -36.6278 -356.672 200.546
      vertex -36.7308 -356.569 200.281
    endloop
  endfacet
  facet normal 0.707107 0.707107 -7.85046e-16
    outer loop
      vertex -38.9904 -354.309 201.432
      vertex -38.9504 -354.349 201.728
      vertex -38.325 -354.974 200.014
    endloop
  endfacet
  facet normal 0.707107 0.707107 -7.85046e-16
    outer loop
      vertex -38.4631 -354.836 202.693
      vertex -38.2775 -355.022 202.843
      vertex -37.9558 -355.344 200.204
    endloop
  endfacet
  facet normal 0.707102 0.707112 -7.85046e-16
    outer loop
      vertex -36.5683 -356.731 201.728
      vertex -37.1937 -356.106 200.014
      vertex -37.3724 -355.927 200.132
    endloop
  endfacet
  facet normal 0.707107 0.707107 -7.85046e-16
    outer loop
      vertex -36.8644 -356.435 200.045
      vertex -37.0247 -356.275 199.846
      vertex -37.0321 -356.267 199.854
    endloop
  endfacet
  facet normal 0.707107 0.707107 -7.85046e-16
    outer loop
      vertex -38.875 -354.425 202.011
      vertex -38.7663 -354.533 202.271
      vertex -38.1463 -355.153 200.132
    endloop
  endfacet
  facet normal 0.707112 0.707102 -7.85046e-16
    outer loop
      vertex -36.6278 -356.672 200.546
      vertex -37.0321 -356.267 199.854
      vertex -37.1937 -356.106 200.014
    endloop
  endfacet
  facet normal 0.707102 0.707112 -7.85046e-16
    outer loop
      vertex -37.2412 -356.058 202.843
      vertex -37.5629 -355.737 200.204
      vertex -37.7594 -355.54 200.229
    endloop
  endfacet
  facet normal 0.707107 0.707107 -7.85046e-16
    outer loop
      vertex -38.6543 -354.645 200.045
      vertex -38.7879 -354.512 200.281
      vertex -38.8909 -354.409 200.546
    endloop
  endfacet
end solid
