solid ascii
  facet normal -0.642775 0.766055 0
    outer loop
      vertex 45.8381 -412.975 251.654
      vertex 45.8381 -412.975 253.654
      vertex 46.1719 -412.695 253.654
    endloop
  endfacet
  facet normal -0.500006 0.866022 0
    outer loop
      vertex 46.1719 -412.695 251.654
      vertex 46.1719 -412.695 253.654
      vertex 46.5493 -412.477 253.654
    endloop
  endfacet
  facet normal -0.342018 0.939693 0
    outer loop
      vertex 46.5493 -412.477 251.654
      vertex 46.5493 -412.477 253.654
      vertex 46.9588 -412.328 253.654
    endloop
  endfacet
  facet normal -0.173662 0.984805 0
    outer loop
      vertex 47.3879 -412.252 253.654
      vertex 47.3879 -412.252 251.654
      vertex 47.0949 -412.304 251.654
    endloop
  endfacet
  facet normal -0.173639 0.984809 1.04352e-06
    outer loop
      vertex 47.0949 -412.304 251.654
      vertex 46.9588 -412.328 253.654
      vertex 47.3879 -412.252 253.654
    endloop
  endfacet
  facet normal 4.77303e-06 1 0
    outer loop
      vertex 47.3879 -412.252 251.654
      vertex 47.3879 -412.252 253.654
      vertex 47.8237 -412.252 253.654
    endloop
  endfacet
  facet normal 0.173654 0.984807 0
    outer loop
      vertex 47.8237 -412.252 251.654
      vertex 47.8237 -412.252 253.654
      vertex 48.2529 -412.328 253.654
    endloop
  endfacet
  facet normal 0.342022 0.939692 0
    outer loop
      vertex 48.2529 -412.328 251.654
      vertex 48.2529 -412.328 253.654
      vertex 48.6624 -412.477 253.654
    endloop
  endfacet
  facet normal 0.500001 0.866025 0
    outer loop
      vertex 48.6624 -412.477 251.654
      vertex 48.6624 -412.477 253.654
      vertex 49.0398 -412.695 253.654
    endloop
  endfacet
  facet normal 0.642787 0.766045 0
    outer loop
      vertex 49.0398 -412.695 251.654
      vertex 49.0398 -412.695 253.654
      vertex 49.3736 -412.975 253.654
    endloop
  endfacet
  facet normal 0.766045 0.642787 0
    outer loop
      vertex 49.3736 -412.975 251.654
      vertex 49.3736 -412.975 253.654
      vertex 49.6537 -413.308 253.654
    endloop
  endfacet
  facet normal 0.866023 0.500005 0
    outer loop
      vertex 49.6537 -413.308 251.654
      vertex 49.6537 -413.308 253.654
      vertex 49.8716 -413.686 253.654
    endloop
  endfacet
  facet normal 0.939694 0.342015 0
    outer loop
      vertex 49.8716 -413.686 251.654
      vertex 49.8716 -413.686 253.654
      vertex 50.0206 -414.095 253.654
    endloop
  endfacet
  facet normal 0.984808 0.173645 0
    outer loop
      vertex 50.0206 -414.095 251.654
      vertex 50.0206 -414.095 253.654
      vertex 50.0963 -414.525 253.654
    endloop
  endfacet
  facet normal 1 1.65892e-05 0
    outer loop
      vertex 50.0963 -414.525 251.654
      vertex 50.0963 -414.525 253.654
      vertex 50.0963 -414.96 253.654
    endloop
  endfacet
  facet normal 0.984807 -0.173653 0
    outer loop
      vertex 50.0963 -414.96 253.654
      vertex 50.0206 -415.389 253.654
      vertex 50.0446 -415.253 251.654
    endloop
  endfacet
  facet normal 0.984818 -0.173591 0
    outer loop
      vertex 50.0206 -415.389 253.654
      vertex 50.0206 -415.389 251.654
      vertex 50.0446 -415.253 251.654
    endloop
  endfacet
  facet normal 0.939688 -0.342032 0
    outer loop
      vertex 50.0206 -415.389 251.654
      vertex 50.0206 -415.389 253.654
      vertex 49.8716 -415.799 253.654
    endloop
  endfacet
  facet normal 0.86603 -0.499992 0
    outer loop
      vertex 49.8716 -415.799 251.654
      vertex 49.8716 -415.799 253.654
      vertex 49.6537 -416.176 253.654
    endloop
  endfacet
  facet normal 0.766034 -0.6428 0
    outer loop
      vertex 49.6537 -416.176 251.654
      vertex 49.6537 -416.176 253.654
      vertex 49.3736 -416.51 253.654
    endloop
  endfacet
  facet normal 0.642775 -0.766055 0
    outer loop
      vertex 49.3736 -416.51 251.654
      vertex 49.3736 -416.51 253.654
      vertex 49.0398 -416.79 253.654
    endloop
  endfacet
  facet normal 0.500006 -0.866022 0
    outer loop
      vertex 49.0398 -416.79 251.654
      vertex 49.0398 -416.79 253.654
      vertex 48.6624 -417.008 253.654
    endloop
  endfacet
  facet normal 0.342018 -0.939693 0
    outer loop
      vertex 48.6624 -417.008 251.654
      vertex 48.6624 -417.008 253.654
      vertex 48.2529 -417.157 253.654
    endloop
  endfacet
  facet normal 0.17365 -0.984807 0
    outer loop
      vertex 48.2529 -417.157 251.654
      vertex 48.2529 -417.157 253.654
      vertex 47.8237 -417.233 253.654
    endloop
  endfacet
  facet normal -1.74623e-06 -1 0
    outer loop
      vertex 47.8237 -417.233 251.654
      vertex 47.8237 -417.233 253.654
      vertex 47.3879 -417.233 253.654
    endloop
  endfacet
  facet normal -0.173645 -0.984808 0
    outer loop
      vertex 47.3879 -417.233 251.654
      vertex 47.3879 -417.233 253.654
      vertex 46.9588 -417.157 253.654
    endloop
  endfacet
  facet normal -0.342025 -0.939691 0
    outer loop
      vertex 46.9588 -417.157 251.654
      vertex 46.9588 -417.157 253.654
      vertex 46.5493 -417.008 253.654
    endloop
  endfacet
  facet normal -0.499998 -0.866027 0
    outer loop
      vertex 46.5493 -417.008 251.654
      vertex 46.5493 -417.008 253.654
      vertex 46.1719 -416.79 253.654
    endloop
  endfacet
  facet normal -0.64279 -0.766043 0
    outer loop
      vertex 46.1719 -416.79 251.654
      vertex 46.1719 -416.79 253.654
      vertex 45.8381 -416.51 253.654
    endloop
  endfacet
  facet normal -0.766043 -0.64279 -0
    outer loop
      vertex 45.8381 -416.51 251.654
      vertex 45.8381 -416.51 253.654
      vertex 45.5579 -416.176 253.654
    endloop
  endfacet
  facet normal -0.866027 -0.499998 -0
    outer loop
      vertex 45.5579 -416.176 251.654
      vertex 45.5579 -416.176 253.654
      vertex 45.34 -415.799 253.654
    endloop
  endfacet
  facet normal -0.939691 -0.342025 -0
    outer loop
      vertex 45.34 -415.799 251.654
      vertex 45.34 -415.799 253.654
      vertex 45.191 -415.389 253.654
    endloop
  endfacet
  facet normal -0.98481 -0.173635 -0
    outer loop
      vertex 45.191 -415.389 251.654
      vertex 45.191 -415.389 253.654
      vertex 45.1153 -414.96 253.654
    endloop
  endfacet
  facet normal -1 -1.74623e-06 -0
    outer loop
      vertex 45.1153 -414.96 251.654
      vertex 45.1153 -414.96 253.654
      vertex 45.1153 -414.525 253.654
    endloop
  endfacet
  facet normal -0.984807 0.17365 -0
    outer loop
      vertex 45.1153 -414.525 251.654
      vertex 45.1153 -414.525 253.654
      vertex 45.191 -414.095 253.654
    endloop
  endfacet
  facet normal -0.939688 0.342032 -0
    outer loop
      vertex 45.191 -414.095 251.654
      vertex 45.191 -414.095 253.654
      vertex 45.34 -413.686 253.654
    endloop
  endfacet
  facet normal -0.86603 0.499992 -0
    outer loop
      vertex 45.34 -413.686 251.654
      vertex 45.34 -413.686 253.654
      vertex 45.5579 -413.308 253.654
    endloop
  endfacet
  facet normal -0.766044 0.642788 -0
    outer loop
      vertex 45.5579 -413.308 251.654
      vertex 45.5579 -413.308 253.654
      vertex 45.8381 -412.975 253.654
    endloop
  endfacet
  facet normal -0.766055 0.642775 -0
    outer loop
      vertex 45.8381 -412.975 253.654
      vertex 45.8381 -412.975 251.654
      vertex 45.5579 -413.308 251.654
    endloop
  endfacet
  facet normal -0.866022 0.500006 -0
    outer loop
      vertex 45.5579 -413.308 253.654
      vertex 45.5579 -413.308 251.654
      vertex 45.34 -413.686 251.654
    endloop
  endfacet
  facet normal -0.939693 0.342018 -0
    outer loop
      vertex 45.34 -413.686 253.654
      vertex 45.34 -413.686 251.654
      vertex 45.191 -414.095 251.654
    endloop
  endfacet
  facet normal -0.984807 0.17365 -0
    outer loop
      vertex 45.191 -414.095 253.654
      vertex 45.191 -414.095 251.654
      vertex 45.1153 -414.525 251.654
    endloop
  endfacet
  facet normal -1 -1.74623e-06 -0
    outer loop
      vertex 45.1153 -414.525 253.654
      vertex 45.1153 -414.525 251.654
      vertex 45.1153 -414.96 251.654
    endloop
  endfacet
  facet normal -0.984807 -0.173654 -0
    outer loop
      vertex 45.1153 -414.96 253.654
      vertex 45.1153 -414.96 251.654
      vertex 45.191 -415.389 251.654
    endloop
  endfacet
  facet normal -0.939691 -0.342025 -0
    outer loop
      vertex 45.191 -415.389 253.654
      vertex 45.191 -415.389 251.654
      vertex 45.34 -415.799 251.654
    endloop
  endfacet
  facet normal -0.866027 -0.499998 -0
    outer loop
      vertex 45.34 -415.799 253.654
      vertex 45.34 -415.799 251.654
      vertex 45.5579 -416.176 251.654
    endloop
  endfacet
  facet normal -0.766043 -0.64279 -0
    outer loop
      vertex 45.5579 -416.176 253.654
      vertex 45.5579 -416.176 251.654
      vertex 45.8381 -416.51 251.654
    endloop
  endfacet
  facet normal -0.64279 -0.766043 0
    outer loop
      vertex 45.8381 -416.51 253.654
      vertex 45.8381 -416.51 251.654
      vertex 46.1719 -416.79 251.654
    endloop
  endfacet
  facet normal -0.500001 -0.866025 0
    outer loop
      vertex 46.1719 -416.79 253.654
      vertex 46.1719 -416.79 251.654
      vertex 46.5493 -417.008 251.654
    endloop
  endfacet
  facet normal -0.342019 -0.939693 0
    outer loop
      vertex 46.5493 -417.008 253.654
      vertex 46.5493 -417.008 251.654
      vertex 46.9588 -417.157 251.654
    endloop
  endfacet
  facet normal -0.173645 -0.984808 0
    outer loop
      vertex 46.9588 -417.157 253.654
      vertex 46.9588 -417.157 251.654
      vertex 47.3879 -417.233 251.654
    endloop
  endfacet
  facet normal -1.35624e-05 -1 0
    outer loop
      vertex 47.3879 -417.233 253.654
      vertex 47.3879 -417.233 251.654
      vertex 47.8237 -417.233 251.654
    endloop
  endfacet
  facet normal 0.17365 -0.984807 0
    outer loop
      vertex 47.8237 -417.233 253.654
      vertex 47.8237 -417.233 251.654
      vertex 48.2529 -417.157 251.654
    endloop
  endfacet
  facet normal 0.342032 -0.939688 0
    outer loop
      vertex 48.2529 -417.157 253.654
      vertex 48.2529 -417.157 251.654
      vertex 48.6624 -417.008 251.654
    endloop
  endfacet
  facet normal 0.499992 -0.86603 0
    outer loop
      vertex 48.6624 -417.008 253.654
      vertex 48.6624 -417.008 251.654
      vertex 49.0398 -416.79 251.654
    endloop
  endfacet
  facet normal 0.642801 -0.766033 0
    outer loop
      vertex 49.0398 -416.79 253.654
      vertex 49.0398 -416.79 251.654
      vertex 49.3736 -416.51 251.654
    endloop
  endfacet
  facet normal 0.766055 -0.642775 0
    outer loop
      vertex 49.3736 -416.51 253.654
      vertex 49.3736 -416.51 251.654
      vertex 49.6537 -416.176 251.654
    endloop
  endfacet
  facet normal 0.866022 -0.500006 0
    outer loop
      vertex 49.6537 -416.176 253.654
      vertex 49.6537 -416.176 251.654
      vertex 49.8716 -415.799 251.654
    endloop
  endfacet
  facet normal 0.939693 -0.342018 0
    outer loop
      vertex 49.8716 -415.799 253.654
      vertex 49.8716 -415.799 251.654
      vertex 50.0206 -415.389 251.654
    endloop
  endfacet
  facet normal 0.984802 -0.173681 0
    outer loop
      vertex 50.0446 -415.253 251.654
      vertex 50.0963 -414.96 251.654
      vertex 50.0963 -414.96 253.654
    endloop
  endfacet
  facet normal 1 4.77303e-06 0
    outer loop
      vertex 50.0963 -414.96 253.654
      vertex 50.0963 -414.96 251.654
      vertex 50.0963 -414.525 251.654
    endloop
  endfacet
  facet normal 0.984808 0.173645 0
    outer loop
      vertex 50.0963 -414.525 253.654
      vertex 50.0963 -414.525 251.654
      vertex 50.0206 -414.095 251.654
    endloop
  endfacet
  facet normal 0.939692 0.342022 0
    outer loop
      vertex 50.0206 -414.095 253.654
      vertex 50.0206 -414.095 251.654
      vertex 49.8716 -413.686 251.654
    endloop
  endfacet
  facet normal 0.866025 0.500001 0
    outer loop
      vertex 49.8716 -413.686 253.654
      vertex 49.8716 -413.686 251.654
      vertex 49.6537 -413.308 251.654
    endloop
  endfacet
  facet normal 0.766045 0.642787 0
    outer loop
      vertex 49.6537 -413.308 253.654
      vertex 49.6537 -413.308 251.654
      vertex 49.3736 -412.975 251.654
    endloop
  endfacet
  facet normal 0.642787 0.766045 0
    outer loop
      vertex 49.3736 -412.975 253.654
      vertex 49.3736 -412.975 251.654
      vertex 49.0398 -412.695 251.654
    endloop
  endfacet
  facet normal 0.500001 0.866025 0
    outer loop
      vertex 49.0398 -412.695 253.654
      vertex 49.0398 -412.695 251.654
      vertex 48.6624 -412.477 251.654
    endloop
  endfacet
  facet normal 0.342022 0.939692 0
    outer loop
      vertex 48.6624 -412.477 253.654
      vertex 48.6624 -412.477 251.654
      vertex 48.2529 -412.328 251.654
    endloop
  endfacet
  facet normal 0.173635 0.98481 0
    outer loop
      vertex 48.2529 -412.328 253.654
      vertex 48.2529 -412.328 251.654
      vertex 47.8237 -412.252 251.654
    endloop
  endfacet
  facet normal 4.77303e-06 1 0
    outer loop
      vertex 47.8237 -412.252 253.654
      vertex 47.8237 -412.252 251.654
      vertex 47.3879 -412.252 251.654
    endloop
  endfacet
  facet normal -0.173676 0.984803 0
    outer loop
      vertex 47.0949 -412.304 251.654
      vertex 46.9588 -412.328 251.654
      vertex 46.9588 -412.328 253.654
    endloop
  endfacet
  facet normal -0.342032 0.939688 0
    outer loop
      vertex 46.9588 -412.328 253.654
      vertex 46.9588 -412.328 251.654
      vertex 46.5493 -412.477 251.654
    endloop
  endfacet
  facet normal -0.499992 0.86603 0
    outer loop
      vertex 46.5493 -412.477 253.654
      vertex 46.5493 -412.477 251.654
      vertex 46.1719 -412.695 251.654
    endloop
  endfacet
  facet normal -0.642788 0.766044 0
    outer loop
      vertex 46.1719 -412.695 253.654
      vertex 46.1719 -412.695 251.654
      vertex 45.8381 -412.975 251.654
    endloop
  endfacet
  facet normal 0 0 1
    outer loop
      vertex 50.0963 -414.525 253.654
      vertex 50.0206 -414.095 253.654
      vertex 49.1996 -414.315 253.654
    endloop
  endfacet
  facet normal 0 0 1
    outer loop
      vertex 50.0206 -414.095 253.654
      vertex 49.8716 -413.686 253.654
      vertex 49.1012 -414.045 253.654
    endloop
  endfacet
  facet normal 0 0 1
    outer loop
      vertex 45.5579 -413.308 253.654
      vertex 46.2542 -413.796 253.654
      vertex 46.4391 -413.576 253.654
    endloop
  endfacet
  facet normal 3.30079e-07 -3.30079e-07 1
    outer loop
      vertex 45.34 -413.686 253.654
      vertex 46.1104 -414.045 253.654
      vertex 46.2542 -413.796 253.654
    endloop
  endfacet
  facet normal -3.30077e-07 3.30077e-07 1
    outer loop
      vertex 45.191 -415.389 253.654
      vertex 46.012 -415.169 253.654
      vertex 45.9621 -414.886 253.654
    endloop
  endfacet
  facet normal -3.30082e-07 3.30082e-07 1
    outer loop
      vertex 45.34 -415.799 253.654
      vertex 46.1104 -415.44 253.654
      vertex 46.012 -415.169 253.654
    endloop
  endfacet
  facet normal 0 0 1
    outer loop
      vertex 49.3736 -416.51 253.654
      vertex 49.6537 -416.176 253.654
      vertex 48.9574 -415.689 253.654
    endloop
  endfacet
  facet normal 0 0 1
    outer loop
      vertex 49.6537 -416.176 253.654
      vertex 49.8716 -415.799 253.654
      vertex 49.1012 -415.44 253.654
    endloop
  endfacet
  facet normal 0 0 1
    outer loop
      vertex 50.0206 -415.389 253.654
      vertex 50.0963 -414.96 253.654
      vertex 49.2495 -414.886 253.654
    endloop
  endfacet
  facet normal 0 0 1
    outer loop
      vertex 50.0963 -414.96 253.654
      vertex 50.0963 -414.525 253.654
      vertex 49.2495 -414.599 253.654
    endloop
  endfacet
  facet normal 0 0 1
    outer loop
      vertex 49.1012 -414.045 253.654
      vertex 49.1996 -414.315 253.654
      vertex 50.0206 -414.095 253.654
    endloop
  endfacet
  facet normal 0 0 1
    outer loop
      vertex 49.8716 -413.686 253.654
      vertex 49.6537 -413.308 253.654
      vertex 48.9574 -413.796 253.654
    endloop
  endfacet
  facet normal 0 0 1
    outer loop
      vertex 48.6624 -412.477 253.654
      vertex 48.2529 -412.328 253.654
      vertex 48.0329 -413.149 253.654
    endloop
  endfacet
  facet normal 0 0 1
    outer loop
      vertex 48.2529 -412.328 253.654
      vertex 47.8237 -412.252 253.654
      vertex 47.7496 -413.099 253.654
    endloop
  endfacet
  facet normal 0 0 1
    outer loop
      vertex 46.1719 -412.695 253.654
      vertex 46.6594 -413.391 253.654
      vertex 46.9085 -413.247 253.654
    endloop
  endfacet
  facet normal 0 0 1
    outer loop
      vertex 45.8381 -412.975 253.654
      vertex 46.4391 -413.576 253.654
      vertex 46.6594 -413.391 253.654
    endloop
  endfacet
  facet normal 0 0 1
    outer loop
      vertex 46.2542 -413.796 253.654
      vertex 45.5579 -413.308 253.654
      vertex 45.34 -413.686 253.654
    endloop
  endfacet
  facet normal 0 0 1
    outer loop
      vertex 45.191 -414.095 253.654
      vertex 46.012 -414.315 253.654
      vertex 46.1104 -414.045 253.654
    endloop
  endfacet
  facet normal -3.30082e-07 3.30082e-07 1
    outer loop
      vertex 45.1153 -414.525 253.654
      vertex 45.9621 -414.599 253.654
      vertex 46.012 -414.315 253.654
    endloop
  endfacet
  facet normal 0 0 1
    outer loop
      vertex 45.1153 -414.96 253.654
      vertex 45.9621 -414.886 253.654
      vertex 45.9621 -414.599 253.654
    endloop
  endfacet
  facet normal 2.17854e-07 -2.17854e-07 1
    outer loop
      vertex 46.012 -415.169 253.654
      vertex 45.191 -415.389 253.654
      vertex 45.34 -415.799 253.654
    endloop
  endfacet
  facet normal -2.47561e-07 2.47561e-07 1
    outer loop
      vertex 45.5579 -416.176 253.654
      vertex 46.2542 -415.689 253.654
      vertex 46.1104 -415.44 253.654
    endloop
  endfacet
  facet normal 0 0 1
    outer loop
      vertex 49.1012 -415.44 253.654
      vertex 48.9574 -415.689 253.654
      vertex 49.6537 -416.176 253.654
    endloop
  endfacet
  facet normal 2.17856e-07 -2.17856e-07 1
    outer loop
      vertex 49.8716 -415.799 253.654
      vertex 50.0206 -415.389 253.654
      vertex 49.1996 -415.169 253.654
    endloop
  endfacet
  facet normal 0 0 1
    outer loop
      vertex 49.2495 -414.599 253.654
      vertex 49.2495 -414.886 253.654
      vertex 50.0963 -414.96 253.654
    endloop
  endfacet
  facet normal 0 0 1
    outer loop
      vertex 48.9574 -413.796 253.654
      vertex 49.1012 -414.045 253.654
      vertex 49.8716 -413.686 253.654
    endloop
  endfacet
  facet normal 0 0 1
    outer loop
      vertex 49.0398 -412.695 253.654
      vertex 48.6624 -412.477 253.654
      vertex 48.3031 -413.247 253.654
    endloop
  endfacet
  facet normal 0 0 1
    outer loop
      vertex 47.7496 -413.099 253.654
      vertex 48.0329 -413.149 253.654
      vertex 48.2529 -412.328 253.654
    endloop
  endfacet
  facet normal 0 0 1
    outer loop
      vertex 46.6594 -413.391 253.654
      vertex 46.1719 -412.695 253.654
      vertex 45.8381 -412.975 253.654
    endloop
  endfacet
  facet normal -2.17855e-07 2.17855e-07 1
    outer loop
      vertex 46.1104 -414.045 253.654
      vertex 45.34 -413.686 253.654
      vertex 45.191 -414.095 253.654
    endloop
  endfacet
  facet normal 0 0 1
    outer loop
      vertex 45.9621 -414.599 253.654
      vertex 45.1153 -414.525 253.654
      vertex 45.1153 -414.96 253.654
    endloop
  endfacet
  facet normal 3.26783e-07 -3.26783e-07 1
    outer loop
      vertex 46.1104 -415.44 253.654
      vertex 45.34 -415.799 253.654
      vertex 45.5579 -416.176 253.654
    endloop
  endfacet
  facet normal -3.30084e-07 3.30084e-07 1
    outer loop
      vertex 46.9588 -417.157 253.654
      vertex 47.1788 -416.336 253.654
      vertex 46.9085 -416.238 253.654
    endloop
  endfacet
  facet normal -3.30081e-07 3.30081e-07 1
    outer loop
      vertex 47.3879 -417.233 253.654
      vertex 47.462 -416.386 253.654
      vertex 47.1788 -416.336 253.654
    endloop
  endfacet
  facet normal -3.30078e-07 3.30078e-07 1
    outer loop
      vertex 49.1996 -415.169 253.654
      vertex 49.1012 -415.44 253.654
      vertex 49.8716 -415.799 253.654
    endloop
  endfacet
  facet normal 0 0 1
    outer loop
      vertex 49.1996 -414.315 253.654
      vertex 49.2495 -414.599 253.654
      vertex 50.0963 -414.525 253.654
    endloop
  endfacet
  facet normal 0 0 1
    outer loop
      vertex 49.6537 -413.308 253.654
      vertex 49.3736 -412.975 253.654
      vertex 48.7725 -413.576 253.654
    endloop
  endfacet
  facet normal -4.35707e-07 4.35707e-07 1
    outer loop
      vertex 49.3736 -412.975 253.654
      vertex 49.0398 -412.695 253.654
      vertex 48.5522 -413.391 253.654
    endloop
  endfacet
  facet normal 0 0 1
    outer loop
      vertex 48.0329 -413.149 253.654
      vertex 48.3031 -413.247 253.654
      vertex 48.6624 -412.477 253.654
    endloop
  endfacet
  facet normal 0 0 1
    outer loop
      vertex 47.8237 -412.252 253.654
      vertex 47.3879 -412.252 253.654
      vertex 47.462 -413.099 253.654
    endloop
  endfacet
  facet normal 0 0 1
    outer loop
      vertex 46.9588 -412.328 253.654
      vertex 47.1788 -413.149 253.654
      vertex 47.462 -413.099 253.654
    endloop
  endfacet
  facet normal 0 0 1
    outer loop
      vertex 46.9588 -412.328 253.654
      vertex 46.5493 -412.477 253.654
      vertex 46.9085 -413.247 253.654
    endloop
  endfacet
  facet normal 0 0 1
    outer loop
      vertex 46.4391 -413.576 253.654
      vertex 45.8381 -412.975 253.654
      vertex 45.5579 -413.308 253.654
    endloop
  endfacet
  facet normal 2.17854e-07 -2.17854e-07 1
    outer loop
      vertex 45.9621 -414.886 253.654
      vertex 45.1153 -414.96 253.654
      vertex 45.191 -415.389 253.654
    endloop
  endfacet
  facet normal 1.65041e-07 -1.65041e-07 1
    outer loop
      vertex 45.8381 -416.51 253.654
      vertex 46.4391 -415.909 253.654
      vertex 46.2542 -415.689 253.654
    endloop
  endfacet
  facet normal -1.6504e-07 1.6504e-07 1
    outer loop
      vertex 46.1719 -416.79 253.654
      vertex 46.6594 -416.094 253.654
      vertex 46.4391 -415.909 253.654
    endloop
  endfacet
  facet normal -4.12605e-07 4.12605e-07 1
    outer loop
      vertex 46.5493 -417.008 253.654
      vertex 46.9085 -416.238 253.654
      vertex 46.6594 -416.094 253.654
    endloop
  endfacet
  facet normal 2.17854e-07 -2.17854e-07 1
    outer loop
      vertex 47.1788 -416.336 253.654
      vertex 46.9588 -417.157 253.654
      vertex 47.3879 -417.233 253.654
    endloop
  endfacet
  facet normal 0 0 1
    outer loop
      vertex 47.8237 -417.233 253.654
      vertex 47.7496 -416.386 253.654
      vertex 47.462 -416.386 253.654
    endloop
  endfacet
  facet normal -2.17856e-07 2.17856e-07 1
    outer loop
      vertex 47.8237 -417.233 253.654
      vertex 48.2529 -417.157 253.654
      vertex 48.0329 -416.336 253.654
    endloop
  endfacet
  facet normal 0 0 1
    outer loop
      vertex 49.2495 -414.886 253.654
      vertex 49.1996 -415.169 253.654
      vertex 50.0206 -415.389 253.654
    endloop
  endfacet
  facet normal 0 0 1
    outer loop
      vertex 48.5522 -413.391 253.654
      vertex 48.7725 -413.576 253.654
      vertex 49.3736 -412.975 253.654
    endloop
  endfacet
  facet normal 0 0 1
    outer loop
      vertex 47.462 -413.099 253.654
      vertex 47.7496 -413.099 253.654
      vertex 47.8237 -412.252 253.654
    endloop
  endfacet
  facet normal 0 0 1
    outer loop
      vertex 46.9085 -413.247 253.654
      vertex 47.1788 -413.149 253.654
      vertex 46.9588 -412.328 253.654
    endloop
  endfacet
  facet normal 2.17856e-07 -2.17856e-07 1
    outer loop
      vertex 46.012 -414.315 253.654
      vertex 45.191 -414.095 253.654
      vertex 45.1153 -414.525 253.654
    endloop
  endfacet
  facet normal 1.90624e-07 -1.90624e-07 1
    outer loop
      vertex 46.4391 -415.909 253.654
      vertex 45.8381 -416.51 253.654
      vertex 46.1719 -416.79 253.654
    endloop
  endfacet
  facet normal 2.17856e-07 -2.17856e-07 1
    outer loop
      vertex 46.9085 -416.238 253.654
      vertex 46.5493 -417.008 253.654
      vertex 46.9588 -417.157 253.654
    endloop
  endfacet
  facet normal 0 0 1
    outer loop
      vertex 48.0329 -416.336 253.654
      vertex 47.7496 -416.386 253.654
      vertex 47.8237 -417.233 253.654
    endloop
  endfacet
  facet normal 6.60164e-07 -6.60164e-07 1
    outer loop
      vertex 48.7725 -413.576 253.654
      vertex 48.9574 -413.796 253.654
      vertex 49.6537 -413.308 253.654
    endloop
  endfacet
  facet normal 0 0 1
    outer loop
      vertex 47.462 -413.099 253.654
      vertex 47.3879 -412.252 253.654
      vertex 46.9588 -412.328 253.654
    endloop
  endfacet
  facet normal -1.90622e-07 1.90622e-07 1
    outer loop
      vertex 46.2542 -415.689 253.654
      vertex 45.5579 -416.176 253.654
      vertex 45.8381 -416.51 253.654
    endloop
  endfacet
  facet normal 0 0 1
    outer loop
      vertex 47.462 -416.386 253.654
      vertex 47.3879 -417.233 253.654
      vertex 47.8237 -417.233 253.654
    endloop
  endfacet
  facet normal 1.08928e-07 -1.08928e-07 1
    outer loop
      vertex 48.6624 -417.008 253.654
      vertex 49.0398 -416.79 253.654
      vertex 48.5522 -416.094 253.654
    endloop
  endfacet
  facet normal 0 0 1
    outer loop
      vertex 49.0398 -416.79 253.654
      vertex 49.3736 -416.51 253.654
      vertex 48.7725 -415.909 253.654
    endloop
  endfacet
  facet normal 0 0 1
    outer loop
      vertex 48.3031 -413.247 253.654
      vertex 48.5522 -413.391 253.654
      vertex 49.0398 -412.695 253.654
    endloop
  endfacet
  facet normal 1.08926e-07 -1.08926e-07 1
    outer loop
      vertex 46.6594 -416.094 253.654
      vertex 46.1719 -416.79 253.654
      vertex 46.5493 -417.008 253.654
    endloop
  endfacet
  facet normal 2.17856e-07 -2.17856e-07 1
    outer loop
      vertex 48.2529 -417.157 253.654
      vertex 48.6624 -417.008 253.654
      vertex 48.3031 -416.238 253.654
    endloop
  endfacet
  facet normal -1.65039e-07 1.65039e-07 1
    outer loop
      vertex 48.7725 -415.909 253.654
      vertex 48.5522 -416.094 253.654
      vertex 49.0398 -416.79 253.654
    endloop
  endfacet
  facet normal 0 0 1
    outer loop
      vertex 46.9085 -413.247 253.654
      vertex 46.5493 -412.477 253.654
      vertex 46.1719 -412.695 253.654
    endloop
  endfacet
  facet normal -3.30078e-07 3.30078e-07 1
    outer loop
      vertex 48.5522 -416.094 253.654
      vertex 48.3031 -416.238 253.654
      vertex 48.6624 -417.008 253.654
    endloop
  endfacet
  facet normal 0 0 1
    outer loop
      vertex 48.3031 -416.238 253.654
      vertex 48.0329 -416.336 253.654
      vertex 48.2529 -417.157 253.654
    endloop
  endfacet
  facet normal 0 0 1
    outer loop
      vertex 48.9574 -415.689 253.654
      vertex 48.7725 -415.909 253.654
      vertex 49.3736 -416.51 253.654
    endloop
  endfacet
  facet normal 0.642765 -0.766063 0
    outer loop
      vertex 46.6594 -413.391 253.654
      vertex 46.4391 -413.576 253.654
      vertex 46.4391 -413.576 249.254
    endloop
  endfacet
  facet normal 0.499981 -0.866036 0
    outer loop
      vertex 46.9085 -413.247 253.654
      vertex 46.6594 -413.391 253.654
      vertex 46.6594 -413.391 249.254
    endloop
  endfacet
  facet normal 0.342027 -0.93969 0
    outer loop
      vertex 47.1788 -413.149 253.654
      vertex 46.9085 -413.247 253.654
      vertex 46.9085 -413.247 249.254
    endloop
  endfacet
  facet normal 0.173639 -0.984809 0
    outer loop
      vertex 47.462 -413.099 253.654
      vertex 47.1788 -413.149 253.654
      vertex 47.1788 -413.149 249.254
    endloop
  endfacet
  facet normal 8.09086e-06 -1 0
    outer loop
      vertex 47.7496 -413.099 253.654
      vertex 47.462 -413.099 253.654
      vertex 47.462 -413.099 249.254
    endloop
  endfacet
  facet normal -0.173652 -0.984807 0
    outer loop
      vertex 48.0329 -413.149 253.654
      vertex 47.7496 -413.099 253.654
      vertex 47.7496 -413.099 249.254
    endloop
  endfacet
  facet normal -0.342018 -0.939693 0
    outer loop
      vertex 48.3031 -413.247 253.654
      vertex 48.0329 -413.149 253.654
      vertex 48.0329 -413.149 249.254
    endloop
  endfacet
  facet normal -0.499995 -0.866028 0
    outer loop
      vertex 48.5522 -413.391 253.654
      vertex 48.3031 -413.247 253.654
      vertex 48.3031 -413.247 249.254
    endloop
  endfacet
  facet normal -0.642787 -0.766045 0
    outer loop
      vertex 48.7725 -413.576 253.654
      vertex 48.5522 -413.391 253.654
      vertex 48.5522 -413.391 249.254
    endloop
  endfacet
  facet normal -0.766045 -0.642787 -0
    outer loop
      vertex 48.9574 -413.796 253.654
      vertex 48.7725 -413.576 253.654
      vertex 48.7725 -413.576 249.254
    endloop
  endfacet
  facet normal -0.866026 -0.5 -0
    outer loop
      vertex 49.1012 -414.045 253.654
      vertex 48.9574 -413.796 253.654
      vertex 48.9574 -413.796 249.254
    endloop
  endfacet
  facet normal -0.939693 -0.342018 -0
    outer loop
      vertex 49.1996 -414.315 253.654
      vertex 49.1012 -414.045 253.654
      vertex 49.1012 -414.045 249.254
    endloop
  endfacet
  facet normal -0.984812 -0.173626 -0
    outer loop
      vertex 49.2495 -414.599 253.654
      vertex 49.1996 -414.315 253.654
      vertex 49.1996 -414.315 249.254
    endloop
  endfacet
  facet normal -1 -8.20728e-06 -0
    outer loop
      vertex 49.2495 -414.886 253.654
      vertex 49.2495 -414.599 253.654
      vertex 49.2495 -414.599 249.254
    endloop
  endfacet
  facet normal -0.984806 0.173658 -0
    outer loop
      vertex 49.1996 -415.169 253.654
      vertex 49.2495 -414.886 253.654
      vertex 49.2495 -414.886 249.254
    endloop
  endfacet
  facet normal -0.93969 0.342027 -0
    outer loop
      vertex 49.1012 -415.44 253.654
      vertex 49.1996 -415.169 253.654
      vertex 49.1996 -415.169 249.254
    endloop
  endfacet
  facet normal -0.866025 0.500001 -0
    outer loop
      vertex 48.9574 -415.689 253.654
      vertex 49.1012 -415.44 253.654
      vertex 49.1012 -415.44 249.254
    endloop
  endfacet
  facet normal -0.766063 0.642765 -0
    outer loop
      vertex 48.7725 -415.909 253.654
      vertex 48.9574 -415.689 253.654
      vertex 48.9574 -415.689 249.254
    endloop
  endfacet
  facet normal -0.6428 0.766034 0
    outer loop
      vertex 48.5522 -416.094 253.654
      vertex 48.7725 -415.909 253.654
      vertex 48.7725 -415.909 249.254
    endloop
  endfacet
  facet normal -0.50002 0.866014 0
    outer loop
      vertex 48.3031 -416.238 253.654
      vertex 48.5522 -416.094 253.654
      vertex 48.5522 -416.094 249.254
    endloop
  endfacet
  facet normal -0.341991 0.939703 0
    outer loop
      vertex 48.0329 -416.336 253.654
      vertex 48.3031 -416.238 253.654
      vertex 48.3031 -416.238 249.254
    endloop
  endfacet
  facet normal -0.173654 0.984807 0
    outer loop
      vertex 47.7496 -416.386 253.654
      vertex 48.0329 -416.336 253.654
      vertex 48.0329 -416.336 249.254
    endloop
  endfacet
  facet normal 3.60887e-06 1 0
    outer loop
      vertex 47.462 -416.386 253.654
      vertex 47.7496 -416.386 253.654
      vertex 47.7496 -416.386 249.254
    endloop
  endfacet
  facet normal 0.173652 0.984807 0
    outer loop
      vertex 47.1788 -416.336 253.654
      vertex 47.462 -416.386 253.654
      vertex 47.462 -416.386 249.254
    endloop
  endfacet
  facet normal 0.342027 0.93969 0
    outer loop
      vertex 46.9085 -416.238 253.654
      vertex 47.1788 -416.336 253.654
      vertex 47.1788 -416.336 249.254
    endloop
  endfacet
  facet normal 0.5 0.866025 0
    outer loop
      vertex 46.6594 -416.094 253.654
      vertex 46.9085 -416.238 253.654
      vertex 46.9085 -416.238 249.254
    endloop
  endfacet
  facet normal 0.642787 0.766045 0
    outer loop
      vertex 46.4391 -415.909 253.654
      vertex 46.6594 -416.094 253.654
      vertex 46.6594 -416.094 249.254
    endloop
  endfacet
  facet normal 0.766045 0.642787 0
    outer loop
      vertex 46.2542 -415.689 253.654
      vertex 46.4391 -415.909 253.654
      vertex 46.4391 -415.909 249.254
    endloop
  endfacet
  facet normal 0.866022 0.500005 0
    outer loop
      vertex 46.1104 -415.44 253.654
      vertex 46.2542 -415.689 253.654
      vertex 46.2542 -415.689 249.254
    endloop
  endfacet
  facet normal 0.939693 0.342018 0
    outer loop
      vertex 46.012 -415.169 253.654
      vertex 46.1104 -415.44 253.654
      vertex 46.1104 -415.44 249.254
    endloop
  endfacet
  facet normal 0.984807 0.173652 0
    outer loop
      vertex 45.9621 -414.886 253.654
      vertex 46.012 -415.169 253.654
      vertex 46.012 -415.169 249.254
    endloop
  endfacet
  facet normal 1 3.60887e-06 0
    outer loop
      vertex 45.9621 -414.599 253.654
      vertex 45.9621 -414.886 253.654
      vertex 45.9621 -414.886 249.254
    endloop
  endfacet
  facet normal 0.984807 -0.173654 0
    outer loop
      vertex 46.012 -414.315 253.654
      vertex 45.9621 -414.599 253.654
      vertex 45.9621 -414.599 249.254
    endloop
  endfacet
  facet normal 0.939689 -0.34203 0
    outer loop
      vertex 46.1104 -414.045 253.654
      vertex 46.012 -414.315 253.654
      vertex 46.012 -414.315 249.254
    endloop
  endfacet
  facet normal 0.866025 -0.500001 0
    outer loop
      vertex 46.2542 -413.796 253.654
      vertex 46.1104 -414.045 253.654
      vertex 46.1104 -414.045 249.254
    endloop
  endfacet
  facet normal 0.766034 -0.6428 0
    outer loop
      vertex 46.4391 -413.576 253.654
      vertex 46.2542 -413.796 253.654
      vertex 46.2542 -413.796 249.254
    endloop
  endfacet
  facet normal 0.766063 -0.642765 0
    outer loop
      vertex 46.2542 -413.796 249.254
      vertex 46.4391 -413.576 249.254
      vertex 46.4391 -413.576 253.654
    endloop
  endfacet
  facet normal 0.866036 -0.499981 0
    outer loop
      vertex 46.1104 -414.045 249.254
      vertex 46.2542 -413.796 249.254
      vertex 46.2542 -413.796 253.654
    endloop
  endfacet
  facet normal 0.939689 -0.34203 0
    outer loop
      vertex 46.012 -414.315 249.254
      vertex 46.1104 -414.045 249.254
      vertex 46.1104 -414.045 253.654
    endloop
  endfacet
  facet normal 0.98481 -0.173635 0
    outer loop
      vertex 45.9621 -414.599 249.254
      vertex 46.012 -414.315 249.254
      vertex 46.012 -414.315 253.654
    endloop
  endfacet
  facet normal 1 -1.26893e-05 0
    outer loop
      vertex 45.9621 -414.886 249.254
      vertex 45.9621 -414.599 249.254
      vertex 45.9621 -414.599 253.654
    endloop
  endfacet
  facet normal 0.984807 0.173652 0
    outer loop
      vertex 46.012 -415.169 249.254
      vertex 45.9621 -414.886 249.254
      vertex 45.9621 -414.886 253.654
    endloop
  endfacet
  facet normal 0.939693 0.342018 0
    outer loop
      vertex 46.1104 -415.44 249.254
      vertex 46.012 -415.169 249.254
      vertex 46.012 -415.169 253.654
    endloop
  endfacet
  facet normal 0.866025 0.5 0
    outer loop
      vertex 46.2542 -415.689 249.254
      vertex 46.1104 -415.44 249.254
      vertex 46.1104 -415.44 253.654
    endloop
  endfacet
  facet normal 0.766045 0.642787 0
    outer loop
      vertex 46.4391 -415.909 249.254
      vertex 46.2542 -415.689 249.254
      vertex 46.2542 -415.689 253.654
    endloop
  endfacet
  facet normal 0.642787 0.766045 0
    outer loop
      vertex 46.6594 -416.094 249.254
      vertex 46.4391 -415.909 249.254
      vertex 46.4391 -415.909 253.654
    endloop
  endfacet
  facet normal 0.500005 0.866022 0
    outer loop
      vertex 46.9085 -416.238 249.254
      vertex 46.6594 -416.094 249.254
      vertex 46.6594 -416.094 253.654
    endloop
  endfacet
  facet normal 0.342018 0.939693 0
    outer loop
      vertex 47.1788 -416.336 249.254
      vertex 46.9085 -416.238 249.254
      vertex 46.9085 -416.238 253.654
    endloop
  endfacet
  facet normal 0.173626 0.984812 0
    outer loop
      vertex 47.462 -416.386 249.254
      vertex 47.1788 -416.336 249.254
      vertex 47.1788 -416.336 253.654
    endloop
  endfacet
  facet normal 3.60887e-06 1 0
    outer loop
      vertex 47.7496 -416.386 249.254
      vertex 47.462 -416.386 249.254
      vertex 47.462 -416.386 253.654
    endloop
  endfacet
  facet normal -0.173654 0.984807 0
    outer loop
      vertex 48.0329 -416.336 249.254
      vertex 47.7496 -416.386 249.254
      vertex 47.7496 -416.386 253.654
    endloop
  endfacet
  facet normal -0.34203 0.939689 0
    outer loop
      vertex 48.3031 -416.238 249.254
      vertex 48.0329 -416.336 249.254
      vertex 48.0329 -416.336 253.654
    endloop
  endfacet
  facet normal -0.500001 0.866025 0
    outer loop
      vertex 48.5522 -416.094 249.254
      vertex 48.3031 -416.238 249.254
      vertex 48.3031 -416.238 253.654
    endloop
  endfacet
  facet normal -0.642765 0.766063 0
    outer loop
      vertex 48.7725 -415.909 249.254
      vertex 48.5522 -416.094 249.254
      vertex 48.5522 -416.094 253.654
    endloop
  endfacet
  facet normal -0.766034 0.6428 -0
    outer loop
      vertex 48.9574 -415.689 249.254
      vertex 48.7725 -415.909 249.254
      vertex 48.7725 -415.909 253.654
    endloop
  endfacet
  facet normal -0.866014 0.50002 -0
    outer loop
      vertex 49.1012 -415.44 249.254
      vertex 48.9574 -415.689 249.254
      vertex 48.9574 -415.689 253.654
    endloop
  endfacet
  facet normal -0.939704 0.341988 -0
    outer loop
      vertex 49.1996 -415.169 249.254
      vertex 49.1012 -415.44 249.254
      vertex 49.1012 -415.44 253.654
    endloop
  endfacet
  facet normal -0.984806 0.173658 -0
    outer loop
      vertex 49.2495 -414.886 249.254
      vertex 49.1996 -415.169 249.254
      vertex 49.1996 -415.169 253.654
    endloop
  endfacet
  facet normal -1 -8.20728e-06 -0
    outer loop
      vertex 49.2495 -414.599 249.254
      vertex 49.2495 -414.886 249.254
      vertex 49.2495 -414.886 253.654
    endloop
  endfacet
  facet normal -0.984807 -0.173652 -0
    outer loop
      vertex 49.1996 -414.315 249.254
      vertex 49.2495 -414.599 249.254
      vertex 49.2495 -414.599 253.654
    endloop
  endfacet
  facet normal -0.93969 -0.342027 -0
    outer loop
      vertex 49.1012 -414.045 249.254
      vertex 49.1996 -414.315 249.254
      vertex 49.1996 -414.315 253.654
    endloop
  endfacet
  facet normal -0.866028 -0.499995 -0
    outer loop
      vertex 48.9574 -413.796 249.254
      vertex 49.1012 -414.045 249.254
      vertex 49.1012 -414.045 253.654
    endloop
  endfacet
  facet normal -0.766045 -0.642787 -0
    outer loop
      vertex 48.7725 -413.576 249.254
      vertex 48.9574 -413.796 249.254
      vertex 48.9574 -413.796 253.654
    endloop
  endfacet
  facet normal -0.642787 -0.766045 0
    outer loop
      vertex 48.5522 -413.391 249.254
      vertex 48.7725 -413.576 249.254
      vertex 48.7725 -413.576 253.654
    endloop
  endfacet
  facet normal -0.5 -0.866026 0
    outer loop
      vertex 48.3031 -413.247 249.254
      vertex 48.5522 -413.391 249.254
      vertex 48.5522 -413.391 253.654
    endloop
  endfacet
  facet normal -0.342018 -0.939693 0
    outer loop
      vertex 48.0329 -413.149 249.254
      vertex 48.3031 -413.247 249.254
      vertex 48.3031 -413.247 253.654
    endloop
  endfacet
  facet normal -0.173652 -0.984807 0
    outer loop
      vertex 47.7496 -413.099 249.254
      vertex 48.0329 -413.149 249.254
      vertex 48.0329 -413.149 253.654
    endloop
  endfacet
  facet normal -8.20728e-06 -1 0
    outer loop
      vertex 47.462 -413.099 249.254
      vertex 47.7496 -413.099 249.254
      vertex 47.7496 -413.099 253.654
    endloop
  endfacet
  facet normal 0.173658 -0.984806 0
    outer loop
      vertex 47.1788 -413.149 249.254
      vertex 47.462 -413.099 249.254
      vertex 47.462 -413.099 253.654
    endloop
  endfacet
  facet normal 0.342027 -0.93969 0
    outer loop
      vertex 46.9085 -413.247 249.254
      vertex 47.1788 -413.149 249.254
      vertex 47.1788 -413.149 253.654
    endloop
  endfacet
  facet normal 0.500001 -0.866025 0
    outer loop
      vertex 46.6594 -413.391 249.254
      vertex 46.9085 -413.247 249.254
      vertex 46.9085 -413.247 253.654
    endloop
  endfacet
  facet normal 0.6428 -0.766034 0
    outer loop
      vertex 46.4391 -413.576 249.254
      vertex 46.6594 -413.391 249.254
      vertex 46.6594 -413.391 253.654
    endloop
  endfacet
  facet normal -0 0 -1
    outer loop
      vertex -6.86742 -348.336 249.254
      vertex 4.07506 -359.278 249.254
      vertex -0.676067 -364.029 249.254
    endloop
  endfacet
  facet normal -0 0 -1
    outer loop
      vertex 11.3229 -366.526 249.254
      vertex 6.5718 -371.277 249.254
      vertex 5.42666 -367.296 249.254
    endloop
  endfacet
  facet normal -0 0 -1
    outer loop
      vertex 5.42666 -367.296 249.254
      vertex 5.57047 -367.047 249.254
      vertex 11.3229 -366.526 249.254
    endloop
  endfacet
  facet normal 9.97482e-08 -9.97482e-08 -1
    outer loop
      vertex 11.3229 -366.526 249.254
      vertex 5.71878 -366.493 249.254
      vertex 5.71878 -366.206 249.254
    endloop
  endfacet
  facet normal -3.25331e-07 3.25331e-07 -1
    outer loop
      vertex 6.5718 -371.277 249.254
      vertex 5.24178 -367.516 249.254
      vertex 5.42666 -367.296 249.254
    endloop
  endfacet
  facet normal -1.24777e-07 1.24777e-07 -1
    outer loop
      vertex 4.07506 -359.278 249.254
      vertex 3.37774 -364.854 249.254
      vertex 3.12865 -364.998 249.254
    endloop
  endfacet
  facet normal -1.03e-07 1.03e-07 -1
    outer loop
      vertex 4.07506 -359.278 249.254
      vertex 4.21886 -364.706 249.254
      vertex 3.93125 -364.706 249.254
    endloop
  endfacet
  facet normal 1.91571e-07 -1.91571e-07 -1
    outer loop
      vertex 11.3229 -366.526 249.254
      vertex 5.66884 -365.922 249.254
      vertex 5.57046 -365.652 249.254
    endloop
  endfacet
  facet normal -5.05909e-08 5.05909e-08 -1
    outer loop
      vertex 11.3229 -366.526 249.254
      vertex 5.66884 -366.776 249.254
      vertex 5.71878 -366.493 249.254
    endloop
  endfacet
  facet normal 2.9924e-07 -2.9924e-07 -1
    outer loop
      vertex 6.5718 -371.277 249.254
      vertex 5.02146 -367.701 249.254
      vertex 5.24178 -367.516 249.254
    endloop
  endfacet
  facet normal -7.27693e-08 7.27693e-08 -1
    outer loop
      vertex 6.5718 -371.277 249.254
      vertex 4.50211 -367.943 249.254
      vertex 4.77238 -367.845 249.254
    endloop
  endfacet
  facet normal 1.67671e-07 -1.67671e-07 -1
    outer loop
      vertex 4.07506 -359.278 249.254
      vertex 3.64801 -364.756 249.254
      vertex 3.37774 -364.854 249.254
    endloop
  endfacet
  facet normal 3.94033e-07 -3.94033e-07 -1
    outer loop
      vertex 4.07506 -359.278 249.254
      vertex 4.50211 -364.756 249.254
      vertex 4.21886 -364.706 249.254
    endloop
  endfacet
  facet normal -0 0 -1
    outer loop
      vertex 5.71878 -366.206 249.254
      vertex 5.66884 -365.922 249.254
      vertex 11.3229 -366.526 249.254
    endloop
  endfacet
  facet normal -0 0 -1
    outer loop
      vertex 4.77238 -367.845 249.254
      vertex 5.02146 -367.701 249.254
      vertex 6.5718 -371.277 249.254
    endloop
  endfacet
  facet normal -8.51039e-08 8.51039e-08 -1
    outer loop
      vertex 6.5718 -371.277 249.254
      vertex 3.93125 -367.993 249.254
      vertex 4.21886 -367.993 249.254
    endloop
  endfacet
  facet normal 8.99469e-08 -8.99469e-08 -1
    outer loop
      vertex -0.676067 -364.029 249.254
      vertex 2.43134 -366.206 249.254
      vertex 2.43134 -366.493 249.254
    endloop
  endfacet
  facet normal -0 0 -1
    outer loop
      vertex 3.93125 -364.706 249.254
      vertex 3.64801 -364.756 249.254
      vertex 4.07506 -359.278 249.254
    endloop
  endfacet
  facet normal 1.55975e-08 -1.55975e-08 -1
    outer loop
      vertex 4.07506 -359.278 249.254
      vertex 5.02146 -364.998 249.254
      vertex 4.77238 -364.854 249.254
    endloop
  endfacet
  facet normal -2.76192e-07 2.76192e-07 -1
    outer loop
      vertex 11.3229 -366.526 249.254
      vertex 5.42666 -365.403 249.254
      vertex 5.24178 -365.183 249.254
    endloop
  endfacet
  facet normal -0 0 -1
    outer loop
      vertex 5.57047 -367.047 249.254
      vertex 5.66884 -366.776 249.254
      vertex 11.3229 -366.526 249.254
    endloop
  endfacet
  facet normal 5.03459e-08 -5.03459e-08 -1
    outer loop
      vertex 6.5718 -371.277 249.254
      vertex 3.64801 -367.943 249.254
      vertex 3.93125 -367.993 249.254
    endloop
  endfacet
  facet normal 6.89319e-08 -6.89319e-08 -1
    outer loop
      vertex -0.676067 -364.029 249.254
      vertex 2.48128 -366.776 249.254
      vertex 2.57965 -367.047 249.254
    endloop
  endfacet
  facet normal -1.62592e-07 1.62592e-07 -1
    outer loop
      vertex -0.676067 -364.029 249.254
      vertex 2.48128 -365.922 249.254
      vertex 2.43134 -366.206 249.254
    endloop
  endfacet
  facet normal -0 0 -1
    outer loop
      vertex 4.77238 -364.854 249.254
      vertex 4.50211 -364.756 249.254
      vertex 4.07506 -359.278 249.254
    endloop
  endfacet
  facet normal -0 0 -1
    outer loop
      vertex 5.24178 -365.183 249.254
      vertex 4.07506 -359.278 249.254
      vertex 11.3229 -366.526 249.254
    endloop
  endfacet
  facet normal -0 0 -1
    outer loop
      vertex 4.21886 -367.993 249.254
      vertex 4.50211 -367.943 249.254
      vertex 6.5718 -371.277 249.254
    endloop
  endfacet
  facet normal -0 0 -1
    outer loop
      vertex 6.5718 -371.277 249.254
      vertex 3.12865 -367.701 249.254
      vertex 3.37774 -367.845 249.254
    endloop
  endfacet
  facet normal -0 0 -1
    outer loop
      vertex 6.5718 -371.277 249.254
      vertex -0.676067 -364.029 249.254
      vertex 2.90833 -367.516 249.254
    endloop
  endfacet
  facet normal -0 0 -1
    outer loop
      vertex 2.43134 -366.493 249.254
      vertex 2.48128 -366.776 249.254
      vertex -0.676067 -364.029 249.254
    endloop
  endfacet
  facet normal 1.53959e-07 -1.53959e-07 -1
    outer loop
      vertex -0.676067 -364.029 249.254
      vertex 2.72346 -365.403 249.254
      vertex 2.57965 -365.652 249.254
    endloop
  endfacet
  facet normal -0 0 -1
    outer loop
      vertex 5.24178 -365.183 249.254
      vertex 5.02146 -364.998 249.254
      vertex 4.07506 -359.278 249.254
    endloop
  endfacet
  facet normal -0 0 -1
    outer loop
      vertex 3.37774 -367.845 249.254
      vertex 3.64801 -367.943 249.254
      vertex 6.5718 -371.277 249.254
    endloop
  endfacet
  facet normal -0 0 -1
    outer loop
      vertex -0.676067 -364.029 249.254
      vertex 2.72345 -367.296 249.254
      vertex 2.90833 -367.516 249.254
    endloop
  endfacet
  facet normal -0 0 -1
    outer loop
      vertex 2.57965 -365.652 249.254
      vertex 2.48128 -365.922 249.254
      vertex -0.676067 -364.029 249.254
    endloop
  endfacet
  facet normal -0 0 -1
    outer loop
      vertex 5.57046 -365.652 249.254
      vertex 5.42666 -365.403 249.254
      vertex 11.3229 -366.526 249.254
    endloop
  endfacet
  facet normal -0 0 -1
    outer loop
      vertex 2.57965 -367.047 249.254
      vertex 2.72345 -367.296 249.254
      vertex -0.676067 -364.029 249.254
    endloop
  endfacet
  facet normal -0 0 -1
    outer loop
      vertex 2.90833 -367.516 249.254
      vertex 3.12865 -367.701 249.254
      vertex 6.5718 -371.277 249.254
    endloop
  endfacet
  facet normal -0 0 -1
    outer loop
      vertex 3.12865 -364.998 249.254
      vertex -0.676067 -364.029 249.254
      vertex 4.07506 -359.278 249.254
    endloop
  endfacet
  facet normal -3.20614e-07 3.20614e-07 -1
    outer loop
      vertex -0.676067 -364.029 249.254
      vertex 2.90833 -365.183 249.254
      vertex 2.72346 -365.403 249.254
    endloop
  endfacet
  facet normal -1.0288e-07 1.0288e-07 -1
    outer loop
      vertex 21.028 -376.231 249.254
      vertex 12.9951 -374.471 249.254
      vertex 13.0935 -374.201 249.254
    endloop
  endfacet
  facet normal 7.13332e-08 -7.13332e-08 -1
    outer loop
      vertex 21.028 -376.231 249.254
      vertex 12.8513 -374.72 249.254
      vertex 12.9951 -374.471 249.254
    endloop
  endfacet
  facet normal -1.68141e-07 1.68141e-07 -1
    outer loop
      vertex 16.2768 -380.982 249.254
      vertex 12.6665 -374.941 249.254
      vertex 12.8513 -374.72 249.254
    endloop
  endfacet
  facet normal -0 0 -1
    outer loop
      vertex 11.3229 -366.526 249.254
      vertex 21.028 -376.231 249.254
      vertex 12.8513 -372.828 249.254
    endloop
  endfacet
  facet normal 1.51209e-07 -1.51209e-07 -1
    outer loop
      vertex 21.028 -376.231 249.254
      vertex 13.0935 -373.347 249.254
      vertex 12.9951 -373.077 249.254
    endloop
  endfacet
  facet normal 7.08993e-08 -7.08993e-08 -1
    outer loop
      vertex 21.028 -376.231 249.254
      vertex 13.1434 -373.918 249.254
      vertex 13.1434 -373.63 249.254
    endloop
  endfacet
  facet normal -0 0 -1
    outer loop
      vertex 12.8513 -374.72 249.254
      vertex 21.028 -376.231 249.254
      vertex 16.2768 -380.982 249.254
    endloop
  endfacet
  facet normal -4.1324e-08 4.1324e-08 -1
    outer loop
      vertex 16.2768 -380.982 249.254
      vertex 11.9268 -375.368 249.254
      vertex 12.1971 -375.269 249.254
    endloop
  endfacet
  facet normal 3.02123e-08 -3.02123e-08 -1
    outer loop
      vertex 16.2768 -380.982 249.254
      vertex 11.0727 -375.368 249.254
      vertex 11.3559 -375.418 249.254
    endloop
  endfacet
  facet normal -0 0 -1
    outer loop
      vertex 16.2768 -380.982 249.254
      vertex 10.5533 -375.126 249.254
      vertex 10.8024 -375.269 249.254
    endloop
  endfacet
  facet normal -0 0 -1
    outer loop
      vertex 16.2768 -380.982 249.254
      vertex 6.5718 -371.277 249.254
      vertex 10.333 -374.941 249.254
    endloop
  endfacet
  facet normal -0 0 -1
    outer loop
      vertex 12.8513 -372.828 249.254
      vertex 12.6665 -372.607 249.254
      vertex 11.3229 -366.526 249.254
    endloop
  endfacet
  facet normal -0 0 -1
    outer loop
      vertex 13.1434 -373.63 249.254
      vertex 13.0935 -373.347 249.254
      vertex 21.028 -376.231 249.254
    endloop
  endfacet
  facet normal 1.60892e-07 -1.60892e-07 -1
    outer loop
      vertex 16.2768 -380.982 249.254
      vertex 12.4461 -375.126 249.254
      vertex 12.6665 -374.941 249.254
    endloop
  endfacet
  facet normal 8.8948e-08 -8.8948e-08 -1
    outer loop
      vertex 16.2768 -380.982 249.254
      vertex 11.6435 -375.418 249.254
      vertex 11.9268 -375.368 249.254
    endloop
  endfacet
  facet normal -0 0 -1
    outer loop
      vertex 10.8024 -375.269 249.254
      vertex 11.0727 -375.368 249.254
      vertex 16.2768 -380.982 249.254
    endloop
  endfacet
  facet normal -0 0 -1
    outer loop
      vertex 6.5718 -371.277 249.254
      vertex 10.1481 -374.72 249.254
      vertex 10.333 -374.941 249.254
    endloop
  endfacet
  facet normal 6.55163e-08 -6.55163e-08 -1
    outer loop
      vertex 6.5718 -371.277 249.254
      vertex 9.90595 -374.201 249.254
      vertex 10.0043 -374.471 249.254
    endloop
  endfacet
  facet normal 8.51039e-08 -8.51039e-08 -1
    outer loop
      vertex 6.5718 -371.277 249.254
      vertex 9.85601 -373.63 249.254
      vertex 9.85601 -373.918 249.254
    endloop
  endfacet
  facet normal -0 0 -1
    outer loop
      vertex 12.9951 -373.077 249.254
      vertex 12.8513 -372.828 249.254
      vertex 21.028 -376.231 249.254
    endloop
  endfacet
  facet normal -0 0 -1
    outer loop
      vertex 12.1971 -375.269 249.254
      vertex 12.4461 -375.126 249.254
      vertex 16.2768 -380.982 249.254
    endloop
  endfacet
  facet normal -0 0 -1
    outer loop
      vertex 10.333 -374.941 249.254
      vertex 10.5533 -375.126 249.254
      vertex 16.2768 -380.982 249.254
    endloop
  endfacet
  facet normal -0 0 -1
    outer loop
      vertex 9.85601 -373.918 249.254
      vertex 9.90595 -374.201 249.254
      vertex 6.5718 -371.277 249.254
    endloop
  endfacet
  facet normal 1.44356e-07 -1.44356e-07 -1
    outer loop
      vertex 6.5718 -371.277 249.254
      vertex 10.1481 -372.828 249.254
      vertex 10.0043 -373.077 249.254
    endloop
  endfacet
  facet normal -0 0 -1
    outer loop
      vertex 13.0935 -374.201 249.254
      vertex 13.1434 -373.918 249.254
      vertex 21.028 -376.231 249.254
    endloop
  endfacet
  facet normal -0 0 -1
    outer loop
      vertex 10.0043 -374.471 249.254
      vertex 10.1481 -374.72 249.254
      vertex 6.5718 -371.277 249.254
    endloop
  endfacet
  facet normal -0 0 -1
    outer loop
      vertex 10.0043 -373.077 249.254
      vertex 9.90595 -373.347 249.254
      vertex 6.5718 -371.277 249.254
    endloop
  endfacet
  facet normal -1.00458e-07 1.00458e-07 -1
    outer loop
      vertex 11.3559 -375.418 249.254
      vertex 11.6435 -375.418 249.254
      vertex 16.2768 -380.982 249.254
    endloop
  endfacet
  facet normal -2.9924e-07 2.9924e-07 -1
    outer loop
      vertex 6.5718 -371.277 249.254
      vertex 10.333 -372.607 249.254
      vertex 10.1481 -372.828 249.254
    endloop
  endfacet
  facet normal -1.18394e-07 1.18394e-07 -1
    outer loop
      vertex 11.3229 -366.526 249.254
      vertex 10.8024 -372.279 249.254
      vertex 10.5533 -372.422 249.254
    endloop
  endfacet
  facet normal 5.05909e-08 -5.05909e-08 -1
    outer loop
      vertex 11.3229 -366.526 249.254
      vertex 11.3559 -372.13 249.254
      vertex 11.0727 -372.18 249.254
    endloop
  endfacet
  facet normal 1.53752e-08 -1.53752e-08 -1
    outer loop
      vertex 11.3229 -366.526 249.254
      vertex 12.4461 -372.422 249.254
      vertex 12.197 -372.279 249.254
    endloop
  endfacet
  facet normal -1.5345e-07 1.5345e-07 -1
    outer loop
      vertex 9.90595 -373.347 249.254
      vertex 9.85601 -373.63 249.254
      vertex 6.5718 -371.277 249.254
    endloop
  endfacet
  facet normal -0 0 -1
    outer loop
      vertex 11.0727 -372.18 249.254
      vertex 10.8024 -372.279 249.254
      vertex 11.3229 -366.526 249.254
    endloop
  endfacet
  facet normal 3.83692e-07 -3.83692e-07 -1
    outer loop
      vertex 11.3229 -366.526 249.254
      vertex 11.9268 -372.18 249.254
      vertex 11.6435 -372.13 249.254
    endloop
  endfacet
  facet normal -0 0 -1
    outer loop
      vertex 12.6665 -372.607 249.254
      vertex 12.4461 -372.422 249.254
      vertex 11.3229 -366.526 249.254
    endloop
  endfacet
  facet normal -0 0 -1
    outer loop
      vertex 10.5533 -372.422 249.254
      vertex 6.5718 -371.277 249.254
      vertex 11.3229 -366.526 249.254
    endloop
  endfacet
  facet normal -0 0 -1
    outer loop
      vertex 12.197 -372.279 249.254
      vertex 11.9268 -372.18 249.254
      vertex 11.3229 -366.526 249.254
    endloop
  endfacet
  facet normal -0 0 -1
    outer loop
      vertex 11.6435 -372.13 249.254
      vertex 11.3559 -372.13 249.254
      vertex 11.3229 -366.526 249.254
    endloop
  endfacet
  facet normal -0 0 -1
    outer loop
      vertex 21.028 -376.231 249.254
      vertex 33.0841 -388.287 249.254
      vertex 28.333 -393.038 249.254
    endloop
  endfacet
  facet normal 3.42251e-08 -3.42251e-08 -1
    outer loop
      vertex 33.0841 -388.287 249.254
      vertex 35.3976 -396.172 249.254
      vertex 35.1143 -396.222 249.254
    endloop
  endfacet
  facet normal -0 0 -1
    outer loop
      vertex 42.7892 -397.992 249.254
      vertex 38.0381 -402.743 249.254
      vertex 36.893 -398.762 249.254
    endloop
  endfacet
  facet normal -1.44358e-07 1.44358e-07 -1
    outer loop
      vertex 38.0381 -402.743 249.254
      vertex 36.2387 -399.311 249.254
      vertex 36.4878 -399.167 249.254
    endloop
  endfacet
  facet normal -8.51052e-08 8.51052e-08 -1
    outer loop
      vertex 38.0381 -402.743 249.254
      vertex 35.3976 -399.459 249.254
      vertex 35.6852 -399.459 249.254
    endloop
  endfacet
  facet normal -0 0 -1
    outer loop
      vertex 28.333 -393.038 249.254
      vertex 33.0841 -388.287 249.254
      vertex 34.595 -396.464 249.254
    endloop
  endfacet
  facet normal -0 0 -1
    outer loop
      vertex 35.1143 -396.222 249.254
      vertex 34.844 -396.32 249.254
      vertex 33.0841 -388.287 249.254
    endloop
  endfacet
  facet normal 3.63977e-07 -3.63977e-07 -1
    outer loop
      vertex 42.7892 -397.992 249.254
      vertex 36.7081 -396.649 249.254
      vertex 36.4878 -396.464 249.254
    endloop
  endfacet
  facet normal 9.975e-08 -9.975e-08 -1
    outer loop
      vertex 42.7892 -397.992 249.254
      vertex 37.1851 -397.959 249.254
      vertex 37.1851 -397.672 249.254
    endloop
  endfacet
  facet normal -3.25341e-07 3.25341e-07 -1
    outer loop
      vertex 38.0381 -402.743 249.254
      vertex 36.7081 -398.982 249.254
      vertex 36.893 -398.762 249.254
    endloop
  endfacet
  facet normal -7.27703e-08 7.27703e-08 -1
    outer loop
      vertex 38.0381 -402.743 249.254
      vertex 35.9684 -399.409 249.254
      vertex 36.2387 -399.311 249.254
    endloop
  endfacet
  facet normal 5.03469e-08 -5.03469e-08 -1
    outer loop
      vertex 38.0381 -402.743 249.254
      vertex 35.1143 -399.409 249.254
      vertex 35.3976 -399.459 249.254
    endloop
  endfacet
  facet normal -0 0 -1
    outer loop
      vertex 38.0381 -402.743 249.254
      vertex 34.595 -399.167 249.254
      vertex 34.844 -399.311 249.254
    endloop
  endfacet
  facet normal 5.02277e-08 -5.02277e-08 -1
    outer loop
      vertex 28.333 -393.038 249.254
      vertex 33.8976 -397.672 249.254
      vertex 33.8976 -397.959 249.254
    endloop
  endfacet
  facet normal 4.13235e-08 -4.13235e-08 -1
    outer loop
      vertex 28.333 -393.038 249.254
      vertex 34.046 -397.118 249.254
      vertex 33.9476 -397.389 249.254
    endloop
  endfacet
  facet normal -0 0 -1
    outer loop
      vertex 34.844 -396.32 249.254
      vertex 34.595 -396.464 249.254
      vertex 33.0841 -388.287 249.254
    endloop
  endfacet
  facet normal 2.86643e-07 -2.86643e-07 -1
    outer loop
      vertex 33.0841 -388.287 249.254
      vertex 35.9684 -396.222 249.254
      vertex 35.6852 -396.172 249.254
    endloop
  endfacet
  facet normal -2.762e-07 2.762e-07 -1
    outer loop
      vertex 42.7892 -397.992 249.254
      vertex 36.893 -396.869 249.254
      vertex 36.7081 -396.649 249.254
    endloop
  endfacet
  facet normal 1.91571e-07 -1.91571e-07 -1
    outer loop
      vertex 42.7892 -397.992 249.254
      vertex 37.1351 -397.389 249.254
      vertex 37.0368 -397.118 249.254
    endloop
  endfacet
  facet normal -5.05914e-08 5.05914e-08 -1
    outer loop
      vertex 42.7892 -397.992 249.254
      vertex 37.1351 -398.243 249.254
      vertex 37.1851 -397.959 249.254
    endloop
  endfacet
  facet normal -0 0 -1
    outer loop
      vertex 36.4878 -399.167 249.254
      vertex 36.7081 -398.982 249.254
      vertex 38.0381 -402.743 249.254
    endloop
  endfacet
  facet normal -0 0 -1
    outer loop
      vertex 34.844 -399.311 249.254
      vertex 35.1143 -399.409 249.254
      vertex 38.0381 -402.743 249.254
    endloop
  endfacet
  facet normal -0 0 -1
    outer loop
      vertex 28.333 -393.038 249.254
      vertex 34.1898 -398.762 249.254
      vertex 34.3746 -398.982 249.254
    endloop
  endfacet
  facet normal 3.99748e-08 -3.99748e-08 -1
    outer loop
      vertex 28.333 -393.038 249.254
      vertex 33.9476 -398.243 249.254
      vertex 34.046 -398.513 249.254
    endloop
  endfacet
  facet normal -8.89477e-08 8.89477e-08 -1
    outer loop
      vertex 33.9476 -397.389 249.254
      vertex 33.8976 -397.672 249.254
      vertex 28.333 -393.038 249.254
    endloop
  endfacet
  facet normal -0 0 -1
    outer loop
      vertex 35.6852 -396.172 249.254
      vertex 35.3976 -396.172 249.254
      vertex 33.0841 -388.287 249.254
    endloop
  endfacet
  facet normal 1.29894e-08 -1.29894e-08 -1
    outer loop
      vertex 33.0841 -388.287 249.254
      vertex 36.4878 -396.464 249.254
      vertex 36.2387 -396.32 249.254
    endloop
  endfacet
  facet normal -0 0 -1
    outer loop
      vertex 37.0368 -397.118 249.254
      vertex 36.893 -396.869 249.254
      vertex 42.7892 -397.992 249.254
    endloop
  endfacet
  facet normal -1.60405e-07 1.60405e-07 -1
    outer loop
      vertex 42.7892 -397.992 249.254
      vertex 37.0368 -398.513 249.254
      vertex 37.1351 -398.243 249.254
    endloop
  endfacet
  facet normal -0 0 -1
    outer loop
      vertex 35.6852 -399.459 249.254
      vertex 35.9684 -399.409 249.254
      vertex 38.0381 -402.743 249.254
    endloop
  endfacet
  facet normal -0 0 -1
    outer loop
      vertex 34.3746 -398.982 249.254
      vertex 38.0381 -402.743 249.254
      vertex 28.333 -393.038 249.254
    endloop
  endfacet
  facet normal -0 0 -1
    outer loop
      vertex 33.8976 -397.959 249.254
      vertex 33.9476 -398.243 249.254
      vertex 28.333 -393.038 249.254
    endloop
  endfacet
  facet normal -1.6089e-07 1.6089e-07 -1
    outer loop
      vertex 28.333 -393.038 249.254
      vertex 34.3746 -396.649 249.254
      vertex 34.1898 -396.869 249.254
    endloop
  endfacet
  facet normal -0 0 -1
    outer loop
      vertex 36.2387 -396.32 249.254
      vertex 35.9684 -396.222 249.254
      vertex 33.0841 -388.287 249.254
    endloop
  endfacet
  facet normal -0 0 -1
    outer loop
      vertex 37.1851 -397.672 249.254
      vertex 37.1351 -397.389 249.254
      vertex 42.7892 -397.992 249.254
    endloop
  endfacet
  facet normal -0 0 -1
    outer loop
      vertex 34.3746 -398.982 249.254
      vertex 34.595 -399.167 249.254
      vertex 38.0381 -402.743 249.254
    endloop
  endfacet
  facet normal 1.60001e-07 -1.60001e-07 -1
    outer loop
      vertex 34.1898 -396.869 249.254
      vertex 34.046 -397.118 249.254
      vertex 28.333 -393.038 249.254
    endloop
  endfacet
  facet normal -0 0 -1
    outer loop
      vertex 36.4878 -396.464 249.254
      vertex 33.0841 -388.287 249.254
      vertex 42.7892 -397.992 249.254
    endloop
  endfacet
  facet normal -0 0 -1
    outer loop
      vertex 34.046 -398.513 249.254
      vertex 34.1898 -398.762 249.254
      vertex 28.333 -393.038 249.254
    endloop
  endfacet
  facet normal -0 0 -1
    outer loop
      vertex 36.893 -398.762 249.254
      vertex 37.0368 -398.513 249.254
      vertex 42.7892 -397.992 249.254
    endloop
  endfacet
  facet normal 1.03e-07 -1.03e-07 -1
    outer loop
      vertex 50.037 -405.24 249.254
      vertex 44.6096 -405.384 249.254
      vertex 44.6096 -405.096 249.254
    endloop
  endfacet
  facet normal -1.67671e-07 1.67671e-07 -1
    outer loop
      vertex 50.037 -405.24 249.254
      vertex 44.4613 -405.938 249.254
      vertex 44.5597 -405.667 249.254
    endloop
  endfacet
  facet normal -0 0 -1
    outer loop
      vertex 44.5597 -405.667 249.254
      vertex 44.6096 -405.384 249.254
      vertex 50.037 -405.24 249.254
    endloop
  endfacet
  facet normal -0 0 -1
    outer loop
      vertex 50.037 -405.24 249.254
      vertex 45.2859 -409.991 249.254
      vertex 44.3175 -406.187 249.254
    endloop
  endfacet
  facet normal -0 0 -1
    outer loop
      vertex 44.3175 -406.187 249.254
      vertex 44.4613 -405.938 249.254
      vertex 50.037 -405.24 249.254
    endloop
  endfacet
  facet normal 3.20615e-07 -3.20615e-07 -1
    outer loop
      vertex 45.2859 -409.991 249.254
      vertex 43.9123 -406.592 249.254
      vertex 44.1327 -406.407 249.254
    endloop
  endfacet
  facet normal 1.62592e-07 -1.62592e-07 -1
    outer loop
      vertex 45.2859 -409.991 249.254
      vertex 43.1097 -406.884 249.254
      vertex 43.393 -406.834 249.254
    endloop
  endfacet
  facet normal 1.95618e-07 -1.95618e-07 -1
    outer loop
      vertex 50.037 -405.24 249.254
      vertex 44.5597 -404.813 249.254
      vertex 44.4613 -404.543 249.254
    endloop
  endfacet
  facet normal -0 0 -1
    outer loop
      vertex 44.1327 -406.407 249.254
      vertex 44.3175 -406.187 249.254
      vertex 45.2859 -409.991 249.254
    endloop
  endfacet
  facet normal -0 0 -1
    outer loop
      vertex 43.393 -406.834 249.254
      vertex 43.6632 -406.736 249.254
      vertex 45.2859 -409.991 249.254
    endloop
  endfacet
  facet normal 5.30883e-08 -5.30883e-08 -1
    outer loop
      vertex 45.2859 -409.991 249.254
      vertex 42.5389 -406.834 249.254
      vertex 42.8221 -406.884 249.254
    endloop
  endfacet
  facet normal 6.55179e-08 -6.55179e-08 -1
    outer loop
      vertex 38.0381 -402.743 249.254
      vertex 41.3722 -405.667 249.254
      vertex 41.4705 -405.938 249.254
    endloop
  endfacet
  facet normal 8.51052e-08 -8.51052e-08 -1
    outer loop
      vertex 38.0381 -402.743 249.254
      vertex 41.3222 -405.096 249.254
      vertex 41.3222 -405.384 249.254
    endloop
  endfacet
  facet normal -0 0 -1
    outer loop
      vertex 44.6096 -405.096 249.254
      vertex 44.5597 -404.813 249.254
      vertex 50.037 -405.24 249.254
    endloop
  endfacet
  facet normal -1.79894e-07 1.79894e-07 -1
    outer loop
      vertex 42.8221 -406.884 249.254
      vertex 43.1097 -406.884 249.254
      vertex 45.2859 -409.991 249.254
    endloop
  endfacet
  facet normal -0 0 -1
    outer loop
      vertex 41.3222 -405.384 249.254
      vertex 41.3722 -405.667 249.254
      vertex 38.0381 -402.743 249.254
    endloop
  endfacet
  facet normal 7.27703e-08 -7.27703e-08 -1
    outer loop
      vertex 38.0381 -402.743 249.254
      vertex 41.4705 -404.543 249.254
      vertex 41.3722 -404.813 249.254
    endloop
  endfacet
  facet normal -0 0 -1
    outer loop
      vertex 42.7892 -397.992 249.254
      vertex 50.037 -405.24 249.254
      vertex 44.1327 -404.073 249.254
    endloop
  endfacet
  facet normal -0 0 -1
    outer loop
      vertex 43.6632 -406.736 249.254
      vertex 43.9123 -406.592 249.254
      vertex 45.2859 -409.991 249.254
    endloop
  endfacet
  facet normal -0 0 -1
    outer loop
      vertex 45.2859 -409.991 249.254
      vertex 42.0195 -406.592 249.254
      vertex 42.2686 -406.736 249.254
    endloop
  endfacet
  facet normal -0 0 -1
    outer loop
      vertex 38.0381 -402.743 249.254
      vertex 41.6143 -406.187 249.254
      vertex 41.7992 -406.407 249.254
    endloop
  endfacet
  facet normal -1.53454e-07 1.53454e-07 -1
    outer loop
      vertex 41.3722 -404.813 249.254
      vertex 41.3222 -405.096 249.254
      vertex 38.0381 -402.743 249.254
    endloop
  endfacet
  facet normal -2.99248e-07 2.99248e-07 -1
    outer loop
      vertex 38.0381 -402.743 249.254
      vertex 41.7992 -404.073 249.254
      vertex 41.6143 -404.294 249.254
    endloop
  endfacet
  facet normal 5.05914e-08 -5.05914e-08 -1
    outer loop
      vertex 42.7892 -397.992 249.254
      vertex 42.8221 -403.596 249.254
      vertex 42.5389 -403.646 249.254
    endloop
  endfacet
  facet normal 3.83692e-07 -3.83692e-07 -1
    outer loop
      vertex 42.7892 -397.992 249.254
      vertex 43.393 -403.646 249.254
      vertex 43.1097 -403.596 249.254
    endloop
  endfacet
  facet normal -2.77792e-07 2.77792e-07 -1
    outer loop
      vertex 50.037 -405.24 249.254
      vertex 44.3175 -404.294 249.254
      vertex 44.1327 -404.073 249.254
    endloop
  endfacet
  facet normal -0 0 -1
    outer loop
      vertex 42.2686 -406.736 249.254
      vertex 42.5389 -406.834 249.254
      vertex 45.2859 -409.991 249.254
    endloop
  endfacet
  facet normal -0 0 -1
    outer loop
      vertex 41.7992 -406.407 249.254
      vertex 45.2859 -409.991 249.254
      vertex 38.0381 -402.743 249.254
    endloop
  endfacet
  facet normal 2.88715e-07 -2.88715e-07 -1
    outer loop
      vertex 41.6143 -404.294 249.254
      vertex 41.4705 -404.543 249.254
      vertex 38.0381 -402.743 249.254
    endloop
  endfacet
  facet normal -0 0 -1
    outer loop
      vertex 43.1097 -403.596 249.254
      vertex 42.8221 -403.596 249.254
      vertex 42.7892 -397.992 249.254
    endloop
  endfacet
  facet normal 1.53751e-08 -1.53751e-08 -1
    outer loop
      vertex 42.7892 -397.992 249.254
      vertex 43.9123 -403.889 249.254
      vertex 43.6632 -403.745 249.254
    endloop
  endfacet
  facet normal -0 0 -1
    outer loop
      vertex 44.4613 -404.543 249.254
      vertex 44.3175 -404.294 249.254
      vertex 50.037 -405.24 249.254
    endloop
  endfacet
  facet normal -0 0 -1
    outer loop
      vertex 41.4705 -405.938 249.254
      vertex 41.6143 -406.187 249.254
      vertex 38.0381 -402.743 249.254
    endloop
  endfacet
  facet normal -1.18397e-07 1.18397e-07 -1
    outer loop
      vertex 42.7892 -397.992 249.254
      vertex 42.2686 -403.745 249.254
      vertex 42.0195 -403.889 249.254
    endloop
  endfacet
  facet normal -0 0 -1
    outer loop
      vertex 43.6632 -403.745 249.254
      vertex 43.393 -403.646 249.254
      vertex 42.7892 -397.992 249.254
    endloop
  endfacet
  facet normal -0 0 -1
    outer loop
      vertex 41.7992 -406.407 249.254
      vertex 42.0195 -406.592 249.254
      vertex 45.2859 -409.991 249.254
    endloop
  endfacet
  facet normal -0 0 -1
    outer loop
      vertex 42.0195 -403.889 249.254
      vertex 38.0381 -402.743 249.254
      vertex 42.7892 -397.992 249.254
    endloop
  endfacet
  facet normal -0 0 -1
    outer loop
      vertex 44.1327 -404.073 249.254
      vertex 43.9123 -403.889 249.254
      vertex 42.7892 -397.992 249.254
    endloop
  endfacet
  facet normal -0 0 -1
    outer loop
      vertex 42.5389 -403.646 249.254
      vertex 42.2686 -403.745 249.254
      vertex 42.7892 -397.992 249.254
    endloop
  endfacet
  facet normal -0 0 -1
    outer loop
      vertex 50.037 -405.24 249.254
      vertex 60.9795 -416.183 249.254
      vertex 56.2283 -420.934 249.254
    endloop
  endfacet
  facet normal -0 0 -1
    outer loop
      vertex 21.1299 -440.557 249.254
      vertex 28.8675 -448.295 249.254
      vertex 28.2921 -447.755 249.254
    endloop
  endfacet
  facet normal -0 0 -1
    outer loop
      vertex 28.8675 -448.295 249.254
      vertex 28.5978 -448.113 249.254
      vertex 28.2921 -447.755 249.254
    endloop
  endfacet
  facet normal 4.53916e-07 -4.53916e-07 -1
    outer loop
      vertex 28.8675 -448.295 249.254
      vertex 28.7695 -448.393 249.254
      vertex 28.5978 -448.113 249.254
    endloop
  endfacet
  facet normal -0 0 -1
    outer loop
      vertex 21.0311 -440.441 249.254
      vertex 20.7851 -440.04 249.254
      vertex 22.0688 -439.481 249.254
    endloop
  endfacet
  facet normal 1.89018e-07 -1.89018e-07 -1
    outer loop
      vertex 20.4951 -438.209 249.254
      vertex 21.9704 -438.357 249.254
      vertex 21.9205 -438.64 249.254
    endloop
  endfacet
  facet normal -7.88729e-07 7.88729e-07 -1
    outer loop
      vertex 33.3576 -424.536 249.254
      vertex 24.5106 -437.432 249.254
      vertex 24.2615 -437.289 249.254
    endloop
  endfacet
  facet normal 7.03225e-07 -7.03225e-07 -1
    outer loop
      vertex 42.9919 -434.17 249.254
      vertex 25.0596 -438.087 249.254
      vertex 24.9158 -437.838 249.254
    endloop
  endfacet
  facet normal -6.55667e-07 6.55667e-07 -1
    outer loop
      vertex 22.2126 -439.73 249.254
      vertex 21.1299 -440.557 249.254
      vertex 21.0311 -440.441 249.254
    endloop
  endfacet
  facet normal -3.82269e-07 3.82269e-07 -1
    outer loop
      vertex 20.4581 -438.678 249.254
      vertex 21.9205 -438.64 249.254
      vertex 21.9205 -438.928 249.254
    endloop
  endfacet
  facet normal 2.34749e-07 -2.34749e-07 -1
    outer loop
      vertex 21.9205 -438.64 249.254
      vertex 20.4581 -438.678 249.254
      vertex 20.4951 -438.209 249.254
    endloop
  endfacet
  facet normal -1.68628e-07 1.68628e-07 -1
    outer loop
      vertex 33.3576 -424.536 249.254
      vertex 23.9912 -437.19 249.254
      vertex 23.708 -437.14 249.254
    endloop
  endfacet
  facet normal 1.32424e-07 -1.32424e-07 -1
    outer loop
      vertex 33.3576 -424.536 249.254
      vertex 24.7309 -437.617 249.254
      vertex 24.5106 -437.432 249.254
    endloop
  endfacet
  facet normal -1.92067e-07 1.92067e-07 -1
    outer loop
      vertex 42.9919 -434.17 249.254
      vertex 25.158 -438.357 249.254
      vertex 25.0596 -438.087 249.254
    endloop
  endfacet
  facet normal 7.10578e-08 -7.10578e-08 -1
    outer loop
      vertex 28.8675 -448.295 249.254
      vertex 23.4204 -440.428 249.254
      vertex 23.708 -440.428 249.254
    endloop
  endfacet
  facet normal -0 0 -1
    outer loop
      vertex 28.8675 -448.295 249.254
      vertex 21.1299 -440.557 249.254
      vertex 22.8669 -440.279 249.254
    endloop
  endfacet
  facet normal -6.82805e-07 6.82805e-07 -1
    outer loop
      vertex 21.1299 -440.557 249.254
      vertex 22.3975 -439.951 249.254
      vertex 22.6178 -440.136 249.254
    endloop
  endfacet
  facet normal -0 0 -1
    outer loop
      vertex 22.0688 -439.481 249.254
      vertex 22.2126 -439.73 249.254
      vertex 21.0311 -440.441 249.254
    endloop
  endfacet
  facet normal -0 0 -1
    outer loop
      vertex 20.7851 -440.04 249.254
      vertex 20.605 -439.605 249.254
      vertex 21.9704 -439.211 249.254
    endloop
  endfacet
  facet normal -9.69235e-08 9.69235e-08 -1
    outer loop
      vertex 20.4951 -439.147 249.254
      vertex 21.9205 -438.928 249.254
      vertex 21.9704 -439.211 249.254
    endloop
  endfacet
  facet normal -2.32458e-07 2.32458e-07 -1
    outer loop
      vertex 20.4951 -438.209 249.254
      vertex 20.605 -437.751 249.254
      vertex 21.9704 -438.357 249.254
    endloop
  endfacet
  facet normal -0 0 -1
    outer loop
      vertex 24.2615 -437.289 249.254
      vertex 23.9912 -437.19 249.254
      vertex 33.3576 -424.536 249.254
    endloop
  endfacet
  facet normal -0 0 -1
    outer loop
      vertex 24.9158 -437.838 249.254
      vertex 33.3576 -424.536 249.254
      vertex 42.9919 -434.17 249.254
    endloop
  endfacet
  facet normal -4.01978e-07 4.01978e-07 -1
    outer loop
      vertex 42.9919 -434.17 249.254
      vertex 25.158 -439.211 249.254
      vertex 25.2079 -438.928 249.254
    endloop
  endfacet
  facet normal 7.25567e-08 -7.25567e-08 -1
    outer loop
      vertex 28.8675 -448.295 249.254
      vertex 24.9158 -439.73 249.254
      vertex 25.0596 -439.481 249.254
    endloop
  endfacet
  facet normal -1.43832e-07 1.43832e-07 -1
    outer loop
      vertex 28.8675 -448.295 249.254
      vertex 23.1371 -440.378 249.254
      vertex 23.4204 -440.428 249.254
    endloop
  endfacet
  facet normal -0 0 -1
    outer loop
      vertex 22.6178 -440.136 249.254
      vertex 22.8669 -440.279 249.254
      vertex 21.1299 -440.557 249.254
    endloop
  endfacet
  facet normal -8.00117e-07 8.00117e-07 -1
    outer loop
      vertex 21.9704 -439.211 249.254
      vertex 22.0688 -439.481 249.254
      vertex 20.7851 -440.04 249.254
    endloop
  endfacet
  facet normal 2.37466e-07 -2.37466e-07 -1
    outer loop
      vertex 21.9205 -438.928 249.254
      vertex 20.4951 -439.147 249.254
      vertex 20.4581 -438.678 249.254
    endloop
  endfacet
  facet normal 1.71949e-07 -1.71949e-07 -1
    outer loop
      vertex 20.7851 -437.316 249.254
      vertex 21.0311 -436.915 249.254
      vertex 22.2126 -437.838 249.254
    endloop
  endfacet
  facet normal -0 0 -1
    outer loop
      vertex 21.0311 -436.915 249.254
      vertex 21.3368 -436.557 249.254
      vertex 22.3975 -437.617 249.254
    endloop
  endfacet
  facet normal 1.75845e-07 -1.75845e-07 -1
    outer loop
      vertex 21.3368 -436.557 249.254
      vertex 33.3576 -424.536 249.254
      vertex 23.1371 -437.19 249.254
    endloop
  endfacet
  facet normal -0 0 -1
    outer loop
      vertex 24.9158 -437.838 249.254
      vertex 24.7309 -437.617 249.254
      vertex 33.3576 -424.536 249.254
    endloop
  endfacet
  facet normal -0 0 -1
    outer loop
      vertex 25.2079 -438.928 249.254
      vertex 25.2079 -438.64 249.254
      vertex 42.9919 -434.17 249.254
    endloop
  endfacet
  facet normal 1.31035e-07 -1.31035e-07 -1
    outer loop
      vertex 28.8675 -448.295 249.254
      vertex 24.7309 -439.951 249.254
      vertex 24.9158 -439.73 249.254
    endloop
  endfacet
  facet normal -2.11643e-07 2.11643e-07 -1
    outer loop
      vertex 28.8675 -448.295 249.254
      vertex 24.2615 -440.279 249.254
      vertex 24.5106 -440.136 249.254
    endloop
  endfacet
  facet normal 2.04034e-07 -2.04034e-07 -1
    outer loop
      vertex 22.8669 -440.279 249.254
      vertex 23.1371 -440.378 249.254
      vertex 28.8675 -448.295 249.254
    endloop
  endfacet
  facet normal -1.20284e-07 1.20284e-07 -1
    outer loop
      vertex 21.9704 -439.211 249.254
      vertex 20.605 -439.605 249.254
      vertex 20.4951 -439.147 249.254
    endloop
  endfacet
  facet normal 2.30624e-07 -2.30624e-07 -1
    outer loop
      vertex 20.605 -437.751 249.254
      vertex 20.7851 -437.316 249.254
      vertex 22.0688 -438.087 249.254
    endloop
  endfacet
  facet normal 9.32669e-08 -9.32669e-08 -1
    outer loop
      vertex 22.3975 -437.617 249.254
      vertex 22.2126 -437.838 249.254
      vertex 21.0311 -436.915 249.254
    endloop
  endfacet
  facet normal 6.27652e-07 -6.27652e-07 -1
    outer loop
      vertex 33.3576 -424.536 249.254
      vertex 23.4204 -437.14 249.254
      vertex 23.1371 -437.19 249.254
    endloop
  endfacet
  facet normal -0 0 -1
    outer loop
      vertex 25.2079 -438.64 249.254
      vertex 25.158 -438.357 249.254
      vertex 42.9919 -434.17 249.254
    endloop
  endfacet
  facet normal 2.88605e-08 -2.88605e-08 -1
    outer loop
      vertex 25.0596 -439.481 249.254
      vertex 42.9919 -434.17 249.254
      vertex 28.8675 -448.295 249.254
    endloop
  endfacet
  facet normal 1.53452e-07 -1.53452e-07 -1
    outer loop
      vertex 28.8675 -448.295 249.254
      vertex 23.9912 -440.378 249.254
      vertex 24.2615 -440.279 249.254
    endloop
  endfacet
  facet normal 8.21632e-07 -8.21632e-07 -1
    outer loop
      vertex 22.2126 -439.73 249.254
      vertex 22.3975 -439.951 249.254
      vertex 21.1299 -440.557 249.254
    endloop
  endfacet
  facet normal -1.86699e-07 1.86699e-07 -1
    outer loop
      vertex 22.2126 -437.838 249.254
      vertex 22.0688 -438.087 249.254
      vertex 20.7851 -437.316 249.254
    endloop
  endfacet
  facet normal -0 0 -1
    outer loop
      vertex 21.3368 -436.557 249.254
      vertex 22.8669 -437.289 249.254
      vertex 22.6178 -437.432 249.254
    endloop
  endfacet
  facet normal -0 0 -1
    outer loop
      vertex 23.708 -437.14 249.254
      vertex 23.4204 -437.14 249.254
      vertex 33.3576 -424.536 249.254
    endloop
  endfacet
  facet normal 2.47055e-07 -2.47055e-07 -1
    outer loop
      vertex 24.5106 -440.136 249.254
      vertex 24.7309 -439.951 249.254
      vertex 28.8675 -448.295 249.254
    endloop
  endfacet
  facet normal -0 0 -1
    outer loop
      vertex 22.0688 -438.087 249.254
      vertex 21.9704 -438.357 249.254
      vertex 20.605 -437.751 249.254
    endloop
  endfacet
  facet normal -4.61551e-07 4.61551e-07 -1
    outer loop
      vertex 23.1371 -437.19 249.254
      vertex 22.8669 -437.289 249.254
      vertex 21.3368 -436.557 249.254
    endloop
  endfacet
  facet normal -0 0 -1
    outer loop
      vertex 23.708 -440.428 249.254
      vertex 23.9912 -440.378 249.254
      vertex 28.8675 -448.295 249.254
    endloop
  endfacet
  facet normal -0 0 -1
    outer loop
      vertex 25.0596 -439.481 249.254
      vertex 25.158 -439.211 249.254
      vertex 42.9919 -434.17 249.254
    endloop
  endfacet
  facet normal -0 0 -1
    outer loop
      vertex 56.2283 -420.934 249.254
      vertex 48.9574 -413.796 249.254
      vertex 48.7725 -413.576 249.254
    endloop
  endfacet
  facet normal -5.33039e-08 5.33039e-08 -1
    outer loop
      vertex 45.2859 -409.991 249.254
      vertex 48.5522 -413.391 249.254
      vertex 48.3031 -413.247 249.254
    endloop
  endfacet
  facet normal -0 0 -1
    outer loop
      vertex 48.7725 -413.576 249.254
      vertex 45.2859 -409.991 249.254
      vertex 56.2283 -420.934 249.254
    endloop
  endfacet
  facet normal -0 0 -1
    outer loop
      vertex 56.2283 -420.934 249.254
      vertex 49.2495 -414.886 249.254
      vertex 49.2495 -414.599 249.254
    endloop
  endfacet
  facet normal 6.96203e-08 -6.96203e-08 -1
    outer loop
      vertex 56.2283 -420.934 249.254
      vertex 48.3031 -416.238 249.254
      vertex 48.5522 -416.094 249.254
    endloop
  endfacet
  facet normal -6.87861e-07 6.87861e-07 -1
    outer loop
      vertex 42.9919 -434.17 249.254
      vertex 48.0329 -416.336 249.254
      vertex 48.3031 -416.238 249.254
    endloop
  endfacet
  facet normal -8.12951e-08 8.12951e-08 -1
    outer loop
      vertex 45.2859 -409.991 249.254
      vertex 47.462 -413.099 249.254
      vertex 47.1788 -413.149 249.254
    endloop
  endfacet
  facet normal -5.30881e-08 5.30881e-08 -1
    outer loop
      vertex 45.2859 -409.991 249.254
      vertex 48.0329 -413.149 249.254
      vertex 47.7496 -413.099 249.254
    endloop
  endfacet
  facet normal -0 0 -1
    outer loop
      vertex 48.7725 -413.576 249.254
      vertex 48.5522 -413.391 249.254
      vertex 45.2859 -409.991 249.254
    endloop
  endfacet
  facet normal -3.21926e-08 3.21926e-08 -1
    outer loop
      vertex 56.2283 -420.934 249.254
      vertex 49.1996 -414.315 249.254
      vertex 49.1012 -414.045 249.254
    endloop
  endfacet
  facet normal 3.52773e-08 -3.52773e-08 -1
    outer loop
      vertex 56.2283 -420.934 249.254
      vertex 49.1996 -415.169 249.254
      vertex 49.2495 -414.886 249.254
    endloop
  endfacet
  facet normal 1.25039e-07 -1.25039e-07 -1
    outer loop
      vertex 56.2283 -420.934 249.254
      vertex 48.7725 -415.909 249.254
      vertex 48.9574 -415.689 249.254
    endloop
  endfacet
  facet normal -3.07968e-08 3.07968e-08 -1
    outer loop
      vertex 48.3031 -416.238 249.254
      vertex 56.2283 -420.934 249.254
      vertex 42.9919 -434.17 249.254
    endloop
  endfacet
  facet normal -0 0 -1
    outer loop
      vertex 43.02 -413.881 249.254
      vertex 46.012 -414.315 249.254
      vertex 45.9621 -414.599 249.254
    endloop
  endfacet
  facet normal -0 0 -1
    outer loop
      vertex 47.7496 -413.099 249.254
      vertex 47.462 -413.099 249.254
      vertex 45.2859 -409.991 249.254
    endloop
  endfacet
  facet normal 2.56152e-08 -2.56152e-08 -1
    outer loop
      vertex 49.1012 -414.045 249.254
      vertex 48.9574 -413.796 249.254
      vertex 56.2283 -420.934 249.254
    endloop
  endfacet
  facet normal 3.25897e-08 -3.25897e-08 -1
    outer loop
      vertex 56.2283 -420.934 249.254
      vertex 49.1012 -415.44 249.254
      vertex 49.1996 -415.169 249.254
    endloop
  endfacet
  facet normal -0 0 -1
    outer loop
      vertex 48.5522 -416.094 249.254
      vertex 48.7725 -415.909 249.254
      vertex 56.2283 -420.934 249.254
    endloop
  endfacet
  facet normal 1.01737e-07 -1.01737e-07 -1
    outer loop
      vertex 45.9621 -414.599 249.254
      vertex 42.9292 -414.396 249.254
      vertex 43.02 -413.881 249.254
    endloop
  endfacet
  facet normal -0 0 -1
    outer loop
      vertex 48.3031 -413.247 249.254
      vertex 48.0329 -413.149 249.254
      vertex 45.2859 -409.991 249.254
    endloop
  endfacet
  facet normal -1.25348e-07 1.25348e-07 -1
    outer loop
      vertex 48.9574 -415.689 249.254
      vertex 49.1012 -415.44 249.254
      vertex 56.2283 -420.934 249.254
    endloop
  endfacet
  facet normal -2.35745e-07 2.35745e-07 -1
    outer loop
      vertex 42.9919 -434.17 249.254
      vertex 47.462 -416.386 249.254
      vertex 47.7496 -416.386 249.254
    endloop
  endfacet
  facet normal 7.91321e-07 -7.91321e-07 -1
    outer loop
      vertex 42.9919 -434.17 249.254
      vertex 46.9085 -416.238 249.254
      vertex 47.1788 -416.336 249.254
    endloop
  endfacet
  facet normal -7.99861e-08 7.99861e-08 -1
    outer loop
      vertex 46.1104 -415.44 249.254
      vertex 33.3576 -424.536 249.254
      vertex 42.1528 -415.741 249.254
    endloop
  endfacet
  facet normal 2.37491e-07 -2.37491e-07 -1
    outer loop
      vertex 46.012 -415.169 249.254
      vertex 42.1528 -415.741 249.254
      vertex 42.4889 -415.34 249.254
    endloop
  endfacet
  facet normal 2.03768e-07 -2.03768e-07 -1
    outer loop
      vertex 45.9621 -414.886 249.254
      vertex 42.7504 -414.887 249.254
      vertex 42.9292 -414.396 249.254
    endloop
  endfacet
  facet normal -0 0 -1
    outer loop
      vertex 49.2495 -414.599 249.254
      vertex 49.1996 -414.315 249.254
      vertex 56.2283 -420.934 249.254
    endloop
  endfacet
  facet normal -0 0 -1
    outer loop
      vertex 47.1788 -416.336 249.254
      vertex 47.462 -416.386 249.254
      vertex 42.9919 -434.17 249.254
    endloop
  endfacet
  facet normal -0 0 -1
    outer loop
      vertex 42.9919 -434.17 249.254
      vertex 33.3576 -424.536 249.254
      vertex 46.6594 -416.094 249.254
    endloop
  endfacet
  facet normal -2.19959e-07 2.19959e-07 -1
    outer loop
      vertex 33.3576 -424.536 249.254
      vertex 46.2542 -415.689 249.254
      vertex 46.4391 -415.909 249.254
    endloop
  endfacet
  facet normal -3.99368e-08 3.99368e-08 -1
    outer loop
      vertex 42.4889 -415.34 249.254
      vertex 45.9621 -414.886 249.254
      vertex 46.012 -415.169 249.254
    endloop
  endfacet
  facet normal -2.21112e-07 2.21112e-07 -1
    outer loop
      vertex 45.9621 -414.886 249.254
      vertex 42.4889 -415.34 249.254
      vertex 42.7504 -414.887 249.254
    endloop
  endfacet
  facet normal 1.53961e-07 -1.53961e-07 -1
    outer loop
      vertex 45.2859 -409.991 249.254
      vertex 46.9085 -413.247 249.254
      vertex 46.6594 -413.391 249.254
    endloop
  endfacet
  facet normal -0 0 -1
    outer loop
      vertex 47.7496 -416.386 249.254
      vertex 48.0329 -416.336 249.254
      vertex 42.9919 -434.17 249.254
    endloop
  endfacet
  facet normal -0 0 -1
    outer loop
      vertex 46.4391 -415.909 249.254
      vertex 46.6594 -416.094 249.254
      vertex 33.3576 -424.536 249.254
    endloop
  endfacet
  facet normal -0 0 -1
    outer loop
      vertex 45.9621 -414.599 249.254
      vertex 45.9621 -414.886 249.254
      vertex 42.9292 -414.396 249.254
    endloop
  endfacet
  facet normal -0 0 -1
    outer loop
      vertex 46.1104 -414.045 249.254
      vertex 46.012 -414.315 249.254
      vertex 43.02 -413.358 249.254
    endloop
  endfacet
  facet normal -3.53827e-07 3.53827e-07 -1
    outer loop
      vertex 42.9292 -412.843 249.254
      vertex 46.4391 -413.576 249.254
      vertex 46.2542 -413.796 249.254
    endloop
  endfacet
  facet normal -0 0 -1
    outer loop
      vertex 47.1788 -413.149 249.254
      vertex 46.9085 -413.247 249.254
      vertex 45.2859 -409.991 249.254
    endloop
  endfacet
  facet normal 2.68885e-07 -2.68885e-07 -1
    outer loop
      vertex 33.3576 -424.536 249.254
      vertex 46.1104 -415.44 249.254
      vertex 46.2542 -415.689 249.254
    endloop
  endfacet
  facet normal -2.5596e-07 2.5596e-07 -1
    outer loop
      vertex 42.1528 -415.741 249.254
      vertex 46.012 -415.169 249.254
      vertex 46.1104 -415.44 249.254
    endloop
  endfacet
  facet normal 3.33124e-07 -3.33124e-07 -1
    outer loop
      vertex 46.2542 -413.796 249.254
      vertex 46.1104 -414.045 249.254
      vertex 42.9292 -412.843 249.254
    endloop
  endfacet
  facet normal -0 0 -1
    outer loop
      vertex 46.6594 -416.094 249.254
      vertex 46.9085 -416.238 249.254
      vertex 42.9919 -434.17 249.254
    endloop
  endfacet
  facet normal -2.10286e-07 2.10286e-07 -1
    outer loop
      vertex 43.02 -413.358 249.254
      vertex 42.9292 -412.843 249.254
      vertex 46.1104 -414.045 249.254
    endloop
  endfacet
  facet normal 5.47993e-08 -5.47993e-08 -1
    outer loop
      vertex 45.2859 -409.991 249.254
      vertex 46.4391 -413.576 249.254
      vertex 42.9292 -412.843 249.254
    endloop
  endfacet
  facet normal -2.05518e-07 2.05518e-07 -1
    outer loop
      vertex 43.02 -413.881 249.254
      vertex 43.02 -413.358 249.254
      vertex 46.012 -414.315 249.254
    endloop
  endfacet
  facet normal -0 0 -1
    outer loop
      vertex 46.6594 -413.391 249.254
      vertex 46.4391 -413.576 249.254
      vertex 45.2859 -409.991 249.254
    endloop
  endfacet
  facet normal -0 0 -1
    outer loop
      vertex 38.0381 -402.743 249.254
      vertex 45.2859 -409.991 249.254
      vertex 42.1528 -411.498 249.254
    endloop
  endfacet
  facet normal 2.28173e-08 -2.28173e-08 -1
    outer loop
      vertex 45.2859 -409.991 249.254
      vertex 42.4889 -411.899 249.254
      vertex 42.1528 -411.498 249.254
    endloop
  endfacet
  facet normal 1.36608e-07 -1.36608e-07 -1
    outer loop
      vertex 45.2859 -409.991 249.254
      vertex 42.7504 -412.352 249.254
      vertex 42.4889 -411.899 249.254
    endloop
  endfacet
  facet normal -2.30355e-07 2.30355e-07 -1
    outer loop
      vertex 45.2859 -409.991 249.254
      vertex 42.7971 -412.48 249.254
      vertex 42.7504 -412.352 249.254
    endloop
  endfacet
  facet normal -0 0 -1
    outer loop
      vertex 28.333 -393.038 249.254
      vertex 38.0381 -402.743 249.254
      vertex 35.7181 -405.063 249.254
    endloop
  endfacet
  facet normal -0 0 -1
    outer loop
      vertex 16.2768 -380.982 249.254
      vertex 28.333 -393.038 249.254
      vertex 26.0131 -395.358 249.254
    endloop
  endfacet
  facet normal -0 0 -1
    outer loop
      vertex 6.5718 -371.277 249.254
      vertex 16.2768 -380.982 249.254
      vertex 13.9569 -383.302 249.254
    endloop
  endfacet
  facet normal -0 0 -1
    outer loop
      vertex 6.5718 -371.277 249.254
      vertex 4.25186 -373.597 249.254
      vertex -2.18284 -367.162 249.254
    endloop
  endfacet
  facet normal -6.55807e-07 6.55807e-07 -1
    outer loop
      vertex -0.676067 -364.029 249.254
      vertex -2.5408 -366.857 249.254
      vertex -2.94219 -366.611 249.254
    endloop
  endfacet
  facet normal -0 0 -1
    outer loop
      vertex -2.18284 -367.162 249.254
      vertex -0.676067 -364.029 249.254
      vertex 6.5718 -371.277 249.254
    endloop
  endfacet
  facet normal -0 0 -1
    outer loop
      vertex -2.18284 -367.162 249.254
      vertex -2.5408 -366.857 249.254
      vertex -0.676067 -364.029 249.254
    endloop
  endfacet
  facet normal 1.1249e-07 -1.1249e-07 -1
    outer loop
      vertex -4.72987 -363.205 249.254
      vertex -3.83486 -366.321 249.254
      vertex -4.30416 -366.284 249.254
    endloop
  endfacet
  facet normal 6.05368e-08 -6.05368e-08 -1
    outer loop
      vertex -4.72987 -363.205 249.254
      vertex -3.37711 -366.431 249.254
      vertex -3.83486 -366.321 249.254
    endloop
  endfacet
  facet normal 3.38596e-07 -3.38596e-07 -1
    outer loop
      vertex -5.00014 -363.303 249.254
      vertex -4.30416 -366.284 249.254
      vertex -4.77346 -366.321 249.254
    endloop
  endfacet
  facet normal -0 0 -1
    outer loop
      vertex -11.6185 -353.087 249.254
      vertex -5.28338 -360.066 249.254
      vertex -5.571 -360.066 249.254
    endloop
  endfacet
  facet normal 1.06711e-07 -1.06711e-07 -1
    outer loop
      vertex -4.72987 -363.205 249.254
      vertex -3.16514 -366.518 249.254
      vertex -3.37711 -366.431 249.254
    endloop
  endfacet
  facet normal -7.42599e-07 7.42599e-07 -1
    outer loop
      vertex -4.77346 -366.321 249.254
      vertex -5.28338 -363.353 249.254
      vertex -5.00014 -363.303 249.254
    endloop
  endfacet
  facet normal -0 0 -1
    outer loop
      vertex -5.571 -363.353 249.254
      vertex -5.28338 -363.353 249.254
      vertex -5.23121 -366.431 249.254
    endloop
  endfacet
  facet normal -0 0 -1
    outer loop
      vertex -5.571 -360.066 249.254
      vertex -5.85424 -360.116 249.254
      vertex -11.6185 -353.087 249.254
    endloop
  endfacet
  facet normal -0 0 -1
    outer loop
      vertex -0.676067 -364.029 249.254
      vertex -3.78347 -361.853 249.254
      vertex -3.78347 -361.566 249.254
    endloop
  endfacet
  facet normal 7.73321e-08 -7.73321e-08 -1
    outer loop
      vertex -0.676067 -364.029 249.254
      vertex -3.93178 -362.407 249.254
      vertex -3.83341 -362.136 249.254
    endloop
  endfacet
  facet normal -0 0 -1
    outer loop
      vertex -4.77346 -366.321 249.254
      vertex -5.23121 -366.431 249.254
      vertex -5.28338 -363.353 249.254
    endloop
  endfacet
  facet normal -0 0 -1
    outer loop
      vertex -5.23121 -366.431 249.254
      vertex -5.66613 -366.611 249.254
      vertex -5.571 -363.353 249.254
    endloop
  endfacet
  facet normal -0 0 -1
    outer loop
      vertex -5.85424 -363.303 249.254
      vertex -5.571 -363.353 249.254
      vertex -6.06751 -366.857 249.254
    endloop
  endfacet
  facet normal -0 0 -1
    outer loop
      vertex -6.12451 -363.205 249.254
      vertex -5.85424 -363.303 249.254
      vertex -6.42548 -367.162 249.254
    endloop
  endfacet
  facet normal -2.28001e-07 2.28001e-07 -1
    outer loop
      vertex -15.2206 -375.958 249.254
      vertex -6.77879 -362.656 249.254
      vertex -6.59392 -362.876 249.254
    endloop
  endfacet
  facet normal 2.30976e-08 -2.30976e-08 -1
    outer loop
      vertex -24.8549 -366.323 249.254
      vertex -11.6185 -353.087 249.254
      vertex -6.9226 -361.012 249.254
    endloop
  endfacet
  facet normal -2.42083e-08 2.42083e-08 -1
    outer loop
      vertex -11.6185 -353.087 249.254
      vertex -5.00014 -360.116 249.254
      vertex -5.28338 -360.066 249.254
    endloop
  endfacet
  facet normal 1.62589e-07 -1.62589e-07 -1
    outer loop
      vertex -3.83341 -362.136 249.254
      vertex -3.78347 -361.853 249.254
      vertex -0.676067 -364.029 249.254
    endloop
  endfacet
  facet normal -0 0 -1
    outer loop
      vertex -5.66613 -366.611 249.254
      vertex -6.06751 -366.857 249.254
      vertex -5.571 -363.353 249.254
    endloop
  endfacet
  facet normal -0 0 -1
    outer loop
      vertex -6.42548 -367.162 249.254
      vertex -15.2206 -375.958 249.254
      vertex -6.12451 -363.205 249.254
    endloop
  endfacet
  facet normal -0 0 -1
    outer loop
      vertex -6.59392 -362.876 249.254
      vertex -6.37359 -363.061 249.254
      vertex -15.2206 -375.958 249.254
    endloop
  endfacet
  facet normal 2.39736e-07 -2.39736e-07 -1
    outer loop
      vertex -24.8549 -366.323 249.254
      vertex -6.9226 -362.407 249.254
      vertex -6.77879 -362.656 249.254
    endloop
  endfacet
  facet normal 1.18981e-06 -1.18981e-06 -1
    outer loop
      vertex -6.9226 -361.012 249.254
      vertex -7.02097 -361.282 249.254
      vertex -24.8549 -366.323 249.254
    endloop
  endfacet
  facet normal 3.21932e-08 -3.21932e-08 -1
    outer loop
      vertex -11.6185 -353.087 249.254
      vertex -4.72987 -360.214 249.254
      vertex -5.00014 -360.116 249.254
    endloop
  endfacet
  facet normal -0 0 -1
    outer loop
      vertex -3.78347 -361.566 249.254
      vertex -3.83341 -361.282 249.254
      vertex -0.676067 -364.029 249.254
    endloop
  endfacet
  facet normal -0 0 -1
    outer loop
      vertex -3.16514 -366.518 249.254
      vertex -4.48079 -363.061 249.254
      vertex -4.26046 -362.876 249.254
    endloop
  endfacet
  facet normal -0 0 -1
    outer loop
      vertex -6.06751 -366.857 249.254
      vertex -6.42548 -367.162 249.254
      vertex -5.85424 -363.303 249.254
    endloop
  endfacet
  facet normal -0 0 -1
    outer loop
      vertex -6.77879 -362.656 249.254
      vertex -15.2206 -375.958 249.254
      vertex -24.8549 -366.323 249.254
    endloop
  endfacet
  facet normal -1.29894e-07 1.29894e-07 -1
    outer loop
      vertex -24.8549 -366.323 249.254
      vertex -7.07091 -361.853 249.254
      vertex -7.02097 -362.136 249.254
    endloop
  endfacet
  facet normal -0 0 -1
    outer loop
      vertex -7.02097 -361.282 249.254
      vertex -7.07091 -361.566 249.254
      vertex -24.8549 -366.323 249.254
    endloop
  endfacet
  facet normal -2.56146e-08 2.56146e-08 -1
    outer loop
      vertex -11.6185 -353.087 249.254
      vertex -4.48079 -360.358 249.254
      vertex -4.72987 -360.214 249.254
    endloop
  endfacet
  facet normal -0 0 -1
    outer loop
      vertex -11.6185 -353.087 249.254
      vertex -0.676067 -364.029 249.254
      vertex -4.26046 -360.543 249.254
    endloop
  endfacet
  facet normal -6.89328e-08 6.89328e-08 -1
    outer loop
      vertex -3.83341 -361.282 249.254
      vertex -3.93178 -361.012 249.254
      vertex -0.676067 -364.029 249.254
    endloop
  endfacet
  facet normal 3.20614e-07 -3.20614e-07 -1
    outer loop
      vertex -0.676067 -364.029 249.254
      vertex -4.26046 -362.876 249.254
      vertex -4.07559 -362.656 249.254
    endloop
  endfacet
  facet normal -1.53067e-07 1.53067e-07 -1
    outer loop
      vertex -3.16514 -366.518 249.254
      vertex -4.72987 -363.205 249.254
      vertex -4.48079 -363.061 249.254
    endloop
  endfacet
  facet normal -0 0 -1
    outer loop
      vertex -6.37359 -363.061 249.254
      vertex -6.12451 -363.205 249.254
      vertex -15.2206 -375.958 249.254
    endloop
  endfacet
  facet normal -0 0 -1
    outer loop
      vertex -7.07091 -361.566 249.254
      vertex -7.07091 -361.853 249.254
      vertex -24.8549 -366.323 249.254
    endloop
  endfacet
  facet normal -0 0 -1
    outer loop
      vertex -4.26046 -360.543 249.254
      vertex -4.48079 -360.358 249.254
      vertex -11.6185 -353.087 249.254
    endloop
  endfacet
  facet normal 5.33066e-08 -5.33066e-08 -1
    outer loop
      vertex -3.93178 -361.012 249.254
      vertex -4.07559 -360.763 249.254
      vertex -0.676067 -364.029 249.254
    endloop
  endfacet
  facet normal -0 0 -1
    outer loop
      vertex -4.26046 -362.876 249.254
      vertex -0.676067 -364.029 249.254
      vertex -3.16514 -366.518 249.254
    endloop
  endfacet
  facet normal -9.83377e-07 9.83377e-07 -1
    outer loop
      vertex -7.02097 -362.136 249.254
      vertex -6.9226 -362.407 249.254
      vertex -24.8549 -366.323 249.254
    endloop
  endfacet
  facet normal 6.2674e-08 -6.2674e-08 -1
    outer loop
      vertex -11.6185 -353.087 249.254
      vertex -6.12451 -360.214 249.254
      vertex -6.37359 -360.358 249.254
    endloop
  endfacet
  facet normal -0 0 -1
    outer loop
      vertex -4.07559 -360.763 249.254
      vertex -4.26046 -360.543 249.254
      vertex -0.676067 -364.029 249.254
    endloop
  endfacet
  facet normal -4.59873e-07 4.59873e-07 -1
    outer loop
      vertex -4.30416 -366.284 249.254
      vertex -5.00014 -363.303 249.254
      vertex -4.72987 -363.205 249.254
    endloop
  endfacet
  facet normal 1.29374e-07 -1.29374e-07 -1
    outer loop
      vertex -11.6185 -353.087 249.254
      vertex -6.59392 -360.543 249.254
      vertex -6.77879 -360.763 249.254
    endloop
  endfacet
  facet normal -0 0 -1
    outer loop
      vertex -5.85424 -360.116 249.254
      vertex -6.12451 -360.214 249.254
      vertex -11.6185 -353.087 249.254
    endloop
  endfacet
  facet normal -0 0 -1
    outer loop
      vertex -6.77879 -360.763 249.254
      vertex -6.9226 -361.012 249.254
      vertex -11.6185 -353.087 249.254
    endloop
  endfacet
  facet normal -3.07918e-07 3.07918e-07 -1
    outer loop
      vertex -4.07559 -362.656 249.254
      vertex -3.93178 -362.407 249.254
      vertex -0.676067 -364.029 249.254
    endloop
  endfacet
  facet normal 4.01978e-07 -4.01978e-07 -1
    outer loop
      vertex -24.8549 -366.323 249.254
      vertex -29.6126 -384.107 249.254
      vertex -29.8959 -384.157 249.254
    endloop
  endfacet
  facet normal -0 0 -1
    outer loop
      vertex -24.8549 -366.323 249.254
      vertex -15.2206 -375.958 249.254
      vertex -28.5224 -384.399 249.254
    endloop
  endfacet
  facet normal 4.61552e-07 -4.61552e-07 -1
    outer loop
      vertex -27.2414 -387.978 249.254
      vertex -27.9734 -386.448 249.254
      vertex -27.875 -386.178 249.254
    endloop
  endfacet
  facet normal -0 0 -1
    outer loop
      vertex -28.8934 -388.82 249.254
      vertex -29.3628 -388.857 249.254
      vertex -29.325 -387.395 249.254
    endloop
  endfacet
  facet normal 1.57164e-07 -1.57164e-07 -1
    outer loop
      vertex -24.8549 -366.323 249.254
      vertex -29.325 -384.107 249.254
      vertex -29.6126 -384.107 249.254
    endloop
  endfacet
  facet normal 1.92065e-07 -1.92065e-07 -1
    outer loop
      vertex -24.8549 -366.323 249.254
      vertex -28.7715 -384.256 249.254
      vertex -29.0418 -384.157 249.254
    endloop
  endfacet
  facet normal 1.37266e-07 -1.37266e-07 -1
    outer loop
      vertex -15.2206 -375.958 249.254
      vertex -28.3021 -384.584 249.254
      vertex -28.5224 -384.399 249.254
    endloop
  endfacet
  facet normal 7.88729e-07 -7.88729e-07 -1
    outer loop
      vertex -15.2206 -375.958 249.254
      vertex -27.9734 -385.054 249.254
      vertex -28.1172 -384.805 249.254
    endloop
  endfacet
  facet normal -1.75845e-07 1.75845e-07 -1
    outer loop
      vertex -27.875 -386.178 249.254
      vertex -15.2206 -375.958 249.254
      vertex -27.2414 -387.978 249.254
    endloop
  endfacet
  facet normal 1.87536e-07 -1.87536e-07 -1
    outer loop
      vertex -28.4357 -388.71 249.254
      vertex -29.0418 -387.345 249.254
      vertex -28.7715 -387.246 249.254
    endloop
  endfacet
  facet normal 2.32459e-07 -2.32459e-07 -1
    outer loop
      vertex -29.0418 -387.345 249.254
      vertex -28.4357 -388.71 249.254
      vertex -28.8934 -388.82 249.254
    endloop
  endfacet
  facet normal -5.06834e-08 5.06834e-08 -1
    outer loop
      vertex -31.1261 -388.284 249.254
      vertex -30.4152 -387.103 249.254
      vertex -30.1661 -387.246 249.254
    endloop
  endfacet
  facet normal -0 0 -1
    outer loop
      vertex -29.0418 -384.157 249.254
      vertex -29.325 -384.107 249.254
      vertex -24.8549 -366.323 249.254
    endloop
  endfacet
  facet normal -0 0 -1
    outer loop
      vertex -28.1172 -384.805 249.254
      vertex -28.3021 -384.584 249.254
      vertex -15.2206 -375.958 249.254
    endloop
  endfacet
  facet normal 1.68631e-07 -1.68631e-07 -1
    outer loop
      vertex -15.2206 -375.958 249.254
      vertex -27.8251 -385.607 249.254
      vertex -27.875 -385.324 249.254
    endloop
  endfacet
  facet normal -0 0 -1
    outer loop
      vertex -27.875 -386.178 249.254
      vertex -27.8251 -385.895 249.254
      vertex -15.2206 -375.958 249.254
    endloop
  endfacet
  facet normal -0 0 -1
    outer loop
      vertex -29.325 -387.395 249.254
      vertex -29.0418 -387.345 249.254
      vertex -28.8934 -388.82 249.254
    endloop
  endfacet
  facet normal -0 0 -1
    outer loop
      vertex -29.3628 -388.857 249.254
      vertex -29.8321 -388.82 249.254
      vertex -29.6126 -387.395 249.254
    endloop
  endfacet
  facet normal -0 0 -1
    outer loop
      vertex -29.8321 -388.82 249.254
      vertex -30.2898 -388.71 249.254
      vertex -29.8959 -387.345 249.254
    endloop
  endfacet
  facet normal 7.00105e-07 -7.00105e-07 -1
    outer loop
      vertex -30.7247 -388.53 249.254
      vertex -30.1661 -387.246 249.254
      vertex -29.8959 -387.345 249.254
    endloop
  endfacet
  facet normal -1.84762e-07 1.84762e-07 -1
    outer loop
      vertex -30.1661 -387.246 249.254
      vertex -30.7247 -388.53 249.254
      vertex -31.1261 -388.284 249.254
    endloop
  endfacet
  facet normal -2.88605e-08 2.88605e-08 -1
    outer loop
      vertex -38.9794 -380.448 249.254
      vertex -24.8549 -366.323 249.254
      vertex -30.1661 -384.256 249.254
    endloop
  endfacet
  facet normal -1.02287e-06 1.02287e-06 -1
    outer loop
      vertex -28.5224 -384.399 249.254
      vertex -28.7715 -384.256 249.254
      vertex -24.8549 -366.323 249.254
    endloop
  endfacet
  facet normal -0 0 -1
    outer loop
      vertex -27.8251 -385.895 249.254
      vertex -27.8251 -385.607 249.254
      vertex -15.2206 -375.958 249.254
    endloop
  endfacet
  facet normal -0 0 -1
    outer loop
      vertex -27.5994 -388.284 249.254
      vertex -28.5224 -387.103 249.254
      vertex -28.3021 -386.918 249.254
    endloop
  endfacet
  facet normal 1.867e-07 -1.867e-07 -1
    outer loop
      vertex -28.0008 -388.53 249.254
      vertex -28.7715 -387.246 249.254
      vertex -28.5224 -387.103 249.254
    endloop
  endfacet
  facet normal -0 0 -1
    outer loop
      vertex -29.6126 -387.395 249.254
      vertex -29.325 -387.395 249.254
      vertex -29.3628 -388.857 249.254
    endloop
  endfacet
  facet normal -2.41832e-07 2.41832e-07 -1
    outer loop
      vertex -29.8959 -387.345 249.254
      vertex -30.2898 -388.71 249.254
      vertex -30.7247 -388.53 249.254
    endloop
  endfacet
  facet normal -6.419e-07 6.419e-07 -1
    outer loop
      vertex -31.2418 -388.185 249.254
      vertex -30.6355 -386.918 249.254
      vertex -30.4152 -387.103 249.254
    endloop
  endfacet
  facet normal 6.30151e-08 -6.30151e-08 -1
    outer loop
      vertex -31.2418 -388.185 249.254
      vertex -30.9642 -386.448 249.254
      vertex -30.8204 -386.697 249.254
    endloop
  endfacet
  facet normal -1.78529e-07 1.78529e-07 -1
    outer loop
      vertex -38.9794 -380.448 249.254
      vertex -31.0626 -386.178 249.254
      vertex -30.9642 -386.448 249.254
    endloop
  endfacet
  facet normal -1.53452e-07 1.53452e-07 -1
    outer loop
      vertex -38.9794 -380.448 249.254
      vertex -30.9642 -385.054 249.254
      vertex -31.0626 -385.324 249.254
    endloop
  endfacet
  facet normal -0 0 -1
    outer loop
      vertex -30.1661 -384.256 249.254
      vertex -30.4152 -384.399 249.254
      vertex -38.9794 -380.448 249.254
    endloop
  endfacet
  facet normal -0 0 -1
    outer loop
      vertex -27.875 -385.324 249.254
      vertex -27.9734 -385.054 249.254
      vertex -15.2206 -375.958 249.254
    endloop
  endfacet
  facet normal -0 0 -1
    outer loop
      vertex -27.2414 -387.978 249.254
      vertex -28.3021 -386.918 249.254
      vertex -28.1172 -386.697 249.254
    endloop
  endfacet
  facet normal -2.29264e-07 2.29264e-07 -1
    outer loop
      vertex -28.5224 -387.103 249.254
      vertex -27.5994 -388.284 249.254
      vertex -28.0008 -388.53 249.254
    endloop
  endfacet
  facet normal -0 0 -1
    outer loop
      vertex -29.8959 -387.345 249.254
      vertex -29.6126 -387.395 249.254
      vertex -29.8321 -388.82 249.254
    endloop
  endfacet
  facet normal 8.7399e-07 -8.7399e-07 -1
    outer loop
      vertex -30.8204 -386.697 249.254
      vertex -30.6355 -386.918 249.254
      vertex -31.2418 -388.185 249.254
    endloop
  endfacet
  facet normal 1.43832e-07 -1.43832e-07 -1
    outer loop
      vertex -38.9794 -380.448 249.254
      vertex -31.1125 -385.895 249.254
      vertex -31.0626 -386.178 249.254
    endloop
  endfacet
  facet normal -0 0 -1
    outer loop
      vertex -31.0626 -385.324 249.254
      vertex -31.1125 -385.607 249.254
      vertex -38.9794 -380.448 249.254
    endloop
  endfacet
  facet normal -0 0 -1
    outer loop
      vertex -29.8959 -384.157 249.254
      vertex -30.1661 -384.256 249.254
      vertex -24.8549 -366.323 249.254
    endloop
  endfacet
  facet normal -0 0 -1
    outer loop
      vertex -28.3021 -386.918 249.254
      vertex -27.2414 -387.978 249.254
      vertex -27.5994 -388.284 249.254
    endloop
  endfacet
  facet normal -0 0 -1
    outer loop
      vertex -31.1261 -388.284 249.254
      vertex -31.2418 -388.185 249.254
      vertex -30.4152 -387.103 249.254
    endloop
  endfacet
  facet normal -0 0 -1
    outer loop
      vertex -31.1125 -385.607 249.254
      vertex -31.1125 -385.895 249.254
      vertex -38.9794 -380.448 249.254
    endloop
  endfacet
  facet normal -0 0 -1
    outer loop
      vertex -28.1172 -386.697 249.254
      vertex -27.9734 -386.448 249.254
      vertex -27.2414 -387.978 249.254
    endloop
  endfacet
  facet normal -0 0 -1
    outer loop
      vertex -30.9642 -386.448 249.254
      vertex -31.2418 -388.185 249.254
      vertex -38.9794 -380.448 249.254
    endloop
  endfacet
  facet normal -2.30623e-07 2.30623e-07 -1
    outer loop
      vertex -28.7715 -387.246 249.254
      vertex -28.0008 -388.53 249.254
      vertex -28.4357 -388.71 249.254
    endloop
  endfacet
  facet normal -1.23527e-07 1.23527e-07 -1
    outer loop
      vertex -38.9794 -380.448 249.254
      vertex -30.6355 -384.584 249.254
      vertex -30.8204 -384.805 249.254
    endloop
  endfacet
  facet normal 2.41878e-07 -2.41878e-07 -1
    outer loop
      vertex -30.8204 -384.805 249.254
      vertex -30.9642 -385.054 249.254
      vertex -38.9794 -380.448 249.254
    endloop
  endfacet
  facet normal -0 0 -1
    outer loop
      vertex -31.2418 -388.185 249.254
      vertex -31.4841 -387.978 249.254
      vertex -36.5399 -382.923 249.254
    endloop
  endfacet
  facet normal -0 0 -1
    outer loop
      vertex -36.5399 -382.923 249.254
      vertex -38.9794 -380.448 249.254
      vertex -31.2418 -388.185 249.254
    endloop
  endfacet
  facet normal -2.38977e-07 2.38977e-07 -1
    outer loop
      vertex -46.9916 -388.46 249.254
      vertex -38.9794 -380.448 249.254
      vertex -40.7825 -382.923 249.254
    endloop
  endfacet
  facet normal -2.19955e-07 2.19955e-07 -1
    outer loop
      vertex -38.9794 -380.448 249.254
      vertex -39.1305 -382.081 249.254
      vertex -39.5883 -382.191 249.254
    endloop
  endfacet
  facet normal -2.1805e-07 2.1805e-07 -1
    outer loop
      vertex -38.9794 -380.448 249.254
      vertex -38.1919 -382.081 249.254
      vertex -38.6612 -382.044 249.254
    endloop
  endfacet
  facet normal 7.53067e-08 -7.53067e-08 -1
    outer loop
      vertex -38.9794 -380.448 249.254
      vertex -37.2992 -382.371 249.254
      vertex -37.7342 -382.191 249.254
    endloop
  endfacet
  facet normal -0 0 -1
    outer loop
      vertex -36.5399 -382.923 249.254
      vertex -36.8979 -382.617 249.254
      vertex -38.9794 -380.448 249.254
    endloop
  endfacet
  facet normal 9.60869e-07 -9.60869e-07 -1
    outer loop
      vertex -38.9794 -380.448 249.254
      vertex -40.4246 -382.617 249.254
      vertex -40.7825 -382.923 249.254
    endloop
  endfacet
  facet normal 4.22624e-07 -4.22624e-07 -1
    outer loop
      vertex -38.6612 -382.044 249.254
      vertex -39.1305 -382.081 249.254
      vertex -38.9794 -380.448 249.254
    endloop
  endfacet
  facet normal -0 0 -1
    outer loop
      vertex -36.8979 -382.617 249.254
      vertex -37.2992 -382.371 249.254
      vertex -38.9794 -380.448 249.254
    endloop
  endfacet
  facet normal 3.12068e-07 -3.12068e-07 -1
    outer loop
      vertex -38.9794 -380.448 249.254
      vertex -40.0232 -382.371 249.254
      vertex -40.4246 -382.617 249.254
    endloop
  endfacet
  facet normal -0 0 -1
    outer loop
      vertex -37.7342 -382.191 249.254
      vertex -38.1919 -382.081 249.254
      vertex -38.9794 -380.448 249.254
    endloop
  endfacet
  facet normal -0 0 -1
    outer loop
      vertex -39.5883 -382.191 249.254
      vertex -40.0232 -382.371 249.254
      vertex -38.9794 -380.448 249.254
    endloop
  endfacet
  facet normal -1.69294e-06 1.69294e-06 -1
    outer loop
      vertex -4.44694 -447.63 249.254
      vertex -4.96193 -447.721 249.254
      vertex -5.48486 -447.721 249.254
    endloop
  endfacet
  facet normal -0 0 -1
    outer loop
      vertex -5.48486 -447.721 249.254
      vertex -5.99985 -447.63 249.254
      vertex -4.44694 -447.63 249.254
    endloop
  endfacet
  facet normal 2.42501e-07 -2.42501e-07 -1
    outer loop
      vertex -6.49125 -447.451 249.254
      vertex -3.50267 -447.19 249.254
      vertex -3.95554 -447.451 249.254
    endloop
  endfacet
  facet normal -0 0 -1
    outer loop
      vertex 0.605031 -441.904 249.254
      vertex 0.568093 -442.373 249.254
      vertex 0.458199 -442.831 249.254
    endloop
  endfacet
  facet normal -0 0 -1
    outer loop
      vertex -3.95554 -447.451 249.254
      vertex -4.44694 -447.63 249.254
      vertex -6.49125 -447.451 249.254
    endloop
  endfacet
  facet normal -0 0 -1
    outer loop
      vertex 0.568094 -441.434 249.254
      vertex 0.278048 -443.266 249.254
      vertex 0.0320802 -443.667 249.254
    endloop
  endfacet
  facet normal 7.89062e-07 -7.89062e-07 -1
    outer loop
      vertex 0.278048 -443.266 249.254
      vertex 0.568094 -441.434 249.254
      vertex 0.605031 -441.904 249.254
    endloop
  endfacet
  facet normal -3.57351e-07 3.57351e-07 -1
    outer loop
      vertex -6.49125 -447.451 249.254
      vertex -3.10208 -446.853 249.254
      vertex -3.50267 -447.19 249.254
    endloop
  endfacet
  facet normal -0 0 -1
    outer loop
      vertex 0.458199 -442.831 249.254
      vertex 0.278048 -443.266 249.254
      vertex 0.605031 -441.904 249.254
    endloop
  endfacet
  facet normal 2.31681e-07 -2.31681e-07 -1
    outer loop
      vertex -0.273651 -444.025 249.254
      vertex 0.27805 -440.542 249.254
      vertex 0.458199 -440.977 249.254
    endloop
  endfacet
  facet normal -0 0 -1
    outer loop
      vertex -5.99985 -447.63 249.254
      vertex -6.49125 -447.451 249.254
      vertex -4.44694 -447.63 249.254
    endloop
  endfacet
  facet normal -0 0 -1
    outer loop
      vertex -6.60424 -447.386 249.254
      vertex 0.263533 -440.518 249.254
      vertex -0.273651 -444.025 249.254
    endloop
  endfacet
  facet normal -9.59846e-07 9.59846e-07 -1
    outer loop
      vertex 0.458199 -440.977 249.254
      vertex 0.568094 -441.434 249.254
      vertex -0.273651 -444.025 249.254
    endloop
  endfacet
  facet normal -1.53124e-07 1.53124e-07 -1
    outer loop
      vertex -0.273651 -444.025 249.254
      vertex -3.10208 -446.853 249.254
      vertex -6.60424 -447.386 249.254
    endloop
  endfacet
  facet normal 5.52728e-06 -5.52728e-06 -1
    outer loop
      vertex -0.273651 -444.025 249.254
      vertex 0.263533 -440.518 249.254
      vertex 0.27805 -440.542 249.254
    endloop
  endfacet
  facet normal -0 0 -1
    outer loop
      vertex 0.0320802 -443.667 249.254
      vertex -0.273651 -444.025 249.254
      vertex 0.568094 -441.434 249.254
    endloop
  endfacet
  facet normal 2.74944e-08 -2.74944e-08 -1
    outer loop
      vertex -6.74124 -441.886 249.254
      vertex -6.94413 -447.19 249.254
      vertex -7.34472 -446.853 249.254
    endloop
  endfacet
  facet normal 3.27228e-07 -3.27228e-07 -1
    outer loop
      vertex -6.74124 -441.886 249.254
      vertex -6.60424 -447.386 249.254
      vertex -6.94413 -447.19 249.254
    endloop
  endfacet
  facet normal -0 0 -1
    outer loop
      vertex -5.24132 -440.386 249.254
      vertex -5.24132 -440.098 249.254
      vertex -0.27365 -439.782 249.254
    endloop
  endfacet
  facet normal 5.62639e-08 -5.62639e-08 -1
    outer loop
      vertex -7.34472 -446.853 249.254
      vertex -7.02886 -441.886 249.254
      vertex -6.74124 -441.886 249.254
    endloop
  endfacet
  facet normal -0 0 -1
    outer loop
      vertex -7.34472 -446.853 249.254
      vertex -16.4133 -437.785 249.254
      vertex -8.23665 -441.188 249.254
    endloop
  endfacet
  facet normal 6.55311e-07 -6.55311e-07 -1
    outer loop
      vertex -0.27365 -439.782 249.254
      vertex 0.0320792 -440.14 249.254
      vertex -5.24132 -440.386 249.254
    endloop
  endfacet
  facet normal -3.38999e-07 3.38999e-07 -1
    outer loop
      vertex -7.34472 -446.853 249.254
      vertex -7.3121 -441.836 249.254
      vertex -7.02886 -441.886 249.254
    endloop
  endfacet
  facet normal -5.19588e-08 5.19588e-08 -1
    outer loop
      vertex -16.4133 -437.785 249.254
      vertex -8.38046 -440.939 249.254
      vertex -8.23665 -441.188 249.254
    endloop
  endfacet
  facet normal 3.54324e-07 -3.54324e-07 -1
    outer loop
      vertex -0.27365 -439.782 249.254
      vertex -5.71832 -439.075 249.254
      vertex -5.93865 -438.89 249.254
    endloop
  endfacet
  facet normal -0 0 -1
    outer loop
      vertex 0.0320792 -440.14 249.254
      vertex 0.263533 -440.518 249.254
      vertex -5.24132 -440.386 249.254
    endloop
  endfacet
  facet normal -0 0 -1
    outer loop
      vertex -6.74124 -441.886 249.254
      vertex -6.45799 -441.836 249.254
      vertex -6.60424 -447.386 249.254
    endloop
  endfacet
  facet normal -2.82034e-07 2.82034e-07 -1
    outer loop
      vertex -7.34472 -446.853 249.254
      vertex -8.05177 -441.409 249.254
      vertex -7.83145 -441.594 249.254
    endloop
  endfacet
  facet normal -8.64036e-08 8.64036e-08 -1
    outer loop
      vertex -16.4133 -437.785 249.254
      vertex -8.47882 -440.669 249.254
      vertex -8.38046 -440.939 249.254
    endloop
  endfacet
  facet normal -2.8203e-07 2.8203e-07 -1
    outer loop
      vertex -0.27365 -439.782 249.254
      vertex -5.53345 -439.296 249.254
      vertex -5.71832 -439.075 249.254
    endloop
  endfacet
  facet normal 1.18278e-07 -1.18278e-07 -1
    outer loop
      vertex -0.27365 -439.782 249.254
      vertex -5.29127 -439.815 249.254
      vertex -5.38964 -439.545 249.254
    endloop
  endfacet
  facet normal -0 0 -1
    outer loop
      vertex 0.263533 -440.518 249.254
      vertex -5.29127 -440.669 249.254
      vertex -5.24132 -440.386 249.254
    endloop
  endfacet
  facet normal 1.18276e-07 -1.18276e-07 -1
    outer loop
      vertex -7.34472 -446.853 249.254
      vertex -7.58237 -441.737 249.254
      vertex -7.3121 -441.836 249.254
    endloop
  endfacet
  facet normal -0 0 -1
    outer loop
      vertex -8.23665 -441.188 249.254
      vertex -8.05177 -441.409 249.254
      vertex -7.34472 -446.853 249.254
    endloop
  endfacet
  facet normal -3.5449e-08 3.5449e-08 -1
    outer loop
      vertex -16.4133 -437.785 249.254
      vertex -8.52877 -440.098 249.254
      vertex -8.52877 -440.386 249.254
    endloop
  endfacet
  facet normal -3.42926e-07 3.42926e-07 -1
    outer loop
      vertex -16.4133 -437.785 249.254
      vertex -8.38045 -439.545 249.254
      vertex -8.47882 -439.815 249.254
    endloop
  endfacet
  facet normal -0 0 -1
    outer loop
      vertex -9.34227 -430.714 249.254
      vertex -7.02885 -438.598 249.254
      vertex -7.3121 -438.648 249.254
    endloop
  endfacet
  facet normal 2.29316e-07 -2.29316e-07 -1
    outer loop
      vertex -9.34227 -430.714 249.254
      vertex -6.458 -438.648 249.254
      vertex -6.74124 -438.598 249.254
    endloop
  endfacet
  facet normal -5.19587e-08 5.19587e-08 -1
    outer loop
      vertex -9.34227 -430.714 249.254
      vertex -5.93865 -438.89 249.254
      vertex -6.18773 -438.747 249.254
    endloop
  endfacet
  facet normal -0 0 -1
    outer loop
      vertex -5.38964 -439.545 249.254
      vertex -5.53345 -439.296 249.254
      vertex -0.27365 -439.782 249.254
    endloop
  endfacet
  facet normal -2.70408e-07 2.70408e-07 -1
    outer loop
      vertex 0.263533 -440.518 249.254
      vertex -5.38964 -440.939 249.254
      vertex -5.29127 -440.669 249.254
    endloop
  endfacet
  facet normal 3.67863e-08 -3.67863e-08 -1
    outer loop
      vertex 0.263533 -440.518 249.254
      vertex -6.60424 -447.386 249.254
      vertex -5.71832 -441.409 249.254
    endloop
  endfacet
  facet normal -0 0 -1
    outer loop
      vertex -7.83145 -441.594 249.254
      vertex -7.58237 -441.737 249.254
      vertex -7.34472 -446.853 249.254
    endloop
  endfacet
  facet normal -0 0 -1
    outer loop
      vertex -8.47882 -439.815 249.254
      vertex -8.52877 -440.098 249.254
      vertex -16.4133 -437.785 249.254
    endloop
  endfacet
  facet normal -0 0 -1
    outer loop
      vertex -16.4133 -437.785 249.254
      vertex -9.34227 -430.714 249.254
      vertex -8.05177 -439.075 249.254
    endloop
  endfacet
  facet normal -5.48689e-07 5.48689e-07 -1
    outer loop
      vertex -7.3121 -438.648 249.254
      vertex -7.58237 -438.747 249.254
      vertex -9.34227 -430.714 249.254
    endloop
  endfacet
  facet normal -0 0 -1
    outer loop
      vertex -6.18773 -438.747 249.254
      vertex -6.458 -438.648 249.254
      vertex -9.34227 -430.714 249.254
    endloop
  endfacet
  facet normal -0 0 -1
    outer loop
      vertex -5.24132 -440.098 249.254
      vertex -5.29127 -439.815 249.254
      vertex -0.27365 -439.782 249.254
    endloop
  endfacet
  facet normal -0 0 -1
    outer loop
      vertex -5.71832 -441.409 249.254
      vertex -5.53344 -441.188 249.254
      vertex 0.263533 -440.518 249.254
    endloop
  endfacet
  facet normal 1.19359e-07 -1.19359e-07 -1
    outer loop
      vertex -6.60424 -447.386 249.254
      vertex -6.18773 -441.737 249.254
      vertex -5.93865 -441.594 249.254
    endloop
  endfacet
  facet normal -0 0 -1
    outer loop
      vertex -8.52877 -440.386 249.254
      vertex -8.47882 -440.669 249.254
      vertex -16.4133 -437.785 249.254
    endloop
  endfacet
  facet normal -0 0 -1
    outer loop
      vertex -8.05177 -439.075 249.254
      vertex -8.23665 -439.296 249.254
      vertex -16.4133 -437.785 249.254
    endloop
  endfacet
  facet normal 5.7066e-07 -5.7066e-07 -1
    outer loop
      vertex -7.58237 -438.747 249.254
      vertex -7.83145 -438.89 249.254
      vertex -9.34227 -430.714 249.254
    endloop
  endfacet
  facet normal -0 0 -1
    outer loop
      vertex -5.93865 -438.89 249.254
      vertex -9.34227 -430.714 249.254
      vertex -0.27365 -439.782 249.254
    endloop
  endfacet
  facet normal -0 0 -1
    outer loop
      vertex -5.93865 -441.594 249.254
      vertex -5.71832 -441.409 249.254
      vertex -6.60424 -447.386 249.254
    endloop
  endfacet
  facet normal -0 0 -1
    outer loop
      vertex -8.23665 -439.296 249.254
      vertex -8.38045 -439.545 249.254
      vertex -16.4133 -437.785 249.254
    endloop
  endfacet
  facet normal -0 0 -1
    outer loop
      vertex -6.74124 -438.598 249.254
      vertex -7.02885 -438.598 249.254
      vertex -9.34227 -430.714 249.254
    endloop
  endfacet
  facet normal -0 0 -1
    outer loop
      vertex -6.45799 -441.836 249.254
      vertex -6.18773 -441.737 249.254
      vertex -6.60424 -447.386 249.254
    endloop
  endfacet
  facet normal -0 0 -1
    outer loop
      vertex -5.53344 -441.188 249.254
      vertex -5.38964 -440.939 249.254
      vertex 0.263533 -440.518 249.254
    endloop
  endfacet
  facet normal -0 0 -1
    outer loop
      vertex -40.1191 -442.363 249.254
      vertex -31.2626 -433.507 249.254
      vertex -37.0236 -444.257 249.254
    endloop
  endfacet
  facet normal 5.09381e-07 -5.09381e-07 -1
    outer loop
      vertex -31.2626 -433.507 249.254
      vertex -36.7317 -444.205 249.254
      vertex -37.0236 -444.257 249.254
    endloop
  endfacet
  facet normal -0 0 -1
    outer loop
      vertex -37.2907 -449.434 249.254
      vertex -40.1191 -446.606 249.254
      vertex -37.7857 -447.101 249.254
    endloop
  endfacet
  facet normal -2.28215e-07 2.28215e-07 -1
    outer loop
      vertex -31.2626 -433.507 249.254
      vertex -36.4354 -444.205 249.254
      vertex -36.7317 -444.205 249.254
    endloop
  endfacet
  facet normal -1.498e-07 1.498e-07 -1
    outer loop
      vertex -31.2626 -433.507 249.254
      vertex -35.8651 -444.358 249.254
      vertex -36.1436 -444.257 249.254
    endloop
  endfacet
  facet normal -0 0 -1
    outer loop
      vertex -31.2626 -433.507 249.254
      vertex -24.1915 -440.578 249.254
      vertex -35.3815 -444.697 249.254
    endloop
  endfacet
  facet normal -2.14847e-07 2.14847e-07 -1
    outer loop
      vertex -35.8651 -447.44 249.254
      vertex -34.9079 -450.302 249.254
      vertex -35.4308 -450.302 249.254
    endloop
  endfacet
  facet normal 3.14848e-07 -3.14848e-07 -1
    outer loop
      vertex -36.1436 -447.541 249.254
      vertex -35.9458 -450.211 249.254
      vertex -36.4372 -450.032 249.254
    endloop
  endfacet
  facet normal -0 0 -1
    outer loop
      vertex -37.7857 -447.101 249.254
      vertex -37.5587 -447.291 249.254
      vertex -37.2907 -449.434 249.254
    endloop
  endfacet
  facet normal -7.87752e-08 7.87752e-08 -1
    outer loop
      vertex -40.1191 -446.606 249.254
      vertex -38.1243 -446.617 249.254
      vertex -37.9761 -446.874 249.254
    endloop
  endfacet
  facet normal -0 0 -1
    outer loop
      vertex -40.1191 -442.363 249.254
      vertex -37.302 -444.358 249.254
      vertex -37.5587 -444.506 249.254
    endloop
  endfacet
  facet normal -0 0 -1
    outer loop
      vertex -36.1436 -444.257 249.254
      vertex -36.4354 -444.205 249.254
      vertex -31.2626 -433.507 249.254
    endloop
  endfacet
  facet normal -0 0 -1
    outer loop
      vertex -35.3815 -444.697 249.254
      vertex -35.6085 -444.506 249.254
      vertex -31.2626 -433.507 249.254
    endloop
  endfacet
  facet normal 1.04351e-07 -1.04351e-07 -1
    outer loop
      vertex -24.1915 -440.578 249.254
      vertex -35.0429 -445.18 249.254
      vertex -35.191 -444.924 249.254
    endloop
  endfacet
  facet normal 1.18627e-08 -1.18627e-08 -1
    outer loop
      vertex -24.1915 -440.578 249.254
      vertex -34.89 -445.751 249.254
      vertex -34.9415 -445.459 249.254
    endloop
  endfacet
  facet normal -0 0 -1
    outer loop
      vertex -33.048 -449.434 249.254
      vertex -35.0429 -446.617 249.254
      vertex -34.9415 -446.339 249.254
    endloop
  endfacet
  facet normal -0 0 -1
    outer loop
      vertex -33.4486 -449.77 249.254
      vertex -33.9015 -450.032 249.254
      vertex -35.6085 -447.291 249.254
    endloop
  endfacet
  facet normal 1.03006e-07 -1.03006e-07 -1
    outer loop
      vertex -35.8651 -447.44 249.254
      vertex -34.3929 -450.211 249.254
      vertex -34.9079 -450.302 249.254
    endloop
  endfacet
  facet normal -0 0 -1
    outer loop
      vertex -36.1436 -447.541 249.254
      vertex -35.4308 -450.302 249.254
      vertex -35.9458 -450.211 249.254
    endloop
  endfacet
  facet normal -1.45462e-07 1.45462e-07 -1
    outer loop
      vertex -36.4354 -447.592 249.254
      vertex -36.4372 -450.032 249.254
      vertex -36.8901 -449.77 249.254
    endloop
  endfacet
  facet normal -1.62817e-07 1.62817e-07 -1
    outer loop
      vertex -36.7317 -447.592 249.254
      vertex -36.8901 -449.77 249.254
      vertex -37.2907 -449.434 249.254
    endloop
  endfacet
  facet normal -0 0 -1
    outer loop
      vertex -37.9761 -446.874 249.254
      vertex -37.7857 -447.101 249.254
      vertex -40.1191 -446.606 249.254
    endloop
  endfacet
  facet normal -0 0 -1
    outer loop
      vertex -38.2771 -445.751 249.254
      vertex -38.2771 -446.047 249.254
      vertex -40.4248 -446.248 249.254
    endloop
  endfacet
  facet normal 4.18379e-07 -4.18379e-07 -1
    outer loop
      vertex -38.2257 -445.459 249.254
      vertex -38.2771 -445.751 249.254
      vertex -40.851 -445.412 249.254
    endloop
  endfacet
  facet normal -0 0 -1
    outer loop
      vertex -37.0236 -444.257 249.254
      vertex -37.302 -444.358 249.254
      vertex -40.1191 -442.363 249.254
    endloop
  endfacet
  facet normal -0 0 -1
    outer loop
      vertex -35.191 -444.924 249.254
      vertex -35.3815 -444.697 249.254
      vertex -24.1915 -440.578 249.254
    endloop
  endfacet
  facet normal 2.2821e-07 -2.2821e-07 -1
    outer loop
      vertex -24.1915 -440.578 249.254
      vertex -34.89 -446.047 249.254
      vertex -34.89 -445.751 249.254
    endloop
  endfacet
  facet normal -0 0 -1
    outer loop
      vertex -34.9415 -446.339 249.254
      vertex -24.1915 -440.578 249.254
      vertex -33.048 -449.434 249.254
    endloop
  endfacet
  facet normal -0 0 -1
    outer loop
      vertex -35.3815 -447.101 249.254
      vertex -33.048 -449.434 249.254
      vertex -33.4486 -449.77 249.254
    endloop
  endfacet
  facet normal -9.73224e-08 9.73224e-08 -1
    outer loop
      vertex -35.6085 -447.291 249.254
      vertex -33.9015 -450.032 249.254
      vertex -34.3929 -450.211 249.254
    endloop
  endfacet
  facet normal -2.25857e-07 2.25857e-07 -1
    outer loop
      vertex -36.4372 -450.032 249.254
      vertex -36.4354 -447.592 249.254
      vertex -36.1436 -447.541 249.254
    endloop
  endfacet
  facet normal 7.09746e-08 -7.09746e-08 -1
    outer loop
      vertex -37.2907 -449.434 249.254
      vertex -37.0236 -447.541 249.254
      vertex -36.7317 -447.592 249.254
    endloop
  endfacet
  facet normal -0 0 -1
    outer loop
      vertex -37.5587 -447.291 249.254
      vertex -37.302 -447.44 249.254
      vertex -37.2907 -449.434 249.254
    endloop
  endfacet
  facet normal -0 0 -1
    outer loop
      vertex -38.2771 -446.047 249.254
      vertex -38.2257 -446.339 249.254
      vertex -40.1191 -446.606 249.254
    endloop
  endfacet
  facet normal -0 0 -1
    outer loop
      vertex -40.4248 -446.248 249.254
      vertex -40.6708 -445.847 249.254
      vertex -38.2771 -445.751 249.254
    endloop
  endfacet
  facet normal -0 0 -1
    outer loop
      vertex -40.851 -445.412 249.254
      vertex -40.9609 -444.954 249.254
      vertex -38.2257 -445.459 249.254
    endloop
  endfacet
  facet normal -0 0 -1
    outer loop
      vertex -38.1243 -445.18 249.254
      vertex -38.2257 -445.459 249.254
      vertex -40.9978 -444.485 249.254
    endloop
  endfacet
  facet normal -0 0 -1
    outer loop
      vertex -35.6085 -444.506 249.254
      vertex -35.8651 -444.358 249.254
      vertex -31.2626 -433.507 249.254
    endloop
  endfacet
  facet normal -9.05572e-07 9.05572e-07 -1
    outer loop
      vertex -34.9415 -446.339 249.254
      vertex -34.89 -446.047 249.254
      vertex -24.1915 -440.578 249.254
    endloop
  endfacet
  facet normal -0 0 -1
    outer loop
      vertex -33.048 -449.434 249.254
      vertex -35.3815 -447.101 249.254
      vertex -35.191 -446.874 249.254
    endloop
  endfacet
  facet normal -0 0 -1
    outer loop
      vertex -34.3929 -450.211 249.254
      vertex -35.8651 -447.44 249.254
      vertex -35.6085 -447.291 249.254
    endloop
  endfacet
  facet normal 1.24544e-07 -1.24544e-07 -1
    outer loop
      vertex -36.8901 -449.77 249.254
      vertex -36.7317 -447.592 249.254
      vertex -36.4354 -447.592 249.254
    endloop
  endfacet
  facet normal -1.45023e-07 1.45023e-07 -1
    outer loop
      vertex -40.1191 -446.606 249.254
      vertex -38.2257 -446.339 249.254
      vertex -38.1243 -446.617 249.254
    endloop
  endfacet
  facet normal -0 0 -1
    outer loop
      vertex -40.6708 -445.847 249.254
      vertex -40.851 -445.412 249.254
      vertex -38.2771 -445.751 249.254
    endloop
  endfacet
  facet normal 2.3399e-07 -2.3399e-07 -1
    outer loop
      vertex -40.9978 -444.485 249.254
      vertex -40.9609 -444.015 249.254
      vertex -38.1243 -445.18 249.254
    endloop
  endfacet
  facet normal -0 0 -1
    outer loop
      vertex -34.9415 -445.459 249.254
      vertex -35.0429 -445.18 249.254
      vertex -24.1915 -440.578 249.254
    endloop
  endfacet
  facet normal -0 0 -1
    outer loop
      vertex -35.6085 -447.291 249.254
      vertex -35.3815 -447.101 249.254
      vertex -33.4486 -449.77 249.254
    endloop
  endfacet
  facet normal -0 0 -1
    outer loop
      vertex -37.302 -447.44 249.254
      vertex -37.0236 -447.541 249.254
      vertex -37.2907 -449.434 249.254
    endloop
  endfacet
  facet normal -2.54194e-07 2.54194e-07 -1
    outer loop
      vertex -40.9609 -444.954 249.254
      vertex -40.9978 -444.485 249.254
      vertex -38.2257 -445.459 249.254
    endloop
  endfacet
  facet normal -0 0 -1
    outer loop
      vertex -37.9761 -444.924 249.254
      vertex -38.1243 -445.18 249.254
      vertex -40.9609 -444.015 249.254
    endloop
  endfacet
  facet normal 8.24145e-08 -8.24145e-08 -1
    outer loop
      vertex -40.4248 -442.721 249.254
      vertex -37.7857 -444.697 249.254
      vertex -37.9761 -444.924 249.254
    endloop
  endfacet
  facet normal -0 0 -1
    outer loop
      vertex -35.191 -446.874 249.254
      vertex -35.0429 -446.617 249.254
      vertex -33.048 -449.434 249.254
    endloop
  endfacet
  facet normal -0 0 -1
    outer loop
      vertex -40.1191 -446.606 249.254
      vertex -40.4248 -446.248 249.254
      vertex -38.2771 -446.047 249.254
    endloop
  endfacet
  facet normal -2.1933e-07 2.1933e-07 -1
    outer loop
      vertex -40.9609 -444.015 249.254
      vertex -40.851 -443.558 249.254
      vertex -37.9761 -444.924 249.254
    endloop
  endfacet
  facet normal -0 0 -1
    outer loop
      vertex -37.9761 -444.924 249.254
      vertex -40.6708 -443.123 249.254
      vertex -40.4248 -442.721 249.254
    endloop
  endfacet
  facet normal 9.55893e-08 -9.55893e-08 -1
    outer loop
      vertex -35.4308 -450.302 249.254
      vertex -36.1436 -447.541 249.254
      vertex -35.8651 -447.44 249.254
    endloop
  endfacet
  facet normal -0 0 -1
    outer loop
      vertex -40.4248 -442.721 249.254
      vertex -40.1191 -442.363 249.254
      vertex -37.7857 -444.697 249.254
    endloop
  endfacet
  facet normal 1.07441e-07 -1.07441e-07 -1
    outer loop
      vertex -40.851 -443.558 249.254
      vertex -40.6708 -443.123 249.254
      vertex -37.9761 -444.924 249.254
    endloop
  endfacet
  facet normal 1.0718e-07 -1.0718e-07 -1
    outer loop
      vertex -9.34227 -430.714 249.254
      vertex -27.3218 -427.445 249.254
      vertex -27.5007 -426.953 249.254
    endloop
  endfacet
  facet normal -1.02357e-08 1.02357e-08 -1
    outer loop
      vertex -9.34227 -430.714 249.254
      vertex -17.1426 -437.108 249.254
      vertex -27.5007 -429.489 249.254
    endloop
  endfacet
  facet normal -0 0 -1
    outer loop
      vertex -31.2626 -433.507 249.254
      vertex -28.0983 -430.342 249.254
      vertex -21.0272 -437.414 249.254
    endloop
  endfacet
  facet normal -3.68775e-08 3.68775e-08 -1
    outer loop
      vertex -27.7622 -429.942 249.254
      vertex -19.833 -436.682 249.254
      vertex -20.2679 -436.862 249.254
    endloop
  endfacet
  facet normal -0 0 -1
    outer loop
      vertex -27.5007 -426.953 249.254
      vertex -21.3984 -418.658 249.254
      vertex -9.34227 -430.714 249.254
    endloop
  endfacet
  facet normal 2.40619e-07 -2.40619e-07 -1
    outer loop
      vertex -9.34227 -430.714 249.254
      vertex -27.231 -428.483 249.254
      vertex -27.231 -427.96 249.254
    endloop
  endfacet
  facet normal 3.8701e-07 -3.8701e-07 -1
    outer loop
      vertex -9.34227 -430.714 249.254
      vertex -16.7846 -437.414 249.254
      vertex -17.1426 -437.108 249.254
    endloop
  endfacet
  facet normal -0 0 -1
    outer loop
      vertex -28.0983 -430.342 249.254
      vertex -20.6693 -437.108 249.254
      vertex -21.0272 -437.414 249.254
    endloop
  endfacet
  facet normal -4.06359e-08 4.06359e-08 -1
    outer loop
      vertex -27.7622 -429.942 249.254
      vertex -19.3752 -436.572 249.254
      vertex -19.833 -436.682 249.254
    endloop
  endfacet
  facet normal -1.45264e-07 1.45264e-07 -1
    outer loop
      vertex -27.7622 -429.942 249.254
      vertex -18.4366 -436.572 249.254
      vertex -18.9059 -436.535 249.254
    endloop
  endfacet
  facet normal -2.18974e-07 2.18974e-07 -1
    outer loop
      vertex -21.3984 -418.658 249.254
      vertex -27.7622 -426.5 249.254
      vertex -28.0983 -426.1 249.254
    endloop
  endfacet
  facet normal -2.87024e-07 2.87024e-07 -1
    outer loop
      vertex -27.231 -427.96 249.254
      vertex -27.3218 -427.445 249.254
      vertex -9.34227 -430.714 249.254
    endloop
  endfacet
  facet normal -0 0 -1
    outer loop
      vertex -9.34227 -430.714 249.254
      vertex -16.4133 -437.785 249.254
      vertex -16.7846 -437.414 249.254
    endloop
  endfacet
  facet normal 1.71929e-07 -1.71929e-07 -1
    outer loop
      vertex -27.7622 -429.942 249.254
      vertex -17.5439 -436.862 249.254
      vertex -17.9789 -436.682 249.254
    endloop
  endfacet
  facet normal 4.7254e-07 -4.7254e-07 -1
    outer loop
      vertex -27.5007 -429.489 249.254
      vertex -17.1426 -437.108 249.254
      vertex -17.5439 -436.862 249.254
    endloop
  endfacet
  facet normal -0 0 -1
    outer loop
      vertex -21.0272 -437.414 249.254
      vertex -24.1915 -440.578 249.254
      vertex -31.2626 -433.507 249.254
    endloop
  endfacet
  facet normal 9.39886e-08 -9.39886e-08 -1
    outer loop
      vertex -18.9059 -436.535 249.254
      vertex -19.3752 -436.572 249.254
      vertex -27.7622 -429.942 249.254
    endloop
  endfacet
  facet normal -0 0 -1
    outer loop
      vertex -27.5007 -426.953 249.254
      vertex -27.7622 -426.5 249.254
      vertex -21.3984 -418.658 249.254
    endloop
  endfacet
  facet normal -0 0 -1
    outer loop
      vertex -27.5007 -429.489 249.254
      vertex -27.3218 -428.998 249.254
      vertex -9.34227 -430.714 249.254
    endloop
  endfacet
  facet normal -2.49772e-08 2.49772e-08 -1
    outer loop
      vertex -17.5439 -436.862 249.254
      vertex -27.7622 -429.942 249.254
      vertex -27.5007 -429.489 249.254
    endloop
  endfacet
  facet normal -0 0 -1
    outer loop
      vertex -17.9789 -436.682 249.254
      vertex -18.4366 -436.572 249.254
      vertex -27.7622 -429.942 249.254
    endloop
  endfacet
  facet normal 4.34927e-09 -4.34927e-09 -1
    outer loop
      vertex -20.2679 -436.862 249.254
      vertex -20.6693 -437.108 249.254
      vertex -27.7622 -429.942 249.254
    endloop
  endfacet
  facet normal -0 0 -1
    outer loop
      vertex -27.3218 -428.998 249.254
      vertex -27.231 -428.483 249.254
      vertex -9.34227 -430.714 249.254
    endloop
  endfacet
  facet normal -3.82796e-09 3.82796e-09 -1
    outer loop
      vertex -28.0983 -430.342 249.254
      vertex -27.7622 -429.942 249.254
      vertex -20.6693 -437.108 249.254
    endloop
  endfacet
  facet normal -2.29316e-07 2.29316e-07 -1
    outer loop
      vertex -21.3984 -418.658 249.254
      vertex -29.283 -416.057 249.254
      vertex -29.3329 -415.773 249.254
    endloop
  endfacet
  facet normal -3.63961e-07 3.63961e-07 -1
    outer loop
      vertex -38.1745 -416.024 249.254
      vertex -32.0934 -417.367 249.254
      vertex -31.8731 -417.552 249.254
    endloop
  endfacet
  facet normal -0 0 -1
    outer loop
      vertex -31.1035 -408.953 249.254
      vertex -21.3984 -418.658 249.254
      vertex -29.5751 -415.254 249.254
    endloop
  endfacet
  facet normal 3.54494e-08 -3.54494e-08 -1
    outer loop
      vertex -21.3984 -418.658 249.254
      vertex -29.283 -416.344 249.254
      vertex -29.283 -416.057 249.254
    endloop
  endfacet
  facet normal -4.63663e-07 4.63663e-07 -1
    outer loop
      vertex -21.3984 -418.658 249.254
      vertex -29.5751 -417.147 249.254
      vertex -29.4313 -416.898 249.254
    endloop
  endfacet
  facet normal -1.54531e-07 1.54531e-07 -1
    outer loop
      vertex -28.4695 -425.729 249.254
      vertex -29.9803 -417.552 249.254
      vertex -29.76 -417.367 249.254
    endloop
  endfacet
  facet normal -0 0 -1
    outer loop
      vertex -31.8731 -417.552 249.254
      vertex -28.4695 -425.729 249.254
      vertex -38.1745 -416.024 249.254
    endloop
  endfacet
  facet normal -6.15009e-08 6.15009e-08 -1
    outer loop
      vertex -38.1745 -416.024 249.254
      vertex -32.4221 -416.898 249.254
      vertex -32.2783 -417.147 249.254
    endloop
  endfacet
  facet normal -0 0 -1
    outer loop
      vertex -29.5751 -415.254 249.254
      vertex -29.76 -415.034 249.254
      vertex -31.1035 -408.953 249.254
    endloop
  endfacet
  facet normal -0 0 -1
    outer loop
      vertex -29.3329 -415.773 249.254
      vertex -29.4313 -415.503 249.254
      vertex -21.3984 -418.658 249.254
    endloop
  endfacet
  facet normal 5.48703e-07 -5.48703e-07 -1
    outer loop
      vertex -29.4313 -416.898 249.254
      vertex -29.3329 -416.627 249.254
      vertex -21.3984 -418.658 249.254
    endloop
  endfacet
  facet normal -0 0 -1
    outer loop
      vertex -29.76 -417.367 249.254
      vertex -21.3984 -418.658 249.254
      vertex -28.4695 -425.729 249.254
    endloop
  endfacet
  facet normal 3.42926e-07 -3.42926e-07 -1
    outer loop
      vertex -28.4695 -425.729 249.254
      vertex -30.4996 -417.794 249.254
      vertex -30.2294 -417.696 249.254
    endloop
  endfacet
  facet normal -0 0 -1
    outer loop
      vertex -31.8731 -417.552 249.254
      vertex -31.624 -417.696 249.254
      vertex -28.4695 -425.729 249.254
    endloop
  endfacet
  facet normal -1.09466e-07 1.09466e-07 -1
    outer loop
      vertex -38.1745 -416.024 249.254
      vertex -32.5205 -416.627 249.254
      vertex -32.4221 -416.898 249.254
    endloop
  endfacet
  facet normal -6.15008e-08 6.15008e-08 -1
    outer loop
      vertex -31.1035 -408.953 249.254
      vertex -29.9803 -414.849 249.254
      vertex -30.2294 -414.705 249.254
    endloop
  endfacet
  facet normal -0 0 -1
    outer loop
      vertex -29.4313 -415.503 249.254
      vertex -29.5751 -415.254 249.254
      vertex -21.3984 -418.658 249.254
    endloop
  endfacet
  facet normal 6.18135e-07 -6.18135e-07 -1
    outer loop
      vertex -29.76 -417.367 249.254
      vertex -29.5751 -417.147 249.254
      vertex -21.3984 -418.658 249.254
    endloop
  endfacet
  facet normal -0 0 -1
    outer loop
      vertex -28.4695 -425.729 249.254
      vertex -30.7829 -417.844 249.254
      vertex -30.4996 -417.794 249.254
    endloop
  endfacet
  facet normal -2.29323e-07 2.29323e-07 -1
    outer loop
      vertex -28.4695 -425.729 249.254
      vertex -31.3537 -417.794 249.254
      vertex -31.0705 -417.844 249.254
    endloop
  endfacet
  facet normal -0 0 -1
    outer loop
      vertex -32.2783 -417.147 249.254
      vertex -32.0934 -417.367 249.254
      vertex -38.1745 -416.024 249.254
    endloop
  endfacet
  facet normal -0 0 -1
    outer loop
      vertex -29.76 -415.034 249.254
      vertex -29.9803 -414.849 249.254
      vertex -31.1035 -408.953 249.254
    endloop
  endfacet
  facet normal -0 0 -1
    outer loop
      vertex -30.2294 -417.696 249.254
      vertex -29.9803 -417.552 249.254
      vertex -28.4695 -425.729 249.254
    endloop
  endfacet
  facet normal -0 0 -1
    outer loop
      vertex -31.624 -417.696 249.254
      vertex -31.3537 -417.794 249.254
      vertex -28.4695 -425.729 249.254
    endloop
  endfacet
  facet normal -4.98736e-08 4.98736e-08 -1
    outer loop
      vertex -38.1745 -416.024 249.254
      vertex -32.5704 -416.057 249.254
      vertex -32.5704 -416.344 249.254
    endloop
  endfacet
  facet normal -1.18397e-07 1.18397e-07 -1
    outer loop
      vertex -38.1745 -416.024 249.254
      vertex -32.2783 -415.254 249.254
      vertex -32.4221 -415.503 249.254
    endloop
  endfacet
  facet normal -0 0 -1
    outer loop
      vertex -29.3329 -416.627 249.254
      vertex -29.283 -416.344 249.254
      vertex -21.3984 -418.658 249.254
    endloop
  endfacet
  facet normal -0 0 -1
    outer loop
      vertex -32.5704 -416.344 249.254
      vertex -32.5205 -416.627 249.254
      vertex -38.1745 -416.024 249.254
    endloop
  endfacet
  facet normal -8.55465e-07 8.55465e-07 -1
    outer loop
      vertex -32.4221 -415.503 249.254
      vertex -32.5205 -415.773 249.254
      vertex -38.1745 -416.024 249.254
    endloop
  endfacet
  facet normal -0 0 -1
    outer loop
      vertex -38.1745 -416.024 249.254
      vertex -31.1035 -408.953 249.254
      vertex -32.0934 -415.034 249.254
    endloop
  endfacet
  facet normal -0 0 -1
    outer loop
      vertex -31.1035 -408.953 249.254
      vertex -31.0705 -414.557 249.254
      vertex -31.3537 -414.607 249.254
    endloop
  endfacet
  facet normal -0 0 -1
    outer loop
      vertex -31.0705 -417.844 249.254
      vertex -30.7829 -417.844 249.254
      vertex -28.4695 -425.729 249.254
    endloop
  endfacet
  facet normal -0 0 -1
    outer loop
      vertex -32.0934 -415.034 249.254
      vertex -32.2783 -415.254 249.254
      vertex -38.1745 -416.024 249.254
    endloop
  endfacet
  facet normal -8.55481e-07 8.55481e-07 -1
    outer loop
      vertex -31.3537 -414.607 249.254
      vertex -31.624 -414.705 249.254
      vertex -31.1035 -408.953 249.254
    endloop
  endfacet
  facet normal 3.06961e-07 -3.06961e-07 -1
    outer loop
      vertex -31.1035 -408.953 249.254
      vertex -30.4996 -414.607 249.254
      vertex -30.7829 -414.557 249.254
    endloop
  endfacet
  facet normal -0 0 -1
    outer loop
      vertex -32.5205 -415.773 249.254
      vertex -32.5704 -416.057 249.254
      vertex -38.1745 -416.024 249.254
    endloop
  endfacet
  facet normal 9.47163e-07 -9.47163e-07 -1
    outer loop
      vertex -31.624 -414.705 249.254
      vertex -31.8731 -414.849 249.254
      vertex -31.1035 -408.953 249.254
    endloop
  endfacet
  facet normal -0 0 -1
    outer loop
      vertex -30.2294 -414.705 249.254
      vertex -30.4996 -414.607 249.254
      vertex -31.1035 -408.953 249.254
    endloop
  endfacet
  facet normal -0 0 -1
    outer loop
      vertex -30.7829 -414.557 249.254
      vertex -31.0705 -414.557 249.254
      vertex -31.1035 -408.953 249.254
    endloop
  endfacet
  facet normal -0 0 -1
    outer loop
      vertex -38.3513 -401.705 249.254
      vertex -31.1035 -408.953 249.254
      vertex -38.1745 -416.024 249.254
    endloop
  endfacet
  facet normal -3.35883e-07 3.35883e-07 -1
    outer loop
      vertex -56.3649 -397.833 249.254
      vertex -47.7153 -391.098 249.254
      vertex -47.6784 -391.567 249.254
    endloop
  endfacet
  facet normal -1.51462e-07 1.51462e-07 -1
    outer loop
      vertex -56.3649 -397.833 249.254
      vertex -47.5685 -390.171 249.254
      vertex -47.6784 -390.629 249.254
    endloop
  endfacet
  facet normal -0 0 -1
    outer loop
      vertex -45.4224 -408.776 249.254
      vertex -56.3649 -397.833 249.254
      vertex -46.8366 -393.219 249.254
    endloop
  endfacet
  facet normal 1.56749e-07 -1.56749e-07 -1
    outer loop
      vertex -56.3649 -397.833 249.254
      vertex -47.5685 -392.025 249.254
      vertex -47.3883 -392.46 249.254
    endloop
  endfacet
  facet normal -0 0 -1
    outer loop
      vertex -47.6784 -390.629 249.254
      vertex -47.7153 -391.098 249.254
      vertex -56.3649 -397.833 249.254
    endloop
  endfacet
  facet normal 1.31304e-07 -1.31304e-07 -1
    outer loop
      vertex -56.3649 -397.833 249.254
      vertex -47.1424 -392.861 249.254
      vertex -46.8366 -393.219 249.254
    endloop
  endfacet
  facet normal 5.51454e-07 -5.51454e-07 -1
    outer loop
      vertex -47.6784 -391.567 249.254
      vertex -47.5685 -392.025 249.254
      vertex -56.3649 -397.833 249.254
    endloop
  endfacet
  facet normal -0 0 -1
    outer loop
      vertex -46.9916 -388.46 249.254
      vertex -47.1424 -389.335 249.254
      vertex -47.3883 -389.736 249.254
    endloop
  endfacet
  facet normal -0 0 -1
    outer loop
      vertex -47.3883 -392.46 249.254
      vertex -47.1424 -392.861 249.254
      vertex -56.3649 -397.833 249.254
    endloop
  endfacet
  facet normal -0 0 -1
    outer loop
      vertex -47.3883 -389.736 249.254
      vertex -56.3649 -397.833 249.254
      vertex -46.9916 -388.46 249.254
    endloop
  endfacet
  facet normal -0 0 -1
    outer loop
      vertex -47.3883 -389.736 249.254
      vertex -47.5685 -390.171 249.254
      vertex -56.3649 -397.833 249.254
    endloop
  endfacet
  facet normal -0 0 -1
    outer loop
      vertex -46.9916 -388.46 249.254
      vertex -46.6557 -388.796 249.254
      vertex -46.8366 -388.977 249.254
    endloop
  endfacet
  facet normal -0 0 -1
    outer loop
      vertex -46.8366 -388.977 249.254
      vertex -47.1424 -389.335 249.254
      vertex -46.9916 -388.46 249.254
    endloop
  endfacet
  facet normal 4.16973e-07 -4.16973e-07 -1
    outer loop
      vertex -60.9771 -393.221 249.254
      vertex -61.5747 -389.832 249.254
      vertex -61.3133 -389.379 249.254
    endloop
  endfacet
  facet normal -0 0 -1
    outer loop
      vertex -60.9771 -393.221 249.254
      vertex -61.8443 -390.838 249.254
      vertex -61.7535 -390.323 249.254
    endloop
  endfacet
  facet normal -2.89456e-07 2.89456e-07 -1
    outer loop
      vertex -60.9771 -393.221 249.254
      vertex -61.7535 -391.876 249.254
      vertex -61.8443 -391.361 249.254
    endloop
  endfacet
  facet normal 4.98799e-07 -4.98799e-07 -1
    outer loop
      vertex -61.7535 -391.876 249.254
      vertex -60.9771 -393.221 249.254
      vertex -61.3132 -392.82 249.254
    endloop
  endfacet
  facet normal -0 0 -1
    outer loop
      vertex -61.7535 -390.323 249.254
      vertex -61.5747 -389.832 249.254
      vertex -60.9771 -393.221 249.254
    endloop
  endfacet
  facet normal -0 0 -1
    outer loop
      vertex -61.3132 -392.82 249.254
      vertex -61.5747 -392.368 249.254
      vertex -61.7535 -391.876 249.254
    endloop
  endfacet
  facet normal -0 0 -1
    outer loop
      vertex -61.8443 -391.361 249.254
      vertex -61.8443 -390.838 249.254
      vertex -60.9771 -393.221 249.254
    endloop
  endfacet
  facet normal -1.52842e-08 1.52842e-08 -1
    outer loop
      vertex -46.9916 -388.46 249.254
      vertex -56.3649 -397.833 249.254
      vertex -60.9771 -388.978 249.254
    endloop
  endfacet
  facet normal -0 0 -1
    outer loop
      vertex -60.9771 -388.978 249.254
      vertex -56.3649 -397.833 249.254
      vertex -60.9771 -393.221 249.254
    endloop
  endfacet
  facet normal -4.50975e-07 4.50975e-07 -1
    outer loop
      vertex -61.3133 -389.379 249.254
      vertex -60.9771 -388.978 249.254
      vertex -60.9771 -393.221 249.254
    endloop
  endfacet
  facet normal -0 0 -1
    outer loop
      vertex -46.9916 -388.46 249.254
      vertex -54.1336 -382.082 249.254
      vertex -53.8877 -381.681 249.254
    endloop
  endfacet
  facet normal 1.09559e-08 -1.09559e-08 -1
    outer loop
      vertex -60.9771 -388.978 249.254
      vertex -54.4393 -382.44 249.254
      vertex -46.9916 -388.46 249.254
    endloop
  endfacet
  facet normal -0 0 -1
    outer loop
      vertex -54.4393 -382.44 249.254
      vertex -54.1336 -382.082 249.254
      vertex -46.9916 -388.46 249.254
    endloop
  endfacet
  facet normal -1.83834e-07 1.83834e-07 -1
    outer loop
      vertex -49.5358 -376.537 249.254
      vertex -53.5976 -380.788 249.254
      vertex -53.5607 -380.319 249.254
    endloop
  endfacet
  facet normal -3.51113e-07 3.51113e-07 -1
    outer loop
      vertex -53.8533 -381.598 249.254
      vertex -49.2791 -376.685 249.254
      vertex -49.0007 -376.787 249.254
    endloop
  endfacet
  facet normal 1.15495e-07 -1.15495e-07 -1
    outer loop
      vertex -49.5358 -376.537 249.254
      vertex -53.7075 -381.246 249.254
      vertex -53.5976 -380.788 249.254
    endloop
  endfacet
  facet normal -9.63947e-08 9.63947e-08 -1
    outer loop
      vertex -48.7905 -370.637 249.254
      vertex -48.4125 -373.451 249.254
      vertex -48.7089 -373.451 249.254
    endloop
  endfacet
  facet normal 2.31408e-07 -2.31408e-07 -1
    outer loop
      vertex -48.7905 -370.637 249.254
      vertex -47.3586 -373.942 249.254
      vertex -47.5856 -373.752 249.254
    endloop
  endfacet
  facet normal -0 0 -1
    outer loop
      vertex -48.7905 -370.637 249.254
      vertex -38.9794 -380.448 249.254
      vertex -47.1681 -374.169 249.254
    endloop
  endfacet
  facet normal 2.46797e-08 -2.46797e-08 -1
    outer loop
      vertex -38.9794 -380.448 249.254
      vertex -46.9186 -374.704 249.254
      vertex -47.02 -374.426 249.254
    endloop
  endfacet
  facet normal 1.86609e-07 -1.86609e-07 -1
    outer loop
      vertex -53.8533 -381.598 249.254
      vertex -49.5358 -376.537 249.254
      vertex -49.2791 -376.685 249.254
    endloop
  endfacet
  facet normal -1.02795e-07 1.02795e-07 -1
    outer loop
      vertex -49.5358 -376.537 249.254
      vertex -53.8533 -381.598 249.254
      vertex -53.7075 -381.246 249.254
    endloop
  endfacet
  facet normal 5.0128e-07 -5.0128e-07 -1
    outer loop
      vertex -48.7905 -370.637 249.254
      vertex -48.1207 -373.502 249.254
      vertex -48.4125 -373.451 249.254
    endloop
  endfacet
  facet normal -0 0 -1
    outer loop
      vertex -47.5856 -373.752 249.254
      vertex -47.8423 -373.604 249.254
      vertex -48.7905 -370.637 249.254
    endloop
  endfacet
  facet normal -0 0 -1
    outer loop
      vertex -47.02 -374.426 249.254
      vertex -47.1681 -374.169 249.254
      vertex -38.9794 -380.448 249.254
    endloop
  endfacet
  facet normal 3.43929e-08 -3.43929e-08 -1
    outer loop
      vertex -38.9794 -380.448 249.254
      vertex -46.8672 -375.293 249.254
      vertex -46.8672 -374.996 249.254
    endloop
  endfacet
  facet normal 1.97857e-07 -1.97857e-07 -1
    outer loop
      vertex -53.5607 -380.319 249.254
      vertex -49.7628 -376.347 249.254
      vertex -49.5358 -376.537 249.254
    endloop
  endfacet
  facet normal -2.33692e-07 2.33692e-07 -1
    outer loop
      vertex -53.5607 -380.319 249.254
      vertex -50.1014 -375.863 249.254
      vertex -49.9533 -376.12 249.254
    endloop
  endfacet
  facet normal -0 0 -1
    outer loop
      vertex -53.5607 -375.407 249.254
      vertex -50.2028 -375.584 249.254
      vertex -50.1014 -375.863 249.254
    endloop
  endfacet
  facet normal -6.81412e-07 6.81412e-07 -1
    outer loop
      vertex -53.5607 -375.407 249.254
      vertex -50.2028 -374.704 249.254
      vertex -50.2542 -374.996 249.254
    endloop
  endfacet
  facet normal -0 0 -1
    outer loop
      vertex -47.8423 -373.604 249.254
      vertex -48.1207 -373.502 249.254
      vertex -48.7905 -370.637 249.254
    endloop
  endfacet
  facet normal -1.59077e-07 1.59077e-07 -1
    outer loop
      vertex -46.8672 -374.996 249.254
      vertex -46.9186 -374.704 249.254
      vertex -38.9794 -380.448 249.254
    endloop
  endfacet
  facet normal -0 0 -1
    outer loop
      vertex -49.0007 -376.787 249.254
      vertex -46.9916 -388.46 249.254
      vertex -53.8533 -381.598 249.254
    endloop
  endfacet
  facet normal 7.56927e-08 -7.56927e-08 -1
    outer loop
      vertex -50.1014 -375.863 249.254
      vertex -53.5607 -380.319 249.254
      vertex -53.5607 -375.407 249.254
    endloop
  endfacet
  facet normal -0 0 -1
    outer loop
      vertex -50.2542 -374.996 249.254
      vertex -50.2542 -375.293 249.254
      vertex -53.5607 -375.407 249.254
    endloop
  endfacet
  facet normal -2.07005e-07 2.07005e-07 -1
    outer loop
      vertex -48.7905 -370.637 249.254
      vertex -49.0007 -373.502 249.254
      vertex -49.2792 -373.604 249.254
    endloop
  endfacet
  facet normal -0 0 -1
    outer loop
      vertex -47.1681 -374.169 249.254
      vertex -47.3586 -373.942 249.254
      vertex -48.7905 -370.637 249.254
    endloop
  endfacet
  facet normal 5.94666e-08 -5.94666e-08 -1
    outer loop
      vertex -38.9794 -380.448 249.254
      vertex -47.02 -375.863 249.254
      vertex -46.9186 -375.584 249.254
    endloop
  endfacet
  facet normal 3.32e-07 -3.32e-07 -1
    outer loop
      vertex -46.9916 -388.46 249.254
      vertex -47.8423 -376.685 249.254
      vertex -47.5856 -376.537 249.254
    endloop
  endfacet
  facet normal -0 0 -1
    outer loop
      vertex -49.0007 -376.787 249.254
      vertex -48.7089 -376.838 249.254
      vertex -46.9916 -388.46 249.254
    endloop
  endfacet
  facet normal -0 0 -1
    outer loop
      vertex -50.2542 -375.293 249.254
      vertex -50.2028 -375.584 249.254
      vertex -53.5607 -375.407 249.254
    endloop
  endfacet
  facet normal -9.33336e-07 9.33336e-07 -1
    outer loop
      vertex -49.2792 -373.604 249.254
      vertex -49.5358 -373.752 249.254
      vertex -48.7905 -370.637 249.254
    endloop
  endfacet
  facet normal -0 0 -1
    outer loop
      vertex -46.9186 -375.584 249.254
      vertex -46.8672 -375.293 249.254
      vertex -38.9794 -380.448 249.254
    endloop
  endfacet
  facet normal -2.39675e-07 2.39675e-07 -1
    outer loop
      vertex -38.9794 -380.448 249.254
      vertex -47.3586 -376.347 249.254
      vertex -47.1681 -376.12 249.254
    endloop
  endfacet
  facet normal -0 0 -1
    outer loop
      vertex -47.5856 -376.537 249.254
      vertex -38.9794 -380.448 249.254
      vertex -46.9916 -388.46 249.254
    endloop
  endfacet
  facet normal -0 0 -1
    outer loop
      vertex -46.9916 -388.46 249.254
      vertex -48.4125 -376.838 249.254
      vertex -48.1207 -376.787 249.254
    endloop
  endfacet
  facet normal -0 0 -1
    outer loop
      vertex -49.9533 -376.12 249.254
      vertex -49.7628 -376.347 249.254
      vertex -53.5607 -380.319 249.254
    endloop
  endfacet
  facet normal -5.4139e-07 5.4139e-07 -1
    outer loop
      vertex -53.5607 -375.407 249.254
      vertex -49.9533 -374.169 249.254
      vertex -50.1014 -374.426 249.254
    endloop
  endfacet
  facet normal -1.15553e-07 1.15553e-07 -1
    outer loop
      vertex -53.5607 -375.407 249.254
      vertex -48.7905 -370.637 249.254
      vertex -49.7628 -373.942 249.254
    endloop
  endfacet
  facet normal -0 0 -1
    outer loop
      vertex -48.7089 -373.451 249.254
      vertex -49.0007 -373.502 249.254
      vertex -48.7905 -370.637 249.254
    endloop
  endfacet
  facet normal -0 0 -1
    outer loop
      vertex -47.5856 -376.537 249.254
      vertex -47.3586 -376.347 249.254
      vertex -38.9794 -380.448 249.254
    endloop
  endfacet
  facet normal 7.46946e-07 -7.46946e-07 -1
    outer loop
      vertex -48.7089 -376.838 249.254
      vertex -48.4125 -376.838 249.254
      vertex -46.9916 -388.46 249.254
    endloop
  endfacet
  facet normal -0 0 -1
    outer loop
      vertex -49.7628 -373.942 249.254
      vertex -49.9533 -374.169 249.254
      vertex -53.5607 -375.407 249.254
    endloop
  endfacet
  facet normal 2.34474e-07 -2.34474e-07 -1
    outer loop
      vertex -47.1681 -376.12 249.254
      vertex -47.02 -375.863 249.254
      vertex -38.9794 -380.448 249.254
    endloop
  endfacet
  facet normal 7.44467e-07 -7.44467e-07 -1
    outer loop
      vertex -50.1014 -374.426 249.254
      vertex -50.2028 -374.704 249.254
      vertex -53.5607 -375.407 249.254
    endloop
  endfacet
  facet normal -7.64466e-07 7.64466e-07 -1
    outer loop
      vertex -48.1207 -376.787 249.254
      vertex -47.8423 -376.685 249.254
      vertex -46.9916 -388.46 249.254
    endloop
  endfacet
  facet normal -0 0 -1
    outer loop
      vertex -48.7905 -370.637 249.254
      vertex -52.3909 -371.931 249.254
      vertex -51.7746 -371.314 249.254
    endloop
  endfacet
  facet normal -5.01473e-07 5.01473e-07 -1
    outer loop
      vertex -48.7905 -370.637 249.254
      vertex -52.8908 -372.644 249.254
      vertex -52.3909 -371.931 249.254
    endloop
  endfacet
  facet normal -0 0 -1
    outer loop
      vertex -48.7905 -370.637 249.254
      vertex -51.0607 -370.814 249.254
      vertex -50.2708 -370.446 249.254
    endloop
  endfacet
  facet normal -0 0 -1
    outer loop
      vertex -48.7905 -370.637 249.254
      vertex -53.2592 -373.434 249.254
      vertex -52.8908 -372.644 249.254
    endloop
  endfacet
  facet normal 6.37985e-07 -6.37985e-07 -1
    outer loop
      vertex -51.7746 -371.314 249.254
      vertex -51.0607 -370.814 249.254
      vertex -48.7905 -370.637 249.254
    endloop
  endfacet
  facet normal 4.23178e-08 -4.23178e-08 -1
    outer loop
      vertex -48.7905 -370.637 249.254
      vertex -53.5607 -375.144 249.254
      vertex -53.4847 -374.276 249.254
    endloop
  endfacet
  facet normal -0 0 -1
    outer loop
      vertex -53.4847 -374.276 249.254
      vertex -53.2592 -373.434 249.254
      vertex -48.7905 -370.637 249.254
    endloop
  endfacet
  facet normal -8.12946e-08 8.12946e-08 -1
    outer loop
      vertex -50.2708 -370.446 249.254
      vertex -49.4289 -370.22 249.254
      vertex -48.7905 -370.637 249.254
    endloop
  endfacet
  facet normal 1.28455e-06 -1.28455e-06 -1
    outer loop
      vertex -48.7905 -370.637 249.254
      vertex -53.5607 -375.407 249.254
      vertex -53.5607 -375.144 249.254
    endloop
  endfacet
  facet normal -0 0 -1
    outer loop
      vertex -48.7905 -370.637 249.254
      vertex -49.2246 -370.203 249.254
      vertex -48.5607 -370.144 249.254
    endloop
  endfacet
  facet normal -0 0 -1
    outer loop
      vertex -38.9794 -380.448 249.254
      vertex -48.7905 -370.637 249.254
      vertex -48.2983 -370.144 249.254
    endloop
  endfacet
  facet normal 2.02842e-08 -2.02842e-08 -1
    outer loop
      vertex -24.8549 -366.323 249.254
      vertex -38.9794 -380.448 249.254
      vertex -41.2655 -369.266 249.254
    endloop
  endfacet
  facet normal -0 0 -1
    outer loop
      vertex -48.2983 -370.144 249.254
      vertex -43.3869 -370.144 249.254
      vertex -38.9794 -380.448 249.254
    endloop
  endfacet
  facet normal -1.02584e-07 1.02584e-07 -1
    outer loop
      vertex -38.9794 -380.448 249.254
      vertex -41.6235 -369.571 249.254
      vertex -41.2655 -369.266 249.254
    endloop
  endfacet
  facet normal -0 0 -1
    outer loop
      vertex -43.3869 -370.144 249.254
      vertex -42.9176 -370.108 249.254
      vertex -38.9794 -380.448 249.254
    endloop
  endfacet
  facet normal 6.41048e-08 -6.41048e-08 -1
    outer loop
      vertex -38.9794 -380.448 249.254
      vertex -42.0249 -369.817 249.254
      vertex -41.6235 -369.571 249.254
    endloop
  endfacet
  facet normal -2.48968e-07 2.48968e-07 -1
    outer loop
      vertex -42.9176 -370.108 249.254
      vertex -42.4598 -369.998 249.254
      vertex -38.9794 -380.448 249.254
    endloop
  endfacet
  facet normal -0 0 -1
    outer loop
      vertex -42.4598 -369.998 249.254
      vertex -42.0249 -369.817 249.254
      vertex -38.9794 -380.448 249.254
    endloop
  endfacet
  facet normal -0 0 -1
    outer loop
      vertex -11.6185 -353.087 249.254
      vertex -24.8549 -366.323 249.254
      vertex -31.5893 -359.589 249.254
    endloop
  endfacet
  facet normal -1.7273e-07 1.7273e-07 -1
    outer loop
      vertex -11.6185 -353.087 249.254
      vertex -12.0572 -343.917 249.254
      vertex -11.3323 -344.217 249.254
    endloop
  endfacet
  facet normal -2.32479e-08 2.32479e-08 -1
    outer loop
      vertex -11.6185 -353.087 249.254
      vertex -12.8201 -343.734 249.254
      vertex -12.0572 -343.917 249.254
    endloop
  endfacet
  facet normal -0 0 -1
    outer loop
      vertex -11.6185 -353.087 249.254
      vertex -15.1474 -343.917 249.254
      vertex -14.3845 -343.734 249.254
    endloop
  endfacet
  facet normal 4.25112e-07 -4.25112e-07 -1
    outer loop
      vertex -11.3323 -344.217 249.254
      vertex -10.6633 -344.627 249.254
      vertex -11.6185 -353.087 249.254
    endloop
  endfacet
  facet normal -0 0 -1
    outer loop
      vertex -14.3845 -343.734 249.254
      vertex -13.6023 -343.672 249.254
      vertex -11.6185 -353.087 249.254
    endloop
  endfacet
  facet normal 4.25581e-08 -4.25581e-08 -1
    outer loop
      vertex -11.6185 -353.087 249.254
      vertex -17.1378 -345.137 249.254
      vertex -16.5412 -344.627 249.254
    endloop
  endfacet
  facet normal -0 0 -1
    outer loop
      vertex -13.6023 -343.672 249.254
      vertex -12.8201 -343.734 249.254
      vertex -11.6185 -353.087 249.254
    endloop
  endfacet
  facet normal -0 0 -1
    outer loop
      vertex -16.5412 -344.627 249.254
      vertex -15.8723 -344.217 249.254
      vertex -11.6185 -353.087 249.254
    endloop
  endfacet
  facet normal -0 0 -1
    outer loop
      vertex -15.8723 -344.217 249.254
      vertex -15.1474 -343.917 249.254
      vertex -11.6185 -353.087 249.254
    endloop
  endfacet
  facet normal -0 0 -1
    outer loop
      vertex -11.6185 -353.087 249.254
      vertex -18.3533 -346.352 249.254
      vertex -17.1378 -345.137 249.254
    endloop
  endfacet
  facet normal -0 0 -1
    outer loop
      vertex -10.6633 -344.627 249.254
      vertex -10.0667 -345.137 249.254
      vertex -11.6185 -353.087 249.254
    endloop
  endfacet
  facet normal 1.90695e-08 -1.90695e-08 -1
    outer loop
      vertex 56.2283 -420.934 249.254
      vertex 65.6246 -423.354 249.254
      vertex 65.4732 -424.212 249.254
    endloop
  endfacet
  facet normal 3.92651e-08 -3.92651e-08 -1
    outer loop
      vertex 56.2283 -420.934 249.254
      vertex 65.6246 -422.482 249.254
      vertex 65.6246 -423.354 249.254
    endloop
  endfacet
  facet normal 1.7462e-07 -1.7462e-07 -1
    outer loop
      vertex 56.2283 -420.934 249.254
      vertex 65.1751 -420.805 249.254
      vertex 65.4732 -421.624 249.254
    endloop
  endfacet
  facet normal -0 0 -1
    outer loop
      vertex 56.2283 -420.934 249.254
      vertex 65.1751 -425.031 249.254
      vertex 64.7394 -425.786 249.254
    endloop
  endfacet
  facet normal -1.64254e-07 1.64254e-07 -1
    outer loop
      vertex 65.4732 -421.624 249.254
      vertex 65.6246 -422.482 249.254
      vertex 56.2283 -420.934 249.254
    endloop
  endfacet
  facet normal -0 0 -1
    outer loop
      vertex 65.4732 -424.212 249.254
      vertex 65.1751 -425.031 249.254
      vertex 56.2283 -420.934 249.254
    endloop
  endfacet
  facet normal 2.92796e-08 -2.92796e-08 -1
    outer loop
      vertex 56.2283 -420.934 249.254
      vertex 64.1791 -419.382 249.254
      vertex 64.7394 -420.05 249.254
    endloop
  endfacet
  facet normal -0 0 -1
    outer loop
      vertex 64.7394 -420.05 249.254
      vertex 65.1751 -420.805 249.254
      vertex 56.2283 -420.934 249.254
    endloop
  endfacet
  facet normal -0 0 -1
    outer loop
      vertex 56.2283 -420.934 249.254
      vertex 60.9795 -416.183 249.254
      vertex 64.1791 -419.382 249.254
    endloop
  endfacet
  facet normal -0 0 -1
    outer loop
      vertex 64.7394 -425.786 249.254
      vertex 64.1791 -426.453 249.254
      vertex 56.2283 -420.934 249.254
    endloop
  endfacet
  facet normal -0 0 -1
    outer loop
      vertex 56.2283 -420.934 249.254
      vertex 62.9635 -427.669 249.254
      vertex 49.7271 -440.905 249.254
    endloop
  endfacet
  facet normal -0 0 -1
    outer loop
      vertex 42.9919 -434.17 249.254
      vertex 49.7271 -440.905 249.254
      vertex 40.0495 -450.583 249.254
    endloop
  endfacet
  facet normal -2.7041e-08 2.7041e-08 -1
    outer loop
      vertex 40.0495 -450.583 249.254
      vertex 28.8675 -448.295 249.254
      vertex 42.9919 -434.17 249.254
    endloop
  endfacet
  facet normal -2.73524e-07 2.73524e-07 -1
    outer loop
      vertex 40.0495 -450.583 249.254
      vertex 39.7437 -450.941 249.254
      vertex 28.8675 -448.295 249.254
    endloop
  endfacet
  facet normal -0 0 -1
    outer loop
      vertex 28.8675 -448.295 249.254
      vertex 39.1708 -452.704 249.254
      vertex 39.1708 -457.876 249.254
    endloop
  endfacet
  facet normal -0 0 -1
    outer loop
      vertex 39.7437 -450.941 249.254
      vertex 39.4978 -451.342 249.254
      vertex 28.8675 -448.295 249.254
    endloop
  endfacet
  facet normal -2.25167e-07 2.25167e-07 -1
    outer loop
      vertex 28.8675 -448.295 249.254
      vertex 39.2077 -452.235 249.254
      vertex 39.1708 -452.704 249.254
    endloop
  endfacet
  facet normal -0 0 -1
    outer loop
      vertex 39.4978 -451.342 249.254
      vertex 39.3176 -451.777 249.254
      vertex 28.8675 -448.295 249.254
    endloop
  endfacet
  facet normal -0 0 -1
    outer loop
      vertex 39.3176 -451.777 249.254
      vertex 39.2077 -452.235 249.254
      vertex 28.8675 -448.295 249.254
    endloop
  endfacet
  facet normal -0 0 -1
    outer loop
      vertex 29.4723 -459.586 249.254
      vertex 32.5287 -458.316 249.254
      vertex 32.6301 -458.594 249.254
    endloop
  endfacet
  facet normal -4.10233e-08 4.10233e-08 -1
    outer loop
      vertex 29.2467 -458.744 249.254
      vertex 32.4773 -458.024 249.254
      vertex 32.5287 -458.316 249.254
    endloop
  endfacet
  facet normal 1.50423e-07 -1.50423e-07 -1
    outer loop
      vertex 39.1127 -458.54 249.254
      vertex 35.7115 -457.157 249.254
      vertex 35.5633 -456.901 249.254
    endloop
  endfacet
  facet normal -8.2045e-08 8.2045e-08 -1
    outer loop
      vertex 34.1708 -462.876 249.254
      vertex 34.0226 -459.569 249.254
      vertex 34.319 -459.569 249.254
    endloop
  endfacet
  facet normal 4.10233e-08 -4.10233e-08 -1
    outer loop
      vertex 33.3025 -462.8 249.254
      vertex 33.7308 -459.518 249.254
      vertex 34.0226 -459.569 249.254
    endloop
  endfacet
  facet normal -0 0 -1
    outer loop
      vertex 32.4607 -462.574 249.254
      vertex 33.4523 -459.417 249.254
      vertex 33.7308 -459.518 249.254
    endloop
  endfacet
  facet normal 3.69205e-07 -3.69205e-07 -1
    outer loop
      vertex 31.6708 -462.206 249.254
      vertex 33.1957 -459.268 249.254
      vertex 33.4523 -459.417 249.254
    endloop
  endfacet
  facet normal 3.28181e-07 -3.28181e-07 -1
    outer loop
      vertex 30.9569 -461.706 249.254
      vertex 32.9687 -459.078 249.254
      vertex 33.1957 -459.268 249.254
    endloop
  endfacet
  facet normal -3.28186e-07 3.28186e-07 -1
    outer loop
      vertex 30.3406 -461.09 249.254
      vertex 32.7782 -458.851 249.254
      vertex 32.9687 -459.078 249.254
    endloop
  endfacet
  facet normal -0 0 -1
    outer loop
      vertex 32.5287 -458.316 249.254
      vertex 29.4723 -459.586 249.254
      vertex 29.2467 -458.744 249.254
    endloop
  endfacet
  facet normal 8.20442e-08 -8.20442e-08 -1
    outer loop
      vertex 29.1708 -457.876 249.254
      vertex 32.4773 -457.728 249.254
      vertex 32.4773 -458.024 249.254
    endloop
  endfacet
  facet normal 4.98081e-08 -4.98081e-08 -1
    outer loop
      vertex 39.1127 -458.54 249.254
      vertex 35.8129 -457.436 249.254
      vertex 35.7115 -457.157 249.254
    endloop
  endfacet
  facet normal 8.35131e-08 -8.35131e-08 -1
    outer loop
      vertex 39.1127 -458.54 249.254
      vertex 35.8643 -458.024 249.254
      vertex 35.8643 -457.728 249.254
    endloop
  endfacet
  facet normal -0 0 -1
    outer loop
      vertex 35.8129 -458.316 249.254
      vertex 35.8643 -458.024 249.254
      vertex 39.1127 -458.54 249.254
    endloop
  endfacet
  facet normal -1.64092e-07 1.64092e-07 -1
    outer loop
      vertex 38.8693 -459.586 249.254
      vertex 35.7115 -458.594 249.254
      vertex 35.8129 -458.316 249.254
    endloop
  endfacet
  facet normal 8.20453e-08 -8.20453e-08 -1
    outer loop
      vertex 38.5009 -460.376 249.254
      vertex 35.5633 -458.851 249.254
      vertex 35.7115 -458.594 249.254
    endloop
  endfacet
  facet normal -0 0 -1
    outer loop
      vertex 38.001 -461.09 249.254
      vertex 35.3729 -459.078 249.254
      vertex 35.5633 -458.851 249.254
    endloop
  endfacet
  facet normal -8.20451e-08 8.20451e-08 -1
    outer loop
      vertex 37.3847 -461.706 249.254
      vertex 35.1459 -459.268 249.254
      vertex 35.3729 -459.078 249.254
    endloop
  endfacet
  facet normal 8.20467e-08 -8.20467e-08 -1
    outer loop
      vertex 36.6708 -462.206 249.254
      vertex 34.8892 -459.417 249.254
      vertex 35.1459 -459.268 249.254
    endloop
  endfacet
  facet normal -0 0 -1
    outer loop
      vertex 35.039 -462.8 249.254
      vertex 34.319 -459.569 249.254
      vertex 34.6108 -459.518 249.254
    endloop
  endfacet
  facet normal 5.62247e-08 -5.62247e-08 -1
    outer loop
      vertex 34.0226 -459.569 249.254
      vertex 34.1708 -462.876 249.254
      vertex 33.3025 -462.8 249.254
    endloop
  endfacet
  facet normal -2.24898e-07 2.24898e-07 -1
    outer loop
      vertex 33.4523 -459.417 249.254
      vertex 32.4607 -462.574 249.254
      vertex 31.6708 -462.206 249.254
    endloop
  endfacet
  facet normal -0 0 -1
    outer loop
      vertex 32.9687 -459.078 249.254
      vertex 30.9569 -461.706 249.254
      vertex 30.3406 -461.09 249.254
    endloop
  endfacet
  facet normal -3.69206e-07 3.69206e-07 -1
    outer loop
      vertex 29.8407 -460.376 249.254
      vertex 32.6301 -458.594 249.254
      vertex 32.7782 -458.851 249.254
    endloop
  endfacet
  facet normal -5.62247e-08 5.62247e-08 -1
    outer loop
      vertex 32.4773 -458.024 249.254
      vertex 29.2467 -458.744 249.254
      vertex 29.1708 -457.876 249.254
    endloop
  endfacet
  facet normal -0 0 -1
    outer loop
      vertex 28.8675 -448.295 249.254
      vertex 33.4523 -456.335 249.254
      vertex 29.024 -448.949 249.254
    endloop
  endfacet
  facet normal 1.98849e-07 -1.98849e-07 -1
    outer loop
      vertex 28.8675 -448.295 249.254
      vertex 34.6108 -456.234 249.254
      vertex 34.319 -456.182 249.254
    endloop
  endfacet
  facet normal 3.82794e-07 -3.82794e-07 -1
    outer loop
      vertex 39.1127 -458.54 249.254
      vertex 35.3729 -456.674 249.254
      vertex 35.1459 -456.483 249.254
    endloop
  endfacet
  facet normal -3.54848e-07 3.54848e-07 -1
    outer loop
      vertex 35.8643 -457.728 249.254
      vertex 35.8129 -457.436 249.254
      vertex 39.1127 -458.54 249.254
    endloop
  endfacet
  facet normal 1.12449e-07 -1.12449e-07 -1
    outer loop
      vertex 35.8129 -458.316 249.254
      vertex 39.0948 -458.744 249.254
      vertex 38.8693 -459.586 249.254
    endloop
  endfacet
  facet normal -0 0 -1
    outer loop
      vertex 35.5633 -458.851 249.254
      vertex 38.5009 -460.376 249.254
      vertex 38.001 -461.09 249.254
    endloop
  endfacet
  facet normal -0 0 -1
    outer loop
      vertex 35.1459 -459.268 249.254
      vertex 37.3847 -461.706 249.254
      vertex 36.6708 -462.206 249.254
    endloop
  endfacet
  facet normal -1.64093e-07 1.64093e-07 -1
    outer loop
      vertex 35.8809 -462.574 249.254
      vertex 34.6108 -459.518 249.254
      vertex 34.8892 -459.417 249.254
    endloop
  endfacet
  facet normal -5.62244e-08 5.62244e-08 -1
    outer loop
      vertex 34.319 -459.569 249.254
      vertex 35.039 -462.8 249.254
      vertex 34.1708 -462.876 249.254
    endloop
  endfacet
  facet normal 7.02809e-08 -7.02809e-08 -1
    outer loop
      vertex 33.1957 -459.268 249.254
      vertex 31.6708 -462.206 249.254
      vertex 30.9569 -461.706 249.254
    endloop
  endfacet
  facet normal 2.24899e-07 -2.24899e-07 -1
    outer loop
      vertex 32.6301 -458.594 249.254
      vertex 29.8407 -460.376 249.254
      vertex 29.4723 -459.586 249.254
    endloop
  endfacet
  facet normal -8.06938e-07 8.06938e-07 -1
    outer loop
      vertex 29.024 -448.949 249.254
      vertex 28.8438 -448.514 249.254
      vertex 28.8675 -448.295 249.254
    endloop
  endfacet
  facet normal 3.13146e-08 -3.13146e-08 -1
    outer loop
      vertex 28.8675 -448.295 249.254
      vertex 34.0226 -456.182 249.254
      vertex 33.7308 -456.234 249.254
    endloop
  endfacet
  facet normal -2.46795e-08 2.46795e-08 -1
    outer loop
      vertex 28.8675 -448.295 249.254
      vertex 34.8892 -456.335 249.254
      vertex 34.6108 -456.234 249.254
    endloop
  endfacet
  facet normal -0 0 -1
    outer loop
      vertex 35.1459 -456.483 249.254
      vertex 28.8675 -448.295 249.254
      vertex 39.1127 -458.54 249.254
    endloop
  endfacet
  facet normal -0 0 -1
    outer loop
      vertex 39.1127 -458.54 249.254
      vertex 39.0948 -458.744 249.254
      vertex 35.8129 -458.316 249.254
    endloop
  endfacet
  facet normal -0 0 -1
    outer loop
      vertex 35.3729 -459.078 249.254
      vertex 38.001 -461.09 249.254
      vertex 37.3847 -461.706 249.254
    endloop
  endfacet
  facet normal 1.12449e-07 -1.12449e-07 -1
    outer loop
      vertex 34.6108 -459.518 249.254
      vertex 35.8809 -462.574 249.254
      vertex 35.039 -462.8 249.254
    endloop
  endfacet
  facet normal -7.02806e-08 7.02806e-08 -1
    outer loop
      vertex 32.7782 -458.851 249.254
      vertex 30.3406 -461.09 249.254
      vertex 29.8407 -460.376 249.254
    endloop
  endfacet
  facet normal -1.80558e-07 1.80558e-07 -1
    outer loop
      vertex 29.1708 -457.876 249.254
      vertex 32.6301 -457.158 249.254
      vertex 32.5287 -457.436 249.254
    endloop
  endfacet
  facet normal -1.32289e-07 1.32289e-07 -1
    outer loop
      vertex 33.4523 -456.335 249.254
      vertex 29.1339 -449.407 249.254
      vertex 29.024 -448.949 249.254
    endloop
  endfacet
  facet normal -0 0 -1
    outer loop
      vertex 33.4523 -456.335 249.254
      vertex 33.1957 -456.483 249.254
      vertex 29.1708 -449.876 249.254
    endloop
  endfacet
  facet normal -0 0 -1
    outer loop
      vertex 34.319 -456.182 249.254
      vertex 34.0226 -456.182 249.254
      vertex 28.8675 -448.295 249.254
    endloop
  endfacet
  facet normal -0 0 -1
    outer loop
      vertex 35.5633 -456.901 249.254
      vertex 35.3729 -456.674 249.254
      vertex 39.1127 -458.54 249.254
    endloop
  endfacet
  facet normal -0 0 -1
    outer loop
      vertex 34.8892 -459.417 249.254
      vertex 36.6708 -462.206 249.254
      vertex 35.8809 -462.574 249.254
    endloop
  endfacet
  facet normal -0 0 -1
    outer loop
      vertex 32.5287 -457.436 249.254
      vertex 32.4773 -457.728 249.254
      vertex 29.1708 -457.876 249.254
    endloop
  endfacet
  facet normal -0 0 -1
    outer loop
      vertex 29.1708 -449.876 249.254
      vertex 29.1339 -449.407 249.254
      vertex 33.4523 -456.335 249.254
    endloop
  endfacet
  facet normal -0 0 -1
    outer loop
      vertex 35.1459 -456.483 249.254
      vertex 34.8892 -456.335 249.254
      vertex 28.8675 -448.295 249.254
    endloop
  endfacet
  facet normal -0 0 -1
    outer loop
      vertex 33.7308 -459.518 249.254
      vertex 33.3025 -462.8 249.254
      vertex 32.4607 -462.574 249.254
    endloop
  endfacet
  facet normal -0 0 -1
    outer loop
      vertex 28.8438 -448.514 249.254
      vertex 28.7695 -448.393 249.254
      vertex 28.8675 -448.295 249.254
    endloop
  endfacet
  facet normal -0 0 -1
    outer loop
      vertex 35.7115 -458.594 249.254
      vertex 38.8693 -459.586 249.254
      vertex 38.5009 -460.376 249.254
    endloop
  endfacet
  facet normal 1.22629e-07 -1.22629e-07 -1
    outer loop
      vertex 29.1708 -449.876 249.254
      vertex 32.7782 -456.901 249.254
      vertex 32.6301 -457.158 249.254
    endloop
  endfacet
  facet normal -0 0 -1
    outer loop
      vertex 33.7308 -456.234 249.254
      vertex 33.4523 -456.335 249.254
      vertex 28.8675 -448.295 249.254
    endloop
  endfacet
  facet normal 3.72691e-08 -3.72691e-08 -1
    outer loop
      vertex 29.1708 -449.876 249.254
      vertex 32.9687 -456.674 249.254
      vertex 32.7782 -456.901 249.254
    endloop
  endfacet
  facet normal -0 0 -1
    outer loop
      vertex 32.6301 -457.158 249.254
      vertex 29.1708 -457.876 249.254
      vertex 29.1708 -449.876 249.254
    endloop
  endfacet
  facet normal -0 0 -1
    outer loop
      vertex 33.1957 -456.483 249.254
      vertex 32.9687 -456.674 249.254
      vertex 29.1708 -449.876 249.254
    endloop
  endfacet
  facet normal -0 0 -1
    outer loop
      vertex 39.1708 -457.876 249.254
      vertex 39.1127 -458.54 249.254
      vertex 28.8675 -448.295 249.254
    endloop
  endfacet
  facet normal -0 0 -1
    outer loop
      vertex 49.7271 -440.905 249.254
      vertex 42.9919 -434.17 249.254
      vertex 56.2283 -420.934 249.254
    endloop
  endfacet
  facet normal -0 0 -1
    outer loop
      vertex 64.1791 -426.453 249.254
      vertex 62.9635 -427.669 249.254
      vertex 56.2283 -420.934 249.254
    endloop
  endfacet
  facet normal -0 0 -1
    outer loop
      vertex -10.0667 -345.137 249.254
      vertex -6.86742 -348.336 249.254
      vertex -11.6185 -353.087 249.254
    endloop
  endfacet
  facet normal -0 0 -1
    outer loop
      vertex -31.5893 -359.589 249.254
      vertex -18.3533 -346.352 249.254
      vertex -11.6185 -353.087 249.254
    endloop
  endfacet
  facet normal -0 0 -1
    outer loop
      vertex -41.2655 -369.266 249.254
      vertex -31.5893 -359.589 249.254
      vertex -24.8549 -366.323 249.254
    endloop
  endfacet
  facet normal -0 0 -1
    outer loop
      vertex -48.5607 -370.144 249.254
      vertex -48.2983 -370.144 249.254
      vertex -48.7905 -370.637 249.254
    endloop
  endfacet
  facet normal -0 0 -1
    outer loop
      vertex -49.4289 -370.22 249.254
      vertex -49.2246 -370.203 249.254
      vertex -48.7905 -370.637 249.254
    endloop
  endfacet
  facet normal 1.13784e-06 -1.13784e-06 -1
    outer loop
      vertex -49.5358 -373.752 249.254
      vertex -49.7628 -373.942 249.254
      vertex -48.7905 -370.637 249.254
    endloop
  endfacet
  facet normal -0 0 -1
    outer loop
      vertex -53.8877 -381.681 249.254
      vertex -53.8533 -381.598 249.254
      vertex -46.9916 -388.46 249.254
    endloop
  endfacet
  facet normal -0 0 -1
    outer loop
      vertex -46.8366 -393.219 249.254
      vertex -38.3513 -401.705 249.254
      vertex -45.4224 -408.776 249.254
    endloop
  endfacet
  facet normal -0 0 -1
    outer loop
      vertex -38.1745 -416.024 249.254
      vertex -45.4224 -408.776 249.254
      vertex -38.3513 -401.705 249.254
    endloop
  endfacet
  facet normal -1.11186e-06 1.11186e-06 -1
    outer loop
      vertex -31.8731 -414.849 249.254
      vertex -32.0934 -415.034 249.254
      vertex -31.1035 -408.953 249.254
    endloop
  endfacet
  facet normal -0 0 -1
    outer loop
      vertex -28.0983 -426.1 249.254
      vertex -28.4695 -425.729 249.254
      vertex -21.3984 -418.658 249.254
    endloop
  endfacet
  facet normal -0 0 -1
    outer loop
      vertex -37.5587 -444.506 249.254
      vertex -37.7857 -444.697 249.254
      vertex -40.1191 -442.363 249.254
    endloop
  endfacet
  facet normal -6.18126e-07 6.18126e-07 -1
    outer loop
      vertex -7.83145 -438.89 249.254
      vertex -8.05177 -439.075 249.254
      vertex -9.34227 -430.714 249.254
    endloop
  endfacet
  facet normal -0 0 -1
    outer loop
      vertex -6.49125 -447.451 249.254
      vertex -6.60424 -447.386 249.254
      vertex -3.10208 -446.853 249.254
    endloop
  endfacet
  facet normal -0 0 -1
    outer loop
      vertex -40.7825 -382.923 249.254
      vertex -46.6557 -388.796 249.254
      vertex -46.9916 -388.46 249.254
    endloop
  endfacet
  facet normal -2.6207e-07 2.6207e-07 -1
    outer loop
      vertex -30.4152 -384.399 249.254
      vertex -30.6355 -384.584 249.254
      vertex -38.9794 -380.448 249.254
    endloop
  endfacet
  facet normal -0 0 -1
    outer loop
      vertex -6.37359 -360.358 249.254
      vertex -6.59392 -360.543 249.254
      vertex -11.6185 -353.087 249.254
    endloop
  endfacet
  facet normal -0 0 -1
    outer loop
      vertex -2.94219 -366.611 249.254
      vertex -3.16514 -366.518 249.254
      vertex -0.676067 -364.029 249.254
    endloop
  endfacet
  facet normal -0 0 -1
    outer loop
      vertex 13.9569 -383.302 249.254
      vertex 4.25186 -373.597 249.254
      vertex 6.5718 -371.277 249.254
    endloop
  endfacet
  facet normal -0 0 -1
    outer loop
      vertex 26.0131 -395.358 249.254
      vertex 13.9569 -383.302 249.254
      vertex 16.2768 -380.982 249.254
    endloop
  endfacet
  facet normal -0 0 -1
    outer loop
      vertex 35.7181 -405.063 249.254
      vertex 26.0131 -395.358 249.254
      vertex 28.333 -393.038 249.254
    endloop
  endfacet
  facet normal -0 0 -1
    outer loop
      vertex 42.1528 -411.498 249.254
      vertex 35.7181 -405.063 249.254
      vertex 38.0381 -402.743 249.254
    endloop
  endfacet
  facet normal -0 0 -1
    outer loop
      vertex 42.9292 -412.843 249.254
      vertex 42.7971 -412.48 249.254
      vertex 45.2859 -409.991 249.254
    endloop
  endfacet
  facet normal -0 0 -1
    outer loop
      vertex 22.6178 -437.432 249.254
      vertex 22.3975 -437.617 249.254
      vertex 21.3368 -436.557 249.254
    endloop
  endfacet
  facet normal -0 0 -1
    outer loop
      vertex 28.2921 -447.755 249.254
      vertex 21.3368 -440.799 249.254
      vertex 21.1299 -440.557 249.254
    endloop
  endfacet
  facet normal -0 0 -1
    outer loop
      vertex 56.2283 -420.934 249.254
      vertex 45.2859 -409.991 249.254
      vertex 50.037 -405.24 249.254
    endloop
  endfacet
  facet normal -0 0 -1
    outer loop
      vertex 42.0195 -403.889 249.254
      vertex 41.7992 -404.073 249.254
      vertex 38.0381 -402.743 249.254
    endloop
  endfacet
  facet normal -0 0 -1
    outer loop
      vertex 34.595 -396.464 249.254
      vertex 34.3746 -396.649 249.254
      vertex 28.333 -393.038 249.254
    endloop
  endfacet
  facet normal -0 0 -1
    outer loop
      vertex 28.333 -393.038 249.254
      vertex 16.2768 -380.982 249.254
      vertex 21.028 -376.231 249.254
    endloop
  endfacet
  facet normal -0 0 -1
    outer loop
      vertex 10.5533 -372.422 249.254
      vertex 10.333 -372.607 249.254
      vertex 6.5718 -371.277 249.254
    endloop
  endfacet
  facet normal -0 0 -1
    outer loop
      vertex 3.12865 -364.998 249.254
      vertex 2.90833 -365.183 249.254
      vertex -0.676067 -364.029 249.254
    endloop
  endfacet
  facet normal -0 0 -1
    outer loop
      vertex -0.676067 -364.029 249.254
      vertex -11.6185 -353.087 249.254
      vertex -6.86742 -348.336 249.254
    endloop
  endfacet
  facet normal -1 -6.98492e-07 -0
    outer loop
      vertex 29.1708 -457.876 251.654
      vertex 29.1708 -449.876 251.654
      vertex 29.1708 -449.876 249.254
    endloop
  endfacet
  facet normal -1 2.91038e-07 -0
    outer loop
      vertex 29.1708 -449.876 249.254
      vertex 29.1708 -457.876 249.254
      vertex 29.1708 -457.876 251.654
    endloop
  endfacet
  facet normal 0.996196 -0.0871464 4.348e-07
    outer loop
      vertex 39.1708 -457.876 251.654
      vertex 39.0948 -458.744 251.654
      vertex 39.1127 -458.54 249.254
    endloop
  endfacet
  facet normal 0.996196 -0.0871453 0
    outer loop
      vertex 39.0948 -458.744 251.654
      vertex 39.0948 -458.744 249.254
      vertex 39.1127 -458.54 249.254
    endloop
  endfacet
  facet normal 0.965923 -0.258828 4.34806e-07
    outer loop
      vertex 38.8693 -459.586 249.254
      vertex 39.0948 -458.744 249.254
      vertex 39.0148 -459.043 251.654
    endloop
  endfacet
  facet normal 0.965926 -0.258818 0
    outer loop
      vertex 39.0948 -458.744 249.254
      vertex 39.0948 -458.744 251.654
      vertex 39.0148 -459.043 251.654
    endloop
  endfacet
  facet normal 0.90631 -0.422613 0
    outer loop
      vertex 38.8693 -459.586 249.254
      vertex 38.8693 -459.586 251.654
      vertex 38.5009 -460.376 251.654
    endloop
  endfacet
  facet normal 0.819149 -0.573581 0
    outer loop
      vertex 38.5009 -460.376 249.254
      vertex 38.5009 -460.376 251.654
      vertex 38.001 -461.09 251.654
    endloop
  endfacet
  facet normal 0.707107 -0.707107 0
    outer loop
      vertex 38.001 -461.09 249.254
      vertex 38.001 -461.09 251.654
      vertex 37.3847 -461.706 251.654
    endloop
  endfacet
  facet normal 0.573569 -0.819157 0
    outer loop
      vertex 37.3847 -461.706 249.254
      vertex 37.3847 -461.706 251.654
      vertex 36.6708 -462.206 251.654
    endloop
  endfacet
  facet normal 0.422624 -0.906305 0
    outer loop
      vertex 36.6708 -462.206 249.254
      vertex 36.6708 -462.206 251.654
      vertex 35.8809 -462.574 251.654
    endloop
  endfacet
  facet normal 0.258816 -0.965927 0
    outer loop
      vertex 35.8809 -462.574 249.254
      vertex 35.8809 -462.574 251.654
      vertex 35.039 -462.8 251.654
    endloop
  endfacet
  facet normal 0.0871577 -0.996195 0
    outer loop
      vertex 35.039 -462.8 249.254
      vertex 35.039 -462.8 251.654
      vertex 34.1708 -462.876 251.654
    endloop
  endfacet
  facet normal -0.0871577 -0.996195 0
    outer loop
      vertex 34.1708 -462.876 249.254
      vertex 34.1708 -462.876 251.654
      vertex 33.3025 -462.8 251.654
    endloop
  endfacet
  facet normal -0.258822 -0.965925 0
    outer loop
      vertex 33.3025 -462.8 249.254
      vertex 33.3025 -462.8 251.654
      vertex 32.4607 -462.574 251.654
    endloop
  endfacet
  facet normal -0.422617 -0.906308 0
    outer loop
      vertex 32.4607 -462.574 249.254
      vertex 32.4607 -462.574 251.654
      vertex 31.6708 -462.206 251.654
    endloop
  endfacet
  facet normal -0.573578 -0.819151 0
    outer loop
      vertex 31.6708 -462.206 249.254
      vertex 31.6708 -462.206 251.654
      vertex 30.9569 -461.706 251.654
    endloop
  endfacet
  facet normal -0.707107 -0.707107 -0
    outer loop
      vertex 30.9569 -461.706 249.254
      vertex 30.9569 -461.706 251.654
      vertex 30.3406 -461.09 251.654
    endloop
  endfacet
  facet normal -0.819151 -0.573578 -0
    outer loop
      vertex 30.3406 -461.09 249.254
      vertex 30.3406 -461.09 251.654
      vertex 29.8407 -460.376 251.654
    endloop
  endfacet
  facet normal -0.906308 -0.422617 -0
    outer loop
      vertex 29.8407 -460.376 249.254
      vertex 29.8407 -460.376 251.654
      vertex 29.4723 -459.586 251.654
    endloop
  endfacet
  facet normal -0.965927 -0.258815 -0
    outer loop
      vertex 29.4723 -459.586 249.254
      vertex 29.4723 -459.586 251.654
      vertex 29.2467 -458.744 251.654
    endloop
  endfacet
  facet normal -0.996195 -0.0871577 -0
    outer loop
      vertex 29.2467 -458.744 249.254
      vertex 29.2467 -458.744 251.654
      vertex 29.1708 -457.876 251.654
    endloop
  endfacet
  facet normal -0.996195 -0.0871577 -0
    outer loop
      vertex 29.1708 -457.876 251.654
      vertex 29.1708 -457.876 249.254
      vertex 29.2467 -458.744 249.254
    endloop
  endfacet
  facet normal -0.965925 -0.258822 -0
    outer loop
      vertex 29.2467 -458.744 251.654
      vertex 29.2467 -458.744 249.254
      vertex 29.4723 -459.586 249.254
    endloop
  endfacet
  facet normal -0.906308 -0.422617 -0
    outer loop
      vertex 29.4723 -459.586 251.654
      vertex 29.4723 -459.586 249.254
      vertex 29.8407 -460.376 249.254
    endloop
  endfacet
  facet normal -0.819151 -0.573578 -0
    outer loop
      vertex 29.8407 -460.376 251.654
      vertex 29.8407 -460.376 249.254
      vertex 30.3406 -461.09 249.254
    endloop
  endfacet
  facet normal -0.707107 -0.707107 -0
    outer loop
      vertex 30.3406 -461.09 251.654
      vertex 30.3406 -461.09 249.254
      vertex 30.9569 -461.706 249.254
    endloop
  endfacet
  facet normal -0.573576 -0.819153 0
    outer loop
      vertex 30.9569 -461.706 251.654
      vertex 30.9569 -461.706 249.254
      vertex 31.6708 -462.206 249.254
    endloop
  endfacet
  facet normal -0.422617 -0.906308 0
    outer loop
      vertex 31.6708 -462.206 251.654
      vertex 31.6708 -462.206 249.254
      vertex 32.4607 -462.574 249.254
    endloop
  endfacet
  facet normal -0.258822 -0.965925 0
    outer loop
      vertex 32.4607 -462.574 251.654
      vertex 32.4607 -462.574 249.254
      vertex 33.3025 -462.8 249.254
    endloop
  endfacet
  facet normal -0.0871488 -0.996195 0
    outer loop
      vertex 33.3025 -462.8 251.654
      vertex 33.3025 -462.8 249.254
      vertex 34.1708 -462.876 249.254
    endloop
  endfacet
  facet normal 0.0871471 -0.996195 0
    outer loop
      vertex 34.1708 -462.876 251.654
      vertex 34.1708 -462.876 249.254
      vertex 35.039 -462.8 249.254
    endloop
  endfacet
  facet normal 0.258828 -0.965923 0
    outer loop
      vertex 35.039 -462.8 251.654
      vertex 35.039 -462.8 249.254
      vertex 35.8809 -462.574 249.254
    endloop
  endfacet
  facet normal 0.422613 -0.90631 0
    outer loop
      vertex 35.8809 -462.574 251.654
      vertex 35.8809 -462.574 249.254
      vertex 36.6708 -462.206 249.254
    endloop
  endfacet
  facet normal 0.573581 -0.819149 0
    outer loop
      vertex 36.6708 -462.206 251.654
      vertex 36.6708 -462.206 249.254
      vertex 37.3847 -461.706 249.254
    endloop
  endfacet
  facet normal 0.707107 -0.707107 0
    outer loop
      vertex 37.3847 -461.706 251.654
      vertex 37.3847 -461.706 249.254
      vertex 38.001 -461.09 249.254
    endloop
  endfacet
  facet normal 0.819157 -0.573569 0
    outer loop
      vertex 38.001 -461.09 251.654
      vertex 38.001 -461.09 249.254
      vertex 38.5009 -460.376 249.254
    endloop
  endfacet
  facet normal 0.906305 -0.422624 0
    outer loop
      vertex 38.5009 -460.376 251.654
      vertex 38.5009 -460.376 249.254
      vertex 38.8693 -459.586 249.254
    endloop
  endfacet
  facet normal 0.965927 -0.258816 0
    outer loop
      vertex 39.0148 -459.043 251.654
      vertex 38.8693 -459.586 251.654
      vertex 38.8693 -459.586 249.254
    endloop
  endfacet
  facet normal 0.996194 -0.0871606 0
    outer loop
      vertex 39.1127 -458.54 249.254
      vertex 39.1708 -457.876 249.254
      vertex 39.1708 -457.876 251.654
    endloop
  endfacet
  facet normal 1 -9.31323e-07 0
    outer loop
      vertex 39.1708 -452.704 251.654
      vertex 39.1708 -457.876 251.654
      vertex 39.1708 -457.876 249.254
    endloop
  endfacet
  facet normal 1 7.567e-07 0
    outer loop
      vertex 39.1708 -457.876 249.254
      vertex 39.1708 -452.704 249.254
      vertex 39.1708 -452.704 251.654
    endloop
  endfacet
  facet normal 0.76041 -0.649444 0
    outer loop
      vertex 39.7437 -450.941 249.254
      vertex 40.0495 -450.583 249.254
      vertex 40.0495 -450.583 251.654
    endloop
  endfacet
  facet normal 0.852649 -0.522485 0
    outer loop
      vertex 39.4978 -451.342 249.254
      vertex 39.7437 -450.941 249.254
      vertex 39.7437 -450.941 251.654
    endloop
  endfacet
  facet normal 0.923882 -0.382679 0
    outer loop
      vertex 39.3176 -451.777 249.254
      vertex 39.4978 -451.342 249.254
      vertex 39.4978 -451.342 251.654
    endloop
  endfacet
  facet normal 0.972373 -0.233433 0
    outer loop
      vertex 39.2077 -452.235 249.254
      vertex 39.3176 -451.777 249.254
      vertex 39.3176 -451.777 251.654
    endloop
  endfacet
  facet normal 0.996918 -0.0784508 0
    outer loop
      vertex 39.1708 -452.704 249.254
      vertex 39.2077 -452.235 249.254
      vertex 39.2077 -452.235 251.654
    endloop
  endfacet
  facet normal 0.996916 -0.0784704 0
    outer loop
      vertex 39.2077 -452.235 251.654
      vertex 39.1708 -452.704 251.654
      vertex 39.1708 -452.704 249.254
    endloop
  endfacet
  facet normal 0.972368 -0.233454 0
    outer loop
      vertex 39.3176 -451.777 251.654
      vertex 39.2077 -452.235 251.654
      vertex 39.2077 -452.235 249.254
    endloop
  endfacet
  facet normal 0.923882 -0.382679 0
    outer loop
      vertex 39.4978 -451.342 251.654
      vertex 39.3176 -451.777 251.654
      vertex 39.3176 -451.777 249.254
    endloop
  endfacet
  facet normal 0.852622 -0.522528 0
    outer loop
      vertex 39.7437 -450.941 251.654
      vertex 39.4978 -451.342 251.654
      vertex 39.4978 -451.342 249.254
    endloop
  endfacet
  facet normal 0.76041 -0.649444 0
    outer loop
      vertex 40.0495 -450.583 251.654
      vertex 39.7437 -450.941 251.654
      vertex 39.7437 -450.941 249.254
    endloop
  endfacet
  facet normal 0.766043 0.64279 0
    outer loop
      vertex 64.1791 -419.382 249.254
      vertex 64.1791 -419.382 251.654
      vertex 64.7394 -420.05 251.654
    endloop
  endfacet
  facet normal 0.866027 0.499996 0
    outer loop
      vertex 64.7394 -420.05 249.254
      vertex 64.7394 -420.05 251.654
      vertex 65.1751 -420.805 251.654
    endloop
  endfacet
  facet normal 0.939691 0.342023 0
    outer loop
      vertex 65.1751 -420.805 249.254
      vertex 65.1751 -420.805 251.654
      vertex 65.4732 -421.624 251.654
    endloop
  endfacet
  facet normal 0.984806 0.173655 0
    outer loop
      vertex 65.4732 -421.624 249.254
      vertex 65.4732 -421.624 251.654
      vertex 65.6246 -422.482 251.654
    endloop
  endfacet
  facet normal 1 2.79397e-06 0
    outer loop
      vertex 65.6246 -422.482 249.254
      vertex 65.6246 -422.482 251.654
      vertex 65.6246 -423.354 251.654
    endloop
  endfacet
  facet normal 0.984806 -0.173658 0
    outer loop
      vertex 65.6246 -423.354 249.254
      vertex 65.6246 -423.354 251.654
      vertex 65.4732 -424.212 251.654
    endloop
  endfacet
  facet normal 0.939692 -0.342023 0
    outer loop
      vertex 65.4732 -424.212 249.254
      vertex 65.4732 -424.212 251.654
      vertex 65.1751 -425.031 251.654
    endloop
  endfacet
  facet normal 0.866027 -0.499997 0
    outer loop
      vertex 65.1751 -425.031 249.254
      vertex 65.1751 -425.031 251.654
      vertex 64.7394 -425.786 251.654
    endloop
  endfacet
  facet normal 0.766053 -0.642777 0
    outer loop
      vertex 64.7394 -425.786 249.254
      vertex 64.7394 -425.786 251.654
      vertex 64.1791 -426.453 251.654
    endloop
  endfacet
  facet normal 0.766035 -0.642798 0
    outer loop
      vertex 64.1791 -426.453 251.654
      vertex 64.1791 -426.453 249.254
      vertex 64.7394 -425.786 249.254
    endloop
  endfacet
  facet normal 0.866021 -0.500008 0
    outer loop
      vertex 64.7394 -425.786 251.654
      vertex 64.7394 -425.786 249.254
      vertex 65.1751 -425.031 249.254
    endloop
  endfacet
  facet normal 0.939696 -0.342011 0
    outer loop
      vertex 65.1751 -425.031 251.654
      vertex 65.1751 -425.031 249.254
      vertex 65.4732 -424.212 249.254
    endloop
  endfacet
  facet normal 0.984808 -0.173647 0
    outer loop
      vertex 65.4732 -424.212 251.654
      vertex 65.4732 -424.212 249.254
      vertex 65.6246 -423.354 249.254
    endloop
  endfacet
  facet normal 1 2.79397e-06 0
    outer loop
      vertex 65.6246 -423.354 251.654
      vertex 65.6246 -423.354 249.254
      vertex 65.6246 -422.482 249.254
    endloop
  endfacet
  facet normal 0.984809 0.17364 0
    outer loop
      vertex 65.6246 -422.482 251.654
      vertex 65.6246 -422.482 249.254
      vertex 65.4732 -421.624 249.254
    endloop
  endfacet
  facet normal 0.939694 0.342018 0
    outer loop
      vertex 65.4732 -421.624 251.654
      vertex 65.4732 -421.624 249.254
      vertex 65.1751 -420.805 249.254
    endloop
  endfacet
  facet normal 0.866026 0.499999 0
    outer loop
      vertex 65.1751 -420.805 251.654
      vertex 65.1751 -420.805 249.254
      vertex 64.7394 -420.05 249.254
    endloop
  endfacet
  facet normal 0.766043 0.64279 0
    outer loop
      vertex 64.7394 -420.05 251.654
      vertex 64.7394 -420.05 249.254
      vertex 64.1791 -419.382 249.254
    endloop
  endfacet
  facet normal 0.707107 0.707107 -5.02483e-07
    outer loop
      vertex 64.1791 -419.382 249.254
      vertex 60.9795 -416.183 249.254
      vertex 61.28 -416.483 251.654
    endloop
  endfacet
  facet normal 0.707107 0.707107 0
    outer loop
      vertex 61.28 -416.483 251.654
      vertex 60.9795 -416.183 249.254
      vertex 50.037 -405.24 249.254
    endloop
  endfacet
  facet normal 0.707107 0.707107 0
    outer loop
      vertex 50.037 -405.24 249.254
      vertex 49.7365 -404.94 251.654
      vertex 61.28 -416.483 251.654
    endloop
  endfacet
  facet normal 0.707107 0.707107 0
    outer loop
      vertex 42.7892 -397.992 249.254
      vertex 43.0897 -398.293 251.654
      vertex 49.7365 -404.94 251.654
    endloop
  endfacet
  facet normal 0.707107 0.707107 2.36617e-06
    outer loop
      vertex 49.7365 -404.94 251.654
      vertex 50.037 -405.24 249.254
      vertex 42.7892 -397.992 249.254
    endloop
  endfacet
  facet normal 0.707107 0.707107 0
    outer loop
      vertex 43.0897 -398.293 251.654
      vertex 42.7892 -397.992 249.254
      vertex 33.0841 -388.287 249.254
    endloop
  endfacet
  facet normal 0.707107 0.707107 -1.66403e-06
    outer loop
      vertex 33.0841 -388.287 249.254
      vertex 32.7836 -387.987 251.654
      vertex 43.0897 -398.293 251.654
    endloop
  endfacet
  facet normal 0.707107 0.707107 -1.33357e-07
    outer loop
      vertex 33.0841 -388.287 249.254
      vertex 21.028 -376.231 249.254
      vertex 21.3285 -376.532 251.654
    endloop
  endfacet
  facet normal 0.707107 0.707107 -1.40354e-07
    outer loop
      vertex 21.3285 -376.532 251.654
      vertex 32.7836 -387.987 251.654
      vertex 33.0841 -388.287 249.254
    endloop
  endfacet
  facet normal 0.707107 0.707107 -1.50802e-06
    outer loop
      vertex 11.0224 -366.226 251.654
      vertex 21.3285 -376.532 251.654
      vertex 21.028 -376.231 249.254
    endloop
  endfacet
  facet normal 0.707107 0.707107 1.65664e-07
    outer loop
      vertex 21.028 -376.231 249.254
      vertex 11.3229 -366.526 249.254
      vertex 11.0224 -366.226 251.654
    endloop
  endfacet
  facet normal 0.707107 0.707107 0
    outer loop
      vertex 4.07506 -359.278 249.254
      vertex 4.37558 -359.579 251.654
      vertex 11.0224 -366.226 251.654
    endloop
  endfacet
  facet normal 0.707107 0.707107 0
    outer loop
      vertex 11.0224 -366.226 251.654
      vertex 11.3229 -366.526 249.254
      vertex 4.07506 -359.278 249.254
    endloop
  endfacet
  facet normal 0.707107 0.707107 0
    outer loop
      vertex 4.37558 -359.579 251.654
      vertex 4.07506 -359.278 249.254
      vertex -6.86742 -348.336 249.254
    endloop
  endfacet
  facet normal 0.707107 0.707107 0
    outer loop
      vertex -6.86742 -348.336 249.254
      vertex -7.16794 -348.035 251.654
      vertex 4.37558 -359.579 251.654
    endloop
  endfacet
  facet normal 0.707107 0.707107 0
    outer loop
      vertex -10.0667 -345.137 249.254
      vertex -10.0667 -345.137 251.654
      vertex -7.16794 -348.035 251.654
    endloop
  endfacet
  facet normal 0.707107 0.707107 2.68026e-06
    outer loop
      vertex -7.16794 -348.035 251.654
      vertex -6.86742 -348.336 249.254
      vertex -10.0667 -345.137 249.254
    endloop
  endfacet
  facet normal 0.707107 0.707107 0
    outer loop
      vertex 61.28 -416.483 251.654
      vertex 64.1791 -419.382 251.654
      vertex 64.1791 -419.382 249.254
    endloop
  endfacet
  facet normal -0.649476 0.760382 0
    outer loop
      vertex -17.1378 -345.137 249.254
      vertex -17.1378 -345.137 251.654
      vertex -16.5412 -344.627 251.654
    endloop
  endfacet
  facet normal -0.522515 0.85263 0
    outer loop
      vertex -16.5412 -344.627 249.254
      vertex -16.5412 -344.627 251.654
      vertex -15.8723 -344.217 251.654
    endloop
  endfacet
  facet normal -0.382701 0.923872 0
    outer loop
      vertex -15.8723 -344.217 249.254
      vertex -15.8723 -344.217 251.654
      vertex -15.1474 -343.917 251.654
    endloop
  endfacet
  facet normal -0.233468 0.972365 0
    outer loop
      vertex -15.1474 -343.917 249.254
      vertex -15.1474 -343.917 251.654
      vertex -14.3845 -343.734 251.654
    endloop
  endfacet
  facet normal -0.0784791 0.996916 0
    outer loop
      vertex -14.3845 -343.734 249.254
      vertex -14.3845 -343.734 251.654
      vertex -13.6023 -343.672 251.654
    endloop
  endfacet
  facet normal 0.0784504 0.996918 0
    outer loop
      vertex -13.6023 -343.672 249.254
      vertex -13.6023 -343.672 251.654
      vertex -12.8201 -343.734 251.654
    endloop
  endfacet
  facet normal 0.233433 0.972373 0
    outer loop
      vertex -12.8201 -343.734 249.254
      vertex -12.8201 -343.734 251.654
      vertex -12.0572 -343.917 251.654
    endloop
  endfacet
  facet normal 0.382676 0.923883 0
    outer loop
      vertex -12.0572 -343.917 249.254
      vertex -12.0572 -343.917 251.654
      vertex -11.3323 -344.217 251.654
    endloop
  endfacet
  facet normal 0.522494 0.852643 0
    outer loop
      vertex -11.3323 -344.217 249.254
      vertex -11.3323 -344.217 251.654
      vertex -10.6633 -344.627 251.654
    endloop
  endfacet
  facet normal 0.649446 0.760407 0
    outer loop
      vertex -10.6633 -344.627 249.254
      vertex -10.6633 -344.627 251.654
      vertex -10.0667 -345.137 251.654
    endloop
  endfacet
  facet normal 0.649447 0.760407 0
    outer loop
      vertex -10.0667 -345.137 251.654
      vertex -10.0667 -345.137 249.254
      vertex -10.6633 -344.627 249.254
    endloop
  endfacet
  facet normal 0.522497 0.852641 0
    outer loop
      vertex -10.6633 -344.627 251.654
      vertex -10.6633 -344.627 249.254
      vertex -11.3323 -344.217 249.254
    endloop
  endfacet
  facet normal 0.382676 0.923883 0
    outer loop
      vertex -11.3323 -344.217 251.654
      vertex -11.3323 -344.217 249.254
      vertex -12.0572 -343.917 249.254
    endloop
  endfacet
  facet normal 0.233441 0.972371 0
    outer loop
      vertex -12.0572 -343.917 251.654
      vertex -12.0572 -343.917 249.254
      vertex -12.8201 -343.734 249.254
    endloop
  endfacet
  facet normal 0.0784504 0.996918 0
    outer loop
      vertex -12.8201 -343.734 251.654
      vertex -12.8201 -343.734 249.254
      vertex -13.6023 -343.672 249.254
    endloop
  endfacet
  facet normal -0.0784791 0.996916 0
    outer loop
      vertex -13.6023 -343.672 251.654
      vertex -13.6023 -343.672 249.254
      vertex -14.3845 -343.734 249.254
    endloop
  endfacet
  facet normal -0.233468 0.972365 0
    outer loop
      vertex -14.3845 -343.734 251.654
      vertex -14.3845 -343.734 249.254
      vertex -15.1474 -343.917 249.254
    endloop
  endfacet
  facet normal -0.382701 0.923872 0
    outer loop
      vertex -15.1474 -343.917 251.654
      vertex -15.1474 -343.917 249.254
      vertex -15.8723 -344.217 249.254
    endloop
  endfacet
  facet normal -0.522528 0.852622 0
    outer loop
      vertex -15.8723 -344.217 251.654
      vertex -15.8723 -344.217 249.254
      vertex -16.5412 -344.627 249.254
    endloop
  endfacet
  facet normal -0.649465 0.760392 0
    outer loop
      vertex -16.5412 -344.627 251.654
      vertex -16.5412 -344.627 249.254
      vertex -17.1378 -345.137 249.254
    endloop
  endfacet
  facet normal -0.0784511 0.996918 0
    outer loop
      vertex -42.9176 -370.108 249.254
      vertex -43.3869 -370.144 249.254
      vertex -43.3869 -370.144 251.654
    endloop
  endfacet
  facet normal -0.233451 0.972369 0
    outer loop
      vertex -42.4598 -369.998 249.254
      vertex -42.9176 -370.108 249.254
      vertex -42.9176 -370.108 251.654
    endloop
  endfacet
  facet normal -0.382693 0.923876 0
    outer loop
      vertex -42.0249 -369.817 249.254
      vertex -42.4598 -369.998 249.254
      vertex -42.4598 -369.998 251.654
    endloop
  endfacet
  facet normal -0.522514 0.852631 0
    outer loop
      vertex -41.6235 -369.571 249.254
      vertex -42.0249 -369.817 249.254
      vertex -42.0249 -369.817 251.654
    endloop
  endfacet
  facet normal -0.649466 0.760391 0
    outer loop
      vertex -41.2655 -369.266 249.254
      vertex -41.6235 -369.571 249.254
      vertex -41.6235 -369.571 251.654
    endloop
  endfacet
  facet normal -0.649466 0.760391 0
    outer loop
      vertex -41.6235 -369.571 251.654
      vertex -41.2655 -369.266 251.654
      vertex -41.2655 -369.266 249.254
    endloop
  endfacet
  facet normal -0.522536 0.852617 0
    outer loop
      vertex -42.0249 -369.817 251.654
      vertex -41.6235 -369.571 251.654
      vertex -41.6235 -369.571 249.254
    endloop
  endfacet
  facet normal -0.382693 0.923876 0
    outer loop
      vertex -42.4598 -369.998 251.654
      vertex -42.0249 -369.817 251.654
      vertex -42.0249 -369.817 249.254
    endloop
  endfacet
  facet normal -0.233451 0.972369 0
    outer loop
      vertex -42.9176 -370.108 251.654
      vertex -42.4598 -369.998 251.654
      vertex -42.4598 -369.998 249.254
    endloop
  endfacet
  facet normal -0.0784707 0.996916 0
    outer loop
      vertex -43.3869 -370.144 251.654
      vertex -42.9176 -370.108 251.654
      vertex -42.9176 -370.108 249.254
    endloop
  endfacet
  facet normal -8.73115e-07 1 0
    outer loop
      vertex -43.3869 -370.144 251.654
      vertex -43.3869 -370.144 249.254
      vertex -48.2983 -370.144 249.254
    endloop
  endfacet
  facet normal 6.92671e-06 1 0
    outer loop
      vertex -48.2983 -370.144 251.654
      vertex -48.2983 -370.144 249.254
      vertex -48.5607 -370.144 249.254
    endloop
  endfacet
  facet normal 6.92671e-06 1 0
    outer loop
      vertex -48.5607 -370.144 249.254
      vertex -48.5607 -370.144 251.654
      vertex -48.2983 -370.144 251.654
    endloop
  endfacet
  facet normal -8.73115e-07 1 0
    outer loop
      vertex -48.2983 -370.144 249.254
      vertex -48.2983 -370.144 251.654
      vertex -43.3869 -370.144 251.654
    endloop
  endfacet
  facet normal -0.996195 0.0871471 -0
    outer loop
      vertex -53.5607 -375.144 249.254
      vertex -53.5607 -375.144 251.654
      vertex -53.4847 -374.276 251.654
    endloop
  endfacet
  facet normal -0.965923 0.258828 -0
    outer loop
      vertex -53.4847 -374.276 249.254
      vertex -53.4847 -374.276 251.654
      vertex -53.2592 -373.434 251.654
    endloop
  endfacet
  facet normal -0.90631 0.422613 -0
    outer loop
      vertex -53.2592 -373.434 249.254
      vertex -53.2592 -373.434 251.654
      vertex -52.8908 -372.644 251.654
    endloop
  endfacet
  facet normal -0.819149 0.573581 -0
    outer loop
      vertex -52.8908 -372.644 249.254
      vertex -52.8908 -372.644 251.654
      vertex -52.3909 -371.931 251.654
    endloop
  endfacet
  facet normal -0.707107 0.707107 -0
    outer loop
      vertex -52.3909 -371.931 249.254
      vertex -52.3909 -371.931 251.654
      vertex -51.7746 -371.314 251.654
    endloop
  endfacet
  facet normal -0.573569 0.819157 0
    outer loop
      vertex -51.7746 -371.314 249.254
      vertex -51.7746 -371.314 251.654
      vertex -51.0607 -370.814 251.654
    endloop
  endfacet
  facet normal -0.422624 0.906305 0
    outer loop
      vertex -51.0607 -370.814 249.254
      vertex -51.0607 -370.814 251.654
      vertex -50.2708 -370.446 251.654
    endloop
  endfacet
  facet normal -0.258834 0.965922 0
    outer loop
      vertex -50.2708 -370.446 249.254
      vertex -50.2708 -370.446 251.654
      vertex -49.7277 -370.3 251.654
    endloop
  endfacet
  facet normal -0.258805 0.96593 4.348e-07
    outer loop
      vertex -49.7277 -370.3 251.654
      vertex -49.4289 -370.22 249.254
      vertex -50.2708 -370.446 249.254
    endloop
  endfacet
  facet normal -0.0871606 0.996194 0
    outer loop
      vertex -48.5607 -370.144 251.654
      vertex -48.5607 -370.144 249.254
      vertex -49.2246 -370.203 249.254
    endloop
  endfacet
  facet normal -0.087157 0.996195 4.34804e-07
    outer loop
      vertex -49.2246 -370.203 249.254
      vertex -49.4289 -370.22 251.654
      vertex -48.5607 -370.144 251.654
    endloop
  endfacet
  facet normal -0.0871001 0.9962 0
    outer loop
      vertex -49.2246 -370.203 249.254
      vertex -49.4289 -370.22 249.254
      vertex -49.4289 -370.22 251.654
    endloop
  endfacet
  facet normal -0.258851 0.965917 0
    outer loop
      vertex -49.7277 -370.3 251.654
      vertex -49.4289 -370.22 251.654
      vertex -49.4289 -370.22 249.254
    endloop
  endfacet
  facet normal -0.422613 0.90631 0
    outer loop
      vertex -50.2708 -370.446 251.654
      vertex -50.2708 -370.446 249.254
      vertex -51.0607 -370.814 249.254
    endloop
  endfacet
  facet normal -0.573581 0.819149 0
    outer loop
      vertex -51.0607 -370.814 251.654
      vertex -51.0607 -370.814 249.254
      vertex -51.7746 -371.314 249.254
    endloop
  endfacet
  facet normal -0.707107 0.707107 -0
    outer loop
      vertex -51.7746 -371.314 251.654
      vertex -51.7746 -371.314 249.254
      vertex -52.3909 -371.931 249.254
    endloop
  endfacet
  facet normal -0.819157 0.573569 -0
    outer loop
      vertex -52.3909 -371.931 251.654
      vertex -52.3909 -371.931 249.254
      vertex -52.8908 -372.644 249.254
    endloop
  endfacet
  facet normal -0.906305 0.422624 -0
    outer loop
      vertex -52.8908 -372.644 251.654
      vertex -52.8908 -372.644 249.254
      vertex -53.2592 -373.434 249.254
    endloop
  endfacet
  facet normal -0.965927 0.258816 -0
    outer loop
      vertex -53.2592 -373.434 251.654
      vertex -53.2592 -373.434 249.254
      vertex -53.4847 -374.276 249.254
    endloop
  endfacet
  facet normal -0.996195 0.0871577 -0
    outer loop
      vertex -53.4847 -374.276 251.654
      vertex -53.4847 -374.276 249.254
      vertex -53.5607 -375.144 249.254
    endloop
  endfacet
  facet normal -1 9.31323e-07 -0
    outer loop
      vertex -53.5607 -380.319 251.654
      vertex -53.5607 -375.407 251.654
      vertex -53.5607 -375.407 249.254
    endloop
  endfacet
  facet normal -1 -6.92671e-06 -0
    outer loop
      vertex -53.5607 -375.144 249.254
      vertex -53.5607 -375.407 249.254
      vertex -53.5607 -375.407 251.654
    endloop
  endfacet
  facet normal -1 -6.92671e-06 -0
    outer loop
      vertex -53.5607 -375.407 251.654
      vertex -53.5607 -375.144 251.654
      vertex -53.5607 -375.144 249.254
    endloop
  endfacet
  facet normal -1 -8.73115e-07 -0
    outer loop
      vertex -53.5607 -375.407 249.254
      vertex -53.5607 -380.319 249.254
      vertex -53.5607 -380.319 251.654
    endloop
  endfacet
  facet normal -0.760428 0.649422 -0
    outer loop
      vertex -54.1336 -382.082 249.254
      vertex -54.4393 -382.44 249.254
      vertex -54.4393 -382.44 251.654
    endloop
  endfacet
  facet normal -0.852641 0.522498 -0
    outer loop
      vertex -53.8877 -381.681 249.254
      vertex -54.1336 -382.082 249.254
      vertex -54.1336 -382.082 251.654
    endloop
  endfacet
  facet normal -0.923885 0.38267 -0
    outer loop
      vertex -53.7075 -381.246 251.654
      vertex -53.7075 -381.246 249.254
      vertex -53.8533 -381.598 249.254
    endloop
  endfacet
  facet normal -0.923887 0.382664 -0
    outer loop
      vertex -53.8533 -381.598 249.254
      vertex -53.8877 -381.681 251.654
      vertex -53.7075 -381.246 251.654
    endloop
  endfacet
  facet normal -0.972372 0.233435 1.20754e-06
    outer loop
      vertex -53.5976 -380.788 249.254
      vertex -53.7075 -381.246 249.254
      vertex -53.6875 -381.163 251.654
    endloop
  endfacet
  facet normal -0.972373 0.233432 -0
    outer loop
      vertex -53.7075 -381.246 249.254
      vertex -53.7075 -381.246 251.654
      vertex -53.6875 -381.163 251.654
    endloop
  endfacet
  facet normal -0.996918 0.0784505 -0
    outer loop
      vertex -53.5607 -380.319 249.254
      vertex -53.5976 -380.788 249.254
      vertex -53.5976 -380.788 251.654
    endloop
  endfacet
  facet normal -0.996916 0.07847 -0
    outer loop
      vertex -53.5976 -380.788 251.654
      vertex -53.5607 -380.319 251.654
      vertex -53.5607 -380.319 249.254
    endloop
  endfacet
  facet normal -0.972372 0.233435 -0
    outer loop
      vertex -53.6875 -381.163 251.654
      vertex -53.5976 -380.788 251.654
      vertex -53.5976 -380.788 249.254
    endloop
  endfacet
  facet normal -0.923897 0.382642 -0
    outer loop
      vertex -53.8533 -381.598 249.254
      vertex -53.8877 -381.681 249.254
      vertex -53.8877 -381.681 251.654
    endloop
  endfacet
  facet normal -0.852654 0.522477 -0
    outer loop
      vertex -54.1336 -382.082 251.654
      vertex -53.8877 -381.681 251.654
      vertex -53.8877 -381.681 249.254
    endloop
  endfacet
  facet normal -0.760428 0.649422 -0
    outer loop
      vertex -54.4393 -382.44 251.654
      vertex -54.1336 -382.082 251.654
      vertex -54.1336 -382.082 249.254
    endloop
  endfacet
  facet normal -0.707127 0.707086 -0
    outer loop
      vertex -60.9771 -388.978 251.654
      vertex -54.4393 -382.44 251.654
      vertex -54.4393 -382.44 249.254
    endloop
  endfacet
  facet normal -0.707127 0.707086 -0
    outer loop
      vertex -54.4393 -382.44 249.254
      vertex -60.9771 -388.978 249.254
      vertex -60.9771 -388.978 251.654
    endloop
  endfacet
  facet normal -0.766042 -0.64279 -0
    outer loop
      vertex -60.9771 -393.221 249.254
      vertex -60.9771 -393.221 251.654
      vertex -61.3132 -392.82 251.654
    endloop
  endfacet
  facet normal -0.866022 -0.500006 -0
    outer loop
      vertex -61.3132 -392.82 249.254
      vertex -61.3132 -392.82 251.654
      vertex -61.5747 -392.368 251.654
    endloop
  endfacet
  facet normal -0.939688 -0.342034 -0
    outer loop
      vertex -61.5747 -392.368 249.254
      vertex -61.5747 -392.368 251.654
      vertex -61.7535 -391.876 251.654
    endloop
  endfacet
  facet normal -0.984807 -0.173651 -0
    outer loop
      vertex -61.7535 -391.876 249.254
      vertex -61.7535 -391.876 251.654
      vertex -61.8443 -391.361 251.654
    endloop
  endfacet
  facet normal -1 -2.04309e-05 -0
    outer loop
      vertex -61.8443 -391.361 249.254
      vertex -61.8443 -391.361 251.654
      vertex -61.8443 -390.838 251.654
    endloop
  endfacet
  facet normal -0.984809 0.173639 -0
    outer loop
      vertex -61.8443 -390.838 249.254
      vertex -61.8443 -390.838 251.654
      vertex -61.7535 -390.323 251.654
    endloop
  endfacet
  facet normal -0.9397 0.341999 -0
    outer loop
      vertex -61.7535 -390.323 249.254
      vertex -61.7535 -390.323 251.654
      vertex -61.5747 -389.832 251.654
    endloop
  endfacet
  facet normal -0.866039 0.499977 -0
    outer loop
      vertex -61.5747 -389.832 249.254
      vertex -61.5747 -389.832 251.654
      vertex -61.3133 -389.379 251.654
    endloop
  endfacet
  facet normal -0.766069 0.642758 -0
    outer loop
      vertex -61.3133 -389.379 249.254
      vertex -61.3133 -389.379 251.654
      vertex -60.9771 -388.978 251.654
    endloop
  endfacet
  facet normal -0.766054 0.642776 -0
    outer loop
      vertex -60.9771 -388.978 251.654
      vertex -60.9771 -388.978 249.254
      vertex -61.3133 -389.379 249.254
    endloop
  endfacet
  facet normal -0.866039 0.499977 -0
    outer loop
      vertex -61.3133 -389.379 251.654
      vertex -61.3133 -389.379 249.254
      vertex -61.5747 -389.832 249.254
    endloop
  endfacet
  facet normal -0.9397 0.341999 -0
    outer loop
      vertex -61.5747 -389.832 251.654
      vertex -61.5747 -389.832 249.254
      vertex -61.7535 -390.323 249.254
    endloop
  endfacet
  facet normal -0.984813 0.17362 -0
    outer loop
      vertex -61.7535 -390.323 251.654
      vertex -61.7535 -390.323 249.254
      vertex -61.8443 -390.838 249.254
    endloop
  endfacet
  facet normal -1 -4.07454e-06 -0
    outer loop
      vertex -61.8443 -390.838 251.654
      vertex -61.8443 -390.838 249.254
      vertex -61.8443 -391.361 249.254
    endloop
  endfacet
  facet normal -0.984805 -0.173664 -0
    outer loop
      vertex -61.8443 -391.361 251.654
      vertex -61.8443 -391.361 249.254
      vertex -61.7535 -391.876 249.254
    endloop
  endfacet
  facet normal -0.939691 -0.342024 -0
    outer loop
      vertex -61.7535 -391.876 251.654
      vertex -61.7535 -391.876 249.254
      vertex -61.5747 -392.368 249.254
    endloop
  endfacet
  facet normal -0.866025 -0.500001 -0
    outer loop
      vertex -61.5747 -392.368 251.654
      vertex -61.5747 -392.368 249.254
      vertex -61.3132 -392.82 249.254
    endloop
  endfacet
  facet normal -0.766044 -0.642789 -0
    outer loop
      vertex -61.3132 -392.82 251.654
      vertex -61.3132 -392.82 249.254
      vertex -60.9771 -393.221 249.254
    endloop
  endfacet
  facet normal -0.707107 -0.707107 -0
    outer loop
      vertex -28.0983 -426.1 249.254
      vertex -28.0983 -426.1 251.654
      vertex -28.169 -426.029 251.654
    endloop
  endfacet
  facet normal -0.707107 -0.707107 -8.32013e-07
    outer loop
      vertex -28.169 -426.029 251.654
      vertex -38.4751 -415.723 251.654
      vertex -38.1745 -416.024 249.254
    endloop
  endfacet
  facet normal -0.707107 -0.707107 -8.83541e-07
    outer loop
      vertex -38.1745 -416.024 249.254
      vertex -28.4695 -425.729 249.254
      vertex -28.169 -426.029 251.654
    endloop
  endfacet
  facet normal -0.707107 -0.707107 -1.18308e-06
    outer loop
      vertex -45.4224 -408.776 249.254
      vertex -38.1745 -416.024 249.254
      vertex -38.4751 -415.723 251.654
    endloop
  endfacet
  facet normal -0.707107 -0.707107 1.29006e-06
    outer loop
      vertex -38.4751 -415.723 251.654
      vertex -45.1219 -409.076 251.654
      vertex -45.4224 -408.776 249.254
    endloop
  endfacet
  facet normal -0.707107 -0.707107 -7.42823e-07
    outer loop
      vertex -45.1219 -409.076 251.654
      vertex -56.6654 -397.533 251.654
      vertex -56.3649 -397.833 249.254
    endloop
  endfacet
  facet normal -0.707107 -0.707107 2.35088e-06
    outer loop
      vertex -56.3649 -397.833 249.254
      vertex -45.4224 -408.776 249.254
      vertex -45.1219 -409.076 251.654
    endloop
  endfacet
  facet normal -0.707107 -0.707107 -0
    outer loop
      vertex -60.9771 -393.221 249.254
      vertex -56.3649 -397.833 249.254
      vertex -56.6654 -397.533 251.654
    endloop
  endfacet
  facet normal -0.707107 -0.707107 -0
    outer loop
      vertex -56.6654 -397.533 251.654
      vertex -60.9771 -393.221 251.654
      vertex -60.9771 -393.221 249.254
    endloop
  endfacet
  facet normal -0.707107 -0.707107 -0
    outer loop
      vertex -28.169 -426.029 251.654
      vertex -28.4695 -425.729 249.254
      vertex -28.0983 -426.1 249.254
    endloop
  endfacet
  facet normal -0.766044 0.642788 -0
    outer loop
      vertex -27.7622 -429.942 249.254
      vertex -28.0983 -430.342 249.254
      vertex -28.0983 -430.342 251.654
    endloop
  endfacet
  facet normal -0.866026 0.499998 -0
    outer loop
      vertex -27.5007 -429.489 249.254
      vertex -27.7622 -429.942 249.254
      vertex -27.7622 -429.942 251.654
    endloop
  endfacet
  facet normal -0.939692 0.34202 -0
    outer loop
      vertex -27.3218 -428.998 249.254
      vertex -27.5007 -429.489 249.254
      vertex -27.5007 -429.489 251.654
    endloop
  endfacet
  facet normal -0.984808 0.173648 -0
    outer loop
      vertex -27.231 -428.483 249.254
      vertex -27.3218 -428.998 249.254
      vertex -27.3218 -428.998 251.654
    endloop
  endfacet
  facet normal -1 -2.21189e-06 -0
    outer loop
      vertex -27.231 -427.96 249.254
      vertex -27.231 -428.483 249.254
      vertex -27.231 -428.483 251.654
    endloop
  endfacet
  facet normal -0.984808 -0.173644 -0
    outer loop
      vertex -27.3218 -427.445 249.254
      vertex -27.231 -427.96 249.254
      vertex -27.231 -427.96 251.654
    endloop
  endfacet
  facet normal -0.939691 -0.342025 -0
    outer loop
      vertex -27.5007 -426.953 249.254
      vertex -27.3218 -427.445 249.254
      vertex -27.3218 -427.445 251.654
    endloop
  endfacet
  facet normal -0.866027 -0.499997 -0
    outer loop
      vertex -27.7622 -426.5 249.254
      vertex -27.5007 -426.953 249.254
      vertex -27.5007 -426.953 251.654
    endloop
  endfacet
  facet normal -0.766043 -0.64279 -0
    outer loop
      vertex -28.0983 -426.1 249.254
      vertex -27.7622 -426.5 249.254
      vertex -27.7622 -426.5 251.654
    endloop
  endfacet
  facet normal -0.766043 -0.64279 -0
    outer loop
      vertex -27.7622 -426.5 251.654
      vertex -28.0983 -426.1 251.654
      vertex -28.0983 -426.1 249.254
    endloop
  endfacet
  facet normal -0.866027 -0.499997 -0
    outer loop
      vertex -27.5007 -426.953 251.654
      vertex -27.7622 -426.5 251.654
      vertex -27.7622 -426.5 249.254
    endloop
  endfacet
  facet normal -0.939691 -0.342024 -0
    outer loop
      vertex -27.3218 -427.445 251.654
      vertex -27.5007 -426.953 251.654
      vertex -27.5007 -426.953 249.254
    endloop
  endfacet
  facet normal -0.984808 -0.173644 -0
    outer loop
      vertex -27.231 -427.96 251.654
      vertex -27.3218 -427.445 251.654
      vertex -27.3218 -427.445 249.254
    endloop
  endfacet
  facet normal -1 -2.21189e-06 -0
    outer loop
      vertex -27.231 -428.483 251.654
      vertex -27.231 -427.96 251.654
      vertex -27.231 -427.96 249.254
    endloop
  endfacet
  facet normal -0.984808 0.173648 -0
    outer loop
      vertex -27.3218 -428.998 251.654
      vertex -27.231 -428.483 251.654
      vertex -27.231 -428.483 249.254
    endloop
  endfacet
  facet normal -0.939692 0.34202 -0
    outer loop
      vertex -27.5007 -429.489 251.654
      vertex -27.3218 -428.998 251.654
      vertex -27.3218 -428.998 249.254
    endloop
  endfacet
  facet normal -0.866025 0.500001 -0
    outer loop
      vertex -27.7622 -429.942 251.654
      vertex -27.5007 -429.489 251.654
      vertex -27.5007 -429.489 249.254
    endloop
  endfacet
  facet normal -0.766044 0.642788 -0
    outer loop
      vertex -28.0983 -430.342 251.654
      vertex -27.7622 -429.942 251.654
      vertex -27.7622 -429.942 249.254
    endloop
  endfacet
  facet normal -0.707107 0.707107 -0
    outer loop
      vertex -40.1191 -442.363 249.254
      vertex -40.1191 -442.363 251.654
      vertex -31.5631 -433.807 251.654
    endloop
  endfacet
  facet normal -0.707107 0.707107 -0
    outer loop
      vertex -28.0983 -430.342 251.654
      vertex -28.0983 -430.342 249.254
      vertex -31.2626 -433.507 249.254
    endloop
  endfacet
  facet normal -0.707107 0.707107 -0
    outer loop
      vertex -31.2626 -433.507 249.254
      vertex -31.5631 -433.807 251.654
      vertex -28.0983 -430.342 251.654
    endloop
  endfacet
  facet normal -0.707107 0.707107 -0
    outer loop
      vertex -31.5631 -433.807 251.654
      vertex -31.2626 -433.507 249.254
      vertex -40.1191 -442.363 249.254
    endloop
  endfacet
  facet normal -0.760403 -0.649452 -0
    outer loop
      vertex -40.1191 -446.606 249.254
      vertex -40.1191 -446.606 251.654
      vertex -40.4248 -446.248 251.654
    endloop
  endfacet
  facet normal -0.852641 -0.522498 -0
    outer loop
      vertex -40.4248 -446.248 249.254
      vertex -40.4248 -446.248 251.654
      vertex -40.6708 -445.847 251.654
    endloop
  endfacet
  facet normal -0.923881 -0.382681 -0
    outer loop
      vertex -40.6708 -445.847 249.254
      vertex -40.6708 -445.847 251.654
      vertex -40.851 -445.412 251.654
    endloop
  endfacet
  facet normal -0.97237 -0.233443 -0
    outer loop
      vertex -40.851 -445.412 249.254
      vertex -40.851 -445.412 251.654
      vertex -40.9609 -444.954 251.654
    endloop
  endfacet
  facet normal -0.996917 -0.0784583 -0
    outer loop
      vertex -40.9609 -444.954 249.254
      vertex -40.9609 -444.954 251.654
      vertex -40.9978 -444.485 251.654
    endloop
  endfacet
  facet normal -0.996917 0.0784574 -0
    outer loop
      vertex -40.9978 -444.485 249.254
      vertex -40.9978 -444.485 251.654
      vertex -40.9609 -444.015 251.654
    endloop
  endfacet
  facet normal -0.972369 0.233448 -0
    outer loop
      vertex -40.9609 -444.015 249.254
      vertex -40.9609 -444.015 251.654
      vertex -40.851 -443.558 251.654
    endloop
  endfacet
  facet normal -0.92388 0.382682 -0
    outer loop
      vertex -40.851 -443.558 249.254
      vertex -40.851 -443.558 251.654
      vertex -40.6708 -443.123 251.654
    endloop
  endfacet
  facet normal -0.852639 0.5225 -0
    outer loop
      vertex -40.6708 -443.123 249.254
      vertex -40.6708 -443.123 251.654
      vertex -40.4248 -442.721 251.654
    endloop
  endfacet
  facet normal -0.760407 0.649446 -0
    outer loop
      vertex -40.4248 -442.721 249.254
      vertex -40.4248 -442.721 251.654
      vertex -40.1191 -442.363 251.654
    endloop
  endfacet
  facet normal -0.760405 0.649449 -0
    outer loop
      vertex -40.1191 -442.363 251.654
      vertex -40.1191 -442.363 249.254
      vertex -40.4248 -442.721 249.254
    endloop
  endfacet
  facet normal -0.852641 0.522497 -0
    outer loop
      vertex -40.4248 -442.721 251.654
      vertex -40.4248 -442.721 249.254
      vertex -40.6708 -443.123 249.254
    endloop
  endfacet
  facet normal -0.92388 0.382682 -0
    outer loop
      vertex -40.6708 -443.123 251.654
      vertex -40.6708 -443.123 249.254
      vertex -40.851 -443.558 249.254
    endloop
  endfacet
  facet normal -0.97237 0.233446 -0
    outer loop
      vertex -40.851 -443.558 251.654
      vertex -40.851 -443.558 249.254
      vertex -40.9609 -444.015 249.254
    endloop
  endfacet
  facet normal -0.996918 0.0784562 -0
    outer loop
      vertex -40.9609 -444.015 251.654
      vertex -40.9609 -444.015 249.254
      vertex -40.9978 -444.485 249.254
    endloop
  endfacet
  facet normal -0.996917 -0.0784593 -0
    outer loop
      vertex -40.9978 -444.485 251.654
      vertex -40.9978 -444.485 249.254
      vertex -40.9609 -444.954 249.254
    endloop
  endfacet
  facet normal -0.97237 -0.233443 -0
    outer loop
      vertex -40.9609 -444.954 251.654
      vertex -40.9609 -444.954 249.254
      vertex -40.851 -445.412 249.254
    endloop
  endfacet
  facet normal -0.92388 -0.382681 -0
    outer loop
      vertex -40.851 -445.412 251.654
      vertex -40.851 -445.412 249.254
      vertex -40.6708 -445.847 249.254
    endloop
  endfacet
  facet normal -0.852641 -0.522497 -0
    outer loop
      vertex -40.6708 -445.847 251.654
      vertex -40.6708 -445.847 249.254
      vertex -40.4248 -446.248 249.254
    endloop
  endfacet
  facet normal -0.760403 -0.649452 -0
    outer loop
      vertex -40.4248 -446.248 251.654
      vertex -40.4248 -446.248 249.254
      vertex -40.1191 -446.606 249.254
    endloop
  endfacet
  facet normal -0.707107 -0.707107 -0
    outer loop
      vertex -37.2907 -449.434 249.254
      vertex -37.2907 -449.434 251.654
      vertex -40.1191 -446.606 251.654
    endloop
  endfacet
  facet normal -0.707107 -0.707107 -0
    outer loop
      vertex -40.1191 -446.606 251.654
      vertex -40.1191 -446.606 249.254
      vertex -37.2907 -449.434 249.254
    endloop
  endfacet
  facet normal 0.642787 -0.766045 0
    outer loop
      vertex -33.048 -449.434 249.254
      vertex -33.048 -449.434 251.654
      vertex -33.4486 -449.77 251.654
    endloop
  endfacet
  facet normal 0.500001 -0.866025 0
    outer loop
      vertex -33.4486 -449.77 249.254
      vertex -33.4486 -449.77 251.654
      vertex -33.9015 -450.032 251.654
    endloop
  endfacet
  facet normal 0.34202 -0.939692 0
    outer loop
      vertex -33.9015 -450.032 249.254
      vertex -33.9015 -450.032 251.654
      vertex -34.3929 -450.211 251.654
    endloop
  endfacet
  facet normal 0.173649 -0.984807 0
    outer loop
      vertex -34.3929 -450.211 249.254
      vertex -34.3929 -450.211 251.654
      vertex -34.9079 -450.302 251.654
    endloop
  endfacet
  facet normal -2.21189e-06 -1 0
    outer loop
      vertex -34.9079 -450.302 249.254
      vertex -34.9079 -450.302 251.654
      vertex -35.4308 -450.302 251.654
    endloop
  endfacet
  facet normal -0.173644 -0.984808 0
    outer loop
      vertex -35.4308 -450.302 249.254
      vertex -35.4308 -450.302 251.654
      vertex -35.9458 -450.211 251.654
    endloop
  endfacet
  facet normal -0.342024 -0.939691 0
    outer loop
      vertex -35.9458 -450.211 249.254
      vertex -35.9458 -450.211 251.654
      vertex -36.4372 -450.032 251.654
    endloop
  endfacet
  facet normal -0.499997 -0.866027 0
    outer loop
      vertex -36.4372 -450.032 249.254
      vertex -36.4372 -450.032 251.654
      vertex -36.8901 -449.77 251.654
    endloop
  endfacet
  facet normal -0.64279 -0.766043 0
    outer loop
      vertex -36.8901 -449.77 249.254
      vertex -36.8901 -449.77 251.654
      vertex -37.2907 -449.434 251.654
    endloop
  endfacet
  facet normal -0.64279 -0.766043 0
    outer loop
      vertex -37.2907 -449.434 251.654
      vertex -37.2907 -449.434 249.254
      vertex -36.8901 -449.77 249.254
    endloop
  endfacet
  facet normal -0.499997 -0.866027 0
    outer loop
      vertex -36.8901 -449.77 251.654
      vertex -36.8901 -449.77 249.254
      vertex -36.4372 -450.032 249.254
    endloop
  endfacet
  facet normal -0.342024 -0.939691 0
    outer loop
      vertex -36.4372 -450.032 251.654
      vertex -36.4372 -450.032 249.254
      vertex -35.9458 -450.211 249.254
    endloop
  endfacet
  facet normal -0.173644 -0.984809 0
    outer loop
      vertex -35.9458 -450.211 251.654
      vertex -35.9458 -450.211 249.254
      vertex -35.4308 -450.302 249.254
    endloop
  endfacet
  facet normal -2.73576e-06 -1 0
    outer loop
      vertex -35.4308 -450.302 251.654
      vertex -35.4308 -450.302 249.254
      vertex -34.9079 -450.302 249.254
    endloop
  endfacet
  facet normal 0.173648 -0.984808 0
    outer loop
      vertex -34.9079 -450.302 251.654
      vertex -34.9079 -450.302 249.254
      vertex -34.3929 -450.211 249.254
    endloop
  endfacet
  facet normal 0.342019 -0.939693 0
    outer loop
      vertex -34.3929 -450.211 251.654
      vertex -34.3929 -450.211 249.254
      vertex -33.9015 -450.032 249.254
    endloop
  endfacet
  facet normal 0.499999 -0.866026 0
    outer loop
      vertex -33.9015 -450.032 251.654
      vertex -33.9015 -450.032 249.254
      vertex -33.4486 -449.77 249.254
    endloop
  endfacet
  facet normal 0.642787 -0.766045 0
    outer loop
      vertex -33.4486 -449.77 251.654
      vertex -33.4486 -449.77 249.254
      vertex -33.048 -449.434 249.254
    endloop
  endfacet
  facet normal 0.707107 -0.707107 0
    outer loop
      vertex -21.0272 -437.414 251.654
      vertex -24.4921 -440.878 251.654
      vertex -24.1915 -440.578 249.254
    endloop
  endfacet
  facet normal 0.707107 -0.707107 0
    outer loop
      vertex -33.048 -449.434 249.254
      vertex -24.1915 -440.578 249.254
      vertex -24.4921 -440.878 251.654
    endloop
  endfacet
  facet normal 0.707107 -0.707107 0
    outer loop
      vertex -24.4921 -440.878 251.654
      vertex -33.048 -449.434 251.654
      vertex -33.048 -449.434 249.254
    endloop
  endfacet
  facet normal 0.707107 -0.707107 0
    outer loop
      vertex -24.1915 -440.578 249.254
      vertex -21.0272 -437.414 249.254
      vertex -21.0272 -437.414 251.654
    endloop
  endfacet
  facet normal -0.649452 -0.760403 0
    outer loop
      vertex -17.1426 -437.108 249.254
      vertex -16.7846 -437.414 249.254
      vertex -16.7846 -437.414 251.654
    endloop
  endfacet
  facet normal -0.522498 -0.852641 0
    outer loop
      vertex -17.5439 -436.862 249.254
      vertex -17.1426 -437.108 249.254
      vertex -17.1426 -437.108 251.654
    endloop
  endfacet
  facet normal -0.382681 -0.923881 0
    outer loop
      vertex -17.9789 -436.682 249.254
      vertex -17.5439 -436.862 249.254
      vertex -17.5439 -436.862 251.654
    endloop
  endfacet
  facet normal -0.233443 -0.97237 0
    outer loop
      vertex -18.4366 -436.572 249.254
      vertex -17.9789 -436.682 249.254
      vertex -17.9789 -436.682 251.654
    endloop
  endfacet
  facet normal -0.0784643 -0.996917 0
    outer loop
      vertex -18.9059 -436.535 249.254
      vertex -18.4366 -436.572 249.254
      vertex -18.4366 -436.572 251.654
    endloop
  endfacet
  facet normal 0.0784626 -0.996917 0
    outer loop
      vertex -19.3752 -436.572 249.254
      vertex -18.9059 -436.535 249.254
      vertex -18.9059 -436.535 251.654
    endloop
  endfacet
  facet normal 0.233447 -0.97237 0
    outer loop
      vertex -19.833 -436.682 249.254
      vertex -19.3752 -436.572 249.254
      vertex -19.3752 -436.572 251.654
    endloop
  endfacet
  facet normal 0.382684 -0.923879 0
    outer loop
      vertex -20.2679 -436.862 249.254
      vertex -19.833 -436.682 249.254
      vertex -19.833 -436.682 251.654
    endloop
  endfacet
  facet normal 0.522497 -0.852641 0
    outer loop
      vertex -20.6693 -437.108 249.254
      vertex -20.2679 -436.862 249.254
      vertex -20.2679 -436.862 251.654
    endloop
  endfacet
  facet normal 0.649448 -0.760406 0
    outer loop
      vertex -21.0272 -437.414 249.254
      vertex -20.6693 -437.108 249.254
      vertex -20.6693 -437.108 251.654
    endloop
  endfacet
  facet normal 0.649449 -0.760405 0
    outer loop
      vertex -20.6693 -437.108 251.654
      vertex -21.0272 -437.414 251.654
      vertex -21.0272 -437.414 249.254
    endloop
  endfacet
  facet normal 0.522498 -0.85264 0
    outer loop
      vertex -20.2679 -436.862 251.654
      vertex -20.6693 -437.108 251.654
      vertex -20.6693 -437.108 249.254
    endloop
  endfacet
  facet normal 0.382682 -0.92388 0
    outer loop
      vertex -19.833 -436.682 251.654
      vertex -20.2679 -436.862 251.654
      vertex -20.2679 -436.862 249.254
    endloop
  endfacet
  facet normal 0.233446 -0.97237 0
    outer loop
      vertex -19.3752 -436.572 251.654
      vertex -19.833 -436.682 251.654
      vertex -19.833 -436.682 249.254
    endloop
  endfacet
  facet normal 0.0784626 -0.996917 0
    outer loop
      vertex -18.9059 -436.535 251.654
      vertex -19.3752 -436.572 251.654
      vertex -19.3752 -436.572 249.254
    endloop
  endfacet
  facet normal -0.0784653 -0.996917 0
    outer loop
      vertex -18.4366 -436.572 251.654
      vertex -18.9059 -436.535 251.654
      vertex -18.9059 -436.535 249.254
    endloop
  endfacet
  facet normal -0.233443 -0.97237 0
    outer loop
      vertex -17.9789 -436.682 251.654
      vertex -18.4366 -436.572 251.654
      vertex -18.4366 -436.572 249.254
    endloop
  endfacet
  facet normal -0.382681 -0.92388 0
    outer loop
      vertex -17.5439 -436.862 251.654
      vertex -17.9789 -436.682 251.654
      vertex -17.9789 -436.682 249.254
    endloop
  endfacet
  facet normal -0.522497 -0.852641 0
    outer loop
      vertex -17.1426 -437.108 251.654
      vertex -17.5439 -436.862 251.654
      vertex -17.5439 -436.862 249.254
    endloop
  endfacet
  facet normal -0.649452 -0.760403 0
    outer loop
      vertex -16.7846 -437.414 251.654
      vertex -17.1426 -437.108 251.654
      vertex -17.1426 -437.108 249.254
    endloop
  endfacet
  facet normal -0.707107 -0.707107 9.15217e-07
    outer loop
      vertex -7.34472 -446.853 251.654
      vertex -16.7139 -437.484 251.654
      vertex -16.4133 -437.785 249.254
    endloop
  endfacet
  facet normal -0.707107 -0.707107 -0
    outer loop
      vertex -16.7846 -437.414 249.254
      vertex -16.4133 -437.785 249.254
      vertex -16.7139 -437.484 251.654
    endloop
  endfacet
  facet normal -0.707107 -0.707107 -0
    outer loop
      vertex -16.7139 -437.484 251.654
      vertex -16.7846 -437.414 251.654
      vertex -16.7846 -437.414 249.254
    endloop
  endfacet
  facet normal -0.707107 -0.707107 -0
    outer loop
      vertex -16.4133 -437.785 249.254
      vertex -7.34472 -446.853 249.254
      vertex -7.34472 -446.853 251.654
    endloop
  endfacet
  facet normal 0.642786 -0.766046 0
    outer loop
      vertex -3.10208 -446.853 249.254
      vertex -3.10208 -446.853 251.654
      vertex -3.50267 -447.19 251.654
    endloop
  endfacet
  facet normal 0.499996 -0.866028 0
    outer loop
      vertex -3.50267 -447.19 249.254
      vertex -3.50267 -447.19 251.654
      vertex -3.95554 -447.451 251.654
    endloop
  endfacet
  facet normal 0.342023 -0.939691 0
    outer loop
      vertex -3.95554 -447.451 249.254
      vertex -3.95554 -447.451 251.654
      vertex -4.44694 -447.63 251.654
    endloop
  endfacet
  facet normal 0.173641 -0.984809 0
    outer loop
      vertex -4.44694 -447.63 249.254
      vertex -4.44694 -447.63 251.654
      vertex -4.96193 -447.721 251.654
    endloop
  endfacet
  facet normal 2.85218e-06 -1 0
    outer loop
      vertex -4.96193 -447.721 249.254
      vertex -4.96193 -447.721 251.654
      vertex -5.48486 -447.721 251.654
    endloop
  endfacet
  facet normal -0.17365 -0.984807 0
    outer loop
      vertex -5.48486 -447.721 249.254
      vertex -5.48486 -447.721 251.654
      vertex -5.99985 -447.63 251.654
    endloop
  endfacet
  facet normal -0.342017 -0.939694 2.8987e-06
    outer loop
      vertex -6.49125 -447.451 249.254
      vertex -5.99985 -447.63 249.254
      vertex -6.18126 -447.564 251.654
    endloop
  endfacet
  facet normal -0.342021 -0.939692 0
    outer loop
      vertex -5.99985 -447.63 249.254
      vertex -5.99985 -447.63 251.654
      vertex -6.18126 -447.564 251.654
    endloop
  endfacet
  facet normal -0.5 -0.866025 0
    outer loop
      vertex -6.94413 -447.19 251.654
      vertex -6.94413 -447.19 249.254
      vertex -6.60424 -447.386 249.254
    endloop
  endfacet
  facet normal -0.500003 -0.866024 0
    outer loop
      vertex -6.60424 -447.386 249.254
      vertex -6.49125 -447.451 251.654
      vertex -6.94413 -447.19 251.654
    endloop
  endfacet
  facet normal -0.642785 -0.766047 0
    outer loop
      vertex -6.94413 -447.19 249.254
      vertex -6.94413 -447.19 251.654
      vertex -7.34472 -446.853 251.654
    endloop
  endfacet
  facet normal -0.642784 -0.766047 0
    outer loop
      vertex -7.34472 -446.853 251.654
      vertex -7.34472 -446.853 249.254
      vertex -6.94413 -447.19 249.254
    endloop
  endfacet
  facet normal -0.50001 -0.866019 0
    outer loop
      vertex -6.60424 -447.386 249.254
      vertex -6.49125 -447.451 249.254
      vertex -6.49125 -447.451 251.654
    endloop
  endfacet
  facet normal -0.342022 -0.939692 0
    outer loop
      vertex -6.18126 -447.564 251.654
      vertex -6.49125 -447.451 251.654
      vertex -6.49125 -447.451 249.254
    endloop
  endfacet
  facet normal -0.173647 -0.984808 0
    outer loop
      vertex -5.99985 -447.63 251.654
      vertex -5.99985 -447.63 249.254
      vertex -5.48486 -447.721 249.254
    endloop
  endfacet
  facet normal -1.22236e-06 -1 0
    outer loop
      vertex -5.48486 -447.721 251.654
      vertex -5.48486 -447.721 249.254
      vertex -4.96193 -447.721 249.254
    endloop
  endfacet
  facet normal 0.173651 -0.984807 0
    outer loop
      vertex -4.96193 -447.721 251.654
      vertex -4.96193 -447.721 249.254
      vertex -4.44694 -447.63 249.254
    endloop
  endfacet
  facet normal 0.342023 -0.939691 0
    outer loop
      vertex -4.44694 -447.63 251.654
      vertex -4.44694 -447.63 249.254
      vertex -3.95554 -447.451 249.254
    endloop
  endfacet
  facet normal 0.500001 -0.866025 0
    outer loop
      vertex -3.95554 -447.451 251.654
      vertex -3.95554 -447.451 249.254
      vertex -3.50267 -447.19 249.254
    endloop
  endfacet
  facet normal 0.64279 -0.766042 0
    outer loop
      vertex -3.50267 -447.19 251.654
      vertex -3.50267 -447.19 249.254
      vertex -3.10208 -446.853 249.254
    endloop
  endfacet
  facet normal 0.707107 -0.707107 0
    outer loop
      vertex -0.273651 -444.025 249.254
      vertex -0.273651 -444.025 251.654
      vertex -3.10208 -446.853 251.654
    endloop
  endfacet
  facet normal 0.707107 -0.707107 0
    outer loop
      vertex -3.10208 -446.853 251.654
      vertex -3.10208 -446.853 249.254
      vertex -0.273651 -444.025 249.254
    endloop
  endfacet
  facet normal 0.760408 0.649446 0
    outer loop
      vertex -0.27365 -439.782 249.254
      vertex -0.27365 -439.782 251.654
      vertex 0.0320792 -440.14 251.654
    endloop
  endfacet
  facet normal 0.852638 0.522501 1.50937e-06
    outer loop
      vertex 0.0320792 -440.14 251.654
      vertex 0.27805 -440.542 251.654
      vertex 0.263533 -440.518 249.254
    endloop
  endfacet
  facet normal 0.852653 0.522477 0
    outer loop
      vertex 0.27805 -440.542 251.654
      vertex 0.27805 -440.542 249.254
      vertex 0.263533 -440.518 249.254
    endloop
  endfacet
  facet normal 0.92388 0.382683 0
    outer loop
      vertex 0.27805 -440.542 249.254
      vertex 0.27805 -440.542 251.654
      vertex 0.442901 -440.94 251.654
    endloop
  endfacet
  facet normal 0.923881 0.382681 0
    outer loop
      vertex 0.442901 -440.94 251.654
      vertex 0.458199 -440.977 249.254
      vertex 0.27805 -440.542 249.254
    endloop
  endfacet
  facet normal 0.97237 0.233447 0
    outer loop
      vertex 0.458199 -440.977 249.254
      vertex 0.458199 -440.977 251.654
      vertex 0.568094 -441.434 251.654
    endloop
  endfacet
  facet normal 0.996917 0.0784593 0
    outer loop
      vertex 0.568094 -441.434 249.254
      vertex 0.568094 -441.434 251.654
      vertex 0.605031 -441.904 251.654
    endloop
  endfacet
  facet normal 0.996917 -0.0784661 0
    outer loop
      vertex 0.605031 -441.904 249.254
      vertex 0.605031 -441.904 251.654
      vertex 0.568093 -442.373 251.654
    endloop
  endfacet
  facet normal 0.972371 -0.233442 0
    outer loop
      vertex 0.568093 -442.373 249.254
      vertex 0.568093 -442.373 251.654
      vertex 0.458199 -442.831 251.654
    endloop
  endfacet
  facet normal 0.923882 -0.382678 0
    outer loop
      vertex 0.458199 -442.831 249.254
      vertex 0.458199 -442.831 251.654
      vertex 0.278048 -443.266 251.654
    endloop
  endfacet
  facet normal 0.852642 -0.522496 0
    outer loop
      vertex 0.278048 -443.266 249.254
      vertex 0.278048 -443.266 251.654
      vertex 0.0320802 -443.667 251.654
    endloop
  endfacet
  facet normal 0.760405 -0.649449 0
    outer loop
      vertex 0.0320802 -443.667 249.254
      vertex 0.0320802 -443.667 251.654
      vertex -0.273651 -444.025 251.654
    endloop
  endfacet
  facet normal 0.760405 -0.649449 0
    outer loop
      vertex -0.273651 -444.025 251.654
      vertex -0.273651 -444.025 249.254
      vertex 0.0320802 -443.667 249.254
    endloop
  endfacet
  facet normal 0.852638 -0.522501 0
    outer loop
      vertex 0.0320802 -443.667 251.654
      vertex 0.0320802 -443.667 249.254
      vertex 0.278048 -443.266 249.254
    endloop
  endfacet
  facet normal 0.923877 -0.382689 0
    outer loop
      vertex 0.278048 -443.266 251.654
      vertex 0.278048 -443.266 249.254
      vertex 0.458199 -442.831 249.254
    endloop
  endfacet
  facet normal 0.972371 -0.233442 0
    outer loop
      vertex 0.458199 -442.831 251.654
      vertex 0.458199 -442.831 249.254
      vertex 0.568093 -442.373 249.254
    endloop
  endfacet
  facet normal 0.996917 -0.0784613 0
    outer loop
      vertex 0.568093 -442.373 251.654
      vertex 0.568093 -442.373 249.254
      vertex 0.605031 -441.904 249.254
    endloop
  endfacet
  facet normal 0.996917 0.0784593 0
    outer loop
      vertex 0.605031 -441.904 251.654
      vertex 0.605031 -441.904 249.254
      vertex 0.568094 -441.434 249.254
    endloop
  endfacet
  facet normal 0.972369 0.23345 0
    outer loop
      vertex 0.568094 -441.434 251.654
      vertex 0.568094 -441.434 249.254
      vertex 0.458199 -440.977 249.254
    endloop
  endfacet
  facet normal 0.923888 0.382663 0
    outer loop
      vertex 0.442901 -440.94 251.654
      vertex 0.458199 -440.977 251.654
      vertex 0.458199 -440.977 249.254
    endloop
  endfacet
  facet normal 0.852638 0.522501 0
    outer loop
      vertex 0.263533 -440.518 249.254
      vertex 0.0320792 -440.14 249.254
      vertex 0.0320792 -440.14 251.654
    endloop
  endfacet
  facet normal 0.760408 0.649446 0
    outer loop
      vertex 0.0320792 -440.14 251.654
      vertex 0.0320792 -440.14 249.254
      vertex -0.27365 -439.782 249.254
    endloop
  endfacet
  facet normal 0.707107 0.707107 6.0999e-07
    outer loop
      vertex -46.8366 -393.219 251.654
      vertex -38.0508 -402.005 251.654
      vertex -38.3513 -401.705 249.254
    endloop
  endfacet
  facet normal 0.707107 0.707107 0
    outer loop
      vertex -38.3513 -401.705 249.254
      vertex -38.0508 -402.005 251.654
      vertex -31.404 -408.652 251.654
    endloop
  endfacet
  facet normal 0.707107 0.707107 2.36616e-06
    outer loop
      vertex -31.404 -408.652 251.654
      vertex -31.1035 -408.953 249.254
      vertex -38.3513 -401.705 249.254
    endloop
  endfacet
  facet normal 0.707107 0.707107 5.20009e-07
    outer loop
      vertex -31.404 -408.652 251.654
      vertex -21.0979 -418.958 251.654
      vertex -21.3984 -418.658 249.254
    endloop
  endfacet
  facet normal 0.707107 0.707107 -1.21487e-06
    outer loop
      vertex -21.3984 -418.658 249.254
      vertex -31.1035 -408.953 249.254
      vertex -31.404 -408.652 251.654
    endloop
  endfacet
  facet normal 0.707107 0.707107 -4.44523e-07
    outer loop
      vertex -9.34227 -430.714 249.254
      vertex -21.3984 -418.658 249.254
      vertex -21.0979 -418.958 251.654
    endloop
  endfacet
  facet normal 0.707107 0.707107 1.02926e-06
    outer loop
      vertex -21.0979 -418.958 251.654
      vertex -9.64279 -430.413 251.654
      vertex -9.34227 -430.714 249.254
    endloop
  endfacet
  facet normal 0.707107 0.707107 0
    outer loop
      vertex -0.27365 -439.782 251.654
      vertex -0.27365 -439.782 249.254
      vertex -9.34227 -430.714 249.254
    endloop
  endfacet
  facet normal 0.707107 0.707107 -1.83043e-06
    outer loop
      vertex -9.34227 -430.714 249.254
      vertex -9.64279 -430.413 251.654
      vertex -0.27365 -439.782 251.654
    endloop
  endfacet
  facet normal 0.707107 0.707107 0
    outer loop
      vertex -38.3513 -401.705 249.254
      vertex -46.8366 -393.219 249.254
      vertex -46.8366 -393.219 251.654
    endloop
  endfacet
  facet normal 0.76041 -0.649444 0
    outer loop
      vertex -47.1424 -389.335 249.254
      vertex -46.8366 -388.977 249.254
      vertex -46.8366 -388.977 251.654
    endloop
  endfacet
  facet normal 0.852642 -0.522495 0
    outer loop
      vertex -47.3883 -389.736 249.254
      vertex -47.1424 -389.335 249.254
      vertex -47.1424 -389.335 251.654
    endloop
  endfacet
  facet normal 0.923877 -0.382689 0
    outer loop
      vertex -47.5685 -390.171 249.254
      vertex -47.3883 -389.736 249.254
      vertex -47.3883 -389.736 251.654
    endloop
  endfacet
  facet normal 0.97237 -0.233444 0
    outer loop
      vertex -47.6784 -390.629 249.254
      vertex -47.5685 -390.171 249.254
      vertex -47.5685 -390.171 251.654
    endloop
  endfacet
  facet normal 0.996917 -0.0784613 0
    outer loop
      vertex -47.7153 -391.098 249.254
      vertex -47.6784 -390.629 249.254
      vertex -47.6784 -390.629 251.654
    endloop
  endfacet
  facet normal 0.996918 0.078451 0
    outer loop
      vertex -47.6784 -391.567 249.254
      vertex -47.7153 -391.098 249.254
      vertex -47.7153 -391.098 251.654
    endloop
  endfacet
  facet normal 0.97237 0.233447 0
    outer loop
      vertex -47.5685 -392.025 249.254
      vertex -47.6784 -391.567 249.254
      vertex -47.6784 -391.567 251.654
    endloop
  endfacet
  facet normal 0.923879 0.382684 0
    outer loop
      vertex -47.3883 -392.46 249.254
      vertex -47.5685 -392.025 249.254
      vertex -47.5685 -392.025 251.654
    endloop
  endfacet
  facet normal 0.852641 0.522498 0
    outer loop
      vertex -47.1424 -392.861 249.254
      vertex -47.3883 -392.46 249.254
      vertex -47.3883 -392.46 251.654
    endloop
  endfacet
  facet normal 0.760405 0.649449 0
    outer loop
      vertex -46.8366 -393.219 249.254
      vertex -47.1424 -392.861 249.254
      vertex -47.1424 -392.861 251.654
    endloop
  endfacet
  facet normal 0.760406 0.649448 0
    outer loop
      vertex -47.1424 -392.861 251.654
      vertex -46.8366 -393.219 251.654
      vertex -46.8366 -393.219 249.254
    endloop
  endfacet
  facet normal 0.852641 0.522498 0
    outer loop
      vertex -47.3883 -392.46 251.654
      vertex -47.1424 -392.861 251.654
      vertex -47.1424 -392.861 249.254
    endloop
  endfacet
  facet normal 0.923879 0.382684 0
    outer loop
      vertex -47.5685 -392.025 251.654
      vertex -47.3883 -392.46 251.654
      vertex -47.3883 -392.46 249.254
    endloop
  endfacet
  facet normal 0.97237 0.233447 0
    outer loop
      vertex -47.6784 -391.567 251.654
      vertex -47.5685 -392.025 251.654
      vertex -47.5685 -392.025 249.254
    endloop
  endfacet
  facet normal 0.996917 0.0784593 0
    outer loop
      vertex -47.7153 -391.098 251.654
      vertex -47.6784 -391.567 251.654
      vertex -47.6784 -391.567 249.254
    endloop
  endfacet
  facet normal 0.996918 -0.0784515 0
    outer loop
      vertex -47.6784 -390.629 251.654
      vertex -47.7153 -391.098 251.654
      vertex -47.7153 -391.098 249.254
    endloop
  endfacet
  facet normal 0.97237 -0.233444 0
    outer loop
      vertex -47.5685 -390.171 251.654
      vertex -47.6784 -390.629 251.654
      vertex -47.6784 -390.629 249.254
    endloop
  endfacet
  facet normal 0.923877 -0.382689 0
    outer loop
      vertex -47.3883 -389.736 251.654
      vertex -47.5685 -390.171 251.654
      vertex -47.5685 -390.171 249.254
    endloop
  endfacet
  facet normal 0.852642 -0.522495 0
    outer loop
      vertex -47.1424 -389.335 251.654
      vertex -47.3883 -389.736 251.654
      vertex -47.3883 -389.736 249.254
    endloop
  endfacet
  facet normal 0.760401 -0.649453 0
    outer loop
      vertex -46.8366 -388.977 251.654
      vertex -47.1424 -389.335 251.654
      vertex -47.1424 -389.335 249.254
    endloop
  endfacet
  facet normal 0.707107 -0.707107 0
    outer loop
      vertex -40.7825 -382.923 249.254
      vertex -40.7825 -382.923 251.654
      vertex -46.3552 -388.495 251.654
    endloop
  endfacet
  facet normal 0.707107 -0.707107 0
    outer loop
      vertex -46.3552 -388.495 251.654
      vertex -46.6557 -388.796 249.254
      vertex -40.7825 -382.923 249.254
    endloop
  endfacet
  facet normal 0.707107 -0.707107 0
    outer loop
      vertex -46.8366 -388.977 251.654
      vertex -46.8366 -388.977 249.254
      vertex -46.6557 -388.796 249.254
    endloop
  endfacet
  facet normal 0.707107 -0.707107 0
    outer loop
      vertex -46.3552 -388.495 251.654
      vertex -46.8366 -388.977 251.654
      vertex -46.6557 -388.796 249.254
    endloop
  endfacet
  facet normal -0.649447 -0.760407 0
    outer loop
      vertex -36.8979 -382.617 249.254
      vertex -36.5399 -382.923 249.254
      vertex -36.5399 -382.923 251.654
    endloop
  endfacet
  facet normal -0.5225 -0.852639 0
    outer loop
      vertex -37.2992 -382.371 249.254
      vertex -36.8979 -382.617 249.254
      vertex -36.8979 -382.617 251.654
    endloop
  endfacet
  facet normal -0.382684 -0.923879 0
    outer loop
      vertex -37.7342 -382.191 249.254
      vertex -37.2992 -382.371 249.254
      vertex -37.2992 -382.371 251.654
    endloop
  endfacet
  facet normal -0.233445 -0.97237 2.01249e-07
    outer loop
      vertex -38.1919 -382.081 249.254
      vertex -37.7342 -382.191 249.254
      vertex -37.87 -382.158 251.654
    endloop
  endfacet
  facet normal -0.233436 -0.972372 0
    outer loop
      vertex -37.7342 -382.191 249.254
      vertex -37.7342 -382.191 251.654
      vertex -37.87 -382.158 251.654
    endloop
  endfacet
  facet normal -0.0784593 -0.996917 0
    outer loop
      vertex -38.6612 -382.044 249.254
      vertex -38.1919 -382.081 249.254
      vertex -38.1919 -382.081 251.654
    endloop
  endfacet
  facet normal 0.0784515 -0.996918 0
    outer loop
      vertex -39.1305 -382.081 249.254
      vertex -38.6612 -382.044 249.254
      vertex -38.6612 -382.044 251.654
    endloop
  endfacet
  facet normal 0.233443 -0.97237 0
    outer loop
      vertex -39.5883 -382.191 249.254
      vertex -39.1305 -382.081 249.254
      vertex -39.1305 -382.081 251.654
    endloop
  endfacet
  facet normal 0.382689 -0.923877 0
    outer loop
      vertex -40.0232 -382.371 249.254
      vertex -39.5883 -382.191 249.254
      vertex -39.5883 -382.191 251.654
    endloop
  endfacet
  facet normal 0.522496 -0.852642 0
    outer loop
      vertex -40.4246 -382.617 249.254
      vertex -40.0232 -382.371 249.254
      vertex -40.0232 -382.371 251.654
    endloop
  endfacet
  facet normal 0.649453 -0.760401 0
    outer loop
      vertex -40.7825 -382.923 249.254
      vertex -40.4246 -382.617 249.254
      vertex -40.4246 -382.617 251.654
    endloop
  endfacet
  facet normal 0.649444 -0.76041 0
    outer loop
      vertex -40.4246 -382.617 251.654
      vertex -40.7825 -382.923 251.654
      vertex -40.7825 -382.923 249.254
    endloop
  endfacet
  facet normal 0.522496 -0.852642 0
    outer loop
      vertex -40.0232 -382.371 251.654
      vertex -40.4246 -382.617 251.654
      vertex -40.4246 -382.617 249.254
    endloop
  endfacet
  facet normal 0.382689 -0.923877 0
    outer loop
      vertex -39.5883 -382.191 251.654
      vertex -40.0232 -382.371 251.654
      vertex -40.0232 -382.371 249.254
    endloop
  endfacet
  facet normal 0.233443 -0.97237 0
    outer loop
      vertex -39.1305 -382.081 251.654
      vertex -39.5883 -382.191 251.654
      vertex -39.5883 -382.191 249.254
    endloop
  endfacet
  facet normal 0.0784613 -0.996917 0
    outer loop
      vertex -38.6612 -382.044 251.654
      vertex -39.1305 -382.081 251.654
      vertex -39.1305 -382.081 249.254
    endloop
  endfacet
  facet normal -0.078451 -0.996918 0
    outer loop
      vertex -38.1919 -382.081 251.654
      vertex -38.6612 -382.044 251.654
      vertex -38.6612 -382.044 249.254
    endloop
  endfacet
  facet normal -0.233449 -0.972369 0
    outer loop
      vertex -37.87 -382.158 251.654
      vertex -38.1919 -382.081 251.654
      vertex -38.1919 -382.081 249.254
    endloop
  endfacet
  facet normal -0.382684 -0.923879 0
    outer loop
      vertex -37.2992 -382.371 251.654
      vertex -37.7342 -382.191 251.654
      vertex -37.7342 -382.191 249.254
    endloop
  endfacet
  facet normal -0.5225 -0.852639 0
    outer loop
      vertex -36.8979 -382.617 251.654
      vertex -37.2992 -382.371 251.654
      vertex -37.2992 -382.371 249.254
    endloop
  endfacet
  facet normal -0.649448 -0.760406 0
    outer loop
      vertex -36.5399 -382.923 251.654
      vertex -36.8979 -382.617 251.654
      vertex -36.8979 -382.617 249.254
    endloop
  endfacet
  facet normal -0.707107 -0.707107 -0
    outer loop
      vertex -31.4841 -387.978 249.254
      vertex -31.4841 -387.978 251.654
      vertex -36.5399 -382.923 251.654
    endloop
  endfacet
  facet normal -0.707107 -0.707107 -0
    outer loop
      vertex -36.5399 -382.923 251.654
      vertex -36.5399 -382.923 249.254
      vertex -31.4841 -387.978 249.254
    endloop
  endfacet
  facet normal 0.649454 -0.760401 0
    outer loop
      vertex -27.2414 -387.978 249.254
      vertex -27.2414 -387.978 251.654
      vertex -27.5994 -388.284 251.654
    endloop
  endfacet
  facet normal 0.522496 -0.852642 0
    outer loop
      vertex -27.5994 -388.284 249.254
      vertex -27.5994 -388.284 251.654
      vertex -28.0008 -388.53 251.654
    endloop
  endfacet
  facet normal 0.382678 -0.923882 0
    outer loop
      vertex -28.0008 -388.53 249.254
      vertex -28.0008 -388.53 251.654
      vertex -28.4357 -388.71 251.654
    endloop
  endfacet
  facet normal 0.233443 -0.97237 0
    outer loop
      vertex -28.4357 -388.71 249.254
      vertex -28.4357 -388.71 251.654
      vertex -28.8934 -388.82 251.654
    endloop
  endfacet
  facet normal 0.0784613 -0.996917 0
    outer loop
      vertex -28.8934 -388.82 249.254
      vertex -28.8934 -388.82 251.654
      vertex -29.3628 -388.857 251.654
    endloop
  endfacet
  facet normal -0.0784593 -0.996917 0
    outer loop
      vertex -29.3628 -388.857 249.254
      vertex -29.3628 -388.857 251.654
      vertex -29.8321 -388.82 251.654
    endloop
  endfacet
  facet normal -0.233447 -0.97237 0
    outer loop
      vertex -29.8321 -388.82 249.254
      vertex -29.8321 -388.82 251.654
      vertex -30.2898 -388.71 251.654
    endloop
  endfacet
  facet normal -0.382683 -0.92388 0
    outer loop
      vertex -30.2898 -388.71 249.254
      vertex -30.2898 -388.71 251.654
      vertex -30.7247 -388.53 251.654
    endloop
  endfacet
  facet normal -0.522497 -0.852641 0
    outer loop
      vertex -30.7247 -388.53 249.254
      vertex -30.7247 -388.53 251.654
      vertex -31.1261 -388.284 251.654
    endloop
  endfacet
  facet normal -0.649447 -0.760407 0
    outer loop
      vertex -31.4841 -387.978 251.654
      vertex -31.4841 -387.978 249.254
      vertex -31.2418 -388.185 249.254
    endloop
  endfacet
  facet normal -0.649448 -0.760406 0
    outer loop
      vertex -31.2418 -388.185 249.254
      vertex -31.1261 -388.284 251.654
      vertex -31.4841 -387.978 251.654
    endloop
  endfacet
  facet normal -0.649449 -0.760405 0
    outer loop
      vertex -31.2418 -388.185 249.254
      vertex -31.1261 -388.284 249.254
      vertex -31.1261 -388.284 251.654
    endloop
  endfacet
  facet normal -0.5225 -0.852639 0
    outer loop
      vertex -31.1261 -388.284 251.654
      vertex -31.1261 -388.284 249.254
      vertex -30.7247 -388.53 249.254
    endloop
  endfacet
  facet normal -0.382683 -0.92388 0
    outer loop
      vertex -30.7247 -388.53 251.654
      vertex -30.7247 -388.53 249.254
      vertex -30.2898 -388.71 249.254
    endloop
  endfacet
  facet normal -0.233447 -0.97237 0
    outer loop
      vertex -30.2898 -388.71 251.654
      vertex -30.2898 -388.71 249.254
      vertex -29.8321 -388.82 249.254
    endloop
  endfacet
  facet normal -0.0784593 -0.996917 0
    outer loop
      vertex -29.8321 -388.82 251.654
      vertex -29.8321 -388.82 249.254
      vertex -29.3628 -388.857 249.254
    endloop
  endfacet
  facet normal 0.0784613 -0.996917 0
    outer loop
      vertex -29.3628 -388.857 251.654
      vertex -29.3628 -388.857 249.254
      vertex -28.8934 -388.82 249.254
    endloop
  endfacet
  facet normal 0.233443 -0.97237 0
    outer loop
      vertex -28.8934 -388.82 251.654
      vertex -28.8934 -388.82 249.254
      vertex -28.4357 -388.71 249.254
    endloop
  endfacet
  facet normal 0.382689 -0.923877 0
    outer loop
      vertex -28.4357 -388.71 251.654
      vertex -28.4357 -388.71 249.254
      vertex -28.0008 -388.53 249.254
    endloop
  endfacet
  facet normal 0.522496 -0.852642 0
    outer loop
      vertex -28.0008 -388.53 251.654
      vertex -28.0008 -388.53 249.254
      vertex -27.5994 -388.284 249.254
    endloop
  endfacet
  facet normal 0.649454 -0.760401 0
    outer loop
      vertex -27.5994 -388.284 251.654
      vertex -27.5994 -388.284 249.254
      vertex -27.2414 -387.978 249.254
    endloop
  endfacet
  facet normal 0.707107 -0.707107 0
    outer loop
      vertex -6.42548 -367.162 249.254
      vertex -6.42548 -367.162 251.654
      vertex -15.2206 -375.958 251.654
    endloop
  endfacet
  facet normal 0.707107 -0.707107 0
    outer loop
      vertex -27.2414 -387.978 251.654
      vertex -27.2414 -387.978 249.254
      vertex -15.2206 -375.958 249.254
    endloop
  endfacet
  facet normal 0.707107 -0.707107 0
    outer loop
      vertex -15.2206 -375.958 249.254
      vertex -15.2206 -375.958 251.654
      vertex -27.2414 -387.978 251.654
    endloop
  endfacet
  facet normal 0.707107 -0.707107 0
    outer loop
      vertex -15.2206 -375.958 251.654
      vertex -15.2206 -375.958 249.254
      vertex -6.42548 -367.162 249.254
    endloop
  endfacet
  facet normal -0.649448 -0.760406 0
    outer loop
      vertex -2.5408 -366.857 249.254
      vertex -2.18284 -367.162 249.254
      vertex -2.18284 -367.162 251.654
    endloop
  endfacet
  facet normal -0.522503 -0.852638 0
    outer loop
      vertex -2.5408 -366.857 249.254
      vertex -2.5408 -366.857 251.654
      vertex -2.76501 -366.719 251.654
    endloop
  endfacet
  facet normal -0.522498 -0.852641 0
    outer loop
      vertex -2.76501 -366.719 251.654
      vertex -2.94219 -366.611 249.254
      vertex -2.5408 -366.857 249.254
    endloop
  endfacet
  facet normal -0.382684 -0.923879 1.61e-06
    outer loop
      vertex -2.94219 -366.611 251.654
      vertex -3.37711 -366.431 251.654
      vertex -3.16514 -366.518 249.254
    endloop
  endfacet
  facet normal -0.382686 -0.923878 0
    outer loop
      vertex -3.37711 -366.431 251.654
      vertex -3.37711 -366.431 249.254
      vertex -3.16514 -366.518 249.254
    endloop
  endfacet
  facet normal -0.233453 -0.972368 0
    outer loop
      vertex -3.83486 -366.321 249.254
      vertex -3.37711 -366.431 249.254
      vertex -3.37711 -366.431 251.654
    endloop
  endfacet
  facet normal -0.078451 -0.996918 0
    outer loop
      vertex -4.30416 -366.284 249.254
      vertex -3.83486 -366.321 249.254
      vertex -3.83486 -366.321 251.654
    endloop
  endfacet
  facet normal 0.0784515 -0.996918 0
    outer loop
      vertex -4.77346 -366.321 249.254
      vertex -4.30416 -366.284 249.254
      vertex -4.30416 -366.284 251.654
    endloop
  endfacet
  facet normal 0.233434 -0.972373 0
    outer loop
      vertex -5.23121 -366.431 249.254
      vertex -4.77346 -366.321 249.254
      vertex -4.77346 -366.321 251.654
    endloop
  endfacet
  facet normal 0.382678 -0.923882 0
    outer loop
      vertex -5.66613 -366.611 249.254
      vertex -5.23121 -366.431 249.254
      vertex -5.23121 -366.431 251.654
    endloop
  endfacet
  facet normal 0.522495 -0.852642 0
    outer loop
      vertex -6.06751 -366.857 249.254
      vertex -5.66613 -366.611 249.254
      vertex -5.66613 -366.611 251.654
    endloop
  endfacet
  facet normal 0.649444 -0.76041 0
    outer loop
      vertex -6.42548 -367.162 249.254
      vertex -6.06751 -366.857 249.254
      vertex -6.06751 -366.857 251.654
    endloop
  endfacet
  facet normal 0.649444 -0.76041 0
    outer loop
      vertex -6.06751 -366.857 251.654
      vertex -6.42548 -367.162 251.654
      vertex -6.42548 -367.162 249.254
    endloop
  endfacet
  facet normal 0.522506 -0.852636 0
    outer loop
      vertex -5.66613 -366.611 251.654
      vertex -6.06751 -366.857 251.654
      vertex -6.06751 -366.857 249.254
    endloop
  endfacet
  facet normal 0.382689 -0.923877 0
    outer loop
      vertex -5.23121 -366.431 251.654
      vertex -5.66613 -366.611 251.654
      vertex -5.66613 -366.611 249.254
    endloop
  endfacet
  facet normal 0.233455 -0.972368 0
    outer loop
      vertex -4.77346 -366.321 251.654
      vertex -5.23121 -366.431 251.654
      vertex -5.23121 -366.431 249.254
    endloop
  endfacet
  facet normal 0.078471 -0.996916 0
    outer loop
      vertex -4.30416 -366.284 251.654
      vertex -4.77346 -366.321 251.654
      vertex -4.77346 -366.321 249.254
    endloop
  endfacet
  facet normal -0.0784593 -0.996917 0
    outer loop
      vertex -3.83486 -366.321 251.654
      vertex -4.30416 -366.284 251.654
      vertex -4.30416 -366.284 249.254
    endloop
  endfacet
  facet normal -0.233447 -0.97237 0
    outer loop
      vertex -3.37711 -366.431 251.654
      vertex -3.83486 -366.321 251.654
      vertex -3.83486 -366.321 249.254
    endloop
  endfacet
  facet normal -0.382683 -0.92388 0
    outer loop
      vertex -3.16514 -366.518 249.254
      vertex -2.94219 -366.611 249.254
      vertex -2.94219 -366.611 251.654
    endloop
  endfacet
  facet normal -0.522492 -0.852644 0
    outer loop
      vertex -2.76501 -366.719 251.654
      vertex -2.94219 -366.611 251.654
      vertex -2.94219 -366.611 249.254
    endloop
  endfacet
  facet normal -0.649449 -0.760405 0
    outer loop
      vertex -2.18284 -367.162 251.654
      vertex -2.5408 -366.857 251.654
      vertex -2.5408 -366.857 249.254
    endloop
  endfacet
  facet normal -0.707107 -0.707107 -0
    outer loop
      vertex 42.1528 -411.498 249.254
      vertex 42.1528 -411.498 251.654
      vertex 36.0186 -405.364 251.654
    endloop
  endfacet
  facet normal -0.707107 -0.707107 1.14402e-06
    outer loop
      vertex 36.0186 -405.364 251.654
      vertex 25.7125 -395.058 251.654
      vertex 26.0131 -395.358 249.254
    endloop
  endfacet
  facet normal -0.707107 -0.707107 -5.52213e-07
    outer loop
      vertex 26.0131 -395.358 249.254
      vertex 35.7181 -405.063 249.254
      vertex 36.0186 -405.364 251.654
    endloop
  endfacet
  facet normal -0.707107 -0.707107 4.44523e-07
    outer loop
      vertex 13.9569 -383.302 249.254
      vertex 26.0131 -395.358 249.254
      vertex 25.7125 -395.058 251.654
    endloop
  endfacet
  facet normal -0.707107 -0.707107 -1.02926e-06
    outer loop
      vertex 25.7125 -395.058 251.654
      vertex 14.2574 -383.603 251.654
      vertex 13.9569 -383.302 249.254
    endloop
  endfacet
  facet normal -0.707107 -0.707107 1.14402e-06
    outer loop
      vertex 14.2574 -383.603 251.654
      vertex 3.95134 -373.297 251.654
      vertex 4.25186 -373.597 249.254
    endloop
  endfacet
  facet normal -0.707107 -0.707107 -5.52213e-07
    outer loop
      vertex 4.25186 -373.597 249.254
      vertex 13.9569 -383.302 249.254
      vertex 14.2574 -383.603 251.654
    endloop
  endfacet
  facet normal -0.707107 -0.707107 8.32868e-07
    outer loop
      vertex -2.18284 -367.162 249.254
      vertex 4.25186 -373.597 249.254
      vertex 3.95134 -373.297 251.654
    endloop
  endfacet
  facet normal -0.707107 -0.707107 -0
    outer loop
      vertex 3.95134 -373.297 251.654
      vertex -2.18284 -367.162 251.654
      vertex -2.18284 -367.162 249.254
    endloop
  endfacet
  facet normal -0.707107 -0.707107 1.3326e-06
    outer loop
      vertex 36.0186 -405.364 251.654
      vertex 35.7181 -405.063 249.254
      vertex 42.1528 -411.498 249.254
    endloop
  endfacet
  facet normal -0.766046 0.642786 -0
    outer loop
      vertex 42.4889 -415.34 249.254
      vertex 42.1528 -415.741 249.254
      vertex 42.1528 -415.741 251.654
    endloop
  endfacet
  facet normal -0.866024 0.500001 -0
    outer loop
      vertex 42.7504 -414.887 249.254
      vertex 42.4889 -415.34 249.254
      vertex 42.4889 -415.34 251.654
    endloop
  endfacet
  facet normal -0.939692 0.34202 -0
    outer loop
      vertex 42.9292 -414.396 249.254
      vertex 42.7504 -414.887 249.254
      vertex 42.7504 -414.887 251.654
    endloop
  endfacet
  facet normal -0.984809 0.173643 -0
    outer loop
      vertex 43.02 -413.881 249.254
      vertex 42.9292 -414.396 249.254
      vertex 42.9292 -414.396 251.654
    endloop
  endfacet
  facet normal -1 -7.91624e-06 -0
    outer loop
      vertex 43.02 -413.358 249.254
      vertex 43.02 -413.881 249.254
      vertex 43.02 -413.881 251.654
    endloop
  endfacet
  facet normal -0.984809 -0.173644 -0
    outer loop
      vertex 42.9292 -412.843 249.254
      vertex 43.02 -413.358 249.254
      vertex 43.02 -413.358 251.654
    endloop
  endfacet
  facet normal -0.939691 -0.342024 -7.24667e-07
    outer loop
      vertex 42.9292 -412.843 251.654
      vertex 42.7504 -412.352 251.654
      vertex 42.7971 -412.48 249.254
    endloop
  endfacet
  facet normal -0.939688 -0.342031 -0
    outer loop
      vertex 42.7504 -412.352 251.654
      vertex 42.7504 -412.352 249.254
      vertex 42.7971 -412.48 249.254
    endloop
  endfacet
  facet normal -0.866026 -0.499999 -0
    outer loop
      vertex 42.7504 -412.352 249.254
      vertex 42.7504 -412.352 251.654
      vertex 42.5945 -412.082 251.654
    endloop
  endfacet
  facet normal -0.866026 -0.5 1.44935e-06
    outer loop
      vertex 42.5945 -412.082 251.654
      vertex 42.4889 -411.899 249.254
      vertex 42.7504 -412.352 249.254
    endloop
  endfacet
  facet normal -0.766045 -0.642787 -0
    outer loop
      vertex 42.1528 -411.498 249.254
      vertex 42.4889 -411.899 249.254
      vertex 42.4889 -411.899 251.654
    endloop
  endfacet
  facet normal -0.766045 -0.642787 -0
    outer loop
      vertex 42.4889 -411.899 251.654
      vertex 42.1528 -411.498 251.654
      vertex 42.1528 -411.498 249.254
    endloop
  endfacet
  facet normal -0.866025 -0.5 -0
    outer loop
      vertex 42.5945 -412.082 251.654
      vertex 42.4889 -411.899 251.654
      vertex 42.4889 -411.899 249.254
    endloop
  endfacet
  facet normal -0.939694 -0.342016 -0
    outer loop
      vertex 42.7971 -412.48 249.254
      vertex 42.9292 -412.843 249.254
      vertex 42.9292 -412.843 251.654
    endloop
  endfacet
  facet normal -0.984807 -0.17365 -0
    outer loop
      vertex 43.02 -413.358 251.654
      vertex 42.9292 -412.843 251.654
      vertex 42.9292 -412.843 249.254
    endloop
  endfacet
  facet normal -1 8.55653e-06 -0
    outer loop
      vertex 43.02 -413.881 251.654
      vertex 43.02 -413.358 251.654
      vertex 43.02 -413.358 249.254
    endloop
  endfacet
  facet normal -0.984809 0.173643 -0
    outer loop
      vertex 42.9292 -414.396 251.654
      vertex 43.02 -413.881 251.654
      vertex 43.02 -413.881 249.254
    endloop
  endfacet
  facet normal -0.939689 0.34203 -0
    outer loop
      vertex 42.7504 -414.887 251.654
      vertex 42.9292 -414.396 251.654
      vertex 42.9292 -414.396 249.254
    endloop
  endfacet
  facet normal -0.86603 0.499992 -0
    outer loop
      vertex 42.4889 -415.34 251.654
      vertex 42.7504 -414.887 251.654
      vertex 42.7504 -414.887 249.254
    endloop
  endfacet
  facet normal -0.766039 0.642795 -0
    outer loop
      vertex 42.1528 -415.741 251.654
      vertex 42.4889 -415.34 251.654
      vertex 42.4889 -415.34 249.254
    endloop
  endfacet
  facet normal -0.707107 0.707107 -0
    outer loop
      vertex 21.3368 -436.557 251.654
      vertex 33.3576 -424.536 251.654
      vertex 33.3576 -424.536 249.254
    endloop
  endfacet
  facet normal -0.707107 0.707107 -0
    outer loop
      vertex 42.1528 -415.741 249.254
      vertex 33.3576 -424.536 249.254
      vertex 33.3576 -424.536 251.654
    endloop
  endfacet
  facet normal -0.707107 0.707107 -0
    outer loop
      vertex 33.3576 -424.536 251.654
      vertex 42.1528 -415.741 251.654
      vertex 42.1528 -415.741 249.254
    endloop
  endfacet
  facet normal -0.707107 0.707107 -0
    outer loop
      vertex 33.3576 -424.536 249.254
      vertex 21.3368 -436.557 249.254
      vertex 21.3368 -436.557 251.654
    endloop
  endfacet
  facet normal -0.760407 -0.649447 -0
    outer loop
      vertex 21.3368 -440.799 251.654
      vertex 21.0311 -440.441 251.654
      vertex 21.1299 -440.557 249.254
    endloop
  endfacet
  facet normal -0.760405 -0.649449 -0
    outer loop
      vertex 21.0311 -440.441 251.654
      vertex 21.0311 -440.441 249.254
      vertex 21.1299 -440.557 249.254
    endloop
  endfacet
  facet normal -0.852639 -0.5225 -0
    outer loop
      vertex 21.0311 -440.441 249.254
      vertex 21.0311 -440.441 251.654
      vertex 20.7851 -440.04 251.654
    endloop
  endfacet
  facet normal -0.92388 -0.382683 -0
    outer loop
      vertex 20.7851 -440.04 249.254
      vertex 20.7851 -440.04 251.654
      vertex 20.605 -439.605 251.654
    endloop
  endfacet
  facet normal -0.972368 -0.233453 -0
    outer loop
      vertex 20.605 -439.605 249.254
      vertex 20.605 -439.605 251.654
      vertex 20.4951 -439.147 251.654
    endloop
  endfacet
  facet normal -0.996918 -0.078451 -0
    outer loop
      vertex 20.4951 -439.147 249.254
      vertex 20.4951 -439.147 251.654
      vertex 20.4581 -438.678 251.654
    endloop
  endfacet
  facet normal -0.996918 0.0784515 -0
    outer loop
      vertex 20.4581 -438.678 249.254
      vertex 20.4581 -438.678 251.654
      vertex 20.4951 -438.209 251.654
    endloop
  endfacet
  facet normal -0.97237 0.233443 -0
    outer loop
      vertex 20.4951 -438.209 249.254
      vertex 20.4951 -438.209 251.654
      vertex 20.605 -437.751 251.654
    endloop
  endfacet
  facet normal -0.923882 0.382678 -0
    outer loop
      vertex 20.605 -437.751 249.254
      vertex 20.605 -437.751 251.654
      vertex 20.7851 -437.316 251.654
    endloop
  endfacet
  facet normal -0.852642 0.522496 -0
    outer loop
      vertex 20.7851 -437.316 249.254
      vertex 20.7851 -437.316 251.654
      vertex 21.0311 -436.915 251.654
    endloop
  endfacet
  facet normal -0.76041 0.649444 -0
    outer loop
      vertex 21.0311 -436.915 249.254
      vertex 21.0311 -436.915 251.654
      vertex 21.3368 -436.557 251.654
    endloop
  endfacet
  facet normal -0.76041 0.649444 -0
    outer loop
      vertex 21.3368 -436.557 251.654
      vertex 21.3368 -436.557 249.254
      vertex 21.0311 -436.915 249.254
    endloop
  endfacet
  facet normal -0.852636 0.522506 -0
    outer loop
      vertex 21.0311 -436.915 251.654
      vertex 21.0311 -436.915 249.254
      vertex 20.7851 -437.316 249.254
    endloop
  endfacet
  facet normal -0.923877 0.382689 -0
    outer loop
      vertex 20.7851 -437.316 251.654
      vertex 20.7851 -437.316 249.254
      vertex 20.605 -437.751 249.254
    endloop
  endfacet
  facet normal -0.972368 0.233454 -0
    outer loop
      vertex 20.605 -437.751 251.654
      vertex 20.605 -437.751 249.254
      vertex 20.4951 -438.209 249.254
    endloop
  endfacet
  facet normal -0.996917 0.0784613 -0
    outer loop
      vertex 20.4951 -438.209 251.654
      vertex 20.4951 -438.209 249.254
      vertex 20.4581 -438.678 249.254
    endloop
  endfacet
  facet normal -0.996917 -0.0784593 -0
    outer loop
      vertex 20.4581 -438.678 251.654
      vertex 20.4581 -438.678 249.254
      vertex 20.4951 -439.147 249.254
    endloop
  endfacet
  facet normal -0.97237 -0.233447 -0
    outer loop
      vertex 20.4951 -439.147 251.654
      vertex 20.4951 -439.147 249.254
      vertex 20.605 -439.605 249.254
    endloop
  endfacet
  facet normal -0.92388 -0.382683 -0
    outer loop
      vertex 20.605 -439.605 251.654
      vertex 20.605 -439.605 249.254
      vertex 20.7851 -440.04 249.254
    endloop
  endfacet
  facet normal -0.852639 -0.5225 -0
    outer loop
      vertex 20.7851 -440.04 251.654
      vertex 20.7851 -440.04 249.254
      vertex 21.0311 -440.441 249.254
    endloop
  endfacet
  facet normal -0.760408 -0.649446 -0
    outer loop
      vertex 21.1299 -440.557 249.254
      vertex 21.3368 -440.799 249.254
      vertex 21.3368 -440.799 251.654
    endloop
  endfacet
  facet normal -0.707107 -0.707107 -0
    outer loop
      vertex 28.2921 -447.755 251.654
      vertex 21.3368 -440.799 251.654
      vertex 21.3368 -440.799 249.254
    endloop
  endfacet
  facet normal -0.707107 -0.707107 -0
    outer loop
      vertex 21.3368 -440.799 249.254
      vertex 28.2921 -447.755 249.254
      vertex 28.2921 -447.755 251.654
    endloop
  endfacet
  facet normal -0.996918 -0.078451 -0
    outer loop
      vertex 29.1339 -449.407 249.254
      vertex 29.1708 -449.876 249.254
      vertex 29.1708 -449.876 251.654
    endloop
  endfacet
  facet normal -0.972369 -0.233449 -0
    outer loop
      vertex 29.1339 -449.407 249.254
      vertex 29.1339 -449.407 251.654
      vertex 29.0566 -449.085 251.654
    endloop
  endfacet
  facet normal -0.97237 -0.233445 -0
    outer loop
      vertex 29.0566 -449.085 251.654
      vertex 29.024 -448.949 249.254
      vertex 29.1339 -449.407 249.254
    endloop
  endfacet
  facet normal -0.923879 -0.382684 6.03748e-07
    outer loop
      vertex 28.8438 -448.514 249.254
      vertex 29.024 -448.949 249.254
      vertex 28.9625 -448.801 251.654
    endloop
  endfacet
  facet normal -0.923882 -0.382677 -0
    outer loop
      vertex 29.024 -448.949 249.254
      vertex 29.024 -448.949 251.654
      vertex 28.9625 -448.801 251.654
    endloop
  endfacet
  facet normal -0.852641 -0.522497 -0
    outer loop
      vertex 28.5978 -448.113 251.654
      vertex 28.5978 -448.113 249.254
      vertex 28.7695 -448.393 249.254
    endloop
  endfacet
  facet normal -0.852641 -0.522497 8.05006e-07
    outer loop
      vertex 28.7695 -448.393 249.254
      vertex 28.8438 -448.514 251.654
      vertex 28.5978 -448.113 251.654
    endloop
  endfacet
  facet normal -0.760406 -0.649448 -0
    outer loop
      vertex 28.2921 -447.755 249.254
      vertex 28.5978 -448.113 249.254
      vertex 28.5978 -448.113 251.654
    endloop
  endfacet
  facet normal -0.760406 -0.649448 -0
    outer loop
      vertex 28.5978 -448.113 251.654
      vertex 28.2921 -447.755 251.654
      vertex 28.2921 -447.755 249.254
    endloop
  endfacet
  facet normal -0.852636 -0.522505 -0
    outer loop
      vertex 28.7695 -448.393 249.254
      vertex 28.8438 -448.514 249.254
      vertex 28.8438 -448.514 251.654
    endloop
  endfacet
  facet normal -0.923878 -0.382688 -0
    outer loop
      vertex 28.9625 -448.801 251.654
      vertex 28.8438 -448.514 251.654
      vertex 28.8438 -448.514 249.254
    endloop
  endfacet
  facet normal -0.972372 -0.233436 -0
    outer loop
      vertex 29.0566 -449.085 251.654
      vertex 29.024 -448.949 251.654
      vertex 29.024 -448.949 249.254
    endloop
  endfacet
  facet normal -0.996917 -0.0784593 -0
    outer loop
      vertex 29.1708 -449.876 251.654
      vertex 29.1339 -449.407 251.654
      vertex 29.1339 -449.407 249.254
    endloop
  endfacet
  facet normal 0.766024 -0.642812 0
    outer loop
      vertex -49.9533 -374.169 249.254
      vertex -49.7628 -373.942 249.254
      vertex -49.7628 -373.942 251.654
    endloop
  endfacet
  facet normal 0.866033 -0.499986 0
    outer loop
      vertex -50.1014 -374.426 249.254
      vertex -49.9533 -374.169 249.254
      vertex -49.9533 -374.169 251.654
    endloop
  endfacet
  facet normal 0.93969 -0.342028 0
    outer loop
      vertex -50.2028 -374.704 249.254
      vertex -50.1014 -374.426 249.254
      vertex -50.1014 -374.426 251.654
    endloop
  endfacet
  facet normal 0.984807 -0.17365 0
    outer loop
      vertex -50.2542 -374.996 249.254
      vertex -50.2028 -374.704 249.254
      vertex -50.2028 -374.704 251.654
    endloop
  endfacet
  facet normal 1 -6.69388e-06 0
    outer loop
      vertex -50.2542 -375.293 249.254
      vertex -50.2542 -374.996 249.254
      vertex -50.2542 -374.996 251.654
    endloop
  endfacet
  facet normal 0.984807 0.17365 0
    outer loop
      vertex -50.2028 -375.584 249.254
      vertex -50.2542 -375.293 249.254
      vertex -50.2542 -375.293 251.654
    endloop
  endfacet
  facet normal 0.939692 0.342021 0
    outer loop
      vertex -50.1014 -375.863 249.254
      vertex -50.2028 -375.584 249.254
      vertex -50.2028 -375.584 251.654
    endloop
  endfacet
  facet normal 0.866025 0.500001 0
    outer loop
      vertex -49.9533 -376.12 249.254
      vertex -50.1014 -375.863 249.254
      vertex -50.1014 -375.863 251.654
    endloop
  endfacet
  facet normal 0.766043 0.64279 0
    outer loop
      vertex -49.7628 -376.347 249.254
      vertex -49.9533 -376.12 249.254
      vertex -49.9533 -376.12 251.654
    endloop
  endfacet
  facet normal 0.642793 0.76604 0
    outer loop
      vertex -49.5358 -376.537 249.254
      vertex -49.7628 -376.347 249.254
      vertex -49.7628 -376.347 251.654
    endloop
  endfacet
  facet normal 0.499992 0.86603 0
    outer loop
      vertex -49.2791 -376.685 249.254
      vertex -49.5358 -376.537 249.254
      vertex -49.5358 -376.537 251.654
    endloop
  endfacet
  facet normal 0.342021 0.939692 0
    outer loop
      vertex -49.0007 -376.787 249.254
      vertex -49.2791 -376.685 249.254
      vertex -49.2791 -376.685 251.654
    endloop
  endfacet
  facet normal 0.17365 0.984807 0
    outer loop
      vertex -48.7089 -376.838 249.254
      vertex -49.0007 -376.787 249.254
      vertex -49.0007 -376.787 251.654
    endloop
  endfacet
  facet normal -6.69388e-06 1 0
    outer loop
      vertex -48.4125 -376.838 249.254
      vertex -48.7089 -376.838 249.254
      vertex -48.7089 -376.838 251.654
    endloop
  endfacet
  facet normal -0.173617 0.984813 0
    outer loop
      vertex -48.1207 -376.787 249.254
      vertex -48.4125 -376.838 249.254
      vertex -48.4125 -376.838 251.654
    endloop
  endfacet
  facet normal -0.341993 0.939702 0
    outer loop
      vertex -47.8423 -376.685 249.254
      vertex -48.1207 -376.787 249.254
      vertex -48.1207 -376.787 251.654
    endloop
  endfacet
  facet normal -0.499986 0.866033 0
    outer loop
      vertex -47.5856 -376.537 249.254
      vertex -47.8423 -376.685 249.254
      vertex -47.8423 -376.685 251.654
    endloop
  endfacet
  facet normal -0.64278 0.766051 0
    outer loop
      vertex -47.3586 -376.347 249.254
      vertex -47.5856 -376.537 249.254
      vertex -47.5856 -376.537 251.654
    endloop
  endfacet
  facet normal -0.766024 0.642811 -0
    outer loop
      vertex -47.1681 -376.12 249.254
      vertex -47.3586 -376.347 249.254
      vertex -47.3586 -376.347 251.654
    endloop
  endfacet
  facet normal -0.866014 0.50002 -0
    outer loop
      vertex -47.02 -375.863 249.254
      vertex -47.1681 -376.12 249.254
      vertex -47.1681 -376.12 251.654
    endloop
  endfacet
  facet normal -0.93969 0.342028 -0
    outer loop
      vertex -46.9186 -375.584 249.254
      vertex -47.02 -375.863 249.254
      vertex -47.02 -375.863 251.654
    endloop
  endfacet
  facet normal -0.984801 0.173685 -0
    outer loop
      vertex -46.8672 -375.293 249.254
      vertex -46.9186 -375.584 249.254
      vertex -46.9186 -375.584 251.654
    endloop
  endfacet
  facet normal -1 2.32831e-06 -0
    outer loop
      vertex -46.8672 -374.996 249.254
      vertex -46.8672 -375.293 249.254
      vertex -46.8672 -375.293 251.654
    endloop
  endfacet
  facet normal -0.984808 -0.173645 -0
    outer loop
      vertex -46.9186 -374.704 249.254
      vertex -46.8672 -374.996 249.254
      vertex -46.8672 -374.996 251.654
    endloop
  endfacet
  facet normal -0.939691 -0.342023 -0
    outer loop
      vertex -47.02 -374.426 249.254
      vertex -46.9186 -374.704 249.254
      vertex -46.9186 -374.704 251.654
    endloop
  endfacet
  facet normal -0.866023 -0.500004 -0
    outer loop
      vertex -47.1681 -374.169 249.254
      vertex -47.02 -374.426 249.254
      vertex -47.02 -374.426 251.654
    endloop
  endfacet
  facet normal -0.766047 -0.642785 -0
    outer loop
      vertex -47.3586 -373.942 249.254
      vertex -47.1681 -374.169 249.254
      vertex -47.1681 -374.169 251.654
    endloop
  endfacet
  facet normal -0.642788 -0.766044 0
    outer loop
      vertex -47.5856 -373.752 249.254
      vertex -47.3586 -373.942 249.254
      vertex -47.3586 -373.942 251.654
    endloop
  endfacet
  facet normal -0.499995 -0.866028 0
    outer loop
      vertex -47.8423 -373.604 249.254
      vertex -47.5856 -373.752 249.254
      vertex -47.5856 -373.752 251.654
    endloop
  endfacet
  facet normal -0.342023 -0.939691 0
    outer loop
      vertex -48.1207 -373.502 249.254
      vertex -47.8423 -373.604 249.254
      vertex -47.8423 -373.604 251.654
    endloop
  endfacet
  facet normal -0.173645 -0.984808 0
    outer loop
      vertex -48.4125 -373.451 249.254
      vertex -48.1207 -373.502 249.254
      vertex -48.1207 -373.502 251.654
    endloop
  endfacet
  facet normal 2.32831e-06 -1 0
    outer loop
      vertex -48.7089 -373.451 249.254
      vertex -48.4125 -373.451 249.254
      vertex -48.4125 -373.451 251.654
    endloop
  endfacet
  facet normal 0.173652 -0.984807 0
    outer loop
      vertex -49.0007 -373.502 249.254
      vertex -48.7089 -373.451 249.254
      vertex -48.7089 -373.451 251.654
    endloop
  endfacet
  facet normal 0.342028 -0.93969 0
    outer loop
      vertex -49.2792 -373.604 249.254
      vertex -49.0007 -373.502 249.254
      vertex -49.0007 -373.502 251.654
    endloop
  endfacet
  facet normal 0.499986 -0.866033 0
    outer loop
      vertex -49.5358 -373.752 249.254
      vertex -49.2792 -373.604 249.254
      vertex -49.2792 -373.604 251.654
    endloop
  endfacet
  facet normal 0.64278 -0.766051 0
    outer loop
      vertex -49.7628 -373.942 249.254
      vertex -49.5358 -373.752 249.254
      vertex -49.5358 -373.752 251.654
    endloop
  endfacet
  facet normal 0.642811 -0.766024 0
    outer loop
      vertex -49.5358 -373.752 251.654
      vertex -49.7628 -373.942 251.654
      vertex -49.7628 -373.942 249.254
    endloop
  endfacet
  facet normal 0.499986 -0.866033 0
    outer loop
      vertex -49.2792 -373.604 251.654
      vertex -49.5358 -373.752 251.654
      vertex -49.5358 -373.752 249.254
    endloop
  endfacet
  facet normal 0.342028 -0.93969 0
    outer loop
      vertex -49.0007 -373.502 251.654
      vertex -49.2792 -373.604 251.654
      vertex -49.2792 -373.604 249.254
    endloop
  endfacet
  facet normal 0.173652 -0.984807 0
    outer loop
      vertex -48.7089 -373.451 251.654
      vertex -49.0007 -373.502 251.654
      vertex -49.0007 -373.502 249.254
    endloop
  endfacet
  facet normal 2.32831e-06 -1 0
    outer loop
      vertex -48.4125 -373.451 251.654
      vertex -48.7089 -373.451 251.654
      vertex -48.7089 -373.451 249.254
    endloop
  endfacet
  facet normal -0.173645 -0.984808 0
    outer loop
      vertex -48.1207 -373.502 251.654
      vertex -48.4125 -373.451 251.654
      vertex -48.4125 -373.451 249.254
    endloop
  endfacet
  facet normal -0.342023 -0.939691 0
    outer loop
      vertex -47.8423 -373.604 251.654
      vertex -48.1207 -373.502 251.654
      vertex -48.1207 -373.502 249.254
    endloop
  endfacet
  facet normal -0.500004 -0.866023 0
    outer loop
      vertex -47.5856 -373.752 251.654
      vertex -47.8423 -373.604 251.654
      vertex -47.8423 -373.604 249.254
    endloop
  endfacet
  facet normal -0.642785 -0.766047 0
    outer loop
      vertex -47.3586 -373.942 251.654
      vertex -47.5856 -373.752 251.654
      vertex -47.5856 -373.752 249.254
    endloop
  endfacet
  facet normal -0.766044 -0.642788 -0
    outer loop
      vertex -47.1681 -374.169 251.654
      vertex -47.3586 -373.942 251.654
      vertex -47.3586 -373.942 249.254
    endloop
  endfacet
  facet normal -0.866028 -0.499995 -0
    outer loop
      vertex -47.02 -374.426 251.654
      vertex -47.1681 -374.169 251.654
      vertex -47.1681 -374.169 249.254
    endloop
  endfacet
  facet normal -0.939691 -0.342023 -0
    outer loop
      vertex -46.9186 -374.704 251.654
      vertex -47.02 -374.426 251.654
      vertex -47.02 -374.426 249.254
    endloop
  endfacet
  facet normal -0.984808 -0.173645 -0
    outer loop
      vertex -46.8672 -374.996 251.654
      vertex -46.9186 -374.704 251.654
      vertex -46.9186 -374.704 249.254
    endloop
  endfacet
  facet normal -1 2.32831e-06 -0
    outer loop
      vertex -46.8672 -375.293 251.654
      vertex -46.8672 -374.996 251.654
      vertex -46.8672 -374.996 249.254
    endloop
  endfacet
  facet normal -0.984813 0.173619 -0
    outer loop
      vertex -46.9186 -375.584 251.654
      vertex -46.8672 -375.293 251.654
      vertex -46.8672 -375.293 249.254
    endloop
  endfacet
  facet normal -0.939702 0.341993 -0
    outer loop
      vertex -47.02 -375.863 251.654
      vertex -46.9186 -375.584 251.654
      vertex -46.9186 -375.584 249.254
    endloop
  endfacet
  facet normal -0.866033 0.499986 -0
    outer loop
      vertex -47.1681 -376.12 251.654
      vertex -47.02 -375.863 251.654
      vertex -47.02 -375.863 249.254
    endloop
  endfacet
  facet normal -0.766051 0.64278 -0
    outer loop
      vertex -47.3586 -376.347 251.654
      vertex -47.1681 -376.12 251.654
      vertex -47.1681 -376.12 249.254
    endloop
  endfacet
  facet normal -0.642812 0.766024 0
    outer loop
      vertex -47.5856 -376.537 251.654
      vertex -47.3586 -376.347 251.654
      vertex -47.3586 -376.347 249.254
    endloop
  endfacet
  facet normal -0.50002 0.866014 0
    outer loop
      vertex -47.8423 -376.685 251.654
      vertex -47.5856 -376.537 251.654
      vertex -47.5856 -376.537 249.254
    endloop
  endfacet
  facet normal -0.342028 0.93969 0
    outer loop
      vertex -48.1207 -376.787 251.654
      vertex -47.8423 -376.685 251.654
      vertex -47.8423 -376.685 249.254
    endloop
  endfacet
  facet normal -0.173683 0.984802 0
    outer loop
      vertex -48.4125 -376.838 251.654
      vertex -48.1207 -376.787 251.654
      vertex -48.1207 -376.787 249.254
    endloop
  endfacet
  facet normal -6.69388e-06 1 0
    outer loop
      vertex -48.7089 -376.838 251.654
      vertex -48.4125 -376.838 251.654
      vertex -48.4125 -376.838 249.254
    endloop
  endfacet
  facet normal 0.17365 0.984807 0
    outer loop
      vertex -49.0007 -376.787 251.654
      vertex -48.7089 -376.838 251.654
      vertex -48.7089 -376.838 249.254
    endloop
  endfacet
  facet normal 0.342021 0.939692 0
    outer loop
      vertex -49.2791 -376.685 251.654
      vertex -49.0007 -376.787 251.654
      vertex -49.0007 -376.787 249.254
    endloop
  endfacet
  facet normal 0.500001 0.866025 0
    outer loop
      vertex -49.5358 -376.537 251.654
      vertex -49.2791 -376.685 251.654
      vertex -49.2791 -376.685 249.254
    endloop
  endfacet
  facet normal 0.64279 0.766043 0
    outer loop
      vertex -49.7628 -376.347 251.654
      vertex -49.5358 -376.537 251.654
      vertex -49.5358 -376.537 249.254
    endloop
  endfacet
  facet normal 0.76604 0.642793 0
    outer loop
      vertex -49.9533 -376.12 251.654
      vertex -49.7628 -376.347 251.654
      vertex -49.7628 -376.347 249.254
    endloop
  endfacet
  facet normal 0.86603 0.499992 0
    outer loop
      vertex -50.1014 -375.863 251.654
      vertex -49.9533 -376.12 251.654
      vertex -49.9533 -376.12 249.254
    endloop
  endfacet
  facet normal 0.939692 0.342021 0
    outer loop
      vertex -50.2028 -375.584 251.654
      vertex -50.1014 -375.863 251.654
      vertex -50.1014 -375.863 249.254
    endloop
  endfacet
  facet normal 0.984807 0.17365 0
    outer loop
      vertex -50.2542 -375.293 251.654
      vertex -50.2028 -375.584 251.654
      vertex -50.2028 -375.584 249.254
    endloop
  endfacet
  facet normal 1 -6.69388e-06 0
    outer loop
      vertex -50.2542 -374.996 251.654
      vertex -50.2542 -375.293 251.654
      vertex -50.2542 -375.293 249.254
    endloop
  endfacet
  facet normal 0.984807 -0.17365 0
    outer loop
      vertex -50.2028 -374.704 251.654
      vertex -50.2542 -374.996 251.654
      vertex -50.2542 -374.996 249.254
    endloop
  endfacet
  facet normal 0.93969 -0.342028 0
    outer loop
      vertex -50.1014 -374.426 251.654
      vertex -50.2028 -374.704 251.654
      vertex -50.2028 -374.704 249.254
    endloop
  endfacet
  facet normal 0.866033 -0.499986 0
    outer loop
      vertex -49.9533 -374.169 251.654
      vertex -50.1014 -374.426 251.654
      vertex -50.1014 -374.426 249.254
    endloop
  endfacet
  facet normal 0.766051 -0.64278 0
    outer loop
      vertex -49.7628 -373.942 251.654
      vertex -49.9533 -374.169 251.654
      vertex -49.9533 -374.169 249.254
    endloop
  endfacet
  facet normal 0.766044 -0.642788 0
    outer loop
      vertex -37.9761 -444.924 249.254
      vertex -37.7857 -444.697 249.254
      vertex -37.7857 -444.697 251.654
    endloop
  endfacet
  facet normal 0.866028 -0.499996 0
    outer loop
      vertex -38.1243 -445.18 249.254
      vertex -37.9761 -444.924 249.254
      vertex -37.9761 -444.924 251.654
    endloop
  endfacet
  facet normal 0.939692 -0.342023 0
    outer loop
      vertex -38.2257 -445.459 249.254
      vertex -38.1243 -445.18 249.254
      vertex -38.1243 -445.18 251.654
    endloop
  endfacet
  facet normal 0.984808 -0.173649 0
    outer loop
      vertex -38.2771 -445.751 249.254
      vertex -38.2257 -445.459 249.254
      vertex -38.2257 -445.459 251.654
    endloop
  endfacet
  facet normal 1 3.49246e-07 0
    outer loop
      vertex -38.2771 -446.047 249.254
      vertex -38.2771 -445.751 249.254
      vertex -38.2771 -445.751 251.654
    endloop
  endfacet
  facet normal 0.984807 0.173651 0
    outer loop
      vertex -38.2257 -446.339 249.254
      vertex -38.2771 -446.047 249.254
      vertex -38.2771 -446.047 251.654
    endloop
  endfacet
  facet normal 0.939691 0.342024 0
    outer loop
      vertex -38.1243 -446.617 249.254
      vertex -38.2257 -446.339 249.254
      vertex -38.2257 -446.339 251.654
    endloop
  endfacet
  facet normal 0.866026 0.499999 0
    outer loop
      vertex -37.9761 -446.874 249.254
      vertex -38.1243 -446.617 249.254
      vertex -38.1243 -446.617 251.654
    endloop
  endfacet
  facet normal 0.766046 0.642786 0
    outer loop
      vertex -37.7857 -447.101 249.254
      vertex -37.9761 -446.874 249.254
      vertex -37.9761 -446.874 251.654
    endloop
  endfacet
  facet normal 0.642786 0.766046 0
    outer loop
      vertex -37.5587 -447.291 249.254
      vertex -37.7857 -447.101 249.254
      vertex -37.7857 -447.101 251.654
    endloop
  endfacet
  facet normal 0.499998 0.866026 0
    outer loop
      vertex -37.302 -447.44 249.254
      vertex -37.5587 -447.291 249.254
      vertex -37.5587 -447.291 251.654
    endloop
  endfacet
  facet normal 0.342024 0.939691 0
    outer loop
      vertex -37.0236 -447.541 249.254
      vertex -37.302 -447.44 249.254
      vertex -37.302 -447.44 251.654
    endloop
  endfacet
  facet normal 0.173652 0.984807 0
    outer loop
      vertex -36.7317 -447.592 249.254
      vertex -37.0236 -447.541 249.254
      vertex -37.0236 -447.541 251.654
    endloop
  endfacet
  facet normal 5.23869e-07 1 0
    outer loop
      vertex -36.4354 -447.592 249.254
      vertex -36.7317 -447.592 249.254
      vertex -36.7317 -447.592 251.654
    endloop
  endfacet
  facet normal -0.17365 0.984807 0
    outer loop
      vertex -36.1436 -447.541 249.254
      vertex -36.4354 -447.592 249.254
      vertex -36.4354 -447.592 251.654
    endloop
  endfacet
  facet normal -0.342022 0.939692 0
    outer loop
      vertex -35.8651 -447.44 249.254
      vertex -36.1436 -447.541 249.254
      vertex -36.1436 -447.541 251.654
    endloop
  endfacet
  facet normal -0.499997 0.866027 0
    outer loop
      vertex -35.6085 -447.291 249.254
      vertex -35.8651 -447.44 249.254
      vertex -35.8651 -447.44 251.654
    endloop
  endfacet
  facet normal -0.642788 0.766044 0
    outer loop
      vertex -35.3815 -447.101 249.254
      vertex -35.6085 -447.291 249.254
      vertex -35.6085 -447.291 251.654
    endloop
  endfacet
  facet normal -0.766044 0.642788 -0
    outer loop
      vertex -35.191 -446.874 249.254
      vertex -35.3815 -447.101 249.254
      vertex -35.3815 -447.101 251.654
    endloop
  endfacet
  facet normal -0.866025 0.5 -0
    outer loop
      vertex -35.0429 -446.617 249.254
      vertex -35.191 -446.874 249.254
      vertex -35.191 -446.874 251.654
    endloop
  endfacet
  facet normal -0.939694 0.342017 -0
    outer loop
      vertex -34.9415 -446.339 249.254
      vertex -35.0429 -446.617 249.254
      vertex -35.0429 -446.617 251.654
    endloop
  endfacet
  facet normal -0.984807 0.17365 -0
    outer loop
      vertex -34.89 -446.047 249.254
      vertex -34.9415 -446.339 249.254
      vertex -34.9415 -446.339 251.654
    endloop
  endfacet
  facet normal -1 -5.23869e-07 -0
    outer loop
      vertex -34.89 -445.751 249.254
      vertex -34.89 -446.047 249.254
      vertex -34.89 -446.047 251.654
    endloop
  endfacet
  facet normal -0.984807 -0.173652 -0
    outer loop
      vertex -34.9415 -445.459 249.254
      vertex -34.89 -445.751 249.254
      vertex -34.89 -445.751 251.654
    endloop
  endfacet
  facet normal -0.939695 -0.342013 -0
    outer loop
      vertex -35.0429 -445.18 249.254
      vertex -34.9415 -445.459 249.254
      vertex -34.9415 -445.459 251.654
    endloop
  endfacet
  facet normal -0.866026 -0.499998 -0
    outer loop
      vertex -35.191 -444.924 249.254
      vertex -35.0429 -445.18 249.254
      vertex -35.0429 -445.18 251.654
    endloop
  endfacet
  facet normal -0.766038 -0.642796 -0
    outer loop
      vertex -35.3815 -444.697 249.254
      vertex -35.191 -444.924 249.254
      vertex -35.191 -444.924 251.654
    endloop
  endfacet
  facet normal -0.642796 -0.766038 0
    outer loop
      vertex -35.6085 -444.506 249.254
      vertex -35.3815 -444.697 249.254
      vertex -35.3815 -444.697 251.654
    endloop
  endfacet
  facet normal -0.499998 -0.866027 0
    outer loop
      vertex -35.8651 -444.358 249.254
      vertex -35.6085 -444.506 249.254
      vertex -35.6085 -444.506 251.654
    endloop
  endfacet
  facet normal -0.342012 -0.939695 0
    outer loop
      vertex -36.1436 -444.257 249.254
      vertex -35.8651 -444.358 249.254
      vertex -35.8651 -444.358 251.654
    endloop
  endfacet
  facet normal -0.173651 -0.984807 0
    outer loop
      vertex -36.4354 -444.205 249.254
      vertex -36.1436 -444.257 249.254
      vertex -36.1436 -444.257 251.654
    endloop
  endfacet
  facet normal -1.22236e-06 -1 0
    outer loop
      vertex -36.7317 -444.205 249.254
      vertex -36.4354 -444.205 249.254
      vertex -36.4354 -444.205 251.654
    endloop
  endfacet
  facet normal 0.173651 -0.984807 0
    outer loop
      vertex -37.0236 -444.257 249.254
      vertex -36.7317 -444.205 249.254
      vertex -36.7317 -444.205 251.654
    endloop
  endfacet
  facet normal 0.342017 -0.939694 0
    outer loop
      vertex -37.302 -444.358 249.254
      vertex -37.0236 -444.257 249.254
      vertex -37.0236 -444.257 251.654
    endloop
  endfacet
  facet normal 0.5 -0.866025 0
    outer loop
      vertex -37.5587 -444.506 249.254
      vertex -37.302 -444.358 249.254
      vertex -37.302 -444.358 251.654
    endloop
  endfacet
  facet normal 0.642788 -0.766044 0
    outer loop
      vertex -37.7857 -444.697 249.254
      vertex -37.5587 -444.506 249.254
      vertex -37.5587 -444.506 251.654
    endloop
  endfacet
  facet normal 0.642788 -0.766044 0
    outer loop
      vertex -37.5587 -444.506 251.654
      vertex -37.7857 -444.697 251.654
      vertex -37.7857 -444.697 249.254
    endloop
  endfacet
  facet normal 0.499999 -0.866026 0
    outer loop
      vertex -37.302 -444.358 251.654
      vertex -37.5587 -444.506 251.654
      vertex -37.5587 -444.506 249.254
    endloop
  endfacet
  facet normal 0.342018 -0.939693 0
    outer loop
      vertex -37.0236 -444.257 251.654
      vertex -37.302 -444.358 251.654
      vertex -37.302 -444.358 249.254
    endloop
  endfacet
  facet normal 0.173649 -0.984808 0
    outer loop
      vertex -36.7317 -444.205 251.654
      vertex -37.0236 -444.257 251.654
      vertex -37.0236 -444.257 249.254
    endloop
  endfacet
  facet normal -3.49246e-07 -1 0
    outer loop
      vertex -36.4354 -444.205 251.654
      vertex -36.7317 -444.205 251.654
      vertex -36.7317 -444.205 249.254
    endloop
  endfacet
  facet normal -0.173651 -0.984807 0
    outer loop
      vertex -36.1436 -444.257 251.654
      vertex -36.4354 -444.205 251.654
      vertex -36.4354 -444.205 249.254
    endloop
  endfacet
  facet normal -0.342013 -0.939695 0
    outer loop
      vertex -35.8651 -444.358 251.654
      vertex -36.1436 -444.257 251.654
      vertex -36.1436 -444.257 249.254
    endloop
  endfacet
  facet normal -0.499999 -0.866026 0
    outer loop
      vertex -35.6085 -444.506 251.654
      vertex -35.8651 -444.358 251.654
      vertex -35.8651 -444.358 249.254
    endloop
  endfacet
  facet normal -0.642796 -0.766038 0
    outer loop
      vertex -35.3815 -444.697 251.654
      vertex -35.6085 -444.506 251.654
      vertex -35.6085 -444.506 249.254
    endloop
  endfacet
  facet normal -0.766038 -0.642796 -0
    outer loop
      vertex -35.191 -444.924 251.654
      vertex -35.3815 -444.697 251.654
      vertex -35.3815 -444.697 249.254
    endloop
  endfacet
  facet normal -0.866026 -0.499998 -0
    outer loop
      vertex -35.0429 -445.18 251.654
      vertex -35.191 -444.924 251.654
      vertex -35.191 -444.924 249.254
    endloop
  endfacet
  facet normal -0.939695 -0.342013 -0
    outer loop
      vertex -34.9415 -445.459 251.654
      vertex -35.0429 -445.18 251.654
      vertex -35.0429 -445.18 249.254
    endloop
  endfacet
  facet normal -0.984807 -0.173652 -0
    outer loop
      vertex -34.89 -445.751 251.654
      vertex -34.9415 -445.459 251.654
      vertex -34.9415 -445.459 249.254
    endloop
  endfacet
  facet normal -1 -5.23869e-07 -0
    outer loop
      vertex -34.89 -446.047 251.654
      vertex -34.89 -445.751 251.654
      vertex -34.89 -445.751 249.254
    endloop
  endfacet
  facet normal -0.984807 0.17365 -0
    outer loop
      vertex -34.9415 -446.339 251.654
      vertex -34.89 -446.047 251.654
      vertex -34.89 -446.047 249.254
    endloop
  endfacet
  facet normal -0.939694 0.342017 -0
    outer loop
      vertex -35.0429 -446.617 251.654
      vertex -34.9415 -446.339 251.654
      vertex -34.9415 -446.339 249.254
    endloop
  endfacet
  facet normal -0.866025 0.5 -0
    outer loop
      vertex -35.191 -446.874 251.654
      vertex -35.0429 -446.617 251.654
      vertex -35.0429 -446.617 249.254
    endloop
  endfacet
  facet normal -0.766044 0.642788 -0
    outer loop
      vertex -35.3815 -447.101 251.654
      vertex -35.191 -446.874 251.654
      vertex -35.191 -446.874 249.254
    endloop
  endfacet
  facet normal -0.642788 0.766044 0
    outer loop
      vertex -35.6085 -447.291 251.654
      vertex -35.3815 -447.101 251.654
      vertex -35.3815 -447.101 249.254
    endloop
  endfacet
  facet normal -0.499997 0.866027 0
    outer loop
      vertex -35.8651 -447.44 251.654
      vertex -35.6085 -447.291 251.654
      vertex -35.6085 -447.291 249.254
    endloop
  endfacet
  facet normal -0.342022 0.939692 0
    outer loop
      vertex -36.1436 -447.541 251.654
      vertex -35.8651 -447.44 251.654
      vertex -35.8651 -447.44 249.254
    endloop
  endfacet
  facet normal -0.17365 0.984807 0
    outer loop
      vertex -36.4354 -447.592 251.654
      vertex -36.1436 -447.541 251.654
      vertex -36.1436 -447.541 249.254
    endloop
  endfacet
  facet normal 5.23869e-07 1 0
    outer loop
      vertex -36.7317 -447.592 251.654
      vertex -36.4354 -447.592 251.654
      vertex -36.4354 -447.592 249.254
    endloop
  endfacet
  facet normal 0.173652 0.984807 0
    outer loop
      vertex -37.0236 -447.541 251.654
      vertex -36.7317 -447.592 251.654
      vertex -36.7317 -447.592 249.254
    endloop
  endfacet
  facet normal 0.342023 0.939691 0
    outer loop
      vertex -37.302 -447.44 251.654
      vertex -37.0236 -447.541 251.654
      vertex -37.0236 -447.541 249.254
    endloop
  endfacet
  facet normal 0.499998 0.866026 0
    outer loop
      vertex -37.5587 -447.291 251.654
      vertex -37.302 -447.44 251.654
      vertex -37.302 -447.44 249.254
    endloop
  endfacet
  facet normal 0.642786 0.766046 0
    outer loop
      vertex -37.7857 -447.101 251.654
      vertex -37.5587 -447.291 251.654
      vertex -37.5587 -447.291 249.254
    endloop
  endfacet
  facet normal 0.766046 0.642786 0
    outer loop
      vertex -37.9761 -446.874 251.654
      vertex -37.7857 -447.101 251.654
      vertex -37.7857 -447.101 249.254
    endloop
  endfacet
  facet normal 0.866027 0.499998 0
    outer loop
      vertex -38.1243 -446.617 251.654
      vertex -37.9761 -446.874 251.654
      vertex -37.9761 -446.874 249.254
    endloop
  endfacet
  facet normal 0.939692 0.342023 0
    outer loop
      vertex -38.2257 -446.339 251.654
      vertex -38.1243 -446.617 251.654
      vertex -38.1243 -446.617 249.254
    endloop
  endfacet
  facet normal 0.984807 0.173651 0
    outer loop
      vertex -38.2771 -446.047 251.654
      vertex -38.2257 -446.339 251.654
      vertex -38.2257 -446.339 249.254
    endloop
  endfacet
  facet normal 1 1.22236e-06 0
    outer loop
      vertex -38.2771 -445.751 251.654
      vertex -38.2771 -446.047 251.654
      vertex -38.2771 -446.047 249.254
    endloop
  endfacet
  facet normal 0.984807 -0.173651 0
    outer loop
      vertex -38.2257 -445.459 251.654
      vertex -38.2771 -445.751 251.654
      vertex -38.2771 -445.751 249.254
    endloop
  endfacet
  facet normal 0.939692 -0.342022 0
    outer loop
      vertex -38.1243 -445.18 251.654
      vertex -38.2257 -445.459 251.654
      vertex -38.2257 -445.459 249.254
    endloop
  endfacet
  facet normal 0.866027 -0.499997 0
    outer loop
      vertex -37.9761 -444.924 251.654
      vertex -38.1243 -445.18 251.654
      vertex -38.1243 -445.18 249.254
    endloop
  endfacet
  facet normal 0.766044 -0.642788 0
    outer loop
      vertex -37.7857 -444.697 251.654
      vertex -37.9761 -444.924 251.654
      vertex -37.9761 -444.924 249.254
    endloop
  endfacet
  facet normal 0.766024 -0.642812 0
    outer loop
      vertex 32.7782 -456.901 249.254
      vertex 32.9687 -456.674 249.254
      vertex 32.9687 -456.674 251.654
    endloop
  endfacet
  facet normal 0.866033 -0.499986 0
    outer loop
      vertex 32.6301 -457.158 249.254
      vertex 32.7782 -456.901 249.254
      vertex 32.7782 -456.901 251.654
    endloop
  endfacet
  facet normal 0.93969 -0.342028 0
    outer loop
      vertex 32.5287 -457.436 249.254
      vertex 32.6301 -457.158 249.254
      vertex 32.6301 -457.158 251.654
    endloop
  endfacet
  facet normal 0.984802 -0.173683 0
    outer loop
      vertex 32.4773 -457.728 249.254
      vertex 32.5287 -457.436 249.254
      vertex 32.5287 -457.436 251.654
    endloop
  endfacet
  facet normal 1 -6.69388e-06 0
    outer loop
      vertex 32.4773 -458.024 249.254
      vertex 32.4773 -457.728 249.254
      vertex 32.4773 -457.728 251.654
    endloop
  endfacet
  facet normal 0.984812 0.173627 0
    outer loop
      vertex 32.5287 -458.316 249.254
      vertex 32.4773 -458.024 249.254
      vertex 32.4773 -458.024 251.654
    endloop
  endfacet
  facet normal 0.939692 0.342021 0
    outer loop
      vertex 32.6301 -458.594 249.254
      vertex 32.5287 -458.316 249.254
      vertex 32.5287 -458.316 251.654
    endloop
  endfacet
  facet normal 0.866025 0.500001 0
    outer loop
      vertex 32.7782 -458.851 249.254
      vertex 32.6301 -458.594 249.254
      vertex 32.6301 -458.594 251.654
    endloop
  endfacet
  facet normal 0.766043 0.64279 0
    outer loop
      vertex 32.9687 -459.078 249.254
      vertex 32.7782 -458.851 249.254
      vertex 32.7782 -458.851 251.654
    endloop
  endfacet
  facet normal 0.642793 0.76604 0
    outer loop
      vertex 33.1957 -459.268 249.254
      vertex 32.9687 -459.078 249.254
      vertex 32.9687 -459.078 251.654
    endloop
  endfacet
  facet normal 0.499992 0.86603 0
    outer loop
      vertex 33.4523 -459.417 249.254
      vertex 33.1957 -459.268 249.254
      vertex 33.1957 -459.268 251.654
    endloop
  endfacet
  facet normal 0.342021 0.939692 0
    outer loop
      vertex 33.7308 -459.518 249.254
      vertex 33.4523 -459.417 249.254
      vertex 33.4523 -459.417 251.654
    endloop
  endfacet
  facet normal 0.17365 0.984807 0
    outer loop
      vertex 34.0226 -459.569 249.254
      vertex 33.7308 -459.518 249.254
      vertex 33.7308 -459.518 251.654
    endloop
  endfacet
  facet normal -6.69388e-06 1 0
    outer loop
      vertex 34.319 -459.569 249.254
      vertex 34.0226 -459.569 249.254
      vertex 34.0226 -459.569 251.654
    endloop
  endfacet
  facet normal -0.17365 0.984807 0
    outer loop
      vertex 34.6108 -459.518 249.254
      vertex 34.319 -459.569 249.254
      vertex 34.319 -459.569 251.654
    endloop
  endfacet
  facet normal -0.342028 0.93969 0
    outer loop
      vertex 34.8892 -459.417 249.254
      vertex 34.6108 -459.518 249.254
      vertex 34.6108 -459.518 251.654
    endloop
  endfacet
  facet normal -0.499986 0.866033 0
    outer loop
      vertex 35.1459 -459.268 249.254
      vertex 34.8892 -459.417 249.254
      vertex 34.8892 -459.417 251.654
    endloop
  endfacet
  facet normal -0.64278 0.766051 0
    outer loop
      vertex 35.3729 -459.078 249.254
      vertex 35.1459 -459.268 249.254
      vertex 35.1459 -459.268 251.654
    endloop
  endfacet
  facet normal -0.766051 0.64278 -0
    outer loop
      vertex 35.5633 -458.851 249.254
      vertex 35.3729 -459.078 249.254
      vertex 35.3729 -459.078 251.654
    endloop
  endfacet
  facet normal -0.866014 0.50002 -0
    outer loop
      vertex 35.7115 -458.594 249.254
      vertex 35.5633 -458.851 249.254
      vertex 35.5633 -458.851 251.654
    endloop
  endfacet
  facet normal -0.93969 0.342028 -0
    outer loop
      vertex 35.8129 -458.316 249.254
      vertex 35.7115 -458.594 249.254
      vertex 35.7115 -458.594 251.654
    endloop
  endfacet
  facet normal -0.984813 0.173619 -0
    outer loop
      vertex 35.8643 -458.024 249.254
      vertex 35.8129 -458.316 249.254
      vertex 35.8129 -458.316 251.654
    endloop
  endfacet
  facet normal -1 2.32831e-06 -0
    outer loop
      vertex 35.8643 -457.728 249.254
      vertex 35.8643 -458.024 249.254
      vertex 35.8643 -458.024 251.654
    endloop
  endfacet
  facet normal -0.984808 -0.173645 -0
    outer loop
      vertex 35.8129 -457.436 249.254
      vertex 35.8643 -457.728 249.254
      vertex 35.8643 -457.728 251.654
    endloop
  endfacet
  facet normal -0.939691 -0.342023 -0
    outer loop
      vertex 35.7115 -457.157 249.254
      vertex 35.8129 -457.436 249.254
      vertex 35.8129 -457.436 251.654
    endloop
  endfacet
  facet normal -0.866023 -0.500004 -0
    outer loop
      vertex 35.5633 -456.901 249.254
      vertex 35.7115 -457.157 249.254
      vertex 35.7115 -457.157 251.654
    endloop
  endfacet
  facet normal -0.766047 -0.642785 -0
    outer loop
      vertex 35.3729 -456.674 249.254
      vertex 35.5633 -456.901 249.254
      vertex 35.5633 -456.901 251.654
    endloop
  endfacet
  facet normal -0.642785 -0.766047 0
    outer loop
      vertex 35.1459 -456.483 249.254
      vertex 35.3729 -456.674 249.254
      vertex 35.3729 -456.674 251.654
    endloop
  endfacet
  facet normal -0.500004 -0.866023 0
    outer loop
      vertex 34.8892 -456.335 249.254
      vertex 35.1459 -456.483 249.254
      vertex 35.1459 -456.483 251.654
    endloop
  endfacet
  facet normal -0.342023 -0.939691 0
    outer loop
      vertex 34.6108 -456.234 249.254
      vertex 34.8892 -456.335 249.254
      vertex 34.8892 -456.335 251.654
    endloop
  endfacet
  facet normal -0.173645 -0.984808 0
    outer loop
      vertex 34.319 -456.182 249.254
      vertex 34.6108 -456.234 249.254
      vertex 34.6108 -456.234 251.654
    endloop
  endfacet
  facet normal -2.66009e-05 -1 0
    outer loop
      vertex 34.0226 -456.182 249.254
      vertex 34.319 -456.182 249.254
      vertex 34.319 -456.182 251.654
    endloop
  endfacet
  facet normal 0.173619 -0.984813 0
    outer loop
      vertex 33.7308 -456.234 249.254
      vertex 34.0226 -456.182 249.254
      vertex 34.0226 -456.182 251.654
    endloop
  endfacet
  facet normal 0.342028 -0.93969 0
    outer loop
      vertex 33.4523 -456.335 249.254
      vertex 33.7308 -456.234 249.254
      vertex 33.7308 -456.234 251.654
    endloop
  endfacet
  facet normal 0.499986 -0.866033 0
    outer loop
      vertex 33.1957 -456.483 249.254
      vertex 33.4523 -456.335 249.254
      vertex 33.4523 -456.335 251.654
    endloop
  endfacet
  facet normal 0.64278 -0.766051 0
    outer loop
      vertex 32.9687 -456.674 249.254
      vertex 33.1957 -456.483 249.254
      vertex 33.1957 -456.483 251.654
    endloop
  endfacet
  facet normal 0.642811 -0.766024 0
    outer loop
      vertex 33.1957 -456.483 251.654
      vertex 32.9687 -456.674 251.654
      vertex 32.9687 -456.674 249.254
    endloop
  endfacet
  facet normal 0.499986 -0.866033 0
    outer loop
      vertex 33.4523 -456.335 251.654
      vertex 33.1957 -456.483 251.654
      vertex 33.1957 -456.483 249.254
    endloop
  endfacet
  facet normal 0.342028 -0.93969 0
    outer loop
      vertex 33.7308 -456.234 251.654
      vertex 33.4523 -456.335 251.654
      vertex 33.4523 -456.335 249.254
    endloop
  endfacet
  facet normal 0.173685 -0.984801 0
    outer loop
      vertex 34.0226 -456.182 251.654
      vertex 33.7308 -456.234 251.654
      vertex 33.7308 -456.234 249.254
    endloop
  endfacet
  facet normal 2.32831e-06 -1 0
    outer loop
      vertex 34.319 -456.182 251.654
      vertex 34.0226 -456.182 251.654
      vertex 34.0226 -456.182 249.254
    endloop
  endfacet
  facet normal -0.173622 -0.984812 0
    outer loop
      vertex 34.6108 -456.234 251.654
      vertex 34.319 -456.182 251.654
      vertex 34.319 -456.182 249.254
    endloop
  endfacet
  facet normal -0.342023 -0.939691 0
    outer loop
      vertex 34.8892 -456.335 251.654
      vertex 34.6108 -456.234 251.654
      vertex 34.6108 -456.234 249.254
    endloop
  endfacet
  facet normal -0.500004 -0.866023 0
    outer loop
      vertex 35.1459 -456.483 251.654
      vertex 34.8892 -456.335 251.654
      vertex 34.8892 -456.335 249.254
    endloop
  endfacet
  facet normal -0.642785 -0.766047 0
    outer loop
      vertex 35.3729 -456.674 251.654
      vertex 35.1459 -456.483 251.654
      vertex 35.1459 -456.483 249.254
    endloop
  endfacet
  facet normal -0.766044 -0.642788 -0
    outer loop
      vertex 35.5633 -456.901 251.654
      vertex 35.3729 -456.674 251.654
      vertex 35.3729 -456.674 249.254
    endloop
  endfacet
  facet normal -0.866028 -0.499995 -0
    outer loop
      vertex 35.7115 -457.157 251.654
      vertex 35.5633 -456.901 251.654
      vertex 35.5633 -456.901 249.254
    endloop
  endfacet
  facet normal -0.939691 -0.342023 -0
    outer loop
      vertex 35.8129 -457.436 251.654
      vertex 35.7115 -457.157 251.654
      vertex 35.7115 -457.157 249.254
    endloop
  endfacet
  facet normal -0.984808 -0.173645 -0
    outer loop
      vertex 35.8643 -457.728 251.654
      vertex 35.8129 -457.436 251.654
      vertex 35.8129 -457.436 249.254
    endloop
  endfacet
  facet normal -1 2.32831e-06 -0
    outer loop
      vertex 35.8643 -458.024 251.654
      vertex 35.8643 -457.728 251.654
      vertex 35.8643 -457.728 249.254
    endloop
  endfacet
  facet normal -0.984807 0.173652 -0
    outer loop
      vertex 35.8129 -458.316 251.654
      vertex 35.8643 -458.024 251.654
      vertex 35.8643 -458.024 249.254
    endloop
  endfacet
  facet normal -0.93969 0.342028 -0
    outer loop
      vertex 35.7115 -458.594 251.654
      vertex 35.8129 -458.316 251.654
      vertex 35.8129 -458.316 249.254
    endloop
  endfacet
  facet normal -0.866033 0.499986 -0
    outer loop
      vertex 35.5633 -458.851 251.654
      vertex 35.7115 -458.594 251.654
      vertex 35.7115 -458.594 249.254
    endloop
  endfacet
  facet normal -0.766051 0.64278 -0
    outer loop
      vertex 35.3729 -459.078 251.654
      vertex 35.5633 -458.851 251.654
      vertex 35.5633 -458.851 249.254
    endloop
  endfacet
  facet normal -0.64278 0.766051 0
    outer loop
      vertex 35.1459 -459.268 251.654
      vertex 35.3729 -459.078 251.654
      vertex 35.3729 -459.078 249.254
    endloop
  endfacet
  facet normal -0.50002 0.866014 0
    outer loop
      vertex 34.8892 -459.417 251.654
      vertex 35.1459 -459.268 251.654
      vertex 35.1459 -459.268 249.254
    endloop
  endfacet
  facet normal -0.342028 0.93969 0
    outer loop
      vertex 34.6108 -459.518 251.654
      vertex 34.8892 -459.417 251.654
      vertex 34.8892 -459.417 249.254
    endloop
  endfacet
  facet normal -0.173617 0.984813 0
    outer loop
      vertex 34.319 -459.569 251.654
      vertex 34.6108 -459.518 251.654
      vertex 34.6108 -459.518 249.254
    endloop
  endfacet
  facet normal -6.69388e-06 1 0
    outer loop
      vertex 34.0226 -459.569 251.654
      vertex 34.319 -459.569 251.654
      vertex 34.319 -459.569 249.254
    endloop
  endfacet
  facet normal 0.17365 0.984807 0
    outer loop
      vertex 33.7308 -459.518 251.654
      vertex 34.0226 -459.569 251.654
      vertex 34.0226 -459.569 249.254
    endloop
  endfacet
  facet normal 0.342021 0.939692 0
    outer loop
      vertex 33.4523 -459.417 251.654
      vertex 33.7308 -459.518 251.654
      vertex 33.7308 -459.518 249.254
    endloop
  endfacet
  facet normal 0.500001 0.866025 0
    outer loop
      vertex 33.1957 -459.268 251.654
      vertex 33.4523 -459.417 251.654
      vertex 33.4523 -459.417 249.254
    endloop
  endfacet
  facet normal 0.64279 0.766043 0
    outer loop
      vertex 32.9687 -459.078 251.654
      vertex 33.1957 -459.268 251.654
      vertex 33.1957 -459.268 249.254
    endloop
  endfacet
  facet normal 0.766043 0.64279 0
    outer loop
      vertex 32.7782 -458.851 251.654
      vertex 32.9687 -459.078 251.654
      vertex 32.9687 -459.078 249.254
    endloop
  endfacet
  facet normal 0.866025 0.500001 0
    outer loop
      vertex 32.6301 -458.594 251.654
      vertex 32.7782 -458.851 251.654
      vertex 32.7782 -458.851 249.254
    endloop
  endfacet
  facet normal 0.939692 0.342021 0
    outer loop
      vertex 32.5287 -458.316 251.654
      vertex 32.6301 -458.594 251.654
      vertex 32.6301 -458.594 249.254
    endloop
  endfacet
  facet normal 0.984807 0.17365 0
    outer loop
      vertex 32.4773 -458.024 251.654
      vertex 32.5287 -458.316 251.654
      vertex 32.5287 -458.316 249.254
    endloop
  endfacet
  facet normal 1 2.22935e-05 0
    outer loop
      vertex 32.4773 -457.728 251.654
      vertex 32.4773 -458.024 251.654
      vertex 32.4773 -458.024 249.254
    endloop
  endfacet
  facet normal 0.984813 -0.173617 0
    outer loop
      vertex 32.5287 -457.436 251.654
      vertex 32.4773 -457.728 251.654
      vertex 32.4773 -457.728 249.254
    endloop
  endfacet
  facet normal 0.93969 -0.342028 0
    outer loop
      vertex 32.6301 -457.158 251.654
      vertex 32.5287 -457.436 251.654
      vertex 32.5287 -457.436 249.254
    endloop
  endfacet
  facet normal 0.866033 -0.499986 0
    outer loop
      vertex 32.7782 -456.901 251.654
      vertex 32.6301 -457.158 251.654
      vertex 32.6301 -457.158 249.254
    endloop
  endfacet
  facet normal 0.766051 -0.64278 0
    outer loop
      vertex 32.9687 -456.674 251.654
      vertex 32.7782 -456.901 251.654
      vertex 32.7782 -456.901 249.254
    endloop
  endfacet
  facet normal 0.642784 -0.766048 0
    outer loop
      vertex 42.0195 -403.889 251.654
      vertex 41.7992 -404.073 251.654
      vertex 41.7992 -404.073 249.254
    endloop
  endfacet
  facet normal 0.499985 -0.866034 0
    outer loop
      vertex 42.2686 -403.745 251.654
      vertex 42.0195 -403.889 251.654
      vertex 42.0195 -403.889 249.254
    endloop
  endfacet
  facet normal 0.342019 -0.939693 0
    outer loop
      vertex 42.5389 -403.646 251.654
      vertex 42.2686 -403.745 251.654
      vertex 42.2686 -403.745 249.254
    endloop
  endfacet
  facet normal 0.173654 -0.984807 0
    outer loop
      vertex 42.8221 -403.596 251.654
      vertex 42.5389 -403.646 251.654
      vertex 42.5389 -403.646 249.254
    endloop
  endfacet
  facet normal 1.97906e-06 -1 0
    outer loop
      vertex 43.1097 -403.596 251.654
      vertex 42.8221 -403.596 251.654
      vertex 42.8221 -403.596 249.254
    endloop
  endfacet
  facet normal -0.173645 -0.984808 0
    outer loop
      vertex 43.393 -403.646 251.654
      vertex 43.1097 -403.596 251.654
      vertex 43.1097 -403.596 249.254
    endloop
  endfacet
  facet normal -0.342022 -0.939692 0
    outer loop
      vertex 43.6632 -403.745 251.654
      vertex 43.393 -403.646 251.654
      vertex 43.393 -403.646 249.254
    endloop
  endfacet
  facet normal -0.500003 -0.866024 0
    outer loop
      vertex 43.9123 -403.889 251.654
      vertex 43.6632 -403.745 251.654
      vertex 43.6632 -403.745 249.254
    endloop
  endfacet
  facet normal -0.642786 -0.766046 0
    outer loop
      vertex 44.1327 -404.073 251.654
      vertex 43.9123 -403.889 251.654
      vertex 43.9123 -403.889 249.254
    endloop
  endfacet
  facet normal -0.766045 -0.642787 -0
    outer loop
      vertex 44.3175 -404.294 251.654
      vertex 44.1327 -404.073 251.654
      vertex 44.1327 -404.073 249.254
    endloop
  endfacet
  facet normal -0.866026 -0.499998 -0
    outer loop
      vertex 44.4613 -404.543 251.654
      vertex 44.3175 -404.294 251.654
      vertex 44.3175 -404.294 249.254
    endloop
  endfacet
  facet normal -0.939692 -0.342022 -0
    outer loop
      vertex 44.5597 -404.813 251.654
      vertex 44.4613 -404.543 251.654
      vertex 44.4613 -404.543 249.254
    endloop
  endfacet
  facet normal -0.984809 -0.173639 -0
    outer loop
      vertex 44.6096 -405.096 251.654
      vertex 44.5597 -404.813 251.654
      vertex 44.5597 -404.813 249.254
    endloop
  endfacet
  facet normal -1 -5.47152e-06 -0
    outer loop
      vertex 44.6096 -405.384 251.654
      vertex 44.6096 -405.096 251.654
      vertex 44.6096 -405.096 249.254
    endloop
  endfacet
  facet normal -0.984805 0.173662 -0
    outer loop
      vertex 44.5597 -405.667 251.654
      vertex 44.6096 -405.384 251.654
      vertex 44.6096 -405.384 249.254
    endloop
  endfacet
  facet normal -0.939693 0.342019 -0
    outer loop
      vertex 44.4613 -405.938 251.654
      vertex 44.5597 -405.667 251.654
      vertex 44.5597 -405.667 249.254
    endloop
  endfacet
  facet normal -0.866034 0.499985 -0
    outer loop
      vertex 44.3175 -406.187 251.654
      vertex 44.4613 -405.938 251.654
      vertex 44.4613 -405.938 249.254
    endloop
  endfacet
  facet normal -0.766028 0.642808 -0
    outer loop
      vertex 44.1327 -406.407 251.654
      vertex 44.3175 -406.187 251.654
      vertex 44.3175 -406.187 249.254
    endloop
  endfacet
  facet normal -0.642776 0.766055 0
    outer loop
      vertex 43.9123 -406.592 251.654
      vertex 44.1327 -406.407 251.654
      vertex 44.1327 -406.407 249.254
    endloop
  endfacet
  facet normal -0.500002 0.866024 0
    outer loop
      vertex 43.6632 -406.736 251.654
      vertex 43.9123 -406.592 251.654
      vertex 43.9123 -406.592 249.254
    endloop
  endfacet
  facet normal -0.342022 0.939692 0
    outer loop
      vertex 43.393 -406.834 251.654
      vertex 43.6632 -406.736 251.654
      vertex 43.6632 -406.736 249.254
    endloop
  endfacet
  facet normal -0.173642 0.984809 0
    outer loop
      vertex 43.1097 -406.884 251.654
      vertex 43.393 -406.834 251.654
      vertex 43.393 -406.834 249.254
    endloop
  endfacet
  facet normal 9.31323e-07 1 0
    outer loop
      vertex 42.8221 -406.884 251.654
      vertex 43.1097 -406.884 251.654
      vertex 43.1097 -406.884 249.254
    endloop
  endfacet
  facet normal 0.173651 0.984807 0
    outer loop
      vertex 42.5389 -406.834 251.654
      vertex 42.8221 -406.884 251.654
      vertex 42.8221 -406.884 249.254
    endloop
  endfacet
  facet normal 0.342022 0.939692 0
    outer loop
      vertex 42.2686 -406.736 251.654
      vertex 42.5389 -406.834 251.654
      vertex 42.5389 -406.834 249.254
    endloop
  endfacet
  facet normal 0.500004 0.866023 0
    outer loop
      vertex 42.0195 -406.592 251.654
      vertex 42.2686 -406.736 251.654
      vertex 42.2686 -406.736 249.254
    endloop
  endfacet
  facet normal 0.642787 0.766045 0
    outer loop
      vertex 41.7992 -406.407 251.654
      vertex 42.0195 -406.592 251.654
      vertex 42.0195 -406.592 249.254
    endloop
  endfacet
  facet normal 0.766046 0.642786 0
    outer loop
      vertex 41.6143 -406.187 251.654
      vertex 41.7992 -406.407 251.654
      vertex 41.7992 -406.407 249.254
    endloop
  endfacet
  facet normal 0.866023 0.500004 0
    outer loop
      vertex 41.4705 -405.938 251.654
      vertex 41.6143 -406.187 251.654
      vertex 41.6143 -406.187 249.254
    endloop
  endfacet
  facet normal 0.939694 0.342017 0
    outer loop
      vertex 41.3722 -405.667 251.654
      vertex 41.4705 -405.938 251.654
      vertex 41.4705 -405.938 249.254
    endloop
  endfacet
  facet normal 0.984807 0.173651 0
    outer loop
      vertex 41.3222 -405.384 251.654
      vertex 41.3722 -405.667 251.654
      vertex 41.3722 -405.667 249.254
    endloop
  endfacet
  facet normal 1 9.31323e-07 0
    outer loop
      vertex 41.3222 -405.096 251.654
      vertex 41.3222 -405.384 251.654
      vertex 41.3222 -405.384 249.254
    endloop
  endfacet
  facet normal 0.984809 -0.173642 0
    outer loop
      vertex 41.3722 -404.813 251.654
      vertex 41.3222 -405.096 251.654
      vertex 41.3222 -405.096 249.254
    endloop
  endfacet
  facet normal 0.939692 -0.342022 0
    outer loop
      vertex 41.4705 -404.543 251.654
      vertex 41.3722 -404.813 251.654
      vertex 41.3722 -404.813 249.254
    endloop
  endfacet
  facet normal 0.866019 -0.500011 0
    outer loop
      vertex 41.6143 -404.294 251.654
      vertex 41.4705 -404.543 251.654
      vertex 41.4705 -404.543 249.254
    endloop
  endfacet
  facet normal 0.766041 -0.642792 0
    outer loop
      vertex 41.7992 -404.073 251.654
      vertex 41.6143 -404.294 251.654
      vertex 41.6143 -404.294 249.254
    endloop
  endfacet
  facet normal 0.766048 -0.642784 0
    outer loop
      vertex 41.6143 -404.294 249.254
      vertex 41.7992 -404.073 249.254
      vertex 41.7992 -404.073 251.654
    endloop
  endfacet
  facet normal 0.866034 -0.499985 0
    outer loop
      vertex 41.4705 -404.543 249.254
      vertex 41.6143 -404.294 249.254
      vertex 41.6143 -404.294 251.654
    endloop
  endfacet
  facet normal 0.939692 -0.342022 0
    outer loop
      vertex 41.3722 -404.813 249.254
      vertex 41.4705 -404.543 249.254
      vertex 41.4705 -404.543 251.654
    endloop
  endfacet
  facet normal 0.984807 -0.17365 0
    outer loop
      vertex 41.3222 -405.096 249.254
      vertex 41.3722 -404.813 249.254
      vertex 41.3722 -404.813 251.654
    endloop
  endfacet
  facet normal 1 -6.57747e-06 0
    outer loop
      vertex 41.3222 -405.384 249.254
      vertex 41.3222 -405.096 249.254
      vertex 41.3222 -405.096 251.654
    endloop
  endfacet
  facet normal 0.984808 0.173645 0
    outer loop
      vertex 41.3722 -405.667 249.254
      vertex 41.3222 -405.384 249.254
      vertex 41.3222 -405.384 251.654
    endloop
  endfacet
  facet normal 0.939692 0.342022 0
    outer loop
      vertex 41.4705 -405.938 249.254
      vertex 41.3722 -405.667 249.254
      vertex 41.3722 -405.667 251.654
    endloop
  endfacet
  facet normal 0.86602 0.500009 0
    outer loop
      vertex 41.6143 -406.187 249.254
      vertex 41.4705 -405.938 249.254
      vertex 41.4705 -405.938 251.654
    endloop
  endfacet
  facet normal 0.766046 0.642786 0
    outer loop
      vertex 41.7992 -406.407 249.254
      vertex 41.6143 -406.187 249.254
      vertex 41.6143 -406.187 251.654
    endloop
  endfacet
  facet normal 0.642787 0.766045 0
    outer loop
      vertex 42.0195 -406.592 249.254
      vertex 41.7992 -406.407 249.254
      vertex 41.7992 -406.407 251.654
    endloop
  endfacet
  facet normal 0.500004 0.866023 0
    outer loop
      vertex 42.2686 -406.736 249.254
      vertex 42.0195 -406.592 249.254
      vertex 42.0195 -406.592 251.654
    endloop
  endfacet
  facet normal 0.342022 0.939692 0
    outer loop
      vertex 42.5389 -406.834 249.254
      vertex 42.2686 -406.736 249.254
      vertex 42.2686 -406.736 251.654
    endloop
  endfacet
  facet normal 0.173639 0.984809 0
    outer loop
      vertex 42.8221 -406.884 249.254
      vertex 42.5389 -406.834 249.254
      vertex 42.5389 -406.834 251.654
    endloop
  endfacet
  facet normal 9.31323e-07 1 0
    outer loop
      vertex 43.1097 -406.884 249.254
      vertex 42.8221 -406.884 249.254
      vertex 42.8221 -406.884 251.654
    endloop
  endfacet
  facet normal -0.173659 0.984806 0
    outer loop
      vertex 43.393 -406.834 249.254
      vertex 43.1097 -406.884 249.254
      vertex 43.1097 -406.884 251.654
    endloop
  endfacet
  facet normal -0.342022 0.939692 0
    outer loop
      vertex 43.6632 -406.736 249.254
      vertex 43.393 -406.834 249.254
      vertex 43.393 -406.834 251.654
    endloop
  endfacet
  facet normal -0.499985 0.866034 0
    outer loop
      vertex 43.9123 -406.592 249.254
      vertex 43.6632 -406.736 249.254
      vertex 43.6632 -406.736 251.654
    endloop
  endfacet
  facet normal -0.642808 0.766028 0
    outer loop
      vertex 44.1327 -406.407 249.254
      vertex 43.9123 -406.592 249.254
      vertex 43.9123 -406.592 251.654
    endloop
  endfacet
  facet normal -0.766055 0.642776 -0
    outer loop
      vertex 44.3175 -406.187 249.254
      vertex 44.1327 -406.407 249.254
      vertex 44.1327 -406.407 251.654
    endloop
  endfacet
  facet normal -0.866024 0.500002 -0
    outer loop
      vertex 44.4613 -405.938 249.254
      vertex 44.3175 -406.187 249.254
      vertex 44.3175 -406.187 251.654
    endloop
  endfacet
  facet normal -0.939693 0.342019 -0
    outer loop
      vertex 44.5597 -405.667 249.254
      vertex 44.4613 -405.938 249.254
      vertex 44.4613 -405.938 251.654
    endloop
  endfacet
  facet normal -0.984808 0.173645 -0
    outer loop
      vertex 44.6096 -405.384 249.254
      vertex 44.5597 -405.667 249.254
      vertex 44.5597 -405.667 251.654
    endloop
  endfacet
  facet normal -1 -5.47152e-06 -0
    outer loop
      vertex 44.6096 -405.096 249.254
      vertex 44.6096 -405.384 249.254
      vertex 44.6096 -405.384 251.654
    endloop
  endfacet
  facet normal -0.984807 -0.173651 -0
    outer loop
      vertex 44.5597 -404.813 249.254
      vertex 44.6096 -405.096 249.254
      vertex 44.6096 -405.096 251.654
    endloop
  endfacet
  facet normal -0.939692 -0.342022 -0
    outer loop
      vertex 44.4613 -404.543 249.254
      vertex 44.5597 -404.813 249.254
      vertex 44.5597 -404.813 251.654
    endloop
  endfacet
  facet normal -0.866026 -0.499998 -0
    outer loop
      vertex 44.3175 -404.294 249.254
      vertex 44.4613 -404.543 249.254
      vertex 44.4613 -404.543 251.654
    endloop
  endfacet
  facet normal -0.766045 -0.642787 -0
    outer loop
      vertex 44.1327 -404.073 249.254
      vertex 44.3175 -404.294 249.254
      vertex 44.3175 -404.294 251.654
    endloop
  endfacet
  facet normal -0.642786 -0.766046 0
    outer loop
      vertex 43.9123 -403.889 249.254
      vertex 44.1327 -404.073 249.254
      vertex 44.1327 -404.073 251.654
    endloop
  endfacet
  facet normal -0.499998 -0.866026 0
    outer loop
      vertex 43.6632 -403.745 249.254
      vertex 43.9123 -403.889 249.254
      vertex 43.9123 -403.889 251.654
    endloop
  endfacet
  facet normal -0.342017 -0.939694 0
    outer loop
      vertex 43.393 -403.646 249.254
      vertex 43.6632 -403.745 249.254
      vertex 43.6632 -403.745 251.654
    endloop
  endfacet
  facet normal -0.173651 -0.984807 0
    outer loop
      vertex 43.1097 -403.596 249.254
      vertex 43.393 -403.646 249.254
      vertex 43.393 -403.646 251.654
    endloop
  endfacet
  facet normal -5.47152e-06 -1 0
    outer loop
      vertex 42.8221 -403.596 249.254
      vertex 43.1097 -403.596 249.254
      vertex 43.1097 -403.596 251.654
    endloop
  endfacet
  facet normal 0.173645 -0.984808 0
    outer loop
      vertex 42.5389 -403.646 249.254
      vertex 42.8221 -403.596 249.254
      vertex 42.8221 -403.596 251.654
    endloop
  endfacet
  facet normal 0.342019 -0.939693 0
    outer loop
      vertex 42.2686 -403.745 249.254
      vertex 42.5389 -403.646 249.254
      vertex 42.5389 -403.646 251.654
    endloop
  endfacet
  facet normal 0.500011 -0.866019 0
    outer loop
      vertex 42.0195 -403.889 249.254
      vertex 42.2686 -403.745 249.254
      vertex 42.2686 -403.745 251.654
    endloop
  endfacet
  facet normal 0.642792 -0.766041 0
    outer loop
      vertex 41.7992 -404.073 249.254
      vertex 42.0195 -403.889 249.254
      vertex 42.0195 -403.889 251.654
    endloop
  endfacet
  facet normal 0.642776 -0.766055 0
    outer loop
      vertex 3.12865 -364.998 251.654
      vertex 2.90833 -365.183 251.654
      vertex 2.90833 -365.183 249.254
    endloop
  endfacet
  facet normal 0.499985 -0.866034 0
    outer loop
      vertex 3.37774 -364.854 251.654
      vertex 3.12865 -364.998 251.654
      vertex 3.12865 -364.998 249.254
    endloop
  endfacet
  facet normal 0.342037 -0.939686 0
    outer loop
      vertex 3.64801 -364.756 251.654
      vertex 3.37774 -364.854 251.654
      vertex 3.37774 -364.854 249.254
    endloop
  endfacet
  facet normal 0.173645 -0.984808 0
    outer loop
      vertex 3.93125 -364.706 251.654
      vertex 3.64801 -364.756 251.654
      vertex 3.64801 -364.756 249.254
    endloop
  endfacet
  facet normal 9.48785e-06 -1 0
    outer loop
      vertex 4.21886 -364.706 251.654
      vertex 3.93125 -364.706 251.654
      vertex 3.93125 -364.706 249.254
    endloop
  endfacet
  facet normal -0.173651 -0.984807 0
    outer loop
      vertex 4.50211 -364.756 251.654
      vertex 4.21886 -364.706 251.654
      vertex 4.21886 -364.706 249.254
    endloop
  endfacet
  facet normal -0.342022 -0.939692 0
    outer loop
      vertex 4.77238 -364.854 251.654
      vertex 4.50211 -364.756 251.654
      vertex 4.50211 -364.756 249.254
    endloop
  endfacet
  facet normal -0.499994 -0.866029 0
    outer loop
      vertex 5.02146 -364.998 251.654
      vertex 4.77238 -364.854 251.654
      vertex 4.77238 -364.854 249.254
    endloop
  endfacet
  facet normal -0.642787 -0.766045 0
    outer loop
      vertex 5.24178 -365.183 251.654
      vertex 5.02146 -364.998 251.654
      vertex 5.02146 -364.998 249.254
    endloop
  endfacet
  facet normal -0.766046 -0.642786 -0
    outer loop
      vertex 5.42666 -365.403 251.654
      vertex 5.24178 -365.183 251.654
      vertex 5.24178 -365.183 249.254
    endloop
  endfacet
  facet normal -0.866026 -0.499998 -0
    outer loop
      vertex 5.57046 -365.652 251.654
      vertex 5.42666 -365.403 251.654
      vertex 5.42666 -365.403 249.254
    endloop
  endfacet
  facet normal -0.939692 -0.342022 -0
    outer loop
      vertex 5.66884 -365.922 251.654
      vertex 5.57046 -365.652 251.654
      vertex 5.57046 -365.652 249.254
    endloop
  endfacet
  facet normal -0.984807 -0.173651 -0
    outer loop
      vertex 5.71878 -366.206 251.654
      vertex 5.66884 -365.922 251.654
      vertex 5.66884 -365.922 249.254
    endloop
  endfacet
  facet normal -1 -5.47152e-06 -0
    outer loop
      vertex 5.71878 -366.493 251.654
      vertex 5.71878 -366.206 251.654
      vertex 5.71878 -366.206 249.254
    endloop
  endfacet
  facet normal -0.984808 0.173645 -0
    outer loop
      vertex 5.66884 -366.776 251.654
      vertex 5.71878 -366.493 251.654
      vertex 5.71878 -366.493 249.254
    endloop
  endfacet
  facet normal -0.939686 0.342037 -0
    outer loop
      vertex 5.57047 -367.047 251.654
      vertex 5.66884 -366.776 251.654
      vertex 5.66884 -366.776 249.254
    endloop
  endfacet
  facet normal -0.866024 0.500002 -0
    outer loop
      vertex 5.42666 -367.296 251.654
      vertex 5.57047 -367.047 251.654
      vertex 5.57047 -367.047 249.254
    endloop
  endfacet
  facet normal -0.766055 0.642776 -0
    outer loop
      vertex 5.24178 -367.516 251.654
      vertex 5.42666 -367.296 251.654
      vertex 5.42666 -367.296 249.254
    endloop
  endfacet
  facet normal -0.642792 0.766041 0
    outer loop
      vertex 5.02146 -367.701 251.654
      vertex 5.24178 -367.516 251.654
      vertex 5.24178 -367.516 249.254
    endloop
  endfacet
  facet normal -0.50002 0.866014 0
    outer loop
      vertex 4.77238 -367.845 251.654
      vertex 5.02146 -367.701 251.654
      vertex 5.02146 -367.701 249.254
    endloop
  endfacet
  facet normal -0.342004 0.939699 0
    outer loop
      vertex 4.50211 -367.943 251.654
      vertex 4.77238 -367.845 251.654
      vertex 4.77238 -367.845 249.254
    endloop
  endfacet
  facet normal -0.173642 0.984809 0
    outer loop
      vertex 4.21886 -367.993 251.654
      vertex 4.50211 -367.943 251.654
      vertex 4.50211 -367.943 249.254
    endloop
  endfacet
  facet normal 9.31323e-07 1 0
    outer loop
      vertex 3.93125 -367.993 251.654
      vertex 4.21886 -367.993 251.654
      vertex 4.21886 -367.993 249.254
    endloop
  endfacet
  facet normal 0.173639 0.984809 0
    outer loop
      vertex 3.64801 -367.943 251.654
      vertex 3.93125 -367.993 251.654
      vertex 3.93125 -367.993 249.254
    endloop
  endfacet
  facet normal 0.342022 0.939692 0
    outer loop
      vertex 3.37774 -367.845 251.654
      vertex 3.64801 -367.943 251.654
      vertex 3.64801 -367.943 249.254
    endloop
  endfacet
  facet normal 0.500004 0.866023 0
    outer loop
      vertex 3.12865 -367.701 251.654
      vertex 3.37774 -367.845 251.654
      vertex 3.37774 -367.845 249.254
    endloop
  endfacet
  facet normal 0.642787 0.766045 0
    outer loop
      vertex 2.90833 -367.516 251.654
      vertex 3.12865 -367.701 251.654
      vertex 3.12865 -367.701 249.254
    endloop
  endfacet
  facet normal 0.766045 0.642787 0
    outer loop
      vertex 2.72345 -367.296 251.654
      vertex 2.90833 -367.516 251.654
      vertex 2.90833 -367.516 249.254
    endloop
  endfacet
  facet normal 0.866023 0.500004 0
    outer loop
      vertex 2.57965 -367.047 251.654
      vertex 2.72345 -367.296 251.654
      vertex 2.72345 -367.296 249.254
    endloop
  endfacet
  facet normal 0.939692 0.342022 0
    outer loop
      vertex 2.48128 -366.776 251.654
      vertex 2.57965 -367.047 251.654
      vertex 2.57965 -367.047 249.254
    endloop
  endfacet
  facet normal 0.984807 0.173651 0
    outer loop
      vertex 2.43134 -366.493 251.654
      vertex 2.48128 -366.776 251.654
      vertex 2.48128 -366.776 249.254
    endloop
  endfacet
  facet normal 1 9.31323e-07 0
    outer loop
      vertex 2.43134 -366.206 251.654
      vertex 2.43134 -366.493 251.654
      vertex 2.43134 -366.493 249.254
    endloop
  endfacet
  facet normal 0.984809 -0.173642 0
    outer loop
      vertex 2.48128 -365.922 251.654
      vertex 2.43134 -366.206 251.654
      vertex 2.43134 -366.206 249.254
    endloop
  endfacet
  facet normal 0.939692 -0.342022 0
    outer loop
      vertex 2.57965 -365.652 251.654
      vertex 2.48128 -365.922 251.654
      vertex 2.48128 -365.922 249.254
    endloop
  endfacet
  facet normal 0.866024 -0.500002 0
    outer loop
      vertex 2.72346 -365.403 251.654
      vertex 2.57965 -365.652 251.654
      vertex 2.57965 -365.652 249.254
    endloop
  endfacet
  facet normal 0.766041 -0.642792 0
    outer loop
      vertex 2.90833 -365.183 251.654
      vertex 2.72346 -365.403 251.654
      vertex 2.72346 -365.403 249.254
    endloop
  endfacet
  facet normal 0.766055 -0.642776 0
    outer loop
      vertex 2.72346 -365.403 249.254
      vertex 2.90833 -365.183 249.254
      vertex 2.90833 -365.183 251.654
    endloop
  endfacet
  facet normal 0.866034 -0.499985 0
    outer loop
      vertex 2.57965 -365.652 249.254
      vertex 2.72346 -365.403 249.254
      vertex 2.72346 -365.403 251.654
    endloop
  endfacet
  facet normal 0.939686 -0.34204 0
    outer loop
      vertex 2.48128 -365.922 249.254
      vertex 2.57965 -365.652 249.254
      vertex 2.57965 -365.652 251.654
    endloop
  endfacet
  facet normal 0.984809 -0.173642 0
    outer loop
      vertex 2.43134 -366.206 249.254
      vertex 2.48128 -365.922 249.254
      vertex 2.48128 -365.922 251.654
    endloop
  endfacet
  facet normal 1 -1.4028e-05 0
    outer loop
      vertex 2.43134 -366.493 249.254
      vertex 2.43134 -366.206 249.254
      vertex 2.43134 -366.206 251.654
    endloop
  endfacet
  facet normal 0.984807 0.173651 0
    outer loop
      vertex 2.48128 -366.776 249.254
      vertex 2.43134 -366.493 249.254
      vertex 2.43134 -366.493 251.654
    endloop
  endfacet
  facet normal 0.939692 0.342022 0
    outer loop
      vertex 2.57965 -367.047 249.254
      vertex 2.48128 -366.776 249.254
      vertex 2.48128 -366.776 251.654
    endloop
  endfacet
  facet normal 0.866026 0.499999 0
    outer loop
      vertex 2.72345 -367.296 249.254
      vertex 2.57965 -367.047 249.254
      vertex 2.57965 -367.047 251.654
    endloop
  endfacet
  facet normal 0.766045 0.642787 0
    outer loop
      vertex 2.90833 -367.516 249.254
      vertex 2.72345 -367.296 249.254
      vertex 2.72345 -367.296 251.654
    endloop
  endfacet
  facet normal 0.642786 0.766046 0
    outer loop
      vertex 3.12865 -367.701 249.254
      vertex 2.90833 -367.516 249.254
      vertex 2.90833 -367.516 251.654
    endloop
  endfacet
  facet normal 0.500004 0.866023 0
    outer loop
      vertex 3.37774 -367.845 249.254
      vertex 3.12865 -367.701 249.254
      vertex 3.12865 -367.701 251.654
    endloop
  endfacet
  facet normal 0.342022 0.939692 0
    outer loop
      vertex 3.64801 -367.943 249.254
      vertex 3.37774 -367.845 249.254
      vertex 3.37774 -367.845 251.654
    endloop
  endfacet
  facet normal 0.173651 0.984807 0
    outer loop
      vertex 3.93125 -367.993 249.254
      vertex 3.64801 -367.943 249.254
      vertex 3.64801 -367.943 251.654
    endloop
  endfacet
  facet normal 9.31323e-07 1 0
    outer loop
      vertex 4.21886 -367.993 249.254
      vertex 3.93125 -367.993 249.254
      vertex 3.93125 -367.993 251.654
    endloop
  endfacet
  facet normal -0.173642 0.984809 0
    outer loop
      vertex 4.50211 -367.943 249.254
      vertex 4.21886 -367.993 249.254
      vertex 4.21886 -367.993 251.654
    endloop
  endfacet
  facet normal -0.34204 0.939686 0
    outer loop
      vertex 4.77238 -367.845 249.254
      vertex 4.50211 -367.943 249.254
      vertex 4.50211 -367.943 251.654
    endloop
  endfacet
  facet normal -0.500002 0.866024 0
    outer loop
      vertex 5.02146 -367.701 249.254
      vertex 4.77238 -367.845 249.254
      vertex 4.77238 -367.845 251.654
    endloop
  endfacet
  facet normal -0.642776 0.766055 0
    outer loop
      vertex 5.24178 -367.516 249.254
      vertex 5.02146 -367.701 249.254
      vertex 5.02146 -367.701 251.654
    endloop
  endfacet
  facet normal -0.766041 0.642792 -0
    outer loop
      vertex 5.42666 -367.296 249.254
      vertex 5.24178 -367.516 249.254
      vertex 5.24178 -367.516 251.654
    endloop
  endfacet
  facet normal -0.866014 0.50002 -0
    outer loop
      vertex 5.57047 -367.047 249.254
      vertex 5.42666 -367.296 249.254
      vertex 5.42666 -367.296 251.654
    endloop
  endfacet
  facet normal -0.9397 0.342001 -0
    outer loop
      vertex 5.66884 -366.776 249.254
      vertex 5.57047 -367.047 249.254
      vertex 5.57047 -367.047 251.654
    endloop
  endfacet
  facet normal -0.984808 0.173645 -0
    outer loop
      vertex 5.71878 -366.493 249.254
      vertex 5.66884 -366.776 249.254
      vertex 5.66884 -366.776 251.654
    endloop
  endfacet
  facet normal -1 -5.47152e-06 -0
    outer loop
      vertex 5.71878 -366.206 249.254
      vertex 5.71878 -366.493 249.254
      vertex 5.71878 -366.493 251.654
    endloop
  endfacet
  facet normal -0.984809 -0.173639 -0
    outer loop
      vertex 5.66884 -365.922 249.254
      vertex 5.71878 -366.206 249.254
      vertex 5.71878 -366.206 251.654
    endloop
  endfacet
  facet normal -0.939692 -0.342022 -0
    outer loop
      vertex 5.57046 -365.652 249.254
      vertex 5.66884 -365.922 249.254
      vertex 5.66884 -365.922 251.654
    endloop
  endfacet
  facet normal -0.866026 -0.499998 -0
    outer loop
      vertex 5.42666 -365.403 249.254
      vertex 5.57046 -365.652 249.254
      vertex 5.57046 -365.652 251.654
    endloop
  endfacet
  facet normal -0.766045 -0.642787 -0
    outer loop
      vertex 5.24178 -365.183 249.254
      vertex 5.42666 -365.403 249.254
      vertex 5.42666 -365.403 251.654
    endloop
  endfacet
  facet normal -0.642787 -0.766045 0
    outer loop
      vertex 5.02146 -364.998 249.254
      vertex 5.24178 -365.183 249.254
      vertex 5.24178 -365.183 251.654
    endloop
  endfacet
  facet normal -0.499998 -0.866026 0
    outer loop
      vertex 4.77238 -364.854 249.254
      vertex 5.02146 -364.998 249.254
      vertex 5.02146 -364.998 251.654
    endloop
  endfacet
  facet normal -0.342022 -0.939692 0
    outer loop
      vertex 4.50211 -364.756 249.254
      vertex 4.77238 -364.854 249.254
      vertex 4.77238 -364.854 251.654
    endloop
  endfacet
  facet normal -0.173651 -0.984807 0
    outer loop
      vertex 4.21886 -364.706 249.254
      vertex 4.50211 -364.756 249.254
      vertex 4.50211 -364.756 251.654
    endloop
  endfacet
  facet normal -5.47152e-06 -1 0
    outer loop
      vertex 3.93125 -364.706 249.254
      vertex 4.21886 -364.706 249.254
      vertex 4.21886 -364.706 251.654
    endloop
  endfacet
  facet normal 0.173645 -0.984808 0
    outer loop
      vertex 3.64801 -364.756 249.254
      vertex 3.93125 -364.706 249.254
      vertex 3.93125 -364.706 251.654
    endloop
  endfacet
  facet normal 0.342019 -0.939693 0
    outer loop
      vertex 3.37774 -364.854 249.254
      vertex 3.64801 -364.756 249.254
      vertex 3.64801 -364.756 251.654
    endloop
  endfacet
  facet normal 0.500002 -0.866024 0
    outer loop
      vertex 3.12865 -364.998 249.254
      vertex 3.37774 -364.854 249.254
      vertex 3.37774 -364.854 251.654
    endloop
  endfacet
  facet normal 0.642792 -0.766041 0
    outer loop
      vertex 2.90833 -365.183 249.254
      vertex 3.12865 -364.998 249.254
      vertex 3.12865 -364.998 251.654
    endloop
  endfacet
  facet normal -0.707127 0.707086 8.90173e-07
    outer loop
      vertex -41.2655 -369.266 251.654
      vertex -26.8539 -354.853 251.654
      vertex -31.5893 -359.589 249.254
    endloop
  endfacet
  facet normal -0.707127 0.707086 9.19072e-07
    outer loop
      vertex -18.3533 -346.352 249.254
      vertex -31.5893 -359.589 249.254
      vertex -26.8539 -354.853 251.654
    endloop
  endfacet
  facet normal -0.707127 0.707086 3.00156e-07
    outer loop
      vertex -26.8539 -354.853 251.654
      vertex -18.6049 -346.604 251.654
      vertex -18.3533 -346.352 249.254
    endloop
  endfacet
  facet normal -0.707127 0.707087 -0
    outer loop
      vertex -17.1378 -345.137 251.654
      vertex -17.1378 -345.137 249.254
      vertex -18.3533 -346.352 249.254
    endloop
  endfacet
  facet normal -0.707127 0.707086 3.96676e-07
    outer loop
      vertex -18.3533 -346.352 249.254
      vertex -18.6049 -346.604 251.654
      vertex -17.1378 -345.137 251.654
    endloop
  endfacet
  facet normal -0.707127 0.707086 -0
    outer loop
      vertex -31.5893 -359.589 249.254
      vertex -41.2655 -369.266 249.254
      vertex -41.2655 -369.266 251.654
    endloop
  endfacet
  facet normal 0.642765 -0.766063 0
    outer loop
      vertex 22.6178 -437.432 253.654
      vertex 22.3975 -437.617 253.654
      vertex 22.3975 -437.617 249.254
    endloop
  endfacet
  facet normal 0.499981 -0.866036 0
    outer loop
      vertex 22.8669 -437.289 253.654
      vertex 22.6178 -437.432 253.654
      vertex 22.6178 -437.432 249.254
    endloop
  endfacet
  facet normal 0.342028 -0.93969 0
    outer loop
      vertex 23.1371 -437.19 253.654
      vertex 22.8669 -437.289 253.654
      vertex 22.8669 -437.289 249.254
    endloop
  endfacet
  facet normal 0.173637 -0.98481 0
    outer loop
      vertex 23.4204 -437.14 253.654
      vertex 23.1371 -437.19 253.654
      vertex 23.1371 -437.19 249.254
    endloop
  endfacet
  facet normal 9.19681e-06 -1 0
    outer loop
      vertex 23.708 -437.14 253.654
      vertex 23.4204 -437.14 253.654
      vertex 23.4204 -437.14 249.254
    endloop
  endfacet
  facet normal -0.173652 -0.984807 0
    outer loop
      vertex 23.9912 -437.19 253.654
      vertex 23.708 -437.14 253.654
      vertex 23.708 -437.14 249.254
    endloop
  endfacet
  facet normal -0.342018 -0.939693 0
    outer loop
      vertex 24.2615 -437.289 253.654
      vertex 23.9912 -437.19 253.654
      vertex 23.9912 -437.19 249.254
    endloop
  endfacet
  facet normal -0.499996 -0.866028 0
    outer loop
      vertex 24.5106 -437.432 253.654
      vertex 24.2615 -437.289 253.654
      vertex 24.2615 -437.289 249.254
    endloop
  endfacet
  facet normal -0.642788 -0.766044 0
    outer loop
      vertex 24.7309 -437.617 253.654
      vertex 24.5106 -437.432 253.654
      vertex 24.5106 -437.432 249.254
    endloop
  endfacet
  facet normal -0.766044 -0.642788 -0
    outer loop
      vertex 24.9158 -437.838 253.654
      vertex 24.7309 -437.617 253.654
      vertex 24.7309 -437.617 249.254
    endloop
  endfacet
  facet normal -0.866025 -0.500001 -0
    outer loop
      vertex 25.0596 -438.087 253.654
      vertex 24.9158 -437.838 253.654
      vertex 24.9158 -437.838 249.254
    endloop
  endfacet
  facet normal -0.939693 -0.342018 -0
    outer loop
      vertex 25.158 -438.357 253.654
      vertex 25.0596 -438.087 253.654
      vertex 25.0596 -438.087 249.254
    endloop
  endfacet
  facet normal -0.984812 -0.173626 -0
    outer loop
      vertex 25.2079 -438.64 253.654
      vertex 25.158 -438.357 253.654
      vertex 25.158 -438.357 249.254
    endloop
  endfacet
  facet normal -1 -7.04313e-06 -0
    outer loop
      vertex 25.2079 -438.928 253.654
      vertex 25.2079 -438.64 253.654
      vertex 25.2079 -438.64 249.254
    endloop
  endfacet
  facet normal -0.984806 0.173656 -0
    outer loop
      vertex 25.158 -439.211 253.654
      vertex 25.2079 -438.928 253.654
      vertex 25.2079 -438.928 249.254
    endloop
  endfacet
  facet normal -0.93969 0.342028 -0
    outer loop
      vertex 25.0596 -439.481 253.654
      vertex 25.158 -439.211 253.654
      vertex 25.158 -439.211 249.254
    endloop
  endfacet
  facet normal -0.866025 0.500001 -0
    outer loop
      vertex 24.9158 -439.73 253.654
      vertex 25.0596 -439.481 253.654
      vertex 25.0596 -439.481 249.254
    endloop
  endfacet
  facet normal -0.766063 0.642765 -0
    outer loop
      vertex 24.7309 -439.951 253.654
      vertex 24.9158 -439.73 253.654
      vertex 24.9158 -439.73 249.254
    endloop
  endfacet
  facet normal -0.6428 0.766034 0
    outer loop
      vertex 24.5106 -440.136 253.654
      vertex 24.7309 -439.951 253.654
      vertex 24.7309 -439.951 249.254
    endloop
  endfacet
  facet normal -0.500021 0.866013 0
    outer loop
      vertex 24.2615 -440.279 253.654
      vertex 24.5106 -440.136 253.654
      vertex 24.5106 -440.136 249.254
    endloop
  endfacet
  facet normal -0.341988 0.939704 0
    outer loop
      vertex 23.9912 -440.378 253.654
      vertex 24.2615 -440.279 253.654
      vertex 24.2615 -440.279 249.254
    endloop
  endfacet
  facet normal -0.173658 0.984806 0
    outer loop
      vertex 23.708 -440.428 253.654
      vertex 23.9912 -440.378 253.654
      vertex 23.9912 -440.378 249.254
    endloop
  endfacet
  facet normal 8.20728e-06 1 0
    outer loop
      vertex 23.4204 -440.428 253.654
      vertex 23.708 -440.428 253.654
      vertex 23.708 -440.428 249.254
    endloop
  endfacet
  facet normal 0.173652 0.984807 0
    outer loop
      vertex 23.1371 -440.378 253.654
      vertex 23.4204 -440.428 253.654
      vertex 23.4204 -440.428 249.254
    endloop
  endfacet
  facet normal 0.342027 0.93969 0
    outer loop
      vertex 22.8669 -440.279 253.654
      vertex 23.1371 -440.378 253.654
      vertex 23.1371 -440.378 249.254
    endloop
  endfacet
  facet normal 0.499995 0.866028 0
    outer loop
      vertex 22.6178 -440.136 253.654
      vertex 22.8669 -440.279 253.654
      vertex 22.8669 -440.279 249.254
    endloop
  endfacet
  facet normal 0.64279 0.766043 0
    outer loop
      vertex 22.3975 -439.951 253.654
      vertex 22.6178 -440.136 253.654
      vertex 22.6178 -440.136 249.254
    endloop
  endfacet
  facet normal 0.766043 0.64279 0
    outer loop
      vertex 22.2126 -439.73 253.654
      vertex 22.3975 -439.951 253.654
      vertex 22.3975 -439.951 249.254
    endloop
  endfacet
  facet normal 0.866026 0.5 0
    outer loop
      vertex 22.0688 -439.481 253.654
      vertex 22.2126 -439.73 253.654
      vertex 22.2126 -439.73 249.254
    endloop
  endfacet
  facet normal 0.939693 0.342018 0
    outer loop
      vertex 21.9704 -439.211 253.654
      vertex 22.0688 -439.481 253.654
      vertex 22.0688 -439.481 249.254
    endloop
  endfacet
  facet normal 0.984807 0.173652 0
    outer loop
      vertex 21.9205 -438.928 253.654
      vertex 21.9704 -439.211 253.654
      vertex 21.9704 -439.211 249.254
    endloop
  endfacet
  facet normal 1 8.20728e-06 0
    outer loop
      vertex 21.9205 -438.64 253.654
      vertex 21.9205 -438.928 253.654
      vertex 21.9205 -438.928 249.254
    endloop
  endfacet
  facet normal 0.984806 -0.173658 0
    outer loop
      vertex 21.9704 -438.357 253.654
      vertex 21.9205 -438.64 253.654
      vertex 21.9205 -438.64 249.254
    endloop
  endfacet
  facet normal 0.93969 -0.342027 0
    outer loop
      vertex 22.0688 -438.087 253.654
      vertex 21.9704 -438.357 253.654
      vertex 21.9704 -438.357 249.254
    endloop
  endfacet
  facet normal 0.866025 -0.500001 0
    outer loop
      vertex 22.2126 -437.838 253.654
      vertex 22.0688 -438.087 253.654
      vertex 22.0688 -438.087 249.254
    endloop
  endfacet
  facet normal 0.766034 -0.6428 0
    outer loop
      vertex 22.3975 -437.617 253.654
      vertex 22.2126 -437.838 253.654
      vertex 22.2126 -437.838 249.254
    endloop
  endfacet
  facet normal 0.766063 -0.642765 0
    outer loop
      vertex 22.2126 -437.838 249.254
      vertex 22.3975 -437.617 249.254
      vertex 22.3975 -437.617 253.654
    endloop
  endfacet
  facet normal 0.866036 -0.499982 0
    outer loop
      vertex 22.0688 -438.087 249.254
      vertex 22.2126 -437.838 249.254
      vertex 22.2126 -437.838 253.654
    endloop
  endfacet
  facet normal 0.93969 -0.342027 0
    outer loop
      vertex 21.9704 -438.357 249.254
      vertex 22.0688 -438.087 249.254
      vertex 22.0688 -438.087 253.654
    endloop
  endfacet
  facet normal 0.984809 -0.173639 0
    outer loop
      vertex 21.9205 -438.64 249.254
      vertex 21.9704 -438.357 249.254
      vertex 21.9704 -438.357 253.654
    endloop
  endfacet
  facet normal 1 -8.03266e-06 0
    outer loop
      vertex 21.9205 -438.928 249.254
      vertex 21.9205 -438.64 249.254
      vertex 21.9205 -438.64 253.654
    endloop
  endfacet
  facet normal 0.984807 0.173652 0
    outer loop
      vertex 21.9704 -439.211 249.254
      vertex 21.9205 -438.928 249.254
      vertex 21.9205 -438.928 253.654
    endloop
  endfacet
  facet normal 0.939693 0.342018 0
    outer loop
      vertex 22.0688 -439.481 249.254
      vertex 21.9704 -439.211 249.254
      vertex 21.9704 -439.211 253.654
    endloop
  endfacet
  facet normal 0.866028 0.499995 0
    outer loop
      vertex 22.2126 -439.73 249.254
      vertex 22.0688 -439.481 249.254
      vertex 22.0688 -439.481 253.654
    endloop
  endfacet
  facet normal 0.766043 0.64279 0
    outer loop
      vertex 22.3975 -439.951 249.254
      vertex 22.2126 -439.73 249.254
      vertex 22.2126 -439.73 253.654
    endloop
  endfacet
  facet normal 0.64279 0.766043 0
    outer loop
      vertex 22.6178 -440.136 249.254
      vertex 22.3975 -439.951 249.254
      vertex 22.3975 -439.951 253.654
    endloop
  endfacet
  facet normal 0.5 0.866026 0
    outer loop
      vertex 22.8669 -440.279 249.254
      vertex 22.6178 -440.136 249.254
      vertex 22.6178 -440.136 253.654
    endloop
  endfacet
  facet normal 0.342018 0.939693 0
    outer loop
      vertex 23.1371 -440.378 249.254
      vertex 22.8669 -440.279 249.254
      vertex 22.8669 -440.279 253.654
    endloop
  endfacet
  facet normal 0.173626 0.984812 0
    outer loop
      vertex 23.4204 -440.428 249.254
      vertex 23.1371 -440.378 249.254
      vertex 23.1371 -440.378 253.654
    endloop
  endfacet
  facet normal 8.20728e-06 1 0
    outer loop
      vertex 23.708 -440.428 249.254
      vertex 23.4204 -440.428 249.254
      vertex 23.4204 -440.428 253.654
    endloop
  endfacet
  facet normal -0.173658 0.984806 0
    outer loop
      vertex 23.9912 -440.378 249.254
      vertex 23.708 -440.428 249.254
      vertex 23.708 -440.428 253.654
    endloop
  endfacet
  facet normal -0.342027 0.93969 0
    outer loop
      vertex 24.2615 -440.279 249.254
      vertex 23.9912 -440.378 249.254
      vertex 23.9912 -440.378 253.654
    endloop
  endfacet
  facet normal -0.500001 0.866025 0
    outer loop
      vertex 24.5106 -440.136 249.254
      vertex 24.2615 -440.279 249.254
      vertex 24.2615 -440.279 253.654
    endloop
  endfacet
  facet normal -0.642765 0.766063 0
    outer loop
      vertex 24.7309 -439.951 249.254
      vertex 24.5106 -440.136 249.254
      vertex 24.5106 -440.136 253.654
    endloop
  endfacet
  facet normal -0.766034 0.6428 -0
    outer loop
      vertex 24.9158 -439.73 249.254
      vertex 24.7309 -439.951 249.254
      vertex 24.7309 -439.951 253.654
    endloop
  endfacet
  facet normal -0.866014 0.50002 -0
    outer loop
      vertex 25.0596 -439.481 249.254
      vertex 24.9158 -439.73 249.254
      vertex 24.9158 -439.73 253.654
    endloop
  endfacet
  facet normal -0.939704 0.341989 -0
    outer loop
      vertex 25.158 -439.211 249.254
      vertex 25.0596 -439.481 249.254
      vertex 25.0596 -439.481 253.654
    endloop
  endfacet
  facet normal -0.984806 0.173656 -0
    outer loop
      vertex 25.2079 -438.928 249.254
      vertex 25.158 -439.211 249.254
      vertex 25.158 -439.211 253.654
    endloop
  endfacet
  facet normal -1 -7.04313e-06 -0
    outer loop
      vertex 25.2079 -438.64 249.254
      vertex 25.2079 -438.928 249.254
      vertex 25.2079 -438.928 253.654
    endloop
  endfacet
  facet normal -0.984807 -0.173652 -0
    outer loop
      vertex 25.158 -438.357 249.254
      vertex 25.2079 -438.64 249.254
      vertex 25.2079 -438.64 253.654
    endloop
  endfacet
  facet normal -0.93969 -0.342027 -0
    outer loop
      vertex 25.0596 -438.087 249.254
      vertex 25.158 -438.357 249.254
      vertex 25.158 -438.357 253.654
    endloop
  endfacet
  facet normal -0.866028 -0.499996 -0
    outer loop
      vertex 24.9158 -437.838 249.254
      vertex 25.0596 -438.087 249.254
      vertex 25.0596 -438.087 253.654
    endloop
  endfacet
  facet normal -0.766044 -0.642788 -0
    outer loop
      vertex 24.7309 -437.617 249.254
      vertex 24.9158 -437.838 249.254
      vertex 24.9158 -437.838 253.654
    endloop
  endfacet
  facet normal -0.642788 -0.766044 0
    outer loop
      vertex 24.5106 -437.432 249.254
      vertex 24.7309 -437.617 249.254
      vertex 24.7309 -437.617 253.654
    endloop
  endfacet
  facet normal -0.500001 -0.866025 0
    outer loop
      vertex 24.2615 -437.289 249.254
      vertex 24.5106 -437.432 249.254
      vertex 24.5106 -437.432 253.654
    endloop
  endfacet
  facet normal -0.342018 -0.939693 0
    outer loop
      vertex 23.9912 -437.19 249.254
      vertex 24.2615 -437.289 249.254
      vertex 24.2615 -437.289 253.654
    endloop
  endfacet
  facet normal -0.173652 -0.984807 0
    outer loop
      vertex 23.708 -437.14 249.254
      vertex 23.9912 -437.19 249.254
      vertex 23.9912 -437.19 253.654
    endloop
  endfacet
  facet normal -7.04313e-06 -1 0
    outer loop
      vertex 23.4204 -437.14 249.254
      vertex 23.708 -437.14 249.254
      vertex 23.708 -437.14 253.654
    endloop
  endfacet
  facet normal 0.173656 -0.984806 0
    outer loop
      vertex 23.1371 -437.19 249.254
      vertex 23.4204 -437.14 249.254
      vertex 23.4204 -437.14 253.654
    endloop
  endfacet
  facet normal 0.342029 -0.93969 0
    outer loop
      vertex 22.8669 -437.289 249.254
      vertex 23.1371 -437.19 249.254
      vertex 23.1371 -437.19 253.654
    endloop
  endfacet
  facet normal 0.500001 -0.866025 0
    outer loop
      vertex 22.6178 -437.432 249.254
      vertex 22.8669 -437.289 249.254
      vertex 22.8669 -437.289 253.654
    endloop
  endfacet
  facet normal 0.6428 -0.766034 0
    outer loop
      vertex 22.3975 -437.617 249.254
      vertex 22.6178 -437.432 249.254
      vertex 22.6178 -437.432 253.654
    endloop
  endfacet
  facet normal -1.6504e-07 1.6504e-07 1
    outer loop
      vertex 21.0737 -438.566 253.654
      vertex 21.9205 -438.64 253.654
      vertex 21.9704 -438.357 253.654
    endloop
  endfacet
  facet normal -1.65043e-07 1.65043e-07 1
    outer loop
      vertex 21.0737 -439.002 253.654
      vertex 21.9205 -438.928 253.654
      vertex 21.9205 -438.64 253.654
    endloop
  endfacet
  facet normal -8.25205e-08 8.25205e-08 1
    outer loop
      vertex 21.5163 -440.218 253.654
      vertex 22.2126 -439.73 253.654
      vertex 22.0688 -439.481 253.654
    endloop
  endfacet
  facet normal 4.12602e-07 -4.12602e-07 1
    outer loop
      vertex 21.7964 -440.552 253.654
      vertex 22.3975 -439.951 253.654
      vertex 22.2126 -439.73 253.654
    endloop
  endfacet
  facet normal -4.3571e-07 4.3571e-07 1
    outer loop
      vertex 24.9981 -436.736 253.654
      vertex 24.6207 -436.518 253.654
      vertex 24.2615 -437.289 253.654
    endloop
  endfacet
  facet normal 0 0 1
    outer loop
      vertex 24.6207 -436.518 253.654
      vertex 24.2112 -436.369 253.654
      vertex 23.9912 -437.19 253.654
    endloop
  endfacet
  facet normal 0 0 1
    outer loop
      vertex 21.5163 -437.35 253.654
      vertex 22.2126 -437.838 253.654
      vertex 22.3975 -437.617 253.654
    endloop
  endfacet
  facet normal 0 0 1
    outer loop
      vertex 21.2984 -437.728 253.654
      vertex 22.0688 -438.087 253.654
      vertex 22.2126 -437.838 253.654
    endloop
  endfacet
  facet normal 2.17854e-07 -2.17854e-07 1
    outer loop
      vertex 21.9205 -438.64 253.654
      vertex 21.0737 -438.566 253.654
      vertex 21.0737 -439.002 253.654
    endloop
  endfacet
  facet normal 3.30078e-07 -3.30078e-07 1
    outer loop
      vertex 21.1494 -439.431 253.654
      vertex 21.9704 -439.211 253.654
      vertex 21.9205 -438.928 253.654
    endloop
  endfacet
  facet normal 3.30083e-07 -3.30083e-07 1
    outer loop
      vertex 21.2984 -439.841 253.654
      vertex 22.0688 -439.481 253.654
      vertex 21.9704 -439.211 253.654
    endloop
  endfacet
  facet normal -2.72316e-08 2.72316e-08 1
    outer loop
      vertex 22.2126 -439.73 253.654
      vertex 21.5163 -440.218 253.654
      vertex 21.7964 -440.552 253.654
    endloop
  endfacet
  facet normal -4.12602e-07 4.12602e-07 1
    outer loop
      vertex 22.1302 -440.832 253.654
      vertex 22.6178 -440.136 253.654
      vertex 22.3975 -439.951 253.654
    endloop
  endfacet
  facet normal 8.25205e-08 -8.25205e-08 1
    outer loop
      vertex 22.5076 -441.05 253.654
      vertex 22.8669 -440.279 253.654
      vertex 22.6178 -440.136 253.654
    endloop
  endfacet
  facet normal -1.65041e-07 1.65041e-07 1
    outer loop
      vertex 23.7821 -441.275 253.654
      vertex 23.708 -440.428 253.654
      vertex 23.4204 -440.428 253.654
    endloop
  endfacet
  facet normal 0 0 1
    outer loop
      vertex 23.7821 -441.275 253.654
      vertex 24.2112 -441.199 253.654
      vertex 23.9912 -440.378 253.654
    endloop
  endfacet
  facet normal 0 0 1
    outer loop
      vertex 25.979 -438.137 253.654
      vertex 25.83 -437.728 253.654
      vertex 25.0596 -438.087 253.654
    endloop
  endfacet
  facet normal 4.35707e-07 -4.35707e-07 1
    outer loop
      vertex 25.83 -437.728 253.654
      vertex 25.6121 -437.35 253.654
      vertex 24.9158 -437.838 253.654
    endloop
  endfacet
  facet normal 0 0 1
    outer loop
      vertex 25.332 -437.016 253.654
      vertex 24.9981 -436.736 253.654
      vertex 24.5106 -437.432 253.654
    endloop
  endfacet
  facet normal 0 0 1
    outer loop
      vertex 23.9912 -437.19 253.654
      vertex 24.2615 -437.289 253.654
      vertex 24.6207 -436.518 253.654
    endloop
  endfacet
  facet normal 0 0 1
    outer loop
      vertex 24.2112 -436.369 253.654
      vertex 23.7821 -436.294 253.654
      vertex 23.708 -437.14 253.654
    endloop
  endfacet
  facet normal 0 0 1
    outer loop
      vertex 23.7821 -436.294 253.654
      vertex 23.3463 -436.294 253.654
      vertex 23.4204 -437.14 253.654
    endloop
  endfacet
  facet normal 0 0 1
    outer loop
      vertex 22.2126 -437.838 253.654
      vertex 21.5163 -437.35 253.654
      vertex 21.2984 -437.728 253.654
    endloop
  endfacet
  facet normal 3.30084e-07 -3.30084e-07 1
    outer loop
      vertex 21.1494 -438.137 253.654
      vertex 21.9704 -438.357 253.654
      vertex 22.0688 -438.087 253.654
    endloop
  endfacet
  facet normal 0 0 1
    outer loop
      vertex 21.9205 -438.928 253.654
      vertex 21.0737 -439.002 253.654
      vertex 21.1494 -439.431 253.654
    endloop
  endfacet
  facet normal -2.72319e-07 2.72319e-07 1
    outer loop
      vertex 22.0688 -439.481 253.654
      vertex 21.2984 -439.841 253.654
      vertex 21.5163 -440.218 253.654
    endloop
  endfacet
  facet normal 2.72316e-07 -2.72316e-07 1
    outer loop
      vertex 22.6178 -440.136 253.654
      vertex 22.1302 -440.832 253.654
      vertex 22.5076 -441.05 253.654
    endloop
  endfacet
  facet normal 3.30085e-07 -3.30085e-07 1
    outer loop
      vertex 22.9171 -441.199 253.654
      vertex 23.1371 -440.378 253.654
      vertex 22.8669 -440.279 253.654
    endloop
  endfacet
  facet normal -3.30081e-07 3.30081e-07 1
    outer loop
      vertex 23.3463 -441.275 253.654
      vertex 23.4204 -440.428 253.654
      vertex 23.1371 -440.378 253.654
    endloop
  endfacet
  facet normal 0 0 1
    outer loop
      vertex 23.9912 -440.378 253.654
      vertex 23.708 -440.428 253.654
      vertex 23.7821 -441.275 253.654
    endloop
  endfacet
  facet normal 0 0 1
    outer loop
      vertex 25.979 -439.431 253.654
      vertex 26.0547 -439.002 253.654
      vertex 25.2079 -438.928 253.654
    endloop
  endfacet
  facet normal 0 0 1
    outer loop
      vertex 26.0547 -439.002 253.654
      vertex 26.0547 -438.566 253.654
      vertex 25.2079 -438.64 253.654
    endloop
  endfacet
  facet normal 0 0 1
    outer loop
      vertex 24.9158 -437.838 253.654
      vertex 25.0596 -438.087 253.654
      vertex 25.83 -437.728 253.654
    endloop
  endfacet
  facet normal 0 0 1
    outer loop
      vertex 25.6121 -437.35 253.654
      vertex 25.332 -437.016 253.654
      vertex 24.7309 -437.617 253.654
    endloop
  endfacet
  facet normal 0 0 1
    outer loop
      vertex 24.2615 -437.289 253.654
      vertex 24.5106 -437.432 253.654
      vertex 24.9981 -436.736 253.654
    endloop
  endfacet
  facet normal 0 0 1
    outer loop
      vertex 23.4204 -437.14 253.654
      vertex 23.708 -437.14 253.654
      vertex 23.7821 -436.294 253.654
    endloop
  endfacet
  facet normal -2.17853e-07 2.17853e-07 1
    outer loop
      vertex 22.0688 -438.087 253.654
      vertex 21.2984 -437.728 253.654
      vertex 21.1494 -438.137 253.654
    endloop
  endfacet
  facet normal -1.08926e-07 1.08926e-07 1
    outer loop
      vertex 21.9704 -439.211 253.654
      vertex 21.1494 -439.431 253.654
      vertex 21.2984 -439.841 253.654
    endloop
  endfacet
  facet normal -3.26782e-07 3.26782e-07 1
    outer loop
      vertex 22.8669 -440.279 253.654
      vertex 22.5076 -441.05 253.654
      vertex 22.9171 -441.199 253.654
    endloop
  endfacet
  facet normal 0 0 1
    outer loop
      vertex 23.4204 -440.428 253.654
      vertex 23.3463 -441.275 253.654
      vertex 23.7821 -441.275 253.654
    endloop
  endfacet
  facet normal 0 0 1
    outer loop
      vertex 25.2079 -438.64 253.654
      vertex 25.2079 -438.928 253.654
      vertex 26.0547 -439.002 253.654
    endloop
  endfacet
  facet normal 0 0 1
    outer loop
      vertex 26.0547 -438.566 253.654
      vertex 25.979 -438.137 253.654
      vertex 25.158 -438.357 253.654
    endloop
  endfacet
  facet normal 0 0 1
    outer loop
      vertex 24.7309 -437.617 253.654
      vertex 24.9158 -437.838 253.654
      vertex 25.6121 -437.35 253.654
    endloop
  endfacet
  facet normal 0 0 1
    outer loop
      vertex 23.708 -437.14 253.654
      vertex 23.9912 -437.19 253.654
      vertex 24.2112 -436.369 253.654
    endloop
  endfacet
  facet normal -3.30083e-07 3.30083e-07 1
    outer loop
      vertex 22.1302 -436.736 253.654
      vertex 22.6178 -437.432 253.654
      vertex 22.8669 -437.289 253.654
    endloop
  endfacet
  facet normal 0 0 1
    outer loop
      vertex 21.7964 -437.016 253.654
      vertex 22.3975 -437.617 253.654
      vertex 22.6178 -437.432 253.654
    endloop
  endfacet
  facet normal 0 0 1
    outer loop
      vertex 21.9704 -438.357 253.654
      vertex 21.1494 -438.137 253.654
      vertex 21.0737 -438.566 253.654
    endloop
  endfacet
  facet normal 0 0 1
    outer loop
      vertex 23.1371 -440.378 253.654
      vertex 22.9171 -441.199 253.654
      vertex 23.3463 -441.275 253.654
    endloop
  endfacet
  facet normal 1.08927e-07 -1.08927e-07 1
    outer loop
      vertex 24.6207 -441.05 253.654
      vertex 24.9981 -440.832 253.654
      vertex 24.5106 -440.136 253.654
    endloop
  endfacet
  facet normal 0 0 1
    outer loop
      vertex 24.9981 -440.832 253.654
      vertex 25.332 -440.552 253.654
      vertex 24.7309 -439.951 253.654
    endloop
  endfacet
  facet normal 0 0 1
    outer loop
      vertex 25.158 -438.357 253.654
      vertex 25.2079 -438.64 253.654
      vertex 26.0547 -438.566 253.654
    endloop
  endfacet
  facet normal 0 0 1
    outer loop
      vertex 24.5106 -437.432 253.654
      vertex 24.7309 -437.617 253.654
      vertex 25.332 -437.016 253.654
    endloop
  endfacet
  facet normal 1.6504e-07 -1.6504e-07 1
    outer loop
      vertex 22.9171 -436.369 253.654
      vertex 23.1371 -437.19 253.654
      vertex 23.4204 -437.14 253.654
    endloop
  endfacet
  facet normal 3.30083e-07 -3.30083e-07 1
    outer loop
      vertex 22.5076 -436.518 253.654
      vertex 22.8669 -437.289 253.654
      vertex 23.1371 -437.19 253.654
    endloop
  endfacet
  facet normal 2.17855e-07 -2.17855e-07 1
    outer loop
      vertex 22.6178 -437.432 253.654
      vertex 22.1302 -436.736 253.654
      vertex 21.7964 -437.016 253.654
    endloop
  endfacet
  facet normal 2.72319e-08 -2.72319e-08 1
    outer loop
      vertex 22.3975 -439.951 253.654
      vertex 21.7964 -440.552 253.654
      vertex 22.1302 -440.832 253.654
    endloop
  endfacet
  facet normal 2.17853e-07 -2.17853e-07 1
    outer loop
      vertex 24.2112 -441.199 253.654
      vertex 24.6207 -441.05 253.654
      vertex 24.2615 -440.279 253.654
    endloop
  endfacet
  facet normal -1.65042e-07 1.65042e-07 1
    outer loop
      vertex 24.7309 -439.951 253.654
      vertex 24.5106 -440.136 253.654
      vertex 24.9981 -440.832 253.654
    endloop
  endfacet
  facet normal -1.08927e-07 1.08927e-07 1
    outer loop
      vertex 25.332 -440.552 253.654
      vertex 25.6121 -440.218 253.654
      vertex 24.9158 -439.73 253.654
    endloop
  endfacet
  facet normal 0 0 1
    outer loop
      vertex 25.6121 -440.218 253.654
      vertex 25.83 -439.841 253.654
      vertex 25.0596 -439.481 253.654
    endloop
  endfacet
  facet normal 0 0 1
    outer loop
      vertex 25.0596 -438.087 253.654
      vertex 25.158 -438.357 253.654
      vertex 25.979 -438.137 253.654
    endloop
  endfacet
  facet normal -2.17855e-07 2.17855e-07 1
    outer loop
      vertex 23.1371 -437.19 253.654
      vertex 22.9171 -436.369 253.654
      vertex 22.5076 -436.518 253.654
    endloop
  endfacet
  facet normal 0 0 1
    outer loop
      vertex 22.3975 -437.617 253.654
      vertex 21.7964 -437.016 253.654
      vertex 21.5163 -437.35 253.654
    endloop
  endfacet
  facet normal 0 0 1
    outer loop
      vertex 24.5106 -440.136 253.654
      vertex 24.2615 -440.279 253.654
      vertex 24.6207 -441.05 253.654
    endloop
  endfacet
  facet normal 1.65041e-07 -1.65041e-07 1
    outer loop
      vertex 25.0596 -439.481 253.654
      vertex 24.9158 -439.73 253.654
      vertex 25.6121 -440.218 253.654
    endloop
  endfacet
  facet normal 2.17854e-07 -2.17854e-07 1
    outer loop
      vertex 25.83 -439.841 253.654
      vertex 25.979 -439.431 253.654
      vertex 25.158 -439.211 253.654
    endloop
  endfacet
  facet normal -2.17854e-07 2.17854e-07 1
    outer loop
      vertex 23.4204 -437.14 253.654
      vertex 23.3463 -436.294 253.654
      vertex 22.9171 -436.369 253.654
    endloop
  endfacet
  facet normal -3.30081e-07 3.30081e-07 1
    outer loop
      vertex 24.2615 -440.279 253.654
      vertex 23.9912 -440.378 253.654
      vertex 24.2112 -441.199 253.654
    endloop
  endfacet
  facet normal -3.30081e-07 3.30081e-07 1
    outer loop
      vertex 25.158 -439.211 253.654
      vertex 25.0596 -439.481 253.654
      vertex 25.83 -439.841 253.654
    endloop
  endfacet
  facet normal 0 0 1
    outer loop
      vertex 22.8669 -437.289 253.654
      vertex 22.5076 -436.518 253.654
      vertex 22.1302 -436.736 253.654
    endloop
  endfacet
  facet normal 0 0 1
    outer loop
      vertex 25.2079 -438.928 253.654
      vertex 25.158 -439.211 253.654
      vertex 25.979 -439.431 253.654
    endloop
  endfacet
  facet normal 0 0 1
    outer loop
      vertex 24.9158 -439.73 253.654
      vertex 24.7309 -439.951 253.654
      vertex 25.332 -440.552 253.654
    endloop
  endfacet
  facet normal -0.642775 0.766055 0
    outer loop
      vertex 21.7964 -437.016 251.654
      vertex 21.7964 -437.016 253.654
      vertex 22.1302 -436.736 253.654
    endloop
  endfacet
  facet normal -0.500006 0.866022 0
    outer loop
      vertex 22.1302 -436.736 251.654
      vertex 22.1302 -436.736 253.654
      vertex 22.5076 -436.518 253.654
    endloop
  endfacet
  facet normal -0.342018 0.939693 0
    outer loop
      vertex 22.5076 -436.518 251.654
      vertex 22.5076 -436.518 253.654
      vertex 22.9171 -436.369 253.654
    endloop
  endfacet
  facet normal -0.173651 0.984807 0
    outer loop
      vertex 22.9171 -436.369 251.654
      vertex 22.9171 -436.369 253.654
      vertex 23.3463 -436.294 253.654
    endloop
  endfacet
  facet normal 3.25963e-06 1 0
    outer loop
      vertex 23.3463 -436.294 251.654
      vertex 23.3463 -436.294 253.654
      vertex 23.7821 -436.294 253.654
    endloop
  endfacet
  facet normal 0.173653 0.984807 0
    outer loop
      vertex 23.7821 -436.294 251.654
      vertex 23.7821 -436.294 253.654
      vertex 24.2112 -436.369 253.654
    endloop
  endfacet
  facet normal 0.342024 0.939691 0
    outer loop
      vertex 24.2112 -436.369 251.654
      vertex 24.2112 -436.369 253.654
      vertex 24.6207 -436.518 253.654
    endloop
  endfacet
  facet normal 0.499999 0.866026 0
    outer loop
      vertex 24.6207 -436.518 251.654
      vertex 24.6207 -436.518 253.654
      vertex 24.9981 -436.736 253.654
    endloop
  endfacet
  facet normal 0.642788 0.766044 0
    outer loop
      vertex 24.9981 -436.736 251.654
      vertex 24.9981 -436.736 253.654
      vertex 25.332 -437.016 253.654
    endloop
  endfacet
  facet normal 0.766044 0.642788 0
    outer loop
      vertex 25.332 -437.016 251.654
      vertex 25.332 -437.016 253.654
      vertex 25.6121 -437.35 253.654
    endloop
  endfacet
  facet normal 0.866024 0.500003 0
    outer loop
      vertex 25.6121 -437.35 251.654
      vertex 25.6121 -437.35 253.654
      vertex 25.83 -437.728 253.654
    endloop
  endfacet
  facet normal 0.939694 0.342017 0
    outer loop
      vertex 25.83 -437.728 251.654
      vertex 25.83 -437.728 253.654
      vertex 25.979 -438.137 253.654
    endloop
  endfacet
  facet normal 0.984809 0.173644 0
    outer loop
      vertex 25.979 -438.137 251.654
      vertex 25.979 -438.137 253.654
      vertex 26.0547 -438.566 253.654
    endloop
  endfacet
  facet normal 1 1.50758e-05 0
    outer loop
      vertex 26.0547 -438.566 251.654
      vertex 26.0547 -438.566 253.654
      vertex 26.0547 -439.002 253.654
    endloop
  endfacet
  facet normal 0.984807 -0.173651 0
    outer loop
      vertex 26.0547 -439.002 251.654
      vertex 26.0547 -439.002 253.654
      vertex 25.979 -439.431 253.654
    endloop
  endfacet
  facet normal 0.939688 -0.342032 0
    outer loop
      vertex 25.979 -439.431 251.654
      vertex 25.979 -439.431 253.654
      vertex 25.83 -439.841 253.654
    endloop
  endfacet
  facet normal 0.86603 -0.499992 0
    outer loop
      vertex 25.83 -439.841 251.654
      vertex 25.83 -439.841 253.654
      vertex 25.6121 -440.218 253.654
    endloop
  endfacet
  facet normal 0.766034 -0.642801 0
    outer loop
      vertex 25.6121 -440.218 251.654
      vertex 25.6121 -440.218 253.654
      vertex 25.332 -440.552 253.654
    endloop
  endfacet
  facet normal 0.642775 -0.766055 0
    outer loop
      vertex 25.332 -440.552 251.654
      vertex 25.332 -440.552 253.654
      vertex 24.9981 -440.832 253.654
    endloop
  endfacet
  facet normal 0.500006 -0.866022 0
    outer loop
      vertex 24.9981 -440.832 251.654
      vertex 24.9981 -440.832 253.654
      vertex 24.6207 -441.05 253.654
    endloop
  endfacet
  facet normal 0.342018 -0.939693 0
    outer loop
      vertex 24.6207 -441.05 251.654
      vertex 24.6207 -441.05 253.654
      vertex 24.2112 -441.199 253.654
    endloop
  endfacet
  facet normal 0.17365 -0.984807 0
    outer loop
      vertex 24.2112 -441.199 251.654
      vertex 24.2112 -441.199 253.654
      vertex 23.7821 -441.275 253.654
    endloop
  endfacet
  facet normal -3.25963e-06 -1 0
    outer loop
      vertex 23.7821 -441.275 251.654
      vertex 23.7821 -441.275 253.654
      vertex 23.3463 -441.275 253.654
    endloop
  endfacet
  facet normal -0.173643 -0.984809 0
    outer loop
      vertex 23.3463 -441.275 251.654
      vertex 23.3463 -441.275 253.654
      vertex 22.9171 -441.199 253.654
    endloop
  endfacet
  facet normal -0.342024 -0.939691 0
    outer loop
      vertex 22.9171 -441.199 251.654
      vertex 22.9171 -441.199 253.654
      vertex 22.5076 -441.05 253.654
    endloop
  endfacet
  facet normal -0.499999 -0.866026 0
    outer loop
      vertex 22.5076 -441.05 251.654
      vertex 22.5076 -441.05 253.654
      vertex 22.1302 -440.832 253.654
    endloop
  endfacet
  facet normal -0.642788 -0.766044 0
    outer loop
      vertex 22.1302 -440.832 251.654
      vertex 22.1302 -440.832 253.654
      vertex 21.7964 -440.552 253.654
    endloop
  endfacet
  facet normal -0.766044 -0.642788 -0
    outer loop
      vertex 21.7964 -440.552 251.654
      vertex 21.7964 -440.552 253.654
      vertex 21.5163 -440.218 253.654
    endloop
  endfacet
  facet normal -0.866026 -0.499999 -0
    outer loop
      vertex 21.5163 -440.218 251.654
      vertex 21.5163 -440.218 253.654
      vertex 21.2984 -439.841 253.654
    endloop
  endfacet
  facet normal -0.939691 -0.342024 -0
    outer loop
      vertex 21.2984 -439.841 251.654
      vertex 21.2984 -439.841 253.654
      vertex 21.1494 -439.431 253.654
    endloop
  endfacet
  facet normal -0.98481 -0.173633 -0
    outer loop
      vertex 21.1494 -439.431 251.654
      vertex 21.1494 -439.431 253.654
      vertex 21.0737 -439.002 253.654
    endloop
  endfacet
  facet normal -1 -3.25963e-06 -0
    outer loop
      vertex 21.0737 -439.002 251.654
      vertex 21.0737 -439.002 253.654
      vertex 21.0737 -438.566 253.654
    endloop
  endfacet
  facet normal -0.984807 0.17365 -0
    outer loop
      vertex 21.0737 -438.566 251.654
      vertex 21.0737 -438.566 253.654
      vertex 21.1494 -438.137 253.654
    endloop
  endfacet
  facet normal -0.939688 0.342032 -0
    outer loop
      vertex 21.1494 -438.137 251.654
      vertex 21.1494 -438.137 253.654
      vertex 21.2984 -437.728 253.654
    endloop
  endfacet
  facet normal -0.86603 0.499992 -0
    outer loop
      vertex 21.2984 -437.728 251.654
      vertex 21.2984 -437.728 253.654
      vertex 21.5163 -437.35 253.654
    endloop
  endfacet
  facet normal -0.766044 0.642788 -0
    outer loop
      vertex 21.5163 -437.35 251.654
      vertex 21.5163 -437.35 253.654
      vertex 21.7964 -437.016 253.654
    endloop
  endfacet
  facet normal -0.766055 0.642775 -0
    outer loop
      vertex 21.7964 -437.016 253.654
      vertex 21.7964 -437.016 251.654
      vertex 21.5163 -437.35 251.654
    endloop
  endfacet
  facet normal -0.866022 0.500006 -0
    outer loop
      vertex 21.5163 -437.35 253.654
      vertex 21.5163 -437.35 251.654
      vertex 21.2984 -437.728 251.654
    endloop
  endfacet
  facet normal -0.939693 0.342018 -0
    outer loop
      vertex 21.2984 -437.728 253.654
      vertex 21.2984 -437.728 251.654
      vertex 21.1494 -438.137 251.654
    endloop
  endfacet
  facet normal -0.984807 0.17365 -0
    outer loop
      vertex 21.1494 -438.137 253.654
      vertex 21.1494 -438.137 251.654
      vertex 21.0737 -438.566 251.654
    endloop
  endfacet
  facet normal -1 -3.25963e-06 -0
    outer loop
      vertex 21.0737 -438.566 253.654
      vertex 21.0737 -438.566 251.654
      vertex 21.0737 -439.002 251.654
    endloop
  endfacet
  facet normal -0.984807 -0.173652 -0
    outer loop
      vertex 21.0737 -439.002 253.654
      vertex 21.0737 -439.002 251.654
      vertex 21.1494 -439.431 251.654
    endloop
  endfacet
  facet normal -0.939691 -0.342024 -0
    outer loop
      vertex 21.1494 -439.431 253.654
      vertex 21.1494 -439.431 251.654
      vertex 21.2984 -439.841 251.654
    endloop
  endfacet
  facet normal -0.866026 -0.499999 -0
    outer loop
      vertex 21.2984 -439.841 253.654
      vertex 21.2984 -439.841 251.654
      vertex 21.5163 -440.218 251.654
    endloop
  endfacet
  facet normal -0.766044 -0.642788 -0
    outer loop
      vertex 21.5163 -440.218 253.654
      vertex 21.5163 -440.218 251.654
      vertex 21.7964 -440.552 251.654
    endloop
  endfacet
  facet normal -0.642788 -0.766044 0
    outer loop
      vertex 21.7964 -440.552 253.654
      vertex 21.7964 -440.552 251.654
      vertex 22.1302 -440.832 251.654
    endloop
  endfacet
  facet normal -0.500003 -0.866024 0
    outer loop
      vertex 22.1302 -440.832 253.654
      vertex 22.1302 -440.832 251.654
      vertex 22.5076 -441.05 251.654
    endloop
  endfacet
  facet normal -0.342017 -0.939694 0
    outer loop
      vertex 22.5076 -441.05 253.654
      vertex 22.5076 -441.05 251.654
      vertex 22.9171 -441.199 251.654
    endloop
  endfacet
  facet normal -0.173643 -0.984809 0
    outer loop
      vertex 22.9171 -441.199 253.654
      vertex 22.9171 -441.199 251.654
      vertex 23.3463 -441.275 251.654
    endloop
  endfacet
  facet normal -1.50758e-05 -1 0
    outer loop
      vertex 23.3463 -441.275 253.654
      vertex 23.3463 -441.275 251.654
      vertex 23.7821 -441.275 251.654
    endloop
  endfacet
  facet normal 0.17365 -0.984807 0
    outer loop
      vertex 23.7821 -441.275 253.654
      vertex 23.7821 -441.275 251.654
      vertex 24.2112 -441.199 251.654
    endloop
  endfacet
  facet normal 0.342032 -0.939688 0
    outer loop
      vertex 24.2112 -441.199 253.654
      vertex 24.2112 -441.199 251.654
      vertex 24.6207 -441.05 251.654
    endloop
  endfacet
  facet normal 0.499992 -0.86603 0
    outer loop
      vertex 24.6207 -441.05 253.654
      vertex 24.6207 -441.05 251.654
      vertex 24.9981 -440.832 251.654
    endloop
  endfacet
  facet normal 0.642801 -0.766033 0
    outer loop
      vertex 24.9981 -440.832 253.654
      vertex 24.9981 -440.832 251.654
      vertex 25.332 -440.552 251.654
    endloop
  endfacet
  facet normal 0.766055 -0.642775 0
    outer loop
      vertex 25.332 -440.552 253.654
      vertex 25.332 -440.552 251.654
      vertex 25.6121 -440.218 251.654
    endloop
  endfacet
  facet normal 0.866022 -0.500006 0
    outer loop
      vertex 25.6121 -440.218 253.654
      vertex 25.6121 -440.218 251.654
      vertex 25.83 -439.841 251.654
    endloop
  endfacet
  facet normal 0.939693 -0.342018 0
    outer loop
      vertex 25.83 -439.841 253.654
      vertex 25.83 -439.841 251.654
      vertex 25.979 -439.431 251.654
    endloop
  endfacet
  facet normal 0.984807 -0.173651 0
    outer loop
      vertex 25.979 -439.431 253.654
      vertex 25.979 -439.431 251.654
      vertex 26.0547 -439.002 251.654
    endloop
  endfacet
  facet normal 1 3.25963e-06 0
    outer loop
      vertex 26.0547 -439.002 253.654
      vertex 26.0547 -439.002 251.654
      vertex 26.0547 -438.566 251.654
    endloop
  endfacet
  facet normal 0.984809 0.173644 0
    outer loop
      vertex 26.0547 -438.566 253.654
      vertex 26.0547 -438.566 251.654
      vertex 25.979 -438.137 251.654
    endloop
  endfacet
  facet normal 0.939691 0.342024 0
    outer loop
      vertex 25.979 -438.137 253.654
      vertex 25.979 -438.137 251.654
      vertex 25.83 -437.728 251.654
    endloop
  endfacet
  facet normal 0.866026 0.499999 0
    outer loop
      vertex 25.83 -437.728 253.654
      vertex 25.83 -437.728 251.654
      vertex 25.6121 -437.35 251.654
    endloop
  endfacet
  facet normal 0.766044 0.642788 0
    outer loop
      vertex 25.6121 -437.35 253.654
      vertex 25.6121 -437.35 251.654
      vertex 25.332 -437.016 251.654
    endloop
  endfacet
  facet normal 0.642788 0.766044 0
    outer loop
      vertex 25.332 -437.016 253.654
      vertex 25.332 -437.016 251.654
      vertex 24.9981 -436.736 251.654
    endloop
  endfacet
  facet normal 0.499999 0.866026 0
    outer loop
      vertex 24.9981 -436.736 253.654
      vertex 24.9981 -436.736 251.654
      vertex 24.6207 -436.518 251.654
    endloop
  endfacet
  facet normal 0.342024 0.939691 0
    outer loop
      vertex 24.6207 -436.518 253.654
      vertex 24.6207 -436.518 251.654
      vertex 24.2112 -436.369 251.654
    endloop
  endfacet
  facet normal 0.173634 0.98481 0
    outer loop
      vertex 24.2112 -436.369 253.654
      vertex 24.2112 -436.369 251.654
      vertex 23.7821 -436.294 251.654
    endloop
  endfacet
  facet normal 3.25963e-06 1 0
    outer loop
      vertex 23.7821 -436.294 253.654
      vertex 23.7821 -436.294 251.654
      vertex 23.3463 -436.294 251.654
    endloop
  endfacet
  facet normal -0.173651 0.984807 0
    outer loop
      vertex 23.3463 -436.294 253.654
      vertex 23.3463 -436.294 251.654
      vertex 22.9171 -436.369 251.654
    endloop
  endfacet
  facet normal -0.342032 0.939688 0
    outer loop
      vertex 22.9171 -436.369 253.654
      vertex 22.9171 -436.369 251.654
      vertex 22.5076 -436.518 251.654
    endloop
  endfacet
  facet normal -0.499992 0.86603 0
    outer loop
      vertex 22.5076 -436.518 253.654
      vertex 22.5076 -436.518 251.654
      vertex 22.1302 -436.736 251.654
    endloop
  endfacet
  facet normal -0.642788 0.766044 0
    outer loop
      vertex 22.1302 -436.736 253.654
      vertex 22.1302 -436.736 251.654
      vertex 21.7964 -437.016 251.654
    endloop
  endfacet
  facet normal 0.6428 -0.766034 0
    outer loop
      vertex -6.37359 -360.358 253.654
      vertex -6.59392 -360.543 253.654
      vertex -6.59392 -360.543 249.254
    endloop
  endfacet
  facet normal 0.500001 -0.866025 0
    outer loop
      vertex -6.12451 -360.214 253.654
      vertex -6.37359 -360.358 253.654
      vertex -6.37359 -360.358 249.254
    endloop
  endfacet
  facet normal 0.341988 -0.939704 0
    outer loop
      vertex -5.85424 -360.116 253.654
      vertex -6.12451 -360.214 253.654
      vertex -6.12451 -360.214 249.254
    endloop
  endfacet
  facet normal 0.173639 -0.984809 0
    outer loop
      vertex -5.571 -360.066 253.654
      vertex -5.85424 -360.116 253.654
      vertex -5.85424 -360.116 249.254
    endloop
  endfacet
  facet normal -8.20728e-06 -1 0
    outer loop
      vertex -5.28338 -360.066 253.654
      vertex -5.571 -360.066 253.654
      vertex -5.571 -360.066 249.254
    endloop
  endfacet
  facet normal -0.173652 -0.984807 0
    outer loop
      vertex -5.00014 -360.116 253.654
      vertex -5.28338 -360.066 253.654
      vertex -5.28338 -360.066 249.254
    endloop
  endfacet
  facet normal -0.342027 -0.93969 0
    outer loop
      vertex -4.72987 -360.214 253.654
      vertex -5.00014 -360.116 253.654
      vertex -5.00014 -360.116 249.254
    endloop
  endfacet
  facet normal -0.5 -0.866026 0
    outer loop
      vertex -4.48079 -360.358 253.654
      vertex -4.72987 -360.214 253.654
      vertex -4.72987 -360.214 249.254
    endloop
  endfacet
  facet normal -0.642787 -0.766045 0
    outer loop
      vertex -4.26046 -360.543 253.654
      vertex -4.48079 -360.358 253.654
      vertex -4.48079 -360.358 249.254
    endloop
  endfacet
  facet normal -0.766045 -0.642787 -0
    outer loop
      vertex -4.07559 -360.763 253.654
      vertex -4.26046 -360.543 253.654
      vertex -4.26046 -360.543 249.254
    endloop
  endfacet
  facet normal -0.866028 -0.499995 -0
    outer loop
      vertex -3.93178 -361.012 253.654
      vertex -4.07559 -360.763 253.654
      vertex -4.07559 -360.763 249.254
    endloop
  endfacet
  facet normal -0.939693 -0.342018 -0
    outer loop
      vertex -3.83341 -361.282 253.654
      vertex -3.93178 -361.012 253.654
      vertex -3.93178 -361.012 249.254
    endloop
  endfacet
  facet normal -0.984807 -0.173652 -0
    outer loop
      vertex -3.78347 -361.566 253.654
      vertex -3.83341 -361.282 253.654
      vertex -3.83341 -361.282 249.254
    endloop
  endfacet
  facet normal -1 -2.44472e-05 -0
    outer loop
      vertex -3.78347 -361.853 253.654
      vertex -3.78347 -361.566 253.654
      vertex -3.78347 -361.566 249.254
    endloop
  endfacet
  facet normal -0.984809 0.173639 -0
    outer loop
      vertex -3.83341 -362.136 253.654
      vertex -3.78347 -361.853 253.654
      vertex -3.78347 -361.853 249.254
    endloop
  endfacet
  facet normal -0.939704 0.341988 -0
    outer loop
      vertex -3.93178 -362.407 253.654
      vertex -3.83341 -362.136 253.654
      vertex -3.83341 -362.136 249.254
    endloop
  endfacet
  facet normal -0.866025 0.500001 -0
    outer loop
      vertex -4.07559 -362.656 253.654
      vertex -3.93178 -362.407 253.654
      vertex -3.93178 -362.407 249.254
    endloop
  endfacet
  facet normal -0.766048 0.642783 -0
    outer loop
      vertex -4.26046 -362.876 253.654
      vertex -4.07559 -362.656 253.654
      vertex -4.07559 -362.656 249.254
    endloop
  endfacet
  facet normal -0.642783 0.766048 0
    outer loop
      vertex -4.48079 -363.061 253.654
      vertex -4.26046 -362.876 253.654
      vertex -4.26046 -362.876 249.254
    endloop
  endfacet
  facet normal -0.50002 0.866014 0
    outer loop
      vertex -4.72987 -363.205 253.654
      vertex -4.48079 -363.061 253.654
      vertex -4.48079 -363.061 249.254
    endloop
  endfacet
  facet normal -0.34203 0.939689 0
    outer loop
      vertex -5.00014 -363.303 253.654
      vertex -4.72987 -363.205 253.654
      vertex -4.72987 -363.205 249.254
    endloop
  endfacet
  facet normal -0.173673 0.984803 0
    outer loop
      vertex -5.28338 -363.353 253.654
      vertex -5.00014 -363.303 253.654
      vertex -5.00014 -363.303 249.254
    endloop
  endfacet
  facet normal -1.26893e-05 1 0
    outer loop
      vertex -5.571 -363.353 253.654
      vertex -5.28338 -363.353 253.654
      vertex -5.28338 -363.353 249.254
    endloop
  endfacet
  facet normal 0.173626 0.984812 0
    outer loop
      vertex -5.85424 -363.303 253.654
      vertex -5.571 -363.353 253.654
      vertex -5.571 -363.353 249.254
    endloop
  endfacet
  facet normal 0.342027 0.93969 0
    outer loop
      vertex -6.12451 -363.205 253.654
      vertex -5.85424 -363.303 253.654
      vertex -5.85424 -363.303 249.254
    endloop
  endfacet
  facet normal 0.500005 0.866022 0
    outer loop
      vertex -6.37359 -363.061 253.654
      vertex -6.12451 -363.205 253.654
      vertex -6.12451 -363.205 249.254
    endloop
  endfacet
  facet normal 0.642787 0.766045 0
    outer loop
      vertex -6.59392 -362.876 253.654
      vertex -6.37359 -363.061 253.654
      vertex -6.37359 -363.061 249.254
    endloop
  endfacet
  facet normal 0.766045 0.642787 0
    outer loop
      vertex -6.77879 -362.656 253.654
      vertex -6.59392 -362.876 253.654
      vertex -6.59392 -362.876 249.254
    endloop
  endfacet
  facet normal 0.866025 0.5 0
    outer loop
      vertex -6.9226 -362.407 253.654
      vertex -6.77879 -362.656 253.654
      vertex -6.77879 -362.656 249.254
    endloop
  endfacet
  facet normal 0.939693 0.342018 0
    outer loop
      vertex -7.02097 -362.136 253.654
      vertex -6.9226 -362.407 253.654
      vertex -6.9226 -362.407 249.254
    endloop
  endfacet
  facet normal 0.984809 0.173639 0
    outer loop
      vertex -7.07091 -361.853 253.654
      vertex -7.02097 -362.136 253.654
      vertex -7.02097 -362.136 249.254
    endloop
  endfacet
  facet normal 1 3.60887e-06 0
    outer loop
      vertex -7.07091 -361.566 253.654
      vertex -7.07091 -361.853 253.654
      vertex -7.07091 -361.853 249.254
    endloop
  endfacet
  facet normal 0.984803 -0.173673 0
    outer loop
      vertex -7.02097 -361.282 253.654
      vertex -7.07091 -361.566 253.654
      vertex -7.07091 -361.566 249.254
    endloop
  endfacet
  facet normal 0.939689 -0.34203 0
    outer loop
      vertex -6.9226 -361.012 253.654
      vertex -7.02097 -361.282 253.654
      vertex -7.02097 -361.282 249.254
    endloop
  endfacet
  facet normal 0.866014 -0.50002 0
    outer loop
      vertex -6.77879 -360.763 253.654
      vertex -6.9226 -361.012 253.654
      vertex -6.9226 -361.012 249.254
    endloop
  endfacet
  facet normal 0.766063 -0.642765 0
    outer loop
      vertex -6.59392 -360.543 253.654
      vertex -6.77879 -360.763 253.654
      vertex -6.77879 -360.763 249.254
    endloop
  endfacet
  facet normal 0.766034 -0.6428 0
    outer loop
      vertex -6.77879 -360.763 249.254
      vertex -6.59392 -360.543 249.254
      vertex -6.59392 -360.543 253.654
    endloop
  endfacet
  facet normal 0.866025 -0.500001 0
    outer loop
      vertex -6.9226 -361.012 249.254
      vertex -6.77879 -360.763 249.254
      vertex -6.77879 -360.763 253.654
    endloop
  endfacet
  facet normal 0.939703 -0.341991 0
    outer loop
      vertex -7.02097 -361.282 249.254
      vertex -6.9226 -361.012 249.254
      vertex -6.9226 -361.012 253.654
    endloop
  endfacet
  facet normal 0.98481 -0.173635 0
    outer loop
      vertex -7.07091 -361.566 249.254
      vertex -7.02097 -361.282 249.254
      vertex -7.02097 -361.282 253.654
    endloop
  endfacet
  facet normal 1 3.60887e-06 0
    outer loop
      vertex -7.07091 -361.853 249.254
      vertex -7.07091 -361.566 249.254
      vertex -7.07091 -361.566 253.654
    endloop
  endfacet
  facet normal 0.984807 0.173652 0
    outer loop
      vertex -7.02097 -362.136 249.254
      vertex -7.07091 -361.853 249.254
      vertex -7.07091 -361.853 253.654
    endloop
  endfacet
  facet normal 0.93969 0.342027 0
    outer loop
      vertex -6.9226 -362.407 249.254
      vertex -7.02097 -362.136 249.254
      vertex -7.02097 -362.136 253.654
    endloop
  endfacet
  facet normal 0.866022 0.500005 0
    outer loop
      vertex -6.77879 -362.656 249.254
      vertex -6.9226 -362.407 249.254
      vertex -6.9226 -362.407 253.654
    endloop
  endfacet
  facet normal 0.766045 0.642787 0
    outer loop
      vertex -6.59392 -362.876 249.254
      vertex -6.77879 -362.656 249.254
      vertex -6.77879 -362.656 253.654
    endloop
  endfacet
  facet normal 0.642787 0.766045 0
    outer loop
      vertex -6.37359 -363.061 249.254
      vertex -6.59392 -362.876 249.254
      vertex -6.59392 -362.876 253.654
    endloop
  endfacet
  facet normal 0.5 0.866025 0
    outer loop
      vertex -6.12451 -363.205 249.254
      vertex -6.37359 -363.061 249.254
      vertex -6.37359 -363.061 253.654
    endloop
  endfacet
  facet normal 0.342018 0.939693 0
    outer loop
      vertex -5.85424 -363.303 249.254
      vertex -6.12451 -363.205 249.254
      vertex -6.12451 -363.205 253.654
    endloop
  endfacet
  facet normal 0.173652 0.984807 0
    outer loop
      vertex -5.571 -363.353 249.254
      vertex -5.85424 -363.303 249.254
      vertex -5.85424 -363.303 253.654
    endloop
  endfacet
  facet normal 1.98488e-05 1 0
    outer loop
      vertex -5.28338 -363.353 249.254
      vertex -5.571 -363.353 249.254
      vertex -5.571 -363.353 253.654
    endloop
  endfacet
  facet normal -0.173635 0.98481 0
    outer loop
      vertex -5.00014 -363.303 249.254
      vertex -5.28338 -363.353 249.254
      vertex -5.28338 -363.353 253.654
    endloop
  endfacet
  facet normal -0.341991 0.939703 0
    outer loop
      vertex -4.72987 -363.205 249.254
      vertex -5.00014 -363.303 249.254
      vertex -5.00014 -363.303 253.654
    endloop
  endfacet
  facet normal -0.500001 0.866025 0
    outer loop
      vertex -4.48079 -363.061 249.254
      vertex -4.72987 -363.205 249.254
      vertex -4.72987 -363.205 253.654
    endloop
  endfacet
  facet normal -0.642783 0.766048 0
    outer loop
      vertex -4.26046 -362.876 249.254
      vertex -4.48079 -363.061 249.254
      vertex -4.48079 -363.061 253.654
    endloop
  endfacet
  facet normal -0.766048 0.642783 -0
    outer loop
      vertex -4.07559 -362.656 249.254
      vertex -4.26046 -362.876 249.254
      vertex -4.26046 -362.876 253.654
    endloop
  endfacet
  facet normal -0.866014 0.50002 -0
    outer loop
      vertex -3.93178 -362.407 249.254
      vertex -4.07559 -362.656 249.254
      vertex -4.07559 -362.656 253.654
    endloop
  endfacet
  facet normal -0.93969 0.342027 -0
    outer loop
      vertex -3.83341 -362.136 249.254
      vertex -3.93178 -362.407 249.254
      vertex -3.93178 -362.407 253.654
    endloop
  endfacet
  facet normal -0.984803 0.173676 -0
    outer loop
      vertex -3.78347 -361.853 249.254
      vertex -3.83341 -362.136 249.254
      vertex -3.83341 -362.136 253.654
    endloop
  endfacet
  facet normal -1 8.03266e-06 -0
    outer loop
      vertex -3.78347 -361.566 249.254
      vertex -3.78347 -361.853 249.254
      vertex -3.78347 -361.853 253.654
    endloop
  endfacet
  facet normal -0.984812 -0.173626 -0
    outer loop
      vertex -3.83341 -361.282 249.254
      vertex -3.78347 -361.566 249.254
      vertex -3.78347 -361.566 253.654
    endloop
  endfacet
  facet normal -0.93969 -0.342027 -0
    outer loop
      vertex -3.93178 -361.012 249.254
      vertex -3.83341 -361.282 249.254
      vertex -3.83341 -361.282 253.654
    endloop
  endfacet
  facet normal -0.866026 -0.5 -0
    outer loop
      vertex -4.07559 -360.763 249.254
      vertex -3.93178 -361.012 249.254
      vertex -3.93178 -361.012 253.654
    endloop
  endfacet
  facet normal -0.766045 -0.642787 -0
    outer loop
      vertex -4.26046 -360.543 249.254
      vertex -4.07559 -360.763 249.254
      vertex -4.07559 -360.763 253.654
    endloop
  endfacet
  facet normal -0.642787 -0.766045 0
    outer loop
      vertex -4.48079 -360.358 249.254
      vertex -4.26046 -360.543 249.254
      vertex -4.26046 -360.543 253.654
    endloop
  endfacet
  facet normal -0.499995 -0.866028 0
    outer loop
      vertex -4.72987 -360.214 249.254
      vertex -4.48079 -360.358 249.254
      vertex -4.48079 -360.358 253.654
    endloop
  endfacet
  facet normal -0.342018 -0.939693 0
    outer loop
      vertex -5.00014 -360.116 249.254
      vertex -4.72987 -360.214 249.254
      vertex -4.72987 -360.214 253.654
    endloop
  endfacet
  facet normal -0.173639 -0.984809 0
    outer loop
      vertex -5.28338 -360.066 249.254
      vertex -5.00014 -360.116 249.254
      vertex -5.00014 -360.116 253.654
    endloop
  endfacet
  facet normal -8.20728e-06 -1 0
    outer loop
      vertex -5.571 -360.066 249.254
      vertex -5.28338 -360.066 249.254
      vertex -5.28338 -360.066 253.654
    endloop
  endfacet
  facet normal 0.173676 -0.984803 0
    outer loop
      vertex -5.85424 -360.116 249.254
      vertex -5.571 -360.066 249.254
      vertex -5.571 -360.066 253.654
    endloop
  endfacet
  facet normal 0.342027 -0.93969 0
    outer loop
      vertex -6.12451 -360.214 249.254
      vertex -5.85424 -360.116 249.254
      vertex -5.85424 -360.116 253.654
    endloop
  endfacet
  facet normal 0.50002 -0.866014 0
    outer loop
      vertex -6.37359 -360.358 249.254
      vertex -6.12451 -360.214 249.254
      vertex -6.12451 -360.214 253.654
    endloop
  endfacet
  facet normal 0.642765 -0.766063 0
    outer loop
      vertex -6.59392 -360.543 249.254
      vertex -6.37359 -360.358 249.254
      vertex -6.37359 -360.358 253.654
    endloop
  endfacet
  facet normal 0 0 1
    outer loop
      vertex -2.9367 -361.492 253.654
      vertex -3.01238 -361.062 253.654
      vertex -3.83341 -361.282 253.654
    endloop
  endfacet
  facet normal 0 0 1
    outer loop
      vertex -3.01238 -361.062 253.654
      vertex -3.16142 -360.653 253.654
      vertex -3.93178 -361.012 253.654
    endloop
  endfacet
  facet normal 0 0 1
    outer loop
      vertex -7.47507 -360.275 253.654
      vertex -6.77879 -360.763 253.654
      vertex -6.59392 -360.543 253.654
    endloop
  endfacet
  facet normal 3.3008e-07 -3.3008e-07 1
    outer loop
      vertex -7.69296 -360.653 253.654
      vertex -6.9226 -361.012 253.654
      vertex -6.77879 -360.763 253.654
    endloop
  endfacet
  facet normal -3.30082e-07 3.30082e-07 1
    outer loop
      vertex -7.842 -362.356 253.654
      vertex -7.02097 -362.136 253.654
      vertex -7.07091 -361.853 253.654
    endloop
  endfacet
  facet normal -3.30079e-07 3.30079e-07 1
    outer loop
      vertex -7.69296 -362.766 253.654
      vertex -6.9226 -362.407 253.654
      vertex -7.02097 -362.136 253.654
    endloop
  endfacet
  facet normal 0 0 1
    outer loop
      vertex -3.65942 -363.477 253.654
      vertex -3.37931 -363.143 253.654
      vertex -4.07559 -362.656 253.654
    endloop
  endfacet
  facet normal 0 0 1
    outer loop
      vertex -3.37931 -363.143 253.654
      vertex -3.16142 -362.766 253.654
      vertex -3.93178 -362.407 253.654
    endloop
  endfacet
  facet normal 0 0 1
    outer loop
      vertex -3.01238 -362.356 253.654
      vertex -2.9367 -361.927 253.654
      vertex -3.78347 -361.853 253.654
    endloop
  endfacet
  facet normal 0 0 1
    outer loop
      vertex -2.9367 -361.927 253.654
      vertex -2.9367 -361.492 253.654
      vertex -3.78347 -361.566 253.654
    endloop
  endfacet
  facet normal 0 0 1
    outer loop
      vertex -3.93178 -361.012 253.654
      vertex -3.83341 -361.282 253.654
      vertex -3.01238 -361.062 253.654
    endloop
  endfacet
  facet normal 0 0 1
    outer loop
      vertex -3.16142 -360.653 253.654
      vertex -3.37931 -360.275 253.654
      vertex -4.07559 -360.763 253.654
    endloop
  endfacet
  facet normal 0 0 1
    outer loop
      vertex -4.37064 -359.444 253.654
      vertex -4.78014 -359.295 253.654
      vertex -5.00014 -360.116 253.654
    endloop
  endfacet
  facet normal 0 0 1
    outer loop
      vertex -4.78014 -359.295 253.654
      vertex -5.2093 -359.219 253.654
      vertex -5.28338 -360.066 253.654
    endloop
  endfacet
  facet normal 0 0 1
    outer loop
      vertex -6.86113 -359.662 253.654
      vertex -6.37359 -360.358 253.654
      vertex -6.12451 -360.214 253.654
    endloop
  endfacet
  facet normal 0 0 1
    outer loop
      vertex -7.19496 -359.942 253.654
      vertex -6.59392 -360.543 253.654
      vertex -6.37359 -360.358 253.654
    endloop
  endfacet
  facet normal 0 0 1
    outer loop
      vertex -6.77879 -360.763 253.654
      vertex -7.47507 -360.275 253.654
      vertex -7.69296 -360.653 253.654
    endloop
  endfacet
  facet normal 0 0 1
    outer loop
      vertex -7.842 -361.062 253.654
      vertex -7.02097 -361.282 253.654
      vertex -6.9226 -361.012 253.654
    endloop
  endfacet
  facet normal -3.30088e-07 3.30088e-07 1
    outer loop
      vertex -7.91768 -361.492 253.654
      vertex -7.07091 -361.566 253.654
      vertex -7.02097 -361.282 253.654
    endloop
  endfacet
  facet normal 0 0 1
    outer loop
      vertex -7.91768 -361.927 253.654
      vertex -7.07091 -361.853 253.654
      vertex -7.07091 -361.566 253.654
    endloop
  endfacet
  facet normal 2.17854e-07 -2.17854e-07 1
    outer loop
      vertex -7.02097 -362.136 253.654
      vertex -7.842 -362.356 253.654
      vertex -7.69296 -362.766 253.654
    endloop
  endfacet
  facet normal -2.47561e-07 2.47561e-07 1
    outer loop
      vertex -7.47507 -363.143 253.654
      vertex -6.77879 -362.656 253.654
      vertex -6.9226 -362.407 253.654
    endloop
  endfacet
  facet normal 0 0 1
    outer loop
      vertex -3.93178 -362.407 253.654
      vertex -4.07559 -362.656 253.654
      vertex -3.37931 -363.143 253.654
    endloop
  endfacet
  facet normal 2.17856e-07 -2.17856e-07 1
    outer loop
      vertex -3.16142 -362.766 253.654
      vertex -3.01238 -362.356 253.654
      vertex -3.83341 -362.136 253.654
    endloop
  endfacet
  facet normal 0 0 1
    outer loop
      vertex -3.78347 -361.566 253.654
      vertex -3.78347 -361.853 253.654
      vertex -2.9367 -361.927 253.654
    endloop
  endfacet
  facet normal 0 0 1
    outer loop
      vertex -4.07559 -360.763 253.654
      vertex -3.93178 -361.012 253.654
      vertex -3.16142 -360.653 253.654
    endloop
  endfacet
  facet normal 0 0 1
    outer loop
      vertex -3.99325 -359.662 253.654
      vertex -4.37064 -359.444 253.654
      vertex -4.72987 -360.214 253.654
    endloop
  endfacet
  facet normal 0 0 1
    outer loop
      vertex -5.28338 -360.066 253.654
      vertex -5.00014 -360.116 253.654
      vertex -4.78014 -359.295 253.654
    endloop
  endfacet
  facet normal 0 0 1
    outer loop
      vertex -6.37359 -360.358 253.654
      vertex -6.86113 -359.662 253.654
      vertex -7.19496 -359.942 253.654
    endloop
  endfacet
  facet normal -2.17856e-07 2.17856e-07 1
    outer loop
      vertex -6.9226 -361.012 253.654
      vertex -7.69296 -360.653 253.654
      vertex -7.842 -361.062 253.654
    endloop
  endfacet
  facet normal 0 0 1
    outer loop
      vertex -7.07091 -361.566 253.654
      vertex -7.91768 -361.492 253.654
      vertex -7.91768 -361.927 253.654
    endloop
  endfacet
  facet normal 3.26783e-07 -3.26783e-07 1
    outer loop
      vertex -6.9226 -362.407 253.654
      vertex -7.69296 -362.766 253.654
      vertex -7.47507 -363.143 253.654
    endloop
  endfacet
  facet normal -3.30084e-07 3.30084e-07 1
    outer loop
      vertex -6.07424 -364.124 253.654
      vertex -5.85424 -363.303 253.654
      vertex -6.12451 -363.205 253.654
    endloop
  endfacet
  facet normal -3.30081e-07 3.30081e-07 1
    outer loop
      vertex -5.64508 -364.2 253.654
      vertex -5.571 -363.353 253.654
      vertex -5.85424 -363.303 253.654
    endloop
  endfacet
  facet normal -3.30078e-07 3.30078e-07 1
    outer loop
      vertex -3.83341 -362.136 253.654
      vertex -3.93178 -362.407 253.654
      vertex -3.16142 -362.766 253.654
    endloop
  endfacet
  facet normal 0 0 1
    outer loop
      vertex -3.83341 -361.282 253.654
      vertex -3.78347 -361.566 253.654
      vertex -2.9367 -361.492 253.654
    endloop
  endfacet
  facet normal 0 0 1
    outer loop
      vertex -3.37931 -360.275 253.654
      vertex -3.65942 -359.942 253.654
      vertex -4.26046 -360.543 253.654
    endloop
  endfacet
  facet normal -4.35707e-07 4.35707e-07 1
    outer loop
      vertex -3.65942 -359.942 253.654
      vertex -3.99325 -359.662 253.654
      vertex -4.48079 -360.358 253.654
    endloop
  endfacet
  facet normal 0 0 1
    outer loop
      vertex -5.00014 -360.116 253.654
      vertex -4.72987 -360.214 253.654
      vertex -4.37064 -359.444 253.654
    endloop
  endfacet
  facet normal 0 0 1
    outer loop
      vertex -5.2093 -359.219 253.654
      vertex -5.64508 -359.219 253.654
      vertex -5.571 -360.066 253.654
    endloop
  endfacet
  facet normal 0 0 1
    outer loop
      vertex -6.07424 -359.295 253.654
      vertex -5.85424 -360.116 253.654
      vertex -5.571 -360.066 253.654
    endloop
  endfacet
  facet normal 0 0 1
    outer loop
      vertex -6.07424 -359.295 253.654
      vertex -6.48374 -359.444 253.654
      vertex -6.12451 -360.214 253.654
    endloop
  endfacet
  facet normal 0 0 1
    outer loop
      vertex -6.59392 -360.543 253.654
      vertex -7.19496 -359.942 253.654
      vertex -7.47507 -360.275 253.654
    endloop
  endfacet
  facet normal 2.17854e-07 -2.17854e-07 1
    outer loop
      vertex -7.07091 -361.853 253.654
      vertex -7.91768 -361.927 253.654
      vertex -7.842 -362.356 253.654
    endloop
  endfacet
  facet normal 1.65041e-07 -1.65041e-07 1
    outer loop
      vertex -7.19496 -363.477 253.654
      vertex -6.59392 -362.876 253.654
      vertex -6.77879 -362.656 253.654
    endloop
  endfacet
  facet normal -1.6504e-07 1.6504e-07 1
    outer loop
      vertex -6.86113 -363.757 253.654
      vertex -6.37359 -363.061 253.654
      vertex -6.59392 -362.876 253.654
    endloop
  endfacet
  facet normal -4.12602e-07 4.12602e-07 1
    outer loop
      vertex -6.48374 -363.975 253.654
      vertex -6.12451 -363.205 253.654
      vertex -6.37359 -363.061 253.654
    endloop
  endfacet
  facet normal 2.17854e-07 -2.17854e-07 1
    outer loop
      vertex -5.85424 -363.303 253.654
      vertex -6.07424 -364.124 253.654
      vertex -5.64508 -364.2 253.654
    endloop
  endfacet
  facet normal 0 0 1
    outer loop
      vertex -5.2093 -364.2 253.654
      vertex -5.28338 -363.353 253.654
      vertex -5.571 -363.353 253.654
    endloop
  endfacet
  facet normal -2.17856e-07 2.17856e-07 1
    outer loop
      vertex -5.2093 -364.2 253.654
      vertex -4.78014 -364.124 253.654
      vertex -5.00014 -363.303 253.654
    endloop
  endfacet
  facet normal 0 0 1
    outer loop
      vertex -3.78347 -361.853 253.654
      vertex -3.83341 -362.136 253.654
      vertex -3.01238 -362.356 253.654
    endloop
  endfacet
  facet normal 0 0 1
    outer loop
      vertex -4.48079 -360.358 253.654
      vertex -4.26046 -360.543 253.654
      vertex -3.65942 -359.942 253.654
    endloop
  endfacet
  facet normal 0 0 1
    outer loop
      vertex -5.571 -360.066 253.654
      vertex -5.28338 -360.066 253.654
      vertex -5.2093 -359.219 253.654
    endloop
  endfacet
  facet normal 0 0 1
    outer loop
      vertex -6.12451 -360.214 253.654
      vertex -5.85424 -360.116 253.654
      vertex -6.07424 -359.295 253.654
    endloop
  endfacet
  facet normal 2.17856e-07 -2.17856e-07 1
    outer loop
      vertex -7.02097 -361.282 253.654
      vertex -7.842 -361.062 253.654
      vertex -7.91768 -361.492 253.654
    endloop
  endfacet
  facet normal 1.90624e-07 -1.90624e-07 1
    outer loop
      vertex -6.59392 -362.876 253.654
      vertex -7.19496 -363.477 253.654
      vertex -6.86113 -363.757 253.654
    endloop
  endfacet
  facet normal 2.17854e-07 -2.17854e-07 1
    outer loop
      vertex -6.12451 -363.205 253.654
      vertex -6.48374 -363.975 253.654
      vertex -6.07424 -364.124 253.654
    endloop
  endfacet
  facet normal 0 0 1
    outer loop
      vertex -5.00014 -363.303 253.654
      vertex -5.28338 -363.353 253.654
      vertex -5.2093 -364.2 253.654
    endloop
  endfacet
  facet normal 6.60164e-07 -6.60164e-07 1
    outer loop
      vertex -4.26046 -360.543 253.654
      vertex -4.07559 -360.763 253.654
      vertex -3.37931 -360.275 253.654
    endloop
  endfacet
  facet normal 0 0 1
    outer loop
      vertex -5.571 -360.066 253.654
      vertex -5.64508 -359.219 253.654
      vertex -6.07424 -359.295 253.654
    endloop
  endfacet
  facet normal -1.90622e-07 1.90622e-07 1
    outer loop
      vertex -6.77879 -362.656 253.654
      vertex -7.47507 -363.143 253.654
      vertex -7.19496 -363.477 253.654
    endloop
  endfacet
  facet normal 0 0 1
    outer loop
      vertex -5.571 -363.353 253.654
      vertex -5.64508 -364.2 253.654
      vertex -5.2093 -364.2 253.654
    endloop
  endfacet
  facet normal 1.08928e-07 -1.08928e-07 1
    outer loop
      vertex -4.37064 -363.975 253.654
      vertex -3.99325 -363.757 253.654
      vertex -4.48079 -363.061 253.654
    endloop
  endfacet
  facet normal 0 0 1
    outer loop
      vertex -3.99325 -363.757 253.654
      vertex -3.65942 -363.477 253.654
      vertex -4.26046 -362.876 253.654
    endloop
  endfacet
  facet normal 0 0 1
    outer loop
      vertex -4.72987 -360.214 253.654
      vertex -4.48079 -360.358 253.654
      vertex -3.99325 -359.662 253.654
    endloop
  endfacet
  facet normal 1.08928e-07 -1.08928e-07 1
    outer loop
      vertex -6.37359 -363.061 253.654
      vertex -6.86113 -363.757 253.654
      vertex -6.48374 -363.975 253.654
    endloop
  endfacet
  facet normal 2.17853e-07 -2.17853e-07 1
    outer loop
      vertex -4.78014 -364.124 253.654
      vertex -4.37064 -363.975 253.654
      vertex -4.72987 -363.205 253.654
    endloop
  endfacet
  facet normal -1.65039e-07 1.65039e-07 1
    outer loop
      vertex -4.26046 -362.876 253.654
      vertex -4.48079 -363.061 253.654
      vertex -3.99325 -363.757 253.654
    endloop
  endfacet
  facet normal 0 0 1
    outer loop
      vertex -6.12451 -360.214 253.654
      vertex -6.48374 -359.444 253.654
      vertex -6.86113 -359.662 253.654
    endloop
  endfacet
  facet normal -3.30078e-07 3.30078e-07 1
    outer loop
      vertex -4.48079 -363.061 253.654
      vertex -4.72987 -363.205 253.654
      vertex -4.37064 -363.975 253.654
    endloop
  endfacet
  facet normal 0 0 1
    outer loop
      vertex -4.72987 -363.205 253.654
      vertex -5.00014 -363.303 253.654
      vertex -4.78014 -364.124 253.654
    endloop
  endfacet
  facet normal 0 0 1
    outer loop
      vertex -4.07559 -362.656 253.654
      vertex -4.26046 -362.876 253.654
      vertex -3.65942 -363.477 253.654
    endloop
  endfacet
  facet normal -0.642788 0.766044 0
    outer loop
      vertex -7.19496 -359.942 251.654
      vertex -7.19496 -359.942 253.654
      vertex -6.86113 -359.662 253.654
    endloop
  endfacet
  facet normal -0.499978 0.866038 0
    outer loop
      vertex -6.86113 -359.662 251.654
      vertex -6.86113 -359.662 253.654
      vertex -6.48374 -359.444 253.654
    endloop
  endfacet
  facet normal -0.342032 0.939688 0
    outer loop
      vertex -6.48374 -359.444 251.654
      vertex -6.48374 -359.444 253.654
      vertex -6.07424 -359.295 253.654
    endloop
  endfacet
  facet normal -0.173642 0.984809 0
    outer loop
      vertex -5.64508 -359.219 253.654
      vertex -5.64508 -359.219 251.654
      vertex -5.93814 -359.271 251.654
    endloop
  endfacet
  facet normal -0.173653 0.984807 1.04353e-06
    outer loop
      vertex -5.93814 -359.271 251.654
      vertex -6.07424 -359.295 253.654
      vertex -5.64508 -359.219 253.654
    endloop
  endfacet
  facet normal -7.04313e-06 1 0
    outer loop
      vertex -5.64508 -359.219 251.654
      vertex -5.64508 -359.219 253.654
      vertex -5.2093 -359.219 253.654
    endloop
  endfacet
  facet normal 0.173645 0.984808 0
    outer loop
      vertex -5.2093 -359.219 251.654
      vertex -5.2093 -359.219 253.654
      vertex -4.78014 -359.295 253.654
    endloop
  endfacet
  facet normal 0.342022 0.939692 0
    outer loop
      vertex -4.78014 -359.295 251.654
      vertex -4.78014 -359.295 253.654
      vertex -4.37064 -359.444 253.654
    endloop
  endfacet
  facet normal 0.500001 0.866025 0
    outer loop
      vertex -4.37064 -359.444 251.654
      vertex -4.37064 -359.444 253.654
      vertex -3.99325 -359.662 253.654
    endloop
  endfacet
  facet normal 0.642787 0.766045 0
    outer loop
      vertex -3.99325 -359.662 251.654
      vertex -3.99325 -359.662 253.654
      vertex -3.65942 -359.942 253.654
    endloop
  endfacet
  facet normal 0.766045 0.642787 0
    outer loop
      vertex -3.65942 -359.942 251.654
      vertex -3.65942 -359.942 253.654
      vertex -3.37931 -360.275 253.654
    endloop
  endfacet
  facet normal 0.866025 0.500001 0
    outer loop
      vertex -3.37931 -360.275 251.654
      vertex -3.37931 -360.275 253.654
      vertex -3.16142 -360.653 253.654
    endloop
  endfacet
  facet normal 0.93969 0.342028 0
    outer loop
      vertex -3.16142 -360.653 251.654
      vertex -3.16142 -360.653 253.654
      vertex -3.01238 -361.062 253.654
    endloop
  endfacet
  facet normal 0.984808 0.173645 0
    outer loop
      vertex -3.01238 -361.062 251.654
      vertex -3.01238 -361.062 253.654
      vertex -2.9367 -361.492 253.654
    endloop
  endfacet
  facet normal 1 -7.04313e-06 0
    outer loop
      vertex -2.9367 -361.492 251.654
      vertex -2.9367 -361.492 253.654
      vertex -2.9367 -361.927 253.654
    endloop
  endfacet
  facet normal 0.984807 -0.173653 1.56529e-06
    outer loop
      vertex -2.9367 -361.927 253.654
      vertex -3.01238 -362.356 253.654
      vertex -2.98838 -362.22 251.654
    endloop
  endfacet
  facet normal 0.984803 -0.173676 0
    outer loop
      vertex -3.01238 -362.356 253.654
      vertex -3.01238 -362.356 251.654
      vertex -2.98838 -362.22 251.654
    endloop
  endfacet
  facet normal 0.939693 -0.342018 0
    outer loop
      vertex -3.01238 -362.356 251.654
      vertex -3.01238 -362.356 253.654
      vertex -3.16142 -362.766 253.654
    endloop
  endfacet
  facet normal 0.866022 -0.500006 0
    outer loop
      vertex -3.16142 -362.766 251.654
      vertex -3.16142 -362.766 253.654
      vertex -3.37931 -363.143 253.654
    endloop
  endfacet
  facet normal 0.766044 -0.642788 0
    outer loop
      vertex -3.37931 -363.143 251.654
      vertex -3.37931 -363.143 253.654
      vertex -3.65942 -363.477 253.654
    endloop
  endfacet
  facet normal 0.642788 -0.766044 0
    outer loop
      vertex -3.65942 -363.477 251.654
      vertex -3.65942 -363.477 253.654
      vertex -3.99325 -363.757 253.654
    endloop
  endfacet
  facet normal 0.500006 -0.866022 0
    outer loop
      vertex -3.99325 -363.757 251.654
      vertex -3.99325 -363.757 253.654
      vertex -4.37064 -363.975 253.654
    endloop
  endfacet
  facet normal 0.342004 -0.939698 0
    outer loop
      vertex -4.37064 -363.975 251.654
      vertex -4.37064 -363.975 253.654
      vertex -4.78014 -364.124 253.654
    endloop
  endfacet
  facet normal 0.17365 -0.984807 0
    outer loop
      vertex -4.78014 -364.124 251.654
      vertex -4.78014 -364.124 253.654
      vertex -5.2093 -364.2 253.654
    endloop
  endfacet
  facet normal -1.74623e-06 -1 0
    outer loop
      vertex -5.2093 -364.2 251.654
      vertex -5.2093 -364.2 253.654
      vertex -5.64508 -364.2 253.654
    endloop
  endfacet
  facet normal -0.173654 -0.984807 0
    outer loop
      vertex -5.64508 -364.2 251.654
      vertex -5.64508 -364.2 253.654
      vertex -6.07424 -364.124 253.654
    endloop
  endfacet
  facet normal -0.342019 -0.939693 0
    outer loop
      vertex -6.07424 -364.124 251.654
      vertex -6.07424 -364.124 253.654
      vertex -6.48374 -363.975 253.654
    endloop
  endfacet
  facet normal -0.499998 -0.866027 0
    outer loop
      vertex -6.48374 -363.975 251.654
      vertex -6.48374 -363.975 253.654
      vertex -6.86113 -363.757 253.654
    endloop
  endfacet
  facet normal -0.642789 -0.766044 0
    outer loop
      vertex -6.86113 -363.757 251.654
      vertex -6.86113 -363.757 253.654
      vertex -7.19496 -363.477 253.654
    endloop
  endfacet
  facet normal -0.766042 -0.642791 -0
    outer loop
      vertex -7.19496 -363.477 251.654
      vertex -7.19496 -363.477 253.654
      vertex -7.47507 -363.143 253.654
    endloop
  endfacet
  facet normal -0.866027 -0.499998 -0
    outer loop
      vertex -7.47507 -363.143 251.654
      vertex -7.47507 -363.143 253.654
      vertex -7.69296 -362.766 253.654
    endloop
  endfacet
  facet normal -0.939693 -0.342019 -0
    outer loop
      vertex -7.69296 -362.766 251.654
      vertex -7.69296 -362.766 253.654
      vertex -7.842 -362.356 253.654
    endloop
  endfacet
  facet normal -0.984807 -0.173654 -0
    outer loop
      vertex -7.842 -362.356 251.654
      vertex -7.842 -362.356 253.654
      vertex -7.91768 -361.927 253.654
    endloop
  endfacet
  facet normal -1 -1.74623e-06 -0
    outer loop
      vertex -7.91768 -361.927 251.654
      vertex -7.91768 -361.927 253.654
      vertex -7.91768 -361.492 253.654
    endloop
  endfacet
  facet normal -0.98481 0.173637 -0
    outer loop
      vertex -7.91768 -361.492 251.654
      vertex -7.91768 -361.492 253.654
      vertex -7.842 -361.062 253.654
    endloop
  endfacet
  facet normal -0.939693 0.342018 -0
    outer loop
      vertex -7.842 -361.062 251.654
      vertex -7.842 -361.062 253.654
      vertex -7.69296 -360.653 253.654
    endloop
  endfacet
  facet normal -0.866022 0.500006 -0
    outer loop
      vertex -7.69296 -360.653 251.654
      vertex -7.69296 -360.653 253.654
      vertex -7.47507 -360.275 253.654
    endloop
  endfacet
  facet normal -0.766033 0.642801 -0
    outer loop
      vertex -7.47507 -360.275 251.654
      vertex -7.47507 -360.275 253.654
      vertex -7.19496 -359.942 253.654
    endloop
  endfacet
  facet normal -0.766044 0.642788 -0
    outer loop
      vertex -7.19496 -359.942 253.654
      vertex -7.19496 -359.942 251.654
      vertex -7.47507 -360.275 251.654
    endloop
  endfacet
  facet normal -0.866038 0.499978 -0
    outer loop
      vertex -7.47507 -360.275 253.654
      vertex -7.47507 -360.275 251.654
      vertex -7.69296 -360.653 251.654
    endloop
  endfacet
  facet normal -0.939688 0.342032 -0
    outer loop
      vertex -7.69296 -360.653 253.654
      vertex -7.69296 -360.653 251.654
      vertex -7.842 -361.062 251.654
    endloop
  endfacet
  facet normal -0.984807 0.17365 -0
    outer loop
      vertex -7.842 -361.062 253.654
      vertex -7.842 -361.062 251.654
      vertex -7.91768 -361.492 251.654
    endloop
  endfacet
  facet normal -1 1.00699e-05 -0
    outer loop
      vertex -7.91768 -361.492 253.654
      vertex -7.91768 -361.492 251.654
      vertex -7.91768 -361.927 251.654
    endloop
  endfacet
  facet normal -0.984808 -0.173645 -0
    outer loop
      vertex -7.91768 -361.927 253.654
      vertex -7.91768 -361.927 251.654
      vertex -7.842 -362.356 251.654
    endloop
  endfacet
  facet normal -0.939691 -0.342025 -0
    outer loop
      vertex -7.842 -362.356 253.654
      vertex -7.842 -362.356 251.654
      vertex -7.69296 -362.766 251.654
    endloop
  endfacet
  facet normal -0.866027 -0.499998 -0
    outer loop
      vertex -7.69296 -362.766 253.654
      vertex -7.69296 -362.766 251.654
      vertex -7.47507 -363.143 251.654
    endloop
  endfacet
  facet normal -0.766043 -0.64279 -0
    outer loop
      vertex -7.47507 -363.143 253.654
      vertex -7.47507 -363.143 251.654
      vertex -7.19496 -363.477 251.654
    endloop
  endfacet
  facet normal -0.64279 -0.766043 0
    outer loop
      vertex -7.19496 -363.477 253.654
      vertex -7.19496 -363.477 251.654
      vertex -6.86113 -363.757 251.654
    endloop
  endfacet
  facet normal -0.499998 -0.866027 0
    outer loop
      vertex -6.86113 -363.757 253.654
      vertex -6.86113 -363.757 251.654
      vertex -6.48374 -363.975 251.654
    endloop
  endfacet
  facet normal -0.342032 -0.939688 0
    outer loop
      vertex -6.48374 -363.975 253.654
      vertex -6.48374 -363.975 251.654
      vertex -6.07424 -364.124 251.654
    endloop
  endfacet
  facet normal -0.173645 -0.984808 0
    outer loop
      vertex -6.07424 -364.124 253.654
      vertex -6.07424 -364.124 251.654
      vertex -5.64508 -364.2 251.654
    endloop
  endfacet
  facet normal 1.00699e-05 -1 0
    outer loop
      vertex -5.64508 -364.2 253.654
      vertex -5.64508 -364.2 251.654
      vertex -5.2093 -364.2 251.654
    endloop
  endfacet
  facet normal 0.17365 -0.984807 0
    outer loop
      vertex -5.2093 -364.2 253.654
      vertex -5.2093 -364.2 251.654
      vertex -4.78014 -364.124 251.654
    endloop
  endfacet
  facet normal 0.342018 -0.939693 0
    outer loop
      vertex -4.78014 -364.124 253.654
      vertex -4.78014 -364.124 251.654
      vertex -4.37064 -363.975 251.654
    endloop
  endfacet
  facet normal 0.500006 -0.866022 0
    outer loop
      vertex -4.37064 -363.975 253.654
      vertex -4.37064 -363.975 251.654
      vertex -3.99325 -363.757 251.654
    endloop
  endfacet
  facet normal 0.642788 -0.766044 0
    outer loop
      vertex -3.99325 -363.757 253.654
      vertex -3.99325 -363.757 251.654
      vertex -3.65942 -363.477 251.654
    endloop
  endfacet
  facet normal 0.766044 -0.642788 0
    outer loop
      vertex -3.65942 -363.477 253.654
      vertex -3.65942 -363.477 251.654
      vertex -3.37931 -363.143 251.654
    endloop
  endfacet
  facet normal 0.866022 -0.500006 0
    outer loop
      vertex -3.37931 -363.143 253.654
      vertex -3.37931 -363.143 251.654
      vertex -3.16142 -362.766 251.654
    endloop
  endfacet
  facet normal 0.939698 -0.342004 0
    outer loop
      vertex -3.16142 -362.766 253.654
      vertex -3.16142 -362.766 251.654
      vertex -3.01238 -362.356 251.654
    endloop
  endfacet
  facet normal 0.984809 -0.173642 0
    outer loop
      vertex -2.98838 -362.22 251.654
      vertex -2.9367 -361.927 251.654
      vertex -2.9367 -361.927 253.654
    endloop
  endfacet
  facet normal 1 4.77303e-06 0
    outer loop
      vertex -2.9367 -361.927 253.654
      vertex -2.9367 -361.927 251.654
      vertex -2.9367 -361.492 251.654
    endloop
  endfacet
  facet normal 0.984807 0.173654 0
    outer loop
      vertex -2.9367 -361.492 253.654
      vertex -2.9367 -361.492 251.654
      vertex -3.01238 -361.062 251.654
    endloop
  endfacet
  facet normal 0.939694 0.342015 0
    outer loop
      vertex -3.01238 -361.062 253.654
      vertex -3.01238 -361.062 251.654
      vertex -3.16142 -360.653 251.654
    endloop
  endfacet
  facet normal 0.866025 0.500001 0
    outer loop
      vertex -3.16142 -360.653 253.654
      vertex -3.16142 -360.653 251.654
      vertex -3.37931 -360.275 251.654
    endloop
  endfacet
  facet normal 0.766046 0.642785 0
    outer loop
      vertex -3.37931 -360.275 253.654
      vertex -3.37931 -360.275 251.654
      vertex -3.65942 -359.942 251.654
    endloop
  endfacet
  facet normal 0.642788 0.766044 0
    outer loop
      vertex -3.65942 -359.942 253.654
      vertex -3.65942 -359.942 251.654
      vertex -3.99325 -359.662 251.654
    endloop
  endfacet
  facet normal 0.500001 0.866025 0
    outer loop
      vertex -3.99325 -359.662 253.654
      vertex -3.99325 -359.662 251.654
      vertex -4.37064 -359.444 251.654
    endloop
  endfacet
  facet normal 0.342015 0.939694 0
    outer loop
      vertex -4.37064 -359.444 253.654
      vertex -4.37064 -359.444 251.654
      vertex -4.78014 -359.295 251.654
    endloop
  endfacet
  facet normal 0.173654 0.984807 0
    outer loop
      vertex -4.78014 -359.295 253.654
      vertex -4.78014 -359.295 251.654
      vertex -5.2093 -359.219 251.654
    endloop
  endfacet
  facet normal 4.77303e-06 1 0
    outer loop
      vertex -5.2093 -359.219 253.654
      vertex -5.2093 -359.219 251.654
      vertex -5.64508 -359.219 251.654
    endloop
  endfacet
  facet normal -0.173633 0.98481 0
    outer loop
      vertex -5.93814 -359.271 251.654
      vertex -6.07424 -359.295 251.654
      vertex -6.07424 -359.295 253.654
    endloop
  endfacet
  facet normal -0.342018 0.939693 0
    outer loop
      vertex -6.07424 -359.295 253.654
      vertex -6.07424 -359.295 251.654
      vertex -6.48374 -359.444 251.654
    endloop
  endfacet
  facet normal -0.500006 0.866022 0
    outer loop
      vertex -6.48374 -359.444 253.654
      vertex -6.48374 -359.444 251.654
      vertex -6.86113 -359.662 251.654
    endloop
  endfacet
  facet normal -0.6428 0.766034 0
    outer loop
      vertex -6.86113 -359.662 253.654
      vertex -6.86113 -359.662 251.654
      vertex -7.19496 -359.942 251.654
    endloop
  endfacet
  facet normal 0.6428 -0.766034 0
    outer loop
      vertex -30.4152 -384.399 253.654
      vertex -30.6355 -384.584 253.654
      vertex -30.6355 -384.584 249.254
    endloop
  endfacet
  facet normal 0.500001 -0.866025 0
    outer loop
      vertex -30.1661 -384.256 253.654
      vertex -30.4152 -384.399 253.654
      vertex -30.4152 -384.399 249.254
    endloop
  endfacet
  facet normal 0.341989 -0.939704 0
    outer loop
      vertex -29.8959 -384.157 253.654
      vertex -30.1661 -384.256 253.654
      vertex -30.1661 -384.256 249.254
    endloop
  endfacet
  facet normal 0.173637 -0.98481 0
    outer loop
      vertex -29.6126 -384.107 253.654
      vertex -29.8959 -384.157 253.654
      vertex -29.8959 -384.157 249.254
    endloop
  endfacet
  facet normal -7.04313e-06 -1 0
    outer loop
      vertex -29.325 -384.107 253.654
      vertex -29.6126 -384.107 253.654
      vertex -29.6126 -384.107 249.254
    endloop
  endfacet
  facet normal -0.173652 -0.984807 0
    outer loop
      vertex -29.0418 -384.157 253.654
      vertex -29.325 -384.107 253.654
      vertex -29.325 -384.107 249.254
    endloop
  endfacet
  facet normal -0.342027 -0.93969 0
    outer loop
      vertex -28.7715 -384.256 253.654
      vertex -29.0418 -384.157 253.654
      vertex -29.0418 -384.157 249.254
    endloop
  endfacet
  facet normal -0.500001 -0.866025 0
    outer loop
      vertex -28.5224 -384.399 253.654
      vertex -28.7715 -384.256 253.654
      vertex -28.7715 -384.256 249.254
    endloop
  endfacet
  facet normal -0.642788 -0.766044 0
    outer loop
      vertex -28.3021 -384.584 253.654
      vertex -28.5224 -384.399 253.654
      vertex -28.5224 -384.399 249.254
    endloop
  endfacet
  facet normal -0.766044 -0.642788 -0
    outer loop
      vertex -28.1172 -384.805 253.654
      vertex -28.3021 -384.584 253.654
      vertex -28.3021 -384.584 249.254
    endloop
  endfacet
  facet normal -0.866028 -0.499996 -0
    outer loop
      vertex -27.9734 -385.054 253.654
      vertex -28.1172 -384.805 253.654
      vertex -28.1172 -384.805 249.254
    endloop
  endfacet
  facet normal -0.939693 -0.342018 -0
    outer loop
      vertex -27.875 -385.324 253.654
      vertex -27.9734 -385.054 253.654
      vertex -27.9734 -385.054 249.254
    endloop
  endfacet
  facet normal -0.984807 -0.173652 -0
    outer loop
      vertex -27.8251 -385.607 253.654
      vertex -27.875 -385.324 253.654
      vertex -27.875 -385.324 249.254
    endloop
  endfacet
  facet normal -1 -2.32831e-05 -0
    outer loop
      vertex -27.8251 -385.895 253.654
      vertex -27.8251 -385.607 253.654
      vertex -27.8251 -385.607 249.254
    endloop
  endfacet
  facet normal -0.98481 0.173637 -0
    outer loop
      vertex -27.875 -386.178 253.654
      vertex -27.8251 -385.895 253.654
      vertex -27.8251 -385.895 249.254
    endloop
  endfacet
  facet normal -0.939704 0.341989 -0
    outer loop
      vertex -27.9734 -386.448 253.654
      vertex -27.875 -386.178 253.654
      vertex -27.875 -386.178 249.254
    endloop
  endfacet
  facet normal -0.866025 0.500001 -0
    outer loop
      vertex -28.1172 -386.697 253.654
      vertex -27.9734 -386.448 253.654
      vertex -27.9734 -386.448 249.254
    endloop
  endfacet
  facet normal -0.766048 0.642783 -0
    outer loop
      vertex -28.3021 -386.918 253.654
      vertex -28.1172 -386.697 253.654
      vertex -28.1172 -386.697 249.254
    endloop
  endfacet
  facet normal -0.642783 0.766048 0
    outer loop
      vertex -28.5224 -387.103 253.654
      vertex -28.3021 -386.918 253.654
      vertex -28.3021 -386.918 249.254
    endloop
  endfacet
  facet normal -0.500021 0.866013 0
    outer loop
      vertex -28.7715 -387.246 253.654
      vertex -28.5224 -387.103 253.654
      vertex -28.5224 -387.103 249.254
    endloop
  endfacet
  facet normal -0.342027 0.93969 0
    outer loop
      vertex -29.0418 -387.345 253.654
      vertex -28.7715 -387.246 253.654
      vertex -28.7715 -387.246 249.254
    endloop
  endfacet
  facet normal -0.173676 0.984803 0
    outer loop
      vertex -29.325 -387.395 253.654
      vertex -29.0418 -387.345 253.654
      vertex -29.0418 -387.345 249.254
    endloop
  endfacet
  facet normal -8.09086e-06 1 0
    outer loop
      vertex -29.6126 -387.395 253.654
      vertex -29.325 -387.395 253.654
      vertex -29.325 -387.395 249.254
    endloop
  endfacet
  facet normal 0.173626 0.984812 0
    outer loop
      vertex -29.8959 -387.345 253.654
      vertex -29.6126 -387.395 253.654
      vertex -29.6126 -387.395 249.254
    endloop
  endfacet
  facet normal 0.342027 0.93969 0
    outer loop
      vertex -30.1661 -387.246 253.654
      vertex -29.8959 -387.345 253.654
      vertex -29.8959 -387.345 249.254
    endloop
  endfacet
  facet normal 0.5 0.866026 0
    outer loop
      vertex -30.4152 -387.103 253.654
      vertex -30.1661 -387.246 253.654
      vertex -30.1661 -387.246 249.254
    endloop
  endfacet
  facet normal 0.64279 0.766043 0
    outer loop
      vertex -30.6355 -386.918 253.654
      vertex -30.4152 -387.103 253.654
      vertex -30.4152 -387.103 249.254
    endloop
  endfacet
  facet normal 0.766043 0.64279 0
    outer loop
      vertex -30.8204 -386.697 253.654
      vertex -30.6355 -386.918 253.654
      vertex -30.6355 -386.918 249.254
    endloop
  endfacet
  facet normal 0.866028 0.499995 0
    outer loop
      vertex -30.9642 -386.448 253.654
      vertex -30.8204 -386.697 253.654
      vertex -30.8204 -386.697 249.254
    endloop
  endfacet
  facet normal 0.939693 0.342018 0
    outer loop
      vertex -31.0626 -386.178 253.654
      vertex -30.9642 -386.448 253.654
      vertex -30.9642 -386.448 249.254
    endloop
  endfacet
  facet normal 0.984809 0.173639 0
    outer loop
      vertex -31.1125 -385.895 253.654
      vertex -31.0626 -386.178 253.654
      vertex -31.0626 -386.178 249.254
    endloop
  endfacet
  facet normal 1 8.20728e-06 0
    outer loop
      vertex -31.1125 -385.607 253.654
      vertex -31.1125 -385.895 253.654
      vertex -31.1125 -385.895 249.254
    endloop
  endfacet
  facet normal 0.984803 -0.173676 0
    outer loop
      vertex -31.0626 -385.324 253.654
      vertex -31.1125 -385.607 253.654
      vertex -31.1125 -385.607 249.254
    endloop
  endfacet
  facet normal 0.93969 -0.342027 0
    outer loop
      vertex -30.9642 -385.054 253.654
      vertex -31.0626 -385.324 253.654
      vertex -31.0626 -385.324 249.254
    endloop
  endfacet
  facet normal 0.866013 -0.500021 0
    outer loop
      vertex -30.8204 -384.805 253.654
      vertex -30.9642 -385.054 253.654
      vertex -30.9642 -385.054 249.254
    endloop
  endfacet
  facet normal 0.766063 -0.642765 0
    outer loop
      vertex -30.6355 -384.584 253.654
      vertex -30.8204 -384.805 253.654
      vertex -30.8204 -384.805 249.254
    endloop
  endfacet
  facet normal 0.766034 -0.6428 0
    outer loop
      vertex -30.8204 -384.805 249.254
      vertex -30.6355 -384.584 249.254
      vertex -30.6355 -384.584 253.654
    endloop
  endfacet
  facet normal 0.866025 -0.500001 0
    outer loop
      vertex -30.9642 -385.054 249.254
      vertex -30.8204 -384.805 249.254
      vertex -30.8204 -384.805 253.654
    endloop
  endfacet
  facet normal 0.939704 -0.341988 0
    outer loop
      vertex -31.0626 -385.324 249.254
      vertex -30.9642 -385.054 249.254
      vertex -30.9642 -385.054 253.654
    endloop
  endfacet
  facet normal 0.984809 -0.173639 0
    outer loop
      vertex -31.1125 -385.607 249.254
      vertex -31.0626 -385.324 249.254
      vertex -31.0626 -385.324 253.654
    endloop
  endfacet
  facet normal 1 8.20728e-06 0
    outer loop
      vertex -31.1125 -385.895 249.254
      vertex -31.1125 -385.607 249.254
      vertex -31.1125 -385.607 253.654
    endloop
  endfacet
  facet normal 0.984807 0.173652 0
    outer loop
      vertex -31.0626 -386.178 249.254
      vertex -31.1125 -385.895 249.254
      vertex -31.1125 -385.895 253.654
    endloop
  endfacet
  facet normal 0.93969 0.342027 0
    outer loop
      vertex -30.9642 -386.448 249.254
      vertex -31.0626 -386.178 249.254
      vertex -31.0626 -386.178 253.654
    endloop
  endfacet
  facet normal 0.866026 0.5 0
    outer loop
      vertex -30.8204 -386.697 249.254
      vertex -30.9642 -386.448 249.254
      vertex -30.9642 -386.448 253.654
    endloop
  endfacet
  facet normal 0.766043 0.64279 0
    outer loop
      vertex -30.6355 -386.918 249.254
      vertex -30.8204 -386.697 249.254
      vertex -30.8204 -386.697 253.654
    endloop
  endfacet
  facet normal 0.64279 0.766043 0
    outer loop
      vertex -30.4152 -387.103 249.254
      vertex -30.6355 -386.918 249.254
      vertex -30.6355 -386.918 253.654
    endloop
  endfacet
  facet normal 0.499995 0.866028 0
    outer loop
      vertex -30.1661 -387.246 249.254
      vertex -30.4152 -387.103 249.254
      vertex -30.4152 -387.103 253.654
    endloop
  endfacet
  facet normal 0.342018 0.939693 0
    outer loop
      vertex -29.8959 -387.345 249.254
      vertex -30.1661 -387.246 249.254
      vertex -30.1661 -387.246 253.654
    endloop
  endfacet
  facet normal 0.173652 0.984807 0
    outer loop
      vertex -29.6126 -387.395 249.254
      vertex -29.8959 -387.345 249.254
      vertex -29.8959 -387.345 253.654
    endloop
  endfacet
  facet normal 2.45054e-05 1 0
    outer loop
      vertex -29.325 -387.395 249.254
      vertex -29.6126 -387.395 249.254
      vertex -29.6126 -387.395 253.654
    endloop
  endfacet
  facet normal -0.173639 0.984809 0
    outer loop
      vertex -29.0418 -387.345 249.254
      vertex -29.325 -387.395 249.254
      vertex -29.325 -387.395 253.654
    endloop
  endfacet
  facet normal -0.341988 0.939704 0
    outer loop
      vertex -28.7715 -387.246 249.254
      vertex -29.0418 -387.345 249.254
      vertex -29.0418 -387.345 253.654
    endloop
  endfacet
  facet normal -0.500001 0.866025 0
    outer loop
      vertex -28.5224 -387.103 249.254
      vertex -28.7715 -387.246 249.254
      vertex -28.7715 -387.246 253.654
    endloop
  endfacet
  facet normal -0.642783 0.766048 0
    outer loop
      vertex -28.3021 -386.918 249.254
      vertex -28.5224 -387.103 249.254
      vertex -28.5224 -387.103 253.654
    endloop
  endfacet
  facet normal -0.766048 0.642783 -0
    outer loop
      vertex -28.1172 -386.697 249.254
      vertex -28.3021 -386.918 249.254
      vertex -28.3021 -386.918 253.654
    endloop
  endfacet
  facet normal -0.866014 0.50002 -0
    outer loop
      vertex -27.9734 -386.448 249.254
      vertex -28.1172 -386.697 249.254
      vertex -28.1172 -386.697 253.654
    endloop
  endfacet
  facet normal -0.93969 0.342029 -0
    outer loop
      vertex -27.875 -386.178 249.254
      vertex -27.9734 -386.448 249.254
      vertex -27.9734 -386.448 253.654
    endloop
  endfacet
  facet normal -0.984803 0.173674 -0
    outer loop
      vertex -27.8251 -385.895 249.254
      vertex -27.875 -386.178 249.254
      vertex -27.875 -386.178 253.654
    endloop
  endfacet
  facet normal -1 9.19681e-06 -0
    outer loop
      vertex -27.8251 -385.607 249.254
      vertex -27.8251 -385.895 249.254
      vertex -27.8251 -385.895 253.654
    endloop
  endfacet
  facet normal -0.984812 -0.173626 -0
    outer loop
      vertex -27.875 -385.324 249.254
      vertex -27.8251 -385.607 249.254
      vertex -27.8251 -385.607 253.654
    endloop
  endfacet
  facet normal -0.93969 -0.342027 -0
    outer loop
      vertex -27.9734 -385.054 249.254
      vertex -27.875 -385.324 249.254
      vertex -27.875 -385.324 253.654
    endloop
  endfacet
  facet normal -0.866025 -0.500001 -0
    outer loop
      vertex -28.1172 -384.805 249.254
      vertex -27.9734 -385.054 249.254
      vertex -27.9734 -385.054 253.654
    endloop
  endfacet
  facet normal -0.766044 -0.642788 -0
    outer loop
      vertex -28.3021 -384.584 249.254
      vertex -28.1172 -384.805 249.254
      vertex -28.1172 -384.805 253.654
    endloop
  endfacet
  facet normal -0.642788 -0.766044 0
    outer loop
      vertex -28.5224 -384.399 249.254
      vertex -28.3021 -384.584 249.254
      vertex -28.3021 -384.584 253.654
    endloop
  endfacet
  facet normal -0.499996 -0.866028 0
    outer loop
      vertex -28.7715 -384.256 249.254
      vertex -28.5224 -384.399 249.254
      vertex -28.5224 -384.399 253.654
    endloop
  endfacet
  facet normal -0.342018 -0.939693 0
    outer loop
      vertex -29.0418 -384.157 249.254
      vertex -28.7715 -384.256 249.254
      vertex -28.7715 -384.256 253.654
    endloop
  endfacet
  facet normal -0.173639 -0.984809 0
    outer loop
      vertex -29.325 -384.107 249.254
      vertex -29.0418 -384.157 249.254
      vertex -29.0418 -384.157 253.654
    endloop
  endfacet
  facet normal -7.04313e-06 -1 0
    outer loop
      vertex -29.6126 -384.107 249.254
      vertex -29.325 -384.107 249.254
      vertex -29.325 -384.107 253.654
    endloop
  endfacet
  facet normal 0.173674 -0.984803 0
    outer loop
      vertex -29.8959 -384.157 249.254
      vertex -29.6126 -384.107 249.254
      vertex -29.6126 -384.107 253.654
    endloop
  endfacet
  facet normal 0.342029 -0.93969 0
    outer loop
      vertex -30.1661 -384.256 249.254
      vertex -29.8959 -384.157 249.254
      vertex -29.8959 -384.157 253.654
    endloop
  endfacet
  facet normal 0.50002 -0.866014 0
    outer loop
      vertex -30.4152 -384.399 249.254
      vertex -30.1661 -384.256 249.254
      vertex -30.1661 -384.256 253.654
    endloop
  endfacet
  facet normal 0.642765 -0.766063 0
    outer loop
      vertex -30.6355 -384.584 249.254
      vertex -30.4152 -384.399 249.254
      vertex -30.4152 -384.399 253.654
    endloop
  endfacet
  facet normal -1.65042e-07 1.65042e-07 1
    outer loop
      vertex -31.9593 -385.533 253.654
      vertex -31.1125 -385.607 253.654
      vertex -31.0626 -385.324 253.654
    endloop
  endfacet
  facet normal -1.65041e-07 1.65041e-07 1
    outer loop
      vertex -31.9593 -385.969 253.654
      vertex -31.1125 -385.895 253.654
      vertex -31.1125 -385.607 253.654
    endloop
  endfacet
  facet normal -8.25205e-08 8.25205e-08 1
    outer loop
      vertex -31.5167 -387.185 253.654
      vertex -30.8204 -386.697 253.654
      vertex -30.9642 -386.448 253.654
    endloop
  endfacet
  facet normal 4.12602e-07 -4.12602e-07 1
    outer loop
      vertex -31.2366 -387.519 253.654
      vertex -30.6355 -386.918 253.654
      vertex -30.8204 -386.697 253.654
    endloop
  endfacet
  facet normal -4.3571e-07 4.3571e-07 1
    outer loop
      vertex -28.0349 -383.703 253.654
      vertex -28.4123 -383.485 253.654
      vertex -28.7715 -384.256 253.654
    endloop
  endfacet
  facet normal 0 0 1
    outer loop
      vertex -28.4123 -383.485 253.654
      vertex -28.8218 -383.336 253.654
      vertex -29.0418 -384.157 253.654
    endloop
  endfacet
  facet normal 0 0 1
    outer loop
      vertex -31.5167 -384.317 253.654
      vertex -30.8204 -384.805 253.654
      vertex -30.6355 -384.584 253.654
    endloop
  endfacet
  facet normal 0 0 1
    outer loop
      vertex -31.7346 -384.695 253.654
      vertex -30.9642 -385.054 253.654
      vertex -30.8204 -384.805 253.654
    endloop
  endfacet
  facet normal 2.17855e-07 -2.17855e-07 1
    outer loop
      vertex -31.1125 -385.607 253.654
      vertex -31.9593 -385.533 253.654
      vertex -31.9593 -385.969 253.654
    endloop
  endfacet
  facet normal 3.30082e-07 -3.30082e-07 1
    outer loop
      vertex -31.8836 -386.398 253.654
      vertex -31.0626 -386.178 253.654
      vertex -31.1125 -385.895 253.654
    endloop
  endfacet
  facet normal 3.30078e-07 -3.30078e-07 1
    outer loop
      vertex -31.7346 -386.808 253.654
      vertex -30.9642 -386.448 253.654
      vertex -31.0626 -386.178 253.654
    endloop
  endfacet
  facet normal -2.72316e-08 2.72316e-08 1
    outer loop
      vertex -30.8204 -386.697 253.654
      vertex -31.5167 -387.185 253.654
      vertex -31.2366 -387.519 253.654
    endloop
  endfacet
  facet normal -4.12602e-07 4.12602e-07 1
    outer loop
      vertex -30.9028 -387.799 253.654
      vertex -30.4152 -387.103 253.654
      vertex -30.6355 -386.918 253.654
    endloop
  endfacet
  facet normal 8.25206e-08 -8.25206e-08 1
    outer loop
      vertex -30.5254 -388.017 253.654
      vertex -30.1661 -387.246 253.654
      vertex -30.4152 -387.103 253.654
    endloop
  endfacet
  facet normal -1.65041e-07 1.65041e-07 1
    outer loop
      vertex -29.2509 -388.242 253.654
      vertex -29.325 -387.395 253.654
      vertex -29.6126 -387.395 253.654
    endloop
  endfacet
  facet normal 0 0 1
    outer loop
      vertex -29.2509 -388.242 253.654
      vertex -28.8218 -388.166 253.654
      vertex -29.0418 -387.345 253.654
    endloop
  endfacet
  facet normal 0 0 1
    outer loop
      vertex -27.054 -385.104 253.654
      vertex -27.2031 -384.695 253.654
      vertex -27.9734 -385.054 253.654
    endloop
  endfacet
  facet normal 4.3571e-07 -4.3571e-07 1
    outer loop
      vertex -27.2031 -384.695 253.654
      vertex -27.4209 -384.317 253.654
      vertex -28.1172 -384.805 253.654
    endloop
  endfacet
  facet normal 0 0 1
    outer loop
      vertex -27.7011 -383.983 253.654
      vertex -28.0349 -383.703 253.654
      vertex -28.5224 -384.399 253.654
    endloop
  endfacet
  facet normal 0 0 1
    outer loop
      vertex -29.0418 -384.157 253.654
      vertex -28.7715 -384.256 253.654
      vertex -28.4123 -383.485 253.654
    endloop
  endfacet
  facet normal 0 0 1
    outer loop
      vertex -28.8218 -383.336 253.654
      vertex -29.2509 -383.261 253.654
      vertex -29.325 -384.107 253.654
    endloop
  endfacet
  facet normal 0 0 1
    outer loop
      vertex -29.2509 -383.261 253.654
      vertex -29.6867 -383.261 253.654
      vertex -29.6126 -384.107 253.654
    endloop
  endfacet
  facet normal 0 0 1
    outer loop
      vertex -30.8204 -384.805 253.654
      vertex -31.5167 -384.317 253.654
      vertex -31.7346 -384.695 253.654
    endloop
  endfacet
  facet normal 3.30082e-07 -3.30082e-07 1
    outer loop
      vertex -31.8836 -385.104 253.654
      vertex -31.0626 -385.324 253.654
      vertex -30.9642 -385.054 253.654
    endloop
  endfacet
  facet normal 0 0 1
    outer loop
      vertex -31.1125 -385.895 253.654
      vertex -31.9593 -385.969 253.654
      vertex -31.8836 -386.398 253.654
    endloop
  endfacet
  facet normal -2.72319e-07 2.72319e-07 1
    outer loop
      vertex -30.9642 -386.448 253.654
      vertex -31.7346 -386.808 253.654
      vertex -31.5167 -387.185 253.654
    endloop
  endfacet
  facet normal 2.72319e-07 -2.72319e-07 1
    outer loop
      vertex -30.4152 -387.103 253.654
      vertex -30.9028 -387.799 253.654
      vertex -30.5254 -388.017 253.654
    endloop
  endfacet
  facet normal 3.30085e-07 -3.30085e-07 1
    outer loop
      vertex -30.1159 -388.166 253.654
      vertex -29.8959 -387.345 253.654
      vertex -30.1661 -387.246 253.654
    endloop
  endfacet
  facet normal -3.30081e-07 3.30081e-07 1
    outer loop
      vertex -29.6867 -388.242 253.654
      vertex -29.6126 -387.395 253.654
      vertex -29.8959 -387.345 253.654
    endloop
  endfacet
  facet normal 0 0 1
    outer loop
      vertex -29.0418 -387.345 253.654
      vertex -29.325 -387.395 253.654
      vertex -29.2509 -388.242 253.654
    endloop
  endfacet
  facet normal 0 0 1
    outer loop
      vertex -27.054 -386.398 253.654
      vertex -26.9783 -385.969 253.654
      vertex -27.8251 -385.895 253.654
    endloop
  endfacet
  facet normal 0 0 1
    outer loop
      vertex -26.9783 -385.969 253.654
      vertex -26.9783 -385.533 253.654
      vertex -27.8251 -385.607 253.654
    endloop
  endfacet
  facet normal 0 0 1
    outer loop
      vertex -28.1172 -384.805 253.654
      vertex -27.9734 -385.054 253.654
      vertex -27.2031 -384.695 253.654
    endloop
  endfacet
  facet normal 0 0 1
    outer loop
      vertex -27.4209 -384.317 253.654
      vertex -27.7011 -383.983 253.654
      vertex -28.3021 -384.584 253.654
    endloop
  endfacet
  facet normal 0 0 1
    outer loop
      vertex -28.7715 -384.256 253.654
      vertex -28.5224 -384.399 253.654
      vertex -28.0349 -383.703 253.654
    endloop
  endfacet
  facet normal 0 0 1
    outer loop
      vertex -29.6126 -384.107 253.654
      vertex -29.325 -384.107 253.654
      vertex -29.2509 -383.261 253.654
    endloop
  endfacet
  facet normal -2.17854e-07 2.17854e-07 1
    outer loop
      vertex -30.9642 -385.054 253.654
      vertex -31.7346 -384.695 253.654
      vertex -31.8836 -385.104 253.654
    endloop
  endfacet
  facet normal -1.08927e-07 1.08927e-07 1
    outer loop
      vertex -31.0626 -386.178 253.654
      vertex -31.8836 -386.398 253.654
      vertex -31.7346 -386.808 253.654
    endloop
  endfacet
  facet normal -3.26779e-07 3.26779e-07 1
    outer loop
      vertex -30.1661 -387.246 253.654
      vertex -30.5254 -388.017 253.654
      vertex -30.1159 -388.166 253.654
    endloop
  endfacet
  facet normal 0 0 1
    outer loop
      vertex -29.6126 -387.395 253.654
      vertex -29.6867 -388.242 253.654
      vertex -29.2509 -388.242 253.654
    endloop
  endfacet
  facet normal 0 0 1
    outer loop
      vertex -27.8251 -385.607 253.654
      vertex -27.8251 -385.895 253.654
      vertex -26.9783 -385.969 253.654
    endloop
  endfacet
  facet normal 0 0 1
    outer loop
      vertex -26.9783 -385.533 253.654
      vertex -27.054 -385.104 253.654
      vertex -27.875 -385.324 253.654
    endloop
  endfacet
  facet normal 0 0 1
    outer loop
      vertex -28.3021 -384.584 253.654
      vertex -28.1172 -384.805 253.654
      vertex -27.4209 -384.317 253.654
    endloop
  endfacet
  facet normal 0 0 1
    outer loop
      vertex -29.325 -384.107 253.654
      vertex -29.0418 -384.157 253.654
      vertex -28.8218 -383.336 253.654
    endloop
  endfacet
  facet normal -3.30082e-07 3.30082e-07 1
    outer loop
      vertex -30.9028 -383.703 253.654
      vertex -30.4152 -384.399 253.654
      vertex -30.1661 -384.256 253.654
    endloop
  endfacet
  facet normal 0 0 1
    outer loop
      vertex -31.2366 -383.983 253.654
      vertex -30.6355 -384.584 253.654
      vertex -30.4152 -384.399 253.654
    endloop
  endfacet
  facet normal 0 0 1
    outer loop
      vertex -31.0626 -385.324 253.654
      vertex -31.8836 -385.104 253.654
      vertex -31.9593 -385.533 253.654
    endloop
  endfacet
  facet normal 0 0 1
    outer loop
      vertex -29.8959 -387.345 253.654
      vertex -30.1159 -388.166 253.654
      vertex -29.6867 -388.242 253.654
    endloop
  endfacet
  facet normal 1.08927e-07 -1.08927e-07 1
    outer loop
      vertex -28.4123 -388.017 253.654
      vertex -28.0349 -387.799 253.654
      vertex -28.5224 -387.103 253.654
    endloop
  endfacet
  facet normal 0 0 1
    outer loop
      vertex -28.0349 -387.799 253.654
      vertex -27.7011 -387.519 253.654
      vertex -28.3021 -386.918 253.654
    endloop
  endfacet
  facet normal 0 0 1
    outer loop
      vertex -27.875 -385.324 253.654
      vertex -27.8251 -385.607 253.654
      vertex -26.9783 -385.533 253.654
    endloop
  endfacet
  facet normal 0 0 1
    outer loop
      vertex -28.5224 -384.399 253.654
      vertex -28.3021 -384.584 253.654
      vertex -27.7011 -383.983 253.654
    endloop
  endfacet
  facet normal 1.65041e-07 -1.65041e-07 1
    outer loop
      vertex -30.1159 -383.336 253.654
      vertex -29.8959 -384.157 253.654
      vertex -29.6126 -384.107 253.654
    endloop
  endfacet
  facet normal 3.30083e-07 -3.30083e-07 1
    outer loop
      vertex -30.5254 -383.485 253.654
      vertex -30.1661 -384.256 253.654
      vertex -29.8959 -384.157 253.654
    endloop
  endfacet
  facet normal 2.17854e-07 -2.17854e-07 1
    outer loop
      vertex -30.4152 -384.399 253.654
      vertex -30.9028 -383.703 253.654
      vertex -31.2366 -383.983 253.654
    endloop
  endfacet
  facet normal 2.72319e-08 -2.72319e-08 1
    outer loop
      vertex -30.6355 -386.918 253.654
      vertex -31.2366 -387.519 253.654
      vertex -30.9028 -387.799 253.654
    endloop
  endfacet
  facet normal 2.17852e-07 -2.17852e-07 1
    outer loop
      vertex -28.8218 -388.166 253.654
      vertex -28.4123 -388.017 253.654
      vertex -28.7715 -387.246 253.654
    endloop
  endfacet
  facet normal -1.65042e-07 1.65042e-07 1
    outer loop
      vertex -28.3021 -386.918 253.654
      vertex -28.5224 -387.103 253.654
      vertex -28.0349 -387.799 253.654
    endloop
  endfacet
  facet normal -1.08927e-07 1.08927e-07 1
    outer loop
      vertex -27.7011 -387.519 253.654
      vertex -27.4209 -387.185 253.654
      vertex -28.1172 -386.697 253.654
    endloop
  endfacet
  facet normal 0 0 1
    outer loop
      vertex -27.4209 -387.185 253.654
      vertex -27.2031 -386.808 253.654
      vertex -27.9734 -386.448 253.654
    endloop
  endfacet
  facet normal 0 0 1
    outer loop
      vertex -27.9734 -385.054 253.654
      vertex -27.875 -385.324 253.654
      vertex -27.054 -385.104 253.654
    endloop
  endfacet
  facet normal -2.17855e-07 2.17855e-07 1
    outer loop
      vertex -29.8959 -384.157 253.654
      vertex -30.1159 -383.336 253.654
      vertex -30.5254 -383.485 253.654
    endloop
  endfacet
  facet normal 0 0 1
    outer loop
      vertex -30.6355 -384.584 253.654
      vertex -31.2366 -383.983 253.654
      vertex -31.5167 -384.317 253.654
    endloop
  endfacet
  facet normal 0 0 1
    outer loop
      vertex -28.5224 -387.103 253.654
      vertex -28.7715 -387.246 253.654
      vertex -28.4123 -388.017 253.654
    endloop
  endfacet
  facet normal 1.65041e-07 -1.65041e-07 1
    outer loop
      vertex -27.9734 -386.448 253.654
      vertex -28.1172 -386.697 253.654
      vertex -27.4209 -387.185 253.654
    endloop
  endfacet
  facet normal 2.17854e-07 -2.17854e-07 1
    outer loop
      vertex -27.2031 -386.808 253.654
      vertex -27.054 -386.398 253.654
      vertex -27.875 -386.178 253.654
    endloop
  endfacet
  facet normal -2.17855e-07 2.17855e-07 1
    outer loop
      vertex -29.6126 -384.107 253.654
      vertex -29.6867 -383.261 253.654
      vertex -30.1159 -383.336 253.654
    endloop
  endfacet
  facet normal -3.30082e-07 3.30082e-07 1
    outer loop
      vertex -28.7715 -387.246 253.654
      vertex -29.0418 -387.345 253.654
      vertex -28.8218 -388.166 253.654
    endloop
  endfacet
  facet normal -3.30081e-07 3.30081e-07 1
    outer loop
      vertex -27.875 -386.178 253.654
      vertex -27.9734 -386.448 253.654
      vertex -27.2031 -386.808 253.654
    endloop
  endfacet
  facet normal 0 0 1
    outer loop
      vertex -30.1661 -384.256 253.654
      vertex -30.5254 -383.485 253.654
      vertex -30.9028 -383.703 253.654
    endloop
  endfacet
  facet normal 0 0 1
    outer loop
      vertex -27.8251 -385.895 253.654
      vertex -27.875 -386.178 253.654
      vertex -27.054 -386.398 253.654
    endloop
  endfacet
  facet normal 0 0 1
    outer loop
      vertex -28.1172 -386.697 253.654
      vertex -28.3021 -386.918 253.654
      vertex -27.7011 -387.519 253.654
    endloop
  endfacet
  facet normal -0.642788 0.766044 0
    outer loop
      vertex -31.2366 -383.983 251.654
      vertex -31.2366 -383.983 253.654
      vertex -30.9028 -383.703 253.654
    endloop
  endfacet
  facet normal -0.499978 0.866038 0
    outer loop
      vertex -30.9028 -383.703 251.654
      vertex -30.9028 -383.703 253.654
      vertex -30.5254 -383.485 253.654
    endloop
  endfacet
  facet normal -0.342032 0.939688 0
    outer loop
      vertex -30.5254 -383.485 251.654
      vertex -30.5254 -383.485 253.654
      vertex -30.1159 -383.336 253.654
    endloop
  endfacet
  facet normal -0.173651 0.984807 0
    outer loop
      vertex -30.1159 -383.336 251.654
      vertex -30.1159 -383.336 253.654
      vertex -29.6867 -383.261 253.654
    endloop
  endfacet
  facet normal -8.55653e-06 1 0
    outer loop
      vertex -29.6867 -383.261 251.654
      vertex -29.6867 -383.261 253.654
      vertex -29.2509 -383.261 253.654
    endloop
  endfacet
  facet normal 0.173644 0.984809 0
    outer loop
      vertex -29.2509 -383.261 251.654
      vertex -29.2509 -383.261 253.654
      vertex -28.8218 -383.336 253.654
    endloop
  endfacet
  facet normal 0.342024 0.939691 0
    outer loop
      vertex -28.8218 -383.336 251.654
      vertex -28.8218 -383.336 253.654
      vertex -28.4123 -383.485 253.654
    endloop
  endfacet
  facet normal 0.499999 0.866026 0
    outer loop
      vertex -28.4123 -383.485 251.654
      vertex -28.4123 -383.485 253.654
      vertex -28.0349 -383.703 253.654
    endloop
  endfacet
  facet normal 0.642788 0.766044 0
    outer loop
      vertex -28.0349 -383.703 251.654
      vertex -28.0349 -383.703 253.654
      vertex -27.7011 -383.983 253.654
    endloop
  endfacet
  facet normal 0.766044 0.642788 0
    outer loop
      vertex -27.7011 -383.983 251.654
      vertex -27.7011 -383.983 253.654
      vertex -27.4209 -384.317 253.654
    endloop
  endfacet
  facet normal 0.866026 0.499999 0
    outer loop
      vertex -27.4209 -384.317 251.654
      vertex -27.4209 -384.317 253.654
      vertex -27.2031 -384.695 253.654
    endloop
  endfacet
  facet normal 0.939689 0.34203 0
    outer loop
      vertex -27.2031 -384.695 251.654
      vertex -27.2031 -384.695 253.654
      vertex -27.054 -385.104 253.654
    endloop
  endfacet
  facet normal 0.984809 0.173644 0
    outer loop
      vertex -27.054 -385.104 251.654
      vertex -27.054 -385.104 253.654
      vertex -26.9783 -385.533 253.654
    endloop
  endfacet
  facet normal 1 -8.55653e-06 0
    outer loop
      vertex -26.9783 -385.533 251.654
      vertex -26.9783 -385.533 253.654
      vertex -26.9783 -385.969 253.654
    endloop
  endfacet
  facet normal 0.984807 -0.173651 0
    outer loop
      vertex -26.9783 -385.969 251.654
      vertex -26.9783 -385.969 253.654
      vertex -27.054 -386.398 253.654
    endloop
  endfacet
  facet normal 0.939693 -0.342018 0
    outer loop
      vertex -27.054 -386.398 251.654
      vertex -27.054 -386.398 253.654
      vertex -27.2031 -386.808 253.654
    endloop
  endfacet
  facet normal 0.866022 -0.500006 0
    outer loop
      vertex -27.2031 -386.808 251.654
      vertex -27.2031 -386.808 253.654
      vertex -27.4209 -387.185 253.654
    endloop
  endfacet
  facet normal 0.766044 -0.642788 0
    outer loop
      vertex -27.4209 -387.185 251.654
      vertex -27.4209 -387.185 253.654
      vertex -27.7011 -387.519 253.654
    endloop
  endfacet
  facet normal 0.642788 -0.766044 0
    outer loop
      vertex -27.7011 -387.519 251.654
      vertex -27.7011 -387.519 253.654
      vertex -28.0349 -387.799 253.654
    endloop
  endfacet
  facet normal 0.500006 -0.866022 0
    outer loop
      vertex -28.0349 -387.799 251.654
      vertex -28.0349 -387.799 253.654
      vertex -28.4123 -388.017 253.654
    endloop
  endfacet
  facet normal 0.342004 -0.939698 0
    outer loop
      vertex -28.4123 -388.017 251.654
      vertex -28.4123 -388.017 253.654
      vertex -28.8218 -388.166 253.654
    endloop
  endfacet
  facet normal 0.17365 -0.984807 0
    outer loop
      vertex -28.8218 -388.166 251.654
      vertex -28.8218 -388.166 253.654
      vertex -29.2509 -388.242 253.654
    endloop
  endfacet
  facet normal -3.25963e-06 -1 0
    outer loop
      vertex -29.2509 -388.242 251.654
      vertex -29.2509 -388.242 253.654
      vertex -29.6867 -388.242 253.654
    endloop
  endfacet
  facet normal -0.173652 -0.984807 0
    outer loop
      vertex -29.6867 -388.242 251.654
      vertex -29.6867 -388.242 253.654
      vertex -30.1159 -388.166 253.654
    endloop
  endfacet
  facet normal -0.342017 -0.939694 0
    outer loop
      vertex -30.1159 -388.166 251.654
      vertex -30.1159 -388.166 253.654
      vertex -30.5254 -388.017 253.654
    endloop
  endfacet
  facet normal -0.499999 -0.866026 0
    outer loop
      vertex -30.5254 -388.017 251.654
      vertex -30.5254 -388.017 253.654
      vertex -30.9028 -387.799 253.654
    endloop
  endfacet
  facet normal -0.642787 -0.766045 0
    outer loop
      vertex -30.9028 -387.799 251.654
      vertex -30.9028 -387.799 253.654
      vertex -31.2366 -387.519 253.654
    endloop
  endfacet
  facet normal -0.766043 -0.642789 -0
    outer loop
      vertex -31.2366 -387.519 251.654
      vertex -31.2366 -387.519 253.654
      vertex -31.5167 -387.185 253.654
    endloop
  endfacet
  facet normal -0.866026 -0.499999 -0
    outer loop
      vertex -31.5167 -387.185 251.654
      vertex -31.5167 -387.185 253.654
      vertex -31.7346 -386.808 253.654
    endloop
  endfacet
  facet normal -0.939694 -0.342017 -0
    outer loop
      vertex -31.7346 -386.808 251.654
      vertex -31.7346 -386.808 253.654
      vertex -31.8836 -386.398 253.654
    endloop
  endfacet
  facet normal -0.984807 -0.173652 -0
    outer loop
      vertex -31.8836 -386.398 251.654
      vertex -31.8836 -386.398 253.654
      vertex -31.9593 -385.969 253.654
    endloop
  endfacet
  facet normal -1 -3.25963e-06 -0
    outer loop
      vertex -31.9593 -385.969 251.654
      vertex -31.9593 -385.969 253.654
      vertex -31.9593 -385.533 253.654
    endloop
  endfacet
  facet normal -0.98481 0.173637 -0
    outer loop
      vertex -31.9593 -385.533 251.654
      vertex -31.9593 -385.533 253.654
      vertex -31.8836 -385.104 253.654
    endloop
  endfacet
  facet normal -0.939693 0.342018 -0
    outer loop
      vertex -31.8836 -385.104 251.654
      vertex -31.8836 -385.104 253.654
      vertex -31.7346 -384.695 253.654
    endloop
  endfacet
  facet normal -0.866022 0.500006 -0
    outer loop
      vertex -31.7346 -384.695 251.654
      vertex -31.7346 -384.695 253.654
      vertex -31.5167 -384.317 253.654
    endloop
  endfacet
  facet normal -0.766033 0.642801 -0
    outer loop
      vertex -31.5167 -384.317 251.654
      vertex -31.5167 -384.317 253.654
      vertex -31.2366 -383.983 253.654
    endloop
  endfacet
  facet normal -0.766044 0.642788 -0
    outer loop
      vertex -31.2366 -383.983 253.654
      vertex -31.2366 -383.983 251.654
      vertex -31.5167 -384.317 251.654
    endloop
  endfacet
  facet normal -0.866038 0.499978 -0
    outer loop
      vertex -31.5167 -384.317 253.654
      vertex -31.5167 -384.317 251.654
      vertex -31.7346 -384.695 251.654
    endloop
  endfacet
  facet normal -0.939688 0.342032 -0
    outer loop
      vertex -31.7346 -384.695 253.654
      vertex -31.7346 -384.695 251.654
      vertex -31.8836 -385.104 251.654
    endloop
  endfacet
  facet normal -0.984807 0.17365 -0
    outer loop
      vertex -31.8836 -385.104 253.654
      vertex -31.8836 -385.104 251.654
      vertex -31.9593 -385.533 251.654
    endloop
  endfacet
  facet normal -1 8.55653e-06 -0
    outer loop
      vertex -31.9593 -385.533 253.654
      vertex -31.9593 -385.533 251.654
      vertex -31.9593 -385.969 251.654
    endloop
  endfacet
  facet normal -0.984809 -0.173643 -0
    outer loop
      vertex -31.9593 -385.969 253.654
      vertex -31.9593 -385.969 251.654
      vertex -31.8836 -386.398 251.654
    endloop
  endfacet
  facet normal -0.939691 -0.342024 -0
    outer loop
      vertex -31.8836 -386.398 253.654
      vertex -31.8836 -386.398 251.654
      vertex -31.7346 -386.808 251.654
    endloop
  endfacet
  facet normal -0.866026 -0.499999 -0
    outer loop
      vertex -31.7346 -386.808 253.654
      vertex -31.7346 -386.808 251.654
      vertex -31.5167 -387.185 251.654
    endloop
  endfacet
  facet normal -0.766044 -0.642788 -0
    outer loop
      vertex -31.5167 -387.185 253.654
      vertex -31.5167 -387.185 251.654
      vertex -31.2366 -387.519 251.654
    endloop
  endfacet
  facet normal -0.642788 -0.766044 0
    outer loop
      vertex -31.2366 -387.519 253.654
      vertex -31.2366 -387.519 251.654
      vertex -30.9028 -387.799 251.654
    endloop
  endfacet
  facet normal -0.499999 -0.866026 0
    outer loop
      vertex -30.9028 -387.799 253.654
      vertex -30.9028 -387.799 251.654
      vertex -30.5254 -388.017 251.654
    endloop
  endfacet
  facet normal -0.34203 -0.939689 0
    outer loop
      vertex -30.5254 -388.017 253.654
      vertex -30.5254 -388.017 251.654
      vertex -30.1159 -388.166 251.654
    endloop
  endfacet
  facet normal -0.173643 -0.984809 0
    outer loop
      vertex -30.1159 -388.166 253.654
      vertex -30.1159 -388.166 251.654
      vertex -29.6867 -388.242 251.654
    endloop
  endfacet
  facet normal 8.55653e-06 -1 0
    outer loop
      vertex -29.6867 -388.242 253.654
      vertex -29.6867 -388.242 251.654
      vertex -29.2509 -388.242 251.654
    endloop
  endfacet
  facet normal 0.17365 -0.984807 0
    outer loop
      vertex -29.2509 -388.242 253.654
      vertex -29.2509 -388.242 251.654
      vertex -28.8218 -388.166 251.654
    endloop
  endfacet
  facet normal 0.342018 -0.939693 0
    outer loop
      vertex -28.8218 -388.166 253.654
      vertex -28.8218 -388.166 251.654
      vertex -28.4123 -388.017 251.654
    endloop
  endfacet
  facet normal 0.500006 -0.866022 0
    outer loop
      vertex -28.4123 -388.017 253.654
      vertex -28.4123 -388.017 251.654
      vertex -28.0349 -387.799 251.654
    endloop
  endfacet
  facet normal 0.642788 -0.766044 0
    outer loop
      vertex -28.0349 -387.799 253.654
      vertex -28.0349 -387.799 251.654
      vertex -27.7011 -387.519 251.654
    endloop
  endfacet
  facet normal 0.766044 -0.642788 0
    outer loop
      vertex -27.7011 -387.519 253.654
      vertex -27.7011 -387.519 251.654
      vertex -27.4209 -387.185 251.654
    endloop
  endfacet
  facet normal 0.866022 -0.500006 0
    outer loop
      vertex -27.4209 -387.185 253.654
      vertex -27.4209 -387.185 251.654
      vertex -27.2031 -386.808 251.654
    endloop
  endfacet
  facet normal 0.939698 -0.342004 0
    outer loop
      vertex -27.2031 -386.808 253.654
      vertex -27.2031 -386.808 251.654
      vertex -27.054 -386.398 251.654
    endloop
  endfacet
  facet normal 0.984807 -0.173651 0
    outer loop
      vertex -27.054 -386.398 253.654
      vertex -27.054 -386.398 251.654
      vertex -26.9783 -385.969 251.654
    endloop
  endfacet
  facet normal 1 3.25963e-06 0
    outer loop
      vertex -26.9783 -385.969 253.654
      vertex -26.9783 -385.969 251.654
      vertex -26.9783 -385.533 251.654
    endloop
  endfacet
  facet normal 0.984807 0.173653 0
    outer loop
      vertex -26.9783 -385.533 253.654
      vertex -26.9783 -385.533 251.654
      vertex -27.054 -385.104 251.654
    endloop
  endfacet
  facet normal 0.939694 0.342017 0
    outer loop
      vertex -27.054 -385.104 253.654
      vertex -27.054 -385.104 251.654
      vertex -27.2031 -384.695 251.654
    endloop
  endfacet
  facet normal 0.866026 0.499999 0
    outer loop
      vertex -27.2031 -384.695 253.654
      vertex -27.2031 -384.695 251.654
      vertex -27.4209 -384.317 251.654
    endloop
  endfacet
  facet normal 0.766045 0.642787 0
    outer loop
      vertex -27.4209 -384.317 253.654
      vertex -27.4209 -384.317 251.654
      vertex -27.7011 -383.983 251.654
    endloop
  endfacet
  facet normal 0.642789 0.766043 0
    outer loop
      vertex -27.7011 -383.983 253.654
      vertex -27.7011 -383.983 251.654
      vertex -28.0349 -383.703 251.654
    endloop
  endfacet
  facet normal 0.499999 0.866026 0
    outer loop
      vertex -28.0349 -383.703 253.654
      vertex -28.0349 -383.703 251.654
      vertex -28.4123 -383.485 251.654
    endloop
  endfacet
  facet normal 0.342017 0.939694 0
    outer loop
      vertex -28.4123 -383.485 253.654
      vertex -28.4123 -383.485 251.654
      vertex -28.8218 -383.336 251.654
    endloop
  endfacet
  facet normal 0.173653 0.984807 0
    outer loop
      vertex -28.8218 -383.336 253.654
      vertex -28.8218 -383.336 251.654
      vertex -29.2509 -383.261 251.654
    endloop
  endfacet
  facet normal 3.25963e-06 1 0
    outer loop
      vertex -29.2509 -383.261 253.654
      vertex -29.2509 -383.261 251.654
      vertex -29.6867 -383.261 251.654
    endloop
  endfacet
  facet normal -0.173637 0.98481 0
    outer loop
      vertex -29.6867 -383.261 253.654
      vertex -29.6867 -383.261 251.654
      vertex -30.1159 -383.336 251.654
    endloop
  endfacet
  facet normal -0.342018 0.939693 0
    outer loop
      vertex -30.1159 -383.336 253.654
      vertex -30.1159 -383.336 251.654
      vertex -30.5254 -383.485 251.654
    endloop
  endfacet
  facet normal -0.500006 0.866022 0
    outer loop
      vertex -30.5254 -383.485 253.654
      vertex -30.5254 -383.485 251.654
      vertex -30.9028 -383.703 251.654
    endloop
  endfacet
  facet normal -0.642801 0.766034 0
    outer loop
      vertex -30.9028 -383.703 253.654
      vertex -30.9028 -383.703 251.654
      vertex -31.2366 -383.983 251.654
    endloop
  endfacet
  facet normal 0.642787 -0.766045 0
    outer loop
      vertex 34.595 -396.464 253.654
      vertex 34.3746 -396.649 253.654
      vertex 34.3746 -396.649 249.254
    endloop
  endfacet
  facet normal 0.500001 -0.866025 0
    outer loop
      vertex 34.844 -396.32 253.654
      vertex 34.595 -396.464 253.654
      vertex 34.595 -396.464 249.254
    endloop
  endfacet
  facet normal 0.342027 -0.93969 0
    outer loop
      vertex 35.1143 -396.222 253.654
      vertex 34.844 -396.32 253.654
      vertex 34.844 -396.32 249.254
    endloop
  endfacet
  facet normal 0.173658 -0.984806 0
    outer loop
      vertex 35.3976 -396.172 253.654
      vertex 35.1143 -396.222 253.654
      vertex 35.1143 -396.222 249.254
    endloop
  endfacet
  facet normal 0 -1 0
    outer loop
      vertex 35.6852 -396.172 253.654
      vertex 35.3976 -396.172 253.654
      vertex 35.3976 -396.172 249.254
    endloop
  endfacet
  facet normal -0.173639 -0.984809 0
    outer loop
      vertex 35.9684 -396.222 253.654
      vertex 35.6852 -396.172 253.654
      vertex 35.6852 -396.172 249.254
    endloop
  endfacet
  facet normal -0.342022 -0.939692 0
    outer loop
      vertex 36.2387 -396.32 253.654
      vertex 35.9684 -396.222 253.654
      vertex 35.9684 -396.222 249.254
    endloop
  endfacet
  facet normal -0.5 -0.866026 0
    outer loop
      vertex 36.4878 -396.464 253.654
      vertex 36.2387 -396.32 253.654
      vertex 36.2387 -396.32 249.254
    endloop
  endfacet
  facet normal -0.642787 -0.766045 0
    outer loop
      vertex 36.7081 -396.649 253.654
      vertex 36.4878 -396.464 253.654
      vertex 36.4878 -396.464 249.254
    endloop
  endfacet
  facet normal -0.766045 -0.642787 -0
    outer loop
      vertex 36.893 -396.869 253.654
      vertex 36.7081 -396.649 253.654
      vertex 36.7081 -396.649 249.254
    endloop
  endfacet
  facet normal -0.866027 -0.499997 -0
    outer loop
      vertex 37.0368 -397.118 253.654
      vertex 36.893 -396.869 253.654
      vertex 36.893 -396.869 249.254
    endloop
  endfacet
  facet normal -0.93969 -0.342027 -0
    outer loop
      vertex 37.1351 -397.389 253.654
      vertex 37.0368 -397.118 253.654
      vertex 37.0368 -397.118 249.254
    endloop
  endfacet
  facet normal -0.984808 -0.173646 -0
    outer loop
      vertex 37.1851 -397.672 253.654
      vertex 37.1351 -397.389 253.654
      vertex 37.1351 -397.389 249.254
    endloop
  endfacet
  facet normal -1 -8.20728e-06 -0
    outer loop
      vertex 37.1851 -397.959 253.654
      vertex 37.1851 -397.672 253.654
      vertex 37.1851 -397.672 249.254
    endloop
  endfacet
  facet normal -0.984809 0.173639 -0
    outer loop
      vertex 37.1351 -398.243 253.654
      vertex 37.1851 -397.959 253.654
      vertex 37.1851 -397.959 249.254
    endloop
  endfacet
  facet normal -0.939694 0.342017 -0
    outer loop
      vertex 37.0368 -398.513 253.654
      vertex 37.1351 -398.243 253.654
      vertex 37.1351 -398.243 249.254
    endloop
  endfacet
  facet normal -0.866019 0.50001 -0
    outer loop
      vertex 36.893 -398.762 253.654
      vertex 37.0368 -398.513 253.654
      vertex 37.0368 -398.513 249.254
    endloop
  endfacet
  facet normal -0.766048 0.642783 -0
    outer loop
      vertex 36.7081 -398.982 253.654
      vertex 36.893 -398.762 253.654
      vertex 36.893 -398.762 249.254
    endloop
  endfacet
  facet normal -0.642792 0.766041 0
    outer loop
      vertex 36.4878 -399.167 253.654
      vertex 36.7081 -398.982 253.654
      vertex 36.7081 -398.982 249.254
    endloop
  endfacet
  facet normal -0.500001 0.866025 0
    outer loop
      vertex 36.2387 -399.311 253.654
      vertex 36.4878 -399.167 253.654
      vertex 36.4878 -399.167 249.254
    endloop
  endfacet
  facet normal -0.34202 0.939693 0
    outer loop
      vertex 35.9684 -399.409 253.654
      vertex 36.2387 -399.311 253.654
      vertex 36.2387 -399.311 249.254
    endloop
  endfacet
  facet normal -0.173654 0.984807 0
    outer loop
      vertex 35.6852 -399.459 253.654
      vertex 35.9684 -399.409 253.654
      vertex 35.9684 -399.409 249.254
    endloop
  endfacet
  facet normal -4.5402e-06 1 0
    outer loop
      vertex 35.3976 -399.459 253.654
      vertex 35.6852 -399.459 253.654
      vertex 35.6852 -399.459 249.254
    endloop
  endfacet
  facet normal 0.173646 0.984808 0
    outer loop
      vertex 35.1143 -399.409 253.654
      vertex 35.3976 -399.459 253.654
      vertex 35.3976 -399.459 249.254
    endloop
  endfacet
  facet normal 0.342018 0.939693 0
    outer loop
      vertex 34.844 -399.311 253.654
      vertex 35.1143 -399.409 253.654
      vertex 35.1143 -399.409 249.254
    endloop
  endfacet
  facet normal 0.500003 0.866024 0
    outer loop
      vertex 34.595 -399.167 253.654
      vertex 34.844 -399.311 253.654
      vertex 34.844 -399.311 249.254
    endloop
  endfacet
  facet normal 0.642787 0.766045 0
    outer loop
      vertex 34.3746 -398.982 253.654
      vertex 34.595 -399.167 253.654
      vertex 34.595 -399.167 249.254
    endloop
  endfacet
  facet normal 0.766045 0.642786 0
    outer loop
      vertex 34.1898 -398.762 253.654
      vertex 34.3746 -398.982 253.654
      vertex 34.3746 -398.982 249.254
    endloop
  endfacet
  facet normal 0.866024 0.500003 0
    outer loop
      vertex 34.046 -398.513 253.654
      vertex 34.1898 -398.762 253.654
      vertex 34.1898 -398.762 249.254
    endloop
  endfacet
  facet normal 0.939693 0.342018 0
    outer loop
      vertex 33.9476 -398.243 253.654
      vertex 34.046 -398.513 253.654
      vertex 34.046 -398.513 249.254
    endloop
  endfacet
  facet normal 0.984807 0.173652 0
    outer loop
      vertex 33.8976 -397.959 253.654
      vertex 33.9476 -398.243 253.654
      vertex 33.9476 -398.243 249.254
    endloop
  endfacet
  facet normal 1 3.60887e-06 0
    outer loop
      vertex 33.8976 -397.672 253.654
      vertex 33.8976 -397.959 253.654
      vertex 33.8976 -397.959 249.254
    endloop
  endfacet
  facet normal 0.984808 -0.173645 0
    outer loop
      vertex 33.9476 -397.389 253.654
      vertex 33.8976 -397.672 253.654
      vertex 33.8976 -397.672 249.254
    endloop
  endfacet
  facet normal 0.939696 -0.34201 0
    outer loop
      vertex 34.046 -397.118 253.654
      vertex 33.9476 -397.389 253.654
      vertex 33.9476 -397.389 249.254
    endloop
  endfacet
  facet normal 0.866028 -0.499996 0
    outer loop
      vertex 34.1898 -396.869 253.654
      vertex 34.046 -397.118 253.654
      vertex 34.046 -397.118 249.254
    endloop
  endfacet
  facet normal 0.766045 -0.642787 0
    outer loop
      vertex 34.3746 -396.649 253.654
      vertex 34.1898 -396.869 253.654
      vertex 34.1898 -396.869 249.254
    endloop
  endfacet
  facet normal 0.766045 -0.642787 0
    outer loop
      vertex 34.1898 -396.869 249.254
      vertex 34.3746 -396.649 249.254
      vertex 34.3746 -396.649 253.654
    endloop
  endfacet
  facet normal 0.866025 -0.500001 0
    outer loop
      vertex 34.046 -397.118 249.254
      vertex 34.1898 -396.869 249.254
      vertex 34.1898 -396.869 253.654
    endloop
  endfacet
  facet normal 0.939689 -0.34203 0
    outer loop
      vertex 33.9476 -397.389 249.254
      vertex 34.046 -397.118 249.254
      vertex 34.046 -397.118 253.654
    endloop
  endfacet
  facet normal 0.984807 -0.173654 0
    outer loop
      vertex 33.8976 -397.672 249.254
      vertex 33.9476 -397.389 249.254
      vertex 33.9476 -397.389 253.654
    endloop
  endfacet
  facet normal 1 -4.5402e-06 0
    outer loop
      vertex 33.8976 -397.959 249.254
      vertex 33.8976 -397.672 249.254
      vertex 33.8976 -397.672 253.654
    endloop
  endfacet
  facet normal 0.984809 0.173639 0
    outer loop
      vertex 33.9476 -398.243 249.254
      vertex 33.8976 -397.959 249.254
      vertex 33.8976 -397.959 253.654
    endloop
  endfacet
  facet normal 0.939692 0.342022 0
    outer loop
      vertex 34.046 -398.513 249.254
      vertex 33.9476 -398.243 249.254
      vertex 33.9476 -398.243 253.654
    endloop
  endfacet
  facet normal 0.866022 0.500005 0
    outer loop
      vertex 34.1898 -398.762 249.254
      vertex 34.046 -398.513 249.254
      vertex 34.046 -398.513 253.654
    endloop
  endfacet
  facet normal 0.766045 0.642787 0
    outer loop
      vertex 34.3746 -398.982 249.254
      vertex 34.1898 -398.762 249.254
      vertex 34.1898 -398.762 253.654
    endloop
  endfacet
  facet normal 0.642787 0.766045 0
    outer loop
      vertex 34.595 -399.167 249.254
      vertex 34.3746 -398.982 249.254
      vertex 34.3746 -398.982 253.654
    endloop
  endfacet
  facet normal 0.500003 0.866024 0
    outer loop
      vertex 34.844 -399.311 249.254
      vertex 34.595 -399.167 249.254
      vertex 34.595 -399.167 253.654
    endloop
  endfacet
  facet normal 0.342027 0.93969 0
    outer loop
      vertex 35.1143 -399.409 249.254
      vertex 34.844 -399.311 249.254
      vertex 34.844 -399.311 253.654
    endloop
  endfacet
  facet normal 0.173646 0.984808 0
    outer loop
      vertex 35.3976 -399.459 249.254
      vertex 35.1143 -399.409 249.254
      vertex 35.1143 -399.409 253.654
    endloop
  endfacet
  facet normal 3.60887e-06 1 0
    outer loop
      vertex 35.6852 -399.459 249.254
      vertex 35.3976 -399.459 249.254
      vertex 35.3976 -399.459 253.654
    endloop
  endfacet
  facet normal -0.173635 0.98481 0
    outer loop
      vertex 35.9684 -399.409 249.254
      vertex 35.6852 -399.459 249.254
      vertex 35.6852 -399.459 253.654
    endloop
  endfacet
  facet normal -0.34202 0.939693 0
    outer loop
      vertex 36.2387 -399.311 249.254
      vertex 35.9684 -399.409 249.254
      vertex 35.9684 -399.409 253.654
    endloop
  endfacet
  facet normal -0.50001 0.866019 0
    outer loop
      vertex 36.4878 -399.167 249.254
      vertex 36.2387 -399.311 249.254
      vertex 36.2387 -399.311 253.654
    endloop
  endfacet
  facet normal -0.642783 0.766048 0
    outer loop
      vertex 36.7081 -398.982 249.254
      vertex 36.4878 -399.167 249.254
      vertex 36.4878 -399.167 253.654
    endloop
  endfacet
  facet normal -0.766041 0.642792 -0
    outer loop
      vertex 36.893 -398.762 249.254
      vertex 36.7081 -398.982 249.254
      vertex 36.7081 -398.982 253.654
    endloop
  endfacet
  facet normal -0.866025 0.500001 -0
    outer loop
      vertex 37.0368 -398.513 249.254
      vertex 36.893 -398.762 249.254
      vertex 36.893 -398.762 253.654
    endloop
  endfacet
  facet normal -0.939694 0.342017 -0
    outer loop
      vertex 37.1351 -398.243 249.254
      vertex 37.0368 -398.513 249.254
      vertex 37.0368 -398.513 253.654
    endloop
  endfacet
  facet normal -0.984806 0.173658 -0
    outer loop
      vertex 37.1851 -397.959 249.254
      vertex 37.1351 -398.243 249.254
      vertex 37.1351 -398.243 253.654
    endloop
  endfacet
  facet normal -1 -5.82077e-08 -0
    outer loop
      vertex 37.1851 -397.672 249.254
      vertex 37.1851 -397.959 249.254
      vertex 37.1851 -397.959 253.654
    endloop
  endfacet
  facet normal -0.984808 -0.173646 -0
    outer loop
      vertex 37.1351 -397.389 249.254
      vertex 37.1851 -397.672 249.254
      vertex 37.1851 -397.672 253.654
    endloop
  endfacet
  facet normal -0.939693 -0.342018 -0
    outer loop
      vertex 37.0368 -397.118 249.254
      vertex 37.1351 -397.389 249.254
      vertex 37.1351 -397.389 253.654
    endloop
  endfacet
  facet normal -0.866027 -0.499997 -0
    outer loop
      vertex 36.893 -396.869 249.254
      vertex 37.0368 -397.118 249.254
      vertex 37.0368 -397.118 253.654
    endloop
  endfacet
  facet normal -0.766045 -0.642787 -0
    outer loop
      vertex 36.7081 -396.649 249.254
      vertex 36.893 -396.869 249.254
      vertex 36.893 -396.869 253.654
    endloop
  endfacet
  facet normal -0.642786 -0.766045 0
    outer loop
      vertex 36.4878 -396.464 249.254
      vertex 36.7081 -396.649 249.254
      vertex 36.7081 -396.649 253.654
    endloop
  endfacet
  facet normal -0.499997 -0.866027 0
    outer loop
      vertex 36.2387 -396.32 249.254
      vertex 36.4878 -396.464 249.254
      vertex 36.4878 -396.464 253.654
    endloop
  endfacet
  facet normal -0.342018 -0.939693 0
    outer loop
      vertex 35.9684 -396.222 249.254
      vertex 36.2387 -396.32 249.254
      vertex 36.2387 -396.32 253.654
    endloop
  endfacet
  facet normal -0.173652 -0.984807 0
    outer loop
      vertex 35.6852 -396.172 249.254
      vertex 35.9684 -396.222 249.254
      vertex 35.9684 -396.222 253.654
    endloop
  endfacet
  facet normal -8.20728e-06 -1 0
    outer loop
      vertex 35.3976 -396.172 249.254
      vertex 35.6852 -396.172 249.254
      vertex 35.6852 -396.172 253.654
    endloop
  endfacet
  facet normal 0.173648 -0.984808 0
    outer loop
      vertex 35.1143 -396.222 249.254
      vertex 35.3976 -396.172 249.254
      vertex 35.3976 -396.172 253.654
    endloop
  endfacet
  facet normal 0.342008 -0.939697 0
    outer loop
      vertex 34.844 -396.32 249.254
      vertex 35.1143 -396.222 249.254
      vertex 35.1143 -396.222 253.654
    endloop
  endfacet
  facet normal 0.499996 -0.866028 0
    outer loop
      vertex 34.595 -396.464 249.254
      vertex 34.844 -396.32 249.254
      vertex 34.844 -396.32 253.654
    endloop
  endfacet
  facet normal 0.642787 -0.766045 0
    outer loop
      vertex 34.3746 -396.649 249.254
      vertex 34.595 -396.464 249.254
      vertex 34.595 -396.464 253.654
    endloop
  endfacet
  facet normal 1.6504e-07 -1.6504e-07 1
    outer loop
      vertex 38.0318 -398.034 253.654
      vertex 37.1851 -397.959 253.654
      vertex 37.1351 -398.243 253.654
    endloop
  endfacet
  facet normal 1.65042e-07 -1.65042e-07 1
    outer loop
      vertex 38.0318 -397.598 253.654
      vertex 37.1851 -397.672 253.654
      vertex 37.1851 -397.959 253.654
    endloop
  endfacet
  facet normal 0 0 1
    outer loop
      vertex 37.1851 -397.959 253.654
      vertex 38.0318 -398.034 253.654
      vertex 38.0318 -397.598 253.654
    endloop
  endfacet
  facet normal 3.30083e-07 -3.30083e-07 1
    outer loop
      vertex 37.9562 -397.169 253.654
      vertex 37.1351 -397.389 253.654
      vertex 37.1851 -397.672 253.654
    endloop
  endfacet
  facet normal -3.30078e-07 3.30078e-07 1
    outer loop
      vertex 37.8071 -396.759 253.654
      vertex 37.0368 -397.118 253.654
      vertex 37.1351 -397.389 253.654
    endloop
  endfacet
  facet normal 0 0 1
    outer loop
      vertex 37.8071 -396.759 253.654
      vertex 37.5892 -396.382 253.654
      vertex 36.893 -396.869 253.654
    endloop
  endfacet
  facet normal 0 0 1
    outer loop
      vertex 36.1884 -395.401 253.654
      vertex 35.7593 -395.325 253.654
      vertex 35.6852 -396.172 253.654
    endloop
  endfacet
  facet normal 0 0 1
    outer loop
      vertex 35.7593 -395.325 253.654
      vertex 35.3235 -395.325 253.654
      vertex 35.3976 -396.172 253.654
    endloop
  endfacet
  facet normal -2.17853e-07 2.17853e-07 1
    outer loop
      vertex 37.1851 -397.672 253.654
      vertex 38.0318 -397.598 253.654
      vertex 37.9562 -397.169 253.654
    endloop
  endfacet
  facet normal 0 0 1
    outer loop
      vertex 36.893 -396.869 253.654
      vertex 37.0368 -397.118 253.654
      vertex 37.8071 -396.759 253.654
    endloop
  endfacet
  facet normal 0 0 1
    outer loop
      vertex 36.5979 -395.55 253.654
      vertex 36.1884 -395.401 253.654
      vertex 35.9684 -396.222 253.654
    endloop
  endfacet
  facet normal 0 0 1
    outer loop
      vertex 35.3976 -396.172 253.654
      vertex 35.6852 -396.172 253.654
      vertex 35.7593 -395.325 253.654
    endloop
  endfacet
  facet normal 0 0 1
    outer loop
      vertex 33.1265 -397.169 253.654
      vertex 33.0509 -397.598 253.654
      vertex 33.8976 -397.672 253.654
    endloop
  endfacet
  facet normal 0 0 1
    outer loop
      vertex 33.0509 -397.598 253.654
      vertex 33.0509 -398.034 253.654
      vertex 33.8976 -397.959 253.654
    endloop
  endfacet
  facet normal 0 0 1
    outer loop
      vertex 33.0509 -398.034 253.654
      vertex 33.1265 -398.463 253.654
      vertex 33.9476 -398.243 253.654
    endloop
  endfacet
  facet normal 0 0 1
    outer loop
      vertex 33.1265 -398.463 253.654
      vertex 33.2756 -398.872 253.654
      vertex 34.046 -398.513 253.654
    endloop
  endfacet
  facet normal 0 0 1
    outer loop
      vertex 37.9562 -398.463 253.654
      vertex 37.1351 -398.243 253.654
      vertex 37.0368 -398.513 253.654
    endloop
  endfacet
  facet normal -1.08928e-07 1.08928e-07 1
    outer loop
      vertex 37.1351 -397.389 253.654
      vertex 37.9562 -397.169 253.654
      vertex 37.8071 -396.759 253.654
    endloop
  endfacet
  facet normal -1.65042e-07 1.65042e-07 1
    outer loop
      vertex 37.3091 -396.048 253.654
      vertex 36.7081 -396.649 253.654
      vertex 36.893 -396.869 253.654
    endloop
  endfacet
  facet normal -4.35708e-07 4.35708e-07 1
    outer loop
      vertex 37.3091 -396.048 253.654
      vertex 36.9753 -395.768 253.654
      vertex 36.4878 -396.464 253.654
    endloop
  endfacet
  facet normal 0 0 1
    outer loop
      vertex 36.9753 -395.768 253.654
      vertex 36.5979 -395.55 253.654
      vertex 36.2387 -396.32 253.654
    endloop
  endfacet
  facet normal 0 0 1
    outer loop
      vertex 35.6852 -396.172 253.654
      vertex 35.9684 -396.222 253.654
      vertex 36.1884 -395.401 253.654
    endloop
  endfacet
  facet normal 0 0 1
    outer loop
      vertex 35.3235 -395.325 253.654
      vertex 34.8943 -395.401 253.654
      vertex 35.1143 -396.222 253.654
    endloop
  endfacet
  facet normal 0 0 1
    outer loop
      vertex 34.8943 -395.401 253.654
      vertex 34.4848 -395.55 253.654
      vertex 34.844 -396.32 253.654
    endloop
  endfacet
  facet normal 0 0 1
    outer loop
      vertex 33.8976 -397.959 253.654
      vertex 33.8976 -397.672 253.654
      vertex 33.0509 -397.598 253.654
    endloop
  endfacet
  facet normal 0 0 1
    outer loop
      vertex 34.046 -398.513 253.654
      vertex 33.9476 -398.243 253.654
      vertex 33.1265 -398.463 253.654
    endloop
  endfacet
  facet normal 0 0 1
    outer loop
      vertex 37.1351 -398.243 253.654
      vertex 37.9562 -398.463 253.654
      vertex 38.0318 -398.034 253.654
    endloop
  endfacet
  facet normal 0 0 1
    outer loop
      vertex 36.4878 -396.464 253.654
      vertex 36.7081 -396.649 253.654
      vertex 37.3091 -396.048 253.654
    endloop
  endfacet
  facet normal 0 0 1
    outer loop
      vertex 35.9684 -396.222 253.654
      vertex 36.2387 -396.32 253.654
      vertex 36.5979 -395.55 253.654
    endloop
  endfacet
  facet normal 0 0 1
    outer loop
      vertex 34.844 -396.32 253.654
      vertex 35.1143 -396.222 253.654
      vertex 34.8943 -395.401 253.654
    endloop
  endfacet
  facet normal -2.17853e-07 2.17853e-07 1
    outer loop
      vertex 33.2756 -396.759 253.654
      vertex 33.1265 -397.169 253.654
      vertex 33.9476 -397.389 253.654
    endloop
  endfacet
  facet normal 0 0 1
    outer loop
      vertex 33.9476 -398.243 253.654
      vertex 33.8976 -397.959 253.654
      vertex 33.0509 -398.034 253.654
    endloop
  endfacet
  facet normal 2.99548e-07 -2.99548e-07 1
    outer loop
      vertex 36.893 -396.869 253.654
      vertex 37.5892 -396.382 253.654
      vertex 37.3091 -396.048 253.654
    endloop
  endfacet
  facet normal 0 0 1
    outer loop
      vertex 35.1143 -396.222 253.654
      vertex 35.3976 -396.172 253.654
      vertex 35.3235 -395.325 253.654
    endloop
  endfacet
  facet normal 0 0 1
    outer loop
      vertex 34.4848 -395.55 253.654
      vertex 34.1074 -395.768 253.654
      vertex 34.595 -396.464 253.654
    endloop
  endfacet
  facet normal 0 0 1
    outer loop
      vertex 34.1074 -395.768 253.654
      vertex 33.7736 -396.048 253.654
      vertex 34.3746 -396.649 253.654
    endloop
  endfacet
  facet normal 1.08927e-07 -1.08927e-07 1
    outer loop
      vertex 33.7736 -396.048 253.654
      vertex 33.4935 -396.382 253.654
      vertex 34.1898 -396.869 253.654
    endloop
  endfacet
  facet normal 0 0 1
    outer loop
      vertex 33.4935 -396.382 253.654
      vertex 33.2756 -396.759 253.654
      vertex 34.046 -397.118 253.654
    endloop
  endfacet
  facet normal 0 0 1
    outer loop
      vertex 33.8976 -397.672 253.654
      vertex 33.9476 -397.389 253.654
      vertex 33.1265 -397.169 253.654
    endloop
  endfacet
  facet normal 0 0 1
    outer loop
      vertex 33.2756 -398.872 253.654
      vertex 33.4935 -399.25 253.654
      vertex 34.1898 -398.762 253.654
    endloop
  endfacet
  facet normal 0 0 1
    outer loop
      vertex 36.2387 -396.32 253.654
      vertex 36.4878 -396.464 253.654
      vertex 36.9753 -395.768 253.654
    endloop
  endfacet
  facet normal 0 0 1
    outer loop
      vertex 34.3746 -396.649 253.654
      vertex 34.595 -396.464 253.654
      vertex 34.1074 -395.768 253.654
    endloop
  endfacet
  facet normal 0 0 1
    outer loop
      vertex 34.046 -397.118 253.654
      vertex 34.1898 -396.869 253.654
      vertex 33.4935 -396.382 253.654
    endloop
  endfacet
  facet normal 6.60164e-07 -6.60164e-07 1
    outer loop
      vertex 34.1898 -398.762 253.654
      vertex 34.046 -398.513 253.654
      vertex 33.2756 -398.872 253.654
    endloop
  endfacet
  facet normal 1.65041e-07 -1.65041e-07 1
    outer loop
      vertex 33.7736 -399.583 253.654
      vertex 34.3746 -398.982 253.654
      vertex 34.1898 -398.762 253.654
    endloop
  endfacet
  facet normal 0 0 1
    outer loop
      vertex 33.7736 -399.583 253.654
      vertex 34.1074 -399.863 253.654
      vertex 34.595 -399.167 253.654
    endloop
  endfacet
  facet normal -4.12602e-07 4.12602e-07 1
    outer loop
      vertex 34.4848 -400.081 253.654
      vertex 34.844 -399.311 253.654
      vertex 34.595 -399.167 253.654
    endloop
  endfacet
  facet normal -3.30082e-07 3.30082e-07 1
    outer loop
      vertex 34.8943 -400.23 253.654
      vertex 35.1143 -399.409 253.654
      vertex 34.844 -399.311 253.654
    endloop
  endfacet
  facet normal 0 0 1
    outer loop
      vertex 34.595 -396.464 253.654
      vertex 34.844 -396.32 253.654
      vertex 34.4848 -395.55 253.654
    endloop
  endfacet
  facet normal 0 0 1
    outer loop
      vertex 33.9476 -397.389 253.654
      vertex 34.046 -397.118 253.654
      vertex 33.2756 -396.759 253.654
    endloop
  endfacet
  facet normal 0 0 1
    outer loop
      vertex 34.595 -399.167 253.654
      vertex 34.3746 -398.982 253.654
      vertex 33.7736 -399.583 253.654
    endloop
  endfacet
  facet normal 2.17854e-07 -2.17854e-07 1
    outer loop
      vertex 34.844 -399.311 253.654
      vertex 34.4848 -400.081 253.654
      vertex 34.8943 -400.23 253.654
    endloop
  endfacet
  facet normal 0 0 1
    outer loop
      vertex 37.5892 -399.25 253.654
      vertex 36.893 -398.762 253.654
      vertex 36.7081 -398.982 253.654
    endloop
  endfacet
  facet normal 0 0 1
    outer loop
      vertex 37.5892 -399.25 253.654
      vertex 37.8071 -398.872 253.654
      vertex 37.0368 -398.513 253.654
    endloop
  endfacet
  facet normal 0 0 1
    outer loop
      vertex 34.1898 -396.869 253.654
      vertex 34.3746 -396.649 253.654
      vertex 33.7736 -396.048 253.654
    endloop
  endfacet
  facet normal 1.08927e-07 -1.08927e-07 1
    outer loop
      vertex 34.595 -399.167 253.654
      vertex 34.1074 -399.863 253.654
      vertex 34.4848 -400.081 253.654
    endloop
  endfacet
  facet normal -3.30083e-07 3.30083e-07 1
    outer loop
      vertex 35.3235 -400.306 253.654
      vertex 35.3976 -399.459 253.654
      vertex 35.1143 -399.409 253.654
    endloop
  endfacet
  facet normal 0 0 1
    outer loop
      vertex 35.7593 -400.306 253.654
      vertex 35.6852 -399.459 253.654
      vertex 35.3976 -399.459 253.654
    endloop
  endfacet
  facet normal 0 0 1
    outer loop
      vertex 37.0368 -398.513 253.654
      vertex 36.893 -398.762 253.654
      vertex 37.5892 -399.25 253.654
    endloop
  endfacet
  facet normal -1.90622e-07 1.90622e-07 1
    outer loop
      vertex 34.1898 -398.762 253.654
      vertex 33.4935 -399.25 253.654
      vertex 33.7736 -399.583 253.654
    endloop
  endfacet
  facet normal 0 0 1
    outer loop
      vertex 35.3976 -399.459 253.654
      vertex 35.3235 -400.306 253.654
      vertex 35.7593 -400.306 253.654
    endloop
  endfacet
  facet normal 0 0 1
    outer loop
      vertex 36.1884 -400.23 253.654
      vertex 35.9684 -399.409 253.654
      vertex 35.6852 -399.459 253.654
    endloop
  endfacet
  facet normal 0 0 1
    outer loop
      vertex 36.5979 -400.081 253.654
      vertex 36.2387 -399.311 253.654
      vertex 35.9684 -399.409 253.654
    endloop
  endfacet
  facet normal 0 0 1
    outer loop
      vertex 36.9753 -399.863 253.654
      vertex 36.4878 -399.167 253.654
      vertex 36.2387 -399.311 253.654
    endloop
  endfacet
  facet normal 0 0 1
    outer loop
      vertex 37.0368 -398.513 253.654
      vertex 37.8071 -398.872 253.654
      vertex 37.9562 -398.463 253.654
    endloop
  endfacet
  facet normal 0 0 1
    outer loop
      vertex 35.6852 -399.459 253.654
      vertex 35.7593 -400.306 253.654
      vertex 36.1884 -400.23 253.654
    endloop
  endfacet
  facet normal 0 0 1
    outer loop
      vertex 36.2387 -399.311 253.654
      vertex 36.5979 -400.081 253.654
      vertex 36.9753 -399.863 253.654
    endloop
  endfacet
  facet normal 0 0 1
    outer loop
      vertex 37.3091 -399.583 253.654
      vertex 36.7081 -398.982 253.654
      vertex 36.4878 -399.167 253.654
    endloop
  endfacet
  facet normal 2.17854e-07 -2.17854e-07 1
    outer loop
      vertex 35.1143 -399.409 253.654
      vertex 34.8943 -400.23 253.654
      vertex 35.3235 -400.306 253.654
    endloop
  endfacet
  facet normal 0 0 1
    outer loop
      vertex 36.4878 -399.167 253.654
      vertex 36.9753 -399.863 253.654
      vertex 37.3091 -399.583 253.654
    endloop
  endfacet
  facet normal 2.17854e-07 -2.17854e-07 1
    outer loop
      vertex 35.9684 -399.409 253.654
      vertex 36.1884 -400.23 253.654
      vertex 36.5979 -400.081 253.654
    endloop
  endfacet
  facet normal 0 0 1
    outer loop
      vertex 36.7081 -398.982 253.654
      vertex 37.3091 -399.583 253.654
      vertex 37.5892 -399.25 253.654
    endloop
  endfacet
  facet normal -0.642791 0.766042 0
    outer loop
      vertex 33.7736 -396.048 251.654
      vertex 33.7736 -396.048 253.654
      vertex 34.1074 -395.768 253.654
    endloop
  endfacet
  facet normal -0.499999 0.866026 0
    outer loop
      vertex 34.1074 -395.768 251.654
      vertex 34.1074 -395.768 253.654
      vertex 34.4848 -395.55 253.654
    endloop
  endfacet
  facet normal -0.342022 0.939692 0
    outer loop
      vertex 34.4848 -395.55 251.654
      vertex 34.4848 -395.55 253.654
      vertex 34.8943 -395.401 253.654
    endloop
  endfacet
  facet normal -0.173646 0.984808 0
    outer loop
      vertex 34.8943 -395.401 251.654
      vertex 34.8943 -395.401 253.654
      vertex 35.3235 -395.325 253.654
    endloop
  endfacet
  facet normal -1.10595e-06 1 0
    outer loop
      vertex 35.3235 -395.325 251.654
      vertex 35.3235 -395.325 253.654
      vertex 35.7593 -395.325 253.654
    endloop
  endfacet
  facet normal 0.173649 0.984808 0
    outer loop
      vertex 35.7593 -395.325 251.654
      vertex 35.7593 -395.325 253.654
      vertex 36.1884 -395.401 253.654
    endloop
  endfacet
  facet normal 0.342018 0.939693 0
    outer loop
      vertex 36.1884 -395.401 251.654
      vertex 36.1884 -395.401 253.654
      vertex 36.5979 -395.55 253.654
    endloop
  endfacet
  facet normal 0.500002 0.866024 0
    outer loop
      vertex 36.5979 -395.55 251.654
      vertex 36.5979 -395.55 253.654
      vertex 36.9753 -395.768 253.654
    endloop
  endfacet
  facet normal 0.642787 0.766045 0
    outer loop
      vertex 36.9753 -395.768 251.654
      vertex 36.9753 -395.768 253.654
      vertex 37.3091 -396.048 253.654
    endloop
  endfacet
  facet normal 0.766045 0.642787 0
    outer loop
      vertex 37.3091 -396.048 251.654
      vertex 37.3091 -396.048 253.654
      vertex 37.5892 -396.382 253.654
    endloop
  endfacet
  facet normal 0.866025 0.500001 0
    outer loop
      vertex 37.5892 -396.382 251.654
      vertex 37.5892 -396.382 253.654
      vertex 37.8071 -396.759 253.654
    endloop
  endfacet
  facet normal 0.939692 0.342022 0
    outer loop
      vertex 37.8071 -396.759 251.654
      vertex 37.8071 -396.759 253.654
      vertex 37.9562 -397.169 253.654
    endloop
  endfacet
  facet normal 0.984808 0.173649 0
    outer loop
      vertex 37.9562 -397.169 251.654
      vertex 37.9562 -397.169 253.654
      vertex 38.0318 -397.598 253.654
    endloop
  endfacet
  facet normal 1 -1.10595e-06 0
    outer loop
      vertex 38.0318 -397.598 251.654
      vertex 38.0318 -397.598 253.654
      vertex 38.0318 -398.034 253.654
    endloop
  endfacet
  facet normal 0.984807 -0.173653 0
    outer loop
      vertex 38.0318 -398.034 251.654
      vertex 38.0318 -398.034 253.654
      vertex 37.9562 -398.463 253.654
    endloop
  endfacet
  facet normal 0.939691 -0.342025 0
    outer loop
      vertex 37.9562 -398.463 251.654
      vertex 37.9562 -398.463 253.654
      vertex 37.8071 -398.872 253.654
    endloop
  endfacet
  facet normal 0.866026 -0.499999 0
    outer loop
      vertex 37.8071 -398.872 251.654
      vertex 37.8071 -398.872 253.654
      vertex 37.5892 -399.25 253.654
    endloop
  endfacet
  facet normal 0.76605 -0.642781 0
    outer loop
      vertex 37.5892 -399.25 251.654
      vertex 37.5892 -399.25 253.654
      vertex 37.3091 -399.583 253.654
    endloop
  endfacet
  facet normal 0.642794 -0.766039 0
    outer loop
      vertex 37.3091 -399.583 251.654
      vertex 37.3091 -399.583 253.654
      vertex 36.9753 -399.863 253.654
    endloop
  endfacet
  facet normal 0.499999 -0.866026 0
    outer loop
      vertex 36.9753 -399.863 251.654
      vertex 36.9753 -399.863 253.654
      vertex 36.5979 -400.081 253.654
    endloop
  endfacet
  facet normal 0.342018 -0.939693 0
    outer loop
      vertex 36.5979 -400.081 251.654
      vertex 36.5979 -400.081 253.654
      vertex 36.1884 -400.23 253.654
    endloop
  endfacet
  facet normal 0.173643 -0.984809 0
    outer loop
      vertex 36.1884 -400.23 251.654
      vertex 36.1884 -400.23 253.654
      vertex 35.7593 -400.306 253.654
    endloop
  endfacet
  facet normal -1.74623e-06 -1 0
    outer loop
      vertex 35.7593 -400.306 251.654
      vertex 35.7593 -400.306 253.654
      vertex 35.3235 -400.306 253.654
    endloop
  endfacet
  facet normal -0.173645 -0.984808 -5.21768e-07
    outer loop
      vertex 35.3235 -400.306 253.654
      vertex 34.8943 -400.23 253.654
      vertex 35.0489 -400.258 251.654
    endloop
  endfacet
  facet normal -0.173644 -0.984808 0
    outer loop
      vertex 34.8943 -400.23 253.654
      vertex 34.8943 -400.23 251.654
      vertex 35.0489 -400.258 251.654
    endloop
  endfacet
  facet normal -0.342019 -0.939693 0
    outer loop
      vertex 34.8943 -400.23 251.654
      vertex 34.8943 -400.23 253.654
      vertex 34.4848 -400.081 253.654
    endloop
  endfacet
  facet normal -0.499999 -0.866026 0
    outer loop
      vertex 34.4848 -400.081 251.654
      vertex 34.4848 -400.081 253.654
      vertex 34.1074 -399.863 253.654
    endloop
  endfacet
  facet normal -0.64279 -0.766043 0
    outer loop
      vertex 34.1074 -399.863 251.654
      vertex 34.1074 -399.863 253.654
      vertex 33.7736 -399.583 253.654
    endloop
  endfacet
  facet normal -0.766043 -0.64279 -0
    outer loop
      vertex 33.7736 -399.583 251.654
      vertex 33.7736 -399.583 253.654
      vertex 33.4935 -399.25 253.654
    endloop
  endfacet
  facet normal -0.866027 -0.499998 -0
    outer loop
      vertex 33.4935 -399.25 251.654
      vertex 33.4935 -399.25 253.654
      vertex 33.2756 -398.872 253.654
    endloop
  endfacet
  facet normal -0.939692 -0.342022 -0
    outer loop
      vertex 33.2756 -398.872 251.654
      vertex 33.2756 -398.872 253.654
      vertex 33.1265 -398.463 253.654
    endloop
  endfacet
  facet normal -0.984807 -0.173652 -0
    outer loop
      vertex 33.0509 -398.034 253.654
      vertex 33.0509 -398.034 251.654
      vertex 33.0993 -398.308 251.654
    endloop
  endfacet
  facet normal -0.984808 -0.173647 -0
    outer loop
      vertex 33.0993 -398.308 251.654
      vertex 33.1265 -398.463 253.654
      vertex 33.0509 -398.034 253.654
    endloop
  endfacet
  facet normal -1 1.22236e-06 -0
    outer loop
      vertex 33.0509 -398.034 251.654
      vertex 33.0509 -398.034 253.654
      vertex 33.0509 -397.598 253.654
    endloop
  endfacet
  facet normal -0.984808 0.173647 -0
    outer loop
      vertex 33.0509 -397.598 251.654
      vertex 33.0509 -397.598 253.654
      vertex 33.1265 -397.169 253.654
    endloop
  endfacet
  facet normal -0.939693 0.342018 -0
    outer loop
      vertex 33.1265 -397.169 251.654
      vertex 33.1265 -397.169 253.654
      vertex 33.2756 -396.759 253.654
    endloop
  endfacet
  facet normal -0.866024 0.500003 -0
    outer loop
      vertex 33.2756 -396.759 251.654
      vertex 33.2756 -396.759 253.654
      vertex 33.4935 -396.382 253.654
    endloop
  endfacet
  facet normal -0.766047 0.642785 -0
    outer loop
      vertex 33.4935 -396.382 251.654
      vertex 33.4935 -396.382 253.654
      vertex 33.7736 -396.048 253.654
    endloop
  endfacet
  facet normal -0.766042 0.642791 -0
    outer loop
      vertex 33.7736 -396.048 253.654
      vertex 33.7736 -396.048 251.654
      vertex 33.4935 -396.382 251.654
    endloop
  endfacet
  facet normal -0.866026 0.499999 -0
    outer loop
      vertex 33.4935 -396.382 253.654
      vertex 33.4935 -396.382 251.654
      vertex 33.2756 -396.759 251.654
    endloop
  endfacet
  facet normal -0.939692 0.342022 -0
    outer loop
      vertex 33.2756 -396.759 253.654
      vertex 33.2756 -396.759 251.654
      vertex 33.1265 -397.169 251.654
    endloop
  endfacet
  facet normal -0.984809 0.173643 -0
    outer loop
      vertex 33.1265 -397.169 253.654
      vertex 33.1265 -397.169 251.654
      vertex 33.0509 -397.598 251.654
    endloop
  endfacet
  facet normal -1 4.13274e-06 -0
    outer loop
      vertex 33.0509 -397.598 253.654
      vertex 33.0509 -397.598 251.654
      vertex 33.0509 -398.034 251.654
    endloop
  endfacet
  facet normal -0.984808 -0.173644 -0
    outer loop
      vertex 33.0993 -398.308 251.654
      vertex 33.1265 -398.463 251.654
      vertex 33.1265 -398.463 253.654
    endloop
  endfacet
  facet normal -0.939692 -0.342022 -0
    outer loop
      vertex 33.1265 -398.463 253.654
      vertex 33.1265 -398.463 251.654
      vertex 33.2756 -398.872 251.654
    endloop
  endfacet
  facet normal -0.866026 -0.499999 -0
    outer loop
      vertex 33.2756 -398.872 253.654
      vertex 33.2756 -398.872 251.654
      vertex 33.4935 -399.25 251.654
    endloop
  endfacet
  facet normal -0.766042 -0.64279 -0
    outer loop
      vertex 33.4935 -399.25 253.654
      vertex 33.4935 -399.25 251.654
      vertex 33.7736 -399.583 251.654
    endloop
  endfacet
  facet normal -0.64279 -0.766043 0
    outer loop
      vertex 33.7736 -399.583 253.654
      vertex 33.7736 -399.583 251.654
      vertex 34.1074 -399.863 251.654
    endloop
  endfacet
  facet normal -0.499998 -0.866027 0
    outer loop
      vertex 34.1074 -399.863 253.654
      vertex 34.1074 -399.863 251.654
      vertex 34.4848 -400.081 251.654
    endloop
  endfacet
  facet normal -0.342025 -0.939691 0
    outer loop
      vertex 34.4848 -400.081 253.654
      vertex 34.4848 -400.081 251.654
      vertex 34.8943 -400.23 251.654
    endloop
  endfacet
  facet normal -0.173659 -0.984806 0
    outer loop
      vertex 35.0489 -400.258 251.654
      vertex 35.3235 -400.306 251.654
      vertex 35.3235 -400.306 253.654
    endloop
  endfacet
  facet normal 4.13274e-06 -1 0
    outer loop
      vertex 35.3235 -400.306 253.654
      vertex 35.3235 -400.306 251.654
      vertex 35.7593 -400.306 251.654
    endloop
  endfacet
  facet normal 0.17365 -0.984807 0
    outer loop
      vertex 35.7593 -400.306 253.654
      vertex 35.7593 -400.306 251.654
      vertex 36.1884 -400.23 251.654
    endloop
  endfacet
  facet normal 0.342025 -0.939691 0
    outer loop
      vertex 36.1884 -400.23 253.654
      vertex 36.1884 -400.23 251.654
      vertex 36.5979 -400.081 251.654
    endloop
  endfacet
  facet normal 0.499999 -0.866026 0
    outer loop
      vertex 36.5979 -400.081 253.654
      vertex 36.5979 -400.081 251.654
      vertex 36.9753 -399.863 251.654
    endloop
  endfacet
  facet normal 0.642782 -0.76605 0
    outer loop
      vertex 36.9753 -399.863 253.654
      vertex 36.9753 -399.863 251.654
      vertex 37.3091 -399.583 251.654
    endloop
  endfacet
  facet normal 0.766039 -0.642794 0
    outer loop
      vertex 37.3091 -399.583 253.654
      vertex 37.3091 -399.583 251.654
      vertex 37.5892 -399.25 251.654
    endloop
  endfacet
  facet normal 0.866026 -0.499999 0
    outer loop
      vertex 37.5892 -399.25 253.654
      vertex 37.5892 -399.25 251.654
      vertex 37.8071 -398.872 251.654
    endloop
  endfacet
  facet normal 0.939693 -0.342018 0
    outer loop
      vertex 37.8071 -398.872 253.654
      vertex 37.8071 -398.872 251.654
      vertex 37.9562 -398.463 251.654
    endloop
  endfacet
  facet normal 0.984808 -0.173646 0
    outer loop
      vertex 37.9562 -398.463 253.654
      vertex 37.9562 -398.463 251.654
      vertex 38.0318 -398.034 251.654
    endloop
  endfacet
  facet normal 1 4.77303e-06 0
    outer loop
      vertex 38.0318 -398.034 253.654
      vertex 38.0318 -398.034 251.654
      vertex 38.0318 -397.598 251.654
    endloop
  endfacet
  facet normal 0.984808 0.173649 0
    outer loop
      vertex 38.0318 -397.598 253.654
      vertex 38.0318 -397.598 251.654
      vertex 37.9562 -397.169 251.654
    endloop
  endfacet
  facet normal 0.939694 0.342015 0
    outer loop
      vertex 37.9562 -397.169 253.654
      vertex 37.9562 -397.169 251.654
      vertex 37.8071 -396.759 251.654
    endloop
  endfacet
  facet normal 0.866024 0.500003 0
    outer loop
      vertex 37.8071 -396.759 253.654
      vertex 37.8071 -396.759 251.654
      vertex 37.5892 -396.382 251.654
    endloop
  endfacet
  facet normal 0.766045 0.642787 0
    outer loop
      vertex 37.5892 -396.382 253.654
      vertex 37.5892 -396.382 251.654
      vertex 37.3091 -396.048 251.654
    endloop
  endfacet
  facet normal 0.642787 0.766045 0
    outer loop
      vertex 37.3091 -396.048 253.654
      vertex 37.3091 -396.048 251.654
      vertex 36.9753 -395.768 251.654
    endloop
  endfacet
  facet normal 0.500001 0.866025 0
    outer loop
      vertex 36.9753 -395.768 253.654
      vertex 36.9753 -395.768 251.654
      vertex 36.5979 -395.55 251.654
    endloop
  endfacet
  facet normal 0.342018 0.939693 0
    outer loop
      vertex 36.5979 -395.55 253.654
      vertex 36.5979 -395.55 251.654
      vertex 36.1884 -395.401 251.654
    endloop
  endfacet
  facet normal 0.173647 0.984808 0
    outer loop
      vertex 36.1884 -395.401 253.654
      vertex 36.1884 -395.401 251.654
      vertex 35.7593 -395.325 251.654
    endloop
  endfacet
  facet normal 1.80444e-06 1 0
    outer loop
      vertex 35.7593 -395.325 253.654
      vertex 35.7593 -395.325 251.654
      vertex 35.3235 -395.325 251.654
    endloop
  endfacet
  facet normal -0.173649 0.984808 0
    outer loop
      vertex 35.3235 -395.325 253.654
      vertex 35.3235 -395.325 251.654
      vertex 34.8943 -395.401 251.654
    endloop
  endfacet
  facet normal -0.342018 0.939693 0
    outer loop
      vertex 34.8943 -395.401 253.654
      vertex 34.8943 -395.401 251.654
      vertex 34.4848 -395.55 251.654
    endloop
  endfacet
  facet normal -0.500003 0.866024 0
    outer loop
      vertex 34.4848 -395.55 253.654
      vertex 34.4848 -395.55 251.654
      vertex 34.1074 -395.768 251.654
    endloop
  endfacet
  facet normal -0.642784 0.766047 0
    outer loop
      vertex 34.1074 -395.768 253.654
      vertex 34.1074 -395.768 251.654
      vertex 33.7736 -396.048 251.654
    endloop
  endfacet
  facet normal 0.642783 -0.766048 0
    outer loop
      vertex 10.5533 -372.422 253.654
      vertex 10.333 -372.607 253.654
      vertex 10.333 -372.607 249.254
    endloop
  endfacet
  facet normal 0.499991 -0.866031 0
    outer loop
      vertex 10.8024 -372.279 253.654
      vertex 10.5533 -372.422 253.654
      vertex 10.5533 -372.422 249.254
    endloop
  endfacet
  facet normal 0.342027 -0.93969 0
    outer loop
      vertex 11.0727 -372.18 253.654
      vertex 10.8024 -372.279 253.654
      vertex 10.8024 -372.279 249.254
    endloop
  endfacet
  facet normal 0.173648 -0.984808 0
    outer loop
      vertex 11.3559 -372.13 253.654
      vertex 11.0727 -372.18 253.654
      vertex 11.0727 -372.18 249.254
    endloop
  endfacet
  facet normal 0 -1 0
    outer loop
      vertex 11.6435 -372.13 253.654
      vertex 11.3559 -372.13 253.654
      vertex 11.3559 -372.13 249.254
    endloop
  endfacet
  facet normal -0.173646 -0.984808 0
    outer loop
      vertex 11.9268 -372.18 253.654
      vertex 11.6435 -372.13 253.654
      vertex 11.6435 -372.13 249.254
    endloop
  endfacet
  facet normal -0.342022 -0.939692 0
    outer loop
      vertex 12.197 -372.279 253.654
      vertex 11.9268 -372.18 253.654
      vertex 11.9268 -372.18 249.254
    endloop
  endfacet
  facet normal -0.499997 -0.866027 0
    outer loop
      vertex 12.4461 -372.422 253.654
      vertex 12.197 -372.279 253.654
      vertex 12.197 -372.279 249.254
    endloop
  endfacet
  facet normal -0.642786 -0.766045 0
    outer loop
      vertex 12.6665 -372.607 253.654
      vertex 12.4461 -372.422 253.654
      vertex 12.4461 -372.422 249.254
    endloop
  endfacet
  facet normal -0.766045 -0.642787 -0
    outer loop
      vertex 12.8513 -372.828 253.654
      vertex 12.6665 -372.607 253.654
      vertex 12.6665 -372.607 249.254
    endloop
  endfacet
  facet normal -0.866026 -0.5 -0
    outer loop
      vertex 12.9951 -373.077 253.654
      vertex 12.8513 -372.828 253.654
      vertex 12.8513 -372.828 249.254
    endloop
  endfacet
  facet normal -0.939693 -0.342018 -0
    outer loop
      vertex 13.0935 -373.347 253.654
      vertex 12.9951 -373.077 253.654
      vertex 12.9951 -373.077 249.254
    endloop
  endfacet
  facet normal -0.984808 -0.173646 -0
    outer loop
      vertex 13.1434 -373.63 253.654
      vertex 13.0935 -373.347 253.654
      vertex 13.0935 -373.347 249.254
    endloop
  endfacet
  facet normal -1 0 -0
    outer loop
      vertex 13.1434 -373.918 253.654
      vertex 13.1434 -373.63 253.654
      vertex 13.1434 -373.63 249.254
    endloop
  endfacet
  facet normal -0.984806 0.173658 -0
    outer loop
      vertex 13.0935 -374.201 253.654
      vertex 13.1434 -373.918 253.654
      vertex 13.1434 -373.918 249.254
    endloop
  endfacet
  facet normal -0.93969 0.342027 -0
    outer loop
      vertex 12.9951 -374.471 253.654
      vertex 13.0935 -374.201 253.654
      vertex 13.0935 -374.201 249.254
    endloop
  endfacet
  facet normal -0.866025 0.500001 -0
    outer loop
      vertex 12.8513 -374.72 253.654
      vertex 12.9951 -374.471 253.654
      vertex 12.9951 -374.471 249.254
    endloop
  endfacet
  facet normal -0.766041 0.642792 -0
    outer loop
      vertex 12.6665 -374.941 253.654
      vertex 12.8513 -374.72 253.654
      vertex 12.8513 -374.72 249.254
    endloop
  endfacet
  facet normal -0.642783 0.766048 0
    outer loop
      vertex 12.4461 -375.126 253.654
      vertex 12.6665 -374.941 253.654
      vertex 12.6665 -374.941 249.254
    endloop
  endfacet
  facet normal -0.500001 0.866025 0
    outer loop
      vertex 12.1971 -375.269 253.654
      vertex 12.4461 -375.126 253.654
      vertex 12.4461 -375.126 249.254
    endloop
  endfacet
  facet normal -0.34202 0.939693 0
    outer loop
      vertex 11.9268 -375.368 253.654
      vertex 12.1971 -375.269 253.654
      vertex 12.1971 -375.269 249.254
    endloop
  endfacet
  facet normal -0.173635 0.98481 0
    outer loop
      vertex 11.6435 -375.418 253.654
      vertex 11.9268 -375.368 253.654
      vertex 11.9268 -375.368 249.254
    endloop
  endfacet
  facet normal 3.60887e-06 1 0
    outer loop
      vertex 11.3559 -375.418 253.654
      vertex 11.6435 -375.418 253.654
      vertex 11.6435 -375.418 249.254
    endloop
  endfacet
  facet normal 0.173646 0.984808 0
    outer loop
      vertex 11.0727 -375.368 253.654
      vertex 11.3559 -375.418 253.654
      vertex 11.3559 -375.418 249.254
    endloop
  endfacet
  facet normal 0.342027 0.93969 0
    outer loop
      vertex 10.8024 -375.269 253.654
      vertex 11.0727 -375.368 253.654
      vertex 11.0727 -375.368 249.254
    endloop
  endfacet
  facet normal 0.500003 0.866024 0
    outer loop
      vertex 10.5533 -375.126 253.654
      vertex 10.8024 -375.269 253.654
      vertex 10.8024 -375.269 249.254
    endloop
  endfacet
  facet normal 0.642786 0.766045 0
    outer loop
      vertex 10.333 -374.941 253.654
      vertex 10.5533 -375.126 253.654
      vertex 10.5533 -375.126 249.254
    endloop
  endfacet
  facet normal 0.766045 0.642787 0
    outer loop
      vertex 10.1481 -374.72 253.654
      vertex 10.333 -374.941 253.654
      vertex 10.333 -374.941 249.254
    endloop
  endfacet
  facet normal 0.866022 0.500005 0
    outer loop
      vertex 10.0043 -374.471 253.654
      vertex 10.1481 -374.72 253.654
      vertex 10.1481 -374.72 249.254
    endloop
  endfacet
  facet normal 0.939693 0.342018 0
    outer loop
      vertex 9.90595 -374.201 253.654
      vertex 10.0043 -374.471 253.654
      vertex 10.0043 -374.471 249.254
    endloop
  endfacet
  facet normal 0.984807 0.173652 0
    outer loop
      vertex 9.85601 -373.918 253.654
      vertex 9.90595 -374.201 253.654
      vertex 9.90595 -374.201 249.254
    endloop
  endfacet
  facet normal 1 -4.5402e-06 0
    outer loop
      vertex 9.85601 -373.63 253.654
      vertex 9.85601 -373.918 253.654
      vertex 9.85601 -373.918 249.254
    endloop
  endfacet
  facet normal 0.984808 -0.173645 0
    outer loop
      vertex 9.90595 -373.347 253.654
      vertex 9.85601 -373.63 253.654
      vertex 9.85601 -373.63 249.254
    endloop
  endfacet
  facet normal 0.939693 -0.34202 0
    outer loop
      vertex 10.0043 -373.077 253.654
      vertex 9.90595 -373.347 253.654
      vertex 9.90595 -373.347 249.254
    endloop
  endfacet
  facet normal 0.866025 -0.500001 0
    outer loop
      vertex 10.1481 -372.828 253.654
      vertex 10.0043 -373.077 253.654
      vertex 10.0043 -373.077 249.254
    endloop
  endfacet
  facet normal 0.766041 -0.642792 0
    outer loop
      vertex 10.333 -372.607 253.654
      vertex 10.1481 -372.828 253.654
      vertex 10.1481 -372.828 249.254
    endloop
  endfacet
  facet normal 0.766048 -0.642783 0
    outer loop
      vertex 10.1481 -372.828 249.254
      vertex 10.333 -372.607 249.254
      vertex 10.333 -372.607 253.654
    endloop
  endfacet
  facet normal 0.866031 -0.499991 0
    outer loop
      vertex 10.0043 -373.077 249.254
      vertex 10.1481 -372.828 249.254
      vertex 10.1481 -372.828 253.654
    endloop
  endfacet
  facet normal 0.939689 -0.34203 0
    outer loop
      vertex 9.90595 -373.347 249.254
      vertex 10.0043 -373.077 249.254
      vertex 10.0043 -373.077 253.654
    endloop
  endfacet
  facet normal 0.984808 -0.173645 0
    outer loop
      vertex 9.85601 -373.63 249.254
      vertex 9.90595 -373.347 249.254
      vertex 9.90595 -373.347 253.654
    endloop
  endfacet
  facet normal 1 -4.5402e-06 0
    outer loop
      vertex 9.85601 -373.918 249.254
      vertex 9.85601 -373.63 249.254
      vertex 9.85601 -373.63 253.654
    endloop
  endfacet
  facet normal 0.984808 0.173646 0
    outer loop
      vertex 9.90595 -374.201 249.254
      vertex 9.85601 -373.918 249.254
      vertex 9.85601 -373.918 253.654
    endloop
  endfacet
  facet normal 0.939692 0.342022 0
    outer loop
      vertex 10.0043 -374.471 249.254
      vertex 9.90595 -374.201 249.254
      vertex 9.90595 -374.201 253.654
    endloop
  endfacet
  facet normal 0.866024 0.500003 0
    outer loop
      vertex 10.1481 -374.72 249.254
      vertex 10.0043 -374.471 249.254
      vertex 10.0043 -374.471 253.654
    endloop
  endfacet
  facet normal 0.766045 0.642786 0
    outer loop
      vertex 10.333 -374.941 249.254
      vertex 10.1481 -374.72 249.254
      vertex 10.1481 -374.72 253.654
    endloop
  endfacet
  facet normal 0.642787 0.766045 0
    outer loop
      vertex 10.5533 -375.126 249.254
      vertex 10.333 -374.941 249.254
      vertex 10.333 -374.941 253.654
    endloop
  endfacet
  facet normal 0.500005 0.866022 0
    outer loop
      vertex 10.8024 -375.269 249.254
      vertex 10.5533 -375.126 249.254
      vertex 10.5533 -375.126 253.654
    endloop
  endfacet
  facet normal 0.342018 0.939693 0
    outer loop
      vertex 11.0727 -375.368 249.254
      vertex 10.8024 -375.269 249.254
      vertex 10.8024 -375.269 253.654
    endloop
  endfacet
  facet normal 0.173646 0.984808 0
    outer loop
      vertex 11.3559 -375.418 249.254
      vertex 11.0727 -375.368 249.254
      vertex 11.0727 -375.368 253.654
    endloop
  endfacet
  facet normal -4.5402e-06 1 0
    outer loop
      vertex 11.6435 -375.418 249.254
      vertex 11.3559 -375.418 249.254
      vertex 11.3559 -375.418 253.654
    endloop
  endfacet
  facet normal -0.173654 0.984807 0
    outer loop
      vertex 11.9268 -375.368 249.254
      vertex 11.6435 -375.418 249.254
      vertex 11.6435 -375.418 253.654
    endloop
  endfacet
  facet normal -0.34203 0.939689 0
    outer loop
      vertex 12.1971 -375.269 249.254
      vertex 11.9268 -375.368 249.254
      vertex 11.9268 -375.368 253.654
    endloop
  endfacet
  facet normal -0.500001 0.866025 0
    outer loop
      vertex 12.4461 -375.126 249.254
      vertex 12.1971 -375.269 249.254
      vertex 12.1971 -375.269 253.654
    endloop
  endfacet
  facet normal -0.642792 0.766041 0
    outer loop
      vertex 12.6665 -374.941 249.254
      vertex 12.4461 -375.126 249.254
      vertex 12.4461 -375.126 253.654
    endloop
  endfacet
  facet normal -0.766048 0.642783 -0
    outer loop
      vertex 12.8513 -374.72 249.254
      vertex 12.6665 -374.941 249.254
      vertex 12.6665 -374.941 253.654
    endloop
  endfacet
  facet normal -0.866025 0.500001 -0
    outer loop
      vertex 12.9951 -374.471 249.254
      vertex 12.8513 -374.72 249.254
      vertex 12.8513 -374.72 253.654
    endloop
  endfacet
  facet normal -0.939694 0.342017 -0
    outer loop
      vertex 13.0935 -374.201 249.254
      vertex 12.9951 -374.471 249.254
      vertex 12.9951 -374.471 253.654
    endloop
  endfacet
  facet normal -0.984809 0.173639 -0
    outer loop
      vertex 13.1434 -373.918 249.254
      vertex 13.0935 -374.201 249.254
      vertex 13.0935 -374.201 253.654
    endloop
  endfacet
  facet normal -1 -8.20728e-06 -0
    outer loop
      vertex 13.1434 -373.63 249.254
      vertex 13.1434 -373.918 249.254
      vertex 13.1434 -373.918 253.654
    endloop
  endfacet
  facet normal -0.984808 -0.173646 -0
    outer loop
      vertex 13.0935 -373.347 249.254
      vertex 13.1434 -373.63 249.254
      vertex 13.1434 -373.63 253.654
    endloop
  endfacet
  facet normal -0.93969 -0.342027 -0
    outer loop
      vertex 12.9951 -373.077 249.254
      vertex 13.0935 -373.347 249.254
      vertex 13.0935 -373.347 253.654
    endloop
  endfacet
  facet normal -0.866027 -0.499997 -0
    outer loop
      vertex 12.8513 -372.828 249.254
      vertex 12.9951 -373.077 249.254
      vertex 12.9951 -373.077 253.654
    endloop
  endfacet
  facet normal -0.766045 -0.642786 -0
    outer loop
      vertex 12.6665 -372.607 249.254
      vertex 12.8513 -372.828 249.254
      vertex 12.8513 -372.828 253.654
    endloop
  endfacet
  facet normal -0.642787 -0.766045 0
    outer loop
      vertex 12.4461 -372.422 249.254
      vertex 12.6665 -372.607 249.254
      vertex 12.6665 -372.607 253.654
    endloop
  endfacet
  facet normal -0.5 -0.866026 0
    outer loop
      vertex 12.197 -372.279 249.254
      vertex 12.4461 -372.422 249.254
      vertex 12.4461 -372.422 253.654
    endloop
  endfacet
  facet normal -0.342018 -0.939693 0
    outer loop
      vertex 11.9268 -372.18 249.254
      vertex 12.197 -372.279 249.254
      vertex 12.197 -372.279 253.654
    endloop
  endfacet
  facet normal -0.173652 -0.984807 0
    outer loop
      vertex 11.6435 -372.13 249.254
      vertex 11.9268 -372.18 249.254
      vertex 11.9268 -372.18 253.654
    endloop
  endfacet
  facet normal -5.82077e-08 -1 0
    outer loop
      vertex 11.3559 -372.13 249.254
      vertex 11.6435 -372.13 249.254
      vertex 11.6435 -372.13 253.654
    endloop
  endfacet
  facet normal 0.173648 -0.984808 0
    outer loop
      vertex 11.0727 -372.18 249.254
      vertex 11.3559 -372.13 249.254
      vertex 11.3559 -372.13 253.654
    endloop
  endfacet
  facet normal 0.342017 -0.939694 0
    outer loop
      vertex 10.8024 -372.279 249.254
      vertex 11.0727 -372.18 249.254
      vertex 11.0727 -372.18 253.654
    endloop
  endfacet
  facet normal 0.500001 -0.866025 0
    outer loop
      vertex 10.5533 -372.422 249.254
      vertex 10.8024 -372.279 249.254
      vertex 10.8024 -372.279 253.654
    endloop
  endfacet
  facet normal 0.642792 -0.766041 0
    outer loop
      vertex 10.333 -372.607 249.254
      vertex 10.5533 -372.422 249.254
      vertex 10.5533 -372.422 253.654
    endloop
  endfacet
  facet normal 0 0 1
    outer loop
      vertex 12.5563 -371.508 253.654
      vertex 12.1468 -371.359 253.654
      vertex 11.9268 -372.18 253.654
    endloop
  endfacet
  facet normal 0 0 1
    outer loop
      vertex 12.1468 -371.359 253.654
      vertex 11.7176 -371.284 253.654
      vertex 11.6435 -372.13 253.654
    endloop
  endfacet
  facet normal 0 0 1
    outer loop
      vertex 11.7176 -371.284 253.654
      vertex 11.2818 -371.284 253.654
      vertex 11.3559 -372.13 253.654
    endloop
  endfacet
  facet normal 0 0 1
    outer loop
      vertex 11.2818 -371.284 253.654
      vertex 10.8527 -371.359 253.654
      vertex 11.0727 -372.18 253.654
    endloop
  endfacet
  facet normal -2.17853e-07 2.17853e-07 1
    outer loop
      vertex 9.23396 -372.717 253.654
      vertex 9.08492 -373.127 253.654
      vertex 9.90595 -373.347 253.654
    endloop
  endfacet
  facet normal 0 0 1
    outer loop
      vertex 9.08492 -373.127 253.654
      vertex 9.00924 -373.556 253.654
      vertex 9.85601 -373.63 253.654
    endloop
  endfacet
  facet normal -1.65042e-07 1.65042e-07 1
    outer loop
      vertex 13.2675 -372.006 253.654
      vertex 12.6665 -372.607 253.654
      vertex 12.8513 -372.828 253.654
    endloop
  endfacet
  facet normal -4.35708e-07 4.35708e-07 1
    outer loop
      vertex 13.2675 -372.006 253.654
      vertex 12.9337 -371.726 253.654
      vertex 12.4461 -372.422 253.654
    endloop
  endfacet
  facet normal 0 0 1
    outer loop
      vertex 12.9337 -371.726 253.654
      vertex 12.5563 -371.508 253.654
      vertex 12.197 -372.279 253.654
    endloop
  endfacet
  facet normal 0 0 1
    outer loop
      vertex 11.6435 -372.13 253.654
      vertex 11.9268 -372.18 253.654
      vertex 12.1468 -371.359 253.654
    endloop
  endfacet
  facet normal 0 0 1
    outer loop
      vertex 11.0727 -372.18 253.654
      vertex 11.3559 -372.13 253.654
      vertex 11.2818 -371.284 253.654
    endloop
  endfacet
  facet normal 0 0 1
    outer loop
      vertex 10.8527 -371.359 253.654
      vertex 10.4432 -371.508 253.654
      vertex 10.8024 -372.279 253.654
    endloop
  endfacet
  facet normal 0 0 1
    outer loop
      vertex 9.85601 -373.63 253.654
      vertex 9.90595 -373.347 253.654
      vertex 9.08492 -373.127 253.654
    endloop
  endfacet
  facet normal 0 0 1
    outer loop
      vertex 9.00924 -373.556 253.654
      vertex 9.00924 -373.992 253.654
      vertex 9.85601 -373.918 253.654
    endloop
  endfacet
  facet normal 0 0 1
    outer loop
      vertex 9.00924 -373.992 253.654
      vertex 9.08492 -374.421 253.654
      vertex 9.90595 -374.201 253.654
    endloop
  endfacet
  facet normal 0 0 1
    outer loop
      vertex 9.08492 -374.421 253.654
      vertex 9.23396 -374.831 253.654
      vertex 10.0043 -374.471 253.654
    endloop
  endfacet
  facet normal 8.25202e-08 -8.25202e-08 1
    outer loop
      vertex 13.5476 -372.34 253.654
      vertex 12.8513 -372.828 253.654
      vertex 12.9951 -373.077 253.654
    endloop
  endfacet
  facet normal 0 0 1
    outer loop
      vertex 12.4461 -372.422 253.654
      vertex 12.6665 -372.607 253.654
      vertex 13.2675 -372.006 253.654
    endloop
  endfacet
  facet normal 0 0 1
    outer loop
      vertex 11.9268 -372.18 253.654
      vertex 12.197 -372.279 253.654
      vertex 12.5563 -371.508 253.654
    endloop
  endfacet
  facet normal 0 0 1
    outer loop
      vertex 10.8024 -372.279 253.654
      vertex 11.0727 -372.18 253.654
      vertex 10.8527 -371.359 253.654
    endloop
  endfacet
  facet normal 0 0 1
    outer loop
      vertex 10.0658 -371.726 253.654
      vertex 9.73196 -372.006 253.654
      vertex 10.333 -372.607 253.654
    endloop
  endfacet
  facet normal 1.08927e-07 -1.08927e-07 1
    outer loop
      vertex 9.73196 -372.006 253.654
      vertex 9.45185 -372.34 253.654
      vertex 10.1481 -372.828 253.654
    endloop
  endfacet
  facet normal 0 0 1
    outer loop
      vertex 9.85601 -373.918 253.654
      vertex 9.85601 -373.63 253.654
      vertex 9.00924 -373.556 253.654
    endloop
  endfacet
  facet normal 0 0 1
    outer loop
      vertex 10.0043 -374.471 253.654
      vertex 9.90595 -374.201 253.654
      vertex 9.08492 -374.421 253.654
    endloop
  endfacet
  facet normal -3.30082e-07 3.30082e-07 1
    outer loop
      vertex 10.8527 -376.189 253.654
      vertex 11.0727 -375.368 253.654
      vertex 10.8024 -375.269 253.654
    endloop
  endfacet
  facet normal -3.30083e-07 3.30083e-07 1
    outer loop
      vertex 11.2818 -376.264 253.654
      vertex 11.3559 -375.418 253.654
      vertex 11.0727 -375.368 253.654
    endloop
  endfacet
  facet normal 2.99548e-07 -2.99548e-07 1
    outer loop
      vertex 12.8513 -372.828 253.654
      vertex 13.5476 -372.34 253.654
      vertex 13.2675 -372.006 253.654
    endloop
  endfacet
  facet normal 0 0 1
    outer loop
      vertex 11.3559 -372.13 253.654
      vertex 11.6435 -372.13 253.654
      vertex 11.7176 -371.284 253.654
    endloop
  endfacet
  facet normal 0 0 1
    outer loop
      vertex 10.4432 -371.508 253.654
      vertex 10.0658 -371.726 253.654
      vertex 10.5533 -372.422 253.654
    endloop
  endfacet
  facet normal 0 0 1
    outer loop
      vertex 10.1481 -372.828 253.654
      vertex 10.333 -372.607 253.654
      vertex 9.73196 -372.006 253.654
    endloop
  endfacet
  facet normal 0 0 1
    outer loop
      vertex 9.45185 -372.34 253.654
      vertex 9.23396 -372.717 253.654
      vertex 10.0043 -373.077 253.654
    endloop
  endfacet
  facet normal 0 0 1
    outer loop
      vertex 9.90595 -374.201 253.654
      vertex 9.85601 -373.918 253.654
      vertex 9.00924 -373.992 253.654
    endloop
  endfacet
  facet normal 2.17854e-07 -2.17854e-07 1
    outer loop
      vertex 11.0727 -375.368 253.654
      vertex 10.8527 -376.189 253.654
      vertex 11.2818 -376.264 253.654
    endloop
  endfacet
  facet normal 0 0 1
    outer loop
      vertex 11.7176 -376.264 253.654
      vertex 11.6435 -375.418 253.654
      vertex 11.3559 -375.418 253.654
    endloop
  endfacet
  facet normal 0 0 1
    outer loop
      vertex 12.1468 -376.189 253.654
      vertex 11.9268 -375.368 253.654
      vertex 11.6435 -375.418 253.654
    endloop
  endfacet
  facet normal 0 0 1
    outer loop
      vertex 12.5563 -376.04 253.654
      vertex 12.1971 -375.269 253.654
      vertex 11.9268 -375.368 253.654
    endloop
  endfacet
  facet normal 0 0 1
    outer loop
      vertex 13.9145 -374.421 253.654
      vertex 13.0935 -374.201 253.654
      vertex 12.9951 -374.471 253.654
    endloop
  endfacet
  facet normal 1.6504e-07 -1.6504e-07 1
    outer loop
      vertex 13.9902 -373.992 253.654
      vertex 13.1434 -373.918 253.654
      vertex 13.0935 -374.201 253.654
    endloop
  endfacet
  facet normal 0 0 1
    outer loop
      vertex 12.197 -372.279 253.654
      vertex 12.4461 -372.422 253.654
      vertex 12.9337 -371.726 253.654
    endloop
  endfacet
  facet normal 0 0 1
    outer loop
      vertex 10.333 -372.607 253.654
      vertex 10.5533 -372.422 253.654
      vertex 10.0658 -371.726 253.654
    endloop
  endfacet
  facet normal 0 0 1
    outer loop
      vertex 9.90595 -373.347 253.654
      vertex 10.0043 -373.077 253.654
      vertex 9.23396 -372.717 253.654
    endloop
  endfacet
  facet normal 0 0 1
    outer loop
      vertex 9.23396 -374.831 253.654
      vertex 9.45185 -375.208 253.654
      vertex 10.1481 -374.72 253.654
    endloop
  endfacet
  facet normal 0 0 1
    outer loop
      vertex 11.3559 -375.418 253.654
      vertex 11.2818 -376.264 253.654
      vertex 11.7176 -376.264 253.654
    endloop
  endfacet
  facet normal 2.17854e-07 -2.17854e-07 1
    outer loop
      vertex 11.9268 -375.368 253.654
      vertex 12.1468 -376.189 253.654
      vertex 12.5563 -376.04 253.654
    endloop
  endfacet
  facet normal 0 0 1
    outer loop
      vertex 13.7655 -374.831 253.654
      vertex 12.9951 -374.471 253.654
      vertex 12.8513 -374.72 253.654
    endloop
  endfacet
  facet normal 0 0 1
    outer loop
      vertex 13.0935 -374.201 253.654
      vertex 13.9145 -374.421 253.654
      vertex 13.9902 -373.992 253.654
    endloop
  endfacet
  facet normal 0 0 1
    outer loop
      vertex 10.5533 -372.422 253.654
      vertex 10.8024 -372.279 253.654
      vertex 10.4432 -371.508 253.654
    endloop
  endfacet
  facet normal 6.60164e-07 -6.60164e-07 1
    outer loop
      vertex 10.1481 -374.72 253.654
      vertex 10.0043 -374.471 253.654
      vertex 9.23396 -374.831 253.654
    endloop
  endfacet
  facet normal 1.65041e-07 -1.65041e-07 1
    outer loop
      vertex 9.73196 -375.542 253.654
      vertex 10.333 -374.941 253.654
      vertex 10.1481 -374.72 253.654
    endloop
  endfacet
  facet normal 0 0 1
    outer loop
      vertex 9.73196 -375.542 253.654
      vertex 10.0658 -375.822 253.654
      vertex 10.5533 -375.126 253.654
    endloop
  endfacet
  facet normal -4.12602e-07 4.12602e-07 1
    outer loop
      vertex 10.4432 -376.04 253.654
      vertex 10.8024 -375.269 253.654
      vertex 10.5533 -375.126 253.654
    endloop
  endfacet
  facet normal 0 0 1
    outer loop
      vertex 11.6435 -375.418 253.654
      vertex 11.7176 -376.264 253.654
      vertex 12.1468 -376.189 253.654
    endloop
  endfacet
  facet normal 0 0 1
    outer loop
      vertex 12.9951 -374.471 253.654
      vertex 13.7655 -374.831 253.654
      vertex 13.9145 -374.421 253.654
    endloop
  endfacet
  facet normal 1.65042e-07 -1.65042e-07 1
    outer loop
      vertex 13.9902 -373.556 253.654
      vertex 13.1434 -373.63 253.654
      vertex 13.1434 -373.918 253.654
    endloop
  endfacet
  facet normal 3.30083e-07 -3.30083e-07 1
    outer loop
      vertex 13.9145 -373.127 253.654
      vertex 13.0935 -373.347 253.654
      vertex 13.1434 -373.63 253.654
    endloop
  endfacet
  facet normal 0 0 1
    outer loop
      vertex 13.9145 -373.127 253.654
      vertex 13.7655 -372.717 253.654
      vertex 12.9951 -373.077 253.654
    endloop
  endfacet
  facet normal 0 0 1
    outer loop
      vertex 10.0043 -373.077 253.654
      vertex 10.1481 -372.828 253.654
      vertex 9.45185 -372.34 253.654
    endloop
  endfacet
  facet normal 0 0 1
    outer loop
      vertex 10.5533 -375.126 253.654
      vertex 10.333 -374.941 253.654
      vertex 9.73196 -375.542 253.654
    endloop
  endfacet
  facet normal 2.17854e-07 -2.17854e-07 1
    outer loop
      vertex 10.8024 -375.269 253.654
      vertex 10.4432 -376.04 253.654
      vertex 10.8527 -376.189 253.654
    endloop
  endfacet
  facet normal 0 0 1
    outer loop
      vertex 12.9337 -375.822 253.654
      vertex 12.4461 -375.126 253.654
      vertex 12.1971 -375.269 253.654
    endloop
  endfacet
  facet normal 0 0 1
    outer loop
      vertex 13.1434 -373.918 253.654
      vertex 13.9902 -373.992 253.654
      vertex 13.9902 -373.556 253.654
    endloop
  endfacet
  facet normal 0 0 1
    outer loop
      vertex 12.9951 -373.077 253.654
      vertex 13.0935 -373.347 253.654
      vertex 13.9145 -373.127 253.654
    endloop
  endfacet
  facet normal -1.90624e-07 1.90624e-07 1
    outer loop
      vertex 10.1481 -374.72 253.654
      vertex 9.45185 -375.208 253.654
      vertex 9.73196 -375.542 253.654
    endloop
  endfacet
  facet normal 0 0 1
    outer loop
      vertex 12.1971 -375.269 253.654
      vertex 12.5563 -376.04 253.654
      vertex 12.9337 -375.822 253.654
    endloop
  endfacet
  facet normal 0 0 1
    outer loop
      vertex 13.5476 -375.208 253.654
      vertex 12.8513 -374.72 253.654
      vertex 12.6665 -374.941 253.654
    endloop
  endfacet
  facet normal -2.17853e-07 2.17853e-07 1
    outer loop
      vertex 13.1434 -373.63 253.654
      vertex 13.9902 -373.556 253.654
      vertex 13.9145 -373.127 253.654
    endloop
  endfacet
  facet normal 1.08927e-07 -1.08927e-07 1
    outer loop
      vertex 10.5533 -375.126 253.654
      vertex 10.0658 -375.822 253.654
      vertex 10.4432 -376.04 253.654
    endloop
  endfacet
  facet normal 0 0 1
    outer loop
      vertex 13.2675 -375.542 253.654
      vertex 12.6665 -374.941 253.654
      vertex 12.4461 -375.126 253.654
    endloop
  endfacet
  facet normal 0 0 1
    outer loop
      vertex 12.8513 -374.72 253.654
      vertex 13.5476 -375.208 253.654
      vertex 13.7655 -374.831 253.654
    endloop
  endfacet
  facet normal 0 0 1
    outer loop
      vertex 12.4461 -375.126 253.654
      vertex 12.9337 -375.822 253.654
      vertex 13.2675 -375.542 253.654
    endloop
  endfacet
  facet normal 0 0 1
    outer loop
      vertex 12.9951 -373.077 253.654
      vertex 13.7655 -372.717 253.654
      vertex 13.5476 -372.34 253.654
    endloop
  endfacet
  facet normal 0 0 1
    outer loop
      vertex 12.6665 -374.941 253.654
      vertex 13.2675 -375.542 253.654
      vertex 13.5476 -375.208 253.654
    endloop
  endfacet
  facet normal -0.642788 0.766044 0
    outer loop
      vertex 9.73196 -372.006 251.654
      vertex 9.73196 -372.006 253.654
      vertex 10.0658 -371.726 253.654
    endloop
  endfacet
  facet normal -0.499999 0.866026 0
    outer loop
      vertex 10.0658 -371.726 251.654
      vertex 10.0658 -371.726 253.654
      vertex 10.4432 -371.508 253.654
    endloop
  endfacet
  facet normal -0.342018 0.939693 0
    outer loop
      vertex 10.4432 -371.508 251.654
      vertex 10.4432 -371.508 253.654
      vertex 10.8527 -371.359 253.654
    endloop
  endfacet
  facet normal -0.173653 0.984807 0
    outer loop
      vertex 10.8527 -371.359 251.654
      vertex 10.8527 -371.359 253.654
      vertex 11.2818 -371.284 253.654
    endloop
  endfacet
  facet normal -1.10595e-06 1 0
    outer loop
      vertex 11.2818 -371.284 251.654
      vertex 11.2818 -371.284 253.654
      vertex 11.7176 -371.284 253.654
    endloop
  endfacet
  facet normal 0.173645 0.984808 0
    outer loop
      vertex 11.7176 -371.284 251.654
      vertex 11.7176 -371.284 253.654
      vertex 12.1468 -371.359 253.654
    endloop
  endfacet
  facet normal 0.342018 0.939693 0
    outer loop
      vertex 12.1468 -371.359 251.654
      vertex 12.1468 -371.359 253.654
      vertex 12.5563 -371.508 253.654
    endloop
  endfacet
  facet normal 0.500003 0.866024 0
    outer loop
      vertex 12.5563 -371.508 251.654
      vertex 12.5563 -371.508 253.654
      vertex 12.9337 -371.726 253.654
    endloop
  endfacet
  facet normal 0.642786 0.766046 0
    outer loop
      vertex 12.9337 -371.726 251.654
      vertex 12.9337 -371.726 253.654
      vertex 13.2675 -372.006 253.654
    endloop
  endfacet
  facet normal 0.766045 0.642787 0
    outer loop
      vertex 13.2675 -372.006 251.654
      vertex 13.2675 -372.006 253.654
      vertex 13.5476 -372.34 253.654
    endloop
  endfacet
  facet normal 0.866024 0.500003 0
    outer loop
      vertex 13.5476 -372.34 251.654
      vertex 13.5476 -372.34 253.654
      vertex 13.7655 -372.717 253.654
    endloop
  endfacet
  facet normal 0.939694 0.342015 0
    outer loop
      vertex 13.7655 -372.717 251.654
      vertex 13.7655 -372.717 253.654
      vertex 13.9145 -373.127 253.654
    endloop
  endfacet
  facet normal 0.984808 0.173649 0
    outer loop
      vertex 13.9145 -373.127 251.654
      vertex 13.9145 -373.127 253.654
      vertex 13.9902 -373.556 253.654
    endloop
  endfacet
  facet normal 1 4.77303e-06 0
    outer loop
      vertex 13.9902 -373.556 251.654
      vertex 13.9902 -373.556 253.654
      vertex 13.9902 -373.992 253.654
    endloop
  endfacet
  facet normal 0.984808 -0.173646 0
    outer loop
      vertex 13.9902 -373.992 251.654
      vertex 13.9902 -373.992 253.654
      vertex 13.9145 -374.421 253.654
    endloop
  endfacet
  facet normal 0.939691 -0.342025 0
    outer loop
      vertex 13.9145 -374.421 251.654
      vertex 13.9145 -374.421 253.654
      vertex 13.7655 -374.831 253.654
    endloop
  endfacet
  facet normal 0.866026 -0.499999 0
    outer loop
      vertex 13.7655 -374.831 251.654
      vertex 13.7655 -374.831 253.654
      vertex 13.5476 -375.208 253.654
    endloop
  endfacet
  facet normal 0.766044 -0.642788 0
    outer loop
      vertex 13.5476 -375.208 251.654
      vertex 13.5476 -375.208 253.654
      vertex 13.2675 -375.542 253.654
    endloop
  endfacet
  facet normal 0.642782 -0.76605 0
    outer loop
      vertex 13.2675 -375.542 251.654
      vertex 13.2675 -375.542 253.654
      vertex 12.9337 -375.822 253.654
    endloop
  endfacet
  facet normal 0.499999 -0.866026 0
    outer loop
      vertex 12.9337 -375.822 251.654
      vertex 12.9337 -375.822 253.654
      vertex 12.5563 -376.04 253.654
    endloop
  endfacet
  facet normal 0.342018 -0.939693 0
    outer loop
      vertex 12.5563 -376.04 251.654
      vertex 12.5563 -376.04 253.654
      vertex 12.1468 -376.189 253.654
    endloop
  endfacet
  facet normal 0.17365 -0.984807 0
    outer loop
      vertex 12.1468 -376.189 251.654
      vertex 12.1468 -376.189 253.654
      vertex 11.7176 -376.264 253.654
    endloop
  endfacet
  facet normal 4.13274e-06 -1 0
    outer loop
      vertex 11.7176 -376.264 251.654
      vertex 11.7176 -376.264 253.654
      vertex 11.2818 -376.264 253.654
    endloop
  endfacet
  facet normal -0.173649 -0.984808 -5.21764e-07
    outer loop
      vertex 11.2818 -376.264 253.654
      vertex 10.8527 -376.189 253.654
      vertex 11.0073 -376.216 251.654
    endloop
  endfacet
  facet normal -0.173644 -0.984808 0
    outer loop
      vertex 10.8527 -376.189 253.654
      vertex 10.8527 -376.189 251.654
      vertex 11.0073 -376.216 251.654
    endloop
  endfacet
  facet normal -0.342022 -0.939692 0
    outer loop
      vertex 10.8527 -376.189 251.654
      vertex 10.8527 -376.189 253.654
      vertex 10.4432 -376.04 253.654
    endloop
  endfacet
  facet normal -0.499998 -0.866027 0
    outer loop
      vertex 10.4432 -376.04 251.654
      vertex 10.4432 -376.04 253.654
      vertex 10.0658 -375.822 253.654
    endloop
  endfacet
  facet normal -0.64279 -0.766043 0
    outer loop
      vertex 10.0658 -375.822 251.654
      vertex 10.0658 -375.822 253.654
      vertex 9.73196 -375.542 253.654
    endloop
  endfacet
  facet normal -0.766043 -0.64279 -0
    outer loop
      vertex 9.73196 -375.542 251.654
      vertex 9.73196 -375.542 253.654
      vertex 9.45185 -375.208 253.654
    endloop
  endfacet
  facet normal -0.866027 -0.499998 -0
    outer loop
      vertex 9.45185 -375.208 251.654
      vertex 9.45185 -375.208 253.654
      vertex 9.23396 -374.831 253.654
    endloop
  endfacet
  facet normal -0.939692 -0.342022 -0
    outer loop
      vertex 9.23396 -374.831 251.654
      vertex 9.23396 -374.831 253.654
      vertex 9.08492 -374.421 253.654
    endloop
  endfacet
  facet normal -0.984807 -0.173652 -0
    outer loop
      vertex 9.00924 -373.992 253.654
      vertex 9.00924 -373.992 251.654
      vertex 9.05765 -374.266 251.654
    endloop
  endfacet
  facet normal -0.984808 -0.173645 -0
    outer loop
      vertex 9.05765 -374.266 251.654
      vertex 9.08492 -374.421 253.654
      vertex 9.00924 -373.992 253.654
    endloop
  endfacet
  facet normal -1 -1.74623e-06 -0
    outer loop
      vertex 9.00924 -373.992 251.654
      vertex 9.00924 -373.992 253.654
      vertex 9.00924 -373.556 253.654
    endloop
  endfacet
  facet normal -0.984807 0.17365 -0
    outer loop
      vertex 9.00924 -373.556 251.654
      vertex 9.00924 -373.556 253.654
      vertex 9.08492 -373.127 253.654
    endloop
  endfacet
  facet normal -0.939693 0.342018 -0
    outer loop
      vertex 9.08492 -373.127 251.654
      vertex 9.08492 -373.127 253.654
      vertex 9.23396 -372.717 253.654
    endloop
  endfacet
  facet normal -0.866026 0.499999 -0
    outer loop
      vertex 9.23396 -372.717 251.654
      vertex 9.23396 -372.717 253.654
      vertex 9.45185 -372.34 253.654
    endloop
  endfacet
  facet normal -0.766044 0.642788 -0
    outer loop
      vertex 9.45185 -372.34 251.654
      vertex 9.45185 -372.34 253.654
      vertex 9.73196 -372.006 253.654
    endloop
  endfacet
  facet normal -0.766044 0.642788 -0
    outer loop
      vertex 9.73196 -372.006 253.654
      vertex 9.73196 -372.006 251.654
      vertex 9.45185 -372.34 251.654
    endloop
  endfacet
  facet normal -0.866026 0.499999 -0
    outer loop
      vertex 9.45185 -372.34 253.654
      vertex 9.45185 -372.34 251.654
      vertex 9.23396 -372.717 251.654
    endloop
  endfacet
  facet normal -0.939693 0.342018 -0
    outer loop
      vertex 9.23396 -372.717 253.654
      vertex 9.23396 -372.717 251.654
      vertex 9.08492 -373.127 251.654
    endloop
  endfacet
  facet normal -0.984807 0.17365 -0
    outer loop
      vertex 9.08492 -373.127 253.654
      vertex 9.08492 -373.127 251.654
      vertex 9.00924 -373.556 251.654
    endloop
  endfacet
  facet normal -1 4.13274e-06 -0
    outer loop
      vertex 9.00924 -373.556 253.654
      vertex 9.00924 -373.556 251.654
      vertex 9.00924 -373.992 251.654
    endloop
  endfacet
  facet normal -0.984806 -0.173658 -0
    outer loop
      vertex 9.05765 -374.266 251.654
      vertex 9.08492 -374.421 251.654
      vertex 9.08492 -374.421 253.654
    endloop
  endfacet
  facet normal -0.939692 -0.342022 -0
    outer loop
      vertex 9.08492 -374.421 253.654
      vertex 9.08492 -374.421 251.654
      vertex 9.23396 -374.831 251.654
    endloop
  endfacet
  facet normal -0.866026 -0.499999 -0
    outer loop
      vertex 9.23396 -374.831 253.654
      vertex 9.23396 -374.831 251.654
      vertex 9.45185 -375.208 251.654
    endloop
  endfacet
  facet normal -0.766043 -0.642789 -0
    outer loop
      vertex 9.45185 -375.208 253.654
      vertex 9.45185 -375.208 251.654
      vertex 9.73196 -375.542 251.654
    endloop
  endfacet
  facet normal -0.64279 -0.766042 0
    outer loop
      vertex 9.73196 -375.542 253.654
      vertex 9.73196 -375.542 251.654
      vertex 10.0658 -375.822 251.654
    endloop
  endfacet
  facet normal -0.499999 -0.866026 0
    outer loop
      vertex 10.0658 -375.822 253.654
      vertex 10.0658 -375.822 251.654
      vertex 10.4432 -376.04 251.654
    endloop
  endfacet
  facet normal -0.342019 -0.939693 0
    outer loop
      vertex 10.4432 -376.04 253.654
      vertex 10.4432 -376.04 251.654
      vertex 10.8527 -376.189 251.654
    endloop
  endfacet
  facet normal -0.173652 -0.984807 0
    outer loop
      vertex 11.0073 -376.216 251.654
      vertex 11.2818 -376.264 251.654
      vertex 11.2818 -376.264 253.654
    endloop
  endfacet
  facet normal -1.74623e-06 -1 0
    outer loop
      vertex 11.2818 -376.264 253.654
      vertex 11.2818 -376.264 251.654
      vertex 11.7176 -376.264 251.654
    endloop
  endfacet
  facet normal 0.173643 -0.984809 0
    outer loop
      vertex 11.7176 -376.264 253.654
      vertex 11.7176 -376.264 251.654
      vertex 12.1468 -376.189 251.654
    endloop
  endfacet
  facet normal 0.342025 -0.939691 0
    outer loop
      vertex 12.1468 -376.189 253.654
      vertex 12.1468 -376.189 251.654
      vertex 12.5563 -376.04 251.654
    endloop
  endfacet
  facet normal 0.499999 -0.866026 0
    outer loop
      vertex 12.5563 -376.04 253.654
      vertex 12.5563 -376.04 251.654
      vertex 12.9337 -375.822 251.654
    endloop
  endfacet
  facet normal 0.642788 -0.766044 0
    outer loop
      vertex 12.9337 -375.822 253.654
      vertex 12.9337 -375.822 251.654
      vertex 13.2675 -375.542 251.654
    endloop
  endfacet
  facet normal 0.76605 -0.642781 0
    outer loop
      vertex 13.2675 -375.542 253.654
      vertex 13.2675 -375.542 251.654
      vertex 13.5476 -375.208 251.654
    endloop
  endfacet
  facet normal 0.866026 -0.499999 0
    outer loop
      vertex 13.5476 -375.208 253.654
      vertex 13.5476 -375.208 251.654
      vertex 13.7655 -374.831 251.654
    endloop
  endfacet
  facet normal 0.939693 -0.342018 0
    outer loop
      vertex 13.7655 -374.831 253.654
      vertex 13.7655 -374.831 251.654
      vertex 13.9145 -374.421 251.654
    endloop
  endfacet
  facet normal 0.984807 -0.173653 0
    outer loop
      vertex 13.9145 -374.421 253.654
      vertex 13.9145 -374.421 251.654
      vertex 13.9902 -373.992 251.654
    endloop
  endfacet
  facet normal 1 -1.10595e-06 0
    outer loop
      vertex 13.9902 -373.992 253.654
      vertex 13.9902 -373.992 251.654
      vertex 13.9902 -373.556 251.654
    endloop
  endfacet
  facet normal 0.984808 0.173649 0
    outer loop
      vertex 13.9902 -373.556 253.654
      vertex 13.9902 -373.556 251.654
      vertex 13.9145 -373.127 251.654
    endloop
  endfacet
  facet normal 0.939693 0.342018 0
    outer loop
      vertex 13.9145 -373.127 253.654
      vertex 13.9145 -373.127 251.654
      vertex 13.7655 -372.717 251.654
    endloop
  endfacet
  facet normal 0.866025 0.500001 0
    outer loop
      vertex 13.7655 -372.717 253.654
      vertex 13.7655 -372.717 251.654
      vertex 13.5476 -372.34 251.654
    endloop
  endfacet
  facet normal 0.766045 0.642787 0
    outer loop
      vertex 13.5476 -372.34 253.654
      vertex 13.5476 -372.34 251.654
      vertex 13.2675 -372.006 251.654
    endloop
  endfacet
  facet normal 0.642787 0.766045 0
    outer loop
      vertex 13.2675 -372.006 253.654
      vertex 13.2675 -372.006 251.654
      vertex 12.9337 -371.726 251.654
    endloop
  endfacet
  facet normal 0.500001 0.866025 0
    outer loop
      vertex 12.9337 -371.726 253.654
      vertex 12.9337 -371.726 251.654
      vertex 12.5563 -371.508 251.654
    endloop
  endfacet
  facet normal 0.342018 0.939693 0
    outer loop
      vertex 12.5563 -371.508 253.654
      vertex 12.5563 -371.508 251.654
      vertex 12.1468 -371.359 251.654
    endloop
  endfacet
  facet normal 0.173654 0.984807 0
    outer loop
      vertex 12.1468 -371.359 253.654
      vertex 12.1468 -371.359 251.654
      vertex 11.7176 -371.284 251.654
    endloop
  endfacet
  facet normal 4.77303e-06 1 0
    outer loop
      vertex 11.7176 -371.284 253.654
      vertex 11.7176 -371.284 251.654
      vertex 11.2818 -371.284 251.654
    endloop
  endfacet
  facet normal -0.173653 0.984807 0
    outer loop
      vertex 11.2818 -371.284 253.654
      vertex 11.2818 -371.284 251.654
      vertex 10.8527 -371.359 251.654
    endloop
  endfacet
  facet normal -0.342018 0.939693 0
    outer loop
      vertex 10.8527 -371.359 253.654
      vertex 10.8527 -371.359 251.654
      vertex 10.4432 -371.508 251.654
    endloop
  endfacet
  facet normal -0.499999 0.866026 0
    outer loop
      vertex 10.4432 -371.508 253.654
      vertex 10.4432 -371.508 251.654
      vertex 10.0658 -371.726 251.654
    endloop
  endfacet
  facet normal -0.642788 0.766044 0
    outer loop
      vertex 10.0658 -371.726 253.654
      vertex 10.0658 -371.726 251.654
      vertex 9.73196 -372.006 251.654
    endloop
  endfacet
  facet normal 0.642787 -0.766045 0
    outer loop
      vertex -7.83145 -438.89 253.654
      vertex -8.05177 -439.075 253.654
      vertex -8.05177 -439.075 249.254
    endloop
  endfacet
  facet normal 0.499999 -0.866026 0
    outer loop
      vertex -7.58237 -438.747 253.654
      vertex -7.83145 -438.89 253.654
      vertex -7.83145 -438.89 249.254
    endloop
  endfacet
  facet normal 0.34203 -0.939689 0
    outer loop
      vertex -7.3121 -438.648 253.654
      vertex -7.58237 -438.747 253.654
      vertex -7.58237 -438.747 249.254
    endloop
  endfacet
  facet normal 0.173654 -0.984807 0
    outer loop
      vertex -7.02885 -438.598 253.654
      vertex -7.3121 -438.648 253.654
      vertex -7.3121 -438.648 249.254
    endloop
  endfacet
  facet normal 4.5402e-06 -1 0
    outer loop
      vertex -6.74124 -438.598 253.654
      vertex -7.02885 -438.598 253.654
      vertex -7.02885 -438.598 249.254
    endloop
  endfacet
  facet normal -0.173645 -0.984808 0
    outer loop
      vertex -6.458 -438.648 253.654
      vertex -6.74124 -438.598 253.654
      vertex -6.74124 -438.598 249.254
    endloop
  endfacet
  facet normal -0.342017 -0.939694 0
    outer loop
      vertex -6.18773 -438.747 253.654
      vertex -6.458 -438.648 253.654
      vertex -6.458 -438.648 249.254
    endloop
  endfacet
  facet normal -0.500005 -0.866022 0
    outer loop
      vertex -5.93865 -438.89 253.654
      vertex -6.18773 -438.747 253.654
      vertex -6.18773 -438.747 249.254
    endloop
  endfacet
  facet normal -0.642787 -0.766045 0
    outer loop
      vertex -5.71832 -439.075 253.654
      vertex -5.93865 -438.89 253.654
      vertex -5.93865 -438.89 249.254
    endloop
  endfacet
  facet normal -0.766045 -0.642787 -0
    outer loop
      vertex -5.53345 -439.296 253.654
      vertex -5.71832 -439.075 253.654
      vertex -5.71832 -439.075 249.254
    endloop
  endfacet
  facet normal -0.866024 -0.500003 -0
    outer loop
      vertex -5.38964 -439.545 253.654
      vertex -5.53345 -439.296 253.654
      vertex -5.53345 -439.296 249.254
    endloop
  endfacet
  facet normal -0.939692 -0.342021 -0
    outer loop
      vertex -5.29127 -439.815 253.654
      vertex -5.38964 -439.545 253.654
      vertex -5.38964 -439.545 249.254
    endloop
  endfacet
  facet normal -0.984807 -0.173651 -0
    outer loop
      vertex -5.24132 -440.098 253.654
      vertex -5.29127 -439.815 253.654
      vertex -5.29127 -439.815 249.254
    endloop
  endfacet
  facet normal -1 -3.60887e-06 -0
    outer loop
      vertex -5.24132 -440.386 253.654
      vertex -5.24132 -440.098 253.654
      vertex -5.24132 -440.098 249.254
    endloop
  endfacet
  facet normal -0.98481 0.173635 -0
    outer loop
      vertex -5.29127 -440.669 253.654
      vertex -5.24132 -440.386 253.654
      vertex -5.24132 -440.386 249.254
    endloop
  endfacet
  facet normal -0.939693 0.34202 -0
    outer loop
      vertex -5.38964 -440.939 253.654
      vertex -5.29127 -440.669 253.654
      vertex -5.29127 -440.669 249.254
    endloop
  endfacet
  facet normal -0.86602 0.500009 -0
    outer loop
      vertex -5.53344 -441.188 253.654
      vertex -5.38964 -440.939 253.654
      vertex -5.38964 -440.939 249.254
    endloop
  endfacet
  facet normal -0.766048 0.642783 -0
    outer loop
      vertex -5.71832 -441.409 253.654
      vertex -5.53344 -441.188 253.654
      vertex -5.53344 -441.188 249.254
    endloop
  endfacet
  facet normal -0.642792 0.766041 0
    outer loop
      vertex -5.93865 -441.594 253.654
      vertex -5.71832 -441.409 253.654
      vertex -5.71832 -441.409 249.254
    endloop
  endfacet
  facet normal -0.500001 0.866025 0
    outer loop
      vertex -6.18773 -441.737 253.654
      vertex -5.93865 -441.594 253.654
      vertex -5.93865 -441.594 249.254
    endloop
  endfacet
  facet normal -0.342023 0.939692 0
    outer loop
      vertex -6.45799 -441.836 253.654
      vertex -6.18773 -441.737 253.654
      vertex -6.18773 -441.737 249.254
    endloop
  endfacet
  facet normal -0.173654 0.984807 0
    outer loop
      vertex -6.74124 -441.886 253.654
      vertex -6.45799 -441.836 253.654
      vertex -6.45799 -441.836 249.254
    endloop
  endfacet
  facet normal -4.5402e-06 1 0
    outer loop
      vertex -7.02886 -441.886 253.654
      vertex -6.74124 -441.886 253.654
      vertex -6.74124 -441.886 249.254
    endloop
  endfacet
  facet normal 0.173651 0.984807 0
    outer loop
      vertex -7.3121 -441.836 253.654
      vertex -7.02886 -441.886 253.654
      vertex -7.02886 -441.886 249.254
    endloop
  endfacet
  facet normal 0.342012 0.939695 0
    outer loop
      vertex -7.58237 -441.737 253.654
      vertex -7.3121 -441.836 253.654
      vertex -7.3121 -441.836 249.254
    endloop
  endfacet
  facet normal 0.500003 0.866024 0
    outer loop
      vertex -7.83145 -441.594 253.654
      vertex -7.58237 -441.737 253.654
      vertex -7.58237 -441.737 249.254
    endloop
  endfacet
  facet normal 0.642787 0.766045 0
    outer loop
      vertex -8.05177 -441.409 253.654
      vertex -7.83145 -441.594 253.654
      vertex -7.83145 -441.594 249.254
    endloop
  endfacet
  facet normal 0.766045 0.642786 0
    outer loop
      vertex -8.23665 -441.188 253.654
      vertex -8.05177 -441.409 253.654
      vertex -8.05177 -441.409 249.254
    endloop
  endfacet
  facet normal 0.866024 0.500003 0
    outer loop
      vertex -8.38046 -440.939 253.654
      vertex -8.23665 -441.188 253.654
      vertex -8.23665 -441.188 249.254
    endloop
  endfacet
  facet normal 0.939695 0.342012 0
    outer loop
      vertex -8.47882 -440.669 253.654
      vertex -8.38046 -440.939 253.654
      vertex -8.38046 -440.939 249.254
    endloop
  endfacet
  facet normal 0.984806 0.173658 0
    outer loop
      vertex -8.52877 -440.386 253.654
      vertex -8.47882 -440.669 253.654
      vertex -8.47882 -440.669 249.254
    endloop
  endfacet
  facet normal 1 3.60887e-06 0
    outer loop
      vertex -8.52877 -440.098 253.654
      vertex -8.52877 -440.386 253.654
      vertex -8.52877 -440.386 249.254
    endloop
  endfacet
  facet normal 0.984808 -0.173645 0
    outer loop
      vertex -8.47882 -439.815 253.654
      vertex -8.52877 -440.098 253.654
      vertex -8.52877 -440.098 249.254
    endloop
  endfacet
  facet normal 0.939695 -0.342013 0
    outer loop
      vertex -8.38045 -439.545 253.654
      vertex -8.47882 -439.815 253.654
      vertex -8.47882 -439.815 249.254
    endloop
  endfacet
  facet normal 0.866028 -0.499996 0
    outer loop
      vertex -8.23665 -439.296 253.654
      vertex -8.38045 -439.545 253.654
      vertex -8.38045 -439.545 249.254
    endloop
  endfacet
  facet normal 0.766045 -0.642787 0
    outer loop
      vertex -8.05177 -439.075 253.654
      vertex -8.23665 -439.296 253.654
      vertex -8.23665 -439.296 249.254
    endloop
  endfacet
  facet normal 0.766045 -0.642787 0
    outer loop
      vertex -8.23665 -439.296 249.254
      vertex -8.05177 -439.075 249.254
      vertex -8.05177 -439.075 253.654
    endloop
  endfacet
  facet normal 0.866025 -0.500001 0
    outer loop
      vertex -8.38045 -439.545 249.254
      vertex -8.23665 -439.296 249.254
      vertex -8.23665 -439.296 253.654
    endloop
  endfacet
  facet normal 0.939688 -0.342032 0
    outer loop
      vertex -8.47882 -439.815 249.254
      vertex -8.38045 -439.545 249.254
      vertex -8.38045 -439.545 253.654
    endloop
  endfacet
  facet normal 0.984807 -0.173654 0
    outer loop
      vertex -8.52877 -440.098 249.254
      vertex -8.47882 -439.815 249.254
      vertex -8.47882 -439.815 253.654
    endloop
  endfacet
  facet normal 1 -4.5402e-06 0
    outer loop
      vertex -8.52877 -440.386 249.254
      vertex -8.52877 -440.098 249.254
      vertex -8.52877 -440.098 253.654
    endloop
  endfacet
  facet normal 0.984808 0.173645 0
    outer loop
      vertex -8.47882 -440.669 249.254
      vertex -8.52877 -440.386 249.254
      vertex -8.52877 -440.386 253.654
    endloop
  endfacet
  facet normal 0.939694 0.342017 0
    outer loop
      vertex -8.38046 -440.939 249.254
      vertex -8.47882 -440.669 249.254
      vertex -8.47882 -440.669 253.654
    endloop
  endfacet
  facet normal 0.866022 0.500005 0
    outer loop
      vertex -8.23665 -441.188 249.254
      vertex -8.38046 -440.939 249.254
      vertex -8.38046 -440.939 253.654
    endloop
  endfacet
  facet normal 0.766045 0.642787 0
    outer loop
      vertex -8.05177 -441.409 249.254
      vertex -8.23665 -441.188 249.254
      vertex -8.23665 -441.188 253.654
    endloop
  endfacet
  facet normal 0.642787 0.766045 0
    outer loop
      vertex -7.83145 -441.594 249.254
      vertex -8.05177 -441.409 249.254
      vertex -8.05177 -441.409 253.654
    endloop
  endfacet
  facet normal 0.500003 0.866024 0
    outer loop
      vertex -7.58237 -441.737 249.254
      vertex -7.83145 -441.594 249.254
      vertex -7.83145 -441.594 253.654
    endloop
  endfacet
  facet normal 0.342021 0.939692 0
    outer loop
      vertex -7.3121 -441.836 249.254
      vertex -7.58237 -441.737 249.254
      vertex -7.58237 -441.737 253.654
    endloop
  endfacet
  facet normal 0.173651 0.984807 0
    outer loop
      vertex -7.02886 -441.886 249.254
      vertex -7.3121 -441.836 249.254
      vertex -7.3121 -441.836 253.654
    endloop
  endfacet
  facet normal 3.60887e-06 1 0
    outer loop
      vertex -6.74124 -441.886 249.254
      vertex -7.02886 -441.886 249.254
      vertex -7.02886 -441.886 253.654
    endloop
  endfacet
  facet normal -0.173635 0.98481 0
    outer loop
      vertex -6.45799 -441.836 249.254
      vertex -6.74124 -441.886 249.254
      vertex -6.74124 -441.886 253.654
    endloop
  endfacet
  facet normal -0.342023 0.939692 0
    outer loop
      vertex -6.18773 -441.737 249.254
      vertex -6.45799 -441.836 249.254
      vertex -6.45799 -441.836 253.654
    endloop
  endfacet
  facet normal -0.50001 0.866019 0
    outer loop
      vertex -5.93865 -441.594 249.254
      vertex -6.18773 -441.737 249.254
      vertex -6.18773 -441.737 253.654
    endloop
  endfacet
  facet normal -0.642783 0.766048 0
    outer loop
      vertex -5.71832 -441.409 249.254
      vertex -5.93865 -441.594 249.254
      vertex -5.93865 -441.594 253.654
    endloop
  endfacet
  facet normal -0.766041 0.642792 -0
    outer loop
      vertex -5.53344 -441.188 249.254
      vertex -5.71832 -441.409 249.254
      vertex -5.71832 -441.409 253.654
    endloop
  endfacet
  facet normal -0.866026 0.499999 -0
    outer loop
      vertex -5.38964 -440.939 249.254
      vertex -5.53344 -441.188 249.254
      vertex -5.53344 -441.188 253.654
    endloop
  endfacet
  facet normal -0.939693 0.34202 -0
    outer loop
      vertex -5.29127 -440.669 249.254
      vertex -5.38964 -440.939 249.254
      vertex -5.38964 -440.939 253.654
    endloop
  endfacet
  facet normal -0.984807 0.173654 -0
    outer loop
      vertex -5.24132 -440.386 249.254
      vertex -5.29127 -440.669 249.254
      vertex -5.29127 -440.669 253.654
    endloop
  endfacet
  facet normal -1 4.5402e-06 -0
    outer loop
      vertex -5.24132 -440.098 249.254
      vertex -5.24132 -440.386 249.254
      vertex -5.24132 -440.386 253.654
    endloop
  endfacet
  facet normal -0.984807 -0.173651 -0
    outer loop
      vertex -5.29127 -439.815 249.254
      vertex -5.24132 -440.098 249.254
      vertex -5.24132 -440.098 253.654
    endloop
  endfacet
  facet normal -0.939695 -0.342012 -0
    outer loop
      vertex -5.38964 -439.545 249.254
      vertex -5.29127 -439.815 249.254
      vertex -5.29127 -439.815 253.654
    endloop
  endfacet
  facet normal -0.866024 -0.500003 -0
    outer loop
      vertex -5.53345 -439.296 249.254
      vertex -5.38964 -439.545 249.254
      vertex -5.38964 -439.545 253.654
    endloop
  endfacet
  facet normal -0.766045 -0.642787 -0
    outer loop
      vertex -5.71832 -439.075 249.254
      vertex -5.53345 -439.296 249.254
      vertex -5.53345 -439.296 253.654
    endloop
  endfacet
  facet normal -0.642786 -0.766045 0
    outer loop
      vertex -5.93865 -438.89 249.254
      vertex -5.71832 -439.075 249.254
      vertex -5.71832 -439.075 253.654
    endloop
  endfacet
  facet normal -0.500003 -0.866024 0
    outer loop
      vertex -6.18773 -438.747 249.254
      vertex -5.93865 -438.89 249.254
      vertex -5.93865 -438.89 253.654
    endloop
  endfacet
  facet normal -0.342012 -0.939695 0
    outer loop
      vertex -6.458 -438.648 249.254
      vertex -6.18773 -438.747 249.254
      vertex -6.18773 -438.747 253.654
    endloop
  endfacet
  facet normal -0.173658 -0.984806 0
    outer loop
      vertex -6.74124 -438.598 249.254
      vertex -6.458 -438.648 249.254
      vertex -6.458 -438.648 253.654
    endloop
  endfacet
  facet normal -3.60887e-06 -1 0
    outer loop
      vertex -7.02885 -438.598 249.254
      vertex -6.74124 -438.598 249.254
      vertex -6.74124 -438.598 253.654
    endloop
  endfacet
  facet normal 0.173645 -0.984808 0
    outer loop
      vertex -7.3121 -438.648 249.254
      vertex -7.02885 -438.598 249.254
      vertex -7.02885 -438.598 253.654
    endloop
  endfacet
  facet normal 0.34201 -0.939696 0
    outer loop
      vertex -7.58237 -438.747 249.254
      vertex -7.3121 -438.648 249.254
      vertex -7.3121 -438.648 253.654
    endloop
  endfacet
  facet normal 0.499994 -0.866029 0
    outer loop
      vertex -7.83145 -438.89 249.254
      vertex -7.58237 -438.747 249.254
      vertex -7.58237 -438.747 253.654
    endloop
  endfacet
  facet normal 0.642787 -0.766045 0
    outer loop
      vertex -8.05177 -439.075 249.254
      vertex -7.83145 -438.89 249.254
      vertex -7.83145 -438.89 253.654
    endloop
  endfacet
  facet normal 3.30081e-07 -3.30081e-07 1
    outer loop
      vertex -4.39456 -440.46 253.654
      vertex -5.24132 -440.386 253.654
      vertex -5.29127 -440.669 253.654
    endloop
  endfacet
  facet normal 0 0 1
    outer loop
      vertex -4.39456 -440.024 253.654
      vertex -5.24132 -440.098 253.654
      vertex -5.24132 -440.386 253.654
    endloop
  endfacet
  facet normal 0 0 1
    outer loop
      vertex -5.24132 -440.386 253.654
      vertex -4.39456 -440.46 253.654
      vertex -4.39456 -440.024 253.654
    endloop
  endfacet
  facet normal 4.95123e-07 -4.95123e-07 1
    outer loop
      vertex -4.47023 -439.595 253.654
      vertex -5.29127 -439.815 253.654
      vertex -5.24132 -440.098 253.654
    endloop
  endfacet
  facet normal 1.6504e-07 -1.6504e-07 1
    outer loop
      vertex -4.61928 -439.185 253.654
      vertex -5.38964 -439.545 253.654
      vertex -5.29127 -439.815 253.654
    endloop
  endfacet
  facet normal 0 0 1
    outer loop
      vertex -4.61928 -439.185 253.654
      vertex -4.83717 -438.808 253.654
      vertex -5.53345 -439.296 253.654
    endloop
  endfacet
  facet normal 0 0 1
    outer loop
      vertex -6.238 -437.827 253.654
      vertex -6.66716 -437.752 253.654
      vertex -6.74124 -438.598 253.654
    endloop
  endfacet
  facet normal 0 0 1
    outer loop
      vertex -6.66716 -437.752 253.654
      vertex -7.10294 -437.752 253.654
      vertex -7.02885 -438.598 253.654
    endloop
  endfacet
  facet normal -2.17853e-07 2.17853e-07 1
    outer loop
      vertex -5.24132 -440.098 253.654
      vertex -4.39456 -440.024 253.654
      vertex -4.47023 -439.595 253.654
    endloop
  endfacet
  facet normal -6.60166e-07 6.60166e-07 1
    outer loop
      vertex -5.53345 -439.296 253.654
      vertex -5.38964 -439.545 253.654
      vertex -4.61928 -439.185 253.654
    endloop
  endfacet
  facet normal 4.35711e-07 -4.35711e-07 1
    outer loop
      vertex -5.8285 -437.976 253.654
      vertex -6.238 -437.827 253.654
      vertex -6.458 -438.648 253.654
    endloop
  endfacet
  facet normal 0 0 1
    outer loop
      vertex -7.02885 -438.598 253.654
      vertex -6.74124 -438.598 253.654
      vertex -6.66716 -437.752 253.654
    endloop
  endfacet
  facet normal 0 0 1
    outer loop
      vertex -4.47023 -440.889 253.654
      vertex -5.29127 -440.669 253.654
      vertex -5.38964 -440.939 253.654
    endloop
  endfacet
  facet normal -2.17856e-07 2.17856e-07 1
    outer loop
      vertex -5.29127 -439.815 253.654
      vertex -4.47023 -439.595 253.654
      vertex -4.61928 -439.185 253.654
    endloop
  endfacet
  facet normal -1.65042e-07 1.65042e-07 1
    outer loop
      vertex -5.11728 -438.474 253.654
      vertex -5.71832 -439.075 253.654
      vertex -5.53345 -439.296 253.654
    endloop
  endfacet
  facet normal 0 0 1
    outer loop
      vertex -5.11728 -438.474 253.654
      vertex -5.45111 -438.194 253.654
      vertex -5.93865 -438.89 253.654
    endloop
  endfacet
  facet normal 4.35709e-07 -4.35709e-07 1
    outer loop
      vertex -5.45111 -438.194 253.654
      vertex -5.8285 -437.976 253.654
      vertex -6.18773 -438.747 253.654
    endloop
  endfacet
  facet normal -6.60161e-07 6.60161e-07 1
    outer loop
      vertex -6.74124 -438.598 253.654
      vertex -6.458 -438.648 253.654
      vertex -6.238 -437.827 253.654
    endloop
  endfacet
  facet normal 2.17853e-07 -2.17853e-07 1
    outer loop
      vertex -7.10294 -437.752 253.654
      vertex -7.53209 -437.827 253.654
      vertex -7.3121 -438.648 253.654
    endloop
  endfacet
  facet normal -2.17856e-07 2.17856e-07 1
    outer loop
      vertex -7.53209 -437.827 253.654
      vertex -7.94159 -437.976 253.654
      vertex -7.58237 -438.747 253.654
    endloop
  endfacet
  facet normal -2.17854e-07 2.17854e-07 1
    outer loop
      vertex -5.29127 -440.669 253.654
      vertex -4.47023 -440.889 253.654
      vertex -4.39456 -440.46 253.654
    endloop
  endfacet
  facet normal 0 0 1
    outer loop
      vertex -5.93865 -438.89 253.654
      vertex -5.71832 -439.075 253.654
      vertex -5.11728 -438.474 253.654
    endloop
  endfacet
  facet normal 0 0 1
    outer loop
      vertex -6.458 -438.648 253.654
      vertex -6.18773 -438.747 253.654
      vertex -5.8285 -437.976 253.654
    endloop
  endfacet
  facet normal 0 0 1
    outer loop
      vertex -7.58237 -438.747 253.654
      vertex -7.3121 -438.648 253.654
      vertex -7.53209 -437.827 253.654
    endloop
  endfacet
  facet normal 0 0 1
    outer loop
      vertex -8.65281 -438.474 253.654
      vertex -8.93293 -438.808 253.654
      vertex -8.23665 -439.296 253.654
    endloop
  endfacet
  facet normal 0 0 1
    outer loop
      vertex -8.93293 -438.808 253.654
      vertex -9.15082 -439.185 253.654
      vertex -8.38045 -439.545 253.654
    endloop
  endfacet
  facet normal 0 0 1
    outer loop
      vertex -9.37553 -440.024 253.654
      vertex -9.37553 -440.46 253.654
      vertex -8.52877 -440.386 253.654
    endloop
  endfacet
  facet normal 0 0 1
    outer loop
      vertex -9.37553 -440.46 253.654
      vertex -9.29986 -440.889 253.654
      vertex -8.47882 -440.669 253.654
    endloop
  endfacet
  facet normal 1.90622e-07 -1.90622e-07 1
    outer loop
      vertex -5.53345 -439.296 253.654
      vertex -4.83717 -438.808 253.654
      vertex -5.11728 -438.474 253.654
    endloop
  endfacet
  facet normal 0 0 1
    outer loop
      vertex -7.3121 -438.648 253.654
      vertex -7.02885 -438.598 253.654
      vertex -7.10294 -437.752 253.654
    endloop
  endfacet
  facet normal 0 0 1
    outer loop
      vertex -7.94159 -437.976 253.654
      vertex -8.31899 -438.194 253.654
      vertex -7.83145 -438.89 253.654
    endloop
  endfacet
  facet normal 0 0 1
    outer loop
      vertex -8.31899 -438.194 253.654
      vertex -8.65281 -438.474 253.654
      vertex -8.05177 -439.075 253.654
    endloop
  endfacet
  facet normal 0 0 1
    outer loop
      vertex -8.38045 -439.545 253.654
      vertex -8.23665 -439.296 253.654
      vertex -8.93293 -438.808 253.654
    endloop
  endfacet
  facet normal 0 0 1
    outer loop
      vertex -9.15082 -439.185 253.654
      vertex -9.29986 -439.595 253.654
      vertex -8.47882 -439.815 253.654
    endloop
  endfacet
  facet normal 0 0 1
    outer loop
      vertex -9.29986 -439.595 253.654
      vertex -9.37553 -440.024 253.654
      vertex -8.52877 -440.098 253.654
    endloop
  endfacet
  facet normal 0 0 1
    outer loop
      vertex -8.47882 -440.669 253.654
      vertex -8.52877 -440.386 253.654
      vertex -9.37553 -440.46 253.654
    endloop
  endfacet
  facet normal 0 0 1
    outer loop
      vertex -6.18773 -438.747 253.654
      vertex -5.93865 -438.89 253.654
      vertex -5.45111 -438.194 253.654
    endloop
  endfacet
  facet normal 0 0 1
    outer loop
      vertex -8.05177 -439.075 253.654
      vertex -7.83145 -438.89 253.654
      vertex -8.31899 -438.194 253.654
    endloop
  endfacet
  facet normal 0 0 1
    outer loop
      vertex -8.47882 -439.815 253.654
      vertex -8.38045 -439.545 253.654
      vertex -9.15082 -439.185 253.654
    endloop
  endfacet
  facet normal 0 0 1
    outer loop
      vertex -8.52877 -440.386 253.654
      vertex -8.52877 -440.098 253.654
      vertex -9.37553 -440.024 253.654
    endloop
  endfacet
  facet normal -2.47562e-07 2.47562e-07 1
    outer loop
      vertex -8.93293 -441.676 253.654
      vertex -8.23665 -441.188 253.654
      vertex -8.38046 -440.939 253.654
    endloop
  endfacet
  facet normal 0 0 1
    outer loop
      vertex -8.93293 -441.676 253.654
      vertex -8.65281 -442.01 253.654
      vertex -8.05177 -441.409 253.654
    endloop
  endfacet
  facet normal -1.65042e-07 1.65042e-07 1
    outer loop
      vertex -8.31899 -442.29 253.654
      vertex -7.83145 -441.594 253.654
      vertex -8.05177 -441.409 253.654
    endloop
  endfacet
  facet normal -4.35705e-07 4.35705e-07 1
    outer loop
      vertex -8.31899 -442.29 253.654
      vertex -7.94159 -442.508 253.654
      vertex -7.58237 -441.737 253.654
    endloop
  endfacet
  facet normal -1.6504e-07 1.6504e-07 1
    outer loop
      vertex -7.10294 -442.733 253.654
      vertex -7.02886 -441.886 253.654
      vertex -7.3121 -441.836 253.654
    endloop
  endfacet
  facet normal 0 0 1
    outer loop
      vertex -6.66716 -442.733 253.654
      vertex -6.74124 -441.886 253.654
      vertex -7.02886 -441.886 253.654
    endloop
  endfacet
  facet normal 0 0 1
    outer loop
      vertex -4.83717 -441.676 253.654
      vertex -5.53344 -441.188 253.654
      vertex -5.71832 -441.409 253.654
    endloop
  endfacet
  facet normal -3.30089e-07 3.30089e-07 1
    outer loop
      vertex -4.61928 -441.299 253.654
      vertex -5.38964 -440.939 253.654
      vertex -5.53344 -441.188 253.654
    endloop
  endfacet
  facet normal 3.30083e-07 -3.30083e-07 1
    outer loop
      vertex -7.83145 -438.89 253.654
      vertex -7.58237 -438.747 253.654
      vertex -7.94159 -437.976 253.654
    endloop
  endfacet
  facet normal 0 0 1
    outer loop
      vertex -8.52877 -440.098 253.654
      vertex -8.47882 -439.815 253.654
      vertex -9.29986 -439.595 253.654
    endloop
  endfacet
  facet normal 4.35711e-07 -4.35711e-07 1
    outer loop
      vertex -9.29986 -440.889 253.654
      vertex -9.15082 -441.299 253.654
      vertex -8.38046 -440.939 253.654
    endloop
  endfacet
  facet normal 0 0 1
    outer loop
      vertex -8.05177 -441.409 253.654
      vertex -8.23665 -441.188 253.654
      vertex -8.93293 -441.676 253.654
    endloop
  endfacet
  facet normal 0 0 1
    outer loop
      vertex -7.58237 -441.737 253.654
      vertex -7.83145 -441.594 253.654
      vertex -8.31899 -442.29 253.654
    endloop
  endfacet
  facet normal 1.65042e-07 -1.65042e-07 1
    outer loop
      vertex -7.53209 -442.657 253.654
      vertex -7.3121 -441.836 253.654
      vertex -7.58237 -441.737 253.654
    endloop
  endfacet
  facet normal 0 0 1
    outer loop
      vertex -7.02886 -441.886 253.654
      vertex -7.10294 -442.733 253.654
      vertex -6.66716 -442.733 253.654
    endloop
  endfacet
  facet normal 0 0 1
    outer loop
      vertex -6.238 -442.657 253.654
      vertex -6.45799 -441.836 253.654
      vertex -6.74124 -441.886 253.654
    endloop
  endfacet
  facet normal 0 0 1
    outer loop
      vertex -5.53344 -441.188 253.654
      vertex -4.83717 -441.676 253.654
      vertex -4.61928 -441.299 253.654
    endloop
  endfacet
  facet normal 0 0 1
    outer loop
      vertex -8.23665 -439.296 253.654
      vertex -8.05177 -439.075 253.654
      vertex -8.65281 -438.474 253.654
    endloop
  endfacet
  facet normal 2.72315e-07 -2.72315e-07 1
    outer loop
      vertex -8.38046 -440.939 253.654
      vertex -9.15082 -441.299 253.654
      vertex -8.93293 -441.676 253.654
    endloop
  endfacet
  facet normal -2.17858e-07 2.17858e-07 1
    outer loop
      vertex -7.58237 -441.737 253.654
      vertex -7.94159 -442.508 253.654
      vertex -7.53209 -442.657 253.654
    endloop
  endfacet
  facet normal 0 0 1
    outer loop
      vertex -6.74124 -441.886 253.654
      vertex -6.66716 -442.733 253.654
      vertex -6.238 -442.657 253.654
    endloop
  endfacet
  facet normal 0 0 1
    outer loop
      vertex -5.8285 -442.508 253.654
      vertex -6.18773 -441.737 253.654
      vertex -6.45799 -441.836 253.654
    endloop
  endfacet
  facet normal 0 0 1
    outer loop
      vertex -5.45111 -442.29 253.654
      vertex -5.93865 -441.594 253.654
      vertex -6.18773 -441.737 253.654
    endloop
  endfacet
  facet normal 0 0 1
    outer loop
      vertex -5.11728 -442.01 253.654
      vertex -5.71832 -441.409 253.654
      vertex -5.93865 -441.594 253.654
    endloop
  endfacet
  facet normal 2.17853e-07 -2.17853e-07 1
    outer loop
      vertex -5.38964 -440.939 253.654
      vertex -4.61928 -441.299 253.654
      vertex -4.47023 -440.889 253.654
    endloop
  endfacet
  facet normal 1.90621e-07 -1.90621e-07 1
    outer loop
      vertex -8.05177 -441.409 253.654
      vertex -8.65281 -442.01 253.654
      vertex -8.31899 -442.29 253.654
    endloop
  endfacet
  facet normal 0 0 1
    outer loop
      vertex -6.45799 -441.836 253.654
      vertex -6.238 -442.657 253.654
      vertex -5.8285 -442.508 253.654
    endloop
  endfacet
  facet normal 0 0 1
    outer loop
      vertex -5.93865 -441.594 253.654
      vertex -5.45111 -442.29 253.654
      vertex -5.11728 -442.01 253.654
    endloop
  endfacet
  facet normal 0 0 1
    outer loop
      vertex -8.38046 -440.939 253.654
      vertex -8.47882 -440.669 253.654
      vertex -9.29986 -440.889 253.654
    endloop
  endfacet
  facet normal 0 0 1
    outer loop
      vertex -6.18773 -441.737 253.654
      vertex -5.8285 -442.508 253.654
      vertex -5.45111 -442.29 253.654
    endloop
  endfacet
  facet normal 2.17854e-07 -2.17854e-07 1
    outer loop
      vertex -7.3121 -441.836 253.654
      vertex -7.53209 -442.657 253.654
      vertex -7.10294 -442.733 253.654
    endloop
  endfacet
  facet normal 0 0 1
    outer loop
      vertex -5.71832 -441.409 253.654
      vertex -5.11728 -442.01 253.654
      vertex -4.83717 -441.676 253.654
    endloop
  endfacet
  facet normal -0.642791 0.766042 0
    outer loop
      vertex -8.65281 -438.474 251.654
      vertex -8.65281 -438.474 253.654
      vertex -8.31899 -438.194 253.654
    endloop
  endfacet
  facet normal -0.499999 0.866026 0
    outer loop
      vertex -8.31899 -438.194 251.654
      vertex -8.31899 -438.194 253.654
      vertex -7.94159 -437.976 253.654
    endloop
  endfacet
  facet normal -0.342022 0.939692 0
    outer loop
      vertex -7.94159 -437.976 251.654
      vertex -7.94159 -437.976 253.654
      vertex -7.53209 -437.827 253.654
    endloop
  endfacet
  facet normal -0.173643 0.984809 0
    outer loop
      vertex -7.53209 -437.827 251.654
      vertex -7.53209 -437.827 253.654
      vertex -7.10294 -437.752 253.654
    endloop
  endfacet
  facet normal -4.13274e-06 1 0
    outer loop
      vertex -7.10294 -437.752 251.654
      vertex -7.10294 -437.752 253.654
      vertex -6.66716 -437.752 253.654
    endloop
  endfacet
  facet normal 0.173649 0.984808 0
    outer loop
      vertex -6.66716 -437.752 251.654
      vertex -6.66716 -437.752 253.654
      vertex -6.238 -437.827 253.654
    endloop
  endfacet
  facet normal 0.342022 0.939692 0
    outer loop
      vertex -6.238 -437.827 251.654
      vertex -6.238 -437.827 253.654
      vertex -5.8285 -437.976 253.654
    endloop
  endfacet
  facet normal 0.499999 0.866026 0
    outer loop
      vertex -5.8285 -437.976 251.654
      vertex -5.8285 -437.976 253.654
      vertex -5.45111 -438.194 253.654
    endloop
  endfacet
  facet normal 0.64279 0.766042 0
    outer loop
      vertex -5.45111 -438.194 251.654
      vertex -5.45111 -438.194 253.654
      vertex -5.11728 -438.474 253.654
    endloop
  endfacet
  facet normal 0.766043 0.64279 0
    outer loop
      vertex -5.11728 -438.474 251.654
      vertex -5.11728 -438.474 253.654
      vertex -4.83717 -438.808 253.654
    endloop
  endfacet
  facet normal 0.866027 0.499998 0
    outer loop
      vertex -4.83717 -438.808 251.654
      vertex -4.83717 -438.808 253.654
      vertex -4.61928 -439.185 253.654
    endloop
  endfacet
  facet normal 0.939691 0.342025 0
    outer loop
      vertex -4.61928 -439.185 251.654
      vertex -4.61928 -439.185 253.654
      vertex -4.47023 -439.595 253.654
    endloop
  endfacet
  facet normal 0.984808 0.173649 0
    outer loop
      vertex -4.47023 -439.595 251.654
      vertex -4.47023 -439.595 253.654
      vertex -4.39456 -440.024 253.654
    endloop
  endfacet
  facet normal 1 -4.13274e-06 0
    outer loop
      vertex -4.39456 -440.024 251.654
      vertex -4.39456 -440.024 253.654
      vertex -4.39456 -440.46 253.654
    endloop
  endfacet
  facet normal 0.984807 -0.17365 0
    outer loop
      vertex -4.39456 -440.46 251.654
      vertex -4.39456 -440.46 253.654
      vertex -4.47023 -440.889 253.654
    endloop
  endfacet
  facet normal 0.939691 -0.342025 0
    outer loop
      vertex -4.47023 -440.889 251.654
      vertex -4.47023 -440.889 253.654
      vertex -4.61928 -441.299 253.654
    endloop
  endfacet
  facet normal 0.866026 -0.499999 0
    outer loop
      vertex -4.61928 -441.299 251.654
      vertex -4.61928 -441.299 253.654
      vertex -4.83717 -441.676 253.654
    endloop
  endfacet
  facet normal 0.76605 -0.642781 0
    outer loop
      vertex -4.83717 -441.676 251.654
      vertex -4.83717 -441.676 253.654
      vertex -5.11728 -442.01 253.654
    endloop
  endfacet
  facet normal 0.642795 -0.766039 0
    outer loop
      vertex -5.11728 -442.01 251.654
      vertex -5.11728 -442.01 253.654
      vertex -5.45111 -442.29 253.654
    endloop
  endfacet
  facet normal 0.499998 -0.866026 0
    outer loop
      vertex -5.45111 -442.29 251.654
      vertex -5.45111 -442.29 253.654
      vertex -5.8285 -442.508 253.654
    endloop
  endfacet
  facet normal 0.34202 -0.939693 0
    outer loop
      vertex -5.8285 -442.508 251.654
      vertex -5.8285 -442.508 253.654
      vertex -6.238 -442.657 253.654
    endloop
  endfacet
  facet normal 0.173643 -0.984809 0
    outer loop
      vertex -6.238 -442.657 251.654
      vertex -6.238 -442.657 253.654
      vertex -6.66716 -442.733 253.654
    endloop
  endfacet
  facet normal -4.77303e-06 -1 0
    outer loop
      vertex -6.66716 -442.733 251.654
      vertex -6.66716 -442.733 253.654
      vertex -7.10294 -442.733 253.654
    endloop
  endfacet
  facet normal -0.173649 -0.984808 0
    outer loop
      vertex -7.10294 -442.733 251.654
      vertex -7.10294 -442.733 253.654
      vertex -7.53209 -442.657 253.654
    endloop
  endfacet
  facet normal -0.342019 -0.939693 0
    outer loop
      vertex -7.53209 -442.657 251.654
      vertex -7.53209 -442.657 253.654
      vertex -7.94159 -442.508 253.654
    endloop
  endfacet
  facet normal -0.499996 -0.866028 0
    outer loop
      vertex -7.94159 -442.508 251.654
      vertex -7.94159 -442.508 253.654
      vertex -8.31899 -442.29 253.654
    endloop
  endfacet
  facet normal -0.64279 -0.766043 0
    outer loop
      vertex -8.31899 -442.29 251.654
      vertex -8.31899 -442.29 253.654
      vertex -8.65281 -442.01 253.654
    endloop
  endfacet
  facet normal -0.766043 -0.64279 -0
    outer loop
      vertex -8.65281 -442.01 251.654
      vertex -8.65281 -442.01 253.654
      vertex -8.93293 -441.676 253.654
    endloop
  endfacet
  facet normal -0.866029 -0.499994 -0
    outer loop
      vertex -8.93293 -441.676 251.654
      vertex -8.93293 -441.676 253.654
      vertex -9.15082 -441.299 253.654
    endloop
  endfacet
  facet normal -0.939692 -0.342022 -0
    outer loop
      vertex -9.15082 -441.299 251.654
      vertex -9.15082 -441.299 253.654
      vertex -9.29986 -440.889 253.654
    endloop
  endfacet
  facet normal -0.984808 -0.173647 -0
    outer loop
      vertex -9.29986 -440.889 251.654
      vertex -9.29986 -440.889 253.654
      vertex -9.37553 -440.46 253.654
    endloop
  endfacet
  facet normal -1 -1.80444e-06 -0
    outer loop
      vertex -9.37553 -440.46 251.654
      vertex -9.37553 -440.46 253.654
      vertex -9.37553 -440.024 253.654
    endloop
  endfacet
  facet normal -0.984808 0.173647 -0
    outer loop
      vertex -9.37553 -440.024 251.654
      vertex -9.37553 -440.024 253.654
      vertex -9.29986 -439.595 253.654
    endloop
  endfacet
  facet normal -0.939693 0.34202 -0
    outer loop
      vertex -9.29986 -439.595 251.654
      vertex -9.29986 -439.595 253.654
      vertex -9.15082 -439.185 253.654
    endloop
  endfacet
  facet normal -0.866024 0.500002 -0
    outer loop
      vertex -9.15082 -439.185 251.654
      vertex -9.15082 -439.185 253.654
      vertex -8.93293 -438.808 253.654
    endloop
  endfacet
  facet normal -0.766047 0.642785 -0
    outer loop
      vertex -8.93293 -438.808 251.654
      vertex -8.93293 -438.808 253.654
      vertex -8.65281 -438.474 253.654
    endloop
  endfacet
  facet normal -0.766041 0.642791 -0
    outer loop
      vertex -8.65281 -438.474 253.654
      vertex -8.65281 -438.474 251.654
      vertex -8.93293 -438.808 251.654
    endloop
  endfacet
  facet normal -0.866026 0.499998 -0
    outer loop
      vertex -8.93293 -438.808 253.654
      vertex -8.93293 -438.808 251.654
      vertex -9.15082 -439.185 251.654
    endloop
  endfacet
  facet normal -0.939691 0.342024 -0
    outer loop
      vertex -9.15082 -439.185 253.654
      vertex -9.15082 -439.185 251.654
      vertex -9.29986 -439.595 251.654
    endloop
  endfacet
  facet normal -0.984809 0.173643 -0
    outer loop
      vertex -9.29986 -439.595 253.654
      vertex -9.29986 -439.595 251.654
      vertex -9.37553 -440.024 251.654
    endloop
  endfacet
  facet normal -1 1.10595e-06 -0
    outer loop
      vertex -9.37553 -440.024 253.654
      vertex -9.37553 -440.024 251.654
      vertex -9.37553 -440.46 251.654
    endloop
  endfacet
  facet normal -0.984808 -0.173649 -0
    outer loop
      vertex -9.37553 -440.46 253.654
      vertex -9.37553 -440.46 251.654
      vertex -9.29986 -440.889 251.654
    endloop
  endfacet
  facet normal -0.939692 -0.342022 -0
    outer loop
      vertex -9.29986 -440.889 253.654
      vertex -9.29986 -440.889 251.654
      vertex -9.15082 -441.299 251.654
    endloop
  endfacet
  facet normal -0.866028 -0.499995 -0
    outer loop
      vertex -9.15082 -441.299 253.654
      vertex -9.15082 -441.299 251.654
      vertex -8.93293 -441.676 251.654
    endloop
  endfacet
  facet normal -0.766042 -0.64279 -0
    outer loop
      vertex -8.93293 -441.676 253.654
      vertex -8.93293 -441.676 251.654
      vertex -8.65281 -442.01 251.654
    endloop
  endfacet
  facet normal -0.64279 -0.766043 0
    outer loop
      vertex -8.65281 -442.01 253.654
      vertex -8.65281 -442.01 251.654
      vertex -8.31899 -442.29 251.654
    endloop
  endfacet
  facet normal -0.499994 -0.866029 0
    outer loop
      vertex -8.31899 -442.29 253.654
      vertex -8.31899 -442.29 251.654
      vertex -7.94159 -442.508 251.654
    endloop
  endfacet
  facet normal -0.342025 -0.939691 0
    outer loop
      vertex -7.94159 -442.508 253.654
      vertex -7.94159 -442.508 251.654
      vertex -7.53209 -442.657 251.654
    endloop
  endfacet
  facet normal -0.173649 -0.984808 0
    outer loop
      vertex -7.53209 -442.657 253.654
      vertex -7.53209 -442.657 251.654
      vertex -7.10294 -442.733 251.654
    endloop
  endfacet
  facet normal 1.10595e-06 -1 0
    outer loop
      vertex -7.10294 -442.733 253.654
      vertex -7.10294 -442.733 251.654
      vertex -6.66716 -442.733 251.654
    endloop
  endfacet
  facet normal 0.17365 -0.984807 0
    outer loop
      vertex -6.66716 -442.733 253.654
      vertex -6.66716 -442.733 251.654
      vertex -6.238 -442.657 251.654
    endloop
  endfacet
  facet normal 0.342027 -0.93969 0
    outer loop
      vertex -6.238 -442.657 253.654
      vertex -6.238 -442.657 251.654
      vertex -5.8285 -442.508 251.654
    endloop
  endfacet
  facet normal 0.499998 -0.866026 0
    outer loop
      vertex -5.8285 -442.508 253.654
      vertex -5.8285 -442.508 251.654
      vertex -5.45111 -442.29 251.654
    endloop
  endfacet
  facet normal 0.642782 -0.766049 0
    outer loop
      vertex -5.45111 -442.29 253.654
      vertex -5.45111 -442.29 251.654
      vertex -5.11728 -442.01 251.654
    endloop
  endfacet
  facet normal 0.766039 -0.642794 0
    outer loop
      vertex -5.11728 -442.01 253.654
      vertex -5.11728 -442.01 251.654
      vertex -4.83717 -441.676 251.654
    endloop
  endfacet
  facet normal 0.866026 -0.499999 0
    outer loop
      vertex -4.83717 -441.676 253.654
      vertex -4.83717 -441.676 251.654
      vertex -4.61928 -441.299 251.654
    endloop
  endfacet
  facet normal 0.939693 -0.342018 0
    outer loop
      vertex -4.61928 -441.299 253.654
      vertex -4.61928 -441.299 251.654
      vertex -4.47023 -440.889 251.654
    endloop
  endfacet
  facet normal 0.984809 -0.173643 0
    outer loop
      vertex -4.47023 -440.889 253.654
      vertex -4.47023 -440.889 251.654
      vertex -4.39456 -440.46 251.654
    endloop
  endfacet
  facet normal 1 1.74623e-06 0
    outer loop
      vertex -4.39456 -440.46 253.654
      vertex -4.39456 -440.46 251.654
      vertex -4.39456 -440.024 251.654
    endloop
  endfacet
  facet normal 0.984808 0.173649 0
    outer loop
      vertex -4.39456 -440.024 253.654
      vertex -4.39456 -440.024 251.654
      vertex -4.47023 -439.595 251.654
    endloop
  endfacet
  facet normal 0.939693 0.342019 0
    outer loop
      vertex -4.47023 -439.595 253.654
      vertex -4.47023 -439.595 251.654
      vertex -4.61928 -439.185 251.654
    endloop
  endfacet
  facet normal 0.866026 0.499999 0
    outer loop
      vertex -4.61928 -439.185 253.654
      vertex -4.61928 -439.185 251.654
      vertex -4.83717 -438.808 251.654
    endloop
  endfacet
  facet normal 0.766043 0.64279 0
    outer loop
      vertex -4.83717 -438.808 253.654
      vertex -4.83717 -438.808 251.654
      vertex -5.11728 -438.474 251.654
    endloop
  endfacet
  facet normal 0.64279 0.766043 0
    outer loop
      vertex -5.11728 -438.474 253.654
      vertex -5.11728 -438.474 251.654
      vertex -5.45111 -438.194 251.654
    endloop
  endfacet
  facet normal 0.499998 0.866027 0
    outer loop
      vertex -5.45111 -438.194 253.654
      vertex -5.45111 -438.194 251.654
      vertex -5.8285 -437.976 251.654
    endloop
  endfacet
  facet normal 0.342022 0.939692 0
    outer loop
      vertex -5.8285 -437.976 253.654
      vertex -5.8285 -437.976 251.654
      vertex -6.238 -437.827 251.654
    endloop
  endfacet
  facet normal 0.173647 0.984808 0
    outer loop
      vertex -6.238 -437.827 253.654
      vertex -6.238 -437.827 251.654
      vertex -6.66716 -437.752 251.654
    endloop
  endfacet
  facet normal -1.22236e-06 1 0
    outer loop
      vertex -6.66716 -437.752 253.654
      vertex -6.66716 -437.752 251.654
      vertex -7.10294 -437.752 251.654
    endloop
  endfacet
  facet normal -0.173647 0.984808 0
    outer loop
      vertex -7.10294 -437.752 253.654
      vertex -7.10294 -437.752 251.654
      vertex -7.53209 -437.827 251.654
    endloop
  endfacet
  facet normal -0.342018 0.939693 0
    outer loop
      vertex -7.53209 -437.827 253.654
      vertex -7.53209 -437.827 251.654
      vertex -7.94159 -437.976 251.654
    endloop
  endfacet
  facet normal -0.500003 0.866024 0
    outer loop
      vertex -7.94159 -437.976 253.654
      vertex -7.94159 -437.976 251.654
      vertex -8.31899 -438.194 251.654
    endloop
  endfacet
  facet normal -0.642784 0.766047 0
    outer loop
      vertex -8.31899 -438.194 253.654
      vertex -8.31899 -438.194 251.654
      vertex -8.65281 -438.474 251.654
    endloop
  endfacet
  facet normal 0.642783 -0.766048 0
    outer loop
      vertex -31.8731 -414.849 253.654
      vertex -32.0934 -415.034 253.654
      vertex -32.0934 -415.034 249.254
    endloop
  endfacet
  facet normal 0.49999 -0.866031 0
    outer loop
      vertex -31.624 -414.705 253.654
      vertex -31.8731 -414.849 253.654
      vertex -31.8731 -414.849 249.254
    endloop
  endfacet
  facet normal 0.34203 -0.939689 0
    outer loop
      vertex -31.3537 -414.607 253.654
      vertex -31.624 -414.705 253.654
      vertex -31.624 -414.705 249.254
    endloop
  endfacet
  facet normal 0.173645 -0.984808 0
    outer loop
      vertex -31.0705 -414.557 253.654
      vertex -31.3537 -414.607 253.654
      vertex -31.3537 -414.607 249.254
    endloop
  endfacet
  facet normal 4.5402e-06 -1 0
    outer loop
      vertex -30.7829 -414.557 253.654
      vertex -31.0705 -414.557 253.654
      vertex -31.0705 -414.557 249.254
    endloop
  endfacet
  facet normal -0.173651 -0.984807 0
    outer loop
      vertex -30.4996 -414.607 253.654
      vertex -30.7829 -414.557 253.654
      vertex -30.7829 -414.557 249.254
    endloop
  endfacet
  facet normal -0.342017 -0.939694 0
    outer loop
      vertex -30.2294 -414.705 253.654
      vertex -30.4996 -414.607 253.654
      vertex -30.4996 -414.607 249.254
    endloop
  endfacet
  facet normal -0.500003 -0.866024 0
    outer loop
      vertex -29.9803 -414.849 253.654
      vertex -30.2294 -414.705 253.654
      vertex -30.2294 -414.705 249.254
    endloop
  endfacet
  facet normal -0.642786 -0.766045 0
    outer loop
      vertex -29.76 -415.034 253.654
      vertex -29.9803 -414.849 253.654
      vertex -29.9803 -414.849 249.254
    endloop
  endfacet
  facet normal -0.766045 -0.642787 -0
    outer loop
      vertex -29.5751 -415.254 253.654
      vertex -29.76 -415.034 253.654
      vertex -29.76 -415.034 249.254
    endloop
  endfacet
  facet normal -0.866022 -0.500005 -0
    outer loop
      vertex -29.4313 -415.503 253.654
      vertex -29.5751 -415.254 253.654
      vertex -29.5751 -415.254 249.254
    endloop
  endfacet
  facet normal -0.939695 -0.342012 -0
    outer loop
      vertex -29.3329 -415.773 253.654
      vertex -29.4313 -415.503 253.654
      vertex -29.4313 -415.503 249.254
    endloop
  endfacet
  facet normal -0.984807 -0.173651 -0
    outer loop
      vertex -29.283 -416.057 253.654
      vertex -29.3329 -415.773 253.654
      vertex -29.3329 -415.773 249.254
    endloop
  endfacet
  facet normal -1 4.5402e-06 -0
    outer loop
      vertex -29.283 -416.344 253.654
      vertex -29.283 -416.057 253.654
      vertex -29.283 -416.057 249.254
    endloop
  endfacet
  facet normal -0.984807 0.173654 -0
    outer loop
      vertex -29.3329 -416.627 253.654
      vertex -29.283 -416.344 253.654
      vertex -29.283 -416.344 249.254
    endloop
  endfacet
  facet normal -0.939689 0.34203 -0
    outer loop
      vertex -29.4313 -416.898 253.654
      vertex -29.3329 -416.627 253.654
      vertex -29.3329 -416.627 249.254
    endloop
  endfacet
  facet normal -0.866026 0.499999 -0
    outer loop
      vertex -29.5751 -417.147 253.654
      vertex -29.4313 -416.898 253.654
      vertex -29.4313 -416.898 249.254
    endloop
  endfacet
  facet normal -0.766041 0.642792 -0
    outer loop
      vertex -29.76 -417.367 253.654
      vertex -29.5751 -417.147 253.654
      vertex -29.5751 -417.147 249.254
    endloop
  endfacet
  facet normal -0.642783 0.766048 0
    outer loop
      vertex -29.9803 -417.552 253.654
      vertex -29.76 -417.367 253.654
      vertex -29.76 -417.367 249.254
    endloop
  endfacet
  facet normal -0.500001 0.866025 0
    outer loop
      vertex -30.2294 -417.696 253.654
      vertex -29.9803 -417.552 253.654
      vertex -29.9803 -417.552 249.254
    endloop
  endfacet
  facet normal -0.342023 0.939692 0
    outer loop
      vertex -30.4996 -417.794 253.654
      vertex -30.2294 -417.696 253.654
      vertex -30.2294 -417.696 249.254
    endloop
  endfacet
  facet normal -0.173635 0.98481 0
    outer loop
      vertex -30.7829 -417.844 253.654
      vertex -30.4996 -417.794 253.654
      vertex -30.4996 -417.794 249.254
    endloop
  endfacet
  facet normal 3.60887e-06 1 0
    outer loop
      vertex -31.0705 -417.844 253.654
      vertex -30.7829 -417.844 253.654
      vertex -30.7829 -417.844 249.254
    endloop
  endfacet
  facet normal 0.173651 0.984807 0
    outer loop
      vertex -31.3537 -417.794 253.654
      vertex -31.0705 -417.844 253.654
      vertex -31.0705 -417.844 249.254
    endloop
  endfacet
  facet normal 0.342021 0.939692 0
    outer loop
      vertex -31.624 -417.696 253.654
      vertex -31.3537 -417.794 253.654
      vertex -31.3537 -417.794 249.254
    endloop
  endfacet
  facet normal 0.500003 0.866024 0
    outer loop
      vertex -31.8731 -417.552 253.654
      vertex -31.624 -417.696 253.654
      vertex -31.624 -417.696 249.254
    endloop
  endfacet
  facet normal 0.642786 0.766045 0
    outer loop
      vertex -32.0934 -417.367 253.654
      vertex -31.8731 -417.552 253.654
      vertex -31.8731 -417.552 249.254
    endloop
  endfacet
  facet normal 0.766045 0.642787 0
    outer loop
      vertex -32.2783 -417.147 253.654
      vertex -32.0934 -417.367 253.654
      vertex -32.0934 -417.367 249.254
    endloop
  endfacet
  facet normal 0.866022 0.500005 0
    outer loop
      vertex -32.4221 -416.898 253.654
      vertex -32.2783 -417.147 253.654
      vertex -32.2783 -417.147 249.254
    endloop
  endfacet
  facet normal 0.939695 0.342012 0
    outer loop
      vertex -32.5205 -416.627 253.654
      vertex -32.4221 -416.898 253.654
      vertex -32.4221 -416.898 249.254
    endloop
  endfacet
  facet normal 0.984806 0.173658 0
    outer loop
      vertex -32.5704 -416.344 253.654
      vertex -32.5205 -416.627 253.654
      vertex -32.5205 -416.627 249.254
    endloop
  endfacet
  facet normal 1 -4.5402e-06 0
    outer loop
      vertex -32.5704 -416.057 253.654
      vertex -32.5704 -416.344 253.654
      vertex -32.5704 -416.344 249.254
    endloop
  endfacet
  facet normal 0.984808 -0.173645 0
    outer loop
      vertex -32.5205 -415.773 253.654
      vertex -32.5704 -416.057 253.654
      vertex -32.5704 -416.057 249.254
    endloop
  endfacet
  facet normal 0.939692 -0.342023 0
    outer loop
      vertex -32.4221 -415.503 253.654
      vertex -32.5205 -415.773 253.654
      vertex -32.5205 -415.773 249.254
    endloop
  endfacet
  facet normal 0.866025 -0.500001 0
    outer loop
      vertex -32.2783 -415.254 253.654
      vertex -32.4221 -415.503 253.654
      vertex -32.4221 -415.503 249.254
    endloop
  endfacet
  facet normal 0.766041 -0.642792 0
    outer loop
      vertex -32.0934 -415.034 253.654
      vertex -32.2783 -415.254 253.654
      vertex -32.2783 -415.254 249.254
    endloop
  endfacet
  facet normal 0.766048 -0.642783 0
    outer loop
      vertex -32.2783 -415.254 249.254
      vertex -32.0934 -415.034 249.254
      vertex -32.0934 -415.034 253.654
    endloop
  endfacet
  facet normal 0.866031 -0.499991 0
    outer loop
      vertex -32.4221 -415.503 249.254
      vertex -32.2783 -415.254 249.254
      vertex -32.2783 -415.254 253.654
    endloop
  endfacet
  facet normal 0.939688 -0.342032 0
    outer loop
      vertex -32.5205 -415.773 249.254
      vertex -32.4221 -415.503 249.254
      vertex -32.4221 -415.503 253.654
    endloop
  endfacet
  facet normal 0.984808 -0.173645 0
    outer loop
      vertex -32.5704 -416.057 249.254
      vertex -32.5205 -415.773 249.254
      vertex -32.5205 -415.773 253.654
    endloop
  endfacet
  facet normal 1 -4.5402e-06 0
    outer loop
      vertex -32.5704 -416.344 249.254
      vertex -32.5704 -416.057 249.254
      vertex -32.5704 -416.057 253.654
    endloop
  endfacet
  facet normal 0.984807 0.173651 0
    outer loop
      vertex -32.5205 -416.627 249.254
      vertex -32.5704 -416.344 249.254
      vertex -32.5704 -416.344 253.654
    endloop
  endfacet
  facet normal 0.939694 0.342017 0
    outer loop
      vertex -32.4221 -416.898 249.254
      vertex -32.5205 -416.627 249.254
      vertex -32.5205 -416.627 253.654
    endloop
  endfacet
  facet normal 0.866024 0.500003 0
    outer loop
      vertex -32.2783 -417.147 249.254
      vertex -32.4221 -416.898 249.254
      vertex -32.4221 -416.898 253.654
    endloop
  endfacet
  facet normal 0.766045 0.642786 0
    outer loop
      vertex -32.0934 -417.367 249.254
      vertex -32.2783 -417.147 249.254
      vertex -32.2783 -417.147 253.654
    endloop
  endfacet
  facet normal 0.642787 0.766045 0
    outer loop
      vertex -31.8731 -417.552 249.254
      vertex -32.0934 -417.367 249.254
      vertex -32.0934 -417.367 253.654
    endloop
  endfacet
  facet normal 0.500005 0.866022 0
    outer loop
      vertex -31.624 -417.696 249.254
      vertex -31.8731 -417.552 249.254
      vertex -31.8731 -417.552 253.654
    endloop
  endfacet
  facet normal 0.342012 0.939695 0
    outer loop
      vertex -31.3537 -417.794 249.254
      vertex -31.624 -417.696 249.254
      vertex -31.624 -417.696 253.654
    endloop
  endfacet
  facet normal 0.173651 0.984807 0
    outer loop
      vertex -31.0705 -417.844 249.254
      vertex -31.3537 -417.794 249.254
      vertex -31.3537 -417.794 253.654
    endloop
  endfacet
  facet normal -4.5402e-06 1 0
    outer loop
      vertex -30.7829 -417.844 249.254
      vertex -31.0705 -417.844 249.254
      vertex -31.0705 -417.844 253.654
    endloop
  endfacet
  facet normal -0.173654 0.984807 0
    outer loop
      vertex -30.4996 -417.794 249.254
      vertex -30.7829 -417.844 249.254
      vertex -30.7829 -417.844 253.654
    endloop
  endfacet
  facet normal -0.342032 0.939688 0
    outer loop
      vertex -30.2294 -417.696 249.254
      vertex -30.4996 -417.794 249.254
      vertex -30.4996 -417.794 253.654
    endloop
  endfacet
  facet normal -0.500001 0.866025 0
    outer loop
      vertex -29.9803 -417.552 249.254
      vertex -30.2294 -417.696 249.254
      vertex -30.2294 -417.696 253.654
    endloop
  endfacet
  facet normal -0.642792 0.766041 0
    outer loop
      vertex -29.76 -417.367 249.254
      vertex -29.9803 -417.552 249.254
      vertex -29.9803 -417.552 253.654
    endloop
  endfacet
  facet normal -0.766048 0.642783 -0
    outer loop
      vertex -29.5751 -417.147 249.254
      vertex -29.76 -417.367 249.254
      vertex -29.76 -417.367 253.654
    endloop
  endfacet
  facet normal -0.866026 0.499999 -0
    outer loop
      vertex -29.4313 -416.898 249.254
      vertex -29.5751 -417.147 249.254
      vertex -29.5751 -417.147 253.654
    endloop
  endfacet
  facet normal -0.939693 0.34202 -0
    outer loop
      vertex -29.3329 -416.627 249.254
      vertex -29.4313 -416.898 249.254
      vertex -29.4313 -416.898 253.654
    endloop
  endfacet
  facet normal -0.98481 0.173635 -0
    outer loop
      vertex -29.283 -416.344 249.254
      vertex -29.3329 -416.627 249.254
      vertex -29.3329 -416.627 253.654
    endloop
  endfacet
  facet normal -1 -3.60887e-06 -0
    outer loop
      vertex -29.283 -416.057 249.254
      vertex -29.283 -416.344 249.254
      vertex -29.283 -416.344 253.654
    endloop
  endfacet
  facet normal -0.984807 -0.173651 -0
    outer loop
      vertex -29.3329 -415.773 249.254
      vertex -29.283 -416.057 249.254
      vertex -29.283 -416.057 253.654
    endloop
  endfacet
  facet normal -0.939692 -0.342021 -0
    outer loop
      vertex -29.4313 -415.503 249.254
      vertex -29.3329 -415.773 249.254
      vertex -29.3329 -415.773 253.654
    endloop
  endfacet
  facet normal -0.866024 -0.500003 -0
    outer loop
      vertex -29.5751 -415.254 249.254
      vertex -29.4313 -415.503 249.254
      vertex -29.4313 -415.503 253.654
    endloop
  endfacet
  facet normal -0.766045 -0.642786 -0
    outer loop
      vertex -29.76 -415.034 249.254
      vertex -29.5751 -415.254 249.254
      vertex -29.5751 -415.254 253.654
    endloop
  endfacet
  facet normal -0.642787 -0.766045 0
    outer loop
      vertex -29.9803 -414.849 249.254
      vertex -29.76 -415.034 249.254
      vertex -29.76 -415.034 253.654
    endloop
  endfacet
  facet normal -0.500005 -0.866022 0
    outer loop
      vertex -30.2294 -414.705 249.254
      vertex -29.9803 -414.849 249.254
      vertex -29.9803 -414.849 253.654
    endloop
  endfacet
  facet normal -0.342012 -0.939695 0
    outer loop
      vertex -30.4996 -414.607 249.254
      vertex -30.2294 -414.705 249.254
      vertex -30.2294 -414.705 253.654
    endloop
  endfacet
  facet normal -0.173658 -0.984806 0
    outer loop
      vertex -30.7829 -414.557 249.254
      vertex -30.4996 -414.607 249.254
      vertex -30.4996 -414.607 253.654
    endloop
  endfacet
  facet normal 4.5402e-06 -1 0
    outer loop
      vertex -31.0705 -414.557 249.254
      vertex -30.7829 -414.557 249.254
      vertex -30.7829 -414.557 253.654
    endloop
  endfacet
  facet normal 0.173645 -0.984808 0
    outer loop
      vertex -31.3537 -414.607 249.254
      vertex -31.0705 -414.557 249.254
      vertex -31.0705 -414.557 253.654
    endloop
  endfacet
  facet normal 0.34202 -0.939693 0
    outer loop
      vertex -31.624 -414.705 249.254
      vertex -31.3537 -414.607 249.254
      vertex -31.3537 -414.607 253.654
    endloop
  endfacet
  facet normal 0.499999 -0.866026 0
    outer loop
      vertex -31.8731 -414.849 249.254
      vertex -31.624 -414.705 249.254
      vertex -31.624 -414.705 253.654
    endloop
  endfacet
  facet normal 0.642792 -0.766041 0
    outer loop
      vertex -32.0934 -415.034 249.254
      vertex -31.8731 -414.849 249.254
      vertex -31.8731 -414.849 253.654
    endloop
  endfacet
  facet normal 4.35711e-07 -4.35711e-07 1
    outer loop
      vertex -29.8701 -413.935 253.654
      vertex -30.2796 -413.786 253.654
      vertex -30.4996 -414.607 253.654
    endloop
  endfacet
  facet normal 0 0 1
    outer loop
      vertex -30.2796 -413.786 253.654
      vertex -30.7088 -413.71 253.654
      vertex -30.7829 -414.557 253.654
    endloop
  endfacet
  facet normal 0 0 1
    outer loop
      vertex -30.7088 -413.71 253.654
      vertex -31.1446 -413.71 253.654
      vertex -31.0705 -414.557 253.654
    endloop
  endfacet
  facet normal 2.17856e-07 -2.17856e-07 1
    outer loop
      vertex -31.1446 -413.71 253.654
      vertex -31.5737 -413.786 253.654
      vertex -31.3537 -414.607 253.654
    endloop
  endfacet
  facet normal -1.65042e-07 1.65042e-07 1
    outer loop
      vertex -29.1589 -414.433 253.654
      vertex -29.76 -415.034 253.654
      vertex -29.5751 -415.254 253.654
    endloop
  endfacet
  facet normal 0 0 1
    outer loop
      vertex -29.1589 -414.433 253.654
      vertex -29.4927 -414.152 253.654
      vertex -29.9803 -414.849 253.654
    endloop
  endfacet
  facet normal 4.35709e-07 -4.35709e-07 1
    outer loop
      vertex -29.4927 -414.152 253.654
      vertex -29.8701 -413.935 253.654
      vertex -30.2294 -414.705 253.654
    endloop
  endfacet
  facet normal -6.60161e-07 6.60161e-07 1
    outer loop
      vertex -30.7829 -414.557 253.654
      vertex -30.4996 -414.607 253.654
      vertex -30.2796 -413.786 253.654
    endloop
  endfacet
  facet normal 0 0 1
    outer loop
      vertex -31.3537 -414.607 253.654
      vertex -31.0705 -414.557 253.654
      vertex -31.1446 -413.71 253.654
    endloop
  endfacet
  facet normal -2.17853e-07 2.17853e-07 1
    outer loop
      vertex -31.5737 -413.786 253.654
      vertex -31.9832 -413.935 253.654
      vertex -31.624 -414.705 253.654
    endloop
  endfacet
  facet normal 2.47561e-07 -2.47561e-07 1
    outer loop
      vertex -28.8788 -414.766 253.654
      vertex -29.5751 -415.254 253.654
      vertex -29.4313 -415.503 253.654
    endloop
  endfacet
  facet normal 0 0 1
    outer loop
      vertex -29.9803 -414.849 253.654
      vertex -29.76 -415.034 253.654
      vertex -29.1589 -414.433 253.654
    endloop
  endfacet
  facet normal 0 0 1
    outer loop
      vertex -30.4996 -414.607 253.654
      vertex -30.2294 -414.705 253.654
      vertex -29.8701 -413.935 253.654
    endloop
  endfacet
  facet normal 0 0 1
    outer loop
      vertex -31.624 -414.705 253.654
      vertex -31.3537 -414.607 253.654
      vertex -31.5737 -413.786 253.654
    endloop
  endfacet
  facet normal 0 0 1
    outer loop
      vertex -32.3606 -414.152 253.654
      vertex -32.6944 -414.433 253.654
      vertex -32.0934 -415.034 253.654
    endloop
  endfacet
  facet normal 0 0 1
    outer loop
      vertex -32.6944 -414.433 253.654
      vertex -32.9746 -414.766 253.654
      vertex -32.2783 -415.254 253.654
    endloop
  endfacet
  facet normal 0 0 1
    outer loop
      vertex -33.1924 -415.144 253.654
      vertex -33.3415 -415.553 253.654
      vertex -32.5205 -415.773 253.654
    endloop
  endfacet
  facet normal 0 0 1
    outer loop
      vertex -33.3415 -415.553 253.654
      vertex -33.4172 -415.982 253.654
      vertex -32.5704 -416.057 253.654
    endloop
  endfacet
  facet normal 1.90622e-07 -1.90622e-07 1
    outer loop
      vertex -29.5751 -415.254 253.654
      vertex -28.8788 -414.766 253.654
      vertex -29.1589 -414.433 253.654
    endloop
  endfacet
  facet normal 0 0 1
    outer loop
      vertex -31.0705 -414.557 253.654
      vertex -30.7829 -414.557 253.654
      vertex -30.7088 -413.71 253.654
    endloop
  endfacet
  facet normal 0 0 1
    outer loop
      vertex -31.9832 -413.935 253.654
      vertex -32.3606 -414.152 253.654
      vertex -31.8731 -414.849 253.654
    endloop
  endfacet
  facet normal 0 0 1
    outer loop
      vertex -32.2783 -415.254 253.654
      vertex -32.0934 -415.034 253.654
      vertex -32.6944 -414.433 253.654
    endloop
  endfacet
  facet normal 0 0 1
    outer loop
      vertex -32.9746 -414.766 253.654
      vertex -33.1924 -415.144 253.654
      vertex -32.4221 -415.503 253.654
    endloop
  endfacet
  facet normal 0 0 1
    outer loop
      vertex -32.5704 -416.057 253.654
      vertex -32.5205 -415.773 253.654
      vertex -33.3415 -415.553 253.654
    endloop
  endfacet
  facet normal 0 0 1
    outer loop
      vertex -33.4172 -415.982 253.654
      vertex -33.4172 -416.418 253.654
      vertex -32.5704 -416.344 253.654
    endloop
  endfacet
  facet normal 0 0 1
    outer loop
      vertex -33.4172 -416.418 253.654
      vertex -33.3415 -416.847 253.654
      vertex -32.5205 -416.627 253.654
    endloop
  endfacet
  facet normal -2.47562e-07 2.47562e-07 1
    outer loop
      vertex -32.9746 -417.634 253.654
      vertex -32.2783 -417.147 253.654
      vertex -32.4221 -416.898 253.654
    endloop
  endfacet
  facet normal 0 0 1
    outer loop
      vertex -32.9746 -417.634 253.654
      vertex -32.6944 -417.968 253.654
      vertex -32.0934 -417.367 253.654
    endloop
  endfacet
  facet normal -1.65042e-07 1.65042e-07 1
    outer loop
      vertex -32.3606 -418.248 253.654
      vertex -31.8731 -417.552 253.654
      vertex -32.0934 -417.367 253.654
    endloop
  endfacet
  facet normal -4.35705e-07 4.35705e-07 1
    outer loop
      vertex -32.3606 -418.248 253.654
      vertex -31.9832 -418.466 253.654
      vertex -31.624 -417.696 253.654
    endloop
  endfacet
  facet normal 0 0 1
    outer loop
      vertex -28.5119 -416.847 253.654
      vertex -29.3329 -416.627 253.654
      vertex -29.4313 -416.898 253.654
    endloop
  endfacet
  facet normal 3.30081e-07 -3.30081e-07 1
    outer loop
      vertex -28.4362 -416.418 253.654
      vertex -29.283 -416.344 253.654
      vertex -29.3329 -416.627 253.654
    endloop
  endfacet
  facet normal 0 0 1
    outer loop
      vertex -30.2294 -414.705 253.654
      vertex -29.9803 -414.849 253.654
      vertex -29.4927 -414.152 253.654
    endloop
  endfacet
  facet normal 0 0 1
    outer loop
      vertex -32.0934 -415.034 253.654
      vertex -31.8731 -414.849 253.654
      vertex -32.3606 -414.152 253.654
    endloop
  endfacet
  facet normal 0 0 1
    outer loop
      vertex -32.5205 -415.773 253.654
      vertex -32.4221 -415.503 253.654
      vertex -33.1924 -415.144 253.654
    endloop
  endfacet
  facet normal 0 0 1
    outer loop
      vertex -32.5205 -416.627 253.654
      vertex -32.5704 -416.344 253.654
      vertex -33.4172 -416.418 253.654
    endloop
  endfacet
  facet normal 4.35711e-07 -4.35711e-07 1
    outer loop
      vertex -33.3415 -416.847 253.654
      vertex -33.1924 -417.257 253.654
      vertex -32.4221 -416.898 253.654
    endloop
  endfacet
  facet normal 0 0 1
    outer loop
      vertex -32.0934 -417.367 253.654
      vertex -32.2783 -417.147 253.654
      vertex -32.9746 -417.634 253.654
    endloop
  endfacet
  facet normal 0 0 1
    outer loop
      vertex -31.624 -417.696 253.654
      vertex -31.8731 -417.552 253.654
      vertex -32.3606 -418.248 253.654
    endloop
  endfacet
  facet normal 1.65042e-07 -1.65042e-07 1
    outer loop
      vertex -31.5737 -418.615 253.654
      vertex -31.3537 -417.794 253.654
      vertex -31.624 -417.696 253.654
    endloop
  endfacet
  facet normal 0 0 1
    outer loop
      vertex -30.2796 -418.615 253.654
      vertex -30.4996 -417.794 253.654
      vertex -30.7829 -417.844 253.654
    endloop
  endfacet
  facet normal 0 0 1
    outer loop
      vertex -29.8701 -418.466 253.654
      vertex -30.2294 -417.696 253.654
      vertex -30.4996 -417.794 253.654
    endloop
  endfacet
  facet normal -3.30089e-07 3.30089e-07 1
    outer loop
      vertex -28.6609 -417.257 253.654
      vertex -29.4313 -416.898 253.654
      vertex -29.5751 -417.147 253.654
    endloop
  endfacet
  facet normal -2.17854e-07 2.17854e-07 1
    outer loop
      vertex -29.3329 -416.627 253.654
      vertex -28.5119 -416.847 253.654
      vertex -28.4362 -416.418 253.654
    endloop
  endfacet
  facet normal 3.30083e-07 -3.30083e-07 1
    outer loop
      vertex -31.8731 -414.849 253.654
      vertex -31.624 -414.705 253.654
      vertex -31.9832 -413.935 253.654
    endloop
  endfacet
  facet normal 0 0 1
    outer loop
      vertex -32.5704 -416.344 253.654
      vertex -32.5704 -416.057 253.654
      vertex -33.4172 -415.982 253.654
    endloop
  endfacet
  facet normal 2.72317e-07 -2.72317e-07 1
    outer loop
      vertex -32.4221 -416.898 253.654
      vertex -33.1924 -417.257 253.654
      vertex -32.9746 -417.634 253.654
    endloop
  endfacet
  facet normal -2.17858e-07 2.17858e-07 1
    outer loop
      vertex -31.624 -417.696 253.654
      vertex -31.9832 -418.466 253.654
      vertex -31.5737 -418.615 253.654
    endloop
  endfacet
  facet normal -1.6504e-07 1.6504e-07 1
    outer loop
      vertex -31.1446 -418.691 253.654
      vertex -31.0705 -417.844 253.654
      vertex -31.3537 -417.794 253.654
    endloop
  endfacet
  facet normal 0 0 1
    outer loop
      vertex -30.7088 -418.691 253.654
      vertex -30.7829 -417.844 253.654
      vertex -31.0705 -417.844 253.654
    endloop
  endfacet
  facet normal 0 0 1
    outer loop
      vertex -30.4996 -417.794 253.654
      vertex -30.2796 -418.615 253.654
      vertex -29.8701 -418.466 253.654
    endloop
  endfacet
  facet normal 0 0 1
    outer loop
      vertex -29.4927 -418.248 253.654
      vertex -29.9803 -417.552 253.654
      vertex -30.2294 -417.696 253.654
    endloop
  endfacet
  facet normal 2.17853e-07 -2.17853e-07 1
    outer loop
      vertex -29.4313 -416.898 253.654
      vertex -28.6609 -417.257 253.654
      vertex -28.5119 -416.847 253.654
    endloop
  endfacet
  facet normal 0 0 1
    outer loop
      vertex -28.4362 -415.982 253.654
      vertex -29.283 -416.057 253.654
      vertex -29.283 -416.344 253.654
    endloop
  endfacet
  facet normal 4.95123e-07 -4.95123e-07 1
    outer loop
      vertex -28.5119 -415.553 253.654
      vertex -29.3329 -415.773 253.654
      vertex -29.283 -416.057 253.654
    endloop
  endfacet
  facet normal 0 0 1
    outer loop
      vertex -28.5119 -415.553 253.654
      vertex -28.6609 -415.144 253.654
      vertex -29.4313 -415.503 253.654
    endloop
  endfacet
  facet normal 0 0 1
    outer loop
      vertex -32.4221 -415.503 253.654
      vertex -32.2783 -415.254 253.654
      vertex -32.9746 -414.766 253.654
    endloop
  endfacet
  facet normal 1.90621e-07 -1.90621e-07 1
    outer loop
      vertex -32.0934 -417.367 253.654
      vertex -32.6944 -417.968 253.654
      vertex -32.3606 -418.248 253.654
    endloop
  endfacet
  facet normal 0 0 1
    outer loop
      vertex -31.0705 -417.844 253.654
      vertex -31.1446 -418.691 253.654
      vertex -30.7088 -418.691 253.654
    endloop
  endfacet
  facet normal 0 0 1
    outer loop
      vertex -30.2294 -417.696 253.654
      vertex -29.8701 -418.466 253.654
      vertex -29.4927 -418.248 253.654
    endloop
  endfacet
  facet normal 0 0 1
    outer loop
      vertex -29.283 -416.344 253.654
      vertex -28.4362 -416.418 253.654
      vertex -28.4362 -415.982 253.654
    endloop
  endfacet
  facet normal -6.60171e-07 6.60171e-07 1
    outer loop
      vertex -29.4313 -415.503 253.654
      vertex -29.3329 -415.773 253.654
      vertex -28.5119 -415.553 253.654
    endloop
  endfacet
  facet normal 0 0 1
    outer loop
      vertex -32.4221 -416.898 253.654
      vertex -32.5205 -416.627 253.654
      vertex -33.3415 -416.847 253.654
    endloop
  endfacet
  facet normal 0 0 1
    outer loop
      vertex -30.7829 -417.844 253.654
      vertex -30.7088 -418.691 253.654
      vertex -30.2796 -418.615 253.654
    endloop
  endfacet
  facet normal 0 0 1
    outer loop
      vertex -28.8788 -417.634 253.654
      vertex -29.5751 -417.147 253.654
      vertex -29.76 -417.367 253.654
    endloop
  endfacet
  facet normal -2.17853e-07 2.17853e-07 1
    outer loop
      vertex -29.283 -416.057 253.654
      vertex -28.4362 -415.982 253.654
      vertex -28.5119 -415.553 253.654
    endloop
  endfacet
  facet normal 2.17854e-07 -2.17854e-07 1
    outer loop
      vertex -31.3537 -417.794 253.654
      vertex -31.5737 -418.615 253.654
      vertex -31.1446 -418.691 253.654
    endloop
  endfacet
  facet normal 0 0 1
    outer loop
      vertex -29.1589 -417.968 253.654
      vertex -29.76 -417.367 253.654
      vertex -29.9803 -417.552 253.654
    endloop
  endfacet
  facet normal 0 0 1
    outer loop
      vertex -29.5751 -417.147 253.654
      vertex -28.8788 -417.634 253.654
      vertex -28.6609 -417.257 253.654
    endloop
  endfacet
  facet normal 0 0 1
    outer loop
      vertex -29.9803 -417.552 253.654
      vertex -29.4927 -418.248 253.654
      vertex -29.1589 -417.968 253.654
    endloop
  endfacet
  facet normal -3.2678e-07 3.2678e-07 1
    outer loop
      vertex -29.4313 -415.503 253.654
      vertex -28.6609 -415.144 253.654
      vertex -28.8788 -414.766 253.654
    endloop
  endfacet
  facet normal 0 0 1
    outer loop
      vertex -29.76 -417.367 253.654
      vertex -29.1589 -417.968 253.654
      vertex -28.8788 -417.634 253.654
    endloop
  endfacet
  facet normal -0.642788 0.766044 0
    outer loop
      vertex -32.6944 -414.433 251.654
      vertex -32.6944 -414.433 253.654
      vertex -32.3606 -414.152 253.654
    endloop
  endfacet
  facet normal -0.499999 0.866026 0
    outer loop
      vertex -32.3606 -414.152 251.654
      vertex -32.3606 -414.152 253.654
      vertex -31.9832 -413.935 253.654
    endloop
  endfacet
  facet normal -0.342018 0.939693 0
    outer loop
      vertex -31.9832 -413.935 251.654
      vertex -31.9832 -413.935 253.654
      vertex -31.5737 -413.786 253.654
    endloop
  endfacet
  facet normal -0.17365 0.984807 0
    outer loop
      vertex -31.5737 -413.786 251.654
      vertex -31.5737 -413.786 253.654
      vertex -31.1446 -413.71 253.654
    endloop
  endfacet
  facet normal -4.13274e-06 1 0
    outer loop
      vertex -31.1446 -413.71 251.654
      vertex -31.1446 -413.71 253.654
      vertex -30.7088 -413.71 253.654
    endloop
  endfacet
  facet normal 0.173645 0.984808 0
    outer loop
      vertex -30.7088 -413.71 251.654
      vertex -30.7088 -413.71 253.654
      vertex -30.2796 -413.786 253.654
    endloop
  endfacet
  facet normal 0.342022 0.939692 0
    outer loop
      vertex -30.2796 -413.786 251.654
      vertex -30.2796 -413.786 253.654
      vertex -29.8701 -413.935 253.654
    endloop
  endfacet
  facet normal 0.499999 0.866026 0
    outer loop
      vertex -29.8701 -413.935 251.654
      vertex -29.8701 -413.935 253.654
      vertex -29.4927 -414.152 253.654
    endloop
  endfacet
  facet normal 0.642789 0.766043 0
    outer loop
      vertex -29.4927 -414.152 251.654
      vertex -29.4927 -414.152 253.654
      vertex -29.1589 -414.433 253.654
    endloop
  endfacet
  facet normal 0.766042 0.64279 0
    outer loop
      vertex -29.1589 -414.433 251.654
      vertex -29.1589 -414.433 253.654
      vertex -28.8788 -414.766 253.654
    endloop
  endfacet
  facet normal 0.866026 0.499999 0
    outer loop
      vertex -28.8788 -414.766 251.654
      vertex -28.8788 -414.766 253.654
      vertex -28.6609 -415.144 253.654
    endloop
  endfacet
  facet normal 0.939693 0.342019 0
    outer loop
      vertex -28.6609 -415.144 251.654
      vertex -28.6609 -415.144 253.654
      vertex -28.5119 -415.553 253.654
    endloop
  endfacet
  facet normal 0.984808 0.173649 0
    outer loop
      vertex -28.5119 -415.553 251.654
      vertex -28.5119 -415.553 253.654
      vertex -28.4362 -415.982 253.654
    endloop
  endfacet
  facet normal 1 1.74623e-06 0
    outer loop
      vertex -28.4362 -415.982 251.654
      vertex -28.4362 -415.982 253.654
      vertex -28.4362 -416.418 253.654
    endloop
  endfacet
  facet normal 0.984809 -0.173643 0
    outer loop
      vertex -28.4362 -416.418 251.654
      vertex -28.4362 -416.418 253.654
      vertex -28.5119 -416.847 253.654
    endloop
  endfacet
  facet normal 0.939691 -0.342025 0
    outer loop
      vertex -28.5119 -416.847 251.654
      vertex -28.5119 -416.847 253.654
      vertex -28.6609 -417.257 253.654
    endloop
  endfacet
  facet normal 0.866026 -0.499999 0
    outer loop
      vertex -28.6609 -417.257 251.654
      vertex -28.6609 -417.257 253.654
      vertex -28.8788 -417.634 253.654
    endloop
  endfacet
  facet normal 0.766044 -0.642788 0
    outer loop
      vertex -28.8788 -417.634 251.654
      vertex -28.8788 -417.634 253.654
      vertex -29.1589 -417.968 253.654
    endloop
  endfacet
  facet normal 0.642782 -0.766049 0
    outer loop
      vertex -29.1589 -417.968 251.654
      vertex -29.1589 -417.968 253.654
      vertex -29.4927 -418.248 253.654
    endloop
  endfacet
  facet normal 0.499998 -0.866026 0
    outer loop
      vertex -29.4927 -418.248 251.654
      vertex -29.4927 -418.248 253.654
      vertex -29.8701 -418.466 253.654
    endloop
  endfacet
  facet normal 0.34202 -0.939693 0
    outer loop
      vertex -29.8701 -418.466 251.654
      vertex -29.8701 -418.466 253.654
      vertex -30.2796 -418.615 253.654
    endloop
  endfacet
  facet normal 0.17365 -0.984807 0
    outer loop
      vertex -30.2796 -418.615 251.654
      vertex -30.2796 -418.615 253.654
      vertex -30.7088 -418.691 253.654
    endloop
  endfacet
  facet normal 1.10595e-06 -1 0
    outer loop
      vertex -30.7088 -418.691 251.654
      vertex -30.7088 -418.691 253.654
      vertex -31.1446 -418.691 253.654
    endloop
  endfacet
  facet normal -0.173649 -0.984808 0
    outer loop
      vertex -31.1446 -418.691 251.654
      vertex -31.1446 -418.691 253.654
      vertex -31.5737 -418.615 253.654
    endloop
  endfacet
  facet normal -0.342022 -0.939692 0
    outer loop
      vertex -31.5737 -418.615 251.654
      vertex -31.5737 -418.615 253.654
      vertex -31.9832 -418.466 253.654
    endloop
  endfacet
  facet normal -0.499994 -0.866029 0
    outer loop
      vertex -31.9832 -418.466 251.654
      vertex -31.9832 -418.466 253.654
      vertex -32.3606 -418.248 253.654
    endloop
  endfacet
  facet normal -0.64279 -0.766043 0
    outer loop
      vertex -32.3606 -418.248 251.654
      vertex -32.3606 -418.248 253.654
      vertex -32.6944 -417.968 253.654
    endloop
  endfacet
  facet normal -0.766043 -0.64279 -0
    outer loop
      vertex -32.6944 -417.968 251.654
      vertex -32.6944 -417.968 253.654
      vertex -32.9746 -417.634 253.654
    endloop
  endfacet
  facet normal -0.866029 -0.499994 -0
    outer loop
      vertex -32.9746 -417.634 251.654
      vertex -32.9746 -417.634 253.654
      vertex -33.1924 -417.257 253.654
    endloop
  endfacet
  facet normal -0.939692 -0.342022 -0
    outer loop
      vertex -33.1924 -417.257 251.654
      vertex -33.1924 -417.257 253.654
      vertex -33.3415 -416.847 253.654
    endloop
  endfacet
  facet normal -0.984807 -0.173654 -0
    outer loop
      vertex -33.3415 -416.847 251.654
      vertex -33.3415 -416.847 253.654
      vertex -33.4172 -416.418 253.654
    endloop
  endfacet
  facet normal -1 -4.77303e-06 -0
    outer loop
      vertex -33.4172 -416.418 251.654
      vertex -33.4172 -416.418 253.654
      vertex -33.4172 -415.982 253.654
    endloop
  endfacet
  facet normal -0.984807 0.17365 -0
    outer loop
      vertex -33.4172 -415.982 251.654
      vertex -33.4172 -415.982 253.654
      vertex -33.3415 -415.553 253.654
    endloop
  endfacet
  facet normal -0.939693 0.34202 -0
    outer loop
      vertex -33.3415 -415.553 251.654
      vertex -33.3415 -415.553 253.654
      vertex -33.1924 -415.144 253.654
    endloop
  endfacet
  facet normal -0.866026 0.499998 -0
    outer loop
      vertex -33.1924 -415.144 251.654
      vertex -33.1924 -415.144 253.654
      vertex -32.9746 -414.766 253.654
    endloop
  endfacet
  facet normal -0.766044 0.642788 -0
    outer loop
      vertex -32.9746 -414.766 251.654
      vertex -32.9746 -414.766 253.654
      vertex -32.6944 -414.433 253.654
    endloop
  endfacet
  facet normal -0.766044 0.642788 -0
    outer loop
      vertex -32.6944 -414.433 253.654
      vertex -32.6944 -414.433 251.654
      vertex -32.9746 -414.766 251.654
    endloop
  endfacet
  facet normal -0.866026 0.499998 -0
    outer loop
      vertex -32.9746 -414.766 253.654
      vertex -32.9746 -414.766 251.654
      vertex -33.1924 -415.144 251.654
    endloop
  endfacet
  facet normal -0.939693 0.34202 -0
    outer loop
      vertex -33.1924 -415.144 253.654
      vertex -33.1924 -415.144 251.654
      vertex -33.3415 -415.553 251.654
    endloop
  endfacet
  facet normal -0.984807 0.17365 -0
    outer loop
      vertex -33.3415 -415.553 253.654
      vertex -33.3415 -415.553 251.654
      vertex -33.4172 -415.982 251.654
    endloop
  endfacet
  facet normal -1 1.10595e-06 -0
    outer loop
      vertex -33.4172 -415.982 253.654
      vertex -33.4172 -415.982 251.654
      vertex -33.4172 -416.418 251.654
    endloop
  endfacet
  facet normal -0.984808 -0.173645 -0
    outer loop
      vertex -33.4172 -416.418 253.654
      vertex -33.4172 -416.418 251.654
      vertex -33.3415 -416.847 251.654
    endloop
  endfacet
  facet normal -0.939692 -0.342022 -0
    outer loop
      vertex -33.3415 -416.847 253.654
      vertex -33.3415 -416.847 251.654
      vertex -33.1924 -417.257 251.654
    endloop
  endfacet
  facet normal -0.866028 -0.499996 -0
    outer loop
      vertex -33.1924 -417.257 253.654
      vertex -33.1924 -417.257 251.654
      vertex -32.9746 -417.634 251.654
    endloop
  endfacet
  facet normal -0.766043 -0.642789 -0
    outer loop
      vertex -32.9746 -417.634 253.654
      vertex -32.9746 -417.634 251.654
      vertex -32.6944 -417.968 251.654
    endloop
  endfacet
  facet normal -0.64279 -0.766042 0
    outer loop
      vertex -32.6944 -417.968 253.654
      vertex -32.6944 -417.968 251.654
      vertex -32.3606 -418.248 251.654
    endloop
  endfacet
  facet normal -0.499996 -0.866028 0
    outer loop
      vertex -32.3606 -418.248 253.654
      vertex -32.3606 -418.248 251.654
      vertex -31.9832 -418.466 251.654
    endloop
  endfacet
  facet normal -0.342019 -0.939693 0
    outer loop
      vertex -31.9832 -418.466 253.654
      vertex -31.9832 -418.466 251.654
      vertex -31.5737 -418.615 251.654
    endloop
  endfacet
  facet normal -0.173649 -0.984808 0
    outer loop
      vertex -31.5737 -418.615 253.654
      vertex -31.5737 -418.615 251.654
      vertex -31.1446 -418.691 251.654
    endloop
  endfacet
  facet normal -4.77303e-06 -1 0
    outer loop
      vertex -31.1446 -418.691 253.654
      vertex -31.1446 -418.691 251.654
      vertex -30.7088 -418.691 251.654
    endloop
  endfacet
  facet normal 0.173643 -0.984809 0
    outer loop
      vertex -30.7088 -418.691 253.654
      vertex -30.7088 -418.691 251.654
      vertex -30.2796 -418.615 251.654
    endloop
  endfacet
  facet normal 0.342027 -0.93969 0
    outer loop
      vertex -30.2796 -418.615 253.654
      vertex -30.2796 -418.615 251.654
      vertex -29.8701 -418.466 251.654
    endloop
  endfacet
  facet normal 0.499998 -0.866026 0
    outer loop
      vertex -29.8701 -418.466 253.654
      vertex -29.8701 -418.466 251.654
      vertex -29.4927 -418.248 251.654
    endloop
  endfacet
  facet normal 0.642788 -0.766044 0
    outer loop
      vertex -29.4927 -418.248 253.654
      vertex -29.4927 -418.248 251.654
      vertex -29.1589 -417.968 251.654
    endloop
  endfacet
  facet normal 0.76605 -0.642781 0
    outer loop
      vertex -29.1589 -417.968 253.654
      vertex -29.1589 -417.968 251.654
      vertex -28.8788 -417.634 251.654
    endloop
  endfacet
  facet normal 0.866026 -0.499999 0
    outer loop
      vertex -28.8788 -417.634 253.654
      vertex -28.8788 -417.634 251.654
      vertex -28.6609 -417.257 251.654
    endloop
  endfacet
  facet normal 0.939693 -0.342018 0
    outer loop
      vertex -28.6609 -417.257 253.654
      vertex -28.6609 -417.257 251.654
      vertex -28.5119 -416.847 251.654
    endloop
  endfacet
  facet normal 0.984807 -0.17365 0
    outer loop
      vertex -28.5119 -416.847 253.654
      vertex -28.5119 -416.847 251.654
      vertex -28.4362 -416.418 251.654
    endloop
  endfacet
  facet normal 1 -4.13274e-06 0
    outer loop
      vertex -28.4362 -416.418 253.654
      vertex -28.4362 -416.418 251.654
      vertex -28.4362 -415.982 251.654
    endloop
  endfacet
  facet normal 0.984808 0.173649 0
    outer loop
      vertex -28.4362 -415.982 253.654
      vertex -28.4362 -415.982 251.654
      vertex -28.5119 -415.553 251.654
    endloop
  endfacet
  facet normal 0.939692 0.342022 0
    outer loop
      vertex -28.5119 -415.553 253.654
      vertex -28.5119 -415.553 251.654
      vertex -28.6609 -415.144 251.654
    endloop
  endfacet
  facet normal 0.866027 0.499998 0
    outer loop
      vertex -28.6609 -415.144 253.654
      vertex -28.6609 -415.144 251.654
      vertex -28.8788 -414.766 251.654
    endloop
  endfacet
  facet normal 0.766043 0.64279 0
    outer loop
      vertex -28.8788 -414.766 253.654
      vertex -28.8788 -414.766 251.654
      vertex -29.1589 -414.433 251.654
    endloop
  endfacet
  facet normal 0.64279 0.766043 0
    outer loop
      vertex -29.1589 -414.433 253.654
      vertex -29.1589 -414.433 251.654
      vertex -29.4927 -414.152 251.654
    endloop
  endfacet
  facet normal 0.499998 0.866027 0
    outer loop
      vertex -29.4927 -414.152 253.654
      vertex -29.4927 -414.152 251.654
      vertex -29.8701 -413.935 251.654
    endloop
  endfacet
  facet normal 0.342022 0.939692 0
    outer loop
      vertex -29.8701 -413.935 253.654
      vertex -29.8701 -413.935 251.654
      vertex -30.2796 -413.786 251.654
    endloop
  endfacet
  facet normal 0.173654 0.984807 0
    outer loop
      vertex -30.2796 -413.786 253.654
      vertex -30.2796 -413.786 251.654
      vertex -30.7088 -413.71 251.654
    endloop
  endfacet
  facet normal 1.74623e-06 1 0
    outer loop
      vertex -30.7088 -413.71 253.654
      vertex -30.7088 -413.71 251.654
      vertex -31.1446 -413.71 251.654
    endloop
  endfacet
  facet normal -0.17365 0.984807 0
    outer loop
      vertex -31.1446 -413.71 253.654
      vertex -31.1446 -413.71 251.654
      vertex -31.5737 -413.786 251.654
    endloop
  endfacet
  facet normal -0.342018 0.939693 0
    outer loop
      vertex -31.5737 -413.786 253.654
      vertex -31.5737 -413.786 251.654
      vertex -31.9832 -413.935 251.654
    endloop
  endfacet
  facet normal -0.499999 0.866026 0
    outer loop
      vertex -31.9832 -413.935 253.654
      vertex -31.9832 -413.935 251.654
      vertex -32.3606 -414.152 251.654
    endloop
  endfacet
  facet normal -0.642788 0.766044 0
    outer loop
      vertex -32.3606 -414.152 253.654
      vertex -32.3606 -414.152 251.654
      vertex -32.6944 -414.433 251.654
    endloop
  endfacet
  facet normal -1.59494e-11 1.59489e-11 -1
    outer loop
      vertex -41.2655 -369.266 251.654
      vertex -41.2659 -369.265 251.654
      vertex -26.8539 -354.853 251.654
    endloop
  endfacet
  facet normal -0.707107 0.707107 -0
    outer loop
      vertex -41.2659 -369.265 254.654
      vertex -21.4669 -349.466 254.654
      vertex -26.8539 -354.853 251.654
    endloop
  endfacet
  facet normal -0.707107 0.707107 -0
    outer loop
      vertex -21.4669 -349.466 254.654
      vertex -21.4669 -349.466 251.654
      vertex -26.8539 -354.853 251.654
    endloop
  endfacet
  facet normal -0.707107 0.707107 -0
    outer loop
      vertex -26.8539 -354.853 251.654
      vertex -41.2659 -369.265 251.654
      vertex -41.2659 -369.265 254.654
    endloop
  endfacet
  facet normal -0.707107 -0.707107 -1.73195e-08
    outer loop
      vertex -40.5588 -369.972 254.654
      vertex -41.2659 -369.265 254.654
      vertex -41.2655 -369.266 251.654
    endloop
  endfacet
  facet normal -0.707107 -0.707107 -0
    outer loop
      vertex -41.2659 -369.265 254.654
      vertex -41.2659 -369.265 251.654
      vertex -41.2655 -369.266 251.654
    endloop
  endfacet
  facet normal -0.707107 -0.707107 -0
    outer loop
      vertex -41.2655 -369.266 251.654
      vertex -40.5588 -369.972 251.654
      vertex -40.5588 -369.972 254.654
    endloop
  endfacet
  facet normal 0.707107 -0.707107 0
    outer loop
      vertex -20.7598 -350.173 254.654
      vertex -40.5588 -369.972 254.654
      vertex -30.8823 -360.296 251.654
    endloop
  endfacet
  facet normal 0.707107 -0.707107 0
    outer loop
      vertex -40.5588 -369.972 254.654
      vertex -40.5588 -369.972 251.654
      vertex -30.8823 -360.296 251.654
    endloop
  endfacet
  facet normal 0.707107 -0.707107 0
    outer loop
      vertex -30.8823 -360.296 251.654
      vertex -20.7598 -350.173 251.654
      vertex -20.7598 -350.173 254.654
    endloop
  endfacet
  facet normal 0.707107 0.707107 0
    outer loop
      vertex -20.7598 -350.173 254.654
      vertex -20.7598 -350.173 251.654
      vertex -21.4669 -349.466 251.654
    endloop
  endfacet
  facet normal 0.707107 0.707107 0
    outer loop
      vertex -21.4669 -349.466 251.654
      vertex -21.4669 -349.466 254.654
      vertex -20.7598 -350.173 254.654
    endloop
  endfacet
  facet normal 0 0 1
    outer loop
      vertex -21.4669 -349.466 254.654
      vertex -41.2659 -369.265 254.654
      vertex -40.5588 -369.972 254.654
    endloop
  endfacet
  facet normal 0 0 1
    outer loop
      vertex -40.5588 -369.972 254.654
      vertex -20.7598 -350.173 254.654
      vertex -21.4669 -349.466 254.654
    endloop
  endfacet
  facet normal -7.7475e-22 7.7475e-22 1
    outer loop
      vertex 4.37558 -359.579 251.654
      vertex 3.93125 -364.706 251.654
      vertex 4.21886 -364.706 251.654
    endloop
  endfacet
  facet normal 0 0 1
    outer loop
      vertex 6.01963 -371.228 251.654
      vertex 11.0224 -366.226 251.654
      vertex 5.42666 -367.296 251.654
    endloop
  endfacet
  facet normal 6.56206e-21 -6.56206e-21 1
    outer loop
      vertex 11.0224 -366.226 251.654
      vertex 5.66884 -366.776 251.654
      vertex 5.57047 -367.047 251.654
    endloop
  endfacet
  facet normal 7.48923e-22 -7.48923e-22 1
    outer loop
      vertex 11.0224 -366.226 251.654
      vertex 5.71878 -366.206 251.654
      vertex 5.71878 -366.493 251.654
    endloop
  endfacet
  facet normal 3.99446e-21 -3.99446e-21 1
    outer loop
      vertex 4.37558 -359.579 251.654
      vertex 3.64801 -364.756 251.654
      vertex 3.93125 -364.706 251.654
    endloop
  endfacet
  facet normal 1.95207e-21 -1.95207e-21 1
    outer loop
      vertex 4.37558 -359.579 251.654
      vertex 3.12865 -364.998 251.654
      vertex 3.37774 -364.854 251.654
    endloop
  endfacet
  facet normal 0 0 1
    outer loop
      vertex -0.627203 -364.582 251.654
      vertex 2.43134 -366.493 251.654
      vertex 2.43134 -366.206 251.654
    endloop
  endfacet
  facet normal 0 0 1
    outer loop
      vertex 5.57047 -367.047 251.654
      vertex 5.42666 -367.296 251.654
      vertex 11.0224 -366.226 251.654
    endloop
  endfacet
  facet normal -7.60975e-22 7.60975e-22 1
    outer loop
      vertex 11.0224 -366.226 251.654
      vertex 5.66884 -365.922 251.654
      vertex 5.71878 -366.206 251.654
    endloop
  endfacet
  facet normal 0 0 1
    outer loop
      vertex 11.0224 -366.226 251.654
      vertex 4.37558 -359.579 251.654
      vertex 5.24178 -365.183 251.654
    endloop
  endfacet
  facet normal -8.23856e-22 8.23856e-22 1
    outer loop
      vertex 4.37558 -359.579 251.654
      vertex 4.50211 -364.756 251.654
      vertex 4.77238 -364.854 251.654
    endloop
  endfacet
  facet normal -6.88426e-21 6.88426e-21 1
    outer loop
      vertex 3.37774 -364.854 251.654
      vertex 3.64801 -364.756 251.654
      vertex 4.37558 -359.579 251.654
    endloop
  endfacet
  facet normal -1.17527e-21 1.17527e-21 1
    outer loop
      vertex -0.627203 -364.582 251.654
      vertex 2.48128 -365.922 251.654
      vertex 2.57965 -365.652 251.654
    endloop
  endfacet
  facet normal 0 0 1
    outer loop
      vertex -0.627203 -364.582 251.654
      vertex 2.48128 -366.776 251.654
      vertex 2.43134 -366.493 251.654
    endloop
  endfacet
  facet normal 0 0 1
    outer loop
      vertex 6.01963 -371.228 251.654
      vertex 4.21886 -367.993 251.654
      vertex 3.93125 -367.993 251.654
    endloop
  endfacet
  facet normal -6.13827e-21 6.13827e-21 1
    outer loop
      vertex 5.71878 -366.493 251.654
      vertex 5.66884 -366.776 251.654
      vertex 11.0224 -366.226 251.654
    endloop
  endfacet
  facet normal 8.95656e-22 -8.95656e-22 1
    outer loop
      vertex 11.0224 -366.226 251.654
      vertex 5.42666 -365.403 251.654
      vertex 5.57046 -365.652 251.654
    endloop
  endfacet
  facet normal 2.12629e-21 -2.12629e-21 1
    outer loop
      vertex 4.37558 -359.579 251.654
      vertex 5.02146 -364.998 251.654
      vertex 5.24178 -365.183 251.654
    endloop
  endfacet
  facet normal 0 0 1
    outer loop
      vertex 4.21886 -364.706 251.654
      vertex 4.50211 -364.756 251.654
      vertex 4.37558 -359.579 251.654
    endloop
  endfacet
  facet normal 0 0 1
    outer loop
      vertex 2.43134 -366.206 251.654
      vertex 2.48128 -365.922 251.654
      vertex -0.627203 -364.582 251.654
    endloop
  endfacet
  facet normal 0 0 1
    outer loop
      vertex -0.627203 -364.582 251.654
      vertex 2.72345 -367.296 251.654
      vertex 2.57965 -367.047 251.654
    endloop
  endfacet
  facet normal 0 0 1
    outer loop
      vertex 6.01963 -371.228 251.654
      vertex 3.12865 -367.701 251.654
      vertex 2.90833 -367.516 251.654
    endloop
  endfacet
  facet normal 0 0 1
    outer loop
      vertex 6.01963 -371.228 251.654
      vertex 3.64801 -367.943 251.654
      vertex 3.37774 -367.845 251.654
    endloop
  endfacet
  facet normal 0 0 1
    outer loop
      vertex 6.01963 -371.228 251.654
      vertex 4.50211 -367.943 251.654
      vertex 4.21886 -367.993 251.654
    endloop
  endfacet
  facet normal -2.23527e-21 2.23527e-21 1
    outer loop
      vertex 6.01963 -371.228 251.654
      vertex 5.02146 -367.701 251.654
      vertex 4.77238 -367.845 251.654
    endloop
  endfacet
  facet normal 0 0 1
    outer loop
      vertex 5.57046 -365.652 251.654
      vertex 5.66884 -365.922 251.654
      vertex 11.0224 -366.226 251.654
    endloop
  endfacet
  facet normal 0 0 1
    outer loop
      vertex 4.77238 -364.854 251.654
      vertex 5.02146 -364.998 251.654
      vertex 4.37558 -359.579 251.654
    endloop
  endfacet
  facet normal 0 0 1
    outer loop
      vertex -0.627203 -364.582 251.654
      vertex 2.90833 -365.183 251.654
      vertex 3.12865 -364.998 251.654
    endloop
  endfacet
  facet normal 0 0 1
    outer loop
      vertex 2.57965 -367.047 251.654
      vertex 2.48128 -366.776 251.654
      vertex -0.627203 -364.582 251.654
    endloop
  endfacet
  facet normal 0 0 1
    outer loop
      vertex 2.90833 -367.516 251.654
      vertex -0.627203 -364.582 251.654
      vertex 6.01963 -371.228 251.654
    endloop
  endfacet
  facet normal 0 0 1
    outer loop
      vertex 3.93125 -367.993 251.654
      vertex 3.64801 -367.943 251.654
      vertex 6.01963 -371.228 251.654
    endloop
  endfacet
  facet normal 0 0 1
    outer loop
      vertex 6.01963 -371.228 251.654
      vertex 5.24178 -367.516 251.654
      vertex 5.02146 -367.701 251.654
    endloop
  endfacet
  facet normal 0 0 1
    outer loop
      vertex 5.24178 -365.183 251.654
      vertex 5.42666 -365.403 251.654
      vertex 11.0224 -366.226 251.654
    endloop
  endfacet
  facet normal 0 0 1
    outer loop
      vertex -0.627203 -364.582 251.654
      vertex 2.72346 -365.403 251.654
      vertex 2.90833 -365.183 251.654
    endloop
  endfacet
  facet normal 0 0 1
    outer loop
      vertex 2.90833 -367.516 251.654
      vertex 2.72345 -367.296 251.654
      vertex -0.627203 -364.582 251.654
    endloop
  endfacet
  facet normal 0 0 1
    outer loop
      vertex 4.77238 -367.845 251.654
      vertex 4.50211 -367.943 251.654
      vertex 6.01963 -371.228 251.654
    endloop
  endfacet
  facet normal 0 0 1
    outer loop
      vertex 3.12865 -364.998 251.654
      vertex 4.37558 -359.579 251.654
      vertex -0.627203 -364.582 251.654
    endloop
  endfacet
  facet normal 0 0 1
    outer loop
      vertex 3.37774 -367.845 251.654
      vertex 3.12865 -367.701 251.654
      vertex 6.01963 -371.228 251.654
    endloop
  endfacet
  facet normal 2.39822e-21 -2.39822e-21 1
    outer loop
      vertex 2.57965 -365.652 251.654
      vertex 2.72346 -365.403 251.654
      vertex -0.627203 -364.582 251.654
    endloop
  endfacet
  facet normal 0 0 1
    outer loop
      vertex 21.3285 -376.532 251.654
      vertex 16.3257 -381.534 251.654
      vertex 27.7808 -392.99 251.654
    endloop
  endfacet
  facet normal 0 0 1
    outer loop
      vertex 44.7337 -409.942 251.654
      vertex 49.7365 -404.94 251.654
      vertex 44.3175 -406.187 251.654
    endloop
  endfacet
  facet normal -3.99446e-21 3.99446e-21 1
    outer loop
      vertex 49.7365 -404.94 251.654
      vertex 44.6096 -405.384 251.654
      vertex 44.5597 -405.667 251.654
    endloop
  endfacet
  facet normal -7.82467e-22 7.82467e-22 1
    outer loop
      vertex 49.7365 -404.94 251.654
      vertex 44.5597 -404.813 251.654
      vertex 44.6096 -405.096 251.654
    endloop
  endfacet
  facet normal 0 0 1
    outer loop
      vertex 38.0869 -403.296 251.654
      vertex 41.7992 -404.073 251.654
      vertex 42.0195 -403.889 251.654
    endloop
  endfacet
  facet normal 0 0 1
    outer loop
      vertex 38.0869 -403.296 251.654
      vertex 41.3722 -405.667 251.654
      vertex 41.3222 -405.384 251.654
    endloop
  endfacet
  facet normal 0 0 1
    outer loop
      vertex 38.0869 -403.296 251.654
      vertex 41.6143 -406.187 251.654
      vertex 41.4705 -405.938 251.654
    endloop
  endfacet
  facet normal 1.17527e-21 -1.17527e-21 1
    outer loop
      vertex 44.7337 -409.942 251.654
      vertex 43.6632 -406.736 251.654
      vertex 43.393 -406.834 251.654
    endloop
  endfacet
  facet normal -1.95207e-21 1.95207e-21 1
    outer loop
      vertex 49.7365 -404.94 251.654
      vertex 44.4613 -405.938 251.654
      vertex 44.3175 -406.187 251.654
    endloop
  endfacet
  facet normal 0 0 1
    outer loop
      vertex 44.6096 -405.096 251.654
      vertex 44.6096 -405.384 251.654
      vertex 49.7365 -404.94 251.654
    endloop
  endfacet
  facet normal 0 0 1
    outer loop
      vertex 42.0195 -403.889 251.654
      vertex 43.0897 -398.293 251.654
      vertex 38.0869 -403.296 251.654
    endloop
  endfacet
  facet normal 2.2353e-21 -2.2353e-21 1
    outer loop
      vertex 38.0869 -403.296 251.654
      vertex 41.4705 -404.543 251.654
      vertex 41.6143 -404.294 251.654
    endloop
  endfacet
  facet normal 0 0 1
    outer loop
      vertex 38.0869 -403.296 251.654
      vertex 41.3222 -405.096 251.654
      vertex 41.3722 -404.813 251.654
    endloop
  endfacet
  facet normal 0 0 1
    outer loop
      vertex 41.4705 -405.938 251.654
      vertex 41.3722 -405.667 251.654
      vertex 38.0869 -403.296 251.654
    endloop
  endfacet
  facet normal 0 0 1
    outer loop
      vertex 44.7337 -409.942 251.654
      vertex 43.1097 -406.884 251.654
      vertex 42.8221 -406.884 251.654
    endloop
  endfacet
  facet normal -2.39823e-21 2.39823e-21 1
    outer loop
      vertex 44.7337 -409.942 251.654
      vertex 43.9123 -406.592 251.654
      vertex 43.6632 -406.736 251.654
    endloop
  endfacet
  facet normal 6.88426e-21 -6.88426e-21 1
    outer loop
      vertex 44.5597 -405.667 251.654
      vertex 44.4613 -405.938 251.654
      vertex 49.7365 -404.94 251.654
    endloop
  endfacet
  facet normal 9.08905e-22 -9.08905e-22 1
    outer loop
      vertex 49.7365 -404.94 251.654
      vertex 44.3175 -404.294 251.654
      vertex 44.4613 -404.543 251.654
    endloop
  endfacet
  facet normal 2.11393e-21 -2.11393e-21 1
    outer loop
      vertex 43.0897 -398.293 251.654
      vertex 43.9123 -403.889 251.654
      vertex 44.1327 -404.073 251.654
    endloop
  endfacet
  facet normal -7.48926e-22 7.48926e-22 1
    outer loop
      vertex 43.0897 -398.293 251.654
      vertex 42.8221 -403.596 251.654
      vertex 43.1097 -403.596 251.654
    endloop
  endfacet
  facet normal -6.5622e-21 6.5622e-21 1
    outer loop
      vertex 43.0897 -398.293 251.654
      vertex 42.2686 -403.745 251.654
      vertex 42.5389 -403.646 251.654
    endloop
  endfacet
  facet normal 0 0 1
    outer loop
      vertex 41.6143 -404.294 251.654
      vertex 41.7992 -404.073 251.654
      vertex 38.0869 -403.296 251.654
    endloop
  endfacet
  facet normal 0 0 1
    outer loop
      vertex 41.3222 -405.384 251.654
      vertex 41.3222 -405.096 251.654
      vertex 38.0869 -403.296 251.654
    endloop
  endfacet
  facet normal 0 0 1
    outer loop
      vertex 38.0869 -403.296 251.654
      vertex 44.7337 -409.942 251.654
      vertex 41.7992 -406.407 251.654
    endloop
  endfacet
  facet normal 0 0 1
    outer loop
      vertex 44.7337 -409.942 251.654
      vertex 42.5389 -406.834 251.654
      vertex 42.2686 -406.736 251.654
    endloop
  endfacet
  facet normal 0 0 1
    outer loop
      vertex 43.393 -406.834 251.654
      vertex 43.1097 -406.884 251.654
      vertex 44.7337 -409.942 251.654
    endloop
  endfacet
  facet normal 0 0 1
    outer loop
      vertex 44.4613 -404.543 251.654
      vertex 44.5597 -404.813 251.654
      vertex 49.7365 -404.94 251.654
    endloop
  endfacet
  facet normal 0 0 1
    outer loop
      vertex 44.1327 -404.073 251.654
      vertex 49.7365 -404.94 251.654
      vertex 43.0897 -398.293 251.654
    endloop
  endfacet
  facet normal -8.06182e-22 8.06182e-22 1
    outer loop
      vertex 43.0897 -398.293 251.654
      vertex 43.393 -403.646 251.654
      vertex 43.6632 -403.745 251.654
    endloop
  endfacet
  facet normal 3.06919e-21 -3.06919e-21 1
    outer loop
      vertex 42.5389 -403.646 251.654
      vertex 42.8221 -403.596 251.654
      vertex 43.0897 -398.293 251.654
    endloop
  endfacet
  facet normal 0 0 1
    outer loop
      vertex 41.3722 -404.813 251.654
      vertex 41.4705 -404.543 251.654
      vertex 38.0869 -403.296 251.654
    endloop
  endfacet
  facet normal 0 0 1
    outer loop
      vertex 44.7337 -409.942 251.654
      vertex 42.0195 -406.592 251.654
      vertex 41.7992 -406.407 251.654
    endloop
  endfacet
  facet normal 0 0 1
    outer loop
      vertex 42.8221 -406.884 251.654
      vertex 42.5389 -406.834 251.654
      vertex 44.7337 -409.942 251.654
    endloop
  endfacet
  facet normal 0 0 1
    outer loop
      vertex 44.1327 -404.073 251.654
      vertex 44.3175 -404.294 251.654
      vertex 49.7365 -404.94 251.654
    endloop
  endfacet
  facet normal 0 0 1
    outer loop
      vertex 43.1097 -403.596 251.654
      vertex 43.393 -403.646 251.654
      vertex 43.0897 -398.293 251.654
    endloop
  endfacet
  facet normal 0 0 1
    outer loop
      vertex 41.7992 -406.407 251.654
      vertex 41.6143 -406.187 251.654
      vertex 38.0869 -403.296 251.654
    endloop
  endfacet
  facet normal 0 0 1
    outer loop
      vertex 44.7337 -409.942 251.654
      vertex 44.1327 -406.407 251.654
      vertex 43.9123 -406.592 251.654
    endloop
  endfacet
  facet normal 0 0 1
    outer loop
      vertex 43.6632 -403.745 251.654
      vertex 43.9123 -403.889 251.654
      vertex 43.0897 -398.293 251.654
    endloop
  endfacet
  facet normal 0 0 1
    outer loop
      vertex 42.2686 -406.736 251.654
      vertex 42.0195 -406.592 251.654
      vertex 44.7337 -409.942 251.654
    endloop
  endfacet
  facet normal 0 0 1
    outer loop
      vertex 42.0195 -403.889 251.654
      vertex 42.2686 -403.745 251.654
      vertex 43.0897 -398.293 251.654
    endloop
  endfacet
  facet normal 1.47662e-15 -1.47662e-15 1
    outer loop
      vertex 16.3257 -381.534 251.654
      vertex 21.3285 -376.532 251.654
      vertex 13.5476 -375.208 251.654
    endloop
  endfacet
  facet normal 1.72669e-15 -3.0447e-16 1
    outer loop
      vertex 21.3285 -376.532 251.654
      vertex 13.9902 -373.992 251.654
      vertex 13.9145 -374.421 251.654
    endloop
  endfacet
  facet normal 1.97311e-15 3.47912e-16 1
    outer loop
      vertex 21.3285 -376.532 251.654
      vertex 13.9145 -373.127 251.654
      vertex 13.9902 -373.556 251.654
    endloop
  endfacet
  facet normal -2.06795e-21 2.65804e-15 1
    outer loop
      vertex 11.0224 -366.226 251.654
      vertex 11.2818 -371.284 251.654
      vertex 11.7176 -371.284 251.654
    endloop
  endfacet
  facet normal -9.64773e-16 2.65074e-15 1
    outer loop
      vertex 11.0224 -366.226 251.654
      vertex 10.4432 -371.508 251.654
      vertex 10.8527 -371.359 251.654
    endloop
  endfacet
  facet normal -2.89783e-15 3.45352e-15 1
    outer loop
      vertex 6.01963 -371.228 251.654
      vertex 9.73196 -372.006 251.654
      vertex 10.0658 -371.726 251.654
    endloop
  endfacet
  facet normal -6.10046e-21 -2.55107e-15 1
    outer loop
      vertex 16.3257 -381.534 251.654
      vertex 11.7176 -376.264 251.654
      vertex 11.2818 -376.264 251.654
    endloop
  endfacet
  facet normal 7.12614e-16 -1.95788e-15 1
    outer loop
      vertex 16.3257 -381.534 251.654
      vertex 12.5563 -376.04 251.654
      vertex 12.1468 -376.189 251.654
    endloop
  endfacet
  facet normal 1.5733e-15 -9.08349e-16 1
    outer loop
      vertex 21.3285 -376.532 251.654
      vertex 13.7655 -374.831 251.654
      vertex 13.5476 -375.208 251.654
    endloop
  endfacet
  facet normal 1.83207e-15 1.00296e-20 1
    outer loop
      vertex 13.9902 -373.556 251.654
      vertex 13.9902 -373.992 251.654
      vertex 21.3285 -376.532 251.654
    endloop
  endfacet
  facet normal -4.64483e-16 2.63426e-15 1
    outer loop
      vertex 10.8527 -371.359 251.654
      vertex 11.2818 -371.284 251.654
      vertex 11.0224 -366.226 251.654
    endloop
  endfacet
  facet normal -2.95872e-15 2.95872e-15 1
    outer loop
      vertex 10.0658 -371.726 251.654
      vertex 11.0224 -366.226 251.654
      vertex 6.01963 -371.228 251.654
    endloop
  endfacet
  facet normal 3.89733e-16 -2.21026e-15 1
    outer loop
      vertex 12.1468 -376.189 251.654
      vertex 11.7176 -376.264 251.654
      vertex 16.3257 -381.534 251.654
    endloop
  endfacet
  facet normal 1.31804e-15 -1.57079e-15 1
    outer loop
      vertex 16.3257 -381.534 251.654
      vertex 13.2675 -375.542 251.654
      vertex 12.9337 -375.822 251.654
    endloop
  endfacet
  facet normal 1.64308e-15 -5.98037e-16 1
    outer loop
      vertex 13.9145 -374.421 251.654
      vertex 13.7655 -374.831 251.654
      vertex 21.3285 -376.532 251.654
    endloop
  endfacet
  facet normal 2.50785e-15 1.44792e-15 1
    outer loop
      vertex 21.3285 -376.532 251.654
      vertex 13.5476 -372.34 251.654
      vertex 13.7655 -372.717 251.654
    endloop
  endfacet
  facet normal -1.56864e-15 2.71696e-15 1
    outer loop
      vertex 10.0658 -371.726 251.654
      vertex 10.4432 -371.508 251.654
      vertex 11.0224 -366.226 251.654
    endloop
  endfacet
  facet normal -3.29992e-15 1.90521e-15 1
    outer loop
      vertex 6.01963 -371.228 251.654
      vertex 9.23396 -372.717 251.654
      vertex 9.45185 -372.34 251.654
    endloop
  endfacet
  facet normal -3.95409e-15 6.9719e-16 1
    outer loop
      vertex 6.01963 -371.228 251.654
      vertex 9.00924 -373.556 251.654
      vertex 9.08492 -373.127 251.654
    endloop
  endfacet
  facet normal -5.94573e-14 -5.94573e-14 1
    outer loop
      vertex 6.01963 -371.228 251.654
      vertex 9.05765 -374.266 251.654
      vertex 9.00924 -373.992 251.654
    endloop
  endfacet
  facet normal 1.01186e-15 -1.7526e-15 1
    outer loop
      vertex 12.9337 -375.822 251.654
      vertex 12.5563 -376.04 251.654
      vertex 16.3257 -381.534 251.654
    endloop
  endfacet
  facet normal 2.17728e-15 7.92455e-16 1
    outer loop
      vertex 13.7655 -372.717 251.654
      vertex 13.9145 -373.127 251.654
      vertex 21.3285 -376.532 251.654
    endloop
  endfacet
  facet normal 3.80257e-15 3.80257e-15 1
    outer loop
      vertex 21.3285 -376.532 251.654
      vertex 11.0224 -366.226 251.654
      vertex 13.2675 -372.006 251.654
    endloop
  endfacet
  facet normal -3.07998e-15 2.5844e-15 1
    outer loop
      vertex 9.45185 -372.34 251.654
      vertex 9.73196 -372.006 251.654
      vertex 6.01963 -371.228 251.654
    endloop
  endfacet
  facet normal -4.4969e-15 1.69572e-20 1
    outer loop
      vertex 9.00924 -373.992 251.654
      vertex 9.00924 -373.556 251.654
      vertex 6.01963 -371.228 251.654
    endloop
  endfacet
  facet normal 1.66252e-15 -1.395e-15 1
    outer loop
      vertex 13.5476 -375.208 251.654
      vertex 13.2675 -375.542 251.654
      vertex 16.3257 -381.534 251.654
    endloop
  endfacet
  facet normal 2.8949e-15 3.45001e-15 1
    outer loop
      vertex 11.0224 -366.226 251.654
      vertex 12.9337 -371.726 251.654
      vertex 13.2675 -372.006 251.654
    endloop
  endfacet
  facet normal 1.03575e-15 2.84569e-15 1
    outer loop
      vertex 11.0224 -366.226 251.654
      vertex 12.1468 -371.359 251.654
      vertex 12.5563 -371.508 251.654
    endloop
  endfacet
  facet normal -3.57914e-15 1.30268e-15 1
    outer loop
      vertex 9.08492 -373.127 251.654
      vertex 9.23396 -372.717 251.654
      vertex 6.01963 -371.228 251.654
    endloop
  endfacet
  facet normal 3.15311e-15 2.64577e-15 1
    outer loop
      vertex 13.2675 -372.006 251.654
      vertex 13.5476 -372.34 251.654
      vertex 21.3285 -376.532 251.654
    endloop
  endfacet
  facet normal 4.80316e-16 2.72405e-15 1
    outer loop
      vertex 11.7176 -371.284 251.654
      vertex 12.1468 -371.359 251.654
      vertex 11.0224 -366.226 251.654
    endloop
  endfacet
  facet normal 1.76527e-15 3.05754e-15 1
    outer loop
      vertex 12.5563 -371.508 251.654
      vertex 12.9337 -371.726 251.654
      vertex 11.0224 -366.226 251.654
    endloop
  endfacet
  facet normal 4.2393e-21 1.83203e-15 1
    outer loop
      vertex 32.7836 -387.987 251.654
      vertex 35.3235 -395.325 251.654
      vertex 35.7593 -395.325 251.654
    endloop
  endfacet
  facet normal -5.98031e-16 1.64306e-15 1
    outer loop
      vertex 32.7836 -387.987 251.654
      vertex 34.4848 -395.55 251.654
      vertex 34.8943 -395.401 251.654
    endloop
  endfacet
  facet normal 2.95879e-15 -2.95879e-15 1
    outer loop
      vertex 38.0869 -403.296 251.654
      vertex 43.0897 -398.293 251.654
      vertex 37.5892 -399.25 251.654
    endloop
  endfacet
  facet normal 2.63427e-15 -4.64486e-16 1
    outer loop
      vertex 43.0897 -398.293 251.654
      vertex 38.0318 -398.034 251.654
      vertex 37.9562 -398.463 251.654
    endloop
  endfacet
  facet normal 2.72411e-15 4.80325e-16 1
    outer loop
      vertex 43.0897 -398.293 251.654
      vertex 37.9562 -397.169 251.654
      vertex 38.0318 -397.598 251.654
    endloop
  endfacet
  facet normal 2.64578e-15 3.15312e-15 1
    outer loop
      vertex 32.7836 -387.987 251.654
      vertex 36.9753 -395.768 251.654
      vertex 37.3091 -396.048 251.654
    endloop
  endfacet
  facet normal 7.92466e-16 2.17729e-15 1
    outer loop
      vertex 32.7836 -387.987 251.654
      vertex 36.1884 -395.401 251.654
      vertex 36.5979 -395.55 251.654
    endloop
  endfacet
  facet normal -3.04463e-16 1.72669e-15 1
    outer loop
      vertex 34.8943 -395.401 251.654
      vertex 35.3235 -395.325 251.654
      vertex 32.7836 -387.987 251.654
    endloop
  endfacet
  facet normal 1.73708e-20 -4.49697e-15 1
    outer loop
      vertex 38.0869 -403.296 251.654
      vertex 35.7593 -400.306 251.654
      vertex 35.3235 -400.306 251.654
    endloop
  endfacet
  facet normal 1.3027e-15 -3.57919e-15 1
    outer loop
      vertex 38.0869 -403.296 251.654
      vertex 36.5979 -400.081 251.654
      vertex 36.1884 -400.23 251.654
    endloop
  endfacet
  facet normal 2.71702e-15 -1.56868e-15 1
    outer loop
      vertex 43.0897 -398.293 251.654
      vertex 37.8071 -398.872 251.654
      vertex 37.5892 -399.25 251.654
    endloop
  endfacet
  facet normal 2.65805e-15 -2.06795e-21 1
    outer loop
      vertex 38.0318 -397.598 251.654
      vertex 38.0318 -398.034 251.654
      vertex 43.0897 -398.293 251.654
    endloop
  endfacet
  facet normal 3.80256e-15 3.80256e-15 1
    outer loop
      vertex 37.3091 -396.048 251.654
      vertex 43.0897 -398.293 251.654
      vertex 32.7836 -387.987 251.654
    endloop
  endfacet
  facet normal 3.47914e-16 1.97312e-15 1
    outer loop
      vertex 35.7593 -395.325 251.654
      vertex 36.1884 -395.401 251.654
      vertex 32.7836 -387.987 251.654
    endloop
  endfacet
  facet normal -1.39497e-15 1.66247e-15 1
    outer loop
      vertex 27.7808 -392.99 251.654
      vertex 33.7736 -396.048 251.654
      vertex 34.1074 -395.768 251.654
    endloop
  endfacet
  facet normal 6.97205e-16 -3.95417e-15 1
    outer loop
      vertex 36.1884 -400.23 251.654
      vertex 35.7593 -400.306 251.654
      vertex 38.0869 -403.296 251.654
    endloop
  endfacet
  facet normal 2.58444e-15 -3.08003e-15 1
    outer loop
      vertex 38.0869 -403.296 251.654
      vertex 37.3091 -399.583 251.654
      vertex 36.9753 -399.863 251.654
    endloop
  endfacet
  facet normal 2.65079e-15 -9.6479e-16 1
    outer loop
      vertex 37.9562 -398.463 251.654
      vertex 37.8071 -398.872 251.654
      vertex 43.0897 -398.293 251.654
    endloop
  endfacet
  facet normal 3.05754e-15 1.76528e-15 1
    outer loop
      vertex 43.0897 -398.293 251.654
      vertex 37.5892 -396.382 251.654
      vertex 37.8071 -396.759 251.654
    endloop
  endfacet
  facet normal 1.44793e-15 2.50787e-15 1
    outer loop
      vertex 36.5979 -395.55 251.654
      vertex 36.9753 -395.768 251.654
      vertex 32.7836 -387.987 251.654
    endloop
  endfacet
  facet normal -1.47661e-15 1.47661e-15 1
    outer loop
      vertex 34.1074 -395.768 251.654
      vertex 32.7836 -387.987 251.654
      vertex 27.7808 -392.99 251.654
    endloop
  endfacet
  facet normal 1.90524e-15 -3.29997e-15 1
    outer loop
      vertex 36.9753 -399.863 251.654
      vertex 36.5979 -400.081 251.654
      vertex 38.0869 -403.296 251.654
    endloop
  endfacet
  facet normal 2.84567e-15 1.03574e-15 1
    outer loop
      vertex 37.8071 -396.759 251.654
      vertex 37.9562 -397.169 251.654
      vertex 43.0897 -398.293 251.654
    endloop
  endfacet
  facet normal -9.08346e-16 1.5733e-15 1
    outer loop
      vertex 34.1074 -395.768 251.654
      vertex 34.4848 -395.55 251.654
      vertex 32.7836 -387.987 251.654
    endloop
  endfacet
  facet normal -1.75257e-15 1.01185e-15 1
    outer loop
      vertex 27.7808 -392.99 251.654
      vertex 33.2756 -396.759 251.654
      vertex 33.4935 -396.382 251.654
    endloop
  endfacet
  facet normal 3.45359e-15 -2.89789e-15 1
    outer loop
      vertex 37.5892 -399.25 251.654
      vertex 37.3091 -399.583 251.654
      vertex 38.0869 -403.296 251.654
    endloop
  endfacet
  facet normal -1.57077e-15 1.31802e-15 1
    outer loop
      vertex 33.4935 -396.382 251.654
      vertex 33.7736 -396.048 251.654
      vertex 27.7808 -392.99 251.654
    endloop
  endfacet
  facet normal -2.21029e-15 3.89729e-16 1
    outer loop
      vertex 27.7808 -392.99 251.654
      vertex 33.0509 -397.598 251.654
      vertex 33.1265 -397.169 251.654
    endloop
  endfacet
  facet normal -5.9457e-14 -5.9457e-14 1
    outer loop
      vertex 27.7808 -392.99 251.654
      vertex 33.0993 -398.308 251.654
      vertex 33.0509 -398.034 251.654
    endloop
  endfacet
  facet normal 3.45015e-15 2.89502e-15 1
    outer loop
      vertex 37.3091 -396.048 251.654
      vertex 37.5892 -396.382 251.654
      vertex 43.0897 -398.293 251.654
    endloop
  endfacet
  facet normal -2.551e-15 1.65436e-21 1
    outer loop
      vertex 33.0509 -398.034 251.654
      vertex 33.0509 -397.598 251.654
      vertex 27.7808 -392.99 251.654
    endloop
  endfacet
  facet normal -1.95787e-15 7.12612e-16 1
    outer loop
      vertex 33.1265 -397.169 251.654
      vertex 33.2756 -396.759 251.654
      vertex 27.7808 -392.99 251.654
    endloop
  endfacet
  facet normal 1.75675e-14 -4.89728e-14 1
    outer loop
      vertex 4.37558 -359.579 251.654
      vertex -2.9367 -361.927 251.654
      vertex -2.98838 -362.22 251.654
    endloop
  endfacet
  facet normal 1.75752e-15 3.09912e-16 1
    outer loop
      vertex 4.37558 -359.579 251.654
      vertex -3.01238 -361.062 251.654
      vertex -2.9367 -361.492 251.654
    endloop
  endfacet
  facet normal 1.83858e-15 8.4786e-21 1
    outer loop
      vertex -2.9367 -361.492 251.654
      vertex -2.9367 -361.927 251.654
      vertex 4.37558 -359.579 251.654
    endloop
  endfacet
  facet normal 1.64814e-15 9.51549e-16 1
    outer loop
      vertex 4.37558 -359.579 251.654
      vertex -3.37931 -360.275 251.654
      vertex -3.16142 -360.653 251.654
    endloop
  endfacet
  facet normal 1.59072e-15 1.59072e-15 1
    outer loop
      vertex 4.37558 -359.579 251.654
      vertex -7.16794 -348.035 251.654
      vertex -3.99325 -359.662 251.654
    endloop
  endfacet
  facet normal 5.58347e-21 1.20213e-15 1
    outer loop
      vertex -7.16794 -348.035 251.654
      vertex -5.64508 -359.219 251.654
      vertex -5.2093 -359.219 251.654
    endloop
  endfacet
  facet normal 0 0 1
    outer loop
      vertex -7.16794 -348.035 251.654
      vertex -12.1707 -353.038 251.654
      vertex -5.93814 -359.271 251.654
    endloop
  endfacet
  facet normal 1.69578e-15 6.17216e-16 1
    outer loop
      vertex -3.16142 -360.653 251.654
      vertex -3.01238 -361.062 251.654
      vertex 4.37558 -359.579 251.654
    endloop
  endfacet
  facet normal 1.58772e-15 1.89218e-15 1
    outer loop
      vertex -3.99325 -359.662 251.654
      vertex -3.65942 -359.942 251.654
      vertex 4.37558 -359.579 251.654
    endloop
  endfacet
  facet normal 4.70944e-16 1.2939e-15 1
    outer loop
      vertex -7.16794 -348.035 251.654
      vertex -4.78014 -359.295 251.654
      vertex -4.37064 -359.444 251.654
    endloop
  endfacet
  facet normal -4.50069e-14 -4.92636e-15 1
    outer loop
      vertex -5.93814 -359.271 251.654
      vertex -5.64508 -359.219 251.654
      vertex -7.16794 -348.035 251.654
    endloop
  endfacet
  facet normal 1.61211e-15 1.35272e-15 1
    outer loop
      vertex -3.65942 -359.942 251.654
      vertex -3.37931 -360.275 251.654
      vertex 4.37558 -359.579 251.654
    endloop
  endfacet
  facet normal 2.18699e-16 1.2404e-15 1
    outer loop
      vertex -5.2093 -359.219 251.654
      vertex -4.78014 -359.295 251.654
      vertex -7.16794 -348.035 251.654
    endloop
  endfacet
  facet normal 7.92565e-16 1.37277e-15 1
    outer loop
      vertex -4.37064 -359.444 251.654
      vertex -3.99325 -359.662 251.654
      vertex -7.16794 -348.035 251.654
    endloop
  endfacet
  facet normal -4.92645e-15 -4.50076e-14 1
    outer loop
      vertex 61.28 -416.483 251.654
      vertex 50.0963 -414.96 251.654
      vertex 50.0446 -415.253 251.654
    endloop
  endfacet
  facet normal 1.24041e-15 2.18715e-16 1
    outer loop
      vertex 61.28 -416.483 251.654
      vertex 50.0206 -414.095 251.654
      vertex 50.0963 -414.525 251.654
    endloop
  endfacet
  facet normal 1.20212e-15 5.63517e-21 1
    outer loop
      vertex 50.0963 -414.525 251.654
      vertex 50.0963 -414.96 251.654
      vertex 61.28 -416.483 251.654
    endloop
  endfacet
  facet normal 1.37277e-15 7.92577e-16 1
    outer loop
      vertex 61.28 -416.483 251.654
      vertex 49.6537 -413.308 251.654
      vertex 49.8716 -413.686 251.654
    endloop
  endfacet
  facet normal 1.89216e-15 1.58771e-15 1
    outer loop
      vertex 49.7365 -404.94 251.654
      vertex 49.3736 -412.975 251.654
      vertex 49.6537 -413.308 251.654
    endloop
  endfacet
  facet normal -1.43723e-20 1.83856e-15 1
    outer loop
      vertex 49.7365 -404.94 251.654
      vertex 47.3879 -412.252 251.654
      vertex 47.8237 -412.252 251.654
    endloop
  endfacet
  facet normal 0 0 1
    outer loop
      vertex 49.7365 -404.94 251.654
      vertex 44.7337 -409.942 251.654
      vertex 47.0949 -412.304 251.654
    endloop
  endfacet
  facet normal 1.2939e-15 4.70931e-16 1
    outer loop
      vertex 49.8716 -413.686 251.654
      vertex 50.0206 -414.095 251.654
      vertex 61.28 -416.483 251.654
    endloop
  endfacet
  facet normal 1.35271e-15 1.61209e-15 1
    outer loop
      vertex 49.7365 -404.94 251.654
      vertex 49.0398 -412.695 251.654
      vertex 49.3736 -412.975 251.654
    endloop
  endfacet
  facet normal 6.17213e-16 1.69578e-15 1
    outer loop
      vertex 49.7365 -404.94 251.654
      vertex 48.2529 -412.328 251.654
      vertex 48.6624 -412.477 251.654
    endloop
  endfacet
  facet normal -4.89728e-14 1.75676e-14 1
    outer loop
      vertex 47.0949 -412.304 251.654
      vertex 47.3879 -412.252 251.654
      vertex 49.7365 -404.94 251.654
    endloop
  endfacet
  facet normal 1.59072e-15 1.59072e-15 1
    outer loop
      vertex 49.6537 -413.308 251.654
      vertex 61.28 -416.483 251.654
      vertex 49.7365 -404.94 251.654
    endloop
  endfacet
  facet normal 3.0989e-16 1.7575e-15 1
    outer loop
      vertex 47.8237 -412.252 251.654
      vertex 48.2529 -412.328 251.654
      vertex 49.7365 -404.94 251.654
    endloop
  endfacet
  facet normal 9.51575e-16 1.64816e-15 1
    outer loop
      vertex 48.6624 -412.477 251.654
      vertex 49.0398 -412.695 251.654
      vertex 49.7365 -404.94 251.654
    endloop
  endfacet
  facet normal 2.34755e-15 2.34755e-15 1
    outer loop
      vertex 62.7119 -427.921 251.654
      vertex 56.2772 -421.486 251.654
      vertex 59.1413 -430.077 251.654
    endloop
  endfacet
  facet normal -6.64148e-16 -6.64148e-16 1
    outer loop
      vertex 43.2925 -434.471 251.654
      vertex 49.02 -440.198 251.654
      vertex 59.1413 -430.077 251.654
    endloop
  endfacet
  facet normal -1.17363e-15 1.17363e-15 1
    outer loop
      vertex 59.1413 -430.077 251.654
      vertex 56.2772 -421.486 251.654
      vertex 43.2925 -434.471 251.654
    endloop
  endfacet
  facet normal -2.90232e-22 2.90232e-22 1
    outer loop
      vertex 56.2772 -421.486 251.654
      vertex 65.6246 -422.482 251.654
      vertex 65.4732 -421.624 251.654
    endloop
  endfacet
  facet normal 0 0 1
    outer loop
      vertex 56.2772 -421.486 251.654
      vertex 65.6246 -423.354 251.654
      vertex 65.6246 -422.482 251.654
    endloop
  endfacet
  facet normal -2.73822e-22 2.73822e-22 1
    outer loop
      vertex 56.2772 -421.486 251.654
      vertex 65.1751 -425.031 251.654
      vertex 65.4732 -424.212 251.654
    endloop
  endfacet
  facet normal 9.77381e-22 -9.77381e-22 1
    outer loop
      vertex 56.2772 -421.486 251.654
      vertex 65.1751 -420.805 251.654
      vertex 64.7394 -420.05 251.654
    endloop
  endfacet
  facet normal 0 0 1
    outer loop
      vertex 65.4732 -424.212 251.654
      vertex 65.6246 -423.354 251.654
      vertex 56.2772 -421.486 251.654
    endloop
  endfacet
  facet normal -1.22011e-21 1.22011e-21 1
    outer loop
      vertex 65.4732 -421.624 251.654
      vertex 65.1751 -420.805 251.654
      vertex 56.2772 -421.486 251.654
    endloop
  endfacet
  facet normal -1.4176e-22 1.4176e-22 1
    outer loop
      vertex 56.2772 -421.486 251.654
      vertex 64.1791 -426.453 251.654
      vertex 64.7394 -425.786 251.654
    endloop
  endfacet
  facet normal 0 0 1
    outer loop
      vertex 64.7394 -425.786 251.654
      vertex 65.1751 -425.031 251.654
      vertex 56.2772 -421.486 251.654
    endloop
  endfacet
  facet normal -1.416e-21 1.416e-21 1
    outer loop
      vertex 64.7394 -420.05 251.654
      vertex 64.1791 -419.382 251.654
      vertex 56.2772 -421.486 251.654
    endloop
  endfacet
  facet normal 0 0 1
    outer loop
      vertex 56.2772 -421.486 251.654
      vertex 62.7119 -427.921 251.654
      vertex 64.1791 -426.453 251.654
    endloop
  endfacet
  facet normal 3.94858e-22 -3.94858e-22 1
    outer loop
      vertex -12.1707 -353.038 251.654
      vertex -10.0667 -345.137 251.654
      vertex -10.6633 -344.627 251.654
    endloop
  endfacet
  facet normal 0 0 1
    outer loop
      vertex -12.1707 -353.038 251.654
      vertex -13.6023 -343.672 251.654
      vertex -14.3845 -343.734 251.654
    endloop
  endfacet
  facet normal 0 0 1
    outer loop
      vertex -10.6633 -344.627 251.654
      vertex -11.3323 -344.217 251.654
      vertex -12.1707 -353.038 251.654
    endloop
  endfacet
  facet normal 6.15965e-22 -6.15965e-22 1
    outer loop
      vertex -12.1707 -353.038 251.654
      vertex -15.8723 -344.217 251.654
      vertex -16.5412 -344.627 251.654
    endloop
  endfacet
  facet normal -6.31344e-22 6.31344e-22 1
    outer loop
      vertex -12.1707 -353.038 251.654
      vertex -12.8201 -343.734 251.654
      vertex -13.6023 -343.672 251.654
    endloop
  endfacet
  facet normal 0 0 1
    outer loop
      vertex -11.3323 -344.217 251.654
      vertex -12.0572 -343.917 251.654
      vertex -12.1707 -353.038 251.654
    endloop
  endfacet
  facet normal -7.61029e-22 7.61029e-22 1
    outer loop
      vertex -12.1707 -353.038 251.654
      vertex -15.1474 -343.917 251.654
      vertex -15.8723 -344.217 251.654
    endloop
  endfacet
  facet normal 0 0 1
    outer loop
      vertex -12.0572 -343.917 251.654
      vertex -12.8201 -343.734 251.654
      vertex -12.1707 -353.038 251.654
    endloop
  endfacet
  facet normal 1.2179e-21 -1.2179e-21 1
    outer loop
      vertex -14.3845 -343.734 251.654
      vertex -15.1474 -343.917 251.654
      vertex -12.1707 -353.038 251.654
    endloop
  endfacet
  facet normal 0 0 1
    outer loop
      vertex -16.5412 -344.627 251.654
      vertex -17.1378 -345.137 251.654
      vertex -12.1707 -353.038 251.654
    endloop
  endfacet
  facet normal 0 0 1
    outer loop
      vertex -12.1707 -353.038 251.654
      vertex -7.16794 -348.035 251.654
      vertex -10.0667 -345.137 251.654
    endloop
  endfacet
  facet normal 1.17378e-15 -1.17378e-15 1
    outer loop
      vertex -25.1555 -366.023 251.654
      vertex -12.1707 -353.038 251.654
      vertex -20.7598 -350.173 251.654
    endloop
  endfacet
  facet normal 2.34852e-15 2.34852e-15 1
    outer loop
      vertex -12.1707 -353.038 251.654
      vertex -21.4669 -349.466 251.654
      vertex -20.7598 -350.173 251.654
    endloop
  endfacet
  facet normal -3.51072e-11 3.51059e-11 1
    outer loop
      vertex -18.6049 -346.604 251.654
      vertex -26.8539 -354.853 251.654
      vertex -21.4669 -349.466 251.654
    endloop
  endfacet
  facet normal 2.34852e-15 2.34852e-15 1
    outer loop
      vertex -21.4669 -349.466 251.654
      vertex -12.1707 -353.038 251.654
      vertex -18.6049 -346.604 251.654
    endloop
  endfacet
  facet normal -6.6407e-16 -6.6407e-16 1
    outer loop
      vertex -20.7598 -350.173 251.654
      vertex -30.8823 -360.296 251.654
      vertex -25.1555 -366.023 251.654
    endloop
  endfacet
  facet normal 0 0 1
    outer loop
      vertex -39.5804 -380.448 251.654
      vertex -43.3869 -370.144 251.654
      vertex -48.2983 -370.144 251.654
    endloop
  endfacet
  facet normal -8.03508e-22 8.03508e-22 1
    outer loop
      vertex -39.5804 -380.448 251.654
      vertex -42.9176 -370.108 251.654
      vertex -43.3869 -370.144 251.654
    endloop
  endfacet
  facet normal -6.71976e-22 6.71976e-22 1
    outer loop
      vertex -39.5804 -380.448 251.654
      vertex -42.4598 -369.998 251.654
      vertex -42.9176 -370.108 251.654
    endloop
  endfacet
  facet normal -1.35889e-14 -2.55258e-15 1
    outer loop
      vertex -41.6235 -369.571 251.654
      vertex -39.5804 -380.448 251.654
      vertex -40.5588 -369.972 251.654
    endloop
  endfacet
  facet normal 4.51193e-22 -4.51193e-22 1
    outer loop
      vertex -39.5804 -380.448 251.654
      vertex -42.0249 -369.817 251.654
      vertex -42.4598 -369.998 251.654
    endloop
  endfacet
  facet normal -8.76357e-15 1.02606e-14 1
    outer loop
      vertex -40.5588 -369.972 251.654
      vertex -41.2655 -369.266 251.654
      vertex -41.6235 -369.571 251.654
    endloop
  endfacet
  facet normal 0 0 1
    outer loop
      vertex -41.6235 -369.571 251.654
      vertex -42.0249 -369.817 251.654
      vertex -39.5804 -380.448 251.654
    endloop
  endfacet
  facet normal 6.94679e-16 6.94679e-16 1
    outer loop
      vertex -25.1555 -366.023 251.654
      vertex -30.8823 -360.296 251.654
      vertex -40.5588 -369.972 251.654
    endloop
  endfacet
  facet normal 1.17378e-15 -1.17378e-15 1
    outer loop
      vertex -40.5588 -369.972 251.654
      vertex -39.5804 -380.448 251.654
      vertex -25.1555 -366.023 251.654
    endloop
  endfacet
  facet normal 0 0 1
    outer loop
      vertex -49.091 -370.937 251.654
      vertex -48.5607 -370.144 251.654
      vertex -49.4289 -370.22 251.654
    endloop
  endfacet
  facet normal 5.49235e-21 -5.49235e-21 1
    outer loop
      vertex -49.091 -370.937 251.654
      vertex -48.2983 -370.144 251.654
      vertex -48.5607 -370.144 251.654
    endloop
  endfacet
  facet normal 1.60732e-21 -1.60732e-21 1
    outer loop
      vertex -49.091 -370.937 251.654
      vertex -51.7746 -371.314 251.654
      vertex -52.3909 -371.931 251.654
    endloop
  endfacet
  facet normal 0 0 1
    outer loop
      vertex -49.091 -370.937 251.654
      vertex -51.0607 -370.814 251.654
      vertex -51.7746 -371.314 251.654
    endloop
  endfacet
  facet normal -2.45763e-21 2.45763e-21 1
    outer loop
      vertex -52.3909 -371.931 251.654
      vertex -52.8908 -372.644 251.654
      vertex -49.091 -370.937 251.654
    endloop
  endfacet
  facet normal 0 0 1
    outer loop
      vertex -49.091 -370.937 251.654
      vertex -49.7277 -370.3 251.654
      vertex -50.2708 -370.446 251.654
    endloop
  endfacet
  facet normal 3.8782e-22 -3.8782e-22 1
    outer loop
      vertex -49.091 -370.937 251.654
      vertex -53.2592 -373.434 251.654
      vertex -53.4847 -374.276 251.654
    endloop
  endfacet
  facet normal 0 0 1
    outer loop
      vertex -50.2708 -370.446 251.654
      vertex -51.0607 -370.814 251.654
      vertex -49.091 -370.937 251.654
    endloop
  endfacet
  facet normal 0 0 1
    outer loop
      vertex -52.8908 -372.644 251.654
      vertex -53.2592 -373.434 251.654
      vertex -49.091 -370.937 251.654
    endloop
  endfacet
  facet normal -2.56632e-21 2.56632e-21 1
    outer loop
      vertex -53.4847 -374.276 251.654
      vertex -53.5607 -375.144 251.654
      vertex -49.091 -370.937 251.654
    endloop
  endfacet
  facet normal 0 0 1
    outer loop
      vertex -49.5358 -376.537 251.654
      vertex -49.7628 -376.347 251.654
      vertex -53.5607 -380.319 251.654
    endloop
  endfacet
  facet normal 0 0 1
    outer loop
      vertex -53.6875 -381.163 251.654
      vertex -46.9916 -387.859 251.654
      vertex -49.0007 -376.787 251.654
    endloop
  endfacet
  facet normal 5.6166e-22 -5.6166e-22 1
    outer loop
      vertex -39.5804 -380.448 251.654
      vertex -47.1681 -374.169 251.654
      vertex -47.02 -374.426 251.654
    endloop
  endfacet
  facet normal 0 0 1
    outer loop
      vertex -39.5804 -380.448 251.654
      vertex -49.091 -370.937 251.654
      vertex -47.3586 -373.942 251.654
    endloop
  endfacet
  facet normal -1.14402e-21 1.14402e-21 1
    outer loop
      vertex -49.091 -370.937 251.654
      vertex -47.8423 -373.604 251.654
      vertex -47.5856 -373.752 251.654
    endloop
  endfacet
  facet normal 7.58315e-22 -7.58315e-22 1
    outer loop
      vertex -49.091 -370.937 251.654
      vertex -49.0007 -373.502 251.654
      vertex -48.7089 -373.451 251.654
    endloop
  endfacet
  facet normal 0 0 1
    outer loop
      vertex -53.5607 -380.319 251.654
      vertex -53.5976 -380.788 251.654
      vertex -49.5358 -376.537 251.654
    endloop
  endfacet
  facet normal -5.39617e-21 5.39617e-21 1
    outer loop
      vertex -49.0007 -376.787 251.654
      vertex -49.2791 -376.685 251.654
      vertex -53.6875 -381.163 251.654
    endloop
  endfacet
  facet normal 6.18857e-22 -6.18857e-22 1
    outer loop
      vertex -39.5804 -380.448 251.654
      vertex -46.9186 -374.704 251.654
      vertex -46.8672 -374.996 251.654
    endloop
  endfacet
  facet normal 0 0 1
    outer loop
      vertex -47.3586 -373.942 251.654
      vertex -47.1681 -374.169 251.654
      vertex -39.5804 -380.448 251.654
    endloop
  endfacet
  facet normal 9.27324e-22 -9.27324e-22 1
    outer loop
      vertex -49.091 -370.937 251.654
      vertex -48.1207 -373.502 251.654
      vertex -47.8423 -373.604 251.654
    endloop
  endfacet
  facet normal 0 0 1
    outer loop
      vertex -48.7089 -373.451 251.654
      vertex -48.4125 -373.451 251.654
      vertex -49.091 -370.937 251.654
    endloop
  endfacet
  facet normal -2.93831e-21 2.93831e-21 1
    outer loop
      vertex -53.5607 -375.407 251.654
      vertex -49.9533 -374.169 251.654
      vertex -49.7628 -373.942 251.654
    endloop
  endfacet
  facet normal -3.49779e-21 3.49779e-21 1
    outer loop
      vertex -53.5607 -375.407 251.654
      vertex -50.2542 -375.293 251.654
      vertex -50.2542 -374.996 251.654
    endloop
  endfacet
  facet normal 5.37829e-22 -5.37829e-22 1
    outer loop
      vertex -53.5607 -375.407 251.654
      vertex -53.5607 -380.319 251.654
      vertex -50.1014 -375.863 251.654
    endloop
  endfacet
  facet normal -7.05698e-22 7.05698e-22 1
    outer loop
      vertex -53.5607 -380.319 251.654
      vertex -49.7628 -376.347 251.654
      vertex -49.9533 -376.12 251.654
    endloop
  endfacet
  facet normal 0 0 1
    outer loop
      vertex -49.2791 -376.685 251.654
      vertex -49.5358 -376.537 251.654
      vertex -53.6875 -381.163 251.654
    endloop
  endfacet
  facet normal 0 0 1
    outer loop
      vertex -47.02 -374.426 251.654
      vertex -46.9186 -374.704 251.654
      vertex -39.5804 -380.448 251.654
    endloop
  endfacet
  facet normal 0 0 1
    outer loop
      vertex -48.4125 -373.451 251.654
      vertex -48.1207 -373.502 251.654
      vertex -49.091 -370.937 251.654
    endloop
  endfacet
  facet normal 0 0 1
    outer loop
      vertex -49.7628 -373.942 251.654
      vertex -49.091 -370.937 251.654
      vertex -53.5607 -375.407 251.654
    endloop
  endfacet
  facet normal -1.32244e-21 1.32244e-21 1
    outer loop
      vertex -53.5607 -375.407 251.654
      vertex -50.2028 -374.704 251.654
      vertex -50.1014 -374.426 251.654
    endloop
  endfacet
  facet normal 2.35355e-21 -2.35355e-21 1
    outer loop
      vertex -53.5607 -375.407 251.654
      vertex -50.2028 -375.584 251.654
      vertex -50.2542 -375.293 251.654
    endloop
  endfacet
  facet normal 0 0 1
    outer loop
      vertex -49.9533 -376.12 251.654
      vertex -50.1014 -375.863 251.654
      vertex -53.5607 -380.319 251.654
    endloop
  endfacet
  facet normal 7.30474e-22 -7.30474e-22 1
    outer loop
      vertex -46.9916 -387.859 251.654
      vertex -48.7089 -376.838 251.654
      vertex -49.0007 -376.787 251.654
    endloop
  endfacet
  facet normal -2.38822e-22 2.38822e-22 1
    outer loop
      vertex -39.5804 -380.448 251.654
      vertex -46.8672 -375.293 251.654
      vertex -46.9186 -375.584 251.654
    endloop
  endfacet
  facet normal 0 0 1
    outer loop
      vertex -47.5856 -373.752 251.654
      vertex -47.3586 -373.942 251.654
      vertex -49.091 -370.937 251.654
    endloop
  endfacet
  facet normal 3.48053e-21 -3.48053e-21 1
    outer loop
      vertex -49.091 -370.937 251.654
      vertex -49.5358 -373.752 251.654
      vertex -49.2792 -373.604 251.654
    endloop
  endfacet
  facet normal 0 0 1
    outer loop
      vertex -50.1014 -374.426 251.654
      vertex -49.9533 -374.169 251.654
      vertex -53.5607 -375.407 251.654
    endloop
  endfacet
  facet normal -4.98288e-21 4.98288e-21 1
    outer loop
      vertex -50.1014 -375.863 251.654
      vertex -50.2028 -375.584 251.654
      vertex -53.5607 -375.407 251.654
    endloop
  endfacet
  facet normal -3.49804e-22 3.49804e-22 1
    outer loop
      vertex -46.9916 -387.859 251.654
      vertex -48.4125 -376.838 251.654
      vertex -48.7089 -376.838 251.654
    endloop
  endfacet
  facet normal 0 0 1
    outer loop
      vertex -46.8672 -374.996 251.654
      vertex -46.8672 -375.293 251.654
      vertex -39.5804 -380.448 251.654
    endloop
  endfacet
  facet normal 0 0 1
    outer loop
      vertex -49.7628 -373.942 251.654
      vertex -49.5358 -373.752 251.654
      vertex -49.091 -370.937 251.654
    endloop
  endfacet
  facet normal 0 0 1
    outer loop
      vertex -53.5976 -380.788 251.654
      vertex -53.6875 -381.163 251.654
      vertex -49.5358 -376.537 251.654
    endloop
  endfacet
  facet normal 3.57264e-22 -3.57264e-22 1
    outer loop
      vertex -46.9916 -387.859 251.654
      vertex -47.8423 -376.685 251.654
      vertex -48.1207 -376.787 251.654
    endloop
  endfacet
  facet normal 0 0 1
    outer loop
      vertex -49.2792 -373.604 251.654
      vertex -49.0007 -373.502 251.654
      vertex -49.091 -370.937 251.654
    endloop
  endfacet
  facet normal 0 0 1
    outer loop
      vertex -48.1207 -376.787 251.654
      vertex -48.4125 -376.838 251.654
      vertex -46.9916 -387.859 251.654
    endloop
  endfacet
  facet normal -1.55234e-22 1.55234e-22 1
    outer loop
      vertex -46.9916 -387.859 251.654
      vertex -39.5804 -380.448 251.654
      vertex -47.5856 -376.537 251.654
    endloop
  endfacet
  facet normal 0 0 1
    outer loop
      vertex -50.2542 -374.996 251.654
      vertex -50.2028 -374.704 251.654
      vertex -53.5607 -375.407 251.654
    endloop
  endfacet
  facet normal 7.1028e-22 -7.1028e-22 1
    outer loop
      vertex -39.5804 -380.448 251.654
      vertex -47.3586 -376.347 251.654
      vertex -47.5856 -376.537 251.654
    endloop
  endfacet
  facet normal -8.82662e-22 8.82662e-22 1
    outer loop
      vertex -39.5804 -380.448 251.654
      vertex -47.02 -375.863 251.654
      vertex -47.1681 -376.12 251.654
    endloop
  endfacet
  facet normal 3.0529e-21 -3.0529e-21 1
    outer loop
      vertex -47.5856 -376.537 251.654
      vertex -47.8423 -376.685 251.654
      vertex -46.9916 -387.859 251.654
    endloop
  endfacet
  facet normal 0 0 1
    outer loop
      vertex -46.9186 -375.584 251.654
      vertex -47.02 -375.863 251.654
      vertex -39.5804 -380.448 251.654
    endloop
  endfacet
  facet normal 0 0 1
    outer loop
      vertex -60.9771 -393.221 251.654
      vertex -61.7535 -391.876 251.654
      vertex -61.5747 -392.368 251.654
    endloop
  endfacet
  facet normal 0 0 1
    outer loop
      vertex -60.9771 -393.221 251.654
      vertex -61.8443 -390.838 251.654
      vertex -61.8443 -391.361 251.654
    endloop
  endfacet
  facet normal 0 0 1
    outer loop
      vertex -60.9771 -393.221 251.654
      vertex -61.5747 -389.832 251.654
      vertex -61.7535 -390.323 251.654
    endloop
  endfacet
  facet normal -1.60218e-21 1.60218e-21 1
    outer loop
      vertex -60.9771 -393.221 251.654
      vertex -60.9771 -388.978 251.654
      vertex -61.3133 -389.379 251.654
    endloop
  endfacet
  facet normal 0 0 1
    outer loop
      vertex -61.8443 -391.361 251.654
      vertex -61.7535 -391.876 251.654
      vertex -60.9771 -393.221 251.654
    endloop
  endfacet
  facet normal 0 0 1
    outer loop
      vertex -61.3133 -389.379 251.654
      vertex -61.5747 -389.832 251.654
      vertex -60.9771 -393.221 251.654
    endloop
  endfacet
  facet normal 0 0 1
    outer loop
      vertex -61.7535 -390.323 251.654
      vertex -61.8443 -390.838 251.654
      vertex -60.9771 -393.221 251.654
    endloop
  endfacet
  facet normal 0 0 1
    outer loop
      vertex -61.5747 -392.368 251.654
      vertex -61.3132 -392.82 251.654
      vertex -60.9771 -393.221 251.654
    endloop
  endfacet
  facet normal 2.17287e-22 -2.17287e-22 1
    outer loop
      vertex -46.9916 -387.859 251.654
      vertex -54.4393 -382.44 251.654
      vertex -60.9771 -388.978 251.654
    endloop
  endfacet
  facet normal -1.46857e-22 1.46857e-22 1
    outer loop
      vertex -60.9771 -388.978 251.654
      vertex -56.6654 -397.533 251.654
      vertex -46.9916 -387.859 251.654
    endloop
  endfacet
  facet normal 0 0 1
    outer loop
      vertex -46.9916 -387.859 251.654
      vertex -53.6875 -381.163 251.654
      vertex -53.7075 -381.246 251.654
    endloop
  endfacet
  facet normal 0 0 1
    outer loop
      vertex -46.9916 -387.859 251.654
      vertex -54.1336 -382.082 251.654
      vertex -54.4393 -382.44 251.654
    endloop
  endfacet
  facet normal 0 0 1
    outer loop
      vertex -53.7075 -381.246 251.654
      vertex -53.8877 -381.681 251.654
      vertex -46.9916 -387.859 251.654
    endloop
  endfacet
  facet normal 0 0 1
    outer loop
      vertex -53.8877 -381.681 251.654
      vertex -54.1336 -382.082 251.654
      vertex -46.9916 -387.859 251.654
    endloop
  endfacet
  facet normal 0 0 1
    outer loop
      vertex -40.1191 -446.606 251.654
      vertex -37.2907 -449.434 251.654
      vertex -37.7857 -447.101 251.654
    endloop
  endfacet
  facet normal 0 0 1
    outer loop
      vertex -38.2257 -445.459 251.654
      vertex -40.9609 -444.954 251.654
      vertex -40.851 -445.412 251.654
    endloop
  endfacet
  facet normal 0 0 1
    outer loop
      vertex -38.2771 -445.751 251.654
      vertex -40.6708 -445.847 251.654
      vertex -40.4248 -446.248 251.654
    endloop
  endfacet
  facet normal 0 0 1
    outer loop
      vertex -37.7857 -447.101 251.654
      vertex -37.9761 -446.874 251.654
      vertex -40.1191 -446.606 251.654
    endloop
  endfacet
  facet normal 0 0 1
    outer loop
      vertex -37.2907 -449.434 251.654
      vertex -37.302 -447.44 251.654
      vertex -37.5587 -447.291 251.654
    endloop
  endfacet
  facet normal -4.28205e-22 4.28205e-22 1
    outer loop
      vertex -33.048 -449.434 251.654
      vertex -24.4921 -440.878 251.654
      vertex -34.9415 -446.339 251.654
    endloop
  endfacet
  facet normal 0 0 1
    outer loop
      vertex -38.1243 -445.18 251.654
      vertex -40.9609 -444.015 251.654
      vertex -40.9978 -444.485 251.654
    endloop
  endfacet
  facet normal 0 0 1
    outer loop
      vertex -38.2257 -445.459 251.654
      vertex -40.9978 -444.485 251.654
      vertex -40.9609 -444.954 251.654
    endloop
  endfacet
  facet normal 0 0 1
    outer loop
      vertex -38.2771 -445.751 251.654
      vertex -40.851 -445.412 251.654
      vertex -40.6708 -445.847 251.654
    endloop
  endfacet
  facet normal 0 0 1
    outer loop
      vertex -38.2771 -446.047 251.654
      vertex -40.4248 -446.248 251.654
      vertex -40.1191 -446.606 251.654
    endloop
  endfacet
  facet normal 0 0 1
    outer loop
      vertex -37.5587 -447.291 251.654
      vertex -37.7857 -447.101 251.654
      vertex -37.2907 -449.434 251.654
    endloop
  endfacet
  facet normal 0 0 1
    outer loop
      vertex -36.1436 -447.541 251.654
      vertex -36.4354 -447.592 251.654
      vertex -36.4372 -450.032 251.654
    endloop
  endfacet
  facet normal 0 0 1
    outer loop
      vertex -35.8651 -447.44 251.654
      vertex -36.1436 -447.541 251.654
      vertex -35.4308 -450.302 251.654
    endloop
  endfacet
  facet normal 0 0 1
    outer loop
      vertex -24.4921 -440.878 251.654
      vertex -34.89 -446.047 251.654
      vertex -34.9415 -446.339 251.654
    endloop
  endfacet
  facet normal 0 0 1
    outer loop
      vertex -40.4248 -442.721 251.654
      vertex -40.6708 -443.123 251.654
      vertex -37.9761 -444.924 251.654
    endloop
  endfacet
  facet normal 0 0 1
    outer loop
      vertex -37.9761 -444.924 251.654
      vertex -40.851 -443.558 251.654
      vertex -40.9609 -444.015 251.654
    endloop
  endfacet
  facet normal 0 0 1
    outer loop
      vertex -40.851 -445.412 251.654
      vertex -38.2771 -445.751 251.654
      vertex -38.2257 -445.459 251.654
    endloop
  endfacet
  facet normal 0 0 1
    outer loop
      vertex -40.1191 -446.606 251.654
      vertex -38.2257 -446.339 251.654
      vertex -38.2771 -446.047 251.654
    endloop
  endfacet
  facet normal 0 0 1
    outer loop
      vertex -37.9761 -446.874 251.654
      vertex -38.1243 -446.617 251.654
      vertex -40.1191 -446.606 251.654
    endloop
  endfacet
  facet normal 0 0 1
    outer loop
      vertex -36.7317 -447.592 251.654
      vertex -37.0236 -447.541 251.654
      vertex -37.2907 -449.434 251.654
    endloop
  endfacet
  facet normal 0 0 1
    outer loop
      vertex -36.4354 -447.592 251.654
      vertex -36.7317 -447.592 251.654
      vertex -36.8901 -449.77 251.654
    endloop
  endfacet
  facet normal 0 0 1
    outer loop
      vertex -36.4372 -450.032 251.654
      vertex -35.9458 -450.211 251.654
      vertex -36.1436 -447.541 251.654
    endloop
  endfacet
  facet normal 0 0 1
    outer loop
      vertex -35.4308 -450.302 251.654
      vertex -34.9079 -450.302 251.654
      vertex -35.8651 -447.44 251.654
    endloop
  endfacet
  facet normal 5.19058e-21 -5.19058e-21 1
    outer loop
      vertex -24.4921 -440.878 251.654
      vertex -34.89 -445.751 251.654
      vertex -34.89 -446.047 251.654
    endloop
  endfacet
  facet normal 1.35435e-21 -1.35435e-21 1
    outer loop
      vertex -24.4921 -440.878 251.654
      vertex -35.0429 -445.18 251.654
      vertex -34.9415 -445.459 251.654
    endloop
  endfacet
  facet normal 2.85669e-21 -2.85669e-21 1
    outer loop
      vertex -31.5631 -433.807 251.654
      vertex -35.6085 -444.506 251.654
      vertex -35.3815 -444.697 251.654
    endloop
  endfacet
  facet normal 0 0 1
    outer loop
      vertex -37.7857 -444.697 251.654
      vertex -40.1191 -442.363 251.654
      vertex -40.4248 -442.721 251.654
    endloop
  endfacet
  facet normal 0 0 1
    outer loop
      vertex -37.9761 -444.924 251.654
      vertex -40.6708 -443.123 251.654
      vertex -40.851 -443.558 251.654
    endloop
  endfacet
  facet normal 0 0 1
    outer loop
      vertex -40.4248 -446.248 251.654
      vertex -38.2771 -446.047 251.654
      vertex -38.2771 -445.751 251.654
    endloop
  endfacet
  facet normal 0 0 1
    outer loop
      vertex -37.2907 -449.434 251.654
      vertex -37.0236 -447.541 251.654
      vertex -37.302 -447.44 251.654
    endloop
  endfacet
  facet normal 0 0 1
    outer loop
      vertex -36.8901 -449.77 251.654
      vertex -36.4372 -450.032 251.654
      vertex -36.4354 -447.592 251.654
    endloop
  endfacet
  facet normal 0 0 1
    outer loop
      vertex -34.9079 -450.302 251.654
      vertex -34.3929 -450.211 251.654
      vertex -35.8651 -447.44 251.654
    endloop
  endfacet
  facet normal 0 0 1
    outer loop
      vertex -33.048 -449.434 251.654
      vertex -35.0429 -446.617 251.654
      vertex -35.191 -446.874 251.654
    endloop
  endfacet
  facet normal -5.56395e-21 5.56395e-21 1
    outer loop
      vertex -34.9415 -445.459 251.654
      vertex -34.89 -445.751 251.654
      vertex -24.4921 -440.878 251.654
    endloop
  endfacet
  facet normal -2.85666e-21 2.85666e-21 1
    outer loop
      vertex -24.4921 -440.878 251.654
      vertex -35.3815 -444.697 251.654
      vertex -35.191 -444.924 251.654
    endloop
  endfacet
  facet normal -2.73215e-21 2.73215e-21 1
    outer loop
      vertex -31.5631 -433.807 251.654
      vertex -35.8651 -444.358 251.654
      vertex -35.6085 -444.506 251.654
    endloop
  endfacet
  facet normal 4.86843e-21 -4.86843e-21 1
    outer loop
      vertex -31.5631 -433.807 251.654
      vertex -36.4354 -444.205 251.654
      vertex -36.1436 -444.257 251.654
    endloop
  endfacet
  facet normal 0 0 1
    outer loop
      vertex -40.1191 -442.363 251.654
      vertex -37.302 -444.358 251.654
      vertex -37.0236 -444.257 251.654
    endloop
  endfacet
  facet normal 0 0 1
    outer loop
      vertex -40.1191 -442.363 251.654
      vertex -37.7857 -444.697 251.654
      vertex -37.5587 -444.506 251.654
    endloop
  endfacet
  facet normal 0 0 1
    outer loop
      vertex -40.9609 -444.015 251.654
      vertex -38.1243 -445.18 251.654
      vertex -37.9761 -444.924 251.654
    endloop
  endfacet
  facet normal 0 0 1
    outer loop
      vertex -38.1243 -446.617 251.654
      vertex -38.2257 -446.339 251.654
      vertex -40.1191 -446.606 251.654
    endloop
  endfacet
  facet normal 0 0 1
    outer loop
      vertex -35.9458 -450.211 251.654
      vertex -35.4308 -450.302 251.654
      vertex -36.1436 -447.541 251.654
    endloop
  endfacet
  facet normal 0 0 1
    outer loop
      vertex -33.4486 -449.77 251.654
      vertex -35.3815 -447.101 251.654
      vertex -35.6085 -447.291 251.654
    endloop
  endfacet
  facet normal 0 0 1
    outer loop
      vertex -34.9415 -446.339 251.654
      vertex -35.0429 -446.617 251.654
      vertex -33.048 -449.434 251.654
    endloop
  endfacet
  facet normal 0 0 1
    outer loop
      vertex -35.3815 -444.697 251.654
      vertex -24.4921 -440.878 251.654
      vertex -31.5631 -433.807 251.654
    endloop
  endfacet
  facet normal -5.19068e-21 5.19068e-21 1
    outer loop
      vertex -31.5631 -433.807 251.654
      vertex -36.7317 -444.205 251.654
      vertex -36.4354 -444.205 251.654
    endloop
  endfacet
  facet normal 4.28205e-22 -4.28205e-22 1
    outer loop
      vertex -37.0236 -444.257 251.654
      vertex -31.5631 -433.807 251.654
      vertex -40.1191 -442.363 251.654
    endloop
  endfacet
  facet normal 0 0 1
    outer loop
      vertex -37.9761 -444.924 251.654
      vertex -37.7857 -444.697 251.654
      vertex -40.4248 -442.721 251.654
    endloop
  endfacet
  facet normal 0 0 1
    outer loop
      vertex -37.2907 -449.434 251.654
      vertex -36.8901 -449.77 251.654
      vertex -36.7317 -447.592 251.654
    endloop
  endfacet
  facet normal 0 0 1
    outer loop
      vertex -35.6085 -447.291 251.654
      vertex -35.8651 -447.44 251.654
      vertex -34.3929 -450.211 251.654
    endloop
  endfacet
  facet normal 0 0 1
    outer loop
      vertex -35.6085 -447.291 251.654
      vertex -33.9015 -450.032 251.654
      vertex -33.4486 -449.77 251.654
    endloop
  endfacet
  facet normal 0 0 1
    outer loop
      vertex -35.191 -444.924 251.654
      vertex -35.0429 -445.18 251.654
      vertex -24.4921 -440.878 251.654
    endloop
  endfacet
  facet normal 0 0 1
    outer loop
      vertex -37.0236 -444.257 251.654
      vertex -36.7317 -444.205 251.654
      vertex -31.5631 -433.807 251.654
    endloop
  endfacet
  facet normal 0 0 1
    outer loop
      vertex -40.9978 -444.485 251.654
      vertex -38.2257 -445.459 251.654
      vertex -38.1243 -445.18 251.654
    endloop
  endfacet
  facet normal 0 0 1
    outer loop
      vertex -33.4486 -449.77 251.654
      vertex -33.048 -449.434 251.654
      vertex -35.3815 -447.101 251.654
    endloop
  endfacet
  facet normal 0 0 1
    outer loop
      vertex -36.1436 -444.257 251.654
      vertex -35.8651 -444.358 251.654
      vertex -31.5631 -433.807 251.654
    endloop
  endfacet
  facet normal 0 0 1
    outer loop
      vertex -34.3929 -450.211 251.654
      vertex -33.9015 -450.032 251.654
      vertex -35.6085 -447.291 251.654
    endloop
  endfacet
  facet normal 0 0 1
    outer loop
      vertex -37.5587 -444.506 251.654
      vertex -37.302 -444.358 251.654
      vertex -40.1191 -442.363 251.654
    endloop
  endfacet
  facet normal 0 0 1
    outer loop
      vertex 0.605031 -441.904 251.654
      vertex 0.278048 -443.266 251.654
      vertex 0.458199 -442.831 251.654
    endloop
  endfacet
  facet normal 0 0 1
    outer loop
      vertex -4.44694 -447.63 251.654
      vertex -6.18126 -447.564 251.654
      vertex -5.99985 -447.63 251.654
    endloop
  endfacet
  facet normal 0 0 1
    outer loop
      vertex 0.458199 -442.831 251.654
      vertex 0.568093 -442.373 251.654
      vertex 0.605031 -441.904 251.654
    endloop
  endfacet
  facet normal 0 0 1
    outer loop
      vertex -6.18126 -447.564 251.654
      vertex -4.44694 -447.63 251.654
      vertex -3.95554 -447.451 251.654
    endloop
  endfacet
  facet normal 0 0 1
    outer loop
      vertex -5.99985 -447.63 251.654
      vertex -5.48486 -447.721 251.654
      vertex -4.44694 -447.63 251.654
    endloop
  endfacet
  facet normal 0 0 1
    outer loop
      vertex 0.605031 -441.904 251.654
      vertex 0.568094 -441.434 251.654
      vertex 0.278048 -443.266 251.654
    endloop
  endfacet
  facet normal -5.1151e-21 5.1151e-21 1
    outer loop
      vertex 0.458199 -440.977 251.654
      vertex -0.273651 -444.025 251.654
      vertex 0.0320802 -443.667 251.654
    endloop
  endfacet
  facet normal 0 0 1
    outer loop
      vertex -5.48486 -447.721 251.654
      vertex -4.96193 -447.721 251.654
      vertex -4.44694 -447.63 251.654
    endloop
  endfacet
  facet normal 0 0 1
    outer loop
      vertex 0.0320802 -443.667 251.654
      vertex 0.278048 -443.266 251.654
      vertex 0.458199 -440.977 251.654
    endloop
  endfacet
  facet normal 6.8204e-22 -6.8204e-22 1
    outer loop
      vertex -6.18126 -447.564 251.654
      vertex -3.10208 -446.853 251.654
      vertex -0.273651 -444.025 251.654
    endloop
  endfacet
  facet normal 0 0 1
    outer loop
      vertex -3.95554 -447.451 251.654
      vertex -3.50267 -447.19 251.654
      vertex -6.18126 -447.564 251.654
    endloop
  endfacet
  facet normal 0 0 1
    outer loop
      vertex 0.568094 -441.434 251.654
      vertex 0.458199 -440.977 251.654
      vertex 0.278048 -443.266 251.654
    endloop
  endfacet
  facet normal 0 0 1
    outer loop
      vertex -3.50267 -447.19 251.654
      vertex -3.10208 -446.853 251.654
      vertex -6.18126 -447.564 251.654
    endloop
  endfacet
  facet normal -1.16489e-21 1.16489e-21 1
    outer loop
      vertex -0.273651 -444.025 251.654
      vertex 0.442901 -440.94 251.654
      vertex -6.18126 -447.564 251.654
    endloop
  endfacet
  facet normal 2.86071e-15 2.44327e-15 1
    outer loop
      vertex -4.39456 -440.46 251.654
      vertex 0.0320792 -440.14 251.654
      vertex -0.27365 -439.782 251.654
    endloop
  endfacet
  facet normal 2.8982e-15 1.20046e-15 1
    outer loop
      vertex -4.39456 -440.46 251.654
      vertex 0.442901 -440.94 251.654
      vertex 0.27805 -440.542 251.654
    endloop
  endfacet
  facet normal 3.36022e-15 1.94002e-15 1
    outer loop
      vertex -0.27365 -439.782 251.654
      vertex -4.83717 -438.808 251.654
      vertex -4.61928 -439.185 251.654
    endloop
  endfacet
  facet normal 3.74566e-15 3.74566e-15 1
    outer loop
      vertex -0.27365 -439.782 251.654
      vertex -9.64279 -430.413 251.654
      vertex -5.45111 -438.194 251.654
    endloop
  endfacet
  facet normal 2.90841e-15 1.78228e-15 1
    outer loop
      vertex 0.27805 -440.542 251.654
      vertex 0.0320792 -440.14 251.654
      vertex -4.39456 -440.46 251.654
    endloop
  endfacet
  facet normal 3.25648e-15 1.18527e-15 1
    outer loop
      vertex -4.61928 -439.185 251.654
      vertex -4.47023 -439.595 251.654
      vertex -0.27365 -439.782 251.654
    endloop
  endfacet
  facet normal 4.09295e-15 4.87774e-15 1
    outer loop
      vertex -5.45111 -438.194 251.654
      vertex -5.11728 -438.474 251.654
      vertex -0.27365 -439.782 251.654
    endloop
  endfacet
  facet normal 3.22897e-15 5.69345e-16 1
    outer loop
      vertex -4.47023 -439.595 251.654
      vertex -4.39456 -440.024 251.654
      vertex -0.27365 -439.782 251.654
    endloop
  endfacet
  facet normal 1.44791e-15 2.50786e-15 1
    outer loop
      vertex -9.64279 -430.413 251.654
      vertex -5.8285 -437.976 251.654
      vertex -5.45111 -438.194 251.654
    endloop
  endfacet
  facet normal 3.47915e-16 1.97313e-15 1
    outer loop
      vertex -9.64279 -430.413 251.654
      vertex -6.66716 -437.752 251.654
      vertex -6.238 -437.827 251.654
    endloop
  endfacet
  facet normal 3.58891e-15 3.01147e-15 1
    outer loop
      vertex -5.11728 -438.474 251.654
      vertex -4.83717 -438.808 251.654
      vertex -0.27365 -439.782 251.654
    endloop
  endfacet
  facet normal -1.34417e-21 1.83204e-15 1
    outer loop
      vertex -9.64279 -430.413 251.654
      vertex -7.10294 -437.752 251.654
      vertex -6.66716 -437.752 251.654
    endloop
  endfacet
  facet normal -4.87788e-15 -4.09306e-15 1
    outer loop
      vertex -7.34472 -446.853 251.654
      vertex -8.65281 -442.01 251.654
      vertex -8.93293 -441.676 251.654
    endloop
  endfacet
  facet normal 2.73141e-15 -4.81606e-16 1
    outer loop
      vertex 0.442901 -440.94 251.654
      vertex -4.39456 -440.46 251.654
      vertex -4.47023 -440.889 251.654
    endloop
  endfacet
  facet normal 7.92451e-16 2.17722e-15 1
    outer loop
      vertex -6.238 -437.827 251.654
      vertex -5.8285 -437.976 251.654
      vertex -9.64279 -430.413 251.654
    endloop
  endfacet
  facet normal -3.74567e-15 -3.74567e-15 1
    outer loop
      vertex -8.93293 -441.676 251.654
      vertex -16.7139 -437.484 251.654
      vertex -7.34472 -446.853 251.654
    endloop
  endfacet
  facet normal 2.88358e-15 -2.4196e-15 1
    outer loop
      vertex 0.442901 -440.94 251.654
      vertex -4.83717 -441.676 251.654
      vertex -5.11728 -442.01 251.654
    endloop
  endfacet
  facet normal 3.26244e-15 7.54802e-21 1
    outer loop
      vertex -0.27365 -439.782 251.654
      vertex -4.39456 -440.024 251.654
      vertex -4.39456 -440.46 251.654
    endloop
  endfacet
  facet normal -5.98036e-16 1.64308e-15 1
    outer loop
      vertex -9.64279 -430.413 251.654
      vertex -7.94159 -437.976 251.654
      vertex -7.53209 -437.827 251.654
    endloop
  endfacet
  facet normal -1.97311e-15 -3.47911e-16 1
    outer loop
      vertex -16.7139 -437.484 251.654
      vertex -9.29986 -440.889 251.654
      vertex -9.37553 -440.46 251.654
    endloop
  endfacet
  facet normal -2.50782e-15 -1.44787e-15 1
    outer loop
      vertex -8.93293 -441.676 251.654
      vertex -9.15082 -441.299 251.654
      vertex -16.7139 -437.484 251.654
    endloop
  endfacet
  facet normal 2.76913e-15 -1.59876e-15 1
    outer loop
      vertex 0.442901 -440.94 251.654
      vertex -4.61928 -441.299 251.654
      vertex -4.83717 -441.676 251.654
    endloop
  endfacet
  facet normal -3.04455e-16 1.72667e-15 1
    outer loop
      vertex -7.53209 -437.827 251.654
      vertex -7.10294 -437.752 251.654
      vertex -9.64279 -430.413 251.654
    endloop
  endfacet
  facet normal -1.51199e-15 1.26871e-15 1
    outer loop
      vertex -16.7139 -437.484 251.654
      vertex -8.93293 -438.808 251.654
      vertex -8.65281 -438.474 251.654
    endloop
  endfacet
  facet normal -1.72668e-15 3.04458e-16 1
    outer loop
      vertex -16.7139 -437.484 251.654
      vertex -9.37553 -440.024 251.654
      vertex -9.29986 -439.595 251.654
    endloop
  endfacet
  facet normal -2.17722e-15 -7.92451e-16 1
    outer loop
      vertex -9.15082 -441.299 251.654
      vertex -9.29986 -440.889 251.654
      vertex -16.7139 -437.484 251.654
    endloop
  endfacet
  facet normal -1.68117e-15 -2.91186e-15 1
    outer loop
      vertex -6.66716 -442.733 251.654
      vertex -6.94413 -447.19 251.654
      vertex -6.49125 -447.451 251.654
    endloop
  endfacet
  facet normal -1.77844e-20 -3.26241e-15 1
    outer loop
      vertex -6.66716 -442.733 251.654
      vertex -7.10294 -442.733 251.654
      vertex -7.34472 -446.853 251.654
    endloop
  endfacet
  facet normal 2.72616e-15 -9.92224e-16 1
    outer loop
      vertex -4.47023 -440.889 251.654
      vertex -4.61928 -441.299 251.654
      vertex 0.442901 -440.94 251.654
    endloop
  endfacet
  facet normal -1.2687e-15 1.51198e-15 1
    outer loop
      vertex -9.64279 -430.413 251.654
      vertex -8.65281 -438.474 251.654
      vertex -8.31899 -438.194 251.654
    endloop
  endfacet
  facet normal -1.57329e-15 9.08337e-16 1
    outer loop
      vertex -16.7139 -437.484 251.654
      vertex -9.15082 -439.185 251.654
      vertex -8.93293 -438.808 251.654
    endloop
  endfacet
  facet normal -1.83203e-15 -4.3427e-21 1
    outer loop
      vertex -9.37553 -440.46 251.654
      vertex -9.37553 -440.024 251.654
      vertex -16.7139 -437.484 251.654
    endloop
  endfacet
  facet normal -1.93997e-15 -3.36016e-15 1
    outer loop
      vertex -7.34472 -446.853 251.654
      vertex -7.94159 -442.508 251.654
      vertex -8.31899 -442.29 251.654
    endloop
  endfacet
  facet normal -2.40559e-15 -2.8669e-15 1
    outer loop
      vertex -7.34472 -446.853 251.654
      vertex -6.94413 -447.19 251.654
      vertex -6.66716 -442.733 251.654
    endloop
  endfacet
  facet normal -9.08338e-16 1.57328e-15 1
    outer loop
      vertex -8.31899 -438.194 251.654
      vertex -7.94159 -437.976 251.654
      vertex -9.64279 -430.413 251.654
    endloop
  endfacet
  facet normal -1.64307e-15 5.98038e-16 1
    outer loop
      vertex -9.29986 -439.595 251.654
      vertex -9.15082 -439.185 251.654
      vertex -16.7139 -437.484 251.654
    endloop
  endfacet
  facet normal -1.18526e-15 -3.25648e-15 1
    outer loop
      vertex -7.34472 -446.853 251.654
      vertex -7.53209 -442.657 251.654
      vertex -7.94159 -442.508 251.654
    endloop
  endfacet
  facet normal -1.05129e-15 -2.88841e-15 1
    outer loop
      vertex -6.49125 -447.451 251.654
      vertex -6.18126 -447.564 251.654
      vertex -6.66716 -442.733 251.654
    endloop
  endfacet
  facet normal -1.48537e-15 1.48537e-15 1
    outer loop
      vertex -8.65281 -438.474 251.654
      vertex -9.64279 -430.413 251.654
      vertex -16.7139 -437.484 251.654
    endloop
  endfacet
  facet normal -5.6935e-16 -3.229e-15 1
    outer loop
      vertex -7.10294 -442.733 251.654
      vertex -7.53209 -442.657 251.654
      vertex -7.34472 -446.853 251.654
    endloop
  endfacet
  facet normal 9.93023e-16 -2.72834e-15 1
    outer loop
      vertex -6.18126 -447.564 251.654
      vertex -5.8285 -442.508 251.654
      vertex -6.238 -442.657 251.654
    endloop
  endfacet
  facet normal 2.42013e-15 -2.88421e-15 1
    outer loop
      vertex -6.18126 -447.564 251.654
      vertex -5.11728 -442.01 251.654
      vertex -5.45111 -442.29 251.654
    endloop
  endfacet
  facet normal -3.01147e-15 -3.58891e-15 1
    outer loop
      vertex -8.31899 -442.29 251.654
      vertex -8.65281 -442.01 251.654
      vertex -7.34472 -446.853 251.654
    endloop
  endfacet
  facet normal 1.59961e-15 -2.7706e-15 1
    outer loop
      vertex -5.45111 -442.29 251.654
      vertex -5.8285 -442.508 251.654
      vertex -6.18126 -447.564 251.654
    endloop
  endfacet
  facet normal 4.82093e-16 -2.73418e-15 1
    outer loop
      vertex -6.238 -442.657 251.654
      vertex -6.66716 -442.733 251.654
      vertex -6.18126 -447.564 251.654
    endloop
  endfacet
  facet normal 0 0 1
    outer loop
      vertex -24.4921 -440.878 251.654
      vertex -21.0272 -437.414 251.654
      vertex -28.0983 -430.342 251.654
    endloop
  endfacet
  facet normal 0 0 1
    outer loop
      vertex -28.0983 -430.342 251.654
      vertex -31.5631 -433.807 251.654
      vertex -24.4921 -440.878 251.654
    endloop
  endfacet
  facet normal 0 0 1
    outer loop
      vertex -27.7622 -429.942 251.654
      vertex -20.6693 -437.108 251.654
      vertex -20.2679 -436.862 251.654
    endloop
  endfacet
  facet normal 0 0 1
    outer loop
      vertex -20.6693 -437.108 251.654
      vertex -27.7622 -429.942 251.654
      vertex -28.0983 -430.342 251.654
    endloop
  endfacet
  facet normal -5.11102e-22 5.11102e-22 1
    outer loop
      vertex -9.64279 -430.413 251.654
      vertex -27.3218 -428.998 251.654
      vertex -27.5007 -429.489 251.654
    endloop
  endfacet
  facet normal 0 0 1
    outer loop
      vertex -21.0979 -418.958 251.654
      vertex -28.169 -426.029 251.654
      vertex -28.0983 -426.1 251.654
    endloop
  endfacet
  facet normal 0 0 1
    outer loop
      vertex -21.0272 -437.414 251.654
      vertex -20.6693 -437.108 251.654
      vertex -28.0983 -430.342 251.654
    endloop
  endfacet
  facet normal 0 0 1
    outer loop
      vertex -27.5007 -429.489 251.654
      vertex -27.7622 -429.942 251.654
      vertex -18.4366 -436.572 251.654
    endloop
  endfacet
  facet normal 0 0 1
    outer loop
      vertex -27.5007 -429.489 251.654
      vertex -17.1426 -437.108 251.654
      vertex -9.64279 -430.413 251.654
    endloop
  endfacet
  facet normal 0 0 1
    outer loop
      vertex -9.64279 -430.413 251.654
      vertex -21.0979 -418.958 251.654
      vertex -27.5007 -426.953 251.654
    endloop
  endfacet
  facet normal -3.51175e-21 3.51175e-21 1
    outer loop
      vertex -28.0983 -426.1 251.654
      vertex -27.7622 -426.5 251.654
      vertex -21.0979 -418.958 251.654
    endloop
  endfacet
  facet normal 0 0 1
    outer loop
      vertex -27.7622 -429.942 251.654
      vertex -19.3752 -436.572 251.654
      vertex -18.9059 -436.535 251.654
    endloop
  endfacet
  facet normal 0 0 1
    outer loop
      vertex -20.2679 -436.862 251.654
      vertex -19.833 -436.682 251.654
      vertex -27.7622 -429.942 251.654
    endloop
  endfacet
  facet normal 0 0 1
    outer loop
      vertex -18.4366 -436.572 251.654
      vertex -17.9789 -436.682 251.654
      vertex -27.5007 -429.489 251.654
    endloop
  endfacet
  facet normal 3.89784e-21 -3.89784e-21 1
    outer loop
      vertex -17.1426 -437.108 251.654
      vertex -16.7846 -437.414 251.654
      vertex -9.64279 -430.413 251.654
    endloop
  endfacet
  facet normal 1.03442e-21 -1.03442e-21 1
    outer loop
      vertex -9.64279 -430.413 251.654
      vertex -27.3218 -427.445 251.654
      vertex -27.231 -427.96 251.654
    endloop
  endfacet
  facet normal 3.66288e-21 -3.66288e-21 1
    outer loop
      vertex -27.7622 -426.5 251.654
      vertex -27.5007 -426.953 251.654
      vertex -21.0979 -418.958 251.654
    endloop
  endfacet
  facet normal 0 0 1
    outer loop
      vertex -19.833 -436.682 251.654
      vertex -19.3752 -436.572 251.654
      vertex -27.7622 -429.942 251.654
    endloop
  endfacet
  facet normal 0 0 1
    outer loop
      vertex -17.9789 -436.682 251.654
      vertex -17.5439 -436.862 251.654
      vertex -27.5007 -429.489 251.654
    endloop
  endfacet
  facet normal -9.89825e-22 9.89825e-22 1
    outer loop
      vertex -9.64279 -430.413 251.654
      vertex -27.231 -428.483 251.654
      vertex -27.3218 -428.998 251.654
    endloop
  endfacet
  facet normal -2.24096e-21 2.24096e-21 1
    outer loop
      vertex -27.5007 -426.953 251.654
      vertex -27.3218 -427.445 251.654
      vertex -9.64279 -430.413 251.654
    endloop
  endfacet
  facet normal 0 0 1
    outer loop
      vertex -17.5439 -436.862 251.654
      vertex -17.1426 -437.108 251.654
      vertex -27.5007 -429.489 251.654
    endloop
  endfacet
  facet normal 0 0 1
    outer loop
      vertex -27.231 -427.96 251.654
      vertex -27.231 -428.483 251.654
      vertex -9.64279 -430.413 251.654
    endloop
  endfacet
  facet normal 0 0 1
    outer loop
      vertex -16.7846 -437.414 251.654
      vertex -16.7139 -437.484 251.654
      vertex -9.64279 -430.413 251.654
    endloop
  endfacet
  facet normal 2.50787e-15 1.44791e-15 1
    outer loop
      vertex -21.0979 -418.958 251.654
      vertex -28.8788 -414.766 251.654
      vertex -28.6609 -415.144 251.654
    endloop
  endfacet
  facet normal 2.17724e-15 7.92453e-16 1
    outer loop
      vertex -28.6609 -415.144 251.654
      vertex -28.5119 -415.553 251.654
      vertex -21.0979 -418.958 251.654
    endloop
  endfacet
  facet normal 3.80257e-15 3.80257e-15 1
    outer loop
      vertex -21.0979 -418.958 251.654
      vertex -31.404 -408.652 251.654
      vertex -29.1589 -414.433 251.654
    endloop
  endfacet
  facet normal 1.97312e-15 3.47914e-16 1
    outer loop
      vertex -28.5119 -415.553 251.654
      vertex -28.4362 -415.982 251.654
      vertex -21.0979 -418.958 251.654
    endloop
  endfacet
  facet normal 2.89491e-15 3.45001e-15 1
    outer loop
      vertex -31.404 -408.652 251.654
      vertex -29.4927 -414.152 251.654
      vertex -29.1589 -414.433 251.654
    endloop
  endfacet
  facet normal 1.03575e-15 2.84567e-15 1
    outer loop
      vertex -31.404 -408.652 251.654
      vertex -30.2796 -413.786 251.654
      vertex -29.8701 -413.935 251.654
    endloop
  endfacet
  facet normal -1.03398e-20 2.65803e-15 1
    outer loop
      vertex -31.404 -408.652 251.654
      vertex -31.1446 -413.71 251.654
      vertex -30.7088 -413.71 251.654
    endloop
  endfacet
  facet normal 3.15316e-15 2.64584e-15 1
    outer loop
      vertex -29.1589 -414.433 251.654
      vertex -28.8788 -414.766 251.654
      vertex -21.0979 -418.958 251.654
    endloop
  endfacet
  facet normal 4.80322e-16 2.72409e-15 1
    outer loop
      vertex -30.7088 -413.71 251.654
      vertex -30.2796 -413.786 251.654
      vertex -31.404 -408.652 251.654
    endloop
  endfacet
  facet normal 1.72667e-15 -3.04463e-16 1
    outer loop
      vertex -21.0979 -418.958 251.654
      vertex -28.4362 -416.418 251.654
      vertex -28.5119 -416.847 251.654
    endloop
  endfacet
  facet normal 1.76526e-15 3.05755e-15 1
    outer loop
      vertex -29.8701 -413.935 251.654
      vertex -29.4927 -414.152 251.654
      vertex -31.404 -408.652 251.654
    endloop
  endfacet
  facet normal -3.44995e-15 -2.89487e-15 1
    outer loop
      vertex -38.4751 -415.723 251.654
      vertex -32.6944 -417.968 251.654
      vertex -32.9746 -417.634 251.654
    endloop
  endfacet
  facet normal 1.83206e-15 4.2393e-21 1
    outer loop
      vertex -28.4362 -415.982 251.654
      vertex -28.4362 -416.418 251.654
      vertex -21.0979 -418.958 251.654
    endloop
  endfacet
  facet normal -9.6478e-16 2.65076e-15 1
    outer loop
      vertex -31.404 -408.652 251.654
      vertex -31.9832 -413.935 251.654
      vertex -31.5737 -413.786 251.654
    endloop
  endfacet
  facet normal -2.72403e-15 -4.80313e-16 1
    outer loop
      vertex -38.4751 -415.723 251.654
      vertex -33.3415 -416.847 251.654
      vertex -33.4172 -416.418 251.654
    endloop
  endfacet
  facet normal -3.05756e-15 -1.76525e-15 1
    outer loop
      vertex -32.9746 -417.634 251.654
      vertex -33.1924 -417.257 251.654
      vertex -38.4751 -415.723 251.654
    endloop
  endfacet
  facet normal 1.5733e-15 -9.08349e-16 1
    outer loop
      vertex -21.0979 -418.958 251.654
      vertex -28.6609 -417.257 251.654
      vertex -28.8788 -417.634 251.654
    endloop
  endfacet
  facet normal -4.64472e-16 2.63423e-15 1
    outer loop
      vertex -31.5737 -413.786 251.654
      vertex -31.1446 -413.71 251.654
      vertex -31.404 -408.652 251.654
    endloop
  endfacet
  facet normal -2.86178e-15 2.40131e-15 1
    outer loop
      vertex -38.4751 -415.723 251.654
      vertex -32.9746 -414.766 251.654
      vertex -32.6944 -414.433 251.654
    endloop
  endfacet
  facet normal -2.63425e-15 4.64475e-16 1
    outer loop
      vertex -38.4751 -415.723 251.654
      vertex -33.4172 -415.982 251.654
      vertex -33.3415 -415.553 251.654
    endloop
  endfacet
  facet normal -2.8457e-15 -1.03576e-15 1
    outer loop
      vertex -33.1924 -417.257 251.654
      vertex -33.3415 -416.847 251.654
      vertex -38.4751 -415.723 251.654
    endloop
  endfacet
  facet normal -2.64581e-15 -3.15314e-15 1
    outer loop
      vertex -28.169 -426.029 251.654
      vertex -32.3606 -418.248 251.654
      vertex -32.6944 -417.968 251.654
    endloop
  endfacet
  facet normal 1.6431e-15 -5.98043e-16 1
    outer loop
      vertex -28.5119 -416.847 251.654
      vertex -28.6609 -417.257 251.654
      vertex -21.0979 -418.958 251.654
    endloop
  endfacet
  facet normal -2.4013e-15 2.86178e-15 1
    outer loop
      vertex -31.404 -408.652 251.654
      vertex -32.6944 -414.433 251.654
      vertex -32.3606 -414.152 251.654
    endloop
  endfacet
  facet normal -2.71697e-15 1.56865e-15 1
    outer loop
      vertex -38.4751 -415.723 251.654
      vertex -33.1924 -415.144 251.654
      vertex -32.9746 -414.766 251.654
    endloop
  endfacet
  facet normal -2.65804e-15 2.06795e-21 1
    outer loop
      vertex -33.4172 -416.418 251.654
      vertex -33.4172 -415.982 251.654
      vertex -38.4751 -415.723 251.654
    endloop
  endfacet
  facet normal -1.44788e-15 -2.50784e-15 1
    outer loop
      vertex -28.169 -426.029 251.654
      vertex -31.9832 -418.466 251.654
      vertex -32.3606 -418.248 251.654
    endloop
  endfacet
  facet normal -1.56865e-15 2.71698e-15 1
    outer loop
      vertex -32.3606 -414.152 251.654
      vertex -31.9832 -413.935 251.654
      vertex -31.404 -408.652 251.654
    endloop
  endfacet
  facet normal -2.65076e-15 9.64786e-16 1
    outer loop
      vertex -33.3415 -415.553 251.654
      vertex -33.1924 -415.144 251.654
      vertex -38.4751 -415.723 251.654
    endloop
  endfacet
  facet normal -7.92452e-16 -2.17724e-15 1
    outer loop
      vertex -28.169 -426.029 251.654
      vertex -31.5737 -418.615 251.654
      vertex -31.9832 -418.466 251.654
    endloop
  endfacet
  facet normal -1.00296e-20 -1.83206e-15 1
    outer loop
      vertex -28.169 -426.029 251.654
      vertex -30.7088 -418.691 251.654
      vertex -31.1446 -418.691 251.654
    endloop
  endfacet
  facet normal 1.48539e-15 -1.48539e-15 1
    outer loop
      vertex -28.169 -426.029 251.654
      vertex -21.0979 -418.958 251.654
      vertex -29.1589 -417.968 251.654
    endloop
  endfacet
  facet normal -2.99411e-15 2.99411e-15 1
    outer loop
      vertex -32.6944 -414.433 251.654
      vertex -31.404 -408.652 251.654
      vertex -38.4751 -415.723 251.654
    endloop
  endfacet
  facet normal -3.47921e-16 -1.97316e-15 1
    outer loop
      vertex -31.1446 -418.691 251.654
      vertex -31.5737 -418.615 251.654
      vertex -28.169 -426.029 251.654
    endloop
  endfacet
  facet normal 5.98041e-16 -1.64308e-15 1
    outer loop
      vertex -28.169 -426.029 251.654
      vertex -29.8701 -418.466 251.654
      vertex -30.2796 -418.615 251.654
    endloop
  endfacet
  facet normal 1.2687e-15 -1.51199e-15 1
    outer loop
      vertex -29.1589 -417.968 251.654
      vertex -29.4927 -418.248 251.654
      vertex -28.169 -426.029 251.654
    endloop
  endfacet
  facet normal -3.80258e-15 -3.80258e-15 1
    outer loop
      vertex -32.6944 -417.968 251.654
      vertex -38.4751 -415.723 251.654
      vertex -28.169 -426.029 251.654
    endloop
  endfacet
  facet normal 9.08348e-16 -1.57331e-15 1
    outer loop
      vertex -29.4927 -418.248 251.654
      vertex -29.8701 -418.466 251.654
      vertex -28.169 -426.029 251.654
    endloop
  endfacet
  facet normal 3.04465e-16 -1.72669e-15 1
    outer loop
      vertex -30.2796 -418.615 251.654
      vertex -30.7088 -418.691 251.654
      vertex -28.169 -426.029 251.654
    endloop
  endfacet
  facet normal 0 0 1
    outer loop
      vertex -38.0508 -402.005 251.654
      vertex -45.1219 -409.076 251.654
      vertex -38.4751 -415.723 251.654
    endloop
  endfacet
  facet normal 0 0 1
    outer loop
      vertex -45.1219 -409.076 251.654
      vertex -38.0508 -402.005 251.654
      vertex -46.8366 -393.219 251.654
    endloop
  endfacet
  facet normal -1.44145e-21 1.44145e-21 1
    outer loop
      vertex -56.6654 -397.533 251.654
      vertex -47.7153 -391.098 251.654
      vertex -47.6784 -390.629 251.654
    endloop
  endfacet
  facet normal -1.19764e-21 1.19764e-21 1
    outer loop
      vertex -56.6654 -397.533 251.654
      vertex -47.5685 -392.025 251.654
      vertex -47.6784 -391.567 251.654
    endloop
  endfacet
  facet normal -1.83834e-21 1.83834e-21 1
    outer loop
      vertex -56.6654 -397.533 251.654
      vertex -47.1424 -392.861 251.654
      vertex -47.3883 -392.46 251.654
    endloop
  endfacet
  facet normal 0 0 1
    outer loop
      vertex -46.8366 -393.219 251.654
      vertex -56.6654 -397.533 251.654
      vertex -45.1219 -409.076 251.654
    endloop
  endfacet
  facet normal 0 0 1
    outer loop
      vertex -46.9916 -387.859 251.654
      vertex -56.6654 -397.533 251.654
      vertex -47.3883 -389.736 251.654
    endloop
  endfacet
  facet normal 0 0 1
    outer loop
      vertex -47.6784 -391.567 251.654
      vertex -47.7153 -391.098 251.654
      vertex -56.6654 -397.533 251.654
    endloop
  endfacet
  facet normal 3.7788e-21 -3.7788e-21 1
    outer loop
      vertex -46.8366 -393.219 251.654
      vertex -47.1424 -392.861 251.654
      vertex -56.6654 -397.533 251.654
    endloop
  endfacet
  facet normal -3.47469e-21 3.47469e-21 1
    outer loop
      vertex -56.6654 -397.533 251.654
      vertex -47.5685 -390.171 251.654
      vertex -47.3883 -389.736 251.654
    endloop
  endfacet
  facet normal 0 0 1
    outer loop
      vertex -47.3883 -392.46 251.654
      vertex -47.5685 -392.025 251.654
      vertex -56.6654 -397.533 251.654
    endloop
  endfacet
  facet normal -2.87596e-21 2.87596e-21 1
    outer loop
      vertex -46.9916 -387.859 251.654
      vertex -47.1424 -389.335 251.654
      vertex -46.8366 -388.977 251.654
    endloop
  endfacet
  facet normal 5.44793e-21 -5.44793e-21 1
    outer loop
      vertex -47.6784 -390.629 251.654
      vertex -47.5685 -390.171 251.654
      vertex -56.6654 -397.533 251.654
    endloop
  endfacet
  facet normal 0 0 1
    outer loop
      vertex -47.3883 -389.736 251.654
      vertex -47.1424 -389.335 251.654
      vertex -46.9916 -387.859 251.654
    endloop
  endfacet
  facet normal 0 0 1
    outer loop
      vertex -39.5804 -380.448 251.654
      vertex -39.1305 -382.081 251.654
      vertex -38.6612 -382.044 251.654
    endloop
  endfacet
  facet normal 0 0 1
    outer loop
      vertex -39.5804 -380.448 251.654
      vertex -40.0232 -382.371 251.654
      vertex -39.5883 -382.191 251.654
    endloop
  endfacet
  facet normal 0 0 1
    outer loop
      vertex -46.9916 -387.859 251.654
      vertex -46.3552 -388.495 251.654
      vertex -40.7825 -382.923 251.654
    endloop
  endfacet
  facet normal 0 0 1
    outer loop
      vertex -39.5883 -382.191 251.654
      vertex -39.1305 -382.081 251.654
      vertex -39.5804 -380.448 251.654
    endloop
  endfacet
  facet normal 0 0 1
    outer loop
      vertex -40.7825 -382.923 251.654
      vertex -39.5804 -380.448 251.654
      vertex -46.9916 -387.859 251.654
    endloop
  endfacet
  facet normal 0 0 1
    outer loop
      vertex -38.6612 -382.044 251.654
      vertex -38.1919 -382.081 251.654
      vertex -39.5804 -380.448 251.654
    endloop
  endfacet
  facet normal 0 0 1
    outer loop
      vertex -40.7825 -382.923 251.654
      vertex -40.4246 -382.617 251.654
      vertex -39.5804 -380.448 251.654
    endloop
  endfacet
  facet normal -3.44594e-21 3.44594e-21 1
    outer loop
      vertex -40.4246 -382.617 251.654
      vertex -40.0232 -382.371 251.654
      vertex -39.5804 -380.448 251.654
    endloop
  endfacet
  facet normal 1.14344e-15 1.75776e-21 1
    outer loop
      vertex -15.2206 -375.958 251.654
      vertex -26.9783 -385.533 251.654
      vertex -26.9783 -385.969 251.654
    endloop
  endfacet
  facet normal 1.67353e-15 -6.0909e-16 1
    outer loop
      vertex -15.2206 -375.958 251.654
      vertex -27.054 -386.398 251.654
      vertex -27.2031 -386.808 251.654
    endloop
  endfacet
  facet normal 9.99845e-16 1.76297e-16 1
    outer loop
      vertex -15.2206 -375.958 251.654
      vertex -27.054 -385.104 251.654
      vertex -26.9783 -385.533 251.654
    endloop
  endfacet
  facet normal 4.01277e-16 6.95039e-16 1
    outer loop
      vertex -25.1555 -366.023 251.654
      vertex -28.4123 -383.485 251.654
      vertex -28.0349 -383.703 251.654
    endloop
  endfacet
  facet normal 1.34542e-15 -2.37245e-16 1
    outer loop
      vertex -26.9783 -385.969 251.654
      vertex -27.054 -386.398 251.654
      vertex -15.2206 -375.958 251.654
    endloop
  endfacet
  facet normal 6.9969e-16 5.87114e-16 1
    outer loop
      vertex -15.2206 -375.958 251.654
      vertex -27.7011 -383.983 251.654
      vertex -27.4209 -384.317 251.654
    endloop
  endfacet
  facet normal 6.53903e-16 6.53903e-16 1
    outer loop
      vertex -28.0349 -383.703 251.654
      vertex -15.2206 -375.958 251.654
      vertex -25.1555 -366.023 251.654
    endloop
  endfacet
  facet normal 1.31979e-16 7.48549e-16 1
    outer loop
      vertex -25.1555 -366.023 251.654
      vertex -29.2509 -383.261 251.654
      vertex -28.8218 -383.336 251.654
    endloop
  endfacet
  facet normal -3.15979e-14 -1.82429e-14 1
    outer loop
      vertex -31.4841 -387.978 251.654
      vertex -31.5167 -387.185 251.654
      vertex -31.7346 -386.808 251.654
    endloop
  endfacet
  facet normal -3.92286e-15 -2.22482e-14 1
    outer loop
      vertex -29.8321 -388.82 251.654
      vertex -29.6867 -388.242 251.654
      vertex -30.1159 -388.166 251.654
    endloop
  endfacet
  facet normal 1.86943e-19 -2.18395e-14 1
    outer loop
      vertex -29.3628 -388.857 251.654
      vertex -29.2509 -388.242 251.654
      vertex -29.6867 -388.242 251.654
    endloop
  endfacet
  facet normal 8.86673e-16 3.22725e-16 1
    outer loop
      vertex -15.2206 -375.958 251.654
      vertex -27.2031 -384.695 251.654
      vertex -27.054 -385.104 251.654
    endloop
  endfacet
  facet normal 6.09835e-16 7.26772e-16 1
    outer loop
      vertex -28.0349 -383.703 251.654
      vertex -27.7011 -383.983 251.654
      vertex -15.2206 -375.958 251.654
    endloop
  endfacet
  facet normal 1.18907e-21 7.79927e-16 1
    outer loop
      vertex -25.1555 -366.023 251.654
      vertex -29.6867 -383.261 251.654
      vertex -29.2509 -383.261 251.654
    endloop
  endfacet
  facet normal -3.15533e-16 8.66913e-16 1
    outer loop
      vertex -25.1555 -366.023 251.654
      vertex -30.5254 -383.485 251.654
      vertex -30.1159 -383.336 251.654
    endloop
  endfacet
  facet normal -3.86988e-15 -4.59033e-15 1
    outer loop
      vertex -31.5167 -384.317 251.654
      vertex -39.5804 -380.448 251.654
      vertex -37.2992 -382.371 251.654
    endloop
  endfacet
  facet normal -2.12338e-14 -1.78174e-14 1
    outer loop
      vertex -31.4841 -387.978 251.654
      vertex -31.2366 -387.519 251.654
      vertex -31.5167 -387.185 251.654
    endloop
  endfacet
  facet normal -1.69857e-14 -1.98878e-14 1
    outer loop
      vertex -31.4841 -387.978 251.654
      vertex -31.1261 -388.284 251.654
      vertex -30.9028 -387.799 251.654
    endloop
  endfacet
  facet normal -1.2964e-14 -2.11555e-14 1
    outer loop
      vertex -31.1261 -388.284 251.654
      vertex -30.7247 -388.53 251.654
      vertex -30.5254 -388.017 251.654
    endloop
  endfacet
  facet normal -9.03333e-15 -2.18084e-14 1
    outer loop
      vertex -30.7247 -388.53 251.654
      vertex -30.2898 -388.71 251.654
      vertex -30.1159 -388.166 251.654
    endloop
  endfacet
  facet normal -1.7934e-15 -2.27836e-14 1
    outer loop
      vertex -29.6867 -388.242 251.654
      vertex -29.8321 -388.82 251.654
      vertex -29.3628 -388.857 251.654
    endloop
  endfacet
  facet normal 3.69422e-15 -2.09516e-14 1
    outer loop
      vertex -28.8934 -388.82 251.654
      vertex -28.8218 -388.166 251.654
      vertex -29.2509 -388.242 251.654
    endloop
  endfacet
  facet normal 7.89586e-16 4.55863e-16 1
    outer loop
      vertex -27.4209 -384.317 251.654
      vertex -27.2031 -384.695 251.654
      vertex -15.2206 -375.958 251.654
    endloop
  endfacet
  facet normal -1.44201e-16 8.1783e-16 1
    outer loop
      vertex -30.1159 -383.336 251.654
      vertex -29.6867 -383.261 251.654
      vertex -25.1555 -366.023 251.654
    endloop
  endfacet
  facet normal 0 0 1
    outer loop
      vertex -39.5804 -380.448 251.654
      vertex -37.7342 -382.191 251.654
      vertex -37.2992 -382.371 251.654
    endloop
  endfacet
  facet normal -1.4608e-14 -1.4608e-14 1
    outer loop
      vertex -31.7346 -386.808 251.654
      vertex -36.5399 -382.923 251.654
      vertex -31.4841 -387.978 251.654
    endloop
  endfacet
  facet normal -1.26379e-14 -2.18895e-14 1
    outer loop
      vertex -30.5254 -388.017 251.654
      vertex -30.9028 -387.799 251.654
      vertex -31.1261 -388.284 251.654
    endloop
  endfacet
  facet normal -5.50618e-15 -2.2935e-14 1
    outer loop
      vertex -30.1159 -388.166 251.654
      vertex -30.2898 -388.71 251.654
      vertex -29.8321 -388.82 251.654
    endloop
  endfacet
  facet normal 1.74381e-15 -2.21566e-14 1
    outer loop
      vertex -29.2509 -388.242 251.654
      vertex -29.3628 -388.857 251.654
      vertex -28.8934 -388.82 251.654
    endloop
  endfacet
  facet normal 2.10853e-14 -1.21736e-14 1
    outer loop
      vertex -27.2414 -387.978 251.654
      vertex -27.2031 -386.808 251.654
      vertex -27.4209 -387.185 251.654
    endloop
  endfacet
  facet normal 2.62405e-16 7.20945e-16 1
    outer loop
      vertex -28.8218 -383.336 251.654
      vertex -28.4123 -383.485 251.654
      vertex -25.1555 -366.023 251.654
    endloop
  endfacet
  facet normal -9.39064e-16 1.62657e-15 1
    outer loop
      vertex -39.5804 -380.448 251.654
      vertex -30.9028 -383.703 251.654
      vertex -30.5254 -383.485 251.654
    endloop
  endfacet
  facet normal 0 0 1
    outer loop
      vertex -39.5804 -380.448 251.654
      vertex -37.87 -382.158 251.654
      vertex -37.7342 -382.191 251.654
    endloop
  endfacet
  facet normal -4.92329e-15 -5.76445e-15 1
    outer loop
      vertex -31.7346 -384.695 251.654
      vertex -36.8979 -382.617 251.654
      vertex -36.5399 -382.923 251.654
    endloop
  endfacet
  facet normal -2.93504e-15 -1.14771e-20 1
    outer loop
      vertex -36.5399 -382.923 251.654
      vertex -31.9593 -385.969 251.654
      vertex -31.9593 -385.533 251.654
    endloop
  endfacet
  facet normal -1.69058e-14 -2.01475e-14 1
    outer loop
      vertex -30.9028 -387.799 251.654
      vertex -31.2366 -387.519 251.654
      vertex -31.4841 -387.978 251.654
    endloop
  endfacet
  facet normal 5.06598e-15 -2.11018e-14 1
    outer loop
      vertex -28.8934 -388.82 251.654
      vertex -28.4357 -388.71 251.654
      vertex -28.8218 -388.166 251.654
    endloop
  endfacet
  facet normal 1.09541e-14 -1.78754e-14 1
    outer loop
      vertex -28.0008 -388.53 251.654
      vertex -27.5994 -388.284 251.654
      vertex -28.0349 -387.799 251.654
    endloop
  endfacet
  facet normal 1.34745e-14 -1.57759e-14 1
    outer loop
      vertex -27.5994 -388.284 251.654
      vertex -27.2414 -387.978 251.654
      vertex -27.7011 -387.519 251.654
    endloop
  endfacet
  facet normal 1.18717e-14 -1.18717e-14 1
    outer loop
      vertex -27.2031 -386.808 251.654
      vertex -27.2414 -387.978 251.654
      vertex -15.2206 -375.958 251.654
    endloop
  endfacet
  facet normal -1.07062e-15 1.2759e-15 1
    outer loop
      vertex -39.5804 -380.448 251.654
      vertex -31.2366 -383.983 251.654
      vertex -30.9028 -383.703 251.654
    endloop
  endfacet
  facet normal -1.9467e-15 1.12389e-15 1
    outer loop
      vertex -37.2992 -382.371 251.654
      vertex -31.7346 -384.695 251.654
      vertex -31.5167 -384.317 251.654
    endloop
  endfacet
  facet normal -7.5831e-15 -1.23745e-14 1
    outer loop
      vertex -31.7346 -384.695 251.654
      vertex -37.2992 -382.371 251.654
      vertex -36.8979 -382.617 251.654
    endloop
  endfacet
  facet normal -3.32491e-15 -5.86256e-16 1
    outer loop
      vertex -36.5399 -382.923 251.654
      vertex -31.8836 -386.398 251.654
      vertex -31.9593 -385.969 251.654
    endloop
  endfacet
  facet normal -8.35207e-15 -2.2947e-14 1
    outer loop
      vertex -30.1159 -388.166 251.654
      vertex -30.5254 -388.017 251.654
      vertex -30.7247 -388.53 251.654
    endloop
  endfacet
  facet normal 8.14418e-15 -1.9662e-14 1
    outer loop
      vertex -28.4357 -388.71 251.654
      vertex -28.0008 -388.53 251.654
      vertex -28.4123 -388.017 251.654
    endloop
  endfacet
  facet normal 1.32614e-14 -1.58047e-14 1
    outer loop
      vertex -27.7011 -387.519 251.654
      vertex -28.0349 -387.799 251.654
      vertex -27.5994 -388.284 251.654
    endloop
  endfacet
  facet normal -1.11176e-15 1.11176e-15 1
    outer loop
      vertex -30.5254 -383.485 251.654
      vertex -25.1555 -366.023 251.654
      vertex -39.5804 -380.448 251.654
    endloop
  endfacet
  facet normal -2.46671e-15 8.97816e-16 1
    outer loop
      vertex -36.5399 -382.923 251.654
      vertex -31.8836 -385.104 251.654
      vertex -31.7346 -384.695 251.654
    endloop
  endfacet
  facet normal -3.96431e-15 -1.44294e-15 1
    outer loop
      vertex -31.7346 -386.808 251.654
      vertex -31.8836 -386.398 251.654
      vertex -36.5399 -382.923 251.654
    endloop
  endfacet
  facet normal 1.0337e-14 -1.79042e-14 1
    outer loop
      vertex -28.0349 -387.799 251.654
      vertex -28.4123 -388.017 251.654
      vertex -28.0008 -388.53 251.654
    endloop
  endfacet
  facet normal -1.18864e-15 9.97403e-16 1
    outer loop
      vertex -31.5167 -384.317 251.654
      vertex -31.2366 -383.983 251.654
      vertex -39.5804 -380.448 251.654
    endloop
  endfacet
  facet normal 7.14408e-15 -1.9628e-14 1
    outer loop
      vertex -28.4123 -388.017 251.654
      vertex -28.8218 -388.166 251.654
      vertex -28.4357 -388.71 251.654
    endloop
  endfacet
  facet normal -2.667e-15 4.70288e-16 1
    outer loop
      vertex -31.9593 -385.533 251.654
      vertex -31.8836 -385.104 251.654
      vertex -36.5399 -382.923 251.654
    endloop
  endfacet
  facet normal 2.31828e-15 -5.59666e-15 1
    outer loop
      vertex -5.64508 -364.2 251.654
      vertex -5.66613 -366.611 251.654
      vertex -5.23121 -366.431 251.654
    endloop
  endfacet
  facet normal 1.07872e-15 -6.11739e-15 1
    outer loop
      vertex -4.78014 -364.124 251.654
      vertex -5.2093 -364.2 251.654
      vertex -4.77346 -366.321 251.654
    endloop
  endfacet
  facet normal 3.43565e-15 -5.60649e-15 1
    outer loop
      vertex -5.64508 -364.2 251.654
      vertex -6.06751 -366.857 251.654
      vertex -5.66613 -366.611 251.654
    endloop
  endfacet
  facet normal 1.45023e-15 -6.0411e-15 1
    outer loop
      vertex -5.2093 -364.2 251.654
      vertex -5.23121 -366.431 251.654
      vertex -4.77346 -366.321 251.654
    endloop
  endfacet
  facet normal -1.51498e-15 8.74644e-16 1
    outer loop
      vertex -12.1707 -353.038 251.654
      vertex -7.69296 -360.653 251.654
      vertex -7.47507 -360.275 251.654
    endloop
  endfacet
  facet normal -8.66917e-16 3.15537e-16 1
    outer loop
      vertex -25.1555 -366.023 251.654
      vertex -7.842 -361.062 251.654
      vertex -7.69296 -360.653 251.654
    endloop
  endfacet
  facet normal -7.48547e-16 -1.31979e-16 1
    outer loop
      vertex -25.1555 -366.023 251.654
      vertex -7.842 -362.356 251.654
      vertex -7.91768 -361.927 251.654
    endloop
  endfacet
  facet normal -6.53903e-16 -6.53903e-16 1
    outer loop
      vertex -25.1555 -366.023 251.654
      vertex -15.2206 -375.958 251.654
      vertex -7.47507 -363.143 251.654
    endloop
  endfacet
  facet normal 4.14232e-15 -4.14232e-15 1
    outer loop
      vertex -6.48374 -363.975 251.654
      vertex -15.2206 -375.958 251.654
      vertex -6.42548 -367.162 251.654
    endloop
  endfacet
  facet normal 4.19323e-15 -4.90974e-15 1
    outer loop
      vertex -6.07424 -364.124 251.654
      vertex -6.42548 -367.162 251.654
      vertex -6.06751 -366.857 251.654
    endloop
  endfacet
  facet normal 4.81607e-16 -6.1192e-15 1
    outer loop
      vertex -4.77346 -366.321 251.654
      vertex -4.30416 -366.284 251.654
      vertex -4.78014 -364.124 251.654
    endloop
  endfacet
  facet normal 2.56248e-15 -4.43834e-15 1
    outer loop
      vertex -3.99325 -363.757 251.654
      vertex -4.37064 -363.975 251.654
      vertex -3.37711 -366.431 251.654
    endloop
  endfacet
  facet normal -5.77343e-16 1.58623e-15 1
    outer loop
      vertex -12.1707 -353.038 251.654
      vertex -6.48374 -359.444 251.654
      vertex -6.07424 -359.295 251.654
    endloop
  endfacet
  facet normal -1.01826e-15 1.2135e-15 1
    outer loop
      vertex -12.1707 -353.038 251.654
      vertex -7.19496 -359.942 251.654
      vertex -6.86113 -359.662 251.654
    endloop
  endfacet
  facet normal -1.11176e-15 1.11176e-15 1
    outer loop
      vertex -7.69296 -360.653 251.654
      vertex -12.1707 -353.038 251.654
      vertex -25.1555 -366.023 251.654
    endloop
  endfacet
  facet normal -7.79924e-16 -1.24077e-21 1
    outer loop
      vertex -7.91768 -361.927 251.654
      vertex -7.91768 -361.492 251.654
      vertex -25.1555 -366.023 251.654
    endloop
  endfacet
  facet normal -6.95042e-16 -4.01276e-16 1
    outer loop
      vertex -7.47507 -363.143 251.654
      vertex -7.69296 -362.766 251.654
      vertex -25.1555 -366.023 251.654
    endloop
  endfacet
  facet normal -5.87116e-16 -6.99689e-16 1
    outer loop
      vertex -15.2206 -375.958 251.654
      vertex -6.86113 -363.757 251.654
      vertex -7.19496 -363.477 251.654
    endloop
  endfacet
  facet normal -1.54554e-15 -4.24629e-15 1
    outer loop
      vertex -6.42548 -367.162 251.654
      vertex -6.07424 -364.124 251.654
      vertex -6.48374 -363.975 251.654
    endloop
  endfacet
  facet normal 6.10046e-20 -6.02671e-15 1
    outer loop
      vertex -5.23121 -366.431 251.654
      vertex -5.2093 -364.2 251.654
      vertex -5.64508 -364.2 251.654
    endloop
  endfacet
  facet normal 2.09742e-15 -5.76314e-15 1
    outer loop
      vertex -4.37064 -363.975 251.654
      vertex -4.78014 -364.124 251.654
      vertex -4.30416 -366.284 251.654
    endloop
  endfacet
  facet normal -2.30288e-15 -5.55972e-15 1
    outer loop
      vertex -3.37711 -366.431 251.654
      vertex -2.94219 -366.611 251.654
      vertex -3.99325 -363.757 251.654
    endloop
  endfacet
  facet normal 3.25005e-15 -3.25005e-15 1
    outer loop
      vertex -2.76501 -366.719 251.654
      vertex -0.627203 -364.582 251.654
      vertex -3.65942 -363.477 251.654
    endloop
  endfacet
  facet normal -8.01087e-16 1.38757e-15 1
    outer loop
      vertex -6.86113 -359.662 251.654
      vertex -6.48374 -359.444 251.654
      vertex -12.1707 -353.038 251.654
    endloop
  endfacet
  facet normal -8.17831e-16 1.442e-16 1
    outer loop
      vertex -7.91768 -361.492 251.654
      vertex -7.842 -361.062 251.654
      vertex -25.1555 -366.023 251.654
    endloop
  endfacet
  facet normal -7.26769e-16 -6.09835e-16 1
    outer loop
      vertex -7.19496 -363.477 251.654
      vertex -7.47507 -363.143 251.654
      vertex -15.2206 -375.958 251.654
    endloop
  endfacet
  facet normal -8.67893e-16 -4.92214e-15 1
    outer loop
      vertex -6.06751 -366.857 251.654
      vertex -5.64508 -364.2 251.654
      vertex -6.07424 -364.124 251.654
    endloop
  endfacet
  facet normal -4.59238e-16 -5.83662e-15 1
    outer loop
      vertex -4.30416 -366.284 251.654
      vertex -3.83486 -366.321 251.654
      vertex -4.37064 -363.975 251.654
    endloop
  endfacet
  facet normal 2.82542e-15 -3.36728e-15 1
    outer loop
      vertex -3.65942 -363.477 251.654
      vertex -3.99325 -363.757 251.654
      vertex -2.76501 -366.719 251.654
    endloop
  endfacet
  facet normal 3.75278e-15 -2.16668e-15 1
    outer loop
      vertex -0.627203 -364.582 251.654
      vertex -3.16142 -362.766 251.654
      vertex -3.37931 -363.143 251.654
    endloop
  endfacet
  facet normal 8.39719e-14 8.39719e-14 1
    outer loop
      vertex -0.627203 -364.582 251.654
      vertex -2.98838 -362.22 251.654
      vertex -3.01238 -362.356 251.654
    endloop
  endfacet
  facet normal -1.24845e-15 1.04758e-15 1
    outer loop
      vertex -7.47507 -360.275 251.654
      vertex -7.19496 -359.942 251.654
      vertex -12.1707 -353.038 251.654
    endloop
  endfacet
  facet normal -4.55862e-16 -7.89589e-16 1
    outer loop
      vertex -6.48374 -363.975 251.654
      vertex -6.86113 -363.757 251.654
      vertex -15.2206 -375.958 251.654
    endloop
  endfacet
  facet normal -3.72876e-15 -6.08487e-15 1
    outer loop
      vertex -2.94219 -366.611 251.654
      vertex -2.76501 -366.719 251.654
      vertex -3.99325 -363.757 251.654
    endloop
  endfacet
  facet normal 4.2078e-15 -1.53153e-15 1
    outer loop
      vertex -3.01238 -362.356 251.654
      vertex -3.16142 -362.766 251.654
      vertex -0.627203 -364.582 251.654
    endloop
  endfacet
  facet normal -7.20945e-16 -2.62406e-16 1
    outer loop
      vertex -7.69296 -362.766 251.654
      vertex -7.842 -362.356 251.654
      vertex -25.1555 -366.023 251.654
    endloop
  endfacet
  facet normal 3.39596e-15 -2.84949e-15 1
    outer loop
      vertex -3.37931 -363.143 251.654
      vertex -3.65942 -363.477 251.654
      vertex -0.627203 -364.582 251.654
    endloop
  endfacet
  facet normal -1.45604e-15 -6.06441e-15 1
    outer loop
      vertex -3.83486 -366.321 251.654
      vertex -3.37711 -366.431 251.654
      vertex -4.37064 -363.975 251.654
    endloop
  endfacet
  facet normal 0 0 1
    outer loop
      vertex 6.01963 -371.228 251.654
      vertex -0.627203 -364.582 251.654
      vertex -2.18284 -367.162 251.654
    endloop
  endfacet
  facet normal -8.16291e-22 8.16291e-22 1
    outer loop
      vertex -0.627203 -364.582 251.654
      vertex -2.5408 -366.857 251.654
      vertex -2.18284 -367.162 251.654
    endloop
  endfacet
  facet normal 4.43331e-21 -4.43331e-21 1
    outer loop
      vertex -0.627203 -364.582 251.654
      vertex -2.76501 -366.719 251.654
      vertex -2.5408 -366.857 251.654
    endloop
  endfacet
  facet normal 1.70826e-14 8.99515e-14 1
    outer loop
      vertex 3.95134 -373.297 251.654
      vertex 9.08492 -374.421 251.654
      vertex 9.05765 -374.266 251.654
    endloop
  endfacet
  facet normal -3.05749e-15 -1.76523e-15 1
    outer loop
      vertex 3.95134 -373.297 251.654
      vertex 9.45185 -375.208 251.654
      vertex 9.23396 -374.831 251.654
    endloop
  endfacet
  facet normal -2.64589e-15 -3.15323e-15 1
    outer loop
      vertex 14.2574 -383.603 251.654
      vertex 10.0658 -375.822 251.654
      vertex 9.73196 -375.542 251.654
    endloop
  endfacet
  facet normal -2.84577e-15 -1.03579e-15 1
    outer loop
      vertex 9.23396 -374.831 251.654
      vertex 9.08492 -374.421 251.654
      vertex 3.95134 -373.297 251.654
    endloop
  endfacet
  facet normal -3.80256e-15 -3.80256e-15 1
    outer loop
      vertex 9.73196 -375.542 251.654
      vertex 3.95134 -373.297 251.654
      vertex 14.2574 -383.603 251.654
    endloop
  endfacet
  facet normal -7.92479e-16 -2.17731e-15 1
    outer loop
      vertex 14.2574 -383.603 251.654
      vertex 10.8527 -376.189 251.654
      vertex 10.4432 -376.04 251.654
    endloop
  endfacet
  facet normal 0 0 1
    outer loop
      vertex 14.2574 -383.603 251.654
      vertex 16.3257 -381.534 251.654
      vertex 11.0073 -376.216 251.654
    endloop
  endfacet
  facet normal -3.45001e-15 -2.89491e-15 1
    outer loop
      vertex 9.73196 -375.542 251.654
      vertex 9.45185 -375.208 251.654
      vertex 3.95134 -373.297 251.654
    endloop
  endfacet
  facet normal 9.42511e-14 4.147e-14 1
    outer loop
      vertex 11.0073 -376.216 251.654
      vertex 10.8527 -376.189 251.654
      vertex 14.2574 -383.603 251.654
    endloop
  endfacet
  facet normal -1.44786e-15 -2.50778e-15 1
    outer loop
      vertex 10.4432 -376.04 251.654
      vertex 10.0658 -375.822 251.654
      vertex 14.2574 -383.603 251.654
    endloop
  endfacet
  facet normal 0 0 1
    outer loop
      vertex 16.3257 -381.534 251.654
      vertex 14.2574 -383.603 251.654
      vertex 25.7125 -395.058 251.654
    endloop
  endfacet
  facet normal -3.80257e-15 -3.80257e-15 1
    outer loop
      vertex 25.7125 -395.058 251.654
      vertex 36.0186 -405.364 251.654
      vertex 33.7736 -399.583 251.654
    endloop
  endfacet
  facet normal -1.03578e-15 -2.84576e-15 1
    outer loop
      vertex 36.0186 -405.364 251.654
      vertex 34.8943 -400.23 251.654
      vertex 34.4848 -400.081 251.654
    endloop
  endfacet
  facet normal 0 0 1
    outer loop
      vertex 36.0186 -405.364 251.654
      vertex 38.0869 -403.296 251.654
      vertex 35.0489 -400.258 251.654
    endloop
  endfacet
  facet normal 4.1471e-14 9.42525e-14 1
    outer loop
      vertex 25.7125 -395.058 251.654
      vertex 33.1265 -398.463 251.654
      vertex 33.0993 -398.308 251.654
    endloop
  endfacet
  facet normal -2.50779e-15 -1.44787e-15 1
    outer loop
      vertex 25.7125 -395.058 251.654
      vertex 33.4935 -399.25 251.654
      vertex 33.2756 -398.872 251.654
    endloop
  endfacet
  facet normal -2.89497e-15 -3.45006e-15 1
    outer loop
      vertex 36.0186 -405.364 251.654
      vertex 34.1074 -399.863 251.654
      vertex 33.7736 -399.583 251.654
    endloop
  endfacet
  facet normal 8.9952e-14 1.7082e-14 1
    outer loop
      vertex 35.0489 -400.258 251.654
      vertex 34.8943 -400.23 251.654
      vertex 36.0186 -405.364 251.654
    endloop
  endfacet
  facet normal -2.1773e-15 -7.92478e-16 1
    outer loop
      vertex 33.2756 -398.872 251.654
      vertex 33.1265 -398.463 251.654
      vertex 25.7125 -395.058 251.654
    endloop
  endfacet
  facet normal -1.76526e-15 -3.05755e-15 1
    outer loop
      vertex 34.4848 -400.081 251.654
      vertex 34.1074 -399.863 251.654
      vertex 36.0186 -405.364 251.654
    endloop
  endfacet
  facet normal -3.15324e-15 -2.6459e-15 1
    outer loop
      vertex 33.7736 -399.583 251.654
      vertex 33.4935 -399.25 251.654
      vertex 25.7125 -395.058 251.654
    endloop
  endfacet
  facet normal 0 0 1
    outer loop
      vertex 38.0869 -403.296 251.654
      vertex 36.0186 -405.364 251.654
      vertex 42.1528 -411.498 251.654
    endloop
  endfacet
  facet normal 0 0 1
    outer loop
      vertex 42.1528 -411.498 251.654
      vertex 44.7337 -409.942 251.654
      vertex 38.0869 -403.296 251.654
    endloop
  endfacet
  facet normal 0 0 1
    outer loop
      vertex 42.1528 -411.498 251.654
      vertex 42.4889 -411.899 251.654
      vertex 44.7337 -409.942 251.654
    endloop
  endfacet
  facet normal -6.1498e-15 -1.44757e-20 1
    outer loop
      vertex 45.1153 -414.96 251.654
      vertex 45.1153 -414.525 251.654
      vertex 42.9292 -414.396 251.654
    endloop
  endfacet
  facet normal -4.92349e-15 2.84259e-15 1
    outer loop
      vertex 45.191 -415.389 251.654
      vertex 42.7504 -414.887 251.654
      vertex 42.4889 -415.34 251.654
    endloop
  endfacet
  facet normal -5.71577e-15 -1.00783e-15 1
    outer loop
      vertex 42.7504 -414.887 251.654
      vertex 45.191 -415.389 251.654
      vertex 45.1153 -414.96 251.654
    endloop
  endfacet
  facet normal -6.19258e-15 5.33531e-20 1
    outer loop
      vertex 43.02 -413.358 251.654
      vertex 43.02 -413.881 251.654
      vertex 45.191 -414.095 251.654
    endloop
  endfacet
  facet normal -6.08659e-15 1.07319e-15 1
    outer loop
      vertex 43.02 -413.881 251.654
      vertex 42.9292 -414.396 251.654
      vertex 45.1153 -414.525 251.654
    endloop
  endfacet
  facet normal -5.62149e-15 2.04609e-15 1
    outer loop
      vertex 42.9292 -414.396 251.654
      vertex 42.7504 -414.887 251.654
      vertex 45.1153 -414.96 251.654
    endloop
  endfacet
  facet normal -4.6399e-15 2.67885e-15 1
    outer loop
      vertex 42.9292 -412.843 251.654
      vertex 45.34 -413.686 251.654
      vertex 45.5579 -413.308 251.654
    endloop
  endfacet
  facet normal -5.94286e-15 -1.04787e-15 1
    outer loop
      vertex 45.34 -413.686 251.654
      vertex 42.9292 -412.843 251.654
      vertex 43.02 -413.358 251.654
    endloop
  endfacet
  facet normal -4.90038e-15 4.11178e-15 1
    outer loop
      vertex 42.4889 -415.34 251.654
      vertex 42.1528 -415.741 251.654
      vertex 45.191 -415.389 251.654
    endloop
  endfacet
  facet normal -5.51133e-15 2.00588e-15 1
    outer loop
      vertex 45.191 -414.095 251.654
      vertex 45.34 -413.686 251.654
      vertex 43.02 -413.358 251.654
    endloop
  endfacet
  facet normal -3.73376e-15 3.07389e-15 1
    outer loop
      vertex 45.8381 -412.975 251.654
      vertex 44.7337 -409.942 251.654
      vertex 42.7504 -412.352 251.654
    endloop
  endfacet
  facet normal -4.45266e-15 3.73614e-15 1
    outer loop
      vertex 45.5579 -413.308 251.654
      vertex 45.8381 -412.975 251.654
      vertex 42.9292 -412.843 251.654
    endloop
  endfacet
  facet normal 1.2543e-21 -1.2543e-21 1
    outer loop
      vertex 44.7337 -409.942 251.654
      vertex 42.5945 -412.082 251.654
      vertex 42.7504 -412.352 251.654
    endloop
  endfacet
  facet normal -4.24623e-15 -1.54548e-15 1
    outer loop
      vertex 45.34 -415.799 251.654
      vertex 45.191 -415.389 251.654
      vertex 42.1528 -415.741 251.654
    endloop
  endfacet
  facet normal -4.01284e-16 -6.95048e-16 1
    outer loop
      vertex 43.2925 -434.471 251.654
      vertex 46.5493 -417.008 251.654
      vertex 46.1719 -416.79 251.654
    endloop
  endfacet
  facet normal 1.442e-16 -8.17832e-16 1
    outer loop
      vertex 43.2925 -434.471 251.654
      vertex 48.2529 -417.157 251.654
      vertex 47.8237 -417.233 251.654
    endloop
  endfacet
  facet normal -1.53151e-15 4.20786e-15 1
    outer loop
      vertex 44.7337 -409.942 251.654
      vertex 46.5493 -412.477 251.654
      vertex 46.9588 -412.328 251.654
    endloop
  endfacet
  facet normal -2.84951e-15 3.39593e-15 1
    outer loop
      vertex 44.7337 -409.942 251.654
      vertex 45.8381 -412.975 251.654
      vertex 46.1719 -412.695 251.654
    endloop
  endfacet
  facet normal -4.69922e-15 -1.71037e-15 1
    outer loop
      vertex 42.7504 -412.352 251.654
      vertex 42.9292 -412.843 251.654
      vertex 45.8381 -412.975 251.654
    endloop
  endfacet
  facet normal -7.896e-16 -4.55874e-16 1
    outer loop
      vertex 33.3576 -424.536 251.654
      vertex 45.5579 -416.176 251.654
      vertex 45.34 -415.799 251.654
    endloop
  endfacet
  facet normal -2.62399e-16 -7.20941e-16 1
    outer loop
      vertex 43.2925 -434.471 251.654
      vertex 46.9588 -417.157 251.654
      vertex 46.5493 -417.008 251.654
    endloop
  endfacet
  facet normal -1.21492e-21 -7.79918e-16 1
    outer loop
      vertex 47.8237 -417.233 251.654
      vertex 47.3879 -417.233 251.654
      vertex 43.2925 -434.471 251.654
    endloop
  endfacet
  facet normal 1.11176e-15 -1.11176e-15 1
    outer loop
      vertex 43.2925 -434.471 251.654
      vertex 56.2772 -421.486 251.654
      vertex 48.6624 -417.008 251.654
    endloop
  endfacet
  facet normal 1.0476e-15 -1.24842e-15 1
    outer loop
      vertex 56.2772 -421.486 251.654
      vertex 49.3736 -416.51 251.654
      vertex 49.0398 -416.79 251.654
    endloop
  endfacet
  facet normal -2.16668e-15 3.7528e-15 1
    outer loop
      vertex 46.1719 -412.695 251.654
      vertex 46.5493 -412.477 251.654
      vertex 44.7337 -409.942 251.654
    endloop
  endfacet
  facet normal -4.14232e-15 4.14232e-15 1
    outer loop
      vertex 42.1528 -415.741 251.654
      vertex 33.3576 -424.536 251.654
      vertex 45.34 -415.799 251.654
    endloop
  endfacet
  facet normal -1.31989e-16 -7.48557e-16 1
    outer loop
      vertex 47.3879 -417.233 251.654
      vertex 46.9588 -417.157 251.654
      vertex 43.2925 -434.471 251.654
    endloop
  endfacet
  facet normal 8.74671e-16 -1.51497e-15 1
    outer loop
      vertex 49.0398 -416.79 251.654
      vertex 48.6624 -417.008 251.654
      vertex 56.2772 -421.486 251.654
    endloop
  endfacet
  facet normal 1.38755e-15 -8.01103e-16 1
    outer loop
      vertex 56.2772 -421.486 251.654
      vertex 49.8716 -415.799 251.654
      vertex 49.6537 -416.176 251.654
    endloop
  endfacet
  facet normal 8.39723e-14 8.39723e-14 1
    outer loop
      vertex 56.2772 -421.486 251.654
      vertex 50.0446 -415.253 251.654
      vertex 50.0206 -415.389 251.654
    endloop
  endfacet
  facet normal -6.0865e-15 1.07327e-15 1
    outer loop
      vertex 45.1153 -414.525 251.654
      vertex 45.191 -414.095 251.654
      vertex 43.02 -413.881 251.654
    endloop
  endfacet
  facet normal -6.09841e-16 -7.26776e-16 1
    outer loop
      vertex 33.3576 -424.536 251.654
      vertex 46.1719 -416.79 251.654
      vertex 45.8381 -416.51 251.654
    endloop
  endfacet
  facet normal 3.15525e-16 -8.66929e-16 1
    outer loop
      vertex 48.6624 -417.008 251.654
      vertex 48.2529 -417.157 251.654
      vertex 43.2925 -434.471 251.654
    endloop
  endfacet
  facet normal 1.58625e-15 -5.77325e-16 1
    outer loop
      vertex 50.0206 -415.389 251.654
      vertex 49.8716 -415.799 251.654
      vertex 56.2772 -421.486 251.654
    endloop
  endfacet
  facet normal -6.99671e-16 -5.87099e-16 1
    outer loop
      vertex 45.8381 -416.51 251.654
      vertex 45.5579 -416.176 251.654
      vertex 33.3576 -424.536 251.654
    endloop
  endfacet
  facet normal 1.21348e-15 -1.01828e-15 1
    outer loop
      vertex 49.6537 -416.176 251.654
      vertex 49.3736 -416.51 251.654
      vertex 56.2772 -421.486 251.654
    endloop
  endfacet
  facet normal -6.53903e-16 -6.53903e-16 1
    outer loop
      vertex 46.1719 -416.79 251.654
      vertex 33.3576 -424.536 251.654
      vertex 43.2925 -434.471 251.654
    endloop
  endfacet
  facet normal -2.21565e-14 1.74381e-15 1
    outer loop
      vertex 20.4951 -438.209 251.654
      vertex 20.4581 -438.678 251.654
      vertex 21.0737 -438.566 251.654
    endloop
  endfacet
  facet normal -2.29473e-14 -8.35237e-15 1
    outer loop
      vertex 20.7851 -440.04 251.654
      vertex 21.2984 -439.841 251.654
      vertex 21.1494 -439.431 251.654
    endloop
  endfacet
  facet normal -2.18892e-14 -1.26377e-14 1
    outer loop
      vertex 21.0311 -440.441 251.654
      vertex 21.5163 -440.218 251.654
      vertex 21.2984 -439.841 251.654
    endloop
  endfacet
  facet normal 6.53903e-16 6.53903e-16 1
    outer loop
      vertex 43.2925 -434.471 251.654
      vertex 33.3576 -424.536 251.654
      vertex 25.6121 -437.35 251.654
    endloop
  endfacet
  facet normal 4.55875e-16 7.89598e-16 1
    outer loop
      vertex 33.3576 -424.536 251.654
      vertex 24.6207 -436.518 251.654
      vertex 24.9981 -436.736 251.654
    endloop
  endfacet
  facet normal -2.1102e-14 5.06573e-15 1
    outer loop
      vertex 21.1494 -438.137 251.654
      vertex 20.605 -437.751 251.654
      vertex 20.4951 -438.209 251.654
    endloop
  endfacet
  facet normal -2.27835e-14 -1.79314e-15 1
    outer loop
      vertex 20.4581 -438.678 251.654
      vertex 20.4951 -439.147 251.654
      vertex 21.0737 -439.002 251.654
    endloop
  endfacet
  facet normal -2.29351e-14 -5.50619e-15 1
    outer loop
      vertex 20.4951 -439.147 251.654
      vertex 20.605 -439.605 251.654
      vertex 21.1494 -439.431 251.654
    endloop
  endfacet
  facet normal -2.11556e-14 -1.29642e-14 1
    outer loop
      vertex 21.2984 -439.841 251.654
      vertex 20.7851 -440.04 251.654
      vertex 21.0311 -440.441 251.654
    endloop
  endfacet
  facet normal 7.26778e-16 6.0984e-16 1
    outer loop
      vertex 33.3576 -424.536 251.654
      vertex 25.332 -437.016 251.654
      vertex 25.6121 -437.35 251.654
    endloop
  endfacet
  facet normal 3.22714e-16 8.86661e-16 1
    outer loop
      vertex 33.3576 -424.536 251.654
      vertex 24.2112 -436.369 251.654
      vertex 24.6207 -436.518 251.654
    endloop
  endfacet
  facet normal 1.75776e-21 1.14344e-15 1
    outer loop
      vertex 33.3576 -424.536 251.654
      vertex 23.3463 -436.294 251.654
      vertex 23.7821 -436.294 251.654
    endloop
  endfacet
  facet normal -2.18398e-14 -8.51996e-20 1
    outer loop
      vertex 21.0737 -439.002 251.654
      vertex 21.0737 -438.566 251.654
      vertex 20.4581 -438.678 251.654
    endloop
  endfacet
  facet normal -2.18083e-14 -9.03331e-15 1
    outer loop
      vertex 21.1494 -439.431 251.654
      vertex 20.605 -439.605 251.654
      vertex 20.7851 -440.04 251.654
    endloop
  endfacet
  facet normal -2.01473e-14 -1.69057e-14 1
    outer loop
      vertex 21.3368 -440.799 251.654
      vertex 21.7964 -440.552 251.654
      vertex 21.5163 -440.218 251.654
    endloop
  endfacet
  facet normal -1.4608e-14 -1.4608e-14 1
    outer loop
      vertex 21.3368 -440.799 251.654
      vertex 28.2921 -447.755 251.654
      vertex 22.5076 -441.05 251.654
    endloop
  endfacet
  facet normal 8.1783e-16 -1.44201e-16 1
    outer loop
      vertex 43.2925 -434.471 251.654
      vertex 26.0547 -439.002 251.654
      vertex 25.979 -439.431 251.654
    endloop
  endfacet
  facet normal 7.48558e-16 1.31989e-16 1
    outer loop
      vertex 43.2925 -434.471 251.654
      vertex 25.979 -438.137 251.654
      vertex 26.0547 -438.566 251.654
    endloop
  endfacet
  facet normal 6.95044e-16 4.01284e-16 1
    outer loop
      vertex 25.6121 -437.35 251.654
      vertex 25.83 -437.728 251.654
      vertex 43.2925 -434.471 251.654
    endloop
  endfacet
  facet normal 1.7631e-16 9.99858e-16 1
    outer loop
      vertex 23.7821 -436.294 251.654
      vertex 24.2112 -436.369 251.654
      vertex 33.3576 -424.536 251.654
    endloop
  endfacet
  facet normal -2.22483e-14 -3.92287e-15 1
    outer loop
      vertex 21.1494 -439.431 251.654
      vertex 21.0737 -439.002 251.654
      vertex 20.4951 -439.147 251.654
    endloop
  endfacet
  facet normal -1.78172e-14 -2.12336e-14 1
    outer loop
      vertex 21.3368 -440.799 251.654
      vertex 22.1302 -440.832 251.654
      vertex 21.7964 -440.552 251.654
    endloop
  endfacet
  facet normal -1.06389e-15 -2.923e-15 1
    outer loop
      vertex 28.2921 -447.755 251.654
      vertex 22.9171 -441.199 251.654
      vertex 22.5076 -441.05 251.654
    endloop
  endfacet
  facet normal -8.06501e-21 -2.0747e-15 1
    outer loop
      vertex 28.2921 -447.755 251.654
      vertex 23.7821 -441.275 251.654
      vertex 23.3463 -441.275 251.654
    endloop
  endfacet
  facet normal 7.79921e-16 1.21492e-21 1
    outer loop
      vertex 26.0547 -438.566 251.654
      vertex 26.0547 -439.002 251.654
      vertex 43.2925 -434.471 251.654
    endloop
  endfacet
  facet normal 5.87098e-16 6.99673e-16 1
    outer loop
      vertex 24.9981 -436.736 251.654
      vertex 25.332 -437.016 251.654
      vertex 33.3576 -424.536 251.654
    endloop
  endfacet
  facet normal -1.18716e-14 1.18716e-14 1
    outer loop
      vertex 33.3576 -424.536 251.654
      vertex 21.3368 -436.557 251.654
      vertex 22.5076 -436.518 251.654
    endloop
  endfacet
  facet normal -1.98879e-14 -1.69859e-14 1
    outer loop
      vertex 21.5163 -440.218 251.654
      vertex 21.0311 -440.441 251.654
      vertex 21.3368 -440.799 251.654
    endloop
  endfacet
  facet normal -4.22694e-16 -2.39728e-15 1
    outer loop
      vertex 23.3463 -441.275 251.654
      vertex 22.9171 -441.199 251.654
      vertex 28.2921 -447.755 251.654
    endloop
  endfacet
  facet normal 8.79598e-16 -1.5235e-15 1
    outer loop
      vertex 24.9981 -440.832 251.654
      vertex 24.6207 -441.05 251.654
      vertex 28.2921 -447.755 251.654
    endloop
  endfacet
  facet normal 1.31896e-15 -1.10676e-15 1
    outer loop
      vertex 25.6121 -440.218 251.654
      vertex 25.332 -440.552 251.654
      vertex 28.8438 -448.514 251.654
    endloop
  endfacet
  facet normal 1.11176e-15 -1.11176e-15 1
    outer loop
      vertex 28.9625 -448.801 251.654
      vertex 43.2925 -434.471 251.654
      vertex 25.83 -439.841 251.654
    endloop
  endfacet
  facet normal 7.2094e-16 2.62397e-16 1
    outer loop
      vertex 25.83 -437.728 251.654
      vertex 25.979 -438.137 251.654
      vertex 43.2925 -434.471 251.654
    endloop
  endfacet
  facet normal -6.09123e-16 1.67354e-15 1
    outer loop
      vertex 22.5076 -436.518 251.654
      vertex 22.9171 -436.369 251.654
      vertex 33.3576 -424.536 251.654
    endloop
  endfacet
  facet normal -1.58044e-14 1.32617e-14 1
    outer loop
      vertex 21.0311 -436.915 251.654
      vertex 21.5163 -437.35 251.654
      vertex 21.7964 -437.016 251.654
    endloop
  endfacet
  facet normal -1.7904e-14 1.03373e-14 1
    outer loop
      vertex 20.7851 -437.316 251.654
      vertex 21.2984 -437.728 251.654
      vertex 21.5163 -437.35 251.654
    endloop
  endfacet
  facet normal -1.82434e-14 -3.15984e-14 1
    outer loop
      vertex 22.5076 -441.05 251.654
      vertex 22.1302 -440.832 251.654
      vertex 21.3368 -440.799 251.654
    endloop
  endfacet
  facet normal 6.08561e-16 -1.67191e-15 1
    outer loop
      vertex 28.2921 -447.755 251.654
      vertex 24.6207 -441.05 251.654
      vertex 24.2112 -441.199 251.654
    endloop
  endfacet
  facet normal -5.13431e-15 -4.38513e-15 1
    outer loop
      vertex 28.2921 -447.755 251.654
      vertex 28.5978 -448.113 251.654
      vertex 24.9981 -440.832 251.654
    endloop
  endfacet
  facet normal 1.61866e-15 -9.34538e-16 1
    outer loop
      vertex 25.83 -439.841 251.654
      vertex 25.6121 -440.218 251.654
      vertex 28.9625 -448.801 251.654
    endloop
  endfacet
  facet normal -2.37245e-16 1.34542e-15 1
    outer loop
      vertex 22.9171 -436.369 251.654
      vertex 23.3463 -436.294 251.654
      vertex 33.3576 -424.536 251.654
    endloop
  endfacet
  facet normal -1.78757e-14 1.09538e-14 1
    outer loop
      vertex 21.5163 -437.35 251.654
      vertex 21.0311 -436.915 251.654
      vertex 20.7851 -437.316 251.654
    endloop
  endfacet
  facet normal -1.96279e-14 7.14437e-15 1
    outer loop
      vertex 20.605 -437.751 251.654
      vertex 21.1494 -438.137 251.654
      vertex 21.2984 -437.728 251.654
    endloop
  endfacet
  facet normal 3.25827e-16 -1.84791e-15 1
    outer loop
      vertex 24.2112 -441.199 251.654
      vertex 23.7821 -441.275 251.654
      vertex 28.2921 -447.755 251.654
    endloop
  endfacet
  facet normal 1.03411e-15 -1.23239e-15 1
    outer loop
      vertex 28.8438 -448.514 251.654
      vertex 25.332 -440.552 251.654
      vertex 24.9981 -440.832 251.654
    endloop
  endfacet
  facet normal 8.66925e-16 -3.15522e-16 1
    outer loop
      vertex 25.979 -439.431 251.654
      vertex 25.83 -439.841 251.654
      vertex 43.2925 -434.471 251.654
    endloop
  endfacet
  facet normal -1.33458e-14 1.59047e-14 1
    outer loop
      vertex 21.3368 -436.557 251.654
      vertex 21.7964 -437.016 251.654
      vertex 22.1302 -436.736 251.654
    endloop
  endfacet
  facet normal -1.96621e-14 8.14419e-15 1
    outer loop
      vertex 21.2984 -437.728 251.654
      vertex 20.7851 -437.316 251.654
      vertex 20.605 -437.751 251.654
    endloop
  endfacet
  facet normal -1.55991e-14 -9.55911e-15 1
    outer loop
      vertex 28.5978 -448.113 251.654
      vertex 28.8438 -448.514 251.654
      vertex 24.9981 -440.832 251.654
    endloop
  endfacet
  facet normal -1.21736e-14 2.10852e-14 1
    outer loop
      vertex 22.1302 -436.736 251.654
      vertex 22.5076 -436.518 251.654
      vertex 21.3368 -436.557 251.654
    endloop
  endfacet
  facet normal -2.09514e-14 3.69448e-15 1
    outer loop
      vertex 21.0737 -438.566 251.654
      vertex 21.1494 -438.137 251.654
      vertex 20.4951 -438.209 251.654
    endloop
  endfacet
  facet normal -1.57762e-14 1.34743e-14 1
    outer loop
      vertex 21.7964 -437.016 251.654
      vertex 21.3368 -436.557 251.654
      vertex 21.0311 -436.915 251.654
    endloop
  endfacet
  facet normal 0 0 1
    outer loop
      vertex 39.0148 -459.043 251.654
      vertex 35.3729 -456.674 251.654
      vertex 35.5633 -456.901 251.654
    endloop
  endfacet
  facet normal -1.598e-21 1.598e-21 1
    outer loop
      vertex 29.2467 -458.744 251.654
      vertex 29.4723 -459.586 251.654
      vertex 32.5287 -458.316 251.654
    endloop
  endfacet
  facet normal 0 0 1
    outer loop
      vertex 29.4723 -459.586 251.654
      vertex 29.8407 -460.376 251.654
      vertex 32.6301 -458.594 251.654
    endloop
  endfacet
  facet normal 0 0 1
    outer loop
      vertex 38.8693 -459.586 251.654
      vertex 39.0148 -459.043 251.654
      vertex 35.8129 -458.316 251.654
    endloop
  endfacet
  facet normal 1.34128e-21 -1.34128e-21 1
    outer loop
      vertex 39.0148 -459.043 251.654
      vertex 35.8129 -457.436 251.654
      vertex 35.8643 -457.728 251.654
    endloop
  endfacet
  facet normal 2.01e-21 -2.01e-21 1
    outer loop
      vertex 35.5633 -456.901 251.654
      vertex 35.7115 -457.157 251.654
      vertex 39.0148 -459.043 251.654
    endloop
  endfacet
  facet normal 0 0 1
    outer loop
      vertex 29.1708 -457.876 251.654
      vertex 29.2467 -458.744 251.654
      vertex 32.4773 -458.024 251.654
    endloop
  endfacet
  facet normal 0 0 1
    outer loop
      vertex 32.6301 -458.594 251.654
      vertex 32.5287 -458.316 251.654
      vertex 29.4723 -459.586 251.654
    endloop
  endfacet
  facet normal -5.87759e-22 5.87759e-22 1
    outer loop
      vertex 39.0148 -459.043 251.654
      vertex 35.8643 -458.024 251.654
      vertex 35.8129 -458.316 251.654
    endloop
  endfacet
  facet normal 0 0 1
    outer loop
      vertex 35.7115 -457.157 251.654
      vertex 35.8129 -457.436 251.654
      vertex 39.0148 -459.043 251.654
    endloop
  endfacet
  facet normal 0 0 1
    outer loop
      vertex 29.0566 -449.085 251.654
      vertex 35.1459 -456.483 251.654
      vertex 35.3729 -456.674 251.654
    endloop
  endfacet
  facet normal 0 0 1
    outer loop
      vertex 29.0566 -449.085 251.654
      vertex 34.0226 -456.182 251.654
      vertex 34.319 -456.182 251.654
    endloop
  endfacet
  facet normal 4.6638e-21 -4.6638e-21 1
    outer loop
      vertex 32.5287 -458.316 251.654
      vertex 32.4773 -458.024 251.654
      vertex 29.2467 -458.744 251.654
    endloop
  endfacet
  facet normal 0 0 1
    outer loop
      vertex 29.8407 -460.376 251.654
      vertex 30.3406 -461.09 251.654
      vertex 32.7782 -458.851 251.654
    endloop
  endfacet
  facet normal 0 0 1
    outer loop
      vertex 30.3406 -461.09 251.654
      vertex 30.9569 -461.706 251.654
      vertex 32.9687 -459.078 251.654
    endloop
  endfacet
  facet normal 0 0 1
    outer loop
      vertex 30.9569 -461.706 251.654
      vertex 31.6708 -462.206 251.654
      vertex 33.1957 -459.268 251.654
    endloop
  endfacet
  facet normal 0 0 1
    outer loop
      vertex 33.3025 -462.8 251.654
      vertex 34.1708 -462.876 251.654
      vertex 34.0226 -459.569 251.654
    endloop
  endfacet
  facet normal -1.59799e-21 1.59799e-21 1
    outer loop
      vertex 34.1708 -462.876 251.654
      vertex 35.039 -462.8 251.654
      vertex 34.319 -459.569 251.654
    endloop
  endfacet
  facet normal 0 0 1
    outer loop
      vertex 35.8643 -457.728 251.654
      vertex 35.8643 -458.024 251.654
      vertex 39.0148 -459.043 251.654
    endloop
  endfacet
  facet normal -5.73208e-22 5.73208e-22 1
    outer loop
      vertex 29.0566 -449.085 251.654
      vertex 34.8892 -456.335 251.654
      vertex 35.1459 -456.483 251.654
    endloop
  endfacet
  facet normal 0 0 1
    outer loop
      vertex 34.319 -456.182 251.654
      vertex 34.6108 -456.234 251.654
      vertex 29.0566 -449.085 251.654
    endloop
  endfacet
  facet normal -4.63549e-22 4.63549e-22 1
    outer loop
      vertex 29.0566 -449.085 251.654
      vertex 33.4523 -456.335 251.654
      vertex 33.7308 -456.234 251.654
    endloop
  endfacet
  facet normal 0 0 1
    outer loop
      vertex 33.4523 -456.335 251.654
      vertex 29.1339 -449.407 251.654
      vertex 29.1708 -449.876 251.654
    endloop
  endfacet
  facet normal 0 0 1
    outer loop
      vertex 32.7782 -458.851 251.654
      vertex 32.6301 -458.594 251.654
      vertex 29.8407 -460.376 251.654
    endloop
  endfacet
  facet normal 0 0 1
    outer loop
      vertex 33.1957 -459.268 251.654
      vertex 32.9687 -459.078 251.654
      vertex 30.9569 -461.706 251.654
    endloop
  endfacet
  facet normal 0 0 1
    outer loop
      vertex 31.6708 -462.206 251.654
      vertex 32.4607 -462.574 251.654
      vertex 33.4523 -459.417 251.654
    endloop
  endfacet
  facet normal 1.598e-21 -1.598e-21 1
    outer loop
      vertex 32.4607 -462.574 251.654
      vertex 33.3025 -462.8 251.654
      vertex 33.7308 -459.518 251.654
    endloop
  endfacet
  facet normal 4.66373e-21 -4.66373e-21 1
    outer loop
      vertex 34.319 -459.569 251.654
      vertex 34.0226 -459.569 251.654
      vertex 34.1708 -462.876 251.654
    endloop
  endfacet
  facet normal 1.598e-21 -1.598e-21 1
    outer loop
      vertex 35.039 -462.8 251.654
      vertex 35.8809 -462.574 251.654
      vertex 34.6108 -459.518 251.654
    endloop
  endfacet
  facet normal -3.99499e-22 3.99499e-22 1
    outer loop
      vertex 38.001 -461.09 251.654
      vertex 38.5009 -460.376 251.654
      vertex 35.5633 -458.851 251.654
    endloop
  endfacet
  facet normal 0 0 1
    outer loop
      vertex 38.5009 -460.376 251.654
      vertex 38.8693 -459.586 251.654
      vertex 35.7115 -458.594 251.654
    endloop
  endfacet
  facet normal 0 0 1
    outer loop
      vertex 35.3729 -456.674 251.654
      vertex 39.0148 -459.043 251.654
      vertex 29.0566 -449.085 251.654
    endloop
  endfacet
  facet normal 0 0 1
    outer loop
      vertex 33.7308 -456.234 251.654
      vertex 34.0226 -456.182 251.654
      vertex 29.0566 -449.085 251.654
    endloop
  endfacet
  facet normal 1.33683e-21 -1.33683e-21 1
    outer loop
      vertex 33.4523 -456.335 251.654
      vertex 29.0566 -449.085 251.654
      vertex 29.1339 -449.407 251.654
    endloop
  endfacet
  facet normal 0 0 1
    outer loop
      vertex 29.1708 -449.876 251.654
      vertex 29.1708 -457.876 251.654
      vertex 32.6301 -457.158 251.654
    endloop
  endfacet
  facet normal 0 0 1
    outer loop
      vertex 32.9687 -459.078 251.654
      vertex 32.7782 -458.851 251.654
      vertex 30.3406 -461.09 251.654
    endloop
  endfacet
  facet normal 0 0 1
    outer loop
      vertex 33.7308 -459.518 251.654
      vertex 33.4523 -459.417 251.654
      vertex 32.4607 -462.574 251.654
    endloop
  endfacet
  facet normal 0 0 1
    outer loop
      vertex 34.6108 -459.518 251.654
      vertex 34.319 -459.569 251.654
      vertex 35.039 -462.8 251.654
    endloop
  endfacet
  facet normal 0 0 1
    outer loop
      vertex 35.8809 -462.574 251.654
      vertex 36.6708 -462.206 251.654
      vertex 34.8892 -459.417 251.654
    endloop
  endfacet
  facet normal -1.9975e-22 1.9975e-22 1
    outer loop
      vertex 36.6708 -462.206 251.654
      vertex 37.3847 -461.706 251.654
      vertex 35.1459 -459.268 251.654
    endloop
  endfacet
  facet normal -1.9975e-22 1.9975e-22 1
    outer loop
      vertex 37.3847 -461.706 251.654
      vertex 38.001 -461.09 251.654
      vertex 35.3729 -459.078 251.654
    endloop
  endfacet
  facet normal 0 0 1
    outer loop
      vertex 35.7115 -458.594 251.654
      vertex 35.5633 -458.851 251.654
      vertex 38.5009 -460.376 251.654
    endloop
  endfacet
  facet normal 8.00112e-22 -8.00112e-22 1
    outer loop
      vertex 34.6108 -456.234 251.654
      vertex 34.8892 -456.335 251.654
      vertex 29.0566 -449.085 251.654
    endloop
  endfacet
  facet normal 5.04021e-22 -5.04021e-22 1
    outer loop
      vertex 29.1708 -449.876 251.654
      vertex 32.9687 -456.674 251.654
      vertex 33.1957 -456.483 251.654
    endloop
  endfacet
  facet normal 0 0 1
    outer loop
      vertex 32.6301 -457.158 251.654
      vertex 32.7782 -456.901 251.654
      vertex 29.1708 -449.876 251.654
    endloop
  endfacet
  facet normal 1.19336e-21 -1.19336e-21 1
    outer loop
      vertex 29.1708 -457.876 251.654
      vertex 32.4773 -457.728 251.654
      vertex 32.5287 -457.436 251.654
    endloop
  endfacet
  facet normal 0 0 1
    outer loop
      vertex 33.4523 -459.417 251.654
      vertex 33.1957 -459.268 251.654
      vertex 31.6708 -462.206 251.654
    endloop
  endfacet
  facet normal 0 0 1
    outer loop
      vertex 34.8892 -459.417 251.654
      vertex 34.6108 -459.518 251.654
      vertex 35.8809 -462.574 251.654
    endloop
  endfacet
  facet normal 0 0 1
    outer loop
      vertex 35.3729 -459.078 251.654
      vertex 35.1459 -459.268 251.654
      vertex 37.3847 -461.706 251.654
    endloop
  endfacet
  facet normal -2.3319e-21 2.3319e-21 1
    outer loop
      vertex 35.8129 -458.316 251.654
      vertex 35.7115 -458.594 251.654
      vertex 38.8693 -459.586 251.654
    endloop
  endfacet
  facet normal 0 0 1
    outer loop
      vertex 32.7782 -456.901 251.654
      vertex 32.9687 -456.674 251.654
      vertex 29.1708 -449.876 251.654
    endloop
  endfacet
  facet normal -4.66366e-21 4.66366e-21 1
    outer loop
      vertex 32.4773 -458.024 251.654
      vertex 32.4773 -457.728 251.654
      vertex 29.1708 -457.876 251.654
    endloop
  endfacet
  facet normal 0 0 1
    outer loop
      vertex 35.1459 -459.268 251.654
      vertex 34.8892 -459.417 251.654
      vertex 36.6708 -462.206 251.654
    endloop
  endfacet
  facet normal 0 0 1
    outer loop
      vertex 29.1708 -449.876 251.654
      vertex 33.1957 -456.483 251.654
      vertex 33.4523 -456.335 251.654
    endloop
  endfacet
  facet normal 0 0 1
    outer loop
      vertex 34.0226 -459.569 251.654
      vertex 33.7308 -459.518 251.654
      vertex 33.3025 -462.8 251.654
    endloop
  endfacet
  facet normal 0 0 1
    outer loop
      vertex 32.5287 -457.436 251.654
      vertex 32.6301 -457.158 251.654
      vertex 29.1708 -457.876 251.654
    endloop
  endfacet
  facet normal 0 0 1
    outer loop
      vertex 29.0566 -449.085 251.654
      vertex 39.0148 -459.043 251.654
      vertex 39.0948 -458.744 251.654
    endloop
  endfacet
  facet normal 1.20896e-22 -1.20896e-22 1
    outer loop
      vertex 39.0948 -458.744 251.654
      vertex 39.1708 -457.876 251.654
      vertex 29.0566 -449.085 251.654
    endloop
  endfacet
  facet normal 0 0 1
    outer loop
      vertex 39.1708 -457.876 251.654
      vertex 39.1708 -452.704 251.654
      vertex 29.0566 -449.085 251.654
    endloop
  endfacet
  facet normal 0 0 1
    outer loop
      vertex 29.0566 -449.085 251.654
      vertex 39.3176 -451.777 251.654
      vertex 39.4978 -451.342 251.654
    endloop
  endfacet
  facet normal 0 0 1
    outer loop
      vertex 39.1708 -452.704 251.654
      vertex 39.2077 -452.235 251.654
      vertex 29.0566 -449.085 251.654
    endloop
  endfacet
  facet normal -1.3317e-15 -3.19741e-16 1
    outer loop
      vertex 29.024 -448.949 251.654
      vertex 29.0566 -449.085 251.654
      vertex 39.3424 -449.876 251.654
    endloop
  endfacet
  facet normal 0 0 1
    outer loop
      vertex 49.02 -440.198 251.654
      vertex 43.2925 -434.471 251.654
      vertex 28.9625 -448.801 251.654
    endloop
  endfacet
  facet normal -2.02566e-14 -2.02566e-14 1
    outer loop
      vertex 39.7437 -450.941 251.654
      vertex 40.0495 -450.583 251.654
      vertex 39.3424 -449.876 251.654
    endloop
  endfacet
  facet normal 0 0 1
    outer loop
      vertex 39.2077 -452.235 251.654
      vertex 39.3176 -451.777 251.654
      vertex 29.0566 -449.085 251.654
    endloop
  endfacet
  facet normal 0 0 1
    outer loop
      vertex 28.9625 -448.801 251.654
      vertex 29.024 -448.949 251.654
      vertex 49.02 -440.198 251.654
    endloop
  endfacet
  facet normal 0 0 1
    outer loop
      vertex 39.4978 -451.342 251.654
      vertex 39.7437 -450.941 251.654
      vertex 29.0566 -449.085 251.654
    endloop
  endfacet
  facet normal -2.34596e-15 -1.35068e-14 1
    outer loop
      vertex 39.3424 -449.876 251.654
      vertex 29.0566 -449.085 251.654
      vertex 39.7437 -450.941 251.654
    endloop
  endfacet
  facet normal -1.08099e-15 2.47018e-15 1
    outer loop
      vertex 39.3424 -449.876 251.654
      vertex 49.02 -440.198 251.654
      vertex 29.024 -448.949 251.654
    endloop
  endfacet
  facet normal 0 0 1
    outer loop
      vertex 35.5633 -458.851 251.654
      vertex 35.3729 -459.078 251.654
      vertex 38.001 -461.09 251.654
    endloop
  endfacet
  facet normal -6.57168e-14 -2.72214e-14 1
    outer loop
      vertex 28.8438 -448.514 251.654
      vertex 28.9625 -448.801 251.654
      vertex 25.6121 -440.218 251.654
    endloop
  endfacet
  facet normal 8.39718e-14 8.39718e-14 1
    outer loop
      vertex 46.9588 -412.328 251.654
      vertex 47.0949 -412.304 251.654
      vertex 44.7337 -409.942 251.654
    endloop
  endfacet
  facet normal -7.40224e-21 7.40224e-21 1
    outer loop
      vertex 42.4889 -411.899 251.654
      vertex 42.5945 -412.082 251.654
      vertex 44.7337 -409.942 251.654
    endloop
  endfacet
  facet normal 0 0 1
    outer loop
      vertex 33.0993 -398.308 251.654
      vertex 27.7808 -392.99 251.654
      vertex 25.7125 -395.058 251.654
    endloop
  endfacet
  facet normal 0 0 1
    outer loop
      vertex 25.7125 -395.058 251.654
      vertex 27.7808 -392.99 251.654
      vertex 16.3257 -381.534 251.654
    endloop
  endfacet
  facet normal 0 0 1
    outer loop
      vertex 9.05765 -374.266 251.654
      vertex 6.01963 -371.228 251.654
      vertex 3.95134 -373.297 251.654
    endloop
  endfacet
  facet normal 0 0 1
    outer loop
      vertex -2.18284 -367.162 251.654
      vertex 3.95134 -373.297 251.654
      vertex 6.01963 -371.228 251.654
    endloop
  endfacet
  facet normal 8.39717e-14 8.39717e-14 1
    outer loop
      vertex -6.07424 -359.295 251.654
      vertex -5.93814 -359.271 251.654
      vertex -12.1707 -353.038 251.654
    endloop
  endfacet
  facet normal 1.59047e-14 -1.33458e-14 1
    outer loop
      vertex -27.4209 -387.185 251.654
      vertex -27.7011 -387.519 251.654
      vertex -27.2414 -387.978 251.654
    endloop
  endfacet
  facet normal 0 0 1
    outer loop
      vertex -38.1919 -382.081 251.654
      vertex -37.87 -382.158 251.654
      vertex -39.5804 -380.448 251.654
    endloop
  endfacet
  facet normal 0 0 1
    outer loop
      vertex -46.8366 -388.977 251.654
      vertex -46.3552 -388.495 251.654
      vertex -46.9916 -387.859 251.654
    endloop
  endfacet
  facet normal 0 0 1
    outer loop
      vertex -38.4751 -415.723 251.654
      vertex -31.404 -408.652 251.654
      vertex -38.0508 -402.005 251.654
    endloop
  endfacet
  facet normal 1.51201e-15 -1.26871e-15 1
    outer loop
      vertex -28.8788 -417.634 251.654
      vertex -29.1589 -417.968 251.654
      vertex -21.0979 -418.958 251.654
    endloop
  endfacet
  facet normal 0 0 1
    outer loop
      vertex -18.9059 -436.535 251.654
      vertex -18.4366 -436.572 251.654
      vertex -27.7622 -429.942 251.654
    endloop
  endfacet
  facet normal 2.99418e-15 -2.99418e-15 1
    outer loop
      vertex -5.11728 -442.01 251.654
      vertex -6.18126 -447.564 251.654
      vertex 0.442901 -440.94 251.654
    endloop
  endfacet
  facet normal 0 0 1
    outer loop
      vertex 0.458199 -440.977 251.654
      vertex 0.442901 -440.94 251.654
      vertex -0.273651 -444.025 251.654
    endloop
  endfacet
  facet normal 0 0 1
    outer loop
      vertex -35.191 -446.874 251.654
      vertex -35.3815 -447.101 251.654
      vertex -33.048 -449.434 251.654
    endloop
  endfacet
  facet normal 0 0 1
    outer loop
      vertex -60.9771 -393.221 251.654
      vertex -56.6654 -397.533 251.654
      vertex -60.9771 -388.978 251.654
    endloop
  endfacet
  facet normal 0 0 1
    outer loop
      vertex -47.1681 -376.12 251.654
      vertex -47.3586 -376.347 251.654
      vertex -39.5804 -380.448 251.654
    endloop
  endfacet
  facet normal 0 0 1
    outer loop
      vertex -53.5607 -375.144 251.654
      vertex -53.5607 -375.407 251.654
      vertex -49.091 -370.937 251.654
    endloop
  endfacet
  facet normal 0 0 1
    outer loop
      vertex -49.4289 -370.22 251.654
      vertex -49.7277 -370.3 251.654
      vertex -49.091 -370.937 251.654
    endloop
  endfacet
  facet normal 0 0 1
    outer loop
      vertex -48.2983 -370.144 251.654
      vertex -49.091 -370.937 251.654
      vertex -39.5804 -380.448 251.654
    endloop
  endfacet
  facet normal 0 0 1
    outer loop
      vertex -17.1378 -345.137 251.654
      vertex -18.6049 -346.604 251.654
      vertex -12.1707 -353.038 251.654
    endloop
  endfacet
  facet normal 0 0 1
    outer loop
      vertex 64.1791 -419.382 251.654
      vertex 61.28 -416.483 251.654
      vertex 56.2772 -421.486 251.654
    endloop
  endfacet
  facet normal 9.5064e-15 -9.5064e-15 1
    outer loop
      vertex 59.1413 -430.077 251.654
      vertex 59.8485 -430.784 251.654
      vertex 62.7119 -427.921 251.654
    endloop
  endfacet
  facet normal 0 0 1
    outer loop
      vertex 50.0446 -415.253 251.654
      vertex 56.2772 -421.486 251.654
      vertex 61.28 -416.483 251.654
    endloop
  endfacet
  facet normal 0 0 1
    outer loop
      vertex -2.98838 -362.22 251.654
      vertex -0.627203 -364.582 251.654
      vertex 4.37558 -359.579 251.654
    endloop
  endfacet
  facet normal -5.94576e-14 -5.94576e-14 1
    outer loop
      vertex 35.3235 -400.306 251.654
      vertex 35.0489 -400.258 251.654
      vertex 38.0869 -403.296 251.654
    endloop
  endfacet
  facet normal -5.94583e-14 -5.94583e-14 1
    outer loop
      vertex 11.2818 -376.264 251.654
      vertex 11.0073 -376.216 251.654
      vertex 16.3257 -381.534 251.654
    endloop
  endfacet
  facet normal 0 0 1
    outer loop
      vertex 44.3175 -406.187 251.654
      vertex 44.1327 -406.407 251.654
      vertex 44.7337 -409.942 251.654
    endloop
  endfacet
  facet normal 0 0 1
    outer loop
      vertex 27.7808 -392.99 251.654
      vertex 32.7836 -387.987 251.654
      vertex 21.3285 -376.532 251.654
    endloop
  endfacet
  facet normal 0 0 1
    outer loop
      vertex 5.42666 -367.296 251.654
      vertex 5.24178 -367.516 251.654
      vertex 6.01963 -371.228 251.654
    endloop
  endfacet
  facet normal 0.707107 -0.707107 0
    outer loop
      vertex 40.0495 -450.583 251.654
      vertex 40.0495 -450.583 249.254
      vertex 49.7271 -440.905 249.254
    endloop
  endfacet
  facet normal 0.707107 -0.707107 0
    outer loop
      vertex 59.8485 -430.784 254.654
      vertex 40.0495 -450.583 254.654
      vertex 40.0495 -450.583 251.654
    endloop
  endfacet
  facet normal 0.707107 -0.707107 0
    outer loop
      vertex 64.1791 -426.453 251.654
      vertex 62.7119 -427.921 251.654
      vertex 62.9635 -427.669 249.254
    endloop
  endfacet
  facet normal 0.707107 -0.707107 0
    outer loop
      vertex 62.9635 -427.669 249.254
      vertex 62.7119 -427.921 251.654
      vertex 59.8485 -430.784 251.654
    endloop
  endfacet
  facet normal 0.707107 -0.707107 0
    outer loop
      vertex 40.0495 -450.583 251.654
      vertex 59.8485 -430.784 251.654
      vertex 59.8485 -430.784 254.654
    endloop
  endfacet
  facet normal 0.707107 -0.707107 0
    outer loop
      vertex 59.8485 -430.784 251.654
      vertex 49.7271 -440.905 249.254
      vertex 62.9635 -427.669 249.254
    endloop
  endfacet
  facet normal 0.707107 -0.707107 0
    outer loop
      vertex 62.9635 -427.669 249.254
      vertex 64.1791 -426.453 249.254
      vertex 64.1791 -426.453 251.654
    endloop
  endfacet
  facet normal 0.707107 -0.707107 0
    outer loop
      vertex 49.7271 -440.905 249.254
      vertex 59.8485 -430.784 251.654
      vertex 40.0495 -450.583 251.654
    endloop
  endfacet
  facet normal -0.707107 0.707107 0
    outer loop
      vertex 59.1413 -430.077 254.654
      vertex 59.1413 -430.077 251.654
      vertex 49.02 -440.198 251.654
    endloop
  endfacet
  facet normal -0.707107 0.707107 -0
    outer loop
      vertex 49.02 -440.198 251.654
      vertex 39.3424 -449.876 254.654
      vertex 59.1413 -430.077 254.654
    endloop
  endfacet
  facet normal -0.707107 0.707107 -0
    outer loop
      vertex 49.02 -440.198 251.654
      vertex 39.3424 -449.876 251.654
      vertex 39.3424 -449.876 254.654
    endloop
  endfacet
  facet normal -0.707107 -0.707107 -0
    outer loop
      vertex 40.0495 -450.583 251.654
      vertex 40.0495 -450.583 254.654
      vertex 39.3424 -449.876 254.654
    endloop
  endfacet
  facet normal -0.707107 -0.707107 -0
    outer loop
      vertex 39.3424 -449.876 254.654
      vertex 39.3424 -449.876 251.654
      vertex 40.0495 -450.583 251.654
    endloop
  endfacet
  facet normal 0.707107 0.707107 0
    outer loop
      vertex 59.8485 -430.784 254.654
      vertex 59.8485 -430.784 251.654
      vertex 59.1413 -430.077 251.654
    endloop
  endfacet
  facet normal 0.707107 0.707107 0
    outer loop
      vertex 59.1413 -430.077 251.654
      vertex 59.1413 -430.077 254.654
      vertex 59.8485 -430.784 254.654
    endloop
  endfacet
  facet normal 0 0 1
    outer loop
      vertex 59.1413 -430.077 254.654
      vertex 39.3424 -449.876 254.654
      vertex 40.0495 -450.583 254.654
    endloop
  endfacet
  facet normal 0 0 1
    outer loop
      vertex 40.0495 -450.583 254.654
      vertex 59.8485 -430.784 254.654
      vertex 59.1413 -430.077 254.654
    endloop
  endfacet
end solid
