solid ascii
  facet normal -0.766044 0.642788 0
    outer loop
      vertex 41.1943 -321.146 189.254
      vertex 41.0094 -321.366 189.254
      vertex 41.0094 -321.366 191.254
    endloop
  endfacet
  facet normal -0.866022 0.500006 0
    outer loop
      vertex 41.3381 -320.897 189.254
      vertex 41.1943 -321.146 189.254
      vertex 41.1943 -321.146 191.254
    endloop
  endfacet
  facet normal -0.939699 0.342002 0
    outer loop
      vertex 41.4364 -320.627 189.254
      vertex 41.3381 -320.897 189.254
      vertex 41.3381 -320.897 191.254
    endloop
  endfacet
  facet normal -0.984809 0.173643 0
    outer loop
      vertex 41.4864 -320.344 189.254
      vertex 41.4364 -320.627 189.254
      vertex 41.4364 -320.627 191.254
    endloop
  endfacet
  facet normal -1 -0 -0
    outer loop
      vertex 41.4864 -320.056 189.254
      vertex 41.4864 -320.344 189.254
      vertex 41.4864 -320.344 191.254
    endloop
  endfacet
  facet normal -0.984804 -0.173668 -0
    outer loop
      vertex 41.4364 -319.773 189.254
      vertex 41.4864 -320.056 189.254
      vertex 41.4864 -320.056 191.254
    endloop
  endfacet
  facet normal -0.939691 -0.342024 -0
    outer loop
      vertex 41.3381 -319.502 189.254
      vertex 41.4364 -319.773 189.254
      vertex 41.4364 -319.773 191.254
    endloop
  endfacet
  facet normal -0.866022 -0.500006 -0
    outer loop
      vertex 41.1943 -319.253 189.254
      vertex 41.3381 -319.502 189.254
      vertex 41.3381 -319.502 191.254
    endloop
  endfacet
  facet normal -0.766044 -0.642788 -0
    outer loop
      vertex 41.0094 -319.033 189.254
      vertex 41.1943 -319.253 189.254
      vertex 41.1943 -319.253 191.254
    endloop
  endfacet
  facet normal -0.64279 -0.766042 -0
    outer loop
      vertex 40.7891 -318.848 189.254
      vertex 41.0094 -319.033 189.254
      vertex 41.0094 -319.033 191.254
    endloop
  endfacet
  facet normal -0.499995 -0.866028 -0
    outer loop
      vertex 40.54 -318.704 189.254
      vertex 40.7891 -318.848 189.254
      vertex 40.7891 -318.848 191.254
    endloop
  endfacet
  facet normal -0.342015 -0.939694 -0
    outer loop
      vertex 40.2697 -318.606 189.254
      vertex 40.54 -318.704 189.254
      vertex 40.54 -318.704 191.254
    endloop
  endfacet
  facet normal -0.173647 -0.984808 -0
    outer loop
      vertex 39.9865 -318.556 189.254
      vertex 40.2697 -318.606 189.254
      vertex 40.2697 -318.606 191.254
    endloop
  endfacet
  facet normal -0 -1 -0
    outer loop
      vertex 39.6989 -318.556 189.254
      vertex 39.9865 -318.556 189.254
      vertex 39.9865 -318.556 191.254
    endloop
  endfacet
  facet normal 0.173651 -0.984807 0
    outer loop
      vertex 39.4156 -318.606 189.254
      vertex 39.6989 -318.556 189.254
      vertex 39.6989 -318.556 191.254
    endloop
  endfacet
  facet normal 0.342023 -0.939691 0
    outer loop
      vertex 39.1453 -318.704 189.254
      vertex 39.4156 -318.606 189.254
      vertex 39.4156 -318.606 191.254
    endloop
  endfacet
  facet normal 0.500006 -0.866022 0
    outer loop
      vertex 38.8963 -318.848 189.254
      vertex 39.1453 -318.704 189.254
      vertex 39.1453 -318.704 191.254
    endloop
  endfacet
  facet normal 0.642802 -0.766032 0
    outer loop
      vertex 38.6759 -319.033 189.254
      vertex 38.8963 -318.848 189.254
      vertex 38.8963 -318.848 191.254
    endloop
  endfacet
  facet normal 0.766032 -0.642803 0
    outer loop
      vertex 38.4911 -319.253 189.254
      vertex 38.6759 -319.033 189.254
      vertex 38.6759 -319.033 191.254
    endloop
  endfacet
  facet normal 0.866033 -0.499987 0
    outer loop
      vertex 38.3473 -319.502 189.254
      vertex 38.4911 -319.253 189.254
      vertex 38.4911 -319.253 191.254
    endloop
  endfacet
  facet normal 0.939691 -0.342024 0
    outer loop
      vertex 38.2489 -319.773 189.254
      vertex 38.3473 -319.502 189.254
      vertex 38.3473 -319.502 191.254
    endloop
  endfacet
  facet normal 0.984809 -0.173643 0
    outer loop
      vertex 38.1989 -320.056 189.254
      vertex 38.2489 -319.773 189.254
      vertex 38.2489 -319.773 191.254
    endloop
  endfacet
  facet normal 1 0 0
    outer loop
      vertex 38.1989 -320.344 189.254
      vertex 38.1989 -320.056 189.254
      vertex 38.1989 -320.056 191.254
    endloop
  endfacet
  facet normal 0.984809 0.173643 0
    outer loop
      vertex 38.2489 -320.627 189.254
      vertex 38.1989 -320.344 189.254
      vertex 38.1989 -320.344 191.254
    endloop
  endfacet
  facet normal 0.939699 0.342002 0
    outer loop
      vertex 38.3473 -320.897 189.254
      vertex 38.2489 -320.627 189.254
      vertex 38.2489 -320.627 191.254
    endloop
  endfacet
  facet normal 0.866011 0.500025 0
    outer loop
      vertex 38.4911 -321.146 189.254
      vertex 38.3473 -320.897 189.254
      vertex 38.3473 -320.897 191.254
    endloop
  endfacet
  facet normal 0.766057 0.642773 0
    outer loop
      vertex 38.6759 -321.366 189.254
      vertex 38.4911 -321.146 189.254
      vertex 38.4911 -321.146 191.254
    endloop
  endfacet
  facet normal 0.642778 0.766053 0
    outer loop
      vertex 38.8963 -321.551 189.254
      vertex 38.6759 -321.366 189.254
      vertex 38.6759 -321.366 191.254
    endloop
  endfacet
  facet normal 0.499994 0.866029 0
    outer loop
      vertex 39.1453 -321.695 189.254
      vertex 38.8963 -321.551 189.254
      vertex 38.8963 -321.551 191.254
    endloop
  endfacet
  facet normal 0.342016 0.939694 0
    outer loop
      vertex 39.4156 -321.793 189.254
      vertex 39.1453 -321.695 189.254
      vertex 39.1453 -321.695 191.254
    endloop
  endfacet
  facet normal 0.173643 0.984809 0
    outer loop
      vertex 39.6989 -321.843 189.254
      vertex 39.4156 -321.793 189.254
      vertex 39.4156 -321.793 191.254
    endloop
  endfacet
  facet normal 0 1 0
    outer loop
      vertex 39.9865 -321.843 189.254
      vertex 39.6989 -321.843 189.254
      vertex 39.6989 -321.843 191.254
    endloop
  endfacet
  facet normal -0.173652 0.984807 0
    outer loop
      vertex 40.2697 -321.793 189.254
      vertex 39.9865 -321.843 189.254
      vertex 39.9865 -321.843 191.254
    endloop
  endfacet
  facet normal -0.342024 0.939691 0
    outer loop
      vertex 40.54 -321.695 189.254
      vertex 40.2697 -321.793 189.254
      vertex 40.2697 -321.793 191.254
    endloop
  endfacet
  facet normal -0.500005 0.866022 0
    outer loop
      vertex 40.7891 -321.551 189.254
      vertex 40.54 -321.695 189.254
      vertex 40.54 -321.695 191.254
    endloop
  endfacet
  facet normal -0.64279 0.766042 0
    outer loop
      vertex 41.0094 -321.366 189.254
      vertex 40.7891 -321.551 189.254
      vertex 40.7891 -321.551 191.254
    endloop
  endfacet
  facet normal -0.64279 0.766042 0
    outer loop
      vertex 40.7891 -321.551 191.254
      vertex 41.0094 -321.366 191.254
      vertex 41.0094 -321.366 189.254
    endloop
  endfacet
  facet normal -0.499994 0.866029 0
    outer loop
      vertex 40.54 -321.695 191.254
      vertex 40.7891 -321.551 191.254
      vertex 40.7891 -321.551 189.254
    endloop
  endfacet
  facet normal -0.342016 0.939694 0
    outer loop
      vertex 40.2697 -321.793 191.254
      vertex 40.54 -321.695 191.254
      vertex 40.54 -321.695 189.254
    endloop
  endfacet
  facet normal -0.173647 0.984808 0
    outer loop
      vertex 39.9865 -321.843 191.254
      vertex 40.2697 -321.793 191.254
      vertex 40.2697 -321.793 189.254
    endloop
  endfacet
  facet normal 0 1 0
    outer loop
      vertex 39.6989 -321.843 191.254
      vertex 39.9865 -321.843 191.254
      vertex 39.9865 -321.843 189.254
    endloop
  endfacet
  facet normal 0.173652 0.984807 0
    outer loop
      vertex 39.4156 -321.793 191.254
      vertex 39.6989 -321.843 191.254
      vertex 39.6989 -321.843 189.254
    endloop
  endfacet
  facet normal 0.342024 0.939691 0
    outer loop
      vertex 39.1453 -321.695 191.254
      vertex 39.4156 -321.793 191.254
      vertex 39.4156 -321.793 189.254
    endloop
  endfacet
  facet normal 0.500005 0.866023 0
    outer loop
      vertex 38.8963 -321.551 191.254
      vertex 39.1453 -321.695 191.254
      vertex 39.1453 -321.695 189.254
    endloop
  endfacet
  facet normal 0.642803 0.766032 0
    outer loop
      vertex 38.6759 -321.366 191.254
      vertex 38.8963 -321.551 191.254
      vertex 38.8963 -321.551 189.254
    endloop
  endfacet
  facet normal 0.766032 0.642803 0
    outer loop
      vertex 38.4911 -321.146 191.254
      vertex 38.6759 -321.366 191.254
      vertex 38.6759 -321.366 189.254
    endloop
  endfacet
  facet normal 0.866033 0.499987 0
    outer loop
      vertex 38.3473 -320.897 191.254
      vertex 38.4911 -321.146 191.254
      vertex 38.4911 -321.146 189.254
    endloop
  endfacet
  facet normal 0.939691 0.342024 0
    outer loop
      vertex 38.2489 -320.627 191.254
      vertex 38.3473 -320.897 191.254
      vertex 38.3473 -320.897 189.254
    endloop
  endfacet
  facet normal 0.984809 0.173643 0
    outer loop
      vertex 38.1989 -320.344 191.254
      vertex 38.2489 -320.627 191.254
      vertex 38.2489 -320.627 189.254
    endloop
  endfacet
  facet normal 1 0 0
    outer loop
      vertex 38.1989 -320.056 191.254
      vertex 38.1989 -320.344 191.254
      vertex 38.1989 -320.344 189.254
    endloop
  endfacet
  facet normal 0.984809 -0.173643 0
    outer loop
      vertex 38.2489 -319.773 191.254
      vertex 38.1989 -320.056 191.254
      vertex 38.1989 -320.056 189.254
    endloop
  endfacet
  facet normal 0.939699 -0.342001 0
    outer loop
      vertex 38.3473 -319.502 191.254
      vertex 38.2489 -319.773 191.254
      vertex 38.2489 -319.773 189.254
    endloop
  endfacet
  facet normal 0.866011 -0.500025 0
    outer loop
      vertex 38.4911 -319.253 191.254
      vertex 38.3473 -319.502 191.254
      vertex 38.3473 -319.502 189.254
    endloop
  endfacet
  facet normal 0.766056 -0.642773 0
    outer loop
      vertex 38.6759 -319.033 191.254
      vertex 38.4911 -319.253 191.254
      vertex 38.4911 -319.253 189.254
    endloop
  endfacet
  facet normal 0.642778 -0.766052 0
    outer loop
      vertex 38.8963 -318.848 191.254
      vertex 38.6759 -319.033 191.254
      vertex 38.6759 -319.033 189.254
    endloop
  endfacet
  facet normal 0.499995 -0.866028 0
    outer loop
      vertex 39.1453 -318.704 191.254
      vertex 38.8963 -318.848 191.254
      vertex 38.8963 -318.848 189.254
    endloop
  endfacet
  facet normal 0.342015 -0.939694 0
    outer loop
      vertex 39.4156 -318.606 191.254
      vertex 39.1453 -318.704 191.254
      vertex 39.1453 -318.704 189.254
    endloop
  endfacet
  facet normal 0.173643 -0.984809 0
    outer loop
      vertex 39.6989 -318.556 191.254
      vertex 39.4156 -318.606 191.254
      vertex 39.4156 -318.606 189.254
    endloop
  endfacet
  facet normal -0 -1 -0
    outer loop
      vertex 39.9865 -318.556 191.254
      vertex 39.6989 -318.556 191.254
      vertex 39.6989 -318.556 189.254
    endloop
  endfacet
  facet normal -0.173652 -0.984807 -0
    outer loop
      vertex 40.2697 -318.606 191.254
      vertex 39.9865 -318.556 191.254
      vertex 39.9865 -318.556 189.254
    endloop
  endfacet
  facet normal -0.342023 -0.939691 -0
    outer loop
      vertex 40.54 -318.704 191.254
      vertex 40.2697 -318.606 191.254
      vertex 40.2697 -318.606 189.254
    endloop
  endfacet
  facet normal -0.500006 -0.866022 -0
    outer loop
      vertex 40.7891 -318.848 191.254
      vertex 40.54 -318.704 191.254
      vertex 40.54 -318.704 189.254
    endloop
  endfacet
  facet normal -0.64279 -0.766042 -0
    outer loop
      vertex 41.0094 -319.033 191.254
      vertex 40.7891 -318.848 191.254
      vertex 40.7891 -318.848 189.254
    endloop
  endfacet
  facet normal -0.766044 -0.642788 -0
    outer loop
      vertex 41.1943 -319.253 191.254
      vertex 41.0094 -319.033 191.254
      vertex 41.0094 -319.033 189.254
    endloop
  endfacet
  facet normal -0.866022 -0.500006 -0
    outer loop
      vertex 41.3381 -319.502 191.254
      vertex 41.1943 -319.253 191.254
      vertex 41.1943 -319.253 189.254
    endloop
  endfacet
  facet normal -0.939699 -0.342001 -0
    outer loop
      vertex 41.4364 -319.773 191.254
      vertex 41.3381 -319.502 191.254
      vertex 41.3381 -319.502 189.254
    endloop
  endfacet
  facet normal -0.984809 -0.173643 -0
    outer loop
      vertex 41.4864 -320.056 191.254
      vertex 41.4364 -319.773 191.254
      vertex 41.4364 -319.773 189.254
    endloop
  endfacet
  facet normal -1 -0 -0
    outer loop
      vertex 41.4864 -320.344 191.254
      vertex 41.4864 -320.056 191.254
      vertex 41.4864 -320.056 189.254
    endloop
  endfacet
  facet normal -0.984804 0.173668 0
    outer loop
      vertex 41.4364 -320.627 191.254
      vertex 41.4864 -320.344 191.254
      vertex 41.4864 -320.344 189.254
    endloop
  endfacet
  facet normal -0.939691 0.342024 0
    outer loop
      vertex 41.3381 -320.897 191.254
      vertex 41.4364 -320.627 191.254
      vertex 41.4364 -320.627 189.254
    endloop
  endfacet
  facet normal -0.866022 0.500006 0
    outer loop
      vertex 41.1943 -321.146 191.254
      vertex 41.3381 -320.897 191.254
      vertex 41.3381 -320.897 189.254
    endloop
  endfacet
  facet normal -0.766044 0.642788 0
    outer loop
      vertex 41.0094 -321.366 191.254
      vertex 41.1943 -321.146 191.254
      vertex 41.1943 -321.146 189.254
    endloop
  endfacet
  facet normal 0 0 1
    outer loop
      vertex 42.1424 -318.273 191.254
      vertex 41.7833 -317.912 191.254
      vertex 41.0094 -319.033 191.254
    endloop
  endfacet
  facet normal 1.3334e-06 0 1
    outer loop
      vertex 41.1943 -319.253 191.254
      vertex 42.4351 -318.69 191.254
      vertex 42.1424 -318.273 191.254
    endloop
  endfacet
  facet normal 0 0 1
    outer loop
      vertex 41.7833 -317.912 191.254
      vertex 41.3684 -317.617 191.254
      vertex 40.7891 -318.848 191.254
    endloop
  endfacet
  facet normal 0 0 1
    outer loop
      vertex 41.3684 -317.617 191.254
      vertex 40.9094 -317.396 191.254
      vertex 40.54 -318.704 191.254
    endloop
  endfacet
  facet normal 0 0 1
    outer loop
      vertex 41.0094 -319.033 191.254
      vertex 41.1943 -319.253 191.254
      vertex 42.1424 -318.273 191.254
    endloop
  endfacet
  facet normal 0 0 1
    outer loop
      vertex 40.54 -318.704 191.254
      vertex 40.7891 -318.848 191.254
      vertex 41.3684 -317.617 191.254
    endloop
  endfacet
  facet normal -2.66481e-06 0 1
    outer loop
      vertex 38.9092 -317.349 191.254
      vertex 38.4404 -317.548 191.254
      vertex 39.1453 -318.704 191.254
    endloop
  endfacet
  facet normal 0 0 1
    outer loop
      vertex 38.4404 -317.548 191.254
      vertex 38.0119 -317.823 191.254
      vertex 38.8963 -318.848 191.254
    endloop
  endfacet
  facet normal 0 0 1
    outer loop
      vertex 37.3931 -321.932 191.254
      vertex 37.7213 -322.321 191.254
      vertex 38.6759 -321.366 191.254
    endloop
  endfacet
  facet normal 0 0 1
    outer loop
      vertex 37.7213 -322.321 191.254
      vertex 39.8427 -324.442 191.254
      vertex 39.1453 -321.695 191.254
    endloop
  endfacet
  facet normal -4.66322e-06 0 1
    outer loop
      vertex 40.7891 -318.848 191.254
      vertex 41.0094 -319.033 191.254
      vertex 41.7833 -317.912 191.254
    endloop
  endfacet
  facet normal 5.33268e-06 0 1
    outer loop
      vertex 40.9094 -317.396 191.254
      vertex 40.4197 -317.256 191.254
      vertex 40.2697 -318.606 191.254
    endloop
  endfacet
  facet normal -5.33144e-06 0 1
    outer loop
      vertex 39.9134 -317.201 191.254
      vertex 39.405 -317.232 191.254
      vertex 39.6989 -318.556 191.254
    endloop
  endfacet
  facet normal -5.33053e-06 0 1
    outer loop
      vertex 39.405 -317.232 191.254
      vertex 38.9092 -317.349 191.254
      vertex 39.4156 -318.606 191.254
    endloop
  endfacet
  facet normal 4.67022e-06 0 1
    outer loop
      vertex 38.8963 -318.848 191.254
      vertex 39.1453 -318.704 191.254
      vertex 38.4404 -317.548 191.254
    endloop
  endfacet
  facet normal -2.66363e-06 0 1
    outer loop
      vertex 38.0119 -317.823 191.254
      vertex 37.6363 -318.167 191.254
      vertex 38.6759 -319.033 191.254
    endloop
  endfacet
  facet normal -1.17566e-06 0 1
    outer loop
      vertex 37.7213 -322.321 191.254
      vertex 38.8963 -321.551 191.254
      vertex 38.6759 -321.366 191.254
    endloop
  endfacet
  facet normal -6.74801e-07 0 1
    outer loop
      vertex 39.8427 -324.442 191.254
      vertex 39.4156 -321.793 191.254
      vertex 39.1453 -321.695 191.254
    endloop
  endfacet
  facet normal 0 0 1
    outer loop
      vertex 39.8427 -324.442 191.254
      vertex 41.1717 -323.113 191.254
      vertex 40.2697 -321.793 191.254
    endloop
  endfacet
  facet normal 1.22879e-05 0 1
    outer loop
      vertex 41.1717 -323.113 191.254
      vertex 40.7891 -321.551 191.254
      vertex 40.54 -321.695 191.254
    endloop
  endfacet
  facet normal -9.32824e-06 0 1
    outer loop
      vertex 40.2697 -318.606 191.254
      vertex 40.54 -318.704 191.254
      vertex 40.9094 -317.396 191.254
    endloop
  endfacet
  facet normal 0 0 1
    outer loop
      vertex 40.4197 -317.256 191.254
      vertex 39.9134 -317.201 191.254
      vertex 39.9865 -318.556 191.254
    endloop
  endfacet
  facet normal 9.33427e-06 0 1
    outer loop
      vertex 39.4156 -318.606 191.254
      vertex 39.6989 -318.556 191.254
      vertex 39.405 -317.232 191.254
    endloop
  endfacet
  facet normal 4.67207e-06 0 1
    outer loop
      vertex 38.6759 -319.033 191.254
      vertex 38.8963 -318.848 191.254
      vertex 38.0119 -317.823 191.254
    endloop
  endfacet
  facet normal -1.33109e-06 0 1
    outer loop
      vertex 37.3242 -318.57 191.254
      vertex 37.0847 -319.019 191.254
      vertex 38.3473 -319.502 191.254
    endloop
  endfacet
  facet normal 0 0 1
    outer loop
      vertex 37.0847 -319.019 191.254
      vertex 36.9248 -319.503 191.254
      vertex 38.2489 -319.773 191.254
    endloop
  endfacet
  facet normal 0 0 1
    outer loop
      vertex 39.1453 -321.695 191.254
      vertex 38.8963 -321.551 191.254
      vertex 37.7213 -322.321 191.254
    endloop
  endfacet
  facet normal 9.98157e-06 0 1
    outer loop
      vertex 40.2697 -321.793 191.254
      vertex 39.9865 -321.843 191.254
      vertex 39.8427 -324.442 191.254
    endloop
  endfacet
  facet normal -3.28821e-06 0 1
    outer loop
      vertex 41.1717 -323.113 191.254
      vertex 41.0094 -321.366 191.254
      vertex 40.7891 -321.551 191.254
    endloop
  endfacet
  facet normal 0 0 1
    outer loop
      vertex 39.9865 -318.556 191.254
      vertex 40.2697 -318.606 191.254
      vertex 40.4197 -317.256 191.254
    endloop
  endfacet
  facet normal 0 0 1
    outer loop
      vertex 39.1453 -318.704 191.254
      vertex 39.4156 -318.606 191.254
      vertex 38.9092 -317.349 191.254
    endloop
  endfacet
  facet normal 0 0 1
    outer loop
      vertex 37.6363 -318.167 191.254
      vertex 37.3242 -318.57 191.254
      vertex 38.4911 -319.253 191.254
    endloop
  endfacet
  facet normal 0 0 1
    outer loop
      vertex 38.2489 -319.773 191.254
      vertex 38.3473 -319.502 191.254
      vertex 37.0847 -319.019 191.254
    endloop
  endfacet
  facet normal -5.30264e-06 0 1
    outer loop
      vertex 39.8427 -324.442 191.254
      vertex 39.6989 -321.843 191.254
      vertex 39.4156 -321.793 191.254
    endloop
  endfacet
  facet normal 0 0 1
    outer loop
      vertex 40.54 -321.695 191.254
      vertex 40.2697 -321.793 191.254
      vertex 41.1717 -323.113 191.254
    endloop
  endfacet
  facet normal 1.05114e-05 0 1
    outer loop
      vertex 41.1717 -323.113 191.254
      vertex 41.4364 -320.627 191.254
      vertex 41.3381 -320.897 191.254
    endloop
  endfacet
  facet normal 0 0 1
    outer loop
      vertex 39.6989 -318.556 191.254
      vertex 39.9865 -318.556 191.254
      vertex 39.9134 -317.201 191.254
    endloop
  endfacet
  facet normal 0 0 1
    outer loop
      vertex 38.3473 -319.502 191.254
      vertex 38.4911 -319.253 191.254
      vertex 37.3242 -318.57 191.254
    endloop
  endfacet
  facet normal 1.32924e-06 0 1
    outer loop
      vertex 36.8593 -320.516 191.254
      vertex 36.9558 -321.016 191.254
      vertex 38.2489 -320.627 191.254
    endloop
  endfacet
  facet normal 0 0 1
    outer loop
      vertex 36.9558 -321.016 191.254
      vertex 37.1354 -321.492 191.254
      vertex 38.3473 -320.897 191.254
    endloop
  endfacet
  facet normal 0 0 1
    outer loop
      vertex 39.9865 -321.843 191.254
      vertex 39.6989 -321.843 191.254
      vertex 39.8427 -324.442 191.254
    endloop
  endfacet
  facet normal 0 0 1
    outer loop
      vertex 41.3381 -320.897 191.254
      vertex 41.1943 -321.146 191.254
      vertex 41.1717 -323.113 191.254
    endloop
  endfacet
  facet normal 0 0 1
    outer loop
      vertex 42.4351 -318.69 191.254
      vertex 41.3381 -319.502 191.254
      vertex 41.4364 -319.773 191.254
    endloop
  endfacet
  facet normal 0 0 1
    outer loop
      vertex 38.4911 -319.253 191.254
      vertex 38.6759 -319.033 191.254
      vertex 37.6363 -318.167 191.254
    endloop
  endfacet
  facet normal -6.65112e-07 0 1
    outer loop
      vertex 36.9248 -319.503 191.254
      vertex 36.8489 -320.006 191.254
      vertex 38.1989 -320.056 191.254
    endloop
  endfacet
  facet normal -6.64874e-07 0 1
    outer loop
      vertex 36.8489 -320.006 191.254
      vertex 36.8593 -320.516 191.254
      vertex 38.1989 -320.344 191.254
    endloop
  endfacet
  facet normal 0 0 1
    outer loop
      vertex 38.3473 -320.897 191.254
      vertex 38.2489 -320.627 191.254
      vertex 36.9558 -321.016 191.254
    endloop
  endfacet
  facet normal 0 0 1
    outer loop
      vertex 37.1354 -321.492 191.254
      vertex 37.3931 -321.932 191.254
      vertex 38.4911 -321.146 191.254
    endloop
  endfacet
  facet normal 0 0 1
    outer loop
      vertex 41.1943 -321.146 191.254
      vertex 41.0094 -321.366 191.254
      vertex 41.1717 -323.113 191.254
    endloop
  endfacet
  facet normal 0 0 1
    outer loop
      vertex 41.1943 -319.253 191.254
      vertex 41.3381 -319.502 191.254
      vertex 42.4351 -318.69 191.254
    endloop
  endfacet
  facet normal 0 0 1
    outer loop
      vertex 38.1989 -320.344 191.254
      vertex 38.1989 -320.056 191.254
      vertex 36.8489 -320.006 191.254
    endloop
  endfacet
  facet normal 0 0 1
    outer loop
      vertex 38.4911 -321.146 191.254
      vertex 38.3473 -320.897 191.254
      vertex 37.1354 -321.492 191.254
    endloop
  endfacet
  facet normal -4.62134e-05 0 1
    outer loop
      vertex 41.1717 -323.113 191.254
      vertex 41.4864 -320.344 191.254
      vertex 41.4364 -320.627 191.254
    endloop
  endfacet
  facet normal 1.68512e-06 0 1
    outer loop
      vertex 50.3641 -332.306 191.254
      vertex 42.4351 -318.69 191.254
      vertex 41.4864 -320.056 191.254
    endloop
  endfacet
  facet normal 1.17042e-06 0 1
    outer loop
      vertex 38.1989 -320.056 191.254
      vertex 38.2489 -319.773 191.254
      vertex 36.9248 -319.503 191.254
    endloop
  endfacet
  facet normal 0 0 1
    outer loop
      vertex 38.6759 -321.366 191.254
      vertex 38.4911 -321.146 191.254
      vertex 37.3931 -321.932 191.254
    endloop
  endfacet
  facet normal -1.13983e-05 0 1
    outer loop
      vertex 41.4864 -320.056 191.254
      vertex 41.4864 -320.344 191.254
      vertex 50.3641 -332.306 191.254
    endloop
  endfacet
  facet normal 1.17195e-06 0 1
    outer loop
      vertex 38.2489 -320.627 191.254
      vertex 38.1989 -320.344 191.254
      vertex 36.8593 -320.516 191.254
    endloop
  endfacet
  facet normal 0 0 1
    outer loop
      vertex 41.4364 -319.773 191.254
      vertex 41.4864 -320.056 191.254
      vertex 42.4351 -318.69 191.254
    endloop
  endfacet
  facet normal 0 0 1
    outer loop
      vertex 41.4864 -320.344 191.254
      vertex 41.1717 -323.113 191.254
      vertex 50.3641 -332.306 191.254
    endloop
  endfacet
  facet normal -0.707107 -0.707107 -0
    outer loop
      vertex 37.7213 -322.321 191.254
      vertex 37.7213 -322.321 189.254
      vertex 39.8427 -324.442 189.254
    endloop
  endfacet
  facet normal -0.707107 -0.707106 -0
    outer loop
      vertex 39.8427 -324.442 189.254
      vertex 39.8427 -324.442 191.254
      vertex 37.7213 -322.321 191.254
    endloop
  endfacet
  facet normal -0.764577 -0.644532 -0
    outer loop
      vertex 37.7213 -322.321 189.254
      vertex 37.7213 -322.321 191.254
      vertex 37.3931 -321.932 191.254
    endloop
  endfacet
  facet normal -0.862588 -0.505908 -0
    outer loop
      vertex 37.3931 -321.932 189.254
      vertex 37.3931 -321.932 191.254
      vertex 37.1354 -321.492 191.254
    endloop
  endfacet
  facet normal -0.935741 -0.352687 -0
    outer loop
      vertex 37.1354 -321.492 189.254
      vertex 37.1354 -321.492 191.254
      vertex 36.9558 -321.016 191.254
    endloop
  endfacet
  facet normal -0.981915 -0.189321 -0
    outer loop
      vertex 36.9558 -321.016 189.254
      vertex 36.9558 -321.016 191.254
      vertex 36.8593 -320.516 191.254
    endloop
  endfacet
  facet normal -0.999791 -0.0204564 -0
    outer loop
      vertex 36.8593 -320.516 189.254
      vertex 36.8593 -320.516 191.254
      vertex 36.8489 -320.006 191.254
    endloop
  endfacet
  facet normal -0.988844 0.148952 0
    outer loop
      vertex 36.8489 -320.006 189.254
      vertex 36.8489 -320.006 191.254
      vertex 36.9248 -319.503 191.254
    endloop
  endfacet
  facet normal -0.949398 0.314076 0
    outer loop
      vertex 36.9248 -319.503 189.254
      vertex 36.9248 -319.503 191.254
      vertex 37.0847 -319.019 191.254
    endloop
  endfacet
  facet normal -0.882583 0.470157 0
    outer loop
      vertex 37.0847 -319.019 189.254
      vertex 37.0847 -319.019 191.254
      vertex 37.3242 -318.57 191.254
    endloop
  endfacet
  facet normal -0.790323 0.612691 0
    outer loop
      vertex 37.3242 -318.57 189.254
      vertex 37.3242 -318.57 191.254
      vertex 37.6363 -318.167 191.254
    endloop
  endfacet
  facet normal -0.675293 0.737549 0
    outer loop
      vertex 37.6363 -318.167 189.254
      vertex 37.6363 -318.167 191.254
      vertex 38.0119 -317.823 191.254
    endloop
  endfacet
  facet normal -0.540789 0.841158 0
    outer loop
      vertex 38.0119 -317.823 189.254
      vertex 38.0119 -317.823 191.254
      vertex 38.4404 -317.548 191.254
    endloop
  endfacet
  facet normal -0.390702 0.920517 0
    outer loop
      vertex 38.4404 -317.548 189.254
      vertex 38.4404 -317.548 191.254
      vertex 38.9092 -317.349 191.254
    endloop
  endfacet
  facet normal -0.229346 0.973345 0
    outer loop
      vertex 38.9092 -317.349 189.254
      vertex 38.9092 -317.349 191.254
      vertex 39.405 -317.232 191.254
    endloop
  endfacet
  facet normal -0.0613879 0.998114 0
    outer loop
      vertex 39.405 -317.232 189.254
      vertex 39.405 -317.232 191.254
      vertex 39.9134 -317.201 191.254
    endloop
  endfacet
  facet normal 0.108346 0.994113 0
    outer loop
      vertex 39.9134 -317.201 189.254
      vertex 39.9134 -317.201 191.254
      vertex 40.4197 -317.256 191.254
    endloop
  endfacet
  facet normal 0.274955 0.961457 0
    outer loop
      vertex 40.4197 -317.256 189.254
      vertex 40.4197 -317.256 191.254
      vertex 40.9094 -317.396 191.254
    endloop
  endfacet
  facet normal 0.433638 0.901087 0
    outer loop
      vertex 40.9094 -317.396 189.254
      vertex 40.9094 -317.396 191.254
      vertex 41.3684 -317.617 191.254
    endloop
  endfacet
  facet normal 0.57982 0.814744 0
    outer loop
      vertex 41.3684 -317.617 189.254
      vertex 41.3684 -317.617 191.254
      vertex 41.7833 -317.912 191.254
    endloop
  endfacet
  facet normal 0.709289 0.704917 0
    outer loop
      vertex 41.7833 -317.912 189.254
      vertex 41.7833 -317.912 191.254
      vertex 42.1424 -318.273 191.254
    endloop
  endfacet
  facet normal 0.818317 0.574767 0
    outer loop
      vertex 42.1424 -318.273 189.254
      vertex 42.1424 -318.273 191.254
      vertex 42.4351 -318.69 191.254
    endloop
  endfacet
  facet normal 0.81831 0.574777 0
    outer loop
      vertex 42.4351 -318.69 191.254
      vertex 42.4351 -318.69 189.254
      vertex 42.1424 -318.273 189.254
    endloop
  endfacet
  facet normal 0.709289 0.704918 0
    outer loop
      vertex 42.1424 -318.273 191.254
      vertex 42.1424 -318.273 189.254
      vertex 41.7833 -317.912 189.254
    endloop
  endfacet
  facet normal 0.579821 0.814744 0
    outer loop
      vertex 41.7833 -317.912 191.254
      vertex 41.7833 -317.912 189.254
      vertex 41.3684 -317.617 189.254
    endloop
  endfacet
  facet normal 0.433633 0.90109 0
    outer loop
      vertex 41.3684 -317.617 191.254
      vertex 41.3684 -317.617 189.254
      vertex 40.9094 -317.396 189.254
    endloop
  endfacet
  facet normal 0.274951 0.961458 0
    outer loop
      vertex 40.9094 -317.396 191.254
      vertex 40.9094 -317.396 189.254
      vertex 40.4197 -317.256 189.254
    endloop
  endfacet
  facet normal 0.108345 0.994113 0
    outer loop
      vertex 40.4197 -317.256 191.254
      vertex 40.4197 -317.256 189.254
      vertex 39.9134 -317.201 189.254
    endloop
  endfacet
  facet normal -0.0613861 0.998114 0
    outer loop
      vertex 39.9134 -317.201 191.254
      vertex 39.9134 -317.201 189.254
      vertex 39.405 -317.232 189.254
    endloop
  endfacet
  facet normal -0.229346 0.973345 0
    outer loop
      vertex 39.405 -317.232 191.254
      vertex 39.405 -317.232 189.254
      vertex 38.9092 -317.349 189.254
    endloop
  endfacet
  facet normal -0.390697 0.920519 0
    outer loop
      vertex 38.9092 -317.349 191.254
      vertex 38.9092 -317.349 189.254
      vertex 38.4404 -317.548 189.254
    endloop
  endfacet
  facet normal -0.540783 0.841162 0
    outer loop
      vertex 38.4404 -317.548 191.254
      vertex 38.4404 -317.548 189.254
      vertex 38.0119 -317.823 189.254
    endloop
  endfacet
  facet normal -0.675293 0.737549 0
    outer loop
      vertex 38.0119 -317.823 191.254
      vertex 38.0119 -317.823 189.254
      vertex 37.6363 -318.167 189.254
    endloop
  endfacet
  facet normal -0.790323 0.612691 0
    outer loop
      vertex 37.6363 -318.167 191.254
      vertex 37.6363 -318.167 189.254
      vertex 37.3242 -318.57 189.254
    endloop
  endfacet
  facet normal -0.882583 0.470156 0
    outer loop
      vertex 37.3242 -318.57 191.254
      vertex 37.3242 -318.57 189.254
      vertex 37.0847 -319.019 189.254
    endloop
  endfacet
  facet normal -0.94939 0.314101 0
    outer loop
      vertex 37.0847 -319.019 191.254
      vertex 37.0847 -319.019 189.254
      vertex 36.9248 -319.503 189.254
    endloop
  endfacet
  facet normal -0.988844 0.148952 0
    outer loop
      vertex 36.9248 -319.503 191.254
      vertex 36.9248 -319.503 189.254
      vertex 36.8489 -320.006 189.254
    endloop
  endfacet
  facet normal -0.99979 -0.020485 -0
    outer loop
      vertex 36.8489 -320.006 191.254
      vertex 36.8489 -320.006 189.254
      vertex 36.8593 -320.516 189.254
    endloop
  endfacet
  facet normal -0.981918 -0.189308 -0
    outer loop
      vertex 36.8593 -320.516 191.254
      vertex 36.8593 -320.516 189.254
      vertex 36.9558 -321.016 189.254
    endloop
  endfacet
  facet normal -0.935746 -0.352675 -0
    outer loop
      vertex 36.9558 -321.016 191.254
      vertex 36.9558 -321.016 189.254
      vertex 37.1354 -321.492 189.254
    endloop
  endfacet
  facet normal -0.862594 -0.505897 -0
    outer loop
      vertex 37.1354 -321.492 191.254
      vertex 37.1354 -321.492 189.254
      vertex 37.3931 -321.932 189.254
    endloop
  endfacet
  facet normal -0.764584 -0.644524 -0
    outer loop
      vertex 37.3931 -321.932 191.254
      vertex 37.3931 -321.932 189.254
      vertex 37.7213 -322.321 189.254
    endloop
  endfacet
  facet normal 0.864152 0.50323 0
    outer loop
      vertex 42.4351 -318.69 191.254
      vertex 50.3641 -332.306 191.254
      vertex 50.3641 -332.306 189.254
    endloop
  endfacet
  facet normal 0.864153 0.503229 0
    outer loop
      vertex 50.3641 -332.306 189.254
      vertex 42.4351 -318.69 189.254
      vertex 42.4351 -318.69 191.254
    endloop
  endfacet
  facet normal 2.04187e-06 0 -1
    outer loop
      vertex 39.405 -317.232 189.254
      vertex 39.6989 -318.556 189.254
      vertex 39.4156 -318.606 189.254
    endloop
  endfacet
  facet normal -0 -0 -1
    outer loop
      vertex 39.9134 -317.201 189.254
      vertex 39.9865 -318.556 189.254
      vertex 39.6989 -318.556 189.254
    endloop
  endfacet
  facet normal -0 -0 -1
    outer loop
      vertex 38.9092 -317.349 189.254
      vertex 39.4156 -318.606 189.254
      vertex 39.1453 -318.704 189.254
    endloop
  endfacet
  facet normal -2.49911e-07 -0 -1
    outer loop
      vertex 39.6989 -318.556 189.254
      vertex 39.405 -317.232 189.254
      vertex 39.9134 -317.201 189.254
    endloop
  endfacet
  facet normal -2.04093e-06 -0 -1
    outer loop
      vertex 40.4197 -317.256 189.254
      vertex 40.2697 -318.606 189.254
      vertex 39.9865 -318.556 189.254
    endloop
  endfacet
  facet normal -0 -0 -1
    outer loop
      vertex 40.9094 -317.396 189.254
      vertex 40.54 -318.704 189.254
      vertex 40.2697 -318.606 189.254
    endloop
  endfacet
  facet normal -2.33708e-06 -0 -1
    outer loop
      vertex 37.6363 -318.167 189.254
      vertex 38.6759 -319.033 189.254
      vertex 38.4911 -319.253 189.254
    endloop
  endfacet
  facet normal -0 -0 -1
    outer loop
      vertex 38.0119 -317.823 189.254
      vertex 38.8963 -318.848 189.254
      vertex 38.6759 -319.033 189.254
    endloop
  endfacet
  facet normal -0 -0 -1
    outer loop
      vertex 38.4404 -317.548 189.254
      vertex 39.1453 -318.704 189.254
      vertex 38.8963 -318.848 189.254
    endloop
  endfacet
  facet normal 3.33158e-07 0 -1
    outer loop
      vertex 39.4156 -318.606 189.254
      vertex 38.9092 -317.349 189.254
      vertex 39.405 -317.232 189.254
    endloop
  endfacet
  facet normal -0 -0 -1
    outer loop
      vertex 40.2697 -318.606 189.254
      vertex 40.4197 -317.256 189.254
      vertex 40.9094 -317.396 189.254
    endloop
  endfacet
  facet normal -0 -0 -1
    outer loop
      vertex 41.3684 -317.617 189.254
      vertex 40.7891 -318.848 189.254
      vertex 40.54 -318.704 189.254
    endloop
  endfacet
  facet normal -1.16911e-06 -0 -1
    outer loop
      vertex 37.3242 -318.57 189.254
      vertex 38.4911 -319.253 189.254
      vertex 38.3473 -319.502 189.254
    endloop
  endfacet
  facet normal 1.33182e-06 0 -1
    outer loop
      vertex 38.6759 -319.033 189.254
      vertex 37.6363 -318.167 189.254
      vertex 38.0119 -317.823 189.254
    endloop
  endfacet
  facet normal -0 -0 -1
    outer loop
      vertex 39.1453 -318.704 189.254
      vertex 38.4404 -317.548 189.254
      vertex 38.9092 -317.349 189.254
    endloop
  endfacet
  facet normal 6.66639e-07 0 -1
    outer loop
      vertex 40.54 -318.704 189.254
      vertex 40.9094 -317.396 189.254
      vertex 41.3684 -317.617 189.254
    endloop
  endfacet
  facet normal -2.33153e-06 -0 -1
    outer loop
      vertex 42.1424 -318.273 189.254
      vertex 41.1943 -319.253 189.254
      vertex 41.0094 -319.033 189.254
    endloop
  endfacet
  facet normal 3.49494e-07 0 -1
    outer loop
      vertex 50.3641 -332.306 189.254
      vertex 39.8427 -324.442 189.254
      vertex 40.2697 -321.793 189.254
    endloop
  endfacet
  facet normal -0 -0 -1
    outer loop
      vertex 39.8427 -324.442 189.254
      vertex 39.6989 -321.843 189.254
      vertex 39.9865 -321.843 189.254
    endloop
  endfacet
  facet normal -0 -0 -1
    outer loop
      vertex 38.4911 -319.253 189.254
      vertex 37.3242 -318.57 189.254
      vertex 37.6363 -318.167 189.254
    endloop
  endfacet
  facet normal 3.33256e-07 0 -1
    outer loop
      vertex 39.9865 -318.556 189.254
      vertex 39.9134 -317.201 189.254
      vertex 40.4197 -317.256 189.254
    endloop
  endfacet
  facet normal -0 -0 -1
    outer loop
      vertex 41.7833 -317.912 189.254
      vertex 41.0094 -319.033 189.254
      vertex 40.7891 -318.848 189.254
    endloop
  endfacet
  facet normal 1.33339e-06 0 -1
    outer loop
      vertex 41.0094 -319.033 189.254
      vertex 41.7833 -317.912 189.254
      vertex 42.1424 -318.273 189.254
    endloop
  endfacet
  facet normal 5.60633e-08 0 -1
    outer loop
      vertex 50.3641 -332.306 189.254
      vertex 40.54 -321.695 189.254
      vertex 40.7891 -321.551 189.254
    endloop
  endfacet
  facet normal -0 -0 -1
    outer loop
      vertex 39.9865 -321.843 189.254
      vertex 40.2697 -321.793 189.254
      vertex 39.8427 -324.442 189.254
    endloop
  endfacet
  facet normal -0 -0 -1
    outer loop
      vertex 37.3931 -321.932 189.254
      vertex 38.4911 -321.146 189.254
      vertex 38.6759 -321.366 189.254
    endloop
  endfacet
  facet normal -1.17042e-06 -0 -1
    outer loop
      vertex 36.9248 -319.503 189.254
      vertex 38.2489 -319.773 189.254
      vertex 38.1989 -320.056 189.254
    endloop
  endfacet
  facet normal 1.16974e-06 0 -1
    outer loop
      vertex 37.0847 -319.019 189.254
      vertex 38.3473 -319.502 189.254
      vertex 38.2489 -319.773 189.254
    endloop
  endfacet
  facet normal -6.66057e-07 -0 -1
    outer loop
      vertex 38.8963 -318.848 189.254
      vertex 38.0119 -317.823 189.254
      vertex 38.4404 -317.548 189.254
    endloop
  endfacet
  facet normal -0 -0 -1
    outer loop
      vertex 42.1424 -318.273 189.254
      vertex 42.4351 -318.69 189.254
      vertex 41.1943 -319.253 189.254
    endloop
  endfacet
  facet normal -9.26113e-06 -0 -1
    outer loop
      vertex 50.3641 -332.306 189.254
      vertex 41.4864 -320.344 189.254
      vertex 41.4864 -320.056 189.254
    endloop
  endfacet
  facet normal -4.67744e-06 -0 -1
    outer loop
      vertex 50.3641 -332.306 189.254
      vertex 41.1943 -321.146 189.254
      vertex 41.3381 -320.897 189.254
    endloop
  endfacet
  facet normal -3.79537e-06 -0 -1
    outer loop
      vertex 40.2697 -321.793 189.254
      vertex 40.54 -321.695 189.254
      vertex 50.3641 -332.306 189.254
    endloop
  endfacet
  facet normal -3.374e-06 -0 -1
    outer loop
      vertex 39.8427 -324.442 189.254
      vertex 39.1453 -321.695 189.254
      vertex 39.4156 -321.793 189.254
    endloop
  endfacet
  facet normal 1.89119e-06 0 -1
    outer loop
      vertex 37.7213 -322.321 189.254
      vertex 38.8963 -321.551 189.254
      vertex 39.1453 -321.695 189.254
    endloop
  endfacet
  facet normal -1.3275e-06 -0 -1
    outer loop
      vertex 38.6759 -321.366 189.254
      vertex 37.7213 -322.321 189.254
      vertex 37.3931 -321.932 189.254
    endloop
  endfacet
  facet normal -1.33067e-06 -0 -1
    outer loop
      vertex 38.2489 -319.773 189.254
      vertex 36.9248 -319.503 189.254
      vertex 37.0847 -319.019 189.254
    endloop
  endfacet
  facet normal -6.66675e-07 -0 -1
    outer loop
      vertex 40.7891 -318.848 189.254
      vertex 41.3684 -317.617 189.254
      vertex 41.7833 -317.912 189.254
    endloop
  endfacet
  facet normal -2.69924e-06 -0 -1
    outer loop
      vertex 42.4351 -318.69 189.254
      vertex 41.4864 -320.056 189.254
      vertex 41.4364 -319.773 189.254
    endloop
  endfacet
  facet normal 1.08134e-05 0 -1
    outer loop
      vertex 50.3641 -332.306 189.254
      vertex 41.4364 -320.627 189.254
      vertex 41.4864 -320.344 189.254
    endloop
  endfacet
  facet normal -1.11363e-06 -0 -1
    outer loop
      vertex 50.3641 -332.306 189.254
      vertex 41.0094 -321.366 189.254
      vertex 41.1943 -321.146 189.254
    endloop
  endfacet
  facet normal -0 -0 -1
    outer loop
      vertex 39.4156 -321.793 189.254
      vertex 39.6989 -321.843 189.254
      vertex 39.8427 -324.442 189.254
    endloop
  endfacet
  facet normal -0 -0 -1
    outer loop
      vertex 38.6759 -321.366 189.254
      vertex 38.8963 -321.551 189.254
      vertex 37.7213 -322.321 189.254
    endloop
  endfacet
  facet normal -0 -0 -1
    outer loop
      vertex 36.9558 -321.016 189.254
      vertex 38.2489 -320.627 189.254
      vertex 38.3473 -320.897 189.254
    endloop
  endfacet
  facet normal -0 -0 -1
    outer loop
      vertex 36.8593 -320.516 189.254
      vertex 38.1989 -320.344 189.254
      vertex 38.2489 -320.627 189.254
    endloop
  endfacet
  facet normal 1.33109e-06 0 -1
    outer loop
      vertex 38.3473 -319.502 189.254
      vertex 37.0847 -319.019 189.254
      vertex 37.3242 -318.57 189.254
    endloop
  endfacet
  facet normal -0 -0 -1
    outer loop
      vertex 41.4364 -319.773 189.254
      vertex 41.3381 -319.502 189.254
      vertex 42.4351 -318.69 189.254
    endloop
  endfacet
  facet normal -0 -0 -1
    outer loop
      vertex 41.3381 -320.897 189.254
      vertex 41.4364 -320.627 189.254
      vertex 50.3641 -332.306 189.254
    endloop
  endfacet
  facet normal -0 -0 -1
    outer loop
      vertex 39.1453 -321.695 189.254
      vertex 39.8427 -324.442 189.254
      vertex 37.7213 -322.321 189.254
    endloop
  endfacet
  facet normal 1.17369e-06 0 -1
    outer loop
      vertex 37.1354 -321.492 189.254
      vertex 38.3473 -320.897 189.254
      vertex 38.4911 -321.146 189.254
    endloop
  endfacet
  facet normal -0 -0 -1
    outer loop
      vertex 38.2489 -320.627 189.254
      vertex 36.9558 -321.016 189.254
      vertex 36.8593 -320.516 189.254
    endloop
  endfacet
  facet normal -0 -0 -1
    outer loop
      vertex 41.3381 -319.502 189.254
      vertex 41.1943 -319.253 189.254
      vertex 42.4351 -318.69 189.254
    endloop
  endfacet
  facet normal 3.51526e-06 0 -1
    outer loop
      vertex 40.7891 -321.551 189.254
      vertex 41.0094 -321.366 189.254
      vertex 50.3641 -332.306 189.254
    endloop
  endfacet
  facet normal -0 -0 -1
    outer loop
      vertex 38.3473 -320.897 189.254
      vertex 37.1354 -321.492 189.254
      vertex 36.9558 -321.016 189.254
    endloop
  endfacet
  facet normal -0 -0 -1
    outer loop
      vertex 36.8489 -320.006 189.254
      vertex 38.1989 -320.056 189.254
      vertex 38.1989 -320.344 189.254
    endloop
  endfacet
  facet normal -0 -0 -1
    outer loop
      vertex 41.4864 -320.056 189.254
      vertex 42.4351 -318.69 189.254
      vertex 50.3641 -332.306 189.254
    endloop
  endfacet
  facet normal -0 -0 -1
    outer loop
      vertex 38.1989 -320.344 189.254
      vertex 36.8593 -320.516 189.254
      vertex 36.8489 -320.006 189.254
    endloop
  endfacet
  facet normal -0 -0 -1
    outer loop
      vertex 38.4911 -321.146 189.254
      vertex 37.3931 -321.932 189.254
      vertex 37.1354 -321.492 189.254
    endloop
  endfacet
  facet normal 5.44384e-06 0 -1
    outer loop
      vertex 48.9499 -333.72 189.254
      vertex 39.7575 -324.528 189.254
      vertex 39.8427 -324.442 189.254
    endloop
  endfacet
  facet normal -4.19767e-07 -0 -1
    outer loop
      vertex 39.8427 -324.442 189.254
      vertex 50.3641 -332.306 189.254
      vertex 48.9499 -333.72 189.254
    endloop
  endfacet
  facet normal -0 -0 -1
    outer loop
      vertex 38.1989 -320.056 189.254
      vertex 36.8489 -320.006 189.254
      vertex 36.9248 -319.503 189.254
    endloop
  endfacet
  facet normal 0.707107 0.707107 0
    outer loop
      vertex 41.1717 -323.113 191.254
      vertex 41.1717 -323.113 198.254
      vertex 50.3641 -332.306 198.254
    endloop
  endfacet
  facet normal 0.707107 0.707107 0
    outer loop
      vertex 50.3641 -332.306 198.254
      vertex 50.3641 -332.306 191.254
      vertex 41.1717 -323.113 191.254
    endloop
  endfacet
  facet normal -0.707107 -0.707107 -0
    outer loop
      vertex 39.7575 -324.528 198.254
      vertex 39.7575 -324.528 189.254
      vertex 48.9499 -333.72 189.254
    endloop
  endfacet
  facet normal -0.707107 -0.707107 -0
    outer loop
      vertex 48.9499 -333.72 189.254
      vertex 48.9499 -333.72 198.254
      vertex 39.7575 -324.528 198.254
    endloop
  endfacet
  facet normal -1.791e-07 -0 -1
    outer loop
      vertex 30.9186 -333.366 198.254
      vertex 39.7575 -324.528 198.254
      vertex 48.9499 -333.72 198.254
    endloop
  endfacet
  facet normal 1.791e-07 0 -1
    outer loop
      vertex 48.9499 -333.72 198.254
      vertex 40.111 -342.559 198.254
      vertex 30.9186 -333.366 198.254
    endloop
  endfacet
  facet normal 0.704418 0.704414 0.0871586
    outer loop
      vertex 50.3641 -332.306 198.254
      vertex 41.1717 -323.113 198.254
      vertex 41.1502 -323.135 198.601
    endloop
  endfacet
  facet normal 0.68301 0.683014 0.258823
    outer loop
      vertex 50.3426 -332.327 198.601
      vertex 41.1502 -323.135 198.601
      vertex 41.0864 -323.199 198.938
    endloop
  endfacet
  facet normal 0.640862 0.640852 0.422616
    outer loop
      vertex 50.2788 -332.391 198.938
      vertex 41.0864 -323.199 198.938
      vertex 40.9822 -323.303 199.254
    endloop
  endfacet
  facet normal 0.579226 0.579231 0.573576
    outer loop
      vertex 50.1746 -332.495 199.254
      vertex 40.9822 -323.303 199.254
      vertex 40.8408 -323.444 199.539
    endloop
  endfacet
  facet normal 0.499997 0.500001 0.707108
    outer loop
      vertex 50.0332 -332.637 199.539
      vertex 40.8408 -323.444 199.539
      vertex 40.6665 -323.618 199.786
    endloop
  endfacet
  facet normal 0.405577 0.40558 0.819153
    outer loop
      vertex 49.8589 -332.811 199.786
      vertex 40.6665 -323.618 199.786
      vertex 40.4646 -323.82 199.986
    endloop
  endfacet
  facet normal 0.298842 0.298838 0.906305
    outer loop
      vertex 49.657 -333.013 199.986
      vertex 40.4646 -323.82 199.986
      vertex 40.2412 -324.044 200.133
    endloop
  endfacet
  facet normal 0.183009 0.183013 0.965927
    outer loop
      vertex 49.4335 -333.236 200.133
      vertex 40.2412 -324.044 200.133
      vertex 40.003 -324.282 200.223
    endloop
  endfacet
  facet normal 0.0616232 0.0616265 0.996195
    outer loop
      vertex 49.1954 -333.474 200.223
      vertex 40.003 -324.282 200.223
      vertex 39.7575 -324.528 200.254
    endloop
  endfacet
  facet normal 0.0616267 0.0616264 0.996195
    outer loop
      vertex 39.7575 -324.528 200.254
      vertex 48.9499 -333.72 200.254
      vertex 49.1954 -333.474 200.223
    endloop
  endfacet
  facet normal 0.183015 0.183012 0.965925
    outer loop
      vertex 40.003 -324.282 200.223
      vertex 49.1954 -333.474 200.223
      vertex 49.4335 -333.236 200.133
    endloop
  endfacet
  facet normal 0.298843 0.298838 0.906305
    outer loop
      vertex 40.2412 -324.044 200.133
      vertex 49.4335 -333.236 200.133
      vertex 49.657 -333.013 199.986
    endloop
  endfacet
  facet normal 0.405582 0.405582 0.81915
    outer loop
      vertex 40.4646 -323.82 199.986
      vertex 49.657 -333.013 199.986
      vertex 49.8589 -332.811 199.786
    endloop
  endfacet
  facet normal 0.500001 0.499998 0.707107
    outer loop
      vertex 40.6665 -323.618 199.786
      vertex 49.8589 -332.811 199.786
      vertex 50.0332 -332.637 199.539
    endloop
  endfacet
  facet normal 0.579228 0.579227 0.573577
    outer loop
      vertex 40.8408 -323.444 199.539
      vertex 50.0332 -332.637 199.539
      vertex 50.1746 -332.495 199.254
    endloop
  endfacet
  facet normal 0.640856 0.640855 0.422621
    outer loop
      vertex 40.9822 -323.303 199.254
      vertex 50.1746 -332.495 199.254
      vertex 50.2788 -332.391 198.938
    endloop
  endfacet
  facet normal 0.683011 0.683016 0.258817
    outer loop
      vertex 41.0864 -323.199 198.938
      vertex 50.2788 -332.391 198.938
      vertex 50.3426 -332.327 198.601
    endloop
  endfacet
  facet normal 0.704417 0.704415 0.0871574
    outer loop
      vertex 41.1502 -323.135 198.601
      vertex 50.3426 -332.327 198.601
      vertex 50.3641 -332.306 198.254
    endloop
  endfacet
  facet normal 1.791e-07 0 1
    outer loop
      vertex 40.111 -342.559 200.254
      vertex 48.9499 -333.72 200.254
      vertex 39.7575 -324.528 200.254
    endloop
  endfacet
  facet normal -1.791e-07 0 1
    outer loop
      vertex 39.7575 -324.528 200.254
      vertex 30.9186 -333.366 200.254
      vertex 40.111 -342.559 200.254
    endloop
  endfacet
  facet normal -0.704417 -0.704416 0.0871487
    outer loop
      vertex 29.5044 -334.781 198.254
      vertex 38.6968 -343.973 198.254
      vertex 38.7183 -343.951 198.601
    endloop
  endfacet
  facet normal -0.683014 -0.683012 0.258817
    outer loop
      vertex 29.5259 -334.759 198.601
      vertex 38.7183 -343.951 198.601
      vertex 38.7821 -343.888 198.938
    endloop
  endfacet
  facet normal -0.640863 -0.640855 0.422611
    outer loop
      vertex 29.5897 -334.695 198.938
      vertex 38.7821 -343.888 198.938
      vertex 38.8863 -343.784 199.254
    endloop
  endfacet
  facet normal -0.579225 -0.579229 0.573578
    outer loop
      vertex 29.6939 -334.591 199.254
      vertex 38.8863 -343.784 199.254
      vertex 39.0277 -343.642 199.539
    endloop
  endfacet
  facet normal -0.499998 -0.499999 0.707109
    outer loop
      vertex 29.8353 -334.45 199.539
      vertex 39.0277 -343.642 199.539
      vertex 39.202 -343.468 199.786
    endloop
  endfacet
  facet normal -0.40558 -0.405586 0.819149
    outer loop
      vertex 30.0096 -334.275 199.786
      vertex 39.202 -343.468 199.786
      vertex 39.4039 -343.266 199.986
    endloop
  endfacet
  facet normal -0.298843 -0.298838 0.906305
    outer loop
      vertex 30.2115 -334.073 199.986
      vertex 39.4039 -343.266 199.986
      vertex 39.6273 -343.042 200.133
    endloop
  endfacet
  facet normal -0.183012 -0.183011 0.965926
    outer loop
      vertex 30.4349 -333.85 200.133
      vertex 39.6273 -343.042 200.133
      vertex 39.8655 -342.804 200.223
    endloop
  endfacet
  facet normal -0.061623 -0.0616266 0.996195
    outer loop
      vertex 30.6731 -333.612 200.223
      vertex 39.8655 -342.804 200.223
      vertex 40.111 -342.559 200.254
    endloop
  endfacet
  facet normal -0.0616296 -0.0616268 0.996195
    outer loop
      vertex 40.111 -342.559 200.254
      vertex 30.9186 -333.366 200.254
      vertex 30.6731 -333.612 200.223
    endloop
  endfacet
  facet normal -0.183014 -0.183012 0.965926
    outer loop
      vertex 39.8655 -342.804 200.223
      vertex 30.6731 -333.612 200.223
      vertex 30.4349 -333.85 200.133
    endloop
  endfacet
  facet normal -0.298834 -0.298838 0.906308
    outer loop
      vertex 39.6273 -343.042 200.133
      vertex 30.4349 -333.85 200.133
      vertex 30.2115 -334.073 199.986
    endloop
  endfacet
  facet normal -0.405582 -0.405581 0.81915
    outer loop
      vertex 39.4039 -343.266 199.986
      vertex 30.2115 -334.073 199.986
      vertex 30.0096 -334.275 199.786
    endloop
  endfacet
  facet normal -0.5 -0.499994 0.707111
    outer loop
      vertex 39.202 -343.468 199.786
      vertex 30.0096 -334.275 199.786
      vertex 29.8353 -334.45 199.539
    endloop
  endfacet
  facet normal -0.579231 -0.57923 0.573572
    outer loop
      vertex 39.0277 -343.642 199.539
      vertex 29.8353 -334.45 199.539
      vertex 29.6939 -334.591 199.254
    endloop
  endfacet
  facet normal -0.640852 -0.640857 0.422624
    outer loop
      vertex 38.8863 -343.784 199.254
      vertex 29.6939 -334.591 199.254
      vertex 29.5897 -334.695 198.938
    endloop
  endfacet
  facet normal -0.683009 -0.683014 0.258826
    outer loop
      vertex 38.7821 -343.888 198.938
      vertex 29.5897 -334.695 198.938
      vertex 29.5259 -334.759 198.601
    endloop
  endfacet
  facet normal -0.704417 -0.704415 0.0871627
    outer loop
      vertex 38.7183 -343.951 198.601
      vertex 29.5259 -334.759 198.601
      vertex 29.5044 -334.781 198.254
    endloop
  endfacet
  facet normal 0.707107 -0.707106 0
    outer loop
      vertex 48.9499 -333.72 198.254
      vertex 50.1746 -332.495 199.254
      vertex 50.0332 -332.637 199.539
    endloop
  endfacet
  facet normal 0.707111 -0.707102 -1.63675e-06
    outer loop
      vertex 48.9499 -333.72 198.254
      vertex 49.8589 -332.811 199.786
      vertex 49.657 -333.013 199.986
    endloop
  endfacet
  facet normal 0.707106 -0.707107 -1.63674e-07
    outer loop
      vertex 48.9499 -333.72 198.254
      vertex 50.2788 -332.391 198.938
      vertex 50.1746 -332.495 199.254
    endloop
  endfacet
  facet normal 0.707105 -0.707108 -4.66469e-06
    outer loop
      vertex 48.9499 -333.72 198.254
      vertex 50.3641 -332.306 198.254
      vertex 50.3426 -332.327 198.601
    endloop
  endfacet
  facet normal 0.7071 -0.707114 -2.61877e-06
    outer loop
      vertex 40.111 -342.559 198.254
      vertex 39.8655 -342.804 200.223
      vertex 39.6273 -343.042 200.133
    endloop
  endfacet
  facet normal 0.707103 -0.707111 0
    outer loop
      vertex 49.657 -333.013 199.986
      vertex 49.4335 -333.236 200.133
      vertex 48.9499 -333.72 198.254
    endloop
  endfacet
  facet normal 0.707104 -0.707109 0
    outer loop
      vertex 50.3426 -332.327 198.601
      vertex 50.2788 -332.391 198.938
      vertex 48.9499 -333.72 198.254
    endloop
  endfacet
  facet normal 0.707107 -0.707107 0
    outer loop
      vertex 48.9499 -333.72 198.254
      vertex 48.9499 -333.72 189.254
      vertex 50.3641 -332.306 191.254
    endloop
  endfacet
  facet normal 0.707111 -0.707103 0
    outer loop
      vertex 39.6273 -343.042 200.133
      vertex 39.4039 -343.266 199.986
      vertex 40.111 -342.559 198.254
    endloop
  endfacet
  facet normal 0.707107 -0.707107 0
    outer loop
      vertex 40.111 -342.559 200.254
      vertex 40.111 -342.559 198.254
      vertex 48.9499 -333.72 198.254
    endloop
  endfacet
  facet normal 0.707104 -0.707109 6.54692e-07
    outer loop
      vertex 49.4335 -333.236 200.133
      vertex 49.1954 -333.474 200.223
      vertex 48.9499 -333.72 198.254
    endloop
  endfacet
  facet normal 0.707109 -0.707104 7.2017e-06
    outer loop
      vertex 40.111 -342.559 198.254
      vertex 38.7821 -343.888 198.938
      vertex 38.7183 -343.951 198.601
    endloop
  endfacet
  facet normal 0.707107 -0.707107 0
    outer loop
      vertex 50.3641 -332.306 191.254
      vertex 50.3641 -332.306 198.254
      vertex 48.9499 -333.72 198.254
    endloop
  endfacet
  facet normal 0.707116 -0.707098 0
    outer loop
      vertex 40.111 -342.559 198.254
      vertex 40.111 -342.559 200.254
      vertex 39.8655 -342.804 200.223
    endloop
  endfacet
  facet normal 0.707109 -0.707105 0
    outer loop
      vertex 49.1954 -333.474 200.223
      vertex 48.9499 -333.72 200.254
      vertex 48.9499 -333.72 198.254
    endloop
  endfacet
  facet normal 0.707099 -0.707115 -8.51106e-06
    outer loop
      vertex 40.111 -342.559 198.254
      vertex 38.8863 -343.784 199.254
      vertex 38.7821 -343.888 198.938
    endloop
  endfacet
  facet normal 0.707106 -0.707107 0
    outer loop
      vertex 40.111 -342.559 198.254
      vertex 39.202 -343.468 199.786
      vertex 39.0277 -343.642 199.539
    endloop
  endfacet
  facet normal 0.707107 -0.707106 0
    outer loop
      vertex 48.9499 -333.72 189.254
      vertex 50.3641 -332.306 189.254
      vertex 50.3641 -332.306 191.254
    endloop
  endfacet
  facet normal 0.707107 -0.707107 0
    outer loop
      vertex 48.9499 -333.72 198.254
      vertex 48.9499 -333.72 200.254
      vertex 40.111 -342.559 200.254
    endloop
  endfacet
  facet normal 0.707108 -0.707106 0
    outer loop
      vertex 40.111 -342.559 191.254
      vertex 40.111 -342.559 198.254
      vertex 38.6968 -343.973 198.254
    endloop
  endfacet
  facet normal 0.707109 -0.707104 5.23758e-06
    outer loop
      vertex 39.0277 -343.642 199.539
      vertex 38.8863 -343.784 199.254
      vertex 40.111 -342.559 198.254
    endloop
  endfacet
  facet normal 0.707109 -0.707104 0
    outer loop
      vertex 39.4039 -343.266 199.986
      vertex 39.202 -343.468 199.786
      vertex 40.111 -342.559 198.254
    endloop
  endfacet
  facet normal 0.707108 -0.707105 0
    outer loop
      vertex 38.7183 -343.951 198.601
      vertex 38.6968 -343.973 198.254
      vertex 40.111 -342.559 198.254
    endloop
  endfacet
  facet normal 0.707106 -0.707108 0
    outer loop
      vertex 38.6968 -343.973 198.254
      vertex 38.6968 -343.973 191.254
      vertex 40.111 -342.559 191.254
    endloop
  endfacet
  facet normal 0.707104 -0.707109 2.61877e-06
    outer loop
      vertex 50.0332 -332.637 199.539
      vertex 49.8589 -332.811 199.786
      vertex 48.9499 -333.72 198.254
    endloop
  endfacet
  facet normal -0.707107 -0.707107 -0
    outer loop
      vertex 29.5044 -334.781 198.254
      vertex 29.5044 -334.781 191.254
      vertex 38.6968 -343.973 191.254
    endloop
  endfacet
  facet normal -0.707107 -0.707107 -0
    outer loop
      vertex 38.6968 -343.973 191.254
      vertex 38.6968 -343.973 198.254
      vertex 29.5044 -334.781 198.254
    endloop
  endfacet
  facet normal -0.707092 0.707121 8.18353e-08
    outer loop
      vertex 39.7575 -324.528 198.254
      vertex 40.003 -324.282 200.223
      vertex 40.2412 -324.044 200.133
    endloop
  endfacet
  facet normal -0.707119 0.707095 -2.45515e-07
    outer loop
      vertex 40.2412 -324.044 200.133
      vertex 40.4646 -323.82 199.986
      vertex 39.7575 -324.528 198.254
    endloop
  endfacet
  facet normal -0.7071 0.707114 -2.61875e-06
    outer loop
      vertex 30.9186 -333.366 198.254
      vertex 30.2115 -334.073 199.986
      vertex 30.4349 -333.85 200.133
    endloop
  endfacet
  facet normal -0.707107 0.707106 -1.36054e-06
    outer loop
      vertex 39.7575 -324.528 198.254
      vertex 41.0864 -323.199 198.938
      vertex 41.1502 -323.135 198.601
    endloop
  endfacet
  facet normal -0.70711 0.707103 -5.64673e-06
    outer loop
      vertex 30.9186 -333.366 198.254
      vertex 29.5044 -334.781 198.254
      vertex 29.5259 -334.759 198.601
    endloop
  endfacet
  facet normal -0.70712 0.707093 0
    outer loop
      vertex 39.7575 -324.528 198.254
      vertex 39.7575 -324.528 200.254
      vertex 40.003 -324.282 200.223
    endloop
  endfacet
  facet normal -0.707107 0.707107 0
    outer loop
      vertex 30.9186 -333.366 200.254
      vertex 39.7575 -324.528 200.254
      vertex 39.7575 -324.528 198.254
    endloop
  endfacet
  facet normal -0.707119 0.707095 -6.54708e-07
    outer loop
      vertex 30.9186 -333.366 198.254
      vertex 30.0096 -334.275 199.786
      vertex 30.2115 -334.073 199.986
    endloop
  endfacet
  facet normal -0.707107 0.707106 -1.16619e-06
    outer loop
      vertex 39.7575 -324.528 198.254
      vertex 40.9822 -323.303 199.254
      vertex 41.0864 -323.199 198.938
    endloop
  endfacet
  facet normal -0.707114 0.7071 1.65274e-06
    outer loop
      vertex 39.7575 -324.528 198.254
      vertex 40.6665 -323.618 199.786
      vertex 40.8408 -323.444 199.539
    endloop
  endfacet
  facet normal -0.707102 0.707111 -3.92816e-06
    outer loop
      vertex 30.9186 -333.366 198.254
      vertex 29.6939 -334.591 199.254
      vertex 29.8353 -334.45 199.539
    endloop
  endfacet
  facet normal -0.707104 0.707109 5.23758e-06
    outer loop
      vertex 29.5259 -334.759 198.601
      vertex 29.5897 -334.695 198.938
      vertex 30.9186 -333.366 198.254
    endloop
  endfacet
  facet normal -0.707106 0.707107 0
    outer loop
      vertex 39.7575 -324.528 198.254
      vertex 30.9186 -333.366 198.254
      vertex 30.9186 -333.366 200.254
    endloop
  endfacet
  facet normal -0.707114 0.7071 1.3094e-06
    outer loop
      vertex 30.4349 -333.85 200.133
      vertex 30.6731 -333.612 200.223
      vertex 30.9186 -333.366 198.254
    endloop
  endfacet
  facet normal -0.707107 0.707106 0
    outer loop
      vertex 41.1717 -323.113 198.254
      vertex 41.1717 -323.113 191.254
      vertex 39.8427 -324.442 191.254
    endloop
  endfacet
  facet normal -0.707107 0.707107 1.06387e-06
    outer loop
      vertex 40.8408 -323.444 199.539
      vertex 40.9822 -323.303 199.254
      vertex 39.7575 -324.528 198.254
    endloop
  endfacet
  facet normal -0.707112 0.707102 0
    outer loop
      vertex 29.5897 -334.695 198.938
      vertex 29.6939 -334.591 199.254
      vertex 30.9186 -333.366 198.254
    endloop
  endfacet
  facet normal -0.707105 0.707108 0
    outer loop
      vertex 30.9186 -333.366 198.254
      vertex 30.9186 -333.366 189.254
      vertex 29.5044 -334.781 191.254
    endloop
  endfacet
  facet normal -0.707102 0.707111 0
    outer loop
      vertex 30.6731 -333.612 200.223
      vertex 30.9186 -333.366 200.254
      vertex 30.9186 -333.366 198.254
    endloop
  endfacet
  facet normal -0.707103 0.707111 -4.82838e-06
    outer loop
      vertex 41.1502 -323.135 198.601
      vertex 41.1717 -323.113 198.254
      vertex 39.7575 -324.528 198.254
    endloop
  endfacet
  facet normal -0.707109 0.707105 0
    outer loop
      vertex 29.5044 -334.781 191.254
      vertex 29.5044 -334.781 198.254
      vertex 30.9186 -333.366 198.254
    endloop
  endfacet
  facet normal -0.70711 0.707104 0
    outer loop
      vertex 39.7575 -324.528 189.254
      vertex 39.7575 -324.528 198.254
      vertex 39.8427 -324.442 191.254
    endloop
  endfacet
  facet normal -0.707106 0.707108 5.27831e-08
    outer loop
      vertex 39.8427 -324.442 191.254
      vertex 39.7575 -324.528 198.254
      vertex 41.1717 -323.113 198.254
    endloop
  endfacet
  facet normal -0.707107 0.707107 0
    outer loop
      vertex 30.9186 -333.366 189.254
      vertex 29.5044 -334.781 189.254
      vertex 29.5044 -334.781 191.254
    endloop
  endfacet
  facet normal -0.707099 0.707115 -1.30937e-06
    outer loop
      vertex 40.4646 -323.82 199.986
      vertex 40.6665 -323.618 199.786
      vertex 39.7575 -324.528 198.254
    endloop
  endfacet
  facet normal -0.707107 0.707107 0
    outer loop
      vertex 39.8427 -324.442 191.254
      vertex 39.8427 -324.442 189.254
      vertex 39.7575 -324.528 189.254
    endloop
  endfacet
  facet normal -0.707104 0.707109 2.61877e-06
    outer loop
      vertex 29.8353 -334.45 199.539
      vertex 30.0096 -334.275 199.786
      vertex 30.9186 -333.366 198.254
    endloop
  endfacet
  facet normal 0.707106 0.707107 0
    outer loop
      vertex 30.9186 -333.366 198.254
      vertex 40.111 -342.559 198.254
      vertex 40.111 -342.559 191.254
    endloop
  endfacet
  facet normal 0.707107 0.707106 0
    outer loop
      vertex 40.111 -342.559 191.254
      vertex 30.9186 -333.366 189.254
      vertex 30.9186 -333.366 198.254
    endloop
  endfacet
  facet normal 0.707107 0.707107 0
    outer loop
      vertex 40.111 -342.559 191.254
      vertex 40.111 -342.559 189.254
      vertex 30.9186 -333.366 189.254
    endloop
  endfacet
  facet normal 0.999976 0.0068933 0
    outer loop
      vertex 40.111 -342.559 191.254
      vertex 40.1411 -346.922 191.254
      vertex 40.1411 -346.922 189.254
    endloop
  endfacet
  facet normal 0.999976 0.0068933 0
    outer loop
      vertex 40.1411 -346.922 189.254
      vertex 40.111 -342.559 189.254
      vertex 40.111 -342.559 191.254
    endloop
  endfacet
  facet normal 0.997157 -0.075348 0
    outer loop
      vertex 40.1411 -346.922 189.254
      vertex 40.1411 -346.922 191.254
      vertex 40.1039 -347.414 191.254
    endloop
  endfacet
  facet normal 0.971335 -0.237713 0
    outer loop
      vertex 40.1039 -347.414 189.254
      vertex 40.1039 -347.414 191.254
      vertex 39.9867 -347.893 191.254
    endloop
  endfacet
  facet normal 0.919256 -0.39366 0
    outer loop
      vertex 39.9867 -347.893 189.254
      vertex 39.9867 -347.893 191.254
      vertex 39.7925 -348.347 191.254
    endloop
  endfacet
  facet normal 0.842331 -0.538961 0
    outer loop
      vertex 39.7925 -348.347 189.254
      vertex 39.7925 -348.347 191.254
      vertex 39.5267 -348.762 191.254
    endloop
  endfacet
  facet normal 0.742621 -0.669712 0
    outer loop
      vertex 39.5267 -348.762 189.254
      vertex 39.5267 -348.762 191.254
      vertex 39.1963 -349.128 191.254
    endloop
  endfacet
  facet normal 0.622843 -0.782347 0
    outer loop
      vertex 39.1963 -349.128 189.254
      vertex 39.1963 -349.128 191.254
      vertex 38.8104 -349.436 191.254
    endloop
  endfacet
  facet normal 0.486235 -0.873828 0
    outer loop
      vertex 38.8104 -349.436 189.254
      vertex 38.8104 -349.436 191.254
      vertex 38.3794 -349.675 191.254
    endloop
  endfacet
  facet normal 0.336469 -0.941695 0
    outer loop
      vertex 38.3794 -349.675 189.254
      vertex 38.3794 -349.675 191.254
      vertex 37.9149 -349.841 191.254
    endloop
  endfacet
  facet normal 0.177618 -0.9841 0
    outer loop
      vertex 37.9149 -349.841 189.254
      vertex 37.9149 -349.841 191.254
      vertex 37.4295 -349.929 191.254
    endloop
  endfacet
  facet normal 0.0139609 -0.999903 0
    outer loop
      vertex 37.4295 -349.929 189.254
      vertex 37.4295 -349.929 191.254
      vertex 36.9363 -349.936 191.254
    endloop
  endfacet
  facet normal -0.150069 -0.988675 -0
    outer loop
      vertex 36.9363 -349.936 189.254
      vertex 36.9363 -349.936 191.254
      vertex 36.4487 -349.862 191.254
    endloop
  endfacet
  facet normal -0.310047 -0.950721 -0
    outer loop
      vertex 36.4487 -349.862 189.254
      vertex 36.4487 -349.862 191.254
      vertex 35.9797 -349.709 191.254
    endloop
  endfacet
  facet normal -0.461643 -0.887066 -0
    outer loop
      vertex 35.9797 -349.709 189.254
      vertex 35.9797 -349.709 191.254
      vertex 35.5422 -349.481 191.254
    endloop
  endfacet
  facet normal -0.600755 -0.799433 -0
    outer loop
      vertex 35.5422 -349.481 189.254
      vertex 35.5422 -349.481 191.254
      vertex 35.1478 -349.185 191.254
    endloop
  endfacet
  facet normal -0.723633 -0.690185 -0
    outer loop
      vertex 35.1478 -349.185 189.254
      vertex 35.1478 -349.185 191.254
      vertex 34.8074 -348.828 191.254
    endloop
  endfacet
  facet normal -0.82694 -0.562291 -0
    outer loop
      vertex 34.8074 -348.828 189.254
      vertex 34.8074 -348.828 191.254
      vertex 34.5301 -348.42 191.254
    endloop
  endfacet
  facet normal -0.907903 -0.419179 -0
    outer loop
      vertex 34.5301 -348.42 189.254
      vertex 34.5301 -348.42 191.254
      vertex 34.3233 -347.972 191.254
    endloop
  endfacet
  facet normal -0.907903 -0.419179 -0
    outer loop
      vertex 34.3233 -347.972 191.254
      vertex 34.3233 -347.972 189.254
      vertex 34.5301 -348.42 189.254
    endloop
  endfacet
  facet normal -0.826946 -0.562281 -0
    outer loop
      vertex 34.5301 -348.42 191.254
      vertex 34.5301 -348.42 189.254
      vertex 34.8074 -348.828 189.254
    endloop
  endfacet
  facet normal -0.72364 -0.690177 -0
    outer loop
      vertex 34.8074 -348.828 191.254
      vertex 34.8074 -348.828 189.254
      vertex 35.1478 -349.185 189.254
    endloop
  endfacet
  facet normal -0.600755 -0.799433 -0
    outer loop
      vertex 35.1478 -349.185 191.254
      vertex 35.1478 -349.185 189.254
      vertex 35.5422 -349.481 189.254
    endloop
  endfacet
  facet normal -0.461643 -0.887066 -0
    outer loop
      vertex 35.5422 -349.481 191.254
      vertex 35.5422 -349.481 189.254
      vertex 35.9797 -349.709 189.254
    endloop
  endfacet
  facet normal -0.310043 -0.950723 -0
    outer loop
      vertex 35.9797 -349.709 191.254
      vertex 35.9797 -349.709 189.254
      vertex 36.4487 -349.862 189.254
    endloop
  endfacet
  facet normal -0.150069 -0.988676 -0
    outer loop
      vertex 36.4487 -349.862 191.254
      vertex 36.4487 -349.862 189.254
      vertex 36.9363 -349.936 189.254
    endloop
  endfacet
  facet normal 0.0139607 -0.999903 0
    outer loop
      vertex 36.9363 -349.936 191.254
      vertex 36.9363 -349.936 189.254
      vertex 37.4295 -349.929 189.254
    endloop
  endfacet
  facet normal 0.177623 -0.984099 0
    outer loop
      vertex 37.4295 -349.929 191.254
      vertex 37.4295 -349.929 189.254
      vertex 37.9149 -349.841 189.254
    endloop
  endfacet
  facet normal 0.336473 -0.941693 0
    outer loop
      vertex 37.9149 -349.841 191.254
      vertex 37.9149 -349.841 189.254
      vertex 38.3794 -349.675 189.254
    endloop
  endfacet
  facet normal 0.486236 -0.873828 0
    outer loop
      vertex 38.3794 -349.675 191.254
      vertex 38.3794 -349.675 189.254
      vertex 38.8104 -349.436 189.254
    endloop
  endfacet
  facet normal 0.62285 -0.782341 0
    outer loop
      vertex 38.8104 -349.436 191.254
      vertex 38.8104 -349.436 189.254
      vertex 39.1963 -349.128 189.254
    endloop
  endfacet
  facet normal 0.742614 -0.66972 0
    outer loop
      vertex 39.1963 -349.128 191.254
      vertex 39.1963 -349.128 189.254
      vertex 39.5267 -348.762 189.254
    endloop
  endfacet
  facet normal 0.842324 -0.538972 0
    outer loop
      vertex 39.5267 -348.762 191.254
      vertex 39.5267 -348.762 189.254
      vertex 39.7925 -348.347 189.254
    endloop
  endfacet
  facet normal 0.91925 -0.393673 0
    outer loop
      vertex 39.7925 -348.347 191.254
      vertex 39.7925 -348.347 189.254
      vertex 39.9867 -347.893 189.254
    endloop
  endfacet
  facet normal 0.971335 -0.237713 0
    outer loop
      vertex 39.9867 -347.893 191.254
      vertex 39.9867 -347.893 189.254
      vertex 40.1039 -347.414 189.254
    endloop
  endfacet
  facet normal 0.997159 -0.0753187 0
    outer loop
      vertex 40.1039 -347.414 191.254
      vertex 40.1039 -347.414 189.254
      vertex 40.1411 -346.922 189.254
    endloop
  endfacet
  facet normal -0.939291 -0.343122 -0
    outer loop
      vertex 34.3233 -347.972 191.254
      vertex 29.5044 -334.781 191.254
      vertex 29.5044 -334.781 189.254
    endloop
  endfacet
  facet normal -0.939291 -0.343122 -0
    outer loop
      vertex 29.5044 -334.781 189.254
      vertex 34.3233 -347.972 189.254
      vertex 34.3233 -347.972 191.254
    endloop
  endfacet
  facet normal 2.47863e-07 0 -1
    outer loop
      vertex 40.111 -342.559 189.254
      vertex 37.5682 -345.349 189.254
      vertex 37.285 -345.299 189.254
    endloop
  endfacet
  facet normal 6.79224e-07 0 -1
    outer loop
      vertex 40.111 -342.559 189.254
      vertex 37.8385 -345.447 189.254
      vertex 37.5682 -345.349 189.254
    endloop
  endfacet
  facet normal -0 -0 -1
    outer loop
      vertex 36.4439 -345.447 189.254
      vertex 36.1948 -345.591 189.254
      vertex 29.5044 -334.781 189.254
    endloop
  endfacet
  facet normal 2.84393e-07 0 -1
    outer loop
      vertex 37.285 -345.299 189.254
      vertex 30.9186 -333.366 189.254
      vertex 40.111 -342.559 189.254
    endloop
  endfacet
  facet normal -3.04469e-06 -0 -1
    outer loop
      vertex 30.9186 -333.366 189.254
      vertex 36.7141 -345.349 189.254
      vertex 36.4439 -345.447 189.254
    endloop
  endfacet
  facet normal -0 -0 -1
    outer loop
      vertex 37.285 -345.299 189.254
      vertex 36.9974 -345.299 189.254
      vertex 30.9186 -333.366 189.254
    endloop
  endfacet
  facet normal -2.61797e-06 -0 -1
    outer loop
      vertex 40.111 -342.559 189.254
      vertex 38.3079 -345.776 189.254
      vertex 38.0876 -345.591 189.254
    endloop
  endfacet
  facet normal -3.04031e-06 -0 -1
    outer loop
      vertex 40.111 -342.559 189.254
      vertex 38.6366 -346.245 189.254
      vertex 38.4928 -345.996 189.254
    endloop
  endfacet
  facet normal 1.33722e-06 0 -1
    outer loop
      vertex 40.1411 -346.922 189.254
      vertex 38.735 -346.516 189.254
      vertex 38.6366 -346.245 189.254
    endloop
  endfacet
  facet normal -0 -0 -1
    outer loop
      vertex 39.9867 -347.893 189.254
      vertex 39.7925 -348.347 189.254
      vertex 38.6366 -347.64 189.254
    endloop
  endfacet
  facet normal -2.74943e-06 -0 -1
    outer loop
      vertex 39.7925 -348.347 189.254
      vertex 39.5267 -348.762 189.254
      vertex 38.4928 -347.889 189.254
    endloop
  endfacet
  facet normal 7.53979e-07 0 -1
    outer loop
      vertex 29.5044 -334.781 189.254
      vertex 36.1948 -345.591 189.254
      vertex 35.9744 -345.776 189.254
    endloop
  endfacet
  facet normal -0 -0 -1
    outer loop
      vertex 36.9974 -345.299 189.254
      vertex 36.7141 -345.349 189.254
      vertex 30.9186 -333.366 189.254
    endloop
  endfacet
  facet normal -0 -0 -1
    outer loop
      vertex 38.4928 -345.996 189.254
      vertex 38.3079 -345.776 189.254
      vertex 40.111 -342.559 189.254
    endloop
  endfacet
  facet normal -0 -0 -1
    outer loop
      vertex 40.1411 -346.922 189.254
      vertex 38.7849 -346.799 189.254
      vertex 38.735 -346.516 189.254
    endloop
  endfacet
  facet normal -0 -0 -1
    outer loop
      vertex 40.1411 -346.922 189.254
      vertex 40.1039 -347.414 189.254
      vertex 38.7849 -347.087 189.254
    endloop
  endfacet
  facet normal -0 -0 -1
    outer loop
      vertex 40.1039 -347.414 189.254
      vertex 39.9867 -347.893 189.254
      vertex 38.735 -347.37 189.254
    endloop
  endfacet
  facet normal -0 -0 -1
    outer loop
      vertex 38.4928 -347.889 189.254
      vertex 38.6366 -347.64 189.254
      vertex 39.7925 -348.347 189.254
    endloop
  endfacet
  facet normal -0 -0 -1
    outer loop
      vertex 39.5267 -348.762 189.254
      vertex 39.1963 -349.128 189.254
      vertex 38.3079 -348.11 189.254
    endloop
  endfacet
  facet normal -0 -0 -1
    outer loop
      vertex 29.5044 -334.781 189.254
      vertex 30.9186 -333.366 189.254
      vertex 36.4439 -345.447 189.254
    endloop
  endfacet
  facet normal -0 -0 -1
    outer loop
      vertex 38.6366 -346.245 189.254
      vertex 40.111 -342.559 189.254
      vertex 40.1411 -346.922 189.254
    endloop
  endfacet
  facet normal -0 -0 -1
    outer loop
      vertex 38.735 -347.37 189.254
      vertex 38.7849 -347.087 189.254
      vertex 40.1039 -347.414 189.254
    endloop
  endfacet
  facet normal 4.67438e-06 0 -1
    outer loop
      vertex 38.3079 -348.11 189.254
      vertex 38.4928 -347.889 189.254
      vertex 39.5267 -348.762 189.254
    endloop
  endfacet
  facet normal -0 -0 -1
    outer loop
      vertex 38.3794 -349.675 189.254
      vertex 37.9149 -349.841 189.254
      vertex 37.5682 -348.537 189.254
    endloop
  endfacet
  facet normal 5.86854e-07 0 -1
    outer loop
      vertex 37.4295 -349.929 189.254
      vertex 37.285 -348.587 189.254
      vertex 37.5682 -348.537 189.254
    endloop
  endfacet
  facet normal -0 -0 -1
    outer loop
      vertex 36.9363 -349.936 189.254
      vertex 36.9974 -348.587 189.254
      vertex 37.285 -348.587 189.254
    endloop
  endfacet
  facet normal -5.8509e-07 -0 -1
    outer loop
      vertex 36.4487 -349.862 189.254
      vertex 36.7141 -348.537 189.254
      vertex 36.9974 -348.587 189.254
    endloop
  endfacet
  facet normal -1.75322e-06 -0 -1
    outer loop
      vertex 35.9797 -349.709 189.254
      vertex 36.4439 -348.438 189.254
      vertex 36.7141 -348.537 189.254
    endloop
  endfacet
  facet normal -0 -0 -1
    outer loop
      vertex 35.5422 -349.481 189.254
      vertex 36.1948 -348.294 189.254
      vertex 36.4439 -348.438 189.254
    endloop
  endfacet
  facet normal -0 -0 -1
    outer loop
      vertex 38.0876 -345.591 189.254
      vertex 37.8385 -345.447 189.254
      vertex 40.111 -342.559 189.254
    endloop
  endfacet
  facet normal -0 -0 -1
    outer loop
      vertex 38.6366 -347.64 189.254
      vertex 38.735 -347.37 189.254
      vertex 39.9867 -347.893 189.254
    endloop
  endfacet
  facet normal 2.74597e-06 0 -1
    outer loop
      vertex 39.1963 -349.128 189.254
      vertex 38.8104 -349.436 189.254
      vertex 38.0876 -348.294 189.254
    endloop
  endfacet
  facet normal -2.74376e-06 -0 -1
    outer loop
      vertex 38.8104 -349.436 189.254
      vertex 38.3794 -349.675 189.254
      vertex 37.8385 -348.438 189.254
    endloop
  endfacet
  facet normal 5.13879e-07 0 -1
    outer loop
      vertex 37.5682 -348.537 189.254
      vertex 37.9149 -349.841 189.254
      vertex 37.4295 -349.929 189.254
    endloop
  endfacet
  facet normal 1.20119e-06 0 -1
    outer loop
      vertex 36.9974 -348.587 189.254
      vertex 36.9363 -349.936 189.254
      vertex 36.4487 -349.862 189.254
    endloop
  endfacet
  facet normal 6.87293e-07 0 -1
    outer loop
      vertex 36.4439 -348.438 189.254
      vertex 35.9797 -349.709 189.254
      vertex 35.5422 -349.481 189.254
    endloop
  endfacet
  facet normal -2.33362e-06 -0 -1
    outer loop
      vertex 35.1478 -349.185 189.254
      vertex 35.9744 -348.11 189.254
      vertex 36.1948 -348.294 189.254
    endloop
  endfacet
  facet normal -0 -0 -1
    outer loop
      vertex 34.3233 -347.972 189.254
      vertex 35.5474 -347.37 189.254
      vertex 35.6458 -347.64 189.254
    endloop
  endfacet
  facet normal 5.82914e-07 0 -1
    outer loop
      vertex 38.7849 -347.087 189.254
      vertex 38.7849 -346.799 189.254
      vertex 40.1411 -346.922 189.254
    endloop
  endfacet
  facet normal -0 -0 -1
    outer loop
      vertex 37.8385 -348.438 189.254
      vertex 38.0876 -348.294 189.254
      vertex 38.8104 -349.436 189.254
    endloop
  endfacet
  facet normal -8.35848e-07 -0 -1
    outer loop
      vertex 37.285 -348.587 189.254
      vertex 37.4295 -349.929 189.254
      vertex 36.9363 -349.936 189.254
    endloop
  endfacet
  facet normal -0 -0 -1
    outer loop
      vertex 36.1948 -348.294 189.254
      vertex 35.5422 -349.481 189.254
      vertex 35.1478 -349.185 189.254
    endloop
  endfacet
  facet normal -2.33247e-06 -0 -1
    outer loop
      vertex 34.8074 -348.828 189.254
      vertex 35.7896 -347.889 189.254
      vertex 35.9744 -348.11 189.254
    endloop
  endfacet
  facet normal -2.33174e-06 -0 -1
    outer loop
      vertex 34.5301 -348.42 189.254
      vertex 35.6458 -347.64 189.254
      vertex 35.7896 -347.889 189.254
    endloop
  endfacet
  facet normal 1.20687e-06 0 -1
    outer loop
      vertex 34.3233 -347.972 189.254
      vertex 35.4975 -347.087 189.254
      vertex 35.5474 -347.37 189.254
    endloop
  endfacet
  facet normal -0 -0 -1
    outer loop
      vertex 38.0876 -348.294 189.254
      vertex 38.3079 -348.11 189.254
      vertex 39.1963 -349.128 189.254
    endloop
  endfacet
  facet normal -6.86887e-07 -0 -1
    outer loop
      vertex 36.7141 -348.537 189.254
      vertex 36.4487 -349.862 189.254
      vertex 35.9797 -349.709 189.254
    endloop
  endfacet
  facet normal -0 -0 -1
    outer loop
      vertex 35.7896 -347.889 189.254
      vertex 34.8074 -348.828 189.254
      vertex 34.5301 -348.42 189.254
    endloop
  endfacet
  facet normal -0 -0 -1
    outer loop
      vertex 34.3233 -347.972 189.254
      vertex 35.4975 -346.799 189.254
      vertex 35.4975 -347.087 189.254
    endloop
  endfacet
  facet normal -0 -0 -1
    outer loop
      vertex 37.5682 -348.537 189.254
      vertex 37.8385 -348.438 189.254
      vertex 38.3794 -349.675 189.254
    endloop
  endfacet
  facet normal 1.37616e-06 0 -1
    outer loop
      vertex 35.6458 -347.64 189.254
      vertex 34.5301 -348.42 189.254
      vertex 34.3233 -347.972 189.254
    endloop
  endfacet
  facet normal 8.58437e-07 0 -1
    outer loop
      vertex 29.5044 -334.781 189.254
      vertex 35.7896 -345.996 189.254
      vertex 35.6458 -346.245 189.254
    endloop
  endfacet
  facet normal 1.37572e-06 0 -1
    outer loop
      vertex 35.9744 -348.11 189.254
      vertex 35.1478 -349.185 189.254
      vertex 34.8074 -348.828 189.254
    endloop
  endfacet
  facet normal -2.57283e-06 -0 -1
    outer loop
      vertex 29.5044 -334.781 189.254
      vertex 35.5474 -346.516 189.254
      vertex 35.4975 -346.799 189.254
    endloop
  endfacet
  facet normal -0 -0 -1
    outer loop
      vertex 35.9744 -345.776 189.254
      vertex 35.7896 -345.996 189.254
      vertex 29.5044 -334.781 189.254
    endloop
  endfacet
  facet normal -0 -0 -1
    outer loop
      vertex 35.6458 -346.245 189.254
      vertex 35.5474 -346.516 189.254
      vertex 29.5044 -334.781 189.254
    endloop
  endfacet
  facet normal -0 -0 -1
    outer loop
      vertex 35.4975 -346.799 189.254
      vertex 34.3233 -347.972 189.254
      vertex 29.5044 -334.781 189.254
    endloop
  endfacet
  facet normal 0 0 1
    outer loop
      vertex 36.4487 -349.862 191.254
      vertex 36.9363 -349.936 191.254
      vertex 36.9974 -348.587 191.254
    endloop
  endfacet
  facet normal 0 0 1
    outer loop
      vertex 36.9363 -349.936 191.254
      vertex 37.4295 -349.929 191.254
      vertex 37.285 -348.587 191.254
    endloop
  endfacet
  facet normal 0 0 1
    outer loop
      vertex 35.1478 -349.185 191.254
      vertex 35.5422 -349.481 191.254
      vertex 36.1948 -348.294 191.254
    endloop
  endfacet
  facet normal 0 0 1
    outer loop
      vertex 35.5422 -349.481 191.254
      vertex 35.9797 -349.709 191.254
      vertex 36.4439 -348.438 191.254
    endloop
  endfacet
  facet normal 0 0 1
    outer loop
      vertex 35.9797 -349.709 191.254
      vertex 36.4487 -349.862 191.254
      vertex 36.7141 -348.537 191.254
    endloop
  endfacet
  facet normal 0 0 1
    outer loop
      vertex 37.285 -348.587 191.254
      vertex 36.9974 -348.587 191.254
      vertex 36.9363 -349.936 191.254
    endloop
  endfacet
  facet normal -5.85752e-07 0 1
    outer loop
      vertex 38.8104 -349.436 191.254
      vertex 38.0876 -348.294 191.254
      vertex 37.8385 -348.438 191.254
    endloop
  endfacet
  facet normal -1.16991e-06 0 1
    outer loop
      vertex 39.1963 -349.128 191.254
      vertex 38.3079 -348.11 191.254
      vertex 38.0876 -348.294 191.254
    endloop
  endfacet
  facet normal 1.16859e-06 0 1
    outer loop
      vertex 39.5267 -348.762 191.254
      vertex 38.4928 -347.889 191.254
      vertex 38.3079 -348.11 191.254
    endloop
  endfacet
  facet normal 1.1675e-06 0 1
    outer loop
      vertex 39.7925 -348.347 191.254
      vertex 38.6366 -347.64 191.254
      vertex 38.4928 -347.889 191.254
    endloop
  endfacet
  facet normal 1.16612e-06 0 1
    outer loop
      vertex 40.1039 -347.414 191.254
      vertex 38.7849 -347.087 191.254
      vertex 38.735 -347.37 191.254
    endloop
  endfacet
  facet normal 0 0 1
    outer loop
      vertex 40.1411 -346.922 191.254
      vertex 38.7849 -346.799 191.254
      vertex 38.7849 -347.087 191.254
    endloop
  endfacet
  facet normal 0 0 1
    outer loop
      vertex 34.3233 -347.972 191.254
      vertex 34.5301 -348.42 191.254
      vertex 35.6458 -347.64 191.254
    endloop
  endfacet
  facet normal 0 0 1
    outer loop
      vertex 36.4439 -348.438 191.254
      vertex 36.1948 -348.294 191.254
      vertex 35.5422 -349.481 191.254
    endloop
  endfacet
  facet normal 0 0 1
    outer loop
      vertex 36.9974 -348.587 191.254
      vertex 36.7141 -348.537 191.254
      vertex 36.4487 -349.862 191.254
    endloop
  endfacet
  facet normal 0 0 1
    outer loop
      vertex 37.4295 -349.929 191.254
      vertex 37.9149 -349.841 191.254
      vertex 37.5682 -348.537 191.254
    endloop
  endfacet
  facet normal -2.34667e-06 0 1
    outer loop
      vertex 38.3794 -349.675 191.254
      vertex 37.8385 -348.438 191.254
      vertex 37.5682 -348.537 191.254
    endloop
  endfacet
  facet normal 0 0 1
    outer loop
      vertex 38.0876 -348.294 191.254
      vertex 38.8104 -349.436 191.254
      vertex 39.1963 -349.128 191.254
    endloop
  endfacet
  facet normal 0 0 1
    outer loop
      vertex 38.4928 -347.889 191.254
      vertex 39.5267 -348.762 191.254
      vertex 39.7925 -348.347 191.254
    endloop
  endfacet
  facet normal 1.16667e-06 0 1
    outer loop
      vertex 39.9867 -347.893 191.254
      vertex 38.735 -347.37 191.254
      vertex 38.6366 -347.64 191.254
    endloop
  endfacet
  facet normal -1.37606e-06 0 1
    outer loop
      vertex 38.7849 -347.087 191.254
      vertex 40.1039 -347.414 191.254
      vertex 40.1411 -346.922 191.254
    endloop
  endfacet
  facet normal 1.03229e-06 0 1
    outer loop
      vertex 40.1411 -346.922 191.254
      vertex 38.6968 -343.973 191.254
      vertex 38.4928 -345.996 191.254
    endloop
  endfacet
  facet normal -1.88328e-06 0 1
    outer loop
      vertex 38.6968 -343.973 191.254
      vertex 37.5682 -345.349 191.254
      vertex 37.8385 -345.447 191.254
    endloop
  endfacet
  facet normal 0 0 1
    outer loop
      vertex 38.6968 -343.973 191.254
      vertex 36.9974 -345.299 191.254
      vertex 37.285 -345.299 191.254
    endloop
  endfacet
  facet normal 0 0 1
    outer loop
      vertex 35.6458 -347.64 191.254
      vertex 35.5474 -347.37 191.254
      vertex 34.3233 -347.972 191.254
    endloop
  endfacet
  facet normal 0 0 1
    outer loop
      vertex 34.5301 -348.42 191.254
      vertex 34.8074 -348.828 191.254
      vertex 35.7896 -347.889 191.254
    endloop
  endfacet
  facet normal 0 0 1
    outer loop
      vertex 36.7141 -348.537 191.254
      vertex 36.4439 -348.438 191.254
      vertex 35.9797 -349.709 191.254
    endloop
  endfacet
  facet normal 2.7412e-06 0 1
    outer loop
      vertex 37.5682 -348.537 191.254
      vertex 37.9149 -349.841 191.254
      vertex 38.3794 -349.675 191.254
    endloop
  endfacet
  facet normal 0 0 1
    outer loop
      vertex 38.3079 -348.11 191.254
      vertex 39.1963 -349.128 191.254
      vertex 39.5267 -348.762 191.254
    endloop
  endfacet
  facet normal 0 0 1
    outer loop
      vertex 38.735 -347.37 191.254
      vertex 39.9867 -347.893 191.254
      vertex 40.1039 -347.414 191.254
    endloop
  endfacet
  facet normal 0 0 1
    outer loop
      vertex 38.4928 -345.996 191.254
      vertex 38.6366 -346.245 191.254
      vertex 40.1411 -346.922 191.254
    endloop
  endfacet
  facet normal -9.69255e-07 0 1
    outer loop
      vertex 38.6968 -343.973 191.254
      vertex 38.0876 -345.591 191.254
      vertex 38.3079 -345.776 191.254
    endloop
  endfacet
  facet normal 0 0 1
    outer loop
      vertex 37.285 -345.299 191.254
      vertex 37.5682 -345.349 191.254
      vertex 38.6968 -343.973 191.254
    endloop
  endfacet
  facet normal 5.14239e-06 0 1
    outer loop
      vertex 38.6968 -343.973 191.254
      vertex 36.4439 -345.447 191.254
      vertex 36.7141 -345.349 191.254
    endloop
  endfacet
  facet normal 8.60354e-08 0 1
    outer loop
      vertex 29.5044 -334.781 191.254
      vertex 34.3233 -347.972 191.254
      vertex 35.4975 -346.799 191.254
    endloop
  endfacet
  facet normal 0 0 1
    outer loop
      vertex 35.7896 -347.889 191.254
      vertex 35.6458 -347.64 191.254
      vertex 34.5301 -348.42 191.254
    endloop
  endfacet
  facet normal -2.75143e-06 0 1
    outer loop
      vertex 34.8074 -348.828 191.254
      vertex 35.1478 -349.185 191.254
      vertex 35.9744 -348.11 191.254
    endloop
  endfacet
  facet normal 0 0 1
    outer loop
      vertex 37.5682 -348.537 191.254
      vertex 37.285 -348.587 191.254
      vertex 37.4295 -349.929 191.254
    endloop
  endfacet
  facet normal -1.37535e-06 0 1
    outer loop
      vertex 38.6366 -347.64 191.254
      vertex 39.7925 -348.347 191.254
      vertex 39.9867 -347.893 191.254
    endloop
  endfacet
  facet normal 0 0 1
    outer loop
      vertex 38.3079 -345.776 191.254
      vertex 38.4928 -345.996 191.254
      vertex 38.6968 -343.973 191.254
    endloop
  endfacet
  facet normal 0 0 1
    outer loop
      vertex 36.7141 -345.349 191.254
      vertex 36.9974 -345.299 191.254
      vertex 38.6968 -343.973 191.254
    endloop
  endfacet
  facet normal 5.7096e-06 0 1
    outer loop
      vertex 29.5044 -334.781 191.254
      vertex 35.5474 -346.516 191.254
      vertex 35.6458 -346.245 191.254
    endloop
  endfacet
  facet normal 1.34658e-06 0 1
    outer loop
      vertex 34.3233 -347.972 191.254
      vertex 35.4975 -347.087 191.254
      vertex 35.4975 -346.799 191.254
    endloop
  endfacet
  facet normal 0 0 1
    outer loop
      vertex 35.9744 -348.11 191.254
      vertex 35.7896 -347.889 191.254
      vertex 34.8074 -348.828 191.254
    endloop
  endfacet
  facet normal -6.85941e-07 0 1
    outer loop
      vertex 37.8385 -348.438 191.254
      vertex 38.3794 -349.675 191.254
      vertex 38.8104 -349.436 191.254
    endloop
  endfacet
  facet normal 0 0 1
    outer loop
      vertex 37.8385 -345.447 191.254
      vertex 38.0876 -345.591 191.254
      vertex 38.6968 -343.973 191.254
    endloop
  endfacet
  facet normal -4.90087e-06 0 1
    outer loop
      vertex 29.5044 -334.781 191.254
      vertex 35.9744 -345.776 191.254
      vertex 36.1948 -345.591 191.254
    endloop
  endfacet
  facet normal 0 0 1
    outer loop
      vertex 35.4975 -346.799 191.254
      vertex 35.5474 -346.516 191.254
      vertex 29.5044 -334.781 191.254
    endloop
  endfacet
  facet normal 0 0 1
    outer loop
      vertex 36.1948 -348.294 191.254
      vertex 35.9744 -348.11 191.254
      vertex 35.1478 -349.185 191.254
    endloop
  endfacet
  facet normal 5.25519e-06 0 1
    outer loop
      vertex 38.6968 -343.973 191.254
      vertex 36.1948 -345.591 191.254
      vertex 36.4439 -345.447 191.254
    endloop
  endfacet
  facet normal 2.49842e-06 0 1
    outer loop
      vertex 29.5044 -334.781 191.254
      vertex 35.7896 -345.996 191.254
      vertex 35.9744 -345.776 191.254
    endloop
  endfacet
  facet normal 0 0 1
    outer loop
      vertex 35.5474 -347.37 191.254
      vertex 35.4975 -347.087 191.254
      vertex 34.3233 -347.972 191.254
    endloop
  endfacet
  facet normal -2.67443e-06 0 1
    outer loop
      vertex 38.6366 -346.245 191.254
      vertex 38.735 -346.516 191.254
      vertex 40.1411 -346.922 191.254
    endloop
  endfacet
  facet normal 0 0 1
    outer loop
      vertex 35.6458 -346.245 191.254
      vertex 35.7896 -345.996 191.254
      vertex 29.5044 -334.781 191.254
    endloop
  endfacet
  facet normal 0 0 1
    outer loop
      vertex 40.1411 -346.922 191.254
      vertex 40.111 -342.559 191.254
      vertex 38.6968 -343.973 191.254
    endloop
  endfacet
  facet normal 0 0 1
    outer loop
      vertex 38.735 -346.516 191.254
      vertex 38.7849 -346.799 191.254
      vertex 40.1411 -346.922 191.254
    endloop
  endfacet
  facet normal 0 0 1
    outer loop
      vertex 36.1948 -345.591 191.254
      vertex 38.6968 -343.973 191.254
      vertex 29.5044 -334.781 191.254
    endloop
  endfacet
  facet normal -0.766044 0.642788 0
    outer loop
      vertex 38.4928 -347.889 189.254
      vertex 38.3079 -348.11 189.254
      vertex 38.3079 -348.11 191.254
    endloop
  endfacet
  facet normal -0.866032 0.499988 0
    outer loop
      vertex 38.6366 -347.64 189.254
      vertex 38.4928 -347.889 189.254
      vertex 38.4928 -347.889 191.254
    endloop
  endfacet
  facet normal -0.939692 0.342023 0
    outer loop
      vertex 38.735 -347.37 189.254
      vertex 38.6366 -347.64 189.254
      vertex 38.6366 -347.64 191.254
    endloop
  endfacet
  facet normal -0.984809 0.173644 0
    outer loop
      vertex 38.7849 -347.087 189.254
      vertex 38.735 -347.37 189.254
      vertex 38.735 -347.37 191.254
    endloop
  endfacet
  facet normal -1 -0 -0
    outer loop
      vertex 38.7849 -346.799 189.254
      vertex 38.7849 -347.087 189.254
      vertex 38.7849 -347.087 191.254
    endloop
  endfacet
  facet normal -0.984809 -0.173644 -0
    outer loop
      vertex 38.735 -346.516 189.254
      vertex 38.7849 -346.799 189.254
      vertex 38.7849 -346.799 191.254
    endloop
  endfacet
  facet normal -0.939692 -0.342023 -0
    outer loop
      vertex 38.6366 -346.245 189.254
      vertex 38.735 -346.516 189.254
      vertex 38.735 -346.516 191.254
    endloop
  endfacet
  facet normal -0.866021 -0.500007 -0
    outer loop
      vertex 38.4928 -345.996 189.254
      vertex 38.6366 -346.245 189.254
      vertex 38.6366 -346.245 191.254
    endloop
  endfacet
  facet normal -0.766044 -0.642788 -0
    outer loop
      vertex 38.3079 -345.776 189.254
      vertex 38.4928 -345.996 189.254
      vertex 38.4928 -345.996 191.254
    endloop
  endfacet
  facet normal -0.642779 -0.766052 -0
    outer loop
      vertex 38.0876 -345.591 189.254
      vertex 38.3079 -345.776 189.254
      vertex 38.3079 -345.776 191.254
    endloop
  endfacet
  facet normal -0.500006 -0.866022 -0
    outer loop
      vertex 37.8385 -345.447 189.254
      vertex 38.0876 -345.591 189.254
      vertex 38.0876 -345.591 191.254
    endloop
  endfacet
  facet normal -0.342016 -0.939694 -0
    outer loop
      vertex 37.5682 -345.349 189.254
      vertex 37.8385 -345.447 189.254
      vertex 37.8385 -345.447 191.254
    endloop
  endfacet
  facet normal -0.173646 -0.984808 -0
    outer loop
      vertex 37.285 -345.299 189.254
      vertex 37.5682 -345.349 189.254
      vertex 37.5682 -345.349 191.254
    endloop
  endfacet
  facet normal -0 -1 -0
    outer loop
      vertex 36.9974 -345.299 189.254
      vertex 37.285 -345.299 189.254
      vertex 37.285 -345.299 191.254
    endloop
  endfacet
  facet normal 0.173646 -0.984808 0
    outer loop
      vertex 36.7141 -345.349 189.254
      vertex 36.9974 -345.299 189.254
      vertex 36.9974 -345.299 191.254
    endloop
  endfacet
  facet normal 0.342016 -0.939694 0
    outer loop
      vertex 36.4439 -345.447 189.254
      vertex 36.7141 -345.349 189.254
      vertex 36.7141 -345.349 191.254
    endloop
  endfacet
  facet normal 0.499995 -0.866028 0
    outer loop
      vertex 36.1948 -345.591 189.254
      vertex 36.4439 -345.447 189.254
      vertex 36.4439 -345.447 191.254
    endloop
  endfacet
  facet normal 0.642779 -0.766052 0
    outer loop
      vertex 35.9744 -345.776 189.254
      vertex 36.1948 -345.591 189.254
      vertex 36.1948 -345.591 191.254
    endloop
  endfacet
  facet normal 0.766057 -0.642773 0
    outer loop
      vertex 35.7896 -345.996 189.254
      vertex 35.9744 -345.776 189.254
      vertex 35.9744 -345.776 191.254
    endloop
  endfacet
  facet normal 0.866021 -0.500007 0
    outer loop
      vertex 35.6458 -346.245 189.254
      vertex 35.7896 -345.996 189.254
      vertex 35.7896 -345.996 191.254
    endloop
  endfacet
  facet normal 0.939692 -0.342023 0
    outer loop
      vertex 35.5474 -346.516 189.254
      vertex 35.6458 -346.245 189.254
      vertex 35.6458 -346.245 191.254
    endloop
  endfacet
  facet normal 0.984809 -0.173644 0
    outer loop
      vertex 35.4975 -346.799 189.254
      vertex 35.5474 -346.516 189.254
      vertex 35.5474 -346.516 191.254
    endloop
  endfacet
  facet normal 1 0 0
    outer loop
      vertex 35.4975 -347.087 189.254
      vertex 35.4975 -346.799 189.254
      vertex 35.4975 -346.799 191.254
    endloop
  endfacet
  facet normal 0.984804 0.173668 0
    outer loop
      vertex 35.5474 -347.37 189.254
      vertex 35.4975 -347.087 189.254
      vertex 35.4975 -347.087 191.254
    endloop
  endfacet
  facet normal 0.939692 0.342023 0
    outer loop
      vertex 35.6458 -347.64 189.254
      vertex 35.5474 -347.37 189.254
      vertex 35.5474 -347.37 191.254
    endloop
  endfacet
  facet normal 0.866032 0.499988 0
    outer loop
      vertex 35.7896 -347.889 189.254
      vertex 35.6458 -347.64 189.254
      vertex 35.6458 -347.64 191.254
    endloop
  endfacet
  facet normal 0.766044 0.642788 0
    outer loop
      vertex 35.9744 -348.11 189.254
      vertex 35.7896 -347.889 189.254
      vertex 35.7896 -347.889 191.254
    endloop
  endfacet
  facet normal 0.642779 0.766052 0
    outer loop
      vertex 36.1948 -348.294 189.254
      vertex 35.9744 -348.11 189.254
      vertex 35.9744 -348.11 191.254
    endloop
  endfacet
  facet normal 0.500006 0.866022 0
    outer loop
      vertex 36.4439 -348.438 189.254
      vertex 36.1948 -348.294 189.254
      vertex 36.1948 -348.294 191.254
    endloop
  endfacet
  facet normal 0.342032 0.939688 0
    outer loop
      vertex 36.7141 -348.537 189.254
      vertex 36.4439 -348.438 189.254
      vertex 36.4439 -348.438 191.254
    endloop
  endfacet
  facet normal 0.173646 0.984808 0
    outer loop
      vertex 36.9974 -348.587 189.254
      vertex 36.7141 -348.537 189.254
      vertex 36.7141 -348.537 191.254
    endloop
  endfacet
  facet normal 0 1 0
    outer loop
      vertex 37.285 -348.587 189.254
      vertex 36.9974 -348.587 189.254
      vertex 36.9974 -348.587 191.254
    endloop
  endfacet
  facet normal -0.17365 0.984807 0
    outer loop
      vertex 37.5682 -348.537 189.254
      vertex 37.285 -348.587 189.254
      vertex 37.285 -348.587 191.254
    endloop
  endfacet
  facet normal -0.342016 0.939694 0
    outer loop
      vertex 37.8385 -348.438 189.254
      vertex 37.5682 -348.537 189.254
      vertex 37.5682 -348.537 191.254
    endloop
  endfacet
  facet normal -0.500006 0.866022 0
    outer loop
      vertex 38.0876 -348.294 189.254
      vertex 37.8385 -348.438 189.254
      vertex 37.8385 -348.438 191.254
    endloop
  endfacet
  facet normal -0.642791 0.766041 0
    outer loop
      vertex 38.3079 -348.11 189.254
      vertex 38.0876 -348.294 189.254
      vertex 38.0876 -348.294 191.254
    endloop
  endfacet
  facet normal -0.642779 0.766052 0
    outer loop
      vertex 38.0876 -348.294 191.254
      vertex 38.3079 -348.11 191.254
      vertex 38.3079 -348.11 189.254
    endloop
  endfacet
  facet normal -0.500006 0.866022 0
    outer loop
      vertex 37.8385 -348.438 191.254
      vertex 38.0876 -348.294 191.254
      vertex 38.0876 -348.294 189.254
    endloop
  endfacet
  facet normal -0.342016 0.939694 0
    outer loop
      vertex 37.5682 -348.537 191.254
      vertex 37.8385 -348.438 191.254
      vertex 37.8385 -348.438 189.254
    endloop
  endfacet
  facet normal -0.173646 0.984808 0
    outer loop
      vertex 37.285 -348.587 191.254
      vertex 37.5682 -348.537 191.254
      vertex 37.5682 -348.537 189.254
    endloop
  endfacet
  facet normal 0 1 0
    outer loop
      vertex 36.9974 -348.587 191.254
      vertex 37.285 -348.587 191.254
      vertex 37.285 -348.587 189.254
    endloop
  endfacet
  facet normal 0.173646 0.984808 0
    outer loop
      vertex 36.7141 -348.537 191.254
      vertex 36.9974 -348.587 191.254
      vertex 36.9974 -348.587 189.254
    endloop
  endfacet
  facet normal 0.342016 0.939694 0
    outer loop
      vertex 36.4439 -348.438 191.254
      vertex 36.7141 -348.537 191.254
      vertex 36.7141 -348.537 189.254
    endloop
  endfacet
  facet normal 0.499995 0.866028 0
    outer loop
      vertex 36.1948 -348.294 191.254
      vertex 36.4439 -348.438 191.254
      vertex 36.4439 -348.438 189.254
    endloop
  endfacet
  facet normal 0.642779 0.766052 0
    outer loop
      vertex 35.9744 -348.11 191.254
      vertex 36.1948 -348.294 191.254
      vertex 36.1948 -348.294 189.254
    endloop
  endfacet
  facet normal 0.766056 0.642773 0
    outer loop
      vertex 35.7896 -347.889 191.254
      vertex 35.9744 -348.11 191.254
      vertex 35.9744 -348.11 189.254
    endloop
  endfacet
  facet normal 0.866022 0.500007 0
    outer loop
      vertex 35.6458 -347.64 191.254
      vertex 35.7896 -347.889 191.254
      vertex 35.7896 -347.889 189.254
    endloop
  endfacet
  facet normal 0.939692 0.342023 0
    outer loop
      vertex 35.5474 -347.37 191.254
      vertex 35.6458 -347.64 191.254
      vertex 35.6458 -347.64 189.254
    endloop
  endfacet
  facet normal 0.984809 0.173644 0
    outer loop
      vertex 35.4975 -347.087 191.254
      vertex 35.5474 -347.37 191.254
      vertex 35.5474 -347.37 189.254
    endloop
  endfacet
  facet normal 1 0 0
    outer loop
      vertex 35.4975 -346.799 191.254
      vertex 35.4975 -347.087 191.254
      vertex 35.4975 -347.087 189.254
    endloop
  endfacet
  facet normal 0.984804 -0.173668 0
    outer loop
      vertex 35.5474 -346.516 191.254
      vertex 35.4975 -346.799 191.254
      vertex 35.4975 -346.799 189.254
    endloop
  endfacet
  facet normal 0.939692 -0.342023 0
    outer loop
      vertex 35.6458 -346.245 191.254
      vertex 35.5474 -346.516 191.254
      vertex 35.5474 -346.516 189.254
    endloop
  endfacet
  facet normal 0.866032 -0.499988 0
    outer loop
      vertex 35.7896 -345.996 191.254
      vertex 35.6458 -346.245 191.254
      vertex 35.6458 -346.245 189.254
    endloop
  endfacet
  facet normal 0.766044 -0.642788 0
    outer loop
      vertex 35.9744 -345.776 191.254
      vertex 35.7896 -345.996 191.254
      vertex 35.7896 -345.996 189.254
    endloop
  endfacet
  facet normal 0.642779 -0.766052 0
    outer loop
      vertex 36.1948 -345.591 191.254
      vertex 35.9744 -345.776 191.254
      vertex 35.9744 -345.776 189.254
    endloop
  endfacet
  facet normal 0.500006 -0.866022 0
    outer loop
      vertex 36.4439 -345.447 191.254
      vertex 36.1948 -345.591 191.254
      vertex 36.1948 -345.591 189.254
    endloop
  endfacet
  facet normal 0.342033 -0.939688 0
    outer loop
      vertex 36.7141 -345.349 191.254
      vertex 36.4439 -345.447 191.254
      vertex 36.4439 -345.447 189.254
    endloop
  endfacet
  facet normal 0.173646 -0.984808 0
    outer loop
      vertex 36.9974 -345.299 191.254
      vertex 36.7141 -345.349 191.254
      vertex 36.7141 -345.349 189.254
    endloop
  endfacet
  facet normal -0 -1 -0
    outer loop
      vertex 37.285 -345.299 191.254
      vertex 36.9974 -345.299 191.254
      vertex 36.9974 -345.299 189.254
    endloop
  endfacet
  facet normal -0.17365 -0.984807 -0
    outer loop
      vertex 37.5682 -345.349 191.254
      vertex 37.285 -345.299 191.254
      vertex 37.285 -345.299 189.254
    endloop
  endfacet
  facet normal -0.342016 -0.939694 -0
    outer loop
      vertex 37.8385 -345.447 191.254
      vertex 37.5682 -345.349 191.254
      vertex 37.5682 -345.349 189.254
    endloop
  endfacet
  facet normal -0.500006 -0.866022 -0
    outer loop
      vertex 38.0876 -345.591 191.254
      vertex 37.8385 -345.447 191.254
      vertex 37.8385 -345.447 189.254
    endloop
  endfacet
  facet normal -0.642791 -0.766042 -0
    outer loop
      vertex 38.3079 -345.776 191.254
      vertex 38.0876 -345.591 191.254
      vertex 38.0876 -345.591 189.254
    endloop
  endfacet
  facet normal -0.766044 -0.642788 -0
    outer loop
      vertex 38.4928 -345.996 191.254
      vertex 38.3079 -345.776 191.254
      vertex 38.3079 -345.776 189.254
    endloop
  endfacet
  facet normal -0.866032 -0.499988 -0
    outer loop
      vertex 38.6366 -346.245 191.254
      vertex 38.4928 -345.996 191.254
      vertex 38.4928 -345.996 189.254
    endloop
  endfacet
  facet normal -0.939692 -0.342023 -0
    outer loop
      vertex 38.735 -346.516 191.254
      vertex 38.6366 -346.245 191.254
      vertex 38.6366 -346.245 189.254
    endloop
  endfacet
  facet normal -0.984809 -0.173644 -0
    outer loop
      vertex 38.7849 -346.799 191.254
      vertex 38.735 -346.516 191.254
      vertex 38.735 -346.516 189.254
    endloop
  endfacet
  facet normal -1 -0 -0
    outer loop
      vertex 38.7849 -347.087 191.254
      vertex 38.7849 -346.799 191.254
      vertex 38.7849 -346.799 189.254
    endloop
  endfacet
  facet normal -0.984809 0.173644 0
    outer loop
      vertex 38.735 -347.37 191.254
      vertex 38.7849 -347.087 191.254
      vertex 38.7849 -347.087 189.254
    endloop
  endfacet
  facet normal -0.939692 0.342023 0
    outer loop
      vertex 38.6366 -347.64 191.254
      vertex 38.735 -347.37 191.254
      vertex 38.735 -347.37 189.254
    endloop
  endfacet
  facet normal -0.866022 0.500007 0
    outer loop
      vertex 38.4928 -347.889 191.254
      vertex 38.6366 -347.64 191.254
      vertex 38.6366 -347.64 189.254
    endloop
  endfacet
  facet normal -0.766044 0.642788 0
    outer loop
      vertex 38.3079 -348.11 191.254
      vertex 38.4928 -347.889 191.254
      vertex 38.4928 -347.889 189.254
    endloop
  endfacet
end solid
