:020000040800F2
:1000000038620020DD010008E5010008E701000872
:10001000E9010008EB010008ED0100080000000004
:100020000000000000000000000000004501000882
:10003000F101000800000000890100088510010896
:10004000F7010008F7010008F7010008F7010008B0
:10005000F7010008F7010008F7010008F7010008A0
:10006000F7010008F7010008C1240008F7010008A3
:10007000F7010008F7010008F7010008F701000880
:10008000F7010008F7010008F7010008F701000870
:10009000F5770008F7010008F7010008F7010008EC
:1000A000F7010008F7010008F7010008F701000850
:1000B000F7010008F7010008F7010008F701000840
:1000C000F7010008F7010008F7010008F701000830
:1000D000F70100085D73000889740008597500086D
:1000E000F7010008F7010008F7010008F701000810
:1000F000F7010008F7010008F7010008F701000800
:10010000F7010008F7010008F7010008F7010008EF
:10011000F7010008F7010008F7010008096C000862
:10012000F7010008F7010008F7010008F7010008CF
:10013000DFF80CD000F0FEFD0048004779F400081D
:1001400038620020224B19680868B0E8F00F80F38D
:100150000988BFF36F8F4FF0000080F311884EF0D5
:100160000D0E70470000000006480068006880F32C
:10017000088862B661B6BFF34F8FBFF36F8F00DFA1
:1001800000BF00BF08ED00E0EFF30980BFF36F8F01
:100190000F4B1A6820E9F00F106008B54FF0BF0050
:1001A00080F31188BFF34F8FBFF36F8F10F0B8FD4E
:1001B0004FF0000080F31188BDE808401968086816
:1001C000B0E8F00F80F30988BFF36F8F704700BF6E
:1001D000B4010020EFF30580704700000648804717
:1001E00006480047FEE7FEE7FEE7FEE7FEE7FEE71C
:1001F000FEE7FEE7FEE7FEE7C969000831010008F7
:100200002DE9F05F0546002092469B46884606464B
:10021000814640241BE0284641464746224600F0DE
:100220002EFC53465A46C01A914110D31146184627
:10023000224600F015FC2D1A67EB01084F462246B6
:100240000120002100F00CFC17EB00094E41201E9C
:10025000A4F10104DFDC484631462A464346BDE8A6
:10026000F09F2DE9F0410024061B254671F10006A0
:1002700005DA01240027D0EB070067EB0101161E09
:1002800073F1000605DA0027D2EB0702012567EBC0
:100290000303FFF7B5FF86460E4617469C46AC4261
:1002A00004D00025D0EB050E65EB010624B100203B
:1002B000D2EB000760EB030C704631463A466346CA
:1002C000BDE8F081202A06DBCB17203A41FA02F084
:1002D00043EAE07306E041FA02F3D040C2F12002A3
:1002E00091400843194670470649074A0868504339
:1002F00043F2390210440860400870470149086021
:1003000070470000B80300206D4EC64110B5431A77
:10031000934209D28318881803E010F8011D03F8EE
:10032000011D521EF9D210BD40EA01039B0703D004
:1003300009E008C9121F08C0042AFAD203E011F824
:10034000013B00F8013B521EF9D210BDD2B201E0D0
:1003500000F8012B491EFBD270470022F6E710B5CA
:1003600013460A4604461946FFF7F0FF204610BD23
:1003700030B504460020034600E05B1C934203D2E4
:10038000E05CCD5C401BF8D030BDF0B480EA0102E7
:10039000D40F4200B2EB410F02D20246084611468A
:1003A0004A0042D0C30DDDB2C1F3C752AD1A202DB1
:1003B00035DAC1F3160141F4000204B15242C5F12D
:1003C000200602FA06F12A411044B3EBD05F23D095
:1003D000C4B1012DA0EBC35009DCF0BC4FF00042CA
:1003E00002EAC352DBB200F5000000F061BB40003E
:1003F00000F1807000EBC350A0F1807040EAD17032
:10040000490009E0490841EAC071A0EBC35000F57A
:100410000000400800EBC350F0BC00F040BB61425C
:10042000012202EB4101001BF6E7F0BC704781F0AE
:100430000041AAE780F00040A7E780EA010210B57A
:1004400002F00043400022D04A001FD0010E01EB11
:100450001261C0F35600C2F3560240F4000042F4A9
:100460000002A0FB022000047F39140400D0401CCD
:1004700050EA124001D44000491EC2B20C0604EBFF
:10048000D010401C4008802A02D003E0002010BD9C
:1004900020F00100002900DA0020184310BD30B41C
:1004A00080EA010202F0004530F0004221F00040F5
:1004B00013D090B1C30DD40DC2F31601C0F31600D2
:1004C000E41A41F4000140F400027D34914201D36A
:1004D000641C00E04900002C02DA30BC00207047A8
:1004E0004FF400000023914201D3891A03434008CE
:1004F0004FEA4101F7D151B1914202D14FF0004191
:1005000005E002D24FF0010101E06FF0010103EBC1
:10051000C450284430BC00F0C2BA420005D0C0F339
:10052000C7525242914201DC0020704700EBC1509B
:1005300070472DE9FE4F804681EA0300C00F0C464C
:10054000009021F0004123F00045B8EB0200A941E2
:1005500005D24046214690461C460B46024623F0F3
:100560000040104347D0270DC7F30A00C3F30A51D8
:100570000290401A019040286BDAC3F3130040F454
:10058000801B0098924620B10023D2EB030A63EB54
:100590000B0B01985946C0F14002504600F060FA3A
:1005A00006460D4650465946019AFFF78BFE10EB62
:1005B00008006141002487EA115284EAE7731A4374
:1005C00040D0009A62B3019A012A4FEA075215DC23
:1005D000001B61EB02014FF0004202EA0752CDE935
:1005E0000042001C41F5801132462B4600F0EAFA29
:1005F00003B0BDE8F08F40462146F9E7001B61EBF0
:100600000201001C41F5801300185B412018A2F57F
:10061000001747EB030140EAD570B6196D4111E0B0
:100620006D084FEA360645EAC0754FEA0752001BCF
:1006300061EB0201001C41F5801149084FEA3000CE
:100640000019514132462B4603B0BDE8F04F00F08F
:10065000AABA0098012240000023D0EB020263EB0B
:10066000E073009821464FEAE074B8EB000061EBBC
:100670000401E9E783F000435BE781F0004158E7BC
:100680002DE9FE4F81EA030404F0004421F000410B
:1006900000944FF0000B23F0004350EA01045ED0B9
:1006A00052EA03045BD0C3F30A54C1F30A552C4445
:1006B000A4F2F3340194A0FB0254C1F3130141F4FA
:1006C0008011C3F3130343F4801301FB024400FBC6
:1006D000034E840A970A44EA815447EA8357A4FBED
:1006E000076802958D0A05FB07854FEA932C04FBEA
:1006F0000C542705029D4FEA065847EA1637B5EB1A
:1007000008056EEB070C870E920E47EA811742EA46
:100710008312A7FB0201B6EB0B0164EB00042B0D67
:1007200043EA0C335E1844EB1C50DA465146E7FBB3
:100730000201C5F313044FEA0B3343EA14534FEAA3
:100740000432019C43EA0603A4F10C040294009CC9
:10075000CDE900B400F036FA03B0BDE8F08F002018
:100760000146F9E72DE9F04D81EA030404F0004B5E
:1007700021F0004514464FF0000A23F0004150EAF2
:10078000050220D054EA01021DD0C5F30A570246E3
:10079000C5F31303C1F31300C1F30A5640F48015E7
:1007A00043F48013A7EB0608101BD64608F2FD3869
:1007B00073EB050002D308F1010801E092185B41D8
:1007C000B8F1000F03DA00200146BDE8F08D0020EB
:1007D0004FF48011064684460EE0171B73EB0507A5
:1007E00005D3121B63EB050306434CEA010C4908D1
:1007F0004FEA300092185B4150EA0107EDD152EA0E
:10080000030012D082EA040083EA0501084305D000
:10081000101BAB4106D20122002306E000224FF05C
:10082000004302E06FF0010253101AEB06004CEB9C
:10083000085110EB0A0041EB0B01BDE8F04D00F050
:10084000B2B970B521F0004303430CD0C1F30A558F
:100850000024D5EB040564EB0403D617AD1AB341AD
:1008600002DB0020014670BD201841EB025170BD33
:10087000C10F80EAE0700844CA079623002100F007
:1008800017B996230022114600F012B90EB5C10F18
:1008900080EAE0700844CA07002140F233438DE843
:1008A0000E000A460B4600F08DF903B000BD0EB5F0
:1008B00040F2334102910021CDE900110A460B4676
:1008C00000F080F903B000BD00F0004220F00040CD
:1008D000C10DC0F3160040F400007F2901DA0020AA
:1008E0007047962903DCC1F19601C84001E09639B2
:1008F0008840002AF4D04042704720F00040C10DEB
:10090000C0F3160040F400007F2901DA0020704790
:10091000962903DCC1F19601C8407047963988409A
:10092000704770B5C1F30A5201F000450024C1F3CD
:10093000130140F2FF3341F480119A4201DA0020A2
:1009400070BD40F233439A42A2F2334203DC52427A
:1009500000F095F800E090402C43F1D0404270BD8B
:1009600000F0004230F000400AD0C10D01F5607186
:10097000C0F3160042EA0151C20840071143704714
:10098000002001467047000030B5041E71F10004DC
:1009900004DB4FF00044404264EB0101141E73F18C
:1009A000000405DB1C464FF00043524263EB040396
:1009B0008B4208BF824230BD30B5041E71F1000485
:1009C00004DB4FF00044404264EB0101141E73F15C
:1009D000000405DB1C464FF00043524263EB040366
:1009E000994208BF904230BD01F0004330B421F07D
:1009F000004150EA010206D00A0DA2F56072C1F36F
:100A00001301002A02DC30BC00207047440F44EA86
:100A1000C104C100E01830BC00EBC25000F03FB888
:100A2000002801DBC0F10040002901DBC1F10041D9
:100A30008842704730B50B46014600202022012431
:100A400009E021FA02F59D4205D303FA02F5491B9C
:100A500004FA02F52844151EA2F10102F1DC30BDB2
:100A6000202A04DB203A00FA02F10020704791406E
:100A7000C2F1200320FA03F3194390407047202A63
:100A800004DB203A21FA02F00021704721FA02F338
:100A9000D040C2F120029140084319467047002916
:100AA000A8BF7047401C490008BF20F001007047F4
:100AB00010B4B0FA80FC00FA0CF050EA010404BF54
:100AC00010BC704749B1CCF1200421FA04F411FAAA
:100AD0000CF118BF012121430843A3EB0C01CB1DEE
:100AE0004FEA00614FEA102042BF002010BC70475F
:100AF00000EBC35010440029A4BF10BC7047401C39
:100B0000490008BF20F0010010BC7047F0B4002875
:100B100002DCF0BC00207047C0F3C751C0F31600E0
:100B200040F40000CA0701D14000491E3F2202EBF9
:100B30006105002211464FF4000626FA01F3134422
:100B4000D418844201D8001B1A464000491C1729BA
:100B5000F3DD5100814202D24FF0FF3100E000216D
:100B600002EBC550F0BCFFF79ABF10B541000CD0A6
:100B7000C0F3C751962908DC7E2909DC06DB410257
:100B800004D000F0004040F07E5010BD002010BDA9
:100B9000C1F19604C4F1200100FA01F1E040FFF731
:100BA0007EFFA04010BD10B5141E73F1000408DADA
:100BB000401C41F1000192185B411A4301D120F021
:100BC000010010BD2DE9F04D92469B4611B1B1FADE
:100BD00081F202E0B0FA80F220329046FFF740FF47
:100BE00004460F4640EA0A0041EA0B0153465A46C2
:100BF000084313D0114653EA010019D0C8F140024E
:100C00005046FFF73CFF05460E46504659464246C1
:100C1000FFF726FF084305D0012004E020463946AF
:100C2000BDE8F08D0020054346EAE0762C433743CB
:100C30000A986305E40AA0EB08000022FD0A44EAD2
:100C400047540A3002D500200146E9E70105101992
:100C50006941DDE9084500196941BDE8F04DA2E7A9
:100C60002DE9F04D00231A461B1A8A4103DB0020B0
:100C70000146BDE8F08DC1F30A52C1F3130141F4FE
:100C800080154FF0000BD10702D100186D41521EA4
:100C90000027044640F2FF11384601EB620A3E4647
:100CA0008046024600204FF48011FFF7E8FEC2198B
:100CB0007141BB1846EB0100B4EB030C75EB000C63
:100CC00004D3E41A65EB000517460E46241908F113
:100CD00001006D4180463428E3DDF91946EB06003A
:100CE000091BA84103D24FF0FF32134601E0002256
:100CF00013461BEB070046EB0A51BDE8F04DFFF72A
:100D000052BFC1F30A52C1F3130140F2FF3341F461
:100D100080119A4202DA00200146704740F23343C4
:100D20009A42A2F2334202DC5242FFF7A8BEFFF71A
:100D300097BE0000064C074D06E0E06840F0010356
:100D400094E8070098471034AC42F6D3FFF7F4F963
:100D50004C5801086C58010870B58C1810F8015BEC
:100D600015F0070301D110F8013B2A1106D110F844
:100D7000012B03E010F8016B01F8016B5B1EF9D148
:100D80002B0705D40023521E0DD401F8013BFAE7CE
:100D900010F8013BCB1A921C03E013F8015B01F839
:100DA000015B521EF9D5A142D8D3002070BD0029A5
:100DB00004D0816841F0010181607047816821F0B1
:100DC000010181607047000010B5154988420AD1C1
:100DD00044150121204604F06BFF2046BDE8104079
:100DE000002104F065BF0F4988420AD10415012192
:100DF000204604F05DFF2046BDE81040002104F0CD
:100E000057BF094988420AD10121CC03204604F08A
:100E10004FFF2046BDE81040002104F049BF10BD3F
:100E20000024014000280140003C01400146002010
:100E30008968490700D501207047C06C80B27047AF
:100E40000246002012680A4200D001207047014685
:100E500000208968090700D50120704710B5426855
:100E60000E4B1A400C790B6842EA0422134343608C
:100E700082680B4B1A40D1E9024323434C7942EA82
:100E8000440213438360C26A22F47002097C491E43
:100E9000C9B242EA0151C16210BD0000FFFEF0FF7D
:100EA000FDF7F1FF70B5072609290AD9C568A1F138
:100EB0000A0404EB4404A640B543A3401D43C560A7
:100EC00007E0056901EB4104A640B543A3401D437B
:100ED00005611F23072A09D2446B521E02EB8202CE
:100EE00093409C4391400C43446370BD0D2A09D24A
:100EF000046BD21F02EB820293409C4391400C434F
:100F0000046370BDC46A0D3A02EB820293409C43B5
:100F100091400C43C46270BD816841F0080181605A
:100F20007047002904D0816841F4A00181607047B6
:100F3000816821F4A00181607047816841F004015B
:100F4000816070472DE9F05F044608469046584E90
:100F5000F4606FF02C05FF2805D02D222946404271
:100F600003F08AFB306130690746FFF781FC514985
:100F70000968FFF762FAB061002C66D0002F71D0CB
:100F800038B200F069F9B069FFF7EAFC0FF076FDBE
:100F9000DFF824814FF080473A464346FFF770FB65
:100FA0004FF0FF394A46FFF74CFCDFF810A1002252
:100FB0005346FFF7D7FBDFF808B100225B46FFF787
:100FC000B8FA04460D46F068FFF760FC22462B464F
:100FD000FFF756FBFFF7A5FC7060B069FFF7C0FC98
:100FE0000FF04CFD3A464346FFF74AFB4A46FFF7EF
:100FF00028FC00225346FFF7B5FB00225B46FFF7B3
:101000003CFB04460D46F068FFF740FC22462B46A9
:10101000FFF736FBFFF785FCB0604FF4FA646542DA
:1010200022462946706803F027FB70602246294655
:10103000B06803F021FBB06003B2B088BDE8F05F98
:10104000002201B2104603F087BF012003F0C4FF65
:10105000308A00B200F000F900207061B061BDE894
:10106000F09FFFE7C8F10000FFF702FC1549FFF70A
:1010700016FA04467061F068FFF7FAFB074612495A
:101080002046FFF7DAF93946FFF709FA09F0C0FA06
:10109000B0610E490968FFF7D0F9FFF715FC2D2262
:1010A000294603F0E9FA306100B200F0D5F86AE7AA
:1010B000C40000200813010833E36740D76B6D407C
:1010C0000000F03F00007A44B85E6B43041301084F
:1010D0000148008870470000C40000200248008AD0
:1010E000404200B270470000C40000201CB5002040
:1010F000009001900021FF208DF80000FB208DF86A
:10110000010005208DF8020030208DF80300012039
:101110008DF80400094800788DF8050002206A4621
:10112000135C1944C9B2401CC0B20628F8D38DF82C
:1011300006100721684606F07FF91CBDC400002098
:1011400070B50D46B4280CD8064C2080C1B20020E2
:1011500004F04AFD002D04D02088BDE8704001F065
:1011600023BF70BDC40000202DE9F0410E4690461B
:10117000384D00276F8034B2082865D2DFE800F0D0
:1011800004131F2E3945505CB8F1000F02D0002027
:1011900000F062F80EB1012000E0002003F01CFF17
:1011A000EF60BDE8F0816C80404603F0F3FE4346FB
:1011B0002046BDE8F0410022FF21FFF7C3BE704288
:1011C00000B204466880404603F0E4FE43462046F1
:1011D000BDE8F0410022FF21FFF7B4BE002003F07C
:1011E000D9FE43462046BDE8F04100221921FFF711
:1011F000A9BE002003F0CEFE43462046BDE8F041E4
:1012000000226FF01801FFF79DBE002003F0C2FE20
:1012100043462046BDE8F04100222D21FFF792BE53
:10122000002003F0B7FE43462046BDE8F04100220F
:101230006FF02C01FFF786BE002000F00DF80120B2
:1012400003F0CAFEEF60ACE7BDE8F041002003F018
:10125000A1BE0000C400002010B52D22514203F0B1
:101260000BFA06490861FFF733FF097CBDE810401F
:101270000844C1B2002004F0B7BC0000C400002044
:101280002DE9F05FFFF7E8FF344E3069FFF7F0FA21
:1012900033490968FFF7D1F8B061FFF761FB0FF040
:1012A000EDFBDFF8C0804FF080473A464346FFF73A
:1012B000E7F94FF0FF394A46FFF7C3FADFF8A8A075
:1012C00000225346FFF74EFADFF8A0B000225B463B
:1012D000FFF72FF904460D46F068FFF7D7FA2246CC
:1012E0002B46FFF7CDF9FFF71CFB7060B069FFF7E5
:1012F00037FB0FF0C3FB3A464346FFF7C1F94A46B6
:10130000FFF79FFA00225346FFF72CFA00225B46B4
:10131000FFF7B3F904460D46F068FFF7B7FA224627
:101320002B46FFF7ADF9FFF7FCFAB0604FF4FA6413
:10133000654222462946706803F09EF97060224695
:101340002946B06803F098F9B06003B2B088BDE8F0
:10135000F05F002201B2104603F0FEBDC400002081
:101360000813010833E36740D76B6D400000F03F7E
:1013700070B54FF47A740C4D0146072301222846BC
:10138000FFF790FD01212846FFF7CBFD02212846FB
:10139000FFF756FD10B9641EA4B2F7D22846BDE887
:1013A0007040FFF74ABD0000002401402DE9F041E4
:1013B00007460E460025002406E03846FFF7D8FF12
:1013C000284485B2641CE4B2B442F6D3042E03D0A0
:1013D000B5FBF6F0BDE8F081A808FBE710B500F01A
:1013E00007F8BDE810400149FFF727B8C3F5804072
:1013F00010B504210E20FFF7D9FFFFF742FABDE830
:1014000010400149FFF719B83333533A30B587B06C
:1014100001214FF4047004F03DFC4FF4004004F04F
:1014200005FC1020ADF8040000248DF8074001A948
:10143000164802F06DF8164D2846FFF7C5FC0294D9
:101440008DF80C408DF80D404FF460210491059407
:1014500001218DF8181002A92846FFF7FFFC012191
:101460002846FFF7A4FC2846FFF756FD2846FFF75D
:10147000EEFC0028FAD12846FFF75FFD2846FFF76B
:10148000D5FC0028FAD107B030BD000000100140A3
:101490000024014070B500F091FA0A4C0A4D50B199
:1014A00000F08CFA012805D102F006FF2168FEF752
:1014B000C4FFA86070BD02F0DBF82168FEF7BDFF35
:1014C000A86070BD041301080C0000200FF0DEBB03
:1014D00001484078704700000C00002010B504F06F
:1014E000B5F908F0E7FB01F051FB00F067FA58B9D5
:1014F00002F0B6F9014639B107A007F09BF903F0F5
:10150000B7FF00F08DFBFEE7012000F025FE074944
:101510000120487010BD000049434D5F494E4954B9
:10152000204552524F523A25640A00000C00002018
:1015300010B500F029FABDE8104008F06DBB00F0CE
:10154000C3BB000001490870704700000C00002078
:101550007CB500240A20CDE900044FF40075234631
:101560002A4625A127480FF0A3FD27A007F062F91E
:101570000920CDE900040023802228A12B480FF088
:1015800097FD2BA007F056F90720CDE900040023B2
:101590002A462DA12F480FF08BFD2FA007F04AF906
:1015A0000420CDE900040023802232A135480FF049
:1015B0007FFD35A007F03EF90320CDE900040023AC
:1015C0006A0037A139480FF073FD39A007F032F9EE
:1015D0000120CDE9000400232A463AA13C480FF03F
:1015E00067FD3CA007F026F93FA007F023F9BDE80E
:1015F0007C400FF065BB00005461736B2053706535
:10160000656400001D1001087374617274207654C3
:1016100061736B5F53706565640A00005461736B9E
:1016200020436F6E74726F6C00000000390E010869
:10163000737461727420765461736B5F436F6E7460
:10164000726F6C0A000000005461736B2052657069
:101650006F7274009D0D010873746172742076546A
:1016600061736B5F4175746F5F5265706F72740A5E
:10167000000000005461736B204170705F48616E20
:10168000646C6500690D010873746172742076548E
:1016900061736B5F4170705F48616E646C650A00D6
:1016A0005461736B204D505500000000A50E0108D9
:1016B000737461727420765461736B5F494D550A7F
:1016C000000000005461736B204F4C454400000043
:1016D000ED0E0108737461727420765461736B5F50
:1016E0004F4C45440A0000007374617274207654B4
:1016F00061736B53746172745363686564756C6570
:10170000720A000010B5642000F000F9002000F01B
:1017100023FD012003F060FC64224FF4FA61FE20F7
:1017200006F098F8BDE8104003F030BF70B50446ED
:1017300003F0B0F900261B4D06280AD000F03DF852
:10174000A0421EDAE868401CE860142828DD022068
:1017500070BD00F032F8A04206DAE868401CE8608C
:1017600014281DDD022070BD00F01EF8A04206DD29
:10177000E868401CE860142812DD002070BDEE60AF
:101780000EE000F011F8A04209DD413C152C07D312
:10179000E868401CE860142802DD002070BDEE609F
:1017A000012070BD4000002010B503F073F9062839
:1017B00001D0602010BD412010BD10B503F06AF9C2
:1017C000062801D0822010BD552010BD70B50646F8
:1017D000214CA088401C80B2A0800A2808D300F0C9
:1017E0004FF80025A58028B1022813D000F0F2F9A7
:1017F000207870BD304600F081F9A07830B1A57036
:1018000001231A46022115A003F067FD012003F011
:10181000E3FBEDE7304600F0A3F9A078C0B1A57076
:101820000021084608F09EFA0023FF211A460846C8
:1018300004F000FB04F05EFB0023012202210AA059
:1018400003F04BFD01230022032109A003F045FD15
:10185000012003F0C1FBCBE740000020426174741B
:10186000657279204C6F77004261747465727900FB
:101870004F76657220566F6C7461676500000000DA
:1018800010B50A4C607801280ED1FFF7A7FD084972
:10189000FEF7D3FDFFF718F8A060FFF747FF607071
:1018A000012801D000202070607810BD4000002089
:1018B000000020410148806870470000400000207F
:1018C00038B50121102004F0E5F92020ADF8000022
:1018D00010208DF8030003208DF80200044C6946A7
:1018E000204601F015FE2021204601F09CFE38BD67
:1018F00000100140014800787047000032010020CC
:1019000001484088704700003201002070B504464D
:10191000164D012C10D0DCB10A2C25D3022000F08A
:1019200027F80A20B4FBF0F000F028F82846BDE8BC
:101930007040202101F077BE012000F019F800204E
:1019400000F01CF82846BDE87040202101F06BBE75
:10195000002000F00DF8002000F010F82846BDE847
:101960007040202101F05DBE70BD000000100140FC
:101970000149087070470000320100200149488089
:10198000704700003201002010B5FFF7B3FF0228B6
:1019900006D1FFF7B5FF20B106484188491E4180B6
:1019A00010BD2021044801F03CFEBDE8104000209D
:1019B000FFF7DEBF320100200010014001488078AF
:1019C000704700002801002001484078704700005F
:1019D0002801002010B508F0D3FF4FF4A06003F0F9
:1019E0006FFC4FF4612005F0CDFC0123052203219B
:1019F00020A006F01FFF27A229A12CA006F01AFFA5
:101A0000324805F053FD4FF4E13005F0B9FD0120F7
:101A100000F060F802F060F902F07AF9FFF750FF89
:101A200002F048F9FFF7F2FC322008F0B7FF20215E
:101A3000274801F0F6FD02F071F80AF0A7FA04F069
:101A400033FD03F02BFE00F06FF904F0EBF902F028
:101A50007BF900214FF4616003F000FB00F09AFD78
:101A6000642000F095F905F0E3F8BDE8104004F0BB
:101A70005BB800000A4669726D7761726520566531
:101A80007273696F6E3A205625642E25642E256484
:101A90000A00000031383A30393A3434000000008E
:101AA0004A756E2032362032303235004669726D0A
:101AB0007761726520436F6D70696C65643A2025AB
:101AC000732C2025730D0A0A00000000A086010077
:101AD0000010014041060748826942F0010282611C
:101AE0000548426822F0E062426042680A43426070
:101AF0007047000000100240000001402DE9F04155
:101B0000144C4FF4005677102279DFF84C80134DB7
:101B1000002A10D018B12021284601F084FD31465A
:101B2000284601F080FD3946404601F07CFD00204A
:101B30002071BDE8F0812021284601F072FD314678
:101B4000284601F06EFD3946404601F06AFD01204D
:101B50002071EEE72801002000080140001001403C
:101B60002DE9F047184C6179491CC9B2617105290A
:101B700017D9A179DFF85490154E4FF400574FF460
:101B80008058002579B12021304601F04AFD3946C0
:101B9000304601F046FD4146484601F042FDA57140
:101BA0006571BDE8F08718B12021304601F03BFD9A
:101BB0003946304601F037FD4146484601F033FDD5
:101BC0000120A071ECE7000028010020000801407E
:101BD000001001401049C878401CC0B2C8701E28CF
:101BE00001D30020C870CA780C48531E4FF400512E
:101BF000032B01D201F017BD131F032B01D201F0FB
:101C000010BDD31F032B01D201F00DBD0A3A032AE8
:101C100001D201F006BD70472801002000100140EC
:101C200010B5074C2021204601F0FDFC4FF47A70DE
:101C300008F0B4FE2046BDE81040202101F0F1BCC0
:101C40000010014010B502F059FB02F0EBF90A2038
:101C500008F0A4FE002480226B21682002F0E8FC3A
:101C6000642008F09BFE00226B21682002F0E0FC5B
:101C70007521682002F046FC712807D00A2008F080
:101C80008DFE641C032CE6DB002010BD012010BD7E
:101C900007A006F0CFFD012080F3138808480168F3
:101CA000084A01F4E06111430160BFF34F8FFEE782
:101CB0000D0A5265736574204D43550D0A000000EE
:101CC0000CED00E00400FA051CB500200090019026
:101CD0000021FF208DF80000FB208DF80100052079
:101CE0008DF8020051228DF8032003228DF8042084
:101CF0008DF8050002206A46135C1944C9B2401CE5
:101D0000C0B20628F8D38DF806100721684605F002
:101D100093FB1CBD0349C0B24870022801D90020C2
:101D2000487070472801002010B5FFF78BFF0F495E
:101D3000887001460EA006F07DFDFFF73FFE0128EA
:101D40000AD102F031F838B10DA006F073FD03F0AE
:101D50008FFBFFF765FFFEE7FFF730FE002803D19A
:101D6000BDE8104004F0C4BA10BD000028010020F6
:101D7000494D5520547970653A25640A00000000E9
:101D80004D50555F494E4954204552524F520A001A
:101D90003EB5054600F0C8F8124C204600F024F885
:101DA000684600F05FFA00208DF806008DF8070005
:101DB00002908DF802008DF8030005208DF80400D4
:101DC00001208DF80500284600F0DEF8ADF800008F
:101DD0006946204600F0F4F800F08CF800F080F935
:101DE0003EBD00000064004010B50C4988420AD195
:101DF00001214C06204603F03FFF2046BDE810407D
:101E0000002103F039BF01218C06204603F034FF86
:101E10002046BDE81040002103F02EBF00640040C2
:101E2000F0B5827A01219140304C226842F00102E3
:101E300022602E4D1C352A688A432A602B4A067B75
:101E40000C322B4B002E14D116688E431660468838
:101E5000C78846EA0746877A03EBC707C7F8406694
:101E60000688878846EA0746877A03EBC707C7F8DC
:101E70004466067B012E14D116680E431660428814
:101E8000068842EA0642867A03EBC606C6F8402672
:101E9000C288868842EA0642867A03EBC603C3F804
:101EA0004426124AC37A121D3BB113680B431360D8
:101EB0000E4A0389143223B106E013688B43136082
:101EC000F6E713688B4313600389012B02D1136873
:101ED0000B431360407B012802D128680843286027
:101EE000206820F001002060F0BD00000066004086
:101EF000006000401FB500208DF80A008DF80B002F
:101F000001218DF80C10ADF80000ADF80200ADF81D
:101F10000400ADF80600ADF808008DF80D10684615
:101F2000FFF77EFF1FBD000038B50121480603F012
:101F300095FE0121084603F0ADFE0121082003F0C3
:101F4000A9FE01214FF4EA1001F036FB4FF4807036
:101F5000ADF8000048208DF8030003248DF80240FE
:101F6000084D6946284601F0D3FA6915ADF800100E
:101F700018218DF803108DF802406946284601F0BB
:101F8000C7FA38BD000C014001460420502900D199
:101F90000520322900D10820192900D110200A2952
:101FA00000D12820052900D150207047002A03D0F5
:101FB00042690A434261704742698A4342617047FD
:101FC00010B50022036823F002030360036843F0A6
:101FD000010303604FF6FF7300E0521C4468E407FE
:101FE00001D19A42F9D14268D2073ED08A79012ABA
:101FF0003DD0026822F080020260CA79012A3BD0FB
:10200000026822F0400202600A7A012A39D002688E
:1020100022F0200202604A7A012A37D0026822F0B8
:10202000100202608A7A012A35D0026822F0080282
:102030000260CA7A012A33D0026822F004020260E8
:102040008A78CC78920742EA04620C7942EA044228
:102050004C79098842EA0452491E0A43C261016868
:1020600021F001010160002120E0002010BD026884
:1020700042F080020260C0E7026842F04002026063
:10208000C2E7026842F020020260C4E7026842F040
:1020900010020260C6E7026842F008020260C8E768
:1020A000026842F004020260CAE7491C4268D20793
:1020B00001D09942F9D14068C00701D0002010BD7D
:1020C000012010BD02460020002905D0012902D1BF
:1020D000106900F003007047D06800F003007047FB
:1020E00008B5012202210948FFF760FF14208DF88E
:1020F000000002208DF8010001208DF802008DF80B
:102100000300684603F0AAF808BD00000064004020
:102110001CB50178C4790022FC291CD10121435C43
:102120001A44D2B2491C0729F9DBA24213D14278E2
:1021300081788DF80010C1788DF8011001798DF843
:10214000021041798DF8031080798DF804006946FA
:10215000104605F0C9FE1CBD0449002802D001202C
:10216000087070470020087070470000660100206A
:1021700010B500EB0113D3F8B04104F0040414725D
:10218000002C2CD0D3F8B041E408546003F5D87388
:102190001C6804F0020454725C6804F00F0494722A
:1021A0005C68240AD4749C68D4729C68240A1473F2
:1021B0009C68240C54739C68240E9473DC68D4735C
:1021C000DC68240A1474DC68240C5474DB681B0E6D
:1021D000937449B1016941F02001016110BDD3F848
:1021E000B041640D1460D1E7C16841F02001C160C5
:1021F00010BD000070B586B00446184E0021304670
:10220000FFF760FF01004FF0000021D001908DF832
:102210000C0008218DF80E10002101AD6A18D07253
:10222000491C0829FADB01AA00213046FFF7A0FF6C
:1022300000216818C07A6054491C0829F9DB084855
:102240000078002802D03220FFF760FB06B070BD96
:1022500000216054491C0829FBDBF7E700640040BB
:102260006601002000218171C17101724172817289
:10227000C1728170C170032101710221417101217C
:102280000180704710B50020064C0021064BE27912
:1022900002E01954401CC0B29042FAD3E171A1711E
:1022A00010BD000000000020C4030020C10002D5C2
:1022B00002490860704702494860704704040240C0
:1022C00000000240002904D0016841F001010160D2
:1022D000704701684FF6FE721140016070470000C0
:1022E00001684FF6FE7211400160002101604160FB
:1022F0008160C1603649364A0839904204D1486845
:1023000040F00F0048607047314A1432904204D1C7
:10231000486840F0F000486070472D4A28329042EB
:1023200004D1486840F4706048607047284A3C32E5
:10233000904204D1486840F4704048607047244A95
:102340005032904204D1486840F470204860704791
:102350001F4A6432904204D1486840F470004860DB
:1023600070471B4A7832904204D1486840F0706050
:1023700048607047174A111F904204D1086840F026
:102380000F0008607047134A1432904204D1086865
:1023900040F0F000086070470E4A2832904204D1A5
:1023A000086840F47060086070470A4A3C32904206
:1023B00004D1086840F4704008607047054A503204
:1023C0009042FAD1086840F470200860704700001D
:1023D0000800024008040240406880B270470000D4
:1023E00002460020D10002D50449096801E00449F1
:1023F0000968114200D0012070470000000402402B
:102400000000024030B5026847F6F0739A430C6A48
:102410008B682343D1E904452C4323438C69234330
:10242000CC6923434C6A23438C6A234313430360E0
:10243000CA6842600A6882604968C16030BD416014
:10244000704701B508E00020401CC0B20A28FBD349
:102450009DF80000401E00909DF800000028F2D179
:1024600008BD01B508E00020401CC0B20A28FBD31B
:102470009DF80000401E00909DF800000028F2D159
:1024800008BD000030B403460020A3F57F44FF3CA4
:1024900011D040F2654043434FF47A704843B3FB98
:1024A000F0F0064B414323F81210401E01B230BC3D
:1024B000104608F0B1BE30BC70470000D458002070
:1024C00010B5102000F010F8012806D109F028FD01
:1024D000BDE81040102000F001B810BD01490860AF
:1024E000704700001404014001460020054A1268AC
:1024F0000A40044B14331B680B4202D0002A00D060
:10250000012070470004014030B51B4A83790168FF
:10251000002B2AD013688B431360111D0B680468CD
:10252000A3430B60017911440B68046823430B60DB
:10253000114C08342168036899432160231D1968F0
:102540000568A94319604179102905D011440A682A
:10255000006802430A6030BD2168026811432160AF
:10256000196800680143196030BD007910440268A1
:102570008A43026030BD00000004014004490A683B
:1025800002604A6842608A688260C968C1607047B8
:102590003801002010B500F009F800F0D5F800F07F
:1025A00035F9BDE8104000F06DB8000010B588B0F6
:1025B0000120FFF78FFA0121084603F06BFB012190
:1025C0002D4800F0F9FF0121084603F047FB0121E7
:1025D000042003F05FFB4FF40040ADF80400042436
:1025E0008DF8074001A9254800F092FF012108203D
:1025F00003F050FB0820ADF804008DF8074001A956
:102600001F4800F085FF05A804F070FE0020ADF81B
:1026100014004FF6FF71ADF81810ADF81A00ADF8C0
:102620001600240705A9204604F012FE00231A46CE
:102630000321204604F052FC02A804F0BBFC0A214E
:10264000ADF8101002A9204604F06EFC01212046CE
:1026500004F01CFB01221146204604F0B3FC0021CB
:10266000204604F0CAFD47F6FF71A18401212046EF
:1026700004F012FB08B010BD000118000008014072
:10268000000C014030B587B00121022003F0E6FACA
:102690000121042003F0FEFA8020ADF8000004249C
:1026A0008DF80340264D6946284600F031FF012190
:1026B000042003F0EFFA4021ADF800108DF803403C
:1026C0006946284600F024FF04A804F00FFE00200D
:1026D000ADF810004FF6FF71ADF81410ADF816000C
:1026E000ADF81200174C04A9204604F0B1FD0023F8
:1026F0001A460321204604F0F1FB01A804F05AFC1D
:102700000A21ADF80C1001A9204604F00DFC0121AE
:10271000204604F0BBFA01221146204604F052FC88
:102720000021204604F069FD064A47F6FF71243275
:1027300011800121204604F0AFFA07B030BD00003F
:10274000000801400004004030B587B0012104209A
:1027500003F084FA0121082003F09CFA8020ADF8F0
:10276000000004248DF80340264D6946284600F0F9
:10277000CFFE0121082003F08DFA4021ADF80010B2
:102780008DF803406946284600F0C2FE04A804F014
:10279000ADFD0020ADF810004FF6FF71ADF814103C
:1027A000ADF81600ADF81200174C04A9204604F04D
:1027B0004FFD00231A460321204604F08FFB01A899
:1027C00004F0F8FB0A21ADF80C1001A9204604F032
:1027D000ABFB0121204604F059FA012211462046A4
:1027E00004F0F0FB0021204604F007FD064A47F6FE
:1027F000FF71243211800121204604F04DFA07B008
:1028000030BD0000000C01400008004030B587B02A
:102810000121082003F022FA0121042003F03AFAF2
:102820000120ADF8000004248DF80340264D6946D0
:10283000284600F06DFE0121042003F02BFA02214E
:10284000ADF800108DF803406946284600F060FEA0
:1028500004A804F04BFD0020ADF810004FF6FF7106
:10286000ADF81410ADF81600ADF81200174C04A91D
:10287000204604F0EDFC00231A460321204604F014
:102880002DFB01A804F096FB0A21ADF80C1001A95C
:10289000204604F049FB0121204604F0F7F901220B
:1028A0001146204604F08EFB0021204604F0A5FCD2
:1028B000064A47F6FF71243211800121204604F0B8
:1028C000EBF907B030BD000000080140000C0040EB
:1028D0000146002047F6FF7200290BD0012910D0D5
:1028E000022914D0032904D10C490888101A00B217
:1028F0000A8070474FF08041888C101A00B28A8499
:10290000704707490888101A00B20A8070470549C5
:102910000888101A00B20A807047000024040040A2
:1029200024080040240C004000B587B0182101A8FD
:10293000FDF713FD0021FF208DF80400FB208DF82A
:10294000050013208DF806000D208DF80700214AA0
:1029500010688DF80800030A8DF80930030C8DF813
:102960000A30000E8DF80B0050688DF80C00030A39
:102970008DF80D30030C8DF80E30000E8DF80F0021
:1029800090688DF81000030A8DF81130030C8DF853
:102990001230000E8DF81300D0688DF81400020A72
:1029A0008DF81520020C8DF81620000E8DF81700FA
:1029B000022001AA135C1944C9B2401CC0B21428F9
:1029C000F8D38DF81810152101A804F035FD07B0D3
:1029D00000BD00003801002010B502F05BF8294C62
:1029E00002281CD002F056F8062831D00020FFF74C
:1029F0006FFF2168084420600120FFF769FF6168CC
:102A0000081A60600220FFF763FFA168081AA0603F
:102A10000320FFF75DFFE1680844E06010BD00207F
:102A2000FFF756FF2168081A20600120FFF750FFCA
:102A30006168084460600220FFF74AFFA16808440B
:102A4000A0600320FFF744FFE168081AE06010BDB2
:102A50000020FFF73DFF2168081A20600120FFF7E2
:102A600037FF6168084460600220FFF731FFA1680A
:102A70000844A0600320FFF72BFFE168081AE0601C
:102A800010BD00003801002010B500F031F90446F7
:102A9000B42C03D95A24204600F086FA2046BDE81B
:102AA00010400021FEF74CBB2DE9F04186B01348E1
:102AB00002AC90E80E00C0680EC405900024002609
:102AC0004FF47A6802AF0196651CE8B201A900F0E4
:102AD0002DF9BDF80400404504D900F019FA37F883
:102AE00015000190E8B2BDF8041005F089F8641CE7
:102AF000062CE8DB06B0BDE8F0810000E412010816
:102B000010B500F03DF9A0F57F41FF3900D101205B
:102B1000BDE8104003F00ABF10B500F04FF9C0B295
:102B2000BDE8104002F0ECB970B5054645F6FF76F9
:102B3000304600F0EBFA002812D10A4C206940F030
:102B4000020020616561206940F04000206130464C
:102B500000F0DCFA012803D0216921F00201216193
:102B600070BD0000002002400748C068C10701D0C6
:102B700001207047410701D502207047C00601D5EA
:102B800003207047002070470020024010B500F07D
:102B900069F9A0F52A41553901D000F0D7F9FFF7BE
:102BA00073FFFFF7B9FFFFF7ABFF00F00DF8BDE8CB
:102BB0001040FFF779BF00000248016941F0800131
:102BC00001617047002002402DE9F04188B04FF0CC
:102BD0000008CDF81C80CDF81880CDF8148005AB26
:102BE00006AA07A9042000F007F90598FDF7B8FE2A
:102BF00004460D460698FDF7B3FE06460F460798B5
:102C0000FDF7AEFE02460B4622A0CDE90067CDE9F6
:102C1000024505F00FFE264C0798264DA04205DC24
:102C20000698A04202DC0598A04208DD29460795D7
:102C3000214A0692214B0593042000F0FFF9DDE9BB
:102C400005320420079902F0A7FECDF81C80CDF8CC
:102C50001880CDF8148005AA06A907A800F022F96B
:102C60000798A04205DC0698A04202DC0598A04225
:102C700008DD13480790CDF818802A4605950021F5
:102C800000F012FADDE90521079802F011FF08B003
:102C9000BDE8F0814652656164205049443A252ED2
:102CA00033662C20252E33662C20252E33660A0011
:102CB00000002041CDCCCC3D0AD7233C0AD7A33B12
:102CC000CDCCCC3E2DE9F04105460E4617460024FA
:102CD00007E0284600F009F826F81400AD1C641C33
:102CE000A4B2BC42F5D3BDE8F08100887047000073
:102CF00008B54FF6FF700090012269460548FFF7BE
:102D0000E1FFBDF8001004A005F094FDBDF800003F
:102D100008BD000070C00308465265616420414B45
:102D20004D20416E676C653A25640A0038B504464B
:102D30000D4600200090601E052806D86000084B54
:102D4000012269461844FFF7BDFFBDF80000288046
:102D5000BDF80020214603A005F06CFD38BD000041
:102D600050C0030846526561642041524D204D65B4
:102D70006469616E3A25642C2025640A0000000015
:102D800008B54FF6FF700090012269460548FFF72D
:102D900099FFBDF8001004A005F04CFDBDF800003F
:102DA00008BD000006C003084652656164207265D4
:102DB000706F72743A25640A0000000008B54FF67F
:102DC000FF700090012269460548FFF77BFFBDF8C0
:102DD000001004A005F02EFDBDF8000008BD0000A5
:102DE00004C00308465265616420636172547970BF
:102DF000653A25640A0000002DE9FC410F4616469D
:102E00001D46002000900190032269461348FFF7F9
:102E100059FFBDF80000FDF74AFD114C0022234682
:102E2000FDF7A0FCFDF7E0FD3860BDF80200FDF7FE
:102E30003EFD00222346FDF795FCFDF7D5FD3060F1
:102E4000BDF80400FDF733FD00222346FDF78AFCA0
:102E5000FDF7CAFD2860BDE8FC81000030C0030812
:102E600000408F4008B54FF6FF7000900122694680
:102E70000548FFF727FFBDF8001004A005F0DAFCB5
:102E8000BDF8000008BD000002C00308465265619D
:102E90006420496E69742056616C75653A307825F6
:102EA000580A00002DE9FC4107460E461546002051
:102EB00000900190032269461348FFF703FFBDF815
:102EC0000000FDF7F4FC114C00222346FDF74AFCFC
:102ED000FDF78AFD3860BDF80200FDF7E8FC00222E
:102EE0002346FDF73FFCFDF77FFD3060BDF8040091
:102EF000FDF7DDFC00222346FDF734FCFDF774FDF1
:102F00002860BDE8FC81000020C0030800408F401D
:102F10007FB50C48D0E905230169C0698DE80E0032
:102F2000039007226946084800F004F900246D4622
:102F3000601C35F81010C0B204F062FE641C062C50
:102F4000F6DB7FBDE412010850C0030838B500204D
:102F500000F0A0F8012000F04DF8104C0D4B0E4A87
:102F60002146042000F06AF8224600210C4800F0B7
:102F70009BF8FFF7CDFF012000F050F85A2000F039
:102F800013F84AF65520009001226946054800F0E2
:102F9000D1F838BD0AD7A33B0AD7233CCDCCCC3DD2
:102FA000CDCCCC3E02C0030808B50090FFF7A0FED0
:102FB000BDF80010884204D001226946014800F0A3
:102FC000B9F808BD70C0030838B504460D46601E48
:102FD00005280BD800956000054B0122694618446E
:102FE00000F0A8F82946204604F00AFE38BD00008B
:102FF00050C0030838B5044600200090FFF7C0FE1B
:10300000A04207D00CB1012000900122694602487D
:1030100000F090F838BD000006C0030808B5009025
:10302000FFF7CCFEBDF80010884204D001226946AB
:10303000014800F07FF808BD04C003082DE9FC41F9
:103040000F4616461C4604281DD8104D3846294602
:10305000FDF7F3F9FDF751FCADF8000029463046C5
:10306000FDF7EBF9FDF749FCADF8020029462046D3
:10307000FDF7E3F9FDF741FCADF8040003226946D2
:10308000034800F057F8BDE8FC81000000007A44D6
:1030900030C0030808B5009001226946014800F0DD
:1030A00049F808BD00C003087CB50E4615460F4C14
:1030B0002146FDF7C2F9FDF720FCADF800002146DE
:1030C0003046FDF7BAF9FDF718FCADF802002146CD
:1030D0002846FDF7B2F9FDF710FCADF80400032215
:1030E0006946034800F026F87CBD000000007A44E1
:1030F00020C003080348024941600349416070470A
:103100002301674500200240AB89EFCD10B504468E
:10311000FFF72AFD012808D10021491CC9B20A295C
:10312000FBD3641EA4B2002CF2D1002C00D1FF20EE
:1031300010BD00002DE9F05F82460F461546AAF14A
:103140000064B4F5802F53D2FFF7D4FF4FEAD428A0
:10315000C4F34906C6F58064A54200D82C46DFF8C2
:1031600094B038E032183BF812208A4203D1401C58
:1031700080B2A042F6D3A04214D24846FFF7D4FC56
:10318000002006E0821937F810102BF81210401CAE
:1031900080B2A042F6D348464FF48062154900F051
:1031A00045F804E022463946504600F03FF8A54273
:1031B00003D1BDE8F05FFFF7FFBC08F1010800266E
:1031C00007EB44070AEB440A281B85B24FF48064DE
:1031D000A54200D82C464FF0006000EBC8294214ED
:1031E00004494846FFF76EFD00204FF6FF71C0E727
:1031F000BDE8F09FE405002070B506460D46FF20AF
:10320000FFF784FF00280ED1074C206940F0010031
:1032100020613580FF20FFF779FF012803D0216965
:1032200021F00101216170BD002002402DE9F04133
:1032300005460E461746002407E036F814102846C7
:10324000FFF7DAFFAD1C641CA4B2BC42F5D3BDE8A5
:10325000F08100002DE9F0410546904601F0F6FBB3
:1032600007462846FDF704FB294C064660604046A9
:10327000FDF7FEFA2749FDF712F93946FDF7DDF8AB
:103280000746A06055EA08053CD039463046FDF7B0
:10329000CEF8FDF719FBE06005462061394630465F
:1032A000FDF773F8FDF710FB60610146A0614FF474
:1032B0007A72954200DDE2601748E368834200DAE3
:1032C000E060954200DD22612369834200DA2061DB
:1032D000914200DD62616369834200DA606191427C
:1032E00000DDA261A169814200DAA061208B03B2F6
:1032F000A08A02B2208A01B2A089BDE8F04100B2E2
:1033000001F02ABEBDE8F041012001F065BE0000D9
:10331000E400002000007A4418FCFFFF70B503466B
:103320000C4616463448048000216508082B61D2FB
:10333000DFE803F0040D1824303E4B5A01800CB135
:10334000012000E00020BDE8704001F045BE30469D
:1033500001F020FE334620B2BDE870400022114645
:10336000FFF778BF304601F015FE00226042334679
:10337000BDE87040114600B2FFF76CBF002001F0BD
:1033800009FE600002B233462846BDE870400021C5
:10339000FFF760BF002001F0FDFDC4EBC43040002A
:1033A00002B233462846BDE870400021FFF752BF05
:1033B000002001F0EFFD04EB8400BDE87040002325
:1033C00002B219461846FFF745BF002001F0E2FDA2
:1033D00004EB8400C0EB0440BDE87040002302B25F
:1033E00019461846FFF736BF0180BDE8704001203E
:1033F00001F0F2BD018070BDE400002070B502F064
:10340000FFFA04461A4D2888FDF73BFA2146FDF7DE
:1034100014F8FDF759FAE861E9680C1A2969091AE4
:103420006A690244AB6918444FF47A739C4200DD28
:103430001C46104DAC4200DA2C46994200DD19467C
:10344000A94200DA29469A4200DD1A46AA4200DA69
:103450002A46984200DD1846A84200DA284603B200
:1034600020B2BDE8704012B209B201F075BD000093
:10347000E400002018FCFFFF10B58A07120F0F238D
:10348000934021F00304054921448C689C438C60DF
:103490008B68904003438B6010BD0000000001402A
:1034A0001FB50121042002F0F5FB0121084602F0BE
:1034B000F1FB04208DF80F0003208DF80E0010247E
:1034C000ADF80C4003A9114800F022F804210020B7
:1034D000FFF7D2FF009400208DF8040008208DF83B
:1034E000050001248DF806406846FFF70DF80A2014
:1034F0008DF8080002208DF809008DF80A408DF83B
:103500000B4002A801F0AAFE1FBD00000008014008
:103510002DE9F0410022CC7804F00F03E40601D538
:103520008C7823430C784FF00F0714F0FF0F4FF007
:10353000010C1CD005680CFA02F40E882640A64245
:1035400011D1960007FA06F825EA080503FA06F8ED
:1035500048EA0505CE78282E02D0482E02D002E097
:10356000446100E00461521C082AE4D305600A8823
:10357000FF2A1ED94568002202F108060CFA06F45B
:103580000E882640A64210D1960007FA06F825EAD2
:10359000080503FA06F848EA0505CE78282E00D17A
:1035A0004461CE78482E00D10461521C082AE3D32E
:1035B0004560BDE8F0810000F0B5154C002801DA47
:1035C000E36900E06368C0F30346420D120185B26F
:1035D000C0F301579540032F07D0C2020CD5032238
:1035E000B240934343F0706209E023F07062636875
:1035F00023F07063636002E0AB4343F0706201B19B
:103600002A43002801DAE261F0BD6260F0BD0000EB
:10361000000001400246002092680A4200D00120CA
:10362000704741617047016170470000014880792F
:1036300070470000000000200148C079704700007A
:103640000000002001488078704700000000002042
:1036500000487047C403002034220149FCF756BEDD
:103660003C5700200148007870470000F801002016
:103670000148C06A70470000F857002010B50A489A
:10368000017B012907D10021017307F031FE0648B3
:103690008830FFF7E1FF0548D0E90012491C42F1EC
:1036A000000206C010BD0000705700207802002004
:1036B000FEB500200090019002900024FF208DF8BC
:1036C0000000FB208DF8010009208DF802000C207D
:1036D0008DF80300194D1A4E3146686AFCF7ADFEAD
:1036E000FDF7F2F88DF80400000A8DF80500314668
:1036F000A86AFCF7A2FEFDF7E7F88DF80600000ABD
:103700008DF807003146E86AFCF797FEFDF7DCF814
:103710008DF80800000A8DF80900022069460A5C4D
:103720002244D4B2401CC0B20A28F8D38DF80A4013
:103730000B21684603F080FEFEBD0000F857002014
:1037400000401C4670B586B018216846FCF705FE9F
:103750000024FF208DF80000FB208DF801001520CB
:103760008DF802000E208DF803003B4D3B4E314694
:10377000E868FCF762FEFDF7A7F88DF80400000A80
:103780008DF8050031462869FCF757FEFDF79CF8D7
:103790008DF80600000A8DF8070031466869FCF7CD
:1037A0004CFEFDF791F88DF80800000A8DF809002D
:1037B00031462868FCF741FEFDF786F88DF80A00CF
:1037C000000A8DF80B0031466868FCF736FEFDF7FD
:1037D0007BF88DF80C00000A8DF80D003146A868C2
:1037E000FCF72BFEFDF770F88DF80E00000A8DF83F
:1037F0000F003146A869FCF720FEFDF765F88DF84B
:103800001000000A8DF811003146E869FCF715FE3A
:10381000FDF75AF88DF81200000A8DF813003146B2
:10382000286AFCF70AFEFDF74FF88DF81400000A2D
:103830008DF81500022069460A5C2244D4B2401C6F
:10384000C0B21628F8D38DF816401721684603F049
:10385000F3FD06B070BD0000F857002000007A4468
:103860002DE9FC410026019601AA01217F200AF0E2
:10387000C9FD05468020019001AA012106200AF019
:10388000C1FD40EA0504642007F088F8019601AA0A
:1038900001217F200AF0B6FD40EA04056A460121B5
:1038A00000200AF08BFD40EA05069DF80010EA2989
:1038B00005D04BA004F0BEFF0120BDE8FC814E4CBA
:1038C000607810B14DA004F0B5FF4B480021A03046
:1038D0000AF0D2FE0021012009F0ACFA40EA060508
:1038E00025B1607810B14AA004F0A4FF24200BF0A9
:1038F00029FA40EA050626B1607810B14EA004F01E
:1039000099FF0CF001FD514807F051FB40EA060514
:1039100025B1607810B14EA004F08CFF07F0DAF901
:1039200040EA050626B1607810B14FA004F082FF8E
:10393000464F103F386880F00100386000F0010108
:10394000012008F04DFF40EA060525B1607810B16E
:103950004BA004F06FFF386880F002003860C0F3BD
:103960004001042008F03CFF40EA050626B16078DB
:1039700010B14AA004F05EFF386880F0080038609B
:103980000121022008F02CFF386880F040003860E8
:10399000C0F380110F2008F023FF0AF0A9FA40EAD3
:1039A000060525B1607810B143A004F043FF4B48F1
:1039B00020640CF00DFE40EA05062EB1607840B19F
:1039C00047A004F037FF04E0607810B14AA004F08B
:1039D00031FFFFF765FD0120207030466DE70000E4
:1039E00057484F5F414D5F49204552524F523A3040
:1039F00078253032580A0000F801002061646472B2
:103A0000657373203D203078253032580D0A000050
:103A1000696E765F696E697469616C697A655F6CFD
:103A20006F7765725F647269766572206572726F16
:103A3000722E0D0A00000000636F6D706173735F7A
:103A40006964206572726F722E0D0A008057002023
:103A5000646D705F7365745F626961732065727213
:103A60006F722E0D0A000000646D705F72657365E1
:103A7000745F6669666F206572726F722E0D0A0040
:103A8000696E765F656E61626C655F73656E736F9C
:103A90007231206572726F722E0D0A00696E765F48
:103AA000656E61626C655F73656E736F72322065FF
:103AB00072726F722E0D0A00696E765F72657365A1
:103AC000745F646D705F6F64725F636F756E746551
:103AD0007273206572726F722E0D0A000000CC4264
:103AE000436F756C64206E6F7420696E69746961D0
:103AF0006C697A652E0D0A0049434D3230393438ED
:103B000020496E697469616C697A652053756365D3
:103B1000737366756C2E2E2E0D0A0000074881699E
:103B200041F0080181610648016821F47F4101608C
:103B3000016841F44C5101607047000000100240E0
:103B4000040C01402DE9F04105461448016821F4B8
:103B500070410160016841F440510160104E4FF026
:103B60000008C6F8A88100240127E809C6F8AC01BE
:103B70006806050E0120FEF764FCC6F8A871012056
:103B8000FEF75FFCC6F8A8810120FEF75AFC641C12
:103B9000E4B2082CE9D3BDE8F0810000040C014038
:103BA0000080214270B51348016821F47041016022
:103BB000016841F4405101600F4C0120C4F8AC0190
:103BC000D4F82C1100290BD0C4F8A801FEF739FC59
:103BD0000025C4F8AC51D4F82C0118B1002070BDF8
:103BE000002070BD0220FEF72CFCC4F8A851012073
:103BF00070BD0000040C01400080214270B50D48EA
:103C0000016821F470410160016841F44051016094
:103C1000094C0020206060600220FEF712FC0125A4
:103C200025600120FEF70DFC6560BDE870400220B4
:103C3000FEF707BC040C0140A881214270B50024A6
:103C40001448016821F470410160016841F40041A9
:103C50000160114D0126C5F8AC610120FEF7F1FBB2
:103C6000C5F8A8610120FEF7ECFB0AE0641CE4B291
:103C7000322C03D9FFF7C2FF002070BD0120FEF7F0
:103C8000E0FBD5F82C010028F0D1C5F8A8010120EF
:103C900070BD0000040C01400080214210B50421D9
:103CA0000348FFF7B7FC08B1002010BD012010BD8C
:103CB0000014014008B50121202001F0EBFF042091
:103CC000ADF8000048208DF8030069460148FFF771
:103CD0001FFC08BD0014014038B50121102001F07F
:103CE000D9FF4FF40054ADF8004010208DF80300C8
:103CF00003208DF80200054D69462846FFF708FCB1
:103D000021462846FFF78FFC38BD00000010014017
:103D100038B50121042001F0BDFF4FF48054ADF807
:103D2000004010208DF8030003208DF80200054D9F
:103D300069462846FFF7ECFB21462846FFF773FC4F
:103D400038BD0000000801402DE9F04399B0602221
:103D500013496846FCF7DAFA00246F464FF003086F
:103D60004FF0180904EB440507EB85060121B06804
:103D700001F090FFB088ADF860008DF862808DF89A
:103D8000639057F8250018A9FFF7C2FB641C082CA4
:103D9000E8DB04490F20087019B0BDE8F08300008B
:103DA0000C1301083601002070B5002400F056F90C
:103DB000014641B1641CE4B20EA004F03BFD052CA9
:103DC00014D9012070BD13A004F034FD174D184C18
:103DD0004FF47A7605E0A81D00F0ECF90A2000F017
:103DE000B9F96068B042F6DB002070BDC82000F071
:103DF000B1F9DBE74D5055393235302042617369F6
:103E00006320496E6974204572726F723A25640AA4
:103E1000000000004D505539323530204261736941
:103E20006320496E6974204F4B0A00005412002031
:103E30007001002070B51848184C406804F10C055A
:103E4000B0F57A7F1DDBA01D00F0B4F9204600F02C
:103E500090F9284600F0FEF9114821880180618818
:103E60004180A1888180E188C180218901816189A7
:103E700041810C4A0C4907F05DFD0B488068E06108
:103E800070BDA01D00F096F9044800F072F92846B4
:103E9000BDE8704000F0DEB970010020541200202F
:103EA000CC0500200AD7233CC00500203EB50020E9
:103EB0000090019002900024FF208DF80000FB206C
:103EC0008DF8010009208DF802000C208DF8030008
:103ED00000F0ECF9234D2946FCF7AFFAFCF7F4FCAF
:103EE0008DF8040000F0E2F92946FCF7A6FAFCF789
:103EF000EBFC000A8DF8050000F0D2F92946FCF72A
:103F00009CFAFCF7E1FC8DF8060000F0C9F929469F
:103F1000FCF793FAFCF7D8FC000A8DF8070000F0D4
:103F2000CBF92946FCF789FAFCF7CEFC8DF808009E
:103F300000F0C2F92946FCF780FAFCF7C5FC000A3C
:103F40008DF80900022069460A5C2244D4B2401C64
:103F5000C0B20A28F8D38DF80A400B21684603F056
:103F60006BFA3EBD00401C4600B587B0182101A881
:103F7000FCF7F3F90021FF208DF80400FB208DF8F9
:103F8000050015208DF806000B208DF80700244849
:103F9000C2888DF80820120A8DF8092002898DF850
:103FA0000A20120A8DF80B2042898DF80C20120A83
:103FB0008DF80D2002888DF80E20120A8DF80F2042
:103FC00042888DF81020120A8DF8112082888DF811
:103FD0001220120A8DF8132082898DF81420120AFB
:103FE0008DF81520C2898DF81620120A8DF8172039
:103FF000008A8DF81800000A8DF81900022001AA25
:10400000135C1944C9B2401CC0B21628F8D38DF80D
:104010001A10172101A803F00FFA07B000BD000025
:104020005412002038B50121082001F033FE4FF46E
:104030008044ADF8004010208DF8030003208DF877
:104040000200054D69462846FFF762FA21462846D8
:10405000FFF7E7FA38BD0000000C014010B5FFF78C
:10406000E1FF00F04BF90A2000F074F880226B2188
:10407000682000F0DDFA642000F06CF800226B216B
:10408000682000F0D5FA012000F09CFA002000F032
:1040900093FA322000F0B5FA00223821682000F0AF
:1040A000C7FA00226A21682000F0C2FA0022232108
:1040B000682000F0BDFA82223721682000F0B8FAAB
:1040C0007521682000F01EFA0446214615A004F070
:1040D000B1FB712C01D0012010BD01226B216820A1
:1040E00000F0A6FA00226C21682000F0A1FA32202C
:1040F00000F087FA00210C2000F004FA0446214663
:104100000EA004F097FB482C01D0022010BD112214
:104110000A210C2000F08CFA1E2000F01BF8002071
:1041200010BD00004D5055393235302052442049E1
:10413000443D3078253032580A000000414B383970
:1041400036332052442049443D3078253032580AD5
:104150000000000010B50446FDF7BAF920B1204672
:10416000BDE81040FDF7B2B92046BDE8104006F0AA
:1041700015BC1CB504466B4606223B21682000F0A6
:10418000E3F9002814D19DF801109DF8002041EAC0
:10419000022121809DF803109DF8022041EA0221AE
:1041A00061809DF805109DF8042041EA0221A1805C
:1041B0001CBD00007CB504466B46062243216820E6
:1041C00000F0C2F9F0BB224901F108024868B0F5DD
:1041D0007A7F17DA401C48609DF801009DF80010B6
:1041E00040EA012010809DF803009DF8021040EA8B
:1041F000012050809DF805009DF8041040EA012040
:10420000908023E09DF801009DF8001040EA012015
:104210000F490E3108809DF803309DF8025043EAA3
:1042200005234B809DF805309DF8045043EA052393
:104230008B801388C01A208048885388C01A6080F9
:10424000888800E002E09188401AA08000207CBDB0
:10425000700100207CB504466B46062203210C2029
:1042600000F072F90546A5B99DF800009DF801100F
:1042700040EA012020809DF802009DF8031040EAEA
:10428000012060809DF804009DF8051040EA01209F
:10429000A08011220A210C2000F0CAF928467CBD1A
:1042A00001488069704700005412002001484069AD
:1042B00070470000541200200148C0697047000098
:1042C0005412002070B50B4C002525600A48016887
:1042D00021F070410160016841F040510160A5602A
:1042E0000220FEF7BEF8012020600220FEF7B9F898
:1042F000256070BDB4812142040C014038B5012114
:10430000082001F0C7FC4FF42044ADF80040102015
:104310008DF8030003208DF80200054D69462846FC
:10432000FFF7F6F821462846FFF77DF938BD000073
:10433000000C014070B50B4C002525600A4801684F
:1043400021F070410160016841F040510160012697
:10435000A6600220FEF785F826600220FEF781F8AD
:10436000256070BDB4812142040C01402DE9F04765
:10437000814600241648016821F0704101600168FF
:1043800041F0004101600025124E00274FF0010866
:10439000C6F8B4710220FEF764F8C6F8B48160066E
:1043A000040ED6F83C0108B1641CE4B20120FEF70B
:1043B00058F86D1CEDB2082DEAD3B9F1000F04D006
:1043C000FFF780FF2046BDE8F087FFF7B3FFF9E76E
:1043D000040C0140008021422DE9F04105461448BB
:1043E000016821F070410160016841F040510160B5
:1043F000104E4FF00008C6F8B48100240127E809E8
:10440000C6F8BC016806050E0220FEF72AF8C6F8B9
:10441000B4710220FEF725F8C6F8B4810220FEF739
:1044200020F8641CE4B2082CE9D3BDE8F081000058
:10443000040C01400080214270B50B48016821F056
:1044400070410160016841F040510160074C01205A
:10445000A06020600420FEF704F80025A560042079
:10446000FDF7FFFF256070BD040C0140B4812142BF
:1044700010B50C48016821F070410160016841F0FD
:1044800040510160084C00202060A0600420FDF72E
:10449000E8FF01202060A060BDE810400420FDF787
:1044A000E0BF0000040C0140B481214270B500243B
:1044B0001248016821F070410160016841F000413B
:1044C00001600F4D0126C5F8BC610120FDF7C9FF51
:1044D000C5F8B4610120FDF7C4FF07E0641CE4B235
:1044E000FA2C03D9FFF7C4FF012070BDD5F83C01B9
:1044F0000028F3D1C5F8B40170BD0000040C0140E0
:104500000080214270B504460D46FFF795FF600616
:10451000000EFFF761FFFFF7C9FF2846FFF75CFFBA
:10452000FFF7C4FFFFF788FF012000EB4400C0B293
:10453000FFF752FFFFF7BAFF0020FFF717FF04460F
:10454000FFF796FF204670BD2DE9F04106460F4665
:1045500015461C46FFF770FF7006000EFFF73CFF84
:10456000FFF7A4FF20B1FFF783FF0120BDE8F08132
:104570003846FFF731FFFFF799FFFFF75DFF012096
:1045800000EB4600C0B2FFF727FFFFF78FFF08E000
:10459000012D0CD00120FFF7E9FE20706D1EEDB259
:1045A000641C002DF4D1FFF763FF0020DEE700203C
:1045B000FFF7DCFE2070F1E7C006020E1C21682028
:1045C00000F036B8C006020E1B21682000F030B89B
:1045D000BC2801D3012210E0622801D302220CE0A2
:1045E0002A2801D3032208E0142801D3042204E07E
:1045F0000A2801D3052200E006221A21682000F0D3
:1046000017B810B504464FF47A70844200D90446B6
:10461000042C00D20424B0FBF4F0401EC2B21921D5
:10462000682000F005F86008BDE81040FFF7D0BF33
:1046300070B504460D461646FFF7FEFE6006000EF6
:10464000FFF7CAFEFFF732FF18B1FFF711FF012095
:1046500070BD2846FFF7C0FEFFF728FF3046FFF782
:10466000BBFEFFF723FF18B1FFF702FF012070BD6B
:10467000FFF7FEFE002070BD884201DA0846704751
:104680009042FCDD104670472DE9F04707460D4685
:10469000164600F0DBF982466842FCF7E9F84B4C1D
:1046A000804660603846FCF7E3F88146A0607042BF
:1046B000FCF7DEF84649FBF7F2FE5146FBF7BDFE7C
:1046C0008246E0602F43374356D041464846FBF7C9
:1046D0005CFE05465146FBF758FEFCF7F5F82061F5
:1046E00041464846FBF7A3FE06465146FBF74DFE02
:1046F000FCF7EAF8606130465146FBF798FEFCF79C
:10470000E3F8A06128465146FBF791FEFCF7DCF880
:10471000E06100F0BFF9022833D021694FF47A70CC
:10472000814200DD20612B4922698A4200DA216141
:104730006269824200DD606162698A4200DA616119
:10474000A269824200DDA061A2698A4200DAA16109
:10475000E269824200DDE061E069884200DAE161FD
:10476000A08B03B2208B02B2A08A01B2208ABDE8DE
:10477000F04700B200F0F0BBBDE8F047012000F0C8
:104780002BBC20694FF42F71884200DD2161124853
:104790002269824200DA206162698A4200DD616139
:1047A0006269824200DA6061A2698A4200DDA16129
:1047B000A269824200DAA061E2698A4200DDE16119
:1047C000E1698142CCDAE061CAE70000880000209C
:1047D00000007A4418FCFFFF44FDFFFF2DE9F04183
:1047E00006460C469046404600F0D4FB2C4F3C80D9
:1047F000614220B20DB2082E4FD2DFE806F0040E5F
:10480000151D252D3A49002038800CB1012000E00B
:104810000020BDE8F04100F0DFBB4346BDE8F041B9
:1048200000221146FFF730BF43462846BDE8F0415D
:1048300000221146FFF728BF4346BDE8F0410022A1
:1048400001461046FFF720BF43462946BDE8F04128
:1048500000221046FFF718BF002000F09BFB04EB7E
:104860008400BDE8F041002302B219461846FFF764
:104870000BBF002000F08EFB04EB8400C0EB044073
:10488000BDE8F041002302B219461846FFF7FCBE0E
:10489000BDE8F041012000F09FBBBDE8F0810000C1
:1048A000880000202DE9F04101F0AAF804462A4FC3
:1048B0003888FBF7E6FF2146FBF7BFFDFCF704F85D
:1048C000386239690C1A79690D1AB9690E18F969D3
:1048D0000F1800F0DFF8022822D04FF47A708442DB
:1048E00000DD04461D498C4200DA0C46854200DD9D
:1048F00005468D4200DA0D46864200DD06468E42B0
:1049000000DA0E46874200DD07468F4200DA0F4686
:104910003BB232B229B220B2BDE8F04100F01CBB7C
:104920004FF42F70844200DD04460D498C4200DABA
:104930000C46854200DD05468D4200DA0D46864272
:1049400000DD06468E4200DA0E46874200DD07464D
:104950008F42DDDA0F46DBE78800002018FCFFFFFE
:1049600044FDFFFFF0B503460D464FF6FF76094FB5
:104970000AE0187807F068FB28B1587837F810403B
:10498000A64200D926469B1C6D1E681CF1D13046FC
:10499000F0BD00000403002030B4154CA478072CAF
:1049A00023D2DFE804F022040722191C1F0030BCC8
:1049B000FFF76ABE4FF42F75A84200DD28460D4C64
:1049C000A04200DA2046A94200DD2946A14200DAD1
:1049D000214630BCFFF758BE30BCFEF73BBC30BCB4
:1049E000FCF7B0BA30BCFFF74FBE30BC70470000D8
:1049F0005000002044FDFFFF30B401EB81014FF671
:104A0000FF7303EA4101104B9B78072B19D2DFE8B3
:104A100003F0180407180F12150030BCFFF7DEBEB4
:104A20004FF42F73994200D9194630BCFFF7D6BE18
:104A300030BCFEF773BC30BCFCF796BB30BCFFF754
:104A4000CDBE30BC70470000500000200B4881787C
:104A50000B4801290AD0022909D0032909D00529C8
:104A600009D0042902D0062900D10648704706481B
:104A70007047064870470648704700005000002005
:104A8000148E244314AE0F439A19564300802E43CC
:104A90009A193F4301488078704700005000002079
:104AA000094881780948012909D0022908D0032939
:104AB00005D0074A052905D0042900D110467047C2
:104AC000044870471046704750000020F8334C43AC
:104AD00033335743B6537B43084881780848072946
:104AE00006D2DFE801F005050405050608000548C3
:104AF0007047054870470548704700005000002087
:104B00000000A54400001A45000051440000824402
:104B100070B50B48FDF732FD0020094B03F1100280
:104B200002F1100453F8201052F820504D1B44F8A5
:104B3000205042F82010401CC0B20428F2D370BDAF
:104B4000E40300200021044A52F8213040F82130CB
:104B5000491C0429F8DB7047140400202DE9F04FAC
:104B600085B0044600250026019602960396049619
:104B7000FFF796FFFFF7B0FFFFF768FF0090FFF722
:104B8000C7FFDFF8508201AF642158F82500484381
:104B9000FBF76EFE47F825006D1C042DF4DB8E4DEF
:104BA000DFF83882DFF838A2A8786FF0010907280B
:104BB00039D2DFE800F0E40439E46E94B000DDE9B6
:104BC0000101FBF7E2FB06460399FBF7DEFB0499C4
:104BD000FBF7DBFB4946FBF7A0FCFBF775FE2080EB
:104BE000DDE90101FBF723FC0399FBF720FC0499A5
:104BF000FBF7CBFB4146FBF720FCFBF765FE608033
:104C000030460399FBF713FC0499FBF710FC41466F
:104C1000FBF713FC0099FBF742FC5146FBF70DFC38
:104C2000FBF752FEA080AAE0DDE90101FBF7ADFB36
:104C300006460399FBF7A9FB0499FBF7A6FB494637
:104C4000FBF76BFCFBF740FE2080DDE90101FBF781
:104C5000EEFB0399FBF7EBFB0499FBF796FB414650
:104C6000FBF7EBFBFBF730FE608030460399FBF768
:104C7000DEFB0499FBF7DBFB4146FBF7DEFB00990B
:104C8000FBF70DFC5146FBF7D8FBFBF71DFEA080A0
:104C900075E0DDE90101FBF778FB83460399FBF73B
:104CA00074FB0499FBF771FB4946FBF736FCFBF7F5
:104CB0000BFE2080668058460399FBF7B8FB0499E9
:104CC000FBF7B5FB4146FBF7B8FB0099FBF7E7FBA9
:104CD0005146FBF7B2FBFBF7F7FDA0804FE00499CC
:104CE0000298FBF752FB4FF0FF31FBF716FCFBF786
:104CF000EBFD2080FCF7F2F9608004990298FBF745
:104D000096FB3849FBF799FB0099FBF7C8FBFBF7CB
:104D1000DBFDA08033E0DDE90101FBF736FB064651
:104D20000399FBF732FB0499FBF72FFB4946FBF78E
:104D3000F4FBFBF7C9FD2080DDE90101FBF777FB00
:104D40000399FBF774FB0499FBF71FFB4146FBF744
:104D500074FBFBF7B9FD608030460399FBF767FBF6
:104D60000499FBF764FB4146FBF767FB0099FBF7EF
:104D700096FB5146FBF761FBFBF7A6FDA080287868
:104D8000002823D000201349103157F8202041F883
:104D90002020401C0428F8DB687880B1FCF70EFE68
:104DA00020B1FCF70BFE012805D008E0FEF760FCFF
:104DB00000F028F903E0FFF77FFA00F023F905B0CF
:104DC0000448BDE8F04F103000F0B8BC05B0BDE8B5
:104DD000F08F00000404002050000020000080BE7E
:104DE00000007A4400007AC42DE9F0411048FFF732
:104DF000B5FE0F48001F0078002817D00D4CE06961
:104E0000FBF762FD05B2A069FBF75EFD06B26069C3
:104E1000FBF75AFD07B22069FBF756FD2B463246D9
:104E20003946BDE8F04100B200F080B8BDE8F0813D
:104E300054000020140400201CB5002000900190B4
:104E40000021FF228DF80020FB228DF80120052291
:104E50008DF8022015228DF803200B4A92788DF8E8
:104E600004208DF8050002206A46135C1944C9B27B
:104E7000401CC0B20628F8D38DF8061007216846FA
:104E800002F0DAFA1CBD0000500000203EB5002000
:104E90000090019002900024FF208DF80000FB207C
:104EA0008DF801000A208DF802008DF803001349E7
:104EB00008888DF80400000A8DF8050048888DF8F0
:104EC0000600000A8DF8070088888DF80800000A9F
:104ED0008DF80900FCF7EEFC8DF80A000220694607
:104EE0000A5C2244D4B2401CC0B20B28F8D38DF81F
:104EF0000B400C21684602F09FFA3EBD5400002092
:104F000010B507280ED208498A7882420AD08870E4
:104F1000052807D1FCF7DCF8C1B2BDE8104000203D
:104F200000F062BE10BD00005000002070B50E46BB
:104F300014461D460146002000F00CF931460120C0
:104F400000F008F92146022000F004F92946BDE8E6
:104F50007040032000F0FEB870B50C4D01242C7099
:104F60000B4D28846984AA84EB84002405EB44005B
:104F7000B0F92000FBF77CFC0146204600F02AFD3A
:104F8000641CE4B2042CF1D370BD0000500000207A
:104F90001404002010B50F49002811D001204870DA
:104FA0004878002815D0FCF709FD60B1FCF706FD34
:104FB00001280ED1FFF780F9BDE8104000F06EBD6A
:104FC00000204870ECE7FEF753FBBDE8104000F00E
:104FD00065BD10BD5000002010B5044600231A46E0
:104FE00019461846FFF7B8FF042000F0BDFB04493E
:104FF00000220A704A702046BDE8104000F0FAB85E
:105000005000002007498978012905D0022905D0E0
:10501000042905D1FEF7F2B9FFF744BCFFF742BC03
:10502000704700005000002010B50446FFF732FD25
:10503000024604F5FA60A4F5FA6100B209B2062A44
:1050400004D0002C01DC06DA084610BD002CFCDC84
:1050500001DA084610BD4FF0000010BDF0B587B072
:1050600004460D4601214FF4205000F013FE0121AB
:10507000084600F00FFE01213348FEF79DFA334E3B
:10508000304601F023FE324F384601F01FFEADF8E6
:105090000050641EADF804400024ADF80640ADF8A1
:1050A00002406946304602F0D3F86946384602F0BD
:1050B000CFF803A802F08EF86025ADF80C5001205F
:1050C000ADF80E00ADF81440ADF8124003A930461B
:1050D00001F082FF03A9304601F0C2FF03A9304668
:1050E00002F002F803A9304602F040F803A938465E
:1050F00001F072FF03A9384602F038F8ADF80C5001
:10510000ADF80E400420ADF81000ADF81440ADF835
:10511000124003A9384601F0A3FF03A9384601F065
:10512000E3FF0121304601F0C3FD0121384601F0C3
:10513000BFFD0121304601F0AFFD0121384601F0ED
:10514000ABFD07B0F0BD0000400016000034014088
:10515000002C014010B504460846FFF765FF4FF4E8
:105160006161884200DB08461F49884200DC08462E
:10517000002174B1012C17D0022C21D0032C07D1AF
:10518000404200B2194B1A1D002828DB18801180FC
:1051900010BD174B1A1D002802DB1880118010BDAE
:1051A00019804042108010BD114B08331A1D002891
:1051B00002DB1880118010BD19804042108010BDA4
:1051C000404200B2094A094B08321B1F002802DB8B
:1051D0001080198010BD11804042188010BD1980C8
:1051E0004042108010BD0000F0F1FFFF382C01405C
:1051F0003434014070B5002800D00120C0EB4011CC
:10520000C1EB00214FF6FF7000EA0114114D214659
:10521000284601F0E9FF2146284601F0E7FF214634
:10522000284601F0E5FF2146284601F0E3FF0A4D3C
:105230002146284601F0D8FF2146284601F0D6FF36
:105240002146284601F0D4FF21462846BDE870409B
:1052500001F0D0BF00340140002C014070B50F2395
:10526000C27801260178002A1ED0144A126802F47E
:10527000E062C2F5E062120AC2F10404D34045784C
:10528000A54082781A402A43120101F1E02181F8F9
:105290000024007800F01F018E404009800000F1DA
:1052A000E020C0F8006170BD01F01F008640480991
:1052B000800000F1E020C0F8806170BD0CED00E0DE
:1052C0000249084302490860704700000000FA05DF
:1052D0000CED00E0002001F0D5B838B51446491EA9
:1052E000022908D801EB810149060A0E00932346E2
:1052F000002100F001F838BD2DE9F0410746069C79
:105300000D461646002B01D0FFF7E4FF3146284634
:1053100001F0C4F801220649384601F0BBF9002C1F
:1053200003D0BDE8F04100F005B8BDE8F081000011
:105330005801002001F0C2B970B586B00D4616467E
:105340001C46072828D2DFE800F027040B27121993
:10535000200001220023114620A0FFF7BEFF21E01C
:1053600001220023114621A0FFF7B7FF1AE0012216
:105370000023114622A0FFF7B0FF13E00122002313
:10538000114623A0FFF7A9FF0CE0012200231146DC
:1053900023A0FFF7A2FF05E001220023114623A06E
:1053A000FFF79BFF33462A4624A101A8009403F08F
:1053B00051FA00231A46022101A8FFF78EFF24A309
:1053C00026A229A101A803F045FA01230022032106
:1053D00001A8FFF782FF06B070BD0000524F534D89
:1053E00041535445525F583300000000524F534D13
:1053F00041535445525F58332D506C757300000073
:10540000524F534D41535445525F583100000000F4
:10541000524F534D41535445525F523200000000E9
:1054200053554E524953455F434152004E6F6E658E
:1054300020436172205479706500000056657273D4
:10544000696F6E3A5625642E25642E25640000008F
:1054500031383A30393A3432000000004A756E2053
:10546000323620323032350025732020257300007B
:1054700010B586B0134C4FF400512046FEF7D1F81A
:10548000A1141148FEF7CDF820212046FEF7C9F8F7
:1054900001200090052303220CA101A803F0DAF9F2
:1054A00000230122022101A8FFF717FF0CA101A888
:1054B00003F0D0F901230022032101A8FFF70DFF1B
:1054C00006B010BD0010014000080140566572731F
:1054D000696F6E3A5625642E25642E2564000000FF
:1054E000494D55204552524F5221212100000000C4
:1054F0002DE9F041804686B0084616461F461A4DF3
:105500002946FAF7CCFFFBF7DFF904462946404667
:10551000FAF7C5FFFBF7D8F90246234613A101A805
:1055200003F098F900230122022101A8FFF7D5FE1C
:1055300029463846FAF7B3FFFBF7C6F90446294671
:105540003046FAF7ACFFFBF7BFF9024623460BA142
:1055500001A803F07FF901230022032101A8FFF72E
:10556000BCFE06B0BDE8F081000020414D313A2577
:10557000642C204D323A2564000000004D333A255A
:10558000642C204D343A25640000000000B587B03B
:1055900001200090052303220AA102A803F05AF972
:1055A00000230122022102A8FFF797FE0AA102A808
:1055B00003F050F901230022032102A8FFF78DFE1A
:1055C00007B000BD56657273696F6E3A5625642E3A
:1055D00025642E256400000054657374204D6F64AB
:1055E0006500000000B585B005A1684603F032F9FA
:1055F00001231A4602216846FFF76FFE05B000BD81
:105600004D6F6465204572726F72000000B585B001
:10561000002804D008A1684603F01CF903E00AA1A1
:10562000684603F017F901231A4602216846FFF77E
:1056300054FE05B000BD0000536572766F205265C0
:105640006164204F4B210000536572766F205265D4
:105650006164204661696C210000000000B585B0DE
:10566000FBF725F90022084BFBF77CF802460B46B6
:1056700006A1684603F0EEF801231A4602216846A7
:10568000FFF72BFE05B000BD00002440566F6C7480
:105690006167653A252E31665600000000B587B077
:1056A00001200090052303220AA102A803F0D2F8EA
:1056B00000230122022102A8FFF70FFE0AA102A87F
:1056C00003F0C8F801230022032102A8FFF705FE1A
:1056D00007B000BD56657273696F6E3A5625642E29
:1056E00025642E2564000000506C656173652057A9
:1056F000616974696E672E2E0000000000B585B0E8
:105700000A49884202DD0A49FAF791FEFBF7DCF804
:10571000024608A1684603F09DF801231A460221BB
:105720006846FFF7DAFD05B000BD00000000344315
:105730000000B4435941573A2564000070B505464E
:105740000024084E04EB840055F8241006EBC0003A
:1057500000F02CF805EB84010861641C042CF1DBDB
:1057600070BD00003C04002000220F4B04280FD81D
:105770000FD14FF0000101EB810003EBC00082600C
:105780008261C2610262426201F101010429F2DB1D
:10579000704700EB800003EBC00082608261C26151
:1057A00002624262704700003C0400202DE9F04193
:1057B00004462068FAF73BFE0546A061276A0121EE
:1057C0003846FAF7AAFE2946FAF734FEE169FAF7F5
:1057D000DCFD6169FAF731FE804629462069FAF757
:1057E0002CFE064639462846FAF721FEE168FAF70C
:1057F00024FE3146FAF7C9FD4146FAF7C6FD0146D7
:10580000A068FAF7C2FDA060E7612562FFF742F9E0
:1058100002460C480C49062A0AD0A268824200DDE2
:10582000A060A068884200D9A160A068BDE8F081AE
:10583000A268824200DDA060A0688842F5D9A1601C
:10584000F3E700000000C8440000C8C470B50021A0
:105850000D4B0E4C0E4D0F4E002201EB810043F814
:10586000302003EBC00082608261C261026242624A
:10587000C46005614661491C0429EEDB07480649FE
:1058800041608260C46070BD3C040020CDCCCC3D42
:105890000AD7233C0AD7A33BCDCCCC3E5C000020EA
:1058A000FEB500210091019102910024411E0529BD
:1058B00045D2FF228DF80020FB228DF801200A221C
:1058C0008DF8022013228DF803208DF804002F4E4E
:1058D000052835D02E4801EB810100EBC10531468A
:1058E000E868FAF7AAFDFAF7EFFF8DF80500000A5D
:1058F0008DF8060031462869FAF79FFDFAF7E4FFB4
:105900008DF80700000A8DF8080031466869FAF73B
:1059100094FDFAF7D9FF8DF80900000A8DF80A0006
:10592000022069460A5C2244D4B2401CC0B20B2853
:10593000F8D38DF80B400C21684601F07DFDFEBDCB
:1059400014208DF80300134D31466868FAF775FD91
:10595000FAF7BAFF8DF80500000A8DF80600314607
:10596000A868FAF76AFDFAF7AFFF8DF80700000A9A
:105970008DF808003146E868FAF75FFDFAF7A4FFF2
:105980008DF80900000A8DF80A00C9E700007A4482
:105990003C0400205C00002030B50D4D04280DD8DB
:1059A0000DD14FF0000000EB800405EBC404E16072
:1059B0002261636100F101000428F4DB30BD00EBDB
:1059C000800005EBC000C1600261436130BD000092
:1059D0003C040020094A04280AD80AD14FF00000EC
:1059E00000EB800342F8331000F101000428F7DBDC
:1059F000704700EB800042F8301070473C040020F4
:105A00002DE9F0414FF00057214C2168FAF712FDC3
:105A100005462946A069FAF7B8FC8046A061D4E99A
:105A200004613046FAF703FD014666612561E068CE
:105A3000FAF703FD06464146A068FAF7FEFC8046E9
:105A400029466068FAF7F9FC4146FAF79EFC3146B0
:105A5000FAF79BFCFAF784FF04460D463A460D4BD5
:105A600020462946FAF7A8FF01D20A4D3C463A469D
:105A7000094B20462946FAF787FF02D2064D4FF020
:105A8000005420462946BDE8F041FAF7ADBF0000BA
:105A90005C00002052C1E03F52C1E0BF03490860F2
:105AA0000020886108614861704700005C000020A8
:105AB000024B58609960DA60704700005C0000207B
:105AC00070B5174D2888401C82B22A80AC1D012376
:105AD000268814480021012E15D0C0F88C11668844
:105AE000012E13D0C0F88811A688012E11D0C0F85D
:105AF0008411E488012C0FD0C0F88011B2F5FA6F40
:105B000000D3298070BDC0F88C31E8E7C0F8883137
:105B1000EAE7C0F88431ECE7C0F88031EEE7000036
:105B20004801002000002242F8B50121102000F0B9
:105B3000B1F80820ADF8000010248DF803400325CB
:105B40008DF80250264E69463046FDF7E1FC0821EB
:105B50003046FDF768FD0121102000F09BF804207D
:105B6000ADF800008DF803408DF8025069463046CC
:105B7000FDF7CEFC04213046FDF755FD0121102034
:105B800000F088F80220ADF800008DF803408DF891
:105B9000025069463046FDF7BBFC02213046FDF756
:105BA00042FD0121102000F075F80120ADF8000041
:105BB0008DF803408DF8025069463046FDF7A8FC89
:105BC00001213046FDF72FFD0020064A0021131D5C
:105BD000115423F81010401C0428F9DBF8BD000014
:105BE000001001404A010020042806D2B42904D83C
:105BF000024A1154121D22F8101070474A01002069
:105C000030B5094D2C1DB42801D828702080B42946
:105C100001D869706180B42A01D8AA70A280B42B1F
:105C200001D8EB70E38030BD4A010020034A51687F
:105C300021F44041014351607047000000100240D0
:105C4000054A002903D051690143516170475169E8
:105C5000814351617047000000100240054A00294D
:105C600003D0D1690143D1617047D1698143D161CA
:105C70007047000000100240054A002903D0116956
:105C80000143116170471169814311617047000040
:105C900000100240054A002903D091690143916137
:105CA0007047916981439161704700000010024084
:105CB000054A002903D0D1680143D1607047D168FB
:105CC0008143D160704700000010024010B5264AA1
:105CD000516801F00C01254B002927D0042927D059
:105CE000082927D00360516801F0F0010909204B11
:105CF0005C5C0168E1404160546804F4E064240A9B
:105D00001C5D21FA04F48460546804F46054E40ACD
:105D10001B5DD940C160526802F44042920B144BA3
:105D20001B1F9A5CB1FBF2F1016110BD0360DAE761
:105D30000360D8E7516801F47011536803F48033AD
:105D4000022404EB914133B153689B0307D5094BFF
:105D500059430160C7E7074B59430160C3E7034B51
:105D600059430160BFE700000010024000127A00B2
:105D70008801002000093D000020044A002142F86B
:105D80002010401CC0B20E28F9D37047C810002064
:105D900010B58CB001210220FFF752FF0D4C2046B8
:105DA000FCF79EFA0C4801900C48029010200390DA
:105DB0000021049105918020069007910891099196
:105DC00080010A900B9101A92046FCF71BFB0CB047
:105DD00010BD00001C0402400C3C004000110020DB
:105DE00010B500F04FF8BDE81040FFF7D1BF00003C
:105DF00038B501210820FFF74DFF2020ADF8000045
:105E000018208DF8030003208DF80200044C694629
:105E10002046FDF77DFB20212046FDF702FC38BD22
:105E2000000C014010B5FFF7E3FFBDE81040FFF79D
:105E3000D7BF0000120442EA01211943074A0E2885
:105E400002D242F820107047FF28FCD1002042F80F
:105E50002010401CC0B20E28F9D37047C810002093
:105E6000074A0E2802D242F820107047FF28FCD1C2
:105E7000002042F82010401CC0B20E28F9D3704711
:105E8000C810002010B586B00121C803FFF7E6FE58
:105E90004FF44040ADF804004FF48270ADF80600B6
:105EA0000020ADF80800ADF80A000121ADF80C1093
:105EB0004902ADF80E101021ADF81010ADF8120027
:105EC0000720ADF814000A4C01A9204600F09BFA07
:105ED0000121204600F076FA0021204600F066FA03
:105EE00001220221204600F079FA06B010BD000020
:105EF000003C00402DE9F04100211B4E06F1380422
:105F0000002056F8215001EB4103C0F1170725FA94
:105F100007F2D20701D0F82200E0802200EBC3078D
:105F200027447A70401CC0B21828EED3491CC9B26D
:105F30000E29E5D30D4C4FF4A9712046FCF77FFAEA
:105F400001212046FCF7BEF9094D2846FCF748FA26
:105F50000028FAD000212046FCF7B4F92846BDE815
:105F6000F041FCF7A3B90000C81000201C04024057
:105F70002000001010B5194CA070E170217120288C
:105F80000BD151B1022001F055FC002001F040FE80
:105F9000E078BDE8104001F09DBC242810D02328F3
:105FA0001BD10120E070022001F044FC01F032FC22
:105FB000022001F02DFEE078BDE8104001F08ABC1F
:105FC00000290AD0022001F035FC012001F020FE5A
:105FD000E078BDE8104001F07DBC10BD000000205D
:105FE0002DE9F047784DA878002878D00027AF70C9
:105FF00000F0F2F87549B1F90400C0F57A700FFAB3
:1060000080FAC888A0F57A7006B20888A0F57A7080
:1060100004B20AF13B00772800D2BA4606F13B00F1
:10602000772800D2002604F13B00772800D2002414
:106030004AEA060020430DD0FEF72CFDDFF89091D0
:106040004FF03338072849D2DFE800F0BA274ABAC0
:106050006C829900A889EA89904213D2401CA881D9
:10606000B1F90A00B0F5FA7F01DB012000E0002061
:106070002871FEF7B1FFFEF70DFD052802D10020C3
:10608000FBF7EAF8A989E889814228D1401CA88158
:10609000BDE8F0470020FEF79FBF5046FAF7F6FB39
:1060A000C24652464B46FAF7EBFAFAF73AFC0FFAB9
:1060B00080F8A5F806803046FAF7E8FB52464B46D2
:1060C000FAF7DEFAFAF72DFC01B2298104EB84001D
:1060D00002B26A8100234046FEF7D6FA70E070E013
:1060E0005046FAF7D3FBC24652464B46FAF7C8FA77
:1060F000FAF717FC0FFA80F8A5F806803046FAF791
:10610000C5FB52464B46FAF7BBFAFAF70AFC01B256
:10611000298104EB840002B26A8100234046FEF725
:10612000B3FA4DE05046FAF7B1FB42464B46FAF758
:10613000A7FAFAF7F6FB00B2E88039462F8104EBA4
:106140004402520012B26A810023FDF783F837E05F
:106150005046FAF79BFB4FF066321E4BFAF790FA67
:10616000FAF7DFFB00B2E880122194FBF1F109B2EB
:1061700029813A466F810023FAF7E4FE20E0504679
:10618000FAF784FBC24652464B46FAF779FAFAF719
:10619000C8FB0FFA80F8A5F806803046FAF776FBC0
:1061A00052464B46FAF76CFAFAF7BBFB01B229816B
:1061B00004EB840002B26A8100234046FEF764FAD1
:1061C000AF81BDE8F0870000780000200E050020B8
:1061D0003333F33F6666024010B52B48417882782E
:1061E00041EA0221C1F30A0300F119010B80D3082F
:1061F000C27843EA4213C3F30A034B80037992093E
:1062000042EA8303427943EA8223C3F30A038B8081
:106210005308827943EAC213C3F30A03CB801309FC
:10622000C27943EA0213C3F30A030B81037AD2094A
:1062300042EA4303427A43EA4223C3F30A034B810F
:106240009308827A43EA8213C3F30A038B81C37AE9
:10625000520942EAC302CA810C4B0022DA70C07DA7
:106260004FF47A72440706D50120D8700A804A801C
:106270008A80CA8010BD0007FCD50320D8700A8030
:106280004A808A80CA8010BDF50400207800002072
:1062900070B5154C002301252178144A002901D13D
:1062A0000F280AD021B16178491CC9B261705054DD
:1062B0006078182808D3012007E02570A370637068
:1062C0001070FF201076F3E70020217808420AD0F2
:1062D0002370107E002806D10449192201F119000B
:1062E000FAF714F8A57070BD78000020DC040020D7
:1062F00010B586B000F026FB01218803FFF7AEFC45
:106300000020ADF804004FF48271ADF80610ADF82E
:1063100008000221ADF80A100121ADF80C10490265
:10632000ADF80E103821ADF81010ADF812000720AE
:10633000ADF81400054C01A9204600F064F80121D5
:10634000204600F03FF806B010BD000000380040C5
:106350002DE9F04107460D460024134E06E0641C6B
:10636000E4B2C82C02D90120BDE8F08102213046F8
:1063700000F03EF80028F2D03946304600F041F8EF
:10638000002405E0641CE4B2C82C01D90120EBE72D
:106390000121304600F02CF80028F3D0304600F000
:1063A0002EF828700020DFE700380040002904D0D4
:1063B000018841F4005101807047018821F40051A7
:1063C00001807047002904D0018841F0400101801C
:1063D0007047018821F0400101807047002A03D0F6
:1063E00082880A438280704782888A43828070470D
:1063F0000246002012890A4200D00120704780899D
:1064000070478181704730B5028802F441530A8891
:106410004C88CD8822438C882C4322430C8922430C
:106420004C8922438C892243CC8922431A4302801F
:10643000828B22F400628283098A018230BD0000CF
:1064400030B5802813D2202911D20C4B1B790BB107
:1064500072B10022012301F00704A340C908084DCE
:1064600000EBC110012A05D0295C9943295430BDA5
:106470000122EFE7295C1943295430BD6001002057
:10648000C80E0020002805D0FF224FF400710248FA
:10649000F9F75CBF0022F8E7C80E0020014A10801F
:1064A000518070476001002010B540F6C410401EB6
:1064B0000028FCD1AE2200213C200AF0D1FAA6220D
:1064C00000213C200AF0CCFAAE2200213C200AF048
:1064D000C7FAD52200213C200AF0C2FA802200210E
:1064E0003C200AF0BDFAA82200213C200AF0B8FAAC
:1064F0001F2200213C200AF0B3FAD32200213C20C5
:106500000AF0AEFA002211463C200AF0A9FA402215
:1065100000213C200AF0A4FA8D2200213C200AF040
:106520009FFA142200213C200AF09AFA202200212E
:106530003C200AF095FA022200213C200AF090FA51
:10654000A12200213C200AF08BFAC82200213C2025
:106550000AF086FADA2200213C200AF081FA0222AF
:1065600000213C200AF07CFA812200213C200AF024
:1065700077FACF2200213C200AF072FAD9220021BA
:106580003C200AF06DFAF12200213C200AF068FA62
:10659000DB2200213C200AF063FA402200213C204B
:1065A0000AF05EFA2E2200213C200AF059FAA422B9
:1065B00000213C200AF054FAA62200213C200AF0D7
:1065C0004FFAAF2200213C200AF04AFA0020FFF7E0
:1065D00059FF00F073F80448002101804180012137
:1065E0004171012010BD0000600100202DE9F0473D
:1065F00082460E469146DFF898803178B8F8000060
:106600000844802805D2B8F8020071780844202890
:1066100002D30020BDE8F08700252BE0AAF120017D
:1066200001FB0050726832F8107000241EE007FA77
:1066300004F000040BD5B8F802004A46284481B2A1
:10664000B8F80000204480B2FFF7FAFE0DE0B9F17F
:10665000000F1AD00022B8F80200284481B2B8F81E
:106660000000204480B2FFF7EBFE641C3078A042AB
:10667000DDD86D1C7078A842D0D8B8F80000317809
:106680000844A8F800005046C4E70122E3E70000F0
:106690006001002070B504460D46164609E03246FA
:1066A0002946FFF7A3FF2178884201D0207870BDEA
:1066B000641C20780028F2D1207870BD70B50024C9
:1066C0000E4D04F1B000C2B200213C200AF0C8F91E
:1066D000002211463C200AF0C3F9102200213C2080
:1066E0000AF0BEF905EBC412802340213C200AF0D9
:1066F000BDF9641CE4B2082CE3D370BDC80E0020C1
:10670000C82800D9C82040F2654148434FF47A7147
:10671000B0FBF1F080B270477CB500200090019092
:1067200000240025FDF7BAFA012800D10125FF2039
:106730008DF80000FB218DF8011004218DF8021066
:1067400091218DF803108DF804508DF8050002207A
:1067500069460A5C2244D4B2401CC0B20528F8D372
:106760008DF805400621684600F066FE7CBD0000FD
:1067700070B5404D00242846A978C078202930D033
:106780000ADC012929D03B48132900795AD0142961
:106790005FD0152908D166E0232928D0242944D0C8
:1067A00030295CD0512914D0AC70A878C8B328899E
:1067B000401C80B2288105285AD3AC702C8101F08E
:1067C000D1F8012854D1E878BDE87040002101F0EB
:1067D000CBB9FAF7B4FEAC70E7E7FEF757FBAC7045
:1067E000E3E701F0EDF80028DFD0AC70DDE701F061
:1067F000E7F8012108B1697103E02889032800D373
:10680000697168790028D0D06C712C81E878401CBF
:10681000C0B2E870072805D3EC70AC7001F03CF909
:10682000C3E724E001F056F8BFE720B9AC700121BE
:10683000002001F099F9E87801F0C2F80028B4D0FE
:10684000AC70B2E7411E042901D2FFF729F8AC7001
:10685000ABE7052801D1FFF723F8AC70A5E7FAF7FD
:1068600045FCAC70A1E7FEF7E7FAAC709DE72C8120
:1068700070BD000000000020AFF300800CB50022C6
:10688000019200922748016841F4803101604FF481
:10689000A063016801F4003100910199491C019144
:1068A000009911B901999942F3D10168890302D580
:1068B0000121009100E000920099012930D11A498C
:1068C0000A6842F010020A600A6822F003020A60B5
:1068D0000A6842F002020A60416841604168416012
:1068E000416841F480614160416821F47C1141605C
:1068F000416841F4E8114160016841F08071016034
:1069000001688901FCD5416821F0030141604168BB
:1069100041F0020141604168C1F381010229FAD1CD
:106920000CBD000000100240002002400449002875
:1069300002D00120C88070470020C8807047000046
:106940000C000020F8B501210820FFF7A3F94FF44F
:106950002040ADF8000003258DF8025018208DF876
:106960000300114E69463046FCF7D2FDB414ADF871
:1069700000408DF8025010228DF803206946304601
:10698000FCF7C6FD21463046FCF74DFEA100ADF8F0
:10699000001048218DF8031001218DF8021069467E
:1069A0003046FCF7B5FDF8BD000C01404FF0E0218A
:1069B000042804D0086920F00400086170470869C1
:1069C00040F004000861704710B50F48016841F0BD
:1069D0000101016041680D4A1140416001680C4AA3
:1069E00011400160016821F480210160416821F4B7
:1069F000FE0141604FF41F018160FFF73DFF054933
:106A00004FF00060086010BD001002400000FFF869
:106A1000FFFFF6FE08ED00E0014800787047000037
:106A20004000002070B5048C24F001040484058B20
:106A3000048C25F0F3054FF6FF7606EA03131343A3
:106A40002B43104A90420ED00F4A90420BD0B0F127
:106A5000804F08D00D4A904205D00D4A904202D096
:106A60000C4A904205D124F002020A4342F001018F
:106A700004E024F00A020A4342F001010383018486
:106A800070BD0000002C01400034014000040040B3
:106A900000080040000C0040F0B5048C24F0100405
:106AA0000484068B048C4FF6FF7505EA011726F463
:106AB000734605EA0333334305EA02221A43104BB7
:106AC00098420ED00F4B98420BD0B0F1804F08D0B7
:106AD0000D4B984205D00D4B984202D00C4B98427A
:106AE00005D124F02001394341F0100104E024F0E5
:106AF000A0030B4343F0100102830184F0BD0000AA
:106B0000002C014000340140000400400008004017
:106B1000000C0040F0B5048C24F480740484858B50
:106B2000048C4FF6FF7707EA012625F0F30507EA04
:106B3000031313432B43104A90420ED00F4A904246
:106B40000BD0B0F1804F08D00D4A904205D00D4ACD
:106B5000904202D00C4A904205D124F40071314396
:106B600041F4807104E024F420620A4342F480710D
:106B700083830184F0BD0000002C014000340140FB
:106B80000004004000080040000C0040F0B5048CF8
:106B900024F480540484868B048C4FF6FF7505EA38
:106BA000013726F4734605EA0222324305EA03332D
:106BB0001343104A90420ED00F4A90420BD0B0F1CE
:106BC000804F08D00D4A904205D00D4A904202D025
:106BD0000C4A904205D124F40051394341F48051CC
:106BE00004E024F402420A4342F480518383018486
:106BF000F0BD0000002C01400034014000040040C2
:106C000000080040000C004010B5084C012120464F
:106C100000F07DF9002807D00121204600F039F866
:106C2000BDE81040FEF74CBF10BD0000001400404E
:106C30001FB501212020FFF711F84720ADF804000F
:106C40000920ADF80800104C01A9204600F000FB17
:106C50000121204600F01AF801221146204600F0DA
:106C6000B1F937218DF8001001218DF801108DF850
:106C700002108DF803106846FEF7F0FA0121204655
:106C800000F00AF81FBD000000140040C943018253
:106C90007047C94301827047002904D0018841F040
:106CA000010101807047018821F0010101807047D6
:106CB000002905D030F8441F41F40041018070479D
:106CC00030F8441FC1F30E010180704710B57349BD
:106CD00088420AD1C41401212046FEF7E9FF20466C
:106CE000BDE810400021FEF7E3BFB0F1804F0CD0AB
:106CF0006B49884213D101210220FEF7BDFF00211C
:106D0000BDE810400220FEF7B7BF01210846FEF79C
:106D1000B3FF0021BDE810400120FEF7ADBF61497F
:106D2000884209D101210420FEF7A6FF0021BDE819
:106D300010400420FEF7A0BF5B49884209D1012121
:106D40000820FEF799FF0021BDE810400820FEF75B
:106D500093BF5649884209D101211020FEF78CFFCC
:106D60000021BDE810401020FEF786BF5049884240
:106D700009D101212020FEF77FFF0021BDE810404E
:106D80002020FEF779BF4B4988420AD144140121E3
:106D90002046FEF78DFF2046BDE810400021FEF79B
:106DA00087BF454988420AD10121CC042046FEF71D
:106DB0007FFF2046BDE810400021FEF779BF3F4924
:106DC00088420AD101210C052046FEF771FF2046BA
:106DD000BDE810400021FEF76BBF394988420AD157
:106DE00001214C052046FEF763FF2046BDE8104018
:106DF0000021FEF75DBF3349884209D101214020BF
:106E0000FEF73AFF0021BDE810404020FEF734BFF6
:106E10002D49884209D101218020FEF72DFF002154
:106E2000BDE810408020FEF727BF284988420AD1DC
:106E3000841501212046FEF71FFF2046BDE81040C3
:106E40000021FEF719BF224988420AD101210C0412
:106E50002046FEF72DFF2046BDE810400021FEF73A
:106E600027BF1C4988420AD101214C042046FEF765
:106E70001FFF2046BDE810400021FEF719BF16494C
:106E800088420AD101218C042046FEF711FF2046DA
:106E9000BDE810400021FEF70BBF10BD002C0140E3
:106EA0000004004000080040000C004000100040BA
:106EB0000014004000340140004C014000500140EB
:106EC0000054014000180040001C00400020004019
:106ED00000400140004401400048014070B5058970
:106EE000048B068C25F007050D434FF6FC410C4042
:106EF00040F201110C4326F022064FF6FF7101EA21
:106F000003111143314305810483018470BD02469E
:106F10000020138A0B4092890A40002B02D0002ADD
:106F200000D001207047000070B505460C461D4892
:106F3000854209D01C48854206D0B5F1804F03D068
:106F40001A48854200D01A4820886188A28823897F
:106F500060B1042813D008281AD02846FFF716FE7F
:106F6000E1882846BDE8704000F065B92846FFF783
:106F700059FDE1882846BDE8704000F040B9284638
:106F8000FFF78AFDE1882846BDE8704000F03FB970
:106F90002846FFF7BFFDE1882846BDE8704000F0B5
:106FA00042B90000002C01400034014000040040C0
:106FB0000008004000210180418001228280C180C0
:106FC00001817047002A03D082890A438281704779
:106FD00082898A438281704730B5028C22F0010297
:106FE0000284028C8388048B24F0700424F003054F
:106FF0000C882C4322F002020D8915434A882A434B
:10700000124DA8420BD0124DA84208D0114DA842F3
:1070100005D0114DA84202D0104DA8420FD122F048
:1070200008054A892A4322F004058A882A4323F462
:10703000807323F400738D891D43CB892B43838098
:107040000483C9888186028430BD0000002C014081
:10705000003401400040014000440140004801402C
:1070600070B5028C22F010020284028C8388048B9B
:1070700024F4E04424F440760D884FF6FF7404EACB
:107080000525354322F020020E8904EA0616164330
:107090004A8804EA02123243114EB04202D0114E25
:1070A000B04217D122F080024E8904EA0616164338
:1070B00026F040068A8804EA0212324323F48063F1
:1070C00023F400638E8904EA86061E43CB8904EA12
:1070D0008303334383800583C9880187028470BD9D
:1070E000002C01400034014070B5028C22F4807203
:1070F0000284028C8388848B24F0700424F00304BF
:107100000D88254322F400720E894FF6FF7404EABD
:10711000062616434A8804EA02223243114EB04240
:1071200002D0114EB04217D122F400664A8904EA17
:107130000222324322F480668A8804EA0222324321
:1071400023F4805323F400538E8904EA06161E4369
:10715000CB8904EA0313334383808583C9888187FD
:10716000028470BD002C01400034014070B5028CD7
:1071700022F480520284058C8288838B23F4E043BE
:1071800023F440760C884FF6FF7303EA042434435B
:1071900025F400550E8903EA06362E434D8803EA8E
:1071A00005353543094EB04202D0094EB04205D1F3
:1071B00022F480468A8903EA8212324382808483E1
:1071C000C988A0F84010058470BD0000002C014063
:1071D000003401400021018041808180C180018113
:1071E00041818181C18170478186704701877047E5
:1071F00081877047A0F84010704781847047028BE8
:1072000022F00C020283028B0A4302837047028B36
:1072100022F440620283028B4FF6FF7303EA0121DE
:107220000A4302837047828B22F00C028283828B96
:107230000A4382837047828B22F440628283828B6E
:107240004FF6FF7303EA01210A438283704700006F
:1072500030B502881B4C1C4DA0420DD0A8420BD06B
:10726000B0F1804F08D0194B984205D0184B984286
:1072700002D0184B984203D122F070034A881A4377
:10728000154B984206D0154B984203D022F4407318
:10729000CA881A4302808A8882850A880285A042A9
:1072A0000AD0A84208D00E4A904205D00D4A90421A
:1072B00002D00D4A904201D1097A018601218182D2
:1072C00030BD0000002C01400034014000040040AB
:1072D00000080040000C0040001000400014004076
:1072E0000040014000440140004801404FF6FF715A
:1072F000818000210180C1804180017270470000BF
:1073000010B58CB001210846FEF79AFC104C2046BF
:10731000FAF7E6FF0F4801900F4802901020039003
:107320000021049105918020069007910891099110
:1073300080010A900B9101A92046FBF763F80548EC
:1073400001228021001F00F0A3F90CB010BD000045
:107350004400024004380140E40D002010B5084C00
:1073600040F22551204600F0A4F9002807D020461D
:1073700000F038FAC0B2BDE8104001F01BBA10BDF1
:107380000038014070B586B0044601210420FEF7A4
:1073900081FC01218803FEF77DFC4FF40070ADF8FD
:1073A000140018208DF8170003258DF81650204E74
:1073B00005A93046FCF7ACF83115ADF814100421DE
:1073C0008DF8171005A93046FCF7A2F825218DF895
:1073D000101001218DF811108DF812508DF8131036
:1073E00004A8FDF73BFF00940020ADF80400ADF8C1
:1073F0000600ADF80800ADF80C000C20ADF80A004E
:107400000C4C6946204600F08FF9012240F22551CC
:10741000204600F06EF90121204600F02DF94021B0
:10742000204600F025F9FFF76BFF06B070BD0000A5
:10743000000801400038014070B505460C46002C9C
:107440001CD00F4E3046FAF7C7FF0028FAD145B1DD
:10745000642C01D9642200E0224629460948F8F745
:1074600055FF00213046FAF72DFF05484438846463
:107470003046BDE870400121FAF724BF70BD00001E
:1074800044000240E40D002010B5074C20212046A6
:1074900000F008F90028F9D0204600F0A3F9C0B2A6
:1074A000BDE81040FEF7F4BE0044004070B586B061
:1074B000044601210420FEF7EDFB01214804FEF7FC
:1074C000CDFB0425ADF8145018218DF817100321B9
:1074D0008DF816101E4E05A93046FCF719F8082144
:1074E000ADF814108DF8175005A93046FCF710F8C8
:1074F00026208DF8000001218DF8011002208DF862
:1075000002008DF803106846FDF7A8FE0194A8025A
:10751000ADF808004000ADF80A00C010ADF80C004E
:107520000020ADF810000C20ADF80E00094C01A9A8
:10753000204600F0F9F8012240F22551204600F0E3
:10754000D8F80121204600F097F806B070BD000081
:10755000000801400044004010B5084C40F225519D
:10756000204600F0A6F8002807D0204600F03AF99F
:10757000C0B2BDE8104000F0FBB910BD00480040AB
:1075800070B586B0044601211120FEF783FB01216E
:107590008804FEF763FB01212348FCF70DF84FF444
:1075A0008061ADF8141018208DF8170003208DF8B5
:1075B00016001E4E05A93046FBF7AAFFF114ADF8E0
:1075C000141004258DF8175005A93046FBF7A0FFCD
:1075D00027218DF8001001218DF801108DF802503F
:1075E0008DF803106846FDF739FE01940020ADF8D0
:1075F0000800ADF80A00ADF80C00ADF810000C2042
:10760000ADF80E000A4C01A9204600F08DF80122C9
:1076100040F22551204600F06CF80121204600F090
:107620002BF806B070BD00001000140000100140DF
:107630000048004070B505460C4603E0287800F08D
:1076400005F86D1C641EA4B2F8D270BD70B5054675
:10765000064C8021204600F025F80028F9D0294664
:107660002046BDE8704000F0C1B80000004800406E
:107670008A05C94301807047002904D0818941F4FB
:10768000005181817047818921F4005181817047C7
:10769000002A03D0828A0A4382827047828A8A4300
:1076A000828270470246002012880A4200D00120E0
:1076B000704770B5002440F66A12C1F3421301F01E
:1076C0001F05012606FA05F2012B0CD0022B0DD066
:1076D000838A1340090A8E40008830400BB100B104
:1076E0000124204670BD83891340F3E7038A1340C9
:1076F000F0E710B540F66A13C1F3421301F01F041E
:107700000121A140012B07D0022B07D014303AB140
:1077100002680A43026010BD0C30F8E71030F6E74B
:1077200002688A43026010BD30B585B004460D463C
:10773000208A4CF6FF710840E98801432182A08924
:107740004EF6F3110840A9882A8911436A89024339
:107750001143A181A08A4FF6FF410840A989014346
:10776000A1826846FEF7B2FA1D48844201D103980F
:1077700000E00298A189090408D500EBC00101EBE3
:10778000001029684900B0FBF1F007E000EBC001F0
:1077900001EB001029688900B0FBF1F06422B0FB16
:1077A000F2F109010B096FF018056B4300EB830040
:1077B000A3891D044FF0320307D503EBC000B0FBD3
:1077C000F2F000F00700084306E003EB0010B0FB06
:1077D000F2F000F00F000843208105B030BD00003A
:1077E000003801408088C0F308007047C1F30801E9
:1077F0008180704710B50648FAF7FCFCF9F768FE7F
:10780000002804D0BDE810400148FAF781BC10BD43
:107810006801002010B50023054C581CC0B200F0D0
:1078200085F824F813005B1C062BF6DB10BD000066
:10783000D8030020064A00211170022806D100203A
:10784000921D1154401CC0B20828FAD370470000A2
:10785000180000202DE9FE4F03468A461446FF25F6
:10786000FF2607274FF003084FF02A09184600F0BB
:107870005DF8504481B24FF47A60814201D90146EB
:1078800002E0602900D26021080A220A03F1340CC8
:1078900084448C449444A4446FEA0C0C8DF800504A
:1078A0008DF801608DF802308DF803708DF804803A
:1078B0008DF805908DF806008DF807108DF80820DA
:1078C0008DF809408DF80AC00B216846FFF7B2FE1B
:1078D000BDE8FE8F2DE9FC41FF22FF230424022591
:1078E0003826022700F14001C9438DF800208DF8A9
:1078F00001308DF802008DF803408DF804508DF8AA
:1079000005608DF806708DF8071008216846FFF7AE
:1079100091FEBDE8FC810000012801D000207047E5
:107920000148007870470000180000200146002040
:107930004A1E052A09D80A48052907D006290AD06F
:1079400030F81200A0F5FA6000B270470089A0F28A
:10795000CE5000B270474089A0F61C4000B270477C
:107960003200002001488088704700001800002085
:1079700030B5124A0125931D917800290ED00024BC
:10798000012910D0022908D151785854491CC8B295
:107990005070082801D39470157030BDFF28FCD1B9
:1079A0001870957030BDF52802D094701C7030BDF1
:1079B000F520587002209070507030BD18000020E3
:1079C00070B500250120FFF7A7FF30B30125012086
:1079D000FFF730FF17498A78C8780C794B79104443
:1079E0001C4420448C792044C043C0B2C9798142F0
:1079F00013D144EA0321FFF7B5FF01280FD0FFF7A9
:107A0000B1FF02280FD0104600F018F8F9F7DCFF9C
:107A100018B108490120891FC870284670BD10465A
:107A200000F01CFAF2E7521E052AEFD8024820F8AF
:107A30001210EBE71E000020D80300207CB505469D
:107A40000C4600230022009201922846FFF76EFFA9
:107A5000211AFF208DF80000FB208DF80100062080
:107A60008DF8020020208DF803008DF804508DF869
:107A70000510080A8DF80600022069460A5C1A44BF
:107A8000D3B2401CC0B20728F8D38DF807300821C4
:107A90006846FFF7D1FC7CBDF0B589B00025002415
:107AA000142104A8F8F759FC0020019002900390DB
:107AB0002C4F01AE601C0346C0B2FFF737FF37F80A
:107AC0001410081A26F81400DCB2062CF2D3FF209A
:107AD0008DF81000FB208DF811000F208DF812009A
:107AE00023208DF81300BDF804008DF81400000A5F
:107AF0008DF81500BDF806008DF81600000A8DF807
:107B00001700BDF808008DF81800000A8DF819005C
:107B1000BDF80A008DF81A00000A8DF81B00BDF8A8
:107B20000C008DF81C00000A8DF81D00BDF80E0039
:107B30008DF81E00000A8DF81F00022004A90A5CBF
:107B40002A44D5B2401CC0B21028F8D38DF820507A
:107B5000112104A8FFF770FC002000F059F809B0CB
:107B6000F0BD0000D80300201CB5002200230093C4
:107B70000193FF238DF80030FB238DF8013005239E
:107B80008DF8023024238DF803308DF804008DF831
:107B90000510022069460B5C1A44D2B2401CC0B2E8
:107BA0000628F8D38DF8062007216846FFF744FC25
:107BB000002000F02DF81CBD2DE9FC41411EF929E3
:107BC0001CD8FF22FF23FE2404250326052700F5E9
:107BD0008571C9438DF800208DF801308DF8024081
:107BE0008DF803508DF804608DF805708DF806004F
:107BF0008DF8071008216846FFF71CFDBDE8FC81E1
:107C0000024A401E22F81010704700003200002087
:107C10000149888070470000180000202DE9F041DC
:107C20000446DDE906780D4616460120FFF77EFE84
:107C30002044174C20800220FFF778FE2844608003
:107C40000320FFF773FE3044A0800420FFF76EFE90
:107C50001844E0800520FFF769FE384420810620A3
:107C6000FFF764FE4044608100204FF47A635A10AD
:107C700034F81010994202D924F8102003E060294A
:107C800001D224F81020401C0628F1DBBDE8F08169
:107C9000260000202DE9FC410021002800D0012110
:107CA000FF22FF23FE2404250326282701F22D109E
:107CB000C0438DF800208DF801308DF802408DF81A
:107CC00003508DF804608DF805708DF806108DF85E
:107CD000070008216846FFF7ADFCBDE8FC81000005
:107CE0002DE9F04F91B04FF0FF0AD346FE26222730
:107CF0004FF0830C4FF02A084FF0040951A106C938
:107D0000CDE90F1200210D910E910B910C910023E2
:107D1000010AC2B200204D4C0DF1340E34F810505F
:107D20002C0A0EF800400DF12C0E0EF800500DF14B
:107D30003C0E2B441EF800E0744423440B441344CF
:107D4000DBB2401CC0B20628E5D3F01960444044C1
:107D500048441844C0438DF804A08DF805B08DF850
:107D600006608DF807708DF808C08DF809808DF8D1
:107D70000A909DF83C308DF80B309DF834308DF82A
:107D80000C309DF82C308DF80D308DF80E108DF8DC
:107D90000F209DF83D308DF810309DF835308DF86E
:107DA00011309DF82D308DF812308DF813108DF8AC
:107DB00014209DF83E308DF815309DF836308DF842
:107DC00016309DF82E308DF817308DF818108DF87C
:107DD00019209DF83F308DF81A309DF837308DF816
:107DE0001B309DF82F308DF81C308DF81D108DF84C
:107DF0001E209DF840308DF81F309DF838308DF8EA
:107E000020309DF830308DF821308DF822108DF81B
:107E100023209DF841308DF824309DF839308DF8BD
:107E200025309DF831308DF826308DF827108DF8EB
:107E300028208DF82900262101A8FFF7FBFB11B0AF
:107E4000BDE8F08F010203040506000026000020B3
:107E50000148C078704700001800002010B50446A3
:107E6000601E06283FD2052C10D04FF44872062C15
:107E700020D0A1F5C86090422FD82046FBF7A4F887
:107E80002046BDE810400121FFF76EBEA1F2A240DE
:107E9000B0F5167F08D82046FBF796F82046BDE8D7
:107EA00010400121FFF760BE2046BDE810400221CE
:107EB000FFF75ABEA1F68C20904208D82046FBF767
:107EC00083F82046BDE810400121FFF74DBE204653
:107ED000BDE810400221FFF747BE2046BDE8104034
:107EE0000221FFF741BE10BD2DE9FC410C462028C0
:107EF0007ED00EDC16287CD2DFE800F07B333F47D3
:107F00004F58627B7B7B7B7B7B7B7B7893DFED7B3E
:107F10007BFD60286ED015DC30286CD008DC212871
:107F20006AD0222865D12078BDE8FC41FFF7B2BEB7
:107F300031287CD050285CD120786178BDE8FC41A4
:107F4000FEF718B8702873D0A02872D0A12871D07D
:107F5000A2284ED1207801284BD1BDE8FC41F9F789
:107F600099BA257864782846FEF7E0FC5F2C40D16A
:107F70002846BDE8FC41FBF73DB82078617840EA2F
:107F80000120BDE8FC41F9F7C1BC20786178BDE86B
:107F9000FC41401EC0B2FDF727BE20786178A27870
:107FA000E37802B0BDE8F041FDF72ABE20786178A1
:107FB000A278E378FDF73EFFBDE8FC41FDF79ABFEC
:107FC0002578667801F070FEA84200D11DB9FDF752
:107FD000D3FEFDF78FFF3146284601F0C3FE032D87
:107FE00007D1A078BDE8FC4101F0B4BE207804E0E0
:107FF000D0E081E002E1E0E0DAE05F287CD100221D
:1080000011460720FCF7F8FC0521002001F0AAFE2C
:10801000FDF7B2FEFDF76EFFBDE8FC410020F9F769
:1080200075BC00200090019094F9007003E0D6E048
:10803000E9E0EDE0F7E094F9018094F9026094F949
:108040000350FCF727FD3846F8F720FC814C00224E
:108050002346F8F715FBF8F764FC07B2ADF800709B
:108060004046F8F713FC00222346F8F709FBF8F71F
:1080700058FC0FFA80F8ADF802803046F8F706FC9D
:1080800000222346F8F7FCFAF8F74BFC06B2ADF8ED
:1080900004602846F8F7FAFB00222346F8F7F0FAC6
:1080A000F8F73FFC03B2ADF8063002B03246414665
:1080B0003846BDE8F041FCF739BF20786178A278F6
:1080C00041EA0221642900D9642102B00022BDE8FE
:1080D000F041FCF791BC237894F9010094F9021067
:1080E00094F9032003F0800340EA0104144304D010
:1080F00043B1012307E017E09FE0BDE8FC41012008
:10810000FCF76ABF002302B002EB8202BDE8F04137
:1081100001EB81015200490000EB8000400012B2E7
:1081200009B200B2FCF738BC257860784A4E4FF0AF
:108130007C544FF07F575F2811D0072D7DD2284601
:10814000FCF7DEFEFCF7A6FC062876D102B023463B
:1081500032463946BDE8F0410420FDF71DBC072D2D
:1081600075D22846FCF7CCFE2846FAF757FFFCF7F5
:1081700091FC06286BD12346324639460420FDF790
:108180000BFC02B0234632463946BDE8F0410420DC
:10819000FAF754BF20786178A27841EA0221E278A8
:1081A000237942EA032202B0BDE8F041FFF752BB57
:1081B0002078BDE8FC41FFF7FFBC21786078A27809
:1081C0005F2A06D0012942D1BDE8FC410021F8F721
:1081D000B7BF01293BD1BDE8FC41F8F7B1BF217819
:1081E00094F90100012905D0812930D1BDE8FC4175
:1081F000F9F746B8BDE8FC41F9F72EB82078BDE89C
:10820000FC41F9F7A9BF2078BDE8FC41F9F79AB91C
:1082100020785F281BD1FAF799FEFAF7B7FCBDE882
:10822000FC41F9F735BD207861785F290FD101282D
:1082300006D0BDE8FC41002000E008E0F9F76ABD87
:108240000120F9F767FDBDE8FC41F9F75BBABDE82D
:10825000FC810000000030400AD7A33D2DE9FC411D
:108260000446002202204B1E03E0255C2A44401CE9
:10827000C0B29842F9DBD0B2214411F8011C884207
:108280007ED1E078FE4D14287BD00DDC142877D207
:10829000DFE800F0765E6A7280899376767676768D
:1082A000767676ABC0E7FAF224286BD03DDC212845
:1082B00069D011DC152867D0202861D12079617937
:1082C000A27941EA0221E279237A42EA032202B04A
:1082D000BDE8F041FFF7BEBA22287CD023284FD159
:1082E0002079617940EA0120A179E27941EA02210D
:1082F000227A637A42EA0322A37AE57A43EA0523E3
:10830000257B667B45EA0625A67BE77B46EA0726B2
:10831000277C647C47EA0424CDE90056FFF77EFC05
:108320002046BDE8FC41FFF7DBBC30287ED0312879
:108330007DD050287CD0A02822D120795F281FD161
:10834000FAF704FEFAF722FCBDE8FC41F9F7A0BCFD
:10835000257964792846FEF7E9FA5F2C10D1284682
:10836000BDE8FC41FAF746BE2079617940EA012078
:10837000BDE8FC41F9F7CABA20796179401E04E0F2
:10838000ACE0E2E05CE14FE118E1BDE8FC41C0B2E5
:10839000FDF72ABC20796179A279E37902B0BDE8C2
:1083A000F041FDF72DBC20796179A279E379FDF7E1
:1083B00041FDBDE8FC41FDF79DBD2579667901F0E1
:1083C00073FCA84200D11DB9FDF7D6FCFDF792FD64
:1083D0003146284600E02CE101F0C4FC032D7DD19C
:1083E000A079BDE8FC4101F0B5BC20795F2875D1CA
:1083F000002211460720FCF7FFFA0521002001F0BA
:10840000B1FCFDF7B9FCFDF775FDBDE8FC410020AE
:10841000F9F77CBA2079617940EA012000B2A179AC
:10842000E27941EA022109B2227A02E01DE137E154
:1084300045E1637A42EA032212B2A37AE47A43EA7C
:1084400004231BB240EA0104144300D123B102B05B
:10845000BDE8F041FCF780BDBDE8FC410120FCF720
:10846000BBBD22796079A179E37941EA032102F069
:1084700080021AB1012202E02AE005E0002202B0E7
:10848000BDE8F041FCF7B8BA23796079A17940EAF8
:10849000012000B2E179227A41EA022109B2627A2E
:1084A000A47A42EA042212B203F0800340EA0104F3
:1084B000144302D033B1012305E0BDE8FC410120A3
:1084C000FCF78ABD002302B0BDE8F041FCF764BAB6
:1084D0002079617940EA0120A17900E0AAE0E279FF
:1084E00041EA0228217A627A41EA0226A47AF8F760
:1084F000DEF900222B46F8F735F9F8F775FA07464A
:108500004046F8F7D4F900222B46F8F72BF9F8F794
:108510006BFA80463046F8F7CAF900222B46F8F786
:1085200021F9F8F761FA05462B4642463946042000
:10853000FDF732FA5F2C7DD102B02B464246394618
:10854000BDE8F0410420FAF779BD2079617940EA6D
:108550000120A179E27941EA0227217A627A41EA8F
:108560000226A47AF8F7A3F900222B46F8F7FAF8C6
:10857000F8F73AFA80463846F8F799F900222B4680
:10858000F8F7F0F8F8F730FA07463046F8F78FF9C1
:1085900000222B46F8F7E6F8F8F726FA05462A46B1
:1085A00039464046FDF784FA5F2C43D102B02A4693
:1085B00039464046BDE8F041FAF776BD2579607945
:1085C000304E4FF07C544FF07F575F2811D0072D6D
:1085D0007BD22846FCF794FCFCF75CFA062874D1A1
:1085E00002B0234632463946BDE8F0410420FDF78B
:1085F000D3B9072D69D22846FCF782FC2846FAF742
:108600000DFDFCF747FA06285FD12346324639466E
:108610000420FDF7C1F902B0234632463946BDE8D1
:10862000F0410420FAF70ABD2079BDE8FC41FFF7CC
:10863000C3BA00E049E02079BDE8FC41FFF72ABB5E
:10864000247954B1062C40D80120FFF7E1FAE1B2B9
:10865000BDE8FC412420FDF78DBCFAF759FCBDE8CC
:10866000FC4100212420FDF785BC20796279A179A5
:108670005F290DD0012828D10021104604E0000018
:1086800000408F400AD7A33DBDE8FC41F8F758BD34
:1086900001281AD11046BDE8FC410121F8F750BD70
:1086A000217994F90500012905D081290DD1BDE872
:1086B000FC41F8F7E5BDBDE8FC41F8F7CDBD2079F8
:1086C0006179BDE8FC41FDF755BCBDE8FC810000C7
:1086D0002DE9F041002302224C1E03E0855C2B446F
:1086E000521CD2B2A242F9DBDAB2014411F8011CE9
:1086F0008A425BD1C1780F290AD015291DD0502993
:1087000054D102794179BDE8F0411046FDF732BC01
:1087100000795F284AD1002211460720FCF76CF946
:108720000521002001F01EFBFDF726FBFDF7E2FB13
:10873000BDE8F0410020F9F7E9B8047940791C4E12
:108740004FF07C554FF07F575F2809D0072C26D279
:108750002046FCF7D5FBFCF79DF9062819D01EE052
:10876000072C1CD22046FCF7CBFB2046FAF756FC20
:10877000FCF790F9062812D12B46324639460420E0
:10878000FDF70AF92B46324639460420FAF756FC23
:1087900005E02B46324639460420FDF7FDF832202D
:1087A000F8F794FEBDE8F041F9F772BABDE8F08140
:1087B0000AD7A33DF0B51D4A01271D4B517800296A
:1087C00013D00024012915D015462E78751CEDB262
:1087D00002291AD0032907D198551570D0798542FE
:1087E00002D3977114705470F0BDFF28FCD118703B
:1087F0005770F0BDFC2802D054701C70F0BDFC20F6
:108800005870022050701070F0BD811CC9B2D17137
:10881000142905D3147054701C705C70D471F0BDB1
:108820009855157003205070F0BD00000000002026
:10883000C40300200FB4054B10B503A9044A0298E5
:1088400000F048FD10BC5DF814FB000021B80008E2
:10885000BC0300200FB4084B10B504A902AA03986A
:1088600000F038FD044602A9002001F0CAF82046B5
:1088700010BC5DF814FB0000039A0008490050EAA0
:10888000C12018BF04204A0D18BF40F0010040F27B
:10889000FF72B2EB515F08BF40F00200012808BF31
:1088A000052070474100080218BF04200A0E18BFB7
:1088B00040F001004FF07F4232EA010108BF40F072
:1088C0000200012808BF0520704700002DE9F74F7E
:1088D000144694B00021C4E902111599079121F0C2
:1088E0000045C9498D4206DC1599C4E9000117B05D
:1088F0000020BDE8F08FC549DFF814A3A9423CDD94
:108900000799C44E0029C44FC44A1599534619DD2E
:10891000F7F7B0FE554506D0C14AC24BF7F7AAFE9D
:10892000C4E900010AE04FF0D352BE4BF7F7A2FEB4
:1089300032463B46F7F79EFEC4E9000117B001201E
:10894000BDE8F08FF7F7F5FD554506D0B44AB54BB5
:10895000F7F7EFFDC4E900010AE04FF0D352B14B45
:10896000F7F7E7FD32463B46F7F7E3FDC4E90001C0
:1089700017B04FF0FF30BDE8F08FAB49A942159911
:1089800078DB21F0004183468846A84AA84BF7F7D8
:1089900077FE0022A74BF7F7CCFDF7F7C2FF09904F
:1089A000F7F774FF06460F469C4A5346F7F768FEF2
:1089B00043465A46F7F761FE80468A46984A994BE5
:1089C00030463946F7F75CFE2A0D01250B924246E8
:1089D0005346F7F752FE032DC4E9000139D00B9836
:1089E000C1F30A51401A05EB45111139814230DAC1
:1089F0009148C346784400EB0510CDF80CA00C90CC
:108A0000D0E9002330463946F7F73AFE02460B46D6
:108A10000491069058460399F7F72CFE80468A4643
:108A200002460B4658460399F7F724FE049B069A24
:108A3000F7F720FE83460C9803913946D0E90223CC
:108A40003046F7F71DFE5A46039BF7F713FE6D1CE1
:108A5000BDE707980028A2BF099817B0BDE8F08FBE
:108A6000616881F000416160099817B04042BDE83B
:108A7000F08FFFE784461598C1F31301C0F30A5045
:108A8000A0F2F5304FEA601800F01F06C6F1200092
:108A9000139000200690079041F4801E05206D463B
:108AA00076B1664A08EB00017A4452F8213002EBB5
:108AB0008101B3404A68139922FA01F1194305E094
:108AC0005F4908EB0002794451F82210A1FB0E2700
:108AD000A1FB0C131A449A4234BF0123002303EB79
:108AE000070A05EB8003D3E901B70F448F4234BF77
:108AF0000121002193448B4411B1934502D903E035
:108B0000934501D2012100E00021C3E901B751449E
:108B100045F82010011EA0F10100C1DC0298059F5C
:108B200000F10050800F12900298DDE9035680009A
:108B3000F7F7ACFE834628460D91F7F7B8FE6FF0C5
:108B40001D02F7F77EFECDE90E013046F7F7AFFEC6
:108B50006FF03D02F7F775FE80468A463846F7F714
:108B6000A6FE6FF05D02F7F76CFE074642465346DD
:108B70001191F7F7DEFCDDE90E23F7F7DAFC5A4630
:108B80000D9BF7F7D6FC00250E465A4628460D9B4E
:108B9000F7F770FDDDE90E23F7F76CFD424653460B
:108BA000F7F768FD3A46119BF7F767FDDFF898A0E5
:108BB000244A5346F7F764FD07468846234A244B68
:108BC00031462846F7F75CFD3A464346F7F7B1FCD5
:108BD000074688464FF0A842534631462846F7F7E5
:108BE0004FFD3A464346F7F7A4FC159A12F0004FA2
:108BF00004D0129A81F0004152421292C4E900015D
:108C0000129817B0BDE8F08FFB21E93F7CD90240F4
:108C1000FB21F93F7370032E8A19A33B00004054D7
:108C20003163621A61B4D03DFB21394183C8C96DFB
:108C3000305FE43F0000E03FC0CC00003CCC0000CF
:108C40001ECC0000182D4454FB21F93D3326A611FB
:108C5000460B113C2DE9F0414F1E00EBC7010446C5
:108C6000D1E9000115461E4637F006020DD02A460E
:108C70003346F7F705FD7F1E04EBC703D3E9002356
:108C8000F7F757FC37F00602F1D1022F25D0042F59
:108C900013D0062F18BFBDE8F0812A463346F7F7F8
:108CA000EFFCD4E90A23F7F744FC2A463346F7F7EA
:108CB000E7FCD4E90823F7F73CFC2A463346F7F7EC
:108CC000DFFCD4E90623F7F734FC2A463346F7F7EE
:108CD000D7FCD4E90423F7F72CFC2A463346F7F7F0
:108CE000CFFCD4E90223F7F724FC2A463346F7F7F2
:108CF000C7FCD4E90023BDE8F041F7F71ABC000037
:108D00002DE9F04D04468CB0904821F000471646FE
:108D100098460D460991874206DA20462946F7F71C
:108D200000FE002800F0AE808948B8421CDC09989B
:108D30000028BCBF85F0004588F00048854A864B76
:108D400020462946F7F799FC04460D46324643462D
:108D500082488349F7F78EFC22462B46F7F7E9FB5A
:108D6000002604460D46B04622462B4610461946BC
:108D7000F7F786FC8B46824602460B46F7F780FCE7
:108D80000246089077480B46009106217844FFF789
:108D900061FFCDE90310744806217844009B089ACE
:108DA000FFF758FF52465B46F7F76AFCCDE905101E
:108DB00052465B4620462946F7F762FC0791009031
:108DC000DDE90310DDE90532F7F7B3FB079B009AF5
:108DD000F7F756FC32464346F7F7ABFB52465B4685
:108DE000F7F74EFC32464346F7F7A3FB80460E46A4
:108DF0005E4A5F4B07990098F7F742FC42463346BC
:108E0000F7F797FB82468B4622462B46F7F791FBF6
:108E100080464F480E46B84214985BDCF7F736FDA3
:108E20000746424633460591F7F783FBCDE901102B
:108E30004246334610461946F7F722FCDDE9013277
:108E4000F7F790FC52465B46F7F714FC22462B4698
:108E5000F7F713FC0122F7F7F4FC3A46059BF7F706
:108E60000CFC04460D460998022101EAA070C0F1ED
:108E70000100F7F70BFD0CB022462B46BDE8F04D84
:108E8000F7F7FEBB1498401C384320430BD01498CE
:108E9000012812D00CB022462B46BDE8F04D002030
:108EA0003449F7F75FBC0CB025F000432246BDE81B
:108EB000F04D00203049F7F755BC20462946FFF712
:108EC000DDFC042808BF00F065F820460CB02946F8
:108ED000BDE8F08D012802BF40460CB0BDE8F08D22
:108EE00000270B463A4620462946F7F7C6FB52466E
:108EF0005B46F7F7C2FB04460D4642463346002068
:108F00001C49F7F72FFC83463A46884633461046FD
:108F1000F7F7B6FB0022184BF7F70BFB06468A461D
:108F200022462B4638464146F7F7AAFB32465346BF
:108F3000F7F7FFFA5A464346F7F7A2FB0CB03A465A
:108F40004346BDE8F04DF7F7F4BA00000000303EAC
:108F50002894E53F182D4454FB21E93F075C143366
:108F600026A6813C10CA000032CA00006355555540
:108F70005555D53F0000F0BF0000F03F0122F7F744
:108F800060BCF7F7D6BA0022134610461146F7F731
:108F9000E9BB0000024A00201107F7F752BC0000AD
:108FA00001FDFFFF0121F7F7B8BA00210846F7F7E6
:108FB00076BA6FF05E010807F7F7AFBA2DE9F04D0A
:108FC0000D4614464FF07F41B1EB440F9EBF4FF06A
:108FD000FF312960BDE8F08D4FF0004040EA0421E8
:108FE000C4F3C750783810F01F024A4B4FEA601C98
:108FF000C2F120067B44C4F3C750A0F178004FEAC9
:10900000601003EB800053F82C3008BFD0E901C694
:1090100012D0D0F804C093402CFA06F73B4387687F
:109020000CFA02FC27FA06F8C06807FA02F2F040D0
:109030004CEA080C42EA0006A3FB0132ACFB01C07B
:10904000A6FB016101EB0C068E4234BF4FF0010C10
:109050004FF0000CC1186144BCF1000F02D08142F6
:1090600002D903E0814201D2012000E00020104437
:1090700000F120024FEA92188006CA0C40EA423002
:109080004F03C5F80080F7F7F3FB82463846F7F741
:10909000F8FB6FF01201F7F740FA07463046F7F792
:1090A000F0FB6FF02501F7F738FA83463946504652
:1090B000F7F76BF95946F7F768F900F500666FF3B3
:1090C0000B0651463046F7F7B2F93946F7F7AFF9D4
:1090D0005946F7F7AFF91049F7F7AFF907460F49C7
:1090E0003046F7F7AAF93946F7F74FF907460C4922
:1090F0003046F7F7A2F93946F7F747F914F0004F71
:1091000008BFBDE8F08DC8F1805180F000402960B3
:10911000BDE8F08D88C70000DB0FC92F22AAFD290A
:109120000000C92F02E008C8121F08C1002AFAD1A6
:1091300070477047002001E001C1121F002AFBD1D7
:10914000704700000149086070470000C00300201C
:109150002DE9FF5F82B00021DDE90430020DDDF86A
:1091600040B0034318D044F61050A2F2FF324243FD
:109170001514119801281FD0A5EB0B00401C5FEAC5
:10918000000A4FF000064E4FDFF83891B0465046C7
:1091900015D5CAF1000413E0119801244AA301284F
:1091A00001D16FEA0B010298119AC0E90031C0E9C0
:1091B000024206B0BDE8F09FCBF10000DFE70446B5
:1091C0000021404A491842EB0450CDE9001012E05A
:1091D000E00707D032463B4640464946F7F750FA8B
:1091E0008046894632463B4610461946F7F748FA0C
:1091F00006460F466410002CEAD1DDE90401DDE9E2
:109200000023BAF1000F06DAF7F73AFA42464B4666
:10921000F7F736FA05E0F7F7A5FA42464B46F7F7B7
:10922000A1FA04460E460022284BF7F7C5FB03D8E7
:109230004FF0FF30014607E00022254B2046314623
:10924000F7F777F9F7F75DFD102409E0002C0ADB4A
:109250000A220023F6F7D4FF039B30321A55641E0E
:1092600050EA0102F2D1641C039AC4F111031444C0
:10927000119A012A03D0012208430DD10AE00843C4
:1092800004D000204FF0110B119072E7A3EB0B05F7
:109290006D1E0DE05B4504DD4FF0000205F1010598
:1092A00004E003DA4FF00002A5F10105002AECD03A
:1092B00002981199C0E90231C0E9004579E7000040
:1092C000000014400000F03F300000000000F043B8
:1092D0000000E03F2DE9FF4F95B09B4689460646CA
:1092E00000250FE2252877D100242746F84A0121DE
:1092F000059400E0044316F8013F203B01FA03F017
:109300001042F7D130782A2811D06FF02F0330782F
:10931000A0F13002092A16D8059A44F0020402EBA3
:10932000820203EB42021044761C0590EFE759F8E5
:10933000042B0592002A03DA504244F400540590AD
:1093400044F00204761C30782E2816D116F8010F4E
:1093500044F004042A280DD06FF02F023078A0F1D9
:109360003003092B09D807EB870302EB4303C71827
:10937000761CF3E759F8047B761C30786C280FD004
:1093800006DC4C2817D068280DD06A2814D104E0D8
:10939000742810D07A280FD10DE044F400140AE0AC
:1093A00044F4801401E044F440147278824202D103
:1093B00004F58014761C761C307866280BD013DCFC
:1093C000582877D009DC002875D04528F6D04628E3
:1093D000F4D047281AD19DE118E0632835D06428DD
:1093E00079D0652812D195E1702873D008DC672800
:1093F000F1D069286FD06E280DD06F2806D1B5E066
:1094000073282CD0752875D0782874D05A461799AF
:1094100090476D1C75E1C4F30250022809D003285F
:109420000DD0D9F8001004280DD00D6009F1040901
:1094300067E1D9F80010EA17C1E90052F6E7D9F858
:1094400000100D80F2E70D70F0E719F8041B8DF89D
:10945000001000208DF80100EA46012003E059F8D1
:1094600004AB4FF0FF3061074FF0000102D40DE074
:1094700008F101018846B9420FDA8045F8DB1AF895
:1094800008100029F4D108E008F101018846814262
:10949000FADB1AF808100029F6D105985B46A0EB14
:1094A000080721463846179A00F094FA284400EB42
:1094B000080507E04DE029E10DE01AF8010B5A46D6
:1094C00017999047B8F10108F7D25B462146384614
:1094D000179A13E142E00A220092C4F302524FF0BD
:1094E000000A022A08D059F804CB032A4FEAEC718B
:1094F0000AD00DE029E02AE009F1070121F0070276
:10950000F2E802C1914609E00FFA8CFC4FEAEC71D7
:10951000042A03D14FFA8CFC4FEAEC71002907DAD8
:109520000A460021DCF1000C61EB02012D2202E071
:10953000220504D52B228DF80420012203E0E20746
:1095400001D02022F7E7904659E00A2102E01022DC
:109550000DE010214FF0000A00910BE010224FF0B7
:10956000000A44F004040827009203E008224FF0A8
:10957000000A0092C4F30252022A05D059F804CB23
:109580000021032A08D009E009F1070121F00702B0
:10959000F2E802C1914605E01FFA8CFC042A01D1D1
:1095A0000CF0FF0C4FF00008220728D5702806D0D9
:1095B000009B83F0100353EA0A0305D00EE040221B
:1095C0008DF80420012208E05CEA010206D0302276
:1095D0008DF804208DF8050002229046009B83F050
:1095E000080353EA0A030AD15CEA010201D16207C7
:1095F00005D530228DF804204FF001087F1E582831
:1096000004D034A003900EA802900DE036A0F9E734
:1096100053466046009AF6F7F3FD84460398825C51
:109620000298401E029002705CEA0100F0D102989C
:1096300006A9081A00F1200A600702D524F4803434
:1096400000E00127574502DDA7EB0A0000E00020FB
:1096500000EB0A01009005984144401A0590E00390
:1096600006D45B462146179A059800F0B3F90544E5
:10967000002706E001A85A46C05D179990476D1C67
:109680007F1C4745F6DBE0030CD55B462146179A65
:10969000059800F09FF9054404E030205A461799D8
:1096A00090476D1C0099481E00900029F5DC08E0E9
:1096B000029802995A460078491C029117999047DE
:1096C0006D1CBAF10001AAF1010AF1DC65E10000AC
:1096D0000928010030313233343536373839616288
:1096E000636465660000000030313233343536374C
:1096F00038394142434445460000000000F058F923
:109700000544761C307800287FF4ECAD19B028466B
:10971000BDE8F08F620700D4062709F1070222F0A6
:10972000070CFCE80223E14603F000485FEA080C5E
:1097300002D00FF2702C0DE05FEA045C02D50FF24C
:10974000682C07E05FEAC47C02D00FF2602C01E0D5
:10975000AFF2700C4FF0FF3823F00043CDF850C04B
:1097600065280CD006DC452809D046281DD047289E
:109770003DD13DE0662818D067287ED138E0002131
:10978000112F01DB112000E0781CCDE9000106A9B2
:109790000EA8FFF7DDFCDDE90F010E9A0391002111
:1097A000009207F1010A04914DE04FF0004000974C
:1097B000CDE9011006A90EA8FFF7CAFCDDE90F02EA
:1097C00003920E9B11990022DDF80CA000930492E5
:1097D00011B9791C00EB010AB7EB0A0004D4C0F1FF
:1097E000FF3007F1010A0490AAEB0700019044E062
:1097F000012F00DA01270021112F01DD112000E0E7
:109800003846CDE9000106A90EA8FFF7A1FCDDE965
:109810000F010E9A0391002104910092BA4621078C
:109820000CD40399514500DA8A46BAF1010F05DDDF
:10983000009AAAF10101515C302908D0B84202DA3D
:1098400010F1040F06DA0121CDE9011015E0AAF1AB
:109850000101E9E7002805DC049901440491AAEB21
:10986000000102E0411C514500DD8A460499401A7E
:10987000401C01904FF000400290200704D4019852
:10988000504501DBCDF8048000208DF84F00029890
:109890000DF14F07B0F1004F25D02B200E9002980C
:1098A0004FF0020800280CDA404202902D200E9062
:1098B00007E00A210298F7F7BDF83031029007F867
:1098C000011DB8F10001A8F10108F2DC029800289E
:1098D000EFD1791E0E980870307800F0200040F02B
:1098E000450007F8020D12A8C01B00F107081498E4
:1098F000007800B1012000EB0A01019801EBE07152
:1099000005984144401A401E0590E00306D45B468A
:109910002146179A059800F05DF8054414980078E0
:1099200018B15A46179990476D1CE00324D55B4641
:109930002146179A059800F04DF805441CE004985C
:10994000002807DBDDE90301884203DD0098405C65
:10995000179901E0179930205A469047049805F16D
:109960000105401C04900198401E019004D12E2056
:109970005A46179990476D1CBAF10001AAF1010AE5
:10998000DDDC05E017F8010B5A46179990476D1C6E
:10999000B8F10001A8F10108F4DC5B462146179AF2
:1099A0000598ABE62D0000002B0000002000000011
:1099B0002DE9F041044600251E461746880404D4CC
:1099C00005E039462020B0476D1C641EF9D52846B5
:1099D000BDE8F0812DE9F041044600251E46904681
:1099E000C80301D5302700E02027880404D505E00E
:1099F00041463846B0476D1C641EF9D52846BDE87F
:109A0000F0810A68531C0B601070704701490120F7
:109A1000487070475003002070B5244CE07AC007AE
:109A200014D1F6F761FCA070F6F75EFCE070F6F773
:109A30005BFC2071E07806F029FCE070221D511ECD
:109A4000481E06F03FFCE07A401CE072E07A0025F8
:109A5000012802D0032812D024E0207B0E2807D250
:109A60002379E278A178FCF7E5F9207B401C20738C
:109A7000207B0E2816D30220E072257312E0207B93
:109A80000E280AD2C0F10D00C0B22379E278A17885
:109A9000FCF7D0F9207B401C2073207B0E2801D3DB
:109AA000E5722573BDE87040FCF724BAAC000020D5
:109AB00010B5F7F7FFFE104A5179491CC9B2517130
:109AC000136918441061082914D300215171C4107E
:109AD0001161FCF751F9FAF7DDFF062806D02046A0
:109AE00006F042FBBDE81040FCF704BA204606F041
:109AF00084FBF7E710BD0000AC00002010B5454C1A
:109B00002146627B4969002A07D0072875D2DFE821
:109B100000F0444B525960676E00072835D2DFE8E9
:109B200000F0040B121920272E000023C9B21A4698
:109B3000FF20FCF77FF928E0CAB200231946FF2076
:109B4000FCF778F921E0CBB200221146FF20FCF7A8
:109B500071F91AE0CAB2C9B20023FF20FCF76AF912
:109B600013E0CBB2C9B20022FF20FCF763F90CE08E
:109B7000CBB2CAB20021FF20FCF75CF905E0CBB202
:109B8000CAB2C9B2FF20FCF755F96069801C606158
:109B900096283ADB0120607337E00023C9B21A46E9
:109BA000FF20FCF747F928E0CAB200231946FF203E
:109BB000FCF740F921E0CBB200221146FF20FCF770
:109BC00039F91AE0CAB2C9B20023FF20FCF732F912
:109BD00013E0CBB2C9B20022FF20FCF72BF90CE056
:109BE000CBB2CAB20021FF20FCF724F905E0CBB2CA
:109BF000CAB2C9B2FF20FCF71DF96069801E60611E
:109C0000002802DA002060736061BDE81040FCF7B4
:109C100071B90000AC00002070B5224C002521462F
:109C2000227848788979072A0DD2DFE802F00C04FF
:109C30000D1629203200814202D300F003F9A571EC
:109C4000A079401CA07170BD814202D300F044F89D
:109C5000A571A079401CA07170BD814203D3E07949
:109C6000FFF74CFFA571A079401CA07170BD814227
:109C700002D300F083F8A571A079401CA07170BDDB
:109C8000814202D3FFF7C8FEA571A079401CA071E4
:109C900070BD052902D3FFF70BFFA571A079401C09
:109CA000A07170BDAC000020014800787047000032
:109CB000AC00002010B50020064A4FF4A02142F865
:109CC0002010401C0E28FADBFCF756F8BDE81040C7
:109CD000FCF710B93405002070B5F6F705FB9624A3
:109CE00090FBF4F104FB1100C0B206F0CFFA054678
:109CF000F6F7FAFA90FBF4F104FB1100C0B206F09B
:109D0000C5FA0646F6F7F0FA90FBF4F104FB1100F1
:109D1000C0B206F0BBFA310441EA05210C4D014303
:109D200029600024E0B255F82410FCF799F80D2CB6
:109D300007DAC4F10C00C4F10D0155F8200045F814
:109D40002100641C0E2CEDDBBDE87040FCF7D2B89E
:109D50006C050020072801D20149C8717047000036
:109D6000AC000020044A072800D21070481E0928C1
:109D700000D8517070470000AC00002070B500EBB7
:109D800080004400F6F7B0FA90FBF4F104FB1100F8
:109D90002A4D022837DC2A4C0526A07B00EB400127
:109DA0002944497859B1401CB0FBF6F106FB11007B
:109DB000A07300EB40002844407800283CD1F6F71F
:109DC00093FA0E2190FBF1F201FB1201A07B00EB54
:109DD00040002954F6F788FA642190FBF1F201FB68
:109DE00012003230C1B2A07B00EB40022A44517015
:109DF0003223B1FBF3F1C91C9170401CB0FBF6F1AA
:109E000006FB1100A073002404EB44035A19507898
:109E10009178401A002800DC0020C1B25170E85C43
:109E20000B460A46FCF706F8641CE4B2052CEBD39B
:109E3000BDE87040FCF75EB870BD0000A4050020CE
:109E4000AC00002070B5364E3046737A807A0E2B07
:109E500058D2072821D2DFE800F004080C101418AB
:109E60001C009620002100221AE0962041210022A9
:109E700016E096209621002212E000209621002272
:109E80000EE00020962196220AE000200021962272
:109E900006E096200021962202E000200021002208
:109EA000204D042B14D200FB03F4A0EB9400C0B2AD
:109EB00001FB03F4A1EB9401C9B202FB03F4A2EB92
:109EC0009402D2B2090441EA00201043286002E063
:109ED0004FF4A02028600024E0B255F82410FBF7CE
:109EE000BFFF0D2C07DAC4F10C00C4F10D0155F8C9
:109EF000200045F82100641C0E2CEDDB707A401C1C
:109F0000707208E000217172401C0721B0FBF1F271
:109F100001FB1200B072BDE87040FBF7EBBF000020
:109F2000AC000020340500202DE9F04D8D4F21F0CC
:109F3000004A86B005460C46BA452ADBAAEB070064
:109F400028430AD08848824501DC1AD1CDB106B039
:109F50002846BDE8F04DFFF711B8844A844B2846E7
:109F6000F6F78EFB07460E46824A834B284621466B
:109F7000F6F786FB06B03A463346BDE8F04DF6F7F5
:109F8000D8BA0120FFF7DEF806B0BDE8F04DFEF7C5
:109F9000FABF7A48824542DABAF1795F0BDA28468D
:109FA000FEF76CFC042808BFFEF7F4FF284606B055
:109FB0002146BDE8F08D2A460B461046F6F760FBB9
:109FC000834602466E480E460B4606217844FEF74D
:109FD00041FE5A463346F6F753FB804669488A46A7
:109FE0005A46334604217844FEF734FE5A46334637
:109FF000F6F746FB00223B46F6F79BFA02460B4675
:10A0000040465146F6F7AEFB2A462346F6F738FBA4
:10A0100006B02A462346BDE8F04DF6F78ABA284630
:10A0200024F0004100223D463B46F6F726FB4FF068
:10A03000FF32F6F706FC0646024653480F460B462B
:10A0400006217844FEF706FE32463B46F6F718FB3B
:10A05000CDE900014D4832463B4604217844FEF7E5
:10A06000F9FD32463B46F6F70BFB00222B46F6F78E
:10A0700060FA834602913046394606F0B5FC8046C8
:10A0800043480D46504517DCDDE900015A46029B66
:10A09000F6F768FB42462B46F6F7F2FA42462B46A5
:10A0A000F6F747FA0122F6F7CCFB304A304BF6F7C9
:10A0B000E1FA304A304B4CE04FF0000A52460B4672
:10A0C0004046F6F736FACDE9031052462B461046C5
:10A0D0001946F6F7D5FA32463B46F6F7CEFADDE9F1
:10A0E0000332F6F73FFB06460F46DDE900015A460C
:10A0F000029BF6F737FB8346009101223046394632
:10A10000F6F79FFB194A1A4BF6F7B7FA06460F46C1
:10A11000012240462946F6F794FB5A46009BF6F783
:10A12000AFFA32463B46F6F7A5FA06460F4601223D
:10A1300050462946F6F785FB0E4DDFF858802A4633
:10A140004346F6F79AFA32463B46F6F796FA2A461F
:10A150004346F6F792FA002CD8BF81F0004106B0D2
:10A16000BDE8F08D0000F03F0000F07F075C143385
:10A1700026A6913C182D4454FB21F93F0000E03FF6
:10A18000F8B500000EB6000082B5000098B50000DA
:10A190003333EF3FFB21E93F2DE9F84F04460D46ED
:10A1A00021F0004000917349814211DC72498842DC
:10A1B00001DC06D12CB120462946BDE8F84FFEF758
:10A1C000DDBE6E48002DCCBF6D496E49BDE8F88FED
:10A1D0006D49814211DD6D498142D8BF4FF0FF3694
:10A1E0006DDD20462946FEF749FB042808BFFEF72F
:10A1F000D1FE20462946BDE8F88F6549654F25F018
:10A200000045814233DD6449814219DD0026324632
:10A210004FF0804320462946F6F78BF980468A4660
:10A22000012220462946F6F70CFB00223B46F6F7B2
:10A2300021FA42465346F6F795FA04460D463EE0AB
:10A2400001260022BA463B4620462946F6F771F918
:10A2500080460F460022534620462946F6F70AFA62
:10A2600042463B46F6F77EFA04460D4627E04B4948
:10A2700081421BDDDFF828A102260022534620463A
:10A280002946F6F7FDF900223B46F6F752F98046DB
:10A290000F460022534620462946F6F7EBF9424680
:10A2A0003B46F6F75FFA04460D4608E003262246D1
:10A2B0002B4600203B49F6F755FA04460D46224648
:10A2C0002B4610461946F6F7DBF98B4682460246C6
:10A2D0000B46F6F7D5F907460246334888460B4643
:10A2E00006217844FEF7B6FC52465B46F6F7C8F9FD
:10A2F00082462E488B463A46434605217844FEF76F
:10A30000A9FC3A464346F6F7BBF902460B46002E37
:10A31000504659460CDAF6F70CF922462B46F6F76A
:10A32000AFF901B022462B46BDE8F04FF6F7A5B9CC
:10A33000F6F7FFF822462B46F6F7A2F91C4A7A44B4
:10A3400002EBC603D3E90023F6F794F922462B4625
:10A35000F6F790F9174A7A4402EBC603D3E90023D3
:10A36000F6F78BF9009A002AB8BF81F00041BDE8EA
:10A37000F88F0000000010440000F07F182D4454B6
:10A38000FB21F93FFB21F9BF0000DC3F0000203E2C
:10A390000000F33F0000F03F0000E63F0080034074
:10A3A0000000F83F0000F0BF9AB3000058B300006F
:10A3B000F6B20000BEB200002DE9F04D9446CCF19B
:10A3C000000423F000464CEA0404524F46EAD474D9
:10A3D0009A46884621F00042BC4206D8454240EAEF
:10A3E000050442EAD474BC4204D9BDE8F04D62468B
:10A3F000FEF7C7BDAAF14055A5F17F6555EA0C04EB
:10A400000BD0022404EAAA74434DDFF810E144EAB9
:10A41000D87452EA000B04D00CE0BDE8F04DFFF711
:10A42000BBBE002C14BF012CBDE8F08D022C30D037
:10A43000032C32D056EA0C0B0AD0BE4220D1BA42CD
:10A4400009D126F0804622F080423346114617E0BB
:10A4500000291ADB25E0DFF8C8B0FB44002C04BF5C
:10A46000DBE90001BDE8F08D012C02BFDBE9000152
:10A4700081F00041BDE8F08D022C0AD0032C0CD0F5
:10A48000BA4212D1B8F1000F0BDA23482549BDE8D2
:10A49000F08D28462449BDE8F08D28467146BDE878
:10A4A000F08D1D482149BDE8F08D921B12153C2A04
:10A4B000C4BF19481D490EDCBAF1000FBEBF12F12E
:10A4C0003C0F0020014606DB6246F6F74BF921F00F
:10A4D0000041FFF761FE002C08BFBDE8F08D012CA4
:10A4E00004BF81F00041BDE8F08D114A114B022CF0
:10A4F00007D0F6F7BFF82A46BDE8F04D0A4BF6F74D
:10A50000B9B8F6F7B7F82A46BDE8F04D064BF6F7AE
:10A51000B4B800000000F07F182D4454FB2109C09E
:10A5200052B20000FB21F9BFFB210940FB21F93F9A
:10A53000075C143326A6A13C2DE9F04306460F46DE
:10A54000002F01DB3D4600E07D42002E01DB34465A
:10A5500000E07442A54201DD284600E020464FF4A9
:10A56000005108E000EBD070401005EBD57255109B
:10A5700004EBD47254108842F4DCA54208DB284670
:10A5800005F0D4FD0146204603F0ECF9034607E050
:10A59000204605F0CBFD0146284603F0E3F90346CB
:10A5A0001946184603F0DEF98146DFF86080494617
:10A5B000D8F80C0003F0D6F9D8F80810084449463A
:10A5C00003F0D0F9D8F804100844494603F0CAF95A
:10A5D000D8F800100844194603F0C4F9A8F10402A1
:10A5E000A54204DA116801EBD171C0EB6100002FC4
:10A5F00008DA002E03DA1168401ABDE8F08311680A
:10A60000081AFAE7002EF8DA4042F6E7A80300201D
:10A610002DE9F041054604464FF00E4000EB4400A2
:10A62000B0F1145F76D24FF0FE40B0EB440F24BF80
:10A63000002637460CD214F0004F19BF454F464E46
:10A64000464F474E21464748F5F729FF0546044641
:10A650004FF0FC40B0EB440F2CD24349DFF80C81A3
:10A6600014F0004F0AD04FF03F443846F5F7DFFEB4
:10A67000074641463046F5F7DAFE09E04FF07C54D4
:10A680003846F5F782FE074641463046F5F77DFE2F
:10A69000064621462846F5F7D0FE4FF07E51F5F7E5
:10A6A00074FE804621462846F5F7C1FE4146F5F77F
:10A6B000F6FE054629460846F5F7BFFE80462C49BA
:10A6C000F5F7BBFE2B49F5F760FE4146F5F7B5FE01
:10A6D0002949F5F75AFE4146F5F7AFFE2749F5F748
:10A6E00054FE4146F5F7A9FE2549F5F74EFE04460E
:10A6F00041462846F5F7A1FE2146F5F79EFE314674
:10A70000F5F743FE2946F5F740FE3946BDE8F0412E
:10A71000F5F73BBE4FF0E440B0EB440F09D92846B3
:10A72000FEF7C0F8042808BFFEF743FC2846BDE842
:10A73000F0814FF07F40B0EB440F04D22046BDE8DB
:10A74000F041FEF72FBC14F0004F14BF0D480E4827
:10A75000BDE8F0810000C9BF22AAFDB90000C93FD1
:10A7600022AAFD39000080BF0060ED3EC30ACE374B
:10A770002DAD65BD8FB8D53D0FB511BE61C84C3E3E
:10A78000A8AAAABEDB0FC9BFDB0FC93F4FF0FF323B
:10A79000002806D04FF6F87330EA030303D01046C2
:10A7A000704710467047000707D521B131F4E940E2
:10A7B00003D010467047104670470020704770283D
:10A7C0001BD00CDC072818D004DC052815D006287F
:10A7D00011D112E00F2810D010280CD10DE07628EE
:10A7E0000DD004DC712808D0722804D105E07E2841
:10A7F00005D07F2803D00120704702F095BA0020D1
:10A80000704700002DE9F843044602464F48694668
:10A81000B0EB420F09D94FF0E640B0EB420F94BFC6
:10A8200000204FF0FF30009030E0494B22F0004014
:10A83000834271D947492046F5F7FFFDF6F795F9B0
:10A840008046F6F741F800F0030000904249404688
:10A85000F5F7F3FD054641494046F5F7EEFD06469E
:10A860003F494046F5F7E9FD07463E494046F5F7C2
:10A87000E4FD2146F5F7DEFD3946F5F7D8FD314612
:10A88000F5F7D5FD2946F5F7D2FD04462546009C8F
:10A89000002C45DB294614F0010F08461CD0F5F7C3
:10A8A000CCFD06463049F5F7C8FD3049F5F7C2FD45
:10A8B0003146F5F7C2FD2E49F5F767FD3146F5F74C
:10A8C000BCFD2946F5F7B9FD2946F5F75EFD14F004
:10A8D000020F1CD0BDE8F883F5F7AFFD054625490A
:10A8E000F5F7ABFD2449F5F750FD2946F5F7A5FD31
:10A8F0002249F5F74AFD2946F5F79FFD4FF07E51B5
:10A90000F5F743FD14F0020F08BFBDE8F88380F0AF
:10A910000040BDE8F883FFE71046FEF74FFBB4E7C1
:10A920006800B0F17F4F3CBF4FF07E50BDE8F88328
:10A9300007D14FF00100FEF705FCBDE8F843FEF734
:10A9400034BB2846BDE8F843FEF72CBBB61F927E09
:10A95000490E494683F9223F1A61342C0020A23364
:10A9600000A0FD390000C93F336D4C39DA82083C44
:10A97000A0AA2ABEB93AB2BACA9F2A3DDDFFFFBEDD
:10A9800010B56FF00400FCF711F8034809210170BD
:10A9900042F22831018110BD2801002040F2DC5133
:10A9A000884200D908460949098948434FF0E02107
:10A9B000486100238B61012008610869C20701D04A
:10A9C000C003FAD50B618B6170470000280100209D
:10A9D0000849097848434FF0E021486100238B6122
:10A9E000012008610869C20701D0C003FAD50B61D4
:10A9F0008B61704728010020014900204870704792
:10AA000050030020002808D00549D1E900238968B7
:10AA1000C0E900238160002070474FF0FF3070478D
:10AA200030590020002808D00549D1E9032349699D
:10AA3000C0E900238160002070474FF0FF3070476D
:10AA400030590020002808D00549D1E90D23C96BF1
:10AA5000C0E900238160002070474FF0FF3070474D
:10AA600030590020002805D00449B1F88C1001802D
:10AA7000002070474FF0FF30704700003059002031
:10AA8000002805D00449D1F88810016000207047E3
:10AA90004FF0FF307047000030590020002808D0E8
:10AAA0000549D1E91923C96EC0E90023816000205E
:10AAB00070474FF0FF30704730590020F8B5064618
:10AAC0000F461446002C01D000202060684600F09C
:10AAD0001FF80E4D10B128600020F8BD009951B14B
:10AAE000B1420AD900F0F6F83E2028600CB10120EE
:10AAF00020600020F8BD0020F8BD384600F0A2F824
:10AB000010B128600020F8BD0098F8BD7403002043
:10AB100038B50446002C0BD06A460221702003F0A1
:10AB2000BFF838B1084A402111600021216038BDCA
:10AB3000052038BD9DF80010090221609DF8012014
:10AB40001144216038BD000074030020002805D0A6
:10AB50000449B1F88E100180002070474FF0FF309B
:10AB60007047000030590020002808D00549D1E97D
:10AB70000723496AC0E900238160002070474FF035
:10AB8000FF30704730590020002806D004490A6879
:10AB9000026089888180002070474FF0FF30704745
:10ABA0007659002000F010B838B504460020009017
:10ABB0006846FFF7F7FF034A00991368C91A216036
:10ABC000516038BD6C03002038B504460020009069
:10ABD0006A4604214FF4587001F05CFD00280FD143
:10ABE0009DF803009DF800109DF8022000EB016025
:10ABF0009DF80110090401EB0221084420600020A7
:10AC000038BD0000002808D00549D1E91623096E97
:10AC1000C0E900238160002070474FF0FF3070478B
:10AC200030590020002808D005490A8802804A8847
:10AC3000428089888180002070474FF0FF30704744
:10AC4000705900202DE9F04180460E46002415E0A1
:10AC5000301B102800D9102087B208EB04023946B7
:10AC6000722003F01DF805463DB100F033F80549A8
:10AC7000412008602846BDE8F0813C44B442E7D357
:10AC80002846F8E774030020AFF3008038B50020B1
:10AC900000906A460221402001F0FEFC04466A460C
:10ACA0000221422001F0F8FC04446A4602214C20B3
:10ACB00001F0F2FC04446A4602214E2001F0ECFC53
:10ACC00004446A4602218A2001F0E6FC2044002860
:10ACD000FFD138BDF8B54FF4806000900025002406
:10ACE000184F21E0F87820F0400020F08001F97042
:10ACF000032004F03DFB40EA04061F2004F0DAFBC9
:10AD000040EA06041E2004F0D5FB40EA04060E4982
:10AD1000002008716846FFF7FBFE40EA06040CB10C
:10AD20002046F8BD6D1CEDB2009808B1062DD9D3B0
:10AD3000F87840F0400040F08001F970032004F002
:10AD400017FBF8BD1E59002074030020AFF30080EC
:10AD500038B5002000906A4602219E2001F09CFC3C
:10AD600004466A4602219A2001F096FC40EA040556
:10AD70006A4604218C2001F08FFC40EA05046A46F3
:10AD80000421842001F088FC40EA04056A4602217F
:10AD9000962001F081FC40EA05046A4602219220D7
:10ADA00001F07AFC40EA04056A460421802001F0A3
:10ADB00073FC40EA05046A4602219C2001F06CFC09
:10ADC00040EA04056A460221982001F065FC40EA49
:10ADD00005046A460221942001F05EFC40EA040565
:10ADE0006A460221882001F057FC284338BD002024
:10ADF0007047AFF3008008B500210091694600B2AA
:10AE000001F042FC024602214FF4FF7001F044FCC5
:10AE10000028FFD108BDAFF30080F8B5044600203C
:10AE200000906946206801F031FC024604214FF48D
:10AE3000B66001F031FC06466946606801F026FC08
:10AE4000024604214FF4B86001F026FC40EA0605F2
:10AE50002089694600B201F017FC0246022140F247
:10AE6000E45001F019FC28430028FFD1F8BDAFF3EE
:10AE7000008008B500210091694601F007FC0246F8
:10AE800004214FF4867001F007FC0028FFD108BDB3
:10AE9000AFF3008008B5082811D004DC022808D0E0
:10AEA000042804D108E010280CD020280DD0202040
:10AEB00008BD4FF000700AE04FF0806007E04FF0EF
:10AEC000006004E04FF0805001E04FF00050694610
:10AED00001F0DCFB024604214FF4F07001F0DCFBD2
:10AEE0000028E5D108BDAFF3008008B5082811D0CF
:10AEF00004DC022808D0042804D108E010280CD073
:10AF000020280DD0202008BD4FF400200AE04FF487
:10AF1000802007E04FF4003004E04FF4803001E07F
:10AF20004FF40040694601F0B1FB0246042140F2B3
:10AF3000F44001F0B1FB0028E5D108BD0146002036
:10AF4000042901DC022002E00A2900DC0120AFF321
:10AF5000008038B500210091052826D2DFE800F0F6
:10AF6000030507090B00002406E0012404E0032484
:10AF700002E0072400E00F246946204601F084FB2C
:10AF80000246022140F20A3001F086FB054669467E
:10AF9000204601F07BFB0246042140F60C7001F0D4
:10AFA0007BFB28430028FFD138BD202038BDAFF3FC
:10AFB000008038B50446002000906946206801F002
:10AFC00065FB0246042140F2E46001F065FB0546A2
:10AFD0006946606801F05AFB024604214FF4DD60C7
:10AFE00001F05AFB05446946A06801F04FFB024698
:10AFF000042140F2EC6001F04FFB2844002845D1C9
:10B000006946E06801F042FB0246042140F6B400C4
:10B0100001F042FB05466946206901F037FB024614
:10B02000042140F6B80001F037FB05446946606929
:10B0300001F02CFB0246042140F6BC0001F02CFB81
:10B040002844002822D16946A06901F01FFB02466E
:10B05000042140F2E47001F01FFB05466946E069F7
:10B0600001F014FB024604214FF4FD6001F014FBD3
:10B0700005446946206A01F009FB0246042140F2BA
:10B08000EC7001F009FB28440028FFD138BDAFF374
:10B09000008038B50446002000906946206801F021
:10B0A000F5FA024604214FF4B87001F0F5FA0546AE
:10B0B0006946606801F0EAFA024604214FF4BA706A
:10B0C00001F0EAFA05446946A06801F0DFFA024699
:10B0D00004214FF4BC7001F0DFFA05446946E068D2
:10B0E00001F0D4FA024604214FF4BE7001F0D4FA04
:10B0F00005446946206901F0C9FA024604214FF46B
:10B10000C07001F0C9FA05446946606901F0BEFAF1
:10B11000024604214FF4C27001F0BEFA05446946AC
:10B12000A06901F0B3FA024604214FF4C47001F0A3
:10B13000B3FA05446946E06901F0A8FA0246042121
:10B140004FF4C67001F0A8FA05446946206A01F080
:10B150009DFA024604214FF4C87001F09DFA28447C
:10B160000028FFD138BDAFF3008008B50021009161
:10B17000694600B201F088FA024602214C2001F033
:10B180008BFA0028FFD108BDAFF3008008B5010A93
:10B190008DF800108DF801006A460221402001F070
:10B1A0007BFA08BDAFF300800449020A0A704870B8
:10B1B0000A460221422001F06FBA0000F40100208B
:10B1C000AFF3008008B500210091694600B201F09C
:10B1D0005BFA024602218A2001F05EFA0028FFD1C4
:10B1E00008BDAFF3008008B5694601F04FFA02468A
:10B1F00004214FF4987001F04FFA08BDAFF30080BE
:10B2000008B5010A8DF800108DF801006A46022188
:10B210004E2001F041FA08BDAFF3008038B50A4670
:10B220000021009100240C281CD2DFE800F0060861
:10B230001B0A0C0E10121416181ABE2412E0BA249F
:10B2400010E0B6240EE0B2240CE0AC240AE0A824FE
:10B2500008E0A02406E0A42404E0BC2402E0B82412
:10B2600000E0B4246946104601F00EFA0246A0B28E
:10B27000022101F011FA0028FFD138BD31207047BA
:10B280002DE9FC4107468846154600241DE0174875
:10B290002B4620446A4601A900F0ACFD0646381B47
:10B2A000B04214DBBDF80010BDF80400FFF76EFAE1
:10B2B00028B1FFF70FFD4FF0FF30BDE8FC813444AB
:10B2C000B8F80000401CA8F80000BC42DFDB55B114
:10B2D000698AE88B01446982A98A0844A882E888BF
:10B2E000E98A0844E8800020E7E70000DC590020F4
:10B2F0002DE9F04FB9B04FF00009CDF8E090CDF84E
:10B30000DC90CDF8D890CDF8D490CDF8CC90CDF895
:10B31000D090CDF8C090CDF8C490CDF8C890CDF8BD
:10B32000B490CDF8B890CDF8BC90642114A8F5F78E
:10B3300014F838A801F035FDBDF9E00042F2023101
:10B3400008427DD0CDF81C9001F024FDFE4AC2E9F0
:10B350000601DFF8F8A30125AAF1CC06A2F18004CA
:10B3600014AA07A935A802F003F9002869D1BDF88D
:10B370001C70DFF8D483D8E9040150EA01020BD035
:10B3800057B1D8E90632181A62EB01013A46FB0FB1
:10B39000F4F767FFC8E90201002F03D0D8E90601DE
:10B3A000C8E90401CAE135AA36A937A802F0A8F80D
:10B3B00000287DD1BDF8DC0000041BD5A58030A895
:10B3C000FFF740FB01F09EFCA06201F0A7FC05FA2C
:10B3D00000F0F5F74DFA0121F5F79FF86FF01D0128
:10B3E000F5F79BF8DA49F5F728F80146D74A30A86F
:10B3F00000F0A4FFBDF8DC00400474D5CDF8109037
:10B40000CDF81490CDF81890CDF80490CDF80890B0
:10B41000CDF80C90258133A8FFF704FC01F0A8FCBF
:10B4200005FA00F0F5F724FACA4F3946F5F705F8A2
:10B430006FF00E01F5F771F8DFF81C83414601E06B
:10B44000C4E193E1F4F7F9FF0146BDF9CC000490A3
:10B45000BDF9CE000590BDF9D0000690BB4A04A806
:10B46000283200F06BFF33A8FFF78EFB01F080FC61
:10B4700005FA00F0F5F7FCF93946F4F7DEFF6FF056
:10B480001301F5F74AF84146F4F7D7FF0746BDF92F
:10B49000CC000190BDF9CE000290BDF9D000039020
:10B4A000AA4A3946343201A800F048FF307800E05B
:10B4B00058E1800714D50498400104900598400194
:10B4C000059006984001069001AA04A930A801F051
:10B4D000FBFF9E4A39461C3230A800F02FFFE58062
:10B4E00001F03AFCE062BDF8DC0080060DD5658114
:10B4F00030A8FFF7D3FA01F041FC60634FF05E51D2
:10B50000924A30A8403200F019FFBDF8DC008004F8
:10B5100013D530A8FFF776FB8C484C3000F10C07B0
:10B52000C0F80090C0F80490C0F80890C7F80090E8
:10B53000C7F80490C7F80890A581BDF8DC000005A5
:10B540007BD5E5812DA8FFF75DFA80492DA810393C
:10B5500000F014FF0EA92DA800F062FF0EA911A89B
:10B5600001F060FD119802F003FA784F80373860DF
:10B57000129802F0FDF97860139802F0F9F9B860BA
:10B58000DFF8D881DAF800B0C34501D2012000E02D
:10B590000020F5F776F94FF07C51F4F748FF0746A5
:10B5A00010215846F4F7B9FF3946F4F7EEFEF5F7E7
:10B5B0008BF90890DAF804B0C34501D2012000E00D
:10B5C0000020F5F75EF94FF07C51F4F730FF0746A5
:10B5D00010215846F4F7A1FF3946F4F7D6FEF5F7E7
:10B5E00073F90990DAF80870474501D2012000E0AC
:10B5F0000020F5F746F94FF07C51F4F718FF80462C
:10B6000010213846F4F789FF4146F4F7BEFEF5F7FE
:10B610005BF90A9008AA11A90BA801F05DFD0B982F
:10B6200002F0A6F9494F743738600C9802F0A0F97F
:10B6300078600D9802F09CF9B860BDF8DC00400518
:10B640002CD525822DA8FFF7EDF901F09DFBF5F72C
:10B650000FF96FF01C01F4F760FFF5F735F920637F
:10B660003A492DA80C3100F089FE3078000615D536
:10B6700001A92DA800F0D4FE01A904A801F048FDFD
:10B68000049802F075F9314F8C373860059802F054
:10B690006FF97860069802F06BF9B860BDF8DC00CD
:10B6A000C0051ED52DA8FFF75FFA3068400304D50A
:10B6B00026492DA8983900F0E9FD308880040FD57F
:10B6C00022492DA8643100F059FE01F03FFBF5F747
:10B6D000CFF86FF01C01F4F720FFF5F7F5F8A06341
:10B6E0006582BDF8D80000061AD517486638FFF7FE
:10B6F000B9F915484438FFF7C3F93068410209D554
:10B70000618B0A0AD20602D50221A17002E0C906A5
:10B7100000D5A570C10200D5A582400200D52583C1
:10B72000BDF8D800400507D53068800204D506482A
:10B730006438FFF70BFAE58203F0D2FEBDF81C0077
:10B74000411E07910CE00000780200203C580020C8
:10B750000AE81C4100007A4335FA8E3C00008080E4
:10B76000BFF421AE359800287FF4FAADBDF8E000B3
:10B77000400507D53088000504D5607810B115A0C4
:10B78000FDF758F8BDF8DC00C00612D5308840053A
:10B790000FD5CDF8189006A8FFF706FA0699606C49
:10B7A000814206D0607810B110A0FDF743F80698EA
:10B7B0006064BDF8E000800508D53088C00405D578
:10B7C0006078002802D00EA0FDF734F839B0BDE84B
:10B7D000F08F000053746570204465746563746570
:10B7E000643E3E3E3E3E3E3E0D0A000009537465F7
:10B7F0007020436F756E7465722025640D0A000019
:10B800003E3E20534D4420496E74657272757074CB
:10B81000202A2A2A2A2A2A2A2A2A0D0A0000000077
:10B8200070B50446064DE1B22846FBF7DFFF8021E4
:10B830002846FBF737FF0028F9D0204670BD0000EE
:10B840000038014010B514211D48F9F78BF8034664
:10B850001C4A02F12001908818B1488B984200D808
:10B860000346108918B1888B984200D80346D088C7
:10B8700018B1C88B984200D80346272000F0E4FB9B
:10B8800018B9142000F0E0FB10B1052B00D30523FC
:10B890001F2000F0D9FB18B90B2000F0D5FB10B128
:10B8A000052B00D30523232000F0CEFB18B90F2071
:10B8B00000F0CAFB10B1052B00D30523184610BDBC
:10B8C0000C530108E402002010B50A210D48F9F7D5
:10B8D00049F80346272000F0B7FB18B9142000F000
:10B8E000B3FB10B10F2B00D30F231F2000F0ACFBD4
:10B8F00018B90B2000F0A8FB10B11C2B00D31C239F
:10B90000184610BD5053010810B50E210848F9F72C
:10B9100029F803461F2000F097FB18B90B2000F010
:10B9200093FB10B1052B00D30523184610BD000072
:10B93000345301082DE9F74F054692B010464FF0F9
:10B94000FF31F4F7EAFD0190DFF850A4DAF808407F
:10B95000DAF8007021463846F4F76FFDDAF80C800B
:10B96000DAF80460814641463046F4F766FD494600
:10B97000F4F75DFD0121F4F7D0FD0B904146204620
:10B98000F4F75BFD804631463846F4F756FD4146F4
:10B99000F4F7FBFC0121F4F7C0FD0C902146204692
:10B9A000F4F74BFD044631463046F4F746FD214698
:10B9B000F4F7EBFC0121F4F7B0FD4FF07E51F4F702
:10B9C00039FD0D90B5F90400F4F752FF0146F4F784
:10B9D00034FD0446B5F90200F4F74AFF0146F4F7D6
:10B9E0002CFD0646B5F90000F4F742FF0146F4F7D6
:10B9F00024FD3146F4F7C9FC2146F4F7C6FC04F0F7
:10BA000079FB0446B5F90000F4F732FF2146F4F75C
:10BA100014FD0890B5F90200F4F72AFF2146F4F767
:10BA20000CFD0990B5F90400F4F722FF2146F4F764
:10BA300004FD0A900C990A98F4F7FFFC04460D994E
:10BA40000998F4F7FAFC2146F4F7F1FC02900D99FD
:10BA50000898F4F7F2FC0446DDE90A01F4F7EDFC7E
:10BA60002146F4F7E4FC03900B990998F4F7E5FC00
:10BA700004460C990898F4F7E0FC2146F4F7D7FC4B
:10BA80000490AAF11404029861688946F4F7D5FC81
:10BA9000C34E3168F4F779FC074630604946039895
:10BAA000F4F7CBFC7168F4F770FC8046706049468F
:10BAB0000498F4F7C2FCB168F4F767FCB06006467E
:10BAC000029920681190F4F7B8FC8346B5F9060096
:10BAD000F4F7CEFEDFF8CC924946F4F7AEFC5946B7
:10BAE000F4F753FC3946F4F750FC0590039911988C
:10BAF000F4F7A3FC0746B5F90800F4F7B9FE494688
:10BB0000F4F79BFC3946F4F740FC4146F4F73DFC62
:10BB1000069004991198F4F790FC0746B5F90A00CD
:10BB2000F4F7A6FE4946F4F788FC3946F4F72DFCF5
:10BB30003146F4F72AFC0790DAF80C90079948464A
:10BB4000F4F77BFC05460699DAF808001090F4F744
:10BB500074FC0646DAF804000F9080F00040059966
:10BB6000F4F76BFC3146F4F762FC2946F4F75FFC0E
:10BB70000199F4F762FC054607991098F4F75DFC0B
:10BB8000064648460699F4F758FCDAF800B007462E
:10BB900005995846F4F751FC3946F4F748FC31460C
:10BBA000F4F7F3FB0199F4F748FC064607990F9860
:10BBB000F4F743FC074658460699F4F73EFC8046E6
:10BBC00048460599F4F739FC4146F4F7DEFB39465F
:10BBD000F4F72DFC0199F4F730FC07465846079915
:10BBE000F4F72BFC804605991098F4F726FC00909A
:10BBF00006990F98F4F721FC0099F4F718FC4146D8
:10BC0000F4F7C3FB0199F4F718FC8046294658461F
:10BC1000F4F7BBFB0546CAF8000031460F98F4F76D
:10BC2000B4FB0646CAF8040039461098F4F7ADFB99
:10BC30000746CAF8080041464846F4F7A6FBCAF88A
:10BC40000C000146F4F7F9FB804639463846F4F714
:10BC5000F4FB074631463046F4F7EFFB064629462B
:10BC60002846F4F7EAFB3146F4F78FFB3946F4F740
:10BC70008CFB4146F4F789FB04F03CFA0546294663
:10BC8000DAF80000F4F7D9FB0646CAF800002946A6
:10BC9000DAF80400F4F7D1FB0746CAF80400294695
:10BCA000DAF80800F4F7C9FB8046CAF8080029460C
:10BCB000DAF80C00F4F7C1FB8146CAF80C00012148
:10BCC0003846F4F72AFC4946F4F7B7FB054601214C
:10BCD0003046F4F722FC82464146F4F7AEFB294693
:10BCE000F4F7A5FBA06050463946F4F7A6FB0546DD
:10BCF00001214046F4F711FC4946F4F79EFB294622
:10BD0000F4F743FBE06049464846F4F796FB0546E6
:10BD100041464046F4F791FB824639463846F4F7EF
:10BD20008CFB834631463046F4F787FB59460E902C
:10BD3000F4F77DFB5146F4F77AFB2946F4F725FB2F
:10BD400020612C46554659460E98F4F71EFB2946AD
:10BD5000F4F76DFB2146F4F76AFBF4F701FE0446A5
:10BD60000D4649463046F4F768FB064641463846DC
:10BD7000F4F763FB3146F4F708FB0121F4F7CDFB40
:10BD8000F4F7EEFD22462B46FEF716FBF4F72CFEE9
:10BD90001399886015B0BDE8F08F000018010020ED
:10BDA000B4050020A8B38B39014600200A68002A98
:10BDB00002D0130C02D004E00020704710201204BF
:10BDC0000A600A68130E02D1083012020A600A687B
:10BDD000130F02D1001D12010A600A68930F02D1ED
:10BDE000801C92000A600A68002AE6DA401E5208A7
:10BDF0000A60704770B5044602206578267845EAE7
:10BE000006250D802D0404D5082013B15D886D1C16
:10BE10005D800D886D040DD5801D002B03D01D8C19
:10BE200005F101051D8400F1060003D01D8905F10F
:10BE300001051D810D88AD0404D5801D13B19D8BB6
:10BE40006D1C9D830D88ED0404D5083013B15D8908
:10BE50006D1C5D810D882D0504D50C3013B1DD8B73
:10BE60006D1CDD830D886D0504D50E3013B1DD8AA0
:10BE70006D1CDD820D88AE0500D5801DED0504D555
:10BE80000E3013B11D8D6D1C1D850D782D0604D54A
:10BE9000801D13B19D896D1C9D810D78AD0604D563
:10BEA0000C3013B19D886D1C9D800D78ED0604D576
:10BEB000001D13B19D8C6D1C9D840978090706D562
:10BEC000E178A47841EA04211180801C01E000217E
:10BED000118011884C0400D5801C8C0400D5801C76
:10BEE000CC0400D5801C490506D5801C23B1B3F8CD
:10BEF0005810491CA3F858101178090605D5801D63
:10BF00001BB133F85A1F491C1980801C70BD0000FA
:10BF1000024906C906C000207047000078020020D0
:10BF20000149012008737047705700202DE9F04146
:10BF300004460F4616461D46F7F734FE68B1600604
:10BF4000000EF7F7FFFDF7F779FE48B13846F7F72F
:10BF5000F9FDF7F773FE00240DE00120BDE8F08144
:10BF6000F7F74CFE0120F9E7285DF7F7EBFDF7F74F
:10BF700065FE30B1641CB442F6DBF7F73FFE0020EB
:10BF8000ECE7F7F73BFE0020E8E7000070B500257E
:10BF90000124F7F707FEA0B16006000EF7F7D2FD07
:10BFA000F7F74CFE98B1F7F729FE6D1CEDB221466C
:10BFB0000AA0FCF73FFC12480455641C802CE8DB07
:10BFC00070BD2146BDE870400EA0FCF733BC7F2C4D
:10BFD000F3D1294613A0FCF72DFCEEE745787465F4
:10BFE000726E616C2049494320466F756E64206112
:10BFF0006464726573733A30782532780A00000001
:10C00000480E002045787465726E616C2049494382
:10C01000205374617274204572726F723A25640AFB
:10C020000000000045787465726E616C20494943D8
:10C03000205363616E6620456E642C20436F756EDD
:10C04000743D25640A000000044A410952F8211099
:10C0500000F01F020120904008407047FC020020C1
:10C060002DE9F0410025DFF83C8000221346002432
:10C0700005EB450C0CEB040630F8147058F82660FC
:10C080003F04C6FB0723641C032CF3DB920F42EA38
:10C09000830241F825206D1C032DE6DB0020BDE85E
:10C0A000F0810000105E00202DE9F04386B0844648
:10C0B000002600200024DFF86480814603AF0D5D78
:10C0C0002DB16D1E38F8155047F8245002E047F89E
:10C0D00024900126641C032CF1DB0021E84653F870
:10C0E000214052F82150641B48F8214036B101200C
:10C0F000491C0329F3DB06B0BDE8F08357F8215053
:10C10000B4EB650F00DA0120BCF1010FF0D005EBB4
:10C110006505A542ECDA0120EAE700007A53010840
:10C120002DE9F04F99B00F46002316AE002203EB25
:10C1300043018C1802EB42051D44045D7455521CEA
:10C14000032AF6DB5B1C032BF0DB4A4801784A48E4
:10C1500020394FEAA008062914D2DFE801F00A06C8
:10C16000030C0F11804616250DE0DFF8108116250F
:10C1700009E0162507E08046172504E0162502E0B1
:10C18000162500E016250024DFF8F4A00DF128099B
:10C190001AF80400803049F82400A840414601F014
:10C1A000F6FB49F82400641C032CF1DB002003217A
:10C1B00000220DF1040B90FBF1F301FB13033D563C
:10C1C00059F823306B434BF820300DAB43F8202057
:10C1D000401C0928EFDB4FF000092A4D002709EB2E
:10C1E000490A0AEB0708002045F82800002404EB60
:10C1F000440038440AEB04025BF82010224850F84F
:10C20000220001F0C4FB55F82810084445F8280026
:10C21000641C032CEBDB7F1C032FE2DB09F101091B
:10C22000B9F1030FDADB00230DF13409002103EB30
:10C2300043040020621800EB4008884404EB000C23
:10C2400059F8227016F90CC055F828800CFB0877B5
:10C2500049F82270401C0328EDDB491C0329E8DB68
:10C260005B1C032BE2DB0DA8FEF711FF19B0BDE844
:10C27000F08F00008252010866666626333333135E
:10C2800087030020105E0020AC02002030B5044679
:10C290000D462068014601F07AFBC0F180426068DB
:10C2A000014601F074FB121AA068014601F06FFB11
:10C2B000101A00F0C5FC2860206868606068A860FB
:10C2C000A068E860002030BDF0B58C461C461A4ED0
:10C2D000B1883389194303D0218841F008012180B6
:10C2E0002A2827D232F91030591C23D0124F00F0DF
:10C2F0001F0518370121A9404009BCF1000F08D0E3
:10C3000057F820200A4347F820202088184320802F
:10C3100008E057F820308B4347F82030214610467C
:10C3200001F020FCB0883189084303D0208840F018
:10C3300008002080F0BD0000E40200203EB50D465C
:10C34000144601466A460C4801F0E7FB0098F4F7F2
:10C350008FFA2946F4F771F820600198F4F788FA0B
:10C360002946F4F76AF860600298F4F781FA2946E2
:10C37000F4F763F8A0603EBD5C03002030B589B0DF
:10C380000C4605A9FFF782FF01AA244905A801F080
:10C3900068FB01986FF01D0500281DDB0298F4F77B
:10C3A00067FA2946F4F7B9F820600398F4F760FAC1
:10C3B0002946F4F7B2F860600498F4F759FA294670
:10C3C000F4F7ABF8A0600198F4F752FA2946F4F7B5
:10C3D000A4F8E06009B030BD02984042F4F748FA92
:10C3E0002946F4F79AF8206003984042F4F740FA9F
:10C3F0002946F4F792F8606004984042F4F738FA5E
:10C400002946F4F78AF8A06001984042F4F730FA20
:10C410002946F4F782F8E060DCE700005C030020C6
:10C4200010B588B00C4604A9FFF730FF6A460F49E3
:10C4300004A801F016FB0098002809DB0198206091
:10C44000029860600398A0600098E06008B010BD9A
:10C450000198404220600298404260600398404248
:10C46000A06000984042E060F0E700005C0300201C
:10C470004A780B7842EA03220280CA788B7842EA33
:10C48000032242804A79097942EA0121818070477A
:10C4900010B5CA780B788C7842EA03624B781B049B
:10C4A00043EA04231A430260CA790B798C7942EA81
:10C4B00003624B791B0443EA04231A434260CA7A9D
:10C4C0000B7A42EA03624B7A897A1B0443EA012120
:10C4D0000A43826010BD2DE9F04105460C46264610
:10C4E000B5F8A200000411D5214605F12C00FFF794
:10C4F000BFFFB5F92C00C0036863B5F92E00C00377
:10C50000A863B5F93000C003E863A41DB5F8A20024
:10C5100040040BD5214605F14000FFF7A9FFA41DFB
:10C52000214605F14600FFF7A3FFA41DB5F8A200C0
:10C5300005F18007810411D505F17400214680467C
:10C54000FFF796FF05F158014046FFF789FD206887
:10C55000C5F89C00A088A5F8A000A41DB5F8A2000D
:10C56000000504D521462846FFF792FF0C3495F8C4
:10C57000A200000604D521463846FFF779FFA41D26
:10C58000B5F8A20040050BD5214605F10C00FFF7D8
:10C590007FFF207B617B000640EA0140A8610E34EA
:10C5A000B5F8A200C0050BD5214605F11C00FFF728
:10C5B0006FFF207B617B000640EA0140A8620E34D9
:10C5C00095F8A20080060DD5214605F16400FFF71D
:10C5D0005FFF206845F8900F60686860A068A860F9
:10C5E000903D0C3495F8A200C0060BD5E078217878
:10C5F000A27840EA01606178090441EA0221084317
:10C600002867241DB5F8A400410406D5617814F804
:10C61000022B41EA0221A5F87A10810406D561783F
:10C6200014F8022B41EA0221A5F87C10C10406D5BA
:10C63000617814F8022B41EA0221A5F87E10410529
:10C6400006D5617814F8022B41EA0221A5F88E1074
:10C65000000612D56078217840EA0120A5F88C0008
:10C660006079A178227940EA0160E178090441EA21
:10C6700002210843C5F88800A41DA41C0120C5F8A8
:10C68000A800A01BBDE8F08100F0A8BC00F0ACBC85
:10C6900000F094BF01F082BA02F09EBDF8B50746E3
:10C6A0000D46144600260096002045F8206044F808
:10C6B0002060401C0328F8DB6A462946384601F012
:10C6C00047FE002828D155F82010009A91FBF2F17E
:10C6D00045F82010401C0328F5DB012F1DD01E213A
:10C6E00040F2151002F06BFE002815D1142002F064
:10C6F00089FC00966A462146384601F029FE00284A
:10C700000AD154F82010009A91FBF2F144F820105D
:10C71000401C0328F5DB0020F8BD3B214FF481705D
:10C7200002F04DFEE0E7000010B50D4B58800028E8
:10C7300006D080209880BDE810400020FEF79EBD06
:10C740002920FFF781FC20B1BDE810400120FEF751
:10C7500095BD00209880BDE81040FEF78FBD000019
:10C76000E402002070B5044600261C4A90787F2819
:10C770000DD0002004F0800108431AD000209070F2
:10C78000A00701D438209070E00702D005E0012016
:10C79000F0E7907840F007009070600703D490783D
:10C7A00040F040009070921C0121072002F070FDC3
:10C7B0000646200704D501F0B5FB40EA060503E074
:10C7C00002F04EFC40EA0605600703D500F05EFF6C
:10C7D000284370BD01F00AF8284370BD1E5900209F
:10C7E00070B505460E460024284603F0D3FE10B16E
:10C7F00000F034FFE0B1284603F0E2FE10B100F093
:10C8000039FFB8B101F022F80B48417821B100227C
:10C81000427002F0B3FC0446074A3146521C2846D7
:10C8200000F00CF840EA040500F0F2FB284670BD69
:10C83000052070BD052070BDE40200202DE9F84FF1
:10C8400004460F46934600260025A846CDF80080F2
:10C85000DFF83493112C07D127B14FF40060A9F809
:10C86000120001E0A9F81280122C07D127B14FF471
:10C870000050A9F8140001E0A9F814802C2C09D16B
:10C8800037B14FF48060A9F80800FEF7B0FA01E074
:10C89000A9F808802B2C06D11FB12020A9F806008A
:10C8A00001E0A9F806802D2C02D13846FFF73CFFA5
:10C8B000292C02D1384600F073F9B34BB34A0A333E
:10C8C00039462046FFF700FDB9F80A00FEF75CFC88
:10C8D0008046B9F8060048B1B9F80A0048F20801E4
:10C8E0000843FEF740FC40EA080A05E0B9F80A00F0
:10C8F000FEF739FC40EA080AB9F80A00010406D537
:10C90000B9F80C1041F48041A9F80C1005E0B9F811
:10C910000C1021F48041A9F80C10410606D5B9F895
:10C920000C1041F40051A9F80C1005E0B9F80C10F6
:10C9300021F40051A9F80C1000F0200100F48062ED
:10C94000114301D1C00506D5B9F80C0040F4805060
:10C95000A9F80C0005E0B9F80C0020F48050A9F803
:10C960000C00B9F8040028B1B9F80C100143A9F87B
:10C970000C1003E0B9F80C00A9F80C00B9F8080095
:10C9800028B1B9F80C100143A9F80C1003E0B9F86C
:10C990000C00A9F80C002B2C01D107B10426B9F822
:10C9A0000C00FEF7FFFB40EA0A08DFF8DCA178493B
:10C9B0000AF1180ADAF80000084204D19AF80410C3
:10C9C00011F0180F00D001257249084204D1BAF8BD
:10C9D000041011F43A7F01D045F00205B9F80810AF
:10C9E000B9F80620114301D045F00205B9F804104A
:10C9F00009B145F002056849084204D19AF80410CB
:10CA000011F0840F01D045F008056449084201D0B7
:10CA100045F00405E80701D046F4807646F420701E
:10CA2000B9F81260B9F814100E430643B9F80A00B9
:10CA3000410501D546F0400600F0170006F40061FC
:10CA4000084303D046F4004040F48046B9F80C0097
:10CA5000010603D546F4804141F40046400503D564
:10CA600046F01006FEF7C3F9B9F80A00C00501D573
:10CA700046F008063046FEF7C1FB40EA0806092CDE
:10CA800003D00F2C01D00A2C09D13F4920462A316E
:10CA900000F09EFC3C492046403100F099FC032CFC
:10CAA00001D00B2C0ED1384920462C3100F090FCDF
:10CAB00035492046423100F08BFC3349204646314F
:10CAC00000F086FC1D2C03D0232C01D01E2C09D194
:10CAD0002D492046503100F07BFC2B492046623125
:10CAE00000F076FC192C01D01F2C0ED126492046CF
:10CAF000523100F06DFC24492046643100F068FC9E
:10CB000021492046683100F063FC01F09FFE40EAB5
:10CB1000060800F02DF9064600F024F9314601F030
:10CB20002FFE40EA0806B9F80A0060B9DAF80000FA
:10CB3000800308D4B9F8060028B901208BF800005A
:10CB400002F07FFA064345F08000FFF70BFE40EA53
:10CB5000060805F0080005F00401084303D025F09D
:10CB6000040040F008052846FEF72AFB40EA0805C5
:10CB7000132C06D12FB16846FEF714F8009801F087
:10CB8000D9FD2846BDE8F88FE4020020B85201081C
:10CB9000188E01E60A8E9EE20C48108340000010B9
:10CBA000084A0028518806D080209080002908D1AA
:10CBB0000120FEF763BB002903D100209080FEF71F
:10CBC0005DBB7047E40200202DE9F0410746DDF827
:10CBD00018801E46F3B2D2B2384601F0CFF80546AF
:10CBE00000F09CFE40EA05043C2002F00BFA00F045
:10CBF0008BFE40EA0405424631463B2001F050F8E6
:10CC000040EA0504384600F0A3FE2043BDE8F08169
:10CC100070B50646D2B2304602F07CFB054600F005
:10CC20007DFE40EA05043C2002F0ECF900F06CFEC9
:10CC300040EA0405304600F08BFE284370BD00003A
:10CC40002DE9F14181B00198002802DC0020BDE807
:10CC5000FC812B4E77104FF0C045694601A803F0C8
:10CC60003FFF044600230098002804DD00EBD0714C
:10CC700021F00101431AC01A00900198A0F18048E8
:10CC8000414600F084FE0199A1EB6002022C21DBF9
:10CC9000C5EB6801404600F07AFE0146404600F0D0
:10CCA00076FE4FEA60084146104600F070FEA2EBA7
:10CCB0006002032C0ED1C5EB6801404600F067FE10
:10CCC0000146404600F063FE4110104600F05FFE52
:10CCD000A2EB600223B13946104600F058FE02462E
:10CCE0000098002802DD4010024106E0401C04D1FB
:10CCF0003146104600F04BFE02461046A7E7000002
:10CD00009A79825A0148B0F97A0070473059002068
:10CD10000148B0F9080070471E5900200148407BC7
:10CD2000704700001E59002001480078704700003D
:10CD3000E402002001480078704700001E590020DE
:10CD4000AFF300804FF48051018070470148806A42
:10CD500070470000305900200148B0F97C0070474E
:10CD60003059002001480079704700001E5900200A
:10CD70000148007B704700001E5900200148B0F9AF
:10CD80007E007047305900200148806970470000DC
:10CD9000305900201CB56846FFF7BAF8DDE90001FC
:10CDA0001CBD38B50446002C01D0002020806A4606
:10CDB0000121192000F074FF14B19DF800002080BB
:10CDC0006A460121182000F06BFF002C05D0218855
:10CDD0009DF8002041EA0221218038BD10B5144899
:10CDE00040F283110180491C4180491C8180491C0B
:10CDF000C180491C0181491C4181491C8181491C18
:10CE0000C181491C0182491C4182491C8182491C03
:10CE1000C182002000F09CFD012000F099FD02205D
:10CE200000F096FDBDE81040032000F091BD000029
:10CE3000EE5D00202DE9F04704468946802106205A
:10CE400002F096FA0746642002F0DCF812216148ED
:10CE5000F3F783FA5F4D01266E707F20A870EC73A4
:10CE6000EA1C0121032000F01BFF40EA070402F046
:10CE700085F940EA0407584A0121002000F010FF1C
:10CE800040EA0708544C7020241F2071221D012104
:10CE9000052002F0FDF940EA0807E87B02287DD072
:10CEA0000020E870E978032002F062FA40EA0708FF
:10CEB000484600F0A3F840EA0800002876D1A87B95
:10CEC00040F00200A87301F021FC0746FDF7DCFEEC
:10CED00040EA07084FF44870FDF78BFF40EA080767
:10CEE000022020713C4A0121102002F0D1F940EAD1
:10CEF00007082671384A0121122002F0C9F940EAD8
:10CF00000807E4202071344A0121262002F0C0F9EC
:10CF100040EA0708304A0121752000F0C1FE20795F
:10CF200040F0080020712C4A0121752002F0B0F970
:10CF3000EE72AE720A2001F005FC0A2001F0D2FA6E
:10CF4000032001F00DFC40EA0806002001F0DEFAA3
:10CF500040EA06070021762002F00AFA40EA0706B6
:10CF60001F21682002F004FA40EA06071E2168200B
:10CF700002F0FEF940EA07060021662002F0F8F907
:10CF800040EA06070021672002F0F2F940EA0708AC
:10CF9000114A0121862000F001FE01E008E005E0D1
:10CFA00040EA08062079000705D53120BDE8F08762
:10CFB0001020E87076E7A87B40F00101A973C8074C
:10CFC00003D00121022001F0F3FA02F03AF83043D5
:10CFD000ECE700001E5900205403002002460846DA
:10CFE000110A01704270704702460846110E017026
:10CFF000110C4170110A8170C2707047AFF300804C
:10D00000902243F2AA710148FFF742BBD81A0108E7
:10D010000349012008700121022001F0C9BA000073
:10D02000500300207FB5044608462A4D4FF0FF31DB
:10D03000002C4BD000284BD06946FFF727F91E2261
:10D040000399019800F088FD46001E22029900987D
:10D0500000F082FD404206EB400080132060DDE9D5
:10D0600002011E2200F078FD4600DDE900011E22CB
:10D0700000F072FD06EB40008013606001991E22F3
:10D08000084600F069FD40000299464208461E220B
:10D0900000F062FD404206EB400000F1804080134A
:10D0A000A06010222946206800F056FD2060102262
:10D0B0002946606800F050FD606010222946A06893
:10D0C00000F04AFDA060002004B070BD0846FBE7F8
:10D0D0000846F9E781CE090010B54FF0FF3300286C
:10D0E0000FD081B18AB113680C681B1B03605368B1
:10D0F0004C681B1B436092688968511A816000204C
:10D1000010BD184610BD184610BD184610BD0000D1
:10D1100030B504468DB00846264D4FF0FF31002C47
:10D1200043D0E8B309A9FFF7B1F8694609A801F0AF
:10D13000B7FF0098C11303984042C013FDF7FCF9F4
:10D14000400020601022294600F006FD206008986B
:10D15000C11307984042C013FDF7EEF9400060602C
:10D160001022294600F0F8FC606006991E2208464D
:10D1700000F0F2FCC0F18040FFF762FDC113069899
:10D18000C013FDF7D9F94000A0601022294600F035
:10D19000E3FCA0602068002804DA00F1B47000E02D
:10D1A00005E0206000200DB030BD0846FBE70846D2
:10D1B000F9E70000B84B390070B50C46834D1928CB
:10D1C0007AD00CDC0A2849D004DC032861D0092875
:10D1D00028D10DE00B2874D00F28F9D123E01D28A9
:10D1E0006CD01E286BD01F286AD02328F0D194E081
:10D1F0002C800920FEF728FF18B12888A04200D211
:10D2000004460F20FEF720FF18B16888A04200D224
:10D2100004460A20FEF718FF002803D0A888A04281
:10D2200000D20446D0E06C800920FEF70DFF18B153
:10D230002888A04200D204460F20FEF705FF18B14F
:10D240006888A04200D204460A20FEF7FDFE0028AE
:10D2500003D0A888A04200D20446B5E0AC800920E3
:10D26000FEF7F2FE18B12888A04200D204460F2033
:10D27000FEF7EAFE18B16888A04200D204460A20F0
:10D28000FEF7E2FE002803D0A888A04200D20446A0
:10D290009AE0EC810320FEF7D7FE18B1E889A0429E
:10D2A00000D204460B20FEF7CFFE002803D0A88949
:10D2B000A04200D2044687E063E002E013E046E0CB
:10D2C00071E0AC810320FEF7BFFE18B1E889A042EF
:10D2D00000D204460B20FEF7B7FEB8B3A889A042DF
:10D2E00072D2044670E0EC801D20FEF7ADFE18B14E
:10D2F000E888A04200D204462320FEF7A5FE18B11C
:10D300002889A04200D204461E20FEF79DFEE8B107
:10D310006889A04258D2044656E02C811D20FEF7B1
:10D3200093FE18B1E888A04200D204462320FEF7FD
:10D330008BFE18B12889A04200D204461E20FEF7B9
:10D3400083FE18B16889A0423ED204463CE06C815D
:10D350001D20FEF779FE18B1E888A04200D20446ED
:10D360002320FEF771FE18B12889A04200D204469E
:10D370001E20FEF769FE38B36889A04224D2044615
:10D3800022E06C821920FEF75FFE18B1688AA04285
:10D3900000D204461F20FEF757FEA8B1288AA042FB
:10D3A00012D2044610E02C821920FEF74DFE18B16F
:10D3B000688AA04200D204461F20FEF745FE18B13D
:10D3C000288AA04200D20446204670BDD002002028
:10D3D00070B50E464FF6FF74374D19285AD025DC2C
:10D3E0000A2809D004DC032842D009281DD103E013
:10D3F0000B283DD00F2818D10920FEF725FE18B1C3
:10D400002888A04200D204460F20FEF71DFE18B166
:10D410006888A04200D204460A20FEF715FE18B123
:10D42000A888A04200D20446348070BD1D2805D0D3
:10D430001E2803D01F282DD02328F6D11D20FEF74B
:10D4400003FE18B1E888A04200D204462320FEF76C
:10D45000FBFD18B12889A04200D204461E20FEF729
:10D46000F3FD18B16889A04200D20446348070BD33
:10D470000320FEF7E9FD18B1E889A04200D2044676
:10D480000B20FEF7E1FD18B1A889A04200D20446A6
:10D49000348070BD1920FEF7D7FD18B1688AA0420C
:10D4A00000D204461F20FEF7CFFD18B1288AA04203
:10D4B00000D20446348070BDD0020020014840787C
:10D4C000704700008403002010B54FF0FF330028A0
:10D4D0000FD081B18AB10B6814681B1B03604B68C5
:10D4E00054681B1B436089689268891A8160002018
:10D4F00010BD184610BD184610BD184610BD0000DE
:10D500002DE9F041074688461446174E2068032847
:10D5100028DDA6F108020023911E3046FEF76AFCC2
:10D5200005462168A94203DA10480068BDE8F08189
:10D53000B11C0D4EAC3E96F8A200000700D5891C28
:10D540000948AC38FEF7C7FF2068421B22601AB1B9
:10D5500005484119F2F7DAFE36F8A20F38807088D4
:10D56000A8F800000020E1E7DC5900207403002047
:10D57000F8B504460E46174600250095358020680C
:10D58000B0F5806F0BDA0C496A460144C0F5806043
:10D59000FDF794FA216808442060009828B93A46BB
:10D5A00031462068FDF76CFE18B125604FF0FF3062
:10D5B000F8BD0020F8BD0000DC5900202DE9F04F37
:10D5C00085B082460D46934614216846F2F7C5FEA3
:10D5D000D0462E465F464FF4807916E0102E01D2D9
:10D5E000344600E01024F8B22044484501DDA0F59F
:10D5F000807442462146384601F0EEFD002820D1D5
:10D60000A044301B86B2381987B2002EE6D15F469F
:10D610001FE0102D01D22C4600E01024F8B2204467
:10D62000484501DDA0F580746A462146384600F081
:10D63000B5FA224651466846F2F79AFE20B14FF0FD
:10D64000FF3005B0BDE8F08FA244281B85B2381921
:10D6500087B2002DDDD10020F3E7000001484078BB
:10D660007047000050030020014800787047000018
:10D6700050030020014880787047000050030020CC
:10D680000148007870470000980300202DE9F84316
:10D69000DFF85081544C40F2851998F800000028BA
:10D6A0003AD000F031F90646022000F051F940EA84
:10D6B0000605FFF703FFC8B16A460121484600F09E
:10D6C000EFFA40EA05069DF8000000F00F00009018
:10D6D000C0F1120388222178022000F04FFB40EABB
:10D6E000060400F01BF92043BDE8F883002000F099
:10D6F0002FF940EA05060A2388222178002000F04D
:10D700003DFB40EA0605082388222178022000F02C
:10D7100035FB40EA0504E4E700F00BF905214FF47E
:10D72000C07001F025FE0646FFF7C8FEA0B15723E2
:10D73000F4222178032001F0EDFD40EA06073C20A9
:10D7400001F060FC032000F003F940EA070500F057
:10D75000EFF855B12846C7E75723F4222178032074
:10D76000FFF756FA40EA0605F1E7FFF7A7FEF0B12A
:10D770006A460121484600F093FA06469DF80000EB
:10D7800000F00F000090C0F11203882221780220DF
:10D7900000F0F4FA40EA06050623F7222178032078
:10D7A00000F0ECFA40EA05048CB120469CE70A231D
:10D7B00088222178002000F0E1FA0646082388221A
:10D7C0002178022000F0DAFA40EA0605E4E7FFF7E4
:10D7D00075FE10B900F0A2F80446012088F8000098
:10D7E000204681E7980300208452010870B5154D4A
:10D7F0002878002810D0FFF761FE134970B100238C
:10D80000F4220978032001F085FD04463C2001F054
:10D81000F9FB5CB1204670BD002070BD0023F422EE
:10D8200009780320FFF7F4F90446F2E7022000F03C
:10D830008FF80446032000F08BF820430028ECD139
:10D84000287070BD9803002084520108014900200F
:10D85000087070475003002030B58FB00020029050
:10D860000190009001F03CFBC0BB02240CAA09A966
:10D870000120FEF713FF10B1641E002CF6DC68BB1C
:10D88000022406AA03A90020FEF708FF10B1641EB7
:10D89000002CF6DC10BB0020184A194C09A903AB78
:10D8A00051F8205042F8205053F8205044F82050AE
:10D8B000401C0328F4DB06AB03AA12490020FEF744
:10D8C000F3FBB8B1002002900E490CAB09AAC91EA7
:10D8D0000120FEF7E9FB78B10020019000F076FA14
:10D8E0009DF804009DF808100FB040EA410040F098
:10D8F000040030BD0120E6E70120EEE7D05700200C
:10D90000C45700207F0300200348C17821F0200184
:10D91000C170032001F02CBD1E5900200348C178BE
:10D9200041F02001C170032001F022BD1E590020EA
:10D930007047704700224010521C4310FBD1042A4C
:10D9400000DA0422012090400860D0B201F0EEB964
:10D95000034901EBC0000021808801F009BD0000EF
:10D96000EE5D002080FB0110420442EAD130704796
:10D9700010B5F2F77DFFBDE810406FF00F01F2F730
:10D98000CCBD80FB0101400F40EAC100704780FB25
:10D990000101800F40EA8100704702680A60426816
:10D9A00052424A60826852428A60C0684042C860FF
:10D9B000704730B503460C4618682168FFF7E7FF4B
:10D9C000054661685868FFF7E2FF2D1AA16898685C
:10D9D000FFF7DDFF2D1AE168D868FFF7D8FF281A96
:10D9E000106061681868FFF7D2FF05462168586823
:10D9F000FFF7CDFF0544E1689868FFF7C8FF0544CD
:10DA0000A168D868FFF7C3FF281A5060A16818689A
:10DA1000FFF7BDFF0546E1685868FFF7B8FF2D1A0C
:10DA200021689868FFF7B3FF05446168D868FFF77D
:10DA3000AEFF28449060E1681868FFF7A8FF05462C
:10DA4000A1685868FFF7A3FF054461689868FFF76D
:10DA50009EFF2D1A2168D868FFF799FF2844D060EF
:10DA600030BD2DE9F04104460D4616462968206870
:10DA7000FFF78DFF074669686068FFF788FF074476
:10DA8000A968A068FFF783FF0744E968E068FFF72B
:10DA90007EFF3844306029686068FFF778FF0746EA
:10DAA00069682068FFF773FF3F1AE968A068FFF70D
:10DAB0006EFF3F1AA968E068FFF769FF384470609D
:10DAC000E9686068FFF763FF0746A9682068FFF709
:10DAD0005EFF3F1A2968A068FFF759FF074469688D
:10DAE000E068FFF754FF381AB0606968A068FFF774
:10DAF0004EFF0746E9682068FFF749FF8046A9689E
:10DB00006068FFF744FF40443F1A2968E068FFF768
:10DB10003EFF3844F060BDE8F08170B590B0064635
:10DB2000144600230493D1E900358968CDE9053511
:10DB300007910CAA04A93046FFF73BFF08A930461D
:10DB4000FFF72BFF6A4608A90CA8FFF732FF01A8D0
:10DB500007C807C410B070BD10B580FB0101F2F713
:10DB6000B1FB10BDF0B500220A8000230A4F5C0112
:10DB700057F823200AE0D50706D030F914506E1C60
:10DB800002D00E882E430E805208641C002AF2D167
:10DB90005B1C022BEBDBF0BDFC0200202DE9F04FFB
:10DBA00087B007468946164600240025FFF7C2F8CD
:10DBB00016B1C00705D009E04FF0FF3007B0BDE84F
:10DBC000F08F0121084600F0F3FC044600210220FA
:10DBD00000F0EEFC40EA0408002000F0C7FC40EA38
:10DBE0000804380A0190DFF8B08098F800108842E5
:10DBF0000CD001AA01217E2000F004FC04430CB1EA
:10DC00002046DBE79DF8040088F80000DFF88CB0C0
:10DC10000DF1080A28E000976A4601217C2000F0F7
:10DC2000F1FB20430028C9D1A9EB0508B8F1100F7A
:10DC300001D94FF010089BF80F00022808D0721984
:10DC400041467D2000F0BAFB04464CB12046B5E7C2
:10DC50000AEB050241467D2000F0B0FB0446F4E7E4
:10DC6000454407EB080087B24D45D4D39BF80F001D
:10DC700002280AD1002006E00AEB0001497806F8E4
:10DC8000011B401CC0B24845F6D30121022000F020
:10DC90008FFC204392E70000A00300201E590020C3
:10DCA00070B505460C461646FFF744F8C00703D189
:10DCB0000121084600F07CFC2846FCF780FD18B1E5
:10DCC0000021022000F074FC32462146284600F074
:10DCD0000DF804462846FCF772FD20B10121022010
:10DCE00000F066FC0443204670BD00002DE9F04FB3
:10DCF00085B00F461646002400F07F09C0F3C71018
:10DD000000F034FC0546DFF870B0EA4622E0A7EBED
:10DD10000408B8F1100F01D94FF010089BF80F005C
:10DD200002280CD009EB0400321980B2414600F001
:10DD300045FB05436DB1284605B0BDE8F08F09EB02
:10DD400004000AEB040280B2414600F037FB0543B1
:10DD5000F0E74444BC42DAD39BF80F00022809D113
:10DD6000002005E00AEB0001497806F8011B401C81
:10DD7000B842F7D32846DFE71E5900202DE9F843C3
:10DD8000044690461F4641F0800000900E4E6A46C1
:10DD9000012136F8340001F07BFA0546CDF8008009
:10DDA00006EBC4046A466088012101F071FA40EA7A
:10DDB000050647F080000090A0886A46012101F026
:10DDC00067FA3043BDE8F883EE5D002070B50121AD
:10DDD000062001F0F4FA04467F21072001F0EFFA53
:10DDE00040EA0405414C4FF48070E17A01F0E7FA13
:10DDF00040EA0506217B40F2011001F0E0FA40EA1A
:10DE00000605617B4FF4817001F0D9FA40EA0506FE
:10DE1000A17B4FF4887001F0D2FA40EA0605E17B5D
:10DE200040F2111001F0CBFA40EA0506217C4FF4D4
:10DE30008A7001F0C4FA40EA0605617C40F21510D0
:10DE400001F0BDFA40EA05062178762001F0B7FA24
:10DE500040EA0605A178052001F0B1FA40EA05067E
:10DE6000E178102001F0ABFA40EA06052179112093
:10DE700001F0A5FA40EA0506A179662001F09FFAB3
:10DE800040EA0605E179672001F099FA40EA0506C3
:10DE90001F21682001F093FA40EA0605217A6820E4
:10DEA00001F08DFA40EA0506607820F0400040F06D
:10DEB0000801032001F083FA40EA0605142001F06E
:10DEC000A1F800F023FC40EA050600F059FF40EA03
:10DED0000605A17A072001F072FA40EA0506617A88
:10DEE000062001F06CFA304370BD0000DC5D0020BC
:10DEF00070B50B4EF07820F0800020F04001032038
:10DF000001F036FA0546092001F07CF8FCF71EFF07
:10DF100040EA0504F178032001F02AFA204370BD9D
:10DF20001E5900202DE9F041244D6878002802D0C8
:10DF30000020BDE8F081224C204821780078232978
:10DF400009D0217824290DD02178252911D0B8B104
:10DF50000122092016E010B103220A2012E010224B
:10DF600009200FE010B103220A200BE01022092043
:10DF700008E010B103220A2004E01022092001E089
:10DF8000022208200F4E40F0500300203178FFF7A6
:10DF9000F5FE0028CDD10127AF60207820280BD0D6
:10DFA0000123AA783178012001F0B4F90028C0D10A
:10DFB000FFF7B4FC6F70BCE71123F2E78403002085
:10DFC00082520108835201082DE9F04F89B00C46B6
:10DFD00005684168089181680791C16806910669E2
:10DFE000416905918769C1690491D0F820804FF09B
:10DFF0007E5949462846F2F7C8F983463146F2F77A
:10E00000C4F94146F2F7C1F96FF0010A5146F2F73F
:10E0100084FA009058463146F2F709FA4146F2F781
:10E0200006FA5146F2F779FA019029464846F2F786
:10E03000FEF905463146F2F7A8F94146F2F7F7F93D
:10E040005146F2F76AFA029028463146F2F7EFF9A4
:10E050004146F2F79AF95146F2F75FFA03907A4A8D
:10E0600000990020914200D300900199914200D381
:10E0700001900299914200D302900399914200D3FA
:10E080000390009802F0D6FC0090019802F0D2FCB8
:10E090000190029802F0CEFC0290039802F0CAFCB4
:10E0A0000390DDE90001F2F7BBFC27D80299009844
:10E0B000F2F7B6FC22D803990098F2F7B1FC1DD80C
:10E0C00002210098F2F729FA0546DDE90410F2F77B
:10E0D000AEF92946F2F7E3F9019038460799F2F7CD
:10E0E000A6F92946F2F7DBF9029006990898F2F7AB
:10E0F0009EF92946F2F7D3F9039085E0DDE9001097
:10E10000F2F78EFC27D8DDE90101F2F789FC22D86D
:10E1100003990198F2F784FC1DD802210198F2F7C7
:10E12000FCF90546DDE90410F2F781F92946F2F71A
:10E13000B6F9009006990898F2F727F92946F2F700
:10E14000AEF9029038460799F2F71FF92946F2F71F
:10E15000A6F9039058E000990298F2F761FC27D8DD
:10E16000DDE90110F2F75CFC22D8DDE90201F2F7EB
:10E1700057FC1DD802210298F2F7CFF90546384620
:10E180000799F2F754F92946F2F789F900900699B0
:10E190000898F2F7FAF82946F2F781F90190DDE9DB
:10E1A0000410F2F7F2F82946F2F779F903902BE020
:10E1B00000990398F2F734FC26D801990398F2F7F6
:10E1C0002FFC21D8DDE90210F2F72AFC1CD802212D
:10E1D0000398F2F7A2F9054606990898F2F727F98D
:10E1E0002946F2F75CF9009038460799F2F7CDF826
:10E1F0002946F2F754F90190DDE90410F2F7C5F869
:10E200002946F2F74CF902901E210098F2F785F9A1
:10E21000F2F75AFB20601E210198F2F77EF9F2F71F
:10E2200053FB60601E210298F2F777F9F2F74CFB7E
:10E23000A0601E210398F2F770F9F2F745FBE06049
:10E2400009B0BDE8F08F00000000808070B53F4A43
:10E2500001217620FFF74AFD05463C4C0121621C56
:10E260000320FFF743FD40EA0506A21C012105201B
:10E27000FFF73CFD40EA0605E21C01211020FFF7F4
:10E2800035FD40EA0506221D01211120FFF72EFD74
:10E2900040EA0605621D01211220FFF727FD40EA32
:10E2A0000506A21D01216620FFF720FD40EA0605B4
:10E2B000E21D01216720FFF719FD40EA050604F180
:10E2C000080201216820FFF711FD40EA06041F4AF9
:10E2D00001210B320802FFF709FD40EA04051B4A41
:10E2E00001210C3240F20110FFF700FD40EA050465
:10E2F000164A01210D324FF48170FFF7F7FC40EA16
:10E300000405124A01210E324FF48870FFF7EEFC2B
:10E3100040EA05040D4A01210F3240F21110FFF7C7
:10E32000E5FC40EA0405094A012110324FF48A70E5
:10E33000FFF7DCFC40EA0504044A0121113240F2F7
:10E340001510FFF7D3FC204370BD0000DC5D0020FA
:10E350002DE9FF410E461546012801D02D2727E063
:10E36000332725E06A4606213846FFF7BFFC20B177
:10E370004FF0FF3004B0BDE8F081002302A86946E9
:10E3800001EB430211F81340527842EA042214B21E
:10E3900020F8134056F82320224446F823205B1C23
:10E3A000032BEDDB2868401C28600A2000F02AFEC1
:10E3B0002868C828D6DB0020DCE700002DE9F843F8
:10E3C0000F4615460024DFF838800021C8F8B01148
:10E3D00040F08000C0B26946F7F7BAFF064606E093
:10E3E00029466D1CFF20F7F7B3FF0643641CBC42AF
:10E3F000F6D30120C8F8B0013046BDE8F88300002C
:10E40000008021422DE9F8430E4617460024DFF82C
:10E4100030800021C8F8B011C0B26946F7F798FF04
:10E42000054605E0385D6946F7F792FF0543641C31
:10E43000B442F7D30120C8F8B0012846BDE8F883FC
:10E44000008021420EB50021009101910291052822
:10E4500004D8194800901948019029E00A2804D8E6
:10E46000174800901748019022E0174A4FF03331C7
:10E470000B2804D8009101920120029018E0142882
:10E4800004D8124800901248019011E0162802D8D2
:10E49000009101920CE04B2804D80E4800900E48E1
:10E4A000019005E0E12803D80C4800900C48019049
:10E4B0006846FCF7B0FC0EBD7DD2273D832DD80207
:10E4C0009224493A6EDBB605CDCCCC0C254992346A
:10E4D000DBB66D0B55555515ABAAAA2A66666606BE
:10E4E0009A99993908B50021009107490881010AD4
:10E4F0008DF800108DF801006A4602214FF48870F3
:10E5000000F0C6FE08BD00001E59002070B504468C
:10E5100009484473204600F09BFA06460220A040BA
:10E5200000B20446FCF7B4FC40EA06052046FCF7BE
:10E53000DAFC284370BD00001E590020014609483E
:10E5400005290DD00A2904D00B2904D0162907D19A
:10E5500004E0054804E04FF0007001E04FF08060F7
:10E56000FCF785BC2EBAE8005D74D10170B5044695
:10E570000E4DA878844201D1002070BDAC700B4ACA
:10E580000121521C7F20FFF719FF0028F5D1687880
:10E5900000F0CE0040EA04106870044ABDE8704004
:10E5A000521C01217F20FFF72DBF0000A003002097
:10E5B00070B50025294C01282278637802D0022802
:10E5C0004AD122E081B1D00746D123F040016170E9
:10E5D000062000F0F4FE0546207840F0010020708F
:10E5E000012000F01EFD37E0D00735D043F0400198
:10E5F0006170062000F0E3FE0546207820F001005F
:10E600002070012000F00DFD26E0A07BC00723D084
:10E6100091B1FFF729F8F8B1207880071CD4607811
:10E6200040F020016170062000F0C9FE0546207808
:10E6300040F0020020700FE090070DD523F020017C
:10E640006170062000F0BBFE0546207820F0020035
:10E650002070012000F0E5FC284670BD1E59002006
:10E6600010B590E81C000349C06881E81C00C86030
:10E6700010BD00005C030020F0B595B006460F46C3
:10E6800000240CAD3057F2F7F3F845F82400641C71
:10E69000092CF7DB08A90CA8FFF796FC0998404263
:10E6A00009900A9840420A900B9840420B901549F5
:10E6B0003846F1F7C2FE1449F1F7F1FE4FF0FF3191
:10E6C000F1F72BFF0546FCF79DF81E21F1F725FF1A
:10E6D000F2F7FAF8009000240194284602F0C0F8FE
:10E6E0001E21F1F71AFFF2F7EFF80290039404AA43
:10E6F00008A96846FFF75DF904A8FFF7B1FF15B058
:10E70000F0BD0000DB0F4940000034C31CB5002001
:10E7100001906846FEF714FBBDF80000010A8DF871
:10E7200004108DF8050001AA02214FF4A87000F032
:10E73000AFFD1CBD02494A68801A0860002070477E
:10E740006C03002001B505499DF800000871012106
:10E750006A46080200F09CFD08BD00001E5900201A
:10E7600070B50446054D2C73204600F0C9F90646E5
:10E770002879214600F004F8304370BD1E5900206E
:10E780002DE9F04104460F4600262C4D287C002838
:10E7900006D105F110020121A820FFF781FA0646F3
:10E7A0002A7C4FF001035FEA026C04F1010403FAD2
:10E7B00007F3A3FB04074FF000054FEAE47105FBE4
:10E7C000047403FB01411E4B4FF28305A0FB03477A
:10E7D00001FB037100FB05151A4F0ED502F07F00F7
:10E7E000A0F2F6404242D31720462946F1F708FD31
:10E7F0003A460023F1F704FD0AE002F2F642D3178D
:10E8000020462946F1F7FCFC3A460023F1F7F8FCD4
:10E810006FF0004300221B1A8A4102D26FF00044BD
:10E8200000E00446084DA868844204D02046FCF766
:10E83000D8FC0643AC603046BDE8F0811E5900208C
:10E84000AF756656A0860100500300202DE9F84FF1
:10E8500000240025FCF7F6FF0646FDF755F80746AD
:10E86000FDF732F8814602217748F6F77BF88046BB
:10E87000B74201D2BA4600E0B246CA4500D3CA4602
:10E88000C24500D3C2464FF6FF70864200D05646BE
:10E89000874200D05746814500D0D146804500D000
:10E8A000D046DFF8A8B1A6F57F40FF3847D0304604
:10E8B000F7F726FF0546BBF80E0085420ED0284626
:10E8C000FFF73CFE04462846FFF7BCFD0443681EE4
:10E8D00000B2FFF707FE0443ABF80E505A4804217C
:10E8E0001830F6F73FF800222946F3F7CBFD044332
:10E8F00055480221001DF6F735F807222946F3F79F
:10E90000C1FD044350480521DC30F6F72BF80C22FA
:10E910002946F3F7B7FD04434B480121801EF6F763
:10E9200021F8BBF8041029B148492031498B8142B4
:10E9300000D808460C222946F3F7A4FD0443A7F5A6
:10E940007F40FF383AD03846F7F7DAFE0546BBF885
:10E950001000854206D0681EC0B2FFF7F3FE0443E4
:10E96000ABF81050384804212030F5F7FBFF0122A6
:10E970002946F3F787FD40EA040B334802210830AB
:10E98000F5F7F0FF0A222946F3F77CFD40EA0B0475
:10E990002D480621E630F5F7E5FF05222946F3F775
:10E9A00071FD40EA040B284804212830F5F7DAFF0E
:10E9B00006222946F3F766FD40EA0B044FF6FF7B7B
:10E9C000D94501D1D84538D0002000905E4505D109
:10E9D0005F4503D15046F7F793FE05466946284642
:10E9E000FEF7A8FF04435E4503D15F4501D10098BF
:10E9F00085B2D94515D0144802210C30F5F7B2FF85
:10EA000003222946F3F73EFD40EA04060E480221A0
:10EA10001030F5F7A7FF0B222946F3F733FD40EA44
:10EA20000604D84509D0084802211430F5F79AFFAA
:10EA300009222946F3F726FD0443FEF769F9FCF79E
:10EA40007DFA2043BDE8F88F88520108E4020020D7
:10EA50002DE9FC410446042C02DB0520BDE8FC81C5
:10EA60004FF48A7501AA01212846FFF719F90646D5
:10EA70009DF8040000F0C0000190204FF97A0129B0
:10EA800005D940EA440040F03900019002E040EA34
:10EA9000440001909DF80410284600F069FC40EA0B
:10EAA0000605F97A082922D004DC01291BD00429A3
:10EAB00004D11AE010291CD020291CD0002440F2D7
:10EAC00015176A4601213846FFF7EAF840EA0506BD
:10EAD0009DF8000000F0FC0121430091384600F051
:10EAE00047FC3043BAE70024E9E70024E7E70124C4
:10EAF000E5E70224E3E70324E1E700001E590020D4
:10EB00007CB50546042D01DB05207CBD40F20116D5
:10EB100001AA01213046FFF7C3F804469DF804001E
:10EB200000F0C00040EA450040F00100019001AA59
:10EB30000121304600F0ACFB40EA0405761C6A4631
:10EB400001213046FFF7ACF840EA05049DF80000CB
:10EB500000F0F80100911648827A102A1FD008DCD4
:10EB6000012A14D0022A14D0042A14D0082A06D16B
:10EB700013E0202A15D0402A15D0802A15D0002273
:10EB800011430091304600F0F3FB20437CBD00228E
:10EB9000F6E70122F4E70222F2E70322F0E704227B
:10EBA000EEE70522ECE70622EAE70722E8E70000A5
:10EBB0001E59002070B506460C46304601F0EAFCAE
:10EBC00010B1FEF74BFD50B1304601F0F9FC10B129
:10EBD000FEF750FD28B1FEF739FE24B104E0052010
:10EBE00070BD052070BD01244FF47A70844200D9B5
:10EBF000044612203D4D2E2E67D2DFE806F0661740
:10EC0000352B223761665F24242B66663324203B34
:10EC100019191B6637395D52485F634A4A52666666
:10EC20005B4A463B3B3D66416644651E2C804CE09A
:10EC300028834AE0EC81AC8447E0688345E06C803F
:10EC400043E0AC8241E021463046FEF7B5FA6881E8
:10EC500028843AE021463046FEF7AEFAA88168845F
:10EC6000E88432E0EC8030E0EC822EE02C812CE075
:10EC70002C852AE0E88728E0AC86A5F8464024E009
:10EC8000A5F8400021E0E8831FE06C851DE06C875B
:10EC90001BE021463046FEF78FFA2886A5F8420091
:10ECA00013E021463046FEF787FA25F8320F6882D6
:10ECB000E8820AE0AC8508E0AC8706E0EC8504E079
:10ECC0006C8202E02C8700E0A883FFF7BFFD0546B9
:10ECD000FEF74EF80446FEF745F82146FFF750FDD3
:10ECE00040EA0504FEF794F9204670BD04030020B5
:10ECF00070B500200C4EF178002914D1102140F29B
:10ED0000811000F035FB054604214FF4C07000F07F
:10ED10002FFB40EA050480214FF4C17000F028FB6E
:10ED200020430121F17070BD50030020044A0121ED
:10ED30008140D18001464FF4C07000F019BB000043
:10ED40001E59002070B5FEF781FDFAF75FFEFEF751
:10ED500045F8FFF7CDFF00F013F8054606490748D0
:10ED6000FDF7DEF940EA05040CB1FBF745FEFEF7BE
:10ED70004FF9204670BD0000A1020020980200203B
:10ED80002DE9FC4701A8DFF848810090002201230B
:10ED900098F800101046FDF717FF002805D19DF8E0
:10EDA0000400482803D04FF0FF30BDE8FC87494FEE
:10EDB0003120494C3978232922D03978242923D08D
:10EDC0003978252924D00A20A07010260F254FF06D
:10EDD0000109C4F808903878212821D038782228F1
:10EDE00023D03878202826D03878232829D038789E
:10EDF00024282CD0387825284CD06FF00400D4E794
:10EE0000A07060261F25E2E7A07060261F25DEE7C0
:10EE1000A07031498020C91C087048708870D6E7FE
:10EE20002E48E060801F206116E02C480C30E06026
:10EE3000801F206110E029481830E060801F2061A9
:10EE40000AE026482430E060801F206104E0234867
:10EE50003030E060801F20610323324698F80010B4
:10EE60000020FEF78BFF00289FD12B46A27898F850
:10EE700000100120FDF7CCFE002896D1164A032190
:10EE8000D21C3B20FEF70CFF00288ED138782428B6
:10EE900006D00EE011483C30E060801F206111E098
:10EEA0002023302298F800100120FDF7B1FE002841
:10EEB000A5D10023A27898F800100120FDF7A8FE44
:10EEC00000289CD184F8019000F0CAF86DE700009A
:10EED00083520108825201088403002080550108F2
:10EEE00070B5464A01210620FEF700FF0446434A5A
:10EEF0000121521C0720FEF7F9FE40EA040501211A
:10EF0000062000F05CFA40EA0504FFF79FF940EAAA
:10EF100004057F21072000F052FA40EA0504702121
:10EF2000052000F04CFA40EA04050A214FF48070F5
:10EF300000F045FA40EA0504012140F2011000F01A
:10EF40003EFA40EA040503214FF4817000F037FADD
:10EF500040EA050400214FF4887000F030FA40EADE
:10EF600004050A2140F2111000F029FA40EA0504D4
:10EF700039214FF48A7000F022FA40EA0405022198
:10EF800040F2151000F01BFA40EA05041C4A01216A
:10EF90008220FEF7ABFE40EA0405194E0121721CE7
:10EFA0008320FEF7A3FE40EA0504B21C0121842061
:10EFB000FEF79CFE40EA0405F21C01218E20FEF7BC
:10EFC00095FE40EA0504F61C721C01218F20FEF715
:10EFD0008DFE40EA0405B21C01219020FEF786FE5A
:10EFE00040EA05064021072000F0E9F940EA06045E
:10EFF000322000F007F8204670BD0000E55D0020DB
:10F000007C03002010B50446F4F72CFB20B1BDE8CA
:10F0100010400120F2F75ABAA0B2BDE81040FBF749
:10F02000BDBC10B50446F4F71DFB20B12046BDE879
:10F030001040FFF7E7BF64206043BDE81040FBF7D6
:10F04000C7BC38B57F2000906A460121072000F038
:10F050001FF9044600210120FFF7AAFA204338BD1A
:10F0600070B50E4E707800280BD00020FEF770FCB3
:10F0700005460120FEF76CFC40EA05041CB1204661
:10F0800070BD002070BDFEF7FBFA10B9FEF73CFC26
:10F09000044600207070204670BD000084030020EC
:10F0A00010B502460B4650680146FEF76AFC04465E
:10F0B00010680146FEF765FC2044A0F1804018600E
:10F0C000D2E90101FEF75DFC04461168D068FEF745
:10F0D00058FC201A5860D1685068FEF752FC04466C
:10F0E00011689068FEF74DFC20449860D2E9010158
:10F0F000FEF747FC04461168D068FEF742FC204446
:10F10000D86090680146FEF73CFC04461068014652
:10F11000FEF737FC2044A0F180401861D2E90201DB
:10F12000FEF72FFC0446D2E90010FEF72AFC201A55
:10F130005861D1685068FEF724FC04461168906855
:10F14000FEF71FFC201A9861D2E90201FEF719FCB4
:10F150000446D2E90010FEF714FC2044D861D068C0
:10F160000146FEF70EFC044610680146FEF709FC56
:10F170002044A0F18040186210BD0000F8B50121C4
:10F180000846FFF715FA0646124DE87B022806D11D
:10F19000E87840F01001E970032000F0E9F847201A
:10F1A00000906A460121072000F072F840EA060448
:10F1B000A87B800707D5E87840F0C001E9700320FC
:10F1C00000F0D6F8044301210220FFF7F1F92043B3
:10F1D000F8BD00001E5900202DE9FC470646884670
:10F1E000914600240025FDF7A5FDB9F1000F02D0DE
:10F1F000C00704D008E04FF0FF30BDE8FC870121D4
:10F200000846FFF7D5F9044600210220FFF7D0F9A0
:10F2100040EA04070020FFF7A9F940EA0704300A92
:10F2200001901A4F3978884227D001AA01217E2007
:10F23000FFF7E8F804430CB12046DEE79DF8040030
:10F2400038701AE000966A4601217C20FFF7DAF850
:10F2500020430028D1D1A8EB0507102F00D9102793
:10F2600009EB050239467D20FFF7CCF804460CB1C6
:10F270002046C2E73D44F01986B24545E2D301215C
:10F280000220FFF795F92043B7E70000A003002014
:10F290002DE9F04781460F4692460026002409F0EA
:10F2A0007F08FDF747FDC00704D101210846FFF79D
:10F2B0007FF906464846FBF782FA20B1002102207A
:10F2C000FFF776F90643C9F3C710FFF74FF940EA95
:10F2D000060511E03E1B102E00D9102608EB040095
:10F2E0000AEB040280B23146FFF78CF8054315B1F2
:10F2F0002846BDE8F0873444BC42EBD34846FBF7D0
:10F300005EFA20B101210220FFF752F90543284699
:10F31000EFE700002DE9F843044690461F460091B0
:10F32000124E6A46012136F83400FFF7B1FF054658
:10F33000CDF8008006EBC4046A4660880121FFF71F
:10F34000A7FF40EA05060097E0886A460121FFF71B
:10F350009FFF40EA060581200090A0886A460121AF
:10F36000FFF796FF2843BDE8F8830000EE5D00201C
:10F3700070B506460D460024FDF7DCFCC00704D13D
:10F3800001210846FFF714F904463046FBF717FA47
:10F3900020B100210220FFF70BF904432946304633
:10F3A00000F00DF840EA04053046FBF708FA20B1FA
:10F3B00001210220FFF7FCF80543284670BD73B514
:10F3C00000F07F05C0F3C710FFF7D0F8044601AA8C
:10F3D00001212846FFF716F820437CBDF0B545F61D
:10F3E00082254FF440444BF272114A10002801DC90
:10F3F0000020F0BD0023884206DD88420BDD00EBD3
:10F40000D07040105B1EF8E7904204DA904202DAB6
:10F4100040005B1CFAE74610A71B39463846FEF74A
:10F42000A1FA01463046FEF79DFA211A3846FEF74A
:10F4300099FA074639463846FEF794FA01463046AF
:10F44000FEF790FA211A3846FEF78CFAD90706D053
:10F45000012101EB63032946FEF784FA00E05B100B
:10F46000002B04DAC3F1000140FA01F0F0BDFDDD2C
:10F4700000FA03F0F0BD0000F7F7A6FAF2F7AAFAD7
:10F4800006A0F9F7D7F9F2F729F80220FBF786FA78
:10F4900003A0F9F7CFF9F2F75BF8FEE70A000000E6
:10F4A0000A48656C6C6F20596168626F6F6D210A44
:10F4B0000A00000038B505466A4601216820FEF7BB
:10F4C000EFFB04469DF8000000F0E00028430090A8
:10F4D0006A4601216820FFF7DBFE204338BD0000AB
:10F4E0002DE9F04F8FB04FF0000ACDF828A0CDF8ED
:10F4F0002CA0CDF830A0FE48DFF8F493DFF8F4B389
:10F50000007809F1CC09C007ABF1800836D0B8F813
:10F510000400012832D1D8F8240028B1D8F82800F6
:10F5200010B90120C8F8280098F80100F8B1D9F8FE
:10F530000800F1F715FA04460D46D9F80400F1F772
:10F540000FFA06460F46D9F80000F1F709FADBE991
:10F550000223CDE90623D8F8282004920246CDE9FB
:10F560000067CDE902450B46E3A0F9F763F9E048EF
:10F5700099E80E0034380EC0A8F804A0DC480078E2
:10F5800080073CD5B8F80600012838D1D8F8240007
:10F5900028B1D8F82C0010B90120C8F82C0098F830
:10F5A000010010B3D248E8308068F1F7D9F9044679
:10F5B000CF480D46E8304068F1F7D2F90646CC480E
:10F5C0000F46E8300068F1F7CBF9DBE90223CDE91B
:10F5D0000623D8F82C2004920246CDE90067CDE935
:10F5E00002450B46CFA0F9F725F9C148D9E9082310
:10F5F0003438D9F81C100C300EC0A8F806A0BC484E
:10F600000078400745D5B8F80800012841D198F89E
:10F61000010000B3B648F4308068F1F7A1F9044660
:10F62000B3480D46F4304068F1F79AF90646B04801
:10F630000F46F4300068F1F793F9DBE90223CDE9D6
:10F64000035ACDE900670294CDE9062302460B4632
:10F65000BFA0F9F7EFF898F80100C0B1C84880687A
:10F66000F1F77EF90446C6480D464068F1F778F98F
:10F670000646C3480F460068F1F772F902460B468A
:10F68000C0A0CDE90067CDE90245F9F7D3F8A8F8A5
:10F6900008A0B8F80E0001287ED1954800784006F1
:10F6A0007BD5B74A443AA2F1500110680860566809
:10F6B0004E6097688F60D568CD60C8F86C0044468E
:10F6C0000E9026676767A56731460E98F0F7B5FE7E
:10F6D000A06439460E98F0F7B0FEE0640D9029461C
:10F6E0000E98F0F7AAFE206531463046F0F7A5FEE9
:10F6F000606539463046F0F7A0FEA06529463046E1
:10F70000F0F79BFE0646E06539463846F0F795FE71
:10F71000206629463846F0F790FE6066294628465E
:10F72000F0F78BFEA06631460D98F0F780FE0121C0
:10F73000F0F7F3FEF1F714F9FAF7F6FBF1F754F9E5
:10F740006B4F80F000407C373860A16E206EF0F780
:10F750001CFE0121F0F7E1FE4FF07E51F0F76AFE4A
:10F76000F1F7FEF805460E46A16D206DF0F70DFE8F
:10F770000121F0F7D2FEF1F7F3F82A463346FAF703
:10F780001BFEF1F731F97860216E606DF0F7FDFD39
:10F790000121F0F7C2FE01E098E03BE04FF07E511E
:10F7A000F0F748FEF1F7DCF805460E46616EA06CF6
:10F7B000F0F7EBFD0121F0F7B0FEF1F7D1F82A46A2
:10F7C0003346FAF7F9FDF1F70FF9B8606178B9B18E
:10F7D000F1F7C6F8044638460D464068F1F7C0F820
:10F7E000064643480F467C300068F1F7B9F80246F8
:10F7F0000B466DA0CDE90067CDE90245F9F71AF88F
:10F800003B48343800F18001D1E90C23896BC0E911
:10F810000923C162364C2068C00307D50AA8FBF74C
:10F82000F1F804F144010AA8FCF730FD30480088E3
:10F83000800522D598F80100F8B151484C30806815
:10F84000F1F78EF804464E480D464C304068F1F70B
:10F8500087F806464A480F464C300068F1F780F8B2
:10F86000DBE90223CDE90067CDE904230246CDE9B7
:10F8700002450B4657A0F8F7DDFF1D480088C0057C
:10F8800022D598F80100F8B13D4840308068F1F782
:10F8900067F804463A480D4640304068F1F760F892
:10F8A000064637480F4640300068F1F759F8DBE963
:10F8B0000223CDE90067CDE904230246CDE90245E4
:10F8C0000B464EA0F8F7B6FFA8F80EA0084800783F
:10F8D00000070BD5B8F80A00012807D198F80100F5
:10F8E00018B127480C3080689CE0B9E0C1E0000006
:10F8F0007057002078020020416363656C204461EA
:10F900007461092025382E35662C2025382E356661
:10F910002C2025382E35662C2025642C20256C6C57
:10F92000640D0A004779726F2044617461092025D3
:10F93000372E35662C2025372E35662C2025372E80
:10F9400035662C2025642C20256C6C640D0A000083
:10F95000526177204779726F2044617461092025D4
:10F96000372E35662C2025372E35662C2025372E50
:10F9700035662C25642C20256C6C640D0A00000073
:10F98000705800204779726F204269617309202501
:10F99000372E35662C2025372E35662C2025372E20
:10F9A00035660D0A000000004F7269656E7461745F
:10F9B000696F6E0920783D25372E35662C20793DFC
:10F9C00025372E35662C207A3D25372E35660D0AD3
:10F9D0000000000047726176697479092025372E8E
:10F9E00035662C2025372E35662C2025372E35669A
:10F9F0002C20256C6C640D0A000000004C696E65BB
:10FA00006172416363092025372E35662C20253726
:10FA10002E35662C2025372E35662C20256C6C64FF
:10FA20000D0A0000F0F79CFF044692480D4640681E
:10FA3000F0F796FF06468F480F460068F0F790FFF4
:10FA4000DBE90223CDE90623D8F8342004920246EC
:10FA5000CDE90067CDE902450B4687A0F8F7EAFE3D
:10FA6000D9E911239048D9F8401018300EC0A8F8F1
:10FA70000AA08D4834300078C0064AD5B8F80C008A
:10FA8000012846D198F8010008B3DFF8E89109F1A0
:10FA90000C09D9F80800F0F763FF04460D46D9F8C1
:10FAA0000400F0F75DFF06460F46D9F80000F0F7B6
:10FAB00057FFDBE90223CDE9035ACDE90067029441
:10FAC000CDE9062302460B4678A0F8F7B3FE98F876
:10FAD0000100E0B1DFF89C9109F11809D9F808009C
:10FAE000F0F73EFF04460D46D9F80400F0F738FF62
:10FAF00006460F46D9F80000F0F732FF02460B46E3
:10FB000077A0CDE90067CDE90245F8F793FEA8F8A4
:10FB10000CA07C48008A01286ED1634834300078FC
:10FB200080062ED57748407858B352483438C0689C
:10FB3000F0F716FF04464F480D4634388068F0F75A
:10FB40000FFF06464B480F4634384068F0F708FF71
:10FB500080464848894634380068F0F701FFDBE901
:10FB60000223CDE90823674A0B46126BCDE90089D1
:10FB700006920246CDE90267CDE9044562A0F8F796
:10FB800059FE494C3434206880030BD50AA8FAF793
:10FB900049FF07A90AA8FCF743FC04F1440107A8A0
:10FBA000FCF774FB2078000623D55648407800B354
:10FBB000DFF8C08008F14C08D8F80800F0F7D0FE54
:10FBC00004460D46D8F80400F0F7CAFE06460F4674
:10FBD000D8F80000F0F7C4FEDBE90223CDE90067A6
:10FBE000CDE904230246CDE902450B4651A0F8F7C2
:10FBF00021FE4448A0F810A04248408A012836D18E
:10FC000029483430008880042ED53E48407858B3C7
:10FC100018482430C068F0F7A3FE044615480D4686
:10FC200024308068F0F79CFE064612480F462430C8
:10FC30004068F0F795FE80460E48894624300068FB
:10FC4000F0F78EFEDBE90223CDE908232D4A0B46AF
:10FC5000926BCDE9008906920246CDE90267CDE9B3
:10FC600004453FA0F8F7E6FD2648A0F812A00FB023
:10FC7000BDE8F08F7C580020436F6D706173732076
:10FC800044617461092025372E35662C2025372ED6
:10FC900035662C2025372E35662C0925642C202529
:10FCA0006C6C640D0A0000003C5700205261772004
:10FCB000436F6D706173732044617461092025374F
:10FCC0002E35662C2025372E35662C2025372E35EF
:10FCD000662C0925642C20256C6C640D0A0000003C
:10FCE000436F6D706173732042696173092025371A
:10FCF0002E33662C2025372E33662C2025372E33C5
:10FD0000660D0A00F80100205256092025372E35CD
:10FD1000662C2025372E35662C2025372E35662C6F
:10FD20002025372E35662C2025642C20256C6C640C
:10FD30000D0A00004F7269656E746174696F6E0917
:10FD40002025372E35662C2025372E35662C20258C
:10FD5000372E35662C20256C6C640D0A00000000DF
:10FD600047656F4D4147205256092025372E35668D
:10FD70002C2025372E35662C2025372E35662C2055
:10FD800025372E35662C2025642C20256C6C640DBF
:10FD90000A0000002DE9F04104460F46174EF568B1
:10FDA0003068001D00F0E6FE38B9306890F82C107D
:10FDB00001208840316981433161601C07D137B12E
:10FDC0003168BDE8F041091D0D4800F00CBF2C441E
:10FDD00030684460AC4206D23168F06B091DBDE862
:10FDE000F04100F0E8BE3168B06B091D00F0E3FEA1
:10FDF000B06A844200D2B462BDE8F081B401002050
:10FE00002857002070B5044600F0FAFE1C4DA86883
:10FE1000401CA860286810B1686938B10CE02C60FB
:10FE2000A868012808D100F0BFF805E02868E16A59
:10FE3000C06A884200D82C60686A401C6862E06A28
:10FE400001212A698140114329610E4900EB80009C
:10FE500001EB8000211D00F0C6FE00F0DFFE6869A6
:10FE600000280CD02868E16AC06A884207D2064997
:10FE70004FF080500860BFF34F8FBFF36F8F70BD9E
:10FE8000B40100207456002004ED00E070B50C4D64
:10FE90000C4E11E000F0B4FEF068C468201D00F0C4
:10FEA00069FEA868401EA8606868401E686000F08F
:10FEB000B5FE204600F008F868680028EAD170BD59
:10FEC000B40100201457002010B50446206B00F048
:10FED000B1FE2046BDE8104000F0ACBE074820F05F
:10FEE00007000749086000234B60083144F2F832EC
:10FEF0004A600B6042600160704700007C12002085
:10FF0000A0010020074E4FF08054074DFFF7BEFFC1
:10FF100030680128FAD92C60BFF34F8FBFF36F8F81
:10FF2000F4E700007456002004ED00E02DE9F047EE
:10FF30008246DDE908570A9C9946521E206B00EB69
:10FF4000820020F00708002600290CD0002023188A
:10FF50000A5C83F834200A5C12B1401C1028F6D3E6
:10FF600084F8436001E084F83460052D00D3042553
:10FF7000E562201D00F01CFE04F1180000F018FEE0
:10FF80002461C5F10500A0616462666484F848607C
:10FF90004A465146404600F09FF82060002F00D0AE
:10FFA0003C60BDE8F087000070B50024124D04EB02
:10FFB000840005EB800000F0F0FD641C052CF6D3F6
:10FFC0000D48643000F0E9FD0B48783000F0E5FDA5
:10FFD00009488C3000F0E1FD0748A03000F0DDFD5D
:10FFE0000548B43000F0D9FD034904486431816309
:10FFF0001431C16370BD000074560020B4010020AC
:020000040801F1
:100000000648816B0968002904D0816BC9680968BA
:10001000816270474FF0FF3181627047B401002068
:10002000BF2080F31188BFF34F8FBFF36F8FFEE7C0
:100030002DE9F0410746002500F06AFE254E706864
:1000400018B9FFF74BFF0120706067B107F1080492
:10005000BC4208D904F00700C0F108000219A2420E
:1000600002D8002200E0002272B33768BA422BD8CF
:10007000184808300146096801E0084619464B68EF
:10008000934202D20B68002BF7D1124B10339942E6
:100090001AD0056808350B6803604868801A102874
:1000A0000FD98C1860604A6060680A4A083200E024
:1000B0001A461368D3F804C08445F9D31068206049
:1000C00014604868381A306001F0B2F82846BDE87C
:1000D000F08100009801002020384FF08073C36148
:1000E00021F0010181610249416140F820297047F6
:1000F0002100010870B504464FF07F554FF0FF31E5
:100100002046F0F70AFA0849A1EB64042146F0F70B
:1001100094F92146F0F791F92946F0F78BF9214639
:10012000BDE87040F0F789B9DF59375F10B5002896
:100130000DD04FF0000403DAC0F100004FF00104CD
:10014000B0F1804F07DB24B14FF0FF3010BD00202D
:1001500010BD012010BDFFF741F90146FDF702FC7B
:10016000002CF7D0404210BD70B5822807DD002377
:10017000BDE87040FF211A460846F5F75BBE6428CB
:100180001CDB643800EB80004000182190FBF1F08C
:10019000001DC5B20E2D00D90E250024E81C00EB71
:1001A0008000460007E00023F2B219462046F5F72A
:1001B00041FE641CE4B2AC42F5D370BD5F2814DD8F
:1001C0000125622801DD032502E0612800DD02250A
:1001D000002407E000231A4696212046F5F72AFE60
:1001E000641CE4B2AC42F5D370BD0023BDE870409E
:1001F0001A460A211846F5F71DBE70B5552807DDC9
:100200000023BDE87040FF211A460846F5F712BEEC
:1002100046281CDB463800EB800040000E2190FB96
:10022000F1F0001DC5B20E2D00D90E250024E81CEA
:1002300000EB8000460007E00023F2B2194620469A
:10024000F5F7F8FD641CE4B2AC42F5D370BD41286B
:1002500014DD0125442801DD032502E0432800DDEB
:100260000225002407E000231A4696212046F5F7D0
:10027000E1FD641CE4B2AC42F5D370BD0023BDE8DF
:1002800070401A460A211846F5F7D4BD30B51E2134
:10029000B0FBF1F20A4C01FB1205217A421A00D59B
:1002A0000A1A9623954204DD0844B0FBF3F103FBE0
:1002B0001100B0FBF3F103FB1100207230BD000010
:1002C000AC00002070B504460D4616462078322852
:1002D00014D92878322811D9307832280ED9F0F77D
:1002E00003F8032390FBF3F103FB1100C0B20023DA
:1002F00028B1012805D0022800D1337070BD2370C9
:1003000070BD2B7070BD00002DE9FF4754A003C8DD
:10031000CDE9020154A003C8CDE90001DFF8508106
:1003200098F80100002802D052A0F8F783FAFDF7F0
:1003300093FAC8F8200098F8011019B1014653A0AB
:10034000F8F778FA98F8010098B1D8F82000C107BA
:1003500001D002AB00E06B46810701D502AA00E0A4
:100360006A46400701D502A900E069464EA0F8F7A9
:1003700061FA98F8010010B155A0F8F75BFA98F807
:1003800001005B4F20B197E80E005AA0F8F752FA2F
:1003900098F8010010B15CA0F8F74CFADFF8509122
:1003A00098F8010009F10C0920B199E80E0051A05C
:1003B000F8F740FA98F82000C04380074DD138681C
:1003C0004B4CC502443C25607868C6026660B8683C
:1003D000A0F58040C702A7604FF0824AD9F800001C
:1003E000C003F0F745FA5146F0F759F8F0F76CFA08
:1003F000E060D9F80400C003F0F73AFA5146F0F78C
:100400004EF8F0F761FA2061D9F80800C003F0F760
:100410002FFA5146F0F743F8F0F756FA606198F872
:10042000010028B13B46324629463FA0F8F702FAC0
:1004300098F8010020B10C3448A00ECCF8F7FAF976
:100440002B484438FAF7B3FD98F8010010B1504832
:10045000F8F7F0F90120C8F82400BDE8FF87000094
:1004600050415353000000004641494C0000000039
:10047000F801002053656C66746573742E2E2E533C
:100480007461727465640D0A0000000053656C6647
:10049000746573742E2E2E446F6E652E2E2E52654B
:1004A000743D25640D0A0000526573756C743A2022
:1004B000436F6D706173733D25732C2041636365D9
:1004C0006C3D25732C204779726F3D25730D0A0012
:1004D000416363656C204176657261676520284CD5
:1004E000534240465352203267290D0A0000000053
:1004F000C457002009583A256420593A2564205AE7
:100500003A25640D0A0000004779726F2041766534
:100510007261676520284C53424046535220323561
:1005200030647073290D0A00466163746F7279201C
:1005300043616C202D20416363656C20444D502045
:100540006269617365733A2009583A256420593A03
:100550002564205A3A25640D0A0000004661637440
:100560006F72792043616C202D204779726F20448F
:100570004D50206269617365733A202009583A250D
:100580006420593A2564205A3A25640D0A00000077
:1005900000580108182811D008DC02280ED00B28BA
:1005A0000CD00E280AD0142806D107E01F2805D049
:1005B000222803D0272801D000207047012070474F
:1005C000062803D01C2801D0002070470120704766
:1005D0002DE9F04106460024994F9A4938680842AF
:1005E0000DD099498E4201DB0E4608E097498E42B4
:1005F00001DB974E03E097498E4200DB964E974D04
:10060000C0070AD028463146EFF749FFF0F775F9E1
:1006100081B20120FEF7CEFA0446387880070AD569
:1006200028463146EFF73BFFF0F767F981B2042027
:10063000FEF7C0FA0443387840070AD52846314609
:10064000EFF72DFFF0F759F981B21020FEF7B2FA5B
:100650000443387840060AD528463146EFF71FFF95
:10066000F0F74BF981B20F20FEF7A4FA0443386883
:10067000C0030AD528463146EFF711FFF0F73DF9E0
:1006800081B20F20FEF796FA0443388800050AD598
:1006900028463146EFF703FFF0F72FF981B2122019
:1006A000FEF788FA04433888C0040AD52846314644
:1006B000EFF7F5FEF0F721F981B21120FEF77AFA93
:1006C0000443388840050AD528463146EFF7E7FE4F
:1006D000F0F713F981B21320FEF76CFA044338885F
:1006E000C0050AD528463146EFF7D9FEF0F705F9DF
:1006F00081B20A20FEF75EFA0443388880050AD5E5
:1007000028463146EFF7CBFEF0F7F7F881B2092023
:10071000FEF750FA0443387810F0180F0AD0284634
:100720003146EFF7BCFEF0F7E8F881B20220FEF7A1
:1007300041FA04433878C0060AD528463146EFF717
:10074000AEFEF0F7DAF881B20E20FEF733FA04437A
:10075000387880060AD528463146EFF7A0FEF0F734
:10076000CCF881B20B20FEF725FA044338888004C8
:100770000AD528463146EFF792FEF0F7BEF881B26F
:100780001420FEF717FA04433868C0020AD5284639
:100790003146EFF784FEF0F7B0F881B22D20FEF776
:1007A00009FA0443386840020AD528463146EFF773
:1007B00076FEF0F7A2F881B22920FEF7FBF9044398
:1007C000386880020AD528463146EFF768FEF0F710
:1007D00094F881B22C20FEF7EDF9044338688003C9
:1007E0000AD528463146EFF75AFEF0F786F881B26F
:1007F0000B20FEF7DFF90443386840030AD528468A
:100800003146EFF74CFEF0F778F881B21420FEF78E
:10081000D1F90443387800060AD528463146EFF767
:100820003EFEF0F76AF881B20320FEF7C3F90443F5
:10083000FDF75EFBFAF74EFA2046BDE8F0810000B6
:1008400070570020001C7000000061430000CC4283
:100850000000E14200004C420000624200A08C44D3
:100860002DE9F8430446024652486946B0EB420F70
:1008700009D94FF0E640B0EB420F94BF00204FF093
:10088000FF30009030E04C4B22F00040834271D9A1
:100890004A492046EFF7D1FDF0F767F98046F0F7B7
:1008A00013F800F00300009045494046EFF7C5FDFE
:1008B000054644494046EFF7C0FD064642494046DA
:1008C000EFF7BBFD074641494046EFF7B6FD21462D
:1008D000EFF7B0FD3946EFF7AAFD3146EFF7A7FD78
:1008E0002946EFF7A4FD04462546009C002C45DB75
:1008F000294614F0010F08461ED0EFF79EFD05466D
:100900003349EFF79AFD3349EFF73FFD2946EFF7FB
:1009100094FD3149EFF739FD2946EFF78EFD4FF091
:100920007E51EFF732FD14F0020F08BFBDE8F883E7
:1009300080F00040BDE8F883EFF77FFD06462749C9
:10094000EFF77BFD2649EFF775FD3146EFF775FDB3
:100950002449EFF71AFD3146EFF76FFD2946EFF70F
:100960006CFD2946EFF711FD14F0020FE0D1BDE850
:10097000F883FFE71046F8F721FBB4E76800B0F111
:100980007F4F09D22846F7F78DFF042808BFF8F7F4
:1009900010FB2846BDE8F88306D10120F8F7D2FB0A
:1009A000BDE8F843F8F701BB2846BDE8F843F8F77F
:1009B000F9BA0000B61F927E490E494683F9223FDC
:1009C0001A61342C0020A23300A0FD390000C93F79
:1009D000B93AB2BACA9F2A3DDDFFFFBE336D4C392A
:1009E000DA82083CA0AA2ABE2DE9F04106460F464D
:1009F000F0F736F9041E0D4618BF0120284320F0F9
:100A00000040C0F17F6000F1E040C00F0ED0301C0C
:100A100018BF0120384320F00040C0F17F6000F192
:100A2000E040C00F04BF0120F8F78CFB20462946A8
:100A3000BDE8F08170B50546F0F768F8044620F08F
:100A40000040C0F1FF40C00F08D025F00040C0F1C9
:100A5000FF40C00F04BF0120F8F774FB204670BDB3
:100A600007B502AB0122FBF761FA0EBD30B41446A4
:100A7000DAB2234630BCFBF759BA000010B5164B6A
:100A800021F00042012486B09A4203DC0022134682
:100A900000941CE0114B9A4208D140B94FF001007C
:100AA000F8F750FBF8F76FFA06B010BD03DBF8F764
:100AB00065FA06B010BD02AAF7F708FF00F00100C2
:100AC000A4EB40000DF1080C00909CE80F00F8F733
:100AD00017F906B010BD0000FB21E93F0000F07FD0
:100AE0002DE9F04F05460C461D4E7700DFF8748067
:100AF000DFF87490DFF874A0DFF874B02868B842AB
:100B000005DD401028604FF0FF30206018E0B04253
:100B100014DA2846FBF748F920602868B84205DB5C
:100B2000401028602068401E206009E0B04207DACB
:100B3000400028602068401C206001E00020206008
:100B40002868404501DB484502DD0320BDE8F08F01
:100B5000504501DB584501DD0220F7E70120F5E7AC
:100B6000FE855C2C9A99993966666646F6285C3F44
:100B70000AD7A3400169D0E901329A60D0E9012384
:100B80005A604A68824201D182684A60002202614A
:100B90000868401E08600868704700F1080141605D
:100BA0004FF0FF328260C160016100210160704737
:100BB00000210161704730B50C68621C02D000F161
:100BC000080202E0026904E01A4653681D68A54263
:100BD000FAD953684B6099608A6051600861016876
:100BE000491C016030BD42684A6093688B6093681D
:100BF0005960916008610168491C016070470000FC
:100C0000BF2080F31188BFF34F8FBFF36F8F02486F
:100C10000168491C01607047B00100200449086860
:100C2000401E0860002801D180F311887047000041
:100C3000B001002010B5002818D00838044600F094
:100C400067F860680A4900E011460A685368834201
:100C5000FAD3086820600C600548616808380268AB
:100C600011440160BDE8104000F0E2BA10BD000080
:100C7000A00100204FF0E0200021016181610249C4
:100C800041610721016170473F19010010B502461B
:100C90000020002A07D000F03BF800211046FFF7A3
:100CA00079F800F0C5FA002807D104494FF08050C8
:100CB0000860BFF34F8FBFF36F8F10BD04ED00E0EE
:100CC0007CB50F480025CDE900502B4680220DA1B0
:100CD0000E4800F0EDF90A4C2C3C01280ED1BF2043
:100CE00080F31188BFF34F8FBFF36F8F4FF0FF304A
:100CF000A06201206061E56000F0ACF9206B7CBD72
:100D0000E001002049444C450000000005FF0008B8
:100D10000248416B491C416370470000B401002048
:100D20000F4A506B002802D00120D061704700208C
:100D3000D0611069B0FA80F0C0F11F00094900EBE2
:100D4000800001EB800041684968416000F10803C0
:100D5000994201D1496841604068C068106070479D
:100D6000B4010020745600206420F0F7CFFD094C38
:100D7000094E4FF480550A20F0F7A8FBA078F0F751
:100D800025FD0028F7D0F0F7D3FB29463046F2F7CF
:100D90004AFCF0E70C000020000801400A20F0F7B0
:100DA00095FB002438E02348C08820B344B1022CCE
:100DB00009D0042C0AD0062C16D0082C22D023E00F
:100DC000F5F7AAFC20E0F4F761F81DE0F0F7F6FD76
:100DD00020B1F0F7F3FD012803D015E0F2F7B2FCE3
:100DE00012E0F3F7C1F80FE0F0F7E8FD20B1F0F7FB
:100DF000E5FD012803D007E0F2F75AFC04E0F3F721
:100E000055F801E0F1F790FD641CA4B20A2C00D95A
:100E100000240120F0F75AFBF5F7FEFD0028C2D1AF
:100E20000A20F0F753FB4FF47A742046F0F74EFB9C
:100E3000FBE700000C00002016E0F2F7F7FB48B1DA
:100E4000F2F7FAFB0446F2F703FC2146F7F706FA3D
:100E5000F1F718FAF2F7F6FB08B1F5F789FCF5F7A8
:100E6000BFF80120F0F732FBF5F7D6FD0028E4D1FA
:100E70000B494870F2F7DAFB48B1F2F7DDFB0446A4
:100E8000F2F7E6FB2146F7F723FCF1F7FBF9F2F75F
:100E9000D9FB08B1F5F76CFC0120F0F717FBE9E787
:100EA0000C00002008B500F061F9009010E0F0F7A8
:100EB00085FD20B1F0F782FD012803D004E0F2F7B0
:100EC000DDFB01E0F2F7B6FF0A21684600F020F9E9
:100ED000F5F7A2FD0028EAD11E20F0F7F7FA4FF44B
:100EE0007A742046F0F7F2FAFBE700001FB5F3F73B
:100EF000D1FD012305220321F4F71EFA454E0024FB
:100F0000454D79E0A888401C80B2A8802978062940
:100F10006ED2DFE801F0030A32435C68F4F7DAF9D5
:100F2000F4F708FA0520287063E0052861D3AC8047
:100F3000F0F74AFD012802D0F4F754FB59E0F0F72E
:100F40003DFD20B1F0F73AFD01280BD051E0F2F75A
:100F50008FFB3168EFF771FAA968EFF768FAF4F7D9
:100F6000CDFB46E0F3F7A8F93168EFF766FAA96818
:100F7000EFF75DFAF4F7C2FB3BE0F0F725FD01283F
:100F800002D0F4F72FFB34E0A888642831D3AC807A
:100F9000F0F790FC80B2F4F761FB2AE0F0F714FD63
:100FA000012802D0F4F71EFB23E000940194029480
:100FB00003946846F3F7C6FD0198DDE9022380F04B
:100FC0000041009880F00040F4F792FA11E0F0F749
:100FD000FBFC012802D0F4F705FB0AE0F6F738FF26
:100FE000F4F714FB05E06420A880F0F753FA00E062
:100FF0002C700A20F0F76AFAF5F70EFD002881D16F
:101000001420F0F763FA4FF47A742046F0F75EFA92
:10101000FBE70000041301080C00002008B500F0F5
:10102000A5F8009007E00A21684600F071F8F1F792
:10103000D3FCF3F7D9FEF5F7EFFC0028F3D1F3F773
:10104000CBFF2820F0F742FA4FF47A742046F0F7ED
:101050003DFAFBE710B50948016841F47F010160E2
:10106000016841F07F410160FFF704FE0449002060
:101070000860EFF779F8002010BD000020ED00E0D7
:10108000B001002010B5BF2080F31188BFF34F8F4F
:10109000BFF36F8F00F070F818B104494FF0805023
:1010A0000860002080F3118810BD000004ED00E00E
:1010B0002DE9FF5F8146DDE90E788A4616469B469C
:1010C000B000FEF7B5FF054628000AD04C20FEF719
:1010D000AFFF04460CB1256304E02846FFF7AAFDE4
:1010E00000E000248CB10020CDE90240CDE9007879
:1010F0005B46324651464846FEF718FF2046FEF74B
:1011000081FE012004B0BDE8F09F4FF0FF30F9E709
:1011100070B503460D460024FFF7FAFD1148C2687A
:1011200018684119904205D9884208D9914206D9D8
:10113000012404E0884201D8914200D901241960B9
:101140001CB1881A0021FEF725FE00F071F838B9AD
:1011500005494FF080500860BFF34F8FBFF36F8F8A
:10116000204670BDB401002004ED00E00148C068D5
:1011700070470000B40100202DE9F04100262A4FFD
:10118000786B002805D0B869401CB8613046BDE8CE
:10119000F081FD686D1CFD6045B9B86BF96BB963F2
:1011A000F863386A401C3862FEF72AFFB86ADFF835
:1011B0007C8085420DD3B86B006838B1B86BC068CD
:1011C000C4686068854212D2B86202E04FF0FF3016
:1011D000B8623868C06A00EB800058F82000012827
:1011E00000D90126F8690028D0D00126CEE7201DBD
:1011F000FFF7C0FCA06A18B104F11800FFF7BAFCB1
:10120000E06A01213A6981401143396100EB8000B5
:1012100008EB8000211DFFF7E6FCE06A3968C96A27
:101220008842C8D30126C6E7B401002074560020C6
:101230002DE9F04100240027FFF7E2FC264D686B02
:10124000401E6863686BE8BBA868D8B3DFF88C8081
:1012500001261EE0D8F80C00C46804F11800FFF75E
:1012600089FC201DFFF786FCE06A2A6906FA00F176
:1012700011432961194900EB80008C3901EB800092
:10128000211DFFF7B0FCE06A2968C96A884200D3D3
:10129000EE61D8F800000028DCD10CB1FEF7B0FEFA
:1012A000AC6944B1FFF768FF00B1EE61641E002C29
:1012B000F8D10020A861E86920B101270849380762
:1012C000086000E003E0BFF34F8FBFF36F8FFFF7BD
:1012D000A5FC3846BDE8F081B4010020005700208D
:1012E00004ED00E00600D007D007D007D007CE05F8
:1012F0001C0C00000600D007D007D007D007CE0591
:101300001C0C0000E12E654235FA8E3C00080140BD
:101310000008000004000000000C01400100000073
:101320000800000000100140400000001000000014
:101330000010014000010000100000000008014002
:101340000001000004000000000C01400200000049
:1013500008000000001001408000000010000000A4
:10136000001001400002000010000000000000001A
:10137000000000000000000000000000000000006D
:1013800000100010001000100010001000000010ED
:1013900000000000002800280028000000000000D5
:1013A000000000000000000000240024007C002455
:1013B0000048007C0048004800000000003800544D
:1013C0000050003800140054005400380010000091
:1013D0000020005400580030002800540014000879
:1013E0000000000000100028002800100034004811
:1013F0000048003400000000001000100010000041
:1014000000000000000000000000000000080010C4
:1014100000200020002000200020002000100008F4
:10142000002000100008000800080008000800085C
:1014300000100020001000380010002800000000FC
:10144000000000000000000000000000001000107C
:10145000007C0010001000000000000000000000F0
:10146000000000000000000000000010001000104C
:101470000000000000000000000000380000000034
:10148000000000000000000000000000000000005C
:10149000000000100000000000080008001000100C
:1014A0000010001000200020000000000038004460
:1014B0000044005400440044004400380000000090
:1014C000001000300050001000100010001000103C
:1014D0000000000000380044004400040008001030
:1014E0000020007C000000000038004400040018C8
:1014F0000004000400440038000000000008001848
:10150000002800280048007C0008000800000000B7
:10151000007C0040004000780004000400440038D3
:1015200000000000003800440040007800440044FF
:101530000044003800000000007C00040008001097
:1015400000100020002000200000000000380044AF
:10155000004400380044004400440038000000000B
:101560000038004400440044003C000400440038BB
:10157000000000000000000000100000000000005B
:10158000000000100000000000000000000000103B
:10159000000000000000001000100010000000001B
:1015A000000C003000400030000C00000000000083
:1015B000000000000000007C0000007C0000000033
:1015C0000000000000000000006000180004001887
:1015D0000060000000000000003800440004000823
:1015E000001000100000001000000000003800444F
:1015F000004C0054005C0040004000380000000037
:1016000000100028002800280028007C0044004426
:1016100000000000007800440044007800440044CA
:101620000044007800000000003800440040004002
:1016300000400040004400380000000000700048F6
:1016400000440044004400440048007000000000D2
:10165000007C00400040007C004000400040007CD6
:1016600000000000007C0040004000780040004086
:1016700000400040000000000038004400400040EE
:10168000005C0044004400380000000000440044B6
:101690000044007C0044004400440044000000007A
:1016A000003800100010001000100010001000386A
:1016B0000000000000040004000400040004000412
:1016C0000044003800000000004400480050006062
:1016D0000050004800480044000000000040004066
:1016E00000400040004000400040007C000000003E
:1016F0000044006C006C005400440044004400446A
:101700000000000000440064006400540054004CD9
:10171000004C004400000000003800440044004435
:1017200000440044004400380000000000780044F9
:1017300000440044007800400040004000000000E9
:101740000038004400440044004400440054003881
:101750000004000000780044004400440078004881
:101760000048004400000000003800440040003001
:10177000000800040044003800000000007C001055
:1017800000100010001000100010001000000000F9
:101790000044004400440044004400440044003835
:1017A00000000000004400440044002800280028F5
:1017B00000100010000000000044004400540054D9
:1017C0000054006C0028002800000000004400289D
:1017D000002800100010002800280044000000002D
:1017E00000440044002800280010001000100010E1
:1017F00000000000007C0004000800100010002021
:101800000040007C000000000018001000100010D4
:101810000010001000100010001000180020002020
:101820000010001000100010000800080000000068
:101830000030001000100010001000100010001008
:1018400000100030001000280028004400000000B4
:101850000000000000000000000000000000000088
:10186000000000000000000000FE0000002000104A
:101870000000000000000000000000000000000068
:101880000000000000380044003C0044004C0034DC
:101890000000000000400040005800640044004484
:1018A0000064005800000000000000000038004400
:1018B0000040004000440038000000000004000424
:1018C0000034004C00440044004C00340000000090
:1018D0000000000000380044007C00400044003854
:1018E00000000000000C0010007C00100010001030
:1018F0000010001000000000000000000034004C48
:1019000000440044004C00340004007800400040D3
:1019100000580064004400440044004400000000FB
:1019200000100000007000100010001000100010E7
:1019300000000000001000000070001000100010F7
:1019400000100010001000E000400040004800506F
:1019500000600050004800440000000000700010CB
:101960000010001000100010001000100000000017
:10197000000000000078005400540054005400544B
:101980000000000000000000005800640044004413
:101990000044004400000000000000000038004443
:1019A0000044004400440038000000000000000033
:1019B00000580064004400440064005800400040A7
:1019C000000000000034004C00440044004C00348F
:1019D00000040004000000000058006400400040C3
:1019E00000400040000000000000000000380044FB
:1019F00000300008004400380000000000200020F3
:101A000000780020002000200020001800000000C6
:101A1000000000000044004400440044004C003436
:101A200000000000000000000044004400280028DE
:101A300000280010000000000000000000540054C6
:101A40000054006C00280028000000000000000086
:101A5000004400280010001000280044000000008E
:101A6000000000000044004400280028001000107E
:101A70000010006000000000007C00080010002042
:101A80000040007C00000000001800100010001052
:101A9000002000200010001000100018001000109E
:101AA00000100010001000100010001000100010B6
:101AB0000030001000100010000800080010001096
:101AC000001000300000000000000074004C000016
:101AD0000000000000000000000100000000000005
:101AE00000000000000000000005000000050000EC
:101AF00000050001000500FFFFF7000500050005D7
:101B00000005000500050005800080004000400041
:101B1000200020001000100008000800040004004D
:101B2000020002000100010000800080004000402F
:101B3000002000200010001000080008000400042D
:101B400000020002000100010000038400009C402C
:101B5000000000000400000036666666000F00000A
:101B6000135C28F60CF5C28F000000000000000096
:101B700000000000FFF8003804F6E8F400006800F8
:101B80000001FFC700000000000000000147AE1484
:101B90003EB851EC000F0000000000000000000003
:101BA0000000000000000000000000000000000035
:101BB00000000000000000004000000000000000E5
:101BC00000000000000000004000000000000000D5
:101BD00000000000000000004000000000000000C5
:101BE0000000010000010C000000000000000000E7
:101BF00000000000000000000000000000000000E5
:101C0000155555550AAAAAAA00000000000000E1D7
:101C100000000001000600010000000000000000BC
:101C20000048D1593FB72EA7020000000000000075
:101C300000000000000000008E17000700000000F8
:101C40000000000000000320400000000000000031
:101C50007FFF0000000521E94000000000000000B7
:101C60000000000000000000003E03300000000003
:101C70000000000000000000000000020000000062
:101C80000000000000000000000000000000000054
:101C90000000000000000000000000000000000044
:101CA0000000000000000000000000000000000034
:101CB00000000000600000000000000000000000C4
:101CC0000000000000000000000000000000000014
:101CD0000000000000000000000000000000000004
:101CE00040000000000000000000000000000000B4
:101CF00000000000000000000000000000000001E3
:101D00000003000A012B4AEE0654AD11E3075C15EF
:101D1000362BD026D08C49A40654AD111E0BB555D8
:101D200038EE175031363F0300000000000000007D
:101D300000000000000000000000000000000000A3
:101D40000000000000000000000000010000000092
:101D50000000000100008000000000000000000002
:101D600000070000000E35750000000000000000B4
:101D7000000700100096003C00000000000000007A
:101D800000000000000000000D72AA29C93D6C4E41
:101D900055164C7FC44274970000000000000000FC
:101DA0000000000000000000000000001000000023
:101DB000000000000000000800000000000000001B
:101DC0000000000000000000000000100000003DC6
:101DD0000000000000000000000000000000000003
:101DE0000020318815E3A34000000000000000003F
:101DF00000000000000000000E704B8CC50A92BE6F
:101E00005A9691D2C1EEE70D0000000000000000DC
:101E1000000000000000000200000014002D00007F
:101E200000000000000000000000000000000000B2
:101E300000000000000000000000000000000000A2
:101E40000000000000000000000000A300000002ED
:101E50000000003A03E8000000000000000000005D
:101E60000000000000000000000000000000000072
:101E7000000000260000000200000000000000003A
:101E80000000000000000000000000000000000052
:101E9000000000033FC1A7684000000000000000F0
:101EA0000000000000000000000000000000000032
:101EB000333333330CCCCCCD00FFFF0000000000E7
:101EC000000000000000011800000000FFFFFFFFFD
:101ED0000000800020000000000000000000000062
:101EE00000000000000000000000000100000000F1
:101EF00000000000000000030000000000000000DF
:101F0000100000006487ED51000000000000000098
:101F1000000000000000006400000000000000005D
:101F200040000000011DF46A0000000000000000F5
:101F30000000000000000000000200000008000097
:101F400000007FFF0000200000009C400CCCCCCDA6
:101F500000000780000200000000000000000000F8
:101F60003EB851EC0147AE140000015E00000000D5
:101F70006000000000000000000080000000000081
:101F80000000800000100000000061A800000010A8
:101F9000000001000000100000010000040000002B
:101FA00000400000000400000000000000002000CD
:101FB00000002EE0000640000000000100000000CC
:101FC000000000000000000002000000000000000F
:101FD0000000000000000000000000000000000001
:101FE000400000000000000103FFFFFF00000000B0
:101FF0000000000000000000333333330000000015
:1020000000000000000000000CCCCCCD000000005F
:1020100000000000000000000000009D0000000023
:1020200000000000000000000001000000010000AE
:102030000000000000000007000000000000000099
:102040000000000000000000000000000000000090
:10205000000000000000000000000001000000007F
:10206000000000000000000000320000003200000C
:1020700000320000003200000000000000000000FC
:102080000000000000000000000000000000000050
:102090000000000000000000000000000000000040
:1020A0000000000000000000000000000000000030
:1020B0000000000000000000000000000000000020
:1020C00000000000000000000032000000320000AC
:1020D000003200000032000000000000000000009C
:1020E00000000000000000000000000000000000F0
:1020F00000000000000000000000000000000000E0
:1021000000000000000000000000001000000000BF
:102110000000000001491B750000001000000000D5
:102120000000064000000CCD00010000000000008F
:10213000000000000000000000000000000000009F
:10214000000000000000000000005000000000013E
:102150000000160000000046000100000000000022
:10216000000000000000000000010000000000006E
:10217000000000000000000000000000000000005F
:10218000000000000000000000800000008000004F
:10219000008000000080000000000000000000003F
:1021A000000000000000000000000000000000002F
:1021B000000000000000000000000000000000001F
:1021C000000000000000000000000000000000000F
:1021D00000000000000000000000000000000000FF
:1021E00000000000000000000000000000000000EF
:1021F00000000000000100010000000000000000DD
:10220000000000000001D4C0000000000000000237
:10221000008000000000013C000000000000000001
:1022200000000000000000000100000000000000AD
:10223000000000000000000000000000000000009E
:10224000000000000000000000000000000000008E
:10225000000000000000000000000000000000007E
:10226000000000000000000000000000000000006E
:1022700000000000000000000000002800003A9864
:10228000000002000000014E0000000000000000FD
:10229000000000000000000000000000000000003E
:1022A000000000000000040000000000000000002A
:1022B000000000000000000000000000000000001E
:1022C0000147AE144E400000000000000000000076
:1022D0000000000C000020000000000000000000D2
:1022E00000000000000000000001000000000000ED
:1022F0000000000000000D060000000000000000CB
:1023000000000000000000000000000000000000CD
:1023100000000000000000000000000000000000BD
:102320001000000000002710000000004A402000BC
:1023300000000000000000000000000000000ED8B7
:1023400000000118000007D000000000000000009D
:10235000000000000000000000000000000000007D
:102360000000000000002710000000000000000036
:10237000000000000006131B000BB800003CBF0F5C
:102380000055CE750000271005B05B053A4FA4FA42
:10239000000000000000000000000000000000003D
:1023A0000000003C0000003C000000000000005A5B
:1023B000001D208A006193690000013C00004DF07F
:1023C0000055CE75000002760666666639999999C1
:1023D0001000000030000000000000000CCCCCCC4D
:1023E00033333333000E90450000000001D41D410B
:1023F0003E2BE2BF3FF16FBB000000000000000079
:102400000393870001249249000000000000138814
:102410000098968008583B002000000000000EAF96
:1024200000001770000000012000000000000050B4
:10243000000000000000000100000000000000009B
:10244000000000000000000000000000000000008C
:1024500000400000000400003F80000000800000F9
:1024600000333333001CFA770C6D39E6CB6FDAA6F4
:1024700053CFD397C45374460000000000000000FF
:10248000000000000000000000000000000000004C
:10249000000000000000000000000000000000003C
:1024A000000000000000000000000000000000002C
:1024B000000000000000000000000000000000001C
:1024C000000000000000000000000000000000000C
:1024D00000000000000000000000000000000000FC
:1024E00000DA740E3F258BF20000000000000000AF
:1024F00000000000000000002000000000000000BC
:1025000000000000000000000000000000000000CB
:1025100000000000000000000000000000000000BB
:102520000000000100001D4C000000000000000041
:10253000380000000800000000000000000000005B
:102540000000000000000000200000003E2BE2BF61
:102550003E147AE23000000000000000000000009D
:1025600000001388000007D00000000000000000F9
:10257000000000000000000000000000000000005B
:10258000000013883C23EC842000000001D41D418E
:1025900001EB851E10000000000000010000138800
:1025A00000000000346CFCB20000000000000000DD
:1025B000000000000000000000000000000000001B
:1025C000000000000000000000000000000000000B
:1025D00000000000000000000000000000000000FB
:1025E00000000000000000100000177000001388B9
:1025F00000002328000000260000002F0000000F2C
:1026000040000000000009C400000000000000239A
:1026100001EB851E3E147AE2000000000000002D50
:10262000022222223DDDDDDE00000000000000006D
:10263000000000000000000000000000000000009A
:10264000000000000000000000000000000000008A
:10265000000083D6000083D60000000000000000C8
:102660000000000E0000002100000000000000003B
:10267000400000000000000000000000000000001A
:10268000000000000000000000000000000000004A
:10269000000000000000000000000000000000003A
:1026A000000000000000000000000000000000002A
:1026B000000000020000000A00000000000000000E
:1026C00000333333000C0000000000000000000065
:1026D000002031880007000000000000000000001A
:1026E00000000000F0DE9AF800000000000000008A
:1026F000000000000F90B283000000000000000006
:1027000000000000080000000000000000000000C1
:1027100000000000F7218CD5000000000000000040
:10272000000000000C6F3995000000000000000060
:102730000000000000000000000000000000000099
:10274000000000000000000000000D2E000000004E
:102750000000000000000D2E00000000000000003E
:102760000000000000000000000000000000000069
:102770000000000000000000000000000000000059
:102780000000000000000000000000000000000049
:102790000000000000000000000000000000000039
:1027A0000000000000000000000000000000001316
:1027B00000000013000000000053440000534400D8
:1027C000019A0000019A000000000546000005463D
:1027D00000000019000000190000038400000258E6
:1027E00000000006000000030000009600000096B4
:1027F0000000015E0000009600CF50A400CF50A45E
:102800000135D0A40135D0A4000000000000000074
:1028100000000000000000000000000000000000B8
:1028200000000000000000000000000000000000A8
:102830000000000000000000000000000000000098
:102840000000000000000000000000000000000088
:102850000000000004000000400000000000000034
:102860000000000000000000017BAB50012DB648C5
:10287000000016AC002282600000118B044CCCB02A
:1028800000000014000016810278FEE003943AB0C4
:102890000010B4900000032A000025F6000000009C
:1028A00000000000200010000852DF89058C95060A
:1028B00001632541600000000000000000000000EE
:1028C0000000000000000000007B476902E5DBAE6D
:1028D00006F1857807DFAB880000000000000000EB
:1028E00000000000000000000000000000000000E8
:1028F00000000000000000000000000000000000D8
:1029000000000000000000000000000000000000C7
:1029100000000000000000000000000000000000B7
:1029200000000000000000000000000000000000A7
:102930000000000000000000000000000000000097
:102940000000000000000000000000000000000087
:102950000000000A0000000000000000020000006B
:102960000000FE4C0000000000000000000000001D
:10297000000000030866666600000000000000001A
:102980000399999A00666666000001F40000000150
:102990000000000A0000001E02000000000000000D
:1029A000066666660004D45E0000000000000004B5
:1029B000000000280000001E0000000000000000D1
:1029C00000666666000000000000000200000000D3
:1029D000000000960000000000000000FFFFFFF86C
:1029E00000000000000000000000000000000000E7
:1029F00000000000000000000000000000000000D7
:102A000000000000000000000000000000000000C6
:102A100000000000000000000000000000000000B6
:102A200000000000000000000000000000000000A6
:102A30000000000000000000000000000000000096
:102A40000000000000000000D8DCB8B0B4F3AAF821
:102A5000F9D1D9889AF8F73ED8F38A9AA731D1D913
:102A6000F41036D8F39F39F9D1D9F41036D8F38F52
:102A70009F0897608A21D1D9F41036DAF1FFD8F196
:102A8000BEBEBCBCBDBDBAB2B6A080903218BEBE40
:102A9000BCBCBDBDB8B0B4A4DFA5DEF3A8DED0DFFA
:102AA000A4849F24F2A9F8F9D1DADEA8DEDFDFDF03
:102AB000D8F4B18DF3A8D0B0B48FF4B9AFD0C7BEFD
:102AC000BEB8AED0F39F75B286F4BEBEB9AFD0C368
:102AD000F1BEB8B0A3DEDFDFDFF2A381C080CDC7D7
:102AE000CFBCBDB4A38893F1626E767E8893BEA2FC
:102AF00042A04E565EBEBEBEBCA2869D08FD0FBC67
:102B0000BCBCA3829301A9839E0E161EBEBEBEBC92
:102B1000A58B992C547CBCBC8593BAA52D557DB84A
:102B2000A59D2CFD364CFD366CFD36F5A5859F34F4
:102B30005474BDBDBDB1B6BA8395A5F10E161EB2D3
:102B4000A785952AF050788793F101DAA5DFDFDFBA
:102B5000D8A4DFDFDFB080F2A4C3CBC5F1B18E947F
:102B6000A40E161EB286BEA02C343CBDBDB496B8D1
:102B7000A12C343CBDBDB694BEA62CFD3534FD352C
:102B80003CFD35BCB28E94BAAA2D557DBEBEB8A60A
:102B90002D557DBAA42D557DB8B0B4A68F962E368E
:102BA0003EBCBCBCBDA6869FF5345474BCBEF1903F
:102BB000FCC300D9F411D4D8F3A0DFF1BC8691A9ED
:102BC0002D557DBCBCBCA98090FC510010FC51006F
:102BD00010FC510010FCC104D9F2A0DFF411D4D8CC
:102BE000F6A0FA809038F3DEDAF8F411D4D8F1BD0B
:102BF00095FCC104D9BDBDBDF411D4D8F6BCBCBC94
:102C0000BDBDBEBEBEB5A784921AF8F9D1DB8493D0
:102C1000F76AB68796F309FFDABCBDBED8F1BCBC33
:102C2000BCF6B082B497B8A902F702F1BC8999A7A3
:102C300004FD37A8DF8798A7FC3D0050F8F9D1D9EB
:102C4000A8DFF9D8F6BCBCBCBDBDBDBEBEBEB7A733
:102C5000819A0BB4879F1AF8F9D1BB81AAC1D9F424
:102C6000123CD8F6B8A71AF9D9F4123CD88AF3BBAB
:102C7000AAC0C3B3AA8A9D1AFD1EB79A08B8B0B4F9
:102C8000A5859D00D8F3B9B2A980CDF2C4C5BAF329
:102C9000A0D0DEB1B4F7A7899172899147B6974A5F
:102CA000B9F2A9D0FAF9D1D9F4126AD8F3BAA7F9CE
:102CB000DBFBD9F1B9B081A9C3F2C5F3BAA0D0F852
:102CC000D8F1B189A7DFDFDFF2A7C3CBC5F1B287A7
:102CD000B8BEBEBEABC2C5C7BEB5B997A522F04847
:102CE000703C98406834589960F1BCB38E95AA2521
:102CF0004D75BCBCBCB8B0B4A7889FF75AF9DAF3DD
:102D0000A8F8889DD07CD8F7A7889F52F9DAF3A855
:102D1000889CD0DF6870789D606870789E70789F1E
:102D200070D8F7A7889F42F9BAA0D0F3D9DED8F8B7
:102D3000F9D1B8DAA8889ED064689F60D8A8849832
:102D4000D0F77EF1B2B6BA8591A7F4734CF47364F0
:102D5000F18491A7F4734CF0A2870D2059701538B7
:102D60004069A4F162F0193148B8B1B4F1A680C647
:102D7000F4B081F3A7C6B18F97F702F9DAF41373B1
:102D8000D8B0F7A7889F52F9D9F4136CD8F1B2B62E
:102D9000A682922AF050FD08F1A7849402FD08B0A3
:102DA000B4869700B1BAA78161D9F4138BD8F141E9
:102DB000DAF4138BD8F1B8B2A682C0D8F1B0B686D7
:102DC00092A716FD040FFD04BA8791A7F4735AB2B7
:102DD000F47364D8F1BEBEBEBDBDBDB2BA84A7C394
:102DE000C5C7B2BCBCBCB68791AFF4734CA08FF121
:102DF0000BF02059701538406964193148F1809002
:102E0000AF6EFD0467FD048F91A7F4735AF47364E9
:102E1000F1BEBCBDF7BEB0B4BA889EA36A9F66F08F
:102E2000B1B5B98A9AA22C5078B2B98AAFC0C3C5DD
:102E3000C789ADD0C4C783A1C2C5BABCBCBCB2816E
:102E4000A2C0C3C5C7BCBCBDF47240F3BAA3FAF9B3
:102E5000D1D9F41427D87251BEBEBEBAB182A3D064
:102E6000C7A9D08DC4C7A381C1C3F3A68DC2BED8E4
:102E7000F1BEBEBEBAB1AA8FC0C3C5C7BEBCBCBC82
:102E8000B2B988AFC0C3C5C780ADD0C0C389A1C027
:102E9000C3BA81A2C0C3C5C7BCF47240F3BAA3F8D9
:102EA000F9D1D9F41478D87251BEBEBEB8B182A798
:102EB000D0C7BAA08DC4C7A981C0C3F3A58DC2BEB7
:102EC000D8F1BEBEBEBAB1A88FC0C3C5C7BEF3BAE3
:102ED000B2B6A3839308F9D9F414F6D8F0B8B0A326
:102EE000859404285078F1B4849369D9B6A58D945B
:102EF000202C343CB4A4DEDFF8F414C0D8F1A4F8DC
:102F0000A3849441D9A4DFF8D8F194FCC104D9A4D6
:102F1000FBA386C0B1829E06FD1EA681964293F059
:102F200068B0A3F1839601F5839300A68696F034EA
:102F30008318F1A18D68A3819BDB198BA1C6D8F101
:102F4000BEBEBEBCBCBCBDBDBDD8F7B8B4B0A79DAD
:102F50008872F9BCBDBED9F4165BD8F2B8ADF8F9E9
:102F6000D1DADEBAA1DEAEDEF8D8F2B1B5B9AEF98B
:102F7000DAF4163FD8F28EC2F1B2809AF5AF24D9B6
:102F8000F4163FD8F544D9F4163FD8F564D9F416B1
:102F90003FD8F1B1B68B90AF2D557DB58C9FAD0E5E
:102FA000161E8B9DAB2C547C8D9FAA2E567E8A9C20
:102FB000AA2C547C9BAC264666AF8D9D009C0DDBF5
:102FC000118F19F41581D8163FD8F1B281B690AFA0
:102FD0002D557DB18FB59FAFF52C547CF1B28C9FF0
:102FE000AD6DDB7179F415AFD8F3BAA1DEF8F180DD
:102FF000A1C3C5C7F415BED8F3B6BA91FCC028DA90
:10300000A1F8D9F4163FD8F3B9AEF8F9D1D9F8F44C
:10301000163FD8F1BAB1B5A08B933E5E7EAB83C0AC
:10302000C5B2B6A387C0C3C5C7A288C0C3C5C7A45D
:1030300086C0C3C5C7A585C4C7AC8DC0F3AEDEF8D6
:10304000F41948D8F1A783C0C3C5C7A882C0C3C5B7
:10305000C7A684C0C3C5C7A585D0C0C38D9DAF39E1
:10306000D9F4163FD8F183B59EAE34FD0A54FD0A5B
:1030700074FD0AF2AFDEF8F8F8B6819F05F8F9D1D1
:10308000DA8FA1C0F41646D8F2BAAEF8F9D1DAF365
:10309000BEBEBEBCBCBCBDBDBDB8B0B4A5859C08A1
:1030A000BEBCBDD8F7BCBCBCBDBDBDBBB4B0AF9E43
:1030B0008862F9BCBDD9F418A1D8F1BCBCBCB185FB
:1030C000BAB5A098062646BCB9B3B6F1AF81902D2B
:1030D000557DB1B5AF8F9FF52C547CF1BBAF869F6A
:1030E00069DB7179DAF3A0DFF8F1A1DEF2F8D8B389
:1030F000B7F18C9BAF19D9ACDEF3A0DFF8D8AF8065
:103100009069D9A0FAF1B280A1C3C5C7F2A0D0DFFF
:10311000F8F4188BD8F2A0D0DFF1BCBCBCB1AD8AFA
:103120009E264666BCB3F3A2DEF8F418D1D8F1AA05
:103130008DC1F2A1F8F9D1DAF41716D8F1AF8A9A55
:10314000218F90F510DAF41716D8F191FCC004D94C
:10315000F4175DD8F3A1DEF8A0DFF8F4188BF39133
:10316000FCC007D9F4175DD8F1AFB1849C01B3B5A9
:103170008097DBF321B9A7D9F8F4175DD8F3B9A785
:10318000DEF8BBF1A387C0C3C5C7A488C0C3C5C749
:10319000A589C0C3C5C7A686C4C7A182C3C5C7F3D6
:1031A000A1DEF418A1D8F1BBB3B7A1F8F9D1DAF2D6
:1031B000A0D0DFF8D8F1B9B1B6A887902D557DF52C
:1031C000B5A888982C547CF1AF869829DB3139F466
:1031D00018A1D8F1B3B6A78A904C545CBAA08190DC
:1031E0002D557DBBF2A2F8F9D1DADEF418A1D8F1A1
:1031F000BAB0AB8FC0C7B3A383C0C3C5C7A284C0D6
:10320000C3C5C7A485C0C3C5C7A586C0C3AC8CC28F
:10321000F3AEDEF8F8F41948D8F1B2BBA383C0C30B
:10322000C5C7A482C0C3C5C7A584C0C3C5C7A6857A
:10323000C0C3AC8CC4B3B7AF859556FD0F86960658
:10324000FD0FF0849FAF4C70FD0FF186962EFD0FA1
:10325000849F72FD0FDFAF2C547CAF8C69DB7179DA
:103260008B9C61F41821DA18A1D8F1AB839128FD69
:103270000554FD057CFD05B8BDBDBDB5A38B950509
:103280002D55BDB4BBAD8E930E161EB7F3A2DEF85E
:10329000F8F418D1D8F2A1F8F9D1D9F1AF8D9A018B
:1032A000F58F90DB00F418A1DAF1AA8DC0AE8BC1C6
:1032B000C3C5A1DEA783C0C3C5C7A884C0C3C5C793
:1032C000A985C0C3C5C7A686D0C0C3A281C3C5C7D0
:1032D000F418A1F1BBB3A3DEDFDFDFA48CC4C5C546
:1032E000C5A5DEDFDFDFA6DEDFD8F3B9AEDFBAAE1D
:1032F000DEBBA2DEBEBCB3BDB7AF8E9C01D1ACC0FD
:10330000D9AEDED8F1B183B9A7D0C4B8AEDEBEBEA7
:10331000BEBBBCBCBCB3BDBDBDD8F3A2F8F9D1D90E
:10332000F41946D8F5AD8D9D2C547CF1AF49DAC324
:10333000C5D9C5C3D8AF9F69D0DAC7D98FC38DAF00
:10334000C7D8B9A98F9FF05478F1FD0FA6B189C2F3
:10335000B3AF8F9F2EFD11B1B5A9899F2CF3AEDFBE
:10336000F8F8F41AFDD8F1AD869906FD10DFF8FDE6
:103370000FAD8D9D4CBBB3AD8F9D2AFD0FB792FC59
:10338000C004D9F416E5D8FCC008D9F4184CD8F11B
:10339000D8F3BAB2B6AEF8F9D1D9F41AFBD8F1AF76
:1033A000DEF9FD0F80902C547CA02AF05078FD0FA0
:1033B000F1A2829C00244464A98F94F004FD0F0CB8
:1033C00030FD0F1C952048FD0FF199C12C547CAAAB
:1033D000829902FD0F2EFD0F56FD0F7EFD0FAC836F
:1033E0009FF004285078FD0F8C90F121F58C9C2CD7
:1033F000F1AFDEF189AF9FFCC000D9C18AC182C1A3
:10340000D8FCC004D9C38AC382C3D8FCC008D9C5BC
:103410008AC582C5D8FCC00CD9C78AC782C7D8FC68
:10342000C010D9F41AB5D8F18BABD0C09F2EFD0FC8
:10343000A0DEABD09065A08F9F4AFD0FAB8B9000B4
:10344000B9A9C1F3AEDFF8F41AFDD8F1BAB1B68963
:10345000ABC1B2AFD08B9F3EFD0F5AFD0F9FFCC09A
:1034600000D9F18FA2C6D8FCC004D98FA2C784AB03
:10347000D0C0AF8A9B1EFD0F36FD0FA48F30AA9AD5
:1034800040D89FFCC008D98FA2D0C684ABD0C2AFB1
:103490008A9B1EFD0F56FD0FA48F34AA9A4084AB61
:1034A000D0C4AF8A9B3EFD0F56FD0FA4D08F30AA2B
:1034B0009A4CD89FFCC00CD98FA2D0C784ABD0C681
:1034C000AF8A9B1EFD0F76FD0FA4D08F34AA9A40C1
:1034D00085ABD0C0AF8A9B3EFD0F76FD0FA58F3028
:1034E000AA9A4C85ABD0C2AF8A9B5EFD0F76FD0FCA
:1034F000A58F34AAD09A50D8AFF8F419ABF1D88B75
:103500009CAF2AFD0F8A9FB9AF02FD0F26FD0F4623
:10351000FD0F66FD0F83B59FBAA3002C547CB682C5
:1035200092A031D9ADC3DAADC5D88DA039DA82AD5C
:10353000C7D8F39EFCC004D9F415FBD8FCC008D949
:10354000F417D0D8F1D8F1B9B1B5A9DEF88999AF9F
:1035500031D9F41B51D8F185AF29D984A9C2D885B6
:10356000AF49D984A9C4D885AF69D984A9C6D889F7
:10357000AF39DA8EA950F41B51D8F189AA7CFD022B
:103580009A68D8F1AAFBDA8999AF26FD0F8F9525A5
:10359000899FA912FD0FF41B3AD8F39EFCC104D9F0
:1035A000F41A02D8FCC108D9F4191DD8F1BEBCBC6C
:1035B000BCBDF3B8B4B08FA8C0F9AC8497F51AF1CC
:1035C000F8F9D1DAA8DED895FCC103D9A8DED8BCB9
:1035D000BCF198FCC01CDB95FCC003A5DEA4DED8C2
:1035E000AC889500D1D9A5F8D8A4FC80048895A40E
:1035F000FC080420F7BCBCBDBDB5AC849FF602F846
:10360000F9D1DB8493F76AF9D9F3BCBCA888921886
:10361000BCBCD8BCBCB4A8889E08F4BEBEA1D0BCBB
:10362000BCF7BEBEB5AC84936AF9BDBDB4D9F2ACEB
:103630008C9718F6849C02F8F9DBD1F1A5DFD8F756
:10364000BEBEBDBDA79D887AF9D9F41D9BD8F1BE39
:10365000BEACDEDFAC889FF75A56F1BCBCBDBD9551
:10366000FCC007DAF41D36D8F1FCC000DB9CFCC1BD
:1036700000F41D5BD8F1AC95FCC008DAF41C78D8D6
:10368000F18290792D55F58C9C04AC2C54F1BCBC86
:10369000BC805DDB4951F4BC1C56DABC1D32D8F548
:1036A000869838D9F182902DD8ACD08698F55CD91F
:1036B000F1829055D8AC8C9C0000A5DFF8F41C83F7
:1036C000D8F182962D557D8C9C3418F1AC95F51C63
:1036D000D9F41D32D8F1AC839045D9A0F8AC8C9CBC
:1036E00006D2A191002C81D6F0A1D08C9C28D38742
:1036F000D4A78C20D3F1A484902C547CD8AC839094
:1037000045D9F41D5BD8F1AC819102FD148566FDAD
:103710001D884EFD1B87D4FD54AD8D4EF0819CABB2
:10372000D6FD068D318C101001010139AC8B98F556
:1037300008D9F41D32D8F1A982960195FCC100DAAE
:10374000F41D0ADBF1AC8993F518F1A5DFF8D8F484
:103750001D36D8F1A4849534FD0654FD0674FD068B
:10376000A994F52C547CF1AC879949DB515984AB71
:10377000C3C5C782A6C0F3AADFF8D8F1A5DFD8F188
:10378000A0DEA1DEDFDFDFA7DEDFA4DFDFDFA295C3
:10379000FCC001D980C3C5C7A883C1DA86C3C5C729
:1037A000A883C3D8F19AFCC104D9AC829601F3AACC
:1037B000DEF8F8F8DBF5AC8C9A18F3AAF9D8AC8AE5
:1037C0009A41D1AAD0C0D9F2AC859A41DBD1BCBC18
:1037D000BDBDBEBEF41D9BD8F3BCBCBDBDBEBEA569
:1037E000859C10D8F1B8B0B4A7889EF77AF9D9F4BF
:1037F0001ED2D8F1BEBEBEBBA2F9DABEF41ED2D82C
:10380000F1BCBCBCB380C6AFDED0DFBCB284BDBDF2
:10381000BDB79FA060BCBCBCB38590AF019F468F75
:10382000A20E8592AFD0299F52A50834A0FB8695A1
:10383000AF29DAA6DEF41E06D8F1A0FAF9DAA6DE80
:10384000F41E06D8F1A6F896AF19D9A3DEF8D8F180
:103850008594AF31D9A3DEF8F880A0C5D88596AF9E
:1038600031D9A3DEF8F8F880A5C086C3D8A8DFA1B7
:10387000DE8591AF0C0DF58F9FAF2C54F197FCC0F6
:1038800004DB8FAF51A8DFF8D898FCC008D9F41E2C
:103890006ED8F1FCC00CD9F41E97D8F193FCC00986
:1038A000D9A4DEA8DEF8F8D8FCC004D985A1C1A748
:1038B000DEF8D8F41EB0D8F1A4F88291AF31DB9FC6
:1038C000719241A7DED88494AF19D9A8DEF8F8F830
:1038D000A3DFD893FCC00AD9A8DEF8D8F41EB0D86C
:1038E000F1A4F8A3FAF9D1DB8894AF4188A1C2D83A
:1038F00093FCC00AD9A8DEF8D8F191FCC004D9A77E
:10390000FAA3FAAFD0DFF8F8D8AFD0FAF9D1B0BC4B
:10391000B4BDB8BEDAF3A5859D08D8F1F1A7DEF7EE
:10392000849F6A87F1D4FD3EF9D9F41EF1D8F0F7EF
:10393000A7889F52F9DAF47380D8F0B1B5BA8A9AA1
:10394000A7F02C5078F2A5DEF8F8F1B5B2A7879071
:1039500021DBB6B1809729D9F2A5F8D8BBB2B6BEA3
:10396000A1F8F9D1BEBEBEBADAA5DED8A7829565A8
:10397000D185A2D0C1D9B5A7869331DBD1F41F413F
:10398000D8F3B8B0B4A5859C18D8F1BAB2B6819670
:10399000A1F8F9B9A6DAC3C5C7D92D4D6DD8BA8A31
:1039A000AAF8F9B9AEDAC3C5C7D92D4D6DD8BA8812
:1039B000A8F8F9A7DAC3C5C7D92D4D6DD8F2B0B9AB
:1039C000A3FAF9D1DAB88FA7C0F9B58793F60AF24E
:1039D000B4A4849724A4849E3CD8F3BEBEBBAEF8A6
:1039E000F9D1BEBEB0B4B8DAA5859E00D8F1BCBC92
:1039F000BDBD8E9EA759D1BCBCBDBDDA859EA508B4
:103A0000D8F1BCBC8EBEBEAED0C5BCBCBEBEF7B984
:103A1000B0B5A688955AF9DAF1ABF8D8B8B4F398EE
:103A2000FCC004DAF4202FD8F2A9D0F8899BA75162
:103A3000D9A9D0DEA4849E2CD8A8FA889AA729D91F
:103A4000A8DFA4849D34D8A8D0F8889AA751D9A813
:103A5000D0DEA4849D2CD8A8D0FA889AA779D9A8BA
:103A6000D0DFA4849D24D8F3A9D0F8899BA751D98D
:103A7000A9D0DEA4849C2CD8F7A7889F52F9D9F44A
:103A8000205FD8F1B9A2FAF3B8A9D0FA899BA77937
:103A9000D9A9D0DFA4849C24D8F2A8F8889AA701D9
:103AA000D9A8DEA4849D3CD8F7A7889F42F9D9F411
:103AB00020A6D8F3A9F8899BA701D9A9DEA4849CE4
:103AC0003CD8A9FA899BA729D9A9DFA4849C34D81A
:103AD000F2A9FA899BA729D9A9DFA4849E34D8A981
:103AE000D0FA899BA779D9A9D0DFA4849E24D8F1E4
:103AF000A7DEF284CA97A424A594F60AF78502F8F3
:103B0000F9D1D9F69B02D8A7B1829562F8F9D1D93B
:103B1000F4229BD8F0B085A4D0C0DDF2C0DCF6A7BB
:103B20009F02F9D9F3A5DEDAF0DDF2C8DCD885957D
:103B3000A500D986F0DDF2CACCCEDCD88500D980CC
:103B4000F0DDF2CCC6CE85CACCCEDCD88500D9B1AA
:103B500089F0DDF2C2CAC4DCD8B08500D981F0DDBD
:103B6000F2C6CE82C0C8DCD88500B1D986F0DDF1BE
:103B7000C2C4C6DCD8B0F28500D9B287F0DDF1C28C
:103B8000C4C6F2BCB081C0DCBCBCBCD8B08500B13E
:103B9000D98FF0DDF2C2C4C6DCD8B08500D9B18EB1
:103BA000F0DDF1C2C4C6F2BCB081C0DCBCBCBCD884
:103BB000B08500D982F0DDF2C2CAC4DCD88500D855
:103BC000F28500D9B18AF0DDF1C2C4C6DCD8B0F20A
:103BD0008500D9B1F0DDF182C4DCD8B0F3A5F8F9E5
:103BE000D1D9F4221DD8F38595A50000D9BEF2BA2B
:103BF000AEDEBEBEBEBCB281F0DDF3C8DCBCBCBC78
:103C0000D8B0B885A500D9F2BEBEAADEBEBEBCBC87
:103C10008AF0DDF3C0DCBCBCD885A500D9B9F2A31D
:103C2000D0DEB285F0DDF3C8DCD8B085B8A500D908
:103C3000B38AF0DDF3C0DCD8B08500D98FF0DDF3B6
:103C4000C4DCD885000000D9BCBCB38EF0DDF3C065
:103C5000F1C2DCBCBCD8F3B08500D9BCBC8EF0DDB1
:103C6000F3C4DCBCBCD8F3B08EF4B8A7D0C0D887FE
:103C7000F3B9A2C6A6C4F7B58E9606F8F9D1DAF460
:103C80002226D8F38EC0F9B18696F70ADFF330FD0D
:103C900008A28210F0DDF382C0DCF2B9A3DFF4B138
:103CA0008CF3AFC1C3AF8FB49D3EFD1EB59F30A650
:103CB00039D9F42295D8F7B8B0B4A7849D1AF9D9A8
:103CC000F42288D8F1B9B1B5A6839B61D9F4229BBF
:103CD000D8F6B8B0B4A784945AF8F9D1DAF0E2F182
:103CE000B9ABDED8F2B186B9AFC3C5C7B8B0B4A717
:103CF000889CF76AF9D9FFD872BBAF7A9D669E7629
:103D00009F76F1A1DFF3A0F9DAFFD8B380C4AFD07A
:103D1000FAF9D1DABCBCBCF4244ED8F1B8BEBEAEC0
:103D2000D0DEB084BABEA7C1F788B49D6EF9B2BC2C
:103D3000BCBCBDBDBDDAF42323D8F1B8BEBEBEAE57
:103D4000D091FCC000DBB695FCC104D9F8F8F8F8B6
:103D5000D8B491FCC004DBB695FCC100D9F8F8F8E2
:103D6000F8F8F8F8F8D8BABEF4238AD8F191FCC074
:103D700000DBB695FCC104F58795A73AF1F9D9AFF8
:103D8000DE8FBEBEA1F4C1F1A2F4C1F1BEBED8B4B3
:103D900091FCC004DBB695FCC100D9AFDEF8FD078D
:103DA0008F9510DFF8F8F8A7DEF8FD07DFF8FD06BD
:103DB000DFF8FD048F97AFD0DE404850DFF8608F0A
:103DC000BEBEA0D0F4C1F1A1F4C2C5F1A2F4C7F106
:103DD000BEBED8F1B081A5C1BC84B8BEBEA9C1F732
:103DE00088B4BD9D6EF9BCBDDAF423D7D8F1A9DE45
:103DF000F8FD04DFF8FD05BC8EBEAED09AFCC00015
:103E0000DB9BFCC004D99940D89AFCC004DB9BFC26
:103E1000C000D99948D8BCBCBCBEBEBEF42441D8B1
:103E2000F19AFCC000DB9BFCC004F589A932F9D9EA
:103E3000F1DEF8FD02DFF8FD07DFF8FD07F8DF89A6
:103E4000BAA0F4C0F18BA1D0F4C3F189A2F4C2C529
:103E5000C7F1A3F4C7F1B8D89AFCC004DB9BFCC03F
:103E600000D9A9DEF8FD02DFF8FD07DFF8FD07F84D
:103E7000DFF8FD04F989BAA0F4C0F18BA1D0F4C336
:103E8000F189A2F4C2C5C7F1B8D8F18AABC0BCBCF5
:103E9000BDBDBDBEBEBED8F1B280BAA7C4BCB28B98
:103EA000F473198FB69CF47325AFF4732B8BF473F2
:103EB000198EB69DF47325AEF4732BB381F4731988
:103EC0008594F47325BBA5F4732B80BAF47319B3EE
:103ED0008E9BF47325BBAEF4732BB383A3F47337BB
:103EE000F1B28FB69FBEBEB9AF7A8E9E7EF5B38516
:103EF000B7957C8E9E7CF1BCBCBDBDB1B58F9FAF2C
:103F0000D05882AF012D5586AF424E7682A2002C4A
:103F10005484BDB690AF51BDBDBDB59F06A4D04879
:103F20008FAFD00A8474A4D03E8093AF39D1ABD97F
:103F3000FADADFD8BAADFA839BA769DBB28DB69DFA
:103F400069F42501D8F1ADDEDFD8F0BCB281BDB691
:103F500091BBA63C110C582C50F1BCBCBCB386BD27
:103F6000BDBDB796A62C547C9B7197A5D02AF05066
:103F700078F1D8B8ACDEF8F5B08CB79306F1F9AFAC
:103F8000DAF8D9DED8B3B6BA86A7C2F4733F93F095
:103F90007171608492F47325F1A4F4732B83A3F4FC
:103FA0007337B386A7C4F4733F95F071716086923E
:103FB000F47325A6F4732B85A5F47337B386A7C6CF
:103FC000F4733F9FF07171608892F47325A8F473C5
:103FD0002B8FAFF47337F5B28494B9AF7C86967C9F
:103FE00088987CF1B18FB59FA5308518F09A3C99DF
:103FF00018F1BAB2B6A78B9A2D557DF5A787972CE5
:10400000547CF0AC819C0C97289C1497309C1C9796
:1040100038F18AABC3C5C7A7819C59DB51AADEF42E
:1040200025F0D8F1ACB18E9C48FD02B28B02AADE1D
:10403000A78C11DB19DAAAF8D8F1B2BCBC84B8BEDF
:10404000AEC3C5C7B0BCBCBCB4BDF08A9EAF6C9952
:10405000618A199E7499698A399E7C99718A59F18D
:104060008F9FAA28FD0154FD017CFD018EA9C2C5C8
:10407000C7F08A9AA7042850F18797AF098FB5BD7A
:10408000BDBD9B1EB4BD97A7208BBAA7C1C3C5BD3C
:10409000B690FCC200BDBDBDD9F426EED8F1B28603
:1040A000B697A74A99F473459AF473258AAAF473CC
:1040B00037F18697A7529BF473459CF473258CAC1B
:1040C000F47337F18697A75A9DF473459EF47325D0
:1040D0008EAEF47337F189A9C2C5C787C38BABC253
:1040E000C5C787C58DADC2C5C787C7B8AEDE8AB4A0
:1040F0009E64FD018C64FD018E64FD01B0F08D9E17
:10410000AF6C9C618D199E749C698D399E7C9C71ED
:104110008D59F18F9FAD28FD0154FD017CFD018E6D
:10412000ACC2C5C7F08D9DA8042850F18898AF098E
:104130008F9B1E98A820D8F1B8B1B4BCBCBC84AF8A
:10414000C787C1B383C1BCB08F9FAF49DAF4271EC4
:10415000D8F5917AF19FFCC003DB90FCC000D9A197
:10416000DEF8D8F4272ED8F59172F19FFCC003D960
:10417000A1DEDFA0DEDFD8F1A1F8F9D1A0DAF8D90D
:10418000FAD88090AF11DBA1DE91FCC104D9A1F86F
:10419000DFA0DED88090AF39D9A0DEDFA1DFD8F173
:1041A000B1BCBCBCB5BDBDBDB9BEBEBEA6F88ABB68
:1041B000A4C3A0C5B98696AF21D9F42D87D8F1A69E
:1041C000DEA1DEDFDFA0DEDFDFDFABDEACDEB38C67
:1041D000BBA4D0C4A0D0C6B8BEBEBEAADE83A9C14F
:1041E000F2BCBC82C381C5F8F1B0BCB4BDBDBD9901
:1041F000FCC100D9AAFADB8A9AA939AADEF8D8F557
:10420000A289923AF192FCC003DADFD9FAA282DBEA
:1042100031DFAADEF8D899FCC103D9AADFD8F28928
:1042200099A971DBDE41F1AADEF8D89AFCC004DB63
:10423000A8DE98FCC100F8D8F1B1BCB5BDB9BE8705
:1042400094AF19D983A1C6F42A54D8F1829FAFDF65
:1042500028FD03DF30FD048F9F3482381DA9DED98D
:10426000F8DAF42911D8F18297AF51D983A0C78326
:10427000A7D0C2F42887D8F18292AF59DAF4288700
:10428000D8F5B383B7991AF1F8F9D1DAB1B5F428B2
:1042900087D8F53AF1F8F9D1DAB1B5F42887D8F131
:1042A000B0BCBCBC88AFC1F289C5C7F9F9B1BCB517
:1042B000B9F28F9FAF71D9F183A0C6B38CBBA4D0E4
:1042C000C4A0D0C6B1B9D8F183ACC683A7D0C4D836
:1042D000F1BCBC81AFC3BCBC839FAF09DB8F9E31F7
:1042E00083A1C7A0DFD0DED88F93AF21D983A0C729
:1042F000D0DEA1DFD8BCBCAFD0F3B18CC4F2B382A6
:10430000C281C5F9F1B0BC8AAFC5B1BC8093AF39E9
:10431000D1D9F3D0F8F9DBD1F19FFCC104F28F9F22
:10432000AF59F1A0DF83D0C6D8F1A1D0DE8390AF22
:1043300069DB9169F428FAD8F28F9F71D9F183A1D2
:10434000D0C6D8F18093AF19D1D9F42980D8F179AA
:10435000D1D9F42980D8F42A8DD8F1829DAF31DAF1
:10436000F42942D8F183A0D0C7B69DFCC204D9BAC3
:10437000ADDEF8D8B38AB792BBAF19B188A4D9C55E
:10438000A0C7DAC1A0C3D8F42980D8F1A1F8F9D127
:10439000DAF42980D8F1BAADF8F9D1D983B9A0C639
:1043A000ABC6B38DBBA4D0C4A0D0C6F42980D8F1CD
:1043B00083B9A0D0C7B38AB792BBAF19B1A4D989CA
:1043C000C3A0C5DA88C1A0C3D8F1B185BABEAFC257
:1043D00084C782C1C3B2BCB6BDA7DFDF8F92A7017D
:1043E000D9F429C2D8F109D9F429A9D8F1FAF429C4
:1043F000F1D8F151D9F429B6D8F1FAF429F1D8F16C
:1044000019D9D0F8DAFAD8F429F1D8F19321D9F4EE
:1044100029D6D8F109D9D0F8DAFAD8F429F1D8F1A7
:1044200071D9D0F8F429F1D8F159D9D0F8F429F19B
:10443000D8F19401D9D0F8DAFAD8F1B0BCBC88A789
:10444000C0B1BC89D0C182AFD0C5B2BC97FCC30497
:10445000DBFCC000FCC204D9A7DFF8DFD8F18F94E1
:10446000A771D9F42A30D8F19541D9F42A30D8F17E
:104470009409DB39D9DFDFF8D8F197FCC104B1BC6E
:10448000BCBC83B9BEBEBEA0D9C6DADED8FCC204AD
:10449000D0D9C7DADFD8BDBDBDF42A8DD8F1B0BC04
:1044A00081B9AFC0B088C187C1B1BCBCBCB59FFCED
:1044B000C004DB8F9E2D8D9F31D9A1DE83A0C6AFB6
:1044C000DEF8B3839FF506F1DBFCC104D9B8BEA1C9
:1044D000DFF8BEBEBED8F5B389B793BBA9668BAF74
:1044E00002F19FFCC003D98FA9D0C0D88999A33409
:1044F000AFDEF8F5839F06F1FCC104DB9571A2D015
:10450000DED8B08DB9A1D0C78FB49FAF11D9A1D0DB
:10451000C7D8F5B38BB793BBAF22F19FFCC003DBC9
:1045200083A9C0D8A3DEB9A0D0DEBAAAF8F9D1DA3F
:10453000F42B5CD8F1B9B1B5AF839061DB697991A7
:1045400069F42B53D8F1DFF8A0FAF9D1D9AFDFD84D
:10455000AF8C9569D9DFD8AF859C31DB9FFCC1005A
:10456000DAF42B30D8F183A0D0C6AF8A9E11F8D9E7
:10457000A0D0809C48D8AADED8F1B385B795AF719A
:10458000B1B5D9A0D0DED8F183AFC6F88F941DDBCA
:1045900090FCC000A0D0DED8F42B5CD8F161D1AA89
:1045A000D9DEDAF8D8F1B188BBA4D0C5A0D0C7B5A0
:1045B00090FCC200D9B28EC6A4D0C5BAAEDEF42B30
:1045C0008BD8F184B49FBAA769DAAEF8F42B8BD8F4
:1045D000F1AEDED8F1B181B59EBBAF02B79426B380
:1045E00081B59DA102B790268F91A1002CB1809436
:1045F000AF12265E6EB38092A2420E763E8FA2006C
:104600002C547CAFDEF8F58F99AF06F19FFCC10307
:10461000D98AAAC4D88392AF51D9F42C19D8F1A25F
:10462000D0DEB69EFCC009DBFCC10AD9B8AEDEBA4A
:10463000AEDEFAB7BBF42C19D8F1B8AEDEF8BAAEDC
:10464000DFF3BCBCBDBDBEBEB0B4BBAFFBDAB8A42B
:10465000D08D941DF1E2D8F1BCBCBDBDBEBEB3B7D8
:10466000BBD8F18A92AF19DAA3F8F8F8F8F8F8F89D
:10467000F88BAAC6F42CAAD8F181AAC69A6060B1B8
:1046800081B593AF59B3B7D1D9F42CAAD8F18A9296
:10469000AF21DAA3F8ADDED881AAC58591AF21D9C3
:1046A000F42C85D8F1A1DFA2DFDF8195A5C7688949
:1046B00093A3C660ADF8AFDEF8F5899F06F1FCC1A3
:1046C00003DB8D9DAF21A3DEF8D8F42CAAD8F181AD
:1046D000A5C592AF49DAA3F8F8D891AF49DAA3F8A3
:1046E000F8F8F8D8F1A3F8F9D1D9B183B9A1D0C6B7
:1046F000B3BBD8F5839AAF1AF1F8F9D1BCB0BDB409
:10470000BEB8D9F42CDDD8F1A6F88696AE11D9A69C
:10471000DF88BEBBA9D0C4F2A1D0C6A2D0C6BEBE9F
:10472000BED8F42CF8D8F1A6FA8696AE39D9A6DE12
:1047300087BEBBA9D0C4F2A1D0C6A2D0C6BEBEBEA1
:10474000D8F1BCBCBCB3BDBDBDB7BEBEBEBBA5F839
:10475000F9D1DA86A7C3C5C7A5DE85A5D0C6D88599
:1047600095AF71DAF42D38D8F18993A360F3BEBE0A
:10477000AFF8F9D1DAF3E2D8F1BEBE86A7C3C5C758
:10478000D8F1AFDFF9899F2D830DF599AF1A8F7E90
:104790009FA812992EF1DFDFAFDFF9899F4D830DBE
:1047A000F59BAF028F66F19FFCC003D9F5A8D0122C
:1047B0009936D8F18898A610A738869FAFDE00FDFD
:1047C0000887008FF3AEC0F1BCBCB182C3BCBCD8BB
:1047D000F1BEBDB386B9A0C1B180AFC381C38CC1E6
:1047E000BCB59FFCC100DBFCC200FCC300F2A0DE34
:1047F000F42DBAD8F2A0DEF8F18F9FAF49D9F2A01C
:10480000DEF9D8F18090AF49D0DE9FFCC001D98F8E
:10481000C080A0D0C2F2AFC1F8DBD1D9F18F9F54D4
:10482000FD07D8F1859FA5D074F29060F3A0F9DA66
:10483000F42E2DD8F380C6F3A6FBDAF42E0BD8F3B2
:1048400086C4F3BEBBAFD0F8F9D1DAF4E2D8F1BE3A
:10485000BEBEB9D8F181A6C0A1C2C5C782C1A2C2DD
:10486000C5C783C1A3C2C5C784C1A4C2C5C785C10A
:10487000A5C2C5C7DFD8F3BCBDBEBBB3B7A2F8F2B3
:10488000F8F1809DADD07CF2A2FAF9D1F1B9ACD9A2
:10489000DEDAF8D8F5BEBEBAA78595788E9E7CBCC8
:1048A000BCBDBDB2B6F1A9899962F09740996C97E9
:1048B00048B9B1B5F1AF8091288C9F008365D9F4D8
:1048C0002E8DD8F19DFCC304AFB289D9C3C1DAC122
:1048D000C3D8F472F9D8F2BEBEBCBCBDBDB9B3B783
:1048E000A6819249F9DBF1B18CB59C21D9F5B3854C
:1048F000B795788E9E7CF1B18DB59DAD1AF096403E
:104900009D3C9648D8F1B181B59DB9A60A8D960512
:10491000D9F42EF4D8F2B381B792BBAF49F9F9DBE1
:10492000F1B18CB59CB9A621F42EF4D8F1B38EBBAD
:10493000A8D0C4C7F3B9ACD0DEF42F05D8F1B38545
:10494000BBA8D0C4C7F3B9ACD0DEF8DFF8D8F3B554
:104950009CFCC304DBFCC200D9F2ACD0DED8F2BBB5
:10496000AFB792B38219D9A2DFA1D0C4ACD0C5F33E
:10497000A7D0DFF1B9AADEA1DFB8BEA7D0DEBEBEE8
:10498000BED8F1BBAF899819A980D938D8AF893979
:10499000A980DA3CD8A1F8F9D1DAF9DFF8F472E1AC
:1049A000F1FFD8AF2E88F575DAFFD871DAF1FFD8AC
:1049B00082A7F3C1F280C2F19786492EA6D0509605
:1049C00086AF75D988A2D0F3C0C3F1DA8F96A2D092
:1049D000F3C2C382B69B7070F1D8B7AFDFF9899983
:1049E000AF10809F21DA2ED88999AF31DADFD8AFA6
:1049F0008292F341D9F1DFD8AF82F319D9F1DFD830
:104A0000F18990AFD0098F99AF51DB8931F3829250
:104A100019F2B18CB59C71D9F1DFF9F2B9ACD0F8CB
:104A2000F8F3DFD8B3B7BB82ACF3C0A28022F1A900
:104A300022269FAF29DAACDEFFD8A2F2DEF1A9DF91
:104A4000F282B8BEA9C381C5B0BCB4BD8999A949D9
:104A5000DAF4301AD8F19AFCC004A7D0D98897307C
:104A6000DADED8F1BCB180BBBEBEBEAFC28CC181A4
:104A7000C383C7BCBCB38FB7BDBDBD9FBAA761DB45
:104A80006971FFD8F1BBADD0DEF8B184B696BAA794
:104A9000D07EB796A701B2879D05DBB38DB6977917
:104AA000F3B18C9649F1BBADD0F8D8F3B9ACD0F8DE
:104AB000F9D1D9F1BBADD0F8D8B3B7BB978CAFF370
:104AC00079D9F4308DD8F1A1819D34AAD08A50F4DF
:104AD00072E1F430ADD8F3A7D0FAB59CFCC207D987
:104AE000F8D8B7978CAF79DAF18791A16CAAD09AF0
:104AF00070BBF472E1D8F1B2AF8B9129F9DAA12938
:104B0000DFF8D8F1B8BEAAD0DEF2B381B792A949D6
:104B1000D9BCBDF430E0D8F1BCBDB0B48D9731F94B
:104B2000F9F9F9F9D9AAD0F8D8F1BCBCBDBDBEBE1F
:104B3000B084A5C3C5C783A4C3C5C7F0B281B6916D
:104B4000A33C110C582C50F1B083B493A32C547C8B
:104B50009271F095AE2C50788EBEB9AAC2BCBDD869
:104B6000F2BBB3B78291AF31DAF43183D8F18DB7AC
:104B700096BBA640AC8C9C0C30BA8D9DA739DBF35C
:104B8000B18CB69649D9F184B594B9A4D05EF0B78A
:104B90009D38D8F1B38DBAA7C6B59CFCC204D9B173
:104BA00081B697A7258B6E81B9A134DAB287B69703
:104BB00000FD3EB181258B4E81B9A134D8F1BBAA4D
:104BC000D0DFACDED0DEADD0DFF1FFD8F2B3B7AFCF
:104BD000829C39DBF1869009AAD08A9DD974F43180
:104BE0009EDAF1AAD0DFD8F3B9ACD0F8F9D1D9F276
:104BF000BBA2FAF8DAF2BBA2FAD8F2B382B69BBB38
:104C0000AF31DBF189B59A61D9F2A1D0F8F8D8F2C9
:104C100082AFC4F8F8F8F88FB79115DAA1D0C0D8F0
:104C200082AFC2F9D1D9F1B9ACDEADDEDFB9A1DF17
:104C3000BBADD0DFD8F28291AF31DAF1B1819DB94D
:104C4000A13CD8F2B3BB8291AF31D1D9F1B181B5DA
:104C50009BB9A13ED8F1B38CB79CBBACD010ACDEF5
:104C6000ADD0DF9282AFF1CAF29135F1968FA6D91D
:104C700000DBAF8A906DD9A68F96018A60AAD0DF3B
:104C8000F281ACD0C5D8F1FFD8F0B9B1B6AF8D92F2
:104C90004C7154685C604479E0D8F1BAB1A48FC01B
:104CA000C3C5C7B9B5F1AA829025F3ADDFD9F8F82D
:104CB000D8F1A18191F0348238F1AA2DF58A903093
:104CC000D9F3ADFAD8F0AA8F9F042851791D30147A
:104CD00038BCBCBCA2D08A9A2C50507878BC829048
:104CE000AAF57CF3D9ADFAD8F1B8AE82C6B9A181E4
:104CF000900A819218A2D081C1F3ADFBF9F1DAA23A
:104D0000D0DFD8A2D0FAF9D1DAAA829D7E76AD8A18
:104D1000D0315CF0AA8D9D5478FD7FF18A92559D2B
:104D2000ADD0727ED8F47240E0D8F1B1B982A2D091
:104D3000C2F2A3FAF3B8A7F8F9D1DAF2E2D8BBB31A
:104D4000E0F1B1AF8F9F3185A5D0DAC6F43316D824
:104D5000F1F8F9D1D9C6F5ADD08D9E7FDAF9D8F149
:104D6000E0F1B697A766B793F0717160E0F00129A2
:104D70005179E0F1C2C5C7B287B6972CFD01E0F1C9
:104D8000C2C5C7B287C1E0F1B2819766E0F03810C2
:104D9000284088E0F02470594469386448312D5126
:104DA00079E0F024583D4034492D51E0F187A100CD
:104DB0002C547CF081A704285078FD7FF1A78796BA
:104DC0005991A1020E161EE0D8F0BEBEBEBCBCBCFE
:104DD000BDBDBDB3BB8CACF475AD8DADF475AD8E02
:104DE000AEF475ADBCB080AFF1DEDFDFD0F2C2CB88
:104DF000C5BCBCBCB38FD0BDB59EF102FD0326FD82
:104E00000346FD03BDBDBDF2ACC0ADC2AEC4F1A949
:104E1000FAF9D1D9F433D6D8F1A9FAF43574D8F027
:104E2000B78C9CBAF47580F1C1B38D9DBAF47580CE
:104E3000F11CB38E9EBAF47580F11CB38FD7FD3E82
:104E4000F28DC18EC1F18FD5FD30D4D0FD70F1D07F
:104E50002AD2F000D2A9DE8FB597AFF540D9F2A9DA
:104E6000F8D897AFF548D9F3A9F8D8F2AFDEF8D45F
:104E7000FD0CB78F9DF604DAF43451D8F2B597DE05
:104E8000F8D037FD0E3FFD0E8DB79FF2D005D9A9A2
:104E9000F8D8AF0DD9A9F4F8D8D8F2AFDEF9D4FD1F
:104EA0000C8E9F01DAF43470D8F2B1879E41D9A9F3
:104EB000F8D8AF61D9F3A9F8D8F1B38CAFDEF2C05E
:104EC0008FF0D4FD30B79FF500B18804D9A9F2F86E
:104ED000D8F5AF24D9A9F3F8D8F0AFB389C4C78FF8
:104EE000D0D4FD40D5FD40B188D0F544D9A9F2F821
:104EF000D8AFF56CD9A9F3F8D8B38FB599F5AF60F1
:104F0000D9AAF8DAAADED8AF68D9AAFADAAADFD81D
:104F1000F18AAFD4FD00D5FD408FD0F514A9D0D9CA
:104F2000DEDAF8D8AF3CA9D0D9DFDAFAD8F18AAF07
:104F3000D6FD00D7FD408F9AD0F504A9D9F2F8D854
:104F4000AFF52CA9D9F3F8D88CAFF2C0F18FD4FD0E
:104F500030B79F02FD1ED010B18AD059DAF4352B3C
:104F6000D8F18B51DAF4352BD8F1B59BB38F41D9F9
:104F7000A9F2F8D8F1AFB79FB18A79DAF4354AD8F7
:104F8000F18B71DAF4354AD8F1B59BB38F49D9A9C1
:104F9000F3F8D8F0A9F2F9F9F9F9F9F9F9AAD0F08A
:104FA000DADEF5E2F0D9F8D8A9F3F9F9F9F9F9F967
:104FB000F9AAD0F0DADFF6E2F0D9FAD8D8F0BCB02E
:104FC00080BDB490BEB8A0E0F0AFF2113DF3153D46
:104FD000F2B28FD0CDCFF3DFDFDFDFF1D4FD70D5BC
:104FE000FD70D6FD70D7FD70B69F0C1018F500BB94
:104FF000AFD0B79FE0F0D0F3CFF2CCD0F3CDF2CA70
:10500000D0F3CBF2C8D0F3C9E000000000000000EC
:105010000000000000000000000000000000000090
:105020000000000000000000000000000000000080
:105030000000000000000000000000000000000070
:105040000000000000000000000000000000000060
:105050000000000000000000000000000000000050
:105060000000000000000000000000000000000040
:105070000000000000000000000000000000000030
:105080000000000000000000000000000000000020
:105090000000000000000000000000000000000010
:1050A0000000000000000000000000000000000000
:1050B00000000000000000000000000000000000F0
:1050C00000000000000000000000000000000000E0
:1050D00000000000000000000000000000000000D0
:1050E00000000000000000000000000000000000C0
:1050F00000000000000000000000000000000000B0
:10510000000000000000000000000000000000009F
:10511000000000000000000000000000000000008F
:10512000000000000000000000000000000000007F
:10513000000000000000000000000000000000006F
:10514000000000000000000000000000000000005F
:10515000000000000000000000000000000000004F
:10516000000000000000000000000000000000003F
:10517000000000000000000000000000000000002F
:10518000000000000000000000000000000000001F
:10519000000000000000000000000000000000000F
:1051A00000000000000000000000000000000000FF
:1051B00000000000000000000000000000000000EF
:1051C00000000000000000000000000000000000DF
:1051D00000000000000000000000000000000000CF
:1051E00000000000000000000000000000000000BF
:1051F00000000000000000000000000000000000AF
:10520000000000000000000000000000000000009E
:10521000000000000000000000000000000000008E
:10522000000000000000000000000000000000007E
:10523000000000000000000000000000000000006E
:10524000000000000000000000000000000000005E
:10525000000000000000000000000000000000004E
:10526000000000000000000000000000000000003E
:10527000000000000000000000000000000000002E
:105280000000250C0000292006091C1C1407271A01
:10529000040A1A1D0E032216020B181E06091C1CF6
:1052A000010017140A101E2110012415040A1A1DEA
:1052B00003060B0619191F19FFFF088028000804B0
:1052C000484008108800FFFFFFFF0808088808040E
:1052D000FFFFFFFF0820080808400000180010002A
:1052E0000801FFFFFFFF088028000804484008105D
:1052F0008800080808880804FFFFFFFF0820080846
:105300000840180010000801FFFF000001001714FA
:105310001407271A120C130C251F261F111F2920F2
:1053200009100F100A101D2123211E2103110B113A
:1053300019221F2210012415040A1A1D09050F0540
:105340000A051D1823181E1803060B0619191F1924
:105350000E032216020B181E141203130B1327231D
:1053600019241F24120C130C251F261F111F0905B9
:105370000F050A051D1823181E183C0A560A700A44
:105380008B0AA60AC10ADD0AF80A150B310B4E0B6F
:105390006B0B880BA50BC30BE10B000C1E0C3D0C1B
:1053A0005D0C7C0C9C0CBD0CDD0CFE0C1F0D410D2E
:1053B000630D850DA80DCB0DEE0D120E360E5A0E97
:1053C0007F0EA40ECA0EEF0E160F3C0F630F8B0F4D
:1053D000B30FDB0F03102C1056108010AA10D4103E
:1053E00000112B1157118311B011DE110B1239125C
:1053F00068129712C712F712271359138A13BC1396
:10540000EF13221455148914BE14F31429155F15D3
:105410009515CD1504163D167616AF16E916241708
:105420005F179B17D817151852189118CF180F1916
:105430004F199019D119131A561A9A1ADE1A221BEB
:10544000681BAE1BF51B3D1C851CCE1C181D621D68
:10545000AD1DF91D461E941EE21E311F811FD11F76
:1054600023207520C8201C217121C7211D227422F0
:10547000CD2226238023DA2336249324F1244F25BA
:10548000AF250F267126D32636279B2700286728AD
:10549000CE283629A0290B2A762AE32A512BC02BA5
:1054A000302CA12C132D862DFB2D712EE82E602F74
:1054B000D92F5330CF304C31CA314A32CA324C33F3
:1054C000D0335434DA346235EA35743600378D37E8
:1054D0001B38AA383C39CE39623AF83A8F3B273C20
:1054E000C13C5D3DFA3D983E383FDA3F7E40234166
:1054F000CA4172421C43C84376442545D645894675
:105500003D47F447AC486649224ADF4A9F4B614C0D
:10551000244DEA4DB14E7B4F46501451E351B552E4
:1055200089535E5436551156ED56CB57AC588F59AA
:10553000745A5C5B465C325D215E125F0560FB6005
:10554000F361EE62EB63EB64ED65F266FA670469A2
:10555000116A206B336C486D5F6E7A6F9770B8710B
:10556000DB7201742A7556768577B778EC79247BDF
:105570005F7C9D7DDF7E248000009CFF9CFF18FCEB
:1055800064006400D4FECEFFCEFF0CFE3200320079
:105590009CFF38FF38FF80F3C800C800E0FCE2FF42
:1055A000E2FF70FE1E001E00CEFF38FF38FFC0F97C
:1055B000C800C80070FE38FF38FF18FCC800C800DB
:1055C00038FF000000000000555555555555C53FA2
:1055D0007D6FEB0312D6D4BF5544880E55C1C93F29
:1055E0003B8F68B52882A4BF88B20175E0EF493FC0
:1055F00009F7FD0DE13D023F4B2D8A1C273A03C000
:10560000C88A599CE52A004059018D1B6C06E6BFEB
:1056100082922EB1C5B8B33F4FBB610567ACDD3F89
:10562000182D4454FB21E93F9BF681D20B73EF3FC9
:10563000182D4454FB21F93FE2652F227F2B7A3C41
:10564000075C143326A6813CBDCBF07A8807703CFA
:10565000075C143326A6913CC4EB98999999C9BF6D
:10566000711623FEC671BCBF6D9A74AFF2B0B3BFA2
:105670009AFDDE522DDEADBF2F6C6A2C44B4A2BF62
:105680000D5555555555D53FFF8300922449C23FCE
:105690006E204CC5CD45B73F513DD0A0660DB13F02
:1056A000EB0D76244B7BA93F11DA22E33AAD903F14
:1056B000000000000000000000004054FB21F93F02
:1056C0003163621A61B4D03D0000601A61B4D03D0C
:1056D0007370032E8A19A33B0000002E8A19A33B86
:1056E000C14920259A837B3900000000000000009A
:1056F0006E83F9A22915444ED15727FCC0DD34F53D
:10570000999562DB4190433CAB6351FE61C5BBDEC2
:105710003A6E24B7E0D24D42EA2E49061C92D109D6
:105720001CEB1DFE3EA729B1F53582E88444BB2E53
:1057300026709CE9417E5FB439D69139F4395383A0
:105740008B5F849C3B28F9BDFF97F81F0F9805DEFF
:105750008B112FEF1F6D0A5ACF7E366DB709CB27FD
:10576000663F464F2DEA5F9EC7BA27757BF1E5EB92
:10577000F739073DEA92528AB15FFB6B085D8D1FD6
:10578000000000006E83F9A22915444ED15727FC72
:10579000C0DD34F5999562DB4190433CAB6351FE2B
:1057A0007AFE10111111C13F37D60684F464963F7A
:1057B000280356C9226D6D3F0165F2F2D844433F7C
:1057C000A69237A0887E143F735360DBCB75F3BE7F
:1057D000FE41B31BBAA1AB3F93846EE9E326823F3F
:1057E0001583E0FEC8DB573F68108D1AF726303F5F
:1057F000E9A7F0320FB8123FD47ABF74702AFB3E8B
:105800000D0A53657474696E672074686520444D91
:1058100050206269617365732077697468206F6EC8
:10582000652D6178697320666163746F7279206396
:10583000616C6962726174696F6E2076616C756506
:10584000732E2E2E646F6E650D0A00006C580108D1
:1058500000000020C4030000580D0008145901087E
:10586000C4030020745E000034910008C1120523B7
:1058700001050213014BD00702ADCE051C0C0C191B
:105880002EEA0130C9105DCDCCCC3E08F23DA2031A
:10589000022664199EF96131023F5AE009CDCC4CD1
:1058A0003F52499D39033C803F23070A05246C136E
:1058B00001083C020406282D010203040407160611
:1058C000070809F8431AAA010130023104022337FC
:1058D000035CA04032013AFF043AFF0C490511E98C
:1058E00074F9100A11FF01593C795AB90F310A476E
:1058F000C80269A70917A00917EC011812FF127E48
:105900001420920123E47F27F9D6FFFF8F121B1A80
:04591000FBD4B10013
:0400000508000131BD
:00000001FF
