:020000040800F2
:10000000A85F0020DD010008E5010008E701000805
:10001000E9010008EB010008ED0100080000000004
:100020000000000000000000000000004501000882
:10003000F10100080000000089010008F106010834
:10004000F7010008F7010008F7010008F7010008B0
:10005000F7010008F7010008F7010008F7010008A0
:10006000F7010008F701000859240008F70100080B
:10007000F7010008F7010008F7010008F701000880
:10008000F7010008F7010008F7010008F701000870
:10009000E1700008F7010008F7010008F701000807
:1000A000F7010008F7010008F7010008F701000850
:1000B000F7010008F7010008F7010008F701000840
:1000C000F7010008F7010008F7010008F701000830
:1000D000F7010008496C0008756D0008456E0008BE
:1000E000F7010008F7010008F7010008F701000810
:1000F000F7010008F7010008F7010008F701000800
:10010000F7010008F7010008F7010008F7010008EF
:10011000F7010008F7010008F7010008F56400087E
:10012000F7010008F7010008F7010008F7010008CF
:10013000DFF80CD000F0FEFD0048004731EC00086D
:10014000A85F0020224B19680868B0E8F00F80F320
:100150000988BFF36F8F4FF0000080F311884EF0D5
:100160000D0E70470000000006480068006880F32C
:10017000088862B661B6BFF34F8FBFF36F8F00DFA1
:1001800000BF00BF08ED00E0EFF30980BFF36F8F01
:100190000F4B1A6820E9F00F106008B54FF0BF0050
:1001A00080F31188BFF34F8FBFF36F8F10F086F984
:1001B0004FF0000080F31188BDE808401968086816
:1001C000B0E8F00F80F30988BFF36F8F704700BF6E
:1001D000A4010020EFF30580704700000648804727
:1001E00006480047FEE7FEE7FEE7FEE7FEE7FEE71C
:1001F000FEE7FEE7FEE7FEE7B56200083101000812
:100200002DE9F05F0546002092469B46884606464B
:10021000814640241BE0284641464746224600F0DE
:100220002EFC53465A46C01A914110D31146184627
:10023000224600F015FC2D1A67EB01084F462246B6
:100240000120002100F00CFC17EB00094E41201E9C
:10025000A4F10104DFDC484631462A464346BDE8A6
:10026000F09F2DE9F0410024061B254671F10006A0
:1002700005DA01240027D0EB070067EB0101161E09
:1002800073F1000605DA0027D2EB0702012567EBC0
:100290000303FFF7B5FF86460E4617469C46AC4261
:1002A00004D00025D0EB050E65EB010624B100203B
:1002B000D2EB000760EB030C704631463A466346CA
:1002C000BDE8F081202A06DBCB17203A41FA02F084
:1002D00043EAE07306E041FA02F3D040C2F12002A3
:1002E00091400843194670470649074A0868504339
:1002F00043F2390210440860400870470149086021
:1003000070470000A80300206D4EC64110B5431A87
:10031000934209D28318881803E010F8011D03F8EE
:10032000011D521EF9D210BD40EA01039B0703D004
:1003300009E008C9121F08C0042AFAD203E011F824
:10034000013B00F8013B521EF9D210BDD2B201E0D0
:1003500000F8012B491EFBD270470022F6E710B5CA
:1003600013460A4604461946FFF7F0FF204610BD23
:1003700030B504460020034600E05B1C934203D2E4
:10038000E05CCD5C401BF8D030BDF0B480EA0102E7
:10039000D40F4200B2EB410F02D20246084611468A
:1003A0004A0042D0C30DDDB2C1F3C752AD1A202DB1
:1003B00035DAC1F3160141F4000204B15242C5F12D
:1003C000200602FA06F12A411044B3EBD05F23D095
:1003D000C4B1012DA0EBC35009DCF0BC4FF00042CA
:1003E00002EAC352DBB200F5000000F061BB40003E
:1003F00000F1807000EBC350A0F1807040EAD17032
:10040000490009E0490841EAC071A0EBC35000F57A
:100410000000400800EBC350F0BC00F040BB61425C
:10042000012202EB4101001BF6E7F0BC704781F0AE
:100430000041AAE780F00040A7E780EA010210B57A
:1004400002F00043400022D04A001FD0010E01EB11
:100450001261C0F35600C2F3560240F4000042F4A9
:100460000002A0FB022000047F39140400D0401CCD
:1004700050EA124001D44000491EC2B20C0604EBFF
:10048000D010401C4008802A02D003E0002010BD9C
:1004900020F00100002900DA0020184310BD30B41C
:1004A00080EA010202F0004530F0004221F00040F5
:1004B00013D090B1C30DD40DC2F31601C0F31600D2
:1004C000E41A41F4000140F400027D34914201D36A
:1004D000641C00E04900002C02DA30BC00207047A8
:1004E0004FF400000023914201D3891A03434008CE
:1004F0004FEA4101F7D151B1914202D14FF0004191
:1005000005E002D24FF0010101E06FF0010103EBC1
:10051000C450284430BC00F0C2BA420005D0C0F339
:10052000C7525242914201DC0020704700EBC1509B
:1005300070472DE9FE4F804681EA0300C00F0C464C
:10054000009021F0004123F00045B8EB0200A941E2
:1005500005D24046214690461C460B46024623F0F3
:100560000040104347D0270DC7F30A00C3F30A51D8
:100570000290401A019040286BDAC3F3130040F454
:10058000801B0098924620B10023D2EB030A63EB54
:100590000B0B01985946C0F14002504600F060FA3A
:1005A00006460D4650465946019AFFF78BFE10EB62
:1005B00008006141002487EA115284EAE7731A4374
:1005C00040D0009A62B3019A012A4FEA075215DC23
:1005D000001B61EB02014FF0004202EA0752CDE935
:1005E0000042001C41F5801132462B4600F0EAFA29
:1005F00003B0BDE8F08F40462146F9E7001B61EBF0
:100600000201001C41F5801300185B412018A2F57F
:10061000001747EB030140EAD570B6196D4111E0B0
:100620006D084FEA360645EAC0754FEA0752001BCF
:1006300061EB0201001C41F5801149084FEA3000CE
:100640000019514132462B4603B0BDE8F04F00F08F
:10065000AABA0098012240000023D0EB020263EB0B
:10066000E073009821464FEAE074B8EB000061EBBC
:100670000401E9E783F000435BE781F0004158E7BC
:100680002DE9FE4F81EA030404F0004421F000410B
:1006900000944FF0000B23F0004350EA01045ED0B9
:1006A00052EA03045BD0C3F30A54C1F30A552C4445
:1006B000A4F2F3340194A0FB0254C1F3130141F4FA
:1006C0008011C3F3130343F4801301FB024400FBC6
:1006D000034E840A970A44EA815447EA8357A4FBED
:1006E000076802958D0A05FB07854FEA932C04FBEA
:1006F0000C542705029D4FEA065847EA1637B5EB1A
:1007000008056EEB070C870E920E47EA811742EA46
:100710008312A7FB0201B6EB0B0164EB00042B0D67
:1007200043EA0C335E1844EB1C50DA465146E7FBB3
:100730000201C5F313044FEA0B3343EA14534FEAA3
:100740000432019C43EA0603A4F10C040294009CC9
:10075000CDE900B400F036FA03B0BDE8F08F002018
:100760000146F9E72DE9F04D81EA030404F0004B5E
:1007700021F0004514464FF0000A23F0004150EAF2
:10078000050220D054EA01021DD0C5F30A570246E3
:10079000C5F31303C1F31300C1F30A5640F48015E7
:1007A00043F48013A7EB0608101BD64608F2FD3869
:1007B00073EB050002D308F1010801E092185B41D8
:1007C000B8F1000F03DA00200146BDE8F08D0020EB
:1007D0004FF48011064684460EE0171B73EB0507A5
:1007E00005D3121B63EB050306434CEA010C4908D1
:1007F0004FEA300092185B4150EA0107EDD152EA0E
:10080000030012D082EA040083EA0501084305D000
:10081000101BAB4106D20122002306E000224FF05C
:10082000004302E06FF0010253101AEB06004CEB9C
:10083000085110EB0A0041EB0B01BDE8F04D00F050
:10084000B2B970B521F0004303430CD0C1F30A558F
:100850000024D5EB040564EB0403D617AD1AB341AD
:1008600002DB0020014670BD201841EB025170BD33
:10087000C10F80EAE0700844CA079623002100F007
:1008800017B996230022114600F012B90EB5C10F18
:1008900080EAE0700844CA07002140F233438DE843
:1008A0000E000A460B4600F08DF903B000BD0EB5F0
:1008B00040F2334102910021CDE900110A460B4676
:1008C00000F080F903B000BD00F0004220F00040CD
:1008D000C10DC0F3160040F400007F2901DA0020AA
:1008E0007047962903DCC1F19601C84001E09639B2
:1008F0008840002AF4D04042704720F00040C10DEB
:10090000C0F3160040F400007F2901DA0020704790
:10091000962903DCC1F19601C8407047963988409A
:10092000704770B5C1F30A5201F000450024C1F3CD
:10093000130140F2FF3341F480119A4201DA0020A2
:1009400070BD40F233439A42A2F2334203DC52427A
:1009500000F095F800E090402C43F1D0404270BD8B
:1009600000F0004230F000400AD0C10D01F5607186
:10097000C0F3160042EA0151C20840071143704714
:10098000002001467047000030B5041E71F10004DC
:1009900004DB4FF00044404264EB0101141E73F18C
:1009A000000405DB1C464FF00043524263EB040396
:1009B0008B4208BF824230BD30B5041E71F1000485
:1009C00004DB4FF00044404264EB0101141E73F15C
:1009D000000405DB1C464FF00043524263EB040366
:1009E000994208BF904230BD01F0004330B421F07D
:1009F000004150EA010206D00A0DA2F56072C1F36F
:100A00001301002A02DC30BC00207047440F44EA86
:100A1000C104C100E01830BC00EBC25000F03FB888
:100A2000002801DBC0F10040002901DBC1F10041D9
:100A30008842704730B50B46014600202022012431
:100A400009E021FA02F59D4205D303FA02F5491B9C
:100A500004FA02F52844151EA2F10102F1DC30BDB2
:100A6000202A04DB203A00FA02F10020704791406E
:100A7000C2F1200320FA03F3194390407047202A63
:100A800004DB203A21FA02F00021704721FA02F338
:100A9000D040C2F120029140084319467047002916
:100AA000A8BF7047401C490008BF20F001007047F4
:100AB00010B4B0FA80FC00FA0CF050EA010404BF54
:100AC00010BC704749B1CCF1200421FA04F411FAAA
:100AD0000CF118BF012121430843A3EB0C01CB1DEE
:100AE0004FEA00614FEA102042BF002010BC70475F
:100AF00000EBC35010440029A4BF10BC7047401C39
:100B0000490008BF20F0010010BC7047F0B4002875
:100B100002DCF0BC00207047C0F3C751C0F31600E0
:100B200040F40000CA0701D14000491E3F2202EBF9
:100B30006105002211464FF4000626FA01F3134422
:100B4000D418844201D8001B1A464000491C1729BA
:100B5000F3DD5100814202D24FF0FF3100E000216D
:100B600002EBC550F0BCFFF79ABF10B541000CD0A6
:100B7000C0F3C751962908DC7E2909DC06DB410257
:100B800004D000F0004040F07E5010BD002010BDA9
:100B9000C1F19604C4F1200100FA01F1E040FFF731
:100BA0007EFFA04010BD10B5141E73F1000408DADA
:100BB000401C41F1000192185B411A4301D120F021
:100BC000010010BD2DE9F04D92469B4611B1B1FADE
:100BD00081F202E0B0FA80F220329046FFF740FF47
:100BE00004460F4640EA0A0041EA0B0153465A46C2
:100BF000084313D0114653EA010019D0C8F140024E
:100C00005046FFF73CFF05460E46504659464246C1
:100C1000FFF726FF084305D0012004E020463946AF
:100C2000BDE8F08D0020054346EAE0762C433743CB
:100C30000A986305E40AA0EB08000022FD0A44EAD2
:100C400047540A3002D500200146E9E70105101992
:100C50006941DDE9084500196941BDE8F04DA2E7A9
:100C60002DE9F04D00231A461B1A8A4103DB0020B0
:100C70000146BDE8F08DC1F30A52C1F3130141F4FE
:100C800080154FF0000BD10702D100186D41521EA4
:100C90000027044640F2FF11384601EB620A3E4647
:100CA0008046024600204FF48011FFF7E8FEC2198B
:100CB0007141BB1846EB0100B4EB030C75EB000C63
:100CC00004D3E41A65EB000517460E46241908F113
:100CD00001006D4180463428E3DDF91946EB06003A
:100CE000091BA84103D24FF0FF32134601E0002256
:100CF00013461BEB070046EB0A51BDE8F04DFFF72A
:100D000052BFC1F30A52C1F3130140F2FF3341F461
:100D100080119A4202DA00200146704740F23343C4
:100D20009A42A2F2334202DC5242FFF7A8BEFFF71A
:100D300097BE0000064C074D06E0E06840F0010356
:100D400094E8070098471034AC42F6D3FFF7F4F963
:100D50004C4701086C47010870B58C1810F8015B0E
:100D600015F0070301D110F8013B2A1106D110F844
:100D7000012B03E010F8016B01F8016B5B1EF9D148
:100D80002B0705D40023521E0DD401F8013BFAE7CE
:100D900010F8013BCB1A921C03E013F8015B01F839
:100DA000015B521EF9D5A142D8D3002070BD0029A5
:100DB00004D0816841F0010181607047816821F0B1
:100DC000010181607047000010B5154988420AD1C1
:100DD00044150121204604F02BFD2046BDE81040BB
:100DE000002104F025BD0F4988420AD104150121D4
:100DF000204604F01DFD2046BDE81040002104F00F
:100E000017BD094988420AD10121CC03204604F0CC
:100E10000FFD2046BDE81040002104F009BD10BDC3
:100E20000024014000280140003C01400146002010
:100E30008968490700D501207047C06C80B27047AF
:100E40000246002012680A4200D001207047014685
:100E500000208968090700D50120704710B5426855
:100E60000E4B1A400C790B6842EA0422134343608C
:100E700082680B4B1A40D1E9024323434C7942EA82
:100E8000440213438360C26A22F47002097C491E43
:100E9000C9B242EA0151C16210BD0000FFFEF0FF7D
:100EA000FDF7F1FF70B5072609290AD9C568A1F138
:100EB0000A0404EB4404A640B543A3401D43C560A7
:100EC00007E0056901EB4104A640B543A3401D437B
:100ED00005611F23072A09D2446B521E02EB8202CE
:100EE00093409C4391400C43446370BD0D2A09D24A
:100EF000046BD21F02EB820293409C4391400C434F
:100F0000046370BDC46A0D3A02EB820293409C43B5
:100F100091400C43C46270BD816841F0080181605A
:100F20007047002904D0816841F4A00181607047B6
:100F3000816821F4A00181607047816841F004015B
:100F4000816070472DE9F05F044608469046584E90
:100F5000F4606FF02C05FF2805D02D222946404271
:100F600003F0DEFA306130690746FFF781FC514932
:100F70000968FFF762FAB061002C66D0002F71D0CB
:100F800038B200F069F9B069FFF7EAFC0FF044F9F4
:100F9000DFF824814FF080473A464346FFF770FB65
:100FA0004FF0FF394A46FFF74CFCDFF810A1002252
:100FB0005346FFF7D7FBDFF808B100225B46FFF787
:100FC000B8FA04460D46F068FFF760FC22462B464F
:100FD000FFF756FBFFF7A5FC7060B069FFF7C0FC98
:100FE0000FF01AF93A464346FFF74AFB4A46FFF725
:100FF00028FC00225346FFF7B5FB00225B46FFF7B3
:101000003CFB04460D46F068FFF740FC22462B46A9
:10101000FFF736FBFFF785FCB0604FF4FA646542DA
:1010200022462946706803F07BFA70602246294602
:10103000B06803F075FAB06003B2B088BDE8F05F45
:10104000002201B2104603F0CFBE012003F00CFFD6
:10105000308A00B200F000F900207061B061BDE894
:10106000F09FFFE7C8F10000FFF702FC1549FFF70A
:1010700016FA04467061F068FFF7FAFB074612495A
:101080002046FFF7DAF93946FFF709FA08F02AFF98
:10109000B0610E490968FFF7D0F9FFF715FC2D2262
:1010A000294603F03DFA306100B200F0D5F86AE756
:1010B000C40000207409010833E36740D76B6D401A
:1010C0000000F03F00007A44B85E6B4370090108ED
:1010D0000148008870470000C40000200248008AD0
:1010E000404200B270470000C40000201CB5002040
:1010F000009001900021FF208DF80000FB208DF86A
:10110000010005208DF8020030208DF80300012039
:101110008DF80400094800788DF8050002206A4621
:10112000135C1944C9B2401CC0B20628F8D38DF82C
:1011300006100721684605F0F5FD1CBDC40000201F
:1011400070B50D46B4280CD8064C2080C1B20020E2
:1011500004F0DEFA002D04D02088BDE8704001F0D4
:10116000EFBE70BDC40000202DE9F0410E46904650
:10117000384D00276F8034B2082865D2DFE800F0D0
:1011800004131F2E3945505CB8F1000F02D0002027
:1011900000F062F80EB1012000E0002003F064FED0
:1011A000EF60BDE8F0816C80404603F03BFE4346B3
:1011B0002046BDE8F0410022FF21FFF7C3BE704288
:1011C00000B204466880404603F02CFE43462046A9
:1011D000BDE8F0410022FF21FFF7B4BE002003F07C
:1011E00021FE43462046BDE8F04100221921FFF7C9
:1011F000A9BE002003F016FE43462046BDE8F0419C
:1012000000226FF01801FFF79DBE002003F00AFED8
:1012100043462046BDE8F04100222D21FFF792BE53
:10122000002003F0FFFD43462046BDE8F0410022C8
:101230006FF02C01FFF786BE002000F00DF80120B2
:1012400003F012FEEF60ACE7BDE8F041002003F0D0
:10125000E9BD0000C400002010B52D22514203F06A
:101260005FF906490861FFF733FF097CBDE81040CC
:101270000844C1B2002004F04BBA0000C4000020B2
:101280002DE9F05FFFF7E8FF344E3069FFF7F0FA21
:1012900033490968FFF7D1F8B061FFF761FB0EF041
:1012A000BBFFDFF8C0804FF080473A464346FFF768
:1012B000E7F94FF0FF394A46FFF7C3FADFF8A8A075
:1012C00000225346FFF74EFADFF8A0B000225B463B
:1012D000FFF72FF904460D46F068FFF7D7FA2246CC
:1012E0002B46FFF7CDF9FFF71CFB7060B069FFF7E5
:1012F00037FB0EF091FF3A464346FFF7C1F94A46E5
:10130000FFF79FFA00225346FFF72CFA00225B46B4
:10131000FFF7B3F904460D46F068FFF7B7FA224627
:101320002B46FFF7ADF9FFF7FCFAB0604FF4FA6413
:10133000654222462946706803F0F2F87060224642
:101340002946B06803F0ECF8B06003B2B088BDE89D
:10135000F05F002201B2104603F046BDC400002039
:101360007409010833E36740D76B6D400000F03F1C
:1013700070B54FF47A740C4D0146072301222846BC
:10138000FFF790FD01212846FFF7CBFD02212846FB
:10139000FFF756FD10B9641EA4B2F7D22846BDE887
:1013A0007040FFF74ABD0000002401402DE9F041E4
:1013B00007460E460025002406E03846FFF7D8FF12
:1013C000284485B2641CE4B2B442F6D3042E03D0A0
:1013D000B5FBF6F0BDE8F081A808FBE710B500F01A
:1013E00007F8BDE810400149FFF727B8C3F5804072
:1013F00010B504210E20FFF7D9FFFFF742FABDE830
:1014000010400149FFF719B83333533A30B587B06C
:1014100001214FF4047004F0FDF94FF4004004F092
:10142000C5F91020ADF8040000248DF8074001A98B
:10143000164802F039F8164D2846FFF7C5FC02940D
:101440008DF80C408DF80D404FF460210491059407
:1014500001218DF8181002A92846FFF7FFFC012191
:101460002846FFF7A4FC2846FFF756FD2846FFF75D
:10147000EEFC0028FAD12846FFF75FFD2846FFF76B
:10148000D5FC0028FAD107B030BD000000100140A3
:101490000024014070B500F073FA0A4C0A4D50B1B7
:1014A00000F06EFA012805D102F05AFE2168FEF71D
:1014B000C4FFA86070BD02F0A7F82168FEF7BDFF69
:1014C000A86070BD700901080C0000200EF0ACBFD0
:1014D00001484078704700000C00002010B503F070
:1014E00045FF08F051F801F01DFB00F049FA58B92A
:1014F00002F082F9014639B107A006F005FE03F0BB
:1015000041FE00F069FBFEE7012000F001FE074903
:101510000120487010BD000049434D5F494E4954B9
:10152000204552524F523A25640A00000C00002018
:1015300010B500F00BFABDE8104007F0D7BF00F07F
:101540009FBB000001490870704700000C0000209C
:101550007CB500240A20CDE900044FF40075234631
:101560002A461FA121480FF0D9F821A006F0CCFD92
:101570000920CDE900040023802222A125480FF094
:10158000CDF825A006F0C0FD0720CDE9000400231A
:101590002A4627A129480FF0C1F829A006F0B4FD7A
:1015A0000420CDE90004002380222CA12F480FF055
:1015B000B5F82FA006F0A8FD0320CDE90004002314
:1015C0006A0031A133480FF0A9F833A006F09CFD62
:1015D00036A006F099FDBDE87C400EF03FBF00004C
:1015E0005461736B205370656564000087060108C1
:1015F000737461727420765461736B5F53706565A8
:10160000640A00005461736B20436F6E74726F6CD8
:1016100000000000D50501087374617274207654CF
:1016200061736B5F436F6E74726F6C0A0000000031
:101630005461736B205265706F7274003905010834
:10164000737461727420765461736B5F4175746F4B
:101650005F5265706F72740A000000005461736B12
:10166000204170705F48616E646C6500050501087B
:10167000737461727420765461736B5F4170705F34
:1016800048616E646C650A005461736B204D50555F
:1016900000000000410601087374617274207654E2
:1016A00061736B5F494D550A0000000073746172ED
:1016B0007420765461736B537461727453636865FC
:1016C00064756C65720A000010B5642000F000F9C2
:1016D000002000F01DFD012003F0C6FB64224FF442
:1016E000FA61FE2005F02CFDBDE8104003F08ABD34
:1016F00070B5044603F022F900261B4D06280AD0D7
:1017000000F03DF8A0421EDAE868401CE8601428AA
:1017100028DD022070BD00F032F8A04206DAE86849
:10172000401CE86014281DDD022070BD00F01EF88A
:10173000A04206DDE868401CE860142812DD0020A5
:1017400070BDEE600EE000F011F8A04209DD413CF2
:10175000152C07D3E868401CE860142802DD00203F
:1017600070BDEE60012070BD4000002010B503F098
:10177000E5F8062801D0602010BD412010BD10B54D
:1017800003F0DCF8062801D0822010BD552010BDE2
:1017900070B50646214CA088401C80B2A0800A2863
:1017A00008D300F04FF80025A58028B1022813D0F7
:1017B00000F0ECF9207870BD304600F07BF9A0789D
:1017C00030B1A57001231A46022115A003F0CAFC0E
:1017D000012003F049FBEDE7304600F09DF9A078C9
:1017E000C0B1A5700021084607F026FF0023FF21A5
:1017F0001A46084604F0DEF804F03CF90023012202
:1018000002210AA003F0AEFC01230022032109A05B
:1018100003F0A8FC012003F027FBCBE740000020E9
:1018200042617474657279204C6F77004261747400
:10183000657279004F76657220566F6C74616765CA
:101840000000000010B50A4C607801280ED1FFF7A7
:10185000C5FD0849FEF7F1FDFFF736F8A060FFF778
:1018600047FF6070012801D000202070607810BD13
:1018700040000020000020410148806870470000BF
:101880004000002038B50121102003F0C3FF2020C4
:10189000ADF8000010208DF8030003208DF8020041
:1018A000044C6946204601F0FFFD2021204601F04E
:1018B00086FE38BD001001400148007870470000E6
:1018C00032010020014840887047000032010020AA
:1018D00070B50446164D012C10D0DCB10A2C25D36E
:1018E000022000F027F80A20B4FBF0F000F028F8FE
:1018F0002846BDE87040202101F061BE012000F0C3
:1019000019F8002000F01CF82846BDE8704020219E
:1019100001F055BE002000F00DF8002000F010F896
:101920002846BDE87040202101F047BE70BD000090
:10193000001001400149087070470000320100208A
:1019400001494880704700003201002010B5FFF7C0
:10195000B3FF022806D1FFF7B5FF20B10648418842
:10196000491E418010BD2021044801F026FEBDE83B
:1019700010400020FFF7DEBF3201002000100140C0
:101980000148807870470000280100200148407815
:10199000704700002801002010B508F05BFC4FF4F0
:1019A000A06003F0D5FB4FF4612005F061F901233D
:1019B000052203211DA006F0A7FB24A226A129A031
:1019C00006F0A2FB2F4805F0E7F94FF4E13005F0EF
:1019D0004DFA012000F05AF802F0D2F802F0ECF8CB
:1019E000FFF750FF02F0BAF8FFF710FD322008F0C1
:1019F0003FFC2021244801F0E0FD00F071F903F0E4
:101A0000D1FF02F0F5F800214FF4616003F06EFAA7
:101A100000F08CFD642000F097F904F07FFD03F0E6
:101A200013FEBDE8104002F045B800000A46697296
:101A30006D776172652056657273696F6E3A2056D4
:101A400025642E25642E25640A00000032303A30C9
:101A5000303A3331000000004A756E2032382032AF
:101A6000303235004669726D7761726520436F6D63
:101A700070696C65643A2025732C2025730D0A0A61
:101A800000000000A0860100001001404106074848
:101A9000826942F0010282610548426822F0E062F8
:101AA000426042680A4342607047000000100240F2
:101AB000000001402DE9F041144C4FF4005677101E
:101AC0002279DFF84C80134D002A10D018B1202164
:101AD000284601F074FD3146284601F070FD394674
:101AE000404601F06CFD00202071BDE8F08120210E
:101AF000284601F062FD3146284601F05EFD394678
:101B0000404601F05AFD01202071EEE72801002037
:101B100000080140001001402DE9F047184C6179A0
:101B2000491CC9B26171052917D9A179DFF8549010
:101B3000154E4FF400574FF48058002579B12021FD
:101B4000304601F03AFD3946304601F036FD414657
:101B5000484601F032FDA5716571BDE8F08718B106
:101B60002021304601F02BFD3946304601F027FD9B
:101B70004146484601F023FD0120A071ECE700003A
:101B80002801002000080140001001401049C878D9
:101B9000401CC0B2C8701E2801D30020C870CA788B
:101BA0000C48531E4FF40051032B01D201F007BD26
:101BB000131F032B01D201F000BDD31F032B01D251
:101BC00001F0FDBC0A3A032A01D201F0F6BC7047CD
:101BD000280100200010014010B5074C20212046AC
:101BE00001F0EDFC4FF47A7008F042FB2046BDE8AE
:101BF0001040202101F0E1BC0010014010B502F0BE
:101C0000D1FA02F063F90A2008F032FB00248022A6
:101C10006B21682002F060FC642008F029FB0022A0
:101C20006B21682002F058FC7521682002F0BEFB91
:101C3000712807D00A2008F01BFB641C032CE6DB8C
:101C4000002010BD012010BD07A006F05DFA0120A4
:101C500080F3138808480168084A01F4E0611143E1
:101C60000160BFF34F8FFEE70D0A52657365742064
:101C70004D43550D0A0000000CED00E00400FA058C
:101C80001CB50020009001900021FF208DF800007D
:101C9000FB208DF8010005208DF8020051228DF8FF
:101CA000032003228DF804208DF8050002206A46E7
:101CB000135C1944C9B2401CC0B20628F8D38DF891
:101CC00006100721684605F02DF81CBD0349C0B277
:101CD0004870022801D90020487070472801002070
:101CE00010B5FFF78BFF0F49887001460EA006F074
:101CF0000BFAFFF745FE01280AD101F0A9FF38B120
:101D00000DA006F001FA03F03DFAFFF765FFFEE7CC
:101D1000FFF736FE002803D1BDE8104004F0A8B854
:101D200010BD000028010020494D552054797065F0
:101D30003A25640A000000004D50555F494E495451
:101D4000204552524F520A003EB5054600F0C8F8F1
:101D5000124C204600F024F8684600F05FFA00209C
:101D60008DF806008DF8070002908DF802008DF8BE
:101D7000030005208DF8040001208DF80500284699
:101D800000F0DEF8ADF800006946204600F0F4F8F7
:101D900000F08CF800F080F93EBD000000640040C7
:101DA00010B50C4988420AD101214C06204603F0A7
:101DB00023FD2046BDE81040002103F01DBD012198
:101DC0008C06204603F018FD2046BDE81040002197
:101DD00003F012BD00640040F0B5827A0121914009
:101DE000304C226842F0010222602E4D1C352A68D8
:101DF0008A432A602B4A067B0C322B4B002E14D1CF
:101E000016688E4316604688C78846EA0746877A72
:101E100003EBC707C7F840660688878846EA074687
:101E2000877A03EBC707C7F84466067B012E14D1F7
:101E300016680E4316604288068842EA0642867A91
:101E400003EBC606C6F84026C288868842EA0642E8
:101E5000867A03EBC603C3F84426124AC37A121DDE
:101E60003BB113680B4313600E4A0389143223B14C
:101E700006E013688B431360F6E713688B43136027
:101E80000389012B02D113680B431360407B0128A7
:101E900002D1286808432860206820F001002060F3
:101EA000F0BD000000660040006000401FB500204B
:101EB0008DF80A008DF80B0001218DF80C10ADF89B
:101EC0000000ADF80200ADF80400ADF80600ADF872
:101ED00008008DF80D106846FFF77EFF1FBD00005B
:101EE00038B50121480603F079FC0121084603F0CA
:101EF00091FC0121082003F08DFC01214FF4EA1030
:101F000001F026FB4FF48070ADF8000048208DF8FA
:101F1000030003248DF80240084D6946284601F06D
:101F2000C3FA6915ADF8001018218DF803108DF86B
:101F300002406946284601F0B7FA38BD000C01405E
:101F400001460420502900D10520322900D1082063
:101F5000192900D110200A2900D12820052900D1F3
:101F600050207047002A03D042690A4342617047FB
:101F700042698A434261704710B50022036823F02A
:101F800002030360036843F0010303604FF6FF732D
:101F900000E0521C4468E40701D19A42F9D142683A
:101FA000D2073ED08A79012A3DD0026822F0800211
:101FB0000260CA79012A3BD0026822F04002026026
:101FC0000A7A012A39D0026822F0200202604A7A95
:101FD000012A37D0026822F0100202608A7A012AB0
:101FE00035D0026822F008020260CA7A012A33D092
:101FF000026822F0040202608A78CC78920742EAF2
:1020000004620C7942EA04424C79098842EA04529B
:10201000491E0A43C261016821F0010101600021EB
:1020200020E0002010BD026842F080020260C0E79C
:10203000026842F040020260C2E7026842F02002F9
:102040000260C4E7026842F010020260C6E702685C
:1020500042F008020260C8E7026842F0040202602F
:10206000CAE7491C4268D20701D09942F9D14068B9
:10207000C00701D0002010BD012010BD0246002085
:10208000002905D0012902D1106900F00300704732
:10209000D06800F00300704708B50122022109480A
:1020A000FFF760FF14208DF8000002208DF801007A
:1020B00001208DF802008DF80300684603F016F841
:1020C00008BD0000006400401CB50178C4790022FE
:1020D000FC291CD10121435C1A44D2B2491C0729B6
:1020E000F9DBA24213D1427881788DF80010C178D3
:1020F0008DF8011001798DF8021041798DF80310E7
:1021000080798DF804006946104605F05DFB1CBD22
:102110000449002802D00120087070470020087090
:10212000704700005601002010B500EB0113D3F8F2
:10213000B04104F004041472002C2CD0D3F8B04148
:10214000E408546003F5D8731C6804F00204547268
:102150005C6804F00F0494725C68240AD4749C6870
:10216000D4729C68240A14739C68240C54739C6871
:10217000240E9473DC68D473DC68240A1474DC685D
:10218000240C5474DB681B0E937449B1016941F04F
:102190002001016110BDD3F8B041640D1460D1E796
:1021A000C16841F02001C16010BD000070B586B06B
:1021B0000446184E00213046FFF760FF01004FF043
:1021C000000021D001908DF80C0008218DF80E1030
:1021D000002101AD6A18D072491C0829FADB01AA56
:1021E00000213046FFF7A0FF00216818C07A605434
:1021F000491C0829F9DB08480078002802D0322061
:10220000FFF766FB06B070BD00216054491C082929
:10221000FBDBF7E7006400405601002000218171DC
:10222000C171017241728172C1728170C1700321EA
:1022300001710221417101210180704710B5002018
:10224000064C0021064BE27902E01954401CC0B252
:102250009042FAD3E171A17110BD0000000000208E
:10226000B4030020C10002D502490860704702494A
:10227000486070470404024000000240002904D076
:10228000016841F001010160704701684FF6FE727C
:10229000114001607047000001684FF6FE72114066
:1022A00001600021016041608160C1603649364AA9
:1022B0000839904204D1486840F00F0048607047E8
:1022C000314A1432904204D1486840F0F00048602E
:1022D00070472D4A2832904204D1486840F470601B
:1022E00048607047284A3C32904204D1486840F424
:1022F000704048607047244A5032904204D1486888
:1023000040F47020486070471F4A6432904204D104
:10231000486840F47000486070471B4A7832904229
:1023200004D1486840F0706048607047174A111F38
:10233000904204D1086840F00F0008607047134ACB
:102340001432904204D1086840F0F00008607047F1
:102350000E4A2832904204D1086840F47060086048
:1023600070470A4A3C32904204D1086840F47040F9
:1023700008607047054A50329042FAD1086840F42C
:102380007020086070470000080002400804024006
:10239000406880B27047000002460020D10002D59C
:1023A0000449096801E004490968114200D001208C
:1023B00070470000000402400000024030B502688F
:1023C00047F6F0739A430C6A8B682343D1E90445BE
:1023D0002C4323438C692343CC6923434C6A234316
:1023E0008C6A234313430360CA6842600A688260B0
:1023F0004968C16030BD4160704701B508E0002008
:10240000401CC0B20A28FBD39DF80000401E00907B
:102410009DF800000028F2D108BD000030B403464A
:102420000020A3F57F44FF3C11D040F265404343B8
:102430004FF47A704843B3FBF0F0064B414323F866
:102440001210401E01B230BC104608F04FBB30BC29
:10245000704700004456002010B5102000F010F81E
:10246000012806D109F0C6F9BDE81040102000F09F
:1024700001B810BD01490860704700001404014014
:1024800001460020054A12680A40044B14331B68B9
:102490000B4202D0002A00D0012070470004014006
:1024A00030B51B4A83790168002B2AD013688B430F
:1024B0001360111D0B680468A3430B60017911447C
:1024C0000B68046823430B60114C083421680368CF
:1024D00099432160231D19680568A9431960417952
:1024E000102905D011440A68006802430A6030BD13
:1024F000216802681143216019680068014319606E
:1025000030BD0079104402688A43026030BD00008B
:102510000004014004490A6802604A6842608A680F
:102520008260C968C16070473801002010B500F0B2
:1025300009F800F0D5F800F035F9BDE8104000F0DA
:102540006DB8000010B588B00120FFF79FFA012197
:10255000084603F05FF901212D4800F0F9FF012141
:10256000084603F03BF90121042003F053F94FF42E
:102570000040ADF8040004248DF8074001A9254867
:1025800000F092FF0121082003F044F90820ADF883
:1025900004008DF8074001A91F4800F085FF05A839
:1025A00004F01AFB0020ADF814004FF6FF71ADF8EF
:1025B0001810ADF81A00ADF81600240705A920463A
:1025C00004F0BCFA00231A460321204604F0FCF86C
:1025D00002A804F065F90A21ADF8101002A92046FE
:1025E00004F018F90121204603F0C6FF012211462C
:1025F000204604F05DF90021204604F074FA47F605
:10260000FF71A1840121204603F0BCFF08B010BD7A
:102610000001180000080140000C014030B587B0EF
:102620000121022003F0DAF80121042003F0F2F87E
:102630008020ADF8000004248DF80340264D694643
:10264000284600F031FF0121042003F0E3F8402187
:10265000ADF800108DF803406946284600F024FFCD
:1026600004A804F0B9FA0020ADF810004FF6FF718D
:10267000ADF81410ADF81600ADF81200174C04A90F
:10268000204604F05BFA00231A460321204604F09A
:102690009BF801A804F004F90A21ADF80C1001A977
:1026A000204604F0B7F80121204603F065FF01221F
:1026B0001146204604F0FCF80021204604F013FAED
:1026C000064A47F6FF71243211800121204603F0AB
:1026D00059FF07B030BD0000000801400004004071
:1026E00030B587B00121042003F078F801210820DB
:1026F00003F090F88020ADF8000004248DF803402A
:10270000264D6946284600F0CFFE0121082003F03F
:1027100081F84021ADF800108DF803406946284645
:1027200000F0C2FE04A804F057FA0020ADF8100033
:102730004FF6FF71ADF81410ADF81600ADF81200A9
:10274000174C04A9204604F0F9F900231A46032186
:10275000204604F039F801A804F0A2F80A21ADF8E7
:102760000C1001A9204604F055F80121204603F081
:1027700003FF01221146204604F09AF8002120466A
:1027800004F0B1F9064A47F6FF71243211800121A5
:10279000204603F0F7FE07B030BD0000000C0140FA
:1027A0000008004030B587B00121082003F016F87A
:1027B0000121042003F02EF80120ADF800000424CC
:1027C0008DF80340264D6946284600F06DFE012134
:1027D000042003F01FF80221ADF800108DF803402B
:1027E0006946284600F060FE04A804F0F5F90020D0
:1027F000ADF810004FF6FF71ADF81410ADF81600EB
:10280000ADF81200174C04A9204604F097F90023F4
:102810001A460321204603F0D7FF01A804F040F830
:102820000A21ADF80C1001A9204603F0F3FF0121A5
:10283000204603F0A1FE01221146204604F038F89C
:102840000021204604F04FF9064A47F6FF71243272
:1028500011800121204603F095FE07B030BD000035
:1028600000080140000C00400146002047F6FF72BE
:1028700000290BD0012910D0022914D0032904D13A
:102880000C490888101A00B20A8070474FF0804146
:10289000888C101A00B28A84704707490888101A79
:1028A00000B20A80704705490888101A00B20A80F1
:1028B000704700002404004024080040240C00401D
:1028C00000B587B0182101A8FDF747FD0021FF20C2
:1028D0008DF80400FB208DF8050013208DF806000C
:1028E0000D208DF80700214A10688DF80800030AB2
:1028F0008DF80930030C8DF80A30000E8DF80B00AE
:1029000050688DF80C00030A8DF80D30030C8DF81B
:102910000E30000E8DF80F0090688DF81000030A3D
:102920008DF81130030C8DF81230000E8DF8130065
:10293000D0688DF81400020A8DF81520020C8DF86D
:102940001620000E8DF81700022001AA135C19440E
:10295000C9B2401CC0B21428F8D38DF81810152144
:1029600001A804F0DFF907B000BD00003801002025
:1029700010B501F0E3FF294C02281CD001F0DEFF66
:10298000062831D00020FFF76FFF2168084420603F
:102990000120FFF769FF6168081A60600220FFF7F5
:1029A00063FFA168081AA0600320FFF75DFFE168DC
:1029B0000844E06010BD0020FFF756FF2168081AA8
:1029C00020600120FFF750FF61680844606002202A
:1029D000FFF74AFFA1680844A0600320FFF744FF07
:1029E000E168081AE06010BD0020FFF73DFF216894
:1029F000081A20600120FFF737FF61680844606013
:102A00000220FFF731FFA1680844A0600320FFF710
:102A10002BFFE168081AE06010BD000038010020BB
:102A200010B500F031F90446B42C03D95A242046DD
:102A300000F086FA2046BDE810400021FEF780BB7A
:102A40002DE9F04186B0134802AC90E80E00C06852
:102A50000EC40590002400264FF47A6802AF019658
:102A6000651CE8B201A900F02DF9BDF8040040454D
:102A700004D900F019FA37F815000190E8B2BDF852
:102A8000041004F033FD641C062CE8DB06B0BDE83E
:102A9000F08100005009010810B500F03DF9A0F5E3
:102AA0007F41FF3900D10120BDE8104003F0B4BBE5
:102AB00010B500F04FF9C0B2BDE8104002F068B99F
:102AC00070B5054645F6FF76304600F0EBFA002873
:102AD00012D10A4C206940F0020020616561206932
:102AE00040F040002061304600F0DCFA012803D0BD
:102AF000216921F00201216170BD00000020024027
:102B00000748C068C10701D001207047410701D5BF
:102B100002207047C00601D503207047002070478F
:102B20000020024010B500F069F9A0F52A4155399E
:102B300001D000F0D7F9FFF773FFFFF7B9FFFFF7F8
:102B4000ABFF00F00DF8BDE81040FFF779BF0000C3
:102B50000248016941F08001016170470020024094
:102B60002DE9F04188B04FF00008CDF81C80CDF879
:102B70001880CDF8148005AB06AA07A9042000F040
:102B800007F90598FDF7ECFE04460D460698FDF79B
:102B9000E7FE06460F460798FDF7E2FE02460B46A3
:102BA00022A0CDE90067CDE9024505F0ADFA264C3B
:102BB0000798264DA04205DC0698A04202DC059845
:102BC000A04208DD224907912A460695214B05932C
:102BD000042000F0FFF9DDE905320420079902F036
:102BE0006BFCCDF81C80CDF81880CDF8148005AAB8
:102BF00006A907A800F022F90798A04205DC06986C
:102C0000A04202DC0598A04208DD13480790CDF8E9
:102C100018802A460595002100F012FADDE9052109
:102C2000079802F0D5FC08B0BDE8F0814652656116
:102C300064205049443A252E33662C20252E3366D5
:102C40002C20252E33660A0000002041CDCCCC3D3F
:102C50009A99993E0AD7233CCDCCCC3E2DE9F04140
:102C600005460E461746002407E0284600F009F8FE
:102C700026F81400AD1C641CA4B2BC42F5D3BDE818
:102C8000F08100887047000008B54FF6FF70009093
:102C9000012269460548FFF7E1FFBDF8001004A0D6
:102CA00005F032FABDF8000008BD000070C003084E
:102CB000465265616420414B4D20416E676C653A18
:102CC00025640A0038B504460D4600200090601EB9
:102CD000052806D86000084B012269461844FFF712
:102CE000BDFFBDF800002880BDF80020214603A0EC
:102CF00005F00AFA38BD000050C00308465265616D
:102D0000642041524D204D656469616E3A25642C02
:102D10002025640A0000000008B54FF6FF700090FF
:102D2000012269460548FFF799FFBDF8001004A08D
:102D300005F0EAF9BDF8000008BD000006C0030870
:102D40004652656164207265706F72743A25640A38
:102D50000000000008B54FF6FF70009001226946A0
:102D60000548FFF77BFFBDF8001004A005F0CCF983
:102D7000BDF8000008BD000004C0030846526561AC
:102D80006420636172547970653A25640A0000001A
:102D90002DE9FC410F4616461D460020009001908B
:102DA000032269461348FFF759FFBDF80000FDF7FD
:102DB0007EFD114C00222346FDF7D4FCFDF714FEE6
:102DC0003860BDF80200FDF772FD00222346FDF7D2
:102DD000C9FCFDF709FE3060BDF80400FDF767FD92
:102DE00000222346FDF7BEFCFDF7FEFD2860BDE88E
:102DF000FC81000030C0030800408F4008B54FF64A
:102E0000FF700090012269460548FFF727FFBDF8D3
:102E1000001004A005F078F9BDF8000008BD00001E
:102E200002C00308465265616420496E69742056E9
:102E3000616C75653A307825580A00002DE9FC412F
:102E400007460E4615460020009001900322694671
:102E50001348FFF703FFBDF80000FDF728FD114CF4
:102E600000222346FDF77EFCFDF7BEFD3860BDF86D
:102E70000200FDF71CFD00222346FDF773FCFDF761
:102E8000B3FD3060BDF80400FDF711FD00222346BC
:102E9000FDF768FCFDF7A8FD2860BDE8FC81000097
:102EA00020C0030800408F407FB50C48D0E90523BF
:102EB0000169C0698DE80E00039007226946084841
:102EC00000F004F900246D46601C35F81010C0B203
:102ED00004F00CFB641C062CF6DB7FBD50090108D6
:102EE00050C0030838B5002000F0A0F8012000F021
:102EF0004DF80F4C0D4B22460E49042000F06AF8A5
:102F0000224600210C4800F09BF8FFF7CDFF01207E
:102F100000F050F85A2000F013F84AF655200090BF
:102F200001226946054800F0D1F838BD0AD7233C94
:102F3000CDCCCC3D9A99993ECDCCCC3E02C0030875
:102F400008B50090FFF7A0FEBDF80010884204D03D
:102F500001226946014800F0B9F808BD70C00308B5
:102F600038B504460D46601E05280BD80095600054
:102F7000054B01226946184400F0A8F8294620466E
:102F800004F0B4FA38BD000050C0030838B5044658
:102F900000200090FFF7C0FEA04207D00CB1012036
:102FA000009001226946024800F090F838BD000008
:102FB00006C0030808B50090FFF7CCFEBDF800106E
:102FC000884204D001226946014800F07FF808BD1C
:102FD00004C003082DE9FC410F4616461C46042890
:102FE0001DD8104D38462946FDF727FAFDF785FC18
:102FF000ADF8000029463046FDF71FFAFDF77DFCCD
:10300000ADF8020029462046FDF717FAFDF775FCDA
:10301000ADF8040003226946034800F057F8BDE804
:10302000FC81000000007A4430C0030808B500901D
:1030300001226946014800F049F808BD00C00308B4
:103040007CB50E4615460F4C2146FDF7F6F9FDF707
:1030500054FCADF8000021463046FDF7EEF9FDF7CF
:103060004CFCADF8020021462846FDF7E6F9FDF7D5
:1030700044FCADF8040003226946034800F026F83A
:103080007CBD000000007A4420C0030803480249C8
:1030900041600349416070472301674500200240B9
:1030A000AB89EFCD10B50446FFF72AFD012808D102
:1030B0000021491CC9B20A29FBD3641EA4B2002C0A
:1030C000F2D1002C00D1FF2010BD00002DE9F05FEF
:1030D00082460F461546AAF10064B4F5802F53D2FC
:1030E000FFF7D4FF4FEAD428C4F34906C6F580643D
:1030F000A54200D82C46DFF894B038E032183BF8EF
:1031000012208A4203D1401C80B2A042F6D3A042D2
:1031100014D24846FFF7D4FC002006E0821937F8A5
:1031200010102BF81210401C80B2A042F6D3484673
:103130004FF48062154900F045F804E02246394614
:10314000504600F03FF8A54203D1BDE8F05FFFF71D
:10315000FFBC08F10108002607EB44070AEB440A0C
:10316000281B85B24FF48064A54200D82C464FF04E
:10317000006000EBC829421404494846FFF76EFD81
:1031800000204FF6FF71C0E7BDE8F09FD405002096
:1031900070B506460D46FF20FFF784FF00280ED1CC
:1031A000074C206940F0010020613580FF20FFF7C7
:1031B00079FF012803D0216921F00101216170BD4F
:1031C000002002402DE9F04105460E461746002436
:1031D00007E036F814102846FFF7DAFFAD1C641C30
:1031E000A4B2BC42F5D3BDE8F08100002DE9F04166
:1031F0000546904601F07EFB07462846FDF738FB62
:10320000294C064660604046FDF732FB2749FDF732
:1032100046F93946FDF711F90746A06055EA080559
:103220003CD039463046FDF702F9FDF74DFBE06032
:103230000546206139463046FDF7A7F8FDF744FB07
:1032400060610146A0614FF47A72954200DDE26050
:103250001748E368834200DAE060954200DD2261AE
:103260002369834200DA2061914200DD6261636973
:10327000834200DA6061914200DDA261A16981426E
:1032800000DAA061208B03B2A08A02B2208A01B2C8
:10329000A089BDE8F04100B201F0A6BDBDE8F04153
:1032A000012001F0E1BD0000E400002000007A44AC
:1032B00018FCFFFF70B503460C46164634480480E0
:1032C00000216508082B61D2DFE803F0040D182403
:1032D000303E4B5A01800CB1012000E00020BDE8D7
:1032E000704001F0C1BD304601F09CFD334620B274
:1032F000BDE8704000221146FFF778BF304601F06C
:1033000091FD002260423346BDE87040114600B294
:10331000FFF76CBF002001F085FD600002B233466C
:103320002846BDE870400021FFF760BF002001F093
:1033300079FDC4EBC430400002B233462846BDE8F4
:1033400070400021FFF752BF002001F06BFD04EB3D
:103350008400BDE87040002302B219461846FFF70A
:1033600045BF002001F05EFD04EB8400C0EB04408B
:10337000BDE87040002302B219461846FFF736BF79
:103380000180BDE87040012001F06EBD018070BD7C
:10339000E400002070B502F0C3F804461A4D2888F6
:1033A000FDF76FFA2146FDF748F8FDF78DFAE86161
:1033B000E9680C1A2969091A6A690244AB69184458
:1033C0004FF47A739C4200DD1C46104DAC4200DA8B
:1033D0002C46994200DD1946A94200DA29469A4254
:1033E00000DD1A46AA4200DA2A46984200DD184655
:1033F000A84200DA284603B220B2BDE8704012B2FB
:1034000009B201F0F1BC0000E400002018FCFFFF4D
:1034100010B58A07120F0F23934021F003040549CA
:1034200021448C689C438C608B68904003438B6084
:1034300010BD0000000001401FB50121042002F072
:10344000E9F90121084602F0E5F904208DF80F00A2
:1034500003208DF80E001024ADF80C4003A911488C
:1034600000F022F804210020FFF7D2FF0094002092
:103470008DF8040008208DF8050001248DF8064021
:103480006846FFF70DF80A208DF8080002208DF835
:1034900009008DF80A408DF80B4002A801F026FEC5
:1034A0001FBD0000000801402DE9F0410022CC784A
:1034B00004F00F03E40601D58C7823430C784FF019
:1034C0000F0714F0FF0F4FF0010C1CD005680CFA29
:1034D00002F40E882640A64211D1960007FA06F89B
:1034E00025EA080503FA06F848EA0505CE78282EED
:1034F00002D0482E02D002E0446100E00461521C78
:10350000082AE4D305600A88FF2A1ED945680022EC
:1035100002F108060CFA06F40E882640A64210D1E5
:10352000960007FA06F825EA080503FA06F848EABD
:103530000505CE78282E00D14461CE78482E00D1E2
:103540000461521C082AE3D34560BDE8F081000005
:10355000F0B5154C002801DAE36900E06368C0F3B8
:103560000346420D120185B2C0F301579540032F67
:1035700007D0C2020CD50322B240934343F07062DD
:1035800009E023F07062636823F07063636002E017
:10359000AB4343F0706201B12A43002801DAE261D3
:1035A000F0BD6260F0BD0000000001400246002056
:1035B00092680A4200D00120704741617047016162
:1035C000704700000148807970470000000000202B
:1035D0000148C07970470000000000200148807851
:1035E000704700000000002000487047B40300202E
:1035F00034220149FCF78ABEAC540020014800780F
:1036000070470000E80100200148C06A70470000D0
:103610006855002010B50A48017B012907D1002117
:10362000017307F0CFFA06488830FFF7E1FF05483D
:10363000D0E90012491C42F1000206C010BD000092
:10364000E054002068020020FEB5002000900190A8
:1036500002900024FF208DF80000FB208DF801006F
:1036600009208DF802000C208DF80300194D1A4E28
:103670003146686AFCF7E1FEFDF726F98DF8040093
:10368000000A8DF805003146A86AFCF7D6FEFDF762
:103690001BF98DF80600000A8DF807003146E86A2C
:1036A000FCF7CBFEFDF710F98DF80800000A8DF845
:1036B0000900022069460A5C2244D4B2401CC0B210
:1036C0000A28F8D38DF80A400B21684603F02AFB3C
:1036D000FEBD00006855002000401C4670B586B055
:1036E00018216846FCF739FE0024FF208DF8000001
:1036F000FB208DF8010015208DF802000E208DF8BA
:1037000003003B4D3B4E3146E868FCF796FEFDF763
:10371000DBF88DF80400000A8DF8050031462869B1
:10372000FCF78BFEFDF7D0F88DF80600000A8DF847
:10373000070031466869FCF780FEFDF7C5F88DF893
:103740000800000A8DF8090031462868FCF775FE6C
:10375000FDF7BAF88DF80A00000A8DF80B00314623
:103760006868FCF76AFEFDF7AFF88DF80C00000AF8
:103770008DF80D003146A868FCF75FFEFDF7A4F850
:103780008DF80E00000A8DF80F003146A869FCF78D
:1037900054FEFDF799F88DF81000000A8DF811001D
:1037A0003146E869FCF749FEFDF78EF88DF8120006
:1037B000000A8DF813003146286AFCF73EFEFDF73B
:1037C00083F88DF81400000A8DF815000220694670
:1037D0000A5C2244D4B2401CC0B21628F8D38DF83B
:1037E00016401721684603F09DFA06B070BD000030
:1037F0006855002000007A442DE9FC41002601961E
:1038000001AA01217F200AF0D9F905468020019004
:1038100001AA012106200AF0D1F940EA050464203A
:1038200006F026FD019601AA01217F200AF0C6F9C3
:1038300040EA04056A46012100200AF09BF940EAAB
:1038400005069DF80010EA2905D04BA004F05CFCA9
:103850000120BDE8FC814E4C607810B14DA004F011
:1038600053FC4B480021A0300AF0E2FA002101206D
:1038700008F0BCFE40EA060525B1607810B14AA008
:1038800004F042FC24200AF039FE40EA050626B185
:10389000607810B14EA004F037FC0CF011F95148DB
:1038A00006F0EFFF40EA060525B1607810B14EA0A2
:1038B00004F02AFC06F078FE40EA050626B160789E
:1038C00010B14FA004F020FC464F103F386880F044
:1038D0000100386000F00101012008F05DFB40EAC2
:1038E000060525B1607810B14BA004F00DFC3868D6
:1038F00080F002003860C0F34001042008F04CFB67
:1039000040EA050626B1607810B14AA004F0FCFB3D
:10391000386880F0080038600121022008F03CFB84
:10392000386880F040003860C0F380110F2008F044
:1039300033FB09F0B9FE40EA060525B1607810B105
:1039400043A004F0E1FB4B4820640CF01DFA40EA70
:1039500005062EB1607840B147A004F0D5FB04E025
:10396000607810B14AA004F0CFFBFFF765FD01209D
:10397000207030466DE7000057484F5F414D5F496A
:10398000204552524F523A3078253032580A0000C2
:10399000E801002061646472657373203D20307813
:1039A000253032580D0A0000696E765F696E6974C1
:1039B00069616C697A655F6C6F7765725F64726963
:1039C000766572206572726F722E0D0A000000001B
:1039D000636F6D706173735F6964206572726F727B
:1039E0002E0D0A00F0540020646D705F7365745FE3
:1039F00062696173206572726F722E0D0A00000099
:103A0000646D705F72657365745F6669666F20656B
:103A100072726F722E0D0A00696E765F656E61625A
:103A20006C655F73656E736F7231206572726F7251
:103A30002E0D0A00696E765F656E61626C655F735C
:103A4000656E736F7232206572726F722E0D0A008E
:103A5000696E765F72657365745F646D705F6F64C5
:103A6000725F636F756E74657273206572726F72C8
:103A70002E0D0A000000CC42436F756C64206E6FFF
:103A80007420696E697469616C697A652E0D0A002B
:103A900049434D323039343820496E697469616C5C
:103AA000697A652053756365737366756C2E2E2E67
:103AB0000D0A0000F8B50121102001F0ABFE08202E
:103AC000ADF8000048248DF803401D4E694630468D
:103AD000FFF7EAFC0121102001F09CFE0420ADF864
:103AE00000008DF8034069463046FFF7DDFC0121F8
:103AF000102001F08FFE0220ADF8000010258DF897
:103B0000035003248DF8024069463046FFF7CCFC91
:103B100002213046FFF753FD0121102001F07AFE0B
:103B20000121ADF800108DF803508DF80240694670
:103B30003046FFF7B9FC01213046FFF740FDF8BDE4
:103B40000010014010B504210348FFF72FFD08B114
:103B5000002010BD012010BD0014014008B5012156
:103B6000202001F057FE0420ADF8000048208DF819
:103B7000030069460148FFF797FC08BD00140140A7
:103B800038B50121102001F045FE4FF40054ADF886
:103B9000004010208DF8030003208DF80200054D31
:103BA00069462846FFF780FC21462846FFF707FDB7
:103BB00038BD00000010014038B50121042001F09B
:103BC00029FE4FF48054ADF8004010208DF803001A
:103BD00003208DF80200054D69462846FFF764FC76
:103BE00021462846FFF7EBFC38BD000000080140E5
:103BF0002DE9F04399B0602213496846FCF786FB33
:103C000000246F464FF003084FF0180904EB4405F9
:103C100007EB85060121B06801F0FCFDB088ADF826
:103C200060008DF862808DF8639057F8250018A920
:103C3000FFF73AFC641C082CE8DB04490F200870ED
:103C400019B0BDE8F08300007809010836010020B2
:103C500070B5002400F056F9014641B1641CE4B28D
:103C60000EA004F051FA052C14D9012070BD13A048
:103C700004F04AFA174D184C4FF47A7605E0A81D67
:103C800000F0ECF90A2000F0B9F96068B042F6DB08
:103C9000002070BDC82000F0B1F9DBE74D50553968
:103CA00032353020426173696320496E6974204562
:103CB00072726F723A25640A000000004D50553947
:103CC00032353020426173696320496E6974204F38
:103CD0004B0A0000C40F00206001002070B5184896
:103CE000184C406804F10C05B0F57A7F1DDBA01D6F
:103CF00000F0B4F9204600F090F9284600F0FEF9F3
:103D000011482188018061884180A1888180E188F3
:103D1000C18021890181618941810C4A0C4907F0E8
:103D200073FA0B488068E06170BDA01D00F096F941
:103D3000044800F072F92846BDE8704000F0DEB992
:103D400060010020C40F0020BC0500200AD7233CDE
:103D5000B00500203EB500200090019002900024A4
:103D6000FF208DF80000FB208DF8010009208DF860
:103D700002000C208DF8030000F0ECF9234D2946D9
:103D8000FCF75BFBFCF7A0FD8DF8040000F0E2F906
:103D90002946FCF752FBFCF797FD000A8DF8050059
:103DA00000F0D2F92946FCF748FBFCF78DFD8DF8B1
:103DB000060000F0C9F92946FCF73FFBFCF784FD3B
:103DC000000A8DF8070000F0CBF92946FCF735FB17
:103DD000FCF77AFD8DF8080000F0C2F92946FCF7DF
:103DE0002CFBFCF771FD000A8DF8090002206946E2
:103DF0000A5C2244D4B2401CC0B20A28F8D38DF821
:103E00000A400B21684602F08DFF3EBD00401C4673
:103E100000B587B0182101A8FCF79FFA0021FF2008
:103E20008DF80400FB208DF8050015208DF80600A4
:103E30000B208DF807002448C2888DF80820120A4C
:103E40008DF8092002898DF80A20120A8DF80B20BE
:103E500042898DF80C20120A8DF80D2002888DF809
:103E60000E20120A8DF80F2042888DF81020120AB9
:103E70008DF8112082888DF81220120A8DF81320F7
:103E800082898DF81420120A8DF81520C2898DF8C8
:103E90001620120A8DF81720008A8DF81800000AE3
:103EA0008DF81900022001AA135C1944C9B2401C04
:103EB000C0B21628F8D38DF81A10172101A802F005
:103EC00031FF07B000BD0000C40F002038B501214C
:103ED000082001F09FFC4FF48044ADF80040102012
:103EE0008DF8030003208DF80200054D6946284631
:103EF000FFF7DAFA21462846FFF75FFB38BD0000DE
:103F0000000C014010B5FFF7E1FF00F04BF90A206B
:103F100000F074F880226B21682000F0DDFA642044
:103F200000F06CF800226B21682000F0D5FA012027
:103F300000F09CFA002000F093FA322000F0B5FA6D
:103F400000223821682000F0C7FA00226A21682088
:103F500000F0C2FA00222321682000F0BDFA82227C
:103F60003721682000F0B8FA7521682000F01EFAA9
:103F70000446214615A004F0C7F8712C01D0012099
:103F800010BD01226B21682000F0A6FA00226C21EE
:103F9000682000F0A1FA322000F087FA00210C20FE
:103FA00000F004FA044621460EA004F0ADF8482CB7
:103FB00001D0022010BD11220A210C2000F08CFA41
:103FC0001E2000F01BF8002010BD00004D50553998
:103FD0003235302052442049443D30782530325823
:103FE0000A000000414B38393633205244204944FE
:103FF0003D3078253032580A0000000010B50446E4
:10400000FDF766FA20B12046BDE81040FDF75EBA24
:104010002046BDE8104006F02BB91CB504466B469F
:1040200006223B21682000F0E3F9002814D19DF816
:1040300001109DF8002041EA022121809DF8031023
:104040009DF8022041EA022161809DF805109DF84B
:10405000042041EA0221A1801CBD00007CB5044679
:104060006B4606224321682000F0C2F9F0BB2249CA
:1040700001F108024868B0F57A7F17DA401C486001
:104080009DF801009DF8001040EA012010809DF885
:1040900003009DF8021040EA012050809DF80500C1
:1040A0009DF8041040EA0120908023E09DF8010073
:1040B0009DF8001040EA01200F490E3108809DF85C
:1040C00003309DF8025043EA05234B809DF80530EC
:1040D0009DF8045043EA05238B801388C01A208082
:1040E00048885388C01A6080888800E002E0918880
:1040F000401AA08000207CBD600100207CB50446F1
:104100006B46062203210C2000F072F90546A5B982
:104110009DF800009DF8011040EA012020809DF8E4
:1041200002009DF8031040EA012060809DF8040021
:104130009DF8051040EA0120A08011220A210C20E0
:1041400000F0CAF928467CBD01488069704700002C
:10415000C40F00200148406970470000C40F0020D0
:104160000148C06970470000C40F002070B50B4CB7
:10417000002525600A48016821F07041016001684E
:1041800041F040510160A5600220FEF736F90120A0
:1041900020600220FEF731F9256070BDB481214214
:1041A000040C014038B50121082001F033FB4FF425
:1041B0002044ADF8004010208DF8030003208DF856
:1041C0000200054D69462846FFF76EF9214628464C
:1041D000FFF7F5F938BD0000000C014070B50B4C3D
:1041E000002525600A48016821F0704101600168DE
:1041F00041F0405101600126A6600220FEF7FDF863
:1042000026600220FEF7F9F8256070BDB4812142D6
:10421000040C01402DE9F04781460024164801684E
:1042200021F070410160016841F00041016000250A
:10423000124E00274FF00108C6F8B4710220FEF7B5
:10424000DCF8C6F8B4816006040ED6F83C0108B16B
:10425000641CE4B20120FEF7D0F86D1CEDB2082D0D
:10426000EAD3B9F1000F04D0FFF780FF2046BDE884
:10427000F087FFF7B3FFF9E7040C0140008021420B
:104280002DE9F04105461448016821F070410160B4
:10429000016841F040510160104E4FF00008C6F82F
:1042A000B48100240127E809C6F8BC016806050EA0
:1042B0000220FEF7A2F8C6F8B4710220FEF79DF8BE
:1042C000C6F8B4810220FEF798F8641CE4B2082C0A
:1042D000E9D3BDE8F0810000040C014000802142D8
:1042E00070B50B48016821F070410160016841F030
:1042F00040510160074C0120A06020600420FEF7BF
:104300007CF80025A5600420FEF777F8256070BDD5
:10431000040C0140B481214210B50C48016821F021
:1043200070410160016841F040510160084C00207B
:104330002060A0600420FEF760F801202060A060EB
:10434000BDE810400420FEF758B80000040C0140FE
:10435000B481214270B500241248016821F07041F7
:104360000160016841F0004101600F4D0126C5F870
:10437000BC610120FEF741F8C5F8B4610120FEF7E9
:104380003CF807E0641CE4B2FA2C03D9FFF7C4FF41
:10439000012070BDD5F83C010028F3D1C5F8B40167
:1043A00070BD0000040C01400080214270B504463D
:1043B0000D46FFF795FF6006000EFFF761FFFFF760
:1043C000C9FF2846FFF75CFFFFF7C4FFFFF788FF30
:1043D000012000EB4400C0B2FFF752FFFFF7BAFF25
:1043E0000020FFF717FF0446FFF796FF204670BD39
:1043F0002DE9F04106460F4615461C46FFF770FFB3
:104400007006000EFFF73CFFFFF7A4FF20B1FFF797
:1044100083FF0120BDE8F0813846FFF731FFFFF749
:1044200099FFFFF75DFF012000EB4600C0B2FFF7E8
:1044300027FFFFF78FFF08E0012D0CD00120FFF7C9
:10444000E9FE20706D1EEDB2641C002DF4D1FFF763
:1044500063FF0020DEE70020FFF7DCFE2070F1E7BD
:10446000C006020E1C21682000F036B8C006020EFD
:104470001B21682000F030B8BC2801D3012210E0D5
:10448000622801D302220CE02A2801D3032208E08B
:10449000142801D3042204E00A2801D3052200E0F5
:1044A00006221A21682000F017B810B504464FF410
:1044B0007A70844200D90446042C00D20424B0FB54
:1044C000F4F0401EC2B21921682000F005F860081F
:1044D000BDE81040FFF7D0BF70B504460D46164644
:1044E000FFF7FEFE6006000EFFF7CAFEFFF732FF81
:1044F00018B1FFF711FF012070BD2846FFF7C0FE7D
:10450000FFF728FF3046FFF7BBFEFFF723FF18B188
:10451000FFF702FF012070BDFFF7FEFE002070BD17
:10452000884201DA084670479042FCDD1046704729
:104530002DE9F04707460D46164600F0DBF98246A6
:104540006842FCF795F94B4C804660603846FCF7B2
:104550008FF98146A0607042FCF78AF94649FBF763
:104560009EFF5146FBF769FF8246E0602F433743C9
:1045700056D041464846FBF708FF05465146FBF733
:1045800004FFFCF7A1F9206141464846FBF74FFFC5
:1045900006465146FBF7F9FEFCF796F96061304696
:1045A0005146FBF744FFFCF78FF9A06128465146BE
:1045B000FBF73DFFFCF788F9E06100F0BFF9022846
:1045C00033D021694FF47A70814200DD20612B499C
:1045D00022698A4200DA21616269824200DD6061FB
:1045E00062698A4200DA6161A269824200DDA061EB
:1045F000A2698A4200DAA161E269824200DDE061DB
:10460000E069884200DAE161A08B03B2208B02B23C
:10461000A08A01B2208ABDE8F04700B200F0E4BBF6
:10462000BDE8F047012000F01FBC20694FF42F7156
:10463000884200DD216112482269824200DA20614D
:1046400062698A4200DD61616269824200DA60610A
:10465000A2698A4200DDA161A269824200DAA061FA
:10466000E2698A4200DDE161E1698142CCDAE06120
:10467000CAE700008800002000007A4418FCFFFF11
:1046800044FDFFFF2DE9F04106460C4690464046AA
:1046900000F0C8FB2C4F3C80614220B20DB2082EC6
:1046A0004FD2DFE806F0040E151D252D3A490020F3
:1046B00038800CB1012000E00020BDE8F04100F09E
:1046C000D3BB4346BDE8F04100221146FFF730BF9F
:1046D00043462846BDE8F04100221146FFF728BFB7
:1046E0004346BDE8F041002201461046FFF720BFD7
:1046F00043462946BDE8F04100221046FFF718BFA7
:10470000002000F08FFB04EB8400BDE8F0410023A3
:1047100002B219461846FFF70BBF002000F082FBDB
:1047200004EB8400C0EB0440BDE8F041002302B27A
:1047300019461846FFF7FCBEBDE8F041012000F025
:1047400093BBBDE8F0810000880000202DE9F04116
:1047500000F0E6FE04462A4F3888FCF792F821461E
:10476000FBF76BFEFCF7B0F8386239690C1A79690F
:104770000D1AB9690E18F9690F1800F0DFF8022850
:1047800022D04FF47A70844200DD04461D498C42E9
:1047900000DA0C46854200DD05468D4200DA0D4602
:1047A000864200DD06468E4200DA0E46874200DD74
:1047B00007468F4200DA0F463BB232B229B220B22E
:1047C000BDE8F04100F010BB4FF42F70844200DDD3
:1047D00004460D498C4200DA0C46854200DD054650
:1047E0008D4200DA0D46864200DD06468E4200DA32
:1047F0000E46874200DD07468F42DDDA0F46DBE7D3
:104800008800002018FCFFFF44FDFFFFF0B50346C1
:104810000D464FF6FF76094F0AE0187806F0F0FFD4
:1048200028B1587837F81040A64200D926469B1C7C
:104830006D1E681CF1D13046F0BD0000F40200206E
:1048400030B4154CA478072C23D2DFE804F02204FE
:104850000722191C1F0030BCFFF76ABE4FF42F75EA
:10486000A84200DD28460D4CA04200DA2046A942AD
:1048700000DD2946A14200DA214630BCFFF758BED0
:1048800030BCFEF7B3BC30BCFCF75CBB30BCFFF700
:104890004FBE30BC704700005000002044FDFFFFB9
:1048A00030B401EB81014FF6FF7303EA4101104B75
:1048B0009B78072B19D2DFE803F0180407180F12B2
:1048C000150030BCFFF7DEBE4FF42F73994200D9BC
:1048D000194630BCFFF7D6BE30BCFEF7EBBC30BC8F
:1048E000FCF742BC30BCFFF7CDBE30BC70470000C7
:1048F000500000200B4881780B4801290AD002297A
:1049000009D0032909D0052909D0042902D0062994
:1049100000D1064870470648704706487047064869
:104920007047000050000020148E244314AE0F4343
:104930009A19564300802E439A193F4301488078C4
:10494000704700005000002009488178094801297B
:1049500009D0022908D0032905D0074A052905D026
:10496000042900D11046704704487047104670472C
:1049700050000020F8334C4333335743B6537B4346
:10498000084881780848072906D2DFE801F00505C4
:1049900004050506080005487047054870470548A6
:1049A00070470000500000200000A54400001A4598
:1049B000000051440000824470B50B48FDF7AAFD89
:1049C0000020094B03F1100202F1100453F82010EB
:1049D00052F820504D1B44F8205042F82010401C43
:1049E000C0B20428F2D370BDD40300202DE9F04FEB
:1049F00085B004460025002601960296039604968B
:104A0000FFF7A2FFFFF7BCFFFFF774FF0090FFF76F
:104A1000D3FFDFF8508201AF642158F825004843E6
:104A2000FBF726FF47F825006D1C042DF4DB8E4DA7
:104A3000DFF83882DFF838A2A8786FF0010907287C
:104A400039D2DFE800F0E40439E46E94B000DDE927
:104A50000101FBF79AFC06460399FBF796FC0499C3
:104A6000FBF793FC4946FBF758FDFBF72DFF208031
:104A7000DDE90101FBF7DBFC0399FBF7D8FC0499A6
:104A8000FBF783FC4146FBF7D8FCFBF71DFF60807A
:104A900030460399FBF7CBFC0499FBF7C8FC414671
:104AA000FBF7CBFC0099FBF7FAFC5146FBF7C5FC82
:104AB000FBF70AFFA080AAE0DDE90101FBF765FC36
:104AC00006460399FBF761FC0499FBF75EFC494637
:104AD000FBF723FDFBF7F8FE2080DDE90101FBF782
:104AE000A6FC0399FBF7A3FC0499FBF74EFC414697
:104AF000FBF7A3FCFBF7E8FE608030460399FBF769
:104B000096FC0499FBF793FC4146FBF796FC009951
:104B1000FBF7C5FC5146FBF790FCFBF7D5FEA080E8
:104B200075E0DDE90101FBF730FC83460399FBF7F3
:104B30002CFC0499FBF729FC4946FBF7EEFCFBF73C
:104B4000C3FE2080668058460399FBF770FC0499E9
:104B5000FBF76DFC4146FBF770FC0099FBF79FFCEF
:104B60005146FBF76AFCFBF7AFFEA0804FE00499CB
:104B70000298FBF70AFC4FF0FF31FBF7CEFCFBF786
:104B8000A3FE2080FCF7AAFA608004990298FBF744
:104B90004EFC3849FBF751FC0099FBF780FCFBF712
:104BA00093FEA08033E0DDE90101FBF7EEFB064652
:104BB0000399FBF7EAFB0499FBF7E7FB4946FBF790
:104BC000ACFCFBF781FE2080DDE90101FBF72FFC47
:104BD0000399FBF72CFC0499FBF7D7FB4146FBF745
:104BE0002CFCFBF771FE608030460399FBF71FFC3D
:104BF0000499FBF71CFC4146FBF71FFC0099FBF7EF
:104C00004EFC5146FBF719FCFBF75EFEA0802878AE
:104C1000002823D000201349103157F8202041F8F4
:104C20002020401C0428F8DB687880B1FCF7A8FE3F
:104C300020B1FCF7A5FE012805D008E0FEF7E4FC52
:104C400000F028F903E0FFF78BFA00F023F905B034
:104C50000448BDE8F04F103000F000BB05B0BDE8DF
:104C6000F08F0000F403002050000020000080BE00
:104C700000007A4400007AC42DE9F0411048FFF7A3
:104C8000B5FE0F48001F0078002817D00D4CE069D2
:104C9000FBF71AFE05B2A069FBF716FE06B26069C3
:104CA000FBF712FE07B22069FBF70EFE2B463246D9
:104CB0003946BDE8F04100B200F080B8BDE8F081AF
:104CC00054000020040400201CB500200090019036
:104CD0000021FF228DF80020FB228DF80120052203
:104CE0008DF8022015228DF803200B4A92788DF85A
:104CF00004208DF8050002206A46135C1944C9B2ED
:104D0000401CC0B20628F8D38DF80610072168466B
:104D100002F008F81CBD0000500000203EB5002045
:104D20000090019002900024FF208DF80000FB20ED
:104D30008DF801000A208DF802008DF80300134958
:104D400008888DF80400000A8DF8050048888DF861
:104D50000600000A8DF8070088888DF80800000A10
:104D60008DF80900FCF788FD8DF80A0002206946DD
:104D70000A5C2244D4B2401CC0B20B28F8D38DF890
:104D80000B400C21684601F0CDFF3EBD54000020D1
:104D900010B507280ED208498A7882420AD0887056
:104DA000052807D1FCF794F9C1B2BDE810400020F6
:104DB00000F0AEBC10BD00005000002070B50E46E3
:104DC00014461D460146002000F00CF93146012032
:104DD00000F008F92146022000F004F92946BDE858
:104DE0007040032000F0FEB870B50C4D01242C700B
:104DF0000B4D28846984AA84EB84002405EB4400CD
:104E0000B0F92000FBF734FD0146204600F072FBAC
:104E1000641CE4B2042CF1D370BD000050000020EB
:104E20000404002010B50F49002811D0012048705B
:104E30004878002815D0FCF7A3FD60B1FCF7A0FD71
:104E400001280ED1FFF78CF9BDE8104000F0B6BB89
:104E500000204870ECE7FEF7D7FBBDE8104000F0FB
:104E6000ADBB10BD5000002010B5044600231A460B
:104E700019461846FFF7B8FF042000F005FA044968
:104E800000220A704A702046BDE8104000F0FAB8CF
:104E90005000002007498978012905D0022905D052
:104EA000042905D1FEF776BAFFF750BCFFF74EBCD8
:104EB000704700005000002010B50446FFF73EFD8B
:104EC000024604F5FA60A4F5FA6100B209B2062AB6
:104ED00004D0002C01DC06DA084610BD002CFCDCF6
:104EE00001DA084610BD4FF0000010BDF0B587B0E4
:104EF00004460D4601214FF4205000F08BFC0121A7
:104F0000084600F087FC01213348FEF721FB334EB1
:104F1000304601F051FB324F384601F04DFBADF801
:104F20000050641EADF804400024ADF80640ADF812
:104F300002406946304601F001FE6946384601F0FC
:104F4000FDFD03A801F0BCFD6025ADF80C5001206B
:104F5000ADF80E00ADF81440ADF8124003A930468C
:104F600001F0B0FC03A9304601F0F0FC03A9304683
:104F700001F030FD03A9304601F06EFD03A938466B
:104F800001F0A0FC03A9384601F066FDADF80C5015
:104F9000ADF80E400420ADF81000ADF81440ADF8A7
:104FA000124003A9384601F0D1FC03A9384601F0AC
:104FB00011FD0121304601F0F1FA0121384601F0DE
:104FC000EDFA0121304601F0DDFA0121384601F009
:104FD000D9FA07B0F0BD00004000160000340140CF
:104FE000002C014010B504460846FFF765FF4FF45A
:104FF0006161884200DB08461F49884200DC0846A0
:10500000002174B1012C17D0022C21D0032C07D120
:10501000404200B2194B1A1D002828DB188011806D
:1050200010BD174B1A1D002802DB1880118010BD1F
:1050300019804042108010BD114B08331A1D002802
:1050400002DB1880118010BD19804042108010BD15
:10505000404200B2094A094B08321B1F002802DBFC
:105060001080198010BD11804042188010BD198039
:105070004042108010BD0000F0F1FFFF382C0140CD
:105080003434014070B5002800D00120C0EB40113D
:10509000C1EB00214FF6FF7000EA0114114D2146CB
:1050A000284601F017FD2146284601F015FD21464E
:1050B000284601F013FD2146284601F011FD0A4D56
:1050C0002146284601F006FD2146284601F004FD50
:1050D0002146284601F002FD21462846BDE87040E1
:1050E00001F0FEBC00340140002C014070B50F23DC
:1050F000C27801260178002A1ED0144A126802F4F0
:10510000E062C2F5E062120AC2F10404D3404578BD
:10511000A54082781A402A43120101F1E02181F86A
:105120000024007800F01F018E404009800000F14B
:10513000E020C0F8006170BD01F01F008640480902
:10514000800000F1E020C0F8806170BD0CED00E04F
:105150000249084302490860704700000000FA0550
:105160000CED00E018B51446491E022908D801EBE1
:10517000810149060A0E00932346002100F001F840
:1051800018BD704710B586B0134C4FF4005120463F
:10519000FEF713FAA1141148FEF70FFA202120465A
:1051A000FEF70BFA01200090052303220CA101A8B1
:1051B00002F0BAFF00230122022101A8FFF7D2FF6B
:1051C0000CA101A802F0B0FF01230022032101A8D5
:1051D000FFF7C8FF06B010BD0010014000080140F5
:1051E00056657273696F6E3A5625642E25642E25B6
:1051F00064000000494D55204552524F5221212153
:105200000000000000B587B00120009005230322B4
:105210000AA102A802F088FF00230122022102A8AD
:10522000FFF7A0FF0AA102A802F07EFF01230022DF
:10523000032102A8FFF796FF07B000BD5665727301
:10524000696F6E3A5625642E25642E256400000091
:1052500054657374204D6F646500000070B5054699
:105260000024084E04EB840055F8241006EBC0001F
:1052700000F02CF805EB84010861641C042CF1DBC0
:1052800070BD00002C04002000220F4B04280FD812
:105290000FD14FF0000101EB810003EBC0008260F1
:1052A0008261C2610262426201F101010429F2DB02
:1052B000704700EB800003EBC00082608261C26136
:1052C00002624262704700002C0400202DE9F04188
:1052D00004462068FBF7ABF80546A061276A012168
:1052E0003846FBF71AF92946FBF7A4F8E169FBF702
:1052F0004CF86169FBF7A1F8804629462069FBF765
:105300009CF8064639462846FBF791F8E168FBF71A
:1053100094F83146FBF739F84146FBF736F8014679
:10532000A068FBF732F8A060E7612562FFF706FB93
:1053300002460C480C49062A0AD0A268824200DDC7
:10534000A060A068884200D9A160A068BDE8F08193
:10535000A268824200DDA060A0688842F5D9A16001
:10536000F3E700000000C8440000C8C470B5002185
:105370000D4B0E4D0E4C0F4E002201EB810043F8F9
:10538000302003EBC00082608261C261026242622F
:10539000C56004614661491C0429EEDB07480649E3
:1053A00041608260C46070BD2C0400209A99993ECF
:1053B000CDCCCC3D0AD7233CCDCCCC3E5C000020EC
:1053C000FEB500210091019102910024411E0529A2
:1053D00045D2FF228DF80020FB228DF801200A2201
:1053E0008DF8022013228DF803208DF804002F4E33
:1053F000052835D02E4801EB810100EBC10531466F
:10540000E868FBF71AF8FBF75FFA8DF80500000A69
:105410008DF8060031462869FBF70FF8FBF754FAC0
:105420008DF80700000A8DF8080031466869FBF71F
:1054300004F8FBF749FA8DF80900000A8DF80A0014
:10544000022069460A5C2244D4B2401CC0B20B2838
:10545000F8D38DF80B400C21684601F063FCFEBDCB
:1054600014208DF80300134D31466868FAF7E5FF04
:10547000FBF72AFA8DF80500000A8DF80600314680
:10548000A868FAF7DAFFFBF71FFA8DF80700000AA1
:105490008DF808003146E868FAF7CFFFFBF714FAF9
:1054A0008DF80900000A8DF80A00C9E700007A4467
:1054B0002C0400205C00002030B50D4D04280DD8D0
:1054C0000DD14FF0000000EB800405EBC404E16057
:1054D0002261636100F101000428F4DB30BD00EBC0
:1054E000800005EBC000C1600261436130BD000077
:1054F0002C040020094A04280AD80AD14FF00000E1
:1055000000EB800342F8331000F101000428F7DBC0
:10551000704700EB800042F8301070472C040020E8
:105520002DE9F0414FF00057214C2168FAF782FF36
:1055300005462946A069FAF728FF8046A061D4E90C
:1055400004613046FAF773FF014666612561E06841
:10555000FAF773FF06464146A068FAF76EFF8046E9
:1055600029466068FAF769FF4146FAF70EFF3146AF
:10557000FAF70BFFFBF7F4F904460D463A460D4BDC
:1055800020462946FBF718FA01D20A4D3C463A4616
:10559000094B20462946FBF7F7F902D2064D4FF09A
:1055A000005420462946BDE8F041FBF71DBA000033
:1055B0005C00002052C1E03F52C1E0BF03490860D7
:1055C0000020886108614861704700005C0000208D
:1055D000024B58609960DA60704700005C00002060
:1055E00070B5174C2088401C80B22080A51D012377
:1055F0002E8814490022864202D3C1F88C3101E082
:10560000C1F88C216E88864202D3C1F8883101E04E
:10561000C1F88821AE88864202D3C1F8843101E006
:10562000C1F88421ED88854202D3C1F8803101E0C0
:10563000C1F88021B0F5FA6F00D3228070BD000060
:105640004801002000002242F8B50121102000F09E
:10565000E1F80820ADF8000010258DF80350032470
:105660008DF80240284E69463046FDF71DFF08219F
:105670003046FDF7A4FF0121102000F0CBF80420F4
:10568000ADF800008DF803508DF8024069463046B1
:10569000FDF70AFF04213046FDF791FF012110209C
:1056A00000F0B8F80220ADF800008DF803508DF836
:1056B000024069463046FDF7F7FE02213046FDF70D
:1056C0007EFF0121102000F0A5F80120ADF80000B8
:1056D0008DF803508DF8024069463046FDF7E4FE30
:1056E00001213046FDF76BFF0020084A5A210A24A9
:1056F00040F2D253151D1154B3FBF4F625F8106097
:10570000401C0428F7DBF8BD001001404A010020CE
:10571000042810D2B4290ED8074A115401EB4102D3
:1057200002EBC10101F5FA710A22B1FBF2F1024A62
:10573000121D22F8101070474A010020F0B51A4ED1
:105740000A24351DB42809D8307000EB400707EB58
:10575000C00000F5FA70B0FBF4F02880B42909D835
:10576000717001EB410000EBC10000F5FA70B0FB75
:10577000F4F06880B42A09D8B27002EB420000EB62
:10578000C20000F5FA70B0FBF4F0A880B42B09D881
:10579000F37003EB430000EBC30000F5FA70B0FBBD
:1057A000F4F0E880F0BD00004A010020034A51688F
:1057B00021F4404101435160704700000010024055
:1057C000054A002903D0516901435161704751696D
:1057D000814351617047000000100240054A0029D2
:1057E00003D0D1690143D1617047D1698143D1614F
:1057F0007047000000100240054A002903D01169DB
:1058000001431161704711698143116170470000C4
:1058100000100240054A002903D0916901439161BB
:105820007047916981439161704700000010024008
:10583000054A002903D0D1680143D1607047D1687F
:105840008143D160704700000010024010B5264A25
:10585000516801F00C01254B002927D0042927D0DD
:10586000082927D00360516801F0F0010909204B95
:105870005C5C0168E1404160546804F4E064240A1F
:105880001C5D21FA04F48460546804F46054E40A52
:105890001B5DD940C160526802F44042920B144B28
:1058A0001B1F9A5CB1FBF2F1016110BD0360DAE7E6
:1058B0000360D8E7516801F47011536803F4803332
:1058C000022404EB914133B153689B0307D5094B84
:1058D00059430160C7E7074B59430160C3E7034BD6
:1058E00059430160BFE700000010024000127A0037
:1058F0007801002000093D000020044A002142F800
:105900002010401CC0B20E28F9D37047380E00207A
:1059100010B58CB001210220FFF752FF0D4C20463C
:10592000FCF7BAFC0C4801900C4802901020039040
:10593000002104910591802006900791089109911A
:1059400080010A900B9101A92046FCF737FD0CB0AD
:1059500010BD00001C0402400C3C0040700E0020F2
:1059600010B500F04FF8BDE81040FFF7D1BF0000C0
:1059700038B501210820FFF74DFF2020ADF80000C9
:1059800018208DF8030003208DF80200044C6946AE
:105990002046FDF789FD20212046FDF70EFE38BD8B
:1059A000000C014010B5FFF7E3FFBDE81040FFF722
:1059B000D7BF0000120442EA01211943074A0E280A
:1059C00002D242F820107047FF28FCD1002042F894
:1059D0002010401CC0B20E28F9D37047380E0020AA
:1059E000074A0E2802D242F820107047FF28FCD147
:1059F000002042F82010401CC0B20E28F9D3704796
:105A0000380E002010B586B00121C803FFF7E6FE6E
:105A10004FF44040ADF804004FF48270ADF806003A
:105A20000020ADF80800ADF80A000121ADF80C1017
:105A30004902ADF80E101021ADF81010ADF81200AB
:105A40000720ADF814000A4C01A9204600F09BFA8B
:105A50000121204600F076FA0021204600F066FA87
:105A600001220221204600F079FA06B010BD0000A4
:105A7000003C00402DE9F04100211B4E06F13804A6
:105A8000002056F8215001EB4103C0F1170725FA19
:105A900007F2D20701D0F82200E0802200EBC30712
:105AA00027447A70401CC0B21828EED3491CC9B2F2
:105AB0000E29E5D30D4C4FF4A9712046FCF79BFC51
:105AC00001212046FCF7DAFB094D2846FCF764FC6F
:105AD0000028FAD000212046FCF7D0FB2846BDE87C
:105AE000F041FCF7BFBB0000380E00201C04024050
:105AF0002000001010B5194CA070E1702171202811
:105B00000BD151B1022001F00BFB002001F0F6FC9B
:105B1000E078BDE8104001F053BB242810D02328C2
:105B20001BD10120E070022001F0FAFA01F0E8FA3E
:105B3000022001F0E3FCE078BDE8104001F040BB3A
:105B400000290AD0022001F0EBFA012001F0D6FC76
:105B5000E078BDE8104001F033BB10BD000000202C
:105B60002DE9F047784DA878002878D00027AF704D
:105B700000F0F2F87549B1F90400C0F57A700FFA37
:105B800080FAC888A0F57A7006B20888A0F57A7005
:105B900004B20AF13B00772800D2BA4606F13B0076
:105BA000772800D2002604F13B00772800D2002499
:105BB0004AEA060020430DD0FEF7C0FEDFF89091C0
:105BC0004FF03338072849D2DFE800F0BA274ABA45
:105BD0006C829900A889EA89904213D2401CA8815E
:105BE000B1F90A00B0F5FA7F01DB012000E00020E6
:105BF0002871FFF739F9FEF7A1FE052802D1002030
:105C0000FBF72AFBA989E889814228D1401CA88199
:105C1000BDE8F0470020FFF727B95046FAF736FEF7
:105C2000C24652464B46FAF72BFDFAF77AFE0FFAB8
:105C300080F8A5F806803046FAF728FE52464B4613
:105C4000FAF71EFDFAF76DFE01B2298104EB84001C
:105C500002B26A8100234046FEF76AFC70E070E001
:105C60005046FAF713FEC24652464B46FAF708FD75
:105C7000FAF757FE0FFA80F8A5F806803046FAF7D3
:105C800005FE52464B46FAF7FBFCFAF74AFE01B214
:105C9000298104EB840002B26A8100234046FEF7AA
:105CA00047FC4DE05046FAF7F1FD42464B46FAF705
:105CB000E7FCFAF736FE00B2E88039462F8104EBA4
:105CC0004402520012B26A810023FDF78FFA37E0D6
:105CD0005046FAF7DBFD4FF066321E4BFAF7D0FC68
:105CE000FAF71FFE00B2E880122194FBF1F109B22D
:105CF00029813A466F810023FBF724F920E05046C2
:105D0000FAF7C4FDC24652464B46FAF7B9FCFAF719
:105D100008FE0FFA80F8A5F806803046FAF7B6FDBF
:105D200052464B46FAF7ACFCFAF7FBFD01B229816B
:105D300004EB840002B26A8100234046FEF7F8FBC0
:105D4000AF81BDE8F087000078000020FE0400204D
:105D50003333F33F6666024010B52B4841788278B2
:105D600041EA0221C1F30A0300F119010B80D308B3
:105D7000C27843EA4213C3F30A034B8003799209C2
:105D800042EA8303427943EA8223C3F30A038B8006
:105D90005308827943EAC213C3F30A03CB80130981
:105DA000C27943EA0213C3F30A030B81037AD209CF
:105DB00042EA4303427A43EA4223C3F30A034B8194
:105DC0009308827A43EA8213C3F30A038B81C37A6E
:105DD000520942EAC302CA810C4B0022DA70C07D2C
:105DE0004FF47A72440706D50120D8700A804A80A1
:105DF0008A80CA8010BD0007FCD50320D8700A80B5
:105E00004A808A80CA8010BDE50400207800002006
:105E100070B5154C002301252178144A002901D1C1
:105E20000F280AD021B16178491CC9B26170505461
:105E30006078182808D3012007E02570A3706370EC
:105E40001070FF201076F3E70020217808420AD076
:105E50002370107E002806D10449192201F119008F
:105E6000FAF754FAA57070BD78000020CC04002029
:105E700010B586B000F0DCF901218803FFF7AEFC15
:105E80000020ADF804004FF48271ADF80610ADF8B3
:105E900008000221ADF80A100121ADF80C104902EA
:105EA000ADF80E103821ADF81010ADF81200072033
:105EB000ADF81400054C01A9204600F064F801215A
:105EC000204600F03FF806B010BD0000003800404A
:105ED0002DE9F04107460D460024134E06E0641CF0
:105EE000E4B2C82C02D90120BDE8F081022130467D
:105EF00000F03EF80028F2D03946304600F041F874
:105F0000002405E0641CE4B2C82C01D90120EBE7B1
:105F10000121304600F02CF80028F3D0304600F084
:105F20002EF828700020DFE700380040002904D058
:105F3000018841F4005101807047018821F400512B
:105F400001807047002904D0018841F040010180A0
:105F50007047018821F0400101807047002A03D07A
:105F600082880A438280704782888A438280704791
:105F70000246002012890A4200D001207047808921
:105F800070478181704730B5028802F441530A8816
:105F90004C88CD8822438C882C4322430C89224391
:105FA0004C8922438C892243CC8922431A430280A4
:105FB000828B22F400628283098A018230BDC82864
:105FC00000D9C82040F2654148434FF47A71B0FBD4
:105FD000F1F080B270477CB5002000900190002461
:105FE0000025FDF7AFFD012800D10125FF208DF828
:105FF0000000FB218DF8011004218DF80210912181
:106000008DF803108DF804508DF8050002206946C4
:106010000A5C2244D4B2401CC0B20528F8D38DF8E3
:1060200005400621684600F07DFE7CBD70B5404D00
:1060300000242846A978C078202930D00ADC01291C
:1060400029D03B48132900795AD014295FD015294B
:1060500008D166E0232928D0242944D030295CD0F7
:10606000512914D0AC70A878C8B32889401C80B2DC
:10607000288105285AD3AC702C8101F0E9F8012859
:1060800054D1E878BDE87040002101F0E3B9FBF796
:1060900056FAAC70E7E7FEF741FEAC70E3E701F0BB
:1060A00005F90028DFD0AC70DDE701F0FFF8012131
:1060B00008B1697103E02889032800D36971687900
:1060C0000028D0D06C712C81E878401CC0B2E870F8
:1060D000072805D3EC70AC7001F054F9C3E724E055
:1060E00001F06EF8BFE720B9AC700121002001F08B
:1060F000B1F9E87801F0DAF80028B4D0AC70B2E772
:10610000411E042901D2FFF75BF9AC70ABE705280B
:1061100001D1FFF755F9AC70A5E7FAF7E7FFAC70CE
:10612000A1E7FEF7D1FDAC709DE72C8170BD0000AA
:106130000000002010B500230124094A032805D0DF
:10614000042802D149B1C2F8804110BD11B1C2F892
:10615000844110BDC2F8843110BDC2F8803110BD39
:1061600000002242AFF300800CB5002201920092A1
:106170002748016841F4803101604FF4A063016851
:1061800001F4003100910199491C0191009911B964
:1061900001999942F3D10168890302D50121009147
:1061A00000E000920099012930D11A490A6842F0B2
:1061B00010020A600A6822F003020A600A6842F0CC
:1061C00002020A604168416041684160416841F4EF
:1061D00080614160416821F47C114160416841F473
:1061E000E8114160016841F0807101600168890136
:1061F000FCD5416821F003014160416841F0020192
:1062000041604168C1F381010229FAD10CBD00004F
:1062100000100240002002400449002802D0012062
:10622000C88070470020C880704700000C00002024
:10623000F8B501210820FFF7EDFA4FF42040ADF842
:10624000000003258DF8025018208DF80300114E30
:1062500069463046FDF728F9B414ADF800408DF8D2
:10626000025010228DF8032069463046FDF71CF9D4
:1062700021463046FDF7A3F9A100ADF800104821F2
:106280008DF8031001218DF8021069463046FDF7A4
:106290000BF9F8BD000C01404FF0E021042804D0B8
:1062A000086920F0040008617047086940F00400A4
:1062B0000861704710B50F48016841F001010160A5
:1062C00041680D4A1140416001680C4A114001606B
:1062D000016821F480210160416821F4FE014160E0
:1062E0004FF41F018160FFF73DFF05494FF000604B
:1062F000086010BD001002400000FFF8FFFFF6FE2E
:1063000008ED00E0014800787047000040000020E0
:1063100070B5048C24F001040484058B048C25F0F2
:10632000F3054FF6FF7606EA031313432B43104A97
:1063300090420ED00F4A90420BD0B0F1804F08D05F
:106340000D4A904205D00D4A904202D00C4A90422C
:1063500005D124F002020A4342F0010104E024F0D6
:106360000A020A4342F001010383018470BD000068
:10637000002C0140003401400004004000080040AF
:10638000000C0040F0B5048C24F010040484068B4B
:10639000048C4FF6FF7505EA011726F4734605EAEB
:1063A0000333334305EA02221A43104B98420ED0BE
:1063B0000F4B98420BD0B0F1804F08D00D4B984254
:1063C00005D00D4B984202D00C4B984205D124F0D9
:1063D0002001394341F0100104E024F0A0030B43F5
:1063E00043F0100102830184F0BD0000002C014045
:1063F000003401400004004000080040000C004050
:10640000F0B5048C24F480740484858B048C4FF6DE
:10641000FF7707EA012625F0F30507EA0313134384
:106420002B43104A90420ED00F4A90420BD0B0F14D
:10643000804F08D00D4A904205D00D4A904202D0BC
:106440000C4A904205D124F40071314341F480712B
:1064500004E024F420620A4342F4807183830184BF
:10646000F0BD0000002C0140003401400004004059
:1064700000080040000C0040F0B5048C24F4805467
:106480000484868B048C4FF6FF7505EA013726F4E9
:10649000734605EA0222324305EA03331343104AE6
:1064A00090420ED00F4A90420BD0B0F1804F08D0EE
:1064B0000D4A904205D00D4A904202D00C4A9042BB
:1064C00005D124F40051394341F4805104E024F40F
:1064D00002420A4342F4805183830184F0BD0000EC
:1064E000002C01400034014000040040000800403E
:1064F000000C004010B5084C0121204600F07DF949
:10650000002807D00121204600F039F8BDE81040EE
:10651000FFF766B810BD0000001400401FB5012150
:106520002020FFF75BF94720ADF804000920ADF803
:106530000800104C01A9204600F000FB0121204674
:1065400000F01AF801221146204600F0B1F9372177
:106550008DF8001001218DF801108DF802108DF8D2
:1065600003106846FEF7C2FD0121204600F00AF83C
:106570001FBD000000140040C94301827047C94399
:1065800001827047002904D0018841F00101018097
:106590007047018821F0010101807047002905D072
:1065A00030F8441F41F400410180704730F8441F27
:1065B000C1F30E010180704710B5734988420AD1BA
:1065C000C41401212046FFF733F92046BDE81040EE
:1065D0000021FFF72DB9B0F1804F0CD06B498842F4
:1065E00013D101210220FFF707F90021BDE8104077
:1065F0000220FFF701B901210846FFF7FDF800214D
:10660000BDE810400120FFF7F7B86149884209D181
:1066100001210420FFF7F0F80021BDE8104004201C
:10662000FFF7EAB85B49884209D101210820FFF74A
:10663000E3F80021BDE810400820FFF7DDB8564917
:10664000884209D101211020FFF7D6F80021BDE8CA
:1066500010401020FFF7D0B85049884209D10121DD
:106660002020FFF7C9F80021BDE810402020FFF7E7
:10667000C3B84B4988420AD1441401212046FFF790
:10668000D7F82046BDE810400021FFF7D1B84549B2
:1066900088420AD10121CC042046FFF7C9F82046E0
:1066A000BDE810400021FFF7C3B83F4988420AD136
:1066B00001210C052046FFF7BBF82046BDE810403D
:1066C0000021FFF7B5B8394988420AD101214C05AC
:1066D0002046FFF7ADF82046BDE810400021FFF747
:1066E000A7B83349884209D101214020FFF784F837
:1066F0000021BDE810404020FFF77EB82D498842B8
:1067000009D101218020FFF777F80021BDE8104072
:106710008020FFF771B8284988420AD184150121E9
:106720002046FFF769F82046BDE810400021FFF73A
:1067300063B8224988420AD101210C042046FFF7A0
:1067400077F82046BDE810400021FFF771B81C49DA
:1067500088420AD101214C042046FFF769F82046FF
:10676000BDE810400021FFF763B8164988420AD1FE
:1067700001218C042046FFF75BF82046BDE810405D
:106780000021FFF755B810BD002C01400004004067
:1067900000080040000C00400010004000140040C1
:1067A00000340140004C01400050014000540140C1
:1067B00000180040001C0040002000400040014044
:1067C000004401400048014070B50589048B068CE7
:1067D00025F007050D434FF6FC410C4040F2011136
:1067E0000C4326F022064FF6FF7101EA0311114314
:1067F000314305810483018470BD02460020138A61
:106800000B4092890A40002B02D0002A00D00120C0
:106810007047000070B505460C461D48854209D0FA
:106820001C48854206D0B5F1804F03D01A488542F6
:1068300000D01A4820886188A288238960B1042882
:1068400013D008281AD02846FFF716FEE1882846FC
:10685000BDE8704000F065B92846FFF759FDE188B2
:106860002846BDE8704000F040B92846FFF78AFD91
:10687000E1882846BDE8704000F03FB92846FFF7A0
:10688000BFFDE1882846BDE8704000F042B9000035
:10689000002C01400034014000040040000800408A
:1068A00000210180418001228280C18001817047E6
:1068B000002A03D082890A438281704782898A43F1
:1068C0008281704730B5028C22F001020284028C72
:1068D0008388048B24F0700424F003050C882C4377
:1068E00022F002020D8915434A882A43124DA8421C
:1068F0000BD0124DA84208D0114DA84205D0114D21
:10690000A84202D0104DA8420FD122F008054A89B2
:106910002A4322F004058A882A4323F4807323F44F
:1069200000738D891D43CB892B4383800483C988E1
:106930008186028430BD0000002C014000340140FB
:1069400000400140004401400048014070B5028C05
:1069500022F010020284028C8388048B24F4E04429
:1069600024F440760D884FF6FF7404EA052535437C
:1069700022F020020E8904EA061616434A8804EA29
:1069800002123243114EB04202D0114EB04217D122
:1069900022F080024E8904EA0616164326F04006CD
:1069A0008A8804EA0212324323F4806323F40063EA
:1069B0008E8904EA86061E43CB8904EA83033343A7
:1069C00083800583C9880187028470BD002C014043
:1069D0000034014070B5028C22F480720284028C73
:1069E0008388848B24F0700424F003040D882543ED
:1069F00022F400720E894FF6FF7404EA062616434D
:106A00004A8804EA02223243114EB04202D0114EAB
:106A1000B04217D122F400664A8904EA02223243C6
:106A200022F480668A8804EA0222324323F48053E7
:106A300023F400538E8904EA06161E43CB8904EA28
:106A40000313334383808583C9888187028470BDA3
:106A5000002C01400034014070B5028C22F48052B9
:106A60000284058C8288838B23F4E04323F44076F0
:106A70000C884FF6FF7303EA0424344325F40055D1
:106A80000E8903EA06362E434D8803EA0535354361
:106A9000094EB04202D0094EB04205D122F48046E0
:106AA0008A8903EA8212324382808483C988A0F8EB
:106AB0004010058470BD0000002C014000340140EE
:106AC0000021018041808180C180018141818181DB
:106AD000C181704781867047018770478187704701
:106AE000A0F84010704781847047028B22F00C029E
:106AF0000283028B0A4302837047028B22F44062B6
:106B00000283028B4FF6FF7303EA01210A430283DB
:106B10007047828B22F00C028283828B0A4382832D
:106B20007047828B22F440628283828B4FF6FF7320
:106B300003EA01210A4382837047000030B50288CE
:106B40001B4C1C4DA0420DD0A8420BD0B0F1804F81
:106B500008D0194B984205D0184B984202D0184BD8
:106B6000984203D122F070034A881A43154B984289
:106B700006D0154B984203D022F44073CA881A43BA
:106B800002808A8882850A880285A0420AD0A842AB
:106B900008D00E4A904205D00D4A904202D00D4ACC
:106BA000904201D1097A01860121818230BD000025
:106BB000002C014000340140000400400008004067
:106BC000000C004000100040001400400040014054
:106BD00000440140004801404FF6FF7181800021D0
:106BE0000180C180418001727047000010B58CB0F7
:106BF00001210846FEF7E4FD104C2046FBF74CFB54
:106C00000F4801900F48029010200390002104913A
:106C100005918020069007910891099180010A90C2
:106C20000B9101A92046FBF7C9FB054801228021F1
:106C3000001F00F0A3F90CB010BD0000440002409A
:106C400004380140D40D002010B5084C40F2255105
:106C5000204600F0A4F9002807D0204600F038FABA
:106C6000C0B2BDE8104001F00FBA10BD00380140BD
:106C700070B586B0044601210420FEF7CBFD01214A
:106C80008803FEF7C7FD4FF40070ADF8140018201C
:106C90008DF8170003258DF81650204E05A93046B3
:106CA000FCF702FC3115ADF8141004218DF8171013
:106CB00005A93046FCF7F8FB25218DF810100121BD
:106CC0008DF811108DF812508DF8131004A8FEF7EE
:106CD0000DFA00940020ADF80400ADF80600ADF800
:106CE0000800ADF80C000C20ADF80A000C4C694609
:106CF000204600F08FF9012240F22551204600F095
:106D00006EF90121204600F02DF94021204600F0C7
:106D100025F9FFF76BFF06B070BD000000080140C9
:106D20000038014070B505460C46002C1CD00F4EB3
:106D30003046FBF72DFB0028FAD145B1642C01D970
:106D4000642200E0224629460948F9F7DFFA0021CB
:106D50003046FBF793FA0548443884643046BDE872
:106D600070400121FBF78ABA70BD00004400024068
:106D7000D40D002010B5074C2021204600F008F962
:106D80000028F9D0204600F0A3F9C0B2BDE81040B9
:106D9000FFF73EB80044004070B586B004460121BC
:106DA0000420FEF737FD01214804FEF717FD0425F6
:106DB000ADF8145018218DF8171003218DF8161016
:106DC0001E4E05A93046FCF76FFB0821ADF81410E4
:106DD0008DF8175005A93046FCF766FB26208DF884
:106DE000000001218DF8011002208DF802008DF8BD
:106DF00003106846FEF77AF90194A802ADF808007E
:106E00004000ADF80A00C010ADF80C000020ADF84D
:106E100010000C20ADF80E00094C01A9204600F02E
:106E2000F9F8012240F22551204600F0D8F801215E
:106E3000204600F097F806B070BD00000008014041
:106E40000044004010B5084C40F22551204600F0A7
:106E5000A6F8002807D0204600F03AF9C0B2BDE8F5
:106E6000104000F0FBB910BD0048004070B586B07E
:106E7000044601211120FEF7CDFC01218804FEF714
:106E8000ADFC01212348FCF763FB4FF48061ADF8B2
:106E9000141018208DF8170003208DF816001E4ED0
:106EA00005A93046FCF700FBF114ADF814100425D9
:106EB0008DF8175005A93046FCF7F6FA27218DF812
:106EC000001001218DF801108DF802508DF803108B
:106ED0006846FEF70BF901940020ADF80800ADF804
:106EE0000A00ADF80C00ADF810000C20ADF80E0053
:106EF0000A4C01A9204600F08DF8012240F22551EC
:106F0000204600F06CF80121204600F02BF806B076
:106F100070BD000010001400001001400048004047
:106F200070B505460C4603E0287800F005F86D1CA6
:106F3000641EA4B2F8D270BD70B50546064C80211F
:106F4000204600F025F80028F9D029462046BDE863
:106F5000704000F0C1B80000004800408A05C943F5
:106F600001807047002904D0818941F4005181815A
:106F70007047818921F4005181817047002A03D034
:106F8000828A0A4382827047828A8A438282704759
:106F90000246002012880A4200D00120704770B5D6
:106FA000002440F66A12C1F3421301F01F050126C6
:106FB00006FA05F2012B0CD0022B0DD0838A134068
:106FC000090A8E40008830400BB100B101242046F0
:106FD00070BD83891340F3E7038A1340F0E710B5CF
:106FE00040F66A13C1F3421301F01F040121A140CE
:106FF000012B07D0022B07D014303AB102680A43A4
:10700000026010BD0C30F8E71030F6E702688A43E2
:10701000026010BD30B585B004460D46208A4CF69E
:10702000FF710840E98801432182A0894EF6F311DF
:107030000840A9882A8911436A8902431143A18122
:10704000A08A4FF6FF410840A9890143A182684602
:10705000FEF7FCFB1D48844201D1039800E0029832
:10706000A189090408D500EBC00101EB00102968D3
:107070004900B0FBF1F007E000EBC00101EB0010AC
:1070800029688900B0FBF1F06422B0FBF2F109013C
:107090000B096FF018056B4300EB8300A3891D04F7
:1070A0004FF0320307D503EBC000B0FBF2F000F065
:1070B0000700084306E003EB0010B0FBF2F000F01D
:1070C0000F000843208105B030BD000000380140AA
:1070D0008088C0F308007047C1F3080181807047C1
:1070E00010B50648FBF762F8FAF7F2F9002804D069
:1070F000BDE810400148FAF7E7BF10BD5801002075
:1071000010B50023054C581CC0B200F085F824F8D7
:1071100013005B1C062BF6DB10BD0000C80300202B
:10712000064A00211170022806D10020921D115438
:10713000401CC0B20828FAD3704700001800002095
:107140002DE9FE4F03468A461446FF25FF260727F2
:107150004FF003084FF02A09184600F05DF850443C
:1071600081B24FF47A60814201D9014602E0602980
:1071700000D26021080A220A03F1340C84448C44B2
:107180009444A4446FEA0C0C8DF800508DF8016013
:107190008DF802308DF803708DF804808DF805901D
:1071A0008DF806008DF807108DF808208DF809403D
:1071B0008DF80AC00B216846FFF7B2FEBDE8FE8FCE
:1071C0002DE9FC41FF22FF23042402253826022753
:1071D00000F14001C9438DF800208DF801308DF891
:1071E00002008DF803408DF804508DF805608DF88D
:1071F00006708DF8071008216846FFF791FEBDE87C
:10720000FC810000012801D000207047014800786F
:107210007047000018000020014600204A1E052A81
:1072200009D80A48052907D006290AD030F81200E3
:10723000A0F5FA6000B270470089A0F2CE5000B20B
:1072400070474089A0F61C4000B270473200002011
:1072500001488088704700001800002030B5124AAD
:107260000125931D917800290ED00024012910D00A
:10727000022908D151785854491CC8B250700828C6
:1072800001D39470157030BDFF28FCD11870957033
:1072900030BDF52802D094701C7030BDF5205870B8
:1072A00002209070507030BD1800002070B500258D
:1072B0000120FFF7A7FF30B301250120FFF730FFC2
:1072C00017498A78C8780C794B7910441C442044BB
:1072D0008C792044C043C0B2C979814213D144EAB9
:1072E0000321FFF7B5FF01280FD0FFF7B1FF0228F8
:1072F0000FD0104600F018F8FAF748FB18B108490B
:107300000120891FC870284670BD104600F016FA8B
:10731000F2E7521E052AEFD8024820F81210EBE7D8
:107320001E000020C80300207CB505460C46002343
:107330000022009201922846FFF76EFF211AFF20DB
:107340008DF80000FB208DF8010006208DF802006A
:1073500020208DF803008DF804508DF80510080AE0
:107360008DF80600022069460A5C1A44D3B2401C1C
:10737000C0B20728F8D38DF8073008216846FFF718
:10738000D1FC7CBDF0B589B000250024142104A8EF
:10739000F8F7E3FF00200190029003902C4F01AE1C
:1073A000601C0346C0B2FFF737FF37F81410081A05
:1073B00026F81400DCB2062CF2D3FF208DF8100062
:1073C000FB208DF811000F208DF8120023208DF87E
:1073D0001300BDF804008DF81400000A8DF81500A4
:1073E000BDF806008DF81600000A8DF81700BDF8EC
:1073F00008008DF81800000A8DF81900BDF80A0081
:107400008DF81A00000A8DF81B00BDF80C008DF8ED
:107410001C00000A8DF81D00BDF80E008DF81E003E
:10742000000A8DF81F00022004A90A5C2A44D5B284
:10743000401CC0B21028F8D38DF82050112104A8A8
:10744000FFF770FC002000F059F809B0F0BD000013
:10745000C80300201CB50022002300930193FF23E2
:107460008DF80030FB238DF8013005238DF80230B4
:1074700024238DF803308DF804008DF805100220C8
:1074800069460B5C1A44D2B2401CC0B20628F8D33D
:107490008DF8062007216846FFF744FC002000F025
:1074A0002DF81CBD2DE9FC41411EF9291CD8FF22F5
:1074B000FF23FE2404250326052700F58571C94313
:1074C0008DF800208DF801308DF802408DF80350C2
:1074D0008DF804608DF805708DF806008DF80710A2
:1074E00008216846FFF71CFDBDE8FC81024A401EEA
:1074F00022F81010704700003200002001498880F7
:1075000070470000180000202DE9F0410446DDE935
:1075100006780D4616460120FFF77EFE2044174CE4
:1075200020800220FFF778FE284460800320FFF7C8
:1075300073FE3044A0800420FFF76EFE1844E08004
:107540000520FFF769FE384420810620FFF764FE1E
:107550004044608100204FF47A635A1034F81010D0
:10756000994202D924F8102003E0602901D224F8BE
:107570001020401C0628F1DBBDE8F0812600002029
:107580002DE9FC410021002800D00121FF22FF232A
:10759000FE2404250326282701F22D10C0438DF870
:1075A00000208DF801308DF802408DF803508DF8E1
:1075B00004608DF805708DF806108DF8070008211D
:1075C0006846FFF7ADFCBDE8FC8100002DE9F04FF7
:1075D00091B04FF0FF0AD346FE2622274FF0830CCE
:1075E0004FF02A084FF0040951A106C9CDE90F1246
:1075F00000210D910E910B910C910023010AC2B252
:1076000000204D4C0DF1340E34F810502C0A0EF8B9
:1076100000400DF12C0E0EF800500DF13C0E2B44E5
:107620001EF800E0744423440B441344DBB2401CB6
:10763000C0B20628E5D3F0196044404448441844D9
:10764000C0438DF804A08DF805B08DF806608DF864
:1076500007708DF808C08DF809808DF80A909DF8A4
:107660003C308DF80B309DF834308DF80C309DF89F
:107670002C308DF80D308DF80E108DF80F209DF800
:107680003D308DF810309DF835308DF811309DF873
:107690002D308DF812308DF813108DF814209DF8D0
:1076A0003E308DF815309DF836308DF816309DF847
:1076B0002E308DF817308DF818108DF819209DF8A0
:1076C0003F308DF81A309DF837308DF81B309DF81B
:1076D0002F308DF81C308DF81D108DF81E209DF870
:1076E00040308DF81F309DF838308DF820309DF8EF
:1076F00030308DF821308DF822108DF823209DF840
:1077000041308DF824309DF839308DF825309DF8C2
:1077100031308DF826308DF827108DF828208DF81F
:107720002900262101A8FFF7FBFB11B0BDE8F08F6F
:1077300001020304050600002600002010B50446DF
:10774000601E06283FD2052C10D04FF44872062C3C
:1077500020D0A1F5C86090422FD82046FBF700FC4E
:107760002046BDE810400121FFF774BEA1F2A240FF
:10777000B0F5167F08D82046FBF7F2FB2046BDE89F
:1077800010400121FFF766BE2046BDE810400221EF
:10779000FFF760BEA1F68C20904208D82046FBF788
:1077A000DFFB2046BDE810400121FFF753BE204615
:1077B000BDE810400221FFF74DBE2046BDE8104055
:1077C0000221FFF747BE10BD2DE9FC410C462028E1
:1077D0007ED00EDC16287CD2DFE800F07B333F47FA
:1077E0004D56607B7B7B7B7B7B7B7B7691DDEB7B74
:1077F0007BFB60286ED015DC30286CD008DC21289B
:107800006AD0222865D12078BDE8FC41FFF7B8BED8
:1078100031287CD050285CD120786178BDE8FC41CB
:10782000FEF768B9702873D0A02872D0A12871D053
:10783000A2284ED1207801284BD1BDE8FC41F9F7B0
:1078400029BE257864782846FEF7E6FC5F2C40D1F7
:107850002846BDE8FC41FBF799BB2078617840EAF7
:107860000120BDE8FC41FAF733B820786178BDE823
:10787000FC41FEF75FBC20786178A278E37802B023
:10788000BDE8F041FDF75ABF20786178A278E3782F
:10789000FEF790F8BDE8FC41FEF7ECB82578667875
:1078A00001F06CFEA84200D11DB9FEF725F8FEF7E5
:1078B000E1F83146284601F0BFFE032D09D1A0783A
:1078C000BDE8FC4101F0B0BE20785F2801D104E0A2
:1078D000CDE01FE1FFE0DDE0D7E000221146072008
:1078E000FCF7DEFF0521002001F0A6FEFEF704F8FC
:1078F000FEF7C0F8BDE8FC410020F9F7E9BF002021
:107900000090019094F9007094F9018003E0D3E0B5
:10791000E6E0EAE0F4E094F9026094F90350FDF740
:107920000DF83846F8F7B2FF804C00222346F8F7EE
:10793000A7FEF8F7F6FF07B2ADF800704046F8F77B
:10794000A5FF00222346F8F79BFEF8F7EAFF0FFA9F
:1079500080F8ADF802803046F8F798FF0022234601
:10796000F8F78EFEF8F7DDFF06B2ADF804602846A2
:10797000F8F78CFF00222346F8F782FEF8F7D1FFD4
:1079800003B2ADF8063002B0324641463846BDE893
:10799000F041FDF713BA20786178A27841EA02211C
:1079A000642900D9642102B00022BDE8F041FCF74F
:1079B00077BF237894F9010094F9021094F9032019
:1079C00003F0800340EA0104144303D03BB10123D8
:1079D00006E016E0BDE8FC410120FDF745BA0023B2
:1079E00002B002EB8202BDE8F04101EB81015200DE
:1079F000490000EB8000400012B209B200B2FCF76F
:107A00001FBF257860784A4E4FF07C544FF07F5767
:107A10005F2811D0072D7DD22846FDF7B9F9FCF774
:107A20008DFF062876D102B0234632463946BDE89E
:107A3000F0410420FDF740BD072D75D22846FDF723
:107A4000A7F92846FBF7B6FAFCF778FF06286BD1B2
:107A50002346324639460420FDF72EFD02B0234668
:107A600032463946BDE8F0410420FBF7B3BA20782E
:107A70006178A27841EA0221E278237942EA03227E
:107A800002B0BDE8F041FFF75BBB2078BDE8FC41E8
:107A9000FFF708BD21786078A2785F2A06D0012917
:107AA00042D1BDE8FC410021F9F74ABB01293BD195
:107AB000BDE8FC41F9F744BB217894F901000129A4
:107AC00005D0812930D1BDE8FC41F9F7D9BBBDE82B
:107AD000FC41F9F7C1BB2078BDE8FC41FAF718BBBF
:107AE0002078BDE8FC41F9F72DBD20785F281BD137
:107AF000FBF7F8F9FBF716F8BDE8FC41FAF7A4B874
:107B0000207861785F290FD1012806D0BDE8FC41BB
:107B1000002000E008E0FAF7D9B80120FAF7D6F81B
:107B2000BDE8FC41F9F7D0BDBDE8FC810000304064
:107B30000AD7A33D2DE9FC410446002202204B1E3A
:107B400003E0255C2A44401CC0B29842F9DBD0B265
:107B5000214411F8011C88427DD1E078FE4D1428A3
:107B60007AD00DDC142876D2DFE800F0755E6A72F8
:107B70007E87917575757575757575A9BEE5F8F093
:107B800024286AD03DDC212868D011DC152866D075
:107B9000202860D120796179A27941EA0221E27935
:107BA000237A42EA032202B0BDE8F041FFF7C8BAE7
:107BB00022287DD023284ED12079617940EA012006
:107BC000A179E27941EA0221227A637A42EA032228
:107BD000A37AE57A43EA0523257B667B45EA0625F9
:107BE000A67BE77B46EA0726277C647C47EA0424D9
:107BF000CDE90056FFF788FC2046BDE8FC41FFF7C1
:107C0000E5BC30287DD031287CD050287BD0A028FE
:107C100021D120795F281ED1FBF764F9FAF782FFA2
:107C2000BDE8FC41FAF710B8257964792846FEF7DB
:107C3000F3FA5F2C0FD12846BDE8FC41FBF7A6B94B
:107C40002079617940EA0120BDE8FC41F9F740BEA6
:107C50002079617904E0ABE0E1E05BE14EE117E11E
:107C6000BDE8FC41FEF766BA20796179A279E37933
:107C700002B0BDE8F041FDF761BD20796179A279DC
:107C8000E379FDF797FEBDE8FC41FDF7F3BE2579EA
:107C9000667901F073FCA84200D11DB9FDF72CFEF6
:107CA000FDF7E8FE3146284601F0C6FC032D00E052
:107CB00029E17DD1A079BDE8FC4101F0B5BC207976
:107CC0005F2875D1002211460720FCF7E9FD052148
:107CD000002001F0B1FCFDF70FFEFDF7CBFEBDE883
:107CE000FC410020F9F7F4BD2079617940EA0120D8
:107CF00000B2A179E27941EA022109B2227A637ADB
:107D000002E01CE136E144E142EA032212B2A37A26
:107D1000E47A43EA04231BB240EA0104144300D18D
:107D200023B102B0BDE8F041FDF75EB8BDE8FC410B
:107D30000120FDF799B822796079A179E37941EAC8
:107D4000032102F080021AB1012202E02AE005E0DC
:107D5000002202B0BDE8F041FCF7A2BD23796079B2
:107D6000A17940EA012000B2E179227A41EA0221B8
:107D700009B2627AA47A42EA042212B203F08003C2
:107D800040EA0104144302D033B1012305E0BDE809
:107D9000FC410120FDF768B8002302B0BDE8F041C6
:107DA000FCF74EBD2079617940EA0120A17900E01D
:107DB000AAE0E27941EA0228217A627A41EA0226BF
:107DC000A47AF8F774FD00222B46F8F7CBFCF8F7FD
:107DD0000BFE07464046F8F76AFD00222B46F8F7EF
:107DE000C1FCF8F701FE80463046F8F760FD00223E
:107DF0002B46F8F7B7FCF8F7F7FD05462B46424649
:107E000039460420FDF758FB5F2C7DD102B02B468C
:107E100042463946BDE8F0410420FBF7DBB8207943
:107E2000617940EA0120A179E27941EA0227217AC9
:107E3000627A41EA0226A47AF8F739FD00222B463D
:107E4000F8F790FCF8F7D0FD80463846F8F72FFD9C
:107E500000222B46F8F786FCF8F7C6FD07463046A9
:107E6000F8F725FD00222B46F8F77CFCF8F7BCFD5F
:107E700005462A4639464046FDF7AAFB5F2C43D10A
:107E800002B02A4639464046BDE8F041FBF7D8B873
:107E900025796079314E4FF07C544FF07F575F2841
:107EA00011D0072D7BD22846FCF772FFFCF746FD68
:107EB000062874D102B0234632463946BDE8F04167
:107EC0000420FDF7F9BA072D69D22846FCF760FFB8
:107ED0002846FBF76FF8FCF731FD06285FD12346F3
:107EE000324639460420FDF7E7FA02B0234632460F
:107EF0003946BDE8F0410420FBF76CB82079BDE8B5
:107F0000FC41FFF7CFBA00E049E02079BDE8FC4131
:107F1000FFF736BB247954B1062C40D80120FFF777
:107F2000EDFAE1B2BDE8FC412420FDF7E3BDFAF72C
:107F3000BBFFBDE8FC4100212420FDF7DBBD20791B
:107F40006279A1795F290DD0012828D11046BDE8BA
:107F5000FC41002104E0000000408F400AD7A33D0F
:107F6000F9F7EEB801281AD11046BDE8FC4101210D
:107F7000F9F7E6B8217994F90500012905D081299E
:107F80000DD1BDE8FC41F9F77BB9BDE8FC41F9F73B
:107F900063B920796179BDE8FC41FDF7ABBDBDE86F
:107FA000FC8100002DE9F041002302224C1E03E079
:107FB000855C2B44521CD2B2A242F9DBDAB20144F6
:107FC00011F8011C8A425BD1C1780F290AD015290A
:107FD0001DD0502954D102794179BDE8F0411046B5
:107FE000FDF788BD00795F284AD10022114607209D
:107FF000FCF756FC0521002001F01EFBFDF77CFC80
:10800000FDF738FDBDE8F0410020F9F761BC0479C7
:1080100040791C4E4FF07C554FF07F575F2809D0B8
:10802000072C26D22046FCF7B3FEFCF787FC062877
:1080300019D01EE0072C1CD22046FCF7A9FE2046D2
:10804000FAF7B8FFFCF77AFC062812D12B46324625
:1080500039460420FDF730FA2B46324639460420D3
:10806000FAF7B8FF05E02B46324639460420FDF703
:1080700023FA3220F9F72AFABDE8F041F9F7E4BD16
:10808000BDE8F0810AD7A33DF0B51D4A01271D4B7D
:108090005178002913D00024012915D015462E78D7
:1080A000751CEDB202291AD0032907D19855157015
:1080B000D079854202D3977114705470F0BDFF28B7
:1080C000FCD118705770F0BDFC2802D054701C70A1
:1080D000F0BDFC205870022050701070F0BD811C63
:1080E000C9B2D171142905D3147054701C705C701E
:1080F000D471F0BD9855157003205070F0BD00008C
:1081000000000020B40300200FB4054B10B503A9F4
:10811000044A029800F048FD10BC5DF814FB000012
:10812000F5B00008AC0300200FB4084B10B504A94B
:1081300002AA039800F038FD044602A9002001F0CD
:10814000CAF8204610BC5DF814FB0000D792000866
:10815000490050EAC12018BF04204A0D18BF40F062
:10816000010040F2FF72B2EB515F08BF40F0020025
:10817000012808BF052070474100080218BF0420ED
:108180000A0E18BF40F001004FF07F4232EA0101B1
:1081900008BF40F00200012808BF0520704700001A
:1081A0002DE9F74F144694B00021C4E90211159946
:1081B000079121F00045C9498D4206DC1599C4E9B3
:1081C000000117B00020BDE8F08FC549DFF814A307
:1081D000A9423CDD0799C44E0029C44FC44A1599F1
:1081E000534619DDF8F746FA554506D0C14AC24B49
:1081F000F8F740FAC4E900010AE04FF0D352BE4B51
:10820000F8F738FA32463B46F8F734FAC4E9000189
:1082100017B00120BDE8F08FF8F78BF9554506D06F
:10822000B44AB54BF8F785F9C4E900010AE04FF00C
:10823000D352B14BF8F77DF932463B46F8F779F95E
:10824000C4E9000117B04FF0FF30BDE8F08FAB4933
:10825000A942159978DB21F0004183468846A84A57
:10826000A84BF8F70DFA0022A74BF8F762F9F8F7D8
:1082700058FB0990F8F70AFB06460F469C4A5346FE
:10828000F8F7FEF943465A46F8F7F7F980468A466A
:10829000984A994B30463946F8F7F2F92A0D0125EC
:1082A0000B9242465346F8F7E8F9032DC4E9000162
:1082B00039D00B98C1F30A51401A05EB4511113919
:1082C000814230DA9148C346784400EB0510CDF87E
:1082D0000CA00C90D0E9002330463946F8F7D0F9CD
:1082E00002460B460491069058460399F8F7C2F9E6
:1082F00080468A4602460B4658460399F8F7BAF973
:10830000049B069AF8F7B6F983460C980391394610
:10831000D0E902233046F8F7B3F95A46039BF8F741
:10832000A9F96D1CBDE707980028A2BF099817B0EE
:10833000BDE8F08F616881F000416160099817B075
:108340004042BDE8F08FFFE784461598C1F3130162
:10835000C0F30A50A0F2F5304FEA601800F01F0693
:10836000C6F12000139000200690079041F4801E73
:1083700005206D4676B1664A08EB00017A4452F852
:10838000213002EB8101B3404A68139922FA01F1CE
:10839000194305E05F4908EB0002794451F82210C7
:1083A000A1FB0E27A1FB0C131A449A4234BF0123F0
:1083B000002303EB070A05EB8003D3E901B70F4461
:1083C0008F4234BF0121002193448B4411B1934566
:1083D00002D903E0934501D2012100E00021C3E965
:1083E00001B7514445F82010011EA0F10100C1DC85
:1083F0000298059F00F10050800F12900298DDE96D
:1084000003568000F8F742FA834628460D91F8F7A4
:108410004EFA6FF01D02F8F714FACDE90E0130465E
:10842000F8F745FA6FF03D02F8F70BFA80468A46F6
:108430003846F8F73CFA6FF05D02F8F702FA0746A3
:10844000424653461191F8F774F8DDE90E23F8F728
:1084500070F85A460D9BF8F76CF800250E465A4600
:1084600028460D9BF8F706F9DDE90E23F8F702F927
:1084700042465346F8F7FEF83A46119BF8F7FDF8E6
:10848000DFF898A0244A5346F8F7FAF807468846DA
:10849000234A244B31462846F8F7F2F83A46434639
:1084A000F8F747F8074688464FF0A842534631464A
:1084B0002846F8F7E5F83A464346F8F73AF8159AA9
:1084C00012F0004F04D0129A81F0004152421292F1
:1084D000C4E90001129817B0BDE8F08FFB21E93F15
:1084E0007CD90240FB21F93F7370032E8A19A33B0C
:1084F000000040543163621A61B4D03DFB21394120
:1085000083C8C96D305FE43F0000E03FECC200006B
:1085100068C200004AC20000182D4454FB21F93DF6
:108520003326A611460B113C2DE9F0414F1E00EBFE
:10853000C7010446D1E9000115461E4637F0060280
:108540000DD02A463346F8F79BF87F1E04EBC7038D
:10855000D3E90023F7F7EDFF37F00602F1D1022F40
:1085600025D0042F13D0062F18BFBDE8F0812A466E
:108570003346F8F785F8D4E90A23F7F7DAFF2A46F5
:108580003346F8F77DF8D4E90823F7F7D2FF2A46F7
:108590003346F8F775F8D4E90623F7F7CAFF2A46F9
:1085A0003346F8F76DF8D4E90423F7F7C2FF2A46FB
:1085B0003346F8F765F8D4E90223F7F7BAFF2A46FD
:1085C0003346F8F75DF8D4E90023BDE8F041F7F74A
:1085D000B0BF00002DE9F04D04468CB0904821F06A
:1085E0000047164698460D460991874206DA20460E
:1085F0002946F8F796F9002800F0AE808948B8427D
:108600001CDC09980028BCBF85F0004588F00048B4
:10861000854A864B20462946F8F72FF804460D4632
:108620003246434682488349F8F724F822462B46CF
:10863000F7F77FFF002604460D46B04622462B463C
:1086400010461946F8F71CF88B46824602460B4640
:10865000F8F716F80246089077480B460091062175
:108660007844FFF761FFCDE9031074480621784490
:10867000009B089AFFF758FF52465B46F8F700F850
:10868000CDE9051052465B4620462946F7F7F8FF2C
:1086900007910090DDE90310DDE90532F7F749FFA6
:1086A000079B009AF7F7ECFF32464346F7F741FF86
:1086B00052465B46F7F7E4FF32464346F7F739FF89
:1086C00080460E465E4A5F4B07990098F7F7D8FF41
:1086D00042463346F7F72DFF82468B4622462B460D
:1086E000F7F727FF80464F480E46B84214985BDCE8
:1086F000F8F7CCF80746424633460591F7F719FFDD
:10870000CDE901104246334610461946F7F7B8FF47
:10871000DDE90132F8F726F852465B46F7F7AAFF83
:1087200022462B46F7F7A9FF0122F8F78AF83A46C6
:10873000059BF7F7A2FF04460D460998022101EABE
:10874000A070C0F10100F8F7A1F80CB022462B464A
:10875000BDE8F04DF7F794BF1498401C3843204310
:108760000BD01498012812D00CB022462B46BDE83D
:10877000F04D00203449F7F7F5BF0CB025F0004369
:108780002246BDE8F04D00203049F7F7EBBF204608
:108790002946FFF7DDFC042808BF00F065F82046F5
:1087A0000CB02946BDE8F08D012802BF40460CB050
:1087B000BDE8F08D00270B463A4620462946F7F7DC
:1087C0005CFF52465B46F7F758FF04460D464246AB
:1087D000334600201C49F7F7C5FF83463A468846D2
:1087E00033461046F7F74CFF0022184BF7F7A1FE6F
:1087F00006468A4622462B4638464146F7F740FF52
:1088000032465346F7F795FE5A464346F7F738FF88
:108810000CB03A464346BDE8F04DF7F78ABE00007B
:108820000000303E2894E53F182D4454FB21E93FD9
:10883000075C143326A6813C3CC000005EC00000EB
:10884000635555555555D53F0000F0BF0000F03F2A
:108850000122F7F7F6BFF7F76CBE00221346104669
:108860001146F7F77FBF0000024A00201107F7F713
:10887000E8BF000001FDFFFF0121F7F74EBE002118
:108880000846F7F70CBE6FF05E010807F7F745BE24
:108890002DE9F04D0D4614464FF07F41B1EB440FEA
:1088A0009EBF4FF0FF312960BDE8F08D4FF00040D2
:1088B00040EA0421C4F3C750783810F01F024A4B35
:1088C0004FEA601CC2F120067B44C4F3C750A0F1FC
:1088D00078004FEA601003EB800053F82C3008BF9B
:1088E000D0E901C612D0D0F804C093402CFA06F7A4
:1088F0003B4387680CFA02FC27FA06F8C06807FABF
:1089000002F2F0404CEA080C42EA0006A3FB0132F6
:10891000ACFB01C0A6FB016101EB0C068E4234BF2B
:108920004FF0010C4FF0000CC1186144BCF1000F76
:1089300002D0814202D903E0814201D2012000E04D
:108940000020104400F120024FEA92188006CA0C61
:1089500040EA42304F03C5F80080F7F789FF8246AE
:108960003846F7F78EFF6FF01201F7F7D6FD07468E
:108970003046F7F786FF6FF02501F7F7CEFD834607
:1089800039465046F7F701FD5946F7F7FEFC00F56A
:1089900000666FF30B0651463046F7F748FD39463F
:1089A000F7F745FD5946F7F745FD1049F7F745FD3F
:1089B00007460F493046F7F740FD3946F7F7E5FC23
:1089C00007460C493046F7F738FD3946F7F7DDFC26
:1089D00014F0004F08BFBDE8F08DC8F1805180F061
:1089E00000402960BDE8F08DB4BD0000DB0FC92F49
:1089F00022AAFD290000C92F02E008C8121F08C1E1
:108A0000002AFAD170477047002001E001C1121F0F
:108A1000002AFBD170470000014908607047000040
:108A2000B00300202DE9FF5F82B00021DDE90430B2
:108A3000020DDDF840B0034318D044F61050A2F206
:108A4000FF3242431514119801281FD0A5EB0B00EB
:108A5000401C5FEA000A4FF000064E4FDFF83891E5
:108A6000B046504615D5CAF1000413E01198012410
:108A70004AA3012801D16FEA0B010298119AC0E9BB
:108A80000031C0E9024206B0BDE8F09FCBF1000022
:108A9000DFE704460021404A491842EB0450CDE983
:108AA000001012E0E00707D032463B4640464946F8
:108AB000F7F7E6FD8046894632463B4610461946A2
:108AC000F7F7DEFD06460F466410002CEAD1DDE91B
:108AD0000401DDE90023BAF1000F06DAF7F7D0FD53
:108AE00042464B46F7F7CCFD05E0F7F73BFE424622
:108AF0004B46F7F737FE04460E460022284BF7F7A1
:108B00005BFF03D84FF0FF30014607E00022254B02
:108B100020463146F7F70DFDF8F7F3F8102409E089
:108B2000002C0ADB0A220023F7F76AFB039B303292
:108B30001A55641E50EA0102F2D1641C039AC4F172
:108B400011031444119A012A03D0012208430DD1C4
:108B50000AE0084304D000204FF0110B119072E797
:108B6000A3EB0B056D1E0DE05B4504DD4FF000022D
:108B700005F1010504E003DA4FF00002A5F101055B
:108B8000002AECD002981199C0E90231C0E90045F1
:108B900079E70000000014400000F03F30000000C2
:108BA0000000F0430000E03F2DE9FF4F95B09B46E9
:108BB0008946064600250FE2252877D1002427465E
:108BC000F84A0121059400E0044316F8013F203BD8
:108BD00001FA03F01042F7D130782A2811D06FF053
:108BE0002F033078A0F13002092A16D8059A44F0F4
:108BF000020402EB820203EB42021044761C059051
:108C0000EFE759F8042B0592002A03DA504244F4A6
:108C10000054059044F00204761C30782E2816D1BA
:108C200016F8010F44F004042A280DD06FF02F022B
:108C30003078A0F13003092B09D807EB870302EB4A
:108C40004303C718761CF3E759F8047B761C307889
:108C50006C280FD006DC4C2817D068280DD06A2865
:108C600014D104E0742810D07A280FD10DE044F418
:108C700000140AE044F4801401E044F440147278D3
:108C8000824202D104F58014761C761C3078662866
:108C90000BD013DC582877D009DC002875D0452884
:108CA000F6D04628F4D047281AD19DE118E0632871
:108CB00035D0642879D0652812D195E1702873D019
:108CC00008DC6728F1D069286FD06E280DD06F2896
:108CD00006D1B5E073282CD0752875D0782874D0CB
:108CE0005A46179990476D1C75E1C4F3025002284B
:108CF00009D003280DD0D9F8001004280DD00D603C
:108D000009F1040967E1D9F80010EA17C1E9005236
:108D1000F6E7D9F800100D80F2E70D70F0E719F8CA
:108D2000041B8DF8001000208DF80100EA46012098
:108D300003E059F804AB4FF0FF3061074FF000013A
:108D400002D40DE008F101018846B9420FDA8045EE
:108D5000F8DB1AF808100029F4D108E008F1010145
:108D600088468142FADB1AF808100029F6D10598E6
:108D70005B46A0EB080721463846179A00F094FAA4
:108D8000284400EB080507E04DE029E10DE01AF862
:108D9000010B5A4617999047B8F10108F7D25B4684
:108DA00021463846179A13E142E00A220092C4F3A2
:108DB00002524FF0000A022A08D059F804CB032AC5
:108DC0004FEAEC710AD00DE029E02AE009F1070131
:108DD00021F00702F2E802C1914609E00FFA8CFC8B
:108DE0004FEAEC71042A03D14FFA8CFC4FEAEC7184
:108DF000002907DA0A460021DCF1000C61EB0201D0
:108E00002D2202E0220504D52B228DF80420012218
:108E100003E0E20701D02022F7E7904659E00A215B
:108E200002E010220DE010214FF0000A00910BE04B
:108E300010224FF0000A44F004040827009203E0D7
:108E400008224FF0000A0092C4F30252022A05D011
:108E500059F804CB0021032A08D009E009F10701E1
:108E600021F00702F2E802C1914605E01FFA8CFCEE
:108E7000042A01D10CF0FF0C4FF00008220728D57E
:108E8000702806D0009B83F0100353EA0A0305D034
:108E90000EE040228DF80420012208E05CEA010285
:108EA00006D030228DF804208DF80500022290466D
:108EB000009B83F0080353EA0A030AD15CEA01022B
:108EC00001D1620705D530228DF804204FF001084A
:108ED0007F1E582804D034A003900EA802900DE005
:108EE00036A0F9E753466046009AF7F789F98446B9
:108EF0000398825C0298401E029002705CEA0100B6
:108F0000F0D1029806A9081A00F1200A600702D5DC
:108F100024F4803400E00127574502DDA7EB0A0066
:108F200000E0002000EB0A01009005984144401A3F
:108F30000590E00306D45B462146179A059800F099
:108F4000B3F90544002706E001A85A46C05D179909
:108F500090476D1C7F1C4745F6DBE0030CD55B4654
:108F60002146179A059800F09FF9054404E0302047
:108F70005A46179990476D1C0099481E0090002989
:108F8000F5DC08E0029802995A460078491C0291E3
:108F9000179990476D1CBAF10001AAF1010AF1DCA2
:108FA00065E10000092801003031323334353637AD
:108FB0003839616263646566000000003031323325
:108FC00034353637383941424344454600000000C5
:108FD00000F058F90544761C307800287FF4ECAD99
:108FE00019B02846BDE8F08F620700D4062709F1C2
:108FF000070222F0070CFCE80223E14603F00048D8
:109000005FEA080C02D00FF2702C0DE05FEA045CFE
:1090100002D50FF2682C07E05FEAC47C02D00FF2A1
:10902000602C01E0AFF2700C4FF0FF3823F00043EA
:10903000CDF850C065280CD006DC452809D046285C
:109040001DD047283DD13DE0662818D067287ED145
:1090500038E00021112F01DB112000E0781CCDE960
:10906000000106A90EA8FFF7DDFCDDE90F010E9A4D
:1090700003910021009207F1010A04914DE04FF0A5
:1090800000400097CDE9011006A90EA8FFF7CAFC21
:10909000DDE90F0203920E9B11990022DDF80CA06E
:1090A0000093049211B9791C00EB010AB7EB0A0096
:1090B00004D4C0F1FF3007F1010A0490AAEB0700C5
:1090C000019044E0012F00DA01270021112F01DD7A
:1090D000112000E03846CDE9000106A90EA8FFF7EF
:1090E000A1FCDDE90F010E9A039100210491009289
:1090F000BA4621070CD40399514500DA8A46BAF1E1
:10910000010F05DD009AAAF10101515C302908D058
:10911000B84202DA10F1040F06DA0121CDE901109C
:1091200015E0AAF10101E9E7002805DC04990144F2
:109130000491AAEB000102E0411C514500DD8A4682
:109140000499401A401C01904FF000400290200703
:1091500004D40198504501DBCDF8048000208DF83F
:109160004F0002980DF14F07B0F1004F25D02B2092
:109170000E9002984FF0020800280CDA404202904C
:109180002D200E9007E00A210298F7F753FC3031AA
:10919000029007F8011DB8F10001A8F10108F2DC06
:1091A00002980028EFD1791E0E980870307800F0F0
:1091B000200040F0450007F8020D12A8C01B00F186
:1091C00007081498007800B1012000EB0A0101980B
:1091D00001EBE07105984144401A401E0590E00300
:1091E00006D45B462146179A059800F05DF80544C1
:1091F0001498007818B15A46179990476D1CE003EF
:1092000024D55B462146179A059800F04DF8054491
:109210001CE00498002807DBDDE90301884203DD38
:109220000098405C179901E0179930205A46904702
:10923000049805F10105401C04900198401E01901E
:1092400004D12E205A46179990476D1CBAF100019F
:10925000AAF1010ADDDC05E017F8010B5A4617995F
:1092600090476D1CB8F10001A8F10108F4DC5B46E1
:109270002146179A0598ABE62D0000002B00000050
:10928000200000002DE9F041044600251E46174647
:10929000880404D405E039462020B0476D1C641EC4
:1092A000F9D52846BDE8F0812DE9F04104460025B6
:1092B0001E469046C80301D5302700E020278804C9
:1092C00004D505E041463846B0476D1C641EF9D50B
:1092D0002846BDE8F0810A68531C0B601070704787
:1092E00001490120487070474003002070B5244CAC
:1092F000E07AC00714D1F6F7F7FFA070F6F7F4FF95
:10930000E070F6F7F1FF2071E07806F09BFBE0706B
:10931000221D511E481E06F0B1FBE07A401CE0728F
:10932000E07A0025012802D0032812D024E0207B17
:109330000E2807D22379E278A178FCF73BFB207B4B
:10934000401C2073207B0E2816D30220E072257368
:1093500012E0207B0E280AD2C0F10D00C0B22379A2
:10936000E278A178FCF726FB207B401C2073207B51
:109370000E2801D3E5722573BDE87040FCF77ABB77
:10938000AC00002010B5F8F777FA104A5179491C63
:10939000C9B25171136918441061082914D300210E
:1093A0005171C4101161FCF7A7FAFBF7C7FA062840
:1093B00006D0204606F0B4FABDE81040FCF75ABBD0
:1093C000204606F0F6FAF7E710BD0000AC000020DA
:1093D00010B5454C2146627B4969002A07D0072811
:1093E00075D2DFE800F0444B525960676E000728E1
:1093F00035D2DFE800F0040B121920272E000023DD
:10940000C9B21A46FF20FCF7D5FA28E0CAB20023F9
:109410001946FF20FCF7CEFA21E0CBB2002211461C
:10942000FF20FCF7C7FA1AE0CAB2C9B20023FF2036
:10943000FCF7C0FA13E0CBB2C9B20022FF20FCF760
:10944000B9FA0CE0CBB2CAB20021FF20FCF7B2FAA5
:1094500005E0CBB2CAB2C9B2FF20FCF7ABFA606933
:10946000801C606196283ADB0120607337E000239E
:10947000C9B21A46FF20FCF79DFA28E0CAB20023C1
:109480001946FF20FCF796FA21E0CBB200221146E4
:10949000FF20FCF78FFA1AE0CAB2C9B20023FF20FE
:1094A000FCF788FA13E0CBB2C9B20022FF20FCF728
:1094B00081FA0CE0CBB2CAB20021FF20FCF77AFAA5
:1094C00005E0CBB2CAB2C9B2FF20FCF773FA6069FB
:1094D000801E6061002802DA002060736061BDE8D0
:1094E0001040FCF7C7BA0000AC00002070B5224C59
:1094F00000252146227848788979072A0DD2DFE8AD
:1095000002F00C040D1629203200814202D300F033
:1095100003F9A571A079401CA07170BD814202D3EE
:1095200000F044F8A571A079401CA07170BD814283
:1095300003D3E079FFF74CFFA571A079401CA0711F
:1095400070BD814202D300F083F8A571A079401C60
:10955000A07170BD814202D3FFF7C8FEA571A0794A
:10956000401CA07170BD052902D3FFF70BFFA57148
:10957000A079401CA07170BDAC00002001480078AB
:1095800070470000AC00002010B50020064A4FF4E0
:10959000A02142F82010401C0E28FADBFCF7ACF9A1
:1095A000BDE81040FCF766BA2405002070B5F6F758
:1095B0009BFE962490FBF4F104FB1100C0B206F070
:1095C00041FA0546F6F790FE90FBF4F104FB11001A
:1095D000C0B206F037FA0646F6F786FE90FBF4F1C5
:1095E00004FB1100C0B206F02DFA310441EA052156
:1095F0000C4D014329600024E0B255F82410FCF71B
:10960000EFF90D2C07DAC4F10C00C4F10D0155F887
:10961000200045F82100641C0E2CEDDBBDE87040F5
:10962000FCF728BA5C050020072801D20149C8715F
:1096300070470000AC000020044A072800D21070D8
:10964000481E092800D8517070470000AC00002067
:1096500070B500EB80004400F6F746FE90FBF4F195
:1096600004FB11002A4D022837DC2A4C0526A07B7A
:1096700000EB40012944497859B1401CB0FBF6F198
:1096800006FB1100A07300EB40002844407800283E
:109690003CD1F6F729FE0E2190FBF1F201FB1201FD
:1096A000A07B00EB40002954F6F71EFE642190FBDE
:1096B000F1F201FB12003230C1B2A07B00EB40029C
:1096C0002A4451703223B1FBF3F1C91C9170401C44
:1096D000B0FBF6F106FB1100A073002404EB440379
:1096E0005A1950789178401A002800DC0020C1B245
:1096F0005170E85C0B460A46FCF75CF9641CE4B266
:10970000052CEBD3BDE87040FCF7B4B970BD000088
:1097100094050020AC00002070B5364E3046737AB8
:10972000807A0E2B58D2072821D2DFE800F00408F7
:109730000C1014181C009620002100221AE096201C
:109740004121002216E096209621002212E00020FE
:10975000962100220EE00020962196220AE00020A9
:109760000021962206E096200021962202E00020A9
:1097700000210022204D042B14D200FB03F4A0EBA7
:109780009400C0B201FB03F4A1EB9401C9B202FB47
:1097900003F4A2EB9402D2B2090441EA0020104380
:1097A000286002E04FF4A02028600024E0B255F8C1
:1097B0002410FCF715F90D2C07DAC4F10C00C4F1E4
:1097C0000D0155F8200045F82100641C0E2CEDDB3E
:1097D000707A401C707208E000217172401C0721F1
:1097E000B0FBF1F201FB1200B072BDE87040FCF773
:1097F00041B90000AC000020240500202DE9F04D07
:109800008D4F21F0004A86B005460C46BA452ADB4A
:10981000AAEB070028430AD08848824501DC1AD108
:10982000CDB106B02846BDE8F04DFFF711B8844A27
:10983000844B2846F6F724FF07460E46824A834BA0
:1098400028462146F6F71CFF06B03A463346BDE8E7
:10985000F04DF6F76EBE0120FFF7DEF806B0BDE86A
:10986000F04DFEF7FABF7A48824542DABAF1795FE5
:109870000BDA2846FEF76CFC042808BFFEF7F4FF5D
:10988000284606B02146BDE8F08D2A460B46104614
:10989000F6F7F6FE834602466E480E460B46062154
:1098A0007844FEF741FE5A463346F6F7E9FE804615
:1098B00069488A465A46334604217844FEF734FE06
:1098C0005A463346F6F7DCFE00223B46F6F731FEF9
:1098D00002460B4640465146F6F744FF2A462346C9
:1098E000F6F7CEFE06B02A462346BDE8F04DF6F761
:1098F00020BE284624F0004100223D463B46F6F7B4
:10990000BCFE4FF0FF32F6F79CFF06460246534876
:109910000F460B4606217844FEF706FE32463B46CC
:10992000F6F7AEFECDE900014D4832463B46042134
:109930007844FEF7F9FD32463B46F6F7A1FE0022D9
:109940002B46F6F7F6FD834602913046394606F07F
:1099500027FC804643480D46504517DCDDE90001F1
:109960005A46029BF6F7FEFE42462B46F6F788FE65
:1099700042462B46F6F7DDFD0122F6F762FF304A3C
:10998000304BF6F777FE304A304B4CE04FF0000A90
:1099900052460B464046F6F7CCFDCDE90310524641
:1099A0002B4610461946F6F76BFE32463B46F6F755
:1099B00064FEDDE90332F6F7D5FE06460F46DDE923
:1099C00000015A46029BF6F7CDFE83460091012224
:1099D00030463946F6F735FF194A1A4BF6F74DFE71
:1099E00006460F46012240462946F6F72AFF5A4608
:1099F000009BF6F745FE32463B46F6F73BFE064631
:109A00000F46012250462946F6F71BFF0E4DDFF8A0
:109A100058802A464346F6F730FE32463B46F6F774
:109A20002CFE2A464346F6F728FE002CD8BF81F0CC
:109A3000004106B0BDE8F08D0000F03F0000F07F6F
:109A4000075C143326A6913C182D4454FB21F93FA2
:109A50000000E03F24AC00003AAC0000AEAB0000D8
:109A6000C4AB00003333EF3FFB21E93F2DE9F84F52
:109A700004460D4621F0004000917349814211DCFB
:109A80007249884201DC06D12CB120462946BDE846
:109A9000F84FFEF7DDBE6E48002DCCBF6D496E4914
:109AA000BDE8F88F6D49814211DD6D498142D8BF13
:109AB0004FF0FF366DDD20462946FEF749FB0428AE
:109AC00008BFFEF7D1FE20462946BDE8F88F65495C
:109AD000654F25F00045814233DD6449814219DD3F
:109AE000002632464FF0804320462946F6F721FDF6
:109AF00080468A46012220462946F6F7A2FE002229
:109B00003B46F6F7B7FD42465346F6F72BFE0446B2
:109B10000D463EE001260022BA463B462046294635
:109B2000F6F707FD80460F46002253462046294699
:109B3000F6F7A0FD42463B46F6F714FE04460D46F6
:109B400027E04B4981421BDDDFF828A102260022D5
:109B5000534620462946F6F793FD00223B46F6F78A
:109B6000E8FC80460F460022534620462946F6F779
:109B700081FD42463B46F6F7F5FD04460D4608E0FA
:109B8000032622462B4600203B49F6F7EBFD044610
:109B90000D4622462B4610461946F6F771FD8B46B8
:109BA000824602460B46F6F76BFD074602463348EF
:109BB00088460B4606217844FEF7B6FC52465B46C3
:109BC000F6F75EFD82462E488B463A46434605210F
:109BD0007844FEF7A9FC3A464346F6F751FD0246A3
:109BE0000B46002E504659460CDAF6F7A2FC2246E8
:109BF0002B46F6F745FD01B022462B46BDE8F04F57
:109C0000F6F73BBDF6F795FC22462B46F6F738FDF6
:109C10001C4A7A4402EBC603D3E90023F6F72AFD77
:109C200022462B46F6F726FD174A7A4402EBC60376
:109C3000D3E90023F6F721FD009A002AB8BF81F08E
:109C40000041BDE8F88F0000000010440000F07FE4
:109C5000182D4454FB21F93FFB21F9BF0000DC3FE4
:109C60000000203E0000F33F0000F03F0000E63F10
:109C7000008003400000F83F0000F0BFC6A90000CC
:109C800084A9000022A90000EAA800002DE9F04DF7
:109C90009446CCF1000423F000464CEA0404524FF1
:109CA00046EAD4749A46884621F00042BC4206D85F
:109CB000454240EA050442EAD474BC4204D9BDE8F6
:109CC000F04D6246FEF7C7BDAAF14055A5F17F658C
:109CD00055EA0C040BD0022404EAAA74434DDFF8C1
:109CE00010E144EAD87452EA000B04D00CE0BDE85D
:109CF000F04DFFF7BBBE002C14BF012CBDE8F08D6A
:109D0000022C30D0032C32D056EA0C0B0AD0BE42C3
:109D100020D1BA4209D126F0804622F08042334653
:109D2000114617E000291ADB25E0DFF8C8B0FB4434
:109D3000002C04BFDBE90001BDE8F08D012C02BF5F
:109D4000DBE9000181F00041BDE8F08D022C0AD072
:109D5000032C0CD0BA4212D1B8F1000F0BDA234811
:109D60002549BDE8F08D28462449BDE8F08D2846F8
:109D70007146BDE8F08D1D482149BDE8F08D921B6C
:109D800012153C2AC4BF19481D490EDCBAF1000F58
:109D9000BEBF12F13C0F0020014606DB6246F6F71B
:109DA000E1FC21F00041FFF761FE002C08BFBDE897
:109DB000F08D012C04BF81F00041BDE8F08D114A07
:109DC000114B022C07D0F6F755FC2A46BDE8F04DA2
:109DD0000A4BF6F74FBCF6F74DFC2A46BDE8F04DAE
:109DE000064BF6F74ABC00000000F07F182D4454E3
:109DF000FB2109C07EA80000FB21F9BFFB2109401F
:109E0000FB21F93F075C143326A6A13C2DE9F04362
:109E100006460F46002F01DB3D4600E07D42002E46
:109E200001DB344600E07442A54201DD284600E033
:109E300020464FF4005108E000EBD070401005EBD5
:109E4000D572551004EBD47254108842F4DCA5424C
:109E500008DB284605F046FD0146204603F05EF982
:109E6000034607E0204605F03DFD0146284603F085
:109E700055F903461946184603F050F98146DFF8B4
:109E800060804946D8F80C0003F048F9D8F808106B
:109E90000844494603F042F9D8F8041008444946FA
:109EA00003F03CF9D8F800100844194603F036F9DD
:109EB000A8F10402A54204DA116801EBD171C0EBEC
:109EC0006100002F08DA002E03DA1168401ABDE89D
:109ED000F0831168081AFAE7002EF8DA4042F6E734
:109EE000980300202DE9F041054604464FF00E404E
:109EF00000EB4400B0F1145F76D24FF0FE40B0EBBF
:109F0000440F24BF002637460CD214F0004F19BF6F
:109F1000454F464E464F474E21464748F6F7BFFA53
:109F2000054604464FF0FC40B0EB440F2CD24349A9
:109F3000DFF80C8114F0004F0AD04FF03F44384650
:109F4000F6F775FA074641463046F6F770FA09E02B
:109F50004FF07C543846F6F718FA0746414630462B
:109F6000F6F713FA064621462846F6F766FA4FF04A
:109F70007E51F6F70AFA804621462846F6F757FA48
:109F80004146F6F78CFA054629460846F6F755FA93
:109F900080462C49F6F751FA2B49F6F7F6F9414677
:109FA000F6F74BFA2949F6F7F0F94146F6F745FA84
:109FB0002749F6F7EAF94146F6F73FFA2549F6F759
:109FC000E4F9044641462846F6F737FA2146F6F703
:109FD00034FA3146F6F7D9F92946F6F7D6F9394673
:109FE000BDE8F041F6F7D1B94FF0E440B0EB440FD3
:109FF00009D92846FEF7C0F8042808BFFEF743FC3D
:10A000002846BDE8F0814FF07F40B0EB440F04D20A
:10A010002046BDE8F041FEF72FBC14F0004F14BFFE
:10A020000D480E48BDE8F0810000C9BF22AAFDB965
:10A030000000C93F22AAFD39000080BF0060ED3E4C
:10A04000C30ACE372DAD65BD8FB8D53D0FB511BE56
:10A0500061C84C3EA8AAAABEDB0FC9BFDB0FC93F2F
:10A060004FF0FF32002806D04FF6F87330EA0303B2
:10A0700003D01046704710467047000707D521B13E
:10A0800031F4E94003D01046704710467047002075
:10A09000704770281BD00CDC072818D004DC05287A
:10A0A00015D0062811D112E00F2810D010280CD19D
:10A0B0000DE076280DD004DC712808D0722804D178
:10A0C00005E07E2805D07F2803D00120704702F0EC
:10A0D00007BA0020704700002DE9F8430446024605
:10A0E0004F486946B0EB420F09D94FF0E640B0EB5C
:10A0F000420F94BF00204FF0FF30009030E0494BFA
:10A1000022F00040834271D947492046F6F795F97D
:10A11000F6F72BFD8046F6F7D7FB00F00300009022
:10A1200042494046F6F789F9054641494046F6F767
:10A1300084F906463F494046F6F77FF907463E490F
:10A140004046F6F77AF92146F6F774F93946F6F7FC
:10A150006EF93146F6F76BF92946F6F768F90446C9
:10A160002546009C002C45DB294614F0010F0846CB
:10A170001CD0F6F762F906463049F6F75EF9304929
:10A18000F6F758F93146F6F758F92E49F6F7FDF883
:10A190003146F6F752F92946F6F74FF92946F6F710
:10A1A000F4F814F0020F1CD0BDE8F883F6F745F977
:10A1B00005462549F6F741F92449F6F7E6F8294618
:10A1C000F6F73BF92249F6F7E0F82946F6F735F9B4
:10A1D0004FF07E51F6F7D9F814F0020F08BFBDE832
:10A1E000F88380F00040BDE8F883FFE71046FEF7F3
:10A1F0004FFBB4E76800B0F17F4F3CBF4FF07E509B
:10A20000BDE8F88307D14FF00100FEF705FCBDE87B
:10A21000F843FEF734BB2846BDE8F843FEF72CBBF5
:10A22000B61F927E490E494683F9223F1A61342CAB
:10A230000020A23300A0FD390000C93F336D4C3926
:10A24000DA82083CA0AA2ABEB93AB2BACA9F2A3D0D
:10A25000DDFFFFBE10B56FF00400FCF71DF80348EA
:10A260000921017042F22831018110BD280100202E
:10A2700040F2DC51884200D908460949098948431F
:10A280004FF0E021486100238B61012008610869DB
:10A29000C20701D0C003FAD50B618B617047000083
:10A2A000280100200849097848434FF0E02148611F
:10A2B00000238B61012008610869C20701D0C00337
:10A2C000FAD50B618B6170472801002001490020FD
:10A2D0004870704740030020002808D00549D1E9A4
:10A2E00000238968C0E900238160002070474FF097
:10A2F000FF307047A0560020002808D00549D1E95A
:10A3000003234969C0E900238160002070474FF0B2
:10A31000FF307047A0560020002808D00549D1E939
:10A320000D23C96BC0E900238160002070474FF006
:10A33000FF307047A0560020002805D00449B1F82E
:10A340008C100180002070474FF0FF3070470000F4
:10A35000A0560020002805D00449D1F888100160DB
:10A36000002070474FF0FF3070470000A0560020DB
:10A37000002808D00549D1E91923C96EC0E9002396
:10A380008160002070474FF0FF307047A0560020DA
:10A39000F8B506460F461446002C01D00020206078
:10A3A000684600F01FF80E4D10B128600020F8BD7F
:10A3B000009951B1B1420AD900F0F6F83E20286068
:10A3C0000CB1012020600020F8BD0020F8BD384607
:10A3D00000F0A2F810B128600020F8BD0098F8BD88
:10A3E0006403002038B50446002C0BD06A460221D5
:10A3F000702003F031F838B1084A40211160002183
:10A40000216038BD052038BD9DF80010090221608B
:10A410009DF801201144216038BD00006403002034
:10A42000002805D00449B1F88E1001800020704743
:10A430004FF0FF3070470000A0560020002808D0E1
:10A440000549D1E90723496AC0E90023816000205A
:10A4500070474FF0FF307047A0560020002806D00C
:10A4600004490A68026089888180002070474FF0A3
:10A47000FF307047E656002000F010B838B50446AB
:10A48000002000906846FFF7F7FF034A0099136821
:10A49000C91A2160516038BD5C03002038B50446FC
:10A4A000002000906A4604214FF4587001F0CEFC61
:10A4B00000280FD19DF803009DF800109DF80220A0
:10A4C00000EB01609DF80110090401EB0221084432
:10A4D0002060002038BD0000002808D00549D1E9DF
:10A4E0001623096EC0E900238160002070474FF0F9
:10A4F000FF307047A0560020002808D005490A8880
:10A5000002804A88428089888180002070474FF00D
:10A51000FF307047E05600202DE9F04180460E469E
:10A52000002415E0301B102800D9102087B208EB5A
:10A5300004023946722002F08FFF05463DB100F05B
:10A5400033F80549412008602846BDE8F0813C44C5
:10A55000B442E7D32846F8E764030020AFF3008055
:10A5600038B5002000906A460221402001F070FCBE
:10A5700004466A460221422001F06AFC04446A460D
:10A5800002214C2001F064FC04446A4602214E2062
:10A5900001F05EFC04446A4602218A2001F058FC66
:10A5A00020440028FFD138BDF8B54FF480600090FA
:10A5B00000250024184F21E0F87820F0400020F01A
:10A5C0008001F970032004F0AFFA40EA04061F206E
:10A5D00004F04CFB40EA06041E2004F047FB40EA6E
:10A5E00004060E49002008716846FFF7FBFE40EAAA
:10A5F00006040CB12046F8BD6D1CEDB2009808B100
:10A60000062DD9D3F87840F0400040F08001F97071
:10A61000032004F089FAF8BD8E5600206403002060
:10A62000AFF3008038B5002000906A4602219E20DA
:10A6300001F00EFC04466A4602219A2001F008FC53
:10A6400040EA04056A4604218C2001F001FC40EA3E
:10A6500005046A460421842001F0FAFB40EA04055F
:10A660006A460221962001F0F3FB40EA05046A469F
:10A670000221922001F0ECFB40EA04056A46042125
:10A68000802001F0E5FB40EA05046A4602219C2097
:10A6900001F0DEFB40EA04056A460221982001F041
:10A6A000D7FB40EA05046A460221942001F0D0FB62
:10A6B00040EA04056A460221882001F0C9FB2843CC
:10A6C00038BD00207047AFF3008008B5002100912D
:10A6D000694600B201F0B4FB024602214FF4FF705C
:10A6E00001F0B6FB0028FFD108BDAFF30080F8B53C
:10A6F0000446002000906946206801F0A3FB024652
:10A7000004214FF4B66001F0A3FB06466946606879
:10A7100001F098FB024604214FF4B86001F098FB69
:10A7200040EA06052089694600B201F089FB02462D
:10A73000022140F2E45001F08BFB28430028FFD1B6
:10A74000F8BDAFF3008008B500210091694601F023
:10A7500079FB024604214FF4867001F079FB002852
:10A76000FFD108BDAFF3008008B5082811D004DC84
:10A77000022808D0042804D108E010280CD0202892
:10A780000DD0202008BD4FF000700AE04FF080602F
:10A7900007E04FF0006004E04FF0805001E04FF020
:10A7A0000050694601F04EFB024604214FF4F07060
:10A7B00001F04EFB0028E5D108BDAFF3008008B5DD
:10A7C000082811D004DC022808D0042804D108E0AD
:10A7D00010280CD020280DD0202008BD4FF40020D8
:10A7E0000AE04FF4802007E04FF4003004E04FF41B
:10A7F000803001E04FF40040694601F023FB02463F
:10A80000042140F2F44001F023FB0028E5D108BD0B
:10A8100001460020042901DC022002E00A2900DCB4
:10A820000120AFF3008038B500210091052826D221
:10A83000DFE800F0030507090B00002406E001240F
:10A8400004E0032402E0072400E00F2469462046C8
:10A8500001F0F6FA0246022140F20A3001F0F8FA5D
:10A8600005466946204601F0EDFA0246042140F60D
:10A870000C7001F0EDFA28430028FFD138BD2020EC
:10A8800038BDAFF3008038B504460020009069461B
:10A89000206801F0D7FA0246042140F2E46001F09A
:10A8A000D7FA05466946606801F0CCFA02460421F1
:10A8B0004FF4DD6001F0CCFA05446946A06801F070
:10A8C000C1FA0246042140F2EC6001F0C1FA2844CA
:10A8D000002845D16946E06801F0B4FA0246042137
:10A8E00040F6B40001F0B4FA05466946206901F06B
:10A8F000A9FA0246042140F6B80001F0A9FA05447D
:10A900006946606901F09EFA0246042140F6BC00E7
:10A9100001F09EFA2844002822D16946A06901F07E
:10A9200091FA0246042140F2E47001F091FA0546E2
:10A930006946E06901F086FA024604214FF4FD60A1
:10A9400001F086FA05446946206A01F07BFA024666
:10A95000042140F2EC7001F07BFA28440028FFD17A
:10A9600038BDAFF3008038B504460020009069463A
:10A97000206801F067FA024604214FF4B87001F034
:10A9800067FA05466946606801F05CFA02460421F0
:10A990004FF4BA7001F05CFA05446946A06801F012
:10A9A00051FA024604214FF4BC7001F051FA0544FB
:10A9B0006946E06801F046FA024604214FF4BE7091
:10A9C00001F046FA05446946206901F03BFA024667
:10A9D00004214FF4C07001F03BFA054469466069F8
:10A9E00001F030FA024604214FF4C27001F030FA4F
:10A9F00005446946A06901F025FA024604214FF496
:10AA0000C47001F025FA05446946E06901F01AFABC
:10AA1000024604214FF4C67001F01AFA0544694653
:10AA2000206A01F00FFA024604214FF4C87001F0C9
:10AA30000FFA28440028FFD138BDAFF3008008B5D5
:10AA400000210091694600B201F0FAF902460221A4
:10AA50004C2001F0FDF90028FFD108BDAFF30080C4
:10AA600008B5010A8DF800108DF801006A46022130
:10AA7000402001F0EDF908BDAFF300800449020A5F
:10AA80000A7048700A460221422001F0E1B9000034
:10AA9000E4010020AFF3008008B500210091694671
:10AAA00000B201F0CDF9024602218A2001F0D0F96E
:10AAB0000028FFD108BDAFF3008008B5694601F05A
:10AAC000C1F9024604214FF4987001F0C1F908BDA4
:10AAD000AFF3008008B5010A8DF800108DF8010071
:10AAE0006A4602214E2001F0B3F908BDAFF30080A1
:10AAF00038B50A460021009100240C281CD2DFE85A
:10AB000000F006081B0A0C0E10121416181ABE24A8
:10AB100012E0BA2410E0B6240EE0B2240CE0AC241B
:10AB20000AE0A82408E0A02406E0A42404E0BC2451
:10AB300002E0B82400E0B4246946104601F080F930
:10AB40000246A0B2022101F083F90028FFD138BDEE
:10AB5000312070472DE9FC41074688461546002400
:10AB60001DE017482B4620446A4601A900F0ACFDC1
:10AB70000646381BB04214DBBDF80010BDF80400D7
:10AB8000FFF76EFA28B1FFF70FFD4FF0FF30BDE879
:10AB9000FC813444B8F80000401CA8F80000BC4216
:10ABA000DFDB55B1698AE88B01446982A98A0844D0
:10ABB000A882E888E98A0844E8800020E7E70000E6
:10ABC0004C5700202DE9F04FB9B04FF00009CDF8F7
:10ABD000E090CDF8DC90CDF8D890CDF8D490CDF8B9
:10ABE000CC90CDF8D090CDF8C090CDF8C490CDF8F1
:10ABF000C890CDF8B490CDF8B890CDF8BC90642151
:10AC000014A8F5F7AAFB38A801F0A7FCBDF9E000ED
:10AC100042F2023108427DD0CDF81C9001F096FC42
:10AC2000FE4AC2E90601DFF8F8A30125AAF1CC0625
:10AC3000A2F1800414AA07A935A802F075F800282B
:10AC400069D1BDF81C70DFF8D483D8E9040150EA5B
:10AC500001020BD057B1D8E90632181A62EB010194
:10AC60003A46FB0FF5F7FDFAC8E90201002F03D0C1
:10AC7000D8E90601C8E90401CAE135AA36A937A80E
:10AC800002F01AF800287DD1BDF8DC0000041BD5C5
:10AC9000A58030A8FFF740FB01F010FCA06201F096
:10ACA00019FC05FA00F0F5F7E3FD0121F5F735FC95
:10ACB0006FF01D01F5F731FCDA49F5F7BEFB0146EF
:10ACC000D74A30A800F016FFBDF8DC00400474D568
:10ACD000CDF81090CDF81490CDF81890CDF80490E0
:10ACE000CDF80890CDF80C90258133A8FFF704FC2F
:10ACF00001F01AFC05FA00F0F5F7BAFDCA4F394623
:10AD0000F5F79BFB6FF00E01F5F707FCDFF81C83EE
:10AD1000414601E0C4E193E1F5F78FFB0146BDF93F
:10AD2000CC000490BDF9CE000590BDF9D00006908E
:10AD3000BB4A04A8283200F0DDFE33A8FFF78EFBE3
:10AD400001F0F2FB05FA00F0F5F792FD3946F5F750
:10AD500074FB6FF01301F5F7E0FB4146F5F76DFB6F
:10AD60000746BDF9CC000190BDF9CE000290BDF9B7
:10AD7000D0000390AA4A3946343201A800F0BAFE46
:10AD8000307800E058E1800714D504984001049021
:10AD900005984001059006984001069001AA04A973
:10ADA00030A801F06DFF9E4A39461C3230A800F0F1
:10ADB000A1FEE58001F0ACFBE062BDF8DC0080069E
:10ADC0000DD5658130A8FFF7D3FA01F0B3FB6063BE
:10ADD0004FF05E51924A30A8403200F08BFEBDF831
:10ADE000DC00800413D530A8FFF776FB8C484C308C
:10ADF00000F10C07C0F80090C0F80490C0F808906B
:10AE0000C7F80090C7F80490C7F80890A581BDF86E
:10AE1000DC0000057BD5E5812DA8FFF75DFA8049B0
:10AE20002DA8103900F086FE0EA92DA800F0D4FE42
:10AE30000EA911A801F0D2FC119802F075F9784F13
:10AE400080373860129802F06FF97860139802F03A
:10AE50006BF9B860DFF8D881DAF800B0C34501D2E9
:10AE6000012000E00020F5F70CFD4FF07C51F5F7D4
:10AE7000DEFA074610215846F5F74FFB3946F5F73D
:10AE800084FAF5F721FD0890DAF804B0C34501D241
:10AE9000012000E00020F5F7F4FC4FF07C51F5F7BD
:10AEA000C6FA074610215846F5F737FB3946F5F73D
:10AEB0006CFAF5F709FD0990DAF80870474501D2F8
:10AEC000012000E00020F5F7DCFC4FF07C51F5F7A5
:10AED000AEFA804610213846F5F71FFB4146F5F7DC
:10AEE00054FAF5F7F1FC0A9008AA11A90BA801F091
:10AEF000CFFC0B9802F018F9494F743738600C9862
:10AF000002F012F978600D9802F00EF9B860BDF801
:10AF1000DC0040052CD525822DA8FFF7EDF901F0C6
:10AF20000FFBF5F7A5FC6FF01C01F5F7F6FAF5F746
:10AF3000CBFC20633A492DA80C3100F0FBFD3078A2
:10AF4000000615D501A92DA800F046FE01A904A808
:10AF500001F0BAFC049802F0E7F8314F8C37386002
:10AF6000059802F0E1F87860069802F0DDF8B86024
:10AF7000BDF8DC00C0051ED52DA8FFF75FFA3068CC
:10AF8000400304D526492DA8983900F05BFD308890
:10AF900080040FD522492DA8643100F0CBFD01F0CB
:10AFA000B1FAF5F765FC6FF01C01F5F7B6FAF5F7A5
:10AFB0008BFCA0636582BDF8D80000061AD517483F
:10AFC0006638FFF7B9F915484438FFF7C3F9306818
:10AFD000410209D5618B0A0AD20602D50221A1706D
:10AFE00002E0C90600D5A570C10200D5A5824002C5
:10AFF00000D52583BDF8D800400507D5306880020C
:10B0000004D506486438FFF70BFAE58203F044FEE6
:10B01000BDF81C00411E07910CE0000068020020F2
:10B02000AC5500200AE81C4100007A4335FA8E3CFA
:10B0300000008080BFF421AE359800287FF4FAAD7F
:10B04000BDF8E000400507D53088000504D56078DC
:10B0500010B115A0FDF758F8BDF8DC00C00612D5F8
:10B06000308840050FD5CDF8189006A8FFF706FAEE
:10B070000699606C814206D0607810B110A0FDF78F
:10B0800043F806986064BDF8E000800508D5308874
:10B09000C00405D56078002802D00EA0FDF734F872
:10B0A00039B0BDE8F08F00005374657020446574BA
:10B0B00065637465643E3E3E3E3E3E3E0D0A0000C2
:10B0C000095374657020436F756E74657220256432
:10B0D0000D0A00003E3E20534D4420496E746572B7
:10B0E00072757074202A2A2A2A2A2A2A2A2A0D0AE4
:10B0F0000000000070B50446064DE1B22846FBF79B
:10B10000EBFF80212846FBF743FF0028F9D02046BB
:10B1100070BD00000038014010B514211D48F9F73A
:10B1200075FB03461C4A02F12001908818B1488B38
:10B13000984200D80346108918B1888B984200D8ED
:10B140000346D08818B1C88B984200D80346272000
:10B1500000F056FB18B9142000F052FB10B1052B7B
:10B1600000D305231F2000F04BFB18B90B2000F083
:10B1700047FB10B1052B00D30523232000F040FB33
:10B1800018B90F2000F03CFB10B1052B00D30523AC
:10B19000184610BD0C420108D402002010B50A2147
:10B1A0000D48F9F733FB0346272000F029FB18B9B7
:10B1B000142000F025FB10B10F2B00D30F231F200C
:10B1C00000F01EFB18B90B2000F01AFB10B11C2B6D
:10B1D00000D31C23184610BD5042010810B50E21A3
:10B1E0000848F9F713FB03461F2000F009FB18B9C4
:10B1F0000B2000F005FB10B1052B00D305231846EA
:10B2000010BD0000344201082DE9F74F054692B009
:10B2100010464FF0FF31F5F780F90190DFF850A4A8
:10B22000DAF80840DAF8007021463846F5F705F9F3
:10B23000DAF80C80DAF80460814641463046F5F7CA
:10B24000FCF84946F5F7F3F80121F5F766F90B909C
:10B2500041462046F5F7F1F8804631463846F5F785
:10B26000ECF84146F5F791F80121F5F756F90C9005
:10B2700021462046F5F7E1F8044631463046F5F719
:10B28000DCF82146F5F781F80121F5F746F94FF092
:10B290007E51F5F7CFF80D90B5F90400F5F7E8FA0F
:10B2A0000146F5F7CAF80446B5F90200F5F7E0FAE9
:10B2B0000146F5F7C2F80646B5F90000F5F7D8FAE9
:10B2C0000146F5F7BAF83146F5F75FF82146F5F78C
:10B2D0005CF804F0EBFA0446B5F90000F5F7C8FA9B
:10B2E0002146F5F7AAF80890B5F90200F5F7C0FA7B
:10B2F0002146F5F7A2F80990B5F90400F5F7B8FA78
:10B300002146F5F79AF80A900C990A98F5F795F8FE
:10B3100004460D990998F5F790F82146F5F787F856
:10B3200002900D990898F5F788F80446DDE90A01BE
:10B33000F5F783F82146F5F77AF803900B99099809
:10B34000F5F77BF804460C990898F5F776F821464E
:10B35000F5F76DF80490AAF1140402986168894623
:10B36000F5F76BF8C34E3168F5F70FF80746306014
:10B3700049460398F5F761F87168F5F706F88046D5
:10B38000706049460498F5F758F8B168F4F7FDFF86
:10B39000B0600646029920681190F5F74EF8834692
:10B3A000B5F90600F5F764FADFF8CC924946F5F7EF
:10B3B00044F85946F4F7E9FF3946F4F7E6FF0590FB
:10B3C00003991198F5F739F80746B5F90800F5F72C
:10B3D0004FFA4946F5F731F83946F4F7D6FF4146BA
:10B3E000F4F7D3FF069004991198F5F726F807466D
:10B3F000B5F90A00F5F73CFA4946F5F71EF8394663
:10B40000F4F7C3FF3146F4F7C0FF0790DAF80C9069
:10B4100007994846F5F711F805460699DAF8080045
:10B420001090F5F70AF80646DAF804000F9080F05D
:10B4300000400599F5F701F83146F4F7F8FF294681
:10B44000F4F7F5FF0199F4F7F8FF0546079910980E
:10B45000F4F7F3FF064648460699F4F7EEFFDAF8EC
:10B4600000B0074605995846F4F7E7FF3946F4F768
:10B47000DEFF3146F4F789FF0199F4F7DEFF064657
:10B4800007990F98F4F7D9FF074658460699F4F73D
:10B49000D4FF804648460599F4F7CFFF4146F4F7BC
:10B4A00074FF3946F4F7C3FF0199F4F7C6FF074666
:10B4B00058460799F4F7C1FF804605991098F4F7AC
:10B4C000BCFF009006990F98F4F7B7FF0099F4F7C6
:10B4D000AEFF4146F4F759FF0199F4F7AEFF8046FD
:10B4E00029465846F4F751FF0546CAF80000314690
:10B4F0000F98F4F74AFF0646CAF804003946109838
:10B50000F4F743FF0746CAF8080041464846F4F7F7
:10B510003CFFCAF80C000146F4F78FFF804639461D
:10B520003846F4F78AFF074631463046F4F785FF80
:10B53000064629462846F4F780FF3146F4F725FFF2
:10B540003946F4F722FF4146F4F71FFF04F0AEF945
:10B5500005462946DAF80000F4F76FFF0646CAF8F8
:10B5600000002946DAF80400F4F767FF0746CAF836
:10B5700004002946DAF80800F4F75FFF8046CAF8AD
:10B5800008002946DAF80C00F4F757FF8146CAF89C
:10B590000C0001213846F4F7C0FF4946F4F74DFF8F
:10B5A000054601213046F4F7B8FF82464146F4F7DC
:10B5B00044FF2946F4F73BFFA06050463946F4F7B4
:10B5C0003CFF054601214046F4F7A7FF4946F4F742
:10B5D00034FF2946F4F7D9FEE06049464846F4F7BF
:10B5E0002CFF054641464046F4F727FF8246394680
:10B5F0003846F4F722FF834631463046F4F71DFF04
:10B6000059460E90F4F713FF5146F4F710FF294600
:10B61000F4F7BBFE20612C46554659460E98F4F7C8
:10B62000B4FE2946F4F703FF2146F4F700FFF5F7CF
:10B6300097F904460D4649463046F4F7FEFE0646A5
:10B6400041463846F4F7F9FE3146F4F79EFE0121F3
:10B65000F4F763FFF5F784F922462B46FEF716FB55
:10B66000F5F7C2F91399886015B0BDE8F08F0000B6
:10B6700018010020A4050020A8B38B390146002042
:10B680000A68002A02D0130C02D004E000207047A0
:10B69000102012040A600A68130E02D10830120248
:10B6A0000A600A68130F02D1001D12010A600A68BD
:10B6B000930F02D1801C92000A600A68002AE6DA21
:10B6C000401E52080A60704770B504460220657833
:10B6D000267845EA06250D802D0404D5082013B1EF
:10B6E0005D886D1C5D800D886D040DD5801D002B5F
:10B6F00003D01D8C05F101051D8400F1060003D067
:10B700001D8905F101051D810D88AD0404D5801D3D
:10B7100013B19D8B6D1C9D830D88ED0404D50830FD
:10B7200013B15D896D1C5D810D882D0504D50C302C
:10B7300013B1DD8B6D1CDD830D886D0504D50E30D6
:10B7400013B1DD8A6D1CDD820D88AE0500D5801D2C
:10B75000ED0504D50E3013B11D8D6D1C1D850D78C2
:10B760002D0604D5801D13B19D896D1C9D810D781A
:10B77000AD0604D50C3013B19D886D1C9D800D78ED
:10B78000ED0604D5001D13B19D8C6D1C9D840978B8
:10B79000090706D5E178A47841EA04211180801CCC
:10B7A00001E00021118011884C0400D5801C8C041C
:10B7B00000D5801CCC0400D5801C490506D5801C12
:10B7C00023B1B3F85810491CA3F858101178090692
:10B7D00005D5801D1BB133F85A1F491C1980801CE8
:10B7E00070BD0000024906C906C000207047000075
:10B7F000680200200149012008737047E0540020CE
:10B80000044A410952F8211000F01F020120904023
:10B8100008407047EC0200202DE9F0410025DFF8D8
:10B820003C8000221346002405EB450C0CEB04067B
:10B8300030F8147058F826603F04C6FB0723641CD8
:10B84000032CF3DB920F42EA830241F825206D1CA2
:10B85000032DE6DB0020BDE8F0810000805B0020C6
:10B860002DE9F04386B08446002600200024DFF84E
:10B870006480814603AF0D5D2DB16D1E38F8155003
:10B8800047F8245002E047F824900126641C032C5A
:10B89000F1DB0021E84653F8214052F82150641BA7
:10B8A00048F8214036B10120491C0329F3DB06B0DA
:10B8B000BDE8F08357F82150B4EB650F00DA0120A2
:10B8C000BCF1010FF0D005EB6505A542ECDA0120D3
:10B8D000EAE700007A4201082DE9F04F99B00F46DF
:10B8E000002316AE002203EB43018C1802EB420545
:10B8F0001D44045D7455521C032AF6DB5B1C032BAC
:10B90000F0DB4A4801784A4820394FEAA008062966
:10B9100014D2DFE801F00A06030C0F118046162549
:10B920000DE0DFF81081162509E0162507E08046B6
:10B93000172504E0162502E0162500E01625002450
:10B94000DFF8F4A00DF128091AF80400803049F856
:10B950002400A840414601F0F6FB49F82400641C8D
:10B96000032CF1DB0020032100220DF1040B90FBDE
:10B97000F1F301FB13033D5659F823306B434BF8A9
:10B9800020300DAB43F82020401C0928EFDB4FF09E
:10B9900000092A4D002709EB490A0AEB0708002095
:10B9A00045F82800002404EB440038440AEB040264
:10B9B0005BF82010224850F8220001F0C4FB55F833
:10B9C0002810084445F82800641C032CEBDB7F1C7E
:10B9D000032FE2DB09F10109B9F1030FDADB0023E0
:10B9E0000DF13409002103EB43040020621800EB41
:10B9F0004008884404EB000C59F8227016F90CC07A
:10BA000055F828800CFB087749F82270401C032861
:10BA1000EDDB491C0329E8DB5B1C032BE2DB0DA8F3
:10BA2000FEF79FFF19B0BDE8F08F000082410108CA
:10BA3000666666263333331377030020805B00206D
:10BA40009C02002030B504460D462068014601F0F6
:10BA50007AFBC0F180426068014601F074FB121A63
:10BA6000A068014601F06FFB101A00F0C5FC2860C9
:10BA7000206868606068A860A068E860002030BD49
:10BA8000F0B58C461C461A4EB1883389194303D051
:10BA9000218841F0080121802A2827D232F910306C
:10BAA000591C23D0124F00F01F0518370121A9405F
:10BAB0004009BCF1000F08D057F820200A4347F88E
:10BAC000202020881843208008E057F820308B433E
:10BAD00047F820302146104601F020FCB08831891B
:10BAE000084303D0208840F008002080F0BD00000B
:10BAF000D40200203EB50D46144601466A460C4865
:10BB000001F0E7FB0098F4F7B3FE2946F4F795FC43
:10BB100020600198F4F7ACFE2946F4F78EFC6060D3
:10BB20000298F4F7A5FE2946F4F787FCA0603EBD15
:10BB30004C03002030B589B00C4605A9FFF782FF01
:10BB400001AA244905A801F068FB01986FF01D05C2
:10BB500000281DDB0298F4F78BFE2946F4F7DDFC84
:10BB600020600398F4F784FE2946F4F7D6FC606061
:10BB70000498F4F77DFE2946F4F7CFFCA060019805
:10BB8000F4F776FE2946F4F7C8FCE06009B030BD52
:10BB900002984042F4F76CFE2946F4F7BEFC2060A0
:10BBA00003984042F4F764FE2946F4F7B6FC60605F
:10BBB00004984042F4F75CFE2946F4F7AEFCA0601E
:10BBC00001984042F4F754FE2946F4F7A6FCE060E1
:10BBD000DCE700004C03002010B588B00C4604A937
:10BBE000FFF730FF6A460F4904A801F016FB0098E2
:10BBF000002809DB01982060029860600398A0602B
:10BC00000098E06008B010BD0198404220600298A2
:10BC10004042606003984042A06000984042E0606B
:10BC2000F0E700004C0300204A780B7842EA032238
:10BC30000280CA788B7842EA032242804A790979E5
:10BC400042EA01218180704710B5CA780B788C7860
:10BC500042EA03624B781B0443EA04231A4302605E
:10BC6000CA790B798C7942EA03624B791B0443EA67
:10BC700004231A434260CA7A0B7A42EA03624B7A7F
:10BC8000897A1B0443EA01210A43826010BD2DE931
:10BC9000F04105460C462646B5F8A200000411D531
:10BCA000214605F12C00FFF7BFFFB5F92C00C003BA
:10BCB0006863B5F92E00C003A863B5F93000C0036E
:10BCC000E863A41DB5F8A20040040BD5214605F198
:10BCD0004000FFF7A9FFA41D214605F14600FFF72C
:10BCE000A3FFA41DB5F8A20005F18007810411D5BA
:10BCF00005F1740021468046FFF796FF05F15801D3
:10BD00004046FFF789FD2068C5F89C00A088A5F88B
:10BD1000A000A41DB5F8A200000504D521462846C0
:10BD2000FFF792FF0C3495F8A200000604D52146D7
:10BD30003846FFF779FFA41DB5F8A20040050BD5E2
:10BD4000214605F10C00FFF77FFF207B617B000699
:10BD500040EA0140A8610E34B5F8A200C0050BD539
:10BD6000214605F11C00FFF76FFF207B617B000679
:10BD700040EA0140A8620E3495F8A20080060DD575
:10BD8000214605F16400FFF75FFF206845F8900F3A
:10BD900060686860A068A860903D0C3495F8A200C7
:10BDA000C0060BD5E0782178A27840EA016061787E
:10BDB000090441EA022108432867241DB5F8A400BC
:10BDC000410406D5617814F8022B41EA0221A5F856
:10BDD0007A10810406D5617814F8022B41EA022119
:10BDE000A5F87C10C10406D5617814F8022B41EA4D
:10BDF0000221A5F87E10410506D5617814F8022BC2
:10BE000041EA0221A5F88E10000612D5607821784B
:10BE100040EA0120A5F88C006079A178227940EAF7
:10BE20000160E178090441EA02210843C5F888006D
:10BE3000A41DA41C0120C5F8A800A01BBDE8F0812A
:10BE400000F0A8BC00F0ACBC00F094BF01F082BAD6
:10BE500002F09EBDF8B507460D4614460026009632
:10BE6000002045F8206044F82060401C0328F8DBDF
:10BE70006A462946384601F047FE002828D155F881
:10BE80002010009A91FBF2F145F82010401C032885
:10BE9000F5DB012F1DD01E2140F2151002F06BFEC4
:10BEA000002815D1142002F089FC00966A4621462C
:10BEB000384601F029FE00280AD154F82010009AD3
:10BEC00091FBF2F144F82010401C0328F5DB002020
:10BED000F8BD3B214FF4817002F04DFEE0E7000019
:10BEE00010B50D4B5880002806D080209880BDE802
:10BEF00010400020FEF72CBE2920FFF781FC20B166
:10BF0000BDE810400120FEF723BE00209880BDE868
:10BF10001040FEF71DBE0000D402002070B504469C
:10BF200000261C4A90787F280DD0002004F0800164
:10BF300008431AD000209070A00701D438209070D8
:10BF4000E00702D005E00120F0E7907840F007001C
:10BF50009070600703D4907840F040009070921C7D
:10BF60000121072002F070FD0646200704D501F0EC
:10BF7000B5FB40EA060503E002F04EFC40EA060588
:10BF8000600703D500F05EFF284370BD01F00AF89A
:10BF9000284370BD8E56002070B505460E4600241D
:10BFA000284603F0D3FE10B100F034FFE0B128467C
:10BFB00003F0E2FE10B100F039FFB8B101F022F851
:10BFC0000B48417821B10022427002F0B3FC0446D4
:10BFD000074A3146521C284600F00CF840EA040596
:10BFE00000F0F2FB284670BD052070BD052070BD35
:10BFF000D40200202DE9F84F04460F469346002650
:10C000000025A846CDF80080DFF83493112C07D125
:10C0100027B14FF40060A9F8120001E0A9F81280DE
:10C02000122C07D127B14FF40050A9F8140001E0F9
:10C03000A9F814802C2C09D137B14FF48060A9F8ED
:10C040000800FEF73EFB01E0A9F808802B2C06D182
:10C050001FB12020A9F8060001E0A9F806802D2CC8
:10C0600002D13846FFF73CFF292C02D1384600F0B8
:10C0700073F9B34BB34A0A3339462046FFF700FD44
:10C08000B9F80A00FEF7EAFC8046B9F8060048B1A4
:10C09000B9F80A0048F208010843FEF7CEFC40EA6E
:10C0A000080A05E0B9F80A00FEF7C7FC40EA080AEA
:10C0B000B9F80A00010406D5B9F80C1041F4804122
:10C0C000A9F80C1005E0B9F80C1021F48041A9F88A
:10C0D0000C10410606D5B9F80C1041F40051A9F82E
:10C0E0000C1005E0B9F80C1021F40051A9F80C105F
:10C0F00000F0200100F48062114301D1C00506D593
:10C10000B9F80C0040F48050A9F80C0005E0B9F82B
:10C110000C0020F48050A9F80C00B9F8040028B1F4
:10C12000B9F80C100143A9F80C1003E0B9F80C00A1
:10C13000A9F80C00B9F8080028B1B9F80C100143AF
:10C14000A9F80C1003E0B9F80C00A9F80C002B2C8E
:10C1500001D107B10426B9F80C00FEF78DFC40EAC6
:10C160000A08DFF8DCA178490AF1180ADAF80000B9
:10C17000084204D19AF8041011F0180F00D00125DC
:10C180007249084204D1BAF8041011F43A7F01D080
:10C1900045F00205B9F80810B9F80620114301D09E
:10C1A00045F00205B9F8041009B145F002056849E7
:10C1B000084204D19AF8041011F0840F01D045F020
:10C1C00008056449084201D045F00405E80701D09C
:10C1D00046F4807646F42070B9F81260B9F814106D
:10C1E0000E430643B9F80A00410501D546F0400662
:10C1F00000F0170006F40061084303D046F4004045
:10C2000040F48046B9F80C00010603D546F480419D
:10C2100041F40046400503D546F01006FEF751FAFA
:10C22000B9F80A00C00501D546F008063046FEF709
:10C230004FFC40EA0806092C03D00F2C01D00A2C31
:10C2400009D13F4920462A3100F09EFC3C49204656
:10C25000403100F099FC032C01D00B2C0ED1384951
:10C2600020462C3100F090FC35492046423100F048
:10C270008BFC33492046463100F086FC1D2C03D050
:10C28000232C01D01E2C09D12D492046503100F01D
:10C290007BFC2B492046623100F076FC192C01D042
:10C2A0001F2C0ED126492046523100F06DFC244946
:10C2B0002046643100F068FC21492046683100F0D6
:10C2C00063FC01F09FFE40EA060800F02DF90646E7
:10C2D00000F024F9314601F02FFE40EA0806B9F8D3
:10C2E0000A0060B9DAF80000800308D4B9F8060043
:10C2F00028B901208BF8000002F07FFA064345F0D0
:10C300008000FFF70BFE40EA060805F0080005F084
:10C310000401084303D025F0040040F00805284636
:10C32000FEF7B8FB40EA0805132C06D12FB168468A
:10C33000FEF7A2F8009801F0D9FD2846BDE8F88F75
:10C34000D4020020B8410108188E01E60A8E9EE250
:10C350000C48108340000010084A0028518806D07D
:10C3600080209080002908D10120FEF7F1BB002930
:10C3700003D100209080FEF7EBBB7047D402002071
:10C380002DE9F0410746DDF818801E46F3B2D2B21F
:10C39000384601F0CFF8054600F09CFE40EA05045F
:10C3A0003C2002F00BFA00F08BFE40EA0405424606
:10C3B00031463B2001F050F840EA0504384600F0D1
:10C3C000A3FE2043BDE8F08170B50646D2B23046E8
:10C3D00002F07CFB054600F07DFE40EA05043C20AF
:10C3E00002F0ECF900F06CFE40EA0405304600F083
:10C3F0008BFE284370BD00002DE9F14181B001980A
:10C40000002802DC0020BDE8FC812B4E77104FF0A5
:10C41000C045694601A803F031FF04460023009897
:10C42000002804DD00EBD07121F00101431AC01A8D
:10C4300000900198A0F18048414600F084FE0199E7
:10C44000A1EB6002022C21DBC5EB6801404600F045
:10C450007AFE0146404600F076FE4FEA600841460B
:10C46000104600F070FEA2EB6002032C0ED1C5EB6B
:10C470006801404600F067FE0146404600F063FE5A
:10C480004110104600F05FFEA2EB600223B1394676
:10C49000104600F058FE02460098002802DD4010C9
:10C4A000024106E0401C04D13146104600F04BFE2C
:10C4B00002461046A7E700009A79825A0148B0F96F
:10C4C0007A007047A05600200148B0F90800704774
:10C4D0008E5600200148407B704700008E56002099
:10C4E0000148007870470000D4020020014800781D
:10C4F000704700008E560020AFF300804FF480514B
:10C50000018070470148806A70470000A0560020F3
:10C510000148B0F97C007047A0560020014800791E
:10C52000704700008E5600200148007B70470000D5
:10C530008E5600200148B0F97E007047A0560020BA
:10C540000148806970470000A05600201CB568466D
:10C55000FFF748F9DDE900011CBD38B50446002CA1
:10C5600001D0002020806A460121192000F074FFCC
:10C5700014B19DF8000020806A460121182000F0C7
:10C580006BFF002C05D021889DF8002041EA022194
:10C59000218038BD10B5144840F283110180491C38
:10C5A0004180491C8180491CC180491C0181491C72
:10C5B0004181491C8181491CC181491C0182491C5E
:10C5C0004182491C8182491CC182002000F09CFDEF
:10C5D000012000F099FD022000F096FDBDE810401A
:10C5E000032000F091BD00005E5B00202DE9F047C4
:10C5F000044689468021062002F096FA0746642008
:10C6000002F0DCF812216148F3F7A7FE5F4D012626
:10C610006E707F20A870EC73EA1C0121032000F0EB
:10C620001BFF40EA070402F085F940EA0407584A74
:10C630000121002000F010FF40EA0708544C702050
:10C64000241F2071221D0121052002F0FDF940EA7E
:10C650000807E87B02287DD00020E870E9780320F5
:10C6600002F062FA40EA0708484600F0A3F840EA00
:10C670000800002876D1A87B40F00200A87301F0E2
:10C6800021FC0746FDF76AFF40EA07084FF44870AF
:10C69000FEF719F840EA0807022020713C4A012100
:10C6A000102002F0D1F940EA07082671384A01212A
:10C6B000122002F0C9F940EA0807E4202071344A48
:10C6C0000121262002F0C0F940EA0708304A012182
:10C6D000752000F0C1FE207940F0080020712C4A3E
:10C6E0000121752002F0B0F9EE72AE720A2001F05D
:10C6F00005FC0A2001F0D2FA032001F00DFC40EA0B
:10C700000806002001F0DEFA40EA06070021762044
:10C7100002F00AFA40EA07061F21682002F004FA34
:10C7200040EA06071E21682002F0FEF940EA0706EB
:10C730000021662002F0F8F940EA06070021672090
:10C7400002F0F2F940EA0708114A0121862000F0C0
:10C7500001FE01E008E005E040EA08062079000754
:10C7600005D53120BDE8F0871020E87076E7A87B7A
:10C7700040F00101A973C80703D00121022001F094
:10C78000F3FA02F03AF83043ECE700008E5600204E
:10C790004403002002460846110A017042707047A7
:10C7A00002460846110E0170110C4170110A817089
:10C7B000C2707047AFF30080902243F2AA71014823
:10C7C000FFF742BBD8090108034901200870012185
:10C7D000022001F0C9BA0000400300207FB50446E2
:10C7E00008462A4D4FF0FF31002C4BD000284BD08B
:10C7F0006946FFF727F91E220399019800F088FD8A
:10C8000046001E220299009800F082FD404206EB8D
:10C81000400080132060DDE902011E2200F078FD57
:10C820004600DDE900011E2200F072FD06EB40002B
:10C830008013606001991E22084600F069FD4000E7
:10C840000299464208461E2200F062FD404206EB75
:10C85000400000F180408013A0601022294620682B
:10C8600000F056FD206010222946606800F050FD5F
:10C87000606010222946A06800F04AFDA0600020F8
:10C8800004B070BD0846FBE70846F9E781CE090011
:10C8900010B54FF0FF3300280FD081B18AB1136873
:10C8A0000C681B1B036053684C681B1B4360926839
:10C8B0008968511A8160002010BD184610BD1846C5
:10C8C00010BD184610BD000030B504468DB00846B6
:10C8D000264D4FF0FF31002C43D0E8B309A9FFF7F4
:10C8E000B1F8694609A801F0B7FF0098C113039891
:10C8F0004042C013FDF78AFA40002060102229460A
:10C9000000F006FD20600898C11307984042C0134C
:10C91000FDF77CFA400060601022294600F0F8FC28
:10C92000606006991E22084600F0F2FCC0F18040CB
:10C93000FFF762FDC1130698C013FDF767FA4000C8
:10C94000A0601022294600F0E3FCA06020680028C7
:10C9500004DA00F1B47000E005E0206000200DB0C2
:10C9600030BD0846FBE70846F9E70000B84B390040
:10C9700070B50C46834D19287AD00CDC0A2849D0B2
:10C9800004DC032861D0092828D10DE00B2874D0DD
:10C990000F28F9D123E01D286CD01E286BD01F284A
:10C9A0006AD02328F0D194E02C800920FEF728FFDC
:10C9B00018B12888A04200D204460F20FEF720FFBD
:10C9C00018B16888A04200D204460A20FEF718FF7A
:10C9D000002803D0A888A04200D20446D0E06C8092
:10C9E0000920FEF70DFF18B12888A04200D20446A6
:10C9F0000F20FEF705FF18B16888A04200D2044658
:10CA00000A20FEF7FDFE002803D0A888A04200D22D
:10CA10000446B5E0AC800920FEF7F2FE18B1288884
:10CA2000A04200D204460F20FEF7EAFE18B1688843
:10CA3000A04200D204460A20FEF7E2FE002803D0FE
:10CA4000A888A04200D204469AE0EC810320FEF7B9
:10CA5000D7FE18B1E889A04200D204460B20FEF7A9
:10CA6000CFFE002803D0A889A04200D2044687E068
:10CA700063E002E013E046E071E0AC810320FEF7E2
:10CA8000BFFE18B1E889A04200D204460B20FEF791
:10CA9000B7FEB8B3A889A04272D2044670E0EC8019
:10CAA0001D20FEF7ADFE18B1E888A04200D2044672
:10CAB0002320FEF7A5FE18B12889A04200D2044623
:10CAC0001E20FEF79DFEE8B16889A04258D20446B8
:10CAD00056E02C811D20FEF793FE18B1E888A04295
:10CAE00000D204462320FEF78BFE18B12889A0420D
:10CAF00000D204461E20FEF783FE18B16889A042CA
:10CB00003ED204463CE06C811D20FEF779FE18B150
:10CB1000E888A04200D204462320FEF771FE18B137
:10CB20002889A04200D204461E20FEF769FE38B3D1
:10CB30006889A04224D2044622E06C821920FEF7C4
:10CB40005FFE18B1688AA04200D204461F20FEF79B
:10CB500057FEA8B1288AA04212D2044610E02C82C7
:10CB60001920FEF74DFE18B1688AA04200D2044693
:10CB70001F20FEF745FE18B1288AA04200D20446C5
:10CB8000204670BDC002002070B50E464FF6FF74FF
:10CB9000374D19285AD025DC0A2809D004DC03288F
:10CBA00042D009281DD103E00B283DD00F2818D111
:10CBB0000920FEF725FE18B12888A04200D20446BD
:10CBC0000F20FEF71DFE18B16888A04200D204466F
:10CBD0000A20FEF715FE18B1A888A04200D204462C
:10CBE000348070BD1D2805D01E2803D01F282DD0ED
:10CBF0002328F6D11D20FEF703FE18B1E888A042D5
:10CC000000D204462320FEF7FBFD18B12889A0427C
:10CC100000D204461E20FEF7F3FD18B16889A04239
:10CC200000D20446348070BD0320FEF7E9FD18B140
:10CC3000E889A04200D204460B20FEF7E1FD18B1BE
:10CC4000A889A04200D20446348070BD1920FEF7A6
:10CC5000D7FD18B1688AA04200D204461F20FEF713
:10CC6000CFFD18B1288AA04200D20446348070BD9E
:10CC7000C002002001484078704700007403002083
:10CC800010B54FF0FF3300280FD081B18AB10B6887
:10CC900014681B1B03604B6854681B1B4360896846
:10CCA0009268891A8160002010BD184610BD184690
:10CCB00010BD184610BD00002DE9F041074688461A
:10CCC0001446174E2068032828DDA6F10802002329
:10CCD000911E3046FEF7F8FC05462168A94203DAAA
:10CCE00010480068BDE8F081B11C0D4EAC3E96F8CE
:10CCF000A200000700D5891C0948AC38FEF7C7FF21
:10CD00002068421B22601AB105484119F3F7FEFA68
:10CD100036F8A20F38807088A8F800000020E1E7FC
:10CD20004C57002064030020F8B504460E46174611
:10CD30000025009535802068B0F5806F0BDA0C492E
:10CD40006A460144C0F58060FDF722FB2168084473
:10CD50002060009828B93A4631462068FDF7FAFE6F
:10CD600018B125604FF0FF30F8BD0020F8BD00007D
:10CD70004C5700202DE9F04F85B082460D46934672
:10CD800014216846F3F7E9FAD0462E465F464FF481
:10CD9000807916E0102E01D2344600E01024F8B25B
:10CDA0002044484501DDA0F58074424621463846BE
:10CDB00001F0EEFD002820D1A044301B86B23819C6
:10CDC00087B2002EE6D15F461FE0102D01D22C461F
:10CDD00000E01024F8B22044484501DDA0F580743D
:10CDE0006A462146384600F0B5FA22465146684662
:10CDF000F3F7BEFA20B14FF0FF3005B0BDE8F08F79
:10CE0000A244281B85B2381987B2002DDDD100203D
:10CE1000F3E700000148407870470000400300201D
:10CE200001480078704700004003002001488078E6
:10CE30007047000040030020014800787047000060
:10CE4000880300202DE9F843DFF85081544C40F26C
:10CE5000851998F8000000283AD000F031F906460C
:10CE6000022000F051F940EA0605FFF703FFC8B1C0
:10CE70006A460121484600F0EFFA40EA05069DF8AF
:10CE8000000000F00F000090C0F11203882221780A
:10CE9000022000F04FFB40EA060400F01BF920439B
:10CEA000BDE8F883002000F02FF940EA05060A23C8
:10CEB00088222178002000F03DFB40EA0605082387
:10CEC00088222178022000F035FB40EA0504E4E7DF
:10CED00000F00BF905214FF4C07001F025FE064665
:10CEE000FFF7C8FEA0B15723F4222178032001F0F8
:10CEF000EDFD40EA06073C2001F060FC032000F055
:10CF000003F940EA070500F0EFF855B12846C7E7F6
:10CF10005723F42221780320FFF756FA40EA06054A
:10CF2000F1E7FFF7A7FEF0B16A460121484600F09D
:10CF300093FA06469DF8000000F00F000090C0F143
:10CF4000120388222178022000F0F4FA40EA060554
:10CF50000623F7222178032000F0ECFA40EA0504CA
:10CF60008CB120469CE70A2388222178002000F01B
:10CF7000E1FA0646082388222178022000F0DAFA36
:10CF800040EA0605E4E7FFF775FE10B900F0A2F8E5
:10CF90000446012088F80000204681E7880300202D
:10CFA0008441010870B5154D2878002810D0FFF78E
:10CFB00061FE134970B10023F4220978032001F0C7
:10CFC00085FD04463C2001F0F9FB5CB1204670BDB4
:10CFD000002070BD0023F42209780320FFF7F4F944
:10CFE0000446F2E7022000F08FF80446032000F028
:10CFF0008BF820430028ECD1287070BD88030020F6
:10D000008441010801490020087070474003002056
:10D0100030B58FB0002002900190009001F03CFBF1
:10D02000C0BB02240CAA09A90120FEF713FF10B10E
:10D03000641E002CF6DC68BB022406AA03A90020AB
:10D04000FEF708FF10B1641E002CF6DC10BB0020B8
:10D05000184A194C09A903AB51F8205042F8205046
:10D0600053F8205044F82050401C0328F4DB06AB52
:10D0700003AA12490020FEF7F3FBB8B1002002908A
:10D080000E490CAB09AAC91E0120FEF7E9FB78B1D5
:10D090000020019000F076FA9DF804009DF8081039
:10D0A0000FB040EA410040F0040030BD0120E6E747
:10D0B0000120EEE740550020345500206F0300208A
:10D0C0000348C17821F02001C170032001F02CBD7C
:10D0D0008E5600200348C17841F02001C170032022
:10D0E00001F022BD8E56002070477047002240108C
:10D0F000521C4310FBD1042A00DA04220120904084
:10D100000860D0B201F0EEB9034901EBC000002184
:10D11000808801F009BD00005E5B002080FB0110EB
:10D12000420442EAD130704710B5F3F7A1FBBDE8E5
:10D1300010406FF00F01F3F7F0B980FB0101400FD1
:10D1400040EAC100704780FB0101800F40EA810086
:10D15000704702680A60426852424A6082685242DE
:10D160008A60C0684042C860704730B503460C46CC
:10D1700018682168FFF7E7FF054661685868FFF700
:10D18000E2FF2D1AA1689868FFF7DDFF2D1AE1680C
:10D19000D868FFF7D8FF281A106061681868FFF791
:10D1A000D2FF054621685868FFF7CDFF0544E168C6
:10D1B0009868FFF7C8FF0544A168D868FFF7C3FF68
:10D1C000281A5060A1681868FFF7BDFF0546E1689E
:10D1D0005868FFF7B8FF2D1A21689868FFF7B3FF6A
:10D1E00005446168D868FFF7AEFF28449060E168A5
:10D1F0001868FFF7A8FF0546A1685868FFF7A3FF66
:10D20000054461689868FFF79EFF2D1A2168D86869
:10D21000FFF799FF2844D06030BD2DE9F041044666
:10D220000D46164629682068FFF78DFF0746696896
:10D230006068FFF788FF0744A968A068FFF783FFCD
:10D240000744E968E068FFF77EFF384430602968EA
:10D250006068FFF778FF074669682068FFF773FF8B
:10D260003F1AE968A068FFF76EFF3F1AA968E068F7
:10D27000FFF769FF38447060E9686068FFF763FF93
:10D280000746A9682068FFF75EFF3F1A2968A06873
:10D29000FFF759FF07446968E068FFF754FF381A41
:10D2A000B0606968A068FFF74EFF0746E96820682C
:10D2B000FFF749FF8046A9686068FFF744FF4044D4
:10D2C0003F1A2968E068FFF73EFF3844F060BDE888
:10D2D000F08170B590B00646144600230493D1E95E
:10D2E00000358968CDE9053507910CAA04A93046B7
:10D2F000FFF73BFF08A93046FFF72BFF6A4608A956
:10D300000CA8FFF732FF01A807C807C410B070BD12
:10D3100010B580FB0101F2F7D5FF10BDF0B500227A
:10D320000A8000230A4F5C0157F823200AE0D50742
:10D3300006D030F914506E1C02D00E882E430E8099
:10D340005208641C002AF2D15B1C022BEBDBF0BDFF
:10D35000EC0200202DE9F04F87B0074689461646BB
:10D3600000240025FFF7C2F816B1C00705D009E078
:10D370004FF0FF3007B0BDE8F08F0121084600F004
:10D38000F3FC04460021022000F0EEFC40EA040811
:10D39000002000F0C7FC40EA0804380A0190DFF8DA
:10D3A000B08098F8001088420CD001AA01217E209C
:10D3B00000F004FC04430CB12046DBE79DF80400B8
:10D3C00088F80000DFF88CB00DF1080A28E000971B
:10D3D0006A4601217C2000F0F1FB20430028C9D1DE
:10D3E000A9EB0508B8F1100F01D94FF010089BF810
:10D3F0000F00022808D0721941467D2000F0BAFBC8
:10D4000004464CB12046B5E70AEB050241467D20B3
:10D4100000F0B0FB0446F4E7454407EB080087B290
:10D420004D45D4D39BF80F0002280AD1002006E016
:10D430000AEB0001497806F8011B401CC0B24845C0
:10D44000F6D30121022000F08FFC204392E7000078
:10D45000900300208E56002070B505460C461646F7
:10D46000FFF744F8C00703D10121084600F07CFC17
:10D470002846FCF70EFE18B10021022000F074FCD3
:10D4800032462146284600F00DF804462846FCF7AF
:10D4900000FE20B10121022000F066FC044320467A
:10D4A00070BD00002DE9F04F85B00F4616460024F0
:10D4B00000F07F09C0F3C71000F034FC0546DFF828
:10D4C00070B0EA4622E0A7EB0408B8F1100F01D9CA
:10D4D0004FF010089BF80F0002280CD009EB040055
:10D4E000321980B2414600F045FB05436DB1284634
:10D4F00005B0BDE8F08F09EB04000AEB040280B22E
:10D50000414600F037FB0543F0E74444BC42DAD320
:10D510009BF80F00022809D1002005E00AEB00016A
:10D52000497806F8011B401CB842F7D32846DFE7CC
:10D530008E5600202DE9F843044690461F4641F0E0
:10D54000800000900E4E6A46012136F8340001F04A
:10D550007BFA0546CDF8008006EBC4046A46608875
:10D56000012101F071FA40EA050647F080000090C1
:10D57000A0886A46012101F067FA3043BDE8F883CC
:10D580005E5B002070B50121062001F0F4FA04462C
:10D590007F21072001F0EFFA40EA0405414C4FF4E7
:10D5A0008070E17A01F0E7FA40EA0506217B40F25B
:10D5B000011001F0E0FA40EA0605617B4FF481704A
:10D5C00001F0D9FA40EA0506A17B4FF4887001F01A
:10D5D000D2FA40EA0605E17B40F2111001F0CBFAE5
:10D5E00040EA0506217C4FF48A7001F0C4FA40EA53
:10D5F0000605617C40F2151001F0BDFA40EA05060F
:10D600002178762001F0B7FA40EA0605A1780520D6
:10D6100001F0B1FA40EA0506E178102001F0ABFA1A
:10D6200040EA06052179112001F0A5FA40EA050635
:10D63000A179662001F09FFA40EA0605E1796720AA
:10D6400001F099FA40EA05061F21682001F093FADB
:10D6500040EA0605217A682001F08DFA40EA0506C5
:10D66000607820F0400040F00801032001F083FAC8
:10D6700040EA0605142001F0A1F800F023FC40EA7E
:10D68000050600F059FF40EA0605A17A072001F0DF
:10D6900072FA40EA0506617A062001F06CFA30431E
:10D6A00070BD00004C5B002070B50B4EF07820F090
:10D6B000800020F04001032001F036FA05460920E1
:10D6C00001F07CF8FCF7ACFF40EA0504F178032098
:10D6D00001F02AFA204370BD8E5600202DE9F0415A
:10D6E000244D6878002802D00020BDE8F081224C4B
:10D6F000204821780078232909D0217824290DD0C9
:10D700002178252911D0B8B10122092016E010B1E5
:10D7100003220A2012E0102209200FE010B1032298
:10D720000A200BE01022092008E010B103220A2091
:10D7300004E01022092001E0022208200F4E40F0F0
:10D74000500300203178FFF7F5FE0028CDD10127E6
:10D75000AF60207820280BD00123AA7831780120EF
:10D7600001F0B4F90028C0D1FFF7B4FC6F70BCE73A
:10D770001123F2E77403002082410108834101086C
:10D780002DE9F04F89B00C46056841680891816821
:10D790000791C16806910669416905918769C16968
:10D7A0000491D0F820804FF07E5949462846F2F780
:10D7B000ECFD83463146F2F7E8FD4146F2F7E5FD20
:10D7C0006FF0010A5146F2F7A8FE00905846314624
:10D7D000F2F72DFE4146F2F72AFE5146F2F79DFE82
:10D7E000019029464846F2F722FE05463146F2F7F7
:10D7F000CCFD4146F2F71BFE5146F2F78EFE029039
:10D8000028463146F2F713FE4146F2F7BEFD514677
:10D81000F2F783FE03907A4A00990020914200D3E8
:10D8200000900199914200D301900299914200D356
:10D8300002900399914200D30390009802F0D6FC25
:10D840000090019802F0D2FC0190029802F0CEFC08
:10D850000290039802F0CAFC0390DDE90001F3F79F
:10D86000DFF827D802990098F3F7DAF822D803995D
:10D870000098F3F7D5F81DD802210098F2F74DFE75
:10D880000546DDE90410F2F7D2FD2946F2F707FE5E
:10D89000019038460799F2F7CAFD2946F2F7FFFDD5
:10D8A000029006990898F2F7C2FD2946F2F7F7FDB3
:10D8B000039085E0DDE90010F3F7B2F827D8DDE941
:10D8C0000101F3F7ADF822D803990198F3F7A8F80E
:10D8D0001DD802210198F2F720FE0546DDE904106B
:10D8E000F2F7A5FD2946F2F7DAFD009006990898AF
:10D8F000F2F74BFD2946F2F7D2FD02903846079920
:10D90000F2F743FD2946F2F7CAFD039058E000996B
:10D910000298F3F785F827D8DDE90110F3F780F8CE
:10D9200022D8DDE90201F3F77BF81DD80221029825
:10D93000F2F7F3FD054638460799F2F778FD2946D8
:10D94000F2F7ADFD009006990898F2F71EFD294602
:10D95000F2F7A5FD0190DDE90410F2F716FD294666
:10D96000F2F79DFD03902BE000990398F3F758F828
:10D9700026D801990398F3F753F821D8DDE902106E
:10D98000F3F74EF81CD802210398F2F7C6FD0546BE
:10D9900006990898F2F74BFD2946F2F780FD0090B2
:10D9A00038460799F2F7F1FC2946F2F778FD019025
:10D9B000DDE90410F2F7E9FC2946F2F770FD029068
:10D9C0001E210098F2F7A9FDF2F77EFF20601E21CC
:10D9D0000198F2F7A2FDF2F777FF60601E2102982E
:10D9E000F2F79BFDF2F770FFA0601E210398F2F79B
:10D9F00094FDF2F769FFE06009B0BDE8F08F000028
:10DA00000000808070B53F4A01217620FFF74AFD73
:10DA100005463C4C0121621C0320FFF743FD40EA10
:10DA20000506A21C01210520FFF73CFD40EA060582
:10DA3000E21C01211020FFF735FD40EA0506221DFA
:10DA400001211120FFF72EFD40EA0605621D01218C
:10DA50001220FFF727FD40EA0506A21D01216620DE
:10DA6000FFF720FD40EA0605E21D01216720FFF7D0
:10DA700019FD40EA050604F1080201216820FFF7BC
:10DA800011FD40EA06041F4A01210B320802FFF78C
:10DA900009FD40EA04051B4A01210C3240F2011045
:10DAA000FFF700FD40EA0504164A01210D324FF44C
:10DAB0008170FFF7F7FC40EA0405124A01210E329B
:10DAC0004FF48870FFF7EEFC40EA05040D4A01218F
:10DAD0000F3240F21110FFF7E5FC40EA0405094A55
:10DAE000012110324FF48A70FFF7DCFC40EA050494
:10DAF000044A0121113240F21510FFF7D3FC2043F4
:10DB000070BD00004C5B00202DE9FF410E4615461C
:10DB1000012801D02D2727E0332725E06A4606217A
:10DB20003846FFF7BFFC20B14FF0FF3004B0BDE82E
:10DB3000F081002302A8694601EB430211F813406B
:10DB4000527842EA042214B220F8134056F82320F7
:10DB5000224446F823205B1C032BEDDB2868401C85
:10DB600028600A2000F02AFE2868C828D6DB00209A
:10DB7000DCE700002DE9F8430F4615460024DFF8E6
:10DB800038800021C8F8B01140F08000C0B269466A
:10DB9000F8F79EF9064606E029466D1CFF20F8F7C7
:10DBA00097F90643641CBC42F6D30120C8F8B001C3
:10DBB0003046BDE8F8830000008021422DE9F8439B
:10DBC0000E4617460024DFF830800021C8F8B01157
:10DBD000C0B26946F8F77CF9054605E0385D69464C
:10DBE000F8F776F90543641CB442F7D30120C8F86E
:10DBF000B0012846BDE8F883008021420EB500211F
:10DC0000009101910291052804D819480090194803
:10DC1000019029E00A2804D817480090174801907D
:10DC200022E0174A4FF033310B2804D800910192BB
:10DC30000120029018E0142804D8124800901248DD
:10DC4000019011E0162802D8009101920CE04B28B7
:10DC500004D80E4800900E48019005E0E12803D852
:10DC60000C4800900C4801906846FCF73EFD0EBD44
:10DC70007DD2273D832DD8029224493A6EDBB6052A
:10DC8000CDCCCC0C25499234DBB66D0B55555515D2
:10DC9000ABAAAA2A666666069A99993908B5002140
:10DCA000009107490881010A8DF800108DF80100E4
:10DCB0006A4602214FF4887000F0C6FE08BD0000DD
:10DCC0008E56002070B5044609484473204600F083
:10DCD0009BFA06460220A04000B20446FCF742FD33
:10DCE00040EA06052046FCF768FD284370BD0000A9
:10DCF0008E5600200146094805290DD00A2904D076
:10DD00000B2904D0162907D104E0054804E04FF0A0
:10DD1000007001E04FF08060FCF713BD2EBAE80000
:10DD20005D74D10170B504460E4DA878844201D1CE
:10DD3000002070BDAC700B4A0121521C7F20FFF700
:10DD400019FF0028F5D1687800F0CE0040EA0410F1
:10DD50006870044ABDE87040521C01217F20FFF723
:10DD60002DBF00009003002070B50025294C01282C
:10DD70002278637802D002284AD122E081B1D0070C
:10DD800046D123F040016170062000F0F4FE054604
:10DD9000207840F001002070012000F01EFD37E0E7
:10DDA000D00735D043F040016170062000F0E3FE5B
:10DDB0000546207820F001002070012000F00DFDC4
:10DDC00026E0A07BC00723D091B1FFF729F8F8B176
:10DDD000207880071CD4607840F020016170062014
:10DDE00000F0C9FE0546207840F0020020700FE0E8
:10DDF00090070DD523F020016170062000F0BBFED6
:10DE00000546207820F002002070012000F0E5FC9B
:10DE1000284670BD8E56002010B590E81C000349BE
:10DE2000C06881E81C00C86010BD00004C030020E1
:10DE3000F0B595B006460F4600240CAD3057F2F70A
:10DE400017FD45F82400641C092CF7DB08A90CA871
:10DE5000FFF796FC0998404209900A9840420A90C0
:10DE60000B9840420B9015493846F2F7E6FA1449F0
:10DE7000F2F715FB4FF0FF31F2F74FFB0546FCF7C9
:10DE80002BF91E21F2F749FBF2F71EFD009000244A
:10DE90000194284602F0C0F81E21F2F73EFBF2F78B
:10DEA00013FD0290039404AA08A96846FFF75DF9E0
:10DEB00004A8FFF7B1FF15B0F0BD0000DB0F49402B
:10DEC000000034C31CB5002001906846FEF714FB27
:10DED000BDF80000010A8DF804108DF8050001AAB4
:10DEE00002214FF4A87000F0AFFD1CBD02494A6842
:10DEF000801A0860002070475C03002001B50549C6
:10DF00009DF80000087101216A46080200F09CFD9E
:10DF100008BD00008E56002070B50446054D2C73D8
:10DF2000204600F0C9F906462879214600F004F899
:10DF3000304370BD8E5600202DE9F04104460F4657
:10DF400000262C4D287C002806D105F11002012165
:10DF5000A820FFF781FA06462A7C4FF001035FEA0A
:10DF6000026C04F1010403FA07F3A3FB04074FF06A
:10DF700000054FEAE47105FB047403FB01411E4BED
:10DF80004FF28305A0FB034701FB037100FB05155E
:10DF90001A4F0ED502F07F00A0F2F6404242D3178E
:10DFA00020462946F2F72CF93A460023F2F728F9E1
:10DFB0000AE002F2F642D31720462946F2F720F98A
:10DFC0003A460023F2F71CF96FF0004300221B1AB7
:10DFD0008A4102D26FF0004400E00446084DA86870
:10DFE000844204D02046FCF766FD0643AC60304610
:10DFF000BDE8F0818E560020AF756656A086010000
:10E00000400300202DE9F84F00240025FDF784F897
:10E010000646FDF7E3F80746FDF7C0F88146022102
:10E020007748F6F7F3FB8046B74201D2BA4600E0E4
:10E03000B246CA4500D3CA46C24500D3C2464FF6CF
:10E04000FF70864200D05646874200D05746814531
:10E0500000D0D146804500D0D046DFF8A8B1A6F563
:10E060007F40FF3847D03046F7F7A9FF0546BBF899
:10E070000E0085420ED02846FFF73CFE0446284697
:10E08000FFF7BCFD0443681E00B2FFF707FE044320
:10E09000ABF80E505A4804211830F6F7B7FB0022AF
:10E0A0002946F4F7BBF9044355480221001DF6F751
:10E0B000ADFB07222946F4F7B1F904435048052186
:10E0C000DC30F6F7A3FB0C222946F4F7A7F904434A
:10E0D0004B480121801EF6F799FBBBF8041029B1CB
:10E0E00048492031498B814200D808460C222946F4
:10E0F000F4F794F90443A7F57F40FF383AD0384647
:10E10000F7F75DFF0546BBF81000854206D0681E94
:10E11000C0B2FFF7F3FE0443ABF8105038480421B7
:10E120002030F6F773FB01222946F4F777F940EA2D
:10E13000040B334802210830F6F768FB0A2229460F
:10E14000F4F76CF940EA0B042D480621E630F6F7A7
:10E150005DFB05222946F4F761F940EA040B2848E3
:10E1600004212830F6F752FB06222946F4F756F927
:10E1700040EA0B044FF6FF7BD94501D1D84538D092
:10E18000002000905E4505D15F4503D15046F7F76A
:10E1900016FF054669462846FEF7A8FF04435E457C
:10E1A00003D15F4501D1009885B2D94515D01448F7
:10E1B00002210C30F6F72AFB03222946F4F72EF948
:10E1C00040EA04060E4802211030F6F71FFB0B222E
:10E1D0002946F4F723F940EA0604D84509D008484F
:10E1E00002211430F6F712FB09222946F4F716F93A
:10E1F0000443FEF769F9FCF70BFB2043BDE8F88FF9
:10E2000088410108D40200202DE9FC410446042C79
:10E2100002DB0520BDE8FC814FF48A7501AA0121CB
:10E220002846FFF719F906469DF8040000F0C000E3
:10E230000190204FF97A012905D940EA440040F0C5
:10E240003900019002E040EA440001909DF804107A
:10E25000284600F069FC40EA0605F97A082922D030
:10E2600004DC01291BD0042904D11AE010291CD098
:10E2700020291CD0002440F215176A460121384697
:10E28000FFF7EAF840EA05069DF8000000F0FC01FF
:10E2900021430091384600F047FC3043BAE70024A0
:10E2A000E9E70024E7E70124E5E70224E3E70324A4
:10E2B000E1E700008E5600207CB50546042D01DB09
:10E2C00005207CBD40F2011601AA01213046FFF76E
:10E2D000C3F804469DF8040000F0C00040EA450081
:10E2E00040F00100019001AA0121304600F0ACFB92
:10E2F00040EA0405761C6A4601213046FFF7ACF877
:10E3000040EA05049DF8000000F0F801009116486D
:10E31000827A102A1FD008DC012A14D0022A14D0D5
:10E32000042A14D0082A06D113E0202A15D0402A46
:10E3300015D0802A15D0002211430091304600F0FC
:10E34000F3FB20437CBD0022F6E70122F4E7022222
:10E35000F2E70322F0E70422EEE70522ECE70622CB
:10E36000EAE70722E8E700008E56002070B506466F
:10E370000C46304601F0EAFC10B1FEF74BFD50B1FF
:10E38000304601F0F9FC10B1FEF750FD28B1FEF760
:10E3900039FE24B104E0052070BD052070BD0124C4
:10E3A0004FF47A70844200D9044612203D4D2E2E3F
:10E3B00067D2DFE806F06617352B223761665F24E7
:10E3C000242B66663324203B19191B6637395D52AE
:10E3D000485F634A4A5266665B4A463B3B3D66413C
:10E3E0006644651E2C804CE028834AE0EC81AC84B6
:10E3F00047E0688345E06C8043E0AC8241E0214621
:10E400003046FEF7B5FA688128843AE02146304666
:10E41000FEF7AEFAA8816884E88432E0EC8030E050
:10E42000EC822EE02C812CE02C852AE0E88728E085
:10E43000AC86A5F8464024E0A5F8400021E0E8833A
:10E440001FE06C851DE06C871BE021463046FEF71F
:10E450008FFA2886A5F8420013E021463046FEF7E1
:10E4600087FA25F8320F6882E8820AE0AC8508E076
:10E47000AC8706E0EC8504E06C8202E02C8700E0CB
:10E48000A883FFF7BFFD0546FEF74EF80446FEF7EA
:10E4900045F82146FFF750FD40EA0504FEF794F9E0
:10E4A000204670BDF402002070B500200C4EF178BB
:10E4B000002914D1102140F2811000F035FB0546EF
:10E4C00004214FF4C07000F02FFB40EA05048021C6
:10E4D0004FF4C17000F028FB20430121F17070BDA2
:10E4E00040030020044A01218140D18001464FF4BD
:10E4F000C07000F019BB00008E56002070B5FEF70A
:10E5000081FDFAF7EDFEFEF745F8FFF7CDFF00F0CD
:10E5100013F8054606490748FDF7DEF940EA050409
:10E520000CB1FBF7D3FEFEF74FF9204670BD00009B
:10E5300091020020880200202DE9FC4701A8DFF8A5
:10E54000488100900022012398F800101046FDF742
:10E5500017FF002805D19DF80400482803D04FF08C
:10E56000FF30BDE8FC87494F3120494C39782329D9
:10E5700022D03978242923D03978252924D00A209B
:10E58000A07010260F254FF00109C4F808903878C4
:10E59000212821D03878222823D03878202826D066
:10E5A0003878232829D0387824282CD03878252882
:10E5B0004CD06FF00400D4E7A07060261F25E2E77E
:10E5C000A07060261F25DEE7A07031498020C91C9D
:10E5D000087048708870D6E72E48E060801F206180
:10E5E00016E02C480C30E060801F206110E02948C4
:10E5F0001830E060801F20610AE026482430E06087
:10E60000801F206104E023483030E060801F2061DB
:10E610000323324698F800100020FEF78BFF0028F5
:10E620009FD12B46A27898F800100120FDF7CCFE70
:10E63000002896D1164A0321D21C3B20FEF70CFF7E
:10E6400000288ED13878242806D00EE011483C30BE
:10E65000E060801F206111E02023302298F8001034
:10E660000120FDF7B1FE0028A5D10023A27898F87B
:10E6700000100120FDF7A8FE00289CD184F801902D
:10E6800000F0CAF86DE700008341010882410108EB
:10E69000740300208044010870B5464A0121062019
:10E6A000FEF700FF0446434A0121521C0720FEF7F3
:10E6B000F9FE40EA04050121062000F05CFA40EA78
:10E6C0000504FFF79FF940EA04057F21072000F0C9
:10E6D00052FA40EA05047021052000F04CFA40EAA5
:10E6E00004050A214FF4807000F045FA40EA050461
:10E6F000012140F2011000F03EFA40EA0405032136
:10E700004FF4817000F037FA40EA050400214FF41D
:10E71000887000F030FA40EA04050A2140F2111036
:10E7200000F029FA40EA050439214FF48A7000F01C
:10E7300022FA40EA0405022140F2151000F01BFA0B
:10E7400040EA05041C4A01218220FEF7ABFE40EAA4
:10E750000405194E0121721C8320FEF7A3FE40EA36
:10E760000504B21C01218420FEF79CFE40EA04054A
:10E77000F21C01218E20FEF795FE40EA0504F61CEE
:10E78000721C01218F20FEF78DFE40EA0405B21CA9
:10E7900001219020FEF786FE40EA05064021072071
:10E7A00000F0E9F940EA0604322000F007F82046BC
:10E7B00070BD0000555B00206C03002010B50446BE
:10E7C000F4F71CFF20B1BDE810400120F2F77EBE37
:10E7D000A0B2BDE81040FBF74BBD10B50446F4F7FE
:10E7E0000DFF20B12046BDE81040FFF7E7BF6420D1
:10E7F0006043BDE81040FBF755BD38B57F20009061
:10E800006A460121072000F01FF90446002101207B
:10E81000FFF7AAFA204338BD70B50E4E7078002875
:10E820000BD00020FEF770FC05460120FEF76CFCC3
:10E8300040EA05041CB1204670BD002070BDFEF703
:10E84000FBFA10B9FEF73CFC04460020707020462D
:10E8500070BD00007403002010B502460B465068DE
:10E860000146FEF76AFC044610680146FEF765FCA7
:10E870002044A0F180401860D2E90101FEF75DFC60
:10E8800004461168D068FEF758FC201A5860D16819
:10E890005068FEF752FC044611689068FEF74DFC84
:10E8A00020449860D2E90101FEF747FC0446116854
:10E8B000D068FEF742FC2044D86090680146FEF71D
:10E8C0003CFC044610680146FEF737FC2044A0F1EA
:10E8D00080401861D2E90201FEF72FFC0446D2E91C
:10E8E0000010FEF72AFC201A5861D1685068FEF724
:10E8F00024FC044611689068FEF71FFC201A9861FA
:10E90000D2E90201FEF719FC0446D2E90010FEF735
:10E9100014FC2044D861D0680146FEF70EFC044682
:10E9200010680146FEF709FC2044A0F180401862FF
:10E9300010BD0000F8B501210846FFF715FA06469C
:10E94000124DE87B022806D1E87840F01001E9700A
:10E95000032000F0E9F8472000906A4601210720D3
:10E9600000F072F840EA0604A87B800707D5E87833
:10E9700040F0C001E970032000F0D6F80443012103
:10E980000220FFF7F1F92043F8BD00008E56002069
:10E990002DE9FC4706468846914600240025FDF7F0
:10E9A000A5FDB9F1000F02D0C00704D008E04FF078
:10E9B000FF30BDE8FC8701210846FFF7D5F9044682
:10E9C00000210220FFF7D0F940EA04070020FFF7FA
:10E9D000A9F940EA0704300A01901A4F39788842B1
:10E9E00027D001AA01217E20FFF7E8F804430CB1EB
:10E9F0002046DEE79DF8040038701AE000966A466B
:10EA000001217C20FFF7DAF820430028D1D1A8EBC0
:10EA10000507102F00D9102709EB050239467D2084
:10EA2000FFF7CCF804460CB12046C2E73D44F0198C
:10EA300086B24545E2D301210220FFF795F9204334
:10EA4000B7E70000900300202DE9F04781460F460C
:10EA500092460026002409F07F08FDF747FDC00715
:10EA600004D101210846FFF77FF906464846FBF727
:10EA700010FB20B100210220FFF776F90643C9F30D
:10EA8000C710FFF74FF940EA060511E03E1B102EB4
:10EA900000D9102608EB04000AEB040280B23146CC
:10EAA000FFF78CF8054315B12846BDE8F0873444DC
:10EAB000BC42EBD34846FBF7ECFA20B1012102201F
:10EAC000FFF752F905432846EFE700002DE9F84328
:10EAD000044690461F460091124E6A46012136F8C0
:10EAE0003400FFF7B1FF0546CDF8008006EBC40403
:10EAF0006A4660880121FFF7A7FF40EA05060097F4
:10EB0000E0886A460121FFF79FFF40EA0605812061
:10EB10000090A0886A460121FFF796FF2843BDE8D0
:10EB2000F88300005E5B002070B506460D460024A9
:10EB3000FDF7DCFCC00704D101210846FFF714F9FA
:10EB400004463046FBF7A5FA20B100210220FFF76A
:10EB50000BF904432946304600F00DF840EA04055D
:10EB60003046FBF796FA20B101210220FFF7FCF8AE
:10EB70000543284670BD73B500F07F05C0F3C7108C
:10EB8000FFF7D0F8044601AA01212846FFF716F83E
:10EB900020437CBDF0B545F682254FF440444BF24E
:10EBA00072114A10002801DC0020F0BD00238842C9
:10EBB00006DD88420BDD00EBD07040105B1EF8E7ED
:10EBC000904204DA904202DA40005B1CFAE74610F9
:10EBD000A71B39463846FEF7A1FA01463046FEF734
:10EBE0009DFA211A3846FEF799FA07463946384603
:10EBF000FEF794FA01463046FEF790FA211A38469D
:10EC0000FEF78CFAD90706D0012101EB63032946F0
:10EC1000FEF784FA00E05B10002B04DAC3F1000178
:10EC200040FA01F0F0BDFDDD00FA03F0F0BD000098
:10EC3000F7F740FBF2F7B0FE06A0F9F765FAF2F736
:10EC40004DFC0220FBF714FB03A0F9F75DFAF2F785
:10EC50007FFCFEE70A0000000A48656C6C6F2059D3
:10EC60006168626F6F6D210A0A00000038B50546C1
:10EC70006A4601216820FEF7EFFB04469DF800007C
:10EC800000F0E000284300906A4601216820FFF769
:10EC9000DBFE204338BD00002DE9F04F8FB04FF070
:10ECA000000ACDF828A0CDF82CA0CDF830A0FE4861
:10ECB000DFF8F493DFF8F4B3007809F1CC09C0076A
:10ECC000ABF1800836D0B8F80400012832D1D8F86A
:10ECD000240028B1D8F8280010B90120C8F828006D
:10ECE00098F80100F8B1D9F80800F1F739FE0446A8
:10ECF0000D46D9F80400F1F733FE06460F46D9F861
:10ED00000000F1F72DFEDBE90223CDE90623D8F858
:10ED1000282004920246CDE90067CDE902450B4662
:10ED2000E3A0F9F7F1F9E04899E80E0034380EC095
:10ED3000A8F804A0DC48007880073CD5B8F80600A5
:10ED4000012838D1D8F8240028B1D8F82C0010B9FF
:10ED50000120C8F82C0098F8010010B3D248E83020
:10ED60008068F1F7FDFD0446CF480D46E830406865
:10ED7000F1F7F6FD0646CC480F46E8300068F1F79B
:10ED8000EFFDDBE90223CDE90623D8F82C2004921D
:10ED90000246CDE90067CDE902450B46CFA0F9F761
:10EDA000B3F9C148D9E908233438D9F81C100C301C
:10EDB0000EC0A8F806A0BC480078400745D5B8F8B2
:10EDC0000800012841D198F8010000B3B648F4309A
:10EDD0008068F1F7C5FD0446B3480D46F43040683D
:10EDE000F1F7BEFD0646B0480F46F4300068F1F773
:10EDF000B7FDDBE90223CDE9035ACDE900670294B0
:10EE0000CDE9062302460B46BFA0F9F77DF998F835
:10EE10000100C0B1C8488068F1F7A2FD0446C648A9
:10EE20000D464068F1F79CFD0646C3480F46006852
:10EE3000F1F796FD02460B46C0A0CDE90067CDE98B
:10EE40000245F9F761F9A8F808A0B8F80E00012802
:10EE50007ED19548007840067BD5B74A443AA2F166
:10EE600050011068086056684E6097688F60D568DA
:10EE7000CD60C8F86C0044460E9026676767A567AA
:10EE800031460E98F1F7D9FAA06439460E98F1F799
:10EE9000D4FAE0640D9029460E98F1F7CEFA206579
:10EEA00031463046F1F7C9FA606539463046F1F728
:10EEB000C4FAA06529463046F1F7BFFA0646E06578
:10EEC00039463846F1F7B9FA206629463846F1F74F
:10EED000B4FA606629462846F1F7AFFAA0663146D3
:10EEE0000D98F1F7A4FA0121F1F717FBF1F738FDBE
:10EEF000FAF784FCF1F778FD6B4F80F000407C3727
:10EF00003860A16E206EF1F740FA0121F1F705FBA0
:10EF10004FF07E51F1F78EFAF1F722FD05460E46CD
:10EF2000A16D206DF1F731FA0121F1F7F6FAF1F751
:10EF300017FD2A463346FAF7A9FEF1F755FD78602A
:10EF4000216E606DF1F721FA0121F1F7E6FA01E097
:10EF500098E03BE04FF07E51F1F76CFAF1F700FDDD
:10EF600005460E46616EA06CF1F70FFA0121F1F72C
:10EF7000D4FAF1F7F5FC2A463346FAF787FEF1F7A3
:10EF800033FDB8606178B9B1F1F7EAFC0446384660
:10EF90000D464068F1F7E4FC064643480F467C30D6
:10EFA0000068F1F7DDFC02460B466DA0CDE9006775
:10EFB000CDE90245F9F7A8F83B48343800F1800163
:10EFC000D1E90C23896BC0E90923C162364C206862
:10EFD000C00307D50AA8FBF77FF904F144010AA88A
:10EFE000FCF730FD30480088800522D598F80100F4
:10EFF000F8B151484C308068F1F7B2FC04464E48F5
:10F000000D464C304068F1F7ABFC06464A480F46C7
:10F010004C300068F1F7A4FCDBE90223CDE900677E
:10F02000CDE904230246CDE902450B4657A0F9F786
:10F030006BF81D480088C00522D598F80100F8B18A
:10F040003D4840308068F1F78BFC04463A480D4655
:10F0500040304068F1F784FC064637480F464030A0
:10F060000068F1F77DFCDBE90223CDE90067CDE91B
:10F0700004230246CDE902450B464EA0F9F744F8B9
:10F08000A8F80EA00848007800070BD5B8F80A00C9
:10F09000012807D198F8010018B127480C30806882
:10F0A0009CE0B9E0C1E00000E054002068020020CC
:10F0B000416363656C2044617461092025382E35F5
:10F0C000662C2025382E35662C2025382E35662CCA
:10F0D0002025642C20256C6C640D0A004779726F22
:10F0E0002044617461092025372E35662C20253790
:10F0F0002E35662C2025372E35662C2025642C20B5
:10F10000256C6C640D0A0000526177204779726F9C
:10F110002044617461092025372E35662C2025375F
:10F120002E35662C2025372E35662C25642C20257F
:10F130006C6C640D0A000000E05500204779726F86
:10F140002042696173092025372E35662C2025372A
:10F150002E35662C2025372E35660D0A000000005E
:10F160004F7269656E746174696F6E0920783D2510
:10F17000372E35662C20793D25372E35662C207AA2
:10F180003D25372E35660D0A000000004772617676
:10F19000697479092025372E35662C2025372E35C0
:10F1A000662C2025372E35662C20256C6C640D0AC4
:10F1B000000000004C696E6561724163630920259F
:10F1C000372E35662C2025372E35662C2025372EF8
:10F1D00035662C20256C6C640D0A0000F1F7C0FB2D
:10F1E000044692480D464068F1F7BAFB06468F4840
:10F1F0000F460068F1F7B4FBDBE90223CDE90623F3
:10F20000D8F8342004920246CDE90067CDE90245E2
:10F210000B4687A0F8F778FFD9E911239048D9F871
:10F22000401018300EC0A8F80AA08D48343000787D
:10F23000C0064AD5B8F80C00012846D198F801005C
:10F2400008B3DFF8E89109F10C09D9F80800F1F7E3
:10F2500087FB04460D46D9F80400F1F781FB06460A
:10F260000F46D9F80000F1F77BFBDBE90223CDE97B
:10F27000035ACDE900670294CDE9062302460B4606
:10F2800078A0F8F741FF98F80100E0B1DFF89C9111
:10F2900009F11809D9F80800F1F762FB04460D4698
:10F2A000D9F80400F1F75CFB06460F46D9F80000D8
:10F2B000F1F756FB02460B4677A0CDE90067CDE992
:10F2C0000245F8F721FFA8F80CA07C48008A012825
:10F2D0006ED163483430007880062ED57748407868
:10F2E00058B352483438C068F1F73AFB04464F48E7
:10F2F0000D4634388068F1F733FB06464B480F461D
:10F3000034384068F1F72CFB804648488946343849
:10F310000068F1F725FBDBE90223CDE90823674A02
:10F320000B46126BCDE9008906920246CDE90267D1
:10F33000CDE9044562A0F8F7E7FE494C3434206873
:10F3400080030BD50AA8FAF7D7FF07A90AA8FCF78C
:10F3500043FC04F1440107A8FCF774FB2078000685
:10F3600023D55648407800B3DFF8C08008F14C0838
:10F37000D8F80800F1F7F4FA04460D46D8F804006E
:10F38000F1F7EEFA06460F46D8F80000F1F7E8FA72
:10F39000DBE90223CDE90067CDE904230246CDE98C
:10F3A00002450B4651A0F8F7AFFE4448A0F810A064
:10F3B0004248408A012836D12948343000888004E8
:10F3C0002ED53E48407858B318482430C068F1F72D
:10F3D000C7FA044615480D4624308068F1F7C0FA94
:10F3E000064612480F4624304068F1F7B9FA8046C5
:10F3F0000E48894624300068F1F7B2FADBE90223AF
:10F40000CDE908232D4A0B46926BCDE9008906927F
:10F410000246CDE90267CDE904453FA0F8F774FE46
:10F420002648A0F812A00FB0BDE8F08FEC550020E0
:10F43000436F6D70617373204461746109202537D7
:10F440002E35662C2025372E35662C2025372E3577
:10F45000662C0925642C20256C6C640D0A000000C4
:10F46000AC54002052617720436F6D70617373203C
:10F4700044617461092025372E35662C2025372EEE
:10F4800035662C2025372E35662C0925642C202541
:10F490006C6C640D0A000000436F6D706173732023
:10F4A00042696173092025372E33662C2025372EBB
:10F4B00033662C2025372E33660D0A00E801002024
:10F4C0005256092025372E35662C2025372E3566D5
:10F4D0002C2025372E35662C2025372E35662C20FE
:10F4E00025642C20256C6C640D0A00004F72696540
:10F4F0006E746174696F6E092025372E35662C2075
:10F5000025372E35662C2025372E35662C20256C88
:10F510006C640D0A0000000047656F4D41472052A2
:10F5200056092025372E35662C2025372E35662C9A
:10F530002025372E35662C2025372E35662C2025A4
:10F54000642C20256C6C640D0A0000002DE9F0414C
:10F5500004460F46174EF5683068001D00F0D8FECF
:10F5600038B9306890F82C10012088403169814307
:10F570003161601C07D137B13168BDE8F041091D28
:10F580000D4800F0FEBE2C4430684460AC4206D208
:10F590003168F06B091DBDE8F04100F0DABE31685A
:10F5A000B06B091D00F0D5FEB06A844200D2B4628F
:10F5B000BDE8F081A40100209854002070B50446F5
:10F5C00000F0ECFE1C4DA868401CA860286810B133
:10F5D000686938B10CE02C60A868012808D100F0F7
:10F5E000BFF805E02868E16AC06A884200D82C604C
:10F5F000686A401C6862E06A01212A6981401143FF
:10F6000029610E4900EB800001EB8000211D00F014
:10F61000B8FE00F0D1FE686900280CD02868E16AC5
:10F62000C06A884207D206494FF080500860BFF395
:10F630004F8FBFF36F8F70BDA4010020E4530020F3
:10F6400004ED00E070B50C4D0C4E11E000F0A6FE8C
:10F65000F068C468201D00F05BFEA868401EA8602A
:10F660006868401E686000F0A7FE204600F008F8B9
:10F6700068680028EAD170BDA401002084540020ED
:10F6800010B50446206B00F0A3FE2046BDE81040F4
:10F6900000F09EBE074820F00700074908600023DD
:10F6A0004B60083144F2F8324A600B6042600160FE
:10F6B00070470000EC0F002090010020074E4FF033
:10F6C0008054074DFFF7BEFF30680128FAD92C603F
:10F6D000BFF34F8FBFF36F8FF4E70000E4530020B8
:10F6E00004ED00E02DE9F0478246DDE908570A9C69
:10F6F0009946521E206B00EB820020F0070800267E
:10F7000000290CD0002023180A5C83F834200A5CFE
:10F7100012B1401C1028F6D384F8436001E084F84D
:10F720003460052D00D30425E562201D00F00EFE97
:10F7300004F1180000F00AFE2461C5F10500A06183
:10F740006462666484F848604A465146404600F068
:10F750009FF82060002F00D03C60BDE8F0870000DB
:10F7600070B50024124D04EB840005EB800000F01E
:10F77000E2FD641C052CF6D30D48643000F0DBFD7F
:10F780000B48783000F0D7FD09488C3000F0D3FDED
:10F790000748A03000F0CFFD0548B43000F0CBFDA5
:10F7A00003490448643181631431C16370BD0000B2
:10F7B000E4530020A40100200648816B0968002959
:10F7C00004D0816BC9680968816270474FF0FF31CE
:10F7D00081627047A4010020BF2080F31188BFF32D
:10F7E0004F8FBFF36F8FFEE72DE9F04107460025ED
:10F7F00000F05CFE254E706818B9FFF74BFF012042
:10F80000706067B107F10804BC4208D904F0070032
:10F81000C0F108000219A24202D8002200E0002232
:10F8200072B33768BA422BD81848083001460968C5
:10F8300001E0084619464B68934202D20B68002B40
:10F84000F7D1124B103399421AD0056808350B686E
:10F8500003604868801A10280FD98C1860604A60CD
:10F8600060680A4A083200E01A461368D3F804C0F8
:10F870008445F9D31068206014604868381A3060F5
:10F8800001F00CF82846BDE8F08100008801002056
:10F8900020384FF08073C36121F00101816102497A
:10F8A000416140F820297047D9F7000870B5044637
:10F8B0004FF07F554FF0FF312046F0F72EFE0849FC
:10F8C000A1EB64042146F0F7B8FD2146F0F7B5FD41
:10F8D0002946F0F7AFFD2146BDE87040F0F7ADBD19
:10F8E000DF59375F10B500280DD04FF0000403DA60
:10F8F000C0F100004FF00104B0F1804F07DB24B1EC
:10F900004FF0FF3010BD002010BD012010BDFFF7EB
:10F9100041F90146FDF702FC002CF7D0404210BD32
:10F9200070B5822807DD0023BDE87040FF211A462C
:10F930000846F6F73FB864281CDB643800EB80000B
:10F940004000182190FBF1F0001DC5B20E2D00D92A
:10F950000E250024E81C00EB8000460007E0002391
:10F96000F2B219462046F6F725F8641CE4B2AC4220
:10F97000F5D370BD5F2814DD0125622801DD032564
:10F9800002E0612800DD0225002407E000231A467A
:10F9900096212046F6F70EF8641CE4B2AC42F5D38B
:10F9A00070BD0023BDE870401A460A211846F6F7DC
:10F9B00001B870B5552807DD0023BDE87040FF2170
:10F9C0001A460846F5F7F6BF46281CDB463800EB1A
:10F9D000800040000E2190FBF1F0001DC5B20E2DFD
:10F9E00000D90E250024E81C00EB8000460007E04B
:10F9F0000023F2B219462046F5F7DCFF641CE4B29E
:10FA0000AC42F5D370BD412814DD0125442801DD49
:10FA1000032502E0432800DD0225002407E000233F
:10FA20001A4696212046F5F7C5FF641CE4B2AC42A5
:10FA3000F5D370BD0023BDE870401A460A21184670
:10FA4000F5F7B8BF30B51E21B0FBF1F20A4C01FB4F
:10FA50001205217A421A00D50A1A9623954204DD2E
:10FA60000844B0FBF3F103FB1100B0FBF3F103FB1F
:10FA70001100207230BD0000AC00002070B50446BB
:10FA80000D4616462078322814D92878322811D904
:10FA9000307832280ED9F0F727FC032390FBF3F1DE
:10FAA00003FB1100C0B2002328B1012805D00228B1
:10FAB00000D1337070BD237070BD2B7070BD00001D
:10FAC0002DE9FF4754A003C8CDE9020154A003C8A3
:10FAD000CDE90001DFF8508198F80100002802D03C
:10FAE00052A0F8F711FBFDF793FAC8F8200098F838
:10FAF000011019B1014653A0F8F706FB98F8010070
:10FB000098B1D8F82000C10701D002AB00E06B46E5
:10FB1000810701D502AA00E06A46400701D502A983
:10FB200000E069464EA0F8F7EFFA98F8010010B12E
:10FB300055A0F8F7E9FA98F801005B4F20B197E873
:10FB40000E005AA0F8F7E0FA98F8010010B15CA096
:10FB5000F8F7DAFADFF8509198F8010009F10C098A
:10FB600020B199E80E0051A0F8F7CEFA98F82000DD
:10FB7000C04380074DD138684B4CC502443C2560DA
:10FB80007868C6026660B868A0F58040C702A760C2
:10FB90004FF0824AD9F80000C003F0F769FE5146E1
:10FBA000F0F77DFCF0F790FEE060D9F80400C003A8
:10FBB000F0F75EFE5146F0F772FCF0F785FE20612B
:10FBC000D9F80800C003F0F753FE5146F0F767FC80
:10FBD000F0F77AFE606198F8010028B13B463246A2
:10FBE00029463FA0F8F790FA98F8010020B10C34AC
:10FBF00048A00ECCF8F788FA2B484438FAF741FEB3
:10FC000098F8010010B15048F8F77EFA0120C8F8C2
:10FC10002400BDE8FF87000050415353000000005E
:10FC20004641494C00000000E801002053656C6625
:10FC3000746573742E2E2E537461727465640D0A8C
:10FC40000000000053656C66746573742E2E2E449C
:10FC50006F6E652E2E2E5265743D25640D0A0000D0
:10FC6000526573756C743A20436F6D706173733DA8
:10FC700025732C20416363656C3D25732C204779E7
:10FC8000726F3D25730D0A00416363656C204176F8
:10FC9000657261676520284C5342404653522032BA
:10FCA00067290D0A000000003455002009583A2544
:10FCB0006420593A2564205A3A25640D0A00000050
:10FCC0004779726F204176657261676520284C53D1
:10FCD000424046535220323530647073290D0A0079
:10FCE000466163746F72792043616C202D204163FB
:10FCF00063656C20444D50206269617365733A20DE
:10FD000009583A256420593A2564205A3A25640D49
:10FD10000A000000466163746F72792043616C20B1
:10FD20002D204779726F20444D50206269617365C0
:10FD3000733A202009583A256420593A2564205AFC
:10FD40003A25640D0A00000000470108182811D068
:10FD500008DC02280ED00B280CD00E280AD014285C
:10FD600006D107E01F2805D0222803D0272801D07C
:10FD70000020704701207047062803D01C2801D0BE
:10FD800000207047012070472DE9F041064600240D
:10FD9000994F9A49386808420DD099498E4201DB43
:10FDA0000E4608E097498E4201DB974E03E09749E3
:10FDB0008E4200DB964E974DC0070AD0284631464A
:10FDC000F0F76DFBF0F799FD81B20120FEF7CEFA56
:10FDD0000446387880070AD528463146F0F75FFB9D
:10FDE000F0F78BFD81B20420FEF7C0FA04433878A7
:10FDF00040070AD528463146F0F751FBF0F77DFD64
:10FE000081B21020FEF7B2FA0443387840060AD5D2
:10FE100028463146F0F743FBF0F76FFD81B20F2023
:10FE2000FEF7A4FA04433868C0030AD528463146D1
:10FE3000F0F735FBF0F761FD81B20F20FEF796FA7F
:10FE40000443388800050AD528463146F0F727FBD9
:10FE5000F0F753FD81B21220FEF788FA0443388888
:10FE6000C0040AD528463146F0F719FBF0F745FDE6
:10FE700081B21120FEF77AFA0443388840050AD58A
:10FE800028463146F0F70BFBF0F737FD81B213201F
:10FE9000FEF76CFA04433888C0050AD52846314677
:10FEA000F0F7FDFAF0F729FD81B20A20FEF75EFABD
:10FEB0000443388880050AD528463146F0F7EFFA22
:10FEC000F0F71BFD81B20920FEF750FA04433878A1
:10FED00010F0180F0AD028463146F0F7E0FAF0F794
:10FEE0000CFD81B20220FEF741FA04433878C006C7
:10FEF0000AD528463146F0F7D2FAF0F7FEFC81B277
:10FF00000E20FEF733FA0443387880060AD52846D7
:10FF10003146F0F7C4FAF0F7F0FC81B20B20FEF79F
:10FF200025FA0443388880040AD528463146F0F77C
:10FF3000B6FAF0F7E2FC81B21420FEF717FA044398
:10FF40003868C0020AD528463146F0F7A8FAF0F71B
:10FF5000D4FC81B22D20FEF709FA04433868400230
:10FF60000AD528463146F0F79AFAF0F7C6FC81B276
:10FF70002920FEF7FBF90443386880020AD5284699
:10FF80003146F0F78CFAF0F7B8FC81B22C20FEF77E
:10FF9000EDF90443386880030AD528463146F0F766
:10FFA0007EFAF0F7AAFC81B20B20FEF7DFF90443DA
:10FFB000386840030AD528463146F0F770FAF0F762
:10FFC0009CFC81B21420FEF7D1F904433878000676
:10FFD0000AD528463146F0F762FAF0F78EFC81B276
:10FFE0000320FEF7C3F90443FDF75EFBFAF7DCFAE2
:10FFF0002046BDE8F0810000E0540020001C7000A5
:020000040801F1
:10000000000061430000CC420000E14200004C428D
:100010000000624200A08C442DE9F84304460246E9
:1000200052486946B0EB420F09D94FF0E640B0EBB9
:10003000420F94BF00204FF0FF30009030E04C4B57
:1000400022F00040834271D94A492046F0F7F5F981
:10005000F0F78BFD8046F0F737FC00F003000090CE
:1000600045494046F0F7E9F9054644494046F0F76E
:10007000E4F9064642494046F0F7DFF907464149B0
:100080004046F0F7DAF92146F0F7D4F93946F0F7AF
:10009000CEF93146F0F7CBF92946F0F7C8F9044616
:1000A0002546009C002C45DB294614F0010F08462C
:1000B0001ED0F0F7C2F905463349F0F7BEF93349CF
:1000C000F0F763F92946F0F7B8F93149F0F75DF92F
:1000D0002946F0F7B2F94FF07E51F0F756F914F0D7
:1000E000020F08BFBDE8F88380F00040BDE8F88348
:1000F000F0F7A3F906462749F0F79FF92649F0F7EC
:1001000099F93146F0F799F92449F0F73EF931466B
:10011000F0F793F92946F0F790F92946F0F735F909
:1001200014F0020FE0D1BDE8F883FFE71046F8F7BE
:10013000AFFBB4E76800B0F17F4F09D22846F8F76B
:100140001BF8042808BFF8F79EFB2846BDE8F88393
:1001500006D10120F8F760FCBDE8F843F8F78FBB43
:100160002846BDE8F843F8F787BB0000B61F927E2B
:10017000490E494683F9223F1A61342C0020A233EC
:1001800000A0FD390000C93FB93AB2BACA9F2A3D62
:10019000DDFFFFBE336D4C39DA82083CA0AA2ABECF
:1001A0002DE9F04106460F46F0F75AFD041E0D46B4
:1001B00018BF0120284320F00040C0F17F6000F10B
:1001C000E040C00F0ED0301C18BF0120384320F093
:1001D0000040C0F17F6000F1E040C00F04BF01208B
:1001E000F8F71AFC20462946BDE8F08170B50546AF
:1001F000F0F78CFC044620F00040C0F1FF40C00F37
:1002000008D025F00040C0F1FF40C00F04BF01201E
:10021000F8F702FC204670BD10B5164B21F00042E5
:10022000012486B09A4203DC0022134600941CE0AD
:10023000114B9A4208D140B94FF00100F8F7ECFB9E
:10024000F8F70BFB06B010BD03DBF8F701FB06B0B7
:1002500010BD02AAF7F7A4FF00F00100A4EB4000D4
:100260000DF1080C00909CE80F00F8F7B3F906B008
:1002700010BD0000FB21E93F0000F07F2DE9F04FA9
:1002800005460C461D4E7700DFF87480DFF8749049
:10029000DFF874A0DFF874B02868B84205DD4010BC
:1002A00028604FF0FF30206018E0B04214DA284692
:1002B000FBF7E4F920602868B84205DB40102860AD
:1002C0002068401E206009E0B04207DA4000286044
:1002D0002068401C206001E0002020602868404524
:1002E00001DB484502DD0320BDE8F08F504501DB0E
:1002F000584501DD0220F7E70120F5E7FE855C2C7B
:100300009A99993966666646F6285C3F0AD7A340F3
:100310000169D0E901329A60D0E901235A604A6844
:10032000824201D182684A60002202610868401E50
:1003300008600868704700F1080141604FF0FF3223
:100340008260C1600161002101607047002101618C
:10035000704730B50C68621C02D000F1080202E060
:10036000026904E01A4653681D68A542FAD9536829
:100370004B6099608A60516008610168491C0160A6
:1003800030BD42684A6093688B60936859609160A1
:1003900008610168491C016070470000BF2080F3BC
:1003A0001188BFF34F8FBFF36F8F02480168491C5C
:1003B00001607047A001002004490868401E0860E1
:1003C000002801D180F3118870470000A0010020AF
:1003D00010B5002818D00838044600F067F86068A7
:1003E0000A4900E011460A6853688342FAD3086854
:1003F00020600C600548616808380268114401609B
:10040000BDE8104000F04ABA10BD00009001002085
:100410004FF0E02000210161816102494161072123
:10042000016170473F19010010B502460020002A03
:1004300007D000F03BF800211046FFF787F800F0E6
:100440002DFA002807D104494FF080500860BFF30F
:100450004F8FBFF36F8F10BD04ED00E07CB50F48E8
:100460000025CDE900502B4680220DA10E4800F05A
:1004700055F90A4C2C3C01280ED1BF2080F311887D
:10048000BFF34F8FBFF36F8F4FF0FF30A06201209B
:100490006061E56000F014F9206B7CBDD0010020A4
:1004A00049444C4500000000BDF600080248416B7D
:1004B000491C416370470000A40100200F4A506BA3
:1004C000002802D00120D06170470020D06110695F
:1004D000B0FA80F0C0F11F00094900EB800001EB89
:1004E000800041684968416000F10803994201D1E8
:1004F000496841604068C06810607047A4010020EE
:10050000E45300206420F1F7E3F9094C094E4FF45D
:1005100080550A20F0F7DAFFA078F1F739F90028C2
:10052000F7D0F1F705F829463046F3F748F8F0E739
:100530000C000020000801400A20F0F7C7FF00244B
:1005400038E02348C08820B344B1022C09D0042CE1
:100550000AD0062C16D0082C22D023E0F5F73BFD5C
:1005600020E0F4F7DBFB1DE0F1F70AFA20B1F1F728
:1005700007FA012803D015E0F3F7B0F812E0F3F71B
:1005800047FC0FE0F1F7FCF920B1F1F7F9F9012888
:1005900003D007E0F3F758F804E0F3F7DBFB01E0E2
:1005A000F2F78EF9641CA4B20A2C00D900240120B1
:1005B000F0F78CFFF5F7A6FE0028C2D10A20F0F76D
:1005C00085FF4FF47A742046F0F780FFFBE70000C8
:1005D0000C00002016E0F2F7F5FF48B1F2F7F8FF43
:1005E0000446F3F701F82146F7F7A4FAF1F726FEDF
:1005F000F2F7F4FF08B1F5F719FDF5F7B1FA0120AC
:10060000F0F764FFF5F77EFE0028E4D10B4948704F
:10061000F2F7D8FF48B1F2F7DBFF0446F2F7E4FF48
:100620002146F7F7BFFCF1F709FEF2F7D7FF08B153
:10063000F5F7FCFC0120F0F749FFE9E70C0000208A
:1006400008B500F0C9F8009010E0F1F799F920B171
:10065000F1F796F9012803D004E0F2F7DBFF01E09F
:10066000F3F73CFB0A21684600F088F8F5F74AFEEC
:100670000028EAD11E20F0F729FF4FF47A742046B3
:10068000F0F724FFFBE708B500F0A6F8009007E0BC
:100690000A21684600F072F8F2F76AF9F4F7ECFA0A
:1006A000F5F730FE0028F3D1F4F7DEFB2820F0F751
:1006B0000DFF4FF47A742046F0F708FFFBE70000C7
:1006C00010B50948016841F47F010160016841F0FB
:1006D0007F410160FFF79CFE044900200860EFF7AE
:1006E00043FD002010BD000020ED00E0A00100202F
:1006F00010B5BF2080F31188BFF34F8FBFF36F8F0A
:1007000000F070F818B104494FF0805008600020E4
:1007100080F3118810BD000004ED00E02DE9FF5FBB
:100720008146DDE90E788A4616469B46B000FFF703
:100730005BF8054628000AD04C20FFF755F8044620
:100740000CB1256304E02846FFF742FE00E00024D8
:100750008CB10020CDE90240CDE900785B463246FD
:1007600051464846FEF7BEFF2046FEF727FF012010
:1007700004B0BDE8F09F4FF0FF30F9E770B50346D5
:100780000D460024FFF792FE1148C268186841190F
:10079000904205D9884208D9914206D9012404E043
:1007A000884201D8914200D9012419601CB1881AED
:1007B0000021FEF7CBFE00F071F838B905494FF083
:1007C00080500860BFF34F8FBFF36F8F204670BD1E
:1007D000A401002004ED00E00148C068704700005B
:1007E000A40100202DE9F04100262A4F786B002853
:1007F00005D0B869401CB8613046BDE8F081FD689D
:100800006D1CFD6045B9B86BF96BB963F863386A64
:10081000401C3862FEF7D0FFB86ADFF87C80854262
:100820000DD3B86B006838B1B86BC068C468606835
:10083000854212D2B86202E04FF0FF30B8623868E9
:10084000C06A00EB800058F82000012800D901267A
:10085000F8690028D0D00126CEE7201DFFF758FD0B
:10086000A06A18B104F11800FFF752FDE06A0121F7
:100870003A6981401143396100EB800008EB800048
:10088000211DFFF77EFDE06A3968C96A8842C8D336
:100890000126C6E7A4010020E45300202DE9F04121
:1008A00000240027FFF77AFD264D686B401E686321
:1008B000686BE8BBA868D8B3DFF88C8001261EE01F
:1008C000D8F80C00C46804F11800FFF721FD201DC2
:1008D000FFF71EFDE06A2A6906FA00F1114329615B
:1008E000194900EB80008C3901EB8000211DFFF7D6
:1008F00048FDE06A2968C96A884200D3EE61D8F8E9
:1009000000000028DCD10CB1FEF756FFAC6944B101
:10091000FFF768FF00B1EE61641E002CF8D10020E3
:10092000A861E86920B1012708493807086000E09C
:1009300003E0BFF34F8FBFF36F8FFFF73DFD3846E6
:10094000BDE8F081A40100207054002004ED00E017
:100950000600D007D007D007D007CE051C0C00003A
:100960000600D007D007D007D007CE051C0C00002A
:10097000E12E654235FA8E3C000801400008000077
:1009800004000000000C014001000000080000000D
:100990000010014040000000100000000010014065
:1009A00000010000100000000008014000010000EC
:1009B00004000000000C01400200000008000000DC
:1009C00000100140800000001000000000100140F5
:1009D0000002000010000000000100000000000004
:1009E00000000000000000000005000000050000FD
:1009F00000050001000500FFFFF7000500050005E8
:100A00000005000500050005800080004000400052
:100A1000200020001000100008000800040004005E
:100A20000200020001000100008000800040004040
:100A3000002000200010001000080008000400043E
:100A400000020002000100010000038400009C403D
:100A5000000000000400000036666666000F00001B
:100A6000135C28F60CF5C28F0000000000000000A7
:100A700000000000FFF8003804F6E8F40000680009
:100A80000001FFC700000000000000000147AE1495
:100A90003EB851EC000F0000000000000000000014
:100AA0000000000000000000000000000000000046
:100AB00000000000000000004000000000000000F6
:100AC00000000000000000004000000000000000E6
:100AD00000000000000000004000000000000000D6
:100AE0000000010000010C000000000000000000F8
:100AF00000000000000000000000000000000000F6
:100B0000155555550AAAAAAA00000000000000E1E8
:100B100000000001000600010000000000000000CD
:100B20000048D1593FB72EA7020000000000000086
:100B300000000000000000008E1700070000000009
:100B40000000000000000320400000000000000042
:100B50007FFF0000000521E94000000000000000C8
:100B60000000000000000000003E03300000000014
:100B70000000000000000000000000020000000073
:100B80000000000000000000000000000000000065
:100B90000000000000000000000000000000000055
:100BA0000000000000000000000000000000000045
:100BB00000000000600000000000000000000000D5
:100BC0000000000000000000000000000000000025
:100BD0000000000000000000000000000000000015
:100BE00040000000000000000000000000000000C5
:100BF00000000000000000000000000000000001F4
:100C00000003000A012B4AEE0654AD11E3075C1500
:100C1000362BD026D08C49A40654AD111E0BB555E9
:100C200038EE175031363F0300000000000000008E
:100C300000000000000000000000000000000000B4
:100C400000000000000000000000000100000000A3
:100C50000000000100008000000000000000000013
:100C600000070000000E35750000000000000000C5
:100C7000000700100096003C00000000000000008B
:100C800000000000000000000D72AA29C93D6C4E52
:100C900055164C7FC442749700000000000000000D
:100CA0000000000000000000000000001000000034
:100CB000000000000000000800000000000000002C
:100CC0000000000000000000000000100000003DD7
:100CD0000000000000000000000000000000000014
:100CE0000020318815E3A340000000000000000050
:100CF00000000000000000000E704B8CC50A92BE80
:100D00005A9691D2C1EEE70D0000000000000000ED
:100D1000000000000000000200000014002D000090
:100D200000000000000000000000000000000000C3
:100D300000000000000000000000000000000000B3
:100D40000000000000000000000000A300000002FE
:100D50000000003A03E8000000000000000000006E
:100D60000000000000000000000000000000000083
:100D7000000000260000000200000000000000004B
:100D80000000000000000000000000000000000063
:100D9000000000033FC1A768400000000000000001
:100DA0000000000000000000000000000000000043
:100DB000333333330CCCCCCD00FFFF0000000000F8
:100DC000000000000000011800000000FFFFFFFF0E
:100DD0000000800020000000000000000000000073
:100DE0000000000000000000000000010000000002
:100DF00000000000000000030000000000000000F0
:100E0000100000006487ED510000000000000000A9
:100E1000000000000000006400000000000000006E
:100E200040000000011DF46A000000000000000006
:100E300000000000000000000002000000080000A8
:100E400000007FFF0000200000009C400CCCCCCDB7
:100E50000000078000020000000000000000000009
:100E60003EB851EC0147AE140000015E00000000E6
:100E70006000000000000000000080000000000092
:100E80000000800000100000000061A800000010B9
:100E9000000001000000100000010000040000003C
:100EA00000400000000400000000000000002000DE
:100EB00000002EE0000640000000000100000000DD
:100EC0000000000000000000020000000000000020
:100ED0000000000000000000000000000000000012
:100EE000400000000000000103FFFFFF00000000C1
:100EF0000000000000000000333333330000000026
:100F000000000000000000000CCCCCCD0000000070
:100F100000000000000000000000009D0000000034
:100F200000000000000000000001000000010000BF
:100F300000000000000000070000000000000000AA
:100F400000000000000000000000000000000000A1
:100F50000000000000000000000000010000000090
:100F6000000000000000000000320000003200001D
:100F7000003200000032000000000000000000000D
:100F80000000000000000000000000000000000061
:100F90000000000000000000000000000000000051
:100FA0000000000000000000000000000000000041
:100FB0000000000000000000000000000000000031
:100FC00000000000000000000032000000320000BD
:100FD00000320000003200000000000000000000AD
:100FE0000000000000000000000000000000000001
:100FF00000000000000000000000000000000000F1
:1010000000000000000000000000001000000000D0
:101010000000000001491B750000001000000000E6
:101020000000064000000CCD0001000000000000A0
:1010300000000000000000000000000000000000B0
:10104000000000000000000000005000000000014F
:101050000000160000000046000100000000000033
:10106000000000000000000000010000000000007F
:101070000000000000000000000000000000000070
:101080000000000000000000008000000080000060
:101090000080000000800000000000000000000050
:1010A0000000000000000000000000000000000040
:1010B0000000000000000000000000000000000030
:1010C0000000000000000000000000000000000020
:1010D0000000000000000000000000000000000010
:1010E0000000000000000000000000000000000000
:1010F00000000000000100010000000000000000EE
:10110000000000000001D4C0000000000000000248
:10111000008000000000013C000000000000000012
:1011200000000000000000000100000000000000BE
:1011300000000000000000000000000000000000AF
:10114000000000000000000000000000000000009F
:10115000000000000000000000000000000000008F
:10116000000000000000000000000000000000007F
:1011700000000000000000000000002800003A9875
:10118000000002000000014E00000000000000000E
:10119000000000000000000000000000000000004F
:1011A000000000000000040000000000000000003B
:1011B000000000000000000000000000000000002F
:1011C0000147AE144E400000000000000000000087
:1011D0000000000C000020000000000000000000E3
:1011E00000000000000000000001000000000000FE
:1011F0000000000000000D060000000000000000DC
:1012000000000000000000000000000000000000DE
:1012100000000000000000000000000000000000CE
:101220001000000000002710000000004A402000CD
:1012300000000000000000000000000000000ED8C8
:1012400000000118000007D00000000000000000AE
:10125000000000000000000000000000000000008E
:101260000000000000002710000000000000000047
:10127000000000000006131B000BB800003CBF0F6D
:101280000055CE750000271005B05B053A4FA4FA53
:10129000000000000000000000000000000000004E
:1012A0000000003C0000003C000000000000005A6C
:1012B000001D208A006193690000013C00004DF090
:1012C0000055CE75000002760666666639999999D2
:1012D0001000000030000000000000000CCCCCCC5E
:1012E00033333333000E90450000000001D41D411C
:1012F0003E2BE2BF3FF16FBB00000000000000008A
:101300000393870001249249000000000000138825
:101310000098968008583B002000000000000EAFA7
:1013200000001770000000012000000000000050C5
:1013300000000000000000010000000000000000AC
:10134000000000000000000000000000000000009D
:1013500000400000000400003F800000008000000A
:1013600000333333001CFA770C6D39E6CB6FDAA605
:1013700053CFD397C4537446000000000000000010
:10138000000000000000000000000000000000005D
:10139000000000000000000000000000000000004D
:1013A000000000000000000000000000000000003D
:1013B000000000000000000000000000000000002D
:1013C000000000000000000000000000000000001D
:1013D000000000000000000000000000000000000D
:1013E00000DA740E3F258BF20000000000000000C0
:1013F00000000000000000002000000000000000CD
:1014000000000000000000000000000000000000DC
:1014100000000000000000000000000000000000CC
:101420000000000100001D4C000000000000000052
:10143000380000000800000000000000000000006C
:101440000000000000000000200000003E2BE2BF72
:101450003E147AE2300000000000000000000000AE
:1014600000001388000007D000000000000000000A
:10147000000000000000000000000000000000006C
:10148000000013883C23EC842000000001D41D419F
:1014900001EB851E10000000000000010000138811
:1014A00000000000346CFCB20000000000000000EE
:1014B000000000000000000000000000000000002C
:1014C000000000000000000000000000000000001C
:1014D000000000000000000000000000000000000C
:1014E00000000000000000100000177000001388CA
:1014F00000002328000000260000002F0000000F3D
:1015000040000000000009C40000000000000023AB
:1015100001EB851E3E147AE2000000000000002D61
:10152000022222223DDDDDDE00000000000000007E
:1015300000000000000000000000000000000000AB
:10154000000000000000000000000000000000009B
:10155000000083D6000083D60000000000000000D9
:101560000000000E0000002100000000000000004C
:10157000400000000000000000000000000000002B
:10158000000000000000000000000000000000005B
:10159000000000000000000000000000000000004B
:1015A000000000000000000000000000000000003B
:1015B000000000020000000A00000000000000001F
:1015C00000333333000C0000000000000000000076
:1015D000002031880007000000000000000000002B
:1015E00000000000F0DE9AF800000000000000009B
:1015F000000000000F90B283000000000000000017
:1016000000000000080000000000000000000000D2
:1016100000000000F7218CD5000000000000000051
:10162000000000000C6F3995000000000000000071
:1016300000000000000000000000000000000000AA
:10164000000000000000000000000D2E000000005F
:101650000000000000000D2E00000000000000004F
:10166000000000000000000000000000000000007A
:10167000000000000000000000000000000000006A
:10168000000000000000000000000000000000005A
:10169000000000000000000000000000000000004A
:1016A0000000000000000000000000000000001327
:1016B00000000013000000000053440000534400E9
:1016C000019A0000019A000000000546000005464E
:1016D00000000019000000190000038400000258F7
:1016E00000000006000000030000009600000096C5
:1016F0000000015E0000009600CF50A400CF50A46F
:101700000135D0A40135D0A4000000000000000085
:1017100000000000000000000000000000000000C9
:1017200000000000000000000000000000000000B9
:1017300000000000000000000000000000000000A9
:101740000000000000000000000000000000000099
:101750000000000004000000400000000000000045
:101760000000000000000000017BAB50012DB648D6
:10177000000016AC002282600000118B044CCCB03B
:1017800000000014000016810278FEE003943AB0D5
:101790000010B4900000032A000025F600000000AD
:1017A00000000000200010000852DF89058C95061B
:1017B00001632541600000000000000000000000FF
:1017C0000000000000000000007B476902E5DBAE7E
:1017D00006F1857807DFAB880000000000000000FC
:1017E00000000000000000000000000000000000F9
:1017F00000000000000000000000000000000000E9
:1018000000000000000000000000000000000000D8
:1018100000000000000000000000000000000000C8
:1018200000000000000000000000000000000000B8
:1018300000000000000000000000000000000000A8
:101840000000000000000000000000000000000098
:101850000000000A0000000000000000020000007C
:101860000000FE4C0000000000000000000000002E
:10187000000000030866666600000000000000002B
:101880000399999A00666666000001F40000000161
:101890000000000A0000001E02000000000000001E
:1018A000066666660004D45E0000000000000004C6
:1018B000000000280000001E0000000000000000E2
:1018C00000666666000000000000000200000000E4
:1018D000000000960000000000000000FFFFFFF87D
:1018E00000000000000000000000000000000000F8
:1018F00000000000000000000000000000000000E8
:1019000000000000000000000000000000000000D7
:1019100000000000000000000000000000000000C7
:1019200000000000000000000000000000000000B7
:1019300000000000000000000000000000000000A7
:101940000000000000000000D8DCB8B0B4F3AAF832
:10195000F9D1D9889AF8F73ED8F38A9AA731D1D924
:10196000F41036D8F39F39F9D1D9F41036D8F38F63
:101970009F0897608A21D1D9F41036DAF1FFD8F1A7
:10198000BEBEBCBCBDBDBAB2B6A080903218BEBE51
:10199000BCBCBDBDB8B0B4A4DFA5DEF3A8DED0DF0B
:1019A000A4849F24F2A9F8F9D1DADEA8DEDFDFDF14
:1019B000D8F4B18DF3A8D0B0B48FF4B9AFD0C7BE0E
:1019C000BEB8AED0F39F75B286F4BEBEB9AFD0C379
:1019D000F1BEB8B0A3DEDFDFDFF2A381C080CDC7E8
:1019E000CFBCBDB4A38893F1626E767E8893BEA20D
:1019F00042A04E565EBEBEBEBCA2869D08FD0FBC78
:101A0000BCBCA3829301A9839E0E161EBEBEBEBCA3
:101A1000A58B992C547CBCBC8593BAA52D557DB85B
:101A2000A59D2CFD364CFD366CFD36F5A5859F3405
:101A30005474BDBDBDB1B6BA8395A5F10E161EB2E4
:101A4000A785952AF050788793F101DAA5DFDFDFCB
:101A5000D8A4DFDFDFB080F2A4C3CBC5F1B18E9490
:101A6000A40E161EB286BEA02C343CBDBDB496B8E2
:101A7000A12C343CBDBDB694BEA62CFD3534FD353D
:101A80003CFD35BCB28E94BAAA2D557DBEBEB8A61B
:101A90002D557DBAA42D557DB8B0B4A68F962E369F
:101AA0003EBCBCBCBDA6869FF5345474BCBEF19050
:101AB000FCC300D9F411D4D8F3A0DFF1BC8691A9FE
:101AC0002D557DBCBCBCA98090FC510010FC510080
:101AD00010FC510010FCC104D9F2A0DFF411D4D8DD
:101AE000F6A0FA809038F3DEDAF8F411D4D8F1BD1C
:101AF00095FCC104D9BDBDBDF411D4D8F6BCBCBCA5
:101B0000BDBDBEBEBEB5A784921AF8F9D1DB8493E1
:101B1000F76AB68796F309FFDABCBDBED8F1BCBC44
:101B2000BCF6B082B497B8A902F702F1BC8999A7B4
:101B300004FD37A8DF8798A7FC3D0050F8F9D1D9FC
:101B4000A8DFF9D8F6BCBCBCBDBDBDBEBEBEB7A744
:101B5000819A0BB4879F1AF8F9D1BB81AAC1D9F435
:101B6000123CD8F6B8A71AF9D9F4123CD88AF3BBBC
:101B7000AAC0C3B3AA8A9D1AFD1EB79A08B8B0B40A
:101B8000A5859D00D8F3B9B2A980CDF2C4C5BAF33A
:101B9000A0D0DEB1B4F7A7899172899147B6974A70
:101BA000B9F2A9D0FAF9D1D9F4126AD8F3BAA7F9DF
:101BB000DBFBD9F1B9B081A9C3F2C5F3BAA0D0F863
:101BC000D8F1B189A7DFDFDFF2A7C3CBC5F1B287B8
:101BD000B8BEBEBEABC2C5C7BEB5B997A522F04858
:101BE000703C98406834589960F1BCB38E95AA2532
:101BF0004D75BCBCBCB8B0B4A7889FF75AF9DAF3EE
:101C0000A8F8889DD07CD8F7A7889F52F9DAF3A866
:101C1000889CD0DF6870789D606870789E70789F2F
:101C200070D8F7A7889F42F9BAA0D0F3D9DED8F8C8
:101C3000F9D1B8DAA8889ED064689F60D8A8849843
:101C4000D0F77EF1B2B6BA8591A7F4734CF4736401
:101C5000F18491A7F4734CF0A2870D2059701538C8
:101C60004069A4F162F0193148B8B1B4F1A680C658
:101C7000F4B081F3A7C6B18F97F702F9DAF41373C2
:101C8000D8B0F7A7889F52F9D9F4136CD8F1B2B63F
:101C9000A682922AF050FD08F1A7849402FD08B0B4
:101CA000B4869700B1BAA78161D9F4138BD8F141FA
:101CB000DAF4138BD8F1B8B2A682C0D8F1B0B686E8
:101CC00092A716FD040FFD04BA8791A7F4735AB2C8
:101CD000F47364D8F1BEBEBEBDBDBDB2BA84A7C3A5
:101CE000C5C7B2BCBCBCB68791AFF4734CA08FF132
:101CF0000BF02059701538406964193148F1809013
:101D0000AF6EFD0467FD048F91A7F4735AF47364FA
:101D1000F1BEBCBDF7BEB0B4BA889EA36A9F66F0A0
:101D2000B1B5B98A9AA22C5078B2B98AAFC0C3C5EE
:101D3000C789ADD0C4C783A1C2C5BABCBCBCB2817F
:101D4000A2C0C3C5C7BCBCBDF47240F3BAA3FAF9C4
:101D5000D1D9F41427D87251BEBEBEBAB182A3D075
:101D6000C7A9D08DC4C7A381C1C3F3A68DC2BED8F5
:101D7000F1BEBEBEBAB1AA8FC0C3C5C7BEBCBCBC93
:101D8000B2B988AFC0C3C5C780ADD0C0C389A1C038
:101D9000C3BA81A2C0C3C5C7BCF47240F3BAA3F8EA
:101DA000F9D1D9F41478D87251BEBEBEB8B182A7A9
:101DB000D0C7BAA08DC4C7A981C0C3F3A58DC2BEC8
:101DC000D8F1BEBEBEBAB1A88FC0C3C5C7BEF3BAF4
:101DD000B2B6A3839308F9D9F414F6D8F0B8B0A337
:101DE000859404285078F1B4849369D9B6A58D946C
:101DF000202C343CB4A4DEDFF8F414C0D8F1A4F8ED
:101E0000A3849441D9A4DFF8D8F194FCC104D9A4E7
:101E1000FBA386C0B1829E06FD1EA681964293F06A
:101E200068B0A3F1839601F5839300A68696F034FB
:101E30008318F1A18D68A3819BDB198BA1C6D8F112
:101E4000BEBEBEBCBCBCBDBDBDD8F7B8B4B0A79DBE
:101E50008872F9BCBDBED9F4165BD8F2B8ADF8F9FA
:101E6000D1DADEBAA1DEAEDEF8D8F2B1B5B9AEF99C
:101E7000DAF4163FD8F28EC2F1B2809AF5AF24D9C7
:101E8000F4163FD8F544D9F4163FD8F564D9F416C2
:101E90003FD8F1B1B68B90AF2D557DB58C9FAD0E6F
:101EA000161E8B9DAB2C547C8D9FAA2E567E8A9C31
:101EB000AA2C547C9BAC264666AF8D9D009C0DDB06
:101EC000118F19F41581D8163FD8F1B281B690AFB1
:101ED0002D557DB18FB59FAFF52C547CF1B28C9F01
:101EE000AD6DDB7179F415AFD8F3BAA1DEF8F180EE
:101EF000A1C3C5C7F415BED8F3B6BA91FCC028DAA1
:101F0000A1F8D9F4163FD8F3B9AEF8F9D1D9F8F45D
:101F1000163FD8F1BAB1B5A08B933E5E7EAB83C0BD
:101F2000C5B2B6A387C0C3C5C7A288C0C3C5C7A46E
:101F300086C0C3C5C7A585C4C7AC8DC0F3AEDEF8E7
:101F4000F41948D8F1A783C0C3C5C7A882C0C3C5C8
:101F5000C7A684C0C3C5C7A585D0C0C38D9DAF39F2
:101F6000D9F4163FD8F183B59EAE34FD0A54FD0A6C
:101F700074FD0AF2AFDEF8F8F8B6819F05F8F9D1E2
:101F8000DA8FA1C0F41646D8F2BAAEF8F9D1DAF376
:101F9000BEBEBEBCBCBCBDBDBDB8B0B4A5859C08B2
:101FA000BEBCBDD8F7BCBCBCBDBDBDBBB4B0AF9E54
:101FB0008862F9BCBDD9F418A1D8F1BCBCBCB1850C
:101FC000BAB5A098062646BCB9B3B6F1AF81902D3C
:101FD000557DB1B5AF8F9FF52C547CF1BBAF869F7B
:101FE00069DB7179DAF3A0DFF8F1A1DEF2F8D8B39A
:101FF000B7F18C9BAF19D9ACDEF3A0DFF8D8AF8076
:102000009069D9A0FAF1B280A1C3C5C7F2A0D0DF10
:10201000F8F4188BD8F2A0D0DFF1BCBCBCB1AD8A0B
:102020009E264666BCB3F3A2DEF8F418D1D8F1AA16
:102030008DC1F2A1F8F9D1DAF41716D8F1AF8A9A66
:10204000218F90F510DAF41716D8F191FCC004D95D
:10205000F4175DD8F3A1DEF8A0DFF8F4188BF39144
:10206000FCC007D9F4175DD8F1AFB1849C01B3B5BA
:102070008097DBF321B9A7D9F8F4175DD8F3B9A796
:10208000DEF8BBF1A387C0C3C5C7A488C0C3C5C75A
:10209000A589C0C3C5C7A686C4C7A182C3C5C7F3E7
:1020A000A1DEF418A1D8F1BBB3B7A1F8F9D1DAF2E7
:1020B000A0D0DFF8D8F1B9B1B6A887902D557DF53D
:1020C000B5A888982C547CF1AF869829DB3139F477
:1020D00018A1D8F1B3B6A78A904C545CBAA08190ED
:1020E0002D557DBBF2A2F8F9D1DADEF418A1D8F1B2
:1020F000BAB0AB8FC0C7B3A383C0C3C5C7A284C0E7
:10210000C3C5C7A485C0C3C5C7A586C0C3AC8CC2A0
:10211000F3AEDEF8F8F41948D8F1B2BBA383C0C31C
:10212000C5C7A482C0C3C5C7A584C0C3C5C7A6858B
:10213000C0C3AC8CC4B3B7AF859556FD0F86960669
:10214000FD0FF0849FAF4C70FD0FF186962EFD0FB2
:10215000849F72FD0FDFAF2C547CAF8C69DB7179EB
:102160008B9C61F41821DA18A1D8F1AB839128FD7A
:102170000554FD057CFD05B8BDBDBDB5A38B95051A
:102180002D55BDB4BBAD8E930E161EB7F3A2DEF86F
:10219000F8F418D1D8F2A1F8F9D1D9F1AF8D9A019C
:1021A000F58F90DB00F418A1DAF1AA8DC0AE8BC1D7
:1021B000C3C5A1DEA783C0C3C5C7A884C0C3C5C7A4
:1021C000A985C0C3C5C7A686D0C0C3A281C3C5C7E1
:1021D000F418A1F1BBB3A3DEDFDFDFA48CC4C5C557
:1021E000C5A5DEDFDFDFA6DEDFD8F3B9AEDFBAAE2E
:1021F000DEBBA2DEBEBCB3BDB7AF8E9C01D1ACC00E
:10220000D9AEDED8F1B183B9A7D0C4B8AEDEBEBEB8
:10221000BEBBBCBCBCB3BDBDBDD8F3A2F8F9D1D91F
:10222000F41946D8F5AD8D9D2C547CF1AF49DAC335
:10223000C5D9C5C3D8AF9F69D0DAC7D98FC38DAF11
:10224000C7D8B9A98F9FF05478F1FD0FA6B189C204
:10225000B3AF8F9F2EFD11B1B5A9899F2CF3AEDFCF
:10226000F8F8F41AFDD8F1AD869906FD10DFF8FDF7
:102270000FAD8D9D4CBBB3AD8F9D2AFD0FB792FC6A
:10228000C004D9F416E5D8FCC008D9F4184CD8F12C
:10229000D8F3BAB2B6AEF8F9D1D9F41AFBD8F1AF87
:1022A000DEF9FD0F80902C547CA02AF05078FD0FB1
:1022B000F1A2829C00244464A98F94F004FD0F0CC9
:1022C00030FD0F1C952048FD0FF199C12C547CAABC
:1022D000829902FD0F2EFD0F56FD0F7EFD0FAC8380
:1022E0009FF004285078FD0F8C90F121F58C9C2CE8
:1022F000F1AFDEF189AF9FFCC000D9C18AC182C1B4
:10230000D8FCC004D9C38AC382C3D8FCC008D9C5CD
:102310008AC582C5D8FCC00CD9C78AC782C7D8FC79
:10232000C010D9F41AB5D8F18BABD0C09F2EFD0FD9
:10233000A0DEABD09065A08F9F4AFD0FAB8B9000C5
:10234000B9A9C1F3AEDFF8F41AFDD8F1BAB1B68974
:10235000ABC1B2AFD08B9F3EFD0F5AFD0F9FFCC0AB
:1023600000D9F18FA2C6D8FCC004D98FA2C784AB14
:10237000D0C0AF8A9B1EFD0F36FD0FA48F30AA9AE6
:1023800040D89FFCC008D98FA2D0C684ABD0C2AFC2
:102390008A9B1EFD0F56FD0FA48F34AA9A4084AB72
:1023A000D0C4AF8A9B3EFD0F56FD0FA4D08F30AA3C
:1023B0009A4CD89FFCC00CD98FA2D0C784ABD0C692
:1023C000AF8A9B1EFD0F76FD0FA4D08F34AA9A40D2
:1023D00085ABD0C0AF8A9B3EFD0F76FD0FA58F3039
:1023E000AA9A4C85ABD0C2AF8A9B5EFD0F76FD0FDB
:1023F000A58F34AAD09A50D8AFF8F419ABF1D88B86
:102400009CAF2AFD0F8A9FB9AF02FD0F26FD0F4634
:10241000FD0F66FD0F83B59FBAA3002C547CB682D6
:1024200092A031D9ADC3DAADC5D88DA039DA82AD6D
:10243000C7D8F39EFCC004D9F415FBD8FCC008D95A
:10244000F417D0D8F1D8F1B9B1B5A9DEF88999AFB0
:1024500031D9F41B51D8F185AF29D984A9C2D885C7
:10246000AF49D984A9C4D885AF69D984A9C6D88908
:10247000AF39DA8EA950F41B51D8F189AA7CFD023C
:102480009A68D8F1AAFBDA8999AF26FD0F8F9525B6
:10249000899FA912FD0FF41B3AD8F39EFCC104D901
:1024A000F41A02D8FCC108D9F4191DD8F1BEBCBC7D
:1024B000BCBDF3B8B4B08FA8C0F9AC8497F51AF1DD
:1024C000F8F9D1DAA8DED895FCC103D9A8DED8BCCA
:1024D000BCF198FCC01CDB95FCC003A5DEA4DED8D3
:1024E000AC889500D1D9A5F8D8A4FC80048895A41F
:1024F000FC080420F7BCBCBDBDB5AC849FF602F857
:10250000F9D1DB8493F76AF9D9F3BCBCA888921897
:10251000BCBCD8BCBCB4A8889E08F4BEBEA1D0BCCC
:10252000BCF7BEBEB5AC84936AF9BDBDB4D9F2ACFC
:102530008C9718F6849C02F8F9DBD1F1A5DFD8F767
:10254000BEBEBDBDA79D887AF9D9F41D9BD8F1BE4A
:10255000BEACDEDFAC889FF75A56F1BCBCBDBD9562
:10256000FCC007DAF41D36D8F1FCC000DB9CFCC1CE
:1025700000F41D5BD8F1AC95FCC008DAF41C78D8E7
:10258000F18290792D55F58C9C04AC2C54F1BCBC97
:10259000BC805DDB4951F4BC1C56DABC1D32D8F559
:1025A000869838D9F182902DD8ACD08698F55CD930
:1025B000F1829055D8AC8C9C0000A5DFF8F41C8308
:1025C000D8F182962D557D8C9C3418F1AC95F51C74
:1025D000D9F41D32D8F1AC839045D9A0F8AC8C9CCD
:1025E00006D2A191002C81D6F0A1D08C9C28D38753
:1025F000D4A78C20D3F1A484902C547CD8AC8390A5
:1026000045D9F41D5BD8F1AC819102FD148566FDBE
:102610001D884EFD1B87D4FD54AD8D4EF0819CABC3
:10262000D6FD068D318C101001010139AC8B98F567
:1026300008D9F41D32D8F1A982960195FCC100DABF
:10264000F41D0ADBF1AC8993F518F1A5DFF8D8F495
:102650001D36D8F1A4849534FD0654FD0674FD069C
:10266000A994F52C547CF1AC879949DB515984AB82
:10267000C3C5C782A6C0F3AADFF8D8F1A5DFD8F199
:10268000A0DEA1DEDFDFDFA7DEDFA4DFDFDFA295D4
:10269000FCC001D980C3C5C7A883C1DA86C3C5C73A
:1026A000A883C3D8F19AFCC104D9AC829601F3AADD
:1026B000DEF8F8F8DBF5AC8C9A18F3AAF9D8AC8AF6
:1026C0009A41D1AAD0C0D9F2AC859A41DBD1BCBC29
:1026D000BDBDBEBEF41D9BD8F3BCBCBDBDBEBEA57A
:1026E000859C10D8F1B8B0B4A7889EF77AF9D9F4D0
:1026F0001ED2D8F1BEBEBEBBA2F9DABEF41ED2D83D
:10270000F1BCBCBCB380C6AFDED0DFBCB284BDBD03
:10271000BDB79FA060BCBCBCB38590AF019F468F86
:10272000A20E8592AFD0299F52A50834A0FB8695B2
:10273000AF29DAA6DEF41E06D8F1A0FAF9DAA6DE91
:10274000F41E06D8F1A6F896AF19D9A3DEF8D8F191
:102750008594AF31D9A3DEF8F880A0C5D88596AFAF
:1027600031D9A3DEF8F8F880A5C086C3D8A8DFA1C8
:10277000DE8591AF0C0DF58F9FAF2C54F197FCC007
:1027800004DB8FAF51A8DFF8D898FCC008D9F41E3D
:102790006ED8F1FCC00CD9F41E97D8F193FCC00997
:1027A000D9A4DEA8DEF8F8D8FCC004D985A1C1A759
:1027B000DEF8D8F41EB0D8F1A4F88291AF31DB9FD7
:1027C000719241A7DED88494AF19D9A8DEF8F8F841
:1027D000A3DFD893FCC00AD9A8DEF8D8F41EB0D87D
:1027E000F1A4F8A3FAF9D1DB8894AF4188A1C2D84B
:1027F00093FCC00AD9A8DEF8D8F191FCC004D9A78F
:10280000FAA3FAAFD0DFF8F8D8AFD0FAF9D1B0BC5C
:10281000B4BDB8BEDAF3A5859D08D8F1F1A7DEF7FF
:10282000849F6A87F1D4FD3EF9D9F41EF1D8F0F700
:10283000A7889F52F9DAF47380D8F0B1B5BA8A9AB2
:10284000A7F02C5078F2A5DEF8F8F1B5B2A7879082
:1028500021DBB6B1809729D9F2A5F8D8BBB2B6BEB4
:10286000A1F8F9D1BEBEBEBADAA5DED8A7829565B9
:10287000D185A2D0C1D9B5A7869331DBD1F41F4150
:10288000D8F3B8B0B4A5859C18D8F1BAB2B6819681
:10289000A1F8F9B9A6DAC3C5C7D92D4D6DD8BA8A42
:1028A000AAF8F9B9AEDAC3C5C7D92D4D6DD8BA8823
:1028B000A8F8F9A7DAC3C5C7D92D4D6DD8F2B0B9BC
:1028C000A3FAF9D1DAB88FA7C0F9B58793F60AF25F
:1028D000B4A4849724A4849E3CD8F3BEBEBBAEF8B7
:1028E000F9D1BEBEB0B4B8DAA5859E00D8F1BCBCA3
:1028F000BDBD8E9EA759D1BCBCBDBDDA859EA508C5
:10290000D8F1BCBC8EBEBEAED0C5BCBCBEBEF7B995
:10291000B0B5A688955AF9DAF1ABF8D8B8B4F398FF
:10292000FCC004DAF4202FD8F2A9D0F8899BA75173
:10293000D9A9D0DEA4849E2CD8A8FA889AA729D930
:10294000A8DFA4849D34D8A8D0F8889AA751D9A824
:10295000D0DEA4849D2CD8A8D0FA889AA779D9A8CB
:10296000D0DFA4849D24D8F3A9D0F8899BA751D99E
:10297000A9D0DEA4849C2CD8F7A7889F52F9D9F45B
:10298000205FD8F1B9A2FAF3B8A9D0FA899BA77948
:10299000D9A9D0DFA4849C24D8F2A8F8889AA701EA
:1029A000D9A8DEA4849D3CD8F7A7889F42F9D9F422
:1029B00020A6D8F3A9F8899BA701D9A9DEA4849CF5
:1029C0003CD8A9FA899BA729D9A9DFA4849C34D82B
:1029D000F2A9FA899BA729D9A9DFA4849E34D8A992
:1029E000D0FA899BA779D9A9D0DFA4849E24D8F1F5
:1029F000A7DEF284CA97A424A594F60AF78502F804
:102A0000F9D1D9F69B02D8A7B1829562F8F9D1D94C
:102A1000F4229BD8F0B085A4D0C0DDF2C0DCF6A7CC
:102A20009F02F9D9F3A5DEDAF0DDF2C8DCD885958E
:102A3000A500D986F0DDF2CACCCEDCD88500D980DD
:102A4000F0DDF2CCC6CE85CACCCEDCD88500D9B1BB
:102A500089F0DDF2C2CAC4DCD8B08500D981F0DDCE
:102A6000F2C6CE82C0C8DCD88500B1D986F0DDF1CF
:102A7000C2C4C6DCD8B0F28500D9B287F0DDF1C29D
:102A8000C4C6F2BCB081C0DCBCBCBCD8B08500B14F
:102A9000D98FF0DDF2C2C4C6DCD8B08500D9B18EC2
:102AA000F0DDF1C2C4C6F2BCB081C0DCBCBCBCD895
:102AB000B08500D982F0DDF2C2CAC4DCD88500D866
:102AC000F28500D9B18AF0DDF1C2C4C6DCD8B0F21B
:102AD0008500D9B1F0DDF182C4DCD8B0F3A5F8F9F6
:102AE000D1D9F4221DD8F38595A50000D9BEF2BA3C
:102AF000AEDEBEBEBEBCB281F0DDF3C8DCBCBCBC89
:102B0000D8B0B885A500D9F2BEBEAADEBEBEBCBC98
:102B10008AF0DDF3C0DCBCBCD885A500D9B9F2A32E
:102B2000D0DEB285F0DDF3C8DCD8B085B8A500D919
:102B3000B38AF0DDF3C0DCD8B08500D98FF0DDF3C7
:102B4000C4DCD885000000D9BCBCB38EF0DDF3C076
:102B5000F1C2DCBCBCD8F3B08500D9BCBC8EF0DDC2
:102B6000F3C4DCBCBCD8F3B08EF4B8A7D0C0D8870F
:102B7000F3B9A2C6A6C4F7B58E9606F8F9D1DAF471
:102B80002226D8F38EC0F9B18696F70ADFF330FD1E
:102B900008A28210F0DDF382C0DCF2B9A3DFF4B149
:102BA0008CF3AFC1C3AF8FB49D3EFD1EB59F30A661
:102BB00039D9F42295D8F7B8B0B4A7849D1AF9D9B9
:102BC000F42288D8F1B9B1B5A6839B61D9F4229BD0
:102BD000D8F6B8B0B4A784945AF8F9D1DAF0E2F193
:102BE000B9ABDED8F2B186B9AFC3C5C7B8B0B4A728
:102BF000889CF76AF9D9FFD872BBAF7A9D669E763A
:102C00009F76F1A1DFF3A0F9DAFFD8B380C4AFD08B
:102C1000FAF9D1DABCBCBCF4244ED8F1B8BEBEAED1
:102C2000D0DEB084BABEA7C1F788B49D6EF9B2BC3D
:102C3000BCBCBDBDBDDAF42323D8F1B8BEBEBEAE68
:102C4000D091FCC000DBB695FCC104D9F8F8F8F8C7
:102C5000D8B491FCC004DBB695FCC100D9F8F8F8F3
:102C6000F8F8F8F8F8D8BABEF4238AD8F191FCC085
:102C700000DBB695FCC104F58795A73AF1F9D9AF09
:102C8000DE8FBEBEA1F4C1F1A2F4C1F1BEBED8B4C4
:102C900091FCC004DBB695FCC100D9AFDEF8FD079E
:102CA0008F9510DFF8F8F8A7DEF8FD07DFF8FD06CE
:102CB000DFF8FD048F97AFD0DE404850DFF8608F1B
:102CC000BEBEA0D0F4C1F1A1F4C2C5F1A2F4C7F117
:102CD000BEBED8F1B081A5C1BC84B8BEBEA9C1F743
:102CE00088B4BD9D6EF9BCBDDAF423D7D8F1A9DE56
:102CF000F8FD04DFF8FD05BC8EBEAED09AFCC00026
:102D0000DB9BFCC004D99940D89AFCC004DB9BFC37
:102D1000C000D99948D8BCBCBCBEBEBEF42441D8C2
:102D2000F19AFCC000DB9BFCC004F589A932F9D9FB
:102D3000F1DEF8FD02DFF8FD07DFF8FD07F8DF89B7
:102D4000BAA0F4C0F18BA1D0F4C3F189A2F4C2C53A
:102D5000C7F1A3F4C7F1B8D89AFCC004DB9BFCC050
:102D600000D9A9DEF8FD02DFF8FD07DFF8FD07F85E
:102D7000DFF8FD04F989BAA0F4C0F18BA1D0F4C347
:102D8000F189A2F4C2C5C7F1B8D8F18AABC0BCBC06
:102D9000BDBDBDBEBEBED8F1B280BAA7C4BCB28BA9
:102DA000F473198FB69CF47325AFF4732B8BF47303
:102DB000198EB69DF47325AEF4732BB381F4731999
:102DC0008594F47325BBA5F4732B80BAF47319B3FF
:102DD0008E9BF47325BBAEF4732BB383A3F47337CC
:102DE000F1B28FB69FBEBEB9AF7A8E9E7EF5B38527
:102DF000B7957C8E9E7CF1BCBCBDBDB1B58F9FAF3D
:102E0000D05882AF012D5586AF424E7682A2002C5B
:102E10005484BDB690AF51BDBDBDB59F06A4D0488A
:102E20008FAFD00A8474A4D03E8093AF39D1ABD990
:102E3000FADADFD8BAADFA839BA769DBB28DB69D0B
:102E400069F42501D8F1ADDEDFD8F0BCB281BDB6A2
:102E500091BBA63C110C582C50F1BCBCBCB386BD38
:102E6000BDBDB796A62C547C9B7197A5D02AF05077
:102E700078F1D8B8ACDEF8F5B08CB79306F1F9AFBD
:102E8000DAF8D9DED8B3B6BA86A7C2F4733F93F0A6
:102E90007171608492F47325F1A4F4732B83A3F40D
:102EA0007337B386A7C4F4733F95F071716086924F
:102EB000F47325A6F4732B85A5F47337B386A7C6E0
:102EC000F4733F9FF07171608892F47325A8F473D6
:102ED0002B8FAFF47337F5B28494B9AF7C86967CB0
:102EE00088987CF1B18FB59FA5308518F09A3C99F0
:102EF00018F1BAB2B6A78B9A2D557DF5A787972CF6
:102F0000547CF0AC819C0C97289C1497309C1C97A7
:102F100038F18AABC3C5C7A7819C59DB51AADEF43F
:102F200025F0D8F1ACB18E9C48FD02B28B02AADE2E
:102F3000A78C11DB19DAAAF8D8F1B2BCBC84B8BEF0
:102F4000AEC3C5C7B0BCBCBCB4BDF08A9EAF6C9963
:102F5000618A199E7499698A399E7C99718A59F19E
:102F60008F9FAA28FD0154FD017CFD018EA9C2C5D9
:102F7000C7F08A9AA7042850F18797AF098FB5BD8B
:102F8000BDBD9B1EB4BD97A7208BBAA7C1C3C5BD4D
:102F9000B690FCC200BDBDBDD9F426EED8F1B28614
:102FA000B697A74A99F473459AF473258AAAF473DD
:102FB00037F18697A7529BF473459CF473258CAC2C
:102FC000F47337F18697A75A9DF473459EF47325E1
:102FD0008EAEF47337F189A9C2C5C787C38BABC264
:102FE000C5C787C58DADC2C5C787C7B8AEDE8AB4B1
:102FF0009E64FD018C64FD018E64FD01B0F08D9E28
:10300000AF6C9C618D199E749C698D399E7C9C71FE
:103010008D59F18F9FAD28FD0154FD017CFD018E7E
:10302000ACC2C5C7F08D9DA8042850F18898AF099F
:103030008F9B1E98A820D8F1B8B1B4BCBCBC84AF9B
:10304000C787C1B383C1BCB08F9FAF49DAF4271ED5
:10305000D8F5917AF19FFCC003DB90FCC000D9A1A8
:10306000DEF8D8F4272ED8F59172F19FFCC003D971
:10307000A1DEDFA0DEDFD8F1A1F8F9D1A0DAF8D91E
:10308000FAD88090AF11DBA1DE91FCC104D9A1F880
:10309000DFA0DED88090AF39D9A0DEDFA1DFD8F184
:1030A000B1BCBCBCB5BDBDBDB9BEBEBEA6F88ABB79
:1030B000A4C3A0C5B98696AF21D9F42D87D8F1A6AF
:1030C000DEA1DEDFDFA0DEDFDFDFABDEACDEB38C78
:1030D000BBA4D0C4A0D0C6B8BEBEBEAADE83A9C160
:1030E000F2BCBC82C381C5F8F1B0BCB4BDBDBD9912
:1030F000FCC100D9AAFADB8A9AA939AADEF8D8F568
:10310000A289923AF192FCC003DADFD9FAA282DBFB
:1031100031DFAADEF8D899FCC103D9AADFD8F28939
:1031200099A971DBDE41F1AADEF8D89AFCC004DB74
:10313000A8DE98FCC100F8D8F1B1BCB5BDB9BE8716
:1031400094AF19D983A1C6F42A54D8F1829FAFDF76
:1031500028FD03DF30FD048F9F3482381DA9DED99E
:10316000F8DAF42911D8F18297AF51D983A0C78337
:10317000A7D0C2F42887D8F18292AF59DAF4288711
:10318000D8F5B383B7991AF1F8F9D1DAB1B5F428C3
:1031900087D8F53AF1F8F9D1DAB1B5F42887D8F142
:1031A000B0BCBCBC88AFC1F289C5C7F9F9B1BCB528
:1031B000B9F28F9FAF71D9F183A0C6B38CBBA4D0F5
:1031C000C4A0D0C6B1B9D8F183ACC683A7D0C4D847
:1031D000F1BCBC81AFC3BCBC839FAF09DB8F9E3108
:1031E00083A1C7A0DFD0DED88F93AF21D983A0C73A
:1031F000D0DEA1DFD8BCBCAFD0F3B18CC4F2B382B7
:10320000C281C5F9F1B0BC8AAFC5B1BC8093AF39FA
:10321000D1D9F3D0F8F9DBD1F19FFCC104F28F9F33
:10322000AF59F1A0DF83D0C6D8F1A1D0DE8390AF33
:1032300069DB9169F428FAD8F28F9F71D9F183A1E3
:10324000D0C6D8F18093AF19D1D9F42980D8F179BB
:10325000D1D9F42980D8F42A8DD8F1829DAF31DA02
:10326000F42942D8F183A0D0C7B69DFCC204D9BAD4
:10327000ADDEF8D8B38AB792BBAF19B188A4D9C56F
:10328000A0C7DAC1A0C3D8F42980D8F1A1F8F9D138
:10329000DAF42980D8F1BAADF8F9D1D983B9A0C64A
:1032A000ABC6B38DBBA4D0C4A0D0C6F42980D8F1DE
:1032B00083B9A0D0C7B38AB792BBAF19B1A4D989DB
:1032C000C3A0C5DA88C1A0C3D8F1B185BABEAFC268
:1032D00084C782C1C3B2BCB6BDA7DFDF8F92A7018E
:1032E000D9F429C2D8F109D9F429A9D8F1FAF429D5
:1032F000F1D8F151D9F429B6D8F1FAF429F1D8F17D
:1033000019D9D0F8DAFAD8F429F1D8F19321D9F4FF
:1033100029D6D8F109D9D0F8DAFAD8F429F1D8F1B8
:1033200071D9D0F8F429F1D8F159D9D0F8F429F1AC
:10333000D8F19401D9D0F8DAFAD8F1B0BCBC88A79A
:10334000C0B1BC89D0C182AFD0C5B2BC97FCC304A8
:10335000DBFCC000FCC204D9A7DFF8DFD8F18F94F2
:10336000A771D9F42A30D8F19541D9F42A30D8F18F
:103370009409DB39D9DFDFF8D8F197FCC104B1BC7F
:10338000BCBC83B9BEBEBEA0D9C6DADED8FCC204BE
:10339000D0D9C7DADFD8BDBDBDF42A8DD8F1B0BC15
:1033A00081B9AFC0B088C187C1B1BCBCBCB59FFCFE
:1033B000C004DB8F9E2D8D9F31D9A1DE83A0C6AFC7
:1033C000DEF8B3839FF506F1DBFCC104D9B8BEA1DA
:1033D000DFF8BEBEBED8F5B389B793BBA9668BAF85
:1033E00002F19FFCC003D98FA9D0C0D88999A3341A
:1033F000AFDEF8F5839F06F1FCC104DB9571A2D026
:10340000DED8B08DB9A1D0C78FB49FAF11D9A1D0EC
:10341000C7D8F5B38BB793BBAF22F19FFCC003DBDA
:1034200083A9C0D8A3DEB9A0D0DEBAAAF8F9D1DA50
:10343000F42B5CD8F1B9B1B5AF839061DB697991B8
:1034400069F42B53D8F1DFF8A0FAF9D1D9AFDFD85E
:10345000AF8C9569D9DFD8AF859C31DB9FFCC1006B
:10346000DAF42B30D8F183A0D0C6AF8A9E11F8D9F8
:10347000A0D0809C48D8AADED8F1B385B795AF71AB
:10348000B1B5D9A0D0DED8F183AFC6F88F941DDBDB
:1034900090FCC000A0D0DED8F42B5CD8F161D1AA9A
:1034A000D9DEDAF8D8F1B188BBA4D0C5A0D0C7B5B1
:1034B00090FCC200D9B28EC6A4D0C5BAAEDEF42B41
:1034C0008BD8F184B49FBAA769DAAEF8F42B8BD805
:1034D000F1AEDED8F1B181B59EBBAF02B79426B391
:1034E00081B59DA102B790268F91A1002CB1809447
:1034F000AF12265E6EB38092A2420E763E8FA2007D
:103500002C547CAFDEF8F58F99AF06F19FFCC10318
:10351000D98AAAC4D88392AF51D9F42C19D8F1A270
:10352000D0DEB69EFCC009DBFCC10AD9B8AEDEBA5B
:10353000AEDEFAB7BBF42C19D8F1B8AEDEF8BAAEED
:10354000DFF3BCBCBDBDBEBEB0B4BBAFFBDAB8A43C
:10355000D08D941DF1E2D8F1BCBCBDBDBEBEB3B7E9
:10356000BBD8F18A92AF19DAA3F8F8F8F8F8F8F8AE
:10357000F88BAAC6F42CAAD8F181AAC69A6060B1C9
:1035800081B593AF59B3B7D1D9F42CAAD8F18A92A7
:10359000AF21DAA3F8ADDED881AAC58591AF21D9D4
:1035A000F42C85D8F1A1DFA2DFDF8195A5C768895A
:1035B00093A3C660ADF8AFDEF8F5899F06F1FCC1B4
:1035C00003DB8D9DAF21A3DEF8D8F42CAAD8F181BE
:1035D000A5C592AF49DAA3F8F8D891AF49DAA3F8B4
:1035E000F8F8F8D8F1A3F8F9D1D9B183B9A1D0C6C8
:1035F000B3BBD8F5839AAF1AF1F8F9D1BCB0BDB41A
:10360000BEB8D9F42CDDD8F1A6F88696AE11D9A6AD
:10361000DF88BEBBA9D0C4F2A1D0C6A2D0C6BEBEB0
:10362000BED8F42CF8D8F1A6FA8696AE39D9A6DE23
:1036300087BEBBA9D0C4F2A1D0C6A2D0C6BEBEBEB2
:10364000D8F1BCBCBCB3BDBDBDB7BEBEBEBBA5F84A
:10365000F9D1DA86A7C3C5C7A5DE85A5D0C6D885AA
:1036600095AF71DAF42D38D8F18993A360F3BEBE1B
:10367000AFF8F9D1DAF3E2D8F1BEBE86A7C3C5C769
:10368000D8F1AFDFF9899F2D830DF599AF1A8F7EA1
:103690009FA812992EF1DFDFAFDFF9899F4D830DCF
:1036A000F59BAF028F66F19FFCC003D9F5A8D0123D
:1036B0009936D8F18898A610A738869FAFDE00FD0E
:1036C0000887008FF3AEC0F1BCBCB182C3BCBCD8CC
:1036D000F1BEBDB386B9A0C1B180AFC381C38CC1F7
:1036E000BCB59FFCC100DBFCC200FCC300F2A0DE45
:1036F000F42DBAD8F2A0DEF8F18F9FAF49D9F2A02D
:10370000DEF9D8F18090AF49D0DE9FFCC001D98F9F
:10371000C080A0D0C2F2AFC1F8DBD1D9F18F9F54E5
:10372000FD07D8F1859FA5D074F29060F3A0F9DA77
:10373000F42E2DD8F380C6F3A6FBDAF42E0BD8F3C3
:1037400086C4F3BEBBAFD0F8F9D1DAF4E2D8F1BE4B
:10375000BEBEB9D8F181A6C0A1C2C5C782C1A2C2EE
:10376000C5C783C1A3C2C5C784C1A4C2C5C785C11B
:10377000A5C2C5C7DFD8F3BCBDBEBBB3B7A2F8F2C4
:10378000F8F1809DADD07CF2A2FAF9D1F1B9ACD9B3
:10379000DEDAF8D8F5BEBEBAA78595788E9E7CBCD9
:1037A000BCBDBDB2B6F1A9899962F09740996C97FA
:1037B00048B9B1B5F1AF8091288C9F008365D9F4E9
:1037C0002E8DD8F19DFCC304AFB289D9C3C1DAC133
:1037D000C3D8F472F9D8F2BEBEBCBCBDBDB9B3B794
:1037E000A6819249F9DBF1B18CB59C21D9F5B3855D
:1037F000B795788E9E7CF1B18DB59DAD1AF096404F
:103800009D3C9648D8F1B181B59DB9A60A8D960523
:10381000D9F42EF4D8F2B381B792BBAF49F9F9DBF2
:10382000F1B18CB59CB9A621F42EF4D8F1B38EBBBE
:10383000A8D0C4C7F3B9ACD0DEF42F05D8F1B38556
:10384000BBA8D0C4C7F3B9ACD0DEF8DFF8D8F3B565
:103850009CFCC304DBFCC200D9F2ACD0DED8F2BBC6
:10386000AFB792B38219D9A2DFA1D0C4ACD0C5F34F
:10387000A7D0DFF1B9AADEA1DFB8BEA7D0DEBEBEF9
:10388000BED8F1BBAF899819A980D938D8AF89398A
:10389000A980DA3CD8A1F8F9D1DAF9DFF8F472E1BD
:1038A000F1FFD8AF2E88F575DAFFD871DAF1FFD8BD
:1038B00082A7F3C1F280C2F19786492EA6D0509616
:1038C00086AF75D988A2D0F3C0C3F1DA8F96A2D0A3
:1038D000F3C2C382B69B7070F1D8B7AFDFF9899994
:1038E000AF10809F21DA2ED88999AF31DADFD8AFB7
:1038F0008292F341D9F1DFD8AF82F319D9F1DFD841
:10390000F18990AFD0098F99AF51DB8931F3829261
:1039100019F2B18CB59C71D9F1DFF9F2B9ACD0F8DC
:10392000F8F3DFD8B3B7BB82ACF3C0A28022F1A911
:1039300022269FAF29DAACDEFFD8A2F2DEF1A9DFA2
:10394000F282B8BEA9C381C5B0BCB4BD8999A949EA
:10395000DAF4301AD8F19AFCC004A7D0D98897308D
:10396000DADED8F1BCB180BBBEBEBEAFC28CC181B5
:10397000C383C7BCBCB38FB7BDBDBD9FBAA761DB56
:103980006971FFD8F1BBADD0DEF8B184B696BAA7A5
:10399000D07EB796A701B2879D05DBB38DB6977928
:1039A000F3B18C9649F1BBADD0F8D8F3B9ACD0F8EF
:1039B000F9D1D9F1BBADD0F8D8B3B7BB978CAFF381
:1039C00079D9F4308DD8F1A1819D34AAD08A50F4F0
:1039D00072E1F430ADD8F3A7D0FAB59CFCC207D998
:1039E000F8D8B7978CAF79DAF18791A16CAAD09A01
:1039F00070BBF472E1D8F1B2AF8B9129F9DAA12949
:103A0000DFF8D8F1B8BEAAD0DEF2B381B792A949E7
:103A1000D9BCBDF430E0D8F1BCBDB0B48D9731F95C
:103A2000F9F9F9F9D9AAD0F8D8F1BCBCBDBDBEBE30
:103A3000B084A5C3C5C783A4C3C5C7F0B281B6917E
:103A4000A33C110C582C50F1B083B493A32C547C9C
:103A50009271F095AE2C50788EBEB9AAC2BCBDD87A
:103A6000F2BBB3B78291AF31DAF43183D8F18DB7BD
:103A700096BBA640AC8C9C0C30BA8D9DA739DBF36D
:103A8000B18CB69649D9F184B594B9A4D05EF0B79B
:103A90009D38D8F1B38DBAA7C6B59CFCC204D9B184
:103AA00081B697A7258B6E81B9A134DAB287B69714
:103AB00000FD3EB181258B4E81B9A134D8F1BBAA5E
:103AC000D0DFACDED0DEADD0DFF1FFD8F2B3B7AFE0
:103AD000829C39DBF1869009AAD08A9DD974F43191
:103AE0009EDAF1AAD0DFD8F3B9ACD0F8F9D1D9F287
:103AF000BBA2FAF8DAF2BBA2FAD8F2B382B69BBB49
:103B0000AF31DBF189B59A61D9F2A1D0F8F8D8F2DA
:103B100082AFC4F8F8F8F88FB79115DAA1D0C0D801
:103B200082AFC2F9D1D9F1B9ACDEADDEDFB9A1DF28
:103B3000BBADD0DFD8F28291AF31DAF1B1819DB95E
:103B4000A13CD8F2B3BB8291AF31D1D9F1B181B5EB
:103B50009BB9A13ED8F1B38CB79CBBACD010ACDE06
:103B6000ADD0DF9282AFF1CAF29135F1968FA6D92E
:103B700000DBAF8A906DD9A68F96018A60AAD0DF4C
:103B8000F281ACD0C5D8F1FFD8F0B9B1B6AF8D9203
:103B90004C7154685C604479E0D8F1BAB1A48FC02C
:103BA000C3C5C7B9B5F1AA829025F3ADDFD9F8F83E
:103BB000D8F1A18191F0348238F1AA2DF58A9030A4
:103BC000D9F3ADFAD8F0AA8F9F042851791D30148B
:103BD00038BCBCBCA2D08A9A2C50507878BC829059
:103BE000AAF57CF3D9ADFAD8F1B8AE82C6B9A181F5
:103BF000900A819218A2D081C1F3ADFBF9F1DAA24B
:103C0000D0DFD8A2D0FAF9D1DAAA829D7E76AD8A29
:103C1000D0315CF0AA8D9D5478FD7FF18A92559D3C
:103C2000ADD0727ED8F47240E0D8F1B1B982A2D0A2
:103C3000C2F2A3FAF3B8A7F8F9D1DAF2E2D8BBB32B
:103C4000E0F1B1AF8F9F3185A5D0DAC6F43316D835
:103C5000F1F8F9D1D9C6F5ADD08D9E7FDAF9D8F15A
:103C6000E0F1B697A766B793F0717160E0F00129B3
:103C70005179E0F1C2C5C7B287B6972CFD01E0F1DA
:103C8000C2C5C7B287C1E0F1B2819766E0F03810D3
:103C9000284088E0F02470594469386448312D5137
:103CA00079E0F024583D4034492D51E0F187A100DE
:103CB0002C547CF081A704285078FD7FF1A78796CB
:103CC0005991A1020E161EE0D8F0BEBEBEBCBCBC0F
:103CD000BDBDBDB3BB8CACF475AD8DADF475AD8E13
:103CE000AEF475ADBCB080AFF1DEDFDFD0F2C2CB99
:103CF000C5BCBCBCB38FD0BDB59EF102FD0326FD93
:103D00000346FD03BDBDBDF2ACC0ADC2AEC4F1A95A
:103D1000FAF9D1D9F433D6D8F1A9FAF43574D8F038
:103D2000B78C9CBAF47580F1C1B38D9DBAF47580DF
:103D3000F11CB38E9EBAF47580F11CB38FD7FD3E93
:103D4000F28DC18EC1F18FD5FD30D4D0FD70F1D090
:103D50002AD2F000D2A9DE8FB597AFF540D9F2A9EB
:103D6000F8D897AFF548D9F3A9F8D8F2AFDEF8D470
:103D7000FD0CB78F9DF604DAF43451D8F2B597DE16
:103D8000F8D037FD0E3FFD0E8DB79FF2D005D9A9B3
:103D9000F8D8AF0DD9A9F4F8D8D8F2AFDEF9D4FD30
:103DA0000C8E9F01DAF43470D8F2B1879E41D9A904
:103DB000F8D8AF61D9F3A9F8D8F1B38CAFDEF2C06F
:103DC0008FF0D4FD30B79FF500B18804D9A9F2F87F
:103DD000D8F5AF24D9A9F3F8D8F0AFB389C4C78F09
:103DE000D0D4FD40D5FD40B188D0F544D9A9F2F832
:103DF000D8AFF56CD9A9F3F8D8B38FB599F5AF6002
:103E0000D9AAF8DAAADED8AF68D9AAFADAAADFD82E
:103E1000F18AAFD4FD00D5FD408FD0F514A9D0D9DB
:103E2000DEDAF8D8AF3CA9D0D9DFDAFAD8F18AAF18
:103E3000D6FD00D7FD408F9AD0F504A9D9F2F8D865
:103E4000AFF52CA9D9F3F8D88CAFF2C0F18FD4FD1F
:103E500030B79F02FD1ED010B18AD059DAF4352B4D
:103E6000D8F18B51DAF4352BD8F1B59BB38F41D90A
:103E7000A9F2F8D8F1AFB79FB18A79DAF4354AD808
:103E8000F18B71DAF4354AD8F1B59BB38F49D9A9D2
:103E9000F3F8D8F0A9F2F9F9F9F9F9F9F9AAD0F09B
:103EA000DADEF5E2F0D9F8D8A9F3F9F9F9F9F9F978
:103EB000F9AAD0F0DADFF6E2F0D9FAD8D8F0BCB03F
:103EC00080BDB490BEB8A0E0F0AFF2113DF3153D57
:103ED000F2B28FD0CDCFF3DFDFDFDFF1D4FD70D5CD
:103EE000FD70D6FD70D7FD70B69F0C1018F500BBA5
:103EF000AFD0B79FE0F0D0F3CFF2CCD0F3CDF2CA81
:103F0000D0F3CBF2C8D0F3C9E000000000000000FD
:103F100000000000000000000000000000000000A1
:103F20000000000000000000000000000000000091
:103F30000000000000000000000000000000000081
:103F40000000000000000000000000000000000071
:103F50000000000000000000000000000000000061
:103F60000000000000000000000000000000000051
:103F70000000000000000000000000000000000041
:103F80000000000000000000000000000000000031
:103F90000000000000000000000000000000000021
:103FA0000000000000000000000000000000000011
:103FB0000000000000000000000000000000000001
:103FC00000000000000000000000000000000000F1
:103FD00000000000000000000000000000000000E1
:103FE00000000000000000000000000000000000D1
:103FF00000000000000000000000000000000000C1
:1040000000000000000000000000000000000000B0
:1040100000000000000000000000000000000000A0
:104020000000000000000000000000000000000090
:104030000000000000000000000000000000000080
:104040000000000000000000000000000000000070
:104050000000000000000000000000000000000060
:104060000000000000000000000000000000000050
:104070000000000000000000000000000000000040
:104080000000000000000000000000000000000030
:104090000000000000000000000000000000000020
:1040A0000000000000000000000000000000000010
:1040B0000000000000000000000000000000000000
:1040C00000000000000000000000000000000000F0
:1040D00000000000000000000000000000000000E0
:1040E00000000000000000000000000000000000D0
:1040F00000000000000000000000000000000000C0
:1041000000000000000000000000000000000000AF
:10411000000000000000000000000000000000009F
:10412000000000000000000000000000000000008F
:10413000000000000000000000000000000000007F
:10414000000000000000000000000000000000006F
:10415000000000000000000000000000000000005F
:10416000000000000000000000000000000000004F
:10417000000000000000000000000000000000003F
:104180000000250C0000292006091C1C1407271A12
:10419000040A1A1D0E032216020B181E06091C1C07
:1041A000010017140A101E2110012415040A1A1DFB
:1041B00003060B0619191F19FFFF088028000804C1
:1041C000484008108800FFFFFFFF0808088808041F
:1041D000FFFFFFFF0820080808400000180010003B
:1041E0000801FFFFFFFF088028000804484008106E
:1041F0008800080808880804FFFFFFFF0820080857
:104200000840180010000801FFFF0000010017140B
:104210001407271A120C130C251F261F111F292003
:1042200009100F100A101D2123211E2103110B114B
:1042300019221F2210012415040A1A1D09050F0551
:104240000A051D1823181E1803060B0619191F1935
:104250000E032216020B181E141203130B1327232E
:1042600019241F24120C130C251F261F111F0905CA
:104270000F050A051D1823181E183C0A560A700A55
:104280008B0AA60AC10ADD0AF80A150B310B4E0B80
:104290006B0B880BA50BC30BE10B000C1E0C3D0C2C
:1042A0005D0C7C0C9C0CBD0CDD0CFE0C1F0D410D3F
:1042B000630D850DA80DCB0DEE0D120E360E5A0EA8
:1042C0007F0EA40ECA0EEF0E160F3C0F630F8B0F5E
:1042D000B30FDB0F03102C1056108010AA10D4104F
:1042E00000112B1157118311B011DE110B1239126D
:1042F00068129712C712F712271359138A13BC13A7
:10430000EF13221455148914BE14F31429155F15E4
:104310009515CD1504163D167616AF16E916241719
:104320005F179B17D817151852189118CF180F1927
:104330004F199019D119131A561A9A1ADE1A221BFC
:10434000681BAE1BF51B3D1C851CCE1C181D621D79
:10435000AD1DF91D461E941EE21E311F811FD11F87
:1043600023207520C8201C217121C7211D22742201
:10437000CD2226238023DA2336249324F1244F25CB
:10438000AF250F267126D32636279B2700286728BE
:10439000CE283629A0290B2A762AE32A512BC02BB6
:1043A000302CA12C132D862DFB2D712EE82E602F85
:1043B000D92F5330CF304C31CA314A32CA324C3304
:1043C000D0335434DA346235EA35743600378D37F9
:1043D0001B38AA383C39CE39623AF83A8F3B273C31
:1043E000C13C5D3DFA3D983E383FDA3F7E40234177
:1043F000CA4172421C43C84376442545D645894686
:104400003D47F447AC486649224ADF4A9F4B614C1E
:10441000244DEA4DB14E7B4F46501451E351B552F5
:1044200089535E5436551156ED56CB57AC588F59BB
:10443000745A5C5B465C325D215E125F0560FB6016
:10444000F361EE62EB63EB64ED65F266FA670469B3
:10445000116A206B336C486D5F6E7A6F9770B8711C
:10446000DB7201742A7556768577B778EC79247BF0
:104470005F7C9D7DDF7E248000009CFF9CFF18FCFC
:1044800064006400D4FECEFFCEFF0CFE320032008A
:104490009CFF38FF38FF80F3C800C800E0FCE2FF53
:1044A000E2FF70FE1E001E00CEFF38FF38FFC0F98D
:1044B000C800C80070FE38FF38FF18FCC800C800EC
:1044C00038FF000000000000555555555555C53FB3
:1044D0007D6FEB0312D6D4BF5544880E55C1C93F3A
:1044E0003B8F68B52882A4BF88B20175E0EF493FD1
:1044F00009F7FD0DE13D023F4B2D8A1C273A03C011
:10450000C88A599CE52A004059018D1B6C06E6BFFC
:1045100082922EB1C5B8B33F4FBB610567ACDD3F9A
:10452000182D4454FB21E93F9BF681D20B73EF3FDA
:10453000182D4454FB21F93FE2652F227F2B7A3C52
:10454000075C143326A6813CBDCBF07A8807703C0B
:10455000075C143326A6913CC4EB98999999C9BF7E
:10456000711623FEC671BCBF6D9A74AFF2B0B3BFB3
:104570009AFDDE522DDEADBF2F6C6A2C44B4A2BF73
:104580000D5555555555D53FFF8300922449C23FDF
:104590006E204CC5CD45B73F513DD0A0660DB13F13
:1045A000EB0D76244B7BA93F11DA22E33AAD903F25
:1045B000000000000000000000004054FB21F93F13
:1045C0003163621A61B4D03D0000601A61B4D03D1D
:1045D0007370032E8A19A33B0000002E8A19A33B97
:1045E000C14920259A837B390000000000000000AB
:1045F0006E83F9A22915444ED15727FCC0DD34F54E
:10460000999562DB4190433CAB6351FE61C5BBDED3
:104610003A6E24B7E0D24D42EA2E49061C92D109E7
:104620001CEB1DFE3EA729B1F53582E88444BB2E64
:1046300026709CE9417E5FB439D69139F4395383B1
:104640008B5F849C3B28F9BDFF97F81F0F9805DE10
:104650008B112FEF1F6D0A5ACF7E366DB709CB270E
:10466000663F464F2DEA5F9EC7BA27757BF1E5EBA3
:10467000F739073DEA92528AB15FFB6B085D8D1FE7
:10468000000000006E83F9A22915444ED15727FC83
:10469000C0DD34F5999562DB4190433CAB6351FE3C
:1046A0007AFE10111111C13F37D60684F464963F8B
:1046B000280356C9226D6D3F0165F2F2D844433F8D
:1046C000A69237A0887E143F735360DBCB75F3BE90
:1046D000FE41B31BBAA1AB3F93846EE9E326823F50
:1046E0001583E0FEC8DB573F68108D1AF726303F70
:1046F000E9A7F0320FB8123FD47ABF74702AFB3E9C
:104700000D0A53657474696E672074686520444DA2
:1047100050206269617365732077697468206F6ED9
:10472000652D6178697320666163746F72792063A7
:10473000616C6962726174696F6E2076616C756517
:10474000732E2E2E646F6E650D0A00006C470108F3
:1047500000000020B4030000580D00080C480108B8
:10476000B4030020F45B0000088A0008C11205238E
:1047700001050213014BD00702ADCE051C0C0C192C
:104780002EEA0130C9105DCDCCCC3E08F23DA2032B
:10479000022664199EF96131023F5AE009CDCC4CE2
:1047A0003F52499D390358803F3D02040608C92CF9
:1047B00002030404071606070809F8431AAA0101B0
:1047C00030023104022337035CA04032013AFF0477
:1047D0003AFF0C490511E974F9100A11FF01593C1F
:1047E000795AB90F310A47C80269A70917A00917F2
:1047F000EC011812FF127E1420920123E47F27F9A6
:0C480000D6FFFF8F121B1AFBD4B1000082
:0400000508000131BD
:00000001FF
