ISO-10303-21;
HEADER;

/* File generated by Shapr3D Version 5.890.0.9070 */

FILE_DESCRIPTION(('HOOPS Exchange Step'),'2;1');

FILE_NAME('/private/var/mobile/Containers/Data/Application/512BD973-2612-4B7A-8C54-7F7EBD679855/tmp/export/temp_export',
'2025-06-27T19:30:18+08:00',
('mobile'),
('Shapr3D Limited'),
'HOOPS Exchange 2024.8',
'Shapr3D',
'Authorized');

FILE_SCHEMA( ('AP242_MANAGED_MODEL_BASED_3D_ENGINEERING_MIM_LF {1 0 10303 442 1 1 4}') );

ENDSEC;

DATA;
#3=(NAMED_UNIT(*)PLANE_ANGLE_UNIT()SI_UNIT($,.RADIAN.));
#4=PLANE_ANGLE_MEASURE_WITH_UNIT(PLANE_ANGLE_MEASURE(0.0174532925),#3);
#5=(CONVERSION_BASED_UNIT('DEGREE',#4)NAMED_UNIT(#6)PLANE_ANGLE_UNIT());
#6=DIMENSIONAL_EXPONENTS(0.,0.,0.,0.,0.,0.,0.);
#7=(NAMED_UNIT(*)SI_UNIT($,.STERADIAN.)SOLID_ANGLE_UNIT());
#8=(LENGTH_UNIT()NAMED_UNIT(*)SI_UNIT(.MILLI.,.METRE.));
#9=UNCERTAINTY_MEASURE_WITH_UNIT(LENGTH_MEASURE(1.000000E-03),#8,'DISTANCE_ACCURACY_VALUE','Maximum Tolerance applied to model');
#10=(GEOMETRIC_REPRESENTATION_CONTEXT(3)GLOBAL_UNCERTAINTY_ASSIGNED_CONTEXT((#9))GLOBAL_UNIT_ASSIGNED_CONTEXT((#8,#5,#7))REPRESENTATION_CONTEXT('','root'));
#12=CARTESIAN_POINT('',(0.,0.,0.));
#13=DIRECTION('',(0.,0.,1.));
#14=DIRECTION('',(1.,0.,0.));
#15=AXIS2_PLACEMENT_3D('',#12,#13,#14);
#26=(NAMED_UNIT(*)PLANE_ANGLE_UNIT()SI_UNIT($,.RADIAN.));
#27=PLANE_ANGLE_MEASURE_WITH_UNIT(PLANE_ANGLE_MEASURE(0.0174532925),#26);
#28=(CONVERSION_BASED_UNIT('DEGREE',#27)NAMED_UNIT(#29)PLANE_ANGLE_UNIT());
#29=DIMENSIONAL_EXPONENTS(0.,0.,0.,0.,0.,0.,0.);
#30=(NAMED_UNIT(*)SI_UNIT($,.STERADIAN.)SOLID_ANGLE_UNIT());
#31=(LENGTH_UNIT()NAMED_UNIT(*)SI_UNIT(.MILLI.,.METRE.));
#32=UNCERTAINTY_MEASURE_WITH_UNIT(LENGTH_MEASURE(1.000000E-03),#31,'DISTANCE_ACCURACY_VALUE','Maximum Tolerance applied to model');
#33=(GEOMETRIC_REPRESENTATION_CONTEXT(3)GLOBAL_UNCERTAINTY_ASSIGNED_CONTEXT((#32))GLOBAL_UNIT_ASSIGNED_CONTEXT((#31,#28,#30))REPRESENTATION_CONTEXT('','\X2\5E9576D8\X0\624.stp'));
#45=CARTESIAN_POINT('',(0.,0.,0.));
#46=DIRECTION('',(0.,0.,1.));
#47=DIRECTION('',(1.,0.,-0.));
#48=AXIS2_PLACEMENT_3D('',#45,#46,#47);
#49=ITEM_DEFINED_TRANSFORMATION('','',#48,#15);
#50=(REPRESENTATION_RELATIONSHIP('','',#35,#16)REPRESENTATION_RELATIONSHIP_WITH_TRANSFORMATION(#49)SHAPE_REPRESENTATION_RELATIONSHIP());
#51=NEXT_ASSEMBLY_USAGE_OCCURRENCE('\X2\5E9576D8\X0\624.stp_1','\X2\5E9576D8\X0\624.stp','\X2\5E9576D8\X0\624.stp',#25,#44,$);
#52=PRODUCT_DEFINITION_SHAPE('','',#51);
#53=CONTEXT_DEPENDENT_SHAPE_REPRESENTATION(#50,#52);
#54=(NAMED_UNIT(*)PLANE_ANGLE_UNIT()SI_UNIT($,.RADIAN.));
#55=PLANE_ANGLE_MEASURE_WITH_UNIT(PLANE_ANGLE_MEASURE(0.0174532925),#54);
#56=(CONVERSION_BASED_UNIT('DEGREE',#55)NAMED_UNIT(#57)PLANE_ANGLE_UNIT());
#57=DIMENSIONAL_EXPONENTS(0.,0.,0.,0.,0.,0.,0.);
#58=(NAMED_UNIT(*)SI_UNIT($,.STERADIAN.)SOLID_ANGLE_UNIT());
#59=(LENGTH_UNIT()NAMED_UNIT(*)SI_UNIT(.MILLI.,.METRE.));
#60=UNCERTAINTY_MEASURE_WITH_UNIT(LENGTH_MEASURE(1.000000E-05),#59,'DISTANCE_ACCURACY_VALUE','Maximum Tolerance applied to model');
#61=(GEOMETRIC_REPRESENTATION_CONTEXT(3)GLOBAL_UNCERTAINTY_ASSIGNED_CONTEXT((#60))GLOBAL_UNIT_ASSIGNED_CONTEXT((#59,#56,#58))REPRESENTATION_CONTEXT('','__'));
#73=CARTESIAN_POINT('',(0.,0.,0.));
#74=DIRECTION('',(0.,0.,1.));
#75=DIRECTION('',(1.,0.,-0.));
#76=AXIS2_PLACEMENT_3D('',#73,#74,#75);
#77=ITEM_DEFINED_TRANSFORMATION('','',#76,#15);
#78=(REPRESENTATION_RELATIONSHIP('','',#63,#35)REPRESENTATION_RELATIONSHIP_WITH_TRANSFORMATION(#77)SHAPE_REPRESENTATION_RELATIONSHIP());
#79=NEXT_ASSEMBLY_USAGE_OCCURRENCE('___2','__','__',#44,#72,$);
#80=PRODUCT_DEFINITION_SHAPE('','',#79);
#81=CONTEXT_DEPENDENT_SHAPE_REPRESENTATION(#78,#80);
#83=CARTESIAN_POINT('',(201.871094882,58.168105991,39.4));
#84=DIRECTION('',(-0.,-0.,-1.));
#85=DIRECTION('',(-0.707106781,0.707106781,0.));
#86=AXIS2_PLACEMENT_3D('',#83,#84,#85);
#87=PLANE('',#86);
#88=CARTESIAN_POINT('',(202.088997548,51.736311599,39.4));
#89=VERTEX_POINT('',#88);
#90=CARTESIAN_POINT('',(201.471840453,51.736311599,39.4));
#91=VERTEX_POINT('',#90);
#92=CARTESIAN_POINT('',(202.088997548,51.736311599,39.4));
#93=DIRECTION('',(-1.,0.,0.));
#94=VECTOR('',#93,0.617157095);
#95=LINE('',#92,#94);
#96=EDGE_CURVE('',#89,#91,#95,.T.);
#97=ORIENTED_EDGE('',*,*,#96,.F.);
#98=CARTESIAN_POINT('',(202.088997548,58.386008657,39.4));
#99=VERTEX_POINT('',#98);
#100=CARTESIAN_POINT('',(202.088997548,58.386008657,39.4));
#101=DIRECTION('',(-0.,-1.,0.));
#102=VECTOR('',#101,6.649697058);
#103=LINE('',#100,#102);
#104=EDGE_CURVE('',#99,#89,#103,.T.);
#105=ORIENTED_EDGE('',*,*,#104,.F.);
#106=CARTESIAN_POINT('',(214.697384934,70.994396043,39.4));
#107=VERTEX_POINT('',#106);
#108=CARTESIAN_POINT('',(214.697384934,70.994396043,39.4));
#109=DIRECTION('',(-0.707106781,-0.707106781,0.));
#110=VECTOR('',#109,17.830952441);
#111=LINE('',#108,#110);
#112=EDGE_CURVE('',#107,#99,#111,.T.);
#113=ORIENTED_EDGE('',*,*,#112,.F.);
#114=CARTESIAN_POINT('',(212.57606459,73.115716386,39.4));
#115=VERTEX_POINT('',#114);
#116=CARTESIAN_POINT('',(212.57606459,73.115716386,39.4));
#117=DIRECTION('',(0.707106781,-0.707106781,0.));
#118=VECTOR('',#117,3.);
#119=LINE('',#116,#118);
#120=EDGE_CURVE('',#115,#107,#119,.T.);
#121=ORIENTED_EDGE('',*,*,#120,.F.);
#122=CARTESIAN_POINT('',(201.471840453,62.011492249,39.4));
#123=VERTEX_POINT('',#122);
#124=CARTESIAN_POINT('',(201.471840453,62.011492249,39.4));
#125=DIRECTION('',(0.707106781,0.707106781,-0.));
#126=VECTOR('',#125,15.703744375);
#127=LINE('',#124,#126);
#128=EDGE_CURVE('',#123,#115,#127,.T.);
#129=ORIENTED_EDGE('',*,*,#128,.F.);
#130=CARTESIAN_POINT('',(201.471840453,51.736311599,39.4));
#131=DIRECTION('',(0.,1.,-0.));
#132=VECTOR('',#131,10.27518065);
#133=LINE('',#130,#132);
#134=EDGE_CURVE('',#91,#123,#133,.T.);
#135=ORIENTED_EDGE('',*,*,#134,.F.);
#136=EDGE_LOOP('',(#97,#105,#113,#121,#129,#135));
#137=FACE_BOUND('',#136,.T.);
#138=ADVANCED_FACE('',(#137),#87,.F.);
#139=CARTESIAN_POINT('',(201.488696332,42.447215537,4.4));
#140=DIRECTION('',(1.,-0.,-0.));
#141=DIRECTION('',(-0.,-1.,0.));
#142=AXIS2_PLACEMENT_3D('',#139,#140,#141);
#143=PLANE('',#142);
#144=CARTESIAN_POINT('',(201.488696332,45.347215537,4.4));
#145=VERTEX_POINT('',#144);
#146=CARTESIAN_POINT('',(201.488696332,45.347215537,33.6));
#147=VERTEX_POINT('',#146);
#148=CARTESIAN_POINT('',(201.488696332,45.347215537,4.4));
#149=DIRECTION('',(0.,0.,1.));
#150=VECTOR('',#149,29.2);
#151=LINE('',#148,#150);
#152=EDGE_CURVE('',#145,#147,#151,.T.);
#153=ORIENTED_EDGE('',*,*,#152,.T.);
#154=CARTESIAN_POINT('',(201.488696332,42.447215537,33.6));
#155=VERTEX_POINT('',#154);
#156=CARTESIAN_POINT('',(201.488696332,45.347215537,33.6));
#157=DIRECTION('',(-0.,-1.,0.));
#158=VECTOR('',#157,2.9);
#159=LINE('',#156,#158);
#160=EDGE_CURVE('',#147,#155,#159,.T.);
#161=ORIENTED_EDGE('',*,*,#160,.T.);
#162=CARTESIAN_POINT('',(201.488696332,42.447215537,4.4));
#163=VERTEX_POINT('',#162);
#164=CARTESIAN_POINT('',(201.488696332,42.447215537,4.4));
#165=DIRECTION('',(0.,0.,1.));
#166=VECTOR('',#165,29.2);
#167=LINE('',#164,#166);
#168=EDGE_CURVE('',#163,#155,#167,.T.);
#169=ORIENTED_EDGE('',*,*,#168,.F.);
#170=CARTESIAN_POINT('',(201.488696332,42.447215537,4.4));
#171=DIRECTION('',(0.,1.,-0.));
#172=VECTOR('',#171,2.9);
#173=LINE('',#170,#172);
#174=EDGE_CURVE('',#163,#145,#173,.T.);
#175=ORIENTED_EDGE('',*,*,#174,.T.);
#176=EDGE_LOOP('',(#153,#161,#169,#175));
#177=FACE_BOUND('',#176,.T.);
#178=ADVANCED_FACE('',(#177),#143,.T.);
#179=CARTESIAN_POINT('',(201.488696332,45.347215537,4.4));
#180=DIRECTION('',(0.5,-0.866025404,0.));
#181=DIRECTION('',(0.,0.,1.));
#182=AXIS2_PLACEMENT_3D('',#179,#180,#181);
#183=PLANE('',#182);
#184=CARTESIAN_POINT('',(204.000170003,46.797215537,4.4));
#185=VERTEX_POINT('',#184);
#186=CARTESIAN_POINT('',(204.000170003,46.797215537,41.4));
#187=VERTEX_POINT('',#186);
#188=CARTESIAN_POINT('',(204.000170003,46.797215537,4.4));
#189=DIRECTION('',(0.,0.,1.));
#190=VECTOR('',#189,37.);
#191=LINE('',#188,#190);
#192=EDGE_CURVE('',#185,#187,#191,.T.);
#193=ORIENTED_EDGE('',*,*,#192,.T.);
#194=CARTESIAN_POINT('',(201.471840453,45.33748379,41.4));
#195=VERTEX_POINT('',#194);
#196=CARTESIAN_POINT('',(201.471840453,45.33748379,41.4));
#197=DIRECTION('',(0.866025404,0.5,-0.));
#198=VECTOR('',#197,2.919463492);
#199=LINE('',#196,#198);
#200=EDGE_CURVE('',#195,#187,#199,.T.);
#201=ORIENTED_EDGE('',*,*,#200,.F.);
#202=CARTESIAN_POINT('',(201.471840453,45.33748379,33.6));
#203=VERTEX_POINT('',#202);
#204=CARTESIAN_POINT('',(201.471840453,45.33748379,41.4));
#205=DIRECTION('',(0.,-0.,-1.));
#206=VECTOR('',#205,7.8);
#207=LINE('',#204,#206);
#208=EDGE_CURVE('',#195,#203,#207,.T.);
#209=ORIENTED_EDGE('',*,*,#208,.T.);
#210=CARTESIAN_POINT('',(201.471840453,45.33748379,33.6));
#211=DIRECTION('',(0.866025404,0.5,-0.));
#212=VECTOR('',#211,0.019463492);
#213=LINE('',#210,#212);
#214=EDGE_CURVE('',#203,#147,#213,.T.);
#215=ORIENTED_EDGE('',*,*,#214,.T.);
#216=ORIENTED_EDGE('',*,*,#152,.F.);
#217=CARTESIAN_POINT('',(201.488696332,45.347215537,4.4));
#218=DIRECTION('',(0.866025404,0.5,-0.));
#219=VECTOR('',#218,2.9);
#220=LINE('',#217,#219);
#221=EDGE_CURVE('',#145,#185,#220,.T.);
#222=ORIENTED_EDGE('',*,*,#221,.T.);
#223=EDGE_LOOP('',(#193,#201,#209,#215,#216,#222));
#224=FACE_BOUND('',#223,.T.);
#225=ADVANCED_FACE('',(#224),#183,.T.);
#226=CARTESIAN_POINT('',(204.000170003,40.997215537,4.4));
#227=DIRECTION('',(0.5,0.866025404,-0.));
#228=DIRECTION('',(0.866025404,-0.5,-0.));
#229=AXIS2_PLACEMENT_3D('',#226,#227,#228);
#230=PLANE('',#229);
#231=CARTESIAN_POINT('',(201.471840453,42.456947283,33.6));
#232=VERTEX_POINT('',#231);
#233=CARTESIAN_POINT('',(201.471840453,42.456947283,41.4));
#234=VERTEX_POINT('',#233);
#235=CARTESIAN_POINT('',(201.471840453,42.456947283,33.6));
#236=DIRECTION('',(0.,0.,1.));
#237=VECTOR('',#236,7.8);
#238=LINE('',#235,#237);
#239=EDGE_CURVE('',#232,#234,#238,.T.);
#240=ORIENTED_EDGE('',*,*,#239,.T.);
#241=CARTESIAN_POINT('',(204.000170003,40.997215537,41.4));
#242=VERTEX_POINT('',#241);
#243=CARTESIAN_POINT('',(204.000170003,40.997215537,41.4));
#244=DIRECTION('',(-0.866025404,0.5,0.));
#245=VECTOR('',#244,2.919463492);
#246=LINE('',#243,#245);
#247=EDGE_CURVE('',#242,#234,#246,.T.);
#248=ORIENTED_EDGE('',*,*,#247,.F.);
#249=CARTESIAN_POINT('',(204.000170003,40.997215537,4.4));
#250=VERTEX_POINT('',#249);
#251=CARTESIAN_POINT('',(204.000170003,40.997215537,4.4));
#252=DIRECTION('',(0.,0.,1.));
#253=VECTOR('',#252,37.);
#254=LINE('',#251,#253);
#255=EDGE_CURVE('',#250,#242,#254,.T.);
#256=ORIENTED_EDGE('',*,*,#255,.F.);
#257=CARTESIAN_POINT('',(204.000170003,40.997215537,4.4));
#258=DIRECTION('',(-0.866025404,0.5,0.));
#259=VECTOR('',#258,2.9);
#260=LINE('',#257,#259);
#261=EDGE_CURVE('',#250,#163,#260,.T.);
#262=ORIENTED_EDGE('',*,*,#261,.T.);
#263=ORIENTED_EDGE('',*,*,#168,.T.);
#264=CARTESIAN_POINT('',(201.488696332,42.447215537,33.6));
#265=DIRECTION('',(-0.866025404,0.5,-0.));
#266=VECTOR('',#265,0.019463492);
#267=LINE('',#264,#266);
#268=EDGE_CURVE('',#155,#232,#267,.T.);
#269=ORIENTED_EDGE('',*,*,#268,.T.);
#270=EDGE_LOOP('',(#240,#248,#256,#262,#263,#269));
#271=FACE_BOUND('',#270,.T.);
#272=ADVANCED_FACE('',(#271),#230,.T.);
#273=CARTESIAN_POINT('',(169.088997548,122.259637678,4.4));
#274=DIRECTION('',(-0.,-0.,-1.));
#275=DIRECTION('',(0.707106781,0.707106781,-0.));
#276=AXIS2_PLACEMENT_3D('',#273,#274,#275);
#277=CYLINDRICAL_SURFACE('',#276,89.5);
#278=CARTESIAN_POINT('',(201.237392449,38.732811416,2.));
#279=VERTEX_POINT('',#278);
#280=CARTESIAN_POINT('',(209.545714361,42.425409024,2.));
#281=VERTEX_POINT('',#280);
#282=CARTESIAN_POINT('',(169.088997548,122.259637678,2.));
#283=DIRECTION('',(0.,0.,1.));
#284=DIRECTION('',(0.707106781,0.707106781,-0.));
#285=AXIS2_PLACEMENT_3D('',#282,#283,#284);
#286=CIRCLE('',#285,89.5);
#287=EDGE_CURVE('',#279,#281,#286,.T.);
#288=ORIENTED_EDGE('',*,*,#287,.T.);
#289=CARTESIAN_POINT('',(209.545714361,42.425409024,41.4));
#290=VERTEX_POINT('',#289);
#291=CARTESIAN_POINT('',(209.545714361,42.425409024,2.));
#292=DIRECTION('',(0.,0.,1.));
#293=VECTOR('',#292,39.4);
#294=LINE('',#291,#293);
#295=EDGE_CURVE('',#281,#290,#294,.T.);
#296=ORIENTED_EDGE('',*,*,#295,.T.);
#297=CARTESIAN_POINT('',(201.471840453,38.823425603,41.4));
#298=VERTEX_POINT('',#297);
#299=CARTESIAN_POINT('',(169.088997548,122.259637678,41.4));
#300=DIRECTION('',(-0.,-0.,-1.));
#301=DIRECTION('',(1.,0.,-0.));
#302=AXIS2_PLACEMENT_3D('',#299,#300,#301);
#303=CIRCLE('',#302,89.5);
#304=EDGE_CURVE('',#290,#298,#303,.T.);
#305=ORIENTED_EDGE('',*,*,#304,.T.);
#306=CARTESIAN_POINT('',(201.471840453,38.823425603,33.6));
#307=VERTEX_POINT('',#306);
#308=CARTESIAN_POINT('',(201.471840453,38.823425603,41.4));
#309=DIRECTION('',(-0.,-0.,-1.));
#310=VECTOR('',#309,7.8);
#311=LINE('',#308,#310);
#312=EDGE_CURVE('',#298,#307,#311,.T.);
#313=ORIENTED_EDGE('',*,*,#312,.T.);
#314=CARTESIAN_POINT('',(201.237392449,38.732811416,33.6));
#315=VERTEX_POINT('',#314);
#316=CARTESIAN_POINT('',(169.088997548,122.259637678,33.6));
#317=DIRECTION('',(-0.,-0.,-1.));
#318=DIRECTION('',(-1.,0.,0.));
#319=AXIS2_PLACEMENT_3D('',#316,#317,#318);
#320=CIRCLE('',#319,89.5);
#321=EDGE_CURVE('',#307,#315,#320,.T.);
#322=ORIENTED_EDGE('',*,*,#321,.T.);
#323=CARTESIAN_POINT('',(201.237392697,38.732811305,4.4));
#324=VERTEX_POINT('',#323);
#325=CARTESIAN_POINT('',(201.237392449,38.732811416,33.6));
#326=DIRECTION('',(-0.,-0.,-1.));
#327=VECTOR('',#326,29.2);
#328=LINE('',#325,#327);
#329=EDGE_CURVE('',#315,#324,#328,.T.);
#330=ORIENTED_EDGE('',*,*,#329,.T.);
#331=CARTESIAN_POINT('',(201.237392449,38.732811416,4.4));
#332=DIRECTION('',(-0.,-0.,-1.));
#333=VECTOR('',#332,2.4);
#334=LINE('',#331,#333);
#335=EDGE_CURVE('',#324,#279,#334,.T.);
#336=ORIENTED_EDGE('',*,*,#335,.T.);
#337=EDGE_LOOP('',(#288,#296,#305,#313,#322,#330,#336));
#338=FACE_BOUND('',#337,.T.);
#339=ADVANCED_FACE('',(#338),#277,.T.);
#340=CARTESIAN_POINT('',(201.871094882,58.168105991,33.6));
#341=DIRECTION('',(-0.,-0.,-1.));
#342=DIRECTION('',(-0.707106781,0.707106781,0.));
#343=AXIS2_PLACEMENT_3D('',#340,#341,#342);
#344=PLANE('',#343);
#345=CARTESIAN_POINT('',(201.471840453,62.011492249,33.6));
#346=VERTEX_POINT('',#345);
#347=CARTESIAN_POINT('',(201.471840453,62.011492249,33.6));
#348=DIRECTION('',(0.,-1.,0.));
#349=VECTOR('',#348,16.674008458);
#350=LINE('',#347,#349);
#351=EDGE_CURVE('',#346,#203,#350,.T.);
#352=ORIENTED_EDGE('',*,*,#351,.F.);
#353=CARTESIAN_POINT('',(199.688997548,60.228649344,33.6));
#354=VERTEX_POINT('',#353);
#355=CARTESIAN_POINT('',(199.688997548,60.228649344,33.6));
#356=DIRECTION('',(0.707106781,0.707106781,-0.));
#357=VECTOR('',#356,2.521320616);
#358=LINE('',#355,#357);
#359=EDGE_CURVE('',#354,#346,#358,.T.);
#360=ORIENTED_EDGE('',*,*,#359,.F.);
#361=CARTESIAN_POINT('',(199.688997548,39.428320086,33.6));
#362=VERTEX_POINT('',#361);
#363=CARTESIAN_POINT('',(199.688997548,60.228649344,33.6));
#364=DIRECTION('',(-0.,-1.,0.));
#365=VECTOR('',#364,20.800329258);
#366=LINE('',#363,#365);
#367=EDGE_CURVE('',#354,#362,#366,.T.);
#368=ORIENTED_EDGE('',*,*,#367,.T.);
#369=CARTESIAN_POINT('',(201.237392449,38.732811416,33.6));
#370=DIRECTION('',(-0.912201069,0.409742858,0.));
#371=VECTOR('',#370,1.697427194);
#372=LINE('',#369,#371);
#373=EDGE_CURVE('',#315,#362,#372,.T.);
#374=ORIENTED_EDGE('',*,*,#373,.F.);
#375=ORIENTED_EDGE('',*,*,#321,.F.);
#376=CARTESIAN_POINT('',(201.471840453,42.456947283,33.6));
#377=DIRECTION('',(0.,-1.,0.));
#378=VECTOR('',#377,3.63352168);
#379=LINE('',#376,#378);
#380=EDGE_CURVE('',#232,#307,#379,.T.);
#381=ORIENTED_EDGE('',*,*,#380,.F.);
#382=ORIENTED_EDGE('',*,*,#268,.F.);
#383=ORIENTED_EDGE('',*,*,#160,.F.);
#384=ORIENTED_EDGE('',*,*,#214,.F.);
#385=EDGE_LOOP('',(#352,#360,#368,#374,#375,#381,#382,#383,#384));
#386=FACE_BOUND('',#385,.T.);
#387=ADVANCED_FACE('',(#386),#344,.F.);
#388=CARTESIAN_POINT('',(199.688997548,60.228649344,39.4));
#389=DIRECTION('',(1.,-0.,-0.));
#390=DIRECTION('',(0.,1.,-0.));
#391=AXIS2_PLACEMENT_3D('',#388,#389,#390);
#392=PLANE('',#391);
#393=ORIENTED_EDGE('',*,*,#367,.F.);
#394=CARTESIAN_POINT('',(199.688997548,60.228649344,4.4));
#395=VERTEX_POINT('',#394);
#396=CARTESIAN_POINT('',(199.688997548,60.228649344,33.6));
#397=DIRECTION('',(-0.,-0.,-1.));
#398=VECTOR('',#397,29.2);
#399=LINE('',#396,#398);
#400=EDGE_CURVE('',#354,#395,#399,.T.);
#401=ORIENTED_EDGE('',*,*,#400,.T.);
#402=CARTESIAN_POINT('',(199.688997548,39.429047571,4.4));
#403=VERTEX_POINT('',#402);
#404=CARTESIAN_POINT('',(199.688997548,60.228649344,4.4));
#405=DIRECTION('',(-0.,-1.,0.));
#406=VECTOR('',#405,20.799601773);
#407=LINE('',#404,#406);
#408=EDGE_CURVE('',#395,#403,#407,.T.);
#409=ORIENTED_EDGE('',*,*,#408,.T.);
#410=CARTESIAN_POINT('',(199.688997548,39.428320086,4.4));
#411=VERTEX_POINT('',#410);
#412=CARTESIAN_POINT('',(199.688997548,39.429047571,4.4));
#413=DIRECTION('',(-0.,-1.,0.));
#414=VECTOR('',#413,0.000727485);
#415=LINE('',#412,#414);
#416=EDGE_CURVE('',#403,#411,#415,.T.);
#417=ORIENTED_EDGE('',*,*,#416,.T.);
#418=CARTESIAN_POINT('',(199.688997548,39.428320086,33.6));
#419=DIRECTION('',(-0.,-0.,-1.));
#420=VECTOR('',#419,29.2);
#421=LINE('',#418,#420);
#422=EDGE_CURVE('',#362,#411,#421,.T.);
#423=ORIENTED_EDGE('',*,*,#422,.F.);
#424=EDGE_LOOP('',(#393,#401,#409,#417,#423));
#425=FACE_BOUND('',#424,.T.);
#426=ADVANCED_FACE('',(#425),#392,.F.);
#427=CARTESIAN_POINT('',(199.688997548,39.428320086,39.4));
#428=DIRECTION('',(0.409742858,0.912201069,-0.));
#429=DIRECTION('',(-0.912201069,0.409742858,0.));
#430=AXIS2_PLACEMENT_3D('',#427,#428,#429);
#431=PLANE('',#430);
#432=ORIENTED_EDGE('',*,*,#373,.T.);
#433=ORIENTED_EDGE('',*,*,#422,.T.);
#434=CARTESIAN_POINT('',(199.688997548,39.428320086,4.4));
#435=DIRECTION('',(0.912201069,-0.409742858,-0.));
#436=VECTOR('',#435,1.697427465);
#437=LINE('',#434,#436);
#438=EDGE_CURVE('',#411,#324,#437,.T.);
#439=ORIENTED_EDGE('',*,*,#438,.T.);
#440=ORIENTED_EDGE('',*,*,#329,.F.);
#441=EDGE_LOOP('',(#432,#433,#439,#440));
#442=FACE_BOUND('',#441,.T.);
#443=ADVANCED_FACE('',(#442),#431,.F.);
#444=CARTESIAN_POINT('',(239.823128828,155.259637677,4.4));
#445=DIRECTION('',(-0.,-1.,0.));
#446=DIRECTION('',(1.,-0.,-0.));
#447=AXIS2_PLACEMENT_3D('',#444,#445,#446);
#448=PLANE('',#447);
#449=CARTESIAN_POINT('',(239.612323627,155.259637677,39.4));
#450=VERTEX_POINT('',#449);
#451=CARTESIAN_POINT('',(239.612323627,155.259637677,2.));
#452=VERTEX_POINT('',#451);
#453=CARTESIAN_POINT('',(239.612323627,155.259637677,39.4));
#454=DIRECTION('',(-0.,-0.,-1.));
#455=VECTOR('',#454,37.4);
#456=LINE('',#453,#455);
#457=EDGE_CURVE('',#450,#452,#456,.T.);
#458=ORIENTED_EDGE('',*,*,#457,.T.);
#459=CARTESIAN_POINT('',(232.962626571,155.259637677,2.));
#460=VERTEX_POINT('',#459);
#461=CARTESIAN_POINT('',(239.612323627,155.259637677,2.));
#462=DIRECTION('',(-1.,0.,0.));
#463=VECTOR('',#462,6.649697055);
#464=LINE('',#461,#463);
#465=EDGE_CURVE('',#452,#460,#464,.T.);
#466=ORIENTED_EDGE('',*,*,#465,.T.);
#467=CARTESIAN_POINT('',(232.962626571,155.259637677,39.4));
#468=VERTEX_POINT('',#467);
#469=CARTESIAN_POINT('',(232.962626571,155.259637677,39.4));
#470=DIRECTION('',(-0.,-0.,-1.));
#471=VECTOR('',#470,37.4);
#472=LINE('',#469,#471);
#473=EDGE_CURVE('',#468,#460,#472,.T.);
#474=ORIENTED_EDGE('',*,*,#473,.F.);
#475=CARTESIAN_POINT('',(239.612323627,155.259637677,39.4));
#476=DIRECTION('',(-1.,-0.,0.));
#477=VECTOR('',#476,6.649697056);
#478=LINE('',#475,#477);
#479=EDGE_CURVE('',#450,#468,#478,.T.);
#480=ORIENTED_EDGE('',*,*,#479,.F.);
#481=EDGE_LOOP('',(#458,#466,#474,#480));
#482=FACE_BOUND('',#481,.T.);
#483=ADVANCED_FACE('',(#482),#448,.F.);
#484=CARTESIAN_POINT('',(136.088997547,62.628649342,4.4));
#485=DIRECTION('',(1.,0.,-0.));
#486=DIRECTION('',(-0.,1.,-0.));
#487=AXIS2_PLACEMENT_3D('',#484,#485,#486);
#488=PLANE('',#487);
#489=CARTESIAN_POINT('',(136.088997547,58.386008658,2.));
#490=VERTEX_POINT('',#489);
#491=CARTESIAN_POINT('',(136.088997547,53.150525162,2.));
#492=VERTEX_POINT('',#491);
#493=CARTESIAN_POINT('',(136.088997547,58.386008658,2.));
#494=DIRECTION('',(0.,-1.,0.));
#495=VECTOR('',#494,5.235483496);
#496=LINE('',#493,#495);
#497=EDGE_CURVE('',#490,#492,#496,.T.);
#498=ORIENTED_EDGE('',*,*,#497,.T.);
#499=CARTESIAN_POINT('',(136.088997547,53.150525162,39.4));
#500=VERTEX_POINT('',#499);
#501=CARTESIAN_POINT('',(136.088997547,53.150525162,2.));
#502=DIRECTION('',(0.,0.,1.));
#503=VECTOR('',#502,37.4);
#504=LINE('',#501,#503);
#505=EDGE_CURVE('',#492,#500,#504,.T.);
#506=ORIENTED_EDGE('',*,*,#505,.T.);
#507=CARTESIAN_POINT('',(136.088997547,58.386008658,39.4));
#508=VERTEX_POINT('',#507);
#509=CARTESIAN_POINT('',(136.088997547,53.150525162,39.4));
#510=DIRECTION('',(-0.,1.,-0.));
#511=VECTOR('',#510,5.235483496);
#512=LINE('',#509,#511);
#513=EDGE_CURVE('',#500,#508,#512,.T.);
#514=ORIENTED_EDGE('',*,*,#513,.T.);
#515=CARTESIAN_POINT('',(136.088997547,58.386008658,2.));
#516=DIRECTION('',(0.,0.,1.));
#517=VECTOR('',#516,37.4);
#518=LINE('',#515,#517);
#519=EDGE_CURVE('',#490,#508,#518,.T.);
#520=ORIENTED_EDGE('',*,*,#519,.F.);
#521=EDGE_LOOP('',(#498,#506,#514,#520));
#522=FACE_BOUND('',#521,.T.);
#523=ADVANCED_FACE('',(#522),#488,.F.);
#524=CARTESIAN_POINT('',(204.000170003,46.797215537,4.4));
#525=DIRECTION('',(-0.5,-0.866025404,0.));
#526=DIRECTION('',(-0.866025404,0.5,0.));
#527=AXIS2_PLACEMENT_3D('',#524,#525,#526);
#528=PLANE('',#527);
#529=CARTESIAN_POINT('',(206.511643674,45.347215537,41.4));
#530=VERTEX_POINT('',#529);
#531=CARTESIAN_POINT('',(206.511643674,45.347215537,4.4));
#532=VERTEX_POINT('',#531);
#533=CARTESIAN_POINT('',(206.511643674,45.347215537,41.4));
#534=DIRECTION('',(-0.,-0.,-1.));
#535=VECTOR('',#534,37.);
#536=LINE('',#533,#535);
#537=EDGE_CURVE('',#530,#532,#536,.T.);
#538=ORIENTED_EDGE('',*,*,#537,.F.);
#539=CARTESIAN_POINT('',(204.000170003,46.797215537,41.4));
#540=DIRECTION('',(0.866025404,-0.5,-0.));
#541=VECTOR('',#540,2.9);
#542=LINE('',#539,#541);
#543=EDGE_CURVE('',#187,#530,#542,.T.);
#544=ORIENTED_EDGE('',*,*,#543,.F.);
#545=ORIENTED_EDGE('',*,*,#192,.F.);
#546=CARTESIAN_POINT('',(204.000170003,46.797215537,4.4));
#547=DIRECTION('',(0.866025404,-0.5,-0.));
#548=VECTOR('',#547,2.9);
#549=LINE('',#546,#548);
#550=EDGE_CURVE('',#185,#532,#549,.T.);
#551=ORIENTED_EDGE('',*,*,#550,.T.);
#552=EDGE_LOOP('',(#538,#544,#545,#551));
#553=FACE_BOUND('',#552,.T.);
#554=ADVANCED_FACE('',(#553),#528,.T.);
#555=CARTESIAN_POINT('',(206.511643674,45.347215537,4.4));
#556=DIRECTION('',(-1.,0.,0.));
#557=DIRECTION('',(0.,1.,-0.));
#558=AXIS2_PLACEMENT_3D('',#555,#556,#557);
#559=PLANE('',#558);
#560=CARTESIAN_POINT('',(206.511643674,42.447215537,4.4));
#561=VERTEX_POINT('',#560);
#562=CARTESIAN_POINT('',(206.511643674,42.447215537,41.4));
#563=VERTEX_POINT('',#562);
#564=CARTESIAN_POINT('',(206.511643674,42.447215537,4.4));
#565=DIRECTION('',(0.,0.,1.));
#566=VECTOR('',#565,37.);
#567=LINE('',#564,#566);
#568=EDGE_CURVE('',#561,#563,#567,.T.);
#569=ORIENTED_EDGE('',*,*,#568,.T.);
#570=CARTESIAN_POINT('',(206.511643674,45.347215537,41.4));
#571=DIRECTION('',(-0.,-1.,0.));
#572=VECTOR('',#571,2.9);
#573=LINE('',#570,#572);
#574=EDGE_CURVE('',#530,#563,#573,.T.);
#575=ORIENTED_EDGE('',*,*,#574,.F.);
#576=ORIENTED_EDGE('',*,*,#537,.T.);
#577=CARTESIAN_POINT('',(206.511643674,45.347215537,4.4));
#578=DIRECTION('',(-0.,-1.,0.));
#579=VECTOR('',#578,2.9);
#580=LINE('',#577,#579);
#581=EDGE_CURVE('',#532,#561,#580,.T.);
#582=ORIENTED_EDGE('',*,*,#581,.T.);
#583=EDGE_LOOP('',(#569,#575,#576,#582));
#584=FACE_BOUND('',#583,.T.);
#585=ADVANCED_FACE('',(#584),#559,.T.);
#586=CARTESIAN_POINT('',(206.511643674,42.447215537,4.4));
#587=DIRECTION('',(-0.5,0.866025404,-0.));
#588=DIRECTION('',(0.866025404,0.5,-0.));
#589=AXIS2_PLACEMENT_3D('',#586,#587,#588);
#590=PLANE('',#589);
#591=ORIENTED_EDGE('',*,*,#255,.T.);
#592=CARTESIAN_POINT('',(206.511643674,42.447215537,41.4));
#593=DIRECTION('',(-0.866025404,-0.5,0.));
#594=VECTOR('',#593,2.9);
#595=LINE('',#592,#594);
#596=EDGE_CURVE('',#563,#242,#595,.T.);
#597=ORIENTED_EDGE('',*,*,#596,.F.);
#598=ORIENTED_EDGE('',*,*,#568,.F.);
#599=CARTESIAN_POINT('',(206.511643674,42.447215537,4.4));
#600=DIRECTION('',(-0.866025404,-0.5,0.));
#601=VECTOR('',#600,2.9);
#602=LINE('',#599,#601);
#603=EDGE_CURVE('',#561,#250,#602,.T.);
#604=ORIENTED_EDGE('',*,*,#603,.T.);
#605=EDGE_LOOP('',(#591,#597,#598,#604));
#606=FACE_BOUND('',#605,.T.);
#607=ADVANCED_FACE('',(#606),#590,.T.);
#608=CARTESIAN_POINT('',(199.749774538,60.289426334,2.));
#609=DIRECTION('',(0.707106781,-0.707106781,0.));
#610=DIRECTION('',(-0.,-0.,-1.));
#611=AXIS2_PLACEMENT_3D('',#608,#609,#610);
#612=PLANE('',#611);
#613=CARTESIAN_POINT('',(220.142107149,80.681758945,18.75));
#614=VERTEX_POINT('',#613);
#615=CARTESIAN_POINT('',(221.414899355,81.954551151,20.55));
#616=VERTEX_POINT('',#615);
#617=CARTESIAN_POINT('',(221.414899355,81.954551151,18.75));
#618=DIRECTION('',(-0.707106781,0.707106781,-0.));
#619=DIRECTION('',(0.,0.,1.));
#620=AXIS2_PLACEMENT_3D('',#617,#618,#619);
#621=CIRCLE('',#620,1.8);
#622=EDGE_CURVE('',#614,#616,#621,.T.);
#623=ORIENTED_EDGE('',*,*,#622,.F.);
#624=CARTESIAN_POINT('',(221.414899355,81.954551151,18.75));
#625=DIRECTION('',(-0.707106781,0.707106781,-0.));
#626=DIRECTION('',(0.,0.,1.));
#627=AXIS2_PLACEMENT_3D('',#624,#625,#626);
#628=CIRCLE('',#627,1.8);
#629=EDGE_CURVE('',#616,#614,#628,.T.);
#630=ORIENTED_EDGE('',*,*,#629,.F.);
#631=EDGE_LOOP('',(#623,#630));
#632=FACE_BOUND('',#631,.T.);
#633=CARTESIAN_POINT('',(208.121291869,68.660943665,18.75));
#634=VERTEX_POINT('',#633);
#635=CARTESIAN_POINT('',(209.394084075,69.933735871,20.55));
#636=VERTEX_POINT('',#635);
#637=CARTESIAN_POINT('',(209.394084075,69.933735871,18.75));
#638=DIRECTION('',(-0.707106781,0.707106781,-0.));
#639=DIRECTION('',(0.,0.,1.));
#640=AXIS2_PLACEMENT_3D('',#637,#638,#639);
#641=CIRCLE('',#640,1.8);
#642=EDGE_CURVE('',#634,#636,#641,.T.);
#643=ORIENTED_EDGE('',*,*,#642,.F.);
#644=CARTESIAN_POINT('',(209.394084075,69.933735871,18.75));
#645=DIRECTION('',(-0.707106781,0.707106781,-0.));
#646=DIRECTION('',(0.,0.,1.));
#647=AXIS2_PLACEMENT_3D('',#644,#645,#646);
#648=CIRCLE('',#647,1.8);
#649=EDGE_CURVE('',#636,#634,#648,.T.);
#650=ORIENTED_EDGE('',*,*,#649,.F.);
#651=EDGE_LOOP('',(#643,#650));
#652=FACE_BOUND('',#651,.T.);
#653=ORIENTED_EDGE('',*,*,#359,.T.);
#654=CARTESIAN_POINT('',(201.471840453,62.011492249,39.4));
#655=DIRECTION('',(0.,0.,-1.));
#656=VECTOR('',#655,5.8);
#657=LINE('',#654,#656);
#658=EDGE_CURVE('',#123,#346,#657,.T.);
#659=ORIENTED_EDGE('',*,*,#658,.F.);
#660=ORIENTED_EDGE('',*,*,#128,.T.);
#661=CARTESIAN_POINT('',(212.57606459,73.115716386,18.75));
#662=VERTEX_POINT('',#661);
#663=CARTESIAN_POINT('',(212.57606459,73.115716386,18.75));
#664=DIRECTION('',(0.,0.,1.));
#665=VECTOR('',#664,20.65);
#666=LINE('',#663,#665);
#667=EDGE_CURVE('',#662,#115,#666,.T.);
#668=ORIENTED_EDGE('',*,*,#667,.F.);
#669=CARTESIAN_POINT('',(218.23291884,78.772570636,18.75));
#670=VERTEX_POINT('',#669);
#671=CARTESIAN_POINT('',(215.404491715,75.944143511,18.75));
#672=DIRECTION('',(-0.707106781,0.707106781,-0.));
#673=DIRECTION('',(0.,0.,1.));
#674=AXIS2_PLACEMENT_3D('',#671,#672,#673);
#675=CIRCLE('',#674,4.);
#676=EDGE_CURVE('',#670,#662,#675,.T.);
#677=ORIENTED_EDGE('',*,*,#676,.F.);
#678=CARTESIAN_POINT('',(218.23291884,78.772570636,39.4));
#679=VERTEX_POINT('',#678);
#680=CARTESIAN_POINT('',(218.23291884,78.772570636,39.4));
#681=DIRECTION('',(-0.,-0.,-1.));
#682=VECTOR('',#681,20.65);
#683=LINE('',#680,#682);
#684=EDGE_CURVE('',#679,#670,#683,.T.);
#685=ORIENTED_EDGE('',*,*,#684,.F.);
#686=CARTESIAN_POINT('',(228.719985881,89.259637677,39.4));
#687=VERTEX_POINT('',#686);
#688=CARTESIAN_POINT('',(218.23291884,78.772570636,39.4));
#689=DIRECTION('',(0.707106781,0.707106781,-0.));
#690=VECTOR('',#689,14.830952439);
#691=LINE('',#688,#690);
#692=EDGE_CURVE('',#679,#687,#691,.T.);
#693=ORIENTED_EDGE('',*,*,#692,.T.);
#694=CARTESIAN_POINT('',(228.719985881,89.259637677,4.4));
#695=VERTEX_POINT('',#694);
#696=CARTESIAN_POINT('',(228.719985882,89.259637677,4.4));
#697=DIRECTION('',(0.,0.,1.));
#698=VECTOR('',#697,35.);
#699=LINE('',#696,#698);
#700=EDGE_CURVE('',#695,#687,#699,.T.);
#701=ORIENTED_EDGE('',*,*,#700,.F.);
#702=CARTESIAN_POINT('',(199.688997548,60.228649344,4.4));
#703=DIRECTION('',(0.707106781,0.707106781,-0.));
#704=VECTOR('',#703,41.05601743);
#705=LINE('',#702,#704);
#706=EDGE_CURVE('',#395,#695,#705,.T.);
#707=ORIENTED_EDGE('',*,*,#706,.F.);
#708=ORIENTED_EDGE('',*,*,#400,.F.);
#709=EDGE_LOOP('',(#653,#659,#660,#668,#677,#685,#693,#701,#707,#708));
#710=FACE_BOUND('',#709,.T.);
#711=ADVANCED_FACE('',(#632,#652,#710),#612,.F.);
#712=CARTESIAN_POINT('',(233.15049368,89.447504788,2.));
#713=DIRECTION('',(-0.707106781,0.707106781,-0.));
#714=DIRECTION('',(0.,0.,1.));
#715=AXIS2_PLACEMENT_3D('',#712,#713,#714);
#716=PLANE('',#715);
#717=CARTESIAN_POINT('',(223.536219699,79.833230807,20.55));
#718=VERTEX_POINT('',#717);
#719=CARTESIAN_POINT('',(222.263427493,78.560438601,18.75));
#720=VERTEX_POINT('',#719);
#721=CARTESIAN_POINT('',(223.536219699,79.833230807,18.75));
#722=DIRECTION('',(-0.707106781,0.707106781,-0.));
#723=DIRECTION('',(0.,0.,1.));
#724=AXIS2_PLACEMENT_3D('',#721,#722,#723);
#725=CIRCLE('',#724,1.8);
#726=EDGE_CURVE('',#718,#720,#725,.T.);
#727=ORIENTED_EDGE('',*,*,#726,.T.);
#728=CARTESIAN_POINT('',(223.536219699,79.833230807,18.75));
#729=DIRECTION('',(-0.707106781,0.707106781,-0.));
#730=DIRECTION('',(0.,0.,1.));
#731=AXIS2_PLACEMENT_3D('',#728,#729,#730);
#732=CIRCLE('',#731,1.8);
#733=EDGE_CURVE('',#720,#718,#732,.T.);
#734=ORIENTED_EDGE('',*,*,#733,.T.);
#735=EDGE_LOOP('',(#727,#734));
#736=FACE_BOUND('',#735,.T.);
#737=CARTESIAN_POINT('',(211.515404419,67.812415527,20.55));
#738=VERTEX_POINT('',#737);
#739=CARTESIAN_POINT('',(210.242612213,66.539623321,18.75));
#740=VERTEX_POINT('',#739);
#741=CARTESIAN_POINT('',(211.515404419,67.812415527,18.75));
#742=DIRECTION('',(-0.707106781,0.707106781,-0.));
#743=DIRECTION('',(0.,0.,1.));
#744=AXIS2_PLACEMENT_3D('',#741,#742,#743);
#745=CIRCLE('',#744,1.8);
#746=EDGE_CURVE('',#738,#740,#745,.T.);
#747=ORIENTED_EDGE('',*,*,#746,.T.);
#748=CARTESIAN_POINT('',(211.515404419,67.812415527,18.75));
#749=DIRECTION('',(-0.707106781,0.707106781,-0.));
#750=DIRECTION('',(0.,0.,1.));
#751=AXIS2_PLACEMENT_3D('',#748,#749,#750);
#752=CIRCLE('',#751,1.8);
#753=EDGE_CURVE('',#740,#738,#752,.T.);
#754=ORIENTED_EDGE('',*,*,#753,.T.);
#755=EDGE_LOOP('',(#747,#754));
#756=FACE_BOUND('',#755,.T.);
#757=CARTESIAN_POINT('',(214.697384934,70.994396043,18.75));
#758=VERTEX_POINT('',#757);
#759=CARTESIAN_POINT('',(214.697384934,70.994396043,18.75));
#760=DIRECTION('',(0.,0.,1.));
#761=VECTOR('',#760,20.65);
#762=LINE('',#759,#761);
#763=EDGE_CURVE('',#758,#107,#762,.T.);
#764=ORIENTED_EDGE('',*,*,#763,.T.);
#765=ORIENTED_EDGE('',*,*,#112,.T.);
#766=CARTESIAN_POINT('',(202.088997548,58.386008657,2.));
#767=VERTEX_POINT('',#766);
#768=CARTESIAN_POINT('',(202.088997548,58.386008657,39.4));
#769=DIRECTION('',(-0.,-0.,-1.));
#770=VECTOR('',#769,37.4);
#771=LINE('',#768,#770);
#772=EDGE_CURVE('',#99,#767,#771,.T.);
#773=ORIENTED_EDGE('',*,*,#772,.T.);
#774=CARTESIAN_POINT('',(232.962626568,89.259637677,2.));
#775=VERTEX_POINT('',#774);
#776=CARTESIAN_POINT('',(232.962626568,89.259637677,2.));
#777=DIRECTION('',(-0.707106781,-0.707106781,0.));
#778=VECTOR('',#777,43.66190488);
#779=LINE('',#776,#778);
#780=EDGE_CURVE('',#775,#767,#779,.T.);
#781=ORIENTED_EDGE('',*,*,#780,.F.);
#782=CARTESIAN_POINT('',(232.962626568,89.259637677,39.4));
#783=VERTEX_POINT('',#782);
#784=CARTESIAN_POINT('',(232.962626568,89.259637677,2.));
#785=DIRECTION('',(0.,0.,1.));
#786=VECTOR('',#785,37.4);
#787=LINE('',#784,#786);
#788=EDGE_CURVE('',#775,#783,#787,.T.);
#789=ORIENTED_EDGE('',*,*,#788,.T.);
#790=CARTESIAN_POINT('',(220.354239183,76.651250292,39.4));
#791=VERTEX_POINT('',#790);
#792=CARTESIAN_POINT('',(232.962626568,89.259637677,39.4));
#793=DIRECTION('',(-0.707106781,-0.707106781,0.));
#794=VECTOR('',#793,17.830952439);
#795=LINE('',#792,#794);
#796=EDGE_CURVE('',#783,#791,#795,.T.);
#797=ORIENTED_EDGE('',*,*,#796,.T.);
#798=CARTESIAN_POINT('',(220.354239183,76.651250292,18.75));
#799=VERTEX_POINT('',#798);
#800=CARTESIAN_POINT('',(220.354239183,76.651250292,39.4));
#801=DIRECTION('',(-0.,-0.,-1.));
#802=VECTOR('',#801,20.65);
#803=LINE('',#800,#802);
#804=EDGE_CURVE('',#791,#799,#803,.T.);
#805=ORIENTED_EDGE('',*,*,#804,.T.);
#806=CARTESIAN_POINT('',(217.525812059,73.822823167,18.75));
#807=DIRECTION('',(-0.707106781,0.707106781,-0.));
#808=DIRECTION('',(0.,0.,1.));
#809=AXIS2_PLACEMENT_3D('',#806,#807,#808);
#810=CIRCLE('',#809,4.);
#811=EDGE_CURVE('',#799,#758,#810,.T.);
#812=ORIENTED_EDGE('',*,*,#811,.T.);
#813=EDGE_LOOP('',(#764,#765,#773,#781,#789,#797,#805,#812));
#814=FACE_BOUND('',#813,.T.);
#815=ADVANCED_FACE('',(#736,#756,#814),#716,.F.);
#816=CARTESIAN_POINT('',(210.5443753,43.280933846,39.4));
#817=DIRECTION('',(-0.707106781,-0.707106781,0.));
#818=DIRECTION('',(0.707106781,-0.707106781,-0.));
#819=AXIS2_PLACEMENT_3D('',#816,#817,#818);
#820=PLANE('',#819);
#821=CARTESIAN_POINT('',(209.800790787,44.02451836,41.4));
#822=VERTEX_POINT('',#821);
#823=CARTESIAN_POINT('',(202.088997548,51.736311599,41.4));
#824=VERTEX_POINT('',#823);
#825=CARTESIAN_POINT('',(209.800790787,44.02451836,41.4));
#826=DIRECTION('',(-0.707106781,0.707106781,0.));
#827=VECTOR('',#826,10.906122589);
#828=LINE('',#825,#827);
#829=EDGE_CURVE('',#822,#824,#828,.T.);
#830=ORIENTED_EDGE('',*,*,#829,.F.);
#831=CARTESIAN_POINT('',(209.800790787,44.02451836,2.));
#832=VERTEX_POINT('',#831);
#833=CARTESIAN_POINT('',(209.800790787,44.02451836,41.4));
#834=DIRECTION('',(-0.,-0.,-1.));
#835=VECTOR('',#834,39.4);
#836=LINE('',#833,#835);
#837=EDGE_CURVE('',#822,#832,#836,.T.);
#838=ORIENTED_EDGE('',*,*,#837,.T.);
#839=CARTESIAN_POINT('',(202.088997548,51.736311598,2.));
#840=VERTEX_POINT('',#839);
#841=CARTESIAN_POINT('',(209.800790787,44.02451836,2.));
#842=DIRECTION('',(-0.707106781,0.707106781,-0.));
#843=VECTOR('',#842,10.906122588);
#844=LINE('',#841,#843);
#845=EDGE_CURVE('',#832,#840,#844,.T.);
#846=ORIENTED_EDGE('',*,*,#845,.T.);
#847=CARTESIAN_POINT('',(202.088997548,51.736311599,39.4));
#848=DIRECTION('',(-0.,-0.,-1.));
#849=VECTOR('',#848,37.4);
#850=LINE('',#847,#849);
#851=EDGE_CURVE('',#89,#840,#850,.T.);
#852=ORIENTED_EDGE('',*,*,#851,.F.);
#853=CARTESIAN_POINT('',(202.088997548,51.736311599,41.4));
#854=DIRECTION('',(-0.,-0.,-1.));
#855=VECTOR('',#854,2.);
#856=LINE('',#853,#855);
#857=EDGE_CURVE('',#824,#89,#856,.T.);
#858=ORIENTED_EDGE('',*,*,#857,.F.);
#859=EDGE_LOOP('',(#830,#838,#846,#852,#858));
#860=FACE_BOUND('',#859,.T.);
#861=ADVANCED_FACE('',(#860),#820,.F.);
#862=CARTESIAN_POINT('',(203.900170003,43.897215537,4.4));
#863=DIRECTION('',(-0.,-0.,-1.));
#864=DIRECTION('',(-0.866025404,-0.5,0.));
#865=AXIS2_PLACEMENT_3D('',#862,#863,#864);
#866=CYLINDRICAL_SURFACE('',#865,1.65);
#867=CARTESIAN_POINT('',(202.471228087,43.072215537,2.));
#868=VERTEX_POINT('',#867);
#869=CARTESIAN_POINT('',(202.471228087,43.072215537,4.4));
#870=VERTEX_POINT('',#869);
#871=CARTESIAN_POINT('',(202.471228087,43.072215537,2.));
#872=DIRECTION('',(0.,0.,1.));
#873=VECTOR('',#872,2.4);
#874=LINE('',#871,#873);
#875=EDGE_CURVE('',#868,#870,#874,.T.);
#876=ORIENTED_EDGE('',*,*,#875,.F.);
#877=CARTESIAN_POINT('',(205.066896192,45.063941725,2.));
#878=VERTEX_POINT('',#877);
#879=CARTESIAN_POINT('',(203.900170003,43.897215537,2.));
#880=DIRECTION('',(0.,0.,1.));
#881=DIRECTION('',(0.707106781,0.707106781,-0.));
#882=AXIS2_PLACEMENT_3D('',#879,#880,#881);
#883=CIRCLE('',#882,1.65);
#884=EDGE_CURVE('',#878,#868,#883,.T.);
#885=ORIENTED_EDGE('',*,*,#884,.F.);
#886=CARTESIAN_POINT('',(203.900170003,43.897215537,2.));
#887=DIRECTION('',(0.,0.,1.));
#888=DIRECTION('',(0.707106781,0.707106781,-0.));
#889=AXIS2_PLACEMENT_3D('',#886,#887,#888);
#890=CIRCLE('',#889,1.65);
#891=EDGE_CURVE('',#868,#878,#890,.T.);
#892=ORIENTED_EDGE('',*,*,#891,.F.);
#893=ORIENTED_EDGE('',*,*,#875,.T.);
#894=CARTESIAN_POINT('',(205.066896192,45.063941725,4.4));
#895=VERTEX_POINT('',#894);
#896=CARTESIAN_POINT('',(203.900170003,43.897215537,4.4));
#897=DIRECTION('',(0.,0.,1.));
#898=DIRECTION('',(0.707106781,0.707106781,-0.));
#899=AXIS2_PLACEMENT_3D('',#896,#897,#898);
#900=CIRCLE('',#899,1.65);
#901=EDGE_CURVE('',#870,#895,#900,.T.);
#902=ORIENTED_EDGE('',*,*,#901,.T.);
#903=CARTESIAN_POINT('',(203.900170003,43.897215537,4.4));
#904=DIRECTION('',(0.,0.,1.));
#905=DIRECTION('',(0.707106781,0.707106781,-0.));
#906=AXIS2_PLACEMENT_3D('',#903,#904,#905);
#907=CIRCLE('',#906,1.65);
#908=EDGE_CURVE('',#895,#870,#907,.T.);
#909=ORIENTED_EDGE('',*,*,#908,.T.);
#910=EDGE_LOOP('',(#876,#885,#892,#893,#902,#909));
#911=FACE_BOUND('',#910,.T.);
#912=ADVANCED_FACE('',(#911),#866,.F.);
#913=CARTESIAN_POINT('',(169.088997547,122.259637677,4.4));
#914=DIRECTION('',(0.,0.,1.));
#915=DIRECTION('',(-0.707106781,-0.707106781,0.));
#916=AXIS2_PLACEMENT_3D('',#913,#914,#915);
#917=PLANE('',#916);
#918=ORIENTED_EDGE('',*,*,#416,.F.);
#919=CARTESIAN_POINT('',(199.688997548,39.429047571,4.4));
#920=DIRECTION('',(0.912040838,-0.410099391,-0.));
#921=VECTOR('',#920,1.697725677);
#922=LINE('',#919,#921);
#923=EDGE_CURVE('',#403,#324,#922,.T.);
#924=ORIENTED_EDGE('',*,*,#923,.T.);
#925=ORIENTED_EDGE('',*,*,#438,.F.);
#926=EDGE_LOOP('',(#918,#924,#925));
#927=FACE_BOUND('',#926,.T.);
#928=ADVANCED_FACE('',(#927),#917,.F.);
#929=CARTESIAN_POINT('',(209.394084075,174.585539485,18.75));
#930=DIRECTION('',(0.707106781,0.707106781,-0.));
#931=DIRECTION('',(0.707106781,-0.707106781,0.));
#932=AXIS2_PLACEMENT_3D('',#929,#930,#931);
#933=CYLINDRICAL_SURFACE('',#932,1.8);
#934=CARTESIAN_POINT('',(212.788196625,175.434067623,18.75));
#935=VERTEX_POINT('',#934);
#936=CARTESIAN_POINT('',(210.666876282,173.312747279,18.75));
#937=VERTEX_POINT('',#936);
#938=CARTESIAN_POINT('',(212.788196625,175.434067623,18.75));
#939=DIRECTION('',(-0.707106781,-0.707106781,0.));
#940=VECTOR('',#939,3.);
#941=LINE('',#938,#940);
#942=EDGE_CURVE('',#935,#937,#941,.T.);
#943=ORIENTED_EDGE('',*,*,#942,.F.);
#944=CARTESIAN_POINT('',(211.515404419,176.706859829,20.55));
#945=VERTEX_POINT('',#944);
#946=CARTESIAN_POINT('',(211.515404419,176.706859829,18.75));
#947=DIRECTION('',(-0.707106781,-0.707106781,0.));
#948=DIRECTION('',(0.,0.,1.));
#949=AXIS2_PLACEMENT_3D('',#946,#947,#948);
#950=CIRCLE('',#949,1.8);
#951=EDGE_CURVE('',#945,#935,#950,.T.);
#952=ORIENTED_EDGE('',*,*,#951,.F.);
#953=CARTESIAN_POINT('',(211.515404419,176.706859829,18.75));
#954=DIRECTION('',(-0.707106781,-0.707106781,0.));
#955=DIRECTION('',(0.,0.,1.));
#956=AXIS2_PLACEMENT_3D('',#953,#954,#955);
#957=CIRCLE('',#956,1.8);
#958=EDGE_CURVE('',#935,#945,#957,.T.);
#959=ORIENTED_EDGE('',*,*,#958,.F.);
#960=ORIENTED_EDGE('',*,*,#942,.T.);
#961=CARTESIAN_POINT('',(209.394084075,174.585539485,20.55));
#962=VERTEX_POINT('',#961);
#963=CARTESIAN_POINT('',(209.394084075,174.585539485,18.75));
#964=DIRECTION('',(-0.707106781,-0.707106781,0.));
#965=DIRECTION('',(0.,0.,1.));
#966=AXIS2_PLACEMENT_3D('',#963,#964,#965);
#967=CIRCLE('',#966,1.8);
#968=EDGE_CURVE('',#937,#962,#967,.T.);
#969=ORIENTED_EDGE('',*,*,#968,.T.);
#970=CARTESIAN_POINT('',(209.394084075,174.585539485,18.75));
#971=DIRECTION('',(-0.707106781,-0.707106781,0.));
#972=DIRECTION('',(0.,0.,1.));
#973=AXIS2_PLACEMENT_3D('',#970,#971,#972);
#974=CIRCLE('',#973,1.8);
#975=EDGE_CURVE('',#962,#937,#974,.T.);
#976=ORIENTED_EDGE('',*,*,#975,.T.);
#977=EDGE_LOOP('',(#943,#952,#959,#960,#969,#976));
#978=FACE_BOUND('',#977,.T.);
#979=ADVANCED_FACE('',(#978),#933,.F.);
#980=CARTESIAN_POINT('',(221.414899356,162.564724205,18.75));
#981=DIRECTION('',(0.707106781,0.707106781,-0.));
#982=DIRECTION('',(0.707106781,-0.707106781,0.));
#983=AXIS2_PLACEMENT_3D('',#980,#981,#982);
#984=CYLINDRICAL_SURFACE('',#983,1.8);
#985=CARTESIAN_POINT('',(224.809011905,163.413252343,18.75));
#986=VERTEX_POINT('',#985);
#987=CARTESIAN_POINT('',(222.687691562,161.291931999,18.75));
#988=VERTEX_POINT('',#987);
#989=CARTESIAN_POINT('',(224.809011905,163.413252343,18.75));
#990=DIRECTION('',(-0.707106781,-0.707106781,0.));
#991=VECTOR('',#990,3.);
#992=LINE('',#989,#991);
#993=EDGE_CURVE('',#986,#988,#992,.T.);
#994=ORIENTED_EDGE('',*,*,#993,.F.);
#995=CARTESIAN_POINT('',(223.536219699,164.686044549,20.55));
#996=VERTEX_POINT('',#995);
#997=CARTESIAN_POINT('',(223.536219699,164.686044549,18.75));
#998=DIRECTION('',(-0.707106781,-0.707106781,0.));
#999=DIRECTION('',(0.,0.,1.));
#1000=AXIS2_PLACEMENT_3D('',#997,#998,#999);
#1001=CIRCLE('',#1000,1.8);
#1002=EDGE_CURVE('',#996,#986,#1001,.T.);
#1003=ORIENTED_EDGE('',*,*,#1002,.F.);
#1004=CARTESIAN_POINT('',(223.536219699,164.686044549,18.75));
#1005=DIRECTION('',(-0.707106781,-0.707106781,0.));
#1006=DIRECTION('',(0.,0.,1.));
#1007=AXIS2_PLACEMENT_3D('',#1004,#1005,#1006);
#1008=CIRCLE('',#1007,1.8);
#1009=EDGE_CURVE('',#986,#996,#1008,.T.);
#1010=ORIENTED_EDGE('',*,*,#1009,.F.);
#1011=ORIENTED_EDGE('',*,*,#993,.T.);
#1012=CARTESIAN_POINT('',(221.414899356,162.564724205,20.55));
#1013=VERTEX_POINT('',#1012);
#1014=CARTESIAN_POINT('',(221.414899356,162.564724205,18.75));
#1015=DIRECTION('',(-0.707106781,-0.707106781,0.));
#1016=DIRECTION('',(0.,0.,1.));
#1017=AXIS2_PLACEMENT_3D('',#1014,#1015,#1016);
#1018=CIRCLE('',#1017,1.8);
#1019=EDGE_CURVE('',#988,#1013,#1018,.T.);
#1020=ORIENTED_EDGE('',*,*,#1019,.T.);
#1021=CARTESIAN_POINT('',(221.414899356,162.564724205,18.75));
#1022=DIRECTION('',(-0.707106781,-0.707106781,0.));
#1023=DIRECTION('',(0.,0.,1.));
#1024=AXIS2_PLACEMENT_3D('',#1021,#1022,#1023);
#1025=CIRCLE('',#1024,1.8);
#1026=EDGE_CURVE('',#1013,#988,#1025,.T.);
#1027=ORIENTED_EDGE('',*,*,#1026,.T.);
#1028=EDGE_LOOP('',(#994,#1003,#1010,#1011,#1020,#1027));
#1029=FACE_BOUND('',#1028,.T.);
#1030=ADVANCED_FACE('',(#1029),#984,.F.);
#1031=CARTESIAN_POINT('',(228.719985883,89.259637677,4.4));
#1032=DIRECTION('',(0.,1.,-0.));
#1033=DIRECTION('',(-1.,0.,0.));
#1034=AXIS2_PLACEMENT_3D('',#1031,#1032,#1033);
#1035=PLANE('',#1034);
#1036=ORIENTED_EDGE('',*,*,#788,.F.);
#1037=CARTESIAN_POINT('',(241.026537189,89.259637677,2.));
#1038=VERTEX_POINT('',#1037);
#1039=CARTESIAN_POINT('',(232.962626568,89.259637677,2.));
#1040=DIRECTION('',(1.,-0.,-0.));
#1041=VECTOR('',#1040,8.063910621);
#1042=LINE('',#1039,#1041);
#1043=EDGE_CURVE('',#775,#1038,#1042,.T.);
#1044=ORIENTED_EDGE('',*,*,#1043,.T.);
#1045=CARTESIAN_POINT('',(241.026537188,89.259637677,39.4));
#1046=VERTEX_POINT('',#1045);
#1047=CARTESIAN_POINT('',(241.026537189,89.259637677,39.4));
#1048=DIRECTION('',(-0.,-0.,-1.));
#1049=VECTOR('',#1048,37.4);
#1050=LINE('',#1047,#1049);
#1051=EDGE_CURVE('',#1046,#1038,#1050,.T.);
#1052=ORIENTED_EDGE('',*,*,#1051,.F.);
#1053=CARTESIAN_POINT('',(232.962626568,89.259637677,39.4));
#1054=DIRECTION('',(1.,-0.,-0.));
#1055=VECTOR('',#1054,8.06391062);
#1056=LINE('',#1053,#1055);
#1057=EDGE_CURVE('',#783,#1046,#1056,.T.);
#1058=ORIENTED_EDGE('',*,*,#1057,.F.);
#1059=EDGE_LOOP('',(#1036,#1044,#1052,#1058));
#1060=FACE_BOUND('',#1059,.T.);
#1061=ADVANCED_FACE('',(#1060),#1035,.F.);
#1062=CARTESIAN_POINT('',(202.088997548,51.736311598,4.4));
#1063=DIRECTION('',(-1.,0.,0.));
#1064=DIRECTION('',(-0.,-1.,0.));
#1065=AXIS2_PLACEMENT_3D('',#1062,#1063,#1064);
#1066=PLANE('',#1065);
#1067=ORIENTED_EDGE('',*,*,#772,.F.);
#1068=ORIENTED_EDGE('',*,*,#104,.T.);
#1069=ORIENTED_EDGE('',*,*,#851,.T.);
#1070=CARTESIAN_POINT('',(202.088997548,51.736311598,2.));
#1071=DIRECTION('',(0.,1.,-0.));
#1072=VECTOR('',#1071,6.649697058);
#1073=LINE('',#1070,#1072);
#1074=EDGE_CURVE('',#840,#767,#1073,.T.);
#1075=ORIENTED_EDGE('',*,*,#1074,.T.);
#1076=EDGE_LOOP('',(#1067,#1068,#1069,#1075));
#1077=FACE_BOUND('',#1076,.T.);
#1078=ADVANCED_FACE('',(#1077),#1066,.F.);
#1079=CARTESIAN_POINT('',(104.99746586,89.477540345,39.4));
#1080=DIRECTION('',(-0.,-0.,-1.));
#1081=DIRECTION('',(0.707106781,0.707106781,-0.));
#1082=AXIS2_PLACEMENT_3D('',#1079,#1080,#1081);
#1083=PLANE('',#1082);
#1084=CARTESIAN_POINT('',(130.263273854,45.054113277,39.4));
#1085=VERTEX_POINT('',#1084);
#1086=CARTESIAN_POINT('',(132.555490781,46.830553977,39.4));
#1087=VERTEX_POINT('',#1086);
#1088=CARTESIAN_POINT('',(130.263273854,45.054113277,39.4));
#1089=DIRECTION('',(0.79041963,0.612565759,-0.));
#1090=VECTOR('',#1089,2.9);
#1091=LINE('',#1088,#1090);
#1092=EDGE_CURVE('',#1085,#1087,#1091,.T.);
#1093=ORIENTED_EDGE('',*,*,#1092,.T.);
#1094=CARTESIAN_POINT('',(135.240042019,45.733656237,39.4));
#1095=VERTEX_POINT('',#1094);
#1096=CARTESIAN_POINT('',(132.555490781,46.830553977,39.4));
#1097=DIRECTION('',(0.925707323,-0.3782406,-0.));
#1098=VECTOR('',#1097,2.9);
#1099=LINE('',#1096,#1098);
#1100=EDGE_CURVE('',#1087,#1095,#1099,.T.);
#1101=ORIENTED_EDGE('',*,*,#1100,.T.);
#1102=CARTESIAN_POINT('',(135.632376329,42.860317798,39.4));
#1103=VERTEX_POINT('',#1102);
#1104=CARTESIAN_POINT('',(135.240042019,45.733656237,39.4));
#1105=DIRECTION('',(0.135287693,-0.990806358,0.));
#1106=VECTOR('',#1105,2.9);
#1107=LINE('',#1104,#1106);
#1108=EDGE_CURVE('',#1095,#1103,#1107,.T.);
#1109=ORIENTED_EDGE('',*,*,#1108,.T.);
#1110=CARTESIAN_POINT('',(133.340159402,41.083877098,39.4));
#1111=VERTEX_POINT('',#1110);
#1112=CARTESIAN_POINT('',(135.632376329,42.860317798,39.4));
#1113=DIRECTION('',(-0.79041963,-0.612565759,0.));
#1114=VECTOR('',#1113,2.9);
#1115=LINE('',#1112,#1114);
#1116=EDGE_CURVE('',#1103,#1111,#1115,.T.);
#1117=ORIENTED_EDGE('',*,*,#1116,.T.);
#1118=CARTESIAN_POINT('',(130.655608165,42.180774838,39.4));
#1119=VERTEX_POINT('',#1118);
#1120=CARTESIAN_POINT('',(133.340159402,41.083877098,39.4));
#1121=DIRECTION('',(-0.925707323,0.3782406,0.));
#1122=VECTOR('',#1121,2.9);
#1123=LINE('',#1120,#1122);
#1124=EDGE_CURVE('',#1111,#1119,#1123,.T.);
#1125=ORIENTED_EDGE('',*,*,#1124,.T.);
#1126=CARTESIAN_POINT('',(130.655608165,42.180774838,39.4));
#1127=DIRECTION('',(-0.135287693,0.990806358,-0.));
#1128=VECTOR('',#1127,2.9);
#1129=LINE('',#1126,#1128);
#1130=EDGE_CURVE('',#1119,#1085,#1129,.T.);
#1131=ORIENTED_EDGE('',*,*,#1130,.T.);
#1132=EDGE_LOOP('',(#1093,#1101,#1109,#1117,#1125,#1131));
#1133=FACE_BOUND('',#1132,.T.);
#1134=CARTESIAN_POINT('',(127.443260674,44.504788288,39.4));
#1135=VERTEX_POINT('',#1134);
#1136=CARTESIAN_POINT('',(127.443260674,44.504788288,39.4));
#1137=DIRECTION('',(0.707106781,0.707106781,-0.));
#1138=VECTOR('',#1137,12.226918343);
#1139=LINE('',#1136,#1138);
#1140=EDGE_CURVE('',#1135,#500,#1139,.T.);
#1141=ORIENTED_EDGE('',*,*,#1140,.F.);
#1142=CARTESIAN_POINT('',(127.150367455,43.797681507,39.4));
#1143=VERTEX_POINT('',#1142);
#1144=CARTESIAN_POINT('',(128.150367455,43.797681507,39.4));
#1145=DIRECTION('',(0.,0.,1.));
#1146=DIRECTION('',(-1.,0.,0.));
#1147=AXIS2_PLACEMENT_3D('',#1144,#1145,#1146);
#1148=CIRCLE('',#1147,1.);
#1149=EDGE_CURVE('',#1135,#1143,#1148,.T.);
#1150=ORIENTED_EDGE('',*,*,#1149,.T.);
#1151=CARTESIAN_POINT('',(127.687784064,42.911105731,39.4));
#1152=VERTEX_POINT('',#1151);
#1153=CARTESIAN_POINT('',(128.150367455,43.797681507,39.4));
#1154=DIRECTION('',(0.,0.,1.));
#1155=DIRECTION('',(-1.,0.,0.));
#1156=AXIS2_PLACEMENT_3D('',#1153,#1154,#1155);
#1157=CIRCLE('',#1156,1.);
#1158=EDGE_CURVE('',#1143,#1152,#1157,.T.);
#1159=ORIENTED_EDGE('',*,*,#1158,.T.);
#1160=CARTESIAN_POINT('',(136.940602646,38.732811416,39.4));
#1161=VERTEX_POINT('',#1160);
#1162=CARTESIAN_POINT('',(169.088997548,122.259637678,39.4));
#1163=DIRECTION('',(-0.,-0.,-1.));
#1164=DIRECTION('',(0.707106781,0.707106781,-0.));
#1165=AXIS2_PLACEMENT_3D('',#1162,#1163,#1164);
#1166=CIRCLE('',#1165,89.500000001);
#1167=EDGE_CURVE('',#1161,#1152,#1166,.T.);
#1168=ORIENTED_EDGE('',*,*,#1167,.F.);
#1169=CARTESIAN_POINT('',(138.488997547,39.436633551,39.4));
#1170=VERTEX_POINT('',#1169);
#1171=CARTESIAN_POINT('',(138.488997547,39.436633551,39.4));
#1172=DIRECTION('',(-0.910365089,-0.413806,0.));
#1173=VECTOR('',#1172,1.700850483);
#1174=LINE('',#1171,#1173);
#1175=EDGE_CURVE('',#1170,#1161,#1174,.T.);
#1176=ORIENTED_EDGE('',*,*,#1175,.F.);
#1177=CARTESIAN_POINT('',(138.488997547,60.228649345,39.4));
#1178=VERTEX_POINT('',#1177);
#1179=CARTESIAN_POINT('',(138.488997547,60.228649345,39.4));
#1180=DIRECTION('',(0.,-1.,0.));
#1181=VECTOR('',#1180,20.792015793);
#1182=LINE('',#1179,#1181);
#1183=EDGE_CURVE('',#1178,#1170,#1182,.T.);
#1184=ORIENTED_EDGE('',*,*,#1183,.F.);
#1185=CARTESIAN_POINT('',(125.601930506,73.115716387,39.4));
#1186=VERTEX_POINT('',#1185);
#1187=CARTESIAN_POINT('',(125.601930506,73.115716387,39.4));
#1188=DIRECTION('',(0.707106781,-0.707106781,0.));
#1189=VECTOR('',#1188,18.225064989);
#1190=LINE('',#1187,#1189);
#1191=EDGE_CURVE('',#1186,#1178,#1190,.T.);
#1192=ORIENTED_EDGE('',*,*,#1191,.F.);
#1193=CARTESIAN_POINT('',(123.480610162,70.994396043,39.4));
#1194=VERTEX_POINT('',#1193);
#1195=CARTESIAN_POINT('',(125.601930506,73.115716387,39.4));
#1196=DIRECTION('',(-0.707106781,-0.707106781,0.));
#1197=VECTOR('',#1196,3.);
#1198=LINE('',#1195,#1197);
#1199=EDGE_CURVE('',#1186,#1194,#1198,.T.);
#1200=ORIENTED_EDGE('',*,*,#1199,.T.);
#1201=CARTESIAN_POINT('',(136.088997547,58.386008658,39.4));
#1202=DIRECTION('',(-0.707106781,0.707106781,-0.));
#1203=VECTOR('',#1202,17.83095244);
#1204=LINE('',#1201,#1203);
#1205=EDGE_CURVE('',#508,#1194,#1204,.T.);
#1206=ORIENTED_EDGE('',*,*,#1205,.F.);
#1207=ORIENTED_EDGE('',*,*,#513,.F.);
#1208=EDGE_LOOP('',(#1141,#1150,#1159,#1168,#1176,#1184,#1192,#1200,#1206,#1207));
#1209=FACE_BOUND('',#1208,.T.);
#1210=ADVANCED_FACE('',(#1133,#1209),#1083,.F.);
#1211=CARTESIAN_POINT('',(97.151457905,89.259637677,39.4));
#1212=DIRECTION('',(-0.,1.,-0.));
#1213=DIRECTION('',(-1.,-0.,0.));
#1214=AXIS2_PLACEMENT_3D('',#1211,#1212,#1213);
#1215=PLANE('',#1214);
#1216=CARTESIAN_POINT('',(109.458009215,89.259637677,39.4));
#1217=VERTEX_POINT('',#1216);
#1218=CARTESIAN_POINT('',(118.142071255,89.259637677,39.4));
#1219=VERTEX_POINT('',#1218);
#1220=CARTESIAN_POINT('',(109.458009215,89.259637677,39.4));
#1221=DIRECTION('',(1.,0.,-0.));
#1222=VECTOR('',#1221,8.68406204);
#1223=LINE('',#1220,#1222);
#1224=EDGE_CURVE('',#1217,#1219,#1223,.T.);
#1225=ORIENTED_EDGE('',*,*,#1224,.F.);
#1226=CARTESIAN_POINT('',(109.458009214,89.259637677,4.4));
#1227=VERTEX_POINT('',#1226);
#1228=CARTESIAN_POINT('',(109.458009215,89.259637677,39.4));
#1229=DIRECTION('',(-0.,-0.,-1.));
#1230=VECTOR('',#1229,35.);
#1231=LINE('',#1228,#1230);
#1232=EDGE_CURVE('',#1217,#1227,#1231,.T.);
#1233=ORIENTED_EDGE('',*,*,#1232,.T.);
#1234=CARTESIAN_POINT('',(118.142071255,89.259637677,4.4));
#1235=VERTEX_POINT('',#1234);
#1236=CARTESIAN_POINT('',(109.458009214,89.259637677,4.4));
#1237=DIRECTION('',(1.,0.,-0.));
#1238=VECTOR('',#1237,8.684062041);
#1239=LINE('',#1236,#1238);
#1240=EDGE_CURVE('',#1227,#1235,#1239,.T.);
#1241=ORIENTED_EDGE('',*,*,#1240,.T.);
#1242=CARTESIAN_POINT('',(118.142071255,89.259637677,39.4));
#1243=DIRECTION('',(-0.,-0.,-1.));
#1244=VECTOR('',#1243,35.);
#1245=LINE('',#1242,#1244);
#1246=EDGE_CURVE('',#1219,#1235,#1245,.T.);
#1247=ORIENTED_EDGE('',*,*,#1246,.F.);
#1248=EDGE_LOOP('',(#1225,#1233,#1241,#1247));
#1249=FACE_BOUND('',#1248,.T.);
#1250=ADVANCED_FACE('',(#1249),#1215,.F.);
#1251=CARTESIAN_POINT('',(118.142071255,155.259637677,39.4));
#1252=DIRECTION('',(0.,-1.,0.));
#1253=DIRECTION('',(1.,0.,-0.));
#1254=AXIS2_PLACEMENT_3D('',#1251,#1252,#1253);
#1255=PLANE('',#1254);
#1256=CARTESIAN_POINT('',(118.142071255,155.259637677,4.4));
#1257=VERTEX_POINT('',#1256);
#1258=CARTESIAN_POINT('',(109.458009212,155.259637677,4.4));
#1259=VERTEX_POINT('',#1258);
#1260=CARTESIAN_POINT('',(118.142071255,155.259637677,4.4));
#1261=DIRECTION('',(-1.,-0.,0.));
#1262=VECTOR('',#1261,8.684062043);
#1263=LINE('',#1260,#1262);
#1264=EDGE_CURVE('',#1257,#1259,#1263,.T.);
#1265=ORIENTED_EDGE('',*,*,#1264,.T.);
#1266=CARTESIAN_POINT('',(109.458009212,155.259637677,39.4));
#1267=VERTEX_POINT('',#1266);
#1268=CARTESIAN_POINT('',(109.458009211,155.259637677,4.4));
#1269=DIRECTION('',(0.,0.,1.));
#1270=VECTOR('',#1269,35.);
#1271=LINE('',#1268,#1270);
#1272=EDGE_CURVE('',#1259,#1267,#1271,.T.);
#1273=ORIENTED_EDGE('',*,*,#1272,.T.);
#1274=CARTESIAN_POINT('',(118.142071255,155.259637677,39.4));
#1275=VERTEX_POINT('',#1274);
#1276=CARTESIAN_POINT('',(118.142071255,155.259637677,39.4));
#1277=DIRECTION('',(-1.,0.,0.));
#1278=VECTOR('',#1277,8.684062043);
#1279=LINE('',#1276,#1278);
#1280=EDGE_CURVE('',#1275,#1267,#1279,.T.);
#1281=ORIENTED_EDGE('',*,*,#1280,.F.);
#1282=CARTESIAN_POINT('',(118.142071255,155.259637677,39.4));
#1283=DIRECTION('',(-0.,-0.,-1.));
#1284=VECTOR('',#1283,35.);
#1285=LINE('',#1282,#1284);
#1286=EDGE_CURVE('',#1275,#1257,#1285,.T.);
#1287=ORIENTED_EDGE('',*,*,#1286,.T.);
#1288=EDGE_LOOP('',(#1265,#1273,#1281,#1287));
#1289=FACE_BOUND('',#1288,.T.);
#1290=ADVANCED_FACE('',(#1289),#1255,.F.);
#1291=CARTESIAN_POINT('',(169.088997547,122.259637677,39.4));
#1292=DIRECTION('',(-0.,-0.,-1.));
#1293=DIRECTION('',(0.707106781,0.707106781,-0.));
#1294=AXIS2_PLACEMENT_3D('',#1291,#1292,#1293);
#1295=CYLINDRICAL_SURFACE('',#1294,87.6);
#1296=CARTESIAN_POINT('',(83.93484829,101.704082121,9.4));
#1297=VERTEX_POINT('',#1296);
#1298=CARTESIAN_POINT('',(83.93484829,101.704082121,34.4));
#1299=VERTEX_POINT('',#1298);
#1300=CARTESIAN_POINT('',(83.93484829,101.704082121,9.4));
#1301=DIRECTION('',(0.,0.,1.));
#1302=VECTOR('',#1301,25.);
#1303=LINE('',#1300,#1302);
#1304=EDGE_CURVE('',#1297,#1299,#1303,.T.);
#1305=ORIENTED_EDGE('',*,*,#1304,.F.);
#1306=CARTESIAN_POINT('',(84.442633694,99.704082121,9.4));
#1307=VERTEX_POINT('',#1306);
#1308=CARTESIAN_POINT('',(169.088997547,122.259637677,9.4));
#1309=DIRECTION('',(0.,0.,1.));
#1310=DIRECTION('',(0.707106781,0.707106781,-0.));
#1311=AXIS2_PLACEMENT_3D('',#1308,#1309,#1310);
#1312=CIRCLE('',#1311,87.6);
#1313=EDGE_CURVE('',#1297,#1307,#1312,.T.);
#1314=ORIENTED_EDGE('',*,*,#1313,.T.);
#1315=CARTESIAN_POINT('',(84.442633694,99.704082121,34.4));
#1316=VERTEX_POINT('',#1315);
#1317=CARTESIAN_POINT('',(84.442633694,99.704082121,34.4));
#1318=DIRECTION('',(-0.,-0.,-1.));
#1319=VECTOR('',#1318,25.);
#1320=LINE('',#1317,#1319);
#1321=EDGE_CURVE('',#1316,#1307,#1320,.T.);
#1322=ORIENTED_EDGE('',*,*,#1321,.F.);
#1323=CARTESIAN_POINT('',(169.088997547,122.259637677,34.4));
#1324=DIRECTION('',(0.,0.,1.));
#1325=DIRECTION('',(0.707106781,0.707106781,-0.));
#1326=AXIS2_PLACEMENT_3D('',#1323,#1324,#1325);
#1327=CIRCLE('',#1326,87.6);
#1328=EDGE_CURVE('',#1299,#1316,#1327,.T.);
#1329=ORIENTED_EDGE('',*,*,#1328,.F.);
#1330=EDGE_LOOP('',(#1305,#1314,#1322,#1329));
#1331=FACE_BOUND('',#1330,.T.);
#1332=CARTESIAN_POINT('',(82.881198066,106.704082121,9.4));
#1333=VERTEX_POINT('',#1332);
#1334=CARTESIAN_POINT('',(82.881198066,106.704082121,34.4));
#1335=VERTEX_POINT('',#1334);
#1336=CARTESIAN_POINT('',(82.881198066,106.704082121,9.4));
#1337=DIRECTION('',(0.,0.,1.));
#1338=VECTOR('',#1337,25.);
#1339=LINE('',#1336,#1338);
#1340=EDGE_CURVE('',#1333,#1335,#1339,.T.);
#1341=ORIENTED_EDGE('',*,*,#1340,.F.);
#1342=CARTESIAN_POINT('',(83.26614238,104.704082121,9.4));
#1343=VERTEX_POINT('',#1342);
#1344=CARTESIAN_POINT('',(169.088997547,122.259637677,9.4));
#1345=DIRECTION('',(0.,0.,1.));
#1346=DIRECTION('',(0.707106781,0.707106781,-0.));
#1347=AXIS2_PLACEMENT_3D('',#1344,#1345,#1346);
#1348=CIRCLE('',#1347,87.6);
#1349=EDGE_CURVE('',#1333,#1343,#1348,.T.);
#1350=ORIENTED_EDGE('',*,*,#1349,.T.);
#1351=CARTESIAN_POINT('',(83.26614238,104.704082121,34.4));
#1352=VERTEX_POINT('',#1351);
#1353=CARTESIAN_POINT('',(83.26614238,104.704082121,34.4));
#1354=DIRECTION('',(-0.,-0.,-1.));
#1355=VECTOR('',#1354,25.);
#1356=LINE('',#1353,#1355);
#1357=EDGE_CURVE('',#1352,#1343,#1356,.T.);
#1358=ORIENTED_EDGE('',*,*,#1357,.F.);
#1359=CARTESIAN_POINT('',(169.088997547,122.259637677,34.4));
#1360=DIRECTION('',(0.,0.,1.));
#1361=DIRECTION('',(0.707106781,0.707106781,-0.));
#1362=AXIS2_PLACEMENT_3D('',#1359,#1360,#1361);
#1363=CIRCLE('',#1362,87.6);
#1364=EDGE_CURVE('',#1335,#1352,#1363,.T.);
#1365=ORIENTED_EDGE('',*,*,#1364,.F.);
#1366=EDGE_LOOP('',(#1341,#1350,#1358,#1365));
#1367=FACE_BOUND('',#1366,.T.);
#1368=CARTESIAN_POINT('',(82.127280413,111.704082121,9.4));
#1369=VERTEX_POINT('',#1368);
#1370=CARTESIAN_POINT('',(82.127280413,111.704082121,34.4));
#1371=VERTEX_POINT('',#1370);
#1372=CARTESIAN_POINT('',(82.127280413,111.704082121,9.4));
#1373=DIRECTION('',(0.,0.,1.));
#1374=VECTOR('',#1373,25.);
#1375=LINE('',#1372,#1374);
#1376=EDGE_CURVE('',#1369,#1371,#1375,.T.);
#1377=ORIENTED_EDGE('',*,*,#1376,.F.);
#1378=CARTESIAN_POINT('',(82.393449653,109.704082121,9.4));
#1379=VERTEX_POINT('',#1378);
#1380=CARTESIAN_POINT('',(169.088997547,122.259637677,9.4));
#1381=DIRECTION('',(0.,0.,1.));
#1382=DIRECTION('',(0.707106781,0.707106781,-0.));
#1383=AXIS2_PLACEMENT_3D('',#1380,#1381,#1382);
#1384=CIRCLE('',#1383,87.6);
#1385=EDGE_CURVE('',#1369,#1379,#1384,.T.);
#1386=ORIENTED_EDGE('',*,*,#1385,.T.);
#1387=CARTESIAN_POINT('',(82.393449653,109.704082121,34.4));
#1388=VERTEX_POINT('',#1387);
#1389=CARTESIAN_POINT('',(82.393449653,109.704082121,34.4));
#1390=DIRECTION('',(-0.,-0.,-1.));
#1391=VECTOR('',#1390,25.);
#1392=LINE('',#1389,#1391);
#1393=EDGE_CURVE('',#1388,#1379,#1392,.T.);
#1394=ORIENTED_EDGE('',*,*,#1393,.F.);
#1395=CARTESIAN_POINT('',(169.088997547,122.259637677,34.4));
#1396=DIRECTION('',(0.,0.,1.));
#1397=DIRECTION('',(0.707106781,0.707106781,-0.));
#1398=AXIS2_PLACEMENT_3D('',#1395,#1396,#1397);
#1399=CIRCLE('',#1398,87.6);
#1400=EDGE_CURVE('',#1371,#1388,#1399,.T.);
#1401=ORIENTED_EDGE('',*,*,#1400,.F.);
#1402=EDGE_LOOP('',(#1377,#1386,#1394,#1401));
#1403=FACE_BOUND('',#1402,.T.);
#1404=CARTESIAN_POINT('',(81.665340552,116.704082121,9.4));
#1405=VERTEX_POINT('',#1404);
#1406=CARTESIAN_POINT('',(81.665340552,116.704082121,34.4));
#1407=VERTEX_POINT('',#1406);
#1408=CARTESIAN_POINT('',(81.665340552,116.704082121,9.4));
#1409=DIRECTION('',(0.,0.,1.));
#1410=VECTOR('',#1409,25.);
#1411=LINE('',#1408,#1410);
#1412=EDGE_CURVE('',#1405,#1407,#1411,.T.);
#1413=ORIENTED_EDGE('',*,*,#1412,.F.);
#1414=CARTESIAN_POINT('',(81.815441528,114.704082121,9.4));
#1415=VERTEX_POINT('',#1414);
#1416=CARTESIAN_POINT('',(169.088997547,122.259637677,9.4));
#1417=DIRECTION('',(0.,0.,1.));
#1418=DIRECTION('',(0.707106781,0.707106781,-0.));
#1419=AXIS2_PLACEMENT_3D('',#1416,#1417,#1418);
#1420=CIRCLE('',#1419,87.6);
#1421=EDGE_CURVE('',#1405,#1415,#1420,.T.);
#1422=ORIENTED_EDGE('',*,*,#1421,.T.);
#1423=CARTESIAN_POINT('',(81.815441528,114.704082121,34.4));
#1424=VERTEX_POINT('',#1423);
#1425=CARTESIAN_POINT('',(81.815441528,114.704082121,34.4));
#1426=DIRECTION('',(-0.,-0.,-1.));
#1427=VECTOR('',#1426,25.);
#1428=LINE('',#1425,#1427);
#1429=EDGE_CURVE('',#1424,#1415,#1428,.T.);
#1430=ORIENTED_EDGE('',*,*,#1429,.F.);
#1431=CARTESIAN_POINT('',(169.088997547,122.259637677,34.4));
#1432=DIRECTION('',(0.,0.,1.));
#1433=DIRECTION('',(0.707106781,0.707106781,-0.));
#1434=AXIS2_PLACEMENT_3D('',#1431,#1432,#1433);
#1435=CIRCLE('',#1434,87.6);
#1436=EDGE_CURVE('',#1407,#1424,#1435,.T.);
#1437=ORIENTED_EDGE('',*,*,#1436,.F.);
#1438=EDGE_LOOP('',(#1413,#1422,#1430,#1437));
#1439=FACE_BOUND('',#1438,.T.);
#1440=CARTESIAN_POINT('',(81.49075922,121.704082121,9.4));
#1441=VERTEX_POINT('',#1440);
#1442=CARTESIAN_POINT('',(81.49075922,121.704082121,34.4));
#1443=VERTEX_POINT('',#1442);
#1444=CARTESIAN_POINT('',(81.49075922,121.704082121,9.4));
#1445=DIRECTION('',(0.,0.,1.));
#1446=VECTOR('',#1445,25.);
#1447=LINE('',#1444,#1446);
#1448=EDGE_CURVE('',#1441,#1443,#1447,.T.);
#1449=ORIENTED_EDGE('',*,*,#1448,.F.);
#1450=CARTESIAN_POINT('',(81.526282104,119.704082121,9.4));
#1451=VERTEX_POINT('',#1450);
#1452=CARTESIAN_POINT('',(169.088997547,122.259637677,9.4));
#1453=DIRECTION('',(0.,0.,1.));
#1454=DIRECTION('',(0.707106781,0.707106781,-0.));
#1455=AXIS2_PLACEMENT_3D('',#1452,#1453,#1454);
#1456=CIRCLE('',#1455,87.6);
#1457=EDGE_CURVE('',#1441,#1451,#1456,.T.);
#1458=ORIENTED_EDGE('',*,*,#1457,.T.);
#1459=CARTESIAN_POINT('',(81.526282104,119.704082121,34.4));
#1460=VERTEX_POINT('',#1459);
#1461=CARTESIAN_POINT('',(81.526282104,119.704082121,34.4));
#1462=DIRECTION('',(-0.,-0.,-1.));
#1463=VECTOR('',#1462,25.);
#1464=LINE('',#1461,#1463);
#1465=EDGE_CURVE('',#1460,#1451,#1464,.T.);
#1466=ORIENTED_EDGE('',*,*,#1465,.F.);
#1467=CARTESIAN_POINT('',(169.088997547,122.259637677,34.4));
#1468=DIRECTION('',(0.,0.,1.));
#1469=DIRECTION('',(0.707106781,0.707106781,-0.));
#1470=AXIS2_PLACEMENT_3D('',#1467,#1468,#1469);
#1471=CIRCLE('',#1470,87.6);
#1472=EDGE_CURVE('',#1443,#1460,#1471,.T.);
#1473=ORIENTED_EDGE('',*,*,#1472,.F.);
#1474=EDGE_LOOP('',(#1449,#1458,#1466,#1473));
#1475=FACE_BOUND('',#1474,.T.);
#1476=CARTESIAN_POINT('',(81.601816123,126.704082121,9.4));
#1477=VERTEX_POINT('',#1476);
#1478=CARTESIAN_POINT('',(81.601816123,126.704082121,34.4));
#1479=VERTEX_POINT('',#1478);
#1480=CARTESIAN_POINT('',(81.601816123,126.704082121,9.4));
#1481=DIRECTION('',(0.,0.,1.));
#1482=VECTOR('',#1481,25.);
#1483=LINE('',#1480,#1482);
#1484=EDGE_CURVE('',#1477,#1479,#1483,.T.);
#1485=ORIENTED_EDGE('',*,*,#1484,.F.);
#1486=CARTESIAN_POINT('',(81.523109832,124.704082121,9.4));
#1487=VERTEX_POINT('',#1486);
#1488=CARTESIAN_POINT('',(169.088997547,122.259637677,9.4));
#1489=DIRECTION('',(0.,0.,1.));
#1490=DIRECTION('',(0.707106781,0.707106781,-0.));
#1491=AXIS2_PLACEMENT_3D('',#1488,#1489,#1490);
#1492=CIRCLE('',#1491,87.6);
#1493=EDGE_CURVE('',#1477,#1487,#1492,.T.);
#1494=ORIENTED_EDGE('',*,*,#1493,.T.);
#1495=CARTESIAN_POINT('',(81.523109832,124.704082121,34.4));
#1496=VERTEX_POINT('',#1495);
#1497=CARTESIAN_POINT('',(81.523109832,124.704082121,34.4));
#1498=DIRECTION('',(-0.,-0.,-1.));
#1499=VECTOR('',#1498,25.);
#1500=LINE('',#1497,#1499);
#1501=EDGE_CURVE('',#1496,#1487,#1500,.T.);
#1502=ORIENTED_EDGE('',*,*,#1501,.F.);
#1503=CARTESIAN_POINT('',(169.088997547,122.259637677,34.4));
#1504=DIRECTION('',(0.,0.,1.));
#1505=DIRECTION('',(0.707106781,0.707106781,-0.));
#1506=AXIS2_PLACEMENT_3D('',#1503,#1504,#1505);
#1507=CIRCLE('',#1506,87.6);
#1508=EDGE_CURVE('',#1479,#1496,#1507,.T.);
#1509=ORIENTED_EDGE('',*,*,#1508,.F.);
#1510=EDGE_LOOP('',(#1485,#1494,#1502,#1509));
#1511=FACE_BOUND('',#1510,.T.);
#1512=CARTESIAN_POINT('',(81.999603996,131.704082121,9.4));
#1513=VERTEX_POINT('',#1512);
#1514=CARTESIAN_POINT('',(81.999603996,131.704082121,34.4));
#1515=VERTEX_POINT('',#1514);
#1516=CARTESIAN_POINT('',(81.999603996,131.704082121,9.4));
#1517=DIRECTION('',(0.,0.,1.));
#1518=VECTOR('',#1517,25.);
#1519=LINE('',#1516,#1518);
#1520=EDGE_CURVE('',#1513,#1515,#1519,.T.);
#1521=ORIENTED_EDGE('',*,*,#1520,.F.);
#1522=CARTESIAN_POINT('',(81.80589353,129.704082121,9.4));
#1523=VERTEX_POINT('',#1522);
#1524=CARTESIAN_POINT('',(169.088997547,122.259637677,9.4));
#1525=DIRECTION('',(0.,0.,1.));
#1526=DIRECTION('',(0.707106781,0.707106781,-0.));
#1527=AXIS2_PLACEMENT_3D('',#1524,#1525,#1526);
#1528=CIRCLE('',#1527,87.6);
#1529=EDGE_CURVE('',#1513,#1523,#1528,.T.);
#1530=ORIENTED_EDGE('',*,*,#1529,.T.);
#1531=CARTESIAN_POINT('',(81.80589353,129.704082121,34.4));
#1532=VERTEX_POINT('',#1531);
#1533=CARTESIAN_POINT('',(81.80589353,129.704082121,34.4));
#1534=DIRECTION('',(-0.,-0.,-1.));
#1535=VECTOR('',#1534,25.);
#1536=LINE('',#1533,#1535);
#1537=EDGE_CURVE('',#1532,#1523,#1536,.T.);
#1538=ORIENTED_EDGE('',*,*,#1537,.F.);
#1539=CARTESIAN_POINT('',(169.088997547,122.259637677,34.4));
#1540=DIRECTION('',(0.,0.,1.));
#1541=DIRECTION('',(0.707106781,0.707106781,-0.));
#1542=AXIS2_PLACEMENT_3D('',#1539,#1540,#1541);
#1543=CIRCLE('',#1542,87.6);
#1544=EDGE_CURVE('',#1515,#1532,#1543,.T.);
#1545=ORIENTED_EDGE('',*,*,#1544,.F.);
#1546=EDGE_LOOP('',(#1521,#1530,#1538,#1545));
#1547=FACE_BOUND('',#1546,.T.);
#1548=CARTESIAN_POINT('',(82.688083057,136.704082121,9.4));
#1549=VERTEX_POINT('',#1548);
#1550=CARTESIAN_POINT('',(82.688083057,136.704082121,34.4));
#1551=VERTEX_POINT('',#1550);
#1552=CARTESIAN_POINT('',(82.688083057,136.704082121,9.4));
#1553=DIRECTION('',(0.,0.,1.));
#1554=VECTOR('',#1553,25.);
#1555=LINE('',#1552,#1554);
#1556=EDGE_CURVE('',#1549,#1551,#1555,.T.);
#1557=ORIENTED_EDGE('',*,*,#1556,.F.);
#1558=CARTESIAN_POINT('',(82.377430831,134.704082121,9.4));
#1559=VERTEX_POINT('',#1558);
#1560=CARTESIAN_POINT('',(169.088997547,122.259637677,9.4));
#1561=DIRECTION('',(0.,0.,1.));
#1562=DIRECTION('',(0.707106781,0.707106781,-0.));
#1563=AXIS2_PLACEMENT_3D('',#1560,#1561,#1562);
#1564=CIRCLE('',#1563,87.6);
#1565=EDGE_CURVE('',#1549,#1559,#1564,.T.);
#1566=ORIENTED_EDGE('',*,*,#1565,.T.);
#1567=CARTESIAN_POINT('',(82.377430831,134.704082121,34.4));
#1568=VERTEX_POINT('',#1567);
#1569=CARTESIAN_POINT('',(82.377430831,134.704082121,34.4));
#1570=DIRECTION('',(-0.,-0.,-1.));
#1571=VECTOR('',#1570,25.);
#1572=LINE('',#1569,#1571);
#1573=EDGE_CURVE('',#1568,#1559,#1572,.T.);
#1574=ORIENTED_EDGE('',*,*,#1573,.F.);
#1575=CARTESIAN_POINT('',(169.088997547,122.259637677,34.4));
#1576=DIRECTION('',(0.,0.,1.));
#1577=DIRECTION('',(0.707106781,0.707106781,-0.));
#1578=AXIS2_PLACEMENT_3D('',#1575,#1576,#1577);
#1579=CIRCLE('',#1578,87.6);
#1580=EDGE_CURVE('',#1551,#1568,#1579,.T.);
#1581=ORIENTED_EDGE('',*,*,#1580,.F.);
#1582=EDGE_LOOP('',(#1557,#1566,#1574,#1581));
#1583=FACE_BOUND('',#1582,.T.);
#1584=CARTESIAN_POINT('',(83.674282303,141.704082121,9.4));
#1585=VERTEX_POINT('',#1584);
#1586=CARTESIAN_POINT('',(83.674282303,141.704082121,34.4));
#1587=VERTEX_POINT('',#1586);
#1588=CARTESIAN_POINT('',(83.674282303,141.704082121,9.4));
#1589=DIRECTION('',(0.,0.,1.));
#1590=VECTOR('',#1589,25.);
#1591=LINE('',#1588,#1590);
#1592=EDGE_CURVE('',#1585,#1587,#1591,.T.);
#1593=ORIENTED_EDGE('',*,*,#1592,.F.);
#1594=CARTESIAN_POINT('',(83.243488882,139.704082121,9.4));
#1595=VERTEX_POINT('',#1594);
#1596=CARTESIAN_POINT('',(169.088997547,122.259637677,9.4));
#1597=DIRECTION('',(0.,0.,1.));
#1598=DIRECTION('',(0.707106781,0.707106781,-0.));
#1599=AXIS2_PLACEMENT_3D('',#1596,#1597,#1598);
#1600=CIRCLE('',#1599,87.6);
#1601=EDGE_CURVE('',#1585,#1595,#1600,.T.);
#1602=ORIENTED_EDGE('',*,*,#1601,.T.);
#1603=CARTESIAN_POINT('',(83.243488882,139.704082121,34.4));
#1604=VERTEX_POINT('',#1603);
#1605=CARTESIAN_POINT('',(83.243488882,139.704082121,34.4));
#1606=DIRECTION('',(-0.,-0.,-1.));
#1607=VECTOR('',#1606,25.);
#1608=LINE('',#1605,#1607);
#1609=EDGE_CURVE('',#1604,#1595,#1608,.T.);
#1610=ORIENTED_EDGE('',*,*,#1609,.F.);
#1611=CARTESIAN_POINT('',(169.088997547,122.259637677,34.4));
#1612=DIRECTION('',(0.,0.,1.));
#1613=DIRECTION('',(0.707106781,0.707106781,-0.));
#1614=AXIS2_PLACEMENT_3D('',#1611,#1612,#1613);
#1615=CIRCLE('',#1614,87.6);
#1616=EDGE_CURVE('',#1587,#1604,#1615,.T.);
#1617=ORIENTED_EDGE('',*,*,#1616,.F.);
#1618=EDGE_LOOP('',(#1593,#1602,#1610,#1617));
#1619=FACE_BOUND('',#1618,.T.);
#1620=CARTESIAN_POINT('',(84.968672204,146.704082121,9.4));
#1621=VERTEX_POINT('',#1620);
#1622=CARTESIAN_POINT('',(84.968672204,146.704082121,34.4));
#1623=VERTEX_POINT('',#1622);
#1624=CARTESIAN_POINT('',(84.968672204,146.704082121,9.4));
#1625=DIRECTION('',(0.,0.,1.));
#1626=VECTOR('',#1625,25.);
#1627=LINE('',#1624,#1626);
#1628=EDGE_CURVE('',#1621,#1623,#1627,.T.);
#1629=ORIENTED_EDGE('',*,*,#1628,.F.);
#1630=CARTESIAN_POINT('',(84.413104203,144.704082121,9.4));
#1631=VERTEX_POINT('',#1630);
#1632=CARTESIAN_POINT('',(169.088997547,122.259637677,9.4));
#1633=DIRECTION('',(0.,0.,1.));
#1634=DIRECTION('',(0.707106781,0.707106781,-0.));
#1635=AXIS2_PLACEMENT_3D('',#1632,#1633,#1634);
#1636=CIRCLE('',#1635,87.6);
#1637=EDGE_CURVE('',#1621,#1631,#1636,.T.);
#1638=ORIENTED_EDGE('',*,*,#1637,.T.);
#1639=CARTESIAN_POINT('',(84.413104203,144.704082121,34.4));
#1640=VERTEX_POINT('',#1639);
#1641=CARTESIAN_POINT('',(84.413104203,144.704082121,34.4));
#1642=DIRECTION('',(-0.,-0.,-1.));
#1643=VECTOR('',#1642,25.);
#1644=LINE('',#1641,#1643);
#1645=EDGE_CURVE('',#1640,#1631,#1644,.T.);
#1646=ORIENTED_EDGE('',*,*,#1645,.F.);
#1647=CARTESIAN_POINT('',(169.088997547,122.259637677,34.4));
#1648=DIRECTION('',(0.,0.,1.));
#1649=DIRECTION('',(0.707106781,0.707106781,-0.));
#1650=AXIS2_PLACEMENT_3D('',#1647,#1648,#1649);
#1651=CIRCLE('',#1650,87.6);
#1652=EDGE_CURVE('',#1623,#1640,#1651,.T.);
#1653=ORIENTED_EDGE('',*,*,#1652,.F.);
#1654=EDGE_LOOP('',(#1629,#1638,#1646,#1653));
#1655=FACE_BOUND('',#1654,.T.);
#1656=CARTESIAN_POINT('',(87.007330897,91.659637677,4.4));
#1657=VERTEX_POINT('',#1656);
#1658=CARTESIAN_POINT('',(87.007330897,152.859637677,4.4));
#1659=VERTEX_POINT('',#1658);
#1660=CARTESIAN_POINT('',(169.088997547,122.259637677,4.4));
#1661=DIRECTION('',(-0.,-0.,-1.));
#1662=DIRECTION('',(0.707106781,0.707106781,-0.));
#1663=AXIS2_PLACEMENT_3D('',#1660,#1661,#1662);
#1664=CIRCLE('',#1663,87.6);
#1665=EDGE_CURVE('',#1657,#1659,#1664,.T.);
#1666=ORIENTED_EDGE('',*,*,#1665,.T.);
#1667=CARTESIAN_POINT('',(87.007330897,152.859637677,39.4));
#1668=VERTEX_POINT('',#1667);
#1669=CARTESIAN_POINT('',(87.007330897,152.859637677,39.4));
#1670=DIRECTION('',(-0.,-0.,-1.));
#1671=VECTOR('',#1670,35.);
#1672=LINE('',#1669,#1671);
#1673=EDGE_CURVE('',#1668,#1659,#1672,.T.);
#1674=ORIENTED_EDGE('',*,*,#1673,.F.);
#1675=CARTESIAN_POINT('',(87.007330897,91.659637677,39.4));
#1676=VERTEX_POINT('',#1675);
#1677=CARTESIAN_POINT('',(169.088997547,122.259637677,39.4));
#1678=DIRECTION('',(-0.,-0.,-1.));
#1679=DIRECTION('',(0.707106781,0.707106781,-0.));
#1680=AXIS2_PLACEMENT_3D('',#1677,#1678,#1679);
#1681=CIRCLE('',#1680,87.6);
#1682=EDGE_CURVE('',#1676,#1668,#1681,.T.);
#1683=ORIENTED_EDGE('',*,*,#1682,.F.);
#1684=CARTESIAN_POINT('',(87.007330897,91.659637677,39.4));
#1685=DIRECTION('',(-0.,-0.,-1.));
#1686=VECTOR('',#1685,35.);
#1687=LINE('',#1684,#1686);
#1688=EDGE_CURVE('',#1676,#1657,#1687,.T.);
#1689=ORIENTED_EDGE('',*,*,#1688,.T.);
#1690=EDGE_LOOP('',(#1666,#1674,#1683,#1689));
#1691=FACE_BOUND('',#1690,.T.);
#1692=ADVANCED_FACE('',(#1331,#1367,#1403,#1439,#1475,#1511,#1547,#1583,#1619,#1655,#1691),#1295,.F.);
#1693=CARTESIAN_POINT('',(87.007330897,152.859637677,39.4));
#1694=DIRECTION('',(0.,1.,-0.));
#1695=DIRECTION('',(-1.,0.,0.));
#1696=AXIS2_PLACEMENT_3D('',#1693,#1694,#1695);
#1697=PLANE('',#1696);
#1698=CARTESIAN_POINT('',(115.742071255,152.859637677,4.4));
#1699=VERTEX_POINT('',#1698);
#1700=CARTESIAN_POINT('',(87.007330897,152.859637677,4.4));
#1701=DIRECTION('',(1.,-0.,-0.));
#1702=VECTOR('',#1701,28.734740358);
#1703=LINE('',#1700,#1702);
#1704=EDGE_CURVE('',#1659,#1699,#1703,.T.);
#1705=ORIENTED_EDGE('',*,*,#1704,.T.);
#1706=CARTESIAN_POINT('',(115.742071255,152.859637677,39.4));
#1707=VERTEX_POINT('',#1706);
#1708=CARTESIAN_POINT('',(115.742071255,152.859637677,39.4));
#1709=DIRECTION('',(-0.,-0.,-1.));
#1710=VECTOR('',#1709,35.);
#1711=LINE('',#1708,#1710);
#1712=EDGE_CURVE('',#1707,#1699,#1711,.T.);
#1713=ORIENTED_EDGE('',*,*,#1712,.F.);
#1714=CARTESIAN_POINT('',(87.007330897,152.859637677,39.4));
#1715=DIRECTION('',(1.,0.,-0.));
#1716=VECTOR('',#1715,28.734740358);
#1717=LINE('',#1714,#1716);
#1718=EDGE_CURVE('',#1668,#1707,#1717,.T.);
#1719=ORIENTED_EDGE('',*,*,#1718,.F.);
#1720=ORIENTED_EDGE('',*,*,#1673,.T.);
#1721=EDGE_LOOP('',(#1705,#1713,#1719,#1720));
#1722=FACE_BOUND('',#1721,.T.);
#1723=ADVANCED_FACE('',(#1722),#1697,.F.);
#1724=CARTESIAN_POINT('',(115.742071255,152.859637677,39.4));
#1725=DIRECTION('',(1.,-0.,-0.));
#1726=DIRECTION('',(0.,1.,-0.));
#1727=AXIS2_PLACEMENT_3D('',#1724,#1725,#1726);
#1728=PLANE('',#1727);
#1729=CARTESIAN_POINT('',(115.742071255,97.159637677,39.4));
#1730=VERTEX_POINT('',#1729);
#1731=CARTESIAN_POINT('',(115.742071255,91.659637677,39.4));
#1732=VERTEX_POINT('',#1731);
#1733=CARTESIAN_POINT('',(115.742071255,97.159637677,39.4));
#1734=DIRECTION('',(0.,-1.,0.));
#1735=VECTOR('',#1734,5.5);
#1736=LINE('',#1733,#1735);
#1737=EDGE_CURVE('',#1730,#1732,#1736,.T.);
#1738=ORIENTED_EDGE('',*,*,#1737,.F.);
#1739=CARTESIAN_POINT('',(115.742071255,97.159637677,23.4));
#1740=VERTEX_POINT('',#1739);
#1741=CARTESIAN_POINT('',(115.742071255,97.159637677,39.4));
#1742=DIRECTION('',(-0.,-0.,-1.));
#1743=VECTOR('',#1742,16.);
#1744=LINE('',#1741,#1743);
#1745=EDGE_CURVE('',#1730,#1740,#1744,.T.);
#1746=ORIENTED_EDGE('',*,*,#1745,.T.);
#1747=CARTESIAN_POINT('',(115.742071255,147.359637677,23.4));
#1748=VERTEX_POINT('',#1747);
#1749=CARTESIAN_POINT('',(115.742071255,97.159637677,23.4));
#1750=DIRECTION('',(0.,1.,-0.));
#1751=VECTOR('',#1750,50.2);
#1752=LINE('',#1749,#1751);
#1753=EDGE_CURVE('',#1740,#1748,#1752,.T.);
#1754=ORIENTED_EDGE('',*,*,#1753,.T.);
#1755=CARTESIAN_POINT('',(115.742071255,147.359637677,32.4));
#1756=VERTEX_POINT('',#1755);
#1757=CARTESIAN_POINT('',(115.742071255,147.359637677,32.4));
#1758=DIRECTION('',(-0.,-0.,-1.));
#1759=VECTOR('',#1758,9.);
#1760=LINE('',#1757,#1759);
#1761=EDGE_CURVE('',#1756,#1748,#1760,.T.);
#1762=ORIENTED_EDGE('',*,*,#1761,.F.);
#1763=CARTESIAN_POINT('',(115.742071255,142.759637677,37.));
#1764=VERTEX_POINT('',#1763);
#1765=CARTESIAN_POINT('',(115.742071255,147.359637677,32.4));
#1766=DIRECTION('',(-0.,-0.707106781,0.707106781));
#1767=VECTOR('',#1766,6.505382387);
#1768=LINE('',#1765,#1767);
#1769=EDGE_CURVE('',#1756,#1764,#1768,.T.);
#1770=ORIENTED_EDGE('',*,*,#1769,.T.);
#1771=CARTESIAN_POINT('',(115.742071255,137.359637677,37.));
#1772=VERTEX_POINT('',#1771);
#1773=CARTESIAN_POINT('',(115.742071255,137.359637677,37.));
#1774=DIRECTION('',(0.,1.,-0.));
#1775=VECTOR('',#1774,5.4);
#1776=LINE('',#1773,#1775);
#1777=EDGE_CURVE('',#1772,#1764,#1776,.T.);
#1778=ORIENTED_EDGE('',*,*,#1777,.F.);
#1779=CARTESIAN_POINT('',(115.742071255,137.359637677,39.4));
#1780=VERTEX_POINT('',#1779);
#1781=CARTESIAN_POINT('',(115.742071255,137.359637677,39.4));
#1782=DIRECTION('',(-0.,-0.,-1.));
#1783=VECTOR('',#1782,2.4);
#1784=LINE('',#1781,#1783);
#1785=EDGE_CURVE('',#1780,#1772,#1784,.T.);
#1786=ORIENTED_EDGE('',*,*,#1785,.F.);
#1787=CARTESIAN_POINT('',(115.742071255,152.859637677,39.4));
#1788=DIRECTION('',(-0.,-1.,0.));
#1789=VECTOR('',#1788,15.5);
#1790=LINE('',#1787,#1789);
#1791=EDGE_CURVE('',#1707,#1780,#1790,.T.);
#1792=ORIENTED_EDGE('',*,*,#1791,.F.);
#1793=ORIENTED_EDGE('',*,*,#1712,.T.);
#1794=CARTESIAN_POINT('',(115.742071255,91.659637677,4.4));
#1795=VERTEX_POINT('',#1794);
#1796=CARTESIAN_POINT('',(115.742071255,152.859637677,4.4));
#1797=DIRECTION('',(-0.,-1.,0.));
#1798=VECTOR('',#1797,61.2);
#1799=LINE('',#1796,#1798);
#1800=EDGE_CURVE('',#1699,#1795,#1799,.T.);
#1801=ORIENTED_EDGE('',*,*,#1800,.T.);
#1802=CARTESIAN_POINT('',(115.742071255,91.659637677,39.4));
#1803=DIRECTION('',(-0.,-0.,-1.));
#1804=VECTOR('',#1803,35.);
#1805=LINE('',#1802,#1804);
#1806=EDGE_CURVE('',#1732,#1795,#1805,.T.);
#1807=ORIENTED_EDGE('',*,*,#1806,.F.);
#1808=EDGE_LOOP('',(#1738,#1746,#1754,#1762,#1770,#1778,#1786,#1792,#1793,#1801,#1807));
#1809=FACE_BOUND('',#1808,.T.);
#1810=ADVANCED_FACE('',(#1809),#1728,.F.);
#1811=CARTESIAN_POINT('',(115.742071255,91.659637677,39.4));
#1812=DIRECTION('',(-0.,-1.,0.));
#1813=DIRECTION('',(1.,-0.,-0.));
#1814=AXIS2_PLACEMENT_3D('',#1811,#1812,#1813);
#1815=PLANE('',#1814);
#1816=CARTESIAN_POINT('',(115.742071255,91.659637677,4.4));
#1817=DIRECTION('',(-1.,0.,0.));
#1818=VECTOR('',#1817,28.734740358);
#1819=LINE('',#1816,#1818);
#1820=EDGE_CURVE('',#1795,#1657,#1819,.T.);
#1821=ORIENTED_EDGE('',*,*,#1820,.T.);
#1822=ORIENTED_EDGE('',*,*,#1688,.F.);
#1823=CARTESIAN_POINT('',(115.742071255,91.659637677,39.4));
#1824=DIRECTION('',(-1.,0.,0.));
#1825=VECTOR('',#1824,28.734740358);
#1826=LINE('',#1823,#1825);
#1827=EDGE_CURVE('',#1732,#1676,#1826,.T.);
#1828=ORIENTED_EDGE('',*,*,#1827,.F.);
#1829=ORIENTED_EDGE('',*,*,#1806,.T.);
#1830=EDGE_LOOP('',(#1821,#1822,#1828,#1829));
#1831=FACE_BOUND('',#1830,.T.);
#1832=ADVANCED_FACE('',(#1831),#1815,.F.);
#1833=CARTESIAN_POINT('',(118.142071255,89.259637677,39.4));
#1834=DIRECTION('',(-1.,0.,0.));
#1835=DIRECTION('',(-0.,-1.,0.));
#1836=AXIS2_PLACEMENT_3D('',#1833,#1834,#1835);
#1837=PLANE('',#1836);
#1838=CARTESIAN_POINT('',(118.142071255,97.159637677,23.4));
#1839=VERTEX_POINT('',#1838);
#1840=CARTESIAN_POINT('',(118.142071255,147.359637677,23.4));
#1841=VERTEX_POINT('',#1840);
#1842=CARTESIAN_POINT('',(118.142071255,97.159637677,23.4));
#1843=DIRECTION('',(0.,1.,-0.));
#1844=VECTOR('',#1843,50.2);
#1845=LINE('',#1842,#1844);
#1846=EDGE_CURVE('',#1839,#1841,#1845,.T.);
#1847=ORIENTED_EDGE('',*,*,#1846,.F.);
#1848=CARTESIAN_POINT('',(118.142071255,97.159637677,39.4));
#1849=VERTEX_POINT('',#1848);
#1850=CARTESIAN_POINT('',(118.142071255,97.159637677,23.4));
#1851=DIRECTION('',(0.,0.,1.));
#1852=VECTOR('',#1851,16.);
#1853=LINE('',#1850,#1852);
#1854=EDGE_CURVE('',#1839,#1849,#1853,.T.);
#1855=ORIENTED_EDGE('',*,*,#1854,.T.);
#1856=CARTESIAN_POINT('',(118.142071255,89.259637677,39.4));
#1857=DIRECTION('',(0.,1.,-0.));
#1858=VECTOR('',#1857,7.9);
#1859=LINE('',#1856,#1858);
#1860=EDGE_CURVE('',#1219,#1849,#1859,.T.);
#1861=ORIENTED_EDGE('',*,*,#1860,.F.);
#1862=ORIENTED_EDGE('',*,*,#1246,.T.);
#1863=CARTESIAN_POINT('',(118.142071255,89.259637677,4.4));
#1864=DIRECTION('',(0.,1.,-0.));
#1865=VECTOR('',#1864,66.);
#1866=LINE('',#1863,#1865);
#1867=EDGE_CURVE('',#1235,#1257,#1866,.T.);
#1868=ORIENTED_EDGE('',*,*,#1867,.T.);
#1869=ORIENTED_EDGE('',*,*,#1286,.F.);
#1870=CARTESIAN_POINT('',(118.142071255,137.359637677,39.4));
#1871=VERTEX_POINT('',#1870);
#1872=CARTESIAN_POINT('',(118.142071255,137.359637677,39.4));
#1873=DIRECTION('',(-0.,1.,-0.));
#1874=VECTOR('',#1873,17.9);
#1875=LINE('',#1872,#1874);
#1876=EDGE_CURVE('',#1871,#1275,#1875,.T.);
#1877=ORIENTED_EDGE('',*,*,#1876,.F.);
#1878=CARTESIAN_POINT('',(118.142071255,137.359637677,37.));
#1879=VERTEX_POINT('',#1878);
#1880=CARTESIAN_POINT('',(118.142071255,137.359637677,37.));
#1881=DIRECTION('',(0.,0.,1.));
#1882=VECTOR('',#1881,2.4);
#1883=LINE('',#1880,#1882);
#1884=EDGE_CURVE('',#1879,#1871,#1883,.T.);
#1885=ORIENTED_EDGE('',*,*,#1884,.F.);
#1886=CARTESIAN_POINT('',(118.142071255,142.759637677,37.));
#1887=VERTEX_POINT('',#1886);
#1888=CARTESIAN_POINT('',(118.142071255,137.359637677,37.));
#1889=DIRECTION('',(0.,1.,-0.));
#1890=VECTOR('',#1889,5.4);
#1891=LINE('',#1888,#1890);
#1892=EDGE_CURVE('',#1879,#1887,#1891,.T.);
#1893=ORIENTED_EDGE('',*,*,#1892,.T.);
#1894=CARTESIAN_POINT('',(118.142071255,147.359637677,32.4));
#1895=VERTEX_POINT('',#1894);
#1896=CARTESIAN_POINT('',(118.142071255,142.759637677,37.));
#1897=DIRECTION('',(0.,0.707106781,-0.707106781));
#1898=VECTOR('',#1897,6.505382387);
#1899=LINE('',#1896,#1898);
#1900=EDGE_CURVE('',#1887,#1895,#1899,.T.);
#1901=ORIENTED_EDGE('',*,*,#1900,.T.);
#1902=CARTESIAN_POINT('',(118.142071255,147.359637677,23.4));
#1903=DIRECTION('',(0.,0.,1.));
#1904=VECTOR('',#1903,9.);
#1905=LINE('',#1902,#1904);
#1906=EDGE_CURVE('',#1841,#1895,#1905,.T.);
#1907=ORIENTED_EDGE('',*,*,#1906,.F.);
#1908=EDGE_LOOP('',(#1847,#1855,#1861,#1862,#1868,#1869,#1877,#1885,#1893,#1901,#1907));
#1909=FACE_BOUND('',#1908,.T.);
#1910=ADVANCED_FACE('',(#1909),#1837,.F.);
#1911=CARTESIAN_POINT('',(241.026537189,155.259637677,39.4));
#1912=DIRECTION('',(0.,-1.,0.));
#1913=DIRECTION('',(1.,0.,-0.));
#1914=AXIS2_PLACEMENT_3D('',#1911,#1912,#1913);
#1915=PLANE('',#1914);
#1916=CARTESIAN_POINT('',(228.719985884,155.259637677,39.4));
#1917=VERTEX_POINT('',#1916);
#1918=CARTESIAN_POINT('',(220.035923839,155.259637677,39.4));
#1919=VERTEX_POINT('',#1918);
#1920=CARTESIAN_POINT('',(228.719985884,155.259637677,39.4));
#1921=DIRECTION('',(-1.,-0.,0.));
#1922=VECTOR('',#1921,8.684062045);
#1923=LINE('',#1920,#1922);
#1924=EDGE_CURVE('',#1917,#1919,#1923,.T.);
#1925=ORIENTED_EDGE('',*,*,#1924,.F.);
#1926=CARTESIAN_POINT('',(228.719985884,155.259637677,4.4));
#1927=VERTEX_POINT('',#1926);
#1928=CARTESIAN_POINT('',(228.719985884,155.259637677,39.4));
#1929=DIRECTION('',(-0.,-0.,-1.));
#1930=VECTOR('',#1929,35.);
#1931=LINE('',#1928,#1930);
#1932=EDGE_CURVE('',#1917,#1927,#1931,.T.);
#1933=ORIENTED_EDGE('',*,*,#1932,.T.);
#1934=CARTESIAN_POINT('',(220.035923839,155.259637677,4.4));
#1935=VERTEX_POINT('',#1934);
#1936=CARTESIAN_POINT('',(228.719985884,155.259637677,4.4));
#1937=DIRECTION('',(-1.,-0.,0.));
#1938=VECTOR('',#1937,8.684062045);
#1939=LINE('',#1936,#1938);
#1940=EDGE_CURVE('',#1927,#1935,#1939,.T.);
#1941=ORIENTED_EDGE('',*,*,#1940,.T.);
#1942=CARTESIAN_POINT('',(220.035923839,155.259637677,39.4));
#1943=DIRECTION('',(-0.,-0.,-1.));
#1944=VECTOR('',#1943,35.);
#1945=LINE('',#1942,#1944);
#1946=EDGE_CURVE('',#1919,#1935,#1945,.T.);
#1947=ORIENTED_EDGE('',*,*,#1946,.F.);
#1948=EDGE_LOOP('',(#1925,#1933,#1941,#1947));
#1949=FACE_BOUND('',#1948,.T.);
#1950=ADVANCED_FACE('',(#1949),#1915,.F.);
#1951=CARTESIAN_POINT('',(220.035923839,89.259637677,39.4));
#1952=DIRECTION('',(-0.,1.,-0.));
#1953=DIRECTION('',(-1.,-0.,0.));
#1954=AXIS2_PLACEMENT_3D('',#1951,#1952,#1953);
#1955=PLANE('',#1954);
#1956=CARTESIAN_POINT('',(220.035923839,89.259637677,4.4));
#1957=VERTEX_POINT('',#1956);
#1958=CARTESIAN_POINT('',(220.035923839,89.259637677,4.4));
#1959=DIRECTION('',(1.,0.,-0.));
#1960=VECTOR('',#1959,8.684062042);
#1961=LINE('',#1958,#1960);
#1962=EDGE_CURVE('',#1957,#695,#1961,.T.);
#1963=ORIENTED_EDGE('',*,*,#1962,.T.);
#1964=ORIENTED_EDGE('',*,*,#700,.T.);
#1965=CARTESIAN_POINT('',(220.035923839,89.259637677,39.4));
#1966=VERTEX_POINT('',#1965);
#1967=CARTESIAN_POINT('',(220.035923839,89.259637677,39.4));
#1968=DIRECTION('',(1.,-0.,-0.));
#1969=VECTOR('',#1968,8.684062042);
#1970=LINE('',#1967,#1969);
#1971=EDGE_CURVE('',#1966,#687,#1970,.T.);
#1972=ORIENTED_EDGE('',*,*,#1971,.F.);
#1973=CARTESIAN_POINT('',(220.035923839,89.259637677,39.4));
#1974=DIRECTION('',(-0.,-0.,-1.));
#1975=VECTOR('',#1974,35.);
#1976=LINE('',#1973,#1975);
#1977=EDGE_CURVE('',#1966,#1957,#1976,.T.);
#1978=ORIENTED_EDGE('',*,*,#1977,.T.);
#1979=EDGE_LOOP('',(#1963,#1964,#1972,#1978));
#1980=FACE_BOUND('',#1979,.T.);
#1981=ADVANCED_FACE('',(#1980),#1955,.F.);
#1982=CARTESIAN_POINT('',(169.088997547,122.259637677,39.4));
#1983=DIRECTION('',(-0.,-0.,-1.));
#1984=DIRECTION('',(-0.707106781,-0.707106781,0.));
#1985=AXIS2_PLACEMENT_3D('',#1982,#1983,#1984);
#1986=CYLINDRICAL_SURFACE('',#1985,87.6);
#1987=CARTESIAN_POINT('',(254.243146805,142.815193232,9.4));
#1988=VERTEX_POINT('',#1987);
#1989=CARTESIAN_POINT('',(254.243146805,142.815193232,34.4));
#1990=VERTEX_POINT('',#1989);
#1991=CARTESIAN_POINT('',(254.243146805,142.815193232,9.4));
#1992=DIRECTION('',(0.,0.,1.));
#1993=VECTOR('',#1992,25.);
#1994=LINE('',#1991,#1993);
#1995=EDGE_CURVE('',#1988,#1990,#1994,.T.);
#1996=ORIENTED_EDGE('',*,*,#1995,.F.);
#1997=CARTESIAN_POINT('',(253.735361401,144.815193232,9.4));
#1998=VERTEX_POINT('',#1997);
#1999=CARTESIAN_POINT('',(169.088997547,122.259637677,9.4));
#2000=DIRECTION('',(0.,0.,1.));
#2001=DIRECTION('',(0.707106781,0.707106781,-0.));
#2002=AXIS2_PLACEMENT_3D('',#1999,#2000,#2001);
#2003=CIRCLE('',#2002,87.6);
#2004=EDGE_CURVE('',#1988,#1998,#2003,.T.);
#2005=ORIENTED_EDGE('',*,*,#2004,.T.);
#2006=CARTESIAN_POINT('',(253.735361401,144.815193232,34.4));
#2007=VERTEX_POINT('',#2006);
#2008=CARTESIAN_POINT('',(253.735361401,144.815193232,34.4));
#2009=DIRECTION('',(-0.,-0.,-1.));
#2010=VECTOR('',#2009,25.);
#2011=LINE('',#2008,#2010);
#2012=EDGE_CURVE('',#2007,#1998,#2011,.T.);
#2013=ORIENTED_EDGE('',*,*,#2012,.F.);
#2014=CARTESIAN_POINT('',(169.088997547,122.259637677,34.4));
#2015=DIRECTION('',(0.,0.,1.));
#2016=DIRECTION('',(0.707106781,0.707106781,-0.));
#2017=AXIS2_PLACEMENT_3D('',#2014,#2015,#2016);
#2018=CIRCLE('',#2017,87.6);
#2019=EDGE_CURVE('',#1990,#2007,#2018,.T.);
#2020=ORIENTED_EDGE('',*,*,#2019,.F.);
#2021=EDGE_LOOP('',(#1996,#2005,#2013,#2020));
#2022=FACE_BOUND('',#2021,.T.);
#2023=CARTESIAN_POINT('',(255.296797028,137.815193232,9.4));
#2024=VERTEX_POINT('',#2023);
#2025=CARTESIAN_POINT('',(255.296797028,137.815193232,34.4));
#2026=VERTEX_POINT('',#2025);
#2027=CARTESIAN_POINT('',(255.296797028,137.815193232,9.4));
#2028=DIRECTION('',(0.,0.,1.));
#2029=VECTOR('',#2028,25.);
#2030=LINE('',#2027,#2029);
#2031=EDGE_CURVE('',#2024,#2026,#2030,.T.);
#2032=ORIENTED_EDGE('',*,*,#2031,.F.);
#2033=CARTESIAN_POINT('',(254.911852715,139.815193232,9.4));
#2034=VERTEX_POINT('',#2033);
#2035=CARTESIAN_POINT('',(169.088997547,122.259637677,9.4));
#2036=DIRECTION('',(0.,0.,1.));
#2037=DIRECTION('',(0.707106781,0.707106781,-0.));
#2038=AXIS2_PLACEMENT_3D('',#2035,#2036,#2037);
#2039=CIRCLE('',#2038,87.6);
#2040=EDGE_CURVE('',#2024,#2034,#2039,.T.);
#2041=ORIENTED_EDGE('',*,*,#2040,.T.);
#2042=CARTESIAN_POINT('',(254.911852715,139.815193232,34.4));
#2043=VERTEX_POINT('',#2042);
#2044=CARTESIAN_POINT('',(254.911852715,139.815193232,34.4));
#2045=DIRECTION('',(-0.,-0.,-1.));
#2046=VECTOR('',#2045,25.);
#2047=LINE('',#2044,#2046);
#2048=EDGE_CURVE('',#2043,#2034,#2047,.T.);
#2049=ORIENTED_EDGE('',*,*,#2048,.F.);
#2050=CARTESIAN_POINT('',(169.088997547,122.259637677,34.4));
#2051=DIRECTION('',(0.,0.,1.));
#2052=DIRECTION('',(0.707106781,0.707106781,-0.));
#2053=AXIS2_PLACEMENT_3D('',#2050,#2051,#2052);
#2054=CIRCLE('',#2053,87.6);
#2055=EDGE_CURVE('',#2026,#2043,#2054,.T.);
#2056=ORIENTED_EDGE('',*,*,#2055,.F.);
#2057=EDGE_LOOP('',(#2032,#2041,#2049,#2056));
#2058=FACE_BOUND('',#2057,.T.);
#2059=CARTESIAN_POINT('',(256.050714681,132.815193232,9.4));
#2060=VERTEX_POINT('',#2059);
#2061=CARTESIAN_POINT('',(256.050714681,132.815193232,34.4));
#2062=VERTEX_POINT('',#2061);
#2063=CARTESIAN_POINT('',(256.050714681,132.815193232,9.4));
#2064=DIRECTION('',(0.,0.,1.));
#2065=VECTOR('',#2064,25.);
#2066=LINE('',#2063,#2065);
#2067=EDGE_CURVE('',#2060,#2062,#2066,.T.);
#2068=ORIENTED_EDGE('',*,*,#2067,.F.);
#2069=CARTESIAN_POINT('',(255.784545442,134.815193232,9.4));
#2070=VERTEX_POINT('',#2069);
#2071=CARTESIAN_POINT('',(169.088997547,122.259637677,9.4));
#2072=DIRECTION('',(0.,0.,1.));
#2073=DIRECTION('',(0.707106781,0.707106781,-0.));
#2074=AXIS2_PLACEMENT_3D('',#2071,#2072,#2073);
#2075=CIRCLE('',#2074,87.6);
#2076=EDGE_CURVE('',#2060,#2070,#2075,.T.);
#2077=ORIENTED_EDGE('',*,*,#2076,.T.);
#2078=CARTESIAN_POINT('',(255.784545442,134.815193232,34.4));
#2079=VERTEX_POINT('',#2078);
#2080=CARTESIAN_POINT('',(255.784545442,134.815193232,34.4));
#2081=DIRECTION('',(-0.,-0.,-1.));
#2082=VECTOR('',#2081,25.);
#2083=LINE('',#2080,#2082);
#2084=EDGE_CURVE('',#2079,#2070,#2083,.T.);
#2085=ORIENTED_EDGE('',*,*,#2084,.F.);
#2086=CARTESIAN_POINT('',(169.088997547,122.259637677,34.4));
#2087=DIRECTION('',(0.,0.,1.));
#2088=DIRECTION('',(0.707106781,0.707106781,-0.));
#2089=AXIS2_PLACEMENT_3D('',#2086,#2087,#2088);
#2090=CIRCLE('',#2089,87.6);
#2091=EDGE_CURVE('',#2062,#2079,#2090,.T.);
#2092=ORIENTED_EDGE('',*,*,#2091,.F.);
#2093=EDGE_LOOP('',(#2068,#2077,#2085,#2092));
#2094=FACE_BOUND('',#2093,.T.);
#2095=CARTESIAN_POINT('',(256.512654543,127.815193232,9.4));
#2096=VERTEX_POINT('',#2095);
#2097=CARTESIAN_POINT('',(256.512654543,127.815193232,34.4));
#2098=VERTEX_POINT('',#2097);
#2099=CARTESIAN_POINT('',(256.512654543,127.815193232,9.4));
#2100=DIRECTION('',(0.,0.,1.));
#2101=VECTOR('',#2100,25.);
#2102=LINE('',#2099,#2101);
#2103=EDGE_CURVE('',#2096,#2098,#2102,.T.);
#2104=ORIENTED_EDGE('',*,*,#2103,.F.);
#2105=CARTESIAN_POINT('',(256.362553566,129.815193232,9.4));
#2106=VERTEX_POINT('',#2105);
#2107=CARTESIAN_POINT('',(169.088997547,122.259637677,9.4));
#2108=DIRECTION('',(0.,0.,1.));
#2109=DIRECTION('',(0.707106781,0.707106781,-0.));
#2110=AXIS2_PLACEMENT_3D('',#2107,#2108,#2109);
#2111=CIRCLE('',#2110,87.6);
#2112=EDGE_CURVE('',#2096,#2106,#2111,.T.);
#2113=ORIENTED_EDGE('',*,*,#2112,.T.);
#2114=CARTESIAN_POINT('',(256.362553566,129.815193232,34.4));
#2115=VERTEX_POINT('',#2114);
#2116=CARTESIAN_POINT('',(256.362553566,129.815193232,34.4));
#2117=DIRECTION('',(-0.,-0.,-1.));
#2118=VECTOR('',#2117,25.);
#2119=LINE('',#2116,#2118);
#2120=EDGE_CURVE('',#2115,#2106,#2119,.T.);
#2121=ORIENTED_EDGE('',*,*,#2120,.F.);
#2122=CARTESIAN_POINT('',(169.088997547,122.259637677,34.4));
#2123=DIRECTION('',(0.,0.,1.));
#2124=DIRECTION('',(0.707106781,0.707106781,-0.));
#2125=AXIS2_PLACEMENT_3D('',#2122,#2123,#2124);
#2126=CIRCLE('',#2125,87.6);
#2127=EDGE_CURVE('',#2098,#2115,#2126,.T.);
#2128=ORIENTED_EDGE('',*,*,#2127,.F.);
#2129=EDGE_LOOP('',(#2104,#2113,#2121,#2128));
#2130=FACE_BOUND('',#2129,.T.);
#2131=CARTESIAN_POINT('',(256.687235874,122.815193232,9.4));
#2132=VERTEX_POINT('',#2131);
#2133=CARTESIAN_POINT('',(256.687235874,122.815193232,34.4));
#2134=VERTEX_POINT('',#2133);
#2135=CARTESIAN_POINT('',(256.687235874,122.815193232,9.4));
#2136=DIRECTION('',(0.,0.,1.));
#2137=VECTOR('',#2136,25.);
#2138=LINE('',#2135,#2137);
#2139=EDGE_CURVE('',#2132,#2134,#2138,.T.);
#2140=ORIENTED_EDGE('',*,*,#2139,.F.);
#2141=CARTESIAN_POINT('',(256.651712991,124.815193232,9.4));
#2142=VERTEX_POINT('',#2141);
#2143=CARTESIAN_POINT('',(169.088997547,122.259637677,9.4));
#2144=DIRECTION('',(0.,0.,1.));
#2145=DIRECTION('',(0.707106781,0.707106781,-0.));
#2146=AXIS2_PLACEMENT_3D('',#2143,#2144,#2145);
#2147=CIRCLE('',#2146,87.6);
#2148=EDGE_CURVE('',#2132,#2142,#2147,.T.);
#2149=ORIENTED_EDGE('',*,*,#2148,.T.);
#2150=CARTESIAN_POINT('',(256.651712991,124.815193232,34.4));
#2151=VERTEX_POINT('',#2150);
#2152=CARTESIAN_POINT('',(256.651712991,124.815193232,34.4));
#2153=DIRECTION('',(-0.,-0.,-1.));
#2154=VECTOR('',#2153,25.);
#2155=LINE('',#2152,#2154);
#2156=EDGE_CURVE('',#2151,#2142,#2155,.T.);
#2157=ORIENTED_EDGE('',*,*,#2156,.F.);
#2158=CARTESIAN_POINT('',(169.088997547,122.259637677,34.4));
#2159=DIRECTION('',(0.,0.,1.));
#2160=DIRECTION('',(0.707106781,0.707106781,-0.));
#2161=AXIS2_PLACEMENT_3D('',#2158,#2159,#2160);
#2162=CIRCLE('',#2161,87.6);
#2163=EDGE_CURVE('',#2134,#2151,#2162,.T.);
#2164=ORIENTED_EDGE('',*,*,#2163,.F.);
#2165=EDGE_LOOP('',(#2140,#2149,#2157,#2164));
#2166=FACE_BOUND('',#2165,.T.);
#2167=CARTESIAN_POINT('',(256.576178972,117.815193232,9.4));
#2168=VERTEX_POINT('',#2167);
#2169=CARTESIAN_POINT('',(256.576178972,117.815193232,34.4));
#2170=VERTEX_POINT('',#2169);
#2171=CARTESIAN_POINT('',(256.576178972,117.815193232,9.4));
#2172=DIRECTION('',(0.,0.,1.));
#2173=VECTOR('',#2172,25.);
#2174=LINE('',#2171,#2173);
#2175=EDGE_CURVE('',#2168,#2170,#2174,.T.);
#2176=ORIENTED_EDGE('',*,*,#2175,.F.);
#2177=CARTESIAN_POINT('',(256.654885262,119.815193232,9.4));
#2178=VERTEX_POINT('',#2177);
#2179=CARTESIAN_POINT('',(169.088997547,122.259637677,9.4));
#2180=DIRECTION('',(0.,0.,1.));
#2181=DIRECTION('',(0.707106781,0.707106781,-0.));
#2182=AXIS2_PLACEMENT_3D('',#2179,#2180,#2181);
#2183=CIRCLE('',#2182,87.6);
#2184=EDGE_CURVE('',#2168,#2178,#2183,.T.);
#2185=ORIENTED_EDGE('',*,*,#2184,.T.);
#2186=CARTESIAN_POINT('',(256.654885262,119.815193232,34.4));
#2187=VERTEX_POINT('',#2186);
#2188=CARTESIAN_POINT('',(256.654885262,119.815193232,34.4));
#2189=DIRECTION('',(-0.,-0.,-1.));
#2190=VECTOR('',#2189,25.);
#2191=LINE('',#2188,#2190);
#2192=EDGE_CURVE('',#2187,#2178,#2191,.T.);
#2193=ORIENTED_EDGE('',*,*,#2192,.F.);
#2194=CARTESIAN_POINT('',(169.088997547,122.259637677,34.4));
#2195=DIRECTION('',(0.,0.,1.));
#2196=DIRECTION('',(0.707106781,0.707106781,-0.));
#2197=AXIS2_PLACEMENT_3D('',#2194,#2195,#2196);
#2198=CIRCLE('',#2197,87.6);
#2199=EDGE_CURVE('',#2170,#2187,#2198,.T.);
#2200=ORIENTED_EDGE('',*,*,#2199,.F.);
#2201=EDGE_LOOP('',(#2176,#2185,#2193,#2200));
#2202=FACE_BOUND('',#2201,.T.);
#2203=CARTESIAN_POINT('',(256.178391099,112.815193232,9.4));
#2204=VERTEX_POINT('',#2203);
#2205=CARTESIAN_POINT('',(256.178391099,112.815193232,34.4));
#2206=VERTEX_POINT('',#2205);
#2207=CARTESIAN_POINT('',(256.178391099,112.815193232,9.4));
#2208=DIRECTION('',(0.,0.,1.));
#2209=VECTOR('',#2208,25.);
#2210=LINE('',#2207,#2209);
#2211=EDGE_CURVE('',#2204,#2206,#2210,.T.);
#2212=ORIENTED_EDGE('',*,*,#2211,.F.);
#2213=CARTESIAN_POINT('',(256.372101565,114.815193232,9.4));
#2214=VERTEX_POINT('',#2213);
#2215=CARTESIAN_POINT('',(169.088997547,122.259637677,9.4));
#2216=DIRECTION('',(0.,0.,1.));
#2217=DIRECTION('',(0.707106781,0.707106781,-0.));
#2218=AXIS2_PLACEMENT_3D('',#2215,#2216,#2217);
#2219=CIRCLE('',#2218,87.6);
#2220=EDGE_CURVE('',#2204,#2214,#2219,.T.);
#2221=ORIENTED_EDGE('',*,*,#2220,.T.);
#2222=CARTESIAN_POINT('',(256.372101565,114.815193232,34.4));
#2223=VERTEX_POINT('',#2222);
#2224=CARTESIAN_POINT('',(256.372101565,114.815193232,34.4));
#2225=DIRECTION('',(-0.,-0.,-1.));
#2226=VECTOR('',#2225,25.);
#2227=LINE('',#2224,#2226);
#2228=EDGE_CURVE('',#2223,#2214,#2227,.T.);
#2229=ORIENTED_EDGE('',*,*,#2228,.F.);
#2230=CARTESIAN_POINT('',(169.088997547,122.259637677,34.4));
#2231=DIRECTION('',(0.,0.,1.));
#2232=DIRECTION('',(0.707106781,0.707106781,-0.));
#2233=AXIS2_PLACEMENT_3D('',#2230,#2231,#2232);
#2234=CIRCLE('',#2233,87.6);
#2235=EDGE_CURVE('',#2206,#2223,#2234,.T.);
#2236=ORIENTED_EDGE('',*,*,#2235,.F.);
#2237=EDGE_LOOP('',(#2212,#2221,#2229,#2236));
#2238=FACE_BOUND('',#2237,.T.);
#2239=CARTESIAN_POINT('',(255.489912037,107.815193232,9.4));
#2240=VERTEX_POINT('',#2239);
#2241=CARTESIAN_POINT('',(255.489912037,107.815193232,34.4));
#2242=VERTEX_POINT('',#2241);
#2243=CARTESIAN_POINT('',(255.489912037,107.815193232,9.4));
#2244=DIRECTION('',(0.,0.,1.));
#2245=VECTOR('',#2244,25.);
#2246=LINE('',#2243,#2245);
#2247=EDGE_CURVE('',#2240,#2242,#2246,.T.);
#2248=ORIENTED_EDGE('',*,*,#2247,.F.);
#2249=CARTESIAN_POINT('',(255.800564264,109.815193232,9.4));
#2250=VERTEX_POINT('',#2249);
#2251=CARTESIAN_POINT('',(169.088997547,122.259637677,9.4));
#2252=DIRECTION('',(0.,0.,1.));
#2253=DIRECTION('',(0.707106781,0.707106781,-0.));
#2254=AXIS2_PLACEMENT_3D('',#2251,#2252,#2253);
#2255=CIRCLE('',#2254,87.6);
#2256=EDGE_CURVE('',#2240,#2250,#2255,.T.);
#2257=ORIENTED_EDGE('',*,*,#2256,.T.);
#2258=CARTESIAN_POINT('',(255.800564264,109.815193232,34.4));
#2259=VERTEX_POINT('',#2258);
#2260=CARTESIAN_POINT('',(255.800564264,109.815193232,34.4));
#2261=DIRECTION('',(-0.,-0.,-1.));
#2262=VECTOR('',#2261,25.);
#2263=LINE('',#2260,#2262);
#2264=EDGE_CURVE('',#2259,#2250,#2263,.T.);
#2265=ORIENTED_EDGE('',*,*,#2264,.F.);
#2266=CARTESIAN_POINT('',(169.088997547,122.259637677,34.4));
#2267=DIRECTION('',(0.,0.,1.));
#2268=DIRECTION('',(0.707106781,0.707106781,-0.));
#2269=AXIS2_PLACEMENT_3D('',#2266,#2267,#2268);
#2270=CIRCLE('',#2269,87.6);
#2271=EDGE_CURVE('',#2242,#2259,#2270,.T.);
#2272=ORIENTED_EDGE('',*,*,#2271,.F.);
#2273=EDGE_LOOP('',(#2248,#2257,#2265,#2272));
#2274=FACE_BOUND('',#2273,.T.);
#2275=CARTESIAN_POINT('',(254.503712791,102.815193232,9.4));
#2276=VERTEX_POINT('',#2275);
#2277=CARTESIAN_POINT('',(254.503712791,102.815193232,34.4));
#2278=VERTEX_POINT('',#2277);
#2279=CARTESIAN_POINT('',(254.503712791,102.815193232,9.4));
#2280=DIRECTION('',(0.,0.,1.));
#2281=VECTOR('',#2280,25.);
#2282=LINE('',#2279,#2281);
#2283=EDGE_CURVE('',#2276,#2278,#2282,.T.);
#2284=ORIENTED_EDGE('',*,*,#2283,.F.);
#2285=CARTESIAN_POINT('',(254.934506213,104.815193232,9.4));
#2286=VERTEX_POINT('',#2285);
#2287=CARTESIAN_POINT('',(169.088997547,122.259637677,9.4));
#2288=DIRECTION('',(0.,0.,1.));
#2289=DIRECTION('',(0.707106781,0.707106781,-0.));
#2290=AXIS2_PLACEMENT_3D('',#2287,#2288,#2289);
#2291=CIRCLE('',#2290,87.6);
#2292=EDGE_CURVE('',#2276,#2286,#2291,.T.);
#2293=ORIENTED_EDGE('',*,*,#2292,.T.);
#2294=CARTESIAN_POINT('',(254.934506213,104.815193232,34.4));
#2295=VERTEX_POINT('',#2294);
#2296=CARTESIAN_POINT('',(254.934506213,104.815193232,34.4));
#2297=DIRECTION('',(-0.,-0.,-1.));
#2298=VECTOR('',#2297,25.);
#2299=LINE('',#2296,#2298);
#2300=EDGE_CURVE('',#2295,#2286,#2299,.T.);
#2301=ORIENTED_EDGE('',*,*,#2300,.F.);
#2302=CARTESIAN_POINT('',(169.088997547,122.259637677,34.4));
#2303=DIRECTION('',(0.,0.,1.));
#2304=DIRECTION('',(0.707106781,0.707106781,-0.));
#2305=AXIS2_PLACEMENT_3D('',#2302,#2303,#2304);
#2306=CIRCLE('',#2305,87.6);
#2307=EDGE_CURVE('',#2278,#2295,#2306,.T.);
#2308=ORIENTED_EDGE('',*,*,#2307,.F.);
#2309=EDGE_LOOP('',(#2284,#2293,#2301,#2308));
#2310=FACE_BOUND('',#2309,.T.);
#2311=CARTESIAN_POINT('',(253.20932289,97.815193232,9.4));
#2312=VERTEX_POINT('',#2311);
#2313=CARTESIAN_POINT('',(253.20932289,97.815193232,34.4));
#2314=VERTEX_POINT('',#2313);
#2315=CARTESIAN_POINT('',(253.20932289,97.815193232,9.4));
#2316=DIRECTION('',(0.,0.,1.));
#2317=VECTOR('',#2316,25.);
#2318=LINE('',#2315,#2317);
#2319=EDGE_CURVE('',#2312,#2314,#2318,.T.);
#2320=ORIENTED_EDGE('',*,*,#2319,.F.);
#2321=CARTESIAN_POINT('',(253.764890891,99.815193232,9.4));
#2322=VERTEX_POINT('',#2321);
#2323=CARTESIAN_POINT('',(169.088997547,122.259637677,9.4));
#2324=DIRECTION('',(0.,0.,1.));
#2325=DIRECTION('',(0.707106781,0.707106781,-0.));
#2326=AXIS2_PLACEMENT_3D('',#2323,#2324,#2325);
#2327=CIRCLE('',#2326,87.6);
#2328=EDGE_CURVE('',#2312,#2322,#2327,.T.);
#2329=ORIENTED_EDGE('',*,*,#2328,.T.);
#2330=CARTESIAN_POINT('',(253.764890891,99.815193232,34.4));
#2331=VERTEX_POINT('',#2330);
#2332=CARTESIAN_POINT('',(253.764890891,99.815193232,34.4));
#2333=DIRECTION('',(-0.,-0.,-1.));
#2334=VECTOR('',#2333,25.);
#2335=LINE('',#2332,#2334);
#2336=EDGE_CURVE('',#2331,#2322,#2335,.T.);
#2337=ORIENTED_EDGE('',*,*,#2336,.F.);
#2338=CARTESIAN_POINT('',(169.088997547,122.259637677,34.4));
#2339=DIRECTION('',(0.,0.,1.));
#2340=DIRECTION('',(0.707106781,0.707106781,-0.));
#2341=AXIS2_PLACEMENT_3D('',#2338,#2339,#2340);
#2342=CIRCLE('',#2341,87.6);
#2343=EDGE_CURVE('',#2314,#2331,#2342,.T.);
#2344=ORIENTED_EDGE('',*,*,#2343,.F.);
#2345=EDGE_LOOP('',(#2320,#2329,#2337,#2344));
#2346=FACE_BOUND('',#2345,.T.);
#2347=CARTESIAN_POINT('',(251.170664197,152.859637677,4.4));
#2348=VERTEX_POINT('',#2347);
#2349=CARTESIAN_POINT('',(251.170664197,91.659637677,4.4));
#2350=VERTEX_POINT('',#2349);
#2351=CARTESIAN_POINT('',(169.088997547,122.259637677,4.4));
#2352=DIRECTION('',(-0.,-0.,-1.));
#2353=DIRECTION('',(0.707106781,0.707106781,-0.));
#2354=AXIS2_PLACEMENT_3D('',#2351,#2352,#2353);
#2355=CIRCLE('',#2354,87.6);
#2356=EDGE_CURVE('',#2348,#2350,#2355,.T.);
#2357=ORIENTED_EDGE('',*,*,#2356,.T.);
#2358=CARTESIAN_POINT('',(251.170664197,91.659637677,39.4));
#2359=VERTEX_POINT('',#2358);
#2360=CARTESIAN_POINT('',(251.170664197,91.659637677,39.4));
#2361=DIRECTION('',(-0.,-0.,-1.));
#2362=VECTOR('',#2361,35.);
#2363=LINE('',#2360,#2362);
#2364=EDGE_CURVE('',#2359,#2350,#2363,.T.);
#2365=ORIENTED_EDGE('',*,*,#2364,.F.);
#2366=CARTESIAN_POINT('',(251.170664197,152.859637677,39.4));
#2367=VERTEX_POINT('',#2366);
#2368=CARTESIAN_POINT('',(169.088997547,122.259637677,39.4));
#2369=DIRECTION('',(-0.,-0.,-1.));
#2370=DIRECTION('',(0.707106781,0.707106781,-0.));
#2371=AXIS2_PLACEMENT_3D('',#2368,#2369,#2370);
#2372=CIRCLE('',#2371,87.6);
#2373=EDGE_CURVE('',#2367,#2359,#2372,.T.);
#2374=ORIENTED_EDGE('',*,*,#2373,.F.);
#2375=CARTESIAN_POINT('',(251.170664197,152.859637677,39.4));
#2376=DIRECTION('',(-0.,-0.,-1.));
#2377=VECTOR('',#2376,35.);
#2378=LINE('',#2375,#2377);
#2379=EDGE_CURVE('',#2367,#2348,#2378,.T.);
#2380=ORIENTED_EDGE('',*,*,#2379,.T.);
#2381=EDGE_LOOP('',(#2357,#2365,#2374,#2380));
#2382=FACE_BOUND('',#2381,.T.);
#2383=ADVANCED_FACE('',(#2022,#2058,#2094,#2130,#2166,#2202,#2238,#2274,#2310,#2346,#2382),#1986,.F.);
#2384=CARTESIAN_POINT('',(251.170664197,91.659637677,39.4));
#2385=DIRECTION('',(-0.,-1.,0.));
#2386=DIRECTION('',(1.,-0.,-0.));
#2387=AXIS2_PLACEMENT_3D('',#2384,#2385,#2386);
#2388=PLANE('',#2387);
#2389=CARTESIAN_POINT('',(222.435923839,91.659637677,4.4));
#2390=VERTEX_POINT('',#2389);
#2391=CARTESIAN_POINT('',(251.170664197,91.659637677,4.4));
#2392=DIRECTION('',(-1.,0.,0.));
#2393=VECTOR('',#2392,28.734740358);
#2394=LINE('',#2391,#2393);
#2395=EDGE_CURVE('',#2350,#2390,#2394,.T.);
#2396=ORIENTED_EDGE('',*,*,#2395,.T.);
#2397=CARTESIAN_POINT('',(222.435923839,91.659637677,39.4));
#2398=VERTEX_POINT('',#2397);
#2399=CARTESIAN_POINT('',(222.435923839,91.659637677,39.4));
#2400=DIRECTION('',(-0.,-0.,-1.));
#2401=VECTOR('',#2400,35.);
#2402=LINE('',#2399,#2401);
#2403=EDGE_CURVE('',#2398,#2390,#2402,.T.);
#2404=ORIENTED_EDGE('',*,*,#2403,.F.);
#2405=CARTESIAN_POINT('',(251.170664197,91.659637677,39.4));
#2406=DIRECTION('',(-1.,0.,0.));
#2407=VECTOR('',#2406,28.734740358);
#2408=LINE('',#2405,#2407);
#2409=EDGE_CURVE('',#2359,#2398,#2408,.T.);
#2410=ORIENTED_EDGE('',*,*,#2409,.F.);
#2411=ORIENTED_EDGE('',*,*,#2364,.T.);
#2412=EDGE_LOOP('',(#2396,#2404,#2410,#2411));
#2413=FACE_BOUND('',#2412,.T.);
#2414=ADVANCED_FACE('',(#2413),#2388,.F.);
#2415=CARTESIAN_POINT('',(222.435923839,91.659637677,39.4));
#2416=DIRECTION('',(-1.,0.,0.));
#2417=DIRECTION('',(-0.,-1.,0.));
#2418=AXIS2_PLACEMENT_3D('',#2415,#2416,#2417);
#2419=PLANE('',#2418);
#2420=CARTESIAN_POINT('',(222.435923839,147.359637677,39.4));
#2421=VERTEX_POINT('',#2420);
#2422=CARTESIAN_POINT('',(222.435923839,152.859637677,39.4));
#2423=VERTEX_POINT('',#2422);
#2424=CARTESIAN_POINT('',(222.435923839,147.359637677,39.4));
#2425=DIRECTION('',(-0.,1.,-0.));
#2426=VECTOR('',#2425,5.5);
#2427=LINE('',#2424,#2426);
#2428=EDGE_CURVE('',#2421,#2423,#2427,.T.);
#2429=ORIENTED_EDGE('',*,*,#2428,.F.);
#2430=CARTESIAN_POINT('',(222.435923839,147.359637677,23.4));
#2431=VERTEX_POINT('',#2430);
#2432=CARTESIAN_POINT('',(222.435923839,147.359637677,39.4));
#2433=DIRECTION('',(-0.,-0.,-1.));
#2434=VECTOR('',#2433,16.);
#2435=LINE('',#2432,#2434);
#2436=EDGE_CURVE('',#2421,#2431,#2435,.T.);
#2437=ORIENTED_EDGE('',*,*,#2436,.T.);
#2438=CARTESIAN_POINT('',(222.435923839,97.159637677,23.4));
#2439=VERTEX_POINT('',#2438);
#2440=CARTESIAN_POINT('',(222.435923839,147.359637677,23.4));
#2441=DIRECTION('',(-0.,-1.,0.));
#2442=VECTOR('',#2441,50.2);
#2443=LINE('',#2440,#2442);
#2444=EDGE_CURVE('',#2431,#2439,#2443,.T.);
#2445=ORIENTED_EDGE('',*,*,#2444,.T.);
#2446=CARTESIAN_POINT('',(222.435923839,97.159637677,39.4));
#2447=VERTEX_POINT('',#2446);
#2448=CARTESIAN_POINT('',(222.435923839,97.159637677,39.4));
#2449=DIRECTION('',(-0.,-0.,-1.));
#2450=VECTOR('',#2449,16.);
#2451=LINE('',#2448,#2450);
#2452=EDGE_CURVE('',#2447,#2439,#2451,.T.);
#2453=ORIENTED_EDGE('',*,*,#2452,.F.);
#2454=CARTESIAN_POINT('',(222.435923839,91.659637677,39.4));
#2455=DIRECTION('',(-0.,1.,-0.));
#2456=VECTOR('',#2455,5.5);
#2457=LINE('',#2454,#2456);
#2458=EDGE_CURVE('',#2398,#2447,#2457,.T.);
#2459=ORIENTED_EDGE('',*,*,#2458,.F.);
#2460=ORIENTED_EDGE('',*,*,#2403,.T.);
#2461=CARTESIAN_POINT('',(222.435923839,152.859637677,4.4));
#2462=VERTEX_POINT('',#2461);
#2463=CARTESIAN_POINT('',(222.435923839,91.659637677,4.4));
#2464=DIRECTION('',(0.,1.,-0.));
#2465=VECTOR('',#2464,61.2);
#2466=LINE('',#2463,#2465);
#2467=EDGE_CURVE('',#2390,#2462,#2466,.T.);
#2468=ORIENTED_EDGE('',*,*,#2467,.T.);
#2469=CARTESIAN_POINT('',(222.435923839,152.859637677,39.4));
#2470=DIRECTION('',(-0.,-0.,-1.));
#2471=VECTOR('',#2470,35.);
#2472=LINE('',#2469,#2471);
#2473=EDGE_CURVE('',#2423,#2462,#2472,.T.);
#2474=ORIENTED_EDGE('',*,*,#2473,.F.);
#2475=EDGE_LOOP('',(#2429,#2437,#2445,#2453,#2459,#2460,#2468,#2474));
#2476=FACE_BOUND('',#2475,.T.);
#2477=ADVANCED_FACE('',(#2476),#2419,.F.);
#2478=CARTESIAN_POINT('',(222.435923839,152.859637677,39.4));
#2479=DIRECTION('',(0.,1.,-0.));
#2480=DIRECTION('',(-1.,0.,0.));
#2481=AXIS2_PLACEMENT_3D('',#2478,#2479,#2480);
#2482=PLANE('',#2481);
#2483=CARTESIAN_POINT('',(222.435923839,152.859637677,4.4));
#2484=DIRECTION('',(1.,-0.,-0.));
#2485=VECTOR('',#2484,28.734740358);
#2486=LINE('',#2483,#2485);
#2487=EDGE_CURVE('',#2462,#2348,#2486,.T.);
#2488=ORIENTED_EDGE('',*,*,#2487,.T.);
#2489=ORIENTED_EDGE('',*,*,#2379,.F.);
#2490=CARTESIAN_POINT('',(222.435923839,152.859637677,39.4));
#2491=DIRECTION('',(1.,0.,-0.));
#2492=VECTOR('',#2491,28.734740358);
#2493=LINE('',#2490,#2492);
#2494=EDGE_CURVE('',#2423,#2367,#2493,.T.);
#2495=ORIENTED_EDGE('',*,*,#2494,.F.);
#2496=ORIENTED_EDGE('',*,*,#2473,.T.);
#2497=EDGE_LOOP('',(#2488,#2489,#2495,#2496));
#2498=FACE_BOUND('',#2497,.T.);
#2499=ADVANCED_FACE('',(#2498),#2482,.F.);
#2500=CARTESIAN_POINT('',(220.035923839,155.259637677,39.4));
#2501=DIRECTION('',(1.,-0.,-0.));
#2502=DIRECTION('',(0.,1.,-0.));
#2503=AXIS2_PLACEMENT_3D('',#2500,#2501,#2502);
#2504=PLANE('',#2503);
#2505=CARTESIAN_POINT('',(220.035923839,147.359637677,23.4));
#2506=VERTEX_POINT('',#2505);
#2507=CARTESIAN_POINT('',(220.035923839,97.159637677,23.4));
#2508=VERTEX_POINT('',#2507);
#2509=CARTESIAN_POINT('',(220.035923839,147.359637677,23.4));
#2510=DIRECTION('',(-0.,-1.,0.));
#2511=VECTOR('',#2510,50.2);
#2512=LINE('',#2509,#2511);
#2513=EDGE_CURVE('',#2506,#2508,#2512,.T.);
#2514=ORIENTED_EDGE('',*,*,#2513,.F.);
#2515=CARTESIAN_POINT('',(220.035923839,147.359637677,39.4));
#2516=VERTEX_POINT('',#2515);
#2517=CARTESIAN_POINT('',(220.035923839,147.359637677,23.4));
#2518=DIRECTION('',(0.,0.,1.));
#2519=VECTOR('',#2518,16.);
#2520=LINE('',#2517,#2519);
#2521=EDGE_CURVE('',#2506,#2516,#2520,.T.);
#2522=ORIENTED_EDGE('',*,*,#2521,.T.);
#2523=CARTESIAN_POINT('',(220.035923839,155.259637677,39.4));
#2524=DIRECTION('',(0.,-1.,0.));
#2525=VECTOR('',#2524,7.9);
#2526=LINE('',#2523,#2525);
#2527=EDGE_CURVE('',#1919,#2516,#2526,.T.);
#2528=ORIENTED_EDGE('',*,*,#2527,.F.);
#2529=ORIENTED_EDGE('',*,*,#1946,.T.);
#2530=CARTESIAN_POINT('',(220.035923839,155.259637677,4.4));
#2531=DIRECTION('',(-0.,-1.,0.));
#2532=VECTOR('',#2531,66.);
#2533=LINE('',#2530,#2532);
#2534=EDGE_CURVE('',#1935,#1957,#2533,.T.);
#2535=ORIENTED_EDGE('',*,*,#2534,.T.);
#2536=ORIENTED_EDGE('',*,*,#1977,.F.);
#2537=CARTESIAN_POINT('',(220.035923839,97.159637677,39.4));
#2538=VERTEX_POINT('',#2537);
#2539=CARTESIAN_POINT('',(220.035923839,97.159637677,39.4));
#2540=DIRECTION('',(0.,-1.,0.));
#2541=VECTOR('',#2540,7.9);
#2542=LINE('',#2539,#2541);
#2543=EDGE_CURVE('',#2538,#1966,#2542,.T.);
#2544=ORIENTED_EDGE('',*,*,#2543,.F.);
#2545=CARTESIAN_POINT('',(220.035923839,97.159637677,23.4));
#2546=DIRECTION('',(0.,0.,1.));
#2547=VECTOR('',#2546,16.);
#2548=LINE('',#2545,#2547);
#2549=EDGE_CURVE('',#2508,#2538,#2548,.T.);
#2550=ORIENTED_EDGE('',*,*,#2549,.F.);
#2551=EDGE_LOOP('',(#2514,#2522,#2528,#2529,#2535,#2536,#2544,#2550));
#2552=FACE_BOUND('',#2551,.T.);
#2553=ADVANCED_FACE('',(#2552),#2504,.F.);
#2554=CARTESIAN_POINT('',(138.488997547,60.228649344,4.4));
#2555=DIRECTION('',(-1.,-0.,0.));
#2556=DIRECTION('',(-0.,1.,-0.));
#2557=AXIS2_PLACEMENT_3D('',#2554,#2555,#2556);
#2558=PLANE('',#2557);
#2559=ORIENTED_EDGE('',*,*,#1183,.T.);
#2560=CARTESIAN_POINT('',(138.488997547,39.436633551,4.4));
#2561=VERTEX_POINT('',#2560);
#2562=CARTESIAN_POINT('',(138.488997547,39.436633551,4.4));
#2563=DIRECTION('',(0.,0.,1.));
#2564=VECTOR('',#2563,35.);
#2565=LINE('',#2562,#2564);
#2566=EDGE_CURVE('',#2561,#1170,#2565,.T.);
#2567=ORIENTED_EDGE('',*,*,#2566,.F.);
#2568=CARTESIAN_POINT('',(138.488997547,60.228649343,4.4));
#2569=VERTEX_POINT('',#2568);
#2570=CARTESIAN_POINT('',(138.488997547,60.228649343,4.4));
#2571=DIRECTION('',(0.,-1.,0.));
#2572=VECTOR('',#2571,20.792015792);
#2573=LINE('',#2570,#2572);
#2574=EDGE_CURVE('',#2569,#2561,#2573,.T.);
#2575=ORIENTED_EDGE('',*,*,#2574,.F.);
#2576=CARTESIAN_POINT('',(138.488997547,60.228649344,4.4));
#2577=DIRECTION('',(0.,0.,1.));
#2578=VECTOR('',#2577,35.);
#2579=LINE('',#2576,#2578);
#2580=EDGE_CURVE('',#2569,#1178,#2579,.T.);
#2581=ORIENTED_EDGE('',*,*,#2580,.T.);
#2582=EDGE_LOOP('',(#2559,#2567,#2575,#2581));
#2583=FACE_BOUND('',#2582,.T.);
#2584=ADVANCED_FACE('',(#2583),#2558,.F.);
#2585=CARTESIAN_POINT('',(130.263273854,45.054113277,4.4));
#2586=DIRECTION('',(0.612565759,-0.79041963,0.));
#2587=DIRECTION('',(-0.79041963,-0.612565759,0.));
#2588=AXIS2_PLACEMENT_3D('',#2585,#2586,#2587);
#2589=PLANE('',#2588);
#2590=CARTESIAN_POINT('',(130.263273854,45.054113277,4.4));
#2591=VERTEX_POINT('',#2590);
#2592=CARTESIAN_POINT('',(132.555490781,46.830553977,4.4));
#2593=VERTEX_POINT('',#2592);
#2594=CARTESIAN_POINT('',(130.263273854,45.054113277,4.4));
#2595=DIRECTION('',(0.79041963,0.612565759,-0.));
#2596=VECTOR('',#2595,2.9);
#2597=LINE('',#2594,#2596);
#2598=EDGE_CURVE('',#2591,#2593,#2597,.T.);
#2599=ORIENTED_EDGE('',*,*,#2598,.T.);
#2600=CARTESIAN_POINT('',(132.555490781,46.830553977,4.4));
#2601=DIRECTION('',(0.,0.,1.));
#2602=VECTOR('',#2601,35.);
#2603=LINE('',#2600,#2602);
#2604=EDGE_CURVE('',#2593,#1087,#2603,.T.);
#2605=ORIENTED_EDGE('',*,*,#2604,.T.);
#2606=ORIENTED_EDGE('',*,*,#1092,.F.);
#2607=CARTESIAN_POINT('',(130.263273854,45.054113277,4.4));
#2608=DIRECTION('',(0.,0.,1.));
#2609=VECTOR('',#2608,35.);
#2610=LINE('',#2607,#2609);
#2611=EDGE_CURVE('',#2591,#1085,#2610,.T.);
#2612=ORIENTED_EDGE('',*,*,#2611,.F.);
#2613=EDGE_LOOP('',(#2599,#2605,#2606,#2612));
#2614=FACE_BOUND('',#2613,.T.);
#2615=ADVANCED_FACE('',(#2614),#2589,.T.);
#2616=CARTESIAN_POINT('',(135.632376329,42.860317798,4.4));
#2617=DIRECTION('',(-0.612565759,0.79041963,-0.));
#2618=DIRECTION('',(0.79041963,0.612565759,-0.));
#2619=AXIS2_PLACEMENT_3D('',#2616,#2617,#2618);
#2620=PLANE('',#2619);
#2621=ORIENTED_EDGE('',*,*,#1116,.F.);
#2622=CARTESIAN_POINT('',(135.632376329,42.860317798,4.4));
#2623=VERTEX_POINT('',#2622);
#2624=CARTESIAN_POINT('',(135.632376329,42.860317798,4.4));
#2625=DIRECTION('',(0.,0.,1.));
#2626=VECTOR('',#2625,35.);
#2627=LINE('',#2624,#2626);
#2628=EDGE_CURVE('',#2623,#1103,#2627,.T.);
#2629=ORIENTED_EDGE('',*,*,#2628,.F.);
#2630=CARTESIAN_POINT('',(133.340159402,41.083877098,4.4));
#2631=VERTEX_POINT('',#2630);
#2632=CARTESIAN_POINT('',(135.632376329,42.860317798,4.4));
#2633=DIRECTION('',(-0.79041963,-0.612565759,0.));
#2634=VECTOR('',#2633,2.9);
#2635=LINE('',#2632,#2634);
#2636=EDGE_CURVE('',#2623,#2631,#2635,.T.);
#2637=ORIENTED_EDGE('',*,*,#2636,.T.);
#2638=CARTESIAN_POINT('',(133.340159402,41.083877098,4.4));
#2639=DIRECTION('',(0.,0.,1.));
#2640=VECTOR('',#2639,35.);
#2641=LINE('',#2638,#2640);
#2642=EDGE_CURVE('',#2631,#1111,#2641,.T.);
#2643=ORIENTED_EDGE('',*,*,#2642,.T.);
#2644=EDGE_LOOP('',(#2621,#2629,#2637,#2643));
#2645=FACE_BOUND('',#2644,.T.);
#2646=ADVANCED_FACE('',(#2645),#2620,.T.);
#2647=CARTESIAN_POINT('',(130.655608165,42.180774838,4.4));
#2648=DIRECTION('',(0.990806358,0.135287693,-0.));
#2649=DIRECTION('',(0.135287693,-0.990806358,0.));
#2650=AXIS2_PLACEMENT_3D('',#2647,#2648,#2649);
#2651=PLANE('',#2650);
#2652=ORIENTED_EDGE('',*,*,#1130,.F.);
#2653=CARTESIAN_POINT('',(130.655608165,42.180774838,4.4));
#2654=VERTEX_POINT('',#2653);
#2655=CARTESIAN_POINT('',(130.655608165,42.180774838,4.4));
#2656=DIRECTION('',(0.,0.,1.));
#2657=VECTOR('',#2656,35.);
#2658=LINE('',#2655,#2657);
#2659=EDGE_CURVE('',#2654,#1119,#2658,.T.);
#2660=ORIENTED_EDGE('',*,*,#2659,.F.);
#2661=CARTESIAN_POINT('',(130.655608165,42.180774838,4.4));
#2662=DIRECTION('',(-0.135287693,0.990806358,-0.));
#2663=VECTOR('',#2662,2.9);
#2664=LINE('',#2661,#2663);
#2665=EDGE_CURVE('',#2654,#2591,#2664,.T.);
#2666=ORIENTED_EDGE('',*,*,#2665,.T.);
#2667=ORIENTED_EDGE('',*,*,#2611,.T.);
#2668=EDGE_LOOP('',(#2652,#2660,#2666,#2667));
#2669=FACE_BOUND('',#2668,.T.);
#2670=ADVANCED_FACE('',(#2669),#2651,.T.);
#2671=CARTESIAN_POINT('',(133.340159402,41.083877098,4.4));
#2672=DIRECTION('',(0.3782406,0.925707323,-0.));
#2673=DIRECTION('',(0.925707323,-0.3782406,-0.));
#2674=AXIS2_PLACEMENT_3D('',#2671,#2672,#2673);
#2675=PLANE('',#2674);
#2676=ORIENTED_EDGE('',*,*,#1124,.F.);
#2677=ORIENTED_EDGE('',*,*,#2642,.F.);
#2678=CARTESIAN_POINT('',(133.340159402,41.083877098,4.4));
#2679=DIRECTION('',(-0.925707323,0.3782406,0.));
#2680=VECTOR('',#2679,2.9);
#2681=LINE('',#2678,#2680);
#2682=EDGE_CURVE('',#2631,#2654,#2681,.T.);
#2683=ORIENTED_EDGE('',*,*,#2682,.T.);
#2684=ORIENTED_EDGE('',*,*,#2659,.T.);
#2685=EDGE_LOOP('',(#2676,#2677,#2683,#2684));
#2686=FACE_BOUND('',#2685,.T.);
#2687=ADVANCED_FACE('',(#2686),#2675,.T.);
#2688=CARTESIAN_POINT('',(169.088997548,122.259637678,2.));
#2689=DIRECTION('',(0.,0.,1.));
#2690=DIRECTION('',(-0.707106781,-0.707106781,0.));
#2691=AXIS2_PLACEMENT_3D('',#2688,#2689,#2690);
#2692=PLANE('',#2691);
#2693=ORIENTED_EDGE('',*,*,#884,.T.);
#2694=ORIENTED_EDGE('',*,*,#891,.T.);
#2695=EDGE_LOOP('',(#2693,#2694));
#2696=FACE_BOUND('',#2695,.T.);
#2697=CARTESIAN_POINT('',(127.687784064,42.911105731,2.));
#2698=VERTEX_POINT('',#2697);
#2699=CARTESIAN_POINT('',(136.940602646,38.732811416,2.));
#2700=VERTEX_POINT('',#2699);
#2701=CARTESIAN_POINT('',(169.088997548,122.259637678,2.));
#2702=DIRECTION('',(0.,0.,1.));
#2703=DIRECTION('',(0.707106781,0.707106781,-0.));
#2704=AXIS2_PLACEMENT_3D('',#2701,#2702,#2703);
#2705=CIRCLE('',#2704,89.500000001);
#2706=EDGE_CURVE('',#2698,#2700,#2705,.T.);
#2707=ORIENTED_EDGE('',*,*,#2706,.F.);
#2708=CARTESIAN_POINT('',(127.150367455,43.797681507,2.));
#2709=VERTEX_POINT('',#2708);
#2710=CARTESIAN_POINT('',(128.150367455,43.797681507,2.));
#2711=DIRECTION('',(-0.,-0.,-1.));
#2712=DIRECTION('',(1.,0.,-0.));
#2713=AXIS2_PLACEMENT_3D('',#2710,#2711,#2712);
#2714=CIRCLE('',#2713,1.);
#2715=EDGE_CURVE('',#2698,#2709,#2714,.T.);
#2716=ORIENTED_EDGE('',*,*,#2715,.T.);
#2717=CARTESIAN_POINT('',(127.443260674,44.504788288,2.));
#2718=VERTEX_POINT('',#2717);
#2719=CARTESIAN_POINT('',(128.150367455,43.797681507,2.));
#2720=DIRECTION('',(-0.,-0.,-1.));
#2721=DIRECTION('',(1.,0.,-0.));
#2722=AXIS2_PLACEMENT_3D('',#2719,#2720,#2721);
#2723=CIRCLE('',#2722,1.);
#2724=EDGE_CURVE('',#2709,#2718,#2723,.T.);
#2725=ORIENTED_EDGE('',*,*,#2724,.T.);
#2726=CARTESIAN_POINT('',(127.443260674,44.504788288,2.));
#2727=DIRECTION('',(0.707106781,0.707106781,-0.));
#2728=VECTOR('',#2727,12.226918343);
#2729=LINE('',#2726,#2728);
#2730=EDGE_CURVE('',#2718,#492,#2729,.T.);
#2731=ORIENTED_EDGE('',*,*,#2730,.T.);
#2732=ORIENTED_EDGE('',*,*,#497,.F.);
#2733=CARTESIAN_POINT('',(105.215368528,89.259637677,2.));
#2734=VERTEX_POINT('',#2733);
#2735=CARTESIAN_POINT('',(136.088997547,58.386008658,2.));
#2736=DIRECTION('',(-0.707106781,0.707106781,-0.));
#2737=VECTOR('',#2736,43.661904879);
#2738=LINE('',#2735,#2737);
#2739=EDGE_CURVE('',#490,#2734,#2738,.T.);
#2740=ORIENTED_EDGE('',*,*,#2739,.T.);
#2741=CARTESIAN_POINT('',(98.565671469,89.259637677,2.));
#2742=VERTEX_POINT('',#2741);
#2743=CARTESIAN_POINT('',(98.565671469,89.259637677,2.));
#2744=DIRECTION('',(1.,-0.,-0.));
#2745=VECTOR('',#2744,6.649697059);
#2746=LINE('',#2743,#2745);
#2747=EDGE_CURVE('',#2742,#2734,#2746,.T.);
#2748=ORIENTED_EDGE('',*,*,#2747,.F.);
#2749=CARTESIAN_POINT('',(90.85387823,81.547844438,2.));
#2750=VERTEX_POINT('',#2749);
#2751=CARTESIAN_POINT('',(90.85387823,81.547844438,2.));
#2752=DIRECTION('',(0.707106781,0.707106781,-0.));
#2753=VECTOR('',#2752,10.906122588);
#2754=LINE('',#2751,#2753);
#2755=EDGE_CURVE('',#2750,#2742,#2754,.T.);
#2756=ORIENTED_EDGE('',*,*,#2755,.F.);
#2757=CARTESIAN_POINT('',(89.254768894,81.802920864,2.));
#2758=VERTEX_POINT('',#2757);
#2759=CARTESIAN_POINT('',(90.146771449,82.25495122,2.));
#2760=DIRECTION('',(-0.,-0.,-1.));
#2761=DIRECTION('',(1.,0.,-0.));
#2762=AXIS2_PLACEMENT_3D('',#2759,#2760,#2761);
#2763=CIRCLE('',#2762,1.);
#2764=EDGE_CURVE('',#2750,#2758,#2763,.T.);
#2765=ORIENTED_EDGE('',*,*,#2764,.T.);
#2766=CARTESIAN_POINT('',(89.254768894,162.71635449,2.));
#2767=VERTEX_POINT('',#2766);
#2768=CARTESIAN_POINT('',(169.088997548,122.259637678,2.));
#2769=DIRECTION('',(0.,0.,1.));
#2770=DIRECTION('',(0.707106781,0.707106781,-0.));
#2771=AXIS2_PLACEMENT_3D('',#2768,#2769,#2770);
#2772=CIRCLE('',#2771,89.5);
#2773=EDGE_CURVE('',#2767,#2758,#2772,.T.);
#2774=ORIENTED_EDGE('',*,*,#2773,.F.);
#2775=CARTESIAN_POINT('',(90.85387823,162.971430916,2.));
#2776=VERTEX_POINT('',#2775);
#2777=CARTESIAN_POINT('',(90.146771449,162.264324135,2.));
#2778=DIRECTION('',(-0.,-0.,-1.));
#2779=DIRECTION('',(1.,0.,-0.));
#2780=AXIS2_PLACEMENT_3D('',#2777,#2778,#2779);
#2781=CIRCLE('',#2780,1.);
#2782=EDGE_CURVE('',#2767,#2776,#2781,.T.);
#2783=ORIENTED_EDGE('',*,*,#2782,.T.);
#2784=CARTESIAN_POINT('',(98.565671469,155.259637677,2.));
#2785=VERTEX_POINT('',#2784);
#2786=CARTESIAN_POINT('',(98.565671469,155.259637677,2.));
#2787=DIRECTION('',(-0.707106781,0.707106781,-0.));
#2788=VECTOR('',#2787,10.906122589);
#2789=LINE('',#2786,#2788);
#2790=EDGE_CURVE('',#2785,#2776,#2789,.T.);
#2791=ORIENTED_EDGE('',*,*,#2790,.F.);
#2792=CARTESIAN_POINT('',(105.215368525,155.259637677,2.));
#2793=VERTEX_POINT('',#2792);
#2794=CARTESIAN_POINT('',(105.215368525,155.259637677,2.));
#2795=DIRECTION('',(-1.,0.,0.));
#2796=VECTOR('',#2795,6.649697056);
#2797=LINE('',#2794,#2796);
#2798=EDGE_CURVE('',#2793,#2785,#2797,.T.);
#2799=ORIENTED_EDGE('',*,*,#2798,.F.);
#2800=CARTESIAN_POINT('',(136.088997547,186.133266699,2.));
#2801=VERTEX_POINT('',#2800);
#2802=CARTESIAN_POINT('',(105.215368525,155.259637677,2.));
#2803=DIRECTION('',(0.707106781,0.707106781,-0.));
#2804=VECTOR('',#2803,43.661904883);
#2805=LINE('',#2802,#2804);
#2806=EDGE_CURVE('',#2793,#2801,#2805,.T.);
#2807=ORIENTED_EDGE('',*,*,#2806,.T.);
#2808=CARTESIAN_POINT('',(136.088997547,192.782963756,2.));
#2809=VERTEX_POINT('',#2808);
#2810=CARTESIAN_POINT('',(136.088997547,192.782963756,2.));
#2811=DIRECTION('',(-0.,-1.,0.));
#2812=VECTOR('',#2811,6.649697058);
#2813=LINE('',#2810,#2812);
#2814=EDGE_CURVE('',#2809,#2801,#2813,.T.);
#2815=ORIENTED_EDGE('',*,*,#2814,.F.);
#2816=CARTESIAN_POINT('',(128.377204309,200.494756995,2.));
#2817=VERTEX_POINT('',#2816);
#2818=CARTESIAN_POINT('',(128.377204309,200.494756995,2.));
#2819=DIRECTION('',(0.707106781,-0.707106781,0.));
#2820=VECTOR('',#2819,10.906122589);
#2821=LINE('',#2818,#2820);
#2822=EDGE_CURVE('',#2817,#2809,#2821,.T.);
#2823=ORIENTED_EDGE('',*,*,#2822,.F.);
#2824=CARTESIAN_POINT('',(128.08431109,201.201863776,2.));
#2825=VERTEX_POINT('',#2824);
#2826=CARTESIAN_POINT('',(129.08431109,201.201863776,2.));
#2827=DIRECTION('',(-0.,-0.,-1.));
#2828=DIRECTION('',(1.,0.,-0.));
#2829=AXIS2_PLACEMENT_3D('',#2826,#2827,#2828);
#2830=CIRCLE('',#2829,1.);
#2831=EDGE_CURVE('',#2817,#2825,#2830,.T.);
#2832=ORIENTED_EDGE('',*,*,#2831,.T.);
#2833=CARTESIAN_POINT('',(128.632280734,202.093866331,2.));
#2834=VERTEX_POINT('',#2833);
#2835=CARTESIAN_POINT('',(129.08431109,201.201863776,2.));
#2836=DIRECTION('',(-0.,-0.,-1.));
#2837=DIRECTION('',(1.,0.,-0.));
#2838=AXIS2_PLACEMENT_3D('',#2835,#2836,#2837);
#2839=CIRCLE('',#2838,1.);
#2840=EDGE_CURVE('',#2825,#2834,#2839,.T.);
#2841=ORIENTED_EDGE('',*,*,#2840,.T.);
#2842=CARTESIAN_POINT('',(209.545714362,202.093866331,2.));
#2843=VERTEX_POINT('',#2842);
#2844=CARTESIAN_POINT('',(169.088997548,122.259637678,2.));
#2845=DIRECTION('',(0.,0.,1.));
#2846=DIRECTION('',(0.707106781,0.707106781,-0.));
#2847=AXIS2_PLACEMENT_3D('',#2844,#2845,#2846);
#2848=CIRCLE('',#2847,89.5);
#2849=EDGE_CURVE('',#2843,#2834,#2848,.T.);
#2850=ORIENTED_EDGE('',*,*,#2849,.F.);
#2851=CARTESIAN_POINT('',(209.800790787,200.494756995,2.));
#2852=VERTEX_POINT('',#2851);
#2853=CARTESIAN_POINT('',(209.093684006,201.201863776,2.));
#2854=DIRECTION('',(-0.,-0.,-1.));
#2855=DIRECTION('',(1.,0.,-0.));
#2856=AXIS2_PLACEMENT_3D('',#2853,#2854,#2855);
#2857=CIRCLE('',#2856,1.);
#2858=EDGE_CURVE('',#2843,#2852,#2857,.T.);
#2859=ORIENTED_EDGE('',*,*,#2858,.T.);
#2860=CARTESIAN_POINT('',(202.088997547,192.782963755,2.));
#2861=VERTEX_POINT('',#2860);
#2862=CARTESIAN_POINT('',(202.088997547,192.782963755,2.));
#2863=DIRECTION('',(0.707106781,0.707106781,-0.));
#2864=VECTOR('',#2863,10.906122591);
#2865=LINE('',#2862,#2864);
#2866=EDGE_CURVE('',#2861,#2852,#2865,.T.);
#2867=ORIENTED_EDGE('',*,*,#2866,.F.);
#2868=CARTESIAN_POINT('',(202.088997547,186.133266701,2.));
#2869=VERTEX_POINT('',#2868);
#2870=CARTESIAN_POINT('',(202.088997547,186.133266701,2.));
#2871=DIRECTION('',(0.,1.,-0.));
#2872=VECTOR('',#2871,6.649697054);
#2873=LINE('',#2870,#2872);
#2874=EDGE_CURVE('',#2869,#2861,#2873,.T.);
#2875=ORIENTED_EDGE('',*,*,#2874,.F.);
#2876=CARTESIAN_POINT('',(202.088997547,186.133266701,2.));
#2877=DIRECTION('',(0.707106781,-0.707106781,0.));
#2878=VECTOR('',#2877,43.661904886);
#2879=LINE('',#2876,#2878);
#2880=EDGE_CURVE('',#2869,#460,#2879,.T.);
#2881=ORIENTED_EDGE('',*,*,#2880,.T.);
#2882=ORIENTED_EDGE('',*,*,#465,.F.);
#2883=CARTESIAN_POINT('',(247.324116866,162.971430916,2.));
#2884=VERTEX_POINT('',#2883);
#2885=CARTESIAN_POINT('',(239.612323627,155.259637677,2.));
#2886=DIRECTION('',(0.707106781,0.707106781,-0.));
#2887=VECTOR('',#2886,10.906122589);
#2888=LINE('',#2885,#2887);
#2889=EDGE_CURVE('',#452,#2884,#2888,.T.);
#2890=ORIENTED_EDGE('',*,*,#2889,.T.);
#2891=CARTESIAN_POINT('',(248.923226202,162.71635449,2.));
#2892=VERTEX_POINT('',#2891);
#2893=CARTESIAN_POINT('',(248.031223647,162.264324135,2.));
#2894=DIRECTION('',(-0.,-0.,-1.));
#2895=DIRECTION('',(1.,0.,-0.));
#2896=AXIS2_PLACEMENT_3D('',#2893,#2894,#2895);
#2897=CIRCLE('',#2896,1.);
#2898=EDGE_CURVE('',#2884,#2892,#2897,.T.);
#2899=ORIENTED_EDGE('',*,*,#2898,.T.);
#2900=CARTESIAN_POINT('',(249.399509208,82.756831234,2.));
#2901=VERTEX_POINT('',#2900);
#2902=CARTESIAN_POINT('',(169.088997548,122.259637678,2.));
#2903=DIRECTION('',(0.,0.,1.));
#2904=DIRECTION('',(0.707106781,0.707106781,-0.));
#2905=AXIS2_PLACEMENT_3D('',#2902,#2903,#2904);
#2906=CIRCLE('',#2905,89.5);
#2907=EDGE_CURVE('',#2901,#2892,#2906,.T.);
#2908=ORIENTED_EDGE('',*,*,#2907,.F.);
#2909=CARTESIAN_POINT('',(247.795078274,82.491096592,2.));
#2910=VERTEX_POINT('',#2909);
#2911=CARTESIAN_POINT('',(248.502185056,83.198203373,2.));
#2912=DIRECTION('',(-0.,-0.,-1.));
#2913=DIRECTION('',(1.,0.,-0.));
#2914=AXIS2_PLACEMENT_3D('',#2911,#2912,#2913);
#2915=CIRCLE('',#2914,1.);
#2916=EDGE_CURVE('',#2901,#2910,#2915,.T.);
#2917=ORIENTED_EDGE('',*,*,#2916,.T.);
#2918=CARTESIAN_POINT('',(241.026537189,89.259637677,2.));
#2919=DIRECTION('',(0.707106781,-0.707106781,-0.));
#2920=VECTOR('',#2919,9.5721626);
#2921=LINE('',#2918,#2920);
#2922=EDGE_CURVE('',#1038,#2910,#2921,.T.);
#2923=ORIENTED_EDGE('',*,*,#2922,.F.);
#2924=ORIENTED_EDGE('',*,*,#1043,.F.);
#2925=ORIENTED_EDGE('',*,*,#780,.T.);
#2926=ORIENTED_EDGE('',*,*,#1074,.F.);
#2927=ORIENTED_EDGE('',*,*,#845,.F.);
#2928=CARTESIAN_POINT('',(209.093684006,43.317411579,2.));
#2929=DIRECTION('',(-0.,-0.,-1.));
#2930=DIRECTION('',(1.,0.,-0.));
#2931=AXIS2_PLACEMENT_3D('',#2928,#2929,#2930);
#2932=CIRCLE('',#2931,1.);
#2933=EDGE_CURVE('',#832,#281,#2932,.T.);
#2934=ORIENTED_EDGE('',*,*,#2933,.T.);
#2935=ORIENTED_EDGE('',*,*,#287,.F.);
#2936=CARTESIAN_POINT('',(175.0192176,50.521820298,2.));
#2937=VERTEX_POINT('',#2936);
#2938=CARTESIAN_POINT('',(175.0192176,50.521820298,2.));
#2939=DIRECTION('',(0.912040838,-0.410099391,-0.));
#2940=VECTOR('',#2939,28.746711513);
#2941=LINE('',#2938,#2940);
#2942=EDGE_CURVE('',#2937,#279,#2941,.T.);
#2943=ORIENTED_EDGE('',*,*,#2942,.F.);
#2944=CARTESIAN_POINT('',(163.158777495,50.521820298,2.));
#2945=VERTEX_POINT('',#2944);
#2946=CARTESIAN_POINT('',(163.158777495,50.521820298,2.));
#2947=DIRECTION('',(1.,-0.,-0.));
#2948=VECTOR('',#2947,11.860440106);
#2949=LINE('',#2946,#2948);
#2950=EDGE_CURVE('',#2945,#2937,#2949,.T.);
#2951=ORIENTED_EDGE('',*,*,#2950,.F.);
#2952=CARTESIAN_POINT('',(136.940602646,38.732811416,2.));
#2953=DIRECTION('',(0.912040838,0.410099391,-0.));
#2954=VECTOR('',#2953,28.746711513);
#2955=LINE('',#2952,#2954);
#2956=EDGE_CURVE('',#2700,#2945,#2955,.T.);
#2957=ORIENTED_EDGE('',*,*,#2956,.F.);
#2958=EDGE_LOOP('',(#2707,#2716,#2725,#2731,#2732,#2740,#2748,#2756,#2765,#2774,#2783,#2791,#2799,#2807,#2815,#2823,#2832,#2841,#2850,#2859,#2867,#2875,#2881,#2882,#2890,#2899,
#2908,#2917,#2923,#2924,#2925,#2926,#2927,#2934,#2935,#2943,#2951,#2957));
#2959=FACE_BOUND('',#2958,.T.);
#2960=CARTESIAN_POINT('',(134.104551281,45.063941726,2.));
#2961=VERTEX_POINT('',#2960);
#2962=CARTESIAN_POINT('',(132.937825092,43.897215537,2.));
#2963=DIRECTION('',(-0.,-0.,-1.));
#2964=DIRECTION('',(0.707106781,0.707106781,-0.));
#2965=AXIS2_PLACEMENT_3D('',#2962,#2963,#2964);
#2966=CIRCLE('',#2965,1.65);
#2967=EDGE_CURVE('',#2961,#2961,#2966,.T.);
#2968=ORIENTED_EDGE('',*,*,#2967,.F.);
#2969=EDGE_LOOP('',(#2968));
#2970=FACE_BOUND('',#2969,.T.);
#2971=CARTESIAN_POINT('',(202.243326481,155.413966611,2.));
#2972=VERTEX_POINT('',#2971);
#2973=CARTESIAN_POINT('',(214.910344108,132.200626235,2.));
#2974=VERTEX_POINT('',#2973);
#2975=CARTESIAN_POINT('',(169.088997548,122.259637677,2.));
#2976=DIRECTION('',(-0.,-0.,-1.));
#2977=DIRECTION('',(0.707106781,0.707106781,-0.));
#2978=AXIS2_PLACEMENT_3D('',#2975,#2976,#2977);
#2979=CIRCLE('',#2978,46.887301629);
#2980=EDGE_CURVE('',#2972,#2974,#2979,.T.);
#2981=ORIENTED_EDGE('',*,*,#2980,.F.);
#2982=CARTESIAN_POINT('',(179.088997548,168.068141845,2.));
#2983=VERTEX_POINT('',#2982);
#2984=CARTESIAN_POINT('',(169.088997548,122.259637677,2.));
#2985=DIRECTION('',(-0.,-0.,-1.));
#2986=DIRECTION('',(0.707106781,0.707106781,-0.));
#2987=AXIS2_PLACEMENT_3D('',#2984,#2985,#2986);
#2988=CIRCLE('',#2987,46.887301629);
#2989=EDGE_CURVE('',#2983,#2972,#2988,.T.);
#2990=ORIENTED_EDGE('',*,*,#2989,.F.);
#2991=CARTESIAN_POINT('',(179.088997548,164.992473346,2.));
#2992=VERTEX_POINT('',#2991);
#2993=CARTESIAN_POINT('',(179.088997548,164.992473346,2.));
#2994=DIRECTION('',(0.,1.,-0.));
#2995=VECTOR('',#2994,3.075668499);
#2996=LINE('',#2993,#2995);
#2997=EDGE_CURVE('',#2992,#2983,#2996,.T.);
#2998=ORIENTED_EDGE('',*,*,#2997,.F.);
#2999=CARTESIAN_POINT('',(200.122006138,153.292646267,2.));
#3000=VERTEX_POINT('',#2999);
#3001=CARTESIAN_POINT('',(169.088997548,122.259637677,2.));
#3002=DIRECTION('',(0.,0.,1.));
#3003=DIRECTION('',(0.707106781,0.707106781,-0.));
#3004=AXIS2_PLACEMENT_3D('',#3001,#3002,#3003);
#3005=CIRCLE('',#3004,43.887301629);
#3006=EDGE_CURVE('',#3000,#2992,#3005,.T.);
#3007=ORIENTED_EDGE('',*,*,#3006,.F.);
#3008=CARTESIAN_POINT('',(211.835287763,132.201967239,2.));
#3009=VERTEX_POINT('',#3008);
#3010=CARTESIAN_POINT('',(169.088997548,122.259637677,2.));
#3011=DIRECTION('',(0.,0.,1.));
#3012=DIRECTION('',(0.707106781,0.707106781,-0.));
#3013=AXIS2_PLACEMENT_3D('',#3010,#3011,#3012);
#3014=CIRCLE('',#3013,43.887301629);
#3015=EDGE_CURVE('',#3009,#3000,#3014,.T.);
#3016=ORIENTED_EDGE('',*,*,#3015,.F.);
#3017=CARTESIAN_POINT('',(214.910344108,132.200626235,2.));
#3018=DIRECTION('',(-0.999999905,0.000436091,0.));
#3019=VECTOR('',#3018,3.075056637);
#3020=LINE('',#3017,#3019);
#3021=EDGE_CURVE('',#2974,#3009,#3020,.T.);
#3022=ORIENTED_EDGE('',*,*,#3021,.F.);
#3023=EDGE_LOOP('',(#2981,#2990,#2998,#3007,#3016,#3022));
#3024=FACE_BOUND('',#3023,.T.);
#3025=CARTESIAN_POINT('',(91.893301596,158.267536322,2.));
#3026=VERTEX_POINT('',#3025);
#3027=CARTESIAN_POINT('',(90.726575407,157.100810133,2.));
#3028=DIRECTION('',(-0.,-0.,-1.));
#3029=DIRECTION('',(0.707106781,0.707106781,-0.));
#3030=AXIS2_PLACEMENT_3D('',#3027,#3028,#3029);
#3031=CIRCLE('',#3030,1.65);
#3032=EDGE_CURVE('',#3026,#3026,#3031,.T.);
#3033=ORIENTED_EDGE('',*,*,#3032,.F.);
#3034=EDGE_LOOP('',(#3033));
#3035=FACE_BOUND('',#3034,.T.);
#3036=CARTESIAN_POINT('',(248.618145877,158.267536321,2.));
#3037=VERTEX_POINT('',#3036);
#3038=CARTESIAN_POINT('',(247.451419688,157.100810133,2.));
#3039=DIRECTION('',(-0.,-0.,-1.));
#3040=DIRECTION('',(0.707106781,0.707106781,-0.));
#3041=AXIS2_PLACEMENT_3D('',#3038,#3039,#3040);
#3042=CIRCLE('',#3041,1.65);
#3043=EDGE_CURVE('',#3037,#3037,#3042,.T.);
#3044=ORIENTED_EDGE('',*,*,#3043,.F.);
#3045=EDGE_LOOP('',(#3044));
#3046=FACE_BOUND('',#3045,.T.);
#3047=CARTESIAN_POINT('',(135.414551281,201.788786007,2.));
#3048=VERTEX_POINT('',#3047);
#3049=CARTESIAN_POINT('',(134.247825092,200.622059818,2.));
#3050=DIRECTION('',(-0.,-0.,-1.));
#3051=DIRECTION('',(0.707106781,0.707106781,-0.));
#3052=AXIS2_PLACEMENT_3D('',#3049,#3050,#3051);
#3053=CIRCLE('',#3052,1.65);
#3054=EDGE_CURVE('',#3048,#3048,#3053,.T.);
#3055=ORIENTED_EDGE('',*,*,#3054,.F.);
#3056=EDGE_LOOP('',(#3055));
#3057=FACE_BOUND('',#3056,.T.);
#3058=CARTESIAN_POINT('',(91.893301596,88.585191411,2.));
#3059=VERTEX_POINT('',#3058);
#3060=CARTESIAN_POINT('',(90.726575407,87.418465222,2.));
#3061=DIRECTION('',(-0.,-0.,-1.));
#3062=DIRECTION('',(0.707106781,0.707106781,-0.));
#3063=AXIS2_PLACEMENT_3D('',#3060,#3061,#3062);
#3064=CIRCLE('',#3063,1.65);
#3065=EDGE_CURVE('',#3059,#3059,#3064,.T.);
#3066=ORIENTED_EDGE('',*,*,#3065,.F.);
#3067=EDGE_LOOP('',(#3066));
#3068=FACE_BOUND('',#3067,.T.);
#3069=CARTESIAN_POINT('',(248.618145877,88.585191411,2.));
#3070=VERTEX_POINT('',#3069);
#3071=CARTESIAN_POINT('',(247.451419688,87.418465222,2.));
#3072=DIRECTION('',(-0.,-0.,-1.));
#3073=DIRECTION('',(0.707106781,0.707106781,-0.));
#3074=AXIS2_PLACEMENT_3D('',#3071,#3072,#3073);
#3075=CIRCLE('',#3074,1.65);
#3076=EDGE_CURVE('',#3070,#3070,#3075,.T.);
#3077=ORIENTED_EDGE('',*,*,#3076,.F.);
#3078=EDGE_LOOP('',(#3077));
#3079=FACE_BOUND('',#3078,.T.);
#3080=CARTESIAN_POINT('',(205.096896192,201.788786007,2.));
#3081=VERTEX_POINT('',#3080);
#3082=CARTESIAN_POINT('',(203.930170003,200.622059818,2.));
#3083=DIRECTION('',(-0.,-0.,-1.));
#3084=DIRECTION('',(0.707106781,0.707106781,-0.));
#3085=AXIS2_PLACEMENT_3D('',#3082,#3083,#3084);
#3086=CIRCLE('',#3085,1.65);
#3087=EDGE_CURVE('',#3081,#3081,#3086,.T.);
#3088=ORIENTED_EDGE('',*,*,#3087,.F.);
#3089=EDGE_LOOP('',(#3088));
#3090=FACE_BOUND('',#3089,.T.);
#3091=CARTESIAN_POINT('',(176.329709403,83.07269347,2.));
#3092=VERTEX_POINT('',#3091);
#3093=CARTESIAN_POINT('',(175.127943532,81.8709276,2.));
#3094=DIRECTION('',(-0.,-0.,-1.));
#3095=DIRECTION('',(0.707106781,0.707106781,-0.));
#3096=AXIS2_PLACEMENT_3D('',#3093,#3094,#3095);
#3097=CIRCLE('',#3096,1.699553592);
#3098=EDGE_CURVE('',#3092,#3092,#3097,.T.);
#3099=ORIENTED_EDGE('',*,*,#3098,.F.);
#3100=EDGE_LOOP('',(#3099));
#3101=FACE_BOUND('',#3100,.T.);
#3102=CARTESIAN_POINT('',(164.291752509,68.573901465,2.));
#3103=VERTEX_POINT('',#3102);
#3104=CARTESIAN_POINT('',(163.089671075,67.371820031,2.));
#3105=DIRECTION('',(-0.,-0.,-1.));
#3106=DIRECTION('',(0.707106781,0.707106781,-0.));
#3107=AXIS2_PLACEMENT_3D('',#3104,#3105,#3106);
#3108=CIRCLE('',#3107,1.699999867);
#3109=EDGE_CURVE('',#3103,#3103,#3108,.T.);
#3110=ORIENTED_EDGE('',*,*,#3109,.F.);
#3111=EDGE_LOOP('',(#3110));
#3112=FACE_BOUND('',#3111,.T.);
#3113=CARTESIAN_POINT('',(182.663971425,112.21468668,2.));
#3114=VERTEX_POINT('',#3113);
#3115=CARTESIAN_POINT('',(179.088997548,108.651516708,2.));
#3116=VERTEX_POINT('',#3115);
#3117=CARTESIAN_POINT('',(169.088997548,122.259637677,2.));
#3118=DIRECTION('',(-0.,-0.,-1.));
#3119=DIRECTION('',(0.707106781,0.707106781,-0.));
#3120=AXIS2_PLACEMENT_3D('',#3117,#3118,#3119);
#3121=CIRCLE('',#3120,16.887301629);
#3122=EDGE_CURVE('',#3114,#3116,#3121,.T.);
#3123=ORIENTED_EDGE('',*,*,#3122,.F.);
#3124=CARTESIAN_POINT('',(179.088997548,112.216245693,2.));
#3125=VERTEX_POINT('',#3124);
#3126=CARTESIAN_POINT('',(179.088997548,112.216245693,2.));
#3127=DIRECTION('',(0.999999905,-0.000436091,-0.));
#3128=VECTOR('',#3127,3.574974217);
#3129=LINE('',#3126,#3128);
#3130=EDGE_CURVE('',#3125,#3114,#3129,.T.);
#3131=ORIENTED_EDGE('',*,*,#3130,.F.);
#3132=CARTESIAN_POINT('',(179.088997548,108.651516708,2.));
#3133=DIRECTION('',(0.,1.,-0.));
#3134=VECTOR('',#3133,3.564728985);
#3135=LINE('',#3132,#3134);
#3136=EDGE_CURVE('',#3116,#3125,#3135,.T.);
#3137=ORIENTED_EDGE('',*,*,#3136,.F.);
#3138=EDGE_LOOP('',(#3123,#3131,#3137));
#3139=FACE_BOUND('',#3138,.T.);
#3140=CARTESIAN_POINT('',(159.088997548,108.651516708,2.));
#3141=VERTEX_POINT('',#3140);
#3142=CARTESIAN_POINT('',(155.505267814,112.22653034,2.));
#3143=VERTEX_POINT('',#3142);
#3144=CARTESIAN_POINT('',(169.088997548,122.259637677,2.));
#3145=DIRECTION('',(-0.,-0.,-1.));
#3146=DIRECTION('',(0.707106781,0.707106781,-0.));
#3147=AXIS2_PLACEMENT_3D('',#3144,#3145,#3146);
#3148=CIRCLE('',#3147,16.887301629);
#3149=EDGE_CURVE('',#3141,#3143,#3148,.T.);
#3150=ORIENTED_EDGE('',*,*,#3149,.F.);
#3151=CARTESIAN_POINT('',(159.088997548,112.224967509,2.));
#3152=VERTEX_POINT('',#3151);
#3153=CARTESIAN_POINT('',(159.088997548,112.224967509,2.));
#3154=DIRECTION('',(-0.,-1.,0.));
#3155=VECTOR('',#3154,3.573450801);
#3156=LINE('',#3153,#3155);
#3157=EDGE_CURVE('',#3152,#3141,#3156,.T.);
#3158=ORIENTED_EDGE('',*,*,#3157,.F.);
#3159=CARTESIAN_POINT('',(155.505267814,112.22653034,2.));
#3160=DIRECTION('',(0.999999905,-0.000436091,-0.));
#3161=VECTOR('',#3160,3.583730075);
#3162=LINE('',#3159,#3161);
#3163=EDGE_CURVE('',#3143,#3152,#3162,.T.);
#3164=ORIENTED_EDGE('',*,*,#3163,.F.);
#3165=EDGE_LOOP('',(#3150,#3158,#3164));
#3166=FACE_BOUND('',#3165,.T.);
#3167=CARTESIAN_POINT('',(155.456626286,132.226553454,2.));
#3168=VERTEX_POINT('',#3167);
#3169=CARTESIAN_POINT('',(159.088997548,135.867758647,2.));
#3170=VERTEX_POINT('',#3169);
#3171=CARTESIAN_POINT('',(169.088997548,122.259637677,2.));
#3172=DIRECTION('',(-0.,-0.,-1.));
#3173=DIRECTION('',(0.707106781,0.707106781,-0.));
#3174=AXIS2_PLACEMENT_3D('',#3171,#3172,#3173);
#3175=CIRCLE('',#3174,16.887301629);
#3176=EDGE_CURVE('',#3168,#3170,#3175,.T.);
#3177=ORIENTED_EDGE('',*,*,#3176,.F.);
#3178=CARTESIAN_POINT('',(159.088997548,132.22496941,2.));
#3179=VERTEX_POINT('',#3178);
#3180=CARTESIAN_POINT('',(159.088997548,132.22496941,2.));
#3181=DIRECTION('',(-0.999999905,0.000436091,0.));
#3182=VECTOR('',#3181,3.632371607);
#3183=LINE('',#3180,#3182);
#3184=EDGE_CURVE('',#3179,#3168,#3183,.T.);
#3185=ORIENTED_EDGE('',*,*,#3184,.F.);
#3186=CARTESIAN_POINT('',(159.088997548,135.867758647,2.));
#3187=DIRECTION('',(-0.,-1.,0.));
#3188=VECTOR('',#3187,3.642789236);
#3189=LINE('',#3186,#3188);
#3190=EDGE_CURVE('',#3170,#3179,#3189,.T.);
#3191=ORIENTED_EDGE('',*,*,#3190,.F.);
#3192=EDGE_LOOP('',(#3177,#3185,#3191));
#3193=FACE_BOUND('',#3192,.T.);
#3194=CARTESIAN_POINT('',(181.030123046,134.200763175,2.));
#3195=VERTEX_POINT('',#3194);
#3196=CARTESIAN_POINT('',(182.730056583,132.214659762,2.));
#3197=VERTEX_POINT('',#3196);
#3198=CARTESIAN_POINT('',(169.088997548,122.259637677,2.));
#3199=DIRECTION('',(-0.,-0.,-1.));
#3200=DIRECTION('',(0.707106781,0.707106781,-0.));
#3201=AXIS2_PLACEMENT_3D('',#3198,#3199,#3200);
#3202=CIRCLE('',#3201,16.887301629);
#3203=EDGE_CURVE('',#3195,#3197,#3202,.T.);
#3204=ORIENTED_EDGE('',*,*,#3203,.F.);
#3205=CARTESIAN_POINT('',(179.088997548,135.867758646,2.));
#3206=VERTEX_POINT('',#3205);
#3207=CARTESIAN_POINT('',(169.088997548,122.259637677,2.));
#3208=DIRECTION('',(-0.,-0.,-1.));
#3209=DIRECTION('',(0.707106781,0.707106781,-0.));
#3210=AXIS2_PLACEMENT_3D('',#3207,#3208,#3209);
#3211=CIRCLE('',#3210,16.887301629);
#3212=EDGE_CURVE('',#3206,#3195,#3211,.T.);
#3213=ORIENTED_EDGE('',*,*,#3212,.F.);
#3214=CARTESIAN_POINT('',(179.088997548,132.216247595,2.));
#3215=VERTEX_POINT('',#3214);
#3216=CARTESIAN_POINT('',(179.088997548,132.216247595,2.));
#3217=DIRECTION('',(-0.,1.,-0.));
#3218=VECTOR('',#3217,3.651511052);
#3219=LINE('',#3216,#3218);
#3220=EDGE_CURVE('',#3215,#3206,#3219,.T.);
#3221=ORIENTED_EDGE('',*,*,#3220,.F.);
#3222=CARTESIAN_POINT('',(182.730056583,132.214659762,2.));
#3223=DIRECTION('',(-0.999999905,0.000436091,0.));
#3224=VECTOR('',#3223,3.641059381);
#3225=LINE('',#3222,#3224);
#3226=EDGE_CURVE('',#3197,#3215,#3225,.T.);
#3227=ORIENTED_EDGE('',*,*,#3226,.F.);
#3228=EDGE_LOOP('',(#3204,#3213,#3221,#3227));
#3229=FACE_BOUND('',#3228,.T.);
#3230=CARTESIAN_POINT('',(189.652710674,112.211638955,2.));
#3231=VERTEX_POINT('',#3230);
#3232=CARTESIAN_POINT('',(179.088997548,101.672540362,2.));
#3233=VERTEX_POINT('',#3232);
#3234=CARTESIAN_POINT('',(169.088997548,122.259637677,2.));
#3235=DIRECTION('',(-0.,-0.,-1.));
#3236=DIRECTION('',(0.707106781,0.707106781,-0.));
#3237=AXIS2_PLACEMENT_3D('',#3234,#3235,#3236);
#3238=CIRCLE('',#3237,22.887301629);
#3239=EDGE_CURVE('',#3231,#3233,#3238,.T.);
#3240=ORIENTED_EDGE('',*,*,#3239,.F.);
#3241=CARTESIAN_POINT('',(186.252105873,112.213121927,2.));
#3242=VERTEX_POINT('',#3241);
#3243=CARTESIAN_POINT('',(186.252105873,112.213121927,2.));
#3244=DIRECTION('',(0.999999905,-0.000436091,-0.));
#3245=VECTOR('',#3244,3.400605125);
#3246=LINE('',#3243,#3245);
#3247=EDGE_CURVE('',#3242,#3231,#3246,.T.);
#3248=ORIENTED_EDGE('',*,*,#3247,.F.);
#3249=CARTESIAN_POINT('',(179.088997548,105.069385612,2.));
#3250=VERTEX_POINT('',#3249);
#3251=CARTESIAN_POINT('',(169.088997548,122.259637677,2.));
#3252=DIRECTION('',(0.,0.,1.));
#3253=DIRECTION('',(0.707106781,0.707106781,-0.));
#3254=AXIS2_PLACEMENT_3D('',#3251,#3252,#3253);
#3255=CIRCLE('',#3254,19.887301629);
#3256=EDGE_CURVE('',#3250,#3242,#3255,.T.);
#3257=ORIENTED_EDGE('',*,*,#3256,.F.);
#3258=CARTESIAN_POINT('',(179.088997548,101.672540362,2.));
#3259=DIRECTION('',(0.,1.,-0.));
#3260=VECTOR('',#3259,3.396845249);
#3261=LINE('',#3258,#3260);
#3262=EDGE_CURVE('',#3233,#3250,#3261,.T.);
#3263=ORIENTED_EDGE('',*,*,#3262,.F.);
#3264=EDGE_LOOP('',(#3240,#3248,#3257,#3263));
#3265=FACE_BOUND('',#3264,.T.);
#3266=CARTESIAN_POINT('',(159.088997548,101.672540362,2.));
#3267=VERTEX_POINT('',#3266);
#3268=CARTESIAN_POINT('',(148.516528565,112.229578065,2.));
#3269=VERTEX_POINT('',#3268);
#3270=CARTESIAN_POINT('',(169.088997548,122.259637677,2.));
#3271=DIRECTION('',(-0.,-0.,-1.));
#3272=DIRECTION('',(0.707106781,0.707106781,-0.));
#3273=AXIS2_PLACEMENT_3D('',#3270,#3271,#3272);
#3274=CIRCLE('',#3273,22.887301629);
#3275=EDGE_CURVE('',#3267,#3269,#3274,.T.);
#3276=ORIENTED_EDGE('',*,*,#3275,.F.);
#3277=CARTESIAN_POINT('',(159.088997548,105.069385611,2.));
#3278=VERTEX_POINT('',#3277);
#3279=CARTESIAN_POINT('',(159.088997548,105.069385611,2.));
#3280=DIRECTION('',(-0.,-1.,0.));
#3281=VECTOR('',#3280,3.396845249);
#3282=LINE('',#3279,#3281);
#3283=EDGE_CURVE('',#3278,#3267,#3282,.T.);
#3284=ORIENTED_EDGE('',*,*,#3283,.F.);
#3285=CARTESIAN_POINT('',(151.917133366,112.228095093,2.));
#3286=VERTEX_POINT('',#3285);
#3287=CARTESIAN_POINT('',(169.088997548,122.259637677,2.));
#3288=DIRECTION('',(0.,0.,1.));
#3289=DIRECTION('',(0.707106781,0.707106781,-0.));
#3290=AXIS2_PLACEMENT_3D('',#3287,#3288,#3289);
#3291=CIRCLE('',#3290,19.887301629);
#3292=EDGE_CURVE('',#3286,#3278,#3291,.T.);
#3293=ORIENTED_EDGE('',*,*,#3292,.F.);
#3294=CARTESIAN_POINT('',(148.516528565,112.229578065,2.));
#3295=DIRECTION('',(0.999999905,-0.000436091,-0.));
#3296=VECTOR('',#3295,3.400605125);
#3297=LINE('',#3294,#3296);
#3298=EDGE_CURVE('',#3269,#3286,#3297,.T.);
#3299=ORIENTED_EDGE('',*,*,#3298,.F.);
#3300=EDGE_LOOP('',(#3276,#3284,#3293,#3299));
#3301=FACE_BOUND('',#3300,.T.);
#3302=CARTESIAN_POINT('',(148.487333228,132.229592699,2.));
#3303=VERTEX_POINT('',#3302);
#3304=CARTESIAN_POINT('',(159.088997548,142.846734993,2.));
#3305=VERTEX_POINT('',#3304);
#3306=CARTESIAN_POINT('',(169.088997548,122.259637677,2.));
#3307=DIRECTION('',(-0.,-0.,-1.));
#3308=DIRECTION('',(0.707106781,0.707106781,-0.));
#3309=AXIS2_PLACEMENT_3D('',#3306,#3307,#3308);
#3310=CIRCLE('',#3309,22.887301629);
#3311=EDGE_CURVE('',#3303,#3305,#3310,.T.);
#3312=ORIENTED_EDGE('',*,*,#3311,.F.);
#3313=CARTESIAN_POINT('',(151.880445431,132.228112994,2.));
#3314=VERTEX_POINT('',#3313);
#3315=CARTESIAN_POINT('',(151.880445431,132.228112994,2.));
#3316=DIRECTION('',(-0.999999905,0.000436091,0.));
#3317=VECTOR('',#3316,3.393112525);
#3318=LINE('',#3315,#3317);
#3319=EDGE_CURVE('',#3314,#3303,#3318,.T.);
#3320=ORIENTED_EDGE('',*,*,#3319,.F.);
#3321=CARTESIAN_POINT('',(159.088997548,139.449889743,2.));
#3322=VERTEX_POINT('',#3321);
#3323=CARTESIAN_POINT('',(169.088997548,122.259637677,2.));
#3324=DIRECTION('',(0.,0.,1.));
#3325=DIRECTION('',(0.707106781,0.707106781,-0.));
#3326=AXIS2_PLACEMENT_3D('',#3323,#3324,#3325);
#3327=CIRCLE('',#3326,19.887301629);
#3328=EDGE_CURVE('',#3322,#3314,#3327,.T.);
#3329=ORIENTED_EDGE('',*,*,#3328,.F.);
#3330=CARTESIAN_POINT('',(159.088997548,142.846734993,2.));
#3331=DIRECTION('',(-0.,-1.,0.));
#3332=VECTOR('',#3331,3.396845249);
#3333=LINE('',#3330,#3332);
#3334=EDGE_CURVE('',#3305,#3322,#3333,.T.);
#3335=ORIENTED_EDGE('',*,*,#3334,.F.);
#3336=EDGE_LOOP('',(#3312,#3320,#3329,#3335));
#3337=FACE_BOUND('',#3336,.T.);
#3338=CARTESIAN_POINT('',(185.272763733,138.443403862,2.));
#3339=VERTEX_POINT('',#3338);
#3340=CARTESIAN_POINT('',(189.699349641,132.211620518,2.));
#3341=VERTEX_POINT('',#3340);
#3342=CARTESIAN_POINT('',(169.088997548,122.259637677,2.));
#3343=DIRECTION('',(-0.,-0.,-1.));
#3344=DIRECTION('',(0.707106781,0.707106781,-0.));
#3345=AXIS2_PLACEMENT_3D('',#3342,#3343,#3344);
#3346=CIRCLE('',#3345,22.887301629);
#3347=EDGE_CURVE('',#3339,#3341,#3346,.T.);
#3348=ORIENTED_EDGE('',*,*,#3347,.F.);
#3349=CARTESIAN_POINT('',(179.088997548,142.846734992,2.));
#3350=VERTEX_POINT('',#3349);
#3351=CARTESIAN_POINT('',(169.088997548,122.259637677,2.));
#3352=DIRECTION('',(-0.,-0.,-1.));
#3353=DIRECTION('',(0.707106781,0.707106781,-0.));
#3354=AXIS2_PLACEMENT_3D('',#3351,#3352,#3353);
#3355=CIRCLE('',#3354,22.887301629);
#3356=EDGE_CURVE('',#3350,#3339,#3355,.T.);
#3357=ORIENTED_EDGE('',*,*,#3356,.F.);
#3358=CARTESIAN_POINT('',(179.088997548,139.449889743,2.));
#3359=VERTEX_POINT('',#3358);
#3360=CARTESIAN_POINT('',(179.088997548,139.449889743,2.));
#3361=DIRECTION('',(0.,1.,-0.));
#3362=VECTOR('',#3361,3.396845249);
#3363=LINE('',#3360,#3362);
#3364=EDGE_CURVE('',#3359,#3350,#3363,.T.);
#3365=ORIENTED_EDGE('',*,*,#3364,.F.);
#3366=CARTESIAN_POINT('',(183.151443389,136.322083519,2.));
#3367=VERTEX_POINT('',#3366);
#3368=CARTESIAN_POINT('',(169.088997548,122.259637677,2.));
#3369=DIRECTION('',(0.,0.,1.));
#3370=DIRECTION('',(0.707106781,0.707106781,-0.));
#3371=AXIS2_PLACEMENT_3D('',#3368,#3369,#3370);
#3372=CIRCLE('',#3371,19.887301629);
#3373=EDGE_CURVE('',#3367,#3359,#3372,.T.);
#3374=ORIENTED_EDGE('',*,*,#3373,.F.);
#3375=CARTESIAN_POINT('',(186.306237438,132.213100223,2.));
#3376=VERTEX_POINT('',#3375);
#3377=CARTESIAN_POINT('',(169.088997548,122.259637677,2.));
#3378=DIRECTION('',(0.,0.,1.));
#3379=DIRECTION('',(0.707106781,0.707106781,-0.));
#3380=AXIS2_PLACEMENT_3D('',#3377,#3378,#3379);
#3381=CIRCLE('',#3380,19.887301629);
#3382=EDGE_CURVE('',#3376,#3367,#3381,.T.);
#3383=ORIENTED_EDGE('',*,*,#3382,.F.);
#3384=CARTESIAN_POINT('',(189.699349641,132.211620518,2.));
#3385=DIRECTION('',(-0.999999905,0.000436091,0.));
#3386=VECTOR('',#3385,3.393112525);
#3387=LINE('',#3384,#3386);
#3388=EDGE_CURVE('',#3341,#3376,#3387,.T.);
#3389=ORIENTED_EDGE('',*,*,#3388,.F.);
#3390=EDGE_LOOP('',(#3348,#3357,#3365,#3374,#3383,#3389));
#3391=FACE_BOUND('',#3390,.T.);
#3392=CARTESIAN_POINT('',(196.171404776,112.208796212,2.));
#3393=VERTEX_POINT('',#3392);
#3394=CARTESIAN_POINT('',(179.088997548,95.158416387,2.));
#3395=VERTEX_POINT('',#3394);
#3396=CARTESIAN_POINT('',(169.088997548,122.259637677,2.));
#3397=DIRECTION('',(-0.,-0.,-1.));
#3398=DIRECTION('',(0.707106781,0.707106781,-0.));
#3399=AXIS2_PLACEMENT_3D('',#3396,#3397,#3398);
#3400=CIRCLE('',#3399,28.887301629);
#3401=EDGE_CURVE('',#3393,#3395,#3400,.T.);
#3402=ORIENTED_EDGE('',*,*,#3401,.F.);
#3403=CARTESIAN_POINT('',(192.946098022,112.210202739,2.));
#3404=VERTEX_POINT('',#3403);
#3405=CARTESIAN_POINT('',(192.946098022,112.210202739,2.));
#3406=DIRECTION('',(0.999999905,-0.000436091,-0.));
#3407=VECTOR('',#3406,3.22530706);
#3408=LINE('',#3405,#3407);
#3409=EDGE_CURVE('',#3404,#3393,#3408,.T.);
#3410=ORIENTED_EDGE('',*,*,#3409,.F.);
#3411=CARTESIAN_POINT('',(179.088997548,98.381773752,2.));
#3412=VERTEX_POINT('',#3411);
#3413=CARTESIAN_POINT('',(169.088997548,122.259637677,2.));
#3414=DIRECTION('',(0.,0.,1.));
#3415=DIRECTION('',(0.707106781,0.707106781,-0.));
#3416=AXIS2_PLACEMENT_3D('',#3413,#3414,#3415);
#3417=CIRCLE('',#3416,25.887301629);
#3418=EDGE_CURVE('',#3412,#3404,#3417,.T.);
#3419=ORIENTED_EDGE('',*,*,#3418,.F.);
#3420=CARTESIAN_POINT('',(179.088997548,95.158416387,2.));
#3421=DIRECTION('',(0.,1.,-0.));
#3422=VECTOR('',#3421,3.223357365);
#3423=LINE('',#3420,#3422);
#3424=EDGE_CURVE('',#3395,#3412,#3423,.T.);
#3425=ORIENTED_EDGE('',*,*,#3424,.F.);
#3426=EDGE_LOOP('',(#3402,#3410,#3419,#3425));
#3427=FACE_BOUND('',#3426,.T.);
#3428=CARTESIAN_POINT('',(159.088997548,95.158416387,2.));
#3429=VERTEX_POINT('',#3428);
#3430=CARTESIAN_POINT('',(141.997834463,112.232420807,2.));
#3431=VERTEX_POINT('',#3430);
#3432=CARTESIAN_POINT('',(169.088997548,122.259637677,2.));
#3433=DIRECTION('',(-0.,-0.,-1.));
#3434=DIRECTION('',(0.707106781,0.707106781,-0.));
#3435=AXIS2_PLACEMENT_3D('',#3432,#3433,#3434);
#3436=CIRCLE('',#3435,28.887301629);
#3437=EDGE_CURVE('',#3429,#3431,#3436,.T.);
#3438=ORIENTED_EDGE('',*,*,#3437,.F.);
#3439=CARTESIAN_POINT('',(159.088997548,98.381773752,2.));
#3440=VERTEX_POINT('',#3439);
#3441=CARTESIAN_POINT('',(159.088997548,98.381773752,2.));
#3442=DIRECTION('',(-0.,-1.,0.));
#3443=VECTOR('',#3442,3.223357365);
#3444=LINE('',#3441,#3443);
#3445=EDGE_CURVE('',#3440,#3429,#3444,.T.);
#3446=ORIENTED_EDGE('',*,*,#3445,.F.);
#3447=CARTESIAN_POINT('',(145.223141217,112.231014281,2.));
#3448=VERTEX_POINT('',#3447);
#3449=CARTESIAN_POINT('',(169.088997548,122.259637677,2.));
#3450=DIRECTION('',(0.,0.,1.));
#3451=DIRECTION('',(0.707106781,0.707106781,-0.));
#3452=AXIS2_PLACEMENT_3D('',#3449,#3450,#3451);
#3453=CIRCLE('',#3452,25.887301629);
#3454=EDGE_CURVE('',#3448,#3440,#3453,.T.);
#3455=ORIENTED_EDGE('',*,*,#3454,.F.);
#3456=CARTESIAN_POINT('',(141.997834463,112.232420807,2.));
#3457=DIRECTION('',(0.999999905,-0.000436091,-0.));
#3458=VECTOR('',#3457,3.22530706);
#3459=LINE('',#3456,#3458);
#3460=EDGE_CURVE('',#3431,#3448,#3459,.T.);
#3461=ORIENTED_EDGE('',*,*,#3460,.F.);
#3462=EDGE_LOOP('',(#3438,#3446,#3455,#3461));
#3463=FACE_BOUND('',#3462,.T.);
#3464=CARTESIAN_POINT('',(141.977753027,132.232431467,2.));
#3465=VERTEX_POINT('',#3464);
#3466=CARTESIAN_POINT('',(159.088997548,149.360858968,2.));
#3467=VERTEX_POINT('',#3466);
#3468=CARTESIAN_POINT('',(169.088997548,122.259637677,2.));
#3469=DIRECTION('',(-0.,-0.,-1.));
#3470=DIRECTION('',(0.707106781,0.707106781,-0.));
#3471=AXIS2_PLACEMENT_3D('',#3468,#3469,#3470);
#3472=CIRCLE('',#3471,28.887301629);
#3473=EDGE_CURVE('',#3465,#3467,#3472,.T.);
#3474=ORIENTED_EDGE('',*,*,#3473,.F.);
#3475=CARTESIAN_POINT('',(145.199171515,132.231026636,2.));
#3476=VERTEX_POINT('',#3475);
#3477=CARTESIAN_POINT('',(145.199171515,132.231026636,2.));
#3478=DIRECTION('',(-0.999999905,0.000436091,0.));
#3479=VECTOR('',#3478,3.221418794);
#3480=LINE('',#3477,#3479);
#3481=EDGE_CURVE('',#3476,#3465,#3480,.T.);
#3482=ORIENTED_EDGE('',*,*,#3481,.F.);
#3483=CARTESIAN_POINT('',(159.088997548,146.137501603,2.));
#3484=VERTEX_POINT('',#3483);
#3485=CARTESIAN_POINT('',(169.088997548,122.259637677,2.));
#3486=DIRECTION('',(0.,0.,1.));
#3487=DIRECTION('',(0.707106781,0.707106781,-0.));
#3488=AXIS2_PLACEMENT_3D('',#3485,#3486,#3487);
#3489=CIRCLE('',#3488,25.887301629);
#3490=EDGE_CURVE('',#3484,#3476,#3489,.T.);
#3491=ORIENTED_EDGE('',*,*,#3490,.F.);
#3492=CARTESIAN_POINT('',(159.088997548,149.360858968,2.));
#3493=DIRECTION('',(-0.,-1.,0.));
#3494=VECTOR('',#3493,3.223357365);
#3495=LINE('',#3492,#3494);
#3496=EDGE_CURVE('',#3467,#3484,#3495,.T.);
#3497=ORIENTED_EDGE('',*,*,#3496,.F.);
#3498=EDGE_LOOP('',(#3474,#3482,#3491,#3497));
#3499=FACE_BOUND('',#3498,.T.);
#3500=CARTESIAN_POINT('',(189.51540442,142.68604455,2.));
#3501=VERTEX_POINT('',#3500);
#3502=CARTESIAN_POINT('',(196.208929842,132.20878175,2.));
#3503=VERTEX_POINT('',#3502);
#3504=CARTESIAN_POINT('',(169.088997548,122.259637677,2.));
#3505=DIRECTION('',(-0.,-0.,-1.));
#3506=DIRECTION('',(0.707106781,0.707106781,-0.));
#3507=AXIS2_PLACEMENT_3D('',#3504,#3505,#3506);
#3508=CIRCLE('',#3507,28.887301629);
#3509=EDGE_CURVE('',#3501,#3503,#3508,.T.);
#3510=ORIENTED_EDGE('',*,*,#3509,.F.);
#3511=CARTESIAN_POINT('',(179.088997548,149.360858967,2.));
#3512=VERTEX_POINT('',#3511);
#3513=CARTESIAN_POINT('',(169.088997548,122.259637677,2.));
#3514=DIRECTION('',(-0.,-0.,-1.));
#3515=DIRECTION('',(0.707106781,0.707106781,-0.));
#3516=AXIS2_PLACEMENT_3D('',#3513,#3514,#3515);
#3517=CIRCLE('',#3516,28.887301629);
#3518=EDGE_CURVE('',#3512,#3501,#3517,.T.);
#3519=ORIENTED_EDGE('',*,*,#3518,.F.);
#3520=CARTESIAN_POINT('',(179.088997548,146.137501603,2.));
#3521=VERTEX_POINT('',#3520);
#3522=CARTESIAN_POINT('',(179.088997548,146.137501603,2.));
#3523=DIRECTION('',(0.,1.,-0.));
#3524=VECTOR('',#3523,3.223357365);
#3525=LINE('',#3522,#3524);
#3526=EDGE_CURVE('',#3521,#3512,#3525,.T.);
#3527=ORIENTED_EDGE('',*,*,#3526,.F.);
#3528=CARTESIAN_POINT('',(187.394084076,140.564724206,2.));
#3529=VERTEX_POINT('',#3528);
#3530=CARTESIAN_POINT('',(169.088997548,122.259637677,2.));
#3531=DIRECTION('',(0.,0.,1.));
#3532=DIRECTION('',(0.707106781,0.707106781,-0.));
#3533=AXIS2_PLACEMENT_3D('',#3530,#3531,#3532);
#3534=CIRCLE('',#3533,25.887301629);
#3535=EDGE_CURVE('',#3529,#3521,#3534,.T.);
#3536=ORIENTED_EDGE('',*,*,#3535,.F.);
#3537=CARTESIAN_POINT('',(192.987511354,132.210186581,2.));
#3538=VERTEX_POINT('',#3537);
#3539=CARTESIAN_POINT('',(169.088997548,122.259637677,2.));
#3540=DIRECTION('',(0.,0.,1.));
#3541=DIRECTION('',(0.707106781,0.707106781,-0.));
#3542=AXIS2_PLACEMENT_3D('',#3539,#3540,#3541);
#3543=CIRCLE('',#3542,25.887301629);
#3544=EDGE_CURVE('',#3538,#3529,#3543,.T.);
#3545=ORIENTED_EDGE('',*,*,#3544,.F.);
#3546=CARTESIAN_POINT('',(196.208929842,132.20878175,2.));
#3547=DIRECTION('',(-0.999999905,0.000436091,0.));
#3548=VECTOR('',#3547,3.221418794);
#3549=LINE('',#3546,#3548);
#3550=EDGE_CURVE('',#3503,#3538,#3549,.T.);
#3551=ORIENTED_EDGE('',*,*,#3550,.F.);
#3552=EDGE_LOOP('',(#3510,#3519,#3527,#3536,#3545,#3551));
#3553=FACE_BOUND('',#3552,.T.);
#3554=CARTESIAN_POINT('',(202.496316327,112.206037977,2.));
#3555=VERTEX_POINT('',#3554);
#3556=CARTESIAN_POINT('',(179.088997548,88.836235472,2.));
#3557=VERTEX_POINT('',#3556);
#3558=CARTESIAN_POINT('',(169.088997548,122.259637677,2.));
#3559=DIRECTION('',(-0.,-0.,-1.));
#3560=DIRECTION('',(0.707106781,0.707106781,-0.));
#3561=AXIS2_PLACEMENT_3D('',#3558,#3559,#3560);
#3562=CIRCLE('',#3561,34.887301629);
#3563=EDGE_CURVE('',#3555,#3557,#3562,.T.);
#3564=ORIENTED_EDGE('',*,*,#3563,.F.);
#3565=CARTESIAN_POINT('',(199.350404017,112.20740988,2.));
#3566=VERTEX_POINT('',#3565);
#3567=CARTESIAN_POINT('',(199.350404017,112.20740988,2.));
#3568=DIRECTION('',(0.999999905,-0.000436091,-0.));
#3569=VECTOR('',#3568,3.145912609);
#3570=LINE('',#3567,#3569);
#3571=EDGE_CURVE('',#3566,#3555,#3570,.T.);
#3572=ORIENTED_EDGE('',*,*,#3571,.F.);
#3573=CARTESIAN_POINT('',(179.088997548,91.980932203,2.));
#3574=VERTEX_POINT('',#3573);
#3575=CARTESIAN_POINT('',(169.088997548,122.259637677,2.));
#3576=DIRECTION('',(0.,0.,1.));
#3577=DIRECTION('',(0.707106781,0.707106781,-0.));
#3578=AXIS2_PLACEMENT_3D('',#3575,#3576,#3577);
#3579=CIRCLE('',#3578,31.887301629);
#3580=EDGE_CURVE('',#3574,#3566,#3579,.T.);
#3581=ORIENTED_EDGE('',*,*,#3580,.F.);
#3582=CARTESIAN_POINT('',(179.088997548,88.836235472,2.));
#3583=DIRECTION('',(0.,1.,-0.));
#3584=VECTOR('',#3583,3.144696731);
#3585=LINE('',#3582,#3584);
#3586=EDGE_CURVE('',#3557,#3574,#3585,.T.);
#3587=ORIENTED_EDGE('',*,*,#3586,.F.);
#3588=EDGE_LOOP('',(#3564,#3572,#3581,#3587));
#3589=FACE_BOUND('',#3588,.T.);
#3590=CARTESIAN_POINT('',(159.088997548,88.836235472,2.));
#3591=VERTEX_POINT('',#3590);
#3592=CARTESIAN_POINT('',(135.672922912,112.235179043,2.));
#3593=VERTEX_POINT('',#3592);
#3594=CARTESIAN_POINT('',(169.088997548,122.259637677,2.));
#3595=DIRECTION('',(-0.,-0.,-1.));
#3596=DIRECTION('',(0.707106781,0.707106781,-0.));
#3597=AXIS2_PLACEMENT_3D('',#3594,#3595,#3596);
#3598=CIRCLE('',#3597,34.887301629);
#3599=EDGE_CURVE('',#3591,#3593,#3598,.T.);
#3600=ORIENTED_EDGE('',*,*,#3599,.F.);
#3601=CARTESIAN_POINT('',(159.088997548,91.980932203,2.));
#3602=VERTEX_POINT('',#3601);
#3603=CARTESIAN_POINT('',(159.088997548,91.980932203,2.));
#3604=DIRECTION('',(-0.,-1.,0.));
#3605=VECTOR('',#3604,3.144696731);
#3606=LINE('',#3603,#3605);
#3607=EDGE_CURVE('',#3602,#3591,#3606,.T.);
#3608=ORIENTED_EDGE('',*,*,#3607,.F.);
#3609=CARTESIAN_POINT('',(138.818835222,112.23380714,2.));
#3610=VERTEX_POINT('',#3609);
#3611=CARTESIAN_POINT('',(169.088997548,122.259637677,2.));
#3612=DIRECTION('',(0.,0.,1.));
#3613=DIRECTION('',(0.707106781,0.707106781,-0.));
#3614=AXIS2_PLACEMENT_3D('',#3611,#3612,#3613);
#3615=CIRCLE('',#3614,31.887301629);
#3616=EDGE_CURVE('',#3610,#3602,#3615,.T.);
#3617=ORIENTED_EDGE('',*,*,#3616,.F.);
#3618=CARTESIAN_POINT('',(135.672922912,112.235179043,2.));
#3619=DIRECTION('',(0.999999905,-0.000436091,-0.));
#3620=VECTOR('',#3619,3.145912609);
#3621=LINE('',#3618,#3620);
#3622=EDGE_CURVE('',#3593,#3610,#3621,.T.);
#3623=ORIENTED_EDGE('',*,*,#3622,.F.);
#3624=EDGE_LOOP('',(#3600,#3608,#3617,#3623));
#3625=FACE_BOUND('',#3624,.T.);
#3626=CARTESIAN_POINT('',(135.658289745,132.235187326,2.));
#3627=VERTEX_POINT('',#3626);
#3628=CARTESIAN_POINT('',(159.088997548,155.683039883,2.));
#3629=VERTEX_POINT('',#3628);
#3630=CARTESIAN_POINT('',(169.088997548,122.259637677,2.));
#3631=DIRECTION('',(-0.,-0.,-1.));
#3632=DIRECTION('',(0.707106781,0.707106781,-0.));
#3633=AXIS2_PLACEMENT_3D('',#3630,#3631,#3632);
#3634=CIRCLE('',#3633,34.887301629);
#3635=EDGE_CURVE('',#3627,#3629,#3634,.T.);
#3636=ORIENTED_EDGE('',*,*,#3635,.F.);
#3637=CARTESIAN_POINT('',(138.801776441,132.233816481,2.));
#3638=VERTEX_POINT('',#3637);
#3639=CARTESIAN_POINT('',(138.801776441,132.233816481,2.));
#3640=DIRECTION('',(-0.999999905,0.000436091,0.));
#3641=VECTOR('',#3640,3.143486994);
#3642=LINE('',#3639,#3641);
#3643=EDGE_CURVE('',#3638,#3627,#3642,.T.);
#3644=ORIENTED_EDGE('',*,*,#3643,.F.);
#3645=CARTESIAN_POINT('',(159.088997548,152.538343152,2.));
#3646=VERTEX_POINT('',#3645);
#3647=CARTESIAN_POINT('',(169.088997548,122.259637677,2.));
#3648=DIRECTION('',(0.,0.,1.));
#3649=DIRECTION('',(0.707106781,0.707106781,-0.));
#3650=AXIS2_PLACEMENT_3D('',#3647,#3648,#3649);
#3651=CIRCLE('',#3650,31.887301629);
#3652=EDGE_CURVE('',#3646,#3638,#3651,.T.);
#3653=ORIENTED_EDGE('',*,*,#3652,.F.);
#3654=CARTESIAN_POINT('',(159.088997548,155.683039883,2.));
#3655=DIRECTION('',(-0.,-1.,0.));
#3656=VECTOR('',#3655,3.144696731);
#3657=LINE('',#3654,#3656);
#3658=EDGE_CURVE('',#3629,#3646,#3657,.T.);
#3659=ORIENTED_EDGE('',*,*,#3658,.F.);
#3660=EDGE_LOOP('',(#3636,#3644,#3653,#3659));
#3661=FACE_BOUND('',#3660,.T.);
#3662=CARTESIAN_POINT('',(193.758045107,146.928685237,2.));
#3663=VERTEX_POINT('',#3662);
#3664=CARTESIAN_POINT('',(202.528393124,132.20602589,2.));
#3665=VERTEX_POINT('',#3664);
#3666=CARTESIAN_POINT('',(169.088997548,122.259637677,2.));
#3667=DIRECTION('',(-0.,-0.,-1.));
#3668=DIRECTION('',(0.707106781,0.707106781,-0.));
#3669=AXIS2_PLACEMENT_3D('',#3666,#3667,#3668);
#3670=CIRCLE('',#3669,34.887301629);
#3671=EDGE_CURVE('',#3663,#3665,#3670,.T.);
#3672=ORIENTED_EDGE('',*,*,#3671,.F.);
#3673=CARTESIAN_POINT('',(179.088997548,155.683039882,2.));
#3674=VERTEX_POINT('',#3673);
#3675=CARTESIAN_POINT('',(169.088997548,122.259637677,2.));
#3676=DIRECTION('',(-0.,-0.,-1.));
#3677=DIRECTION('',(0.707106781,0.707106781,-0.));
#3678=AXIS2_PLACEMENT_3D('',#3675,#3676,#3677);
#3679=CIRCLE('',#3678,34.887301629);
#3680=EDGE_CURVE('',#3674,#3663,#3679,.T.);
#3681=ORIENTED_EDGE('',*,*,#3680,.F.);
#3682=CARTESIAN_POINT('',(179.088997548,152.538343151,2.));
#3683=VERTEX_POINT('',#3682);
#3684=CARTESIAN_POINT('',(179.088997548,152.538343151,2.));
#3685=DIRECTION('',(0.,1.,-0.));
#3686=VECTOR('',#3685,3.144696731);
#3687=LINE('',#3684,#3686);
#3688=EDGE_CURVE('',#3683,#3674,#3687,.T.);
#3689=ORIENTED_EDGE('',*,*,#3688,.F.);
#3690=CARTESIAN_POINT('',(191.636724763,144.807364893,2.));
#3691=VERTEX_POINT('',#3690);
#3692=CARTESIAN_POINT('',(169.088997548,122.259637677,2.));
#3693=DIRECTION('',(0.,0.,1.));
#3694=DIRECTION('',(0.707106781,0.707106781,-0.));
#3695=AXIS2_PLACEMENT_3D('',#3692,#3693,#3694);
#3696=CIRCLE('',#3695,31.887301629);
#3697=EDGE_CURVE('',#3691,#3683,#3696,.T.);
#3698=ORIENTED_EDGE('',*,*,#3697,.F.);
#3699=CARTESIAN_POINT('',(199.384906428,132.207396736,2.));
#3700=VERTEX_POINT('',#3699);
#3701=CARTESIAN_POINT('',(169.088997548,122.259637677,2.));
#3702=DIRECTION('',(0.,0.,1.));
#3703=DIRECTION('',(0.707106781,0.707106781,-0.));
#3704=AXIS2_PLACEMENT_3D('',#3701,#3702,#3703);
#3705=CIRCLE('',#3704,31.887301629);
#3706=EDGE_CURVE('',#3700,#3691,#3705,.T.);
#3707=ORIENTED_EDGE('',*,*,#3706,.F.);
#3708=CARTESIAN_POINT('',(202.528393124,132.20602589,2.));
#3709=DIRECTION('',(-0.999999905,0.000436091,0.));
#3710=VECTOR('',#3709,3.143486994);
#3711=LINE('',#3708,#3710);
#3712=EDGE_CURVE('',#3665,#3700,#3711,.T.);
#3713=ORIENTED_EDGE('',*,*,#3712,.F.);
#3714=EDGE_LOOP('',(#3672,#3681,#3689,#3698,#3707,#3713));
#3715=FACE_BOUND('',#3714,.T.);
#3716=CARTESIAN_POINT('',(208.720323347,112.203323745,2.));
#3717=VERTEX_POINT('',#3716);
#3718=CARTESIAN_POINT('',(179.088997548,82.61406498,2.));
#3719=VERTEX_POINT('',#3718);
#3720=CARTESIAN_POINT('',(169.088997548,122.259637677,2.));
#3721=DIRECTION('',(-0.,-0.,-1.));
#3722=DIRECTION('',(0.707106781,0.707106781,-0.));
#3723=AXIS2_PLACEMENT_3D('',#3720,#3721,#3722);
#3724=CIRCLE('',#3723,40.887301629);
#3725=EDGE_CURVE('',#3717,#3719,#3724,.T.);
#3726=ORIENTED_EDGE('',*,*,#3725,.F.);
#3727=CARTESIAN_POINT('',(205.617690188,112.204676774,2.));
#3728=VERTEX_POINT('',#3727);
#3729=CARTESIAN_POINT('',(205.617690188,112.204676774,2.));
#3730=DIRECTION('',(0.999999905,-0.000436091,-0.));
#3731=VECTOR('',#3730,3.102633454);
#3732=LINE('',#3729,#3731);
#3733=EDGE_CURVE('',#3728,#3717,#3732,.T.);
#3734=ORIENTED_EDGE('',*,*,#3733,.F.);
#3735=CARTESIAN_POINT('',(179.088997548,85.715860851,2.));
#3736=VERTEX_POINT('',#3735);
#3737=CARTESIAN_POINT('',(169.088997548,122.259637677,2.));
#3738=DIRECTION('',(0.,0.,1.));
#3739=DIRECTION('',(0.707106781,0.707106781,-0.));
#3740=AXIS2_PLACEMENT_3D('',#3737,#3738,#3739);
#3741=CIRCLE('',#3740,37.887301629);
#3742=EDGE_CURVE('',#3736,#3728,#3741,.T.);
#3743=ORIENTED_EDGE('',*,*,#3742,.F.);
#3744=CARTESIAN_POINT('',(179.088997548,82.61406498,2.));
#3745=DIRECTION('',(-0.,1.,-0.));
#3746=VECTOR('',#3745,3.101795871);
#3747=LINE('',#3744,#3746);
#3748=EDGE_CURVE('',#3719,#3736,#3747,.T.);
#3749=ORIENTED_EDGE('',*,*,#3748,.F.);
#3750=EDGE_LOOP('',(#3726,#3734,#3743,#3749));
#3751=FACE_BOUND('',#3750,.T.);
#3752=CARTESIAN_POINT('',(159.088997548,82.61406498,2.));
#3753=VERTEX_POINT('',#3752);
#3754=CARTESIAN_POINT('',(129.448915892,112.237893275,2.));
#3755=VERTEX_POINT('',#3754);
#3756=CARTESIAN_POINT('',(169.088997548,122.259637677,2.));
#3757=DIRECTION('',(-0.,-0.,-1.));
#3758=DIRECTION('',(0.707106781,0.707106781,-0.));
#3759=AXIS2_PLACEMENT_3D('',#3756,#3757,#3758);
#3760=CIRCLE('',#3759,40.887301629);
#3761=EDGE_CURVE('',#3753,#3755,#3760,.T.);
#3762=ORIENTED_EDGE('',*,*,#3761,.F.);
#3763=CARTESIAN_POINT('',(159.088997548,85.715860851,2.));
#3764=VERTEX_POINT('',#3763);
#3765=CARTESIAN_POINT('',(159.088997548,85.715860851,2.));
#3766=DIRECTION('',(-0.,-1.,0.));
#3767=VECTOR('',#3766,3.101795871);
#3768=LINE('',#3765,#3767);
#3769=EDGE_CURVE('',#3764,#3753,#3768,.T.);
#3770=ORIENTED_EDGE('',*,*,#3769,.F.);
#3771=CARTESIAN_POINT('',(132.551549051,112.236540245,2.));
#3772=VERTEX_POINT('',#3771);
#3773=CARTESIAN_POINT('',(169.088997548,122.259637677,2.));
#3774=DIRECTION('',(0.,0.,1.));
#3775=DIRECTION('',(0.707106781,0.707106781,-0.));
#3776=AXIS2_PLACEMENT_3D('',#3773,#3774,#3775);
#3777=CIRCLE('',#3776,37.887301629);
#3778=EDGE_CURVE('',#3772,#3764,#3777,.T.);
#3779=ORIENTED_EDGE('',*,*,#3778,.F.);
#3780=CARTESIAN_POINT('',(129.448915892,112.237893275,2.));
#3781=DIRECTION('',(0.999999905,-0.000436091,-0.));
#3782=VECTOR('',#3781,3.102633454);
#3783=LINE('',#3780,#3782);
#3784=EDGE_CURVE('',#3755,#3772,#3783,.T.);
#3785=ORIENTED_EDGE('',*,*,#3784,.F.);
#3786=EDGE_LOOP('',(#3762,#3770,#3779,#3785));
#3787=FACE_BOUND('',#3786,.T.);
#3788=CARTESIAN_POINT('',(129.437948175,132.23789996,2.));
#3789=VERTEX_POINT('',#3788);
#3790=CARTESIAN_POINT('',(159.088997548,161.905210375,2.));
#3791=VERTEX_POINT('',#3790);
#3792=CARTESIAN_POINT('',(169.088997548,122.259637677,2.));
#3793=DIRECTION('',(-0.,-0.,-1.));
#3794=DIRECTION('',(0.707106781,0.707106781,-0.));
#3795=AXIS2_PLACEMENT_3D('',#3792,#3793,#3794);
#3796=CIRCLE('',#3795,40.887301629);
#3797=EDGE_CURVE('',#3789,#3791,#3796,.T.);
#3798=ORIENTED_EDGE('',*,*,#3797,.F.);
#3799=CARTESIAN_POINT('',(132.538910106,132.236547659,2.));
#3800=VERTEX_POINT('',#3799);
#3801=CARTESIAN_POINT('',(132.538910106,132.236547659,2.));
#3802=DIRECTION('',(-0.999999905,0.000436091,0.));
#3803=VECTOR('',#3802,3.100962226);
#3804=LINE('',#3801,#3803);
#3805=EDGE_CURVE('',#3800,#3789,#3804,.T.);
#3806=ORIENTED_EDGE('',*,*,#3805,.F.);
#3807=CARTESIAN_POINT('',(159.088997548,158.803414504,2.));
#3808=VERTEX_POINT('',#3807);
#3809=CARTESIAN_POINT('',(169.088997548,122.259637677,2.));
#3810=DIRECTION('',(0.,0.,1.));
#3811=DIRECTION('',(0.707106781,0.707106781,-0.));
#3812=AXIS2_PLACEMENT_3D('',#3809,#3810,#3811);
#3813=CIRCLE('',#3812,37.887301629);
#3814=EDGE_CURVE('',#3808,#3800,#3813,.T.);
#3815=ORIENTED_EDGE('',*,*,#3814,.F.);
#3816=CARTESIAN_POINT('',(159.088997548,161.905210375,2.));
#3817=DIRECTION('',(0.,-1.,0.));
#3818=VECTOR('',#3817,3.101795871);
#3819=LINE('',#3816,#3818);
#3820=EDGE_CURVE('',#3791,#3808,#3819,.T.);
#3821=ORIENTED_EDGE('',*,*,#3820,.F.);
#3822=EDGE_LOOP('',(#3798,#3806,#3815,#3821));
#3823=FACE_BOUND('',#3822,.T.);
#3824=CARTESIAN_POINT('',(198.000685794,151.171325924,2.));
#3825=VERTEX_POINT('',#3824);
#3826=CARTESIAN_POINT('',(208.748734694,132.203313256,2.));
#3827=VERTEX_POINT('',#3826);
#3828=CARTESIAN_POINT('',(169.088997548,122.259637677,2.));
#3829=DIRECTION('',(-0.,-0.,-1.));
#3830=DIRECTION('',(0.707106781,0.707106781,-0.));
#3831=AXIS2_PLACEMENT_3D('',#3828,#3829,#3830);
#3832=CIRCLE('',#3831,40.887301629);
#3833=EDGE_CURVE('',#3825,#3827,#3832,.T.);
#3834=ORIENTED_EDGE('',*,*,#3833,.F.);
#3835=CARTESIAN_POINT('',(179.088997548,161.905210375,2.));
#3836=VERTEX_POINT('',#3835);
#3837=CARTESIAN_POINT('',(169.088997548,122.259637677,2.));
#3838=DIRECTION('',(-0.,-0.,-1.));
#3839=DIRECTION('',(0.707106781,0.707106781,-0.));
#3840=AXIS2_PLACEMENT_3D('',#3837,#3838,#3839);
#3841=CIRCLE('',#3840,40.887301629);
#3842=EDGE_CURVE('',#3836,#3825,#3841,.T.);
#3843=ORIENTED_EDGE('',*,*,#3842,.F.);
#3844=CARTESIAN_POINT('',(179.088997548,158.803414504,2.));
#3845=VERTEX_POINT('',#3844);
#3846=CARTESIAN_POINT('',(179.088997548,158.803414504,2.));
#3847=DIRECTION('',(0.,1.,-0.));
#3848=VECTOR('',#3847,3.101795871);
#3849=LINE('',#3846,#3848);
#3850=EDGE_CURVE('',#3845,#3836,#3849,.T.);
#3851=ORIENTED_EDGE('',*,*,#3850,.F.);
#3852=CARTESIAN_POINT('',(195.879365451,149.05000558,2.));
#3853=VERTEX_POINT('',#3852);
#3854=CARTESIAN_POINT('',(169.088997548,122.259637677,2.));
#3855=DIRECTION('',(0.,0.,1.));
#3856=DIRECTION('',(0.707106781,0.707106781,-0.));
#3857=AXIS2_PLACEMENT_3D('',#3854,#3855,#3856);
#3858=CIRCLE('',#3857,37.887301629);
#3859=EDGE_CURVE('',#3853,#3845,#3858,.T.);
#3860=ORIENTED_EDGE('',*,*,#3859,.F.);
#3861=CARTESIAN_POINT('',(205.647772762,132.204665557,2.));
#3862=VERTEX_POINT('',#3861);
#3863=CARTESIAN_POINT('',(169.088997548,122.259637677,2.));
#3864=DIRECTION('',(0.,0.,1.));
#3865=DIRECTION('',(0.707106781,0.707106781,-0.));
#3866=AXIS2_PLACEMENT_3D('',#3863,#3864,#3865);
#3867=CIRCLE('',#3866,37.887301629);
#3868=EDGE_CURVE('',#3862,#3853,#3867,.T.);
#3869=ORIENTED_EDGE('',*,*,#3868,.F.);
#3870=CARTESIAN_POINT('',(208.748734694,132.203313256,2.));
#3871=DIRECTION('',(-0.999999905,0.000436091,0.));
#3872=VECTOR('',#3871,3.100962226);
#3873=LINE('',#3870,#3872);
#3874=EDGE_CURVE('',#3827,#3862,#3873,.T.);
#3875=ORIENTED_EDGE('',*,*,#3874,.F.);
#3876=EDGE_LOOP('',(#3834,#3843,#3851,#3860,#3869,#3875));
#3877=FACE_BOUND('',#3876,.T.);
#3878=CARTESIAN_POINT('',(214.88458173,112.200635568,2.));
#3879=VERTEX_POINT('',#3878);
#3880=CARTESIAN_POINT('',(179.088997548,76.45113351,2.));
#3881=VERTEX_POINT('',#3880);
#3882=CARTESIAN_POINT('',(169.088997548,122.259637677,2.));
#3883=DIRECTION('',(-0.,-0.,-1.));
#3884=DIRECTION('',(0.707106781,0.707106781,-0.));
#3885=AXIS2_PLACEMENT_3D('',#3882,#3883,#3884);
#3886=CIRCLE('',#3885,46.887301629);
#3887=EDGE_CURVE('',#3879,#3881,#3886,.T.);
#3888=ORIENTED_EDGE('',*,*,#3887,.F.);
#3889=CARTESIAN_POINT('',(211.808298901,112.201977107,2.));
#3890=VERTEX_POINT('',#3889);
#3891=CARTESIAN_POINT('',(211.808298901,112.201977107,2.));
#3892=DIRECTION('',(0.999999905,-0.000436091,-0.));
#3893=VECTOR('',#3892,3.076283122);
#3894=LINE('',#3891,#3893);
#3895=EDGE_CURVE('',#3890,#3879,#3894,.T.);
#3896=ORIENTED_EDGE('',*,*,#3895,.F.);
#3897=CARTESIAN_POINT('',(179.088997548,79.526802009,2.));
#3898=VERTEX_POINT('',#3897);
#3899=CARTESIAN_POINT('',(169.088997548,122.259637677,2.));
#3900=DIRECTION('',(0.,0.,1.));
#3901=DIRECTION('',(0.707106781,0.707106781,-0.));
#3902=AXIS2_PLACEMENT_3D('',#3899,#3900,#3901);
#3903=CIRCLE('',#3902,43.887301629);
#3904=EDGE_CURVE('',#3898,#3890,#3903,.T.);
#3905=ORIENTED_EDGE('',*,*,#3904,.F.);
#3906=CARTESIAN_POINT('',(179.088997548,76.45113351,2.));
#3907=DIRECTION('',(0.,1.,-0.));
#3908=VECTOR('',#3907,3.075668499);
#3909=LINE('',#3906,#3908);
#3910=EDGE_CURVE('',#3881,#3898,#3909,.T.);
#3911=ORIENTED_EDGE('',*,*,#3910,.F.);
#3912=EDGE_LOOP('',(#3888,#3896,#3905,#3911));
#3913=FACE_BOUND('',#3912,.T.);
#3914=CARTESIAN_POINT('',(159.088997548,76.45113351,2.));
#3915=VERTEX_POINT('',#3914);
#3916=CARTESIAN_POINT('',(123.284657509,112.240581452,2.));
#3917=VERTEX_POINT('',#3916);
#3918=CARTESIAN_POINT('',(169.088997548,122.259637677,2.));
#3919=DIRECTION('',(-0.,-0.,-1.));
#3920=DIRECTION('',(0.707106781,0.707106781,-0.));
#3921=AXIS2_PLACEMENT_3D('',#3918,#3919,#3920);
#3922=CIRCLE('',#3921,46.887301629);
#3923=EDGE_CURVE('',#3915,#3917,#3922,.T.);
#3924=ORIENTED_EDGE('',*,*,#3923,.F.);
#3925=CARTESIAN_POINT('',(159.088997548,79.526802008,2.));
#3926=VERTEX_POINT('',#3925);
#3927=CARTESIAN_POINT('',(159.088997548,79.526802008,2.));
#3928=DIRECTION('',(-0.,-1.,0.));
#3929=VECTOR('',#3928,3.075668499);
#3930=LINE('',#3927,#3929);
#3931=EDGE_CURVE('',#3926,#3915,#3930,.T.);
#3932=ORIENTED_EDGE('',*,*,#3931,.F.);
#3933=CARTESIAN_POINT('',(126.360940338,112.239239913,2.));
#3934=VERTEX_POINT('',#3933);
#3935=CARTESIAN_POINT('',(169.088997548,122.259637677,2.));
#3936=DIRECTION('',(0.,0.,1.));
#3937=DIRECTION('',(0.707106781,0.707106781,-0.));
#3938=AXIS2_PLACEMENT_3D('',#3935,#3936,#3937);
#3939=CIRCLE('',#3938,43.887301629);
#3940=EDGE_CURVE('',#3934,#3926,#3939,.T.);
#3941=ORIENTED_EDGE('',*,*,#3940,.F.);
#3942=CARTESIAN_POINT('',(123.284657509,112.240581452,2.));
#3943=DIRECTION('',(0.999999905,-0.000436091,-0.));
#3944=VECTOR('',#3943,3.076283122);
#3945=LINE('',#3942,#3944);
#3946=EDGE_CURVE('',#3917,#3934,#3945,.T.);
#3947=ORIENTED_EDGE('',*,*,#3946,.F.);
#3948=EDGE_LOOP('',(#3924,#3932,#3941,#3947));
#3949=FACE_BOUND('',#3948,.T.);
#3950=CARTESIAN_POINT('',(123.276338761,132.240586981,2.));
#3951=VERTEX_POINT('',#3950);
#3952=CARTESIAN_POINT('',(159.088997548,168.068141845,2.));
#3953=VERTEX_POINT('',#3952);
#3954=CARTESIAN_POINT('',(169.088997548,122.259637677,2.));
#3955=DIRECTION('',(-0.,-0.,-1.));
#3956=DIRECTION('',(0.707106781,0.707106781,-0.));
#3957=AXIS2_PLACEMENT_3D('',#3954,#3955,#3956);
#3958=CIRCLE('',#3957,46.887301629);
#3959=EDGE_CURVE('',#3951,#3953,#3958,.T.);
#3960=ORIENTED_EDGE('',*,*,#3959,.F.);
#3961=CARTESIAN_POINT('',(126.351395106,132.239245977,2.));
#3962=VERTEX_POINT('',#3961);
#3963=CARTESIAN_POINT('',(126.351395106,132.239245977,2.));
#3964=DIRECTION('',(-0.999999905,0.000436091,0.));
#3965=VECTOR('',#3964,3.075056637);
#3966=LINE('',#3963,#3965);
#3967=EDGE_CURVE('',#3962,#3951,#3966,.T.);
#3968=ORIENTED_EDGE('',*,*,#3967,.F.);
#3969=CARTESIAN_POINT('',(159.088997548,164.992473346,2.));
#3970=VERTEX_POINT('',#3969);
#3971=CARTESIAN_POINT('',(169.088997548,122.259637677,2.));
#3972=DIRECTION('',(0.,0.,1.));
#3973=DIRECTION('',(0.707106781,0.707106781,-0.));
#3974=AXIS2_PLACEMENT_3D('',#3971,#3972,#3973);
#3975=CIRCLE('',#3974,43.887301629);
#3976=EDGE_CURVE('',#3970,#3962,#3975,.T.);
#3977=ORIENTED_EDGE('',*,*,#3976,.F.);
#3978=CARTESIAN_POINT('',(159.088997548,168.068141845,2.));
#3979=DIRECTION('',(-0.,-1.,0.));
#3980=VECTOR('',#3979,3.075668499);
#3981=LINE('',#3978,#3980);
#3982=EDGE_CURVE('',#3953,#3970,#3981,.T.);
#3983=ORIENTED_EDGE('',*,*,#3982,.F.);
#3984=EDGE_LOOP('',(#3960,#3968,#3977,#3983));
#3985=FACE_BOUND('',#3984,.T.);
#3986=ADVANCED_FACE('',(#2696,#2959,#2970,#3024,#3035,#3046,#3057,#3068,#3079,#3090,#3101,#3112,#3139,#3166,#3193,#3229,#3265,#3301,#3337,#3391,#3427,#3463,#3499,#3553,#3589,#3625,
#3661,#3715,#3751,#3787,#3823,#3877,#3913,#3949,#3985),#2692,.F.);
#3987=CARTESIAN_POINT('',(132.555490781,46.830553977,4.4));
#3988=DIRECTION('',(-0.3782406,-0.925707323,0.));
#3989=DIRECTION('',(0.,0.,1.));
#3990=AXIS2_PLACEMENT_3D('',#3987,#3988,#3989);
#3991=PLANE('',#3990);
#3992=ORIENTED_EDGE('',*,*,#1100,.F.);
#3993=ORIENTED_EDGE('',*,*,#2604,.F.);
#3994=CARTESIAN_POINT('',(135.240042019,45.733656237,4.4));
#3995=VERTEX_POINT('',#3994);
#3996=CARTESIAN_POINT('',(132.555490781,46.830553977,4.4));
#3997=DIRECTION('',(0.925707323,-0.3782406,-0.));
#3998=VECTOR('',#3997,2.9);
#3999=LINE('',#3996,#3998);
#4000=EDGE_CURVE('',#2593,#3995,#3999,.T.);
#4001=ORIENTED_EDGE('',*,*,#4000,.T.);
#4002=CARTESIAN_POINT('',(135.240042019,45.733656237,4.4));
#4003=DIRECTION('',(0.,0.,1.));
#4004=VECTOR('',#4003,35.);
#4005=LINE('',#4002,#4004);
#4006=EDGE_CURVE('',#3995,#1095,#4005,.T.);
#4007=ORIENTED_EDGE('',*,*,#4006,.T.);
#4008=EDGE_LOOP('',(#3992,#3993,#4001,#4007));
#4009=FACE_BOUND('',#4008,.T.);
#4010=ADVANCED_FACE('',(#4009),#3991,.T.);
#4011=CARTESIAN_POINT('',(135.240042019,45.733656237,4.4));
#4012=DIRECTION('',(-0.990806358,-0.135287693,0.));
#4013=DIRECTION('',(-0.135287693,0.990806358,-0.));
#4014=AXIS2_PLACEMENT_3D('',#4011,#4012,#4013);
#4015=PLANE('',#4014);
#4016=ORIENTED_EDGE('',*,*,#1108,.F.);
#4017=ORIENTED_EDGE('',*,*,#4006,.F.);
#4018=CARTESIAN_POINT('',(135.240042019,45.733656237,4.4));
#4019=DIRECTION('',(0.135287693,-0.990806358,0.));
#4020=VECTOR('',#4019,2.9);
#4021=LINE('',#4018,#4020);
#4022=EDGE_CURVE('',#3995,#2623,#4021,.T.);
#4023=ORIENTED_EDGE('',*,*,#4022,.T.);
#4024=ORIENTED_EDGE('',*,*,#2628,.T.);
#4025=EDGE_LOOP('',(#4016,#4017,#4023,#4024));
#4026=FACE_BOUND('',#4025,.T.);
#4027=ADVANCED_FACE('',(#4026),#4015,.T.);
#4028=CARTESIAN_POINT('',(135.982435021,40.475428228,4.4));
#4029=DIRECTION('',(-0.,-0.,-1.));
#4030=DIRECTION('',(-0.925707323,0.3782406,0.));
#4031=AXIS2_PLACEMENT_3D('',#4028,#4029,#4030);
#4032=PLANE('',#4031);
#4033=CARTESIAN_POINT('',(134.104551281,45.063941726,4.4));
#4034=VERTEX_POINT('',#4033);
#4035=CARTESIAN_POINT('',(132.937825092,43.897215537,4.4));
#4036=DIRECTION('',(-0.,-0.,-1.));
#4037=DIRECTION('',(0.707106781,0.707106781,-0.));
#4038=AXIS2_PLACEMENT_3D('',#4035,#4036,#4037);
#4039=CIRCLE('',#4038,1.65);
#4040=EDGE_CURVE('',#4034,#4034,#4039,.T.);
#4041=ORIENTED_EDGE('',*,*,#4040,.T.);
#4042=EDGE_LOOP('',(#4041));
#4043=FACE_BOUND('',#4042,.T.);
#4044=ORIENTED_EDGE('',*,*,#2665,.F.);
#4045=ORIENTED_EDGE('',*,*,#2682,.F.);
#4046=ORIENTED_EDGE('',*,*,#2636,.F.);
#4047=ORIENTED_EDGE('',*,*,#4022,.F.);
#4048=ORIENTED_EDGE('',*,*,#4000,.F.);
#4049=ORIENTED_EDGE('',*,*,#2598,.F.);
#4050=EDGE_LOOP('',(#4044,#4045,#4046,#4047,#4048,#4049));
#4051=FACE_BOUND('',#4050,.T.);
#4052=ADVANCED_FACE('',(#4043,#4051),#4032,.F.);
#4053=CARTESIAN_POINT('',(247.451419688,87.418465222,4.4));
#4054=DIRECTION('',(-0.,-0.,-1.));
#4055=DIRECTION('',(0.707106781,0.707106781,-0.));
#4056=AXIS2_PLACEMENT_3D('',#4053,#4054,#4055);
#4057=CYLINDRICAL_SURFACE('',#4056,1.65);
#4058=CARTESIAN_POINT('',(248.618145877,88.585191411,4.4));
#4059=VERTEX_POINT('',#4058);
#4060=CARTESIAN_POINT('',(248.618145877,88.585191411,2.));
#4061=DIRECTION('',(0.,0.,1.));
#4062=VECTOR('',#4061,2.4);
#4063=LINE('',#4060,#4062);
#4064=EDGE_CURVE('',#3070,#4059,#4063,.T.);
#4065=ORIENTED_EDGE('',*,*,#4064,.F.);
#4066=ORIENTED_EDGE('',*,*,#3076,.T.);
#4067=ORIENTED_EDGE('',*,*,#4064,.T.);
#4068=CARTESIAN_POINT('',(247.451419688,87.418465222,4.4));
#4069=DIRECTION('',(-0.,-0.,-1.));
#4070=DIRECTION('',(0.707106781,0.707106781,-0.));
#4071=AXIS2_PLACEMENT_3D('',#4068,#4069,#4070);
#4072=CIRCLE('',#4071,1.65);
#4073=EDGE_CURVE('',#4059,#4059,#4072,.T.);
#4074=ORIENTED_EDGE('',*,*,#4073,.F.);
#4075=EDGE_LOOP('',(#4065,#4066,#4067,#4074));
#4076=FACE_BOUND('',#4075,.T.);
#4077=ADVANCED_FACE('',(#4076),#4057,.F.);
#4078=CARTESIAN_POINT('',(247.451419688,157.100810133,4.4));
#4079=DIRECTION('',(-0.,-0.,-1.));
#4080=DIRECTION('',(0.707106781,0.707106781,-0.));
#4081=AXIS2_PLACEMENT_3D('',#4078,#4079,#4080);
#4082=CYLINDRICAL_SURFACE('',#4081,1.65);
#4083=CARTESIAN_POINT('',(248.618145877,158.267536321,4.4));
#4084=VERTEX_POINT('',#4083);
#4085=CARTESIAN_POINT('',(248.618145877,158.267536321,2.));
#4086=DIRECTION('',(0.,0.,1.));
#4087=VECTOR('',#4086,2.4);
#4088=LINE('',#4085,#4087);
#4089=EDGE_CURVE('',#3037,#4084,#4088,.T.);
#4090=ORIENTED_EDGE('',*,*,#4089,.F.);
#4091=ORIENTED_EDGE('',*,*,#3043,.T.);
#4092=ORIENTED_EDGE('',*,*,#4089,.T.);
#4093=CARTESIAN_POINT('',(247.451419688,157.100810133,4.4));
#4094=DIRECTION('',(-0.,-0.,-1.));
#4095=DIRECTION('',(0.707106781,0.707106781,-0.));
#4096=AXIS2_PLACEMENT_3D('',#4093,#4094,#4095);
#4097=CIRCLE('',#4096,1.65);
#4098=EDGE_CURVE('',#4084,#4084,#4097,.T.);
#4099=ORIENTED_EDGE('',*,*,#4098,.F.);
#4100=EDGE_LOOP('',(#4090,#4091,#4092,#4099));
#4101=FACE_BOUND('',#4100,.T.);
#4102=ADVANCED_FACE('',(#4101),#4082,.F.);
#4103=CARTESIAN_POINT('',(90.726575407,157.100810133,4.4));
#4104=DIRECTION('',(-0.,-0.,-1.));
#4105=DIRECTION('',(0.707106781,0.707106781,-0.));
#4106=AXIS2_PLACEMENT_3D('',#4103,#4104,#4105);
#4107=CYLINDRICAL_SURFACE('',#4106,1.65);
#4108=CARTESIAN_POINT('',(91.893301596,158.267536322,4.4));
#4109=VERTEX_POINT('',#4108);
#4110=CARTESIAN_POINT('',(91.893301596,158.267536322,2.));
#4111=DIRECTION('',(0.,0.,1.));
#4112=VECTOR('',#4111,2.4);
#4113=LINE('',#4110,#4112);
#4114=EDGE_CURVE('',#3026,#4109,#4113,.T.);
#4115=ORIENTED_EDGE('',*,*,#4114,.F.);
#4116=ORIENTED_EDGE('',*,*,#3032,.T.);
#4117=ORIENTED_EDGE('',*,*,#4114,.T.);
#4118=CARTESIAN_POINT('',(90.726575407,157.100810133,4.4));
#4119=DIRECTION('',(-0.,-0.,-1.));
#4120=DIRECTION('',(0.707106781,0.707106781,-0.));
#4121=AXIS2_PLACEMENT_3D('',#4118,#4119,#4120);
#4122=CIRCLE('',#4121,1.65);
#4123=EDGE_CURVE('',#4109,#4109,#4122,.T.);
#4124=ORIENTED_EDGE('',*,*,#4123,.F.);
#4125=EDGE_LOOP('',(#4115,#4116,#4117,#4124));
#4126=FACE_BOUND('',#4125,.T.);
#4127=ADVANCED_FACE('',(#4126),#4107,.F.);
#4128=CARTESIAN_POINT('',(132.937825092,43.897215537,4.4));
#4129=DIRECTION('',(-0.,-0.,-1.));
#4130=DIRECTION('',(0.707106781,0.707106781,-0.));
#4131=AXIS2_PLACEMENT_3D('',#4128,#4129,#4130);
#4132=CYLINDRICAL_SURFACE('',#4131,1.65);
#4133=CARTESIAN_POINT('',(134.104551281,45.063941726,2.));
#4134=DIRECTION('',(0.,0.,1.));
#4135=VECTOR('',#4134,2.4);
#4136=LINE('',#4133,#4135);
#4137=EDGE_CURVE('',#2961,#4034,#4136,.T.);
#4138=ORIENTED_EDGE('',*,*,#4137,.F.);
#4139=ORIENTED_EDGE('',*,*,#2967,.T.);
#4140=ORIENTED_EDGE('',*,*,#4137,.T.);
#4141=ORIENTED_EDGE('',*,*,#4040,.F.);
#4142=EDGE_LOOP('',(#4138,#4139,#4140,#4141));
#4143=FACE_BOUND('',#4142,.T.);
#4144=ADVANCED_FACE('',(#4143),#4132,.F.);
#4145=CARTESIAN_POINT('',(169.088997548,122.259637677,4.4));
#4146=DIRECTION('',(-0.,-0.,-1.));
#4147=DIRECTION('',(0.707106781,0.707106781,-0.));
#4148=AXIS2_PLACEMENT_3D('',#4145,#4146,#4147);
#4149=CYLINDRICAL_SURFACE('',#4148,46.887301629);
#4150=CARTESIAN_POINT('',(202.243326481,155.413966611,4.4));
#4151=VERTEX_POINT('',#4150);
#4152=CARTESIAN_POINT('',(202.243326481,155.413966611,2.));
#4153=DIRECTION('',(0.,0.,1.));
#4154=VECTOR('',#4153,2.4);
#4155=LINE('',#4152,#4154);
#4156=EDGE_CURVE('',#2972,#4151,#4155,.T.);
#4157=ORIENTED_EDGE('',*,*,#4156,.F.);
#4158=ORIENTED_EDGE('',*,*,#2980,.T.);
#4159=CARTESIAN_POINT('',(214.910344108,132.200626235,4.4));
#4160=VERTEX_POINT('',#4159);
#4161=CARTESIAN_POINT('',(214.910344108,132.200626235,4.4));
#4162=DIRECTION('',(-0.,-0.,-1.));
#4163=VECTOR('',#4162,2.4);
#4164=LINE('',#4161,#4163);
#4165=EDGE_CURVE('',#4160,#2974,#4164,.T.);
#4166=ORIENTED_EDGE('',*,*,#4165,.F.);
#4167=CARTESIAN_POINT('',(169.088997548,122.259637677,4.4));
#4168=DIRECTION('',(-0.,-0.,-1.));
#4169=DIRECTION('',(0.707106781,0.707106781,-0.));
#4170=AXIS2_PLACEMENT_3D('',#4167,#4168,#4169);
#4171=CIRCLE('',#4170,46.887301629);
#4172=EDGE_CURVE('',#4151,#4160,#4171,.T.);
#4173=ORIENTED_EDGE('',*,*,#4172,.F.);
#4174=EDGE_LOOP('',(#4157,#4158,#4166,#4173));
#4175=FACE_BOUND('',#4174,.T.);
#4176=ADVANCED_FACE('',(#4175),#4149,.F.);
#4177=CARTESIAN_POINT('',(179.088997548,164.992473346,4.4));
#4178=DIRECTION('',(-1.,0.,0.));
#4179=DIRECTION('',(-0.,-1.,0.));
#4180=AXIS2_PLACEMENT_3D('',#4177,#4178,#4179);
#4181=PLANE('',#4180);
#4182=ORIENTED_EDGE('',*,*,#2997,.T.);
#4183=CARTESIAN_POINT('',(179.088997548,168.068141845,4.4));
#4184=VERTEX_POINT('',#4183);
#4185=CARTESIAN_POINT('',(179.088997548,168.068141845,4.4));
#4186=DIRECTION('',(-0.,-0.,-1.));
#4187=VECTOR('',#4186,2.4);
#4188=LINE('',#4185,#4187);
#4189=EDGE_CURVE('',#4184,#2983,#4188,.T.);
#4190=ORIENTED_EDGE('',*,*,#4189,.F.);
#4191=CARTESIAN_POINT('',(179.088997548,164.992473346,4.4));
#4192=VERTEX_POINT('',#4191);
#4193=CARTESIAN_POINT('',(179.088997548,164.992473346,4.4));
#4194=DIRECTION('',(0.,1.,-0.));
#4195=VECTOR('',#4194,3.075668499);
#4196=LINE('',#4193,#4195);
#4197=EDGE_CURVE('',#4192,#4184,#4196,.T.);
#4198=ORIENTED_EDGE('',*,*,#4197,.F.);
#4199=CARTESIAN_POINT('',(179.088997548,164.992473346,4.4));
#4200=DIRECTION('',(-0.,-0.,-1.));
#4201=VECTOR('',#4200,2.4);
#4202=LINE('',#4199,#4201);
#4203=EDGE_CURVE('',#4192,#2992,#4202,.T.);
#4204=ORIENTED_EDGE('',*,*,#4203,.T.);
#4205=EDGE_LOOP('',(#4182,#4190,#4198,#4204));
#4206=FACE_BOUND('',#4205,.T.);
#4207=ADVANCED_FACE('',(#4206),#4181,.F.);
#4208=CARTESIAN_POINT('',(169.088997548,122.259637677,4.4));
#4209=DIRECTION('',(-0.,-0.,-1.));
#4210=DIRECTION('',(0.707106781,0.707106781,-0.));
#4211=AXIS2_PLACEMENT_3D('',#4208,#4209,#4210);
#4212=CYLINDRICAL_SURFACE('',#4211,43.887301629);
#4213=CARTESIAN_POINT('',(200.122006138,153.292646267,4.4));
#4214=VERTEX_POINT('',#4213);
#4215=CARTESIAN_POINT('',(200.122006138,153.292646267,2.));
#4216=DIRECTION('',(0.,0.,1.));
#4217=VECTOR('',#4216,2.4);
#4218=LINE('',#4215,#4217);
#4219=EDGE_CURVE('',#3000,#4214,#4218,.T.);
#4220=ORIENTED_EDGE('',*,*,#4219,.T.);
#4221=CARTESIAN_POINT('',(211.835287763,132.201967239,4.4));
#4222=VERTEX_POINT('',#4221);
#4223=CARTESIAN_POINT('',(169.088997548,122.259637677,4.4));
#4224=DIRECTION('',(0.,0.,1.));
#4225=DIRECTION('',(0.707106781,0.707106781,-0.));
#4226=AXIS2_PLACEMENT_3D('',#4223,#4224,#4225);
#4227=CIRCLE('',#4226,43.887301629);
#4228=EDGE_CURVE('',#4222,#4214,#4227,.T.);
#4229=ORIENTED_EDGE('',*,*,#4228,.F.);
#4230=CARTESIAN_POINT('',(211.835287763,132.201967239,4.4));
#4231=DIRECTION('',(-0.,-0.,-1.));
#4232=VECTOR('',#4231,2.4);
#4233=LINE('',#4230,#4232);
#4234=EDGE_CURVE('',#4222,#3009,#4233,.T.);
#4235=ORIENTED_EDGE('',*,*,#4234,.T.);
#4236=ORIENTED_EDGE('',*,*,#3015,.T.);
#4237=EDGE_LOOP('',(#4220,#4229,#4235,#4236));
#4238=FACE_BOUND('',#4237,.T.);
#4239=ADVANCED_FACE('',(#4238),#4212,.T.);
#4240=CARTESIAN_POINT('',(214.910344108,132.200626235,4.4));
#4241=DIRECTION('',(-0.000436091,-0.999999905,0.));
#4242=DIRECTION('',(0.999999905,-0.000436091,-0.));
#4243=AXIS2_PLACEMENT_3D('',#4240,#4241,#4242);
#4244=PLANE('',#4243);
#4245=ORIENTED_EDGE('',*,*,#3021,.T.);
#4246=ORIENTED_EDGE('',*,*,#4234,.F.);
#4247=CARTESIAN_POINT('',(214.910344108,132.200626235,4.4));
#4248=DIRECTION('',(-0.999999905,0.000436091,0.));
#4249=VECTOR('',#4248,3.075056637);
#4250=LINE('',#4247,#4249);
#4251=EDGE_CURVE('',#4160,#4222,#4250,.T.);
#4252=ORIENTED_EDGE('',*,*,#4251,.F.);
#4253=ORIENTED_EDGE('',*,*,#4165,.T.);
#4254=EDGE_LOOP('',(#4245,#4246,#4252,#4253));
#4255=FACE_BOUND('',#4254,.T.);
#4256=ADVANCED_FACE('',(#4255),#4244,.F.);
#4257=CARTESIAN_POINT('',(202.796104328,193.490070536,39.4));
#4258=DIRECTION('',(-0.707106781,0.707106781,-0.));
#4259=DIRECTION('',(-0.707106781,-0.707106781,0.));
#4260=AXIS2_PLACEMENT_3D('',#4257,#4258,#4259);
#4261=PLANE('',#4260);
#4262=ORIENTED_EDGE('',*,*,#2866,.T.);
#4263=CARTESIAN_POINT('',(209.800790787,200.494756995,39.4));
#4264=VERTEX_POINT('',#4263);
#4265=CARTESIAN_POINT('',(209.800790787,200.494756995,2.));
#4266=DIRECTION('',(0.,0.,1.));
#4267=VECTOR('',#4266,37.4);
#4268=LINE('',#4265,#4267);
#4269=EDGE_CURVE('',#2852,#4264,#4268,.T.);
#4270=ORIENTED_EDGE('',*,*,#4269,.T.);
#4271=CARTESIAN_POINT('',(202.088997547,192.782963755,39.4));
#4272=VERTEX_POINT('',#4271);
#4273=CARTESIAN_POINT('',(202.088997547,192.782963755,39.4));
#4274=DIRECTION('',(0.707106781,0.707106781,-0.));
#4275=VECTOR('',#4274,10.90612259);
#4276=LINE('',#4273,#4275);
#4277=EDGE_CURVE('',#4272,#4264,#4276,.T.);
#4278=ORIENTED_EDGE('',*,*,#4277,.F.);
#4279=CARTESIAN_POINT('',(202.088997547,192.782963755,39.4));
#4280=DIRECTION('',(-0.,-0.,-1.));
#4281=VECTOR('',#4280,37.4);
#4282=LINE('',#4279,#4281);
#4283=EDGE_CURVE('',#4272,#2861,#4282,.T.);
#4284=ORIENTED_EDGE('',*,*,#4283,.T.);
#4285=EDGE_LOOP('',(#4262,#4270,#4278,#4284));
#4286=FACE_BOUND('',#4285,.T.);
#4287=ADVANCED_FACE('',(#4286),#4261,.F.);
#4288=CARTESIAN_POINT('',(127.633619796,201.238341508,39.4));
#4289=DIRECTION('',(0.707106781,0.707106781,-0.));
#4290=DIRECTION('',(-0.707106781,0.707106781,0.));
#4291=AXIS2_PLACEMENT_3D('',#4288,#4289,#4290);
#4292=PLANE('',#4291);
#4293=CARTESIAN_POINT('',(128.377204308,200.494756995,39.4));
#4294=VERTEX_POINT('',#4293);
#4295=CARTESIAN_POINT('',(136.088997547,192.782963757,39.4));
#4296=VERTEX_POINT('',#4295);
#4297=CARTESIAN_POINT('',(128.377204308,200.494756995,39.4));
#4298=DIRECTION('',(0.707106781,-0.707106781,-0.));
#4299=VECTOR('',#4298,10.906122588);
#4300=LINE('',#4297,#4299);
#4301=EDGE_CURVE('',#4294,#4296,#4300,.T.);
#4302=ORIENTED_EDGE('',*,*,#4301,.F.);
#4303=CARTESIAN_POINT('',(128.377204308,200.494756995,39.4));
#4304=DIRECTION('',(-0.,-0.,-1.));
#4305=VECTOR('',#4304,37.4);
#4306=LINE('',#4303,#4305);
#4307=EDGE_CURVE('',#4294,#2817,#4306,.T.);
#4308=ORIENTED_EDGE('',*,*,#4307,.T.);
#4309=ORIENTED_EDGE('',*,*,#2822,.T.);
#4310=CARTESIAN_POINT('',(136.088997547,192.782963756,39.4));
#4311=DIRECTION('',(-0.,-0.,-1.));
#4312=VECTOR('',#4311,37.4);
#4313=LINE('',#4310,#4312);
#4314=EDGE_CURVE('',#4296,#2809,#4313,.T.);
#4315=ORIENTED_EDGE('',*,*,#4314,.F.);
#4316=EDGE_LOOP('',(#4302,#4308,#4309,#4315));
#4317=FACE_BOUND('',#4316,.T.);
#4318=ADVANCED_FACE('',(#4317),#4292,.F.);
#4319=CARTESIAN_POINT('',(138.488997547,184.290626012,39.4));
#4320=DIRECTION('',(-1.,0.,0.));
#4321=DIRECTION('',(-0.,-1.,0.));
#4322=AXIS2_PLACEMENT_3D('',#4319,#4320,#4321);
#4323=PLANE('',#4322);
#4324=CARTESIAN_POINT('',(138.488997547,184.290626012,4.4));
#4325=VERTEX_POINT('',#4324);
#4326=CARTESIAN_POINT('',(138.488997547,204.341304327,4.4));
#4327=VERTEX_POINT('',#4326);
#4328=CARTESIAN_POINT('',(138.488997547,184.290626012,4.4));
#4329=DIRECTION('',(0.,1.,-0.));
#4330=VECTOR('',#4329,20.050678315);
#4331=LINE('',#4328,#4330);
#4332=EDGE_CURVE('',#4325,#4327,#4331,.T.);
#4333=ORIENTED_EDGE('',*,*,#4332,.T.);
#4334=CARTESIAN_POINT('',(138.488997547,204.341304327,39.4));
#4335=VERTEX_POINT('',#4334);
#4336=CARTESIAN_POINT('',(138.488997547,204.341304327,39.4));
#4337=DIRECTION('',(-0.,-0.,-1.));
#4338=VECTOR('',#4337,35.);
#4339=LINE('',#4336,#4338);
#4340=EDGE_CURVE('',#4335,#4327,#4339,.T.);
#4341=ORIENTED_EDGE('',*,*,#4340,.F.);
#4342=CARTESIAN_POINT('',(138.488997547,184.290626012,39.4));
#4343=VERTEX_POINT('',#4342);
#4344=CARTESIAN_POINT('',(138.488997547,184.290626012,39.4));
#4345=DIRECTION('',(0.,1.,-0.));
#4346=VECTOR('',#4345,20.050678315);
#4347=LINE('',#4344,#4346);
#4348=EDGE_CURVE('',#4343,#4335,#4347,.T.);
#4349=ORIENTED_EDGE('',*,*,#4348,.F.);
#4350=CARTESIAN_POINT('',(138.488997547,184.290626012,39.4));
#4351=DIRECTION('',(-0.,-0.,-1.));
#4352=VECTOR('',#4351,35.);
#4353=LINE('',#4350,#4352);
#4354=EDGE_CURVE('',#4343,#4325,#4353,.T.);
#4355=ORIENTED_EDGE('',*,*,#4354,.T.);
#4356=EDGE_LOOP('',(#4333,#4341,#4349,#4355));
#4357=FACE_BOUND('',#4356,.T.);
#4358=ADVANCED_FACE('',(#4357),#4323,.F.);
#4359=CARTESIAN_POINT('',(169.088997547,122.259637677,39.4));
#4360=DIRECTION('',(-0.,-0.,-1.));
#4361=DIRECTION('',(0.707106781,-0.707106781,-0.));
#4362=AXIS2_PLACEMENT_3D('',#4359,#4360,#4361);
#4363=CYLINDRICAL_SURFACE('',#4362,87.6);
#4364=CARTESIAN_POINT('',(145.088997547,206.507842405,9.4));
#4365=VERTEX_POINT('',#4364);
#4366=CARTESIAN_POINT('',(145.088997547,206.507842405,34.4));
#4367=VERTEX_POINT('',#4366);
#4368=CARTESIAN_POINT('',(145.088997547,206.507842405,9.4));
#4369=DIRECTION('',(0.,0.,1.));
#4370=VECTOR('',#4369,25.);
#4371=LINE('',#4368,#4370);
#4372=EDGE_CURVE('',#4365,#4367,#4371,.T.);
#4373=ORIENTED_EDGE('',*,*,#4372,.F.);
#4374=CARTESIAN_POINT('',(143.088997547,205.912252699,9.4));
#4375=VERTEX_POINT('',#4374);
#4376=CARTESIAN_POINT('',(169.088997547,122.259637677,9.4));
#4377=DIRECTION('',(0.,0.,1.));
#4378=DIRECTION('',(0.707106781,0.707106781,-0.));
#4379=AXIS2_PLACEMENT_3D('',#4376,#4377,#4378);
#4380=CIRCLE('',#4379,87.6);
#4381=EDGE_CURVE('',#4365,#4375,#4380,.T.);
#4382=ORIENTED_EDGE('',*,*,#4381,.T.);
#4383=CARTESIAN_POINT('',(143.088997547,205.912252699,34.4));
#4384=VERTEX_POINT('',#4383);
#4385=CARTESIAN_POINT('',(143.088997547,205.912252699,34.4));
#4386=DIRECTION('',(-0.,-0.,-1.));
#4387=VECTOR('',#4386,25.);
#4388=LINE('',#4385,#4387);
#4389=EDGE_CURVE('',#4384,#4375,#4388,.T.);
#4390=ORIENTED_EDGE('',*,*,#4389,.F.);
#4391=CARTESIAN_POINT('',(169.088997547,122.259637677,34.4));
#4392=DIRECTION('',(0.,0.,1.));
#4393=DIRECTION('',(0.707106781,0.707106781,-0.));
#4394=AXIS2_PLACEMENT_3D('',#4391,#4392,#4393);
#4395=CIRCLE('',#4394,87.6);
#4396=EDGE_CURVE('',#4367,#4384,#4395,.T.);
#4397=ORIENTED_EDGE('',*,*,#4396,.F.);
#4398=EDGE_LOOP('',(#4373,#4382,#4390,#4397));
#4399=FACE_BOUND('',#4398,.T.);
#4400=CARTESIAN_POINT('',(150.088997547,207.77431478,9.4));
#4401=VERTEX_POINT('',#4400);
#4402=CARTESIAN_POINT('',(150.088997547,207.77431478,34.4));
#4403=VERTEX_POINT('',#4402);
#4404=CARTESIAN_POINT('',(150.088997547,207.77431478,9.4));
#4405=DIRECTION('',(0.,0.,1.));
#4406=VECTOR('',#4405,25.);
#4407=LINE('',#4404,#4406);
#4408=EDGE_CURVE('',#4401,#4403,#4407,.T.);
#4409=ORIENTED_EDGE('',*,*,#4408,.F.);
#4410=CARTESIAN_POINT('',(148.088997547,207.305272485,9.4));
#4411=VERTEX_POINT('',#4410);
#4412=CARTESIAN_POINT('',(169.088997547,122.259637677,9.4));
#4413=DIRECTION('',(0.,0.,1.));
#4414=DIRECTION('',(0.707106781,0.707106781,-0.));
#4415=AXIS2_PLACEMENT_3D('',#4412,#4413,#4414);
#4416=CIRCLE('',#4415,87.6);
#4417=EDGE_CURVE('',#4401,#4411,#4416,.T.);
#4418=ORIENTED_EDGE('',*,*,#4417,.T.);
#4419=CARTESIAN_POINT('',(148.088997547,207.305272485,34.4));
#4420=VERTEX_POINT('',#4419);
#4421=CARTESIAN_POINT('',(148.088997547,207.305272485,34.4));
#4422=DIRECTION('',(-0.,-0.,-1.));
#4423=VECTOR('',#4422,25.);
#4424=LINE('',#4421,#4423);
#4425=EDGE_CURVE('',#4420,#4411,#4424,.T.);
#4426=ORIENTED_EDGE('',*,*,#4425,.F.);
#4427=CARTESIAN_POINT('',(169.088997547,122.259637677,34.4));
#4428=DIRECTION('',(0.,0.,1.));
#4429=DIRECTION('',(0.707106781,0.707106781,-0.));
#4430=AXIS2_PLACEMENT_3D('',#4427,#4428,#4429);
#4431=CIRCLE('',#4430,87.6);
#4432=EDGE_CURVE('',#4403,#4420,#4431,.T.);
#4433=ORIENTED_EDGE('',*,*,#4432,.F.);
#4434=EDGE_LOOP('',(#4409,#4418,#4426,#4433));
#4435=FACE_BOUND('',#4434,.T.);
#4436=CARTESIAN_POINT('',(155.088997547,208.733680025,9.4));
#4437=VERTEX_POINT('',#4436);
#4438=CARTESIAN_POINT('',(155.088997547,208.733680025,34.4));
#4439=VERTEX_POINT('',#4438);
#4440=CARTESIAN_POINT('',(155.088997547,208.733680025,9.4));
#4441=DIRECTION('',(0.,0.,1.));
#4442=VECTOR('',#4441,25.);
#4443=LINE('',#4440,#4442);
#4444=EDGE_CURVE('',#4437,#4439,#4443,.T.);
#4445=ORIENTED_EDGE('',*,*,#4444,.F.);
#4446=CARTESIAN_POINT('',(153.088997547,208.386056388,9.4));
#4447=VERTEX_POINT('',#4446);
#4448=CARTESIAN_POINT('',(169.088997547,122.259637677,9.4));
#4449=DIRECTION('',(0.,0.,1.));
#4450=DIRECTION('',(0.707106781,0.707106781,-0.));
#4451=AXIS2_PLACEMENT_3D('',#4448,#4449,#4450);
#4452=CIRCLE('',#4451,87.6);
#4453=EDGE_CURVE('',#4437,#4447,#4452,.T.);
#4454=ORIENTED_EDGE('',*,*,#4453,.T.);
#4455=CARTESIAN_POINT('',(153.088997547,208.386056388,34.4));
#4456=VERTEX_POINT('',#4455);
#4457=CARTESIAN_POINT('',(153.088997547,208.386056388,34.4));
#4458=DIRECTION('',(-0.,-0.,-1.));
#4459=VECTOR('',#4458,25.);
#4460=LINE('',#4457,#4459);
#4461=EDGE_CURVE('',#4456,#4447,#4460,.T.);
#4462=ORIENTED_EDGE('',*,*,#4461,.F.);
#4463=CARTESIAN_POINT('',(169.088997547,122.259637677,34.4));
#4464=DIRECTION('',(0.,0.,1.));
#4465=DIRECTION('',(0.707106781,0.707106781,-0.));
#4466=AXIS2_PLACEMENT_3D('',#4463,#4464,#4465);
#4467=CIRCLE('',#4466,87.6);
#4468=EDGE_CURVE('',#4439,#4456,#4467,.T.);
#4469=ORIENTED_EDGE('',*,*,#4468,.F.);
#4470=EDGE_LOOP('',(#4445,#4454,#4462,#4469));
#4471=FACE_BOUND('',#4470,.T.);
#4472=CARTESIAN_POINT('',(160.088997547,209.396082406,9.4));
#4473=VERTEX_POINT('',#4472);
#4474=CARTESIAN_POINT('',(160.088997547,209.396082406,34.4));
#4475=VERTEX_POINT('',#4474);
#4476=CARTESIAN_POINT('',(160.088997547,209.396082406,9.4));
#4477=DIRECTION('',(0.,0.,1.));
#4478=VECTOR('',#4477,25.);
#4479=LINE('',#4476,#4478);
#4480=EDGE_CURVE('',#4473,#4475,#4479,.T.);
#4481=ORIENTED_EDGE('',*,*,#4480,.F.);
#4482=CARTESIAN_POINT('',(158.088997547,209.166254226,9.4));
#4483=VERTEX_POINT('',#4482);
#4484=CARTESIAN_POINT('',(169.088997547,122.259637677,9.4));
#4485=DIRECTION('',(0.,0.,1.));
#4486=DIRECTION('',(0.707106781,0.707106781,-0.));
#4487=AXIS2_PLACEMENT_3D('',#4484,#4485,#4486);
#4488=CIRCLE('',#4487,87.6);
#4489=EDGE_CURVE('',#4473,#4483,#4488,.T.);
#4490=ORIENTED_EDGE('',*,*,#4489,.T.);
#4491=CARTESIAN_POINT('',(158.088997547,209.166254226,34.4));
#4492=VERTEX_POINT('',#4491);
#4493=CARTESIAN_POINT('',(158.088997547,209.166254226,34.4));
#4494=DIRECTION('',(-0.,-0.,-1.));
#4495=VECTOR('',#4494,25.);
#4496=LINE('',#4493,#4495);
#4497=EDGE_CURVE('',#4492,#4483,#4496,.T.);
#4498=ORIENTED_EDGE('',*,*,#4497,.F.);
#4499=CARTESIAN_POINT('',(169.088997547,122.259637677,34.4));
#4500=DIRECTION('',(0.,0.,1.));
#4501=DIRECTION('',(0.707106781,0.707106781,-0.));
#4502=AXIS2_PLACEMENT_3D('',#4499,#4500,#4501);
#4503=CIRCLE('',#4502,87.6);
#4504=EDGE_CURVE('',#4475,#4492,#4503,.T.);
#4505=ORIENTED_EDGE('',*,*,#4504,.F.);
#4506=EDGE_LOOP('',(#4481,#4490,#4498,#4505));
#4507=FACE_BOUND('',#4506,.T.);
#4508=CARTESIAN_POINT('',(165.088997547,209.768265823,9.4));
#4509=VERTEX_POINT('',#4508);
#4510=CARTESIAN_POINT('',(165.088997547,209.768265823,34.4));
#4511=VERTEX_POINT('',#4510);
#4512=CARTESIAN_POINT('',(165.088997547,209.768265823,9.4));
#4513=DIRECTION('',(0.,0.,1.));
#4514=VECTOR('',#4513,25.);
#4515=LINE('',#4512,#4514);
#4516=EDGE_CURVE('',#4509,#4511,#4515,.T.);
#4517=ORIENTED_EDGE('',*,*,#4516,.F.);
#4518=CARTESIAN_POINT('',(163.088997547,209.653916666,9.4));
#4519=VERTEX_POINT('',#4518);
#4520=CARTESIAN_POINT('',(169.088997547,122.259637677,9.4));
#4521=DIRECTION('',(0.,0.,1.));
#4522=DIRECTION('',(0.707106781,0.707106781,-0.));
#4523=AXIS2_PLACEMENT_3D('',#4520,#4521,#4522);
#4524=CIRCLE('',#4523,87.6);
#4525=EDGE_CURVE('',#4509,#4519,#4524,.T.);
#4526=ORIENTED_EDGE('',*,*,#4525,.T.);
#4527=CARTESIAN_POINT('',(163.088997547,209.653916666,34.4));
#4528=VERTEX_POINT('',#4527);
#4529=CARTESIAN_POINT('',(163.088997547,209.653916666,34.4));
#4530=DIRECTION('',(-0.,-0.,-1.));
#4531=VECTOR('',#4530,25.);
#4532=LINE('',#4529,#4531);
#4533=EDGE_CURVE('',#4528,#4519,#4532,.T.);
#4534=ORIENTED_EDGE('',*,*,#4533,.F.);
#4535=CARTESIAN_POINT('',(169.088997547,122.259637677,34.4));
#4536=DIRECTION('',(0.,0.,1.));
#4537=DIRECTION('',(0.707106781,0.707106781,-0.));
#4538=AXIS2_PLACEMENT_3D('',#4535,#4536,#4537);
#4539=CIRCLE('',#4538,87.6);
#4540=EDGE_CURVE('',#4511,#4528,#4539,.T.);
#4541=ORIENTED_EDGE('',*,*,#4540,.F.);
#4542=EDGE_LOOP('',(#4517,#4526,#4534,#4541));
#4543=FACE_BOUND('',#4542,.T.);
#4544=CARTESIAN_POINT('',(170.088997547,209.853929728,9.4));
#4545=VERTEX_POINT('',#4544);
#4546=CARTESIAN_POINT('',(170.088997547,209.853929728,34.4));
#4547=VERTEX_POINT('',#4546);
#4548=CARTESIAN_POINT('',(170.088997547,209.853929728,9.4));
#4549=DIRECTION('',(0.,0.,1.));
#4550=VECTOR('',#4549,25.);
#4551=LINE('',#4548,#4550);
#4552=EDGE_CURVE('',#4545,#4547,#4551,.T.);
#4553=ORIENTED_EDGE('',*,*,#4552,.F.);
#4554=CARTESIAN_POINT('',(168.088997547,209.853929728,9.4));
#4555=VERTEX_POINT('',#4554);
#4556=CARTESIAN_POINT('',(169.088997547,122.259637677,9.4));
#4557=DIRECTION('',(0.,0.,1.));
#4558=DIRECTION('',(0.707106781,0.707106781,-0.));
#4559=AXIS2_PLACEMENT_3D('',#4556,#4557,#4558);
#4560=CIRCLE('',#4559,87.6);
#4561=EDGE_CURVE('',#4545,#4555,#4560,.T.);
#4562=ORIENTED_EDGE('',*,*,#4561,.T.);
#4563=CARTESIAN_POINT('',(168.088997547,209.853929728,34.4));
#4564=VERTEX_POINT('',#4563);
#4565=CARTESIAN_POINT('',(168.088997547,209.853929728,34.4));
#4566=DIRECTION('',(-0.,-0.,-1.));
#4567=VECTOR('',#4566,25.);
#4568=LINE('',#4565,#4567);
#4569=EDGE_CURVE('',#4564,#4555,#4568,.T.);
#4570=ORIENTED_EDGE('',*,*,#4569,.F.);
#4571=CARTESIAN_POINT('',(169.088997547,122.259637677,34.4));
#4572=DIRECTION('',(0.,0.,1.));
#4573=DIRECTION('',(0.707106781,0.707106781,-0.));
#4574=AXIS2_PLACEMENT_3D('',#4571,#4572,#4573);
#4575=CIRCLE('',#4574,87.6);
#4576=EDGE_CURVE('',#4547,#4564,#4575,.T.);
#4577=ORIENTED_EDGE('',*,*,#4576,.F.);
#4578=EDGE_LOOP('',(#4553,#4562,#4570,#4577));
#4579=FACE_BOUND('',#4578,.T.);
#4580=CARTESIAN_POINT('',(175.088997547,209.653916666,9.4));
#4581=VERTEX_POINT('',#4580);
#4582=CARTESIAN_POINT('',(175.088997547,209.653916666,34.4));
#4583=VERTEX_POINT('',#4582);
#4584=CARTESIAN_POINT('',(175.088997547,209.653916666,9.4));
#4585=DIRECTION('',(0.,0.,1.));
#4586=VECTOR('',#4585,25.);
#4587=LINE('',#4584,#4586);
#4588=EDGE_CURVE('',#4581,#4583,#4587,.T.);
#4589=ORIENTED_EDGE('',*,*,#4588,.F.);
#4590=CARTESIAN_POINT('',(173.088997547,209.768265823,9.4));
#4591=VERTEX_POINT('',#4590);
#4592=CARTESIAN_POINT('',(169.088997547,122.259637677,9.4));
#4593=DIRECTION('',(0.,0.,1.));
#4594=DIRECTION('',(0.707106781,0.707106781,-0.));
#4595=AXIS2_PLACEMENT_3D('',#4592,#4593,#4594);
#4596=CIRCLE('',#4595,87.6);
#4597=EDGE_CURVE('',#4581,#4591,#4596,.T.);
#4598=ORIENTED_EDGE('',*,*,#4597,.T.);
#4599=CARTESIAN_POINT('',(173.088997547,209.768265823,34.4));
#4600=VERTEX_POINT('',#4599);
#4601=CARTESIAN_POINT('',(173.088997547,209.768265823,34.4));
#4602=DIRECTION('',(-0.,-0.,-1.));
#4603=VECTOR('',#4602,25.);
#4604=LINE('',#4601,#4603);
#4605=EDGE_CURVE('',#4600,#4591,#4604,.T.);
#4606=ORIENTED_EDGE('',*,*,#4605,.F.);
#4607=CARTESIAN_POINT('',(169.088997547,122.259637677,34.4));
#4608=DIRECTION('',(0.,0.,1.));
#4609=DIRECTION('',(0.707106781,0.707106781,-0.));
#4610=AXIS2_PLACEMENT_3D('',#4607,#4608,#4609);
#4611=CIRCLE('',#4610,87.6);
#4612=EDGE_CURVE('',#4583,#4600,#4611,.T.);
#4613=ORIENTED_EDGE('',*,*,#4612,.F.);
#4614=EDGE_LOOP('',(#4589,#4598,#4606,#4613));
#4615=FACE_BOUND('',#4614,.T.);
#4616=CARTESIAN_POINT('',(180.088997547,209.166254226,9.4));
#4617=VERTEX_POINT('',#4616);
#4618=CARTESIAN_POINT('',(180.088997547,209.166254226,34.4));
#4619=VERTEX_POINT('',#4618);
#4620=CARTESIAN_POINT('',(180.088997547,209.166254226,9.4));
#4621=DIRECTION('',(0.,0.,1.));
#4622=VECTOR('',#4621,25.);
#4623=LINE('',#4620,#4622);
#4624=EDGE_CURVE('',#4617,#4619,#4623,.T.);
#4625=ORIENTED_EDGE('',*,*,#4624,.F.);
#4626=CARTESIAN_POINT('',(178.088997547,209.396082406,9.4));
#4627=VERTEX_POINT('',#4626);
#4628=CARTESIAN_POINT('',(169.088997547,122.259637677,9.4));
#4629=DIRECTION('',(0.,0.,1.));
#4630=DIRECTION('',(0.707106781,0.707106781,-0.));
#4631=AXIS2_PLACEMENT_3D('',#4628,#4629,#4630);
#4632=CIRCLE('',#4631,87.6);
#4633=EDGE_CURVE('',#4617,#4627,#4632,.T.);
#4634=ORIENTED_EDGE('',*,*,#4633,.T.);
#4635=CARTESIAN_POINT('',(178.088997547,209.396082406,34.4));
#4636=VERTEX_POINT('',#4635);
#4637=CARTESIAN_POINT('',(178.088997547,209.396082406,34.4));
#4638=DIRECTION('',(-0.,-0.,-1.));
#4639=VECTOR('',#4638,25.);
#4640=LINE('',#4637,#4639);
#4641=EDGE_CURVE('',#4636,#4627,#4640,.T.);
#4642=ORIENTED_EDGE('',*,*,#4641,.F.);
#4643=CARTESIAN_POINT('',(169.088997547,122.259637677,34.4));
#4644=DIRECTION('',(0.,0.,1.));
#4645=DIRECTION('',(0.707106781,0.707106781,-0.));
#4646=AXIS2_PLACEMENT_3D('',#4643,#4644,#4645);
#4647=CIRCLE('',#4646,87.6);
#4648=EDGE_CURVE('',#4619,#4636,#4647,.T.);
#4649=ORIENTED_EDGE('',*,*,#4648,.F.);
#4650=EDGE_LOOP('',(#4625,#4634,#4642,#4649));
#4651=FACE_BOUND('',#4650,.T.);
#4652=CARTESIAN_POINT('',(185.088997547,208.386056388,9.4));
#4653=VERTEX_POINT('',#4652);
#4654=CARTESIAN_POINT('',(185.088997547,208.386056388,34.4));
#4655=VERTEX_POINT('',#4654);
#4656=CARTESIAN_POINT('',(185.088997547,208.386056388,9.4));
#4657=DIRECTION('',(0.,0.,1.));
#4658=VECTOR('',#4657,25.);
#4659=LINE('',#4656,#4658);
#4660=EDGE_CURVE('',#4653,#4655,#4659,.T.);
#4661=ORIENTED_EDGE('',*,*,#4660,.F.);
#4662=CARTESIAN_POINT('',(183.088997547,208.733680025,9.4));
#4663=VERTEX_POINT('',#4662);
#4664=CARTESIAN_POINT('',(169.088997547,122.259637677,9.4));
#4665=DIRECTION('',(0.,0.,1.));
#4666=DIRECTION('',(0.707106781,0.707106781,-0.));
#4667=AXIS2_PLACEMENT_3D('',#4664,#4665,#4666);
#4668=CIRCLE('',#4667,87.6);
#4669=EDGE_CURVE('',#4653,#4663,#4668,.T.);
#4670=ORIENTED_EDGE('',*,*,#4669,.T.);
#4671=CARTESIAN_POINT('',(183.088997547,208.733680025,34.4));
#4672=VERTEX_POINT('',#4671);
#4673=CARTESIAN_POINT('',(183.088997547,208.733680025,34.4));
#4674=DIRECTION('',(-0.,-0.,-1.));
#4675=VECTOR('',#4674,25.);
#4676=LINE('',#4673,#4675);
#4677=EDGE_CURVE('',#4672,#4663,#4676,.T.);
#4678=ORIENTED_EDGE('',*,*,#4677,.F.);
#4679=CARTESIAN_POINT('',(169.088997547,122.259637677,34.4));
#4680=DIRECTION('',(0.,0.,1.));
#4681=DIRECTION('',(0.707106781,0.707106781,-0.));
#4682=AXIS2_PLACEMENT_3D('',#4679,#4680,#4681);
#4683=CIRCLE('',#4682,87.6);
#4684=EDGE_CURVE('',#4655,#4672,#4683,.T.);
#4685=ORIENTED_EDGE('',*,*,#4684,.F.);
#4686=EDGE_LOOP('',(#4661,#4670,#4678,#4685));
#4687=FACE_BOUND('',#4686,.T.);
#4688=CARTESIAN_POINT('',(190.088997547,207.305272485,9.4));
#4689=VERTEX_POINT('',#4688);
#4690=CARTESIAN_POINT('',(190.088997547,207.305272485,34.4));
#4691=VERTEX_POINT('',#4690);
#4692=CARTESIAN_POINT('',(190.088997547,207.305272485,9.4));
#4693=DIRECTION('',(0.,0.,1.));
#4694=VECTOR('',#4693,25.);
#4695=LINE('',#4692,#4694);
#4696=EDGE_CURVE('',#4689,#4691,#4695,.T.);
#4697=ORIENTED_EDGE('',*,*,#4696,.F.);
#4698=CARTESIAN_POINT('',(188.088997547,207.77431478,9.4));
#4699=VERTEX_POINT('',#4698);
#4700=CARTESIAN_POINT('',(169.088997547,122.259637677,9.4));
#4701=DIRECTION('',(0.,0.,1.));
#4702=DIRECTION('',(0.707106781,0.707106781,-0.));
#4703=AXIS2_PLACEMENT_3D('',#4700,#4701,#4702);
#4704=CIRCLE('',#4703,87.6);
#4705=EDGE_CURVE('',#4689,#4699,#4704,.T.);
#4706=ORIENTED_EDGE('',*,*,#4705,.T.);
#4707=CARTESIAN_POINT('',(188.088997547,207.77431478,34.4));
#4708=VERTEX_POINT('',#4707);
#4709=CARTESIAN_POINT('',(188.088997547,207.77431478,34.4));
#4710=DIRECTION('',(-0.,-0.,-1.));
#4711=VECTOR('',#4710,25.);
#4712=LINE('',#4709,#4711);
#4713=EDGE_CURVE('',#4708,#4699,#4712,.T.);
#4714=ORIENTED_EDGE('',*,*,#4713,.F.);
#4715=CARTESIAN_POINT('',(169.088997547,122.259637677,34.4));
#4716=DIRECTION('',(0.,0.,1.));
#4717=DIRECTION('',(0.707106781,0.707106781,-0.));
#4718=AXIS2_PLACEMENT_3D('',#4715,#4716,#4717);
#4719=CIRCLE('',#4718,87.6);
#4720=EDGE_CURVE('',#4691,#4708,#4719,.T.);
#4721=ORIENTED_EDGE('',*,*,#4720,.F.);
#4722=EDGE_LOOP('',(#4697,#4706,#4714,#4721));
#4723=FACE_BOUND('',#4722,.T.);
#4724=CARTESIAN_POINT('',(195.088997547,205.912252699,9.4));
#4725=VERTEX_POINT('',#4724);
#4726=CARTESIAN_POINT('',(195.088997547,205.912252699,34.4));
#4727=VERTEX_POINT('',#4726);
#4728=CARTESIAN_POINT('',(195.088997547,205.912252699,9.4));
#4729=DIRECTION('',(0.,0.,1.));
#4730=VECTOR('',#4729,25.);
#4731=LINE('',#4728,#4730);
#4732=EDGE_CURVE('',#4725,#4727,#4731,.T.);
#4733=ORIENTED_EDGE('',*,*,#4732,.F.);
#4734=CARTESIAN_POINT('',(193.088997547,206.507842405,9.4));
#4735=VERTEX_POINT('',#4734);
#4736=CARTESIAN_POINT('',(169.088997547,122.259637677,9.4));
#4737=DIRECTION('',(0.,0.,1.));
#4738=DIRECTION('',(0.707106781,0.707106781,-0.));
#4739=AXIS2_PLACEMENT_3D('',#4736,#4737,#4738);
#4740=CIRCLE('',#4739,87.6);
#4741=EDGE_CURVE('',#4725,#4735,#4740,.T.);
#4742=ORIENTED_EDGE('',*,*,#4741,.T.);
#4743=CARTESIAN_POINT('',(193.088997547,206.507842405,34.4));
#4744=VERTEX_POINT('',#4743);
#4745=CARTESIAN_POINT('',(193.088997547,206.507842405,34.4));
#4746=DIRECTION('',(-0.,-0.,-1.));
#4747=VECTOR('',#4746,25.);
#4748=LINE('',#4745,#4747);
#4749=EDGE_CURVE('',#4744,#4735,#4748,.T.);
#4750=ORIENTED_EDGE('',*,*,#4749,.F.);
#4751=CARTESIAN_POINT('',(169.088997547,122.259637677,34.4));
#4752=DIRECTION('',(0.,0.,1.));
#4753=DIRECTION('',(0.707106781,0.707106781,-0.));
#4754=AXIS2_PLACEMENT_3D('',#4751,#4752,#4753);
#4755=CIRCLE('',#4754,87.6);
#4756=EDGE_CURVE('',#4727,#4744,#4755,.T.);
#4757=ORIENTED_EDGE('',*,*,#4756,.F.);
#4758=EDGE_LOOP('',(#4733,#4742,#4750,#4757));
#4759=FACE_BOUND('',#4758,.T.);
#4760=CARTESIAN_POINT('',(199.688997547,204.341304327,4.4));
#4761=VERTEX_POINT('',#4760);
#4762=CARTESIAN_POINT('',(169.088997547,122.259637677,4.4));
#4763=DIRECTION('',(-0.,-0.,-1.));
#4764=DIRECTION('',(0.707106781,0.707106781,-0.));
#4765=AXIS2_PLACEMENT_3D('',#4762,#4763,#4764);
#4766=CIRCLE('',#4765,87.6);
#4767=EDGE_CURVE('',#4327,#4761,#4766,.T.);
#4768=ORIENTED_EDGE('',*,*,#4767,.T.);
#4769=CARTESIAN_POINT('',(199.688997547,204.341304327,39.4));
#4770=VERTEX_POINT('',#4769);
#4771=CARTESIAN_POINT('',(199.688997547,204.341304327,39.4));
#4772=DIRECTION('',(-0.,-0.,-1.));
#4773=VECTOR('',#4772,35.);
#4774=LINE('',#4771,#4773);
#4775=EDGE_CURVE('',#4770,#4761,#4774,.T.);
#4776=ORIENTED_EDGE('',*,*,#4775,.F.);
#4777=CARTESIAN_POINT('',(169.088997547,122.259637677,39.4));
#4778=DIRECTION('',(-0.,-0.,-1.));
#4779=DIRECTION('',(0.707106781,0.707106781,-0.));
#4780=AXIS2_PLACEMENT_3D('',#4777,#4778,#4779);
#4781=CIRCLE('',#4780,87.6);
#4782=EDGE_CURVE('',#4335,#4770,#4781,.T.);
#4783=ORIENTED_EDGE('',*,*,#4782,.F.);
#4784=ORIENTED_EDGE('',*,*,#4340,.T.);
#4785=EDGE_LOOP('',(#4768,#4776,#4783,#4784));
#4786=FACE_BOUND('',#4785,.T.);
#4787=ADVANCED_FACE('',(#4399,#4435,#4471,#4507,#4543,#4579,#4615,#4651,#4687,#4723,#4759,#4786),#4363,.F.);
#4788=CARTESIAN_POINT('',(199.688997547,204.341304327,39.4));
#4789=DIRECTION('',(1.,-0.,-0.));
#4790=DIRECTION('',(0.,1.,-0.));
#4791=AXIS2_PLACEMENT_3D('',#4788,#4789,#4790);
#4792=PLANE('',#4791);
#4793=CARTESIAN_POINT('',(199.688997547,184.290626013,4.4));
#4794=VERTEX_POINT('',#4793);
#4795=CARTESIAN_POINT('',(199.688997547,204.341304327,4.4));
#4796=DIRECTION('',(-0.,-1.,0.));
#4797=VECTOR('',#4796,20.050678313);
#4798=LINE('',#4795,#4797);
#4799=EDGE_CURVE('',#4761,#4794,#4798,.T.);
#4800=ORIENTED_EDGE('',*,*,#4799,.T.);
#4801=CARTESIAN_POINT('',(199.688997547,184.290626014,39.4));
#4802=VERTEX_POINT('',#4801);
#4803=CARTESIAN_POINT('',(199.688997547,184.290626014,39.4));
#4804=DIRECTION('',(-0.,-0.,-1.));
#4805=VECTOR('',#4804,35.);
#4806=LINE('',#4803,#4805);
#4807=EDGE_CURVE('',#4802,#4794,#4806,.T.);
#4808=ORIENTED_EDGE('',*,*,#4807,.F.);
#4809=CARTESIAN_POINT('',(199.688997547,204.341304327,39.4));
#4810=DIRECTION('',(-0.,-1.,0.));
#4811=VECTOR('',#4810,20.050678313);
#4812=LINE('',#4809,#4811);
#4813=EDGE_CURVE('',#4770,#4802,#4812,.T.);
#4814=ORIENTED_EDGE('',*,*,#4813,.F.);
#4815=ORIENTED_EDGE('',*,*,#4775,.T.);
#4816=EDGE_LOOP('',(#4800,#4808,#4814,#4815));
#4817=FACE_BOUND('',#4816,.T.);
#4818=ADVANCED_FACE('',(#4817),#4792,.F.);
#4819=CARTESIAN_POINT('',(202.088997547,181.890626014,4.4));
#4820=DIRECTION('',(-1.,0.,0.));
#4821=DIRECTION('',(-0.,-1.,0.));
#4822=AXIS2_PLACEMENT_3D('',#4819,#4820,#4821);
#4823=PLANE('',#4822);
#4824=CARTESIAN_POINT('',(202.088997547,186.133266701,39.4));
#4825=VERTEX_POINT('',#4824);
#4826=CARTESIAN_POINT('',(202.088997547,186.133266701,2.));
#4827=DIRECTION('',(0.,0.,1.));
#4828=VECTOR('',#4827,37.4);
#4829=LINE('',#4826,#4828);
#4830=EDGE_CURVE('',#2869,#4825,#4829,.T.);
#4831=ORIENTED_EDGE('',*,*,#4830,.F.);
#4832=ORIENTED_EDGE('',*,*,#2874,.T.);
#4833=ORIENTED_EDGE('',*,*,#4283,.F.);
#4834=CARTESIAN_POINT('',(202.088997547,186.133266701,39.4));
#4835=DIRECTION('',(-0.,1.,-0.));
#4836=VECTOR('',#4835,6.649697054);
#4837=LINE('',#4834,#4836);
#4838=EDGE_CURVE('',#4825,#4272,#4837,.T.);
#4839=ORIENTED_EDGE('',*,*,#4838,.F.);
#4840=EDGE_LOOP('',(#4831,#4832,#4833,#4839));
#4841=FACE_BOUND('',#4840,.T.);
#4842=ADVANCED_FACE('',(#4841),#4823,.F.);
#4843=CARTESIAN_POINT('',(215.404491716,168.575131845,18.75));
#4844=DIRECTION('',(0.707106781,0.707106781,-0.));
#4845=DIRECTION('',(0.707106781,-0.707106781,0.));
#4846=AXIS2_PLACEMENT_3D('',#4843,#4844,#4845);
#4847=CYLINDRICAL_SURFACE('',#4846,4.);
#4848=CARTESIAN_POINT('',(212.576064591,171.40355897,18.75));
#4849=VERTEX_POINT('',#4848);
#4850=CARTESIAN_POINT('',(218.23291884,165.746704721,18.75));
#4851=VERTEX_POINT('',#4850);
#4852=CARTESIAN_POINT('',(215.404491716,168.575131845,18.75));
#4853=DIRECTION('',(-0.707106781,-0.707106781,0.));
#4854=DIRECTION('',(0.,0.,1.));
#4855=AXIS2_PLACEMENT_3D('',#4852,#4853,#4854);
#4856=CIRCLE('',#4855,4.);
#4857=EDGE_CURVE('',#4849,#4851,#4856,.T.);
#4858=ORIENTED_EDGE('',*,*,#4857,.T.);
#4859=CARTESIAN_POINT('',(220.354239184,167.868025064,18.75));
#4860=VERTEX_POINT('',#4859);
#4861=CARTESIAN_POINT('',(218.23291884,165.746704721,18.75));
#4862=DIRECTION('',(0.707106781,0.707106781,-0.));
#4863=VECTOR('',#4862,3.);
#4864=LINE('',#4861,#4863);
#4865=EDGE_CURVE('',#4851,#4860,#4864,.T.);
#4866=ORIENTED_EDGE('',*,*,#4865,.T.);
#4867=CARTESIAN_POINT('',(214.697384934,173.524879314,18.75));
#4868=VERTEX_POINT('',#4867);
#4869=CARTESIAN_POINT('',(217.525812059,170.696452189,18.75));
#4870=DIRECTION('',(-0.707106781,-0.707106781,0.));
#4871=DIRECTION('',(0.,0.,1.));
#4872=AXIS2_PLACEMENT_3D('',#4869,#4870,#4871);
#4873=CIRCLE('',#4872,4.);
#4874=EDGE_CURVE('',#4868,#4860,#4873,.T.);
#4875=ORIENTED_EDGE('',*,*,#4874,.F.);
#4876=CARTESIAN_POINT('',(214.697384934,173.524879314,18.75));
#4877=DIRECTION('',(-0.707106781,-0.707106781,0.));
#4878=VECTOR('',#4877,3.);
#4879=LINE('',#4876,#4878);
#4880=EDGE_CURVE('',#4868,#4849,#4879,.T.);
#4881=ORIENTED_EDGE('',*,*,#4880,.T.);
#4882=EDGE_LOOP('',(#4858,#4866,#4875,#4881));
#4883=FACE_BOUND('',#4882,.T.);
#4884=ADVANCED_FACE('',(#4883),#4847,.F.);
#4885=CARTESIAN_POINT('',(216.425868177,163.939654057,18.75));
#4886=DIRECTION('',(-0.707106781,0.707106781,-0.));
#4887=DIRECTION('',(0.707106781,0.707106781,-0.));
#4888=AXIS2_PLACEMENT_3D('',#4885,#4886,#4887);
#4889=PLANE('',#4888);
#4890=CARTESIAN_POINT('',(218.23291884,165.746704721,39.4));
#4891=VERTEX_POINT('',#4890);
#4892=CARTESIAN_POINT('',(218.23291884,165.746704721,18.75));
#4893=DIRECTION('',(0.,0.,1.));
#4894=VECTOR('',#4893,20.65);
#4895=LINE('',#4892,#4894);
#4896=EDGE_CURVE('',#4851,#4891,#4895,.T.);
#4897=ORIENTED_EDGE('',*,*,#4896,.T.);
#4898=CARTESIAN_POINT('',(220.354239184,167.868025064,39.4));
#4899=VERTEX_POINT('',#4898);
#4900=CARTESIAN_POINT('',(218.23291884,165.746704721,39.4));
#4901=DIRECTION('',(0.707106781,0.707106781,-0.));
#4902=VECTOR('',#4901,3.);
#4903=LINE('',#4900,#4902);
#4904=EDGE_CURVE('',#4891,#4899,#4903,.T.);
#4905=ORIENTED_EDGE('',*,*,#4904,.T.);
#4906=CARTESIAN_POINT('',(220.354239184,167.868025064,18.75));
#4907=DIRECTION('',(0.,0.,1.));
#4908=VECTOR('',#4907,20.65);
#4909=LINE('',#4906,#4908);
#4910=EDGE_CURVE('',#4860,#4899,#4909,.T.);
#4911=ORIENTED_EDGE('',*,*,#4910,.F.);
#4912=ORIENTED_EDGE('',*,*,#4865,.F.);
#4913=EDGE_LOOP('',(#4897,#4905,#4911,#4912));
#4914=FACE_BOUND('',#4913,.T.);
#4915=ADVANCED_FACE('',(#4914),#4889,.T.);
#4916=CARTESIAN_POINT('',(210.769013928,169.596508307,39.4));
#4917=DIRECTION('',(0.707106781,-0.707106781,0.));
#4918=DIRECTION('',(-0.707106781,-0.707106781,0.));
#4919=AXIS2_PLACEMENT_3D('',#4916,#4917,#4918);
#4920=PLANE('',#4919);
#4921=CARTESIAN_POINT('',(212.576064591,171.40355897,39.4));
#4922=VERTEX_POINT('',#4921);
#4923=CARTESIAN_POINT('',(212.576064591,171.40355897,39.4));
#4924=DIRECTION('',(-0.,-0.,-1.));
#4925=VECTOR('',#4924,20.65);
#4926=LINE('',#4923,#4925);
#4927=EDGE_CURVE('',#4922,#4849,#4926,.T.);
#4928=ORIENTED_EDGE('',*,*,#4927,.T.);
#4929=ORIENTED_EDGE('',*,*,#4880,.F.);
#4930=CARTESIAN_POINT('',(214.697384934,173.524879314,39.4));
#4931=VERTEX_POINT('',#4930);
#4932=CARTESIAN_POINT('',(214.697384934,173.524879314,39.4));
#4933=DIRECTION('',(-0.,-0.,-1.));
#4934=VECTOR('',#4933,20.65);
#4935=LINE('',#4932,#4934);
#4936=EDGE_CURVE('',#4931,#4868,#4935,.T.);
#4937=ORIENTED_EDGE('',*,*,#4936,.F.);
#4938=CARTESIAN_POINT('',(212.576064591,171.40355897,39.4));
#4939=DIRECTION('',(0.707106781,0.707106781,-0.));
#4940=VECTOR('',#4939,3.);
#4941=LINE('',#4938,#4940);
#4942=EDGE_CURVE('',#4922,#4931,#4941,.T.);
#4943=ORIENTED_EDGE('',*,*,#4942,.F.);
#4944=EDGE_LOOP('',(#4928,#4929,#4937,#4943));
#4945=FACE_BOUND('',#4944,.T.);
#4946=ADVANCED_FACE('',(#4945),#4920,.T.);
#4947=CARTESIAN_POINT('',(169.088997547,122.259637677,39.4));
#4948=DIRECTION('',(0.,0.,1.));
#4949=DIRECTION('',(-0.707106781,0.707106781,0.));
#4950=AXIS2_PLACEMENT_3D('',#4947,#4948,#4949);
#4951=PLANE('',#4950);
#4952=CARTESIAN_POINT('',(247.795078274,82.491096591,39.4));
#4953=VERTEX_POINT('',#4952);
#4954=CARTESIAN_POINT('',(241.026537188,89.259637677,39.4));
#4955=DIRECTION('',(0.707106781,-0.707106781,-0.));
#4956=VECTOR('',#4955,9.572162601);
#4957=LINE('',#4954,#4956);
#4958=EDGE_CURVE('',#1046,#4953,#4957,.T.);
#4959=ORIENTED_EDGE('',*,*,#4958,.T.);
#4960=CARTESIAN_POINT('',(249.399509208,82.756831234,39.4));
#4961=VERTEX_POINT('',#4960);
#4962=CARTESIAN_POINT('',(248.502185056,83.198203373,39.4));
#4963=DIRECTION('',(0.,0.,1.));
#4964=DIRECTION('',(1.,0.,-0.));
#4965=AXIS2_PLACEMENT_3D('',#4962,#4963,#4964);
#4966=CIRCLE('',#4965,1.);
#4967=EDGE_CURVE('',#4953,#4961,#4966,.T.);
#4968=ORIENTED_EDGE('',*,*,#4967,.T.);
#4969=CARTESIAN_POINT('',(248.923226202,162.71635449,39.4));
#4970=VERTEX_POINT('',#4969);
#4971=CARTESIAN_POINT('',(169.088997548,122.259637678,39.4));
#4972=DIRECTION('',(0.,0.,1.));
#4973=DIRECTION('',(0.707106781,0.707106781,-0.));
#4974=AXIS2_PLACEMENT_3D('',#4971,#4972,#4973);
#4975=CIRCLE('',#4974,89.5);
#4976=EDGE_CURVE('',#4961,#4970,#4975,.T.);
#4977=ORIENTED_EDGE('',*,*,#4976,.T.);
#4978=CARTESIAN_POINT('',(247.324116866,162.971430916,39.4));
#4979=VERTEX_POINT('',#4978);
#4980=CARTESIAN_POINT('',(248.031223647,162.264324135,39.4));
#4981=DIRECTION('',(0.,0.,1.));
#4982=DIRECTION('',(1.,0.,-0.));
#4983=AXIS2_PLACEMENT_3D('',#4980,#4981,#4982);
#4984=CIRCLE('',#4983,1.);
#4985=EDGE_CURVE('',#4970,#4979,#4984,.T.);
#4986=ORIENTED_EDGE('',*,*,#4985,.T.);
#4987=CARTESIAN_POINT('',(247.324116866,162.971430916,39.4));
#4988=DIRECTION('',(-0.707106781,-0.707106781,0.));
#4989=VECTOR('',#4988,10.906122589);
#4990=LINE('',#4987,#4989);
#4991=EDGE_CURVE('',#4979,#450,#4990,.T.);
#4992=ORIENTED_EDGE('',*,*,#4991,.T.);
#4993=ORIENTED_EDGE('',*,*,#479,.T.);
#4994=CARTESIAN_POINT('',(220.354239184,167.868025064,39.4));
#4995=DIRECTION('',(0.707106781,-0.707106781,-0.));
#4996=VECTOR('',#4995,17.830952443);
#4997=LINE('',#4994,#4996);
#4998=EDGE_CURVE('',#4899,#468,#4997,.T.);
#4999=ORIENTED_EDGE('',*,*,#4998,.F.);
#5000=ORIENTED_EDGE('',*,*,#4904,.F.);
#5001=CARTESIAN_POINT('',(218.23291884,165.74670472,39.4));
#5002=DIRECTION('',(0.707106781,-0.707106781,-0.));
#5003=VECTOR('',#5002,14.830952443);
#5004=LINE('',#5001,#5003);
#5005=EDGE_CURVE('',#4891,#1917,#5004,.T.);
#5006=ORIENTED_EDGE('',*,*,#5005,.T.);
#5007=ORIENTED_EDGE('',*,*,#1924,.T.);
#5008=ORIENTED_EDGE('',*,*,#2527,.T.);
#5009=CARTESIAN_POINT('',(220.035923839,147.359637677,39.4));
#5010=DIRECTION('',(1.,-0.,-0.));
#5011=VECTOR('',#5010,2.4);
#5012=LINE('',#5009,#5011);
#5013=EDGE_CURVE('',#2516,#2421,#5012,.T.);
#5014=ORIENTED_EDGE('',*,*,#5013,.T.);
#5015=ORIENTED_EDGE('',*,*,#2428,.T.);
#5016=ORIENTED_EDGE('',*,*,#2494,.T.);
#5017=ORIENTED_EDGE('',*,*,#2373,.T.);
#5018=ORIENTED_EDGE('',*,*,#2409,.T.);
#5019=ORIENTED_EDGE('',*,*,#2458,.T.);
#5020=CARTESIAN_POINT('',(220.035923839,97.159637677,39.4));
#5021=DIRECTION('',(1.,-0.,-0.));
#5022=VECTOR('',#5021,2.4);
#5023=LINE('',#5020,#5022);
#5024=EDGE_CURVE('',#2538,#2447,#5023,.T.);
#5025=ORIENTED_EDGE('',*,*,#5024,.F.);
#5026=ORIENTED_EDGE('',*,*,#2543,.T.);
#5027=ORIENTED_EDGE('',*,*,#1971,.T.);
#5028=ORIENTED_EDGE('',*,*,#692,.F.);
#5029=CARTESIAN_POINT('',(218.23291884,78.772570636,39.4));
#5030=DIRECTION('',(0.707106781,-0.707106781,-0.));
#5031=VECTOR('',#5030,3.);
#5032=LINE('',#5029,#5031);
#5033=EDGE_CURVE('',#679,#791,#5032,.T.);
#5034=ORIENTED_EDGE('',*,*,#5033,.T.);
#5035=ORIENTED_EDGE('',*,*,#796,.F.);
#5036=ORIENTED_EDGE('',*,*,#1057,.T.);
#5037=EDGE_LOOP('',(#4959,#4968,#4977,#4986,#4992,#4993,#4999,#5000,#5006,#5007,#5008,#5014,#5015,#5016,#5017,#5018,#5019,#5025,#5026,#5027,#5028,#5034,#5035,#5036));
#5038=FACE_BOUND('',#5037,.T.);
#5039=CARTESIAN_POINT('',(249.141835114,159.457183551,39.4));
#5040=VERTEX_POINT('',#5039);
#5041=CARTESIAN_POINT('',(250.337306643,156.81505414,39.4));
#5042=VERTEX_POINT('',#5041);
#5043=CARTESIAN_POINT('',(249.141835114,159.457183551,39.4));
#5044=DIRECTION('',(0.412231562,-0.911079107,0.));
#5045=VECTOR('',#5044,2.9);
#5046=LINE('',#5043,#5045);
#5047=EDGE_CURVE('',#5040,#5042,#5046,.T.);
#5048=ORIENTED_EDGE('',*,*,#5047,.T.);
#5049=CARTESIAN_POINT('',(248.646891217,154.458680722,39.4));
#5050=VERTEX_POINT('',#5049);
#5051=CARTESIAN_POINT('',(250.337306643,156.81505414,39.4));
#5052=DIRECTION('',(-0.582901871,-0.812542558,0.));
#5053=VECTOR('',#5052,2.9);
#5054=LINE('',#5051,#5053);
#5055=EDGE_CURVE('',#5042,#5050,#5054,.T.);
#5056=ORIENTED_EDGE('',*,*,#5055,.T.);
#5057=CARTESIAN_POINT('',(245.761004263,154.744436714,39.4));
#5058=VERTEX_POINT('',#5057);
#5059=CARTESIAN_POINT('',(248.646891217,154.458680722,39.4));
#5060=DIRECTION('',(-0.995133433,0.098536549,0.));
#5061=VECTOR('',#5060,2.9);
#5062=LINE('',#5059,#5061);
#5063=EDGE_CURVE('',#5050,#5058,#5062,.T.);
#5064=ORIENTED_EDGE('',*,*,#5063,.T.);
#5065=CARTESIAN_POINT('',(244.565532734,157.386566125,39.4));
#5066=VERTEX_POINT('',#5065);
#5067=CARTESIAN_POINT('',(245.761004263,154.744436714,39.4));
#5068=DIRECTION('',(-0.412231562,0.911079107,-0.));
#5069=VECTOR('',#5068,2.9);
#5070=LINE('',#5067,#5069);
#5071=EDGE_CURVE('',#5058,#5066,#5070,.T.);
#5072=ORIENTED_EDGE('',*,*,#5071,.T.);
#5073=CARTESIAN_POINT('',(246.25594816,159.742939544,39.4));
#5074=VERTEX_POINT('',#5073);
#5075=CARTESIAN_POINT('',(244.565532734,157.386566125,39.4));
#5076=DIRECTION('',(0.582901871,0.812542558,-0.));
#5077=VECTOR('',#5076,2.9);
#5078=LINE('',#5075,#5077);
#5079=EDGE_CURVE('',#5066,#5074,#5078,.T.);
#5080=ORIENTED_EDGE('',*,*,#5079,.T.);
#5081=CARTESIAN_POINT('',(246.25594816,159.742939544,39.4));
#5082=DIRECTION('',(0.995133433,-0.098536549,-0.));
#5083=VECTOR('',#5082,2.9);
#5084=LINE('',#5081,#5083);
#5085=EDGE_CURVE('',#5074,#5040,#5084,.T.);
#5086=ORIENTED_EDGE('',*,*,#5085,.T.);
#5087=EDGE_LOOP('',(#5048,#5056,#5064,#5072,#5080,#5086));
#5088=FACE_BOUND('',#5087,.T.);
#5089=CARTESIAN_POINT('',(250.324758128,87.780799532,39.4));
#5090=VERTEX_POINT('',#5089);
#5091=CARTESIAN_POINT('',(249.227860388,85.096248295,39.4));
#5092=VERTEX_POINT('',#5091);
#5093=CARTESIAN_POINT('',(250.324758128,87.780799532,39.4));
#5094=DIRECTION('',(-0.3782406,-0.925707323,0.));
#5095=VECTOR('',#5094,2.9);
#5096=LINE('',#5093,#5095);
#5097=EDGE_CURVE('',#5090,#5092,#5096,.T.);
#5098=ORIENTED_EDGE('',*,*,#5097,.T.);
#5099=CARTESIAN_POINT('',(246.354521948,84.703913984,39.4));
#5100=VERTEX_POINT('',#5099);
#5101=CARTESIAN_POINT('',(249.227860388,85.096248295,39.4));
#5102=DIRECTION('',(-0.990806358,-0.135287693,0.));
#5103=VECTOR('',#5102,2.9);
#5104=LINE('',#5101,#5103);
#5105=EDGE_CURVE('',#5092,#5100,#5104,.T.);
#5106=ORIENTED_EDGE('',*,*,#5105,.T.);
#5107=CARTESIAN_POINT('',(244.578081249,86.996130911,39.4));
#5108=VERTEX_POINT('',#5107);
#5109=CARTESIAN_POINT('',(246.354521948,84.703913984,39.4));
#5110=DIRECTION('',(-0.612565759,0.79041963,-0.));
#5111=VECTOR('',#5110,2.9);
#5112=LINE('',#5109,#5111);
#5113=EDGE_CURVE('',#5100,#5108,#5112,.T.);
#5114=ORIENTED_EDGE('',*,*,#5113,.T.);
#5115=CARTESIAN_POINT('',(245.674978988,89.680682149,39.4));
#5116=VERTEX_POINT('',#5115);
#5117=CARTESIAN_POINT('',(244.578081249,86.996130911,39.4));
#5118=DIRECTION('',(0.3782406,0.925707323,-0.));
#5119=VECTOR('',#5118,2.9);
#5120=LINE('',#5117,#5119);
#5121=EDGE_CURVE('',#5108,#5116,#5120,.T.);
#5122=ORIENTED_EDGE('',*,*,#5121,.T.);
#5123=CARTESIAN_POINT('',(248.548317428,90.073016459,39.4));
#5124=VERTEX_POINT('',#5123);
#5125=CARTESIAN_POINT('',(245.674978988,89.680682149,39.4));
#5126=DIRECTION('',(0.990806358,0.135287693,-0.));
#5127=VECTOR('',#5126,2.9);
#5128=LINE('',#5125,#5127);
#5129=EDGE_CURVE('',#5116,#5124,#5128,.T.);
#5130=ORIENTED_EDGE('',*,*,#5129,.T.);
#5131=CARTESIAN_POINT('',(248.548317428,90.073016459,39.4));
#5132=DIRECTION('',(0.612565759,-0.79041963,0.));
#5133=VECTOR('',#5132,2.9);
#5134=LINE('',#5131,#5133);
#5135=EDGE_CURVE('',#5124,#5090,#5134,.T.);
#5136=ORIENTED_EDGE('',*,*,#5135,.T.);
#5137=EDGE_LOOP('',(#5098,#5106,#5114,#5122,#5130,#5136));
#5138=FACE_BOUND('',#5137,.T.);
#5139=ADVANCED_FACE('',(#5038,#5088,#5138),#4951,.T.);
#5140=CARTESIAN_POINT('',(249.227860388,85.096248295,4.4));
#5141=DIRECTION('',(-0.135287693,0.990806358,-0.));
#5142=DIRECTION('',(0.990806358,0.135287693,-0.));
#5143=AXIS2_PLACEMENT_3D('',#5140,#5141,#5142);
#5144=PLANE('',#5143);
#5145=ORIENTED_EDGE('',*,*,#5105,.F.);
#5146=CARTESIAN_POINT('',(249.227860388,85.096248295,4.4));
#5147=VERTEX_POINT('',#5146);
#5148=CARTESIAN_POINT('',(249.227860388,85.096248295,4.4));
#5149=DIRECTION('',(0.,0.,1.));
#5150=VECTOR('',#5149,35.);
#5151=LINE('',#5148,#5150);
#5152=EDGE_CURVE('',#5147,#5092,#5151,.T.);
#5153=ORIENTED_EDGE('',*,*,#5152,.F.);
#5154=CARTESIAN_POINT('',(246.354521948,84.703913984,4.4));
#5155=VERTEX_POINT('',#5154);
#5156=CARTESIAN_POINT('',(249.227860388,85.096248295,4.4));
#5157=DIRECTION('',(-0.990806358,-0.135287693,0.));
#5158=VECTOR('',#5157,2.9);
#5159=LINE('',#5156,#5158);
#5160=EDGE_CURVE('',#5147,#5155,#5159,.T.);
#5161=ORIENTED_EDGE('',*,*,#5160,.T.);
#5162=CARTESIAN_POINT('',(246.354521948,84.703913984,4.4));
#5163=DIRECTION('',(0.,0.,1.));
#5164=VECTOR('',#5163,35.);
#5165=LINE('',#5162,#5164);
#5166=EDGE_CURVE('',#5155,#5100,#5165,.T.);
#5167=ORIENTED_EDGE('',*,*,#5166,.T.);
#5168=EDGE_LOOP('',(#5145,#5153,#5161,#5167));
#5169=FACE_BOUND('',#5168,.T.);
#5170=ADVANCED_FACE('',(#5169),#5144,.T.);
#5171=CARTESIAN_POINT('',(246.354521948,84.703913984,4.4));
#5172=DIRECTION('',(0.79041963,0.612565759,-0.));
#5173=DIRECTION('',(0.612565759,-0.79041963,0.));
#5174=AXIS2_PLACEMENT_3D('',#5171,#5172,#5173);
#5175=PLANE('',#5174);
#5176=ORIENTED_EDGE('',*,*,#5113,.F.);
#5177=ORIENTED_EDGE('',*,*,#5166,.F.);
#5178=CARTESIAN_POINT('',(244.578081249,86.996130911,4.4));
#5179=VERTEX_POINT('',#5178);
#5180=CARTESIAN_POINT('',(246.354521948,84.703913984,4.4));
#5181=DIRECTION('',(-0.612565759,0.79041963,-0.));
#5182=VECTOR('',#5181,2.9);
#5183=LINE('',#5180,#5182);
#5184=EDGE_CURVE('',#5155,#5179,#5183,.T.);
#5185=ORIENTED_EDGE('',*,*,#5184,.T.);
#5186=CARTESIAN_POINT('',(244.578081249,86.996130911,4.4));
#5187=DIRECTION('',(0.,0.,1.));
#5188=VECTOR('',#5187,35.);
#5189=LINE('',#5186,#5188);
#5190=EDGE_CURVE('',#5179,#5108,#5189,.T.);
#5191=ORIENTED_EDGE('',*,*,#5190,.T.);
#5192=EDGE_LOOP('',(#5176,#5177,#5185,#5191));
#5193=FACE_BOUND('',#5192,.T.);
#5194=ADVANCED_FACE('',(#5193),#5175,.T.);
#5195=CARTESIAN_POINT('',(244.578081249,86.996130911,4.4));
#5196=DIRECTION('',(0.925707323,-0.3782406,-0.));
#5197=DIRECTION('',(0.,0.,1.));
#5198=AXIS2_PLACEMENT_3D('',#5195,#5196,#5197);
#5199=PLANE('',#5198);
#5200=ORIENTED_EDGE('',*,*,#5121,.F.);
#5201=ORIENTED_EDGE('',*,*,#5190,.F.);
#5202=CARTESIAN_POINT('',(245.674978988,89.680682149,4.4));
#5203=VERTEX_POINT('',#5202);
#5204=CARTESIAN_POINT('',(244.578081249,86.996130911,4.4));
#5205=DIRECTION('',(0.3782406,0.925707323,-0.));
#5206=VECTOR('',#5205,2.9);
#5207=LINE('',#5204,#5206);
#5208=EDGE_CURVE('',#5179,#5203,#5207,.T.);
#5209=ORIENTED_EDGE('',*,*,#5208,.T.);
#5210=CARTESIAN_POINT('',(245.674978988,89.680682149,4.4));
#5211=DIRECTION('',(0.,0.,1.));
#5212=VECTOR('',#5211,35.);
#5213=LINE('',#5210,#5212);
#5214=EDGE_CURVE('',#5203,#5116,#5213,.T.);
#5215=ORIENTED_EDGE('',*,*,#5214,.T.);
#5216=EDGE_LOOP('',(#5200,#5201,#5209,#5215));
#5217=FACE_BOUND('',#5216,.T.);
#5218=ADVANCED_FACE('',(#5217),#5199,.T.);
#5219=CARTESIAN_POINT('',(245.674978988,89.680682149,4.4));
#5220=DIRECTION('',(0.135287693,-0.990806358,0.));
#5221=DIRECTION('',(-0.990806358,-0.135287693,0.));
#5222=AXIS2_PLACEMENT_3D('',#5219,#5220,#5221);
#5223=PLANE('',#5222);
#5224=ORIENTED_EDGE('',*,*,#5129,.F.);
#5225=ORIENTED_EDGE('',*,*,#5214,.F.);
#5226=CARTESIAN_POINT('',(248.548317428,90.073016459,4.4));
#5227=VERTEX_POINT('',#5226);
#5228=CARTESIAN_POINT('',(245.674978988,89.680682149,4.4));
#5229=DIRECTION('',(0.990806358,0.135287693,-0.));
#5230=VECTOR('',#5229,2.9);
#5231=LINE('',#5228,#5230);
#5232=EDGE_CURVE('',#5203,#5227,#5231,.T.);
#5233=ORIENTED_EDGE('',*,*,#5232,.T.);
#5234=CARTESIAN_POINT('',(248.548317428,90.073016459,4.4));
#5235=DIRECTION('',(0.,0.,1.));
#5236=VECTOR('',#5235,35.);
#5237=LINE('',#5234,#5236);
#5238=EDGE_CURVE('',#5227,#5124,#5237,.T.);
#5239=ORIENTED_EDGE('',*,*,#5238,.T.);
#5240=EDGE_LOOP('',(#5224,#5225,#5233,#5239));
#5241=FACE_BOUND('',#5240,.T.);
#5242=ADVANCED_FACE('',(#5241),#5223,.T.);
#5243=CARTESIAN_POINT('',(248.548317428,90.073016459,4.4));
#5244=DIRECTION('',(-0.79041963,-0.612565759,0.));
#5245=DIRECTION('',(-0.612565759,0.79041963,-0.));
#5246=AXIS2_PLACEMENT_3D('',#5243,#5244,#5245);
#5247=PLANE('',#5246);
#5248=ORIENTED_EDGE('',*,*,#5135,.F.);
#5249=ORIENTED_EDGE('',*,*,#5238,.F.);
#5250=CARTESIAN_POINT('',(250.324758128,87.780799532,4.4));
#5251=VERTEX_POINT('',#5250);
#5252=CARTESIAN_POINT('',(248.548317428,90.073016459,4.4));
#5253=DIRECTION('',(0.612565759,-0.79041963,0.));
#5254=VECTOR('',#5253,2.9);
#5255=LINE('',#5252,#5254);
#5256=EDGE_CURVE('',#5227,#5251,#5255,.T.);
#5257=ORIENTED_EDGE('',*,*,#5256,.T.);
#5258=CARTESIAN_POINT('',(250.324758128,87.780799532,4.4));
#5259=DIRECTION('',(0.,0.,1.));
#5260=VECTOR('',#5259,35.);
#5261=LINE('',#5258,#5260);
#5262=EDGE_CURVE('',#5251,#5090,#5261,.T.);
#5263=ORIENTED_EDGE('',*,*,#5262,.T.);
#5264=EDGE_LOOP('',(#5248,#5249,#5257,#5263));
#5265=FACE_BOUND('',#5264,.T.);
#5266=ADVANCED_FACE('',(#5265),#5247,.T.);
#5267=CARTESIAN_POINT('',(250.324758128,87.780799532,4.4));
#5268=DIRECTION('',(-0.925707323,0.3782406,0.));
#5269=DIRECTION('',(0.3782406,0.925707323,-0.));
#5270=AXIS2_PLACEMENT_3D('',#5267,#5268,#5269);
#5271=PLANE('',#5270);
#5272=ORIENTED_EDGE('',*,*,#5097,.F.);
#5273=ORIENTED_EDGE('',*,*,#5262,.F.);
#5274=CARTESIAN_POINT('',(250.324758128,87.780799532,4.4));
#5275=DIRECTION('',(-0.3782406,-0.925707323,0.));
#5276=VECTOR('',#5275,2.9);
#5277=LINE('',#5274,#5276);
#5278=EDGE_CURVE('',#5251,#5147,#5277,.T.);
#5279=ORIENTED_EDGE('',*,*,#5278,.T.);
#5280=ORIENTED_EDGE('',*,*,#5152,.T.);
#5281=EDGE_LOOP('',(#5272,#5273,#5279,#5280));
#5282=FACE_BOUND('',#5281,.T.);
#5283=ADVANCED_FACE('',(#5282),#5271,.T.);
#5284=CARTESIAN_POINT('',(250.873206998,89.153075151,4.4));
#5285=DIRECTION('',(-0.,-0.,-1.));
#5286=DIRECTION('',(-0.3782406,-0.925707323,0.));
#5287=AXIS2_PLACEMENT_3D('',#5284,#5285,#5286);
#5288=PLANE('',#5287);
#5289=ORIENTED_EDGE('',*,*,#4073,.T.);
#5290=EDGE_LOOP('',(#5289));
#5291=FACE_BOUND('',#5290,.T.);
#5292=ORIENTED_EDGE('',*,*,#5160,.F.);
#5293=ORIENTED_EDGE('',*,*,#5278,.F.);
#5294=ORIENTED_EDGE('',*,*,#5256,.F.);
#5295=ORIENTED_EDGE('',*,*,#5232,.F.);
#5296=ORIENTED_EDGE('',*,*,#5208,.F.);
#5297=ORIENTED_EDGE('',*,*,#5184,.F.);
#5298=EDGE_LOOP('',(#5292,#5293,#5294,#5295,#5296,#5297));
#5299=FACE_BOUND('',#5298,.T.);
#5300=ADVANCED_FACE('',(#5291,#5299),#5288,.F.);
#5301=CARTESIAN_POINT('',(201.901130438,186.32113381,2.));
#5302=DIRECTION('',(-0.707106781,-0.707106781,0.));
#5303=DIRECTION('',(0.,0.,1.));
#5304=AXIS2_PLACEMENT_3D('',#5301,#5302,#5303);
#5305=PLANE('',#5304);
#5306=ORIENTED_EDGE('',*,*,#951,.T.);
#5307=ORIENTED_EDGE('',*,*,#958,.T.);
#5308=EDGE_LOOP('',(#5306,#5307));
#5309=FACE_BOUND('',#5308,.T.);
#5310=ORIENTED_EDGE('',*,*,#1002,.T.);
#5311=ORIENTED_EDGE('',*,*,#1009,.T.);
#5312=EDGE_LOOP('',(#5310,#5311));
#5313=FACE_BOUND('',#5312,.T.);
#5314=ORIENTED_EDGE('',*,*,#4998,.T.);
#5315=ORIENTED_EDGE('',*,*,#473,.T.);
#5316=ORIENTED_EDGE('',*,*,#2880,.F.);
#5317=ORIENTED_EDGE('',*,*,#4830,.T.);
#5318=CARTESIAN_POINT('',(202.088997547,186.133266701,39.4));
#5319=DIRECTION('',(0.707106781,-0.707106781,-0.));
#5320=VECTOR('',#5319,17.830952443);
#5321=LINE('',#5318,#5320);
#5322=EDGE_CURVE('',#4825,#4931,#5321,.T.);
#5323=ORIENTED_EDGE('',*,*,#5322,.T.);
#5324=ORIENTED_EDGE('',*,*,#4936,.T.);
#5325=ORIENTED_EDGE('',*,*,#4874,.T.);
#5326=ORIENTED_EDGE('',*,*,#4910,.T.);
#5327=EDGE_LOOP('',(#5314,#5315,#5316,#5317,#5323,#5324,#5325,#5326));
#5328=FACE_BOUND('',#5327,.T.);
#5329=ADVANCED_FACE('',(#5309,#5313,#5328),#5305,.F.);
#5330=CARTESIAN_POINT('',(199.688997547,184.290626014,39.4));
#5331=DIRECTION('',(0.707106781,0.707106781,-0.));
#5332=DIRECTION('',(-0.,-0.,-1.));
#5333=AXIS2_PLACEMENT_3D('',#5330,#5331,#5332);
#5334=PLANE('',#5333);
#5335=ORIENTED_EDGE('',*,*,#968,.F.);
#5336=ORIENTED_EDGE('',*,*,#975,.F.);
#5337=EDGE_LOOP('',(#5335,#5336));
#5338=FACE_BOUND('',#5337,.T.);
#5339=ORIENTED_EDGE('',*,*,#1019,.F.);
#5340=ORIENTED_EDGE('',*,*,#1026,.F.);
#5341=EDGE_LOOP('',(#5339,#5340));
#5342=FACE_BOUND('',#5341,.T.);
#5343=ORIENTED_EDGE('',*,*,#1932,.F.);
#5344=ORIENTED_EDGE('',*,*,#5005,.F.);
#5345=ORIENTED_EDGE('',*,*,#4896,.F.);
#5346=ORIENTED_EDGE('',*,*,#4857,.F.);
#5347=ORIENTED_EDGE('',*,*,#4927,.F.);
#5348=CARTESIAN_POINT('',(199.688997547,184.290626014,39.4));
#5349=DIRECTION('',(0.707106781,-0.707106781,-0.));
#5350=VECTOR('',#5349,18.225064992);
#5351=LINE('',#5348,#5350);
#5352=EDGE_CURVE('',#4802,#4922,#5351,.T.);
#5353=ORIENTED_EDGE('',*,*,#5352,.F.);
#5354=ORIENTED_EDGE('',*,*,#4807,.T.);
#5355=CARTESIAN_POINT('',(228.719985884,155.259637677,4.4));
#5356=DIRECTION('',(-0.707106781,0.707106781,-0.));
#5357=VECTOR('',#5356,41.056017435);
#5358=LINE('',#5355,#5357);
#5359=EDGE_CURVE('',#1927,#4794,#5358,.T.);
#5360=ORIENTED_EDGE('',*,*,#5359,.F.);
#5361=EDGE_LOOP('',(#5343,#5344,#5345,#5346,#5347,#5353,#5354,#5360));
#5362=FACE_BOUND('',#5361,.T.);
#5363=ADVANCED_FACE('',(#5338,#5342,#5362),#5334,.F.);
#5364=CARTESIAN_POINT('',(137.931638234,183.733266699,39.4));
#5365=DIRECTION('',(-0.707106781,0.707106781,-0.));
#5366=DIRECTION('',(-0.,-0.,-1.));
#5367=AXIS2_PLACEMENT_3D('',#5364,#5365,#5366);
#5368=PLANE('',#5367);
#5369=CARTESIAN_POINT('',(118.035887947,163.837516412,18.75));
#5370=VERTEX_POINT('',#5369);
#5371=CARTESIAN_POINT('',(116.763095741,162.564724206,16.95));
#5372=VERTEX_POINT('',#5371);
#5373=CARTESIAN_POINT('',(116.763095741,162.564724206,18.75));
#5374=DIRECTION('',(0.707106781,-0.707106781,0.));
#5375=DIRECTION('',(-0.,-0.,-1.));
#5376=AXIS2_PLACEMENT_3D('',#5373,#5374,#5375);
#5377=CIRCLE('',#5376,1.8);
#5378=EDGE_CURVE('',#5370,#5372,#5377,.T.);
#5379=ORIENTED_EDGE('',*,*,#5378,.F.);
#5380=CARTESIAN_POINT('',(116.763095741,162.564724206,18.75));
#5381=DIRECTION('',(0.707106781,-0.707106781,0.));
#5382=DIRECTION('',(-0.,-0.,-1.));
#5383=AXIS2_PLACEMENT_3D('',#5380,#5381,#5382);
#5384=CIRCLE('',#5383,1.8);
#5385=EDGE_CURVE('',#5372,#5370,#5384,.T.);
#5386=ORIENTED_EDGE('',*,*,#5385,.F.);
#5387=EDGE_LOOP('',(#5379,#5386));
#5388=FACE_BOUND('',#5387,.T.);
#5389=CARTESIAN_POINT('',(130.056703228,175.858331692,18.75));
#5390=VERTEX_POINT('',#5389);
#5391=CARTESIAN_POINT('',(128.783911021,174.585539486,16.95));
#5392=VERTEX_POINT('',#5391);
#5393=CARTESIAN_POINT('',(128.783911021,174.585539486,18.75));
#5394=DIRECTION('',(0.707106781,-0.707106781,0.));
#5395=DIRECTION('',(-0.,-0.,-1.));
#5396=AXIS2_PLACEMENT_3D('',#5393,#5394,#5395);
#5397=CIRCLE('',#5396,1.8);
#5398=EDGE_CURVE('',#5390,#5392,#5397,.T.);
#5399=ORIENTED_EDGE('',*,*,#5398,.F.);
#5400=CARTESIAN_POINT('',(128.783911021,174.585539486,18.75));
#5401=DIRECTION('',(0.707106781,-0.707106781,0.));
#5402=DIRECTION('',(-0.,-0.,-1.));
#5403=AXIS2_PLACEMENT_3D('',#5400,#5401,#5402);
#5404=CIRCLE('',#5403,1.8);
#5405=EDGE_CURVE('',#5392,#5390,#5404,.T.);
#5406=ORIENTED_EDGE('',*,*,#5405,.F.);
#5407=EDGE_LOOP('',(#5399,#5406));
#5408=FACE_BOUND('',#5407,.T.);
#5409=ORIENTED_EDGE('',*,*,#1272,.F.);
#5410=CARTESIAN_POINT('',(138.488997547,184.290626012,4.4));
#5411=DIRECTION('',(-0.707106781,-0.707106781,0.));
#5412=VECTOR('',#5411,41.056017433);
#5413=LINE('',#5410,#5412);
#5414=EDGE_CURVE('',#4325,#1259,#5413,.T.);
#5415=ORIENTED_EDGE('',*,*,#5414,.F.);
#5416=ORIENTED_EDGE('',*,*,#4354,.F.);
#5417=CARTESIAN_POINT('',(125.601930506,171.40355897,39.4));
#5418=VERTEX_POINT('',#5417);
#5419=CARTESIAN_POINT('',(125.601930506,171.40355897,39.4));
#5420=DIRECTION('',(0.707106781,0.707106781,-0.));
#5421=VECTOR('',#5420,18.225064989);
#5422=LINE('',#5419,#5421);
#5423=EDGE_CURVE('',#5418,#4343,#5422,.T.);
#5424=ORIENTED_EDGE('',*,*,#5423,.F.);
#5425=CARTESIAN_POINT('',(125.601930506,171.40355897,18.75));
#5426=VERTEX_POINT('',#5425);
#5427=CARTESIAN_POINT('',(125.601930506,171.40355897,18.75));
#5428=DIRECTION('',(0.,0.,1.));
#5429=VECTOR('',#5428,20.65);
#5430=LINE('',#5427,#5429);
#5431=EDGE_CURVE('',#5426,#5418,#5430,.T.);
#5432=ORIENTED_EDGE('',*,*,#5431,.F.);
#5433=CARTESIAN_POINT('',(119.945076256,165.746704721,18.75));
#5434=VERTEX_POINT('',#5433);
#5435=CARTESIAN_POINT('',(122.773503381,168.575131846,18.75));
#5436=DIRECTION('',(0.707106781,-0.707106781,0.));
#5437=DIRECTION('',(-0.,-0.,-1.));
#5438=AXIS2_PLACEMENT_3D('',#5435,#5436,#5437);
#5439=CIRCLE('',#5438,4.);
#5440=EDGE_CURVE('',#5434,#5426,#5439,.T.);
#5441=ORIENTED_EDGE('',*,*,#5440,.F.);
#5442=CARTESIAN_POINT('',(119.945076257,165.746704721,39.4));
#5443=VERTEX_POINT('',#5442);
#5444=CARTESIAN_POINT('',(119.945076257,165.746704721,39.4));
#5445=DIRECTION('',(-0.,-0.,-1.));
#5446=VECTOR('',#5445,20.65);
#5447=LINE('',#5444,#5446);
#5448=EDGE_CURVE('',#5443,#5434,#5447,.T.);
#5449=ORIENTED_EDGE('',*,*,#5448,.F.);
#5450=CARTESIAN_POINT('',(109.458009212,155.259637676,39.4));
#5451=DIRECTION('',(0.707106781,0.707106781,-0.));
#5452=VECTOR('',#5451,14.830952444);
#5453=LINE('',#5450,#5452);
#5454=EDGE_CURVE('',#1267,#5443,#5453,.T.);
#5455=ORIENTED_EDGE('',*,*,#5454,.F.);
#5456=EDGE_LOOP('',(#5409,#5415,#5416,#5424,#5432,#5441,#5449,#5455));
#5457=FACE_BOUND('',#5456,.T.);
#5458=ADVANCED_FACE('',(#5388,#5408,#5457),#5368,.F.);
#5459=CARTESIAN_POINT('',(134.247825092,200.622059818,4.4));
#5460=DIRECTION('',(-0.,-0.,-1.));
#5461=DIRECTION('',(0.707106781,0.707106781,-0.));
#5462=AXIS2_PLACEMENT_3D('',#5459,#5460,#5461);
#5463=CYLINDRICAL_SURFACE('',#5462,1.65);
#5464=CARTESIAN_POINT('',(135.414551281,201.788786007,4.4));
#5465=VERTEX_POINT('',#5464);
#5466=CARTESIAN_POINT('',(135.414551281,201.788786007,2.));
#5467=DIRECTION('',(0.,0.,1.));
#5468=VECTOR('',#5467,2.4);
#5469=LINE('',#5466,#5468);
#5470=EDGE_CURVE('',#3048,#5465,#5469,.T.);
#5471=ORIENTED_EDGE('',*,*,#5470,.F.);
#5472=ORIENTED_EDGE('',*,*,#3054,.T.);
#5473=ORIENTED_EDGE('',*,*,#5470,.T.);
#5474=CARTESIAN_POINT('',(134.247825092,200.622059818,4.4));
#5475=DIRECTION('',(-0.,-0.,-1.));
#5476=DIRECTION('',(0.707106781,0.707106781,-0.));
#5477=AXIS2_PLACEMENT_3D('',#5474,#5475,#5476);
#5478=CIRCLE('',#5477,1.65);
#5479=EDGE_CURVE('',#5465,#5465,#5478,.T.);
#5480=ORIENTED_EDGE('',*,*,#5479,.F.);
#5481=EDGE_LOOP('',(#5471,#5472,#5473,#5480));
#5482=FACE_BOUND('',#5481,.T.);
#5483=ADVANCED_FACE('',(#5482),#5463,.F.);
#5484=CARTESIAN_POINT('',(90.726575407,87.418465222,4.4));
#5485=DIRECTION('',(-0.,-0.,-1.));
#5486=DIRECTION('',(0.707106781,0.707106781,-0.));
#5487=AXIS2_PLACEMENT_3D('',#5484,#5485,#5486);
#5488=CYLINDRICAL_SURFACE('',#5487,1.65);
#5489=CARTESIAN_POINT('',(91.893301596,88.585191411,4.4));
#5490=VERTEX_POINT('',#5489);
#5491=CARTESIAN_POINT('',(91.893301596,88.585191411,2.));
#5492=DIRECTION('',(0.,0.,1.));
#5493=VECTOR('',#5492,2.4);
#5494=LINE('',#5491,#5493);
#5495=EDGE_CURVE('',#3059,#5490,#5494,.T.);
#5496=ORIENTED_EDGE('',*,*,#5495,.F.);
#5497=ORIENTED_EDGE('',*,*,#3065,.T.);
#5498=ORIENTED_EDGE('',*,*,#5495,.T.);
#5499=CARTESIAN_POINT('',(90.726575407,87.418465222,4.4));
#5500=DIRECTION('',(-0.,-0.,-1.));
#5501=DIRECTION('',(0.707106781,0.707106781,-0.));
#5502=AXIS2_PLACEMENT_3D('',#5499,#5500,#5501);
#5503=CIRCLE('',#5502,1.65);
#5504=EDGE_CURVE('',#5490,#5490,#5503,.T.);
#5505=ORIENTED_EDGE('',*,*,#5504,.F.);
#5506=EDGE_LOOP('',(#5496,#5497,#5498,#5505));
#5507=FACE_BOUND('',#5506,.T.);
#5508=ADVANCED_FACE('',(#5507),#5488,.F.);
#5509=CARTESIAN_POINT('',(203.930170003,200.622059818,4.4));
#5510=DIRECTION('',(-0.,-0.,-1.));
#5511=DIRECTION('',(0.707106781,0.707106781,-0.));
#5512=AXIS2_PLACEMENT_3D('',#5509,#5510,#5511);
#5513=CYLINDRICAL_SURFACE('',#5512,1.65);
#5514=CARTESIAN_POINT('',(205.096896192,201.788786007,4.4));
#5515=VERTEX_POINT('',#5514);
#5516=CARTESIAN_POINT('',(205.096896192,201.788786007,2.));
#5517=DIRECTION('',(0.,0.,1.));
#5518=VECTOR('',#5517,2.4);
#5519=LINE('',#5516,#5518);
#5520=EDGE_CURVE('',#3081,#5515,#5519,.T.);
#5521=ORIENTED_EDGE('',*,*,#5520,.F.);
#5522=ORIENTED_EDGE('',*,*,#3087,.T.);
#5523=ORIENTED_EDGE('',*,*,#5520,.T.);
#5524=CARTESIAN_POINT('',(203.930170003,200.622059818,4.4));
#5525=DIRECTION('',(-0.,-0.,-1.));
#5526=DIRECTION('',(0.707106781,0.707106781,-0.));
#5527=AXIS2_PLACEMENT_3D('',#5524,#5525,#5526);
#5528=CIRCLE('',#5527,1.65);
#5529=EDGE_CURVE('',#5515,#5515,#5528,.T.);
#5530=ORIENTED_EDGE('',*,*,#5529,.F.);
#5531=EDGE_LOOP('',(#5521,#5522,#5523,#5530));
#5532=FACE_BOUND('',#5531,.T.);
#5533=ADVANCED_FACE('',(#5532),#5513,.F.);
#5534=CARTESIAN_POINT('',(175.127943532,81.8709276,4.4));
#5535=DIRECTION('',(-0.,-0.,-1.));
#5536=DIRECTION('',(0.707106781,0.707106781,-0.));
#5537=AXIS2_PLACEMENT_3D('',#5534,#5535,#5536);
#5538=CYLINDRICAL_SURFACE('',#5537,1.699553592);
#5539=CARTESIAN_POINT('',(176.329709403,83.07269347,4.4));
#5540=VERTEX_POINT('',#5539);
#5541=CARTESIAN_POINT('',(176.329709403,83.07269347,2.));
#5542=DIRECTION('',(0.,0.,1.));
#5543=VECTOR('',#5542,2.4);
#5544=LINE('',#5541,#5543);
#5545=EDGE_CURVE('',#3092,#5540,#5544,.T.);
#5546=ORIENTED_EDGE('',*,*,#5545,.F.);
#5547=ORIENTED_EDGE('',*,*,#3098,.T.);
#5548=ORIENTED_EDGE('',*,*,#5545,.T.);
#5549=CARTESIAN_POINT('',(175.127943532,81.8709276,4.4));
#5550=DIRECTION('',(-0.,-0.,-1.));
#5551=DIRECTION('',(0.707106781,0.707106781,-0.));
#5552=AXIS2_PLACEMENT_3D('',#5549,#5550,#5551);
#5553=CIRCLE('',#5552,1.699553592);
#5554=EDGE_CURVE('',#5540,#5540,#5553,.T.);
#5555=ORIENTED_EDGE('',*,*,#5554,.F.);
#5556=EDGE_LOOP('',(#5546,#5547,#5548,#5555));
#5557=FACE_BOUND('',#5556,.T.);
#5558=ADVANCED_FACE('',(#5557),#5538,.F.);
#5559=CARTESIAN_POINT('',(163.089671075,67.371820031,4.4));
#5560=DIRECTION('',(-0.,-0.,-1.));
#5561=DIRECTION('',(0.707106781,0.707106781,-0.));
#5562=AXIS2_PLACEMENT_3D('',#5559,#5560,#5561);
#5563=CYLINDRICAL_SURFACE('',#5562,1.699999867);
#5564=CARTESIAN_POINT('',(164.291752509,68.573901465,4.4));
#5565=VERTEX_POINT('',#5564);
#5566=CARTESIAN_POINT('',(164.291752509,68.573901465,2.));
#5567=DIRECTION('',(0.,0.,1.));
#5568=VECTOR('',#5567,2.4);
#5569=LINE('',#5566,#5568);
#5570=EDGE_CURVE('',#3103,#5565,#5569,.T.);
#5571=ORIENTED_EDGE('',*,*,#5570,.F.);
#5572=ORIENTED_EDGE('',*,*,#3109,.T.);
#5573=ORIENTED_EDGE('',*,*,#5570,.T.);
#5574=CARTESIAN_POINT('',(163.089671075,67.371820031,4.4));
#5575=DIRECTION('',(-0.,-0.,-1.));
#5576=DIRECTION('',(0.707106781,0.707106781,-0.));
#5577=AXIS2_PLACEMENT_3D('',#5574,#5575,#5576);
#5578=CIRCLE('',#5577,1.699999867);
#5579=EDGE_CURVE('',#5565,#5565,#5578,.T.);
#5580=ORIENTED_EDGE('',*,*,#5579,.F.);
#5581=EDGE_LOOP('',(#5571,#5572,#5573,#5580));
#5582=FACE_BOUND('',#5581,.T.);
#5583=ADVANCED_FACE('',(#5582),#5563,.F.);
#5584=CARTESIAN_POINT('',(179.088997548,108.651516708,4.4));
#5585=DIRECTION('',(-1.,0.,0.));
#5586=DIRECTION('',(-0.,-1.,0.));
#5587=AXIS2_PLACEMENT_3D('',#5584,#5585,#5586);
#5588=PLANE('',#5587);
#5589=ORIENTED_EDGE('',*,*,#3136,.T.);
#5590=CARTESIAN_POINT('',(179.088997548,112.216245693,4.4));
#5591=VERTEX_POINT('',#5590);
#5592=CARTESIAN_POINT('',(179.088997548,112.216245693,4.4));
#5593=DIRECTION('',(-0.,-0.,-1.));
#5594=VECTOR('',#5593,2.4);
#5595=LINE('',#5592,#5594);
#5596=EDGE_CURVE('',#5591,#3125,#5595,.T.);
#5597=ORIENTED_EDGE('',*,*,#5596,.F.);
#5598=CARTESIAN_POINT('',(179.088997548,108.651516708,4.4));
#5599=VERTEX_POINT('',#5598);
#5600=CARTESIAN_POINT('',(179.088997548,108.651516708,4.4));
#5601=DIRECTION('',(0.,1.,-0.));
#5602=VECTOR('',#5601,3.564728985);
#5603=LINE('',#5600,#5602);
#5604=EDGE_CURVE('',#5599,#5591,#5603,.T.);
#5605=ORIENTED_EDGE('',*,*,#5604,.F.);
#5606=CARTESIAN_POINT('',(179.088997548,108.651516708,4.4));
#5607=DIRECTION('',(-0.,-0.,-1.));
#5608=VECTOR('',#5607,2.4);
#5609=LINE('',#5606,#5608);
#5610=EDGE_CURVE('',#5599,#3116,#5609,.T.);
#5611=ORIENTED_EDGE('',*,*,#5610,.T.);
#5612=EDGE_LOOP('',(#5589,#5597,#5605,#5611));
#5613=FACE_BOUND('',#5612,.T.);
#5614=ADVANCED_FACE('',(#5613),#5588,.F.);
#5615=CARTESIAN_POINT('',(179.088997548,112.216245693,4.4));
#5616=DIRECTION('',(0.000436091,0.999999905,-0.));
#5617=DIRECTION('',(-0.999999905,0.000436091,0.));
#5618=AXIS2_PLACEMENT_3D('',#5615,#5616,#5617);
#5619=PLANE('',#5618);
#5620=ORIENTED_EDGE('',*,*,#3130,.T.);
#5621=CARTESIAN_POINT('',(182.663971425,112.21468668,4.4));
#5622=VERTEX_POINT('',#5621);
#5623=CARTESIAN_POINT('',(182.663971425,112.21468668,4.4));
#5624=DIRECTION('',(-0.,-0.,-1.));
#5625=VECTOR('',#5624,2.4);
#5626=LINE('',#5623,#5625);
#5627=EDGE_CURVE('',#5622,#3114,#5626,.T.);
#5628=ORIENTED_EDGE('',*,*,#5627,.F.);
#5629=CARTESIAN_POINT('',(179.088997548,112.216245693,4.4));
#5630=DIRECTION('',(0.999999905,-0.000436091,-0.));
#5631=VECTOR('',#5630,3.574974217);
#5632=LINE('',#5629,#5631);
#5633=EDGE_CURVE('',#5591,#5622,#5632,.T.);
#5634=ORIENTED_EDGE('',*,*,#5633,.F.);
#5635=ORIENTED_EDGE('',*,*,#5596,.T.);
#5636=EDGE_LOOP('',(#5620,#5628,#5634,#5635));
#5637=FACE_BOUND('',#5636,.T.);
#5638=ADVANCED_FACE('',(#5637),#5619,.F.);
#5639=CARTESIAN_POINT('',(169.088997548,122.259637677,4.4));
#5640=DIRECTION('',(-0.,-0.,-1.));
#5641=DIRECTION('',(0.707106781,0.707106781,-0.));
#5642=AXIS2_PLACEMENT_3D('',#5639,#5640,#5641);
#5643=CYLINDRICAL_SURFACE('',#5642,16.887301629);
#5644=ORIENTED_EDGE('',*,*,#3122,.T.);
#5645=ORIENTED_EDGE('',*,*,#5610,.F.);
#5646=CARTESIAN_POINT('',(169.088997548,122.259637677,4.4));
#5647=DIRECTION('',(-0.,-0.,-1.));
#5648=DIRECTION('',(0.707106781,0.707106781,-0.));
#5649=AXIS2_PLACEMENT_3D('',#5646,#5647,#5648);
#5650=CIRCLE('',#5649,16.887301629);
#5651=EDGE_CURVE('',#5622,#5599,#5650,.T.);
#5652=ORIENTED_EDGE('',*,*,#5651,.F.);
#5653=ORIENTED_EDGE('',*,*,#5627,.T.);
#5654=EDGE_LOOP('',(#5644,#5645,#5652,#5653));
#5655=FACE_BOUND('',#5654,.T.);
#5656=ADVANCED_FACE('',(#5655),#5643,.F.);
#5657=CARTESIAN_POINT('',(155.505267814,112.22653034,4.4));
#5658=DIRECTION('',(0.000436091,0.999999905,-0.));
#5659=DIRECTION('',(-0.999999905,0.000436091,0.));
#5660=AXIS2_PLACEMENT_3D('',#5657,#5658,#5659);
#5661=PLANE('',#5660);
#5662=ORIENTED_EDGE('',*,*,#3163,.T.);
#5663=CARTESIAN_POINT('',(159.088997548,112.224967509,4.4));
#5664=VERTEX_POINT('',#5663);
#5665=CARTESIAN_POINT('',(159.088997548,112.224967509,4.4));
#5666=DIRECTION('',(-0.,-0.,-1.));
#5667=VECTOR('',#5666,2.4);
#5668=LINE('',#5665,#5667);
#5669=EDGE_CURVE('',#5664,#3152,#5668,.T.);
#5670=ORIENTED_EDGE('',*,*,#5669,.F.);
#5671=CARTESIAN_POINT('',(155.505267814,112.22653034,4.4));
#5672=VERTEX_POINT('',#5671);
#5673=CARTESIAN_POINT('',(155.505267814,112.22653034,4.4));
#5674=DIRECTION('',(0.999999905,-0.000436091,-0.));
#5675=VECTOR('',#5674,3.583730075);
#5676=LINE('',#5673,#5675);
#5677=EDGE_CURVE('',#5672,#5664,#5676,.T.);
#5678=ORIENTED_EDGE('',*,*,#5677,.F.);
#5679=CARTESIAN_POINT('',(155.505267814,112.22653034,4.4));
#5680=DIRECTION('',(-0.,-0.,-1.));
#5681=VECTOR('',#5680,2.4);
#5682=LINE('',#5679,#5681);
#5683=EDGE_CURVE('',#5672,#3143,#5682,.T.);
#5684=ORIENTED_EDGE('',*,*,#5683,.T.);
#5685=EDGE_LOOP('',(#5662,#5670,#5678,#5684));
#5686=FACE_BOUND('',#5685,.T.);
#5687=ADVANCED_FACE('',(#5686),#5661,.F.);
#5688=CARTESIAN_POINT('',(159.088997548,112.224967509,4.4));
#5689=DIRECTION('',(1.,-0.,-0.));
#5690=DIRECTION('',(0.,1.,-0.));
#5691=AXIS2_PLACEMENT_3D('',#5688,#5689,#5690);
#5692=PLANE('',#5691);
#5693=ORIENTED_EDGE('',*,*,#3157,.T.);
#5694=CARTESIAN_POINT('',(159.088997548,108.651516708,4.4));
#5695=VERTEX_POINT('',#5694);
#5696=CARTESIAN_POINT('',(159.088997548,108.651516708,4.4));
#5697=DIRECTION('',(-0.,-0.,-1.));
#5698=VECTOR('',#5697,2.4);
#5699=LINE('',#5696,#5698);
#5700=EDGE_CURVE('',#5695,#3141,#5699,.T.);
#5701=ORIENTED_EDGE('',*,*,#5700,.F.);
#5702=CARTESIAN_POINT('',(159.088997548,112.224967509,4.4));
#5703=DIRECTION('',(-0.,-1.,0.));
#5704=VECTOR('',#5703,3.573450801);
#5705=LINE('',#5702,#5704);
#5706=EDGE_CURVE('',#5664,#5695,#5705,.T.);
#5707=ORIENTED_EDGE('',*,*,#5706,.F.);
#5708=ORIENTED_EDGE('',*,*,#5669,.T.);
#5709=EDGE_LOOP('',(#5693,#5701,#5707,#5708));
#5710=FACE_BOUND('',#5709,.T.);
#5711=ADVANCED_FACE('',(#5710),#5692,.F.);
#5712=CARTESIAN_POINT('',(169.088997548,122.259637677,4.4));
#5713=DIRECTION('',(-0.,-0.,-1.));
#5714=DIRECTION('',(0.707106781,0.707106781,-0.));
#5715=AXIS2_PLACEMENT_3D('',#5712,#5713,#5714);
#5716=CYLINDRICAL_SURFACE('',#5715,16.887301629);
#5717=ORIENTED_EDGE('',*,*,#3149,.T.);
#5718=ORIENTED_EDGE('',*,*,#5683,.F.);
#5719=CARTESIAN_POINT('',(169.088997548,122.259637677,4.4));
#5720=DIRECTION('',(-0.,-0.,-1.));
#5721=DIRECTION('',(0.707106781,0.707106781,-0.));
#5722=AXIS2_PLACEMENT_3D('',#5719,#5720,#5721);
#5723=CIRCLE('',#5722,16.887301629);
#5724=EDGE_CURVE('',#5695,#5672,#5723,.T.);
#5725=ORIENTED_EDGE('',*,*,#5724,.F.);
#5726=ORIENTED_EDGE('',*,*,#5700,.T.);
#5727=EDGE_LOOP('',(#5717,#5718,#5725,#5726));
#5728=FACE_BOUND('',#5727,.T.);
#5729=ADVANCED_FACE('',(#5728),#5716,.F.);
#5730=CARTESIAN_POINT('',(159.088997548,135.867758647,4.4));
#5731=DIRECTION('',(1.,-0.,-0.));
#5732=DIRECTION('',(0.,1.,-0.));
#5733=AXIS2_PLACEMENT_3D('',#5730,#5731,#5732);
#5734=PLANE('',#5733);
#5735=ORIENTED_EDGE('',*,*,#3190,.T.);
#5736=CARTESIAN_POINT('',(159.088997548,132.22496941,4.4));
#5737=VERTEX_POINT('',#5736);
#5738=CARTESIAN_POINT('',(159.088997548,132.22496941,4.4));
#5739=DIRECTION('',(-0.,-0.,-1.));
#5740=VECTOR('',#5739,2.4);
#5741=LINE('',#5738,#5740);
#5742=EDGE_CURVE('',#5737,#3179,#5741,.T.);
#5743=ORIENTED_EDGE('',*,*,#5742,.F.);
#5744=CARTESIAN_POINT('',(159.088997548,135.867758647,4.4));
#5745=VERTEX_POINT('',#5744);
#5746=CARTESIAN_POINT('',(159.088997548,135.867758647,4.4));
#5747=DIRECTION('',(-0.,-1.,0.));
#5748=VECTOR('',#5747,3.642789236);
#5749=LINE('',#5746,#5748);
#5750=EDGE_CURVE('',#5745,#5737,#5749,.T.);
#5751=ORIENTED_EDGE('',*,*,#5750,.F.);
#5752=CARTESIAN_POINT('',(159.088997548,135.867758647,4.4));
#5753=DIRECTION('',(-0.,-0.,-1.));
#5754=VECTOR('',#5753,2.4);
#5755=LINE('',#5752,#5754);
#5756=EDGE_CURVE('',#5745,#3170,#5755,.T.);
#5757=ORIENTED_EDGE('',*,*,#5756,.T.);
#5758=EDGE_LOOP('',(#5735,#5743,#5751,#5757));
#5759=FACE_BOUND('',#5758,.T.);
#5760=ADVANCED_FACE('',(#5759),#5734,.F.);
#5761=CARTESIAN_POINT('',(159.088997548,132.22496941,4.4));
#5762=DIRECTION('',(-0.000436091,-0.999999905,0.));
#5763=DIRECTION('',(0.999999905,-0.000436091,-0.));
#5764=AXIS2_PLACEMENT_3D('',#5761,#5762,#5763);
#5765=PLANE('',#5764);
#5766=ORIENTED_EDGE('',*,*,#3184,.T.);
#5767=CARTESIAN_POINT('',(155.456626286,132.226553454,4.4));
#5768=VERTEX_POINT('',#5767);
#5769=CARTESIAN_POINT('',(155.456626286,132.226553454,4.4));
#5770=DIRECTION('',(-0.,-0.,-1.));
#5771=VECTOR('',#5770,2.4);
#5772=LINE('',#5769,#5771);
#5773=EDGE_CURVE('',#5768,#3168,#5772,.T.);
#5774=ORIENTED_EDGE('',*,*,#5773,.F.);
#5775=CARTESIAN_POINT('',(159.088997548,132.22496941,4.4));
#5776=DIRECTION('',(-0.999999905,0.000436091,0.));
#5777=VECTOR('',#5776,3.632371607);
#5778=LINE('',#5775,#5777);
#5779=EDGE_CURVE('',#5737,#5768,#5778,.T.);
#5780=ORIENTED_EDGE('',*,*,#5779,.F.);
#5781=ORIENTED_EDGE('',*,*,#5742,.T.);
#5782=EDGE_LOOP('',(#5766,#5774,#5780,#5781));
#5783=FACE_BOUND('',#5782,.T.);
#5784=ADVANCED_FACE('',(#5783),#5765,.F.);
#5785=CARTESIAN_POINT('',(169.088997548,122.259637677,4.4));
#5786=DIRECTION('',(-0.,-0.,-1.));
#5787=DIRECTION('',(0.707106781,0.707106781,-0.));
#5788=AXIS2_PLACEMENT_3D('',#5785,#5786,#5787);
#5789=CYLINDRICAL_SURFACE('',#5788,16.887301629);
#5790=ORIENTED_EDGE('',*,*,#3176,.T.);
#5791=ORIENTED_EDGE('',*,*,#5756,.F.);
#5792=CARTESIAN_POINT('',(169.088997548,122.259637677,4.4));
#5793=DIRECTION('',(-0.,-0.,-1.));
#5794=DIRECTION('',(0.707106781,0.707106781,-0.));
#5795=AXIS2_PLACEMENT_3D('',#5792,#5793,#5794);
#5796=CIRCLE('',#5795,16.887301629);
#5797=EDGE_CURVE('',#5768,#5745,#5796,.T.);
#5798=ORIENTED_EDGE('',*,*,#5797,.F.);
#5799=ORIENTED_EDGE('',*,*,#5773,.T.);
#5800=EDGE_LOOP('',(#5790,#5791,#5798,#5799));
#5801=FACE_BOUND('',#5800,.T.);
#5802=ADVANCED_FACE('',(#5801),#5789,.F.);
#5803=CARTESIAN_POINT('',(182.730056583,132.214659762,4.4));
#5804=DIRECTION('',(-0.000436091,-0.999999905,0.));
#5805=DIRECTION('',(0.999999905,-0.000436091,-0.));
#5806=AXIS2_PLACEMENT_3D('',#5803,#5804,#5805);
#5807=PLANE('',#5806);
#5808=ORIENTED_EDGE('',*,*,#3226,.T.);
#5809=CARTESIAN_POINT('',(179.088997548,132.216247595,4.4));
#5810=VERTEX_POINT('',#5809);
#5811=CARTESIAN_POINT('',(179.088997548,132.216247595,4.4));
#5812=DIRECTION('',(-0.,-0.,-1.));
#5813=VECTOR('',#5812,2.4);
#5814=LINE('',#5811,#5813);
#5815=EDGE_CURVE('',#5810,#3215,#5814,.T.);
#5816=ORIENTED_EDGE('',*,*,#5815,.F.);
#5817=CARTESIAN_POINT('',(182.730056583,132.214659762,4.4));
#5818=VERTEX_POINT('',#5817);
#5819=CARTESIAN_POINT('',(182.730056583,132.214659762,4.4));
#5820=DIRECTION('',(-0.999999905,0.000436091,0.));
#5821=VECTOR('',#5820,3.641059381);
#5822=LINE('',#5819,#5821);
#5823=EDGE_CURVE('',#5818,#5810,#5822,.T.);
#5824=ORIENTED_EDGE('',*,*,#5823,.F.);
#5825=CARTESIAN_POINT('',(182.730056583,132.214659762,4.4));
#5826=DIRECTION('',(-0.,-0.,-1.));
#5827=VECTOR('',#5826,2.4);
#5828=LINE('',#5825,#5827);
#5829=EDGE_CURVE('',#5818,#3197,#5828,.T.);
#5830=ORIENTED_EDGE('',*,*,#5829,.T.);
#5831=EDGE_LOOP('',(#5808,#5816,#5824,#5830));
#5832=FACE_BOUND('',#5831,.T.);
#5833=ADVANCED_FACE('',(#5832),#5807,.F.);
#5834=CARTESIAN_POINT('',(179.088997548,132.216247595,4.4));
#5835=DIRECTION('',(-1.,-0.,0.));
#5836=DIRECTION('',(0.,-1.,0.));
#5837=AXIS2_PLACEMENT_3D('',#5834,#5835,#5836);
#5838=PLANE('',#5837);
#5839=ORIENTED_EDGE('',*,*,#3220,.T.);
#5840=CARTESIAN_POINT('',(179.088997548,135.867758646,4.4));
#5841=VERTEX_POINT('',#5840);
#5842=CARTESIAN_POINT('',(179.088997548,135.867758646,4.4));
#5843=DIRECTION('',(-0.,-0.,-1.));
#5844=VECTOR('',#5843,2.4);
#5845=LINE('',#5842,#5844);
#5846=EDGE_CURVE('',#5841,#3206,#5845,.T.);
#5847=ORIENTED_EDGE('',*,*,#5846,.F.);
#5848=CARTESIAN_POINT('',(179.088997548,132.216247595,4.4));
#5849=DIRECTION('',(-0.,1.,-0.));
#5850=VECTOR('',#5849,3.651511052);
#5851=LINE('',#5848,#5850);
#5852=EDGE_CURVE('',#5810,#5841,#5851,.T.);
#5853=ORIENTED_EDGE('',*,*,#5852,.F.);
#5854=ORIENTED_EDGE('',*,*,#5815,.T.);
#5855=EDGE_LOOP('',(#5839,#5847,#5853,#5854));
#5856=FACE_BOUND('',#5855,.T.);
#5857=ADVANCED_FACE('',(#5856),#5838,.F.);
#5858=CARTESIAN_POINT('',(169.088997548,122.259637677,4.4));
#5859=DIRECTION('',(-0.,-0.,-1.));
#5860=DIRECTION('',(0.707106781,0.707106781,-0.));
#5861=AXIS2_PLACEMENT_3D('',#5858,#5859,#5860);
#5862=CYLINDRICAL_SURFACE('',#5861,16.887301629);
#5863=CARTESIAN_POINT('',(181.030123046,134.200763175,4.4));
#5864=VERTEX_POINT('',#5863);
#5865=CARTESIAN_POINT('',(181.030123046,134.200763175,2.));
#5866=DIRECTION('',(0.,0.,1.));
#5867=VECTOR('',#5866,2.4);
#5868=LINE('',#5865,#5867);
#5869=EDGE_CURVE('',#3195,#5864,#5868,.T.);
#5870=ORIENTED_EDGE('',*,*,#5869,.F.);
#5871=ORIENTED_EDGE('',*,*,#3203,.T.);
#5872=ORIENTED_EDGE('',*,*,#5829,.F.);
#5873=CARTESIAN_POINT('',(169.088997548,122.259637677,4.4));
#5874=DIRECTION('',(-0.,-0.,-1.));
#5875=DIRECTION('',(0.707106781,0.707106781,-0.));
#5876=AXIS2_PLACEMENT_3D('',#5873,#5874,#5875);
#5877=CIRCLE('',#5876,16.887301629);
#5878=EDGE_CURVE('',#5864,#5818,#5877,.T.);
#5879=ORIENTED_EDGE('',*,*,#5878,.F.);
#5880=EDGE_LOOP('',(#5870,#5871,#5872,#5879));
#5881=FACE_BOUND('',#5880,.T.);
#5882=ADVANCED_FACE('',(#5881),#5862,.F.);
#5883=CARTESIAN_POINT('',(179.088997548,101.672540362,4.4));
#5884=DIRECTION('',(-1.,0.,0.));
#5885=DIRECTION('',(-0.,-1.,0.));
#5886=AXIS2_PLACEMENT_3D('',#5883,#5884,#5885);
#5887=PLANE('',#5886);
#5888=ORIENTED_EDGE('',*,*,#3262,.T.);
#5889=CARTESIAN_POINT('',(179.088997548,105.069385612,4.4));
#5890=VERTEX_POINT('',#5889);
#5891=CARTESIAN_POINT('',(179.088997548,105.069385612,4.4));
#5892=DIRECTION('',(-0.,-0.,-1.));
#5893=VECTOR('',#5892,2.4);
#5894=LINE('',#5891,#5893);
#5895=EDGE_CURVE('',#5890,#3250,#5894,.T.);
#5896=ORIENTED_EDGE('',*,*,#5895,.F.);
#5897=CARTESIAN_POINT('',(179.088997548,101.672540362,4.4));
#5898=VERTEX_POINT('',#5897);
#5899=CARTESIAN_POINT('',(179.088997548,101.672540362,4.4));
#5900=DIRECTION('',(0.,1.,-0.));
#5901=VECTOR('',#5900,3.396845249);
#5902=LINE('',#5899,#5901);
#5903=EDGE_CURVE('',#5898,#5890,#5902,.T.);
#5904=ORIENTED_EDGE('',*,*,#5903,.F.);
#5905=CARTESIAN_POINT('',(179.088997548,101.672540362,4.4));
#5906=DIRECTION('',(-0.,-0.,-1.));
#5907=VECTOR('',#5906,2.4);
#5908=LINE('',#5905,#5907);
#5909=EDGE_CURVE('',#5898,#3233,#5908,.T.);
#5910=ORIENTED_EDGE('',*,*,#5909,.T.);
#5911=EDGE_LOOP('',(#5888,#5896,#5904,#5910));
#5912=FACE_BOUND('',#5911,.T.);
#5913=ADVANCED_FACE('',(#5912),#5887,.F.);
#5914=CARTESIAN_POINT('',(169.088997548,122.259637677,4.4));
#5915=DIRECTION('',(-0.,-0.,-1.));
#5916=DIRECTION('',(0.707106781,0.707106781,-0.));
#5917=AXIS2_PLACEMENT_3D('',#5914,#5915,#5916);
#5918=CYLINDRICAL_SURFACE('',#5917,19.887301629);
#5919=ORIENTED_EDGE('',*,*,#3256,.T.);
#5920=CARTESIAN_POINT('',(186.252105873,112.213121927,4.4));
#5921=VERTEX_POINT('',#5920);
#5922=CARTESIAN_POINT('',(186.252105873,112.213121927,4.4));
#5923=DIRECTION('',(-0.,-0.,-1.));
#5924=VECTOR('',#5923,2.4);
#5925=LINE('',#5922,#5924);
#5926=EDGE_CURVE('',#5921,#3242,#5925,.T.);
#5927=ORIENTED_EDGE('',*,*,#5926,.F.);
#5928=CARTESIAN_POINT('',(169.088997548,122.259637677,4.4));
#5929=DIRECTION('',(0.,0.,1.));
#5930=DIRECTION('',(0.707106781,0.707106781,-0.));
#5931=AXIS2_PLACEMENT_3D('',#5928,#5929,#5930);
#5932=CIRCLE('',#5931,19.887301629);
#5933=EDGE_CURVE('',#5890,#5921,#5932,.T.);
#5934=ORIENTED_EDGE('',*,*,#5933,.F.);
#5935=ORIENTED_EDGE('',*,*,#5895,.T.);
#5936=EDGE_LOOP('',(#5919,#5927,#5934,#5935));
#5937=FACE_BOUND('',#5936,.T.);
#5938=ADVANCED_FACE('',(#5937),#5918,.T.);
#5939=CARTESIAN_POINT('',(186.252105873,112.213121927,4.4));
#5940=DIRECTION('',(0.000436091,0.999999905,-0.));
#5941=DIRECTION('',(-0.999999905,0.000436091,0.));
#5942=AXIS2_PLACEMENT_3D('',#5939,#5940,#5941);
#5943=PLANE('',#5942);
#5944=ORIENTED_EDGE('',*,*,#3247,.T.);
#5945=CARTESIAN_POINT('',(189.652710674,112.211638955,4.4));
#5946=VERTEX_POINT('',#5945);
#5947=CARTESIAN_POINT('',(189.652710674,112.211638955,4.4));
#5948=DIRECTION('',(-0.,-0.,-1.));
#5949=VECTOR('',#5948,2.4);
#5950=LINE('',#5947,#5949);
#5951=EDGE_CURVE('',#5946,#3231,#5950,.T.);
#5952=ORIENTED_EDGE('',*,*,#5951,.F.);
#5953=CARTESIAN_POINT('',(186.252105873,112.213121927,4.4));
#5954=DIRECTION('',(0.999999905,-0.000436091,-0.));
#5955=VECTOR('',#5954,3.400605125);
#5956=LINE('',#5953,#5955);
#5957=EDGE_CURVE('',#5921,#5946,#5956,.T.);
#5958=ORIENTED_EDGE('',*,*,#5957,.F.);
#5959=ORIENTED_EDGE('',*,*,#5926,.T.);
#5960=EDGE_LOOP('',(#5944,#5952,#5958,#5959));
#5961=FACE_BOUND('',#5960,.T.);
#5962=ADVANCED_FACE('',(#5961),#5943,.F.);
#5963=CARTESIAN_POINT('',(169.088997548,122.259637677,4.4));
#5964=DIRECTION('',(-0.,-0.,-1.));
#5965=DIRECTION('',(0.707106781,0.707106781,-0.));
#5966=AXIS2_PLACEMENT_3D('',#5963,#5964,#5965);
#5967=CYLINDRICAL_SURFACE('',#5966,22.887301629);
#5968=ORIENTED_EDGE('',*,*,#3239,.T.);
#5969=ORIENTED_EDGE('',*,*,#5909,.F.);
#5970=CARTESIAN_POINT('',(169.088997548,122.259637677,4.4));
#5971=DIRECTION('',(-0.,-0.,-1.));
#5972=DIRECTION('',(0.707106781,0.707106781,-0.));
#5973=AXIS2_PLACEMENT_3D('',#5970,#5971,#5972);
#5974=CIRCLE('',#5973,22.887301629);
#5975=EDGE_CURVE('',#5946,#5898,#5974,.T.);
#5976=ORIENTED_EDGE('',*,*,#5975,.F.);
#5977=ORIENTED_EDGE('',*,*,#5951,.T.);
#5978=EDGE_LOOP('',(#5968,#5969,#5976,#5977));
#5979=FACE_BOUND('',#5978,.T.);
#5980=ADVANCED_FACE('',(#5979),#5967,.F.);
#5981=CARTESIAN_POINT('',(148.516528565,112.229578065,4.4));
#5982=DIRECTION('',(0.000436091,0.999999905,-0.));
#5983=DIRECTION('',(-0.999999905,0.000436091,0.));
#5984=AXIS2_PLACEMENT_3D('',#5981,#5982,#5983);
#5985=PLANE('',#5984);
#5986=ORIENTED_EDGE('',*,*,#3298,.T.);
#5987=CARTESIAN_POINT('',(151.917133366,112.228095093,4.4));
#5988=VERTEX_POINT('',#5987);
#5989=CARTESIAN_POINT('',(151.917133366,112.228095093,4.4));
#5990=DIRECTION('',(-0.,-0.,-1.));
#5991=VECTOR('',#5990,2.4);
#5992=LINE('',#5989,#5991);
#5993=EDGE_CURVE('',#5988,#3286,#5992,.T.);
#5994=ORIENTED_EDGE('',*,*,#5993,.F.);
#5995=CARTESIAN_POINT('',(148.516528565,112.229578065,4.4));
#5996=VERTEX_POINT('',#5995);
#5997=CARTESIAN_POINT('',(148.516528565,112.229578065,4.4));
#5998=DIRECTION('',(0.999999905,-0.000436091,-0.));
#5999=VECTOR('',#5998,3.400605125);
#6000=LINE('',#5997,#5999);
#6001=EDGE_CURVE('',#5996,#5988,#6000,.T.);
#6002=ORIENTED_EDGE('',*,*,#6001,.F.);
#6003=CARTESIAN_POINT('',(148.516528565,112.229578065,4.4));
#6004=DIRECTION('',(-0.,-0.,-1.));
#6005=VECTOR('',#6004,2.4);
#6006=LINE('',#6003,#6005);
#6007=EDGE_CURVE('',#5996,#3269,#6006,.T.);
#6008=ORIENTED_EDGE('',*,*,#6007,.T.);
#6009=EDGE_LOOP('',(#5986,#5994,#6002,#6008));
#6010=FACE_BOUND('',#6009,.T.);
#6011=ADVANCED_FACE('',(#6010),#5985,.F.);
#6012=CARTESIAN_POINT('',(169.088997548,122.259637677,4.4));
#6013=DIRECTION('',(-0.,-0.,-1.));
#6014=DIRECTION('',(0.707106781,0.707106781,-0.));
#6015=AXIS2_PLACEMENT_3D('',#6012,#6013,#6014);
#6016=CYLINDRICAL_SURFACE('',#6015,19.887301629);
#6017=ORIENTED_EDGE('',*,*,#3292,.T.);
#6018=CARTESIAN_POINT('',(159.088997548,105.069385611,4.4));
#6019=VERTEX_POINT('',#6018);
#6020=CARTESIAN_POINT('',(159.088997548,105.069385611,4.4));
#6021=DIRECTION('',(-0.,-0.,-1.));
#6022=VECTOR('',#6021,2.4);
#6023=LINE('',#6020,#6022);
#6024=EDGE_CURVE('',#6019,#3278,#6023,.T.);
#6025=ORIENTED_EDGE('',*,*,#6024,.F.);
#6026=CARTESIAN_POINT('',(169.088997548,122.259637677,4.4));
#6027=DIRECTION('',(0.,0.,1.));
#6028=DIRECTION('',(0.707106781,0.707106781,-0.));
#6029=AXIS2_PLACEMENT_3D('',#6026,#6027,#6028);
#6030=CIRCLE('',#6029,19.887301629);
#6031=EDGE_CURVE('',#5988,#6019,#6030,.T.);
#6032=ORIENTED_EDGE('',*,*,#6031,.F.);
#6033=ORIENTED_EDGE('',*,*,#5993,.T.);
#6034=EDGE_LOOP('',(#6017,#6025,#6032,#6033));
#6035=FACE_BOUND('',#6034,.T.);
#6036=ADVANCED_FACE('',(#6035),#6016,.T.);
#6037=CARTESIAN_POINT('',(159.088997548,105.069385611,4.4));
#6038=DIRECTION('',(1.,-0.,-0.));
#6039=DIRECTION('',(0.,1.,-0.));
#6040=AXIS2_PLACEMENT_3D('',#6037,#6038,#6039);
#6041=PLANE('',#6040);
#6042=ORIENTED_EDGE('',*,*,#3283,.T.);
#6043=CARTESIAN_POINT('',(159.088997548,101.672540362,4.4));
#6044=VERTEX_POINT('',#6043);
#6045=CARTESIAN_POINT('',(159.088997548,101.672540362,4.4));
#6046=DIRECTION('',(-0.,-0.,-1.));
#6047=VECTOR('',#6046,2.4);
#6048=LINE('',#6045,#6047);
#6049=EDGE_CURVE('',#6044,#3267,#6048,.T.);
#6050=ORIENTED_EDGE('',*,*,#6049,.F.);
#6051=CARTESIAN_POINT('',(159.088997548,105.069385611,4.4));
#6052=DIRECTION('',(-0.,-1.,0.));
#6053=VECTOR('',#6052,3.396845249);
#6054=LINE('',#6051,#6053);
#6055=EDGE_CURVE('',#6019,#6044,#6054,.T.);
#6056=ORIENTED_EDGE('',*,*,#6055,.F.);
#6057=ORIENTED_EDGE('',*,*,#6024,.T.);
#6058=EDGE_LOOP('',(#6042,#6050,#6056,#6057));
#6059=FACE_BOUND('',#6058,.T.);
#6060=ADVANCED_FACE('',(#6059),#6041,.F.);
#6061=CARTESIAN_POINT('',(169.088997548,122.259637677,4.4));
#6062=DIRECTION('',(-0.,-0.,-1.));
#6063=DIRECTION('',(0.707106781,0.707106781,-0.));
#6064=AXIS2_PLACEMENT_3D('',#6061,#6062,#6063);
#6065=CYLINDRICAL_SURFACE('',#6064,22.887301629);
#6066=ORIENTED_EDGE('',*,*,#3275,.T.);
#6067=ORIENTED_EDGE('',*,*,#6007,.F.);
#6068=CARTESIAN_POINT('',(169.088997548,122.259637677,4.4));
#6069=DIRECTION('',(-0.,-0.,-1.));
#6070=DIRECTION('',(0.707106781,0.707106781,-0.));
#6071=AXIS2_PLACEMENT_3D('',#6068,#6069,#6070);
#6072=CIRCLE('',#6071,22.887301629);
#6073=EDGE_CURVE('',#6044,#5996,#6072,.T.);
#6074=ORIENTED_EDGE('',*,*,#6073,.F.);
#6075=ORIENTED_EDGE('',*,*,#6049,.T.);
#6076=EDGE_LOOP('',(#6066,#6067,#6074,#6075));
#6077=FACE_BOUND('',#6076,.T.);
#6078=ADVANCED_FACE('',(#6077),#6065,.F.);
#6079=CARTESIAN_POINT('',(159.088997548,142.846734993,4.4));
#6080=DIRECTION('',(1.,-0.,-0.));
#6081=DIRECTION('',(0.,1.,-0.));
#6082=AXIS2_PLACEMENT_3D('',#6079,#6080,#6081);
#6083=PLANE('',#6082);
#6084=ORIENTED_EDGE('',*,*,#3334,.T.);
#6085=CARTESIAN_POINT('',(159.088997548,139.449889743,4.4));
#6086=VERTEX_POINT('',#6085);
#6087=CARTESIAN_POINT('',(159.088997548,139.449889743,4.4));
#6088=DIRECTION('',(-0.,-0.,-1.));
#6089=VECTOR('',#6088,2.4);
#6090=LINE('',#6087,#6089);
#6091=EDGE_CURVE('',#6086,#3322,#6090,.T.);
#6092=ORIENTED_EDGE('',*,*,#6091,.F.);
#6093=CARTESIAN_POINT('',(159.088997548,142.846734993,4.4));
#6094=VERTEX_POINT('',#6093);
#6095=CARTESIAN_POINT('',(159.088997548,142.846734993,4.4));
#6096=DIRECTION('',(-0.,-1.,0.));
#6097=VECTOR('',#6096,3.396845249);
#6098=LINE('',#6095,#6097);
#6099=EDGE_CURVE('',#6094,#6086,#6098,.T.);
#6100=ORIENTED_EDGE('',*,*,#6099,.F.);
#6101=CARTESIAN_POINT('',(159.088997548,142.846734993,4.4));
#6102=DIRECTION('',(-0.,-0.,-1.));
#6103=VECTOR('',#6102,2.4);
#6104=LINE('',#6101,#6103);
#6105=EDGE_CURVE('',#6094,#3305,#6104,.T.);
#6106=ORIENTED_EDGE('',*,*,#6105,.T.);
#6107=EDGE_LOOP('',(#6084,#6092,#6100,#6106));
#6108=FACE_BOUND('',#6107,.T.);
#6109=ADVANCED_FACE('',(#6108),#6083,.F.);
#6110=CARTESIAN_POINT('',(169.088997548,122.259637677,4.4));
#6111=DIRECTION('',(-0.,-0.,-1.));
#6112=DIRECTION('',(0.707106781,0.707106781,-0.));
#6113=AXIS2_PLACEMENT_3D('',#6110,#6111,#6112);
#6114=CYLINDRICAL_SURFACE('',#6113,19.887301629);
#6115=ORIENTED_EDGE('',*,*,#3328,.T.);
#6116=CARTESIAN_POINT('',(151.880445431,132.228112994,4.4));
#6117=VERTEX_POINT('',#6116);
#6118=CARTESIAN_POINT('',(151.880445431,132.228112994,4.4));
#6119=DIRECTION('',(-0.,-0.,-1.));
#6120=VECTOR('',#6119,2.4);
#6121=LINE('',#6118,#6120);
#6122=EDGE_CURVE('',#6117,#3314,#6121,.T.);
#6123=ORIENTED_EDGE('',*,*,#6122,.F.);
#6124=CARTESIAN_POINT('',(169.088997548,122.259637677,4.4));
#6125=DIRECTION('',(0.,0.,1.));
#6126=DIRECTION('',(0.707106781,0.707106781,-0.));
#6127=AXIS2_PLACEMENT_3D('',#6124,#6125,#6126);
#6128=CIRCLE('',#6127,19.887301629);
#6129=EDGE_CURVE('',#6086,#6117,#6128,.T.);
#6130=ORIENTED_EDGE('',*,*,#6129,.F.);
#6131=ORIENTED_EDGE('',*,*,#6091,.T.);
#6132=EDGE_LOOP('',(#6115,#6123,#6130,#6131));
#6133=FACE_BOUND('',#6132,.T.);
#6134=ADVANCED_FACE('',(#6133),#6114,.T.);
#6135=CARTESIAN_POINT('',(151.880445431,132.228112994,4.4));
#6136=DIRECTION('',(-0.000436091,-0.999999905,0.));
#6137=DIRECTION('',(0.999999905,-0.000436091,-0.));
#6138=AXIS2_PLACEMENT_3D('',#6135,#6136,#6137);
#6139=PLANE('',#6138);
#6140=ORIENTED_EDGE('',*,*,#3319,.T.);
#6141=CARTESIAN_POINT('',(148.487333228,132.229592699,4.4));
#6142=VERTEX_POINT('',#6141);
#6143=CARTESIAN_POINT('',(148.487333228,132.229592699,4.4));
#6144=DIRECTION('',(-0.,-0.,-1.));
#6145=VECTOR('',#6144,2.4);
#6146=LINE('',#6143,#6145);
#6147=EDGE_CURVE('',#6142,#3303,#6146,.T.);
#6148=ORIENTED_EDGE('',*,*,#6147,.F.);
#6149=CARTESIAN_POINT('',(151.880445431,132.228112994,4.4));
#6150=DIRECTION('',(-0.999999905,0.000436091,0.));
#6151=VECTOR('',#6150,3.393112525);
#6152=LINE('',#6149,#6151);
#6153=EDGE_CURVE('',#6117,#6142,#6152,.T.);
#6154=ORIENTED_EDGE('',*,*,#6153,.F.);
#6155=ORIENTED_EDGE('',*,*,#6122,.T.);
#6156=EDGE_LOOP('',(#6140,#6148,#6154,#6155));
#6157=FACE_BOUND('',#6156,.T.);
#6158=ADVANCED_FACE('',(#6157),#6139,.F.);
#6159=CARTESIAN_POINT('',(169.088997548,122.259637677,4.4));
#6160=DIRECTION('',(-0.,-0.,-1.));
#6161=DIRECTION('',(0.707106781,0.707106781,-0.));
#6162=AXIS2_PLACEMENT_3D('',#6159,#6160,#6161);
#6163=CYLINDRICAL_SURFACE('',#6162,22.887301629);
#6164=ORIENTED_EDGE('',*,*,#3311,.T.);
#6165=ORIENTED_EDGE('',*,*,#6105,.F.);
#6166=CARTESIAN_POINT('',(169.088997548,122.259637677,4.4));
#6167=DIRECTION('',(-0.,-0.,-1.));
#6168=DIRECTION('',(0.707106781,0.707106781,-0.));
#6169=AXIS2_PLACEMENT_3D('',#6166,#6167,#6168);
#6170=CIRCLE('',#6169,22.887301629);
#6171=EDGE_CURVE('',#6142,#6094,#6170,.T.);
#6172=ORIENTED_EDGE('',*,*,#6171,.F.);
#6173=ORIENTED_EDGE('',*,*,#6147,.T.);
#6174=EDGE_LOOP('',(#6164,#6165,#6172,#6173));
#6175=FACE_BOUND('',#6174,.T.);
#6176=ADVANCED_FACE('',(#6175),#6163,.F.);
#6177=CARTESIAN_POINT('',(189.699349641,132.211620518,4.4));
#6178=DIRECTION('',(-0.000436091,-0.999999905,0.));
#6179=DIRECTION('',(0.999999905,-0.000436091,-0.));
#6180=AXIS2_PLACEMENT_3D('',#6177,#6178,#6179);
#6181=PLANE('',#6180);
#6182=ORIENTED_EDGE('',*,*,#3388,.T.);
#6183=CARTESIAN_POINT('',(186.306237438,132.213100223,4.4));
#6184=VERTEX_POINT('',#6183);
#6185=CARTESIAN_POINT('',(186.306237438,132.213100223,4.4));
#6186=DIRECTION('',(-0.,-0.,-1.));
#6187=VECTOR('',#6186,2.4);
#6188=LINE('',#6185,#6187);
#6189=EDGE_CURVE('',#6184,#3376,#6188,.T.);
#6190=ORIENTED_EDGE('',*,*,#6189,.F.);
#6191=CARTESIAN_POINT('',(189.699349641,132.211620518,4.4));
#6192=VERTEX_POINT('',#6191);
#6193=CARTESIAN_POINT('',(189.699349641,132.211620518,4.4));
#6194=DIRECTION('',(-0.999999905,0.000436091,0.));
#6195=VECTOR('',#6194,3.393112525);
#6196=LINE('',#6193,#6195);
#6197=EDGE_CURVE('',#6192,#6184,#6196,.T.);
#6198=ORIENTED_EDGE('',*,*,#6197,.F.);
#6199=CARTESIAN_POINT('',(189.699349641,132.211620518,4.4));
#6200=DIRECTION('',(-0.,-0.,-1.));
#6201=VECTOR('',#6200,2.4);
#6202=LINE('',#6199,#6201);
#6203=EDGE_CURVE('',#6192,#3341,#6202,.T.);
#6204=ORIENTED_EDGE('',*,*,#6203,.T.);
#6205=EDGE_LOOP('',(#6182,#6190,#6198,#6204));
#6206=FACE_BOUND('',#6205,.T.);
#6207=ADVANCED_FACE('',(#6206),#6181,.F.);
#6208=CARTESIAN_POINT('',(169.088997548,122.259637677,4.4));
#6209=DIRECTION('',(-0.,-0.,-1.));
#6210=DIRECTION('',(0.707106781,0.707106781,-0.));
#6211=AXIS2_PLACEMENT_3D('',#6208,#6209,#6210);
#6212=CYLINDRICAL_SURFACE('',#6211,19.887301629);
#6213=CARTESIAN_POINT('',(183.151443389,136.322083519,4.4));
#6214=VERTEX_POINT('',#6213);
#6215=CARTESIAN_POINT('',(183.151443389,136.322083519,2.));
#6216=DIRECTION('',(0.,0.,1.));
#6217=VECTOR('',#6216,2.4);
#6218=LINE('',#6215,#6217);
#6219=EDGE_CURVE('',#3367,#6214,#6218,.T.);
#6220=ORIENTED_EDGE('',*,*,#6219,.T.);
#6221=CARTESIAN_POINT('',(169.088997548,122.259637677,4.4));
#6222=DIRECTION('',(0.,0.,1.));
#6223=DIRECTION('',(0.707106781,0.707106781,-0.));
#6224=AXIS2_PLACEMENT_3D('',#6221,#6222,#6223);
#6225=CIRCLE('',#6224,19.887301629);
#6226=EDGE_CURVE('',#6184,#6214,#6225,.T.);
#6227=ORIENTED_EDGE('',*,*,#6226,.F.);
#6228=ORIENTED_EDGE('',*,*,#6189,.T.);
#6229=ORIENTED_EDGE('',*,*,#3382,.T.);
#6230=EDGE_LOOP('',(#6220,#6227,#6228,#6229));
#6231=FACE_BOUND('',#6230,.T.);
#6232=ADVANCED_FACE('',(#6231),#6212,.T.);
#6233=CARTESIAN_POINT('',(179.088997548,139.449889743,4.4));
#6234=DIRECTION('',(-1.,0.,0.));
#6235=DIRECTION('',(-0.,-1.,0.));
#6236=AXIS2_PLACEMENT_3D('',#6233,#6234,#6235);
#6237=PLANE('',#6236);
#6238=ORIENTED_EDGE('',*,*,#3364,.T.);
#6239=CARTESIAN_POINT('',(179.088997548,142.846734992,4.4));
#6240=VERTEX_POINT('',#6239);
#6241=CARTESIAN_POINT('',(179.088997548,142.846734992,4.4));
#6242=DIRECTION('',(-0.,-0.,-1.));
#6243=VECTOR('',#6242,2.4);
#6244=LINE('',#6241,#6243);
#6245=EDGE_CURVE('',#6240,#3350,#6244,.T.);
#6246=ORIENTED_EDGE('',*,*,#6245,.F.);
#6247=CARTESIAN_POINT('',(179.088997548,139.449889743,4.4));
#6248=VERTEX_POINT('',#6247);
#6249=CARTESIAN_POINT('',(179.088997548,139.449889743,4.4));
#6250=DIRECTION('',(0.,1.,-0.));
#6251=VECTOR('',#6250,3.396845249);
#6252=LINE('',#6249,#6251);
#6253=EDGE_CURVE('',#6248,#6240,#6252,.T.);
#6254=ORIENTED_EDGE('',*,*,#6253,.F.);
#6255=CARTESIAN_POINT('',(179.088997548,139.449889743,4.4));
#6256=DIRECTION('',(-0.,-0.,-1.));
#6257=VECTOR('',#6256,2.4);
#6258=LINE('',#6255,#6257);
#6259=EDGE_CURVE('',#6248,#3359,#6258,.T.);
#6260=ORIENTED_EDGE('',*,*,#6259,.T.);
#6261=EDGE_LOOP('',(#6238,#6246,#6254,#6260));
#6262=FACE_BOUND('',#6261,.T.);
#6263=ADVANCED_FACE('',(#6262),#6237,.F.);
#6264=CARTESIAN_POINT('',(169.088997548,122.259637677,4.4));
#6265=DIRECTION('',(-0.,-0.,-1.));
#6266=DIRECTION('',(0.707106781,0.707106781,-0.));
#6267=AXIS2_PLACEMENT_3D('',#6264,#6265,#6266);
#6268=CYLINDRICAL_SURFACE('',#6267,22.887301629);
#6269=CARTESIAN_POINT('',(185.272763733,138.443403862,4.4));
#6270=VERTEX_POINT('',#6269);
#6271=CARTESIAN_POINT('',(185.272763733,138.443403862,2.));
#6272=DIRECTION('',(0.,0.,1.));
#6273=VECTOR('',#6272,2.4);
#6274=LINE('',#6271,#6273);
#6275=EDGE_CURVE('',#3339,#6270,#6274,.T.);
#6276=ORIENTED_EDGE('',*,*,#6275,.F.);
#6277=ORIENTED_EDGE('',*,*,#3347,.T.);
#6278=ORIENTED_EDGE('',*,*,#6203,.F.);
#6279=CARTESIAN_POINT('',(169.088997548,122.259637677,4.4));
#6280=DIRECTION('',(-0.,-0.,-1.));
#6281=DIRECTION('',(0.707106781,0.707106781,-0.));
#6282=AXIS2_PLACEMENT_3D('',#6279,#6280,#6281);
#6283=CIRCLE('',#6282,22.887301629);
#6284=EDGE_CURVE('',#6270,#6192,#6283,.T.);
#6285=ORIENTED_EDGE('',*,*,#6284,.F.);
#6286=EDGE_LOOP('',(#6276,#6277,#6278,#6285));
#6287=FACE_BOUND('',#6286,.T.);
#6288=ADVANCED_FACE('',(#6287),#6268,.F.);
#6289=CARTESIAN_POINT('',(179.088997548,95.158416387,4.4));
#6290=DIRECTION('',(-1.,0.,0.));
#6291=DIRECTION('',(-0.,-1.,0.));
#6292=AXIS2_PLACEMENT_3D('',#6289,#6290,#6291);
#6293=PLANE('',#6292);
#6294=ORIENTED_EDGE('',*,*,#3424,.T.);
#6295=CARTESIAN_POINT('',(179.088997548,98.381773752,4.4));
#6296=VERTEX_POINT('',#6295);
#6297=CARTESIAN_POINT('',(179.088997548,98.381773752,4.4));
#6298=DIRECTION('',(-0.,-0.,-1.));
#6299=VECTOR('',#6298,2.4);
#6300=LINE('',#6297,#6299);
#6301=EDGE_CURVE('',#6296,#3412,#6300,.T.);
#6302=ORIENTED_EDGE('',*,*,#6301,.F.);
#6303=CARTESIAN_POINT('',(179.088997548,95.158416387,4.4));
#6304=VERTEX_POINT('',#6303);
#6305=CARTESIAN_POINT('',(179.088997548,95.158416387,4.4));
#6306=DIRECTION('',(0.,1.,-0.));
#6307=VECTOR('',#6306,3.223357365);
#6308=LINE('',#6305,#6307);
#6309=EDGE_CURVE('',#6304,#6296,#6308,.T.);
#6310=ORIENTED_EDGE('',*,*,#6309,.F.);
#6311=CARTESIAN_POINT('',(179.088997548,95.158416387,4.4));
#6312=DIRECTION('',(-0.,-0.,-1.));
#6313=VECTOR('',#6312,2.4);
#6314=LINE('',#6311,#6313);
#6315=EDGE_CURVE('',#6304,#3395,#6314,.T.);
#6316=ORIENTED_EDGE('',*,*,#6315,.T.);
#6317=EDGE_LOOP('',(#6294,#6302,#6310,#6316));
#6318=FACE_BOUND('',#6317,.T.);
#6319=ADVANCED_FACE('',(#6318),#6293,.F.);
#6320=CARTESIAN_POINT('',(169.088997548,122.259637677,4.4));
#6321=DIRECTION('',(-0.,-0.,-1.));
#6322=DIRECTION('',(0.707106781,0.707106781,-0.));
#6323=AXIS2_PLACEMENT_3D('',#6320,#6321,#6322);
#6324=CYLINDRICAL_SURFACE('',#6323,25.887301629);
#6325=ORIENTED_EDGE('',*,*,#3418,.T.);
#6326=CARTESIAN_POINT('',(192.946098022,112.210202739,4.4));
#6327=VERTEX_POINT('',#6326);
#6328=CARTESIAN_POINT('',(192.946098022,112.210202739,4.4));
#6329=DIRECTION('',(-0.,-0.,-1.));
#6330=VECTOR('',#6329,2.4);
#6331=LINE('',#6328,#6330);
#6332=EDGE_CURVE('',#6327,#3404,#6331,.T.);
#6333=ORIENTED_EDGE('',*,*,#6332,.F.);
#6334=CARTESIAN_POINT('',(169.088997548,122.259637677,4.4));
#6335=DIRECTION('',(0.,0.,1.));
#6336=DIRECTION('',(0.707106781,0.707106781,-0.));
#6337=AXIS2_PLACEMENT_3D('',#6334,#6335,#6336);
#6338=CIRCLE('',#6337,25.887301629);
#6339=EDGE_CURVE('',#6296,#6327,#6338,.T.);
#6340=ORIENTED_EDGE('',*,*,#6339,.F.);
#6341=ORIENTED_EDGE('',*,*,#6301,.T.);
#6342=EDGE_LOOP('',(#6325,#6333,#6340,#6341));
#6343=FACE_BOUND('',#6342,.T.);
#6344=ADVANCED_FACE('',(#6343),#6324,.T.);
#6345=CARTESIAN_POINT('',(192.946098022,112.210202739,4.4));
#6346=DIRECTION('',(0.000436091,0.999999905,-0.));
#6347=DIRECTION('',(-0.999999905,0.000436091,0.));
#6348=AXIS2_PLACEMENT_3D('',#6345,#6346,#6347);
#6349=PLANE('',#6348);
#6350=ORIENTED_EDGE('',*,*,#3409,.T.);
#6351=CARTESIAN_POINT('',(196.171404776,112.208796212,4.4));
#6352=VERTEX_POINT('',#6351);
#6353=CARTESIAN_POINT('',(196.171404776,112.208796212,4.4));
#6354=DIRECTION('',(-0.,-0.,-1.));
#6355=VECTOR('',#6354,2.4);
#6356=LINE('',#6353,#6355);
#6357=EDGE_CURVE('',#6352,#3393,#6356,.T.);
#6358=ORIENTED_EDGE('',*,*,#6357,.F.);
#6359=CARTESIAN_POINT('',(192.946098022,112.210202739,4.4));
#6360=DIRECTION('',(0.999999905,-0.000436091,-0.));
#6361=VECTOR('',#6360,3.22530706);
#6362=LINE('',#6359,#6361);
#6363=EDGE_CURVE('',#6327,#6352,#6362,.T.);
#6364=ORIENTED_EDGE('',*,*,#6363,.F.);
#6365=ORIENTED_EDGE('',*,*,#6332,.T.);
#6366=EDGE_LOOP('',(#6350,#6358,#6364,#6365));
#6367=FACE_BOUND('',#6366,.T.);
#6368=ADVANCED_FACE('',(#6367),#6349,.F.);
#6369=CARTESIAN_POINT('',(169.088997548,122.259637677,4.4));
#6370=DIRECTION('',(-0.,-0.,-1.));
#6371=DIRECTION('',(0.707106781,0.707106781,-0.));
#6372=AXIS2_PLACEMENT_3D('',#6369,#6370,#6371);
#6373=CYLINDRICAL_SURFACE('',#6372,28.887301629);
#6374=ORIENTED_EDGE('',*,*,#3401,.T.);
#6375=ORIENTED_EDGE('',*,*,#6315,.F.);
#6376=CARTESIAN_POINT('',(169.088997548,122.259637677,4.4));
#6377=DIRECTION('',(-0.,-0.,-1.));
#6378=DIRECTION('',(0.707106781,0.707106781,-0.));
#6379=AXIS2_PLACEMENT_3D('',#6376,#6377,#6378);
#6380=CIRCLE('',#6379,28.887301629);
#6381=EDGE_CURVE('',#6352,#6304,#6380,.T.);
#6382=ORIENTED_EDGE('',*,*,#6381,.F.);
#6383=ORIENTED_EDGE('',*,*,#6357,.T.);
#6384=EDGE_LOOP('',(#6374,#6375,#6382,#6383));
#6385=FACE_BOUND('',#6384,.T.);
#6386=ADVANCED_FACE('',(#6385),#6373,.F.);
#6387=CARTESIAN_POINT('',(141.997834463,112.232420807,4.4));
#6388=DIRECTION('',(0.000436091,0.999999905,-0.));
#6389=DIRECTION('',(-0.999999905,0.000436091,0.));
#6390=AXIS2_PLACEMENT_3D('',#6387,#6388,#6389);
#6391=PLANE('',#6390);
#6392=ORIENTED_EDGE('',*,*,#3460,.T.);
#6393=CARTESIAN_POINT('',(145.223141217,112.231014281,4.4));
#6394=VERTEX_POINT('',#6393);
#6395=CARTESIAN_POINT('',(145.223141217,112.231014281,4.4));
#6396=DIRECTION('',(-0.,-0.,-1.));
#6397=VECTOR('',#6396,2.4);
#6398=LINE('',#6395,#6397);
#6399=EDGE_CURVE('',#6394,#3448,#6398,.T.);
#6400=ORIENTED_EDGE('',*,*,#6399,.F.);
#6401=CARTESIAN_POINT('',(141.997834463,112.232420807,4.4));
#6402=VERTEX_POINT('',#6401);
#6403=CARTESIAN_POINT('',(141.997834463,112.232420807,4.4));
#6404=DIRECTION('',(0.999999905,-0.000436091,-0.));
#6405=VECTOR('',#6404,3.22530706);
#6406=LINE('',#6403,#6405);
#6407=EDGE_CURVE('',#6402,#6394,#6406,.T.);
#6408=ORIENTED_EDGE('',*,*,#6407,.F.);
#6409=CARTESIAN_POINT('',(141.997834463,112.232420807,4.4));
#6410=DIRECTION('',(-0.,-0.,-1.));
#6411=VECTOR('',#6410,2.4);
#6412=LINE('',#6409,#6411);
#6413=EDGE_CURVE('',#6402,#3431,#6412,.T.);
#6414=ORIENTED_EDGE('',*,*,#6413,.T.);
#6415=EDGE_LOOP('',(#6392,#6400,#6408,#6414));
#6416=FACE_BOUND('',#6415,.T.);
#6417=ADVANCED_FACE('',(#6416),#6391,.F.);
#6418=CARTESIAN_POINT('',(169.088997548,122.259637677,4.4));
#6419=DIRECTION('',(-0.,-0.,-1.));
#6420=DIRECTION('',(0.707106781,0.707106781,-0.));
#6421=AXIS2_PLACEMENT_3D('',#6418,#6419,#6420);
#6422=CYLINDRICAL_SURFACE('',#6421,25.887301629);
#6423=ORIENTED_EDGE('',*,*,#3454,.T.);
#6424=CARTESIAN_POINT('',(159.088997548,98.381773752,4.4));
#6425=VERTEX_POINT('',#6424);
#6426=CARTESIAN_POINT('',(159.088997548,98.381773752,4.4));
#6427=DIRECTION('',(-0.,-0.,-1.));
#6428=VECTOR('',#6427,2.4);
#6429=LINE('',#6426,#6428);
#6430=EDGE_CURVE('',#6425,#3440,#6429,.T.);
#6431=ORIENTED_EDGE('',*,*,#6430,.F.);
#6432=CARTESIAN_POINT('',(169.088997548,122.259637677,4.4));
#6433=DIRECTION('',(0.,0.,1.));
#6434=DIRECTION('',(0.707106781,0.707106781,-0.));
#6435=AXIS2_PLACEMENT_3D('',#6432,#6433,#6434);
#6436=CIRCLE('',#6435,25.887301629);
#6437=EDGE_CURVE('',#6394,#6425,#6436,.T.);
#6438=ORIENTED_EDGE('',*,*,#6437,.F.);
#6439=ORIENTED_EDGE('',*,*,#6399,.T.);
#6440=EDGE_LOOP('',(#6423,#6431,#6438,#6439));
#6441=FACE_BOUND('',#6440,.T.);
#6442=ADVANCED_FACE('',(#6441),#6422,.T.);
#6443=CARTESIAN_POINT('',(159.088997548,98.381773752,4.4));
#6444=DIRECTION('',(1.,-0.,-0.));
#6445=DIRECTION('',(0.,1.,-0.));
#6446=AXIS2_PLACEMENT_3D('',#6443,#6444,#6445);
#6447=PLANE('',#6446);
#6448=ORIENTED_EDGE('',*,*,#3445,.T.);
#6449=CARTESIAN_POINT('',(159.088997548,95.158416387,4.4));
#6450=VERTEX_POINT('',#6449);
#6451=CARTESIAN_POINT('',(159.088997548,95.158416387,4.4));
#6452=DIRECTION('',(-0.,-0.,-1.));
#6453=VECTOR('',#6452,2.4);
#6454=LINE('',#6451,#6453);
#6455=EDGE_CURVE('',#6450,#3429,#6454,.T.);
#6456=ORIENTED_EDGE('',*,*,#6455,.F.);
#6457=CARTESIAN_POINT('',(159.088997548,98.381773752,4.4));
#6458=DIRECTION('',(-0.,-1.,0.));
#6459=VECTOR('',#6458,3.223357365);
#6460=LINE('',#6457,#6459);
#6461=EDGE_CURVE('',#6425,#6450,#6460,.T.);
#6462=ORIENTED_EDGE('',*,*,#6461,.F.);
#6463=ORIENTED_EDGE('',*,*,#6430,.T.);
#6464=EDGE_LOOP('',(#6448,#6456,#6462,#6463));
#6465=FACE_BOUND('',#6464,.T.);
#6466=ADVANCED_FACE('',(#6465),#6447,.F.);
#6467=CARTESIAN_POINT('',(169.088997548,122.259637677,4.4));
#6468=DIRECTION('',(-0.,-0.,-1.));
#6469=DIRECTION('',(0.707106781,0.707106781,-0.));
#6470=AXIS2_PLACEMENT_3D('',#6467,#6468,#6469);
#6471=CYLINDRICAL_SURFACE('',#6470,28.887301629);
#6472=ORIENTED_EDGE('',*,*,#3437,.T.);
#6473=ORIENTED_EDGE('',*,*,#6413,.F.);
#6474=CARTESIAN_POINT('',(169.088997548,122.259637677,4.4));
#6475=DIRECTION('',(-0.,-0.,-1.));
#6476=DIRECTION('',(0.707106781,0.707106781,-0.));
#6477=AXIS2_PLACEMENT_3D('',#6474,#6475,#6476);
#6478=CIRCLE('',#6477,28.887301629);
#6479=EDGE_CURVE('',#6450,#6402,#6478,.T.);
#6480=ORIENTED_EDGE('',*,*,#6479,.F.);
#6481=ORIENTED_EDGE('',*,*,#6455,.T.);
#6482=EDGE_LOOP('',(#6472,#6473,#6480,#6481));
#6483=FACE_BOUND('',#6482,.T.);
#6484=ADVANCED_FACE('',(#6483),#6471,.F.);
#6485=CARTESIAN_POINT('',(159.088997548,149.360858968,4.4));
#6486=DIRECTION('',(1.,-0.,-0.));
#6487=DIRECTION('',(0.,1.,-0.));
#6488=AXIS2_PLACEMENT_3D('',#6485,#6486,#6487);
#6489=PLANE('',#6488);
#6490=ORIENTED_EDGE('',*,*,#3496,.T.);
#6491=CARTESIAN_POINT('',(159.088997548,146.137501603,4.4));
#6492=VERTEX_POINT('',#6491);
#6493=CARTESIAN_POINT('',(159.088997548,146.137501603,4.4));
#6494=DIRECTION('',(-0.,-0.,-1.));
#6495=VECTOR('',#6494,2.4);
#6496=LINE('',#6493,#6495);
#6497=EDGE_CURVE('',#6492,#3484,#6496,.T.);
#6498=ORIENTED_EDGE('',*,*,#6497,.F.);
#6499=CARTESIAN_POINT('',(159.088997548,149.360858968,4.4));
#6500=VERTEX_POINT('',#6499);
#6501=CARTESIAN_POINT('',(159.088997548,149.360858968,4.4));
#6502=DIRECTION('',(-0.,-1.,0.));
#6503=VECTOR('',#6502,3.223357365);
#6504=LINE('',#6501,#6503);
#6505=EDGE_CURVE('',#6500,#6492,#6504,.T.);
#6506=ORIENTED_EDGE('',*,*,#6505,.F.);
#6507=CARTESIAN_POINT('',(159.088997548,149.360858968,4.4));
#6508=DIRECTION('',(-0.,-0.,-1.));
#6509=VECTOR('',#6508,2.4);
#6510=LINE('',#6507,#6509);
#6511=EDGE_CURVE('',#6500,#3467,#6510,.T.);
#6512=ORIENTED_EDGE('',*,*,#6511,.T.);
#6513=EDGE_LOOP('',(#6490,#6498,#6506,#6512));
#6514=FACE_BOUND('',#6513,.T.);
#6515=ADVANCED_FACE('',(#6514),#6489,.F.);
#6516=CARTESIAN_POINT('',(169.088997548,122.259637677,4.4));
#6517=DIRECTION('',(-0.,-0.,-1.));
#6518=DIRECTION('',(0.707106781,0.707106781,-0.));
#6519=AXIS2_PLACEMENT_3D('',#6516,#6517,#6518);
#6520=CYLINDRICAL_SURFACE('',#6519,25.887301629);
#6521=ORIENTED_EDGE('',*,*,#3490,.T.);
#6522=CARTESIAN_POINT('',(145.199171515,132.231026636,4.4));
#6523=VERTEX_POINT('',#6522);
#6524=CARTESIAN_POINT('',(145.199171515,132.231026636,4.4));
#6525=DIRECTION('',(-0.,-0.,-1.));
#6526=VECTOR('',#6525,2.4);
#6527=LINE('',#6524,#6526);
#6528=EDGE_CURVE('',#6523,#3476,#6527,.T.);
#6529=ORIENTED_EDGE('',*,*,#6528,.F.);
#6530=CARTESIAN_POINT('',(169.088997548,122.259637677,4.4));
#6531=DIRECTION('',(0.,0.,1.));
#6532=DIRECTION('',(0.707106781,0.707106781,-0.));
#6533=AXIS2_PLACEMENT_3D('',#6530,#6531,#6532);
#6534=CIRCLE('',#6533,25.887301629);
#6535=EDGE_CURVE('',#6492,#6523,#6534,.T.);
#6536=ORIENTED_EDGE('',*,*,#6535,.F.);
#6537=ORIENTED_EDGE('',*,*,#6497,.T.);
#6538=EDGE_LOOP('',(#6521,#6529,#6536,#6537));
#6539=FACE_BOUND('',#6538,.T.);
#6540=ADVANCED_FACE('',(#6539),#6520,.T.);
#6541=CARTESIAN_POINT('',(145.199171515,132.231026636,4.4));
#6542=DIRECTION('',(-0.000436091,-0.999999905,0.));
#6543=DIRECTION('',(0.999999905,-0.000436091,-0.));
#6544=AXIS2_PLACEMENT_3D('',#6541,#6542,#6543);
#6545=PLANE('',#6544);
#6546=ORIENTED_EDGE('',*,*,#3481,.T.);
#6547=CARTESIAN_POINT('',(141.977753027,132.232431467,4.4));
#6548=VERTEX_POINT('',#6547);
#6549=CARTESIAN_POINT('',(141.977753027,132.232431467,4.4));
#6550=DIRECTION('',(-0.,-0.,-1.));
#6551=VECTOR('',#6550,2.4);
#6552=LINE('',#6549,#6551);
#6553=EDGE_CURVE('',#6548,#3465,#6552,.T.);
#6554=ORIENTED_EDGE('',*,*,#6553,.F.);
#6555=CARTESIAN_POINT('',(145.199171515,132.231026636,4.4));
#6556=DIRECTION('',(-0.999999905,0.000436091,0.));
#6557=VECTOR('',#6556,3.221418794);
#6558=LINE('',#6555,#6557);
#6559=EDGE_CURVE('',#6523,#6548,#6558,.T.);
#6560=ORIENTED_EDGE('',*,*,#6559,.F.);
#6561=ORIENTED_EDGE('',*,*,#6528,.T.);
#6562=EDGE_LOOP('',(#6546,#6554,#6560,#6561));
#6563=FACE_BOUND('',#6562,.T.);
#6564=ADVANCED_FACE('',(#6563),#6545,.F.);
#6565=CARTESIAN_POINT('',(169.088997548,122.259637677,4.4));
#6566=DIRECTION('',(-0.,-0.,-1.));
#6567=DIRECTION('',(0.707106781,0.707106781,-0.));
#6568=AXIS2_PLACEMENT_3D('',#6565,#6566,#6567);
#6569=CYLINDRICAL_SURFACE('',#6568,28.887301629);
#6570=ORIENTED_EDGE('',*,*,#3473,.T.);
#6571=ORIENTED_EDGE('',*,*,#6511,.F.);
#6572=CARTESIAN_POINT('',(169.088997548,122.259637677,4.4));
#6573=DIRECTION('',(-0.,-0.,-1.));
#6574=DIRECTION('',(0.707106781,0.707106781,-0.));
#6575=AXIS2_PLACEMENT_3D('',#6572,#6573,#6574);
#6576=CIRCLE('',#6575,28.887301629);
#6577=EDGE_CURVE('',#6548,#6500,#6576,.T.);
#6578=ORIENTED_EDGE('',*,*,#6577,.F.);
#6579=ORIENTED_EDGE('',*,*,#6553,.T.);
#6580=EDGE_LOOP('',(#6570,#6571,#6578,#6579));
#6581=FACE_BOUND('',#6580,.T.);
#6582=ADVANCED_FACE('',(#6581),#6569,.F.);
#6583=CARTESIAN_POINT('',(196.208929842,132.20878175,4.4));
#6584=DIRECTION('',(-0.000436091,-0.999999905,0.));
#6585=DIRECTION('',(0.999999905,-0.000436091,-0.));
#6586=AXIS2_PLACEMENT_3D('',#6583,#6584,#6585);
#6587=PLANE('',#6586);
#6588=ORIENTED_EDGE('',*,*,#3550,.T.);
#6589=CARTESIAN_POINT('',(192.987511354,132.210186581,4.4));
#6590=VERTEX_POINT('',#6589);
#6591=CARTESIAN_POINT('',(192.987511354,132.210186581,4.4));
#6592=DIRECTION('',(-0.,-0.,-1.));
#6593=VECTOR('',#6592,2.4);
#6594=LINE('',#6591,#6593);
#6595=EDGE_CURVE('',#6590,#3538,#6594,.T.);
#6596=ORIENTED_EDGE('',*,*,#6595,.F.);
#6597=CARTESIAN_POINT('',(196.208929842,132.20878175,4.4));
#6598=VERTEX_POINT('',#6597);
#6599=CARTESIAN_POINT('',(196.208929842,132.20878175,4.4));
#6600=DIRECTION('',(-0.999999905,0.000436091,0.));
#6601=VECTOR('',#6600,3.221418794);
#6602=LINE('',#6599,#6601);
#6603=EDGE_CURVE('',#6598,#6590,#6602,.T.);
#6604=ORIENTED_EDGE('',*,*,#6603,.F.);
#6605=CARTESIAN_POINT('',(196.208929842,132.20878175,4.4));
#6606=DIRECTION('',(-0.,-0.,-1.));
#6607=VECTOR('',#6606,2.4);
#6608=LINE('',#6605,#6607);
#6609=EDGE_CURVE('',#6598,#3503,#6608,.T.);
#6610=ORIENTED_EDGE('',*,*,#6609,.T.);
#6611=EDGE_LOOP('',(#6588,#6596,#6604,#6610));
#6612=FACE_BOUND('',#6611,.T.);
#6613=ADVANCED_FACE('',(#6612),#6587,.F.);
#6614=CARTESIAN_POINT('',(169.088997548,122.259637677,4.4));
#6615=DIRECTION('',(-0.,-0.,-1.));
#6616=DIRECTION('',(0.707106781,0.707106781,-0.));
#6617=AXIS2_PLACEMENT_3D('',#6614,#6615,#6616);
#6618=CYLINDRICAL_SURFACE('',#6617,25.887301629);
#6619=CARTESIAN_POINT('',(187.394084076,140.564724206,4.4));
#6620=VERTEX_POINT('',#6619);
#6621=CARTESIAN_POINT('',(187.394084076,140.564724206,2.));
#6622=DIRECTION('',(0.,0.,1.));
#6623=VECTOR('',#6622,2.4);
#6624=LINE('',#6621,#6623);
#6625=EDGE_CURVE('',#3529,#6620,#6624,.T.);
#6626=ORIENTED_EDGE('',*,*,#6625,.T.);
#6627=CARTESIAN_POINT('',(169.088997548,122.259637677,4.4));
#6628=DIRECTION('',(0.,0.,1.));
#6629=DIRECTION('',(0.707106781,0.707106781,-0.));
#6630=AXIS2_PLACEMENT_3D('',#6627,#6628,#6629);
#6631=CIRCLE('',#6630,25.887301629);
#6632=EDGE_CURVE('',#6590,#6620,#6631,.T.);
#6633=ORIENTED_EDGE('',*,*,#6632,.F.);
#6634=ORIENTED_EDGE('',*,*,#6595,.T.);
#6635=ORIENTED_EDGE('',*,*,#3544,.T.);
#6636=EDGE_LOOP('',(#6626,#6633,#6634,#6635));
#6637=FACE_BOUND('',#6636,.T.);
#6638=ADVANCED_FACE('',(#6637),#6618,.T.);
#6639=CARTESIAN_POINT('',(179.088997548,146.137501603,4.4));
#6640=DIRECTION('',(-1.,0.,0.));
#6641=DIRECTION('',(-0.,-1.,0.));
#6642=AXIS2_PLACEMENT_3D('',#6639,#6640,#6641);
#6643=PLANE('',#6642);
#6644=ORIENTED_EDGE('',*,*,#3526,.T.);
#6645=CARTESIAN_POINT('',(179.088997548,149.360858967,4.4));
#6646=VERTEX_POINT('',#6645);
#6647=CARTESIAN_POINT('',(179.088997548,149.360858967,4.4));
#6648=DIRECTION('',(-0.,-0.,-1.));
#6649=VECTOR('',#6648,2.4);
#6650=LINE('',#6647,#6649);
#6651=EDGE_CURVE('',#6646,#3512,#6650,.T.);
#6652=ORIENTED_EDGE('',*,*,#6651,.F.);
#6653=CARTESIAN_POINT('',(179.088997548,146.137501603,4.4));
#6654=VERTEX_POINT('',#6653);
#6655=CARTESIAN_POINT('',(179.088997548,146.137501603,4.4));
#6656=DIRECTION('',(0.,1.,-0.));
#6657=VECTOR('',#6656,3.223357365);
#6658=LINE('',#6655,#6657);
#6659=EDGE_CURVE('',#6654,#6646,#6658,.T.);
#6660=ORIENTED_EDGE('',*,*,#6659,.F.);
#6661=CARTESIAN_POINT('',(179.088997548,146.137501603,4.4));
#6662=DIRECTION('',(-0.,-0.,-1.));
#6663=VECTOR('',#6662,2.4);
#6664=LINE('',#6661,#6663);
#6665=EDGE_CURVE('',#6654,#3521,#6664,.T.);
#6666=ORIENTED_EDGE('',*,*,#6665,.T.);
#6667=EDGE_LOOP('',(#6644,#6652,#6660,#6666));
#6668=FACE_BOUND('',#6667,.T.);
#6669=ADVANCED_FACE('',(#6668),#6643,.F.);
#6670=CARTESIAN_POINT('',(169.088997548,122.259637677,4.4));
#6671=DIRECTION('',(-0.,-0.,-1.));
#6672=DIRECTION('',(0.707106781,0.707106781,-0.));
#6673=AXIS2_PLACEMENT_3D('',#6670,#6671,#6672);
#6674=CYLINDRICAL_SURFACE('',#6673,28.887301629);
#6675=CARTESIAN_POINT('',(189.51540442,142.68604455,4.4));
#6676=VERTEX_POINT('',#6675);
#6677=CARTESIAN_POINT('',(189.51540442,142.68604455,2.));
#6678=DIRECTION('',(0.,0.,1.));
#6679=VECTOR('',#6678,2.4);
#6680=LINE('',#6677,#6679);
#6681=EDGE_CURVE('',#3501,#6676,#6680,.T.);
#6682=ORIENTED_EDGE('',*,*,#6681,.F.);
#6683=ORIENTED_EDGE('',*,*,#3509,.T.);
#6684=ORIENTED_EDGE('',*,*,#6609,.F.);
#6685=CARTESIAN_POINT('',(169.088997548,122.259637677,4.4));
#6686=DIRECTION('',(-0.,-0.,-1.));
#6687=DIRECTION('',(0.707106781,0.707106781,-0.));
#6688=AXIS2_PLACEMENT_3D('',#6685,#6686,#6687);
#6689=CIRCLE('',#6688,28.887301629);
#6690=EDGE_CURVE('',#6676,#6598,#6689,.T.);
#6691=ORIENTED_EDGE('',*,*,#6690,.F.);
#6692=EDGE_LOOP('',(#6682,#6683,#6684,#6691));
#6693=FACE_BOUND('',#6692,.T.);
#6694=ADVANCED_FACE('',(#6693),#6674,.F.);
#6695=CARTESIAN_POINT('',(179.088997548,88.836235472,4.4));
#6696=DIRECTION('',(-1.,0.,0.));
#6697=DIRECTION('',(-0.,-1.,0.));
#6698=AXIS2_PLACEMENT_3D('',#6695,#6696,#6697);
#6699=PLANE('',#6698);
#6700=ORIENTED_EDGE('',*,*,#3586,.T.);
#6701=CARTESIAN_POINT('',(179.088997548,91.980932203,4.4));
#6702=VERTEX_POINT('',#6701);
#6703=CARTESIAN_POINT('',(179.088997548,91.980932203,4.4));
#6704=DIRECTION('',(-0.,-0.,-1.));
#6705=VECTOR('',#6704,2.4);
#6706=LINE('',#6703,#6705);
#6707=EDGE_CURVE('',#6702,#3574,#6706,.T.);
#6708=ORIENTED_EDGE('',*,*,#6707,.F.);
#6709=CARTESIAN_POINT('',(179.088997548,88.836235472,4.4));
#6710=VERTEX_POINT('',#6709);
#6711=CARTESIAN_POINT('',(179.088997548,88.836235472,4.4));
#6712=DIRECTION('',(0.,1.,-0.));
#6713=VECTOR('',#6712,3.144696731);
#6714=LINE('',#6711,#6713);
#6715=EDGE_CURVE('',#6710,#6702,#6714,.T.);
#6716=ORIENTED_EDGE('',*,*,#6715,.F.);
#6717=CARTESIAN_POINT('',(179.088997548,88.836235472,4.4));
#6718=DIRECTION('',(-0.,-0.,-1.));
#6719=VECTOR('',#6718,2.4);
#6720=LINE('',#6717,#6719);
#6721=EDGE_CURVE('',#6710,#3557,#6720,.T.);
#6722=ORIENTED_EDGE('',*,*,#6721,.T.);
#6723=EDGE_LOOP('',(#6700,#6708,#6716,#6722));
#6724=FACE_BOUND('',#6723,.T.);
#6725=ADVANCED_FACE('',(#6724),#6699,.F.);
#6726=CARTESIAN_POINT('',(169.088997548,122.259637677,4.4));
#6727=DIRECTION('',(-0.,-0.,-1.));
#6728=DIRECTION('',(0.707106781,0.707106781,-0.));
#6729=AXIS2_PLACEMENT_3D('',#6726,#6727,#6728);
#6730=CYLINDRICAL_SURFACE('',#6729,31.887301629);
#6731=ORIENTED_EDGE('',*,*,#3580,.T.);
#6732=CARTESIAN_POINT('',(199.350404017,112.20740988,4.4));
#6733=VERTEX_POINT('',#6732);
#6734=CARTESIAN_POINT('',(199.350404017,112.20740988,4.4));
#6735=DIRECTION('',(-0.,-0.,-1.));
#6736=VECTOR('',#6735,2.4);
#6737=LINE('',#6734,#6736);
#6738=EDGE_CURVE('',#6733,#3566,#6737,.T.);
#6739=ORIENTED_EDGE('',*,*,#6738,.F.);
#6740=CARTESIAN_POINT('',(169.088997548,122.259637677,4.4));
#6741=DIRECTION('',(0.,0.,1.));
#6742=DIRECTION('',(0.707106781,0.707106781,-0.));
#6743=AXIS2_PLACEMENT_3D('',#6740,#6741,#6742);
#6744=CIRCLE('',#6743,31.887301629);
#6745=EDGE_CURVE('',#6702,#6733,#6744,.T.);
#6746=ORIENTED_EDGE('',*,*,#6745,.F.);
#6747=ORIENTED_EDGE('',*,*,#6707,.T.);
#6748=EDGE_LOOP('',(#6731,#6739,#6746,#6747));
#6749=FACE_BOUND('',#6748,.T.);
#6750=ADVANCED_FACE('',(#6749),#6730,.T.);
#6751=CARTESIAN_POINT('',(199.350404017,112.20740988,4.4));
#6752=DIRECTION('',(0.000436091,0.999999905,-0.));
#6753=DIRECTION('',(-0.999999905,0.000436091,0.));
#6754=AXIS2_PLACEMENT_3D('',#6751,#6752,#6753);
#6755=PLANE('',#6754);
#6756=ORIENTED_EDGE('',*,*,#3571,.T.);
#6757=CARTESIAN_POINT('',(202.496316327,112.206037977,4.4));
#6758=VERTEX_POINT('',#6757);
#6759=CARTESIAN_POINT('',(202.496316327,112.206037977,4.4));
#6760=DIRECTION('',(-0.,-0.,-1.));
#6761=VECTOR('',#6760,2.4);
#6762=LINE('',#6759,#6761);
#6763=EDGE_CURVE('',#6758,#3555,#6762,.T.);
#6764=ORIENTED_EDGE('',*,*,#6763,.F.);
#6765=CARTESIAN_POINT('',(199.350404017,112.20740988,4.4));
#6766=DIRECTION('',(0.999999905,-0.000436091,-0.));
#6767=VECTOR('',#6766,3.145912609);
#6768=LINE('',#6765,#6767);
#6769=EDGE_CURVE('',#6733,#6758,#6768,.T.);
#6770=ORIENTED_EDGE('',*,*,#6769,.F.);
#6771=ORIENTED_EDGE('',*,*,#6738,.T.);
#6772=EDGE_LOOP('',(#6756,#6764,#6770,#6771));
#6773=FACE_BOUND('',#6772,.T.);
#6774=ADVANCED_FACE('',(#6773),#6755,.F.);
#6775=CARTESIAN_POINT('',(169.088997548,122.259637677,4.4));
#6776=DIRECTION('',(-0.,-0.,-1.));
#6777=DIRECTION('',(0.707106781,0.707106781,-0.));
#6778=AXIS2_PLACEMENT_3D('',#6775,#6776,#6777);
#6779=CYLINDRICAL_SURFACE('',#6778,34.887301629);
#6780=ORIENTED_EDGE('',*,*,#3563,.T.);
#6781=ORIENTED_EDGE('',*,*,#6721,.F.);
#6782=CARTESIAN_POINT('',(169.088997548,122.259637677,4.4));
#6783=DIRECTION('',(-0.,-0.,-1.));
#6784=DIRECTION('',(0.707106781,0.707106781,-0.));
#6785=AXIS2_PLACEMENT_3D('',#6782,#6783,#6784);
#6786=CIRCLE('',#6785,34.887301629);
#6787=EDGE_CURVE('',#6758,#6710,#6786,.T.);
#6788=ORIENTED_EDGE('',*,*,#6787,.F.);
#6789=ORIENTED_EDGE('',*,*,#6763,.T.);
#6790=EDGE_LOOP('',(#6780,#6781,#6788,#6789));
#6791=FACE_BOUND('',#6790,.T.);
#6792=ADVANCED_FACE('',(#6791),#6779,.F.);
#6793=CARTESIAN_POINT('',(135.672922912,112.235179043,4.4));
#6794=DIRECTION('',(0.000436091,0.999999905,-0.));
#6795=DIRECTION('',(-0.999999905,0.000436091,0.));
#6796=AXIS2_PLACEMENT_3D('',#6793,#6794,#6795);
#6797=PLANE('',#6796);
#6798=ORIENTED_EDGE('',*,*,#3622,.T.);
#6799=CARTESIAN_POINT('',(138.818835222,112.23380714,4.4));
#6800=VERTEX_POINT('',#6799);
#6801=CARTESIAN_POINT('',(138.818835222,112.23380714,4.4));
#6802=DIRECTION('',(-0.,-0.,-1.));
#6803=VECTOR('',#6802,2.4);
#6804=LINE('',#6801,#6803);
#6805=EDGE_CURVE('',#6800,#3610,#6804,.T.);
#6806=ORIENTED_EDGE('',*,*,#6805,.F.);
#6807=CARTESIAN_POINT('',(135.672922912,112.235179043,4.4));
#6808=VERTEX_POINT('',#6807);
#6809=CARTESIAN_POINT('',(135.672922912,112.235179043,4.4));
#6810=DIRECTION('',(0.999999905,-0.000436091,-0.));
#6811=VECTOR('',#6810,3.145912609);
#6812=LINE('',#6809,#6811);
#6813=EDGE_CURVE('',#6808,#6800,#6812,.T.);
#6814=ORIENTED_EDGE('',*,*,#6813,.F.);
#6815=CARTESIAN_POINT('',(135.672922912,112.235179043,4.4));
#6816=DIRECTION('',(-0.,-0.,-1.));
#6817=VECTOR('',#6816,2.4);
#6818=LINE('',#6815,#6817);
#6819=EDGE_CURVE('',#6808,#3593,#6818,.T.);
#6820=ORIENTED_EDGE('',*,*,#6819,.T.);
#6821=EDGE_LOOP('',(#6798,#6806,#6814,#6820));
#6822=FACE_BOUND('',#6821,.T.);
#6823=ADVANCED_FACE('',(#6822),#6797,.F.);
#6824=CARTESIAN_POINT('',(169.088997548,122.259637677,4.4));
#6825=DIRECTION('',(-0.,-0.,-1.));
#6826=DIRECTION('',(0.707106781,0.707106781,-0.));
#6827=AXIS2_PLACEMENT_3D('',#6824,#6825,#6826);
#6828=CYLINDRICAL_SURFACE('',#6827,31.887301629);
#6829=ORIENTED_EDGE('',*,*,#3616,.T.);
#6830=CARTESIAN_POINT('',(159.088997548,91.980932203,4.4));
#6831=VERTEX_POINT('',#6830);
#6832=CARTESIAN_POINT('',(159.088997548,91.980932203,4.4));
#6833=DIRECTION('',(-0.,-0.,-1.));
#6834=VECTOR('',#6833,2.4);
#6835=LINE('',#6832,#6834);
#6836=EDGE_CURVE('',#6831,#3602,#6835,.T.);
#6837=ORIENTED_EDGE('',*,*,#6836,.F.);
#6838=CARTESIAN_POINT('',(169.088997548,122.259637677,4.4));
#6839=DIRECTION('',(0.,0.,1.));
#6840=DIRECTION('',(0.707106781,0.707106781,-0.));
#6841=AXIS2_PLACEMENT_3D('',#6838,#6839,#6840);
#6842=CIRCLE('',#6841,31.887301629);
#6843=EDGE_CURVE('',#6800,#6831,#6842,.T.);
#6844=ORIENTED_EDGE('',*,*,#6843,.F.);
#6845=ORIENTED_EDGE('',*,*,#6805,.T.);
#6846=EDGE_LOOP('',(#6829,#6837,#6844,#6845));
#6847=FACE_BOUND('',#6846,.T.);
#6848=ADVANCED_FACE('',(#6847),#6828,.T.);
#6849=CARTESIAN_POINT('',(159.088997548,91.980932203,4.4));
#6850=DIRECTION('',(1.,-0.,-0.));
#6851=DIRECTION('',(0.,1.,-0.));
#6852=AXIS2_PLACEMENT_3D('',#6849,#6850,#6851);
#6853=PLANE('',#6852);
#6854=ORIENTED_EDGE('',*,*,#3607,.T.);
#6855=CARTESIAN_POINT('',(159.088997548,88.836235472,4.4));
#6856=VERTEX_POINT('',#6855);
#6857=CARTESIAN_POINT('',(159.088997548,88.836235472,4.4));
#6858=DIRECTION('',(-0.,-0.,-1.));
#6859=VECTOR('',#6858,2.4);
#6860=LINE('',#6857,#6859);
#6861=EDGE_CURVE('',#6856,#3591,#6860,.T.);
#6862=ORIENTED_EDGE('',*,*,#6861,.F.);
#6863=CARTESIAN_POINT('',(159.088997548,91.980932203,4.4));
#6864=DIRECTION('',(-0.,-1.,0.));
#6865=VECTOR('',#6864,3.144696731);
#6866=LINE('',#6863,#6865);
#6867=EDGE_CURVE('',#6831,#6856,#6866,.T.);
#6868=ORIENTED_EDGE('',*,*,#6867,.F.);
#6869=ORIENTED_EDGE('',*,*,#6836,.T.);
#6870=EDGE_LOOP('',(#6854,#6862,#6868,#6869));
#6871=FACE_BOUND('',#6870,.T.);
#6872=ADVANCED_FACE('',(#6871),#6853,.F.);
#6873=CARTESIAN_POINT('',(169.088997548,122.259637677,4.4));
#6874=DIRECTION('',(-0.,-0.,-1.));
#6875=DIRECTION('',(0.707106781,0.707106781,-0.));
#6876=AXIS2_PLACEMENT_3D('',#6873,#6874,#6875);
#6877=CYLINDRICAL_SURFACE('',#6876,34.887301629);
#6878=ORIENTED_EDGE('',*,*,#3599,.T.);
#6879=ORIENTED_EDGE('',*,*,#6819,.F.);
#6880=CARTESIAN_POINT('',(169.088997548,122.259637677,4.4));
#6881=DIRECTION('',(-0.,-0.,-1.));
#6882=DIRECTION('',(0.707106781,0.707106781,-0.));
#6883=AXIS2_PLACEMENT_3D('',#6880,#6881,#6882);
#6884=CIRCLE('',#6883,34.887301629);
#6885=EDGE_CURVE('',#6856,#6808,#6884,.T.);
#6886=ORIENTED_EDGE('',*,*,#6885,.F.);
#6887=ORIENTED_EDGE('',*,*,#6861,.T.);
#6888=EDGE_LOOP('',(#6878,#6879,#6886,#6887));
#6889=FACE_BOUND('',#6888,.T.);
#6890=ADVANCED_FACE('',(#6889),#6877,.F.);
#6891=CARTESIAN_POINT('',(159.088997548,155.683039883,4.4));
#6892=DIRECTION('',(1.,-0.,-0.));
#6893=DIRECTION('',(0.,1.,-0.));
#6894=AXIS2_PLACEMENT_3D('',#6891,#6892,#6893);
#6895=PLANE('',#6894);
#6896=ORIENTED_EDGE('',*,*,#3658,.T.);
#6897=CARTESIAN_POINT('',(159.088997548,152.538343152,4.4));
#6898=VERTEX_POINT('',#6897);
#6899=CARTESIAN_POINT('',(159.088997548,152.538343152,4.4));
#6900=DIRECTION('',(-0.,-0.,-1.));
#6901=VECTOR('',#6900,2.4);
#6902=LINE('',#6899,#6901);
#6903=EDGE_CURVE('',#6898,#3646,#6902,.T.);
#6904=ORIENTED_EDGE('',*,*,#6903,.F.);
#6905=CARTESIAN_POINT('',(159.088997548,155.683039883,4.4));
#6906=VERTEX_POINT('',#6905);
#6907=CARTESIAN_POINT('',(159.088997548,155.683039883,4.4));
#6908=DIRECTION('',(-0.,-1.,0.));
#6909=VECTOR('',#6908,3.144696731);
#6910=LINE('',#6907,#6909);
#6911=EDGE_CURVE('',#6906,#6898,#6910,.T.);
#6912=ORIENTED_EDGE('',*,*,#6911,.F.);
#6913=CARTESIAN_POINT('',(159.088997548,155.683039883,4.4));
#6914=DIRECTION('',(-0.,-0.,-1.));
#6915=VECTOR('',#6914,2.4);
#6916=LINE('',#6913,#6915);
#6917=EDGE_CURVE('',#6906,#3629,#6916,.T.);
#6918=ORIENTED_EDGE('',*,*,#6917,.T.);
#6919=EDGE_LOOP('',(#6896,#6904,#6912,#6918));
#6920=FACE_BOUND('',#6919,.T.);
#6921=ADVANCED_FACE('',(#6920),#6895,.F.);
#6922=CARTESIAN_POINT('',(169.088997548,122.259637677,4.4));
#6923=DIRECTION('',(-0.,-0.,-1.));
#6924=DIRECTION('',(0.707106781,0.707106781,-0.));
#6925=AXIS2_PLACEMENT_3D('',#6922,#6923,#6924);
#6926=CYLINDRICAL_SURFACE('',#6925,31.887301629);
#6927=ORIENTED_EDGE('',*,*,#3652,.T.);
#6928=CARTESIAN_POINT('',(138.801776441,132.233816481,4.4));
#6929=VERTEX_POINT('',#6928);
#6930=CARTESIAN_POINT('',(138.801776441,132.233816481,4.4));
#6931=DIRECTION('',(-0.,-0.,-1.));
#6932=VECTOR('',#6931,2.4);
#6933=LINE('',#6930,#6932);
#6934=EDGE_CURVE('',#6929,#3638,#6933,.T.);
#6935=ORIENTED_EDGE('',*,*,#6934,.F.);
#6936=CARTESIAN_POINT('',(169.088997548,122.259637677,4.4));
#6937=DIRECTION('',(0.,0.,1.));
#6938=DIRECTION('',(0.707106781,0.707106781,-0.));
#6939=AXIS2_PLACEMENT_3D('',#6936,#6937,#6938);
#6940=CIRCLE('',#6939,31.887301629);
#6941=EDGE_CURVE('',#6898,#6929,#6940,.T.);
#6942=ORIENTED_EDGE('',*,*,#6941,.F.);
#6943=ORIENTED_EDGE('',*,*,#6903,.T.);
#6944=EDGE_LOOP('',(#6927,#6935,#6942,#6943));
#6945=FACE_BOUND('',#6944,.T.);
#6946=ADVANCED_FACE('',(#6945),#6926,.T.);
#6947=CARTESIAN_POINT('',(138.801776441,132.233816481,4.4));
#6948=DIRECTION('',(-0.000436091,-0.999999905,0.));
#6949=DIRECTION('',(0.999999905,-0.000436091,-0.));
#6950=AXIS2_PLACEMENT_3D('',#6947,#6948,#6949);
#6951=PLANE('',#6950);
#6952=ORIENTED_EDGE('',*,*,#3643,.T.);
#6953=CARTESIAN_POINT('',(135.658289745,132.235187326,4.4));
#6954=VERTEX_POINT('',#6953);
#6955=CARTESIAN_POINT('',(135.658289745,132.235187326,4.4));
#6956=DIRECTION('',(-0.,-0.,-1.));
#6957=VECTOR('',#6956,2.4);
#6958=LINE('',#6955,#6957);
#6959=EDGE_CURVE('',#6954,#3627,#6958,.T.);
#6960=ORIENTED_EDGE('',*,*,#6959,.F.);
#6961=CARTESIAN_POINT('',(138.801776441,132.233816481,4.4));
#6962=DIRECTION('',(-0.999999905,0.000436091,0.));
#6963=VECTOR('',#6962,3.143486994);
#6964=LINE('',#6961,#6963);
#6965=EDGE_CURVE('',#6929,#6954,#6964,.T.);
#6966=ORIENTED_EDGE('',*,*,#6965,.F.);
#6967=ORIENTED_EDGE('',*,*,#6934,.T.);
#6968=EDGE_LOOP('',(#6952,#6960,#6966,#6967));
#6969=FACE_BOUND('',#6968,.T.);
#6970=ADVANCED_FACE('',(#6969),#6951,.F.);
#6971=CARTESIAN_POINT('',(169.088997548,122.259637677,4.4));
#6972=DIRECTION('',(-0.,-0.,-1.));
#6973=DIRECTION('',(0.707106781,0.707106781,-0.));
#6974=AXIS2_PLACEMENT_3D('',#6971,#6972,#6973);
#6975=CYLINDRICAL_SURFACE('',#6974,34.887301629);
#6976=ORIENTED_EDGE('',*,*,#3635,.T.);
#6977=ORIENTED_EDGE('',*,*,#6917,.F.);
#6978=CARTESIAN_POINT('',(169.088997548,122.259637677,4.4));
#6979=DIRECTION('',(-0.,-0.,-1.));
#6980=DIRECTION('',(0.707106781,0.707106781,-0.));
#6981=AXIS2_PLACEMENT_3D('',#6978,#6979,#6980);
#6982=CIRCLE('',#6981,34.887301629);
#6983=EDGE_CURVE('',#6954,#6906,#6982,.T.);
#6984=ORIENTED_EDGE('',*,*,#6983,.F.);
#6985=ORIENTED_EDGE('',*,*,#6959,.T.);
#6986=EDGE_LOOP('',(#6976,#6977,#6984,#6985));
#6987=FACE_BOUND('',#6986,.T.);
#6988=ADVANCED_FACE('',(#6987),#6975,.F.);
#6989=CARTESIAN_POINT('',(202.528393124,132.20602589,4.4));
#6990=DIRECTION('',(-0.000436091,-0.999999905,0.));
#6991=DIRECTION('',(0.999999905,-0.000436091,-0.));
#6992=AXIS2_PLACEMENT_3D('',#6989,#6990,#6991);
#6993=PLANE('',#6992);
#6994=ORIENTED_EDGE('',*,*,#3712,.T.);
#6995=CARTESIAN_POINT('',(199.384906428,132.207396736,4.4));
#6996=VERTEX_POINT('',#6995);
#6997=CARTESIAN_POINT('',(199.384906428,132.207396736,4.4));
#6998=DIRECTION('',(-0.,-0.,-1.));
#6999=VECTOR('',#6998,2.4);
#7000=LINE('',#6997,#6999);
#7001=EDGE_CURVE('',#6996,#3700,#7000,.T.);
#7002=ORIENTED_EDGE('',*,*,#7001,.F.);
#7003=CARTESIAN_POINT('',(202.528393124,132.20602589,4.4));
#7004=VERTEX_POINT('',#7003);
#7005=CARTESIAN_POINT('',(202.528393124,132.20602589,4.4));
#7006=DIRECTION('',(-0.999999905,0.000436091,0.));
#7007=VECTOR('',#7006,3.143486994);
#7008=LINE('',#7005,#7007);
#7009=EDGE_CURVE('',#7004,#6996,#7008,.T.);
#7010=ORIENTED_EDGE('',*,*,#7009,.F.);
#7011=CARTESIAN_POINT('',(202.528393124,132.20602589,4.4));
#7012=DIRECTION('',(-0.,-0.,-1.));
#7013=VECTOR('',#7012,2.4);
#7014=LINE('',#7011,#7013);
#7015=EDGE_CURVE('',#7004,#3665,#7014,.T.);
#7016=ORIENTED_EDGE('',*,*,#7015,.T.);
#7017=EDGE_LOOP('',(#6994,#7002,#7010,#7016));
#7018=FACE_BOUND('',#7017,.T.);
#7019=ADVANCED_FACE('',(#7018),#6993,.F.);
#7020=CARTESIAN_POINT('',(169.088997548,122.259637677,4.4));
#7021=DIRECTION('',(-0.,-0.,-1.));
#7022=DIRECTION('',(0.707106781,0.707106781,-0.));
#7023=AXIS2_PLACEMENT_3D('',#7020,#7021,#7022);
#7024=CYLINDRICAL_SURFACE('',#7023,31.887301629);
#7025=CARTESIAN_POINT('',(191.636724763,144.807364893,4.4));
#7026=VERTEX_POINT('',#7025);
#7027=CARTESIAN_POINT('',(191.636724763,144.807364893,2.));
#7028=DIRECTION('',(0.,0.,1.));
#7029=VECTOR('',#7028,2.4);
#7030=LINE('',#7027,#7029);
#7031=EDGE_CURVE('',#3691,#7026,#7030,.T.);
#7032=ORIENTED_EDGE('',*,*,#7031,.T.);
#7033=CARTESIAN_POINT('',(169.088997548,122.259637677,4.4));
#7034=DIRECTION('',(0.,0.,1.));
#7035=DIRECTION('',(0.707106781,0.707106781,-0.));
#7036=AXIS2_PLACEMENT_3D('',#7033,#7034,#7035);
#7037=CIRCLE('',#7036,31.887301629);
#7038=EDGE_CURVE('',#6996,#7026,#7037,.T.);
#7039=ORIENTED_EDGE('',*,*,#7038,.F.);
#7040=ORIENTED_EDGE('',*,*,#7001,.T.);
#7041=ORIENTED_EDGE('',*,*,#3706,.T.);
#7042=EDGE_LOOP('',(#7032,#7039,#7040,#7041));
#7043=FACE_BOUND('',#7042,.T.);
#7044=ADVANCED_FACE('',(#7043),#7024,.T.);
#7045=CARTESIAN_POINT('',(179.088997548,152.538343151,4.4));
#7046=DIRECTION('',(-1.,0.,0.));
#7047=DIRECTION('',(-0.,-1.,0.));
#7048=AXIS2_PLACEMENT_3D('',#7045,#7046,#7047);
#7049=PLANE('',#7048);
#7050=ORIENTED_EDGE('',*,*,#3688,.T.);
#7051=CARTESIAN_POINT('',(179.088997548,155.683039882,4.4));
#7052=VERTEX_POINT('',#7051);
#7053=CARTESIAN_POINT('',(179.088997548,155.683039882,4.4));
#7054=DIRECTION('',(-0.,-0.,-1.));
#7055=VECTOR('',#7054,2.4);
#7056=LINE('',#7053,#7055);
#7057=EDGE_CURVE('',#7052,#3674,#7056,.T.);
#7058=ORIENTED_EDGE('',*,*,#7057,.F.);
#7059=CARTESIAN_POINT('',(179.088997548,152.538343151,4.4));
#7060=VERTEX_POINT('',#7059);
#7061=CARTESIAN_POINT('',(179.088997548,152.538343151,4.4));
#7062=DIRECTION('',(0.,1.,-0.));
#7063=VECTOR('',#7062,3.144696731);
#7064=LINE('',#7061,#7063);
#7065=EDGE_CURVE('',#7060,#7052,#7064,.T.);
#7066=ORIENTED_EDGE('',*,*,#7065,.F.);
#7067=CARTESIAN_POINT('',(179.088997548,152.538343151,4.4));
#7068=DIRECTION('',(-0.,-0.,-1.));
#7069=VECTOR('',#7068,2.4);
#7070=LINE('',#7067,#7069);
#7071=EDGE_CURVE('',#7060,#3683,#7070,.T.);
#7072=ORIENTED_EDGE('',*,*,#7071,.T.);
#7073=EDGE_LOOP('',(#7050,#7058,#7066,#7072));
#7074=FACE_BOUND('',#7073,.T.);
#7075=ADVANCED_FACE('',(#7074),#7049,.F.);
#7076=CARTESIAN_POINT('',(169.088997548,122.259637677,4.4));
#7077=DIRECTION('',(-0.,-0.,-1.));
#7078=DIRECTION('',(0.707106781,0.707106781,-0.));
#7079=AXIS2_PLACEMENT_3D('',#7076,#7077,#7078);
#7080=CYLINDRICAL_SURFACE('',#7079,34.887301629);
#7081=CARTESIAN_POINT('',(193.758045107,146.928685237,4.4));
#7082=VERTEX_POINT('',#7081);
#7083=CARTESIAN_POINT('',(193.758045107,146.928685237,2.));
#7084=DIRECTION('',(0.,0.,1.));
#7085=VECTOR('',#7084,2.4);
#7086=LINE('',#7083,#7085);
#7087=EDGE_CURVE('',#3663,#7082,#7086,.T.);
#7088=ORIENTED_EDGE('',*,*,#7087,.F.);
#7089=ORIENTED_EDGE('',*,*,#3671,.T.);
#7090=ORIENTED_EDGE('',*,*,#7015,.F.);
#7091=CARTESIAN_POINT('',(169.088997548,122.259637677,4.4));
#7092=DIRECTION('',(-0.,-0.,-1.));
#7093=DIRECTION('',(0.707106781,0.707106781,-0.));
#7094=AXIS2_PLACEMENT_3D('',#7091,#7092,#7093);
#7095=CIRCLE('',#7094,34.887301629);
#7096=EDGE_CURVE('',#7082,#7004,#7095,.T.);
#7097=ORIENTED_EDGE('',*,*,#7096,.F.);
#7098=EDGE_LOOP('',(#7088,#7089,#7090,#7097));
#7099=FACE_BOUND('',#7098,.T.);
#7100=ADVANCED_FACE('',(#7099),#7080,.F.);
#7101=CARTESIAN_POINT('',(179.088997548,82.61406498,4.4));
#7102=DIRECTION('',(-1.,-0.,0.));
#7103=DIRECTION('',(0.,-1.,0.));
#7104=AXIS2_PLACEMENT_3D('',#7101,#7102,#7103);
#7105=PLANE('',#7104);
#7106=ORIENTED_EDGE('',*,*,#3748,.T.);
#7107=CARTESIAN_POINT('',(179.088997548,85.715860851,4.4));
#7108=VERTEX_POINT('',#7107);
#7109=CARTESIAN_POINT('',(179.088997548,85.715860851,4.4));
#7110=DIRECTION('',(-0.,-0.,-1.));
#7111=VECTOR('',#7110,2.4);
#7112=LINE('',#7109,#7111);
#7113=EDGE_CURVE('',#7108,#3736,#7112,.T.);
#7114=ORIENTED_EDGE('',*,*,#7113,.F.);
#7115=CARTESIAN_POINT('',(179.088997548,82.61406498,4.4));
#7116=VERTEX_POINT('',#7115);
#7117=CARTESIAN_POINT('',(179.088997548,82.61406498,4.4));
#7118=DIRECTION('',(-0.,1.,-0.));
#7119=VECTOR('',#7118,3.101795871);
#7120=LINE('',#7117,#7119);
#7121=EDGE_CURVE('',#7116,#7108,#7120,.T.);
#7122=ORIENTED_EDGE('',*,*,#7121,.F.);
#7123=CARTESIAN_POINT('',(179.088997548,82.61406498,4.4));
#7124=DIRECTION('',(-0.,-0.,-1.));
#7125=VECTOR('',#7124,2.4);
#7126=LINE('',#7123,#7125);
#7127=EDGE_CURVE('',#7116,#3719,#7126,.T.);
#7128=ORIENTED_EDGE('',*,*,#7127,.T.);
#7129=EDGE_LOOP('',(#7106,#7114,#7122,#7128));
#7130=FACE_BOUND('',#7129,.T.);
#7131=ADVANCED_FACE('',(#7130),#7105,.F.);
#7132=CARTESIAN_POINT('',(169.088997548,122.259637677,4.4));
#7133=DIRECTION('',(-0.,-0.,-1.));
#7134=DIRECTION('',(0.707106781,0.707106781,-0.));
#7135=AXIS2_PLACEMENT_3D('',#7132,#7133,#7134);
#7136=CYLINDRICAL_SURFACE('',#7135,37.887301629);
#7137=ORIENTED_EDGE('',*,*,#3742,.T.);
#7138=CARTESIAN_POINT('',(205.617690188,112.204676774,4.4));
#7139=VERTEX_POINT('',#7138);
#7140=CARTESIAN_POINT('',(205.617690188,112.204676774,4.4));
#7141=DIRECTION('',(-0.,-0.,-1.));
#7142=VECTOR('',#7141,2.4);
#7143=LINE('',#7140,#7142);
#7144=EDGE_CURVE('',#7139,#3728,#7143,.T.);
#7145=ORIENTED_EDGE('',*,*,#7144,.F.);
#7146=CARTESIAN_POINT('',(169.088997548,122.259637677,4.4));
#7147=DIRECTION('',(0.,0.,1.));
#7148=DIRECTION('',(0.707106781,0.707106781,-0.));
#7149=AXIS2_PLACEMENT_3D('',#7146,#7147,#7148);
#7150=CIRCLE('',#7149,37.887301629);
#7151=EDGE_CURVE('',#7108,#7139,#7150,.T.);
#7152=ORIENTED_EDGE('',*,*,#7151,.F.);
#7153=ORIENTED_EDGE('',*,*,#7113,.T.);
#7154=EDGE_LOOP('',(#7137,#7145,#7152,#7153));
#7155=FACE_BOUND('',#7154,.T.);
#7156=ADVANCED_FACE('',(#7155),#7136,.T.);
#7157=CARTESIAN_POINT('',(205.617690188,112.204676774,4.4));
#7158=DIRECTION('',(0.000436091,0.999999905,-0.));
#7159=DIRECTION('',(-0.999999905,0.000436091,0.));
#7160=AXIS2_PLACEMENT_3D('',#7157,#7158,#7159);
#7161=PLANE('',#7160);
#7162=ORIENTED_EDGE('',*,*,#3733,.T.);
#7163=CARTESIAN_POINT('',(208.720323347,112.203323745,4.4));
#7164=VERTEX_POINT('',#7163);
#7165=CARTESIAN_POINT('',(208.720323347,112.203323745,4.4));
#7166=DIRECTION('',(-0.,-0.,-1.));
#7167=VECTOR('',#7166,2.4);
#7168=LINE('',#7165,#7167);
#7169=EDGE_CURVE('',#7164,#3717,#7168,.T.);
#7170=ORIENTED_EDGE('',*,*,#7169,.F.);
#7171=CARTESIAN_POINT('',(205.617690188,112.204676774,4.4));
#7172=DIRECTION('',(0.999999905,-0.000436091,-0.));
#7173=VECTOR('',#7172,3.102633454);
#7174=LINE('',#7171,#7173);
#7175=EDGE_CURVE('',#7139,#7164,#7174,.T.);
#7176=ORIENTED_EDGE('',*,*,#7175,.F.);
#7177=ORIENTED_EDGE('',*,*,#7144,.T.);
#7178=EDGE_LOOP('',(#7162,#7170,#7176,#7177));
#7179=FACE_BOUND('',#7178,.T.);
#7180=ADVANCED_FACE('',(#7179),#7161,.F.);
#7181=CARTESIAN_POINT('',(169.088997548,122.259637677,4.4));
#7182=DIRECTION('',(-0.,-0.,-1.));
#7183=DIRECTION('',(0.707106781,0.707106781,-0.));
#7184=AXIS2_PLACEMENT_3D('',#7181,#7182,#7183);
#7185=CYLINDRICAL_SURFACE('',#7184,40.887301629);
#7186=ORIENTED_EDGE('',*,*,#3725,.T.);
#7187=ORIENTED_EDGE('',*,*,#7127,.F.);
#7188=CARTESIAN_POINT('',(169.088997548,122.259637677,4.4));
#7189=DIRECTION('',(-0.,-0.,-1.));
#7190=DIRECTION('',(0.707106781,0.707106781,-0.));
#7191=AXIS2_PLACEMENT_3D('',#7188,#7189,#7190);
#7192=CIRCLE('',#7191,40.887301629);
#7193=EDGE_CURVE('',#7164,#7116,#7192,.T.);
#7194=ORIENTED_EDGE('',*,*,#7193,.F.);
#7195=ORIENTED_EDGE('',*,*,#7169,.T.);
#7196=EDGE_LOOP('',(#7186,#7187,#7194,#7195));
#7197=FACE_BOUND('',#7196,.T.);
#7198=ADVANCED_FACE('',(#7197),#7185,.F.);
#7199=CARTESIAN_POINT('',(129.448915892,112.237893275,4.4));
#7200=DIRECTION('',(0.000436091,0.999999905,-0.));
#7201=DIRECTION('',(-0.999999905,0.000436091,0.));
#7202=AXIS2_PLACEMENT_3D('',#7199,#7200,#7201);
#7203=PLANE('',#7202);
#7204=ORIENTED_EDGE('',*,*,#3784,.T.);
#7205=CARTESIAN_POINT('',(132.551549051,112.236540245,4.4));
#7206=VERTEX_POINT('',#7205);
#7207=CARTESIAN_POINT('',(132.551549051,112.236540245,4.4));
#7208=DIRECTION('',(-0.,-0.,-1.));
#7209=VECTOR('',#7208,2.4);
#7210=LINE('',#7207,#7209);
#7211=EDGE_CURVE('',#7206,#3772,#7210,.T.);
#7212=ORIENTED_EDGE('',*,*,#7211,.F.);
#7213=CARTESIAN_POINT('',(129.448915892,112.237893275,4.4));
#7214=VERTEX_POINT('',#7213);
#7215=CARTESIAN_POINT('',(129.448915892,112.237893275,4.4));
#7216=DIRECTION('',(0.999999905,-0.000436091,-0.));
#7217=VECTOR('',#7216,3.102633454);
#7218=LINE('',#7215,#7217);
#7219=EDGE_CURVE('',#7214,#7206,#7218,.T.);
#7220=ORIENTED_EDGE('',*,*,#7219,.F.);
#7221=CARTESIAN_POINT('',(129.448915892,112.237893275,4.4));
#7222=DIRECTION('',(-0.,-0.,-1.));
#7223=VECTOR('',#7222,2.4);
#7224=LINE('',#7221,#7223);
#7225=EDGE_CURVE('',#7214,#3755,#7224,.T.);
#7226=ORIENTED_EDGE('',*,*,#7225,.T.);
#7227=EDGE_LOOP('',(#7204,#7212,#7220,#7226));
#7228=FACE_BOUND('',#7227,.T.);
#7229=ADVANCED_FACE('',(#7228),#7203,.F.);
#7230=CARTESIAN_POINT('',(169.088997548,122.259637677,4.4));
#7231=DIRECTION('',(-0.,-0.,-1.));
#7232=DIRECTION('',(0.707106781,0.707106781,-0.));
#7233=AXIS2_PLACEMENT_3D('',#7230,#7231,#7232);
#7234=CYLINDRICAL_SURFACE('',#7233,37.887301629);
#7235=ORIENTED_EDGE('',*,*,#3778,.T.);
#7236=CARTESIAN_POINT('',(159.088997548,85.715860851,4.4));
#7237=VERTEX_POINT('',#7236);
#7238=CARTESIAN_POINT('',(159.088997548,85.715860851,4.4));
#7239=DIRECTION('',(-0.,-0.,-1.));
#7240=VECTOR('',#7239,2.4);
#7241=LINE('',#7238,#7240);
#7242=EDGE_CURVE('',#7237,#3764,#7241,.T.);
#7243=ORIENTED_EDGE('',*,*,#7242,.F.);
#7244=CARTESIAN_POINT('',(169.088997548,122.259637677,4.4));
#7245=DIRECTION('',(0.,0.,1.));
#7246=DIRECTION('',(0.707106781,0.707106781,-0.));
#7247=AXIS2_PLACEMENT_3D('',#7244,#7245,#7246);
#7248=CIRCLE('',#7247,37.887301629);
#7249=EDGE_CURVE('',#7206,#7237,#7248,.T.);
#7250=ORIENTED_EDGE('',*,*,#7249,.F.);
#7251=ORIENTED_EDGE('',*,*,#7211,.T.);
#7252=EDGE_LOOP('',(#7235,#7243,#7250,#7251));
#7253=FACE_BOUND('',#7252,.T.);
#7254=ADVANCED_FACE('',(#7253),#7234,.T.);
#7255=CARTESIAN_POINT('',(159.088997548,85.715860851,4.4));
#7256=DIRECTION('',(1.,-0.,-0.));
#7257=DIRECTION('',(0.,1.,-0.));
#7258=AXIS2_PLACEMENT_3D('',#7255,#7256,#7257);
#7259=PLANE('',#7258);
#7260=ORIENTED_EDGE('',*,*,#3769,.T.);
#7261=CARTESIAN_POINT('',(159.088997548,82.61406498,4.4));
#7262=VERTEX_POINT('',#7261);
#7263=CARTESIAN_POINT('',(159.088997548,82.61406498,4.4));
#7264=DIRECTION('',(-0.,-0.,-1.));
#7265=VECTOR('',#7264,2.4);
#7266=LINE('',#7263,#7265);
#7267=EDGE_CURVE('',#7262,#3753,#7266,.T.);
#7268=ORIENTED_EDGE('',*,*,#7267,.F.);
#7269=CARTESIAN_POINT('',(159.088997548,85.715860851,4.4));
#7270=DIRECTION('',(-0.,-1.,0.));
#7271=VECTOR('',#7270,3.101795871);
#7272=LINE('',#7269,#7271);
#7273=EDGE_CURVE('',#7237,#7262,#7272,.T.);
#7274=ORIENTED_EDGE('',*,*,#7273,.F.);
#7275=ORIENTED_EDGE('',*,*,#7242,.T.);
#7276=EDGE_LOOP('',(#7260,#7268,#7274,#7275));
#7277=FACE_BOUND('',#7276,.T.);
#7278=ADVANCED_FACE('',(#7277),#7259,.F.);
#7279=CARTESIAN_POINT('',(169.088997548,122.259637677,4.4));
#7280=DIRECTION('',(-0.,-0.,-1.));
#7281=DIRECTION('',(0.707106781,0.707106781,-0.));
#7282=AXIS2_PLACEMENT_3D('',#7279,#7280,#7281);
#7283=CYLINDRICAL_SURFACE('',#7282,40.887301629);
#7284=ORIENTED_EDGE('',*,*,#3761,.T.);
#7285=ORIENTED_EDGE('',*,*,#7225,.F.);
#7286=CARTESIAN_POINT('',(169.088997548,122.259637677,4.4));
#7287=DIRECTION('',(-0.,-0.,-1.));
#7288=DIRECTION('',(0.707106781,0.707106781,-0.));
#7289=AXIS2_PLACEMENT_3D('',#7286,#7287,#7288);
#7290=CIRCLE('',#7289,40.887301629);
#7291=EDGE_CURVE('',#7262,#7214,#7290,.T.);
#7292=ORIENTED_EDGE('',*,*,#7291,.F.);
#7293=ORIENTED_EDGE('',*,*,#7267,.T.);
#7294=EDGE_LOOP('',(#7284,#7285,#7292,#7293));
#7295=FACE_BOUND('',#7294,.T.);
#7296=ADVANCED_FACE('',(#7295),#7283,.F.);
#7297=CARTESIAN_POINT('',(159.088997548,161.905210375,4.4));
#7298=DIRECTION('',(1.,0.,-0.));
#7299=DIRECTION('',(-0.,1.,-0.));
#7300=AXIS2_PLACEMENT_3D('',#7297,#7298,#7299);
#7301=PLANE('',#7300);
#7302=ORIENTED_EDGE('',*,*,#3820,.T.);
#7303=CARTESIAN_POINT('',(159.088997548,158.803414504,4.4));
#7304=VERTEX_POINT('',#7303);
#7305=CARTESIAN_POINT('',(159.088997548,158.803414504,4.4));
#7306=DIRECTION('',(-0.,-0.,-1.));
#7307=VECTOR('',#7306,2.4);
#7308=LINE('',#7305,#7307);
#7309=EDGE_CURVE('',#7304,#3808,#7308,.T.);
#7310=ORIENTED_EDGE('',*,*,#7309,.F.);
#7311=CARTESIAN_POINT('',(159.088997548,161.905210375,4.4));
#7312=VERTEX_POINT('',#7311);
#7313=CARTESIAN_POINT('',(159.088997548,161.905210375,4.4));
#7314=DIRECTION('',(0.,-1.,0.));
#7315=VECTOR('',#7314,3.101795871);
#7316=LINE('',#7313,#7315);
#7317=EDGE_CURVE('',#7312,#7304,#7316,.T.);
#7318=ORIENTED_EDGE('',*,*,#7317,.F.);
#7319=CARTESIAN_POINT('',(159.088997548,161.905210375,4.4));
#7320=DIRECTION('',(-0.,-0.,-1.));
#7321=VECTOR('',#7320,2.4);
#7322=LINE('',#7319,#7321);
#7323=EDGE_CURVE('',#7312,#3791,#7322,.T.);
#7324=ORIENTED_EDGE('',*,*,#7323,.T.);
#7325=EDGE_LOOP('',(#7302,#7310,#7318,#7324));
#7326=FACE_BOUND('',#7325,.T.);
#7327=ADVANCED_FACE('',(#7326),#7301,.F.);
#7328=CARTESIAN_POINT('',(169.088997548,122.259637677,4.4));
#7329=DIRECTION('',(-0.,-0.,-1.));
#7330=DIRECTION('',(0.707106781,0.707106781,-0.));
#7331=AXIS2_PLACEMENT_3D('',#7328,#7329,#7330);
#7332=CYLINDRICAL_SURFACE('',#7331,37.887301629);
#7333=ORIENTED_EDGE('',*,*,#3814,.T.);
#7334=CARTESIAN_POINT('',(132.538910106,132.236547659,4.4));
#7335=VERTEX_POINT('',#7334);
#7336=CARTESIAN_POINT('',(132.538910106,132.236547659,4.4));
#7337=DIRECTION('',(-0.,-0.,-1.));
#7338=VECTOR('',#7337,2.4);
#7339=LINE('',#7336,#7338);
#7340=EDGE_CURVE('',#7335,#3800,#7339,.T.);
#7341=ORIENTED_EDGE('',*,*,#7340,.F.);
#7342=CARTESIAN_POINT('',(169.088997548,122.259637677,4.4));
#7343=DIRECTION('',(0.,0.,1.));
#7344=DIRECTION('',(0.707106781,0.707106781,-0.));
#7345=AXIS2_PLACEMENT_3D('',#7342,#7343,#7344);
#7346=CIRCLE('',#7345,37.887301629);
#7347=EDGE_CURVE('',#7304,#7335,#7346,.T.);
#7348=ORIENTED_EDGE('',*,*,#7347,.F.);
#7349=ORIENTED_EDGE('',*,*,#7309,.T.);
#7350=EDGE_LOOP('',(#7333,#7341,#7348,#7349));
#7351=FACE_BOUND('',#7350,.T.);
#7352=ADVANCED_FACE('',(#7351),#7332,.T.);
#7353=CARTESIAN_POINT('',(132.538910106,132.236547659,4.4));
#7354=DIRECTION('',(-0.000436091,-0.999999905,0.));
#7355=DIRECTION('',(0.999999905,-0.000436091,-0.));
#7356=AXIS2_PLACEMENT_3D('',#7353,#7354,#7355);
#7357=PLANE('',#7356);
#7358=ORIENTED_EDGE('',*,*,#3805,.T.);
#7359=CARTESIAN_POINT('',(129.437948175,132.23789996,4.4));
#7360=VERTEX_POINT('',#7359);
#7361=CARTESIAN_POINT('',(129.437948175,132.23789996,4.4));
#7362=DIRECTION('',(-0.,-0.,-1.));
#7363=VECTOR('',#7362,2.4);
#7364=LINE('',#7361,#7363);
#7365=EDGE_CURVE('',#7360,#3789,#7364,.T.);
#7366=ORIENTED_EDGE('',*,*,#7365,.F.);
#7367=CARTESIAN_POINT('',(132.538910106,132.236547659,4.4));
#7368=DIRECTION('',(-0.999999905,0.000436091,0.));
#7369=VECTOR('',#7368,3.100962226);
#7370=LINE('',#7367,#7369);
#7371=EDGE_CURVE('',#7335,#7360,#7370,.T.);
#7372=ORIENTED_EDGE('',*,*,#7371,.F.);
#7373=ORIENTED_EDGE('',*,*,#7340,.T.);
#7374=EDGE_LOOP('',(#7358,#7366,#7372,#7373));
#7375=FACE_BOUND('',#7374,.T.);
#7376=ADVANCED_FACE('',(#7375),#7357,.F.);
#7377=CARTESIAN_POINT('',(169.088997548,122.259637677,4.4));
#7378=DIRECTION('',(-0.,-0.,-1.));
#7379=DIRECTION('',(0.707106781,0.707106781,-0.));
#7380=AXIS2_PLACEMENT_3D('',#7377,#7378,#7379);
#7381=CYLINDRICAL_SURFACE('',#7380,40.887301629);
#7382=ORIENTED_EDGE('',*,*,#3797,.T.);
#7383=ORIENTED_EDGE('',*,*,#7323,.F.);
#7384=CARTESIAN_POINT('',(169.088997548,122.259637677,4.4));
#7385=DIRECTION('',(-0.,-0.,-1.));
#7386=DIRECTION('',(0.707106781,0.707106781,-0.));
#7387=AXIS2_PLACEMENT_3D('',#7384,#7385,#7386);
#7388=CIRCLE('',#7387,40.887301629);
#7389=EDGE_CURVE('',#7360,#7312,#7388,.T.);
#7390=ORIENTED_EDGE('',*,*,#7389,.F.);
#7391=ORIENTED_EDGE('',*,*,#7365,.T.);
#7392=EDGE_LOOP('',(#7382,#7383,#7390,#7391));
#7393=FACE_BOUND('',#7392,.T.);
#7394=ADVANCED_FACE('',(#7393),#7381,.F.);
#7395=CARTESIAN_POINT('',(208.748734694,132.203313256,4.4));
#7396=DIRECTION('',(-0.000436091,-0.999999905,0.));
#7397=DIRECTION('',(0.999999905,-0.000436091,-0.));
#7398=AXIS2_PLACEMENT_3D('',#7395,#7396,#7397);
#7399=PLANE('',#7398);
#7400=ORIENTED_EDGE('',*,*,#3874,.T.);
#7401=CARTESIAN_POINT('',(205.647772762,132.204665557,4.4));
#7402=VERTEX_POINT('',#7401);
#7403=CARTESIAN_POINT('',(205.647772762,132.204665557,4.4));
#7404=DIRECTION('',(-0.,-0.,-1.));
#7405=VECTOR('',#7404,2.4);
#7406=LINE('',#7403,#7405);
#7407=EDGE_CURVE('',#7402,#3862,#7406,.T.);
#7408=ORIENTED_EDGE('',*,*,#7407,.F.);
#7409=CARTESIAN_POINT('',(208.748734694,132.203313256,4.4));
#7410=VERTEX_POINT('',#7409);
#7411=CARTESIAN_POINT('',(208.748734694,132.203313256,4.4));
#7412=DIRECTION('',(-0.999999905,0.000436091,0.));
#7413=VECTOR('',#7412,3.100962226);
#7414=LINE('',#7411,#7413);
#7415=EDGE_CURVE('',#7410,#7402,#7414,.T.);
#7416=ORIENTED_EDGE('',*,*,#7415,.F.);
#7417=CARTESIAN_POINT('',(208.748734694,132.203313256,4.4));
#7418=DIRECTION('',(-0.,-0.,-1.));
#7419=VECTOR('',#7418,2.4);
#7420=LINE('',#7417,#7419);
#7421=EDGE_CURVE('',#7410,#3827,#7420,.T.);
#7422=ORIENTED_EDGE('',*,*,#7421,.T.);
#7423=EDGE_LOOP('',(#7400,#7408,#7416,#7422));
#7424=FACE_BOUND('',#7423,.T.);
#7425=ADVANCED_FACE('',(#7424),#7399,.F.);
#7426=CARTESIAN_POINT('',(169.088997548,122.259637677,4.4));
#7427=DIRECTION('',(-0.,-0.,-1.));
#7428=DIRECTION('',(0.707106781,0.707106781,-0.));
#7429=AXIS2_PLACEMENT_3D('',#7426,#7427,#7428);
#7430=CYLINDRICAL_SURFACE('',#7429,37.887301629);
#7431=CARTESIAN_POINT('',(195.879365451,149.05000558,4.4));
#7432=VERTEX_POINT('',#7431);
#7433=CARTESIAN_POINT('',(195.879365451,149.05000558,2.));
#7434=DIRECTION('',(0.,0.,1.));
#7435=VECTOR('',#7434,2.4);
#7436=LINE('',#7433,#7435);
#7437=EDGE_CURVE('',#3853,#7432,#7436,.T.);
#7438=ORIENTED_EDGE('',*,*,#7437,.T.);
#7439=CARTESIAN_POINT('',(169.088997548,122.259637677,4.4));
#7440=DIRECTION('',(0.,0.,1.));
#7441=DIRECTION('',(0.707106781,0.707106781,-0.));
#7442=AXIS2_PLACEMENT_3D('',#7439,#7440,#7441);
#7443=CIRCLE('',#7442,37.887301629);
#7444=EDGE_CURVE('',#7402,#7432,#7443,.T.);
#7445=ORIENTED_EDGE('',*,*,#7444,.F.);
#7446=ORIENTED_EDGE('',*,*,#7407,.T.);
#7447=ORIENTED_EDGE('',*,*,#3868,.T.);
#7448=EDGE_LOOP('',(#7438,#7445,#7446,#7447));
#7449=FACE_BOUND('',#7448,.T.);
#7450=ADVANCED_FACE('',(#7449),#7430,.T.);
#7451=CARTESIAN_POINT('',(179.088997548,158.803414504,4.4));
#7452=DIRECTION('',(-1.,0.,0.));
#7453=DIRECTION('',(-0.,-1.,0.));
#7454=AXIS2_PLACEMENT_3D('',#7451,#7452,#7453);
#7455=PLANE('',#7454);
#7456=ORIENTED_EDGE('',*,*,#3850,.T.);
#7457=CARTESIAN_POINT('',(179.088997548,161.905210375,4.4));
#7458=VERTEX_POINT('',#7457);
#7459=CARTESIAN_POINT('',(179.088997548,161.905210375,4.4));
#7460=DIRECTION('',(-0.,-0.,-1.));
#7461=VECTOR('',#7460,2.4);
#7462=LINE('',#7459,#7461);
#7463=EDGE_CURVE('',#7458,#3836,#7462,.T.);
#7464=ORIENTED_EDGE('',*,*,#7463,.F.);
#7465=CARTESIAN_POINT('',(179.088997548,158.803414504,4.4));
#7466=VERTEX_POINT('',#7465);
#7467=CARTESIAN_POINT('',(179.088997548,158.803414504,4.4));
#7468=DIRECTION('',(0.,1.,-0.));
#7469=VECTOR('',#7468,3.101795871);
#7470=LINE('',#7467,#7469);
#7471=EDGE_CURVE('',#7466,#7458,#7470,.T.);
#7472=ORIENTED_EDGE('',*,*,#7471,.F.);
#7473=CARTESIAN_POINT('',(179.088997548,158.803414504,4.4));
#7474=DIRECTION('',(-0.,-0.,-1.));
#7475=VECTOR('',#7474,2.4);
#7476=LINE('',#7473,#7475);
#7477=EDGE_CURVE('',#7466,#3845,#7476,.T.);
#7478=ORIENTED_EDGE('',*,*,#7477,.T.);
#7479=EDGE_LOOP('',(#7456,#7464,#7472,#7478));
#7480=FACE_BOUND('',#7479,.T.);
#7481=ADVANCED_FACE('',(#7480),#7455,.F.);
#7482=CARTESIAN_POINT('',(169.088997548,122.259637677,4.4));
#7483=DIRECTION('',(-0.,-0.,-1.));
#7484=DIRECTION('',(0.707106781,0.707106781,-0.));
#7485=AXIS2_PLACEMENT_3D('',#7482,#7483,#7484);
#7486=CYLINDRICAL_SURFACE('',#7485,40.887301629);
#7487=CARTESIAN_POINT('',(198.000685794,151.171325924,4.4));
#7488=VERTEX_POINT('',#7487);
#7489=CARTESIAN_POINT('',(198.000685794,151.171325924,2.));
#7490=DIRECTION('',(0.,0.,1.));
#7491=VECTOR('',#7490,2.4);
#7492=LINE('',#7489,#7491);
#7493=EDGE_CURVE('',#3825,#7488,#7492,.T.);
#7494=ORIENTED_EDGE('',*,*,#7493,.F.);
#7495=ORIENTED_EDGE('',*,*,#3833,.T.);
#7496=ORIENTED_EDGE('',*,*,#7421,.F.);
#7497=CARTESIAN_POINT('',(169.088997548,122.259637677,4.4));
#7498=DIRECTION('',(-0.,-0.,-1.));
#7499=DIRECTION('',(0.707106781,0.707106781,-0.));
#7500=AXIS2_PLACEMENT_3D('',#7497,#7498,#7499);
#7501=CIRCLE('',#7500,40.887301629);
#7502=EDGE_CURVE('',#7488,#7410,#7501,.T.);
#7503=ORIENTED_EDGE('',*,*,#7502,.F.);
#7504=EDGE_LOOP('',(#7494,#7495,#7496,#7503));
#7505=FACE_BOUND('',#7504,.T.);
#7506=ADVANCED_FACE('',(#7505),#7486,.F.);
#7507=CARTESIAN_POINT('',(179.088997548,76.45113351,4.4));
#7508=DIRECTION('',(-1.,0.,0.));
#7509=DIRECTION('',(-0.,-1.,0.));
#7510=AXIS2_PLACEMENT_3D('',#7507,#7508,#7509);
#7511=PLANE('',#7510);
#7512=ORIENTED_EDGE('',*,*,#3910,.T.);
#7513=CARTESIAN_POINT('',(179.088997548,79.526802009,4.4));
#7514=VERTEX_POINT('',#7513);
#7515=CARTESIAN_POINT('',(179.088997548,79.526802009,4.4));
#7516=DIRECTION('',(-0.,-0.,-1.));
#7517=VECTOR('',#7516,2.4);
#7518=LINE('',#7515,#7517);
#7519=EDGE_CURVE('',#7514,#3898,#7518,.T.);
#7520=ORIENTED_EDGE('',*,*,#7519,.F.);
#7521=CARTESIAN_POINT('',(179.088997548,76.45113351,4.4));
#7522=VERTEX_POINT('',#7521);
#7523=CARTESIAN_POINT('',(179.088997548,76.45113351,4.4));
#7524=DIRECTION('',(0.,1.,-0.));
#7525=VECTOR('',#7524,3.075668499);
#7526=LINE('',#7523,#7525);
#7527=EDGE_CURVE('',#7522,#7514,#7526,.T.);
#7528=ORIENTED_EDGE('',*,*,#7527,.F.);
#7529=CARTESIAN_POINT('',(179.088997548,76.45113351,4.4));
#7530=DIRECTION('',(-0.,-0.,-1.));
#7531=VECTOR('',#7530,2.4);
#7532=LINE('',#7529,#7531);
#7533=EDGE_CURVE('',#7522,#3881,#7532,.T.);
#7534=ORIENTED_EDGE('',*,*,#7533,.T.);
#7535=EDGE_LOOP('',(#7512,#7520,#7528,#7534));
#7536=FACE_BOUND('',#7535,.T.);
#7537=ADVANCED_FACE('',(#7536),#7511,.F.);
#7538=CARTESIAN_POINT('',(169.088997548,122.259637677,4.4));
#7539=DIRECTION('',(-0.,-0.,-1.));
#7540=DIRECTION('',(0.707106781,0.707106781,-0.));
#7541=AXIS2_PLACEMENT_3D('',#7538,#7539,#7540);
#7542=CYLINDRICAL_SURFACE('',#7541,43.887301629);
#7543=ORIENTED_EDGE('',*,*,#3904,.T.);
#7544=CARTESIAN_POINT('',(211.808298901,112.201977107,4.4));
#7545=VERTEX_POINT('',#7544);
#7546=CARTESIAN_POINT('',(211.808298901,112.201977107,4.4));
#7547=DIRECTION('',(-0.,-0.,-1.));
#7548=VECTOR('',#7547,2.4);
#7549=LINE('',#7546,#7548);
#7550=EDGE_CURVE('',#7545,#3890,#7549,.T.);
#7551=ORIENTED_EDGE('',*,*,#7550,.F.);
#7552=CARTESIAN_POINT('',(169.088997548,122.259637677,4.4));
#7553=DIRECTION('',(0.,0.,1.));
#7554=DIRECTION('',(0.707106781,0.707106781,-0.));
#7555=AXIS2_PLACEMENT_3D('',#7552,#7553,#7554);
#7556=CIRCLE('',#7555,43.887301629);
#7557=EDGE_CURVE('',#7514,#7545,#7556,.T.);
#7558=ORIENTED_EDGE('',*,*,#7557,.F.);
#7559=ORIENTED_EDGE('',*,*,#7519,.T.);
#7560=EDGE_LOOP('',(#7543,#7551,#7558,#7559));
#7561=FACE_BOUND('',#7560,.T.);
#7562=ADVANCED_FACE('',(#7561),#7542,.T.);
#7563=CARTESIAN_POINT('',(211.808298901,112.201977107,4.4));
#7564=DIRECTION('',(0.000436091,0.999999905,-0.));
#7565=DIRECTION('',(-0.999999905,0.000436091,0.));
#7566=AXIS2_PLACEMENT_3D('',#7563,#7564,#7565);
#7567=PLANE('',#7566);
#7568=ORIENTED_EDGE('',*,*,#3895,.T.);
#7569=CARTESIAN_POINT('',(214.88458173,112.200635568,4.4));
#7570=VERTEX_POINT('',#7569);
#7571=CARTESIAN_POINT('',(214.88458173,112.200635568,4.4));
#7572=DIRECTION('',(-0.,-0.,-1.));
#7573=VECTOR('',#7572,2.4);
#7574=LINE('',#7571,#7573);
#7575=EDGE_CURVE('',#7570,#3879,#7574,.T.);
#7576=ORIENTED_EDGE('',*,*,#7575,.F.);
#7577=CARTESIAN_POINT('',(211.808298901,112.201977107,4.4));
#7578=DIRECTION('',(0.999999905,-0.000436091,-0.));
#7579=VECTOR('',#7578,3.076283122);
#7580=LINE('',#7577,#7579);
#7581=EDGE_CURVE('',#7545,#7570,#7580,.T.);
#7582=ORIENTED_EDGE('',*,*,#7581,.F.);
#7583=ORIENTED_EDGE('',*,*,#7550,.T.);
#7584=EDGE_LOOP('',(#7568,#7576,#7582,#7583));
#7585=FACE_BOUND('',#7584,.T.);
#7586=ADVANCED_FACE('',(#7585),#7567,.F.);
#7587=CARTESIAN_POINT('',(169.088997548,122.259637677,4.4));
#7588=DIRECTION('',(-0.,-0.,-1.));
#7589=DIRECTION('',(0.707106781,0.707106781,-0.));
#7590=AXIS2_PLACEMENT_3D('',#7587,#7588,#7589);
#7591=CYLINDRICAL_SURFACE('',#7590,46.887301629);
#7592=ORIENTED_EDGE('',*,*,#3887,.T.);
#7593=ORIENTED_EDGE('',*,*,#7533,.F.);
#7594=CARTESIAN_POINT('',(169.088997548,122.259637677,4.4));
#7595=DIRECTION('',(-0.,-0.,-1.));
#7596=DIRECTION('',(0.707106781,0.707106781,-0.));
#7597=AXIS2_PLACEMENT_3D('',#7594,#7595,#7596);
#7598=CIRCLE('',#7597,46.887301629);
#7599=EDGE_CURVE('',#7570,#7522,#7598,.T.);
#7600=ORIENTED_EDGE('',*,*,#7599,.F.);
#7601=ORIENTED_EDGE('',*,*,#7575,.T.);
#7602=EDGE_LOOP('',(#7592,#7593,#7600,#7601));
#7603=FACE_BOUND('',#7602,.T.);
#7604=ADVANCED_FACE('',(#7603),#7591,.F.);
#7605=CARTESIAN_POINT('',(123.284657509,112.240581452,4.4));
#7606=DIRECTION('',(0.000436091,0.999999905,-0.));
#7607=DIRECTION('',(-0.999999905,0.000436091,0.));
#7608=AXIS2_PLACEMENT_3D('',#7605,#7606,#7607);
#7609=PLANE('',#7608);
#7610=ORIENTED_EDGE('',*,*,#3946,.T.);
#7611=CARTESIAN_POINT('',(126.360940338,112.239239913,4.4));
#7612=VERTEX_POINT('',#7611);
#7613=CARTESIAN_POINT('',(126.360940338,112.239239913,4.4));
#7614=DIRECTION('',(-0.,-0.,-1.));
#7615=VECTOR('',#7614,2.4);
#7616=LINE('',#7613,#7615);
#7617=EDGE_CURVE('',#7612,#3934,#7616,.T.);
#7618=ORIENTED_EDGE('',*,*,#7617,.F.);
#7619=CARTESIAN_POINT('',(123.284657509,112.240581452,4.4));
#7620=VERTEX_POINT('',#7619);
#7621=CARTESIAN_POINT('',(123.284657509,112.240581452,4.4));
#7622=DIRECTION('',(0.999999905,-0.000436091,-0.));
#7623=VECTOR('',#7622,3.076283122);
#7624=LINE('',#7621,#7623);
#7625=EDGE_CURVE('',#7620,#7612,#7624,.T.);
#7626=ORIENTED_EDGE('',*,*,#7625,.F.);
#7627=CARTESIAN_POINT('',(123.284657509,112.240581452,4.4));
#7628=DIRECTION('',(-0.,-0.,-1.));
#7629=VECTOR('',#7628,2.4);
#7630=LINE('',#7627,#7629);
#7631=EDGE_CURVE('',#7620,#3917,#7630,.T.);
#7632=ORIENTED_EDGE('',*,*,#7631,.T.);
#7633=EDGE_LOOP('',(#7610,#7618,#7626,#7632));
#7634=FACE_BOUND('',#7633,.T.);
#7635=ADVANCED_FACE('',(#7634),#7609,.F.);
#7636=CARTESIAN_POINT('',(169.088997548,122.259637677,4.4));
#7637=DIRECTION('',(-0.,-0.,-1.));
#7638=DIRECTION('',(0.707106781,0.707106781,-0.));
#7639=AXIS2_PLACEMENT_3D('',#7636,#7637,#7638);
#7640=CYLINDRICAL_SURFACE('',#7639,43.887301629);
#7641=ORIENTED_EDGE('',*,*,#3940,.T.);
#7642=CARTESIAN_POINT('',(159.088997548,79.526802008,4.4));
#7643=VERTEX_POINT('',#7642);
#7644=CARTESIAN_POINT('',(159.088997548,79.526802008,4.4));
#7645=DIRECTION('',(-0.,-0.,-1.));
#7646=VECTOR('',#7645,2.4);
#7647=LINE('',#7644,#7646);
#7648=EDGE_CURVE('',#7643,#3926,#7647,.T.);
#7649=ORIENTED_EDGE('',*,*,#7648,.F.);
#7650=CARTESIAN_POINT('',(169.088997548,122.259637677,4.4));
#7651=DIRECTION('',(0.,0.,1.));
#7652=DIRECTION('',(0.707106781,0.707106781,-0.));
#7653=AXIS2_PLACEMENT_3D('',#7650,#7651,#7652);
#7654=CIRCLE('',#7653,43.887301629);
#7655=EDGE_CURVE('',#7612,#7643,#7654,.T.);
#7656=ORIENTED_EDGE('',*,*,#7655,.F.);
#7657=ORIENTED_EDGE('',*,*,#7617,.T.);
#7658=EDGE_LOOP('',(#7641,#7649,#7656,#7657));
#7659=FACE_BOUND('',#7658,.T.);
#7660=ADVANCED_FACE('',(#7659),#7640,.T.);
#7661=CARTESIAN_POINT('',(159.088997548,79.526802008,4.4));
#7662=DIRECTION('',(1.,-0.,-0.));
#7663=DIRECTION('',(0.,1.,-0.));
#7664=AXIS2_PLACEMENT_3D('',#7661,#7662,#7663);
#7665=PLANE('',#7664);
#7666=ORIENTED_EDGE('',*,*,#3931,.T.);
#7667=CARTESIAN_POINT('',(159.088997548,76.45113351,4.4));
#7668=VERTEX_POINT('',#7667);
#7669=CARTESIAN_POINT('',(159.088997548,76.45113351,4.4));
#7670=DIRECTION('',(-0.,-0.,-1.));
#7671=VECTOR('',#7670,2.4);
#7672=LINE('',#7669,#7671);
#7673=EDGE_CURVE('',#7668,#3915,#7672,.T.);
#7674=ORIENTED_EDGE('',*,*,#7673,.F.);
#7675=CARTESIAN_POINT('',(159.088997548,79.526802008,4.4));
#7676=DIRECTION('',(-0.,-1.,0.));
#7677=VECTOR('',#7676,3.075668499);
#7678=LINE('',#7675,#7677);
#7679=EDGE_CURVE('',#7643,#7668,#7678,.T.);
#7680=ORIENTED_EDGE('',*,*,#7679,.F.);
#7681=ORIENTED_EDGE('',*,*,#7648,.T.);
#7682=EDGE_LOOP('',(#7666,#7674,#7680,#7681));
#7683=FACE_BOUND('',#7682,.T.);
#7684=ADVANCED_FACE('',(#7683),#7665,.F.);
#7685=CARTESIAN_POINT('',(169.088997548,122.259637677,4.4));
#7686=DIRECTION('',(-0.,-0.,-1.));
#7687=DIRECTION('',(0.707106781,0.707106781,-0.));
#7688=AXIS2_PLACEMENT_3D('',#7685,#7686,#7687);
#7689=CYLINDRICAL_SURFACE('',#7688,46.887301629);
#7690=ORIENTED_EDGE('',*,*,#3923,.T.);
#7691=ORIENTED_EDGE('',*,*,#7631,.F.);
#7692=CARTESIAN_POINT('',(169.088997548,122.259637677,4.4));
#7693=DIRECTION('',(-0.,-0.,-1.));
#7694=DIRECTION('',(0.707106781,0.707106781,-0.));
#7695=AXIS2_PLACEMENT_3D('',#7692,#7693,#7694);
#7696=CIRCLE('',#7695,46.887301629);
#7697=EDGE_CURVE('',#7668,#7620,#7696,.T.);
#7698=ORIENTED_EDGE('',*,*,#7697,.F.);
#7699=ORIENTED_EDGE('',*,*,#7673,.T.);
#7700=EDGE_LOOP('',(#7690,#7691,#7698,#7699));
#7701=FACE_BOUND('',#7700,.T.);
#7702=ADVANCED_FACE('',(#7701),#7689,.F.);
#7703=CARTESIAN_POINT('',(159.088997548,168.068141845,4.4));
#7704=DIRECTION('',(1.,-0.,-0.));
#7705=DIRECTION('',(0.,1.,-0.));
#7706=AXIS2_PLACEMENT_3D('',#7703,#7704,#7705);
#7707=PLANE('',#7706);
#7708=ORIENTED_EDGE('',*,*,#3982,.T.);
#7709=CARTESIAN_POINT('',(159.088997548,164.992473346,4.4));
#7710=VERTEX_POINT('',#7709);
#7711=CARTESIAN_POINT('',(159.088997548,164.992473346,4.4));
#7712=DIRECTION('',(-0.,-0.,-1.));
#7713=VECTOR('',#7712,2.4);
#7714=LINE('',#7711,#7713);
#7715=EDGE_CURVE('',#7710,#3970,#7714,.T.);
#7716=ORIENTED_EDGE('',*,*,#7715,.F.);
#7717=CARTESIAN_POINT('',(159.088997548,168.068141845,4.4));
#7718=VERTEX_POINT('',#7717);
#7719=CARTESIAN_POINT('',(159.088997548,168.068141845,4.4));
#7720=DIRECTION('',(-0.,-1.,0.));
#7721=VECTOR('',#7720,3.075668499);
#7722=LINE('',#7719,#7721);
#7723=EDGE_CURVE('',#7718,#7710,#7722,.T.);
#7724=ORIENTED_EDGE('',*,*,#7723,.F.);
#7725=CARTESIAN_POINT('',(159.088997548,168.068141845,4.4));
#7726=DIRECTION('',(-0.,-0.,-1.));
#7727=VECTOR('',#7726,2.4);
#7728=LINE('',#7725,#7727);
#7729=EDGE_CURVE('',#7718,#3953,#7728,.T.);
#7730=ORIENTED_EDGE('',*,*,#7729,.T.);
#7731=EDGE_LOOP('',(#7708,#7716,#7724,#7730));
#7732=FACE_BOUND('',#7731,.T.);
#7733=ADVANCED_FACE('',(#7732),#7707,.F.);
#7734=CARTESIAN_POINT('',(169.088997548,122.259637677,4.4));
#7735=DIRECTION('',(-0.,-0.,-1.));
#7736=DIRECTION('',(0.707106781,0.707106781,-0.));
#7737=AXIS2_PLACEMENT_3D('',#7734,#7735,#7736);
#7738=CYLINDRICAL_SURFACE('',#7737,43.887301629);
#7739=ORIENTED_EDGE('',*,*,#3976,.T.);
#7740=CARTESIAN_POINT('',(126.351395106,132.239245977,4.4));
#7741=VERTEX_POINT('',#7740);
#7742=CARTESIAN_POINT('',(126.351395106,132.239245977,4.4));
#7743=DIRECTION('',(-0.,-0.,-1.));
#7744=VECTOR('',#7743,2.4);
#7745=LINE('',#7742,#7744);
#7746=EDGE_CURVE('',#7741,#3962,#7745,.T.);
#7747=ORIENTED_EDGE('',*,*,#7746,.F.);
#7748=CARTESIAN_POINT('',(169.088997548,122.259637677,4.4));
#7749=DIRECTION('',(0.,0.,1.));
#7750=DIRECTION('',(0.707106781,0.707106781,-0.));
#7751=AXIS2_PLACEMENT_3D('',#7748,#7749,#7750);
#7752=CIRCLE('',#7751,43.887301629);
#7753=EDGE_CURVE('',#7710,#7741,#7752,.T.);
#7754=ORIENTED_EDGE('',*,*,#7753,.F.);
#7755=ORIENTED_EDGE('',*,*,#7715,.T.);
#7756=EDGE_LOOP('',(#7739,#7747,#7754,#7755));
#7757=FACE_BOUND('',#7756,.T.);
#7758=ADVANCED_FACE('',(#7757),#7738,.T.);
#7759=CARTESIAN_POINT('',(126.351395106,132.239245977,4.4));
#7760=DIRECTION('',(-0.000436091,-0.999999905,0.));
#7761=DIRECTION('',(0.999999905,-0.000436091,-0.));
#7762=AXIS2_PLACEMENT_3D('',#7759,#7760,#7761);
#7763=PLANE('',#7762);
#7764=ORIENTED_EDGE('',*,*,#3967,.T.);
#7765=CARTESIAN_POINT('',(123.276338761,132.240586981,4.4));
#7766=VERTEX_POINT('',#7765);
#7767=CARTESIAN_POINT('',(123.276338761,132.240586981,4.4));
#7768=DIRECTION('',(-0.,-0.,-1.));
#7769=VECTOR('',#7768,2.4);
#7770=LINE('',#7767,#7769);
#7771=EDGE_CURVE('',#7766,#3951,#7770,.T.);
#7772=ORIENTED_EDGE('',*,*,#7771,.F.);
#7773=CARTESIAN_POINT('',(126.351395106,132.239245977,4.4));
#7774=DIRECTION('',(-0.999999905,0.000436091,0.));
#7775=VECTOR('',#7774,3.075056637);
#7776=LINE('',#7773,#7775);
#7777=EDGE_CURVE('',#7741,#7766,#7776,.T.);
#7778=ORIENTED_EDGE('',*,*,#7777,.F.);
#7779=ORIENTED_EDGE('',*,*,#7746,.T.);
#7780=EDGE_LOOP('',(#7764,#7772,#7778,#7779));
#7781=FACE_BOUND('',#7780,.T.);
#7782=ADVANCED_FACE('',(#7781),#7763,.F.);
#7783=CARTESIAN_POINT('',(169.088997548,122.259637677,4.4));
#7784=DIRECTION('',(-0.,-0.,-1.));
#7785=DIRECTION('',(0.707106781,0.707106781,-0.));
#7786=AXIS2_PLACEMENT_3D('',#7783,#7784,#7785);
#7787=CYLINDRICAL_SURFACE('',#7786,46.887301629);
#7788=ORIENTED_EDGE('',*,*,#3959,.T.);
#7789=ORIENTED_EDGE('',*,*,#7729,.F.);
#7790=CARTESIAN_POINT('',(169.088997548,122.259637677,4.4));
#7791=DIRECTION('',(-0.,-0.,-1.));
#7792=DIRECTION('',(0.707106781,0.707106781,-0.));
#7793=AXIS2_PLACEMENT_3D('',#7790,#7791,#7792);
#7794=CIRCLE('',#7793,46.887301629);
#7795=EDGE_CURVE('',#7766,#7718,#7794,.T.);
#7796=ORIENTED_EDGE('',*,*,#7795,.F.);
#7797=ORIENTED_EDGE('',*,*,#7771,.T.);
#7798=EDGE_LOOP('',(#7788,#7789,#7796,#7797));
#7799=FACE_BOUND('',#7798,.T.);
#7800=ADVANCED_FACE('',(#7799),#7787,.F.);
#7801=CARTESIAN_POINT('',(98.565671469,89.259637677,4.4));
#7802=DIRECTION('',(0.,1.,-0.));
#7803=DIRECTION('',(-1.,0.,0.));
#7804=AXIS2_PLACEMENT_3D('',#7801,#7802,#7803);
#7805=PLANE('',#7804);
#7806=CARTESIAN_POINT('',(105.215368528,89.259637677,39.4));
#7807=VERTEX_POINT('',#7806);
#7808=CARTESIAN_POINT('',(105.215368528,89.259637677,39.4));
#7809=DIRECTION('',(-0.,-0.,-1.));
#7810=VECTOR('',#7809,37.4);
#7811=LINE('',#7808,#7810);
#7812=EDGE_CURVE('',#7807,#2734,#7811,.T.);
#7813=ORIENTED_EDGE('',*,*,#7812,.F.);
#7814=CARTESIAN_POINT('',(98.565671468,89.259637677,39.4));
#7815=VERTEX_POINT('',#7814);
#7816=CARTESIAN_POINT('',(98.565671468,89.259637677,39.4));
#7817=DIRECTION('',(1.,-0.,-0.));
#7818=VECTOR('',#7817,6.649697061);
#7819=LINE('',#7816,#7818);
#7820=EDGE_CURVE('',#7815,#7807,#7819,.T.);
#7821=ORIENTED_EDGE('',*,*,#7820,.F.);
#7822=CARTESIAN_POINT('',(98.565671468,89.259637677,39.4));
#7823=DIRECTION('',(-0.,-0.,-1.));
#7824=VECTOR('',#7823,37.4);
#7825=LINE('',#7822,#7824);
#7826=EDGE_CURVE('',#7815,#2742,#7825,.T.);
#7827=ORIENTED_EDGE('',*,*,#7826,.T.);
#7828=ORIENTED_EDGE('',*,*,#2747,.T.);
#7829=EDGE_LOOP('',(#7813,#7821,#7827,#7828));
#7830=FACE_BOUND('',#7829,.T.);
#7831=ADVANCED_FACE('',(#7830),#7805,.F.);
#7832=CARTESIAN_POINT('',(89.88624749,80.580213698,4.4));
#7833=DIRECTION('',(-0.707106781,0.707106781,-0.));
#7834=DIRECTION('',(-0.,-0.,-1.));
#7835=AXIS2_PLACEMENT_3D('',#7832,#7833,#7834);
#7836=PLANE('',#7835);
#7837=CARTESIAN_POINT('',(90.85387823,81.547844439,39.4));
#7838=VERTEX_POINT('',#7837);
#7839=CARTESIAN_POINT('',(90.85387823,81.547844439,39.4));
#7840=DIRECTION('',(0.707106781,0.707106781,-0.));
#7841=VECTOR('',#7840,10.906122587);
#7842=LINE('',#7839,#7841);
#7843=EDGE_CURVE('',#7838,#7815,#7842,.T.);
#7844=ORIENTED_EDGE('',*,*,#7843,.F.);
#7845=CARTESIAN_POINT('',(90.85387823,81.547844438,39.4));
#7846=DIRECTION('',(-0.,-0.,-1.));
#7847=VECTOR('',#7846,37.4);
#7848=LINE('',#7845,#7847);
#7849=EDGE_CURVE('',#7838,#2750,#7848,.T.);
#7850=ORIENTED_EDGE('',*,*,#7849,.T.);
#7851=ORIENTED_EDGE('',*,*,#2755,.T.);
#7852=ORIENTED_EDGE('',*,*,#7826,.F.);
#7853=EDGE_LOOP('',(#7844,#7850,#7851,#7852));
#7854=FACE_BOUND('',#7853,.T.);
#7855=ADVANCED_FACE('',(#7854),#7836,.F.);
#7856=CARTESIAN_POINT('',(169.088997548,122.259637678,4.4));
#7857=DIRECTION('',(-0.,-0.,-1.));
#7858=DIRECTION('',(0.707106781,0.707106781,-0.));
#7859=AXIS2_PLACEMENT_3D('',#7856,#7857,#7858);
#7860=CYLINDRICAL_SURFACE('',#7859,89.5);
#7861=CARTESIAN_POINT('',(82.477815166,99.704082121,9.4));
#7862=VERTEX_POINT('',#7861);
#7863=CARTESIAN_POINT('',(82.477815166,99.704082121,34.4));
#7864=VERTEX_POINT('',#7863);
#7865=CARTESIAN_POINT('',(82.477815166,99.704082121,9.4));
#7866=DIRECTION('',(0.,0.,1.));
#7867=VECTOR('',#7866,25.);
#7868=LINE('',#7865,#7867);
#7869=EDGE_CURVE('',#7862,#7864,#7868,.T.);
#7870=ORIENTED_EDGE('',*,*,#7869,.F.);
#7871=CARTESIAN_POINT('',(81.981482741,101.704082121,9.4));
#7872=VERTEX_POINT('',#7871);
#7873=CARTESIAN_POINT('',(169.088997548,122.259637678,9.4));
#7874=DIRECTION('',(-0.,-0.,-1.));
#7875=DIRECTION('',(0.707106781,0.707106781,-0.));
#7876=AXIS2_PLACEMENT_3D('',#7873,#7874,#7875);
#7877=CIRCLE('',#7876,89.5);
#7878=EDGE_CURVE('',#7862,#7872,#7877,.T.);
#7879=ORIENTED_EDGE('',*,*,#7878,.T.);
#7880=CARTESIAN_POINT('',(81.981482741,101.704082121,34.4));
#7881=VERTEX_POINT('',#7880);
#7882=CARTESIAN_POINT('',(81.981482741,101.704082121,34.4));
#7883=DIRECTION('',(-0.,-0.,-1.));
#7884=VECTOR('',#7883,25.);
#7885=LINE('',#7882,#7884);
#7886=EDGE_CURVE('',#7881,#7872,#7885,.T.);
#7887=ORIENTED_EDGE('',*,*,#7886,.F.);
#7888=CARTESIAN_POINT('',(169.088997548,122.259637678,34.4));
#7889=DIRECTION('',(-0.,-0.,-1.));
#7890=DIRECTION('',(0.707106781,0.707106781,-0.));
#7891=AXIS2_PLACEMENT_3D('',#7888,#7889,#7890);
#7892=CIRCLE('',#7891,89.5);
#7893=EDGE_CURVE('',#7864,#7881,#7892,.T.);
#7894=ORIENTED_EDGE('',*,*,#7893,.F.);
#7895=EDGE_LOOP('',(#7870,#7879,#7887,#7894));
#7896=FACE_BOUND('',#7895,.T.);
#7897=CARTESIAN_POINT('',(81.327659425,104.704082121,9.4));
#7898=VERTEX_POINT('',#7897);
#7899=CARTESIAN_POINT('',(81.327659425,104.704082121,34.4));
#7900=VERTEX_POINT('',#7899);
#7901=CARTESIAN_POINT('',(81.327659425,104.704082121,9.4));
#7902=DIRECTION('',(0.,0.,1.));
#7903=VECTOR('',#7902,25.);
#7904=LINE('',#7901,#7903);
#7905=EDGE_CURVE('',#7898,#7900,#7904,.T.);
#7906=ORIENTED_EDGE('',*,*,#7905,.F.);
#7907=CARTESIAN_POINT('',(80.951181082,106.704082121,9.4));
#7908=VERTEX_POINT('',#7907);
#7909=CARTESIAN_POINT('',(169.088997548,122.259637678,9.4));
#7910=DIRECTION('',(-0.,-0.,-1.));
#7911=DIRECTION('',(0.707106781,0.707106781,-0.));
#7912=AXIS2_PLACEMENT_3D('',#7909,#7910,#7911);
#7913=CIRCLE('',#7912,89.5);
#7914=EDGE_CURVE('',#7898,#7908,#7913,.T.);
#7915=ORIENTED_EDGE('',*,*,#7914,.T.);
#7916=CARTESIAN_POINT('',(80.951181082,106.704082121,34.4));
#7917=VERTEX_POINT('',#7916);
#7918=CARTESIAN_POINT('',(80.951181082,106.704082121,34.4));
#7919=DIRECTION('',(-0.,-0.,-1.));
#7920=VECTOR('',#7919,25.);
#7921=LINE('',#7918,#7920);
#7922=EDGE_CURVE('',#7917,#7908,#7921,.T.);
#7923=ORIENTED_EDGE('',*,*,#7922,.F.);
#7924=CARTESIAN_POINT('',(169.088997548,122.259637678,34.4));
#7925=DIRECTION('',(-0.,-0.,-1.));
#7926=DIRECTION('',(0.707106781,0.707106781,-0.));
#7927=AXIS2_PLACEMENT_3D('',#7924,#7925,#7926);
#7928=CIRCLE('',#7927,89.5);
#7929=EDGE_CURVE('',#7900,#7917,#7928,.T.);
#7930=ORIENTED_EDGE('',*,*,#7929,.F.);
#7931=EDGE_LOOP('',(#7906,#7915,#7923,#7930));
#7932=FACE_BOUND('',#7931,.T.);
#7933=CARTESIAN_POINT('',(80.474055102,109.704082121,9.4));
#7934=VERTEX_POINT('',#7933);
#7935=CARTESIAN_POINT('',(80.474055102,109.704082121,34.4));
#7936=VERTEX_POINT('',#7935);
#7937=CARTESIAN_POINT('',(80.474055102,109.704082121,9.4));
#7938=DIRECTION('',(0.,0.,1.));
#7939=VECTOR('',#7938,25.);
#7940=LINE('',#7937,#7939);
#7941=EDGE_CURVE('',#7934,#7936,#7940,.T.);
#7942=ORIENTED_EDGE('',*,*,#7941,.F.);
#7943=CARTESIAN_POINT('',(80.213633994,111.704082121,9.4));
#7944=VERTEX_POINT('',#7943);
#7945=CARTESIAN_POINT('',(169.088997548,122.259637678,9.4));
#7946=DIRECTION('',(-0.,-0.,-1.));
#7947=DIRECTION('',(0.707106781,0.707106781,-0.));
#7948=AXIS2_PLACEMENT_3D('',#7945,#7946,#7947);
#7949=CIRCLE('',#7948,89.5);
#7950=EDGE_CURVE('',#7934,#7944,#7949,.T.);
#7951=ORIENTED_EDGE('',*,*,#7950,.T.);
#7952=CARTESIAN_POINT('',(80.213633994,111.704082121,34.4));
#7953=VERTEX_POINT('',#7952);
#7954=CARTESIAN_POINT('',(80.213633994,111.704082121,34.4));
#7955=DIRECTION('',(-0.,-0.,-1.));
#7956=VECTOR('',#7955,25.);
#7957=LINE('',#7954,#7956);
#7958=EDGE_CURVE('',#7953,#7944,#7957,.T.);
#7959=ORIENTED_EDGE('',*,*,#7958,.F.);
#7960=CARTESIAN_POINT('',(169.088997548,122.259637678,34.4));
#7961=DIRECTION('',(-0.,-0.,-1.));
#7962=DIRECTION('',(0.707106781,0.707106781,-0.));
#7963=AXIS2_PLACEMENT_3D('',#7960,#7961,#7962);
#7964=CIRCLE('',#7963,89.5);
#7965=EDGE_CURVE('',#7936,#7953,#7964,.T.);
#7966=ORIENTED_EDGE('',*,*,#7965,.F.);
#7967=EDGE_LOOP('',(#7942,#7951,#7959,#7966));
#7968=FACE_BOUND('',#7967,.T.);
#7969=CARTESIAN_POINT('',(79.908486335,114.704082121,9.4));
#7970=VERTEX_POINT('',#7969);
#7971=CARTESIAN_POINT('',(79.908486335,114.704082121,34.4));
#7972=VERTEX_POINT('',#7971);
#7973=CARTESIAN_POINT('',(79.908486335,114.704082121,9.4));
#7974=DIRECTION('',(0.,0.,1.));
#7975=VECTOR('',#7974,25.);
#7976=LINE('',#7973,#7975);
#7977=EDGE_CURVE('',#7970,#7972,#7976,.T.);
#7978=ORIENTED_EDGE('',*,*,#7977,.F.);
#7979=CARTESIAN_POINT('',(79.761589646,116.704082121,9.4));
#7980=VERTEX_POINT('',#7979);
#7981=CARTESIAN_POINT('',(169.088997548,122.259637678,9.4));
#7982=DIRECTION('',(-0.,-0.,-1.));
#7983=DIRECTION('',(0.707106781,0.707106781,-0.));
#7984=AXIS2_PLACEMENT_3D('',#7981,#7982,#7983);
#7985=CIRCLE('',#7984,89.5);
#7986=EDGE_CURVE('',#7970,#7980,#7985,.T.);
#7987=ORIENTED_EDGE('',*,*,#7986,.T.);
#7988=CARTESIAN_POINT('',(79.761589646,116.704082121,34.4));
#7989=VERTEX_POINT('',#7988);
#7990=CARTESIAN_POINT('',(79.761589646,116.704082121,34.4));
#7991=DIRECTION('',(-0.,-0.,-1.));
#7992=VECTOR('',#7991,25.);
#7993=LINE('',#7990,#7992);
#7994=EDGE_CURVE('',#7989,#7980,#7993,.T.);
#7995=ORIENTED_EDGE('',*,*,#7994,.F.);
#7996=CARTESIAN_POINT('',(169.088997548,122.259637678,34.4));
#7997=DIRECTION('',(-0.,-0.,-1.));
#7998=DIRECTION('',(0.707106781,0.707106781,-0.));
#7999=AXIS2_PLACEMENT_3D('',#7996,#7997,#7998);
#8000=CIRCLE('',#7999,89.5);
#8001=EDGE_CURVE('',#7972,#7989,#8000,.T.);
#8002=ORIENTED_EDGE('',*,*,#8001,.F.);
#8003=EDGE_LOOP('',(#7978,#7987,#7995,#8002));
#8004=FACE_BOUND('',#8003,.T.);
#8005=CARTESIAN_POINT('',(79.625490262,119.704082121,9.4));
#8006=VERTEX_POINT('',#8005);
#8007=CARTESIAN_POINT('',(79.625490262,119.704082121,34.4));
#8008=VERTEX_POINT('',#8007);
#8009=CARTESIAN_POINT('',(79.625490262,119.704082121,9.4));
#8010=DIRECTION('',(0.,0.,1.));
#8011=VECTOR('',#8010,25.);
#8012=LINE('',#8009,#8011);
#8013=EDGE_CURVE('',#8006,#8008,#8012,.T.);
#8014=ORIENTED_EDGE('',*,*,#8013,.F.);
#8015=CARTESIAN_POINT('',(79.590721821,121.704082121,9.4));
#8016=VERTEX_POINT('',#8015);
#8017=CARTESIAN_POINT('',(169.088997548,122.259637678,9.4));
#8018=DIRECTION('',(-0.,-0.,-1.));
#8019=DIRECTION('',(0.707106781,0.707106781,-0.));
#8020=AXIS2_PLACEMENT_3D('',#8017,#8018,#8019);
#8021=CIRCLE('',#8020,89.5);
#8022=EDGE_CURVE('',#8006,#8016,#8021,.T.);
#8023=ORIENTED_EDGE('',*,*,#8022,.T.);
#8024=CARTESIAN_POINT('',(79.590721821,121.704082121,34.4));
#8025=VERTEX_POINT('',#8024);
#8026=CARTESIAN_POINT('',(79.590721821,121.704082121,34.4));
#8027=DIRECTION('',(-0.,-0.,-1.));
#8028=VECTOR('',#8027,25.);
#8029=LINE('',#8026,#8028);
#8030=EDGE_CURVE('',#8025,#8016,#8029,.T.);
#8031=ORIENTED_EDGE('',*,*,#8030,.F.);
#8032=CARTESIAN_POINT('',(169.088997548,122.259637678,34.4));
#8033=DIRECTION('',(-0.,-0.,-1.));
#8034=DIRECTION('',(0.707106781,0.707106781,-0.));
#8035=AXIS2_PLACEMENT_3D('',#8032,#8033,#8034);
#8036=CIRCLE('',#8035,89.5);
#8037=EDGE_CURVE('',#8008,#8025,#8036,.T.);
#8038=ORIENTED_EDGE('',*,*,#8037,.F.);
#8039=EDGE_LOOP('',(#8014,#8023,#8031,#8038));
#8040=FACE_BOUND('',#8039,.T.);
#8041=CARTESIAN_POINT('',(79.622385388,124.704082121,9.4));
#8042=VERTEX_POINT('',#8041);
#8043=CARTESIAN_POINT('',(79.622385388,124.704082121,34.4));
#8044=VERTEX_POINT('',#8043);
#8045=CARTESIAN_POINT('',(79.622385388,124.704082121,9.4));
#8046=DIRECTION('',(0.,0.,1.));
#8047=VECTOR('',#8046,25.);
#8048=LINE('',#8045,#8047);
#8049=EDGE_CURVE('',#8042,#8044,#8048,.T.);
#8050=ORIENTED_EDGE('',*,*,#8049,.F.);
#8051=CARTESIAN_POINT('',(79.699418101,126.704082121,9.4));
#8052=VERTEX_POINT('',#8051);
#8053=CARTESIAN_POINT('',(169.088997548,122.259637678,9.4));
#8054=DIRECTION('',(-0.,-0.,-1.));
#8055=DIRECTION('',(0.707106781,0.707106781,-0.));
#8056=AXIS2_PLACEMENT_3D('',#8053,#8054,#8055);
#8057=CIRCLE('',#8056,89.5);
#8058=EDGE_CURVE('',#8042,#8052,#8057,.T.);
#8059=ORIENTED_EDGE('',*,*,#8058,.T.);
#8060=CARTESIAN_POINT('',(79.699418101,126.704082121,34.4));
#8061=VERTEX_POINT('',#8060);
#8062=CARTESIAN_POINT('',(79.699418101,126.704082121,34.4));
#8063=DIRECTION('',(-0.,-0.,-1.));
#8064=VECTOR('',#8063,25.);
#8065=LINE('',#8062,#8064);
#8066=EDGE_CURVE('',#8061,#8052,#8065,.T.);
#8067=ORIENTED_EDGE('',*,*,#8066,.F.);
#8068=CARTESIAN_POINT('',(169.088997548,122.259637678,34.4));
#8069=DIRECTION('',(-0.,-0.,-1.));
#8070=DIRECTION('',(0.707106781,0.707106781,-0.));
#8071=AXIS2_PLACEMENT_3D('',#8068,#8069,#8070);
#8072=CIRCLE('',#8071,89.5);
#8073=EDGE_CURVE('',#8044,#8061,#8072,.T.);
#8074=ORIENTED_EDGE('',*,*,#8073,.F.);
#8075=EDGE_LOOP('',(#8050,#8059,#8067,#8074));
#8076=FACE_BOUND('',#8075,.T.);
#8077=CARTESIAN_POINT('',(79.89914248,129.704082121,9.4));
#8078=VERTEX_POINT('',#8077);
#8079=CARTESIAN_POINT('',(79.89914248,129.704082121,34.4));
#8080=VERTEX_POINT('',#8079);
#8081=CARTESIAN_POINT('',(79.89914248,129.704082121,9.4));
#8082=DIRECTION('',(0.,0.,1.));
#8083=VECTOR('',#8082,25.);
#8084=LINE('',#8081,#8083);
#8085=EDGE_CURVE('',#8078,#8080,#8084,.T.);
#8086=ORIENTED_EDGE('',*,*,#8085,.F.);
#8087=CARTESIAN_POINT('',(80.088702778,131.704082121,9.4));
#8088=VERTEX_POINT('',#8087);
#8089=CARTESIAN_POINT('',(169.088997548,122.259637678,9.4));
#8090=DIRECTION('',(-0.,-0.,-1.));
#8091=DIRECTION('',(0.707106781,0.707106781,-0.));
#8092=AXIS2_PLACEMENT_3D('',#8089,#8090,#8091);
#8093=CIRCLE('',#8092,89.5);
#8094=EDGE_CURVE('',#8078,#8088,#8093,.T.);
#8095=ORIENTED_EDGE('',*,*,#8094,.T.);
#8096=CARTESIAN_POINT('',(80.088702778,131.704082121,34.4));
#8097=VERTEX_POINT('',#8096);
#8098=CARTESIAN_POINT('',(80.088702778,131.704082121,34.4));
#8099=DIRECTION('',(-0.,-0.,-1.));
#8100=VECTOR('',#8099,25.);
#8101=LINE('',#8098,#8100);
#8102=EDGE_CURVE('',#8097,#8088,#8101,.T.);
#8103=ORIENTED_EDGE('',*,*,#8102,.F.);
#8104=CARTESIAN_POINT('',(169.088997548,122.259637678,34.4));
#8105=DIRECTION('',(-0.,-0.,-1.));
#8106=DIRECTION('',(0.707106781,0.707106781,-0.));
#8107=AXIS2_PLACEMENT_3D('',#8104,#8105,#8106);
#8108=CIRCLE('',#8107,89.5);
#8109=EDGE_CURVE('',#8080,#8097,#8108,.T.);
#8110=ORIENTED_EDGE('',*,*,#8109,.F.);
#8111=EDGE_LOOP('',(#8086,#8095,#8103,#8110));
#8112=FACE_BOUND('',#8111,.T.);
#8113=CARTESIAN_POINT('',(80.458383184,134.704082121,9.4));
#8114=VERTEX_POINT('',#8113);
#8115=CARTESIAN_POINT('',(80.458383184,134.704082121,34.4));
#8116=VERTEX_POINT('',#8115);
#8117=CARTESIAN_POINT('',(80.458383184,134.704082121,9.4));
#8118=DIRECTION('',(0.,0.,1.));
#8119=VECTOR('',#8118,25.);
#8120=LINE('',#8117,#8119);
#8121=EDGE_CURVE('',#8114,#8116,#8120,.T.);
#8122=ORIENTED_EDGE('',*,*,#8121,.F.);
#8123=CARTESIAN_POINT('',(80.762285706,136.704082121,9.4));
#8124=VERTEX_POINT('',#8123);
#8125=CARTESIAN_POINT('',(169.088997548,122.259637678,9.4));
#8126=DIRECTION('',(-0.,-0.,-1.));
#8127=DIRECTION('',(0.707106781,0.707106781,-0.));
#8128=AXIS2_PLACEMENT_3D('',#8125,#8126,#8127);
#8129=CIRCLE('',#8128,89.5);
#8130=EDGE_CURVE('',#8114,#8124,#8129,.T.);
#8131=ORIENTED_EDGE('',*,*,#8130,.T.);
#8132=CARTESIAN_POINT('',(80.762285706,136.704082121,34.4));
#8133=VERTEX_POINT('',#8132);
#8134=CARTESIAN_POINT('',(80.762285706,136.704082121,34.4));
#8135=DIRECTION('',(-0.,-0.,-1.));
#8136=VECTOR('',#8135,25.);
#8137=LINE('',#8134,#8136);
#8138=EDGE_CURVE('',#8133,#8124,#8137,.T.);
#8139=ORIENTED_EDGE('',*,*,#8138,.F.);
#8140=CARTESIAN_POINT('',(169.088997548,122.259637678,34.4));
#8141=DIRECTION('',(-0.,-0.,-1.));
#8142=DIRECTION('',(0.707106781,0.707106781,-0.));
#8143=AXIS2_PLACEMENT_3D('',#8140,#8141,#8142);
#8144=CIRCLE('',#8143,89.5);
#8145=EDGE_CURVE('',#8116,#8133,#8144,.T.);
#8146=ORIENTED_EDGE('',*,*,#8145,.F.);
#8147=EDGE_LOOP('',(#8122,#8131,#8139,#8146));
#8148=FACE_BOUND('',#8147,.T.);
#8149=CARTESIAN_POINT('',(81.305506172,139.704082121,9.4));
#8150=VERTEX_POINT('',#8149);
#8151=CARTESIAN_POINT('',(81.305506172,139.704082121,34.4));
#8152=VERTEX_POINT('',#8151);
#8153=CARTESIAN_POINT('',(81.305506172,139.704082121,9.4));
#8154=DIRECTION('',(0.,0.,1.));
#8155=VECTOR('',#8154,25.);
#8156=LINE('',#8153,#8155);
#8157=EDGE_CURVE('',#8150,#8152,#8156,.T.);
#8158=ORIENTED_EDGE('',*,*,#8157,.F.);
#8159=CARTESIAN_POINT('',(81.726742653,141.704082121,9.4));
#8160=VERTEX_POINT('',#8159);
#8161=CARTESIAN_POINT('',(169.088997548,122.259637678,9.4));
#8162=DIRECTION('',(-0.,-0.,-1.));
#8163=DIRECTION('',(0.707106781,0.707106781,-0.));
#8164=AXIS2_PLACEMENT_3D('',#8161,#8162,#8163);
#8165=CIRCLE('',#8164,89.5);
#8166=EDGE_CURVE('',#8150,#8160,#8165,.T.);
#8167=ORIENTED_EDGE('',*,*,#8166,.T.);
#8168=CARTESIAN_POINT('',(81.726742653,141.704082121,34.4));
#8169=VERTEX_POINT('',#8168);
#8170=CARTESIAN_POINT('',(81.726742653,141.704082121,34.4));
#8171=DIRECTION('',(-0.,-0.,-1.));
#8172=VECTOR('',#8171,25.);
#8173=LINE('',#8170,#8172);
#8174=EDGE_CURVE('',#8169,#8160,#8173,.T.);
#8175=ORIENTED_EDGE('',*,*,#8174,.F.);
#8176=CARTESIAN_POINT('',(169.088997548,122.259637678,34.4));
#8177=DIRECTION('',(-0.,-0.,-1.));
#8178=DIRECTION('',(0.707106781,0.707106781,-0.));
#8179=AXIS2_PLACEMENT_3D('',#8176,#8177,#8178);
#8180=CIRCLE('',#8179,89.5);
#8181=EDGE_CURVE('',#8152,#8169,#8180,.T.);
#8182=ORIENTED_EDGE('',*,*,#8181,.F.);
#8183=EDGE_LOOP('',(#8158,#8167,#8175,#8182));
#8184=FACE_BOUND('',#8183,.T.);
#8185=CARTESIAN_POINT('',(82.448955341,144.704082121,9.4));
#8186=VERTEX_POINT('',#8185);
#8187=CARTESIAN_POINT('',(82.448955341,144.704082121,34.4));
#8188=VERTEX_POINT('',#8187);
#8189=CARTESIAN_POINT('',(82.448955341,144.704082121,9.4));
#8190=DIRECTION('',(0.,0.,1.));
#8191=VECTOR('',#8190,25.);
#8192=LINE('',#8189,#8191);
#8193=EDGE_CURVE('',#8186,#8188,#8192,.T.);
#8194=ORIENTED_EDGE('',*,*,#8193,.F.);
#8195=CARTESIAN_POINT('',(82.991848142,146.704082121,9.4));
#8196=VERTEX_POINT('',#8195);
#8197=CARTESIAN_POINT('',(169.088997548,122.259637678,9.4));
#8198=DIRECTION('',(-0.,-0.,-1.));
#8199=DIRECTION('',(0.707106781,0.707106781,-0.));
#8200=AXIS2_PLACEMENT_3D('',#8197,#8198,#8199);
#8201=CIRCLE('',#8200,89.5);
#8202=EDGE_CURVE('',#8186,#8196,#8201,.T.);
#8203=ORIENTED_EDGE('',*,*,#8202,.T.);
#8204=CARTESIAN_POINT('',(82.991848142,146.704082121,34.4));
#8205=VERTEX_POINT('',#8204);
#8206=CARTESIAN_POINT('',(82.991848142,146.704082121,34.4));
#8207=DIRECTION('',(-0.,-0.,-1.));
#8208=VECTOR('',#8207,25.);
#8209=LINE('',#8206,#8208);
#8210=EDGE_CURVE('',#8205,#8196,#8209,.T.);
#8211=ORIENTED_EDGE('',*,*,#8210,.F.);
#8212=CARTESIAN_POINT('',(169.088997548,122.259637678,34.4));
#8213=DIRECTION('',(-0.,-0.,-1.));
#8214=DIRECTION('',(0.707106781,0.707106781,-0.));
#8215=AXIS2_PLACEMENT_3D('',#8212,#8213,#8214);
#8216=CIRCLE('',#8215,89.5);
#8217=EDGE_CURVE('',#8188,#8205,#8216,.T.);
#8218=ORIENTED_EDGE('',*,*,#8217,.F.);
#8219=EDGE_LOOP('',(#8194,#8203,#8211,#8218));
#8220=FACE_BOUND('',#8219,.T.);
#8221=ORIENTED_EDGE('',*,*,#2773,.T.);
#8222=CARTESIAN_POINT('',(89.254768894,81.802920864,39.4));
#8223=VERTEX_POINT('',#8222);
#8224=CARTESIAN_POINT('',(89.254768894,81.802920864,2.));
#8225=DIRECTION('',(0.,0.,1.));
#8226=VECTOR('',#8225,37.4);
#8227=LINE('',#8224,#8226);
#8228=EDGE_CURVE('',#2758,#8223,#8227,.T.);
#8229=ORIENTED_EDGE('',*,*,#8228,.T.);
#8230=CARTESIAN_POINT('',(89.254768894,162.71635449,39.4));
#8231=VERTEX_POINT('',#8230);
#8232=CARTESIAN_POINT('',(169.088997548,122.259637678,39.4));
#8233=DIRECTION('',(0.,0.,1.));
#8234=DIRECTION('',(0.707106781,0.707106781,-0.));
#8235=AXIS2_PLACEMENT_3D('',#8232,#8233,#8234);
#8236=CIRCLE('',#8235,89.5);
#8237=EDGE_CURVE('',#8231,#8223,#8236,.T.);
#8238=ORIENTED_EDGE('',*,*,#8237,.F.);
#8239=CARTESIAN_POINT('',(89.254768894,162.71635449,39.4));
#8240=DIRECTION('',(-0.,-0.,-1.));
#8241=VECTOR('',#8240,37.4);
#8242=LINE('',#8239,#8241);
#8243=EDGE_CURVE('',#8231,#2767,#8242,.T.);
#8244=ORIENTED_EDGE('',*,*,#8243,.T.);
#8245=EDGE_LOOP('',(#8221,#8229,#8238,#8244));
#8246=FACE_BOUND('',#8245,.T.);
#8247=ADVANCED_FACE('',(#7896,#7932,#7968,#8004,#8040,#8076,#8112,#8148,#8184,#8220,#8246),#7860,.T.);
#8248=CARTESIAN_POINT('',(98.565671469,155.259637677,4.4));
#8249=DIRECTION('',(-0.707106781,-0.707106781,0.));
#8250=DIRECTION('',(-0.,-0.,-1.));
#8251=AXIS2_PLACEMENT_3D('',#8248,#8249,#8250);
#8252=PLANE('',#8251);
#8253=ORIENTED_EDGE('',*,*,#2790,.T.);
#8254=CARTESIAN_POINT('',(90.85387823,162.971430916,39.4));
#8255=VERTEX_POINT('',#8254);
#8256=CARTESIAN_POINT('',(90.85387823,162.971430916,2.));
#8257=DIRECTION('',(0.,0.,1.));
#8258=VECTOR('',#8257,37.4);
#8259=LINE('',#8256,#8258);
#8260=EDGE_CURVE('',#2776,#8255,#8259,.T.);
#8261=ORIENTED_EDGE('',*,*,#8260,.T.);
#8262=CARTESIAN_POINT('',(98.565671469,155.259637677,39.4));
#8263=VERTEX_POINT('',#8262);
#8264=CARTESIAN_POINT('',(98.565671469,155.259637677,39.4));
#8265=DIRECTION('',(-0.707106781,0.707106781,0.));
#8266=VECTOR('',#8265,10.906122589);
#8267=LINE('',#8264,#8266);
#8268=EDGE_CURVE('',#8263,#8255,#8267,.T.);
#8269=ORIENTED_EDGE('',*,*,#8268,.F.);
#8270=CARTESIAN_POINT('',(98.565671469,155.259637677,39.4));
#8271=DIRECTION('',(-0.,-0.,-1.));
#8272=VECTOR('',#8271,37.4);
#8273=LINE('',#8270,#8272);
#8274=EDGE_CURVE('',#8263,#2785,#8273,.T.);
#8275=ORIENTED_EDGE('',*,*,#8274,.T.);
#8276=EDGE_LOOP('',(#8253,#8261,#8269,#8275));
#8277=FACE_BOUND('',#8276,.T.);
#8278=ADVANCED_FACE('',(#8277),#8252,.F.);
#8279=CARTESIAN_POINT('',(109.458009211,155.259637677,4.4));
#8280=DIRECTION('',(-0.,-1.,0.));
#8281=DIRECTION('',(1.,-0.,-0.));
#8282=AXIS2_PLACEMENT_3D('',#8279,#8280,#8281);
#8283=PLANE('',#8282);
#8284=CARTESIAN_POINT('',(105.215368525,155.259637677,39.4));
#8285=VERTEX_POINT('',#8284);
#8286=CARTESIAN_POINT('',(105.215368525,155.259637677,2.));
#8287=DIRECTION('',(0.,0.,1.));
#8288=VECTOR('',#8287,37.4);
#8289=LINE('',#8286,#8288);
#8290=EDGE_CURVE('',#2793,#8285,#8289,.T.);
#8291=ORIENTED_EDGE('',*,*,#8290,.F.);
#8292=ORIENTED_EDGE('',*,*,#2798,.T.);
#8293=ORIENTED_EDGE('',*,*,#8274,.F.);
#8294=CARTESIAN_POINT('',(105.215368525,155.259637677,39.4));
#8295=DIRECTION('',(-1.,0.,0.));
#8296=VECTOR('',#8295,6.649697056);
#8297=LINE('',#8294,#8296);
#8298=EDGE_CURVE('',#8285,#8263,#8297,.T.);
#8299=ORIENTED_EDGE('',*,*,#8298,.F.);
#8300=EDGE_LOOP('',(#8291,#8292,#8293,#8299));
#8301=FACE_BOUND('',#8300,.T.);
#8302=ADVANCED_FACE('',(#8301),#8283,.F.);
#8303=CARTESIAN_POINT('',(136.088997547,192.782963756,4.4));
#8304=DIRECTION('',(1.,-0.,-0.));
#8305=DIRECTION('',(0.,1.,-0.));
#8306=AXIS2_PLACEMENT_3D('',#8303,#8304,#8305);
#8307=PLANE('',#8306);
#8308=CARTESIAN_POINT('',(136.088997547,186.133266699,39.4));
#8309=VERTEX_POINT('',#8308);
#8310=CARTESIAN_POINT('',(136.088997547,186.133266699,39.4));
#8311=DIRECTION('',(-0.,-0.,-1.));
#8312=VECTOR('',#8311,37.4);
#8313=LINE('',#8310,#8312);
#8314=EDGE_CURVE('',#8309,#2801,#8313,.T.);
#8315=ORIENTED_EDGE('',*,*,#8314,.F.);
#8316=CARTESIAN_POINT('',(136.088997547,192.782963757,39.4));
#8317=DIRECTION('',(0.,-1.,0.));
#8318=VECTOR('',#8317,6.649697058);
#8319=LINE('',#8316,#8318);
#8320=EDGE_CURVE('',#4296,#8309,#8319,.T.);
#8321=ORIENTED_EDGE('',*,*,#8320,.F.);
#8322=ORIENTED_EDGE('',*,*,#4314,.T.);
#8323=ORIENTED_EDGE('',*,*,#2814,.T.);
#8324=EDGE_LOOP('',(#8315,#8321,#8322,#8323));
#8325=FACE_BOUND('',#8324,.T.);
#8326=ADVANCED_FACE('',(#8325),#8307,.F.);
#8327=CARTESIAN_POINT('',(169.088997548,122.259637678,4.4));
#8328=DIRECTION('',(-0.,-0.,-1.));
#8329=DIRECTION('',(0.707106781,0.707106781,-0.));
#8330=AXIS2_PLACEMENT_3D('',#8327,#8328,#8329);
#8331=CYLINDRICAL_SURFACE('',#8330,89.5);
#8332=CARTESIAN_POINT('',(143.088997547,207.899873548,9.4));
#8333=VERTEX_POINT('',#8332);
#8334=CARTESIAN_POINT('',(143.088997547,207.899873548,34.4));
#8335=VERTEX_POINT('',#8334);
#8336=CARTESIAN_POINT('',(143.088997547,207.899873548,9.4));
#8337=DIRECTION('',(0.,0.,1.));
#8338=VECTOR('',#8337,25.);
#8339=LINE('',#8336,#8338);
#8340=EDGE_CURVE('',#8333,#8335,#8339,.T.);
#8341=ORIENTED_EDGE('',*,*,#8340,.F.);
#8342=CARTESIAN_POINT('',(145.088997547,208.481734613,9.4));
#8343=VERTEX_POINT('',#8342);
#8344=CARTESIAN_POINT('',(169.088997548,122.259637678,9.4));
#8345=DIRECTION('',(-0.,-0.,-1.));
#8346=DIRECTION('',(0.707106781,0.707106781,-0.));
#8347=AXIS2_PLACEMENT_3D('',#8344,#8345,#8346);
#8348=CIRCLE('',#8347,89.5);
#8349=EDGE_CURVE('',#8333,#8343,#8348,.T.);
#8350=ORIENTED_EDGE('',*,*,#8349,.T.);
#8351=CARTESIAN_POINT('',(145.088997547,208.481734613,34.4));
#8352=VERTEX_POINT('',#8351);
#8353=CARTESIAN_POINT('',(145.088997547,208.481734613,34.4));
#8354=DIRECTION('',(-0.,-0.,-1.));
#8355=VECTOR('',#8354,25.);
#8356=LINE('',#8353,#8355);
#8357=EDGE_CURVE('',#8352,#8343,#8356,.T.);
#8358=ORIENTED_EDGE('',*,*,#8357,.F.);
#8359=CARTESIAN_POINT('',(169.088997548,122.259637678,34.4));
#8360=DIRECTION('',(-0.,-0.,-1.));
#8361=DIRECTION('',(0.707106781,0.707106781,-0.));
#8362=AXIS2_PLACEMENT_3D('',#8359,#8360,#8361);
#8363=CIRCLE('',#8362,89.5);
#8364=EDGE_CURVE('',#8335,#8352,#8363,.T.);
#8365=ORIENTED_EDGE('',*,*,#8364,.F.);
#8366=EDGE_LOOP('',(#8341,#8350,#8358,#8365));
#8367=FACE_BOUND('',#8366,.T.);
#8368=CARTESIAN_POINT('',(148.088997547,209.261074447,9.4));
#8369=VERTEX_POINT('',#8368);
#8370=CARTESIAN_POINT('',(148.088997547,209.261074447,34.4));
#8371=VERTEX_POINT('',#8370);
#8372=CARTESIAN_POINT('',(148.088997547,209.261074447,9.4));
#8373=DIRECTION('',(0.,0.,1.));
#8374=VECTOR('',#8373,25.);
#8375=LINE('',#8372,#8374);
#8376=EDGE_CURVE('',#8369,#8371,#8375,.T.);
#8377=ORIENTED_EDGE('',*,*,#8376,.F.);
#8378=CARTESIAN_POINT('',(150.088997547,209.719628531,9.4));
#8379=VERTEX_POINT('',#8378);
#8380=CARTESIAN_POINT('',(169.088997548,122.259637678,9.4));
#8381=DIRECTION('',(-0.,-0.,-1.));
#8382=DIRECTION('',(0.707106781,0.707106781,-0.));
#8383=AXIS2_PLACEMENT_3D('',#8380,#8381,#8382);
#8384=CIRCLE('',#8383,89.5);
#8385=EDGE_CURVE('',#8369,#8379,#8384,.T.);
#8386=ORIENTED_EDGE('',*,*,#8385,.T.);
#8387=CARTESIAN_POINT('',(150.088997547,209.719628531,34.4));
#8388=VERTEX_POINT('',#8387);
#8389=CARTESIAN_POINT('',(150.088997547,209.719628531,34.4));
#8390=DIRECTION('',(-0.,-0.,-1.));
#8391=VECTOR('',#8390,25.);
#8392=LINE('',#8389,#8391);
#8393=EDGE_CURVE('',#8388,#8379,#8392,.T.);
#8394=ORIENTED_EDGE('',*,*,#8393,.F.);
#8395=CARTESIAN_POINT('',(169.088997548,122.259637678,34.4));
#8396=DIRECTION('',(-0.,-0.,-1.));
#8397=DIRECTION('',(0.707106781,0.707106781,-0.));
#8398=AXIS2_PLACEMENT_3D('',#8395,#8396,#8397);
#8399=CIRCLE('',#8398,89.5);
#8400=EDGE_CURVE('',#8371,#8388,#8399,.T.);
#8401=ORIENTED_EDGE('',*,*,#8400,.F.);
#8402=EDGE_LOOP('',(#8377,#8386,#8394,#8401));
#8403=FACE_BOUND('',#8402,.T.);
#8404=CARTESIAN_POINT('',(153.088997547,210.317857056,9.4));
#8405=VERTEX_POINT('',#8404);
#8406=CARTESIAN_POINT('',(153.088997547,210.317857056,34.4));
#8407=VERTEX_POINT('',#8406);
#8408=CARTESIAN_POINT('',(153.088997547,210.317857056,9.4));
#8409=DIRECTION('',(0.,0.,1.));
#8410=VECTOR('',#8409,25.);
#8411=LINE('',#8408,#8410);
#8412=EDGE_CURVE('',#8405,#8407,#8411,.T.);
#8413=ORIENTED_EDGE('',*,*,#8412,.F.);
#8414=CARTESIAN_POINT('',(155.088997547,210.657884267,9.4));
#8415=VERTEX_POINT('',#8414);
#8416=CARTESIAN_POINT('',(169.088997548,122.259637678,9.4));
#8417=DIRECTION('',(-0.,-0.,-1.));
#8418=DIRECTION('',(0.707106781,0.707106781,-0.));
#8419=AXIS2_PLACEMENT_3D('',#8416,#8417,#8418);
#8420=CIRCLE('',#8419,89.5);
#8421=EDGE_CURVE('',#8405,#8415,#8420,.T.);
#8422=ORIENTED_EDGE('',*,*,#8421,.T.);
#8423=CARTESIAN_POINT('',(155.088997547,210.657884267,34.4));
#8424=VERTEX_POINT('',#8423);
#8425=CARTESIAN_POINT('',(155.088997547,210.657884267,34.4));
#8426=DIRECTION('',(-0.,-0.,-1.));
#8427=VECTOR('',#8426,25.);
#8428=LINE('',#8425,#8427);
#8429=EDGE_CURVE('',#8424,#8415,#8428,.T.);
#8430=ORIENTED_EDGE('',*,*,#8429,.F.);
#8431=CARTESIAN_POINT('',(169.088997548,122.259637678,34.4));
#8432=DIRECTION('',(-0.,-0.,-1.));
#8433=DIRECTION('',(0.707106781,0.707106781,-0.));
#8434=AXIS2_PLACEMENT_3D('',#8431,#8432,#8433);
#8435=CIRCLE('',#8434,89.5);
#8436=EDGE_CURVE('',#8407,#8424,#8435,.T.);
#8437=ORIENTED_EDGE('',*,*,#8436,.F.);
#8438=EDGE_LOOP('',(#8413,#8422,#8430,#8437));
#8439=FACE_BOUND('',#8438,.T.);
#8440=CARTESIAN_POINT('',(158.088997547,211.08108779,9.4));
#8441=VERTEX_POINT('',#8440);
#8442=CARTESIAN_POINT('',(158.088997547,211.08108779,34.4));
#8443=VERTEX_POINT('',#8442);
#8444=CARTESIAN_POINT('',(158.088997547,211.08108779,9.4));
#8445=DIRECTION('',(0.,0.,1.));
#8446=VECTOR('',#8445,25.);
#8447=LINE('',#8444,#8446);
#8448=EDGE_CURVE('',#8441,#8443,#8447,.T.);
#8449=ORIENTED_EDGE('',*,*,#8448,.F.);
#8450=CARTESIAN_POINT('',(160.088997547,211.30597393,9.4));
#8451=VERTEX_POINT('',#8450);
#8452=CARTESIAN_POINT('',(169.088997548,122.259637678,9.4));
#8453=DIRECTION('',(-0.,-0.,-1.));
#8454=DIRECTION('',(0.707106781,0.707106781,-0.));
#8455=AXIS2_PLACEMENT_3D('',#8452,#8453,#8454);
#8456=CIRCLE('',#8455,89.5);
#8457=EDGE_CURVE('',#8441,#8451,#8456,.T.);
#8458=ORIENTED_EDGE('',*,*,#8457,.T.);
#8459=CARTESIAN_POINT('',(160.088997547,211.30597393,34.4));
#8460=VERTEX_POINT('',#8459);
#8461=CARTESIAN_POINT('',(160.088997547,211.30597393,34.4));
#8462=DIRECTION('',(-0.,-0.,-1.));
#8463=VECTOR('',#8462,25.);
#8464=LINE('',#8461,#8463);
#8465=EDGE_CURVE('',#8460,#8451,#8464,.T.);
#8466=ORIENTED_EDGE('',*,*,#8465,.F.);
#8467=CARTESIAN_POINT('',(169.088997548,122.259637678,34.4));
#8468=DIRECTION('',(-0.,-0.,-1.));
#8469=DIRECTION('',(0.707106781,0.707106781,-0.));
#8470=AXIS2_PLACEMENT_3D('',#8467,#8468,#8469);
#8471=CIRCLE('',#8470,89.5);
#8472=EDGE_CURVE('',#8443,#8460,#8471,.T.);
#8473=ORIENTED_EDGE('',*,*,#8472,.F.);
#8474=EDGE_LOOP('',(#8449,#8458,#8466,#8473));
#8475=FACE_BOUND('',#8474,.T.);
#8476=CARTESIAN_POINT('',(163.088997547,211.558293883,9.4));
#8477=VERTEX_POINT('',#8476);
#8478=CARTESIAN_POINT('',(163.088997547,211.558293883,34.4));
#8479=VERTEX_POINT('',#8478);
#8480=CARTESIAN_POINT('',(163.088997547,211.558293883,9.4));
#8481=DIRECTION('',(0.,0.,1.));
#8482=VECTOR('',#8481,25.);
#8483=LINE('',#8480,#8482);
#8484=EDGE_CURVE('',#8477,#8479,#8483,.T.);
#8485=ORIENTED_EDGE('',*,*,#8484,.F.);
#8486=CARTESIAN_POINT('',(165.088997547,211.670207523,9.4));
#8487=VERTEX_POINT('',#8486);
#8488=CARTESIAN_POINT('',(169.088997548,122.259637678,9.4));
#8489=DIRECTION('',(-0.,-0.,-1.));
#8490=DIRECTION('',(0.707106781,0.707106781,-0.));
#8491=AXIS2_PLACEMENT_3D('',#8488,#8489,#8490);
#8492=CIRCLE('',#8491,89.5);
#8493=EDGE_CURVE('',#8477,#8487,#8492,.T.);
#8494=ORIENTED_EDGE('',*,*,#8493,.T.);
#8495=CARTESIAN_POINT('',(165.088997547,211.670207523,34.4));
#8496=VERTEX_POINT('',#8495);
#8497=CARTESIAN_POINT('',(165.088997547,211.670207523,34.4));
#8498=DIRECTION('',(-0.,-0.,-1.));
#8499=VECTOR('',#8498,25.);
#8500=LINE('',#8497,#8499);
#8501=EDGE_CURVE('',#8496,#8487,#8500,.T.);
#8502=ORIENTED_EDGE('',*,*,#8501,.F.);
#8503=CARTESIAN_POINT('',(169.088997548,122.259637678,34.4));
#8504=DIRECTION('',(-0.,-0.,-1.));
#8505=DIRECTION('',(0.707106781,0.707106781,-0.));
#8506=AXIS2_PLACEMENT_3D('',#8503,#8504,#8505);
#8507=CIRCLE('',#8506,89.5);
#8508=EDGE_CURVE('',#8479,#8496,#8507,.T.);
#8509=ORIENTED_EDGE('',*,*,#8508,.F.);
#8510=EDGE_LOOP('',(#8485,#8494,#8502,#8509));
#8511=FACE_BOUND('',#8510,.T.);
#8512=CARTESIAN_POINT('',(168.088997547,211.754050911,9.4));
#8513=VERTEX_POINT('',#8512);
#8514=CARTESIAN_POINT('',(168.088997547,211.754050911,34.4));
#8515=VERTEX_POINT('',#8514);
#8516=CARTESIAN_POINT('',(168.088997547,211.754050911,9.4));
#8517=DIRECTION('',(0.,0.,1.));
#8518=VECTOR('',#8517,25.);
#8519=LINE('',#8516,#8518);
#8520=EDGE_CURVE('',#8513,#8515,#8519,.T.);
#8521=ORIENTED_EDGE('',*,*,#8520,.F.);
#8522=CARTESIAN_POINT('',(170.088997547,211.754050911,9.4));
#8523=VERTEX_POINT('',#8522);
#8524=CARTESIAN_POINT('',(169.088997548,122.259637678,9.4));
#8525=DIRECTION('',(-0.,-0.,-1.));
#8526=DIRECTION('',(0.707106781,0.707106781,-0.));
#8527=AXIS2_PLACEMENT_3D('',#8524,#8525,#8526);
#8528=CIRCLE('',#8527,89.5);
#8529=EDGE_CURVE('',#8513,#8523,#8528,.T.);
#8530=ORIENTED_EDGE('',*,*,#8529,.T.);
#8531=CARTESIAN_POINT('',(170.088997547,211.754050911,34.4));
#8532=VERTEX_POINT('',#8531);
#8533=CARTESIAN_POINT('',(170.088997547,211.754050911,34.4));
#8534=DIRECTION('',(-0.,-0.,-1.));
#8535=VECTOR('',#8534,25.);
#8536=LINE('',#8533,#8535);
#8537=EDGE_CURVE('',#8532,#8523,#8536,.T.);
#8538=ORIENTED_EDGE('',*,*,#8537,.F.);
#8539=CARTESIAN_POINT('',(169.088997548,122.259637678,34.4));
#8540=DIRECTION('',(-0.,-0.,-1.));
#8541=DIRECTION('',(0.707106781,0.707106781,-0.));
#8542=AXIS2_PLACEMENT_3D('',#8539,#8540,#8541);
#8543=CIRCLE('',#8542,89.5);
#8544=EDGE_CURVE('',#8515,#8532,#8543,.T.);
#8545=ORIENTED_EDGE('',*,*,#8544,.F.);
#8546=EDGE_LOOP('',(#8521,#8530,#8538,#8545));
#8547=FACE_BOUND('',#8546,.T.);
#8548=CARTESIAN_POINT('',(173.088997547,211.670207523,9.4));
#8549=VERTEX_POINT('',#8548);
#8550=CARTESIAN_POINT('',(173.088997547,211.670207523,34.4));
#8551=VERTEX_POINT('',#8550);
#8552=CARTESIAN_POINT('',(173.088997547,211.670207523,9.4));
#8553=DIRECTION('',(0.,0.,1.));
#8554=VECTOR('',#8553,25.);
#8555=LINE('',#8552,#8554);
#8556=EDGE_CURVE('',#8549,#8551,#8555,.T.);
#8557=ORIENTED_EDGE('',*,*,#8556,.F.);
#8558=CARTESIAN_POINT('',(175.088997547,211.558293883,9.4));
#8559=VERTEX_POINT('',#8558);
#8560=CARTESIAN_POINT('',(169.088997548,122.259637678,9.4));
#8561=DIRECTION('',(-0.,-0.,-1.));
#8562=DIRECTION('',(0.707106781,0.707106781,-0.));
#8563=AXIS2_PLACEMENT_3D('',#8560,#8561,#8562);
#8564=CIRCLE('',#8563,89.5);
#8565=EDGE_CURVE('',#8549,#8559,#8564,.T.);
#8566=ORIENTED_EDGE('',*,*,#8565,.T.);
#8567=CARTESIAN_POINT('',(175.088997547,211.558293883,34.4));
#8568=VERTEX_POINT('',#8567);
#8569=CARTESIAN_POINT('',(175.088997547,211.558293883,34.4));
#8570=DIRECTION('',(-0.,-0.,-1.));
#8571=VECTOR('',#8570,25.);
#8572=LINE('',#8569,#8571);
#8573=EDGE_CURVE('',#8568,#8559,#8572,.T.);
#8574=ORIENTED_EDGE('',*,*,#8573,.F.);
#8575=CARTESIAN_POINT('',(169.088997548,122.259637678,34.4));
#8576=DIRECTION('',(-0.,-0.,-1.));
#8577=DIRECTION('',(0.707106781,0.707106781,-0.));
#8578=AXIS2_PLACEMENT_3D('',#8575,#8576,#8577);
#8579=CIRCLE('',#8578,89.5);
#8580=EDGE_CURVE('',#8551,#8568,#8579,.T.);
#8581=ORIENTED_EDGE('',*,*,#8580,.F.);
#8582=EDGE_LOOP('',(#8557,#8566,#8574,#8581));
#8583=FACE_BOUND('',#8582,.T.);
#8584=CARTESIAN_POINT('',(178.088997547,211.305973931,9.4));
#8585=VERTEX_POINT('',#8584);
#8586=CARTESIAN_POINT('',(178.088997547,211.305973931,34.4));
#8587=VERTEX_POINT('',#8586);
#8588=CARTESIAN_POINT('',(178.088997547,211.305973931,9.4));
#8589=DIRECTION('',(0.,0.,1.));
#8590=VECTOR('',#8589,25.);
#8591=LINE('',#8588,#8590);
#8592=EDGE_CURVE('',#8585,#8587,#8591,.T.);
#8593=ORIENTED_EDGE('',*,*,#8592,.F.);
#8594=CARTESIAN_POINT('',(180.088997547,211.08108779,9.4));
#8595=VERTEX_POINT('',#8594);
#8596=CARTESIAN_POINT('',(169.088997548,122.259637678,9.4));
#8597=DIRECTION('',(-0.,-0.,-1.));
#8598=DIRECTION('',(0.707106781,0.707106781,-0.));
#8599=AXIS2_PLACEMENT_3D('',#8596,#8597,#8598);
#8600=CIRCLE('',#8599,89.5);
#8601=EDGE_CURVE('',#8585,#8595,#8600,.T.);
#8602=ORIENTED_EDGE('',*,*,#8601,.T.);
#8603=CARTESIAN_POINT('',(180.088997547,211.08108779,34.4));
#8604=VERTEX_POINT('',#8603);
#8605=CARTESIAN_POINT('',(180.088997547,211.08108779,34.4));
#8606=DIRECTION('',(-0.,-0.,-1.));
#8607=VECTOR('',#8606,25.);
#8608=LINE('',#8605,#8607);
#8609=EDGE_CURVE('',#8604,#8595,#8608,.T.);
#8610=ORIENTED_EDGE('',*,*,#8609,.F.);
#8611=CARTESIAN_POINT('',(169.088997548,122.259637678,34.4));
#8612=DIRECTION('',(-0.,-0.,-1.));
#8613=DIRECTION('',(0.707106781,0.707106781,-0.));
#8614=AXIS2_PLACEMENT_3D('',#8611,#8612,#8613);
#8615=CIRCLE('',#8614,89.5);
#8616=EDGE_CURVE('',#8587,#8604,#8615,.T.);
#8617=ORIENTED_EDGE('',*,*,#8616,.F.);
#8618=EDGE_LOOP('',(#8593,#8602,#8610,#8617));
#8619=FACE_BOUND('',#8618,.T.);
#8620=CARTESIAN_POINT('',(183.088997547,210.657884267,9.4));
#8621=VERTEX_POINT('',#8620);
#8622=CARTESIAN_POINT('',(183.088997547,210.657884267,34.4));
#8623=VERTEX_POINT('',#8622);
#8624=CARTESIAN_POINT('',(183.088997547,210.657884267,9.4));
#8625=DIRECTION('',(0.,0.,1.));
#8626=VECTOR('',#8625,25.);
#8627=LINE('',#8624,#8626);
#8628=EDGE_CURVE('',#8621,#8623,#8627,.T.);
#8629=ORIENTED_EDGE('',*,*,#8628,.F.);
#8630=CARTESIAN_POINT('',(185.088997547,210.317857056,9.4));
#8631=VERTEX_POINT('',#8630);
#8632=CARTESIAN_POINT('',(169.088997548,122.259637678,9.4));
#8633=DIRECTION('',(-0.,-0.,-1.));
#8634=DIRECTION('',(0.707106781,0.707106781,-0.));
#8635=AXIS2_PLACEMENT_3D('',#8632,#8633,#8634);
#8636=CIRCLE('',#8635,89.5);
#8637=EDGE_CURVE('',#8621,#8631,#8636,.T.);
#8638=ORIENTED_EDGE('',*,*,#8637,.T.);
#8639=CARTESIAN_POINT('',(185.088997547,210.317857056,34.4));
#8640=VERTEX_POINT('',#8639);
#8641=CARTESIAN_POINT('',(185.088997547,210.317857056,34.4));
#8642=DIRECTION('',(-0.,-0.,-1.));
#8643=VECTOR('',#8642,25.);
#8644=LINE('',#8641,#8643);
#8645=EDGE_CURVE('',#8640,#8631,#8644,.T.);
#8646=ORIENTED_EDGE('',*,*,#8645,.F.);
#8647=CARTESIAN_POINT('',(169.088997548,122.259637678,34.4));
#8648=DIRECTION('',(-0.,-0.,-1.));
#8649=DIRECTION('',(0.707106781,0.707106781,-0.));
#8650=AXIS2_PLACEMENT_3D('',#8647,#8648,#8649);
#8651=CIRCLE('',#8650,89.5);
#8652=EDGE_CURVE('',#8623,#8640,#8651,.T.);
#8653=ORIENTED_EDGE('',*,*,#8652,.F.);
#8654=EDGE_LOOP('',(#8629,#8638,#8646,#8653));
#8655=FACE_BOUND('',#8654,.T.);
#8656=CARTESIAN_POINT('',(188.088997547,209.719628531,9.4));
#8657=VERTEX_POINT('',#8656);
#8658=CARTESIAN_POINT('',(188.088997547,209.719628531,34.4));
#8659=VERTEX_POINT('',#8658);
#8660=CARTESIAN_POINT('',(188.088997547,209.719628531,9.4));
#8661=DIRECTION('',(0.,0.,1.));
#8662=VECTOR('',#8661,25.);
#8663=LINE('',#8660,#8662);
#8664=EDGE_CURVE('',#8657,#8659,#8663,.T.);
#8665=ORIENTED_EDGE('',*,*,#8664,.F.);
#8666=CARTESIAN_POINT('',(190.088997547,209.261074448,9.4));
#8667=VERTEX_POINT('',#8666);
#8668=CARTESIAN_POINT('',(169.088997548,122.259637678,9.4));
#8669=DIRECTION('',(-0.,-0.,-1.));
#8670=DIRECTION('',(0.707106781,0.707106781,-0.));
#8671=AXIS2_PLACEMENT_3D('',#8668,#8669,#8670);
#8672=CIRCLE('',#8671,89.5);
#8673=EDGE_CURVE('',#8657,#8667,#8672,.T.);
#8674=ORIENTED_EDGE('',*,*,#8673,.T.);
#8675=CARTESIAN_POINT('',(190.088997547,209.261074448,34.4));
#8676=VERTEX_POINT('',#8675);
#8677=CARTESIAN_POINT('',(190.088997547,209.261074448,34.4));
#8678=DIRECTION('',(-0.,-0.,-1.));
#8679=VECTOR('',#8678,25.);
#8680=LINE('',#8677,#8679);
#8681=EDGE_CURVE('',#8676,#8667,#8680,.T.);
#8682=ORIENTED_EDGE('',*,*,#8681,.F.);
#8683=CARTESIAN_POINT('',(169.088997548,122.259637678,34.4));
#8684=DIRECTION('',(-0.,-0.,-1.));
#8685=DIRECTION('',(0.707106781,0.707106781,-0.));
#8686=AXIS2_PLACEMENT_3D('',#8683,#8684,#8685);
#8687=CIRCLE('',#8686,89.5);
#8688=EDGE_CURVE('',#8659,#8676,#8687,.T.);
#8689=ORIENTED_EDGE('',*,*,#8688,.F.);
#8690=EDGE_LOOP('',(#8665,#8674,#8682,#8689));
#8691=FACE_BOUND('',#8690,.T.);
#8692=CARTESIAN_POINT('',(193.088997547,208.481734614,9.4));
#8693=VERTEX_POINT('',#8692);
#8694=CARTESIAN_POINT('',(193.088997547,208.481734614,34.4));
#8695=VERTEX_POINT('',#8694);
#8696=CARTESIAN_POINT('',(193.088997547,208.481734614,9.4));
#8697=DIRECTION('',(0.,0.,1.));
#8698=VECTOR('',#8697,25.);
#8699=LINE('',#8696,#8698);
#8700=EDGE_CURVE('',#8693,#8695,#8699,.T.);
#8701=ORIENTED_EDGE('',*,*,#8700,.F.);
#8702=CARTESIAN_POINT('',(195.088997547,207.899873549,9.4));
#8703=VERTEX_POINT('',#8702);
#8704=CARTESIAN_POINT('',(169.088997548,122.259637678,9.4));
#8705=DIRECTION('',(-0.,-0.,-1.));
#8706=DIRECTION('',(0.707106781,0.707106781,-0.));
#8707=AXIS2_PLACEMENT_3D('',#8704,#8705,#8706);
#8708=CIRCLE('',#8707,89.5);
#8709=EDGE_CURVE('',#8693,#8703,#8708,.T.);
#8710=ORIENTED_EDGE('',*,*,#8709,.T.);
#8711=CARTESIAN_POINT('',(195.088997547,207.899873549,34.4));
#8712=VERTEX_POINT('',#8711);
#8713=CARTESIAN_POINT('',(195.088997547,207.899873549,34.4));
#8714=DIRECTION('',(-0.,-0.,-1.));
#8715=VECTOR('',#8714,25.);
#8716=LINE('',#8713,#8715);
#8717=EDGE_CURVE('',#8712,#8703,#8716,.T.);
#8718=ORIENTED_EDGE('',*,*,#8717,.F.);
#8719=CARTESIAN_POINT('',(169.088997548,122.259637678,34.4));
#8720=DIRECTION('',(-0.,-0.,-1.));
#8721=DIRECTION('',(0.707106781,0.707106781,-0.));
#8722=AXIS2_PLACEMENT_3D('',#8719,#8720,#8721);
#8723=CIRCLE('',#8722,89.5);
#8724=EDGE_CURVE('',#8695,#8712,#8723,.T.);
#8725=ORIENTED_EDGE('',*,*,#8724,.F.);
#8726=EDGE_LOOP('',(#8701,#8710,#8718,#8725));
#8727=FACE_BOUND('',#8726,.T.);
#8728=CARTESIAN_POINT('',(209.545714362,202.093866331,39.4));
#8729=VERTEX_POINT('',#8728);
#8730=CARTESIAN_POINT('',(128.632280734,202.093866331,39.4));
#8731=VERTEX_POINT('',#8730);
#8732=CARTESIAN_POINT('',(169.088997548,122.259637678,39.4));
#8733=DIRECTION('',(0.,0.,1.));
#8734=DIRECTION('',(0.707106781,0.707106781,-0.));
#8735=AXIS2_PLACEMENT_3D('',#8732,#8733,#8734);
#8736=CIRCLE('',#8735,89.5);
#8737=EDGE_CURVE('',#8729,#8731,#8736,.T.);
#8738=ORIENTED_EDGE('',*,*,#8737,.F.);
#8739=CARTESIAN_POINT('',(209.545714362,202.093866331,39.4));
#8740=DIRECTION('',(-0.,-0.,-1.));
#8741=VECTOR('',#8740,37.4);
#8742=LINE('',#8739,#8741);
#8743=EDGE_CURVE('',#8729,#2843,#8742,.T.);
#8744=ORIENTED_EDGE('',*,*,#8743,.T.);
#8745=ORIENTED_EDGE('',*,*,#2849,.T.);
#8746=CARTESIAN_POINT('',(128.632280734,202.093866331,2.));
#8747=DIRECTION('',(0.,0.,1.));
#8748=VECTOR('',#8747,37.4);
#8749=LINE('',#8746,#8748);
#8750=EDGE_CURVE('',#2834,#8731,#8749,.T.);
#8751=ORIENTED_EDGE('',*,*,#8750,.T.);
#8752=EDGE_LOOP('',(#8738,#8744,#8745,#8751));
#8753=FACE_BOUND('',#8752,.T.);
#8754=ADVANCED_FACE('',(#8367,#8403,#8439,#8475,#8511,#8547,#8583,#8619,#8655,#8691,#8727,#8753),#8331,.T.);
#8755=CARTESIAN_POINT('',(169.088997548,122.259637678,4.4));
#8756=DIRECTION('',(-0.,-0.,-1.));
#8757=DIRECTION('',(0.707106781,0.707106781,-0.));
#8758=AXIS2_PLACEMENT_3D('',#8755,#8756,#8757);
#8759=CYLINDRICAL_SURFACE('',#8758,89.5);
#8760=ORIENTED_EDGE('',*,*,#4976,.F.);
#8761=CARTESIAN_POINT('',(249.399509208,82.756831234,39.4));
#8762=DIRECTION('',(-0.,-0.,-1.));
#8763=VECTOR('',#8762,37.4);
#8764=LINE('',#8761,#8763);
#8765=EDGE_CURVE('',#4961,#2901,#8764,.T.);
#8766=ORIENTED_EDGE('',*,*,#8765,.T.);
#8767=ORIENTED_EDGE('',*,*,#2907,.T.);
#8768=CARTESIAN_POINT('',(248.923226202,162.71635449,2.));
#8769=DIRECTION('',(0.,0.,1.));
#8770=VECTOR('',#8769,37.4);
#8771=LINE('',#8768,#8770);
#8772=EDGE_CURVE('',#2892,#4970,#8771,.T.);
#8773=ORIENTED_EDGE('',*,*,#8772,.T.);
#8774=EDGE_LOOP('',(#8760,#8766,#8767,#8773));
#8775=FACE_BOUND('',#8774,.T.);
#8776=CARTESIAN_POINT('',(255.70017993,144.815193232,9.4));
#8777=VERTEX_POINT('',#8776);
#8778=CARTESIAN_POINT('',(255.70017993,144.815193232,34.4));
#8779=VERTEX_POINT('',#8778);
#8780=CARTESIAN_POINT('',(255.70017993,144.815193232,9.4));
#8781=DIRECTION('',(0.,0.,1.));
#8782=VECTOR('',#8781,25.);
#8783=LINE('',#8780,#8782);
#8784=EDGE_CURVE('',#8777,#8779,#8783,.T.);
#8785=ORIENTED_EDGE('',*,*,#8784,.F.);
#8786=CARTESIAN_POINT('',(256.196512355,142.815193232,9.4));
#8787=VERTEX_POINT('',#8786);
#8788=CARTESIAN_POINT('',(169.088997548,122.259637678,9.4));
#8789=DIRECTION('',(-0.,-0.,-1.));
#8790=DIRECTION('',(0.707106781,0.707106781,-0.));
#8791=AXIS2_PLACEMENT_3D('',#8788,#8789,#8790);
#8792=CIRCLE('',#8791,89.5);
#8793=EDGE_CURVE('',#8777,#8787,#8792,.T.);
#8794=ORIENTED_EDGE('',*,*,#8793,.T.);
#8795=CARTESIAN_POINT('',(256.196512355,142.815193232,34.4));
#8796=VERTEX_POINT('',#8795);
#8797=CARTESIAN_POINT('',(256.196512355,142.815193232,34.4));
#8798=DIRECTION('',(-0.,-0.,-1.));
#8799=VECTOR('',#8798,25.);
#8800=LINE('',#8797,#8799);
#8801=EDGE_CURVE('',#8796,#8787,#8800,.T.);
#8802=ORIENTED_EDGE('',*,*,#8801,.F.);
#8803=CARTESIAN_POINT('',(169.088997548,122.259637678,34.4));
#8804=DIRECTION('',(-0.,-0.,-1.));
#8805=DIRECTION('',(0.707106781,0.707106781,-0.));
#8806=AXIS2_PLACEMENT_3D('',#8803,#8804,#8805);
#8807=CIRCLE('',#8806,89.5);
#8808=EDGE_CURVE('',#8779,#8796,#8807,.T.);
#8809=ORIENTED_EDGE('',*,*,#8808,.F.);
#8810=EDGE_LOOP('',(#8785,#8794,#8802,#8809));
#8811=FACE_BOUND('',#8810,.T.);
#8812=CARTESIAN_POINT('',(256.850335671,139.815193232,9.4));
#8813=VERTEX_POINT('',#8812);
#8814=CARTESIAN_POINT('',(256.850335671,139.815193232,34.4));
#8815=VERTEX_POINT('',#8814);
#8816=CARTESIAN_POINT('',(256.850335671,139.815193232,9.4));
#8817=DIRECTION('',(0.,0.,1.));
#8818=VECTOR('',#8817,25.);
#8819=LINE('',#8816,#8818);
#8820=EDGE_CURVE('',#8813,#8815,#8819,.T.);
#8821=ORIENTED_EDGE('',*,*,#8820,.F.);
#8822=CARTESIAN_POINT('',(257.226814014,137.815193232,9.4));
#8823=VERTEX_POINT('',#8822);
#8824=CARTESIAN_POINT('',(169.088997548,122.259637678,9.4));
#8825=DIRECTION('',(-0.,-0.,-1.));
#8826=DIRECTION('',(0.707106781,0.707106781,-0.));
#8827=AXIS2_PLACEMENT_3D('',#8824,#8825,#8826);
#8828=CIRCLE('',#8827,89.5);
#8829=EDGE_CURVE('',#8813,#8823,#8828,.T.);
#8830=ORIENTED_EDGE('',*,*,#8829,.T.);
#8831=CARTESIAN_POINT('',(257.226814014,137.815193232,34.4));
#8832=VERTEX_POINT('',#8831);
#8833=CARTESIAN_POINT('',(257.226814014,137.815193232,34.4));
#8834=DIRECTION('',(-0.,-0.,-1.));
#8835=VECTOR('',#8834,25.);
#8836=LINE('',#8833,#8835);
#8837=EDGE_CURVE('',#8832,#8823,#8836,.T.);
#8838=ORIENTED_EDGE('',*,*,#8837,.F.);
#8839=CARTESIAN_POINT('',(169.088997548,122.259637678,34.4));
#8840=DIRECTION('',(-0.,-0.,-1.));
#8841=DIRECTION('',(0.707106781,0.707106781,-0.));
#8842=AXIS2_PLACEMENT_3D('',#8839,#8840,#8841);
#8843=CIRCLE('',#8842,89.5);
#8844=EDGE_CURVE('',#8815,#8832,#8843,.T.);
#8845=ORIENTED_EDGE('',*,*,#8844,.F.);
#8846=EDGE_LOOP('',(#8821,#8830,#8838,#8845));
#8847=FACE_BOUND('',#8846,.T.);
#8848=CARTESIAN_POINT('',(257.703939994,134.815193232,9.4));
#8849=VERTEX_POINT('',#8848);
#8850=CARTESIAN_POINT('',(257.703939994,134.815193232,34.4));
#8851=VERTEX_POINT('',#8850);
#8852=CARTESIAN_POINT('',(257.703939994,134.815193232,9.4));
#8853=DIRECTION('',(0.,0.,1.));
#8854=VECTOR('',#8853,25.);
#8855=LINE('',#8852,#8854);
#8856=EDGE_CURVE('',#8849,#8851,#8855,.T.);
#8857=ORIENTED_EDGE('',*,*,#8856,.F.);
#8858=CARTESIAN_POINT('',(257.964361103,132.815193232,9.4));
#8859=VERTEX_POINT('',#8858);
#8860=CARTESIAN_POINT('',(169.088997548,122.259637678,9.4));
#8861=DIRECTION('',(-0.,-0.,-1.));
#8862=DIRECTION('',(0.707106781,0.707106781,-0.));
#8863=AXIS2_PLACEMENT_3D('',#8860,#8861,#8862);
#8864=CIRCLE('',#8863,89.5);
#8865=EDGE_CURVE('',#8849,#8859,#8864,.T.);
#8866=ORIENTED_EDGE('',*,*,#8865,.T.);
#8867=CARTESIAN_POINT('',(257.964361103,132.815193232,34.4));
#8868=VERTEX_POINT('',#8867);
#8869=CARTESIAN_POINT('',(257.964361103,132.815193232,34.4));
#8870=DIRECTION('',(-0.,-0.,-1.));
#8871=VECTOR('',#8870,25.);
#8872=LINE('',#8869,#8871);
#8873=EDGE_CURVE('',#8868,#8859,#8872,.T.);
#8874=ORIENTED_EDGE('',*,*,#8873,.F.);
#8875=CARTESIAN_POINT('',(169.088997548,122.259637678,34.4));
#8876=DIRECTION('',(-0.,-0.,-1.));
#8877=DIRECTION('',(0.707106781,0.707106781,-0.));
#8878=AXIS2_PLACEMENT_3D('',#8875,#8876,#8877);
#8879=CIRCLE('',#8878,89.5);
#8880=EDGE_CURVE('',#8851,#8868,#8879,.T.);
#8881=ORIENTED_EDGE('',*,*,#8880,.F.);
#8882=EDGE_LOOP('',(#8857,#8866,#8874,#8881));
#8883=FACE_BOUND('',#8882,.T.);
#8884=CARTESIAN_POINT('',(258.269508762,129.815193232,9.4));
#8885=VERTEX_POINT('',#8884);
#8886=CARTESIAN_POINT('',(258.269508762,129.815193232,34.4));
#8887=VERTEX_POINT('',#8886);
#8888=CARTESIAN_POINT('',(258.269508762,129.815193232,9.4));
#8889=DIRECTION('',(0.,0.,1.));
#8890=VECTOR('',#8889,25.);
#8891=LINE('',#8888,#8890);
#8892=EDGE_CURVE('',#8885,#8887,#8891,.T.);
#8893=ORIENTED_EDGE('',*,*,#8892,.F.);
#8894=CARTESIAN_POINT('',(258.41640545,127.815193232,9.4));
#8895=VERTEX_POINT('',#8894);
#8896=CARTESIAN_POINT('',(169.088997548,122.259637678,9.4));
#8897=DIRECTION('',(-0.,-0.,-1.));
#8898=DIRECTION('',(0.707106781,0.707106781,-0.));
#8899=AXIS2_PLACEMENT_3D('',#8896,#8897,#8898);
#8900=CIRCLE('',#8899,89.5);
#8901=EDGE_CURVE('',#8885,#8895,#8900,.T.);
#8902=ORIENTED_EDGE('',*,*,#8901,.T.);
#8903=CARTESIAN_POINT('',(258.41640545,127.815193232,34.4));
#8904=VERTEX_POINT('',#8903);
#8905=CARTESIAN_POINT('',(258.41640545,127.815193232,34.4));
#8906=DIRECTION('',(-0.,-0.,-1.));
#8907=VECTOR('',#8906,25.);
#8908=LINE('',#8905,#8907);
#8909=EDGE_CURVE('',#8904,#8895,#8908,.T.);
#8910=ORIENTED_EDGE('',*,*,#8909,.F.);
#8911=CARTESIAN_POINT('',(169.088997548,122.259637678,34.4));
#8912=DIRECTION('',(-0.,-0.,-1.));
#8913=DIRECTION('',(0.707106781,0.707106781,-0.));
#8914=AXIS2_PLACEMENT_3D('',#8911,#8912,#8913);
#8915=CIRCLE('',#8914,89.5);
#8916=EDGE_CURVE('',#8887,#8904,#8915,.T.);
#8917=ORIENTED_EDGE('',*,*,#8916,.F.);
#8918=EDGE_LOOP('',(#8893,#8902,#8910,#8917));
#8919=FACE_BOUND('',#8918,.T.);
#8920=CARTESIAN_POINT('',(258.552504834,124.815193232,9.4));
#8921=VERTEX_POINT('',#8920);
#8922=CARTESIAN_POINT('',(258.552504834,124.815193232,34.4));
#8923=VERTEX_POINT('',#8922);
#8924=CARTESIAN_POINT('',(258.552504834,124.815193232,9.4));
#8925=DIRECTION('',(0.,0.,1.));
#8926=VECTOR('',#8925,25.);
#8927=LINE('',#8924,#8926);
#8928=EDGE_CURVE('',#8921,#8923,#8927,.T.);
#8929=ORIENTED_EDGE('',*,*,#8928,.F.);
#8930=CARTESIAN_POINT('',(258.587273275,122.815193232,9.4));
#8931=VERTEX_POINT('',#8930);
#8932=CARTESIAN_POINT('',(169.088997548,122.259637678,9.4));
#8933=DIRECTION('',(-0.,-0.,-1.));
#8934=DIRECTION('',(0.707106781,0.707106781,-0.));
#8935=AXIS2_PLACEMENT_3D('',#8932,#8933,#8934);
#8936=CIRCLE('',#8935,89.5);
#8937=EDGE_CURVE('',#8921,#8931,#8936,.T.);
#8938=ORIENTED_EDGE('',*,*,#8937,.T.);
#8939=CARTESIAN_POINT('',(258.587273275,122.815193232,34.4));
#8940=VERTEX_POINT('',#8939);
#8941=CARTESIAN_POINT('',(258.587273275,122.815193232,34.4));
#8942=DIRECTION('',(-0.,-0.,-1.));
#8943=VECTOR('',#8942,25.);
#8944=LINE('',#8941,#8943);
#8945=EDGE_CURVE('',#8940,#8931,#8944,.T.);
#8946=ORIENTED_EDGE('',*,*,#8945,.F.);
#8947=CARTESIAN_POINT('',(169.088997548,122.259637678,34.4));
#8948=DIRECTION('',(-0.,-0.,-1.));
#8949=DIRECTION('',(0.707106781,0.707106781,-0.));
#8950=AXIS2_PLACEMENT_3D('',#8947,#8948,#8949);
#8951=CIRCLE('',#8950,89.5);
#8952=EDGE_CURVE('',#8923,#8940,#8951,.T.);
#8953=ORIENTED_EDGE('',*,*,#8952,.F.);
#8954=EDGE_LOOP('',(#8929,#8938,#8946,#8953));
#8955=FACE_BOUND('',#8954,.T.);
#8956=CARTESIAN_POINT('',(258.555609708,119.815193232,9.4));
#8957=VERTEX_POINT('',#8956);
#8958=CARTESIAN_POINT('',(258.555609708,119.815193232,34.4));
#8959=VERTEX_POINT('',#8958);
#8960=CARTESIAN_POINT('',(258.555609708,119.815193232,9.4));
#8961=DIRECTION('',(0.,0.,1.));
#8962=VECTOR('',#8961,25.);
#8963=LINE('',#8960,#8962);
#8964=EDGE_CURVE('',#8957,#8959,#8963,.T.);
#8965=ORIENTED_EDGE('',*,*,#8964,.F.);
#8966=CARTESIAN_POINT('',(258.478576994,117.815193232,9.4));
#8967=VERTEX_POINT('',#8966);
#8968=CARTESIAN_POINT('',(169.088997548,122.259637678,9.4));
#8969=DIRECTION('',(-0.,-0.,-1.));
#8970=DIRECTION('',(0.707106781,0.707106781,-0.));
#8971=AXIS2_PLACEMENT_3D('',#8968,#8969,#8970);
#8972=CIRCLE('',#8971,89.5);
#8973=EDGE_CURVE('',#8957,#8967,#8972,.T.);
#8974=ORIENTED_EDGE('',*,*,#8973,.T.);
#8975=CARTESIAN_POINT('',(258.478576994,117.815193232,34.4));
#8976=VERTEX_POINT('',#8975);
#8977=CARTESIAN_POINT('',(258.478576994,117.815193232,34.4));
#8978=DIRECTION('',(-0.,-0.,-1.));
#8979=VECTOR('',#8978,25.);
#8980=LINE('',#8977,#8979);
#8981=EDGE_CURVE('',#8976,#8967,#8980,.T.);
#8982=ORIENTED_EDGE('',*,*,#8981,.F.);
#8983=CARTESIAN_POINT('',(169.088997548,122.259637678,34.4));
#8984=DIRECTION('',(-0.,-0.,-1.));
#8985=DIRECTION('',(0.707106781,0.707106781,-0.));
#8986=AXIS2_PLACEMENT_3D('',#8983,#8984,#8985);
#8987=CIRCLE('',#8986,89.5);
#8988=EDGE_CURVE('',#8959,#8976,#8987,.T.);
#8989=ORIENTED_EDGE('',*,*,#8988,.F.);
#8990=EDGE_LOOP('',(#8965,#8974,#8982,#8989));
#8991=FACE_BOUND('',#8990,.T.);
#8992=CARTESIAN_POINT('',(258.278852615,114.815193232,9.4));
#8993=VERTEX_POINT('',#8992);
#8994=CARTESIAN_POINT('',(258.278852615,114.815193232,34.4));
#8995=VERTEX_POINT('',#8994);
#8996=CARTESIAN_POINT('',(258.278852615,114.815193232,9.4));
#8997=DIRECTION('',(0.,0.,1.));
#8998=VECTOR('',#8997,25.);
#8999=LINE('',#8996,#8998);
#9000=EDGE_CURVE('',#8993,#8995,#8999,.T.);
#9001=ORIENTED_EDGE('',*,*,#9000,.F.);
#9002=CARTESIAN_POINT('',(258.089292318,112.815193232,9.4));
#9003=VERTEX_POINT('',#9002);
#9004=CARTESIAN_POINT('',(169.088997548,122.259637678,9.4));
#9005=DIRECTION('',(-0.,-0.,-1.));
#9006=DIRECTION('',(0.707106781,0.707106781,-0.));
#9007=AXIS2_PLACEMENT_3D('',#9004,#9005,#9006);
#9008=CIRCLE('',#9007,89.5);
#9009=EDGE_CURVE('',#8993,#9003,#9008,.T.);
#9010=ORIENTED_EDGE('',*,*,#9009,.T.);
#9011=CARTESIAN_POINT('',(258.089292318,112.815193232,34.4));
#9012=VERTEX_POINT('',#9011);
#9013=CARTESIAN_POINT('',(258.089292318,112.815193232,34.4));
#9014=DIRECTION('',(-0.,-0.,-1.));
#9015=VECTOR('',#9014,25.);
#9016=LINE('',#9013,#9015);
#9017=EDGE_CURVE('',#9012,#9003,#9016,.T.);
#9018=ORIENTED_EDGE('',*,*,#9017,.F.);
#9019=CARTESIAN_POINT('',(169.088997548,122.259637678,34.4));
#9020=DIRECTION('',(-0.,-0.,-1.));
#9021=DIRECTION('',(0.707106781,0.707106781,-0.));
#9022=AXIS2_PLACEMENT_3D('',#9019,#9020,#9021);
#9023=CIRCLE('',#9022,89.5);
#9024=EDGE_CURVE('',#8995,#9012,#9023,.T.);
#9025=ORIENTED_EDGE('',*,*,#9024,.F.);
#9026=EDGE_LOOP('',(#9001,#9010,#9018,#9025));
#9027=FACE_BOUND('',#9026,.T.);
#9028=CARTESIAN_POINT('',(257.719611912,109.815193232,9.4));
#9029=VERTEX_POINT('',#9028);
#9030=CARTESIAN_POINT('',(257.719611912,109.815193232,34.4));
#9031=VERTEX_POINT('',#9030);
#9032=CARTESIAN_POINT('',(257.719611912,109.815193232,9.4));
#9033=DIRECTION('',(0.,0.,1.));
#9034=VECTOR('',#9033,25.);
#9035=LINE('',#9032,#9034);
#9036=EDGE_CURVE('',#9029,#9031,#9035,.T.);
#9037=ORIENTED_EDGE('',*,*,#9036,.F.);
#9038=CARTESIAN_POINT('',(257.415709389,107.815193232,9.4));
#9039=VERTEX_POINT('',#9038);
#9040=CARTESIAN_POINT('',(169.088997548,122.259637678,9.4));
#9041=DIRECTION('',(-0.,-0.,-1.));
#9042=DIRECTION('',(0.707106781,0.707106781,-0.));
#9043=AXIS2_PLACEMENT_3D('',#9040,#9041,#9042);
#9044=CIRCLE('',#9043,89.5);
#9045=EDGE_CURVE('',#9029,#9039,#9044,.T.);
#9046=ORIENTED_EDGE('',*,*,#9045,.T.);
#9047=CARTESIAN_POINT('',(257.415709389,107.815193232,34.4));
#9048=VERTEX_POINT('',#9047);
#9049=CARTESIAN_POINT('',(257.415709389,107.815193232,34.4));
#9050=DIRECTION('',(-0.,-0.,-1.));
#9051=VECTOR('',#9050,25.);
#9052=LINE('',#9049,#9051);
#9053=EDGE_CURVE('',#9048,#9039,#9052,.T.);
#9054=ORIENTED_EDGE('',*,*,#9053,.F.);
#9055=CARTESIAN_POINT('',(169.088997548,122.259637678,34.4));
#9056=DIRECTION('',(-0.,-0.,-1.));
#9057=DIRECTION('',(0.707106781,0.707106781,-0.));
#9058=AXIS2_PLACEMENT_3D('',#9055,#9056,#9057);
#9059=CIRCLE('',#9058,89.5);
#9060=EDGE_CURVE('',#9031,#9048,#9059,.T.);
#9061=ORIENTED_EDGE('',*,*,#9060,.F.);
#9062=EDGE_LOOP('',(#9037,#9046,#9054,#9061));
#9063=FACE_BOUND('',#9062,.T.);
#9064=CARTESIAN_POINT('',(256.872488923,104.815193232,9.4));
#9065=VERTEX_POINT('',#9064);
#9066=CARTESIAN_POINT('',(256.872488923,104.815193232,34.4));
#9067=VERTEX_POINT('',#9066);
#9068=CARTESIAN_POINT('',(256.872488923,104.815193232,9.4));
#9069=DIRECTION('',(0.,0.,1.));
#9070=VECTOR('',#9069,25.);
#9071=LINE('',#9068,#9070);
#9072=EDGE_CURVE('',#9065,#9067,#9071,.T.);
#9073=ORIENTED_EDGE('',*,*,#9072,.F.);
#9074=CARTESIAN_POINT('',(256.451252443,102.815193232,9.4));
#9075=VERTEX_POINT('',#9074);
#9076=CARTESIAN_POINT('',(169.088997548,122.259637678,9.4));
#9077=DIRECTION('',(-0.,-0.,-1.));
#9078=DIRECTION('',(0.707106781,0.707106781,-0.));
#9079=AXIS2_PLACEMENT_3D('',#9076,#9077,#9078);
#9080=CIRCLE('',#9079,89.5);
#9081=EDGE_CURVE('',#9065,#9075,#9080,.T.);
#9082=ORIENTED_EDGE('',*,*,#9081,.T.);
#9083=CARTESIAN_POINT('',(256.451252443,102.815193232,34.4));
#9084=VERTEX_POINT('',#9083);
#9085=CARTESIAN_POINT('',(256.451252443,102.815193232,34.4));
#9086=DIRECTION('',(-0.,-0.,-1.));
#9087=VECTOR('',#9086,25.);
#9088=LINE('',#9085,#9087);
#9089=EDGE_CURVE('',#9084,#9075,#9088,.T.);
#9090=ORIENTED_EDGE('',*,*,#9089,.F.);
#9091=CARTESIAN_POINT('',(169.088997548,122.259637678,34.4));
#9092=DIRECTION('',(-0.,-0.,-1.));
#9093=DIRECTION('',(0.707106781,0.707106781,-0.));
#9094=AXIS2_PLACEMENT_3D('',#9091,#9092,#9093);
#9095=CIRCLE('',#9094,89.5);
#9096=EDGE_CURVE('',#9067,#9084,#9095,.T.);
#9097=ORIENTED_EDGE('',*,*,#9096,.F.);
#9098=EDGE_LOOP('',(#9073,#9082,#9090,#9097));
#9099=FACE_BOUND('',#9098,.T.);
#9100=CARTESIAN_POINT('',(255.729039755,99.815193232,9.4));
#9101=VERTEX_POINT('',#9100);
#9102=CARTESIAN_POINT('',(255.729039755,99.815193232,34.4));
#9103=VERTEX_POINT('',#9102);
#9104=CARTESIAN_POINT('',(255.729039755,99.815193232,9.4));
#9105=DIRECTION('',(0.,0.,1.));
#9106=VECTOR('',#9105,25.);
#9107=LINE('',#9104,#9106);
#9108=EDGE_CURVE('',#9101,#9103,#9107,.T.);
#9109=ORIENTED_EDGE('',*,*,#9108,.F.);
#9110=CARTESIAN_POINT('',(255.186146954,97.815193232,9.4));
#9111=VERTEX_POINT('',#9110);
#9112=CARTESIAN_POINT('',(169.088997548,122.259637678,9.4));
#9113=DIRECTION('',(-0.,-0.,-1.));
#9114=DIRECTION('',(0.707106781,0.707106781,-0.));
#9115=AXIS2_PLACEMENT_3D('',#9112,#9113,#9114);
#9116=CIRCLE('',#9115,89.5);
#9117=EDGE_CURVE('',#9101,#9111,#9116,.T.);
#9118=ORIENTED_EDGE('',*,*,#9117,.T.);
#9119=CARTESIAN_POINT('',(255.186146954,97.815193232,34.4));
#9120=VERTEX_POINT('',#9119);
#9121=CARTESIAN_POINT('',(255.186146954,97.815193232,34.4));
#9122=DIRECTION('',(-0.,-0.,-1.));
#9123=VECTOR('',#9122,25.);
#9124=LINE('',#9121,#9123);
#9125=EDGE_CURVE('',#9120,#9111,#9124,.T.);
#9126=ORIENTED_EDGE('',*,*,#9125,.F.);
#9127=CARTESIAN_POINT('',(169.088997548,122.259637678,34.4));
#9128=DIRECTION('',(-0.,-0.,-1.));
#9129=DIRECTION('',(0.707106781,0.707106781,-0.));
#9130=AXIS2_PLACEMENT_3D('',#9127,#9128,#9129);
#9131=CIRCLE('',#9130,89.5);
#9132=EDGE_CURVE('',#9103,#9120,#9131,.T.);
#9133=ORIENTED_EDGE('',*,*,#9132,.F.);
#9134=EDGE_LOOP('',(#9109,#9118,#9126,#9133));
#9135=FACE_BOUND('',#9134,.T.);
#9136=ADVANCED_FACE('',(#8775,#8811,#8847,#8883,#8919,#8955,#8991,#9027,#9063,#9099,#9135),#8759,.T.);
#9137=CARTESIAN_POINT('',(240.319430408,89.966744458,4.4));
#9138=DIRECTION('',(0.707106781,0.707106781,-0.));
#9139=DIRECTION('',(-0.707106781,0.707106781,0.));
#9140=AXIS2_PLACEMENT_3D('',#9137,#9138,#9139);
#9141=PLANE('',#9140);
#9142=ORIENTED_EDGE('',*,*,#2922,.T.);
#9143=CARTESIAN_POINT('',(247.795078274,82.491096592,2.));
#9144=DIRECTION('',(0.,0.,1.));
#9145=VECTOR('',#9144,37.4);
#9146=LINE('',#9143,#9145);
#9147=EDGE_CURVE('',#2910,#4953,#9146,.T.);
#9148=ORIENTED_EDGE('',*,*,#9147,.T.);
#9149=ORIENTED_EDGE('',*,*,#4958,.F.);
#9150=ORIENTED_EDGE('',*,*,#1051,.T.);
#9151=EDGE_LOOP('',(#9142,#9148,#9149,#9150));
#9152=FACE_BOUND('',#9151,.T.);
#9153=ADVANCED_FACE('',(#9152),#9141,.F.);
#9154=CARTESIAN_POINT('',(175.0192176,50.521820298,4.4));
#9155=DIRECTION('',(0.410099391,0.912040838,-0.));
#9156=DIRECTION('',(-0.912040838,0.410099391,0.));
#9157=AXIS2_PLACEMENT_3D('',#9154,#9155,#9156);
#9158=PLANE('',#9157);
#9159=ORIENTED_EDGE('',*,*,#2942,.T.);
#9160=ORIENTED_EDGE('',*,*,#335,.F.);
#9161=ORIENTED_EDGE('',*,*,#923,.F.);
#9162=CARTESIAN_POINT('',(175.0192176,50.521820298,4.4));
#9163=VERTEX_POINT('',#9162);
#9164=CARTESIAN_POINT('',(175.0192176,50.521820298,4.4));
#9165=DIRECTION('',(0.912040838,-0.410099391,-0.));
#9166=VECTOR('',#9165,27.048986108);
#9167=LINE('',#9164,#9166);
#9168=EDGE_CURVE('',#9163,#403,#9167,.T.);
#9169=ORIENTED_EDGE('',*,*,#9168,.F.);
#9170=CARTESIAN_POINT('',(175.0192176,50.521820298,4.4));
#9171=DIRECTION('',(-0.,-0.,-1.));
#9172=VECTOR('',#9171,2.4);
#9173=LINE('',#9170,#9172);
#9174=EDGE_CURVE('',#9163,#2937,#9173,.T.);
#9175=ORIENTED_EDGE('',*,*,#9174,.T.);
#9176=EDGE_LOOP('',(#9159,#9160,#9161,#9169,#9175));
#9177=FACE_BOUND('',#9176,.T.);
#9178=ADVANCED_FACE('',(#9177),#9158,.F.);
#9179=CARTESIAN_POINT('',(163.158777495,50.521820298,4.4));
#9180=DIRECTION('',(0.,1.,-0.));
#9181=DIRECTION('',(-1.,0.,0.));
#9182=AXIS2_PLACEMENT_3D('',#9179,#9180,#9181);
#9183=PLANE('',#9182);
#9184=ORIENTED_EDGE('',*,*,#2950,.T.);
#9185=ORIENTED_EDGE('',*,*,#9174,.F.);
#9186=CARTESIAN_POINT('',(163.158777495,50.521820298,4.4));
#9187=VERTEX_POINT('',#9186);
#9188=CARTESIAN_POINT('',(163.158777495,50.521820298,4.4));
#9189=DIRECTION('',(1.,-0.,-0.));
#9190=VECTOR('',#9189,11.860440106);
#9191=LINE('',#9188,#9190);
#9192=EDGE_CURVE('',#9187,#9163,#9191,.T.);
#9193=ORIENTED_EDGE('',*,*,#9192,.F.);
#9194=CARTESIAN_POINT('',(163.158777495,50.521820298,4.4));
#9195=DIRECTION('',(-0.,-0.,-1.));
#9196=VECTOR('',#9195,2.4);
#9197=LINE('',#9194,#9196);
#9198=EDGE_CURVE('',#9187,#2945,#9197,.T.);
#9199=ORIENTED_EDGE('',*,*,#9198,.T.);
#9200=EDGE_LOOP('',(#9184,#9185,#9193,#9199));
#9201=FACE_BOUND('',#9200,.T.);
#9202=ADVANCED_FACE('',(#9201),#9183,.F.);
#9203=CARTESIAN_POINT('',(136.940602646,38.732811416,4.4));
#9204=DIRECTION('',(-0.410099391,0.912040838,-0.));
#9205=DIRECTION('',(-0.912040838,-0.410099391,0.));
#9206=AXIS2_PLACEMENT_3D('',#9203,#9204,#9205);
#9207=PLANE('',#9206);
#9208=ORIENTED_EDGE('',*,*,#2956,.T.);
#9209=ORIENTED_EDGE('',*,*,#9198,.F.);
#9210=CARTESIAN_POINT('',(136.940602646,38.732811416,4.4));
#9211=VERTEX_POINT('',#9210);
#9212=CARTESIAN_POINT('',(136.940602646,38.732811416,4.4));
#9213=DIRECTION('',(0.912040838,0.410099391,-0.));
#9214=VECTOR('',#9213,28.746711513);
#9215=LINE('',#9212,#9214);
#9216=EDGE_CURVE('',#9211,#9187,#9215,.T.);
#9217=ORIENTED_EDGE('',*,*,#9216,.F.);
#9218=CARTESIAN_POINT('',(136.940602646,38.732811416,4.4));
#9219=DIRECTION('',(-0.,-0.,-1.));
#9220=VECTOR('',#9219,2.4);
#9221=LINE('',#9218,#9220);
#9222=EDGE_CURVE('',#9211,#2700,#9221,.T.);
#9223=ORIENTED_EDGE('',*,*,#9222,.T.);
#9224=EDGE_LOOP('',(#9208,#9209,#9217,#9223));
#9225=FACE_BOUND('',#9224,.T.);
#9226=ADVANCED_FACE('',(#9225),#9207,.F.);
#9227=CARTESIAN_POINT('',(169.088997548,122.259637678,4.4));
#9228=DIRECTION('',(-0.,-0.,-1.));
#9229=DIRECTION('',(0.707106781,0.707106781,-0.));
#9230=AXIS2_PLACEMENT_3D('',#9227,#9228,#9229);
#9231=CYLINDRICAL_SURFACE('',#9230,89.500000001);
#9232=ORIENTED_EDGE('',*,*,#1167,.T.);
#9233=CARTESIAN_POINT('',(127.687784064,42.911105731,39.4));
#9234=DIRECTION('',(-0.,-0.,-1.));
#9235=VECTOR('',#9234,37.4);
#9236=LINE('',#9233,#9235);
#9237=EDGE_CURVE('',#1152,#2698,#9236,.T.);
#9238=ORIENTED_EDGE('',*,*,#9237,.T.);
#9239=ORIENTED_EDGE('',*,*,#2706,.T.);
#9240=ORIENTED_EDGE('',*,*,#9222,.F.);
#9241=CARTESIAN_POINT('',(136.940602646,38.732811416,4.4));
#9242=DIRECTION('',(0.,0.,1.));
#9243=VECTOR('',#9242,35.);
#9244=LINE('',#9241,#9243);
#9245=EDGE_CURVE('',#9211,#1161,#9244,.T.);
#9246=ORIENTED_EDGE('',*,*,#9245,.T.);
#9247=EDGE_LOOP('',(#9232,#9238,#9239,#9240,#9246));
#9248=FACE_BOUND('',#9247,.T.);
#9249=ADVANCED_FACE('',(#9248),#9231,.T.);
#9250=CARTESIAN_POINT('',(195.088997547,212.259637677,34.4));
#9251=DIRECTION('',(-0.,-0.,-1.));
#9252=DIRECTION('',(0.,-1.,0.));
#9253=AXIS2_PLACEMENT_3D('',#9250,#9251,#9252);
#9254=PLANE('',#9253);
#9255=ORIENTED_EDGE('',*,*,#8724,.T.);
#9256=CARTESIAN_POINT('',(195.088997547,207.899873549,34.4));
#9257=DIRECTION('',(0.,-1.,0.));
#9258=VECTOR('',#9257,1.98762085);
#9259=LINE('',#9256,#9258);
#9260=EDGE_CURVE('',#8712,#4727,#9259,.T.);
#9261=ORIENTED_EDGE('',*,*,#9260,.T.);
#9262=ORIENTED_EDGE('',*,*,#4756,.T.);
#9263=CARTESIAN_POINT('',(193.088997547,206.507842405,34.4));
#9264=DIRECTION('',(-0.,1.,-0.));
#9265=VECTOR('',#9264,1.973892209);
#9266=LINE('',#9263,#9265);
#9267=EDGE_CURVE('',#4744,#8695,#9266,.T.);
#9268=ORIENTED_EDGE('',*,*,#9267,.T.);
#9269=EDGE_LOOP('',(#9255,#9261,#9262,#9268));
#9270=FACE_BOUND('',#9269,.T.);
#9271=ADVANCED_FACE('',(#9270),#9254,.T.);
#9272=CARTESIAN_POINT('',(190.088997547,212.259637677,9.4));
#9273=DIRECTION('',(-1.,-0.,0.));
#9274=DIRECTION('',(-0.,-0.,-1.));
#9275=AXIS2_PLACEMENT_3D('',#9272,#9273,#9274);
#9276=PLANE('',#9275);
#9277=ORIENTED_EDGE('',*,*,#8681,.T.);
#9278=CARTESIAN_POINT('',(190.088997547,209.261074448,9.4));
#9279=DIRECTION('',(0.,-1.,0.));
#9280=VECTOR('',#9279,1.955801962);
#9281=LINE('',#9278,#9280);
#9282=EDGE_CURVE('',#8667,#4689,#9281,.T.);
#9283=ORIENTED_EDGE('',*,*,#9282,.T.);
#9284=ORIENTED_EDGE('',*,*,#4696,.T.);
#9285=CARTESIAN_POINT('',(190.088997547,209.261074448,34.4));
#9286=DIRECTION('',(0.,-1.,0.));
#9287=VECTOR('',#9286,1.955801962);
#9288=LINE('',#9285,#9287);
#9289=EDGE_CURVE('',#8676,#4691,#9288,.T.);
#9290=ORIENTED_EDGE('',*,*,#9289,.F.);
#9291=EDGE_LOOP('',(#9277,#9283,#9284,#9290));
#9292=FACE_BOUND('',#9291,.T.);
#9293=ADVANCED_FACE('',(#9292),#9276,.T.);
#9294=CARTESIAN_POINT('',(195.088997547,212.259637677,9.4));
#9295=DIRECTION('',(-0.,-0.,-1.));
#9296=DIRECTION('',(0.,-1.,0.));
#9297=AXIS2_PLACEMENT_3D('',#9294,#9295,#9296);
#9298=PLANE('',#9297);
#9299=CARTESIAN_POINT('',(193.088997547,206.507842405,9.4));
#9300=DIRECTION('',(-0.,1.,-0.));
#9301=VECTOR('',#9300,1.973892209);
#9302=LINE('',#9299,#9301);
#9303=EDGE_CURVE('',#4735,#8693,#9302,.T.);
#9304=ORIENTED_EDGE('',*,*,#9303,.F.);
#9305=ORIENTED_EDGE('',*,*,#4741,.F.);
#9306=CARTESIAN_POINT('',(195.088997547,207.899873549,9.4));
#9307=DIRECTION('',(0.,-1.,0.));
#9308=VECTOR('',#9307,1.98762085);
#9309=LINE('',#9306,#9308);
#9310=EDGE_CURVE('',#8703,#4725,#9309,.T.);
#9311=ORIENTED_EDGE('',*,*,#9310,.F.);
#9312=ORIENTED_EDGE('',*,*,#8709,.F.);
#9313=EDGE_LOOP('',(#9304,#9305,#9311,#9312));
#9314=FACE_BOUND('',#9313,.T.);
#9315=ADVANCED_FACE('',(#9314),#9298,.F.);
#9316=CARTESIAN_POINT('',(193.088997547,205.259637677,9.4));
#9317=DIRECTION('',(1.,0.,-0.));
#9318=DIRECTION('',(0.,0.,1.));
#9319=AXIS2_PLACEMENT_3D('',#9316,#9317,#9318);
#9320=PLANE('',#9319);
#9321=ORIENTED_EDGE('',*,*,#8700,.T.);
#9322=ORIENTED_EDGE('',*,*,#9267,.F.);
#9323=ORIENTED_EDGE('',*,*,#4749,.T.);
#9324=ORIENTED_EDGE('',*,*,#9303,.T.);
#9325=EDGE_LOOP('',(#9321,#9322,#9323,#9324));
#9326=FACE_BOUND('',#9325,.T.);
#9327=ADVANCED_FACE('',(#9326),#9320,.T.);
#9328=CARTESIAN_POINT('',(195.088997547,212.259637677,9.4));
#9329=DIRECTION('',(-1.,-0.,0.));
#9330=DIRECTION('',(-0.,-0.,-1.));
#9331=AXIS2_PLACEMENT_3D('',#9328,#9329,#9330);
#9332=PLANE('',#9331);
#9333=ORIENTED_EDGE('',*,*,#8717,.T.);
#9334=ORIENTED_EDGE('',*,*,#9310,.T.);
#9335=ORIENTED_EDGE('',*,*,#4732,.T.);
#9336=ORIENTED_EDGE('',*,*,#9260,.F.);
#9337=EDGE_LOOP('',(#9333,#9334,#9335,#9336));
#9338=FACE_BOUND('',#9337,.T.);
#9339=ADVANCED_FACE('',(#9338),#9332,.T.);
#9340=CARTESIAN_POINT('',(138.488997547,39.436633551,4.4));
#9341=DIRECTION('',(-0.413806,0.910365089,-0.));
#9342=DIRECTION('',(0.910365089,0.413806,-0.));
#9343=AXIS2_PLACEMENT_3D('',#9340,#9341,#9342);
#9344=PLANE('',#9343);
#9345=ORIENTED_EDGE('',*,*,#1175,.T.);
#9346=ORIENTED_EDGE('',*,*,#9245,.F.);
#9347=CARTESIAN_POINT('',(138.488997547,39.436633551,4.4));
#9348=DIRECTION('',(-0.910365089,-0.413806,0.));
#9349=VECTOR('',#9348,1.700850483);
#9350=LINE('',#9347,#9349);
#9351=EDGE_CURVE('',#2561,#9211,#9350,.T.);
#9352=ORIENTED_EDGE('',*,*,#9351,.F.);
#9353=ORIENTED_EDGE('',*,*,#2566,.T.);
#9354=EDGE_LOOP('',(#9345,#9346,#9352,#9353));
#9355=FACE_BOUND('',#9354,.T.);
#9356=ADVANCED_FACE('',(#9355),#9344,.F.);
#9357=CARTESIAN_POINT('',(126.926513014,43.988040628,4.4));
#9358=DIRECTION('',(0.707106781,-0.707106781,0.));
#9359=DIRECTION('',(-0.707106781,-0.707106781,0.));
#9360=AXIS2_PLACEMENT_3D('',#9357,#9358,#9359);
#9361=PLANE('',#9360);
#9362=ORIENTED_EDGE('',*,*,#2730,.F.);
#9363=CARTESIAN_POINT('',(127.443260674,44.504788288,2.));
#9364=DIRECTION('',(0.,0.,1.));
#9365=VECTOR('',#9364,37.4);
#9366=LINE('',#9363,#9365);
#9367=EDGE_CURVE('',#2718,#1135,#9366,.T.);
#9368=ORIENTED_EDGE('',*,*,#9367,.T.);
#9369=ORIENTED_EDGE('',*,*,#1140,.T.);
#9370=ORIENTED_EDGE('',*,*,#505,.F.);
#9371=EDGE_LOOP('',(#9362,#9368,#9369,#9370));
#9372=FACE_BOUND('',#9371,.T.);
#9373=ADVANCED_FACE('',(#9372),#9361,.F.);
#9374=CARTESIAN_POINT('',(220.035923839,147.359637677,39.4));
#9375=DIRECTION('',(0.,1.,-0.));
#9376=DIRECTION('',(1.,-0.,-0.));
#9377=AXIS2_PLACEMENT_3D('',#9374,#9375,#9376);
#9378=PLANE('',#9377);
#9379=ORIENTED_EDGE('',*,*,#2521,.F.);
#9380=CARTESIAN_POINT('',(222.435923839,147.359637677,23.4));
#9381=DIRECTION('',(-1.,0.,0.));
#9382=VECTOR('',#9381,2.4);
#9383=LINE('',#9380,#9382);
#9384=EDGE_CURVE('',#2431,#2506,#9383,.T.);
#9385=ORIENTED_EDGE('',*,*,#9384,.F.);
#9386=ORIENTED_EDGE('',*,*,#2436,.F.);
#9387=ORIENTED_EDGE('',*,*,#5013,.F.);
#9388=EDGE_LOOP('',(#9379,#9385,#9386,#9387));
#9389=FACE_BOUND('',#9388,.T.);
#9390=ADVANCED_FACE('',(#9389),#9378,.F.);
#9391=CARTESIAN_POINT('',(220.035923839,97.159637677,39.4));
#9392=DIRECTION('',(0.,1.,-0.));
#9393=DIRECTION('',(1.,-0.,-0.));
#9394=AXIS2_PLACEMENT_3D('',#9391,#9392,#9393);
#9395=PLANE('',#9394);
#9396=ORIENTED_EDGE('',*,*,#2549,.T.);
#9397=ORIENTED_EDGE('',*,*,#5024,.T.);
#9398=ORIENTED_EDGE('',*,*,#2452,.T.);
#9399=CARTESIAN_POINT('',(222.435923839,97.159637677,23.4));
#9400=DIRECTION('',(-1.,0.,0.));
#9401=VECTOR('',#9400,2.4);
#9402=LINE('',#9399,#9401);
#9403=EDGE_CURVE('',#2439,#2508,#9402,.T.);
#9404=ORIENTED_EDGE('',*,*,#9403,.T.);
#9405=EDGE_LOOP('',(#9396,#9397,#9398,#9404));
#9406=FACE_BOUND('',#9405,.T.);
#9407=ADVANCED_FACE('',(#9406),#9395,.T.);
#9408=CARTESIAN_POINT('',(222.435923839,147.359637677,23.4));
#9409=DIRECTION('',(0.,0.,1.));
#9410=DIRECTION('',(-0.,-1.,0.));
#9411=AXIS2_PLACEMENT_3D('',#9408,#9409,#9410);
#9412=PLANE('',#9411);
#9413=ORIENTED_EDGE('',*,*,#9403,.F.);
#9414=ORIENTED_EDGE('',*,*,#2444,.F.);
#9415=ORIENTED_EDGE('',*,*,#9384,.T.);
#9416=ORIENTED_EDGE('',*,*,#2513,.T.);
#9417=EDGE_LOOP('',(#9413,#9414,#9415,#9416));
#9418=FACE_BOUND('',#9417,.T.);
#9419=ADVANCED_FACE('',(#9418),#9412,.T.);
#9420=CARTESIAN_POINT('',(248.067701378,163.715015428,39.4));
#9421=DIRECTION('',(0.707106781,-0.707106781,0.));
#9422=DIRECTION('',(-0.,-0.,-1.));
#9423=AXIS2_PLACEMENT_3D('',#9420,#9421,#9422);
#9424=PLANE('',#9423);
#9425=ORIENTED_EDGE('',*,*,#4991,.F.);
#9426=CARTESIAN_POINT('',(247.324116866,162.971430916,39.4));
#9427=DIRECTION('',(-0.,-0.,-1.));
#9428=VECTOR('',#9427,37.4);
#9429=LINE('',#9426,#9428);
#9430=EDGE_CURVE('',#4979,#2884,#9429,.T.);
#9431=ORIENTED_EDGE('',*,*,#9430,.T.);
#9432=ORIENTED_EDGE('',*,*,#2889,.F.);
#9433=ORIENTED_EDGE('',*,*,#457,.F.);
#9434=EDGE_LOOP('',(#9425,#9431,#9432,#9433));
#9435=FACE_BOUND('',#9434,.T.);
#9436=ADVANCED_FACE('',(#9435),#9424,.F.);
#9437=CARTESIAN_POINT('',(118.142071255,97.159637677,39.4));
#9438=DIRECTION('',(-0.,-1.,0.));
#9439=DIRECTION('',(-1.,0.,0.));
#9440=AXIS2_PLACEMENT_3D('',#9437,#9438,#9439);
#9441=PLANE('',#9440);
#9442=ORIENTED_EDGE('',*,*,#1854,.F.);
#9443=CARTESIAN_POINT('',(115.742071255,97.159637677,23.4));
#9444=DIRECTION('',(1.,-0.,-0.));
#9445=VECTOR('',#9444,2.4);
#9446=LINE('',#9443,#9445);
#9447=EDGE_CURVE('',#1740,#1839,#9446,.T.);
#9448=ORIENTED_EDGE('',*,*,#9447,.F.);
#9449=ORIENTED_EDGE('',*,*,#1745,.F.);
#9450=CARTESIAN_POINT('',(118.142071255,97.159637677,39.4));
#9451=DIRECTION('',(-1.,-0.,0.));
#9452=VECTOR('',#9451,2.4);
#9453=LINE('',#9450,#9452);
#9454=EDGE_CURVE('',#1849,#1730,#9453,.T.);
#9455=ORIENTED_EDGE('',*,*,#9454,.F.);
#9456=EDGE_LOOP('',(#9442,#9448,#9449,#9455));
#9457=FACE_BOUND('',#9456,.T.);
#9458=ADVANCED_FACE('',(#9457),#9441,.F.);
#9459=CARTESIAN_POINT('',(118.142071255,147.359637677,39.4));
#9460=DIRECTION('',(-0.,-1.,0.));
#9461=DIRECTION('',(-1.,0.,0.));
#9462=AXIS2_PLACEMENT_3D('',#9459,#9460,#9461);
#9463=PLANE('',#9462);
#9464=ORIENTED_EDGE('',*,*,#1906,.T.);
#9465=CARTESIAN_POINT('',(118.142071255,147.359637677,32.4));
#9466=DIRECTION('',(-1.,0.,-0.));
#9467=VECTOR('',#9466,2.4);
#9468=LINE('',#9465,#9467);
#9469=EDGE_CURVE('',#1895,#1756,#9468,.T.);
#9470=ORIENTED_EDGE('',*,*,#9469,.T.);
#9471=ORIENTED_EDGE('',*,*,#1761,.T.);
#9472=CARTESIAN_POINT('',(115.742071255,147.359637677,23.4));
#9473=DIRECTION('',(1.,-0.,-0.));
#9474=VECTOR('',#9473,2.4);
#9475=LINE('',#9472,#9474);
#9476=EDGE_CURVE('',#1748,#1841,#9475,.T.);
#9477=ORIENTED_EDGE('',*,*,#9476,.T.);
#9478=EDGE_LOOP('',(#9464,#9470,#9471,#9477));
#9479=FACE_BOUND('',#9478,.T.);
#9480=ADVANCED_FACE('',(#9479),#9463,.T.);
#9481=CARTESIAN_POINT('',(115.742071255,97.159637677,23.4));
#9482=DIRECTION('',(0.,0.,1.));
#9483=DIRECTION('',(0.,1.,-0.));
#9484=AXIS2_PLACEMENT_3D('',#9481,#9482,#9483);
#9485=PLANE('',#9484);
#9486=ORIENTED_EDGE('',*,*,#9476,.F.);
#9487=ORIENTED_EDGE('',*,*,#1753,.F.);
#9488=ORIENTED_EDGE('',*,*,#9447,.T.);
#9489=ORIENTED_EDGE('',*,*,#1846,.T.);
#9490=EDGE_LOOP('',(#9486,#9487,#9488,#9489));
#9491=FACE_BOUND('',#9490,.T.);
#9492=ADVANCED_FACE('',(#9491),#9485,.T.);
#9493=CARTESIAN_POINT('',(128.783911021,174.585539486,18.75));
#9494=DIRECTION('',(-0.707106781,0.707106781,-0.));
#9495=DIRECTION('',(0.707106781,0.707106781,-0.));
#9496=AXIS2_PLACEMENT_3D('',#9493,#9494,#9495);
#9497=CYLINDRICAL_SURFACE('',#9496,1.8);
#9498=CARTESIAN_POINT('',(127.935382884,177.979652035,18.75));
#9499=VERTEX_POINT('',#9498);
#9500=CARTESIAN_POINT('',(127.935382884,177.979652035,18.75));
#9501=DIRECTION('',(0.707106781,-0.707106781,0.));
#9502=VECTOR('',#9501,3.);
#9503=LINE('',#9500,#9502);
#9504=EDGE_CURVE('',#9499,#5390,#9503,.T.);
#9505=ORIENTED_EDGE('',*,*,#9504,.F.);
#9506=CARTESIAN_POINT('',(126.662590678,176.706859829,16.95));
#9507=VERTEX_POINT('',#9506);
#9508=CARTESIAN_POINT('',(126.662590678,176.706859829,18.75));
#9509=DIRECTION('',(0.707106781,-0.707106781,0.));
#9510=DIRECTION('',(-0.,-0.,-1.));
#9511=AXIS2_PLACEMENT_3D('',#9508,#9509,#9510);
#9512=CIRCLE('',#9511,1.8);
#9513=EDGE_CURVE('',#9507,#9499,#9512,.T.);
#9514=ORIENTED_EDGE('',*,*,#9513,.F.);
#9515=CARTESIAN_POINT('',(126.662590678,176.706859829,18.75));
#9516=DIRECTION('',(0.707106781,-0.707106781,0.));
#9517=DIRECTION('',(-0.,-0.,-1.));
#9518=AXIS2_PLACEMENT_3D('',#9515,#9516,#9517);
#9519=CIRCLE('',#9518,1.8);
#9520=EDGE_CURVE('',#9499,#9507,#9519,.T.);
#9521=ORIENTED_EDGE('',*,*,#9520,.F.);
#9522=ORIENTED_EDGE('',*,*,#9504,.T.);
#9523=ORIENTED_EDGE('',*,*,#5398,.T.);
#9524=ORIENTED_EDGE('',*,*,#5405,.T.);
#9525=EDGE_LOOP('',(#9505,#9514,#9521,#9522,#9523,#9524));
#9526=FACE_BOUND('',#9525,.T.);
#9527=ADVANCED_FACE('',(#9526),#9497,.F.);
#9528=CARTESIAN_POINT('',(116.763095741,162.564724206,18.75));
#9529=DIRECTION('',(-0.707106781,0.707106781,-0.));
#9530=DIRECTION('',(0.707106781,0.707106781,-0.));
#9531=AXIS2_PLACEMENT_3D('',#9528,#9529,#9530);
#9532=CYLINDRICAL_SURFACE('',#9531,1.8);
#9533=CARTESIAN_POINT('',(115.914567604,165.958836755,18.75));
#9534=VERTEX_POINT('',#9533);
#9535=CARTESIAN_POINT('',(115.914567604,165.958836755,18.75));
#9536=DIRECTION('',(0.707106781,-0.707106781,0.));
#9537=VECTOR('',#9536,3.);
#9538=LINE('',#9535,#9537);
#9539=EDGE_CURVE('',#9534,#5370,#9538,.T.);
#9540=ORIENTED_EDGE('',*,*,#9539,.F.);
#9541=CARTESIAN_POINT('',(114.641775398,164.686044549,16.95));
#9542=VERTEX_POINT('',#9541);
#9543=CARTESIAN_POINT('',(114.641775398,164.686044549,18.75));
#9544=DIRECTION('',(0.707106781,-0.707106781,0.));
#9545=DIRECTION('',(-0.,-0.,-1.));
#9546=AXIS2_PLACEMENT_3D('',#9543,#9544,#9545);
#9547=CIRCLE('',#9546,1.8);
#9548=EDGE_CURVE('',#9542,#9534,#9547,.T.);
#9549=ORIENTED_EDGE('',*,*,#9548,.F.);
#9550=CARTESIAN_POINT('',(114.641775398,164.686044549,18.75));
#9551=DIRECTION('',(0.707106781,-0.707106781,0.));
#9552=DIRECTION('',(-0.,-0.,-1.));
#9553=AXIS2_PLACEMENT_3D('',#9550,#9551,#9552);
#9554=CIRCLE('',#9553,1.8);
#9555=EDGE_CURVE('',#9534,#9542,#9554,.T.);
#9556=ORIENTED_EDGE('',*,*,#9555,.F.);
#9557=ORIENTED_EDGE('',*,*,#9539,.T.);
#9558=ORIENTED_EDGE('',*,*,#5378,.T.);
#9559=ORIENTED_EDGE('',*,*,#5385,.T.);
#9560=EDGE_LOOP('',(#9540,#9549,#9556,#9557,#9558,#9559));
#9561=FACE_BOUND('',#9560,.T.);
#9562=ADVANCED_FACE('',(#9561),#9532,.F.);
#9563=CARTESIAN_POINT('',(121.75212692,163.939654058,39.4));
#9564=DIRECTION('',(0.707106781,0.707106781,-0.));
#9565=DIRECTION('',(0.707106781,-0.707106781,0.));
#9566=AXIS2_PLACEMENT_3D('',#9563,#9564,#9565);
#9567=PLANE('',#9566);
#9568=ORIENTED_EDGE('',*,*,#5448,.T.);
#9569=CARTESIAN_POINT('',(117.823755913,167.868025064,18.75));
#9570=VERTEX_POINT('',#9569);
#9571=CARTESIAN_POINT('',(117.823755913,167.868025064,18.75));
#9572=DIRECTION('',(0.707106781,-0.707106781,-0.));
#9573=VECTOR('',#9572,3.);
#9574=LINE('',#9571,#9573);
#9575=EDGE_CURVE('',#9570,#5434,#9574,.T.);
#9576=ORIENTED_EDGE('',*,*,#9575,.F.);
#9577=CARTESIAN_POINT('',(117.823755913,167.868025064,39.4));
#9578=VERTEX_POINT('',#9577);
#9579=CARTESIAN_POINT('',(117.823755913,167.868025064,39.4));
#9580=DIRECTION('',(-0.,-0.,-1.));
#9581=VECTOR('',#9580,20.65);
#9582=LINE('',#9579,#9581);
#9583=EDGE_CURVE('',#9578,#9570,#9582,.T.);
#9584=ORIENTED_EDGE('',*,*,#9583,.F.);
#9585=CARTESIAN_POINT('',(119.945076257,165.746704721,39.4));
#9586=DIRECTION('',(-0.707106781,0.707106781,-0.));
#9587=VECTOR('',#9586,3.);
#9588=LINE('',#9585,#9587);
#9589=EDGE_CURVE('',#5443,#9578,#9588,.T.);
#9590=ORIENTED_EDGE('',*,*,#9589,.F.);
#9591=EDGE_LOOP('',(#9568,#9576,#9584,#9590));
#9592=FACE_BOUND('',#9591,.T.);
#9593=ADVANCED_FACE('',(#9592),#9567,.T.);
#9594=CARTESIAN_POINT('',(127.408981169,169.596508307,18.75));
#9595=DIRECTION('',(-0.707106781,-0.707106781,0.));
#9596=DIRECTION('',(-0.707106781,0.707106781,-0.));
#9597=AXIS2_PLACEMENT_3D('',#9594,#9595,#9596);
#9598=PLANE('',#9597);
#9599=ORIENTED_EDGE('',*,*,#5431,.T.);
#9600=CARTESIAN_POINT('',(123.480610162,173.524879314,39.4));
#9601=VERTEX_POINT('',#9600);
#9602=CARTESIAN_POINT('',(125.601930506,171.40355897,39.4));
#9603=DIRECTION('',(-0.707106781,0.707106781,0.));
#9604=VECTOR('',#9603,3.);
#9605=LINE('',#9602,#9604);
#9606=EDGE_CURVE('',#5418,#9601,#9605,.T.);
#9607=ORIENTED_EDGE('',*,*,#9606,.T.);
#9608=CARTESIAN_POINT('',(123.480610162,173.524879314,18.75));
#9609=VERTEX_POINT('',#9608);
#9610=CARTESIAN_POINT('',(123.480610162,173.524879314,18.75));
#9611=DIRECTION('',(0.,0.,1.));
#9612=VECTOR('',#9611,20.65);
#9613=LINE('',#9610,#9612);
#9614=EDGE_CURVE('',#9609,#9601,#9613,.T.);
#9615=ORIENTED_EDGE('',*,*,#9614,.F.);
#9616=CARTESIAN_POINT('',(125.601930506,171.40355897,18.75));
#9617=DIRECTION('',(-0.707106781,0.707106781,0.));
#9618=VECTOR('',#9617,3.);
#9619=LINE('',#9616,#9618);
#9620=EDGE_CURVE('',#5426,#9609,#9619,.T.);
#9621=ORIENTED_EDGE('',*,*,#9620,.F.);
#9622=EDGE_LOOP('',(#9599,#9607,#9615,#9621));
#9623=FACE_BOUND('',#9622,.T.);
#9624=ADVANCED_FACE('',(#9623),#9598,.T.);
#9625=CARTESIAN_POINT('',(122.773503381,168.575131846,18.75));
#9626=DIRECTION('',(-0.707106781,0.707106781,-0.));
#9627=DIRECTION('',(0.707106781,0.707106781,-0.));
#9628=AXIS2_PLACEMENT_3D('',#9625,#9626,#9627);
#9629=CYLINDRICAL_SURFACE('',#9628,4.);
#9630=ORIENTED_EDGE('',*,*,#5440,.T.);
#9631=ORIENTED_EDGE('',*,*,#9620,.T.);
#9632=CARTESIAN_POINT('',(120.652183038,170.696452189,18.75));
#9633=DIRECTION('',(0.707106781,-0.707106781,0.));
#9634=DIRECTION('',(-0.,-0.,-1.));
#9635=AXIS2_PLACEMENT_3D('',#9632,#9633,#9634);
#9636=CIRCLE('',#9635,4.);
#9637=EDGE_CURVE('',#9570,#9609,#9636,.T.);
#9638=ORIENTED_EDGE('',*,*,#9637,.F.);
#9639=ORIENTED_EDGE('',*,*,#9575,.T.);
#9640=EDGE_LOOP('',(#9630,#9631,#9638,#9639));
#9641=FACE_BOUND('',#9640,.T.);
#9642=ADVANCED_FACE('',(#9641),#9629,.F.);
#9643=CARTESIAN_POINT('',(105.027501417,155.071770568,2.));
#9644=DIRECTION('',(0.707106781,-0.707106781,0.));
#9645=DIRECTION('',(0.,0.,1.));
#9646=AXIS2_PLACEMENT_3D('',#9643,#9644,#9645);
#9647=PLANE('',#9646);
#9648=ORIENTED_EDGE('',*,*,#9548,.T.);
#9649=ORIENTED_EDGE('',*,*,#9555,.T.);
#9650=EDGE_LOOP('',(#9648,#9649));
#9651=FACE_BOUND('',#9650,.T.);
#9652=ORIENTED_EDGE('',*,*,#9513,.T.);
#9653=ORIENTED_EDGE('',*,*,#9520,.T.);
#9654=EDGE_LOOP('',(#9652,#9653));
#9655=FACE_BOUND('',#9654,.T.);
#9656=ORIENTED_EDGE('',*,*,#8290,.T.);
#9657=CARTESIAN_POINT('',(105.215368525,155.259637677,39.4));
#9658=DIRECTION('',(0.707106781,0.707106781,-0.));
#9659=VECTOR('',#9658,17.830952443);
#9660=LINE('',#9657,#9659);
#9661=EDGE_CURVE('',#8285,#9578,#9660,.T.);
#9662=ORIENTED_EDGE('',*,*,#9661,.T.);
#9663=ORIENTED_EDGE('',*,*,#9583,.T.);
#9664=ORIENTED_EDGE('',*,*,#9637,.T.);
#9665=ORIENTED_EDGE('',*,*,#9614,.T.);
#9666=CARTESIAN_POINT('',(123.480610162,173.524879314,39.4));
#9667=DIRECTION('',(0.707106781,0.707106781,-0.));
#9668=VECTOR('',#9667,17.830952439);
#9669=LINE('',#9666,#9668);
#9670=EDGE_CURVE('',#9601,#8309,#9669,.T.);
#9671=ORIENTED_EDGE('',*,*,#9670,.T.);
#9672=ORIENTED_EDGE('',*,*,#8314,.T.);
#9673=ORIENTED_EDGE('',*,*,#2806,.F.);
#9674=EDGE_LOOP('',(#9656,#9662,#9663,#9664,#9665,#9671,#9672,#9673));
#9675=FACE_BOUND('',#9674,.T.);
#9676=ADVANCED_FACE('',(#9651,#9655,#9675),#9647,.F.);
#9677=CARTESIAN_POINT('',(116.763095741,81.954551151,18.75));
#9678=DIRECTION('',(-0.707106781,-0.707106781,0.));
#9679=DIRECTION('',(-0.707106781,0.707106781,-0.));
#9680=AXIS2_PLACEMENT_3D('',#9677,#9678,#9679);
#9681=CYLINDRICAL_SURFACE('',#9680,1.8);
#9682=CARTESIAN_POINT('',(113.368983191,81.106023014,18.75));
#9683=VERTEX_POINT('',#9682);
#9684=CARTESIAN_POINT('',(115.490303535,83.227343358,18.75));
#9685=VERTEX_POINT('',#9684);
#9686=CARTESIAN_POINT('',(113.368983191,81.106023014,18.75));
#9687=DIRECTION('',(0.707106781,0.707106781,-0.));
#9688=VECTOR('',#9687,3.);
#9689=LINE('',#9686,#9688);
#9690=EDGE_CURVE('',#9683,#9685,#9689,.T.);
#9691=ORIENTED_EDGE('',*,*,#9690,.F.);
#9692=CARTESIAN_POINT('',(114.641775397,79.833230808,16.95));
#9693=VERTEX_POINT('',#9692);
#9694=CARTESIAN_POINT('',(114.641775397,79.833230808,18.75));
#9695=DIRECTION('',(0.707106781,0.707106781,-0.));
#9696=DIRECTION('',(-0.,-0.,-1.));
#9697=AXIS2_PLACEMENT_3D('',#9694,#9695,#9696);
#9698=CIRCLE('',#9697,1.8);
#9699=EDGE_CURVE('',#9693,#9683,#9698,.T.);
#9700=ORIENTED_EDGE('',*,*,#9699,.F.);
#9701=CARTESIAN_POINT('',(114.641775397,79.833230808,18.75));
#9702=DIRECTION('',(0.707106781,0.707106781,-0.));
#9703=DIRECTION('',(-0.,-0.,-1.));
#9704=AXIS2_PLACEMENT_3D('',#9701,#9702,#9703);
#9705=CIRCLE('',#9704,1.8);
#9706=EDGE_CURVE('',#9683,#9693,#9705,.T.);
#9707=ORIENTED_EDGE('',*,*,#9706,.F.);
#9708=ORIENTED_EDGE('',*,*,#9690,.T.);
#9709=CARTESIAN_POINT('',(116.763095741,81.954551151,16.95));
#9710=VERTEX_POINT('',#9709);
#9711=CARTESIAN_POINT('',(116.763095741,81.954551151,18.75));
#9712=DIRECTION('',(0.707106781,0.707106781,-0.));
#9713=DIRECTION('',(-0.,-0.,-1.));
#9714=AXIS2_PLACEMENT_3D('',#9711,#9712,#9713);
#9715=CIRCLE('',#9714,1.8);
#9716=EDGE_CURVE('',#9685,#9710,#9715,.T.);
#9717=ORIENTED_EDGE('',*,*,#9716,.T.);
#9718=CARTESIAN_POINT('',(116.763095741,81.954551151,18.75));
#9719=DIRECTION('',(0.707106781,0.707106781,-0.));
#9720=DIRECTION('',(-0.,-0.,-1.));
#9721=AXIS2_PLACEMENT_3D('',#9718,#9719,#9720);
#9722=CIRCLE('',#9721,1.8);
#9723=EDGE_CURVE('',#9710,#9685,#9722,.T.);
#9724=ORIENTED_EDGE('',*,*,#9723,.T.);
#9725=EDGE_LOOP('',(#9691,#9700,#9707,#9708,#9717,#9724));
#9726=FACE_BOUND('',#9725,.T.);
#9727=ADVANCED_FACE('',(#9726),#9681,.F.);
#9728=CARTESIAN_POINT('',(128.783911021,69.933735871,18.75));
#9729=DIRECTION('',(-0.707106781,-0.707106781,0.));
#9730=DIRECTION('',(-0.707106781,0.707106781,-0.));
#9731=AXIS2_PLACEMENT_3D('',#9728,#9729,#9730);
#9732=CYLINDRICAL_SURFACE('',#9731,1.8);
#9733=CARTESIAN_POINT('',(125.389798471,69.085207734,18.75));
#9734=VERTEX_POINT('',#9733);
#9735=CARTESIAN_POINT('',(127.511118815,71.206528077,18.75));
#9736=VERTEX_POINT('',#9735);
#9737=CARTESIAN_POINT('',(125.389798471,69.085207734,18.75));
#9738=DIRECTION('',(0.707106781,0.707106781,-0.));
#9739=VECTOR('',#9738,3.);
#9740=LINE('',#9737,#9739);
#9741=EDGE_CURVE('',#9734,#9736,#9740,.T.);
#9742=ORIENTED_EDGE('',*,*,#9741,.F.);
#9743=CARTESIAN_POINT('',(126.662590677,67.812415528,16.95));
#9744=VERTEX_POINT('',#9743);
#9745=CARTESIAN_POINT('',(126.662590677,67.812415528,18.75));
#9746=DIRECTION('',(0.707106781,0.707106781,-0.));
#9747=DIRECTION('',(-0.,-0.,-1.));
#9748=AXIS2_PLACEMENT_3D('',#9745,#9746,#9747);
#9749=CIRCLE('',#9748,1.8);
#9750=EDGE_CURVE('',#9744,#9734,#9749,.T.);
#9751=ORIENTED_EDGE('',*,*,#9750,.F.);
#9752=CARTESIAN_POINT('',(126.662590677,67.812415528,18.75));
#9753=DIRECTION('',(0.707106781,0.707106781,-0.));
#9754=DIRECTION('',(-0.,-0.,-1.));
#9755=AXIS2_PLACEMENT_3D('',#9752,#9753,#9754);
#9756=CIRCLE('',#9755,1.8);
#9757=EDGE_CURVE('',#9734,#9744,#9756,.T.);
#9758=ORIENTED_EDGE('',*,*,#9757,.F.);
#9759=ORIENTED_EDGE('',*,*,#9741,.T.);
#9760=CARTESIAN_POINT('',(128.783911021,69.933735871,16.95));
#9761=VERTEX_POINT('',#9760);
#9762=CARTESIAN_POINT('',(128.783911021,69.933735871,18.75));
#9763=DIRECTION('',(0.707106781,0.707106781,-0.));
#9764=DIRECTION('',(-0.,-0.,-1.));
#9765=AXIS2_PLACEMENT_3D('',#9762,#9763,#9764);
#9766=CIRCLE('',#9765,1.8);
#9767=EDGE_CURVE('',#9736,#9761,#9766,.T.);
#9768=ORIENTED_EDGE('',*,*,#9767,.T.);
#9769=CARTESIAN_POINT('',(128.783911021,69.933735871,18.75));
#9770=DIRECTION('',(0.707106781,0.707106781,-0.));
#9771=DIRECTION('',(-0.,-0.,-1.));
#9772=AXIS2_PLACEMENT_3D('',#9769,#9770,#9771);
#9773=CIRCLE('',#9772,1.8);
#9774=EDGE_CURVE('',#9761,#9736,#9773,.T.);
#9775=ORIENTED_EDGE('',*,*,#9774,.T.);
#9776=EDGE_LOOP('',(#9742,#9751,#9758,#9759,#9768,#9775));
#9777=FACE_BOUND('',#9776,.T.);
#9778=ADVANCED_FACE('',(#9777),#9732,.F.);
#9779=CARTESIAN_POINT('',(127.408981169,74.92276705,39.4));
#9780=DIRECTION('',(-0.707106781,0.707106781,-0.));
#9781=DIRECTION('',(0.707106781,0.707106781,-0.));
#9782=AXIS2_PLACEMENT_3D('',#9779,#9780,#9781);
#9783=PLANE('',#9782);
#9784=CARTESIAN_POINT('',(125.601930506,73.115716387,18.75));
#9785=VERTEX_POINT('',#9784);
#9786=CARTESIAN_POINT('',(125.601930506,73.115716387,39.4));
#9787=DIRECTION('',(-0.,-0.,-1.));
#9788=VECTOR('',#9787,20.65);
#9789=LINE('',#9786,#9788);
#9790=EDGE_CURVE('',#1186,#9785,#9789,.T.);
#9791=ORIENTED_EDGE('',*,*,#9790,.T.);
#9792=CARTESIAN_POINT('',(123.480610162,70.994396043,18.75));
#9793=VERTEX_POINT('',#9792);
#9794=CARTESIAN_POINT('',(123.480610162,70.994396043,18.75));
#9795=DIRECTION('',(0.707106781,0.707106781,-0.));
#9796=VECTOR('',#9795,3.);
#9797=LINE('',#9794,#9796);
#9798=EDGE_CURVE('',#9793,#9785,#9797,.T.);
#9799=ORIENTED_EDGE('',*,*,#9798,.F.);
#9800=CARTESIAN_POINT('',(123.480610162,70.994396043,39.4));
#9801=DIRECTION('',(-0.,-0.,-1.));
#9802=VECTOR('',#9801,20.65);
#9803=LINE('',#9800,#9802);
#9804=EDGE_CURVE('',#1194,#9793,#9803,.T.);
#9805=ORIENTED_EDGE('',*,*,#9804,.F.);
#9806=ORIENTED_EDGE('',*,*,#1199,.F.);
#9807=EDGE_LOOP('',(#9791,#9799,#9805,#9806));
#9808=FACE_BOUND('',#9807,.T.);
#9809=ADVANCED_FACE('',(#9808),#9783,.T.);
#9810=CARTESIAN_POINT('',(121.752126919,80.579621299,18.75));
#9811=DIRECTION('',(0.707106781,-0.707106781,0.));
#9812=DIRECTION('',(-0.707106781,-0.707106781,0.));
#9813=AXIS2_PLACEMENT_3D('',#9810,#9811,#9812);
#9814=PLANE('',#9813);
#9815=CARTESIAN_POINT('',(119.945076256,78.772570636,18.75));
#9816=VERTEX_POINT('',#9815);
#9817=CARTESIAN_POINT('',(119.945076256,78.772570636,39.4));
#9818=VERTEX_POINT('',#9817);
#9819=CARTESIAN_POINT('',(119.945076256,78.772570636,18.75));
#9820=DIRECTION('',(0.,0.,1.));
#9821=VECTOR('',#9820,20.65);
#9822=LINE('',#9819,#9821);
#9823=EDGE_CURVE('',#9816,#9818,#9822,.T.);
#9824=ORIENTED_EDGE('',*,*,#9823,.T.);
#9825=CARTESIAN_POINT('',(117.823755913,76.651250292,39.4));
#9826=VERTEX_POINT('',#9825);
#9827=CARTESIAN_POINT('',(119.945076256,78.772570636,39.4));
#9828=DIRECTION('',(-0.707106781,-0.707106781,0.));
#9829=VECTOR('',#9828,3.);
#9830=LINE('',#9827,#9829);
#9831=EDGE_CURVE('',#9818,#9826,#9830,.T.);
#9832=ORIENTED_EDGE('',*,*,#9831,.T.);
#9833=CARTESIAN_POINT('',(117.823755913,76.651250292,18.75));
#9834=VERTEX_POINT('',#9833);
#9835=CARTESIAN_POINT('',(117.823755913,76.651250292,18.75));
#9836=DIRECTION('',(0.,0.,1.));
#9837=VECTOR('',#9836,20.65);
#9838=LINE('',#9835,#9837);
#9839=EDGE_CURVE('',#9834,#9826,#9838,.T.);
#9840=ORIENTED_EDGE('',*,*,#9839,.F.);
#9841=CARTESIAN_POINT('',(119.945076256,78.772570636,18.75));
#9842=DIRECTION('',(-0.707106781,-0.707106781,0.));
#9843=VECTOR('',#9842,3.);
#9844=LINE('',#9841,#9843);
#9845=EDGE_CURVE('',#9816,#9834,#9844,.T.);
#9846=ORIENTED_EDGE('',*,*,#9845,.F.);
#9847=EDGE_LOOP('',(#9824,#9832,#9840,#9846));
#9848=FACE_BOUND('',#9847,.T.);
#9849=ADVANCED_FACE('',(#9848),#9814,.T.);
#9850=CARTESIAN_POINT('',(122.773503381,75.944143511,18.75));
#9851=DIRECTION('',(-0.707106781,-0.707106781,0.));
#9852=DIRECTION('',(-0.707106781,0.707106781,-0.));
#9853=AXIS2_PLACEMENT_3D('',#9850,#9851,#9852);
#9854=CYLINDRICAL_SURFACE('',#9853,4.);
#9855=CARTESIAN_POINT('',(122.773503381,75.944143511,18.75));
#9856=DIRECTION('',(0.707106781,0.707106781,-0.));
#9857=DIRECTION('',(-0.,-0.,-1.));
#9858=AXIS2_PLACEMENT_3D('',#9855,#9856,#9857);
#9859=CIRCLE('',#9858,4.);
#9860=EDGE_CURVE('',#9785,#9816,#9859,.T.);
#9861=ORIENTED_EDGE('',*,*,#9860,.T.);
#9862=ORIENTED_EDGE('',*,*,#9845,.T.);
#9863=CARTESIAN_POINT('',(120.652183037,73.822823168,18.75));
#9864=DIRECTION('',(0.707106781,0.707106781,-0.));
#9865=DIRECTION('',(-0.,-0.,-1.));
#9866=AXIS2_PLACEMENT_3D('',#9863,#9864,#9865);
#9867=CIRCLE('',#9866,4.);
#9868=EDGE_CURVE('',#9793,#9834,#9867,.T.);
#9869=ORIENTED_EDGE('',*,*,#9868,.F.);
#9870=ORIENTED_EDGE('',*,*,#9798,.T.);
#9871=EDGE_LOOP('',(#9861,#9862,#9869,#9870));
#9872=FACE_BOUND('',#9871,.T.);
#9873=ADVANCED_FACE('',(#9872),#9854,.F.);
#9874=CARTESIAN_POINT('',(104.99746586,89.477540345,39.4));
#9875=DIRECTION('',(-0.,-0.,-1.));
#9876=DIRECTION('',(0.707106781,0.707106781,-0.));
#9877=AXIS2_PLACEMENT_3D('',#9874,#9875,#9876);
#9878=PLANE('',#9877);
#9879=CARTESIAN_POINT('',(89.036159982,85.062091805,39.4));
#9880=VERTEX_POINT('',#9879);
#9881=CARTESIAN_POINT('',(87.840688453,87.704221216,39.4));
#9882=VERTEX_POINT('',#9881);
#9883=CARTESIAN_POINT('',(89.036159982,85.062091805,39.4));
#9884=DIRECTION('',(-0.412231562,0.911079107,-0.));
#9885=VECTOR('',#9884,2.9);
#9886=LINE('',#9883,#9885);
#9887=EDGE_CURVE('',#9880,#9882,#9886,.T.);
#9888=ORIENTED_EDGE('',*,*,#9887,.T.);
#9889=CARTESIAN_POINT('',(89.531103879,90.060594634,39.4));
#9890=VERTEX_POINT('',#9889);
#9891=CARTESIAN_POINT('',(87.840688453,87.704221216,39.4));
#9892=DIRECTION('',(0.582901871,0.812542558,-0.));
#9893=VECTOR('',#9892,2.9);
#9894=LINE('',#9891,#9893);
#9895=EDGE_CURVE('',#9882,#9890,#9894,.T.);
#9896=ORIENTED_EDGE('',*,*,#9895,.T.);
#9897=CARTESIAN_POINT('',(92.416990833,89.774838642,39.4));
#9898=VERTEX_POINT('',#9897);
#9899=CARTESIAN_POINT('',(89.531103879,90.060594634,39.4));
#9900=DIRECTION('',(0.995133433,-0.098536549,-0.));
#9901=VECTOR('',#9900,2.9);
#9902=LINE('',#9899,#9901);
#9903=EDGE_CURVE('',#9890,#9898,#9902,.T.);
#9904=ORIENTED_EDGE('',*,*,#9903,.T.);
#9905=CARTESIAN_POINT('',(93.612462362,87.132709231,39.4));
#9906=VERTEX_POINT('',#9905);
#9907=CARTESIAN_POINT('',(92.416990833,89.774838642,39.4));
#9908=DIRECTION('',(0.412231562,-0.911079107,0.));
#9909=VECTOR('',#9908,2.9);
#9910=LINE('',#9907,#9909);
#9911=EDGE_CURVE('',#9898,#9906,#9910,.T.);
#9912=ORIENTED_EDGE('',*,*,#9911,.T.);
#9913=CARTESIAN_POINT('',(91.922046936,84.776335812,39.4));
#9914=VERTEX_POINT('',#9913);
#9915=CARTESIAN_POINT('',(93.612462362,87.132709231,39.4));
#9916=DIRECTION('',(-0.582901871,-0.812542558,0.));
#9917=VECTOR('',#9916,2.9);
#9918=LINE('',#9915,#9917);
#9919=EDGE_CURVE('',#9906,#9914,#9918,.T.);
#9920=ORIENTED_EDGE('',*,*,#9919,.T.);
#9921=CARTESIAN_POINT('',(91.922046936,84.776335812,39.4));
#9922=DIRECTION('',(-0.995133433,0.098536549,0.));
#9923=VECTOR('',#9922,2.9);
#9924=LINE('',#9921,#9923);
#9925=EDGE_CURVE('',#9914,#9880,#9924,.T.);
#9926=ORIENTED_EDGE('',*,*,#9925,.T.);
#9927=EDGE_LOOP('',(#9888,#9896,#9904,#9912,#9920,#9926));
#9928=FACE_BOUND('',#9927,.T.);
#9929=CARTESIAN_POINT('',(87.853236968,156.708475823,39.4));
#9930=VERTEX_POINT('',#9929);
#9931=CARTESIAN_POINT('',(88.950134708,159.393027061,39.4));
#9932=VERTEX_POINT('',#9931);
#9933=CARTESIAN_POINT('',(87.853236968,156.708475823,39.4));
#9934=DIRECTION('',(0.3782406,0.925707323,-0.));
#9935=VECTOR('',#9934,2.9);
#9936=LINE('',#9933,#9935);
#9937=EDGE_CURVE('',#9930,#9932,#9936,.T.);
#9938=ORIENTED_EDGE('',*,*,#9937,.T.);
#9939=CARTESIAN_POINT('',(91.823473148,159.785361372,39.4));
#9940=VERTEX_POINT('',#9939);
#9941=CARTESIAN_POINT('',(88.950134708,159.393027061,39.4));
#9942=DIRECTION('',(0.990806358,0.135287693,-0.));
#9943=VECTOR('',#9942,2.9);
#9944=LINE('',#9941,#9943);
#9945=EDGE_CURVE('',#9932,#9940,#9944,.T.);
#9946=ORIENTED_EDGE('',*,*,#9945,.T.);
#9947=CARTESIAN_POINT('',(93.599913847,157.493144445,39.4));
#9948=VERTEX_POINT('',#9947);
#9949=CARTESIAN_POINT('',(91.823473148,159.785361372,39.4));
#9950=DIRECTION('',(0.612565759,-0.79041963,0.));
#9951=VECTOR('',#9950,2.9);
#9952=LINE('',#9949,#9951);
#9953=EDGE_CURVE('',#9940,#9948,#9952,.T.);
#9954=ORIENTED_EDGE('',*,*,#9953,.T.);
#9955=CARTESIAN_POINT('',(92.503016107,154.808593207,39.4));
#9956=VERTEX_POINT('',#9955);
#9957=CARTESIAN_POINT('',(93.599913847,157.493144445,39.4));
#9958=DIRECTION('',(-0.3782406,-0.925707323,0.));
#9959=VECTOR('',#9958,2.9);
#9960=LINE('',#9957,#9959);
#9961=EDGE_CURVE('',#9948,#9956,#9960,.T.);
#9962=ORIENTED_EDGE('',*,*,#9961,.T.);
#9963=CARTESIAN_POINT('',(89.629677668,154.416258896,39.4));
#9964=VERTEX_POINT('',#9963);
#9965=CARTESIAN_POINT('',(92.503016107,154.808593207,39.4));
#9966=DIRECTION('',(-0.990806358,-0.135287693,0.));
#9967=VECTOR('',#9966,2.9);
#9968=LINE('',#9965,#9967);
#9969=EDGE_CURVE('',#9956,#9964,#9968,.T.);
#9970=ORIENTED_EDGE('',*,*,#9969,.T.);
#9971=CARTESIAN_POINT('',(89.629677668,154.416258896,39.4));
#9972=DIRECTION('',(-0.612565759,0.79041963,-0.));
#9973=VECTOR('',#9972,2.9);
#9974=LINE('',#9971,#9973);
#9975=EDGE_CURVE('',#9964,#9930,#9974,.T.);
#9976=ORIENTED_EDGE('',*,*,#9975,.T.);
#9977=EDGE_LOOP('',(#9938,#9946,#9954,#9962,#9970,#9976));
#9978=FACE_BOUND('',#9977,.T.);
#9979=ORIENTED_EDGE('',*,*,#8237,.T.);
#9980=CARTESIAN_POINT('',(90.146771449,82.25495122,39.4));
#9981=DIRECTION('',(0.,0.,1.));
#9982=DIRECTION('',(-1.,0.,0.));
#9983=AXIS2_PLACEMENT_3D('',#9980,#9981,#9982);
#9984=CIRCLE('',#9983,1.);
#9985=EDGE_CURVE('',#8223,#7838,#9984,.T.);
#9986=ORIENTED_EDGE('',*,*,#9985,.T.);
#9987=ORIENTED_EDGE('',*,*,#7843,.T.);
#9988=ORIENTED_EDGE('',*,*,#7820,.T.);
#9989=CARTESIAN_POINT('',(117.823755913,76.651250292,39.4));
#9990=DIRECTION('',(-0.707106781,0.707106781,-0.));
#9991=VECTOR('',#9990,17.830952438);
#9992=LINE('',#9989,#9991);
#9993=EDGE_CURVE('',#9826,#7807,#9992,.T.);
#9994=ORIENTED_EDGE('',*,*,#9993,.F.);
#9995=ORIENTED_EDGE('',*,*,#9831,.F.);
#9996=CARTESIAN_POINT('',(109.458009215,89.259637677,39.4));
#9997=DIRECTION('',(0.707106781,-0.707106781,0.));
#9998=VECTOR('',#9997,14.830952438);
#9999=LINE('',#9996,#9998);
#10000=EDGE_CURVE('',#1217,#9818,#9999,.T.);
#10001=ORIENTED_EDGE('',*,*,#10000,.F.);
#10002=ORIENTED_EDGE('',*,*,#1224,.T.);
#10003=ORIENTED_EDGE('',*,*,#1860,.T.);
#10004=ORIENTED_EDGE('',*,*,#9454,.T.);
#10005=ORIENTED_EDGE('',*,*,#1737,.T.);
#10006=ORIENTED_EDGE('',*,*,#1827,.T.);
#10007=ORIENTED_EDGE('',*,*,#1682,.T.);
#10008=ORIENTED_EDGE('',*,*,#1718,.T.);
#10009=ORIENTED_EDGE('',*,*,#1791,.T.);
#10010=CARTESIAN_POINT('',(118.142071255,137.359637677,39.4));
#10011=DIRECTION('',(-1.,0.,-0.));
#10012=VECTOR('',#10011,2.4);
#10013=LINE('',#10010,#10012);
#10014=EDGE_CURVE('',#1871,#1780,#10013,.T.);
#10015=ORIENTED_EDGE('',*,*,#10014,.F.);
#10016=ORIENTED_EDGE('',*,*,#1876,.T.);
#10017=ORIENTED_EDGE('',*,*,#1280,.T.);
#10018=ORIENTED_EDGE('',*,*,#5454,.T.);
#10019=ORIENTED_EDGE('',*,*,#9589,.T.);
#10020=ORIENTED_EDGE('',*,*,#9661,.F.);
#10021=ORIENTED_EDGE('',*,*,#8298,.T.);
#10022=ORIENTED_EDGE('',*,*,#8268,.T.);
#10023=CARTESIAN_POINT('',(90.146771449,162.264324135,39.4));
#10024=DIRECTION('',(0.,0.,1.));
#10025=DIRECTION('',(-1.,0.,0.));
#10026=AXIS2_PLACEMENT_3D('',#10023,#10024,#10025);
#10027=CIRCLE('',#10026,1.);
#10028=EDGE_CURVE('',#8255,#8231,#10027,.T.);
#10029=ORIENTED_EDGE('',*,*,#10028,.T.);
#10030=EDGE_LOOP('',(#9979,#9986,#9987,#9988,#9994,#9995,#10001,#10002,#10003,#10004,#10005,#10006,#10007,#10008,#10009,#10015,#10016,#10017,#10018,#10019,#10020,#10021,#10022,#10029));
#10031=FACE_BOUND('',#10030,.T.);
#10032=ADVANCED_FACE('',(#9928,#9978,#10031),#9878,.F.);
#10033=CARTESIAN_POINT('',(107.118786204,91.598860688,2.));
#10034=DIRECTION('',(-0.707106781,-0.707106781,0.));
#10035=DIRECTION('',(-0.,-0.,-1.));
#10036=AXIS2_PLACEMENT_3D('',#10033,#10034,#10035);
#10037=PLANE('',#10036);
#10038=ORIENTED_EDGE('',*,*,#2580,.F.);
#10039=CARTESIAN_POINT('',(109.458009214,89.259637676,4.4));
#10040=DIRECTION('',(0.707106781,-0.707106781,0.));
#10041=VECTOR('',#10040,41.05601743);
#10042=LINE('',#10039,#10041);
#10043=EDGE_CURVE('',#1227,#2569,#10042,.T.);
#10044=ORIENTED_EDGE('',*,*,#10043,.F.);
#10045=ORIENTED_EDGE('',*,*,#1232,.F.);
#10046=ORIENTED_EDGE('',*,*,#10000,.T.);
#10047=ORIENTED_EDGE('',*,*,#9823,.F.);
#10048=ORIENTED_EDGE('',*,*,#9860,.F.);
#10049=ORIENTED_EDGE('',*,*,#9790,.F.);
#10050=ORIENTED_EDGE('',*,*,#1191,.T.);
#10051=EDGE_LOOP('',(#10038,#10044,#10045,#10046,#10047,#10048,#10049,#10050));
#10052=FACE_BOUND('',#10051,.T.);
#10053=ORIENTED_EDGE('',*,*,#9716,.F.);
#10054=ORIENTED_EDGE('',*,*,#9723,.F.);
#10055=EDGE_LOOP('',(#10053,#10054));
#10056=FACE_BOUND('',#10055,.T.);
#10057=ORIENTED_EDGE('',*,*,#9767,.F.);
#10058=ORIENTED_EDGE('',*,*,#9774,.F.);
#10059=EDGE_LOOP('',(#10057,#10058));
#10060=FACE_BOUND('',#10059,.T.);
#10061=ADVANCED_FACE('',(#10052,#10056,#10060),#10037,.F.);
#10062=CARTESIAN_POINT('',(136.276864658,58.198141547,2.));
#10063=DIRECTION('',(0.707106781,0.707106781,-0.));
#10064=DIRECTION('',(0.,0.,1.));
#10065=AXIS2_PLACEMENT_3D('',#10062,#10063,#10064);
#10066=PLANE('',#10065);
#10067=ORIENTED_EDGE('',*,*,#9699,.T.);
#10068=ORIENTED_EDGE('',*,*,#9706,.T.);
#10069=EDGE_LOOP('',(#10067,#10068));
#10070=FACE_BOUND('',#10069,.T.);
#10071=ORIENTED_EDGE('',*,*,#9750,.T.);
#10072=ORIENTED_EDGE('',*,*,#9757,.T.);
#10073=EDGE_LOOP('',(#10071,#10072));
#10074=FACE_BOUND('',#10073,.T.);
#10075=ORIENTED_EDGE('',*,*,#519,.T.);
#10076=ORIENTED_EDGE('',*,*,#1205,.T.);
#10077=ORIENTED_EDGE('',*,*,#9804,.T.);
#10078=ORIENTED_EDGE('',*,*,#9868,.T.);
#10079=ORIENTED_EDGE('',*,*,#9839,.T.);
#10080=ORIENTED_EDGE('',*,*,#9993,.T.);
#10081=ORIENTED_EDGE('',*,*,#7812,.T.);
#10082=ORIENTED_EDGE('',*,*,#2739,.F.);
#10083=EDGE_LOOP('',(#10075,#10076,#10077,#10078,#10079,#10080,#10081,#10082));
#10084=FACE_BOUND('',#10083,.T.);
#10085=ADVANCED_FACE('',(#10070,#10074,#10084),#10066,.F.);
#10086=CARTESIAN_POINT('',(209.394084075,69.933735871,18.75));
#10087=DIRECTION('',(0.707106781,-0.707106781,0.));
#10088=DIRECTION('',(-0.707106781,-0.707106781,0.));
#10089=AXIS2_PLACEMENT_3D('',#10086,#10087,#10088);
#10090=CYLINDRICAL_SURFACE('',#10089,1.8);
#10091=CARTESIAN_POINT('',(210.242612213,66.539623321,18.75));
#10092=DIRECTION('',(-0.707106781,0.707106781,-0.));
#10093=VECTOR('',#10092,3.);
#10094=LINE('',#10091,#10093);
#10095=EDGE_CURVE('',#740,#634,#10094,.T.);
#10096=ORIENTED_EDGE('',*,*,#10095,.F.);
#10097=ORIENTED_EDGE('',*,*,#746,.F.);
#10098=ORIENTED_EDGE('',*,*,#753,.F.);
#10099=ORIENTED_EDGE('',*,*,#10095,.T.);
#10100=ORIENTED_EDGE('',*,*,#642,.T.);
#10101=ORIENTED_EDGE('',*,*,#649,.T.);
#10102=EDGE_LOOP('',(#10096,#10097,#10098,#10099,#10100,#10101));
#10103=FACE_BOUND('',#10102,.T.);
#10104=ADVANCED_FACE('',(#10103),#10090,.F.);
#10105=CARTESIAN_POINT('',(221.414899355,81.954551151,18.75));
#10106=DIRECTION('',(0.707106781,-0.707106781,0.));
#10107=DIRECTION('',(-0.707106781,-0.707106781,0.));
#10108=AXIS2_PLACEMENT_3D('',#10105,#10106,#10107);
#10109=CYLINDRICAL_SURFACE('',#10108,1.8);
#10110=CARTESIAN_POINT('',(222.263427493,78.560438601,18.75));
#10111=DIRECTION('',(-0.707106781,0.707106781,-0.));
#10112=VECTOR('',#10111,3.);
#10113=LINE('',#10110,#10112);
#10114=EDGE_CURVE('',#720,#614,#10113,.T.);
#10115=ORIENTED_EDGE('',*,*,#10114,.F.);
#10116=ORIENTED_EDGE('',*,*,#726,.F.);
#10117=ORIENTED_EDGE('',*,*,#733,.F.);
#10118=ORIENTED_EDGE('',*,*,#10114,.T.);
#10119=ORIENTED_EDGE('',*,*,#622,.T.);
#10120=ORIENTED_EDGE('',*,*,#629,.T.);
#10121=EDGE_LOOP('',(#10115,#10116,#10117,#10118,#10119,#10120));
#10122=FACE_BOUND('',#10121,.T.);
#10123=ADVANCED_FACE('',(#10122),#10109,.F.);
#10124=CARTESIAN_POINT('',(216.425868177,80.579621299,39.4));
#10125=DIRECTION('',(-0.707106781,-0.707106781,0.));
#10126=DIRECTION('',(-0.707106781,0.707106781,-0.));
#10127=AXIS2_PLACEMENT_3D('',#10124,#10125,#10126);
#10128=PLANE('',#10127);
#10129=ORIENTED_EDGE('',*,*,#684,.T.);
#10130=CARTESIAN_POINT('',(220.354239183,76.651250292,18.75));
#10131=DIRECTION('',(-0.707106781,0.707106781,-0.));
#10132=VECTOR('',#10131,3.);
#10133=LINE('',#10130,#10132);
#10134=EDGE_CURVE('',#799,#670,#10133,.T.);
#10135=ORIENTED_EDGE('',*,*,#10134,.F.);
#10136=ORIENTED_EDGE('',*,*,#804,.F.);
#10137=ORIENTED_EDGE('',*,*,#5033,.F.);
#10138=EDGE_LOOP('',(#10129,#10135,#10136,#10137));
#10139=FACE_BOUND('',#10138,.T.);
#10140=ADVANCED_FACE('',(#10139),#10128,.T.);
#10141=CARTESIAN_POINT('',(210.769013927,74.922767049,18.75));
#10142=DIRECTION('',(0.707106781,0.707106781,-0.));
#10143=DIRECTION('',(0.707106781,-0.707106781,0.));
#10144=AXIS2_PLACEMENT_3D('',#10141,#10142,#10143);
#10145=PLANE('',#10144);
#10146=ORIENTED_EDGE('',*,*,#667,.T.);
#10147=ORIENTED_EDGE('',*,*,#120,.T.);
#10148=ORIENTED_EDGE('',*,*,#763,.F.);
#10149=CARTESIAN_POINT('',(212.57606459,73.115716386,18.75));
#10150=DIRECTION('',(0.707106781,-0.707106781,0.));
#10151=VECTOR('',#10150,3.);
#10152=LINE('',#10149,#10151);
#10153=EDGE_CURVE('',#662,#758,#10152,.T.);
#10154=ORIENTED_EDGE('',*,*,#10153,.F.);
#10155=EDGE_LOOP('',(#10146,#10147,#10148,#10154));
#10156=FACE_BOUND('',#10155,.T.);
#10157=ADVANCED_FACE('',(#10156),#10145,.T.);
#10158=CARTESIAN_POINT('',(169.088997547,122.259637677,39.4));
#10159=DIRECTION('',(0.,0.,1.));
#10160=DIRECTION('',(-0.707106781,0.707106781,0.));
#10161=AXIS2_PLACEMENT_3D('',#10158,#10159,#10160);
#10162=PLANE('',#10161);
#10163=ORIENTED_EDGE('',*,*,#4277,.T.);
#10164=CARTESIAN_POINT('',(209.093684006,201.201863776,39.4));
#10165=DIRECTION('',(0.,0.,1.));
#10166=DIRECTION('',(1.,0.,-0.));
#10167=AXIS2_PLACEMENT_3D('',#10164,#10165,#10166);
#10168=CIRCLE('',#10167,1.);
#10169=EDGE_CURVE('',#4264,#8729,#10168,.T.);
#10170=ORIENTED_EDGE('',*,*,#10169,.T.);
#10171=ORIENTED_EDGE('',*,*,#8737,.T.);
#10172=CARTESIAN_POINT('',(128.08431109,201.201863776,39.4));
#10173=VERTEX_POINT('',#10172);
#10174=CARTESIAN_POINT('',(129.08431109,201.201863776,39.4));
#10175=DIRECTION('',(0.,0.,1.));
#10176=DIRECTION('',(1.,0.,-0.));
#10177=AXIS2_PLACEMENT_3D('',#10174,#10175,#10176);
#10178=CIRCLE('',#10177,1.);
#10179=EDGE_CURVE('',#8731,#10173,#10178,.T.);
#10180=ORIENTED_EDGE('',*,*,#10179,.T.);
#10181=CARTESIAN_POINT('',(129.08431109,201.201863776,39.4));
#10182=DIRECTION('',(0.,0.,1.));
#10183=DIRECTION('',(1.,0.,-0.));
#10184=AXIS2_PLACEMENT_3D('',#10181,#10182,#10183);
#10185=CIRCLE('',#10184,1.);
#10186=EDGE_CURVE('',#10173,#4294,#10185,.T.);
#10187=ORIENTED_EDGE('',*,*,#10186,.T.);
#10188=ORIENTED_EDGE('',*,*,#4301,.T.);
#10189=ORIENTED_EDGE('',*,*,#8320,.T.);
#10190=ORIENTED_EDGE('',*,*,#9670,.F.);
#10191=ORIENTED_EDGE('',*,*,#9606,.F.);
#10192=ORIENTED_EDGE('',*,*,#5423,.T.);
#10193=ORIENTED_EDGE('',*,*,#4348,.T.);
#10194=ORIENTED_EDGE('',*,*,#4782,.T.);
#10195=ORIENTED_EDGE('',*,*,#4813,.T.);
#10196=ORIENTED_EDGE('',*,*,#5352,.T.);
#10197=ORIENTED_EDGE('',*,*,#4942,.T.);
#10198=ORIENTED_EDGE('',*,*,#5322,.F.);
#10199=ORIENTED_EDGE('',*,*,#4838,.T.);
#10200=EDGE_LOOP('',(#10163,#10170,#10171,#10180,#10187,#10188,#10189,#10190,#10191,#10192,#10193,#10194,#10195,#10196,#10197,#10198,#10199));
#10201=FACE_BOUND('',#10200,.T.);
#10202=CARTESIAN_POINT('',(203.537835693,203.495398258,39.4));
#10203=VERTEX_POINT('',#10202);
#10204=CARTESIAN_POINT('',(206.222386931,202.398500518,39.4));
#10205=VERTEX_POINT('',#10204);
#10206=CARTESIAN_POINT('',(203.537835693,203.495398258,39.4));
#10207=DIRECTION('',(0.925707323,-0.3782406,-0.));
#10208=VECTOR('',#10207,2.9);
#10209=LINE('',#10206,#10208);
#10210=EDGE_CURVE('',#10203,#10205,#10209,.T.);
#10211=ORIENTED_EDGE('',*,*,#10210,.T.);
#10212=CARTESIAN_POINT('',(206.614721242,199.525162078,39.4));
#10213=VERTEX_POINT('',#10212);
#10214=CARTESIAN_POINT('',(206.222386931,202.398500518,39.4));
#10215=DIRECTION('',(0.135287693,-0.990806358,0.));
#10216=VECTOR('',#10215,2.9);
#10217=LINE('',#10214,#10216);
#10218=EDGE_CURVE('',#10205,#10213,#10217,.T.);
#10219=ORIENTED_EDGE('',*,*,#10218,.T.);
#10220=CARTESIAN_POINT('',(204.322504315,197.748721379,39.4));
#10221=VERTEX_POINT('',#10220);
#10222=CARTESIAN_POINT('',(206.614721242,199.525162078,39.4));
#10223=DIRECTION('',(-0.79041963,-0.612565759,0.));
#10224=VECTOR('',#10223,2.9);
#10225=LINE('',#10222,#10224);
#10226=EDGE_CURVE('',#10213,#10221,#10225,.T.);
#10227=ORIENTED_EDGE('',*,*,#10226,.T.);
#10228=CARTESIAN_POINT('',(201.637953077,198.845619118,39.4));
#10229=VERTEX_POINT('',#10228);
#10230=CARTESIAN_POINT('',(204.322504315,197.748721379,39.4));
#10231=DIRECTION('',(-0.925707323,0.3782406,0.));
#10232=VECTOR('',#10231,2.9);
#10233=LINE('',#10230,#10232);
#10234=EDGE_CURVE('',#10221,#10229,#10233,.T.);
#10235=ORIENTED_EDGE('',*,*,#10234,.T.);
#10236=CARTESIAN_POINT('',(201.245618766,201.718957558,39.4));
#10237=VERTEX_POINT('',#10236);
#10238=CARTESIAN_POINT('',(201.637953077,198.845619118,39.4));
#10239=DIRECTION('',(-0.135287693,0.990806358,-0.));
#10240=VECTOR('',#10239,2.9);
#10241=LINE('',#10238,#10240);
#10242=EDGE_CURVE('',#10229,#10237,#10241,.T.);
#10243=ORIENTED_EDGE('',*,*,#10242,.T.);
#10244=CARTESIAN_POINT('',(201.245618766,201.718957558,39.4));
#10245=DIRECTION('',(0.79041963,0.612565759,-0.));
#10246=VECTOR('',#10245,2.9);
#10247=LINE('',#10244,#10246);
#10248=EDGE_CURVE('',#10237,#10203,#10247,.T.);
#10249=ORIENTED_EDGE('',*,*,#10248,.T.);
#10250=EDGE_LOOP('',(#10211,#10219,#10227,#10235,#10243,#10249));
#10251=FACE_BOUND('',#10250,.T.);
#10252=CARTESIAN_POINT('',(131.891451675,202.312475244,39.4));
#10253=VERTEX_POINT('',#10252);
#10254=CARTESIAN_POINT('',(134.533581086,203.507946773,39.4));
#10255=VERTEX_POINT('',#10254);
#10256=CARTESIAN_POINT('',(131.891451675,202.312475244,39.4));
#10257=DIRECTION('',(0.911079107,0.412231562,-0.));
#10258=VECTOR('',#10257,2.9);
#10259=LINE('',#10256,#10258);
#10260=EDGE_CURVE('',#10253,#10255,#10259,.T.);
#10261=ORIENTED_EDGE('',*,*,#10260,.T.);
#10262=CARTESIAN_POINT('',(136.889954504,201.817531347,39.4));
#10263=VERTEX_POINT('',#10262);
#10264=CARTESIAN_POINT('',(134.533581086,203.507946773,39.4));
#10265=DIRECTION('',(0.812542558,-0.582901871,-0.));
#10266=VECTOR('',#10265,2.9);
#10267=LINE('',#10264,#10266);
#10268=EDGE_CURVE('',#10255,#10263,#10267,.T.);
#10269=ORIENTED_EDGE('',*,*,#10268,.T.);
#10270=CARTESIAN_POINT('',(136.604198512,198.931644393,39.4));
#10271=VERTEX_POINT('',#10270);
#10272=CARTESIAN_POINT('',(136.889954504,201.817531347,39.4));
#10273=DIRECTION('',(-0.098536549,-0.995133433,0.));
#10274=VECTOR('',#10273,2.9);
#10275=LINE('',#10272,#10274);
#10276=EDGE_CURVE('',#10263,#10271,#10275,.T.);
#10277=ORIENTED_EDGE('',*,*,#10276,.T.);
#10278=CARTESIAN_POINT('',(133.962069101,197.736172864,39.4));
#10279=VERTEX_POINT('',#10278);
#10280=CARTESIAN_POINT('',(136.604198512,198.931644393,39.4));
#10281=DIRECTION('',(-0.911079107,-0.412231562,0.));
#10282=VECTOR('',#10281,2.9);
#10283=LINE('',#10280,#10282);
#10284=EDGE_CURVE('',#10271,#10279,#10283,.T.);
#10285=ORIENTED_EDGE('',*,*,#10284,.T.);
#10286=CARTESIAN_POINT('',(131.605695682,199.42658829,39.4));
#10287=VERTEX_POINT('',#10286);
#10288=CARTESIAN_POINT('',(133.962069101,197.736172864,39.4));
#10289=DIRECTION('',(-0.812542558,0.582901871,0.));
#10290=VECTOR('',#10289,2.9);
#10291=LINE('',#10288,#10290);
#10292=EDGE_CURVE('',#10279,#10287,#10291,.T.);
#10293=ORIENTED_EDGE('',*,*,#10292,.T.);
#10294=CARTESIAN_POINT('',(131.605695682,199.42658829,39.4));
#10295=DIRECTION('',(0.098536549,0.995133433,-0.));
#10296=VECTOR('',#10295,2.9);
#10297=LINE('',#10294,#10296);
#10298=EDGE_CURVE('',#10287,#10253,#10297,.T.);
#10299=ORIENTED_EDGE('',*,*,#10298,.T.);
#10300=EDGE_LOOP('',(#10261,#10269,#10277,#10285,#10293,#10299));
#10301=FACE_BOUND('',#10300,.T.);
#10302=ADVANCED_FACE('',(#10201,#10251,#10301),#10162,.T.);
#10303=CARTESIAN_POINT('',(169.088997548,122.259637678,4.4));
#10304=DIRECTION('',(0.,0.,1.));
#10305=DIRECTION('',(-0.707106781,-0.707106781,0.));
#10306=AXIS2_PLACEMENT_3D('',#10303,#10304,#10305);
#10307=PLANE('',#10306);
#10308=ORIENTED_EDGE('',*,*,#1820,.F.);
#10309=ORIENTED_EDGE('',*,*,#1800,.F.);
#10310=ORIENTED_EDGE('',*,*,#1704,.F.);
#10311=ORIENTED_EDGE('',*,*,#1665,.F.);
#10312=EDGE_LOOP('',(#10308,#10309,#10310,#10311));
#10313=FACE_BOUND('',#10312,.T.);
#10314=ADVANCED_FACE('',(#10313),#10307,.T.);
#10315=CARTESIAN_POINT('',(215.404491715,75.944143511,18.75));
#10316=DIRECTION('',(0.707106781,-0.707106781,0.));
#10317=DIRECTION('',(-0.707106781,-0.707106781,0.));
#10318=AXIS2_PLACEMENT_3D('',#10315,#10316,#10317);
#10319=CYLINDRICAL_SURFACE('',#10318,4.);
#10320=ORIENTED_EDGE('',*,*,#676,.T.);
#10321=ORIENTED_EDGE('',*,*,#10153,.T.);
#10322=ORIENTED_EDGE('',*,*,#811,.F.);
#10323=ORIENTED_EDGE('',*,*,#10134,.T.);
#10324=EDGE_LOOP('',(#10320,#10321,#10322,#10323));
#10325=FACE_BOUND('',#10324,.T.);
#10326=ADVANCED_FACE('',(#10325),#10319,.F.);
#10327=CARTESIAN_POINT('',(169.088997548,122.259637678,4.4));
#10328=DIRECTION('',(0.,0.,1.));
#10329=DIRECTION('',(-0.707106781,-0.707106781,0.));
#10330=AXIS2_PLACEMENT_3D('',#10327,#10328,#10329);
#10331=PLANE('',#10330);
#10332=ORIENTED_EDGE('',*,*,#2487,.F.);
#10333=ORIENTED_EDGE('',*,*,#2467,.F.);
#10334=ORIENTED_EDGE('',*,*,#2395,.F.);
#10335=ORIENTED_EDGE('',*,*,#2356,.F.);
#10336=EDGE_LOOP('',(#10332,#10333,#10334,#10335));
#10337=FACE_BOUND('',#10336,.T.);
#10338=ADVANCED_FACE('',(#10337),#10331,.T.);
#10339=CARTESIAN_POINT('',(169.088997548,122.259637678,4.4));
#10340=DIRECTION('',(0.,0.,1.));
#10341=DIRECTION('',(-0.707106781,-0.707106781,0.));
#10342=AXIS2_PLACEMENT_3D('',#10339,#10340,#10341);
#10343=PLANE('',#10342);
#10344=ORIENTED_EDGE('',*,*,#901,.F.);
#10345=ORIENTED_EDGE('',*,*,#908,.F.);
#10346=EDGE_LOOP('',(#10344,#10345));
#10347=FACE_BOUND('',#10346,.T.);
#10348=ORIENTED_EDGE('',*,*,#581,.F.);
#10349=ORIENTED_EDGE('',*,*,#550,.F.);
#10350=ORIENTED_EDGE('',*,*,#221,.F.);
#10351=ORIENTED_EDGE('',*,*,#174,.F.);
#10352=ORIENTED_EDGE('',*,*,#261,.F.);
#10353=ORIENTED_EDGE('',*,*,#603,.F.);
#10354=EDGE_LOOP('',(#10348,#10349,#10350,#10351,#10352,#10353));
#10355=FACE_BOUND('',#10354,.T.);
#10356=ADVANCED_FACE('',(#10347,#10355),#10343,.T.);
#10357=CARTESIAN_POINT('',(169.088997548,122.259637678,4.4));
#10358=DIRECTION('',(0.,0.,1.));
#10359=DIRECTION('',(-0.707106781,-0.707106781,0.));
#10360=AXIS2_PLACEMENT_3D('',#10357,#10358,#10359);
#10361=PLANE('',#10360);
#10362=ORIENTED_EDGE('',*,*,#7795,.T.);
#10363=ORIENTED_EDGE('',*,*,#7723,.T.);
#10364=ORIENTED_EDGE('',*,*,#7753,.T.);
#10365=ORIENTED_EDGE('',*,*,#7777,.T.);
#10366=EDGE_LOOP('',(#10362,#10363,#10364,#10365));
#10367=FACE_BOUND('',#10366,.T.);
#10368=ORIENTED_EDGE('',*,*,#7697,.T.);
#10369=ORIENTED_EDGE('',*,*,#7625,.T.);
#10370=ORIENTED_EDGE('',*,*,#7655,.T.);
#10371=ORIENTED_EDGE('',*,*,#7679,.T.);
#10372=EDGE_LOOP('',(#10368,#10369,#10370,#10371));
#10373=FACE_BOUND('',#10372,.T.);
#10374=ORIENTED_EDGE('',*,*,#7599,.T.);
#10375=ORIENTED_EDGE('',*,*,#7527,.T.);
#10376=ORIENTED_EDGE('',*,*,#7557,.T.);
#10377=ORIENTED_EDGE('',*,*,#7581,.T.);
#10378=EDGE_LOOP('',(#10374,#10375,#10376,#10377));
#10379=FACE_BOUND('',#10378,.T.);
#10380=CARTESIAN_POINT('',(169.088997548,122.259637677,4.4));
#10381=DIRECTION('',(-0.,-0.,-1.));
#10382=DIRECTION('',(0.707106781,0.707106781,-0.));
#10383=AXIS2_PLACEMENT_3D('',#10380,#10381,#10382);
#10384=CIRCLE('',#10383,40.887301629);
#10385=EDGE_CURVE('',#7458,#7488,#10384,.T.);
#10386=ORIENTED_EDGE('',*,*,#10385,.T.);
#10387=ORIENTED_EDGE('',*,*,#7502,.T.);
#10388=ORIENTED_EDGE('',*,*,#7415,.T.);
#10389=ORIENTED_EDGE('',*,*,#7444,.T.);
#10390=CARTESIAN_POINT('',(169.088997548,122.259637677,4.4));
#10391=DIRECTION('',(0.,0.,1.));
#10392=DIRECTION('',(0.707106781,0.707106781,-0.));
#10393=AXIS2_PLACEMENT_3D('',#10390,#10391,#10392);
#10394=CIRCLE('',#10393,37.887301629);
#10395=EDGE_CURVE('',#7432,#7466,#10394,.T.);
#10396=ORIENTED_EDGE('',*,*,#10395,.T.);
#10397=ORIENTED_EDGE('',*,*,#7471,.T.);
#10398=EDGE_LOOP('',(#10386,#10387,#10388,#10389,#10396,#10397));
#10399=FACE_BOUND('',#10398,.T.);
#10400=ORIENTED_EDGE('',*,*,#7389,.T.);
#10401=ORIENTED_EDGE('',*,*,#7317,.T.);
#10402=ORIENTED_EDGE('',*,*,#7347,.T.);
#10403=ORIENTED_EDGE('',*,*,#7371,.T.);
#10404=EDGE_LOOP('',(#10400,#10401,#10402,#10403));
#10405=FACE_BOUND('',#10404,.T.);
#10406=ORIENTED_EDGE('',*,*,#7291,.T.);
#10407=ORIENTED_EDGE('',*,*,#7219,.T.);
#10408=ORIENTED_EDGE('',*,*,#7249,.T.);
#10409=ORIENTED_EDGE('',*,*,#7273,.T.);
#10410=EDGE_LOOP('',(#10406,#10407,#10408,#10409));
#10411=FACE_BOUND('',#10410,.T.);
#10412=ORIENTED_EDGE('',*,*,#7193,.T.);
#10413=ORIENTED_EDGE('',*,*,#7121,.T.);
#10414=ORIENTED_EDGE('',*,*,#7151,.T.);
#10415=ORIENTED_EDGE('',*,*,#7175,.T.);
#10416=EDGE_LOOP('',(#10412,#10413,#10414,#10415));
#10417=FACE_BOUND('',#10416,.T.);
#10418=CARTESIAN_POINT('',(169.088997548,122.259637677,4.4));
#10419=DIRECTION('',(-0.,-0.,-1.));
#10420=DIRECTION('',(0.707106781,0.707106781,-0.));
#10421=AXIS2_PLACEMENT_3D('',#10418,#10419,#10420);
#10422=CIRCLE('',#10421,34.887301629);
#10423=EDGE_CURVE('',#7052,#7082,#10422,.T.);
#10424=ORIENTED_EDGE('',*,*,#10423,.T.);
#10425=ORIENTED_EDGE('',*,*,#7096,.T.);
#10426=ORIENTED_EDGE('',*,*,#7009,.T.);
#10427=ORIENTED_EDGE('',*,*,#7038,.T.);
#10428=CARTESIAN_POINT('',(169.088997548,122.259637677,4.4));
#10429=DIRECTION('',(0.,0.,1.));
#10430=DIRECTION('',(0.707106781,0.707106781,-0.));
#10431=AXIS2_PLACEMENT_3D('',#10428,#10429,#10430);
#10432=CIRCLE('',#10431,31.887301629);
#10433=EDGE_CURVE('',#7026,#7060,#10432,.T.);
#10434=ORIENTED_EDGE('',*,*,#10433,.T.);
#10435=ORIENTED_EDGE('',*,*,#7065,.T.);
#10436=EDGE_LOOP('',(#10424,#10425,#10426,#10427,#10434,#10435));
#10437=FACE_BOUND('',#10436,.T.);
#10438=ORIENTED_EDGE('',*,*,#6983,.T.);
#10439=ORIENTED_EDGE('',*,*,#6911,.T.);
#10440=ORIENTED_EDGE('',*,*,#6941,.T.);
#10441=ORIENTED_EDGE('',*,*,#6965,.T.);
#10442=EDGE_LOOP('',(#10438,#10439,#10440,#10441));
#10443=FACE_BOUND('',#10442,.T.);
#10444=ORIENTED_EDGE('',*,*,#6885,.T.);
#10445=ORIENTED_EDGE('',*,*,#6813,.T.);
#10446=ORIENTED_EDGE('',*,*,#6843,.T.);
#10447=ORIENTED_EDGE('',*,*,#6867,.T.);
#10448=EDGE_LOOP('',(#10444,#10445,#10446,#10447));
#10449=FACE_BOUND('',#10448,.T.);
#10450=ORIENTED_EDGE('',*,*,#6787,.T.);
#10451=ORIENTED_EDGE('',*,*,#6715,.T.);
#10452=ORIENTED_EDGE('',*,*,#6745,.T.);
#10453=ORIENTED_EDGE('',*,*,#6769,.T.);
#10454=EDGE_LOOP('',(#10450,#10451,#10452,#10453));
#10455=FACE_BOUND('',#10454,.T.);
#10456=CARTESIAN_POINT('',(169.088997548,122.259637677,4.4));
#10457=DIRECTION('',(-0.,-0.,-1.));
#10458=DIRECTION('',(0.707106781,0.707106781,-0.));
#10459=AXIS2_PLACEMENT_3D('',#10456,#10457,#10458);
#10460=CIRCLE('',#10459,28.887301629);
#10461=EDGE_CURVE('',#6646,#6676,#10460,.T.);
#10462=ORIENTED_EDGE('',*,*,#10461,.T.);
#10463=ORIENTED_EDGE('',*,*,#6690,.T.);
#10464=ORIENTED_EDGE('',*,*,#6603,.T.);
#10465=ORIENTED_EDGE('',*,*,#6632,.T.);
#10466=CARTESIAN_POINT('',(169.088997548,122.259637677,4.4));
#10467=DIRECTION('',(0.,0.,1.));
#10468=DIRECTION('',(0.707106781,0.707106781,-0.));
#10469=AXIS2_PLACEMENT_3D('',#10466,#10467,#10468);
#10470=CIRCLE('',#10469,25.887301629);
#10471=EDGE_CURVE('',#6620,#6654,#10470,.T.);
#10472=ORIENTED_EDGE('',*,*,#10471,.T.);
#10473=ORIENTED_EDGE('',*,*,#6659,.T.);
#10474=EDGE_LOOP('',(#10462,#10463,#10464,#10465,#10472,#10473));
#10475=FACE_BOUND('',#10474,.T.);
#10476=ORIENTED_EDGE('',*,*,#6577,.T.);
#10477=ORIENTED_EDGE('',*,*,#6505,.T.);
#10478=ORIENTED_EDGE('',*,*,#6535,.T.);
#10479=ORIENTED_EDGE('',*,*,#6559,.T.);
#10480=EDGE_LOOP('',(#10476,#10477,#10478,#10479));
#10481=FACE_BOUND('',#10480,.T.);
#10482=ORIENTED_EDGE('',*,*,#6479,.T.);
#10483=ORIENTED_EDGE('',*,*,#6407,.T.);
#10484=ORIENTED_EDGE('',*,*,#6437,.T.);
#10485=ORIENTED_EDGE('',*,*,#6461,.T.);
#10486=EDGE_LOOP('',(#10482,#10483,#10484,#10485));
#10487=FACE_BOUND('',#10486,.T.);
#10488=ORIENTED_EDGE('',*,*,#6381,.T.);
#10489=ORIENTED_EDGE('',*,*,#6309,.T.);
#10490=ORIENTED_EDGE('',*,*,#6339,.T.);
#10491=ORIENTED_EDGE('',*,*,#6363,.T.);
#10492=EDGE_LOOP('',(#10488,#10489,#10490,#10491));
#10493=FACE_BOUND('',#10492,.T.);
#10494=CARTESIAN_POINT('',(169.088997548,122.259637677,4.4));
#10495=DIRECTION('',(-0.,-0.,-1.));
#10496=DIRECTION('',(0.707106781,0.707106781,-0.));
#10497=AXIS2_PLACEMENT_3D('',#10494,#10495,#10496);
#10498=CIRCLE('',#10497,22.887301629);
#10499=EDGE_CURVE('',#6240,#6270,#10498,.T.);
#10500=ORIENTED_EDGE('',*,*,#10499,.T.);
#10501=ORIENTED_EDGE('',*,*,#6284,.T.);
#10502=ORIENTED_EDGE('',*,*,#6197,.T.);
#10503=ORIENTED_EDGE('',*,*,#6226,.T.);
#10504=CARTESIAN_POINT('',(169.088997548,122.259637677,4.4));
#10505=DIRECTION('',(0.,0.,1.));
#10506=DIRECTION('',(0.707106781,0.707106781,-0.));
#10507=AXIS2_PLACEMENT_3D('',#10504,#10505,#10506);
#10508=CIRCLE('',#10507,19.887301629);
#10509=EDGE_CURVE('',#6214,#6248,#10508,.T.);
#10510=ORIENTED_EDGE('',*,*,#10509,.T.);
#10511=ORIENTED_EDGE('',*,*,#6253,.T.);
#10512=EDGE_LOOP('',(#10500,#10501,#10502,#10503,#10510,#10511));
#10513=FACE_BOUND('',#10512,.T.);
#10514=ORIENTED_EDGE('',*,*,#6171,.T.);
#10515=ORIENTED_EDGE('',*,*,#6099,.T.);
#10516=ORIENTED_EDGE('',*,*,#6129,.T.);
#10517=ORIENTED_EDGE('',*,*,#6153,.T.);
#10518=EDGE_LOOP('',(#10514,#10515,#10516,#10517));
#10519=FACE_BOUND('',#10518,.T.);
#10520=ORIENTED_EDGE('',*,*,#6073,.T.);
#10521=ORIENTED_EDGE('',*,*,#6001,.T.);
#10522=ORIENTED_EDGE('',*,*,#6031,.T.);
#10523=ORIENTED_EDGE('',*,*,#6055,.T.);
#10524=EDGE_LOOP('',(#10520,#10521,#10522,#10523));
#10525=FACE_BOUND('',#10524,.T.);
#10526=ORIENTED_EDGE('',*,*,#5975,.T.);
#10527=ORIENTED_EDGE('',*,*,#5903,.T.);
#10528=ORIENTED_EDGE('',*,*,#5933,.T.);
#10529=ORIENTED_EDGE('',*,*,#5957,.T.);
#10530=EDGE_LOOP('',(#10526,#10527,#10528,#10529));
#10531=FACE_BOUND('',#10530,.T.);
#10532=CARTESIAN_POINT('',(169.088997548,122.259637677,4.4));
#10533=DIRECTION('',(-0.,-0.,-1.));
#10534=DIRECTION('',(0.707106781,0.707106781,-0.));
#10535=AXIS2_PLACEMENT_3D('',#10532,#10533,#10534);
#10536=CIRCLE('',#10535,16.887301629);
#10537=EDGE_CURVE('',#5841,#5864,#10536,.T.);
#10538=ORIENTED_EDGE('',*,*,#10537,.T.);
#10539=ORIENTED_EDGE('',*,*,#5878,.T.);
#10540=ORIENTED_EDGE('',*,*,#5823,.T.);
#10541=ORIENTED_EDGE('',*,*,#5852,.T.);
#10542=EDGE_LOOP('',(#10538,#10539,#10540,#10541));
#10543=FACE_BOUND('',#10542,.T.);
#10544=ORIENTED_EDGE('',*,*,#5797,.T.);
#10545=ORIENTED_EDGE('',*,*,#5750,.T.);
#10546=ORIENTED_EDGE('',*,*,#5779,.T.);
#10547=EDGE_LOOP('',(#10544,#10545,#10546));
#10548=FACE_BOUND('',#10547,.T.);
#10549=ORIENTED_EDGE('',*,*,#5724,.T.);
#10550=ORIENTED_EDGE('',*,*,#5677,.T.);
#10551=ORIENTED_EDGE('',*,*,#5706,.T.);
#10552=EDGE_LOOP('',(#10549,#10550,#10551));
#10553=FACE_BOUND('',#10552,.T.);
#10554=ORIENTED_EDGE('',*,*,#5651,.T.);
#10555=ORIENTED_EDGE('',*,*,#5604,.T.);
#10556=ORIENTED_EDGE('',*,*,#5633,.T.);
#10557=EDGE_LOOP('',(#10554,#10555,#10556));
#10558=FACE_BOUND('',#10557,.T.);
#10559=ORIENTED_EDGE('',*,*,#5579,.T.);
#10560=EDGE_LOOP('',(#10559));
#10561=FACE_BOUND('',#10560,.T.);
#10562=ORIENTED_EDGE('',*,*,#5554,.T.);
#10563=EDGE_LOOP('',(#10562));
#10564=FACE_BOUND('',#10563,.T.);
#10565=CARTESIAN_POINT('',(169.088997548,122.259637677,4.4));
#10566=DIRECTION('',(-0.,-0.,-1.));
#10567=DIRECTION('',(0.707106781,0.707106781,-0.));
#10568=AXIS2_PLACEMENT_3D('',#10565,#10566,#10567);
#10569=CIRCLE('',#10568,46.887301629);
#10570=EDGE_CURVE('',#4184,#4151,#10569,.T.);
#10571=ORIENTED_EDGE('',*,*,#10570,.T.);
#10572=ORIENTED_EDGE('',*,*,#4172,.T.);
#10573=ORIENTED_EDGE('',*,*,#4251,.T.);
#10574=ORIENTED_EDGE('',*,*,#4228,.T.);
#10575=CARTESIAN_POINT('',(169.088997548,122.259637677,4.4));
#10576=DIRECTION('',(0.,0.,1.));
#10577=DIRECTION('',(0.707106781,0.707106781,-0.));
#10578=AXIS2_PLACEMENT_3D('',#10575,#10576,#10577);
#10579=CIRCLE('',#10578,43.887301629);
#10580=EDGE_CURVE('',#4214,#4192,#10579,.T.);
#10581=ORIENTED_EDGE('',*,*,#10580,.T.);
#10582=ORIENTED_EDGE('',*,*,#4197,.T.);
#10583=EDGE_LOOP('',(#10571,#10572,#10573,#10574,#10581,#10582));
#10584=FACE_BOUND('',#10583,.T.);
#10585=ORIENTED_EDGE('',*,*,#10043,.T.);
#10586=ORIENTED_EDGE('',*,*,#2574,.T.);
#10587=ORIENTED_EDGE('',*,*,#9351,.T.);
#10588=ORIENTED_EDGE('',*,*,#9216,.T.);
#10589=ORIENTED_EDGE('',*,*,#9192,.T.);
#10590=ORIENTED_EDGE('',*,*,#9168,.T.);
#10591=ORIENTED_EDGE('',*,*,#408,.F.);
#10592=ORIENTED_EDGE('',*,*,#706,.T.);
#10593=ORIENTED_EDGE('',*,*,#1962,.F.);
#10594=ORIENTED_EDGE('',*,*,#2534,.F.);
#10595=ORIENTED_EDGE('',*,*,#1940,.F.);
#10596=ORIENTED_EDGE('',*,*,#5359,.T.);
#10597=ORIENTED_EDGE('',*,*,#4799,.F.);
#10598=ORIENTED_EDGE('',*,*,#4767,.F.);
#10599=ORIENTED_EDGE('',*,*,#4332,.F.);
#10600=ORIENTED_EDGE('',*,*,#5414,.T.);
#10601=ORIENTED_EDGE('',*,*,#1264,.F.);
#10602=ORIENTED_EDGE('',*,*,#1867,.F.);
#10603=ORIENTED_EDGE('',*,*,#1240,.F.);
#10604=EDGE_LOOP('',(#10585,#10586,#10587,#10588,#10589,#10590,#10591,#10592,#10593,#10594,#10595,#10596,#10597,#10598,#10599,#10600,#10601,#10602,#10603));
#10605=FACE_BOUND('',#10604,.T.);
#10606=ADVANCED_FACE('',(#10367,#10373,#10379,#10399,#10405,#10411,#10417,#10437,#10443,#10449,#10455,#10475,#10481,#10487,#10493,#10513,#10519,#10525,#10531,#10543,#10548,#10553,#10558,#10561,#10564,#10584,
#10605),#10361,.T.);
#10607=CARTESIAN_POINT('',(155.088997547,212.259637677,9.4));
#10608=DIRECTION('',(-1.,-0.,0.));
#10609=DIRECTION('',(-0.,-0.,-1.));
#10610=AXIS2_PLACEMENT_3D('',#10607,#10608,#10609);
#10611=PLANE('',#10610);
#10612=ORIENTED_EDGE('',*,*,#8429,.T.);
#10613=CARTESIAN_POINT('',(155.088997547,210.657884267,9.4));
#10614=DIRECTION('',(0.,-1.,0.));
#10615=VECTOR('',#10614,1.924204242);
#10616=LINE('',#10613,#10615);
#10617=EDGE_CURVE('',#8415,#4437,#10616,.T.);
#10618=ORIENTED_EDGE('',*,*,#10617,.T.);
#10619=ORIENTED_EDGE('',*,*,#4444,.T.);
#10620=CARTESIAN_POINT('',(155.088997547,210.657884267,34.4));
#10621=DIRECTION('',(0.,-1.,0.));
#10622=VECTOR('',#10621,1.924204242);
#10623=LINE('',#10620,#10622);
#10624=EDGE_CURVE('',#8424,#4439,#10623,.T.);
#10625=ORIENTED_EDGE('',*,*,#10624,.F.);
#10626=EDGE_LOOP('',(#10612,#10618,#10619,#10625));
#10627=FACE_BOUND('',#10626,.T.);
#10628=ADVANCED_FACE('',(#10627),#10611,.T.);
#10629=CARTESIAN_POINT('',(153.088997547,205.259637677,9.4));
#10630=DIRECTION('',(1.,0.,-0.));
#10631=DIRECTION('',(0.,0.,1.));
#10632=AXIS2_PLACEMENT_3D('',#10629,#10630,#10631);
#10633=PLANE('',#10632);
#10634=ORIENTED_EDGE('',*,*,#8412,.T.);
#10635=CARTESIAN_POINT('',(153.088997547,208.386056388,34.4));
#10636=DIRECTION('',(-0.,1.,-0.));
#10637=VECTOR('',#10636,1.931800668);
#10638=LINE('',#10635,#10637);
#10639=EDGE_CURVE('',#4456,#8407,#10638,.T.);
#10640=ORIENTED_EDGE('',*,*,#10639,.F.);
#10641=ORIENTED_EDGE('',*,*,#4461,.T.);
#10642=CARTESIAN_POINT('',(153.088997547,208.386056388,9.4));
#10643=DIRECTION('',(-0.,1.,-0.));
#10644=VECTOR('',#10643,1.931800668);
#10645=LINE('',#10642,#10644);
#10646=EDGE_CURVE('',#4447,#8405,#10645,.T.);
#10647=ORIENTED_EDGE('',*,*,#10646,.T.);
#10648=EDGE_LOOP('',(#10634,#10640,#10641,#10647));
#10649=FACE_BOUND('',#10648,.T.);
#10650=ADVANCED_FACE('',(#10649),#10633,.T.);
#10651=CARTESIAN_POINT('',(155.088997547,212.259637677,9.4));
#10652=DIRECTION('',(-0.,-0.,-1.));
#10653=DIRECTION('',(0.,-1.,0.));
#10654=AXIS2_PLACEMENT_3D('',#10651,#10652,#10653);
#10655=PLANE('',#10654);
#10656=ORIENTED_EDGE('',*,*,#10646,.F.);
#10657=ORIENTED_EDGE('',*,*,#4453,.F.);
#10658=ORIENTED_EDGE('',*,*,#10617,.F.);
#10659=ORIENTED_EDGE('',*,*,#8421,.F.);
#10660=EDGE_LOOP('',(#10656,#10657,#10658,#10659));
#10661=FACE_BOUND('',#10660,.T.);
#10662=ADVANCED_FACE('',(#10661),#10655,.F.);
#10663=CARTESIAN_POINT('',(155.088997547,212.259637677,34.4));
#10664=DIRECTION('',(-0.,-0.,-1.));
#10665=DIRECTION('',(0.,-1.,0.));
#10666=AXIS2_PLACEMENT_3D('',#10663,#10664,#10665);
#10667=PLANE('',#10666);
#10668=ORIENTED_EDGE('',*,*,#8436,.T.);
#10669=ORIENTED_EDGE('',*,*,#10624,.T.);
#10670=ORIENTED_EDGE('',*,*,#4468,.T.);
#10671=ORIENTED_EDGE('',*,*,#10639,.T.);
#10672=EDGE_LOOP('',(#10668,#10669,#10670,#10671));
#10673=FACE_BOUND('',#10672,.T.);
#10674=ADVANCED_FACE('',(#10673),#10667,.T.);
#10675=CARTESIAN_POINT('',(150.088997547,212.259637677,9.4));
#10676=DIRECTION('',(-1.,-0.,0.));
#10677=DIRECTION('',(-0.,-0.,-1.));
#10678=AXIS2_PLACEMENT_3D('',#10675,#10676,#10677);
#10679=PLANE('',#10678);
#10680=ORIENTED_EDGE('',*,*,#8393,.T.);
#10681=CARTESIAN_POINT('',(150.088997547,209.719628531,9.4));
#10682=DIRECTION('',(0.,-1.,0.));
#10683=VECTOR('',#10682,1.945313751);
#10684=LINE('',#10681,#10683);
#10685=EDGE_CURVE('',#8379,#4401,#10684,.T.);
#10686=ORIENTED_EDGE('',*,*,#10685,.T.);
#10687=ORIENTED_EDGE('',*,*,#4408,.T.);
#10688=CARTESIAN_POINT('',(150.088997547,209.719628531,34.4));
#10689=DIRECTION('',(0.,-1.,0.));
#10690=VECTOR('',#10689,1.945313751);
#10691=LINE('',#10688,#10690);
#10692=EDGE_CURVE('',#8388,#4403,#10691,.T.);
#10693=ORIENTED_EDGE('',*,*,#10692,.F.);
#10694=EDGE_LOOP('',(#10680,#10686,#10687,#10693));
#10695=FACE_BOUND('',#10694,.T.);
#10696=ADVANCED_FACE('',(#10695),#10679,.T.);
#10697=CARTESIAN_POINT('',(148.088997547,205.259637677,9.4));
#10698=DIRECTION('',(1.,0.,-0.));
#10699=DIRECTION('',(0.,0.,1.));
#10700=AXIS2_PLACEMENT_3D('',#10697,#10698,#10699);
#10701=PLANE('',#10700);
#10702=ORIENTED_EDGE('',*,*,#8376,.T.);
#10703=CARTESIAN_POINT('',(148.088997547,207.305272485,34.4));
#10704=DIRECTION('',(-0.,1.,-0.));
#10705=VECTOR('',#10704,1.955801962);
#10706=LINE('',#10703,#10705);
#10707=EDGE_CURVE('',#4420,#8371,#10706,.T.);
#10708=ORIENTED_EDGE('',*,*,#10707,.F.);
#10709=ORIENTED_EDGE('',*,*,#4425,.T.);
#10710=CARTESIAN_POINT('',(148.088997547,207.305272485,9.4));
#10711=DIRECTION('',(-0.,1.,-0.));
#10712=VECTOR('',#10711,1.955801962);
#10713=LINE('',#10710,#10712);
#10714=EDGE_CURVE('',#4411,#8369,#10713,.T.);
#10715=ORIENTED_EDGE('',*,*,#10714,.T.);
#10716=EDGE_LOOP('',(#10702,#10708,#10709,#10715));
#10717=FACE_BOUND('',#10716,.T.);
#10718=ADVANCED_FACE('',(#10717),#10701,.T.);
#10719=CARTESIAN_POINT('',(150.088997547,212.259637677,9.4));
#10720=DIRECTION('',(-0.,-0.,-1.));
#10721=DIRECTION('',(0.,-1.,0.));
#10722=AXIS2_PLACEMENT_3D('',#10719,#10720,#10721);
#10723=PLANE('',#10722);
#10724=ORIENTED_EDGE('',*,*,#10714,.F.);
#10725=ORIENTED_EDGE('',*,*,#4417,.F.);
#10726=ORIENTED_EDGE('',*,*,#10685,.F.);
#10727=ORIENTED_EDGE('',*,*,#8385,.F.);
#10728=EDGE_LOOP('',(#10724,#10725,#10726,#10727));
#10729=FACE_BOUND('',#10728,.T.);
#10730=ADVANCED_FACE('',(#10729),#10723,.F.);
#10731=CARTESIAN_POINT('',(150.088997547,212.259637677,34.4));
#10732=DIRECTION('',(-0.,-0.,-1.));
#10733=DIRECTION('',(0.,-1.,0.));
#10734=AXIS2_PLACEMENT_3D('',#10731,#10732,#10733);
#10735=PLANE('',#10734);
#10736=ORIENTED_EDGE('',*,*,#8400,.T.);
#10737=ORIENTED_EDGE('',*,*,#10692,.T.);
#10738=ORIENTED_EDGE('',*,*,#4432,.T.);
#10739=ORIENTED_EDGE('',*,*,#10707,.T.);
#10740=EDGE_LOOP('',(#10736,#10737,#10738,#10739));
#10741=FACE_BOUND('',#10740,.T.);
#10742=ADVANCED_FACE('',(#10741),#10735,.T.);
#10743=CARTESIAN_POINT('',(79.088997547,106.704082121,9.4));
#10744=DIRECTION('',(0.,-1.,0.));
#10745=DIRECTION('',(-0.,-0.,-1.));
#10746=AXIS2_PLACEMENT_3D('',#10743,#10744,#10745);
#10747=PLANE('',#10746);
#10748=ORIENTED_EDGE('',*,*,#7922,.T.);
#10749=CARTESIAN_POINT('',(80.951181082,106.704082121,9.4));
#10750=DIRECTION('',(1.,0.,-0.));
#10751=VECTOR('',#10750,1.930016984);
#10752=LINE('',#10749,#10751);
#10753=EDGE_CURVE('',#7908,#1333,#10752,.T.);
#10754=ORIENTED_EDGE('',*,*,#10753,.T.);
#10755=ORIENTED_EDGE('',*,*,#1340,.T.);
#10756=CARTESIAN_POINT('',(80.951181082,106.704082121,34.4));
#10757=DIRECTION('',(1.,0.,-0.));
#10758=VECTOR('',#10757,1.930016984);
#10759=LINE('',#10756,#10758);
#10760=EDGE_CURVE('',#7917,#1335,#10759,.T.);
#10761=ORIENTED_EDGE('',*,*,#10760,.F.);
#10762=EDGE_LOOP('',(#10748,#10754,#10755,#10761));
#10763=FACE_BOUND('',#10762,.T.);
#10764=ADVANCED_FACE('',(#10763),#10747,.T.);
#10765=CARTESIAN_POINT('',(86.088997547,104.704082121,9.4));
#10766=DIRECTION('',(-0.,1.,-0.));
#10767=DIRECTION('',(0.,0.,1.));
#10768=AXIS2_PLACEMENT_3D('',#10765,#10766,#10767);
#10769=PLANE('',#10768);
#10770=ORIENTED_EDGE('',*,*,#7905,.T.);
#10771=CARTESIAN_POINT('',(83.26614238,104.704082121,34.4));
#10772=DIRECTION('',(-1.,-0.,0.));
#10773=VECTOR('',#10772,1.938482955);
#10774=LINE('',#10771,#10773);
#10775=EDGE_CURVE('',#1352,#7900,#10774,.T.);
#10776=ORIENTED_EDGE('',*,*,#10775,.F.);
#10777=ORIENTED_EDGE('',*,*,#1357,.T.);
#10778=CARTESIAN_POINT('',(83.26614238,104.704082121,9.4));
#10779=DIRECTION('',(-1.,-0.,0.));
#10780=VECTOR('',#10779,1.938482955);
#10781=LINE('',#10778,#10780);
#10782=EDGE_CURVE('',#1343,#7898,#10781,.T.);
#10783=ORIENTED_EDGE('',*,*,#10782,.T.);
#10784=EDGE_LOOP('',(#10770,#10776,#10777,#10783));
#10785=FACE_BOUND('',#10784,.T.);
#10786=ADVANCED_FACE('',(#10785),#10769,.T.);
#10787=CARTESIAN_POINT('',(79.088997547,106.704082121,9.4));
#10788=DIRECTION('',(-0.,-0.,-1.));
#10789=DIRECTION('',(1.,0.,-0.));
#10790=AXIS2_PLACEMENT_3D('',#10787,#10788,#10789);
#10791=PLANE('',#10790);
#10792=ORIENTED_EDGE('',*,*,#10782,.F.);
#10793=ORIENTED_EDGE('',*,*,#1349,.F.);
#10794=ORIENTED_EDGE('',*,*,#10753,.F.);
#10795=ORIENTED_EDGE('',*,*,#7914,.F.);
#10796=EDGE_LOOP('',(#10792,#10793,#10794,#10795));
#10797=FACE_BOUND('',#10796,.T.);
#10798=ADVANCED_FACE('',(#10797),#10791,.F.);
#10799=CARTESIAN_POINT('',(79.088997547,106.704082121,34.4));
#10800=DIRECTION('',(-0.,-0.,-1.));
#10801=DIRECTION('',(1.,0.,-0.));
#10802=AXIS2_PLACEMENT_3D('',#10799,#10800,#10801);
#10803=PLANE('',#10802);
#10804=ORIENTED_EDGE('',*,*,#7929,.T.);
#10805=ORIENTED_EDGE('',*,*,#10760,.T.);
#10806=ORIENTED_EDGE('',*,*,#1364,.T.);
#10807=ORIENTED_EDGE('',*,*,#10775,.T.);
#10808=EDGE_LOOP('',(#10804,#10805,#10806,#10807));
#10809=FACE_BOUND('',#10808,.T.);
#10810=ADVANCED_FACE('',(#10809),#10803,.T.);
#10811=CARTESIAN_POINT('',(79.088997547,101.704082121,9.4));
#10812=DIRECTION('',(0.,-1.,0.));
#10813=DIRECTION('',(-0.,-0.,-1.));
#10814=AXIS2_PLACEMENT_3D('',#10811,#10812,#10813);
#10815=PLANE('',#10814);
#10816=ORIENTED_EDGE('',*,*,#7886,.T.);
#10817=CARTESIAN_POINT('',(81.981482741,101.704082121,9.4));
#10818=DIRECTION('',(1.,0.,-0.));
#10819=VECTOR('',#10818,1.953365548);
#10820=LINE('',#10817,#10819);
#10821=EDGE_CURVE('',#7872,#1297,#10820,.T.);
#10822=ORIENTED_EDGE('',*,*,#10821,.T.);
#10823=ORIENTED_EDGE('',*,*,#1304,.T.);
#10824=CARTESIAN_POINT('',(81.981482741,101.704082121,34.4));
#10825=DIRECTION('',(1.,0.,-0.));
#10826=VECTOR('',#10825,1.953365548);
#10827=LINE('',#10824,#10826);
#10828=EDGE_CURVE('',#7881,#1299,#10827,.T.);
#10829=ORIENTED_EDGE('',*,*,#10828,.F.);
#10830=EDGE_LOOP('',(#10816,#10822,#10823,#10829));
#10831=FACE_BOUND('',#10830,.T.);
#10832=ADVANCED_FACE('',(#10831),#10815,.T.);
#10833=CARTESIAN_POINT('',(86.088997547,99.704082121,9.4));
#10834=DIRECTION('',(-0.,1.,-0.));
#10835=DIRECTION('',(0.,0.,1.));
#10836=AXIS2_PLACEMENT_3D('',#10833,#10834,#10835);
#10837=PLANE('',#10836);
#10838=ORIENTED_EDGE('',*,*,#7869,.T.);
#10839=CARTESIAN_POINT('',(84.442633694,99.704082121,34.4));
#10840=DIRECTION('',(-1.,-0.,0.));
#10841=VECTOR('',#10840,1.964818528);
#10842=LINE('',#10839,#10841);
#10843=EDGE_CURVE('',#1316,#7864,#10842,.T.);
#10844=ORIENTED_EDGE('',*,*,#10843,.F.);
#10845=ORIENTED_EDGE('',*,*,#1321,.T.);
#10846=CARTESIAN_POINT('',(84.442633694,99.704082121,9.4));
#10847=DIRECTION('',(-1.,-0.,0.));
#10848=VECTOR('',#10847,1.964818528);
#10849=LINE('',#10846,#10848);
#10850=EDGE_CURVE('',#1307,#7862,#10849,.T.);
#10851=ORIENTED_EDGE('',*,*,#10850,.T.);
#10852=EDGE_LOOP('',(#10838,#10844,#10845,#10851));
#10853=FACE_BOUND('',#10852,.T.);
#10854=ADVANCED_FACE('',(#10853),#10837,.T.);
#10855=CARTESIAN_POINT('',(79.088997547,101.704082121,9.4));
#10856=DIRECTION('',(-0.,-0.,-1.));
#10857=DIRECTION('',(1.,0.,-0.));
#10858=AXIS2_PLACEMENT_3D('',#10855,#10856,#10857);
#10859=PLANE('',#10858);
#10860=ORIENTED_EDGE('',*,*,#10850,.F.);
#10861=ORIENTED_EDGE('',*,*,#1313,.F.);
#10862=ORIENTED_EDGE('',*,*,#10821,.F.);
#10863=ORIENTED_EDGE('',*,*,#7878,.F.);
#10864=EDGE_LOOP('',(#10860,#10861,#10862,#10863));
#10865=FACE_BOUND('',#10864,.T.);
#10866=ADVANCED_FACE('',(#10865),#10859,.F.);
#10867=CARTESIAN_POINT('',(79.088997547,101.704082121,34.4));
#10868=DIRECTION('',(-0.,-0.,-1.));
#10869=DIRECTION('',(1.,0.,-0.));
#10870=AXIS2_PLACEMENT_3D('',#10867,#10868,#10869);
#10871=PLANE('',#10870);
#10872=ORIENTED_EDGE('',*,*,#7893,.T.);
#10873=ORIENTED_EDGE('',*,*,#10828,.T.);
#10874=ORIENTED_EDGE('',*,*,#1328,.T.);
#10875=ORIENTED_EDGE('',*,*,#10843,.T.);
#10876=EDGE_LOOP('',(#10872,#10873,#10874,#10875));
#10877=FACE_BOUND('',#10876,.T.);
#10878=ADVANCED_FACE('',(#10877),#10871,.T.);
#10879=CARTESIAN_POINT('',(259.088997547,137.815193232,9.4));
#10880=DIRECTION('',(-0.,1.,-0.));
#10881=DIRECTION('',(-0.,-0.,-1.));
#10882=AXIS2_PLACEMENT_3D('',#10879,#10880,#10881);
#10883=PLANE('',#10882);
#10884=ORIENTED_EDGE('',*,*,#8837,.T.);
#10885=CARTESIAN_POINT('',(257.226814014,137.815193232,9.4));
#10886=DIRECTION('',(-1.,-0.,0.));
#10887=VECTOR('',#10886,1.930016986);
#10888=LINE('',#10885,#10887);
#10889=EDGE_CURVE('',#8823,#2024,#10888,.T.);
#10890=ORIENTED_EDGE('',*,*,#10889,.T.);
#10891=ORIENTED_EDGE('',*,*,#2031,.T.);
#10892=CARTESIAN_POINT('',(257.226814014,137.815193232,34.4));
#10893=DIRECTION('',(-1.,-0.,0.));
#10894=VECTOR('',#10893,1.930016986);
#10895=LINE('',#10892,#10894);
#10896=EDGE_CURVE('',#8832,#2026,#10895,.T.);
#10897=ORIENTED_EDGE('',*,*,#10896,.F.);
#10898=EDGE_LOOP('',(#10884,#10890,#10891,#10897));
#10899=FACE_BOUND('',#10898,.T.);
#10900=ADVANCED_FACE('',(#10899),#10883,.T.);
#10901=CARTESIAN_POINT('',(252.088997547,139.815193232,9.4));
#10902=DIRECTION('',(0.,-1.,0.));
#10903=DIRECTION('',(0.,0.,1.));
#10904=AXIS2_PLACEMENT_3D('',#10901,#10902,#10903);
#10905=PLANE('',#10904);
#10906=ORIENTED_EDGE('',*,*,#8820,.T.);
#10907=CARTESIAN_POINT('',(254.911852715,139.815193232,34.4));
#10908=DIRECTION('',(1.,0.,-0.));
#10909=VECTOR('',#10908,1.938482956);
#10910=LINE('',#10907,#10909);
#10911=EDGE_CURVE('',#2043,#8815,#10910,.T.);
#10912=ORIENTED_EDGE('',*,*,#10911,.F.);
#10913=ORIENTED_EDGE('',*,*,#2048,.T.);
#10914=CARTESIAN_POINT('',(254.911852715,139.815193232,9.4));
#10915=DIRECTION('',(1.,0.,-0.));
#10916=VECTOR('',#10915,1.938482956);
#10917=LINE('',#10914,#10916);
#10918=EDGE_CURVE('',#2034,#8813,#10917,.T.);
#10919=ORIENTED_EDGE('',*,*,#10918,.T.);
#10920=EDGE_LOOP('',(#10906,#10912,#10913,#10919));
#10921=FACE_BOUND('',#10920,.T.);
#10922=ADVANCED_FACE('',(#10921),#10905,.T.);
#10923=CARTESIAN_POINT('',(259.088997547,137.815193232,9.4));
#10924=DIRECTION('',(-0.,-0.,-1.));
#10925=DIRECTION('',(-1.,-0.,0.));
#10926=AXIS2_PLACEMENT_3D('',#10923,#10924,#10925);
#10927=PLANE('',#10926);
#10928=ORIENTED_EDGE('',*,*,#10918,.F.);
#10929=ORIENTED_EDGE('',*,*,#2040,.F.);
#10930=ORIENTED_EDGE('',*,*,#10889,.F.);
#10931=ORIENTED_EDGE('',*,*,#8829,.F.);
#10932=EDGE_LOOP('',(#10928,#10929,#10930,#10931));
#10933=FACE_BOUND('',#10932,.T.);
#10934=ADVANCED_FACE('',(#10933),#10927,.F.);
#10935=CARTESIAN_POINT('',(259.088997547,137.815193232,34.4));
#10936=DIRECTION('',(-0.,-0.,-1.));
#10937=DIRECTION('',(-1.,-0.,0.));
#10938=AXIS2_PLACEMENT_3D('',#10935,#10936,#10937);
#10939=PLANE('',#10938);
#10940=ORIENTED_EDGE('',*,*,#8844,.T.);
#10941=ORIENTED_EDGE('',*,*,#10896,.T.);
#10942=ORIENTED_EDGE('',*,*,#2055,.T.);
#10943=ORIENTED_EDGE('',*,*,#10911,.T.);
#10944=EDGE_LOOP('',(#10940,#10941,#10942,#10943));
#10945=FACE_BOUND('',#10944,.T.);
#10946=ADVANCED_FACE('',(#10945),#10939,.T.);
#10947=CARTESIAN_POINT('',(259.088997547,142.815193232,9.4));
#10948=DIRECTION('',(-0.,1.,-0.));
#10949=DIRECTION('',(-0.,-0.,-1.));
#10950=AXIS2_PLACEMENT_3D('',#10947,#10948,#10949);
#10951=PLANE('',#10950);
#10952=ORIENTED_EDGE('',*,*,#8801,.T.);
#10953=CARTESIAN_POINT('',(256.196512355,142.815193232,9.4));
#10954=DIRECTION('',(-1.,-0.,0.));
#10955=VECTOR('',#10954,1.95336555);
#10956=LINE('',#10953,#10955);
#10957=EDGE_CURVE('',#8787,#1988,#10956,.T.);
#10958=ORIENTED_EDGE('',*,*,#10957,.T.);
#10959=ORIENTED_EDGE('',*,*,#1995,.T.);
#10960=CARTESIAN_POINT('',(256.196512355,142.815193232,34.4));
#10961=DIRECTION('',(-1.,-0.,0.));
#10962=VECTOR('',#10961,1.95336555);
#10963=LINE('',#10960,#10962);
#10964=EDGE_CURVE('',#8796,#1990,#10963,.T.);
#10965=ORIENTED_EDGE('',*,*,#10964,.F.);
#10966=EDGE_LOOP('',(#10952,#10958,#10959,#10965));
#10967=FACE_BOUND('',#10966,.T.);
#10968=ADVANCED_FACE('',(#10967),#10951,.T.);
#10969=CARTESIAN_POINT('',(252.088997547,144.815193232,9.4));
#10970=DIRECTION('',(0.,-1.,0.));
#10971=DIRECTION('',(0.,0.,1.));
#10972=AXIS2_PLACEMENT_3D('',#10969,#10970,#10971);
#10973=PLANE('',#10972);
#10974=ORIENTED_EDGE('',*,*,#8784,.T.);
#10975=CARTESIAN_POINT('',(253.735361401,144.815193232,34.4));
#10976=DIRECTION('',(1.,0.,-0.));
#10977=VECTOR('',#10976,1.96481853);
#10978=LINE('',#10975,#10977);
#10979=EDGE_CURVE('',#2007,#8779,#10978,.T.);
#10980=ORIENTED_EDGE('',*,*,#10979,.F.);
#10981=ORIENTED_EDGE('',*,*,#2012,.T.);
#10982=CARTESIAN_POINT('',(253.735361401,144.815193232,9.4));
#10983=DIRECTION('',(1.,0.,-0.));
#10984=VECTOR('',#10983,1.96481853);
#10985=LINE('',#10982,#10984);
#10986=EDGE_CURVE('',#1998,#8777,#10985,.T.);
#10987=ORIENTED_EDGE('',*,*,#10986,.T.);
#10988=EDGE_LOOP('',(#10974,#10980,#10981,#10987));
#10989=FACE_BOUND('',#10988,.T.);
#10990=ADVANCED_FACE('',(#10989),#10973,.T.);
#10991=CARTESIAN_POINT('',(259.088997547,142.815193232,9.4));
#10992=DIRECTION('',(-0.,-0.,-1.));
#10993=DIRECTION('',(-1.,-0.,0.));
#10994=AXIS2_PLACEMENT_3D('',#10991,#10992,#10993);
#10995=PLANE('',#10994);
#10996=ORIENTED_EDGE('',*,*,#10986,.F.);
#10997=ORIENTED_EDGE('',*,*,#2004,.F.);
#10998=ORIENTED_EDGE('',*,*,#10957,.F.);
#10999=ORIENTED_EDGE('',*,*,#8793,.F.);
#11000=EDGE_LOOP('',(#10996,#10997,#10998,#10999));
#11001=FACE_BOUND('',#11000,.T.);
#11002=ADVANCED_FACE('',(#11001),#10995,.F.);
#11003=CARTESIAN_POINT('',(259.088997547,142.815193232,34.4));
#11004=DIRECTION('',(-0.,-0.,-1.));
#11005=DIRECTION('',(-1.,-0.,0.));
#11006=AXIS2_PLACEMENT_3D('',#11003,#11004,#11005);
#11007=PLANE('',#11006);
#11008=ORIENTED_EDGE('',*,*,#8808,.T.);
#11009=ORIENTED_EDGE('',*,*,#10964,.T.);
#11010=ORIENTED_EDGE('',*,*,#2019,.T.);
#11011=ORIENTED_EDGE('',*,*,#10979,.T.);
#11012=EDGE_LOOP('',(#11008,#11009,#11010,#11011));
#11013=FACE_BOUND('',#11012,.T.);
#11014=ADVANCED_FACE('',(#11013),#11007,.T.);
#11015=CARTESIAN_POINT('',(145.088997547,212.259637677,9.4));
#11016=DIRECTION('',(-1.,-0.,0.));
#11017=DIRECTION('',(-0.,-0.,-1.));
#11018=AXIS2_PLACEMENT_3D('',#11015,#11016,#11017);
#11019=PLANE('',#11018);
#11020=ORIENTED_EDGE('',*,*,#8357,.T.);
#11021=CARTESIAN_POINT('',(145.088997547,208.481734613,9.4));
#11022=DIRECTION('',(0.,-1.,0.));
#11023=VECTOR('',#11022,1.973892208);
#11024=LINE('',#11021,#11023);
#11025=EDGE_CURVE('',#8343,#4365,#11024,.T.);
#11026=ORIENTED_EDGE('',*,*,#11025,.T.);
#11027=ORIENTED_EDGE('',*,*,#4372,.T.);
#11028=CARTESIAN_POINT('',(145.088997547,208.481734613,34.4));
#11029=DIRECTION('',(0.,-1.,0.));
#11030=VECTOR('',#11029,1.973892208);
#11031=LINE('',#11028,#11030);
#11032=EDGE_CURVE('',#8352,#4367,#11031,.T.);
#11033=ORIENTED_EDGE('',*,*,#11032,.F.);
#11034=EDGE_LOOP('',(#11020,#11026,#11027,#11033));
#11035=FACE_BOUND('',#11034,.T.);
#11036=ADVANCED_FACE('',(#11035),#11019,.T.);
#11037=CARTESIAN_POINT('',(143.088997547,205.259637677,9.4));
#11038=DIRECTION('',(1.,0.,-0.));
#11039=DIRECTION('',(0.,0.,1.));
#11040=AXIS2_PLACEMENT_3D('',#11037,#11038,#11039);
#11041=PLANE('',#11040);
#11042=ORIENTED_EDGE('',*,*,#8340,.T.);
#11043=CARTESIAN_POINT('',(143.088997547,205.912252699,34.4));
#11044=DIRECTION('',(-0.,1.,-0.));
#11045=VECTOR('',#11044,1.98762085);
#11046=LINE('',#11043,#11045);
#11047=EDGE_CURVE('',#4384,#8335,#11046,.T.);
#11048=ORIENTED_EDGE('',*,*,#11047,.F.);
#11049=ORIENTED_EDGE('',*,*,#4389,.T.);
#11050=CARTESIAN_POINT('',(143.088997547,205.912252699,9.4));
#11051=DIRECTION('',(-0.,1.,-0.));
#11052=VECTOR('',#11051,1.98762085);
#11053=LINE('',#11050,#11052);
#11054=EDGE_CURVE('',#4375,#8333,#11053,.T.);
#11055=ORIENTED_EDGE('',*,*,#11054,.T.);
#11056=EDGE_LOOP('',(#11042,#11048,#11049,#11055));
#11057=FACE_BOUND('',#11056,.T.);
#11058=ADVANCED_FACE('',(#11057),#11041,.T.);
#11059=CARTESIAN_POINT('',(145.088997547,212.259637677,9.4));
#11060=DIRECTION('',(-0.,-0.,-1.));
#11061=DIRECTION('',(0.,-1.,0.));
#11062=AXIS2_PLACEMENT_3D('',#11059,#11060,#11061);
#11063=PLANE('',#11062);
#11064=ORIENTED_EDGE('',*,*,#11054,.F.);
#11065=ORIENTED_EDGE('',*,*,#4381,.F.);
#11066=ORIENTED_EDGE('',*,*,#11025,.F.);
#11067=ORIENTED_EDGE('',*,*,#8349,.F.);
#11068=EDGE_LOOP('',(#11064,#11065,#11066,#11067));
#11069=FACE_BOUND('',#11068,.T.);
#11070=ADVANCED_FACE('',(#11069),#11063,.F.);
#11071=CARTESIAN_POINT('',(145.088997547,212.259637677,34.4));
#11072=DIRECTION('',(-0.,-0.,-1.));
#11073=DIRECTION('',(0.,-1.,0.));
#11074=AXIS2_PLACEMENT_3D('',#11071,#11072,#11073);
#11075=PLANE('',#11074);
#11076=ORIENTED_EDGE('',*,*,#8364,.T.);
#11077=ORIENTED_EDGE('',*,*,#11032,.T.);
#11078=ORIENTED_EDGE('',*,*,#4396,.T.);
#11079=ORIENTED_EDGE('',*,*,#11047,.T.);
#11080=EDGE_LOOP('',(#11076,#11077,#11078,#11079));
#11081=FACE_BOUND('',#11080,.T.);
#11082=ADVANCED_FACE('',(#11081),#11075,.T.);
#11083=CARTESIAN_POINT('',(79.088997547,146.704082121,9.4));
#11084=DIRECTION('',(0.,-1.,0.));
#11085=DIRECTION('',(-0.,-0.,-1.));
#11086=AXIS2_PLACEMENT_3D('',#11083,#11084,#11085);
#11087=PLANE('',#11086);
#11088=ORIENTED_EDGE('',*,*,#8210,.T.);
#11089=CARTESIAN_POINT('',(82.991848142,146.704082121,9.4));
#11090=DIRECTION('',(1.,0.,-0.));
#11091=VECTOR('',#11090,1.976824063);
#11092=LINE('',#11089,#11091);
#11093=EDGE_CURVE('',#8196,#1621,#11092,.T.);
#11094=ORIENTED_EDGE('',*,*,#11093,.T.);
#11095=ORIENTED_EDGE('',*,*,#1628,.T.);
#11096=CARTESIAN_POINT('',(82.991848142,146.704082121,34.4));
#11097=DIRECTION('',(1.,0.,-0.));
#11098=VECTOR('',#11097,1.976824063);
#11099=LINE('',#11096,#11098);
#11100=EDGE_CURVE('',#8205,#1623,#11099,.T.);
#11101=ORIENTED_EDGE('',*,*,#11100,.F.);
#11102=EDGE_LOOP('',(#11088,#11094,#11095,#11101));
#11103=FACE_BOUND('',#11102,.T.);
#11104=ADVANCED_FACE('',(#11103),#11087,.T.);
#11105=CARTESIAN_POINT('',(86.088997547,144.704082121,9.4));
#11106=DIRECTION('',(-0.,1.,-0.));
#11107=DIRECTION('',(0.,0.,1.));
#11108=AXIS2_PLACEMENT_3D('',#11105,#11106,#11107);
#11109=PLANE('',#11108);
#11110=ORIENTED_EDGE('',*,*,#8193,.T.);
#11111=CARTESIAN_POINT('',(84.413104203,144.704082121,34.4));
#11112=DIRECTION('',(-1.,-0.,0.));
#11113=VECTOR('',#11112,1.964148863);
#11114=LINE('',#11111,#11113);
#11115=EDGE_CURVE('',#1640,#8188,#11114,.T.);
#11116=ORIENTED_EDGE('',*,*,#11115,.F.);
#11117=ORIENTED_EDGE('',*,*,#1645,.T.);
#11118=CARTESIAN_POINT('',(84.413104203,144.704082121,9.4));
#11119=DIRECTION('',(-1.,-0.,0.));
#11120=VECTOR('',#11119,1.964148863);
#11121=LINE('',#11118,#11120);
#11122=EDGE_CURVE('',#1631,#8186,#11121,.T.);
#11123=ORIENTED_EDGE('',*,*,#11122,.T.);
#11124=EDGE_LOOP('',(#11110,#11116,#11117,#11123));
#11125=FACE_BOUND('',#11124,.T.);
#11126=ADVANCED_FACE('',(#11125),#11109,.T.);
#11127=CARTESIAN_POINT('',(79.088997547,146.704082121,9.4));
#11128=DIRECTION('',(-0.,-0.,-1.));
#11129=DIRECTION('',(1.,0.,-0.));
#11130=AXIS2_PLACEMENT_3D('',#11127,#11128,#11129);
#11131=PLANE('',#11130);
#11132=ORIENTED_EDGE('',*,*,#11122,.F.);
#11133=ORIENTED_EDGE('',*,*,#1637,.F.);
#11134=ORIENTED_EDGE('',*,*,#11093,.F.);
#11135=ORIENTED_EDGE('',*,*,#8202,.F.);
#11136=EDGE_LOOP('',(#11132,#11133,#11134,#11135));
#11137=FACE_BOUND('',#11136,.T.);
#11138=ADVANCED_FACE('',(#11137),#11131,.F.);
#11139=CARTESIAN_POINT('',(79.088997547,146.704082121,34.4));
#11140=DIRECTION('',(-0.,-0.,-1.));
#11141=DIRECTION('',(1.,0.,-0.));
#11142=AXIS2_PLACEMENT_3D('',#11139,#11140,#11141);
#11143=PLANE('',#11142);
#11144=ORIENTED_EDGE('',*,*,#8217,.T.);
#11145=ORIENTED_EDGE('',*,*,#11100,.T.);
#11146=ORIENTED_EDGE('',*,*,#1652,.T.);
#11147=ORIENTED_EDGE('',*,*,#11115,.T.);
#11148=EDGE_LOOP('',(#11144,#11145,#11146,#11147));
#11149=FACE_BOUND('',#11148,.T.);
#11150=ADVANCED_FACE('',(#11149),#11143,.T.);
#11151=CARTESIAN_POINT('',(79.088997547,141.704082121,9.4));
#11152=DIRECTION('',(0.,-1.,0.));
#11153=DIRECTION('',(-0.,-0.,-1.));
#11154=AXIS2_PLACEMENT_3D('',#11151,#11152,#11153);
#11155=PLANE('',#11154);
#11156=ORIENTED_EDGE('',*,*,#8174,.T.);
#11157=CARTESIAN_POINT('',(81.726742653,141.704082121,9.4));
#11158=DIRECTION('',(1.,0.,-0.));
#11159=VECTOR('',#11158,1.94753965);
#11160=LINE('',#11157,#11159);
#11161=EDGE_CURVE('',#8160,#1585,#11160,.T.);
#11162=ORIENTED_EDGE('',*,*,#11161,.T.);
#11163=ORIENTED_EDGE('',*,*,#1592,.T.);
#11164=CARTESIAN_POINT('',(81.726742653,141.704082121,34.4));
#11165=DIRECTION('',(1.,0.,-0.));
#11166=VECTOR('',#11165,1.94753965);
#11167=LINE('',#11164,#11166);
#11168=EDGE_CURVE('',#8169,#1587,#11167,.T.);
#11169=ORIENTED_EDGE('',*,*,#11168,.F.);
#11170=EDGE_LOOP('',(#11156,#11162,#11163,#11169));
#11171=FACE_BOUND('',#11170,.T.);
#11172=ADVANCED_FACE('',(#11171),#11155,.T.);
#11173=CARTESIAN_POINT('',(86.088997547,139.704082121,9.4));
#11174=DIRECTION('',(-0.,1.,-0.));
#11175=DIRECTION('',(0.,0.,1.));
#11176=AXIS2_PLACEMENT_3D('',#11173,#11174,#11175);
#11177=PLANE('',#11176);
#11178=ORIENTED_EDGE('',*,*,#8157,.T.);
#11179=CARTESIAN_POINT('',(83.243488882,139.704082121,34.4));
#11180=DIRECTION('',(-1.,-0.,0.));
#11181=VECTOR('',#11180,1.937982709);
#11182=LINE('',#11179,#11181);
#11183=EDGE_CURVE('',#1604,#8152,#11182,.T.);
#11184=ORIENTED_EDGE('',*,*,#11183,.F.);
#11185=ORIENTED_EDGE('',*,*,#1609,.T.);
#11186=CARTESIAN_POINT('',(83.243488882,139.704082121,9.4));
#11187=DIRECTION('',(-1.,-0.,0.));
#11188=VECTOR('',#11187,1.937982709);
#11189=LINE('',#11186,#11188);
#11190=EDGE_CURVE('',#1595,#8150,#11189,.T.);
#11191=ORIENTED_EDGE('',*,*,#11190,.T.);
#11192=EDGE_LOOP('',(#11178,#11184,#11185,#11191));
#11193=FACE_BOUND('',#11192,.T.);
#11194=ADVANCED_FACE('',(#11193),#11177,.T.);
#11195=CARTESIAN_POINT('',(79.088997547,141.704082121,9.4));
#11196=DIRECTION('',(-0.,-0.,-1.));
#11197=DIRECTION('',(1.,0.,-0.));
#11198=AXIS2_PLACEMENT_3D('',#11195,#11196,#11197);
#11199=PLANE('',#11198);
#11200=ORIENTED_EDGE('',*,*,#11190,.F.);
#11201=ORIENTED_EDGE('',*,*,#1601,.F.);
#11202=ORIENTED_EDGE('',*,*,#11161,.F.);
#11203=ORIENTED_EDGE('',*,*,#8166,.F.);
#11204=EDGE_LOOP('',(#11200,#11201,#11202,#11203));
#11205=FACE_BOUND('',#11204,.T.);
#11206=ADVANCED_FACE('',(#11205),#11199,.F.);
#11207=CARTESIAN_POINT('',(79.088997547,141.704082121,34.4));
#11208=DIRECTION('',(-0.,-0.,-1.));
#11209=DIRECTION('',(1.,0.,-0.));
#11210=AXIS2_PLACEMENT_3D('',#11207,#11208,#11209);
#11211=PLANE('',#11210);
#11212=ORIENTED_EDGE('',*,*,#8181,.T.);
#11213=ORIENTED_EDGE('',*,*,#11168,.T.);
#11214=ORIENTED_EDGE('',*,*,#1616,.T.);
#11215=ORIENTED_EDGE('',*,*,#11183,.T.);
#11216=EDGE_LOOP('',(#11212,#11213,#11214,#11215));
#11217=FACE_BOUND('',#11216,.T.);
#11218=ADVANCED_FACE('',(#11217),#11211,.T.);
#11219=CARTESIAN_POINT('',(79.088997547,136.704082121,9.4));
#11220=DIRECTION('',(0.,-1.,0.));
#11221=DIRECTION('',(-0.,-0.,-1.));
#11222=AXIS2_PLACEMENT_3D('',#11219,#11220,#11221);
#11223=PLANE('',#11222);
#11224=ORIENTED_EDGE('',*,*,#8138,.T.);
#11225=CARTESIAN_POINT('',(80.762285706,136.704082121,9.4));
#11226=DIRECTION('',(1.,0.,-0.));
#11227=VECTOR('',#11226,1.925797351);
#11228=LINE('',#11225,#11227);
#11229=EDGE_CURVE('',#8124,#1549,#11228,.T.);
#11230=ORIENTED_EDGE('',*,*,#11229,.T.);
#11231=ORIENTED_EDGE('',*,*,#1556,.T.);
#11232=CARTESIAN_POINT('',(80.762285706,136.704082121,34.4));
#11233=DIRECTION('',(1.,0.,-0.));
#11234=VECTOR('',#11233,1.925797351);
#11235=LINE('',#11232,#11234);
#11236=EDGE_CURVE('',#8133,#1551,#11235,.T.);
#11237=ORIENTED_EDGE('',*,*,#11236,.F.);
#11238=EDGE_LOOP('',(#11224,#11230,#11231,#11237));
#11239=FACE_BOUND('',#11238,.T.);
#11240=ADVANCED_FACE('',(#11239),#11223,.T.);
#11241=CARTESIAN_POINT('',(86.088997547,134.704082121,9.4));
#11242=DIRECTION('',(-0.,1.,-0.));
#11243=DIRECTION('',(0.,0.,1.));
#11244=AXIS2_PLACEMENT_3D('',#11241,#11242,#11243);
#11245=PLANE('',#11244);
#11246=ORIENTED_EDGE('',*,*,#8121,.T.);
#11247=CARTESIAN_POINT('',(82.377430831,134.704082121,34.4));
#11248=DIRECTION('',(-1.,-0.,0.));
#11249=VECTOR('',#11248,1.919047646);
#11250=LINE('',#11247,#11249);
#11251=EDGE_CURVE('',#1568,#8116,#11250,.T.);
#11252=ORIENTED_EDGE('',*,*,#11251,.F.);
#11253=ORIENTED_EDGE('',*,*,#1573,.T.);
#11254=CARTESIAN_POINT('',(82.377430831,134.704082121,9.4));
#11255=DIRECTION('',(-1.,-0.,0.));
#11256=VECTOR('',#11255,1.919047646);
#11257=LINE('',#11254,#11256);
#11258=EDGE_CURVE('',#1559,#8114,#11257,.T.);
#11259=ORIENTED_EDGE('',*,*,#11258,.T.);
#11260=EDGE_LOOP('',(#11246,#11252,#11253,#11259));
#11261=FACE_BOUND('',#11260,.T.);
#11262=ADVANCED_FACE('',(#11261),#11245,.T.);
#11263=CARTESIAN_POINT('',(79.088997547,136.704082121,9.4));
#11264=DIRECTION('',(-0.,-0.,-1.));
#11265=DIRECTION('',(1.,0.,-0.));
#11266=AXIS2_PLACEMENT_3D('',#11263,#11264,#11265);
#11267=PLANE('',#11266);
#11268=ORIENTED_EDGE('',*,*,#11258,.F.);
#11269=ORIENTED_EDGE('',*,*,#1565,.F.);
#11270=ORIENTED_EDGE('',*,*,#11229,.F.);
#11271=ORIENTED_EDGE('',*,*,#8130,.F.);
#11272=EDGE_LOOP('',(#11268,#11269,#11270,#11271));
#11273=FACE_BOUND('',#11272,.T.);
#11274=ADVANCED_FACE('',(#11273),#11267,.F.);
#11275=CARTESIAN_POINT('',(79.088997547,136.704082121,34.4));
#11276=DIRECTION('',(-0.,-0.,-1.));
#11277=DIRECTION('',(1.,0.,-0.));
#11278=AXIS2_PLACEMENT_3D('',#11275,#11276,#11277);
#11279=PLANE('',#11278);
#11280=ORIENTED_EDGE('',*,*,#8145,.T.);
#11281=ORIENTED_EDGE('',*,*,#11236,.T.);
#11282=ORIENTED_EDGE('',*,*,#1580,.T.);
#11283=ORIENTED_EDGE('',*,*,#11251,.T.);
#11284=EDGE_LOOP('',(#11280,#11281,#11282,#11283));
#11285=FACE_BOUND('',#11284,.T.);
#11286=ADVANCED_FACE('',(#11285),#11279,.T.);
#11287=CARTESIAN_POINT('',(79.088997547,131.704082121,9.4));
#11288=DIRECTION('',(0.,-1.,0.));
#11289=DIRECTION('',(-0.,-0.,-1.));
#11290=AXIS2_PLACEMENT_3D('',#11287,#11288,#11289);
#11291=PLANE('',#11290);
#11292=ORIENTED_EDGE('',*,*,#8102,.T.);
#11293=CARTESIAN_POINT('',(80.088702778,131.704082121,9.4));
#11294=DIRECTION('',(1.,0.,-0.));
#11295=VECTOR('',#11294,1.910901218);
#11296=LINE('',#11293,#11295);
#11297=EDGE_CURVE('',#8088,#1513,#11296,.T.);
#11298=ORIENTED_EDGE('',*,*,#11297,.T.);
#11299=ORIENTED_EDGE('',*,*,#1520,.T.);
#11300=CARTESIAN_POINT('',(80.088702778,131.704082121,34.4));
#11301=DIRECTION('',(1.,0.,-0.));
#11302=VECTOR('',#11301,1.910901218);
#11303=LINE('',#11300,#11302);
#11304=EDGE_CURVE('',#8097,#1515,#11303,.T.);
#11305=ORIENTED_EDGE('',*,*,#11304,.F.);
#11306=EDGE_LOOP('',(#11292,#11298,#11299,#11305));
#11307=FACE_BOUND('',#11306,.T.);
#11308=ADVANCED_FACE('',(#11307),#11291,.T.);
#11309=CARTESIAN_POINT('',(86.088997547,129.704082121,9.4));
#11310=DIRECTION('',(-0.,1.,-0.));
#11311=DIRECTION('',(0.,0.,1.));
#11312=AXIS2_PLACEMENT_3D('',#11309,#11310,#11311);
#11313=PLANE('',#11312);
#11314=ORIENTED_EDGE('',*,*,#8085,.T.);
#11315=CARTESIAN_POINT('',(81.80589353,129.704082121,34.4));
#11316=DIRECTION('',(-1.,-0.,0.));
#11317=VECTOR('',#11316,1.906751049);
#11318=LINE('',#11315,#11317);
#11319=EDGE_CURVE('',#1532,#8080,#11318,.T.);
#11320=ORIENTED_EDGE('',*,*,#11319,.F.);
#11321=ORIENTED_EDGE('',*,*,#1537,.T.);
#11322=CARTESIAN_POINT('',(81.80589353,129.704082121,9.4));
#11323=DIRECTION('',(-1.,-0.,0.));
#11324=VECTOR('',#11323,1.906751049);
#11325=LINE('',#11322,#11324);
#11326=EDGE_CURVE('',#1523,#8078,#11325,.T.);
#11327=ORIENTED_EDGE('',*,*,#11326,.T.);
#11328=EDGE_LOOP('',(#11314,#11320,#11321,#11327));
#11329=FACE_BOUND('',#11328,.T.);
#11330=ADVANCED_FACE('',(#11329),#11313,.T.);
#11331=CARTESIAN_POINT('',(79.088997547,131.704082121,9.4));
#11332=DIRECTION('',(-0.,-0.,-1.));
#11333=DIRECTION('',(1.,0.,-0.));
#11334=AXIS2_PLACEMENT_3D('',#11331,#11332,#11333);
#11335=PLANE('',#11334);
#11336=ORIENTED_EDGE('',*,*,#11326,.F.);
#11337=ORIENTED_EDGE('',*,*,#1529,.F.);
#11338=ORIENTED_EDGE('',*,*,#11297,.F.);
#11339=ORIENTED_EDGE('',*,*,#8094,.F.);
#11340=EDGE_LOOP('',(#11336,#11337,#11338,#11339));
#11341=FACE_BOUND('',#11340,.T.);
#11342=ADVANCED_FACE('',(#11341),#11335,.F.);
#11343=CARTESIAN_POINT('',(79.088997547,131.704082121,34.4));
#11344=DIRECTION('',(-0.,-0.,-1.));
#11345=DIRECTION('',(1.,0.,-0.));
#11346=AXIS2_PLACEMENT_3D('',#11343,#11344,#11345);
#11347=PLANE('',#11346);
#11348=ORIENTED_EDGE('',*,*,#8109,.T.);
#11349=ORIENTED_EDGE('',*,*,#11304,.T.);
#11350=ORIENTED_EDGE('',*,*,#1544,.T.);
#11351=ORIENTED_EDGE('',*,*,#11319,.T.);
#11352=EDGE_LOOP('',(#11348,#11349,#11350,#11351));
#11353=FACE_BOUND('',#11352,.T.);
#11354=ADVANCED_FACE('',(#11353),#11347,.T.);
#11355=CARTESIAN_POINT('',(79.088997547,126.704082121,9.4));
#11356=DIRECTION('',(0.,-1.,0.));
#11357=DIRECTION('',(-0.,-0.,-1.));
#11358=AXIS2_PLACEMENT_3D('',#11355,#11356,#11357);
#11359=PLANE('',#11358);
#11360=ORIENTED_EDGE('',*,*,#8066,.T.);
#11361=CARTESIAN_POINT('',(79.699418101,126.704082121,9.4));
#11362=DIRECTION('',(1.,0.,-0.));
#11363=VECTOR('',#11362,1.902398021);
#11364=LINE('',#11361,#11363);
#11365=EDGE_CURVE('',#8052,#1477,#11364,.T.);
#11366=ORIENTED_EDGE('',*,*,#11365,.T.);
#11367=ORIENTED_EDGE('',*,*,#1484,.T.);
#11368=CARTESIAN_POINT('',(79.699418101,126.704082121,34.4));
#11369=DIRECTION('',(1.,0.,-0.));
#11370=VECTOR('',#11369,1.902398021);
#11371=LINE('',#11368,#11370);
#11372=EDGE_CURVE('',#8061,#1479,#11371,.T.);
#11373=ORIENTED_EDGE('',*,*,#11372,.F.);
#11374=EDGE_LOOP('',(#11360,#11366,#11367,#11373));
#11375=FACE_BOUND('',#11374,.T.);
#11376=ADVANCED_FACE('',(#11375),#11359,.T.);
#11377=CARTESIAN_POINT('',(86.088997547,124.704082121,9.4));
#11378=DIRECTION('',(-0.,1.,-0.));
#11379=DIRECTION('',(0.,0.,1.));
#11380=AXIS2_PLACEMENT_3D('',#11377,#11378,#11379);
#11381=PLANE('',#11380);
#11382=ORIENTED_EDGE('',*,*,#8049,.T.);
#11383=CARTESIAN_POINT('',(81.523109832,124.704082121,34.4));
#11384=DIRECTION('',(-1.,-0.,0.));
#11385=VECTOR('',#11384,1.900724444);
#11386=LINE('',#11383,#11385);
#11387=EDGE_CURVE('',#1496,#8044,#11386,.T.);
#11388=ORIENTED_EDGE('',*,*,#11387,.F.);
#11389=ORIENTED_EDGE('',*,*,#1501,.T.);
#11390=CARTESIAN_POINT('',(81.523109832,124.704082121,9.4));
#11391=DIRECTION('',(-1.,-0.,0.));
#11392=VECTOR('',#11391,1.900724444);
#11393=LINE('',#11390,#11392);
#11394=EDGE_CURVE('',#1487,#8042,#11393,.T.);
#11395=ORIENTED_EDGE('',*,*,#11394,.T.);
#11396=EDGE_LOOP('',(#11382,#11388,#11389,#11395));
#11397=FACE_BOUND('',#11396,.T.);
#11398=ADVANCED_FACE('',(#11397),#11381,.T.);
#11399=CARTESIAN_POINT('',(79.088997547,126.704082121,9.4));
#11400=DIRECTION('',(-0.,-0.,-1.));
#11401=DIRECTION('',(1.,0.,-0.));
#11402=AXIS2_PLACEMENT_3D('',#11399,#11400,#11401);
#11403=PLANE('',#11402);
#11404=ORIENTED_EDGE('',*,*,#11394,.F.);
#11405=ORIENTED_EDGE('',*,*,#1493,.F.);
#11406=ORIENTED_EDGE('',*,*,#11365,.F.);
#11407=ORIENTED_EDGE('',*,*,#8058,.F.);
#11408=EDGE_LOOP('',(#11404,#11405,#11406,#11407));
#11409=FACE_BOUND('',#11408,.T.);
#11410=ADVANCED_FACE('',(#11409),#11403,.F.);
#11411=CARTESIAN_POINT('',(79.088997547,126.704082121,34.4));
#11412=DIRECTION('',(-0.,-0.,-1.));
#11413=DIRECTION('',(1.,0.,-0.));
#11414=AXIS2_PLACEMENT_3D('',#11411,#11412,#11413);
#11415=PLANE('',#11414);
#11416=ORIENTED_EDGE('',*,*,#8073,.T.);
#11417=ORIENTED_EDGE('',*,*,#11372,.T.);
#11418=ORIENTED_EDGE('',*,*,#1508,.T.);
#11419=ORIENTED_EDGE('',*,*,#11387,.T.);
#11420=EDGE_LOOP('',(#11416,#11417,#11418,#11419));
#11421=FACE_BOUND('',#11420,.T.);
#11422=ADVANCED_FACE('',(#11421),#11415,.T.);
#11423=CARTESIAN_POINT('',(79.088997547,121.704082121,9.4));
#11424=DIRECTION('',(0.,-1.,0.));
#11425=DIRECTION('',(-0.,-0.,-1.));
#11426=AXIS2_PLACEMENT_3D('',#11423,#11424,#11425);
#11427=PLANE('',#11426);
#11428=ORIENTED_EDGE('',*,*,#8030,.T.);
#11429=CARTESIAN_POINT('',(79.590721821,121.704082121,9.4));
#11430=DIRECTION('',(1.,0.,-0.));
#11431=VECTOR('',#11430,1.900037399);
#11432=LINE('',#11429,#11431);
#11433=EDGE_CURVE('',#8016,#1441,#11432,.T.);
#11434=ORIENTED_EDGE('',*,*,#11433,.T.);
#11435=ORIENTED_EDGE('',*,*,#1448,.T.);
#11436=CARTESIAN_POINT('',(79.590721821,121.704082121,34.4));
#11437=DIRECTION('',(1.,0.,-0.));
#11438=VECTOR('',#11437,1.900037399);
#11439=LINE('',#11436,#11438);
#11440=EDGE_CURVE('',#8025,#1443,#11439,.T.);
#11441=ORIENTED_EDGE('',*,*,#11440,.F.);
#11442=EDGE_LOOP('',(#11428,#11434,#11435,#11441));
#11443=FACE_BOUND('',#11442,.T.);
#11444=ADVANCED_FACE('',(#11443),#11427,.T.);
#11445=CARTESIAN_POINT('',(86.088997547,119.704082121,9.4));
#11446=DIRECTION('',(-0.,1.,-0.));
#11447=DIRECTION('',(0.,0.,1.));
#11448=AXIS2_PLACEMENT_3D('',#11445,#11446,#11447);
#11449=PLANE('',#11448);
#11450=ORIENTED_EDGE('',*,*,#8013,.T.);
#11451=CARTESIAN_POINT('',(81.526282104,119.704082121,34.4));
#11452=DIRECTION('',(-1.,-0.,0.));
#11453=VECTOR('',#11452,1.900791842);
#11454=LINE('',#11451,#11453);
#11455=EDGE_CURVE('',#1460,#8008,#11454,.T.);
#11456=ORIENTED_EDGE('',*,*,#11455,.F.);
#11457=ORIENTED_EDGE('',*,*,#1465,.T.);
#11458=CARTESIAN_POINT('',(81.526282104,119.704082121,9.4));
#11459=DIRECTION('',(-1.,-0.,0.));
#11460=VECTOR('',#11459,1.900791842);
#11461=LINE('',#11458,#11460);
#11462=EDGE_CURVE('',#1451,#8006,#11461,.T.);
#11463=ORIENTED_EDGE('',*,*,#11462,.T.);
#11464=EDGE_LOOP('',(#11450,#11456,#11457,#11463));
#11465=FACE_BOUND('',#11464,.T.);
#11466=ADVANCED_FACE('',(#11465),#11449,.T.);
#11467=CARTESIAN_POINT('',(79.088997547,121.704082121,9.4));
#11468=DIRECTION('',(-0.,-0.,-1.));
#11469=DIRECTION('',(1.,0.,-0.));
#11470=AXIS2_PLACEMENT_3D('',#11467,#11468,#11469);
#11471=PLANE('',#11470);
#11472=ORIENTED_EDGE('',*,*,#11462,.F.);
#11473=ORIENTED_EDGE('',*,*,#1457,.F.);
#11474=ORIENTED_EDGE('',*,*,#11433,.F.);
#11475=ORIENTED_EDGE('',*,*,#8022,.F.);
#11476=EDGE_LOOP('',(#11472,#11473,#11474,#11475));
#11477=FACE_BOUND('',#11476,.T.);
#11478=ADVANCED_FACE('',(#11477),#11471,.F.);
#11479=CARTESIAN_POINT('',(79.088997547,121.704082121,34.4));
#11480=DIRECTION('',(-0.,-0.,-1.));
#11481=DIRECTION('',(1.,0.,-0.));
#11482=AXIS2_PLACEMENT_3D('',#11479,#11480,#11481);
#11483=PLANE('',#11482);
#11484=ORIENTED_EDGE('',*,*,#8037,.T.);
#11485=ORIENTED_EDGE('',*,*,#11440,.T.);
#11486=ORIENTED_EDGE('',*,*,#1472,.T.);
#11487=ORIENTED_EDGE('',*,*,#11455,.T.);
#11488=EDGE_LOOP('',(#11484,#11485,#11486,#11487));
#11489=FACE_BOUND('',#11488,.T.);
#11490=ADVANCED_FACE('',(#11489),#11483,.T.);
#11491=CARTESIAN_POINT('',(79.088997547,116.704082121,9.4));
#11492=DIRECTION('',(0.,-1.,0.));
#11493=DIRECTION('',(-0.,-0.,-1.));
#11494=AXIS2_PLACEMENT_3D('',#11491,#11492,#11493);
#11495=PLANE('',#11494);
#11496=ORIENTED_EDGE('',*,*,#7994,.T.);
#11497=CARTESIAN_POINT('',(79.761589646,116.704082121,9.4));
#11498=DIRECTION('',(1.,0.,-0.));
#11499=VECTOR('',#11498,1.903750906);
#11500=LINE('',#11497,#11499);
#11501=EDGE_CURVE('',#7980,#1405,#11500,.T.);
#11502=ORIENTED_EDGE('',*,*,#11501,.T.);
#11503=ORIENTED_EDGE('',*,*,#1412,.T.);
#11504=CARTESIAN_POINT('',(79.761589646,116.704082121,34.4));
#11505=DIRECTION('',(1.,0.,-0.));
#11506=VECTOR('',#11505,1.903750906);
#11507=LINE('',#11504,#11506);
#11508=EDGE_CURVE('',#7989,#1407,#11507,.T.);
#11509=ORIENTED_EDGE('',*,*,#11508,.F.);
#11510=EDGE_LOOP('',(#11496,#11502,#11503,#11509));
#11511=FACE_BOUND('',#11510,.T.);
#11512=ADVANCED_FACE('',(#11511),#11495,.T.);
#11513=CARTESIAN_POINT('',(86.088997547,114.704082121,9.4));
#11514=DIRECTION('',(-0.,1.,-0.));
#11515=DIRECTION('',(0.,0.,1.));
#11516=AXIS2_PLACEMENT_3D('',#11513,#11514,#11515);
#11517=PLANE('',#11516);
#11518=ORIENTED_EDGE('',*,*,#7977,.T.);
#11519=CARTESIAN_POINT('',(81.815441528,114.704082121,34.4));
#11520=DIRECTION('',(-1.,-0.,0.));
#11521=VECTOR('',#11520,1.906955193);
#11522=LINE('',#11519,#11521);
#11523=EDGE_CURVE('',#1424,#7972,#11522,.T.);
#11524=ORIENTED_EDGE('',*,*,#11523,.F.);
#11525=ORIENTED_EDGE('',*,*,#1429,.T.);
#11526=CARTESIAN_POINT('',(81.815441528,114.704082121,9.4));
#11527=DIRECTION('',(-1.,-0.,0.));
#11528=VECTOR('',#11527,1.906955193);
#11529=LINE('',#11526,#11528);
#11530=EDGE_CURVE('',#1415,#7970,#11529,.T.);
#11531=ORIENTED_EDGE('',*,*,#11530,.T.);
#11532=EDGE_LOOP('',(#11518,#11524,#11525,#11531));
#11533=FACE_BOUND('',#11532,.T.);
#11534=ADVANCED_FACE('',(#11533),#11517,.T.);
#11535=CARTESIAN_POINT('',(79.088997547,116.704082121,9.4));
#11536=DIRECTION('',(-0.,-0.,-1.));
#11537=DIRECTION('',(1.,0.,-0.));
#11538=AXIS2_PLACEMENT_3D('',#11535,#11536,#11537);
#11539=PLANE('',#11538);
#11540=ORIENTED_EDGE('',*,*,#11530,.F.);
#11541=ORIENTED_EDGE('',*,*,#1421,.F.);
#11542=ORIENTED_EDGE('',*,*,#11501,.F.);
#11543=ORIENTED_EDGE('',*,*,#7986,.F.);
#11544=EDGE_LOOP('',(#11540,#11541,#11542,#11543));
#11545=FACE_BOUND('',#11544,.T.);
#11546=ADVANCED_FACE('',(#11545),#11539,.F.);
#11547=CARTESIAN_POINT('',(79.088997547,116.704082121,34.4));
#11548=DIRECTION('',(-0.,-0.,-1.));
#11549=DIRECTION('',(1.,0.,-0.));
#11550=AXIS2_PLACEMENT_3D('',#11547,#11548,#11549);
#11551=PLANE('',#11550);
#11552=ORIENTED_EDGE('',*,*,#8001,.T.);
#11553=ORIENTED_EDGE('',*,*,#11508,.T.);
#11554=ORIENTED_EDGE('',*,*,#1436,.T.);
#11555=ORIENTED_EDGE('',*,*,#11523,.T.);
#11556=EDGE_LOOP('',(#11552,#11553,#11554,#11555));
#11557=FACE_BOUND('',#11556,.T.);
#11558=ADVANCED_FACE('',(#11557),#11551,.T.);
#11559=CARTESIAN_POINT('',(79.088997547,111.704082121,9.4));
#11560=DIRECTION('',(0.,-1.,0.));
#11561=DIRECTION('',(-0.,-0.,-1.));
#11562=AXIS2_PLACEMENT_3D('',#11559,#11560,#11561);
#11563=PLANE('',#11562);
#11564=ORIENTED_EDGE('',*,*,#7958,.T.);
#11565=CARTESIAN_POINT('',(80.213633994,111.704082121,9.4));
#11566=DIRECTION('',(1.,0.,-0.));
#11567=VECTOR('',#11566,1.91364642);
#11568=LINE('',#11565,#11567);
#11569=EDGE_CURVE('',#7944,#1369,#11568,.T.);
#11570=ORIENTED_EDGE('',*,*,#11569,.T.);
#11571=ORIENTED_EDGE('',*,*,#1376,.T.);
#11572=CARTESIAN_POINT('',(80.213633994,111.704082121,34.4));
#11573=DIRECTION('',(1.,0.,-0.));
#11574=VECTOR('',#11573,1.91364642);
#11575=LINE('',#11572,#11574);
#11576=EDGE_CURVE('',#7953,#1371,#11575,.T.);
#11577=ORIENTED_EDGE('',*,*,#11576,.F.);
#11578=EDGE_LOOP('',(#11564,#11570,#11571,#11577));
#11579=FACE_BOUND('',#11578,.T.);
#11580=ADVANCED_FACE('',(#11579),#11563,.T.);
#11581=CARTESIAN_POINT('',(86.088997547,109.704082121,9.4));
#11582=DIRECTION('',(-0.,1.,-0.));
#11583=DIRECTION('',(0.,0.,1.));
#11584=AXIS2_PLACEMENT_3D('',#11581,#11582,#11583);
#11585=PLANE('',#11584);
#11586=ORIENTED_EDGE('',*,*,#7941,.T.);
#11587=CARTESIAN_POINT('',(82.393449653,109.704082121,34.4));
#11588=DIRECTION('',(-1.,-0.,0.));
#11589=VECTOR('',#11588,1.919394551);
#11590=LINE('',#11587,#11589);
#11591=EDGE_CURVE('',#1388,#7936,#11590,.T.);
#11592=ORIENTED_EDGE('',*,*,#11591,.F.);
#11593=ORIENTED_EDGE('',*,*,#1393,.T.);
#11594=CARTESIAN_POINT('',(82.393449653,109.704082121,9.4));
#11595=DIRECTION('',(-1.,-0.,0.));
#11596=VECTOR('',#11595,1.919394551);
#11597=LINE('',#11594,#11596);
#11598=EDGE_CURVE('',#1379,#7934,#11597,.T.);
#11599=ORIENTED_EDGE('',*,*,#11598,.T.);
#11600=EDGE_LOOP('',(#11586,#11592,#11593,#11599));
#11601=FACE_BOUND('',#11600,.T.);
#11602=ADVANCED_FACE('',(#11601),#11585,.T.);
#11603=CARTESIAN_POINT('',(79.088997547,111.704082121,9.4));
#11604=DIRECTION('',(-0.,-0.,-1.));
#11605=DIRECTION('',(1.,0.,-0.));
#11606=AXIS2_PLACEMENT_3D('',#11603,#11604,#11605);
#11607=PLANE('',#11606);
#11608=ORIENTED_EDGE('',*,*,#11598,.F.);
#11609=ORIENTED_EDGE('',*,*,#1385,.F.);
#11610=ORIENTED_EDGE('',*,*,#11569,.F.);
#11611=ORIENTED_EDGE('',*,*,#7950,.F.);
#11612=EDGE_LOOP('',(#11608,#11609,#11610,#11611));
#11613=FACE_BOUND('',#11612,.T.);
#11614=ADVANCED_FACE('',(#11613),#11607,.F.);
#11615=CARTESIAN_POINT('',(79.088997547,111.704082121,34.4));
#11616=DIRECTION('',(-0.,-0.,-1.));
#11617=DIRECTION('',(1.,0.,-0.));
#11618=AXIS2_PLACEMENT_3D('',#11615,#11616,#11617);
#11619=PLANE('',#11618);
#11620=ORIENTED_EDGE('',*,*,#7965,.T.);
#11621=ORIENTED_EDGE('',*,*,#11576,.T.);
#11622=ORIENTED_EDGE('',*,*,#1400,.T.);
#11623=ORIENTED_EDGE('',*,*,#11591,.T.);
#11624=EDGE_LOOP('',(#11620,#11621,#11622,#11623));
#11625=FACE_BOUND('',#11624,.T.);
#11626=ADVANCED_FACE('',(#11625),#11619,.T.);
#11627=CARTESIAN_POINT('',(259.088997547,102.815193232,9.4));
#11628=DIRECTION('',(-0.,1.,-0.));
#11629=DIRECTION('',(-0.,-0.,-1.));
#11630=AXIS2_PLACEMENT_3D('',#11627,#11628,#11629);
#11631=PLANE('',#11630);
#11632=ORIENTED_EDGE('',*,*,#9089,.T.);
#11633=CARTESIAN_POINT('',(256.451252443,102.815193232,9.4));
#11634=DIRECTION('',(-1.,-0.,0.));
#11635=VECTOR('',#11634,1.947539651);
#11636=LINE('',#11633,#11635);
#11637=EDGE_CURVE('',#9075,#2276,#11636,.T.);
#11638=ORIENTED_EDGE('',*,*,#11637,.T.);
#11639=ORIENTED_EDGE('',*,*,#2283,.T.);
#11640=CARTESIAN_POINT('',(256.451252443,102.815193232,34.4));
#11641=DIRECTION('',(-1.,-0.,0.));
#11642=VECTOR('',#11641,1.947539651);
#11643=LINE('',#11640,#11642);
#11644=EDGE_CURVE('',#9084,#2278,#11643,.T.);
#11645=ORIENTED_EDGE('',*,*,#11644,.F.);
#11646=EDGE_LOOP('',(#11632,#11638,#11639,#11645));
#11647=FACE_BOUND('',#11646,.T.);
#11648=ADVANCED_FACE('',(#11647),#11631,.T.);
#11649=CARTESIAN_POINT('',(252.088997547,104.815193232,9.4));
#11650=DIRECTION('',(0.,-1.,0.));
#11651=DIRECTION('',(0.,0.,1.));
#11652=AXIS2_PLACEMENT_3D('',#11649,#11650,#11651);
#11653=PLANE('',#11652);
#11654=ORIENTED_EDGE('',*,*,#9072,.T.);
#11655=CARTESIAN_POINT('',(254.934506213,104.815193232,34.4));
#11656=DIRECTION('',(1.,0.,-0.));
#11657=VECTOR('',#11656,1.937982711);
#11658=LINE('',#11655,#11657);
#11659=EDGE_CURVE('',#2295,#9067,#11658,.T.);
#11660=ORIENTED_EDGE('',*,*,#11659,.F.);
#11661=ORIENTED_EDGE('',*,*,#2300,.T.);
#11662=CARTESIAN_POINT('',(254.934506213,104.815193232,9.4));
#11663=DIRECTION('',(1.,0.,-0.));
#11664=VECTOR('',#11663,1.937982711);
#11665=LINE('',#11662,#11664);
#11666=EDGE_CURVE('',#2286,#9065,#11665,.T.);
#11667=ORIENTED_EDGE('',*,*,#11666,.T.);
#11668=EDGE_LOOP('',(#11654,#11660,#11661,#11667));
#11669=FACE_BOUND('',#11668,.T.);
#11670=ADVANCED_FACE('',(#11669),#11653,.T.);
#11671=CARTESIAN_POINT('',(259.088997547,102.815193232,9.4));
#11672=DIRECTION('',(-0.,-0.,-1.));
#11673=DIRECTION('',(-1.,-0.,0.));
#11674=AXIS2_PLACEMENT_3D('',#11671,#11672,#11673);
#11675=PLANE('',#11674);
#11676=ORIENTED_EDGE('',*,*,#11666,.F.);
#11677=ORIENTED_EDGE('',*,*,#2292,.F.);
#11678=ORIENTED_EDGE('',*,*,#11637,.F.);
#11679=ORIENTED_EDGE('',*,*,#9081,.F.);
#11680=EDGE_LOOP('',(#11676,#11677,#11678,#11679));
#11681=FACE_BOUND('',#11680,.T.);
#11682=ADVANCED_FACE('',(#11681),#11675,.F.);
#11683=CARTESIAN_POINT('',(259.088997547,102.815193232,34.4));
#11684=DIRECTION('',(-0.,-0.,-1.));
#11685=DIRECTION('',(-1.,-0.,0.));
#11686=AXIS2_PLACEMENT_3D('',#11683,#11684,#11685);
#11687=PLANE('',#11686);
#11688=ORIENTED_EDGE('',*,*,#9096,.T.);
#11689=ORIENTED_EDGE('',*,*,#11644,.T.);
#11690=ORIENTED_EDGE('',*,*,#2307,.T.);
#11691=ORIENTED_EDGE('',*,*,#11659,.T.);
#11692=EDGE_LOOP('',(#11688,#11689,#11690,#11691));
#11693=FACE_BOUND('',#11692,.T.);
#11694=ADVANCED_FACE('',(#11693),#11687,.T.);
#11695=CARTESIAN_POINT('',(259.088997547,107.815193232,9.4));
#11696=DIRECTION('',(-0.,1.,-0.));
#11697=DIRECTION('',(-0.,-0.,-1.));
#11698=AXIS2_PLACEMENT_3D('',#11695,#11696,#11697);
#11699=PLANE('',#11698);
#11700=ORIENTED_EDGE('',*,*,#9053,.T.);
#11701=CARTESIAN_POINT('',(257.415709389,107.815193232,9.4));
#11702=DIRECTION('',(-1.,-0.,0.));
#11703=VECTOR('',#11702,1.925797352);
#11704=LINE('',#11701,#11703);
#11705=EDGE_CURVE('',#9039,#2240,#11704,.T.);
#11706=ORIENTED_EDGE('',*,*,#11705,.T.);
#11707=ORIENTED_EDGE('',*,*,#2247,.T.);
#11708=CARTESIAN_POINT('',(257.415709389,107.815193232,34.4));
#11709=DIRECTION('',(-1.,-0.,0.));
#11710=VECTOR('',#11709,1.925797352);
#11711=LINE('',#11708,#11710);
#11712=EDGE_CURVE('',#9048,#2242,#11711,.T.);
#11713=ORIENTED_EDGE('',*,*,#11712,.F.);
#11714=EDGE_LOOP('',(#11700,#11706,#11707,#11713));
#11715=FACE_BOUND('',#11714,.T.);
#11716=ADVANCED_FACE('',(#11715),#11699,.T.);
#11717=CARTESIAN_POINT('',(252.088997547,109.815193232,9.4));
#11718=DIRECTION('',(0.,-1.,0.));
#11719=DIRECTION('',(0.,0.,1.));
#11720=AXIS2_PLACEMENT_3D('',#11717,#11718,#11719);
#11721=PLANE('',#11720);
#11722=ORIENTED_EDGE('',*,*,#9036,.T.);
#11723=CARTESIAN_POINT('',(255.800564264,109.815193232,34.4));
#11724=DIRECTION('',(1.,0.,-0.));
#11725=VECTOR('',#11724,1.919047648);
#11726=LINE('',#11723,#11725);
#11727=EDGE_CURVE('',#2259,#9031,#11726,.T.);
#11728=ORIENTED_EDGE('',*,*,#11727,.F.);
#11729=ORIENTED_EDGE('',*,*,#2264,.T.);
#11730=CARTESIAN_POINT('',(255.800564264,109.815193232,9.4));
#11731=DIRECTION('',(1.,0.,-0.));
#11732=VECTOR('',#11731,1.919047648);
#11733=LINE('',#11730,#11732);
#11734=EDGE_CURVE('',#2250,#9029,#11733,.T.);
#11735=ORIENTED_EDGE('',*,*,#11734,.T.);
#11736=EDGE_LOOP('',(#11722,#11728,#11729,#11735));
#11737=FACE_BOUND('',#11736,.T.);
#11738=ADVANCED_FACE('',(#11737),#11721,.T.);
#11739=CARTESIAN_POINT('',(259.088997547,107.815193232,9.4));
#11740=DIRECTION('',(-0.,-0.,-1.));
#11741=DIRECTION('',(-1.,-0.,0.));
#11742=AXIS2_PLACEMENT_3D('',#11739,#11740,#11741);
#11743=PLANE('',#11742);
#11744=ORIENTED_EDGE('',*,*,#11734,.F.);
#11745=ORIENTED_EDGE('',*,*,#2256,.F.);
#11746=ORIENTED_EDGE('',*,*,#11705,.F.);
#11747=ORIENTED_EDGE('',*,*,#9045,.F.);
#11748=EDGE_LOOP('',(#11744,#11745,#11746,#11747));
#11749=FACE_BOUND('',#11748,.T.);
#11750=ADVANCED_FACE('',(#11749),#11743,.F.);
#11751=CARTESIAN_POINT('',(259.088997547,107.815193232,34.4));
#11752=DIRECTION('',(-0.,-0.,-1.));
#11753=DIRECTION('',(-1.,-0.,0.));
#11754=AXIS2_PLACEMENT_3D('',#11751,#11752,#11753);
#11755=PLANE('',#11754);
#11756=ORIENTED_EDGE('',*,*,#9060,.T.);
#11757=ORIENTED_EDGE('',*,*,#11712,.T.);
#11758=ORIENTED_EDGE('',*,*,#2271,.T.);
#11759=ORIENTED_EDGE('',*,*,#11727,.T.);
#11760=EDGE_LOOP('',(#11756,#11757,#11758,#11759));
#11761=FACE_BOUND('',#11760,.T.);
#11762=ADVANCED_FACE('',(#11761),#11755,.T.);
#11763=CARTESIAN_POINT('',(259.088997547,112.815193232,9.4));
#11764=DIRECTION('',(-0.,1.,-0.));
#11765=DIRECTION('',(-0.,-0.,-1.));
#11766=AXIS2_PLACEMENT_3D('',#11763,#11764,#11765);
#11767=PLANE('',#11766);
#11768=ORIENTED_EDGE('',*,*,#9017,.T.);
#11769=CARTESIAN_POINT('',(258.089292318,112.815193232,9.4));
#11770=DIRECTION('',(-1.,-0.,0.));
#11771=VECTOR('',#11770,1.91090122);
#11772=LINE('',#11769,#11771);
#11773=EDGE_CURVE('',#9003,#2204,#11772,.T.);
#11774=ORIENTED_EDGE('',*,*,#11773,.T.);
#11775=ORIENTED_EDGE('',*,*,#2211,.T.);
#11776=CARTESIAN_POINT('',(258.089292318,112.815193232,34.4));
#11777=DIRECTION('',(-1.,-0.,0.));
#11778=VECTOR('',#11777,1.91090122);
#11779=LINE('',#11776,#11778);
#11780=EDGE_CURVE('',#9012,#2206,#11779,.T.);
#11781=ORIENTED_EDGE('',*,*,#11780,.F.);
#11782=EDGE_LOOP('',(#11768,#11774,#11775,#11781));
#11783=FACE_BOUND('',#11782,.T.);
#11784=ADVANCED_FACE('',(#11783),#11767,.T.);
#11785=CARTESIAN_POINT('',(252.088997547,114.815193232,9.4));
#11786=DIRECTION('',(0.,-1.,0.));
#11787=DIRECTION('',(0.,0.,1.));
#11788=AXIS2_PLACEMENT_3D('',#11785,#11786,#11787);
#11789=PLANE('',#11788);
#11790=ORIENTED_EDGE('',*,*,#9000,.T.);
#11791=CARTESIAN_POINT('',(256.372101565,114.815193232,34.4));
#11792=DIRECTION('',(1.,0.,-0.));
#11793=VECTOR('',#11792,1.906751051);
#11794=LINE('',#11791,#11793);
#11795=EDGE_CURVE('',#2223,#8995,#11794,.T.);
#11796=ORIENTED_EDGE('',*,*,#11795,.F.);
#11797=ORIENTED_EDGE('',*,*,#2228,.T.);
#11798=CARTESIAN_POINT('',(256.372101565,114.815193232,9.4));
#11799=DIRECTION('',(1.,0.,-0.));
#11800=VECTOR('',#11799,1.906751051);
#11801=LINE('',#11798,#11800);
#11802=EDGE_CURVE('',#2214,#8993,#11801,.T.);
#11803=ORIENTED_EDGE('',*,*,#11802,.T.);
#11804=EDGE_LOOP('',(#11790,#11796,#11797,#11803));
#11805=FACE_BOUND('',#11804,.T.);
#11806=ADVANCED_FACE('',(#11805),#11789,.T.);
#11807=CARTESIAN_POINT('',(259.088997547,112.815193232,9.4));
#11808=DIRECTION('',(-0.,-0.,-1.));
#11809=DIRECTION('',(-1.,-0.,0.));
#11810=AXIS2_PLACEMENT_3D('',#11807,#11808,#11809);
#11811=PLANE('',#11810);
#11812=ORIENTED_EDGE('',*,*,#11802,.F.);
#11813=ORIENTED_EDGE('',*,*,#2220,.F.);
#11814=ORIENTED_EDGE('',*,*,#11773,.F.);
#11815=ORIENTED_EDGE('',*,*,#9009,.F.);
#11816=EDGE_LOOP('',(#11812,#11813,#11814,#11815));
#11817=FACE_BOUND('',#11816,.T.);
#11818=ADVANCED_FACE('',(#11817),#11811,.F.);
#11819=CARTESIAN_POINT('',(259.088997547,112.815193232,34.4));
#11820=DIRECTION('',(-0.,-0.,-1.));
#11821=DIRECTION('',(-1.,-0.,0.));
#11822=AXIS2_PLACEMENT_3D('',#11819,#11820,#11821);
#11823=PLANE('',#11822);
#11824=ORIENTED_EDGE('',*,*,#9024,.T.);
#11825=ORIENTED_EDGE('',*,*,#11780,.T.);
#11826=ORIENTED_EDGE('',*,*,#2235,.T.);
#11827=ORIENTED_EDGE('',*,*,#11795,.T.);
#11828=EDGE_LOOP('',(#11824,#11825,#11826,#11827));
#11829=FACE_BOUND('',#11828,.T.);
#11830=ADVANCED_FACE('',(#11829),#11823,.T.);
#11831=CARTESIAN_POINT('',(259.088997547,117.815193232,9.4));
#11832=DIRECTION('',(-0.,1.,-0.));
#11833=DIRECTION('',(-0.,-0.,-1.));
#11834=AXIS2_PLACEMENT_3D('',#11831,#11832,#11833);
#11835=PLANE('',#11834);
#11836=ORIENTED_EDGE('',*,*,#8981,.T.);
#11837=CARTESIAN_POINT('',(258.478576994,117.815193232,9.4));
#11838=DIRECTION('',(-1.,-0.,0.));
#11839=VECTOR('',#11838,1.902398023);
#11840=LINE('',#11837,#11839);
#11841=EDGE_CURVE('',#8967,#2168,#11840,.T.);
#11842=ORIENTED_EDGE('',*,*,#11841,.T.);
#11843=ORIENTED_EDGE('',*,*,#2175,.T.);
#11844=CARTESIAN_POINT('',(258.478576994,117.815193232,34.4));
#11845=DIRECTION('',(-1.,-0.,0.));
#11846=VECTOR('',#11845,1.902398023);
#11847=LINE('',#11844,#11846);
#11848=EDGE_CURVE('',#8976,#2170,#11847,.T.);
#11849=ORIENTED_EDGE('',*,*,#11848,.F.);
#11850=EDGE_LOOP('',(#11836,#11842,#11843,#11849));
#11851=FACE_BOUND('',#11850,.T.);
#11852=ADVANCED_FACE('',(#11851),#11835,.T.);
#11853=CARTESIAN_POINT('',(252.088997547,119.815193232,9.4));
#11854=DIRECTION('',(0.,-1.,0.));
#11855=DIRECTION('',(0.,0.,1.));
#11856=AXIS2_PLACEMENT_3D('',#11853,#11854,#11855);
#11857=PLANE('',#11856);
#11858=ORIENTED_EDGE('',*,*,#8964,.T.);
#11859=CARTESIAN_POINT('',(256.654885262,119.815193232,34.4));
#11860=DIRECTION('',(1.,0.,-0.));
#11861=VECTOR('',#11860,1.900724446);
#11862=LINE('',#11859,#11861);
#11863=EDGE_CURVE('',#2187,#8959,#11862,.T.);
#11864=ORIENTED_EDGE('',*,*,#11863,.F.);
#11865=ORIENTED_EDGE('',*,*,#2192,.T.);
#11866=CARTESIAN_POINT('',(256.654885262,119.815193232,9.4));
#11867=DIRECTION('',(1.,0.,-0.));
#11868=VECTOR('',#11867,1.900724446);
#11869=LINE('',#11866,#11868);
#11870=EDGE_CURVE('',#2178,#8957,#11869,.T.);
#11871=ORIENTED_EDGE('',*,*,#11870,.T.);
#11872=EDGE_LOOP('',(#11858,#11864,#11865,#11871));
#11873=FACE_BOUND('',#11872,.T.);
#11874=ADVANCED_FACE('',(#11873),#11857,.T.);
#11875=CARTESIAN_POINT('',(259.088997547,117.815193232,9.4));
#11876=DIRECTION('',(-0.,-0.,-1.));
#11877=DIRECTION('',(-1.,-0.,0.));
#11878=AXIS2_PLACEMENT_3D('',#11875,#11876,#11877);
#11879=PLANE('',#11878);
#11880=ORIENTED_EDGE('',*,*,#11870,.F.);
#11881=ORIENTED_EDGE('',*,*,#2184,.F.);
#11882=ORIENTED_EDGE('',*,*,#11841,.F.);
#11883=ORIENTED_EDGE('',*,*,#8973,.F.);
#11884=EDGE_LOOP('',(#11880,#11881,#11882,#11883));
#11885=FACE_BOUND('',#11884,.T.);
#11886=ADVANCED_FACE('',(#11885),#11879,.F.);
#11887=CARTESIAN_POINT('',(259.088997547,117.815193232,34.4));
#11888=DIRECTION('',(-0.,-0.,-1.));
#11889=DIRECTION('',(-1.,-0.,0.));
#11890=AXIS2_PLACEMENT_3D('',#11887,#11888,#11889);
#11891=PLANE('',#11890);
#11892=ORIENTED_EDGE('',*,*,#8988,.T.);
#11893=ORIENTED_EDGE('',*,*,#11848,.T.);
#11894=ORIENTED_EDGE('',*,*,#2199,.T.);
#11895=ORIENTED_EDGE('',*,*,#11863,.T.);
#11896=EDGE_LOOP('',(#11892,#11893,#11894,#11895));
#11897=FACE_BOUND('',#11896,.T.);
#11898=ADVANCED_FACE('',(#11897),#11891,.T.);
#11899=CARTESIAN_POINT('',(259.088997547,122.815193232,9.4));
#11900=DIRECTION('',(-0.,1.,-0.));
#11901=DIRECTION('',(-0.,-0.,-1.));
#11902=AXIS2_PLACEMENT_3D('',#11899,#11900,#11901);
#11903=PLANE('',#11902);
#11904=ORIENTED_EDGE('',*,*,#8945,.T.);
#11905=CARTESIAN_POINT('',(258.587273275,122.815193232,9.4));
#11906=DIRECTION('',(-1.,-0.,0.));
#11907=VECTOR('',#11906,1.9000374);
#11908=LINE('',#11905,#11907);
#11909=EDGE_CURVE('',#8931,#2132,#11908,.T.);
#11910=ORIENTED_EDGE('',*,*,#11909,.T.);
#11911=ORIENTED_EDGE('',*,*,#2139,.T.);
#11912=CARTESIAN_POINT('',(258.587273275,122.815193232,34.4));
#11913=DIRECTION('',(-1.,-0.,0.));
#11914=VECTOR('',#11913,1.9000374);
#11915=LINE('',#11912,#11914);
#11916=EDGE_CURVE('',#8940,#2134,#11915,.T.);
#11917=ORIENTED_EDGE('',*,*,#11916,.F.);
#11918=EDGE_LOOP('',(#11904,#11910,#11911,#11917));
#11919=FACE_BOUND('',#11918,.T.);
#11920=ADVANCED_FACE('',(#11919),#11903,.T.);
#11921=CARTESIAN_POINT('',(252.088997547,124.815193232,9.4));
#11922=DIRECTION('',(0.,-1.,0.));
#11923=DIRECTION('',(0.,0.,1.));
#11924=AXIS2_PLACEMENT_3D('',#11921,#11922,#11923);
#11925=PLANE('',#11924);
#11926=ORIENTED_EDGE('',*,*,#8928,.T.);
#11927=CARTESIAN_POINT('',(256.651712991,124.815193232,34.4));
#11928=DIRECTION('',(1.,0.,-0.));
#11929=VECTOR('',#11928,1.900791843);
#11930=LINE('',#11927,#11929);
#11931=EDGE_CURVE('',#2151,#8923,#11930,.T.);
#11932=ORIENTED_EDGE('',*,*,#11931,.F.);
#11933=ORIENTED_EDGE('',*,*,#2156,.T.);
#11934=CARTESIAN_POINT('',(256.651712991,124.815193232,9.4));
#11935=DIRECTION('',(1.,0.,-0.));
#11936=VECTOR('',#11935,1.900791843);
#11937=LINE('',#11934,#11936);
#11938=EDGE_CURVE('',#2142,#8921,#11937,.T.);
#11939=ORIENTED_EDGE('',*,*,#11938,.T.);
#11940=EDGE_LOOP('',(#11926,#11932,#11933,#11939));
#11941=FACE_BOUND('',#11940,.T.);
#11942=ADVANCED_FACE('',(#11941),#11925,.T.);
#11943=CARTESIAN_POINT('',(259.088997547,122.815193232,9.4));
#11944=DIRECTION('',(-0.,-0.,-1.));
#11945=DIRECTION('',(-1.,-0.,0.));
#11946=AXIS2_PLACEMENT_3D('',#11943,#11944,#11945);
#11947=PLANE('',#11946);
#11948=ORIENTED_EDGE('',*,*,#11938,.F.);
#11949=ORIENTED_EDGE('',*,*,#2148,.F.);
#11950=ORIENTED_EDGE('',*,*,#11909,.F.);
#11951=ORIENTED_EDGE('',*,*,#8937,.F.);
#11952=EDGE_LOOP('',(#11948,#11949,#11950,#11951));
#11953=FACE_BOUND('',#11952,.T.);
#11954=ADVANCED_FACE('',(#11953),#11947,.F.);
#11955=CARTESIAN_POINT('',(259.088997547,122.815193232,34.4));
#11956=DIRECTION('',(-0.,-0.,-1.));
#11957=DIRECTION('',(-1.,-0.,0.));
#11958=AXIS2_PLACEMENT_3D('',#11955,#11956,#11957);
#11959=PLANE('',#11958);
#11960=ORIENTED_EDGE('',*,*,#8952,.T.);
#11961=ORIENTED_EDGE('',*,*,#11916,.T.);
#11962=ORIENTED_EDGE('',*,*,#2163,.T.);
#11963=ORIENTED_EDGE('',*,*,#11931,.T.);
#11964=EDGE_LOOP('',(#11960,#11961,#11962,#11963));
#11965=FACE_BOUND('',#11964,.T.);
#11966=ADVANCED_FACE('',(#11965),#11959,.T.);
#11967=CARTESIAN_POINT('',(259.088997547,127.815193232,9.4));
#11968=DIRECTION('',(-0.,1.,-0.));
#11969=DIRECTION('',(-0.,-0.,-1.));
#11970=AXIS2_PLACEMENT_3D('',#11967,#11968,#11969);
#11971=PLANE('',#11970);
#11972=ORIENTED_EDGE('',*,*,#8909,.T.);
#11973=CARTESIAN_POINT('',(258.41640545,127.815193232,9.4));
#11974=DIRECTION('',(-1.,-0.,0.));
#11975=VECTOR('',#11974,1.903750907);
#11976=LINE('',#11973,#11975);
#11977=EDGE_CURVE('',#8895,#2096,#11976,.T.);
#11978=ORIENTED_EDGE('',*,*,#11977,.T.);
#11979=ORIENTED_EDGE('',*,*,#2103,.T.);
#11980=CARTESIAN_POINT('',(258.41640545,127.815193232,34.4));
#11981=DIRECTION('',(-1.,-0.,0.));
#11982=VECTOR('',#11981,1.903750907);
#11983=LINE('',#11980,#11982);
#11984=EDGE_CURVE('',#8904,#2098,#11983,.T.);
#11985=ORIENTED_EDGE('',*,*,#11984,.F.);
#11986=EDGE_LOOP('',(#11972,#11978,#11979,#11985));
#11987=FACE_BOUND('',#11986,.T.);
#11988=ADVANCED_FACE('',(#11987),#11971,.T.);
#11989=CARTESIAN_POINT('',(252.088997547,129.815193232,9.4));
#11990=DIRECTION('',(0.,-1.,0.));
#11991=DIRECTION('',(0.,0.,1.));
#11992=AXIS2_PLACEMENT_3D('',#11989,#11990,#11991);
#11993=PLANE('',#11992);
#11994=ORIENTED_EDGE('',*,*,#8892,.T.);
#11995=CARTESIAN_POINT('',(256.362553566,129.815193232,34.4));
#11996=DIRECTION('',(1.,0.,-0.));
#11997=VECTOR('',#11996,1.906955195);
#11998=LINE('',#11995,#11997);
#11999=EDGE_CURVE('',#2115,#8887,#11998,.T.);
#12000=ORIENTED_EDGE('',*,*,#11999,.F.);
#12001=ORIENTED_EDGE('',*,*,#2120,.T.);
#12002=CARTESIAN_POINT('',(256.362553566,129.815193232,9.4));
#12003=DIRECTION('',(1.,0.,-0.));
#12004=VECTOR('',#12003,1.906955195);
#12005=LINE('',#12002,#12004);
#12006=EDGE_CURVE('',#2106,#8885,#12005,.T.);
#12007=ORIENTED_EDGE('',*,*,#12006,.T.);
#12008=EDGE_LOOP('',(#11994,#12000,#12001,#12007));
#12009=FACE_BOUND('',#12008,.T.);
#12010=ADVANCED_FACE('',(#12009),#11993,.T.);
#12011=CARTESIAN_POINT('',(259.088997547,127.815193232,9.4));
#12012=DIRECTION('',(-0.,-0.,-1.));
#12013=DIRECTION('',(-1.,-0.,0.));
#12014=AXIS2_PLACEMENT_3D('',#12011,#12012,#12013);
#12015=PLANE('',#12014);
#12016=ORIENTED_EDGE('',*,*,#12006,.F.);
#12017=ORIENTED_EDGE('',*,*,#2112,.F.);
#12018=ORIENTED_EDGE('',*,*,#11977,.F.);
#12019=ORIENTED_EDGE('',*,*,#8901,.F.);
#12020=EDGE_LOOP('',(#12016,#12017,#12018,#12019));
#12021=FACE_BOUND('',#12020,.T.);
#12022=ADVANCED_FACE('',(#12021),#12015,.F.);
#12023=CARTESIAN_POINT('',(259.088997547,127.815193232,34.4));
#12024=DIRECTION('',(-0.,-0.,-1.));
#12025=DIRECTION('',(-1.,-0.,0.));
#12026=AXIS2_PLACEMENT_3D('',#12023,#12024,#12025);
#12027=PLANE('',#12026);
#12028=ORIENTED_EDGE('',*,*,#8916,.T.);
#12029=ORIENTED_EDGE('',*,*,#11984,.T.);
#12030=ORIENTED_EDGE('',*,*,#2127,.T.);
#12031=ORIENTED_EDGE('',*,*,#11999,.T.);
#12032=EDGE_LOOP('',(#12028,#12029,#12030,#12031));
#12033=FACE_BOUND('',#12032,.T.);
#12034=ADVANCED_FACE('',(#12033),#12027,.T.);
#12035=CARTESIAN_POINT('',(259.088997547,132.815193232,9.4));
#12036=DIRECTION('',(-0.,1.,-0.));
#12037=DIRECTION('',(-0.,-0.,-1.));
#12038=AXIS2_PLACEMENT_3D('',#12035,#12036,#12037);
#12039=PLANE('',#12038);
#12040=ORIENTED_EDGE('',*,*,#8873,.T.);
#12041=CARTESIAN_POINT('',(257.964361103,132.815193232,9.4));
#12042=DIRECTION('',(-1.,-0.,0.));
#12043=VECTOR('',#12042,1.913646421);
#12044=LINE('',#12041,#12043);
#12045=EDGE_CURVE('',#8859,#2060,#12044,.T.);
#12046=ORIENTED_EDGE('',*,*,#12045,.T.);
#12047=ORIENTED_EDGE('',*,*,#2067,.T.);
#12048=CARTESIAN_POINT('',(257.964361103,132.815193232,34.4));
#12049=DIRECTION('',(-1.,-0.,0.));
#12050=VECTOR('',#12049,1.913646421);
#12051=LINE('',#12048,#12050);
#12052=EDGE_CURVE('',#8868,#2062,#12051,.T.);
#12053=ORIENTED_EDGE('',*,*,#12052,.F.);
#12054=EDGE_LOOP('',(#12040,#12046,#12047,#12053));
#12055=FACE_BOUND('',#12054,.T.);
#12056=ADVANCED_FACE('',(#12055),#12039,.T.);
#12057=CARTESIAN_POINT('',(252.088997547,134.815193232,9.4));
#12058=DIRECTION('',(0.,-1.,0.));
#12059=DIRECTION('',(0.,0.,1.));
#12060=AXIS2_PLACEMENT_3D('',#12057,#12058,#12059);
#12061=PLANE('',#12060);
#12062=ORIENTED_EDGE('',*,*,#8856,.T.);
#12063=CARTESIAN_POINT('',(255.784545442,134.815193232,34.4));
#12064=DIRECTION('',(1.,0.,-0.));
#12065=VECTOR('',#12064,1.919394553);
#12066=LINE('',#12063,#12065);
#12067=EDGE_CURVE('',#2079,#8851,#12066,.T.);
#12068=ORIENTED_EDGE('',*,*,#12067,.F.);
#12069=ORIENTED_EDGE('',*,*,#2084,.T.);
#12070=CARTESIAN_POINT('',(255.784545442,134.815193232,9.4));
#12071=DIRECTION('',(1.,0.,-0.));
#12072=VECTOR('',#12071,1.919394553);
#12073=LINE('',#12070,#12072);
#12074=EDGE_CURVE('',#2070,#8849,#12073,.T.);
#12075=ORIENTED_EDGE('',*,*,#12074,.T.);
#12076=EDGE_LOOP('',(#12062,#12068,#12069,#12075));
#12077=FACE_BOUND('',#12076,.T.);
#12078=ADVANCED_FACE('',(#12077),#12061,.T.);
#12079=CARTESIAN_POINT('',(259.088997547,132.815193232,9.4));
#12080=DIRECTION('',(-0.,-0.,-1.));
#12081=DIRECTION('',(-1.,-0.,0.));
#12082=AXIS2_PLACEMENT_3D('',#12079,#12080,#12081);
#12083=PLANE('',#12082);
#12084=ORIENTED_EDGE('',*,*,#12074,.F.);
#12085=ORIENTED_EDGE('',*,*,#2076,.F.);
#12086=ORIENTED_EDGE('',*,*,#12045,.F.);
#12087=ORIENTED_EDGE('',*,*,#8865,.F.);
#12088=EDGE_LOOP('',(#12084,#12085,#12086,#12087));
#12089=FACE_BOUND('',#12088,.T.);
#12090=ADVANCED_FACE('',(#12089),#12083,.F.);
#12091=CARTESIAN_POINT('',(259.088997547,132.815193232,34.4));
#12092=DIRECTION('',(-0.,-0.,-1.));
#12093=DIRECTION('',(-1.,-0.,0.));
#12094=AXIS2_PLACEMENT_3D('',#12091,#12092,#12093);
#12095=PLANE('',#12094);
#12096=ORIENTED_EDGE('',*,*,#8880,.T.);
#12097=ORIENTED_EDGE('',*,*,#12052,.T.);
#12098=ORIENTED_EDGE('',*,*,#2091,.T.);
#12099=ORIENTED_EDGE('',*,*,#12067,.T.);
#12100=EDGE_LOOP('',(#12096,#12097,#12098,#12099));
#12101=FACE_BOUND('',#12100,.T.);
#12102=ADVANCED_FACE('',(#12101),#12095,.T.);
#12103=CARTESIAN_POINT('',(259.088997547,97.815193232,9.4));
#12104=DIRECTION('',(-0.,-0.,-1.));
#12105=DIRECTION('',(-1.,-0.,0.));
#12106=AXIS2_PLACEMENT_3D('',#12103,#12104,#12105);
#12107=PLANE('',#12106);
#12108=CARTESIAN_POINT('',(253.764890891,99.815193232,9.4));
#12109=DIRECTION('',(1.,0.,-0.));
#12110=VECTOR('',#12109,1.964148864);
#12111=LINE('',#12108,#12110);
#12112=EDGE_CURVE('',#2322,#9101,#12111,.T.);
#12113=ORIENTED_EDGE('',*,*,#12112,.F.);
#12114=ORIENTED_EDGE('',*,*,#2328,.F.);
#12115=CARTESIAN_POINT('',(255.186146954,97.815193232,9.4));
#12116=DIRECTION('',(-1.,-0.,0.));
#12117=VECTOR('',#12116,1.976824064);
#12118=LINE('',#12115,#12117);
#12119=EDGE_CURVE('',#9111,#2312,#12118,.T.);
#12120=ORIENTED_EDGE('',*,*,#12119,.F.);
#12121=ORIENTED_EDGE('',*,*,#9117,.F.);
#12122=EDGE_LOOP('',(#12113,#12114,#12120,#12121));
#12123=FACE_BOUND('',#12122,.T.);
#12124=ADVANCED_FACE('',(#12123),#12107,.F.);
#12125=CARTESIAN_POINT('',(259.088997547,97.815193232,34.4));
#12126=DIRECTION('',(-0.,-0.,-1.));
#12127=DIRECTION('',(-1.,-0.,0.));
#12128=AXIS2_PLACEMENT_3D('',#12125,#12126,#12127);
#12129=PLANE('',#12128);
#12130=ORIENTED_EDGE('',*,*,#9132,.T.);
#12131=CARTESIAN_POINT('',(255.186146954,97.815193232,34.4));
#12132=DIRECTION('',(-1.,-0.,0.));
#12133=VECTOR('',#12132,1.976824064);
#12134=LINE('',#12131,#12133);
#12135=EDGE_CURVE('',#9120,#2314,#12134,.T.);
#12136=ORIENTED_EDGE('',*,*,#12135,.T.);
#12137=ORIENTED_EDGE('',*,*,#2343,.T.);
#12138=CARTESIAN_POINT('',(253.764890891,99.815193232,34.4));
#12139=DIRECTION('',(1.,0.,-0.));
#12140=VECTOR('',#12139,1.964148864);
#12141=LINE('',#12138,#12140);
#12142=EDGE_CURVE('',#2331,#9103,#12141,.T.);
#12143=ORIENTED_EDGE('',*,*,#12142,.T.);
#12144=EDGE_LOOP('',(#12130,#12136,#12137,#12143));
#12145=FACE_BOUND('',#12144,.T.);
#12146=ADVANCED_FACE('',(#12145),#12129,.T.);
#12147=CARTESIAN_POINT('',(252.088997547,99.815193232,9.4));
#12148=DIRECTION('',(0.,-1.,0.));
#12149=DIRECTION('',(0.,0.,1.));
#12150=AXIS2_PLACEMENT_3D('',#12147,#12148,#12149);
#12151=PLANE('',#12150);
#12152=ORIENTED_EDGE('',*,*,#9108,.T.);
#12153=ORIENTED_EDGE('',*,*,#12142,.F.);
#12154=ORIENTED_EDGE('',*,*,#2336,.T.);
#12155=ORIENTED_EDGE('',*,*,#12112,.T.);
#12156=EDGE_LOOP('',(#12152,#12153,#12154,#12155));
#12157=FACE_BOUND('',#12156,.T.);
#12158=ADVANCED_FACE('',(#12157),#12151,.T.);
#12159=CARTESIAN_POINT('',(259.088997547,97.815193232,9.4));
#12160=DIRECTION('',(-0.,1.,-0.));
#12161=DIRECTION('',(-0.,-0.,-1.));
#12162=AXIS2_PLACEMENT_3D('',#12159,#12160,#12161);
#12163=PLANE('',#12162);
#12164=ORIENTED_EDGE('',*,*,#9125,.T.);
#12165=ORIENTED_EDGE('',*,*,#12119,.T.);
#12166=ORIENTED_EDGE('',*,*,#2319,.T.);
#12167=ORIENTED_EDGE('',*,*,#12135,.F.);
#12168=EDGE_LOOP('',(#12164,#12165,#12166,#12167));
#12169=FACE_BOUND('',#12168,.T.);
#12170=ADVANCED_FACE('',(#12169),#12163,.T.);
#12171=CARTESIAN_POINT('',(160.088997547,212.259637677,9.4));
#12172=DIRECTION('',(-0.,-0.,-1.));
#12173=DIRECTION('',(0.,-1.,0.));
#12174=AXIS2_PLACEMENT_3D('',#12171,#12172,#12173);
#12175=PLANE('',#12174);
#12176=CARTESIAN_POINT('',(158.088997547,209.166254226,9.4));
#12177=DIRECTION('',(-0.,1.,-0.));
#12178=VECTOR('',#12177,1.914833564);
#12179=LINE('',#12176,#12178);
#12180=EDGE_CURVE('',#4483,#8441,#12179,.T.);
#12181=ORIENTED_EDGE('',*,*,#12180,.F.);
#12182=ORIENTED_EDGE('',*,*,#4489,.F.);
#12183=CARTESIAN_POINT('',(160.088997547,211.30597393,9.4));
#12184=DIRECTION('',(0.,-1.,0.));
#12185=VECTOR('',#12184,1.909891525);
#12186=LINE('',#12183,#12185);
#12187=EDGE_CURVE('',#8451,#4473,#12186,.T.);
#12188=ORIENTED_EDGE('',*,*,#12187,.F.);
#12189=ORIENTED_EDGE('',*,*,#8457,.F.);
#12190=EDGE_LOOP('',(#12181,#12182,#12188,#12189));
#12191=FACE_BOUND('',#12190,.T.);
#12192=ADVANCED_FACE('',(#12191),#12175,.F.);
#12193=CARTESIAN_POINT('',(160.088997547,212.259637677,34.4));
#12194=DIRECTION('',(-0.,-0.,-1.));
#12195=DIRECTION('',(0.,-1.,0.));
#12196=AXIS2_PLACEMENT_3D('',#12193,#12194,#12195);
#12197=PLANE('',#12196);
#12198=ORIENTED_EDGE('',*,*,#8472,.T.);
#12199=CARTESIAN_POINT('',(160.088997547,211.30597393,34.4));
#12200=DIRECTION('',(0.,-1.,0.));
#12201=VECTOR('',#12200,1.909891525);
#12202=LINE('',#12199,#12201);
#12203=EDGE_CURVE('',#8460,#4475,#12202,.T.);
#12204=ORIENTED_EDGE('',*,*,#12203,.T.);
#12205=ORIENTED_EDGE('',*,*,#4504,.T.);
#12206=CARTESIAN_POINT('',(158.088997547,209.166254226,34.4));
#12207=DIRECTION('',(-0.,1.,-0.));
#12208=VECTOR('',#12207,1.914833564);
#12209=LINE('',#12206,#12208);
#12210=EDGE_CURVE('',#4492,#8443,#12209,.T.);
#12211=ORIENTED_EDGE('',*,*,#12210,.T.);
#12212=EDGE_LOOP('',(#12198,#12204,#12205,#12211));
#12213=FACE_BOUND('',#12212,.T.);
#12214=ADVANCED_FACE('',(#12213),#12197,.T.);
#12215=CARTESIAN_POINT('',(158.088997547,205.259637677,9.4));
#12216=DIRECTION('',(1.,0.,-0.));
#12217=DIRECTION('',(0.,0.,1.));
#12218=AXIS2_PLACEMENT_3D('',#12215,#12216,#12217);
#12219=PLANE('',#12218);
#12220=ORIENTED_EDGE('',*,*,#8448,.T.);
#12221=ORIENTED_EDGE('',*,*,#12210,.F.);
#12222=ORIENTED_EDGE('',*,*,#4497,.T.);
#12223=ORIENTED_EDGE('',*,*,#12180,.T.);
#12224=EDGE_LOOP('',(#12220,#12221,#12222,#12223));
#12225=FACE_BOUND('',#12224,.T.);
#12226=ADVANCED_FACE('',(#12225),#12219,.T.);
#12227=CARTESIAN_POINT('',(160.088997547,212.259637677,9.4));
#12228=DIRECTION('',(-1.,-0.,0.));
#12229=DIRECTION('',(-0.,-0.,-1.));
#12230=AXIS2_PLACEMENT_3D('',#12227,#12228,#12229);
#12231=PLANE('',#12230);
#12232=ORIENTED_EDGE('',*,*,#8465,.T.);
#12233=ORIENTED_EDGE('',*,*,#12187,.T.);
#12234=ORIENTED_EDGE('',*,*,#4480,.T.);
#12235=ORIENTED_EDGE('',*,*,#12203,.F.);
#12236=EDGE_LOOP('',(#12232,#12233,#12234,#12235));
#12237=FACE_BOUND('',#12236,.T.);
#12238=ADVANCED_FACE('',(#12237),#12231,.T.);
#12239=CARTESIAN_POINT('',(165.088997547,212.259637677,9.4));
#12240=DIRECTION('',(-0.,-0.,-1.));
#12241=DIRECTION('',(0.,-1.,0.));
#12242=AXIS2_PLACEMENT_3D('',#12239,#12240,#12241);
#12243=PLANE('',#12242);
#12244=CARTESIAN_POINT('',(163.088997547,209.653916666,9.4));
#12245=DIRECTION('',(-0.,1.,-0.));
#12246=VECTOR('',#12245,1.904377217);
#12247=LINE('',#12244,#12246);
#12248=EDGE_CURVE('',#4519,#8477,#12247,.T.);
#12249=ORIENTED_EDGE('',*,*,#12248,.F.);
#12250=ORIENTED_EDGE('',*,*,#4525,.F.);
#12251=CARTESIAN_POINT('',(165.088997547,211.670207523,9.4));
#12252=DIRECTION('',(0.,-1.,0.));
#12253=VECTOR('',#12252,1.9019417);
#12254=LINE('',#12251,#12253);
#12255=EDGE_CURVE('',#8487,#4509,#12254,.T.);
#12256=ORIENTED_EDGE('',*,*,#12255,.F.);
#12257=ORIENTED_EDGE('',*,*,#8493,.F.);
#12258=EDGE_LOOP('',(#12249,#12250,#12256,#12257));
#12259=FACE_BOUND('',#12258,.T.);
#12260=ADVANCED_FACE('',(#12259),#12243,.F.);
#12261=CARTESIAN_POINT('',(165.088997547,212.259637677,34.4));
#12262=DIRECTION('',(-0.,-0.,-1.));
#12263=DIRECTION('',(0.,-1.,0.));
#12264=AXIS2_PLACEMENT_3D('',#12261,#12262,#12263);
#12265=PLANE('',#12264);
#12266=ORIENTED_EDGE('',*,*,#8508,.T.);
#12267=CARTESIAN_POINT('',(165.088997547,211.670207523,34.4));
#12268=DIRECTION('',(0.,-1.,0.));
#12269=VECTOR('',#12268,1.9019417);
#12270=LINE('',#12267,#12269);
#12271=EDGE_CURVE('',#8496,#4511,#12270,.T.);
#12272=ORIENTED_EDGE('',*,*,#12271,.T.);
#12273=ORIENTED_EDGE('',*,*,#4540,.T.);
#12274=CARTESIAN_POINT('',(163.088997547,209.653916666,34.4));
#12275=DIRECTION('',(-0.,1.,-0.));
#12276=VECTOR('',#12275,1.904377217);
#12277=LINE('',#12274,#12276);
#12278=EDGE_CURVE('',#4528,#8479,#12277,.T.);
#12279=ORIENTED_EDGE('',*,*,#12278,.T.);
#12280=EDGE_LOOP('',(#12266,#12272,#12273,#12279));
#12281=FACE_BOUND('',#12280,.T.);
#12282=ADVANCED_FACE('',(#12281),#12265,.T.);
#12283=CARTESIAN_POINT('',(163.088997547,205.259637677,9.4));
#12284=DIRECTION('',(1.,0.,-0.));
#12285=DIRECTION('',(0.,0.,1.));
#12286=AXIS2_PLACEMENT_3D('',#12283,#12284,#12285);
#12287=PLANE('',#12286);
#12288=ORIENTED_EDGE('',*,*,#8484,.T.);
#12289=ORIENTED_EDGE('',*,*,#12278,.F.);
#12290=ORIENTED_EDGE('',*,*,#4533,.T.);
#12291=ORIENTED_EDGE('',*,*,#12248,.T.);
#12292=EDGE_LOOP('',(#12288,#12289,#12290,#12291));
#12293=FACE_BOUND('',#12292,.T.);
#12294=ADVANCED_FACE('',(#12293),#12287,.T.);
#12295=CARTESIAN_POINT('',(165.088997547,212.259637677,9.4));
#12296=DIRECTION('',(-1.,-0.,0.));
#12297=DIRECTION('',(-0.,-0.,-1.));
#12298=AXIS2_PLACEMENT_3D('',#12295,#12296,#12297);
#12299=PLANE('',#12298);
#12300=ORIENTED_EDGE('',*,*,#8501,.T.);
#12301=ORIENTED_EDGE('',*,*,#12255,.T.);
#12302=ORIENTED_EDGE('',*,*,#4516,.T.);
#12303=ORIENTED_EDGE('',*,*,#12271,.F.);
#12304=EDGE_LOOP('',(#12300,#12301,#12302,#12303));
#12305=FACE_BOUND('',#12304,.T.);
#12306=ADVANCED_FACE('',(#12305),#12299,.T.);
#12307=CARTESIAN_POINT('',(170.088997547,212.259637677,9.4));
#12308=DIRECTION('',(-0.,-0.,-1.));
#12309=DIRECTION('',(0.,-1.,0.));
#12310=AXIS2_PLACEMENT_3D('',#12307,#12308,#12309);
#12311=PLANE('',#12310);
#12312=CARTESIAN_POINT('',(168.088997547,209.853929728,9.4));
#12313=DIRECTION('',(-0.,1.,-0.));
#12314=VECTOR('',#12313,1.900121183);
#12315=LINE('',#12312,#12314);
#12316=EDGE_CURVE('',#4555,#8513,#12315,.T.);
#12317=ORIENTED_EDGE('',*,*,#12316,.F.);
#12318=ORIENTED_EDGE('',*,*,#4561,.F.);
#12319=CARTESIAN_POINT('',(170.088997547,211.754050911,9.4));
#12320=DIRECTION('',(0.,-1.,0.));
#12321=VECTOR('',#12320,1.900121183);
#12322=LINE('',#12319,#12321);
#12323=EDGE_CURVE('',#8523,#4545,#12322,.T.);
#12324=ORIENTED_EDGE('',*,*,#12323,.F.);
#12325=ORIENTED_EDGE('',*,*,#8529,.F.);
#12326=EDGE_LOOP('',(#12317,#12318,#12324,#12325));
#12327=FACE_BOUND('',#12326,.T.);
#12328=ADVANCED_FACE('',(#12327),#12311,.F.);
#12329=CARTESIAN_POINT('',(170.088997547,212.259637677,34.4));
#12330=DIRECTION('',(-0.,-0.,-1.));
#12331=DIRECTION('',(0.,-1.,0.));
#12332=AXIS2_PLACEMENT_3D('',#12329,#12330,#12331);
#12333=PLANE('',#12332);
#12334=ORIENTED_EDGE('',*,*,#8544,.T.);
#12335=CARTESIAN_POINT('',(170.088997547,211.754050911,34.4));
#12336=DIRECTION('',(0.,-1.,0.));
#12337=VECTOR('',#12336,1.900121183);
#12338=LINE('',#12335,#12337);
#12339=EDGE_CURVE('',#8532,#4547,#12338,.T.);
#12340=ORIENTED_EDGE('',*,*,#12339,.T.);
#12341=ORIENTED_EDGE('',*,*,#4576,.T.);
#12342=CARTESIAN_POINT('',(168.088997547,209.853929728,34.4));
#12343=DIRECTION('',(-0.,1.,-0.));
#12344=VECTOR('',#12343,1.900121183);
#12345=LINE('',#12342,#12344);
#12346=EDGE_CURVE('',#4564,#8515,#12345,.T.);
#12347=ORIENTED_EDGE('',*,*,#12346,.T.);
#12348=EDGE_LOOP('',(#12334,#12340,#12341,#12347));
#12349=FACE_BOUND('',#12348,.T.);
#12350=ADVANCED_FACE('',(#12349),#12333,.T.);
#12351=CARTESIAN_POINT('',(168.088997547,205.259637677,9.4));
#12352=DIRECTION('',(1.,0.,-0.));
#12353=DIRECTION('',(0.,0.,1.));
#12354=AXIS2_PLACEMENT_3D('',#12351,#12352,#12353);
#12355=PLANE('',#12354);
#12356=ORIENTED_EDGE('',*,*,#8520,.T.);
#12357=ORIENTED_EDGE('',*,*,#12346,.F.);
#12358=ORIENTED_EDGE('',*,*,#4569,.T.);
#12359=ORIENTED_EDGE('',*,*,#12316,.T.);
#12360=EDGE_LOOP('',(#12356,#12357,#12358,#12359));
#12361=FACE_BOUND('',#12360,.T.);
#12362=ADVANCED_FACE('',(#12361),#12355,.T.);
#12363=CARTESIAN_POINT('',(170.088997547,212.259637677,9.4));
#12364=DIRECTION('',(-1.,-0.,0.));
#12365=DIRECTION('',(-0.,-0.,-1.));
#12366=AXIS2_PLACEMENT_3D('',#12363,#12364,#12365);
#12367=PLANE('',#12366);
#12368=ORIENTED_EDGE('',*,*,#8537,.T.);
#12369=ORIENTED_EDGE('',*,*,#12323,.T.);
#12370=ORIENTED_EDGE('',*,*,#4552,.T.);
#12371=ORIENTED_EDGE('',*,*,#12339,.F.);
#12372=EDGE_LOOP('',(#12368,#12369,#12370,#12371));
#12373=FACE_BOUND('',#12372,.T.);
#12374=ADVANCED_FACE('',(#12373),#12367,.T.);
#12375=CARTESIAN_POINT('',(175.088997547,212.259637677,9.4));
#12376=DIRECTION('',(-0.,-0.,-1.));
#12377=DIRECTION('',(0.,-1.,0.));
#12378=AXIS2_PLACEMENT_3D('',#12375,#12376,#12377);
#12379=PLANE('',#12378);
#12380=CARTESIAN_POINT('',(173.088997547,209.768265823,9.4));
#12381=DIRECTION('',(-0.,1.,-0.));
#12382=VECTOR('',#12381,1.9019417);
#12383=LINE('',#12380,#12382);
#12384=EDGE_CURVE('',#4591,#8549,#12383,.T.);
#12385=ORIENTED_EDGE('',*,*,#12384,.F.);
#12386=ORIENTED_EDGE('',*,*,#4597,.F.);
#12387=CARTESIAN_POINT('',(175.088997547,211.558293883,9.4));
#12388=DIRECTION('',(0.,-1.,0.));
#12389=VECTOR('',#12388,1.904377217);
#12390=LINE('',#12387,#12389);
#12391=EDGE_CURVE('',#8559,#4581,#12390,.T.);
#12392=ORIENTED_EDGE('',*,*,#12391,.F.);
#12393=ORIENTED_EDGE('',*,*,#8565,.F.);
#12394=EDGE_LOOP('',(#12385,#12386,#12392,#12393));
#12395=FACE_BOUND('',#12394,.T.);
#12396=ADVANCED_FACE('',(#12395),#12379,.F.);
#12397=CARTESIAN_POINT('',(175.088997547,212.259637677,34.4));
#12398=DIRECTION('',(-0.,-0.,-1.));
#12399=DIRECTION('',(0.,-1.,0.));
#12400=AXIS2_PLACEMENT_3D('',#12397,#12398,#12399);
#12401=PLANE('',#12400);
#12402=ORIENTED_EDGE('',*,*,#8580,.T.);
#12403=CARTESIAN_POINT('',(175.088997547,211.558293883,34.4));
#12404=DIRECTION('',(0.,-1.,0.));
#12405=VECTOR('',#12404,1.904377217);
#12406=LINE('',#12403,#12405);
#12407=EDGE_CURVE('',#8568,#4583,#12406,.T.);
#12408=ORIENTED_EDGE('',*,*,#12407,.T.);
#12409=ORIENTED_EDGE('',*,*,#4612,.T.);
#12410=CARTESIAN_POINT('',(173.088997547,209.768265823,34.4));
#12411=DIRECTION('',(-0.,1.,-0.));
#12412=VECTOR('',#12411,1.9019417);
#12413=LINE('',#12410,#12412);
#12414=EDGE_CURVE('',#4600,#8551,#12413,.T.);
#12415=ORIENTED_EDGE('',*,*,#12414,.T.);
#12416=EDGE_LOOP('',(#12402,#12408,#12409,#12415));
#12417=FACE_BOUND('',#12416,.T.);
#12418=ADVANCED_FACE('',(#12417),#12401,.T.);
#12419=CARTESIAN_POINT('',(173.088997547,205.259637677,9.4));
#12420=DIRECTION('',(1.,0.,-0.));
#12421=DIRECTION('',(0.,0.,1.));
#12422=AXIS2_PLACEMENT_3D('',#12419,#12420,#12421);
#12423=PLANE('',#12422);
#12424=ORIENTED_EDGE('',*,*,#8556,.T.);
#12425=ORIENTED_EDGE('',*,*,#12414,.F.);
#12426=ORIENTED_EDGE('',*,*,#4605,.T.);
#12427=ORIENTED_EDGE('',*,*,#12384,.T.);
#12428=EDGE_LOOP('',(#12424,#12425,#12426,#12427));
#12429=FACE_BOUND('',#12428,.T.);
#12430=ADVANCED_FACE('',(#12429),#12423,.T.);
#12431=CARTESIAN_POINT('',(175.088997547,212.259637677,9.4));
#12432=DIRECTION('',(-1.,-0.,0.));
#12433=DIRECTION('',(-0.,-0.,-1.));
#12434=AXIS2_PLACEMENT_3D('',#12431,#12432,#12433);
#12435=PLANE('',#12434);
#12436=ORIENTED_EDGE('',*,*,#8573,.T.);
#12437=ORIENTED_EDGE('',*,*,#12391,.T.);
#12438=ORIENTED_EDGE('',*,*,#4588,.T.);
#12439=ORIENTED_EDGE('',*,*,#12407,.F.);
#12440=EDGE_LOOP('',(#12436,#12437,#12438,#12439));
#12441=FACE_BOUND('',#12440,.T.);
#12442=ADVANCED_FACE('',(#12441),#12435,.T.);
#12443=CARTESIAN_POINT('',(180.088997547,212.259637677,9.4));
#12444=DIRECTION('',(-0.,-0.,-1.));
#12445=DIRECTION('',(0.,-1.,0.));
#12446=AXIS2_PLACEMENT_3D('',#12443,#12444,#12445);
#12447=PLANE('',#12446);
#12448=CARTESIAN_POINT('',(178.088997547,209.396082406,9.4));
#12449=DIRECTION('',(-0.,1.,-0.));
#12450=VECTOR('',#12449,1.909891525);
#12451=LINE('',#12448,#12450);
#12452=EDGE_CURVE('',#4627,#8585,#12451,.T.);
#12453=ORIENTED_EDGE('',*,*,#12452,.F.);
#12454=ORIENTED_EDGE('',*,*,#4633,.F.);
#12455=CARTESIAN_POINT('',(180.088997547,211.08108779,9.4));
#12456=DIRECTION('',(0.,-1.,0.));
#12457=VECTOR('',#12456,1.914833564);
#12458=LINE('',#12455,#12457);
#12459=EDGE_CURVE('',#8595,#4617,#12458,.T.);
#12460=ORIENTED_EDGE('',*,*,#12459,.F.);
#12461=ORIENTED_EDGE('',*,*,#8601,.F.);
#12462=EDGE_LOOP('',(#12453,#12454,#12460,#12461));
#12463=FACE_BOUND('',#12462,.T.);
#12464=ADVANCED_FACE('',(#12463),#12447,.F.);
#12465=CARTESIAN_POINT('',(180.088997547,212.259637677,34.4));
#12466=DIRECTION('',(-0.,-0.,-1.));
#12467=DIRECTION('',(0.,-1.,0.));
#12468=AXIS2_PLACEMENT_3D('',#12465,#12466,#12467);
#12469=PLANE('',#12468);
#12470=ORIENTED_EDGE('',*,*,#8616,.T.);
#12471=CARTESIAN_POINT('',(180.088997547,211.08108779,34.4));
#12472=DIRECTION('',(0.,-1.,0.));
#12473=VECTOR('',#12472,1.914833564);
#12474=LINE('',#12471,#12473);
#12475=EDGE_CURVE('',#8604,#4619,#12474,.T.);
#12476=ORIENTED_EDGE('',*,*,#12475,.T.);
#12477=ORIENTED_EDGE('',*,*,#4648,.T.);
#12478=CARTESIAN_POINT('',(178.088997547,209.396082406,34.4));
#12479=DIRECTION('',(-0.,1.,-0.));
#12480=VECTOR('',#12479,1.909891525);
#12481=LINE('',#12478,#12480);
#12482=EDGE_CURVE('',#4636,#8587,#12481,.T.);
#12483=ORIENTED_EDGE('',*,*,#12482,.T.);
#12484=EDGE_LOOP('',(#12470,#12476,#12477,#12483));
#12485=FACE_BOUND('',#12484,.T.);
#12486=ADVANCED_FACE('',(#12485),#12469,.T.);
#12487=CARTESIAN_POINT('',(178.088997547,205.259637677,9.4));
#12488=DIRECTION('',(1.,0.,-0.));
#12489=DIRECTION('',(0.,0.,1.));
#12490=AXIS2_PLACEMENT_3D('',#12487,#12488,#12489);
#12491=PLANE('',#12490);
#12492=ORIENTED_EDGE('',*,*,#8592,.T.);
#12493=ORIENTED_EDGE('',*,*,#12482,.F.);
#12494=ORIENTED_EDGE('',*,*,#4641,.T.);
#12495=ORIENTED_EDGE('',*,*,#12452,.T.);
#12496=EDGE_LOOP('',(#12492,#12493,#12494,#12495));
#12497=FACE_BOUND('',#12496,.T.);
#12498=ADVANCED_FACE('',(#12497),#12491,.T.);
#12499=CARTESIAN_POINT('',(180.088997547,212.259637677,9.4));
#12500=DIRECTION('',(-1.,-0.,0.));
#12501=DIRECTION('',(-0.,-0.,-1.));
#12502=AXIS2_PLACEMENT_3D('',#12499,#12500,#12501);
#12503=PLANE('',#12502);
#12504=ORIENTED_EDGE('',*,*,#8609,.T.);
#12505=ORIENTED_EDGE('',*,*,#12459,.T.);
#12506=ORIENTED_EDGE('',*,*,#4624,.T.);
#12507=ORIENTED_EDGE('',*,*,#12475,.F.);
#12508=EDGE_LOOP('',(#12504,#12505,#12506,#12507));
#12509=FACE_BOUND('',#12508,.T.);
#12510=ADVANCED_FACE('',(#12509),#12503,.T.);
#12511=CARTESIAN_POINT('',(185.088997547,212.259637677,9.4));
#12512=DIRECTION('',(-0.,-0.,-1.));
#12513=DIRECTION('',(0.,-1.,0.));
#12514=AXIS2_PLACEMENT_3D('',#12511,#12512,#12513);
#12515=PLANE('',#12514);
#12516=CARTESIAN_POINT('',(183.088997547,208.733680025,9.4));
#12517=DIRECTION('',(-0.,1.,-0.));
#12518=VECTOR('',#12517,1.924204242);
#12519=LINE('',#12516,#12518);
#12520=EDGE_CURVE('',#4663,#8621,#12519,.T.);
#12521=ORIENTED_EDGE('',*,*,#12520,.F.);
#12522=ORIENTED_EDGE('',*,*,#4669,.F.);
#12523=CARTESIAN_POINT('',(185.088997547,210.317857056,9.4));
#12524=DIRECTION('',(0.,-1.,0.));
#12525=VECTOR('',#12524,1.931800668);
#12526=LINE('',#12523,#12525);
#12527=EDGE_CURVE('',#8631,#4653,#12526,.T.);
#12528=ORIENTED_EDGE('',*,*,#12527,.F.);
#12529=ORIENTED_EDGE('',*,*,#8637,.F.);
#12530=EDGE_LOOP('',(#12521,#12522,#12528,#12529));
#12531=FACE_BOUND('',#12530,.T.);
#12532=ADVANCED_FACE('',(#12531),#12515,.F.);
#12533=CARTESIAN_POINT('',(185.088997547,212.259637677,34.4));
#12534=DIRECTION('',(-0.,-0.,-1.));
#12535=DIRECTION('',(0.,-1.,0.));
#12536=AXIS2_PLACEMENT_3D('',#12533,#12534,#12535);
#12537=PLANE('',#12536);
#12538=ORIENTED_EDGE('',*,*,#8652,.T.);
#12539=CARTESIAN_POINT('',(185.088997547,210.317857056,34.4));
#12540=DIRECTION('',(0.,-1.,0.));
#12541=VECTOR('',#12540,1.931800668);
#12542=LINE('',#12539,#12541);
#12543=EDGE_CURVE('',#8640,#4655,#12542,.T.);
#12544=ORIENTED_EDGE('',*,*,#12543,.T.);
#12545=ORIENTED_EDGE('',*,*,#4684,.T.);
#12546=CARTESIAN_POINT('',(183.088997547,208.733680025,34.4));
#12547=DIRECTION('',(-0.,1.,-0.));
#12548=VECTOR('',#12547,1.924204242);
#12549=LINE('',#12546,#12548);
#12550=EDGE_CURVE('',#4672,#8623,#12549,.T.);
#12551=ORIENTED_EDGE('',*,*,#12550,.T.);
#12552=EDGE_LOOP('',(#12538,#12544,#12545,#12551));
#12553=FACE_BOUND('',#12552,.T.);
#12554=ADVANCED_FACE('',(#12553),#12537,.T.);
#12555=CARTESIAN_POINT('',(183.088997547,205.259637677,9.4));
#12556=DIRECTION('',(1.,0.,-0.));
#12557=DIRECTION('',(0.,0.,1.));
#12558=AXIS2_PLACEMENT_3D('',#12555,#12556,#12557);
#12559=PLANE('',#12558);
#12560=ORIENTED_EDGE('',*,*,#8628,.T.);
#12561=ORIENTED_EDGE('',*,*,#12550,.F.);
#12562=ORIENTED_EDGE('',*,*,#4677,.T.);
#12563=ORIENTED_EDGE('',*,*,#12520,.T.);
#12564=EDGE_LOOP('',(#12560,#12561,#12562,#12563));
#12565=FACE_BOUND('',#12564,.T.);
#12566=ADVANCED_FACE('',(#12565),#12559,.T.);
#12567=CARTESIAN_POINT('',(185.088997547,212.259637677,9.4));
#12568=DIRECTION('',(-1.,-0.,0.));
#12569=DIRECTION('',(-0.,-0.,-1.));
#12570=AXIS2_PLACEMENT_3D('',#12567,#12568,#12569);
#12571=PLANE('',#12570);
#12572=ORIENTED_EDGE('',*,*,#8645,.T.);
#12573=ORIENTED_EDGE('',*,*,#12527,.T.);
#12574=ORIENTED_EDGE('',*,*,#4660,.T.);
#12575=ORIENTED_EDGE('',*,*,#12543,.F.);
#12576=EDGE_LOOP('',(#12572,#12573,#12574,#12575));
#12577=FACE_BOUND('',#12576,.T.);
#12578=ADVANCED_FACE('',(#12577),#12571,.T.);
#12579=CARTESIAN_POINT('',(190.088997547,212.259637677,9.4));
#12580=DIRECTION('',(-0.,-0.,-1.));
#12581=DIRECTION('',(0.,-1.,0.));
#12582=AXIS2_PLACEMENT_3D('',#12579,#12580,#12581);
#12583=PLANE('',#12582);
#12584=CARTESIAN_POINT('',(188.088997547,207.77431478,9.4));
#12585=DIRECTION('',(-0.,1.,-0.));
#12586=VECTOR('',#12585,1.945313751);
#12587=LINE('',#12584,#12586);
#12588=EDGE_CURVE('',#4699,#8657,#12587,.T.);
#12589=ORIENTED_EDGE('',*,*,#12588,.F.);
#12590=ORIENTED_EDGE('',*,*,#4705,.F.);
#12591=ORIENTED_EDGE('',*,*,#9282,.F.);
#12592=ORIENTED_EDGE('',*,*,#8673,.F.);
#12593=EDGE_LOOP('',(#12589,#12590,#12591,#12592));
#12594=FACE_BOUND('',#12593,.T.);
#12595=ADVANCED_FACE('',(#12594),#12583,.F.);
#12596=CARTESIAN_POINT('',(190.088997547,212.259637677,34.4));
#12597=DIRECTION('',(-0.,-0.,-1.));
#12598=DIRECTION('',(0.,-1.,0.));
#12599=AXIS2_PLACEMENT_3D('',#12596,#12597,#12598);
#12600=PLANE('',#12599);
#12601=ORIENTED_EDGE('',*,*,#8688,.T.);
#12602=ORIENTED_EDGE('',*,*,#9289,.T.);
#12603=ORIENTED_EDGE('',*,*,#4720,.T.);
#12604=CARTESIAN_POINT('',(188.088997547,207.77431478,34.4));
#12605=DIRECTION('',(-0.,1.,-0.));
#12606=VECTOR('',#12605,1.945313751);
#12607=LINE('',#12604,#12606);
#12608=EDGE_CURVE('',#4708,#8659,#12607,.T.);
#12609=ORIENTED_EDGE('',*,*,#12608,.T.);
#12610=EDGE_LOOP('',(#12601,#12602,#12603,#12609));
#12611=FACE_BOUND('',#12610,.T.);
#12612=ADVANCED_FACE('',(#12611),#12600,.T.);
#12613=CARTESIAN_POINT('',(188.088997547,205.259637677,9.4));
#12614=DIRECTION('',(1.,0.,-0.));
#12615=DIRECTION('',(0.,0.,1.));
#12616=AXIS2_PLACEMENT_3D('',#12613,#12614,#12615);
#12617=PLANE('',#12616);
#12618=ORIENTED_EDGE('',*,*,#8664,.T.);
#12619=ORIENTED_EDGE('',*,*,#12608,.F.);
#12620=ORIENTED_EDGE('',*,*,#4713,.T.);
#12621=ORIENTED_EDGE('',*,*,#12588,.T.);
#12622=EDGE_LOOP('',(#12618,#12619,#12620,#12621));
#12623=FACE_BOUND('',#12622,.T.);
#12624=ADVANCED_FACE('',(#12623),#12617,.T.);
#12625=CARTESIAN_POINT('',(248.54409935,160.778248257,4.4));
#12626=DIRECTION('',(-0.,-0.,-1.));
#12627=DIRECTION('',(0.412231562,-0.911079107,0.));
#12628=AXIS2_PLACEMENT_3D('',#12625,#12626,#12627);
#12629=PLANE('',#12628);
#12630=ORIENTED_EDGE('',*,*,#4098,.T.);
#12631=EDGE_LOOP('',(#12630));
#12632=FACE_BOUND('',#12631,.T.);
#12633=CARTESIAN_POINT('',(250.337306643,156.81505414,4.4));
#12634=VERTEX_POINT('',#12633);
#12635=CARTESIAN_POINT('',(248.646891217,154.458680722,4.4));
#12636=VERTEX_POINT('',#12635);
#12637=CARTESIAN_POINT('',(250.337306643,156.81505414,4.4));
#12638=DIRECTION('',(-0.582901871,-0.812542558,0.));
#12639=VECTOR('',#12638,2.9);
#12640=LINE('',#12637,#12639);
#12641=EDGE_CURVE('',#12634,#12636,#12640,.T.);
#12642=ORIENTED_EDGE('',*,*,#12641,.F.);
#12643=CARTESIAN_POINT('',(249.141835114,159.457183551,4.4));
#12644=VERTEX_POINT('',#12643);
#12645=CARTESIAN_POINT('',(249.141835114,159.457183551,4.4));
#12646=DIRECTION('',(0.412231562,-0.911079107,0.));
#12647=VECTOR('',#12646,2.9);
#12648=LINE('',#12645,#12647);
#12649=EDGE_CURVE('',#12644,#12634,#12648,.T.);
#12650=ORIENTED_EDGE('',*,*,#12649,.F.);
#12651=CARTESIAN_POINT('',(246.25594816,159.742939544,4.4));
#12652=VERTEX_POINT('',#12651);
#12653=CARTESIAN_POINT('',(246.25594816,159.742939544,4.4));
#12654=DIRECTION('',(0.995133433,-0.098536549,-0.));
#12655=VECTOR('',#12654,2.9);
#12656=LINE('',#12653,#12655);
#12657=EDGE_CURVE('',#12652,#12644,#12656,.T.);
#12658=ORIENTED_EDGE('',*,*,#12657,.F.);
#12659=CARTESIAN_POINT('',(244.565532734,157.386566125,4.4));
#12660=VERTEX_POINT('',#12659);
#12661=CARTESIAN_POINT('',(244.565532734,157.386566125,4.4));
#12662=DIRECTION('',(0.582901871,0.812542558,-0.));
#12663=VECTOR('',#12662,2.9);
#12664=LINE('',#12661,#12663);
#12665=EDGE_CURVE('',#12660,#12652,#12664,.T.);
#12666=ORIENTED_EDGE('',*,*,#12665,.F.);
#12667=CARTESIAN_POINT('',(245.761004263,154.744436714,4.4));
#12668=VERTEX_POINT('',#12667);
#12669=CARTESIAN_POINT('',(245.761004263,154.744436714,4.4));
#12670=DIRECTION('',(-0.412231562,0.911079107,-0.));
#12671=VECTOR('',#12670,2.9);
#12672=LINE('',#12669,#12671);
#12673=EDGE_CURVE('',#12668,#12660,#12672,.T.);
#12674=ORIENTED_EDGE('',*,*,#12673,.F.);
#12675=CARTESIAN_POINT('',(248.646891217,154.458680722,4.4));
#12676=DIRECTION('',(-0.995133433,0.098536549,0.));
#12677=VECTOR('',#12676,2.9);
#12678=LINE('',#12675,#12677);
#12679=EDGE_CURVE('',#12636,#12668,#12678,.T.);
#12680=ORIENTED_EDGE('',*,*,#12679,.F.);
#12681=EDGE_LOOP('',(#12642,#12650,#12658,#12666,#12674,#12680));
#12682=FACE_BOUND('',#12681,.T.);
#12683=ADVANCED_FACE('',(#12632,#12682),#12629,.F.);
#12684=CARTESIAN_POINT('',(249.141835114,159.457183551,4.4));
#12685=DIRECTION('',(-0.911079107,-0.412231562,0.));
#12686=DIRECTION('',(-0.412231562,0.911079107,-0.));
#12687=AXIS2_PLACEMENT_3D('',#12684,#12685,#12686);
#12688=PLANE('',#12687);
#12689=ORIENTED_EDGE('',*,*,#5047,.F.);
#12690=CARTESIAN_POINT('',(249.141835114,159.457183551,4.4));
#12691=DIRECTION('',(0.,0.,1.));
#12692=VECTOR('',#12691,35.);
#12693=LINE('',#12690,#12692);
#12694=EDGE_CURVE('',#12644,#5040,#12693,.T.);
#12695=ORIENTED_EDGE('',*,*,#12694,.F.);
#12696=ORIENTED_EDGE('',*,*,#12649,.T.);
#12697=CARTESIAN_POINT('',(250.337306643,156.81505414,4.4));
#12698=DIRECTION('',(0.,0.,1.));
#12699=VECTOR('',#12698,35.);
#12700=LINE('',#12697,#12699);
#12701=EDGE_CURVE('',#12634,#5042,#12700,.T.);
#12702=ORIENTED_EDGE('',*,*,#12701,.T.);
#12703=EDGE_LOOP('',(#12689,#12695,#12696,#12702));
#12704=FACE_BOUND('',#12703,.T.);
#12705=ADVANCED_FACE('',(#12704),#12688,.T.);
#12706=CARTESIAN_POINT('',(246.25594816,159.742939544,4.4));
#12707=DIRECTION('',(-0.098536549,-0.995133433,0.));
#12708=DIRECTION('',(-0.995133433,0.098536549,0.));
#12709=AXIS2_PLACEMENT_3D('',#12706,#12707,#12708);
#12710=PLANE('',#12709);
#12711=ORIENTED_EDGE('',*,*,#5085,.F.);
#12712=CARTESIAN_POINT('',(246.25594816,159.742939544,4.4));
#12713=DIRECTION('',(0.,0.,1.));
#12714=VECTOR('',#12713,35.);
#12715=LINE('',#12712,#12714);
#12716=EDGE_CURVE('',#12652,#5074,#12715,.T.);
#12717=ORIENTED_EDGE('',*,*,#12716,.F.);
#12718=ORIENTED_EDGE('',*,*,#12657,.T.);
#12719=ORIENTED_EDGE('',*,*,#12694,.T.);
#12720=EDGE_LOOP('',(#12711,#12717,#12718,#12719));
#12721=FACE_BOUND('',#12720,.T.);
#12722=ADVANCED_FACE('',(#12721),#12710,.T.);
#12723=CARTESIAN_POINT('',(244.565532734,157.386566125,4.4));
#12724=DIRECTION('',(0.812542558,-0.582901871,-0.));
#12725=DIRECTION('',(-0.582901871,-0.812542558,0.));
#12726=AXIS2_PLACEMENT_3D('',#12723,#12724,#12725);
#12727=PLANE('',#12726);
#12728=ORIENTED_EDGE('',*,*,#5079,.F.);
#12729=CARTESIAN_POINT('',(244.565532734,157.386566125,4.4));
#12730=DIRECTION('',(0.,0.,1.));
#12731=VECTOR('',#12730,35.);
#12732=LINE('',#12729,#12731);
#12733=EDGE_CURVE('',#12660,#5066,#12732,.T.);
#12734=ORIENTED_EDGE('',*,*,#12733,.F.);
#12735=ORIENTED_EDGE('',*,*,#12665,.T.);
#12736=ORIENTED_EDGE('',*,*,#12716,.T.);
#12737=EDGE_LOOP('',(#12728,#12734,#12735,#12736));
#12738=FACE_BOUND('',#12737,.T.);
#12739=ADVANCED_FACE('',(#12738),#12727,.T.);
#12740=CARTESIAN_POINT('',(245.761004263,154.744436714,4.4));
#12741=DIRECTION('',(0.911079107,0.412231562,-0.));
#12742=DIRECTION('',(0.,0.,1.));
#12743=AXIS2_PLACEMENT_3D('',#12740,#12741,#12742);
#12744=PLANE('',#12743);
#12745=ORIENTED_EDGE('',*,*,#5071,.F.);
#12746=CARTESIAN_POINT('',(245.761004263,154.744436714,4.4));
#12747=DIRECTION('',(0.,0.,1.));
#12748=VECTOR('',#12747,35.);
#12749=LINE('',#12746,#12748);
#12750=EDGE_CURVE('',#12668,#5058,#12749,.T.);
#12751=ORIENTED_EDGE('',*,*,#12750,.F.);
#12752=ORIENTED_EDGE('',*,*,#12673,.T.);
#12753=ORIENTED_EDGE('',*,*,#12733,.T.);
#12754=EDGE_LOOP('',(#12745,#12751,#12752,#12753));
#12755=FACE_BOUND('',#12754,.T.);
#12756=ADVANCED_FACE('',(#12755),#12744,.T.);
#12757=CARTESIAN_POINT('',(248.646891217,154.458680722,4.4));
#12758=DIRECTION('',(0.098536549,0.995133433,-0.));
#12759=DIRECTION('',(0.995133433,-0.098536549,-0.));
#12760=AXIS2_PLACEMENT_3D('',#12757,#12758,#12759);
#12761=PLANE('',#12760);
#12762=ORIENTED_EDGE('',*,*,#5063,.F.);
#12763=CARTESIAN_POINT('',(248.646891217,154.458680722,4.4));
#12764=DIRECTION('',(0.,0.,1.));
#12765=VECTOR('',#12764,35.);
#12766=LINE('',#12763,#12765);
#12767=EDGE_CURVE('',#12636,#5050,#12766,.T.);
#12768=ORIENTED_EDGE('',*,*,#12767,.F.);
#12769=ORIENTED_EDGE('',*,*,#12679,.T.);
#12770=ORIENTED_EDGE('',*,*,#12750,.T.);
#12771=EDGE_LOOP('',(#12762,#12768,#12769,#12770));
#12772=FACE_BOUND('',#12771,.T.);
#12773=ADVANCED_FACE('',(#12772),#12761,.T.);
#12774=CARTESIAN_POINT('',(250.337306643,156.81505414,4.4));
#12775=DIRECTION('',(-0.812542558,0.582901871,0.));
#12776=DIRECTION('',(0.582901871,0.812542558,-0.));
#12777=AXIS2_PLACEMENT_3D('',#12774,#12775,#12776);
#12778=PLANE('',#12777);
#12779=ORIENTED_EDGE('',*,*,#5055,.F.);
#12780=ORIENTED_EDGE('',*,*,#12701,.F.);
#12781=ORIENTED_EDGE('',*,*,#12641,.T.);
#12782=ORIENTED_EDGE('',*,*,#12767,.T.);
#12783=EDGE_LOOP('',(#12779,#12780,#12781,#12782));
#12784=FACE_BOUND('',#12783,.T.);
#12785=ADVANCED_FACE('',(#12784),#12778,.T.);
#12786=CARTESIAN_POINT('',(89.633895746,83.741027099,4.4));
#12787=DIRECTION('',(-0.,-0.,-1.));
#12788=DIRECTION('',(-0.412231562,0.911079107,-0.));
#12789=AXIS2_PLACEMENT_3D('',#12786,#12787,#12788);
#12790=PLANE('',#12789);
#12791=ORIENTED_EDGE('',*,*,#5504,.T.);
#12792=EDGE_LOOP('',(#12791));
#12793=FACE_BOUND('',#12792,.T.);
#12794=CARTESIAN_POINT('',(87.840688453,87.704221216,4.4));
#12795=VERTEX_POINT('',#12794);
#12796=CARTESIAN_POINT('',(89.531103879,90.060594634,4.4));
#12797=VERTEX_POINT('',#12796);
#12798=CARTESIAN_POINT('',(87.840688453,87.704221216,4.4));
#12799=DIRECTION('',(0.582901871,0.812542558,-0.));
#12800=VECTOR('',#12799,2.9);
#12801=LINE('',#12798,#12800);
#12802=EDGE_CURVE('',#12795,#12797,#12801,.T.);
#12803=ORIENTED_EDGE('',*,*,#12802,.F.);
#12804=CARTESIAN_POINT('',(89.036159982,85.062091805,4.4));
#12805=VERTEX_POINT('',#12804);
#12806=CARTESIAN_POINT('',(89.036159982,85.062091805,4.4));
#12807=DIRECTION('',(-0.412231562,0.911079107,-0.));
#12808=VECTOR('',#12807,2.9);
#12809=LINE('',#12806,#12808);
#12810=EDGE_CURVE('',#12805,#12795,#12809,.T.);
#12811=ORIENTED_EDGE('',*,*,#12810,.F.);
#12812=CARTESIAN_POINT('',(91.922046936,84.776335812,4.4));
#12813=VERTEX_POINT('',#12812);
#12814=CARTESIAN_POINT('',(91.922046936,84.776335812,4.4));
#12815=DIRECTION('',(-0.995133433,0.098536549,0.));
#12816=VECTOR('',#12815,2.9);
#12817=LINE('',#12814,#12816);
#12818=EDGE_CURVE('',#12813,#12805,#12817,.T.);
#12819=ORIENTED_EDGE('',*,*,#12818,.F.);
#12820=CARTESIAN_POINT('',(93.612462362,87.132709231,4.4));
#12821=VERTEX_POINT('',#12820);
#12822=CARTESIAN_POINT('',(93.612462362,87.132709231,4.4));
#12823=DIRECTION('',(-0.582901871,-0.812542558,0.));
#12824=VECTOR('',#12823,2.9);
#12825=LINE('',#12822,#12824);
#12826=EDGE_CURVE('',#12821,#12813,#12825,.T.);
#12827=ORIENTED_EDGE('',*,*,#12826,.F.);
#12828=CARTESIAN_POINT('',(92.416990833,89.774838642,4.4));
#12829=VERTEX_POINT('',#12828);
#12830=CARTESIAN_POINT('',(92.416990833,89.774838642,4.4));
#12831=DIRECTION('',(0.412231562,-0.911079107,0.));
#12832=VECTOR('',#12831,2.9);
#12833=LINE('',#12830,#12832);
#12834=EDGE_CURVE('',#12829,#12821,#12833,.T.);
#12835=ORIENTED_EDGE('',*,*,#12834,.F.);
#12836=CARTESIAN_POINT('',(89.531103879,90.060594634,4.4));
#12837=DIRECTION('',(0.995133433,-0.098536549,-0.));
#12838=VECTOR('',#12837,2.9);
#12839=LINE('',#12836,#12838);
#12840=EDGE_CURVE('',#12797,#12829,#12839,.T.);
#12841=ORIENTED_EDGE('',*,*,#12840,.F.);
#12842=EDGE_LOOP('',(#12803,#12811,#12819,#12827,#12835,#12841));
#12843=FACE_BOUND('',#12842,.T.);
#12844=ADVANCED_FACE('',(#12793,#12843),#12790,.F.);
#12845=CARTESIAN_POINT('',(89.036159982,85.062091805,4.4));
#12846=DIRECTION('',(0.911079107,0.412231562,-0.));
#12847=DIRECTION('',(0.412231562,-0.911079107,0.));
#12848=AXIS2_PLACEMENT_3D('',#12845,#12846,#12847);
#12849=PLANE('',#12848);
#12850=ORIENTED_EDGE('',*,*,#9887,.F.);
#12851=CARTESIAN_POINT('',(89.036159982,85.062091805,4.4));
#12852=DIRECTION('',(0.,0.,1.));
#12853=VECTOR('',#12852,35.);
#12854=LINE('',#12851,#12853);
#12855=EDGE_CURVE('',#12805,#9880,#12854,.T.);
#12856=ORIENTED_EDGE('',*,*,#12855,.F.);
#12857=ORIENTED_EDGE('',*,*,#12810,.T.);
#12858=CARTESIAN_POINT('',(87.840688453,87.704221216,4.4));
#12859=DIRECTION('',(0.,0.,1.));
#12860=VECTOR('',#12859,35.);
#12861=LINE('',#12858,#12860);
#12862=EDGE_CURVE('',#12795,#9882,#12861,.T.);
#12863=ORIENTED_EDGE('',*,*,#12862,.T.);
#12864=EDGE_LOOP('',(#12850,#12856,#12857,#12863));
#12865=FACE_BOUND('',#12864,.T.);
#12866=ADVANCED_FACE('',(#12865),#12849,.T.);
#12867=CARTESIAN_POINT('',(91.922046936,84.776335812,4.4));
#12868=DIRECTION('',(0.098536549,0.995133433,-0.));
#12869=DIRECTION('',(0.995133433,-0.098536549,-0.));
#12870=AXIS2_PLACEMENT_3D('',#12867,#12868,#12869);
#12871=PLANE('',#12870);
#12872=ORIENTED_EDGE('',*,*,#9925,.F.);
#12873=CARTESIAN_POINT('',(91.922046936,84.776335812,4.4));
#12874=DIRECTION('',(0.,0.,1.));
#12875=VECTOR('',#12874,35.);
#12876=LINE('',#12873,#12875);
#12877=EDGE_CURVE('',#12813,#9914,#12876,.T.);
#12878=ORIENTED_EDGE('',*,*,#12877,.F.);
#12879=ORIENTED_EDGE('',*,*,#12818,.T.);
#12880=ORIENTED_EDGE('',*,*,#12855,.T.);
#12881=EDGE_LOOP('',(#12872,#12878,#12879,#12880));
#12882=FACE_BOUND('',#12881,.T.);
#12883=ADVANCED_FACE('',(#12882),#12871,.T.);
#12884=CARTESIAN_POINT('',(93.612462362,87.132709231,4.4));
#12885=DIRECTION('',(-0.812542558,0.582901871,0.));
#12886=DIRECTION('',(0.582901871,0.812542558,-0.));
#12887=AXIS2_PLACEMENT_3D('',#12884,#12885,#12886);
#12888=PLANE('',#12887);
#12889=ORIENTED_EDGE('',*,*,#9919,.F.);
#12890=CARTESIAN_POINT('',(93.612462362,87.132709231,4.4));
#12891=DIRECTION('',(0.,0.,1.));
#12892=VECTOR('',#12891,35.);
#12893=LINE('',#12890,#12892);
#12894=EDGE_CURVE('',#12821,#9906,#12893,.T.);
#12895=ORIENTED_EDGE('',*,*,#12894,.F.);
#12896=ORIENTED_EDGE('',*,*,#12826,.T.);
#12897=ORIENTED_EDGE('',*,*,#12877,.T.);
#12898=EDGE_LOOP('',(#12889,#12895,#12896,#12897));
#12899=FACE_BOUND('',#12898,.T.);
#12900=ADVANCED_FACE('',(#12899),#12888,.T.);
#12901=CARTESIAN_POINT('',(92.416990833,89.774838642,4.4));
#12902=DIRECTION('',(-0.911079107,-0.412231562,0.));
#12903=DIRECTION('',(0.,0.,1.));
#12904=AXIS2_PLACEMENT_3D('',#12901,#12902,#12903);
#12905=PLANE('',#12904);
#12906=ORIENTED_EDGE('',*,*,#9911,.F.);
#12907=CARTESIAN_POINT('',(92.416990833,89.774838642,4.4));
#12908=DIRECTION('',(0.,0.,1.));
#12909=VECTOR('',#12908,35.);
#12910=LINE('',#12907,#12909);
#12911=EDGE_CURVE('',#12829,#9898,#12910,.T.);
#12912=ORIENTED_EDGE('',*,*,#12911,.F.);
#12913=ORIENTED_EDGE('',*,*,#12834,.T.);
#12914=ORIENTED_EDGE('',*,*,#12894,.T.);
#12915=EDGE_LOOP('',(#12906,#12912,#12913,#12914));
#12916=FACE_BOUND('',#12915,.T.);
#12917=ADVANCED_FACE('',(#12916),#12905,.T.);
#12918=CARTESIAN_POINT('',(89.531103879,90.060594634,4.4));
#12919=DIRECTION('',(-0.098536549,-0.995133433,0.));
#12920=DIRECTION('',(-0.995133433,0.098536549,0.));
#12921=AXIS2_PLACEMENT_3D('',#12918,#12919,#12920);
#12922=PLANE('',#12921);
#12923=ORIENTED_EDGE('',*,*,#9903,.F.);
#12924=CARTESIAN_POINT('',(89.531103879,90.060594634,4.4));
#12925=DIRECTION('',(0.,0.,1.));
#12926=VECTOR('',#12925,35.);
#12927=LINE('',#12924,#12926);
#12928=EDGE_CURVE('',#12797,#9890,#12927,.T.);
#12929=ORIENTED_EDGE('',*,*,#12928,.F.);
#12930=ORIENTED_EDGE('',*,*,#12840,.T.);
#12931=ORIENTED_EDGE('',*,*,#12911,.T.);
#12932=EDGE_LOOP('',(#12923,#12929,#12930,#12931));
#12933=FACE_BOUND('',#12932,.T.);
#12934=ADVANCED_FACE('',(#12933),#12922,.T.);
#12935=CARTESIAN_POINT('',(87.840688453,87.704221216,4.4));
#12936=DIRECTION('',(0.812542558,-0.582901871,-0.));
#12937=DIRECTION('',(-0.582901871,-0.812542558,0.));
#12938=AXIS2_PLACEMENT_3D('',#12935,#12936,#12937);
#12939=PLANE('',#12938);
#12940=ORIENTED_EDGE('',*,*,#9895,.F.);
#12941=ORIENTED_EDGE('',*,*,#12862,.F.);
#12942=ORIENTED_EDGE('',*,*,#12802,.T.);
#12943=ORIENTED_EDGE('',*,*,#12928,.T.);
#12944=EDGE_LOOP('',(#12940,#12941,#12942,#12943));
#12945=FACE_BOUND('',#12944,.T.);
#12946=ADVANCED_FACE('',(#12945),#12939,.T.);
#12947=CARTESIAN_POINT('',(87.304788098,155.366200204,4.4));
#12948=DIRECTION('',(-0.,-0.,-1.));
#12949=DIRECTION('',(0.3782406,0.925707323,-0.));
#12950=AXIS2_PLACEMENT_3D('',#12947,#12948,#12949);
#12951=PLANE('',#12950);
#12952=ORIENTED_EDGE('',*,*,#4123,.T.);
#12953=EDGE_LOOP('',(#12952));
#12954=FACE_BOUND('',#12953,.T.);
#12955=CARTESIAN_POINT('',(88.950134708,159.393027061,4.4));
#12956=VERTEX_POINT('',#12955);
#12957=CARTESIAN_POINT('',(91.823473148,159.785361372,4.4));
#12958=VERTEX_POINT('',#12957);
#12959=CARTESIAN_POINT('',(88.950134708,159.393027061,4.4));
#12960=DIRECTION('',(0.990806358,0.135287693,-0.));
#12961=VECTOR('',#12960,2.9);
#12962=LINE('',#12959,#12961);
#12963=EDGE_CURVE('',#12956,#12958,#12962,.T.);
#12964=ORIENTED_EDGE('',*,*,#12963,.F.);
#12965=CARTESIAN_POINT('',(87.853236968,156.708475823,4.4));
#12966=VERTEX_POINT('',#12965);
#12967=CARTESIAN_POINT('',(87.853236968,156.708475823,4.4));
#12968=DIRECTION('',(0.3782406,0.925707323,-0.));
#12969=VECTOR('',#12968,2.9);
#12970=LINE('',#12967,#12969);
#12971=EDGE_CURVE('',#12966,#12956,#12970,.T.);
#12972=ORIENTED_EDGE('',*,*,#12971,.F.);
#12973=CARTESIAN_POINT('',(89.629677668,154.416258896,4.4));
#12974=VERTEX_POINT('',#12973);
#12975=CARTESIAN_POINT('',(89.629677668,154.416258896,4.4));
#12976=DIRECTION('',(-0.612565759,0.79041963,-0.));
#12977=VECTOR('',#12976,2.9);
#12978=LINE('',#12975,#12977);
#12979=EDGE_CURVE('',#12974,#12966,#12978,.T.);
#12980=ORIENTED_EDGE('',*,*,#12979,.F.);
#12981=CARTESIAN_POINT('',(92.503016107,154.808593207,4.4));
#12982=VERTEX_POINT('',#12981);
#12983=CARTESIAN_POINT('',(92.503016107,154.808593207,4.4));
#12984=DIRECTION('',(-0.990806358,-0.135287693,0.));
#12985=VECTOR('',#12984,2.9);
#12986=LINE('',#12983,#12985);
#12987=EDGE_CURVE('',#12982,#12974,#12986,.T.);
#12988=ORIENTED_EDGE('',*,*,#12987,.F.);
#12989=CARTESIAN_POINT('',(93.599913847,157.493144445,4.4));
#12990=VERTEX_POINT('',#12989);
#12991=CARTESIAN_POINT('',(93.599913847,157.493144445,4.4));
#12992=DIRECTION('',(-0.3782406,-0.925707323,0.));
#12993=VECTOR('',#12992,2.9);
#12994=LINE('',#12991,#12993);
#12995=EDGE_CURVE('',#12990,#12982,#12994,.T.);
#12996=ORIENTED_EDGE('',*,*,#12995,.F.);
#12997=CARTESIAN_POINT('',(91.823473148,159.785361372,4.4));
#12998=DIRECTION('',(0.612565759,-0.79041963,0.));
#12999=VECTOR('',#12998,2.9);
#13000=LINE('',#12997,#12999);
#13001=EDGE_CURVE('',#12958,#12990,#13000,.T.);
#13002=ORIENTED_EDGE('',*,*,#13001,.F.);
#13003=EDGE_LOOP('',(#12964,#12972,#12980,#12988,#12996,#13002));
#13004=FACE_BOUND('',#13003,.T.);
#13005=ADVANCED_FACE('',(#12954,#13004),#12951,.F.);
#13006=CARTESIAN_POINT('',(87.853236968,156.708475823,4.4));
#13007=DIRECTION('',(0.925707323,-0.3782406,-0.));
#13008=DIRECTION('',(-0.3782406,-0.925707323,0.));
#13009=AXIS2_PLACEMENT_3D('',#13006,#13007,#13008);
#13010=PLANE('',#13009);
#13011=ORIENTED_EDGE('',*,*,#9937,.F.);
#13012=CARTESIAN_POINT('',(87.853236968,156.708475823,4.4));
#13013=DIRECTION('',(0.,0.,1.));
#13014=VECTOR('',#13013,35.);
#13015=LINE('',#13012,#13014);
#13016=EDGE_CURVE('',#12966,#9930,#13015,.T.);
#13017=ORIENTED_EDGE('',*,*,#13016,.F.);
#13018=ORIENTED_EDGE('',*,*,#12971,.T.);
#13019=CARTESIAN_POINT('',(88.950134708,159.393027061,4.4));
#13020=DIRECTION('',(0.,0.,1.));
#13021=VECTOR('',#13020,35.);
#13022=LINE('',#13019,#13021);
#13023=EDGE_CURVE('',#12956,#9932,#13022,.T.);
#13024=ORIENTED_EDGE('',*,*,#13023,.T.);
#13025=EDGE_LOOP('',(#13011,#13017,#13018,#13024));
#13026=FACE_BOUND('',#13025,.T.);
#13027=ADVANCED_FACE('',(#13026),#13010,.T.);
#13028=CARTESIAN_POINT('',(89.629677668,154.416258896,4.4));
#13029=DIRECTION('',(0.79041963,0.612565759,-0.));
#13030=DIRECTION('',(0.612565759,-0.79041963,0.));
#13031=AXIS2_PLACEMENT_3D('',#13028,#13029,#13030);
#13032=PLANE('',#13031);
#13033=ORIENTED_EDGE('',*,*,#9975,.F.);
#13034=CARTESIAN_POINT('',(89.629677668,154.416258896,4.4));
#13035=DIRECTION('',(0.,0.,1.));
#13036=VECTOR('',#13035,35.);
#13037=LINE('',#13034,#13036);
#13038=EDGE_CURVE('',#12974,#9964,#13037,.T.);
#13039=ORIENTED_EDGE('',*,*,#13038,.F.);
#13040=ORIENTED_EDGE('',*,*,#12979,.T.);
#13041=ORIENTED_EDGE('',*,*,#13016,.T.);
#13042=EDGE_LOOP('',(#13033,#13039,#13040,#13041));
#13043=FACE_BOUND('',#13042,.T.);
#13044=ADVANCED_FACE('',(#13043),#13032,.T.);
#13045=CARTESIAN_POINT('',(92.503016107,154.808593207,4.4));
#13046=DIRECTION('',(-0.135287693,0.990806358,-0.));
#13047=DIRECTION('',(0.990806358,0.135287693,-0.));
#13048=AXIS2_PLACEMENT_3D('',#13045,#13046,#13047);
#13049=PLANE('',#13048);
#13050=ORIENTED_EDGE('',*,*,#9969,.F.);
#13051=CARTESIAN_POINT('',(92.503016107,154.808593207,4.4));
#13052=DIRECTION('',(0.,0.,1.));
#13053=VECTOR('',#13052,35.);
#13054=LINE('',#13051,#13053);
#13055=EDGE_CURVE('',#12982,#9956,#13054,.T.);
#13056=ORIENTED_EDGE('',*,*,#13055,.F.);
#13057=ORIENTED_EDGE('',*,*,#12987,.T.);
#13058=ORIENTED_EDGE('',*,*,#13038,.T.);
#13059=EDGE_LOOP('',(#13050,#13056,#13057,#13058));
#13060=FACE_BOUND('',#13059,.T.);
#13061=ADVANCED_FACE('',(#13060),#13049,.T.);
#13062=CARTESIAN_POINT('',(93.599913847,157.493144445,4.4));
#13063=DIRECTION('',(-0.925707323,0.3782406,0.));
#13064=DIRECTION('',(0.,0.,1.));
#13065=AXIS2_PLACEMENT_3D('',#13062,#13063,#13064);
#13066=PLANE('',#13065);
#13067=ORIENTED_EDGE('',*,*,#9961,.F.);
#13068=CARTESIAN_POINT('',(93.599913847,157.493144445,4.4));
#13069=DIRECTION('',(0.,0.,1.));
#13070=VECTOR('',#13069,35.);
#13071=LINE('',#13068,#13070);
#13072=EDGE_CURVE('',#12990,#9948,#13071,.T.);
#13073=ORIENTED_EDGE('',*,*,#13072,.F.);
#13074=ORIENTED_EDGE('',*,*,#12995,.T.);
#13075=ORIENTED_EDGE('',*,*,#13055,.T.);
#13076=EDGE_LOOP('',(#13067,#13073,#13074,#13075));
#13077=FACE_BOUND('',#13076,.T.);
#13078=ADVANCED_FACE('',(#13077),#13066,.T.);
#13079=CARTESIAN_POINT('',(91.823473148,159.785361372,4.4));
#13080=DIRECTION('',(-0.79041963,-0.612565759,0.));
#13081=DIRECTION('',(-0.612565759,0.79041963,-0.));
#13082=AXIS2_PLACEMENT_3D('',#13079,#13080,#13081);
#13083=PLANE('',#13082);
#13084=ORIENTED_EDGE('',*,*,#9953,.F.);
#13085=CARTESIAN_POINT('',(91.823473148,159.785361372,4.4));
#13086=DIRECTION('',(0.,0.,1.));
#13087=VECTOR('',#13086,35.);
#13088=LINE('',#13085,#13087);
#13089=EDGE_CURVE('',#12958,#9940,#13088,.T.);
#13090=ORIENTED_EDGE('',*,*,#13089,.F.);
#13091=ORIENTED_EDGE('',*,*,#13001,.T.);
#13092=ORIENTED_EDGE('',*,*,#13072,.T.);
#13093=EDGE_LOOP('',(#13084,#13090,#13091,#13092));
#13094=FACE_BOUND('',#13093,.T.);
#13095=ADVANCED_FACE('',(#13094),#13083,.T.);
#13096=CARTESIAN_POINT('',(88.950134708,159.393027061,4.4));
#13097=DIRECTION('',(0.135287693,-0.990806358,0.));
#13098=DIRECTION('',(-0.990806358,-0.135287693,0.));
#13099=AXIS2_PLACEMENT_3D('',#13096,#13097,#13098);
#13100=PLANE('',#13099);
#13101=ORIENTED_EDGE('',*,*,#9945,.F.);
#13102=ORIENTED_EDGE('',*,*,#13023,.F.);
#13103=ORIENTED_EDGE('',*,*,#12963,.T.);
#13104=ORIENTED_EDGE('',*,*,#13089,.T.);
#13105=EDGE_LOOP('',(#13101,#13102,#13103,#13104));
#13106=FACE_BOUND('',#13105,.T.);
#13107=ADVANCED_FACE('',(#13106),#13100,.T.);
#13108=CARTESIAN_POINT('',(130.570386969,201.71473948,4.4));
#13109=DIRECTION('',(-0.,-0.,-1.));
#13110=DIRECTION('',(0.911079107,0.412231562,-0.));
#13111=AXIS2_PLACEMENT_3D('',#13108,#13109,#13110);
#13112=PLANE('',#13111);
#13113=ORIENTED_EDGE('',*,*,#5479,.T.);
#13114=EDGE_LOOP('',(#13113));
#13115=FACE_BOUND('',#13114,.T.);
#13116=CARTESIAN_POINT('',(134.533581086,203.507946773,4.4));
#13117=VERTEX_POINT('',#13116);
#13118=CARTESIAN_POINT('',(136.889954504,201.817531347,4.4));
#13119=VERTEX_POINT('',#13118);
#13120=CARTESIAN_POINT('',(134.533581086,203.507946773,4.4));
#13121=DIRECTION('',(0.812542558,-0.582901871,-0.));
#13122=VECTOR('',#13121,2.9);
#13123=LINE('',#13120,#13122);
#13124=EDGE_CURVE('',#13117,#13119,#13123,.T.);
#13125=ORIENTED_EDGE('',*,*,#13124,.F.);
#13126=CARTESIAN_POINT('',(131.891451675,202.312475244,4.4));
#13127=VERTEX_POINT('',#13126);
#13128=CARTESIAN_POINT('',(131.891451675,202.312475244,4.4));
#13129=DIRECTION('',(0.911079107,0.412231562,-0.));
#13130=VECTOR('',#13129,2.9);
#13131=LINE('',#13128,#13130);
#13132=EDGE_CURVE('',#13127,#13117,#13131,.T.);
#13133=ORIENTED_EDGE('',*,*,#13132,.F.);
#13134=CARTESIAN_POINT('',(131.605695682,199.42658829,4.4));
#13135=VERTEX_POINT('',#13134);
#13136=CARTESIAN_POINT('',(131.605695682,199.42658829,4.4));
#13137=DIRECTION('',(0.098536549,0.995133433,-0.));
#13138=VECTOR('',#13137,2.9);
#13139=LINE('',#13136,#13138);
#13140=EDGE_CURVE('',#13135,#13127,#13139,.T.);
#13141=ORIENTED_EDGE('',*,*,#13140,.F.);
#13142=CARTESIAN_POINT('',(133.962069101,197.736172864,4.4));
#13143=VERTEX_POINT('',#13142);
#13144=CARTESIAN_POINT('',(133.962069101,197.736172864,4.4));
#13145=DIRECTION('',(-0.812542558,0.582901871,0.));
#13146=VECTOR('',#13145,2.9);
#13147=LINE('',#13144,#13146);
#13148=EDGE_CURVE('',#13143,#13135,#13147,.T.);
#13149=ORIENTED_EDGE('',*,*,#13148,.F.);
#13150=CARTESIAN_POINT('',(136.604198512,198.931644393,4.4));
#13151=VERTEX_POINT('',#13150);
#13152=CARTESIAN_POINT('',(136.604198512,198.931644393,4.4));
#13153=DIRECTION('',(-0.911079107,-0.412231562,0.));
#13154=VECTOR('',#13153,2.9);
#13155=LINE('',#13152,#13154);
#13156=EDGE_CURVE('',#13151,#13143,#13155,.T.);
#13157=ORIENTED_EDGE('',*,*,#13156,.F.);
#13158=CARTESIAN_POINT('',(136.889954504,201.817531347,4.4));
#13159=DIRECTION('',(-0.098536549,-0.995133433,0.));
#13160=VECTOR('',#13159,2.9);
#13161=LINE('',#13158,#13160);
#13162=EDGE_CURVE('',#13119,#13151,#13161,.T.);
#13163=ORIENTED_EDGE('',*,*,#13162,.F.);
#13164=EDGE_LOOP('',(#13125,#13133,#13141,#13149,#13157,#13163));
#13165=FACE_BOUND('',#13164,.T.);
#13166=ADVANCED_FACE('',(#13115,#13165),#13112,.F.);
#13167=CARTESIAN_POINT('',(131.891451675,202.312475244,4.4));
#13168=DIRECTION('',(0.412231562,-0.911079107,0.));
#13169=DIRECTION('',(-0.911079107,-0.412231562,0.));
#13170=AXIS2_PLACEMENT_3D('',#13167,#13168,#13169);
#13171=PLANE('',#13170);
#13172=ORIENTED_EDGE('',*,*,#10260,.F.);
#13173=CARTESIAN_POINT('',(131.891451675,202.312475244,4.4));
#13174=DIRECTION('',(0.,0.,1.));
#13175=VECTOR('',#13174,35.);
#13176=LINE('',#13173,#13175);
#13177=EDGE_CURVE('',#13127,#10253,#13176,.T.);
#13178=ORIENTED_EDGE('',*,*,#13177,.F.);
#13179=ORIENTED_EDGE('',*,*,#13132,.T.);
#13180=CARTESIAN_POINT('',(134.533581086,203.507946773,4.4));
#13181=DIRECTION('',(0.,0.,1.));
#13182=VECTOR('',#13181,35.);
#13183=LINE('',#13180,#13182);
#13184=EDGE_CURVE('',#13117,#10255,#13183,.T.);
#13185=ORIENTED_EDGE('',*,*,#13184,.T.);
#13186=EDGE_LOOP('',(#13172,#13178,#13179,#13185));
#13187=FACE_BOUND('',#13186,.T.);
#13188=ADVANCED_FACE('',(#13187),#13171,.T.);
#13189=CARTESIAN_POINT('',(131.605695682,199.42658829,4.4));
#13190=DIRECTION('',(0.995133433,-0.098536549,-0.));
#13191=DIRECTION('',(-0.098536549,-0.995133433,0.));
#13192=AXIS2_PLACEMENT_3D('',#13189,#13190,#13191);
#13193=PLANE('',#13192);
#13194=ORIENTED_EDGE('',*,*,#10298,.F.);
#13195=CARTESIAN_POINT('',(131.605695682,199.42658829,4.4));
#13196=DIRECTION('',(0.,0.,1.));
#13197=VECTOR('',#13196,35.);
#13198=LINE('',#13195,#13197);
#13199=EDGE_CURVE('',#13135,#10287,#13198,.T.);
#13200=ORIENTED_EDGE('',*,*,#13199,.F.);
#13201=ORIENTED_EDGE('',*,*,#13140,.T.);
#13202=ORIENTED_EDGE('',*,*,#13177,.T.);
#13203=EDGE_LOOP('',(#13194,#13200,#13201,#13202));
#13204=FACE_BOUND('',#13203,.T.);
#13205=ADVANCED_FACE('',(#13204),#13193,.T.);
#13206=CARTESIAN_POINT('',(133.962069101,197.736172864,4.4));
#13207=DIRECTION('',(0.582901871,0.812542558,-0.));
#13208=DIRECTION('',(0.812542558,-0.582901871,-0.));
#13209=AXIS2_PLACEMENT_3D('',#13206,#13207,#13208);
#13210=PLANE('',#13209);
#13211=ORIENTED_EDGE('',*,*,#10292,.F.);
#13212=CARTESIAN_POINT('',(133.962069101,197.736172864,4.4));
#13213=DIRECTION('',(0.,0.,1.));
#13214=VECTOR('',#13213,35.);
#13215=LINE('',#13212,#13214);
#13216=EDGE_CURVE('',#13143,#10279,#13215,.T.);
#13217=ORIENTED_EDGE('',*,*,#13216,.F.);
#13218=ORIENTED_EDGE('',*,*,#13148,.T.);
#13219=ORIENTED_EDGE('',*,*,#13199,.T.);
#13220=EDGE_LOOP('',(#13211,#13217,#13218,#13219));
#13221=FACE_BOUND('',#13220,.T.);
#13222=ADVANCED_FACE('',(#13221),#13210,.T.);
#13223=CARTESIAN_POINT('',(136.604198512,198.931644393,4.4));
#13224=DIRECTION('',(-0.412231562,0.911079107,-0.));
#13225=DIRECTION('',(0.911079107,0.412231562,-0.));
#13226=AXIS2_PLACEMENT_3D('',#13223,#13224,#13225);
#13227=PLANE('',#13226);
#13228=ORIENTED_EDGE('',*,*,#10284,.F.);
#13229=CARTESIAN_POINT('',(136.604198512,198.931644393,4.4));
#13230=DIRECTION('',(0.,0.,1.));
#13231=VECTOR('',#13230,35.);
#13232=LINE('',#13229,#13231);
#13233=EDGE_CURVE('',#13151,#10271,#13232,.T.);
#13234=ORIENTED_EDGE('',*,*,#13233,.F.);
#13235=ORIENTED_EDGE('',*,*,#13156,.T.);
#13236=ORIENTED_EDGE('',*,*,#13216,.T.);
#13237=EDGE_LOOP('',(#13228,#13234,#13235,#13236));
#13238=FACE_BOUND('',#13237,.T.);
#13239=ADVANCED_FACE('',(#13238),#13227,.T.);
#13240=CARTESIAN_POINT('',(136.889954504,201.817531347,4.4));
#13241=DIRECTION('',(-0.995133433,0.098536549,0.));
#13242=DIRECTION('',(0.098536549,0.995133433,-0.));
#13243=AXIS2_PLACEMENT_3D('',#13240,#13241,#13242);
#13244=PLANE('',#13243);
#13245=ORIENTED_EDGE('',*,*,#10276,.F.);
#13246=CARTESIAN_POINT('',(136.889954504,201.817531347,4.4));
#13247=DIRECTION('',(0.,0.,1.));
#13248=VECTOR('',#13247,35.);
#13249=LINE('',#13246,#13248);
#13250=EDGE_CURVE('',#13119,#10263,#13249,.T.);
#13251=ORIENTED_EDGE('',*,*,#13250,.F.);
#13252=ORIENTED_EDGE('',*,*,#13162,.T.);
#13253=ORIENTED_EDGE('',*,*,#13233,.T.);
#13254=EDGE_LOOP('',(#13245,#13251,#13252,#13253));
#13255=FACE_BOUND('',#13254,.T.);
#13256=ADVANCED_FACE('',(#13255),#13244,.T.);
#13257=CARTESIAN_POINT('',(134.533581086,203.507946773,4.4));
#13258=DIRECTION('',(-0.582901871,-0.812542558,0.));
#13259=DIRECTION('',(-0.812542558,0.582901871,0.));
#13260=AXIS2_PLACEMENT_3D('',#13257,#13258,#13259);
#13261=PLANE('',#13260);
#13262=ORIENTED_EDGE('',*,*,#10268,.F.);
#13263=ORIENTED_EDGE('',*,*,#13184,.F.);
#13264=ORIENTED_EDGE('',*,*,#13124,.T.);
#13265=ORIENTED_EDGE('',*,*,#13250,.T.);
#13266=EDGE_LOOP('',(#13262,#13263,#13264,#13265));
#13267=FACE_BOUND('',#13266,.T.);
#13268=ADVANCED_FACE('',(#13267),#13261,.T.);
#13269=CARTESIAN_POINT('',(202.195560075,204.043847128,4.4));
#13270=DIRECTION('',(-0.,-0.,-1.));
#13271=DIRECTION('',(0.925707323,-0.3782406,-0.));
#13272=AXIS2_PLACEMENT_3D('',#13269,#13270,#13271);
#13273=PLANE('',#13272);
#13274=ORIENTED_EDGE('',*,*,#5529,.T.);
#13275=EDGE_LOOP('',(#13274));
#13276=FACE_BOUND('',#13275,.T.);
#13277=CARTESIAN_POINT('',(206.222386931,202.398500518,4.4));
#13278=VERTEX_POINT('',#13277);
#13279=CARTESIAN_POINT('',(206.614721242,199.525162078,4.4));
#13280=VERTEX_POINT('',#13279);
#13281=CARTESIAN_POINT('',(206.222386931,202.398500518,4.4));
#13282=DIRECTION('',(0.135287693,-0.990806358,0.));
#13283=VECTOR('',#13282,2.9);
#13284=LINE('',#13281,#13283);
#13285=EDGE_CURVE('',#13278,#13280,#13284,.T.);
#13286=ORIENTED_EDGE('',*,*,#13285,.F.);
#13287=CARTESIAN_POINT('',(203.537835693,203.495398258,4.4));
#13288=VERTEX_POINT('',#13287);
#13289=CARTESIAN_POINT('',(203.537835693,203.495398258,4.4));
#13290=DIRECTION('',(0.925707323,-0.3782406,-0.));
#13291=VECTOR('',#13290,2.9);
#13292=LINE('',#13289,#13291);
#13293=EDGE_CURVE('',#13288,#13278,#13292,.T.);
#13294=ORIENTED_EDGE('',*,*,#13293,.F.);
#13295=CARTESIAN_POINT('',(201.245618766,201.718957558,4.4));
#13296=VERTEX_POINT('',#13295);
#13297=CARTESIAN_POINT('',(201.245618766,201.718957558,4.4));
#13298=DIRECTION('',(0.79041963,0.612565759,-0.));
#13299=VECTOR('',#13298,2.9);
#13300=LINE('',#13297,#13299);
#13301=EDGE_CURVE('',#13296,#13288,#13300,.T.);
#13302=ORIENTED_EDGE('',*,*,#13301,.F.);
#13303=CARTESIAN_POINT('',(201.637953077,198.845619118,4.4));
#13304=VERTEX_POINT('',#13303);
#13305=CARTESIAN_POINT('',(201.637953077,198.845619118,4.4));
#13306=DIRECTION('',(-0.135287693,0.990806358,-0.));
#13307=VECTOR('',#13306,2.9);
#13308=LINE('',#13305,#13307);
#13309=EDGE_CURVE('',#13304,#13296,#13308,.T.);
#13310=ORIENTED_EDGE('',*,*,#13309,.F.);
#13311=CARTESIAN_POINT('',(204.322504315,197.748721379,4.4));
#13312=VERTEX_POINT('',#13311);
#13313=CARTESIAN_POINT('',(204.322504315,197.748721379,4.4));
#13314=DIRECTION('',(-0.925707323,0.3782406,0.));
#13315=VECTOR('',#13314,2.9);
#13316=LINE('',#13313,#13315);
#13317=EDGE_CURVE('',#13312,#13304,#13316,.T.);
#13318=ORIENTED_EDGE('',*,*,#13317,.F.);
#13319=CARTESIAN_POINT('',(206.614721242,199.525162078,4.4));
#13320=DIRECTION('',(-0.79041963,-0.612565759,0.));
#13321=VECTOR('',#13320,2.9);
#13322=LINE('',#13319,#13321);
#13323=EDGE_CURVE('',#13280,#13312,#13322,.T.);
#13324=ORIENTED_EDGE('',*,*,#13323,.F.);
#13325=EDGE_LOOP('',(#13286,#13294,#13302,#13310,#13318,#13324));
#13326=FACE_BOUND('',#13325,.T.);
#13327=ADVANCED_FACE('',(#13276,#13326),#13273,.F.);
#13328=CARTESIAN_POINT('',(203.537835693,203.495398258,4.4));
#13329=DIRECTION('',(-0.3782406,-0.925707323,0.));
#13330=DIRECTION('',(-0.925707323,0.3782406,0.));
#13331=AXIS2_PLACEMENT_3D('',#13328,#13329,#13330);
#13332=PLANE('',#13331);
#13333=ORIENTED_EDGE('',*,*,#10210,.F.);
#13334=CARTESIAN_POINT('',(203.537835693,203.495398258,4.4));
#13335=DIRECTION('',(0.,0.,1.));
#13336=VECTOR('',#13335,35.);
#13337=LINE('',#13334,#13336);
#13338=EDGE_CURVE('',#13288,#10203,#13337,.T.);
#13339=ORIENTED_EDGE('',*,*,#13338,.F.);
#13340=ORIENTED_EDGE('',*,*,#13293,.T.);
#13341=CARTESIAN_POINT('',(206.222386931,202.398500518,4.4));
#13342=DIRECTION('',(0.,0.,1.));
#13343=VECTOR('',#13342,35.);
#13344=LINE('',#13341,#13343);
#13345=EDGE_CURVE('',#13278,#10205,#13344,.T.);
#13346=ORIENTED_EDGE('',*,*,#13345,.T.);
#13347=EDGE_LOOP('',(#13333,#13339,#13340,#13346));
#13348=FACE_BOUND('',#13347,.T.);
#13349=ADVANCED_FACE('',(#13348),#13332,.T.);
#13350=CARTESIAN_POINT('',(201.245618766,201.718957558,4.4));
#13351=DIRECTION('',(0.612565759,-0.79041963,0.));
#13352=DIRECTION('',(-0.79041963,-0.612565759,0.));
#13353=AXIS2_PLACEMENT_3D('',#13350,#13351,#13352);
#13354=PLANE('',#13353);
#13355=ORIENTED_EDGE('',*,*,#10248,.F.);
#13356=CARTESIAN_POINT('',(201.245618766,201.718957558,4.4));
#13357=DIRECTION('',(0.,0.,1.));
#13358=VECTOR('',#13357,35.);
#13359=LINE('',#13356,#13358);
#13360=EDGE_CURVE('',#13296,#10237,#13359,.T.);
#13361=ORIENTED_EDGE('',*,*,#13360,.F.);
#13362=ORIENTED_EDGE('',*,*,#13301,.T.);
#13363=ORIENTED_EDGE('',*,*,#13338,.T.);
#13364=EDGE_LOOP('',(#13355,#13361,#13362,#13363));
#13365=FACE_BOUND('',#13364,.T.);
#13366=ADVANCED_FACE('',(#13365),#13354,.T.);
#13367=CARTESIAN_POINT('',(201.637953077,198.845619118,4.4));
#13368=DIRECTION('',(0.990806358,0.135287693,-0.));
#13369=DIRECTION('',(0.135287693,-0.990806358,0.));
#13370=AXIS2_PLACEMENT_3D('',#13367,#13368,#13369);
#13371=PLANE('',#13370);
#13372=ORIENTED_EDGE('',*,*,#10242,.F.);
#13373=CARTESIAN_POINT('',(201.637953077,198.845619118,4.4));
#13374=DIRECTION('',(0.,0.,1.));
#13375=VECTOR('',#13374,35.);
#13376=LINE('',#13373,#13375);
#13377=EDGE_CURVE('',#13304,#10229,#13376,.T.);
#13378=ORIENTED_EDGE('',*,*,#13377,.F.);
#13379=ORIENTED_EDGE('',*,*,#13309,.T.);
#13380=ORIENTED_EDGE('',*,*,#13360,.T.);
#13381=EDGE_LOOP('',(#13372,#13378,#13379,#13380));
#13382=FACE_BOUND('',#13381,.T.);
#13383=ADVANCED_FACE('',(#13382),#13371,.T.);
#13384=CARTESIAN_POINT('',(204.322504315,197.748721379,4.4));
#13385=DIRECTION('',(0.3782406,0.925707323,-0.));
#13386=DIRECTION('',(0.925707323,-0.3782406,-0.));
#13387=AXIS2_PLACEMENT_3D('',#13384,#13385,#13386);
#13388=PLANE('',#13387);
#13389=ORIENTED_EDGE('',*,*,#10234,.F.);
#13390=CARTESIAN_POINT('',(204.322504315,197.748721379,4.4));
#13391=DIRECTION('',(0.,0.,1.));
#13392=VECTOR('',#13391,35.);
#13393=LINE('',#13390,#13392);
#13394=EDGE_CURVE('',#13312,#10221,#13393,.T.);
#13395=ORIENTED_EDGE('',*,*,#13394,.F.);
#13396=ORIENTED_EDGE('',*,*,#13317,.T.);
#13397=ORIENTED_EDGE('',*,*,#13377,.T.);
#13398=EDGE_LOOP('',(#13389,#13395,#13396,#13397));
#13399=FACE_BOUND('',#13398,.T.);
#13400=ADVANCED_FACE('',(#13399),#13388,.T.);
#13401=CARTESIAN_POINT('',(206.614721242,199.525162078,4.4));
#13402=DIRECTION('',(-0.612565759,0.79041963,-0.));
#13403=DIRECTION('',(0.79041963,0.612565759,-0.));
#13404=AXIS2_PLACEMENT_3D('',#13401,#13402,#13403);
#13405=PLANE('',#13404);
#13406=ORIENTED_EDGE('',*,*,#10226,.F.);
#13407=CARTESIAN_POINT('',(206.614721242,199.525162078,4.4));
#13408=DIRECTION('',(0.,0.,1.));
#13409=VECTOR('',#13408,35.);
#13410=LINE('',#13407,#13409);
#13411=EDGE_CURVE('',#13280,#10213,#13410,.T.);
#13412=ORIENTED_EDGE('',*,*,#13411,.F.);
#13413=ORIENTED_EDGE('',*,*,#13323,.T.);
#13414=ORIENTED_EDGE('',*,*,#13394,.T.);
#13415=EDGE_LOOP('',(#13406,#13412,#13413,#13414));
#13416=FACE_BOUND('',#13415,.T.);
#13417=ADVANCED_FACE('',(#13416),#13405,.T.);
#13418=CARTESIAN_POINT('',(206.222386931,202.398500518,4.4));
#13419=DIRECTION('',(-0.990806358,-0.135287693,0.));
#13420=DIRECTION('',(-0.135287693,0.990806358,-0.));
#13421=AXIS2_PLACEMENT_3D('',#13418,#13419,#13420);
#13422=PLANE('',#13421);
#13423=ORIENTED_EDGE('',*,*,#10218,.F.);
#13424=ORIENTED_EDGE('',*,*,#13345,.F.);
#13425=ORIENTED_EDGE('',*,*,#13285,.T.);
#13426=ORIENTED_EDGE('',*,*,#13411,.T.);
#13427=EDGE_LOOP('',(#13423,#13424,#13425,#13426));
#13428=FACE_BOUND('',#13427,.T.);
#13429=ADVANCED_FACE('',(#13428),#13422,.T.);
#13430=CARTESIAN_POINT('',(201.471840453,50.503239036,33.6));
#13431=DIRECTION('',(-1.,0.,0.));
#13432=DIRECTION('',(0.,0.,1.));
#13433=AXIS2_PLACEMENT_3D('',#13430,#13431,#13432);
#13434=PLANE('',#13433);
#13435=ORIENTED_EDGE('',*,*,#380,.T.);
#13436=ORIENTED_EDGE('',*,*,#312,.F.);
#13437=CARTESIAN_POINT('',(201.471840453,38.823425603,41.4));
#13438=DIRECTION('',(-0.,1.,-0.));
#13439=VECTOR('',#13438,3.63352168);
#13440=LINE('',#13437,#13439);
#13441=EDGE_CURVE('',#298,#234,#13440,.T.);
#13442=ORIENTED_EDGE('',*,*,#13441,.T.);
#13443=ORIENTED_EDGE('',*,*,#239,.F.);
#13444=EDGE_LOOP('',(#13435,#13436,#13442,#13443));
#13445=FACE_BOUND('',#13444,.T.);
#13446=ADVANCED_FACE('',(#13445),#13434,.T.);
#13447=CARTESIAN_POINT('',(201.471840453,50.503239036,33.6));
#13448=DIRECTION('',(-1.,0.,0.));
#13449=DIRECTION('',(0.,0.,1.));
#13450=AXIS2_PLACEMENT_3D('',#13447,#13448,#13449);
#13451=PLANE('',#13450);
#13452=ORIENTED_EDGE('',*,*,#208,.F.);
#13453=CARTESIAN_POINT('',(201.471840453,51.736311599,41.4));
#13454=VERTEX_POINT('',#13453);
#13455=CARTESIAN_POINT('',(201.471840453,45.33748379,41.4));
#13456=DIRECTION('',(-0.,1.,-0.));
#13457=VECTOR('',#13456,6.398827808);
#13458=LINE('',#13455,#13457);
#13459=EDGE_CURVE('',#195,#13454,#13458,.T.);
#13460=ORIENTED_EDGE('',*,*,#13459,.T.);
#13461=CARTESIAN_POINT('',(201.471840453,51.736311599,41.4));
#13462=DIRECTION('',(-0.,-0.,-1.));
#13463=VECTOR('',#13462,2.);
#13464=LINE('',#13461,#13463);
#13465=EDGE_CURVE('',#13454,#91,#13464,.T.);
#13466=ORIENTED_EDGE('',*,*,#13465,.T.);
#13467=ORIENTED_EDGE('',*,*,#134,.T.);
#13468=ORIENTED_EDGE('',*,*,#658,.T.);
#13469=ORIENTED_EDGE('',*,*,#351,.T.);
#13470=EDGE_LOOP('',(#13452,#13460,#13466,#13467,#13468,#13469));
#13471=FACE_BOUND('',#13470,.T.);
#13472=ADVANCED_FACE('',(#13471),#13451,.T.);
#13473=CARTESIAN_POINT('',(201.780419001,51.736311599,41.4));
#13474=DIRECTION('',(0.,-1.,0.));
#13475=DIRECTION('',(0.,-0.,-1.));
#13476=AXIS2_PLACEMENT_3D('',#13473,#13474,#13475);
#13477=PLANE('',#13476);
#13478=ORIENTED_EDGE('',*,*,#96,.T.);
#13479=ORIENTED_EDGE('',*,*,#13465,.F.);
#13480=CARTESIAN_POINT('',(202.088997548,51.736311599,41.4));
#13481=DIRECTION('',(-1.,0.,0.));
#13482=VECTOR('',#13481,0.617157095);
#13483=LINE('',#13480,#13482);
#13484=EDGE_CURVE('',#824,#13454,#13483,.T.);
#13485=ORIENTED_EDGE('',*,*,#13484,.F.);
#13486=ORIENTED_EDGE('',*,*,#857,.T.);
#13487=EDGE_LOOP('',(#13478,#13479,#13485,#13486));
#13488=FACE_BOUND('',#13487,.T.);
#13489=ADVANCED_FACE('',(#13488),#13477,.F.);
#13490=CARTESIAN_POINT('',(0.,0.,41.4));
#13491=DIRECTION('',(0.,0.,1.));
#13492=DIRECTION('',(1.,-0.,-0.));
#13493=AXIS2_PLACEMENT_3D('',#13490,#13491,#13492);
#13494=PLANE('',#13493);
#13495=ORIENTED_EDGE('',*,*,#304,.F.);
#13496=CARTESIAN_POINT('',(209.093684006,43.317411579,41.4));
#13497=DIRECTION('',(0.,0.,1.));
#13498=DIRECTION('',(1.,0.,-0.));
#13499=AXIS2_PLACEMENT_3D('',#13496,#13497,#13498);
#13500=CIRCLE('',#13499,1.);
#13501=EDGE_CURVE('',#290,#822,#13500,.T.);
#13502=ORIENTED_EDGE('',*,*,#13501,.T.);
#13503=ORIENTED_EDGE('',*,*,#829,.T.);
#13504=ORIENTED_EDGE('',*,*,#13484,.T.);
#13505=ORIENTED_EDGE('',*,*,#13459,.F.);
#13506=ORIENTED_EDGE('',*,*,#200,.T.);
#13507=ORIENTED_EDGE('',*,*,#543,.T.);
#13508=ORIENTED_EDGE('',*,*,#574,.T.);
#13509=ORIENTED_EDGE('',*,*,#596,.T.);
#13510=ORIENTED_EDGE('',*,*,#247,.T.);
#13511=ORIENTED_EDGE('',*,*,#13441,.F.);
#13512=EDGE_LOOP('',(#13495,#13502,#13503,#13504,#13505,#13506,#13507,#13508,#13509,#13510,#13511));
#13513=FACE_BOUND('',#13512,.T.);
#13514=ADVANCED_FACE('',(#13513),#13494,.T.);
#13515=CARTESIAN_POINT('',(90.146771449,162.264324135,4.4));
#13516=DIRECTION('',(-0.,-0.,-1.));
#13517=DIRECTION('',(-1.,0.,0.));
#13518=AXIS2_PLACEMENT_3D('',#13515,#13516,#13517);
#13519=CYLINDRICAL_SURFACE('',#13518,1.);
#13520=ORIENTED_EDGE('',*,*,#10028,.F.);
#13521=ORIENTED_EDGE('',*,*,#8260,.F.);
#13522=ORIENTED_EDGE('',*,*,#2782,.F.);
#13523=ORIENTED_EDGE('',*,*,#8243,.F.);
#13524=EDGE_LOOP('',(#13520,#13521,#13522,#13523));
#13525=FACE_BOUND('',#13524,.T.);
#13526=ADVANCED_FACE('',(#13525),#13519,.T.);
#13527=CARTESIAN_POINT('',(129.08431109,201.201863776,4.4));
#13528=DIRECTION('',(-0.,-0.,-1.));
#13529=DIRECTION('',(-1.,0.,0.));
#13530=AXIS2_PLACEMENT_3D('',#13527,#13528,#13529);
#13531=CYLINDRICAL_SURFACE('',#13530,1.);
#13532=CARTESIAN_POINT('',(128.08431109,201.201863776,2.));
#13533=DIRECTION('',(0.,0.,1.));
#13534=VECTOR('',#13533,37.4);
#13535=LINE('',#13532,#13534);
#13536=EDGE_CURVE('',#2825,#10173,#13535,.T.);
#13537=ORIENTED_EDGE('',*,*,#13536,.T.);
#13538=ORIENTED_EDGE('',*,*,#10179,.F.);
#13539=ORIENTED_EDGE('',*,*,#8750,.F.);
#13540=ORIENTED_EDGE('',*,*,#2840,.F.);
#13541=EDGE_LOOP('',(#13537,#13538,#13539,#13540));
#13542=FACE_BOUND('',#13541,.T.);
#13543=ADVANCED_FACE('',(#13542),#13531,.T.);
#13544=CARTESIAN_POINT('',(209.093684006,201.201863776,4.4));
#13545=DIRECTION('',(-0.,-0.,-1.));
#13546=DIRECTION('',(-1.,0.,0.));
#13547=AXIS2_PLACEMENT_3D('',#13544,#13545,#13546);
#13548=CYLINDRICAL_SURFACE('',#13547,1.);
#13549=ORIENTED_EDGE('',*,*,#10169,.F.);
#13550=ORIENTED_EDGE('',*,*,#4269,.F.);
#13551=ORIENTED_EDGE('',*,*,#2858,.F.);
#13552=ORIENTED_EDGE('',*,*,#8743,.F.);
#13553=EDGE_LOOP('',(#13549,#13550,#13551,#13552));
#13554=FACE_BOUND('',#13553,.T.);
#13555=ADVANCED_FACE('',(#13554),#13548,.T.);
#13556=CARTESIAN_POINT('',(248.031223647,162.264324135,4.4));
#13557=DIRECTION('',(-0.,-0.,-1.));
#13558=DIRECTION('',(-1.,0.,0.));
#13559=AXIS2_PLACEMENT_3D('',#13556,#13557,#13558);
#13560=CYLINDRICAL_SURFACE('',#13559,1.);
#13561=ORIENTED_EDGE('',*,*,#4985,.F.);
#13562=ORIENTED_EDGE('',*,*,#8772,.F.);
#13563=ORIENTED_EDGE('',*,*,#2898,.F.);
#13564=ORIENTED_EDGE('',*,*,#9430,.F.);
#13565=EDGE_LOOP('',(#13561,#13562,#13563,#13564));
#13566=FACE_BOUND('',#13565,.T.);
#13567=ADVANCED_FACE('',(#13566),#13560,.T.);
#13568=CARTESIAN_POINT('',(248.502185056,83.198203373,4.4));
#13569=DIRECTION('',(-0.,-0.,-1.));
#13570=DIRECTION('',(-1.,0.,0.));
#13571=AXIS2_PLACEMENT_3D('',#13568,#13569,#13570);
#13572=CYLINDRICAL_SURFACE('',#13571,1.);
#13573=ORIENTED_EDGE('',*,*,#4967,.F.);
#13574=ORIENTED_EDGE('',*,*,#9147,.F.);
#13575=ORIENTED_EDGE('',*,*,#2916,.F.);
#13576=ORIENTED_EDGE('',*,*,#8765,.F.);
#13577=EDGE_LOOP('',(#13573,#13574,#13575,#13576));
#13578=FACE_BOUND('',#13577,.T.);
#13579=ADVANCED_FACE('',(#13578),#13572,.T.);
#13580=CARTESIAN_POINT('',(209.093684006,43.317411579,4.4));
#13581=DIRECTION('',(-0.,-0.,-1.));
#13582=DIRECTION('',(-1.,0.,0.));
#13583=AXIS2_PLACEMENT_3D('',#13580,#13581,#13582);
#13584=CYLINDRICAL_SURFACE('',#13583,1.);
#13585=ORIENTED_EDGE('',*,*,#13501,.F.);
#13586=ORIENTED_EDGE('',*,*,#295,.F.);
#13587=ORIENTED_EDGE('',*,*,#2933,.F.);
#13588=ORIENTED_EDGE('',*,*,#837,.F.);
#13589=EDGE_LOOP('',(#13585,#13586,#13587,#13588));
#13590=FACE_BOUND('',#13589,.T.);
#13591=ADVANCED_FACE('',(#13590),#13584,.T.);
#13592=CARTESIAN_POINT('',(90.146771449,82.25495122,4.4));
#13593=DIRECTION('',(-0.,-0.,-1.));
#13594=DIRECTION('',(-1.,0.,0.));
#13595=AXIS2_PLACEMENT_3D('',#13592,#13593,#13594);
#13596=CYLINDRICAL_SURFACE('',#13595,1.);
#13597=ORIENTED_EDGE('',*,*,#9985,.F.);
#13598=ORIENTED_EDGE('',*,*,#8228,.F.);
#13599=ORIENTED_EDGE('',*,*,#2764,.F.);
#13600=ORIENTED_EDGE('',*,*,#7849,.F.);
#13601=EDGE_LOOP('',(#13597,#13598,#13599,#13600));
#13602=FACE_BOUND('',#13601,.T.);
#13603=ADVANCED_FACE('',(#13602),#13596,.T.);
#13604=CARTESIAN_POINT('',(128.150367455,43.797681507,4.4));
#13605=DIRECTION('',(-0.,-0.,-1.));
#13606=DIRECTION('',(-1.,0.,0.));
#13607=AXIS2_PLACEMENT_3D('',#13604,#13605,#13606);
#13608=CYLINDRICAL_SURFACE('',#13607,1.);
#13609=CARTESIAN_POINT('',(127.150367455,43.797681507,2.));
#13610=DIRECTION('',(0.,0.,1.));
#13611=VECTOR('',#13610,37.4);
#13612=LINE('',#13609,#13611);
#13613=EDGE_CURVE('',#2709,#1143,#13612,.T.);
#13614=ORIENTED_EDGE('',*,*,#13613,.T.);
#13615=ORIENTED_EDGE('',*,*,#1149,.F.);
#13616=ORIENTED_EDGE('',*,*,#9367,.F.);
#13617=ORIENTED_EDGE('',*,*,#2724,.F.);
#13618=EDGE_LOOP('',(#13614,#13615,#13616,#13617));
#13619=FACE_BOUND('',#13618,.T.);
#13620=ADVANCED_FACE('',(#13619),#13608,.T.);
#13621=CARTESIAN_POINT('',(116.942071255,137.359637677,37.));
#13622=DIRECTION('',(0.,0.,1.));
#13623=DIRECTION('',(0.,-1.,0.));
#13624=AXIS2_PLACEMENT_3D('',#13621,#13622,#13623);
#13625=PLANE('',#13624);
#13626=ORIENTED_EDGE('',*,*,#1777,.T.);
#13627=CARTESIAN_POINT('',(115.742071255,142.759637677,37.));
#13628=DIRECTION('',(1.,-0.,0.));
#13629=VECTOR('',#13628,2.4);
#13630=LINE('',#13627,#13629);
#13631=EDGE_CURVE('',#1764,#1887,#13630,.T.);
#13632=ORIENTED_EDGE('',*,*,#13631,.T.);
#13633=ORIENTED_EDGE('',*,*,#1892,.F.);
#13634=CARTESIAN_POINT('',(115.742071255,137.359637677,37.));
#13635=DIRECTION('',(1.,-0.,0.));
#13636=VECTOR('',#13635,2.4);
#13637=LINE('',#13634,#13636);
#13638=EDGE_CURVE('',#1772,#1879,#13637,.T.);
#13639=ORIENTED_EDGE('',*,*,#13638,.F.);
#13640=EDGE_LOOP('',(#13626,#13632,#13633,#13639));
#13641=FACE_BOUND('',#13640,.T.);
#13642=ADVANCED_FACE('',(#13641),#13625,.F.);
#13643=CARTESIAN_POINT('',(0.,137.359637677,-0.));
#13644=DIRECTION('',(-0.,-1.,0.));
#13645=DIRECTION('',(-0.,-0.,-1.));
#13646=AXIS2_PLACEMENT_3D('',#13643,#13644,#13645);
#13647=PLANE('',#13646);
#13648=ORIENTED_EDGE('',*,*,#1785,.T.);
#13649=ORIENTED_EDGE('',*,*,#13638,.T.);
#13650=ORIENTED_EDGE('',*,*,#1884,.T.);
#13651=ORIENTED_EDGE('',*,*,#10014,.T.);
#13652=EDGE_LOOP('',(#13648,#13649,#13650,#13651));
#13653=FACE_BOUND('',#13652,.T.);
#13654=ADVANCED_FACE('',(#13653),#13647,.T.);
#13655=CARTESIAN_POINT('',(116.942071255,142.759637677,37.));
#13656=DIRECTION('',(0.,0.707106781,0.707106781));
#13657=DIRECTION('',(1.,-0.,0.));
#13658=AXIS2_PLACEMENT_3D('',#13655,#13656,#13657);
#13659=PLANE('',#13658);
#13660=ORIENTED_EDGE('',*,*,#1769,.F.);
#13661=ORIENTED_EDGE('',*,*,#9469,.F.);
#13662=ORIENTED_EDGE('',*,*,#1900,.F.);
#13663=ORIENTED_EDGE('',*,*,#13631,.F.);
#13664=EDGE_LOOP('',(#13660,#13661,#13662,#13663));
#13665=FACE_BOUND('',#13664,.T.);
#13666=ADVANCED_FACE('',(#13665),#13659,.F.);
#13667=CARTESIAN_POINT('',(169.088997548,122.259637677,4.4));
#13668=DIRECTION('',(-0.,-0.,-1.));
#13669=DIRECTION('',(0.707106781,0.707106781,-0.));
#13670=AXIS2_PLACEMENT_3D('',#13667,#13668,#13669);
#13671=CYLINDRICAL_SURFACE('',#13670,46.887301629);
#13672=ORIENTED_EDGE('',*,*,#4156,.T.);
#13673=ORIENTED_EDGE('',*,*,#10570,.F.);
#13674=ORIENTED_EDGE('',*,*,#4189,.T.);
#13675=ORIENTED_EDGE('',*,*,#2989,.T.);
#13676=EDGE_LOOP('',(#13672,#13673,#13674,#13675));
#13677=FACE_BOUND('',#13676,.T.);
#13678=ADVANCED_FACE('',(#13677),#13671,.F.);
#13679=CARTESIAN_POINT('',(169.088997548,122.259637677,4.4));
#13680=DIRECTION('',(-0.,-0.,-1.));
#13681=DIRECTION('',(0.707106781,0.707106781,-0.));
#13682=AXIS2_PLACEMENT_3D('',#13679,#13680,#13681);
#13683=CYLINDRICAL_SURFACE('',#13682,43.887301629);
#13684=ORIENTED_EDGE('',*,*,#4219,.F.);
#13685=ORIENTED_EDGE('',*,*,#3006,.T.);
#13686=ORIENTED_EDGE('',*,*,#4203,.F.);
#13687=ORIENTED_EDGE('',*,*,#10580,.F.);
#13688=EDGE_LOOP('',(#13684,#13685,#13686,#13687));
#13689=FACE_BOUND('',#13688,.T.);
#13690=ADVANCED_FACE('',(#13689),#13683,.T.);
#13691=CARTESIAN_POINT('',(169.088997548,122.259637677,4.4));
#13692=DIRECTION('',(-0.,-0.,-1.));
#13693=DIRECTION('',(0.707106781,0.707106781,-0.));
#13694=AXIS2_PLACEMENT_3D('',#13691,#13692,#13693);
#13695=CYLINDRICAL_SURFACE('',#13694,16.887301629);
#13696=ORIENTED_EDGE('',*,*,#5869,.T.);
#13697=ORIENTED_EDGE('',*,*,#10537,.F.);
#13698=ORIENTED_EDGE('',*,*,#5846,.T.);
#13699=ORIENTED_EDGE('',*,*,#3212,.T.);
#13700=EDGE_LOOP('',(#13696,#13697,#13698,#13699));
#13701=FACE_BOUND('',#13700,.T.);
#13702=ADVANCED_FACE('',(#13701),#13695,.F.);
#13703=CARTESIAN_POINT('',(169.088997548,122.259637677,4.4));
#13704=DIRECTION('',(-0.,-0.,-1.));
#13705=DIRECTION('',(0.707106781,0.707106781,-0.));
#13706=AXIS2_PLACEMENT_3D('',#13703,#13704,#13705);
#13707=CYLINDRICAL_SURFACE('',#13706,19.887301629);
#13708=ORIENTED_EDGE('',*,*,#6219,.F.);
#13709=ORIENTED_EDGE('',*,*,#3373,.T.);
#13710=ORIENTED_EDGE('',*,*,#6259,.F.);
#13711=ORIENTED_EDGE('',*,*,#10509,.F.);
#13712=EDGE_LOOP('',(#13708,#13709,#13710,#13711));
#13713=FACE_BOUND('',#13712,.T.);
#13714=ADVANCED_FACE('',(#13713),#13707,.T.);
#13715=CARTESIAN_POINT('',(169.088997548,122.259637677,4.4));
#13716=DIRECTION('',(-0.,-0.,-1.));
#13717=DIRECTION('',(0.707106781,0.707106781,-0.));
#13718=AXIS2_PLACEMENT_3D('',#13715,#13716,#13717);
#13719=CYLINDRICAL_SURFACE('',#13718,22.887301629);
#13720=ORIENTED_EDGE('',*,*,#6275,.T.);
#13721=ORIENTED_EDGE('',*,*,#10499,.F.);
#13722=ORIENTED_EDGE('',*,*,#6245,.T.);
#13723=ORIENTED_EDGE('',*,*,#3356,.T.);
#13724=EDGE_LOOP('',(#13720,#13721,#13722,#13723));
#13725=FACE_BOUND('',#13724,.T.);
#13726=ADVANCED_FACE('',(#13725),#13719,.F.);
#13727=CARTESIAN_POINT('',(169.088997548,122.259637677,4.4));
#13728=DIRECTION('',(-0.,-0.,-1.));
#13729=DIRECTION('',(0.707106781,0.707106781,-0.));
#13730=AXIS2_PLACEMENT_3D('',#13727,#13728,#13729);
#13731=CYLINDRICAL_SURFACE('',#13730,25.887301629);
#13732=ORIENTED_EDGE('',*,*,#6625,.F.);
#13733=ORIENTED_EDGE('',*,*,#3535,.T.);
#13734=ORIENTED_EDGE('',*,*,#6665,.F.);
#13735=ORIENTED_EDGE('',*,*,#10471,.F.);
#13736=EDGE_LOOP('',(#13732,#13733,#13734,#13735));
#13737=FACE_BOUND('',#13736,.T.);
#13738=ADVANCED_FACE('',(#13737),#13731,.T.);
#13739=CARTESIAN_POINT('',(169.088997548,122.259637677,4.4));
#13740=DIRECTION('',(-0.,-0.,-1.));
#13741=DIRECTION('',(0.707106781,0.707106781,-0.));
#13742=AXIS2_PLACEMENT_3D('',#13739,#13740,#13741);
#13743=CYLINDRICAL_SURFACE('',#13742,28.887301629);
#13744=ORIENTED_EDGE('',*,*,#6681,.T.);
#13745=ORIENTED_EDGE('',*,*,#10461,.F.);
#13746=ORIENTED_EDGE('',*,*,#6651,.T.);
#13747=ORIENTED_EDGE('',*,*,#3518,.T.);
#13748=EDGE_LOOP('',(#13744,#13745,#13746,#13747));
#13749=FACE_BOUND('',#13748,.T.);
#13750=ADVANCED_FACE('',(#13749),#13743,.F.);
#13751=CARTESIAN_POINT('',(169.088997548,122.259637677,4.4));
#13752=DIRECTION('',(-0.,-0.,-1.));
#13753=DIRECTION('',(0.707106781,0.707106781,-0.));
#13754=AXIS2_PLACEMENT_3D('',#13751,#13752,#13753);
#13755=CYLINDRICAL_SURFACE('',#13754,31.887301629);
#13756=ORIENTED_EDGE('',*,*,#7031,.F.);
#13757=ORIENTED_EDGE('',*,*,#3697,.T.);
#13758=ORIENTED_EDGE('',*,*,#7071,.F.);
#13759=ORIENTED_EDGE('',*,*,#10433,.F.);
#13760=EDGE_LOOP('',(#13756,#13757,#13758,#13759));
#13761=FACE_BOUND('',#13760,.T.);
#13762=ADVANCED_FACE('',(#13761),#13755,.T.);
#13763=CARTESIAN_POINT('',(169.088997548,122.259637677,4.4));
#13764=DIRECTION('',(-0.,-0.,-1.));
#13765=DIRECTION('',(0.707106781,0.707106781,-0.));
#13766=AXIS2_PLACEMENT_3D('',#13763,#13764,#13765);
#13767=CYLINDRICAL_SURFACE('',#13766,34.887301629);
#13768=ORIENTED_EDGE('',*,*,#7087,.T.);
#13769=ORIENTED_EDGE('',*,*,#10423,.F.);
#13770=ORIENTED_EDGE('',*,*,#7057,.T.);
#13771=ORIENTED_EDGE('',*,*,#3680,.T.);
#13772=EDGE_LOOP('',(#13768,#13769,#13770,#13771));
#13773=FACE_BOUND('',#13772,.T.);
#13774=ADVANCED_FACE('',(#13773),#13767,.F.);
#13775=CARTESIAN_POINT('',(169.088997548,122.259637677,4.4));
#13776=DIRECTION('',(-0.,-0.,-1.));
#13777=DIRECTION('',(0.707106781,0.707106781,-0.));
#13778=AXIS2_PLACEMENT_3D('',#13775,#13776,#13777);
#13779=CYLINDRICAL_SURFACE('',#13778,37.887301629);
#13780=ORIENTED_EDGE('',*,*,#7437,.F.);
#13781=ORIENTED_EDGE('',*,*,#3859,.T.);
#13782=ORIENTED_EDGE('',*,*,#7477,.F.);
#13783=ORIENTED_EDGE('',*,*,#10395,.F.);
#13784=EDGE_LOOP('',(#13780,#13781,#13782,#13783));
#13785=FACE_BOUND('',#13784,.T.);
#13786=ADVANCED_FACE('',(#13785),#13779,.T.);
#13787=CARTESIAN_POINT('',(169.088997548,122.259637677,4.4));
#13788=DIRECTION('',(-0.,-0.,-1.));
#13789=DIRECTION('',(0.707106781,0.707106781,-0.));
#13790=AXIS2_PLACEMENT_3D('',#13787,#13788,#13789);
#13791=CYLINDRICAL_SURFACE('',#13790,40.887301629);
#13792=ORIENTED_EDGE('',*,*,#7493,.T.);
#13793=ORIENTED_EDGE('',*,*,#10385,.F.);
#13794=ORIENTED_EDGE('',*,*,#7463,.T.);
#13795=ORIENTED_EDGE('',*,*,#3842,.T.);
#13796=EDGE_LOOP('',(#13792,#13793,#13794,#13795));
#13797=FACE_BOUND('',#13796,.T.);
#13798=ADVANCED_FACE('',(#13797),#13791,.F.);
#13799=CARTESIAN_POINT('',(129.08431109,201.201863776,4.4));
#13800=DIRECTION('',(-0.,-0.,-1.));
#13801=DIRECTION('',(-1.,0.,0.));
#13802=AXIS2_PLACEMENT_3D('',#13799,#13800,#13801);
#13803=CYLINDRICAL_SURFACE('',#13802,1.);
#13804=ORIENTED_EDGE('',*,*,#13536,.F.);
#13805=ORIENTED_EDGE('',*,*,#2831,.F.);
#13806=ORIENTED_EDGE('',*,*,#4307,.F.);
#13807=ORIENTED_EDGE('',*,*,#10186,.F.);
#13808=EDGE_LOOP('',(#13804,#13805,#13806,#13807));
#13809=FACE_BOUND('',#13808,.T.);
#13810=ADVANCED_FACE('',(#13809),#13803,.T.);
#13811=CARTESIAN_POINT('',(128.150367455,43.797681507,4.4));
#13812=DIRECTION('',(-0.,-0.,-1.));
#13813=DIRECTION('',(-1.,0.,0.));
#13814=AXIS2_PLACEMENT_3D('',#13811,#13812,#13813);
#13815=CYLINDRICAL_SURFACE('',#13814,1.);
#13816=ORIENTED_EDGE('',*,*,#13613,.F.);
#13817=ORIENTED_EDGE('',*,*,#2715,.F.);
#13818=ORIENTED_EDGE('',*,*,#9237,.F.);
#13819=ORIENTED_EDGE('',*,*,#1158,.F.);
#13820=EDGE_LOOP('',(#13816,#13817,#13818,#13819));
#13821=FACE_BOUND('',#13820,.T.);
#13822=ADVANCED_FACE('',(#13821),#13815,.T.);
#13823=CLOSED_SHELL('',(#138,#178,#225,#272,#339,#387,#426,#443,#483,#523,#554,#585,#607,#711,#815,#861,#912,#928,#979,#1030,#1061,#1078,#1210,#1250,#1290,#1692,
#1723,#1810,#1832,#1910,#1950,#1981,#2383,#2414,#2477,#2499,#2553,#2584,#2615,#2646,#2670,#2687,#3986,#4010,#4027,#4052,#4077,#4102,#4127,#4144,#4176,
#4207,#4239,#4256,#4287,#4318,#4358,#4787,#4818,#4842,#4884,#4915,#4946,#5139,#5170,#5194,#5218,#5242,#5266,#5283,#5300,#5329,#5363,#5458,#5483,#5508,
#5533,#5558,#5583,#5614,#5638,#5656,#5687,#5711,#5729,#5760,#5784,#5802,#5833,#5857,#5882,#5913,#5938,#5962,#5980,#6011,#6036,#6060,#6078,#6109,#6134,
#6158,#6176,#6207,#6232,#6263,#6288,#6319,#6344,#6368,#6386,#6417,#6442,#6466,#6484,#6515,#6540,#6564,#6582,#6613,#6638,#6669,#6694,#6725,#6750,#6774,
#6792,#6823,#6848,#6872,#6890,#6921,#6946,#6970,#6988,#7019,#7044,#7075,#7100,#7131,#7156,#7180,#7198,#7229,#7254,#7278,#7296,#7327,#7352,#7376,#7394,
#7425,#7450,#7481,#7506,#7537,#7562,#7586,#7604,#7635,#7660,#7684,#7702,#7733,#7758,#7782,#7800,#7831,#7855,#8247,#8278,#8302,#8326,#8754,#9136,#9153,
#9178,#9202,#9226,#9249,#9271,#9293,#9315,#9327,#9339,#9356,#9373,#9390,#9407,#9419,#9436,#9458,#9480,#9492,#9527,#9562,#9593,#9624,#9642,#9676,#9727,
#9778,#9809,#9849,#9873,#10032,#10061,#10085,#10104,#10123,#10140,#10157,#10302,#10314,#10326,#10338,#10356,#10606,#10628,#10650,#10662,#10674,#10696,#10718,#10730,#10742,
#10764,#10786,#10798,#10810,#10832,#10854,#10866,#10878,#10900,#10922,#10934,#10946,#10968,#10990,#11002,#11014,#11036,#11058,#11070,#11082,#11104,#11126,#11138,#11150,#11172,
#11194,#11206,#11218,#11240,#11262,#11274,#11286,#11308,#11330,#11342,#11354,#11376,#11398,#11410,#11422,#11444,#11466,#11478,#11490,#11512,#11534,#11546,#11558,#11580,#11602,
#11614,#11626,#11648,#11670,#11682,#11694,#11716,#11738,#11750,#11762,#11784,#11806,#11818,#11830,#11852,#11874,#11886,#11898,#11920,#11942,#11954,#11966,#11988,#12010,#12022,
#12034,#12056,#12078,#12090,#12102,#12124,#12146,#12158,#12170,#12192,#12214,#12226,#12238,#12260,#12282,#12294,#12306,#12328,#12350,#12362,#12374,#12396,#12418,#12430,#12442,
#12464,#12486,#12498,#12510,#12532,#12554,#12566,#12578,#12595,#12612,#12624,#12683,#12705,#12722,#12739,#12756,#12773,#12785,#12844,#12866,#12883,#12900,#12917,#12934,#12946,
#13005,#13027,#13044,#13061,#13078,#13095,#13107,#13166,#13188,#13205,#13222,#13239,#13256,#13268,#13327,#13349,#13366,#13383,#13400,#13417,#13429,#13446,#13472,#13489,#13514,
#13526,#13543,#13555,#13567,#13579,#13591,#13603,#13620,#13642,#13654,#13666,#13678,#13690,#13702,#13714,#13726,#13738,#13750,#13762,#13774,#13786,#13798,#13810,#13822));
#13824=MANIFOLD_SOLID_BREP('\X2\5E955C42\X0\',#13823);
#13825=COLOUR_RGB('',0.580392182,0.580392182,0.580392182);
#13826=FILL_AREA_STYLE_COLOUR('',#13825);
#13827=FILL_AREA_STYLE('',(#13826));
#13828=SURFACE_STYLE_FILL_AREA(#13827);
#13829=SURFACE_SIDE_STYLE('',(#13828));
#13830=SURFACE_STYLE_USAGE(.BOTH.,#13829);
#13831=PRESENTATION_STYLE_ASSIGNMENT((#13830));
#82=STYLED_ITEM('',(#13831),#13824);
#63=SHAPE_REPRESENTATION('__',(#15),#61);
#64=ADVANCED_BREP_SHAPE_REPRESENTATION('__',(#13824),#61);
#13839=SHAPE_REPRESENTATION_RELATIONSHIP('','',#63,#64);
#13840=CARTESIAN_POINT('',(0.,0.,0.));
#13841=DIRECTION('',(0.,0.,1.));
#13842=DIRECTION('',(1.,0.,0.));
#13843=AXIS2_PLACEMENT_3D('',#13840,#13841,#13842);
#13845=MAPPED_ITEM('',#13844,#13843);
#13844=REPRESENTATION_MAP(#13843,#63);
#13846=APPLICATION_CONTEXT('Managed model based 3d engineering');
#13847=APPLICATION_PROTOCOL_DEFINITION('international standard','ap242_managed_model_based_3d_engineering',2014,#13846);
#13848=PRODUCT_CONTEXT('',#13846,'mechanical');
#13849=PRODUCT_DEFINITION_CONTEXT('part definition',#13846,'design');
#71=PRODUCT('__','__','',(#13848));
#13850=PRODUCT_RELATED_PRODUCT_CATEGORY('part','',(#71));
#13851=PRODUCT_DEFINITION_FORMATION_WITH_SPECIFIED_SOURCE('','',#71,.NOT_KNOWN.);
#72=PRODUCT_DEFINITION('design','',#13851,#13849);
#70=PRODUCT_DEFINITION_SHAPE('','',#72);
#13852=SHAPE_DEFINITION_REPRESENTATION(#70,#63);
#62=DRAUGHTING_MODEL('',(#13845),#61);
#35=SHAPE_REPRESENTATION('\X2\5E9576D8\X0\624.stp',(#15,#76),#33);
#13853=CARTESIAN_POINT('',(0.,0.,0.));
#13854=DIRECTION('',(0.,0.,1.));
#13855=DIRECTION('',(1.,0.,0.));
#13856=AXIS2_PLACEMENT_3D('',#13853,#13854,#13855);
#13858=MAPPED_ITEM('',#13857,#13856);
#13857=REPRESENTATION_MAP(#13856,#35);
#43=PRODUCT('\X2\5E9576D8\X0\624.stp','\X2\5E9576D8\X0\624.stp','',(#13848));
#13859=PRODUCT_RELATED_PRODUCT_CATEGORY('part','',(#43));
#13860=PRODUCT_DEFINITION_FORMATION_WITH_SPECIFIED_SOURCE('','',#43,.NOT_KNOWN.);
#44=PRODUCT_DEFINITION('design','',#13860,#13849);
#42=PRODUCT_DEFINITION_SHAPE('','',#44);
#13861=SHAPE_DEFINITION_REPRESENTATION(#42,#35);
#34=DRAUGHTING_MODEL('',(#13858),#33);
#16=SHAPE_REPRESENTATION('root',(#15,#48),#10);
#13862=CARTESIAN_POINT('',(0.,0.,0.));
#13863=DIRECTION('',(0.,0.,1.));
#13864=DIRECTION('',(1.,0.,0.));
#13865=AXIS2_PLACEMENT_3D('',#13862,#13863,#13864);
#13867=MAPPED_ITEM('',#13866,#13865);
#13866=REPRESENTATION_MAP(#13865,#16);
#24=PRODUCT('root','root','',(#13848));
#13868=PRODUCT_RELATED_PRODUCT_CATEGORY('part','',(#24));
#13869=PRODUCT_DEFINITION_FORMATION_WITH_SPECIFIED_SOURCE('','',#24,.NOT_KNOWN.);
#25=PRODUCT_DEFINITION('design','',#13869,#13849);
#23=PRODUCT_DEFINITION_SHAPE('','',#25);
#13870=SHAPE_DEFINITION_REPRESENTATION(#23,#16);
#11=DRAUGHTING_MODEL('',(#13867),#10);
#13871=DESCRIPTIVE_REPRESENTATION_ITEM('KEY','/private/var/mobile/Containers/Data/Application/512BD973-2612-4B7A-8C54-7F7EBD679855/tmp/7A07475E-A261-41E9-B354-6EAECF678DEA.tmp');
#13872=PROPERTY_DEFINITION('KEY','',#25);
#13873=REPRESENTATION('',(#13871),#10);
#13874=PROPERTY_DEFINITION_REPRESENTATION(#13872,#13873);
#13875=GENERAL_PROPERTY('','KEY','');
#13876=GENERAL_PROPERTY_ASSOCIATION('','',#13875,#13872);
#1=MECHANICAL_DESIGN_GEOMETRIC_PRESENTATION_REPRESENTATION('',(#82),#10);
ENDSEC;
END-ISO-10303-21;
