ISO-10303-21;
HEADER;

/* File generated by Shapr3D Version 5.890.0.9070 */

FILE_DESCRIPTION(('HOOPS Exchange Step'),'2;1');

FILE_NAME('/private/var/mobile/Containers/Data/Application/512BD973-2612-4B7A-8C54-7F7EBD679855/tmp/export/temp_export',
'2025-06-28T18:41:15+08:00',
('mobile'),
('Shapr3D Limited'),
'HOOPS Exchange 2024.8',
'Shapr3D',
'Authorized');

FILE_SCHEMA( ('AP242_MANAGED_MODEL_BASED_3D_ENGINEERING_MIM_LF {1 0 10303 442 1 1 4}') );

ENDSEC;

DATA;
#3=(NAMED_UNIT(*)PLANE_ANGLE_UNIT()SI_UNIT($,.RADIAN.));
#4=PLANE_ANGLE_MEASURE_WITH_UNIT(PLANE_ANGLE_MEASURE(0.0174532925),#3);
#5=(CONVERSION_BASED_UNIT('DEGREE',#4)NAMED_UNIT(#6)PLANE_ANGLE_UNIT());
#6=DIMENSIONAL_EXPONENTS(0.,0.,0.,0.,0.,0.,0.);
#7=(NAMED_UNIT(*)SI_UNIT($,.STERADIAN.)SOLID_ANGLE_UNIT());
#8=(LENGTH_UNIT()NAMED_UNIT(*)SI_UNIT(.MILLI.,.METRE.));
#9=UNCERTAINTY_MEASURE_WITH_UNIT(LENGTH_MEASURE(1.000000E-03),#8,'DISTANCE_ACCURACY_VALUE','Maximum Tolerance applied to model');
#10=(GEOMETRIC_REPRESENTATION_CONTEXT(3)GLOBAL_UNCERTAINTY_ASSIGNED_CONTEXT((#9))GLOBAL_UNIT_ASSIGNED_CONTEXT((#8,#5,#7))REPRESENTATION_CONTEXT('','root'));
#12=CARTESIAN_POINT('',(0.,0.,0.));
#13=DIRECTION('',(0.,0.,1.));
#14=DIRECTION('',(1.,0.,0.));
#15=AXIS2_PLACEMENT_3D('',#12,#13,#14);
#26=(NAMED_UNIT(*)PLANE_ANGLE_UNIT()SI_UNIT($,.RADIAN.));
#27=PLANE_ANGLE_MEASURE_WITH_UNIT(PLANE_ANGLE_MEASURE(0.0174532925),#26);
#28=(CONVERSION_BASED_UNIT('DEGREE',#27)NAMED_UNIT(#29)PLANE_ANGLE_UNIT());
#29=DIMENSIONAL_EXPONENTS(0.,0.,0.,0.,0.,0.,0.);
#30=(NAMED_UNIT(*)SI_UNIT($,.STERADIAN.)SOLID_ANGLE_UNIT());
#31=(LENGTH_UNIT()NAMED_UNIT(*)SI_UNIT(.MILLI.,.METRE.));
#32=UNCERTAINTY_MEASURE_WITH_UNIT(LENGTH_MEASURE(1.000000E-03),#31,'DISTANCE_ACCURACY_VALUE','Maximum Tolerance applied to model');
#33=(GEOMETRIC_REPRESENTATION_CONTEXT(3)GLOBAL_UNCERTAINTY_ASSIGNED_CONTEXT((#32))GLOBAL_UNIT_ASSIGNED_CONTEXT((#31,#28,#30))REPRESENTATION_CONTEXT('','\X2\5E9576D8\X0\624.stp'));
#45=CARTESIAN_POINT('',(0.,0.,0.));
#46=DIRECTION('',(0.,0.,1.));
#47=DIRECTION('',(1.,0.,-0.));
#48=AXIS2_PLACEMENT_3D('',#45,#46,#47);
#49=ITEM_DEFINED_TRANSFORMATION('','',#48,#15);
#50=(REPRESENTATION_RELATIONSHIP('','',#35,#16)REPRESENTATION_RELATIONSHIP_WITH_TRANSFORMATION(#49)SHAPE_REPRESENTATION_RELATIONSHIP());
#51=NEXT_ASSEMBLY_USAGE_OCCURRENCE('\X2\5E9576D8\X0\624.stp_1','\X2\5E9576D8\X0\624.stp','\X2\5E9576D8\X0\624.stp',#25,#44,$);
#52=PRODUCT_DEFINITION_SHAPE('','',#51);
#53=CONTEXT_DEPENDENT_SHAPE_REPRESENTATION(#50,#52);
#54=(NAMED_UNIT(*)PLANE_ANGLE_UNIT()SI_UNIT($,.RADIAN.));
#55=PLANE_ANGLE_MEASURE_WITH_UNIT(PLANE_ANGLE_MEASURE(0.0174532925),#54);
#56=(CONVERSION_BASED_UNIT('DEGREE',#55)NAMED_UNIT(#57)PLANE_ANGLE_UNIT());
#57=DIMENSIONAL_EXPONENTS(0.,0.,0.,0.,0.,0.,0.);
#58=(NAMED_UNIT(*)SI_UNIT($,.STERADIAN.)SOLID_ANGLE_UNIT());
#59=(LENGTH_UNIT()NAMED_UNIT(*)SI_UNIT(.MILLI.,.METRE.));
#60=UNCERTAINTY_MEASURE_WITH_UNIT(LENGTH_MEASURE(1.000000E-05),#59,'DISTANCE_ACCURACY_VALUE','Maximum Tolerance applied to model');
#61=(GEOMETRIC_REPRESENTATION_CONTEXT(3)GLOBAL_UNCERTAINTY_ASSIGNED_CONTEXT((#60))GLOBAL_UNIT_ASSIGNED_CONTEXT((#59,#56,#58))REPRESENTATION_CONTEXT('','__'));
#73=CARTESIAN_POINT('',(0.,0.,0.));
#74=DIRECTION('',(0.,0.,1.));
#75=DIRECTION('',(1.,0.,-0.));
#76=AXIS2_PLACEMENT_3D('',#73,#74,#75);
#77=ITEM_DEFINED_TRANSFORMATION('','',#76,#15);
#78=(REPRESENTATION_RELATIONSHIP('','',#63,#35)REPRESENTATION_RELATIONSHIP_WITH_TRANSFORMATION(#77)SHAPE_REPRESENTATION_RELATIONSHIP());
#79=NEXT_ASSEMBLY_USAGE_OCCURRENCE('___2','__','__',#44,#72,$);
#80=PRODUCT_DEFINITION_SHAPE('','',#79);
#81=CONTEXT_DEPENDENT_SHAPE_REPRESENTATION(#78,#80);
#83=CARTESIAN_POINT('',(201.918485071,58.168534052,39.395539007));
#84=DIRECTION('',(-0.000070704,0.000033439,-0.999999997));
#85=DIRECTION('',(-0.707106902,0.707106656,0.00007364));
#86=AXIS2_PLACEMENT_3D('',#83,#84,#85);
#87=PLANE('',#86);
#88=CARTESIAN_POINT('',(202.136388856,51.736739702,39.395308526));
#89=VERTEX_POINT('',#88);
#90=CARTESIAN_POINT('',(201.519231763,51.736739593,39.395352161));
#91=VERTEX_POINT('',#90);
#92=CARTESIAN_POINT('',(202.136388856,51.736739702,39.395308526));
#93=DIRECTION('',(-0.999999998,-0.000000176,0.000070704));
#94=VECTOR('',#93,0.617157095);
#95=LINE('',#92,#94);
#96=EDGE_CURVE('',#89,#91,#95,.T.);
#97=ORIENTED_EDGE('',*,*,#96,.F.);
#98=CARTESIAN_POINT('',(202.136388068,56.26512832,39.395459952));
#99=VERTEX_POINT('',#98);
#100=CARTESIAN_POINT('',(202.136388068,56.26512832,39.395459952));
#101=DIRECTION('',(0.000000174,-0.999999999,-0.000033439));
#102=VECTOR('',#101,4.528388621);
#103=LINE('',#100,#102);
#104=EDGE_CURVE('',#99,#89,#103,.T.);
#105=ORIENTED_EDGE('',*,*,#104,.F.);
#106=CARTESIAN_POINT('',(215.805427259,69.934172329,39.394950584));
#107=VERTEX_POINT('',#106);
#108=CARTESIAN_POINT('',(215.805427259,69.934172329,39.394950584));
#109=DIRECTION('',(-0.707106656,-0.707106906,0.00002635));
#110=VECTOR('',#109,19.330944022);
#111=LINE('',#108,#110);
#112=EDGE_CURVE('',#107,#99,#111,.T.);
#113=ORIENTED_EDGE('',*,*,#112,.F.);
#114=CARTESIAN_POINT('',(213.684106552,72.055492297,39.395171505));
#115=VERTEX_POINT('',#114);
#116=CARTESIAN_POINT('',(213.684106552,72.055492297,39.395171505));
#117=DIRECTION('',(0.707106902,-0.707106656,-0.00007364));
#118=VECTOR('',#117,3.);
#119=LINE('',#116,#118);
#120=EDGE_CURVE('',#115,#107,#119,.T.);
#121=ORIENTED_EDGE('',*,*,#120,.F.);
#122=CARTESIAN_POINT('',(201.519230344,59.890611802,39.395624821));
#123=VERTEX_POINT('',#122);
#124=CARTESIAN_POINT('',(201.519230344,59.890611802,39.395624821));
#125=DIRECTION('',(0.707106656,0.707106906,-0.00002635));
#126=VECTOR('',#125,17.203735955);
#127=LINE('',#124,#126);
#128=EDGE_CURVE('',#123,#115,#127,.T.);
#129=ORIENTED_EDGE('',*,*,#128,.F.);
#130=CARTESIAN_POINT('',(201.519231763,51.736739593,39.395352161));
#131=DIRECTION('',(-0.000000174,0.999999999,0.000033439));
#132=VECTOR('',#131,8.153872213);
#133=LINE('',#130,#132);
#134=EDGE_CURVE('',#91,#123,#133,.T.);
#135=ORIENTED_EDGE('',*,*,#134,.F.);
#136=EDGE_LOOP('',(#97,#105,#113,#121,#129,#135));
#137=FACE_BOUND('',#136,.T.);
#138=ADVANCED_FACE('',(#137),#87,.F.);
#139=CARTESIAN_POINT('',(201.53361463,42.448813915,4.395040455));
#140=DIRECTION('',(0.999999998,0.000000176,-0.000070704));
#141=DIRECTION('',(0.000000174,-0.999999999,-0.000033439));
#142=AXIS2_PLACEMENT_3D('',#139,#140,#141);
#143=PLANE('',#142);
#144=CARTESIAN_POINT('',(201.533614125,45.348813913,4.395137429));
#145=VERTEX_POINT('',#144);
#146=CARTESIAN_POINT('',(201.535678672,45.347837485,33.59513734));
#147=VERTEX_POINT('',#146);
#148=CARTESIAN_POINT('',(201.533614125,45.348813913,4.395137429));
#149=DIRECTION('',(0.000070704,-0.000033439,0.999999997));
#150=VECTOR('',#149,29.2);
#151=LINE('',#148,#150);
#152=EDGE_CURVE('',#145,#147,#151,.T.);
#153=ORIENTED_EDGE('',*,*,#152,.T.);
#154=CARTESIAN_POINT('',(201.535679177,42.447837487,33.595040366));
#155=VERTEX_POINT('',#154);
#156=CARTESIAN_POINT('',(201.535678672,45.347837485,33.59513734));
#157=DIRECTION('',(0.000000174,-0.999999999,-0.000033439));
#158=VECTOR('',#157,2.9);
#159=LINE('',#156,#158);
#160=EDGE_CURVE('',#147,#155,#159,.T.);
#161=ORIENTED_EDGE('',*,*,#160,.T.);
#162=CARTESIAN_POINT('',(201.53361463,42.448813915,4.395040455));
#163=VERTEX_POINT('',#162);
#164=CARTESIAN_POINT('',(201.53361463,42.448813915,4.395040455));
#165=DIRECTION('',(0.000070704,-0.000033439,0.999999997));
#166=VECTOR('',#165,29.2);
#167=LINE('',#164,#166);
#168=EDGE_CURVE('',#163,#155,#167,.T.);
#169=ORIENTED_EDGE('',*,*,#168,.F.);
#170=CARTESIAN_POINT('',(201.53361463,42.448813915,4.395040455));
#171=DIRECTION('',(-0.000000174,0.999999999,0.000033439));
#172=VECTOR('',#171,2.9);
#173=LINE('',#170,#172);
#174=EDGE_CURVE('',#163,#145,#173,.T.);
#175=ORIENTED_EDGE('',*,*,#174,.T.);
#176=EDGE_LOOP('',(#153,#161,#169,#175));
#177=FACE_BOUND('',#176,.T.);
#178=ADVANCED_FACE('',(#177),#143,.T.);
#179=CARTESIAN_POINT('',(201.533614125,45.348813913,4.395137429));
#180=DIRECTION('',(0.500000149,-0.866025315,-0.000064311));
#181=DIRECTION('',(0.000070704,-0.000033439,0.999999997));
#182=AXIS2_PLACEMENT_3D('',#179,#180,#181);
#183=PLANE('',#182);
#184=CARTESIAN_POINT('',(204.045087537,46.798814356,4.395008346));
#185=VERTEX_POINT('',#184);
#186=CARTESIAN_POINT('',(204.047703573,46.797577101,41.395008233));
#187=VERTEX_POINT('',#186);
#188=CARTESIAN_POINT('',(204.045087537,46.798814356,4.395008346));
#189=DIRECTION('',(0.000070704,-0.000033439,0.999999997));
#190=VECTOR('',#189,37.);
#191=LINE('',#188,#190);
#192=EDGE_CURVE('',#185,#187,#191,.T.);
#193=ORIENTED_EDGE('',*,*,#192,.T.);
#194=CARTESIAN_POINT('',(201.519374284,45.33784491,41.395138182));
#195=VERTEX_POINT('',#194);
#196=CARTESIAN_POINT('',(201.519374284,45.33784491,41.395138182));
#197=DIRECTION('',(0.866025315,0.500000153,-0.000044512));
#198=VECTOR('',#197,2.919463492);
#199=LINE('',#196,#198);
#200=EDGE_CURVE('',#195,#187,#199,.T.);
#201=ORIENTED_EDGE('',*,*,#200,.F.);
#202=CARTESIAN_POINT('',(201.518822795,45.338105736,33.595138206));
#203=VERTEX_POINT('',#202);
#204=CARTESIAN_POINT('',(201.519374284,45.33784491,41.395138182));
#205=DIRECTION('',(-0.000070704,0.000033439,-0.999999997));
#206=VECTOR('',#205,7.8);
#207=LINE('',#204,#206);
#208=EDGE_CURVE('',#195,#203,#207,.T.);
#209=ORIENTED_EDGE('',*,*,#208,.T.);
#210=CARTESIAN_POINT('',(201.518822795,45.338105736,33.595138206));
#211=DIRECTION('',(0.866025315,0.500000153,-0.000044512));
#212=VECTOR('',#211,0.019463492);
#213=LINE('',#210,#212);
#214=EDGE_CURVE('',#203,#147,#213,.T.);
#215=ORIENTED_EDGE('',*,*,#214,.T.);
#216=ORIENTED_EDGE('',*,*,#152,.F.);
#217=CARTESIAN_POINT('',(201.533614125,45.348813913,4.395137429));
#218=DIRECTION('',(0.866025315,0.500000153,-0.000044512));
#219=VECTOR('',#218,2.9);
#220=LINE('',#217,#219);
#221=EDGE_CURVE('',#145,#185,#220,.T.);
#222=ORIENTED_EDGE('',*,*,#221,.T.);
#223=EDGE_LOOP('',(#193,#201,#209,#215,#216,#222));
#224=FACE_BOUND('',#223,.T.);
#225=ADVANCED_FACE('',(#224),#183,.T.);
#226=CARTESIAN_POINT('',(204.045088547,40.998814359,4.394814398));
#227=DIRECTION('',(0.499999848,0.866025492,-0.000006393));
#228=DIRECTION('',(0.866025489,-0.499999847,-0.000077951));
#229=AXIS2_PLACEMENT_3D('',#226,#227,#228);
#230=PLANE('',#229);
#231=CARTESIAN_POINT('',(201.518823297,42.45756923,33.595041883));
#232=VERTEX_POINT('',#231);
#233=CARTESIAN_POINT('',(201.519374785,42.457308404,41.395041859));
#234=VERTEX_POINT('',#233);
#235=CARTESIAN_POINT('',(201.518823297,42.45756923,33.595041883));
#236=DIRECTION('',(0.000070704,-0.000033439,0.999999997));
#237=VECTOR('',#236,7.8);
#238=LINE('',#235,#237);
#239=EDGE_CURVE('',#232,#234,#238,.T.);
#240=ORIENTED_EDGE('',*,*,#239,.T.);
#241=CARTESIAN_POINT('',(204.047704583,40.997577104,41.394814285));
#242=VERTEX_POINT('',#241);
#243=CARTESIAN_POINT('',(204.047704583,40.997577104,41.394814285));
#244=DIRECTION('',(-0.866025489,0.499999847,0.000077951));
#245=VECTOR('',#244,2.919463492);
#246=LINE('',#243,#245);
#247=EDGE_CURVE('',#242,#234,#246,.T.);
#248=ORIENTED_EDGE('',*,*,#247,.F.);
#249=CARTESIAN_POINT('',(204.045088547,40.998814359,4.394814398));
#250=VERTEX_POINT('',#249);
#251=CARTESIAN_POINT('',(204.045088547,40.998814359,4.394814398));
#252=DIRECTION('',(0.000070704,-0.000033439,0.999999997));
#253=VECTOR('',#252,37.);
#254=LINE('',#251,#253);
#255=EDGE_CURVE('',#250,#242,#254,.T.);
#256=ORIENTED_EDGE('',*,*,#255,.F.);
#257=CARTESIAN_POINT('',(204.045088547,40.998814359,4.394814398));
#258=DIRECTION('',(-0.866025489,0.499999847,0.000077951));
#259=VECTOR('',#258,2.9);
#260=LINE('',#257,#259);
#261=EDGE_CURVE('',#250,#163,#260,.T.);
#262=ORIENTED_EDGE('',*,*,#261,.T.);
#263=ORIENTED_EDGE('',*,*,#168,.T.);
#264=CARTESIAN_POINT('',(201.535679177,42.447837487,33.595040366));
#265=DIRECTION('',(-0.866025489,0.499999847,0.000077951));
#266=VECTOR('',#265,0.019463492);
#267=LINE('',#264,#266);
#268=EDGE_CURVE('',#155,#232,#267,.T.);
#269=ORIENTED_EDGE('',*,*,#268,.T.);
#270=EDGE_LOOP('',(#240,#248,#256,#262,#263,#269));
#271=FACE_BOUND('',#270,.T.);
#272=ADVANCED_FACE('',(#271),#230,.T.);
#273=CARTESIAN_POINT('',(169.133902035,122.261230295,4.400000106));
#274=DIRECTION('',(-0.000070704,0.000033439,-0.999999997));
#275=DIRECTION('',(0.707106656,0.707106906,-0.00002635));
#276=AXIS2_PLACEMENT_3D('',#273,#274,#275);
#277=CYLINDRICAL_SURFACE('',#276,89.5);
#278=CARTESIAN_POINT('',(201.282141706,38.734490007,1.994934024));
#279=VERTEX_POINT('',#278);
#280=CARTESIAN_POINT('',(209.590462954,42.427089078,1.994470073));
#281=VERTEX_POINT('',#280);
#282=CARTESIAN_POINT('',(169.133732346,122.26131055,2.000000113));
#283=DIRECTION('',(0.000070704,-0.000033439,0.999999997));
#284=DIRECTION('',(0.707106656,0.707106906,-0.00002635));
#285=AXIS2_PLACEMENT_3D('',#282,#283,#284);
#286=CIRCLE('',#285,89.5);
#287=EDGE_CURVE('',#279,#281,#286,.T.);
#288=ORIENTED_EDGE('',*,*,#287,.T.);
#289=CARTESIAN_POINT('',(209.593248679,42.425771569,41.394469952));
#290=VERTEX_POINT('',#289);
#291=CARTESIAN_POINT('',(209.590462954,42.427089078,1.994470073));
#292=DIRECTION('',(0.000070704,-0.000033439,0.999999997));
#293=VECTOR('',#292,39.4);
#294=LINE('',#291,#293);
#295=EDGE_CURVE('',#281,#290,#294,.T.);
#296=ORIENTED_EDGE('',*,*,#295,.T.);
#297=CARTESIAN_POINT('',(201.519375418,38.823786726,41.394920357));
#298=VERTEX_POINT('',#297);
#299=CARTESIAN_POINT('',(169.136518071,122.259993041,41.399999993));
#300=DIRECTION('',(-0.000070704,0.000033439,-0.999999997));
#301=DIRECTION('',(0.999999998,0.000000176,-0.000070704));
#302=AXIS2_PLACEMENT_3D('',#299,#300,#301);
#303=CIRCLE('',#302,89.5);
#304=EDGE_CURVE('',#290,#298,#303,.T.);
#305=ORIENTED_EDGE('',*,*,#304,.T.);
#306=CARTESIAN_POINT('',(201.518823929,38.824047552,33.594920381));
#307=VERTEX_POINT('',#306);
#308=CARTESIAN_POINT('',(201.519375418,38.823786726,41.394920357));
#309=DIRECTION('',(-0.000070704,0.000033439,-0.999999997));
#310=VECTOR('',#309,7.8);
#311=LINE('',#308,#310);
#312=EDGE_CURVE('',#298,#307,#311,.T.);
#313=ORIENTED_EDGE('',*,*,#312,.T.);
#314=CARTESIAN_POINT('',(201.284375942,38.733433324,33.594933927));
#315=VERTEX_POINT('',#314);
#316=CARTESIAN_POINT('',(169.135966582,122.260253867,33.600000017));
#317=DIRECTION('',(-0.000070704,0.000033439,-0.999999997));
#318=DIRECTION('',(-0.999999998,-0.000000176,0.000070704));
#319=AXIS2_PLACEMENT_3D('',#316,#317,#318);
#320=CIRCLE('',#319,89.5);
#321=EDGE_CURVE('',#307,#315,#320,.T.);
#322=ORIENTED_EDGE('',*,*,#321,.T.);
#323=CARTESIAN_POINT('',(201.282311642,38.734409641,4.394934016));
#324=VERTEX_POINT('',#323);
#325=CARTESIAN_POINT('',(201.284375942,38.733433324,33.594933927));
#326=DIRECTION('',(-0.000070704,0.000033439,-0.999999997));
#327=VECTOR('',#326,29.2);
#328=LINE('',#325,#327);
#329=EDGE_CURVE('',#315,#324,#328,.T.);
#330=ORIENTED_EDGE('',*,*,#329,.T.);
#331=CARTESIAN_POINT('',(201.282311394,38.734409752,4.394934016));
#332=DIRECTION('',(-0.000070704,0.000033439,-0.999999997));
#333=VECTOR('',#332,2.4);
#334=LINE('',#331,#333);
#335=EDGE_CURVE('',#324,#279,#334,.T.);
#336=ORIENTED_EDGE('',*,*,#335,.T.);
#337=EDGE_LOOP('',(#288,#296,#305,#313,#322,#330,#336));
#338=FACE_BOUND('',#337,.T.);
#339=ADVANCED_FACE('',(#338),#277,.T.);
#340=CARTESIAN_POINT('',(201.91807499,58.168728,33.595539025));
#341=DIRECTION('',(-0.000070704,0.000033439,-0.999999997));
#342=DIRECTION('',(-0.707106902,0.707106656,0.00007364));
#343=AXIS2_PLACEMENT_3D('',#340,#341,#342);
#344=PLANE('',#343);
#345=CARTESIAN_POINT('',(201.518820262,59.89080575,33.595624839));
#346=VERTEX_POINT('',#345);
#347=CARTESIAN_POINT('',(201.518820262,59.89080575,33.595624839));
#348=DIRECTION('',(0.000000174,-0.999999999,-0.000033439));
#349=VECTOR('',#348,14.552700022);
#350=LINE('',#347,#349);
#351=EDGE_CURVE('',#346,#203,#350,.T.);
#352=ORIENTED_EDGE('',*,*,#351,.F.);
#353=CARTESIAN_POINT('',(199.735977672,58.107962531,33.595691275));
#354=VERTEX_POINT('',#353);
#355=CARTESIAN_POINT('',(199.735977672,58.107962531,33.595691275));
#356=DIRECTION('',(0.707106656,0.707106906,-0.00002635));
#357=VECTOR('',#356,2.521320616);
#358=LINE('',#355,#357);
#359=EDGE_CURVE('',#354,#346,#358,.T.);
#360=ORIENTED_EDGE('',*,*,#359,.F.);
#361=CARTESIAN_POINT('',(199.735980923,39.42894172,33.595066661));
#362=VERTEX_POINT('',#361);
#363=CARTESIAN_POINT('',(199.735977672,58.107962531,33.595691275));
#364=DIRECTION('',(0.000000174,-0.999999999,-0.000033439));
#365=VECTOR('',#364,18.679020821);
#366=LINE('',#363,#365);
#367=EDGE_CURVE('',#354,#362,#366,.T.);
#368=ORIENTED_EDGE('',*,*,#367,.T.);
#369=CARTESIAN_POINT('',(201.284375942,38.733433324,33.594933927));
#370=DIRECTION('',(-0.912201138,0.409742697,0.000078197));
#371=VECTOR('',#370,1.697427194);
#372=LINE('',#369,#371);
#373=EDGE_CURVE('',#315,#362,#372,.T.);
#374=ORIENTED_EDGE('',*,*,#373,.F.);
#375=ORIENTED_EDGE('',*,*,#321,.F.);
#376=CARTESIAN_POINT('',(201.518823297,42.45756923,33.595041883));
#377=DIRECTION('',(0.000000174,-0.999999999,-0.000033439));
#378=VECTOR('',#377,3.63352168);
#379=LINE('',#376,#378);
#380=EDGE_CURVE('',#232,#307,#379,.T.);
#381=ORIENTED_EDGE('',*,*,#380,.F.);
#382=ORIENTED_EDGE('',*,*,#268,.F.);
#383=ORIENTED_EDGE('',*,*,#160,.F.);
#384=ORIENTED_EDGE('',*,*,#214,.F.);
#385=EDGE_LOOP('',(#352,#360,#368,#374,#375,#381,#382,#383,#384));
#386=FACE_BOUND('',#385,.T.);
#387=ADVANCED_FACE('',(#386),#344,.F.);
#388=CARTESIAN_POINT('',(199.736387384,60.229077019,39.395762193));
#389=DIRECTION('',(0.999999998,0.000000176,-0.000070704));
#390=DIRECTION('',(-0.000000174,0.999999999,0.000033439));
#391=AXIS2_PLACEMENT_3D('',#388,#389,#390);
#392=PLANE('',#391);
#393=ORIENTED_EDGE('',*,*,#367,.F.);
#394=CARTESIAN_POINT('',(199.733913125,58.108938959,4.395691364));
#395=VERTEX_POINT('',#394);
#396=CARTESIAN_POINT('',(199.735977672,58.107962531,33.595691275));
#397=DIRECTION('',(-0.000070704,0.000033439,-0.999999997));
#398=VECTOR('',#397,29.2);
#399=LINE('',#396,#398);
#400=EDGE_CURVE('',#354,#395,#399,.T.);
#401=ORIENTED_EDGE('',*,*,#400,.T.);
#402=CARTESIAN_POINT('',(199.733916376,39.430645633,4.395066775));
#403=VERTEX_POINT('',#402);
#404=CARTESIAN_POINT('',(199.733913125,58.108938959,4.395691364));
#405=DIRECTION('',(0.000000174,-0.999999999,-0.000033439));
#406=VECTOR('',#405,18.678293336);
#407=LINE('',#404,#406);
#408=EDGE_CURVE('',#395,#403,#407,.T.);
#409=ORIENTED_EDGE('',*,*,#408,.T.);
#410=CARTESIAN_POINT('',(199.733916376,39.429918148,4.395066751));
#411=VERTEX_POINT('',#410);
#412=CARTESIAN_POINT('',(199.733916376,39.430645633,4.395066775));
#413=DIRECTION('',(0.000000174,-0.999999999,-0.000033439));
#414=VECTOR('',#413,0.000727485);
#415=LINE('',#412,#414);
#416=EDGE_CURVE('',#403,#411,#415,.T.);
#417=ORIENTED_EDGE('',*,*,#416,.T.);
#418=CARTESIAN_POINT('',(199.735980923,39.42894172,33.595066661));
#419=DIRECTION('',(-0.000070704,0.000033439,-0.999999997));
#420=VECTOR('',#419,29.2);
#421=LINE('',#418,#420);
#422=EDGE_CURVE('',#362,#411,#421,.T.);
#423=ORIENTED_EDGE('',*,*,#422,.F.);
#424=EDGE_LOOP('',(#393,#401,#409,#417,#423));
#425=FACE_BOUND('',#424,.T.);
#426=ADVANCED_FACE('',(#425),#392,.F.);
#427=CARTESIAN_POINT('',(199.736391005,39.428747772,39.395066644));
#428=DIRECTION('',(0.409742698,0.912201141,0.000001533));
#429=DIRECTION('',(-0.912201138,0.409742697,0.000078197));
#430=AXIS2_PLACEMENT_3D('',#427,#428,#429);
#431=PLANE('',#430);
#432=ORIENTED_EDGE('',*,*,#373,.T.);
#433=ORIENTED_EDGE('',*,*,#422,.T.);
#434=CARTESIAN_POINT('',(199.733916376,39.429918148,4.395066751));
#435=DIRECTION('',(0.912201138,-0.409742697,-0.000078197));
#436=VECTOR('',#435,1.697427465);
#437=LINE('',#434,#436);
#438=EDGE_CURVE('',#411,#324,#437,.T.);
#439=ORIENTED_EDGE('',*,*,#438,.T.);
#440=ORIENTED_EDGE('',*,*,#329,.F.);
#441=EDGE_LOOP('',(#432,#433,#439,#440));
#442=FACE_BOUND('',#441,.T.);
#443=ADVANCED_FACE('',(#442),#431,.F.);
#444=CARTESIAN_POINT('',(239.868027394,155.261242755,4.396102441));
#445=DIRECTION('',(0.000000174,-0.999999999,-0.000033439));
#446=DIRECTION('',(0.999999998,0.000000176,-0.000070704));
#447=AXIS2_PLACEMENT_3D('',#444,#445,#446);
#448=PLANE('',#447);
#449=CARTESIAN_POINT('',(239.659696822,155.260072342,39.396117239));
#450=VERTEX_POINT('',#449);
#451=CARTESIAN_POINT('',(239.657052505,155.261322972,1.996117353));
#452=VERTEX_POINT('',#451);
#453=CARTESIAN_POINT('',(239.659696822,155.260072342,39.396117239));
#454=DIRECTION('',(-0.000070704,0.000033439,-0.999999997));
#455=VECTOR('',#454,37.4);
#456=LINE('',#453,#455);
#457=EDGE_CURVE('',#450,#452,#456,.T.);
#458=ORIENTED_EDGE('',*,*,#457,.T.);
#459=CARTESIAN_POINT('',(235.128675751,155.261322173,1.996437526));
#460=VERTEX_POINT('',#459);
#461=CARTESIAN_POINT('',(239.657052505,155.261322972,1.996117353));
#462=DIRECTION('',(-0.999999998,-0.000000176,0.000070704));
#463=VECTOR('',#462,4.528376765);
#464=LINE('',#461,#463);
#465=EDGE_CURVE('',#452,#460,#464,.T.);
#466=ORIENTED_EDGE('',*,*,#465,.T.);
#467=CARTESIAN_POINT('',(235.131320068,155.260071543,39.396437411));
#468=VERTEX_POINT('',#467);
#469=CARTESIAN_POINT('',(235.131320068,155.260071543,39.396437411));
#470=DIRECTION('',(-0.000070704,0.000033439,-0.999999997));
#471=VECTOR('',#470,37.4);
#472=LINE('',#469,#471);
#473=EDGE_CURVE('',#468,#460,#472,.T.);
#474=ORIENTED_EDGE('',*,*,#473,.F.);
#475=CARTESIAN_POINT('',(239.659696822,155.260072342,39.396117239));
#476=DIRECTION('',(-0.999999998,-0.000000176,0.000070704));
#477=VECTOR('',#476,4.528376766);
#478=LINE('',#475,#477);
#479=EDGE_CURVE('',#450,#468,#478,.T.);
#480=ORIENTED_EDGE('',*,*,#479,.F.);
#481=EDGE_LOOP('',(#458,#466,#474,#480));
#482=FACE_BOUND('',#481,.T.);
#483=ADVANCED_FACE('',(#482),#448,.F.);
#484=CARTESIAN_POINT('',(136.133912496,62.630236171,4.400339307));
#485=DIRECTION('',(0.999999998,0.000000176,-0.000070704));
#486=DIRECTION('',(-0.000000174,0.999999999,0.000033439));
#487=AXIS2_PLACEMENT_3D('',#484,#485,#486);
#488=PLANE('',#487);
#489=CARTESIAN_POINT('',(136.133743915,56.266355455,2.000126508));
#490=VERTEX_POINT('',#489);
#491=CARTESIAN_POINT('',(136.133744703,51.737978689,1.999975082));
#492=VERTEX_POINT('',#491);
#493=CARTESIAN_POINT('',(136.133743915,56.266355455,2.000126508));
#494=DIRECTION('',(0.000000174,-0.999999999,-0.000033439));
#495=VECTOR('',#494,4.528376768);
#496=LINE('',#493,#495);
#497=EDGE_CURVE('',#490,#492,#496,.T.);
#498=ORIENTED_EDGE('',*,*,#497,.T.);
#499=CARTESIAN_POINT('',(136.136389021,51.736728059,39.399974968));
#500=VERTEX_POINT('',#499);
#501=CARTESIAN_POINT('',(136.133744703,51.737978689,1.999975082));
#502=DIRECTION('',(0.000070704,-0.000033439,0.999999997));
#503=VECTOR('',#502,37.4);
#504=LINE('',#501,#503);
#505=EDGE_CURVE('',#492,#500,#504,.T.);
#506=ORIENTED_EDGE('',*,*,#505,.T.);
#507=CARTESIAN_POINT('',(136.136388232,56.265104824,39.400126394));
#508=VERTEX_POINT('',#507);
#509=CARTESIAN_POINT('',(136.136389021,51.736728059,39.399974968));
#510=DIRECTION('',(-0.000000174,0.999999999,0.000033439));
#511=VECTOR('',#510,4.528376768);
#512=LINE('',#509,#511);
#513=EDGE_CURVE('',#500,#508,#512,.T.);
#514=ORIENTED_EDGE('',*,*,#513,.T.);
#515=CARTESIAN_POINT('',(136.133743915,56.266355455,2.000126508));
#516=DIRECTION('',(0.000070704,-0.000033439,0.999999997));
#517=VECTOR('',#516,37.4);
#518=LINE('',#515,#517);
#519=EDGE_CURVE('',#490,#508,#518,.T.);
#520=ORIENTED_EDGE('',*,*,#519,.F.);
#521=EDGE_LOOP('',(#498,#506,#514,#520));
#522=FACE_BOUND('',#521,.T.);
#523=ADVANCED_FACE('',(#522),#488,.F.);
#524=CARTESIAN_POINT('',(204.045087537,46.798814356,4.395008346));
#525=DIRECTION('',(-0.499999848,-0.866025492,0.000006393));
#526=DIRECTION('',(-0.866025489,0.499999847,0.000077951));
#527=AXIS2_PLACEMENT_3D('',#524,#525,#526);
#528=PLANE('',#527);
#529=CARTESIAN_POINT('',(206.55917749,45.347577545,41.394782175));
#530=VERTEX_POINT('',#529);
#531=CARTESIAN_POINT('',(206.556561454,45.348814799,4.394782288));
#532=VERTEX_POINT('',#531);
#533=CARTESIAN_POINT('',(206.55917749,45.347577545,41.394782175));
#534=DIRECTION('',(-0.000070704,0.000033439,-0.999999997));
#535=VECTOR('',#534,37.);
#536=LINE('',#533,#535);
#537=EDGE_CURVE('',#530,#532,#536,.T.);
#538=ORIENTED_EDGE('',*,*,#537,.F.);
#539=CARTESIAN_POINT('',(204.047703573,46.797577101,41.395008233));
#540=DIRECTION('',(0.866025489,-0.499999847,-0.000077951));
#541=VECTOR('',#540,2.9);
#542=LINE('',#539,#541);
#543=EDGE_CURVE('',#187,#530,#542,.T.);
#544=ORIENTED_EDGE('',*,*,#543,.F.);
#545=ORIENTED_EDGE('',*,*,#192,.F.);
#546=CARTESIAN_POINT('',(204.045087537,46.798814356,4.395008346));
#547=DIRECTION('',(0.866025489,-0.499999847,-0.000077951));
#548=VECTOR('',#547,2.9);
#549=LINE('',#546,#548);
#550=EDGE_CURVE('',#185,#532,#549,.T.);
#551=ORIENTED_EDGE('',*,*,#550,.T.);
#552=EDGE_LOOP('',(#538,#544,#545,#551));
#553=FACE_BOUND('',#552,.T.);
#554=ADVANCED_FACE('',(#553),#528,.T.);
#555=CARTESIAN_POINT('',(206.556561454,45.348814799,4.394782288));
#556=DIRECTION('',(-0.999999998,-0.000000176,0.000070704));
#557=DIRECTION('',(-0.000000174,0.999999999,0.000033439));
#558=AXIS2_PLACEMENT_3D('',#555,#556,#557);
#559=PLANE('',#558);
#560=CARTESIAN_POINT('',(206.556561959,42.448814801,4.394685314));
#561=VERTEX_POINT('',#560);
#562=CARTESIAN_POINT('',(206.559177995,42.447577547,41.394685201));
#563=VERTEX_POINT('',#562);
#564=CARTESIAN_POINT('',(206.556561959,42.448814801,4.394685314));
#565=DIRECTION('',(0.000070704,-0.000033439,0.999999997));
#566=VECTOR('',#565,37.);
#567=LINE('',#564,#566);
#568=EDGE_CURVE('',#561,#563,#567,.T.);
#569=ORIENTED_EDGE('',*,*,#568,.T.);
#570=CARTESIAN_POINT('',(206.55917749,45.347577545,41.394782175));
#571=DIRECTION('',(0.000000174,-0.999999999,-0.000033439));
#572=VECTOR('',#571,2.9);
#573=LINE('',#570,#572);
#574=EDGE_CURVE('',#530,#563,#573,.T.);
#575=ORIENTED_EDGE('',*,*,#574,.F.);
#576=ORIENTED_EDGE('',*,*,#537,.T.);
#577=CARTESIAN_POINT('',(206.556561454,45.348814799,4.394782288));
#578=DIRECTION('',(0.000000174,-0.999999999,-0.000033439));
#579=VECTOR('',#578,2.9);
#580=LINE('',#577,#579);
#581=EDGE_CURVE('',#532,#561,#580,.T.);
#582=ORIENTED_EDGE('',*,*,#581,.T.);
#583=EDGE_LOOP('',(#569,#575,#576,#582));
#584=FACE_BOUND('',#583,.T.);
#585=ADVANCED_FACE('',(#584),#559,.T.);
#586=CARTESIAN_POINT('',(206.556561959,42.448814801,4.394685314));
#587=DIRECTION('',(-0.500000149,0.866025315,0.000064311));
#588=DIRECTION('',(0.866025315,0.500000153,-0.000044512));
#589=AXIS2_PLACEMENT_3D('',#586,#587,#588);
#590=PLANE('',#589);
#591=ORIENTED_EDGE('',*,*,#255,.T.);
#592=CARTESIAN_POINT('',(206.559177995,42.447577547,41.394685201));
#593=DIRECTION('',(-0.866025315,-0.500000153,0.000044512));
#594=VECTOR('',#593,2.9);
#595=LINE('',#592,#594);
#596=EDGE_CURVE('',#563,#242,#595,.T.);
#597=ORIENTED_EDGE('',*,*,#596,.F.);
#598=ORIENTED_EDGE('',*,*,#568,.F.);
#599=CARTESIAN_POINT('',(206.556561959,42.448814801,4.394685314));
#600=DIRECTION('',(-0.866025315,-0.500000153,0.000044512));
#601=VECTOR('',#600,2.9);
#602=LINE('',#599,#601);
#603=EDGE_CURVE('',#561,#250,#602,.T.);
#604=ORIENTED_EDGE('',*,*,#603,.T.);
#605=EDGE_LOOP('',(#591,#597,#598,#604));
#606=FACE_BOUND('',#605,.T.);
#607=ADVANCED_FACE('',(#606),#590,.T.);
#608=CARTESIAN_POINT('',(200.855181891,59.230458587,1.990623881));
#609=DIRECTION('',(0.707106902,-0.707106656,-0.00007364));
#610=DIRECTION('',(-0.000070704,0.000033439,-0.999999997));
#611=AXIS2_PLACEMENT_3D('',#608,#609,#610);
#612=PLANE('',#611);
#613=CARTESIAN_POINT('',(221.248687744,79.622226708,18.744889624));
#614=VERTEX_POINT('',#613);
#615=CARTESIAN_POINT('',(222.521638204,80.895365074,16.944842235));
#616=VERTEX_POINT('',#615);
#617=CARTESIAN_POINT('',(222.521479725,80.895019138,18.744842194));
#618=DIRECTION('',(-0.707106902,0.707106656,0.00007364));
#619=DIRECTION('',(0.000088044,0.000192187,-0.999999978));
#620=AXIS2_PLACEMENT_3D('',#617,#618,#619);
#621=CIRCLE('',#620,1.8);
#622=EDGE_CURVE('',#614,#616,#621,.T.);
#623=ORIENTED_EDGE('',*,*,#622,.F.);
#624=CARTESIAN_POINT('',(222.521479725,80.895019138,18.744842194));
#625=DIRECTION('',(-0.707106902,0.707106656,0.00007364));
#626=DIRECTION('',(0.000088044,0.000192187,-0.999999978));
#627=AXIS2_PLACEMENT_3D('',#624,#625,#626);
#628=CIRCLE('',#627,1.8);
#629=EDGE_CURVE('',#616,#614,#628,.T.);
#630=ORIENTED_EDGE('',*,*,#629,.F.);
#631=EDGE_LOOP('',(#623,#630));
#632=FACE_BOUND('',#631,.T.);
#633=CARTESIAN_POINT('',(209.227874586,67.601409314,18.745337572));
#634=VERTEX_POINT('',#633);
#635=CARTESIAN_POINT('',(210.500825046,68.87454768,16.945290182));
#636=VERTEX_POINT('',#635);
#637=CARTESIAN_POINT('',(210.500666567,68.874201744,18.745290142));
#638=DIRECTION('',(-0.707106902,0.707106656,0.00007364));
#639=DIRECTION('',(0.000088044,0.000192187,-0.999999978));
#640=AXIS2_PLACEMENT_3D('',#637,#638,#639);
#641=CIRCLE('',#640,1.8);
#642=EDGE_CURVE('',#634,#636,#641,.T.);
#643=ORIENTED_EDGE('',*,*,#642,.F.);
#644=CARTESIAN_POINT('',(210.500666567,68.874201744,18.745290142));
#645=DIRECTION('',(-0.707106902,0.707106656,0.00007364));
#646=DIRECTION('',(0.000088044,0.000192187,-0.999999978));
#647=AXIS2_PLACEMENT_3D('',#644,#645,#646);
#648=CIRCLE('',#647,1.8);
#649=EDGE_CURVE('',#636,#634,#648,.T.);
#650=ORIENTED_EDGE('',*,*,#649,.F.);
#651=EDGE_LOOP('',(#643,#650));
#652=FACE_BOUND('',#651,.T.);
#653=ORIENTED_EDGE('',*,*,#359,.T.);
#654=CARTESIAN_POINT('',(201.519230344,59.890611802,39.395624821));
#655=DIRECTION('',(-0.000070704,0.000033439,-0.999999997));
#656=VECTOR('',#655,5.8);
#657=LINE('',#654,#656);
#658=EDGE_CURVE('',#123,#346,#657,.T.);
#659=ORIENTED_EDGE('',*,*,#658,.F.);
#660=ORIENTED_EDGE('',*,*,#128,.T.);
#661=CARTESIAN_POINT('',(213.682646521,72.056182819,18.745171568));
#662=VERTEX_POINT('',#661);
#663=CARTESIAN_POINT('',(213.682646521,72.056182819,18.745171568));
#664=DIRECTION('',(0.000070704,-0.000033439,0.999999997));
#665=VECTOR('',#664,20.65);
#666=LINE('',#663,#665);
#667=EDGE_CURVE('',#662,#115,#666,.T.);
#668=ORIENTED_EDGE('',*,*,#667,.F.);
#669=CARTESIAN_POINT('',(219.339499771,77.713038063,18.744960769));
#670=VERTEX_POINT('',#669);
#671=CARTESIAN_POINT('',(216.511073146,74.884610441,18.745066168));
#672=DIRECTION('',(-0.707106902,0.707106656,0.00007364));
#673=DIRECTION('',(0.000088044,0.000192187,-0.999999978));
#674=AXIS2_PLACEMENT_3D('',#671,#672,#673);
#675=CIRCLE('',#674,4.);
#676=EDGE_CURVE('',#670,#662,#675,.T.);
#677=ORIENTED_EDGE('',*,*,#676,.F.);
#678=CARTESIAN_POINT('',(219.340959802,77.712347541,39.394960706));
#679=VERTEX_POINT('',#678);
#680=CARTESIAN_POINT('',(219.340959802,77.712347541,39.394960706));
#681=DIRECTION('',(-0.000070704,0.000033439,-0.999999997));
#682=VECTOR('',#681,20.65);
#683=LINE('',#680,#682);
#684=EDGE_CURVE('',#679,#670,#683,.T.);
#685=ORIENTED_EDGE('',*,*,#684,.F.);
#686=CARTESIAN_POINT('',(230.888679023,89.260070832,39.394530387));
#687=VERTEX_POINT('',#686);
#688=CARTESIAN_POINT('',(219.340959802,77.712347541,39.394960706));
#689=DIRECTION('',(0.707106656,0.707106906,-0.00002635));
#690=VECTOR('',#689,16.33094402);
#691=LINE('',#688,#690);
#692=EDGE_CURVE('',#679,#687,#691,.T.);
#693=ORIENTED_EDGE('',*,*,#692,.T.);
#694=CARTESIAN_POINT('',(230.886204394,89.261241207,4.394530494));
#695=VERTEX_POINT('',#694);
#696=CARTESIAN_POINT('',(230.886204394,89.261241207,4.394530494));
#697=DIRECTION('',(0.000070704,-0.000033439,0.999999997));
#698=VECTOR('',#697,35.);
#699=LINE('',#696,#698);
#700=EDGE_CURVE('',#695,#687,#699,.T.);
#701=ORIENTED_EDGE('',*,*,#700,.F.);
#702=CARTESIAN_POINT('',(199.733913125,58.108938959,4.395691364));
#703=DIRECTION('',(0.707106656,0.707106906,-0.00002635));
#704=VECTOR('',#703,44.056000591);
#705=LINE('',#702,#704);
#706=EDGE_CURVE('',#395,#695,#705,.T.);
#707=ORIENTED_EDGE('',*,*,#706,.F.);
#708=ORIENTED_EDGE('',*,*,#400,.F.);
#709=EDGE_LOOP('',(#653,#659,#660,#668,#677,#685,#693,#701,#707,#708));
#710=FACE_BOUND('',#709,.T.);
#711=ADVANCED_FACE('',(#632,#652,#710),#612,.F.);
#712=CARTESIAN_POINT('',(234.255895873,88.388542917,1.989237354));
#713=DIRECTION('',(-0.707106902,0.707106656,0.00007364));
#714=DIRECTION('',(0.000070704,-0.000033439,0.999999997));
#715=AXIS2_PLACEMENT_3D('',#712,#713,#714);
#716=PLANE('',#715);
#717=CARTESIAN_POINT('',(224.642641954,78.773353233,20.544621234));
#718=VERTEX_POINT('',#717);
#719=CARTESIAN_POINT('',(223.370008451,77.50090674,18.744668704));
#720=VERTEX_POINT('',#719);
#721=CARTESIAN_POINT('',(224.642800432,78.77369917,18.744621274));
#722=DIRECTION('',(-0.707106902,0.707106656,0.00007364));
#723=DIRECTION('',(-0.000088044,-0.000192187,0.999999978));
#724=AXIS2_PLACEMENT_3D('',#721,#722,#723);
#725=CIRCLE('',#724,1.8);
#726=EDGE_CURVE('',#718,#720,#725,.T.);
#727=ORIENTED_EDGE('',*,*,#726,.T.);
#728=CARTESIAN_POINT('',(224.642800432,78.77369917,18.744621274));
#729=DIRECTION('',(-0.707106902,0.707106656,0.00007364));
#730=DIRECTION('',(-0.000088044,-0.000192187,0.999999978));
#731=AXIS2_PLACEMENT_3D('',#728,#729,#730);
#732=CIRCLE('',#731,1.8);
#733=EDGE_CURVE('',#720,#718,#732,.T.);
#734=ORIENTED_EDGE('',*,*,#733,.T.);
#735=EDGE_LOOP('',(#727,#734));
#736=FACE_BOUND('',#735,.T.);
#737=CARTESIAN_POINT('',(212.621828796,66.752535839,20.545069181));
#738=VERTEX_POINT('',#737);
#739=CARTESIAN_POINT('',(211.349195293,65.480089346,18.745116651));
#740=VERTEX_POINT('',#739);
#741=CARTESIAN_POINT('',(212.621987275,66.752881776,18.745069222));
#742=DIRECTION('',(-0.707106902,0.707106656,0.00007364));
#743=DIRECTION('',(-0.000088044,-0.000192187,0.999999978));
#744=AXIS2_PLACEMENT_3D('',#741,#742,#743);
#745=CIRCLE('',#744,1.8);
#746=EDGE_CURVE('',#738,#740,#745,.T.);
#747=ORIENTED_EDGE('',*,*,#746,.T.);
#748=CARTESIAN_POINT('',(212.621987275,66.752881776,18.745069222));
#749=DIRECTION('',(-0.707106902,0.707106656,0.00007364));
#750=DIRECTION('',(-0.000088044,-0.000192187,0.999999978));
#751=AXIS2_PLACEMENT_3D('',#748,#749,#750);
#752=CIRCLE('',#751,1.8);
#753=EDGE_CURVE('',#740,#738,#752,.T.);
#754=ORIENTED_EDGE('',*,*,#753,.T.);
#755=EDGE_LOOP('',(#747,#754));
#756=FACE_BOUND('',#755,.T.);
#757=CARTESIAN_POINT('',(215.803967228,69.934862851,18.744950647));
#758=VERTEX_POINT('',#757);
#759=CARTESIAN_POINT('',(215.803967228,69.934862851,18.744950647));
#760=DIRECTION('',(0.000070704,-0.000033439,0.999999997));
#761=VECTOR('',#760,20.65);
#762=LINE('',#759,#761);
#763=EDGE_CURVE('',#758,#107,#762,.T.);
#764=ORIENTED_EDGE('',*,*,#763,.T.);
#765=ORIENTED_EDGE('',*,*,#112,.T.);
#766=CARTESIAN_POINT('',(202.133743751,56.266378951,1.995460066));
#767=VERTEX_POINT('',#766);
#768=CARTESIAN_POINT('',(202.136388068,56.26512832,39.395459952));
#769=DIRECTION('',(-0.000070704,0.000033439,-0.999999997));
#770=VECTOR('',#769,37.4);
#771=LINE('',#768,#770);
#772=EDGE_CURVE('',#99,#767,#771,.T.);
#773=ORIENTED_EDGE('',*,*,#772,.T.);
#774=CARTESIAN_POINT('',(235.128675382,89.261322211,1.994230532));
#775=VERTEX_POINT('',#774);
#776=CARTESIAN_POINT('',(235.128675382,89.261322211,1.994230532));
#777=DIRECTION('',(-0.707106656,-0.707106906,0.00002635));
#778=VECTOR('',#777,46.661888042);
#779=LINE('',#776,#778);
#780=EDGE_CURVE('',#775,#767,#779,.T.);
#781=ORIENTED_EDGE('',*,*,#780,.F.);
#782=CARTESIAN_POINT('',(235.131319699,89.26007158,39.394230417));
#783=VERTEX_POINT('',#782);
#784=CARTESIAN_POINT('',(235.128675382,89.261322211,1.994230532));
#785=DIRECTION('',(0.000070704,-0.000033439,0.999999997));
#786=VECTOR('',#785,37.4);
#787=LINE('',#784,#786);
#788=EDGE_CURVE('',#775,#783,#787,.T.);
#789=ORIENTED_EDGE('',*,*,#788,.T.);
#790=CARTESIAN_POINT('',(221.46228051,75.591027573,39.394739785));
#791=VERTEX_POINT('',#790);
#792=CARTESIAN_POINT('',(235.131319699,89.26007158,39.394230417));
#793=DIRECTION('',(-0.707106656,-0.707106906,0.00002635));
#794=VECTOR('',#793,19.33094402);
#795=LINE('',#792,#794);
#796=EDGE_CURVE('',#783,#791,#795,.T.);
#797=ORIENTED_EDGE('',*,*,#796,.T.);
#798=CARTESIAN_POINT('',(221.460820479,75.591718095,18.744739848));
#799=VERTEX_POINT('',#798);
#800=CARTESIAN_POINT('',(221.46228051,75.591027573,39.394739785));
#801=DIRECTION('',(-0.000070704,0.000033439,-0.999999997));
#802=VECTOR('',#801,20.65);
#803=LINE('',#800,#802);
#804=EDGE_CURVE('',#791,#799,#803,.T.);
#805=ORIENTED_EDGE('',*,*,#804,.T.);
#806=CARTESIAN_POINT('',(218.632393854,72.763290473,18.744845248));
#807=DIRECTION('',(-0.707106902,0.707106656,0.00007364));
#808=DIRECTION('',(-0.000088044,-0.000192187,0.999999978));
#809=AXIS2_PLACEMENT_3D('',#806,#807,#808);
#810=CIRCLE('',#809,4.);
#811=EDGE_CURVE('',#799,#758,#810,.T.);
#812=ORIENTED_EDGE('',*,*,#811,.T.);
#813=EDGE_LOOP('',(#764,#765,#773,#781,#789,#797,#805,#812));
#814=FACE_BOUND('',#813,.T.);
#815=ADVANCED_FACE('',(#736,#756,#814),#716,.F.);
#816=CARTESIAN_POINT('',(210.591768059,43.281363446,39.394427957));
#817=DIRECTION('',(-0.707106656,-0.707106906,0.00002635));
#818=DIRECTION('',(0.707106902,-0.707106656,-0.00007364));
#819=AXIS2_PLACEMENT_3D('',#816,#817,#818);
#820=PLANE('',#819);
#821=CARTESIAN_POINT('',(209.848324825,44.024880949,41.39450539));
#822=VERTEX_POINT('',#821);
#823=CARTESIAN_POINT('',(202.136530263,51.736672823,41.39530852));
#824=VERTEX_POINT('',#823);
#825=CARTESIAN_POINT('',(209.848324825,44.024880949,41.39450539));
#826=DIRECTION('',(-0.707106902,0.707106656,0.00007364));
#827=VECTOR('',#826,10.906122589);
#828=LINE('',#825,#827);
#829=EDGE_CURVE('',#822,#824,#828,.T.);
#830=ORIENTED_EDGE('',*,*,#829,.F.);
#831=CARTESIAN_POINT('',(209.8455391,44.026198458,1.994505511));
#832=VERTEX_POINT('',#831);
#833=CARTESIAN_POINT('',(209.848324825,44.024880949,41.39450539));
#834=DIRECTION('',(-0.000070704,0.000033439,-0.999999997));
#835=VECTOR('',#834,39.4);
#836=LINE('',#833,#835);
#837=EDGE_CURVE('',#822,#832,#836,.T.);
#838=ORIENTED_EDGE('',*,*,#837,.T.);
#839=CARTESIAN_POINT('',(202.133744539,51.737990332,1.99530864));
#840=VERTEX_POINT('',#839);
#841=CARTESIAN_POINT('',(209.8455391,44.026198458,1.994505511));
#842=DIRECTION('',(-0.707106902,0.707106656,0.00007364));
#843=VECTOR('',#842,10.906122588);
#844=LINE('',#841,#843);
#845=EDGE_CURVE('',#832,#840,#844,.T.);
#846=ORIENTED_EDGE('',*,*,#845,.T.);
#847=CARTESIAN_POINT('',(202.136388856,51.736739702,39.395308526));
#848=DIRECTION('',(-0.000070704,0.000033439,-0.999999997));
#849=VECTOR('',#848,37.4);
#850=LINE('',#847,#849);
#851=EDGE_CURVE('',#89,#840,#850,.T.);
#852=ORIENTED_EDGE('',*,*,#851,.F.);
#853=CARTESIAN_POINT('',(202.136530263,51.736672823,41.39530852));
#854=DIRECTION('',(-0.000070704,0.000033439,-0.999999997));
#855=VECTOR('',#854,2.);
#856=LINE('',#853,#855);
#857=EDGE_CURVE('',#824,#89,#856,.T.);
#858=ORIENTED_EDGE('',*,*,#857,.F.);
#859=EDGE_LOOP('',(#830,#838,#846,#852,#858));
#860=FACE_BOUND('',#859,.T.);
#861=ADVANCED_FACE('',(#860),#820,.F.);
#862=CARTESIAN_POINT('',(203.945088042,43.898814339,4.394918442));
#863=DIRECTION('',(-0.000070704,0.000033439,-0.999999997));
#864=DIRECTION('',(-0.866025315,-0.500000153,0.000044512));
#865=AXIS2_PLACEMENT_3D('',#862,#863,#864);
#866=CYLINDRICAL_SURFACE('',#865,1.65);
#867=CARTESIAN_POINT('',(202.515976585,43.073894342,1.994991894));
#868=VERTEX_POINT('',#867);
#869=CARTESIAN_POINT('',(202.516146273,43.073814088,4.394991886));
#870=VERTEX_POINT('',#869);
#871=CARTESIAN_POINT('',(202.515976585,43.073894342,1.994991894));
#872=DIRECTION('',(0.000070704,-0.000033439,0.999999997));
#873=VECTOR('',#872,2.4);
#874=LINE('',#871,#873);
#875=EDGE_CURVE('',#868,#870,#874,.T.);
#876=ORIENTED_EDGE('',*,*,#875,.F.);
#877=CARTESIAN_POINT('',(205.111644337,45.065620988,1.994874972));
#878=VERTEX_POINT('',#877);
#879=CARTESIAN_POINT('',(203.944918354,43.898894594,1.99491845));
#880=DIRECTION('',(0.000070704,-0.000033439,0.999999997));
#881=DIRECTION('',(0.707106656,0.707106906,-0.00002635));
#882=AXIS2_PLACEMENT_3D('',#879,#880,#881);
#883=CIRCLE('',#882,1.65);
#884=EDGE_CURVE('',#878,#868,#883,.T.);
#885=ORIENTED_EDGE('',*,*,#884,.F.);
#886=CARTESIAN_POINT('',(203.944918354,43.898894594,1.99491845));
#887=DIRECTION('',(0.000070704,-0.000033439,0.999999997));
#888=DIRECTION('',(0.707106656,0.707106906,-0.00002635));
#889=AXIS2_PLACEMENT_3D('',#886,#887,#888);
#890=CIRCLE('',#889,1.65);
#891=EDGE_CURVE('',#868,#878,#890,.T.);
#892=ORIENTED_EDGE('',*,*,#891,.F.);
#893=ORIENTED_EDGE('',*,*,#875,.T.);
#894=CARTESIAN_POINT('',(205.111814025,45.065540734,4.394874965));
#895=VERTEX_POINT('',#894);
#896=CARTESIAN_POINT('',(203.945088042,43.898814339,4.394918442));
#897=DIRECTION('',(0.000070704,-0.000033439,0.999999997));
#898=DIRECTION('',(0.707106656,0.707106906,-0.00002635));
#899=AXIS2_PLACEMENT_3D('',#896,#897,#898);
#900=CIRCLE('',#899,1.65);
#901=EDGE_CURVE('',#870,#895,#900,.T.);
#902=ORIENTED_EDGE('',*,*,#901,.T.);
#903=CARTESIAN_POINT('',(203.945088042,43.898814339,4.394918442));
#904=DIRECTION('',(0.000070704,-0.000033439,0.999999997));
#905=DIRECTION('',(0.707106656,0.707106906,-0.00002635));
#906=AXIS2_PLACEMENT_3D('',#903,#904,#905);
#907=CIRCLE('',#906,1.65);
#908=EDGE_CURVE('',#895,#870,#907,.T.);
#909=ORIENTED_EDGE('',*,*,#908,.T.);
#910=EDGE_LOOP('',(#876,#885,#892,#893,#902,#909));
#911=FACE_BOUND('',#910,.T.);
#912=ADVANCED_FACE('',(#911),#866,.F.);
#913=CARTESIAN_POINT('',(169.133902034,122.261230294,4.400000106));
#914=DIRECTION('',(0.000070704,-0.000033439,0.999999997));
#915=DIRECTION('',(-0.707106656,-0.707106906,0.00002635));
#916=AXIS2_PLACEMENT_3D('',#913,#914,#915);
#917=PLANE('',#916);
#918=ORIENTED_EDGE('',*,*,#416,.F.);
#919=CARTESIAN_POINT('',(199.733916376,39.430645633,4.395066775));
#920=DIRECTION('',(0.912040907,-0.41009923,-0.000078198));
#921=VECTOR('',#920,1.697725677);
#922=LINE('',#919,#921);
#923=EDGE_CURVE('',#403,#324,#922,.T.);
#924=ORIENTED_EDGE('',*,*,#923,.T.);
#925=ORIENTED_EDGE('',*,*,#438,.F.);
#926=EDGE_LOOP('',(#918,#924,#925));
#927=FACE_BOUND('',#926,.T.);
#928=ADVANCED_FACE('',(#927),#917,.F.);
#929=CARTESIAN_POINT('',(209.439993952,174.58665933,18.748900087));
#930=DIRECTION('',(0.707106656,0.707106906,-0.00002635));
#931=DIRECTION('',(0.707106902,-0.707106656,-0.00007364));
#932=AXIS2_PLACEMENT_3D('',#929,#930,#931);
#933=CYLINDRICAL_SURFACE('',#932,1.8);
#934=CARTESIAN_POINT('',(213.894766303,176.495848398,18.74864896));
#935=VERTEX_POINT('',#934);
#936=CARTESIAN_POINT('',(211.773446334,174.374527681,18.74872801));
#937=VERTEX_POINT('',#936);
#938=CARTESIAN_POINT('',(213.894766303,176.495848398,18.74864896));
#939=DIRECTION('',(-0.707106656,-0.707106906,0.00002635));
#940=VECTOR('',#939,3.);
#941=LINE('',#938,#940);
#942=EDGE_CURVE('',#935,#937,#941,.T.);
#943=ORIENTED_EDGE('',*,*,#942,.F.);
#944=CARTESIAN_POINT('',(212.617582163,177.772965017,16.948792065));
#945=VERTEX_POINT('',#944);
#946=CARTESIAN_POINT('',(212.621973878,177.768640379,18.748781513));
#947=DIRECTION('',(-0.707106656,-0.707106906,0.00002635));
#948=DIRECTION('',(-0.002439842,0.002402577,-0.999994137));
#949=AXIS2_PLACEMENT_3D('',#946,#947,#948);
#950=CIRCLE('',#949,1.8);
#951=EDGE_CURVE('',#945,#935,#950,.T.);
#952=ORIENTED_EDGE('',*,*,#951,.F.);
#953=CARTESIAN_POINT('',(212.621973878,177.768640379,18.748781513));
#954=DIRECTION('',(-0.707106656,-0.707106906,0.00002635));
#955=DIRECTION('',(-0.002439842,0.002402577,-0.999994137));
#956=AXIS2_PLACEMENT_3D('',#953,#954,#955);
#957=CIRCLE('',#956,1.8);
#958=EDGE_CURVE('',#935,#945,#957,.T.);
#959=ORIENTED_EDGE('',*,*,#958,.F.);
#960=ORIENTED_EDGE('',*,*,#942,.T.);
#961=CARTESIAN_POINT('',(210.505045625,175.642995023,20.54885001));
#962=VERTEX_POINT('',#961);
#963=CARTESIAN_POINT('',(210.500653909,175.647319662,18.748860562));
#964=DIRECTION('',(-0.707106656,-0.707106906,0.00002635));
#965=DIRECTION('',(0.002439842,-0.002402577,0.999994137));
#966=AXIS2_PLACEMENT_3D('',#963,#964,#965);
#967=CIRCLE('',#966,1.8);
#968=EDGE_CURVE('',#937,#962,#967,.T.);
#969=ORIENTED_EDGE('',*,*,#968,.T.);
#970=CARTESIAN_POINT('',(210.500653909,175.647319662,18.748860562));
#971=DIRECTION('',(-0.707106656,-0.707106906,0.00002635));
#972=DIRECTION('',(0.002439842,-0.002402577,0.999994137));
#973=AXIS2_PLACEMENT_3D('',#970,#971,#972);
#974=CIRCLE('',#973,1.8);
#975=EDGE_CURVE('',#962,#937,#974,.T.);
#976=ORIENTED_EDGE('',*,*,#975,.T.);
#977=EDGE_LOOP('',(#943,#952,#959,#960,#969,#976));
#978=FACE_BOUND('',#977,.T.);
#979=ADVANCED_FACE('',(#978),#933,.F.);
#980=CARTESIAN_POINT('',(221.460811294,162.565846178,18.747648203));
#981=DIRECTION('',(0.707106656,0.707106906,-0.00002635));
#982=DIRECTION('',(0.707106902,-0.707106656,-0.00007364));
#983=AXIS2_PLACEMENT_3D('',#980,#981,#982);
#984=CYLINDRICAL_SURFACE('',#983,1.8);
#985=CARTESIAN_POINT('',(225.915583645,164.475035245,18.747397077));
#986=VERTEX_POINT('',#985);
#987=CARTESIAN_POINT('',(223.794263676,162.353714528,18.747476126));
#988=VERTEX_POINT('',#987);
#989=CARTESIAN_POINT('',(225.915583645,164.475035245,18.747397077));
#990=DIRECTION('',(-0.707106656,-0.707106906,0.00002635));
#991=VECTOR('',#990,3.);
#992=LINE('',#989,#991);
#993=EDGE_CURVE('',#986,#988,#992,.T.);
#994=ORIENTED_EDGE('',*,*,#993,.F.);
#995=CARTESIAN_POINT('',(224.638399505,165.752151864,16.947540182));
#996=VERTEX_POINT('',#995);
#997=CARTESIAN_POINT('',(224.642791221,165.747827226,18.747529629));
#998=DIRECTION('',(-0.707106656,-0.707106906,0.00002635));
#999=DIRECTION('',(-0.002439842,0.002402577,-0.999994137));
#1000=AXIS2_PLACEMENT_3D('',#997,#998,#999);
#1001=CIRCLE('',#1000,1.8);
#1002=EDGE_CURVE('',#996,#986,#1001,.T.);
#1003=ORIENTED_EDGE('',*,*,#1002,.F.);
#1004=CARTESIAN_POINT('',(224.642791221,165.747827226,18.747529629));
#1005=DIRECTION('',(-0.707106656,-0.707106906,0.00002635));
#1006=DIRECTION('',(-0.002439842,0.002402577,-0.999994137));
#1007=AXIS2_PLACEMENT_3D('',#1004,#1005,#1006);
#1008=CIRCLE('',#1007,1.8);
#1009=EDGE_CURVE('',#986,#996,#1008,.T.);
#1010=ORIENTED_EDGE('',*,*,#1009,.F.);
#1011=ORIENTED_EDGE('',*,*,#993,.T.);
#1012=CARTESIAN_POINT('',(222.525862967,163.622181871,20.547598126));
#1013=VERTEX_POINT('',#1012);
#1014=CARTESIAN_POINT('',(222.521471252,163.626506509,18.747608679));
#1015=DIRECTION('',(-0.707106656,-0.707106906,0.00002635));
#1016=DIRECTION('',(0.002439842,-0.002402577,0.999994137));
#1017=AXIS2_PLACEMENT_3D('',#1014,#1015,#1016);
#1018=CIRCLE('',#1017,1.8);
#1019=EDGE_CURVE('',#988,#1013,#1018,.T.);
#1020=ORIENTED_EDGE('',*,*,#1019,.T.);
#1021=CARTESIAN_POINT('',(222.521471252,163.626506509,18.747608679));
#1022=DIRECTION('',(-0.707106656,-0.707106906,0.00002635));
#1023=DIRECTION('',(0.002439842,-0.002402577,0.999994137));
#1024=AXIS2_PLACEMENT_3D('',#1021,#1022,#1023);
#1025=CIRCLE('',#1024,1.8);
#1026=EDGE_CURVE('',#1013,#988,#1025,.T.);
#1027=ORIENTED_EDGE('',*,*,#1026,.T.);
#1028=EDGE_LOOP('',(#994,#1003,#1010,#1011,#1020,#1027));
#1029=FACE_BOUND('',#1028,.T.);
#1030=ADVANCED_FACE('',(#1029),#984,.F.);
#1031=CARTESIAN_POINT('',(228.764895964,89.261240833,4.394680479));
#1032=DIRECTION('',(-0.000000174,0.999999999,0.000033439));
#1033=DIRECTION('',(-0.999999998,-0.000000176,0.000070704));
#1034=AXIS2_PLACEMENT_3D('',#1031,#1032,#1033);
#1035=PLANE('',#1034);
#1036=ORIENTED_EDGE('',*,*,#788,.F.);
#1037=CARTESIAN_POINT('',(241.071277551,89.261323259,1.993810368));
#1038=VERTEX_POINT('',#1037);
#1039=CARTESIAN_POINT('',(235.128675382,89.261322211,1.994230532));
#1040=DIRECTION('',(0.999999998,0.000000176,-0.000070704));
#1041=VECTOR('',#1040,5.942602184);
#1042=LINE('',#1039,#1041);
#1043=EDGE_CURVE('',#775,#1038,#1042,.T.);
#1044=ORIENTED_EDGE('',*,*,#1043,.T.);
#1045=CARTESIAN_POINT('',(241.073921868,89.260072629,39.393810253));
#1046=VERTEX_POINT('',#1045);
#1047=CARTESIAN_POINT('',(241.073921869,89.260072629,39.393810253));
#1048=DIRECTION('',(-0.000070704,0.000033439,-0.999999997));
#1049=VECTOR('',#1048,37.4);
#1050=LINE('',#1047,#1049);
#1051=EDGE_CURVE('',#1046,#1038,#1050,.T.);
#1052=ORIENTED_EDGE('',*,*,#1051,.F.);
#1053=CARTESIAN_POINT('',(235.131319699,89.26007158,39.394230417));
#1054=DIRECTION('',(0.999999998,0.000000176,-0.000070704));
#1055=VECTOR('',#1054,5.942602183);
#1056=LINE('',#1053,#1055);
#1057=EDGE_CURVE('',#783,#1046,#1056,.T.);
#1058=ORIENTED_EDGE('',*,*,#1057,.F.);
#1059=EDGE_LOOP('',(#1036,#1044,#1052,#1058));
#1060=FACE_BOUND('',#1059,.T.);
#1061=ADVANCED_FACE('',(#1060),#1035,.F.);
#1062=CARTESIAN_POINT('',(202.133914228,51.737910077,4.395308633));
#1063=DIRECTION('',(-0.999999998,-0.000000176,0.000070704));
#1064=DIRECTION('',(0.000000174,-0.999999999,-0.000033439));
#1065=AXIS2_PLACEMENT_3D('',#1062,#1063,#1064);
#1066=PLANE('',#1065);
#1067=ORIENTED_EDGE('',*,*,#772,.F.);
#1068=ORIENTED_EDGE('',*,*,#104,.T.);
#1069=ORIENTED_EDGE('',*,*,#851,.T.);
#1070=CARTESIAN_POINT('',(202.133744539,51.737990332,1.99530864));
#1071=DIRECTION('',(-0.000000174,0.999999999,0.000033439));
#1072=VECTOR('',#1071,4.528388622);
#1073=LINE('',#1070,#1072);
#1074=EDGE_CURVE('',#840,#767,#1073,.T.);
#1075=ORIENTED_EDGE('',*,*,#1074,.T.);
#1076=EDGE_LOOP('',(#1067,#1068,#1069,#1075));
#1077=FACE_BOUND('',#1076,.T.);
#1078=ADVANCED_FACE('',(#1077),#1066,.F.);
#1079=CARTESIAN_POINT('',(105.044850842,89.477951298,39.403435294));
#1080=DIRECTION('',(-0.000070704,0.000033439,-0.999999997));
#1081=DIRECTION('',(0.707106656,0.707106906,-0.00002635));
#1082=AXIS2_PLACEMENT_3D('',#1079,#1080,#1081);
#1083=PLANE('',#1082);
#1084=CARTESIAN_POINT('',(130.310666505,45.054528713,39.40016342));
#1085=VERTEX_POINT('',#1084);
#1086=CARTESIAN_POINT('',(132.602883117,46.830969816,39.400060754));
#1087=VERTEX_POINT('',#1086);
#1088=CARTESIAN_POINT('',(130.310666505,45.054528713,39.40016342));
#1089=DIRECTION('',(0.790419521,0.612565898,-0.000035402));
#1090=VECTOR('',#1089,2.9);
#1091=LINE('',#1088,#1090);
#1092=EDGE_CURVE('',#1085,#1087,#1091,.T.);
#1093=ORIENTED_EDGE('',*,*,#1092,.T.);
#1094=CARTESIAN_POINT('',(135.287434539,45.73407255,39.399834267));
#1095=VERTEX_POINT('',#1094);
#1096=CARTESIAN_POINT('',(132.602883117,46.830969816,39.400060754));
#1097=DIRECTION('',(0.925707387,-0.378240436,-0.000078099));
#1098=VECTOR('',#1097,2.9);
#1099=LINE('',#1096,#1098);
#1100=EDGE_CURVE('',#1087,#1095,#1099,.T.);
#1101=ORIENTED_EDGE('',*,*,#1100,.T.);
#1102=CARTESIAN_POINT('',(135.679769349,42.860734181,39.399710445));
#1103=VERTEX_POINT('',#1102);
#1104=CARTESIAN_POINT('',(135.287434539,45.73407255,39.399834267));
#1105=DIRECTION('',(0.135287866,-0.990806334,-0.000042697));
#1106=VECTOR('',#1105,2.9);
#1107=LINE('',#1104,#1106);
#1108=EDGE_CURVE('',#1095,#1103,#1107,.T.);
#1109=ORIENTED_EDGE('',*,*,#1108,.T.);
#1110=CARTESIAN_POINT('',(133.387552737,41.084293078,39.399813111));
#1111=VERTEX_POINT('',#1110);
#1112=CARTESIAN_POINT('',(135.679769349,42.860734181,39.399710445));
#1113=DIRECTION('',(-0.790419521,-0.612565898,0.000035402));
#1114=VECTOR('',#1113,2.9);
#1115=LINE('',#1112,#1114);
#1116=EDGE_CURVE('',#1103,#1111,#1115,.T.);
#1117=ORIENTED_EDGE('',*,*,#1116,.T.);
#1118=CARTESIAN_POINT('',(130.703001315,42.181190344,39.400039598));
#1119=VERTEX_POINT('',#1118);
#1120=CARTESIAN_POINT('',(133.387552737,41.084293078,39.399813111));
#1121=DIRECTION('',(-0.925707387,0.378240436,0.000078099));
#1122=VECTOR('',#1121,2.9);
#1123=LINE('',#1120,#1122);
#1124=EDGE_CURVE('',#1111,#1119,#1123,.T.);
#1125=ORIENTED_EDGE('',*,*,#1124,.T.);
#1126=CARTESIAN_POINT('',(130.703001315,42.181190344,39.400039598));
#1127=DIRECTION('',(-0.135287866,0.990806334,0.000042697));
#1128=VECTOR('',#1127,2.9);
#1129=LINE('',#1126,#1128);
#1130=EDGE_CURVE('',#1119,#1085,#1129,.T.);
#1131=ORIENTED_EDGE('',*,*,#1130,.T.);
#1132=EDGE_LOOP('',(#1093,#1101,#1109,#1117,#1125,#1131));
#1133=FACE_BOUND('',#1132,.T.);
#1134=CARTESIAN_POINT('',(128.424593714,44.024930034,39.400262343));
#1135=VERTEX_POINT('',#1134);
#1136=CARTESIAN_POINT('',(128.424593714,44.024930034,39.400262343));
#1137=DIRECTION('',(0.707106656,0.707106906,-0.00002635));
#1138=VECTOR('',#1137,10.906127438);
#1139=LINE('',#1136,#1138);
#1140=EDGE_CURVE('',#1135,#500,#1139,.T.);
#1141=ORIENTED_EDGE('',*,*,#1140,.F.);
#1142=CARTESIAN_POINT('',(128.679673847,42.425824173,39.400190835));
#1143=VERTEX_POINT('',#1142);
#1144=CARTESIAN_POINT('',(129.131704046,43.317826807,39.400188702));
#1145=DIRECTION('',(0.000070704,-0.000033439,0.999999997));
#1146=DIRECTION('',(-0.70711157,0.707101988,0.00007364));
#1147=AXIS2_PLACEMENT_3D('',#1144,#1145,#1146);
#1148=CIRCLE('',#1147,1.);
#1149=EDGE_CURVE('',#1135,#1143,#1148,.T.);
#1150=ORIENTED_EDGE('',*,*,#1149,.T.);
#1151=CARTESIAN_POINT('',(136.98799638,38.733228033,39.399479928));
#1152=VERTEX_POINT('',#1151);
#1153=CARTESIAN_POINT('',(169.136376664,122.26005992,39.399999999));
#1154=DIRECTION('',(-0.000070704,0.000033439,-0.999999997));
#1155=DIRECTION('',(0.707106656,0.707106906,-0.00002635));
#1156=AXIS2_PLACEMENT_3D('',#1153,#1154,#1155);
#1157=CIRCLE('',#1156,89.500000001);
#1158=EDGE_CURVE('',#1152,#1143,#1157,.T.);
#1159=ORIENTED_EDGE('',*,*,#1158,.F.);
#1160=CARTESIAN_POINT('',(138.536391155,39.437050441,39.399393986));
#1161=VERTEX_POINT('',#1160);
#1162=CARTESIAN_POINT('',(138.536391155,39.437050441,39.399393986));
#1163=DIRECTION('',(-0.910365014,-0.41380616,0.000050529));
#1164=VECTOR('',#1163,1.700850483);
#1165=LINE('',#1162,#1164);
#1166=EDGE_CURVE('',#1161,#1152,#1165,.T.);
#1167=ORIENTED_EDGE('',*,*,#1166,.F.);
#1168=CARTESIAN_POINT('',(138.536387905,58.107745934,39.400018321));
#1169=VERTEX_POINT('',#1168);
#1170=CARTESIAN_POINT('',(138.536387905,58.107745934,39.400018321));
#1171=DIRECTION('',(0.000000174,-0.999999999,-0.000033439));
#1172=VECTOR('',#1171,18.670695504);
#1173=LINE('',#1170,#1172);
#1174=EDGE_CURVE('',#1169,#1161,#1173,.T.);
#1175=ORIENTED_EDGE('',*,*,#1174,.F.);
#1176=CARTESIAN_POINT('',(124.588658326,72.055470652,39.401470879));
#1177=VERTEX_POINT('',#1176);
#1178=CARTESIAN_POINT('',(124.588658326,72.055470652,39.401470879));
#1179=DIRECTION('',(0.707106902,-0.707106656,-0.00007364));
#1180=VECTOR('',#1179,19.725064951);
#1181=LINE('',#1178,#1180);
#1182=EDGE_CURVE('',#1177,#1169,#1181,.T.);
#1183=ORIENTED_EDGE('',*,*,#1182,.F.);
#1184=CARTESIAN_POINT('',(122.467338357,69.934149936,39.401549929));
#1185=VERTEX_POINT('',#1184);
#1186=CARTESIAN_POINT('',(124.588658326,72.055470652,39.401470879));
#1187=DIRECTION('',(-0.707106656,-0.707106906,0.00002635));
#1188=VECTOR('',#1187,3.);
#1189=LINE('',#1186,#1188);
#1190=EDGE_CURVE('',#1177,#1185,#1189,.T.);
#1191=ORIENTED_EDGE('',*,*,#1190,.T.);
#1192=CARTESIAN_POINT('',(136.136388232,56.265104824,39.400126394));
#1193=DIRECTION('',(-0.707106902,0.707106656,0.00007364));
#1194=VECTOR('',#1193,19.330952402);
#1195=LINE('',#1192,#1194);
#1196=EDGE_CURVE('',#508,#1185,#1195,.T.);
#1197=ORIENTED_EDGE('',*,*,#1196,.F.);
#1198=ORIENTED_EDGE('',*,*,#513,.F.);
#1199=EDGE_LOOP('',(#1141,#1150,#1159,#1167,#1175,#1183,#1191,#1197,#1198));
#1200=FACE_BOUND('',#1199,.T.);
#1201=ADVANCED_FACE('',(#1133,#1200),#1083,.F.);
#1202=CARTESIAN_POINT('',(97.198842944,89.260047246,39.403982749));
#1203=DIRECTION('',(-0.000000174,0.999999999,0.000033439));
#1204=DIRECTION('',(-0.999999998,-0.000000176,0.000070704));
#1205=AXIS2_PLACEMENT_3D('',#1202,#1203,#1204);
#1206=PLANE('',#1205);
#1207=CARTESIAN_POINT('',(107.384073939,89.260049043,39.403262616));
#1208=VERTEX_POINT('',#1207);
#1209=CARTESIAN_POINT('',(118.189456242,89.260050949,39.402498636));
#1210=VERTEX_POINT('',#1209);
#1211=CARTESIAN_POINT('',(107.384073939,89.260049043,39.403262616));
#1212=DIRECTION('',(0.999999998,0.000000176,-0.000070704));
#1213=VECTOR('',#1212,10.80538233);
#1214=LINE('',#1211,#1213);
#1215=EDGE_CURVE('',#1208,#1210,#1214,.T.);
#1216=ORIENTED_EDGE('',*,*,#1215,.F.);
#1217=CARTESIAN_POINT('',(107.381599311,89.261219418,4.403262723));
#1218=VERTEX_POINT('',#1217);
#1219=CARTESIAN_POINT('',(107.384073939,89.260049043,39.403262616));
#1220=DIRECTION('',(-0.000070704,0.000033439,-0.999999997));
#1221=VECTOR('',#1220,35.);
#1222=LINE('',#1219,#1221);
#1223=EDGE_CURVE('',#1208,#1218,#1222,.T.);
#1224=ORIENTED_EDGE('',*,*,#1223,.T.);
#1225=CARTESIAN_POINT('',(118.186981613,89.261221325,4.402498743));
#1226=VERTEX_POINT('',#1225);
#1227=CARTESIAN_POINT('',(107.381599311,89.261219418,4.403262723));
#1228=DIRECTION('',(0.999999998,0.000000176,-0.000070704));
#1229=VECTOR('',#1228,10.80538233);
#1230=LINE('',#1227,#1229);
#1231=EDGE_CURVE('',#1218,#1226,#1230,.T.);
#1232=ORIENTED_EDGE('',*,*,#1231,.T.);
#1233=CARTESIAN_POINT('',(118.189456242,89.260050949,39.402498636));
#1234=DIRECTION('',(-0.000070704,0.000033439,-0.999999997));
#1235=VECTOR('',#1234,35.);
#1236=LINE('',#1233,#1235);
#1237=EDGE_CURVE('',#1210,#1226,#1236,.T.);
#1238=ORIENTED_EDGE('',*,*,#1237,.F.);
#1239=EDGE_LOOP('',(#1216,#1224,#1232,#1238));
#1240=FACE_BOUND('',#1239,.T.);
#1241=ADVANCED_FACE('',(#1240),#1206,.F.);
#1242=CARTESIAN_POINT('',(118.189444754,155.260050912,39.404705631));
#1243=DIRECTION('',(0.000000174,-0.999999999,-0.000033439));
#1244=DIRECTION('',(0.999999998,0.000000176,-0.000070704));
#1245=AXIS2_PLACEMENT_3D('',#1242,#1243,#1244);
#1246=PLANE('',#1245);
#1247=CARTESIAN_POINT('',(118.186970125,155.261221288,4.404705738));
#1248=VERTEX_POINT('',#1247);
#1249=CARTESIAN_POINT('',(107.381599673,155.261219381,4.405469717));
#1250=VERTEX_POINT('',#1249);
#1251=CARTESIAN_POINT('',(118.186970125,155.261221288,4.404705738));
#1252=DIRECTION('',(-0.999999998,-0.000000176,0.000070704));
#1253=VECTOR('',#1252,10.80537048);
#1254=LINE('',#1251,#1253);
#1255=EDGE_CURVE('',#1248,#1250,#1254,.T.);
#1256=ORIENTED_EDGE('',*,*,#1255,.T.);
#1257=CARTESIAN_POINT('',(107.384074301,155.260049006,39.40546961));
#1258=VERTEX_POINT('',#1257);
#1259=CARTESIAN_POINT('',(107.381599673,155.261219381,4.405469717));
#1260=DIRECTION('',(0.000070704,-0.000033439,0.999999997));
#1261=VECTOR('',#1260,35.);
#1262=LINE('',#1259,#1261);
#1263=EDGE_CURVE('',#1250,#1258,#1262,.T.);
#1264=ORIENTED_EDGE('',*,*,#1263,.T.);
#1265=CARTESIAN_POINT('',(118.189444754,155.260050912,39.404705631));
#1266=VERTEX_POINT('',#1265);
#1267=CARTESIAN_POINT('',(118.189444754,155.260050912,39.404705631));
#1268=DIRECTION('',(-0.999999998,-0.000000176,0.000070704));
#1269=VECTOR('',#1268,10.80537048);
#1270=LINE('',#1267,#1269);
#1271=EDGE_CURVE('',#1266,#1258,#1270,.T.);
#1272=ORIENTED_EDGE('',*,*,#1271,.F.);
#1273=CARTESIAN_POINT('',(118.189444754,155.260050912,39.404705631));
#1274=DIRECTION('',(-0.000070704,0.000033439,-0.999999997));
#1275=VECTOR('',#1274,35.);
#1276=LINE('',#1273,#1275);
#1277=EDGE_CURVE('',#1266,#1248,#1276,.T.);
#1278=ORIENTED_EDGE('',*,*,#1277,.T.);
#1279=EDGE_LOOP('',(#1256,#1264,#1272,#1278));
#1280=FACE_BOUND('',#1279,.T.);
#1281=ADVANCED_FACE('',(#1280),#1246,.F.);
#1282=CARTESIAN_POINT('',(169.136376663,122.260059919,39.399999999));
#1283=DIRECTION('',(-0.000070704,0.000033439,-0.999999997));
#1284=DIRECTION('',(0.707106656,0.707106906,-0.00002635));
#1285=AXIS2_PLACEMENT_3D('',#1282,#1283,#1284);
#1286=CYLINDRICAL_SURFACE('',#1285,87.6);
#1287=CARTESIAN_POINT('',(83.980110086,101.705492531,9.405333437));
#1288=VERTEX_POINT('',#1287);
#1289=CARTESIAN_POINT('',(83.981877677,101.704656548,34.405333361));
#1290=VERTEX_POINT('',#1289);
#1291=CARTESIAN_POINT('',(83.980110086,101.705492531,9.405333437));
#1292=DIRECTION('',(0.000070704,-0.000033439,0.999999997));
#1293=VECTOR('',#1292,25.);
#1294=LINE('',#1291,#1293);
#1295=EDGE_CURVE('',#1288,#1290,#1294,.T.);
#1296=ORIENTED_EDGE('',*,*,#1295,.F.);
#1297=CARTESIAN_POINT('',(84.487895837,99.705492621,9.405230656));
#1298=VERTEX_POINT('',#1297);
#1299=CARTESIAN_POINT('',(169.134255553,122.261063098,9.400000091));
#1300=DIRECTION('',(0.000070704,-0.000033439,0.999999997));
#1301=DIRECTION('',(0.707106656,0.707106906,-0.00002635));
#1302=AXIS2_PLACEMENT_3D('',#1299,#1300,#1301);
#1303=CIRCLE('',#1302,87.6);
#1304=EDGE_CURVE('',#1288,#1298,#1303,.T.);
#1305=ORIENTED_EDGE('',*,*,#1304,.T.);
#1306=CARTESIAN_POINT('',(84.489663429,99.704656639,34.40523058));
#1307=VERTEX_POINT('',#1306);
#1308=CARTESIAN_POINT('',(84.489663429,99.704656639,34.40523058));
#1309=DIRECTION('',(-0.000070704,0.000033439,-0.999999997));
#1310=VECTOR('',#1309,25.);
#1311=LINE('',#1308,#1310);
#1312=EDGE_CURVE('',#1307,#1298,#1311,.T.);
#1313=ORIENTED_EDGE('',*,*,#1312,.F.);
#1314=CARTESIAN_POINT('',(169.136023144,122.260227115,34.400000014));
#1315=DIRECTION('',(0.000070704,-0.000033439,0.999999997));
#1316=DIRECTION('',(0.707106656,0.707106906,-0.00002635));
#1317=AXIS2_PLACEMENT_3D('',#1314,#1315,#1316);
#1318=CIRCLE('',#1317,87.6);
#1319=EDGE_CURVE('',#1290,#1307,#1318,.T.);
#1320=ORIENTED_EDGE('',*,*,#1319,.F.);
#1321=EDGE_LOOP('',(#1296,#1305,#1313,#1320));
#1322=FACE_BOUND('',#1321,.T.);
#1323=CARTESIAN_POINT('',(82.926458995,106.705492342,9.405575131));
#1324=VERTEX_POINT('',#1323);
#1325=CARTESIAN_POINT('',(82.928226586,106.704656359,34.405575054));
#1326=VERTEX_POINT('',#1325);
#1327=CARTESIAN_POINT('',(82.926458995,106.705492342,9.405575131));
#1328=DIRECTION('',(0.000070704,-0.000033439,0.999999997));
#1329=VECTOR('',#1328,25.);
#1330=LINE('',#1327,#1329);
#1331=EDGE_CURVE('',#1324,#1326,#1330,.T.);
#1332=ORIENTED_EDGE('',*,*,#1331,.F.);
#1333=CARTESIAN_POINT('',(83.311403655,104.705492411,9.405481035));
#1334=VERTEX_POINT('',#1333);
#1335=CARTESIAN_POINT('',(169.134255553,122.261063098,9.400000091));
#1336=DIRECTION('',(0.000070704,-0.000033439,0.999999997));
#1337=DIRECTION('',(0.707106656,0.707106906,-0.00002635));
#1338=AXIS2_PLACEMENT_3D('',#1335,#1336,#1337);
#1339=CIRCLE('',#1338,87.6);
#1340=EDGE_CURVE('',#1324,#1334,#1339,.T.);
#1341=ORIENTED_EDGE('',*,*,#1340,.T.);
#1342=CARTESIAN_POINT('',(83.313171247,104.704656428,34.405480959));
#1343=VERTEX_POINT('',#1342);
#1344=CARTESIAN_POINT('',(83.313171247,104.704656428,34.405480959));
#1345=DIRECTION('',(-0.000070704,0.000033439,-0.999999997));
#1346=VECTOR('',#1345,25.);
#1347=LINE('',#1344,#1346);
#1348=EDGE_CURVE('',#1343,#1334,#1347,.T.);
#1349=ORIENTED_EDGE('',*,*,#1348,.F.);
#1350=CARTESIAN_POINT('',(169.136023144,122.260227115,34.400000014));
#1351=DIRECTION('',(0.000070704,-0.000033439,0.999999997));
#1352=DIRECTION('',(0.707106656,0.707106906,-0.00002635));
#1353=AXIS2_PLACEMENT_3D('',#1350,#1351,#1352);
#1354=CIRCLE('',#1353,87.6);
#1355=EDGE_CURVE('',#1326,#1343,#1354,.T.);
#1356=ORIENTED_EDGE('',*,*,#1355,.F.);
#1357=EDGE_LOOP('',(#1332,#1341,#1349,#1356));
#1358=FACE_BOUND('',#1357,.T.);
#1359=CARTESIAN_POINT('',(82.172540473,111.705492206,9.405795632));
#1360=VERTEX_POINT('',#1359);
#1361=CARTESIAN_POINT('',(82.174308065,111.704656223,34.405795556));
#1362=VERTEX_POINT('',#1361);
#1363=CARTESIAN_POINT('',(82.172540473,111.705492206,9.405795632));
#1364=DIRECTION('',(0.000070704,-0.000033439,0.999999997));
#1365=VECTOR('',#1364,25.);
#1366=LINE('',#1363,#1365);
#1367=EDGE_CURVE('',#1360,#1362,#1366,.T.);
#1368=ORIENTED_EDGE('',*,*,#1367,.F.);
#1369=CARTESIAN_POINT('',(82.43871006,109.705492254,9.405709934));
#1370=VERTEX_POINT('',#1369);
#1371=CARTESIAN_POINT('',(169.134255553,122.261063098,9.400000091));
#1372=DIRECTION('',(0.000070704,-0.000033439,0.999999997));
#1373=DIRECTION('',(0.707106656,0.707106906,-0.00002635));
#1374=AXIS2_PLACEMENT_3D('',#1371,#1372,#1373);
#1375=CIRCLE('',#1374,87.6);
#1376=EDGE_CURVE('',#1360,#1370,#1375,.T.);
#1377=ORIENTED_EDGE('',*,*,#1376,.T.);
#1378=CARTESIAN_POINT('',(82.440477652,109.704656272,34.405709858));
#1379=VERTEX_POINT('',#1378);
#1380=CARTESIAN_POINT('',(82.440477652,109.704656272,34.405709858));
#1381=DIRECTION('',(-0.000070704,0.000033439,-0.999999997));
#1382=VECTOR('',#1381,25.);
#1383=LINE('',#1380,#1382);
#1384=EDGE_CURVE('',#1379,#1370,#1383,.T.);
#1385=ORIENTED_EDGE('',*,*,#1384,.F.);
#1386=CARTESIAN_POINT('',(169.136023144,122.260227115,34.400000014));
#1387=DIRECTION('',(0.000070704,-0.000033439,0.999999997));
#1388=DIRECTION('',(0.707106656,0.707106906,-0.00002635));
#1389=AXIS2_PLACEMENT_3D('',#1386,#1387,#1388);
#1390=CIRCLE('',#1389,87.6);
#1391=EDGE_CURVE('',#1362,#1379,#1390,.T.);
#1392=ORIENTED_EDGE('',*,*,#1391,.F.);
#1393=EDGE_LOOP('',(#1368,#1377,#1385,#1392));
#1394=FACE_BOUND('',#1393,.T.);
#1395=CARTESIAN_POINT('',(81.710599743,116.705492122,9.40599549));
#1396=VERTEX_POINT('',#1395);
#1397=CARTESIAN_POINT('',(81.712367334,116.704656139,34.405995413));
#1398=VERTEX_POINT('',#1397);
#1399=CARTESIAN_POINT('',(81.710599743,116.705492122,9.40599549));
#1400=DIRECTION('',(0.000070704,-0.000033439,0.999999997));
#1401=VECTOR('',#1400,25.);
#1402=LINE('',#1399,#1401);
#1403=EDGE_CURVE('',#1396,#1398,#1402,.T.);
#1404=ORIENTED_EDGE('',*,*,#1403,.F.);
#1405=CARTESIAN_POINT('',(81.860701067,114.705492149,9.405917998));
#1406=VERTEX_POINT('',#1405);
#1407=CARTESIAN_POINT('',(169.134255553,122.261063098,9.400000091));
#1408=DIRECTION('',(0.000070704,-0.000033439,0.999999997));
#1409=DIRECTION('',(0.707106656,0.707106906,-0.00002635));
#1410=AXIS2_PLACEMENT_3D('',#1407,#1408,#1409);
#1411=CIRCLE('',#1410,87.6);
#1412=EDGE_CURVE('',#1396,#1406,#1411,.T.);
#1413=ORIENTED_EDGE('',*,*,#1412,.T.);
#1414=CARTESIAN_POINT('',(81.862468658,114.704656167,34.405917922));
#1415=VERTEX_POINT('',#1414);
#1416=CARTESIAN_POINT('',(81.862468658,114.704656167,34.405917922));
#1417=DIRECTION('',(-0.000070704,0.000033439,-0.999999997));
#1418=VECTOR('',#1417,25.);
#1419=LINE('',#1416,#1418);
#1420=EDGE_CURVE('',#1415,#1406,#1419,.T.);
#1421=ORIENTED_EDGE('',*,*,#1420,.F.);
#1422=CARTESIAN_POINT('',(169.136023144,122.260227115,34.400000014));
#1423=DIRECTION('',(0.000070704,-0.000033439,0.999999997));
#1424=DIRECTION('',(0.707106656,0.707106906,-0.00002635));
#1425=AXIS2_PLACEMENT_3D('',#1422,#1423,#1424);
#1426=CIRCLE('',#1425,87.6);
#1427=EDGE_CURVE('',#1398,#1415,#1426,.T.);
#1428=ORIENTED_EDGE('',*,*,#1427,.F.);
#1429=EDGE_LOOP('',(#1404,#1413,#1421,#1428));
#1430=FACE_BOUND('',#1429,.T.);
#1431=CARTESIAN_POINT('',(81.536017541,121.705492088,9.40617503));
#1432=VERTEX_POINT('',#1431);
#1433=CARTESIAN_POINT('',(81.537785133,121.704656106,34.406174953));
#1434=VERTEX_POINT('',#1433);
#1435=CARTESIAN_POINT('',(81.536017541,121.705492088,9.40617503));
#1436=DIRECTION('',(0.000070704,-0.000033439,0.999999997));
#1437=VECTOR('',#1436,25.);
#1438=LINE('',#1435,#1437);
#1439=EDGE_CURVE('',#1432,#1434,#1438,.T.);
#1440=ORIENTED_EDGE('',*,*,#1439,.F.);
#1441=CARTESIAN_POINT('',(81.571540773,119.705492096,9.40610564));
#1442=VERTEX_POINT('',#1441);
#1443=CARTESIAN_POINT('',(169.134255553,122.261063098,9.400000091));
#1444=DIRECTION('',(0.000070704,-0.000033439,0.999999997));
#1445=DIRECTION('',(0.707106656,0.707106906,-0.00002635));
#1446=AXIS2_PLACEMENT_3D('',#1443,#1444,#1445);
#1447=CIRCLE('',#1446,87.6);
#1448=EDGE_CURVE('',#1432,#1442,#1447,.T.);
#1449=ORIENTED_EDGE('',*,*,#1448,.T.);
#1450=CARTESIAN_POINT('',(81.573308365,119.704656113,34.406105563));
#1451=VERTEX_POINT('',#1450);
#1452=CARTESIAN_POINT('',(81.573308365,119.704656113,34.406105563));
#1453=DIRECTION('',(-0.000070704,0.000033439,-0.999999997));
#1454=VECTOR('',#1453,25.);
#1455=LINE('',#1452,#1454);
#1456=EDGE_CURVE('',#1451,#1442,#1455,.T.);
#1457=ORIENTED_EDGE('',*,*,#1456,.F.);
#1458=CARTESIAN_POINT('',(169.136023144,122.260227115,34.400000014));
#1459=DIRECTION('',(0.000070704,-0.000033439,0.999999997));
#1460=DIRECTION('',(0.707106656,0.707106906,-0.00002635));
#1461=AXIS2_PLACEMENT_3D('',#1458,#1459,#1460);
#1462=CIRCLE('',#1461,87.6);
#1463=EDGE_CURVE('',#1434,#1451,#1462,.T.);
#1464=ORIENTED_EDGE('',*,*,#1463,.F.);
#1465=EDGE_LOOP('',(#1440,#1449,#1457,#1464));
#1466=FACE_BOUND('',#1465,.T.);
#1467=CARTESIAN_POINT('',(81.647073573,126.705492105,9.406334374));
#1468=VERTEX_POINT('',#1467);
#1469=CARTESIAN_POINT('',(81.648841165,126.704656122,34.406334298));
#1470=VERTEX_POINT('',#1469);
#1471=CARTESIAN_POINT('',(81.647073573,126.705492105,9.406334374));
#1472=DIRECTION('',(0.000070704,-0.000033439,0.999999997));
#1473=VECTOR('',#1472,25.);
#1474=LINE('',#1471,#1473);
#1475=EDGE_CURVE('',#1468,#1470,#1474,.T.);
#1476=ORIENTED_EDGE('',*,*,#1475,.F.);
#1477=CARTESIAN_POINT('',(81.568367631,124.705492092,9.40627306));
#1478=VERTEX_POINT('',#1477);
#1479=CARTESIAN_POINT('',(169.134255553,122.261063098,9.400000091));
#1480=DIRECTION('',(0.000070704,-0.000033439,0.999999997));
#1481=DIRECTION('',(0.707106656,0.707106906,-0.00002635));
#1482=AXIS2_PLACEMENT_3D('',#1479,#1480,#1481);
#1483=CIRCLE('',#1482,87.6);
#1484=EDGE_CURVE('',#1468,#1478,#1483,.T.);
#1485=ORIENTED_EDGE('',*,*,#1484,.T.);
#1486=CARTESIAN_POINT('',(81.570135222,124.70465611,34.406272984));
#1487=VERTEX_POINT('',#1486);
#1488=CARTESIAN_POINT('',(81.570135222,124.70465611,34.406272984));
#1489=DIRECTION('',(-0.000070704,0.000033439,-0.999999997));
#1490=VECTOR('',#1489,25.);
#1491=LINE('',#1488,#1490);
#1492=EDGE_CURVE('',#1487,#1478,#1491,.T.);
#1493=ORIENTED_EDGE('',*,*,#1492,.F.);
#1494=CARTESIAN_POINT('',(169.136023144,122.260227115,34.400000014));
#1495=DIRECTION('',(0.000070704,-0.000033439,0.999999997));
#1496=DIRECTION('',(0.707106656,0.707106906,-0.00002635));
#1497=AXIS2_PLACEMENT_3D('',#1494,#1495,#1496);
#1498=CIRCLE('',#1497,87.6);
#1499=EDGE_CURVE('',#1470,#1487,#1498,.T.);
#1500=ORIENTED_EDGE('',*,*,#1499,.F.);
#1501=EDGE_LOOP('',(#1476,#1485,#1493,#1500));
#1502=FACE_BOUND('',#1501,.T.);
#1503=CARTESIAN_POINT('',(82.044860575,131.705492172,9.406473446));
#1504=VERTEX_POINT('',#1503);
#1505=CARTESIAN_POINT('',(82.046628167,131.70465619,34.406473369));
#1506=VERTEX_POINT('',#1505);
#1507=CARTESIAN_POINT('',(82.044860575,131.705492172,9.406473446));
#1508=DIRECTION('',(0.000070704,-0.000033439,0.999999997));
#1509=VECTOR('',#1508,25.);
#1510=LINE('',#1507,#1509);
#1511=EDGE_CURVE('',#1504,#1506,#1510,.T.);
#1512=ORIENTED_EDGE('',*,*,#1511,.F.);
#1513=CARTESIAN_POINT('',(81.851150457,129.705492139,9.406420263));
#1514=VERTEX_POINT('',#1513);
#1515=CARTESIAN_POINT('',(169.134255553,122.261063098,9.400000091));
#1516=DIRECTION('',(0.000070704,-0.000033439,0.999999997));
#1517=DIRECTION('',(0.707106656,0.707106906,-0.00002635));
#1518=AXIS2_PLACEMENT_3D('',#1515,#1516,#1517);
#1519=CIRCLE('',#1518,87.6);
#1520=EDGE_CURVE('',#1504,#1514,#1519,.T.);
#1521=ORIENTED_EDGE('',*,*,#1520,.T.);
#1522=CARTESIAN_POINT('',(81.852918049,129.704656157,34.406420187));
#1523=VERTEX_POINT('',#1522);
#1524=CARTESIAN_POINT('',(81.852918049,129.704656157,34.406420187));
#1525=DIRECTION('',(-0.000070704,0.000033439,-0.999999997));
#1526=VECTOR('',#1525,25.);
#1527=LINE('',#1524,#1526);
#1528=EDGE_CURVE('',#1523,#1514,#1527,.T.);
#1529=ORIENTED_EDGE('',*,*,#1528,.F.);
#1530=CARTESIAN_POINT('',(169.136023144,122.260227115,34.400000014));
#1531=DIRECTION('',(0.000070704,-0.000033439,0.999999997));
#1532=DIRECTION('',(0.707106656,0.707106906,-0.00002635));
#1533=AXIS2_PLACEMENT_3D('',#1530,#1531,#1532);
#1534=CIRCLE('',#1533,87.6);
#1535=EDGE_CURVE('',#1506,#1523,#1534,.T.);
#1536=ORIENTED_EDGE('',*,*,#1535,.F.);
#1537=EDGE_LOOP('',(#1512,#1521,#1529,#1536));
#1538=FACE_BOUND('',#1537,.T.);
#1539=CARTESIAN_POINT('',(82.733338764,136.705492291,9.406591964));
#1540=VERTEX_POINT('',#1539);
#1541=CARTESIAN_POINT('',(82.735106356,136.704656308,34.406591888));
#1542=VERTEX_POINT('',#1541);
#1543=CARTESIAN_POINT('',(82.733338764,136.705492291,9.406591964));
#1544=DIRECTION('',(0.000070704,-0.000033439,0.999999997));
#1545=VECTOR('',#1544,25.);
#1546=LINE('',#1543,#1545);
#1547=EDGE_CURVE('',#1540,#1542,#1546,.T.);
#1548=ORIENTED_EDGE('',*,*,#1547,.F.);
#1549=CARTESIAN_POINT('',(82.422686886,134.705492237,9.40654705));
#1550=VERTEX_POINT('',#1549);
#1551=CARTESIAN_POINT('',(169.134255553,122.261063098,9.400000091));
#1552=DIRECTION('',(0.000070704,-0.000033439,0.999999997));
#1553=DIRECTION('',(0.707106656,0.707106906,-0.00002635));
#1554=AXIS2_PLACEMENT_3D('',#1551,#1552,#1553);
#1555=CIRCLE('',#1554,87.6);
#1556=EDGE_CURVE('',#1540,#1550,#1555,.T.);
#1557=ORIENTED_EDGE('',*,*,#1556,.T.);
#1558=CARTESIAN_POINT('',(82.424454478,134.704656255,34.406546974));
#1559=VERTEX_POINT('',#1558);
#1560=CARTESIAN_POINT('',(82.424454478,134.704656255,34.406546974));
#1561=DIRECTION('',(-0.000070704,0.000033439,-0.999999997));
#1562=VECTOR('',#1561,25.);
#1563=LINE('',#1560,#1562);
#1564=EDGE_CURVE('',#1559,#1550,#1563,.T.);
#1565=ORIENTED_EDGE('',*,*,#1564,.F.);
#1566=CARTESIAN_POINT('',(169.136023144,122.260227115,34.400000014));
#1567=DIRECTION('',(0.000070704,-0.000033439,0.999999997));
#1568=DIRECTION('',(0.707106656,0.707106906,-0.00002635));
#1569=AXIS2_PLACEMENT_3D('',#1566,#1567,#1568);
#1570=CIRCLE('',#1569,87.6);
#1571=EDGE_CURVE('',#1542,#1559,#1570,.T.);
#1572=ORIENTED_EDGE('',*,*,#1571,.F.);
#1573=EDGE_LOOP('',(#1548,#1557,#1565,#1572));
#1574=FACE_BOUND('',#1573,.T.);
#1575=CARTESIAN_POINT('',(83.719537137,141.705492462,9.406689433));
#1576=VERTEX_POINT('',#1575);
#1577=CARTESIAN_POINT('',(83.721304729,141.70465648,34.406689357));
#1578=VERTEX_POINT('',#1577);
#1579=CARTESIAN_POINT('',(83.719537137,141.705492462,9.406689433));
#1580=DIRECTION('',(0.000070704,-0.000033439,0.999999997));
#1581=VECTOR('',#1580,25.);
#1582=LINE('',#1579,#1581);
#1583=EDGE_CURVE('',#1576,#1578,#1582,.T.);
#1584=ORIENTED_EDGE('',*,*,#1583,.F.);
#1585=CARTESIAN_POINT('',(83.288744065,139.705492387,9.406653013));
#1586=VERTEX_POINT('',#1585);
#1587=CARTESIAN_POINT('',(169.134255553,122.261063098,9.400000091));
#1588=DIRECTION('',(0.000070704,-0.000033439,0.999999997));
#1589=DIRECTION('',(0.707106656,0.707106906,-0.00002635));
#1590=AXIS2_PLACEMENT_3D('',#1587,#1588,#1589);
#1591=CIRCLE('',#1590,87.6);
#1592=EDGE_CURVE('',#1576,#1586,#1591,.T.);
#1593=ORIENTED_EDGE('',*,*,#1592,.T.);
#1594=CARTESIAN_POINT('',(83.290511657,139.704656405,34.406652937));
#1595=VERTEX_POINT('',#1594);
#1596=CARTESIAN_POINT('',(83.290511657,139.704656405,34.406652937));
#1597=DIRECTION('',(-0.000070704,0.000033439,-0.999999997));
#1598=VECTOR('',#1597,25.);
#1599=LINE('',#1596,#1598);
#1600=EDGE_CURVE('',#1595,#1586,#1599,.T.);
#1601=ORIENTED_EDGE('',*,*,#1600,.F.);
#1602=CARTESIAN_POINT('',(169.136023144,122.260227115,34.400000014));
#1603=DIRECTION('',(0.000070704,-0.000033439,0.999999997));
#1604=DIRECTION('',(0.707106656,0.707106906,-0.00002635));
#1605=AXIS2_PLACEMENT_3D('',#1602,#1603,#1604);
#1606=CIRCLE('',#1605,87.6);
#1607=EDGE_CURVE('',#1578,#1595,#1606,.T.);
#1608=ORIENTED_EDGE('',*,*,#1607,.F.);
#1609=EDGE_LOOP('',(#1584,#1593,#1601,#1608));
#1610=FACE_BOUND('',#1609,.T.);
#1611=CARTESIAN_POINT('',(85.013926165,146.705492688,9.406765112));
#1612=VERTEX_POINT('',#1611);
#1613=CARTESIAN_POINT('',(85.015693757,146.704656705,34.406765035));
#1614=VERTEX_POINT('',#1613);
#1615=CARTESIAN_POINT('',(85.013926165,146.705492688,9.406765112));
#1616=DIRECTION('',(0.000070704,-0.000033439,0.999999997));
#1617=VECTOR('',#1616,25.);
#1618=LINE('',#1615,#1617);
#1619=EDGE_CURVE('',#1612,#1614,#1618,.T.);
#1620=ORIENTED_EDGE('',*,*,#1619,.F.);
#1621=CARTESIAN_POINT('',(84.458358514,144.705492591,9.406737514));
#1622=VERTEX_POINT('',#1621);
#1623=CARTESIAN_POINT('',(169.134255553,122.261063098,9.400000091));
#1624=DIRECTION('',(0.000070704,-0.000033439,0.999999997));
#1625=DIRECTION('',(0.707106656,0.707106906,-0.00002635));
#1626=AXIS2_PLACEMENT_3D('',#1623,#1624,#1625);
#1627=CIRCLE('',#1626,87.6);
#1628=EDGE_CURVE('',#1612,#1622,#1627,.T.);
#1629=ORIENTED_EDGE('',*,*,#1628,.T.);
#1630=CARTESIAN_POINT('',(84.460126105,144.704656608,34.406737437));
#1631=VERTEX_POINT('',#1630);
#1632=CARTESIAN_POINT('',(84.460126105,144.704656608,34.406737437));
#1633=DIRECTION('',(-0.000070704,0.000033439,-0.999999997));
#1634=VECTOR('',#1633,25.);
#1635=LINE('',#1632,#1634);
#1636=EDGE_CURVE('',#1631,#1622,#1635,.T.);
#1637=ORIENTED_EDGE('',*,*,#1636,.F.);
#1638=CARTESIAN_POINT('',(169.136023144,122.260227115,34.400000014));
#1639=DIRECTION('',(0.000070704,-0.000033439,0.999999997));
#1640=DIRECTION('',(0.707106656,0.707106906,-0.00002635));
#1641=AXIS2_PLACEMENT_3D('',#1638,#1639,#1640);
#1642=CIRCLE('',#1641,87.6);
#1643=EDGE_CURVE('',#1614,#1631,#1642,.T.);
#1644=ORIENTED_EDGE('',*,*,#1643,.F.);
#1645=EDGE_LOOP('',(#1620,#1629,#1637,#1644));
#1646=FACE_BOUND('',#1645,.T.);
#1647=CARTESIAN_POINT('',(87.052240916,91.66121583,4.404780337));
#1648=VERTEX_POINT('',#1647);
#1649=CARTESIAN_POINT('',(87.052230263,152.861215796,4.406826824));
#1650=VERTEX_POINT('',#1649);
#1651=CARTESIAN_POINT('',(169.133902034,122.261230294,4.400000106));
#1652=DIRECTION('',(-0.000070704,0.000033439,-0.999999997));
#1653=DIRECTION('',(0.707106656,0.707106906,-0.00002635));
#1654=AXIS2_PLACEMENT_3D('',#1651,#1652,#1653);
#1655=CIRCLE('',#1654,87.6);
#1656=EDGE_CURVE('',#1648,#1650,#1655,.T.);
#1657=ORIENTED_EDGE('',*,*,#1656,.T.);
#1658=CARTESIAN_POINT('',(87.054704892,152.86004542,39.406826717));
#1659=VERTEX_POINT('',#1658);
#1660=CARTESIAN_POINT('',(87.054704892,152.86004542,39.406826717));
#1661=DIRECTION('',(-0.000070704,0.000033439,-0.999999997));
#1662=VECTOR('',#1661,35.);
#1663=LINE('',#1660,#1662);
#1664=EDGE_CURVE('',#1659,#1650,#1663,.T.);
#1665=ORIENTED_EDGE('',*,*,#1664,.F.);
#1666=CARTESIAN_POINT('',(87.054715544,91.660045455,39.40478023));
#1667=VERTEX_POINT('',#1666);
#1668=CARTESIAN_POINT('',(169.136376663,122.260059919,39.399999999));
#1669=DIRECTION('',(-0.000070704,0.000033439,-0.999999997));
#1670=DIRECTION('',(0.707106656,0.707106906,-0.00002635));
#1671=AXIS2_PLACEMENT_3D('',#1668,#1669,#1670);
#1672=CIRCLE('',#1671,87.6);
#1673=EDGE_CURVE('',#1667,#1659,#1672,.T.);
#1674=ORIENTED_EDGE('',*,*,#1673,.F.);
#1675=CARTESIAN_POINT('',(87.054715544,91.660045455,39.40478023));
#1676=DIRECTION('',(-0.000070704,0.000033439,-0.999999997));
#1677=VECTOR('',#1676,35.);
#1678=LINE('',#1675,#1677);
#1679=EDGE_CURVE('',#1667,#1648,#1678,.T.);
#1680=ORIENTED_EDGE('',*,*,#1679,.T.);
#1681=EDGE_LOOP('',(#1657,#1665,#1674,#1680));
#1682=FACE_BOUND('',#1681,.T.);
#1683=ADVANCED_FACE('',(#1322,#1358,#1394,#1430,#1466,#1502,#1538,#1574,#1610,#1646,#1682),#1286,.F.);
#1684=CARTESIAN_POINT('',(87.054704892,152.86004542,39.406826717));
#1685=DIRECTION('',(-0.000000174,0.999999999,0.000033439));
#1686=DIRECTION('',(-0.999999998,-0.000000176,0.000070704));
#1687=AXIS2_PLACEMENT_3D('',#1684,#1685,#1686);
#1688=PLANE('',#1687);
#1689=CARTESIAN_POINT('',(115.786970549,152.861220866,4.404795172));
#1690=VERTEX_POINT('',#1689);
#1691=CARTESIAN_POINT('',(87.052230263,152.861215796,4.406826824));
#1692=DIRECTION('',(0.999999998,0.000000176,-0.000070704));
#1693=VECTOR('',#1692,28.734740358);
#1694=LINE('',#1691,#1693);
#1695=EDGE_CURVE('',#1650,#1690,#1694,.T.);
#1696=ORIENTED_EDGE('',*,*,#1695,.T.);
#1697=CARTESIAN_POINT('',(115.789445178,152.86005049,39.404795065));
#1698=VERTEX_POINT('',#1697);
#1699=CARTESIAN_POINT('',(115.789445178,152.86005049,39.404795065));
#1700=DIRECTION('',(-0.000070704,0.000033439,-0.999999997));
#1701=VECTOR('',#1700,35.);
#1702=LINE('',#1699,#1701);
#1703=EDGE_CURVE('',#1698,#1690,#1702,.T.);
#1704=ORIENTED_EDGE('',*,*,#1703,.F.);
#1705=CARTESIAN_POINT('',(87.054704892,152.86004542,39.406826717));
#1706=DIRECTION('',(0.999999998,0.000000176,-0.000070704));
#1707=VECTOR('',#1706,28.734740358);
#1708=LINE('',#1705,#1707);
#1709=EDGE_CURVE('',#1659,#1698,#1708,.T.);
#1710=ORIENTED_EDGE('',*,*,#1709,.F.);
#1711=ORIENTED_EDGE('',*,*,#1664,.T.);
#1712=EDGE_LOOP('',(#1696,#1704,#1710,#1711));
#1713=FACE_BOUND('',#1712,.T.);
#1714=ADVANCED_FACE('',(#1713),#1688,.F.);
#1715=CARTESIAN_POINT('',(115.789445178,152.86005049,39.404795065));
#1716=DIRECTION('',(0.999999998,0.000000176,-0.000070704));
#1717=DIRECTION('',(-0.000000174,0.999999999,0.000033439));
#1718=AXIS2_PLACEMENT_3D('',#1715,#1716,#1717);
#1719=PLANE('',#1718);
#1720=CARTESIAN_POINT('',(115.789454873,97.160050521,39.402932495));
#1721=VERTEX_POINT('',#1720);
#1722=CARTESIAN_POINT('',(115.78945583,91.660050524,39.402748579));
#1723=VERTEX_POINT('',#1722);
#1724=CARTESIAN_POINT('',(115.789454873,97.160050521,39.402932495));
#1725=DIRECTION('',(0.000000174,-0.999999999,-0.000033439));
#1726=VECTOR('',#1725,5.5);
#1727=LINE('',#1724,#1726);
#1728=EDGE_CURVE('',#1721,#1723,#1727,.T.);
#1729=ORIENTED_EDGE('',*,*,#1728,.F.);
#1730=CARTESIAN_POINT('',(115.788323614,97.16058555,23.402932544));
#1731=VERTEX_POINT('',#1730);
#1732=CARTESIAN_POINT('',(115.789454873,97.160050521,39.402932495));
#1733=DIRECTION('',(-0.000070704,0.000033439,-0.999999997));
#1734=VECTOR('',#1733,16.);
#1735=LINE('',#1732,#1734);
#1736=EDGE_CURVE('',#1721,#1731,#1735,.T.);
#1737=ORIENTED_EDGE('',*,*,#1736,.T.);
#1738=CARTESIAN_POINT('',(115.788314876,147.360585522,23.404611198));
#1739=VERTEX_POINT('',#1738);
#1740=CARTESIAN_POINT('',(115.788323614,97.16058555,23.402932544));
#1741=DIRECTION('',(-0.000000174,0.999999999,0.000033439));
#1742=VECTOR('',#1741,50.2);
#1743=LINE('',#1740,#1742);
#1744=EDGE_CURVE('',#1731,#1739,#1743,.T.);
#1745=ORIENTED_EDGE('',*,*,#1744,.T.);
#1746=CARTESIAN_POINT('',(115.788951209,147.360284568,32.40461117));
#1747=VERTEX_POINT('',#1746);
#1748=CARTESIAN_POINT('',(115.788951209,147.360284568,32.40461117));
#1749=DIRECTION('',(-0.000070704,0.000033439,-0.999999997));
#1750=VECTOR('',#1749,9.);
#1751=LINE('',#1748,#1750);
#1752=EDGE_CURVE('',#1747,#1739,#1751,.T.);
#1753=ORIENTED_EDGE('',*,*,#1752,.F.);
#1754=CARTESIAN_POINT('',(115.789277247,142.76013075,37.004457336));
#1755=VERTEX_POINT('',#1754);
#1756=CARTESIAN_POINT('',(115.788951209,147.360284568,32.40461117));
#1757=DIRECTION('',(0.000050118,-0.707130426,0.707083134));
#1758=VECTOR('',#1757,6.505382387);
#1759=LINE('',#1756,#1758);
#1760=EDGE_CURVE('',#1747,#1755,#1759,.T.);
#1761=ORIENTED_EDGE('',*,*,#1760,.T.);
#1762=CARTESIAN_POINT('',(115.789278187,137.360130753,37.004276763));
#1763=VERTEX_POINT('',#1762);
#1764=CARTESIAN_POINT('',(115.789278187,137.360130753,37.004276763));
#1765=DIRECTION('',(-0.000000174,0.999999999,0.000033439));
#1766=VECTOR('',#1765,5.4);
#1767=LINE('',#1764,#1766);
#1768=EDGE_CURVE('',#1763,#1755,#1767,.T.);
#1769=ORIENTED_EDGE('',*,*,#1768,.F.);
#1770=CARTESIAN_POINT('',(115.789447876,137.360050499,39.404276756));
#1771=VERTEX_POINT('',#1770);
#1772=CARTESIAN_POINT('',(115.789447876,137.360050499,39.404276756));
#1773=DIRECTION('',(-0.000070704,0.000033439,-0.999999997));
#1774=VECTOR('',#1773,2.4);
#1775=LINE('',#1772,#1774);
#1776=EDGE_CURVE('',#1771,#1763,#1775,.T.);
#1777=ORIENTED_EDGE('',*,*,#1776,.F.);
#1778=CARTESIAN_POINT('',(115.789445178,152.86005049,39.404795065));
#1779=DIRECTION('',(0.000000174,-0.999999999,-0.000033439));
#1780=VECTOR('',#1779,15.5);
#1781=LINE('',#1778,#1780);
#1782=EDGE_CURVE('',#1698,#1771,#1781,.T.);
#1783=ORIENTED_EDGE('',*,*,#1782,.F.);
#1784=ORIENTED_EDGE('',*,*,#1703,.T.);
#1785=CARTESIAN_POINT('',(115.786981202,91.6612209,4.402748686));
#1786=VERTEX_POINT('',#1785);
#1787=CARTESIAN_POINT('',(115.786970549,152.861220866,4.404795172));
#1788=DIRECTION('',(0.000000174,-0.999999999,-0.000033439));
#1789=VECTOR('',#1788,61.2);
#1790=LINE('',#1787,#1789);
#1791=EDGE_CURVE('',#1690,#1786,#1790,.T.);
#1792=ORIENTED_EDGE('',*,*,#1791,.T.);
#1793=CARTESIAN_POINT('',(115.78945583,91.660050524,39.402748579));
#1794=DIRECTION('',(-0.000070704,0.000033439,-0.999999997));
#1795=VECTOR('',#1794,35.);
#1796=LINE('',#1793,#1795);
#1797=EDGE_CURVE('',#1723,#1786,#1796,.T.);
#1798=ORIENTED_EDGE('',*,*,#1797,.F.);
#1799=EDGE_LOOP('',(#1729,#1737,#1745,#1753,#1761,#1769,#1777,#1783,#1784,#1792,#1798));
#1800=FACE_BOUND('',#1799,.T.);
#1801=ADVANCED_FACE('',(#1800),#1719,.F.);
#1802=CARTESIAN_POINT('',(115.78945583,91.660050524,39.402748579));
#1803=DIRECTION('',(0.000000174,-0.999999999,-0.000033439));
#1804=DIRECTION('',(0.999999998,0.000000176,-0.000070704));
#1805=AXIS2_PLACEMENT_3D('',#1802,#1803,#1804);
#1806=PLANE('',#1805);
#1807=CARTESIAN_POINT('',(115.786981202,91.6612209,4.402748686));
#1808=DIRECTION('',(-0.999999998,-0.000000176,0.000070704));
#1809=VECTOR('',#1808,28.734740358);
#1810=LINE('',#1807,#1809);
#1811=EDGE_CURVE('',#1786,#1648,#1810,.T.);
#1812=ORIENTED_EDGE('',*,*,#1811,.T.);
#1813=ORIENTED_EDGE('',*,*,#1679,.F.);
#1814=CARTESIAN_POINT('',(115.78945583,91.660050524,39.402748579));
#1815=DIRECTION('',(-0.999999998,-0.000000176,0.000070704));
#1816=VECTOR('',#1815,28.734740358);
#1817=LINE('',#1814,#1816);
#1818=EDGE_CURVE('',#1723,#1667,#1817,.T.);
#1819=ORIENTED_EDGE('',*,*,#1818,.F.);
#1820=ORIENTED_EDGE('',*,*,#1797,.T.);
#1821=EDGE_LOOP('',(#1812,#1813,#1819,#1820));
#1822=FACE_BOUND('',#1821,.T.);
#1823=ADVANCED_FACE('',(#1822),#1806,.F.);
#1824=CARTESIAN_POINT('',(118.189456242,89.260050949,39.402498636));
#1825=DIRECTION('',(-0.999999998,-0.000000176,0.000070704));
#1826=DIRECTION('',(0.000000174,-0.999999999,-0.000033439));
#1827=AXIS2_PLACEMENT_3D('',#1824,#1825,#1826);
#1828=PLANE('',#1827);
#1829=CARTESIAN_POINT('',(118.188323608,97.160585973,23.402762855));
#1830=VERTEX_POINT('',#1829);
#1831=CARTESIAN_POINT('',(118.18831487,147.360585945,23.404441509));
#1832=VERTEX_POINT('',#1831);
#1833=CARTESIAN_POINT('',(118.188323608,97.160585973,23.402762855));
#1834=DIRECTION('',(-0.000000174,0.999999999,0.000033439));
#1835=VECTOR('',#1834,50.2);
#1836=LINE('',#1833,#1835);
#1837=EDGE_CURVE('',#1830,#1832,#1836,.T.);
#1838=ORIENTED_EDGE('',*,*,#1837,.F.);
#1839=CARTESIAN_POINT('',(118.189454867,97.160050944,39.402762806));
#1840=VERTEX_POINT('',#1839);
#1841=CARTESIAN_POINT('',(118.188323608,97.160585973,23.402762855));
#1842=DIRECTION('',(0.000070704,-0.000033439,0.999999997));
#1843=VECTOR('',#1842,16.);
#1844=LINE('',#1841,#1843);
#1845=EDGE_CURVE('',#1830,#1840,#1844,.T.);
#1846=ORIENTED_EDGE('',*,*,#1845,.T.);
#1847=CARTESIAN_POINT('',(118.189456242,89.260050949,39.402498636));
#1848=DIRECTION('',(-0.000000174,0.999999999,0.000033439));
#1849=VECTOR('',#1848,7.9);
#1850=LINE('',#1847,#1849);
#1851=EDGE_CURVE('',#1210,#1840,#1850,.T.);
#1852=ORIENTED_EDGE('',*,*,#1851,.F.);
#1853=ORIENTED_EDGE('',*,*,#1237,.T.);
#1854=CARTESIAN_POINT('',(118.186981613,89.261221325,4.402498743));
#1855=DIRECTION('',(-0.000000174,0.999999999,0.000033439));
#1856=VECTOR('',#1855,66.);
#1857=LINE('',#1854,#1856);
#1858=EDGE_CURVE('',#1226,#1248,#1857,.T.);
#1859=ORIENTED_EDGE('',*,*,#1858,.T.);
#1860=ORIENTED_EDGE('',*,*,#1277,.F.);
#1861=CARTESIAN_POINT('',(118.18944787,137.360050922,39.404107067));
#1862=VERTEX_POINT('',#1861);
#1863=CARTESIAN_POINT('',(118.18944787,137.360050922,39.404107067));
#1864=DIRECTION('',(-0.000000174,0.999999999,0.000033439));
#1865=VECTOR('',#1864,17.9);
#1866=LINE('',#1863,#1865);
#1867=EDGE_CURVE('',#1862,#1266,#1866,.T.);
#1868=ORIENTED_EDGE('',*,*,#1867,.F.);
#1869=CARTESIAN_POINT('',(118.189278181,137.360131176,37.004107074));
#1870=VERTEX_POINT('',#1869);
#1871=CARTESIAN_POINT('',(118.189278181,137.360131176,37.004107074));
#1872=DIRECTION('',(0.000070704,-0.000033439,0.999999997));
#1873=VECTOR('',#1872,2.4);
#1874=LINE('',#1871,#1873);
#1875=EDGE_CURVE('',#1870,#1862,#1874,.T.);
#1876=ORIENTED_EDGE('',*,*,#1875,.F.);
#1877=CARTESIAN_POINT('',(118.189277241,142.760131173,37.004287647));
#1878=VERTEX_POINT('',#1877);
#1879=CARTESIAN_POINT('',(118.189278181,137.360131176,37.004107074));
#1880=DIRECTION('',(-0.000000174,0.999999999,0.000033439));
#1881=VECTOR('',#1880,5.4);
#1882=LINE('',#1879,#1881);
#1883=EDGE_CURVE('',#1870,#1878,#1882,.T.);
#1884=ORIENTED_EDGE('',*,*,#1883,.T.);
#1885=CARTESIAN_POINT('',(118.188951203,147.360284992,32.404441482));
#1886=VERTEX_POINT('',#1885);
#1887=CARTESIAN_POINT('',(118.189277241,142.760131173,37.004287647));
#1888=DIRECTION('',(-0.000050118,0.707130426,-0.707083134));
#1889=VECTOR('',#1888,6.505382387);
#1890=LINE('',#1887,#1889);
#1891=EDGE_CURVE('',#1878,#1886,#1890,.T.);
#1892=ORIENTED_EDGE('',*,*,#1891,.T.);
#1893=CARTESIAN_POINT('',(118.18831487,147.360585945,23.404441509));
#1894=DIRECTION('',(0.000070704,-0.000033439,0.999999997));
#1895=VECTOR('',#1894,9.);
#1896=LINE('',#1893,#1895);
#1897=EDGE_CURVE('',#1832,#1886,#1896,.T.);
#1898=ORIENTED_EDGE('',*,*,#1897,.F.);
#1899=EDGE_LOOP('',(#1838,#1846,#1852,#1853,#1859,#1860,#1868,#1876,#1884,#1892,#1898));
#1900=FACE_BOUND('',#1899,.T.);
#1901=ADVANCED_FACE('',(#1900),#1828,.F.);
#1902=CARTESIAN_POINT('',(241.073910381,155.260072592,39.396017248));
#1903=DIRECTION('',(0.000000174,-0.999999999,-0.000033439));
#1904=DIRECTION('',(0.999999998,0.000000176,-0.000070704));
#1905=AXIS2_PLACEMENT_3D('',#1902,#1903,#1904);
#1906=PLANE('',#1905);
#1907=CARTESIAN_POINT('',(230.888679391,155.260070795,39.396737382));
#1908=VERTEX_POINT('',#1907);
#1909=CARTESIAN_POINT('',(220.083297083,155.260068888,39.397501362));
#1910=VERTEX_POINT('',#1909);
#1911=CARTESIAN_POINT('',(230.888679391,155.260070795,39.396737382));
#1912=DIRECTION('',(-0.999999998,-0.000000176,0.000070704));
#1913=VECTOR('',#1912,10.805382335);
#1914=LINE('',#1911,#1913);
#1915=EDGE_CURVE('',#1908,#1910,#1914,.T.);
#1916=ORIENTED_EDGE('',*,*,#1915,.F.);
#1917=CARTESIAN_POINT('',(230.886204763,155.26124117,4.396737489));
#1918=VERTEX_POINT('',#1917);
#1919=CARTESIAN_POINT('',(230.888679391,155.260070795,39.396737382));
#1920=DIRECTION('',(-0.000070704,0.000033439,-0.999999997));
#1921=VECTOR('',#1920,35.);
#1922=LINE('',#1919,#1921);
#1923=EDGE_CURVE('',#1908,#1918,#1922,.T.);
#1924=ORIENTED_EDGE('',*,*,#1923,.T.);
#1925=CARTESIAN_POINT('',(220.080822455,155.261239264,4.397501469));
#1926=VERTEX_POINT('',#1925);
#1927=CARTESIAN_POINT('',(230.886204763,155.26124117,4.396737489));
#1928=DIRECTION('',(-0.999999998,-0.000000176,0.000070704));
#1929=VECTOR('',#1928,10.805382335);
#1930=LINE('',#1927,#1929);
#1931=EDGE_CURVE('',#1918,#1926,#1930,.T.);
#1932=ORIENTED_EDGE('',*,*,#1931,.T.);
#1933=CARTESIAN_POINT('',(220.083297083,155.260068888,39.397501362));
#1934=DIRECTION('',(-0.000070704,0.000033439,-0.999999997));
#1935=VECTOR('',#1934,35.);
#1936=LINE('',#1933,#1935);
#1937=EDGE_CURVE('',#1910,#1926,#1936,.T.);
#1938=ORIENTED_EDGE('',*,*,#1937,.F.);
#1939=EDGE_LOOP('',(#1916,#1924,#1932,#1938));
#1940=FACE_BOUND('',#1939,.T.);
#1941=ADVANCED_FACE('',(#1940),#1906,.F.);
#1942=CARTESIAN_POINT('',(220.083308571,89.260068925,39.395294367));
#1943=DIRECTION('',(-0.000000174,0.999999999,0.000033439));
#1944=DIRECTION('',(-0.999999998,-0.000000176,0.000070704));
#1945=AXIS2_PLACEMENT_3D('',#1942,#1943,#1944);
#1946=PLANE('',#1945);
#1947=CARTESIAN_POINT('',(220.080833943,89.261239301,4.395294474));
#1948=VERTEX_POINT('',#1947);
#1949=CARTESIAN_POINT('',(220.080833943,89.261239301,4.395294474));
#1950=DIRECTION('',(0.999999998,0.000000176,-0.000070704));
#1951=VECTOR('',#1950,10.805370479);
#1952=LINE('',#1949,#1951);
#1953=EDGE_CURVE('',#1948,#695,#1952,.T.);
#1954=ORIENTED_EDGE('',*,*,#1953,.T.);
#1955=ORIENTED_EDGE('',*,*,#700,.T.);
#1956=CARTESIAN_POINT('',(220.083308571,89.260068925,39.395294367));
#1957=VERTEX_POINT('',#1956);
#1958=CARTESIAN_POINT('',(220.083308571,89.260068925,39.395294367));
#1959=DIRECTION('',(0.999999998,0.000000176,-0.000070704));
#1960=VECTOR('',#1959,10.805370479);
#1961=LINE('',#1958,#1960);
#1962=EDGE_CURVE('',#1957,#687,#1961,.T.);
#1963=ORIENTED_EDGE('',*,*,#1962,.F.);
#1964=CARTESIAN_POINT('',(220.083308571,89.260068925,39.395294367));
#1965=DIRECTION('',(-0.000070704,0.000033439,-0.999999997));
#1966=VECTOR('',#1965,35.);
#1967=LINE('',#1964,#1966);
#1968=EDGE_CURVE('',#1957,#1948,#1967,.T.);
#1969=ORIENTED_EDGE('',*,*,#1968,.T.);
#1970=EDGE_LOOP('',(#1954,#1955,#1963,#1969));
#1971=FACE_BOUND('',#1970,.T.);
#1972=ADVANCED_FACE('',(#1971),#1946,.F.);
#1973=CARTESIAN_POINT('',(169.136376663,122.260059919,39.399999999));
#1974=DIRECTION('',(-0.000070704,0.000033439,-0.999999997));
#1975=DIRECTION('',(-0.707106656,-0.707106906,0.00002635));
#1976=AXIS2_PLACEMENT_3D('',#1973,#1974,#1975);
#1977=CYLINDRICAL_SURFACE('',#1976,87.6);
#1978=CARTESIAN_POINT('',(254.288401019,142.816633665,9.394666744));
#1979=VERTEX_POINT('',#1978);
#1980=CARTESIAN_POINT('',(254.290168611,142.815797682,34.394666667));
#1981=VERTEX_POINT('',#1980);
#1982=CARTESIAN_POINT('',(254.288401019,142.816633665,9.394666744));
#1983=DIRECTION('',(0.000070704,-0.000033439,0.999999997));
#1984=VECTOR('',#1983,25.);
#1985=LINE('',#1982,#1984);
#1986=EDGE_CURVE('',#1979,#1981,#1985,.T.);
#1987=ORIENTED_EDGE('',*,*,#1986,.F.);
#1988=CARTESIAN_POINT('',(253.780615268,144.816633574,9.394769525));
#1989=VERTEX_POINT('',#1988);
#1990=CARTESIAN_POINT('',(169.134255553,122.261063098,9.400000091));
#1991=DIRECTION('',(0.000070704,-0.000033439,0.999999997));
#1992=DIRECTION('',(0.707106656,0.707106906,-0.00002635));
#1993=AXIS2_PLACEMENT_3D('',#1990,#1991,#1992);
#1994=CIRCLE('',#1993,87.6);
#1995=EDGE_CURVE('',#1979,#1989,#1994,.T.);
#1996=ORIENTED_EDGE('',*,*,#1995,.T.);
#1997=CARTESIAN_POINT('',(253.78238286,144.815797592,34.394769448));
#1998=VERTEX_POINT('',#1997);
#1999=CARTESIAN_POINT('',(253.78238286,144.815797592,34.394769448));
#2000=DIRECTION('',(-0.000070704,0.000033439,-0.999999997));
#2001=VECTOR('',#2000,25.);
#2002=LINE('',#1999,#2001);
#2003=EDGE_CURVE('',#1998,#1989,#2002,.T.);
#2004=ORIENTED_EDGE('',*,*,#2003,.F.);
#2005=CARTESIAN_POINT('',(169.136023144,122.260227115,34.400000014));
#2006=DIRECTION('',(0.000070704,-0.000033439,0.999999997));
#2007=DIRECTION('',(0.707106656,0.707106906,-0.00002635));
#2008=AXIS2_PLACEMENT_3D('',#2005,#2006,#2007);
#2009=CIRCLE('',#2008,87.6);
#2010=EDGE_CURVE('',#1981,#1998,#2009,.T.);
#2011=ORIENTED_EDGE('',*,*,#2010,.F.);
#2012=EDGE_LOOP('',(#1987,#1996,#2004,#2011));
#2013=FACE_BOUND('',#2012,.T.);
#2014=CARTESIAN_POINT('',(255.34205211,137.816633854,9.39442505));
#2015=VERTEX_POINT('',#2014);
#2016=CARTESIAN_POINT('',(255.343819702,137.815797871,34.394424974));
#2017=VERTEX_POINT('',#2016);
#2018=CARTESIAN_POINT('',(255.34205211,137.816633854,9.39442505));
#2019=DIRECTION('',(0.000070704,-0.000033439,0.999999997));
#2020=VECTOR('',#2019,25.);
#2021=LINE('',#2018,#2020);
#2022=EDGE_CURVE('',#2015,#2017,#2021,.T.);
#2023=ORIENTED_EDGE('',*,*,#2022,.F.);
#2024=CARTESIAN_POINT('',(254.95710745,139.816633785,9.394519146));
#2025=VERTEX_POINT('',#2024);
#2026=CARTESIAN_POINT('',(169.134255553,122.261063098,9.400000091));
#2027=DIRECTION('',(0.000070704,-0.000033439,0.999999997));
#2028=DIRECTION('',(0.707106656,0.707106906,-0.00002635));
#2029=AXIS2_PLACEMENT_3D('',#2026,#2027,#2028);
#2030=CIRCLE('',#2029,87.6);
#2031=EDGE_CURVE('',#2015,#2025,#2030,.T.);
#2032=ORIENTED_EDGE('',*,*,#2031,.T.);
#2033=CARTESIAN_POINT('',(254.958875042,139.815797802,34.394519069));
#2034=VERTEX_POINT('',#2033);
#2035=CARTESIAN_POINT('',(254.958875042,139.815797802,34.394519069));
#2036=DIRECTION('',(-0.000070704,0.000033439,-0.999999997));
#2037=VECTOR('',#2036,25.);
#2038=LINE('',#2035,#2037);
#2039=EDGE_CURVE('',#2034,#2025,#2038,.T.);
#2040=ORIENTED_EDGE('',*,*,#2039,.F.);
#2041=CARTESIAN_POINT('',(169.136023144,122.260227115,34.400000014));
#2042=DIRECTION('',(0.000070704,-0.000033439,0.999999997));
#2043=DIRECTION('',(0.707106656,0.707106906,-0.00002635));
#2044=AXIS2_PLACEMENT_3D('',#2041,#2042,#2043);
#2045=CIRCLE('',#2044,87.6);
#2046=EDGE_CURVE('',#2017,#2034,#2045,.T.);
#2047=ORIENTED_EDGE('',*,*,#2046,.F.);
#2048=EDGE_LOOP('',(#2023,#2032,#2040,#2047));
#2049=FACE_BOUND('',#2048,.T.);
#2050=CARTESIAN_POINT('',(256.095970632,132.81663399,9.394204549));
#2051=VERTEX_POINT('',#2050);
#2052=CARTESIAN_POINT('',(256.097738224,132.815798007,34.394204472));
#2053=VERTEX_POINT('',#2052);
#2054=CARTESIAN_POINT('',(256.095970632,132.81663399,9.394204549));
#2055=DIRECTION('',(0.000070704,-0.000033439,0.999999997));
#2056=VECTOR('',#2055,25.);
#2057=LINE('',#2054,#2056);
#2058=EDGE_CURVE('',#2051,#2053,#2057,.T.);
#2059=ORIENTED_EDGE('',*,*,#2058,.F.);
#2060=CARTESIAN_POINT('',(255.829801045,134.816633942,9.394290247));
#2061=VERTEX_POINT('',#2060);
#2062=CARTESIAN_POINT('',(169.134255553,122.261063098,9.400000091));
#2063=DIRECTION('',(0.000070704,-0.000033439,0.999999997));
#2064=DIRECTION('',(0.707106656,0.707106906,-0.00002635));
#2065=AXIS2_PLACEMENT_3D('',#2062,#2063,#2064);
#2066=CIRCLE('',#2065,87.6);
#2067=EDGE_CURVE('',#2051,#2061,#2066,.T.);
#2068=ORIENTED_EDGE('',*,*,#2067,.T.);
#2069=CARTESIAN_POINT('',(255.831568637,134.815797959,34.39429017));
#2070=VERTEX_POINT('',#2069);
#2071=CARTESIAN_POINT('',(255.831568637,134.815797959,34.39429017));
#2072=DIRECTION('',(-0.000070704,0.000033439,-0.999999997));
#2073=VECTOR('',#2072,25.);
#2074=LINE('',#2071,#2073);
#2075=EDGE_CURVE('',#2070,#2061,#2074,.T.);
#2076=ORIENTED_EDGE('',*,*,#2075,.F.);
#2077=CARTESIAN_POINT('',(169.136023144,122.260227115,34.400000014));
#2078=DIRECTION('',(0.000070704,-0.000033439,0.999999997));
#2079=DIRECTION('',(0.707106656,0.707106906,-0.00002635));
#2080=AXIS2_PLACEMENT_3D('',#2077,#2078,#2079);
#2081=CIRCLE('',#2080,87.6);
#2082=EDGE_CURVE('',#2053,#2070,#2081,.T.);
#2083=ORIENTED_EDGE('',*,*,#2082,.F.);
#2084=EDGE_LOOP('',(#2059,#2068,#2076,#2083));
#2085=FACE_BOUND('',#2084,.T.);
#2086=CARTESIAN_POINT('',(256.557911363,127.816634074,9.394004691));
#2087=VERTEX_POINT('',#2086);
#2088=CARTESIAN_POINT('',(256.559678954,127.815798091,34.394004615));
#2089=VERTEX_POINT('',#2088);
#2090=CARTESIAN_POINT('',(256.557911363,127.816634074,9.394004691));
#2091=DIRECTION('',(0.000070704,-0.000033439,0.999999997));
#2092=VECTOR('',#2091,25.);
#2093=LINE('',#2090,#2092);
#2094=EDGE_CURVE('',#2087,#2089,#2093,.T.);
#2095=ORIENTED_EDGE('',*,*,#2094,.F.);
#2096=CARTESIAN_POINT('',(256.407810039,129.816634046,9.394082183));
#2097=VERTEX_POINT('',#2096);
#2098=CARTESIAN_POINT('',(169.134255553,122.261063098,9.400000091));
#2099=DIRECTION('',(0.000070704,-0.000033439,0.999999997));
#2100=DIRECTION('',(0.707106656,0.707106906,-0.00002635));
#2101=AXIS2_PLACEMENT_3D('',#2098,#2099,#2100);
#2102=CIRCLE('',#2101,87.6);
#2103=EDGE_CURVE('',#2087,#2097,#2102,.T.);
#2104=ORIENTED_EDGE('',*,*,#2103,.T.);
#2105=CARTESIAN_POINT('',(256.40957763,129.815798064,34.394082106));
#2106=VERTEX_POINT('',#2105);
#2107=CARTESIAN_POINT('',(256.40957763,129.815798064,34.394082106));
#2108=DIRECTION('',(-0.000070704,0.000033439,-0.999999997));
#2109=VECTOR('',#2108,25.);
#2110=LINE('',#2107,#2109);
#2111=EDGE_CURVE('',#2106,#2097,#2110,.T.);
#2112=ORIENTED_EDGE('',*,*,#2111,.F.);
#2113=CARTESIAN_POINT('',(169.136023144,122.260227115,34.400000014));
#2114=DIRECTION('',(0.000070704,-0.000033439,0.999999997));
#2115=DIRECTION('',(0.707106656,0.707106906,-0.00002635));
#2116=AXIS2_PLACEMENT_3D('',#2113,#2114,#2115);
#2117=CIRCLE('',#2116,87.6);
#2118=EDGE_CURVE('',#2089,#2106,#2117,.T.);
#2119=ORIENTED_EDGE('',*,*,#2118,.F.);
#2120=EDGE_LOOP('',(#2095,#2104,#2112,#2119));
#2121=FACE_BOUND('',#2120,.T.);
#2122=CARTESIAN_POINT('',(256.732493564,122.816634107,9.393825151));
#2123=VERTEX_POINT('',#2122);
#2124=CARTESIAN_POINT('',(256.734261156,122.815798125,34.393825075));
#2125=VERTEX_POINT('',#2124);
#2126=CARTESIAN_POINT('',(256.732493564,122.816634107,9.393825151));
#2127=DIRECTION('',(0.000070704,-0.000033439,0.999999997));
#2128=VECTOR('',#2127,25.);
#2129=LINE('',#2126,#2128);
#2130=EDGE_CURVE('',#2123,#2125,#2129,.T.);
#2131=ORIENTED_EDGE('',*,*,#2130,.F.);
#2132=CARTESIAN_POINT('',(256.696970332,124.8166341,9.393894541));
#2133=VERTEX_POINT('',#2132);
#2134=CARTESIAN_POINT('',(169.134255553,122.261063098,9.400000091));
#2135=DIRECTION('',(0.000070704,-0.000033439,0.999999997));
#2136=DIRECTION('',(0.707106656,0.707106906,-0.00002635));
#2137=AXIS2_PLACEMENT_3D('',#2134,#2135,#2136);
#2138=CIRCLE('',#2137,87.6);
#2139=EDGE_CURVE('',#2123,#2133,#2138,.T.);
#2140=ORIENTED_EDGE('',*,*,#2139,.T.);
#2141=CARTESIAN_POINT('',(256.698737924,124.815798117,34.393894465));
#2142=VERTEX_POINT('',#2141);
#2143=CARTESIAN_POINT('',(256.698737924,124.815798117,34.393894465));
#2144=DIRECTION('',(-0.000070704,0.000033439,-0.999999997));
#2145=VECTOR('',#2144,25.);
#2146=LINE('',#2143,#2145);
#2147=EDGE_CURVE('',#2142,#2133,#2146,.T.);
#2148=ORIENTED_EDGE('',*,*,#2147,.F.);
#2149=CARTESIAN_POINT('',(169.136023144,122.260227115,34.400000014));
#2150=DIRECTION('',(0.000070704,-0.000033439,0.999999997));
#2151=DIRECTION('',(0.707106656,0.707106906,-0.00002635));
#2152=AXIS2_PLACEMENT_3D('',#2149,#2150,#2151);
#2153=CIRCLE('',#2152,87.6);
#2154=EDGE_CURVE('',#2125,#2142,#2153,.T.);
#2155=ORIENTED_EDGE('',*,*,#2154,.F.);
#2156=EDGE_LOOP('',(#2131,#2140,#2148,#2155));
#2157=FACE_BOUND('',#2156,.T.);
#2158=CARTESIAN_POINT('',(256.621437532,117.816634091,9.393665807));
#2159=VERTEX_POINT('',#2158);
#2160=CARTESIAN_POINT('',(256.623205124,117.815798108,34.39366573));
#2161=VERTEX_POINT('',#2160);
#2162=CARTESIAN_POINT('',(256.621437532,117.816634091,9.393665807));
#2163=DIRECTION('',(0.000070704,-0.000033439,0.999999997));
#2164=VECTOR('',#2163,25.);
#2165=LINE('',#2162,#2164);
#2166=EDGE_CURVE('',#2159,#2161,#2165,.T.);
#2167=ORIENTED_EDGE('',*,*,#2166,.F.);
#2168=CARTESIAN_POINT('',(256.700143474,119.816634103,9.393727121));
#2169=VERTEX_POINT('',#2168);
#2170=CARTESIAN_POINT('',(169.134255553,122.261063098,9.400000091));
#2171=DIRECTION('',(0.000070704,-0.000033439,0.999999997));
#2172=DIRECTION('',(0.707106656,0.707106906,-0.00002635));
#2173=AXIS2_PLACEMENT_3D('',#2170,#2171,#2172);
#2174=CIRCLE('',#2173,87.6);
#2175=EDGE_CURVE('',#2159,#2169,#2174,.T.);
#2176=ORIENTED_EDGE('',*,*,#2175,.T.);
#2177=CARTESIAN_POINT('',(256.701911066,119.815798121,34.393727044));
#2178=VERTEX_POINT('',#2177);
#2179=CARTESIAN_POINT('',(256.701911066,119.815798121,34.393727044));
#2180=DIRECTION('',(-0.000070704,0.000033439,-0.999999997));
#2181=VECTOR('',#2180,25.);
#2182=LINE('',#2179,#2181);
#2183=EDGE_CURVE('',#2178,#2169,#2182,.T.);
#2184=ORIENTED_EDGE('',*,*,#2183,.F.);
#2185=CARTESIAN_POINT('',(169.136023144,122.260227115,34.400000014));
#2186=DIRECTION('',(0.000070704,-0.000033439,0.999999997));
#2187=DIRECTION('',(0.707106656,0.707106906,-0.00002635));
#2188=AXIS2_PLACEMENT_3D('',#2185,#2186,#2187);
#2189=CIRCLE('',#2188,87.6);
#2190=EDGE_CURVE('',#2161,#2178,#2189,.T.);
#2191=ORIENTED_EDGE('',*,*,#2190,.F.);
#2192=EDGE_LOOP('',(#2167,#2176,#2184,#2191));
#2193=FACE_BOUND('',#2192,.T.);
#2194=CARTESIAN_POINT('',(256.22365053,112.816634023,9.393526735));
#2195=VERTEX_POINT('',#2194);
#2196=CARTESIAN_POINT('',(256.225418122,112.815798041,34.393526659));
#2197=VERTEX_POINT('',#2196);
#2198=CARTESIAN_POINT('',(256.22365053,112.816634023,9.393526735));
#2199=DIRECTION('',(0.000070704,-0.000033439,0.999999997));
#2200=VECTOR('',#2199,25.);
#2201=LINE('',#2198,#2200);
#2202=EDGE_CURVE('',#2195,#2197,#2201,.T.);
#2203=ORIENTED_EDGE('',*,*,#2202,.F.);
#2204=CARTESIAN_POINT('',(256.417360648,114.816634056,9.393579918));
#2205=VERTEX_POINT('',#2204);
#2206=CARTESIAN_POINT('',(169.134255553,122.261063098,9.400000091));
#2207=DIRECTION('',(0.000070704,-0.000033439,0.999999997));
#2208=DIRECTION('',(0.707106656,0.707106906,-0.00002635));
#2209=AXIS2_PLACEMENT_3D('',#2206,#2207,#2208);
#2210=CIRCLE('',#2209,87.6);
#2211=EDGE_CURVE('',#2195,#2205,#2210,.T.);
#2212=ORIENTED_EDGE('',*,*,#2211,.T.);
#2213=CARTESIAN_POINT('',(256.419128239,114.815798074,34.393579841));
#2214=VERTEX_POINT('',#2213);
#2215=CARTESIAN_POINT('',(256.419128239,114.815798074,34.393579841));
#2216=DIRECTION('',(-0.000070704,0.000033439,-0.999999997));
#2217=VECTOR('',#2216,25.);
#2218=LINE('',#2215,#2217);
#2219=EDGE_CURVE('',#2214,#2205,#2218,.T.);
#2220=ORIENTED_EDGE('',*,*,#2219,.F.);
#2221=CARTESIAN_POINT('',(169.136023144,122.260227115,34.400000014));
#2222=DIRECTION('',(0.000070704,-0.000033439,0.999999997));
#2223=DIRECTION('',(0.707106656,0.707106906,-0.00002635));
#2224=AXIS2_PLACEMENT_3D('',#2221,#2222,#2223);
#2225=CIRCLE('',#2224,87.6);
#2226=EDGE_CURVE('',#2197,#2214,#2225,.T.);
#2227=ORIENTED_EDGE('',*,*,#2226,.F.);
#2228=EDGE_LOOP('',(#2203,#2212,#2220,#2227));
#2229=FACE_BOUND('',#2228,.T.);
#2230=CARTESIAN_POINT('',(255.535172341,107.816633905,9.393408217));
#2231=VERTEX_POINT('',#2230);
#2232=CARTESIAN_POINT('',(255.536939932,107.815797922,34.39340814));
#2233=VERTEX_POINT('',#2232);
#2234=CARTESIAN_POINT('',(255.535172341,107.816633905,9.393408217));
#2235=DIRECTION('',(0.000070704,-0.000033439,0.999999997));
#2236=VECTOR('',#2235,25.);
#2237=LINE('',#2234,#2236);
#2238=EDGE_CURVE('',#2231,#2233,#2237,.T.);
#2239=ORIENTED_EDGE('',*,*,#2238,.F.);
#2240=CARTESIAN_POINT('',(255.845824219,109.816633958,9.393453131));
#2241=VERTEX_POINT('',#2240);
#2242=CARTESIAN_POINT('',(169.134255553,122.261063098,9.400000091));
#2243=DIRECTION('',(0.000070704,-0.000033439,0.999999997));
#2244=DIRECTION('',(0.707106656,0.707106906,-0.00002635));
#2245=AXIS2_PLACEMENT_3D('',#2242,#2243,#2244);
#2246=CIRCLE('',#2245,87.6);
#2247=EDGE_CURVE('',#2231,#2241,#2246,.T.);
#2248=ORIENTED_EDGE('',*,*,#2247,.T.);
#2249=CARTESIAN_POINT('',(255.84759181,109.815797976,34.393453055));
#2250=VERTEX_POINT('',#2249);
#2251=CARTESIAN_POINT('',(255.84759181,109.815797976,34.393453055));
#2252=DIRECTION('',(-0.000070704,0.000033439,-0.999999997));
#2253=VECTOR('',#2252,25.);
#2254=LINE('',#2251,#2253);
#2255=EDGE_CURVE('',#2250,#2241,#2254,.T.);
#2256=ORIENTED_EDGE('',*,*,#2255,.F.);
#2257=CARTESIAN_POINT('',(169.136023144,122.260227115,34.400000014));
#2258=DIRECTION('',(0.000070704,-0.000033439,0.999999997));
#2259=DIRECTION('',(0.707106656,0.707106906,-0.00002635));
#2260=AXIS2_PLACEMENT_3D('',#2257,#2258,#2259);
#2261=CIRCLE('',#2260,87.6);
#2262=EDGE_CURVE('',#2233,#2250,#2261,.T.);
#2263=ORIENTED_EDGE('',*,*,#2262,.F.);
#2264=EDGE_LOOP('',(#2239,#2248,#2256,#2263));
#2265=FACE_BOUND('',#2264,.T.);
#2266=CARTESIAN_POINT('',(254.548973968,102.816633733,9.393310748));
#2267=VERTEX_POINT('',#2266);
#2268=CARTESIAN_POINT('',(254.55074156,102.815797751,34.393310671));
#2269=VERTEX_POINT('',#2268);
#2270=CARTESIAN_POINT('',(254.548973968,102.816633733,9.393310748));
#2271=DIRECTION('',(0.000070704,-0.000033439,0.999999997));
#2272=VECTOR('',#2271,25.);
#2273=LINE('',#2270,#2272);
#2274=EDGE_CURVE('',#2267,#2269,#2273,.T.);
#2275=ORIENTED_EDGE('',*,*,#2274,.F.);
#2276=CARTESIAN_POINT('',(254.97976704,104.816633808,9.393347168));
#2277=VERTEX_POINT('',#2276);
#2278=CARTESIAN_POINT('',(169.134255553,122.261063098,9.400000091));
#2279=DIRECTION('',(0.000070704,-0.000033439,0.999999997));
#2280=DIRECTION('',(0.707106656,0.707106906,-0.00002635));
#2281=AXIS2_PLACEMENT_3D('',#2278,#2279,#2280);
#2282=CIRCLE('',#2281,87.6);
#2283=EDGE_CURVE('',#2267,#2277,#2282,.T.);
#2284=ORIENTED_EDGE('',*,*,#2283,.T.);
#2285=CARTESIAN_POINT('',(254.981534632,104.815797826,34.393347091));
#2286=VERTEX_POINT('',#2285);
#2287=CARTESIAN_POINT('',(254.981534632,104.815797826,34.393347091));
#2288=DIRECTION('',(-0.000070704,0.000033439,-0.999999997));
#2289=VECTOR('',#2288,25.);
#2290=LINE('',#2287,#2289);
#2291=EDGE_CURVE('',#2286,#2277,#2290,.T.);
#2292=ORIENTED_EDGE('',*,*,#2291,.F.);
#2293=CARTESIAN_POINT('',(169.136023144,122.260227115,34.400000014));
#2294=DIRECTION('',(0.000070704,-0.000033439,0.999999997));
#2295=DIRECTION('',(0.707106656,0.707106906,-0.00002635));
#2296=AXIS2_PLACEMENT_3D('',#2293,#2294,#2295);
#2297=CIRCLE('',#2296,87.6);
#2298=EDGE_CURVE('',#2269,#2286,#2297,.T.);
#2299=ORIENTED_EDGE('',*,*,#2298,.F.);
#2300=EDGE_LOOP('',(#2275,#2284,#2292,#2299));
#2301=FACE_BOUND('',#2300,.T.);
#2302=CARTESIAN_POINT('',(253.25458494,97.816633508,9.393235069));
#2303=VERTEX_POINT('',#2302);
#2304=CARTESIAN_POINT('',(253.256352532,97.815797525,34.393234993));
#2305=VERTEX_POINT('',#2304);
#2306=CARTESIAN_POINT('',(253.25458494,97.816633508,9.393235069));
#2307=DIRECTION('',(0.000070704,-0.000033439,0.999999997));
#2308=VECTOR('',#2307,25.);
#2309=LINE('',#2306,#2308);
#2310=EDGE_CURVE('',#2303,#2305,#2309,.T.);
#2311=ORIENTED_EDGE('',*,*,#2310,.F.);
#2312=CARTESIAN_POINT('',(253.810152591,99.816633605,9.393262667));
#2313=VERTEX_POINT('',#2312);
#2314=CARTESIAN_POINT('',(169.134255553,122.261063098,9.400000091));
#2315=DIRECTION('',(0.000070704,-0.000033439,0.999999997));
#2316=DIRECTION('',(0.707106656,0.707106906,-0.00002635));
#2317=AXIS2_PLACEMENT_3D('',#2314,#2315,#2316);
#2318=CIRCLE('',#2317,87.6);
#2319=EDGE_CURVE('',#2303,#2313,#2318,.T.);
#2320=ORIENTED_EDGE('',*,*,#2319,.T.);
#2321=CARTESIAN_POINT('',(253.811920183,99.815797622,34.393262591));
#2322=VERTEX_POINT('',#2321);
#2323=CARTESIAN_POINT('',(253.811920183,99.815797622,34.393262591));
#2324=DIRECTION('',(-0.000070704,0.000033439,-0.999999997));
#2325=VECTOR('',#2324,25.);
#2326=LINE('',#2323,#2325);
#2327=EDGE_CURVE('',#2322,#2313,#2326,.T.);
#2328=ORIENTED_EDGE('',*,*,#2327,.F.);
#2329=CARTESIAN_POINT('',(169.136023144,122.260227115,34.400000014));
#2330=DIRECTION('',(0.000070704,-0.000033439,0.999999997));
#2331=DIRECTION('',(0.707106656,0.707106906,-0.00002635));
#2332=AXIS2_PLACEMENT_3D('',#2329,#2330,#2331);
#2333=CIRCLE('',#2332,87.6);
#2334=EDGE_CURVE('',#2305,#2322,#2333,.T.);
#2335=ORIENTED_EDGE('',*,*,#2334,.F.);
#2336=EDGE_LOOP('',(#2311,#2320,#2328,#2335));
#2337=FACE_BOUND('',#2336,.T.);
#2338=CARTESIAN_POINT('',(251.215563153,152.861244758,4.395219874));
#2339=VERTEX_POINT('',#2338);
#2340=CARTESIAN_POINT('',(251.215573805,91.661244793,4.393173388));
#2341=VERTEX_POINT('',#2340);
#2342=CARTESIAN_POINT('',(169.133902034,122.261230294,4.400000106));
#2343=DIRECTION('',(-0.000070704,0.000033439,-0.999999997));
#2344=DIRECTION('',(0.707106656,0.707106906,-0.00002635));
#2345=AXIS2_PLACEMENT_3D('',#2342,#2343,#2344);
#2346=CIRCLE('',#2345,87.6);
#2347=EDGE_CURVE('',#2339,#2341,#2346,.T.);
#2348=ORIENTED_EDGE('',*,*,#2347,.T.);
#2349=CARTESIAN_POINT('',(251.218048433,91.660074417,39.393173281));
#2350=VERTEX_POINT('',#2349);
#2351=CARTESIAN_POINT('',(251.218048433,91.660074417,39.393173281));
#2352=DIRECTION('',(-0.000070704,0.000033439,-0.999999997));
#2353=VECTOR('',#2352,35.);
#2354=LINE('',#2351,#2353);
#2355=EDGE_CURVE('',#2350,#2341,#2354,.T.);
#2356=ORIENTED_EDGE('',*,*,#2355,.F.);
#2357=CARTESIAN_POINT('',(251.218037781,152.860074383,39.395219767));
#2358=VERTEX_POINT('',#2357);
#2359=CARTESIAN_POINT('',(169.136376663,122.260059919,39.399999999));
#2360=DIRECTION('',(-0.000070704,0.000033439,-0.999999997));
#2361=DIRECTION('',(0.707106656,0.707106906,-0.00002635));
#2362=AXIS2_PLACEMENT_3D('',#2359,#2360,#2361);
#2363=CIRCLE('',#2362,87.6);
#2364=EDGE_CURVE('',#2358,#2350,#2363,.T.);
#2365=ORIENTED_EDGE('',*,*,#2364,.F.);
#2366=CARTESIAN_POINT('',(251.218037781,152.860074383,39.395219767));
#2367=DIRECTION('',(-0.000070704,0.000033439,-0.999999997));
#2368=VECTOR('',#2367,35.);
#2369=LINE('',#2366,#2368);
#2370=EDGE_CURVE('',#2358,#2339,#2369,.T.);
#2371=ORIENTED_EDGE('',*,*,#2370,.T.);
#2372=EDGE_LOOP('',(#2348,#2356,#2365,#2371));
#2373=FACE_BOUND('',#2372,.T.);
#2374=ADVANCED_FACE('',(#2013,#2049,#2085,#2121,#2157,#2193,#2229,#2265,#2301,#2337,#2373),#1977,.F.);
#2375=CARTESIAN_POINT('',(251.218048433,91.660074417,39.393173281));
#2376=DIRECTION('',(0.000000174,-0.999999999,-0.000033439));
#2377=DIRECTION('',(0.999999998,0.000000176,-0.000070704));
#2378=AXIS2_PLACEMENT_3D('',#2375,#2376,#2377);
#2379=PLANE('',#2378);
#2380=CARTESIAN_POINT('',(222.480833519,91.661239723,4.395205039));
#2381=VERTEX_POINT('',#2380);
#2382=CARTESIAN_POINT('',(251.215573805,91.661244793,4.393173388));
#2383=DIRECTION('',(-0.999999998,-0.000000176,0.000070704));
#2384=VECTOR('',#2383,28.734740358);
#2385=LINE('',#2382,#2384);
#2386=EDGE_CURVE('',#2341,#2381,#2385,.T.);
#2387=ORIENTED_EDGE('',*,*,#2386,.T.);
#2388=CARTESIAN_POINT('',(222.483308148,91.660069347,39.395204932));
#2389=VERTEX_POINT('',#2388);
#2390=CARTESIAN_POINT('',(222.483308148,91.660069347,39.395204932));
#2391=DIRECTION('',(-0.000070704,0.000033439,-0.999999997));
#2392=VECTOR('',#2391,35.);
#2393=LINE('',#2390,#2392);
#2394=EDGE_CURVE('',#2389,#2381,#2393,.T.);
#2395=ORIENTED_EDGE('',*,*,#2394,.F.);
#2396=CARTESIAN_POINT('',(251.218048433,91.660074417,39.393173281));
#2397=DIRECTION('',(-0.999999998,-0.000000176,0.000070704));
#2398=VECTOR('',#2397,28.734740358);
#2399=LINE('',#2396,#2398);
#2400=EDGE_CURVE('',#2350,#2389,#2399,.T.);
#2401=ORIENTED_EDGE('',*,*,#2400,.F.);
#2402=ORIENTED_EDGE('',*,*,#2355,.T.);
#2403=EDGE_LOOP('',(#2387,#2395,#2401,#2402));
#2404=FACE_BOUND('',#2403,.T.);
#2405=ADVANCED_FACE('',(#2404),#2379,.F.);
#2406=CARTESIAN_POINT('',(222.483308148,91.660069347,39.395204932));
#2407=DIRECTION('',(-0.999999998,-0.000000176,0.000070704));
#2408=DIRECTION('',(0.000000174,-0.999999999,-0.000033439));
#2409=AXIS2_PLACEMENT_3D('',#2406,#2407,#2408);
#2410=PLANE('',#2409);
#2411=CARTESIAN_POINT('',(222.483298453,147.360069316,39.397067502));
#2412=VERTEX_POINT('',#2411);
#2413=CARTESIAN_POINT('',(222.483297495,152.860069313,39.397251419));
#2414=VERTEX_POINT('',#2413);
#2415=CARTESIAN_POINT('',(222.483298453,147.360069316,39.397067502));
#2416=DIRECTION('',(-0.000000174,0.999999999,0.000033439));
#2417=VECTOR('',#2416,5.5);
#2418=LINE('',#2415,#2417);
#2419=EDGE_CURVE('',#2412,#2414,#2418,.T.);
#2420=ORIENTED_EDGE('',*,*,#2419,.F.);
#2421=CARTESIAN_POINT('',(222.482167194,147.360604345,23.397067551));
#2422=VERTEX_POINT('',#2421);
#2423=CARTESIAN_POINT('',(222.483298453,147.360069316,39.397067502));
#2424=DIRECTION('',(-0.000070704,0.000033439,-0.999999997));
#2425=VECTOR('',#2424,16.);
#2426=LINE('',#2423,#2425);
#2427=EDGE_CURVE('',#2412,#2422,#2426,.T.);
#2428=ORIENTED_EDGE('',*,*,#2427,.T.);
#2429=CARTESIAN_POINT('',(222.482175932,97.160604373,23.395388897));
#2430=VERTEX_POINT('',#2429);
#2431=CARTESIAN_POINT('',(222.482167194,147.360604345,23.397067551));
#2432=DIRECTION('',(0.000000174,-0.999999999,-0.000033439));
#2433=VECTOR('',#2432,50.2);
#2434=LINE('',#2431,#2433);
#2435=EDGE_CURVE('',#2422,#2430,#2434,.T.);
#2436=ORIENTED_EDGE('',*,*,#2435,.T.);
#2437=CARTESIAN_POINT('',(222.48330719,97.160069344,39.395388849));
#2438=VERTEX_POINT('',#2437);
#2439=CARTESIAN_POINT('',(222.48330719,97.160069344,39.395388849));
#2440=DIRECTION('',(-0.000070704,0.000033439,-0.999999997));
#2441=VECTOR('',#2440,16.);
#2442=LINE('',#2439,#2441);
#2443=EDGE_CURVE('',#2438,#2430,#2442,.T.);
#2444=ORIENTED_EDGE('',*,*,#2443,.F.);
#2445=CARTESIAN_POINT('',(222.483308148,91.660069347,39.395204932));
#2446=DIRECTION('',(-0.000000174,0.999999999,0.000033439));
#2447=VECTOR('',#2446,5.5);
#2448=LINE('',#2445,#2447);
#2449=EDGE_CURVE('',#2389,#2438,#2448,.T.);
#2450=ORIENTED_EDGE('',*,*,#2449,.F.);
#2451=ORIENTED_EDGE('',*,*,#2394,.T.);
#2452=CARTESIAN_POINT('',(222.480822867,152.861239689,4.397251526));
#2453=VERTEX_POINT('',#2452);
#2454=CARTESIAN_POINT('',(222.480833519,91.661239723,4.395205039));
#2455=DIRECTION('',(-0.000000174,0.999999999,0.000033439));
#2456=VECTOR('',#2455,61.2);
#2457=LINE('',#2454,#2456);
#2458=EDGE_CURVE('',#2381,#2453,#2457,.T.);
#2459=ORIENTED_EDGE('',*,*,#2458,.T.);
#2460=CARTESIAN_POINT('',(222.483297495,152.860069313,39.397251419));
#2461=DIRECTION('',(-0.000070704,0.000033439,-0.999999997));
#2462=VECTOR('',#2461,35.);
#2463=LINE('',#2460,#2462);
#2464=EDGE_CURVE('',#2414,#2453,#2463,.T.);
#2465=ORIENTED_EDGE('',*,*,#2464,.F.);
#2466=EDGE_LOOP('',(#2420,#2428,#2436,#2444,#2450,#2451,#2459,#2465));
#2467=FACE_BOUND('',#2466,.T.);
#2468=ADVANCED_FACE('',(#2467),#2410,.F.);
#2469=CARTESIAN_POINT('',(222.483297495,152.860069313,39.397251419));
#2470=DIRECTION('',(-0.000000174,0.999999999,0.000033439));
#2471=DIRECTION('',(-0.999999998,-0.000000176,0.000070704));
#2472=AXIS2_PLACEMENT_3D('',#2469,#2470,#2471);
#2473=PLANE('',#2472);
#2474=CARTESIAN_POINT('',(222.480822867,152.861239689,4.397251526));
#2475=DIRECTION('',(0.999999998,0.000000176,-0.000070704));
#2476=VECTOR('',#2475,28.734740358);
#2477=LINE('',#2474,#2476);
#2478=EDGE_CURVE('',#2453,#2339,#2477,.T.);
#2479=ORIENTED_EDGE('',*,*,#2478,.T.);
#2480=ORIENTED_EDGE('',*,*,#2370,.F.);
#2481=CARTESIAN_POINT('',(222.483297495,152.860069313,39.397251419));
#2482=DIRECTION('',(0.999999998,0.000000176,-0.000070704));
#2483=VECTOR('',#2482,28.734740358);
#2484=LINE('',#2481,#2483);
#2485=EDGE_CURVE('',#2414,#2358,#2484,.T.);
#2486=ORIENTED_EDGE('',*,*,#2485,.F.);
#2487=ORIENTED_EDGE('',*,*,#2464,.T.);
#2488=EDGE_LOOP('',(#2479,#2480,#2486,#2487));
#2489=FACE_BOUND('',#2488,.T.);
#2490=ADVANCED_FACE('',(#2489),#2473,.F.);
#2491=CARTESIAN_POINT('',(220.083297083,155.260068888,39.397501362));
#2492=DIRECTION('',(0.999999998,0.000000176,-0.000070704));
#2493=DIRECTION('',(-0.000000174,0.999999999,0.000033439));
#2494=AXIS2_PLACEMENT_3D('',#2491,#2492,#2493);
#2495=PLANE('',#2494);
#2496=CARTESIAN_POINT('',(220.0821672,147.360603922,23.39723724));
#2497=VERTEX_POINT('',#2496);
#2498=CARTESIAN_POINT('',(220.082175938,97.16060395,23.395558586));
#2499=VERTEX_POINT('',#2498);
#2500=CARTESIAN_POINT('',(220.0821672,147.360603922,23.39723724));
#2501=DIRECTION('',(0.000000174,-0.999999999,-0.000033439));
#2502=VECTOR('',#2501,50.2);
#2503=LINE('',#2500,#2502);
#2504=EDGE_CURVE('',#2497,#2499,#2503,.T.);
#2505=ORIENTED_EDGE('',*,*,#2504,.F.);
#2506=CARTESIAN_POINT('',(220.083298459,147.360068893,39.397237191));
#2507=VERTEX_POINT('',#2506);
#2508=CARTESIAN_POINT('',(220.0821672,147.360603922,23.39723724));
#2509=DIRECTION('',(0.000070704,-0.000033439,0.999999997));
#2510=VECTOR('',#2509,16.);
#2511=LINE('',#2508,#2510);
#2512=EDGE_CURVE('',#2497,#2507,#2511,.T.);
#2513=ORIENTED_EDGE('',*,*,#2512,.T.);
#2514=CARTESIAN_POINT('',(220.083297083,155.260068888,39.397501362));
#2515=DIRECTION('',(0.000000174,-0.999999999,-0.000033439));
#2516=VECTOR('',#2515,7.9);
#2517=LINE('',#2514,#2516);
#2518=EDGE_CURVE('',#1910,#2507,#2517,.T.);
#2519=ORIENTED_EDGE('',*,*,#2518,.F.);
#2520=ORIENTED_EDGE('',*,*,#1937,.T.);
#2521=CARTESIAN_POINT('',(220.080822455,155.261239264,4.397501469));
#2522=DIRECTION('',(0.000000174,-0.999999999,-0.000033439));
#2523=VECTOR('',#2522,66.);
#2524=LINE('',#2521,#2523);
#2525=EDGE_CURVE('',#1926,#1948,#2524,.T.);
#2526=ORIENTED_EDGE('',*,*,#2525,.T.);
#2527=ORIENTED_EDGE('',*,*,#1968,.F.);
#2528=CARTESIAN_POINT('',(220.083307196,97.160068921,39.395558537));
#2529=VERTEX_POINT('',#2528);
#2530=CARTESIAN_POINT('',(220.083307196,97.160068921,39.395558537));
#2531=DIRECTION('',(0.000000174,-0.999999999,-0.000033439));
#2532=VECTOR('',#2531,7.9);
#2533=LINE('',#2530,#2532);
#2534=EDGE_CURVE('',#2529,#1957,#2533,.T.);
#2535=ORIENTED_EDGE('',*,*,#2534,.F.);
#2536=CARTESIAN_POINT('',(220.082175938,97.16060395,23.395558586));
#2537=DIRECTION('',(0.000070704,-0.000033439,0.999999997));
#2538=VECTOR('',#2537,16.);
#2539=LINE('',#2536,#2538);
#2540=EDGE_CURVE('',#2499,#2529,#2539,.T.);
#2541=ORIENTED_EDGE('',*,*,#2540,.F.);
#2542=EDGE_LOOP('',(#2505,#2513,#2519,#2520,#2526,#2527,#2535,#2541));
#2543=FACE_BOUND('',#2542,.T.);
#2544=ADVANCED_FACE('',(#2543),#2495,.F.);
#2545=CARTESIAN_POINT('',(138.533912907,60.230236598,4.400089364));
#2546=DIRECTION('',(-0.999999998,-0.000000176,0.000070704));
#2547=DIRECTION('',(-0.000000174,0.999999999,0.000033439));
#2548=AXIS2_PLACEMENT_3D('',#2545,#2546,#2547);
#2549=PLANE('',#2548);
#2550=ORIENTED_EDGE('',*,*,#1174,.T.);
#2551=CARTESIAN_POINT('',(138.533916527,39.438220817,4.399394093));
#2552=VERTEX_POINT('',#2551);
#2553=CARTESIAN_POINT('',(138.533916527,39.438220817,4.399394093));
#2554=DIRECTION('',(0.000070704,-0.000033439,0.999999997));
#2555=VECTOR('',#2554,35.);
#2556=LINE('',#2553,#2555);
#2557=EDGE_CURVE('',#2552,#1161,#2556,.T.);
#2558=ORIENTED_EDGE('',*,*,#2557,.F.);
#2559=CARTESIAN_POINT('',(138.533913277,58.10891631,4.400018428));
#2560=VERTEX_POINT('',#2559);
#2561=CARTESIAN_POINT('',(138.533913277,58.10891631,4.400018428));
#2562=DIRECTION('',(0.000000174,-0.999999999,-0.000033439));
#2563=VECTOR('',#2562,18.670695504);
#2564=LINE('',#2561,#2563);
#2565=EDGE_CURVE('',#2560,#2552,#2564,.T.);
#2566=ORIENTED_EDGE('',*,*,#2565,.F.);
#2567=CARTESIAN_POINT('',(138.533913277,58.10891631,4.400018428));
#2568=DIRECTION('',(0.000070704,-0.000033439,0.999999997));
#2569=VECTOR('',#2568,35.);
#2570=LINE('',#2567,#2569);
#2571=EDGE_CURVE('',#2560,#1169,#2570,.T.);
#2572=ORIENTED_EDGE('',*,*,#2571,.T.);
#2573=EDGE_LOOP('',(#2550,#2558,#2566,#2572));
#2574=FACE_BOUND('',#2573,.T.);
#2575=ADVANCED_FACE('',(#2574),#2549,.F.);
#2576=CARTESIAN_POINT('',(130.308191876,45.055699088,4.400163527));
#2577=DIRECTION('',(0.612565895,-0.790419521,-0.000069742));
#2578=DIRECTION('',(-0.790419521,-0.612565898,0.000035402));
#2579=AXIS2_PLACEMENT_3D('',#2576,#2577,#2578);
#2580=PLANE('',#2579);
#2581=CARTESIAN_POINT('',(130.308191616,45.055699212,4.396478012));
#2582=VERTEX_POINT('',#2581);
#2583=CARTESIAN_POINT('',(132.600408228,46.832140315,4.396375347));
#2584=VERTEX_POINT('',#2583);
#2585=CARTESIAN_POINT('',(130.308191616,45.055699212,4.396478012));
#2586=DIRECTION('',(0.790419521,0.612565898,-0.000035402));
#2587=VECTOR('',#2586,2.9);
#2588=LINE('',#2585,#2587);
#2589=EDGE_CURVE('',#2582,#2584,#2588,.T.);
#2590=ORIENTED_EDGE('',*,*,#2589,.T.);
#2591=CARTESIAN_POINT('',(132.600408228,46.832140315,4.396375347));
#2592=DIRECTION('',(0.000070704,-0.000033439,0.999999997));
#2593=VECTOR('',#2592,35.003685514);
#2594=LINE('',#2591,#2593);
#2595=EDGE_CURVE('',#2584,#1087,#2594,.T.);
#2596=ORIENTED_EDGE('',*,*,#2595,.T.);
#2597=ORIENTED_EDGE('',*,*,#1092,.F.);
#2598=CARTESIAN_POINT('',(130.308191616,45.055699212,4.396478012));
#2599=DIRECTION('',(0.000070704,-0.000033439,0.999999997));
#2600=VECTOR('',#2599,35.003685514);
#2601=LINE('',#2598,#2600);
#2602=EDGE_CURVE('',#2582,#1085,#2601,.T.);
#2603=ORIENTED_EDGE('',*,*,#2602,.F.);
#2604=EDGE_LOOP('',(#2590,#2596,#2597,#2603));
#2605=FACE_BOUND('',#2604,.T.);
#2606=ADVANCED_FACE('',(#2605),#2580,.T.);
#2607=CARTESIAN_POINT('',(135.67729472,42.861904557,4.399710552));
#2608=DIRECTION('',(-0.612565895,0.790419521,0.000069742));
#2609=DIRECTION('',(0.790419521,0.612565898,-0.000035402));
#2610=AXIS2_PLACEMENT_3D('',#2607,#2608,#2609);
#2611=PLANE('',#2610);
#2612=ORIENTED_EDGE('',*,*,#1116,.F.);
#2613=CARTESIAN_POINT('',(135.67729446,42.86190468,4.396025038));
#2614=VERTEX_POINT('',#2613);
#2615=CARTESIAN_POINT('',(135.67729446,42.86190468,4.396025038));
#2616=DIRECTION('',(0.000070704,-0.000033439,0.999999997));
#2617=VECTOR('',#2616,35.003685514);
#2618=LINE('',#2615,#2617);
#2619=EDGE_CURVE('',#2614,#1103,#2618,.T.);
#2620=ORIENTED_EDGE('',*,*,#2619,.F.);
#2621=CARTESIAN_POINT('',(133.385077848,41.085463577,4.396127703));
#2622=VERTEX_POINT('',#2621);
#2623=CARTESIAN_POINT('',(135.67729446,42.86190468,4.396025038));
#2624=DIRECTION('',(-0.790419521,-0.612565898,0.000035402));
#2625=VECTOR('',#2624,2.9);
#2626=LINE('',#2623,#2625);
#2627=EDGE_CURVE('',#2614,#2622,#2626,.T.);
#2628=ORIENTED_EDGE('',*,*,#2627,.T.);
#2629=CARTESIAN_POINT('',(133.385077848,41.085463577,4.396127703));
#2630=DIRECTION('',(0.000070704,-0.000033439,0.999999997));
#2631=VECTOR('',#2630,35.003685514);
#2632=LINE('',#2629,#2631);
#2633=EDGE_CURVE('',#2622,#1111,#2632,.T.);
#2634=ORIENTED_EDGE('',*,*,#2633,.T.);
#2635=EDGE_LOOP('',(#2612,#2620,#2628,#2634));
#2636=FACE_BOUND('',#2635,.T.);
#2637=ADVANCED_FACE('',(#2636),#2611,.T.);
#2638=CARTESIAN_POINT('',(130.700526686,42.18236072,4.400039705));
#2639=DIRECTION('',(0.990806332,0.135287868,-0.00006553));
#2640=DIRECTION('',(0.135287866,-0.990806334,-0.000042697));
#2641=AXIS2_PLACEMENT_3D('',#2638,#2639,#2640);
#2642=PLANE('',#2641);
#2643=ORIENTED_EDGE('',*,*,#1130,.F.);
#2644=CARTESIAN_POINT('',(130.700526426,42.182360843,4.396354191));
#2645=VERTEX_POINT('',#2644);
#2646=CARTESIAN_POINT('',(130.700526426,42.182360843,4.396354191));
#2647=DIRECTION('',(0.000070704,-0.000033439,0.999999997));
#2648=VECTOR('',#2647,35.003685514);
#2649=LINE('',#2646,#2648);
#2650=EDGE_CURVE('',#2645,#1119,#2649,.T.);
#2651=ORIENTED_EDGE('',*,*,#2650,.F.);
#2652=CARTESIAN_POINT('',(130.700526426,42.182360843,4.396354191));
#2653=DIRECTION('',(-0.135287866,0.990806334,0.000042697));
#2654=VECTOR('',#2653,2.9);
#2655=LINE('',#2652,#2654);
#2656=EDGE_CURVE('',#2645,#2582,#2655,.T.);
#2657=ORIENTED_EDGE('',*,*,#2656,.T.);
#2658=ORIENTED_EDGE('',*,*,#2602,.T.);
#2659=EDGE_LOOP('',(#2643,#2651,#2657,#2658));
#2660=FACE_BOUND('',#2659,.T.);
#2661=ADVANCED_FACE('',(#2660),#2642,.T.);
#2662=CARTESIAN_POINT('',(133.385078108,41.085463454,4.399813218));
#2663=DIRECTION('',(0.378240438,0.92570739,0.000004212));
#2664=DIRECTION('',(0.925707387,-0.378240436,-0.000078099));
#2665=AXIS2_PLACEMENT_3D('',#2662,#2663,#2664);
#2666=PLANE('',#2665);
#2667=ORIENTED_EDGE('',*,*,#1124,.F.);
#2668=ORIENTED_EDGE('',*,*,#2633,.F.);
#2669=CARTESIAN_POINT('',(133.385077848,41.085463577,4.396127703));
#2670=DIRECTION('',(-0.925707387,0.378240436,0.000078099));
#2671=VECTOR('',#2670,2.9);
#2672=LINE('',#2669,#2671);
#2673=EDGE_CURVE('',#2622,#2645,#2672,.T.);
#2674=ORIENTED_EDGE('',*,*,#2673,.T.);
#2675=ORIENTED_EDGE('',*,*,#2650,.T.);
#2676=EDGE_LOOP('',(#2667,#2668,#2674,#2675));
#2677=FACE_BOUND('',#2676,.T.);
#2678=ADVANCED_FACE('',(#2677),#2666,.T.);
#2679=CARTESIAN_POINT('',(169.133732346,122.26131055,2.000000113));
#2680=DIRECTION('',(0.000070704,-0.000033439,0.999999997));
#2681=DIRECTION('',(-0.707106656,-0.707106906,0.00002635));
#2682=AXIS2_PLACEMENT_3D('',#2679,#2680,#2681);
#2683=PLANE('',#2682);
#2684=ORIENTED_EDGE('',*,*,#884,.T.);
#2685=ORIENTED_EDGE('',*,*,#891,.T.);
#2686=EDGE_LOOP('',(#2684,#2685));
#2687=FACE_BOUND('',#2686,.T.);
#2688=CARTESIAN_POINT('',(128.677029529,42.427074803,2.000190949));
#2689=VERTEX_POINT('',#2688);
#2690=CARTESIAN_POINT('',(136.985352063,38.734478663,1.999480042));
#2691=VERTEX_POINT('',#2690);
#2692=CARTESIAN_POINT('',(169.133732346,122.26131055,2.000000113));
#2693=DIRECTION('',(0.000070704,-0.000033439,0.999999997));
#2694=DIRECTION('',(0.707106656,0.707106906,-0.00002635));
#2695=AXIS2_PLACEMENT_3D('',#2692,#2693,#2694);
#2696=CIRCLE('',#2695,89.500000001);
#2697=EDGE_CURVE('',#2689,#2691,#2696,.T.);
#2698=ORIENTED_EDGE('',*,*,#2697,.F.);
#2699=CARTESIAN_POINT('',(128.421949397,44.026180665,2.000262457));
#2700=VERTEX_POINT('',#2699);
#2701=CARTESIAN_POINT('',(129.129059728,43.319077437,2.000188817));
#2702=DIRECTION('',(-0.000070704,0.000033439,-0.999999997));
#2703=DIRECTION('',(0.70711157,-0.707101988,-0.00007364));
#2704=AXIS2_PLACEMENT_3D('',#2701,#2702,#2703);
#2705=CIRCLE('',#2704,1.);
#2706=EDGE_CURVE('',#2689,#2700,#2705,.T.);
#2707=ORIENTED_EDGE('',*,*,#2706,.T.);
#2708=CARTESIAN_POINT('',(128.421949397,44.026180665,2.000262457));
#2709=DIRECTION('',(0.707106656,0.707106906,-0.00002635));
#2710=VECTOR('',#2709,10.906127438);
#2711=LINE('',#2708,#2710);
#2712=EDGE_CURVE('',#2700,#492,#2711,.T.);
#2713=ORIENTED_EDGE('',*,*,#2712,.T.);
#2714=ORIENTED_EDGE('',*,*,#497,.F.);
#2715=CARTESIAN_POINT('',(103.138788945,89.261298924,2.003562701));
#2716=VERTEX_POINT('',#2715);
#2717=CARTESIAN_POINT('',(136.133743915,56.266355455,2.000126508));
#2718=DIRECTION('',(-0.707106902,0.707106656,0.00007364));
#2719=VECTOR('',#2718,46.661904803);
#2720=LINE('',#2717,#2719);
#2721=EDGE_CURVE('',#490,#2716,#2720,.T.);
#2722=ORIENTED_EDGE('',*,*,#2721,.T.);
#2723=CARTESIAN_POINT('',(98.610412187,89.261298126,2.003882873));
#2724=VERTEX_POINT('',#2723);
#2725=CARTESIAN_POINT('',(98.610412187,89.261298126,2.003882873));
#2726=DIRECTION('',(0.999999998,0.000000176,-0.000070704));
#2727=VECTOR('',#2726,4.528376769);
#2728=LINE('',#2725,#2727);
#2729=EDGE_CURVE('',#2724,#2716,#2728,.T.);
#2730=ORIENTED_EDGE('',*,*,#2729,.F.);
#2731=CARTESIAN_POINT('',(90.89862031,81.549503531,2.004170248));
#2732=VERTEX_POINT('',#2731);
#2733=CARTESIAN_POINT('',(90.89862031,81.549503531,2.004170248));
#2734=DIRECTION('',(0.707106656,0.707106906,-0.00002635));
#2735=VECTOR('',#2734,10.906122588);
#2736=LINE('',#2733,#2735);
#2737=EDGE_CURVE('',#2732,#2724,#2736,.T.);
#2738=ORIENTED_EDGE('',*,*,#2737,.F.);
#2739=CARTESIAN_POINT('',(89.299510934,81.804579674,2.004291841));
#2740=VERTEX_POINT('',#2739);
#2741=CARTESIAN_POINT('',(90.191513408,82.256610187,2.004243889));
#2742=DIRECTION('',(-0.000070704,0.000033439,-0.999999997));
#2743=DIRECTION('',(0.999999998,0.000000176,-0.000070704));
#2744=AXIS2_PLACEMENT_3D('',#2741,#2742,#2743);
#2745=CIRCLE('',#2744,1.);
#2746=EDGE_CURVE('',#2732,#2740,#2745,.T.);
#2747=ORIENTED_EDGE('',*,*,#2746,.T.);
#2748=CARTESIAN_POINT('',(89.29949685,162.718013255,2.006997531));
#2749=VERTEX_POINT('',#2748);
#2750=CARTESIAN_POINT('',(169.133732346,122.26131055,2.000000113));
#2751=DIRECTION('',(0.000070704,-0.000033439,0.999999997));
#2752=DIRECTION('',(0.707106656,0.707106906,-0.00002635));
#2753=AXIS2_PLACEMENT_3D('',#2750,#2751,#2752);
#2754=CIRCLE('',#2753,89.5);
#2755=EDGE_CURVE('',#2749,#2740,#2754,.T.);
#2756=ORIENTED_EDGE('',*,*,#2755,.F.);
#2757=CARTESIAN_POINT('',(90.898606137,162.973089963,2.006892998));
#2758=VERTEX_POINT('',#2757);
#2759=CARTESIAN_POINT('',(90.191499481,162.265983057,2.006919348));
#2760=DIRECTION('',(-0.000070704,0.000033439,-0.999999997));
#2761=DIRECTION('',(0.999999998,0.000000176,-0.000070704));
#2762=AXIS2_PLACEMENT_3D('',#2759,#2760,#2761);
#2763=CIRCLE('',#2762,1.);
#2764=EDGE_CURVE('',#2749,#2758,#2763,.T.);
#2765=ORIENTED_EDGE('',*,*,#2764,.T.);
#2766=CARTESIAN_POINT('',(98.6104007,155.261298088,2.006089868));
#2767=VERTEX_POINT('',#2766);
#2768=CARTESIAN_POINT('',(98.6104007,155.261298088,2.006089868));
#2769=DIRECTION('',(-0.707106902,0.707106656,0.00007364));
#2770=VECTOR('',#2769,10.906122589);
#2771=LINE('',#2768,#2770);
#2772=EDGE_CURVE('',#2767,#2758,#2771,.T.);
#2773=ORIENTED_EDGE('',*,*,#2772,.F.);
#2774=CARTESIAN_POINT('',(103.138789307,155.261298887,2.005769695));
#2775=VERTEX_POINT('',#2774);
#2776=CARTESIAN_POINT('',(103.138789307,155.261298887,2.005769695));
#2777=DIRECTION('',(-0.999999998,-0.000000176,0.000070704));
#2778=VECTOR('',#2777,4.528388619);
#2779=LINE('',#2776,#2778);
#2780=EDGE_CURVE('',#2775,#2767,#2779,.T.);
#2781=ORIENTED_EDGE('',*,*,#2780,.F.);
#2782=CARTESIAN_POINT('',(136.133720941,188.256242149,2.00454016));
#2783=VERTEX_POINT('',#2782);
#2784=CARTESIAN_POINT('',(103.138789307,155.261298887,2.005769695));
#2785=DIRECTION('',(0.707106656,0.707106906,-0.00002635));
#2786=VECTOR('',#2785,46.661888044);
#2787=LINE('',#2784,#2786);
#2788=EDGE_CURVE('',#2775,#2783,#2787,.T.);
#2789=ORIENTED_EDGE('',*,*,#2788,.T.);
#2790=CARTESIAN_POINT('',(136.133720153,192.784630767,2.004691586));
#2791=VERTEX_POINT('',#2790);
#2792=CARTESIAN_POINT('',(136.133720153,192.784630767,2.004691586));
#2793=DIRECTION('',(0.000000174,-0.999999999,-0.000033439));
#2794=VECTOR('',#2793,4.528388621);
#2795=LINE('',#2792,#2794);
#2796=EDGE_CURVE('',#2791,#2783,#2795,.T.);
#2797=ORIENTED_EDGE('',*,*,#2796,.F.);
#2798=CARTESIAN_POINT('',(128.421925591,200.496422641,2.005494715));
#2799=VERTEX_POINT('',#2798);
#2800=CARTESIAN_POINT('',(128.421925591,200.496422641,2.005494715));
#2801=DIRECTION('',(0.707106902,-0.707106656,-0.00007364));
#2802=VECTOR('',#2801,10.906122589);
#2803=LINE('',#2800,#2802);
#2804=EDGE_CURVE('',#2799,#2791,#2803,.T.);
#2805=ORIENTED_EDGE('',*,*,#2804,.F.);
#2806=CARTESIAN_POINT('',(128.12903225,201.20352937,2.005539069));
#2807=VERTEX_POINT('',#2806);
#2808=CARTESIAN_POINT('',(129.129032247,201.203529546,2.005468366));
#2809=DIRECTION('',(-0.000070704,0.000033439,-0.999999997));
#2810=DIRECTION('',(0.999999998,0.000000176,-0.000070704));
#2811=AXIS2_PLACEMENT_3D('',#2808,#2809,#2810);
#2812=CIRCLE('',#2811,1.);
#2813=EDGE_CURVE('',#2799,#2807,#2812,.T.);
#2814=ORIENTED_EDGE('',*,*,#2813,.T.);
#2815=CARTESIAN_POINT('',(128.677001738,202.095532021,2.005530154));
#2816=VERTEX_POINT('',#2815);
#2817=CARTESIAN_POINT('',(129.129032247,201.203529546,2.005468366));
#2818=DIRECTION('',(-0.000070704,0.000033439,-0.999999997));
#2819=DIRECTION('',(0.999999998,0.000000176,-0.000070704));
#2820=AXIS2_PLACEMENT_3D('',#2817,#2818,#2819);
#2821=CIRCLE('',#2820,1.);
#2822=EDGE_CURVE('',#2807,#2816,#2821,.T.);
#2823=ORIENTED_EDGE('',*,*,#2822,.T.);
#2824=CARTESIAN_POINT('',(209.590435163,202.095546296,1.999809277));
#2825=VERTEX_POINT('',#2824);
#2826=CARTESIAN_POINT('',(169.133732346,122.26131055,2.000000113));
#2827=DIRECTION('',(0.000070704,-0.000033439,0.999999997));
#2828=DIRECTION('',(0.707106656,0.707106906,-0.00002635));
#2829=AXIS2_PLACEMENT_3D('',#2826,#2827,#2828);
#2830=CIRCLE('',#2829,89.5);
#2831=EDGE_CURVE('',#2825,#2816,#2830,.T.);
#2832=ORIENTED_EDGE('',*,*,#2831,.F.);
#2833=CARTESIAN_POINT('',(209.845511866,200.496437006,1.999737769));
#2834=VERTEX_POINT('',#2833);
#2835=CARTESIAN_POINT('',(209.138404964,201.203543662,1.999811409));
#2836=DIRECTION('',(-0.000070704,0.000033439,-0.999999997));
#2837=DIRECTION('',(0.999999998,0.000000176,-0.000070704));
#2838=AXIS2_PLACEMENT_3D('',#2835,#2836,#2837);
#2839=CIRCLE('',#2838,1.);
#2840=EDGE_CURVE('',#2825,#2834,#2839,.T.);
#2841=ORIENTED_EDGE('',*,*,#2840,.T.);
#2842=CARTESIAN_POINT('',(202.133719987,192.78464241,2.000025144));
#2843=VERTEX_POINT('',#2842);
#2844=CARTESIAN_POINT('',(202.133719987,192.78464241,2.000025144));
#2845=DIRECTION('',(0.707106656,0.707106906,-0.00002635));
#2846=VECTOR('',#2845,10.906122591);
#2847=LINE('',#2844,#2846);
#2848=EDGE_CURVE('',#2843,#2834,#2847,.T.);
#2849=ORIENTED_EDGE('',*,*,#2848,.F.);
#2850=CARTESIAN_POINT('',(202.133720776,188.256265648,1.999873718));
#2851=VERTEX_POINT('',#2850);
#2852=CARTESIAN_POINT('',(202.133720776,188.256265648,1.999873718));
#2853=DIRECTION('',(-0.000000174,0.999999999,0.000033439));
#2854=VECTOR('',#2853,4.528376764);
#2855=LINE('',#2852,#2854);
#2856=EDGE_CURVE('',#2851,#2843,#2855,.T.);
#2857=ORIENTED_EDGE('',*,*,#2856,.F.);
#2858=CARTESIAN_POINT('',(202.133720776,188.256265648,1.999873718));
#2859=DIRECTION('',(0.707106902,-0.707106656,-0.00007364));
#2860=VECTOR('',#2859,46.66190481);
#2861=LINE('',#2858,#2860);
#2862=EDGE_CURVE('',#2851,#460,#2861,.T.);
#2863=ORIENTED_EDGE('',*,*,#2862,.T.);
#2864=ORIENTED_EDGE('',*,*,#465,.F.);
#2865=CARTESIAN_POINT('',(247.368844382,162.973117568,1.995829978));
#2866=VERTEX_POINT('',#2865);
#2867=CARTESIAN_POINT('',(239.657052505,155.261322972,1.996117353));
#2868=DIRECTION('',(0.707106656,0.707106906,-0.00002635));
#2869=VECTOR('',#2868,10.906122589);
#2870=LINE('',#2867,#2869);
#2871=EDGE_CURVE('',#452,#2866,#2870,.T.);
#2872=ORIENTED_EDGE('',*,*,#2871,.T.);
#2873=CARTESIAN_POINT('',(248.967953759,162.718041424,1.995708386));
#2874=VERTEX_POINT('',#2873);
#2875=CARTESIAN_POINT('',(248.075951285,162.266010912,1.995756338));
#2876=DIRECTION('',(-0.000070704,0.000033439,-0.999999997));
#2877=DIRECTION('',(0.999999998,0.000000176,-0.000070704));
#2878=AXIS2_PLACEMENT_3D('',#2875,#2876,#2877);
#2879=CIRCLE('',#2878,1.);
#2880=EDGE_CURVE('',#2866,#2874,#2879,.T.);
#2881=ORIENTED_EDGE('',*,*,#2880,.T.);
#2882=CARTESIAN_POINT('',(249.444250681,82.758518297,1.993000919));
#2883=VERTEX_POINT('',#2882);
#2884=CARTESIAN_POINT('',(169.133732346,122.26131055,2.000000113));
#2885=DIRECTION('',(0.000070704,-0.000033439,0.999999997));
#2886=DIRECTION('',(0.707106656,0.707106906,-0.00002635));
#2887=AXIS2_PLACEMENT_3D('',#2884,#2885,#2886);
#2888=CIRCLE('',#2887,89.5);
#2889=EDGE_CURVE('',#2883,#2874,#2888,.T.);
#2890=ORIENTED_EDGE('',*,*,#2889,.F.);
#2891=CARTESIAN_POINT('',(247.839819798,82.492783372,1.993105472));
#2892=VERTEX_POINT('',#2891);
#2893=CARTESIAN_POINT('',(248.546926454,83.199890277,1.993079122));
#2894=DIRECTION('',(-0.000070704,0.000033439,-0.999999997));
#2895=DIRECTION('',(0.999999998,0.000000176,-0.000070704));
#2896=AXIS2_PLACEMENT_3D('',#2893,#2894,#2895);
#2897=CIRCLE('',#2896,1.);
#2898=EDGE_CURVE('',#2883,#2892,#2897,.T.);
#2899=ORIENTED_EDGE('',*,*,#2898,.T.);
#2900=CARTESIAN_POINT('',(241.071277551,89.261323259,1.993810368));
#2901=DIRECTION('',(0.707106902,-0.707106656,-0.00007364));
#2902=VECTOR('',#2901,9.5721626);
#2903=LINE('',#2900,#2902);
#2904=EDGE_CURVE('',#1038,#2892,#2903,.T.);
#2905=ORIENTED_EDGE('',*,*,#2904,.F.);
#2906=ORIENTED_EDGE('',*,*,#1043,.F.);
#2907=ORIENTED_EDGE('',*,*,#780,.T.);
#2908=ORIENTED_EDGE('',*,*,#1074,.F.);
#2909=ORIENTED_EDGE('',*,*,#845,.F.);
#2910=CARTESIAN_POINT('',(209.138432444,43.319091553,1.994531861));
#2911=DIRECTION('',(-0.000070704,0.000033439,-0.999999997));
#2912=DIRECTION('',(0.999999998,0.000000176,-0.000070704));
#2913=AXIS2_PLACEMENT_3D('',#2910,#2911,#2912);
#2914=CIRCLE('',#2913,1.);
#2915=EDGE_CURVE('',#832,#281,#2914,.T.);
#2916=ORIENTED_EDGE('',*,*,#2915,.T.);
#2917=ORIENTED_EDGE('',*,*,#287,.F.);
#2918=CARTESIAN_POINT('',(175.06396487,50.523494257,1.997181961));
#2919=VERTEX_POINT('',#2918);
#2920=CARTESIAN_POINT('',(175.06396487,50.523494257,1.997181961));
#2921=DIRECTION('',(0.912040907,-0.41009923,-0.000078198));
#2922=VECTOR('',#2921,28.746711513);
#2923=LINE('',#2920,#2922);
#2924=EDGE_CURVE('',#2919,#279,#2923,.T.);
#2925=ORIENTED_EDGE('',*,*,#2924,.F.);
#2926=CARTESIAN_POINT('',(163.203524794,50.523492164,1.998020538));
#2927=VERTEX_POINT('',#2926);
#2928=CARTESIAN_POINT('',(163.203524794,50.523492164,1.998020538));
#2929=DIRECTION('',(0.999999998,0.000000176,-0.000070704));
#2930=VECTOR('',#2929,11.860440106);
#2931=LINE('',#2928,#2930);
#2932=EDGE_CURVE('',#2927,#2919,#2931,.T.);
#2933=ORIENTED_EDGE('',*,*,#2932,.F.);
#2934=CARTESIAN_POINT('',(136.985352063,38.734478663,1.999480042));
#2935=DIRECTION('',(0.912040764,0.410099552,-0.000050771));
#2936=VECTOR('',#2935,28.746711513);
#2937=LINE('',#2934,#2936);
#2938=EDGE_CURVE('',#2691,#2927,#2937,.T.);
#2939=ORIENTED_EDGE('',*,*,#2938,.F.);
#2940=EDGE_LOOP('',(#2698,#2707,#2713,#2714,#2722,#2730,#2738,#2747,#2756,#2765,#2773,#2781,#2789,#2797,#2805,#2814,#2823,#2832,#2841,#2849,#2857,#2863,#2864,#2872,#2881,#2890,
#2899,#2905,#2906,#2907,#2908,#2909,#2916,#2917,#2925,#2933,#2939));
#2941=FACE_BOUND('',#2940,.T.);
#2942=CARTESIAN_POINT('',(134.149299603,45.065608469,1.99989227));
#2943=VERTEX_POINT('',#2942);
#2944=CARTESIAN_POINT('',(132.98257362,43.898882075,1.999935748));
#2945=DIRECTION('',(-0.000070704,0.000033439,-0.999999997));
#2946=DIRECTION('',(0.707106656,0.707106906,-0.00002635));
#2947=AXIS2_PLACEMENT_3D('',#2944,#2945,#2946);
#2948=CIRCLE('',#2947,1.65);
#2949=EDGE_CURVE('',#2943,#2943,#2948,.T.);
#2950=ORIENTED_EDGE('',*,*,#2949,.F.);
#2951=EDGE_LOOP('',(#2950));
#2952=FACE_BOUND('',#2951,.T.);
#2953=CARTESIAN_POINT('',(202.288055426,155.415645314,1.998764639));
#2954=VERTEX_POINT('',#2953);
#2955=CARTESIAN_POINT('',(214.955077061,132.202307186,1.997092796));
#2956=VERTEX_POINT('',#2955);
#2957=CARTESIAN_POINT('',(169.133732346,122.261310549,2.000000113));
#2958=DIRECTION('',(-0.000070704,0.000033439,-0.999999997));
#2959=DIRECTION('',(0.707106656,0.707106906,-0.00002635));
#2960=AXIS2_PLACEMENT_3D('',#2957,#2958,#2959);
#2961=CIRCLE('',#2960,46.887301629);
#2962=EDGE_CURVE('',#2954,#2956,#2961,.T.);
#2963=ORIENTED_EDGE('',*,*,#2962,.F.);
#2964=CARTESIAN_POINT('',(179.133724348,168.069816455,2.000824882));
#2965=VERTEX_POINT('',#2964);
#2966=CARTESIAN_POINT('',(169.133732346,122.261310549,2.000000113));
#2967=DIRECTION('',(-0.000070704,0.000033439,-0.999999997));
#2968=DIRECTION('',(0.707106656,0.707106906,-0.00002635));
#2969=AXIS2_PLACEMENT_3D('',#2966,#2967,#2968);
#2970=CIRCLE('',#2969,46.887301629);
#2971=EDGE_CURVE('',#2965,#2954,#2970,.T.);
#2972=ORIENTED_EDGE('',*,*,#2971,.F.);
#2973=CARTESIAN_POINT('',(179.133724883,164.994147958,2.000722033));
#2974=VERTEX_POINT('',#2973);
#2975=CARTESIAN_POINT('',(179.133724883,164.994147958,2.000722033));
#2976=DIRECTION('',(-0.000000174,0.999999999,0.000033439));
#2977=VECTOR('',#2976,3.075668499);
#2978=LINE('',#2975,#2977);
#2979=EDGE_CURVE('',#2974,#2965,#2978,.T.);
#2980=ORIENTED_EDGE('',*,*,#2979,.F.);
#2981=CARTESIAN_POINT('',(200.166735457,153.294324597,1.998843688));
#2982=VERTEX_POINT('',#2981);
#2983=CARTESIAN_POINT('',(169.133732346,122.261310549,2.000000113));
#2984=DIRECTION('',(0.000070704,-0.000033439,0.999999997));
#2985=DIRECTION('',(0.707106656,0.707106906,-0.00002635));
#2986=AXIS2_PLACEMENT_3D('',#2983,#2984,#2985);
#2987=CIRCLE('',#2986,43.887301629);
#2988=EDGE_CURVE('',#2982,#2974,#2987,.T.);
#2989=ORIENTED_EDGE('',*,*,#2988,.F.);
#2990=CARTESIAN_POINT('',(211.880020724,132.203647647,1.997310258));
#2991=VERTEX_POINT('',#2990);
#2992=CARTESIAN_POINT('',(169.133732346,122.261310549,2.000000113));
#2993=DIRECTION('',(0.000070704,-0.000033439,0.999999997));
#2994=DIRECTION('',(0.707106656,0.707106906,-0.00002635));
#2995=AXIS2_PLACEMENT_3D('',#2992,#2993,#2994);
#2996=CIRCLE('',#2995,43.887301629);
#2997=EDGE_CURVE('',#2991,#2982,#2996,.T.);
#2998=ORIENTED_EDGE('',*,*,#2997,.F.);
#2999=CARTESIAN_POINT('',(214.955077061,132.202307186,1.997092796));
#3000=DIRECTION('',(-0.999999902,0.000435914,0.000070718));
#3001=VECTOR('',#3000,3.075056637);
#3002=LINE('',#2999,#3001);
#3003=EDGE_CURVE('',#2956,#2991,#3002,.T.);
#3004=ORIENTED_EDGE('',*,*,#3003,.F.);
#3005=EDGE_LOOP('',(#2963,#2972,#2980,#2989,#2998,#3004));
#3006=FACE_BOUND('',#3005,.T.);
#3007=CARTESIAN_POINT('',(91.93803032,158.269195555,2.006662212));
#3008=VERTEX_POINT('',#3007);
#3009=CARTESIAN_POINT('',(90.771304337,157.102469161,2.006705689));
#3010=DIRECTION('',(-0.000070704,0.000033439,-0.999999997));
#3011=DIRECTION('',(0.707106656,0.707106906,-0.00002635));
#3012=AXIS2_PLACEMENT_3D('',#3009,#3010,#3011);
#3013=CIRCLE('',#3012,1.65);
#3014=EDGE_CURVE('',#3008,#3008,#3013,.T.);
#3015=ORIENTED_EDGE('',*,*,#3014,.F.);
#3016=EDGE_LOOP('',(#3015));
#3017=FACE_BOUND('',#3016,.T.);
#3018=CARTESIAN_POINT('',(248.662874209,158.269223204,1.99558119));
#3019=VERTEX_POINT('',#3018);
#3020=CARTESIAN_POINT('',(247.496148226,157.10249681,1.995624668));
#3021=DIRECTION('',(-0.000070704,0.000033439,-0.999999997));
#3022=DIRECTION('',(0.707106656,0.707106906,-0.00002635));
#3023=AXIS2_PLACEMENT_3D('',#3020,#3021,#3022);
#3024=CIRCLE('',#3023,1.65);
#3025=EDGE_CURVE('',#3019,#3019,#3024,.T.);
#3026=ORIENTED_EDGE('',*,*,#3025,.F.);
#3027=EDGE_LOOP('',(#3026));
#3028=FACE_BOUND('',#3027,.T.);
#3029=CARTESIAN_POINT('',(135.459272321,201.790452894,2.005040421));
#3030=VERTEX_POINT('',#3029);
#3031=CARTESIAN_POINT('',(134.292546338,200.623726499,2.005083898));
#3032=DIRECTION('',(-0.000070704,0.000033439,-0.999999997));
#3033=DIRECTION('',(0.707106656,0.707106906,-0.00002635));
#3034=AXIS2_PLACEMENT_3D('',#3031,#3032,#3033);
#3035=CIRCLE('',#3034,1.65);
#3036=EDGE_CURVE('',#3030,#3030,#3035,.T.);
#3037=ORIENTED_EDGE('',*,*,#3036,.F.);
#3038=EDGE_LOOP('',(#3037));
#3039=FACE_BOUND('',#3038,.T.);
#3040=CARTESIAN_POINT('',(91.938042448,88.586850683,2.004332081));
#3041=VERTEX_POINT('',#3040);
#3042=CARTESIAN_POINT('',(90.771316465,87.420124289,2.004375559));
#3043=DIRECTION('',(-0.000070704,0.000033439,-0.999999997));
#3044=DIRECTION('',(0.707106656,0.707106906,-0.00002635));
#3045=AXIS2_PLACEMENT_3D('',#3042,#3043,#3044);
#3046=CIRCLE('',#3045,1.65);
#3047=EDGE_CURVE('',#3041,#3041,#3046,.T.);
#3048=ORIENTED_EDGE('',*,*,#3047,.F.);
#3049=EDGE_LOOP('',(#3048));
#3050=FACE_BOUND('',#3049,.T.);
#3051=CARTESIAN_POINT('',(248.662886338,88.586878332,1.99325106));
#3052=VERTEX_POINT('',#3051);
#3053=CARTESIAN_POINT('',(247.496160355,87.420151938,1.993294537));
#3054=DIRECTION('',(-0.000070704,0.000033439,-0.999999997));
#3055=DIRECTION('',(0.707106656,0.707106906,-0.00002635));
#3056=AXIS2_PLACEMENT_3D('',#3053,#3054,#3055);
#3057=CIRCLE('',#3056,1.65);
#3058=EDGE_CURVE('',#3052,#3052,#3057,.T.);
#3059=ORIENTED_EDGE('',*,*,#3058,.F.);
#3060=EDGE_LOOP('',(#3059));
#3061=FACE_BOUND('',#3060,.T.);
#3062=CARTESIAN_POINT('',(205.141617058,201.790465187,2.000113623));
#3063=VERTEX_POINT('',#3062);
#3064=CARTESIAN_POINT('',(203.974891075,200.623738793,2.000157101));
#3065=DIRECTION('',(-0.000070704,0.000033439,-0.999999997));
#3066=DIRECTION('',(0.707106656,0.707106906,-0.00002635));
#3067=AXIS2_PLACEMENT_3D('',#3064,#3065,#3066);
#3068=CIRCLE('',#3067,1.65);
#3069=EDGE_CURVE('',#3063,#3063,#3068,.T.);
#3070=ORIENTED_EDGE('',*,*,#3069,.F.);
#3071=EDGE_LOOP('',(#3070));
#3072=FACE_BOUND('',#3071,.T.);
#3073=CARTESIAN_POINT('',(176.374451003,83.074367642,1.998177784));
#3074=VERTEX_POINT('',#3073);
#3075=CARTESIAN_POINT('',(175.172685345,81.87260156,1.998222567));
#3076=DIRECTION('',(-0.000070704,0.000033439,-0.999999997));
#3077=DIRECTION('',(0.707106656,0.707106906,-0.00002635));
#3078=AXIS2_PLACEMENT_3D('',#3075,#3076,#3077);
#3079=CIRCLE('',#3078,1.699553592);
#3080=EDGE_CURVE('',#3074,#3074,#3079,.T.);
#3081=ORIENTED_EDGE('',*,*,#3080,.F.);
#3082=EDGE_LOOP('',(#3081));
#3083=FACE_BOUND('',#3082,.T.);
#3084=CARTESIAN_POINT('',(164.336496663,68.575573521,1.998544081));
#3085=VERTEX_POINT('',#3084);
#3086=CARTESIAN_POINT('',(163.134415442,67.373491876,1.998588876));
#3087=DIRECTION('',(-0.000070704,0.000033439,-0.999999997));
#3088=DIRECTION('',(0.707106656,0.707106906,-0.00002635));
#3089=AXIS2_PLACEMENT_3D('',#3086,#3087,#3088);
#3090=CIRCLE('',#3089,1.699999867);
#3091=EDGE_CURVE('',#3085,#3085,#3090,.T.);
#3092=ORIENTED_EDGE('',*,*,#3091,.F.);
#3093=EDGE_LOOP('',(#3092));
#3094=FACE_BOUND('',#3093,.T.);
#3095=CARTESIAN_POINT('',(182.708707938,112.216361952,1.998704416));
#3096=VERTEX_POINT('',#3095);
#3097=CARTESIAN_POINT('',(179.13373469,108.653191352,1.99883803));
#3098=VERTEX_POINT('',#3097);
#3099=CARTESIAN_POINT('',(169.133732346,122.261310549,2.000000113));
#3100=DIRECTION('',(-0.000070704,0.000033439,-0.999999997));
#3101=DIRECTION('',(0.707106656,0.707106906,-0.00002635));
#3102=AXIS2_PLACEMENT_3D('',#3099,#3100,#3101);
#3103=CIRCLE('',#3102,16.887301629);
#3104=EDGE_CURVE('',#3096,#3098,#3103,.T.);
#3105=ORIENTED_EDGE('',*,*,#3104,.F.);
#3106=CARTESIAN_POINT('',(179.133734069,112.217920335,1.998957232));
#3107=VERTEX_POINT('',#3106);
#3108=CARTESIAN_POINT('',(179.133734069,112.217920335,1.998957232));
#3109=DIRECTION('',(0.999999902,-0.000435914,-0.000070718));
#3110=VECTOR('',#3109,3.574974217);
#3111=LINE('',#3108,#3110);
#3112=EDGE_CURVE('',#3107,#3096,#3111,.T.);
#3113=ORIENTED_EDGE('',*,*,#3112,.F.);
#3114=CARTESIAN_POINT('',(179.13373469,108.653191352,1.99883803));
#3115=DIRECTION('',(-0.000000174,0.999999999,0.000033439));
#3116=VECTOR('',#3115,3.564728985);
#3117=LINE('',#3114,#3116);
#3118=EDGE_CURVE('',#3098,#3107,#3117,.T.);
#3119=ORIENTED_EDGE('',*,*,#3118,.F.);
#3120=EDGE_LOOP('',(#3105,#3113,#3119));
#3121=FACE_BOUND('',#3120,.T.);
#3122=CARTESIAN_POINT('',(159.13373474,108.653187823,2.000252104));
#3123=VERTEX_POINT('',#3122);
#3124=CARTESIAN_POINT('',(155.550004392,112.228200821,2.000625032));
#3125=VERTEX_POINT('',#3124);
#3126=CARTESIAN_POINT('',(169.133732346,122.261310549,2.000000113));
#3127=DIRECTION('',(-0.000070704,0.000033439,-0.999999997));
#3128=DIRECTION('',(0.707106656,0.707106906,-0.00002635));
#3129=AXIS2_PLACEMENT_3D('',#3126,#3127,#3128);
#3130=CIRCLE('',#3129,16.887301629);
#3131=EDGE_CURVE('',#3123,#3125,#3130,.T.);
#3132=ORIENTED_EDGE('',*,*,#3131,.F.);
#3133=CARTESIAN_POINT('',(159.133734118,112.226638622,2.000371597));
#3134=VERTEX_POINT('',#3133);
#3135=CARTESIAN_POINT('',(159.133734118,112.226638622,2.000371597));
#3136=DIRECTION('',(0.000000174,-0.999999999,-0.000033439));
#3137=VECTOR('',#3136,3.573450801);
#3138=LINE('',#3135,#3137);
#3139=EDGE_CURVE('',#3134,#3123,#3138,.T.);
#3140=ORIENTED_EDGE('',*,*,#3139,.F.);
#3141=CARTESIAN_POINT('',(155.550004392,112.228200821,2.000625032));
#3142=DIRECTION('',(0.999999902,-0.000435914,-0.000070718));
#3143=VECTOR('',#3142,3.583730075);
#3144=LINE('',#3141,#3143);
#3145=EDGE_CURVE('',#3125,#3134,#3144,.T.);
#3146=ORIENTED_EDGE('',*,*,#3145,.F.);
#3147=EDGE_LOOP('',(#3132,#3140,#3146));
#3148=FACE_BOUND('',#3147,.T.);
#3149=CARTESIAN_POINT('',(155.501359383,132.228223915,2.001297259));
#3150=VERTEX_POINT('',#3149);
#3151=CARTESIAN_POINT('',(159.133730002,135.869429747,2.001162196));
#3152=VERTEX_POINT('',#3151);
#3153=CARTESIAN_POINT('',(169.133732346,122.261310549,2.000000113));
#3154=DIRECTION('',(-0.000070704,0.000033439,-0.999999997));
#3155=DIRECTION('',(0.707106656,0.707106906,-0.00002635));
#3156=AXIS2_PLACEMENT_3D('',#3153,#3154,#3155);
#3157=CIRCLE('',#3156,16.887301629);
#3158=EDGE_CURVE('',#3150,#3152,#3157,.T.);
#3159=ORIENTED_EDGE('',*,*,#3158,.F.);
#3160=CARTESIAN_POINT('',(159.133730636,132.226640513,2.001040384));
#3161=VERTEX_POINT('',#3160);
#3162=CARTESIAN_POINT('',(159.133730636,132.226640513,2.001040384));
#3163=DIRECTION('',(-0.999999902,0.000435914,0.000070718));
#3164=VECTOR('',#3163,3.632371607);
#3165=LINE('',#3162,#3164);
#3166=EDGE_CURVE('',#3161,#3150,#3165,.T.);
#3167=ORIENTED_EDGE('',*,*,#3166,.F.);
#3168=CARTESIAN_POINT('',(159.133730002,135.869429747,2.001162196));
#3169=DIRECTION('',(0.000000174,-0.999999999,-0.000033439));
#3170=VECTOR('',#3169,3.642789236);
#3171=LINE('',#3168,#3170);
#3172=EDGE_CURVE('',#3152,#3161,#3171,.T.);
#3173=ORIENTED_EDGE('',*,*,#3172,.F.);
#3174=EDGE_LOOP('',(#3159,#3167,#3173));
#3175=FACE_BOUND('',#3174,.T.);
#3176=CARTESIAN_POINT('',(181.074855735,134.202438147,1.999555135));
#3177=VERTEX_POINT('',#3176);
#3178=CARTESIAN_POINT('',(182.774789614,132.216335035,1.999368529));
#3179=VERTEX_POINT('',#3178);
#3180=CARTESIAN_POINT('',(169.133732346,122.261310549,2.000000113));
#3181=DIRECTION('',(-0.000070704,0.000033439,-0.999999997));
#3182=DIRECTION('',(0.707106656,0.707106906,-0.00002635));
#3183=AXIS2_PLACEMENT_3D('',#3180,#3181,#3182);
#3184=CIRCLE('',#3183,16.887301629);
#3185=EDGE_CURVE('',#3177,#3179,#3184,.T.);
#3186=ORIENTED_EDGE('',*,*,#3185,.F.);
#3187=CARTESIAN_POINT('',(179.133729952,135.869433275,1.999748123));
#3188=VERTEX_POINT('',#3187);
#3189=CARTESIAN_POINT('',(169.133732346,122.261310549,2.000000113));
#3190=DIRECTION('',(-0.000070704,0.000033439,-0.999999997));
#3191=DIRECTION('',(0.707106656,0.707106906,-0.00002635));
#3192=AXIS2_PLACEMENT_3D('',#3189,#3190,#3191);
#3193=CIRCLE('',#3192,16.887301629);
#3194=EDGE_CURVE('',#3188,#3177,#3193,.T.);
#3195=ORIENTED_EDGE('',*,*,#3194,.F.);
#3196=CARTESIAN_POINT('',(179.133730588,132.217922225,1.999626019));
#3197=VERTEX_POINT('',#3196);
#3198=CARTESIAN_POINT('',(179.133730588,132.217922225,1.999626019));
#3199=DIRECTION('',(-0.000000174,0.999999999,0.000033439));
#3200=VECTOR('',#3199,3.651511052);
#3201=LINE('',#3198,#3200);
#3202=EDGE_CURVE('',#3197,#3188,#3201,.T.);
#3203=ORIENTED_EDGE('',*,*,#3202,.F.);
#3204=CARTESIAN_POINT('',(182.774789614,132.216335035,1.999368529));
#3205=DIRECTION('',(-0.999999902,0.000435914,0.000070718));
#3206=VECTOR('',#3205,3.641059381);
#3207=LINE('',#3204,#3206);
#3208=EDGE_CURVE('',#3179,#3197,#3207,.T.);
#3209=ORIENTED_EDGE('',*,*,#3208,.F.);
#3210=EDGE_LOOP('',(#3186,#3195,#3203,#3209));
#3211=FACE_BOUND('',#3210,.T.);
#3212=CARTESIAN_POINT('',(189.69744717,112.21331546,1.998210185));
#3213=VERTEX_POINT('',#3212);
#3214=CARTESIAN_POINT('',(179.133735904,101.67421501,1.998604658));
#3215=VERTEX_POINT('',#3214);
#3216=CARTESIAN_POINT('',(169.133732346,122.261310549,2.000000113));
#3217=DIRECTION('',(-0.000070704,0.000033439,-0.999999997));
#3218=DIRECTION('',(0.707106656,0.707106906,-0.00002635));
#3219=AXIS2_PLACEMENT_3D('',#3216,#3217,#3218);
#3220=CIRCLE('',#3219,22.887301629);
#3221=EDGE_CURVE('',#3213,#3215,#3220,.T.);
#3222=ORIENTED_EDGE('',*,*,#3221,.F.);
#3223=CARTESIAN_POINT('',(186.296842377,112.214797833,1.99845067));
#3224=VERTEX_POINT('',#3223);
#3225=CARTESIAN_POINT('',(186.296842377,112.214797833,1.99845067));
#3226=DIRECTION('',(0.999999902,-0.000435914,-0.000070718));
#3227=VECTOR('',#3226,3.400605125);
#3228=LINE('',#3225,#3227);
#3229=EDGE_CURVE('',#3224,#3213,#3228,.T.);
#3230=ORIENTED_EDGE('',*,*,#3229,.F.);
#3231=CARTESIAN_POINT('',(179.133735313,105.071060257,1.998718246));
#3232=VERTEX_POINT('',#3231);
#3233=CARTESIAN_POINT('',(169.133732346,122.261310549,2.000000113));
#3234=DIRECTION('',(0.000070704,-0.000033439,0.999999997));
#3235=DIRECTION('',(0.707106656,0.707106906,-0.00002635));
#3236=AXIS2_PLACEMENT_3D('',#3233,#3234,#3235);
#3237=CIRCLE('',#3236,19.887301629);
#3238=EDGE_CURVE('',#3232,#3224,#3237,.T.);
#3239=ORIENTED_EDGE('',*,*,#3238,.F.);
#3240=CARTESIAN_POINT('',(179.133735904,101.67421501,1.998604658));
#3241=DIRECTION('',(-0.000000174,0.999999999,0.000033439));
#3242=VECTOR('',#3241,3.396845249);
#3243=LINE('',#3240,#3242);
#3244=EDGE_CURVE('',#3215,#3232,#3243,.T.);
#3245=ORIENTED_EDGE('',*,*,#3244,.F.);
#3246=EDGE_LOOP('',(#3222,#3230,#3239,#3245));
#3247=FACE_BOUND('',#3246,.T.);
#3248=CARTESIAN_POINT('',(159.133735954,101.674211481,2.000018731));
#3249=VERTEX_POINT('',#3248);
#3250=CARTESIAN_POINT('',(148.56126516,112.231247313,2.001119264));
#3251=VERTEX_POINT('',#3250);
#3252=CARTESIAN_POINT('',(169.133732346,122.261310549,2.000000113));
#3253=DIRECTION('',(-0.000070704,0.000033439,-0.999999997));
#3254=DIRECTION('',(0.707106656,0.707106906,-0.00002635));
#3255=AXIS2_PLACEMENT_3D('',#3252,#3253,#3254);
#3256=CIRCLE('',#3255,22.887301629);
#3257=EDGE_CURVE('',#3249,#3251,#3256,.T.);
#3258=ORIENTED_EDGE('',*,*,#3257,.F.);
#3259=CARTESIAN_POINT('',(159.133735363,105.071056729,2.00013232));
#3260=VERTEX_POINT('',#3259);
#3261=CARTESIAN_POINT('',(159.133735363,105.071056729,2.00013232));
#3262=DIRECTION('',(0.000000174,-0.999999999,-0.000033439));
#3263=VECTOR('',#3262,3.396845249);
#3264=LINE('',#3261,#3263);
#3265=EDGE_CURVE('',#3260,#3249,#3264,.T.);
#3266=ORIENTED_EDGE('',*,*,#3265,.F.);
#3267=CARTESIAN_POINT('',(151.961869953,112.229764941,2.000878779));
#3268=VERTEX_POINT('',#3267);
#3269=CARTESIAN_POINT('',(169.133732346,122.261310549,2.000000113));
#3270=DIRECTION('',(0.000070704,-0.000033439,0.999999997));
#3271=DIRECTION('',(0.707106656,0.707106906,-0.00002635));
#3272=AXIS2_PLACEMENT_3D('',#3269,#3270,#3271);
#3273=CIRCLE('',#3272,19.887301629);
#3274=EDGE_CURVE('',#3268,#3260,#3273,.T.);
#3275=ORIENTED_EDGE('',*,*,#3274,.F.);
#3276=CARTESIAN_POINT('',(148.56126516,112.231247313,2.001119264));
#3277=DIRECTION('',(0.999999902,-0.000435914,-0.000070718));
#3278=VECTOR('',#3277,3.400605125);
#3279=LINE('',#3276,#3278);
#3280=EDGE_CURVE('',#3251,#3268,#3279,.T.);
#3281=ORIENTED_EDGE('',*,*,#3280,.F.);
#3282=EDGE_LOOP('',(#3258,#3266,#3275,#3281));
#3283=FACE_BOUND('',#3282,.T.);
#3284=CARTESIAN_POINT('',(148.532066342,132.23126193,2.001790115));
#3285=VERTEX_POINT('',#3284);
#3286=CARTESIAN_POINT('',(159.133728788,142.848406089,2.001395568));
#3287=VERTEX_POINT('',#3286);
#3288=CARTESIAN_POINT('',(169.133732346,122.261310549,2.000000113));
#3289=DIRECTION('',(-0.000070704,0.000033439,-0.999999997));
#3290=DIRECTION('',(0.707106656,0.707106906,-0.00002635));
#3291=AXIS2_PLACEMENT_3D('',#3288,#3289,#3290);
#3292=CIRCLE('',#3291,22.887301629);
#3293=EDGE_CURVE('',#3285,#3287,#3292,.T.);
#3294=ORIENTED_EDGE('',*,*,#3293,.F.);
#3295=CARTESIAN_POINT('',(151.925178537,132.229782824,2.00155016));
#3296=VERTEX_POINT('',#3295);
#3297=CARTESIAN_POINT('',(151.925178537,132.229782824,2.00155016));
#3298=DIRECTION('',(-0.999999902,0.000435914,0.000070718));
#3299=VECTOR('',#3298,3.393112525);
#3300=LINE('',#3297,#3299);
#3301=EDGE_CURVE('',#3296,#3285,#3300,.T.);
#3302=ORIENTED_EDGE('',*,*,#3301,.F.);
#3303=CARTESIAN_POINT('',(159.133729379,139.451560842,2.00128198));
#3304=VERTEX_POINT('',#3303);
#3305=CARTESIAN_POINT('',(169.133732346,122.261310549,2.000000113));
#3306=DIRECTION('',(0.000070704,-0.000033439,0.999999997));
#3307=DIRECTION('',(0.707106656,0.707106906,-0.00002635));
#3308=AXIS2_PLACEMENT_3D('',#3305,#3306,#3307);
#3309=CIRCLE('',#3308,19.887301629);
#3310=EDGE_CURVE('',#3304,#3296,#3309,.T.);
#3311=ORIENTED_EDGE('',*,*,#3310,.F.);
#3312=CARTESIAN_POINT('',(159.133728788,142.848406089,2.001395568));
#3313=DIRECTION('',(0.000000174,-0.999999999,-0.000033439));
#3314=VECTOR('',#3313,3.396845249);
#3315=LINE('',#3312,#3314);
#3316=EDGE_CURVE('',#3287,#3304,#3315,.T.);
#3317=ORIENTED_EDGE('',*,*,#3316,.F.);
#3318=EDGE_LOOP('',(#3294,#3302,#3311,#3317));
#3319=FACE_BOUND('',#3318,.T.);
#3320=CARTESIAN_POINT('',(185.317495673,138.445079581,1.999397036));
#3321=VERTEX_POINT('',#3320);
#3322=CARTESIAN_POINT('',(189.744082655,132.21329702,1.998875673));
#3323=VERTEX_POINT('',#3322);
#3324=CARTESIAN_POINT('',(169.133732346,122.261310549,2.000000113));
#3325=DIRECTION('',(-0.000070704,0.000033439,-0.999999997));
#3326=DIRECTION('',(0.707106656,0.707106906,-0.00002635));
#3327=AXIS2_PLACEMENT_3D('',#3324,#3325,#3326);
#3328=CIRCLE('',#3327,22.887301629);
#3329=EDGE_CURVE('',#3321,#3323,#3328,.T.);
#3330=ORIENTED_EDGE('',*,*,#3329,.F.);
#3331=CARTESIAN_POINT('',(179.133728738,142.848409617,1.999981495));
#3332=VERTEX_POINT('',#3331);
#3333=CARTESIAN_POINT('',(169.133732346,122.261310549,2.000000113));
#3334=DIRECTION('',(-0.000070704,0.000033439,-0.999999997));
#3335=DIRECTION('',(0.707106656,0.707106906,-0.00002635));
#3336=AXIS2_PLACEMENT_3D('',#3333,#3334,#3335);
#3337=CIRCLE('',#3336,22.887301629);
#3338=EDGE_CURVE('',#3332,#3321,#3337,.T.);
#3339=ORIENTED_EDGE('',*,*,#3338,.F.);
#3340=CARTESIAN_POINT('',(179.133729329,139.45156437,1.999867907));
#3341=VERTEX_POINT('',#3340);
#3342=CARTESIAN_POINT('',(179.133729329,139.45156437,1.999867907));
#3343=DIRECTION('',(-0.000000174,0.999999999,0.000033439));
#3344=VECTOR('',#3343,3.396845249);
#3345=LINE('',#3342,#3344);
#3346=EDGE_CURVE('',#3341,#3332,#3345,.T.);
#3347=ORIENTED_EDGE('',*,*,#3346,.F.);
#3348=CARTESIAN_POINT('',(183.196175704,136.323758864,1.999476085));
#3349=VERTEX_POINT('',#3348);
#3350=CARTESIAN_POINT('',(169.133732346,122.261310549,2.000000113));
#3351=DIRECTION('',(0.000070704,-0.000033439,0.999999997));
#3352=DIRECTION('',(0.707106656,0.707106906,-0.00002635));
#3353=AXIS2_PLACEMENT_3D('',#3350,#3351,#3352);
#3354=CIRCLE('',#3353,19.887301629);
#3355=EDGE_CURVE('',#3349,#3341,#3354,.T.);
#3356=ORIENTED_EDGE('',*,*,#3355,.F.);
#3357=CARTESIAN_POINT('',(186.350970461,132.214776127,1.999115628));
#3358=VERTEX_POINT('',#3357);
#3359=CARTESIAN_POINT('',(169.133732346,122.261310549,2.000000113));
#3360=DIRECTION('',(0.000070704,-0.000033439,0.999999997));
#3361=DIRECTION('',(0.707106656,0.707106906,-0.00002635));
#3362=AXIS2_PLACEMENT_3D('',#3359,#3360,#3361);
#3363=CIRCLE('',#3362,19.887301629);
#3364=EDGE_CURVE('',#3358,#3349,#3363,.T.);
#3365=ORIENTED_EDGE('',*,*,#3364,.F.);
#3366=CARTESIAN_POINT('',(189.744082655,132.21329702,1.998875673));
#3367=DIRECTION('',(-0.999999902,0.000435914,0.000070718));
#3368=VECTOR('',#3367,3.393112525);
#3369=LINE('',#3366,#3368);
#3370=EDGE_CURVE('',#3323,#3358,#3369,.T.);
#3371=ORIENTED_EDGE('',*,*,#3370,.F.);
#3372=EDGE_LOOP('',(#3330,#3339,#3347,#3356,#3365,#3371));
#3373=FACE_BOUND('',#3372,.T.);
#3374=CARTESIAN_POINT('',(196.216141256,112.210473868,1.997749194));
#3375=VERTEX_POINT('',#3374);
#3376=CARTESIAN_POINT('',(179.133737038,95.160091039,1.99838683));
#3377=VERTEX_POINT('',#3376);
#3378=CARTESIAN_POINT('',(169.133732346,122.261310549,2.000000113));
#3379=DIRECTION('',(-0.000070704,0.000033439,-0.999999997));
#3380=DIRECTION('',(0.707106656,0.707106906,-0.00002635));
#3381=AXIS2_PLACEMENT_3D('',#3378,#3379,#3380);
#3382=CIRCLE('',#3381,28.887301629);
#3383=EDGE_CURVE('',#3375,#3377,#3382,.T.);
#3384=ORIENTED_EDGE('',*,*,#3383,.F.);
#3385=CARTESIAN_POINT('',(192.99083451,112.211879826,1.997977282));
#3386=VERTEX_POINT('',#3385);
#3387=CARTESIAN_POINT('',(192.99083451,112.211879826,1.997977282));
#3388=DIRECTION('',(0.999999902,-0.000435914,-0.000070718));
#3389=VECTOR('',#3388,3.22530706);
#3390=LINE('',#3387,#3389);
#3391=EDGE_CURVE('',#3386,#3375,#3390,.T.);
#3392=ORIENTED_EDGE('',*,*,#3391,.F.);
#3393=CARTESIAN_POINT('',(179.133736477,98.383448402,1.998494617));
#3394=VERTEX_POINT('',#3393);
#3395=CARTESIAN_POINT('',(169.133732346,122.261310549,2.000000113));
#3396=DIRECTION('',(0.000070704,-0.000033439,0.999999997));
#3397=DIRECTION('',(0.707106656,0.707106906,-0.00002635));
#3398=AXIS2_PLACEMENT_3D('',#3395,#3396,#3397);
#3399=CIRCLE('',#3398,25.887301629);
#3400=EDGE_CURVE('',#3394,#3386,#3399,.T.);
#3401=ORIENTED_EDGE('',*,*,#3400,.F.);
#3402=CARTESIAN_POINT('',(179.133737038,95.160091039,1.99838683));
#3403=DIRECTION('',(-0.000000174,0.999999999,0.000033439));
#3404=VECTOR('',#3403,3.223357365);
#3405=LINE('',#3402,#3404);
#3406=EDGE_CURVE('',#3377,#3394,#3405,.T.);
#3407=ORIENTED_EDGE('',*,*,#3406,.F.);
#3408=EDGE_LOOP('',(#3384,#3392,#3401,#3407));
#3409=FACE_BOUND('',#3408,.T.);
#3410=CARTESIAN_POINT('',(159.133737088,95.16008751,1.999800903));
#3411=VERTEX_POINT('',#3410);
#3412=CARTESIAN_POINT('',(142.042571074,112.234088906,2.001580254));
#3413=VERTEX_POINT('',#3412);
#3414=CARTESIAN_POINT('',(169.133732346,122.261310549,2.000000113));
#3415=DIRECTION('',(-0.000070704,0.000033439,-0.999999997));
#3416=DIRECTION('',(0.707106656,0.707106906,-0.00002635));
#3417=AXIS2_PLACEMENT_3D('',#3414,#3415,#3416);
#3418=CIRCLE('',#3417,28.887301629);
#3419=EDGE_CURVE('',#3411,#3413,#3418,.T.);
#3420=ORIENTED_EDGE('',*,*,#3419,.F.);
#3421=CARTESIAN_POINT('',(159.133736527,98.383444873,1.99990869));
#3422=VERTEX_POINT('',#3421);
#3423=CARTESIAN_POINT('',(159.133736527,98.383444873,1.99990869));
#3424=DIRECTION('',(0.000000174,-0.999999999,-0.000033439));
#3425=VECTOR('',#3424,3.223357365);
#3426=LINE('',#3423,#3425);
#3427=EDGE_CURVE('',#3422,#3411,#3426,.T.);
#3428=ORIENTED_EDGE('',*,*,#3427,.F.);
#3429=CARTESIAN_POINT('',(145.26787782,112.232682948,2.001352166));
#3430=VERTEX_POINT('',#3429);
#3431=CARTESIAN_POINT('',(169.133732346,122.261310549,2.000000113));
#3432=DIRECTION('',(0.000070704,-0.000033439,0.999999997));
#3433=DIRECTION('',(0.707106656,0.707106906,-0.00002635));
#3434=AXIS2_PLACEMENT_3D('',#3431,#3432,#3433);
#3435=CIRCLE('',#3434,25.887301629);
#3436=EDGE_CURVE('',#3430,#3422,#3435,.T.);
#3437=ORIENTED_EDGE('',*,*,#3436,.F.);
#3438=CARTESIAN_POINT('',(142.042571074,112.234088906,2.001580254));
#3439=DIRECTION('',(0.999999902,-0.000435914,-0.000070718));
#3440=VECTOR('',#3439,3.22530706);
#3441=LINE('',#3438,#3440);
#3442=EDGE_CURVE('',#3413,#3430,#3441,.T.);
#3443=ORIENTED_EDGE('',*,*,#3442,.F.);
#3444=EDGE_LOOP('',(#3420,#3428,#3437,#3443));
#3445=FACE_BOUND('',#3444,.T.);
#3446=CARTESIAN_POINT('',(142.022486157,132.23409955,2.002250461));
#3447=VERTEX_POINT('',#3446);
#3448=CARTESIAN_POINT('',(159.133727654,149.36253006,2.001613396));
#3449=VERTEX_POINT('',#3448);
#3450=CARTESIAN_POINT('',(169.133732346,122.261310549,2.000000113));
#3451=DIRECTION('',(-0.000070704,0.000033439,-0.999999997));
#3452=DIRECTION('',(0.707106656,0.707106906,-0.00002635));
#3453=AXIS2_PLACEMENT_3D('',#3450,#3451,#3452);
#3454=CIRCLE('',#3453,28.887301629);
#3455=EDGE_CURVE('',#3447,#3449,#3454,.T.);
#3456=ORIENTED_EDGE('',*,*,#3455,.F.);
#3457=CARTESIAN_POINT('',(145.243904637,132.232695287,2.002022648));
#3458=VERTEX_POINT('',#3457);
#3459=CARTESIAN_POINT('',(145.243904637,132.232695287,2.002022648));
#3460=DIRECTION('',(-0.999999902,0.000435914,0.000070718));
#3461=VECTOR('',#3460,3.221418794);
#3462=LINE('',#3459,#3461);
#3463=EDGE_CURVE('',#3458,#3447,#3462,.T.);
#3464=ORIENTED_EDGE('',*,*,#3463,.F.);
#3465=CARTESIAN_POINT('',(159.133728215,146.139172697,2.001505609));
#3466=VERTEX_POINT('',#3465);
#3467=CARTESIAN_POINT('',(169.133732346,122.261310549,2.000000113));
#3468=DIRECTION('',(0.000070704,-0.000033439,0.999999997));
#3469=DIRECTION('',(0.707106656,0.707106906,-0.00002635));
#3470=AXIS2_PLACEMENT_3D('',#3467,#3468,#3469);
#3471=CIRCLE('',#3470,25.887301629);
#3472=EDGE_CURVE('',#3466,#3458,#3471,.T.);
#3473=ORIENTED_EDGE('',*,*,#3472,.F.);
#3474=CARTESIAN_POINT('',(159.133727654,149.36253006,2.001613396));
#3475=DIRECTION('',(0.000000174,-0.999999999,-0.000033439));
#3476=VECTOR('',#3475,3.223357365);
#3477=LINE('',#3474,#3476);
#3478=EDGE_CURVE('',#3449,#3466,#3477,.T.);
#3479=ORIENTED_EDGE('',*,*,#3478,.F.);
#3480=EDGE_LOOP('',(#3456,#3464,#3473,#3479));
#3481=FACE_BOUND('',#3480,.T.);
#3482=CARTESIAN_POINT('',(189.560135612,142.687721014,1.999238936));
#3483=VERTEX_POINT('',#3482);
#3484=CARTESIAN_POINT('',(196.25366284,132.210459401,1.998415327));
#3485=VERTEX_POINT('',#3484);
#3486=CARTESIAN_POINT('',(169.133732346,122.261310549,2.000000113));
#3487=DIRECTION('',(-0.000070704,0.000033439,-0.999999997));
#3488=DIRECTION('',(0.707106656,0.707106906,-0.00002635));
#3489=AXIS2_PLACEMENT_3D('',#3486,#3487,#3488);
#3490=CIRCLE('',#3489,28.887301629);
#3491=EDGE_CURVE('',#3483,#3485,#3490,.T.);
#3492=ORIENTED_EDGE('',*,*,#3491,.F.);
#3493=CARTESIAN_POINT('',(179.133727604,149.362533588,2.000199323));
#3494=VERTEX_POINT('',#3493);
#3495=CARTESIAN_POINT('',(169.133732346,122.261310549,2.000000113));
#3496=DIRECTION('',(-0.000070704,0.000033439,-0.999999997));
#3497=DIRECTION('',(0.707106656,0.707106906,-0.00002635));
#3498=AXIS2_PLACEMENT_3D('',#3495,#3496,#3497);
#3499=CIRCLE('',#3498,28.887301629);
#3500=EDGE_CURVE('',#3494,#3483,#3499,.T.);
#3501=ORIENTED_EDGE('',*,*,#3500,.F.);
#3502=CARTESIAN_POINT('',(179.133728165,146.139176226,2.000091536));
#3503=VERTEX_POINT('',#3502);
#3504=CARTESIAN_POINT('',(179.133728165,146.139176226,2.000091536));
#3505=DIRECTION('',(-0.000000174,0.999999999,0.000033439));
#3506=VECTOR('',#3505,3.223357365);
#3507=LINE('',#3504,#3506);
#3508=EDGE_CURVE('',#3503,#3494,#3507,.T.);
#3509=ORIENTED_EDGE('',*,*,#3508,.F.);
#3510=CARTESIAN_POINT('',(187.438815642,140.566400297,1.999317986));
#3511=VERTEX_POINT('',#3510);
#3512=CARTESIAN_POINT('',(169.133732346,122.261310549,2.000000113));
#3513=DIRECTION('',(0.000070704,-0.000033439,0.999999997));
#3514=DIRECTION('',(0.707106656,0.707106906,-0.00002635));
#3515=AXIS2_PLACEMENT_3D('',#3512,#3513,#3514);
#3516=CIRCLE('',#3515,25.887301629);
#3517=EDGE_CURVE('',#3511,#3503,#3516,.T.);
#3518=ORIENTED_EDGE('',*,*,#3517,.F.);
#3519=CARTESIAN_POINT('',(193.032244361,132.211863663,1.99864314));
#3520=VERTEX_POINT('',#3519);
#3521=CARTESIAN_POINT('',(169.133732346,122.261310549,2.000000113));
#3522=DIRECTION('',(0.000070704,-0.000033439,0.999999997));
#3523=DIRECTION('',(0.707106656,0.707106906,-0.00002635));
#3524=AXIS2_PLACEMENT_3D('',#3521,#3522,#3523);
#3525=CIRCLE('',#3524,25.887301629);
#3526=EDGE_CURVE('',#3520,#3511,#3525,.T.);
#3527=ORIENTED_EDGE('',*,*,#3526,.F.);
#3528=CARTESIAN_POINT('',(196.25366284,132.210459401,1.998415327));
#3529=DIRECTION('',(-0.999999902,0.000435914,0.000070718));
#3530=VECTOR('',#3529,3.221418794);
#3531=LINE('',#3528,#3530);
#3532=EDGE_CURVE('',#3485,#3520,#3531,.T.);
#3533=ORIENTED_EDGE('',*,*,#3532,.F.);
#3534=EDGE_LOOP('',(#3492,#3501,#3509,#3518,#3527,#3533));
#3535=FACE_BOUND('',#3534,.T.);
#3536=CARTESIAN_POINT('',(202.541052792,112.207716748,1.997301908));
#3537=VERTEX_POINT('',#3536);
#3538=CARTESIAN_POINT('',(179.133738139,88.837910127,1.998175421));
#3539=VERTEX_POINT('',#3538);
#3540=CARTESIAN_POINT('',(169.133732346,122.261310549,2.000000113));
#3541=DIRECTION('',(-0.000070704,0.000033439,-0.999999997));
#3542=DIRECTION('',(0.707106656,0.707106906,-0.00002635));
#3543=AXIS2_PLACEMENT_3D('',#3540,#3541,#3542);
#3544=CIRCLE('',#3543,34.887301629);
#3545=EDGE_CURVE('',#3537,#3539,#3544,.T.);
#3546=ORIENTED_EDGE('',*,*,#3545,.F.);
#3547=CARTESIAN_POINT('',(199.395140489,112.209088097,1.997524381));
#3548=VERTEX_POINT('',#3547);
#3549=CARTESIAN_POINT('',(199.395140489,112.209088097,1.997524381));
#3550=DIRECTION('',(0.999999902,-0.000435914,-0.000070718));
#3551=VECTOR('',#3550,3.145912609);
#3552=LINE('',#3549,#3551);
#3553=EDGE_CURVE('',#3548,#3537,#3552,.T.);
#3554=ORIENTED_EDGE('',*,*,#3553,.F.);
#3555=CARTESIAN_POINT('',(179.133737591,91.982606856,1.998280577));
#3556=VERTEX_POINT('',#3555);
#3557=CARTESIAN_POINT('',(169.133732346,122.261310549,2.000000113));
#3558=DIRECTION('',(0.000070704,-0.000033439,0.999999997));
#3559=DIRECTION('',(0.707106656,0.707106906,-0.00002635));
#3560=AXIS2_PLACEMENT_3D('',#3557,#3558,#3559);
#3561=CIRCLE('',#3560,31.887301629);
#3562=EDGE_CURVE('',#3556,#3548,#3561,.T.);
#3563=ORIENTED_EDGE('',*,*,#3562,.F.);
#3564=CARTESIAN_POINT('',(179.133738139,88.837910127,1.998175421));
#3565=DIRECTION('',(-0.000000174,0.999999999,0.000033439));
#3566=VECTOR('',#3565,3.144696731);
#3567=LINE('',#3564,#3566);
#3568=EDGE_CURVE('',#3539,#3556,#3567,.T.);
#3569=ORIENTED_EDGE('',*,*,#3568,.F.);
#3570=EDGE_LOOP('',(#3546,#3554,#3563,#3569));
#3571=FACE_BOUND('',#3570,.T.);
#3572=CARTESIAN_POINT('',(159.133738189,88.837906598,1.999589494));
#3573=VERTEX_POINT('',#3572);
#3574=CARTESIAN_POINT('',(135.717659538,112.236846025,2.002027541));
#3575=VERTEX_POINT('',#3574);
#3576=CARTESIAN_POINT('',(169.133732346,122.261310549,2.000000113));
#3577=DIRECTION('',(-0.000070704,0.000033439,-0.999999997));
#3578=DIRECTION('',(0.707106656,0.707106906,-0.00002635));
#3579=AXIS2_PLACEMENT_3D('',#3576,#3577,#3578);
#3580=CIRCLE('',#3579,34.887301629);
#3581=EDGE_CURVE('',#3573,#3575,#3580,.T.);
#3582=ORIENTED_EDGE('',*,*,#3581,.F.);
#3583=CARTESIAN_POINT('',(159.133737641,91.982603328,1.999694651));
#3584=VERTEX_POINT('',#3583);
#3585=CARTESIAN_POINT('',(159.133737641,91.982603328,1.999694651));
#3586=DIRECTION('',(0.000000174,-0.999999999,-0.000033439));
#3587=VECTOR('',#3586,3.144696731);
#3588=LINE('',#3585,#3587);
#3589=EDGE_CURVE('',#3584,#3573,#3588,.T.);
#3590=ORIENTED_EDGE('',*,*,#3589,.F.);
#3591=CARTESIAN_POINT('',(138.863571841,112.235474677,2.001805068));
#3592=VERTEX_POINT('',#3591);
#3593=CARTESIAN_POINT('',(169.133732346,122.261310549,2.000000113));
#3594=DIRECTION('',(0.000070704,-0.000033439,0.999999997));
#3595=DIRECTION('',(0.707106656,0.707106906,-0.00002635));
#3596=AXIS2_PLACEMENT_3D('',#3593,#3594,#3595);
#3597=CIRCLE('',#3596,31.887301629);
#3598=EDGE_CURVE('',#3592,#3584,#3597,.T.);
#3599=ORIENTED_EDGE('',*,*,#3598,.F.);
#3600=CARTESIAN_POINT('',(135.717659538,112.236846025,2.002027541));
#3601=DIRECTION('',(0.999999902,-0.000435914,-0.000070718));
#3602=VECTOR('',#3601,3.145912609);
#3603=LINE('',#3600,#3602);
#3604=EDGE_CURVE('',#3575,#3592,#3603,.T.);
#3605=ORIENTED_EDGE('',*,*,#3604,.F.);
#3606=EDGE_LOOP('',(#3582,#3590,#3599,#3605));
#3607=FACE_BOUND('',#3606,.T.);
#3608=CARTESIAN_POINT('',(135.703022891,132.236854295,2.002697362));
#3609=VERTEX_POINT('',#3608);
#3610=CARTESIAN_POINT('',(159.133726553,155.684710972,2.001824806));
#3611=VERTEX_POINT('',#3610);
#3612=CARTESIAN_POINT('',(169.133732346,122.261310549,2.000000113));
#3613=DIRECTION('',(-0.000070704,0.000033439,-0.999999997));
#3614=DIRECTION('',(0.707106656,0.707106906,-0.00002635));
#3615=AXIS2_PLACEMENT_3D('',#3612,#3613,#3614);
#3616=CIRCLE('',#3615,34.887301629);
#3617=EDGE_CURVE('',#3609,#3611,#3616,.T.);
#3618=ORIENTED_EDGE('',*,*,#3617,.F.);
#3619=CARTESIAN_POINT('',(138.846509578,132.235484004,2.002475061));
#3620=VERTEX_POINT('',#3619);
#3621=CARTESIAN_POINT('',(138.846509578,132.235484004,2.002475061));
#3622=DIRECTION('',(-0.999999902,0.000435914,0.000070718));
#3623=VECTOR('',#3622,3.143486994);
#3624=LINE('',#3621,#3623);
#3625=EDGE_CURVE('',#3620,#3609,#3624,.T.);
#3626=ORIENTED_EDGE('',*,*,#3625,.F.);
#3627=CARTESIAN_POINT('',(159.133727101,152.540014242,2.001719649));
#3628=VERTEX_POINT('',#3627);
#3629=CARTESIAN_POINT('',(169.133732346,122.261310549,2.000000113));
#3630=DIRECTION('',(0.000070704,-0.000033439,0.999999997));
#3631=DIRECTION('',(0.707106656,0.707106906,-0.00002635));
#3632=AXIS2_PLACEMENT_3D('',#3629,#3630,#3631);
#3633=CIRCLE('',#3632,31.887301629);
#3634=EDGE_CURVE('',#3628,#3620,#3633,.T.);
#3635=ORIENTED_EDGE('',*,*,#3634,.F.);
#3636=CARTESIAN_POINT('',(159.133726553,155.684710972,2.001824806));
#3637=DIRECTION('',(0.000000174,-0.999999999,-0.000033439));
#3638=VECTOR('',#3637,3.144696731);
#3639=LINE('',#3636,#3638);
#3640=EDGE_CURVE('',#3611,#3628,#3639,.T.);
#3641=ORIENTED_EDGE('',*,*,#3640,.F.);
#3642=EDGE_LOOP('',(#3618,#3626,#3635,#3641));
#3643=FACE_BOUND('',#3642,.T.);
#3644=CARTESIAN_POINT('',(193.80277555,146.930362447,1.999080837));
#3645=VERTEX_POINT('',#3644);
#3646=CARTESIAN_POINT('',(202.573126107,132.207704656,1.997968426));
#3647=VERTEX_POINT('',#3646);
#3648=CARTESIAN_POINT('',(169.133732346,122.261310549,2.000000113));
#3649=DIRECTION('',(-0.000070704,0.000033439,-0.999999997));
#3650=DIRECTION('',(0.707106656,0.707106906,-0.00002635));
#3651=AXIS2_PLACEMENT_3D('',#3648,#3649,#3650);
#3652=CIRCLE('',#3651,34.887301629);
#3653=EDGE_CURVE('',#3645,#3647,#3652,.T.);
#3654=ORIENTED_EDGE('',*,*,#3653,.F.);
#3655=CARTESIAN_POINT('',(179.133726503,155.6847145,2.000410732));
#3656=VERTEX_POINT('',#3655);
#3657=CARTESIAN_POINT('',(169.133732346,122.261310549,2.000000113));
#3658=DIRECTION('',(-0.000070704,0.000033439,-0.999999997));
#3659=DIRECTION('',(0.707106656,0.707106906,-0.00002635));
#3660=AXIS2_PLACEMENT_3D('',#3657,#3658,#3659);
#3661=CIRCLE('',#3660,34.887301629);
#3662=EDGE_CURVE('',#3656,#3645,#3661,.T.);
#3663=ORIENTED_EDGE('',*,*,#3662,.F.);
#3664=CARTESIAN_POINT('',(179.133727051,152.540017771,2.000305576));
#3665=VERTEX_POINT('',#3664);
#3666=CARTESIAN_POINT('',(179.133727051,152.540017771,2.000305576));
#3667=DIRECTION('',(-0.000000174,0.999999999,0.000033439));
#3668=VECTOR('',#3667,3.144696731);
#3669=LINE('',#3666,#3668);
#3670=EDGE_CURVE('',#3665,#3656,#3669,.T.);
#3671=ORIENTED_EDGE('',*,*,#3670,.F.);
#3672=CARTESIAN_POINT('',(191.681455581,144.80904173,1.999159887));
#3673=VERTEX_POINT('',#3672);
#3674=CARTESIAN_POINT('',(169.133732346,122.261310549,2.000000113));
#3675=DIRECTION('',(0.000070704,-0.000033439,0.999999997));
#3676=DIRECTION('',(0.707106656,0.707106906,-0.00002635));
#3677=AXIS2_PLACEMENT_3D('',#3674,#3675,#3676);
#3678=CIRCLE('',#3677,31.887301629);
#3679=EDGE_CURVE('',#3673,#3665,#3678,.T.);
#3680=ORIENTED_EDGE('',*,*,#3679,.F.);
#3681=CARTESIAN_POINT('',(199.429639419,132.209074947,1.998190728));
#3682=VERTEX_POINT('',#3681);
#3683=CARTESIAN_POINT('',(169.133732346,122.261310549,2.000000113));
#3684=DIRECTION('',(0.000070704,-0.000033439,0.999999997));
#3685=DIRECTION('',(0.707106656,0.707106906,-0.00002635));
#3686=AXIS2_PLACEMENT_3D('',#3683,#3684,#3685);
#3687=CIRCLE('',#3686,31.887301629);
#3688=EDGE_CURVE('',#3682,#3673,#3687,.T.);
#3689=ORIENTED_EDGE('',*,*,#3688,.F.);
#3690=CARTESIAN_POINT('',(202.573126107,132.207704656,1.997968426));
#3691=DIRECTION('',(-0.999999902,0.000435914,0.000070718));
#3692=VECTOR('',#3691,3.143486994);
#3693=LINE('',#3690,#3692);
#3694=EDGE_CURVE('',#3647,#3682,#3693,.T.);
#3695=ORIENTED_EDGE('',*,*,#3694,.F.);
#3696=EDGE_LOOP('',(#3654,#3663,#3671,#3680,#3689,#3695));
#3697=FACE_BOUND('',#3696,.T.);
#3698=CARTESIAN_POINT('',(208.765059796,112.205003614,1.996861757));
#3699=VERTEX_POINT('',#3698);
#3700=CARTESIAN_POINT('',(179.133739222,82.615739638,1.997967356));
#3701=VERTEX_POINT('',#3700);
#3702=CARTESIAN_POINT('',(169.133732346,122.261310549,2.000000113));
#3703=DIRECTION('',(-0.000070704,0.000033439,-0.999999997));
#3704=DIRECTION('',(0.707106656,0.707106906,-0.00002635));
#3705=AXIS2_PLACEMENT_3D('',#3702,#3703,#3704);
#3706=CIRCLE('',#3705,40.887301629);
#3707=EDGE_CURVE('',#3699,#3701,#3706,.T.);
#3708=ORIENTED_EDGE('',*,*,#3707,.F.);
#3709=CARTESIAN_POINT('',(205.662426645,112.206356097,1.99708117));
#3710=VERTEX_POINT('',#3709);
#3711=CARTESIAN_POINT('',(205.662426645,112.206356097,1.99708117));
#3712=DIRECTION('',(0.999999902,-0.000435914,-0.000070718));
#3713=VECTOR('',#3712,3.102633454);
#3714=LINE('',#3711,#3713);
#3715=EDGE_CURVE('',#3710,#3699,#3714,.T.);
#3716=ORIENTED_EDGE('',*,*,#3715,.F.);
#3717=CARTESIAN_POINT('',(179.133738682,85.717535508,1.998071077));
#3718=VERTEX_POINT('',#3717);
#3719=CARTESIAN_POINT('',(169.133732346,122.261310549,2.000000113));
#3720=DIRECTION('',(0.000070704,-0.000033439,0.999999997));
#3721=DIRECTION('',(0.707106656,0.707106906,-0.00002635));
#3722=AXIS2_PLACEMENT_3D('',#3719,#3720,#3721);
#3723=CIRCLE('',#3722,37.887301629);
#3724=EDGE_CURVE('',#3718,#3710,#3723,.T.);
#3725=ORIENTED_EDGE('',*,*,#3724,.F.);
#3726=CARTESIAN_POINT('',(179.133739222,82.615739638,1.997967356));
#3727=DIRECTION('',(-0.000000174,0.999999999,0.000033439));
#3728=VECTOR('',#3727,3.101795871);
#3729=LINE('',#3726,#3728);
#3730=EDGE_CURVE('',#3701,#3718,#3729,.T.);
#3731=ORIENTED_EDGE('',*,*,#3730,.F.);
#3732=EDGE_LOOP('',(#3708,#3716,#3725,#3731));
#3733=FACE_BOUND('',#3732,.T.);
#3734=CARTESIAN_POINT('',(159.133739272,82.61573611,1.999381429));
#3735=VERTEX_POINT('',#3734);
#3736=CARTESIAN_POINT('',(129.493652534,112.239559159,2.002467692));
#3737=VERTEX_POINT('',#3736);
#3738=CARTESIAN_POINT('',(169.133732346,122.261310549,2.000000113));
#3739=DIRECTION('',(-0.000070704,0.000033439,-0.999999997));
#3740=DIRECTION('',(0.707106656,0.707106906,-0.00002635));
#3741=AXIS2_PLACEMENT_3D('',#3738,#3739,#3740);
#3742=CIRCLE('',#3741,40.887301629);
#3743=EDGE_CURVE('',#3735,#3737,#3742,.T.);
#3744=ORIENTED_EDGE('',*,*,#3743,.F.);
#3745=CARTESIAN_POINT('',(159.133738732,85.717531979,1.999485151));
#3746=VERTEX_POINT('',#3745);
#3747=CARTESIAN_POINT('',(159.133738732,85.717531979,1.999485151));
#3748=DIRECTION('',(0.000000174,-0.999999999,-0.000033439));
#3749=VECTOR('',#3748,3.101795871);
#3750=LINE('',#3747,#3749);
#3751=EDGE_CURVE('',#3746,#3735,#3750,.T.);
#3752=ORIENTED_EDGE('',*,*,#3751,.F.);
#3753=CARTESIAN_POINT('',(132.596285685,112.238206677,2.002248279));
#3754=VERTEX_POINT('',#3753);
#3755=CARTESIAN_POINT('',(169.133732346,122.261310549,2.000000113));
#3756=DIRECTION('',(0.000070704,-0.000033439,0.999999997));
#3757=DIRECTION('',(0.707106656,0.707106906,-0.00002635));
#3758=AXIS2_PLACEMENT_3D('',#3755,#3756,#3757);
#3759=CIRCLE('',#3758,37.887301629);
#3760=EDGE_CURVE('',#3754,#3746,#3759,.T.);
#3761=ORIENTED_EDGE('',*,*,#3760,.F.);
#3762=CARTESIAN_POINT('',(129.493652534,112.239559159,2.002467692));
#3763=DIRECTION('',(0.999999902,-0.000435914,-0.000070718));
#3764=VECTOR('',#3763,3.102633454);
#3765=LINE('',#3762,#3764);
#3766=EDGE_CURVE('',#3737,#3754,#3765,.T.);
#3767=ORIENTED_EDGE('',*,*,#3766,.F.);
#3768=EDGE_LOOP('',(#3744,#3752,#3761,#3767));
#3769=FACE_BOUND('',#3768,.T.);
#3770=CARTESIAN_POINT('',(129.482681336,132.239565831,2.003137254));
#3771=VERTEX_POINT('',#3770);
#3772=CARTESIAN_POINT('',(159.13372547,161.906881461,2.002032871));
#3773=VERTEX_POINT('',#3772);
#3774=CARTESIAN_POINT('',(169.133732346,122.261310549,2.000000113));
#3775=DIRECTION('',(-0.000070704,0.000033439,-0.999999997));
#3776=DIRECTION('',(0.707106656,0.707106906,-0.00002635));
#3777=AXIS2_PLACEMENT_3D('',#3774,#3775,#3776);
#3778=CIRCLE('',#3777,40.887301629);
#3779=EDGE_CURVE('',#3771,#3773,#3778,.T.);
#3780=ORIENTED_EDGE('',*,*,#3779,.F.);
#3781=CARTESIAN_POINT('',(132.583643259,132.238214077,2.002917959));
#3782=VERTEX_POINT('',#3781);
#3783=CARTESIAN_POINT('',(132.583643259,132.238214077,2.002917959));
#3784=DIRECTION('',(-0.999999902,0.000435914,0.000070718));
#3785=VECTOR('',#3784,3.100962226);
#3786=LINE('',#3783,#3785);
#3787=EDGE_CURVE('',#3782,#3771,#3786,.T.);
#3788=ORIENTED_EDGE('',*,*,#3787,.F.);
#3789=CARTESIAN_POINT('',(159.13372601,158.805085591,2.001929149));
#3790=VERTEX_POINT('',#3789);
#3791=CARTESIAN_POINT('',(169.133732346,122.261310549,2.000000113));
#3792=DIRECTION('',(0.000070704,-0.000033439,0.999999997));
#3793=DIRECTION('',(0.707106656,0.707106906,-0.00002635));
#3794=AXIS2_PLACEMENT_3D('',#3791,#3792,#3793);
#3795=CIRCLE('',#3794,37.887301629);
#3796=EDGE_CURVE('',#3790,#3782,#3795,.T.);
#3797=ORIENTED_EDGE('',*,*,#3796,.F.);
#3798=CARTESIAN_POINT('',(159.13372547,161.906881461,2.002032871));
#3799=DIRECTION('',(0.000000174,-0.999999999,-0.000033439));
#3800=VECTOR('',#3799,3.101795871);
#3801=LINE('',#3798,#3800);
#3802=EDGE_CURVE('',#3773,#3790,#3801,.T.);
#3803=ORIENTED_EDGE('',*,*,#3802,.F.);
#3804=EDGE_LOOP('',(#3780,#3788,#3797,#3803));
#3805=FACE_BOUND('',#3804,.T.);
#3806=CARTESIAN_POINT('',(198.045415488,151.17300388,1.998922738));
#3807=VERTEX_POINT('',#3806);
#3808=CARTESIAN_POINT('',(208.793467662,132.20499312,1.997528534));
#3809=VERTEX_POINT('',#3808);
#3810=CARTESIAN_POINT('',(169.133732346,122.261310549,2.000000113));
#3811=DIRECTION('',(-0.000070704,0.000033439,-0.999999997));
#3812=DIRECTION('',(0.707106656,0.707106906,-0.00002635));
#3813=AXIS2_PLACEMENT_3D('',#3810,#3811,#3812);
#3814=CIRCLE('',#3813,40.887301629);
#3815=EDGE_CURVE('',#3807,#3809,#3814,.T.);
#3816=ORIENTED_EDGE('',*,*,#3815,.F.);
#3817=CARTESIAN_POINT('',(179.13372542,161.906884989,2.000618797));
#3818=VERTEX_POINT('',#3817);
#3819=CARTESIAN_POINT('',(169.133732346,122.261310549,2.000000113));
#3820=DIRECTION('',(-0.000070704,0.000033439,-0.999999997));
#3821=DIRECTION('',(0.707106656,0.707106906,-0.00002635));
#3822=AXIS2_PLACEMENT_3D('',#3819,#3820,#3821);
#3823=CIRCLE('',#3822,40.887301629);
#3824=EDGE_CURVE('',#3818,#3807,#3823,.T.);
#3825=ORIENTED_EDGE('',*,*,#3824,.F.);
#3826=CARTESIAN_POINT('',(179.13372596,158.80508912,2.000515076));
#3827=VERTEX_POINT('',#3826);
#3828=CARTESIAN_POINT('',(179.13372596,158.80508912,2.000515076));
#3829=DIRECTION('',(-0.000000174,0.999999999,0.000033439));
#3830=VECTOR('',#3829,3.101795871);
#3831=LINE('',#3828,#3830);
#3832=EDGE_CURVE('',#3827,#3818,#3831,.T.);
#3833=ORIENTED_EDGE('',*,*,#3832,.F.);
#3834=CARTESIAN_POINT('',(195.924095519,149.051683164,1.999001788));
#3835=VERTEX_POINT('',#3834);
#3836=CARTESIAN_POINT('',(169.133732346,122.261310549,2.000000113));
#3837=DIRECTION('',(0.000070704,-0.000033439,0.999999997));
#3838=DIRECTION('',(0.707106656,0.707106906,-0.00002635));
#3839=AXIS2_PLACEMENT_3D('',#3836,#3837,#3838);
#3840=CIRCLE('',#3839,37.887301629);
#3841=EDGE_CURVE('',#3835,#3827,#3840,.T.);
#3842=ORIENTED_EDGE('',*,*,#3841,.F.);
#3843=CARTESIAN_POINT('',(205.692505738,132.206344874,1.997747829));
#3844=VERTEX_POINT('',#3843);
#3845=CARTESIAN_POINT('',(169.133732346,122.261310549,2.000000113));
#3846=DIRECTION('',(0.000070704,-0.000033439,0.999999997));
#3847=DIRECTION('',(0.707106656,0.707106906,-0.00002635));
#3848=AXIS2_PLACEMENT_3D('',#3845,#3846,#3847);
#3849=CIRCLE('',#3848,37.887301629);
#3850=EDGE_CURVE('',#3844,#3835,#3849,.T.);
#3851=ORIENTED_EDGE('',*,*,#3850,.F.);
#3852=CARTESIAN_POINT('',(208.793467662,132.20499312,1.997528534));
#3853=DIRECTION('',(-0.999999902,0.000435914,0.000070718));
#3854=VECTOR('',#3853,3.100962226);
#3855=LINE('',#3852,#3854);
#3856=EDGE_CURVE('',#3809,#3844,#3855,.T.);
#3857=ORIENTED_EDGE('',*,*,#3856,.F.);
#3858=EDGE_LOOP('',(#3816,#3825,#3833,#3842,#3851,#3857));
#3859=FACE_BOUND('',#3858,.T.);
#3860=CARTESIAN_POINT('',(214.929318165,112.202316525,1.996425831));
#3861=VERTEX_POINT('',#3860);
#3862=CARTESIAN_POINT('',(179.133740294,76.452808172,1.997761271));
#3863=VERTEX_POINT('',#3862);
#3864=CARTESIAN_POINT('',(169.133732346,122.261310549,2.000000113));
#3865=DIRECTION('',(-0.000070704,0.000033439,-0.999999997));
#3866=DIRECTION('',(0.707106656,0.707106906,-0.00002635));
#3867=AXIS2_PLACEMENT_3D('',#3864,#3865,#3866);
#3868=CIRCLE('',#3867,46.887301629);
#3869=EDGE_CURVE('',#3861,#3863,#3868,.T.);
#3870=ORIENTED_EDGE('',*,*,#3869,.F.);
#3871=CARTESIAN_POINT('',(211.853035343,112.203657521,1.996643381));
#3872=VERTEX_POINT('',#3871);
#3873=CARTESIAN_POINT('',(211.853035343,112.203657521,1.996643381));
#3874=DIRECTION('',(0.999999902,-0.000435914,-0.000070718));
#3875=VECTOR('',#3874,3.076283122);
#3876=LINE('',#3873,#3875);
#3877=EDGE_CURVE('',#3872,#3861,#3876,.T.);
#3878=ORIENTED_EDGE('',*,*,#3877,.F.);
#3879=CARTESIAN_POINT('',(179.133739759,79.528476669,1.99786412));
#3880=VERTEX_POINT('',#3879);
#3881=CARTESIAN_POINT('',(169.133732346,122.261310549,2.000000113));
#3882=DIRECTION('',(0.000070704,-0.000033439,0.999999997));
#3883=DIRECTION('',(0.707106656,0.707106906,-0.00002635));
#3884=AXIS2_PLACEMENT_3D('',#3881,#3882,#3883);
#3885=CIRCLE('',#3884,43.887301629);
#3886=EDGE_CURVE('',#3880,#3872,#3885,.T.);
#3887=ORIENTED_EDGE('',*,*,#3886,.F.);
#3888=CARTESIAN_POINT('',(179.133740294,76.452808172,1.997761271));
#3889=DIRECTION('',(-0.000000174,0.999999999,0.000033439));
#3890=VECTOR('',#3889,3.075668499);
#3891=LINE('',#3888,#3890);
#3892=EDGE_CURVE('',#3863,#3880,#3891,.T.);
#3893=ORIENTED_EDGE('',*,*,#3892,.F.);
#3894=EDGE_LOOP('',(#3870,#3878,#3887,#3893));
#3895=FACE_BOUND('',#3894,.T.);
#3896=CARTESIAN_POINT('',(159.133740344,76.452804643,1.999175345));
#3897=VERTEX_POINT('',#3896);
#3898=CARTESIAN_POINT('',(123.329394165,112.242246248,2.002903618));
#3899=VERTEX_POINT('',#3898);
#3900=CARTESIAN_POINT('',(169.133732346,122.261310549,2.000000113));
#3901=DIRECTION('',(-0.000070704,0.000033439,-0.999999997));
#3902=DIRECTION('',(0.707106656,0.707106906,-0.00002635));
#3903=AXIS2_PLACEMENT_3D('',#3900,#3901,#3902);
#3904=CIRCLE('',#3903,46.887301629);
#3905=EDGE_CURVE('',#3897,#3899,#3904,.T.);
#3906=ORIENTED_EDGE('',*,*,#3905,.F.);
#3907=CARTESIAN_POINT('',(159.133739809,79.52847314,1.999278193));
#3908=VERTEX_POINT('',#3907);
#3909=CARTESIAN_POINT('',(159.133739809,79.52847314,1.999278193));
#3910=DIRECTION('',(0.000000174,-0.999999999,-0.000033439));
#3911=VECTOR('',#3910,3.075668499);
#3912=LINE('',#3909,#3911);
#3913=EDGE_CURVE('',#3908,#3897,#3912,.T.);
#3914=ORIENTED_EDGE('',*,*,#3913,.F.);
#3915=CARTESIAN_POINT('',(126.405676987,112.240905252,2.002686068));
#3916=VERTEX_POINT('',#3915);
#3917=CARTESIAN_POINT('',(169.133732346,122.261310549,2.000000113));
#3918=DIRECTION('',(0.000070704,-0.000033439,0.999999997));
#3919=DIRECTION('',(0.707106656,0.707106906,-0.00002635));
#3920=AXIS2_PLACEMENT_3D('',#3917,#3918,#3919);
#3921=CIRCLE('',#3920,43.887301629);
#3922=EDGE_CURVE('',#3916,#3908,#3921,.T.);
#3923=ORIENTED_EDGE('',*,*,#3922,.F.);
#3924=CARTESIAN_POINT('',(123.329394165,112.242246248,2.002903618));
#3925=DIRECTION('',(0.999999902,-0.000435914,-0.000070718));
#3926=VECTOR('',#3925,3.076283122);
#3927=LINE('',#3924,#3926);
#3928=EDGE_CURVE('',#3899,#3916,#3927,.T.);
#3929=ORIENTED_EDGE('',*,*,#3928,.F.);
#3930=EDGE_LOOP('',(#3906,#3914,#3923,#3929));
#3931=FACE_BOUND('',#3930,.T.);
#3932=CARTESIAN_POINT('',(123.321071937,132.242251765,2.003572992));
#3933=VERTEX_POINT('',#3932);
#3934=CARTESIAN_POINT('',(159.133724398,168.069812927,2.002238955));
#3935=VERTEX_POINT('',#3934);
#3936=CARTESIAN_POINT('',(169.133732346,122.261310549,2.000000113));
#3937=DIRECTION('',(-0.000070704,0.000033439,-0.999999997));
#3938=DIRECTION('',(0.707106656,0.707106906,-0.00002635));
#3939=AXIS2_PLACEMENT_3D('',#3936,#3937,#3938);
#3940=CIRCLE('',#3939,46.887301629);
#3941=EDGE_CURVE('',#3933,#3935,#3940,.T.);
#3942=ORIENTED_EDGE('',*,*,#3941,.F.);
#3943=CARTESIAN_POINT('',(126.396128274,132.240911304,2.00335553));
#3944=VERTEX_POINT('',#3943);
#3945=CARTESIAN_POINT('',(126.396128274,132.240911304,2.00335553));
#3946=DIRECTION('',(-0.999999902,0.000435914,0.000070718));
#3947=VECTOR('',#3946,3.075056637);
#3948=LINE('',#3945,#3947);
#3949=EDGE_CURVE('',#3944,#3933,#3948,.T.);
#3950=ORIENTED_EDGE('',*,*,#3949,.F.);
#3951=CARTESIAN_POINT('',(159.133724933,164.99414443,2.002136107));
#3952=VERTEX_POINT('',#3951);
#3953=CARTESIAN_POINT('',(169.133732346,122.261310549,2.000000113));
#3954=DIRECTION('',(0.000070704,-0.000033439,0.999999997));
#3955=DIRECTION('',(0.707106656,0.707106906,-0.00002635));
#3956=AXIS2_PLACEMENT_3D('',#3953,#3954,#3955);
#3957=CIRCLE('',#3956,43.887301629);
#3958=EDGE_CURVE('',#3952,#3944,#3957,.T.);
#3959=ORIENTED_EDGE('',*,*,#3958,.F.);
#3960=CARTESIAN_POINT('',(159.133724398,168.069812927,2.002238955));
#3961=DIRECTION('',(0.000000174,-0.999999999,-0.000033439));
#3962=VECTOR('',#3961,3.075668499);
#3963=LINE('',#3960,#3962);
#3964=EDGE_CURVE('',#3935,#3952,#3963,.T.);
#3965=ORIENTED_EDGE('',*,*,#3964,.F.);
#3966=EDGE_LOOP('',(#3942,#3950,#3959,#3965));
#3967=FACE_BOUND('',#3966,.T.);
#3968=ADVANCED_FACE('',(#2687,#2941,#2952,#3006,#3017,#3028,#3039,#3050,#3061,#3072,#3083,#3094,#3121,#3148,#3175,#3211,#3247,#3283,#3319,#3373,#3409,#3445,#3481,#3535,#3571,#3607,
#3643,#3697,#3733,#3769,#3805,#3859,#3895,#3931,#3967),#2683,.F.);
#3969=CARTESIAN_POINT('',(132.600408488,46.832140192,4.400060862));
#3970=DIRECTION('',(-0.378240438,-0.92570739,-0.000004212));
#3971=DIRECTION('',(0.000070704,-0.000033439,0.999999997));
#3972=AXIS2_PLACEMENT_3D('',#3969,#3970,#3971);
#3973=PLANE('',#3972);
#3974=ORIENTED_EDGE('',*,*,#1100,.F.);
#3975=ORIENTED_EDGE('',*,*,#2595,.F.);
#3976=CARTESIAN_POINT('',(135.28495965,45.735243049,4.39614886));
#3977=VERTEX_POINT('',#3976);
#3978=CARTESIAN_POINT('',(132.600408228,46.832140315,4.396375347));
#3979=DIRECTION('',(0.925707387,-0.378240436,-0.000078099));
#3980=VECTOR('',#3979,2.9);
#3981=LINE('',#3978,#3980);
#3982=EDGE_CURVE('',#2584,#3977,#3981,.T.);
#3983=ORIENTED_EDGE('',*,*,#3982,.T.);
#3984=CARTESIAN_POINT('',(135.28495965,45.735243049,4.39614886));
#3985=DIRECTION('',(0.000070704,-0.000033439,0.999999997));
#3986=VECTOR('',#3985,35.003685514);
#3987=LINE('',#3984,#3986);
#3988=EDGE_CURVE('',#3977,#1095,#3987,.T.);
#3989=ORIENTED_EDGE('',*,*,#3988,.T.);
#3990=EDGE_LOOP('',(#3974,#3975,#3983,#3989));
#3991=FACE_BOUND('',#3990,.T.);
#3992=ADVANCED_FACE('',(#3991),#3973,.T.);
#3993=CARTESIAN_POINT('',(135.28495991,45.735242926,4.399834374));
#3994=DIRECTION('',(-0.990806332,-0.135287868,0.00006553));
#3995=DIRECTION('',(-0.135287866,0.990806334,0.000042697));
#3996=AXIS2_PLACEMENT_3D('',#3993,#3994,#3995);
#3997=PLANE('',#3996);
#3998=ORIENTED_EDGE('',*,*,#1108,.F.);
#3999=ORIENTED_EDGE('',*,*,#3988,.F.);
#4000=CARTESIAN_POINT('',(135.28495965,45.735243049,4.39614886));
#4001=DIRECTION('',(0.135287866,-0.990806334,-0.000042697));
#4002=VECTOR('',#4001,2.9);
#4003=LINE('',#4000,#4002);
#4004=EDGE_CURVE('',#3977,#2614,#4003,.T.);
#4005=ORIENTED_EDGE('',*,*,#4004,.T.);
#4006=ORIENTED_EDGE('',*,*,#2619,.T.);
#4007=EDGE_LOOP('',(#3998,#3999,#4005,#4006));
#4008=FACE_BOUND('',#4007,.T.);
#4009=ADVANCED_FACE('',(#4008),#3997,.T.);
#4010=CARTESIAN_POINT('',(136.805172512,39.699207938,4.395839535));
#4011=DIRECTION('',(-0.000070704,0.000033439,-0.999999997));
#4012=DIRECTION('',(-0.925707387,0.378240436,0.000078099));
#4013=AXIS2_PLACEMENT_3D('',#4010,#4011,#4012);
#4014=PLANE('',#4013);
#4015=CARTESIAN_POINT('',(131.816008957,45.065520224,4.396371733));
#4016=VERTEX_POINT('',#4015);
#4017=CARTESIAN_POINT('',(134.149469031,45.065528338,4.396206749));
#4018=VERTEX_POINT('',#4017);
#4019=CARTESIAN_POINT('',(132.982743048,43.898801944,4.396250226));
#4020=DIRECTION('',(-0.000070704,0.000033439,-0.999999997));
#4021=DIRECTION('',(-0.70711157,0.707101988,0.00007364));
#4022=AXIS2_PLACEMENT_3D('',#4019,#4020,#4021);
#4023=CIRCLE('',#4022,1.65);
#4024=EDGE_CURVE('',#4016,#4018,#4023,.T.);
#4025=ORIENTED_EDGE('',*,*,#4024,.T.);
#4026=CARTESIAN_POINT('',(132.982743048,43.898801944,4.396250226));
#4027=DIRECTION('',(-0.000070704,0.000033439,-0.999999997));
#4028=DIRECTION('',(-0.70711157,0.707101988,0.00007364));
#4029=AXIS2_PLACEMENT_3D('',#4026,#4027,#4028);
#4030=CIRCLE('',#4029,1.65);
#4031=EDGE_CURVE('',#4018,#4016,#4030,.T.);
#4032=ORIENTED_EDGE('',*,*,#4031,.T.);
#4033=EDGE_LOOP('',(#4025,#4032));
#4034=FACE_BOUND('',#4033,.T.);
#4035=ORIENTED_EDGE('',*,*,#2656,.F.);
#4036=ORIENTED_EDGE('',*,*,#2673,.F.);
#4037=ORIENTED_EDGE('',*,*,#2627,.F.);
#4038=ORIENTED_EDGE('',*,*,#4004,.F.);
#4039=ORIENTED_EDGE('',*,*,#3982,.F.);
#4040=ORIENTED_EDGE('',*,*,#2589,.F.);
#4041=EDGE_LOOP('',(#4035,#4036,#4037,#4038,#4039,#4040));
#4042=FACE_BOUND('',#4041,.T.);
#4043=ADVANCED_FACE('',(#4034,#4042),#4014,.F.);
#4044=CARTESIAN_POINT('',(247.496330044,87.420071684,4.39329453));
#4045=DIRECTION('',(-0.000070704,0.000033439,-0.999999997));
#4046=DIRECTION('',(0.707106656,0.707106906,-0.00002635));
#4047=AXIS2_PLACEMENT_3D('',#4044,#4045,#4046);
#4048=CYLINDRICAL_SURFACE('',#4047,1.65);
#4049=CARTESIAN_POINT('',(248.663056027,88.586798078,4.393251053));
#4050=VERTEX_POINT('',#4049);
#4051=CARTESIAN_POINT('',(248.662886338,88.586878332,1.99325106));
#4052=DIRECTION('',(0.000070704,-0.000033439,0.999999997));
#4053=VECTOR('',#4052,2.4);
#4054=LINE('',#4051,#4053);
#4055=EDGE_CURVE('',#3052,#4050,#4054,.T.);
#4056=ORIENTED_EDGE('',*,*,#4055,.F.);
#4057=ORIENTED_EDGE('',*,*,#3058,.T.);
#4058=ORIENTED_EDGE('',*,*,#4055,.T.);
#4059=CARTESIAN_POINT('',(247.496330044,87.420071684,4.39329453));
#4060=DIRECTION('',(-0.000070704,0.000033439,-0.999999997));
#4061=DIRECTION('',(0.707106656,0.707106906,-0.00002635));
#4062=AXIS2_PLACEMENT_3D('',#4059,#4060,#4061);
#4063=CIRCLE('',#4062,1.65);
#4064=EDGE_CURVE('',#4050,#4050,#4063,.T.);
#4065=ORIENTED_EDGE('',*,*,#4064,.F.);
#4066=EDGE_LOOP('',(#4056,#4057,#4058,#4065));
#4067=FACE_BOUND('',#4066,.T.);
#4068=ADVANCED_FACE('',(#4067),#4048,.F.);
#4069=CARTESIAN_POINT('',(247.496317915,157.102416556,4.39562466));
#4070=DIRECTION('',(-0.000070704,0.000033439,-0.999999997));
#4071=DIRECTION('',(0.707106656,0.707106906,-0.00002635));
#4072=AXIS2_PLACEMENT_3D('',#4069,#4070,#4071);
#4073=CYLINDRICAL_SURFACE('',#4072,1.65);
#4074=CARTESIAN_POINT('',(248.663043898,158.26914295,4.395581183));
#4075=VERTEX_POINT('',#4074);
#4076=CARTESIAN_POINT('',(248.662874209,158.269223204,1.99558119));
#4077=DIRECTION('',(0.000070704,-0.000033439,0.999999997));
#4078=VECTOR('',#4077,2.4);
#4079=LINE('',#4076,#4078);
#4080=EDGE_CURVE('',#3019,#4075,#4079,.T.);
#4081=ORIENTED_EDGE('',*,*,#4080,.F.);
#4082=ORIENTED_EDGE('',*,*,#3025,.T.);
#4083=ORIENTED_EDGE('',*,*,#4080,.T.);
#4084=CARTESIAN_POINT('',(247.496317915,157.102416556,4.39562466));
#4085=DIRECTION('',(-0.000070704,0.000033439,-0.999999997));
#4086=DIRECTION('',(0.707106656,0.707106906,-0.00002635));
#4087=AXIS2_PLACEMENT_3D('',#4084,#4085,#4086);
#4088=CIRCLE('',#4087,1.65);
#4089=EDGE_CURVE('',#4075,#4075,#4088,.T.);
#4090=ORIENTED_EDGE('',*,*,#4089,.F.);
#4091=EDGE_LOOP('',(#4081,#4082,#4083,#4090));
#4092=FACE_BOUND('',#4091,.T.);
#4093=ADVANCED_FACE('',(#4092),#4073,.F.);
#4094=CARTESIAN_POINT('',(90.771474025,157.102388906,4.406705682));
#4095=DIRECTION('',(-0.000070704,0.000033439,-0.999999997));
#4096=DIRECTION('',(0.707106656,0.707106906,-0.00002635));
#4097=AXIS2_PLACEMENT_3D('',#4094,#4095,#4096);
#4098=CYLINDRICAL_SURFACE('',#4097,1.65);
#4099=CARTESIAN_POINT('',(91.938200008,158.2691153,4.406662204));
#4100=VERTEX_POINT('',#4099);
#4101=CARTESIAN_POINT('',(91.93803032,158.269195555,2.006662212));
#4102=DIRECTION('',(0.000070704,-0.000033439,0.999999997));
#4103=VECTOR('',#4102,2.4);
#4104=LINE('',#4101,#4103);
#4105=EDGE_CURVE('',#3008,#4100,#4104,.T.);
#4106=ORIENTED_EDGE('',*,*,#4105,.F.);
#4107=ORIENTED_EDGE('',*,*,#3014,.T.);
#4108=ORIENTED_EDGE('',*,*,#4105,.T.);
#4109=CARTESIAN_POINT('',(90.771474025,157.102388906,4.406705682));
#4110=DIRECTION('',(-0.000070704,0.000033439,-0.999999997));
#4111=DIRECTION('',(0.707106656,0.707106906,-0.00002635));
#4112=AXIS2_PLACEMENT_3D('',#4109,#4110,#4111);
#4113=CIRCLE('',#4112,1.65);
#4114=EDGE_CURVE('',#4100,#4100,#4113,.T.);
#4115=ORIENTED_EDGE('',*,*,#4114,.F.);
#4116=EDGE_LOOP('',(#4106,#4107,#4108,#4115));
#4117=FACE_BOUND('',#4116,.T.);
#4118=ADVANCED_FACE('',(#4117),#4098,.F.);
#4119=CARTESIAN_POINT('',(132.982743309,43.89880182,4.39993574));
#4120=DIRECTION('',(-0.000070704,0.000033439,-0.999999997));
#4121=DIRECTION('',(0.707106656,0.707106906,-0.00002635));
#4122=AXIS2_PLACEMENT_3D('',#4119,#4120,#4121);
#4123=CYLINDRICAL_SURFACE('',#4122,1.65);
#4124=CARTESIAN_POINT('',(134.149299603,45.065608469,1.99989227));
#4125=DIRECTION('',(0.000070704,-0.000033439,0.999999997));
#4126=VECTOR('',#4125,2.396314486);
#4127=LINE('',#4124,#4126);
#4128=EDGE_CURVE('',#2943,#4018,#4127,.T.);
#4129=ORIENTED_EDGE('',*,*,#4128,.F.);
#4130=ORIENTED_EDGE('',*,*,#2949,.T.);
#4131=ORIENTED_EDGE('',*,*,#4128,.T.);
#4132=ORIENTED_EDGE('',*,*,#4024,.F.);
#4133=ORIENTED_EDGE('',*,*,#4031,.F.);
#4134=EDGE_LOOP('',(#4129,#4130,#4131,#4132,#4133));
#4135=FACE_BOUND('',#4134,.T.);
#4136=ADVANCED_FACE('',(#4135),#4123,.F.);
#4137=CARTESIAN_POINT('',(169.133902035,122.261230295,4.400000106));
#4138=DIRECTION('',(-0.000070704,0.000033439,-0.999999997));
#4139=DIRECTION('',(0.707106656,0.707106906,-0.00002635));
#4140=AXIS2_PLACEMENT_3D('',#4137,#4138,#4139);
#4141=CYLINDRICAL_SURFACE('',#4140,46.887301629);
#4142=CARTESIAN_POINT('',(202.288225114,155.415565059,4.398764631));
#4143=VERTEX_POINT('',#4142);
#4144=CARTESIAN_POINT('',(202.288055426,155.415645314,1.998764639));
#4145=DIRECTION('',(0.000070704,-0.000033439,0.999999997));
#4146=VECTOR('',#4145,2.4);
#4147=LINE('',#4144,#4146);
#4148=EDGE_CURVE('',#2954,#4143,#4147,.T.);
#4149=ORIENTED_EDGE('',*,*,#4148,.F.);
#4150=ORIENTED_EDGE('',*,*,#2962,.T.);
#4151=CARTESIAN_POINT('',(214.95524675,132.202226931,4.397092788));
#4152=VERTEX_POINT('',#4151);
#4153=CARTESIAN_POINT('',(214.95524675,132.202226931,4.397092788));
#4154=DIRECTION('',(-0.000070704,0.000033439,-0.999999997));
#4155=VECTOR('',#4154,2.4);
#4156=LINE('',#4153,#4155);
#4157=EDGE_CURVE('',#4152,#2956,#4156,.T.);
#4158=ORIENTED_EDGE('',*,*,#4157,.F.);
#4159=CARTESIAN_POINT('',(169.133902035,122.261230295,4.400000106));
#4160=DIRECTION('',(-0.000070704,0.000033439,-0.999999997));
#4161=DIRECTION('',(0.707106656,0.707106906,-0.00002635));
#4162=AXIS2_PLACEMENT_3D('',#4159,#4160,#4161);
#4163=CIRCLE('',#4162,46.887301629);
#4164=EDGE_CURVE('',#4143,#4152,#4163,.T.);
#4165=ORIENTED_EDGE('',*,*,#4164,.F.);
#4166=EDGE_LOOP('',(#4149,#4150,#4158,#4165));
#4167=FACE_BOUND('',#4166,.T.);
#4168=ADVANCED_FACE('',(#4167),#4141,.F.);
#4169=CARTESIAN_POINT('',(179.133894572,164.994067704,4.400722026));
#4170=DIRECTION('',(-0.999999998,-0.000000176,0.000070704));
#4171=DIRECTION('',(0.000000174,-0.999999999,-0.000033439));
#4172=AXIS2_PLACEMENT_3D('',#4169,#4170,#4171);
#4173=PLANE('',#4172);
#4174=ORIENTED_EDGE('',*,*,#2979,.T.);
#4175=CARTESIAN_POINT('',(179.133894036,168.069736201,4.400824874));
#4176=VERTEX_POINT('',#4175);
#4177=CARTESIAN_POINT('',(179.133894036,168.069736201,4.400824874));
#4178=DIRECTION('',(-0.000070704,0.000033439,-0.999999997));
#4179=VECTOR('',#4178,2.4);
#4180=LINE('',#4177,#4179);
#4181=EDGE_CURVE('',#4176,#2965,#4180,.T.);
#4182=ORIENTED_EDGE('',*,*,#4181,.F.);
#4183=CARTESIAN_POINT('',(179.133894572,164.994067704,4.400722026));
#4184=VERTEX_POINT('',#4183);
#4185=CARTESIAN_POINT('',(179.133894572,164.994067704,4.400722026));
#4186=DIRECTION('',(-0.000000174,0.999999999,0.000033439));
#4187=VECTOR('',#4186,3.075668499);
#4188=LINE('',#4185,#4187);
#4189=EDGE_CURVE('',#4184,#4176,#4188,.T.);
#4190=ORIENTED_EDGE('',*,*,#4189,.F.);
#4191=CARTESIAN_POINT('',(179.133894572,164.994067704,4.400722026));
#4192=DIRECTION('',(-0.000070704,0.000033439,-0.999999997));
#4193=VECTOR('',#4192,2.4);
#4194=LINE('',#4191,#4193);
#4195=EDGE_CURVE('',#4184,#2974,#4194,.T.);
#4196=ORIENTED_EDGE('',*,*,#4195,.T.);
#4197=EDGE_LOOP('',(#4174,#4182,#4190,#4196));
#4198=FACE_BOUND('',#4197,.T.);
#4199=ADVANCED_FACE('',(#4198),#4173,.F.);
#4200=CARTESIAN_POINT('',(169.133902035,122.261230295,4.400000106));
#4201=DIRECTION('',(-0.000070704,0.000033439,-0.999999997));
#4202=DIRECTION('',(0.707106656,0.707106906,-0.00002635));
#4203=AXIS2_PLACEMENT_3D('',#4200,#4201,#4202);
#4204=CYLINDRICAL_SURFACE('',#4203,43.887301629);
#4205=CARTESIAN_POINT('',(200.166905145,153.294244343,4.398843681));
#4206=VERTEX_POINT('',#4205);
#4207=CARTESIAN_POINT('',(200.166735457,153.294324597,1.998843688));
#4208=DIRECTION('',(0.000070704,-0.000033439,0.999999997));
#4209=VECTOR('',#4208,2.4);
#4210=LINE('',#4207,#4209);
#4211=EDGE_CURVE('',#2982,#4206,#4210,.T.);
#4212=ORIENTED_EDGE('',*,*,#4211,.T.);
#4213=CARTESIAN_POINT('',(211.880190413,132.203567393,4.397310251));
#4214=VERTEX_POINT('',#4213);
#4215=CARTESIAN_POINT('',(169.133902035,122.261230295,4.400000106));
#4216=DIRECTION('',(0.000070704,-0.000033439,0.999999997));
#4217=DIRECTION('',(0.707106656,0.707106906,-0.00002635));
#4218=AXIS2_PLACEMENT_3D('',#4215,#4216,#4217);
#4219=CIRCLE('',#4218,43.887301629);
#4220=EDGE_CURVE('',#4214,#4206,#4219,.T.);
#4221=ORIENTED_EDGE('',*,*,#4220,.F.);
#4222=CARTESIAN_POINT('',(211.880190413,132.203567393,4.397310251));
#4223=DIRECTION('',(-0.000070704,0.000033439,-0.999999997));
#4224=VECTOR('',#4223,2.4);
#4225=LINE('',#4222,#4224);
#4226=EDGE_CURVE('',#4214,#2991,#4225,.T.);
#4227=ORIENTED_EDGE('',*,*,#4226,.T.);
#4228=ORIENTED_EDGE('',*,*,#2997,.T.);
#4229=EDGE_LOOP('',(#4212,#4221,#4227,#4228));
#4230=FACE_BOUND('',#4229,.T.);
#4231=ADVANCED_FACE('',(#4230),#4204,.T.);
#4232=CARTESIAN_POINT('',(214.95524675,132.202226931,4.397092788));
#4233=DIRECTION('',(-0.000435917,-0.999999904,-0.000033408));
#4234=DIRECTION('',(0.999999902,-0.000435914,-0.000070718));
#4235=AXIS2_PLACEMENT_3D('',#4232,#4233,#4234);
#4236=PLANE('',#4235);
#4237=ORIENTED_EDGE('',*,*,#3003,.T.);
#4238=ORIENTED_EDGE('',*,*,#4226,.F.);
#4239=CARTESIAN_POINT('',(214.95524675,132.202226931,4.397092788));
#4240=DIRECTION('',(-0.999999902,0.000435914,0.000070718));
#4241=VECTOR('',#4240,3.075056637);
#4242=LINE('',#4239,#4241);
#4243=EDGE_CURVE('',#4152,#4214,#4242,.T.);
#4244=ORIENTED_EDGE('',*,*,#4243,.F.);
#4245=ORIENTED_EDGE('',*,*,#4157,.T.);
#4246=EDGE_LOOP('',(#4237,#4238,#4244,#4245));
#4247=FACE_BOUND('',#4246,.T.);
#4248=ADVANCED_FACE('',(#4247),#4236,.F.);
#4249=CARTESIAN_POINT('',(202.843470961,193.490498685,39.39999868));
#4250=DIRECTION('',(-0.707106902,0.707106656,0.00007364));
#4251=DIRECTION('',(-0.707106656,-0.707106906,0.00002635));
#4252=AXIS2_PLACEMENT_3D('',#4249,#4250,#4251);
#4253=PLANE('',#4252);
#4254=ORIENTED_EDGE('',*,*,#2848,.T.);
#4255=CARTESIAN_POINT('',(209.848156184,200.495186376,39.399737655));
#4256=VERTEX_POINT('',#4255);
#4257=CARTESIAN_POINT('',(209.845511866,200.496437006,1.999737769));
#4258=DIRECTION('',(0.000070704,-0.000033439,0.999999997));
#4259=VECTOR('',#4258,37.4);
#4260=LINE('',#4257,#4259);
#4261=EDGE_CURVE('',#2834,#4256,#4260,.T.);
#4262=ORIENTED_EDGE('',*,*,#4261,.T.);
#4263=CARTESIAN_POINT('',(202.136364305,192.783391779,39.40002503));
#4264=VERTEX_POINT('',#4263);
#4265=CARTESIAN_POINT('',(202.136364305,192.783391779,39.40002503));
#4266=DIRECTION('',(0.707106656,0.707106906,-0.00002635));
#4267=VECTOR('',#4266,10.90612259);
#4268=LINE('',#4265,#4267);
#4269=EDGE_CURVE('',#4264,#4256,#4268,.T.);
#4270=ORIENTED_EDGE('',*,*,#4269,.F.);
#4271=CARTESIAN_POINT('',(202.136364305,192.783391779,39.40002503));
#4272=DIRECTION('',(-0.000070704,0.000033439,-0.999999997));
#4273=VECTOR('',#4272,37.4);
#4274=LINE('',#4271,#4273);
#4275=EDGE_CURVE('',#4264,#2843,#4274,.T.);
#4276=ORIENTED_EDGE('',*,*,#4275,.T.);
#4277=EDGE_LOOP('',(#4254,#4262,#4270,#4276));
#4278=FACE_BOUND('',#4277,.T.);
#4279=ADVANCED_FACE('',(#4278),#4253,.F.);
#4280=CARTESIAN_POINT('',(127.680985268,201.238756392,39.40557204));
#4281=DIRECTION('',(0.707106656,0.707106906,-0.00002635));
#4282=DIRECTION('',(-0.707106902,0.707106656,0.00007364));
#4283=AXIS2_PLACEMENT_3D('',#4280,#4281,#4282);
#4284=PLANE('',#4283);
#4285=CARTESIAN_POINT('',(128.424569908,200.495172011,39.405494601));
#4286=VERTEX_POINT('',#4285);
#4287=CARTESIAN_POINT('',(136.13636447,192.783380137,39.404691472));
#4288=VERTEX_POINT('',#4287);
#4289=CARTESIAN_POINT('',(128.424569908,200.495172011,39.405494601));
#4290=DIRECTION('',(0.707106902,-0.707106656,-0.00007364));
#4291=VECTOR('',#4290,10.906122588);
#4292=LINE('',#4289,#4291);
#4293=EDGE_CURVE('',#4286,#4288,#4292,.T.);
#4294=ORIENTED_EDGE('',*,*,#4293,.F.);
#4295=CARTESIAN_POINT('',(128.424569908,200.495172011,39.405494601));
#4296=DIRECTION('',(-0.000070704,0.000033439,-0.999999997));
#4297=VECTOR('',#4296,37.4);
#4298=LINE('',#4295,#4297);
#4299=EDGE_CURVE('',#4286,#2799,#4298,.T.);
#4300=ORIENTED_EDGE('',*,*,#4299,.T.);
#4301=ORIENTED_EDGE('',*,*,#2804,.T.);
#4302=CARTESIAN_POINT('',(136.13636447,192.783380137,39.404691472));
#4303=DIRECTION('',(-0.000070704,0.000033439,-0.999999997));
#4304=VECTOR('',#4303,37.4);
#4305=LINE('',#4302,#4304);
#4306=EDGE_CURVE('',#4288,#2791,#4305,.T.);
#4307=ORIENTED_EDGE('',*,*,#4306,.F.);
#4308=EDGE_LOOP('',(#4294,#4300,#4301,#4307));
#4309=FACE_BOUND('',#4308,.T.);
#4310=ADVANCED_FACE('',(#4309),#4284,.F.);
#4311=CARTESIAN_POINT('',(138.536365942,184.29104282,39.404237805));
#4312=DIRECTION('',(-0.999999998,-0.000000176,0.000070704));
#4313=DIRECTION('',(0.000000174,-0.999999999,-0.000033439));
#4314=AXIS2_PLACEMENT_3D('',#4311,#4312,#4313);
#4315=PLANE('',#4314);
#4316=CARTESIAN_POINT('',(138.533890944,186.413521632,4.404308847));
#4317=VERTEX_POINT('',#4316);
#4318=CARTESIAN_POINT('',(138.533887824,204.3428915,4.404908393));
#4319=VERTEX_POINT('',#4318);
#4320=CARTESIAN_POINT('',(138.533890944,186.413521632,4.404308847));
#4321=DIRECTION('',(-0.000000174,0.999999999,0.000033439));
#4322=VECTOR('',#4321,17.929369878);
#4323=LINE('',#4320,#4322);
#4324=EDGE_CURVE('',#4317,#4319,#4323,.T.);
#4325=ORIENTED_EDGE('',*,*,#4324,.T.);
#4326=CARTESIAN_POINT('',(138.536362452,204.341721124,39.404908286));
#4327=VERTEX_POINT('',#4326);
#4328=CARTESIAN_POINT('',(138.536362452,204.341721124,39.404908286));
#4329=DIRECTION('',(-0.000070704,0.000033439,-0.999999997));
#4330=VECTOR('',#4329,35.);
#4331=LINE('',#4328,#4330);
#4332=EDGE_CURVE('',#4327,#4319,#4331,.T.);
#4333=ORIENTED_EDGE('',*,*,#4332,.F.);
#4334=CARTESIAN_POINT('',(138.536365573,186.412351256,39.40430874));
#4335=VERTEX_POINT('',#4334);
#4336=CARTESIAN_POINT('',(138.536365573,186.412351256,39.40430874));
#4337=DIRECTION('',(-0.000000174,0.999999999,0.000033439));
#4338=VECTOR('',#4337,17.929369878);
#4339=LINE('',#4336,#4338);
#4340=EDGE_CURVE('',#4335,#4327,#4339,.T.);
#4341=ORIENTED_EDGE('',*,*,#4340,.F.);
#4342=CARTESIAN_POINT('',(138.536365573,186.412351256,39.40430874));
#4343=DIRECTION('',(-0.000070704,0.000033439,-0.999999997));
#4344=VECTOR('',#4343,35.);
#4345=LINE('',#4342,#4344);
#4346=EDGE_CURVE('',#4335,#4317,#4345,.T.);
#4347=ORIENTED_EDGE('',*,*,#4346,.T.);
#4348=EDGE_LOOP('',(#4325,#4333,#4341,#4347));
#4349=FACE_BOUND('',#4348,.T.);
#4350=ADVANCED_FACE('',(#4349),#4315,.F.);
#4351=CARTESIAN_POINT('',(169.136376663,122.260059919,39.399999999));
#4352=DIRECTION('',(-0.000070704,0.000033439,-0.999999997));
#4353=DIRECTION('',(0.707106902,-0.707106656,-0.00007364));
#4354=AXIS2_PLACEMENT_3D('',#4351,#4352,#4353);
#4355=CYLINDRICAL_SURFACE('',#4354,87.6);
#4356=CARTESIAN_POINT('',(145.134240948,206.509263545,9.404514181));
#4357=VERTEX_POINT('',#4356);
#4358=CARTESIAN_POINT('',(145.13600854,206.508427563,34.404514105));
#4359=VERTEX_POINT('',#4358);
#4360=CARTESIAN_POINT('',(145.134240948,206.509263545,9.404514181));
#4361=DIRECTION('',(0.000070704,-0.000033439,0.999999997));
#4362=VECTOR('',#4361,25.);
#4363=LINE('',#4360,#4362);
#4364=EDGE_CURVE('',#4357,#4359,#4363,.T.);
#4365=ORIENTED_EDGE('',*,*,#4364,.F.);
#4366=CARTESIAN_POINT('',(143.134241057,205.913673486,9.404635672));
#4367=VERTEX_POINT('',#4366);
#4368=CARTESIAN_POINT('',(169.134255553,122.261063098,9.400000091));
#4369=DIRECTION('',(0.000070704,-0.000033439,0.999999997));
#4370=DIRECTION('',(0.707106656,0.707106906,-0.00002635));
#4371=AXIS2_PLACEMENT_3D('',#4368,#4369,#4370);
#4372=CIRCLE('',#4371,87.6);
#4373=EDGE_CURVE('',#4357,#4367,#4372,.T.);
#4374=ORIENTED_EDGE('',*,*,#4373,.T.);
#4375=CARTESIAN_POINT('',(143.136008649,205.912837503,34.404635596));
#4376=VERTEX_POINT('',#4375);
#4377=CARTESIAN_POINT('',(143.136008649,205.912837503,34.404635596));
#4378=DIRECTION('',(-0.000070704,0.000033439,-0.999999997));
#4379=VECTOR('',#4378,25.);
#4380=LINE('',#4377,#4379);
#4381=EDGE_CURVE('',#4376,#4367,#4380,.T.);
#4382=ORIENTED_EDGE('',*,*,#4381,.F.);
#4383=CARTESIAN_POINT('',(169.136023144,122.260227115,34.400000014));
#4384=DIRECTION('',(0.000070704,-0.000033439,0.999999997));
#4385=DIRECTION('',(0.707106656,0.707106906,-0.00002635));
#4386=AXIS2_PLACEMENT_3D('',#4383,#4384,#4385);
#4387=CIRCLE('',#4386,87.6);
#4388=EDGE_CURVE('',#4359,#4376,#4387,.T.);
#4389=ORIENTED_EDGE('',*,*,#4388,.F.);
#4390=EDGE_LOOP('',(#4365,#4374,#4382,#4389));
#4391=FACE_BOUND('',#4390,.T.);
#4392=CARTESIAN_POINT('',(150.134240715,207.775736801,9.404203013));
#4393=VERTEX_POINT('',#4392);
#4394=CARTESIAN_POINT('',(150.136008307,207.774900818,34.404202936));
#4395=VERTEX_POINT('',#4394);
#4396=CARTESIAN_POINT('',(150.134240715,207.775736801,9.404203013));
#4397=DIRECTION('',(0.000070704,-0.000033439,0.999999997));
#4398=VECTOR('',#4397,25.);
#4399=LINE('',#4396,#4398);
#4400=EDGE_CURVE('',#4393,#4395,#4399,.T.);
#4401=ORIENTED_EDGE('',*,*,#4400,.F.);
#4402=CARTESIAN_POINT('',(148.134240802,207.306694154,9.404328736));
#4403=VERTEX_POINT('',#4402);
#4404=CARTESIAN_POINT('',(169.134255553,122.261063098,9.400000091));
#4405=DIRECTION('',(0.000070704,-0.000033439,0.999999997));
#4406=DIRECTION('',(0.707106656,0.707106906,-0.00002635));
#4407=AXIS2_PLACEMENT_3D('',#4404,#4405,#4406);
#4408=CIRCLE('',#4407,87.6);
#4409=EDGE_CURVE('',#4393,#4403,#4408,.T.);
#4410=ORIENTED_EDGE('',*,*,#4409,.T.);
#4411=CARTESIAN_POINT('',(148.136008394,207.305858171,34.404328659));
#4412=VERTEX_POINT('',#4411);
#4413=CARTESIAN_POINT('',(148.136008394,207.305858171,34.404328659));
#4414=DIRECTION('',(-0.000070704,0.000033439,-0.999999997));
#4415=VECTOR('',#4414,25.);
#4416=LINE('',#4413,#4415);
#4417=EDGE_CURVE('',#4412,#4403,#4416,.T.);
#4418=ORIENTED_EDGE('',*,*,#4417,.F.);
#4419=CARTESIAN_POINT('',(169.136023144,122.260227115,34.400000014));
#4420=DIRECTION('',(0.000070704,-0.000033439,0.999999997));
#4421=DIRECTION('',(0.707106656,0.707106906,-0.00002635));
#4422=AXIS2_PLACEMENT_3D('',#4419,#4420,#4421);
#4423=CIRCLE('',#4422,87.6);
#4424=EDGE_CURVE('',#4395,#4412,#4423,.T.);
#4425=ORIENTED_EDGE('',*,*,#4424,.F.);
#4426=EDGE_LOOP('',(#4401,#4410,#4418,#4425));
#4427=FACE_BOUND('',#4426,.T.);
#4428=CARTESIAN_POINT('',(155.134240536,208.735102928,9.403881575));
#4429=VERTEX_POINT('',#4428);
#4430=CARTESIAN_POINT('',(155.136008128,208.734266945,34.403881499));
#4431=VERTEX_POINT('',#4430);
#4432=CARTESIAN_POINT('',(155.134240536,208.735102928,9.403881575));
#4433=DIRECTION('',(0.000070704,-0.000033439,0.999999997));
#4434=VECTOR('',#4433,25.);
#4435=LINE('',#4432,#4434);
#4436=EDGE_CURVE('',#4429,#4431,#4435,.T.);
#4437=ORIENTED_EDGE('',*,*,#4436,.F.);
#4438=CARTESIAN_POINT('',(153.134240601,208.387478938,9.404011358));
#4439=VERTEX_POINT('',#4438);
#4440=CARTESIAN_POINT('',(169.134255553,122.261063098,9.400000091));
#4441=DIRECTION('',(0.000070704,-0.000033439,0.999999997));
#4442=DIRECTION('',(0.707106656,0.707106906,-0.00002635));
#4443=AXIS2_PLACEMENT_3D('',#4440,#4441,#4442);
#4444=CIRCLE('',#4443,87.6);
#4445=EDGE_CURVE('',#4429,#4439,#4444,.T.);
#4446=ORIENTED_EDGE('',*,*,#4445,.T.);
#4447=CARTESIAN_POINT('',(153.136008193,208.386642955,34.404011282));
#4448=VERTEX_POINT('',#4447);
#4449=CARTESIAN_POINT('',(153.136008193,208.386642955,34.404011282));
#4450=DIRECTION('',(-0.000070704,0.000033439,-0.999999997));
#4451=VECTOR('',#4450,25.);
#4452=LINE('',#4449,#4451);
#4453=EDGE_CURVE('',#4448,#4439,#4452,.T.);
#4454=ORIENTED_EDGE('',*,*,#4453,.F.);
#4455=CARTESIAN_POINT('',(169.136023144,122.260227115,34.400000014));
#4456=DIRECTION('',(0.000070704,-0.000033439,0.999999997));
#4457=DIRECTION('',(0.707106656,0.707106906,-0.00002635));
#4458=AXIS2_PLACEMENT_3D('',#4455,#4456,#4457);
#4459=CIRCLE('',#4458,87.6);
#4460=EDGE_CURVE('',#4431,#4448,#4459,.T.);
#4461=ORIENTED_EDGE('',*,*,#4460,.F.);
#4462=EDGE_LOOP('',(#4437,#4446,#4454,#4461));
#4463=FACE_BOUND('',#4462,.T.);
#4464=CARTESIAN_POINT('',(160.134240408,209.39750619,9.403550207));
#4465=VERTEX_POINT('',#4464);
#4466=CARTESIAN_POINT('',(160.136008,209.396670208,34.40355013));
#4467=VERTEX_POINT('',#4466);
#4468=CARTESIAN_POINT('',(160.134240408,209.39750619,9.403550207));
#4469=DIRECTION('',(0.000070704,-0.000033439,0.999999997));
#4470=VECTOR('',#4469,25.);
#4471=LINE('',#4468,#4470);
#4472=EDGE_CURVE('',#4465,#4467,#4471,.T.);
#4473=ORIENTED_EDGE('',*,*,#4472,.F.);
#4474=CARTESIAN_POINT('',(158.134240453,209.167677658,9.403683929));
#4475=VERTEX_POINT('',#4474);
#4476=CARTESIAN_POINT('',(169.134255553,122.261063098,9.400000091));
#4477=DIRECTION('',(0.000070704,-0.000033439,0.999999997));
#4478=DIRECTION('',(0.707106656,0.707106906,-0.00002635));
#4479=AXIS2_PLACEMENT_3D('',#4476,#4477,#4478);
#4480=CIRCLE('',#4479,87.6);
#4481=EDGE_CURVE('',#4465,#4475,#4480,.T.);
#4482=ORIENTED_EDGE('',*,*,#4481,.T.);
#4483=CARTESIAN_POINT('',(158.136008045,209.166841675,34.403683853));
#4484=VERTEX_POINT('',#4483);
#4485=CARTESIAN_POINT('',(158.136008045,209.166841675,34.403683853));
#4486=DIRECTION('',(-0.000070704,0.000033439,-0.999999997));
#4487=VECTOR('',#4486,25.);
#4488=LINE('',#4485,#4487);
#4489=EDGE_CURVE('',#4484,#4475,#4488,.T.);
#4490=ORIENTED_EDGE('',*,*,#4489,.F.);
#4491=CARTESIAN_POINT('',(169.136023144,122.260227115,34.400000014));
#4492=DIRECTION('',(0.000070704,-0.000033439,0.999999997));
#4493=DIRECTION('',(0.707106656,0.707106906,-0.00002635));
#4494=AXIS2_PLACEMENT_3D('',#4491,#4492,#4493);
#4495=CIRCLE('',#4494,87.6);
#4496=EDGE_CURVE('',#4467,#4484,#4495,.T.);
#4497=ORIENTED_EDGE('',*,*,#4496,.F.);
#4498=EDGE_LOOP('',(#4473,#4482,#4490,#4497));
#4499=FACE_BOUND('',#4498,.T.);
#4500=CARTESIAN_POINT('',(165.134240331,209.769690489,9.403209134));
#4501=VERTEX_POINT('',#4500);
#4502=CARTESIAN_POINT('',(165.136007923,209.768854507,34.403209058));
#4503=VERTEX_POINT('',#4502);
#4504=CARTESIAN_POINT('',(165.134240331,209.769690489,9.403209134));
#4505=DIRECTION('',(0.000070704,-0.000033439,0.999999997));
#4506=VECTOR('',#4505,25.);
#4507=LINE('',#4504,#4506);
#4508=EDGE_CURVE('',#4501,#4503,#4507,.T.);
#4509=ORIENTED_EDGE('',*,*,#4508,.F.);
#4510=CARTESIAN_POINT('',(163.134240356,209.655340979,9.403346718));
#4511=VERTEX_POINT('',#4510);
#4512=CARTESIAN_POINT('',(169.134255553,122.261063098,9.400000091));
#4513=DIRECTION('',(0.000070704,-0.000033439,0.999999997));
#4514=DIRECTION('',(0.707106656,0.707106906,-0.00002635));
#4515=AXIS2_PLACEMENT_3D('',#4512,#4513,#4514);
#4516=CIRCLE('',#4515,87.6);
#4517=EDGE_CURVE('',#4501,#4511,#4516,.T.);
#4518=ORIENTED_EDGE('',*,*,#4517,.T.);
#4519=CARTESIAN_POINT('',(163.136007948,209.654504997,34.403346641));
#4520=VERTEX_POINT('',#4519);
#4521=CARTESIAN_POINT('',(163.136007948,209.654504997,34.403346641));
#4522=DIRECTION('',(-0.000070704,0.000033439,-0.999999997));
#4523=VECTOR('',#4522,25.);
#4524=LINE('',#4521,#4523);
#4525=EDGE_CURVE('',#4520,#4511,#4524,.T.);
#4526=ORIENTED_EDGE('',*,*,#4525,.F.);
#4527=CARTESIAN_POINT('',(169.136023144,122.260227115,34.400000014));
#4528=DIRECTION('',(0.000070704,-0.000033439,0.999999997));
#4529=DIRECTION('',(0.707106656,0.707106906,-0.00002635));
#4530=AXIS2_PLACEMENT_3D('',#4527,#4528,#4529);
#4531=CIRCLE('',#4530,87.6);
#4532=EDGE_CURVE('',#4503,#4520,#4531,.T.);
#4533=ORIENTED_EDGE('',*,*,#4532,.F.);
#4534=EDGE_LOOP('',(#4509,#4518,#4526,#4533));
#4535=FACE_BOUND('',#4534,.T.);
#4536=CARTESIAN_POINT('',(170.134240303,209.855355277,9.40285848));
#4537=VERTEX_POINT('',#4536);
#4538=CARTESIAN_POINT('',(170.136007895,209.854519294,34.402858404));
#4539=VERTEX_POINT('',#4538);
#4540=CARTESIAN_POINT('',(170.134240303,209.855355277,9.40285848));
#4541=DIRECTION('',(0.000070704,-0.000033439,0.999999997));
#4542=VECTOR('',#4541,25.);
#4543=LINE('',#4540,#4542);
#4544=EDGE_CURVE('',#4537,#4539,#4543,.T.);
#4545=ORIENTED_EDGE('',*,*,#4544,.F.);
#4546=CARTESIAN_POINT('',(168.134240308,209.855354924,9.402999888));
#4547=VERTEX_POINT('',#4546);
#4548=CARTESIAN_POINT('',(169.134255553,122.261063098,9.400000091));
#4549=DIRECTION('',(0.000070704,-0.000033439,0.999999997));
#4550=DIRECTION('',(0.707106656,0.707106906,-0.00002635));
#4551=AXIS2_PLACEMENT_3D('',#4548,#4549,#4550);
#4552=CIRCLE('',#4551,87.6);
#4553=EDGE_CURVE('',#4537,#4547,#4552,.T.);
#4554=ORIENTED_EDGE('',*,*,#4553,.T.);
#4555=CARTESIAN_POINT('',(168.1360079,209.854518941,34.402999811));
#4556=VERTEX_POINT('',#4555);
#4557=CARTESIAN_POINT('',(168.1360079,209.854518941,34.402999811));
#4558=DIRECTION('',(-0.000070704,0.000033439,-0.999999997));
#4559=VECTOR('',#4558,25.);
#4560=LINE('',#4557,#4559);
#4561=EDGE_CURVE('',#4556,#4547,#4560,.T.);
#4562=ORIENTED_EDGE('',*,*,#4561,.F.);
#4563=CARTESIAN_POINT('',(169.136023144,122.260227115,34.400000014));
#4564=DIRECTION('',(0.000070704,-0.000033439,0.999999997));
#4565=DIRECTION('',(0.707106656,0.707106906,-0.00002635));
#4566=AXIS2_PLACEMENT_3D('',#4563,#4564,#4565);
#4567=CIRCLE('',#4566,87.6);
#4568=EDGE_CURVE('',#4539,#4556,#4567,.T.);
#4569=ORIENTED_EDGE('',*,*,#4568,.F.);
#4570=EDGE_LOOP('',(#4545,#4554,#4562,#4569));
#4571=FACE_BOUND('',#4570,.T.);
#4572=CARTESIAN_POINT('',(175.134240326,209.655343096,9.402498274));
#4573=VERTEX_POINT('',#4572);
#4574=CARTESIAN_POINT('',(175.136007918,209.654507114,34.402498197));
#4575=VERTEX_POINT('',#4574);
#4576=CARTESIAN_POINT('',(175.134240326,209.655343096,9.402498274));
#4577=DIRECTION('',(0.000070704,-0.000033439,0.999999997));
#4578=VECTOR('',#4577,25.);
#4579=LINE('',#4576,#4578);
#4580=EDGE_CURVE('',#4573,#4575,#4579,.T.);
#4581=ORIENTED_EDGE('',*,*,#4580,.F.);
#4582=CARTESIAN_POINT('',(173.134240311,209.769691901,9.402643505));
#4583=VERTEX_POINT('',#4582);
#4584=CARTESIAN_POINT('',(169.134255553,122.261063098,9.400000091));
#4585=DIRECTION('',(0.000070704,-0.000033439,0.999999997));
#4586=DIRECTION('',(0.707106656,0.707106906,-0.00002635));
#4587=AXIS2_PLACEMENT_3D('',#4584,#4585,#4586);
#4588=CIRCLE('',#4587,87.6);
#4589=EDGE_CURVE('',#4573,#4583,#4588,.T.);
#4590=ORIENTED_EDGE('',*,*,#4589,.T.);
#4591=CARTESIAN_POINT('',(173.136007903,209.768855918,34.402643428));
#4592=VERTEX_POINT('',#4591);
#4593=CARTESIAN_POINT('',(173.136007903,209.768855918,34.402643428));
#4594=DIRECTION('',(-0.000070704,0.000033439,-0.999999997));
#4595=VECTOR('',#4594,25.);
#4596=LINE('',#4593,#4595);
#4597=EDGE_CURVE('',#4592,#4583,#4596,.T.);
#4598=ORIENTED_EDGE('',*,*,#4597,.F.);
#4599=CARTESIAN_POINT('',(169.136023144,122.260227115,34.400000014));
#4600=DIRECTION('',(0.000070704,-0.000033439,0.999999997));
#4601=DIRECTION('',(0.707106656,0.707106906,-0.00002635));
#4602=AXIS2_PLACEMENT_3D('',#4599,#4600,#4601);
#4603=CIRCLE('',#4602,87.6);
#4604=EDGE_CURVE('',#4575,#4592,#4603,.T.);
#4605=ORIENTED_EDGE('',*,*,#4604,.F.);
#4606=EDGE_LOOP('',(#4581,#4590,#4598,#4605));
#4607=FACE_BOUND('',#4606,.T.);
#4608=CARTESIAN_POINT('',(180.134240398,209.167681539,9.402128448));
#4609=VERTEX_POINT('',#4608);
#4610=CARTESIAN_POINT('',(180.13600799,209.166845556,34.402128372));
#4611=VERTEX_POINT('',#4610);
#4612=CARTESIAN_POINT('',(180.134240398,209.167681539,9.402128448));
#4613=DIRECTION('',(0.000070704,-0.000033439,0.999999997));
#4614=VECTOR('',#4613,25.);
#4615=LINE('',#4612,#4614);
#4616=EDGE_CURVE('',#4609,#4611,#4615,.T.);
#4617=ORIENTED_EDGE('',*,*,#4616,.F.);
#4618=CARTESIAN_POINT('',(178.134240363,209.397509366,9.402277541));
#4619=VERTEX_POINT('',#4618);
#4620=CARTESIAN_POINT('',(169.134255553,122.261063098,9.400000091));
#4621=DIRECTION('',(0.000070704,-0.000033439,0.999999997));
#4622=DIRECTION('',(0.707106656,0.707106906,-0.00002635));
#4623=AXIS2_PLACEMENT_3D('',#4620,#4621,#4622);
#4624=CIRCLE('',#4623,87.6);
#4625=EDGE_CURVE('',#4609,#4619,#4624,.T.);
#4626=ORIENTED_EDGE('',*,*,#4625,.T.);
#4627=CARTESIAN_POINT('',(178.136007955,209.396673383,34.402277464));
#4628=VERTEX_POINT('',#4627);
#4629=CARTESIAN_POINT('',(178.136007955,209.396673383,34.402277464));
#4630=DIRECTION('',(-0.000070704,0.000033439,-0.999999997));
#4631=VECTOR('',#4630,25.);
#4632=LINE('',#4629,#4631);
#4633=EDGE_CURVE('',#4628,#4619,#4632,.T.);
#4634=ORIENTED_EDGE('',*,*,#4633,.F.);
#4635=CARTESIAN_POINT('',(169.136023144,122.260227115,34.400000014));
#4636=DIRECTION('',(0.000070704,-0.000033439,0.999999997));
#4637=DIRECTION('',(0.707106656,0.707106906,-0.00002635));
#4638=AXIS2_PLACEMENT_3D('',#4635,#4636,#4637);
#4639=CIRCLE('',#4638,87.6);
#4640=EDGE_CURVE('',#4611,#4628,#4639,.T.);
#4641=ORIENTED_EDGE('',*,*,#4640,.F.);
#4642=EDGE_LOOP('',(#4617,#4626,#4634,#4641));
#4643=FACE_BOUND('',#4642,.T.);
#4644=CARTESIAN_POINT('',(185.134240521,208.387484584,9.401748841));
#4645=VERTEX_POINT('',#4644);
#4646=CARTESIAN_POINT('',(185.136008113,208.386648601,34.401748764));
#4647=VERTEX_POINT('',#4646);
#4648=CARTESIAN_POINT('',(185.134240521,208.387484584,9.401748841));
#4649=DIRECTION('',(0.000070704,-0.000033439,0.999999997));
#4650=VECTOR('',#4649,25.);
#4651=LINE('',#4648,#4650);
#4652=EDGE_CURVE('',#4645,#4647,#4651,.T.);
#4653=ORIENTED_EDGE('',*,*,#4652,.F.);
#4654=CARTESIAN_POINT('',(183.134240466,208.735107867,9.401901872));
#4655=VERTEX_POINT('',#4654);
#4656=CARTESIAN_POINT('',(169.134255553,122.261063098,9.400000091));
#4657=DIRECTION('',(0.000070704,-0.000033439,0.999999997));
#4658=DIRECTION('',(0.707106656,0.707106906,-0.00002635));
#4659=AXIS2_PLACEMENT_3D('',#4656,#4657,#4658);
#4660=CIRCLE('',#4659,87.6);
#4661=EDGE_CURVE('',#4645,#4655,#4660,.T.);
#4662=ORIENTED_EDGE('',*,*,#4661,.T.);
#4663=CARTESIAN_POINT('',(183.136008058,208.734271885,34.401901796));
#4664=VERTEX_POINT('',#4663);
#4665=CARTESIAN_POINT('',(183.136008058,208.734271885,34.401901796));
#4666=DIRECTION('',(-0.000070704,0.000033439,-0.999999997));
#4667=VECTOR('',#4666,25.);
#4668=LINE('',#4665,#4667);
#4669=EDGE_CURVE('',#4664,#4655,#4668,.T.);
#4670=ORIENTED_EDGE('',*,*,#4669,.F.);
#4671=CARTESIAN_POINT('',(169.136023144,122.260227115,34.400000014));
#4672=DIRECTION('',(0.000070704,-0.000033439,0.999999997));
#4673=DIRECTION('',(0.707106656,0.707106906,-0.00002635));
#4674=AXIS2_PLACEMENT_3D('',#4671,#4672,#4673);
#4675=CIRCLE('',#4674,87.6);
#4676=EDGE_CURVE('',#4647,#4664,#4675,.T.);
#4677=ORIENTED_EDGE('',*,*,#4676,.F.);
#4678=EDGE_LOOP('',(#4653,#4662,#4670,#4677));
#4679=FACE_BOUND('',#4678,.T.);
#4680=CARTESIAN_POINT('',(190.134240697,207.306701564,9.401359182));
#4681=VERTEX_POINT('',#4680);
#4682=CARTESIAN_POINT('',(190.136008289,207.305865581,34.401359105));
#4683=VERTEX_POINT('',#4682);
#4684=CARTESIAN_POINT('',(190.134240697,207.306701564,9.401359182));
#4685=DIRECTION('',(0.000070704,-0.000033439,0.999999997));
#4686=VECTOR('',#4685,25.);
#4687=LINE('',#4684,#4686);
#4688=EDGE_CURVE('',#4681,#4683,#4687,.T.);
#4689=ORIENTED_EDGE('',*,*,#4688,.F.);
#4690=CARTESIAN_POINT('',(188.13424062,207.775743505,9.401516273));
#4691=VERTEX_POINT('',#4690);
#4692=CARTESIAN_POINT('',(169.134255553,122.261063098,9.400000091));
#4693=DIRECTION('',(0.000070704,-0.000033439,0.999999997));
#4694=DIRECTION('',(0.707106656,0.707106906,-0.00002635));
#4695=AXIS2_PLACEMENT_3D('',#4692,#4693,#4694);
#4696=CIRCLE('',#4695,87.6);
#4697=EDGE_CURVE('',#4681,#4691,#4696,.T.);
#4698=ORIENTED_EDGE('',*,*,#4697,.T.);
#4699=CARTESIAN_POINT('',(188.136008212,207.774907522,34.401516197));
#4700=VERTEX_POINT('',#4699);
#4701=CARTESIAN_POINT('',(188.136008212,207.774907522,34.401516197));
#4702=DIRECTION('',(-0.000070704,0.000033439,-0.999999997));
#4703=VECTOR('',#4702,25.);
#4704=LINE('',#4701,#4703);
#4705=EDGE_CURVE('',#4700,#4691,#4704,.T.);
#4706=ORIENTED_EDGE('',*,*,#4705,.F.);
#4707=CARTESIAN_POINT('',(169.136023144,122.260227115,34.400000014));
#4708=DIRECTION('',(0.000070704,-0.000033439,0.999999997));
#4709=DIRECTION('',(0.707106656,0.707106906,-0.00002635));
#4710=AXIS2_PLACEMENT_3D('',#4707,#4708,#4709);
#4711=CIRCLE('',#4710,87.6);
#4712=EDGE_CURVE('',#4683,#4700,#4711,.T.);
#4713=ORIENTED_EDGE('',*,*,#4712,.F.);
#4714=EDGE_LOOP('',(#4689,#4698,#4706,#4713));
#4715=FACE_BOUND('',#4714,.T.);
#4716=CARTESIAN_POINT('',(195.134240927,205.91368266,9.400959082));
#4717=VERTEX_POINT('',#4716);
#4718=CARTESIAN_POINT('',(195.136008519,205.912846677,34.400959005));
#4719=VERTEX_POINT('',#4718);
#4720=CARTESIAN_POINT('',(195.134240927,205.91368266,9.400959082));
#4721=DIRECTION('',(0.000070704,-0.000033439,0.999999997));
#4722=VECTOR('',#4721,25.);
#4723=LINE('',#4720,#4722);
#4724=EDGE_CURVE('',#4717,#4719,#4723,.T.);
#4725=ORIENTED_EDGE('',*,*,#4724,.F.);
#4726=CARTESIAN_POINT('',(193.134240828,206.509272014,9.401120405));
#4727=VERTEX_POINT('',#4726);
#4728=CARTESIAN_POINT('',(169.134255553,122.261063098,9.400000091));
#4729=DIRECTION('',(0.000070704,-0.000033439,0.999999997));
#4730=DIRECTION('',(0.707106656,0.707106906,-0.00002635));
#4731=AXIS2_PLACEMENT_3D('',#4728,#4729,#4730);
#4732=CIRCLE('',#4731,87.6);
#4733=EDGE_CURVE('',#4717,#4727,#4732,.T.);
#4734=ORIENTED_EDGE('',*,*,#4733,.T.);
#4735=CARTESIAN_POINT('',(193.13600842,206.508436031,34.401120329));
#4736=VERTEX_POINT('',#4735);
#4737=CARTESIAN_POINT('',(193.13600842,206.508436031,34.401120329));
#4738=DIRECTION('',(-0.000070704,0.000033439,-0.999999997));
#4739=VECTOR('',#4738,25.);
#4740=LINE('',#4737,#4739);
#4741=EDGE_CURVE('',#4736,#4727,#4740,.T.);
#4742=ORIENTED_EDGE('',*,*,#4741,.F.);
#4743=CARTESIAN_POINT('',(169.136023144,122.260227115,34.400000014));
#4744=DIRECTION('',(0.000070704,-0.000033439,0.999999997));
#4745=DIRECTION('',(0.707106656,0.707106906,-0.00002635));
#4746=AXIS2_PLACEMENT_3D('',#4743,#4744,#4745);
#4747=CIRCLE('',#4746,87.6);
#4748=EDGE_CURVE('',#4719,#4736,#4747,.T.);
#4749=ORIENTED_EDGE('',*,*,#4748,.F.);
#4750=EDGE_LOOP('',(#4725,#4734,#4742,#4749));
#4751=FACE_BOUND('',#4750,.T.);
#4752=CARTESIAN_POINT('',(199.733887671,204.342902297,4.400581329));
#4753=VERTEX_POINT('',#4752);
#4754=CARTESIAN_POINT('',(169.133902034,122.261230294,4.400000106));
#4755=DIRECTION('',(-0.000070704,0.000033439,-0.999999997));
#4756=DIRECTION('',(0.707106656,0.707106906,-0.00002635));
#4757=AXIS2_PLACEMENT_3D('',#4754,#4755,#4756);
#4758=CIRCLE('',#4757,87.6);
#4759=EDGE_CURVE('',#4319,#4753,#4758,.T.);
#4760=ORIENTED_EDGE('',*,*,#4759,.T.);
#4761=CARTESIAN_POINT('',(199.736362299,204.341731921,39.400581222));
#4762=VERTEX_POINT('',#4761);
#4763=CARTESIAN_POINT('',(199.736362299,204.341731921,39.400581222));
#4764=DIRECTION('',(-0.000070704,0.000033439,-0.999999997));
#4765=VECTOR('',#4764,35.);
#4766=LINE('',#4763,#4765);
#4767=EDGE_CURVE('',#4762,#4753,#4766,.T.);
#4768=ORIENTED_EDGE('',*,*,#4767,.F.);
#4769=CARTESIAN_POINT('',(169.136376663,122.260059919,39.399999999));
#4770=DIRECTION('',(-0.000070704,0.000033439,-0.999999997));
#4771=DIRECTION('',(0.707106656,0.707106906,-0.00002635));
#4772=AXIS2_PLACEMENT_3D('',#4769,#4770,#4771);
#4773=CIRCLE('',#4772,87.6);
#4774=EDGE_CURVE('',#4327,#4762,#4773,.T.);
#4775=ORIENTED_EDGE('',*,*,#4774,.F.);
#4776=ORIENTED_EDGE('',*,*,#4332,.T.);
#4777=EDGE_LOOP('',(#4760,#4768,#4775,#4776));
#4778=FACE_BOUND('',#4777,.T.);
#4779=ADVANCED_FACE('',(#4391,#4427,#4463,#4499,#4535,#4571,#4607,#4643,#4679,#4715,#4751,#4778),#4355,.F.);
#4780=CARTESIAN_POINT('',(199.736362299,204.341731921,39.400581222));
#4781=DIRECTION('',(0.999999998,0.000000176,-0.000070704));
#4782=DIRECTION('',(-0.000000174,0.999999999,0.000033439));
#4783=AXIS2_PLACEMENT_3D('',#4780,#4781,#4782);
#4784=PLANE('',#4783);
#4785=CARTESIAN_POINT('',(199.733890791,186.413544284,4.399981783));
#4786=VERTEX_POINT('',#4785);
#4787=CARTESIAN_POINT('',(199.733887671,204.342902297,4.400581329));
#4788=DIRECTION('',(0.000000174,-0.999999999,-0.000033439));
#4789=VECTOR('',#4788,17.929358023);
#4790=LINE('',#4787,#4789);
#4791=EDGE_CURVE('',#4753,#4786,#4790,.T.);
#4792=ORIENTED_EDGE('',*,*,#4791,.T.);
#4793=CARTESIAN_POINT('',(199.73636542,186.412373908,39.399981676));
#4794=VERTEX_POINT('',#4793);
#4795=CARTESIAN_POINT('',(199.73636542,186.412373908,39.399981676));
#4796=DIRECTION('',(-0.000070704,0.000033439,-0.999999997));
#4797=VECTOR('',#4796,35.);
#4798=LINE('',#4795,#4797);
#4799=EDGE_CURVE('',#4794,#4786,#4798,.T.);
#4800=ORIENTED_EDGE('',*,*,#4799,.F.);
#4801=CARTESIAN_POINT('',(199.736362299,204.341731921,39.400581222));
#4802=DIRECTION('',(0.000000174,-0.999999999,-0.000033439));
#4803=VECTOR('',#4802,17.929358023);
#4804=LINE('',#4801,#4803);
#4805=EDGE_CURVE('',#4762,#4794,#4804,.T.);
#4806=ORIENTED_EDGE('',*,*,#4805,.F.);
#4807=ORIENTED_EDGE('',*,*,#4767,.T.);
#4808=EDGE_LOOP('',(#4792,#4800,#4806,#4807));
#4809=FACE_BOUND('',#4808,.T.);
#4810=ADVANCED_FACE('',(#4809),#4784,.F.);
#4811=CARTESIAN_POINT('',(202.133891572,181.89222442,4.399660904));
#4812=DIRECTION('',(-0.999999998,-0.000000176,0.000070704));
#4813=DIRECTION('',(0.000000174,-0.999999999,-0.000033439));
#4814=AXIS2_PLACEMENT_3D('',#4811,#4812,#4813);
#4815=PLANE('',#4814);
#4816=CARTESIAN_POINT('',(202.136365093,188.255015018,39.399873604));
#4817=VERTEX_POINT('',#4816);
#4818=CARTESIAN_POINT('',(202.133720776,188.256265648,1.999873718));
#4819=DIRECTION('',(0.000070704,-0.000033439,0.999999997));
#4820=VECTOR('',#4819,37.4);
#4821=LINE('',#4818,#4820);
#4822=EDGE_CURVE('',#2851,#4817,#4821,.T.);
#4823=ORIENTED_EDGE('',*,*,#4822,.F.);
#4824=ORIENTED_EDGE('',*,*,#2856,.T.);
#4825=ORIENTED_EDGE('',*,*,#4275,.F.);
#4826=CARTESIAN_POINT('',(202.136365093,188.255015018,39.399873604));
#4827=DIRECTION('',(-0.000000174,0.999999999,0.000033439));
#4828=VECTOR('',#4827,4.528376764);
#4829=LINE('',#4826,#4828);
#4830=EDGE_CURVE('',#4817,#4264,#4829,.T.);
#4831=ORIENTED_EDGE('',*,*,#4830,.F.);
#4832=EDGE_LOOP('',(#4823,#4824,#4825,#4831));
#4833=FACE_BOUND('',#4832,.T.);
#4834=ADVANCED_FACE('',(#4833),#4815,.F.);
#4835=CARTESIAN_POINT('',(215.450402623,168.576252754,18.748274145));
#4836=DIRECTION('',(0.707106656,0.707106906,-0.00002635));
#4837=DIRECTION('',(0.707106902,-0.707106656,-0.00007364));
#4838=AXIS2_PLACEMENT_3D('',#4835,#4836,#4837);
#4839=CYLINDRICAL_SURFACE('',#4838,4.);
#4840=CARTESIAN_POINT('',(213.682634971,172.46533971,18.748529181));
#4841=VERTEX_POINT('',#4840);
#4842=CARTESIAN_POINT('',(219.339490191,166.808486461,18.74794006));
#4843=VERTEX_POINT('',#4842);
#4844=CARTESIAN_POINT('',(216.511062581,169.636913086,18.74823462));
#4845=DIRECTION('',(-0.707106656,-0.707106906,0.00002635));
#4846=DIRECTION('',(0.002439842,-0.002402577,0.999994137));
#4847=AXIS2_PLACEMENT_3D('',#4844,#4845,#4846);
#4848=CIRCLE('',#4847,4.);
#4849=EDGE_CURVE('',#4841,#4843,#4848,.T.);
#4850=ORIENTED_EDGE('',*,*,#4849,.T.);
#4851=CARTESIAN_POINT('',(221.46081016,168.929807178,18.74786101));
#4852=VERTEX_POINT('',#4851);
#4853=CARTESIAN_POINT('',(219.339490191,166.808486461,18.74794006));
#4854=DIRECTION('',(0.707106656,0.707106906,-0.00002635));
#4855=VECTOR('',#4854,3.);
#4856=LINE('',#4853,#4855);
#4857=EDGE_CURVE('',#4843,#4852,#4856,.T.);
#4858=ORIENTED_EDGE('',*,*,#4857,.T.);
#4859=CARTESIAN_POINT('',(215.80395494,174.586660426,18.748450132));
#4860=VERTEX_POINT('',#4859);
#4861=CARTESIAN_POINT('',(218.63238255,171.758233802,18.748155571));
#4862=DIRECTION('',(-0.707106656,-0.707106906,0.00002635));
#4863=DIRECTION('',(-0.002439842,0.002402577,-0.999994137));
#4864=AXIS2_PLACEMENT_3D('',#4861,#4862,#4863);
#4865=CIRCLE('',#4864,4.);
#4866=EDGE_CURVE('',#4860,#4852,#4865,.T.);
#4867=ORIENTED_EDGE('',*,*,#4866,.F.);
#4868=CARTESIAN_POINT('',(215.80395494,174.586660426,18.748450132));
#4869=DIRECTION('',(-0.707106656,-0.707106906,0.00002635));
#4870=VECTOR('',#4869,3.);
#4871=LINE('',#4868,#4870);
#4872=EDGE_CURVE('',#4860,#4841,#4871,.T.);
#4873=ORIENTED_EDGE('',*,*,#4872,.T.);
#4874=EDGE_LOOP('',(#4850,#4858,#4867,#4873));
#4875=FACE_BOUND('',#4874,.T.);
#4876=ADVANCED_FACE('',(#4875),#4839,.F.);
#4877=CARTESIAN_POINT('',(216.471779889,163.940775149,18.748046923));
#4878=DIRECTION('',(-0.707106902,0.707106656,0.00007364));
#4879=DIRECTION('',(0.707106656,0.707106906,-0.00002635));
#4880=AXIS2_PLACEMENT_3D('',#4877,#4878,#4879);
#4881=PLANE('',#4880);
#4882=CARTESIAN_POINT('',(219.340950221,166.80779594,39.397939997));
#4883=VERTEX_POINT('',#4882);
#4884=CARTESIAN_POINT('',(219.339483189,166.808493463,18.74794006));
#4885=DIRECTION('',(0.000070704,-0.000033439,0.999999997));
#4886=VECTOR('',#4885,20.65);
#4887=LINE('',#4884,#4886);
#4888=EDGE_CURVE('',#4843,#4883,#4887,.T.);
#4889=ORIENTED_EDGE('',*,*,#4888,.T.);
#4890=CARTESIAN_POINT('',(221.46227019,168.929116656,39.397860947));
#4891=VERTEX_POINT('',#4890);
#4892=CARTESIAN_POINT('',(219.340950221,166.80779594,39.397939997));
#4893=DIRECTION('',(0.707106656,0.707106906,-0.00002635));
#4894=VECTOR('',#4893,3.);
#4895=LINE('',#4892,#4894);
#4896=EDGE_CURVE('',#4883,#4891,#4895,.T.);
#4897=ORIENTED_EDGE('',*,*,#4896,.T.);
#4898=CARTESIAN_POINT('',(221.460803158,168.92981418,18.747861011));
#4899=DIRECTION('',(0.000070704,-0.000033439,0.999999997));
#4900=VECTOR('',#4899,20.65);
#4901=LINE('',#4898,#4900);
#4902=EDGE_CURVE('',#4852,#4891,#4901,.T.);
#4903=ORIENTED_EDGE('',*,*,#4902,.F.);
#4904=ORIENTED_EDGE('',*,*,#4857,.F.);
#4905=EDGE_LOOP('',(#4889,#4897,#4903,#4904));
#4906=FACE_BOUND('',#4905,.T.);
#4907=ADVANCED_FACE('',(#4906),#4881,.T.);
#4908=CARTESIAN_POINT('',(210.8163847,169.596937876,39.398635982));
#4909=DIRECTION('',(0.707106902,-0.707106656,-0.00007364));
#4910=DIRECTION('',(-0.707106656,-0.707106906,0.00002635));
#4911=AXIS2_PLACEMENT_3D('',#4908,#4909,#4910);
#4912=PLANE('',#4911);
#4913=CARTESIAN_POINT('',(213.684095001,172.464649188,39.398529118));
#4914=VERTEX_POINT('',#4913);
#4915=CARTESIAN_POINT('',(213.684088,172.46465619,39.398529119));
#4916=DIRECTION('',(-0.000070704,0.000033439,-0.999999997));
#4917=VECTOR('',#4916,20.65);
#4918=LINE('',#4915,#4917);
#4919=EDGE_CURVE('',#4914,#4841,#4918,.T.);
#4920=ORIENTED_EDGE('',*,*,#4919,.T.);
#4921=ORIENTED_EDGE('',*,*,#4872,.F.);
#4922=CARTESIAN_POINT('',(215.80541497,174.585969905,39.398450069));
#4923=VERTEX_POINT('',#4922);
#4924=CARTESIAN_POINT('',(215.805407969,174.585976906,39.398450069));
#4925=DIRECTION('',(-0.000070704,0.000033439,-0.999999997));
#4926=VECTOR('',#4925,20.65);
#4927=LINE('',#4924,#4926);
#4928=EDGE_CURVE('',#4923,#4860,#4927,.T.);
#4929=ORIENTED_EDGE('',*,*,#4928,.F.);
#4930=CARTESIAN_POINT('',(213.684095001,172.464649188,39.398529118));
#4931=DIRECTION('',(0.707106656,0.707106906,-0.00002635));
#4932=VECTOR('',#4931,3.);
#4933=LINE('',#4930,#4932);
#4934=EDGE_CURVE('',#4914,#4923,#4933,.T.);
#4935=ORIENTED_EDGE('',*,*,#4934,.F.);
#4936=EDGE_LOOP('',(#4920,#4921,#4929,#4935));
#4937=FACE_BOUND('',#4936,.T.);
#4938=ADVANCED_FACE('',(#4937),#4912,.T.);
#4939=CARTESIAN_POINT('',(169.136376663,122.260059919,39.399999999));
#4940=DIRECTION('',(0.000070704,-0.000033439,0.999999997));
#4941=DIRECTION('',(-0.707106902,0.707106656,0.00007364));
#4942=AXIS2_PLACEMENT_3D('',#4939,#4940,#4941);
#4943=PLANE('',#4942);
#4944=CARTESIAN_POINT('',(247.842464114,82.491532741,39.393105357));
#4945=VERTEX_POINT('',#4944);
#4946=CARTESIAN_POINT('',(241.073921868,89.260072629,39.393810253));
#4947=DIRECTION('',(0.707106902,-0.707106656,-0.00007364));
#4948=VECTOR('',#4947,9.572162601);
#4949=LINE('',#4946,#4948);
#4950=EDGE_CURVE('',#1046,#4945,#4949,.T.);
#4951=ORIENTED_EDGE('',*,*,#4950,.T.);
#4952=CARTESIAN_POINT('',(249.446894999,82.757267667,39.393000804));
#4953=VERTEX_POINT('',#4952);
#4954=CARTESIAN_POINT('',(248.549570772,83.198639647,39.393079007));
#4955=DIRECTION('',(0.000070704,-0.000033439,0.999999997));
#4956=DIRECTION('',(0.999999998,0.000000176,-0.000070704));
#4957=AXIS2_PLACEMENT_3D('',#4954,#4955,#4956);
#4958=CIRCLE('',#4957,1.);
#4959=EDGE_CURVE('',#4945,#4953,#4958,.T.);
#4960=ORIENTED_EDGE('',*,*,#4959,.T.);
#4961=CARTESIAN_POINT('',(248.970598076,162.716790794,39.395708271));
#4962=VERTEX_POINT('',#4961);
#4963=CARTESIAN_POINT('',(169.136376663,122.26005992,39.399999999));
#4964=DIRECTION('',(0.000070704,-0.000033439,0.999999997));
#4965=DIRECTION('',(0.707106656,0.707106906,-0.00002635));
#4966=AXIS2_PLACEMENT_3D('',#4963,#4964,#4965);
#4967=CIRCLE('',#4966,89.5);
#4968=EDGE_CURVE('',#4953,#4962,#4967,.T.);
#4969=ORIENTED_EDGE('',*,*,#4968,.T.);
#4970=CARTESIAN_POINT('',(247.3714887,162.971866938,39.395829864));
#4971=VERTEX_POINT('',#4970);
#4972=CARTESIAN_POINT('',(248.078595602,162.264760282,39.395756223));
#4973=DIRECTION('',(0.000070704,-0.000033439,0.999999997));
#4974=DIRECTION('',(0.999999998,0.000000176,-0.000070704));
#4975=AXIS2_PLACEMENT_3D('',#4972,#4973,#4974);
#4976=CIRCLE('',#4975,1.);
#4977=EDGE_CURVE('',#4962,#4971,#4976,.T.);
#4978=ORIENTED_EDGE('',*,*,#4977,.T.);
#4979=CARTESIAN_POINT('',(247.3714887,162.971866938,39.395829864));
#4980=DIRECTION('',(-0.707106656,-0.707106906,0.00002635));
#4981=VECTOR('',#4980,10.906122589);
#4982=LINE('',#4979,#4981);
#4983=EDGE_CURVE('',#4971,#450,#4982,.T.);
#4984=ORIENTED_EDGE('',*,*,#4983,.T.);
#4985=ORIENTED_EDGE('',*,*,#479,.T.);
#4986=CARTESIAN_POINT('',(221.46227019,168.929116656,39.397860947));
#4987=DIRECTION('',(0.707106902,-0.707106656,-0.00007364));
#4988=VECTOR('',#4987,19.330952405);
#4989=LINE('',#4986,#4988);
#4990=EDGE_CURVE('',#4891,#468,#4989,.T.);
#4991=ORIENTED_EDGE('',*,*,#4990,.F.);
#4992=ORIENTED_EDGE('',*,*,#4896,.F.);
#4993=CARTESIAN_POINT('',(219.340950221,166.80779594,39.397939996));
#4994=DIRECTION('',(0.707106902,-0.707106656,-0.00007364));
#4995=VECTOR('',#4994,16.330952405);
#4996=LINE('',#4993,#4995);
#4997=EDGE_CURVE('',#4883,#1908,#4996,.T.);
#4998=ORIENTED_EDGE('',*,*,#4997,.T.);
#4999=ORIENTED_EDGE('',*,*,#1915,.T.);
#5000=ORIENTED_EDGE('',*,*,#2518,.T.);
#5001=CARTESIAN_POINT('',(220.083298459,147.360068893,39.397237191));
#5002=DIRECTION('',(0.999999998,0.000000176,-0.000070704));
#5003=VECTOR('',#5002,2.4);
#5004=LINE('',#5001,#5003);
#5005=EDGE_CURVE('',#2507,#2412,#5004,.T.);
#5006=ORIENTED_EDGE('',*,*,#5005,.T.);
#5007=ORIENTED_EDGE('',*,*,#2419,.T.);
#5008=ORIENTED_EDGE('',*,*,#2485,.T.);
#5009=ORIENTED_EDGE('',*,*,#2364,.T.);
#5010=ORIENTED_EDGE('',*,*,#2400,.T.);
#5011=ORIENTED_EDGE('',*,*,#2449,.T.);
#5012=CARTESIAN_POINT('',(220.083307196,97.160068921,39.395558537));
#5013=DIRECTION('',(0.999999998,0.000000176,-0.000070704));
#5014=VECTOR('',#5013,2.4);
#5015=LINE('',#5012,#5014);
#5016=EDGE_CURVE('',#2529,#2438,#5015,.T.);
#5017=ORIENTED_EDGE('',*,*,#5016,.F.);
#5018=ORIENTED_EDGE('',*,*,#2534,.T.);
#5019=ORIENTED_EDGE('',*,*,#1962,.T.);
#5020=ORIENTED_EDGE('',*,*,#692,.F.);
#5021=CARTESIAN_POINT('',(219.340959802,77.712347541,39.394960706));
#5022=DIRECTION('',(0.707106902,-0.707106656,-0.00007364));
#5023=VECTOR('',#5022,3.);
#5024=LINE('',#5021,#5023);
#5025=EDGE_CURVE('',#679,#791,#5024,.T.);
#5026=ORIENTED_EDGE('',*,*,#5025,.T.);
#5027=ORIENTED_EDGE('',*,*,#796,.F.);
#5028=ORIENTED_EDGE('',*,*,#1057,.T.);
#5029=EDGE_LOOP('',(#4951,#4960,#4969,#4978,#4984,#4985,#4991,#4992,#4998,#4999,#5000,#5006,#5007,#5008,#5009,#5010,#5011,#5017,#5018,#5019,#5020,#5026,#5027,#5028));
#5030=FACE_BOUND('',#5029,.T.);
#5031=CARTESIAN_POINT('',(249.189207555,159.457619895,39.39558383));
#5032=VERTEX_POINT('',#5031);
#5033=CARTESIAN_POINT('',(250.38467954,156.815490697,39.395410955));
#5034=VERTEX_POINT('',#5033);
#5035=CARTESIAN_POINT('',(249.189207555,159.457619895,39.39558383));
#5036=DIRECTION('',(0.412231719,-0.911079034,-0.000059612));
#5037=VECTOR('',#5036,2.9);
#5038=LINE('',#5035,#5037);
#5039=EDGE_CURVE('',#5032,#5034,#5038,.T.);
#5040=ORIENTED_EDGE('',*,*,#5039,.T.);
#5041=CARTESIAN_POINT('',(248.694264529,154.459116981,39.395451678));
#5042=VERTEX_POINT('',#5041);
#5043=CARTESIAN_POINT('',(250.38467954,156.815490697,39.395410955));
#5044=DIRECTION('',(-0.582901728,-0.812542661,0.000014042));
#5045=VECTOR('',#5044,2.9);
#5046=LINE('',#5043,#5045);
#5047=EDGE_CURVE('',#5034,#5042,#5046,.T.);
#5048=ORIENTED_EDGE('',*,*,#5047,.T.);
#5049=CARTESIAN_POINT('',(245.808377532,154.744872464,39.395665276));
#5050=VERTEX_POINT('',#5049);
#5051=CARTESIAN_POINT('',(248.694264529,154.459116981,39.395451678));
#5052=DIRECTION('',(-0.995133447,0.098536373,0.000073655));
#5053=VECTOR('',#5052,2.9);
#5054=LINE('',#5051,#5053);
#5055=EDGE_CURVE('',#5042,#5050,#5054,.T.);
#5056=ORIENTED_EDGE('',*,*,#5055,.T.);
#5057=CARTESIAN_POINT('',(244.612905547,157.387001663,39.395838152));
#5058=VERTEX_POINT('',#5057);
#5059=CARTESIAN_POINT('',(245.808377532,154.744872464,39.395665276));
#5060=DIRECTION('',(-0.412231719,0.911079034,0.000059612));
#5061=VECTOR('',#5060,2.9);
#5062=LINE('',#5059,#5061);
#5063=EDGE_CURVE('',#5050,#5058,#5062,.T.);
#5064=ORIENTED_EDGE('',*,*,#5063,.T.);
#5065=CARTESIAN_POINT('',(246.303320558,159.743375379,39.395797428));
#5066=VERTEX_POINT('',#5065);
#5067=CARTESIAN_POINT('',(244.612905547,157.387001663,39.395838152));
#5068=DIRECTION('',(0.582901728,0.812542661,-0.000014042));
#5069=VECTOR('',#5068,2.9);
#5070=LINE('',#5067,#5069);
#5071=EDGE_CURVE('',#5058,#5066,#5070,.T.);
#5072=ORIENTED_EDGE('',*,*,#5071,.T.);
#5073=CARTESIAN_POINT('',(246.303320558,159.743375379,39.395797428));
#5074=DIRECTION('',(0.995133447,-0.098536373,-0.000073655));
#5075=VECTOR('',#5074,2.9);
#5076=LINE('',#5073,#5075);
#5077=EDGE_CURVE('',#5066,#5032,#5076,.T.);
#5078=ORIENTED_EDGE('',*,*,#5077,.T.);
#5079=EDGE_LOOP('',(#5040,#5048,#5056,#5064,#5072,#5078));
#5080=FACE_BOUND('',#5079,.T.);
#5081=CARTESIAN_POINT('',(250.372143042,87.781236125,39.393103384));
#5082=VERTEX_POINT('',#5081);
#5083=CARTESIAN_POINT('',(249.275245772,85.096684696,39.393091169));
#5084=VERTEX_POINT('',#5083);
#5085=CARTESIAN_POINT('',(250.372143042,87.781236125,39.393103384));
#5086=DIRECTION('',(-0.378240438,-0.92570739,-0.000004212));
#5087=VECTOR('',#5086,2.9);
#5088=LINE('',#5085,#5087);
#5089=EDGE_CURVE('',#5082,#5084,#5088,.T.);
#5090=ORIENTED_EDGE('',*,*,#5089,.T.);
#5091=CARTESIAN_POINT('',(246.401907408,84.704349878,39.393281205));
#5092=VERTEX_POINT('',#5091);
#5093=CARTESIAN_POINT('',(249.275245772,85.096684696,39.393091169));
#5094=DIRECTION('',(-0.990806332,-0.135287868,0.00006553));
#5095=VECTOR('',#5094,2.9);
#5096=LINE('',#5093,#5095);
#5097=EDGE_CURVE('',#5084,#5092,#5096,.T.);
#5098=ORIENTED_EDGE('',*,*,#5097,.T.);
#5099=CARTESIAN_POINT('',(244.625466313,86.99656649,39.393483456));
#5100=VERTEX_POINT('',#5099);
#5101=CARTESIAN_POINT('',(246.401907408,84.704349878,39.393281205));
#5102=DIRECTION('',(-0.612565895,0.790419521,0.000069742));
#5103=VECTOR('',#5102,2.9);
#5104=LINE('',#5101,#5103);
#5105=EDGE_CURVE('',#5092,#5100,#5104,.T.);
#5106=ORIENTED_EDGE('',*,*,#5105,.T.);
#5107=CARTESIAN_POINT('',(245.722363583,89.68111792,39.393495671));
#5108=VERTEX_POINT('',#5107);
#5109=CARTESIAN_POINT('',(244.625466313,86.99656649,39.393483456));
#5110=DIRECTION('',(0.378240438,0.92570739,0.000004212));
#5111=VECTOR('',#5110,2.9);
#5112=LINE('',#5109,#5111);
#5113=EDGE_CURVE('',#5100,#5108,#5112,.T.);
#5114=ORIENTED_EDGE('',*,*,#5113,.T.);
#5115=CARTESIAN_POINT('',(248.595701947,90.073452738,39.393305635));
#5116=VERTEX_POINT('',#5115);
#5117=CARTESIAN_POINT('',(245.722363583,89.68111792,39.393495671));
#5118=DIRECTION('',(0.990806332,0.135287868,-0.00006553));
#5119=VECTOR('',#5118,2.9);
#5120=LINE('',#5117,#5119);
#5121=EDGE_CURVE('',#5108,#5116,#5120,.T.);
#5122=ORIENTED_EDGE('',*,*,#5121,.T.);
#5123=CARTESIAN_POINT('',(248.595701947,90.073452738,39.393305635));
#5124=DIRECTION('',(0.612565895,-0.790419521,-0.000069742));
#5125=VECTOR('',#5124,2.9);
#5126=LINE('',#5123,#5125);
#5127=EDGE_CURVE('',#5116,#5082,#5126,.T.);
#5128=ORIENTED_EDGE('',*,*,#5127,.T.);
#5129=EDGE_LOOP('',(#5090,#5098,#5106,#5114,#5122,#5128));
#5130=FACE_BOUND('',#5129,.T.);
#5131=ADVANCED_FACE('',(#5030,#5080,#5130),#4943,.T.);
#5132=CARTESIAN_POINT('',(249.272771143,85.097855071,4.393091276));
#5133=DIRECTION('',(-0.135287866,0.990806334,0.000042697));
#5134=DIRECTION('',(0.990806332,0.135287868,-0.00006553));
#5135=AXIS2_PLACEMENT_3D('',#5132,#5133,#5134);
#5136=PLANE('',#5135);
#5137=ORIENTED_EDGE('',*,*,#5097,.F.);
#5138=CARTESIAN_POINT('',(249.272771143,85.097855071,4.393091276));
#5139=VERTEX_POINT('',#5138);
#5140=CARTESIAN_POINT('',(249.272771143,85.097855071,4.393091276));
#5141=DIRECTION('',(0.000070704,-0.000033439,0.999999997));
#5142=VECTOR('',#5141,35.);
#5143=LINE('',#5140,#5142);
#5144=EDGE_CURVE('',#5139,#5084,#5143,.T.);
#5145=ORIENTED_EDGE('',*,*,#5144,.F.);
#5146=CARTESIAN_POINT('',(246.399432779,84.705520254,4.393281312));
#5147=VERTEX_POINT('',#5146);
#5148=CARTESIAN_POINT('',(249.272771143,85.097855071,4.393091276));
#5149=DIRECTION('',(-0.990806332,-0.135287868,0.00006553));
#5150=VECTOR('',#5149,2.9);
#5151=LINE('',#5148,#5150);
#5152=EDGE_CURVE('',#5139,#5147,#5151,.T.);
#5153=ORIENTED_EDGE('',*,*,#5152,.T.);
#5154=CARTESIAN_POINT('',(246.399432779,84.705520254,4.393281312));
#5155=DIRECTION('',(0.000070704,-0.000033439,0.999999997));
#5156=VECTOR('',#5155,35.);
#5157=LINE('',#5154,#5156);
#5158=EDGE_CURVE('',#5147,#5092,#5157,.T.);
#5159=ORIENTED_EDGE('',*,*,#5158,.T.);
#5160=EDGE_LOOP('',(#5137,#5145,#5153,#5159));
#5161=FACE_BOUND('',#5160,.T.);
#5162=ADVANCED_FACE('',(#5161),#5136,.T.);
#5163=CARTESIAN_POINT('',(246.399432779,84.705520254,4.393281312));
#5164=DIRECTION('',(0.790419521,0.612565898,-0.000035402));
#5165=DIRECTION('',(0.612565895,-0.790419521,-0.000069742));
#5166=AXIS2_PLACEMENT_3D('',#5163,#5164,#5165);
#5167=PLANE('',#5166);
#5168=ORIENTED_EDGE('',*,*,#5105,.F.);
#5169=ORIENTED_EDGE('',*,*,#5158,.F.);
#5170=CARTESIAN_POINT('',(244.622991685,86.997736866,4.393483563));
#5171=VERTEX_POINT('',#5170);
#5172=CARTESIAN_POINT('',(246.399432779,84.705520254,4.393281312));
#5173=DIRECTION('',(-0.612565895,0.790419521,0.000069742));
#5174=VECTOR('',#5173,2.9);
#5175=LINE('',#5172,#5174);
#5176=EDGE_CURVE('',#5147,#5171,#5175,.T.);
#5177=ORIENTED_EDGE('',*,*,#5176,.T.);
#5178=CARTESIAN_POINT('',(244.622991685,86.997736866,4.393483563));
#5179=DIRECTION('',(0.000070704,-0.000033439,0.999999997));
#5180=VECTOR('',#5179,35.);
#5181=LINE('',#5178,#5180);
#5182=EDGE_CURVE('',#5171,#5100,#5181,.T.);
#5183=ORIENTED_EDGE('',*,*,#5182,.T.);
#5184=EDGE_LOOP('',(#5168,#5169,#5177,#5183));
#5185=FACE_BOUND('',#5184,.T.);
#5186=ADVANCED_FACE('',(#5185),#5167,.T.);
#5187=CARTESIAN_POINT('',(244.622991685,86.997736866,4.393483563));
#5188=DIRECTION('',(0.925707387,-0.378240436,-0.000078099));
#5189=DIRECTION('',(0.000070704,-0.000033439,0.999999997));
#5190=AXIS2_PLACEMENT_3D('',#5187,#5188,#5189);
#5191=PLANE('',#5190);
#5192=ORIENTED_EDGE('',*,*,#5113,.F.);
#5193=ORIENTED_EDGE('',*,*,#5182,.F.);
#5194=CARTESIAN_POINT('',(245.719888955,89.682288296,4.393495778));
#5195=VERTEX_POINT('',#5194);
#5196=CARTESIAN_POINT('',(244.622991685,86.997736866,4.393483563));
#5197=DIRECTION('',(0.378240438,0.92570739,0.000004212));
#5198=VECTOR('',#5197,2.9);
#5199=LINE('',#5196,#5198);
#5200=EDGE_CURVE('',#5171,#5195,#5199,.T.);
#5201=ORIENTED_EDGE('',*,*,#5200,.T.);
#5202=CARTESIAN_POINT('',(245.719888955,89.682288296,4.393495778));
#5203=DIRECTION('',(0.000070704,-0.000033439,0.999999997));
#5204=VECTOR('',#5203,35.);
#5205=LINE('',#5202,#5204);
#5206=EDGE_CURVE('',#5195,#5108,#5205,.T.);
#5207=ORIENTED_EDGE('',*,*,#5206,.T.);
#5208=EDGE_LOOP('',(#5192,#5193,#5201,#5207));
#5209=FACE_BOUND('',#5208,.T.);
#5210=ADVANCED_FACE('',(#5209),#5191,.T.);
#5211=CARTESIAN_POINT('',(245.719888955,89.682288296,4.393495778));
#5212=DIRECTION('',(0.135287866,-0.990806334,-0.000042697));
#5213=DIRECTION('',(-0.990806332,-0.135287868,0.00006553));
#5214=AXIS2_PLACEMENT_3D('',#5211,#5212,#5213);
#5215=PLANE('',#5214);
#5216=ORIENTED_EDGE('',*,*,#5121,.F.);
#5217=ORIENTED_EDGE('',*,*,#5206,.F.);
#5218=CARTESIAN_POINT('',(248.593227319,90.074623113,4.393305742));
#5219=VERTEX_POINT('',#5218);
#5220=CARTESIAN_POINT('',(245.719888955,89.682288296,4.393495778));
#5221=DIRECTION('',(0.990806332,0.135287868,-0.00006553));
#5222=VECTOR('',#5221,2.9);
#5223=LINE('',#5220,#5222);
#5224=EDGE_CURVE('',#5195,#5219,#5223,.T.);
#5225=ORIENTED_EDGE('',*,*,#5224,.T.);
#5226=CARTESIAN_POINT('',(248.593227319,90.074623113,4.393305742));
#5227=DIRECTION('',(0.000070704,-0.000033439,0.999999997));
#5228=VECTOR('',#5227,35.);
#5229=LINE('',#5226,#5228);
#5230=EDGE_CURVE('',#5219,#5116,#5229,.T.);
#5231=ORIENTED_EDGE('',*,*,#5230,.T.);
#5232=EDGE_LOOP('',(#5216,#5217,#5225,#5231));
#5233=FACE_BOUND('',#5232,.T.);
#5234=ADVANCED_FACE('',(#5233),#5215,.T.);
#5235=CARTESIAN_POINT('',(248.593227319,90.074623113,4.393305742));
#5236=DIRECTION('',(-0.790419521,-0.612565898,0.000035402));
#5237=DIRECTION('',(-0.612565895,0.790419521,0.000069742));
#5238=AXIS2_PLACEMENT_3D('',#5235,#5236,#5237);
#5239=PLANE('',#5238);
#5240=ORIENTED_EDGE('',*,*,#5127,.F.);
#5241=ORIENTED_EDGE('',*,*,#5230,.F.);
#5242=CARTESIAN_POINT('',(250.369668413,87.782406501,4.393103491));
#5243=VERTEX_POINT('',#5242);
#5244=CARTESIAN_POINT('',(248.593227319,90.074623113,4.393305742));
#5245=DIRECTION('',(0.612565895,-0.790419521,-0.000069742));
#5246=VECTOR('',#5245,2.9);
#5247=LINE('',#5244,#5246);
#5248=EDGE_CURVE('',#5219,#5243,#5247,.T.);
#5249=ORIENTED_EDGE('',*,*,#5248,.T.);
#5250=CARTESIAN_POINT('',(250.369668413,87.782406501,4.393103491));
#5251=DIRECTION('',(0.000070704,-0.000033439,0.999999997));
#5252=VECTOR('',#5251,35.);
#5253=LINE('',#5250,#5252);
#5254=EDGE_CURVE('',#5243,#5082,#5253,.T.);
#5255=ORIENTED_EDGE('',*,*,#5254,.T.);
#5256=EDGE_LOOP('',(#5240,#5241,#5249,#5255));
#5257=FACE_BOUND('',#5256,.T.);
#5258=ADVANCED_FACE('',(#5257),#5239,.T.);
#5259=CARTESIAN_POINT('',(250.369668413,87.782406501,4.393103491));
#5260=DIRECTION('',(-0.925707387,0.378240436,0.000078099));
#5261=DIRECTION('',(0.378240438,0.92570739,0.000004212));
#5262=AXIS2_PLACEMENT_3D('',#5259,#5260,#5261);
#5263=PLANE('',#5262);
#5264=ORIENTED_EDGE('',*,*,#5089,.F.);
#5265=ORIENTED_EDGE('',*,*,#5254,.F.);
#5266=CARTESIAN_POINT('',(250.369668413,87.782406501,4.393103491));
#5267=DIRECTION('',(-0.378240438,-0.92570739,-0.000004212));
#5268=VECTOR('',#5267,2.9);
#5269=LINE('',#5266,#5268);
#5270=EDGE_CURVE('',#5243,#5139,#5269,.T.);
#5271=ORIENTED_EDGE('',*,*,#5270,.T.);
#5272=ORIENTED_EDGE('',*,*,#5144,.T.);
#5273=EDGE_LOOP('',(#5264,#5265,#5271,#5272));
#5274=FACE_BOUND('',#5273,.T.);
#5275=ADVANCED_FACE('',(#5274),#5263,.T.);
#5276=CARTESIAN_POINT('',(250.918117043,89.154682216,4.393110601));
#5277=DIRECTION('',(-0.000070704,0.000033439,-0.999999997));
#5278=DIRECTION('',(-0.378240438,-0.92570739,-0.000004212));
#5279=AXIS2_PLACEMENT_3D('',#5276,#5277,#5278);
#5280=PLANE('',#5279);
#5281=ORIENTED_EDGE('',*,*,#4064,.T.);
#5282=EDGE_LOOP('',(#5281));
#5283=FACE_BOUND('',#5282,.T.);
#5284=ORIENTED_EDGE('',*,*,#5152,.F.);
#5285=ORIENTED_EDGE('',*,*,#5270,.F.);
#5286=ORIENTED_EDGE('',*,*,#5248,.F.);
#5287=ORIENTED_EDGE('',*,*,#5224,.F.);
#5288=ORIENTED_EDGE('',*,*,#5200,.F.);
#5289=ORIENTED_EDGE('',*,*,#5176,.F.);
#5290=EDGE_LOOP('',(#5284,#5285,#5286,#5287,#5288,#5289));
#5291=FACE_BOUND('',#5290,.T.);
#5292=ADVANCED_FACE('',(#5283,#5291),#5280,.F.);
#5293=CARTESIAN_POINT('',(203.006506984,187.383479756,2.000119578));
#5294=DIRECTION('',(-0.707106656,-0.707106906,0.00002635));
#5295=DIRECTION('',(0.000070704,-0.000033439,0.999999997));
#5296=AXIS2_PLACEMENT_3D('',#5293,#5294,#5295);
#5297=PLANE('',#5296);
#5298=ORIENTED_EDGE('',*,*,#951,.T.);
#5299=ORIENTED_EDGE('',*,*,#958,.T.);
#5300=EDGE_LOOP('',(#5298,#5299));
#5301=FACE_BOUND('',#5300,.T.);
#5302=ORIENTED_EDGE('',*,*,#1002,.T.);
#5303=ORIENTED_EDGE('',*,*,#1009,.T.);
#5304=EDGE_LOOP('',(#5302,#5303));
#5305=FACE_BOUND('',#5304,.T.);
#5306=ORIENTED_EDGE('',*,*,#4990,.T.);
#5307=ORIENTED_EDGE('',*,*,#473,.T.);
#5308=ORIENTED_EDGE('',*,*,#2862,.F.);
#5309=ORIENTED_EDGE('',*,*,#4822,.T.);
#5310=CARTESIAN_POINT('',(202.136365093,188.255015018,39.399873604));
#5311=DIRECTION('',(0.707106902,-0.707106656,-0.00007364));
#5312=VECTOR('',#5311,19.330952405);
#5313=LINE('',#5310,#5312);
#5314=EDGE_CURVE('',#4817,#4923,#5313,.T.);
#5315=ORIENTED_EDGE('',*,*,#5314,.T.);
#5316=ORIENTED_EDGE('',*,*,#4928,.T.);
#5317=ORIENTED_EDGE('',*,*,#4866,.T.);
#5318=ORIENTED_EDGE('',*,*,#4902,.T.);
#5319=EDGE_LOOP('',(#5306,#5307,#5308,#5309,#5315,#5316,#5317,#5318));
#5320=FACE_BOUND('',#5319,.T.);
#5321=ADVANCED_FACE('',(#5301,#5305,#5320),#5297,.F.);
#5322=CARTESIAN_POINT('',(200.797018769,185.351720941,39.400207971));
#5323=DIRECTION('',(0.707106656,0.707106906,-0.00002635));
#5324=DIRECTION('',(-0.000070704,0.000033439,-0.999999997));
#5325=AXIS2_PLACEMENT_3D('',#5322,#5323,#5324);
#5326=PLANE('',#5325);
#5327=ORIENTED_EDGE('',*,*,#968,.F.);
#5328=ORIENTED_EDGE('',*,*,#975,.F.);
#5329=EDGE_LOOP('',(#5327,#5328));
#5330=FACE_BOUND('',#5329,.T.);
#5331=ORIENTED_EDGE('',*,*,#1019,.F.);
#5332=ORIENTED_EDGE('',*,*,#1026,.F.);
#5333=EDGE_LOOP('',(#5331,#5332));
#5334=FACE_BOUND('',#5333,.T.);
#5335=ORIENTED_EDGE('',*,*,#1923,.F.);
#5336=ORIENTED_EDGE('',*,*,#4997,.F.);
#5337=ORIENTED_EDGE('',*,*,#4888,.F.);
#5338=ORIENTED_EDGE('',*,*,#4849,.F.);
#5339=ORIENTED_EDGE('',*,*,#4919,.F.);
#5340=CARTESIAN_POINT('',(199.73636542,186.412373908,39.399981676));
#5341=DIRECTION('',(0.707106902,-0.707106656,-0.00007364));
#5342=VECTOR('',#5341,19.725064954);
#5343=LINE('',#5340,#5342);
#5344=EDGE_CURVE('',#4794,#4914,#5343,.T.);
#5345=ORIENTED_EDGE('',*,*,#5344,.F.);
#5346=ORIENTED_EDGE('',*,*,#4799,.T.);
#5347=CARTESIAN_POINT('',(230.886204763,155.26124117,4.396737489));
#5348=DIRECTION('',(-0.707106902,0.707106656,0.00007364));
#5349=VECTOR('',#5348,44.056017359);
#5350=LINE('',#5347,#5349);
#5351=EDGE_CURVE('',#1918,#4786,#5350,.T.);
#5352=ORIENTED_EDGE('',*,*,#5351,.F.);
#5353=EDGE_LOOP('',(#5335,#5336,#5337,#5338,#5339,#5345,#5346,#5352));
#5354=FACE_BOUND('',#5353,.T.);
#5355=ADVANCED_FACE('',(#5330,#5334,#5354),#5326,.F.);
#5356=CARTESIAN_POINT('',(136.918344883,184.794329473,39.409394736));
#5357=DIRECTION('',(-0.707106902,0.707106656,0.00007364));
#5358=DIRECTION('',(-0.000070704,0.000033439,-0.999999997));
#5359=AXIS2_PLACEMENT_3D('',#5356,#5357,#5358);
#5360=PLANE('',#5359);
#5361=CARTESIAN_POINT('',(117.021145522,164.899274176,18.7551105));
#5362=VERTEX_POINT('',#5361);
#5363=CARTESIAN_POINT('',(115.748195062,163.626135809,20.555157889));
#5364=VERTEX_POINT('',#5363);
#5365=CARTESIAN_POINT('',(115.748353541,163.626481746,18.755157929));
#5366=DIRECTION('',(0.707106902,-0.707106656,-0.00007364));
#5367=DIRECTION('',(-0.000088044,-0.000192187,0.999999978));
#5368=AXIS2_PLACEMENT_3D('',#5365,#5366,#5367);
#5369=CIRCLE('',#5368,1.8);
#5370=EDGE_CURVE('',#5362,#5364,#5369,.T.);
#5371=ORIENTED_EDGE('',*,*,#5370,.F.);
#5372=CARTESIAN_POINT('',(115.748353541,163.626481746,18.755157929));
#5373=DIRECTION('',(0.707106902,-0.707106656,-0.00007364));
#5374=DIRECTION('',(-0.000088044,-0.000192187,0.999999978));
#5375=AXIS2_PLACEMENT_3D('',#5372,#5373,#5374);
#5376=CIRCLE('',#5375,1.8);
#5377=EDGE_CURVE('',#5364,#5362,#5376,.T.);
#5378=ORIENTED_EDGE('',*,*,#5377,.F.);
#5379=EDGE_LOOP('',(#5371,#5378));
#5380=FACE_BOUND('',#5379,.T.);
#5381=CARTESIAN_POINT('',(129.04195868,176.92009157,18.754662552));
#5382=VERTEX_POINT('',#5381);
#5383=CARTESIAN_POINT('',(127.76900822,175.646953204,20.554709941));
#5384=VERTEX_POINT('',#5383);
#5385=CARTESIAN_POINT('',(127.769166698,175.64729914,18.754709982));
#5386=DIRECTION('',(0.707106902,-0.707106656,-0.00007364));
#5387=DIRECTION('',(-0.000088044,-0.000192187,0.999999978));
#5388=AXIS2_PLACEMENT_3D('',#5385,#5386,#5387);
#5389=CIRCLE('',#5388,1.8);
#5390=EDGE_CURVE('',#5382,#5384,#5389,.T.);
#5391=ORIENTED_EDGE('',*,*,#5390,.F.);
#5392=CARTESIAN_POINT('',(127.769166698,175.64729914,18.754709982));
#5393=DIRECTION('',(0.707106902,-0.707106656,-0.00007364));
#5394=DIRECTION('',(-0.000088044,-0.000192187,0.999999978));
#5395=AXIS2_PLACEMENT_3D('',#5392,#5393,#5394);
#5396=CIRCLE('',#5395,1.8);
#5397=EDGE_CURVE('',#5384,#5382,#5396,.T.);
#5398=ORIENTED_EDGE('',*,*,#5397,.F.);
#5399=EDGE_LOOP('',(#5391,#5398));
#5400=FACE_BOUND('',#5399,.T.);
#5401=ORIENTED_EDGE('',*,*,#1263,.F.);
#5402=CARTESIAN_POINT('',(138.533890944,186.413521632,4.404308847));
#5403=DIRECTION('',(-0.707106656,-0.707106906,0.00002635));
#5404=VECTOR('',#5403,44.056000594);
#5405=LINE('',#5402,#5404);
#5406=EDGE_CURVE('',#4317,#1250,#5405,.T.);
#5407=ORIENTED_EDGE('',*,*,#5406,.F.);
#5408=ORIENTED_EDGE('',*,*,#4346,.F.);
#5409=CARTESIAN_POINT('',(124.588646776,172.464627543,39.404828493));
#5410=VERTEX_POINT('',#5409);
#5411=CARTESIAN_POINT('',(124.588646776,172.464627543,39.404828493));
#5412=DIRECTION('',(0.707106656,0.707106906,-0.00002635));
#5413=VECTOR('',#5412,19.72505657);
#5414=LINE('',#5411,#5413);
#5415=EDGE_CURVE('',#5410,#4335,#5414,.T.);
#5416=ORIENTED_EDGE('',*,*,#5415,.F.);
#5417=CARTESIAN_POINT('',(124.587186745,172.465318065,18.754828556));
#5418=VERTEX_POINT('',#5417);
#5419=CARTESIAN_POINT('',(124.587186745,172.465318065,18.754828556));
#5420=DIRECTION('',(0.000070704,-0.000033439,0.999999997));
#5421=VECTOR('',#5420,20.65);
#5422=LINE('',#5419,#5421);
#5423=EDGE_CURVE('',#5418,#5410,#5422,.T.);
#5424=ORIENTED_EDGE('',*,*,#5423,.F.);
#5425=CARTESIAN_POINT('',(118.930333494,166.808462821,18.755039355));
#5426=VERTEX_POINT('',#5425);
#5427=CARTESIAN_POINT('',(121.75876012,169.636890443,18.754933956));
#5428=DIRECTION('',(0.707106902,-0.707106656,-0.00007364));
#5429=DIRECTION('',(-0.000088044,-0.000192187,0.999999978));
#5430=AXIS2_PLACEMENT_3D('',#5427,#5428,#5429);
#5431=CIRCLE('',#5430,4.);
#5432=EDGE_CURVE('',#5426,#5418,#5431,.T.);
#5433=ORIENTED_EDGE('',*,*,#5432,.F.);
#5434=CARTESIAN_POINT('',(118.931793525,166.807772299,39.405039292));
#5435=VERTEX_POINT('',#5434);
#5436=CARTESIAN_POINT('',(118.931793525,166.807772299,39.405039292));
#5437=DIRECTION('',(-0.000070704,0.000033439,-0.999999997));
#5438=VECTOR('',#5437,20.65);
#5439=LINE('',#5436,#5438);
#5440=EDGE_CURVE('',#5435,#5426,#5439,.T.);
#5441=ORIENTED_EDGE('',*,*,#5440,.F.);
#5442=CARTESIAN_POINT('',(107.384074301,155.260049006,39.40546961));
#5443=DIRECTION('',(0.707106656,0.707106906,-0.00002635));
#5444=VECTOR('',#5443,16.330944024);
#5445=LINE('',#5442,#5444);
#5446=EDGE_CURVE('',#1258,#5435,#5445,.T.);
#5447=ORIENTED_EDGE('',*,*,#5446,.F.);
#5448=EDGE_LOOP('',(#5401,#5407,#5408,#5416,#5424,#5433,#5441,#5447));
#5449=FACE_BOUND('',#5448,.T.);
#5450=ADVANCED_FACE('',(#5380,#5400,#5449),#5360,.F.);
#5451=CARTESIAN_POINT('',(134.292716027,200.623646245,4.405083891));
#5452=DIRECTION('',(-0.000070704,0.000033439,-0.999999997));
#5453=DIRECTION('',(0.707106656,0.707106906,-0.00002635));
#5454=AXIS2_PLACEMENT_3D('',#5451,#5452,#5453);
#5455=CYLINDRICAL_SURFACE('',#5454,1.65);
#5456=CARTESIAN_POINT('',(135.45944201,201.790372639,4.405040413));
#5457=VERTEX_POINT('',#5456);
#5458=CARTESIAN_POINT('',(135.459272321,201.790452894,2.005040421));
#5459=DIRECTION('',(0.000070704,-0.000033439,0.999999997));
#5460=VECTOR('',#5459,2.4);
#5461=LINE('',#5458,#5460);
#5462=EDGE_CURVE('',#3030,#5457,#5461,.T.);
#5463=ORIENTED_EDGE('',*,*,#5462,.F.);
#5464=ORIENTED_EDGE('',*,*,#3036,.T.);
#5465=ORIENTED_EDGE('',*,*,#5462,.T.);
#5466=CARTESIAN_POINT('',(134.292716027,200.623646245,4.405083891));
#5467=DIRECTION('',(-0.000070704,0.000033439,-0.999999997));
#5468=DIRECTION('',(0.707106656,0.707106906,-0.00002635));
#5469=AXIS2_PLACEMENT_3D('',#5466,#5467,#5468);
#5470=CIRCLE('',#5469,1.65);
#5471=EDGE_CURVE('',#5457,#5457,#5470,.T.);
#5472=ORIENTED_EDGE('',*,*,#5471,.F.);
#5473=EDGE_LOOP('',(#5463,#5464,#5465,#5472));
#5474=FACE_BOUND('',#5473,.T.);
#5475=ADVANCED_FACE('',(#5474),#5455,.F.);
#5476=CARTESIAN_POINT('',(90.771486154,87.420044034,4.404375551));
#5477=DIRECTION('',(-0.000070704,0.000033439,-0.999999997));
#5478=DIRECTION('',(0.707106656,0.707106906,-0.00002635));
#5479=AXIS2_PLACEMENT_3D('',#5476,#5477,#5478);
#5480=CYLINDRICAL_SURFACE('',#5479,1.65);
#5481=CARTESIAN_POINT('',(91.938212137,88.586770428,4.404332074));
#5482=VERTEX_POINT('',#5481);
#5483=CARTESIAN_POINT('',(91.938042448,88.586850683,2.004332081));
#5484=DIRECTION('',(0.000070704,-0.000033439,0.999999997));
#5485=VECTOR('',#5484,2.4);
#5486=LINE('',#5483,#5485);
#5487=EDGE_CURVE('',#3041,#5482,#5486,.T.);
#5488=ORIENTED_EDGE('',*,*,#5487,.F.);
#5489=ORIENTED_EDGE('',*,*,#3047,.T.);
#5490=ORIENTED_EDGE('',*,*,#5487,.T.);
#5491=CARTESIAN_POINT('',(90.771486154,87.420044034,4.404375551));
#5492=DIRECTION('',(-0.000070704,0.000033439,-0.999999997));
#5493=DIRECTION('',(0.707106656,0.707106906,-0.00002635));
#5494=AXIS2_PLACEMENT_3D('',#5491,#5492,#5493);
#5495=CIRCLE('',#5494,1.65);
#5496=EDGE_CURVE('',#5482,#5482,#5495,.T.);
#5497=ORIENTED_EDGE('',*,*,#5496,.F.);
#5498=EDGE_LOOP('',(#5488,#5489,#5490,#5497));
#5499=FACE_BOUND('',#5498,.T.);
#5500=ADVANCED_FACE('',(#5499),#5480,.F.);
#5501=CARTESIAN_POINT('',(203.975060764,200.623658539,4.400157093));
#5502=DIRECTION('',(-0.000070704,0.000033439,-0.999999997));
#5503=DIRECTION('',(0.707106656,0.707106906,-0.00002635));
#5504=AXIS2_PLACEMENT_3D('',#5501,#5502,#5503);
#5505=CYLINDRICAL_SURFACE('',#5504,1.65);
#5506=CARTESIAN_POINT('',(205.141786746,201.790384933,4.400113616));
#5507=VERTEX_POINT('',#5506);
#5508=CARTESIAN_POINT('',(205.141617058,201.790465187,2.000113623));
#5509=DIRECTION('',(0.000070704,-0.000033439,0.999999997));
#5510=VECTOR('',#5509,2.4);
#5511=LINE('',#5508,#5510);
#5512=EDGE_CURVE('',#3063,#5507,#5511,.T.);
#5513=ORIENTED_EDGE('',*,*,#5512,.F.);
#5514=ORIENTED_EDGE('',*,*,#3069,.T.);
#5515=ORIENTED_EDGE('',*,*,#5512,.T.);
#5516=CARTESIAN_POINT('',(203.975060764,200.623658539,4.400157093));
#5517=DIRECTION('',(-0.000070704,0.000033439,-0.999999997));
#5518=DIRECTION('',(0.707106656,0.707106906,-0.00002635));
#5519=AXIS2_PLACEMENT_3D('',#5516,#5517,#5518);
#5520=CIRCLE('',#5519,1.65);
#5521=EDGE_CURVE('',#5507,#5507,#5520,.T.);
#5522=ORIENTED_EDGE('',*,*,#5521,.F.);
#5523=EDGE_LOOP('',(#5513,#5514,#5515,#5522));
#5524=FACE_BOUND('',#5523,.T.);
#5525=ADVANCED_FACE('',(#5524),#5505,.F.);
#5526=CARTESIAN_POINT('',(175.172855034,81.872521306,4.398222559));
#5527=DIRECTION('',(-0.000070704,0.000033439,-0.999999997));
#5528=DIRECTION('',(0.707106656,0.707106906,-0.00002635));
#5529=AXIS2_PLACEMENT_3D('',#5526,#5527,#5528);
#5530=CYLINDRICAL_SURFACE('',#5529,1.699553592);
#5531=CARTESIAN_POINT('',(176.374620692,83.074287387,4.398177776));
#5532=VERTEX_POINT('',#5531);
#5533=CARTESIAN_POINT('',(176.374451003,83.074367642,1.998177784));
#5534=DIRECTION('',(0.000070704,-0.000033439,0.999999997));
#5535=VECTOR('',#5534,2.4);
#5536=LINE('',#5533,#5535);
#5537=EDGE_CURVE('',#3074,#5532,#5536,.T.);
#5538=ORIENTED_EDGE('',*,*,#5537,.F.);
#5539=ORIENTED_EDGE('',*,*,#3080,.T.);
#5540=ORIENTED_EDGE('',*,*,#5537,.T.);
#5541=CARTESIAN_POINT('',(175.172855034,81.872521306,4.398222559));
#5542=DIRECTION('',(-0.000070704,0.000033439,-0.999999997));
#5543=DIRECTION('',(0.707106656,0.707106906,-0.00002635));
#5544=AXIS2_PLACEMENT_3D('',#5541,#5542,#5543);
#5545=CIRCLE('',#5544,1.699553592);
#5546=EDGE_CURVE('',#5532,#5532,#5545,.T.);
#5547=ORIENTED_EDGE('',*,*,#5546,.F.);
#5548=EDGE_LOOP('',(#5538,#5539,#5540,#5547));
#5549=FACE_BOUND('',#5548,.T.);
#5550=ADVANCED_FACE('',(#5549),#5530,.F.);
#5551=CARTESIAN_POINT('',(163.134585131,67.373411621,4.398588869));
#5552=DIRECTION('',(-0.000070704,0.000033439,-0.999999997));
#5553=DIRECTION('',(0.707106656,0.707106906,-0.00002635));
#5554=AXIS2_PLACEMENT_3D('',#5551,#5552,#5553);
#5555=CYLINDRICAL_SURFACE('',#5554,1.699999867);
#5556=CARTESIAN_POINT('',(164.336666352,68.575493266,4.398544074));
#5557=VERTEX_POINT('',#5556);
#5558=CARTESIAN_POINT('',(164.336496663,68.575573521,1.998544081));
#5559=DIRECTION('',(0.000070704,-0.000033439,0.999999997));
#5560=VECTOR('',#5559,2.4);
#5561=LINE('',#5558,#5560);
#5562=EDGE_CURVE('',#3085,#5557,#5561,.T.);
#5563=ORIENTED_EDGE('',*,*,#5562,.F.);
#5564=ORIENTED_EDGE('',*,*,#3091,.T.);
#5565=ORIENTED_EDGE('',*,*,#5562,.T.);
#5566=CARTESIAN_POINT('',(163.134585131,67.373411621,4.398588869));
#5567=DIRECTION('',(-0.000070704,0.000033439,-0.999999997));
#5568=DIRECTION('',(0.707106656,0.707106906,-0.00002635));
#5569=AXIS2_PLACEMENT_3D('',#5566,#5567,#5568);
#5570=CIRCLE('',#5569,1.699999867);
#5571=EDGE_CURVE('',#5557,#5557,#5570,.T.);
#5572=ORIENTED_EDGE('',*,*,#5571,.F.);
#5573=EDGE_LOOP('',(#5563,#5564,#5565,#5572));
#5574=FACE_BOUND('',#5573,.T.);
#5575=ADVANCED_FACE('',(#5574),#5555,.F.);
#5576=CARTESIAN_POINT('',(179.133904378,108.653111098,4.398838023));
#5577=DIRECTION('',(-0.999999998,-0.000000176,0.000070704));
#5578=DIRECTION('',(0.000000174,-0.999999999,-0.000033439));
#5579=AXIS2_PLACEMENT_3D('',#5576,#5577,#5578);
#5580=PLANE('',#5579);
#5581=ORIENTED_EDGE('',*,*,#3118,.T.);
#5582=CARTESIAN_POINT('',(179.133903758,112.21784008,4.398957225));
#5583=VERTEX_POINT('',#5582);
#5584=CARTESIAN_POINT('',(179.133903758,112.21784008,4.398957225));
#5585=DIRECTION('',(-0.000070704,0.000033439,-0.999999997));
#5586=VECTOR('',#5585,2.4);
#5587=LINE('',#5584,#5586);
#5588=EDGE_CURVE('',#5583,#3107,#5587,.T.);
#5589=ORIENTED_EDGE('',*,*,#5588,.F.);
#5590=CARTESIAN_POINT('',(179.133904378,108.653111098,4.398838023));
#5591=VERTEX_POINT('',#5590);
#5592=CARTESIAN_POINT('',(179.133904378,108.653111098,4.398838023));
#5593=DIRECTION('',(-0.000000174,0.999999999,0.000033439));
#5594=VECTOR('',#5593,3.564728985);
#5595=LINE('',#5592,#5594);
#5596=EDGE_CURVE('',#5591,#5583,#5595,.T.);
#5597=ORIENTED_EDGE('',*,*,#5596,.F.);
#5598=CARTESIAN_POINT('',(179.133904378,108.653111098,4.398838023));
#5599=DIRECTION('',(-0.000070704,0.000033439,-0.999999997));
#5600=VECTOR('',#5599,2.4);
#5601=LINE('',#5598,#5600);
#5602=EDGE_CURVE('',#5591,#3098,#5601,.T.);
#5603=ORIENTED_EDGE('',*,*,#5602,.T.);
#5604=EDGE_LOOP('',(#5581,#5589,#5597,#5603));
#5605=FACE_BOUND('',#5604,.T.);
#5606=ADVANCED_FACE('',(#5605),#5580,.F.);
#5607=CARTESIAN_POINT('',(179.133903758,112.21784008,4.398957225));
#5608=DIRECTION('',(0.000435917,0.999999904,0.000033408));
#5609=DIRECTION('',(-0.999999902,0.000435914,0.000070718));
#5610=AXIS2_PLACEMENT_3D('',#5607,#5608,#5609);
#5611=PLANE('',#5610);
#5612=ORIENTED_EDGE('',*,*,#3112,.T.);
#5613=CARTESIAN_POINT('',(182.708877626,112.216281698,4.398704409));
#5614=VERTEX_POINT('',#5613);
#5615=CARTESIAN_POINT('',(182.708877626,112.216281698,4.398704409));
#5616=DIRECTION('',(-0.000070704,0.000033439,-0.999999997));
#5617=VECTOR('',#5616,2.4);
#5618=LINE('',#5615,#5617);
#5619=EDGE_CURVE('',#5614,#3096,#5618,.T.);
#5620=ORIENTED_EDGE('',*,*,#5619,.F.);
#5621=CARTESIAN_POINT('',(179.133903758,112.21784008,4.398957225));
#5622=DIRECTION('',(0.999999902,-0.000435914,-0.000070718));
#5623=VECTOR('',#5622,3.574974217);
#5624=LINE('',#5621,#5623);
#5625=EDGE_CURVE('',#5583,#5614,#5624,.T.);
#5626=ORIENTED_EDGE('',*,*,#5625,.F.);
#5627=ORIENTED_EDGE('',*,*,#5588,.T.);
#5628=EDGE_LOOP('',(#5612,#5620,#5626,#5627));
#5629=FACE_BOUND('',#5628,.T.);
#5630=ADVANCED_FACE('',(#5629),#5611,.F.);
#5631=CARTESIAN_POINT('',(169.133902035,122.261230295,4.400000106));
#5632=DIRECTION('',(-0.000070704,0.000033439,-0.999999997));
#5633=DIRECTION('',(0.707106656,0.707106906,-0.00002635));
#5634=AXIS2_PLACEMENT_3D('',#5631,#5632,#5633);
#5635=CYLINDRICAL_SURFACE('',#5634,16.887301629);
#5636=ORIENTED_EDGE('',*,*,#3104,.T.);
#5637=ORIENTED_EDGE('',*,*,#5602,.F.);
#5638=CARTESIAN_POINT('',(169.133902035,122.261230295,4.400000106));
#5639=DIRECTION('',(-0.000070704,0.000033439,-0.999999997));
#5640=DIRECTION('',(0.707106656,0.707106906,-0.00002635));
#5641=AXIS2_PLACEMENT_3D('',#5638,#5639,#5640);
#5642=CIRCLE('',#5641,16.887301629);
#5643=EDGE_CURVE('',#5614,#5591,#5642,.T.);
#5644=ORIENTED_EDGE('',*,*,#5643,.F.);
#5645=ORIENTED_EDGE('',*,*,#5619,.T.);
#5646=EDGE_LOOP('',(#5636,#5637,#5644,#5645));
#5647=FACE_BOUND('',#5646,.T.);
#5648=ADVANCED_FACE('',(#5647),#5635,.F.);
#5649=CARTESIAN_POINT('',(155.550174081,112.228120567,4.400625025));
#5650=DIRECTION('',(0.000435917,0.999999904,0.000033408));
#5651=DIRECTION('',(-0.999999902,0.000435914,0.000070718));
#5652=AXIS2_PLACEMENT_3D('',#5649,#5650,#5651);
#5653=PLANE('',#5652);
#5654=ORIENTED_EDGE('',*,*,#3145,.T.);
#5655=CARTESIAN_POINT('',(159.133903806,112.226558368,4.40037159));
#5656=VERTEX_POINT('',#5655);
#5657=CARTESIAN_POINT('',(159.133903806,112.226558368,4.40037159));
#5658=DIRECTION('',(-0.000070704,0.000033439,-0.999999997));
#5659=VECTOR('',#5658,2.4);
#5660=LINE('',#5657,#5659);
#5661=EDGE_CURVE('',#5656,#3134,#5660,.T.);
#5662=ORIENTED_EDGE('',*,*,#5661,.F.);
#5663=CARTESIAN_POINT('',(155.550174081,112.228120567,4.400625025));
#5664=VERTEX_POINT('',#5663);
#5665=CARTESIAN_POINT('',(155.550174081,112.228120567,4.400625025));
#5666=DIRECTION('',(0.999999902,-0.000435914,-0.000070718));
#5667=VECTOR('',#5666,3.583730075);
#5668=LINE('',#5665,#5667);
#5669=EDGE_CURVE('',#5664,#5656,#5668,.T.);
#5670=ORIENTED_EDGE('',*,*,#5669,.F.);
#5671=CARTESIAN_POINT('',(155.550174081,112.228120567,4.400625025));
#5672=DIRECTION('',(-0.000070704,0.000033439,-0.999999997));
#5673=VECTOR('',#5672,2.4);
#5674=LINE('',#5671,#5673);
#5675=EDGE_CURVE('',#5664,#3125,#5674,.T.);
#5676=ORIENTED_EDGE('',*,*,#5675,.T.);
#5677=EDGE_LOOP('',(#5654,#5662,#5670,#5676));
#5678=FACE_BOUND('',#5677,.T.);
#5679=ADVANCED_FACE('',(#5678),#5653,.F.);
#5680=CARTESIAN_POINT('',(159.133903806,112.226558368,4.40037159));
#5681=DIRECTION('',(0.999999998,0.000000176,-0.000070704));
#5682=DIRECTION('',(-0.000000174,0.999999999,0.000033439));
#5683=AXIS2_PLACEMENT_3D('',#5680,#5681,#5682);
#5684=PLANE('',#5683);
#5685=ORIENTED_EDGE('',*,*,#3139,.T.);
#5686=CARTESIAN_POINT('',(159.133904428,108.653107569,4.400252096));
#5687=VERTEX_POINT('',#5686);
#5688=CARTESIAN_POINT('',(159.133904428,108.653107569,4.400252096));
#5689=DIRECTION('',(-0.000070704,0.000033439,-0.999999997));
#5690=VECTOR('',#5689,2.4);
#5691=LINE('',#5688,#5690);
#5692=EDGE_CURVE('',#5687,#3123,#5691,.T.);
#5693=ORIENTED_EDGE('',*,*,#5692,.F.);
#5694=CARTESIAN_POINT('',(159.133903806,112.226558368,4.40037159));
#5695=DIRECTION('',(0.000000174,-0.999999999,-0.000033439));
#5696=VECTOR('',#5695,3.573450801);
#5697=LINE('',#5694,#5696);
#5698=EDGE_CURVE('',#5656,#5687,#5697,.T.);
#5699=ORIENTED_EDGE('',*,*,#5698,.F.);
#5700=ORIENTED_EDGE('',*,*,#5661,.T.);
#5701=EDGE_LOOP('',(#5685,#5693,#5699,#5700));
#5702=FACE_BOUND('',#5701,.T.);
#5703=ADVANCED_FACE('',(#5702),#5684,.F.);
#5704=CARTESIAN_POINT('',(169.133902035,122.261230295,4.400000106));
#5705=DIRECTION('',(-0.000070704,0.000033439,-0.999999997));
#5706=DIRECTION('',(0.707106656,0.707106906,-0.00002635));
#5707=AXIS2_PLACEMENT_3D('',#5704,#5705,#5706);
#5708=CYLINDRICAL_SURFACE('',#5707,16.887301629);
#5709=ORIENTED_EDGE('',*,*,#3131,.T.);
#5710=ORIENTED_EDGE('',*,*,#5675,.F.);
#5711=CARTESIAN_POINT('',(169.133902035,122.261230295,4.400000106));
#5712=DIRECTION('',(-0.000070704,0.000033439,-0.999999997));
#5713=DIRECTION('',(0.707106656,0.707106906,-0.00002635));
#5714=AXIS2_PLACEMENT_3D('',#5711,#5712,#5713);
#5715=CIRCLE('',#5714,16.887301629);
#5716=EDGE_CURVE('',#5687,#5664,#5715,.T.);
#5717=ORIENTED_EDGE('',*,*,#5716,.F.);
#5718=ORIENTED_EDGE('',*,*,#5692,.T.);
#5719=EDGE_LOOP('',(#5709,#5710,#5717,#5718));
#5720=FACE_BOUND('',#5719,.T.);
#5721=ADVANCED_FACE('',(#5720),#5708,.F.);
#5722=CARTESIAN_POINT('',(159.133899691,135.869349493,4.401162189));
#5723=DIRECTION('',(0.999999998,0.000000176,-0.000070704));
#5724=DIRECTION('',(-0.000000174,0.999999999,0.000033439));
#5725=AXIS2_PLACEMENT_3D('',#5722,#5723,#5724);
#5726=PLANE('',#5725);
#5727=ORIENTED_EDGE('',*,*,#3172,.T.);
#5728=CARTESIAN_POINT('',(159.133900325,132.226560258,4.401040376));
#5729=VERTEX_POINT('',#5728);
#5730=CARTESIAN_POINT('',(159.133900325,132.226560258,4.401040376));
#5731=DIRECTION('',(-0.000070704,0.000033439,-0.999999997));
#5732=VECTOR('',#5731,2.4);
#5733=LINE('',#5730,#5732);
#5734=EDGE_CURVE('',#5729,#3161,#5733,.T.);
#5735=ORIENTED_EDGE('',*,*,#5734,.F.);
#5736=CARTESIAN_POINT('',(159.133899691,135.869349493,4.401162189));
#5737=VERTEX_POINT('',#5736);
#5738=CARTESIAN_POINT('',(159.133899691,135.869349493,4.401162189));
#5739=DIRECTION('',(0.000000174,-0.999999999,-0.000033439));
#5740=VECTOR('',#5739,3.642789236);
#5741=LINE('',#5738,#5740);
#5742=EDGE_CURVE('',#5737,#5729,#5741,.T.);
#5743=ORIENTED_EDGE('',*,*,#5742,.F.);
#5744=CARTESIAN_POINT('',(159.133899691,135.869349493,4.401162189));
#5745=DIRECTION('',(-0.000070704,0.000033439,-0.999999997));
#5746=VECTOR('',#5745,2.4);
#5747=LINE('',#5744,#5746);
#5748=EDGE_CURVE('',#5737,#3152,#5747,.T.);
#5749=ORIENTED_EDGE('',*,*,#5748,.T.);
#5750=EDGE_LOOP('',(#5727,#5735,#5743,#5749));
#5751=FACE_BOUND('',#5750,.T.);
#5752=ADVANCED_FACE('',(#5751),#5726,.F.);
#5753=CARTESIAN_POINT('',(159.133900325,132.226560258,4.401040376));
#5754=DIRECTION('',(-0.000435917,-0.999999904,-0.000033408));
#5755=DIRECTION('',(0.999999902,-0.000435914,-0.000070718));
#5756=AXIS2_PLACEMENT_3D('',#5753,#5754,#5755);
#5757=PLANE('',#5756);
#5758=ORIENTED_EDGE('',*,*,#3166,.T.);
#5759=CARTESIAN_POINT('',(155.501529072,132.228143661,4.401297251));
#5760=VERTEX_POINT('',#5759);
#5761=CARTESIAN_POINT('',(155.501529072,132.228143661,4.401297251));
#5762=DIRECTION('',(-0.000070704,0.000033439,-0.999999997));
#5763=VECTOR('',#5762,2.4);
#5764=LINE('',#5761,#5763);
#5765=EDGE_CURVE('',#5760,#3150,#5764,.T.);
#5766=ORIENTED_EDGE('',*,*,#5765,.F.);
#5767=CARTESIAN_POINT('',(159.133900325,132.226560258,4.401040376));
#5768=DIRECTION('',(-0.999999902,0.000435914,0.000070718));
#5769=VECTOR('',#5768,3.632371607);
#5770=LINE('',#5767,#5769);
#5771=EDGE_CURVE('',#5729,#5760,#5770,.T.);
#5772=ORIENTED_EDGE('',*,*,#5771,.F.);
#5773=ORIENTED_EDGE('',*,*,#5734,.T.);
#5774=EDGE_LOOP('',(#5758,#5766,#5772,#5773));
#5775=FACE_BOUND('',#5774,.T.);
#5776=ADVANCED_FACE('',(#5775),#5757,.F.);
#5777=CARTESIAN_POINT('',(169.133902035,122.261230295,4.400000106));
#5778=DIRECTION('',(-0.000070704,0.000033439,-0.999999997));
#5779=DIRECTION('',(0.707106656,0.707106906,-0.00002635));
#5780=AXIS2_PLACEMENT_3D('',#5777,#5778,#5779);
#5781=CYLINDRICAL_SURFACE('',#5780,16.887301629);
#5782=ORIENTED_EDGE('',*,*,#3158,.T.);
#5783=ORIENTED_EDGE('',*,*,#5748,.F.);
#5784=CARTESIAN_POINT('',(169.133902035,122.261230295,4.400000106));
#5785=DIRECTION('',(-0.000070704,0.000033439,-0.999999997));
#5786=DIRECTION('',(0.707106656,0.707106906,-0.00002635));
#5787=AXIS2_PLACEMENT_3D('',#5784,#5785,#5786);
#5788=CIRCLE('',#5787,16.887301629);
#5789=EDGE_CURVE('',#5760,#5737,#5788,.T.);
#5790=ORIENTED_EDGE('',*,*,#5789,.F.);
#5791=ORIENTED_EDGE('',*,*,#5765,.T.);
#5792=EDGE_LOOP('',(#5782,#5783,#5790,#5791));
#5793=FACE_BOUND('',#5792,.T.);
#5794=ADVANCED_FACE('',(#5793),#5781,.F.);
#5795=CARTESIAN_POINT('',(182.774959303,132.216254781,4.399368522));
#5796=DIRECTION('',(-0.000435917,-0.999999904,-0.000033408));
#5797=DIRECTION('',(0.999999902,-0.000435914,-0.000070718));
#5798=AXIS2_PLACEMENT_3D('',#5795,#5796,#5797);
#5799=PLANE('',#5798);
#5800=ORIENTED_EDGE('',*,*,#3208,.T.);
#5801=CARTESIAN_POINT('',(179.133900277,132.217841971,4.399626011));
#5802=VERTEX_POINT('',#5801);
#5803=CARTESIAN_POINT('',(179.133900277,132.217841971,4.399626011));
#5804=DIRECTION('',(-0.000070704,0.000033439,-0.999999997));
#5805=VECTOR('',#5804,2.4);
#5806=LINE('',#5803,#5805);
#5807=EDGE_CURVE('',#5802,#3197,#5806,.T.);
#5808=ORIENTED_EDGE('',*,*,#5807,.F.);
#5809=CARTESIAN_POINT('',(182.774959303,132.216254781,4.399368522));
#5810=VERTEX_POINT('',#5809);
#5811=CARTESIAN_POINT('',(182.774959303,132.216254781,4.399368522));
#5812=DIRECTION('',(-0.999999902,0.000435914,0.000070718));
#5813=VECTOR('',#5812,3.641059381);
#5814=LINE('',#5811,#5813);
#5815=EDGE_CURVE('',#5810,#5802,#5814,.T.);
#5816=ORIENTED_EDGE('',*,*,#5815,.F.);
#5817=CARTESIAN_POINT('',(182.774959303,132.216254781,4.399368522));
#5818=DIRECTION('',(-0.000070704,0.000033439,-0.999999997));
#5819=VECTOR('',#5818,2.4);
#5820=LINE('',#5817,#5819);
#5821=EDGE_CURVE('',#5810,#3179,#5820,.T.);
#5822=ORIENTED_EDGE('',*,*,#5821,.T.);
#5823=EDGE_LOOP('',(#5800,#5808,#5816,#5822));
#5824=FACE_BOUND('',#5823,.T.);
#5825=ADVANCED_FACE('',(#5824),#5799,.F.);
#5826=CARTESIAN_POINT('',(179.133900277,132.217841971,4.399626011));
#5827=DIRECTION('',(-0.999999998,-0.000000176,0.000070704));
#5828=DIRECTION('',(0.000000174,-0.999999999,-0.000033439));
#5829=AXIS2_PLACEMENT_3D('',#5826,#5827,#5828);
#5830=PLANE('',#5829);
#5831=ORIENTED_EDGE('',*,*,#3202,.T.);
#5832=CARTESIAN_POINT('',(179.133899641,135.869353021,4.399748115));
#5833=VERTEX_POINT('',#5832);
#5834=CARTESIAN_POINT('',(179.133899641,135.869353021,4.399748115));
#5835=DIRECTION('',(-0.000070704,0.000033439,-0.999999997));
#5836=VECTOR('',#5835,2.4);
#5837=LINE('',#5834,#5836);
#5838=EDGE_CURVE('',#5833,#3188,#5837,.T.);
#5839=ORIENTED_EDGE('',*,*,#5838,.F.);
#5840=CARTESIAN_POINT('',(179.133900277,132.217841971,4.399626011));
#5841=DIRECTION('',(-0.000000174,0.999999999,0.000033439));
#5842=VECTOR('',#5841,3.651511052);
#5843=LINE('',#5840,#5842);
#5844=EDGE_CURVE('',#5802,#5833,#5843,.T.);
#5845=ORIENTED_EDGE('',*,*,#5844,.F.);
#5846=ORIENTED_EDGE('',*,*,#5807,.T.);
#5847=EDGE_LOOP('',(#5831,#5839,#5845,#5846));
#5848=FACE_BOUND('',#5847,.T.);
#5849=ADVANCED_FACE('',(#5848),#5830,.F.);
#5850=CARTESIAN_POINT('',(169.133902035,122.261230295,4.400000106));
#5851=DIRECTION('',(-0.000070704,0.000033439,-0.999999997));
#5852=DIRECTION('',(0.707106656,0.707106906,-0.00002635));
#5853=AXIS2_PLACEMENT_3D('',#5850,#5851,#5852);
#5854=CYLINDRICAL_SURFACE('',#5853,16.887301629);
#5855=CARTESIAN_POINT('',(181.075025424,134.202357893,4.399555128));
#5856=VERTEX_POINT('',#5855);
#5857=CARTESIAN_POINT('',(181.074855735,134.202438147,1.999555135));
#5858=DIRECTION('',(0.000070704,-0.000033439,0.999999997));
#5859=VECTOR('',#5858,2.4);
#5860=LINE('',#5857,#5859);
#5861=EDGE_CURVE('',#3177,#5856,#5860,.T.);
#5862=ORIENTED_EDGE('',*,*,#5861,.F.);
#5863=ORIENTED_EDGE('',*,*,#3185,.T.);
#5864=ORIENTED_EDGE('',*,*,#5821,.F.);
#5865=CARTESIAN_POINT('',(169.133902035,122.261230295,4.400000106));
#5866=DIRECTION('',(-0.000070704,0.000033439,-0.999999997));
#5867=DIRECTION('',(0.707106656,0.707106906,-0.00002635));
#5868=AXIS2_PLACEMENT_3D('',#5865,#5866,#5867);
#5869=CIRCLE('',#5868,16.887301629);
#5870=EDGE_CURVE('',#5856,#5810,#5869,.T.);
#5871=ORIENTED_EDGE('',*,*,#5870,.F.);
#5872=EDGE_LOOP('',(#5862,#5863,#5864,#5871));
#5873=FACE_BOUND('',#5872,.T.);
#5874=ADVANCED_FACE('',(#5873),#5854,.F.);
#5875=CARTESIAN_POINT('',(179.133905593,101.674134756,4.398604651));
#5876=DIRECTION('',(-0.999999998,-0.000000176,0.000070704));
#5877=DIRECTION('',(0.000000174,-0.999999999,-0.000033439));
#5878=AXIS2_PLACEMENT_3D('',#5875,#5876,#5877);
#5879=PLANE('',#5878);
#5880=ORIENTED_EDGE('',*,*,#3244,.T.);
#5881=CARTESIAN_POINT('',(179.133905002,105.070980003,4.398718239));
#5882=VERTEX_POINT('',#5881);
#5883=CARTESIAN_POINT('',(179.133905002,105.070980003,4.398718239));
#5884=DIRECTION('',(-0.000070704,0.000033439,-0.999999997));
#5885=VECTOR('',#5884,2.4);
#5886=LINE('',#5883,#5885);
#5887=EDGE_CURVE('',#5882,#3232,#5886,.T.);
#5888=ORIENTED_EDGE('',*,*,#5887,.F.);
#5889=CARTESIAN_POINT('',(179.133905593,101.674134756,4.398604651));
#5890=VERTEX_POINT('',#5889);
#5891=CARTESIAN_POINT('',(179.133905593,101.674134756,4.398604651));
#5892=DIRECTION('',(-0.000000174,0.999999999,0.000033439));
#5893=VECTOR('',#5892,3.396845249);
#5894=LINE('',#5891,#5893);
#5895=EDGE_CURVE('',#5890,#5882,#5894,.T.);
#5896=ORIENTED_EDGE('',*,*,#5895,.F.);
#5897=CARTESIAN_POINT('',(179.133905593,101.674134756,4.398604651));
#5898=DIRECTION('',(-0.000070704,0.000033439,-0.999999997));
#5899=VECTOR('',#5898,2.4);
#5900=LINE('',#5897,#5899);
#5901=EDGE_CURVE('',#5890,#3215,#5900,.T.);
#5902=ORIENTED_EDGE('',*,*,#5901,.T.);
#5903=EDGE_LOOP('',(#5880,#5888,#5896,#5902));
#5904=FACE_BOUND('',#5903,.T.);
#5905=ADVANCED_FACE('',(#5904),#5879,.F.);
#5906=CARTESIAN_POINT('',(169.133902035,122.261230295,4.400000106));
#5907=DIRECTION('',(-0.000070704,0.000033439,-0.999999997));
#5908=DIRECTION('',(0.707106656,0.707106906,-0.00002635));
#5909=AXIS2_PLACEMENT_3D('',#5906,#5907,#5908);
#5910=CYLINDRICAL_SURFACE('',#5909,19.887301629);
#5911=ORIENTED_EDGE('',*,*,#3238,.T.);
#5912=CARTESIAN_POINT('',(186.297012065,112.214717579,4.398450662));
#5913=VERTEX_POINT('',#5912);
#5914=CARTESIAN_POINT('',(186.297012065,112.214717579,4.398450662));
#5915=DIRECTION('',(-0.000070704,0.000033439,-0.999999997));
#5916=VECTOR('',#5915,2.4);
#5917=LINE('',#5914,#5916);
#5918=EDGE_CURVE('',#5913,#3224,#5917,.T.);
#5919=ORIENTED_EDGE('',*,*,#5918,.F.);
#5920=CARTESIAN_POINT('',(169.133902035,122.261230295,4.400000106));
#5921=DIRECTION('',(0.000070704,-0.000033439,0.999999997));
#5922=DIRECTION('',(0.707106656,0.707106906,-0.00002635));
#5923=AXIS2_PLACEMENT_3D('',#5920,#5921,#5922);
#5924=CIRCLE('',#5923,19.887301629);
#5925=EDGE_CURVE('',#5882,#5913,#5924,.T.);
#5926=ORIENTED_EDGE('',*,*,#5925,.F.);
#5927=ORIENTED_EDGE('',*,*,#5887,.T.);
#5928=EDGE_LOOP('',(#5911,#5919,#5926,#5927));
#5929=FACE_BOUND('',#5928,.T.);
#5930=ADVANCED_FACE('',(#5929),#5910,.T.);
#5931=CARTESIAN_POINT('',(186.297012065,112.214717579,4.398450662));
#5932=DIRECTION('',(0.000435917,0.999999904,0.000033408));
#5933=DIRECTION('',(-0.999999902,0.000435914,0.000070718));
#5934=AXIS2_PLACEMENT_3D('',#5931,#5932,#5933);
#5935=PLANE('',#5934);
#5936=ORIENTED_EDGE('',*,*,#3229,.T.);
#5937=CARTESIAN_POINT('',(189.697616858,112.213235206,4.398210178));
#5938=VERTEX_POINT('',#5937);
#5939=CARTESIAN_POINT('',(189.697616858,112.213235206,4.398210178));
#5940=DIRECTION('',(-0.000070704,0.000033439,-0.999999997));
#5941=VECTOR('',#5940,2.4);
#5942=LINE('',#5939,#5941);
#5943=EDGE_CURVE('',#5938,#3213,#5942,.T.);
#5944=ORIENTED_EDGE('',*,*,#5943,.F.);
#5945=CARTESIAN_POINT('',(186.297012065,112.214717579,4.398450662));
#5946=DIRECTION('',(0.999999902,-0.000435914,-0.000070718));
#5947=VECTOR('',#5946,3.400605125);
#5948=LINE('',#5945,#5947);
#5949=EDGE_CURVE('',#5913,#5938,#5948,.T.);
#5950=ORIENTED_EDGE('',*,*,#5949,.F.);
#5951=ORIENTED_EDGE('',*,*,#5918,.T.);
#5952=EDGE_LOOP('',(#5936,#5944,#5950,#5951));
#5953=FACE_BOUND('',#5952,.T.);
#5954=ADVANCED_FACE('',(#5953),#5935,.F.);
#5955=CARTESIAN_POINT('',(169.133902035,122.261230295,4.400000106));
#5956=DIRECTION('',(-0.000070704,0.000033439,-0.999999997));
#5957=DIRECTION('',(0.707106656,0.707106906,-0.00002635));
#5958=AXIS2_PLACEMENT_3D('',#5955,#5956,#5957);
#5959=CYLINDRICAL_SURFACE('',#5958,22.887301629);
#5960=ORIENTED_EDGE('',*,*,#3221,.T.);
#5961=ORIENTED_EDGE('',*,*,#5901,.F.);
#5962=CARTESIAN_POINT('',(169.133902035,122.261230295,4.400000106));
#5963=DIRECTION('',(-0.000070704,0.000033439,-0.999999997));
#5964=DIRECTION('',(0.707106656,0.707106906,-0.00002635));
#5965=AXIS2_PLACEMENT_3D('',#5962,#5963,#5964);
#5966=CIRCLE('',#5965,22.887301629);
#5967=EDGE_CURVE('',#5938,#5890,#5966,.T.);
#5968=ORIENTED_EDGE('',*,*,#5967,.F.);
#5969=ORIENTED_EDGE('',*,*,#5943,.T.);
#5970=EDGE_LOOP('',(#5960,#5961,#5968,#5969));
#5971=FACE_BOUND('',#5970,.T.);
#5972=ADVANCED_FACE('',(#5971),#5959,.F.);
#5973=CARTESIAN_POINT('',(148.561434849,112.231167059,4.401119256));
#5974=DIRECTION('',(0.000435917,0.999999904,0.000033408));
#5975=DIRECTION('',(-0.999999902,0.000435914,0.000070718));
#5976=AXIS2_PLACEMENT_3D('',#5973,#5974,#5975);
#5977=PLANE('',#5976);
#5978=ORIENTED_EDGE('',*,*,#3280,.T.);
#5979=CARTESIAN_POINT('',(151.962039642,112.229684686,4.400878772));
#5980=VERTEX_POINT('',#5979);
#5981=CARTESIAN_POINT('',(151.962039642,112.229684686,4.400878772));
#5982=DIRECTION('',(-0.000070704,0.000033439,-0.999999997));
#5983=VECTOR('',#5982,2.4);
#5984=LINE('',#5981,#5983);
#5985=EDGE_CURVE('',#5980,#3268,#5984,.T.);
#5986=ORIENTED_EDGE('',*,*,#5985,.F.);
#5987=CARTESIAN_POINT('',(148.561434849,112.231167059,4.401119256));
#5988=VERTEX_POINT('',#5987);
#5989=CARTESIAN_POINT('',(148.561434849,112.231167059,4.401119256));
#5990=DIRECTION('',(0.999999902,-0.000435914,-0.000070718));
#5991=VECTOR('',#5990,3.400605125);
#5992=LINE('',#5989,#5991);
#5993=EDGE_CURVE('',#5988,#5980,#5992,.T.);
#5994=ORIENTED_EDGE('',*,*,#5993,.F.);
#5995=CARTESIAN_POINT('',(148.561434849,112.231167059,4.401119256));
#5996=DIRECTION('',(-0.000070704,0.000033439,-0.999999997));
#5997=VECTOR('',#5996,2.4);
#5998=LINE('',#5995,#5997);
#5999=EDGE_CURVE('',#5988,#3251,#5998,.T.);
#6000=ORIENTED_EDGE('',*,*,#5999,.T.);
#6001=EDGE_LOOP('',(#5978,#5986,#5994,#6000));
#6002=FACE_BOUND('',#6001,.T.);
#6003=ADVANCED_FACE('',(#6002),#5977,.F.);
#6004=CARTESIAN_POINT('',(169.133902035,122.261230295,4.400000106));
#6005=DIRECTION('',(-0.000070704,0.000033439,-0.999999997));
#6006=DIRECTION('',(0.707106656,0.707106906,-0.00002635));
#6007=AXIS2_PLACEMENT_3D('',#6004,#6005,#6006);
#6008=CYLINDRICAL_SURFACE('',#6007,19.887301629);
#6009=ORIENTED_EDGE('',*,*,#3274,.T.);
#6010=CARTESIAN_POINT('',(159.133905052,105.070976474,4.400132312));
#6011=VERTEX_POINT('',#6010);
#6012=CARTESIAN_POINT('',(159.133905052,105.070976474,4.400132312));
#6013=DIRECTION('',(-0.000070704,0.000033439,-0.999999997));
#6014=VECTOR('',#6013,2.4);
#6015=LINE('',#6012,#6014);
#6016=EDGE_CURVE('',#6011,#3260,#6015,.T.);
#6017=ORIENTED_EDGE('',*,*,#6016,.F.);
#6018=CARTESIAN_POINT('',(169.133902035,122.261230295,4.400000106));
#6019=DIRECTION('',(0.000070704,-0.000033439,0.999999997));
#6020=DIRECTION('',(0.707106656,0.707106906,-0.00002635));
#6021=AXIS2_PLACEMENT_3D('',#6018,#6019,#6020);
#6022=CIRCLE('',#6021,19.887301629);
#6023=EDGE_CURVE('',#5980,#6011,#6022,.T.);
#6024=ORIENTED_EDGE('',*,*,#6023,.F.);
#6025=ORIENTED_EDGE('',*,*,#5985,.T.);
#6026=EDGE_LOOP('',(#6009,#6017,#6024,#6025));
#6027=FACE_BOUND('',#6026,.T.);
#6028=ADVANCED_FACE('',(#6027),#6008,.T.);
#6029=CARTESIAN_POINT('',(159.133905052,105.070976474,4.400132312));
#6030=DIRECTION('',(0.999999998,0.000000176,-0.000070704));
#6031=DIRECTION('',(-0.000000174,0.999999999,0.000033439));
#6032=AXIS2_PLACEMENT_3D('',#6029,#6030,#6031);
#6033=PLANE('',#6032);
#6034=ORIENTED_EDGE('',*,*,#3265,.T.);
#6035=CARTESIAN_POINT('',(159.133905643,101.674131227,4.400018724));
#6036=VERTEX_POINT('',#6035);
#6037=CARTESIAN_POINT('',(159.133905643,101.674131227,4.400018724));
#6038=DIRECTION('',(-0.000070704,0.000033439,-0.999999997));
#6039=VECTOR('',#6038,2.4);
#6040=LINE('',#6037,#6039);
#6041=EDGE_CURVE('',#6036,#3249,#6040,.T.);
#6042=ORIENTED_EDGE('',*,*,#6041,.F.);
#6043=CARTESIAN_POINT('',(159.133905052,105.070976474,4.400132312));
#6044=DIRECTION('',(0.000000174,-0.999999999,-0.000033439));
#6045=VECTOR('',#6044,3.396845249);
#6046=LINE('',#6043,#6045);
#6047=EDGE_CURVE('',#6011,#6036,#6046,.T.);
#6048=ORIENTED_EDGE('',*,*,#6047,.F.);
#6049=ORIENTED_EDGE('',*,*,#6016,.T.);
#6050=EDGE_LOOP('',(#6034,#6042,#6048,#6049));
#6051=FACE_BOUND('',#6050,.T.);
#6052=ADVANCED_FACE('',(#6051),#6033,.F.);
#6053=CARTESIAN_POINT('',(169.133902035,122.261230295,4.400000106));
#6054=DIRECTION('',(-0.000070704,0.000033439,-0.999999997));
#6055=DIRECTION('',(0.707106656,0.707106906,-0.00002635));
#6056=AXIS2_PLACEMENT_3D('',#6053,#6054,#6055);
#6057=CYLINDRICAL_SURFACE('',#6056,22.887301629);
#6058=ORIENTED_EDGE('',*,*,#3257,.T.);
#6059=ORIENTED_EDGE('',*,*,#5999,.F.);
#6060=CARTESIAN_POINT('',(169.133902035,122.261230295,4.400000106));
#6061=DIRECTION('',(-0.000070704,0.000033439,-0.999999997));
#6062=DIRECTION('',(0.707106656,0.707106906,-0.00002635));
#6063=AXIS2_PLACEMENT_3D('',#6060,#6061,#6062);
#6064=CIRCLE('',#6063,22.887301629);
#6065=EDGE_CURVE('',#6036,#5988,#6064,.T.);
#6066=ORIENTED_EDGE('',*,*,#6065,.F.);
#6067=ORIENTED_EDGE('',*,*,#6041,.T.);
#6068=EDGE_LOOP('',(#6058,#6059,#6066,#6067));
#6069=FACE_BOUND('',#6068,.T.);
#6070=ADVANCED_FACE('',(#6069),#6057,.F.);
#6071=CARTESIAN_POINT('',(159.133898476,142.848325835,4.401395561));
#6072=DIRECTION('',(0.999999998,0.000000176,-0.000070704));
#6073=DIRECTION('',(-0.000000174,0.999999999,0.000033439));
#6074=AXIS2_PLACEMENT_3D('',#6071,#6072,#6073);
#6075=PLANE('',#6074);
#6076=ORIENTED_EDGE('',*,*,#3316,.T.);
#6077=CARTESIAN_POINT('',(159.133899068,139.451480587,4.401281973));
#6078=VERTEX_POINT('',#6077);
#6079=CARTESIAN_POINT('',(159.133899068,139.451480587,4.401281973));
#6080=DIRECTION('',(-0.000070704,0.000033439,-0.999999997));
#6081=VECTOR('',#6080,2.4);
#6082=LINE('',#6079,#6081);
#6083=EDGE_CURVE('',#6078,#3304,#6082,.T.);
#6084=ORIENTED_EDGE('',*,*,#6083,.F.);
#6085=CARTESIAN_POINT('',(159.133898476,142.848325835,4.401395561));
#6086=VERTEX_POINT('',#6085);
#6087=CARTESIAN_POINT('',(159.133898476,142.848325835,4.401395561));
#6088=DIRECTION('',(0.000000174,-0.999999999,-0.000033439));
#6089=VECTOR('',#6088,3.396845249);
#6090=LINE('',#6087,#6089);
#6091=EDGE_CURVE('',#6086,#6078,#6090,.T.);
#6092=ORIENTED_EDGE('',*,*,#6091,.F.);
#6093=CARTESIAN_POINT('',(159.133898476,142.848325835,4.401395561));
#6094=DIRECTION('',(-0.000070704,0.000033439,-0.999999997));
#6095=VECTOR('',#6094,2.4);
#6096=LINE('',#6093,#6095);
#6097=EDGE_CURVE('',#6086,#3287,#6096,.T.);
#6098=ORIENTED_EDGE('',*,*,#6097,.T.);
#6099=EDGE_LOOP('',(#6076,#6084,#6092,#6098));
#6100=FACE_BOUND('',#6099,.T.);
#6101=ADVANCED_FACE('',(#6100),#6075,.F.);
#6102=CARTESIAN_POINT('',(169.133902035,122.261230295,4.400000106));
#6103=DIRECTION('',(-0.000070704,0.000033439,-0.999999997));
#6104=DIRECTION('',(0.707106656,0.707106906,-0.00002635));
#6105=AXIS2_PLACEMENT_3D('',#6102,#6103,#6104);
#6106=CYLINDRICAL_SURFACE('',#6105,19.887301629);
#6107=ORIENTED_EDGE('',*,*,#3310,.T.);
#6108=CARTESIAN_POINT('',(151.925348226,132.22970257,4.401550153));
#6109=VERTEX_POINT('',#6108);
#6110=CARTESIAN_POINT('',(151.925348226,132.22970257,4.401550153));
#6111=DIRECTION('',(-0.000070704,0.000033439,-0.999999997));
#6112=VECTOR('',#6111,2.4);
#6113=LINE('',#6110,#6112);
#6114=EDGE_CURVE('',#6109,#3296,#6113,.T.);
#6115=ORIENTED_EDGE('',*,*,#6114,.F.);
#6116=CARTESIAN_POINT('',(169.133902035,122.261230295,4.400000106));
#6117=DIRECTION('',(0.000070704,-0.000033439,0.999999997));
#6118=DIRECTION('',(0.707106656,0.707106906,-0.00002635));
#6119=AXIS2_PLACEMENT_3D('',#6116,#6117,#6118);
#6120=CIRCLE('',#6119,19.887301629);
#6121=EDGE_CURVE('',#6078,#6109,#6120,.T.);
#6122=ORIENTED_EDGE('',*,*,#6121,.F.);
#6123=ORIENTED_EDGE('',*,*,#6083,.T.);
#6124=EDGE_LOOP('',(#6107,#6115,#6122,#6123));
#6125=FACE_BOUND('',#6124,.T.);
#6126=ADVANCED_FACE('',(#6125),#6106,.T.);
#6127=CARTESIAN_POINT('',(151.925348226,132.22970257,4.401550153));
#6128=DIRECTION('',(-0.000435917,-0.999999904,-0.000033408));
#6129=DIRECTION('',(0.999999902,-0.000435914,-0.000070718));
#6130=AXIS2_PLACEMENT_3D('',#6127,#6128,#6129);
#6131=PLANE('',#6130);
#6132=ORIENTED_EDGE('',*,*,#3301,.T.);
#6133=CARTESIAN_POINT('',(148.532236031,132.231181676,4.401790108));
#6134=VERTEX_POINT('',#6133);
#6135=CARTESIAN_POINT('',(148.532236031,132.231181676,4.401790108));
#6136=DIRECTION('',(-0.000070704,0.000033439,-0.999999997));
#6137=VECTOR('',#6136,2.4);
#6138=LINE('',#6135,#6137);
#6139=EDGE_CURVE('',#6134,#3285,#6138,.T.);
#6140=ORIENTED_EDGE('',*,*,#6139,.F.);
#6141=CARTESIAN_POINT('',(151.925348226,132.22970257,4.401550153));
#6142=DIRECTION('',(-0.999999902,0.000435914,0.000070718));
#6143=VECTOR('',#6142,3.393112525);
#6144=LINE('',#6141,#6143);
#6145=EDGE_CURVE('',#6109,#6134,#6144,.T.);
#6146=ORIENTED_EDGE('',*,*,#6145,.F.);
#6147=ORIENTED_EDGE('',*,*,#6114,.T.);
#6148=EDGE_LOOP('',(#6132,#6140,#6146,#6147));
#6149=FACE_BOUND('',#6148,.T.);
#6150=ADVANCED_FACE('',(#6149),#6131,.F.);
#6151=CARTESIAN_POINT('',(169.133902035,122.261230295,4.400000106));
#6152=DIRECTION('',(-0.000070704,0.000033439,-0.999999997));
#6153=DIRECTION('',(0.707106656,0.707106906,-0.00002635));
#6154=AXIS2_PLACEMENT_3D('',#6151,#6152,#6153);
#6155=CYLINDRICAL_SURFACE('',#6154,22.887301629);
#6156=ORIENTED_EDGE('',*,*,#3293,.T.);
#6157=ORIENTED_EDGE('',*,*,#6097,.F.);
#6158=CARTESIAN_POINT('',(169.133902035,122.261230295,4.400000106));
#6159=DIRECTION('',(-0.000070704,0.000033439,-0.999999997));
#6160=DIRECTION('',(0.707106656,0.707106906,-0.00002635));
#6161=AXIS2_PLACEMENT_3D('',#6158,#6159,#6160);
#6162=CIRCLE('',#6161,22.887301629);
#6163=EDGE_CURVE('',#6134,#6086,#6162,.T.);
#6164=ORIENTED_EDGE('',*,*,#6163,.F.);
#6165=ORIENTED_EDGE('',*,*,#6139,.T.);
#6166=EDGE_LOOP('',(#6156,#6157,#6164,#6165));
#6167=FACE_BOUND('',#6166,.T.);
#6168=ADVANCED_FACE('',(#6167),#6155,.F.);
#6169=CARTESIAN_POINT('',(189.744252344,132.213216766,4.398875666));
#6170=DIRECTION('',(-0.000435917,-0.999999904,-0.000033408));
#6171=DIRECTION('',(0.999999902,-0.000435914,-0.000070718));
#6172=AXIS2_PLACEMENT_3D('',#6169,#6170,#6171);
#6173=PLANE('',#6172);
#6174=ORIENTED_EDGE('',*,*,#3370,.T.);
#6175=CARTESIAN_POINT('',(186.35114015,132.214695872,4.399115621));
#6176=VERTEX_POINT('',#6175);
#6177=CARTESIAN_POINT('',(186.35114015,132.214695872,4.399115621));
#6178=DIRECTION('',(-0.000070704,0.000033439,-0.999999997));
#6179=VECTOR('',#6178,2.4);
#6180=LINE('',#6177,#6179);
#6181=EDGE_CURVE('',#6176,#3358,#6180,.T.);
#6182=ORIENTED_EDGE('',*,*,#6181,.F.);
#6183=CARTESIAN_POINT('',(189.744252344,132.213216766,4.398875666));
#6184=VERTEX_POINT('',#6183);
#6185=CARTESIAN_POINT('',(189.744252344,132.213216766,4.398875666));
#6186=DIRECTION('',(-0.999999902,0.000435914,0.000070718));
#6187=VECTOR('',#6186,3.393112525);
#6188=LINE('',#6185,#6187);
#6189=EDGE_CURVE('',#6184,#6176,#6188,.T.);
#6190=ORIENTED_EDGE('',*,*,#6189,.F.);
#6191=CARTESIAN_POINT('',(189.744252344,132.213216766,4.398875666));
#6192=DIRECTION('',(-0.000070704,0.000033439,-0.999999997));
#6193=VECTOR('',#6192,2.4);
#6194=LINE('',#6191,#6193);
#6195=EDGE_CURVE('',#6184,#3323,#6194,.T.);
#6196=ORIENTED_EDGE('',*,*,#6195,.T.);
#6197=EDGE_LOOP('',(#6174,#6182,#6190,#6196));
#6198=FACE_BOUND('',#6197,.T.);
#6199=ADVANCED_FACE('',(#6198),#6173,.F.);
#6200=CARTESIAN_POINT('',(169.133902035,122.261230295,4.400000106));
#6201=DIRECTION('',(-0.000070704,0.000033439,-0.999999997));
#6202=DIRECTION('',(0.707106656,0.707106906,-0.00002635));
#6203=AXIS2_PLACEMENT_3D('',#6200,#6201,#6202);
#6204=CYLINDRICAL_SURFACE('',#6203,19.887301629);
#6205=CARTESIAN_POINT('',(183.196345393,136.32367861,4.399476078));
#6206=VERTEX_POINT('',#6205);
#6207=CARTESIAN_POINT('',(183.196175704,136.323758864,1.999476085));
#6208=DIRECTION('',(0.000070704,-0.000033439,0.999999997));
#6209=VECTOR('',#6208,2.4);
#6210=LINE('',#6207,#6209);
#6211=EDGE_CURVE('',#3349,#6206,#6210,.T.);
#6212=ORIENTED_EDGE('',*,*,#6211,.T.);
#6213=CARTESIAN_POINT('',(169.133902035,122.261230295,4.400000106));
#6214=DIRECTION('',(0.000070704,-0.000033439,0.999999997));
#6215=DIRECTION('',(0.707106656,0.707106906,-0.00002635));
#6216=AXIS2_PLACEMENT_3D('',#6213,#6214,#6215);
#6217=CIRCLE('',#6216,19.887301629);
#6218=EDGE_CURVE('',#6176,#6206,#6217,.T.);
#6219=ORIENTED_EDGE('',*,*,#6218,.F.);
#6220=ORIENTED_EDGE('',*,*,#6181,.T.);
#6221=ORIENTED_EDGE('',*,*,#3364,.T.);
#6222=EDGE_LOOP('',(#6212,#6219,#6220,#6221));
#6223=FACE_BOUND('',#6222,.T.);
#6224=ADVANCED_FACE('',(#6223),#6204,.T.);
#6225=CARTESIAN_POINT('',(179.133899018,139.451484115,4.399867899));
#6226=DIRECTION('',(-0.999999998,-0.000000176,0.000070704));
#6227=DIRECTION('',(0.000000174,-0.999999999,-0.000033439));
#6228=AXIS2_PLACEMENT_3D('',#6225,#6226,#6227);
#6229=PLANE('',#6228);
#6230=ORIENTED_EDGE('',*,*,#3346,.T.);
#6231=CARTESIAN_POINT('',(179.133898427,142.848329363,4.399981488));
#6232=VERTEX_POINT('',#6231);
#6233=CARTESIAN_POINT('',(179.133898427,142.848329363,4.399981488));
#6234=DIRECTION('',(-0.000070704,0.000033439,-0.999999997));
#6235=VECTOR('',#6234,2.4);
#6236=LINE('',#6233,#6235);
#6237=EDGE_CURVE('',#6232,#3332,#6236,.T.);
#6238=ORIENTED_EDGE('',*,*,#6237,.F.);
#6239=CARTESIAN_POINT('',(179.133899018,139.451484115,4.399867899));
#6240=VERTEX_POINT('',#6239);
#6241=CARTESIAN_POINT('',(179.133899018,139.451484115,4.399867899));
#6242=DIRECTION('',(-0.000000174,0.999999999,0.000033439));
#6243=VECTOR('',#6242,3.396845249);
#6244=LINE('',#6241,#6243);
#6245=EDGE_CURVE('',#6240,#6232,#6244,.T.);
#6246=ORIENTED_EDGE('',*,*,#6245,.F.);
#6247=CARTESIAN_POINT('',(179.133899018,139.451484115,4.399867899));
#6248=DIRECTION('',(-0.000070704,0.000033439,-0.999999997));
#6249=VECTOR('',#6248,2.4);
#6250=LINE('',#6247,#6249);
#6251=EDGE_CURVE('',#6240,#3341,#6250,.T.);
#6252=ORIENTED_EDGE('',*,*,#6251,.T.);
#6253=EDGE_LOOP('',(#6230,#6238,#6246,#6252));
#6254=FACE_BOUND('',#6253,.T.);
#6255=ADVANCED_FACE('',(#6254),#6229,.F.);
#6256=CARTESIAN_POINT('',(169.133902035,122.261230295,4.400000106));
#6257=DIRECTION('',(-0.000070704,0.000033439,-0.999999997));
#6258=DIRECTION('',(0.707106656,0.707106906,-0.00002635));
#6259=AXIS2_PLACEMENT_3D('',#6256,#6257,#6258);
#6260=CYLINDRICAL_SURFACE('',#6259,22.887301629);
#6261=CARTESIAN_POINT('',(185.317665362,138.444999326,4.399397028));
#6262=VERTEX_POINT('',#6261);
#6263=CARTESIAN_POINT('',(185.317495673,138.445079581,1.999397036));
#6264=DIRECTION('',(0.000070704,-0.000033439,0.999999997));
#6265=VECTOR('',#6264,2.4);
#6266=LINE('',#6263,#6265);
#6267=EDGE_CURVE('',#3321,#6262,#6266,.T.);
#6268=ORIENTED_EDGE('',*,*,#6267,.F.);
#6269=ORIENTED_EDGE('',*,*,#3329,.T.);
#6270=ORIENTED_EDGE('',*,*,#6195,.F.);
#6271=CARTESIAN_POINT('',(169.133902035,122.261230295,4.400000106));
#6272=DIRECTION('',(-0.000070704,0.000033439,-0.999999997));
#6273=DIRECTION('',(0.707106656,0.707106906,-0.00002635));
#6274=AXIS2_PLACEMENT_3D('',#6271,#6272,#6273);
#6275=CIRCLE('',#6274,22.887301629);
#6276=EDGE_CURVE('',#6262,#6184,#6275,.T.);
#6277=ORIENTED_EDGE('',*,*,#6276,.F.);
#6278=EDGE_LOOP('',(#6268,#6269,#6270,#6277));
#6279=FACE_BOUND('',#6278,.T.);
#6280=ADVANCED_FACE('',(#6279),#6260,.F.);
#6281=CARTESIAN_POINT('',(179.133906727,95.160010784,4.398386823));
#6282=DIRECTION('',(-0.999999998,-0.000000176,0.000070704));
#6283=DIRECTION('',(0.000000174,-0.999999999,-0.000033439));
#6284=AXIS2_PLACEMENT_3D('',#6281,#6282,#6283);
#6285=PLANE('',#6284);
#6286=ORIENTED_EDGE('',*,*,#3406,.T.);
#6287=CARTESIAN_POINT('',(179.133906166,98.383368147,4.39849461));
#6288=VERTEX_POINT('',#6287);
#6289=CARTESIAN_POINT('',(179.133906166,98.383368147,4.39849461));
#6290=DIRECTION('',(-0.000070704,0.000033439,-0.999999997));
#6291=VECTOR('',#6290,2.4);
#6292=LINE('',#6289,#6291);
#6293=EDGE_CURVE('',#6288,#3394,#6292,.T.);
#6294=ORIENTED_EDGE('',*,*,#6293,.F.);
#6295=CARTESIAN_POINT('',(179.133906727,95.160010784,4.398386823));
#6296=VERTEX_POINT('',#6295);
#6297=CARTESIAN_POINT('',(179.133906727,95.160010784,4.398386823));
#6298=DIRECTION('',(-0.000000174,0.999999999,0.000033439));
#6299=VECTOR('',#6298,3.223357365);
#6300=LINE('',#6297,#6299);
#6301=EDGE_CURVE('',#6296,#6288,#6300,.T.);
#6302=ORIENTED_EDGE('',*,*,#6301,.F.);
#6303=CARTESIAN_POINT('',(179.133906727,95.160010784,4.398386823));
#6304=DIRECTION('',(-0.000070704,0.000033439,-0.999999997));
#6305=VECTOR('',#6304,2.4);
#6306=LINE('',#6303,#6305);
#6307=EDGE_CURVE('',#6296,#3377,#6306,.T.);
#6308=ORIENTED_EDGE('',*,*,#6307,.T.);
#6309=EDGE_LOOP('',(#6286,#6294,#6302,#6308));
#6310=FACE_BOUND('',#6309,.T.);
#6311=ADVANCED_FACE('',(#6310),#6285,.F.);
#6312=CARTESIAN_POINT('',(169.133902035,122.261230295,4.400000106));
#6313=DIRECTION('',(-0.000070704,0.000033439,-0.999999997));
#6314=DIRECTION('',(0.707106656,0.707106906,-0.00002635));
#6315=AXIS2_PLACEMENT_3D('',#6312,#6313,#6314);
#6316=CYLINDRICAL_SURFACE('',#6315,25.887301629);
#6317=ORIENTED_EDGE('',*,*,#3400,.T.);
#6318=CARTESIAN_POINT('',(192.991004199,112.211799571,4.397977275));
#6319=VERTEX_POINT('',#6318);
#6320=CARTESIAN_POINT('',(192.991004199,112.211799571,4.397977275));
#6321=DIRECTION('',(-0.000070704,0.000033439,-0.999999997));
#6322=VECTOR('',#6321,2.4);
#6323=LINE('',#6320,#6322);
#6324=EDGE_CURVE('',#6319,#3386,#6323,.T.);
#6325=ORIENTED_EDGE('',*,*,#6324,.F.);
#6326=CARTESIAN_POINT('',(169.133902035,122.261230295,4.400000106));
#6327=DIRECTION('',(0.000070704,-0.000033439,0.999999997));
#6328=DIRECTION('',(0.707106656,0.707106906,-0.00002635));
#6329=AXIS2_PLACEMENT_3D('',#6326,#6327,#6328);
#6330=CIRCLE('',#6329,25.887301629);
#6331=EDGE_CURVE('',#6288,#6319,#6330,.T.);
#6332=ORIENTED_EDGE('',*,*,#6331,.F.);
#6333=ORIENTED_EDGE('',*,*,#6293,.T.);
#6334=EDGE_LOOP('',(#6317,#6325,#6332,#6333));
#6335=FACE_BOUND('',#6334,.T.);
#6336=ADVANCED_FACE('',(#6335),#6316,.T.);
#6337=CARTESIAN_POINT('',(192.991004199,112.211799571,4.397977275));
#6338=DIRECTION('',(0.000435917,0.999999904,0.000033408));
#6339=DIRECTION('',(-0.999999902,0.000435914,0.000070718));
#6340=AXIS2_PLACEMENT_3D('',#6337,#6338,#6339);
#6341=PLANE('',#6340);
#6342=ORIENTED_EDGE('',*,*,#3391,.T.);
#6343=CARTESIAN_POINT('',(196.216310944,112.210393614,4.397749187));
#6344=VERTEX_POINT('',#6343);
#6345=CARTESIAN_POINT('',(196.216310944,112.210393614,4.397749187));
#6346=DIRECTION('',(-0.000070704,0.000033439,-0.999999997));
#6347=VECTOR('',#6346,2.4);
#6348=LINE('',#6345,#6347);
#6349=EDGE_CURVE('',#6344,#3375,#6348,.T.);
#6350=ORIENTED_EDGE('',*,*,#6349,.F.);
#6351=CARTESIAN_POINT('',(192.991004199,112.211799571,4.397977275));
#6352=DIRECTION('',(0.999999902,-0.000435914,-0.000070718));
#6353=VECTOR('',#6352,3.22530706);
#6354=LINE('',#6351,#6353);
#6355=EDGE_CURVE('',#6319,#6344,#6354,.T.);
#6356=ORIENTED_EDGE('',*,*,#6355,.F.);
#6357=ORIENTED_EDGE('',*,*,#6324,.T.);
#6358=EDGE_LOOP('',(#6342,#6350,#6356,#6357));
#6359=FACE_BOUND('',#6358,.T.);
#6360=ADVANCED_FACE('',(#6359),#6341,.F.);
#6361=CARTESIAN_POINT('',(169.133902035,122.261230295,4.400000106));
#6362=DIRECTION('',(-0.000070704,0.000033439,-0.999999997));
#6363=DIRECTION('',(0.707106656,0.707106906,-0.00002635));
#6364=AXIS2_PLACEMENT_3D('',#6361,#6362,#6363);
#6365=CYLINDRICAL_SURFACE('',#6364,28.887301629);
#6366=ORIENTED_EDGE('',*,*,#3383,.T.);
#6367=ORIENTED_EDGE('',*,*,#6307,.F.);
#6368=CARTESIAN_POINT('',(169.133902035,122.261230295,4.400000106));
#6369=DIRECTION('',(-0.000070704,0.000033439,-0.999999997));
#6370=DIRECTION('',(0.707106656,0.707106906,-0.00002635));
#6371=AXIS2_PLACEMENT_3D('',#6368,#6369,#6370);
#6372=CIRCLE('',#6371,28.887301629);
#6373=EDGE_CURVE('',#6344,#6296,#6372,.T.);
#6374=ORIENTED_EDGE('',*,*,#6373,.F.);
#6375=ORIENTED_EDGE('',*,*,#6349,.T.);
#6376=EDGE_LOOP('',(#6366,#6367,#6374,#6375));
#6377=FACE_BOUND('',#6376,.T.);
#6378=ADVANCED_FACE('',(#6377),#6365,.F.);
#6379=CARTESIAN_POINT('',(142.042740763,112.234008651,4.401580247));
#6380=DIRECTION('',(0.000435917,0.999999904,0.000033408));
#6381=DIRECTION('',(-0.999999902,0.000435914,0.000070718));
#6382=AXIS2_PLACEMENT_3D('',#6379,#6380,#6381);
#6383=PLANE('',#6382);
#6384=ORIENTED_EDGE('',*,*,#3442,.T.);
#6385=CARTESIAN_POINT('',(145.268047509,112.232602694,4.401352159));
#6386=VERTEX_POINT('',#6385);
#6387=CARTESIAN_POINT('',(145.268047509,112.232602694,4.401352159));
#6388=DIRECTION('',(-0.000070704,0.000033439,-0.999999997));
#6389=VECTOR('',#6388,2.4);
#6390=LINE('',#6387,#6389);
#6391=EDGE_CURVE('',#6386,#3430,#6390,.T.);
#6392=ORIENTED_EDGE('',*,*,#6391,.F.);
#6393=CARTESIAN_POINT('',(142.042740763,112.234008651,4.401580247));
#6394=VERTEX_POINT('',#6393);
#6395=CARTESIAN_POINT('',(142.042740763,112.234008651,4.401580247));
#6396=DIRECTION('',(0.999999902,-0.000435914,-0.000070718));
#6397=VECTOR('',#6396,3.22530706);
#6398=LINE('',#6395,#6397);
#6399=EDGE_CURVE('',#6394,#6386,#6398,.T.);
#6400=ORIENTED_EDGE('',*,*,#6399,.F.);
#6401=CARTESIAN_POINT('',(142.042740763,112.234008651,4.401580247));
#6402=DIRECTION('',(-0.000070704,0.000033439,-0.999999997));
#6403=VECTOR('',#6402,2.4);
#6404=LINE('',#6401,#6403);
#6405=EDGE_CURVE('',#6394,#3413,#6404,.T.);
#6406=ORIENTED_EDGE('',*,*,#6405,.T.);
#6407=EDGE_LOOP('',(#6384,#6392,#6400,#6406));
#6408=FACE_BOUND('',#6407,.T.);
#6409=ADVANCED_FACE('',(#6408),#6383,.F.);
#6410=CARTESIAN_POINT('',(169.133902035,122.261230295,4.400000106));
#6411=DIRECTION('',(-0.000070704,0.000033439,-0.999999997));
#6412=DIRECTION('',(0.707106656,0.707106906,-0.00002635));
#6413=AXIS2_PLACEMENT_3D('',#6410,#6411,#6412);
#6414=CYLINDRICAL_SURFACE('',#6413,25.887301629);
#6415=ORIENTED_EDGE('',*,*,#3436,.T.);
#6416=CARTESIAN_POINT('',(159.133906216,98.383364618,4.399908683));
#6417=VERTEX_POINT('',#6416);
#6418=CARTESIAN_POINT('',(159.133906216,98.383364618,4.399908683));
#6419=DIRECTION('',(-0.000070704,0.000033439,-0.999999997));
#6420=VECTOR('',#6419,2.4);
#6421=LINE('',#6418,#6420);
#6422=EDGE_CURVE('',#6417,#3422,#6421,.T.);
#6423=ORIENTED_EDGE('',*,*,#6422,.F.);
#6424=CARTESIAN_POINT('',(169.133902035,122.261230295,4.400000106));
#6425=DIRECTION('',(0.000070704,-0.000033439,0.999999997));
#6426=DIRECTION('',(0.707106656,0.707106906,-0.00002635));
#6427=AXIS2_PLACEMENT_3D('',#6424,#6425,#6426);
#6428=CIRCLE('',#6427,25.887301629);
#6429=EDGE_CURVE('',#6386,#6417,#6428,.T.);
#6430=ORIENTED_EDGE('',*,*,#6429,.F.);
#6431=ORIENTED_EDGE('',*,*,#6391,.T.);
#6432=EDGE_LOOP('',(#6415,#6423,#6430,#6431));
#6433=FACE_BOUND('',#6432,.T.);
#6434=ADVANCED_FACE('',(#6433),#6414,.T.);
#6435=CARTESIAN_POINT('',(159.133906216,98.383364618,4.399908683));
#6436=DIRECTION('',(0.999999998,0.000000176,-0.000070704));
#6437=DIRECTION('',(-0.000000174,0.999999999,0.000033439));
#6438=AXIS2_PLACEMENT_3D('',#6435,#6436,#6437);
#6439=PLANE('',#6438);
#6440=ORIENTED_EDGE('',*,*,#3427,.T.);
#6441=CARTESIAN_POINT('',(159.133906777,95.160007256,4.399800896));
#6442=VERTEX_POINT('',#6441);
#6443=CARTESIAN_POINT('',(159.133906777,95.160007256,4.399800896));
#6444=DIRECTION('',(-0.000070704,0.000033439,-0.999999997));
#6445=VECTOR('',#6444,2.4);
#6446=LINE('',#6443,#6445);
#6447=EDGE_CURVE('',#6442,#3411,#6446,.T.);
#6448=ORIENTED_EDGE('',*,*,#6447,.F.);
#6449=CARTESIAN_POINT('',(159.133906216,98.383364618,4.399908683));
#6450=DIRECTION('',(0.000000174,-0.999999999,-0.000033439));
#6451=VECTOR('',#6450,3.223357365);
#6452=LINE('',#6449,#6451);
#6453=EDGE_CURVE('',#6417,#6442,#6452,.T.);
#6454=ORIENTED_EDGE('',*,*,#6453,.F.);
#6455=ORIENTED_EDGE('',*,*,#6422,.T.);
#6456=EDGE_LOOP('',(#6440,#6448,#6454,#6455));
#6457=FACE_BOUND('',#6456,.T.);
#6458=ADVANCED_FACE('',(#6457),#6439,.F.);
#6459=CARTESIAN_POINT('',(169.133902035,122.261230295,4.400000106));
#6460=DIRECTION('',(-0.000070704,0.000033439,-0.999999997));
#6461=DIRECTION('',(0.707106656,0.707106906,-0.00002635));
#6462=AXIS2_PLACEMENT_3D('',#6459,#6460,#6461);
#6463=CYLINDRICAL_SURFACE('',#6462,28.887301629);
#6464=ORIENTED_EDGE('',*,*,#3419,.T.);
#6465=ORIENTED_EDGE('',*,*,#6405,.F.);
#6466=CARTESIAN_POINT('',(169.133902035,122.261230295,4.400000106));
#6467=DIRECTION('',(-0.000070704,0.000033439,-0.999999997));
#6468=DIRECTION('',(0.707106656,0.707106906,-0.00002635));
#6469=AXIS2_PLACEMENT_3D('',#6466,#6467,#6468);
#6470=CIRCLE('',#6469,28.887301629);
#6471=EDGE_CURVE('',#6442,#6394,#6470,.T.);
#6472=ORIENTED_EDGE('',*,*,#6471,.F.);
#6473=ORIENTED_EDGE('',*,*,#6447,.T.);
#6474=EDGE_LOOP('',(#6464,#6465,#6472,#6473));
#6475=FACE_BOUND('',#6474,.T.);
#6476=ADVANCED_FACE('',(#6475),#6463,.F.);
#6477=CARTESIAN_POINT('',(159.133897343,149.362449806,4.401613389));
#6478=DIRECTION('',(0.999999998,0.000000176,-0.000070704));
#6479=DIRECTION('',(-0.000000174,0.999999999,0.000033439));
#6480=AXIS2_PLACEMENT_3D('',#6477,#6478,#6479);
#6481=PLANE('',#6480);
#6482=ORIENTED_EDGE('',*,*,#3478,.T.);
#6483=CARTESIAN_POINT('',(159.133897904,146.139092443,4.401505602));
#6484=VERTEX_POINT('',#6483);
#6485=CARTESIAN_POINT('',(159.133897904,146.139092443,4.401505602));
#6486=DIRECTION('',(-0.000070704,0.000033439,-0.999999997));
#6487=VECTOR('',#6486,2.4);
#6488=LINE('',#6485,#6487);
#6489=EDGE_CURVE('',#6484,#3466,#6488,.T.);
#6490=ORIENTED_EDGE('',*,*,#6489,.F.);
#6491=CARTESIAN_POINT('',(159.133897343,149.362449806,4.401613389));
#6492=VERTEX_POINT('',#6491);
#6493=CARTESIAN_POINT('',(159.133897343,149.362449806,4.401613389));
#6494=DIRECTION('',(0.000000174,-0.999999999,-0.000033439));
#6495=VECTOR('',#6494,3.223357365);
#6496=LINE('',#6493,#6495);
#6497=EDGE_CURVE('',#6492,#6484,#6496,.T.);
#6498=ORIENTED_EDGE('',*,*,#6497,.F.);
#6499=CARTESIAN_POINT('',(159.133897343,149.362449806,4.401613389));
#6500=DIRECTION('',(-0.000070704,0.000033439,-0.999999997));
#6501=VECTOR('',#6500,2.4);
#6502=LINE('',#6499,#6501);
#6503=EDGE_CURVE('',#6492,#3449,#6502,.T.);
#6504=ORIENTED_EDGE('',*,*,#6503,.T.);
#6505=EDGE_LOOP('',(#6482,#6490,#6498,#6504));
#6506=FACE_BOUND('',#6505,.T.);
#6507=ADVANCED_FACE('',(#6506),#6481,.F.);
#6508=CARTESIAN_POINT('',(169.133902035,122.261230295,4.400000106));
#6509=DIRECTION('',(-0.000070704,0.000033439,-0.999999997));
#6510=DIRECTION('',(0.707106656,0.707106906,-0.00002635));
#6511=AXIS2_PLACEMENT_3D('',#6508,#6509,#6510);
#6512=CYLINDRICAL_SURFACE('',#6511,25.887301629);
#6513=ORIENTED_EDGE('',*,*,#3472,.T.);
#6514=CARTESIAN_POINT('',(145.244074326,132.232615033,4.402022641));
#6515=VERTEX_POINT('',#6514);
#6516=CARTESIAN_POINT('',(145.244074326,132.232615033,4.402022641));
#6517=DIRECTION('',(-0.000070704,0.000033439,-0.999999997));
#6518=VECTOR('',#6517,2.4);
#6519=LINE('',#6516,#6518);
#6520=EDGE_CURVE('',#6515,#3458,#6519,.T.);
#6521=ORIENTED_EDGE('',*,*,#6520,.F.);
#6522=CARTESIAN_POINT('',(169.133902035,122.261230295,4.400000106));
#6523=DIRECTION('',(0.000070704,-0.000033439,0.999999997));
#6524=DIRECTION('',(0.707106656,0.707106906,-0.00002635));
#6525=AXIS2_PLACEMENT_3D('',#6522,#6523,#6524);
#6526=CIRCLE('',#6525,25.887301629);
#6527=EDGE_CURVE('',#6484,#6515,#6526,.T.);
#6528=ORIENTED_EDGE('',*,*,#6527,.F.);
#6529=ORIENTED_EDGE('',*,*,#6489,.T.);
#6530=EDGE_LOOP('',(#6513,#6521,#6528,#6529));
#6531=FACE_BOUND('',#6530,.T.);
#6532=ADVANCED_FACE('',(#6531),#6512,.T.);
#6533=CARTESIAN_POINT('',(145.244074326,132.232615033,4.402022641));
#6534=DIRECTION('',(-0.000435917,-0.999999904,-0.000033408));
#6535=DIRECTION('',(0.999999902,-0.000435914,-0.000070718));
#6536=AXIS2_PLACEMENT_3D('',#6533,#6534,#6535);
#6537=PLANE('',#6536);
#6538=ORIENTED_EDGE('',*,*,#3463,.T.);
#6539=CARTESIAN_POINT('',(142.022655846,132.234019296,4.402250454));
#6540=VERTEX_POINT('',#6539);
#6541=CARTESIAN_POINT('',(142.022655846,132.234019296,4.402250454));
#6542=DIRECTION('',(-0.000070704,0.000033439,-0.999999997));
#6543=VECTOR('',#6542,2.4);
#6544=LINE('',#6541,#6543);
#6545=EDGE_CURVE('',#6540,#3447,#6544,.T.);
#6546=ORIENTED_EDGE('',*,*,#6545,.F.);
#6547=CARTESIAN_POINT('',(145.244074326,132.232615033,4.402022641));
#6548=DIRECTION('',(-0.999999902,0.000435914,0.000070718));
#6549=VECTOR('',#6548,3.221418794);
#6550=LINE('',#6547,#6549);
#6551=EDGE_CURVE('',#6515,#6540,#6550,.T.);
#6552=ORIENTED_EDGE('',*,*,#6551,.F.);
#6553=ORIENTED_EDGE('',*,*,#6520,.T.);
#6554=EDGE_LOOP('',(#6538,#6546,#6552,#6553));
#6555=FACE_BOUND('',#6554,.T.);
#6556=ADVANCED_FACE('',(#6555),#6537,.F.);
#6557=CARTESIAN_POINT('',(169.133902035,122.261230295,4.400000106));
#6558=DIRECTION('',(-0.000070704,0.000033439,-0.999999997));
#6559=DIRECTION('',(0.707106656,0.707106906,-0.00002635));
#6560=AXIS2_PLACEMENT_3D('',#6557,#6558,#6559);
#6561=CYLINDRICAL_SURFACE('',#6560,28.887301629);
#6562=ORIENTED_EDGE('',*,*,#3455,.T.);
#6563=ORIENTED_EDGE('',*,*,#6503,.F.);
#6564=CARTESIAN_POINT('',(169.133902035,122.261230295,4.400000106));
#6565=DIRECTION('',(-0.000070704,0.000033439,-0.999999997));
#6566=DIRECTION('',(0.707106656,0.707106906,-0.00002635));
#6567=AXIS2_PLACEMENT_3D('',#6564,#6565,#6566);
#6568=CIRCLE('',#6567,28.887301629);
#6569=EDGE_CURVE('',#6540,#6492,#6568,.T.);
#6570=ORIENTED_EDGE('',*,*,#6569,.F.);
#6571=ORIENTED_EDGE('',*,*,#6545,.T.);
#6572=EDGE_LOOP('',(#6562,#6563,#6570,#6571));
#6573=FACE_BOUND('',#6572,.T.);
#6574=ADVANCED_FACE('',(#6573),#6561,.F.);
#6575=CARTESIAN_POINT('',(196.253832529,132.210379147,4.39841532));
#6576=DIRECTION('',(-0.000435917,-0.999999904,-0.000033408));
#6577=DIRECTION('',(0.999999902,-0.000435914,-0.000070718));
#6578=AXIS2_PLACEMENT_3D('',#6575,#6576,#6577);
#6579=PLANE('',#6578);
#6580=ORIENTED_EDGE('',*,*,#3532,.T.);
#6581=CARTESIAN_POINT('',(193.032414049,132.211783409,4.398643133));
#6582=VERTEX_POINT('',#6581);
#6583=CARTESIAN_POINT('',(193.032414049,132.211783409,4.398643133));
#6584=DIRECTION('',(-0.000070704,0.000033439,-0.999999997));
#6585=VECTOR('',#6584,2.4);
#6586=LINE('',#6583,#6585);
#6587=EDGE_CURVE('',#6582,#3520,#6586,.T.);
#6588=ORIENTED_EDGE('',*,*,#6587,.F.);
#6589=CARTESIAN_POINT('',(196.253832529,132.210379147,4.39841532));
#6590=VERTEX_POINT('',#6589);
#6591=CARTESIAN_POINT('',(196.253832529,132.210379147,4.39841532));
#6592=DIRECTION('',(-0.999999902,0.000435914,0.000070718));
#6593=VECTOR('',#6592,3.221418794);
#6594=LINE('',#6591,#6593);
#6595=EDGE_CURVE('',#6590,#6582,#6594,.T.);
#6596=ORIENTED_EDGE('',*,*,#6595,.F.);
#6597=CARTESIAN_POINT('',(196.253832529,132.210379147,4.39841532));
#6598=DIRECTION('',(-0.000070704,0.000033439,-0.999999997));
#6599=VECTOR('',#6598,2.4);
#6600=LINE('',#6597,#6599);
#6601=EDGE_CURVE('',#6590,#3485,#6600,.T.);
#6602=ORIENTED_EDGE('',*,*,#6601,.T.);
#6603=EDGE_LOOP('',(#6580,#6588,#6596,#6602));
#6604=FACE_BOUND('',#6603,.T.);
#6605=ADVANCED_FACE('',(#6604),#6579,.F.);
#6606=CARTESIAN_POINT('',(169.133902035,122.261230295,4.400000106));
#6607=DIRECTION('',(-0.000070704,0.000033439,-0.999999997));
#6608=DIRECTION('',(0.707106656,0.707106906,-0.00002635));
#6609=AXIS2_PLACEMENT_3D('',#6606,#6607,#6608);
#6610=CYLINDRICAL_SURFACE('',#6609,25.887301629);
#6611=CARTESIAN_POINT('',(187.438985331,140.566320043,4.399317979));
#6612=VERTEX_POINT('',#6611);
#6613=CARTESIAN_POINT('',(187.438815642,140.566400297,1.999317986));
#6614=DIRECTION('',(0.000070704,-0.000033439,0.999999997));
#6615=VECTOR('',#6614,2.4);
#6616=LINE('',#6613,#6615);
#6617=EDGE_CURVE('',#3511,#6612,#6616,.T.);
#6618=ORIENTED_EDGE('',*,*,#6617,.T.);
#6619=CARTESIAN_POINT('',(169.133902035,122.261230295,4.400000106));
#6620=DIRECTION('',(0.000070704,-0.000033439,0.999999997));
#6621=DIRECTION('',(0.707106656,0.707106906,-0.00002635));
#6622=AXIS2_PLACEMENT_3D('',#6619,#6620,#6621);
#6623=CIRCLE('',#6622,25.887301629);
#6624=EDGE_CURVE('',#6582,#6612,#6623,.T.);
#6625=ORIENTED_EDGE('',*,*,#6624,.F.);
#6626=ORIENTED_EDGE('',*,*,#6587,.T.);
#6627=ORIENTED_EDGE('',*,*,#3526,.T.);
#6628=EDGE_LOOP('',(#6618,#6625,#6626,#6627));
#6629=FACE_BOUND('',#6628,.T.);
#6630=ADVANCED_FACE('',(#6629),#6610,.T.);
#6631=CARTESIAN_POINT('',(179.133897854,146.139095971,4.400091529));
#6632=DIRECTION('',(-0.999999998,-0.000000176,0.000070704));
#6633=DIRECTION('',(0.000000174,-0.999999999,-0.000033439));
#6634=AXIS2_PLACEMENT_3D('',#6631,#6632,#6633);
#6635=PLANE('',#6634);
#6636=ORIENTED_EDGE('',*,*,#3508,.T.);
#6637=CARTESIAN_POINT('',(179.133897293,149.362453334,4.400199316));
#6638=VERTEX_POINT('',#6637);
#6639=CARTESIAN_POINT('',(179.133897293,149.362453334,4.400199316));
#6640=DIRECTION('',(-0.000070704,0.000033439,-0.999999997));
#6641=VECTOR('',#6640,2.4);
#6642=LINE('',#6639,#6641);
#6643=EDGE_CURVE('',#6638,#3494,#6642,.T.);
#6644=ORIENTED_EDGE('',*,*,#6643,.F.);
#6645=CARTESIAN_POINT('',(179.133897854,146.139095971,4.400091529));
#6646=VERTEX_POINT('',#6645);
#6647=CARTESIAN_POINT('',(179.133897854,146.139095971,4.400091529));
#6648=DIRECTION('',(-0.000000174,0.999999999,0.000033439));
#6649=VECTOR('',#6648,3.223357365);
#6650=LINE('',#6647,#6649);
#6651=EDGE_CURVE('',#6646,#6638,#6650,.T.);
#6652=ORIENTED_EDGE('',*,*,#6651,.F.);
#6653=CARTESIAN_POINT('',(179.133897854,146.139095971,4.400091529));
#6654=DIRECTION('',(-0.000070704,0.000033439,-0.999999997));
#6655=VECTOR('',#6654,2.4);
#6656=LINE('',#6653,#6655);
#6657=EDGE_CURVE('',#6646,#3503,#6656,.T.);
#6658=ORIENTED_EDGE('',*,*,#6657,.T.);
#6659=EDGE_LOOP('',(#6636,#6644,#6652,#6658));
#6660=FACE_BOUND('',#6659,.T.);
#6661=ADVANCED_FACE('',(#6660),#6635,.F.);
#6662=CARTESIAN_POINT('',(169.133902035,122.261230295,4.400000106));
#6663=DIRECTION('',(-0.000070704,0.000033439,-0.999999997));
#6664=DIRECTION('',(0.707106656,0.707106906,-0.00002635));
#6665=AXIS2_PLACEMENT_3D('',#6662,#6663,#6664);
#6666=CYLINDRICAL_SURFACE('',#6665,28.887301629);
#6667=CARTESIAN_POINT('',(189.5603053,142.687640759,4.399238929));
#6668=VERTEX_POINT('',#6667);
#6669=CARTESIAN_POINT('',(189.560135612,142.687721014,1.999238936));
#6670=DIRECTION('',(0.000070704,-0.000033439,0.999999997));
#6671=VECTOR('',#6670,2.4);
#6672=LINE('',#6669,#6671);
#6673=EDGE_CURVE('',#3483,#6668,#6672,.T.);
#6674=ORIENTED_EDGE('',*,*,#6673,.F.);
#6675=ORIENTED_EDGE('',*,*,#3491,.T.);
#6676=ORIENTED_EDGE('',*,*,#6601,.F.);
#6677=CARTESIAN_POINT('',(169.133902035,122.261230295,4.400000106));
#6678=DIRECTION('',(-0.000070704,0.000033439,-0.999999997));
#6679=DIRECTION('',(0.707106656,0.707106906,-0.00002635));
#6680=AXIS2_PLACEMENT_3D('',#6677,#6678,#6679);
#6681=CIRCLE('',#6680,28.887301629);
#6682=EDGE_CURVE('',#6668,#6590,#6681,.T.);
#6683=ORIENTED_EDGE('',*,*,#6682,.F.);
#6684=EDGE_LOOP('',(#6674,#6675,#6676,#6683));
#6685=FACE_BOUND('',#6684,.T.);
#6686=ADVANCED_FACE('',(#6685),#6666,.F.);
#6687=CARTESIAN_POINT('',(179.133907828,88.837829873,4.398175413));
#6688=DIRECTION('',(-0.999999998,-0.000000176,0.000070704));
#6689=DIRECTION('',(0.000000174,-0.999999999,-0.000033439));
#6690=AXIS2_PLACEMENT_3D('',#6687,#6688,#6689);
#6691=PLANE('',#6690);
#6692=ORIENTED_EDGE('',*,*,#3568,.T.);
#6693=CARTESIAN_POINT('',(179.13390728,91.982526602,4.39828057));
#6694=VERTEX_POINT('',#6693);
#6695=CARTESIAN_POINT('',(179.13390728,91.982526602,4.39828057));
#6696=DIRECTION('',(-0.000070704,0.000033439,-0.999999997));
#6697=VECTOR('',#6696,2.4);
#6698=LINE('',#6695,#6697);
#6699=EDGE_CURVE('',#6694,#3556,#6698,.T.);
#6700=ORIENTED_EDGE('',*,*,#6699,.F.);
#6701=CARTESIAN_POINT('',(179.133907828,88.837829873,4.398175413));
#6702=VERTEX_POINT('',#6701);
#6703=CARTESIAN_POINT('',(179.133907828,88.837829873,4.398175413));
#6704=DIRECTION('',(-0.000000174,0.999999999,0.000033439));
#6705=VECTOR('',#6704,3.144696731);
#6706=LINE('',#6703,#6705);
#6707=EDGE_CURVE('',#6702,#6694,#6706,.T.);
#6708=ORIENTED_EDGE('',*,*,#6707,.F.);
#6709=CARTESIAN_POINT('',(179.133907828,88.837829873,4.398175413));
#6710=DIRECTION('',(-0.000070704,0.000033439,-0.999999997));
#6711=VECTOR('',#6710,2.4);
#6712=LINE('',#6709,#6711);
#6713=EDGE_CURVE('',#6702,#3539,#6712,.T.);
#6714=ORIENTED_EDGE('',*,*,#6713,.T.);
#6715=EDGE_LOOP('',(#6692,#6700,#6708,#6714));
#6716=FACE_BOUND('',#6715,.T.);
#6717=ADVANCED_FACE('',(#6716),#6691,.F.);
#6718=CARTESIAN_POINT('',(169.133902035,122.261230295,4.400000106));
#6719=DIRECTION('',(-0.000070704,0.000033439,-0.999999997));
#6720=DIRECTION('',(0.707106656,0.707106906,-0.00002635));
#6721=AXIS2_PLACEMENT_3D('',#6718,#6719,#6720);
#6722=CYLINDRICAL_SURFACE('',#6721,31.887301629);
#6723=ORIENTED_EDGE('',*,*,#3562,.T.);
#6724=CARTESIAN_POINT('',(199.395310178,112.209007842,4.397524374));
#6725=VERTEX_POINT('',#6724);
#6726=CARTESIAN_POINT('',(199.395310178,112.209007842,4.397524374));
#6727=DIRECTION('',(-0.000070704,0.000033439,-0.999999997));
#6728=VECTOR('',#6727,2.4);
#6729=LINE('',#6726,#6728);
#6730=EDGE_CURVE('',#6725,#3548,#6729,.T.);
#6731=ORIENTED_EDGE('',*,*,#6730,.F.);
#6732=CARTESIAN_POINT('',(169.133902035,122.261230295,4.400000106));
#6733=DIRECTION('',(0.000070704,-0.000033439,0.999999997));
#6734=DIRECTION('',(0.707106656,0.707106906,-0.00002635));
#6735=AXIS2_PLACEMENT_3D('',#6732,#6733,#6734);
#6736=CIRCLE('',#6735,31.887301629);
#6737=EDGE_CURVE('',#6694,#6725,#6736,.T.);
#6738=ORIENTED_EDGE('',*,*,#6737,.F.);
#6739=ORIENTED_EDGE('',*,*,#6699,.T.);
#6740=EDGE_LOOP('',(#6723,#6731,#6738,#6739));
#6741=FACE_BOUND('',#6740,.T.);
#6742=ADVANCED_FACE('',(#6741),#6722,.T.);
#6743=CARTESIAN_POINT('',(199.395310178,112.209007842,4.397524374));
#6744=DIRECTION('',(0.000435917,0.999999904,0.000033408));
#6745=DIRECTION('',(-0.999999902,0.000435914,0.000070718));
#6746=AXIS2_PLACEMENT_3D('',#6743,#6744,#6745);
#6747=PLANE('',#6746);
#6748=ORIENTED_EDGE('',*,*,#3553,.T.);
#6749=CARTESIAN_POINT('',(202.54122248,112.207636494,4.3973019));
#6750=VERTEX_POINT('',#6749);
#6751=CARTESIAN_POINT('',(202.54122248,112.207636494,4.3973019));
#6752=DIRECTION('',(-0.000070704,0.000033439,-0.999999997));
#6753=VECTOR('',#6752,2.4);
#6754=LINE('',#6751,#6753);
#6755=EDGE_CURVE('',#6750,#3537,#6754,.T.);
#6756=ORIENTED_EDGE('',*,*,#6755,.F.);
#6757=CARTESIAN_POINT('',(199.395310178,112.209007842,4.397524374));
#6758=DIRECTION('',(0.999999902,-0.000435914,-0.000070718));
#6759=VECTOR('',#6758,3.145912609);
#6760=LINE('',#6757,#6759);
#6761=EDGE_CURVE('',#6725,#6750,#6760,.T.);
#6762=ORIENTED_EDGE('',*,*,#6761,.F.);
#6763=ORIENTED_EDGE('',*,*,#6730,.T.);
#6764=EDGE_LOOP('',(#6748,#6756,#6762,#6763));
#6765=FACE_BOUND('',#6764,.T.);
#6766=ADVANCED_FACE('',(#6765),#6747,.F.);
#6767=CARTESIAN_POINT('',(169.133902035,122.261230295,4.400000106));
#6768=DIRECTION('',(-0.000070704,0.000033439,-0.999999997));
#6769=DIRECTION('',(0.707106656,0.707106906,-0.00002635));
#6770=AXIS2_PLACEMENT_3D('',#6767,#6768,#6769);
#6771=CYLINDRICAL_SURFACE('',#6770,34.887301629);
#6772=ORIENTED_EDGE('',*,*,#3545,.T.);
#6773=ORIENTED_EDGE('',*,*,#6713,.F.);
#6774=CARTESIAN_POINT('',(169.133902035,122.261230295,4.400000106));
#6775=DIRECTION('',(-0.000070704,0.000033439,-0.999999997));
#6776=DIRECTION('',(0.707106656,0.707106906,-0.00002635));
#6777=AXIS2_PLACEMENT_3D('',#6774,#6775,#6776);
#6778=CIRCLE('',#6777,34.887301629);
#6779=EDGE_CURVE('',#6750,#6702,#6778,.T.);
#6780=ORIENTED_EDGE('',*,*,#6779,.F.);
#6781=ORIENTED_EDGE('',*,*,#6755,.T.);
#6782=EDGE_LOOP('',(#6772,#6773,#6780,#6781));
#6783=FACE_BOUND('',#6782,.T.);
#6784=ADVANCED_FACE('',(#6783),#6771,.F.);
#6785=CARTESIAN_POINT('',(135.717829227,112.236765771,4.402027534));
#6786=DIRECTION('',(0.000435917,0.999999904,0.000033408));
#6787=DIRECTION('',(-0.999999902,0.000435914,0.000070718));
#6788=AXIS2_PLACEMENT_3D('',#6785,#6786,#6787);
#6789=PLANE('',#6788);
#6790=ORIENTED_EDGE('',*,*,#3604,.T.);
#6791=CARTESIAN_POINT('',(138.86374153,112.235394423,4.40180506));
#6792=VERTEX_POINT('',#6791);
#6793=CARTESIAN_POINT('',(138.86374153,112.235394423,4.40180506));
#6794=DIRECTION('',(-0.000070704,0.000033439,-0.999999997));
#6795=VECTOR('',#6794,2.4);
#6796=LINE('',#6793,#6795);
#6797=EDGE_CURVE('',#6792,#3592,#6796,.T.);
#6798=ORIENTED_EDGE('',*,*,#6797,.F.);
#6799=CARTESIAN_POINT('',(135.717829227,112.236765771,4.402027534));
#6800=VERTEX_POINT('',#6799);
#6801=CARTESIAN_POINT('',(135.717829227,112.236765771,4.402027534));
#6802=DIRECTION('',(0.999999902,-0.000435914,-0.000070718));
#6803=VECTOR('',#6802,3.145912609);
#6804=LINE('',#6801,#6803);
#6805=EDGE_CURVE('',#6800,#6792,#6804,.T.);
#6806=ORIENTED_EDGE('',*,*,#6805,.F.);
#6807=CARTESIAN_POINT('',(135.717829227,112.236765771,4.402027534));
#6808=DIRECTION('',(-0.000070704,0.000033439,-0.999999997));
#6809=VECTOR('',#6808,2.4);
#6810=LINE('',#6807,#6809);
#6811=EDGE_CURVE('',#6800,#3575,#6810,.T.);
#6812=ORIENTED_EDGE('',*,*,#6811,.T.);
#6813=EDGE_LOOP('',(#6790,#6798,#6806,#6812));
#6814=FACE_BOUND('',#6813,.T.);
#6815=ADVANCED_FACE('',(#6814),#6789,.F.);
#6816=CARTESIAN_POINT('',(169.133902035,122.261230295,4.400000106));
#6817=DIRECTION('',(-0.000070704,0.000033439,-0.999999997));
#6818=DIRECTION('',(0.707106656,0.707106906,-0.00002635));
#6819=AXIS2_PLACEMENT_3D('',#6816,#6817,#6818);
#6820=CYLINDRICAL_SURFACE('',#6819,31.887301629);
#6821=ORIENTED_EDGE('',*,*,#3598,.T.);
#6822=CARTESIAN_POINT('',(159.13390733,91.982523073,4.399694643));
#6823=VERTEX_POINT('',#6822);
#6824=CARTESIAN_POINT('',(159.13390733,91.982523073,4.399694643));
#6825=DIRECTION('',(-0.000070704,0.000033439,-0.999999997));
#6826=VECTOR('',#6825,2.4);
#6827=LINE('',#6824,#6826);
#6828=EDGE_CURVE('',#6823,#3584,#6827,.T.);
#6829=ORIENTED_EDGE('',*,*,#6828,.F.);
#6830=CARTESIAN_POINT('',(169.133902035,122.261230295,4.400000106));
#6831=DIRECTION('',(0.000070704,-0.000033439,0.999999997));
#6832=DIRECTION('',(0.707106656,0.707106906,-0.00002635));
#6833=AXIS2_PLACEMENT_3D('',#6830,#6831,#6832);
#6834=CIRCLE('',#6833,31.887301629);
#6835=EDGE_CURVE('',#6792,#6823,#6834,.T.);
#6836=ORIENTED_EDGE('',*,*,#6835,.F.);
#6837=ORIENTED_EDGE('',*,*,#6797,.T.);
#6838=EDGE_LOOP('',(#6821,#6829,#6836,#6837));
#6839=FACE_BOUND('',#6838,.T.);
#6840=ADVANCED_FACE('',(#6839),#6820,.T.);
#6841=CARTESIAN_POINT('',(159.13390733,91.982523073,4.399694643));
#6842=DIRECTION('',(0.999999998,0.000000176,-0.000070704));
#6843=DIRECTION('',(-0.000000174,0.999999999,0.000033439));
#6844=AXIS2_PLACEMENT_3D('',#6841,#6842,#6843);
#6845=PLANE('',#6844);
#6846=ORIENTED_EDGE('',*,*,#3589,.T.);
#6847=CARTESIAN_POINT('',(159.133907878,88.837826344,4.399589487));
#6848=VERTEX_POINT('',#6847);
#6849=CARTESIAN_POINT('',(159.133907878,88.837826344,4.399589487));
#6850=DIRECTION('',(-0.000070704,0.000033439,-0.999999997));
#6851=VECTOR('',#6850,2.4);
#6852=LINE('',#6849,#6851);
#6853=EDGE_CURVE('',#6848,#3573,#6852,.T.);
#6854=ORIENTED_EDGE('',*,*,#6853,.F.);
#6855=CARTESIAN_POINT('',(159.13390733,91.982523073,4.399694643));
#6856=DIRECTION('',(0.000000174,-0.999999999,-0.000033439));
#6857=VECTOR('',#6856,3.144696731);
#6858=LINE('',#6855,#6857);
#6859=EDGE_CURVE('',#6823,#6848,#6858,.T.);
#6860=ORIENTED_EDGE('',*,*,#6859,.F.);
#6861=ORIENTED_EDGE('',*,*,#6828,.T.);
#6862=EDGE_LOOP('',(#6846,#6854,#6860,#6861));
#6863=FACE_BOUND('',#6862,.T.);
#6864=ADVANCED_FACE('',(#6863),#6845,.F.);
#6865=CARTESIAN_POINT('',(169.133902035,122.261230295,4.400000106));
#6866=DIRECTION('',(-0.000070704,0.000033439,-0.999999997));
#6867=DIRECTION('',(0.707106656,0.707106906,-0.00002635));
#6868=AXIS2_PLACEMENT_3D('',#6865,#6866,#6867);
#6869=CYLINDRICAL_SURFACE('',#6868,34.887301629);
#6870=ORIENTED_EDGE('',*,*,#3581,.T.);
#6871=ORIENTED_EDGE('',*,*,#6811,.F.);
#6872=CARTESIAN_POINT('',(169.133902035,122.261230295,4.400000106));
#6873=DIRECTION('',(-0.000070704,0.000033439,-0.999999997));
#6874=DIRECTION('',(0.707106656,0.707106906,-0.00002635));
#6875=AXIS2_PLACEMENT_3D('',#6872,#6873,#6874);
#6876=CIRCLE('',#6875,34.887301629);
#6877=EDGE_CURVE('',#6848,#6800,#6876,.T.);
#6878=ORIENTED_EDGE('',*,*,#6877,.F.);
#6879=ORIENTED_EDGE('',*,*,#6853,.T.);
#6880=EDGE_LOOP('',(#6870,#6871,#6878,#6879));
#6881=FACE_BOUND('',#6880,.T.);
#6882=ADVANCED_FACE('',(#6881),#6869,.F.);
#6883=CARTESIAN_POINT('',(159.133896242,155.684630717,4.401824798));
#6884=DIRECTION('',(0.999999998,0.000000176,-0.000070704));
#6885=DIRECTION('',(-0.000000174,0.999999999,0.000033439));
#6886=AXIS2_PLACEMENT_3D('',#6883,#6884,#6885);
#6887=PLANE('',#6886);
#6888=ORIENTED_EDGE('',*,*,#3640,.T.);
#6889=CARTESIAN_POINT('',(159.13389679,152.539933988,4.401719642));
#6890=VERTEX_POINT('',#6889);
#6891=CARTESIAN_POINT('',(159.13389679,152.539933988,4.401719642));
#6892=DIRECTION('',(-0.000070704,0.000033439,-0.999999997));
#6893=VECTOR('',#6892,2.4);
#6894=LINE('',#6891,#6893);
#6895=EDGE_CURVE('',#6890,#3628,#6894,.T.);
#6896=ORIENTED_EDGE('',*,*,#6895,.F.);
#6897=CARTESIAN_POINT('',(159.133896242,155.684630717,4.401824798));
#6898=VERTEX_POINT('',#6897);
#6899=CARTESIAN_POINT('',(159.133896242,155.684630717,4.401824798));
#6900=DIRECTION('',(0.000000174,-0.999999999,-0.000033439));
#6901=VECTOR('',#6900,3.144696731);
#6902=LINE('',#6899,#6901);
#6903=EDGE_CURVE('',#6898,#6890,#6902,.T.);
#6904=ORIENTED_EDGE('',*,*,#6903,.F.);
#6905=CARTESIAN_POINT('',(159.133896242,155.684630717,4.401824798));
#6906=DIRECTION('',(-0.000070704,0.000033439,-0.999999997));
#6907=VECTOR('',#6906,2.4);
#6908=LINE('',#6905,#6907);
#6909=EDGE_CURVE('',#6898,#3611,#6908,.T.);
#6910=ORIENTED_EDGE('',*,*,#6909,.T.);
#6911=EDGE_LOOP('',(#6888,#6896,#6904,#6910));
#6912=FACE_BOUND('',#6911,.T.);
#6913=ADVANCED_FACE('',(#6912),#6887,.F.);
#6914=CARTESIAN_POINT('',(169.133902035,122.261230295,4.400000106));
#6915=DIRECTION('',(-0.000070704,0.000033439,-0.999999997));
#6916=DIRECTION('',(0.707106656,0.707106906,-0.00002635));
#6917=AXIS2_PLACEMENT_3D('',#6914,#6915,#6916);
#6918=CYLINDRICAL_SURFACE('',#6917,31.887301629);
#6919=ORIENTED_EDGE('',*,*,#3634,.T.);
#6920=CARTESIAN_POINT('',(138.846679267,132.235403749,4.402475053));
#6921=VERTEX_POINT('',#6920);
#6922=CARTESIAN_POINT('',(138.846679267,132.235403749,4.402475053));
#6923=DIRECTION('',(-0.000070704,0.000033439,-0.999999997));
#6924=VECTOR('',#6923,2.4);
#6925=LINE('',#6922,#6924);
#6926=EDGE_CURVE('',#6921,#3620,#6925,.T.);
#6927=ORIENTED_EDGE('',*,*,#6926,.F.);
#6928=CARTESIAN_POINT('',(169.133902035,122.261230295,4.400000106));
#6929=DIRECTION('',(0.000070704,-0.000033439,0.999999997));
#6930=DIRECTION('',(0.707106656,0.707106906,-0.00002635));
#6931=AXIS2_PLACEMENT_3D('',#6928,#6929,#6930);
#6932=CIRCLE('',#6931,31.887301629);
#6933=EDGE_CURVE('',#6890,#6921,#6932,.T.);
#6934=ORIENTED_EDGE('',*,*,#6933,.F.);
#6935=ORIENTED_EDGE('',*,*,#6895,.T.);
#6936=EDGE_LOOP('',(#6919,#6927,#6934,#6935));
#6937=FACE_BOUND('',#6936,.T.);
#6938=ADVANCED_FACE('',(#6937),#6918,.T.);
#6939=CARTESIAN_POINT('',(138.846679267,132.235403749,4.402475053));
#6940=DIRECTION('',(-0.000435917,-0.999999904,-0.000033408));
#6941=DIRECTION('',(0.999999902,-0.000435914,-0.000070718));
#6942=AXIS2_PLACEMENT_3D('',#6939,#6940,#6941);
#6943=PLANE('',#6942);
#6944=ORIENTED_EDGE('',*,*,#3625,.T.);
#6945=CARTESIAN_POINT('',(135.703192579,132.23677404,4.402697355));
#6946=VERTEX_POINT('',#6945);
#6947=CARTESIAN_POINT('',(135.703192579,132.23677404,4.402697355));
#6948=DIRECTION('',(-0.000070704,0.000033439,-0.999999997));
#6949=VECTOR('',#6948,2.4);
#6950=LINE('',#6947,#6949);
#6951=EDGE_CURVE('',#6946,#3609,#6950,.T.);
#6952=ORIENTED_EDGE('',*,*,#6951,.F.);
#6953=CARTESIAN_POINT('',(138.846679267,132.235403749,4.402475053));
#6954=DIRECTION('',(-0.999999902,0.000435914,0.000070718));
#6955=VECTOR('',#6954,3.143486994);
#6956=LINE('',#6953,#6955);
#6957=EDGE_CURVE('',#6921,#6946,#6956,.T.);
#6958=ORIENTED_EDGE('',*,*,#6957,.F.);
#6959=ORIENTED_EDGE('',*,*,#6926,.T.);
#6960=EDGE_LOOP('',(#6944,#6952,#6958,#6959));
#6961=FACE_BOUND('',#6960,.T.);
#6962=ADVANCED_FACE('',(#6961),#6943,.F.);
#6963=CARTESIAN_POINT('',(169.133902035,122.261230295,4.400000106));
#6964=DIRECTION('',(-0.000070704,0.000033439,-0.999999997));
#6965=DIRECTION('',(0.707106656,0.707106906,-0.00002635));
#6966=AXIS2_PLACEMENT_3D('',#6963,#6964,#6965);
#6967=CYLINDRICAL_SURFACE('',#6966,34.887301629);
#6968=ORIENTED_EDGE('',*,*,#3617,.T.);
#6969=ORIENTED_EDGE('',*,*,#6909,.F.);
#6970=CARTESIAN_POINT('',(169.133902035,122.261230295,4.400000106));
#6971=DIRECTION('',(-0.000070704,0.000033439,-0.999999997));
#6972=DIRECTION('',(0.707106656,0.707106906,-0.00002635));
#6973=AXIS2_PLACEMENT_3D('',#6970,#6971,#6972);
#6974=CIRCLE('',#6973,34.887301629);
#6975=EDGE_CURVE('',#6946,#6898,#6974,.T.);
#6976=ORIENTED_EDGE('',*,*,#6975,.F.);
#6977=ORIENTED_EDGE('',*,*,#6951,.T.);
#6978=EDGE_LOOP('',(#6968,#6969,#6976,#6977));
#6979=FACE_BOUND('',#6978,.T.);
#6980=ADVANCED_FACE('',(#6979),#6967,.F.);
#6981=CARTESIAN_POINT('',(202.573295796,132.207624402,4.397968418));
#6982=DIRECTION('',(-0.000435917,-0.999999904,-0.000033408));
#6983=DIRECTION('',(0.999999902,-0.000435914,-0.000070718));
#6984=AXIS2_PLACEMENT_3D('',#6981,#6982,#6983);
#6985=PLANE('',#6984);
#6986=ORIENTED_EDGE('',*,*,#3694,.T.);
#6987=CARTESIAN_POINT('',(199.429809108,132.208994693,4.39819072));
#6988=VERTEX_POINT('',#6987);
#6989=CARTESIAN_POINT('',(199.429809108,132.208994693,4.39819072));
#6990=DIRECTION('',(-0.000070704,0.000033439,-0.999999997));
#6991=VECTOR('',#6990,2.4);
#6992=LINE('',#6989,#6991);
#6993=EDGE_CURVE('',#6988,#3682,#6992,.T.);
#6994=ORIENTED_EDGE('',*,*,#6993,.F.);
#6995=CARTESIAN_POINT('',(202.573295796,132.207624402,4.397968418));
#6996=VERTEX_POINT('',#6995);
#6997=CARTESIAN_POINT('',(202.573295796,132.207624402,4.397968418));
#6998=DIRECTION('',(-0.999999902,0.000435914,0.000070718));
#6999=VECTOR('',#6998,3.143486994);
#7000=LINE('',#6997,#6999);
#7001=EDGE_CURVE('',#6996,#6988,#7000,.T.);
#7002=ORIENTED_EDGE('',*,*,#7001,.F.);
#7003=CARTESIAN_POINT('',(202.573295796,132.207624402,4.397968418));
#7004=DIRECTION('',(-0.000070704,0.000033439,-0.999999997));
#7005=VECTOR('',#7004,2.4);
#7006=LINE('',#7003,#7005);
#7007=EDGE_CURVE('',#6996,#3647,#7006,.T.);
#7008=ORIENTED_EDGE('',*,*,#7007,.T.);
#7009=EDGE_LOOP('',(#6986,#6994,#7002,#7008));
#7010=FACE_BOUND('',#7009,.T.);
#7011=ADVANCED_FACE('',(#7010),#6985,.F.);
#7012=CARTESIAN_POINT('',(169.133902035,122.261230295,4.400000106));
#7013=DIRECTION('',(-0.000070704,0.000033439,-0.999999997));
#7014=DIRECTION('',(0.707106656,0.707106906,-0.00002635));
#7015=AXIS2_PLACEMENT_3D('',#7012,#7013,#7014);
#7016=CYLINDRICAL_SURFACE('',#7015,31.887301629);
#7017=CARTESIAN_POINT('',(191.681625269,144.808961476,4.399159879));
#7018=VERTEX_POINT('',#7017);
#7019=CARTESIAN_POINT('',(191.681455581,144.80904173,1.999159887));
#7020=DIRECTION('',(0.000070704,-0.000033439,0.999999997));
#7021=VECTOR('',#7020,2.4);
#7022=LINE('',#7019,#7021);
#7023=EDGE_CURVE('',#3673,#7018,#7022,.T.);
#7024=ORIENTED_EDGE('',*,*,#7023,.T.);
#7025=CARTESIAN_POINT('',(169.133902035,122.261230295,4.400000106));
#7026=DIRECTION('',(0.000070704,-0.000033439,0.999999997));
#7027=DIRECTION('',(0.707106656,0.707106906,-0.00002635));
#7028=AXIS2_PLACEMENT_3D('',#7025,#7026,#7027);
#7029=CIRCLE('',#7028,31.887301629);
#7030=EDGE_CURVE('',#6988,#7018,#7029,.T.);
#7031=ORIENTED_EDGE('',*,*,#7030,.F.);
#7032=ORIENTED_EDGE('',*,*,#6993,.T.);
#7033=ORIENTED_EDGE('',*,*,#3688,.T.);
#7034=EDGE_LOOP('',(#7024,#7031,#7032,#7033));
#7035=FACE_BOUND('',#7034,.T.);
#7036=ADVANCED_FACE('',(#7035),#7016,.T.);
#7037=CARTESIAN_POINT('',(179.13389674,152.539937516,4.400305568));
#7038=DIRECTION('',(-0.999999998,-0.000000176,0.000070704));
#7039=DIRECTION('',(0.000000174,-0.999999999,-0.000033439));
#7040=AXIS2_PLACEMENT_3D('',#7037,#7038,#7039);
#7041=PLANE('',#7040);
#7042=ORIENTED_EDGE('',*,*,#3670,.T.);
#7043=CARTESIAN_POINT('',(179.133896192,155.684634246,4.400410725));
#7044=VERTEX_POINT('',#7043);
#7045=CARTESIAN_POINT('',(179.133896192,155.684634246,4.400410725));
#7046=DIRECTION('',(-0.000070704,0.000033439,-0.999999997));
#7047=VECTOR('',#7046,2.4);
#7048=LINE('',#7045,#7047);
#7049=EDGE_CURVE('',#7044,#3656,#7048,.T.);
#7050=ORIENTED_EDGE('',*,*,#7049,.F.);
#7051=CARTESIAN_POINT('',(179.13389674,152.539937516,4.400305568));
#7052=VERTEX_POINT('',#7051);
#7053=CARTESIAN_POINT('',(179.13389674,152.539937516,4.400305568));
#7054=DIRECTION('',(-0.000000174,0.999999999,0.000033439));
#7055=VECTOR('',#7054,3.144696731);
#7056=LINE('',#7053,#7055);
#7057=EDGE_CURVE('',#7052,#7044,#7056,.T.);
#7058=ORIENTED_EDGE('',*,*,#7057,.F.);
#7059=CARTESIAN_POINT('',(179.13389674,152.539937516,4.400305568));
#7060=DIRECTION('',(-0.000070704,0.000033439,-0.999999997));
#7061=VECTOR('',#7060,2.4);
#7062=LINE('',#7059,#7061);
#7063=EDGE_CURVE('',#7052,#3665,#7062,.T.);
#7064=ORIENTED_EDGE('',*,*,#7063,.T.);
#7065=EDGE_LOOP('',(#7042,#7050,#7058,#7064));
#7066=FACE_BOUND('',#7065,.T.);
#7067=ADVANCED_FACE('',(#7066),#7041,.F.);
#7068=CARTESIAN_POINT('',(169.133902035,122.261230295,4.400000106));
#7069=DIRECTION('',(-0.000070704,0.000033439,-0.999999997));
#7070=DIRECTION('',(0.707106656,0.707106906,-0.00002635));
#7071=AXIS2_PLACEMENT_3D('',#7068,#7069,#7070);
#7072=CYLINDRICAL_SURFACE('',#7071,34.887301629);
#7073=CARTESIAN_POINT('',(193.802945238,146.930282193,4.39908083));
#7074=VERTEX_POINT('',#7073);
#7075=CARTESIAN_POINT('',(193.80277555,146.930362447,1.999080837));
#7076=DIRECTION('',(0.000070704,-0.000033439,0.999999997));
#7077=VECTOR('',#7076,2.4);
#7078=LINE('',#7075,#7077);
#7079=EDGE_CURVE('',#3645,#7074,#7078,.T.);
#7080=ORIENTED_EDGE('',*,*,#7079,.F.);
#7081=ORIENTED_EDGE('',*,*,#3653,.T.);
#7082=ORIENTED_EDGE('',*,*,#7007,.F.);
#7083=CARTESIAN_POINT('',(169.133902035,122.261230295,4.400000106));
#7084=DIRECTION('',(-0.000070704,0.000033439,-0.999999997));
#7085=DIRECTION('',(0.707106656,0.707106906,-0.00002635));
#7086=AXIS2_PLACEMENT_3D('',#7083,#7084,#7085);
#7087=CIRCLE('',#7086,34.887301629);
#7088=EDGE_CURVE('',#7074,#6996,#7087,.T.);
#7089=ORIENTED_EDGE('',*,*,#7088,.F.);
#7090=EDGE_LOOP('',(#7080,#7081,#7082,#7089));
#7091=FACE_BOUND('',#7090,.T.);
#7092=ADVANCED_FACE('',(#7091),#7072,.F.);
#7093=CARTESIAN_POINT('',(179.133908911,82.615659384,4.397967348));
#7094=DIRECTION('',(-0.999999998,-0.000000176,0.000070704));
#7095=DIRECTION('',(0.000000174,-0.999999999,-0.000033439));
#7096=AXIS2_PLACEMENT_3D('',#7093,#7094,#7095);
#7097=PLANE('',#7096);
#7098=ORIENTED_EDGE('',*,*,#3730,.T.);
#7099=CARTESIAN_POINT('',(179.133908371,85.717455253,4.39807107));
#7100=VERTEX_POINT('',#7099);
#7101=CARTESIAN_POINT('',(179.133908371,85.717455253,4.39807107));
#7102=DIRECTION('',(-0.000070704,0.000033439,-0.999999997));
#7103=VECTOR('',#7102,2.4);
#7104=LINE('',#7101,#7103);
#7105=EDGE_CURVE('',#7100,#3718,#7104,.T.);
#7106=ORIENTED_EDGE('',*,*,#7105,.F.);
#7107=CARTESIAN_POINT('',(179.133908911,82.615659384,4.397967348));
#7108=VERTEX_POINT('',#7107);
#7109=CARTESIAN_POINT('',(179.133908911,82.615659384,4.397967348));
#7110=DIRECTION('',(-0.000000174,0.999999999,0.000033439));
#7111=VECTOR('',#7110,3.101795871);
#7112=LINE('',#7109,#7111);
#7113=EDGE_CURVE('',#7108,#7100,#7112,.T.);
#7114=ORIENTED_EDGE('',*,*,#7113,.F.);
#7115=CARTESIAN_POINT('',(179.133908911,82.615659384,4.397967348));
#7116=DIRECTION('',(-0.000070704,0.000033439,-0.999999997));
#7117=VECTOR('',#7116,2.4);
#7118=LINE('',#7115,#7117);
#7119=EDGE_CURVE('',#7108,#3701,#7118,.T.);
#7120=ORIENTED_EDGE('',*,*,#7119,.T.);
#7121=EDGE_LOOP('',(#7098,#7106,#7114,#7120));
#7122=FACE_BOUND('',#7121,.T.);
#7123=ADVANCED_FACE('',(#7122),#7097,.F.);
#7124=CARTESIAN_POINT('',(169.133902035,122.261230295,4.400000106));
#7125=DIRECTION('',(-0.000070704,0.000033439,-0.999999997));
#7126=DIRECTION('',(0.707106656,0.707106906,-0.00002635));
#7127=AXIS2_PLACEMENT_3D('',#7124,#7125,#7126);
#7128=CYLINDRICAL_SURFACE('',#7127,37.887301629);
#7129=ORIENTED_EDGE('',*,*,#3724,.T.);
#7130=CARTESIAN_POINT('',(205.662596333,112.206275842,4.397081162));
#7131=VERTEX_POINT('',#7130);
#7132=CARTESIAN_POINT('',(205.662596333,112.206275842,4.397081162));
#7133=DIRECTION('',(-0.000070704,0.000033439,-0.999999997));
#7134=VECTOR('',#7133,2.4);
#7135=LINE('',#7132,#7134);
#7136=EDGE_CURVE('',#7131,#3710,#7135,.T.);
#7137=ORIENTED_EDGE('',*,*,#7136,.F.);
#7138=CARTESIAN_POINT('',(169.133902035,122.261230295,4.400000106));
#7139=DIRECTION('',(0.000070704,-0.000033439,0.999999997));
#7140=DIRECTION('',(0.707106656,0.707106906,-0.00002635));
#7141=AXIS2_PLACEMENT_3D('',#7138,#7139,#7140);
#7142=CIRCLE('',#7141,37.887301629);
#7143=EDGE_CURVE('',#7100,#7131,#7142,.T.);
#7144=ORIENTED_EDGE('',*,*,#7143,.F.);
#7145=ORIENTED_EDGE('',*,*,#7105,.T.);
#7146=EDGE_LOOP('',(#7129,#7137,#7144,#7145));
#7147=FACE_BOUND('',#7146,.T.);
#7148=ADVANCED_FACE('',(#7147),#7128,.T.);
#7149=CARTESIAN_POINT('',(205.662596333,112.206275842,4.397081162));
#7150=DIRECTION('',(0.000435917,0.999999904,0.000033408));
#7151=DIRECTION('',(-0.999999902,0.000435914,0.000070718));
#7152=AXIS2_PLACEMENT_3D('',#7149,#7150,#7151);
#7153=PLANE('',#7152);
#7154=ORIENTED_EDGE('',*,*,#3715,.T.);
#7155=CARTESIAN_POINT('',(208.765229485,112.20492336,4.396861749));
#7156=VERTEX_POINT('',#7155);
#7157=CARTESIAN_POINT('',(208.765229485,112.20492336,4.396861749));
#7158=DIRECTION('',(-0.000070704,0.000033439,-0.999999997));
#7159=VECTOR('',#7158,2.4);
#7160=LINE('',#7157,#7159);
#7161=EDGE_CURVE('',#7156,#3699,#7160,.T.);
#7162=ORIENTED_EDGE('',*,*,#7161,.F.);
#7163=CARTESIAN_POINT('',(205.662596333,112.206275842,4.397081162));
#7164=DIRECTION('',(0.999999902,-0.000435914,-0.000070718));
#7165=VECTOR('',#7164,3.102633454);
#7166=LINE('',#7163,#7165);
#7167=EDGE_CURVE('',#7131,#7156,#7166,.T.);
#7168=ORIENTED_EDGE('',*,*,#7167,.F.);
#7169=ORIENTED_EDGE('',*,*,#7136,.T.);
#7170=EDGE_LOOP('',(#7154,#7162,#7168,#7169));
#7171=FACE_BOUND('',#7170,.T.);
#7172=ADVANCED_FACE('',(#7171),#7153,.F.);
#7173=CARTESIAN_POINT('',(169.133902035,122.261230295,4.400000106));
#7174=DIRECTION('',(-0.000070704,0.000033439,-0.999999997));
#7175=DIRECTION('',(0.707106656,0.707106906,-0.00002635));
#7176=AXIS2_PLACEMENT_3D('',#7173,#7174,#7175);
#7177=CYLINDRICAL_SURFACE('',#7176,40.887301629);
#7178=ORIENTED_EDGE('',*,*,#3707,.T.);
#7179=ORIENTED_EDGE('',*,*,#7119,.F.);
#7180=CARTESIAN_POINT('',(169.133902035,122.261230295,4.400000106));
#7181=DIRECTION('',(-0.000070704,0.000033439,-0.999999997));
#7182=DIRECTION('',(0.707106656,0.707106906,-0.00002635));
#7183=AXIS2_PLACEMENT_3D('',#7180,#7181,#7182);
#7184=CIRCLE('',#7183,40.887301629);
#7185=EDGE_CURVE('',#7156,#7108,#7184,.T.);
#7186=ORIENTED_EDGE('',*,*,#7185,.F.);
#7187=ORIENTED_EDGE('',*,*,#7161,.T.);
#7188=EDGE_LOOP('',(#7178,#7179,#7186,#7187));
#7189=FACE_BOUND('',#7188,.T.);
#7190=ADVANCED_FACE('',(#7189),#7177,.F.);
#7191=CARTESIAN_POINT('',(129.493822222,112.239478905,4.402467685));
#7192=DIRECTION('',(0.000435917,0.999999904,0.000033408));
#7193=DIRECTION('',(-0.999999902,0.000435914,0.000070718));
#7194=AXIS2_PLACEMENT_3D('',#7191,#7192,#7193);
#7195=PLANE('',#7194);
#7196=ORIENTED_EDGE('',*,*,#3766,.T.);
#7197=CARTESIAN_POINT('',(132.596455374,112.238126423,4.402248272));
#7198=VERTEX_POINT('',#7197);
#7199=CARTESIAN_POINT('',(132.596455374,112.238126423,4.402248272));
#7200=DIRECTION('',(-0.000070704,0.000033439,-0.999999997));
#7201=VECTOR('',#7200,2.4);
#7202=LINE('',#7199,#7201);
#7203=EDGE_CURVE('',#7198,#3754,#7202,.T.);
#7204=ORIENTED_EDGE('',*,*,#7203,.F.);
#7205=CARTESIAN_POINT('',(129.493822222,112.239478905,4.402467685));
#7206=VERTEX_POINT('',#7205);
#7207=CARTESIAN_POINT('',(129.493822222,112.239478905,4.402467685));
#7208=DIRECTION('',(0.999999902,-0.000435914,-0.000070718));
#7209=VECTOR('',#7208,3.102633454);
#7210=LINE('',#7207,#7209);
#7211=EDGE_CURVE('',#7206,#7198,#7210,.T.);
#7212=ORIENTED_EDGE('',*,*,#7211,.F.);
#7213=CARTESIAN_POINT('',(129.493822222,112.239478905,4.402467685));
#7214=DIRECTION('',(-0.000070704,0.000033439,-0.999999997));
#7215=VECTOR('',#7214,2.4);
#7216=LINE('',#7213,#7215);
#7217=EDGE_CURVE('',#7206,#3737,#7216,.T.);
#7218=ORIENTED_EDGE('',*,*,#7217,.T.);
#7219=EDGE_LOOP('',(#7196,#7204,#7212,#7218));
#7220=FACE_BOUND('',#7219,.T.);
#7221=ADVANCED_FACE('',(#7220),#7195,.F.);
#7222=CARTESIAN_POINT('',(169.133902035,122.261230295,4.400000106));
#7223=DIRECTION('',(-0.000070704,0.000033439,-0.999999997));
#7224=DIRECTION('',(0.707106656,0.707106906,-0.00002635));
#7225=AXIS2_PLACEMENT_3D('',#7222,#7223,#7224);
#7226=CYLINDRICAL_SURFACE('',#7225,37.887301629);
#7227=ORIENTED_EDGE('',*,*,#3760,.T.);
#7228=CARTESIAN_POINT('',(159.133908421,85.717451725,4.399485143));
#7229=VERTEX_POINT('',#7228);
#7230=CARTESIAN_POINT('',(159.133908421,85.717451725,4.399485143));
#7231=DIRECTION('',(-0.000070704,0.000033439,-0.999999997));
#7232=VECTOR('',#7231,2.4);
#7233=LINE('',#7230,#7232);
#7234=EDGE_CURVE('',#7229,#3746,#7233,.T.);
#7235=ORIENTED_EDGE('',*,*,#7234,.F.);
#7236=CARTESIAN_POINT('',(169.133902035,122.261230295,4.400000106));
#7237=DIRECTION('',(0.000070704,-0.000033439,0.999999997));
#7238=DIRECTION('',(0.707106656,0.707106906,-0.00002635));
#7239=AXIS2_PLACEMENT_3D('',#7236,#7237,#7238);
#7240=CIRCLE('',#7239,37.887301629);
#7241=EDGE_CURVE('',#7198,#7229,#7240,.T.);
#7242=ORIENTED_EDGE('',*,*,#7241,.F.);
#7243=ORIENTED_EDGE('',*,*,#7203,.T.);
#7244=EDGE_LOOP('',(#7227,#7235,#7242,#7243));
#7245=FACE_BOUND('',#7244,.T.);
#7246=ADVANCED_FACE('',(#7245),#7226,.T.);
#7247=CARTESIAN_POINT('',(159.133908421,85.717451725,4.399485143));
#7248=DIRECTION('',(0.999999998,0.000000176,-0.000070704));
#7249=DIRECTION('',(-0.000000174,0.999999999,0.000033439));
#7250=AXIS2_PLACEMENT_3D('',#7247,#7248,#7249);
#7251=PLANE('',#7250);
#7252=ORIENTED_EDGE('',*,*,#3751,.T.);
#7253=CARTESIAN_POINT('',(159.133908961,82.615655855,4.399381422));
#7254=VERTEX_POINT('',#7253);
#7255=CARTESIAN_POINT('',(159.133908961,82.615655855,4.399381422));
#7256=DIRECTION('',(-0.000070704,0.000033439,-0.999999997));
#7257=VECTOR('',#7256,2.4);
#7258=LINE('',#7255,#7257);
#7259=EDGE_CURVE('',#7254,#3735,#7258,.T.);
#7260=ORIENTED_EDGE('',*,*,#7259,.F.);
#7261=CARTESIAN_POINT('',(159.133908421,85.717451725,4.399485143));
#7262=DIRECTION('',(0.000000174,-0.999999999,-0.000033439));
#7263=VECTOR('',#7262,3.101795871);
#7264=LINE('',#7261,#7263);
#7265=EDGE_CURVE('',#7229,#7254,#7264,.T.);
#7266=ORIENTED_EDGE('',*,*,#7265,.F.);
#7267=ORIENTED_EDGE('',*,*,#7234,.T.);
#7268=EDGE_LOOP('',(#7252,#7260,#7266,#7267));
#7269=FACE_BOUND('',#7268,.T.);
#7270=ADVANCED_FACE('',(#7269),#7251,.F.);
#7271=CARTESIAN_POINT('',(169.133902035,122.261230295,4.400000106));
#7272=DIRECTION('',(-0.000070704,0.000033439,-0.999999997));
#7273=DIRECTION('',(0.707106656,0.707106906,-0.00002635));
#7274=AXIS2_PLACEMENT_3D('',#7271,#7272,#7273);
#7275=CYLINDRICAL_SURFACE('',#7274,40.887301629);
#7276=ORIENTED_EDGE('',*,*,#3743,.T.);
#7277=ORIENTED_EDGE('',*,*,#7217,.F.);
#7278=CARTESIAN_POINT('',(169.133902035,122.261230295,4.400000106));
#7279=DIRECTION('',(-0.000070704,0.000033439,-0.999999997));
#7280=DIRECTION('',(0.707106656,0.707106906,-0.00002635));
#7281=AXIS2_PLACEMENT_3D('',#7278,#7279,#7280);
#7282=CIRCLE('',#7281,40.887301629);
#7283=EDGE_CURVE('',#7254,#7206,#7282,.T.);
#7284=ORIENTED_EDGE('',*,*,#7283,.F.);
#7285=ORIENTED_EDGE('',*,*,#7259,.T.);
#7286=EDGE_LOOP('',(#7276,#7277,#7284,#7285));
#7287=FACE_BOUND('',#7286,.T.);
#7288=ADVANCED_FACE('',(#7287),#7275,.F.);
#7289=CARTESIAN_POINT('',(159.133895159,161.906801206,4.402032863));
#7290=DIRECTION('',(0.999999998,0.000000176,-0.000070704));
#7291=DIRECTION('',(-0.000000174,0.999999999,0.000033439));
#7292=AXIS2_PLACEMENT_3D('',#7289,#7290,#7291);
#7293=PLANE('',#7292);
#7294=ORIENTED_EDGE('',*,*,#3802,.T.);
#7295=CARTESIAN_POINT('',(159.133895699,158.805005337,4.401929142));
#7296=VERTEX_POINT('',#7295);
#7297=CARTESIAN_POINT('',(159.133895699,158.805005337,4.401929142));
#7298=DIRECTION('',(-0.000070704,0.000033439,-0.999999997));
#7299=VECTOR('',#7298,2.4);
#7300=LINE('',#7297,#7299);
#7301=EDGE_CURVE('',#7296,#3790,#7300,.T.);
#7302=ORIENTED_EDGE('',*,*,#7301,.F.);
#7303=CARTESIAN_POINT('',(159.133895159,161.906801206,4.402032863));
#7304=VERTEX_POINT('',#7303);
#7305=CARTESIAN_POINT('',(159.133895159,161.906801206,4.402032863));
#7306=DIRECTION('',(0.000000174,-0.999999999,-0.000033439));
#7307=VECTOR('',#7306,3.101795871);
#7308=LINE('',#7305,#7307);
#7309=EDGE_CURVE('',#7304,#7296,#7308,.T.);
#7310=ORIENTED_EDGE('',*,*,#7309,.F.);
#7311=CARTESIAN_POINT('',(159.133895159,161.906801206,4.402032863));
#7312=DIRECTION('',(-0.000070704,0.000033439,-0.999999997));
#7313=VECTOR('',#7312,2.4);
#7314=LINE('',#7311,#7313);
#7315=EDGE_CURVE('',#7304,#3773,#7314,.T.);
#7316=ORIENTED_EDGE('',*,*,#7315,.T.);
#7317=EDGE_LOOP('',(#7294,#7302,#7310,#7316));
#7318=FACE_BOUND('',#7317,.T.);
#7319=ADVANCED_FACE('',(#7318),#7293,.F.);
#7320=CARTESIAN_POINT('',(169.133902035,122.261230295,4.400000106));
#7321=DIRECTION('',(-0.000070704,0.000033439,-0.999999997));
#7322=DIRECTION('',(0.707106656,0.707106906,-0.00002635));
#7323=AXIS2_PLACEMENT_3D('',#7320,#7321,#7322);
#7324=CYLINDRICAL_SURFACE('',#7323,37.887301629);
#7325=ORIENTED_EDGE('',*,*,#3796,.T.);
#7326=CARTESIAN_POINT('',(132.583812948,132.238133823,4.402917952));
#7327=VERTEX_POINT('',#7326);
#7328=CARTESIAN_POINT('',(132.583812948,132.238133823,4.402917952));
#7329=DIRECTION('',(-0.000070704,0.000033439,-0.999999997));
#7330=VECTOR('',#7329,2.4);
#7331=LINE('',#7328,#7330);
#7332=EDGE_CURVE('',#7327,#3782,#7331,.T.);
#7333=ORIENTED_EDGE('',*,*,#7332,.F.);
#7334=CARTESIAN_POINT('',(169.133902035,122.261230295,4.400000106));
#7335=DIRECTION('',(0.000070704,-0.000033439,0.999999997));
#7336=DIRECTION('',(0.707106656,0.707106906,-0.00002635));
#7337=AXIS2_PLACEMENT_3D('',#7334,#7335,#7336);
#7338=CIRCLE('',#7337,37.887301629);
#7339=EDGE_CURVE('',#7296,#7327,#7338,.T.);
#7340=ORIENTED_EDGE('',*,*,#7339,.F.);
#7341=ORIENTED_EDGE('',*,*,#7301,.T.);
#7342=EDGE_LOOP('',(#7325,#7333,#7340,#7341));
#7343=FACE_BOUND('',#7342,.T.);
#7344=ADVANCED_FACE('',(#7343),#7324,.T.);
#7345=CARTESIAN_POINT('',(132.583812948,132.238133823,4.402917952));
#7346=DIRECTION('',(-0.000435917,-0.999999904,-0.000033408));
#7347=DIRECTION('',(0.999999902,-0.000435914,-0.000070718));
#7348=AXIS2_PLACEMENT_3D('',#7345,#7346,#7347);
#7349=PLANE('',#7348);
#7350=ORIENTED_EDGE('',*,*,#3787,.T.);
#7351=CARTESIAN_POINT('',(129.482851024,132.239485577,4.403137247));
#7352=VERTEX_POINT('',#7351);
#7353=CARTESIAN_POINT('',(129.482851024,132.239485577,4.403137247));
#7354=DIRECTION('',(-0.000070704,0.000033439,-0.999999997));
#7355=VECTOR('',#7354,2.4);
#7356=LINE('',#7353,#7355);
#7357=EDGE_CURVE('',#7352,#3771,#7356,.T.);
#7358=ORIENTED_EDGE('',*,*,#7357,.F.);
#7359=CARTESIAN_POINT('',(132.583812948,132.238133823,4.402917952));
#7360=DIRECTION('',(-0.999999902,0.000435914,0.000070718));
#7361=VECTOR('',#7360,3.100962226);
#7362=LINE('',#7359,#7361);
#7363=EDGE_CURVE('',#7327,#7352,#7362,.T.);
#7364=ORIENTED_EDGE('',*,*,#7363,.F.);
#7365=ORIENTED_EDGE('',*,*,#7332,.T.);
#7366=EDGE_LOOP('',(#7350,#7358,#7364,#7365));
#7367=FACE_BOUND('',#7366,.T.);
#7368=ADVANCED_FACE('',(#7367),#7349,.F.);
#7369=CARTESIAN_POINT('',(169.133902035,122.261230295,4.400000106));
#7370=DIRECTION('',(-0.000070704,0.000033439,-0.999999997));
#7371=DIRECTION('',(0.707106656,0.707106906,-0.00002635));
#7372=AXIS2_PLACEMENT_3D('',#7369,#7370,#7371);
#7373=CYLINDRICAL_SURFACE('',#7372,40.887301629);
#7374=ORIENTED_EDGE('',*,*,#3779,.T.);
#7375=ORIENTED_EDGE('',*,*,#7315,.F.);
#7376=CARTESIAN_POINT('',(169.133902035,122.261230295,4.400000106));
#7377=DIRECTION('',(-0.000070704,0.000033439,-0.999999997));
#7378=DIRECTION('',(0.707106656,0.707106906,-0.00002635));
#7379=AXIS2_PLACEMENT_3D('',#7376,#7377,#7378);
#7380=CIRCLE('',#7379,40.887301629);
#7381=EDGE_CURVE('',#7352,#7304,#7380,.T.);
#7382=ORIENTED_EDGE('',*,*,#7381,.F.);
#7383=ORIENTED_EDGE('',*,*,#7357,.T.);
#7384=EDGE_LOOP('',(#7374,#7375,#7382,#7383));
#7385=FACE_BOUND('',#7384,.T.);
#7386=ADVANCED_FACE('',(#7385),#7373,.F.);
#7387=CARTESIAN_POINT('',(208.793637351,132.204912865,4.397528527));
#7388=DIRECTION('',(-0.000435917,-0.999999904,-0.000033408));
#7389=DIRECTION('',(0.999999902,-0.000435914,-0.000070718));
#7390=AXIS2_PLACEMENT_3D('',#7387,#7388,#7389);
#7391=PLANE('',#7390);
#7392=ORIENTED_EDGE('',*,*,#3856,.T.);
#7393=CARTESIAN_POINT('',(205.692675427,132.206264619,4.397747821));
#7394=VERTEX_POINT('',#7393);
#7395=CARTESIAN_POINT('',(205.692675427,132.206264619,4.397747821));
#7396=DIRECTION('',(-0.000070704,0.000033439,-0.999999997));
#7397=VECTOR('',#7396,2.4);
#7398=LINE('',#7395,#7397);
#7399=EDGE_CURVE('',#7394,#3844,#7398,.T.);
#7400=ORIENTED_EDGE('',*,*,#7399,.F.);
#7401=CARTESIAN_POINT('',(208.793637351,132.204912865,4.397528527));
#7402=VERTEX_POINT('',#7401);
#7403=CARTESIAN_POINT('',(208.793637351,132.204912865,4.397528527));
#7404=DIRECTION('',(-0.999999902,0.000435914,0.000070718));
#7405=VECTOR('',#7404,3.100962226);
#7406=LINE('',#7403,#7405);
#7407=EDGE_CURVE('',#7402,#7394,#7406,.T.);
#7408=ORIENTED_EDGE('',*,*,#7407,.F.);
#7409=CARTESIAN_POINT('',(208.793637351,132.204912865,4.397528527));
#7410=DIRECTION('',(-0.000070704,0.000033439,-0.999999997));
#7411=VECTOR('',#7410,2.4);
#7412=LINE('',#7409,#7411);
#7413=EDGE_CURVE('',#7402,#3809,#7412,.T.);
#7414=ORIENTED_EDGE('',*,*,#7413,.T.);
#7415=EDGE_LOOP('',(#7392,#7400,#7408,#7414));
#7416=FACE_BOUND('',#7415,.T.);
#7417=ADVANCED_FACE('',(#7416),#7391,.F.);
#7418=CARTESIAN_POINT('',(169.133902035,122.261230295,4.400000106));
#7419=DIRECTION('',(-0.000070704,0.000033439,-0.999999997));
#7420=DIRECTION('',(0.707106656,0.707106906,-0.00002635));
#7421=AXIS2_PLACEMENT_3D('',#7418,#7419,#7420);
#7422=CYLINDRICAL_SURFACE('',#7421,37.887301629);
#7423=CARTESIAN_POINT('',(195.924265207,149.051602909,4.39900178));
#7424=VERTEX_POINT('',#7423);
#7425=CARTESIAN_POINT('',(195.924095519,149.051683164,1.999001788));
#7426=DIRECTION('',(0.000070704,-0.000033439,0.999999997));
#7427=VECTOR('',#7426,2.4);
#7428=LINE('',#7425,#7427);
#7429=EDGE_CURVE('',#3835,#7424,#7428,.T.);
#7430=ORIENTED_EDGE('',*,*,#7429,.T.);
#7431=CARTESIAN_POINT('',(169.133902035,122.261230295,4.400000106));
#7432=DIRECTION('',(0.000070704,-0.000033439,0.999999997));
#7433=DIRECTION('',(0.707106656,0.707106906,-0.00002635));
#7434=AXIS2_PLACEMENT_3D('',#7431,#7432,#7433);
#7435=CIRCLE('',#7434,37.887301629);
#7436=EDGE_CURVE('',#7394,#7424,#7435,.T.);
#7437=ORIENTED_EDGE('',*,*,#7436,.F.);
#7438=ORIENTED_EDGE('',*,*,#7399,.T.);
#7439=ORIENTED_EDGE('',*,*,#3850,.T.);
#7440=EDGE_LOOP('',(#7430,#7437,#7438,#7439));
#7441=FACE_BOUND('',#7440,.T.);
#7442=ADVANCED_FACE('',(#7441),#7422,.T.);
#7443=CARTESIAN_POINT('',(179.133895649,158.805008865,4.400515068));
#7444=DIRECTION('',(-0.999999998,-0.000000176,0.000070704));
#7445=DIRECTION('',(0.000000174,-0.999999999,-0.000033439));
#7446=AXIS2_PLACEMENT_3D('',#7443,#7444,#7445);
#7447=PLANE('',#7446);
#7448=ORIENTED_EDGE('',*,*,#3832,.T.);
#7449=CARTESIAN_POINT('',(179.133895109,161.906804735,4.40061879));
#7450=VERTEX_POINT('',#7449);
#7451=CARTESIAN_POINT('',(179.133895109,161.906804735,4.40061879));
#7452=DIRECTION('',(-0.000070704,0.000033439,-0.999999997));
#7453=VECTOR('',#7452,2.4);
#7454=LINE('',#7451,#7453);
#7455=EDGE_CURVE('',#7450,#3818,#7454,.T.);
#7456=ORIENTED_EDGE('',*,*,#7455,.F.);
#7457=CARTESIAN_POINT('',(179.133895649,158.805008865,4.400515068));
#7458=VERTEX_POINT('',#7457);
#7459=CARTESIAN_POINT('',(179.133895649,158.805008865,4.400515068));
#7460=DIRECTION('',(-0.000000174,0.999999999,0.000033439));
#7461=VECTOR('',#7460,3.101795871);
#7462=LINE('',#7459,#7461);
#7463=EDGE_CURVE('',#7458,#7450,#7462,.T.);
#7464=ORIENTED_EDGE('',*,*,#7463,.F.);
#7465=CARTESIAN_POINT('',(179.133895649,158.805008865,4.400515068));
#7466=DIRECTION('',(-0.000070704,0.000033439,-0.999999997));
#7467=VECTOR('',#7466,2.4);
#7468=LINE('',#7465,#7467);
#7469=EDGE_CURVE('',#7458,#3827,#7468,.T.);
#7470=ORIENTED_EDGE('',*,*,#7469,.T.);
#7471=EDGE_LOOP('',(#7448,#7456,#7464,#7470));
#7472=FACE_BOUND('',#7471,.T.);
#7473=ADVANCED_FACE('',(#7472),#7447,.F.);
#7474=CARTESIAN_POINT('',(169.133902035,122.261230295,4.400000106));
#7475=DIRECTION('',(-0.000070704,0.000033439,-0.999999997));
#7476=DIRECTION('',(0.707106656,0.707106906,-0.00002635));
#7477=AXIS2_PLACEMENT_3D('',#7474,#7475,#7476);
#7478=CYLINDRICAL_SURFACE('',#7477,40.887301629);
#7479=CARTESIAN_POINT('',(198.045585176,151.172923626,4.398922731));
#7480=VERTEX_POINT('',#7479);
#7481=CARTESIAN_POINT('',(198.045415488,151.17300388,1.998922738));
#7482=DIRECTION('',(0.000070704,-0.000033439,0.999999997));
#7483=VECTOR('',#7482,2.4);
#7484=LINE('',#7481,#7483);
#7485=EDGE_CURVE('',#3807,#7480,#7484,.T.);
#7486=ORIENTED_EDGE('',*,*,#7485,.F.);
#7487=ORIENTED_EDGE('',*,*,#3815,.T.);
#7488=ORIENTED_EDGE('',*,*,#7413,.F.);
#7489=CARTESIAN_POINT('',(169.133902035,122.261230295,4.400000106));
#7490=DIRECTION('',(-0.000070704,0.000033439,-0.999999997));
#7491=DIRECTION('',(0.707106656,0.707106906,-0.00002635));
#7492=AXIS2_PLACEMENT_3D('',#7489,#7490,#7491);
#7493=CIRCLE('',#7492,40.887301629);
#7494=EDGE_CURVE('',#7480,#7402,#7493,.T.);
#7495=ORIENTED_EDGE('',*,*,#7494,.F.);
#7496=EDGE_LOOP('',(#7486,#7487,#7488,#7495));
#7497=FACE_BOUND('',#7496,.T.);
#7498=ADVANCED_FACE('',(#7497),#7478,.F.);
#7499=CARTESIAN_POINT('',(179.133909983,76.452727917,4.397761264));
#7500=DIRECTION('',(-0.999999998,-0.000000176,0.000070704));
#7501=DIRECTION('',(0.000000174,-0.999999999,-0.000033439));
#7502=AXIS2_PLACEMENT_3D('',#7499,#7500,#7501);
#7503=PLANE('',#7502);
#7504=ORIENTED_EDGE('',*,*,#3892,.T.);
#7505=CARTESIAN_POINT('',(179.133909448,79.528396414,4.397864112));
#7506=VERTEX_POINT('',#7505);
#7507=CARTESIAN_POINT('',(179.133909448,79.528396414,4.397864112));
#7508=DIRECTION('',(-0.000070704,0.000033439,-0.999999997));
#7509=VECTOR('',#7508,2.4);
#7510=LINE('',#7507,#7509);
#7511=EDGE_CURVE('',#7506,#3880,#7510,.T.);
#7512=ORIENTED_EDGE('',*,*,#7511,.F.);
#7513=CARTESIAN_POINT('',(179.133909983,76.452727917,4.397761264));
#7514=VERTEX_POINT('',#7513);
#7515=CARTESIAN_POINT('',(179.133909983,76.452727917,4.397761264));
#7516=DIRECTION('',(-0.000000174,0.999999999,0.000033439));
#7517=VECTOR('',#7516,3.075668499);
#7518=LINE('',#7515,#7517);
#7519=EDGE_CURVE('',#7514,#7506,#7518,.T.);
#7520=ORIENTED_EDGE('',*,*,#7519,.F.);
#7521=CARTESIAN_POINT('',(179.133909983,76.452727917,4.397761264));
#7522=DIRECTION('',(-0.000070704,0.000033439,-0.999999997));
#7523=VECTOR('',#7522,2.4);
#7524=LINE('',#7521,#7523);
#7525=EDGE_CURVE('',#7514,#3863,#7524,.T.);
#7526=ORIENTED_EDGE('',*,*,#7525,.T.);
#7527=EDGE_LOOP('',(#7504,#7512,#7520,#7526));
#7528=FACE_BOUND('',#7527,.T.);
#7529=ADVANCED_FACE('',(#7528),#7503,.F.);
#7530=CARTESIAN_POINT('',(169.133902035,122.261230295,4.400000106));
#7531=DIRECTION('',(-0.000070704,0.000033439,-0.999999997));
#7532=DIRECTION('',(0.707106656,0.707106906,-0.00002635));
#7533=AXIS2_PLACEMENT_3D('',#7530,#7531,#7532);
#7534=CYLINDRICAL_SURFACE('',#7533,43.887301629);
#7535=ORIENTED_EDGE('',*,*,#3886,.T.);
#7536=CARTESIAN_POINT('',(211.853205032,112.203577267,4.396643373));
#7537=VERTEX_POINT('',#7536);
#7538=CARTESIAN_POINT('',(211.853205032,112.203577267,4.396643373));
#7539=DIRECTION('',(-0.000070704,0.000033439,-0.999999997));
#7540=VECTOR('',#7539,2.4);
#7541=LINE('',#7538,#7540);
#7542=EDGE_CURVE('',#7537,#3872,#7541,.T.);
#7543=ORIENTED_EDGE('',*,*,#7542,.F.);
#7544=CARTESIAN_POINT('',(169.133902035,122.261230295,4.400000106));
#7545=DIRECTION('',(0.000070704,-0.000033439,0.999999997));
#7546=DIRECTION('',(0.707106656,0.707106906,-0.00002635));
#7547=AXIS2_PLACEMENT_3D('',#7544,#7545,#7546);
#7548=CIRCLE('',#7547,43.887301629);
#7549=EDGE_CURVE('',#7506,#7537,#7548,.T.);
#7550=ORIENTED_EDGE('',*,*,#7549,.F.);
#7551=ORIENTED_EDGE('',*,*,#7511,.T.);
#7552=EDGE_LOOP('',(#7535,#7543,#7550,#7551));
#7553=FACE_BOUND('',#7552,.T.);
#7554=ADVANCED_FACE('',(#7553),#7534,.T.);
#7555=CARTESIAN_POINT('',(211.853205032,112.203577267,4.396643373));
#7556=DIRECTION('',(0.000435917,0.999999904,0.000033408));
#7557=DIRECTION('',(-0.999999902,0.000435914,0.000070718));
#7558=AXIS2_PLACEMENT_3D('',#7555,#7556,#7557);
#7559=PLANE('',#7558);
#7560=ORIENTED_EDGE('',*,*,#3877,.T.);
#7561=CARTESIAN_POINT('',(214.929487854,112.202236271,4.396425824));
#7562=VERTEX_POINT('',#7561);
#7563=CARTESIAN_POINT('',(214.929487854,112.202236271,4.396425824));
#7564=DIRECTION('',(-0.000070704,0.000033439,-0.999999997));
#7565=VECTOR('',#7564,2.4);
#7566=LINE('',#7563,#7565);
#7567=EDGE_CURVE('',#7562,#3861,#7566,.T.);
#7568=ORIENTED_EDGE('',*,*,#7567,.F.);
#7569=CARTESIAN_POINT('',(211.853205032,112.203577267,4.396643373));
#7570=DIRECTION('',(0.999999902,-0.000435914,-0.000070718));
#7571=VECTOR('',#7570,3.076283122);
#7572=LINE('',#7569,#7571);
#7573=EDGE_CURVE('',#7537,#7562,#7572,.T.);
#7574=ORIENTED_EDGE('',*,*,#7573,.F.);
#7575=ORIENTED_EDGE('',*,*,#7542,.T.);
#7576=EDGE_LOOP('',(#7560,#7568,#7574,#7575));
#7577=FACE_BOUND('',#7576,.T.);
#7578=ADVANCED_FACE('',(#7577),#7559,.F.);
#7579=CARTESIAN_POINT('',(169.133902035,122.261230295,4.400000106));
#7580=DIRECTION('',(-0.000070704,0.000033439,-0.999999997));
#7581=DIRECTION('',(0.707106656,0.707106906,-0.00002635));
#7582=AXIS2_PLACEMENT_3D('',#7579,#7580,#7581);
#7583=CYLINDRICAL_SURFACE('',#7582,46.887301629);
#7584=ORIENTED_EDGE('',*,*,#3869,.T.);
#7585=ORIENTED_EDGE('',*,*,#7525,.F.);
#7586=CARTESIAN_POINT('',(169.133902035,122.261230295,4.400000106));
#7587=DIRECTION('',(-0.000070704,0.000033439,-0.999999997));
#7588=DIRECTION('',(0.707106656,0.707106906,-0.00002635));
#7589=AXIS2_PLACEMENT_3D('',#7586,#7587,#7588);
#7590=CIRCLE('',#7589,46.887301629);
#7591=EDGE_CURVE('',#7562,#7514,#7590,.T.);
#7592=ORIENTED_EDGE('',*,*,#7591,.F.);
#7593=ORIENTED_EDGE('',*,*,#7567,.T.);
#7594=EDGE_LOOP('',(#7584,#7585,#7592,#7593));
#7595=FACE_BOUND('',#7594,.T.);
#7596=ADVANCED_FACE('',(#7595),#7583,.F.);
#7597=CARTESIAN_POINT('',(123.329563854,112.242165994,4.40290361));
#7598=DIRECTION('',(0.000435917,0.999999904,0.000033408));
#7599=DIRECTION('',(-0.999999902,0.000435914,0.000070718));
#7600=AXIS2_PLACEMENT_3D('',#7597,#7598,#7599);
#7601=PLANE('',#7600);
#7602=ORIENTED_EDGE('',*,*,#3928,.T.);
#7603=CARTESIAN_POINT('',(126.405846676,112.240824998,4.402686061));
#7604=VERTEX_POINT('',#7603);
#7605=CARTESIAN_POINT('',(126.405846676,112.240824998,4.402686061));
#7606=DIRECTION('',(-0.000070704,0.000033439,-0.999999997));
#7607=VECTOR('',#7606,2.4);
#7608=LINE('',#7605,#7607);
#7609=EDGE_CURVE('',#7604,#3916,#7608,.T.);
#7610=ORIENTED_EDGE('',*,*,#7609,.F.);
#7611=CARTESIAN_POINT('',(123.329563854,112.242165994,4.40290361));
#7612=VERTEX_POINT('',#7611);
#7613=CARTESIAN_POINT('',(123.329563854,112.242165994,4.40290361));
#7614=DIRECTION('',(0.999999902,-0.000435914,-0.000070718));
#7615=VECTOR('',#7614,3.076283122);
#7616=LINE('',#7613,#7615);
#7617=EDGE_CURVE('',#7612,#7604,#7616,.T.);
#7618=ORIENTED_EDGE('',*,*,#7617,.F.);
#7619=CARTESIAN_POINT('',(123.329563854,112.242165994,4.40290361));
#7620=DIRECTION('',(-0.000070704,0.000033439,-0.999999997));
#7621=VECTOR('',#7620,2.4);
#7622=LINE('',#7619,#7621);
#7623=EDGE_CURVE('',#7612,#3899,#7622,.T.);
#7624=ORIENTED_EDGE('',*,*,#7623,.T.);
#7625=EDGE_LOOP('',(#7602,#7610,#7618,#7624));
#7626=FACE_BOUND('',#7625,.T.);
#7627=ADVANCED_FACE('',(#7626),#7601,.F.);
#7628=CARTESIAN_POINT('',(169.133902035,122.261230295,4.400000106));
#7629=DIRECTION('',(-0.000070704,0.000033439,-0.999999997));
#7630=DIRECTION('',(0.707106656,0.707106906,-0.00002635));
#7631=AXIS2_PLACEMENT_3D('',#7628,#7629,#7630);
#7632=CYLINDRICAL_SURFACE('',#7631,43.887301629);
#7633=ORIENTED_EDGE('',*,*,#3922,.T.);
#7634=CARTESIAN_POINT('',(159.133909498,79.528392886,4.399278186));
#7635=VERTEX_POINT('',#7634);
#7636=CARTESIAN_POINT('',(159.133909498,79.528392886,4.399278186));
#7637=DIRECTION('',(-0.000070704,0.000033439,-0.999999997));
#7638=VECTOR('',#7637,2.4);
#7639=LINE('',#7636,#7638);
#7640=EDGE_CURVE('',#7635,#3908,#7639,.T.);
#7641=ORIENTED_EDGE('',*,*,#7640,.F.);
#7642=CARTESIAN_POINT('',(169.133902035,122.261230295,4.400000106));
#7643=DIRECTION('',(0.000070704,-0.000033439,0.999999997));
#7644=DIRECTION('',(0.707106656,0.707106906,-0.00002635));
#7645=AXIS2_PLACEMENT_3D('',#7642,#7643,#7644);
#7646=CIRCLE('',#7645,43.887301629);
#7647=EDGE_CURVE('',#7604,#7635,#7646,.T.);
#7648=ORIENTED_EDGE('',*,*,#7647,.F.);
#7649=ORIENTED_EDGE('',*,*,#7609,.T.);
#7650=EDGE_LOOP('',(#7633,#7641,#7648,#7649));
#7651=FACE_BOUND('',#7650,.T.);
#7652=ADVANCED_FACE('',(#7651),#7632,.T.);
#7653=CARTESIAN_POINT('',(159.133909498,79.528392886,4.399278186));
#7654=DIRECTION('',(0.999999998,0.000000176,-0.000070704));
#7655=DIRECTION('',(-0.000000174,0.999999999,0.000033439));
#7656=AXIS2_PLACEMENT_3D('',#7653,#7654,#7655);
#7657=PLANE('',#7656);
#7658=ORIENTED_EDGE('',*,*,#3913,.T.);
#7659=CARTESIAN_POINT('',(159.133910033,76.452724389,4.399175337));
#7660=VERTEX_POINT('',#7659);
#7661=CARTESIAN_POINT('',(159.133910033,76.452724389,4.399175337));
#7662=DIRECTION('',(-0.000070704,0.000033439,-0.999999997));
#7663=VECTOR('',#7662,2.4);
#7664=LINE('',#7661,#7663);
#7665=EDGE_CURVE('',#7660,#3897,#7664,.T.);
#7666=ORIENTED_EDGE('',*,*,#7665,.F.);
#7667=CARTESIAN_POINT('',(159.133909498,79.528392886,4.399278186));
#7668=DIRECTION('',(0.000000174,-0.999999999,-0.000033439));
#7669=VECTOR('',#7668,3.075668499);
#7670=LINE('',#7667,#7669);
#7671=EDGE_CURVE('',#7635,#7660,#7670,.T.);
#7672=ORIENTED_EDGE('',*,*,#7671,.F.);
#7673=ORIENTED_EDGE('',*,*,#7640,.T.);
#7674=EDGE_LOOP('',(#7658,#7666,#7672,#7673));
#7675=FACE_BOUND('',#7674,.T.);
#7676=ADVANCED_FACE('',(#7675),#7657,.F.);
#7677=CARTESIAN_POINT('',(169.133902035,122.261230295,4.400000106));
#7678=DIRECTION('',(-0.000070704,0.000033439,-0.999999997));
#7679=DIRECTION('',(0.707106656,0.707106906,-0.00002635));
#7680=AXIS2_PLACEMENT_3D('',#7677,#7678,#7679);
#7681=CYLINDRICAL_SURFACE('',#7680,46.887301629);
#7682=ORIENTED_EDGE('',*,*,#3905,.T.);
#7683=ORIENTED_EDGE('',*,*,#7623,.F.);
#7684=CARTESIAN_POINT('',(169.133902035,122.261230295,4.400000106));
#7685=DIRECTION('',(-0.000070704,0.000033439,-0.999999997));
#7686=DIRECTION('',(0.707106656,0.707106906,-0.00002635));
#7687=AXIS2_PLACEMENT_3D('',#7684,#7685,#7686);
#7688=CIRCLE('',#7687,46.887301629);
#7689=EDGE_CURVE('',#7660,#7612,#7688,.T.);
#7690=ORIENTED_EDGE('',*,*,#7689,.F.);
#7691=ORIENTED_EDGE('',*,*,#7665,.T.);
#7692=EDGE_LOOP('',(#7682,#7683,#7690,#7691));
#7693=FACE_BOUND('',#7692,.T.);
#7694=ADVANCED_FACE('',(#7693),#7681,.F.);
#7695=CARTESIAN_POINT('',(159.133894086,168.069732673,4.402238948));
#7696=DIRECTION('',(0.999999998,0.000000176,-0.000070704));
#7697=DIRECTION('',(-0.000000174,0.999999999,0.000033439));
#7698=AXIS2_PLACEMENT_3D('',#7695,#7696,#7697);
#7699=PLANE('',#7698);
#7700=ORIENTED_EDGE('',*,*,#3964,.T.);
#7701=CARTESIAN_POINT('',(159.133894622,164.994064176,4.402136099));
#7702=VERTEX_POINT('',#7701);
#7703=CARTESIAN_POINT('',(159.133894622,164.994064176,4.402136099));
#7704=DIRECTION('',(-0.000070704,0.000033439,-0.999999997));
#7705=VECTOR('',#7704,2.4);
#7706=LINE('',#7703,#7705);
#7707=EDGE_CURVE('',#7702,#3952,#7706,.T.);
#7708=ORIENTED_EDGE('',*,*,#7707,.F.);
#7709=CARTESIAN_POINT('',(159.133894086,168.069732673,4.402238948));
#7710=VERTEX_POINT('',#7709);
#7711=CARTESIAN_POINT('',(159.133894086,168.069732673,4.402238948));
#7712=DIRECTION('',(0.000000174,-0.999999999,-0.000033439));
#7713=VECTOR('',#7712,3.075668499);
#7714=LINE('',#7711,#7713);
#7715=EDGE_CURVE('',#7710,#7702,#7714,.T.);
#7716=ORIENTED_EDGE('',*,*,#7715,.F.);
#7717=CARTESIAN_POINT('',(159.133894086,168.069732673,4.402238948));
#7718=DIRECTION('',(-0.000070704,0.000033439,-0.999999997));
#7719=VECTOR('',#7718,2.4);
#7720=LINE('',#7717,#7719);
#7721=EDGE_CURVE('',#7710,#3935,#7720,.T.);
#7722=ORIENTED_EDGE('',*,*,#7721,.T.);
#7723=EDGE_LOOP('',(#7700,#7708,#7716,#7722));
#7724=FACE_BOUND('',#7723,.T.);
#7725=ADVANCED_FACE('',(#7724),#7699,.F.);
#7726=CARTESIAN_POINT('',(169.133902035,122.261230295,4.400000106));
#7727=DIRECTION('',(-0.000070704,0.000033439,-0.999999997));
#7728=DIRECTION('',(0.707106656,0.707106906,-0.00002635));
#7729=AXIS2_PLACEMENT_3D('',#7726,#7727,#7728);
#7730=CYLINDRICAL_SURFACE('',#7729,43.887301629);
#7731=ORIENTED_EDGE('',*,*,#3958,.T.);
#7732=CARTESIAN_POINT('',(126.396297963,132.240831049,4.403355522));
#7733=VERTEX_POINT('',#7732);
#7734=CARTESIAN_POINT('',(126.396297963,132.240831049,4.403355522));
#7735=DIRECTION('',(-0.000070704,0.000033439,-0.999999997));
#7736=VECTOR('',#7735,2.4);
#7737=LINE('',#7734,#7736);
#7738=EDGE_CURVE('',#7733,#3944,#7737,.T.);
#7739=ORIENTED_EDGE('',*,*,#7738,.F.);
#7740=CARTESIAN_POINT('',(169.133902035,122.261230295,4.400000106));
#7741=DIRECTION('',(0.000070704,-0.000033439,0.999999997));
#7742=DIRECTION('',(0.707106656,0.707106906,-0.00002635));
#7743=AXIS2_PLACEMENT_3D('',#7740,#7741,#7742);
#7744=CIRCLE('',#7743,43.887301629);
#7745=EDGE_CURVE('',#7702,#7733,#7744,.T.);
#7746=ORIENTED_EDGE('',*,*,#7745,.F.);
#7747=ORIENTED_EDGE('',*,*,#7707,.T.);
#7748=EDGE_LOOP('',(#7731,#7739,#7746,#7747));
#7749=FACE_BOUND('',#7748,.T.);
#7750=ADVANCED_FACE('',(#7749),#7730,.T.);
#7751=CARTESIAN_POINT('',(126.396297963,132.240831049,4.403355522));
#7752=DIRECTION('',(-0.000435917,-0.999999904,-0.000033408));
#7753=DIRECTION('',(0.999999902,-0.000435914,-0.000070718));
#7754=AXIS2_PLACEMENT_3D('',#7751,#7752,#7753);
#7755=PLANE('',#7754);
#7756=ORIENTED_EDGE('',*,*,#3949,.T.);
#7757=CARTESIAN_POINT('',(123.321241626,132.242171511,4.403572985));
#7758=VERTEX_POINT('',#7757);
#7759=CARTESIAN_POINT('',(123.321241626,132.242171511,4.403572985));
#7760=DIRECTION('',(-0.000070704,0.000033439,-0.999999997));
#7761=VECTOR('',#7760,2.4);
#7762=LINE('',#7759,#7761);
#7763=EDGE_CURVE('',#7758,#3933,#7762,.T.);
#7764=ORIENTED_EDGE('',*,*,#7763,.F.);
#7765=CARTESIAN_POINT('',(126.396297963,132.240831049,4.403355522));
#7766=DIRECTION('',(-0.999999902,0.000435914,0.000070718));
#7767=VECTOR('',#7766,3.075056637);
#7768=LINE('',#7765,#7767);
#7769=EDGE_CURVE('',#7733,#7758,#7768,.T.);
#7770=ORIENTED_EDGE('',*,*,#7769,.F.);
#7771=ORIENTED_EDGE('',*,*,#7738,.T.);
#7772=EDGE_LOOP('',(#7756,#7764,#7770,#7771));
#7773=FACE_BOUND('',#7772,.T.);
#7774=ADVANCED_FACE('',(#7773),#7755,.F.);
#7775=CARTESIAN_POINT('',(169.133902035,122.261230295,4.400000106));
#7776=DIRECTION('',(-0.000070704,0.000033439,-0.999999997));
#7777=DIRECTION('',(0.707106656,0.707106906,-0.00002635));
#7778=AXIS2_PLACEMENT_3D('',#7775,#7776,#7777);
#7779=CYLINDRICAL_SURFACE('',#7778,46.887301629);
#7780=ORIENTED_EDGE('',*,*,#3941,.T.);
#7781=ORIENTED_EDGE('',*,*,#7721,.F.);
#7782=CARTESIAN_POINT('',(169.133902035,122.261230295,4.400000106));
#7783=DIRECTION('',(-0.000070704,0.000033439,-0.999999997));
#7784=DIRECTION('',(0.707106656,0.707106906,-0.00002635));
#7785=AXIS2_PLACEMENT_3D('',#7782,#7783,#7784);
#7786=CIRCLE('',#7785,46.887301629);
#7787=EDGE_CURVE('',#7758,#7710,#7786,.T.);
#7788=ORIENTED_EDGE('',*,*,#7787,.F.);
#7789=ORIENTED_EDGE('',*,*,#7763,.T.);
#7790=EDGE_LOOP('',(#7780,#7781,#7788,#7789));
#7791=FACE_BOUND('',#7790,.T.);
#7792=ADVANCED_FACE('',(#7791),#7779,.F.);
#7793=CARTESIAN_POINT('',(98.610581876,89.261217871,4.403882866));
#7794=DIRECTION('',(-0.000000174,0.999999999,0.000033439));
#7795=DIRECTION('',(-0.999999998,-0.000000176,0.000070704));
#7796=AXIS2_PLACEMENT_3D('',#7793,#7794,#7795);
#7797=PLANE('',#7796);
#7798=CARTESIAN_POINT('',(103.141433263,89.260048294,39.403562586));
#7799=VERTEX_POINT('',#7798);
#7800=CARTESIAN_POINT('',(103.141433262,89.260048294,39.403562586));
#7801=DIRECTION('',(-0.000070704,0.000033439,-0.999999997));
#7802=VECTOR('',#7801,37.4);
#7803=LINE('',#7800,#7802);
#7804=EDGE_CURVE('',#7799,#2716,#7803,.T.);
#7805=ORIENTED_EDGE('',*,*,#7804,.F.);
#7806=CARTESIAN_POINT('',(98.613056503,89.260047495,39.403882759));
#7807=VERTEX_POINT('',#7806);
#7808=CARTESIAN_POINT('',(98.613056503,89.260047495,39.403882759));
#7809=DIRECTION('',(0.999999998,0.000000176,-0.000070704));
#7810=VECTOR('',#7809,4.528376771);
#7811=LINE('',#7808,#7810);
#7812=EDGE_CURVE('',#7807,#7799,#7811,.T.);
#7813=ORIENTED_EDGE('',*,*,#7812,.F.);
#7814=CARTESIAN_POINT('',(98.613056504,89.260047495,39.403882759));
#7815=DIRECTION('',(-0.000070704,0.000033439,-0.999999997));
#7816=VECTOR('',#7815,37.4);
#7817=LINE('',#7814,#7816);
#7818=EDGE_CURVE('',#7807,#2724,#7817,.T.);
#7819=ORIENTED_EDGE('',*,*,#7818,.T.);
#7820=ORIENTED_EDGE('',*,*,#2729,.T.);
#7821=EDGE_LOOP('',(#7805,#7813,#7819,#7820));
#7822=FACE_BOUND('',#7821,.T.);
#7823=ADVANCED_FACE('',(#7822),#7797,.F.);
#7824=CARTESIAN_POINT('',(89.93115943,80.581792366,4.404206299));
#7825=DIRECTION('',(-0.707106902,0.707106656,0.00007364));
#7826=DIRECTION('',(-0.000070704,0.000033439,-0.999999997));
#7827=AXIS2_PLACEMENT_3D('',#7824,#7825,#7826);
#7828=PLANE('',#7827);
#7829=CARTESIAN_POINT('',(90.901264627,81.548252901,39.404170134));
#7830=VERTEX_POINT('',#7829);
#7831=CARTESIAN_POINT('',(90.901264627,81.548252901,39.404170134));
#7832=DIRECTION('',(0.707106656,0.707106906,-0.00002635));
#7833=VECTOR('',#7832,10.906122587);
#7834=LINE('',#7831,#7833);
#7835=EDGE_CURVE('',#7830,#7807,#7834,.T.);
#7836=ORIENTED_EDGE('',*,*,#7835,.F.);
#7837=CARTESIAN_POINT('',(90.901264628,81.548252901,39.404170134));
#7838=DIRECTION('',(-0.000070704,0.000033439,-0.999999997));
#7839=VECTOR('',#7838,37.4);
#7840=LINE('',#7837,#7839);
#7841=EDGE_CURVE('',#7830,#2732,#7840,.T.);
#7842=ORIENTED_EDGE('',*,*,#7841,.T.);
#7843=ORIENTED_EDGE('',*,*,#2737,.T.);
#7844=ORIENTED_EDGE('',*,*,#7818,.F.);
#7845=EDGE_LOOP('',(#7836,#7842,#7843,#7844));
#7846=FACE_BOUND('',#7845,.T.);
#7847=ADVANCED_FACE('',(#7846),#7828,.F.);
#7848=CARTESIAN_POINT('',(169.133902035,122.261230295,4.400000106));
#7849=DIRECTION('',(-0.000070704,0.000033439,-0.999999997));
#7850=DIRECTION('',(0.707106656,0.707106906,-0.00002635));
#7851=AXIS2_PLACEMENT_3D('',#7848,#7849,#7850);
#7852=CYLINDRICAL_SURFACE('',#7851,89.5);
#7853=CARTESIAN_POINT('',(82.523077314,99.705492275,9.405369576));
#7854=VERTEX_POINT('',#7853);
#7855=CARTESIAN_POINT('',(82.524844906,99.704656292,34.4053695));
#7856=VERTEX_POINT('',#7855);
#7857=CARTESIAN_POINT('',(82.523077314,99.705492275,9.405369576));
#7858=DIRECTION('',(0.000070704,-0.000033439,0.999999997));
#7859=VECTOR('',#7858,25.);
#7860=LINE('',#7857,#7859);
#7861=EDGE_CURVE('',#7854,#7856,#7860,.T.);
#7862=ORIENTED_EDGE('',*,*,#7861,.F.);
#7863=CARTESIAN_POINT('',(82.026744542,101.705492186,9.405471547));
#7864=VERTEX_POINT('',#7863);
#7865=CARTESIAN_POINT('',(169.134255553,122.261063099,9.400000091));
#7866=DIRECTION('',(-0.000070704,0.000033439,-0.999999997));
#7867=DIRECTION('',(0.707106656,0.707106906,-0.00002635));
#7868=AXIS2_PLACEMENT_3D('',#7865,#7866,#7867);
#7869=CIRCLE('',#7868,89.5);
#7870=EDGE_CURVE('',#7854,#7864,#7869,.T.);
#7871=ORIENTED_EDGE('',*,*,#7870,.T.);
#7872=CARTESIAN_POINT('',(82.028512134,101.704656203,34.405471471));
#7873=VERTEX_POINT('',#7872);
#7874=CARTESIAN_POINT('',(82.028512134,101.704656203,34.405471471));
#7875=DIRECTION('',(-0.000070704,0.000033439,-0.999999997));
#7876=VECTOR('',#7875,25.);
#7877=LINE('',#7874,#7876);
#7878=EDGE_CURVE('',#7873,#7864,#7877,.T.);
#7879=ORIENTED_EDGE('',*,*,#7878,.F.);
#7880=CARTESIAN_POINT('',(169.136023145,122.260227116,34.400000014));
#7881=DIRECTION('',(-0.000070704,0.000033439,-0.999999997));
#7882=DIRECTION('',(0.707106656,0.707106906,-0.00002635));
#7883=AXIS2_PLACEMENT_3D('',#7880,#7881,#7882);
#7884=CIRCLE('',#7883,89.5);
#7885=EDGE_CURVE('',#7856,#7873,#7884,.T.);
#7886=ORIENTED_EDGE('',*,*,#7885,.F.);
#7887=EDGE_LOOP('',(#7862,#7871,#7879,#7886));
#7888=FACE_BOUND('',#7887,.T.);
#7889=CARTESIAN_POINT('',(81.372920705,104.705492069,9.405618093));
#7890=VERTEX_POINT('',#7889);
#7891=CARTESIAN_POINT('',(81.374688297,104.704656086,34.405618017));
#7892=VERTEX_POINT('',#7891);
#7893=CARTESIAN_POINT('',(81.372920705,104.705492069,9.405618093));
#7894=DIRECTION('',(0.000070704,-0.000033439,0.999999997));
#7895=VECTOR('',#7894,25.);
#7896=LINE('',#7893,#7895);
#7897=EDGE_CURVE('',#7890,#7892,#7896,.T.);
#7898=ORIENTED_EDGE('',*,*,#7897,.F.);
#7899=CARTESIAN_POINT('',(80.996442015,106.705492001,9.40571159));
#7900=VERTEX_POINT('',#7899);
#7901=CARTESIAN_POINT('',(169.134255553,122.261063099,9.400000091));
#7902=DIRECTION('',(-0.000070704,0.000033439,-0.999999997));
#7903=DIRECTION('',(0.707106656,0.707106906,-0.00002635));
#7904=AXIS2_PLACEMENT_3D('',#7901,#7902,#7903);
#7905=CIRCLE('',#7904,89.5);
#7906=EDGE_CURVE('',#7890,#7900,#7905,.T.);
#7907=ORIENTED_EDGE('',*,*,#7906,.T.);
#7908=CARTESIAN_POINT('',(80.998209607,106.704656019,34.405711514));
#7909=VERTEX_POINT('',#7908);
#7910=CARTESIAN_POINT('',(80.998209607,106.704656019,34.405711514));
#7911=DIRECTION('',(-0.000070704,0.000033439,-0.999999997));
#7912=VECTOR('',#7911,25.);
#7913=LINE('',#7910,#7912);
#7914=EDGE_CURVE('',#7909,#7900,#7913,.T.);
#7915=ORIENTED_EDGE('',*,*,#7914,.F.);
#7916=CARTESIAN_POINT('',(169.136023145,122.260227116,34.400000014));
#7917=DIRECTION('',(-0.000070704,0.000033439,-0.999999997));
#7918=DIRECTION('',(0.707106656,0.707106906,-0.00002635));
#7919=AXIS2_PLACEMENT_3D('',#7916,#7917,#7918);
#7920=CIRCLE('',#7919,89.5);
#7921=EDGE_CURVE('',#7892,#7909,#7920,.T.);
#7922=ORIENTED_EDGE('',*,*,#7921,.F.);
#7923=EDGE_LOOP('',(#7898,#7907,#7915,#7922));
#7924=FACE_BOUND('',#7923,.T.);
#7925=CARTESIAN_POINT('',(80.519315514,109.705491916,9.405845643));
#7926=VERTEX_POINT('',#7925);
#7927=CARTESIAN_POINT('',(80.521083106,109.704655933,34.405845566));
#7928=VERTEX_POINT('',#7927);
#7929=CARTESIAN_POINT('',(80.519315514,109.705491916,9.405845643));
#7930=DIRECTION('',(0.000070704,-0.000033439,0.999999997));
#7931=VECTOR('',#7930,25.);
#7932=LINE('',#7929,#7931);
#7933=EDGE_CURVE('',#7926,#7928,#7932,.T.);
#7934=ORIENTED_EDGE('',*,*,#7933,.F.);
#7935=CARTESIAN_POINT('',(80.258894058,111.705491869,9.405930934));
#7936=VERTEX_POINT('',#7935);
#7937=CARTESIAN_POINT('',(169.134255553,122.261063099,9.400000091));
#7938=DIRECTION('',(-0.000070704,0.000033439,-0.999999997));
#7939=DIRECTION('',(0.707106656,0.707106906,-0.00002635));
#7940=AXIS2_PLACEMENT_3D('',#7937,#7938,#7939);
#7941=CIRCLE('',#7940,89.5);
#7942=EDGE_CURVE('',#7926,#7936,#7941,.T.);
#7943=ORIENTED_EDGE('',*,*,#7942,.T.);
#7944=CARTESIAN_POINT('',(80.26066165,111.704655886,34.405930858));
#7945=VERTEX_POINT('',#7944);
#7946=CARTESIAN_POINT('',(80.26066165,111.704655886,34.405930858));
#7947=DIRECTION('',(-0.000070704,0.000033439,-0.999999997));
#7948=VECTOR('',#7947,25.);
#7949=LINE('',#7946,#7948);
#7950=EDGE_CURVE('',#7945,#7936,#7949,.T.);
#7951=ORIENTED_EDGE('',*,*,#7950,.F.);
#7952=CARTESIAN_POINT('',(169.136023145,122.260227116,34.400000014));
#7953=DIRECTION('',(-0.000070704,0.000033439,-0.999999997));
#7954=DIRECTION('',(0.707106656,0.707106906,-0.00002635));
#7955=AXIS2_PLACEMENT_3D('',#7952,#7953,#7954);
#7956=CIRCLE('',#7955,89.5);
#7957=EDGE_CURVE('',#7928,#7945,#7956,.T.);
#7958=ORIENTED_EDGE('',*,*,#7957,.F.);
#7959=EDGE_LOOP('',(#7934,#7943,#7951,#7958));
#7960=FACE_BOUND('',#7959,.T.);
#7961=CARTESIAN_POINT('',(79.953745878,114.705491813,9.406052827));
#7962=VERTEX_POINT('',#7961);
#7963=CARTESIAN_POINT('',(79.95551347,114.70465583,34.406052751));
#7964=VERTEX_POINT('',#7963);
#7965=CARTESIAN_POINT('',(79.953745878,114.705491813,9.406052827));
#7966=DIRECTION('',(0.000070704,-0.000033439,0.999999997));
#7967=VECTOR('',#7966,25.);
#7968=LINE('',#7965,#7967);
#7969=EDGE_CURVE('',#7962,#7964,#7968,.T.);
#7970=ORIENTED_EDGE('',*,*,#7969,.F.);
#7971=CARTESIAN_POINT('',(79.806848841,116.705491786,9.406130092));
#7972=VERTEX_POINT('',#7971);
#7973=CARTESIAN_POINT('',(169.134255553,122.261063099,9.400000091));
#7974=DIRECTION('',(-0.000070704,0.000033439,-0.999999997));
#7975=DIRECTION('',(0.707106656,0.707106906,-0.00002635));
#7976=AXIS2_PLACEMENT_3D('',#7973,#7974,#7975);
#7977=CIRCLE('',#7976,89.5);
#7978=EDGE_CURVE('',#7962,#7972,#7977,.T.);
#7979=ORIENTED_EDGE('',*,*,#7978,.T.);
#7980=CARTESIAN_POINT('',(79.808616433,116.704655803,34.406130015));
#7981=VERTEX_POINT('',#7980);
#7982=CARTESIAN_POINT('',(79.808616433,116.704655803,34.406130015));
#7983=DIRECTION('',(-0.000070704,0.000033439,-0.999999997));
#7984=VECTOR('',#7983,25.);
#7985=LINE('',#7982,#7984);
#7986=EDGE_CURVE('',#7981,#7972,#7985,.T.);
#7987=ORIENTED_EDGE('',*,*,#7986,.F.);
#7988=CARTESIAN_POINT('',(169.136023145,122.260227116,34.400000014));
#7989=DIRECTION('',(-0.000070704,0.000033439,-0.999999997));
#7990=DIRECTION('',(0.707106656,0.707106906,-0.00002635));
#7991=AXIS2_PLACEMENT_3D('',#7988,#7989,#7990);
#7992=CIRCLE('',#7991,89.5);
#7993=EDGE_CURVE('',#7964,#7981,#7992,.T.);
#7994=ORIENTED_EDGE('',*,*,#7993,.F.);
#7995=EDGE_LOOP('',(#7970,#7979,#7987,#7994));
#7996=FACE_BOUND('',#7995,.T.);
#7997=CARTESIAN_POINT('',(79.670748936,119.70549176,9.406240033));
#7998=VERTEX_POINT('',#7997);
#7999=CARTESIAN_POINT('',(79.672516528,119.704655778,34.406239956));
#8000=VERTEX_POINT('',#7999);
#8001=CARTESIAN_POINT('',(79.670748936,119.70549176,9.406240033));
#8002=DIRECTION('',(0.000070704,-0.000033439,0.999999997));
#8003=VECTOR('',#8002,25.);
#8004=LINE('',#8001,#8003);
#8005=EDGE_CURVE('',#7998,#8000,#8004,.T.);
#8006=ORIENTED_EDGE('',*,*,#8005,.F.);
#8007=CARTESIAN_POINT('',(79.635980147,121.705491753,9.406309369));
#8008=VERTEX_POINT('',#8007);
#8009=CARTESIAN_POINT('',(169.134255553,122.261063099,9.400000091));
#8010=DIRECTION('',(-0.000070704,0.000033439,-0.999999997));
#8011=DIRECTION('',(0.707106656,0.707106906,-0.00002635));
#8012=AXIS2_PLACEMENT_3D('',#8009,#8010,#8011);
#8013=CIRCLE('',#8012,89.5);
#8014=EDGE_CURVE('',#7998,#8008,#8013,.T.);
#8015=ORIENTED_EDGE('',*,*,#8014,.T.);
#8016=CARTESIAN_POINT('',(79.637747739,121.70465577,34.406309293));
#8017=VERTEX_POINT('',#8016);
#8018=CARTESIAN_POINT('',(79.637747739,121.70465577,34.406309293));
#8019=DIRECTION('',(-0.000070704,0.000033439,-0.999999997));
#8020=VECTOR('',#8019,25.);
#8021=LINE('',#8018,#8020);
#8022=EDGE_CURVE('',#8017,#8008,#8021,.T.);
#8023=ORIENTED_EDGE('',*,*,#8022,.F.);
#8024=CARTESIAN_POINT('',(169.136023145,122.260227116,34.400000014));
#8025=DIRECTION('',(-0.000070704,0.000033439,-0.999999997));
#8026=DIRECTION('',(0.707106656,0.707106906,-0.00002635));
#8027=AXIS2_PLACEMENT_3D('',#8024,#8025,#8026);
#8028=CIRCLE('',#8027,89.5);
#8029=EDGE_CURVE('',#8000,#8017,#8028,.T.);
#8030=ORIENTED_EDGE('',*,*,#8029,.F.);
#8031=EDGE_LOOP('',(#8006,#8015,#8023,#8030));
#8032=FACE_BOUND('',#8031,.T.);
#8033=CARTESIAN_POINT('',(79.667643191,124.705491757,9.406407449));
#8034=VERTEX_POINT('',#8033);
#8035=CARTESIAN_POINT('',(79.669410783,124.704655774,34.406407372));
#8036=VERTEX_POINT('',#8035);
#8037=CARTESIAN_POINT('',(79.667643191,124.705491757,9.406407449));
#8038=DIRECTION('',(0.000070704,-0.000033439,0.999999997));
#8039=VECTOR('',#8038,25.);
#8040=LINE('',#8037,#8039);
#8041=EDGE_CURVE('',#8034,#8036,#8040,.T.);
#8042=ORIENTED_EDGE('',*,*,#8041,.F.);
#8043=CARTESIAN_POINT('',(79.744675557,126.705491769,9.406468881));
#8044=VERTEX_POINT('',#8043);
#8045=CARTESIAN_POINT('',(169.134255553,122.261063099,9.400000091));
#8046=DIRECTION('',(-0.000070704,0.000033439,-0.999999997));
#8047=DIRECTION('',(0.707106656,0.707106906,-0.00002635));
#8048=AXIS2_PLACEMENT_3D('',#8045,#8046,#8047);
#8049=CIRCLE('',#8048,89.5);
#8050=EDGE_CURVE('',#8034,#8044,#8049,.T.);
#8051=ORIENTED_EDGE('',*,*,#8050,.T.);
#8052=CARTESIAN_POINT('',(79.746443148,126.704655787,34.406468804));
#8053=VERTEX_POINT('',#8052);
#8054=CARTESIAN_POINT('',(79.746443148,126.704655787,34.406468804));
#8055=DIRECTION('',(-0.000070704,0.000033439,-0.999999997));
#8056=VECTOR('',#8055,25.);
#8057=LINE('',#8054,#8056);
#8058=EDGE_CURVE('',#8053,#8044,#8057,.T.);
#8059=ORIENTED_EDGE('',*,*,#8058,.F.);
#8060=CARTESIAN_POINT('',(169.136023145,122.260227116,34.400000014));
#8061=DIRECTION('',(-0.000070704,0.000033439,-0.999999997));
#8062=DIRECTION('',(0.707106656,0.707106906,-0.00002635));
#8063=AXIS2_PLACEMENT_3D('',#8060,#8061,#8062);
#8064=CIRCLE('',#8063,89.5);
#8065=EDGE_CURVE('',#8036,#8053,#8064,.T.);
#8066=ORIENTED_EDGE('',*,*,#8065,.F.);
#8067=EDGE_LOOP('',(#8042,#8051,#8059,#8066));
#8068=FACE_BOUND('',#8067,.T.);
#8069=CARTESIAN_POINT('',(79.944399413,129.705491803,9.406555078));
#8070=VERTEX_POINT('',#8069);
#8071=CARTESIAN_POINT('',(79.946167005,129.70465582,34.406555001));
#8072=VERTEX_POINT('',#8071);
#8073=CARTESIAN_POINT('',(79.944399413,129.705491803,9.406555078));
#8074=DIRECTION('',(0.000070704,-0.000033439,0.999999997));
#8075=VECTOR('',#8074,25.);
#8076=LINE('',#8073,#8075);
#8077=EDGE_CURVE('',#8070,#8072,#8076,.T.);
#8078=ORIENTED_EDGE('',*,*,#8077,.F.);
#8079=CARTESIAN_POINT('',(80.133959362,131.705491835,9.406608554));
#8080=VERTEX_POINT('',#8079);
#8081=CARTESIAN_POINT('',(169.134255553,122.261063099,9.400000091));
#8082=DIRECTION('',(-0.000070704,0.000033439,-0.999999997));
#8083=DIRECTION('',(0.707106656,0.707106906,-0.00002635));
#8084=AXIS2_PLACEMENT_3D('',#8081,#8082,#8083);
#8085=CIRCLE('',#8084,89.5);
#8086=EDGE_CURVE('',#8070,#8080,#8085,.T.);
#8087=ORIENTED_EDGE('',*,*,#8086,.T.);
#8088=CARTESIAN_POINT('',(80.135726953,131.704655853,34.406608477));
#8089=VERTEX_POINT('',#8088);
#8090=CARTESIAN_POINT('',(80.135726953,131.704655853,34.406608477));
#8091=DIRECTION('',(-0.000070704,0.000033439,-0.999999997));
#8092=VECTOR('',#8091,25.);
#8093=LINE('',#8090,#8092);
#8094=EDGE_CURVE('',#8089,#8080,#8093,.T.);
#8095=ORIENTED_EDGE('',*,*,#8094,.F.);
#8096=CARTESIAN_POINT('',(169.136023145,122.260227116,34.400000014));
#8097=DIRECTION('',(-0.000070704,0.000033439,-0.999999997));
#8098=DIRECTION('',(0.707106656,0.707106906,-0.00002635));
#8099=AXIS2_PLACEMENT_3D('',#8096,#8097,#8098);
#8100=CIRCLE('',#8099,89.5);
#8101=EDGE_CURVE('',#8072,#8089,#8100,.T.);
#8102=ORIENTED_EDGE('',*,*,#8101,.F.);
#8103=EDGE_LOOP('',(#8078,#8087,#8095,#8102));
#8104=FACE_BOUND('',#8103,.T.);
#8105=CARTESIAN_POINT('',(80.503639245,134.705491899,9.406682734));
#8106=VERTEX_POINT('',#8105);
#8107=CARTESIAN_POINT('',(80.505406837,134.704655916,34.406682657));
#8108=VERTEX_POINT('',#8107);
#8109=CARTESIAN_POINT('',(80.503639245,134.705491899,9.406682734));
#8110=DIRECTION('',(0.000070704,-0.000033439,0.999999997));
#8111=VECTOR('',#8110,25.);
#8112=LINE('',#8109,#8111);
#8113=EDGE_CURVE('',#8106,#8108,#8112,.T.);
#8114=ORIENTED_EDGE('',*,*,#8113,.F.);
#8115=CARTESIAN_POINT('',(80.807541418,136.705491951,9.406728125));
#8116=VERTEX_POINT('',#8115);
#8117=CARTESIAN_POINT('',(169.134255553,122.261063099,9.400000091));
#8118=DIRECTION('',(-0.000070704,0.000033439,-0.999999997));
#8119=DIRECTION('',(0.707106656,0.707106906,-0.00002635));
#8120=AXIS2_PLACEMENT_3D('',#8117,#8118,#8119);
#8121=CIRCLE('',#8120,89.5);
#8122=EDGE_CURVE('',#8106,#8116,#8121,.T.);
#8123=ORIENTED_EDGE('',*,*,#8122,.T.);
#8124=CARTESIAN_POINT('',(80.80930901,136.704655969,34.406728049));
#8125=VERTEX_POINT('',#8124);
#8126=CARTESIAN_POINT('',(80.80930901,136.704655969,34.406728049));
#8127=DIRECTION('',(-0.000070704,0.000033439,-0.999999997));
#8128=VECTOR('',#8127,25.);
#8129=LINE('',#8126,#8128);
#8130=EDGE_CURVE('',#8125,#8116,#8129,.T.);
#8131=ORIENTED_EDGE('',*,*,#8130,.F.);
#8132=CARTESIAN_POINT('',(169.136023145,122.260227116,34.400000014));
#8133=DIRECTION('',(-0.000070704,0.000033439,-0.999999997));
#8134=DIRECTION('',(0.707106656,0.707106906,-0.00002635));
#8135=AXIS2_PLACEMENT_3D('',#8132,#8133,#8134);
#8136=CIRCLE('',#8135,89.5);
#8137=EDGE_CURVE('',#8108,#8125,#8136,.T.);
#8138=ORIENTED_EDGE('',*,*,#8137,.F.);
#8139=EDGE_LOOP('',(#8114,#8123,#8131,#8138));
#8140=FACE_BOUND('',#8139,.T.);
#8141=CARTESIAN_POINT('',(81.350761361,139.705492045,9.406790036));
#8142=VERTEX_POINT('',#8141);
#8143=CARTESIAN_POINT('',(81.352528953,139.704656063,34.406789959));
#8144=VERTEX_POINT('',#8143);
#8145=CARTESIAN_POINT('',(81.350761361,139.705492045,9.406790036));
#8146=DIRECTION('',(0.000070704,-0.000033439,0.999999997));
#8147=VECTOR('',#8146,25.);
#8148=LINE('',#8145,#8147);
#8149=EDGE_CURVE('',#8142,#8144,#8148,.T.);
#8150=ORIENTED_EDGE('',*,*,#8149,.F.);
#8151=CARTESIAN_POINT('',(81.771997492,141.705492119,9.406827131));
#8152=VERTEX_POINT('',#8151);
#8153=CARTESIAN_POINT('',(169.134255553,122.261063099,9.400000091));
#8154=DIRECTION('',(-0.000070704,0.000033439,-0.999999997));
#8155=DIRECTION('',(0.707106656,0.707106906,-0.00002635));
#8156=AXIS2_PLACEMENT_3D('',#8153,#8154,#8155);
#8157=CIRCLE('',#8156,89.5);
#8158=EDGE_CURVE('',#8142,#8152,#8157,.T.);
#8159=ORIENTED_EDGE('',*,*,#8158,.T.);
#8160=CARTESIAN_POINT('',(81.773765084,141.704656136,34.406827055));
#8161=VERTEX_POINT('',#8160);
#8162=CARTESIAN_POINT('',(81.773765084,141.704656136,34.406827055));
#8163=DIRECTION('',(-0.000070704,0.000033439,-0.999999997));
#8164=VECTOR('',#8163,25.);
#8165=LINE('',#8162,#8164);
#8166=EDGE_CURVE('',#8161,#8152,#8165,.T.);
#8167=ORIENTED_EDGE('',*,*,#8166,.F.);
#8168=CARTESIAN_POINT('',(169.136023145,122.260227116,34.400000014));
#8169=DIRECTION('',(-0.000070704,0.000033439,-0.999999997));
#8170=DIRECTION('',(0.707106656,0.707106906,-0.00002635));
#8171=AXIS2_PLACEMENT_3D('',#8168,#8169,#8170);
#8172=CIRCLE('',#8171,89.5);
#8173=EDGE_CURVE('',#8144,#8161,#8172,.T.);
#8174=ORIENTED_EDGE('',*,*,#8173,.F.);
#8175=EDGE_LOOP('',(#8150,#8159,#8167,#8174));
#8176=FACE_BOUND('',#8175,.T.);
#8177=CARTESIAN_POINT('',(82.494209656,144.705492244,9.406876386));
#8178=VERTEX_POINT('',#8177);
#8179=CARTESIAN_POINT('',(82.495977248,144.704656262,34.40687631));
#8180=VERTEX_POINT('',#8179);
#8181=CARTESIAN_POINT('',(82.494209656,144.705492244,9.406876386));
#8182=DIRECTION('',(0.000070704,-0.000033439,0.999999997));
#8183=VECTOR('',#8182,25.);
#8184=LINE('',#8181,#8183);
#8185=EDGE_CURVE('',#8178,#8180,#8184,.T.);
#8186=ORIENTED_EDGE('',*,*,#8185,.F.);
#8187=CARTESIAN_POINT('',(83.037102107,146.705492339,9.40690488));
#8188=VERTEX_POINT('',#8187);
#8189=CARTESIAN_POINT('',(169.134255553,122.261063099,9.400000091));
#8190=DIRECTION('',(-0.000070704,0.000033439,-0.999999997));
#8191=DIRECTION('',(0.707106656,0.707106906,-0.00002635));
#8192=AXIS2_PLACEMENT_3D('',#8189,#8190,#8191);
#8193=CIRCLE('',#8192,89.5);
#8194=EDGE_CURVE('',#8178,#8188,#8193,.T.);
#8195=ORIENTED_EDGE('',*,*,#8194,.T.);
#8196=CARTESIAN_POINT('',(83.038869699,146.704656356,34.406904804));
#8197=VERTEX_POINT('',#8196);
#8198=CARTESIAN_POINT('',(83.038869699,146.704656356,34.406904804));
#8199=DIRECTION('',(-0.000070704,0.000033439,-0.999999997));
#8200=VECTOR('',#8199,25.);
#8201=LINE('',#8198,#8200);
#8202=EDGE_CURVE('',#8197,#8188,#8201,.T.);
#8203=ORIENTED_EDGE('',*,*,#8202,.F.);
#8204=CARTESIAN_POINT('',(169.136023145,122.260227116,34.400000014));
#8205=DIRECTION('',(-0.000070704,0.000033439,-0.999999997));
#8206=DIRECTION('',(0.707106656,0.707106906,-0.00002635));
#8207=AXIS2_PLACEMENT_3D('',#8204,#8205,#8206);
#8208=CIRCLE('',#8207,89.5);
#8209=EDGE_CURVE('',#8180,#8197,#8208,.T.);
#8210=ORIENTED_EDGE('',*,*,#8209,.F.);
#8211=EDGE_LOOP('',(#8186,#8195,#8203,#8210));
#8212=FACE_BOUND('',#8211,.T.);
#8213=ORIENTED_EDGE('',*,*,#2755,.T.);
#8214=CARTESIAN_POINT('',(89.302155251,81.803329044,39.404291726));
#8215=VERTEX_POINT('',#8214);
#8216=CARTESIAN_POINT('',(89.299510934,81.804579674,2.004291841));
#8217=DIRECTION('',(0.000070704,-0.000033439,0.999999997));
#8218=VECTOR('',#8217,37.4);
#8219=LINE('',#8216,#8218);
#8220=EDGE_CURVE('',#2740,#8215,#8219,.T.);
#8221=ORIENTED_EDGE('',*,*,#8220,.T.);
#8222=CARTESIAN_POINT('',(89.302141167,162.716762625,39.406997417));
#8223=VERTEX_POINT('',#8222);
#8224=CARTESIAN_POINT('',(169.136376663,122.26005992,39.399999999));
#8225=DIRECTION('',(0.000070704,-0.000033439,0.999999997));
#8226=DIRECTION('',(0.707106656,0.707106906,-0.00002635));
#8227=AXIS2_PLACEMENT_3D('',#8224,#8225,#8226);
#8228=CIRCLE('',#8227,89.5);
#8229=EDGE_CURVE('',#8223,#8215,#8228,.T.);
#8230=ORIENTED_EDGE('',*,*,#8229,.F.);
#8231=CARTESIAN_POINT('',(89.302141167,162.716762625,39.406997417));
#8232=DIRECTION('',(-0.000070704,0.000033439,-0.999999997));
#8233=VECTOR('',#8232,37.4);
#8234=LINE('',#8231,#8233);
#8235=EDGE_CURVE('',#8223,#2749,#8234,.T.);
#8236=ORIENTED_EDGE('',*,*,#8235,.T.);
#8237=EDGE_LOOP('',(#8213,#8221,#8230,#8236));
#8238=FACE_BOUND('',#8237,.T.);
#8239=ADVANCED_FACE('',(#7888,#7924,#7960,#7996,#8032,#8068,#8104,#8140,#8176,#8212,#8238),#7852,.T.);
#8240=CARTESIAN_POINT('',(98.610570389,155.261217834,4.406089861));
#8241=DIRECTION('',(-0.707106656,-0.707106906,0.00002635));
#8242=DIRECTION('',(-0.000070704,0.000033439,-0.999999997));
#8243=AXIS2_PLACEMENT_3D('',#8240,#8241,#8242);
#8244=PLANE('',#8243);
#8245=ORIENTED_EDGE('',*,*,#2772,.T.);
#8246=CARTESIAN_POINT('',(90.901250455,162.971839333,39.406892883));
#8247=VERTEX_POINT('',#8246);
#8248=CARTESIAN_POINT('',(90.898606137,162.973089963,2.006892998));
#8249=DIRECTION('',(0.000070704,-0.000033439,0.999999997));
#8250=VECTOR('',#8249,37.4);
#8251=LINE('',#8248,#8250);
#8252=EDGE_CURVE('',#2758,#8247,#8251,.T.);
#8253=ORIENTED_EDGE('',*,*,#8252,.T.);
#8254=CARTESIAN_POINT('',(98.613045017,155.260047458,39.406089754));
#8255=VERTEX_POINT('',#8254);
#8256=CARTESIAN_POINT('',(98.613045017,155.260047458,39.406089754));
#8257=DIRECTION('',(-0.707106902,0.707106656,0.00007364));
#8258=VECTOR('',#8257,10.906122589);
#8259=LINE('',#8256,#8258);
#8260=EDGE_CURVE('',#8255,#8247,#8259,.T.);
#8261=ORIENTED_EDGE('',*,*,#8260,.F.);
#8262=CARTESIAN_POINT('',(98.613045017,155.260047458,39.406089754));
#8263=DIRECTION('',(-0.000070704,0.000033439,-0.999999997));
#8264=VECTOR('',#8263,37.4);
#8265=LINE('',#8262,#8264);
#8266=EDGE_CURVE('',#8255,#2767,#8265,.T.);
#8267=ORIENTED_EDGE('',*,*,#8266,.T.);
#8268=EDGE_LOOP('',(#8245,#8253,#8261,#8267));
#8269=FACE_BOUND('',#8268,.T.);
#8270=ADVANCED_FACE('',(#8269),#8244,.F.);
#8271=CARTESIAN_POINT('',(109.502908103,155.261219756,4.405319733));
#8272=DIRECTION('',(0.000000174,-0.999999999,-0.000033439));
#8273=DIRECTION('',(0.999999998,0.000000176,-0.000070704));
#8274=AXIS2_PLACEMENT_3D('',#8271,#8272,#8273);
#8275=PLANE('',#8274);
#8276=CARTESIAN_POINT('',(103.141433625,155.260048257,39.40576958));
#8277=VERTEX_POINT('',#8276);
#8278=CARTESIAN_POINT('',(103.138789307,155.261298887,2.005769695));
#8279=DIRECTION('',(0.000070704,-0.000033439,0.999999997));
#8280=VECTOR('',#8279,37.4);
#8281=LINE('',#8278,#8280);
#8282=EDGE_CURVE('',#2775,#8277,#8281,.T.);
#8283=ORIENTED_EDGE('',*,*,#8282,.F.);
#8284=ORIENTED_EDGE('',*,*,#2780,.T.);
#8285=ORIENTED_EDGE('',*,*,#8266,.F.);
#8286=CARTESIAN_POINT('',(103.141433625,155.260048257,39.40576958));
#8287=DIRECTION('',(-0.999999998,-0.000000176,0.000070704));
#8288=VECTOR('',#8287,4.528388619);
#8289=LINE('',#8286,#8288);
#8290=EDGE_CURVE('',#8277,#8255,#8289,.T.);
#8291=ORIENTED_EDGE('',*,*,#8290,.F.);
#8292=EDGE_LOOP('',(#8283,#8284,#8285,#8291));
#8293=FACE_BOUND('',#8292,.T.);
#8294=ADVANCED_FACE('',(#8293),#8275,.F.);
#8295=CARTESIAN_POINT('',(136.133889842,192.784550513,4.404691579));
#8296=DIRECTION('',(0.999999998,0.000000176,-0.000070704));
#8297=DIRECTION('',(-0.000000174,0.999999999,0.000033439));
#8298=AXIS2_PLACEMENT_3D('',#8295,#8296,#8297);
#8299=PLANE('',#8298);
#8300=CARTESIAN_POINT('',(136.136365258,188.254991519,39.404540046));
#8301=VERTEX_POINT('',#8300);
#8302=CARTESIAN_POINT('',(136.136365258,188.254991519,39.404540046));
#8303=DIRECTION('',(-0.000070704,0.000033439,-0.999999997));
#8304=VECTOR('',#8303,37.4);
#8305=LINE('',#8302,#8304);
#8306=EDGE_CURVE('',#8301,#2783,#8305,.T.);
#8307=ORIENTED_EDGE('',*,*,#8306,.F.);
#8308=CARTESIAN_POINT('',(136.13636447,192.783380137,39.404691472));
#8309=DIRECTION('',(0.000000174,-0.999999999,-0.000033439));
#8310=VECTOR('',#8309,4.528388621);
#8311=LINE('',#8308,#8310);
#8312=EDGE_CURVE('',#4288,#8301,#8311,.T.);
#8313=ORIENTED_EDGE('',*,*,#8312,.F.);
#8314=ORIENTED_EDGE('',*,*,#4306,.T.);
#8315=ORIENTED_EDGE('',*,*,#2796,.T.);
#8316=EDGE_LOOP('',(#8307,#8313,#8314,#8315));
#8317=FACE_BOUND('',#8316,.T.);
#8318=ADVANCED_FACE('',(#8317),#8299,.F.);
#8319=CARTESIAN_POINT('',(169.133902035,122.261230295,4.400000106));
#8320=DIRECTION('',(-0.000070704,0.000033439,-0.999999997));
#8321=DIRECTION('',(0.707106656,0.707106906,-0.00002635));
#8322=AXIS2_PLACEMENT_3D('',#8319,#8320,#8321);
#8323=CYLINDRICAL_SURFACE('',#8322,89.5);
#8324=CARTESIAN_POINT('',(143.134240711,207.901294335,9.404702137));
#8325=VERTEX_POINT('',#8324);
#8326=CARTESIAN_POINT('',(143.136008303,207.900458352,34.404702061));
#8327=VERTEX_POINT('',#8326);
#8328=CARTESIAN_POINT('',(143.134240711,207.901294335,9.404702137));
#8329=DIRECTION('',(0.000070704,-0.000033439,0.999999997));
#8330=VECTOR('',#8329,25.);
#8331=LINE('',#8328,#8330);
#8332=EDGE_CURVE('',#8325,#8327,#8331,.T.);
#8333=ORIENTED_EDGE('',*,*,#8332,.F.);
#8334=CARTESIAN_POINT('',(145.134240605,208.483155752,9.404580187));
#8335=VERTEX_POINT('',#8334);
#8336=CARTESIAN_POINT('',(169.134255553,122.261063099,9.400000091));
#8337=DIRECTION('',(-0.000070704,0.000033439,-0.999999997));
#8338=DIRECTION('',(0.707106656,0.707106906,-0.00002635));
#8339=AXIS2_PLACEMENT_3D('',#8336,#8337,#8338);
#8340=CIRCLE('',#8339,89.5);
#8341=EDGE_CURVE('',#8325,#8335,#8340,.T.);
#8342=ORIENTED_EDGE('',*,*,#8341,.T.);
#8343=CARTESIAN_POINT('',(145.136008197,208.48231977,34.40458011));
#8344=VERTEX_POINT('',#8343);
#8345=CARTESIAN_POINT('',(145.136008197,208.48231977,34.40458011));
#8346=DIRECTION('',(-0.000070704,0.000033439,-0.999999997));
#8347=VECTOR('',#8346,25.);
#8348=LINE('',#8345,#8347);
#8349=EDGE_CURVE('',#8344,#8335,#8348,.T.);
#8350=ORIENTED_EDGE('',*,*,#8349,.F.);
#8351=CARTESIAN_POINT('',(169.136023145,122.260227116,34.400000014));
#8352=DIRECTION('',(-0.000070704,0.000033439,-0.999999997));
#8353=DIRECTION('',(0.707106656,0.707106906,-0.00002635));
#8354=AXIS2_PLACEMENT_3D('',#8351,#8352,#8353);
#8355=CIRCLE('',#8354,89.5);
#8356=EDGE_CURVE('',#8327,#8344,#8355,.T.);
#8357=ORIENTED_EDGE('',*,*,#8356,.F.);
#8358=EDGE_LOOP('',(#8333,#8342,#8350,#8357));
#8359=FACE_BOUND('',#8358,.T.);
#8360=CARTESIAN_POINT('',(148.134240462,209.262496115,9.404394136));
#8361=VERTEX_POINT('',#8360);
#8362=CARTESIAN_POINT('',(148.136008053,209.261660132,34.40439406));
#8363=VERTEX_POINT('',#8362);
#8364=CARTESIAN_POINT('',(148.134240462,209.262496115,9.404394136));
#8365=DIRECTION('',(0.000070704,-0.000033439,0.999999997));
#8366=VECTOR('',#8365,25.);
#8367=LINE('',#8364,#8366);
#8368=EDGE_CURVE('',#8361,#8363,#8367,.T.);
#8369=ORIENTED_EDGE('',*,*,#8368,.F.);
#8370=CARTESIAN_POINT('',(150.134240377,209.721050551,9.404268063));
#8371=VERTEX_POINT('',#8370);
#8372=CARTESIAN_POINT('',(169.134255553,122.261063099,9.400000091));
#8373=DIRECTION('',(-0.000070704,0.000033439,-0.999999997));
#8374=DIRECTION('',(0.707106656,0.707106906,-0.00002635));
#8375=AXIS2_PLACEMENT_3D('',#8372,#8373,#8374);
#8376=CIRCLE('',#8375,89.5);
#8377=EDGE_CURVE('',#8361,#8371,#8376,.T.);
#8378=ORIENTED_EDGE('',*,*,#8377,.T.);
#8379=CARTESIAN_POINT('',(150.136007969,209.720214568,34.404267986));
#8380=VERTEX_POINT('',#8379);
#8381=CARTESIAN_POINT('',(150.136007969,209.720214568,34.404267986));
#8382=DIRECTION('',(-0.000070704,0.000033439,-0.999999997));
#8383=VECTOR('',#8382,25.);
#8384=LINE('',#8381,#8383);
#8385=EDGE_CURVE('',#8380,#8371,#8384,.T.);
#8386=ORIENTED_EDGE('',*,*,#8385,.F.);
#8387=CARTESIAN_POINT('',(169.136023145,122.260227116,34.400000014));
#8388=DIRECTION('',(-0.000070704,0.000033439,-0.999999997));
#8389=DIRECTION('',(0.707106656,0.707106906,-0.00002635));
#8390=AXIS2_PLACEMENT_3D('',#8387,#8388,#8389);
#8391=CIRCLE('',#8390,89.5);
#8392=EDGE_CURVE('',#8363,#8380,#8391,.T.);
#8393=ORIENTED_EDGE('',*,*,#8392,.F.);
#8394=EDGE_LOOP('',(#8369,#8378,#8386,#8393));
#8395=FACE_BOUND('',#8394,.T.);
#8396=CARTESIAN_POINT('',(153.134240265,210.319279605,9.404075956));
#8397=VERTEX_POINT('',#8396);
#8398=CARTESIAN_POINT('',(153.136007857,210.318443622,34.40407588));
#8399=VERTEX_POINT('',#8398);
#8400=CARTESIAN_POINT('',(153.134240265,210.319279605,9.404075956));
#8401=DIRECTION('',(0.000070704,-0.000033439,0.999999997));
#8402=VECTOR('',#8401,25.);
#8403=LINE('',#8400,#8402);
#8404=EDGE_CURVE('',#8397,#8399,#8403,.T.);
#8405=ORIENTED_EDGE('',*,*,#8404,.F.);
#8406=CARTESIAN_POINT('',(155.134240201,210.659307168,9.403945919));
#8407=VERTEX_POINT('',#8406);
#8408=CARTESIAN_POINT('',(169.134255553,122.261063099,9.400000091));
#8409=DIRECTION('',(-0.000070704,0.000033439,-0.999999997));
#8410=DIRECTION('',(0.707106656,0.707106906,-0.00002635));
#8411=AXIS2_PLACEMENT_3D('',#8408,#8409,#8410);
#8412=CIRCLE('',#8411,89.5);
#8413=EDGE_CURVE('',#8397,#8407,#8412,.T.);
#8414=ORIENTED_EDGE('',*,*,#8413,.T.);
#8415=CARTESIAN_POINT('',(155.136007793,210.658471186,34.403945843));
#8416=VERTEX_POINT('',#8415);
#8417=CARTESIAN_POINT('',(155.136007793,210.658471186,34.403945843));
#8418=DIRECTION('',(-0.000070704,0.000033439,-0.999999997));
#8419=VECTOR('',#8418,25.);
#8420=LINE('',#8417,#8419);
#8421=EDGE_CURVE('',#8416,#8407,#8420,.T.);
#8422=ORIENTED_EDGE('',*,*,#8421,.F.);
#8423=CARTESIAN_POINT('',(169.136023145,122.260227116,34.400000014));
#8424=DIRECTION('',(-0.000070704,0.000033439,-0.999999997));
#8425=DIRECTION('',(0.707106656,0.707106906,-0.00002635));
#8426=AXIS2_PLACEMENT_3D('',#8423,#8424,#8425);
#8427=CIRCLE('',#8426,89.5);
#8428=EDGE_CURVE('',#8399,#8416,#8427,.T.);
#8429=ORIENTED_EDGE('',*,*,#8428,.F.);
#8430=EDGE_LOOP('',(#8405,#8414,#8422,#8429));
#8431=FACE_BOUND('',#8430,.T.);
#8432=CARTESIAN_POINT('',(158.13424012,211.082511221,9.40374796));
#8433=VERTEX_POINT('',#8432);
#8434=CARTESIAN_POINT('',(158.136007712,211.081675238,34.403747883));
#8435=VERTEX_POINT('',#8434);
#8436=CARTESIAN_POINT('',(158.13424012,211.082511221,9.40374796));
#8437=DIRECTION('',(0.000070704,-0.000033439,0.999999997));
#8438=VECTOR('',#8437,25.);
#8439=LINE('',#8436,#8438);
#8440=EDGE_CURVE('',#8433,#8435,#8439,.T.);
#8441=ORIENTED_EDGE('',*,*,#8440,.F.);
#8442=CARTESIAN_POINT('',(160.134240076,211.307397714,9.403614072));
#8443=VERTEX_POINT('',#8442);
#8444=CARTESIAN_POINT('',(169.134255553,122.261063099,9.400000091));
#8445=DIRECTION('',(-0.000070704,0.000033439,-0.999999997));
#8446=DIRECTION('',(0.707106656,0.707106906,-0.00002635));
#8447=AXIS2_PLACEMENT_3D('',#8444,#8445,#8446);
#8448=CIRCLE('',#8447,89.5);
#8449=EDGE_CURVE('',#8433,#8443,#8448,.T.);
#8450=ORIENTED_EDGE('',*,*,#8449,.T.);
#8451=CARTESIAN_POINT('',(160.136007668,211.306561731,34.403613996));
#8452=VERTEX_POINT('',#8451);
#8453=CARTESIAN_POINT('',(160.136007668,211.306561731,34.403613996));
#8454=DIRECTION('',(-0.000070704,0.000033439,-0.999999997));
#8455=VECTOR('',#8454,25.);
#8456=LINE('',#8453,#8455);
#8457=EDGE_CURVE('',#8452,#8443,#8456,.T.);
#8458=ORIENTED_EDGE('',*,*,#8457,.F.);
#8459=CARTESIAN_POINT('',(169.136023145,122.260227116,34.400000014));
#8460=DIRECTION('',(-0.000070704,0.000033439,-0.999999997));
#8461=DIRECTION('',(0.707106656,0.707106906,-0.00002635));
#8462=AXIS2_PLACEMENT_3D('',#8459,#8460,#8461);
#8463=CIRCLE('',#8462,89.5);
#8464=EDGE_CURVE('',#8435,#8452,#8463,.T.);
#8465=ORIENTED_EDGE('',*,*,#8464,.F.);
#8466=EDGE_LOOP('',(#8441,#8450,#8458,#8465));
#8467=FACE_BOUND('',#8466,.T.);
#8468=CARTESIAN_POINT('',(163.134240024,211.559718195,9.403410399));
#8469=VERTEX_POINT('',#8468);
#8470=CARTESIAN_POINT('',(163.136007616,211.558882213,34.403410322));
#8471=VERTEX_POINT('',#8470);
#8472=CARTESIAN_POINT('',(163.134240024,211.559718195,9.403410399));
#8473=DIRECTION('',(0.000070704,-0.000033439,0.999999997));
#8474=VECTOR('',#8473,25.);
#8475=LINE('',#8472,#8474);
#8476=EDGE_CURVE('',#8469,#8471,#8475,.T.);
#8477=ORIENTED_EDGE('',*,*,#8476,.F.);
#8478=CARTESIAN_POINT('',(165.13424,211.671632188,9.403272734));
#8479=VERTEX_POINT('',#8478);
#8480=CARTESIAN_POINT('',(169.134255553,122.261063099,9.400000091));
#8481=DIRECTION('',(-0.000070704,0.000033439,-0.999999997));
#8482=DIRECTION('',(0.707106656,0.707106906,-0.00002635));
#8483=AXIS2_PLACEMENT_3D('',#8480,#8481,#8482);
#8484=CIRCLE('',#8483,89.5);
#8485=EDGE_CURVE('',#8469,#8479,#8484,.T.);
#8486=ORIENTED_EDGE('',*,*,#8485,.T.);
#8487=CARTESIAN_POINT('',(165.136007592,211.670796206,34.403272657));
#8488=VERTEX_POINT('',#8487);
#8489=CARTESIAN_POINT('',(165.136007592,211.670796206,34.403272657));
#8490=DIRECTION('',(-0.000070704,0.000033439,-0.999999997));
#8491=VECTOR('',#8490,25.);
#8492=LINE('',#8489,#8491);
#8493=EDGE_CURVE('',#8488,#8479,#8492,.T.);
#8494=ORIENTED_EDGE('',*,*,#8493,.F.);
#8495=CARTESIAN_POINT('',(169.136023145,122.260227116,34.400000014));
#8496=DIRECTION('',(-0.000070704,0.000033439,-0.999999997));
#8497=DIRECTION('',(0.707106656,0.707106906,-0.00002635));
#8498=AXIS2_PLACEMENT_3D('',#8495,#8496,#8497);
#8499=CIRCLE('',#8498,89.5);
#8500=EDGE_CURVE('',#8471,#8488,#8499,.T.);
#8501=ORIENTED_EDGE('',*,*,#8500,.F.);
#8502=EDGE_LOOP('',(#8477,#8486,#8494,#8501));
#8503=FACE_BOUND('',#8502,.T.);
#8504=CARTESIAN_POINT('',(168.134239978,211.755476106,9.403063426));
#8505=VERTEX_POINT('',#8504);
#8506=CARTESIAN_POINT('',(168.13600757,211.754640123,34.40306335));
#8507=VERTEX_POINT('',#8506);
#8508=CARTESIAN_POINT('',(168.134239978,211.755476106,9.403063426));
#8509=DIRECTION('',(0.000070704,-0.000033439,0.999999997));
#8510=VECTOR('',#8509,25.);
#8511=LINE('',#8508,#8510);
#8512=EDGE_CURVE('',#8505,#8507,#8511,.T.);
#8513=ORIENTED_EDGE('',*,*,#8512,.F.);
#8514=CARTESIAN_POINT('',(170.134239973,211.755476459,9.402922019));
#8515=VERTEX_POINT('',#8514);
#8516=CARTESIAN_POINT('',(169.134255553,122.261063099,9.400000091));
#8517=DIRECTION('',(-0.000070704,0.000033439,-0.999999997));
#8518=DIRECTION('',(0.707106656,0.707106906,-0.00002635));
#8519=AXIS2_PLACEMENT_3D('',#8516,#8517,#8518);
#8520=CIRCLE('',#8519,89.5);
#8521=EDGE_CURVE('',#8505,#8515,#8520,.T.);
#8522=ORIENTED_EDGE('',*,*,#8521,.T.);
#8523=CARTESIAN_POINT('',(170.136007565,211.754640476,34.402921943));
#8524=VERTEX_POINT('',#8523);
#8525=CARTESIAN_POINT('',(170.136007565,211.754640476,34.402921943));
#8526=DIRECTION('',(-0.000070704,0.000033439,-0.999999997));
#8527=VECTOR('',#8526,25.);
#8528=LINE('',#8525,#8527);
#8529=EDGE_CURVE('',#8524,#8515,#8528,.T.);
#8530=ORIENTED_EDGE('',*,*,#8529,.F.);
#8531=CARTESIAN_POINT('',(169.136023145,122.260227116,34.400000014));
#8532=DIRECTION('',(-0.000070704,0.000033439,-0.999999997));
#8533=DIRECTION('',(0.707106656,0.707106906,-0.00002635));
#8534=AXIS2_PLACEMENT_3D('',#8531,#8532,#8533);
#8535=CIRCLE('',#8534,89.5);
#8536=EDGE_CURVE('',#8507,#8524,#8535,.T.);
#8537=ORIENTED_EDGE('',*,*,#8536,.F.);
#8538=EDGE_LOOP('',(#8513,#8522,#8530,#8537));
#8539=FACE_BOUND('',#8538,.T.);
#8540=CARTESIAN_POINT('',(173.13423998,211.6716336,9.402707104));
#8541=VERTEX_POINT('',#8540);
#8542=CARTESIAN_POINT('',(173.136007572,211.670797617,34.402707028));
#8543=VERTEX_POINT('',#8542);
#8544=CARTESIAN_POINT('',(173.13423998,211.6716336,9.402707104));
#8545=DIRECTION('',(0.000070704,-0.000033439,0.999999997));
#8546=VECTOR('',#8545,25.);
#8547=LINE('',#8544,#8546);
#8548=EDGE_CURVE('',#8541,#8543,#8547,.T.);
#8549=ORIENTED_EDGE('',*,*,#8548,.F.);
#8550=CARTESIAN_POINT('',(175.134239994,211.559720313,9.402561955));
#8551=VERTEX_POINT('',#8550);
#8552=CARTESIAN_POINT('',(169.134255553,122.261063099,9.400000091));
#8553=DIRECTION('',(-0.000070704,0.000033439,-0.999999997));
#8554=DIRECTION('',(0.707106656,0.707106906,-0.00002635));
#8555=AXIS2_PLACEMENT_3D('',#8552,#8553,#8554);
#8556=CIRCLE('',#8555,89.5);
#8557=EDGE_CURVE('',#8541,#8551,#8556,.T.);
#8558=ORIENTED_EDGE('',*,*,#8557,.T.);
#8559=CARTESIAN_POINT('',(175.136007586,211.55888433,34.402561878));
#8560=VERTEX_POINT('',#8559);
#8561=CARTESIAN_POINT('',(175.136007586,211.55888433,34.402561878));
#8562=DIRECTION('',(-0.000070704,0.000033439,-0.999999997));
#8563=VECTOR('',#8562,25.);
#8564=LINE('',#8561,#8563);
#8565=EDGE_CURVE('',#8560,#8551,#8564,.T.);
#8566=ORIENTED_EDGE('',*,*,#8565,.F.);
#8567=CARTESIAN_POINT('',(169.136023145,122.260227116,34.400000014));
#8568=DIRECTION('',(-0.000070704,0.000033439,-0.999999997));
#8569=DIRECTION('',(0.707106656,0.707106906,-0.00002635));
#8570=AXIS2_PLACEMENT_3D('',#8567,#8568,#8569);
#8571=CIRCLE('',#8570,89.5);
#8572=EDGE_CURVE('',#8543,#8560,#8571,.T.);
#8573=ORIENTED_EDGE('',*,*,#8572,.F.);
#8574=EDGE_LOOP('',(#8549,#8558,#8566,#8573));
#8575=FACE_BOUND('',#8574,.T.);
#8576=CARTESIAN_POINT('',(178.134240031,211.30740089,9.402341406));
#8577=VERTEX_POINT('',#8576);
#8578=CARTESIAN_POINT('',(178.136007623,211.306564907,34.40234133));
#8579=VERTEX_POINT('',#8578);
#8580=CARTESIAN_POINT('',(178.134240031,211.30740089,9.402341406));
#8581=DIRECTION('',(0.000070704,-0.000033439,0.999999997));
#8582=VECTOR('',#8581,25.);
#8583=LINE('',#8580,#8582);
#8584=EDGE_CURVE('',#8577,#8579,#8583,.T.);
#8585=ORIENTED_EDGE('',*,*,#8584,.F.);
#8586=CARTESIAN_POINT('',(180.134240065,211.082515102,9.402192479));
#8587=VERTEX_POINT('',#8586);
#8588=CARTESIAN_POINT('',(169.134255553,122.261063099,9.400000091));
#8589=DIRECTION('',(-0.000070704,0.000033439,-0.999999997));
#8590=DIRECTION('',(0.707106656,0.707106906,-0.00002635));
#8591=AXIS2_PLACEMENT_3D('',#8588,#8589,#8590);
#8592=CIRCLE('',#8591,89.5);
#8593=EDGE_CURVE('',#8577,#8587,#8592,.T.);
#8594=ORIENTED_EDGE('',*,*,#8593,.T.);
#8595=CARTESIAN_POINT('',(180.136007657,211.081679119,34.402192403));
#8596=VERTEX_POINT('',#8595);
#8597=CARTESIAN_POINT('',(180.136007657,211.081679119,34.402192403));
#8598=DIRECTION('',(-0.000070704,0.000033439,-0.999999997));
#8599=VECTOR('',#8598,25.);
#8600=LINE('',#8597,#8599);
#8601=EDGE_CURVE('',#8596,#8587,#8600,.T.);
#8602=ORIENTED_EDGE('',*,*,#8601,.F.);
#8603=CARTESIAN_POINT('',(169.136023145,122.260227116,34.400000014));
#8604=DIRECTION('',(-0.000070704,0.000033439,-0.999999997));
#8605=DIRECTION('',(0.707106656,0.707106906,-0.00002635));
#8606=AXIS2_PLACEMENT_3D('',#8603,#8604,#8605);
#8607=CIRCLE('',#8606,89.5);
#8608=EDGE_CURVE('',#8579,#8596,#8607,.T.);
#8609=ORIENTED_EDGE('',*,*,#8608,.F.);
#8610=EDGE_LOOP('',(#8585,#8594,#8602,#8609));
#8611=FACE_BOUND('',#8610,.T.);
#8612=CARTESIAN_POINT('',(183.134240131,210.659312109,9.401966216));
#8613=VERTEX_POINT('',#8612);
#8614=CARTESIAN_POINT('',(183.136007723,210.658476126,34.40196614));
#8615=VERTEX_POINT('',#8614);
#8616=CARTESIAN_POINT('',(183.134240131,210.659312109,9.401966216));
#8617=DIRECTION('',(0.000070704,-0.000033439,0.999999997));
#8618=VECTOR('',#8617,25.);
#8619=LINE('',#8616,#8618);
#8620=EDGE_CURVE('',#8613,#8615,#8619,.T.);
#8621=ORIENTED_EDGE('',*,*,#8620,.F.);
#8622=CARTESIAN_POINT('',(185.134240185,210.319285251,9.401813439));
#8623=VERTEX_POINT('',#8622);
#8624=CARTESIAN_POINT('',(169.134255553,122.261063099,9.400000091));
#8625=DIRECTION('',(-0.000070704,0.000033439,-0.999999997));
#8626=DIRECTION('',(0.707106656,0.707106906,-0.00002635));
#8627=AXIS2_PLACEMENT_3D('',#8624,#8625,#8626);
#8628=CIRCLE('',#8627,89.5);
#8629=EDGE_CURVE('',#8613,#8623,#8628,.T.);
#8630=ORIENTED_EDGE('',*,*,#8629,.T.);
#8631=CARTESIAN_POINT('',(185.136007777,210.318449268,34.401813362));
#8632=VERTEX_POINT('',#8631);
#8633=CARTESIAN_POINT('',(185.136007777,210.318449268,34.401813362));
#8634=DIRECTION('',(-0.000070704,0.000033439,-0.999999997));
#8635=VECTOR('',#8634,25.);
#8636=LINE('',#8633,#8635);
#8637=EDGE_CURVE('',#8632,#8623,#8636,.T.);
#8638=ORIENTED_EDGE('',*,*,#8637,.F.);
#8639=CARTESIAN_POINT('',(169.136023145,122.260227116,34.400000014));
#8640=DIRECTION('',(-0.000070704,0.000033439,-0.999999997));
#8641=DIRECTION('',(0.707106656,0.707106906,-0.00002635));
#8642=AXIS2_PLACEMENT_3D('',#8639,#8640,#8641);
#8643=CIRCLE('',#8642,89.5);
#8644=EDGE_CURVE('',#8615,#8632,#8643,.T.);
#8645=ORIENTED_EDGE('',*,*,#8644,.F.);
#8646=EDGE_LOOP('',(#8621,#8630,#8638,#8645));
#8647=FACE_BOUND('',#8646,.T.);
#8648=CARTESIAN_POINT('',(188.134240282,209.721057255,9.401581323));
#8649=VERTEX_POINT('',#8648);
#8650=CARTESIAN_POINT('',(188.136007874,209.720221273,34.401581247));
#8651=VERTEX_POINT('',#8650);
#8652=CARTESIAN_POINT('',(188.134240282,209.721057255,9.401581323));
#8653=DIRECTION('',(0.000070704,-0.000033439,0.999999997));
#8654=VECTOR('',#8653,25.);
#8655=LINE('',#8652,#8654);
#8656=EDGE_CURVE('',#8649,#8651,#8655,.T.);
#8657=ORIENTED_EDGE('',*,*,#8656,.F.);
#8658=CARTESIAN_POINT('',(190.134240357,209.262503525,9.401424582));
#8659=VERTEX_POINT('',#8658);
#8660=CARTESIAN_POINT('',(169.134255553,122.261063099,9.400000091));
#8661=DIRECTION('',(-0.000070704,0.000033439,-0.999999997));
#8662=DIRECTION('',(0.707106656,0.707106906,-0.00002635));
#8663=AXIS2_PLACEMENT_3D('',#8660,#8661,#8662);
#8664=CIRCLE('',#8663,89.5);
#8665=EDGE_CURVE('',#8649,#8659,#8664,.T.);
#8666=ORIENTED_EDGE('',*,*,#8665,.T.);
#8667=CARTESIAN_POINT('',(190.136007948,209.261667543,34.401424506));
#8668=VERTEX_POINT('',#8667);
#8669=CARTESIAN_POINT('',(190.136007948,209.261667543,34.401424506));
#8670=DIRECTION('',(-0.000070704,0.000033439,-0.999999997));
#8671=VECTOR('',#8670,25.);
#8672=LINE('',#8669,#8671);
#8673=EDGE_CURVE('',#8668,#8659,#8672,.T.);
#8674=ORIENTED_EDGE('',*,*,#8673,.F.);
#8675=CARTESIAN_POINT('',(169.136023145,122.260227116,34.400000014));
#8676=DIRECTION('',(-0.000070704,0.000033439,-0.999999997));
#8677=DIRECTION('',(0.707106656,0.707106906,-0.00002635));
#8678=AXIS2_PLACEMENT_3D('',#8675,#8676,#8677);
#8679=CIRCLE('',#8678,89.5);
#8680=EDGE_CURVE('',#8651,#8668,#8679,.T.);
#8681=ORIENTED_EDGE('',*,*,#8680,.F.);
#8682=EDGE_LOOP('',(#8657,#8666,#8674,#8681));
#8683=FACE_BOUND('',#8682,.T.);
#8684=CARTESIAN_POINT('',(193.134240485,208.483164221,9.401186411));
#8685=VERTEX_POINT('',#8684);
#8686=CARTESIAN_POINT('',(193.136008077,208.482328238,34.401186334));
#8687=VERTEX_POINT('',#8686);
#8688=CARTESIAN_POINT('',(193.134240485,208.483164221,9.401186411));
#8689=DIRECTION('',(0.000070704,-0.000033439,0.999999997));
#8690=VECTOR('',#8689,25.);
#8691=LINE('',#8688,#8690);
#8692=EDGE_CURVE('',#8685,#8687,#8691,.T.);
#8693=ORIENTED_EDGE('',*,*,#8692,.F.);
#8694=CARTESIAN_POINT('',(195.134240581,207.901303509,9.401025546));
#8695=VERTEX_POINT('',#8694);
#8696=CARTESIAN_POINT('',(169.134255553,122.261063099,9.400000091));
#8697=DIRECTION('',(-0.000070704,0.000033439,-0.999999997));
#8698=DIRECTION('',(0.707106656,0.707106906,-0.00002635));
#8699=AXIS2_PLACEMENT_3D('',#8696,#8697,#8698);
#8700=CIRCLE('',#8699,89.5);
#8701=EDGE_CURVE('',#8685,#8695,#8700,.T.);
#8702=ORIENTED_EDGE('',*,*,#8701,.T.);
#8703=CARTESIAN_POINT('',(195.136008173,207.900467526,34.40102547));
#8704=VERTEX_POINT('',#8703);
#8705=CARTESIAN_POINT('',(195.136008173,207.900467526,34.40102547));
#8706=DIRECTION('',(-0.000070704,0.000033439,-0.999999997));
#8707=VECTOR('',#8706,25.);
#8708=LINE('',#8705,#8707);
#8709=EDGE_CURVE('',#8704,#8695,#8708,.T.);
#8710=ORIENTED_EDGE('',*,*,#8709,.F.);
#8711=CARTESIAN_POINT('',(169.136023145,122.260227116,34.400000014));
#8712=DIRECTION('',(-0.000070704,0.000033439,-0.999999997));
#8713=DIRECTION('',(0.707106656,0.707106906,-0.00002635));
#8714=AXIS2_PLACEMENT_3D('',#8711,#8712,#8713);
#8715=CIRCLE('',#8714,89.5);
#8716=EDGE_CURVE('',#8687,#8704,#8715,.T.);
#8717=ORIENTED_EDGE('',*,*,#8716,.F.);
#8718=EDGE_LOOP('',(#8693,#8702,#8710,#8717));
#8719=FACE_BOUND('',#8718,.T.);
#8720=CARTESIAN_POINT('',(209.59307948,202.094295666,39.399809163));
#8721=VERTEX_POINT('',#8720);
#8722=CARTESIAN_POINT('',(128.679646055,202.094281391,39.405530039));
#8723=VERTEX_POINT('',#8722);
#8724=CARTESIAN_POINT('',(169.136376663,122.26005992,39.399999999));
#8725=DIRECTION('',(0.000070704,-0.000033439,0.999999997));
#8726=DIRECTION('',(0.707106656,0.707106906,-0.00002635));
#8727=AXIS2_PLACEMENT_3D('',#8724,#8725,#8726);
#8728=CIRCLE('',#8727,89.5);
#8729=EDGE_CURVE('',#8721,#8723,#8728,.T.);
#8730=ORIENTED_EDGE('',*,*,#8729,.F.);
#8731=CARTESIAN_POINT('',(209.59307948,202.094295666,39.399809163));
#8732=DIRECTION('',(-0.000070704,0.000033439,-0.999999997));
#8733=VECTOR('',#8732,37.4);
#8734=LINE('',#8731,#8733);
#8735=EDGE_CURVE('',#8721,#2825,#8734,.T.);
#8736=ORIENTED_EDGE('',*,*,#8735,.T.);
#8737=ORIENTED_EDGE('',*,*,#2831,.T.);
#8738=CARTESIAN_POINT('',(128.677001738,202.095532021,2.005530154));
#8739=DIRECTION('',(0.000070704,-0.000033439,0.999999997));
#8740=VECTOR('',#8739,37.4);
#8741=LINE('',#8738,#8740);
#8742=EDGE_CURVE('',#2816,#8723,#8741,.T.);
#8743=ORIENTED_EDGE('',*,*,#8742,.T.);
#8744=EDGE_LOOP('',(#8730,#8736,#8737,#8743));
#8745=FACE_BOUND('',#8744,.T.);
#8746=ADVANCED_FACE('',(#8359,#8395,#8431,#8467,#8503,#8539,#8575,#8611,#8647,#8683,#8719,#8745),#8323,.T.);
#8747=CARTESIAN_POINT('',(169.133902035,122.261230295,4.400000106));
#8748=DIRECTION('',(-0.000070704,0.000033439,-0.999999997));
#8749=DIRECTION('',(0.707106656,0.707106906,-0.00002635));
#8750=AXIS2_PLACEMENT_3D('',#8747,#8748,#8749);
#8751=CYLINDRICAL_SURFACE('',#8750,89.5);
#8752=ORIENTED_EDGE('',*,*,#4968,.F.);
#8753=CARTESIAN_POINT('',(249.446894999,82.757267667,39.393000804));
#8754=DIRECTION('',(-0.000070704,0.000033439,-0.999999997));
#8755=VECTOR('',#8754,37.4);
#8756=LINE('',#8753,#8755);
#8757=EDGE_CURVE('',#4953,#2883,#8756,.T.);
#8758=ORIENTED_EDGE('',*,*,#8757,.T.);
#8759=ORIENTED_EDGE('',*,*,#2889,.T.);
#8760=CARTESIAN_POINT('',(248.967953759,162.718041424,1.995708386));
#8761=DIRECTION('',(0.000070704,-0.000033439,0.999999997));
#8762=VECTOR('',#8761,37.4);
#8763=LINE('',#8760,#8762);
#8764=EDGE_CURVE('',#2874,#4962,#8763,.T.);
#8765=ORIENTED_EDGE('',*,*,#8764,.T.);
#8766=EDGE_LOOP('',(#8752,#8758,#8759,#8765));
#8767=FACE_BOUND('',#8766,.T.);
#8768=CARTESIAN_POINT('',(255.745433793,144.816633921,9.394630605));
#8769=VERTEX_POINT('',#8768);
#8770=CARTESIAN_POINT('',(255.747201385,144.815797938,34.394630528));
#8771=VERTEX_POINT('',#8770);
#8772=CARTESIAN_POINT('',(255.745433793,144.816633921,9.394630605));
#8773=DIRECTION('',(0.000070704,-0.000033439,0.999999997));
#8774=VECTOR('',#8773,25.);
#8775=LINE('',#8772,#8774);
#8776=EDGE_CURVE('',#8769,#8771,#8775,.T.);
#8777=ORIENTED_EDGE('',*,*,#8776,.F.);
#8778=CARTESIAN_POINT('',(256.241766565,142.81663401,9.394528634));
#8779=VERTEX_POINT('',#8778);
#8780=CARTESIAN_POINT('',(169.134255553,122.261063099,9.400000091));
#8781=DIRECTION('',(-0.000070704,0.000033439,-0.999999997));
#8782=DIRECTION('',(0.707106656,0.707106906,-0.00002635));
#8783=AXIS2_PLACEMENT_3D('',#8780,#8781,#8782);
#8784=CIRCLE('',#8783,89.5);
#8785=EDGE_CURVE('',#8769,#8779,#8784,.T.);
#8786=ORIENTED_EDGE('',*,*,#8785,.T.);
#8787=CARTESIAN_POINT('',(256.243534157,142.815798027,34.394528557));
#8788=VERTEX_POINT('',#8787);
#8789=CARTESIAN_POINT('',(256.243534157,142.815798027,34.394528557));
#8790=DIRECTION('',(-0.000070704,0.000033439,-0.999999997));
#8791=VECTOR('',#8790,25.);
#8792=LINE('',#8789,#8791);
#8793=EDGE_CURVE('',#8788,#8779,#8792,.T.);
#8794=ORIENTED_EDGE('',*,*,#8793,.F.);
#8795=CARTESIAN_POINT('',(169.136023145,122.260227116,34.400000014));
#8796=DIRECTION('',(-0.000070704,0.000033439,-0.999999997));
#8797=DIRECTION('',(0.707106656,0.707106906,-0.00002635));
#8798=AXIS2_PLACEMENT_3D('',#8795,#8796,#8797);
#8799=CIRCLE('',#8798,89.5);
#8800=EDGE_CURVE('',#8771,#8788,#8799,.T.);
#8801=ORIENTED_EDGE('',*,*,#8800,.F.);
#8802=EDGE_LOOP('',(#8777,#8786,#8794,#8801));
#8803=FACE_BOUND('',#8802,.T.);
#8804=CARTESIAN_POINT('',(256.895590402,139.816634127,9.394382088));
#8805=VERTEX_POINT('',#8804);
#8806=CARTESIAN_POINT('',(256.897357993,139.815798144,34.394382011));
#8807=VERTEX_POINT('',#8806);
#8808=CARTESIAN_POINT('',(256.895590402,139.816634127,9.394382088));
#8809=DIRECTION('',(0.000070704,-0.000033439,0.999999997));
#8810=VECTOR('',#8809,25.);
#8811=LINE('',#8808,#8810);
#8812=EDGE_CURVE('',#8805,#8807,#8811,.T.);
#8813=ORIENTED_EDGE('',*,*,#8812,.F.);
#8814=CARTESIAN_POINT('',(257.272069092,137.816634194,9.394288591));
#8815=VERTEX_POINT('',#8814);
#8816=CARTESIAN_POINT('',(169.134255553,122.261063099,9.400000091));
#8817=DIRECTION('',(-0.000070704,0.000033439,-0.999999997));
#8818=DIRECTION('',(0.707106656,0.707106906,-0.00002635));
#8819=AXIS2_PLACEMENT_3D('',#8816,#8817,#8818);
#8820=CIRCLE('',#8819,89.5);
#8821=EDGE_CURVE('',#8805,#8815,#8820,.T.);
#8822=ORIENTED_EDGE('',*,*,#8821,.T.);
#8823=CARTESIAN_POINT('',(257.273836683,137.815798212,34.394288514));
#8824=VERTEX_POINT('',#8823);
#8825=CARTESIAN_POINT('',(257.273836683,137.815798212,34.394288514));
#8826=DIRECTION('',(-0.000070704,0.000033439,-0.999999997));
#8827=VECTOR('',#8826,25.);
#8828=LINE('',#8825,#8827);
#8829=EDGE_CURVE('',#8824,#8815,#8828,.T.);
#8830=ORIENTED_EDGE('',*,*,#8829,.F.);
#8831=CARTESIAN_POINT('',(169.136023145,122.260227116,34.400000014));
#8832=DIRECTION('',(-0.000070704,0.000033439,-0.999999997));
#8833=DIRECTION('',(0.707106656,0.707106906,-0.00002635));
#8834=AXIS2_PLACEMENT_3D('',#8831,#8832,#8833);
#8835=CIRCLE('',#8834,89.5);
#8836=EDGE_CURVE('',#8807,#8824,#8835,.T.);
#8837=ORIENTED_EDGE('',*,*,#8836,.F.);
#8838=EDGE_LOOP('',(#8813,#8822,#8830,#8837));
#8839=FACE_BOUND('',#8838,.T.);
#8840=CARTESIAN_POINT('',(257.749195593,134.81663428,9.394154538));
#8841=VERTEX_POINT('',#8840);
#8842=CARTESIAN_POINT('',(257.750963184,134.815798297,34.394154462));
#8843=VERTEX_POINT('',#8842);
#8844=CARTESIAN_POINT('',(257.749195593,134.81663428,9.394154538));
#8845=DIRECTION('',(0.000070704,-0.000033439,0.999999997));
#8846=VECTOR('',#8845,25.);
#8847=LINE('',#8844,#8846);
#8848=EDGE_CURVE('',#8841,#8843,#8847,.T.);
#8849=ORIENTED_EDGE('',*,*,#8848,.F.);
#8850=CARTESIAN_POINT('',(258.009617049,132.816634327,9.394069247));
#8851=VERTEX_POINT('',#8850);
#8852=CARTESIAN_POINT('',(169.134255553,122.261063099,9.400000091));
#8853=DIRECTION('',(-0.000070704,0.000033439,-0.999999997));
#8854=DIRECTION('',(0.707106656,0.707106906,-0.00002635));
#8855=AXIS2_PLACEMENT_3D('',#8852,#8853,#8854);
#8856=CIRCLE('',#8855,89.5);
#8857=EDGE_CURVE('',#8841,#8851,#8856,.T.);
#8858=ORIENTED_EDGE('',*,*,#8857,.T.);
#8859=CARTESIAN_POINT('',(258.01138464,132.815798345,34.394069171));
#8860=VERTEX_POINT('',#8859);
#8861=CARTESIAN_POINT('',(258.01138464,132.815798345,34.394069171));
#8862=DIRECTION('',(-0.000070704,0.000033439,-0.999999997));
#8863=VECTOR('',#8862,25.);
#8864=LINE('',#8861,#8863);
#8865=EDGE_CURVE('',#8860,#8851,#8864,.T.);
#8866=ORIENTED_EDGE('',*,*,#8865,.F.);
#8867=CARTESIAN_POINT('',(169.136023145,122.260227116,34.400000014));
#8868=DIRECTION('',(-0.000070704,0.000033439,-0.999999997));
#8869=DIRECTION('',(0.707106656,0.707106906,-0.00002635));
#8870=AXIS2_PLACEMENT_3D('',#8867,#8868,#8869);
#8871=CIRCLE('',#8870,89.5);
#8872=EDGE_CURVE('',#8843,#8860,#8871,.T.);
#8873=ORIENTED_EDGE('',*,*,#8872,.F.);
#8874=EDGE_LOOP('',(#8849,#8858,#8866,#8873));
#8875=FACE_BOUND('',#8874,.T.);
#8876=CARTESIAN_POINT('',(258.314765229,129.816634383,9.393947354));
#8877=VERTEX_POINT('',#8876);
#8878=CARTESIAN_POINT('',(258.316532821,129.8157984,34.393947278));
#8879=VERTEX_POINT('',#8878);
#8880=CARTESIAN_POINT('',(258.314765229,129.816634383,9.393947354));
#8881=DIRECTION('',(0.000070704,-0.000033439,0.999999997));
#8882=VECTOR('',#8881,25.);
#8883=LINE('',#8880,#8882);
#8884=EDGE_CURVE('',#8877,#8879,#8883,.T.);
#8885=ORIENTED_EDGE('',*,*,#8884,.F.);
#8886=CARTESIAN_POINT('',(258.461662265,127.81663441,9.393870089));
#8887=VERTEX_POINT('',#8886);
#8888=CARTESIAN_POINT('',(169.134255553,122.261063099,9.400000091));
#8889=DIRECTION('',(-0.000070704,0.000033439,-0.999999997));
#8890=DIRECTION('',(0.707106656,0.707106906,-0.00002635));
#8891=AXIS2_PLACEMENT_3D('',#8888,#8889,#8890);
#8892=CIRCLE('',#8891,89.5);
#8893=EDGE_CURVE('',#8877,#8887,#8892,.T.);
#8894=ORIENTED_EDGE('',*,*,#8893,.T.);
#8895=CARTESIAN_POINT('',(258.463429857,127.815798427,34.393870013));
#8896=VERTEX_POINT('',#8895);
#8897=CARTESIAN_POINT('',(258.463429857,127.815798427,34.393870013));
#8898=DIRECTION('',(-0.000070704,0.000033439,-0.999999997));
#8899=VECTOR('',#8898,25.);
#8900=LINE('',#8897,#8899);
#8901=EDGE_CURVE('',#8896,#8887,#8900,.T.);
#8902=ORIENTED_EDGE('',*,*,#8901,.F.);
#8903=CARTESIAN_POINT('',(169.136023145,122.260227116,34.400000014));
#8904=DIRECTION('',(-0.000070704,0.000033439,-0.999999997));
#8905=DIRECTION('',(0.707106656,0.707106906,-0.00002635));
#8906=AXIS2_PLACEMENT_3D('',#8903,#8904,#8905);
#8907=CIRCLE('',#8906,89.5);
#8908=EDGE_CURVE('',#8879,#8896,#8907,.T.);
#8909=ORIENTED_EDGE('',*,*,#8908,.F.);
#8910=EDGE_LOOP('',(#8885,#8894,#8902,#8909));
#8911=FACE_BOUND('',#8910,.T.);
#8912=CARTESIAN_POINT('',(258.597762171,124.816634435,9.393760149));
#8913=VERTEX_POINT('',#8912);
#8914=CARTESIAN_POINT('',(258.599529762,124.815798453,34.393760072));
#8915=VERTEX_POINT('',#8914);
#8916=CARTESIAN_POINT('',(258.597762171,124.816634435,9.393760149));
#8917=DIRECTION('',(0.000070704,-0.000033439,0.999999997));
#8918=VECTOR('',#8917,25.);
#8919=LINE('',#8916,#8918);
#8920=EDGE_CURVE('',#8913,#8915,#8919,.T.);
#8921=ORIENTED_EDGE('',*,*,#8920,.F.);
#8922=CARTESIAN_POINT('',(258.63253096,122.816634443,9.393690812));
#8923=VERTEX_POINT('',#8922);
#8924=CARTESIAN_POINT('',(169.134255553,122.261063099,9.400000091));
#8925=DIRECTION('',(-0.000070704,0.000033439,-0.999999997));
#8926=DIRECTION('',(0.707106656,0.707106906,-0.00002635));
#8927=AXIS2_PLACEMENT_3D('',#8924,#8925,#8926);
#8928=CIRCLE('',#8927,89.5);
#8929=EDGE_CURVE('',#8913,#8923,#8928,.T.);
#8930=ORIENTED_EDGE('',*,*,#8929,.T.);
#8931=CARTESIAN_POINT('',(258.634298552,122.81579846,34.393690735));
#8932=VERTEX_POINT('',#8931);
#8933=CARTESIAN_POINT('',(258.634298552,122.81579846,34.393690735));
#8934=DIRECTION('',(-0.000070704,0.000033439,-0.999999997));
#8935=VECTOR('',#8934,25.);
#8936=LINE('',#8933,#8935);
#8937=EDGE_CURVE('',#8932,#8923,#8936,.T.);
#8938=ORIENTED_EDGE('',*,*,#8937,.F.);
#8939=CARTESIAN_POINT('',(169.136023145,122.260227116,34.400000014));
#8940=DIRECTION('',(-0.000070704,0.000033439,-0.999999997));
#8941=DIRECTION('',(0.707106656,0.707106906,-0.00002635));
#8942=AXIS2_PLACEMENT_3D('',#8939,#8940,#8941);
#8943=CIRCLE('',#8942,89.5);
#8944=EDGE_CURVE('',#8915,#8932,#8943,.T.);
#8945=ORIENTED_EDGE('',*,*,#8944,.F.);
#8946=EDGE_LOOP('',(#8921,#8930,#8938,#8945));
#8947=FACE_BOUND('',#8946,.T.);
#8948=CARTESIAN_POINT('',(258.600867915,119.816634439,9.393592732));
#8949=VERTEX_POINT('',#8948);
#8950=CARTESIAN_POINT('',(258.602635507,119.815798456,34.393592656));
#8951=VERTEX_POINT('',#8950);
#8952=CARTESIAN_POINT('',(258.600867915,119.816634439,9.393592732));
#8953=DIRECTION('',(0.000070704,-0.000033439,0.999999997));
#8954=VECTOR('',#8953,25.);
#8955=LINE('',#8952,#8954);
#8956=EDGE_CURVE('',#8949,#8951,#8955,.T.);
#8957=ORIENTED_EDGE('',*,*,#8956,.F.);
#8958=CARTESIAN_POINT('',(258.52383555,117.816634426,9.3935313));
#8959=VERTEX_POINT('',#8958);
#8960=CARTESIAN_POINT('',(169.134255553,122.261063099,9.400000091));
#8961=DIRECTION('',(-0.000070704,0.000033439,-0.999999997));
#8962=DIRECTION('',(0.707106656,0.707106906,-0.00002635));
#8963=AXIS2_PLACEMENT_3D('',#8960,#8961,#8962);
#8964=CIRCLE('',#8963,89.5);
#8965=EDGE_CURVE('',#8949,#8959,#8964,.T.);
#8966=ORIENTED_EDGE('',*,*,#8965,.T.);
#8967=CARTESIAN_POINT('',(258.525603142,117.815798444,34.393531224));
#8968=VERTEX_POINT('',#8967);
#8969=CARTESIAN_POINT('',(258.525603142,117.815798444,34.393531224));
#8970=DIRECTION('',(-0.000070704,0.000033439,-0.999999997));
#8971=VECTOR('',#8970,25.);
#8972=LINE('',#8969,#8971);
#8973=EDGE_CURVE('',#8968,#8959,#8972,.T.);
#8974=ORIENTED_EDGE('',*,*,#8973,.F.);
#8975=CARTESIAN_POINT('',(169.136023145,122.260227116,34.400000014));
#8976=DIRECTION('',(-0.000070704,0.000033439,-0.999999997));
#8977=DIRECTION('',(0.707106656,0.707106906,-0.00002635));
#8978=AXIS2_PLACEMENT_3D('',#8975,#8976,#8977);
#8979=CIRCLE('',#8978,89.5);
#8980=EDGE_CURVE('',#8951,#8968,#8979,.T.);
#8981=ORIENTED_EDGE('',*,*,#8980,.F.);
#8982=EDGE_LOOP('',(#8957,#8966,#8974,#8981));
#8983=FACE_BOUND('',#8982,.T.);
#8984=CARTESIAN_POINT('',(258.324111694,114.816634393,9.393445104));
#8985=VERTEX_POINT('',#8984);
#8986=CARTESIAN_POINT('',(258.325879285,114.81579841,34.393445027));
#8987=VERTEX_POINT('',#8986);
#8988=CARTESIAN_POINT('',(258.324111694,114.816634393,9.393445104));
#8989=DIRECTION('',(0.000070704,-0.000033439,0.999999997));
#8990=VECTOR('',#8989,25.);
#8991=LINE('',#8988,#8990);
#8992=EDGE_CURVE('',#8985,#8987,#8991,.T.);
#8993=ORIENTED_EDGE('',*,*,#8992,.F.);
#8994=CARTESIAN_POINT('',(258.134551745,112.81663436,9.393391628));
#8995=VERTEX_POINT('',#8994);
#8996=CARTESIAN_POINT('',(169.134255553,122.261063099,9.400000091));
#8997=DIRECTION('',(-0.000070704,0.000033439,-0.999999997));
#8998=DIRECTION('',(0.707106656,0.707106906,-0.00002635));
#8999=AXIS2_PLACEMENT_3D('',#8996,#8997,#8998);
#9000=CIRCLE('',#8999,89.5);
#9001=EDGE_CURVE('',#8985,#8995,#9000,.T.);
#9002=ORIENTED_EDGE('',*,*,#9001,.T.);
#9003=CARTESIAN_POINT('',(258.136319337,112.815798378,34.393391551));
#9004=VERTEX_POINT('',#9003);
#9005=CARTESIAN_POINT('',(258.136319337,112.815798378,34.393391551));
#9006=DIRECTION('',(-0.000070704,0.000033439,-0.999999997));
#9007=VECTOR('',#9006,25.);
#9008=LINE('',#9005,#9007);
#9009=EDGE_CURVE('',#9004,#8995,#9008,.T.);
#9010=ORIENTED_EDGE('',*,*,#9009,.F.);
#9011=CARTESIAN_POINT('',(169.136023145,122.260227116,34.400000014));
#9012=DIRECTION('',(-0.000070704,0.000033439,-0.999999997));
#9013=DIRECTION('',(0.707106656,0.707106906,-0.00002635));
#9014=AXIS2_PLACEMENT_3D('',#9011,#9012,#9013);
#9015=CIRCLE('',#9014,89.5);
#9016=EDGE_CURVE('',#8987,#9004,#9015,.T.);
#9017=ORIENTED_EDGE('',*,*,#9016,.F.);
#9018=EDGE_LOOP('',(#8993,#9002,#9010,#9017));
#9019=FACE_BOUND('',#9018,.T.);
#9020=CARTESIAN_POINT('',(257.764871862,109.816634297,9.393317447));
#9021=VERTEX_POINT('',#9020);
#9022=CARTESIAN_POINT('',(257.766639453,109.815798314,34.393317371));
#9023=VERTEX_POINT('',#9022);
#9024=CARTESIAN_POINT('',(257.764871862,109.816634297,9.393317447));
#9025=DIRECTION('',(0.000070704,-0.000033439,0.999999997));
#9026=VECTOR('',#9025,25.);
#9027=LINE('',#9024,#9026);
#9028=EDGE_CURVE('',#9021,#9023,#9027,.T.);
#9029=ORIENTED_EDGE('',*,*,#9028,.F.);
#9030=CARTESIAN_POINT('',(257.460969688,107.816634244,9.393272056));
#9031=VERTEX_POINT('',#9030);
#9032=CARTESIAN_POINT('',(169.134255553,122.261063099,9.400000091));
#9033=DIRECTION('',(-0.000070704,0.000033439,-0.999999997));
#9034=DIRECTION('',(0.707106656,0.707106906,-0.00002635));
#9035=AXIS2_PLACEMENT_3D('',#9032,#9033,#9034);
#9036=CIRCLE('',#9035,89.5);
#9037=EDGE_CURVE('',#9021,#9031,#9036,.T.);
#9038=ORIENTED_EDGE('',*,*,#9037,.T.);
#9039=CARTESIAN_POINT('',(257.46273728,107.815798262,34.393271979));
#9040=VERTEX_POINT('',#9039);
#9041=CARTESIAN_POINT('',(257.46273728,107.815798262,34.393271979));
#9042=DIRECTION('',(-0.000070704,0.000033439,-0.999999997));
#9043=VECTOR('',#9042,25.);
#9044=LINE('',#9041,#9043);
#9045=EDGE_CURVE('',#9040,#9031,#9044,.T.);
#9046=ORIENTED_EDGE('',*,*,#9045,.F.);
#9047=CARTESIAN_POINT('',(169.136023145,122.260227116,34.400000014));
#9048=DIRECTION('',(-0.000070704,0.000033439,-0.999999997));
#9049=DIRECTION('',(0.707106656,0.707106906,-0.00002635));
#9050=AXIS2_PLACEMENT_3D('',#9047,#9048,#9049);
#9051=CIRCLE('',#9050,89.5);
#9052=EDGE_CURVE('',#9023,#9040,#9051,.T.);
#9053=ORIENTED_EDGE('',*,*,#9052,.F.);
#9054=EDGE_LOOP('',(#9029,#9038,#9046,#9053));
#9055=FACE_BOUND('',#9054,.T.);
#9056=CARTESIAN_POINT('',(256.917749746,104.81663415,9.393210145));
#9057=VERTEX_POINT('',#9056);
#9058=CARTESIAN_POINT('',(256.919517337,104.815798168,34.393210069));
#9059=VERTEX_POINT('',#9058);
#9060=CARTESIAN_POINT('',(256.917749746,104.81663415,9.393210145));
#9061=DIRECTION('',(0.000070704,-0.000033439,0.999999997));
#9062=VECTOR('',#9061,25.);
#9063=LINE('',#9060,#9062);
#9064=EDGE_CURVE('',#9057,#9059,#9063,.T.);
#9065=ORIENTED_EDGE('',*,*,#9064,.F.);
#9066=CARTESIAN_POINT('',(256.496513614,102.816634077,9.39317305));
#9067=VERTEX_POINT('',#9066);
#9068=CARTESIAN_POINT('',(169.134255553,122.261063099,9.400000091));
#9069=DIRECTION('',(-0.000070704,0.000033439,-0.999999997));
#9070=DIRECTION('',(0.707106656,0.707106906,-0.00002635));
#9071=AXIS2_PLACEMENT_3D('',#9068,#9069,#9070);
#9072=CIRCLE('',#9071,89.5);
#9073=EDGE_CURVE('',#9057,#9067,#9072,.T.);
#9074=ORIENTED_EDGE('',*,*,#9073,.T.);
#9075=CARTESIAN_POINT('',(256.498281206,102.815798094,34.393172973));
#9076=VERTEX_POINT('',#9075);
#9077=CARTESIAN_POINT('',(256.498281206,102.815798094,34.393172973));
#9078=DIRECTION('',(-0.000070704,0.000033439,-0.999999997));
#9079=VECTOR('',#9078,25.);
#9080=LINE('',#9077,#9079);
#9081=EDGE_CURVE('',#9076,#9067,#9080,.T.);
#9082=ORIENTED_EDGE('',*,*,#9081,.F.);
#9083=CARTESIAN_POINT('',(169.136023145,122.260227116,34.400000014));
#9084=DIRECTION('',(-0.000070704,0.000033439,-0.999999997));
#9085=DIRECTION('',(0.707106656,0.707106906,-0.00002635));
#9086=AXIS2_PLACEMENT_3D('',#9083,#9084,#9085);
#9087=CIRCLE('',#9086,89.5);
#9088=EDGE_CURVE('',#9059,#9076,#9087,.T.);
#9089=ORIENTED_EDGE('',*,*,#9088,.F.);
#9090=EDGE_LOOP('',(#9065,#9074,#9082,#9089));
#9091=FACE_BOUND('',#9090,.T.);
#9092=CARTESIAN_POINT('',(255.77430145,99.816633951,9.393123795));
#9093=VERTEX_POINT('',#9092);
#9094=CARTESIAN_POINT('',(255.776069042,99.815797969,34.393123718));
#9095=VERTEX_POINT('',#9094);
#9096=CARTESIAN_POINT('',(255.77430145,99.816633951,9.393123795));
#9097=DIRECTION('',(0.000070704,-0.000033439,0.999999997));
#9098=VECTOR('',#9097,25.);
#9099=LINE('',#9096,#9098);
#9100=EDGE_CURVE('',#9093,#9095,#9099,.T.);
#9101=ORIENTED_EDGE('',*,*,#9100,.F.);
#9102=CARTESIAN_POINT('',(255.231408999,97.816633857,9.393095301));
#9103=VERTEX_POINT('',#9102);
#9104=CARTESIAN_POINT('',(169.134255553,122.261063099,9.400000091));
#9105=DIRECTION('',(-0.000070704,0.000033439,-0.999999997));
#9106=DIRECTION('',(0.707106656,0.707106906,-0.00002635));
#9107=AXIS2_PLACEMENT_3D('',#9104,#9105,#9106);
#9108=CIRCLE('',#9107,89.5);
#9109=EDGE_CURVE('',#9093,#9103,#9108,.T.);
#9110=ORIENTED_EDGE('',*,*,#9109,.T.);
#9111=CARTESIAN_POINT('',(255.23317659,97.815797874,34.393095224));
#9112=VERTEX_POINT('',#9111);
#9113=CARTESIAN_POINT('',(255.23317659,97.815797874,34.393095224));
#9114=DIRECTION('',(-0.000070704,0.000033439,-0.999999997));
#9115=VECTOR('',#9114,25.);
#9116=LINE('',#9113,#9115);
#9117=EDGE_CURVE('',#9112,#9103,#9116,.T.);
#9118=ORIENTED_EDGE('',*,*,#9117,.F.);
#9119=CARTESIAN_POINT('',(169.136023145,122.260227116,34.400000014));
#9120=DIRECTION('',(-0.000070704,0.000033439,-0.999999997));
#9121=DIRECTION('',(0.707106656,0.707106906,-0.00002635));
#9122=AXIS2_PLACEMENT_3D('',#9119,#9120,#9121);
#9123=CIRCLE('',#9122,89.5);
#9124=EDGE_CURVE('',#9095,#9112,#9123,.T.);
#9125=ORIENTED_EDGE('',*,*,#9124,.F.);
#9126=EDGE_LOOP('',(#9101,#9110,#9118,#9125));
#9127=FACE_BOUND('',#9126,.T.);
#9128=ADVANCED_FACE('',(#8767,#8803,#8839,#8875,#8911,#8947,#8983,#9019,#9055,#9091,#9127),#8751,.T.);
#9129=CARTESIAN_POINT('',(240.364340338,89.968349661,4.393884001));
#9130=DIRECTION('',(0.707106656,0.707106906,-0.00002635));
#9131=DIRECTION('',(-0.707106902,0.707106656,0.00007364));
#9132=AXIS2_PLACEMENT_3D('',#9129,#9130,#9131);
#9133=PLANE('',#9132);
#9134=ORIENTED_EDGE('',*,*,#2904,.T.);
#9135=CARTESIAN_POINT('',(247.839819798,82.492783372,1.993105472));
#9136=DIRECTION('',(0.000070704,-0.000033439,0.999999997));
#9137=VECTOR('',#9136,37.4);
#9138=LINE('',#9135,#9137);
#9139=EDGE_CURVE('',#2892,#4945,#9138,.T.);
#9140=ORIENTED_EDGE('',*,*,#9139,.T.);
#9141=ORIENTED_EDGE('',*,*,#4950,.F.);
#9142=ORIENTED_EDGE('',*,*,#1051,.T.);
#9143=EDGE_LOOP('',(#9134,#9140,#9141,#9142));
#9144=FACE_BOUND('',#9143,.T.);
#9145=ADVANCED_FACE('',(#9144),#9133,.F.);
#9146=CARTESIAN_POINT('',(175.064134559,50.523414002,4.397181954));
#9147=DIRECTION('',(0.410099231,0.91204091,0.000001502));
#9148=DIRECTION('',(-0.912040907,0.41009923,0.000078198));
#9149=AXIS2_PLACEMENT_3D('',#9146,#9147,#9148);
#9150=PLANE('',#9149);
#9151=ORIENTED_EDGE('',*,*,#2924,.T.);
#9152=ORIENTED_EDGE('',*,*,#335,.F.);
#9153=ORIENTED_EDGE('',*,*,#923,.F.);
#9154=CARTESIAN_POINT('',(175.064134559,50.523414002,4.397181954));
#9155=VERTEX_POINT('',#9154);
#9156=CARTESIAN_POINT('',(175.064134559,50.523414002,4.397181954));
#9157=DIRECTION('',(0.912040907,-0.41009923,-0.000078198));
#9158=VECTOR('',#9157,27.048986108);
#9159=LINE('',#9156,#9158);
#9160=EDGE_CURVE('',#9155,#403,#9159,.T.);
#9161=ORIENTED_EDGE('',*,*,#9160,.F.);
#9162=CARTESIAN_POINT('',(175.064134559,50.523414002,4.397181954));
#9163=DIRECTION('',(-0.000070704,0.000033439,-0.999999997));
#9164=VECTOR('',#9163,2.4);
#9165=LINE('',#9162,#9164);
#9166=EDGE_CURVE('',#9155,#2919,#9165,.T.);
#9167=ORIENTED_EDGE('',*,*,#9166,.T.);
#9168=EDGE_LOOP('',(#9151,#9152,#9153,#9161,#9167));
#9169=FACE_BOUND('',#9168,.T.);
#9170=ADVANCED_FACE('',(#9169),#9150,.F.);
#9171=CARTESIAN_POINT('',(163.203694483,50.52341191,4.39802053));
#9172=DIRECTION('',(-0.000000174,0.999999999,0.000033439));
#9173=DIRECTION('',(-0.999999998,-0.000000176,0.000070704));
#9174=AXIS2_PLACEMENT_3D('',#9171,#9172,#9173);
#9175=PLANE('',#9174);
#9176=ORIENTED_EDGE('',*,*,#2932,.T.);
#9177=ORIENTED_EDGE('',*,*,#9166,.F.);
#9178=CARTESIAN_POINT('',(163.203694483,50.52341191,4.39802053));
#9179=VERTEX_POINT('',#9178);
#9180=CARTESIAN_POINT('',(163.203694483,50.52341191,4.39802053));
#9181=DIRECTION('',(0.999999998,0.000000176,-0.000070704));
#9182=VECTOR('',#9181,11.860440106);
#9183=LINE('',#9180,#9182);
#9184=EDGE_CURVE('',#9179,#9155,#9183,.T.);
#9185=ORIENTED_EDGE('',*,*,#9184,.F.);
#9186=CARTESIAN_POINT('',(163.203694483,50.52341191,4.39802053));
#9187=DIRECTION('',(-0.000070704,0.000033439,-0.999999997));
#9188=VECTOR('',#9187,2.4);
#9189=LINE('',#9186,#9188);
#9190=EDGE_CURVE('',#9179,#2927,#9189,.T.);
#9191=ORIENTED_EDGE('',*,*,#9190,.T.);
#9192=EDGE_LOOP('',(#9176,#9177,#9185,#9191));
#9193=FACE_BOUND('',#9192,.T.);
#9194=ADVANCED_FACE('',(#9193),#9175,.F.);
#9195=CARTESIAN_POINT('',(136.985521752,38.734398409,4.399480035));
#9196=DIRECTION('',(-0.410099549,0.912040765,0.000059494));
#9197=DIRECTION('',(-0.912040764,-0.410099552,0.000050771));
#9198=AXIS2_PLACEMENT_3D('',#9195,#9196,#9197);
#9199=PLANE('',#9198);
#9200=ORIENTED_EDGE('',*,*,#2938,.T.);
#9201=ORIENTED_EDGE('',*,*,#9190,.F.);
#9202=CARTESIAN_POINT('',(136.985521752,38.734398409,4.399480035));
#9203=VERTEX_POINT('',#9202);
#9204=CARTESIAN_POINT('',(136.985521752,38.734398409,4.399480035));
#9205=DIRECTION('',(0.912040764,0.410099552,-0.000050771));
#9206=VECTOR('',#9205,28.746711513);
#9207=LINE('',#9204,#9206);
#9208=EDGE_CURVE('',#9203,#9179,#9207,.T.);
#9209=ORIENTED_EDGE('',*,*,#9208,.F.);
#9210=CARTESIAN_POINT('',(136.985521752,38.734398409,4.399480035));
#9211=DIRECTION('',(-0.000070704,0.000033439,-0.999999997));
#9212=VECTOR('',#9211,2.4);
#9213=LINE('',#9210,#9212);
#9214=EDGE_CURVE('',#9203,#2691,#9213,.T.);
#9215=ORIENTED_EDGE('',*,*,#9214,.T.);
#9216=EDGE_LOOP('',(#9200,#9201,#9209,#9215));
#9217=FACE_BOUND('',#9216,.T.);
#9218=ADVANCED_FACE('',(#9217),#9199,.F.);
#9219=CARTESIAN_POINT('',(169.133902035,122.261230296,4.400000106));
#9220=DIRECTION('',(-0.000070704,0.000033439,-0.999999997));
#9221=DIRECTION('',(0.707106656,0.707106906,-0.00002635));
#9222=AXIS2_PLACEMENT_3D('',#9219,#9220,#9221);
#9223=CYLINDRICAL_SURFACE('',#9222,89.500000001);
#9224=ORIENTED_EDGE('',*,*,#1158,.T.);
#9225=CARTESIAN_POINT('',(128.679673847,42.425824173,39.400190835));
#9226=DIRECTION('',(-0.000070704,0.000033439,-0.999999997));
#9227=VECTOR('',#9226,37.4);
#9228=LINE('',#9225,#9227);
#9229=EDGE_CURVE('',#1143,#2689,#9228,.T.);
#9230=ORIENTED_EDGE('',*,*,#9229,.T.);
#9231=ORIENTED_EDGE('',*,*,#2697,.T.);
#9232=ORIENTED_EDGE('',*,*,#9214,.F.);
#9233=CARTESIAN_POINT('',(136.985521752,38.734398409,4.399480035));
#9234=DIRECTION('',(0.000070704,-0.000033439,0.999999997));
#9235=VECTOR('',#9234,35.);
#9236=LINE('',#9233,#9235);
#9237=EDGE_CURVE('',#9203,#1152,#9236,.T.);
#9238=ORIENTED_EDGE('',*,*,#9237,.T.);
#9239=EDGE_LOOP('',(#9224,#9230,#9231,#9232,#9238));
#9240=FACE_BOUND('',#9239,.T.);
#9241=ADVANCED_FACE('',(#9240),#9223,.T.);
#9242=CARTESIAN_POINT('',(195.136007414,212.260231652,34.401171257));
#9243=DIRECTION('',(-0.000070704,0.000033439,-0.999999997));
#9244=DIRECTION('',(0.000000174,-0.999999999,-0.000033439));
#9245=AXIS2_PLACEMENT_3D('',#9242,#9243,#9244);
#9246=PLANE('',#9245);
#9247=ORIENTED_EDGE('',*,*,#8716,.T.);
#9248=CARTESIAN_POINT('',(195.136008173,207.900467526,34.40102547));
#9249=DIRECTION('',(0.000000174,-0.999999999,-0.000033439));
#9250=VECTOR('',#9249,1.98762085);
#9251=LINE('',#9248,#9250);
#9252=EDGE_CURVE('',#8704,#4719,#9251,.T.);
#9253=ORIENTED_EDGE('',*,*,#9252,.T.);
#9254=ORIENTED_EDGE('',*,*,#4748,.T.);
#9255=CARTESIAN_POINT('',(193.13600842,206.508436031,34.401120329));
#9256=DIRECTION('',(-0.000000174,0.999999999,0.000033439));
#9257=VECTOR('',#9256,1.973892209);
#9258=LINE('',#9255,#9257);
#9259=EDGE_CURVE('',#4736,#8687,#9258,.T.);
#9260=ORIENTED_EDGE('',*,*,#9259,.T.);
#9261=EDGE_LOOP('',(#9247,#9253,#9254,#9260));
#9262=FACE_BOUND('',#9261,.T.);
#9263=ADVANCED_FACE('',(#9262),#9246,.T.);
#9264=CARTESIAN_POINT('',(190.134239835,212.261066752,9.401524852));
#9265=DIRECTION('',(-0.999999998,-0.000000176,0.000070704));
#9266=DIRECTION('',(-0.000070704,0.000033439,-0.999999997));
#9267=AXIS2_PLACEMENT_3D('',#9264,#9265,#9266);
#9268=PLANE('',#9267);
#9269=ORIENTED_EDGE('',*,*,#8673,.T.);
#9270=CARTESIAN_POINT('',(190.134240357,209.262503525,9.401424582));
#9271=DIRECTION('',(0.000000174,-0.999999999,-0.000033439));
#9272=VECTOR('',#9271,1.955801962);
#9273=LINE('',#9270,#9272);
#9274=EDGE_CURVE('',#8659,#4681,#9273,.T.);
#9275=ORIENTED_EDGE('',*,*,#9274,.T.);
#9276=ORIENTED_EDGE('',*,*,#4688,.T.);
#9277=CARTESIAN_POINT('',(190.136007948,209.261667543,34.401424506));
#9278=DIRECTION('',(0.000000174,-0.999999999,-0.000033439));
#9279=VECTOR('',#9278,1.955801962);
#9280=LINE('',#9277,#9279);
#9281=EDGE_CURVE('',#8668,#4683,#9280,.T.);
#9282=ORIENTED_EDGE('',*,*,#9281,.F.);
#9283=EDGE_LOOP('',(#9269,#9275,#9276,#9282));
#9284=FACE_BOUND('',#9283,.T.);
#9285=ADVANCED_FACE('',(#9284),#9268,.T.);
#9286=CARTESIAN_POINT('',(195.134239822,212.261067635,9.401171334));
#9287=DIRECTION('',(-0.000070704,0.000033439,-0.999999997));
#9288=DIRECTION('',(0.000000174,-0.999999999,-0.000033439));
#9289=AXIS2_PLACEMENT_3D('',#9286,#9287,#9288);
#9290=PLANE('',#9289);
#9291=CARTESIAN_POINT('',(193.134240828,206.509272014,9.401120405));
#9292=DIRECTION('',(-0.000000174,0.999999999,0.000033439));
#9293=VECTOR('',#9292,1.973892209);
#9294=LINE('',#9291,#9293);
#9295=EDGE_CURVE('',#4727,#8685,#9294,.T.);
#9296=ORIENTED_EDGE('',*,*,#9295,.F.);
#9297=ORIENTED_EDGE('',*,*,#4733,.F.);
#9298=CARTESIAN_POINT('',(195.134240581,207.901303509,9.401025546));
#9299=DIRECTION('',(0.000000174,-0.999999999,-0.000033439));
#9300=VECTOR('',#9299,1.98762085);
#9301=LINE('',#9298,#9300);
#9302=EDGE_CURVE('',#8695,#4717,#9301,.T.);
#9303=ORIENTED_EDGE('',*,*,#9302,.F.);
#9304=ORIENTED_EDGE('',*,*,#8701,.F.);
#9305=EDGE_LOOP('',(#9296,#9297,#9303,#9304));
#9306=FACE_BOUND('',#9305,.T.);
#9307=ADVANCED_FACE('',(#9306),#9290,.F.);
#9308=CARTESIAN_POINT('',(193.134241046,205.261067286,9.401078666));
#9309=DIRECTION('',(0.999999998,0.000000176,-0.000070704));
#9310=DIRECTION('',(0.000070704,-0.000033439,0.999999997));
#9311=AXIS2_PLACEMENT_3D('',#9308,#9309,#9310);
#9312=PLANE('',#9311);
#9313=ORIENTED_EDGE('',*,*,#8692,.T.);
#9314=ORIENTED_EDGE('',*,*,#9259,.F.);
#9315=ORIENTED_EDGE('',*,*,#4741,.T.);
#9316=ORIENTED_EDGE('',*,*,#9295,.T.);
#9317=EDGE_LOOP('',(#9313,#9314,#9315,#9316));
#9318=FACE_BOUND('',#9317,.T.);
#9319=ADVANCED_FACE('',(#9318),#9312,.T.);
#9320=CARTESIAN_POINT('',(195.134239822,212.261067635,9.401171334));
#9321=DIRECTION('',(-0.999999998,-0.000000176,0.000070704));
#9322=DIRECTION('',(-0.000070704,0.000033439,-0.999999997));
#9323=AXIS2_PLACEMENT_3D('',#9320,#9321,#9322);
#9324=PLANE('',#9323);
#9325=ORIENTED_EDGE('',*,*,#8709,.T.);
#9326=ORIENTED_EDGE('',*,*,#9302,.T.);
#9327=ORIENTED_EDGE('',*,*,#4724,.T.);
#9328=ORIENTED_EDGE('',*,*,#9252,.F.);
#9329=EDGE_LOOP('',(#9325,#9326,#9327,#9328));
#9330=FACE_BOUND('',#9329,.T.);
#9331=ADVANCED_FACE('',(#9330),#9324,.T.);
#9332=CARTESIAN_POINT('',(138.533916527,39.438220817,4.399394093));
#9333=DIRECTION('',(-0.413806157,0.910365015,0.0000597));
#9334=DIRECTION('',(0.910365014,0.41380616,-0.000050529));
#9335=AXIS2_PLACEMENT_3D('',#9332,#9333,#9334);
#9336=PLANE('',#9335);
#9337=ORIENTED_EDGE('',*,*,#1166,.T.);
#9338=ORIENTED_EDGE('',*,*,#9237,.F.);
#9339=CARTESIAN_POINT('',(138.533916527,39.438220817,4.399394093));
#9340=DIRECTION('',(-0.910365014,-0.41380616,0.000050529));
#9341=VECTOR('',#9340,1.700850483);
#9342=LINE('',#9339,#9341);
#9343=EDGE_CURVE('',#2552,#9203,#9342,.T.);
#9344=ORIENTED_EDGE('',*,*,#9343,.F.);
#9345=ORIENTED_EDGE('',*,*,#2557,.T.);
#9346=EDGE_LOOP('',(#9337,#9338,#9344,#9345));
#9347=FACE_BOUND('',#9346,.T.);
#9348=ADVANCED_FACE('',(#9347),#9336,.F.);
#9349=CARTESIAN_POINT('',(127.678538133,43.282519195,4.400290159));
#9350=DIRECTION('',(0.707106902,-0.707106656,-0.00007364));
#9351=DIRECTION('',(-0.707106656,-0.707106906,0.00002635));
#9352=AXIS2_PLACEMENT_3D('',#9349,#9350,#9351);
#9353=PLANE('',#9352);
#9354=ORIENTED_EDGE('',*,*,#2712,.F.);
#9355=CARTESIAN_POINT('',(128.421952826,44.026184093,2.000262457));
#9356=DIRECTION('',(0.000070704,-0.000033439,0.999999997));
#9357=VECTOR('',#9356,37.4);
#9358=LINE('',#9355,#9357);
#9359=EDGE_CURVE('',#2700,#1135,#9358,.T.);
#9360=ORIENTED_EDGE('',*,*,#9359,.T.);
#9361=ORIENTED_EDGE('',*,*,#1140,.T.);
#9362=ORIENTED_EDGE('',*,*,#505,.F.);
#9363=EDGE_LOOP('',(#9354,#9360,#9361,#9362));
#9364=FACE_BOUND('',#9363,.T.);
#9365=ADVANCED_FACE('',(#9364),#9353,.F.);
#9366=CARTESIAN_POINT('',(220.083298459,147.360068893,39.397237191));
#9367=DIRECTION('',(-0.000000174,0.999999999,0.000033439));
#9368=DIRECTION('',(0.999999998,0.000000176,-0.000070704));
#9369=AXIS2_PLACEMENT_3D('',#9366,#9367,#9368);
#9370=PLANE('',#9369);
#9371=ORIENTED_EDGE('',*,*,#2512,.F.);
#9372=CARTESIAN_POINT('',(222.482167194,147.360604345,23.397067551));
#9373=DIRECTION('',(-0.999999998,-0.000000176,0.000070704));
#9374=VECTOR('',#9373,2.4);
#9375=LINE('',#9372,#9374);
#9376=EDGE_CURVE('',#2422,#2497,#9375,.T.);
#9377=ORIENTED_EDGE('',*,*,#9376,.F.);
#9378=ORIENTED_EDGE('',*,*,#2427,.F.);
#9379=ORIENTED_EDGE('',*,*,#5005,.F.);
#9380=EDGE_LOOP('',(#9371,#9377,#9378,#9379));
#9381=FACE_BOUND('',#9380,.T.);
#9382=ADVANCED_FACE('',(#9381),#9370,.F.);
#9383=CARTESIAN_POINT('',(220.083307196,97.160068921,39.395558537));
#9384=DIRECTION('',(-0.000000174,0.999999999,0.000033439));
#9385=DIRECTION('',(0.999999998,0.000000176,-0.000070704));
#9386=AXIS2_PLACEMENT_3D('',#9383,#9384,#9385);
#9387=PLANE('',#9386);
#9388=ORIENTED_EDGE('',*,*,#2540,.T.);
#9389=ORIENTED_EDGE('',*,*,#5016,.T.);
#9390=ORIENTED_EDGE('',*,*,#2443,.T.);
#9391=CARTESIAN_POINT('',(222.482175932,97.160604373,23.395388897));
#9392=DIRECTION('',(-0.999999998,-0.000000176,0.000070704));
#9393=VECTOR('',#9392,2.4);
#9394=LINE('',#9391,#9393);
#9395=EDGE_CURVE('',#2430,#2499,#9394,.T.);
#9396=ORIENTED_EDGE('',*,*,#9395,.T.);
#9397=EDGE_LOOP('',(#9388,#9389,#9390,#9396));
#9398=FACE_BOUND('',#9397,.T.);
#9399=ADVANCED_FACE('',(#9398),#9387,.T.);
#9400=CARTESIAN_POINT('',(222.482167194,147.360604345,23.397067551));
#9401=DIRECTION('',(0.000070704,-0.000033439,0.999999997));
#9402=DIRECTION('',(0.000000174,-0.999999999,-0.000033439));
#9403=AXIS2_PLACEMENT_3D('',#9400,#9401,#9402);
#9404=PLANE('',#9403);
#9405=ORIENTED_EDGE('',*,*,#9395,.F.);
#9406=ORIENTED_EDGE('',*,*,#2435,.F.);
#9407=ORIENTED_EDGE('',*,*,#9376,.T.);
#9408=ORIENTED_EDGE('',*,*,#2504,.T.);
#9409=EDGE_LOOP('',(#9405,#9406,#9407,#9408));
#9410=FACE_BOUND('',#9409,.T.);
#9411=ADVANCED_FACE('',(#9410),#9404,.T.);
#9412=CARTESIAN_POINT('',(248.115073081,163.715451581,39.395802154));
#9413=DIRECTION('',(0.707106902,-0.707106656,-0.00007364));
#9414=DIRECTION('',(-0.000070704,0.000033439,-0.999999997));
#9415=AXIS2_PLACEMENT_3D('',#9412,#9413,#9414);
#9416=PLANE('',#9415);
#9417=ORIENTED_EDGE('',*,*,#4983,.F.);
#9418=CARTESIAN_POINT('',(247.3714887,162.971866938,39.395829864));
#9419=DIRECTION('',(-0.000070704,0.000033439,-0.999999997));
#9420=VECTOR('',#9419,37.4);
#9421=LINE('',#9418,#9420);
#9422=EDGE_CURVE('',#4971,#2866,#9421,.T.);
#9423=ORIENTED_EDGE('',*,*,#9422,.T.);
#9424=ORIENTED_EDGE('',*,*,#2871,.F.);
#9425=ORIENTED_EDGE('',*,*,#457,.F.);
#9426=EDGE_LOOP('',(#9417,#9423,#9424,#9425));
#9427=FACE_BOUND('',#9426,.T.);
#9428=ADVANCED_FACE('',(#9427),#9416,.F.);
#9429=CARTESIAN_POINT('',(118.189454867,97.160050944,39.402762806));
#9430=DIRECTION('',(0.000000174,-0.999999999,-0.000033439));
#9431=DIRECTION('',(-0.999999998,-0.000000176,0.000070704));
#9432=AXIS2_PLACEMENT_3D('',#9429,#9430,#9431);
#9433=PLANE('',#9432);
#9434=ORIENTED_EDGE('',*,*,#1845,.F.);
#9435=CARTESIAN_POINT('',(115.788323614,97.16058555,23.402932544));
#9436=DIRECTION('',(0.999999998,0.000000176,-0.000070704));
#9437=VECTOR('',#9436,2.4);
#9438=LINE('',#9435,#9437);
#9439=EDGE_CURVE('',#1731,#1830,#9438,.T.);
#9440=ORIENTED_EDGE('',*,*,#9439,.F.);
#9441=ORIENTED_EDGE('',*,*,#1736,.F.);
#9442=CARTESIAN_POINT('',(118.189454867,97.160050944,39.402762806));
#9443=DIRECTION('',(-0.999999998,-0.000000176,0.000070704));
#9444=VECTOR('',#9443,2.4);
#9445=LINE('',#9442,#9444);
#9446=EDGE_CURVE('',#1840,#1721,#9445,.T.);
#9447=ORIENTED_EDGE('',*,*,#9446,.F.);
#9448=EDGE_LOOP('',(#9434,#9440,#9441,#9447));
#9449=FACE_BOUND('',#9448,.T.);
#9450=ADVANCED_FACE('',(#9449),#9433,.F.);
#9451=CARTESIAN_POINT('',(118.189446129,147.360050916,39.40444146));
#9452=DIRECTION('',(0.000000174,-0.999999999,-0.000033439));
#9453=DIRECTION('',(-0.999999998,-0.000000176,0.000070704));
#9454=AXIS2_PLACEMENT_3D('',#9451,#9452,#9453);
#9455=PLANE('',#9454);
#9456=ORIENTED_EDGE('',*,*,#1897,.T.);
#9457=CARTESIAN_POINT('',(118.188951203,147.360284992,32.404441482));
#9458=DIRECTION('',(-0.999999998,-0.000000176,0.000070704));
#9459=VECTOR('',#9458,2.4);
#9460=LINE('',#9457,#9459);
#9461=EDGE_CURVE('',#1886,#1747,#9460,.T.);
#9462=ORIENTED_EDGE('',*,*,#9461,.T.);
#9463=ORIENTED_EDGE('',*,*,#1752,.T.);
#9464=CARTESIAN_POINT('',(115.788314876,147.360585522,23.404611198));
#9465=DIRECTION('',(0.999999998,0.000000176,-0.000070704));
#9466=VECTOR('',#9465,2.4);
#9467=LINE('',#9464,#9466);
#9468=EDGE_CURVE('',#1739,#1832,#9467,.T.);
#9469=ORIENTED_EDGE('',*,*,#9468,.T.);
#9470=EDGE_LOOP('',(#9456,#9462,#9463,#9469));
#9471=FACE_BOUND('',#9470,.T.);
#9472=ADVANCED_FACE('',(#9471),#9455,.T.);
#9473=CARTESIAN_POINT('',(115.788323614,97.16058555,23.402932544));
#9474=DIRECTION('',(0.000070704,-0.000033439,0.999999997));
#9475=DIRECTION('',(-0.000000174,0.999999999,0.000033439));
#9476=AXIS2_PLACEMENT_3D('',#9473,#9474,#9475);
#9477=PLANE('',#9476);
#9478=ORIENTED_EDGE('',*,*,#9468,.F.);
#9479=ORIENTED_EDGE('',*,*,#1744,.F.);
#9480=ORIENTED_EDGE('',*,*,#9439,.T.);
#9481=ORIENTED_EDGE('',*,*,#1837,.T.);
#9482=EDGE_LOOP('',(#9478,#9479,#9480,#9481));
#9483=FACE_BOUND('',#9482,.T.);
#9484=ADVANCED_FACE('',(#9483),#9477,.T.);
#9485=CARTESIAN_POINT('',(128.829821099,174.586645109,18.754599522));
#9486=DIRECTION('',(-0.707106902,0.707106656,0.00007364));
#9487=DIRECTION('',(0.707106656,0.707106906,-0.00002635));
#9488=AXIS2_PLACEMENT_3D('',#9485,#9486,#9487);
#9489=CYLINDRICAL_SURFACE('',#9488,1.8);
#9490=CARTESIAN_POINT('',(126.920637972,179.041411538,18.754883472));
#9491=VERTEX_POINT('',#9490);
#9492=CARTESIAN_POINT('',(126.920637972,179.041411538,18.754883472));
#9493=DIRECTION('',(0.707106902,-0.707106656,-0.00007364));
#9494=VECTOR('',#9493,3.);
#9495=LINE('',#9492,#9494);
#9496=EDGE_CURVE('',#9491,#5382,#9495,.T.);
#9497=ORIENTED_EDGE('',*,*,#9496,.F.);
#9498=CARTESIAN_POINT('',(125.64800447,177.768965044,16.954930942));
#9499=VERTEX_POINT('',#9498);
#9500=CARTESIAN_POINT('',(125.647845991,177.768619108,18.754930902));
#9501=DIRECTION('',(0.707106902,-0.707106656,-0.00007364));
#9502=DIRECTION('',(0.000088044,0.000192187,-0.999999978));
#9503=AXIS2_PLACEMENT_3D('',#9500,#9501,#9502);
#9504=CIRCLE('',#9503,1.8);
#9505=EDGE_CURVE('',#9499,#9491,#9504,.T.);
#9506=ORIENTED_EDGE('',*,*,#9505,.F.);
#9507=CARTESIAN_POINT('',(125.647845991,177.768619108,18.754930902));
#9508=DIRECTION('',(0.707106902,-0.707106656,-0.00007364));
#9509=DIRECTION('',(0.000088044,0.000192187,-0.999999978));
#9510=AXIS2_PLACEMENT_3D('',#9507,#9508,#9509);
#9511=CIRCLE('',#9510,1.8);
#9512=EDGE_CURVE('',#9491,#9499,#9511,.T.);
#9513=ORIENTED_EDGE('',*,*,#9512,.F.);
#9514=ORIENTED_EDGE('',*,*,#9496,.T.);
#9515=ORIENTED_EDGE('',*,*,#5390,.T.);
#9516=ORIENTED_EDGE('',*,*,#5397,.T.);
#9517=EDGE_LOOP('',(#9497,#9506,#9513,#9514,#9515,#9516));
#9518=FACE_BOUND('',#9517,.T.);
#9519=ADVANCED_FACE('',(#9518),#9489,.F.);
#9520=CARTESIAN_POINT('',(116.809007941,162.565827715,18.75504747));
#9521=DIRECTION('',(-0.707106902,0.707106656,0.00007364));
#9522=DIRECTION('',(0.707106656,0.707106906,-0.00002635));
#9523=AXIS2_PLACEMENT_3D('',#9520,#9521,#9522);
#9524=CYLINDRICAL_SURFACE('',#9523,1.8);
#9525=CARTESIAN_POINT('',(114.899824815,167.020594144,18.75533142));
#9526=VERTEX_POINT('',#9525);
#9527=CARTESIAN_POINT('',(114.899824815,167.020594144,18.75533142));
#9528=DIRECTION('',(0.707106902,-0.707106656,-0.00007364));
#9529=VECTOR('',#9528,3.);
#9530=LINE('',#9527,#9529);
#9531=EDGE_CURVE('',#9526,#5362,#9530,.T.);
#9532=ORIENTED_EDGE('',*,*,#9531,.F.);
#9533=CARTESIAN_POINT('',(113.627191312,165.74814765,16.95537889));
#9534=VERTEX_POINT('',#9533);
#9535=CARTESIAN_POINT('',(113.627032833,165.747801714,18.75537885));
#9536=DIRECTION('',(0.707106902,-0.707106656,-0.00007364));
#9537=DIRECTION('',(0.000088044,0.000192187,-0.999999978));
#9538=AXIS2_PLACEMENT_3D('',#9535,#9536,#9537);
#9539=CIRCLE('',#9538,1.8);
#9540=EDGE_CURVE('',#9534,#9526,#9539,.T.);
#9541=ORIENTED_EDGE('',*,*,#9540,.F.);
#9542=CARTESIAN_POINT('',(113.627032833,165.747801714,18.75537885));
#9543=DIRECTION('',(0.707106902,-0.707106656,-0.00007364));
#9544=DIRECTION('',(0.000088044,0.000192187,-0.999999978));
#9545=AXIS2_PLACEMENT_3D('',#9542,#9543,#9544);
#9546=CIRCLE('',#9545,1.8);
#9547=EDGE_CURVE('',#9526,#9534,#9546,.T.);
#9548=ORIENTED_EDGE('',*,*,#9547,.F.);
#9549=ORIENTED_EDGE('',*,*,#9531,.T.);
#9550=ORIENTED_EDGE('',*,*,#5370,.T.);
#9551=ORIENTED_EDGE('',*,*,#5377,.T.);
#9552=EDGE_LOOP('',(#9532,#9541,#9548,#9549,#9550,#9551));
#9553=FACE_BOUND('',#9552,.T.);
#9554=ADVANCED_FACE('',(#9553),#9524,.F.);
#9555=CARTESIAN_POINT('',(121.799498899,163.940067925,39.404740641));
#9556=DIRECTION('',(0.707106656,0.707106906,-0.00002635));
#9557=DIRECTION('',(0.707106902,-0.707106656,-0.00007364));
#9558=AXIS2_PLACEMENT_3D('',#9555,#9556,#9557);
#9559=PLANE('',#9558);
#9560=ORIENTED_EDGE('',*,*,#5440,.T.);
#9561=CARTESIAN_POINT('',(116.809012787,168.929782789,18.755260276));
#9562=VERTEX_POINT('',#9561);
#9563=CARTESIAN_POINT('',(116.809012787,168.929782789,18.755260276));
#9564=DIRECTION('',(0.707106902,-0.707106656,-0.00007364));
#9565=VECTOR('',#9564,3.);
#9566=LINE('',#9563,#9565);
#9567=EDGE_CURVE('',#9562,#5426,#9566,.T.);
#9568=ORIENTED_EDGE('',*,*,#9567,.F.);
#9569=CARTESIAN_POINT('',(116.810472818,168.929092267,39.405260212));
#9570=VERTEX_POINT('',#9569);
#9571=CARTESIAN_POINT('',(116.810472818,168.929092267,39.405260212));
#9572=DIRECTION('',(-0.000070704,0.000033439,-0.999999997));
#9573=VECTOR('',#9572,20.65);
#9574=LINE('',#9571,#9573);
#9575=EDGE_CURVE('',#9570,#9562,#9574,.T.);
#9576=ORIENTED_EDGE('',*,*,#9575,.F.);
#9577=CARTESIAN_POINT('',(118.931793525,166.807772299,39.405039292));
#9578=DIRECTION('',(-0.707106902,0.707106656,0.00007364));
#9579=VECTOR('',#9578,3.);
#9580=LINE('',#9577,#9579);
#9581=EDGE_CURVE('',#5435,#9570,#9580,.T.);
#9582=ORIENTED_EDGE('',*,*,#9581,.F.);
#9583=EDGE_LOOP('',(#9560,#9568,#9576,#9582));
#9584=FACE_BOUND('',#9583,.T.);
#9585=ADVANCED_FACE('',(#9584),#9559,.T.);
#9586=CARTESIAN_POINT('',(127.454892118,169.597613691,18.754529905));
#9587=DIRECTION('',(-0.707106656,-0.707106906,0.00002635));
#9588=DIRECTION('',(-0.707106902,0.707106656,0.00007364));
#9589=AXIS2_PLACEMENT_3D('',#9586,#9587,#9588);
#9590=PLANE('',#9589);
#9591=ORIENTED_EDGE('',*,*,#5423,.T.);
#9592=CARTESIAN_POINT('',(122.467326068,174.585947512,39.405049414));
#9593=VERTEX_POINT('',#9592);
#9594=CARTESIAN_POINT('',(124.588646776,172.464627543,39.404828493));
#9595=DIRECTION('',(-0.707106902,0.707106656,0.00007364));
#9596=VECTOR('',#9595,3.);
#9597=LINE('',#9594,#9596);
#9598=EDGE_CURVE('',#5410,#9593,#9597,.T.);
#9599=ORIENTED_EDGE('',*,*,#9598,.T.);
#9600=CARTESIAN_POINT('',(122.465866037,174.586638033,18.755049477));
#9601=VERTEX_POINT('',#9600);
#9602=CARTESIAN_POINT('',(122.465866037,174.586638033,18.755049477));
#9603=DIRECTION('',(0.000070704,-0.000033439,0.999999997));
#9604=VECTOR('',#9603,20.65);
#9605=LINE('',#9602,#9604);
#9606=EDGE_CURVE('',#9601,#9593,#9605,.T.);
#9607=ORIENTED_EDGE('',*,*,#9606,.F.);
#9608=CARTESIAN_POINT('',(124.587186745,172.465318065,18.754828556));
#9609=DIRECTION('',(-0.707106902,0.707106656,0.00007364));
#9610=VECTOR('',#9609,3.);
#9611=LINE('',#9608,#9610);
#9612=EDGE_CURVE('',#5418,#9601,#9611,.T.);
#9613=ORIENTED_EDGE('',*,*,#9612,.F.);
#9614=EDGE_LOOP('',(#9591,#9599,#9607,#9613));
#9615=FACE_BOUND('',#9614,.T.);
#9616=ADVANCED_FACE('',(#9615),#9590,.T.);
#9617=CARTESIAN_POINT('',(122.81941452,168.576236412,18.754823496));
#9618=DIRECTION('',(-0.707106902,0.707106656,0.00007364));
#9619=DIRECTION('',(0.707106656,0.707106906,-0.00002635));
#9620=AXIS2_PLACEMENT_3D('',#9617,#9618,#9619);
#9621=CYLINDRICAL_SURFACE('',#9620,4.);
#9622=ORIENTED_EDGE('',*,*,#5432,.T.);
#9623=ORIENTED_EDGE('',*,*,#9612,.T.);
#9624=CARTESIAN_POINT('',(119.637439412,171.758210411,18.755154876));
#9625=DIRECTION('',(0.707106902,-0.707106656,-0.00007364));
#9626=DIRECTION('',(0.000088044,0.000192187,-0.999999978));
#9627=AXIS2_PLACEMENT_3D('',#9624,#9625,#9626);
#9628=CIRCLE('',#9627,4.);
#9629=EDGE_CURVE('',#9562,#9601,#9628,.T.);
#9630=ORIENTED_EDGE('',*,*,#9629,.F.);
#9631=ORIENTED_EDGE('',*,*,#9567,.T.);
#9632=EDGE_LOOP('',(#9622,#9623,#9630,#9631));
#9633=FACE_BOUND('',#9632,.T.);
#9634=ADVANCED_FACE('',(#9633),#9621,.F.);
#9635=CARTESIAN_POINT('',(104.011568819,156.134078183,2.010762872));
#9636=DIRECTION('',(0.707106902,-0.707106656,-0.00007364));
#9637=DIRECTION('',(0.000070704,-0.000033439,0.999999997));
#9638=AXIS2_PLACEMENT_3D('',#9635,#9636,#9637);
#9639=PLANE('',#9638);
#9640=ORIENTED_EDGE('',*,*,#9540,.T.);
#9641=ORIENTED_EDGE('',*,*,#9547,.T.);
#9642=EDGE_LOOP('',(#9640,#9641));
#9643=FACE_BOUND('',#9642,.T.);
#9644=ORIENTED_EDGE('',*,*,#9505,.T.);
#9645=ORIENTED_EDGE('',*,*,#9512,.T.);
#9646=EDGE_LOOP('',(#9644,#9645));
#9647=FACE_BOUND('',#9646,.T.);
#9648=ORIENTED_EDGE('',*,*,#8282,.T.);
#9649=CARTESIAN_POINT('',(103.141433625,155.260048257,39.40576958));
#9650=DIRECTION('',(0.707106656,0.707106906,-0.00002635));
#9651=VECTOR('',#9650,19.330944024);
#9652=LINE('',#9649,#9651);
#9653=EDGE_CURVE('',#8277,#9570,#9652,.T.);
#9654=ORIENTED_EDGE('',*,*,#9653,.T.);
#9655=ORIENTED_EDGE('',*,*,#9575,.T.);
#9656=ORIENTED_EDGE('',*,*,#9629,.T.);
#9657=ORIENTED_EDGE('',*,*,#9606,.T.);
#9658=CARTESIAN_POINT('',(122.467326068,174.585947512,39.405049414));
#9659=DIRECTION('',(0.707106656,0.707106906,-0.00002635));
#9660=VECTOR('',#9659,19.33094402);
#9661=LINE('',#9658,#9660);
#9662=EDGE_CURVE('',#9593,#8301,#9661,.T.);
#9663=ORIENTED_EDGE('',*,*,#9662,.T.);
#9664=ORIENTED_EDGE('',*,*,#8306,.T.);
#9665=ORIENTED_EDGE('',*,*,#2788,.F.);
#9666=EDGE_LOOP('',(#9648,#9654,#9655,#9656,#9657,#9663,#9664,#9665));
#9667=FACE_BOUND('',#9666,.T.);
#9668=ADVANCED_FACE('',(#9643,#9647,#9667),#9639,.F.);
#9669=CARTESIAN_POINT('',(116.809021972,81.955654706,18.75235192));
#9670=DIRECTION('',(-0.707106656,-0.707106906,0.00002635));
#9671=DIRECTION('',(-0.707106902,0.707106656,0.00007364));
#9672=AXIS2_PLACEMENT_3D('',#9669,#9670,#9671);
#9673=CYLINDRICAL_SURFACE('',#9672,1.8);
#9674=CARTESIAN_POINT('',(112.35424962,80.046465639,18.752603047));
#9675=VERTEX_POINT('',#9674);
#9676=CARTESIAN_POINT('',(114.475569589,82.167786355,18.752523998));
#9677=VERTEX_POINT('',#9676);
#9678=CARTESIAN_POINT('',(112.35424962,80.046465639,18.752603047));
#9679=DIRECTION('',(0.707106656,0.707106906,-0.00002635));
#9680=VECTOR('',#9679,3.);
#9681=LINE('',#9678,#9680);
#9682=EDGE_CURVE('',#9675,#9677,#9681,.T.);
#9683=ORIENTED_EDGE('',*,*,#9682,.F.);
#9684=CARTESIAN_POINT('',(113.63143376,78.769349019,20.552459942));
#9685=VERTEX_POINT('',#9684);
#9686=CARTESIAN_POINT('',(113.627042045,78.773673658,18.752470495));
#9687=DIRECTION('',(0.707106656,0.707106906,-0.00002635));
#9688=DIRECTION('',(0.002439842,-0.002402577,0.999994137));
#9689=AXIS2_PLACEMENT_3D('',#9686,#9687,#9688);
#9690=CIRCLE('',#9689,1.8);
#9691=EDGE_CURVE('',#9685,#9675,#9690,.T.);
#9692=ORIENTED_EDGE('',*,*,#9691,.F.);
#9693=CARTESIAN_POINT('',(113.627042045,78.773673658,18.752470495));
#9694=DIRECTION('',(0.707106656,0.707106906,-0.00002635));
#9695=DIRECTION('',(0.002439842,-0.002402577,0.999994137));
#9696=AXIS2_PLACEMENT_3D('',#9693,#9694,#9695);
#9697=CIRCLE('',#9696,1.8);
#9698=EDGE_CURVE('',#9675,#9685,#9697,.T.);
#9699=ORIENTED_EDGE('',*,*,#9698,.F.);
#9700=ORIENTED_EDGE('',*,*,#9682,.T.);
#9701=CARTESIAN_POINT('',(115.743970298,80.899319013,16.952401998));
#9702=VERTEX_POINT('',#9701);
#9703=CARTESIAN_POINT('',(115.748362014,80.894994374,18.752391445));
#9704=DIRECTION('',(0.707106656,0.707106906,-0.00002635));
#9705=DIRECTION('',(-0.002439842,0.002402577,-0.999994137));
#9706=AXIS2_PLACEMENT_3D('',#9703,#9704,#9705);
#9707=CIRCLE('',#9706,1.8);
#9708=EDGE_CURVE('',#9677,#9702,#9707,.T.);
#9709=ORIENTED_EDGE('',*,*,#9708,.T.);
#9710=CARTESIAN_POINT('',(115.748362014,80.894994374,18.752391445));
#9711=DIRECTION('',(0.707106656,0.707106906,-0.00002635));
#9712=DIRECTION('',(-0.002439842,0.002402577,-0.999994137));
#9713=AXIS2_PLACEMENT_3D('',#9710,#9711,#9712);
#9714=CIRCLE('',#9713,1.8);
#9715=EDGE_CURVE('',#9702,#9677,#9714,.T.);
#9716=ORIENTED_EDGE('',*,*,#9715,.T.);
#9717=EDGE_LOOP('',(#9683,#9692,#9699,#9700,#9709,#9716));
#9718=FACE_BOUND('',#9717,.T.);
#9719=ADVANCED_FACE('',(#9718),#9673,.F.);
#9720=CARTESIAN_POINT('',(128.829839314,69.934841553,18.751100037));
#9721=DIRECTION('',(-0.707106656,-0.707106906,0.00002635));
#9722=DIRECTION('',(-0.707106902,0.707106656,0.00007364));
#9723=AXIS2_PLACEMENT_3D('',#9720,#9721,#9722);
#9724=CYLINDRICAL_SURFACE('',#9723,1.8);
#9725=CARTESIAN_POINT('',(124.375066963,68.025652486,18.751351164));
#9726=VERTEX_POINT('',#9725);
#9727=CARTESIAN_POINT('',(126.496386932,70.146973203,18.751272114));
#9728=VERTEX_POINT('',#9727);
#9729=CARTESIAN_POINT('',(124.375066963,68.025652486,18.751351164));
#9730=DIRECTION('',(0.707106656,0.707106906,-0.00002635));
#9731=VECTOR('',#9730,3.);
#9732=LINE('',#9729,#9731);
#9733=EDGE_CURVE('',#9726,#9728,#9732,.T.);
#9734=ORIENTED_EDGE('',*,*,#9733,.F.);
#9735=CARTESIAN_POINT('',(125.652251103,66.748535867,20.551208059));
#9736=VERTEX_POINT('',#9735);
#9737=CARTESIAN_POINT('',(125.647859387,66.752860505,18.751218611));
#9738=DIRECTION('',(0.707106656,0.707106906,-0.00002635));
#9739=DIRECTION('',(0.002439842,-0.002402577,0.999994137));
#9740=AXIS2_PLACEMENT_3D('',#9737,#9738,#9739);
#9741=CIRCLE('',#9740,1.8);
#9742=EDGE_CURVE('',#9736,#9726,#9741,.T.);
#9743=ORIENTED_EDGE('',*,*,#9742,.F.);
#9744=CARTESIAN_POINT('',(125.647859387,66.752860505,18.751218611));
#9745=DIRECTION('',(0.707106656,0.707106906,-0.00002635));
#9746=DIRECTION('',(0.002439842,-0.002402577,0.999994137));
#9747=AXIS2_PLACEMENT_3D('',#9744,#9745,#9746);
#9748=CIRCLE('',#9747,1.8);
#9749=EDGE_CURVE('',#9726,#9736,#9748,.T.);
#9750=ORIENTED_EDGE('',*,*,#9749,.F.);
#9751=ORIENTED_EDGE('',*,*,#9733,.T.);
#9752=CARTESIAN_POINT('',(127.764787641,68.87850586,16.951150114));
#9753=VERTEX_POINT('',#9752);
#9754=CARTESIAN_POINT('',(127.769179356,68.874181222,18.751139562));
#9755=DIRECTION('',(0.707106656,0.707106906,-0.00002635));
#9756=DIRECTION('',(-0.002439842,0.002402577,-0.999994137));
#9757=AXIS2_PLACEMENT_3D('',#9754,#9755,#9756);
#9758=CIRCLE('',#9757,1.8);
#9759=EDGE_CURVE('',#9728,#9753,#9758,.T.);
#9760=ORIENTED_EDGE('',*,*,#9759,.T.);
#9761=CARTESIAN_POINT('',(127.769179356,68.874181222,18.751139562));
#9762=DIRECTION('',(0.707106656,0.707106906,-0.00002635));
#9763=DIRECTION('',(-0.002439842,0.002402577,-0.999994137));
#9764=AXIS2_PLACEMENT_3D('',#9761,#9762,#9763);
#9765=CIRCLE('',#9764,1.8);
#9766=EDGE_CURVE('',#9753,#9728,#9765,.T.);
#9767=ORIENTED_EDGE('',*,*,#9766,.T.);
#9768=EDGE_LOOP('',(#9734,#9743,#9750,#9751,#9760,#9767));
#9769=FACE_BOUND('',#9768,.T.);
#9770=ADVANCED_FACE('',(#9769),#9724,.F.);
#9771=CARTESIAN_POINT('',(127.456368628,74.923181965,39.401364016));
#9772=DIRECTION('',(-0.707106902,0.707106656,0.00007364));
#9773=DIRECTION('',(0.707106656,0.707106906,-0.00002635));
#9774=AXIS2_PLACEMENT_3D('',#9771,#9772,#9773);
#9775=PLANE('',#9774);
#9776=CARTESIAN_POINT('',(124.587198295,72.056161174,18.751470943));
#9777=VERTEX_POINT('',#9776);
#9778=CARTESIAN_POINT('',(124.588665328,72.055463651,39.401470879));
#9779=DIRECTION('',(-0.000070704,0.000033439,-0.999999997));
#9780=VECTOR('',#9779,20.65);
#9781=LINE('',#9778,#9780);
#9782=EDGE_CURVE('',#1177,#9777,#9781,.T.);
#9783=ORIENTED_EDGE('',*,*,#9782,.T.);
#9784=CARTESIAN_POINT('',(122.465878326,69.934840457,18.751549992));
#9785=VERTEX_POINT('',#9784);
#9786=CARTESIAN_POINT('',(122.465878326,69.934840457,18.751549992));
#9787=DIRECTION('',(0.707106656,0.707106906,-0.00002635));
#9788=VECTOR('',#9787,3.);
#9789=LINE('',#9786,#9788);
#9790=EDGE_CURVE('',#9785,#9777,#9789,.T.);
#9791=ORIENTED_EDGE('',*,*,#9790,.F.);
#9792=CARTESIAN_POINT('',(122.467345359,69.934142934,39.401549928));
#9793=DIRECTION('',(-0.000070704,0.000033439,-0.999999997));
#9794=VECTOR('',#9793,20.65);
#9795=LINE('',#9792,#9794);
#9796=EDGE_CURVE('',#1185,#9785,#9795,.T.);
#9797=ORIENTED_EDGE('',*,*,#9796,.F.);
#9798=ORIENTED_EDGE('',*,*,#1190,.F.);
#9799=EDGE_LOOP('',(#9783,#9791,#9797,#9798));
#9800=FACE_BOUND('',#9799,.T.);
#9801=ADVANCED_FACE('',(#9800),#9775,.T.);
#9802=CARTESIAN_POINT('',(121.798053377,80.580725735,18.751953201));
#9803=DIRECTION('',(0.707106902,-0.707106656,-0.00007364));
#9804=DIRECTION('',(-0.707106656,-0.707106906,0.00002635));
#9805=AXIS2_PLACEMENT_3D('',#9802,#9803,#9804);
#9806=PLANE('',#9805);
#9807=CARTESIAN_POINT('',(118.930343075,77.713014422,18.752060064));
#9808=VERTEX_POINT('',#9807);
#9809=CARTESIAN_POINT('',(118.931803106,77.712323901,39.402060001));
#9810=VERTEX_POINT('',#9809);
#9811=CARTESIAN_POINT('',(118.930350077,77.713007421,18.752060064));
#9812=DIRECTION('',(0.000070704,-0.000033439,0.999999997));
#9813=VECTOR('',#9812,20.65);
#9814=LINE('',#9811,#9813);
#9815=EDGE_CURVE('',#9808,#9810,#9814,.T.);
#9816=ORIENTED_EDGE('',*,*,#9815,.T.);
#9817=CARTESIAN_POINT('',(116.810483137,75.591003184,39.402139051));
#9818=VERTEX_POINT('',#9817);
#9819=CARTESIAN_POINT('',(118.931803106,77.712323901,39.402060001));
#9820=DIRECTION('',(-0.707106656,-0.707106906,0.00002635));
#9821=VECTOR('',#9820,3.);
#9822=LINE('',#9819,#9821);
#9823=EDGE_CURVE('',#9810,#9818,#9822,.T.);
#9824=ORIENTED_EDGE('',*,*,#9823,.T.);
#9825=CARTESIAN_POINT('',(116.809023106,75.591693706,18.752139114));
#9826=VERTEX_POINT('',#9825);
#9827=CARTESIAN_POINT('',(116.809030108,75.591686704,18.752139113));
#9828=DIRECTION('',(0.000070704,-0.000033439,0.999999997));
#9829=VECTOR('',#9828,20.65);
#9830=LINE('',#9827,#9829);
#9831=EDGE_CURVE('',#9826,#9818,#9830,.T.);
#9832=ORIENTED_EDGE('',*,*,#9831,.F.);
#9833=CARTESIAN_POINT('',(118.930343075,77.713014422,18.752060064));
#9834=DIRECTION('',(-0.707106656,-0.707106906,0.00002635));
#9835=VECTOR('',#9834,3.);
#9836=LINE('',#9833,#9835);
#9837=EDGE_CURVE('',#9808,#9826,#9836,.T.);
#9838=ORIENTED_EDGE('',*,*,#9837,.F.);
#9839=EDGE_LOOP('',(#9816,#9824,#9832,#9838));
#9840=FACE_BOUND('',#9839,.T.);
#9841=ADVANCED_FACE('',(#9840),#9806,.T.);
#9842=CARTESIAN_POINT('',(122.819430643,75.94524813,18.751725979));
#9843=DIRECTION('',(-0.707106656,-0.707106906,0.00002635));
#9844=DIRECTION('',(-0.707106902,0.707106656,0.00007364));
#9845=AXIS2_PLACEMENT_3D('',#9842,#9843,#9844);
#9846=CYLINDRICAL_SURFACE('',#9845,4.);
#9847=CARTESIAN_POINT('',(121.758770685,74.884587798,18.751765503));
#9848=DIRECTION('',(0.707106656,0.707106906,-0.00002635));
#9849=DIRECTION('',(-0.002439842,0.002402577,-0.999994137));
#9850=AXIS2_PLACEMENT_3D('',#9847,#9848,#9849);
#9851=CIRCLE('',#9850,4.);
#9852=EDGE_CURVE('',#9777,#9808,#9851,.T.);
#9853=ORIENTED_EDGE('',*,*,#9852,.T.);
#9854=ORIENTED_EDGE('',*,*,#9837,.T.);
#9855=CARTESIAN_POINT('',(119.637450716,72.763267081,18.751844553));
#9856=DIRECTION('',(0.707106656,0.707106906,-0.00002635));
#9857=DIRECTION('',(0.002439842,-0.002402577,0.999994137));
#9858=AXIS2_PLACEMENT_3D('',#9855,#9856,#9857);
#9859=CIRCLE('',#9858,4.);
#9860=EDGE_CURVE('',#9785,#9826,#9859,.T.);
#9861=ORIENTED_EDGE('',*,*,#9860,.F.);
#9862=ORIENTED_EDGE('',*,*,#9790,.T.);
#9863=EDGE_LOOP('',(#9853,#9854,#9861,#9862));
#9864=FACE_BOUND('',#9863,.T.);
#9865=ADVANCED_FACE('',(#9864),#9846,.F.);
#9866=CARTESIAN_POINT('',(105.044850842,89.477951298,39.403435294));
#9867=DIRECTION('',(-0.000070704,0.000033439,-0.999999997));
#9868=DIRECTION('',(0.707106656,0.707106906,-0.00002635));
#9869=AXIS2_PLACEMENT_3D('',#9866,#9867,#9868);
#9870=PLANE('',#9869);
#9871=CARTESIAN_POINT('',(89.083545772,85.062499944,39.404416167));
#9872=VERTEX_POINT('',#9871);
#9873=CARTESIAN_POINT('',(87.888073786,87.704629143,39.404589043));
#9874=VERTEX_POINT('',#9873);
#9875=CARTESIAN_POINT('',(89.083545772,85.062499944,39.404416167));
#9876=DIRECTION('',(-0.412231719,0.911079034,0.000059612));
#9877=VECTOR('',#9876,2.9);
#9878=LINE('',#9875,#9877);
#9879=EDGE_CURVE('',#9872,#9874,#9878,.T.);
#9880=ORIENTED_EDGE('',*,*,#9879,.T.);
#9881=CARTESIAN_POINT('',(89.578488798,90.061002858,39.40454832));
#9882=VERTEX_POINT('',#9881);
#9883=CARTESIAN_POINT('',(87.888073786,87.704629143,39.404589043));
#9884=DIRECTION('',(0.582901728,0.812542661,-0.000014042));
#9885=VECTOR('',#9884,2.9);
#9886=LINE('',#9883,#9885);
#9887=EDGE_CURVE('',#9874,#9882,#9886,.T.);
#9888=ORIENTED_EDGE('',*,*,#9887,.T.);
#9889=CARTESIAN_POINT('',(92.464375795,89.775247375,39.404334721));
#9890=VERTEX_POINT('',#9889);
#9891=CARTESIAN_POINT('',(89.578488798,90.061002858,39.40454832));
#9892=DIRECTION('',(0.995133447,-0.098536373,-0.000073655));
#9893=VECTOR('',#9892,2.9);
#9894=LINE('',#9891,#9893);
#9895=EDGE_CURVE('',#9882,#9890,#9894,.T.);
#9896=ORIENTED_EDGE('',*,*,#9895,.T.);
#9897=CARTESIAN_POINT('',(93.65984778,87.133118177,39.404161846));
#9898=VERTEX_POINT('',#9897);
#9899=CARTESIAN_POINT('',(92.464375795,89.775247375,39.404334721));
#9900=DIRECTION('',(0.412231719,-0.911079034,-0.000059612));
#9901=VECTOR('',#9900,2.9);
#9902=LINE('',#9899,#9901);
#9903=EDGE_CURVE('',#9890,#9898,#9902,.T.);
#9904=ORIENTED_EDGE('',*,*,#9903,.T.);
#9905=CARTESIAN_POINT('',(91.969432769,84.776744461,39.404202569));
#9906=VERTEX_POINT('',#9905);
#9907=CARTESIAN_POINT('',(93.65984778,87.133118177,39.404161846));
#9908=DIRECTION('',(-0.582901728,-0.812542661,0.000014042));
#9909=VECTOR('',#9908,2.9);
#9910=LINE('',#9907,#9909);
#9911=EDGE_CURVE('',#9898,#9906,#9910,.T.);
#9912=ORIENTED_EDGE('',*,*,#9911,.T.);
#9913=CARTESIAN_POINT('',(91.969432769,84.776744461,39.404202569));
#9914=DIRECTION('',(-0.995133447,0.098536373,0.000073655));
#9915=VECTOR('',#9914,2.9);
#9916=LINE('',#9913,#9915);
#9917=EDGE_CURVE('',#9906,#9872,#9916,.T.);
#9918=ORIENTED_EDGE('',*,*,#9917,.T.);
#9919=EDGE_LOOP('',(#9880,#9888,#9896,#9904,#9912,#9918));
#9920=FACE_BOUND('',#9919,.T.);
#9921=CARTESIAN_POINT('',(87.90061029,156.708883714,39.406895611));
#9922=VERTEX_POINT('',#9921);
#9923=CARTESIAN_POINT('',(88.99750756,159.393435144,39.406907826));
#9924=VERTEX_POINT('',#9923);
#9925=CARTESIAN_POINT('',(87.90061029,156.708883714,39.406895611));
#9926=DIRECTION('',(0.378240438,0.92570739,0.000004212));
#9927=VECTOR('',#9926,2.9);
#9928=LINE('',#9925,#9927);
#9929=EDGE_CURVE('',#9922,#9924,#9928,.T.);
#9930=ORIENTED_EDGE('',*,*,#9929,.T.);
#9931=CARTESIAN_POINT('',(91.870845924,159.785769961,39.406717789));
#9932=VERTEX_POINT('',#9931);
#9933=CARTESIAN_POINT('',(88.99750756,159.393435144,39.406907826));
#9934=DIRECTION('',(0.990806332,0.135287868,-0.00006553));
#9935=VECTOR('',#9934,2.9);
#9936=LINE('',#9933,#9935);
#9937=EDGE_CURVE('',#9924,#9932,#9936,.T.);
#9938=ORIENTED_EDGE('',*,*,#9937,.T.);
#9939=CARTESIAN_POINT('',(93.647287019,157.493553349,39.406515538));
#9940=VERTEX_POINT('',#9939);
#9941=CARTESIAN_POINT('',(91.870845924,159.785769961,39.406717789));
#9942=DIRECTION('',(0.612565895,-0.790419521,-0.000069742));
#9943=VECTOR('',#9942,2.9);
#9944=LINE('',#9941,#9943);
#9945=EDGE_CURVE('',#9932,#9940,#9944,.T.);
#9946=ORIENTED_EDGE('',*,*,#9945,.T.);
#9947=CARTESIAN_POINT('',(92.550389749,154.809001919,39.406503323));
#9948=VERTEX_POINT('',#9947);
#9949=CARTESIAN_POINT('',(93.647287019,157.493553349,39.406515538));
#9950=DIRECTION('',(-0.378240438,-0.92570739,-0.000004212));
#9951=VECTOR('',#9950,2.9);
#9952=LINE('',#9949,#9951);
#9953=EDGE_CURVE('',#9940,#9948,#9952,.T.);
#9954=ORIENTED_EDGE('',*,*,#9953,.T.);
#9955=CARTESIAN_POINT('',(89.677051385,154.416667102,39.40669336));
#9956=VERTEX_POINT('',#9955);
#9957=CARTESIAN_POINT('',(92.550389749,154.809001919,39.406503323));
#9958=DIRECTION('',(-0.990806332,-0.135287868,0.00006553));
#9959=VECTOR('',#9958,2.9);
#9960=LINE('',#9957,#9959);
#9961=EDGE_CURVE('',#9948,#9956,#9960,.T.);
#9962=ORIENTED_EDGE('',*,*,#9961,.T.);
#9963=CARTESIAN_POINT('',(89.677051385,154.416667102,39.40669336));
#9964=DIRECTION('',(-0.612565895,0.790419521,0.000069742));
#9965=VECTOR('',#9964,2.9);
#9966=LINE('',#9963,#9965);
#9967=EDGE_CURVE('',#9956,#9922,#9966,.T.);
#9968=ORIENTED_EDGE('',*,*,#9967,.T.);
#9969=EDGE_LOOP('',(#9930,#9938,#9946,#9954,#9962,#9968));
#9970=FACE_BOUND('',#9969,.T.);
#9971=ORIENTED_EDGE('',*,*,#8229,.T.);
#9972=CARTESIAN_POINT('',(90.194157725,82.255359557,39.404243774));
#9973=DIRECTION('',(0.000070704,-0.000033439,0.999999997));
#9974=DIRECTION('',(-0.999999998,-0.000000176,0.000070704));
#9975=AXIS2_PLACEMENT_3D('',#9972,#9973,#9974);
#9976=CIRCLE('',#9975,1.);
#9977=EDGE_CURVE('',#8215,#7830,#9976,.T.);
#9978=ORIENTED_EDGE('',*,*,#9977,.T.);
#9979=ORIENTED_EDGE('',*,*,#7835,.T.);
#9980=ORIENTED_EDGE('',*,*,#7812,.T.);
#9981=CARTESIAN_POINT('',(116.810483137,75.591003184,39.402139051));
#9982=DIRECTION('',(-0.707106902,0.707106656,0.00007364));
#9983=VECTOR('',#9982,19.330952401);
#9984=LINE('',#9981,#9983);
#9985=EDGE_CURVE('',#9818,#7799,#9984,.T.);
#9986=ORIENTED_EDGE('',*,*,#9985,.F.);
#9987=ORIENTED_EDGE('',*,*,#9823,.F.);
#9988=CARTESIAN_POINT('',(107.384073939,89.260049043,39.403262616));
#9989=DIRECTION('',(0.707106902,-0.707106656,-0.00007364));
#9990=VECTOR('',#9989,16.330952401);
#9991=LINE('',#9988,#9990);
#9992=EDGE_CURVE('',#1208,#9810,#9991,.T.);
#9993=ORIENTED_EDGE('',*,*,#9992,.F.);
#9994=ORIENTED_EDGE('',*,*,#1215,.T.);
#9995=ORIENTED_EDGE('',*,*,#1851,.T.);
#9996=ORIENTED_EDGE('',*,*,#9446,.T.);
#9997=ORIENTED_EDGE('',*,*,#1728,.T.);
#9998=ORIENTED_EDGE('',*,*,#1818,.T.);
#9999=ORIENTED_EDGE('',*,*,#1673,.T.);
#10000=ORIENTED_EDGE('',*,*,#1709,.T.);
#10001=ORIENTED_EDGE('',*,*,#1782,.T.);
#10002=CARTESIAN_POINT('',(118.18944787,137.360050922,39.404107067));
#10003=DIRECTION('',(-0.999999998,-0.000000176,0.000070704));
#10004=VECTOR('',#10003,2.4);
#10005=LINE('',#10002,#10004);
#10006=EDGE_CURVE('',#1862,#1771,#10005,.T.);
#10007=ORIENTED_EDGE('',*,*,#10006,.F.);
#10008=ORIENTED_EDGE('',*,*,#1867,.T.);
#10009=ORIENTED_EDGE('',*,*,#1271,.T.);
#10010=ORIENTED_EDGE('',*,*,#5446,.T.);
#10011=ORIENTED_EDGE('',*,*,#9581,.T.);
#10012=ORIENTED_EDGE('',*,*,#9653,.F.);
#10013=ORIENTED_EDGE('',*,*,#8290,.T.);
#10014=ORIENTED_EDGE('',*,*,#8260,.T.);
#10015=CARTESIAN_POINT('',(90.194143798,162.264732427,39.406919233));
#10016=DIRECTION('',(0.000070704,-0.000033439,0.999999997));
#10017=DIRECTION('',(-0.999999998,-0.000000176,0.000070704));
#10018=AXIS2_PLACEMENT_3D('',#10015,#10016,#10017);
#10019=CIRCLE('',#10018,1.);
#10020=EDGE_CURVE('',#8247,#8223,#10019,.T.);
#10021=ORIENTED_EDGE('',*,*,#10020,.T.);
#10022=EDGE_LOOP('',(#9971,#9978,#9979,#9980,#9986,#9987,#9993,#9994,#9995,#9996,#9997,#9998,#9999,#10000,#10001,#10007,#10008,#10009,#10010,#10011,#10012,#10013,#10014,#10021));
#10023=FACE_BOUND('',#10022,.T.);
#10024=ADVANCED_FACE('',(#9920,#9970,#10023),#9870,.F.);
#10025=CARTESIAN_POINT('',(106.102873514,90.539855322,2.003059129));
#10026=DIRECTION('',(-0.707106656,-0.707106906,0.00002635));
#10027=DIRECTION('',(-0.000070704,0.000033439,-0.999999997));
#10028=AXIS2_PLACEMENT_3D('',#10025,#10026,#10027);
#10029=PLANE('',#10028);
#10030=ORIENTED_EDGE('',*,*,#2571,.F.);
#10031=CARTESIAN_POINT('',(107.381599311,89.261219418,4.403262723));
#10032=DIRECTION('',(0.707106902,-0.707106656,-0.00007364));
#10033=VECTOR('',#10032,44.056017352);
#10034=LINE('',#10031,#10033);
#10035=EDGE_CURVE('',#1218,#2560,#10034,.T.);
#10036=ORIENTED_EDGE('',*,*,#10035,.F.);
#10037=ORIENTED_EDGE('',*,*,#1223,.F.);
#10038=ORIENTED_EDGE('',*,*,#9992,.T.);
#10039=ORIENTED_EDGE('',*,*,#9815,.F.);
#10040=ORIENTED_EDGE('',*,*,#9852,.F.);
#10041=ORIENTED_EDGE('',*,*,#9782,.F.);
#10042=ORIENTED_EDGE('',*,*,#1182,.T.);
#10043=EDGE_LOOP('',(#10030,#10036,#10037,#10038,#10039,#10040,#10041,#10042));
#10044=FACE_BOUND('',#10043,.T.);
#10045=ORIENTED_EDGE('',*,*,#9708,.F.);
#10046=ORIENTED_EDGE('',*,*,#9715,.F.);
#10047=EDGE_LOOP('',(#10045,#10046));
#10048=FACE_BOUND('',#10047,.T.);
#10049=ORIENTED_EDGE('',*,*,#9759,.F.);
#10050=ORIENTED_EDGE('',*,*,#9766,.F.);
#10051=EDGE_LOOP('',(#10049,#10050));
#10052=FACE_BOUND('',#10051,.T.);
#10053=ADVANCED_FACE('',(#10044,#10048,#10052),#10029,.F.);
#10054=CARTESIAN_POINT('',(135.260957709,57.139141344,1.999880648));
#10055=DIRECTION('',(0.707106656,0.707106906,-0.00002635));
#10056=DIRECTION('',(0.000070704,-0.000033439,0.999999997));
#10057=AXIS2_PLACEMENT_3D('',#10054,#10055,#10056);
#10058=PLANE('',#10057);
#10059=ORIENTED_EDGE('',*,*,#9691,.T.);
#10060=ORIENTED_EDGE('',*,*,#9698,.T.);
#10061=EDGE_LOOP('',(#10059,#10060));
#10062=FACE_BOUND('',#10061,.T.);
#10063=ORIENTED_EDGE('',*,*,#9742,.T.);
#10064=ORIENTED_EDGE('',*,*,#9749,.T.);
#10065=EDGE_LOOP('',(#10063,#10064));
#10066=FACE_BOUND('',#10065,.T.);
#10067=ORIENTED_EDGE('',*,*,#519,.T.);
#10068=ORIENTED_EDGE('',*,*,#1196,.T.);
#10069=ORIENTED_EDGE('',*,*,#9796,.T.);
#10070=ORIENTED_EDGE('',*,*,#9860,.T.);
#10071=ORIENTED_EDGE('',*,*,#9831,.T.);
#10072=ORIENTED_EDGE('',*,*,#9985,.T.);
#10073=ORIENTED_EDGE('',*,*,#7804,.T.);
#10074=ORIENTED_EDGE('',*,*,#2721,.F.);
#10075=EDGE_LOOP('',(#10067,#10068,#10069,#10070,#10071,#10072,#10073,#10074));
#10076=FACE_BOUND('',#10075,.T.);
#10077=ADVANCED_FACE('',(#10062,#10066,#10076),#10058,.F.);
#10078=CARTESIAN_POINT('',(209.440012167,69.934855774,18.745400602));
#10079=DIRECTION('',(0.707106902,-0.707106656,-0.00007364));
#10080=DIRECTION('',(-0.707106656,-0.707106906,0.00002635));
#10081=AXIS2_PLACEMENT_3D('',#10078,#10079,#10080);
#10082=CYLINDRICAL_SURFACE('',#10081,1.8);
#10083=CARTESIAN_POINT('',(211.349195293,65.480089346,18.745116651));
#10084=DIRECTION('',(-0.707106902,0.707106656,0.00007364));
#10085=VECTOR('',#10084,3.);
#10086=LINE('',#10083,#10085);
#10087=EDGE_CURVE('',#740,#634,#10086,.T.);
#10088=ORIENTED_EDGE('',*,*,#10087,.F.);
#10089=ORIENTED_EDGE('',*,*,#746,.F.);
#10090=ORIENTED_EDGE('',*,*,#753,.F.);
#10091=ORIENTED_EDGE('',*,*,#10087,.T.);
#10092=ORIENTED_EDGE('',*,*,#642,.T.);
#10093=ORIENTED_EDGE('',*,*,#649,.T.);
#10094=EDGE_LOOP('',(#10088,#10089,#10090,#10091,#10092,#10093));
#10095=FACE_BOUND('',#10094,.T.);
#10096=ADVANCED_FACE('',(#10095),#10082,.F.);
#10097=CARTESIAN_POINT('',(221.460825325,81.955673169,18.744952654));
#10098=DIRECTION('',(0.707106902,-0.707106656,-0.00007364));
#10099=DIRECTION('',(-0.707106656,-0.707106906,0.00002635));
#10100=AXIS2_PLACEMENT_3D('',#10097,#10098,#10099);
#10101=CYLINDRICAL_SURFACE('',#10100,1.8);
#10102=CARTESIAN_POINT('',(223.370008451,77.50090674,18.744668704));
#10103=DIRECTION('',(-0.707106902,0.707106656,0.00007364));
#10104=VECTOR('',#10103,3.);
#10105=LINE('',#10102,#10104);
#10106=EDGE_CURVE('',#720,#614,#10105,.T.);
#10107=ORIENTED_EDGE('',*,*,#10106,.F.);
#10108=ORIENTED_EDGE('',*,*,#726,.F.);
#10109=ORIENTED_EDGE('',*,*,#733,.F.);
#10110=ORIENTED_EDGE('',*,*,#10106,.T.);
#10111=ORIENTED_EDGE('',*,*,#622,.T.);
#10112=ORIENTED_EDGE('',*,*,#629,.T.);
#10113=EDGE_LOOP('',(#10107,#10108,#10109,#10110,#10111,#10112));
#10114=FACE_BOUND('',#10113,.T.);
#10115=ADVANCED_FACE('',(#10114),#10101,.F.);
#10116=CARTESIAN_POINT('',(216.473254429,80.580051915,39.395259357));
#10117=DIRECTION('',(-0.707106656,-0.707106906,0.00002635));
#10118=DIRECTION('',(-0.707106902,0.707106656,0.00007364));
#10119=AXIS2_PLACEMENT_3D('',#10116,#10117,#10118);
#10120=PLANE('',#10119);
#10121=ORIENTED_EDGE('',*,*,#684,.T.);
#10122=CARTESIAN_POINT('',(221.460820479,75.591718095,18.744739848));
#10123=DIRECTION('',(-0.707106902,0.707106656,0.00007364));
#10124=VECTOR('',#10123,3.);
#10125=LINE('',#10122,#10124);
#10126=EDGE_CURVE('',#799,#670,#10125,.T.);
#10127=ORIENTED_EDGE('',*,*,#10126,.F.);
#10128=ORIENTED_EDGE('',*,*,#804,.F.);
#10129=ORIENTED_EDGE('',*,*,#5025,.F.);
#10130=EDGE_LOOP('',(#10121,#10127,#10128,#10129));
#10131=FACE_BOUND('',#10130,.T.);
#10132=ADVANCED_FACE('',(#10131),#10120,.T.);
#10133=CARTESIAN_POINT('',(210.814941147,74.923887193,18.745470219));
#10134=DIRECTION('',(0.707106656,0.707106906,-0.00002635));
#10135=DIRECTION('',(0.707106902,-0.707106656,-0.00007364));
#10136=AXIS2_PLACEMENT_3D('',#10133,#10134,#10135);
#10137=PLANE('',#10136);
#10138=ORIENTED_EDGE('',*,*,#667,.T.);
#10139=ORIENTED_EDGE('',*,*,#120,.T.);
#10140=ORIENTED_EDGE('',*,*,#763,.F.);
#10141=CARTESIAN_POINT('',(213.682646521,72.056182819,18.745171568));
#10142=DIRECTION('',(0.707106902,-0.707106656,-0.00007364));
#10143=VECTOR('',#10142,3.);
#10144=LINE('',#10141,#10143);
#10145=EDGE_CURVE('',#662,#758,#10144,.T.);
#10146=ORIENTED_EDGE('',*,*,#10145,.F.);
#10147=EDGE_LOOP('',(#10138,#10139,#10140,#10146));
#10148=FACE_BOUND('',#10147,.T.);
#10149=ADVANCED_FACE('',(#10148),#10137,.T.);
#10150=CARTESIAN_POINT('',(169.136376663,122.260059919,39.399999999));
#10151=DIRECTION('',(0.000070704,-0.000033439,0.999999997));
#10152=DIRECTION('',(-0.707106902,0.707106656,0.00007364));
#10153=AXIS2_PLACEMENT_3D('',#10150,#10151,#10152);
#10154=PLANE('',#10153);
#10155=ORIENTED_EDGE('',*,*,#4269,.T.);
#10156=CARTESIAN_POINT('',(209.141049281,201.202293032,39.399811295));
#10157=DIRECTION('',(0.000070704,-0.000033439,0.999999997));
#10158=DIRECTION('',(0.999999998,0.000000176,-0.000070704));
#10159=AXIS2_PLACEMENT_3D('',#10156,#10157,#10158);
#10160=CIRCLE('',#10159,1.);
#10161=EDGE_CURVE('',#4256,#8721,#10160,.T.);
#10162=ORIENTED_EDGE('',*,*,#10161,.T.);
#10163=ORIENTED_EDGE('',*,*,#8729,.T.);
#10164=CARTESIAN_POINT('',(128.131676567,201.20227874,39.405538955));
#10165=VERTEX_POINT('',#10164);
#10166=CARTESIAN_POINT('',(129.131676565,201.202278916,39.405468251));
#10167=DIRECTION('',(0.000070704,-0.000033439,0.999999997));
#10168=DIRECTION('',(0.999999998,0.000000176,-0.000070704));
#10169=AXIS2_PLACEMENT_3D('',#10166,#10167,#10168);
#10170=CIRCLE('',#10169,1.);
#10171=EDGE_CURVE('',#8723,#10165,#10170,.T.);
#10172=ORIENTED_EDGE('',*,*,#10171,.T.);
#10173=CARTESIAN_POINT('',(129.131676565,201.202278916,39.405468251));
#10174=DIRECTION('',(0.000070704,-0.000033439,0.999999997));
#10175=DIRECTION('',(0.999999998,0.000000176,-0.000070704));
#10176=AXIS2_PLACEMENT_3D('',#10173,#10174,#10175);
#10177=CIRCLE('',#10176,1.);
#10178=EDGE_CURVE('',#10165,#4286,#10177,.T.);
#10179=ORIENTED_EDGE('',*,*,#10178,.T.);
#10180=ORIENTED_EDGE('',*,*,#4293,.T.);
#10181=ORIENTED_EDGE('',*,*,#8312,.T.);
#10182=ORIENTED_EDGE('',*,*,#9662,.F.);
#10183=ORIENTED_EDGE('',*,*,#9598,.F.);
#10184=ORIENTED_EDGE('',*,*,#5415,.T.);
#10185=ORIENTED_EDGE('',*,*,#4340,.T.);
#10186=ORIENTED_EDGE('',*,*,#4774,.T.);
#10187=ORIENTED_EDGE('',*,*,#4805,.T.);
#10188=ORIENTED_EDGE('',*,*,#5344,.T.);
#10189=ORIENTED_EDGE('',*,*,#4934,.T.);
#10190=ORIENTED_EDGE('',*,*,#5314,.F.);
#10191=ORIENTED_EDGE('',*,*,#4830,.T.);
#10192=EDGE_LOOP('',(#10155,#10162,#10163,#10172,#10179,#10180,#10181,#10182,#10183,#10184,#10185,#10186,#10187,#10188,#10189,#10190,#10191));
#10193=FACE_BOUND('',#10192,.T.);
#10194=CARTESIAN_POINT('',(203.585200583,203.495826532,39.400280808));
#10195=VERTEX_POINT('',#10194);
#10196=CARTESIAN_POINT('',(206.269752005,202.398929266,39.400054321));
#10197=VERTEX_POINT('',#10196);
#10198=CARTESIAN_POINT('',(203.585200583,203.495826532,39.400280808));
#10199=DIRECTION('',(0.925707387,-0.378240436,-0.000078099));
#10200=VECTOR('',#10199,2.9);
#10201=LINE('',#10198,#10200);
#10202=EDGE_CURVE('',#10195,#10197,#10201,.T.);
#10203=ORIENTED_EDGE('',*,*,#10202,.T.);
#10204=CARTESIAN_POINT('',(206.662086815,199.525590897,39.399930499));
#10205=VERTEX_POINT('',#10204);
#10206=CARTESIAN_POINT('',(206.269752005,202.398929266,39.400054321));
#10207=DIRECTION('',(0.135287866,-0.990806334,-0.000042697));
#10208=VECTOR('',#10207,2.9);
#10209=LINE('',#10206,#10208);
#10210=EDGE_CURVE('',#10197,#10205,#10209,.T.);
#10211=ORIENTED_EDGE('',*,*,#10210,.T.);
#10212=CARTESIAN_POINT('',(204.369870203,197.749149794,39.400033164));
#10213=VERTEX_POINT('',#10212);
#10214=CARTESIAN_POINT('',(206.662086815,199.525590897,39.399930499));
#10215=DIRECTION('',(-0.790419521,-0.612565898,0.000035402));
#10216=VECTOR('',#10215,2.9);
#10217=LINE('',#10214,#10216);
#10218=EDGE_CURVE('',#10205,#10213,#10217,.T.);
#10219=ORIENTED_EDGE('',*,*,#10218,.T.);
#10220=CARTESIAN_POINT('',(201.685318781,198.84604706,39.400259651));
#10221=VERTEX_POINT('',#10220);
#10222=CARTESIAN_POINT('',(204.369870203,197.749149794,39.400033164));
#10223=DIRECTION('',(-0.925707387,0.378240436,0.000078099));
#10224=VECTOR('',#10223,2.9);
#10225=LINE('',#10222,#10224);
#10226=EDGE_CURVE('',#10213,#10221,#10225,.T.);
#10227=ORIENTED_EDGE('',*,*,#10226,.T.);
#10228=CARTESIAN_POINT('',(201.292983971,201.719385429,39.400383473));
#10229=VERTEX_POINT('',#10228);
#10230=CARTESIAN_POINT('',(201.685318781,198.84604706,39.400259651));
#10231=DIRECTION('',(-0.135287866,0.990806334,0.000042697));
#10232=VECTOR('',#10231,2.9);
#10233=LINE('',#10230,#10232);
#10234=EDGE_CURVE('',#10221,#10229,#10233,.T.);
#10235=ORIENTED_EDGE('',*,*,#10234,.T.);
#10236=CARTESIAN_POINT('',(201.292983971,201.719385429,39.400383473));
#10237=DIRECTION('',(0.790419521,0.612565898,-0.000035402));
#10238=VECTOR('',#10237,2.9);
#10239=LINE('',#10236,#10238);
#10240=EDGE_CURVE('',#10229,#10195,#10239,.T.);
#10241=ORIENTED_EDGE('',*,*,#10240,.T.);
#10242=EDGE_LOOP('',(#10203,#10211,#10219,#10227,#10235,#10241));
#10243=FACE_BOUND('',#10242,.T.);
#10244=CARTESIAN_POINT('',(131.938816949,202.312890879,39.405306914));
#10245=VERTEX_POINT('',#10244);
#10246=CARTESIAN_POINT('',(134.580946145,203.508362873,39.405160082));
#10247=VERTEX_POINT('',#10246);
#10248=CARTESIAN_POINT('',(131.938816949,202.312890879,39.405306914));
#10249=DIRECTION('',(0.911079033,0.412231722,-0.000050632));
#10250=VECTOR('',#10249,2.9);
#10251=LINE('',#10248,#10250);
#10252=EDGE_CURVE('',#10245,#10247,#10251,.T.);
#10253=ORIENTED_EDGE('',*,*,#10252,.T.);
#10254=CARTESIAN_POINT('',(136.937319852,201.817947864,39.404936951));
#10255=VERTEX_POINT('',#10254);
#10256=CARTESIAN_POINT('',(134.580946145,203.508362873,39.405160082));
#10257=DIRECTION('',(0.812542658,-0.582901727,-0.000076942));
#10258=VECTOR('',#10257,2.9);
#10259=LINE('',#10256,#10258);
#10260=EDGE_CURVE('',#10247,#10255,#10259,.T.);
#10261=ORIENTED_EDGE('',*,*,#10260,.T.);
#10262=CARTESIAN_POINT('',(136.651564363,198.932060861,39.404860653));
#10263=VERTEX_POINT('',#10262);
#10264=CARTESIAN_POINT('',(136.937319852,201.817947864,39.404936951));
#10265=DIRECTION('',(-0.098536376,-0.995133449,-0.00002631));
#10266=VECTOR('',#10265,2.9);
#10267=LINE('',#10264,#10266);
#10268=EDGE_CURVE('',#10255,#10263,#10267,.T.);
#10269=ORIENTED_EDGE('',*,*,#10268,.T.);
#10270=CARTESIAN_POINT('',(134.009435167,197.736588867,39.405007485));
#10271=VERTEX_POINT('',#10270);
#10272=CARTESIAN_POINT('',(136.651564363,198.932060861,39.404860653));
#10273=DIRECTION('',(-0.911079033,-0.412231722,0.000050632));
#10274=VECTOR('',#10273,2.9);
#10275=LINE('',#10272,#10274);
#10276=EDGE_CURVE('',#10263,#10271,#10275,.T.);
#10277=ORIENTED_EDGE('',*,*,#10276,.T.);
#10278=CARTESIAN_POINT('',(131.65306146,199.427003876,39.405230616));
#10279=VERTEX_POINT('',#10278);
#10280=CARTESIAN_POINT('',(134.009435167,197.736588867,39.405007485));
#10281=DIRECTION('',(-0.812542658,0.582901727,0.000076942));
#10282=VECTOR('',#10281,2.9);
#10283=LINE('',#10280,#10282);
#10284=EDGE_CURVE('',#10271,#10279,#10283,.T.);
#10285=ORIENTED_EDGE('',*,*,#10284,.T.);
#10286=CARTESIAN_POINT('',(131.65306146,199.427003876,39.405230616));
#10287=DIRECTION('',(0.098536376,0.995133449,0.00002631));
#10288=VECTOR('',#10287,2.9);
#10289=LINE('',#10286,#10288);
#10290=EDGE_CURVE('',#10279,#10245,#10289,.T.);
#10291=ORIENTED_EDGE('',*,*,#10290,.T.);
#10292=EDGE_LOOP('',(#10253,#10261,#10269,#10277,#10285,#10291));
#10293=FACE_BOUND('',#10292,.T.);
#10294=ADVANCED_FACE('',(#10193,#10243,#10293),#10154,.T.);
#10295=CARTESIAN_POINT('',(169.133902035,122.261230296,4.400000106));
#10296=DIRECTION('',(0.000070704,-0.000033439,0.999999997));
#10297=DIRECTION('',(-0.707106656,-0.707106906,0.00002635));
#10298=AXIS2_PLACEMENT_3D('',#10295,#10296,#10297);
#10299=PLANE('',#10298);
#10300=ORIENTED_EDGE('',*,*,#1811,.F.);
#10301=ORIENTED_EDGE('',*,*,#1791,.F.);
#10302=ORIENTED_EDGE('',*,*,#1695,.F.);
#10303=ORIENTED_EDGE('',*,*,#1656,.F.);
#10304=EDGE_LOOP('',(#10300,#10301,#10302,#10303));
#10305=FACE_BOUND('',#10304,.T.);
#10306=ADVANCED_FACE('',(#10305),#10299,.T.);
#10307=CARTESIAN_POINT('',(215.450418746,75.945264472,18.745176628));
#10308=DIRECTION('',(0.707106902,-0.707106656,-0.00007364));
#10309=DIRECTION('',(-0.707106656,-0.707106906,0.00002635));
#10310=AXIS2_PLACEMENT_3D('',#10307,#10308,#10309);
#10311=CYLINDRICAL_SURFACE('',#10310,4.);
#10312=ORIENTED_EDGE('',*,*,#676,.T.);
#10313=ORIENTED_EDGE('',*,*,#10145,.T.);
#10314=ORIENTED_EDGE('',*,*,#811,.F.);
#10315=ORIENTED_EDGE('',*,*,#10126,.T.);
#10316=EDGE_LOOP('',(#10312,#10313,#10314,#10315));
#10317=FACE_BOUND('',#10316,.T.);
#10318=ADVANCED_FACE('',(#10317),#10311,.F.);
#10319=CARTESIAN_POINT('',(169.133902035,122.261230296,4.400000106));
#10320=DIRECTION('',(0.000070704,-0.000033439,0.999999997));
#10321=DIRECTION('',(-0.707106656,-0.707106906,0.00002635));
#10322=AXIS2_PLACEMENT_3D('',#10319,#10320,#10321);
#10323=PLANE('',#10322);
#10324=ORIENTED_EDGE('',*,*,#2478,.F.);
#10325=ORIENTED_EDGE('',*,*,#2458,.F.);
#10326=ORIENTED_EDGE('',*,*,#2386,.F.);
#10327=ORIENTED_EDGE('',*,*,#2347,.F.);
#10328=EDGE_LOOP('',(#10324,#10325,#10326,#10327));
#10329=FACE_BOUND('',#10328,.T.);
#10330=ADVANCED_FACE('',(#10329),#10323,.T.);
#10331=CARTESIAN_POINT('',(169.133902035,122.261230296,4.400000106));
#10332=DIRECTION('',(0.000070704,-0.000033439,0.999999997));
#10333=DIRECTION('',(-0.707106656,-0.707106906,0.00002635));
#10334=AXIS2_PLACEMENT_3D('',#10331,#10332,#10333);
#10335=PLANE('',#10334);
#10336=ORIENTED_EDGE('',*,*,#901,.F.);
#10337=ORIENTED_EDGE('',*,*,#908,.F.);
#10338=EDGE_LOOP('',(#10336,#10337));
#10339=FACE_BOUND('',#10338,.T.);
#10340=ORIENTED_EDGE('',*,*,#581,.F.);
#10341=ORIENTED_EDGE('',*,*,#550,.F.);
#10342=ORIENTED_EDGE('',*,*,#221,.F.);
#10343=ORIENTED_EDGE('',*,*,#174,.F.);
#10344=ORIENTED_EDGE('',*,*,#261,.F.);
#10345=ORIENTED_EDGE('',*,*,#603,.F.);
#10346=EDGE_LOOP('',(#10340,#10341,#10342,#10343,#10344,#10345));
#10347=FACE_BOUND('',#10346,.T.);
#10348=ADVANCED_FACE('',(#10339,#10347),#10335,.T.);
#10349=CARTESIAN_POINT('',(169.133902035,122.261230296,4.400000106));
#10350=DIRECTION('',(0.000070704,-0.000033439,0.999999997));
#10351=DIRECTION('',(-0.707106656,-0.707106906,0.00002635));
#10352=AXIS2_PLACEMENT_3D('',#10349,#10350,#10351);
#10353=PLANE('',#10352);
#10354=ORIENTED_EDGE('',*,*,#7787,.T.);
#10355=ORIENTED_EDGE('',*,*,#7715,.T.);
#10356=ORIENTED_EDGE('',*,*,#7745,.T.);
#10357=ORIENTED_EDGE('',*,*,#7769,.T.);
#10358=EDGE_LOOP('',(#10354,#10355,#10356,#10357));
#10359=FACE_BOUND('',#10358,.T.);
#10360=ORIENTED_EDGE('',*,*,#7689,.T.);
#10361=ORIENTED_EDGE('',*,*,#7617,.T.);
#10362=ORIENTED_EDGE('',*,*,#7647,.T.);
#10363=ORIENTED_EDGE('',*,*,#7671,.T.);
#10364=EDGE_LOOP('',(#10360,#10361,#10362,#10363));
#10365=FACE_BOUND('',#10364,.T.);
#10366=ORIENTED_EDGE('',*,*,#7591,.T.);
#10367=ORIENTED_EDGE('',*,*,#7519,.T.);
#10368=ORIENTED_EDGE('',*,*,#7549,.T.);
#10369=ORIENTED_EDGE('',*,*,#7573,.T.);
#10370=EDGE_LOOP('',(#10366,#10367,#10368,#10369));
#10371=FACE_BOUND('',#10370,.T.);
#10372=CARTESIAN_POINT('',(169.133902035,122.261230295,4.400000106));
#10373=DIRECTION('',(-0.000070704,0.000033439,-0.999999997));
#10374=DIRECTION('',(0.707106656,0.707106906,-0.00002635));
#10375=AXIS2_PLACEMENT_3D('',#10372,#10373,#10374);
#10376=CIRCLE('',#10375,40.887301629);
#10377=EDGE_CURVE('',#7450,#7480,#10376,.T.);
#10378=ORIENTED_EDGE('',*,*,#10377,.T.);
#10379=ORIENTED_EDGE('',*,*,#7494,.T.);
#10380=ORIENTED_EDGE('',*,*,#7407,.T.);
#10381=ORIENTED_EDGE('',*,*,#7436,.T.);
#10382=CARTESIAN_POINT('',(169.133902035,122.261230295,4.400000106));
#10383=DIRECTION('',(0.000070704,-0.000033439,0.999999997));
#10384=DIRECTION('',(0.707106656,0.707106906,-0.00002635));
#10385=AXIS2_PLACEMENT_3D('',#10382,#10383,#10384);
#10386=CIRCLE('',#10385,37.887301629);
#10387=EDGE_CURVE('',#7424,#7458,#10386,.T.);
#10388=ORIENTED_EDGE('',*,*,#10387,.T.);
#10389=ORIENTED_EDGE('',*,*,#7463,.T.);
#10390=EDGE_LOOP('',(#10378,#10379,#10380,#10381,#10388,#10389));
#10391=FACE_BOUND('',#10390,.T.);
#10392=ORIENTED_EDGE('',*,*,#7381,.T.);
#10393=ORIENTED_EDGE('',*,*,#7309,.T.);
#10394=ORIENTED_EDGE('',*,*,#7339,.T.);
#10395=ORIENTED_EDGE('',*,*,#7363,.T.);
#10396=EDGE_LOOP('',(#10392,#10393,#10394,#10395));
#10397=FACE_BOUND('',#10396,.T.);
#10398=ORIENTED_EDGE('',*,*,#7283,.T.);
#10399=ORIENTED_EDGE('',*,*,#7211,.T.);
#10400=ORIENTED_EDGE('',*,*,#7241,.T.);
#10401=ORIENTED_EDGE('',*,*,#7265,.T.);
#10402=EDGE_LOOP('',(#10398,#10399,#10400,#10401));
#10403=FACE_BOUND('',#10402,.T.);
#10404=ORIENTED_EDGE('',*,*,#7185,.T.);
#10405=ORIENTED_EDGE('',*,*,#7113,.T.);
#10406=ORIENTED_EDGE('',*,*,#7143,.T.);
#10407=ORIENTED_EDGE('',*,*,#7167,.T.);
#10408=EDGE_LOOP('',(#10404,#10405,#10406,#10407));
#10409=FACE_BOUND('',#10408,.T.);
#10410=CARTESIAN_POINT('',(169.133902035,122.261230295,4.400000106));
#10411=DIRECTION('',(-0.000070704,0.000033439,-0.999999997));
#10412=DIRECTION('',(0.707106656,0.707106906,-0.00002635));
#10413=AXIS2_PLACEMENT_3D('',#10410,#10411,#10412);
#10414=CIRCLE('',#10413,34.887301629);
#10415=EDGE_CURVE('',#7044,#7074,#10414,.T.);
#10416=ORIENTED_EDGE('',*,*,#10415,.T.);
#10417=ORIENTED_EDGE('',*,*,#7088,.T.);
#10418=ORIENTED_EDGE('',*,*,#7001,.T.);
#10419=ORIENTED_EDGE('',*,*,#7030,.T.);
#10420=CARTESIAN_POINT('',(169.133902035,122.261230295,4.400000106));
#10421=DIRECTION('',(0.000070704,-0.000033439,0.999999997));
#10422=DIRECTION('',(0.707106656,0.707106906,-0.00002635));
#10423=AXIS2_PLACEMENT_3D('',#10420,#10421,#10422);
#10424=CIRCLE('',#10423,31.887301629);
#10425=EDGE_CURVE('',#7018,#7052,#10424,.T.);
#10426=ORIENTED_EDGE('',*,*,#10425,.T.);
#10427=ORIENTED_EDGE('',*,*,#7057,.T.);
#10428=EDGE_LOOP('',(#10416,#10417,#10418,#10419,#10426,#10427));
#10429=FACE_BOUND('',#10428,.T.);
#10430=ORIENTED_EDGE('',*,*,#6975,.T.);
#10431=ORIENTED_EDGE('',*,*,#6903,.T.);
#10432=ORIENTED_EDGE('',*,*,#6933,.T.);
#10433=ORIENTED_EDGE('',*,*,#6957,.T.);
#10434=EDGE_LOOP('',(#10430,#10431,#10432,#10433));
#10435=FACE_BOUND('',#10434,.T.);
#10436=ORIENTED_EDGE('',*,*,#6877,.T.);
#10437=ORIENTED_EDGE('',*,*,#6805,.T.);
#10438=ORIENTED_EDGE('',*,*,#6835,.T.);
#10439=ORIENTED_EDGE('',*,*,#6859,.T.);
#10440=EDGE_LOOP('',(#10436,#10437,#10438,#10439));
#10441=FACE_BOUND('',#10440,.T.);
#10442=ORIENTED_EDGE('',*,*,#6779,.T.);
#10443=ORIENTED_EDGE('',*,*,#6707,.T.);
#10444=ORIENTED_EDGE('',*,*,#6737,.T.);
#10445=ORIENTED_EDGE('',*,*,#6761,.T.);
#10446=EDGE_LOOP('',(#10442,#10443,#10444,#10445));
#10447=FACE_BOUND('',#10446,.T.);
#10448=CARTESIAN_POINT('',(169.133902035,122.261230295,4.400000106));
#10449=DIRECTION('',(-0.000070704,0.000033439,-0.999999997));
#10450=DIRECTION('',(0.707106656,0.707106906,-0.00002635));
#10451=AXIS2_PLACEMENT_3D('',#10448,#10449,#10450);
#10452=CIRCLE('',#10451,28.887301629);
#10453=EDGE_CURVE('',#6638,#6668,#10452,.T.);
#10454=ORIENTED_EDGE('',*,*,#10453,.T.);
#10455=ORIENTED_EDGE('',*,*,#6682,.T.);
#10456=ORIENTED_EDGE('',*,*,#6595,.T.);
#10457=ORIENTED_EDGE('',*,*,#6624,.T.);
#10458=CARTESIAN_POINT('',(169.133902035,122.261230295,4.400000106));
#10459=DIRECTION('',(0.000070704,-0.000033439,0.999999997));
#10460=DIRECTION('',(0.707106656,0.707106906,-0.00002635));
#10461=AXIS2_PLACEMENT_3D('',#10458,#10459,#10460);
#10462=CIRCLE('',#10461,25.887301629);
#10463=EDGE_CURVE('',#6612,#6646,#10462,.T.);
#10464=ORIENTED_EDGE('',*,*,#10463,.T.);
#10465=ORIENTED_EDGE('',*,*,#6651,.T.);
#10466=EDGE_LOOP('',(#10454,#10455,#10456,#10457,#10464,#10465));
#10467=FACE_BOUND('',#10466,.T.);
#10468=ORIENTED_EDGE('',*,*,#6569,.T.);
#10469=ORIENTED_EDGE('',*,*,#6497,.T.);
#10470=ORIENTED_EDGE('',*,*,#6527,.T.);
#10471=ORIENTED_EDGE('',*,*,#6551,.T.);
#10472=EDGE_LOOP('',(#10468,#10469,#10470,#10471));
#10473=FACE_BOUND('',#10472,.T.);
#10474=ORIENTED_EDGE('',*,*,#6471,.T.);
#10475=ORIENTED_EDGE('',*,*,#6399,.T.);
#10476=ORIENTED_EDGE('',*,*,#6429,.T.);
#10477=ORIENTED_EDGE('',*,*,#6453,.T.);
#10478=EDGE_LOOP('',(#10474,#10475,#10476,#10477));
#10479=FACE_BOUND('',#10478,.T.);
#10480=ORIENTED_EDGE('',*,*,#6373,.T.);
#10481=ORIENTED_EDGE('',*,*,#6301,.T.);
#10482=ORIENTED_EDGE('',*,*,#6331,.T.);
#10483=ORIENTED_EDGE('',*,*,#6355,.T.);
#10484=EDGE_LOOP('',(#10480,#10481,#10482,#10483));
#10485=FACE_BOUND('',#10484,.T.);
#10486=CARTESIAN_POINT('',(169.133902035,122.261230295,4.400000106));
#10487=DIRECTION('',(-0.000070704,0.000033439,-0.999999997));
#10488=DIRECTION('',(0.707106656,0.707106906,-0.00002635));
#10489=AXIS2_PLACEMENT_3D('',#10486,#10487,#10488);
#10490=CIRCLE('',#10489,22.887301629);
#10491=EDGE_CURVE('',#6232,#6262,#10490,.T.);
#10492=ORIENTED_EDGE('',*,*,#10491,.T.);
#10493=ORIENTED_EDGE('',*,*,#6276,.T.);
#10494=ORIENTED_EDGE('',*,*,#6189,.T.);
#10495=ORIENTED_EDGE('',*,*,#6218,.T.);
#10496=CARTESIAN_POINT('',(169.133902035,122.261230295,4.400000106));
#10497=DIRECTION('',(0.000070704,-0.000033439,0.999999997));
#10498=DIRECTION('',(0.707106656,0.707106906,-0.00002635));
#10499=AXIS2_PLACEMENT_3D('',#10496,#10497,#10498);
#10500=CIRCLE('',#10499,19.887301629);
#10501=EDGE_CURVE('',#6206,#6240,#10500,.T.);
#10502=ORIENTED_EDGE('',*,*,#10501,.T.);
#10503=ORIENTED_EDGE('',*,*,#6245,.T.);
#10504=EDGE_LOOP('',(#10492,#10493,#10494,#10495,#10502,#10503));
#10505=FACE_BOUND('',#10504,.T.);
#10506=ORIENTED_EDGE('',*,*,#6163,.T.);
#10507=ORIENTED_EDGE('',*,*,#6091,.T.);
#10508=ORIENTED_EDGE('',*,*,#6121,.T.);
#10509=ORIENTED_EDGE('',*,*,#6145,.T.);
#10510=EDGE_LOOP('',(#10506,#10507,#10508,#10509));
#10511=FACE_BOUND('',#10510,.T.);
#10512=ORIENTED_EDGE('',*,*,#6065,.T.);
#10513=ORIENTED_EDGE('',*,*,#5993,.T.);
#10514=ORIENTED_EDGE('',*,*,#6023,.T.);
#10515=ORIENTED_EDGE('',*,*,#6047,.T.);
#10516=EDGE_LOOP('',(#10512,#10513,#10514,#10515));
#10517=FACE_BOUND('',#10516,.T.);
#10518=ORIENTED_EDGE('',*,*,#5967,.T.);
#10519=ORIENTED_EDGE('',*,*,#5895,.T.);
#10520=ORIENTED_EDGE('',*,*,#5925,.T.);
#10521=ORIENTED_EDGE('',*,*,#5949,.T.);
#10522=EDGE_LOOP('',(#10518,#10519,#10520,#10521));
#10523=FACE_BOUND('',#10522,.T.);
#10524=CARTESIAN_POINT('',(169.133902035,122.261230295,4.400000106));
#10525=DIRECTION('',(-0.000070704,0.000033439,-0.999999997));
#10526=DIRECTION('',(0.707106656,0.707106906,-0.00002635));
#10527=AXIS2_PLACEMENT_3D('',#10524,#10525,#10526);
#10528=CIRCLE('',#10527,16.887301629);
#10529=EDGE_CURVE('',#5833,#5856,#10528,.T.);
#10530=ORIENTED_EDGE('',*,*,#10529,.T.);
#10531=ORIENTED_EDGE('',*,*,#5870,.T.);
#10532=ORIENTED_EDGE('',*,*,#5815,.T.);
#10533=ORIENTED_EDGE('',*,*,#5844,.T.);
#10534=EDGE_LOOP('',(#10530,#10531,#10532,#10533));
#10535=FACE_BOUND('',#10534,.T.);
#10536=ORIENTED_EDGE('',*,*,#5789,.T.);
#10537=ORIENTED_EDGE('',*,*,#5742,.T.);
#10538=ORIENTED_EDGE('',*,*,#5771,.T.);
#10539=EDGE_LOOP('',(#10536,#10537,#10538));
#10540=FACE_BOUND('',#10539,.T.);
#10541=ORIENTED_EDGE('',*,*,#5716,.T.);
#10542=ORIENTED_EDGE('',*,*,#5669,.T.);
#10543=ORIENTED_EDGE('',*,*,#5698,.T.);
#10544=EDGE_LOOP('',(#10541,#10542,#10543));
#10545=FACE_BOUND('',#10544,.T.);
#10546=ORIENTED_EDGE('',*,*,#5643,.T.);
#10547=ORIENTED_EDGE('',*,*,#5596,.T.);
#10548=ORIENTED_EDGE('',*,*,#5625,.T.);
#10549=EDGE_LOOP('',(#10546,#10547,#10548));
#10550=FACE_BOUND('',#10549,.T.);
#10551=ORIENTED_EDGE('',*,*,#5571,.T.);
#10552=EDGE_LOOP('',(#10551));
#10553=FACE_BOUND('',#10552,.T.);
#10554=ORIENTED_EDGE('',*,*,#5546,.T.);
#10555=EDGE_LOOP('',(#10554));
#10556=FACE_BOUND('',#10555,.T.);
#10557=CARTESIAN_POINT('',(169.133902035,122.261230295,4.400000106));
#10558=DIRECTION('',(-0.000070704,0.000033439,-0.999999997));
#10559=DIRECTION('',(0.707106656,0.707106906,-0.00002635));
#10560=AXIS2_PLACEMENT_3D('',#10557,#10558,#10559);
#10561=CIRCLE('',#10560,46.887301629);
#10562=EDGE_CURVE('',#4176,#4143,#10561,.T.);
#10563=ORIENTED_EDGE('',*,*,#10562,.T.);
#10564=ORIENTED_EDGE('',*,*,#4164,.T.);
#10565=ORIENTED_EDGE('',*,*,#4243,.T.);
#10566=ORIENTED_EDGE('',*,*,#4220,.T.);
#10567=CARTESIAN_POINT('',(169.133902035,122.261230295,4.400000106));
#10568=DIRECTION('',(0.000070704,-0.000033439,0.999999997));
#10569=DIRECTION('',(0.707106656,0.707106906,-0.00002635));
#10570=AXIS2_PLACEMENT_3D('',#10567,#10568,#10569);
#10571=CIRCLE('',#10570,43.887301629);
#10572=EDGE_CURVE('',#4206,#4184,#10571,.T.);
#10573=ORIENTED_EDGE('',*,*,#10572,.T.);
#10574=ORIENTED_EDGE('',*,*,#4189,.T.);
#10575=EDGE_LOOP('',(#10563,#10564,#10565,#10566,#10573,#10574));
#10576=FACE_BOUND('',#10575,.T.);
#10577=ORIENTED_EDGE('',*,*,#10035,.T.);
#10578=ORIENTED_EDGE('',*,*,#2565,.T.);
#10579=ORIENTED_EDGE('',*,*,#9343,.T.);
#10580=ORIENTED_EDGE('',*,*,#9208,.T.);
#10581=ORIENTED_EDGE('',*,*,#9184,.T.);
#10582=ORIENTED_EDGE('',*,*,#9160,.T.);
#10583=ORIENTED_EDGE('',*,*,#408,.F.);
#10584=ORIENTED_EDGE('',*,*,#706,.T.);
#10585=ORIENTED_EDGE('',*,*,#1953,.F.);
#10586=ORIENTED_EDGE('',*,*,#2525,.F.);
#10587=ORIENTED_EDGE('',*,*,#1931,.F.);
#10588=ORIENTED_EDGE('',*,*,#5351,.T.);
#10589=ORIENTED_EDGE('',*,*,#4791,.F.);
#10590=ORIENTED_EDGE('',*,*,#4759,.F.);
#10591=ORIENTED_EDGE('',*,*,#4324,.F.);
#10592=ORIENTED_EDGE('',*,*,#5406,.T.);
#10593=ORIENTED_EDGE('',*,*,#1255,.F.);
#10594=ORIENTED_EDGE('',*,*,#1858,.F.);
#10595=ORIENTED_EDGE('',*,*,#1231,.F.);
#10596=EDGE_LOOP('',(#10577,#10578,#10579,#10580,#10581,#10582,#10583,#10584,#10585,#10586,#10587,#10588,#10589,#10590,#10591,#10592,#10593,#10594,#10595));
#10597=FACE_BOUND('',#10596,.T.);
#10598=ADVANCED_FACE('',(#10359,#10365,#10371,#10391,#10397,#10403,#10409,#10429,#10435,#10441,#10447,#10467,#10473,#10479,#10485,#10505,#10511,#10517,#10523,#10535,#10540,#10545,#10550,#10553,#10556,#10576,
#10597),#10353,.T.);
#10599=CARTESIAN_POINT('',(155.134239922,212.261060578,9.403999481));
#10600=DIRECTION('',(-0.999999998,-0.000000176,0.000070704));
#10601=DIRECTION('',(-0.000070704,0.000033439,-0.999999997));
#10602=AXIS2_PLACEMENT_3D('',#10599,#10600,#10601);
#10603=PLANE('',#10602);
#10604=ORIENTED_EDGE('',*,*,#8421,.T.);
#10605=CARTESIAN_POINT('',(155.134240201,210.659307168,9.403945919));
#10606=DIRECTION('',(0.000000174,-0.999999999,-0.000033439));
#10607=VECTOR('',#10606,1.924204242);
#10608=LINE('',#10605,#10607);
#10609=EDGE_CURVE('',#8407,#4429,#10608,.T.);
#10610=ORIENTED_EDGE('',*,*,#10609,.T.);
#10611=ORIENTED_EDGE('',*,*,#4436,.T.);
#10612=CARTESIAN_POINT('',(155.136007793,210.658471186,34.403945843));
#10613=DIRECTION('',(0.000000174,-0.999999999,-0.000033439));
#10614=VECTOR('',#10613,1.924204242);
#10615=LINE('',#10612,#10614);
#10616=EDGE_CURVE('',#8416,#4431,#10615,.T.);
#10617=ORIENTED_EDGE('',*,*,#10616,.F.);
#10618=EDGE_LOOP('',(#10604,#10610,#10611,#10617));
#10619=FACE_BOUND('',#10618,.T.);
#10620=ADVANCED_FACE('',(#10619),#10603,.T.);
#10621=CARTESIAN_POINT('',(153.134241146,205.261060229,9.403906813));
#10622=DIRECTION('',(0.999999998,0.000000176,-0.000070704));
#10623=DIRECTION('',(0.000070704,-0.000033439,0.999999997));
#10624=AXIS2_PLACEMENT_3D('',#10621,#10622,#10623);
#10625=PLANE('',#10624);
#10626=ORIENTED_EDGE('',*,*,#8404,.T.);
#10627=CARTESIAN_POINT('',(153.136008193,208.386642955,34.404011282));
#10628=DIRECTION('',(-0.000000174,0.999999999,0.000033439));
#10629=VECTOR('',#10628,1.931800668);
#10630=LINE('',#10627,#10629);
#10631=EDGE_CURVE('',#4448,#8399,#10630,.T.);
#10632=ORIENTED_EDGE('',*,*,#10631,.F.);
#10633=ORIENTED_EDGE('',*,*,#4453,.T.);
#10634=CARTESIAN_POINT('',(153.134240601,208.387478938,9.404011358));
#10635=DIRECTION('',(-0.000000174,0.999999999,0.000033439));
#10636=VECTOR('',#10635,1.931800668);
#10637=LINE('',#10634,#10636);
#10638=EDGE_CURVE('',#4439,#8397,#10637,.T.);
#10639=ORIENTED_EDGE('',*,*,#10638,.T.);
#10640=EDGE_LOOP('',(#10626,#10632,#10633,#10639));
#10641=FACE_BOUND('',#10640,.T.);
#10642=ADVANCED_FACE('',(#10641),#10625,.T.);
#10643=CARTESIAN_POINT('',(155.134239922,212.261060578,9.403999481));
#10644=DIRECTION('',(-0.000070704,0.000033439,-0.999999997));
#10645=DIRECTION('',(0.000000174,-0.999999999,-0.000033439));
#10646=AXIS2_PLACEMENT_3D('',#10643,#10644,#10645);
#10647=PLANE('',#10646);
#10648=ORIENTED_EDGE('',*,*,#10638,.F.);
#10649=ORIENTED_EDGE('',*,*,#4445,.F.);
#10650=ORIENTED_EDGE('',*,*,#10609,.F.);
#10651=ORIENTED_EDGE('',*,*,#8413,.F.);
#10652=EDGE_LOOP('',(#10648,#10649,#10650,#10651));
#10653=FACE_BOUND('',#10652,.T.);
#10654=ADVANCED_FACE('',(#10653),#10647,.F.);
#10655=CARTESIAN_POINT('',(155.136007514,212.260224595,34.403999404));
#10656=DIRECTION('',(-0.000070704,0.000033439,-0.999999997));
#10657=DIRECTION('',(0.000000174,-0.999999999,-0.000033439));
#10658=AXIS2_PLACEMENT_3D('',#10655,#10656,#10657);
#10659=PLANE('',#10658);
#10660=ORIENTED_EDGE('',*,*,#8428,.T.);
#10661=ORIENTED_EDGE('',*,*,#10616,.T.);
#10662=ORIENTED_EDGE('',*,*,#4460,.T.);
#10663=ORIENTED_EDGE('',*,*,#10631,.T.);
#10664=EDGE_LOOP('',(#10660,#10661,#10662,#10663));
#10665=FACE_BOUND('',#10664,.T.);
#10666=ADVANCED_FACE('',(#10665),#10659,.T.);
#10667=CARTESIAN_POINT('',(150.134239935,212.261059695,9.404352999));
#10668=DIRECTION('',(-0.999999998,-0.000000176,0.000070704));
#10669=DIRECTION('',(-0.000070704,0.000033439,-0.999999997));
#10670=AXIS2_PLACEMENT_3D('',#10667,#10668,#10669);
#10671=PLANE('',#10670);
#10672=ORIENTED_EDGE('',*,*,#8385,.T.);
#10673=CARTESIAN_POINT('',(150.134240377,209.721050551,9.404268063));
#10674=DIRECTION('',(0.000000174,-0.999999999,-0.000033439));
#10675=VECTOR('',#10674,1.945313751);
#10676=LINE('',#10673,#10675);
#10677=EDGE_CURVE('',#8371,#4393,#10676,.T.);
#10678=ORIENTED_EDGE('',*,*,#10677,.T.);
#10679=ORIENTED_EDGE('',*,*,#4400,.T.);
#10680=CARTESIAN_POINT('',(150.136007969,209.720214568,34.404267986));
#10681=DIRECTION('',(0.000000174,-0.999999999,-0.000033439));
#10682=VECTOR('',#10681,1.945313751);
#10683=LINE('',#10680,#10682);
#10684=EDGE_CURVE('',#8380,#4395,#10683,.T.);
#10685=ORIENTED_EDGE('',*,*,#10684,.F.);
#10686=EDGE_LOOP('',(#10672,#10678,#10679,#10685));
#10687=FACE_BOUND('',#10686,.T.);
#10688=ADVANCED_FACE('',(#10687),#10671,.T.);
#10689=CARTESIAN_POINT('',(148.134241158,205.261059347,9.404260331));
#10690=DIRECTION('',(0.999999998,0.000000176,-0.000070704));
#10691=DIRECTION('',(0.000070704,-0.000033439,0.999999997));
#10692=AXIS2_PLACEMENT_3D('',#10689,#10690,#10691);
#10693=PLANE('',#10692);
#10694=ORIENTED_EDGE('',*,*,#8368,.T.);
#10695=CARTESIAN_POINT('',(148.136008394,207.305858171,34.404328659));
#10696=DIRECTION('',(-0.000000174,0.999999999,0.000033439));
#10697=VECTOR('',#10696,1.955801962);
#10698=LINE('',#10695,#10697);
#10699=EDGE_CURVE('',#4412,#8363,#10698,.T.);
#10700=ORIENTED_EDGE('',*,*,#10699,.F.);
#10701=ORIENTED_EDGE('',*,*,#4417,.T.);
#10702=CARTESIAN_POINT('',(148.134240802,207.306694154,9.404328736));
#10703=DIRECTION('',(-0.000000174,0.999999999,0.000033439));
#10704=VECTOR('',#10703,1.955801962);
#10705=LINE('',#10702,#10704);
#10706=EDGE_CURVE('',#4403,#8361,#10705,.T.);
#10707=ORIENTED_EDGE('',*,*,#10706,.T.);
#10708=EDGE_LOOP('',(#10694,#10700,#10701,#10707));
#10709=FACE_BOUND('',#10708,.T.);
#10710=ADVANCED_FACE('',(#10709),#10693,.T.);
#10711=CARTESIAN_POINT('',(150.134239935,212.261059695,9.404352999));
#10712=DIRECTION('',(-0.000070704,0.000033439,-0.999999997));
#10713=DIRECTION('',(0.000000174,-0.999999999,-0.000033439));
#10714=AXIS2_PLACEMENT_3D('',#10711,#10712,#10713);
#10715=PLANE('',#10714);
#10716=ORIENTED_EDGE('',*,*,#10706,.F.);
#10717=ORIENTED_EDGE('',*,*,#4409,.F.);
#10718=ORIENTED_EDGE('',*,*,#10677,.F.);
#10719=ORIENTED_EDGE('',*,*,#8377,.F.);
#10720=EDGE_LOOP('',(#10716,#10717,#10718,#10719));
#10721=FACE_BOUND('',#10720,.T.);
#10722=ADVANCED_FACE('',(#10721),#10715,.F.);
#10723=CARTESIAN_POINT('',(150.136007527,212.260223713,34.404352923));
#10724=DIRECTION('',(-0.000070704,0.000033439,-0.999999997));
#10725=DIRECTION('',(0.000000174,-0.999999999,-0.000033439));
#10726=AXIS2_PLACEMENT_3D('',#10723,#10724,#10725);
#10727=PLANE('',#10726);
#10728=ORIENTED_EDGE('',*,*,#8392,.T.);
#10729=ORIENTED_EDGE('',*,*,#10684,.T.);
#10730=ORIENTED_EDGE('',*,*,#4424,.T.);
#10731=ORIENTED_EDGE('',*,*,#10699,.T.);
#10732=EDGE_LOOP('',(#10728,#10729,#10730,#10731));
#10733=FACE_BOUND('',#10732,.T.);
#10734=ADVANCED_FACE('',(#10733),#10727,.T.);
#10735=CARTESIAN_POINT('',(79.134258485,106.705491673,9.405843253));
#10736=DIRECTION('',(0.000000174,-0.999999999,-0.000033439));
#10737=DIRECTION('',(-0.000070704,0.000033439,-0.999999997));
#10738=AXIS2_PLACEMENT_3D('',#10735,#10736,#10737);
#10739=PLANE('',#10738);
#10740=ORIENTED_EDGE('',*,*,#7914,.T.);
#10741=CARTESIAN_POINT('',(80.996442015,106.705492001,9.40571159));
#10742=DIRECTION('',(0.999999998,0.000000176,-0.000070704));
#10743=VECTOR('',#10742,1.930016984);
#10744=LINE('',#10741,#10743);
#10745=EDGE_CURVE('',#7900,#1324,#10744,.T.);
#10746=ORIENTED_EDGE('',*,*,#10745,.T.);
#10747=ORIENTED_EDGE('',*,*,#1331,.T.);
#10748=CARTESIAN_POINT('',(80.998209607,106.704656019,34.405711514));
#10749=DIRECTION('',(0.999999998,0.000000176,-0.000070704));
#10750=VECTOR('',#10749,1.930016984);
#10751=LINE('',#10748,#10750);
#10752=EDGE_CURVE('',#7909,#1326,#10751,.T.);
#10753=ORIENTED_EDGE('',*,*,#10752,.F.);
#10754=EDGE_LOOP('',(#10740,#10746,#10747,#10753));
#10755=FACE_BOUND('',#10754,.T.);
#10756=ADVANCED_FACE('',(#10755),#10739,.T.);
#10757=CARTESIAN_POINT('',(86.134258816,104.705492909,9.405281449));
#10758=DIRECTION('',(-0.000000174,0.999999999,0.000033439));
#10759=DIRECTION('',(0.000070704,-0.000033439,0.999999997));
#10760=AXIS2_PLACEMENT_3D('',#10757,#10758,#10759);
#10761=PLANE('',#10760);
#10762=ORIENTED_EDGE('',*,*,#7897,.T.);
#10763=CARTESIAN_POINT('',(83.313171247,104.704656428,34.405480959));
#10764=DIRECTION('',(-0.999999998,-0.000000176,0.000070704));
#10765=VECTOR('',#10764,1.938482955);
#10766=LINE('',#10763,#10765);
#10767=EDGE_CURVE('',#1343,#7892,#10766,.T.);
#10768=ORIENTED_EDGE('',*,*,#10767,.F.);
#10769=ORIENTED_EDGE('',*,*,#1348,.T.);
#10770=CARTESIAN_POINT('',(83.311403655,104.705492411,9.405481035));
#10771=DIRECTION('',(-0.999999998,-0.000000176,0.000070704));
#10772=VECTOR('',#10771,1.938482955);
#10773=LINE('',#10770,#10772);
#10774=EDGE_CURVE('',#1334,#7890,#10773,.T.);
#10775=ORIENTED_EDGE('',*,*,#10774,.T.);
#10776=EDGE_LOOP('',(#10762,#10768,#10769,#10775));
#10777=FACE_BOUND('',#10776,.T.);
#10778=ADVANCED_FACE('',(#10777),#10761,.T.);
#10779=CARTESIAN_POINT('',(79.134258485,106.705491673,9.405843253));
#10780=DIRECTION('',(-0.000070704,0.000033439,-0.999999997));
#10781=DIRECTION('',(0.999999998,0.000000176,-0.000070704));
#10782=AXIS2_PLACEMENT_3D('',#10779,#10780,#10781);
#10783=PLANE('',#10782);
#10784=ORIENTED_EDGE('',*,*,#10774,.F.);
#10785=ORIENTED_EDGE('',*,*,#1340,.F.);
#10786=ORIENTED_EDGE('',*,*,#10745,.F.);
#10787=ORIENTED_EDGE('',*,*,#7906,.F.);
#10788=EDGE_LOOP('',(#10784,#10785,#10786,#10787));
#10789=FACE_BOUND('',#10788,.T.);
#10790=ADVANCED_FACE('',(#10789),#10783,.F.);
#10791=CARTESIAN_POINT('',(79.136026077,106.70465569,34.405843177));
#10792=DIRECTION('',(-0.000070704,0.000033439,-0.999999997));
#10793=DIRECTION('',(0.999999998,0.000000176,-0.000070704));
#10794=AXIS2_PLACEMENT_3D('',#10791,#10792,#10793);
#10795=PLANE('',#10794);
#10796=ORIENTED_EDGE('',*,*,#7921,.T.);
#10797=ORIENTED_EDGE('',*,*,#10752,.T.);
#10798=ORIENTED_EDGE('',*,*,#1355,.T.);
#10799=ORIENTED_EDGE('',*,*,#10767,.T.);
#10800=EDGE_LOOP('',(#10796,#10797,#10798,#10799));
#10801=FACE_BOUND('',#10800,.T.);
#10802=ADVANCED_FACE('',(#10801),#10795,.T.);
#10803=CARTESIAN_POINT('',(79.134259355,101.705491676,9.405676057));
#10804=DIRECTION('',(0.000000174,-0.999999999,-0.000033439));
#10805=DIRECTION('',(-0.000070704,0.000033439,-0.999999997));
#10806=AXIS2_PLACEMENT_3D('',#10803,#10804,#10805);
#10807=PLANE('',#10806);
#10808=ORIENTED_EDGE('',*,*,#7878,.T.);
#10809=CARTESIAN_POINT('',(82.026744542,101.705492186,9.405471547));
#10810=DIRECTION('',(0.999999998,0.000000176,-0.000070704));
#10811=VECTOR('',#10810,1.953365548);
#10812=LINE('',#10809,#10811);
#10813=EDGE_CURVE('',#7864,#1288,#10812,.T.);
#10814=ORIENTED_EDGE('',*,*,#10813,.T.);
#10815=ORIENTED_EDGE('',*,*,#1295,.T.);
#10816=CARTESIAN_POINT('',(82.028512134,101.704656203,34.405471471));
#10817=DIRECTION('',(0.999999998,0.000000176,-0.000070704));
#10818=VECTOR('',#10817,1.953365548);
#10819=LINE('',#10816,#10818);
#10820=EDGE_CURVE('',#7873,#1290,#10819,.T.);
#10821=ORIENTED_EDGE('',*,*,#10820,.F.);
#10822=EDGE_LOOP('',(#10808,#10814,#10815,#10821));
#10823=FACE_BOUND('',#10822,.T.);
#10824=ADVANCED_FACE('',(#10823),#10807,.T.);
#10825=CARTESIAN_POINT('',(86.134259686,99.705492912,9.405114252));
#10826=DIRECTION('',(-0.000000174,0.999999999,0.000033439));
#10827=DIRECTION('',(0.000070704,-0.000033439,0.999999997));
#10828=AXIS2_PLACEMENT_3D('',#10825,#10826,#10827);
#10829=PLANE('',#10828);
#10830=ORIENTED_EDGE('',*,*,#7861,.T.);
#10831=CARTESIAN_POINT('',(84.489663429,99.704656639,34.40523058));
#10832=DIRECTION('',(-0.999999998,-0.000000176,0.000070704));
#10833=VECTOR('',#10832,1.964818528);
#10834=LINE('',#10831,#10833);
#10835=EDGE_CURVE('',#1307,#7856,#10834,.T.);
#10836=ORIENTED_EDGE('',*,*,#10835,.F.);
#10837=ORIENTED_EDGE('',*,*,#1312,.T.);
#10838=CARTESIAN_POINT('',(84.487895837,99.705492621,9.405230656));
#10839=DIRECTION('',(-0.999999998,-0.000000176,0.000070704));
#10840=VECTOR('',#10839,1.964818528);
#10841=LINE('',#10838,#10840);
#10842=EDGE_CURVE('',#1298,#7854,#10841,.T.);
#10843=ORIENTED_EDGE('',*,*,#10842,.T.);
#10844=EDGE_LOOP('',(#10830,#10836,#10837,#10843));
#10845=FACE_BOUND('',#10844,.T.);
#10846=ADVANCED_FACE('',(#10845),#10829,.T.);
#10847=CARTESIAN_POINT('',(79.134259355,101.705491676,9.405676057));
#10848=DIRECTION('',(-0.000070704,0.000033439,-0.999999997));
#10849=DIRECTION('',(0.999999998,0.000000176,-0.000070704));
#10850=AXIS2_PLACEMENT_3D('',#10847,#10848,#10849);
#10851=PLANE('',#10850);
#10852=ORIENTED_EDGE('',*,*,#10842,.F.);
#10853=ORIENTED_EDGE('',*,*,#1304,.F.);
#10854=ORIENTED_EDGE('',*,*,#10813,.F.);
#10855=ORIENTED_EDGE('',*,*,#7870,.F.);
#10856=EDGE_LOOP('',(#10852,#10853,#10854,#10855));
#10857=FACE_BOUND('',#10856,.T.);
#10858=ADVANCED_FACE('',(#10857),#10851,.F.);
#10859=CARTESIAN_POINT('',(79.136026947,101.704655693,34.40567598));
#10860=DIRECTION('',(-0.000070704,0.000033439,-0.999999997));
#10861=DIRECTION('',(0.999999998,0.000000176,-0.000070704));
#10862=AXIS2_PLACEMENT_3D('',#10859,#10860,#10861);
#10863=PLANE('',#10862);
#10864=ORIENTED_EDGE('',*,*,#7885,.T.);
#10865=ORIENTED_EDGE('',*,*,#10820,.T.);
#10866=ORIENTED_EDGE('',*,*,#1319,.T.);
#10867=ORIENTED_EDGE('',*,*,#10835,.T.);
#10868=EDGE_LOOP('',(#10864,#10865,#10866,#10867));
#10869=FACE_BOUND('',#10868,.T.);
#10870=ADVANCED_FACE('',(#10869),#10863,.T.);
#10871=CARTESIAN_POINT('',(259.13425262,137.816634523,9.394156928));
#10872=DIRECTION('',(-0.000000174,0.999999999,0.000033439));
#10873=DIRECTION('',(-0.000070704,0.000033439,-0.999999997));
#10874=AXIS2_PLACEMENT_3D('',#10871,#10872,#10873);
#10875=PLANE('',#10874);
#10876=ORIENTED_EDGE('',*,*,#8829,.T.);
#10877=CARTESIAN_POINT('',(257.272069092,137.816634194,9.394288591));
#10878=DIRECTION('',(-0.999999998,-0.000000176,0.000070704));
#10879=VECTOR('',#10878,1.930016986);
#10880=LINE('',#10877,#10879);
#10881=EDGE_CURVE('',#8815,#2015,#10880,.T.);
#10882=ORIENTED_EDGE('',*,*,#10881,.T.);
#10883=ORIENTED_EDGE('',*,*,#2022,.T.);
#10884=CARTESIAN_POINT('',(257.273836683,137.815798212,34.394288514));
#10885=DIRECTION('',(-0.999999998,-0.000000176,0.000070704));
#10886=VECTOR('',#10885,1.930016986);
#10887=LINE('',#10884,#10886);
#10888=EDGE_CURVE('',#8824,#2017,#10887,.T.);
#10889=ORIENTED_EDGE('',*,*,#10888,.F.);
#10890=EDGE_LOOP('',(#10876,#10882,#10883,#10889));
#10891=FACE_BOUND('',#10890,.T.);
#10892=ADVANCED_FACE('',(#10891),#10875,.T.);
#10893=CARTESIAN_POINT('',(252.134252289,139.816633287,9.394718732));
#10894=DIRECTION('',(0.000000174,-0.999999999,-0.000033439));
#10895=DIRECTION('',(0.000070704,-0.000033439,0.999999997));
#10896=AXIS2_PLACEMENT_3D('',#10893,#10894,#10895);
#10897=PLANE('',#10896);
#10898=ORIENTED_EDGE('',*,*,#8812,.T.);
#10899=CARTESIAN_POINT('',(254.958875042,139.815797802,34.394519069));
#10900=DIRECTION('',(0.999999998,0.000000176,-0.000070704));
#10901=VECTOR('',#10900,1.938482956);
#10902=LINE('',#10899,#10901);
#10903=EDGE_CURVE('',#2034,#8807,#10902,.T.);
#10904=ORIENTED_EDGE('',*,*,#10903,.F.);
#10905=ORIENTED_EDGE('',*,*,#2039,.T.);
#10906=CARTESIAN_POINT('',(254.95710745,139.816633785,9.394519146));
#10907=DIRECTION('',(0.999999998,0.000000176,-0.000070704));
#10908=VECTOR('',#10907,1.938482956);
#10909=LINE('',#10906,#10908);
#10910=EDGE_CURVE('',#2025,#8805,#10909,.T.);
#10911=ORIENTED_EDGE('',*,*,#10910,.T.);
#10912=EDGE_LOOP('',(#10898,#10904,#10905,#10911));
#10913=FACE_BOUND('',#10912,.T.);
#10914=ADVANCED_FACE('',(#10913),#10897,.T.);
#10915=CARTESIAN_POINT('',(259.13425262,137.816634523,9.394156928));
#10916=DIRECTION('',(-0.000070704,0.000033439,-0.999999997));
#10917=DIRECTION('',(-0.999999998,-0.000000176,0.000070704));
#10918=AXIS2_PLACEMENT_3D('',#10915,#10916,#10917);
#10919=PLANE('',#10918);
#10920=ORIENTED_EDGE('',*,*,#10910,.F.);
#10921=ORIENTED_EDGE('',*,*,#2031,.F.);
#10922=ORIENTED_EDGE('',*,*,#10881,.F.);
#10923=ORIENTED_EDGE('',*,*,#8821,.F.);
#10924=EDGE_LOOP('',(#10920,#10921,#10922,#10923));
#10925=FACE_BOUND('',#10924,.T.);
#10926=ADVANCED_FACE('',(#10925),#10919,.F.);
#10927=CARTESIAN_POINT('',(259.136020212,137.81579854,34.394156851));
#10928=DIRECTION('',(-0.000070704,0.000033439,-0.999999997));
#10929=DIRECTION('',(-0.999999998,-0.000000176,0.000070704));
#10930=AXIS2_PLACEMENT_3D('',#10927,#10928,#10929);
#10931=PLANE('',#10930);
#10932=ORIENTED_EDGE('',*,*,#8836,.T.);
#10933=ORIENTED_EDGE('',*,*,#10888,.T.);
#10934=ORIENTED_EDGE('',*,*,#2046,.T.);
#10935=ORIENTED_EDGE('',*,*,#10903,.T.);
#10936=EDGE_LOOP('',(#10932,#10933,#10934,#10935));
#10937=FACE_BOUND('',#10936,.T.);
#10938=ADVANCED_FACE('',(#10937),#10931,.T.);
#10939=CARTESIAN_POINT('',(259.13425175,142.81663452,9.394324124));
#10940=DIRECTION('',(-0.000000174,0.999999999,0.000033439));
#10941=DIRECTION('',(-0.000070704,0.000033439,-0.999999997));
#10942=AXIS2_PLACEMENT_3D('',#10939,#10940,#10941);
#10943=PLANE('',#10942);
#10944=ORIENTED_EDGE('',*,*,#8793,.T.);
#10945=CARTESIAN_POINT('',(256.241766565,142.81663401,9.394528634));
#10946=DIRECTION('',(-0.999999998,-0.000000176,0.000070704));
#10947=VECTOR('',#10946,1.95336555);
#10948=LINE('',#10945,#10947);
#10949=EDGE_CURVE('',#8779,#1979,#10948,.T.);
#10950=ORIENTED_EDGE('',*,*,#10949,.T.);
#10951=ORIENTED_EDGE('',*,*,#1986,.T.);
#10952=CARTESIAN_POINT('',(256.243534157,142.815798027,34.394528557));
#10953=DIRECTION('',(-0.999999998,-0.000000176,0.000070704));
#10954=VECTOR('',#10953,1.95336555);
#10955=LINE('',#10952,#10954);
#10956=EDGE_CURVE('',#8788,#1981,#10955,.T.);
#10957=ORIENTED_EDGE('',*,*,#10956,.F.);
#10958=EDGE_LOOP('',(#10944,#10950,#10951,#10957));
#10959=FACE_BOUND('',#10958,.T.);
#10960=ADVANCED_FACE('',(#10959),#10943,.T.);
#10961=CARTESIAN_POINT('',(252.134251419,144.816633284,9.394885929));
#10962=DIRECTION('',(0.000000174,-0.999999999,-0.000033439));
#10963=DIRECTION('',(0.000070704,-0.000033439,0.999999997));
#10964=AXIS2_PLACEMENT_3D('',#10961,#10962,#10963);
#10965=PLANE('',#10964);
#10966=ORIENTED_EDGE('',*,*,#8776,.T.);
#10967=CARTESIAN_POINT('',(253.78238286,144.815797592,34.394769448));
#10968=DIRECTION('',(0.999999998,0.000000176,-0.000070704));
#10969=VECTOR('',#10968,1.96481853);
#10970=LINE('',#10967,#10969);
#10971=EDGE_CURVE('',#1998,#8771,#10970,.T.);
#10972=ORIENTED_EDGE('',*,*,#10971,.F.);
#10973=ORIENTED_EDGE('',*,*,#2003,.T.);
#10974=CARTESIAN_POINT('',(253.780615268,144.816633574,9.394769525));
#10975=DIRECTION('',(0.999999998,0.000000176,-0.000070704));
#10976=VECTOR('',#10975,1.96481853);
#10977=LINE('',#10974,#10976);
#10978=EDGE_CURVE('',#1989,#8769,#10977,.T.);
#10979=ORIENTED_EDGE('',*,*,#10978,.T.);
#10980=EDGE_LOOP('',(#10966,#10972,#10973,#10979));
#10981=FACE_BOUND('',#10980,.T.);
#10982=ADVANCED_FACE('',(#10981),#10965,.T.);
#10983=CARTESIAN_POINT('',(259.13425175,142.81663452,9.394324124));
#10984=DIRECTION('',(-0.000070704,0.000033439,-0.999999997));
#10985=DIRECTION('',(-0.999999998,-0.000000176,0.000070704));
#10986=AXIS2_PLACEMENT_3D('',#10983,#10984,#10985);
#10987=PLANE('',#10986);
#10988=ORIENTED_EDGE('',*,*,#10978,.F.);
#10989=ORIENTED_EDGE('',*,*,#1995,.F.);
#10990=ORIENTED_EDGE('',*,*,#10949,.F.);
#10991=ORIENTED_EDGE('',*,*,#8785,.F.);
#10992=EDGE_LOOP('',(#10988,#10989,#10990,#10991));
#10993=FACE_BOUND('',#10992,.T.);
#10994=ADVANCED_FACE('',(#10993),#10987,.F.);
#10995=CARTESIAN_POINT('',(259.136019341,142.815798537,34.394324048));
#10996=DIRECTION('',(-0.000070704,0.000033439,-0.999999997));
#10997=DIRECTION('',(-0.999999998,-0.000000176,0.000070704));
#10998=AXIS2_PLACEMENT_3D('',#10995,#10996,#10997);
#10999=PLANE('',#10998);
#11000=ORIENTED_EDGE('',*,*,#8800,.T.);
#11001=ORIENTED_EDGE('',*,*,#10956,.T.);
#11002=ORIENTED_EDGE('',*,*,#2010,.T.);
#11003=ORIENTED_EDGE('',*,*,#10971,.T.);
#11004=EDGE_LOOP('',(#11000,#11001,#11002,#11003));
#11005=FACE_BOUND('',#11004,.T.);
#11006=ADVANCED_FACE('',(#11005),#10999,.T.);
#11007=CARTESIAN_POINT('',(145.134239947,212.261058813,9.404706517));
#11008=DIRECTION('',(-0.999999998,-0.000000176,0.000070704));
#11009=DIRECTION('',(-0.000070704,0.000033439,-0.999999997));
#11010=AXIS2_PLACEMENT_3D('',#11007,#11008,#11009);
#11011=PLANE('',#11010);
#11012=ORIENTED_EDGE('',*,*,#8349,.T.);
#11013=CARTESIAN_POINT('',(145.134240605,208.483155752,9.404580187));
#11014=DIRECTION('',(0.000000174,-0.999999999,-0.000033439));
#11015=VECTOR('',#11014,1.973892208);
#11016=LINE('',#11013,#11015);
#11017=EDGE_CURVE('',#8335,#4357,#11016,.T.);
#11018=ORIENTED_EDGE('',*,*,#11017,.T.);
#11019=ORIENTED_EDGE('',*,*,#4364,.T.);
#11020=CARTESIAN_POINT('',(145.136008197,208.48231977,34.40458011));
#11021=DIRECTION('',(0.000000174,-0.999999999,-0.000033439));
#11022=VECTOR('',#11021,1.973892208);
#11023=LINE('',#11020,#11022);
#11024=EDGE_CURVE('',#8344,#4359,#11023,.T.);
#11025=ORIENTED_EDGE('',*,*,#11024,.F.);
#11026=EDGE_LOOP('',(#11012,#11018,#11019,#11025));
#11027=FACE_BOUND('',#11026,.T.);
#11028=ADVANCED_FACE('',(#11027),#11011,.T.);
#11029=CARTESIAN_POINT('',(143.134241171,205.261058464,9.404613849));
#11030=DIRECTION('',(0.999999998,0.000000176,-0.000070704));
#11031=DIRECTION('',(0.000070704,-0.000033439,0.999999997));
#11032=AXIS2_PLACEMENT_3D('',#11029,#11030,#11031);
#11033=PLANE('',#11032);
#11034=ORIENTED_EDGE('',*,*,#8332,.T.);
#11035=CARTESIAN_POINT('',(143.136008649,205.912837503,34.404635596));
#11036=DIRECTION('',(-0.000000174,0.999999999,0.000033439));
#11037=VECTOR('',#11036,1.98762085);
#11038=LINE('',#11035,#11037);
#11039=EDGE_CURVE('',#4376,#8327,#11038,.T.);
#11040=ORIENTED_EDGE('',*,*,#11039,.F.);
#11041=ORIENTED_EDGE('',*,*,#4381,.T.);
#11042=CARTESIAN_POINT('',(143.134241057,205.913673486,9.404635672));
#11043=DIRECTION('',(-0.000000174,0.999999999,0.000033439));
#11044=VECTOR('',#11043,1.98762085);
#11045=LINE('',#11042,#11044);
#11046=EDGE_CURVE('',#4367,#8325,#11045,.T.);
#11047=ORIENTED_EDGE('',*,*,#11046,.T.);
#11048=EDGE_LOOP('',(#11034,#11040,#11041,#11047));
#11049=FACE_BOUND('',#11048,.T.);
#11050=ADVANCED_FACE('',(#11049),#11033,.T.);
#11051=CARTESIAN_POINT('',(145.134239947,212.261058813,9.404706517));
#11052=DIRECTION('',(-0.000070704,0.000033439,-0.999999997));
#11053=DIRECTION('',(0.000000174,-0.999999999,-0.000033439));
#11054=AXIS2_PLACEMENT_3D('',#11051,#11052,#11053);
#11055=PLANE('',#11054);
#11056=ORIENTED_EDGE('',*,*,#11046,.F.);
#11057=ORIENTED_EDGE('',*,*,#4373,.F.);
#11058=ORIENTED_EDGE('',*,*,#11017,.F.);
#11059=ORIENTED_EDGE('',*,*,#8341,.F.);
#11060=EDGE_LOOP('',(#11056,#11057,#11058,#11059));
#11061=FACE_BOUND('',#11060,.T.);
#11062=ADVANCED_FACE('',(#11061),#11055,.F.);
#11063=CARTESIAN_POINT('',(145.136007539,212.260222831,34.404706441));
#11064=DIRECTION('',(-0.000070704,0.000033439,-0.999999997));
#11065=DIRECTION('',(0.000000174,-0.999999999,-0.000033439));
#11066=AXIS2_PLACEMENT_3D('',#11063,#11064,#11065);
#11067=PLANE('',#11066);
#11068=ORIENTED_EDGE('',*,*,#8356,.T.);
#11069=ORIENTED_EDGE('',*,*,#11024,.T.);
#11070=ORIENTED_EDGE('',*,*,#4388,.T.);
#11071=ORIENTED_EDGE('',*,*,#11039,.T.);
#11072=EDGE_LOOP('',(#11068,#11069,#11070,#11071));
#11073=FACE_BOUND('',#11072,.T.);
#11074=ADVANCED_FACE('',(#11073),#11067,.T.);
#11075=CARTESIAN_POINT('',(79.134251523,146.705491651,9.407180826));
#11076=DIRECTION('',(0.000000174,-0.999999999,-0.000033439));
#11077=DIRECTION('',(-0.000070704,0.000033439,-0.999999997));
#11078=AXIS2_PLACEMENT_3D('',#11075,#11076,#11077);
#11079=PLANE('',#11078);
#11080=ORIENTED_EDGE('',*,*,#8202,.T.);
#11081=CARTESIAN_POINT('',(83.037102107,146.705492339,9.40690488));
#11082=DIRECTION('',(0.999999998,0.000000176,-0.000070704));
#11083=VECTOR('',#11082,1.976824063);
#11084=LINE('',#11081,#11083);
#11085=EDGE_CURVE('',#8188,#1612,#11084,.T.);
#11086=ORIENTED_EDGE('',*,*,#11085,.T.);
#11087=ORIENTED_EDGE('',*,*,#1619,.T.);
#11088=CARTESIAN_POINT('',(83.038869699,146.704656356,34.406904804));
#11089=DIRECTION('',(0.999999998,0.000000176,-0.000070704));
#11090=VECTOR('',#11089,1.976824063);
#11091=LINE('',#11088,#11090);
#11092=EDGE_CURVE('',#8197,#1614,#11091,.T.);
#11093=ORIENTED_EDGE('',*,*,#11092,.F.);
#11094=EDGE_LOOP('',(#11080,#11086,#11087,#11093));
#11095=FACE_BOUND('',#11094,.T.);
#11096=ADVANCED_FACE('',(#11095),#11079,.T.);
#11097=CARTESIAN_POINT('',(86.134251853,144.705492887,9.406619022));
#11098=DIRECTION('',(-0.000000174,0.999999999,0.000033439));
#11099=DIRECTION('',(0.000070704,-0.000033439,0.999999997));
#11100=AXIS2_PLACEMENT_3D('',#11097,#11098,#11099);
#11101=PLANE('',#11100);
#11102=ORIENTED_EDGE('',*,*,#8185,.T.);
#11103=CARTESIAN_POINT('',(84.460126105,144.704656608,34.406737437));
#11104=DIRECTION('',(-0.999999998,-0.000000176,0.000070704));
#11105=VECTOR('',#11104,1.964148863);
#11106=LINE('',#11103,#11105);
#11107=EDGE_CURVE('',#1631,#8180,#11106,.T.);
#11108=ORIENTED_EDGE('',*,*,#11107,.F.);
#11109=ORIENTED_EDGE('',*,*,#1636,.T.);
#11110=CARTESIAN_POINT('',(84.458358514,144.705492591,9.406737514));
#11111=DIRECTION('',(-0.999999998,-0.000000176,0.000070704));
#11112=VECTOR('',#11111,1.964148863);
#11113=LINE('',#11110,#11112);
#11114=EDGE_CURVE('',#1622,#8178,#11113,.T.);
#11115=ORIENTED_EDGE('',*,*,#11114,.T.);
#11116=EDGE_LOOP('',(#11102,#11108,#11109,#11115));
#11117=FACE_BOUND('',#11116,.T.);
#11118=ADVANCED_FACE('',(#11117),#11101,.T.);
#11119=CARTESIAN_POINT('',(79.134251523,146.705491651,9.407180826));
#11120=DIRECTION('',(-0.000070704,0.000033439,-0.999999997));
#11121=DIRECTION('',(0.999999998,0.000000176,-0.000070704));
#11122=AXIS2_PLACEMENT_3D('',#11119,#11120,#11121);
#11123=PLANE('',#11122);
#11124=ORIENTED_EDGE('',*,*,#11114,.F.);
#11125=ORIENTED_EDGE('',*,*,#1628,.F.);
#11126=ORIENTED_EDGE('',*,*,#11085,.F.);
#11127=ORIENTED_EDGE('',*,*,#8194,.F.);
#11128=EDGE_LOOP('',(#11124,#11125,#11126,#11127));
#11129=FACE_BOUND('',#11128,.T.);
#11130=ADVANCED_FACE('',(#11129),#11123,.F.);
#11131=CARTESIAN_POINT('',(79.136019115,146.704655668,34.40718075));
#11132=DIRECTION('',(-0.000070704,0.000033439,-0.999999997));
#11133=DIRECTION('',(0.999999998,0.000000176,-0.000070704));
#11134=AXIS2_PLACEMENT_3D('',#11131,#11132,#11133);
#11135=PLANE('',#11134);
#11136=ORIENTED_EDGE('',*,*,#8209,.T.);
#11137=ORIENTED_EDGE('',*,*,#11092,.T.);
#11138=ORIENTED_EDGE('',*,*,#1643,.T.);
#11139=ORIENTED_EDGE('',*,*,#11107,.T.);
#11140=EDGE_LOOP('',(#11136,#11137,#11138,#11139));
#11141=FACE_BOUND('',#11140,.T.);
#11142=ADVANCED_FACE('',(#11141),#11135,.T.);
#11143=CARTESIAN_POINT('',(79.134252393,141.705491653,9.40701363));
#11144=DIRECTION('',(0.000000174,-0.999999999,-0.000033439));
#11145=DIRECTION('',(-0.000070704,0.000033439,-0.999999997));
#11146=AXIS2_PLACEMENT_3D('',#11143,#11144,#11145);
#11147=PLANE('',#11146);
#11148=ORIENTED_EDGE('',*,*,#8166,.T.);
#11149=CARTESIAN_POINT('',(81.771997492,141.705492119,9.406827131));
#11150=DIRECTION('',(0.999999998,0.000000176,-0.000070704));
#11151=VECTOR('',#11150,1.94753965);
#11152=LINE('',#11149,#11151);
#11153=EDGE_CURVE('',#8152,#1576,#11152,.T.);
#11154=ORIENTED_EDGE('',*,*,#11153,.T.);
#11155=ORIENTED_EDGE('',*,*,#1583,.T.);
#11156=CARTESIAN_POINT('',(81.773765084,141.704656136,34.406827055));
#11157=DIRECTION('',(0.999999998,0.000000176,-0.000070704));
#11158=VECTOR('',#11157,1.94753965);
#11159=LINE('',#11156,#11158);
#11160=EDGE_CURVE('',#8161,#1578,#11159,.T.);
#11161=ORIENTED_EDGE('',*,*,#11160,.F.);
#11162=EDGE_LOOP('',(#11148,#11154,#11155,#11161));
#11163=FACE_BOUND('',#11162,.T.);
#11164=ADVANCED_FACE('',(#11163),#11147,.T.);
#11165=CARTESIAN_POINT('',(86.134252724,139.705492889,9.406451825));
#11166=DIRECTION('',(-0.000000174,0.999999999,0.000033439));
#11167=DIRECTION('',(0.000070704,-0.000033439,0.999999997));
#11168=AXIS2_PLACEMENT_3D('',#11165,#11166,#11167);
#11169=PLANE('',#11168);
#11170=ORIENTED_EDGE('',*,*,#8149,.T.);
#11171=CARTESIAN_POINT('',(83.290511657,139.704656405,34.406652937));
#11172=DIRECTION('',(-0.999999998,-0.000000176,0.000070704));
#11173=VECTOR('',#11172,1.937982709);
#11174=LINE('',#11171,#11173);
#11175=EDGE_CURVE('',#1595,#8144,#11174,.T.);
#11176=ORIENTED_EDGE('',*,*,#11175,.F.);
#11177=ORIENTED_EDGE('',*,*,#1600,.T.);
#11178=CARTESIAN_POINT('',(83.288744065,139.705492387,9.406653013));
#11179=DIRECTION('',(-0.999999998,-0.000000176,0.000070704));
#11180=VECTOR('',#11179,1.937982709);
#11181=LINE('',#11178,#11180);
#11182=EDGE_CURVE('',#1586,#8142,#11181,.T.);
#11183=ORIENTED_EDGE('',*,*,#11182,.T.);
#11184=EDGE_LOOP('',(#11170,#11176,#11177,#11183));
#11185=FACE_BOUND('',#11184,.T.);
#11186=ADVANCED_FACE('',(#11185),#11169,.T.);
#11187=CARTESIAN_POINT('',(79.134252393,141.705491653,9.40701363));
#11188=DIRECTION('',(-0.000070704,0.000033439,-0.999999997));
#11189=DIRECTION('',(0.999999998,0.000000176,-0.000070704));
#11190=AXIS2_PLACEMENT_3D('',#11187,#11188,#11189);
#11191=PLANE('',#11190);
#11192=ORIENTED_EDGE('',*,*,#11182,.F.);
#11193=ORIENTED_EDGE('',*,*,#1592,.F.);
#11194=ORIENTED_EDGE('',*,*,#11153,.F.);
#11195=ORIENTED_EDGE('',*,*,#8158,.F.);
#11196=EDGE_LOOP('',(#11192,#11193,#11194,#11195));
#11197=FACE_BOUND('',#11196,.T.);
#11198=ADVANCED_FACE('',(#11197),#11191,.F.);
#11199=CARTESIAN_POINT('',(79.136019985,141.704655671,34.407013553));
#11200=DIRECTION('',(-0.000070704,0.000033439,-0.999999997));
#11201=DIRECTION('',(0.999999998,0.000000176,-0.000070704));
#11202=AXIS2_PLACEMENT_3D('',#11199,#11200,#11201);
#11203=PLANE('',#11202);
#11204=ORIENTED_EDGE('',*,*,#8173,.T.);
#11205=ORIENTED_EDGE('',*,*,#11160,.T.);
#11206=ORIENTED_EDGE('',*,*,#1607,.T.);
#11207=ORIENTED_EDGE('',*,*,#11175,.T.);
#11208=EDGE_LOOP('',(#11204,#11205,#11206,#11207));
#11209=FACE_BOUND('',#11208,.T.);
#11210=ADVANCED_FACE('',(#11209),#11203,.T.);
#11211=CARTESIAN_POINT('',(79.134253263,136.705491656,9.406846433));
#11212=DIRECTION('',(0.000000174,-0.999999999,-0.000033439));
#11213=DIRECTION('',(-0.000070704,0.000033439,-0.999999997));
#11214=AXIS2_PLACEMENT_3D('',#11211,#11212,#11213);
#11215=PLANE('',#11214);
#11216=ORIENTED_EDGE('',*,*,#8130,.T.);
#11217=CARTESIAN_POINT('',(80.807541418,136.705491951,9.406728125));
#11218=DIRECTION('',(0.999999998,0.000000176,-0.000070704));
#11219=VECTOR('',#11218,1.925797351);
#11220=LINE('',#11217,#11219);
#11221=EDGE_CURVE('',#8116,#1540,#11220,.T.);
#11222=ORIENTED_EDGE('',*,*,#11221,.T.);
#11223=ORIENTED_EDGE('',*,*,#1547,.T.);
#11224=CARTESIAN_POINT('',(80.80930901,136.704655969,34.406728049));
#11225=DIRECTION('',(0.999999998,0.000000176,-0.000070704));
#11226=VECTOR('',#11225,1.925797351);
#11227=LINE('',#11224,#11226);
#11228=EDGE_CURVE('',#8125,#1542,#11227,.T.);
#11229=ORIENTED_EDGE('',*,*,#11228,.F.);
#11230=EDGE_LOOP('',(#11216,#11222,#11223,#11229));
#11231=FACE_BOUND('',#11230,.T.);
#11232=ADVANCED_FACE('',(#11231),#11215,.T.);
#11233=CARTESIAN_POINT('',(86.134253594,134.705492892,9.406284629));
#11234=DIRECTION('',(-0.000000174,0.999999999,0.000033439));
#11235=DIRECTION('',(0.000070704,-0.000033439,0.999999997));
#11236=AXIS2_PLACEMENT_3D('',#11233,#11234,#11235);
#11237=PLANE('',#11236);
#11238=ORIENTED_EDGE('',*,*,#8113,.T.);
#11239=CARTESIAN_POINT('',(82.424454478,134.704656255,34.406546974));
#11240=DIRECTION('',(-0.999999998,-0.000000176,0.000070704));
#11241=VECTOR('',#11240,1.919047646);
#11242=LINE('',#11239,#11241);
#11243=EDGE_CURVE('',#1559,#8108,#11242,.T.);
#11244=ORIENTED_EDGE('',*,*,#11243,.F.);
#11245=ORIENTED_EDGE('',*,*,#1564,.T.);
#11246=CARTESIAN_POINT('',(82.422686886,134.705492237,9.40654705));
#11247=DIRECTION('',(-0.999999998,-0.000000176,0.000070704));
#11248=VECTOR('',#11247,1.919047646);
#11249=LINE('',#11246,#11248);
#11250=EDGE_CURVE('',#1550,#8106,#11249,.T.);
#11251=ORIENTED_EDGE('',*,*,#11250,.T.);
#11252=EDGE_LOOP('',(#11238,#11244,#11245,#11251));
#11253=FACE_BOUND('',#11252,.T.);
#11254=ADVANCED_FACE('',(#11253),#11237,.T.);
#11255=CARTESIAN_POINT('',(79.134253263,136.705491656,9.406846433));
#11256=DIRECTION('',(-0.000070704,0.000033439,-0.999999997));
#11257=DIRECTION('',(0.999999998,0.000000176,-0.000070704));
#11258=AXIS2_PLACEMENT_3D('',#11255,#11256,#11257);
#11259=PLANE('',#11258);
#11260=ORIENTED_EDGE('',*,*,#11250,.F.);
#11261=ORIENTED_EDGE('',*,*,#1556,.F.);
#11262=ORIENTED_EDGE('',*,*,#11221,.F.);
#11263=ORIENTED_EDGE('',*,*,#8122,.F.);
#11264=EDGE_LOOP('',(#11260,#11261,#11262,#11263));
#11265=FACE_BOUND('',#11264,.T.);
#11266=ADVANCED_FACE('',(#11265),#11259,.F.);
#11267=CARTESIAN_POINT('',(79.136020855,136.704655673,34.406846357));
#11268=DIRECTION('',(-0.000070704,0.000033439,-0.999999997));
#11269=DIRECTION('',(0.999999998,0.000000176,-0.000070704));
#11270=AXIS2_PLACEMENT_3D('',#11267,#11268,#11269);
#11271=PLANE('',#11270);
#11272=ORIENTED_EDGE('',*,*,#8137,.T.);
#11273=ORIENTED_EDGE('',*,*,#11228,.T.);
#11274=ORIENTED_EDGE('',*,*,#1571,.T.);
#11275=ORIENTED_EDGE('',*,*,#11243,.T.);
#11276=EDGE_LOOP('',(#11272,#11273,#11274,#11275));
#11277=FACE_BOUND('',#11276,.T.);
#11278=ADVANCED_FACE('',(#11277),#11271,.T.);
#11279=CARTESIAN_POINT('',(79.134254134,131.705491659,9.406679236));
#11280=DIRECTION('',(0.000000174,-0.999999999,-0.000033439));
#11281=DIRECTION('',(-0.000070704,0.000033439,-0.999999997));
#11282=AXIS2_PLACEMENT_3D('',#11279,#11280,#11281);
#11283=PLANE('',#11282);
#11284=ORIENTED_EDGE('',*,*,#8094,.T.);
#11285=CARTESIAN_POINT('',(80.133959362,131.705491835,9.406608554));
#11286=DIRECTION('',(0.999999998,0.000000176,-0.000070704));
#11287=VECTOR('',#11286,1.910901218);
#11288=LINE('',#11285,#11287);
#11289=EDGE_CURVE('',#8080,#1504,#11288,.T.);
#11290=ORIENTED_EDGE('',*,*,#11289,.T.);
#11291=ORIENTED_EDGE('',*,*,#1511,.T.);
#11292=CARTESIAN_POINT('',(80.135726953,131.704655853,34.406608477));
#11293=DIRECTION('',(0.999999998,0.000000176,-0.000070704));
#11294=VECTOR('',#11293,1.910901218);
#11295=LINE('',#11292,#11294);
#11296=EDGE_CURVE('',#8089,#1506,#11295,.T.);
#11297=ORIENTED_EDGE('',*,*,#11296,.F.);
#11298=EDGE_LOOP('',(#11284,#11290,#11291,#11297));
#11299=FACE_BOUND('',#11298,.T.);
#11300=ADVANCED_FACE('',(#11299),#11283,.T.);
#11301=CARTESIAN_POINT('',(86.134254464,129.705492895,9.406117432));
#11302=DIRECTION('',(-0.000000174,0.999999999,0.000033439));
#11303=DIRECTION('',(0.000070704,-0.000033439,0.999999997));
#11304=AXIS2_PLACEMENT_3D('',#11301,#11302,#11303);
#11305=PLANE('',#11304);
#11306=ORIENTED_EDGE('',*,*,#8077,.T.);
#11307=CARTESIAN_POINT('',(81.852918049,129.704656157,34.406420187));
#11308=DIRECTION('',(-0.999999998,-0.000000176,0.000070704));
#11309=VECTOR('',#11308,1.906751049);
#11310=LINE('',#11307,#11309);
#11311=EDGE_CURVE('',#1523,#8072,#11310,.T.);
#11312=ORIENTED_EDGE('',*,*,#11311,.F.);
#11313=ORIENTED_EDGE('',*,*,#1528,.T.);
#11314=CARTESIAN_POINT('',(81.851150457,129.705492139,9.406420263));
#11315=DIRECTION('',(-0.999999998,-0.000000176,0.000070704));
#11316=VECTOR('',#11315,1.906751049);
#11317=LINE('',#11314,#11316);
#11318=EDGE_CURVE('',#1514,#8070,#11317,.T.);
#11319=ORIENTED_EDGE('',*,*,#11318,.T.);
#11320=EDGE_LOOP('',(#11306,#11312,#11313,#11319));
#11321=FACE_BOUND('',#11320,.T.);
#11322=ADVANCED_FACE('',(#11321),#11305,.T.);
#11323=CARTESIAN_POINT('',(79.134254134,131.705491659,9.406679236));
#11324=DIRECTION('',(-0.000070704,0.000033439,-0.999999997));
#11325=DIRECTION('',(0.999999998,0.000000176,-0.000070704));
#11326=AXIS2_PLACEMENT_3D('',#11323,#11324,#11325);
#11327=PLANE('',#11326);
#11328=ORIENTED_EDGE('',*,*,#11318,.F.);
#11329=ORIENTED_EDGE('',*,*,#1520,.F.);
#11330=ORIENTED_EDGE('',*,*,#11289,.F.);
#11331=ORIENTED_EDGE('',*,*,#8086,.F.);
#11332=EDGE_LOOP('',(#11328,#11329,#11330,#11331));
#11333=FACE_BOUND('',#11332,.T.);
#11334=ADVANCED_FACE('',(#11333),#11327,.F.);
#11335=CARTESIAN_POINT('',(79.136021725,131.704655676,34.40667916));
#11336=DIRECTION('',(-0.000070704,0.000033439,-0.999999997));
#11337=DIRECTION('',(0.999999998,0.000000176,-0.000070704));
#11338=AXIS2_PLACEMENT_3D('',#11335,#11336,#11337);
#11339=PLANE('',#11338);
#11340=ORIENTED_EDGE('',*,*,#8101,.T.);
#11341=ORIENTED_EDGE('',*,*,#11296,.T.);
#11342=ORIENTED_EDGE('',*,*,#1535,.T.);
#11343=ORIENTED_EDGE('',*,*,#11311,.T.);
#11344=EDGE_LOOP('',(#11340,#11341,#11342,#11343));
#11345=FACE_BOUND('',#11344,.T.);
#11346=ADVANCED_FACE('',(#11345),#11339,.T.);
#11347=CARTESIAN_POINT('',(79.134255004,126.705491662,9.40651204));
#11348=DIRECTION('',(0.000000174,-0.999999999,-0.000033439));
#11349=DIRECTION('',(-0.000070704,0.000033439,-0.999999997));
#11350=AXIS2_PLACEMENT_3D('',#11347,#11348,#11349);
#11351=PLANE('',#11350);
#11352=ORIENTED_EDGE('',*,*,#8058,.T.);
#11353=CARTESIAN_POINT('',(79.744675557,126.705491769,9.406468881));
#11354=DIRECTION('',(0.999999998,0.000000176,-0.000070704));
#11355=VECTOR('',#11354,1.902398021);
#11356=LINE('',#11353,#11355);
#11357=EDGE_CURVE('',#8044,#1468,#11356,.T.);
#11358=ORIENTED_EDGE('',*,*,#11357,.T.);
#11359=ORIENTED_EDGE('',*,*,#1475,.T.);
#11360=CARTESIAN_POINT('',(79.746443148,126.704655787,34.406468804));
#11361=DIRECTION('',(0.999999998,0.000000176,-0.000070704));
#11362=VECTOR('',#11361,1.902398021);
#11363=LINE('',#11360,#11362);
#11364=EDGE_CURVE('',#8053,#1470,#11363,.T.);
#11365=ORIENTED_EDGE('',*,*,#11364,.F.);
#11366=EDGE_LOOP('',(#11352,#11358,#11359,#11365));
#11367=FACE_BOUND('',#11366,.T.);
#11368=ADVANCED_FACE('',(#11367),#11351,.T.);
#11369=CARTESIAN_POINT('',(86.134255334,124.705492898,9.405950235));
#11370=DIRECTION('',(-0.000000174,0.999999999,0.000033439));
#11371=DIRECTION('',(0.000070704,-0.000033439,0.999999997));
#11372=AXIS2_PLACEMENT_3D('',#11369,#11370,#11371);
#11373=PLANE('',#11372);
#11374=ORIENTED_EDGE('',*,*,#8041,.T.);
#11375=CARTESIAN_POINT('',(81.570135222,124.70465611,34.406272984));
#11376=DIRECTION('',(-0.999999998,-0.000000176,0.000070704));
#11377=VECTOR('',#11376,1.900724444);
#11378=LINE('',#11375,#11377);
#11379=EDGE_CURVE('',#1487,#8036,#11378,.T.);
#11380=ORIENTED_EDGE('',*,*,#11379,.F.);
#11381=ORIENTED_EDGE('',*,*,#1492,.T.);
#11382=CARTESIAN_POINT('',(81.568367631,124.705492092,9.40627306));
#11383=DIRECTION('',(-0.999999998,-0.000000176,0.000070704));
#11384=VECTOR('',#11383,1.900724444);
#11385=LINE('',#11382,#11384);
#11386=EDGE_CURVE('',#1478,#8034,#11385,.T.);
#11387=ORIENTED_EDGE('',*,*,#11386,.T.);
#11388=EDGE_LOOP('',(#11374,#11380,#11381,#11387));
#11389=FACE_BOUND('',#11388,.T.);
#11390=ADVANCED_FACE('',(#11389),#11373,.T.);
#11391=CARTESIAN_POINT('',(79.134255004,126.705491662,9.40651204));
#11392=DIRECTION('',(-0.000070704,0.000033439,-0.999999997));
#11393=DIRECTION('',(0.999999998,0.000000176,-0.000070704));
#11394=AXIS2_PLACEMENT_3D('',#11391,#11392,#11393);
#11395=PLANE('',#11394);
#11396=ORIENTED_EDGE('',*,*,#11386,.F.);
#11397=ORIENTED_EDGE('',*,*,#1484,.F.);
#11398=ORIENTED_EDGE('',*,*,#11357,.F.);
#11399=ORIENTED_EDGE('',*,*,#8050,.F.);
#11400=EDGE_LOOP('',(#11396,#11397,#11398,#11399));
#11401=FACE_BOUND('',#11400,.T.);
#11402=ADVANCED_FACE('',(#11401),#11395,.F.);
#11403=CARTESIAN_POINT('',(79.136022596,126.704655679,34.406511963));
#11404=DIRECTION('',(-0.000070704,0.000033439,-0.999999997));
#11405=DIRECTION('',(0.999999998,0.000000176,-0.000070704));
#11406=AXIS2_PLACEMENT_3D('',#11403,#11404,#11405);
#11407=PLANE('',#11406);
#11408=ORIENTED_EDGE('',*,*,#8065,.T.);
#11409=ORIENTED_EDGE('',*,*,#11364,.T.);
#11410=ORIENTED_EDGE('',*,*,#1499,.T.);
#11411=ORIENTED_EDGE('',*,*,#11379,.T.);
#11412=EDGE_LOOP('',(#11408,#11409,#11410,#11411));
#11413=FACE_BOUND('',#11412,.T.);
#11414=ADVANCED_FACE('',(#11413),#11407,.T.);
#11415=CARTESIAN_POINT('',(79.134255874,121.705491665,9.406344843));
#11416=DIRECTION('',(0.000000174,-0.999999999,-0.000033439));
#11417=DIRECTION('',(-0.000070704,0.000033439,-0.999999997));
#11418=AXIS2_PLACEMENT_3D('',#11415,#11416,#11417);
#11419=PLANE('',#11418);
#11420=ORIENTED_EDGE('',*,*,#8022,.T.);
#11421=CARTESIAN_POINT('',(79.635980147,121.705491753,9.406309369));
#11422=DIRECTION('',(0.999999998,0.000000176,-0.000070704));
#11423=VECTOR('',#11422,1.900037399);
#11424=LINE('',#11421,#11423);
#11425=EDGE_CURVE('',#8008,#1432,#11424,.T.);
#11426=ORIENTED_EDGE('',*,*,#11425,.T.);
#11427=ORIENTED_EDGE('',*,*,#1439,.T.);
#11428=CARTESIAN_POINT('',(79.637747739,121.70465577,34.406309293));
#11429=DIRECTION('',(0.999999998,0.000000176,-0.000070704));
#11430=VECTOR('',#11429,1.900037399);
#11431=LINE('',#11428,#11430);
#11432=EDGE_CURVE('',#8017,#1434,#11431,.T.);
#11433=ORIENTED_EDGE('',*,*,#11432,.F.);
#11434=EDGE_LOOP('',(#11420,#11426,#11427,#11433));
#11435=FACE_BOUND('',#11434,.T.);
#11436=ADVANCED_FACE('',(#11435),#11419,.T.);
#11437=CARTESIAN_POINT('',(86.134256205,119.705492901,9.405783039));
#11438=DIRECTION('',(-0.000000174,0.999999999,0.000033439));
#11439=DIRECTION('',(0.000070704,-0.000033439,0.999999997));
#11440=AXIS2_PLACEMENT_3D('',#11437,#11438,#11439);
#11441=PLANE('',#11440);
#11442=ORIENTED_EDGE('',*,*,#8005,.T.);
#11443=CARTESIAN_POINT('',(81.573308365,119.704656113,34.406105563));
#11444=DIRECTION('',(-0.999999998,-0.000000176,0.000070704));
#11445=VECTOR('',#11444,1.900791842);
#11446=LINE('',#11443,#11445);
#11447=EDGE_CURVE('',#1451,#8000,#11446,.T.);
#11448=ORIENTED_EDGE('',*,*,#11447,.F.);
#11449=ORIENTED_EDGE('',*,*,#1456,.T.);
#11450=CARTESIAN_POINT('',(81.571540773,119.705492096,9.40610564));
#11451=DIRECTION('',(-0.999999998,-0.000000176,0.000070704));
#11452=VECTOR('',#11451,1.900791842);
#11453=LINE('',#11450,#11452);
#11454=EDGE_CURVE('',#1442,#7998,#11453,.T.);
#11455=ORIENTED_EDGE('',*,*,#11454,.T.);
#11456=EDGE_LOOP('',(#11442,#11448,#11449,#11455));
#11457=FACE_BOUND('',#11456,.T.);
#11458=ADVANCED_FACE('',(#11457),#11441,.T.);
#11459=CARTESIAN_POINT('',(79.134255874,121.705491665,9.406344843));
#11460=DIRECTION('',(-0.000070704,0.000033439,-0.999999997));
#11461=DIRECTION('',(0.999999998,0.000000176,-0.000070704));
#11462=AXIS2_PLACEMENT_3D('',#11459,#11460,#11461);
#11463=PLANE('',#11462);
#11464=ORIENTED_EDGE('',*,*,#11454,.F.);
#11465=ORIENTED_EDGE('',*,*,#1448,.F.);
#11466=ORIENTED_EDGE('',*,*,#11425,.F.);
#11467=ORIENTED_EDGE('',*,*,#8014,.F.);
#11468=EDGE_LOOP('',(#11464,#11465,#11466,#11467));
#11469=FACE_BOUND('',#11468,.T.);
#11470=ADVANCED_FACE('',(#11469),#11463,.F.);
#11471=CARTESIAN_POINT('',(79.136023466,121.704655682,34.406344767));
#11472=DIRECTION('',(-0.000070704,0.000033439,-0.999999997));
#11473=DIRECTION('',(0.999999998,0.000000176,-0.000070704));
#11474=AXIS2_PLACEMENT_3D('',#11471,#11472,#11473);
#11475=PLANE('',#11474);
#11476=ORIENTED_EDGE('',*,*,#8029,.T.);
#11477=ORIENTED_EDGE('',*,*,#11432,.T.);
#11478=ORIENTED_EDGE('',*,*,#1463,.T.);
#11479=ORIENTED_EDGE('',*,*,#11447,.T.);
#11480=EDGE_LOOP('',(#11476,#11477,#11478,#11479));
#11481=FACE_BOUND('',#11480,.T.);
#11482=ADVANCED_FACE('',(#11481),#11475,.T.);
#11483=CARTESIAN_POINT('',(79.134256744,116.705491667,9.406177647));
#11484=DIRECTION('',(0.000000174,-0.999999999,-0.000033439));
#11485=DIRECTION('',(-0.000070704,0.000033439,-0.999999997));
#11486=AXIS2_PLACEMENT_3D('',#11483,#11484,#11485);
#11487=PLANE('',#11486);
#11488=ORIENTED_EDGE('',*,*,#7986,.T.);
#11489=CARTESIAN_POINT('',(79.806848841,116.705491786,9.406130092));
#11490=DIRECTION('',(0.999999998,0.000000176,-0.000070704));
#11491=VECTOR('',#11490,1.903750906);
#11492=LINE('',#11489,#11491);
#11493=EDGE_CURVE('',#7972,#1396,#11492,.T.);
#11494=ORIENTED_EDGE('',*,*,#11493,.T.);
#11495=ORIENTED_EDGE('',*,*,#1403,.T.);
#11496=CARTESIAN_POINT('',(79.808616433,116.704655803,34.406130015));
#11497=DIRECTION('',(0.999999998,0.000000176,-0.000070704));
#11498=VECTOR('',#11497,1.903750906);
#11499=LINE('',#11496,#11498);
#11500=EDGE_CURVE('',#7981,#1398,#11499,.T.);
#11501=ORIENTED_EDGE('',*,*,#11500,.F.);
#11502=EDGE_LOOP('',(#11488,#11494,#11495,#11501));
#11503=FACE_BOUND('',#11502,.T.);
#11504=ADVANCED_FACE('',(#11503),#11487,.T.);
#11505=CARTESIAN_POINT('',(86.134257075,114.705492903,9.405615842));
#11506=DIRECTION('',(-0.000000174,0.999999999,0.000033439));
#11507=DIRECTION('',(0.000070704,-0.000033439,0.999999997));
#11508=AXIS2_PLACEMENT_3D('',#11505,#11506,#11507);
#11509=PLANE('',#11508);
#11510=ORIENTED_EDGE('',*,*,#7969,.T.);
#11511=CARTESIAN_POINT('',(81.862468658,114.704656167,34.405917922));
#11512=DIRECTION('',(-0.999999998,-0.000000176,0.000070704));
#11513=VECTOR('',#11512,1.906955193);
#11514=LINE('',#11511,#11513);
#11515=EDGE_CURVE('',#1415,#7964,#11514,.T.);
#11516=ORIENTED_EDGE('',*,*,#11515,.F.);
#11517=ORIENTED_EDGE('',*,*,#1420,.T.);
#11518=CARTESIAN_POINT('',(81.860701067,114.705492149,9.405917998));
#11519=DIRECTION('',(-0.999999998,-0.000000176,0.000070704));
#11520=VECTOR('',#11519,1.906955193);
#11521=LINE('',#11518,#11520);
#11522=EDGE_CURVE('',#1406,#7962,#11521,.T.);
#11523=ORIENTED_EDGE('',*,*,#11522,.T.);
#11524=EDGE_LOOP('',(#11510,#11516,#11517,#11523));
#11525=FACE_BOUND('',#11524,.T.);
#11526=ADVANCED_FACE('',(#11525),#11509,.T.);
#11527=CARTESIAN_POINT('',(79.134256744,116.705491667,9.406177647));
#11528=DIRECTION('',(-0.000070704,0.000033439,-0.999999997));
#11529=DIRECTION('',(0.999999998,0.000000176,-0.000070704));
#11530=AXIS2_PLACEMENT_3D('',#11527,#11528,#11529);
#11531=PLANE('',#11530);
#11532=ORIENTED_EDGE('',*,*,#11522,.F.);
#11533=ORIENTED_EDGE('',*,*,#1412,.F.);
#11534=ORIENTED_EDGE('',*,*,#11493,.F.);
#11535=ORIENTED_EDGE('',*,*,#7978,.F.);
#11536=EDGE_LOOP('',(#11532,#11533,#11534,#11535));
#11537=FACE_BOUND('',#11536,.T.);
#11538=ADVANCED_FACE('',(#11537),#11531,.F.);
#11539=CARTESIAN_POINT('',(79.136024336,116.704655685,34.40617757));
#11540=DIRECTION('',(-0.000070704,0.000033439,-0.999999997));
#11541=DIRECTION('',(0.999999998,0.000000176,-0.000070704));
#11542=AXIS2_PLACEMENT_3D('',#11539,#11540,#11541);
#11543=PLANE('',#11542);
#11544=ORIENTED_EDGE('',*,*,#7993,.T.);
#11545=ORIENTED_EDGE('',*,*,#11500,.T.);
#11546=ORIENTED_EDGE('',*,*,#1427,.T.);
#11547=ORIENTED_EDGE('',*,*,#11515,.T.);
#11548=EDGE_LOOP('',(#11544,#11545,#11546,#11547));
#11549=FACE_BOUND('',#11548,.T.);
#11550=ADVANCED_FACE('',(#11549),#11543,.T.);
#11551=CARTESIAN_POINT('',(79.134257615,111.70549167,9.40601045));
#11552=DIRECTION('',(0.000000174,-0.999999999,-0.000033439));
#11553=DIRECTION('',(-0.000070704,0.000033439,-0.999999997));
#11554=AXIS2_PLACEMENT_3D('',#11551,#11552,#11553);
#11555=PLANE('',#11554);
#11556=ORIENTED_EDGE('',*,*,#7950,.T.);
#11557=CARTESIAN_POINT('',(80.258894058,111.705491869,9.405930934));
#11558=DIRECTION('',(0.999999998,0.000000176,-0.000070704));
#11559=VECTOR('',#11558,1.91364642);
#11560=LINE('',#11557,#11559);
#11561=EDGE_CURVE('',#7936,#1360,#11560,.T.);
#11562=ORIENTED_EDGE('',*,*,#11561,.T.);
#11563=ORIENTED_EDGE('',*,*,#1367,.T.);
#11564=CARTESIAN_POINT('',(80.26066165,111.704655886,34.405930858));
#11565=DIRECTION('',(0.999999998,0.000000176,-0.000070704));
#11566=VECTOR('',#11565,1.91364642);
#11567=LINE('',#11564,#11566);
#11568=EDGE_CURVE('',#7945,#1362,#11567,.T.);
#11569=ORIENTED_EDGE('',*,*,#11568,.F.);
#11570=EDGE_LOOP('',(#11556,#11562,#11563,#11569));
#11571=FACE_BOUND('',#11570,.T.);
#11572=ADVANCED_FACE('',(#11571),#11555,.T.);
#11573=CARTESIAN_POINT('',(86.134257945,109.705492906,9.405448646));
#11574=DIRECTION('',(-0.000000174,0.999999999,0.000033439));
#11575=DIRECTION('',(0.000070704,-0.000033439,0.999999997));
#11576=AXIS2_PLACEMENT_3D('',#11573,#11574,#11575);
#11577=PLANE('',#11576);
#11578=ORIENTED_EDGE('',*,*,#7933,.T.);
#11579=CARTESIAN_POINT('',(82.440477652,109.704656272,34.405709858));
#11580=DIRECTION('',(-0.999999998,-0.000000176,0.000070704));
#11581=VECTOR('',#11580,1.919394551);
#11582=LINE('',#11579,#11581);
#11583=EDGE_CURVE('',#1379,#7928,#11582,.T.);
#11584=ORIENTED_EDGE('',*,*,#11583,.F.);
#11585=ORIENTED_EDGE('',*,*,#1384,.T.);
#11586=CARTESIAN_POINT('',(82.43871006,109.705492254,9.405709934));
#11587=DIRECTION('',(-0.999999998,-0.000000176,0.000070704));
#11588=VECTOR('',#11587,1.919394551);
#11589=LINE('',#11586,#11588);
#11590=EDGE_CURVE('',#1370,#7926,#11589,.T.);
#11591=ORIENTED_EDGE('',*,*,#11590,.T.);
#11592=EDGE_LOOP('',(#11578,#11584,#11585,#11591));
#11593=FACE_BOUND('',#11592,.T.);
#11594=ADVANCED_FACE('',(#11593),#11577,.T.);
#11595=CARTESIAN_POINT('',(79.134257615,111.70549167,9.40601045));
#11596=DIRECTION('',(-0.000070704,0.000033439,-0.999999997));
#11597=DIRECTION('',(0.999999998,0.000000176,-0.000070704));
#11598=AXIS2_PLACEMENT_3D('',#11595,#11596,#11597);
#11599=PLANE('',#11598);
#11600=ORIENTED_EDGE('',*,*,#11590,.F.);
#11601=ORIENTED_EDGE('',*,*,#1376,.F.);
#11602=ORIENTED_EDGE('',*,*,#11561,.F.);
#11603=ORIENTED_EDGE('',*,*,#7942,.F.);
#11604=EDGE_LOOP('',(#11600,#11601,#11602,#11603));
#11605=FACE_BOUND('',#11604,.T.);
#11606=ADVANCED_FACE('',(#11605),#11599,.F.);
#11607=CARTESIAN_POINT('',(79.136025207,111.704655687,34.406010374));
#11608=DIRECTION('',(-0.000070704,0.000033439,-0.999999997));
#11609=DIRECTION('',(0.999999998,0.000000176,-0.000070704));
#11610=AXIS2_PLACEMENT_3D('',#11607,#11608,#11609);
#11611=PLANE('',#11610);
#11612=ORIENTED_EDGE('',*,*,#7957,.T.);
#11613=ORIENTED_EDGE('',*,*,#11568,.T.);
#11614=ORIENTED_EDGE('',*,*,#1391,.T.);
#11615=ORIENTED_EDGE('',*,*,#11583,.T.);
#11616=EDGE_LOOP('',(#11612,#11613,#11614,#11615));
#11617=FACE_BOUND('',#11616,.T.);
#11618=ADVANCED_FACE('',(#11617),#11611,.T.);
#11619=CARTESIAN_POINT('',(259.134258712,102.816634542,9.392986551));
#11620=DIRECTION('',(-0.000000174,0.999999999,0.000033439));
#11621=DIRECTION('',(-0.000070704,0.000033439,-0.999999997));
#11622=AXIS2_PLACEMENT_3D('',#11619,#11620,#11621);
#11623=PLANE('',#11622);
#11624=ORIENTED_EDGE('',*,*,#9081,.T.);
#11625=CARTESIAN_POINT('',(256.496513614,102.816634077,9.39317305));
#11626=DIRECTION('',(-0.999999998,-0.000000176,0.000070704));
#11627=VECTOR('',#11626,1.947539651);
#11628=LINE('',#11625,#11627);
#11629=EDGE_CURVE('',#9067,#2267,#11628,.T.);
#11630=ORIENTED_EDGE('',*,*,#11629,.T.);
#11631=ORIENTED_EDGE('',*,*,#2274,.T.);
#11632=CARTESIAN_POINT('',(256.498281206,102.815798094,34.393172973));
#11633=DIRECTION('',(-0.999999998,-0.000000176,0.000070704));
#11634=VECTOR('',#11633,1.947539651);
#11635=LINE('',#11632,#11634);
#11636=EDGE_CURVE('',#9076,#2269,#11635,.T.);
#11637=ORIENTED_EDGE('',*,*,#11636,.F.);
#11638=EDGE_LOOP('',(#11624,#11630,#11631,#11637));
#11639=FACE_BOUND('',#11638,.T.);
#11640=ADVANCED_FACE('',(#11639),#11623,.T.);
#11641=CARTESIAN_POINT('',(252.134258381,104.816633306,9.393548356));
#11642=DIRECTION('',(0.000000174,-0.999999999,-0.000033439));
#11643=DIRECTION('',(0.000070704,-0.000033439,0.999999997));
#11644=AXIS2_PLACEMENT_3D('',#11641,#11642,#11643);
#11645=PLANE('',#11644);
#11646=ORIENTED_EDGE('',*,*,#9064,.T.);
#11647=CARTESIAN_POINT('',(254.981534632,104.815797826,34.393347091));
#11648=DIRECTION('',(0.999999998,0.000000176,-0.000070704));
#11649=VECTOR('',#11648,1.937982711);
#11650=LINE('',#11647,#11649);
#11651=EDGE_CURVE('',#2286,#9059,#11650,.T.);
#11652=ORIENTED_EDGE('',*,*,#11651,.F.);
#11653=ORIENTED_EDGE('',*,*,#2291,.T.);
#11654=CARTESIAN_POINT('',(254.97976704,104.816633808,9.393347168));
#11655=DIRECTION('',(0.999999998,0.000000176,-0.000070704));
#11656=VECTOR('',#11655,1.937982711);
#11657=LINE('',#11654,#11656);
#11658=EDGE_CURVE('',#2277,#9057,#11657,.T.);
#11659=ORIENTED_EDGE('',*,*,#11658,.T.);
#11660=EDGE_LOOP('',(#11646,#11652,#11653,#11659));
#11661=FACE_BOUND('',#11660,.T.);
#11662=ADVANCED_FACE('',(#11661),#11645,.T.);
#11663=CARTESIAN_POINT('',(259.134258712,102.816634542,9.392986551));
#11664=DIRECTION('',(-0.000070704,0.000033439,-0.999999997));
#11665=DIRECTION('',(-0.999999998,-0.000000176,0.000070704));
#11666=AXIS2_PLACEMENT_3D('',#11663,#11664,#11665);
#11667=PLANE('',#11666);
#11668=ORIENTED_EDGE('',*,*,#11658,.F.);
#11669=ORIENTED_EDGE('',*,*,#2283,.F.);
#11670=ORIENTED_EDGE('',*,*,#11629,.F.);
#11671=ORIENTED_EDGE('',*,*,#9073,.F.);
#11672=EDGE_LOOP('',(#11668,#11669,#11670,#11671));
#11673=FACE_BOUND('',#11672,.T.);
#11674=ADVANCED_FACE('',(#11673),#11667,.F.);
#11675=CARTESIAN_POINT('',(259.136026304,102.81579856,34.392986475));
#11676=DIRECTION('',(-0.000070704,0.000033439,-0.999999997));
#11677=DIRECTION('',(-0.999999998,-0.000000176,0.000070704));
#11678=AXIS2_PLACEMENT_3D('',#11675,#11676,#11677);
#11679=PLANE('',#11678);
#11680=ORIENTED_EDGE('',*,*,#9088,.T.);
#11681=ORIENTED_EDGE('',*,*,#11636,.T.);
#11682=ORIENTED_EDGE('',*,*,#2298,.T.);
#11683=ORIENTED_EDGE('',*,*,#11651,.T.);
#11684=EDGE_LOOP('',(#11680,#11681,#11682,#11683));
#11685=FACE_BOUND('',#11684,.T.);
#11686=ADVANCED_FACE('',(#11685),#11679,.T.);
#11687=CARTESIAN_POINT('',(259.134257842,107.81663454,9.393153748));
#11688=DIRECTION('',(-0.000000174,0.999999999,0.000033439));
#11689=DIRECTION('',(-0.000070704,0.000033439,-0.999999997));
#11690=AXIS2_PLACEMENT_3D('',#11687,#11688,#11689);
#11691=PLANE('',#11690);
#11692=ORIENTED_EDGE('',*,*,#9045,.T.);
#11693=CARTESIAN_POINT('',(257.460969688,107.816634244,9.393272056));
#11694=DIRECTION('',(-0.999999998,-0.000000176,0.000070704));
#11695=VECTOR('',#11694,1.925797352);
#11696=LINE('',#11693,#11695);
#11697=EDGE_CURVE('',#9031,#2231,#11696,.T.);
#11698=ORIENTED_EDGE('',*,*,#11697,.T.);
#11699=ORIENTED_EDGE('',*,*,#2238,.T.);
#11700=CARTESIAN_POINT('',(257.46273728,107.815798262,34.393271979));
#11701=DIRECTION('',(-0.999999998,-0.000000176,0.000070704));
#11702=VECTOR('',#11701,1.925797352);
#11703=LINE('',#11700,#11702);
#11704=EDGE_CURVE('',#9040,#2233,#11703,.T.);
#11705=ORIENTED_EDGE('',*,*,#11704,.F.);
#11706=EDGE_LOOP('',(#11692,#11698,#11699,#11705));
#11707=FACE_BOUND('',#11706,.T.);
#11708=ADVANCED_FACE('',(#11707),#11691,.T.);
#11709=CARTESIAN_POINT('',(252.134257511,109.816633304,9.393715552));
#11710=DIRECTION('',(0.000000174,-0.999999999,-0.000033439));
#11711=DIRECTION('',(0.000070704,-0.000033439,0.999999997));
#11712=AXIS2_PLACEMENT_3D('',#11709,#11710,#11711);
#11713=PLANE('',#11712);
#11714=ORIENTED_EDGE('',*,*,#9028,.T.);
#11715=CARTESIAN_POINT('',(255.84759181,109.815797976,34.393453055));
#11716=DIRECTION('',(0.999999998,0.000000176,-0.000070704));
#11717=VECTOR('',#11716,1.919047648);
#11718=LINE('',#11715,#11717);
#11719=EDGE_CURVE('',#2250,#9023,#11718,.T.);
#11720=ORIENTED_EDGE('',*,*,#11719,.F.);
#11721=ORIENTED_EDGE('',*,*,#2255,.T.);
#11722=CARTESIAN_POINT('',(255.845824219,109.816633958,9.393453131));
#11723=DIRECTION('',(0.999999998,0.000000176,-0.000070704));
#11724=VECTOR('',#11723,1.919047648);
#11725=LINE('',#11722,#11724);
#11726=EDGE_CURVE('',#2241,#9021,#11725,.T.);
#11727=ORIENTED_EDGE('',*,*,#11726,.T.);
#11728=EDGE_LOOP('',(#11714,#11720,#11721,#11727));
#11729=FACE_BOUND('',#11728,.T.);
#11730=ADVANCED_FACE('',(#11729),#11713,.T.);
#11731=CARTESIAN_POINT('',(259.134257842,107.81663454,9.393153748));
#11732=DIRECTION('',(-0.000070704,0.000033439,-0.999999997));
#11733=DIRECTION('',(-0.999999998,-0.000000176,0.000070704));
#11734=AXIS2_PLACEMENT_3D('',#11731,#11732,#11733);
#11735=PLANE('',#11734);
#11736=ORIENTED_EDGE('',*,*,#11726,.F.);
#11737=ORIENTED_EDGE('',*,*,#2247,.F.);
#11738=ORIENTED_EDGE('',*,*,#11697,.F.);
#11739=ORIENTED_EDGE('',*,*,#9037,.F.);
#11740=EDGE_LOOP('',(#11736,#11737,#11738,#11739));
#11741=FACE_BOUND('',#11740,.T.);
#11742=ADVANCED_FACE('',(#11741),#11735,.F.);
#11743=CARTESIAN_POINT('',(259.136025434,107.815798557,34.393153672));
#11744=DIRECTION('',(-0.000070704,0.000033439,-0.999999997));
#11745=DIRECTION('',(-0.999999998,-0.000000176,0.000070704));
#11746=AXIS2_PLACEMENT_3D('',#11743,#11744,#11745);
#11747=PLANE('',#11746);
#11748=ORIENTED_EDGE('',*,*,#9052,.T.);
#11749=ORIENTED_EDGE('',*,*,#11704,.T.);
#11750=ORIENTED_EDGE('',*,*,#2262,.T.);
#11751=ORIENTED_EDGE('',*,*,#11719,.T.);
#11752=EDGE_LOOP('',(#11748,#11749,#11750,#11751));
#11753=FACE_BOUND('',#11752,.T.);
#11754=ADVANCED_FACE('',(#11753),#11747,.T.);
#11755=CARTESIAN_POINT('',(259.134256971,112.816634537,9.393320945));
#11756=DIRECTION('',(-0.000000174,0.999999999,0.000033439));
#11757=DIRECTION('',(-0.000070704,0.000033439,-0.999999997));
#11758=AXIS2_PLACEMENT_3D('',#11755,#11756,#11757);
#11759=PLANE('',#11758);
#11760=ORIENTED_EDGE('',*,*,#9009,.T.);
#11761=CARTESIAN_POINT('',(258.134551745,112.81663436,9.393391628));
#11762=DIRECTION('',(-0.999999998,-0.000000176,0.000070704));
#11763=VECTOR('',#11762,1.91090122);
#11764=LINE('',#11761,#11763);
#11765=EDGE_CURVE('',#8995,#2195,#11764,.T.);
#11766=ORIENTED_EDGE('',*,*,#11765,.T.);
#11767=ORIENTED_EDGE('',*,*,#2202,.T.);
#11768=CARTESIAN_POINT('',(258.136319337,112.815798378,34.393391551));
#11769=DIRECTION('',(-0.999999998,-0.000000176,0.000070704));
#11770=VECTOR('',#11769,1.91090122);
#11771=LINE('',#11768,#11770);
#11772=EDGE_CURVE('',#9004,#2197,#11771,.T.);
#11773=ORIENTED_EDGE('',*,*,#11772,.F.);
#11774=EDGE_LOOP('',(#11760,#11766,#11767,#11773));
#11775=FACE_BOUND('',#11774,.T.);
#11776=ADVANCED_FACE('',(#11775),#11759,.T.);
#11777=CARTESIAN_POINT('',(252.134256641,114.816633301,9.393882749));
#11778=DIRECTION('',(0.000000174,-0.999999999,-0.000033439));
#11779=DIRECTION('',(0.000070704,-0.000033439,0.999999997));
#11780=AXIS2_PLACEMENT_3D('',#11777,#11778,#11779);
#11781=PLANE('',#11780);
#11782=ORIENTED_EDGE('',*,*,#8992,.T.);
#11783=CARTESIAN_POINT('',(256.419128239,114.815798074,34.393579841));
#11784=DIRECTION('',(0.999999998,0.000000176,-0.000070704));
#11785=VECTOR('',#11784,1.906751051);
#11786=LINE('',#11783,#11785);
#11787=EDGE_CURVE('',#2214,#8987,#11786,.T.);
#11788=ORIENTED_EDGE('',*,*,#11787,.F.);
#11789=ORIENTED_EDGE('',*,*,#2219,.T.);
#11790=CARTESIAN_POINT('',(256.417360648,114.816634056,9.393579918));
#11791=DIRECTION('',(0.999999998,0.000000176,-0.000070704));
#11792=VECTOR('',#11791,1.906751051);
#11793=LINE('',#11790,#11792);
#11794=EDGE_CURVE('',#2205,#8985,#11793,.T.);
#11795=ORIENTED_EDGE('',*,*,#11794,.T.);
#11796=EDGE_LOOP('',(#11782,#11788,#11789,#11795));
#11797=FACE_BOUND('',#11796,.T.);
#11798=ADVANCED_FACE('',(#11797),#11781,.T.);
#11799=CARTESIAN_POINT('',(259.134256971,112.816634537,9.393320945));
#11800=DIRECTION('',(-0.000070704,0.000033439,-0.999999997));
#11801=DIRECTION('',(-0.999999998,-0.000000176,0.000070704));
#11802=AXIS2_PLACEMENT_3D('',#11799,#11800,#11801);
#11803=PLANE('',#11802);
#11804=ORIENTED_EDGE('',*,*,#11794,.F.);
#11805=ORIENTED_EDGE('',*,*,#2211,.F.);
#11806=ORIENTED_EDGE('',*,*,#11765,.F.);
#11807=ORIENTED_EDGE('',*,*,#9001,.F.);
#11808=EDGE_LOOP('',(#11804,#11805,#11806,#11807));
#11809=FACE_BOUND('',#11808,.T.);
#11810=ADVANCED_FACE('',(#11809),#11803,.F.);
#11811=CARTESIAN_POINT('',(259.136024563,112.815798554,34.393320868));
#11812=DIRECTION('',(-0.000070704,0.000033439,-0.999999997));
#11813=DIRECTION('',(-0.999999998,-0.000000176,0.000070704));
#11814=AXIS2_PLACEMENT_3D('',#11811,#11812,#11813);
#11815=PLANE('',#11814);
#11816=ORIENTED_EDGE('',*,*,#9016,.T.);
#11817=ORIENTED_EDGE('',*,*,#11772,.T.);
#11818=ORIENTED_EDGE('',*,*,#2226,.T.);
#11819=ORIENTED_EDGE('',*,*,#11787,.T.);
#11820=EDGE_LOOP('',(#11816,#11817,#11818,#11819));
#11821=FACE_BOUND('',#11820,.T.);
#11822=ADVANCED_FACE('',(#11821),#11815,.T.);
#11823=CARTESIAN_POINT('',(259.134256101,117.816634534,9.393488141));
#11824=DIRECTION('',(-0.000000174,0.999999999,0.000033439));
#11825=DIRECTION('',(-0.000070704,0.000033439,-0.999999997));
#11826=AXIS2_PLACEMENT_3D('',#11823,#11824,#11825);
#11827=PLANE('',#11826);
#11828=ORIENTED_EDGE('',*,*,#8973,.T.);
#11829=CARTESIAN_POINT('',(258.52383555,117.816634426,9.3935313));
#11830=DIRECTION('',(-0.999999998,-0.000000176,0.000070704));
#11831=VECTOR('',#11830,1.902398023);
#11832=LINE('',#11829,#11831);
#11833=EDGE_CURVE('',#8959,#2159,#11832,.T.);
#11834=ORIENTED_EDGE('',*,*,#11833,.T.);
#11835=ORIENTED_EDGE('',*,*,#2166,.T.);
#11836=CARTESIAN_POINT('',(258.525603142,117.815798444,34.393531224));
#11837=DIRECTION('',(-0.999999998,-0.000000176,0.000070704));
#11838=VECTOR('',#11837,1.902398023);
#11839=LINE('',#11836,#11838);
#11840=EDGE_CURVE('',#8968,#2161,#11839,.T.);
#11841=ORIENTED_EDGE('',*,*,#11840,.F.);
#11842=EDGE_LOOP('',(#11828,#11834,#11835,#11841));
#11843=FACE_BOUND('',#11842,.T.);
#11844=ADVANCED_FACE('',(#11843),#11827,.T.);
#11845=CARTESIAN_POINT('',(252.134255771,119.816633298,9.394049946));
#11846=DIRECTION('',(0.000000174,-0.999999999,-0.000033439));
#11847=DIRECTION('',(0.000070704,-0.000033439,0.999999997));
#11848=AXIS2_PLACEMENT_3D('',#11845,#11846,#11847);
#11849=PLANE('',#11848);
#11850=ORIENTED_EDGE('',*,*,#8956,.T.);
#11851=CARTESIAN_POINT('',(256.701911066,119.815798121,34.393727044));
#11852=DIRECTION('',(0.999999998,0.000000176,-0.000070704));
#11853=VECTOR('',#11852,1.900724446);
#11854=LINE('',#11851,#11853);
#11855=EDGE_CURVE('',#2178,#8951,#11854,.T.);
#11856=ORIENTED_EDGE('',*,*,#11855,.F.);
#11857=ORIENTED_EDGE('',*,*,#2183,.T.);
#11858=CARTESIAN_POINT('',(256.700143474,119.816634103,9.393727121));
#11859=DIRECTION('',(0.999999998,0.000000176,-0.000070704));
#11860=VECTOR('',#11859,1.900724446);
#11861=LINE('',#11858,#11860);
#11862=EDGE_CURVE('',#2169,#8949,#11861,.T.);
#11863=ORIENTED_EDGE('',*,*,#11862,.T.);
#11864=EDGE_LOOP('',(#11850,#11856,#11857,#11863));
#11865=FACE_BOUND('',#11864,.T.);
#11866=ADVANCED_FACE('',(#11865),#11849,.T.);
#11867=CARTESIAN_POINT('',(259.134256101,117.816634534,9.393488141));
#11868=DIRECTION('',(-0.000070704,0.000033439,-0.999999997));
#11869=DIRECTION('',(-0.999999998,-0.000000176,0.000070704));
#11870=AXIS2_PLACEMENT_3D('',#11867,#11868,#11869);
#11871=PLANE('',#11870);
#11872=ORIENTED_EDGE('',*,*,#11862,.F.);
#11873=ORIENTED_EDGE('',*,*,#2175,.F.);
#11874=ORIENTED_EDGE('',*,*,#11833,.F.);
#11875=ORIENTED_EDGE('',*,*,#8965,.F.);
#11876=EDGE_LOOP('',(#11872,#11873,#11874,#11875));
#11877=FACE_BOUND('',#11876,.T.);
#11878=ADVANCED_FACE('',(#11877),#11871,.F.);
#11879=CARTESIAN_POINT('',(259.136023693,117.815798551,34.393488065));
#11880=DIRECTION('',(-0.000070704,0.000033439,-0.999999997));
#11881=DIRECTION('',(-0.999999998,-0.000000176,0.000070704));
#11882=AXIS2_PLACEMENT_3D('',#11879,#11880,#11881);
#11883=PLANE('',#11882);
#11884=ORIENTED_EDGE('',*,*,#8980,.T.);
#11885=ORIENTED_EDGE('',*,*,#11840,.T.);
#11886=ORIENTED_EDGE('',*,*,#2190,.T.);
#11887=ORIENTED_EDGE('',*,*,#11855,.T.);
#11888=EDGE_LOOP('',(#11884,#11885,#11886,#11887));
#11889=FACE_BOUND('',#11888,.T.);
#11890=ADVANCED_FACE('',(#11889),#11883,.T.);
#11891=CARTESIAN_POINT('',(259.134255231,122.816634531,9.393655338));
#11892=DIRECTION('',(-0.000000174,0.999999999,0.000033439));
#11893=DIRECTION('',(-0.000070704,0.000033439,-0.999999997));
#11894=AXIS2_PLACEMENT_3D('',#11891,#11892,#11893);
#11895=PLANE('',#11894);
#11896=ORIENTED_EDGE('',*,*,#8937,.T.);
#11897=CARTESIAN_POINT('',(258.63253096,122.816634443,9.393690812));
#11898=DIRECTION('',(-0.999999998,-0.000000176,0.000070704));
#11899=VECTOR('',#11898,1.9000374);
#11900=LINE('',#11897,#11899);
#11901=EDGE_CURVE('',#8923,#2123,#11900,.T.);
#11902=ORIENTED_EDGE('',*,*,#11901,.T.);
#11903=ORIENTED_EDGE('',*,*,#2130,.T.);
#11904=CARTESIAN_POINT('',(258.634298552,122.81579846,34.393690735));
#11905=DIRECTION('',(-0.999999998,-0.000000176,0.000070704));
#11906=VECTOR('',#11905,1.9000374);
#11907=LINE('',#11904,#11906);
#11908=EDGE_CURVE('',#8932,#2125,#11907,.T.);
#11909=ORIENTED_EDGE('',*,*,#11908,.F.);
#11910=EDGE_LOOP('',(#11896,#11902,#11903,#11909));
#11911=FACE_BOUND('',#11910,.T.);
#11912=ADVANCED_FACE('',(#11911),#11895,.T.);
#11913=CARTESIAN_POINT('',(252.1342549,124.816633295,9.394217142));
#11914=DIRECTION('',(0.000000174,-0.999999999,-0.000033439));
#11915=DIRECTION('',(0.000070704,-0.000033439,0.999999997));
#11916=AXIS2_PLACEMENT_3D('',#11913,#11914,#11915);
#11917=PLANE('',#11916);
#11918=ORIENTED_EDGE('',*,*,#8920,.T.);
#11919=CARTESIAN_POINT('',(256.698737924,124.815798117,34.393894465));
#11920=DIRECTION('',(0.999999998,0.000000176,-0.000070704));
#11921=VECTOR('',#11920,1.900791843);
#11922=LINE('',#11919,#11921);
#11923=EDGE_CURVE('',#2142,#8915,#11922,.T.);
#11924=ORIENTED_EDGE('',*,*,#11923,.F.);
#11925=ORIENTED_EDGE('',*,*,#2147,.T.);
#11926=CARTESIAN_POINT('',(256.696970332,124.8166341,9.393894541));
#11927=DIRECTION('',(0.999999998,0.000000176,-0.000070704));
#11928=VECTOR('',#11927,1.900791843);
#11929=LINE('',#11926,#11928);
#11930=EDGE_CURVE('',#2133,#8913,#11929,.T.);
#11931=ORIENTED_EDGE('',*,*,#11930,.T.);
#11932=EDGE_LOOP('',(#11918,#11924,#11925,#11931));
#11933=FACE_BOUND('',#11932,.T.);
#11934=ADVANCED_FACE('',(#11933),#11917,.T.);
#11935=CARTESIAN_POINT('',(259.134255231,122.816634531,9.393655338));
#11936=DIRECTION('',(-0.000070704,0.000033439,-0.999999997));
#11937=DIRECTION('',(-0.999999998,-0.000000176,0.000070704));
#11938=AXIS2_PLACEMENT_3D('',#11935,#11936,#11937);
#11939=PLANE('',#11938);
#11940=ORIENTED_EDGE('',*,*,#11930,.F.);
#11941=ORIENTED_EDGE('',*,*,#2139,.F.);
#11942=ORIENTED_EDGE('',*,*,#11901,.F.);
#11943=ORIENTED_EDGE('',*,*,#8929,.F.);
#11944=EDGE_LOOP('',(#11940,#11941,#11942,#11943));
#11945=FACE_BOUND('',#11944,.T.);
#11946=ADVANCED_FACE('',(#11945),#11939,.F.);
#11947=CARTESIAN_POINT('',(259.136022823,122.815798549,34.393655261));
#11948=DIRECTION('',(-0.000070704,0.000033439,-0.999999997));
#11949=DIRECTION('',(-0.999999998,-0.000000176,0.000070704));
#11950=AXIS2_PLACEMENT_3D('',#11947,#11948,#11949);
#11951=PLANE('',#11950);
#11952=ORIENTED_EDGE('',*,*,#8944,.T.);
#11953=ORIENTED_EDGE('',*,*,#11908,.T.);
#11954=ORIENTED_EDGE('',*,*,#2154,.T.);
#11955=ORIENTED_EDGE('',*,*,#11923,.T.);
#11956=EDGE_LOOP('',(#11952,#11953,#11954,#11955));
#11957=FACE_BOUND('',#11956,.T.);
#11958=ADVANCED_FACE('',(#11957),#11951,.T.);
#11959=CARTESIAN_POINT('',(259.134254361,127.816634528,9.393822534));
#11960=DIRECTION('',(-0.000000174,0.999999999,0.000033439));
#11961=DIRECTION('',(-0.000070704,0.000033439,-0.999999997));
#11962=AXIS2_PLACEMENT_3D('',#11959,#11960,#11961);
#11963=PLANE('',#11962);
#11964=ORIENTED_EDGE('',*,*,#8901,.T.);
#11965=CARTESIAN_POINT('',(258.461662265,127.81663441,9.393870089));
#11966=DIRECTION('',(-0.999999998,-0.000000176,0.000070704));
#11967=VECTOR('',#11966,1.903750907);
#11968=LINE('',#11965,#11967);
#11969=EDGE_CURVE('',#8887,#2087,#11968,.T.);
#11970=ORIENTED_EDGE('',*,*,#11969,.T.);
#11971=ORIENTED_EDGE('',*,*,#2094,.T.);
#11972=CARTESIAN_POINT('',(258.463429857,127.815798427,34.393870013));
#11973=DIRECTION('',(-0.999999998,-0.000000176,0.000070704));
#11974=VECTOR('',#11973,1.903750907);
#11975=LINE('',#11972,#11974);
#11976=EDGE_CURVE('',#8896,#2089,#11975,.T.);
#11977=ORIENTED_EDGE('',*,*,#11976,.F.);
#11978=EDGE_LOOP('',(#11964,#11970,#11971,#11977));
#11979=FACE_BOUND('',#11978,.T.);
#11980=ADVANCED_FACE('',(#11979),#11963,.T.);
#11981=CARTESIAN_POINT('',(252.13425403,129.816633292,9.394384339));
#11982=DIRECTION('',(0.000000174,-0.999999999,-0.000033439));
#11983=DIRECTION('',(0.000070704,-0.000033439,0.999999997));
#11984=AXIS2_PLACEMENT_3D('',#11981,#11982,#11983);
#11985=PLANE('',#11984);
#11986=ORIENTED_EDGE('',*,*,#8884,.T.);
#11987=CARTESIAN_POINT('',(256.40957763,129.815798064,34.394082106));
#11988=DIRECTION('',(0.999999998,0.000000176,-0.000070704));
#11989=VECTOR('',#11988,1.906955195);
#11990=LINE('',#11987,#11989);
#11991=EDGE_CURVE('',#2106,#8879,#11990,.T.);
#11992=ORIENTED_EDGE('',*,*,#11991,.F.);
#11993=ORIENTED_EDGE('',*,*,#2111,.T.);
#11994=CARTESIAN_POINT('',(256.407810039,129.816634046,9.394082183));
#11995=DIRECTION('',(0.999999998,0.000000176,-0.000070704));
#11996=VECTOR('',#11995,1.906955195);
#11997=LINE('',#11994,#11996);
#11998=EDGE_CURVE('',#2097,#8877,#11997,.T.);
#11999=ORIENTED_EDGE('',*,*,#11998,.T.);
#12000=EDGE_LOOP('',(#11986,#11992,#11993,#11999));
#12001=FACE_BOUND('',#12000,.T.);
#12002=ADVANCED_FACE('',(#12001),#11985,.T.);
#12003=CARTESIAN_POINT('',(259.134254361,127.816634528,9.393822534));
#12004=DIRECTION('',(-0.000070704,0.000033439,-0.999999997));
#12005=DIRECTION('',(-0.999999998,-0.000000176,0.000070704));
#12006=AXIS2_PLACEMENT_3D('',#12003,#12004,#12005);
#12007=PLANE('',#12006);
#12008=ORIENTED_EDGE('',*,*,#11998,.F.);
#12009=ORIENTED_EDGE('',*,*,#2103,.F.);
#12010=ORIENTED_EDGE('',*,*,#11969,.F.);
#12011=ORIENTED_EDGE('',*,*,#8893,.F.);
#12012=EDGE_LOOP('',(#12008,#12009,#12010,#12011));
#12013=FACE_BOUND('',#12012,.T.);
#12014=ADVANCED_FACE('',(#12013),#12007,.F.);
#12015=CARTESIAN_POINT('',(259.136021952,127.815798546,34.393822458));
#12016=DIRECTION('',(-0.000070704,0.000033439,-0.999999997));
#12017=DIRECTION('',(-0.999999998,-0.000000176,0.000070704));
#12018=AXIS2_PLACEMENT_3D('',#12015,#12016,#12017);
#12019=PLANE('',#12018);
#12020=ORIENTED_EDGE('',*,*,#8908,.T.);
#12021=ORIENTED_EDGE('',*,*,#11976,.T.);
#12022=ORIENTED_EDGE('',*,*,#2118,.T.);
#12023=ORIENTED_EDGE('',*,*,#11991,.T.);
#12024=EDGE_LOOP('',(#12020,#12021,#12022,#12023));
#12025=FACE_BOUND('',#12024,.T.);
#12026=ADVANCED_FACE('',(#12025),#12019,.T.);
#12027=CARTESIAN_POINT('',(259.13425349,132.816634526,9.393989731));
#12028=DIRECTION('',(-0.000000174,0.999999999,0.000033439));
#12029=DIRECTION('',(-0.000070704,0.000033439,-0.999999997));
#12030=AXIS2_PLACEMENT_3D('',#12027,#12028,#12029);
#12031=PLANE('',#12030);
#12032=ORIENTED_EDGE('',*,*,#8865,.T.);
#12033=CARTESIAN_POINT('',(258.009617049,132.816634327,9.394069247));
#12034=DIRECTION('',(-0.999999998,-0.000000176,0.000070704));
#12035=VECTOR('',#12034,1.913646421);
#12036=LINE('',#12033,#12035);
#12037=EDGE_CURVE('',#8851,#2051,#12036,.T.);
#12038=ORIENTED_EDGE('',*,*,#12037,.T.);
#12039=ORIENTED_EDGE('',*,*,#2058,.T.);
#12040=CARTESIAN_POINT('',(258.01138464,132.815798345,34.394069171));
#12041=DIRECTION('',(-0.999999998,-0.000000176,0.000070704));
#12042=VECTOR('',#12041,1.913646421);
#12043=LINE('',#12040,#12042);
#12044=EDGE_CURVE('',#8860,#2053,#12043,.T.);
#12045=ORIENTED_EDGE('',*,*,#12044,.F.);
#12046=EDGE_LOOP('',(#12032,#12038,#12039,#12045));
#12047=FACE_BOUND('',#12046,.T.);
#12048=ADVANCED_FACE('',(#12047),#12031,.T.);
#12049=CARTESIAN_POINT('',(252.13425316,134.81663329,9.394551535));
#12050=DIRECTION('',(0.000000174,-0.999999999,-0.000033439));
#12051=DIRECTION('',(0.000070704,-0.000033439,0.999999997));
#12052=AXIS2_PLACEMENT_3D('',#12049,#12050,#12051);
#12053=PLANE('',#12052);
#12054=ORIENTED_EDGE('',*,*,#8848,.T.);
#12055=CARTESIAN_POINT('',(255.831568637,134.815797959,34.39429017));
#12056=DIRECTION('',(0.999999998,0.000000176,-0.000070704));
#12057=VECTOR('',#12056,1.919394553);
#12058=LINE('',#12055,#12057);
#12059=EDGE_CURVE('',#2070,#8843,#12058,.T.);
#12060=ORIENTED_EDGE('',*,*,#12059,.F.);
#12061=ORIENTED_EDGE('',*,*,#2075,.T.);
#12062=CARTESIAN_POINT('',(255.829801045,134.816633942,9.394290247));
#12063=DIRECTION('',(0.999999998,0.000000176,-0.000070704));
#12064=VECTOR('',#12063,1.919394553);
#12065=LINE('',#12062,#12064);
#12066=EDGE_CURVE('',#2061,#8841,#12065,.T.);
#12067=ORIENTED_EDGE('',*,*,#12066,.T.);
#12068=EDGE_LOOP('',(#12054,#12060,#12061,#12067));
#12069=FACE_BOUND('',#12068,.T.);
#12070=ADVANCED_FACE('',(#12069),#12053,.T.);
#12071=CARTESIAN_POINT('',(259.13425349,132.816634526,9.393989731));
#12072=DIRECTION('',(-0.000070704,0.000033439,-0.999999997));
#12073=DIRECTION('',(-0.999999998,-0.000000176,0.000070704));
#12074=AXIS2_PLACEMENT_3D('',#12071,#12072,#12073);
#12075=PLANE('',#12074);
#12076=ORIENTED_EDGE('',*,*,#12066,.F.);
#12077=ORIENTED_EDGE('',*,*,#2067,.F.);
#12078=ORIENTED_EDGE('',*,*,#12037,.F.);
#12079=ORIENTED_EDGE('',*,*,#8857,.F.);
#12080=EDGE_LOOP('',(#12076,#12077,#12078,#12079));
#12081=FACE_BOUND('',#12080,.T.);
#12082=ADVANCED_FACE('',(#12081),#12075,.F.);
#12083=CARTESIAN_POINT('',(259.136021082,132.815798543,34.393989655));
#12084=DIRECTION('',(-0.000070704,0.000033439,-0.999999997));
#12085=DIRECTION('',(-0.999999998,-0.000000176,0.000070704));
#12086=AXIS2_PLACEMENT_3D('',#12083,#12084,#12085);
#12087=PLANE('',#12086);
#12088=ORIENTED_EDGE('',*,*,#8872,.T.);
#12089=ORIENTED_EDGE('',*,*,#12044,.T.);
#12090=ORIENTED_EDGE('',*,*,#2082,.T.);
#12091=ORIENTED_EDGE('',*,*,#12059,.T.);
#12092=EDGE_LOOP('',(#12088,#12089,#12090,#12091));
#12093=FACE_BOUND('',#12092,.T.);
#12094=ADVANCED_FACE('',(#12093),#12087,.T.);
#12095=CARTESIAN_POINT('',(259.134259582,97.816634545,9.392819355));
#12096=DIRECTION('',(-0.000070704,0.000033439,-0.999999997));
#12097=DIRECTION('',(-0.999999998,-0.000000176,0.000070704));
#12098=AXIS2_PLACEMENT_3D('',#12095,#12096,#12097);
#12099=PLANE('',#12098);
#12100=CARTESIAN_POINT('',(253.810152591,99.816633605,9.393262667));
#12101=DIRECTION('',(0.999999998,0.000000176,-0.000070704));
#12102=VECTOR('',#12101,1.964148864);
#12103=LINE('',#12100,#12102);
#12104=EDGE_CURVE('',#2313,#9093,#12103,.T.);
#12105=ORIENTED_EDGE('',*,*,#12104,.F.);
#12106=ORIENTED_EDGE('',*,*,#2319,.F.);
#12107=CARTESIAN_POINT('',(255.231408999,97.816633857,9.393095301));
#12108=DIRECTION('',(-0.999999998,-0.000000176,0.000070704));
#12109=VECTOR('',#12108,1.976824064);
#12110=LINE('',#12107,#12109);
#12111=EDGE_CURVE('',#9103,#2303,#12110,.T.);
#12112=ORIENTED_EDGE('',*,*,#12111,.F.);
#12113=ORIENTED_EDGE('',*,*,#9109,.F.);
#12114=EDGE_LOOP('',(#12105,#12106,#12112,#12113));
#12115=FACE_BOUND('',#12114,.T.);
#12116=ADVANCED_FACE('',(#12115),#12099,.F.);
#12117=CARTESIAN_POINT('',(259.136027174,97.815798563,34.392819278));
#12118=DIRECTION('',(-0.000070704,0.000033439,-0.999999997));
#12119=DIRECTION('',(-0.999999998,-0.000000176,0.000070704));
#12120=AXIS2_PLACEMENT_3D('',#12117,#12118,#12119);
#12121=PLANE('',#12120);
#12122=ORIENTED_EDGE('',*,*,#9124,.T.);
#12123=CARTESIAN_POINT('',(255.23317659,97.815797874,34.393095224));
#12124=DIRECTION('',(-0.999999998,-0.000000176,0.000070704));
#12125=VECTOR('',#12124,1.976824064);
#12126=LINE('',#12123,#12125);
#12127=EDGE_CURVE('',#9112,#2305,#12126,.T.);
#12128=ORIENTED_EDGE('',*,*,#12127,.T.);
#12129=ORIENTED_EDGE('',*,*,#2334,.T.);
#12130=CARTESIAN_POINT('',(253.811920183,99.815797622,34.393262591));
#12131=DIRECTION('',(0.999999998,0.000000176,-0.000070704));
#12132=VECTOR('',#12131,1.964148864);
#12133=LINE('',#12130,#12132);
#12134=EDGE_CURVE('',#2322,#9095,#12133,.T.);
#12135=ORIENTED_EDGE('',*,*,#12134,.T.);
#12136=EDGE_LOOP('',(#12122,#12128,#12129,#12135));
#12137=FACE_BOUND('',#12136,.T.);
#12138=ADVANCED_FACE('',(#12137),#12121,.T.);
#12139=CARTESIAN_POINT('',(252.134259252,99.816633309,9.393381159));
#12140=DIRECTION('',(0.000000174,-0.999999999,-0.000033439));
#12141=DIRECTION('',(0.000070704,-0.000033439,0.999999997));
#12142=AXIS2_PLACEMENT_3D('',#12139,#12140,#12141);
#12143=PLANE('',#12142);
#12144=ORIENTED_EDGE('',*,*,#9100,.T.);
#12145=ORIENTED_EDGE('',*,*,#12134,.F.);
#12146=ORIENTED_EDGE('',*,*,#2327,.T.);
#12147=ORIENTED_EDGE('',*,*,#12104,.T.);
#12148=EDGE_LOOP('',(#12144,#12145,#12146,#12147));
#12149=FACE_BOUND('',#12148,.T.);
#12150=ADVANCED_FACE('',(#12149),#12143,.T.);
#12151=CARTESIAN_POINT('',(259.134259582,97.816634545,9.392819355));
#12152=DIRECTION('',(-0.000000174,0.999999999,0.000033439));
#12153=DIRECTION('',(-0.000070704,0.000033439,-0.999999997));
#12154=AXIS2_PLACEMENT_3D('',#12151,#12152,#12153);
#12155=PLANE('',#12154);
#12156=ORIENTED_EDGE('',*,*,#9117,.T.);
#12157=ORIENTED_EDGE('',*,*,#12111,.T.);
#12158=ORIENTED_EDGE('',*,*,#2310,.T.);
#12159=ORIENTED_EDGE('',*,*,#12127,.F.);
#12160=EDGE_LOOP('',(#12156,#12157,#12158,#12159));
#12161=FACE_BOUND('',#12160,.T.);
#12162=ADVANCED_FACE('',(#12161),#12155,.T.);
#12163=CARTESIAN_POINT('',(160.13423991,212.26106146,9.403645962));
#12164=DIRECTION('',(-0.000070704,0.000033439,-0.999999997));
#12165=DIRECTION('',(0.000000174,-0.999999999,-0.000033439));
#12166=AXIS2_PLACEMENT_3D('',#12163,#12164,#12165);
#12167=PLANE('',#12166);
#12168=CARTESIAN_POINT('',(158.134240453,209.167677658,9.403683929));
#12169=DIRECTION('',(-0.000000174,0.999999999,0.000033439));
#12170=VECTOR('',#12169,1.914833564);
#12171=LINE('',#12168,#12170);
#12172=EDGE_CURVE('',#4475,#8433,#12171,.T.);
#12173=ORIENTED_EDGE('',*,*,#12172,.F.);
#12174=ORIENTED_EDGE('',*,*,#4481,.F.);
#12175=CARTESIAN_POINT('',(160.134240076,211.307397714,9.403614072));
#12176=DIRECTION('',(0.000000174,-0.999999999,-0.000033439));
#12177=VECTOR('',#12176,1.909891525);
#12178=LINE('',#12175,#12177);
#12179=EDGE_CURVE('',#8443,#4465,#12178,.T.);
#12180=ORIENTED_EDGE('',*,*,#12179,.F.);
#12181=ORIENTED_EDGE('',*,*,#8449,.F.);
#12182=EDGE_LOOP('',(#12173,#12174,#12180,#12181));
#12183=FACE_BOUND('',#12182,.T.);
#12184=ADVANCED_FACE('',(#12183),#12167,.F.);
#12185=CARTESIAN_POINT('',(160.136007502,212.260225477,34.403645886));
#12186=DIRECTION('',(-0.000070704,0.000033439,-0.999999997));
#12187=DIRECTION('',(0.000000174,-0.999999999,-0.000033439));
#12188=AXIS2_PLACEMENT_3D('',#12185,#12186,#12187);
#12189=PLANE('',#12188);
#12190=ORIENTED_EDGE('',*,*,#8464,.T.);
#12191=CARTESIAN_POINT('',(160.136007668,211.306561731,34.403613996));
#12192=DIRECTION('',(0.000000174,-0.999999999,-0.000033439));
#12193=VECTOR('',#12192,1.909891525);
#12194=LINE('',#12191,#12193);
#12195=EDGE_CURVE('',#8452,#4467,#12194,.T.);
#12196=ORIENTED_EDGE('',*,*,#12195,.T.);
#12197=ORIENTED_EDGE('',*,*,#4496,.T.);
#12198=CARTESIAN_POINT('',(158.136008045,209.166841675,34.403683853));
#12199=DIRECTION('',(-0.000000174,0.999999999,0.000033439));
#12200=VECTOR('',#12199,1.914833564);
#12201=LINE('',#12198,#12200);
#12202=EDGE_CURVE('',#4484,#8435,#12201,.T.);
#12203=ORIENTED_EDGE('',*,*,#12202,.T.);
#12204=EDGE_LOOP('',(#12190,#12196,#12197,#12203));
#12205=FACE_BOUND('',#12204,.T.);
#12206=ADVANCED_FACE('',(#12205),#12189,.T.);
#12207=CARTESIAN_POINT('',(158.134241133,205.261061111,9.403553294));
#12208=DIRECTION('',(0.999999998,0.000000176,-0.000070704));
#12209=DIRECTION('',(0.000070704,-0.000033439,0.999999997));
#12210=AXIS2_PLACEMENT_3D('',#12207,#12208,#12209);
#12211=PLANE('',#12210);
#12212=ORIENTED_EDGE('',*,*,#8440,.T.);
#12213=ORIENTED_EDGE('',*,*,#12202,.F.);
#12214=ORIENTED_EDGE('',*,*,#4489,.T.);
#12215=ORIENTED_EDGE('',*,*,#12172,.T.);
#12216=EDGE_LOOP('',(#12212,#12213,#12214,#12215));
#12217=FACE_BOUND('',#12216,.T.);
#12218=ADVANCED_FACE('',(#12217),#12211,.T.);
#12219=CARTESIAN_POINT('',(160.13423991,212.26106146,9.403645962));
#12220=DIRECTION('',(-0.999999998,-0.000000176,0.000070704));
#12221=DIRECTION('',(-0.000070704,0.000033439,-0.999999997));
#12222=AXIS2_PLACEMENT_3D('',#12219,#12220,#12221);
#12223=PLANE('',#12222);
#12224=ORIENTED_EDGE('',*,*,#8457,.T.);
#12225=ORIENTED_EDGE('',*,*,#12179,.T.);
#12226=ORIENTED_EDGE('',*,*,#4472,.T.);
#12227=ORIENTED_EDGE('',*,*,#12195,.F.);
#12228=EDGE_LOOP('',(#12224,#12225,#12226,#12227));
#12229=FACE_BOUND('',#12228,.T.);
#12230=ADVANCED_FACE('',(#12229),#12223,.T.);
#12231=CARTESIAN_POINT('',(165.134239897,212.261062342,9.403292444));
#12232=DIRECTION('',(-0.000070704,0.000033439,-0.999999997));
#12233=DIRECTION('',(0.000000174,-0.999999999,-0.000033439));
#12234=AXIS2_PLACEMENT_3D('',#12231,#12232,#12233);
#12235=PLANE('',#12234);
#12236=CARTESIAN_POINT('',(163.134240356,209.655340979,9.403346718));
#12237=DIRECTION('',(-0.000000174,0.999999999,0.000033439));
#12238=VECTOR('',#12237,1.904377217);
#12239=LINE('',#12236,#12238);
#12240=EDGE_CURVE('',#4511,#8469,#12239,.T.);
#12241=ORIENTED_EDGE('',*,*,#12240,.F.);
#12242=ORIENTED_EDGE('',*,*,#4517,.F.);
#12243=CARTESIAN_POINT('',(165.13424,211.671632188,9.403272734));
#12244=DIRECTION('',(0.000000174,-0.999999999,-0.000033439));
#12245=VECTOR('',#12244,1.9019417);
#12246=LINE('',#12243,#12245);
#12247=EDGE_CURVE('',#8479,#4501,#12246,.T.);
#12248=ORIENTED_EDGE('',*,*,#12247,.F.);
#12249=ORIENTED_EDGE('',*,*,#8485,.F.);
#12250=EDGE_LOOP('',(#12241,#12242,#12248,#12249));
#12251=FACE_BOUND('',#12250,.T.);
#12252=ADVANCED_FACE('',(#12251),#12235,.F.);
#12253=CARTESIAN_POINT('',(165.136007489,212.260226359,34.403292367));
#12254=DIRECTION('',(-0.000070704,0.000033439,-0.999999997));
#12255=DIRECTION('',(0.000000174,-0.999999999,-0.000033439));
#12256=AXIS2_PLACEMENT_3D('',#12253,#12254,#12255);
#12257=PLANE('',#12256);
#12258=ORIENTED_EDGE('',*,*,#8500,.T.);
#12259=CARTESIAN_POINT('',(165.136007592,211.670796206,34.403272657));
#12260=DIRECTION('',(0.000000174,-0.999999999,-0.000033439));
#12261=VECTOR('',#12260,1.9019417);
#12262=LINE('',#12259,#12261);
#12263=EDGE_CURVE('',#8488,#4503,#12262,.T.);
#12264=ORIENTED_EDGE('',*,*,#12263,.T.);
#12265=ORIENTED_EDGE('',*,*,#4532,.T.);
#12266=CARTESIAN_POINT('',(163.136007948,209.654504997,34.403346641));
#12267=DIRECTION('',(-0.000000174,0.999999999,0.000033439));
#12268=VECTOR('',#12267,1.904377217);
#12269=LINE('',#12266,#12268);
#12270=EDGE_CURVE('',#4520,#8471,#12269,.T.);
#12271=ORIENTED_EDGE('',*,*,#12270,.T.);
#12272=EDGE_LOOP('',(#12258,#12264,#12265,#12271));
#12273=FACE_BOUND('',#12272,.T.);
#12274=ADVANCED_FACE('',(#12273),#12257,.T.);
#12275=CARTESIAN_POINT('',(163.134241121,205.261061993,9.403199776));
#12276=DIRECTION('',(0.999999998,0.000000176,-0.000070704));
#12277=DIRECTION('',(0.000070704,-0.000033439,0.999999997));
#12278=AXIS2_PLACEMENT_3D('',#12275,#12276,#12277);
#12279=PLANE('',#12278);
#12280=ORIENTED_EDGE('',*,*,#8476,.T.);
#12281=ORIENTED_EDGE('',*,*,#12270,.F.);
#12282=ORIENTED_EDGE('',*,*,#4525,.T.);
#12283=ORIENTED_EDGE('',*,*,#12240,.T.);
#12284=EDGE_LOOP('',(#12280,#12281,#12282,#12283));
#12285=FACE_BOUND('',#12284,.T.);
#12286=ADVANCED_FACE('',(#12285),#12279,.T.);
#12287=CARTESIAN_POINT('',(165.134239897,212.261062342,9.403292444));
#12288=DIRECTION('',(-0.999999998,-0.000000176,0.000070704));
#12289=DIRECTION('',(-0.000070704,0.000033439,-0.999999997));
#12290=AXIS2_PLACEMENT_3D('',#12287,#12288,#12289);
#12291=PLANE('',#12290);
#12292=ORIENTED_EDGE('',*,*,#8493,.T.);
#12293=ORIENTED_EDGE('',*,*,#12247,.T.);
#12294=ORIENTED_EDGE('',*,*,#4508,.T.);
#12295=ORIENTED_EDGE('',*,*,#12263,.F.);
#12296=EDGE_LOOP('',(#12292,#12293,#12294,#12295));
#12297=FACE_BOUND('',#12296,.T.);
#12298=ADVANCED_FACE('',(#12297),#12291,.T.);
#12299=CARTESIAN_POINT('',(170.134239885,212.261063224,9.402938926));
#12300=DIRECTION('',(-0.000070704,0.000033439,-0.999999997));
#12301=DIRECTION('',(0.000000174,-0.999999999,-0.000033439));
#12302=AXIS2_PLACEMENT_3D('',#12299,#12300,#12301);
#12303=PLANE('',#12302);
#12304=CARTESIAN_POINT('',(168.134240308,209.855354924,9.402999888));
#12305=DIRECTION('',(-0.000000174,0.999999999,0.000033439));
#12306=VECTOR('',#12305,1.900121183);
#12307=LINE('',#12304,#12306);
#12308=EDGE_CURVE('',#4547,#8505,#12307,.T.);
#12309=ORIENTED_EDGE('',*,*,#12308,.F.);
#12310=ORIENTED_EDGE('',*,*,#4553,.F.);
#12311=CARTESIAN_POINT('',(170.134239973,211.755476459,9.402922019));
#12312=DIRECTION('',(0.000000174,-0.999999999,-0.000033439));
#12313=VECTOR('',#12312,1.900121183);
#12314=LINE('',#12311,#12313);
#12315=EDGE_CURVE('',#8515,#4537,#12314,.T.);
#12316=ORIENTED_EDGE('',*,*,#12315,.F.);
#12317=ORIENTED_EDGE('',*,*,#8521,.F.);
#12318=EDGE_LOOP('',(#12309,#12310,#12316,#12317));
#12319=FACE_BOUND('',#12318,.T.);
#12320=ADVANCED_FACE('',(#12319),#12303,.F.);
#12321=CARTESIAN_POINT('',(170.136007477,212.260227241,34.402938849));
#12322=DIRECTION('',(-0.000070704,0.000033439,-0.999999997));
#12323=DIRECTION('',(0.000000174,-0.999999999,-0.000033439));
#12324=AXIS2_PLACEMENT_3D('',#12321,#12322,#12323);
#12325=PLANE('',#12324);
#12326=ORIENTED_EDGE('',*,*,#8536,.T.);
#12327=CARTESIAN_POINT('',(170.136007565,211.754640476,34.402921943));
#12328=DIRECTION('',(0.000000174,-0.999999999,-0.000033439));
#12329=VECTOR('',#12328,1.900121183);
#12330=LINE('',#12327,#12329);
#12331=EDGE_CURVE('',#8524,#4539,#12330,.T.);
#12332=ORIENTED_EDGE('',*,*,#12331,.T.);
#12333=ORIENTED_EDGE('',*,*,#4568,.T.);
#12334=CARTESIAN_POINT('',(168.1360079,209.854518941,34.402999811));
#12335=DIRECTION('',(-0.000000174,0.999999999,0.000033439));
#12336=VECTOR('',#12335,1.900121183);
#12337=LINE('',#12334,#12336);
#12338=EDGE_CURVE('',#4556,#8507,#12337,.T.);
#12339=ORIENTED_EDGE('',*,*,#12338,.T.);
#12340=EDGE_LOOP('',(#12326,#12332,#12333,#12339));
#12341=FACE_BOUND('',#12340,.T.);
#12342=ADVANCED_FACE('',(#12341),#12325,.T.);
#12343=CARTESIAN_POINT('',(168.134241108,205.261062875,9.402846258));
#12344=DIRECTION('',(0.999999998,0.000000176,-0.000070704));
#12345=DIRECTION('',(0.000070704,-0.000033439,0.999999997));
#12346=AXIS2_PLACEMENT_3D('',#12343,#12344,#12345);
#12347=PLANE('',#12346);
#12348=ORIENTED_EDGE('',*,*,#8512,.T.);
#12349=ORIENTED_EDGE('',*,*,#12338,.F.);
#12350=ORIENTED_EDGE('',*,*,#4561,.T.);
#12351=ORIENTED_EDGE('',*,*,#12308,.T.);
#12352=EDGE_LOOP('',(#12348,#12349,#12350,#12351));
#12353=FACE_BOUND('',#12352,.T.);
#12354=ADVANCED_FACE('',(#12353),#12347,.T.);
#12355=CARTESIAN_POINT('',(170.134239885,212.261063224,9.402938926));
#12356=DIRECTION('',(-0.999999998,-0.000000176,0.000070704));
#12357=DIRECTION('',(-0.000070704,0.000033439,-0.999999997));
#12358=AXIS2_PLACEMENT_3D('',#12355,#12356,#12357);
#12359=PLANE('',#12358);
#12360=ORIENTED_EDGE('',*,*,#8529,.T.);
#12361=ORIENTED_EDGE('',*,*,#12315,.T.);
#12362=ORIENTED_EDGE('',*,*,#4544,.T.);
#12363=ORIENTED_EDGE('',*,*,#12331,.F.);
#12364=EDGE_LOOP('',(#12360,#12361,#12362,#12363));
#12365=FACE_BOUND('',#12364,.T.);
#12366=ADVANCED_FACE('',(#12365),#12359,.T.);
#12367=CARTESIAN_POINT('',(175.134239872,212.261064106,9.402585407));
#12368=DIRECTION('',(-0.000070704,0.000033439,-0.999999997));
#12369=DIRECTION('',(0.000000174,-0.999999999,-0.000033439));
#12370=AXIS2_PLACEMENT_3D('',#12367,#12368,#12369);
#12371=PLANE('',#12370);
#12372=CARTESIAN_POINT('',(173.134240311,209.769691901,9.402643505));
#12373=DIRECTION('',(-0.000000174,0.999999999,0.000033439));
#12374=VECTOR('',#12373,1.9019417);
#12375=LINE('',#12372,#12374);
#12376=EDGE_CURVE('',#4583,#8541,#12375,.T.);
#12377=ORIENTED_EDGE('',*,*,#12376,.F.);
#12378=ORIENTED_EDGE('',*,*,#4589,.F.);
#12379=CARTESIAN_POINT('',(175.134239994,211.559720313,9.402561955));
#12380=DIRECTION('',(0.000000174,-0.999999999,-0.000033439));
#12381=VECTOR('',#12380,1.904377217);
#12382=LINE('',#12379,#12381);
#12383=EDGE_CURVE('',#8551,#4573,#12382,.T.);
#12384=ORIENTED_EDGE('',*,*,#12383,.F.);
#12385=ORIENTED_EDGE('',*,*,#8557,.F.);
#12386=EDGE_LOOP('',(#12377,#12378,#12384,#12385));
#12387=FACE_BOUND('',#12386,.T.);
#12388=ADVANCED_FACE('',(#12387),#12371,.F.);
#12389=CARTESIAN_POINT('',(175.136007464,212.260228123,34.402585331));
#12390=DIRECTION('',(-0.000070704,0.000033439,-0.999999997));
#12391=DIRECTION('',(0.000000174,-0.999999999,-0.000033439));
#12392=AXIS2_PLACEMENT_3D('',#12389,#12390,#12391);
#12393=PLANE('',#12392);
#12394=ORIENTED_EDGE('',*,*,#8572,.T.);
#12395=CARTESIAN_POINT('',(175.136007586,211.55888433,34.402561878));
#12396=DIRECTION('',(0.000000174,-0.999999999,-0.000033439));
#12397=VECTOR('',#12396,1.904377217);
#12398=LINE('',#12395,#12397);
#12399=EDGE_CURVE('',#8560,#4575,#12398,.T.);
#12400=ORIENTED_EDGE('',*,*,#12399,.T.);
#12401=ORIENTED_EDGE('',*,*,#4604,.T.);
#12402=CARTESIAN_POINT('',(173.136007903,209.768855918,34.402643428));
#12403=DIRECTION('',(-0.000000174,0.999999999,0.000033439));
#12404=VECTOR('',#12403,1.9019417);
#12405=LINE('',#12402,#12404);
#12406=EDGE_CURVE('',#4592,#8543,#12405,.T.);
#12407=ORIENTED_EDGE('',*,*,#12406,.T.);
#12408=EDGE_LOOP('',(#12394,#12400,#12401,#12407));
#12409=FACE_BOUND('',#12408,.T.);
#12410=ADVANCED_FACE('',(#12409),#12393,.T.);
#12411=CARTESIAN_POINT('',(173.134241096,205.261063757,9.402492739));
#12412=DIRECTION('',(0.999999998,0.000000176,-0.000070704));
#12413=DIRECTION('',(0.000070704,-0.000033439,0.999999997));
#12414=AXIS2_PLACEMENT_3D('',#12411,#12412,#12413);
#12415=PLANE('',#12414);
#12416=ORIENTED_EDGE('',*,*,#8548,.T.);
#12417=ORIENTED_EDGE('',*,*,#12406,.F.);
#12418=ORIENTED_EDGE('',*,*,#4597,.T.);
#12419=ORIENTED_EDGE('',*,*,#12376,.T.);
#12420=EDGE_LOOP('',(#12416,#12417,#12418,#12419));
#12421=FACE_BOUND('',#12420,.T.);
#12422=ADVANCED_FACE('',(#12421),#12415,.T.);
#12423=CARTESIAN_POINT('',(175.134239872,212.261064106,9.402585407));
#12424=DIRECTION('',(-0.999999998,-0.000000176,0.000070704));
#12425=DIRECTION('',(-0.000070704,0.000033439,-0.999999997));
#12426=AXIS2_PLACEMENT_3D('',#12423,#12424,#12425);
#12427=PLANE('',#12426);
#12428=ORIENTED_EDGE('',*,*,#8565,.T.);
#12429=ORIENTED_EDGE('',*,*,#12383,.T.);
#12430=ORIENTED_EDGE('',*,*,#4580,.T.);
#12431=ORIENTED_EDGE('',*,*,#12399,.F.);
#12432=EDGE_LOOP('',(#12428,#12429,#12430,#12431));
#12433=FACE_BOUND('',#12432,.T.);
#12434=ADVANCED_FACE('',(#12433),#12427,.T.);
#12435=CARTESIAN_POINT('',(180.13423986,212.261064988,9.402231889));
#12436=DIRECTION('',(-0.000070704,0.000033439,-0.999999997));
#12437=DIRECTION('',(0.000000174,-0.999999999,-0.000033439));
#12438=AXIS2_PLACEMENT_3D('',#12435,#12436,#12437);
#12439=PLANE('',#12438);
#12440=CARTESIAN_POINT('',(178.134240363,209.397509366,9.402277541));
#12441=DIRECTION('',(-0.000000174,0.999999999,0.000033439));
#12442=VECTOR('',#12441,1.909891525);
#12443=LINE('',#12440,#12442);
#12444=EDGE_CURVE('',#4619,#8577,#12443,.T.);
#12445=ORIENTED_EDGE('',*,*,#12444,.F.);
#12446=ORIENTED_EDGE('',*,*,#4625,.F.);
#12447=CARTESIAN_POINT('',(180.134240065,211.082515102,9.402192479));
#12448=DIRECTION('',(0.000000174,-0.999999999,-0.000033439));
#12449=VECTOR('',#12448,1.914833564);
#12450=LINE('',#12447,#12449);
#12451=EDGE_CURVE('',#8587,#4609,#12450,.T.);
#12452=ORIENTED_EDGE('',*,*,#12451,.F.);
#12453=ORIENTED_EDGE('',*,*,#8593,.F.);
#12454=EDGE_LOOP('',(#12445,#12446,#12452,#12453));
#12455=FACE_BOUND('',#12454,.T.);
#12456=ADVANCED_FACE('',(#12455),#12439,.F.);
#12457=CARTESIAN_POINT('',(180.136007452,212.260229006,34.402231812));
#12458=DIRECTION('',(-0.000070704,0.000033439,-0.999999997));
#12459=DIRECTION('',(0.000000174,-0.999999999,-0.000033439));
#12460=AXIS2_PLACEMENT_3D('',#12457,#12458,#12459);
#12461=PLANE('',#12460);
#12462=ORIENTED_EDGE('',*,*,#8608,.T.);
#12463=CARTESIAN_POINT('',(180.136007657,211.081679119,34.402192403));
#12464=DIRECTION('',(0.000000174,-0.999999999,-0.000033439));
#12465=VECTOR('',#12464,1.914833564);
#12466=LINE('',#12463,#12465);
#12467=EDGE_CURVE('',#8596,#4611,#12466,.T.);
#12468=ORIENTED_EDGE('',*,*,#12467,.T.);
#12469=ORIENTED_EDGE('',*,*,#4640,.T.);
#12470=CARTESIAN_POINT('',(178.136007955,209.396673383,34.402277464));
#12471=DIRECTION('',(-0.000000174,0.999999999,0.000033439));
#12472=VECTOR('',#12471,1.909891525);
#12473=LINE('',#12470,#12472);
#12474=EDGE_CURVE('',#4628,#8579,#12473,.T.);
#12475=ORIENTED_EDGE('',*,*,#12474,.T.);
#12476=EDGE_LOOP('',(#12462,#12468,#12469,#12475));
#12477=FACE_BOUND('',#12476,.T.);
#12478=ADVANCED_FACE('',(#12477),#12461,.T.);
#12479=CARTESIAN_POINT('',(178.134241083,205.261064639,9.402139221));
#12480=DIRECTION('',(0.999999998,0.000000176,-0.000070704));
#12481=DIRECTION('',(0.000070704,-0.000033439,0.999999997));
#12482=AXIS2_PLACEMENT_3D('',#12479,#12480,#12481);
#12483=PLANE('',#12482);
#12484=ORIENTED_EDGE('',*,*,#8584,.T.);
#12485=ORIENTED_EDGE('',*,*,#12474,.F.);
#12486=ORIENTED_EDGE('',*,*,#4633,.T.);
#12487=ORIENTED_EDGE('',*,*,#12444,.T.);
#12488=EDGE_LOOP('',(#12484,#12485,#12486,#12487));
#12489=FACE_BOUND('',#12488,.T.);
#12490=ADVANCED_FACE('',(#12489),#12483,.T.);
#12491=CARTESIAN_POINT('',(180.13423986,212.261064988,9.402231889));
#12492=DIRECTION('',(-0.999999998,-0.000000176,0.000070704));
#12493=DIRECTION('',(-0.000070704,0.000033439,-0.999999997));
#12494=AXIS2_PLACEMENT_3D('',#12491,#12492,#12493);
#12495=PLANE('',#12494);
#12496=ORIENTED_EDGE('',*,*,#8601,.T.);
#12497=ORIENTED_EDGE('',*,*,#12451,.T.);
#12498=ORIENTED_EDGE('',*,*,#4616,.T.);
#12499=ORIENTED_EDGE('',*,*,#12467,.F.);
#12500=EDGE_LOOP('',(#12496,#12497,#12498,#12499));
#12501=FACE_BOUND('',#12500,.T.);
#12502=ADVANCED_FACE('',(#12501),#12495,.T.);
#12503=CARTESIAN_POINT('',(185.134239847,212.26106587,9.401878371));
#12504=DIRECTION('',(-0.000070704,0.000033439,-0.999999997));
#12505=DIRECTION('',(0.000000174,-0.999999999,-0.000033439));
#12506=AXIS2_PLACEMENT_3D('',#12503,#12504,#12505);
#12507=PLANE('',#12506);
#12508=CARTESIAN_POINT('',(183.134240466,208.735107867,9.401901872));
#12509=DIRECTION('',(-0.000000174,0.999999999,0.000033439));
#12510=VECTOR('',#12509,1.924204242);
#12511=LINE('',#12508,#12510);
#12512=EDGE_CURVE('',#4655,#8613,#12511,.T.);
#12513=ORIENTED_EDGE('',*,*,#12512,.F.);
#12514=ORIENTED_EDGE('',*,*,#4661,.F.);
#12515=CARTESIAN_POINT('',(185.134240185,210.319285251,9.401813439));
#12516=DIRECTION('',(0.000000174,-0.999999999,-0.000033439));
#12517=VECTOR('',#12516,1.931800668);
#12518=LINE('',#12515,#12517);
#12519=EDGE_CURVE('',#8623,#4645,#12518,.T.);
#12520=ORIENTED_EDGE('',*,*,#12519,.F.);
#12521=ORIENTED_EDGE('',*,*,#8629,.F.);
#12522=EDGE_LOOP('',(#12513,#12514,#12520,#12521));
#12523=FACE_BOUND('',#12522,.T.);
#12524=ADVANCED_FACE('',(#12523),#12507,.F.);
#12525=CARTESIAN_POINT('',(185.136007439,212.260229888,34.401878294));
#12526=DIRECTION('',(-0.000070704,0.000033439,-0.999999997));
#12527=DIRECTION('',(0.000000174,-0.999999999,-0.000033439));
#12528=AXIS2_PLACEMENT_3D('',#12525,#12526,#12527);
#12529=PLANE('',#12528);
#12530=ORIENTED_EDGE('',*,*,#8644,.T.);
#12531=CARTESIAN_POINT('',(185.136007777,210.318449268,34.401813362));
#12532=DIRECTION('',(0.000000174,-0.999999999,-0.000033439));
#12533=VECTOR('',#12532,1.931800668);
#12534=LINE('',#12531,#12533);
#12535=EDGE_CURVE('',#8632,#4647,#12534,.T.);
#12536=ORIENTED_EDGE('',*,*,#12535,.T.);
#12537=ORIENTED_EDGE('',*,*,#4676,.T.);
#12538=CARTESIAN_POINT('',(183.136008058,208.734271885,34.401901796));
#12539=DIRECTION('',(-0.000000174,0.999999999,0.000033439));
#12540=VECTOR('',#12539,1.924204242);
#12541=LINE('',#12538,#12540);
#12542=EDGE_CURVE('',#4664,#8615,#12541,.T.);
#12543=ORIENTED_EDGE('',*,*,#12542,.T.);
#12544=EDGE_LOOP('',(#12530,#12536,#12537,#12543));
#12545=FACE_BOUND('',#12544,.T.);
#12546=ADVANCED_FACE('',(#12545),#12529,.T.);
#12547=CARTESIAN_POINT('',(183.134241071,205.261065521,9.401785703));
#12548=DIRECTION('',(0.999999998,0.000000176,-0.000070704));
#12549=DIRECTION('',(0.000070704,-0.000033439,0.999999997));
#12550=AXIS2_PLACEMENT_3D('',#12547,#12548,#12549);
#12551=PLANE('',#12550);
#12552=ORIENTED_EDGE('',*,*,#8620,.T.);
#12553=ORIENTED_EDGE('',*,*,#12542,.F.);
#12554=ORIENTED_EDGE('',*,*,#4669,.T.);
#12555=ORIENTED_EDGE('',*,*,#12512,.T.);
#12556=EDGE_LOOP('',(#12552,#12553,#12554,#12555));
#12557=FACE_BOUND('',#12556,.T.);
#12558=ADVANCED_FACE('',(#12557),#12551,.T.);
#12559=CARTESIAN_POINT('',(185.134239847,212.26106587,9.401878371));
#12560=DIRECTION('',(-0.999999998,-0.000000176,0.000070704));
#12561=DIRECTION('',(-0.000070704,0.000033439,-0.999999997));
#12562=AXIS2_PLACEMENT_3D('',#12559,#12560,#12561);
#12563=PLANE('',#12562);
#12564=ORIENTED_EDGE('',*,*,#8637,.T.);
#12565=ORIENTED_EDGE('',*,*,#12519,.T.);
#12566=ORIENTED_EDGE('',*,*,#4652,.T.);
#12567=ORIENTED_EDGE('',*,*,#12535,.F.);
#12568=EDGE_LOOP('',(#12564,#12565,#12566,#12567));
#12569=FACE_BOUND('',#12568,.T.);
#12570=ADVANCED_FACE('',(#12569),#12563,.T.);
#12571=CARTESIAN_POINT('',(190.134239835,212.261066752,9.401524852));
#12572=DIRECTION('',(-0.000070704,0.000033439,-0.999999997));
#12573=DIRECTION('',(0.000000174,-0.999999999,-0.000033439));
#12574=AXIS2_PLACEMENT_3D('',#12571,#12572,#12573);
#12575=PLANE('',#12574);
#12576=CARTESIAN_POINT('',(188.13424062,207.775743505,9.401516273));
#12577=DIRECTION('',(-0.000000174,0.999999999,0.000033439));
#12578=VECTOR('',#12577,1.945313751);
#12579=LINE('',#12576,#12578);
#12580=EDGE_CURVE('',#4691,#8649,#12579,.T.);
#12581=ORIENTED_EDGE('',*,*,#12580,.F.);
#12582=ORIENTED_EDGE('',*,*,#4697,.F.);
#12583=ORIENTED_EDGE('',*,*,#9274,.F.);
#12584=ORIENTED_EDGE('',*,*,#8665,.F.);
#12585=EDGE_LOOP('',(#12581,#12582,#12583,#12584));
#12586=FACE_BOUND('',#12585,.T.);
#12587=ADVANCED_FACE('',(#12586),#12575,.F.);
#12588=CARTESIAN_POINT('',(190.136007427,212.26023077,34.401524776));
#12589=DIRECTION('',(-0.000070704,0.000033439,-0.999999997));
#12590=DIRECTION('',(0.000000174,-0.999999999,-0.000033439));
#12591=AXIS2_PLACEMENT_3D('',#12588,#12589,#12590);
#12592=PLANE('',#12591);
#12593=ORIENTED_EDGE('',*,*,#8680,.T.);
#12594=ORIENTED_EDGE('',*,*,#9281,.T.);
#12595=ORIENTED_EDGE('',*,*,#4712,.T.);
#12596=CARTESIAN_POINT('',(188.136008212,207.774907522,34.401516197));
#12597=DIRECTION('',(-0.000000174,0.999999999,0.000033439));
#12598=VECTOR('',#12597,1.945313751);
#12599=LINE('',#12596,#12598);
#12600=EDGE_CURVE('',#4700,#8651,#12599,.T.);
#12601=ORIENTED_EDGE('',*,*,#12600,.T.);
#12602=EDGE_LOOP('',(#12593,#12594,#12595,#12601));
#12603=FACE_BOUND('',#12602,.T.);
#12604=ADVANCED_FACE('',(#12603),#12592,.T.);
#12605=CARTESIAN_POINT('',(188.134241058,205.261066404,9.401432184));
#12606=DIRECTION('',(0.999999998,0.000000176,-0.000070704));
#12607=DIRECTION('',(0.000070704,-0.000033439,0.999999997));
#12608=AXIS2_PLACEMENT_3D('',#12605,#12606,#12607);
#12609=PLANE('',#12608);
#12610=ORIENTED_EDGE('',*,*,#8656,.T.);
#12611=ORIENTED_EDGE('',*,*,#12600,.F.);
#12612=ORIENTED_EDGE('',*,*,#4705,.T.);
#12613=ORIENTED_EDGE('',*,*,#12580,.T.);
#12614=EDGE_LOOP('',(#12610,#12611,#12612,#12613));
#12615=FACE_BOUND('',#12614,.T.);
#12616=ADVANCED_FACE('',(#12615),#12609,.T.);
#12617=CARTESIAN_POINT('',(248.588996934,160.779854871,4.395670375));
#12618=DIRECTION('',(-0.000070704,0.000033439,-0.999999997));
#12619=DIRECTION('',(0.412231719,-0.911079034,-0.000059612));
#12620=AXIS2_PLACEMENT_3D('',#12617,#12618,#12619);
#12621=PLANE('',#12620);
#12622=ORIENTED_EDGE('',*,*,#4089,.T.);
#12623=EDGE_LOOP('',(#12622));
#12624=FACE_BOUND('',#12623,.T.);
#12625=CARTESIAN_POINT('',(250.382204912,156.816661073,4.395411062));
#12626=VERTEX_POINT('',#12625);
#12627=CARTESIAN_POINT('',(248.6917899,154.460287357,4.395451785));
#12628=VERTEX_POINT('',#12627);
#12629=CARTESIAN_POINT('',(250.382204912,156.816661073,4.395411062));
#12630=DIRECTION('',(-0.582901728,-0.812542661,0.000014042));
#12631=VECTOR('',#12630,2.9);
#12632=LINE('',#12629,#12631);
#12633=EDGE_CURVE('',#12626,#12628,#12632,.T.);
#12634=ORIENTED_EDGE('',*,*,#12633,.F.);
#12635=CARTESIAN_POINT('',(249.186732926,159.458790271,4.395583937));
#12636=VERTEX_POINT('',#12635);
#12637=CARTESIAN_POINT('',(249.186732926,159.458790271,4.395583937));
#12638=DIRECTION('',(0.412231719,-0.911079034,-0.000059612));
#12639=VECTOR('',#12638,2.9);
#12640=LINE('',#12637,#12639);
#12641=EDGE_CURVE('',#12636,#12626,#12640,.T.);
#12642=ORIENTED_EDGE('',*,*,#12641,.F.);
#12643=CARTESIAN_POINT('',(246.30084593,159.744545754,4.395797536));
#12644=VERTEX_POINT('',#12643);
#12645=CARTESIAN_POINT('',(246.30084593,159.744545754,4.395797536));
#12646=DIRECTION('',(0.995133447,-0.098536373,-0.000073655));
#12647=VECTOR('',#12646,2.9);
#12648=LINE('',#12645,#12647);
#12649=EDGE_CURVE('',#12644,#12636,#12648,.T.);
#12650=ORIENTED_EDGE('',*,*,#12649,.F.);
#12651=CARTESIAN_POINT('',(244.610430918,157.388172039,4.395838259));
#12652=VERTEX_POINT('',#12651);
#12653=CARTESIAN_POINT('',(244.610430918,157.388172039,4.395838259));
#12654=DIRECTION('',(0.582901728,0.812542661,-0.000014042));
#12655=VECTOR('',#12654,2.9);
#12656=LINE('',#12653,#12655);
#12657=EDGE_CURVE('',#12652,#12644,#12656,.T.);
#12658=ORIENTED_EDGE('',*,*,#12657,.F.);
#12659=CARTESIAN_POINT('',(245.805902904,154.74604284,4.395665383));
#12660=VERTEX_POINT('',#12659);
#12661=CARTESIAN_POINT('',(245.805902904,154.74604284,4.395665383));
#12662=DIRECTION('',(-0.412231719,0.911079034,0.000059612));
#12663=VECTOR('',#12662,2.9);
#12664=LINE('',#12661,#12663);
#12665=EDGE_CURVE('',#12660,#12652,#12664,.T.);
#12666=ORIENTED_EDGE('',*,*,#12665,.F.);
#12667=CARTESIAN_POINT('',(248.6917899,154.460287357,4.395451785));
#12668=DIRECTION('',(-0.995133447,0.098536373,0.000073655));
#12669=VECTOR('',#12668,2.9);
#12670=LINE('',#12667,#12669);
#12671=EDGE_CURVE('',#12628,#12660,#12670,.T.);
#12672=ORIENTED_EDGE('',*,*,#12671,.F.);
#12673=EDGE_LOOP('',(#12634,#12642,#12650,#12658,#12666,#12672));
#12674=FACE_BOUND('',#12673,.T.);
#12675=ADVANCED_FACE('',(#12624,#12674),#12621,.F.);
#12676=CARTESIAN_POINT('',(249.186732926,159.458790271,4.395583937));
#12677=DIRECTION('',(-0.911079033,-0.412231722,0.000050632));
#12678=DIRECTION('',(-0.412231719,0.911079034,0.000059612));
#12679=AXIS2_PLACEMENT_3D('',#12676,#12677,#12678);
#12680=PLANE('',#12679);
#12681=ORIENTED_EDGE('',*,*,#5039,.F.);
#12682=CARTESIAN_POINT('',(249.186732926,159.458790271,4.395583937));
#12683=DIRECTION('',(0.000070704,-0.000033439,0.999999997));
#12684=VECTOR('',#12683,35.);
#12685=LINE('',#12682,#12684);
#12686=EDGE_CURVE('',#12636,#5032,#12685,.T.);
#12687=ORIENTED_EDGE('',*,*,#12686,.F.);
#12688=ORIENTED_EDGE('',*,*,#12641,.T.);
#12689=CARTESIAN_POINT('',(250.382204912,156.816661073,4.395411062));
#12690=DIRECTION('',(0.000070704,-0.000033439,0.999999997));
#12691=VECTOR('',#12690,35.);
#12692=LINE('',#12689,#12691);
#12693=EDGE_CURVE('',#12626,#5034,#12692,.T.);
#12694=ORIENTED_EDGE('',*,*,#12693,.T.);
#12695=EDGE_LOOP('',(#12681,#12687,#12688,#12694));
#12696=FACE_BOUND('',#12695,.T.);
#12697=ADVANCED_FACE('',(#12696),#12680,.T.);
#12698=CARTESIAN_POINT('',(246.30084593,159.744545754,4.395797536));
#12699=DIRECTION('',(-0.098536376,-0.995133449,-0.00002631));
#12700=DIRECTION('',(-0.995133447,0.098536373,0.000073655));
#12701=AXIS2_PLACEMENT_3D('',#12698,#12699,#12700);
#12702=PLANE('',#12701);
#12703=ORIENTED_EDGE('',*,*,#5077,.F.);
#12704=CARTESIAN_POINT('',(246.30084593,159.744545754,4.395797536));
#12705=DIRECTION('',(0.000070704,-0.000033439,0.999999997));
#12706=VECTOR('',#12705,35.);
#12707=LINE('',#12704,#12706);
#12708=EDGE_CURVE('',#12644,#5066,#12707,.T.);
#12709=ORIENTED_EDGE('',*,*,#12708,.F.);
#12710=ORIENTED_EDGE('',*,*,#12649,.T.);
#12711=ORIENTED_EDGE('',*,*,#12686,.T.);
#12712=EDGE_LOOP('',(#12703,#12709,#12710,#12711));
#12713=FACE_BOUND('',#12712,.T.);
#12714=ADVANCED_FACE('',(#12713),#12702,.T.);
#12715=CARTESIAN_POINT('',(244.610430918,157.388172039,4.395838259));
#12716=DIRECTION('',(0.812542658,-0.582901727,-0.000076942));
#12717=DIRECTION('',(-0.582901728,-0.812542661,0.000014042));
#12718=AXIS2_PLACEMENT_3D('',#12715,#12716,#12717);
#12719=PLANE('',#12718);
#12720=ORIENTED_EDGE('',*,*,#5071,.F.);
#12721=CARTESIAN_POINT('',(244.610430918,157.388172039,4.395838259));
#12722=DIRECTION('',(0.000070704,-0.000033439,0.999999997));
#12723=VECTOR('',#12722,35.);
#12724=LINE('',#12721,#12723);
#12725=EDGE_CURVE('',#12652,#5058,#12724,.T.);
#12726=ORIENTED_EDGE('',*,*,#12725,.F.);
#12727=ORIENTED_EDGE('',*,*,#12657,.T.);
#12728=ORIENTED_EDGE('',*,*,#12708,.T.);
#12729=EDGE_LOOP('',(#12720,#12726,#12727,#12728));
#12730=FACE_BOUND('',#12729,.T.);
#12731=ADVANCED_FACE('',(#12730),#12719,.T.);
#12732=CARTESIAN_POINT('',(245.805902904,154.74604284,4.395665383));
#12733=DIRECTION('',(0.911079033,0.412231722,-0.000050632));
#12734=DIRECTION('',(0.000070704,-0.000033439,0.999999997));
#12735=AXIS2_PLACEMENT_3D('',#12732,#12733,#12734);
#12736=PLANE('',#12735);
#12737=ORIENTED_EDGE('',*,*,#5063,.F.);
#12738=CARTESIAN_POINT('',(245.805902904,154.74604284,4.395665383));
#12739=DIRECTION('',(0.000070704,-0.000033439,0.999999997));
#12740=VECTOR('',#12739,35.);
#12741=LINE('',#12738,#12740);
#12742=EDGE_CURVE('',#12660,#5050,#12741,.T.);
#12743=ORIENTED_EDGE('',*,*,#12742,.F.);
#12744=ORIENTED_EDGE('',*,*,#12665,.T.);
#12745=ORIENTED_EDGE('',*,*,#12725,.T.);
#12746=EDGE_LOOP('',(#12737,#12743,#12744,#12745));
#12747=FACE_BOUND('',#12746,.T.);
#12748=ADVANCED_FACE('',(#12747),#12736,.T.);
#12749=CARTESIAN_POINT('',(248.6917899,154.460287357,4.395451785));
#12750=DIRECTION('',(0.098536376,0.995133449,0.00002631));
#12751=DIRECTION('',(0.995133447,-0.098536373,-0.000073655));
#12752=AXIS2_PLACEMENT_3D('',#12749,#12750,#12751);
#12753=PLANE('',#12752);
#12754=ORIENTED_EDGE('',*,*,#5055,.F.);
#12755=CARTESIAN_POINT('',(248.6917899,154.460287357,4.395451785));
#12756=DIRECTION('',(0.000070704,-0.000033439,0.999999997));
#12757=VECTOR('',#12756,35.);
#12758=LINE('',#12755,#12757);
#12759=EDGE_CURVE('',#12628,#5042,#12758,.T.);
#12760=ORIENTED_EDGE('',*,*,#12759,.F.);
#12761=ORIENTED_EDGE('',*,*,#12671,.T.);
#12762=ORIENTED_EDGE('',*,*,#12742,.T.);
#12763=EDGE_LOOP('',(#12754,#12760,#12761,#12762));
#12764=FACE_BOUND('',#12763,.T.);
#12765=ADVANCED_FACE('',(#12764),#12753,.T.);
#12766=CARTESIAN_POINT('',(250.382204912,156.816661073,4.395411062));
#12767=DIRECTION('',(-0.812542658,0.582901727,0.000076942));
#12768=DIRECTION('',(0.582901728,0.812542661,-0.000014042));
#12769=AXIS2_PLACEMENT_3D('',#12766,#12767,#12768);
#12770=PLANE('',#12769);
#12771=ORIENTED_EDGE('',*,*,#5047,.F.);
#12772=ORIENTED_EDGE('',*,*,#12693,.F.);
#12773=ORIENTED_EDGE('',*,*,#12633,.T.);
#12774=ORIENTED_EDGE('',*,*,#12759,.T.);
#12775=EDGE_LOOP('',(#12771,#12772,#12773,#12774));
#12776=FACE_BOUND('',#12775,.T.);
#12777=ADVANCED_FACE('',(#12776),#12770,.T.);
#12778=CARTESIAN_POINT('',(89.678807136,83.74260572,4.404329837));
#12779=DIRECTION('',(-0.000070704,0.000033439,-0.999999997));
#12780=DIRECTION('',(-0.412231719,0.911079034,0.000059612));
#12781=AXIS2_PLACEMENT_3D('',#12778,#12779,#12780);
#12782=PLANE('',#12781);
#12783=ORIENTED_EDGE('',*,*,#5496,.T.);
#12784=EDGE_LOOP('',(#12783));
#12785=FACE_BOUND('',#12784,.T.);
#12786=CARTESIAN_POINT('',(87.885599158,87.705799518,4.40458915));
#12787=VERTEX_POINT('',#12786);
#12788=CARTESIAN_POINT('',(89.576014169,90.062173234,4.404548427));
#12789=VERTEX_POINT('',#12788);
#12790=CARTESIAN_POINT('',(87.885599158,87.705799518,4.40458915));
#12791=DIRECTION('',(0.582901728,0.812542661,-0.000014042));
#12792=VECTOR('',#12791,2.9);
#12793=LINE('',#12790,#12792);
#12794=EDGE_CURVE('',#12787,#12789,#12793,.T.);
#12795=ORIENTED_EDGE('',*,*,#12794,.F.);
#12796=CARTESIAN_POINT('',(89.081071143,85.06367032,4.404416274));
#12797=VERTEX_POINT('',#12796);
#12798=CARTESIAN_POINT('',(89.081071143,85.06367032,4.404416274));
#12799=DIRECTION('',(-0.412231719,0.911079034,0.000059612));
#12800=VECTOR('',#12799,2.9);
#12801=LINE('',#12798,#12800);
#12802=EDGE_CURVE('',#12797,#12787,#12801,.T.);
#12803=ORIENTED_EDGE('',*,*,#12802,.F.);
#12804=CARTESIAN_POINT('',(91.96695814,84.777914837,4.404202676));
#12805=VERTEX_POINT('',#12804);
#12806=CARTESIAN_POINT('',(91.96695814,84.777914837,4.404202676));
#12807=DIRECTION('',(-0.995133447,0.098536373,0.000073655));
#12808=VECTOR('',#12807,2.9);
#12809=LINE('',#12806,#12808);
#12810=EDGE_CURVE('',#12805,#12797,#12809,.T.);
#12811=ORIENTED_EDGE('',*,*,#12810,.F.);
#12812=CARTESIAN_POINT('',(93.657373151,87.134288552,4.404161953));
#12813=VERTEX_POINT('',#12812);
#12814=CARTESIAN_POINT('',(93.657373151,87.134288552,4.404161953));
#12815=DIRECTION('',(-0.582901728,-0.812542661,0.000014042));
#12816=VECTOR('',#12815,2.9);
#12817=LINE('',#12814,#12816);
#12818=EDGE_CURVE('',#12813,#12805,#12817,.T.);
#12819=ORIENTED_EDGE('',*,*,#12818,.F.);
#12820=CARTESIAN_POINT('',(92.461901166,89.776417751,4.404334828));
#12821=VERTEX_POINT('',#12820);
#12822=CARTESIAN_POINT('',(92.461901166,89.776417751,4.404334828));
#12823=DIRECTION('',(0.412231719,-0.911079034,-0.000059612));
#12824=VECTOR('',#12823,2.9);
#12825=LINE('',#12822,#12824);
#12826=EDGE_CURVE('',#12821,#12813,#12825,.T.);
#12827=ORIENTED_EDGE('',*,*,#12826,.F.);
#12828=CARTESIAN_POINT('',(89.576014169,90.062173234,4.404548427));
#12829=DIRECTION('',(0.995133447,-0.098536373,-0.000073655));
#12830=VECTOR('',#12829,2.9);
#12831=LINE('',#12828,#12830);
#12832=EDGE_CURVE('',#12789,#12821,#12831,.T.);
#12833=ORIENTED_EDGE('',*,*,#12832,.F.);
#12834=EDGE_LOOP('',(#12795,#12803,#12811,#12819,#12827,#12833));
#12835=FACE_BOUND('',#12834,.T.);
#12836=ADVANCED_FACE('',(#12785,#12835),#12782,.F.);
#12837=CARTESIAN_POINT('',(89.081071143,85.06367032,4.404416274));
#12838=DIRECTION('',(0.911079033,0.412231722,-0.000050632));
#12839=DIRECTION('',(0.412231719,-0.911079034,-0.000059612));
#12840=AXIS2_PLACEMENT_3D('',#12837,#12838,#12839);
#12841=PLANE('',#12840);
#12842=ORIENTED_EDGE('',*,*,#9879,.F.);
#12843=CARTESIAN_POINT('',(89.081071143,85.06367032,4.404416274));
#12844=DIRECTION('',(0.000070704,-0.000033439,0.999999997));
#12845=VECTOR('',#12844,35.);
#12846=LINE('',#12843,#12845);
#12847=EDGE_CURVE('',#12797,#9872,#12846,.T.);
#12848=ORIENTED_EDGE('',*,*,#12847,.F.);
#12849=ORIENTED_EDGE('',*,*,#12802,.T.);
#12850=CARTESIAN_POINT('',(87.885599158,87.705799518,4.40458915));
#12851=DIRECTION('',(0.000070704,-0.000033439,0.999999997));
#12852=VECTOR('',#12851,35.);
#12853=LINE('',#12850,#12852);
#12854=EDGE_CURVE('',#12787,#9874,#12853,.T.);
#12855=ORIENTED_EDGE('',*,*,#12854,.T.);
#12856=EDGE_LOOP('',(#12842,#12848,#12849,#12855));
#12857=FACE_BOUND('',#12856,.T.);
#12858=ADVANCED_FACE('',(#12857),#12841,.T.);
#12859=CARTESIAN_POINT('',(91.96695814,84.777914837,4.404202676));
#12860=DIRECTION('',(0.098536376,0.995133449,0.00002631));
#12861=DIRECTION('',(0.995133447,-0.098536373,-0.000073655));
#12862=AXIS2_PLACEMENT_3D('',#12859,#12860,#12861);
#12863=PLANE('',#12862);
#12864=ORIENTED_EDGE('',*,*,#9917,.F.);
#12865=CARTESIAN_POINT('',(91.96695814,84.777914837,4.404202676));
#12866=DIRECTION('',(0.000070704,-0.000033439,0.999999997));
#12867=VECTOR('',#12866,35.);
#12868=LINE('',#12865,#12867);
#12869=EDGE_CURVE('',#12805,#9906,#12868,.T.);
#12870=ORIENTED_EDGE('',*,*,#12869,.F.);
#12871=ORIENTED_EDGE('',*,*,#12810,.T.);
#12872=ORIENTED_EDGE('',*,*,#12847,.T.);
#12873=EDGE_LOOP('',(#12864,#12870,#12871,#12872));
#12874=FACE_BOUND('',#12873,.T.);
#12875=ADVANCED_FACE('',(#12874),#12863,.T.);
#12876=CARTESIAN_POINT('',(93.657373151,87.134288552,4.404161953));
#12877=DIRECTION('',(-0.812542658,0.582901727,0.000076942));
#12878=DIRECTION('',(0.582901728,0.812542661,-0.000014042));
#12879=AXIS2_PLACEMENT_3D('',#12876,#12877,#12878);
#12880=PLANE('',#12879);
#12881=ORIENTED_EDGE('',*,*,#9911,.F.);
#12882=CARTESIAN_POINT('',(93.657373151,87.134288552,4.404161953));
#12883=DIRECTION('',(0.000070704,-0.000033439,0.999999997));
#12884=VECTOR('',#12883,35.);
#12885=LINE('',#12882,#12884);
#12886=EDGE_CURVE('',#12813,#9898,#12885,.T.);
#12887=ORIENTED_EDGE('',*,*,#12886,.F.);
#12888=ORIENTED_EDGE('',*,*,#12818,.T.);
#12889=ORIENTED_EDGE('',*,*,#12869,.T.);
#12890=EDGE_LOOP('',(#12881,#12887,#12888,#12889));
#12891=FACE_BOUND('',#12890,.T.);
#12892=ADVANCED_FACE('',(#12891),#12880,.T.);
#12893=CARTESIAN_POINT('',(92.461901166,89.776417751,4.404334828));
#12894=DIRECTION('',(-0.911079033,-0.412231722,0.000050632));
#12895=DIRECTION('',(0.000070704,-0.000033439,0.999999997));
#12896=AXIS2_PLACEMENT_3D('',#12893,#12894,#12895);
#12897=PLANE('',#12896);
#12898=ORIENTED_EDGE('',*,*,#9903,.F.);
#12899=CARTESIAN_POINT('',(92.461901166,89.776417751,4.404334828));
#12900=DIRECTION('',(0.000070704,-0.000033439,0.999999997));
#12901=VECTOR('',#12900,35.);
#12902=LINE('',#12899,#12901);
#12903=EDGE_CURVE('',#12821,#9890,#12902,.T.);
#12904=ORIENTED_EDGE('',*,*,#12903,.F.);
#12905=ORIENTED_EDGE('',*,*,#12826,.T.);
#12906=ORIENTED_EDGE('',*,*,#12886,.T.);
#12907=EDGE_LOOP('',(#12898,#12904,#12905,#12906));
#12908=FACE_BOUND('',#12907,.T.);
#12909=ADVANCED_FACE('',(#12908),#12897,.T.);
#12910=CARTESIAN_POINT('',(89.576014169,90.062173234,4.404548427));
#12911=DIRECTION('',(-0.098536376,-0.995133449,-0.00002631));
#12912=DIRECTION('',(-0.995133447,0.098536373,0.000073655));
#12913=AXIS2_PLACEMENT_3D('',#12910,#12911,#12912);
#12914=PLANE('',#12913);
#12915=ORIENTED_EDGE('',*,*,#9895,.F.);
#12916=CARTESIAN_POINT('',(89.576014169,90.062173234,4.404548427));
#12917=DIRECTION('',(0.000070704,-0.000033439,0.999999997));
#12918=VECTOR('',#12917,35.);
#12919=LINE('',#12916,#12918);
#12920=EDGE_CURVE('',#12789,#9882,#12919,.T.);
#12921=ORIENTED_EDGE('',*,*,#12920,.F.);
#12922=ORIENTED_EDGE('',*,*,#12832,.T.);
#12923=ORIENTED_EDGE('',*,*,#12903,.T.);
#12924=EDGE_LOOP('',(#12915,#12921,#12922,#12923));
#12925=FACE_BOUND('',#12924,.T.);
#12926=ADVANCED_FACE('',(#12925),#12914,.T.);
#12927=CARTESIAN_POINT('',(87.885599158,87.705799518,4.40458915));
#12928=DIRECTION('',(0.812542658,-0.582901727,-0.000076942));
#12929=DIRECTION('',(-0.582901728,-0.812542661,0.000014042));
#12930=AXIS2_PLACEMENT_3D('',#12927,#12928,#12929);
#12931=PLANE('',#12930);
#12932=ORIENTED_EDGE('',*,*,#9887,.F.);
#12933=ORIENTED_EDGE('',*,*,#12854,.F.);
#12934=ORIENTED_EDGE('',*,*,#12794,.T.);
#12935=ORIENTED_EDGE('',*,*,#12920,.T.);
#12936=EDGE_LOOP('',(#12932,#12933,#12934,#12935));
#12937=FACE_BOUND('',#12936,.T.);
#12938=ADVANCED_FACE('',(#12937),#12931,.T.);
#12939=CARTESIAN_POINT('',(87.349687027,155.367778375,4.40688961));
#12940=DIRECTION('',(-0.000070704,0.000033439,-0.999999997));
#12941=DIRECTION('',(0.378240438,0.92570739,0.000004212));
#12942=AXIS2_PLACEMENT_3D('',#12939,#12940,#12941);
#12943=PLANE('',#12942);
#12944=ORIENTED_EDGE('',*,*,#4114,.T.);
#12945=EDGE_LOOP('',(#12944));
#12946=FACE_BOUND('',#12945,.T.);
#12947=CARTESIAN_POINT('',(88.995032932,159.39460552,4.406907933));
#12948=VERTEX_POINT('',#12947);
#12949=CARTESIAN_POINT('',(91.868371296,159.786940337,4.406717896));
#12950=VERTEX_POINT('',#12949);
#12951=CARTESIAN_POINT('',(88.995032932,159.39460552,4.406907933));
#12952=DIRECTION('',(0.990806332,0.135287868,-0.00006553));
#12953=VECTOR('',#12952,2.9);
#12954=LINE('',#12951,#12953);
#12955=EDGE_CURVE('',#12948,#12950,#12954,.T.);
#12956=ORIENTED_EDGE('',*,*,#12955,.F.);
#12957=CARTESIAN_POINT('',(87.898135662,156.71005409,4.406895718));
#12958=VERTEX_POINT('',#12957);
#12959=CARTESIAN_POINT('',(87.898135662,156.71005409,4.406895718));
#12960=DIRECTION('',(0.378240438,0.92570739,0.000004212));
#12961=VECTOR('',#12960,2.9);
#12962=LINE('',#12959,#12961);
#12963=EDGE_CURVE('',#12958,#12948,#12962,.T.);
#12964=ORIENTED_EDGE('',*,*,#12963,.F.);
#12965=CARTESIAN_POINT('',(89.674576756,154.417837478,4.406693467));
#12966=VERTEX_POINT('',#12965);
#12967=CARTESIAN_POINT('',(89.674576756,154.417837478,4.406693467));
#12968=DIRECTION('',(-0.612565895,0.790419521,0.000069742));
#12969=VECTOR('',#12968,2.9);
#12970=LINE('',#12967,#12969);
#12971=EDGE_CURVE('',#12966,#12958,#12970,.T.);
#12972=ORIENTED_EDGE('',*,*,#12971,.F.);
#12973=CARTESIAN_POINT('',(92.54791512,154.810172295,4.406503431));
#12974=VERTEX_POINT('',#12973);
#12975=CARTESIAN_POINT('',(92.54791512,154.810172295,4.406503431));
#12976=DIRECTION('',(-0.990806332,-0.135287868,0.00006553));
#12977=VECTOR('',#12976,2.9);
#12978=LINE('',#12975,#12977);
#12979=EDGE_CURVE('',#12974,#12966,#12978,.T.);
#12980=ORIENTED_EDGE('',*,*,#12979,.F.);
#12981=CARTESIAN_POINT('',(93.64481239,157.494723725,4.406515645));
#12982=VERTEX_POINT('',#12981);
#12983=CARTESIAN_POINT('',(93.64481239,157.494723725,4.406515645));
#12984=DIRECTION('',(-0.378240438,-0.92570739,-0.000004212));
#12985=VECTOR('',#12984,2.9);
#12986=LINE('',#12983,#12985);
#12987=EDGE_CURVE('',#12982,#12974,#12986,.T.);
#12988=ORIENTED_EDGE('',*,*,#12987,.F.);
#12989=CARTESIAN_POINT('',(91.868371296,159.786940337,4.406717896));
#12990=DIRECTION('',(0.612565895,-0.790419521,-0.000069742));
#12991=VECTOR('',#12990,2.9);
#12992=LINE('',#12989,#12991);
#12993=EDGE_CURVE('',#12950,#12982,#12992,.T.);
#12994=ORIENTED_EDGE('',*,*,#12993,.F.);
#12995=EDGE_LOOP('',(#12956,#12964,#12972,#12980,#12988,#12994));
#12996=FACE_BOUND('',#12995,.T.);
#12997=ADVANCED_FACE('',(#12946,#12996),#12943,.F.);
#12998=CARTESIAN_POINT('',(87.898135662,156.71005409,4.406895718));
#12999=DIRECTION('',(0.925707387,-0.378240436,-0.000078099));
#13000=DIRECTION('',(-0.378240438,-0.92570739,-0.000004212));
#13001=AXIS2_PLACEMENT_3D('',#12998,#12999,#13000);
#13002=PLANE('',#13001);
#13003=ORIENTED_EDGE('',*,*,#9929,.F.);
#13004=CARTESIAN_POINT('',(87.898135662,156.71005409,4.406895718));
#13005=DIRECTION('',(0.000070704,-0.000033439,0.999999997));
#13006=VECTOR('',#13005,35.);
#13007=LINE('',#13004,#13006);
#13008=EDGE_CURVE('',#12958,#9922,#13007,.T.);
#13009=ORIENTED_EDGE('',*,*,#13008,.F.);
#13010=ORIENTED_EDGE('',*,*,#12963,.T.);
#13011=CARTESIAN_POINT('',(88.995032932,159.39460552,4.406907933));
#13012=DIRECTION('',(0.000070704,-0.000033439,0.999999997));
#13013=VECTOR('',#13012,35.);
#13014=LINE('',#13011,#13013);
#13015=EDGE_CURVE('',#12948,#9924,#13014,.T.);
#13016=ORIENTED_EDGE('',*,*,#13015,.T.);
#13017=EDGE_LOOP('',(#13003,#13009,#13010,#13016));
#13018=FACE_BOUND('',#13017,.T.);
#13019=ADVANCED_FACE('',(#13018),#13002,.T.);
#13020=CARTESIAN_POINT('',(89.674576756,154.417837478,4.406693467));
#13021=DIRECTION('',(0.790419521,0.612565898,-0.000035402));
#13022=DIRECTION('',(0.612565895,-0.790419521,-0.000069742));
#13023=AXIS2_PLACEMENT_3D('',#13020,#13021,#13022);
#13024=PLANE('',#13023);
#13025=ORIENTED_EDGE('',*,*,#9967,.F.);
#13026=CARTESIAN_POINT('',(89.674576756,154.417837478,4.406693467));
#13027=DIRECTION('',(0.000070704,-0.000033439,0.999999997));
#13028=VECTOR('',#13027,35.);
#13029=LINE('',#13026,#13028);
#13030=EDGE_CURVE('',#12966,#9956,#13029,.T.);
#13031=ORIENTED_EDGE('',*,*,#13030,.F.);
#13032=ORIENTED_EDGE('',*,*,#12971,.T.);
#13033=ORIENTED_EDGE('',*,*,#13008,.T.);
#13034=EDGE_LOOP('',(#13025,#13031,#13032,#13033));
#13035=FACE_BOUND('',#13034,.T.);
#13036=ADVANCED_FACE('',(#13035),#13024,.T.);
#13037=CARTESIAN_POINT('',(92.54791512,154.810172295,4.406503431));
#13038=DIRECTION('',(-0.135287866,0.990806334,0.000042697));
#13039=DIRECTION('',(0.990806332,0.135287868,-0.00006553));
#13040=AXIS2_PLACEMENT_3D('',#13037,#13038,#13039);
#13041=PLANE('',#13040);
#13042=ORIENTED_EDGE('',*,*,#9961,.F.);
#13043=CARTESIAN_POINT('',(92.54791512,154.810172295,4.406503431));
#13044=DIRECTION('',(0.000070704,-0.000033439,0.999999997));
#13045=VECTOR('',#13044,35.);
#13046=LINE('',#13043,#13045);
#13047=EDGE_CURVE('',#12974,#9948,#13046,.T.);
#13048=ORIENTED_EDGE('',*,*,#13047,.F.);
#13049=ORIENTED_EDGE('',*,*,#12979,.T.);
#13050=ORIENTED_EDGE('',*,*,#13030,.T.);
#13051=EDGE_LOOP('',(#13042,#13048,#13049,#13050));
#13052=FACE_BOUND('',#13051,.T.);
#13053=ADVANCED_FACE('',(#13052),#13041,.T.);
#13054=CARTESIAN_POINT('',(93.64481239,157.494723725,4.406515645));
#13055=DIRECTION('',(-0.925707387,0.378240436,0.000078099));
#13056=DIRECTION('',(0.000070704,-0.000033439,0.999999997));
#13057=AXIS2_PLACEMENT_3D('',#13054,#13055,#13056);
#13058=PLANE('',#13057);
#13059=ORIENTED_EDGE('',*,*,#9953,.F.);
#13060=CARTESIAN_POINT('',(93.64481239,157.494723725,4.406515645));
#13061=DIRECTION('',(0.000070704,-0.000033439,0.999999997));
#13062=VECTOR('',#13061,35.);
#13063=LINE('',#13060,#13062);
#13064=EDGE_CURVE('',#12982,#9940,#13063,.T.);
#13065=ORIENTED_EDGE('',*,*,#13064,.F.);
#13066=ORIENTED_EDGE('',*,*,#12987,.T.);
#13067=ORIENTED_EDGE('',*,*,#13047,.T.);
#13068=EDGE_LOOP('',(#13059,#13065,#13066,#13067));
#13069=FACE_BOUND('',#13068,.T.);
#13070=ADVANCED_FACE('',(#13069),#13058,.T.);
#13071=CARTESIAN_POINT('',(91.868371296,159.786940337,4.406717896));
#13072=DIRECTION('',(-0.790419521,-0.612565898,0.000035402));
#13073=DIRECTION('',(-0.612565895,0.790419521,0.000069742));
#13074=AXIS2_PLACEMENT_3D('',#13071,#13072,#13073);
#13075=PLANE('',#13074);
#13076=ORIENTED_EDGE('',*,*,#9945,.F.);
#13077=CARTESIAN_POINT('',(91.868371296,159.786940337,4.406717896));
#13078=DIRECTION('',(0.000070704,-0.000033439,0.999999997));
#13079=VECTOR('',#13078,35.);
#13080=LINE('',#13077,#13079);
#13081=EDGE_CURVE('',#12950,#9932,#13080,.T.);
#13082=ORIENTED_EDGE('',*,*,#13081,.F.);
#13083=ORIENTED_EDGE('',*,*,#12993,.T.);
#13084=ORIENTED_EDGE('',*,*,#13064,.T.);
#13085=EDGE_LOOP('',(#13076,#13082,#13083,#13084));
#13086=FACE_BOUND('',#13085,.T.);
#13087=ADVANCED_FACE('',(#13086),#13075,.T.);
#13088=CARTESIAN_POINT('',(88.995032932,159.39460552,4.406907933));
#13089=DIRECTION('',(0.135287866,-0.990806334,-0.000042697));
#13090=DIRECTION('',(-0.990806332,-0.135287868,0.00006553));
#13091=AXIS2_PLACEMENT_3D('',#13088,#13089,#13090);
#13092=PLANE('',#13091);
#13093=ORIENTED_EDGE('',*,*,#9937,.F.);
#13094=ORIENTED_EDGE('',*,*,#13015,.F.);
#13095=ORIENTED_EDGE('',*,*,#12955,.T.);
#13096=ORIENTED_EDGE('',*,*,#13081,.T.);
#13097=EDGE_LOOP('',(#13093,#13094,#13095,#13096));
#13098=FACE_BOUND('',#13097,.T.);
#13099=ADVANCED_FACE('',(#13098),#13092,.T.);
#13100=CARTESIAN_POINT('',(130.615277722,201.716325258,4.405380437));
#13101=DIRECTION('',(-0.000070704,0.000033439,-0.999999997));
#13102=DIRECTION('',(0.911079033,0.412231722,-0.000050632));
#13103=AXIS2_PLACEMENT_3D('',#13100,#13101,#13102);
#13104=PLANE('',#13103);
#13105=ORIENTED_EDGE('',*,*,#5471,.T.);
#13106=EDGE_LOOP('',(#13105));
#13107=FACE_BOUND('',#13106,.T.);
#13108=CARTESIAN_POINT('',(134.578471517,203.509533248,4.405160189));
#13109=VERTEX_POINT('',#13108);
#13110=CARTESIAN_POINT('',(136.934845224,201.819118239,4.404937058));
#13111=VERTEX_POINT('',#13110);
#13112=CARTESIAN_POINT('',(134.578471517,203.509533248,4.405160189));
#13113=DIRECTION('',(0.812542658,-0.582901727,-0.000076942));
#13114=VECTOR('',#13113,2.9);
#13115=LINE('',#13112,#13114);
#13116=EDGE_CURVE('',#13109,#13111,#13115,.T.);
#13117=ORIENTED_EDGE('',*,*,#13116,.F.);
#13118=CARTESIAN_POINT('',(131.936342321,202.314061255,4.405307021));
#13119=VERTEX_POINT('',#13118);
#13120=CARTESIAN_POINT('',(131.936342321,202.314061255,4.405307021));
#13121=DIRECTION('',(0.911079033,0.412231722,-0.000050632));
#13122=VECTOR('',#13121,2.9);
#13123=LINE('',#13120,#13122);
#13124=EDGE_CURVE('',#13119,#13109,#13123,.T.);
#13125=ORIENTED_EDGE('',*,*,#13124,.F.);
#13126=CARTESIAN_POINT('',(131.650586831,199.428174251,4.405230723));
#13127=VERTEX_POINT('',#13126);
#13128=CARTESIAN_POINT('',(131.650586831,199.428174251,4.405230723));
#13129=DIRECTION('',(0.098536376,0.995133449,0.00002631));
#13130=VECTOR('',#13129,2.9);
#13131=LINE('',#13128,#13130);
#13132=EDGE_CURVE('',#13127,#13119,#13131,.T.);
#13133=ORIENTED_EDGE('',*,*,#13132,.F.);
#13134=CARTESIAN_POINT('',(134.006960538,197.737759242,4.405007592));
#13135=VERTEX_POINT('',#13134);
#13136=CARTESIAN_POINT('',(134.006960538,197.737759242,4.405007592));
#13137=DIRECTION('',(-0.812542658,0.582901727,0.000076942));
#13138=VECTOR('',#13137,2.9);
#13139=LINE('',#13136,#13138);
#13140=EDGE_CURVE('',#13135,#13127,#13139,.T.);
#13141=ORIENTED_EDGE('',*,*,#13140,.F.);
#13142=CARTESIAN_POINT('',(136.649089735,198.933231236,4.40486076));
#13143=VERTEX_POINT('',#13142);
#13144=CARTESIAN_POINT('',(136.649089735,198.933231236,4.40486076));
#13145=DIRECTION('',(-0.911079033,-0.412231722,0.000050632));
#13146=VECTOR('',#13145,2.9);
#13147=LINE('',#13144,#13146);
#13148=EDGE_CURVE('',#13143,#13135,#13147,.T.);
#13149=ORIENTED_EDGE('',*,*,#13148,.F.);
#13150=CARTESIAN_POINT('',(136.934845224,201.819118239,4.404937058));
#13151=DIRECTION('',(-0.098536376,-0.995133449,-0.00002631));
#13152=VECTOR('',#13151,2.9);
#13153=LINE('',#13150,#13152);
#13154=EDGE_CURVE('',#13111,#13143,#13153,.T.);
#13155=ORIENTED_EDGE('',*,*,#13154,.F.);
#13156=EDGE_LOOP('',(#13117,#13125,#13133,#13141,#13149,#13155));
#13157=FACE_BOUND('',#13156,.T.);
#13158=ADVANCED_FACE('',(#13107,#13157),#13104,.F.);
#13159=CARTESIAN_POINT('',(131.936342321,202.314061255,4.405307021));
#13160=DIRECTION('',(0.412231719,-0.911079034,-0.000059612));
#13161=DIRECTION('',(-0.911079033,-0.412231722,0.000050632));
#13162=AXIS2_PLACEMENT_3D('',#13159,#13160,#13161);
#13163=PLANE('',#13162);
#13164=ORIENTED_EDGE('',*,*,#10252,.F.);
#13165=CARTESIAN_POINT('',(131.936342321,202.314061255,4.405307021));
#13166=DIRECTION('',(0.000070704,-0.000033439,0.999999997));
#13167=VECTOR('',#13166,35.);
#13168=LINE('',#13165,#13167);
#13169=EDGE_CURVE('',#13119,#10245,#13168,.T.);
#13170=ORIENTED_EDGE('',*,*,#13169,.F.);
#13171=ORIENTED_EDGE('',*,*,#13124,.T.);
#13172=CARTESIAN_POINT('',(134.578471517,203.509533248,4.405160189));
#13173=DIRECTION('',(0.000070704,-0.000033439,0.999999997));
#13174=VECTOR('',#13173,35.);
#13175=LINE('',#13172,#13174);
#13176=EDGE_CURVE('',#13109,#10247,#13175,.T.);
#13177=ORIENTED_EDGE('',*,*,#13176,.T.);
#13178=EDGE_LOOP('',(#13164,#13170,#13171,#13177));
#13179=FACE_BOUND('',#13178,.T.);
#13180=ADVANCED_FACE('',(#13179),#13163,.T.);
#13181=CARTESIAN_POINT('',(131.650586831,199.428174251,4.405230723));
#13182=DIRECTION('',(0.995133447,-0.098536373,-0.000073655));
#13183=DIRECTION('',(-0.098536376,-0.995133449,-0.00002631));
#13184=AXIS2_PLACEMENT_3D('',#13181,#13182,#13183);
#13185=PLANE('',#13184);
#13186=ORIENTED_EDGE('',*,*,#10290,.F.);
#13187=CARTESIAN_POINT('',(131.650586831,199.428174251,4.405230723));
#13188=DIRECTION('',(0.000070704,-0.000033439,0.999999997));
#13189=VECTOR('',#13188,35.);
#13190=LINE('',#13187,#13189);
#13191=EDGE_CURVE('',#13127,#10279,#13190,.T.);
#13192=ORIENTED_EDGE('',*,*,#13191,.F.);
#13193=ORIENTED_EDGE('',*,*,#13132,.T.);
#13194=ORIENTED_EDGE('',*,*,#13169,.T.);
#13195=EDGE_LOOP('',(#13186,#13192,#13193,#13194));
#13196=FACE_BOUND('',#13195,.T.);
#13197=ADVANCED_FACE('',(#13196),#13185,.T.);
#13198=CARTESIAN_POINT('',(134.006960538,197.737759242,4.405007592));
#13199=DIRECTION('',(0.582901728,0.812542661,-0.000014042));
#13200=DIRECTION('',(0.812542658,-0.582901727,-0.000076942));
#13201=AXIS2_PLACEMENT_3D('',#13198,#13199,#13200);
#13202=PLANE('',#13201);
#13203=ORIENTED_EDGE('',*,*,#10284,.F.);
#13204=CARTESIAN_POINT('',(134.006960538,197.737759242,4.405007592));
#13205=DIRECTION('',(0.000070704,-0.000033439,0.999999997));
#13206=VECTOR('',#13205,35.);
#13207=LINE('',#13204,#13206);
#13208=EDGE_CURVE('',#13135,#10271,#13207,.T.);
#13209=ORIENTED_EDGE('',*,*,#13208,.F.);
#13210=ORIENTED_EDGE('',*,*,#13140,.T.);
#13211=ORIENTED_EDGE('',*,*,#13191,.T.);
#13212=EDGE_LOOP('',(#13203,#13209,#13210,#13211));
#13213=FACE_BOUND('',#13212,.T.);
#13214=ADVANCED_FACE('',(#13213),#13202,.T.);
#13215=CARTESIAN_POINT('',(136.649089735,198.933231236,4.40486076));
#13216=DIRECTION('',(-0.412231719,0.911079034,0.000059612));
#13217=DIRECTION('',(0.911079033,0.412231722,-0.000050632));
#13218=AXIS2_PLACEMENT_3D('',#13215,#13216,#13217);
#13219=PLANE('',#13218);
#13220=ORIENTED_EDGE('',*,*,#10276,.F.);
#13221=CARTESIAN_POINT('',(136.649089735,198.933231236,4.40486076));
#13222=DIRECTION('',(0.000070704,-0.000033439,0.999999997));
#13223=VECTOR('',#13222,35.);
#13224=LINE('',#13221,#13223);
#13225=EDGE_CURVE('',#13143,#10263,#13224,.T.);
#13226=ORIENTED_EDGE('',*,*,#13225,.F.);
#13227=ORIENTED_EDGE('',*,*,#13148,.T.);
#13228=ORIENTED_EDGE('',*,*,#13208,.T.);
#13229=EDGE_LOOP('',(#13220,#13226,#13227,#13228));
#13230=FACE_BOUND('',#13229,.T.);
#13231=ADVANCED_FACE('',(#13230),#13219,.T.);
#13232=CARTESIAN_POINT('',(136.934845224,201.819118239,4.404937058));
#13233=DIRECTION('',(-0.995133447,0.098536373,0.000073655));
#13234=DIRECTION('',(0.098536376,0.995133449,0.00002631));
#13235=AXIS2_PLACEMENT_3D('',#13232,#13233,#13234);
#13236=PLANE('',#13235);
#13237=ORIENTED_EDGE('',*,*,#10268,.F.);
#13238=CARTESIAN_POINT('',(136.934845224,201.819118239,4.404937058));
#13239=DIRECTION('',(0.000070704,-0.000033439,0.999999997));
#13240=VECTOR('',#13239,35.);
#13241=LINE('',#13238,#13240);
#13242=EDGE_CURVE('',#13111,#10255,#13241,.T.);
#13243=ORIENTED_EDGE('',*,*,#13242,.F.);
#13244=ORIENTED_EDGE('',*,*,#13154,.T.);
#13245=ORIENTED_EDGE('',*,*,#13225,.T.);
#13246=EDGE_LOOP('',(#13237,#13243,#13244,#13245));
#13247=FACE_BOUND('',#13246,.T.);
#13248=ADVANCED_FACE('',(#13247),#13236,.T.);
#13249=CARTESIAN_POINT('',(134.578471517,203.509533248,4.405160189));
#13250=DIRECTION('',(-0.582901728,-0.812542661,0.000014042));
#13251=DIRECTION('',(-0.812542658,0.582901727,0.000076942));
#13252=AXIS2_PLACEMENT_3D('',#13249,#13250,#13251);
#13253=PLANE('',#13252);
#13254=ORIENTED_EDGE('',*,*,#10260,.F.);
#13255=ORIENTED_EDGE('',*,*,#13176,.F.);
#13256=ORIENTED_EDGE('',*,*,#13116,.T.);
#13257=ORIENTED_EDGE('',*,*,#13242,.T.);
#13258=EDGE_LOOP('',(#13254,#13255,#13256,#13257));
#13259=FACE_BOUND('',#13258,.T.);
#13260=ADVANCED_FACE('',(#13259),#13253,.T.);
#13261=CARTESIAN_POINT('',(202.240450243,204.04544554,4.400394159));
#13262=DIRECTION('',(-0.000070704,0.000033439,-0.999999997));
#13263=DIRECTION('',(0.925707387,-0.378240436,-0.000078099));
#13264=AXIS2_PLACEMENT_3D('',#13261,#13262,#13263);
#13265=PLANE('',#13264);
#13266=ORIENTED_EDGE('',*,*,#5521,.T.);
#13267=EDGE_LOOP('',(#13266));
#13268=FACE_BOUND('',#13267,.T.);
#13269=CARTESIAN_POINT('',(206.267277376,202.400099642,4.400054428));
#13270=VERTEX_POINT('',#13269);
#13271=CARTESIAN_POINT('',(206.659612186,199.526761273,4.399930606));
#13272=VERTEX_POINT('',#13271);
#13273=CARTESIAN_POINT('',(206.267277376,202.400099642,4.400054428));
#13274=DIRECTION('',(0.135287866,-0.990806334,-0.000042697));
#13275=VECTOR('',#13274,2.9);
#13276=LINE('',#13273,#13275);
#13277=EDGE_CURVE('',#13270,#13272,#13276,.T.);
#13278=ORIENTED_EDGE('',*,*,#13277,.F.);
#13279=CARTESIAN_POINT('',(203.582725954,203.496996908,4.400280915));
#13280=VERTEX_POINT('',#13279);
#13281=CARTESIAN_POINT('',(203.582725954,203.496996908,4.400280915));
#13282=DIRECTION('',(0.925707387,-0.378240436,-0.000078099));
#13283=VECTOR('',#13282,2.9);
#13284=LINE('',#13281,#13283);
#13285=EDGE_CURVE('',#13280,#13270,#13284,.T.);
#13286=ORIENTED_EDGE('',*,*,#13285,.F.);
#13287=CARTESIAN_POINT('',(201.290509342,201.720555804,4.40038358));
#13288=VERTEX_POINT('',#13287);
#13289=CARTESIAN_POINT('',(201.290509342,201.720555804,4.40038358));
#13290=DIRECTION('',(0.790419521,0.612565898,-0.000035402));
#13291=VECTOR('',#13290,2.9);
#13292=LINE('',#13289,#13291);
#13293=EDGE_CURVE('',#13288,#13280,#13292,.T.);
#13294=ORIENTED_EDGE('',*,*,#13293,.F.);
#13295=CARTESIAN_POINT('',(201.682844152,198.847217436,4.400259758));
#13296=VERTEX_POINT('',#13295);
#13297=CARTESIAN_POINT('',(201.682844152,198.847217436,4.400259758));
#13298=DIRECTION('',(-0.135287866,0.990806334,0.000042697));
#13299=VECTOR('',#13298,2.9);
#13300=LINE('',#13297,#13299);
#13301=EDGE_CURVE('',#13296,#13288,#13300,.T.);
#13302=ORIENTED_EDGE('',*,*,#13301,.F.);
#13303=CARTESIAN_POINT('',(204.367395574,197.75032017,4.400033271));
#13304=VERTEX_POINT('',#13303);
#13305=CARTESIAN_POINT('',(204.367395574,197.75032017,4.400033271));
#13306=DIRECTION('',(-0.925707387,0.378240436,0.000078099));
#13307=VECTOR('',#13306,2.9);
#13308=LINE('',#13305,#13307);
#13309=EDGE_CURVE('',#13304,#13296,#13308,.T.);
#13310=ORIENTED_EDGE('',*,*,#13309,.F.);
#13311=CARTESIAN_POINT('',(206.659612186,199.526761273,4.399930606));
#13312=DIRECTION('',(-0.790419521,-0.612565898,0.000035402));
#13313=VECTOR('',#13312,2.9);
#13314=LINE('',#13311,#13313);
#13315=EDGE_CURVE('',#13272,#13304,#13314,.T.);
#13316=ORIENTED_EDGE('',*,*,#13315,.F.);
#13317=EDGE_LOOP('',(#13278,#13286,#13294,#13302,#13310,#13316));
#13318=FACE_BOUND('',#13317,.T.);
#13319=ADVANCED_FACE('',(#13268,#13318),#13265,.F.);
#13320=CARTESIAN_POINT('',(203.582725954,203.496996908,4.400280915));
#13321=DIRECTION('',(-0.378240438,-0.92570739,-0.000004212));
#13322=DIRECTION('',(-0.925707387,0.378240436,0.000078099));
#13323=AXIS2_PLACEMENT_3D('',#13320,#13321,#13322);
#13324=PLANE('',#13323);
#13325=ORIENTED_EDGE('',*,*,#10202,.F.);
#13326=CARTESIAN_POINT('',(203.582725954,203.496996908,4.400280915));
#13327=DIRECTION('',(0.000070704,-0.000033439,0.999999997));
#13328=VECTOR('',#13327,35.);
#13329=LINE('',#13326,#13328);
#13330=EDGE_CURVE('',#13280,#10195,#13329,.T.);
#13331=ORIENTED_EDGE('',*,*,#13330,.F.);
#13332=ORIENTED_EDGE('',*,*,#13285,.T.);
#13333=CARTESIAN_POINT('',(206.267277376,202.400099642,4.400054428));
#13334=DIRECTION('',(0.000070704,-0.000033439,0.999999997));
#13335=VECTOR('',#13334,35.);
#13336=LINE('',#13333,#13335);
#13337=EDGE_CURVE('',#13270,#10197,#13336,.T.);
#13338=ORIENTED_EDGE('',*,*,#13337,.T.);
#13339=EDGE_LOOP('',(#13325,#13331,#13332,#13338));
#13340=FACE_BOUND('',#13339,.T.);
#13341=ADVANCED_FACE('',(#13340),#13324,.T.);
#13342=CARTESIAN_POINT('',(201.290509342,201.720555804,4.40038358));
#13343=DIRECTION('',(0.612565895,-0.790419521,-0.000069742));
#13344=DIRECTION('',(-0.790419521,-0.612565898,0.000035402));
#13345=AXIS2_PLACEMENT_3D('',#13342,#13343,#13344);
#13346=PLANE('',#13345);
#13347=ORIENTED_EDGE('',*,*,#10240,.F.);
#13348=CARTESIAN_POINT('',(201.290509342,201.720555804,4.40038358));
#13349=DIRECTION('',(0.000070704,-0.000033439,0.999999997));
#13350=VECTOR('',#13349,35.);
#13351=LINE('',#13348,#13350);
#13352=EDGE_CURVE('',#13288,#10229,#13351,.T.);
#13353=ORIENTED_EDGE('',*,*,#13352,.F.);
#13354=ORIENTED_EDGE('',*,*,#13293,.T.);
#13355=ORIENTED_EDGE('',*,*,#13330,.T.);
#13356=EDGE_LOOP('',(#13347,#13353,#13354,#13355));
#13357=FACE_BOUND('',#13356,.T.);
#13358=ADVANCED_FACE('',(#13357),#13346,.T.);
#13359=CARTESIAN_POINT('',(201.682844152,198.847217436,4.400259758));
#13360=DIRECTION('',(0.990806332,0.135287868,-0.00006553));
#13361=DIRECTION('',(0.135287866,-0.990806334,-0.000042697));
#13362=AXIS2_PLACEMENT_3D('',#13359,#13360,#13361);
#13363=PLANE('',#13362);
#13364=ORIENTED_EDGE('',*,*,#10234,.F.);
#13365=CARTESIAN_POINT('',(201.682844152,198.847217436,4.400259758));
#13366=DIRECTION('',(0.000070704,-0.000033439,0.999999997));
#13367=VECTOR('',#13366,35.);
#13368=LINE('',#13365,#13367);
#13369=EDGE_CURVE('',#13296,#10221,#13368,.T.);
#13370=ORIENTED_EDGE('',*,*,#13369,.F.);
#13371=ORIENTED_EDGE('',*,*,#13301,.T.);
#13372=ORIENTED_EDGE('',*,*,#13352,.T.);
#13373=EDGE_LOOP('',(#13364,#13370,#13371,#13372));
#13374=FACE_BOUND('',#13373,.T.);
#13375=ADVANCED_FACE('',(#13374),#13363,.T.);
#13376=CARTESIAN_POINT('',(204.367395574,197.75032017,4.400033271));
#13377=DIRECTION('',(0.378240438,0.92570739,0.000004212));
#13378=DIRECTION('',(0.925707387,-0.378240436,-0.000078099));
#13379=AXIS2_PLACEMENT_3D('',#13376,#13377,#13378);
#13380=PLANE('',#13379);
#13381=ORIENTED_EDGE('',*,*,#10226,.F.);
#13382=CARTESIAN_POINT('',(204.367395574,197.75032017,4.400033271));
#13383=DIRECTION('',(0.000070704,-0.000033439,0.999999997));
#13384=VECTOR('',#13383,35.);
#13385=LINE('',#13382,#13384);
#13386=EDGE_CURVE('',#13304,#10213,#13385,.T.);
#13387=ORIENTED_EDGE('',*,*,#13386,.F.);
#13388=ORIENTED_EDGE('',*,*,#13309,.T.);
#13389=ORIENTED_EDGE('',*,*,#13369,.T.);
#13390=EDGE_LOOP('',(#13381,#13387,#13388,#13389));
#13391=FACE_BOUND('',#13390,.T.);
#13392=ADVANCED_FACE('',(#13391),#13380,.T.);
#13393=CARTESIAN_POINT('',(206.659612186,199.526761273,4.399930606));
#13394=DIRECTION('',(-0.612565895,0.790419521,0.000069742));
#13395=DIRECTION('',(0.790419521,0.612565898,-0.000035402));
#13396=AXIS2_PLACEMENT_3D('',#13393,#13394,#13395);
#13397=PLANE('',#13396);
#13398=ORIENTED_EDGE('',*,*,#10218,.F.);
#13399=CARTESIAN_POINT('',(206.659612186,199.526761273,4.399930606));
#13400=DIRECTION('',(0.000070704,-0.000033439,0.999999997));
#13401=VECTOR('',#13400,35.);
#13402=LINE('',#13399,#13401);
#13403=EDGE_CURVE('',#13272,#10205,#13402,.T.);
#13404=ORIENTED_EDGE('',*,*,#13403,.F.);
#13405=ORIENTED_EDGE('',*,*,#13315,.T.);
#13406=ORIENTED_EDGE('',*,*,#13386,.T.);
#13407=EDGE_LOOP('',(#13398,#13404,#13405,#13406));
#13408=FACE_BOUND('',#13407,.T.);
#13409=ADVANCED_FACE('',(#13408),#13397,.T.);
#13410=CARTESIAN_POINT('',(206.267277376,202.400099642,4.400054428));
#13411=DIRECTION('',(-0.990806332,-0.135287868,0.00006553));
#13412=DIRECTION('',(-0.135287866,0.990806334,0.000042697));
#13413=AXIS2_PLACEMENT_3D('',#13410,#13411,#13412);
#13414=PLANE('',#13413);
#13415=ORIENTED_EDGE('',*,*,#10210,.F.);
#13416=ORIENTED_EDGE('',*,*,#13337,.F.);
#13417=ORIENTED_EDGE('',*,*,#13277,.T.);
#13418=ORIENTED_EDGE('',*,*,#13403,.T.);
#13419=EDGE_LOOP('',(#13415,#13416,#13417,#13418));
#13420=FACE_BOUND('',#13419,.T.);
#13421=ADVANCED_FACE('',(#13420),#13414,.T.);
#13422=CARTESIAN_POINT('',(201.518821896,50.503860979,33.595310946));
#13423=DIRECTION('',(-0.999999998,-0.000000176,0.000070704));
#13424=DIRECTION('',(0.000070704,-0.000033439,0.999999997));
#13425=AXIS2_PLACEMENT_3D('',#13422,#13423,#13424);
#13426=PLANE('',#13425);
#13427=ORIENTED_EDGE('',*,*,#380,.T.);
#13428=ORIENTED_EDGE('',*,*,#312,.F.);
#13429=CARTESIAN_POINT('',(201.519375418,38.823786726,41.394920357));
#13430=DIRECTION('',(-0.000000174,0.999999999,0.000033439));
#13431=VECTOR('',#13430,3.63352168);
#13432=LINE('',#13429,#13431);
#13433=EDGE_CURVE('',#298,#234,#13432,.T.);
#13434=ORIENTED_EDGE('',*,*,#13433,.T.);
#13435=ORIENTED_EDGE('',*,*,#239,.F.);
#13436=EDGE_LOOP('',(#13427,#13428,#13434,#13435));
#13437=FACE_BOUND('',#13436,.T.);
#13438=ADVANCED_FACE('',(#13437),#13426,.T.);
#13439=CARTESIAN_POINT('',(201.518821896,50.503860979,33.595310946));
#13440=DIRECTION('',(-0.999999998,-0.000000176,0.000070704));
#13441=DIRECTION('',(0.000070704,-0.000033439,0.999999997));
#13442=AXIS2_PLACEMENT_3D('',#13439,#13440,#13441);
#13443=PLANE('',#13442);
#13444=ORIENTED_EDGE('',*,*,#208,.F.);
#13445=CARTESIAN_POINT('',(201.51937317,51.736672715,41.395352155));
#13446=VERTEX_POINT('',#13445);
#13447=CARTESIAN_POINT('',(201.519374284,45.33784491,41.395138182));
#13448=DIRECTION('',(-0.000000174,0.999999999,0.000033439));
#13449=VECTOR('',#13448,6.398827808);
#13450=LINE('',#13447,#13449);
#13451=EDGE_CURVE('',#195,#13446,#13450,.T.);
#13452=ORIENTED_EDGE('',*,*,#13451,.T.);
#13453=CARTESIAN_POINT('',(201.51937317,51.736672715,41.395352155));
#13454=DIRECTION('',(-0.000070704,0.000033439,-0.999999997));
#13455=VECTOR('',#13454,2.);
#13456=LINE('',#13453,#13455);
#13457=EDGE_CURVE('',#13446,#91,#13456,.T.);
#13458=ORIENTED_EDGE('',*,*,#13457,.T.);
#13459=ORIENTED_EDGE('',*,*,#134,.T.);
#13460=ORIENTED_EDGE('',*,*,#658,.T.);
#13461=ORIENTED_EDGE('',*,*,#351,.T.);
#13462=EDGE_LOOP('',(#13444,#13452,#13458,#13459,#13460,#13461));
#13463=FACE_BOUND('',#13462,.T.);
#13464=ADVANCED_FACE('',(#13463),#13443,.T.);
#13465=CARTESIAN_POINT('',(201.827951717,51.736672769,41.395330337));
#13466=DIRECTION('',(0.000000174,-0.999999999,-0.000033439));
#13467=DIRECTION('',(-0.000070704,0.000033439,-0.999999997));
#13468=AXIS2_PLACEMENT_3D('',#13465,#13466,#13467);
#13469=PLANE('',#13468);
#13470=ORIENTED_EDGE('',*,*,#96,.T.);
#13471=ORIENTED_EDGE('',*,*,#13457,.F.);
#13472=CARTESIAN_POINT('',(202.136530263,51.736672823,41.39530852));
#13473=DIRECTION('',(-0.999999998,-0.000000176,0.000070704));
#13474=VECTOR('',#13473,0.617157095);
#13475=LINE('',#13472,#13474);
#13476=EDGE_CURVE('',#824,#13446,#13475,.T.);
#13477=ORIENTED_EDGE('',*,*,#13476,.F.);
#13478=ORIENTED_EDGE('',*,*,#857,.T.);
#13479=EDGE_LOOP('',(#13470,#13471,#13477,#13478));
#13480=FACE_BOUND('',#13479,.T.);
#13481=ADVANCED_FACE('',(#13480),#13469,.F.);
#13482=CARTESIAN_POINT('',(0.047542226,0.0003256,41.407866926));
#13483=DIRECTION('',(0.000070704,-0.000033439,0.999999997));
#13484=DIRECTION('',(0.999999998,0.000000176,-0.000070704));
#13485=AXIS2_PLACEMENT_3D('',#13482,#13483,#13484);
#13486=PLANE('',#13485);
#13487=ORIENTED_EDGE('',*,*,#304,.F.);
#13488=CARTESIAN_POINT('',(209.141218169,43.317774044,41.39453174));
#13489=DIRECTION('',(0.000070704,-0.000033439,0.999999997));
#13490=DIRECTION('',(0.999999998,0.000000176,-0.000070704));
#13491=AXIS2_PLACEMENT_3D('',#13488,#13489,#13490);
#13492=CIRCLE('',#13491,1.);
#13493=EDGE_CURVE('',#290,#822,#13492,.T.);
#13494=ORIENTED_EDGE('',*,*,#13493,.T.);
#13495=ORIENTED_EDGE('',*,*,#829,.T.);
#13496=ORIENTED_EDGE('',*,*,#13476,.T.);
#13497=ORIENTED_EDGE('',*,*,#13451,.F.);
#13498=ORIENTED_EDGE('',*,*,#200,.T.);
#13499=ORIENTED_EDGE('',*,*,#543,.T.);
#13500=ORIENTED_EDGE('',*,*,#574,.T.);
#13501=ORIENTED_EDGE('',*,*,#596,.T.);
#13502=ORIENTED_EDGE('',*,*,#247,.T.);
#13503=ORIENTED_EDGE('',*,*,#13433,.F.);
#13504=EDGE_LOOP('',(#13487,#13494,#13495,#13496,#13497,#13498,#13499,#13500,#13501,#13502,#13503));
#13505=FACE_BOUND('',#13504,.T.);
#13506=ADVANCED_FACE('',(#13505),#13486,.T.);
#13507=CARTESIAN_POINT('',(90.19166917,162.265902803,4.40691934));
#13508=DIRECTION('',(-0.000070704,0.000033439,-0.999999997));
#13509=DIRECTION('',(-0.999999998,-0.000000176,0.000070704));
#13510=AXIS2_PLACEMENT_3D('',#13507,#13508,#13509);
#13511=CYLINDRICAL_SURFACE('',#13510,1.);
#13512=ORIENTED_EDGE('',*,*,#10020,.F.);
#13513=ORIENTED_EDGE('',*,*,#8252,.F.);
#13514=ORIENTED_EDGE('',*,*,#2764,.F.);
#13515=ORIENTED_EDGE('',*,*,#8235,.F.);
#13516=EDGE_LOOP('',(#13512,#13513,#13514,#13515));
#13517=FACE_BOUND('',#13516,.T.);
#13518=ADVANCED_FACE('',(#13517),#13511,.T.);
#13519=CARTESIAN_POINT('',(129.129201936,201.203449292,4.405468358));
#13520=DIRECTION('',(-0.000070704,0.000033439,-0.999999997));
#13521=DIRECTION('',(-0.999999998,-0.000000176,0.000070704));
#13522=AXIS2_PLACEMENT_3D('',#13519,#13520,#13521);
#13523=CYLINDRICAL_SURFACE('',#13522,1.);
#13524=CARTESIAN_POINT('',(128.12903225,201.20352937,2.005539069));
#13525=DIRECTION('',(0.000070704,-0.000033439,0.999999997));
#13526=VECTOR('',#13525,37.4);
#13527=LINE('',#13524,#13526);
#13528=EDGE_CURVE('',#2807,#10165,#13527,.T.);
#13529=ORIENTED_EDGE('',*,*,#13528,.T.);
#13530=ORIENTED_EDGE('',*,*,#10171,.F.);
#13531=ORIENTED_EDGE('',*,*,#8742,.F.);
#13532=ORIENTED_EDGE('',*,*,#2822,.F.);
#13533=EDGE_LOOP('',(#13529,#13530,#13531,#13532));
#13534=FACE_BOUND('',#13533,.T.);
#13535=ADVANCED_FACE('',(#13534),#13523,.T.);
#13536=CARTESIAN_POINT('',(209.138574653,201.203463408,4.399811402));
#13537=DIRECTION('',(-0.000070704,0.000033439,-0.999999997));
#13538=DIRECTION('',(-0.999999998,-0.000000176,0.000070704));
#13539=AXIS2_PLACEMENT_3D('',#13536,#13537,#13538);
#13540=CYLINDRICAL_SURFACE('',#13539,1.);
#13541=ORIENTED_EDGE('',*,*,#10161,.F.);
#13542=ORIENTED_EDGE('',*,*,#4261,.F.);
#13543=ORIENTED_EDGE('',*,*,#2840,.F.);
#13544=ORIENTED_EDGE('',*,*,#8735,.F.);
#13545=EDGE_LOOP('',(#13541,#13542,#13543,#13544));
#13546=FACE_BOUND('',#13545,.T.);
#13547=ADVANCED_FACE('',(#13546),#13540,.T.);
#13548=CARTESIAN_POINT('',(248.076120974,162.265930657,4.39575633));
#13549=DIRECTION('',(-0.000070704,0.000033439,-0.999999997));
#13550=DIRECTION('',(-0.999999998,-0.000000176,0.000070704));
#13551=AXIS2_PLACEMENT_3D('',#13548,#13549,#13550);
#13552=CYLINDRICAL_SURFACE('',#13551,1.);
#13553=ORIENTED_EDGE('',*,*,#4977,.F.);
#13554=ORIENTED_EDGE('',*,*,#8764,.F.);
#13555=ORIENTED_EDGE('',*,*,#2880,.F.);
#13556=ORIENTED_EDGE('',*,*,#9422,.F.);
#13557=EDGE_LOOP('',(#13553,#13554,#13555,#13556));
#13558=FACE_BOUND('',#13557,.T.);
#13559=ADVANCED_FACE('',(#13558),#13552,.T.);
#13560=CARTESIAN_POINT('',(248.547096143,83.199810023,4.393079114));
#13561=DIRECTION('',(-0.000070704,0.000033439,-0.999999997));
#13562=DIRECTION('',(-0.999999998,-0.000000176,0.000070704));
#13563=AXIS2_PLACEMENT_3D('',#13560,#13561,#13562);
#13564=CYLINDRICAL_SURFACE('',#13563,1.);
#13565=ORIENTED_EDGE('',*,*,#4959,.F.);
#13566=ORIENTED_EDGE('',*,*,#9139,.F.);
#13567=ORIENTED_EDGE('',*,*,#2898,.F.);
#13568=ORIENTED_EDGE('',*,*,#8757,.F.);
#13569=EDGE_LOOP('',(#13565,#13566,#13567,#13568));
#13570=FACE_BOUND('',#13569,.T.);
#13571=ADVANCED_FACE('',(#13570),#13564,.T.);
#13572=CARTESIAN_POINT('',(209.138602133,43.319011298,4.394531853));
#13573=DIRECTION('',(-0.000070704,0.000033439,-0.999999997));
#13574=DIRECTION('',(-0.999999998,-0.000000176,0.000070704));
#13575=AXIS2_PLACEMENT_3D('',#13572,#13573,#13574);
#13576=CYLINDRICAL_SURFACE('',#13575,1.);
#13577=ORIENTED_EDGE('',*,*,#13493,.F.);
#13578=ORIENTED_EDGE('',*,*,#295,.F.);
#13579=ORIENTED_EDGE('',*,*,#2915,.F.);
#13580=ORIENTED_EDGE('',*,*,#837,.F.);
#13581=EDGE_LOOP('',(#13577,#13578,#13579,#13580));
#13582=FACE_BOUND('',#13581,.T.);
#13583=ADVANCED_FACE('',(#13582),#13576,.T.);
#13584=CARTESIAN_POINT('',(90.191683097,82.256529932,4.404243881));
#13585=DIRECTION('',(-0.000070704,0.000033439,-0.999999997));
#13586=DIRECTION('',(-0.999999998,-0.000000176,0.000070704));
#13587=AXIS2_PLACEMENT_3D('',#13584,#13585,#13586);
#13588=CYLINDRICAL_SURFACE('',#13587,1.);
#13589=ORIENTED_EDGE('',*,*,#9977,.F.);
#13590=ORIENTED_EDGE('',*,*,#8220,.F.);
#13591=ORIENTED_EDGE('',*,*,#2746,.F.);
#13592=ORIENTED_EDGE('',*,*,#7841,.F.);
#13593=EDGE_LOOP('',(#13589,#13590,#13591,#13592));
#13594=FACE_BOUND('',#13593,.T.);
#13595=ADVANCED_FACE('',(#13594),#13588,.T.);
#13596=CARTESIAN_POINT('',(129.129229417,43.318997183,4.40018881));
#13597=DIRECTION('',(-0.000070704,0.000033439,-0.999999997));
#13598=DIRECTION('',(-0.70711157,0.707101988,0.00007364));
#13599=AXIS2_PLACEMENT_3D('',#13596,#13597,#13598);
#13600=CYLINDRICAL_SURFACE('',#13599,1.);
#13601=ORIENTED_EDGE('',*,*,#2706,.F.);
#13602=ORIENTED_EDGE('',*,*,#9229,.F.);
#13603=ORIENTED_EDGE('',*,*,#1149,.F.);
#13604=ORIENTED_EDGE('',*,*,#9359,.F.);
#13605=EDGE_LOOP('',(#13601,#13602,#13603,#13604));
#13606=FACE_BOUND('',#13605,.T.);
#13607=ADVANCED_FACE('',(#13606),#13600,.T.);
#13608=CARTESIAN_POINT('',(116.989278184,137.360130965,37.004191919));
#13609=DIRECTION('',(0.000070704,-0.000033439,0.999999997));
#13610=DIRECTION('',(0.000000174,-0.999999999,-0.000033439));
#13611=AXIS2_PLACEMENT_3D('',#13608,#13609,#13610);
#13612=PLANE('',#13611);
#13613=ORIENTED_EDGE('',*,*,#1768,.T.);
#13614=CARTESIAN_POINT('',(115.789277247,142.76013075,37.004457336));
#13615=DIRECTION('',(0.999999998,0.000000176,-0.000070704));
#13616=VECTOR('',#13615,2.4);
#13617=LINE('',#13614,#13616);
#13618=EDGE_CURVE('',#1755,#1878,#13617,.T.);
#13619=ORIENTED_EDGE('',*,*,#13618,.T.);
#13620=ORIENTED_EDGE('',*,*,#1883,.F.);
#13621=CARTESIAN_POINT('',(115.789278187,137.360130753,37.004276763));
#13622=DIRECTION('',(0.999999998,0.000000176,-0.000070704));
#13623=VECTOR('',#13622,2.4);
#13624=LINE('',#13621,#13623);
#13625=EDGE_CURVE('',#1763,#1870,#13624,.T.);
#13626=ORIENTED_EDGE('',*,*,#13625,.F.);
#13627=EDGE_LOOP('',(#13613,#13619,#13620,#13626));
#13628=FACE_BOUND('',#13627,.T.);
#13629=ADVANCED_FACE('',(#13628),#13612,.F.);
#13630=CARTESIAN_POINT('',(0.044591185,137.361347588,0.012460265));
#13631=DIRECTION('',(0.000000174,-0.999999999,-0.000033439));
#13632=DIRECTION('',(-0.000070704,0.000033439,-0.999999997));
#13633=AXIS2_PLACEMENT_3D('',#13630,#13631,#13632);
#13634=PLANE('',#13633);
#13635=ORIENTED_EDGE('',*,*,#1776,.T.);
#13636=ORIENTED_EDGE('',*,*,#13625,.T.);
#13637=ORIENTED_EDGE('',*,*,#1875,.T.);
#13638=ORIENTED_EDGE('',*,*,#10006,.T.);
#13639=EDGE_LOOP('',(#13635,#13636,#13637,#13638));
#13640=FACE_BOUND('',#13639,.T.);
#13641=ADVANCED_FACE('',(#13640),#13634,.T.);
#13642=CARTESIAN_POINT('',(116.989277244,142.760130962,37.004372491));
#13643=DIRECTION('',(0.000049872,0.707083136,0.707130424));
#13644=DIRECTION('',(0.999999998,0.000000176,-0.000070704));
#13645=AXIS2_PLACEMENT_3D('',#13642,#13643,#13644);
#13646=PLANE('',#13645);
#13647=ORIENTED_EDGE('',*,*,#1760,.F.);
#13648=ORIENTED_EDGE('',*,*,#9461,.F.);
#13649=ORIENTED_EDGE('',*,*,#1891,.F.);
#13650=ORIENTED_EDGE('',*,*,#13618,.F.);
#13651=EDGE_LOOP('',(#13647,#13648,#13649,#13650));
#13652=FACE_BOUND('',#13651,.T.);
#13653=ADVANCED_FACE('',(#13652),#13646,.F.);
#13654=CARTESIAN_POINT('',(169.133902035,122.261230295,4.400000106));
#13655=DIRECTION('',(-0.000070704,0.000033439,-0.999999997));
#13656=DIRECTION('',(0.707106656,0.707106906,-0.00002635));
#13657=AXIS2_PLACEMENT_3D('',#13654,#13655,#13656);
#13658=CYLINDRICAL_SURFACE('',#13657,46.887301629);
#13659=ORIENTED_EDGE('',*,*,#4148,.T.);
#13660=ORIENTED_EDGE('',*,*,#10562,.F.);
#13661=ORIENTED_EDGE('',*,*,#4181,.T.);
#13662=ORIENTED_EDGE('',*,*,#2971,.T.);
#13663=EDGE_LOOP('',(#13659,#13660,#13661,#13662));
#13664=FACE_BOUND('',#13663,.T.);
#13665=ADVANCED_FACE('',(#13664),#13658,.F.);
#13666=CARTESIAN_POINT('',(169.133902035,122.261230295,4.400000106));
#13667=DIRECTION('',(-0.000070704,0.000033439,-0.999999997));
#13668=DIRECTION('',(0.707106656,0.707106906,-0.00002635));
#13669=AXIS2_PLACEMENT_3D('',#13666,#13667,#13668);
#13670=CYLINDRICAL_SURFACE('',#13669,43.887301629);
#13671=ORIENTED_EDGE('',*,*,#4211,.F.);
#13672=ORIENTED_EDGE('',*,*,#2988,.T.);
#13673=ORIENTED_EDGE('',*,*,#4195,.F.);
#13674=ORIENTED_EDGE('',*,*,#10572,.F.);
#13675=EDGE_LOOP('',(#13671,#13672,#13673,#13674));
#13676=FACE_BOUND('',#13675,.T.);
#13677=ADVANCED_FACE('',(#13676),#13670,.T.);
#13678=CARTESIAN_POINT('',(169.133902035,122.261230295,4.400000106));
#13679=DIRECTION('',(-0.000070704,0.000033439,-0.999999997));
#13680=DIRECTION('',(0.707106656,0.707106906,-0.00002635));
#13681=AXIS2_PLACEMENT_3D('',#13678,#13679,#13680);
#13682=CYLINDRICAL_SURFACE('',#13681,16.887301629);
#13683=ORIENTED_EDGE('',*,*,#5861,.T.);
#13684=ORIENTED_EDGE('',*,*,#10529,.F.);
#13685=ORIENTED_EDGE('',*,*,#5838,.T.);
#13686=ORIENTED_EDGE('',*,*,#3194,.T.);
#13687=EDGE_LOOP('',(#13683,#13684,#13685,#13686));
#13688=FACE_BOUND('',#13687,.T.);
#13689=ADVANCED_FACE('',(#13688),#13682,.F.);
#13690=CARTESIAN_POINT('',(169.133902035,122.261230295,4.400000106));
#13691=DIRECTION('',(-0.000070704,0.000033439,-0.999999997));
#13692=DIRECTION('',(0.707106656,0.707106906,-0.00002635));
#13693=AXIS2_PLACEMENT_3D('',#13690,#13691,#13692);
#13694=CYLINDRICAL_SURFACE('',#13693,19.887301629);
#13695=ORIENTED_EDGE('',*,*,#6211,.F.);
#13696=ORIENTED_EDGE('',*,*,#3355,.T.);
#13697=ORIENTED_EDGE('',*,*,#6251,.F.);
#13698=ORIENTED_EDGE('',*,*,#10501,.F.);
#13699=EDGE_LOOP('',(#13695,#13696,#13697,#13698));
#13700=FACE_BOUND('',#13699,.T.);
#13701=ADVANCED_FACE('',(#13700),#13694,.T.);
#13702=CARTESIAN_POINT('',(169.133902035,122.261230295,4.400000106));
#13703=DIRECTION('',(-0.000070704,0.000033439,-0.999999997));
#13704=DIRECTION('',(0.707106656,0.707106906,-0.00002635));
#13705=AXIS2_PLACEMENT_3D('',#13702,#13703,#13704);
#13706=CYLINDRICAL_SURFACE('',#13705,22.887301629);
#13707=ORIENTED_EDGE('',*,*,#6267,.T.);
#13708=ORIENTED_EDGE('',*,*,#10491,.F.);
#13709=ORIENTED_EDGE('',*,*,#6237,.T.);
#13710=ORIENTED_EDGE('',*,*,#3338,.T.);
#13711=EDGE_LOOP('',(#13707,#13708,#13709,#13710));
#13712=FACE_BOUND('',#13711,.T.);
#13713=ADVANCED_FACE('',(#13712),#13706,.F.);
#13714=CARTESIAN_POINT('',(169.133902035,122.261230295,4.400000106));
#13715=DIRECTION('',(-0.000070704,0.000033439,-0.999999997));
#13716=DIRECTION('',(0.707106656,0.707106906,-0.00002635));
#13717=AXIS2_PLACEMENT_3D('',#13714,#13715,#13716);
#13718=CYLINDRICAL_SURFACE('',#13717,25.887301629);
#13719=ORIENTED_EDGE('',*,*,#6617,.F.);
#13720=ORIENTED_EDGE('',*,*,#3517,.T.);
#13721=ORIENTED_EDGE('',*,*,#6657,.F.);
#13722=ORIENTED_EDGE('',*,*,#10463,.F.);
#13723=EDGE_LOOP('',(#13719,#13720,#13721,#13722));
#13724=FACE_BOUND('',#13723,.T.);
#13725=ADVANCED_FACE('',(#13724),#13718,.T.);
#13726=CARTESIAN_POINT('',(169.133902035,122.261230295,4.400000106));
#13727=DIRECTION('',(-0.000070704,0.000033439,-0.999999997));
#13728=DIRECTION('',(0.707106656,0.707106906,-0.00002635));
#13729=AXIS2_PLACEMENT_3D('',#13726,#13727,#13728);
#13730=CYLINDRICAL_SURFACE('',#13729,28.887301629);
#13731=ORIENTED_EDGE('',*,*,#6673,.T.);
#13732=ORIENTED_EDGE('',*,*,#10453,.F.);
#13733=ORIENTED_EDGE('',*,*,#6643,.T.);
#13734=ORIENTED_EDGE('',*,*,#3500,.T.);
#13735=EDGE_LOOP('',(#13731,#13732,#13733,#13734));
#13736=FACE_BOUND('',#13735,.T.);
#13737=ADVANCED_FACE('',(#13736),#13730,.F.);
#13738=CARTESIAN_POINT('',(169.133902035,122.261230295,4.400000106));
#13739=DIRECTION('',(-0.000070704,0.000033439,-0.999999997));
#13740=DIRECTION('',(0.707106656,0.707106906,-0.00002635));
#13741=AXIS2_PLACEMENT_3D('',#13738,#13739,#13740);
#13742=CYLINDRICAL_SURFACE('',#13741,31.887301629);
#13743=ORIENTED_EDGE('',*,*,#7023,.F.);
#13744=ORIENTED_EDGE('',*,*,#3679,.T.);
#13745=ORIENTED_EDGE('',*,*,#7063,.F.);
#13746=ORIENTED_EDGE('',*,*,#10425,.F.);
#13747=EDGE_LOOP('',(#13743,#13744,#13745,#13746));
#13748=FACE_BOUND('',#13747,.T.);
#13749=ADVANCED_FACE('',(#13748),#13742,.T.);
#13750=CARTESIAN_POINT('',(169.133902035,122.261230295,4.400000106));
#13751=DIRECTION('',(-0.000070704,0.000033439,-0.999999997));
#13752=DIRECTION('',(0.707106656,0.707106906,-0.00002635));
#13753=AXIS2_PLACEMENT_3D('',#13750,#13751,#13752);
#13754=CYLINDRICAL_SURFACE('',#13753,34.887301629);
#13755=ORIENTED_EDGE('',*,*,#7079,.T.);
#13756=ORIENTED_EDGE('',*,*,#10415,.F.);
#13757=ORIENTED_EDGE('',*,*,#7049,.T.);
#13758=ORIENTED_EDGE('',*,*,#3662,.T.);
#13759=EDGE_LOOP('',(#13755,#13756,#13757,#13758));
#13760=FACE_BOUND('',#13759,.T.);
#13761=ADVANCED_FACE('',(#13760),#13754,.F.);
#13762=CARTESIAN_POINT('',(169.133902035,122.261230295,4.400000106));
#13763=DIRECTION('',(-0.000070704,0.000033439,-0.999999997));
#13764=DIRECTION('',(0.707106656,0.707106906,-0.00002635));
#13765=AXIS2_PLACEMENT_3D('',#13762,#13763,#13764);
#13766=CYLINDRICAL_SURFACE('',#13765,37.887301629);
#13767=ORIENTED_EDGE('',*,*,#7429,.F.);
#13768=ORIENTED_EDGE('',*,*,#3841,.T.);
#13769=ORIENTED_EDGE('',*,*,#7469,.F.);
#13770=ORIENTED_EDGE('',*,*,#10387,.F.);
#13771=EDGE_LOOP('',(#13767,#13768,#13769,#13770));
#13772=FACE_BOUND('',#13771,.T.);
#13773=ADVANCED_FACE('',(#13772),#13766,.T.);
#13774=CARTESIAN_POINT('',(169.133902035,122.261230295,4.400000106));
#13775=DIRECTION('',(-0.000070704,0.000033439,-0.999999997));
#13776=DIRECTION('',(0.707106656,0.707106906,-0.00002635));
#13777=AXIS2_PLACEMENT_3D('',#13774,#13775,#13776);
#13778=CYLINDRICAL_SURFACE('',#13777,40.887301629);
#13779=ORIENTED_EDGE('',*,*,#7485,.T.);
#13780=ORIENTED_EDGE('',*,*,#10377,.F.);
#13781=ORIENTED_EDGE('',*,*,#7455,.T.);
#13782=ORIENTED_EDGE('',*,*,#3824,.T.);
#13783=EDGE_LOOP('',(#13779,#13780,#13781,#13782));
#13784=FACE_BOUND('',#13783,.T.);
#13785=ADVANCED_FACE('',(#13784),#13778,.F.);
#13786=CARTESIAN_POINT('',(129.129201936,201.203449292,4.405468358));
#13787=DIRECTION('',(-0.000070704,0.000033439,-0.999999997));
#13788=DIRECTION('',(-0.999999998,-0.000000176,0.000070704));
#13789=AXIS2_PLACEMENT_3D('',#13786,#13787,#13788);
#13790=CYLINDRICAL_SURFACE('',#13789,1.);
#13791=ORIENTED_EDGE('',*,*,#13528,.F.);
#13792=ORIENTED_EDGE('',*,*,#2813,.F.);
#13793=ORIENTED_EDGE('',*,*,#4299,.F.);
#13794=ORIENTED_EDGE('',*,*,#10178,.F.);
#13795=EDGE_LOOP('',(#13791,#13792,#13793,#13794));
#13796=FACE_BOUND('',#13795,.T.);
#13797=ADVANCED_FACE('',(#13796),#13790,.T.);
#13798=CLOSED_SHELL('',(#138,#178,#225,#272,#339,#387,#426,#443,#483,#523,#554,#585,#607,#711,#815,#861,#912,#928,#979,#1030,#1061,#1078,#1201,#1241,#1281,#1683,
#1714,#1801,#1823,#1901,#1941,#1972,#2374,#2405,#2468,#2490,#2544,#2575,#2606,#2637,#2661,#2678,#3968,#3992,#4009,#4043,#4068,#4093,#4118,#4136,#4168,
#4199,#4231,#4248,#4279,#4310,#4350,#4779,#4810,#4834,#4876,#4907,#4938,#5131,#5162,#5186,#5210,#5234,#5258,#5275,#5292,#5321,#5355,#5450,#5475,#5500,
#5525,#5550,#5575,#5606,#5630,#5648,#5679,#5703,#5721,#5752,#5776,#5794,#5825,#5849,#5874,#5905,#5930,#5954,#5972,#6003,#6028,#6052,#6070,#6101,#6126,
#6150,#6168,#6199,#6224,#6255,#6280,#6311,#6336,#6360,#6378,#6409,#6434,#6458,#6476,#6507,#6532,#6556,#6574,#6605,#6630,#6661,#6686,#6717,#6742,#6766,
#6784,#6815,#6840,#6864,#6882,#6913,#6938,#6962,#6980,#7011,#7036,#7067,#7092,#7123,#7148,#7172,#7190,#7221,#7246,#7270,#7288,#7319,#7344,#7368,#7386,
#7417,#7442,#7473,#7498,#7529,#7554,#7578,#7596,#7627,#7652,#7676,#7694,#7725,#7750,#7774,#7792,#7823,#7847,#8239,#8270,#8294,#8318,#8746,#9128,#9145,
#9170,#9194,#9218,#9241,#9263,#9285,#9307,#9319,#9331,#9348,#9365,#9382,#9399,#9411,#9428,#9450,#9472,#9484,#9519,#9554,#9585,#9616,#9634,#9668,#9719,
#9770,#9801,#9841,#9865,#10024,#10053,#10077,#10096,#10115,#10132,#10149,#10294,#10306,#10318,#10330,#10348,#10598,#10620,#10642,#10654,#10666,#10688,#10710,#10722,#10734,
#10756,#10778,#10790,#10802,#10824,#10846,#10858,#10870,#10892,#10914,#10926,#10938,#10960,#10982,#10994,#11006,#11028,#11050,#11062,#11074,#11096,#11118,#11130,#11142,#11164,
#11186,#11198,#11210,#11232,#11254,#11266,#11278,#11300,#11322,#11334,#11346,#11368,#11390,#11402,#11414,#11436,#11458,#11470,#11482,#11504,#11526,#11538,#11550,#11572,#11594,
#11606,#11618,#11640,#11662,#11674,#11686,#11708,#11730,#11742,#11754,#11776,#11798,#11810,#11822,#11844,#11866,#11878,#11890,#11912,#11934,#11946,#11958,#11980,#12002,#12014,
#12026,#12048,#12070,#12082,#12094,#12116,#12138,#12150,#12162,#12184,#12206,#12218,#12230,#12252,#12274,#12286,#12298,#12320,#12342,#12354,#12366,#12388,#12410,#12422,#12434,
#12456,#12478,#12490,#12502,#12524,#12546,#12558,#12570,#12587,#12604,#12616,#12675,#12697,#12714,#12731,#12748,#12765,#12777,#12836,#12858,#12875,#12892,#12909,#12926,#12938,
#12997,#13019,#13036,#13053,#13070,#13087,#13099,#13158,#13180,#13197,#13214,#13231,#13248,#13260,#13319,#13341,#13358,#13375,#13392,#13409,#13421,#13438,#13464,#13481,#13506,
#13518,#13535,#13547,#13559,#13571,#13583,#13595,#13607,#13629,#13641,#13653,#13665,#13677,#13689,#13701,#13713,#13725,#13737,#13749,#13761,#13773,#13785,#13797));
#13799=MANIFOLD_SOLID_BREP('\X2\5E955C42\X0\',#13798);
#13800=COLOUR_RGB('',0.541176498,0.541176498,0.541176498);
#13801=FILL_AREA_STYLE_COLOUR('',#13800);
#13802=FILL_AREA_STYLE('',(#13801));
#13803=SURFACE_STYLE_FILL_AREA(#13802);
#13804=SURFACE_SIDE_STYLE('',(#13803));
#13805=SURFACE_STYLE_USAGE(.BOTH.,#13804);
#13806=PRESENTATION_STYLE_ASSIGNMENT((#13805));
#82=STYLED_ITEM('',(#13806),#13799);
#63=SHAPE_REPRESENTATION('__',(#15),#61);
#64=ADVANCED_BREP_SHAPE_REPRESENTATION('__',(#13799),#61);
#13814=SHAPE_REPRESENTATION_RELATIONSHIP('','',#63,#64);
#13815=CARTESIAN_POINT('',(0.,0.,0.));
#13816=DIRECTION('',(0.,0.,1.));
#13817=DIRECTION('',(1.,0.,0.));
#13818=AXIS2_PLACEMENT_3D('',#13815,#13816,#13817);
#13820=MAPPED_ITEM('',#13819,#13818);
#13819=REPRESENTATION_MAP(#13818,#63);
#13821=APPLICATION_CONTEXT('Managed model based 3d engineering');
#13822=APPLICATION_PROTOCOL_DEFINITION('international standard','ap242_managed_model_based_3d_engineering',2014,#13821);
#13823=PRODUCT_CONTEXT('',#13821,'mechanical');
#13824=PRODUCT_DEFINITION_CONTEXT('part definition',#13821,'design');
#71=PRODUCT('__','__','',(#13823));
#13825=PRODUCT_RELATED_PRODUCT_CATEGORY('part','',(#71));
#13826=PRODUCT_DEFINITION_FORMATION_WITH_SPECIFIED_SOURCE('','',#71,.NOT_KNOWN.);
#72=PRODUCT_DEFINITION('design','',#13826,#13824);
#70=PRODUCT_DEFINITION_SHAPE('','',#72);
#13827=SHAPE_DEFINITION_REPRESENTATION(#70,#63);
#62=DRAUGHTING_MODEL('',(#13820),#61);
#35=SHAPE_REPRESENTATION('\X2\5E9576D8\X0\624.stp',(#15,#76),#33);
#13828=CARTESIAN_POINT('',(0.,0.,0.));
#13829=DIRECTION('',(0.,0.,1.));
#13830=DIRECTION('',(1.,0.,0.));
#13831=AXIS2_PLACEMENT_3D('',#13828,#13829,#13830);
#13833=MAPPED_ITEM('',#13832,#13831);
#13832=REPRESENTATION_MAP(#13831,#35);
#43=PRODUCT('\X2\5E9576D8\X0\624.stp','\X2\5E9576D8\X0\624.stp','',(#13823));
#13834=PRODUCT_RELATED_PRODUCT_CATEGORY('part','',(#43));
#13835=PRODUCT_DEFINITION_FORMATION_WITH_SPECIFIED_SOURCE('','',#43,.NOT_KNOWN.);
#44=PRODUCT_DEFINITION('design','',#13835,#13824);
#42=PRODUCT_DEFINITION_SHAPE('','',#44);
#13836=SHAPE_DEFINITION_REPRESENTATION(#42,#35);
#34=DRAUGHTING_MODEL('',(#13833),#33);
#16=SHAPE_REPRESENTATION('root',(#15,#48),#10);
#13837=CARTESIAN_POINT('',(0.,0.,0.));
#13838=DIRECTION('',(0.,0.,1.));
#13839=DIRECTION('',(1.,0.,0.));
#13840=AXIS2_PLACEMENT_3D('',#13837,#13838,#13839);
#13842=MAPPED_ITEM('',#13841,#13840);
#13841=REPRESENTATION_MAP(#13840,#16);
#24=PRODUCT('root','root','',(#13823));
#13843=PRODUCT_RELATED_PRODUCT_CATEGORY('part','',(#24));
#13844=PRODUCT_DEFINITION_FORMATION_WITH_SPECIFIED_SOURCE('','',#24,.NOT_KNOWN.);
#25=PRODUCT_DEFINITION('design','',#13844,#13824);
#23=PRODUCT_DEFINITION_SHAPE('','',#25);
#13845=SHAPE_DEFINITION_REPRESENTATION(#23,#16);
#11=DRAUGHTING_MODEL('',(#13842),#10);
#13846=DESCRIPTIVE_REPRESENTATION_ITEM('KEY','/private/var/mobile/Containers/Data/Application/512BD973-2612-4B7A-8C54-7F7EBD679855/tmp/89081FB0-AF8D-40B2-9815-18BCAE015417.tmp');
#13847=PROPERTY_DEFINITION('KEY','',#25);
#13848=REPRESENTATION('',(#13846),#10);
#13849=PROPERTY_DEFINITION_REPRESENTATION(#13847,#13848);
#13850=GENERAL_PROPERTY('','KEY','');
#13851=GENERAL_PROPERTY_ASSOCIATION('','',#13850,#13847);
#1=MECHANICAL_DESIGN_GEOMETRIC_PRESENTATION_REPRESENTATION('',(#82),#10);
ENDSEC;
END-ISO-10303-21;
