ISO-10303-21;
HEADER;

/* File generated by Shapr3D Version 5.890.0.9070 */

FILE_DESCRIPTION(('HOOPS Exchange Step'),'2;1');

FILE_NAME('/private/var/mobile/Containers/Data/Application/512BD973-2612-4B7A-8C54-7F7EBD679855/tmp/export/temp_export',
'2025-06-27T19:44:07+08:00',
('mobile'),
('Shapr3D Limited'),
'HOOPS Exchange 2024.8',
'Shapr3D',
'Authorized');

FILE_SCHEMA( ('AP242_MANAGED_MODEL_BASED_3D_ENGINEERING_MIM_LF {1 0 10303 442 1 1 4}') );

ENDSEC;

DATA;
#3=(NAMED_UNIT(*)PLANE_ANGLE_UNIT()SI_UNIT($,.RADIAN.));
#4=PLANE_ANGLE_MEASURE_WITH_UNIT(PLANE_ANGLE_MEASURE(0.0174532925),#3);
#5=(CONVERSION_BASED_UNIT('DEGREE',#4)NAMED_UNIT(#6)PLANE_ANGLE_UNIT());
#6=DIMENSIONAL_EXPONENTS(0.,0.,0.,0.,0.,0.,0.);
#7=(NAMED_UNIT(*)SI_UNIT($,.STERADIAN.)SOLID_ANGLE_UNIT());
#8=(LENGTH_UNIT()NAMED_UNIT(*)SI_UNIT(.MILLI.,.METRE.));
#9=UNCERTAINTY_MEASURE_WITH_UNIT(LENGTH_MEASURE(1.000000E-05),#8,'DISTANCE_ACCURACY_VALUE','Maximum Tolerance applied to model');
#10=(GEOMETRIC_REPRESENTATION_CONTEXT(3)GLOBAL_UNCERTAINTY_ASSIGNED_CONTEXT((#9))GLOBAL_UNIT_ASSIGNED_CONTEXT((#8,#5,#7))REPRESENTATION_CONTEXT('','root'));
#12=CARTESIAN_POINT('',(0.,0.,0.));
#13=DIRECTION('',(0.,0.,1.));
#14=DIRECTION('',(1.,0.,0.));
#15=AXIS2_PLACEMENT_3D('TS3D_PRODUCT_CSYS',#12,#13,#14);
#27=CARTESIAN_POINT('',(538.265532574,436.621462318,1.131405097));
#28=DIRECTION('',(0.015114227,0.865893504,-0.5));
#29=DIRECTION('',(0.008726203,0.499923848,0.866025404));
#30=AXIS2_PLACEMENT_3D('',#27,#28,#29);
#31=CYLINDRICAL_SURFACE('',#30,1.1);
#32=CARTESIAN_POINT('',(538.335588307,440.634952566,0.084033041));
#33=VERTEX_POINT('',#32);
#34=CARTESIAN_POINT('',(538.275131398,437.171378551,2.084033041));
#35=VERTEX_POINT('',#34);
#36=CARTESIAN_POINT('',(538.335588307,440.634952566,0.084033041));
#37=DIRECTION('',(-0.015114227,-0.865893504,0.5));
#38=VECTOR('',#37,4.);
#39=LINE('',#36,#38);
#40=EDGE_CURVE('',#33,#35,#39,.T.);
#41=ORIENTED_EDGE('',*,*,#40,.F.);
#42=CARTESIAN_POINT('',(538.31639066,439.535120102,-1.821222847));
#43=VERTEX_POINT('',#42);
#44=CARTESIAN_POINT('',(538.325989484,440.085036334,-0.868594903));
#45=DIRECTION('',(-0.015114227,-0.865893504,0.5));
#46=DIRECTION('',(-0.008726203,-0.499923848,-0.866025404));
#47=AXIS2_PLACEMENT_3D('',#44,#45,#46);
#48=CIRCLE('',#47,1.1);
#49=EDGE_CURVE('',#43,#33,#48,.T.);
#50=ORIENTED_EDGE('',*,*,#49,.F.);
#51=CARTESIAN_POINT('',(538.325989484,440.085036334,-0.868594903));
#52=DIRECTION('',(-0.015114227,-0.865893504,0.5));
#53=DIRECTION('',(-0.008726203,-0.499923848,-0.866025404));
#54=AXIS2_PLACEMENT_3D('',#51,#52,#53);
#55=CIRCLE('',#54,1.1);
#56=EDGE_CURVE('',#33,#43,#55,.T.);
#57=ORIENTED_EDGE('',*,*,#56,.F.);
#58=ORIENTED_EDGE('',*,*,#40,.T.);
#59=CARTESIAN_POINT('',(538.255933751,436.071546086,0.178777153));
#60=VERTEX_POINT('',#59);
#61=CARTESIAN_POINT('',(538.265532574,436.621462318,1.131405097));
#62=DIRECTION('',(-0.015114227,-0.865893504,0.5));
#63=DIRECTION('',(-0.008726203,-0.499923848,-0.866025404));
#64=AXIS2_PLACEMENT_3D('',#61,#62,#63);
#65=CIRCLE('',#64,1.1);
#66=EDGE_CURVE('',#35,#60,#65,.T.);
#67=ORIENTED_EDGE('',*,*,#66,.T.);
#68=CARTESIAN_POINT('',(538.265532574,436.621462318,1.131405097));
#69=DIRECTION('',(-0.015114227,-0.865893504,0.5));
#70=DIRECTION('',(-0.008726203,-0.499923848,-0.866025404));
#71=AXIS2_PLACEMENT_3D('',#68,#69,#70);
#72=CIRCLE('',#71,1.1);
#73=EDGE_CURVE('',#60,#35,#72,.T.);
#74=ORIENTED_EDGE('',*,*,#73,.T.);
#75=EDGE_LOOP('',(#41,#50,#57,#58,#67,#74));
#76=FACE_BOUND('',#75,.T.);
#77=ADVANCED_FACE('',(#76),#31,.F.);
#78=CARTESIAN_POINT('',(538.265532574,436.621462318,1.131405097));
#79=DIRECTION('',(0.015114227,0.865893504,-0.5));
#80=DIRECTION('',(0.008726203,0.499923848,0.866025404));
#81=AXIS2_PLACEMENT_3D('',#78,#79,#80);
#82=CYLINDRICAL_SURFACE('',#81,1.8);
#83=CARTESIAN_POINT('',(538.311468195,439.253112252,1.690250824));
#84=VERTEX_POINT('',#83);
#85=CARTESIAN_POINT('',(538.28123974,437.521325244,2.690250824));
#86=VERTEX_POINT('',#85);
#87=CARTESIAN_POINT('',(538.311468195,439.253112252,1.690250824));
#88=DIRECTION('',(-0.015114227,-0.865893504,0.5));
#89=VECTOR('',#88,2.);
#90=LINE('',#87,#89);
#91=EDGE_CURVE('',#84,#86,#90,.T.);
#92=ORIENTED_EDGE('',*,*,#91,.T.);
#93=CARTESIAN_POINT('',(538.249825408,435.721599393,-0.42744063));
#94=VERTEX_POINT('',#93);
#95=CARTESIAN_POINT('',(538.265532574,436.621462318,1.131405097));
#96=DIRECTION('',(-0.015114227,-0.865893504,0.5));
#97=DIRECTION('',(-0.008726203,-0.499923848,-0.866025404));
#98=AXIS2_PLACEMENT_3D('',#95,#96,#97);
#99=CIRCLE('',#98,1.8);
#100=EDGE_CURVE('',#94,#86,#99,.T.);
#101=ORIENTED_EDGE('',*,*,#100,.F.);
#102=CARTESIAN_POINT('',(538.265532574,436.621462318,1.131405097));
#103=DIRECTION('',(-0.015114227,-0.865893504,0.5));
#104=DIRECTION('',(-0.008726203,-0.499923848,-0.866025404));
#105=AXIS2_PLACEMENT_3D('',#102,#103,#104);
#106=CIRCLE('',#105,1.8);
#107=EDGE_CURVE('',#86,#94,#106,.T.);
#108=ORIENTED_EDGE('',*,*,#107,.F.);
#109=ORIENTED_EDGE('',*,*,#91,.F.);
#110=CARTESIAN_POINT('',(538.295761029,437.453146511,-1.427381265));
#111=VERTEX_POINT('',#110);
#112=CARTESIAN_POINT('',(538.295761029,438.353249326,0.131405097));
#113=DIRECTION('',(-0.015114227,-0.865893504,0.5));
#114=DIRECTION('',(-0.,-0.50005712,-0.865992423));
#115=AXIS2_PLACEMENT_3D('',#112,#113,#114);
#116=CIRCLE('',#115,1.8);
#117=EDGE_CURVE('',#84,#111,#116,.T.);
#118=ORIENTED_EDGE('',*,*,#117,.T.);
#119=CARTESIAN_POINT('',(538.295761029,438.353249326,0.131405097));
#120=DIRECTION('',(-0.015114227,-0.865893504,0.5));
#121=DIRECTION('',(-0.,-0.50005712,-0.865992423));
#122=AXIS2_PLACEMENT_3D('',#119,#120,#121);
#123=CIRCLE('',#122,1.8);
#124=EDGE_CURVE('',#111,#84,#123,.T.);
#125=ORIENTED_EDGE('',*,*,#124,.T.);
#126=EDGE_LOOP('',(#92,#101,#108,#109,#118,#125));
#127=FACE_BOUND('',#126,.T.);
#128=ADVANCED_FACE('',(#127),#82,.T.);
#129=CARTESIAN_POINT('',(242.682717633,468.835000018,47.983379442));
#130=DIRECTION('',(-0.015114227,-0.865893504,0.5));
#131=DIRECTION('',(-0.008726203,-0.499923848,-0.866025404));
#132=AXIS2_PLACEMENT_3D('',#129,#130,#131);
#133=PLANE('',#132);
#134=ORIENTED_EDGE('',*,*,#66,.F.);
#135=ORIENTED_EDGE('',*,*,#73,.F.);
#136=EDGE_LOOP('',(#134,#135));
#137=FACE_BOUND('',#136,.T.);
#138=ORIENTED_EDGE('',*,*,#100,.T.);
#139=ORIENTED_EDGE('',*,*,#107,.T.);
#140=EDGE_LOOP('',(#138,#139));
#141=FACE_BOUND('',#140,.T.);
#142=ADVANCED_FACE('',(#137,#141),#133,.T.);
#143=CARTESIAN_POINT('',(242.743174542,472.298574034,45.983379442));
#144=DIRECTION('',(-0.015114227,-0.865893504,0.5));
#145=DIRECTION('',(-0.008726203,-0.499923848,-0.866025404));
#146=AXIS2_PLACEMENT_3D('',#143,#144,#145);
#147=PLANE('',#146);
#148=ORIENTED_EDGE('',*,*,#49,.T.);
#149=ORIENTED_EDGE('',*,*,#56,.T.);
#150=EDGE_LOOP('',(#148,#149));
#151=FACE_BOUND('',#150,.T.);
#152=CARTESIAN_POINT('',(538.56159697,453.582980219,22.514090999));
#153=VERTEX_POINT('',#152);
#154=CARTESIAN_POINT('',(538.580794618,454.682812683,24.419346887));
#155=VERTEX_POINT('',#154);
#156=CARTESIAN_POINT('',(538.571195794,454.132896451,23.466718943));
#157=DIRECTION('',(-0.015114227,-0.865893504,0.5));
#158=DIRECTION('',(-0.008726203,-0.499923848,-0.866025404));
#159=AXIS2_PLACEMENT_3D('',#156,#157,#158);
#160=CIRCLE('',#159,1.1);
#161=EDGE_CURVE('',#153,#155,#160,.T.);
#162=ORIENTED_EDGE('',*,*,#161,.T.);
#163=CARTESIAN_POINT('',(538.571195794,454.132896451,23.466718943));
#164=DIRECTION('',(-0.015114227,-0.865893504,0.5));
#165=DIRECTION('',(-0.008726203,-0.499923848,-0.866025404));
#166=AXIS2_PLACEMENT_3D('',#163,#164,#165);
#167=CIRCLE('',#166,1.1);
#168=EDGE_CURVE('',#155,#153,#167,.T.);
#169=ORIENTED_EDGE('',*,*,#168,.T.);
#170=EDGE_LOOP('',(#162,#169));
#171=FACE_BOUND('',#170,.T.);
#172=CARTESIAN_POINT('',(510.220670426,440.025532723,-1.821222847));
#173=VERTEX_POINT('',#172);
#174=CARTESIAN_POINT('',(510.239868073,441.125365187,0.084033041));
#175=VERTEX_POINT('',#174);
#176=CARTESIAN_POINT('',(510.23026925,440.575448955,-0.868594903));
#177=DIRECTION('',(-0.015114227,-0.865893504,0.5));
#178=DIRECTION('',(-0.008726203,-0.499923848,-0.866025404));
#179=AXIS2_PLACEMENT_3D('',#176,#177,#178);
#180=CIRCLE('',#179,1.1);
#181=EDGE_CURVE('',#173,#175,#180,.T.);
#182=ORIENTED_EDGE('',*,*,#181,.T.);
#183=CARTESIAN_POINT('',(510.23026925,440.575448955,-0.868594903));
#184=DIRECTION('',(-0.015114227,-0.865893504,0.5));
#185=DIRECTION('',(-0.008726203,-0.499923848,-0.866025404));
#186=AXIS2_PLACEMENT_3D('',#183,#184,#185);
#187=CIRCLE('',#186,1.1);
#188=EDGE_CURVE('',#175,#173,#187,.T.);
#189=ORIENTED_EDGE('',*,*,#188,.T.);
#190=EDGE_LOOP('',(#182,#189));
#191=FACE_BOUND('',#190,.T.);
#192=CARTESIAN_POINT('',(510.465876737,454.07339284,22.514090999));
#193=VERTEX_POINT('',#192);
#194=CARTESIAN_POINT('',(510.485074384,455.173225304,24.419346887));
#195=VERTEX_POINT('',#194);
#196=CARTESIAN_POINT('',(510.47547556,454.623309072,23.466718943));
#197=DIRECTION('',(-0.015114227,-0.865893504,0.5));
#198=DIRECTION('',(-0.008726203,-0.499923848,-0.866025404));
#199=AXIS2_PLACEMENT_3D('',#196,#197,#198);
#200=CIRCLE('',#199,1.1);
#201=EDGE_CURVE('',#193,#195,#200,.T.);
#202=ORIENTED_EDGE('',*,*,#201,.T.);
#203=CARTESIAN_POINT('',(510.47547556,454.623309072,23.466718943));
#204=DIRECTION('',(-0.015114227,-0.865893504,0.5));
#205=DIRECTION('',(-0.008726203,-0.499923848,-0.866025404));
#206=AXIS2_PLACEMENT_3D('',#203,#204,#205);
#207=CIRCLE('',#206,1.1);
#208=EDGE_CURVE('',#195,#193,#207,.T.);
#209=ORIENTED_EDGE('',*,*,#208,.T.);
#210=EDGE_LOOP('',(#202,#209));
#211=FACE_BOUND('',#210,.T.);
#212=CARTESIAN_POINT('',(541.679297092,455.584985243,26.075380546));
#213=VERTEX_POINT('',#212);
#214=CARTESIAN_POINT('',(541.393946863,439.237281551,-2.243986012));
#215=VERTEX_POINT('',#214);
#216=CARTESIAN_POINT('',(541.679297092,455.584985243,26.075380546));
#217=DIRECTION('',(-0.008726203,-0.499923848,-0.866025404));
#218=VECTOR('',#217,32.700387812);
#219=LINE('',#216,#218);
#220=EDGE_CURVE('',#213,#215,#219,.T.);
#221=ORIENTED_EDGE('',*,*,#220,.T.);
#222=CARTESIAN_POINT('',(507.399125228,439.83066337,-2.243986012));
#223=VERTEX_POINT('',#222);
#224=CARTESIAN_POINT('',(541.393946863,439.237281551,-2.243986012));
#225=DIRECTION('',(-0.999847695,0.017452406,-0.));
#226=VECTOR('',#225,34.);
#227=LINE('',#224,#226);
#228=EDGE_CURVE('',#215,#223,#227,.T.);
#229=ORIENTED_EDGE('',*,*,#228,.T.);
#230=CARTESIAN_POINT('',(507.684475457,456.178367062,26.075380546));
#231=VERTEX_POINT('',#230);
#232=CARTESIAN_POINT('',(507.684475457,456.178367062,26.075380546));
#233=DIRECTION('',(-0.008726203,-0.499923848,-0.866025404));
#234=VECTOR('',#233,32.700387812);
#235=LINE('',#232,#234);
#236=EDGE_CURVE('',#231,#223,#235,.T.);
#237=ORIENTED_EDGE('',*,*,#236,.F.);
#238=CARTESIAN_POINT('',(513.683561628,456.073652623,26.075380546));
#239=VERTEX_POINT('',#238);
#240=CARTESIAN_POINT('',(507.684475457,456.178367062,26.075380546));
#241=DIRECTION('',(0.999847695,-0.017452406,0.));
#242=VECTOR('',#241,6.);
#243=LINE('',#240,#242);
#244=EDGE_CURVE('',#231,#239,#243,.T.);
#245=ORIENTED_EDGE('',*,*,#244,.T.);
#246=CARTESIAN_POINT('',(513.596299596,451.074414147,17.415126509));
#247=VERTEX_POINT('',#246);
#248=CARTESIAN_POINT('',(513.596299596,451.074414147,17.415126509));
#249=DIRECTION('',(0.008726203,0.499923848,0.866025404));
#250=VECTOR('',#249,10.);
#251=LINE('',#248,#250);
#252=EDGE_CURVE('',#247,#239,#251,.T.);
#253=ORIENTED_EDGE('',*,*,#252,.F.);
#254=CARTESIAN_POINT('',(535.592948889,450.690461206,17.415126509));
#255=VERTEX_POINT('',#254);
#256=CARTESIAN_POINT('',(535.592948889,450.690461206,17.415126509));
#257=DIRECTION('',(-0.999847695,0.017452406,-0.));
#258=VECTOR('',#257,22.);
#259=LINE('',#256,#258);
#260=EDGE_CURVE('',#255,#247,#259,.T.);
#261=ORIENTED_EDGE('',*,*,#260,.F.);
#262=CARTESIAN_POINT('',(535.680210921,455.689699682,26.075380546));
#263=VERTEX_POINT('',#262);
#264=CARTESIAN_POINT('',(535.680210921,455.689699682,26.075380546));
#265=DIRECTION('',(-0.008726203,-0.499923848,-0.866025404));
#266=VECTOR('',#265,10.);
#267=LINE('',#264,#266);
#268=EDGE_CURVE('',#263,#255,#267,.T.);
#269=ORIENTED_EDGE('',*,*,#268,.F.);
#270=CARTESIAN_POINT('',(541.679297092,455.584985243,26.075380546));
#271=DIRECTION('',(-0.999847695,0.017452406,-0.));
#272=VECTOR('',#271,6.);
#273=LINE('',#270,#272);
#274=EDGE_CURVE('',#213,#263,#273,.T.);
#275=ORIENTED_EDGE('',*,*,#274,.F.);
#276=EDGE_LOOP('',(#221,#229,#237,#245,#253,#261,#269,#275));
#277=FACE_BOUND('',#276,.T.);
#278=ADVANCED_FACE('',(#151,#171,#191,#211,#277),#147,.F.);
#279=CARTESIAN_POINT('',(469.216579729,528.029757168,26.642367845));
#280=DIRECTION('',(-0.017452406,-0.999847695,0.));
#281=DIRECTION('',(-0.865893504,0.015114227,0.5));
#282=AXIS2_PLACEMENT_3D('',#279,#280,#281);
#283=PLANE('',#282);
#284=CARTESIAN_POINT('',(451.54172793,528.338272854,-3.97603682));
#285=VERTEX_POINT('',#284);
#286=CARTESIAN_POINT('',(453.850777274,528.297968248,-3.97603682));
#287=VERTEX_POINT('',#286);
#288=CARTESIAN_POINT('',(451.54172793,528.338272854,-3.97603682));
#289=DIRECTION('',(0.999847695,-0.017452406,0.));
#290=VECTOR('',#289,2.309401077);
#291=LINE('',#288,#290);
#292=EDGE_CURVE('',#285,#287,#291,.T.);
#293=ORIENTED_EDGE('',*,*,#292,.F.);
#294=CARTESIAN_POINT('',(469.466541653,528.025394067,27.075380546));
#295=VERTEX_POINT('',#294);
#296=CARTESIAN_POINT('',(469.466541653,528.025394067,27.075380546));
#297=DIRECTION('',(-0.499923848,0.008726203,-0.866025404));
#298=VECTOR('',#297,35.85508835);
#299=LINE('',#296,#298);
#300=EDGE_CURVE('',#295,#285,#299,.T.);
#301=ORIENTED_EDGE('',*,*,#300,.F.);
#302=CARTESIAN_POINT('',(471.198328661,527.995165612,26.075380546));
#303=VERTEX_POINT('',#302);
#304=CARTESIAN_POINT('',(469.466541653,528.025394067,27.075380546));
#305=DIRECTION('',(0.865893504,-0.015114227,-0.5));
#306=VECTOR('',#305,2.);
#307=LINE('',#304,#306);
#308=EDGE_CURVE('',#295,#303,#307,.T.);
#309=ORIENTED_EDGE('',*,*,#308,.T.);
#310=CARTESIAN_POINT('',(471.198328661,527.995165612,26.075380546));
#311=DIRECTION('',(-0.499923848,0.008726203,-0.866025404));
#312=VECTOR('',#311,34.700387812);
#313=LINE('',#310,#312);
#314=EDGE_CURVE('',#303,#287,#313,.T.);
#315=ORIENTED_EDGE('',*,*,#314,.T.);
#316=EDGE_LOOP('',(#293,#301,#309,#315));
#317=FACE_BOUND('',#316,.T.);
#318=ADVANCED_FACE('',(#317),#283,.F.);
#319=CARTESIAN_POINT('',(485.193333034,712.77906259,48.726015641));
#320=DIRECTION('',(-0.865893504,0.015114227,0.5));
#321=DIRECTION('',(-0.499923848,0.008726203,-0.866025404));
#322=AXIS2_PLACEMENT_3D('',#319,#320,#321);
#323=PLANE('',#322);
#324=ORIENTED_EDGE('',*,*,#300,.T.);
#325=CARTESIAN_POINT('',(450.948346111,494.343451219,-3.97603682));
#326=VERTEX_POINT('',#325);
#327=CARTESIAN_POINT('',(451.54172793,528.338272854,-3.97603682));
#328=DIRECTION('',(-0.017452406,-0.999847695,0.));
#329=VECTOR('',#328,34.);
#330=LINE('',#327,#329);
#331=EDGE_CURVE('',#285,#326,#330,.T.);
#332=ORIENTED_EDGE('',*,*,#331,.T.);
#333=CARTESIAN_POINT('',(468.873159834,494.030572431,27.075380546));
#334=VERTEX_POINT('',#333);
#335=CARTESIAN_POINT('',(468.873159834,494.030572431,27.075380546));
#336=DIRECTION('',(-0.499923848,0.008726203,-0.866025404));
#337=VECTOR('',#336,35.85508835);
#338=LINE('',#335,#337);
#339=EDGE_CURVE('',#334,#326,#338,.T.);
#340=ORIENTED_EDGE('',*,*,#339,.F.);
#341=CARTESIAN_POINT('',(468.977874273,500.029658602,27.075380546));
#342=VERTEX_POINT('',#341);
#343=CARTESIAN_POINT('',(468.873159834,494.030572431,27.075380546));
#344=DIRECTION('',(0.017452406,0.999847695,-0.));
#345=VECTOR('',#344,6.);
#346=LINE('',#343,#345);
#347=EDGE_CURVE('',#334,#342,#346,.T.);
#348=ORIENTED_EDGE('',*,*,#347,.T.);
#349=CARTESIAN_POINT('',(463.978635797,500.116920635,18.415126509));
#350=VERTEX_POINT('',#349);
#351=CARTESIAN_POINT('',(468.977874273,500.029658602,27.075380546));
#352=DIRECTION('',(-0.499923848,0.008726203,-0.866025404));
#353=VECTOR('',#352,10.);
#354=LINE('',#351,#353);
#355=EDGE_CURVE('',#342,#350,#354,.T.);
#356=ORIENTED_EDGE('',*,*,#355,.T.);
#357=CARTESIAN_POINT('',(464.362588739,522.113569928,18.415126509));
#358=VERTEX_POINT('',#357);
#359=CARTESIAN_POINT('',(463.978635797,500.116920635,18.415126509));
#360=DIRECTION('',(0.017452406,0.999847695,-0.));
#361=VECTOR('',#360,22.);
#362=LINE('',#359,#361);
#363=EDGE_CURVE('',#350,#358,#362,.T.);
#364=ORIENTED_EDGE('',*,*,#363,.T.);
#365=CARTESIAN_POINT('',(469.361827215,522.026307896,27.075380546));
#366=VERTEX_POINT('',#365);
#367=CARTESIAN_POINT('',(464.362588739,522.113569928,18.415126509));
#368=DIRECTION('',(0.499923848,-0.008726203,0.866025404));
#369=VECTOR('',#368,10.);
#370=LINE('',#367,#369);
#371=EDGE_CURVE('',#358,#366,#370,.T.);
#372=ORIENTED_EDGE('',*,*,#371,.T.);
#373=CARTESIAN_POINT('',(469.466541653,528.025394067,27.075380546));
#374=DIRECTION('',(-0.017452406,-0.999847695,0.));
#375=VECTOR('',#374,6.);
#376=LINE('',#373,#375);
#377=EDGE_CURVE('',#295,#366,#376,.T.);
#378=ORIENTED_EDGE('',*,*,#377,.F.);
#379=EDGE_LOOP('',(#324,#332,#340,#348,#356,#364,#372,#378));
#380=FACE_BOUND('',#379,.T.);
#381=CARTESIAN_POINT('',(454.273073851,497.368172875,1.690250824));
#382=VERTEX_POINT('',#381);
#383=CARTESIAN_POINT('',(454.273313741,497.38388004,1.690191459));
#384=VERTEX_POINT('',#383);
#385=CARTESIAN_POINT('',(453.373210926,497.38388004,0.131405097));
#386=DIRECTION('',(-0.865893504,0.015114227,0.5));
#387=DIRECTION('',(0.50005712,0.,0.865992423));
#388=AXIS2_PLACEMENT_3D('',#385,#386,#387);
#389=CIRCLE('',#388,1.8);
#390=EDGE_CURVE('',#382,#384,#389,.T.);
#391=ORIENTED_EDGE('',*,*,#390,.F.);
#392=CARTESIAN_POINT('',(453.373210926,497.38388004,0.131405097));
#393=DIRECTION('',(-0.865893504,0.015114227,0.5));
#394=DIRECTION('',(0.50005712,0.,0.865992423));
#395=AXIS2_PLACEMENT_3D('',#392,#393,#394);
#396=CIRCLE('',#395,1.8);
#397=EDGE_CURVE('',#384,#382,#396,.T.);
#398=ORIENTED_EDGE('',*,*,#397,.F.);
#399=EDGE_LOOP('',(#391,#398));
#400=FACE_BOUND('',#399,.T.);
#401=CARTESIAN_POINT('',(468.811346589,525.218686798,26.02556467));
#402=VERTEX_POINT('',#401);
#403=CARTESIAN_POINT('',(468.811586479,525.234393964,26.025505305));
#404=VERTEX_POINT('',#403);
#405=CARTESIAN_POINT('',(467.911483663,525.234393964,24.466718943));
#406=DIRECTION('',(-0.865893504,0.015114227,0.5));
#407=DIRECTION('',(0.50005712,0.,0.865992423));
#408=AXIS2_PLACEMENT_3D('',#405,#406,#407);
#409=CIRCLE('',#408,1.8);
#410=EDGE_CURVE('',#402,#404,#409,.T.);
#411=ORIENTED_EDGE('',*,*,#410,.F.);
#412=CARTESIAN_POINT('',(467.911483663,525.234393964,24.466718943));
#413=DIRECTION('',(-0.865893504,0.015114227,0.5));
#414=DIRECTION('',(0.50005712,0.,0.865992423));
#415=AXIS2_PLACEMENT_3D('',#412,#413,#414);
#416=CIRCLE('',#415,1.8);
#417=EDGE_CURVE('',#404,#402,#416,.T.);
#418=ORIENTED_EDGE('',*,*,#417,.F.);
#419=EDGE_LOOP('',(#411,#418));
#420=FACE_BOUND('',#419,.T.);
#421=CARTESIAN_POINT('',(468.320933968,497.122966564,26.02556467));
#422=VERTEX_POINT('',#421);
#423=CARTESIAN_POINT('',(468.321173858,497.13867373,26.025505305));
#424=VERTEX_POINT('',#423);
#425=CARTESIAN_POINT('',(467.421071042,497.13867373,24.466718943));
#426=DIRECTION('',(-0.865893504,0.015114227,0.5));
#427=DIRECTION('',(0.50005712,0.,0.865992423));
#428=AXIS2_PLACEMENT_3D('',#425,#426,#427);
#429=CIRCLE('',#428,1.8);
#430=EDGE_CURVE('',#422,#424,#429,.T.);
#431=ORIENTED_EDGE('',*,*,#430,.F.);
#432=CARTESIAN_POINT('',(467.421071042,497.13867373,24.466718943));
#433=DIRECTION('',(-0.865893504,0.015114227,0.5));
#434=DIRECTION('',(0.50005712,0.,0.865992423));
#435=AXIS2_PLACEMENT_3D('',#432,#433,#434);
#436=CIRCLE('',#435,1.8);
#437=EDGE_CURVE('',#424,#422,#436,.T.);
#438=ORIENTED_EDGE('',*,*,#437,.F.);
#439=EDGE_LOOP('',(#431,#438));
#440=FACE_BOUND('',#439,.T.);
#441=CARTESIAN_POINT('',(454.763486472,525.463893108,1.690250824));
#442=VERTEX_POINT('',#441);
#443=CARTESIAN_POINT('',(454.763726362,525.479600274,1.690191459));
#444=VERTEX_POINT('',#443);
#445=CARTESIAN_POINT('',(453.863623546,525.479600274,0.131405097));
#446=DIRECTION('',(-0.865893504,0.015114227,0.5));
#447=DIRECTION('',(0.50005712,0.,0.865992423));
#448=AXIS2_PLACEMENT_3D('',#445,#446,#447);
#449=CIRCLE('',#448,1.8);
#450=EDGE_CURVE('',#442,#444,#449,.T.);
#451=ORIENTED_EDGE('',*,*,#450,.F.);
#452=CARTESIAN_POINT('',(453.863623546,525.479600274,0.131405097));
#453=DIRECTION('',(-0.865893504,0.015114227,0.5));
#454=DIRECTION('',(0.50005712,0.,0.865992423));
#455=AXIS2_PLACEMENT_3D('',#452,#453,#454);
#456=CIRCLE('',#455,1.8);
#457=EDGE_CURVE('',#444,#442,#456,.T.);
#458=ORIENTED_EDGE('',*,*,#457,.F.);
#459=EDGE_LOOP('',(#451,#458));
#460=FACE_BOUND('',#459,.T.);
#461=ADVANCED_FACE('',(#380,#400,#420,#440,#460),#323,.T.);
#462=CARTESIAN_POINT('',(486.925120041,712.748834136,47.726015641));
#463=DIRECTION('',(-0.865893504,0.015114227,0.5));
#464=DIRECTION('',(-0.499923848,0.008726203,-0.866025404));
#465=AXIS2_PLACEMENT_3D('',#462,#463,#464);
#466=PLANE('',#465);
#467=CARTESIAN_POINT('',(453.257395455,494.303146613,-3.97603682));
#468=VERTEX_POINT('',#467);
#469=CARTESIAN_POINT('',(453.850777274,528.297968248,-3.97603682));
#470=DIRECTION('',(-0.017452406,-0.999847695,0.));
#471=VECTOR('',#470,34.);
#472=LINE('',#469,#471);
#473=EDGE_CURVE('',#287,#468,#472,.T.);
#474=ORIENTED_EDGE('',*,*,#473,.F.);
#475=ORIENTED_EDGE('',*,*,#314,.F.);
#476=CARTESIAN_POINT('',(471.093614222,521.996079441,26.075380546));
#477=VERTEX_POINT('',#476);
#478=CARTESIAN_POINT('',(471.198328661,527.995165612,26.075380546));
#479=DIRECTION('',(-0.017452406,-0.999847695,0.));
#480=VECTOR('',#479,6.);
#481=LINE('',#478,#480);
#482=EDGE_CURVE('',#303,#477,#481,.T.);
#483=ORIENTED_EDGE('',*,*,#482,.T.);
#484=CARTESIAN_POINT('',(466.094375747,522.083341473,17.415126509));
#485=VERTEX_POINT('',#484);
#486=CARTESIAN_POINT('',(466.094375747,522.083341473,17.415126509));
#487=DIRECTION('',(0.499923848,-0.008726203,0.866025404));
#488=VECTOR('',#487,10.);
#489=LINE('',#486,#488);
#490=EDGE_CURVE('',#485,#477,#489,.T.);
#491=ORIENTED_EDGE('',*,*,#490,.F.);
#492=CARTESIAN_POINT('',(465.710422805,500.08669218,17.415126509));
#493=VERTEX_POINT('',#492);
#494=CARTESIAN_POINT('',(465.710422805,500.08669218,17.415126509));
#495=DIRECTION('',(0.017452406,0.999847695,-0.));
#496=VECTOR('',#495,22.);
#497=LINE('',#494,#496);
#498=EDGE_CURVE('',#493,#485,#497,.T.);
#499=ORIENTED_EDGE('',*,*,#498,.F.);
#500=CARTESIAN_POINT('',(470.709661281,499.999430148,26.075380546));
#501=VERTEX_POINT('',#500);
#502=CARTESIAN_POINT('',(470.709661281,499.999430148,26.075380546));
#503=DIRECTION('',(-0.499923848,0.008726203,-0.866025404));
#504=VECTOR('',#503,10.);
#505=LINE('',#502,#504);
#506=EDGE_CURVE('',#501,#493,#505,.T.);
#507=ORIENTED_EDGE('',*,*,#506,.F.);
#508=CARTESIAN_POINT('',(470.604946842,494.000343977,26.075380546));
#509=VERTEX_POINT('',#508);
#510=CARTESIAN_POINT('',(470.604946842,494.000343977,26.075380546));
#511=DIRECTION('',(0.017452406,0.999847695,-0.));
#512=VECTOR('',#511,6.);
#513=LINE('',#510,#512);
#514=EDGE_CURVE('',#509,#501,#513,.T.);
#515=ORIENTED_EDGE('',*,*,#514,.F.);
#516=CARTESIAN_POINT('',(470.604946842,494.000343977,26.075380546));
#517=DIRECTION('',(-0.499923848,0.008726203,-0.866025404));
#518=VECTOR('',#517,34.700387812);
#519=LINE('',#516,#518);
#520=EDGE_CURVE('',#509,#468,#519,.T.);
#521=ORIENTED_EDGE('',*,*,#520,.T.);
#522=EDGE_LOOP('',(#474,#475,#483,#491,#499,#507,#515,#521));
#523=FACE_BOUND('',#522,.T.);
#524=CARTESIAN_POINT('',(454.555081701,497.363250409,-1.821222847));
#525=VERTEX_POINT('',#524);
#526=CARTESIAN_POINT('',(455.654914166,497.344052762,0.084033041));
#527=VERTEX_POINT('',#526);
#528=CARTESIAN_POINT('',(455.104997933,497.353651586,-0.868594903));
#529=DIRECTION('',(-0.865893504,0.015114227,0.5));
#530=DIRECTION('',(-0.499923848,0.008726203,-0.866025404));
#531=AXIS2_PLACEMENT_3D('',#528,#529,#530);
#532=CIRCLE('',#531,1.1);
#533=EDGE_CURVE('',#525,#527,#532,.T.);
#534=ORIENTED_EDGE('',*,*,#533,.T.);
#535=CARTESIAN_POINT('',(455.104997933,497.353651586,-0.868594903));
#536=DIRECTION('',(-0.865893504,0.015114227,0.5));
#537=DIRECTION('',(-0.499923848,0.008726203,-0.866025404));
#538=AXIS2_PLACEMENT_3D('',#535,#536,#537);
#539=CIRCLE('',#538,1.1);
#540=EDGE_CURVE('',#527,#525,#539,.T.);
#541=ORIENTED_EDGE('',*,*,#540,.T.);
#542=EDGE_LOOP('',(#534,#541));
#543=FACE_BOUND('',#542,.T.);
#544=CARTESIAN_POINT('',(469.093354439,525.213764333,22.514090999));
#545=VERTEX_POINT('',#544);
#546=CARTESIAN_POINT('',(470.193186904,525.194566686,24.419346887));
#547=VERTEX_POINT('',#546);
#548=CARTESIAN_POINT('',(469.643270671,525.204165509,23.466718943));
#549=DIRECTION('',(-0.865893504,0.015114227,0.5));
#550=DIRECTION('',(-0.499923848,0.008726203,-0.866025404));
#551=AXIS2_PLACEMENT_3D('',#548,#549,#550);
#552=CIRCLE('',#551,1.1);
#553=EDGE_CURVE('',#545,#547,#552,.T.);
#554=ORIENTED_EDGE('',*,*,#553,.T.);
#555=CARTESIAN_POINT('',(469.643270671,525.204165509,23.466718943));
#556=DIRECTION('',(-0.865893504,0.015114227,0.5));
#557=DIRECTION('',(-0.499923848,0.008726203,-0.866025404));
#558=AXIS2_PLACEMENT_3D('',#555,#556,#557);
#559=CIRCLE('',#558,1.1);
#560=EDGE_CURVE('',#547,#545,#559,.T.);
#561=ORIENTED_EDGE('',*,*,#560,.T.);
#562=EDGE_LOOP('',(#554,#561));
#563=FACE_BOUND('',#562,.T.);
#564=CARTESIAN_POINT('',(468.602941818,497.118044099,22.514090999));
#565=VERTEX_POINT('',#564);
#566=CARTESIAN_POINT('',(469.702774283,497.098846452,24.419346887));
#567=VERTEX_POINT('',#566);
#568=CARTESIAN_POINT('',(469.15285805,497.108445275,23.466718943));
#569=DIRECTION('',(-0.865893504,0.015114227,0.5));
#570=DIRECTION('',(-0.499923848,0.008726203,-0.866025404));
#571=AXIS2_PLACEMENT_3D('',#568,#569,#570);
#572=CIRCLE('',#571,1.1);
#573=EDGE_CURVE('',#565,#567,#572,.T.);
#574=ORIENTED_EDGE('',*,*,#573,.T.);
#575=CARTESIAN_POINT('',(469.15285805,497.108445275,23.466718943));
#576=DIRECTION('',(-0.865893504,0.015114227,0.5));
#577=DIRECTION('',(-0.499923848,0.008726203,-0.866025404));
#578=AXIS2_PLACEMENT_3D('',#575,#576,#577);
#579=CIRCLE('',#578,1.1);
#580=EDGE_CURVE('',#567,#565,#579,.T.);
#581=ORIENTED_EDGE('',*,*,#580,.T.);
#582=EDGE_LOOP('',(#574,#581));
#583=FACE_BOUND('',#582,.T.);
#584=CARTESIAN_POINT('',(455.045494322,525.458970643,-1.821222847));
#585=VERTEX_POINT('',#584);
#586=CARTESIAN_POINT('',(456.145326787,525.439772996,0.084033041));
#587=VERTEX_POINT('',#586);
#588=CARTESIAN_POINT('',(455.595410554,525.44937182,-0.868594903));
#589=DIRECTION('',(-0.865893504,0.015114227,0.5));
#590=DIRECTION('',(-0.499923848,0.008726203,-0.866025404));
#591=AXIS2_PLACEMENT_3D('',#588,#589,#590);
#592=CIRCLE('',#591,1.1);
#593=EDGE_CURVE('',#585,#587,#592,.T.);
#594=ORIENTED_EDGE('',*,*,#593,.T.);
#595=CARTESIAN_POINT('',(455.595410554,525.44937182,-0.868594903));
#596=DIRECTION('',(-0.865893504,0.015114227,0.5));
#597=DIRECTION('',(-0.499923848,0.008726203,-0.866025404));
#598=AXIS2_PLACEMENT_3D('',#595,#596,#597);
#599=CIRCLE('',#598,1.1);
#600=EDGE_CURVE('',#587,#585,#599,.T.);
#601=ORIENTED_EDGE('',*,*,#600,.T.);
#602=EDGE_LOOP('',(#594,#601));
#603=FACE_BOUND('',#602,.T.);
#604=ADVANCED_FACE('',(#523,#543,#563,#583,#603),#466,.F.);
#605=CARTESIAN_POINT('',(469.111865291,522.030670997,26.642367845));
#606=DIRECTION('',(0.017452406,0.999847695,-0.));
#607=DIRECTION('',(0.865893504,-0.015114227,-0.5));
#608=AXIS2_PLACEMENT_3D('',#605,#606,#607);
#609=PLANE('',#608);
#610=ORIENTED_EDGE('',*,*,#490,.T.);
#611=CARTESIAN_POINT('',(469.361827215,522.026307896,27.075380546));
#612=DIRECTION('',(0.865893504,-0.015114227,-0.5));
#613=VECTOR('',#612,2.);
#614=LINE('',#611,#613);
#615=EDGE_CURVE('',#366,#477,#614,.T.);
#616=ORIENTED_EDGE('',*,*,#615,.F.);
#617=ORIENTED_EDGE('',*,*,#371,.F.);
#618=CARTESIAN_POINT('',(464.362588739,522.113569928,18.415126509));
#619=DIRECTION('',(0.865893504,-0.015114227,-0.5));
#620=VECTOR('',#619,2.);
#621=LINE('',#618,#620);
#622=EDGE_CURVE('',#358,#485,#621,.T.);
#623=ORIENTED_EDGE('',*,*,#622,.T.);
#624=EDGE_LOOP('',(#610,#616,#617,#623));
#625=FACE_BOUND('',#624,.T.);
#626=ADVANCED_FACE('',(#625),#609,.F.);
#627=CARTESIAN_POINT('',(469.405458231,524.525927134,27.075380546));
#628=DIRECTION('',(0.499923848,-0.008726203,0.866025404));
#629=DIRECTION('',(-0.865893504,0.015114227,0.5));
#630=AXIS2_PLACEMENT_3D('',#627,#628,#629);
#631=PLANE('',#630);
#632=ORIENTED_EDGE('',*,*,#482,.F.);
#633=ORIENTED_EDGE('',*,*,#308,.F.);
#634=ORIENTED_EDGE('',*,*,#377,.T.);
#635=ORIENTED_EDGE('',*,*,#615,.T.);
#636=EDGE_LOOP('',(#632,#633,#634,#635));
#637=FACE_BOUND('',#636,.T.);
#638=ADVANCED_FACE('',(#637),#631,.T.);
#639=CARTESIAN_POINT('',(451.641423918,497.414108495,1.131405097));
#640=DIRECTION('',(0.865893504,-0.015114227,-0.5));
#641=DIRECTION('',(0.499923848,-0.008726203,0.866025404));
#642=AXIS2_PLACEMENT_3D('',#639,#640,#641);
#643=CYLINDRICAL_SURFACE('',#642,1.1);
#644=CARTESIAN_POINT('',(452.19134015,497.404509671,2.084033041));
#645=VERTEX_POINT('',#644);
#646=CARTESIAN_POINT('',(455.654914166,497.344052762,0.084033041));
#647=DIRECTION('',(-0.865893504,0.015114227,0.5));
#648=VECTOR('',#647,4.);
#649=LINE('',#646,#648);
#650=EDGE_CURVE('',#527,#645,#649,.T.);
#651=ORIENTED_EDGE('',*,*,#650,.F.);
#652=ORIENTED_EDGE('',*,*,#533,.F.);
#653=ORIENTED_EDGE('',*,*,#540,.F.);
#654=ORIENTED_EDGE('',*,*,#650,.T.);
#655=CARTESIAN_POINT('',(451.091507685,497.423707319,0.178777153));
#656=VERTEX_POINT('',#655);
#657=CARTESIAN_POINT('',(451.641423918,497.414108495,1.131405097));
#658=DIRECTION('',(-0.865893504,0.015114227,0.5));
#659=DIRECTION('',(-0.499923848,0.008726203,-0.866025404));
#660=AXIS2_PLACEMENT_3D('',#657,#658,#659);
#661=CIRCLE('',#660,1.1);
#662=EDGE_CURVE('',#645,#656,#661,.T.);
#663=ORIENTED_EDGE('',*,*,#662,.T.);
#664=CARTESIAN_POINT('',(451.641423918,497.414108495,1.131405097));
#665=DIRECTION('',(-0.865893504,0.015114227,0.5));
#666=DIRECTION('',(-0.499923848,0.008726203,-0.866025404));
#667=AXIS2_PLACEMENT_3D('',#664,#665,#666);
#668=CIRCLE('',#667,1.1);
#669=EDGE_CURVE('',#656,#645,#668,.T.);
#670=ORIENTED_EDGE('',*,*,#669,.T.);
#671=EDGE_LOOP('',(#651,#652,#653,#654,#663,#670));
#672=FACE_BOUND('',#671,.T.);
#673=ADVANCED_FACE('',(#672),#643,.F.);
#674=CARTESIAN_POINT('',(451.641423918,497.414108495,1.131405097));
#675=DIRECTION('',(0.865893504,-0.015114227,-0.5));
#676=DIRECTION('',(0.499923848,-0.008726203,0.866025404));
#677=AXIS2_PLACEMENT_3D('',#674,#675,#676);
#678=CYLINDRICAL_SURFACE('',#677,1.8);
#679=CARTESIAN_POINT('',(452.541286843,497.398401329,2.690250824));
#680=VERTEX_POINT('',#679);
#681=CARTESIAN_POINT('',(454.273073851,497.368172875,1.690250824));
#682=DIRECTION('',(-0.865893504,0.015114227,0.5));
#683=VECTOR('',#682,2.);
#684=LINE('',#681,#683);
#685=EDGE_CURVE('',#382,#680,#684,.T.);
#686=ORIENTED_EDGE('',*,*,#685,.T.);
#687=CARTESIAN_POINT('',(450.741560992,497.429815661,-0.42744063));
#688=VERTEX_POINT('',#687);
#689=CARTESIAN_POINT('',(451.641423918,497.414108495,1.131405097));
#690=DIRECTION('',(-0.865893504,0.015114227,0.5));
#691=DIRECTION('',(-0.499923848,0.008726203,-0.866025404));
#692=AXIS2_PLACEMENT_3D('',#689,#690,#691);
#693=CIRCLE('',#692,1.8);
#694=EDGE_CURVE('',#688,#680,#693,.T.);
#695=ORIENTED_EDGE('',*,*,#694,.F.);
#696=CARTESIAN_POINT('',(451.641423918,497.414108495,1.131405097));
#697=DIRECTION('',(-0.865893504,0.015114227,0.5));
#698=DIRECTION('',(-0.499923848,0.008726203,-0.866025404));
#699=AXIS2_PLACEMENT_3D('',#696,#697,#698);
#700=CIRCLE('',#699,1.8);
#701=EDGE_CURVE('',#680,#688,#700,.T.);
#702=ORIENTED_EDGE('',*,*,#701,.F.);
#703=ORIENTED_EDGE('',*,*,#685,.F.);
#704=ORIENTED_EDGE('',*,*,#390,.T.);
#705=ORIENTED_EDGE('',*,*,#397,.T.);
#706=EDGE_LOOP('',(#686,#695,#702,#703,#704,#705));
#707=FACE_BOUND('',#706,.T.);
#708=ADVANCED_FACE('',(#707),#678,.T.);
#709=CARTESIAN_POINT('',(483.854961618,792.996923437,47.983379442));
#710=DIRECTION('',(-0.865893504,0.015114227,0.5));
#711=DIRECTION('',(-0.499923848,0.008726203,-0.866025404));
#712=AXIS2_PLACEMENT_3D('',#709,#710,#711);
#713=PLANE('',#712);
#714=ORIENTED_EDGE('',*,*,#662,.F.);
#715=ORIENTED_EDGE('',*,*,#669,.F.);
#716=EDGE_LOOP('',(#714,#715));
#717=FACE_BOUND('',#716,.T.);
#718=ORIENTED_EDGE('',*,*,#694,.T.);
#719=ORIENTED_EDGE('',*,*,#701,.T.);
#720=EDGE_LOOP('',(#718,#719));
#721=FACE_BOUND('',#720,.T.);
#722=ADVANCED_FACE('',(#717,#721),#713,.T.);
#723=CARTESIAN_POINT('',(466.179696656,525.264622418,25.466718943));
#724=DIRECTION('',(0.865893504,-0.015114227,-0.5));
#725=DIRECTION('',(0.499923848,-0.008726203,0.866025404));
#726=AXIS2_PLACEMENT_3D('',#723,#724,#725);
#727=CYLINDRICAL_SURFACE('',#726,1.1);
#728=CARTESIAN_POINT('',(466.729612888,525.255023595,26.419346887));
#729=VERTEX_POINT('',#728);
#730=CARTESIAN_POINT('',(470.193186904,525.194566686,24.419346887));
#731=DIRECTION('',(-0.865893504,0.015114227,0.5));
#732=VECTOR('',#731,4.);
#733=LINE('',#730,#732);
#734=EDGE_CURVE('',#547,#729,#733,.T.);
#735=ORIENTED_EDGE('',*,*,#734,.F.);
#736=ORIENTED_EDGE('',*,*,#553,.F.);
#737=ORIENTED_EDGE('',*,*,#560,.F.);
#738=ORIENTED_EDGE('',*,*,#734,.T.);
#739=CARTESIAN_POINT('',(465.629780423,525.274221242,24.514090999));
#740=VERTEX_POINT('',#739);
#741=CARTESIAN_POINT('',(466.179696656,525.264622418,25.466718943));
#742=DIRECTION('',(-0.865893504,0.015114227,0.5));
#743=DIRECTION('',(-0.499923848,0.008726203,-0.866025404));
#744=AXIS2_PLACEMENT_3D('',#741,#742,#743);
#745=CIRCLE('',#744,1.1);
#746=EDGE_CURVE('',#729,#740,#745,.T.);
#747=ORIENTED_EDGE('',*,*,#746,.T.);
#748=CARTESIAN_POINT('',(466.179696656,525.264622418,25.466718943));
#749=DIRECTION('',(-0.865893504,0.015114227,0.5));
#750=DIRECTION('',(-0.499923848,0.008726203,-0.866025404));
#751=AXIS2_PLACEMENT_3D('',#748,#749,#750);
#752=CIRCLE('',#751,1.1);
#753=EDGE_CURVE('',#740,#729,#752,.T.);
#754=ORIENTED_EDGE('',*,*,#753,.T.);
#755=EDGE_LOOP('',(#735,#736,#737,#738,#747,#754));
#756=FACE_BOUND('',#755,.T.);
#757=ADVANCED_FACE('',(#756),#727,.F.);
#758=CARTESIAN_POINT('',(466.179696656,525.264622418,25.466718943));
#759=DIRECTION('',(0.865893504,-0.015114227,-0.5));
#760=DIRECTION('',(0.499923848,-0.008726203,0.866025404));
#761=AXIS2_PLACEMENT_3D('',#758,#759,#760);
#762=CYLINDRICAL_SURFACE('',#761,1.8);
#763=CARTESIAN_POINT('',(467.079559581,525.248915253,27.02556467));
#764=VERTEX_POINT('',#763);
#765=CARTESIAN_POINT('',(468.811346589,525.218686798,26.02556467));
#766=DIRECTION('',(-0.865893504,0.015114227,0.5));
#767=VECTOR('',#766,2.);
#768=LINE('',#765,#767);
#769=EDGE_CURVE('',#402,#764,#768,.T.);
#770=ORIENTED_EDGE('',*,*,#769,.T.);
#771=CARTESIAN_POINT('',(465.27983373,525.280329584,23.907873216));
#772=VERTEX_POINT('',#771);
#773=CARTESIAN_POINT('',(466.179696656,525.264622418,25.466718943));
#774=DIRECTION('',(-0.865893504,0.015114227,0.5));
#775=DIRECTION('',(-0.499923848,0.008726203,-0.866025404));
#776=AXIS2_PLACEMENT_3D('',#773,#774,#775);
#777=CIRCLE('',#776,1.8);
#778=EDGE_CURVE('',#772,#764,#777,.T.);
#779=ORIENTED_EDGE('',*,*,#778,.F.);
#780=CARTESIAN_POINT('',(466.179696656,525.264622418,25.466718943));
#781=DIRECTION('',(-0.865893504,0.015114227,0.5));
#782=DIRECTION('',(-0.499923848,0.008726203,-0.866025404));
#783=AXIS2_PLACEMENT_3D('',#780,#781,#782);
#784=CIRCLE('',#783,1.8);
#785=EDGE_CURVE('',#764,#772,#784,.T.);
#786=ORIENTED_EDGE('',*,*,#785,.F.);
#787=ORIENTED_EDGE('',*,*,#769,.F.);
#788=ORIENTED_EDGE('',*,*,#410,.T.);
#789=ORIENTED_EDGE('',*,*,#417,.T.);
#790=EDGE_LOOP('',(#770,#779,#786,#787,#788,#789));
#791=FACE_BOUND('',#790,.T.);
#792=ADVANCED_FACE('',(#791),#762,.T.);
#793=CARTESIAN_POINT('',(483.854961618,792.996923437,47.983379442));
#794=DIRECTION('',(-0.865893504,0.015114227,0.5));
#795=DIRECTION('',(-0.499923848,0.008726203,-0.866025404));
#796=AXIS2_PLACEMENT_3D('',#793,#794,#795);
#797=PLANE('',#796);
#798=ORIENTED_EDGE('',*,*,#746,.F.);
#799=ORIENTED_EDGE('',*,*,#753,.F.);
#800=EDGE_LOOP('',(#798,#799));
#801=FACE_BOUND('',#800,.T.);
#802=ORIENTED_EDGE('',*,*,#778,.T.);
#803=ORIENTED_EDGE('',*,*,#785,.T.);
#804=EDGE_LOOP('',(#802,#803));
#805=FACE_BOUND('',#804,.T.);
#806=ADVANCED_FACE('',(#801,#805),#797,.T.);
#807=CARTESIAN_POINT('',(457.124949416,494.235638207,6.723783558));
#808=DIRECTION('',(-0.017452406,-0.999847695,0.));
#809=DIRECTION('',(-0.865893504,0.015114227,0.5));
#810=AXIS2_PLACEMENT_3D('',#807,#808,#809);
#811=PLANE('',#810);
#812=ORIENTED_EDGE('',*,*,#339,.T.);
#813=CARTESIAN_POINT('',(450.948346111,494.343451219,-3.97603682));
#814=DIRECTION('',(0.999847695,-0.017452406,0.));
#815=VECTOR('',#814,2.309401077);
#816=LINE('',#813,#815);
#817=EDGE_CURVE('',#326,#468,#816,.T.);
#818=ORIENTED_EDGE('',*,*,#817,.T.);
#819=ORIENTED_EDGE('',*,*,#520,.F.);
#820=CARTESIAN_POINT('',(468.873159834,494.030572431,27.075380546));
#821=DIRECTION('',(0.865893504,-0.015114227,-0.5));
#822=VECTOR('',#821,2.);
#823=LINE('',#820,#822);
#824=EDGE_CURVE('',#334,#509,#823,.T.);
#825=ORIENTED_EDGE('',*,*,#824,.F.);
#826=EDGE_LOOP('',(#812,#818,#819,#825));
#827=FACE_BOUND('',#826,.T.);
#828=ADVANCED_FACE('',(#827),#811,.T.);
#829=CARTESIAN_POINT('',(468.934243257,497.530039365,27.075380546));
#830=DIRECTION('',(-0.499923848,0.008726203,-0.866025404));
#831=DIRECTION('',(0.865893504,-0.015114227,-0.5));
#832=AXIS2_PLACEMENT_3D('',#829,#830,#831);
#833=PLANE('',#832);
#834=ORIENTED_EDGE('',*,*,#514,.T.);
#835=CARTESIAN_POINT('',(468.977874273,500.029658602,27.075380546));
#836=DIRECTION('',(0.865893504,-0.015114227,-0.5));
#837=VECTOR('',#836,2.);
#838=LINE('',#835,#837);
#839=EDGE_CURVE('',#342,#501,#838,.T.);
#840=ORIENTED_EDGE('',*,*,#839,.F.);
#841=ORIENTED_EDGE('',*,*,#347,.F.);
#842=ORIENTED_EDGE('',*,*,#824,.T.);
#843=EDGE_LOOP('',(#834,#840,#841,#842));
#844=FACE_BOUND('',#843,.T.);
#845=ADVANCED_FACE('',(#844),#833,.F.);
#846=CARTESIAN_POINT('',(468.727912349,500.034021704,26.642367845));
#847=DIRECTION('',(-0.017452406,-0.999847695,0.));
#848=DIRECTION('',(-0.865893504,0.015114227,0.5));
#849=AXIS2_PLACEMENT_3D('',#846,#847,#848);
#850=PLANE('',#849);
#851=ORIENTED_EDGE('',*,*,#506,.T.);
#852=CARTESIAN_POINT('',(463.978635797,500.116920635,18.415126509));
#853=DIRECTION('',(0.865893504,-0.015114227,-0.5));
#854=VECTOR('',#853,2.);
#855=LINE('',#852,#854);
#856=EDGE_CURVE('',#350,#493,#855,.T.);
#857=ORIENTED_EDGE('',*,*,#856,.F.);
#858=ORIENTED_EDGE('',*,*,#355,.F.);
#859=ORIENTED_EDGE('',*,*,#839,.T.);
#860=EDGE_LOOP('',(#851,#857,#858,#859));
#861=FACE_BOUND('',#860,.T.);
#862=ADVANCED_FACE('',(#861),#850,.F.);
#863=CARTESIAN_POINT('',(465.689284035,497.168902185,25.466718943));
#864=DIRECTION('',(0.865893504,-0.015114227,-0.5));
#865=DIRECTION('',(0.499923848,-0.008726203,0.866025404));
#866=AXIS2_PLACEMENT_3D('',#863,#864,#865);
#867=CYLINDRICAL_SURFACE('',#866,1.1);
#868=CARTESIAN_POINT('',(466.239200267,497.159303361,26.419346887));
#869=VERTEX_POINT('',#868);
#870=CARTESIAN_POINT('',(469.702774283,497.098846452,24.419346887));
#871=DIRECTION('',(-0.865893504,0.015114227,0.5));
#872=VECTOR('',#871,4.);
#873=LINE('',#870,#872);
#874=EDGE_CURVE('',#567,#869,#873,.T.);
#875=ORIENTED_EDGE('',*,*,#874,.F.);
#876=ORIENTED_EDGE('',*,*,#573,.F.);
#877=ORIENTED_EDGE('',*,*,#580,.F.);
#878=ORIENTED_EDGE('',*,*,#874,.T.);
#879=CARTESIAN_POINT('',(465.139367802,497.178501008,24.514090999));
#880=VERTEX_POINT('',#879);
#881=CARTESIAN_POINT('',(465.689284035,497.168902185,25.466718943));
#882=DIRECTION('',(-0.865893504,0.015114227,0.5));
#883=DIRECTION('',(-0.499923848,0.008726203,-0.866025404));
#884=AXIS2_PLACEMENT_3D('',#881,#882,#883);
#885=CIRCLE('',#884,1.1);
#886=EDGE_CURVE('',#869,#880,#885,.T.);
#887=ORIENTED_EDGE('',*,*,#886,.T.);
#888=CARTESIAN_POINT('',(465.689284035,497.168902185,25.466718943));
#889=DIRECTION('',(-0.865893504,0.015114227,0.5));
#890=DIRECTION('',(-0.499923848,0.008726203,-0.866025404));
#891=AXIS2_PLACEMENT_3D('',#888,#889,#890);
#892=CIRCLE('',#891,1.1);
#893=EDGE_CURVE('',#880,#869,#892,.T.);
#894=ORIENTED_EDGE('',*,*,#893,.T.);
#895=EDGE_LOOP('',(#875,#876,#877,#878,#887,#894));
#896=FACE_BOUND('',#895,.T.);
#897=ADVANCED_FACE('',(#896),#867,.F.);
#898=CARTESIAN_POINT('',(465.689284035,497.168902185,25.466718943));
#899=DIRECTION('',(0.865893504,-0.015114227,-0.5));
#900=DIRECTION('',(0.499923848,-0.008726203,0.866025404));
#901=AXIS2_PLACEMENT_3D('',#898,#899,#900);
#902=CYLINDRICAL_SURFACE('',#901,1.8);
#903=CARTESIAN_POINT('',(466.58914696,497.153195019,27.02556467));
#904=VERTEX_POINT('',#903);
#905=CARTESIAN_POINT('',(468.320933968,497.122966564,26.02556467));
#906=DIRECTION('',(-0.865893504,0.015114227,0.5));
#907=VECTOR('',#906,2.);
#908=LINE('',#905,#907);
#909=EDGE_CURVE('',#422,#904,#908,.T.);
#910=ORIENTED_EDGE('',*,*,#909,.T.);
#911=CARTESIAN_POINT('',(464.789421109,497.18460935,23.907873216));
#912=VERTEX_POINT('',#911);
#913=CARTESIAN_POINT('',(465.689284035,497.168902185,25.466718943));
#914=DIRECTION('',(-0.865893504,0.015114227,0.5));
#915=DIRECTION('',(-0.499923848,0.008726203,-0.866025404));
#916=AXIS2_PLACEMENT_3D('',#913,#914,#915);
#917=CIRCLE('',#916,1.8);
#918=EDGE_CURVE('',#912,#904,#917,.T.);
#919=ORIENTED_EDGE('',*,*,#918,.F.);
#920=CARTESIAN_POINT('',(465.689284035,497.168902185,25.466718943));
#921=DIRECTION('',(-0.865893504,0.015114227,0.5));
#922=DIRECTION('',(-0.499923848,0.008726203,-0.866025404));
#923=AXIS2_PLACEMENT_3D('',#920,#921,#922);
#924=CIRCLE('',#923,1.8);
#925=EDGE_CURVE('',#904,#912,#924,.T.);
#926=ORIENTED_EDGE('',*,*,#925,.F.);
#927=ORIENTED_EDGE('',*,*,#909,.F.);
#928=ORIENTED_EDGE('',*,*,#430,.T.);
#929=ORIENTED_EDGE('',*,*,#437,.T.);
#930=EDGE_LOOP('',(#910,#919,#926,#927,#928,#929));
#931=FACE_BOUND('',#930,.T.);
#932=ADVANCED_FACE('',(#931),#902,.T.);
#933=CARTESIAN_POINT('',(483.854961618,792.996923437,47.983379442));
#934=DIRECTION('',(-0.865893504,0.015114227,0.5));
#935=DIRECTION('',(-0.499923848,0.008726203,-0.866025404));
#936=AXIS2_PLACEMENT_3D('',#933,#934,#935);
#937=PLANE('',#936);
#938=ORIENTED_EDGE('',*,*,#886,.F.);
#939=ORIENTED_EDGE('',*,*,#893,.F.);
#940=EDGE_LOOP('',(#938,#939));
#941=FACE_BOUND('',#940,.T.);
#942=ORIENTED_EDGE('',*,*,#918,.T.);
#943=ORIENTED_EDGE('',*,*,#925,.T.);
#944=EDGE_LOOP('',(#942,#943));
#945=FACE_BOUND('',#944,.T.);
#946=ADVANCED_FACE('',(#941,#945),#937,.T.);
#947=CARTESIAN_POINT('',(452.131836539,525.509828729,1.131405097));
#948=DIRECTION('',(0.865893504,-0.015114227,-0.5));
#949=DIRECTION('',(0.499923848,-0.008726203,0.866025404));
#950=AXIS2_PLACEMENT_3D('',#947,#948,#949);
#951=CYLINDRICAL_SURFACE('',#950,1.1);
#952=CARTESIAN_POINT('',(452.681752771,525.500229905,2.084033041));
#953=VERTEX_POINT('',#952);
#954=CARTESIAN_POINT('',(456.145326787,525.439772996,0.084033041));
#955=DIRECTION('',(-0.865893504,0.015114227,0.5));
#956=VECTOR('',#955,4.);
#957=LINE('',#954,#956);
#958=EDGE_CURVE('',#587,#953,#957,.T.);
#959=ORIENTED_EDGE('',*,*,#958,.F.);
#960=ORIENTED_EDGE('',*,*,#593,.F.);
#961=ORIENTED_EDGE('',*,*,#600,.F.);
#962=ORIENTED_EDGE('',*,*,#958,.T.);
#963=CARTESIAN_POINT('',(451.581920306,525.519427552,0.178777153));
#964=VERTEX_POINT('',#963);
#965=CARTESIAN_POINT('',(452.131836539,525.509828729,1.131405097));
#966=DIRECTION('',(-0.865893504,0.015114227,0.5));
#967=DIRECTION('',(-0.499923848,0.008726203,-0.866025404));
#968=AXIS2_PLACEMENT_3D('',#965,#966,#967);
#969=CIRCLE('',#968,1.1);
#970=EDGE_CURVE('',#953,#964,#969,.T.);
#971=ORIENTED_EDGE('',*,*,#970,.T.);
#972=CARTESIAN_POINT('',(452.131836539,525.509828729,1.131405097));
#973=DIRECTION('',(-0.865893504,0.015114227,0.5));
#974=DIRECTION('',(-0.499923848,0.008726203,-0.866025404));
#975=AXIS2_PLACEMENT_3D('',#972,#973,#974);
#976=CIRCLE('',#975,1.1);
#977=EDGE_CURVE('',#964,#953,#976,.T.);
#978=ORIENTED_EDGE('',*,*,#977,.T.);
#979=EDGE_LOOP('',(#959,#960,#961,#962,#971,#978));
#980=FACE_BOUND('',#979,.T.);
#981=ADVANCED_FACE('',(#980),#951,.F.);
#982=CARTESIAN_POINT('',(452.131836539,525.509828729,1.131405097));
#983=DIRECTION('',(0.865893504,-0.015114227,-0.5));
#984=DIRECTION('',(0.499923848,-0.008726203,0.866025404));
#985=AXIS2_PLACEMENT_3D('',#982,#983,#984);
#986=CYLINDRICAL_SURFACE('',#985,1.8);
#987=CARTESIAN_POINT('',(453.031699464,525.494121563,2.690250824));
#988=VERTEX_POINT('',#987);
#989=CARTESIAN_POINT('',(454.763486472,525.463893108,1.690250824));
#990=DIRECTION('',(-0.865893504,0.015114227,0.5));
#991=VECTOR('',#990,2.);
#992=LINE('',#989,#991);
#993=EDGE_CURVE('',#442,#988,#992,.T.);
#994=ORIENTED_EDGE('',*,*,#993,.T.);
#995=CARTESIAN_POINT('',(451.231973613,525.525535895,-0.42744063));
#996=VERTEX_POINT('',#995);
#997=CARTESIAN_POINT('',(452.131836539,525.509828729,1.131405097));
#998=DIRECTION('',(-0.865893504,0.015114227,0.5));
#999=DIRECTION('',(-0.499923848,0.008726203,-0.866025404));
#1000=AXIS2_PLACEMENT_3D('',#997,#998,#999);
#1001=CIRCLE('',#1000,1.8);
#1002=EDGE_CURVE('',#996,#988,#1001,.T.);
#1003=ORIENTED_EDGE('',*,*,#1002,.F.);
#1004=CARTESIAN_POINT('',(452.131836539,525.509828729,1.131405097));
#1005=DIRECTION('',(-0.865893504,0.015114227,0.5));
#1006=DIRECTION('',(-0.499923848,0.008726203,-0.866025404));
#1007=AXIS2_PLACEMENT_3D('',#1004,#1005,#1006);
#1008=CIRCLE('',#1007,1.8);
#1009=EDGE_CURVE('',#988,#996,#1008,.T.);
#1010=ORIENTED_EDGE('',*,*,#1009,.F.);
#1011=ORIENTED_EDGE('',*,*,#993,.F.);
#1012=ORIENTED_EDGE('',*,*,#450,.T.);
#1013=ORIENTED_EDGE('',*,*,#457,.T.);
#1014=EDGE_LOOP('',(#994,#1003,#1010,#1011,#1012,#1013));
#1015=FACE_BOUND('',#1014,.T.);
#1016=ADVANCED_FACE('',(#1015),#986,.T.);
#1017=CARTESIAN_POINT('',(483.854961618,792.996923437,47.983379442));
#1018=DIRECTION('',(-0.865893504,0.015114227,0.5));
#1019=DIRECTION('',(-0.499923848,0.008726203,-0.866025404));
#1020=AXIS2_PLACEMENT_3D('',#1017,#1018,#1019);
#1021=PLANE('',#1020);
#1022=ORIENTED_EDGE('',*,*,#970,.F.);
#1023=ORIENTED_EDGE('',*,*,#977,.F.);
#1024=EDGE_LOOP('',(#1022,#1023));
#1025=FACE_BOUND('',#1024,.T.);
#1026=ORIENTED_EDGE('',*,*,#1002,.T.);
#1027=ORIENTED_EDGE('',*,*,#1009,.T.);
#1028=EDGE_LOOP('',(#1026,#1027));
#1029=FACE_BOUND('',#1028,.T.);
#1030=ADVANCED_FACE('',(#1025,#1029),#1021,.T.);
#1031=CARTESIAN_POINT('',(464.170612268,511.115245281,18.415126509));
#1032=DIRECTION('',(-0.499923848,0.008726203,-0.866025404));
#1033=DIRECTION('',(0.865893504,-0.015114227,-0.5));
#1034=AXIS2_PLACEMENT_3D('',#1031,#1032,#1033);
#1035=PLANE('',#1034);
#1036=ORIENTED_EDGE('',*,*,#498,.T.);
#1037=ORIENTED_EDGE('',*,*,#622,.F.);
#1038=ORIENTED_EDGE('',*,*,#363,.F.);
#1039=ORIENTED_EDGE('',*,*,#856,.T.);
#1040=EDGE_LOOP('',(#1036,#1037,#1038,#1039));
#1041=FACE_BOUND('',#1040,.T.);
#1042=ADVANCED_FACE('',(#1041),#1035,.F.);
#1043=CARTESIAN_POINT('',(538.510738885,450.669322435,25.466718943));
#1044=DIRECTION('',(0.015114227,0.865893504,-0.5));
#1045=DIRECTION('',(0.008726203,0.499923848,0.866025404));
#1046=AXIS2_PLACEMENT_3D('',#1043,#1044,#1045);
#1047=CYLINDRICAL_SURFACE('',#1046,1.1);
#1048=CARTESIAN_POINT('',(538.520337708,451.219238668,26.419346887));
#1049=VERTEX_POINT('',#1048);
#1050=CARTESIAN_POINT('',(538.580794618,454.682812683,24.419346887));
#1051=DIRECTION('',(-0.015114227,-0.865893504,0.5));
#1052=VECTOR('',#1051,4.);
#1053=LINE('',#1050,#1052);
#1054=EDGE_CURVE('',#155,#1049,#1053,.T.);
#1055=ORIENTED_EDGE('',*,*,#1054,.F.);
#1056=ORIENTED_EDGE('',*,*,#161,.F.);
#1057=ORIENTED_EDGE('',*,*,#168,.F.);
#1058=ORIENTED_EDGE('',*,*,#1054,.T.);
#1059=CARTESIAN_POINT('',(538.501140061,450.119406203,24.514090999));
#1060=VERTEX_POINT('',#1059);
#1061=CARTESIAN_POINT('',(538.510738885,450.669322435,25.466718943));
#1062=DIRECTION('',(-0.015114227,-0.865893504,0.5));
#1063=DIRECTION('',(-0.008726203,-0.499923848,-0.866025404));
#1064=AXIS2_PLACEMENT_3D('',#1061,#1062,#1063);
#1065=CIRCLE('',#1064,1.1);
#1066=EDGE_CURVE('',#1049,#1060,#1065,.T.);
#1067=ORIENTED_EDGE('',*,*,#1066,.T.);
#1068=CARTESIAN_POINT('',(538.510738885,450.669322435,25.466718943));
#1069=DIRECTION('',(-0.015114227,-0.865893504,0.5));
#1070=DIRECTION('',(-0.008726203,-0.499923848,-0.866025404));
#1071=AXIS2_PLACEMENT_3D('',#1068,#1069,#1070);
#1072=CIRCLE('',#1071,1.1);
#1073=EDGE_CURVE('',#1060,#1049,#1072,.T.);
#1074=ORIENTED_EDGE('',*,*,#1073,.T.);
#1075=EDGE_LOOP('',(#1055,#1056,#1057,#1058,#1067,#1074));
#1076=FACE_BOUND('',#1075,.T.);
#1077=ADVANCED_FACE('',(#1076),#1047,.F.);
#1078=CARTESIAN_POINT('',(538.510738885,450.669322435,25.466718943));
#1079=DIRECTION('',(0.015114227,0.865893504,-0.5));
#1080=DIRECTION('',(0.008726203,0.499923848,0.866025404));
#1081=AXIS2_PLACEMENT_3D('',#1078,#1079,#1080);
#1082=CYLINDRICAL_SURFACE('',#1081,1.8);
#1083=CARTESIAN_POINT('',(538.556674505,453.300972369,26.02556467));
#1084=VERTEX_POINT('',#1083);
#1085=CARTESIAN_POINT('',(538.52644605,451.569185361,27.02556467));
#1086=VERTEX_POINT('',#1085);
#1087=CARTESIAN_POINT('',(538.556674505,453.300972369,26.02556467));
#1088=DIRECTION('',(-0.015114227,-0.865893504,0.5));
#1089=VECTOR('',#1088,2.);
#1090=LINE('',#1087,#1089);
#1091=EDGE_CURVE('',#1084,#1086,#1090,.T.);
#1092=ORIENTED_EDGE('',*,*,#1091,.T.);
#1093=CARTESIAN_POINT('',(538.495031719,449.76945951,23.907873216));
#1094=VERTEX_POINT('',#1093);
#1095=CARTESIAN_POINT('',(538.510738885,450.669322435,25.466718943));
#1096=DIRECTION('',(-0.015114227,-0.865893504,0.5));
#1097=DIRECTION('',(-0.008726203,-0.499923848,-0.866025404));
#1098=AXIS2_PLACEMENT_3D('',#1095,#1096,#1097);
#1099=CIRCLE('',#1098,1.8);
#1100=EDGE_CURVE('',#1094,#1086,#1099,.T.);
#1101=ORIENTED_EDGE('',*,*,#1100,.F.);
#1102=CARTESIAN_POINT('',(538.510738885,450.669322435,25.466718943));
#1103=DIRECTION('',(-0.015114227,-0.865893504,0.5));
#1104=DIRECTION('',(-0.008726203,-0.499923848,-0.866025404));
#1105=AXIS2_PLACEMENT_3D('',#1102,#1103,#1104);
#1106=CIRCLE('',#1105,1.8);
#1107=EDGE_CURVE('',#1086,#1094,#1106,.T.);
#1108=ORIENTED_EDGE('',*,*,#1107,.F.);
#1109=ORIENTED_EDGE('',*,*,#1091,.F.);
#1110=CARTESIAN_POINT('',(538.540967339,451.501006628,22.907932582));
#1111=VERTEX_POINT('',#1110);
#1112=CARTESIAN_POINT('',(538.540967339,452.401109443,24.466718943));
#1113=DIRECTION('',(-0.015114227,-0.865893504,0.5));
#1114=DIRECTION('',(-0.,-0.50005712,-0.865992423));
#1115=AXIS2_PLACEMENT_3D('',#1112,#1113,#1114);
#1116=CIRCLE('',#1115,1.8);
#1117=EDGE_CURVE('',#1084,#1111,#1116,.T.);
#1118=ORIENTED_EDGE('',*,*,#1117,.T.);
#1119=CARTESIAN_POINT('',(538.540967339,452.401109443,24.466718943));
#1120=DIRECTION('',(-0.015114227,-0.865893504,0.5));
#1121=DIRECTION('',(-0.,-0.50005712,-0.865992423));
#1122=AXIS2_PLACEMENT_3D('',#1119,#1120,#1121);
#1123=CIRCLE('',#1122,1.8);
#1124=EDGE_CURVE('',#1111,#1084,#1123,.T.);
#1125=ORIENTED_EDGE('',*,*,#1124,.T.);
#1126=EDGE_LOOP('',(#1092,#1101,#1108,#1109,#1118,#1125));
#1127=FACE_BOUND('',#1126,.T.);
#1128=ADVANCED_FACE('',(#1127),#1082,.T.);
#1129=CARTESIAN_POINT('',(242.682717633,468.835000018,47.983379442));
#1130=DIRECTION('',(-0.015114227,-0.865893504,0.5));
#1131=DIRECTION('',(-0.008726203,-0.499923848,-0.866025404));
#1132=AXIS2_PLACEMENT_3D('',#1129,#1130,#1131);
#1133=PLANE('',#1132);
#1134=ORIENTED_EDGE('',*,*,#1066,.F.);
#1135=ORIENTED_EDGE('',*,*,#1073,.F.);
#1136=EDGE_LOOP('',(#1134,#1135));
#1137=FACE_BOUND('',#1136,.T.);
#1138=ORIENTED_EDGE('',*,*,#1100,.T.);
#1139=ORIENTED_EDGE('',*,*,#1107,.T.);
#1140=EDGE_LOOP('',(#1138,#1139));
#1141=FACE_BOUND('',#1140,.T.);
#1142=ADVANCED_FACE('',(#1137,#1141),#1133,.T.);
#1143=CARTESIAN_POINT('',(510.16981234,437.111874939,1.131405097));
#1144=DIRECTION('',(0.015114227,0.865893504,-0.5));
#1145=DIRECTION('',(0.008726203,0.499923848,0.866025404));
#1146=AXIS2_PLACEMENT_3D('',#1143,#1144,#1145);
#1147=CYLINDRICAL_SURFACE('',#1146,1.1);
#1148=CARTESIAN_POINT('',(510.179411164,437.661791172,2.084033041));
#1149=VERTEX_POINT('',#1148);
#1150=CARTESIAN_POINT('',(510.239868073,441.125365187,0.084033041));
#1151=DIRECTION('',(-0.015114227,-0.865893504,0.5));
#1152=VECTOR('',#1151,4.);
#1153=LINE('',#1150,#1152);
#1154=EDGE_CURVE('',#175,#1149,#1153,.T.);
#1155=ORIENTED_EDGE('',*,*,#1154,.F.);
#1156=ORIENTED_EDGE('',*,*,#181,.F.);
#1157=ORIENTED_EDGE('',*,*,#188,.F.);
#1158=ORIENTED_EDGE('',*,*,#1154,.T.);
#1159=CARTESIAN_POINT('',(510.160213517,436.561958707,0.178777153));
#1160=VERTEX_POINT('',#1159);
#1161=CARTESIAN_POINT('',(510.16981234,437.111874939,1.131405097));
#1162=DIRECTION('',(-0.015114227,-0.865893504,0.5));
#1163=DIRECTION('',(-0.008726203,-0.499923848,-0.866025404));
#1164=AXIS2_PLACEMENT_3D('',#1161,#1162,#1163);
#1165=CIRCLE('',#1164,1.1);
#1166=EDGE_CURVE('',#1149,#1160,#1165,.T.);
#1167=ORIENTED_EDGE('',*,*,#1166,.T.);
#1168=CARTESIAN_POINT('',(510.16981234,437.111874939,1.131405097));
#1169=DIRECTION('',(-0.015114227,-0.865893504,0.5));
#1170=DIRECTION('',(-0.008726203,-0.499923848,-0.866025404));
#1171=AXIS2_PLACEMENT_3D('',#1168,#1169,#1170);
#1172=CIRCLE('',#1171,1.1);
#1173=EDGE_CURVE('',#1160,#1149,#1172,.T.);
#1174=ORIENTED_EDGE('',*,*,#1173,.T.);
#1175=EDGE_LOOP('',(#1155,#1156,#1157,#1158,#1167,#1174));
#1176=FACE_BOUND('',#1175,.T.);
#1177=ADVANCED_FACE('',(#1176),#1147,.F.);
#1178=CARTESIAN_POINT('',(510.16981234,437.111874939,1.131405097));
#1179=DIRECTION('',(0.015114227,0.865893504,-0.5));
#1180=DIRECTION('',(0.008726203,0.499923848,0.866025404));
#1181=AXIS2_PLACEMENT_3D('',#1178,#1179,#1180);
#1182=CYLINDRICAL_SURFACE('',#1181,1.8);
#1183=CARTESIAN_POINT('',(510.215747961,439.743524873,1.690250824));
#1184=VERTEX_POINT('',#1183);
#1185=CARTESIAN_POINT('',(510.185519506,438.011737865,2.690250824));
#1186=VERTEX_POINT('',#1185);
#1187=CARTESIAN_POINT('',(510.215747961,439.743524873,1.690250824));
#1188=DIRECTION('',(-0.015114227,-0.865893504,0.5));
#1189=VECTOR('',#1188,2.);
#1190=LINE('',#1187,#1189);
#1191=EDGE_CURVE('',#1184,#1186,#1190,.T.);
#1192=ORIENTED_EDGE('',*,*,#1191,.T.);
#1193=CARTESIAN_POINT('',(510.154105175,436.212012014,-0.42744063));
#1194=VERTEX_POINT('',#1193);
#1195=CARTESIAN_POINT('',(510.16981234,437.111874939,1.131405097));
#1196=DIRECTION('',(-0.015114227,-0.865893504,0.5));
#1197=DIRECTION('',(-0.008726203,-0.499923848,-0.866025404));
#1198=AXIS2_PLACEMENT_3D('',#1195,#1196,#1197);
#1199=CIRCLE('',#1198,1.8);
#1200=EDGE_CURVE('',#1194,#1186,#1199,.T.);
#1201=ORIENTED_EDGE('',*,*,#1200,.F.);
#1202=CARTESIAN_POINT('',(510.16981234,437.111874939,1.131405097));
#1203=DIRECTION('',(-0.015114227,-0.865893504,0.5));
#1204=DIRECTION('',(-0.008726203,-0.499923848,-0.866025404));
#1205=AXIS2_PLACEMENT_3D('',#1202,#1203,#1204);
#1206=CIRCLE('',#1205,1.8);
#1207=EDGE_CURVE('',#1186,#1194,#1206,.T.);
#1208=ORIENTED_EDGE('',*,*,#1207,.F.);
#1209=ORIENTED_EDGE('',*,*,#1191,.F.);
#1210=CARTESIAN_POINT('',(510.200040795,437.943559132,-1.427381265));
#1211=VERTEX_POINT('',#1210);
#1212=CARTESIAN_POINT('',(510.200040795,438.843661947,0.131405097));
#1213=DIRECTION('',(-0.015114227,-0.865893504,0.5));
#1214=DIRECTION('',(-0.,-0.50005712,-0.865992423));
#1215=AXIS2_PLACEMENT_3D('',#1212,#1213,#1214);
#1216=CIRCLE('',#1215,1.8);
#1217=EDGE_CURVE('',#1184,#1211,#1216,.T.);
#1218=ORIENTED_EDGE('',*,*,#1217,.T.);
#1219=CARTESIAN_POINT('',(510.200040795,438.843661947,0.131405097));
#1220=DIRECTION('',(-0.015114227,-0.865893504,0.5));
#1221=DIRECTION('',(-0.,-0.50005712,-0.865992423));
#1222=AXIS2_PLACEMENT_3D('',#1219,#1220,#1221);
#1223=CIRCLE('',#1222,1.8);
#1224=EDGE_CURVE('',#1211,#1184,#1223,.T.);
#1225=ORIENTED_EDGE('',*,*,#1224,.T.);
#1226=EDGE_LOOP('',(#1192,#1201,#1208,#1209,#1218,#1225));
#1227=FACE_BOUND('',#1226,.T.);
#1228=ADVANCED_FACE('',(#1227),#1182,.T.);
#1229=CARTESIAN_POINT('',(242.682717633,468.835000018,47.983379442));
#1230=DIRECTION('',(-0.015114227,-0.865893504,0.5));
#1231=DIRECTION('',(-0.008726203,-0.499923848,-0.866025404));
#1232=AXIS2_PLACEMENT_3D('',#1229,#1230,#1231);
#1233=PLANE('',#1232);
#1234=ORIENTED_EDGE('',*,*,#1166,.F.);
#1235=ORIENTED_EDGE('',*,*,#1173,.F.);
#1236=EDGE_LOOP('',(#1234,#1235));
#1237=FACE_BOUND('',#1236,.T.);
#1238=ORIENTED_EDGE('',*,*,#1200,.T.);
#1239=ORIENTED_EDGE('',*,*,#1207,.T.);
#1240=EDGE_LOOP('',(#1238,#1239));
#1241=FACE_BOUND('',#1240,.T.);
#1242=ADVANCED_FACE('',(#1237,#1241),#1233,.T.);
#1243=CARTESIAN_POINT('',(510.415018651,451.159735056,25.466718943));
#1244=DIRECTION('',(0.015114227,0.865893504,-0.5));
#1245=DIRECTION('',(0.008726203,0.499923848,0.866025404));
#1246=AXIS2_PLACEMENT_3D('',#1243,#1244,#1245);
#1247=CYLINDRICAL_SURFACE('',#1246,1.1);
#1248=CARTESIAN_POINT('',(510.424617474,451.709651289,26.419346887));
#1249=VERTEX_POINT('',#1248);
#1250=CARTESIAN_POINT('',(510.485074384,455.173225304,24.419346887));
#1251=DIRECTION('',(-0.015114227,-0.865893504,0.5));
#1252=VECTOR('',#1251,4.);
#1253=LINE('',#1250,#1252);
#1254=EDGE_CURVE('',#195,#1249,#1253,.T.);
#1255=ORIENTED_EDGE('',*,*,#1254,.F.);
#1256=ORIENTED_EDGE('',*,*,#201,.F.);
#1257=ORIENTED_EDGE('',*,*,#208,.F.);
#1258=ORIENTED_EDGE('',*,*,#1254,.T.);
#1259=CARTESIAN_POINT('',(510.405419827,450.609818824,24.514090999));
#1260=VERTEX_POINT('',#1259);
#1261=CARTESIAN_POINT('',(510.415018651,451.159735056,25.466718943));
#1262=DIRECTION('',(-0.015114227,-0.865893504,0.5));
#1263=DIRECTION('',(-0.008726203,-0.499923848,-0.866025404));
#1264=AXIS2_PLACEMENT_3D('',#1261,#1262,#1263);
#1265=CIRCLE('',#1264,1.1);
#1266=EDGE_CURVE('',#1249,#1260,#1265,.T.);
#1267=ORIENTED_EDGE('',*,*,#1266,.T.);
#1268=CARTESIAN_POINT('',(510.415018651,451.159735056,25.466718943));
#1269=DIRECTION('',(-0.015114227,-0.865893504,0.5));
#1270=DIRECTION('',(-0.008726203,-0.499923848,-0.866025404));
#1271=AXIS2_PLACEMENT_3D('',#1268,#1269,#1270);
#1272=CIRCLE('',#1271,1.1);
#1273=EDGE_CURVE('',#1260,#1249,#1272,.T.);
#1274=ORIENTED_EDGE('',*,*,#1273,.T.);
#1275=EDGE_LOOP('',(#1255,#1256,#1257,#1258,#1267,#1274));
#1276=FACE_BOUND('',#1275,.T.);
#1277=ADVANCED_FACE('',(#1276),#1247,.F.);
#1278=CARTESIAN_POINT('',(510.415018651,451.159735056,25.466718943));
#1279=DIRECTION('',(0.015114227,0.865893504,-0.5));
#1280=DIRECTION('',(0.008726203,0.499923848,0.866025404));
#1281=AXIS2_PLACEMENT_3D('',#1278,#1279,#1280);
#1282=CYLINDRICAL_SURFACE('',#1281,1.8);
#1283=CARTESIAN_POINT('',(510.460954271,453.79138499,26.02556467));
#1284=VERTEX_POINT('',#1283);
#1285=CARTESIAN_POINT('',(510.430725817,452.059597982,27.02556467));
#1286=VERTEX_POINT('',#1285);
#1287=CARTESIAN_POINT('',(510.460954271,453.79138499,26.02556467));
#1288=DIRECTION('',(-0.015114227,-0.865893504,0.5));
#1289=VECTOR('',#1288,2.);
#1290=LINE('',#1287,#1289);
#1291=EDGE_CURVE('',#1284,#1286,#1290,.T.);
#1292=ORIENTED_EDGE('',*,*,#1291,.T.);
#1293=CARTESIAN_POINT('',(510.399311485,450.259872131,23.907873216));
#1294=VERTEX_POINT('',#1293);
#1295=CARTESIAN_POINT('',(510.415018651,451.159735056,25.466718943));
#1296=DIRECTION('',(-0.015114227,-0.865893504,0.5));
#1297=DIRECTION('',(-0.008726203,-0.499923848,-0.866025404));
#1298=AXIS2_PLACEMENT_3D('',#1295,#1296,#1297);
#1299=CIRCLE('',#1298,1.8);
#1300=EDGE_CURVE('',#1294,#1286,#1299,.T.);
#1301=ORIENTED_EDGE('',*,*,#1300,.F.);
#1302=CARTESIAN_POINT('',(510.415018651,451.159735056,25.466718943));
#1303=DIRECTION('',(-0.015114227,-0.865893504,0.5));
#1304=DIRECTION('',(-0.008726203,-0.499923848,-0.866025404));
#1305=AXIS2_PLACEMENT_3D('',#1302,#1303,#1304);
#1306=CIRCLE('',#1305,1.8);
#1307=EDGE_CURVE('',#1286,#1294,#1306,.T.);
#1308=ORIENTED_EDGE('',*,*,#1307,.F.);
#1309=ORIENTED_EDGE('',*,*,#1291,.F.);
#1310=CARTESIAN_POINT('',(510.445247105,451.991419249,22.907932582));
#1311=VERTEX_POINT('',#1310);
#1312=CARTESIAN_POINT('',(510.445247105,452.891522064,24.466718943));
#1313=DIRECTION('',(-0.015114227,-0.865893504,0.5));
#1314=DIRECTION('',(-0.,-0.50005712,-0.865992423));
#1315=AXIS2_PLACEMENT_3D('',#1312,#1313,#1314);
#1316=CIRCLE('',#1315,1.8);
#1317=EDGE_CURVE('',#1284,#1311,#1316,.T.);
#1318=ORIENTED_EDGE('',*,*,#1317,.T.);
#1319=CARTESIAN_POINT('',(510.445247105,452.891522064,24.466718943));
#1320=DIRECTION('',(-0.015114227,-0.865893504,0.5));
#1321=DIRECTION('',(-0.,-0.50005712,-0.865992423));
#1322=AXIS2_PLACEMENT_3D('',#1319,#1320,#1321);
#1323=CIRCLE('',#1322,1.8);
#1324=EDGE_CURVE('',#1311,#1284,#1323,.T.);
#1325=ORIENTED_EDGE('',*,*,#1324,.T.);
#1326=EDGE_LOOP('',(#1292,#1301,#1308,#1309,#1318,#1325));
#1327=FACE_BOUND('',#1326,.T.);
#1328=ADVANCED_FACE('',(#1327),#1282,.T.);
#1329=CARTESIAN_POINT('',(242.682717633,468.835000018,47.983379442));
#1330=DIRECTION('',(-0.015114227,-0.865893504,0.5));
#1331=DIRECTION('',(-0.008726203,-0.499923848,-0.866025404));
#1332=AXIS2_PLACEMENT_3D('',#1329,#1330,#1331);
#1333=PLANE('',#1332);
#1334=ORIENTED_EDGE('',*,*,#1266,.F.);
#1335=ORIENTED_EDGE('',*,*,#1273,.F.);
#1336=EDGE_LOOP('',(#1334,#1335));
#1337=FACE_BOUND('',#1336,.T.);
#1338=ORIENTED_EDGE('',*,*,#1300,.T.);
#1339=ORIENTED_EDGE('',*,*,#1307,.T.);
#1340=EDGE_LOOP('',(#1338,#1339));
#1341=FACE_BOUND('',#1340,.T.);
#1342=ADVANCED_FACE('',(#1337,#1341),#1333,.T.);
#1343=CARTESIAN_POINT('',(322.900578479,470.173371434,48.726015641));
#1344=DIRECTION('',(-0.015114227,-0.865893504,0.5));
#1345=DIRECTION('',(-0.008726203,-0.499923848,-0.866025404));
#1346=AXIS2_PLACEMENT_3D('',#1343,#1344,#1345);
#1347=PLANE('',#1346);
#1348=ORIENTED_EDGE('',*,*,#117,.F.);
#1349=ORIENTED_EDGE('',*,*,#124,.F.);
#1350=EDGE_LOOP('',(#1348,#1349));
#1351=FACE_BOUND('',#1350,.T.);
#1352=ORIENTED_EDGE('',*,*,#1117,.F.);
#1353=ORIENTED_EDGE('',*,*,#1124,.F.);
#1354=EDGE_LOOP('',(#1352,#1353));
#1355=FACE_BOUND('',#1354,.T.);
#1356=ORIENTED_EDGE('',*,*,#1217,.F.);
#1357=ORIENTED_EDGE('',*,*,#1224,.F.);
#1358=EDGE_LOOP('',(#1356,#1357));
#1359=FACE_BOUND('',#1358,.T.);
#1360=ORIENTED_EDGE('',*,*,#1317,.F.);
#1361=ORIENTED_EDGE('',*,*,#1324,.F.);
#1362=EDGE_LOOP('',(#1360,#1361));
#1363=FACE_BOUND('',#1362,.T.);
#1364=CARTESIAN_POINT('',(513.566071141,449.34262714,18.415126509));
#1365=VERTEX_POINT('',#1364);
#1366=CARTESIAN_POINT('',(513.653333173,454.341865615,27.075380546));
#1367=VERTEX_POINT('',#1366);
#1368=CARTESIAN_POINT('',(513.566071141,449.34262714,18.415126509));
#1369=DIRECTION('',(0.008726203,0.499923848,0.866025404));
#1370=VECTOR('',#1369,10.);
#1371=LINE('',#1368,#1370);
#1372=EDGE_CURVE('',#1365,#1367,#1371,.T.);
#1373=ORIENTED_EDGE('',*,*,#1372,.T.);
#1374=CARTESIAN_POINT('',(507.654247002,454.446580054,27.075380546));
#1375=VERTEX_POINT('',#1374);
#1376=CARTESIAN_POINT('',(507.654247002,454.446580054,27.075380546));
#1377=DIRECTION('',(0.999847695,-0.017452406,0.));
#1378=VECTOR('',#1377,6.);
#1379=LINE('',#1376,#1378);
#1380=EDGE_CURVE('',#1375,#1367,#1379,.T.);
#1381=ORIENTED_EDGE('',*,*,#1380,.F.);
#1382=CARTESIAN_POINT('',(507.341368215,436.521766331,-3.97603682));
#1383=VERTEX_POINT('',#1382);
#1384=CARTESIAN_POINT('',(507.654247002,454.446580054,27.075380546));
#1385=DIRECTION('',(-0.008726203,-0.499923848,-0.866025404));
#1386=VECTOR('',#1385,35.85508835);
#1387=LINE('',#1384,#1386);
#1388=EDGE_CURVE('',#1375,#1383,#1387,.T.);
#1389=ORIENTED_EDGE('',*,*,#1388,.T.);
#1390=CARTESIAN_POINT('',(541.33618985,435.928384512,-3.97603682));
#1391=VERTEX_POINT('',#1390);
#1392=CARTESIAN_POINT('',(507.341368215,436.521766331,-3.97603682));
#1393=DIRECTION('',(0.999847695,-0.017452406,0.));
#1394=VECTOR('',#1393,34.);
#1395=LINE('',#1392,#1394);
#1396=EDGE_CURVE('',#1383,#1391,#1395,.T.);
#1397=ORIENTED_EDGE('',*,*,#1396,.T.);
#1398=CARTESIAN_POINT('',(541.649068638,453.853198235,27.075380546));
#1399=VERTEX_POINT('',#1398);
#1400=CARTESIAN_POINT('',(541.649068638,453.853198235,27.075380546));
#1401=DIRECTION('',(-0.008726203,-0.499923848,-0.866025404));
#1402=VECTOR('',#1401,35.85508835);
#1403=LINE('',#1400,#1402);
#1404=EDGE_CURVE('',#1399,#1391,#1403,.T.);
#1405=ORIENTED_EDGE('',*,*,#1404,.F.);
#1406=CARTESIAN_POINT('',(535.649982467,453.957912674,27.075380546));
#1407=VERTEX_POINT('',#1406);
#1408=CARTESIAN_POINT('',(541.649068638,453.853198235,27.075380546));
#1409=DIRECTION('',(-0.999847695,0.017452406,-0.));
#1410=VECTOR('',#1409,6.);
#1411=LINE('',#1408,#1410);
#1412=EDGE_CURVE('',#1399,#1407,#1411,.T.);
#1413=ORIENTED_EDGE('',*,*,#1412,.T.);
#1414=CARTESIAN_POINT('',(535.562720435,448.958674198,18.415126509));
#1415=VERTEX_POINT('',#1414);
#1416=CARTESIAN_POINT('',(535.649982467,453.957912674,27.075380546));
#1417=DIRECTION('',(-0.008726203,-0.499923848,-0.866025404));
#1418=VECTOR('',#1417,10.);
#1419=LINE('',#1416,#1418);
#1420=EDGE_CURVE('',#1407,#1415,#1419,.T.);
#1421=ORIENTED_EDGE('',*,*,#1420,.T.);
#1422=CARTESIAN_POINT('',(535.562720435,448.958674198,18.415126509));
#1423=DIRECTION('',(-0.999847695,0.017452406,-0.));
#1424=VECTOR('',#1423,22.);
#1425=LINE('',#1422,#1424);
#1426=EDGE_CURVE('',#1415,#1365,#1425,.T.);
#1427=ORIENTED_EDGE('',*,*,#1426,.T.);
#1428=EDGE_LOOP('',(#1373,#1381,#1389,#1397,#1405,#1413,#1421,#1427));
#1429=FACE_BOUND('',#1428,.T.);
#1430=ADVANCED_FACE('',(#1351,#1355,#1359,#1363,#1429),#1347,.T.);
#1431=CARTESIAN_POINT('',(535.601988349,451.208331512,22.312240826));
#1432=DIRECTION('',(0.999847695,-0.017452406,0.));
#1433=DIRECTION('',(-0.015114227,-0.865893504,0.5));
#1434=AXIS2_PLACEMENT_3D('',#1431,#1432,#1433);
#1435=PLANE('',#1434);
#1436=ORIENTED_EDGE('',*,*,#268,.T.);
#1437=CARTESIAN_POINT('',(535.562720435,448.958674198,18.415126509));
#1438=DIRECTION('',(0.015114227,0.865893504,-0.5));
#1439=VECTOR('',#1438,2.);
#1440=LINE('',#1437,#1439);
#1441=EDGE_CURVE('',#1415,#255,#1440,.T.);
#1442=ORIENTED_EDGE('',*,*,#1441,.F.);
#1443=ORIENTED_EDGE('',*,*,#1420,.F.);
#1444=CARTESIAN_POINT('',(535.649982467,453.957912674,27.075380546));
#1445=DIRECTION('',(0.015114227,0.865893504,-0.5));
#1446=VECTOR('',#1445,2.);
#1447=LINE('',#1444,#1446);
#1448=EDGE_CURVE('',#1407,#263,#1447,.T.);
#1449=ORIENTED_EDGE('',*,*,#1448,.T.);
#1450=EDGE_LOOP('',(#1436,#1442,#1443,#1449));
#1451=FACE_BOUND('',#1450,.T.);
#1452=ADVANCED_FACE('',(#1451),#1435,.F.);
#1453=CARTESIAN_POINT('',(524.564395788,449.150650669,18.415126509));
#1454=DIRECTION('',(-0.008726203,-0.499923848,-0.866025404));
#1455=DIRECTION('',(0.015114227,0.865893504,-0.5));
#1456=AXIS2_PLACEMENT_3D('',#1453,#1454,#1455);
#1457=PLANE('',#1456);
#1458=ORIENTED_EDGE('',*,*,#260,.T.);
#1459=CARTESIAN_POINT('',(513.566071141,449.34262714,18.415126509));
#1460=DIRECTION('',(0.015114227,0.865893504,-0.5));
#1461=VECTOR('',#1460,2.);
#1462=LINE('',#1459,#1461);
#1463=EDGE_CURVE('',#1365,#247,#1462,.T.);
#1464=ORIENTED_EDGE('',*,*,#1463,.F.);
#1465=ORIENTED_EDGE('',*,*,#1426,.F.);
#1466=ORIENTED_EDGE('',*,*,#1441,.T.);
#1467=EDGE_LOOP('',(#1458,#1464,#1465,#1466));
#1468=FACE_BOUND('',#1467,.T.);
#1469=ADVANCED_FACE('',(#1468),#1457,.F.);
#1470=CARTESIAN_POINT('',(513.605339056,451.592284454,22.312240826));
#1471=DIRECTION('',(-0.999847695,0.017452406,-0.));
#1472=DIRECTION('',(0.015114227,0.865893504,-0.5));
#1473=AXIS2_PLACEMENT_3D('',#1470,#1471,#1472);
#1474=PLANE('',#1473);
#1475=ORIENTED_EDGE('',*,*,#252,.T.);
#1476=CARTESIAN_POINT('',(513.653333173,454.341865615,27.075380546));
#1477=DIRECTION('',(0.015114227,0.865893504,-0.5));
#1478=VECTOR('',#1477,2.);
#1479=LINE('',#1476,#1478);
#1480=EDGE_CURVE('',#1367,#239,#1479,.T.);
#1481=ORIENTED_EDGE('',*,*,#1480,.F.);
#1482=ORIENTED_EDGE('',*,*,#1372,.F.);
#1483=ORIENTED_EDGE('',*,*,#1463,.T.);
#1484=EDGE_LOOP('',(#1475,#1481,#1482,#1483));
#1485=FACE_BOUND('',#1484,.T.);
#1486=ADVANCED_FACE('',(#1485),#1474,.F.);
#1487=CARTESIAN_POINT('',(541.444002862,442.104987817,6.723783558));
#1488=DIRECTION('',(0.999847695,-0.017452406,0.));
#1489=DIRECTION('',(-0.015114227,-0.865893504,0.5));
#1490=AXIS2_PLACEMENT_3D('',#1487,#1488,#1489);
#1491=PLANE('',#1490);
#1492=ORIENTED_EDGE('',*,*,#1404,.T.);
#1493=CARTESIAN_POINT('',(541.411399269,440.237129246,-3.97603682));
#1494=VERTEX_POINT('',#1493);
#1495=CARTESIAN_POINT('',(541.33618985,435.928384512,-3.97603682));
#1496=DIRECTION('',(0.017452406,0.999847695,-0.));
#1497=VECTOR('',#1496,4.309401077);
#1498=LINE('',#1495,#1497);
#1499=EDGE_CURVE('',#1391,#1494,#1498,.T.);
#1500=ORIENTED_EDGE('',*,*,#1499,.T.);
#1501=CARTESIAN_POINT('',(541.411399269,440.237129246,-3.97603682));
#1502=DIRECTION('',(-0.008726203,-0.499923848,0.866025404));
#1503=VECTOR('',#1502,2.);
#1504=LINE('',#1501,#1503);
#1505=EDGE_CURVE('',#1494,#215,#1504,.T.);
#1506=ORIENTED_EDGE('',*,*,#1505,.T.);
#1507=ORIENTED_EDGE('',*,*,#220,.F.);
#1508=CARTESIAN_POINT('',(541.649068638,453.853198235,27.075380546));
#1509=DIRECTION('',(0.015114227,0.865893504,-0.5));
#1510=VECTOR('',#1509,2.);
#1511=LINE('',#1508,#1510);
#1512=EDGE_CURVE('',#1399,#213,#1511,.T.);
#1513=ORIENTED_EDGE('',*,*,#1512,.F.);
#1514=EDGE_LOOP('',(#1492,#1500,#1506,#1507,#1513));
#1515=FACE_BOUND('',#1514,.T.);
#1516=ADVANCED_FACE('',(#1515),#1491,.T.);
#1517=CARTESIAN_POINT('',(538.149601705,453.914281658,27.075380546));
#1518=DIRECTION('',(-0.008726203,-0.499923848,-0.866025404));
#1519=DIRECTION('',(0.015114227,0.865893504,-0.5));
#1520=AXIS2_PLACEMENT_3D('',#1517,#1518,#1519);
#1521=PLANE('',#1520);
#1522=ORIENTED_EDGE('',*,*,#274,.T.);
#1523=ORIENTED_EDGE('',*,*,#1448,.F.);
#1524=ORIENTED_EDGE('',*,*,#1412,.F.);
#1525=ORIENTED_EDGE('',*,*,#1512,.T.);
#1526=EDGE_LOOP('',(#1522,#1523,#1524,#1525));
#1527=FACE_BOUND('',#1526,.T.);
#1528=ADVANCED_FACE('',(#1527),#1521,.F.);
#1529=CARTESIAN_POINT('',(507.649883901,454.19661813,26.642367845));
#1530=DIRECTION('',(0.999847695,-0.017452406,0.));
#1531=DIRECTION('',(-0.015114227,-0.865893504,0.5));
#1532=AXIS2_PLACEMENT_3D('',#1529,#1530,#1531);
#1533=PLANE('',#1532);
#1534=CARTESIAN_POINT('',(507.416577634,440.830511065,-3.97603682));
#1535=VERTEX_POINT('',#1534);
#1536=CARTESIAN_POINT('',(507.341368215,436.521766331,-3.97603682));
#1537=DIRECTION('',(0.017452406,0.999847695,-0.));
#1538=VECTOR('',#1537,4.309401077);
#1539=LINE('',#1536,#1538);
#1540=EDGE_CURVE('',#1383,#1535,#1539,.T.);
#1541=ORIENTED_EDGE('',*,*,#1540,.F.);
#1542=ORIENTED_EDGE('',*,*,#1388,.F.);
#1543=CARTESIAN_POINT('',(507.654247002,454.446580054,27.075380546));
#1544=DIRECTION('',(0.015114227,0.865893504,-0.5));
#1545=VECTOR('',#1544,2.);
#1546=LINE('',#1543,#1545);
#1547=EDGE_CURVE('',#1375,#231,#1546,.T.);
#1548=ORIENTED_EDGE('',*,*,#1547,.T.);
#1549=ORIENTED_EDGE('',*,*,#236,.T.);
#1550=CARTESIAN_POINT('',(507.399125228,439.83066337,-2.243986012));
#1551=DIRECTION('',(0.008726203,0.499923848,-0.866025404));
#1552=VECTOR('',#1551,2.);
#1553=LINE('',#1550,#1552);
#1554=EDGE_CURVE('',#223,#1535,#1553,.T.);
#1555=ORIENTED_EDGE('',*,*,#1554,.T.);
#1556=EDGE_LOOP('',(#1541,#1542,#1548,#1549,#1555));
#1557=FACE_BOUND('',#1556,.T.);
#1558=ADVANCED_FACE('',(#1557),#1533,.F.);
#1559=CARTESIAN_POINT('',(511.153713935,454.385496631,27.075380546));
#1560=DIRECTION('',(0.008726203,0.499923848,0.866025404));
#1561=DIRECTION('',(-0.015114227,-0.865893504,0.5));
#1562=AXIS2_PLACEMENT_3D('',#1559,#1560,#1561);
#1563=PLANE('',#1562);
#1564=ORIENTED_EDGE('',*,*,#244,.F.);
#1565=ORIENTED_EDGE('',*,*,#1547,.F.);
#1566=ORIENTED_EDGE('',*,*,#1380,.T.);
#1567=ORIENTED_EDGE('',*,*,#1480,.T.);
#1568=EDGE_LOOP('',(#1564,#1565,#1566,#1567));
#1569=FACE_BOUND('',#1568,.T.);
#1570=ADVANCED_FACE('',(#1569),#1563,.T.);
#1571=CARTESIAN_POINT('',(585.010318634,523.490777285,25.466718943));
#1572=DIRECTION('',(-0.865893504,0.015114227,-0.5));
#1573=DIRECTION('',(-0.499923848,0.008726203,0.866025404));
#1574=AXIS2_PLACEMENT_3D('',#1571,#1572,#1573);
#1575=CYLINDRICAL_SURFACE('',#1574,1.1);
#1576=CARTESIAN_POINT('',(580.996828386,523.560833018,24.419346887));
#1577=VERTEX_POINT('',#1576);
#1578=CARTESIAN_POINT('',(584.460402401,523.500376109,26.419346887));
#1579=VERTEX_POINT('',#1578);
#1580=CARTESIAN_POINT('',(580.996828386,523.560833018,24.419346887));
#1581=DIRECTION('',(0.865893504,-0.015114227,0.5));
#1582=VECTOR('',#1581,4.);
#1583=LINE('',#1580,#1582);
#1584=EDGE_CURVE('',#1577,#1579,#1583,.T.);
#1585=ORIENTED_EDGE('',*,*,#1584,.F.);
#1586=CARTESIAN_POINT('',(582.09666085,523.541635371,22.514090999));
#1587=VERTEX_POINT('',#1586);
#1588=CARTESIAN_POINT('',(581.546744618,523.551234195,23.466718943));
#1589=DIRECTION('',(0.865893504,-0.015114227,0.5));
#1590=DIRECTION('',(0.499923848,-0.008726203,-0.866025404));
#1591=AXIS2_PLACEMENT_3D('',#1588,#1589,#1590);
#1592=CIRCLE('',#1591,1.1);
#1593=EDGE_CURVE('',#1587,#1577,#1592,.T.);
#1594=ORIENTED_EDGE('',*,*,#1593,.F.);
#1595=CARTESIAN_POINT('',(581.546744618,523.551234195,23.466718943));
#1596=DIRECTION('',(0.865893504,-0.015114227,0.5));
#1597=DIRECTION('',(0.499923848,-0.008726203,-0.866025404));
#1598=AXIS2_PLACEMENT_3D('',#1595,#1596,#1597);
#1599=CIRCLE('',#1598,1.1);
#1600=EDGE_CURVE('',#1577,#1587,#1599,.T.);
#1601=ORIENTED_EDGE('',*,*,#1600,.F.);
#1602=ORIENTED_EDGE('',*,*,#1584,.T.);
#1603=CARTESIAN_POINT('',(585.560234866,523.481178462,24.514090999));
#1604=VERTEX_POINT('',#1603);
#1605=CARTESIAN_POINT('',(585.010318634,523.490777285,25.466718943));
#1606=DIRECTION('',(0.865893504,-0.015114227,0.5));
#1607=DIRECTION('',(0.499923848,-0.008726203,-0.866025404));
#1608=AXIS2_PLACEMENT_3D('',#1605,#1606,#1607);
#1609=CIRCLE('',#1608,1.1);
#1610=EDGE_CURVE('',#1579,#1604,#1609,.T.);
#1611=ORIENTED_EDGE('',*,*,#1610,.T.);
#1612=CARTESIAN_POINT('',(585.010318634,523.490777285,25.466718943));
#1613=DIRECTION('',(0.865893504,-0.015114227,0.5));
#1614=DIRECTION('',(0.499923848,-0.008726203,-0.866025404));
#1615=AXIS2_PLACEMENT_3D('',#1612,#1613,#1614);
#1616=CIRCLE('',#1615,1.1);
#1617=EDGE_CURVE('',#1604,#1579,#1616,.T.);
#1618=ORIENTED_EDGE('',*,*,#1617,.T.);
#1619=EDGE_LOOP('',(#1585,#1594,#1601,#1602,#1611,#1618));
#1620=FACE_BOUND('',#1619,.T.);
#1621=ADVANCED_FACE('',(#1620),#1575,.F.);
#1622=CARTESIAN_POINT('',(585.010318634,523.490777285,25.466718943));
#1623=DIRECTION('',(-0.865893504,0.015114227,-0.5));
#1624=DIRECTION('',(-0.499923848,0.008726203,0.866025404));
#1625=AXIS2_PLACEMENT_3D('',#1622,#1623,#1624);
#1626=CYLINDRICAL_SURFACE('',#1625,1.8);
#1627=CARTESIAN_POINT('',(582.3786687,523.536712906,26.02556467));
#1628=VERTEX_POINT('',#1627);
#1629=CARTESIAN_POINT('',(584.110455708,523.506484451,27.02556467));
#1630=VERTEX_POINT('',#1629);
#1631=CARTESIAN_POINT('',(582.3786687,523.536712906,26.02556467));
#1632=DIRECTION('',(0.865893504,-0.015114227,0.5));
#1633=VECTOR('',#1632,2.);
#1634=LINE('',#1631,#1633);
#1635=EDGE_CURVE('',#1628,#1630,#1634,.T.);
#1636=ORIENTED_EDGE('',*,*,#1635,.T.);
#1637=CARTESIAN_POINT('',(585.910181559,523.47507012,23.907873216));
#1638=VERTEX_POINT('',#1637);
#1639=CARTESIAN_POINT('',(585.010318634,523.490777285,25.466718943));
#1640=DIRECTION('',(0.865893504,-0.015114227,0.5));
#1641=DIRECTION('',(0.499923848,-0.008726203,-0.866025404));
#1642=AXIS2_PLACEMENT_3D('',#1639,#1640,#1641);
#1643=CIRCLE('',#1642,1.8);
#1644=EDGE_CURVE('',#1638,#1630,#1643,.T.);
#1645=ORIENTED_EDGE('',*,*,#1644,.F.);
#1646=CARTESIAN_POINT('',(585.010318634,523.490777285,25.466718943));
#1647=DIRECTION('',(0.865893504,-0.015114227,0.5));
#1648=DIRECTION('',(0.499923848,-0.008726203,-0.866025404));
#1649=AXIS2_PLACEMENT_3D('',#1646,#1647,#1648);
#1650=CIRCLE('',#1649,1.8);
#1651=EDGE_CURVE('',#1630,#1638,#1650,.T.);
#1652=ORIENTED_EDGE('',*,*,#1651,.F.);
#1653=ORIENTED_EDGE('',*,*,#1635,.F.);
#1654=CARTESIAN_POINT('',(584.178634442,523.52100574,22.907932582));
#1655=VERTEX_POINT('',#1654);
#1656=CARTESIAN_POINT('',(583.278531626,523.52100574,24.466718943));
#1657=DIRECTION('',(0.865893504,-0.015114227,0.5));
#1658=DIRECTION('',(0.50005712,-0.,-0.865992423));
#1659=AXIS2_PLACEMENT_3D('',#1656,#1657,#1658);
#1660=CIRCLE('',#1659,1.8);
#1661=EDGE_CURVE('',#1628,#1655,#1660,.T.);
#1662=ORIENTED_EDGE('',*,*,#1661,.T.);
#1663=CARTESIAN_POINT('',(583.278531626,523.52100574,24.466718943));
#1664=DIRECTION('',(0.865893504,-0.015114227,0.5));
#1665=DIRECTION('',(0.50005712,-0.,-0.865992423));
#1666=AXIS2_PLACEMENT_3D('',#1663,#1664,#1665);
#1667=CIRCLE('',#1666,1.8);
#1668=EDGE_CURVE('',#1655,#1628,#1667,.T.);
#1669=ORIENTED_EDGE('',*,*,#1668,.T.);
#1670=EDGE_LOOP('',(#1636,#1645,#1652,#1653,#1662,#1669));
#1671=FACE_BOUND('',#1670,.T.);
#1672=ADVANCED_FACE('',(#1671),#1626,.T.);
#1673=CARTESIAN_POINT('',(566.844641051,227.662756033,47.983379442));
#1674=DIRECTION('',(0.865893504,-0.015114227,0.5));
#1675=DIRECTION('',(0.499923848,-0.008726203,-0.866025404));
#1676=AXIS2_PLACEMENT_3D('',#1673,#1674,#1675);
#1677=PLANE('',#1676);
#1678=ORIENTED_EDGE('',*,*,#1610,.F.);
#1679=ORIENTED_EDGE('',*,*,#1617,.F.);
#1680=EDGE_LOOP('',(#1678,#1679));
#1681=FACE_BOUND('',#1680,.T.);
#1682=ORIENTED_EDGE('',*,*,#1644,.T.);
#1683=ORIENTED_EDGE('',*,*,#1651,.T.);
#1684=EDGE_LOOP('',(#1682,#1683));
#1685=FACE_BOUND('',#1684,.T.);
#1686=ADVANCED_FACE('',(#1681,#1685),#1677,.T.);
#1687=CARTESIAN_POINT('',(563.381067035,227.723212943,45.983379442));
#1688=DIRECTION('',(0.865893504,-0.015114227,0.5));
#1689=DIRECTION('',(0.499923848,-0.008726203,-0.866025404));
#1690=AXIS2_PLACEMENT_3D('',#1687,#1688,#1689);
#1691=PLANE('',#1690);
#1692=ORIENTED_EDGE('',*,*,#1593,.T.);
#1693=ORIENTED_EDGE('',*,*,#1600,.T.);
#1694=EDGE_LOOP('',(#1692,#1693));
#1695=FACE_BOUND('',#1694,.T.);
#1696=CARTESIAN_POINT('',(596.144520967,523.296429061,-1.821222847));
#1697=VERTEX_POINT('',#1696);
#1698=CARTESIAN_POINT('',(595.044688503,523.315626708,0.084033041));
#1699=VERTEX_POINT('',#1698);
#1700=CARTESIAN_POINT('',(595.594604735,523.306027884,-0.868594903));
#1701=DIRECTION('',(0.865893504,-0.015114227,0.5));
#1702=DIRECTION('',(0.499923848,-0.008726203,-0.866025404));
#1703=AXIS2_PLACEMENT_3D('',#1700,#1701,#1702);
#1704=CIRCLE('',#1703,1.1);
#1705=EDGE_CURVE('',#1697,#1699,#1704,.T.);
#1706=ORIENTED_EDGE('',*,*,#1705,.T.);
#1707=CARTESIAN_POINT('',(595.594604735,523.306027884,-0.868594903));
#1708=DIRECTION('',(0.865893504,-0.015114227,0.5));
#1709=DIRECTION('',(0.499923848,-0.008726203,-0.866025404));
#1710=AXIS2_PLACEMENT_3D('',#1707,#1708,#1709);
#1711=CIRCLE('',#1710,1.1);
#1712=EDGE_CURVE('',#1699,#1697,#1711,.T.);
#1713=ORIENTED_EDGE('',*,*,#1712,.T.);
#1714=EDGE_LOOP('',(#1706,#1713));
#1715=FACE_BOUND('',#1714,.T.);
#1716=CARTESIAN_POINT('',(595.654108347,495.200708827,-1.821222847));
#1717=VERTEX_POINT('',#1716);
#1718=CARTESIAN_POINT('',(594.554275882,495.219906474,0.084033041));
#1719=VERTEX_POINT('',#1718);
#1720=CARTESIAN_POINT('',(595.104192114,495.21030765,-0.868594903));
#1721=DIRECTION('',(0.865893504,-0.015114227,0.5));
#1722=DIRECTION('',(0.499923848,-0.008726203,-0.866025404));
#1723=AXIS2_PLACEMENT_3D('',#1720,#1721,#1722);
#1724=CIRCLE('',#1723,1.1);
#1725=EDGE_CURVE('',#1717,#1719,#1724,.T.);
#1726=ORIENTED_EDGE('',*,*,#1725,.T.);
#1727=CARTESIAN_POINT('',(595.104192114,495.21030765,-0.868594903));
#1728=DIRECTION('',(0.865893504,-0.015114227,0.5));
#1729=DIRECTION('',(0.499923848,-0.008726203,-0.866025404));
#1730=AXIS2_PLACEMENT_3D('',#1727,#1728,#1729);
#1731=CIRCLE('',#1730,1.1);
#1732=EDGE_CURVE('',#1719,#1717,#1731,.T.);
#1733=ORIENTED_EDGE('',*,*,#1732,.T.);
#1734=EDGE_LOOP('',(#1726,#1733));
#1735=FACE_BOUND('',#1734,.T.);
#1736=CARTESIAN_POINT('',(581.60624823,495.445915137,22.514090999));
#1737=VERTEX_POINT('',#1736);
#1738=CARTESIAN_POINT('',(580.506415765,495.465112784,24.419346887));
#1739=VERTEX_POINT('',#1738);
#1740=CARTESIAN_POINT('',(581.056331997,495.455513961,23.466718943));
#1741=DIRECTION('',(0.865893504,-0.015114227,0.5));
#1742=DIRECTION('',(0.499923848,-0.008726203,-0.866025404));
#1743=AXIS2_PLACEMENT_3D('',#1740,#1741,#1742);
#1744=CIRCLE('',#1743,1.1);
#1745=EDGE_CURVE('',#1737,#1739,#1744,.T.);
#1746=ORIENTED_EDGE('',*,*,#1745,.T.);
#1747=CARTESIAN_POINT('',(581.056331997,495.455513961,23.466718943));
#1748=DIRECTION('',(0.865893504,-0.015114227,0.5));
#1749=DIRECTION('',(0.499923848,-0.008726203,-0.866025404));
#1750=AXIS2_PLACEMENT_3D('',#1747,#1748,#1749);
#1751=CIRCLE('',#1750,1.1);
#1752=EDGE_CURVE('',#1739,#1737,#1751,.T.);
#1753=ORIENTED_EDGE('',*,*,#1752,.T.);
#1754=EDGE_LOOP('',(#1746,#1753));
#1755=FACE_BOUND('',#1754,.T.);
#1756=CARTESIAN_POINT('',(596.848825395,492.361711222,-3.97603682));
#1757=VERTEX_POINT('',#1756);
#1758=CARTESIAN_POINT('',(597.442207214,526.356532857,-3.97603682));
#1759=VERTEX_POINT('',#1758);
#1760=CARTESIAN_POINT('',(596.848825395,492.361711222,-3.97603682));
#1761=DIRECTION('',(0.017452406,0.999847695,-0.));
#1762=VECTOR('',#1761,34.);
#1763=LINE('',#1760,#1762);
#1764=EDGE_CURVE('',#1757,#1759,#1763,.T.);
#1765=ORIENTED_EDGE('',*,*,#1764,.F.);
#1766=CARTESIAN_POINT('',(579.501274007,492.664513858,26.075380546));
#1767=VERTEX_POINT('',#1766);
#1768=CARTESIAN_POINT('',(579.501274007,492.664513858,26.075380546));
#1769=DIRECTION('',(0.499923848,-0.008726203,-0.866025404));
#1770=VECTOR('',#1769,34.700387812);
#1771=LINE('',#1768,#1770);
#1772=EDGE_CURVE('',#1767,#1757,#1771,.T.);
#1773=ORIENTED_EDGE('',*,*,#1772,.F.);
#1774=CARTESIAN_POINT('',(579.605988446,498.663600029,26.075380546));
#1775=VERTEX_POINT('',#1774);
#1776=CARTESIAN_POINT('',(579.501274007,492.664513858,26.075380546));
#1777=DIRECTION('',(0.017452406,0.999847695,-0.));
#1778=VECTOR('',#1777,6.);
#1779=LINE('',#1776,#1778);
#1780=EDGE_CURVE('',#1767,#1775,#1779,.T.);
#1781=ORIENTED_EDGE('',*,*,#1780,.T.);
#1782=CARTESIAN_POINT('',(584.605226922,498.576337997,17.415126509));
#1783=VERTEX_POINT('',#1782);
#1784=CARTESIAN_POINT('',(584.605226922,498.576337997,17.415126509));
#1785=DIRECTION('',(-0.499923848,0.008726203,0.866025404));
#1786=VECTOR('',#1785,10.);
#1787=LINE('',#1784,#1786);
#1788=EDGE_CURVE('',#1783,#1775,#1787,.T.);
#1789=ORIENTED_EDGE('',*,*,#1788,.F.);
#1790=CARTESIAN_POINT('',(584.989179863,520.57298729,17.415126509));
#1791=VERTEX_POINT('',#1790);
#1792=CARTESIAN_POINT('',(584.989179863,520.57298729,17.415126509));
#1793=DIRECTION('',(-0.017452406,-0.999847695,0.));
#1794=VECTOR('',#1793,22.);
#1795=LINE('',#1792,#1794);
#1796=EDGE_CURVE('',#1791,#1783,#1795,.T.);
#1797=ORIENTED_EDGE('',*,*,#1796,.F.);
#1798=CARTESIAN_POINT('',(579.989941388,520.660249322,26.075380546));
#1799=VERTEX_POINT('',#1798);
#1800=CARTESIAN_POINT('',(579.989941388,520.660249322,26.075380546));
#1801=DIRECTION('',(0.499923848,-0.008726203,-0.866025404));
#1802=VECTOR('',#1801,10.);
#1803=LINE('',#1800,#1802);
#1804=EDGE_CURVE('',#1799,#1791,#1803,.T.);
#1805=ORIENTED_EDGE('',*,*,#1804,.F.);
#1806=CARTESIAN_POINT('',(580.094655826,526.659335493,26.075380546));
#1807=VERTEX_POINT('',#1806);
#1808=CARTESIAN_POINT('',(580.094655826,526.659335493,26.075380546));
#1809=DIRECTION('',(-0.017452406,-0.999847695,0.));
#1810=VECTOR('',#1809,6.);
#1811=LINE('',#1808,#1810);
#1812=EDGE_CURVE('',#1807,#1799,#1811,.T.);
#1813=ORIENTED_EDGE('',*,*,#1812,.F.);
#1814=CARTESIAN_POINT('',(580.094655826,526.659335493,26.075380546));
#1815=DIRECTION('',(0.499923848,-0.008726203,-0.866025404));
#1816=VECTOR('',#1815,34.700387812);
#1817=LINE('',#1814,#1816);
#1818=EDGE_CURVE('',#1807,#1759,#1817,.T.);
#1819=ORIENTED_EDGE('',*,*,#1818,.T.);
#1820=EDGE_LOOP('',(#1765,#1773,#1781,#1789,#1797,#1805,#1813,#1819));
#1821=FACE_BOUND('',#1820,.T.);
#1822=ADVANCED_FACE('',(#1695,#1715,#1735,#1755,#1821),#1691,.F.);
#1823=CARTESIAN_POINT('',(599.058178751,523.245570975,1.131405097));
#1824=DIRECTION('',(-0.865893504,0.015114227,-0.5));
#1825=DIRECTION('',(-0.499923848,0.008726203,0.866025404));
#1826=AXIS2_PLACEMENT_3D('',#1823,#1824,#1825);
#1827=CYLINDRICAL_SURFACE('',#1826,1.1);
#1828=CARTESIAN_POINT('',(598.508262518,523.255169798,2.084033041));
#1829=VERTEX_POINT('',#1828);
#1830=CARTESIAN_POINT('',(595.044688503,523.315626708,0.084033041));
#1831=DIRECTION('',(0.865893504,-0.015114227,0.5));
#1832=VECTOR('',#1831,4.);
#1833=LINE('',#1830,#1832);
#1834=EDGE_CURVE('',#1699,#1829,#1833,.T.);
#1835=ORIENTED_EDGE('',*,*,#1834,.F.);
#1836=ORIENTED_EDGE('',*,*,#1705,.F.);
#1837=ORIENTED_EDGE('',*,*,#1712,.F.);
#1838=ORIENTED_EDGE('',*,*,#1834,.T.);
#1839=CARTESIAN_POINT('',(599.608094983,523.235972151,0.178777153));
#1840=VERTEX_POINT('',#1839);
#1841=CARTESIAN_POINT('',(599.058178751,523.245570975,1.131405097));
#1842=DIRECTION('',(0.865893504,-0.015114227,0.5));
#1843=DIRECTION('',(0.499923848,-0.008726203,-0.866025404));
#1844=AXIS2_PLACEMENT_3D('',#1841,#1842,#1843);
#1845=CIRCLE('',#1844,1.1);
#1846=EDGE_CURVE('',#1829,#1840,#1845,.T.);
#1847=ORIENTED_EDGE('',*,*,#1846,.T.);
#1848=CARTESIAN_POINT('',(599.058178751,523.245570975,1.131405097));
#1849=DIRECTION('',(0.865893504,-0.015114227,0.5));
#1850=DIRECTION('',(0.499923848,-0.008726203,-0.866025404));
#1851=AXIS2_PLACEMENT_3D('',#1848,#1849,#1850);
#1852=CIRCLE('',#1851,1.1);
#1853=EDGE_CURVE('',#1840,#1829,#1852,.T.);
#1854=ORIENTED_EDGE('',*,*,#1853,.T.);
#1855=EDGE_LOOP('',(#1835,#1836,#1837,#1838,#1847,#1854));
#1856=FACE_BOUND('',#1855,.T.);
#1857=ADVANCED_FACE('',(#1856),#1827,.F.);
#1858=CARTESIAN_POINT('',(599.058178751,523.245570975,1.131405097));
#1859=DIRECTION('',(-0.865893504,0.015114227,-0.5));
#1860=DIRECTION('',(-0.499923848,0.008726203,0.866025404));
#1861=AXIS2_PLACEMENT_3D('',#1858,#1859,#1860);
#1862=CYLINDRICAL_SURFACE('',#1861,1.8);
#1863=CARTESIAN_POINT('',(596.426528817,523.291506595,1.690250824));
#1864=VERTEX_POINT('',#1863);
#1865=CARTESIAN_POINT('',(598.158315825,523.261278141,2.690250824));
#1866=VERTEX_POINT('',#1865);
#1867=CARTESIAN_POINT('',(596.426528817,523.291506595,1.690250824));
#1868=DIRECTION('',(0.865893504,-0.015114227,0.5));
#1869=VECTOR('',#1868,2.);
#1870=LINE('',#1867,#1869);
#1871=EDGE_CURVE('',#1864,#1866,#1870,.T.);
#1872=ORIENTED_EDGE('',*,*,#1871,.T.);
#1873=CARTESIAN_POINT('',(599.958041676,523.229863809,-0.42744063));
#1874=VERTEX_POINT('',#1873);
#1875=CARTESIAN_POINT('',(599.058178751,523.245570975,1.131405097));
#1876=DIRECTION('',(0.865893504,-0.015114227,0.5));
#1877=DIRECTION('',(0.499923848,-0.008726203,-0.866025404));
#1878=AXIS2_PLACEMENT_3D('',#1875,#1876,#1877);
#1879=CIRCLE('',#1878,1.8);
#1880=EDGE_CURVE('',#1874,#1866,#1879,.T.);
#1881=ORIENTED_EDGE('',*,*,#1880,.F.);
#1882=CARTESIAN_POINT('',(599.058178751,523.245570975,1.131405097));
#1883=DIRECTION('',(0.865893504,-0.015114227,0.5));
#1884=DIRECTION('',(0.499923848,-0.008726203,-0.866025404));
#1885=AXIS2_PLACEMENT_3D('',#1882,#1883,#1884);
#1886=CIRCLE('',#1885,1.8);
#1887=EDGE_CURVE('',#1866,#1874,#1886,.T.);
#1888=ORIENTED_EDGE('',*,*,#1887,.F.);
#1889=ORIENTED_EDGE('',*,*,#1871,.F.);
#1890=CARTESIAN_POINT('',(598.226494558,523.27579943,-1.427381265));
#1891=VERTEX_POINT('',#1890);
#1892=CARTESIAN_POINT('',(597.326391743,523.27579943,0.131405097));
#1893=DIRECTION('',(0.865893504,-0.015114227,0.5));
#1894=DIRECTION('',(0.50005712,-0.,-0.865992423));
#1895=AXIS2_PLACEMENT_3D('',#1892,#1893,#1894);
#1896=CIRCLE('',#1895,1.8);
#1897=EDGE_CURVE('',#1864,#1891,#1896,.T.);
#1898=ORIENTED_EDGE('',*,*,#1897,.T.);
#1899=CARTESIAN_POINT('',(597.326391743,523.27579943,0.131405097));
#1900=DIRECTION('',(0.865893504,-0.015114227,0.5));
#1901=DIRECTION('',(0.50005712,-0.,-0.865992423));
#1902=AXIS2_PLACEMENT_3D('',#1899,#1900,#1901);
#1903=CIRCLE('',#1902,1.8);
#1904=EDGE_CURVE('',#1891,#1864,#1903,.T.);
#1905=ORIENTED_EDGE('',*,*,#1904,.T.);
#1906=EDGE_LOOP('',(#1872,#1881,#1888,#1889,#1898,#1905));
#1907=FACE_BOUND('',#1906,.T.);
#1908=ADVANCED_FACE('',(#1907),#1862,.T.);
#1909=CARTESIAN_POINT('',(566.844641051,227.662756033,47.983379442));
#1910=DIRECTION('',(0.865893504,-0.015114227,0.5));
#1911=DIRECTION('',(0.499923848,-0.008726203,-0.866025404));
#1912=AXIS2_PLACEMENT_3D('',#1909,#1910,#1911);
#1913=PLANE('',#1912);
#1914=ORIENTED_EDGE('',*,*,#1846,.F.);
#1915=ORIENTED_EDGE('',*,*,#1853,.F.);
#1916=EDGE_LOOP('',(#1914,#1915));
#1917=FACE_BOUND('',#1916,.T.);
#1918=ORIENTED_EDGE('',*,*,#1880,.T.);
#1919=ORIENTED_EDGE('',*,*,#1887,.T.);
#1920=EDGE_LOOP('',(#1918,#1919));
#1921=FACE_BOUND('',#1920,.T.);
#1922=ADVANCED_FACE('',(#1917,#1921),#1913,.T.);
#1923=CARTESIAN_POINT('',(598.56776613,495.149850741,1.131405097));
#1924=DIRECTION('',(-0.865893504,0.015114227,-0.5));
#1925=DIRECTION('',(-0.499923848,0.008726203,0.866025404));
#1926=AXIS2_PLACEMENT_3D('',#1923,#1924,#1925);
#1927=CYLINDRICAL_SURFACE('',#1926,1.1);
#1928=CARTESIAN_POINT('',(598.017849898,495.159449565,2.084033041));
#1929=VERTEX_POINT('',#1928);
#1930=CARTESIAN_POINT('',(594.554275882,495.219906474,0.084033041));
#1931=DIRECTION('',(0.865893504,-0.015114227,0.5));
#1932=VECTOR('',#1931,4.);
#1933=LINE('',#1930,#1932);
#1934=EDGE_CURVE('',#1719,#1929,#1933,.T.);
#1935=ORIENTED_EDGE('',*,*,#1934,.F.);
#1936=ORIENTED_EDGE('',*,*,#1725,.F.);
#1937=ORIENTED_EDGE('',*,*,#1732,.F.);
#1938=ORIENTED_EDGE('',*,*,#1934,.T.);
#1939=CARTESIAN_POINT('',(599.117682362,495.140251918,0.178777153));
#1940=VERTEX_POINT('',#1939);
#1941=CARTESIAN_POINT('',(598.56776613,495.149850741,1.131405097));
#1942=DIRECTION('',(0.865893504,-0.015114227,0.5));
#1943=DIRECTION('',(0.499923848,-0.008726203,-0.866025404));
#1944=AXIS2_PLACEMENT_3D('',#1941,#1942,#1943);
#1945=CIRCLE('',#1944,1.1);
#1946=EDGE_CURVE('',#1929,#1940,#1945,.T.);
#1947=ORIENTED_EDGE('',*,*,#1946,.T.);
#1948=CARTESIAN_POINT('',(598.56776613,495.149850741,1.131405097));
#1949=DIRECTION('',(0.865893504,-0.015114227,0.5));
#1950=DIRECTION('',(0.499923848,-0.008726203,-0.866025404));
#1951=AXIS2_PLACEMENT_3D('',#1948,#1949,#1950);
#1952=CIRCLE('',#1951,1.1);
#1953=EDGE_CURVE('',#1940,#1929,#1952,.T.);
#1954=ORIENTED_EDGE('',*,*,#1953,.T.);
#1955=EDGE_LOOP('',(#1935,#1936,#1937,#1938,#1947,#1954));
#1956=FACE_BOUND('',#1955,.T.);
#1957=ADVANCED_FACE('',(#1956),#1927,.F.);
#1958=CARTESIAN_POINT('',(598.56776613,495.149850741,1.131405097));
#1959=DIRECTION('',(-0.865893504,0.015114227,-0.5));
#1960=DIRECTION('',(-0.499923848,0.008726203,0.866025404));
#1961=AXIS2_PLACEMENT_3D('',#1958,#1959,#1960);
#1962=CYLINDRICAL_SURFACE('',#1961,1.8);
#1963=CARTESIAN_POINT('',(595.936116196,495.195786362,1.690250824));
#1964=VERTEX_POINT('',#1963);
#1965=CARTESIAN_POINT('',(597.667903204,495.165557907,2.690250824));
#1966=VERTEX_POINT('',#1965);
#1967=CARTESIAN_POINT('',(595.936116196,495.195786362,1.690250824));
#1968=DIRECTION('',(0.865893504,-0.015114227,0.5));
#1969=VECTOR('',#1968,2.);
#1970=LINE('',#1967,#1969);
#1971=EDGE_CURVE('',#1964,#1966,#1970,.T.);
#1972=ORIENTED_EDGE('',*,*,#1971,.T.);
#1973=CARTESIAN_POINT('',(599.467629056,495.134143575,-0.42744063));
#1974=VERTEX_POINT('',#1973);
#1975=CARTESIAN_POINT('',(598.56776613,495.149850741,1.131405097));
#1976=DIRECTION('',(0.865893504,-0.015114227,0.5));
#1977=DIRECTION('',(0.499923848,-0.008726203,-0.866025404));
#1978=AXIS2_PLACEMENT_3D('',#1975,#1976,#1977);
#1979=CIRCLE('',#1978,1.8);
#1980=EDGE_CURVE('',#1974,#1966,#1979,.T.);
#1981=ORIENTED_EDGE('',*,*,#1980,.F.);
#1982=CARTESIAN_POINT('',(598.56776613,495.149850741,1.131405097));
#1983=DIRECTION('',(0.865893504,-0.015114227,0.5));
#1984=DIRECTION('',(0.499923848,-0.008726203,-0.866025404));
#1985=AXIS2_PLACEMENT_3D('',#1982,#1983,#1984);
#1986=CIRCLE('',#1985,1.8);
#1987=EDGE_CURVE('',#1966,#1974,#1986,.T.);
#1988=ORIENTED_EDGE('',*,*,#1987,.F.);
#1989=ORIENTED_EDGE('',*,*,#1971,.F.);
#1990=CARTESIAN_POINT('',(597.736081938,495.180079196,-1.427381265));
#1991=VERTEX_POINT('',#1990);
#1992=CARTESIAN_POINT('',(596.835979122,495.180079196,0.131405097));
#1993=DIRECTION('',(0.865893504,-0.015114227,0.5));
#1994=DIRECTION('',(0.50005712,-0.,-0.865992423));
#1995=AXIS2_PLACEMENT_3D('',#1992,#1993,#1994);
#1996=CIRCLE('',#1995,1.8);
#1997=EDGE_CURVE('',#1964,#1991,#1996,.T.);
#1998=ORIENTED_EDGE('',*,*,#1997,.T.);
#1999=CARTESIAN_POINT('',(596.835979122,495.180079196,0.131405097));
#2000=DIRECTION('',(0.865893504,-0.015114227,0.5));
#2001=DIRECTION('',(0.50005712,-0.,-0.865992423));
#2002=AXIS2_PLACEMENT_3D('',#1999,#2000,#2001);
#2003=CIRCLE('',#2002,1.8);
#2004=EDGE_CURVE('',#1991,#1964,#2003,.T.);
#2005=ORIENTED_EDGE('',*,*,#2004,.T.);
#2006=EDGE_LOOP('',(#1972,#1981,#1988,#1989,#1998,#2005));
#2007=FACE_BOUND('',#2006,.T.);
#2008=ADVANCED_FACE('',(#2007),#1962,.T.);
#2009=CARTESIAN_POINT('',(566.844641051,227.662756033,47.983379442));
#2010=DIRECTION('',(0.865893504,-0.015114227,0.5));
#2011=DIRECTION('',(0.499923848,-0.008726203,-0.866025404));
#2012=AXIS2_PLACEMENT_3D('',#2009,#2010,#2011);
#2013=PLANE('',#2012);
#2014=ORIENTED_EDGE('',*,*,#1946,.F.);
#2015=ORIENTED_EDGE('',*,*,#1953,.F.);
#2016=EDGE_LOOP('',(#2014,#2015));
#2017=FACE_BOUND('',#2016,.T.);
#2018=ORIENTED_EDGE('',*,*,#1980,.T.);
#2019=ORIENTED_EDGE('',*,*,#1987,.T.);
#2020=EDGE_LOOP('',(#2018,#2019));
#2021=FACE_BOUND('',#2020,.T.);
#2022=ADVANCED_FACE('',(#2017,#2021),#2013,.T.);
#2023=CARTESIAN_POINT('',(584.519906013,495.395057051,25.466718943));
#2024=DIRECTION('',(-0.865893504,0.015114227,-0.5));
#2025=DIRECTION('',(-0.499923848,0.008726203,0.866025404));
#2026=AXIS2_PLACEMENT_3D('',#2023,#2024,#2025);
#2027=CYLINDRICAL_SURFACE('',#2026,1.1);
#2028=CARTESIAN_POINT('',(583.969989781,495.404655875,26.419346887));
#2029=VERTEX_POINT('',#2028);
#2030=CARTESIAN_POINT('',(580.506415765,495.465112784,24.419346887));
#2031=DIRECTION('',(0.865893504,-0.015114227,0.5));
#2032=VECTOR('',#2031,4.);
#2033=LINE('',#2030,#2032);
#2034=EDGE_CURVE('',#1739,#2029,#2033,.T.);
#2035=ORIENTED_EDGE('',*,*,#2034,.F.);
#2036=ORIENTED_EDGE('',*,*,#1745,.F.);
#2037=ORIENTED_EDGE('',*,*,#1752,.F.);
#2038=ORIENTED_EDGE('',*,*,#2034,.T.);
#2039=CARTESIAN_POINT('',(585.069822245,495.385458228,24.514090999));
#2040=VERTEX_POINT('',#2039);
#2041=CARTESIAN_POINT('',(584.519906013,495.395057051,25.466718943));
#2042=DIRECTION('',(0.865893504,-0.015114227,0.5));
#2043=DIRECTION('',(0.499923848,-0.008726203,-0.866025404));
#2044=AXIS2_PLACEMENT_3D('',#2041,#2042,#2043);
#2045=CIRCLE('',#2044,1.1);
#2046=EDGE_CURVE('',#2029,#2040,#2045,.T.);
#2047=ORIENTED_EDGE('',*,*,#2046,.T.);
#2048=CARTESIAN_POINT('',(584.519906013,495.395057051,25.466718943));
#2049=DIRECTION('',(0.865893504,-0.015114227,0.5));
#2050=DIRECTION('',(0.499923848,-0.008726203,-0.866025404));
#2051=AXIS2_PLACEMENT_3D('',#2048,#2049,#2050);
#2052=CIRCLE('',#2051,1.1);
#2053=EDGE_CURVE('',#2040,#2029,#2052,.T.);
#2054=ORIENTED_EDGE('',*,*,#2053,.T.);
#2055=EDGE_LOOP('',(#2035,#2036,#2037,#2038,#2047,#2054));
#2056=FACE_BOUND('',#2055,.T.);
#2057=ADVANCED_FACE('',(#2056),#2027,.F.);
#2058=CARTESIAN_POINT('',(584.519906013,495.395057051,25.466718943));
#2059=DIRECTION('',(-0.865893504,0.015114227,-0.5));
#2060=DIRECTION('',(-0.499923848,0.008726203,0.866025404));
#2061=AXIS2_PLACEMENT_3D('',#2058,#2059,#2060);
#2062=CYLINDRICAL_SURFACE('',#2061,1.8);
#2063=CARTESIAN_POINT('',(581.888256079,495.440992672,26.02556467));
#2064=VERTEX_POINT('',#2063);
#2065=CARTESIAN_POINT('',(583.620043087,495.410764217,27.02556467));
#2066=VERTEX_POINT('',#2065);
#2067=CARTESIAN_POINT('',(581.888256079,495.440992672,26.02556467));
#2068=DIRECTION('',(0.865893504,-0.015114227,0.5));
#2069=VECTOR('',#2068,2.);
#2070=LINE('',#2067,#2069);
#2071=EDGE_CURVE('',#2064,#2066,#2070,.T.);
#2072=ORIENTED_EDGE('',*,*,#2071,.T.);
#2073=CARTESIAN_POINT('',(585.419768939,495.379349886,23.907873216));
#2074=VERTEX_POINT('',#2073);
#2075=CARTESIAN_POINT('',(584.519906013,495.395057051,25.466718943));
#2076=DIRECTION('',(0.865893504,-0.015114227,0.5));
#2077=DIRECTION('',(0.499923848,-0.008726203,-0.866025404));
#2078=AXIS2_PLACEMENT_3D('',#2075,#2076,#2077);
#2079=CIRCLE('',#2078,1.8);
#2080=EDGE_CURVE('',#2074,#2066,#2079,.T.);
#2081=ORIENTED_EDGE('',*,*,#2080,.F.);
#2082=CARTESIAN_POINT('',(584.519906013,495.395057051,25.466718943));
#2083=DIRECTION('',(0.865893504,-0.015114227,0.5));
#2084=DIRECTION('',(0.499923848,-0.008726203,-0.866025404));
#2085=AXIS2_PLACEMENT_3D('',#2082,#2083,#2084);
#2086=CIRCLE('',#2085,1.8);
#2087=EDGE_CURVE('',#2066,#2074,#2086,.T.);
#2088=ORIENTED_EDGE('',*,*,#2087,.F.);
#2089=ORIENTED_EDGE('',*,*,#2071,.F.);
#2090=CARTESIAN_POINT('',(583.688221821,495.425285506,22.907932582));
#2091=VERTEX_POINT('',#2090);
#2092=CARTESIAN_POINT('',(582.788119005,495.425285506,24.466718943));
#2093=DIRECTION('',(0.865893504,-0.015114227,0.5));
#2094=DIRECTION('',(0.50005712,-0.,-0.865992423));
#2095=AXIS2_PLACEMENT_3D('',#2092,#2093,#2094);
#2096=CIRCLE('',#2095,1.8);
#2097=EDGE_CURVE('',#2064,#2091,#2096,.T.);
#2098=ORIENTED_EDGE('',*,*,#2097,.T.);
#2099=CARTESIAN_POINT('',(582.788119005,495.425285506,24.466718943));
#2100=DIRECTION('',(0.865893504,-0.015114227,0.5));
#2101=DIRECTION('',(0.50005712,-0.,-0.865992423));
#2102=AXIS2_PLACEMENT_3D('',#2099,#2100,#2101);
#2103=CIRCLE('',#2102,1.8);
#2104=EDGE_CURVE('',#2091,#2064,#2103,.T.);
#2105=ORIENTED_EDGE('',*,*,#2104,.T.);
#2106=EDGE_LOOP('',(#2072,#2081,#2088,#2089,#2098,#2105));
#2107=FACE_BOUND('',#2106,.T.);
#2108=ADVANCED_FACE('',(#2107),#2062,.T.);
#2109=CARTESIAN_POINT('',(566.844641051,227.662756033,47.983379442));
#2110=DIRECTION('',(0.865893504,-0.015114227,0.5));
#2111=DIRECTION('',(0.499923848,-0.008726203,-0.866025404));
#2112=AXIS2_PLACEMENT_3D('',#2109,#2110,#2111);
#2113=PLANE('',#2112);
#2114=ORIENTED_EDGE('',*,*,#2046,.F.);
#2115=ORIENTED_EDGE('',*,*,#2053,.F.);
#2116=EDGE_LOOP('',(#2114,#2115));
#2117=FACE_BOUND('',#2116,.T.);
#2118=ORIENTED_EDGE('',*,*,#2080,.T.);
#2119=ORIENTED_EDGE('',*,*,#2087,.T.);
#2120=EDGE_LOOP('',(#2118,#2119));
#2121=FACE_BOUND('',#2120,.T.);
#2122=ADVANCED_FACE('',(#2117,#2121),#2113,.T.);
#2123=CARTESIAN_POINT('',(565.506269635,307.88061688,48.726015641));
#2124=DIRECTION('',(0.865893504,-0.015114227,0.5));
#2125=DIRECTION('',(0.499923848,-0.008726203,-0.866025404));
#2126=AXIS2_PLACEMENT_3D('',#2123,#2124,#2125);
#2127=PLANE('',#2126);
#2128=ORIENTED_EDGE('',*,*,#1661,.F.);
#2129=ORIENTED_EDGE('',*,*,#1668,.F.);
#2130=EDGE_LOOP('',(#2128,#2129));
#2131=FACE_BOUND('',#2130,.T.);
#2132=ORIENTED_EDGE('',*,*,#1897,.F.);
#2133=ORIENTED_EDGE('',*,*,#1904,.F.);
#2134=EDGE_LOOP('',(#2132,#2133));
#2135=FACE_BOUND('',#2134,.T.);
#2136=ORIENTED_EDGE('',*,*,#1997,.F.);
#2137=ORIENTED_EDGE('',*,*,#2004,.F.);
#2138=EDGE_LOOP('',(#2136,#2137));
#2139=FACE_BOUND('',#2138,.T.);
#2140=ORIENTED_EDGE('',*,*,#2097,.F.);
#2141=ORIENTED_EDGE('',*,*,#2104,.F.);
#2142=EDGE_LOOP('',(#2140,#2141));
#2143=FACE_BOUND('',#2142,.T.);
#2144=CARTESIAN_POINT('',(586.33701393,498.546109542,18.415126509));
#2145=VERTEX_POINT('',#2144);
#2146=CARTESIAN_POINT('',(581.337775454,498.633371574,27.075380546));
#2147=VERTEX_POINT('',#2146);
#2148=CARTESIAN_POINT('',(586.33701393,498.546109542,18.415126509));
#2149=DIRECTION('',(-0.499923848,0.008726203,0.866025404));
#2150=VECTOR('',#2149,10.);
#2151=LINE('',#2148,#2150);
#2152=EDGE_CURVE('',#2145,#2147,#2151,.T.);
#2153=ORIENTED_EDGE('',*,*,#2152,.T.);
#2154=CARTESIAN_POINT('',(581.233061015,492.634285403,27.075380546));
#2155=VERTEX_POINT('',#2154);
#2156=CARTESIAN_POINT('',(581.233061015,492.634285403,27.075380546));
#2157=DIRECTION('',(0.017452406,0.999847695,-0.));
#2158=VECTOR('',#2157,6.);
#2159=LINE('',#2156,#2158);
#2160=EDGE_CURVE('',#2155,#2147,#2159,.T.);
#2161=ORIENTED_EDGE('',*,*,#2160,.F.);
#2162=CARTESIAN_POINT('',(599.157874739,492.321406616,-3.97603682));
#2163=VERTEX_POINT('',#2162);
#2164=CARTESIAN_POINT('',(581.233061015,492.634285403,27.075380546));
#2165=DIRECTION('',(0.499923848,-0.008726203,-0.866025404));
#2166=VECTOR('',#2165,35.85508835);
#2167=LINE('',#2164,#2166);
#2168=EDGE_CURVE('',#2155,#2163,#2167,.T.);
#2169=ORIENTED_EDGE('',*,*,#2168,.T.);
#2170=CARTESIAN_POINT('',(599.751256557,526.316228251,-3.97603682));
#2171=VERTEX_POINT('',#2170);
#2172=CARTESIAN_POINT('',(599.157874739,492.321406616,-3.97603682));
#2173=DIRECTION('',(0.017452406,0.999847695,-0.));
#2174=VECTOR('',#2173,34.);
#2175=LINE('',#2172,#2174);
#2176=EDGE_CURVE('',#2163,#2171,#2175,.T.);
#2177=ORIENTED_EDGE('',*,*,#2176,.T.);
#2178=CARTESIAN_POINT('',(581.826442834,526.629107038,27.075380546));
#2179=VERTEX_POINT('',#2178);
#2180=CARTESIAN_POINT('',(581.826442834,526.629107038,27.075380546));
#2181=DIRECTION('',(0.499923848,-0.008726203,-0.866025404));
#2182=VECTOR('',#2181,35.85508835);
#2183=LINE('',#2180,#2182);
#2184=EDGE_CURVE('',#2179,#2171,#2183,.T.);
#2185=ORIENTED_EDGE('',*,*,#2184,.F.);
#2186=CARTESIAN_POINT('',(581.721728396,520.630020868,27.075380546));
#2187=VERTEX_POINT('',#2186);
#2188=CARTESIAN_POINT('',(581.826442834,526.629107038,27.075380546));
#2189=DIRECTION('',(-0.017452406,-0.999847695,0.));
#2190=VECTOR('',#2189,6.);
#2191=LINE('',#2188,#2190);
#2192=EDGE_CURVE('',#2179,#2187,#2191,.T.);
#2193=ORIENTED_EDGE('',*,*,#2192,.T.);
#2194=CARTESIAN_POINT('',(586.720966871,520.542758835,18.415126509));
#2195=VERTEX_POINT('',#2194);
#2196=CARTESIAN_POINT('',(581.721728396,520.630020868,27.075380546));
#2197=DIRECTION('',(0.499923848,-0.008726203,-0.866025404));
#2198=VECTOR('',#2197,10.);
#2199=LINE('',#2196,#2198);
#2200=EDGE_CURVE('',#2187,#2195,#2199,.T.);
#2201=ORIENTED_EDGE('',*,*,#2200,.T.);
#2202=CARTESIAN_POINT('',(586.720966871,520.542758835,18.415126509));
#2203=DIRECTION('',(-0.017452406,-0.999847695,0.));
#2204=VECTOR('',#2203,22.);
#2205=LINE('',#2202,#2204);
#2206=EDGE_CURVE('',#2195,#2145,#2205,.T.);
#2207=ORIENTED_EDGE('',*,*,#2206,.T.);
#2208=EDGE_LOOP('',(#2153,#2161,#2169,#2177,#2185,#2193,#2201,#2207));
#2209=FACE_BOUND('',#2208,.T.);
#2210=ADVANCED_FACE('',(#2131,#2135,#2139,#2143,#2209),#2127,.T.);
#2211=CARTESIAN_POINT('',(584.471309557,520.58202675,22.312240826));
#2212=DIRECTION('',(0.017452406,0.999847695,-0.));
#2213=DIRECTION('',(0.865893504,-0.015114227,0.5));
#2214=AXIS2_PLACEMENT_3D('',#2211,#2212,#2213);
#2215=PLANE('',#2214);
#2216=ORIENTED_EDGE('',*,*,#1804,.T.);
#2217=CARTESIAN_POINT('',(586.720966871,520.542758835,18.415126509));
#2218=DIRECTION('',(-0.865893504,0.015114227,-0.5));
#2219=VECTOR('',#2218,2.);
#2220=LINE('',#2217,#2219);
#2221=EDGE_CURVE('',#2195,#1791,#2220,.T.);
#2222=ORIENTED_EDGE('',*,*,#2221,.F.);
#2223=ORIENTED_EDGE('',*,*,#2200,.F.);
#2224=CARTESIAN_POINT('',(581.721728396,520.630020868,27.075380546));
#2225=DIRECTION('',(-0.865893504,0.015114227,-0.5));
#2226=VECTOR('',#2225,2.);
#2227=LINE('',#2224,#2226);
#2228=EDGE_CURVE('',#2187,#1799,#2227,.T.);
#2229=ORIENTED_EDGE('',*,*,#2228,.T.);
#2230=EDGE_LOOP('',(#2216,#2222,#2223,#2229));
#2231=FACE_BOUND('',#2230,.T.);
#2232=ADVANCED_FACE('',(#2231),#2215,.F.);
#2233=CARTESIAN_POINT('',(586.5289904,509.544434189,18.415126509));
#2234=DIRECTION('',(0.499923848,-0.008726203,-0.866025404));
#2235=DIRECTION('',(-0.865893504,0.015114227,-0.5));
#2236=AXIS2_PLACEMENT_3D('',#2233,#2234,#2235);
#2237=PLANE('',#2236);
#2238=ORIENTED_EDGE('',*,*,#1796,.T.);
#2239=CARTESIAN_POINT('',(586.33701393,498.546109542,18.415126509));
#2240=DIRECTION('',(-0.865893504,0.015114227,-0.5));
#2241=VECTOR('',#2240,2.);
#2242=LINE('',#2239,#2241);
#2243=EDGE_CURVE('',#2145,#1783,#2242,.T.);
#2244=ORIENTED_EDGE('',*,*,#2243,.F.);
#2245=ORIENTED_EDGE('',*,*,#2206,.F.);
#2246=ORIENTED_EDGE('',*,*,#2221,.T.);
#2247=EDGE_LOOP('',(#2238,#2244,#2245,#2246));
#2248=FACE_BOUND('',#2247,.T.);
#2249=ADVANCED_FACE('',(#2248),#2237,.F.);
#2250=CARTESIAN_POINT('',(584.087356616,498.585377456,22.312240826));
#2251=DIRECTION('',(-0.017452406,-0.999847695,0.));
#2252=DIRECTION('',(-0.865893504,0.015114227,-0.5));
#2253=AXIS2_PLACEMENT_3D('',#2250,#2251,#2252);
#2254=PLANE('',#2253);
#2255=ORIENTED_EDGE('',*,*,#1788,.T.);
#2256=CARTESIAN_POINT('',(581.337775454,498.633371574,27.075380546));
#2257=DIRECTION('',(-0.865893504,0.015114227,-0.5));
#2258=VECTOR('',#2257,2.);
#2259=LINE('',#2256,#2258);
#2260=EDGE_CURVE('',#2147,#1775,#2259,.T.);
#2261=ORIENTED_EDGE('',*,*,#2260,.F.);
#2262=ORIENTED_EDGE('',*,*,#2152,.F.);
#2263=ORIENTED_EDGE('',*,*,#2243,.T.);
#2264=EDGE_LOOP('',(#2255,#2261,#2262,#2263));
#2265=FACE_BOUND('',#2264,.T.);
#2266=ADVANCED_FACE('',(#2265),#2254,.F.);
#2267=CARTESIAN_POINT('',(593.574653252,526.424041263,6.723783558));
#2268=DIRECTION('',(0.017452406,0.999847695,-0.));
#2269=DIRECTION('',(0.865893504,-0.015114227,0.5));
#2270=AXIS2_PLACEMENT_3D('',#2267,#2268,#2269);
#2271=PLANE('',#2270);
#2272=ORIENTED_EDGE('',*,*,#2184,.T.);
#2273=CARTESIAN_POINT('',(599.751256557,526.316228251,-3.97603682));
#2274=DIRECTION('',(-0.999847695,0.017452406,-0.));
#2275=VECTOR('',#2274,2.309401077);
#2276=LINE('',#2273,#2275);
#2277=EDGE_CURVE('',#2171,#1759,#2276,.T.);
#2278=ORIENTED_EDGE('',*,*,#2277,.T.);
#2279=ORIENTED_EDGE('',*,*,#1818,.F.);
#2280=CARTESIAN_POINT('',(581.826442834,526.629107038,27.075380546));
#2281=DIRECTION('',(-0.865893504,0.015114227,-0.5));
#2282=VECTOR('',#2281,2.);
#2283=LINE('',#2280,#2282);
#2284=EDGE_CURVE('',#2179,#1807,#2283,.T.);
#2285=ORIENTED_EDGE('',*,*,#2284,.F.);
#2286=EDGE_LOOP('',(#2272,#2278,#2279,#2285));
#2287=FACE_BOUND('',#2286,.T.);
#2288=ADVANCED_FACE('',(#2287),#2271,.T.);
#2289=CARTESIAN_POINT('',(581.765359412,523.129640105,27.075380546));
#2290=DIRECTION('',(0.499923848,-0.008726203,-0.866025404));
#2291=DIRECTION('',(-0.865893504,0.015114227,-0.5));
#2292=AXIS2_PLACEMENT_3D('',#2289,#2290,#2291);
#2293=PLANE('',#2292);
#2294=ORIENTED_EDGE('',*,*,#1812,.T.);
#2295=ORIENTED_EDGE('',*,*,#2228,.F.);
#2296=ORIENTED_EDGE('',*,*,#2192,.F.);
#2297=ORIENTED_EDGE('',*,*,#2284,.T.);
#2298=EDGE_LOOP('',(#2294,#2295,#2296,#2297));
#2299=FACE_BOUND('',#2298,.T.);
#2300=ADVANCED_FACE('',(#2299),#2293,.F.);
#2301=CARTESIAN_POINT('',(581.483022939,492.629922302,26.642367845));
#2302=DIRECTION('',(0.017452406,0.999847695,-0.));
#2303=DIRECTION('',(0.865893504,-0.015114227,0.5));
#2304=AXIS2_PLACEMENT_3D('',#2301,#2302,#2303);
#2305=PLANE('',#2304);
#2306=CARTESIAN_POINT('',(599.157874739,492.321406616,-3.97603682));
#2307=DIRECTION('',(-0.999847695,0.017452406,-0.));
#2308=VECTOR('',#2307,2.309401077);
#2309=LINE('',#2306,#2308);
#2310=EDGE_CURVE('',#2163,#1757,#2309,.T.);
#2311=ORIENTED_EDGE('',*,*,#2310,.F.);
#2312=ORIENTED_EDGE('',*,*,#2168,.F.);
#2313=CARTESIAN_POINT('',(581.233061015,492.634285403,27.075380546));
#2314=DIRECTION('',(-0.865893504,0.015114227,-0.5));
#2315=VECTOR('',#2314,2.);
#2316=LINE('',#2313,#2315);
#2317=EDGE_CURVE('',#2155,#1767,#2316,.T.);
#2318=ORIENTED_EDGE('',*,*,#2317,.T.);
#2319=ORIENTED_EDGE('',*,*,#1772,.T.);
#2320=EDGE_LOOP('',(#2311,#2312,#2318,#2319));
#2321=FACE_BOUND('',#2320,.T.);
#2322=ADVANCED_FACE('',(#2321),#2305,.F.);
#2323=CARTESIAN_POINT('',(581.294144438,496.133752336,27.075380546));
#2324=DIRECTION('',(-0.499923848,0.008726203,0.866025404));
#2325=DIRECTION('',(0.865893504,-0.015114227,0.5));
#2326=AXIS2_PLACEMENT_3D('',#2323,#2324,#2325);
#2327=PLANE('',#2326);
#2328=ORIENTED_EDGE('',*,*,#1780,.F.);
#2329=ORIENTED_EDGE('',*,*,#2317,.F.);
#2330=ORIENTED_EDGE('',*,*,#2160,.T.);
#2331=ORIENTED_EDGE('',*,*,#2260,.T.);
#2332=EDGE_LOOP('',(#2328,#2329,#2330,#2331));
#2333=FACE_BOUND('',#2332,.T.);
#2334=ADVANCED_FACE('',(#2333),#2327,.T.);
#2335=CARTESIAN_POINT('',(512.188863784,569.990357035,25.466718943));
#2336=DIRECTION('',(-0.015114227,-0.865893504,-0.5));
#2337=DIRECTION('',(-0.008726203,-0.499923848,0.866025404));
#2338=AXIS2_PLACEMENT_3D('',#2335,#2336,#2337);
#2339=CYLINDRICAL_SURFACE('',#2338,1.1);
#2340=CARTESIAN_POINT('',(512.118808051,565.976866787,24.419346887));
#2341=VERTEX_POINT('',#2340);
#2342=CARTESIAN_POINT('',(512.17926496,569.440440802,26.419346887));
#2343=VERTEX_POINT('',#2342);
#2344=CARTESIAN_POINT('',(512.118808051,565.976866787,24.419346887));
#2345=DIRECTION('',(0.015114227,0.865893504,0.5));
#2346=VECTOR('',#2345,4.);
#2347=LINE('',#2344,#2346);
#2348=EDGE_CURVE('',#2341,#2343,#2347,.T.);
#2349=ORIENTED_EDGE('',*,*,#2348,.F.);
#2350=CARTESIAN_POINT('',(512.138005698,567.076699251,22.514090999));
#2351=VERTEX_POINT('',#2350);
#2352=CARTESIAN_POINT('',(512.128406874,566.526783019,23.466718943));
#2353=DIRECTION('',(0.015114227,0.865893504,0.5));
#2354=DIRECTION('',(0.008726203,0.499923848,-0.866025404));
#2355=AXIS2_PLACEMENT_3D('',#2352,#2353,#2354);
#2356=CIRCLE('',#2355,1.1);
#2357=EDGE_CURVE('',#2351,#2341,#2356,.T.);
#2358=ORIENTED_EDGE('',*,*,#2357,.F.);
#2359=CARTESIAN_POINT('',(512.128406874,566.526783019,23.466718943));
#2360=DIRECTION('',(0.015114227,0.865893504,0.5));
#2361=DIRECTION('',(0.008726203,0.499923848,-0.866025404));
#2362=AXIS2_PLACEMENT_3D('',#2359,#2360,#2361);
#2363=CIRCLE('',#2362,1.1);
#2364=EDGE_CURVE('',#2341,#2351,#2363,.T.);
#2365=ORIENTED_EDGE('',*,*,#2364,.F.);
#2366=ORIENTED_EDGE('',*,*,#2348,.T.);
#2367=CARTESIAN_POINT('',(512.198462607,570.540273267,24.514090999));
#2368=VERTEX_POINT('',#2367);
#2369=CARTESIAN_POINT('',(512.188863784,569.990357035,25.466718943));
#2370=DIRECTION('',(0.015114227,0.865893504,0.5));
#2371=DIRECTION('',(0.008726203,0.499923848,-0.866025404));
#2372=AXIS2_PLACEMENT_3D('',#2369,#2370,#2371);
#2373=CIRCLE('',#2372,1.1);
#2374=EDGE_CURVE('',#2343,#2368,#2373,.T.);
#2375=ORIENTED_EDGE('',*,*,#2374,.T.);
#2376=CARTESIAN_POINT('',(512.188863784,569.990357035,25.466718943));
#2377=DIRECTION('',(0.015114227,0.865893504,0.5));
#2378=DIRECTION('',(0.008726203,0.499923848,-0.866025404));
#2379=AXIS2_PLACEMENT_3D('',#2376,#2377,#2378);
#2380=CIRCLE('',#2379,1.1);
#2381=EDGE_CURVE('',#2368,#2343,#2380,.T.);
#2382=ORIENTED_EDGE('',*,*,#2381,.T.);
#2383=EDGE_LOOP('',(#2349,#2358,#2365,#2366,#2375,#2382));
#2384=FACE_BOUND('',#2383,.T.);
#2385=ADVANCED_FACE('',(#2384),#2339,.F.);
#2386=CARTESIAN_POINT('',(512.188863784,569.990357035,25.466718943));
#2387=DIRECTION('',(-0.015114227,-0.865893504,-0.5));
#2388=DIRECTION('',(-0.008726203,-0.499923848,0.866025404));
#2389=AXIS2_PLACEMENT_3D('',#2386,#2387,#2388);
#2390=CYLINDRICAL_SURFACE('',#2389,1.8);
#2391=CARTESIAN_POINT('',(512.142928163,567.358707101,26.02556467));
#2392=VERTEX_POINT('',#2391);
#2393=CARTESIAN_POINT('',(512.173156618,569.090494109,27.02556467));
#2394=VERTEX_POINT('',#2393);
#2395=CARTESIAN_POINT('',(512.142928163,567.358707101,26.02556467));
#2396=DIRECTION('',(0.015114227,0.865893504,0.5));
#2397=VECTOR('',#2396,2.);
#2398=LINE('',#2395,#2397);
#2399=EDGE_CURVE('',#2392,#2394,#2398,.T.);
#2400=ORIENTED_EDGE('',*,*,#2399,.T.);
#2401=CARTESIAN_POINT('',(512.20457095,570.89021996,23.907873216));
#2402=VERTEX_POINT('',#2401);
#2403=CARTESIAN_POINT('',(512.188863784,569.990357035,25.466718943));
#2404=DIRECTION('',(0.015114227,0.865893504,0.5));
#2405=DIRECTION('',(0.008726203,0.499923848,-0.866025404));
#2406=AXIS2_PLACEMENT_3D('',#2403,#2404,#2405);
#2407=CIRCLE('',#2406,1.8);
#2408=EDGE_CURVE('',#2402,#2394,#2407,.T.);
#2409=ORIENTED_EDGE('',*,*,#2408,.F.);
#2410=CARTESIAN_POINT('',(512.188863784,569.990357035,25.466718943));
#2411=DIRECTION('',(0.015114227,0.865893504,0.5));
#2412=DIRECTION('',(0.008726203,0.499923848,-0.866025404));
#2413=AXIS2_PLACEMENT_3D('',#2410,#2411,#2412);
#2414=CIRCLE('',#2413,1.8);
#2415=EDGE_CURVE('',#2394,#2402,#2414,.T.);
#2416=ORIENTED_EDGE('',*,*,#2415,.F.);
#2417=ORIENTED_EDGE('',*,*,#2399,.F.);
#2418=CARTESIAN_POINT('',(512.158635329,567.358467211,26.025505305));
#2419=VERTEX_POINT('',#2418);
#2420=CARTESIAN_POINT('',(512.158635329,568.258570027,24.466718943));
#2421=DIRECTION('',(0.015114227,0.865893504,0.5));
#2422=DIRECTION('',(-0.,-0.50005712,0.865992423));
#2423=AXIS2_PLACEMENT_3D('',#2420,#2421,#2422);
#2424=CIRCLE('',#2423,1.8);
#2425=EDGE_CURVE('',#2392,#2419,#2424,.T.);
#2426=ORIENTED_EDGE('',*,*,#2425,.T.);
#2427=CARTESIAN_POINT('',(512.158635329,568.258570027,24.466718943));
#2428=DIRECTION('',(0.015114227,0.865893504,0.5));
#2429=DIRECTION('',(-0.,-0.50005712,0.865992423));
#2430=AXIS2_PLACEMENT_3D('',#2427,#2428,#2429);
#2431=CIRCLE('',#2430,1.8);
#2432=EDGE_CURVE('',#2419,#2392,#2431,.T.);
#2433=ORIENTED_EDGE('',*,*,#2432,.T.);
#2434=EDGE_LOOP('',(#2400,#2409,#2416,#2417,#2426,#2433));
#2435=FACE_BOUND('',#2434,.T.);
#2436=ADVANCED_FACE('',(#2435),#2390,.T.);
#2437=CARTESIAN_POINT('',(808.016885036,551.824679451,47.983379442));
#2438=DIRECTION('',(0.015114227,0.865893504,0.5));
#2439=DIRECTION('',(0.008726203,0.499923848,-0.866025404));
#2440=AXIS2_PLACEMENT_3D('',#2437,#2438,#2439);
#2441=PLANE('',#2440);
#2442=ORIENTED_EDGE('',*,*,#2374,.F.);
#2443=ORIENTED_EDGE('',*,*,#2381,.F.);
#2444=EDGE_LOOP('',(#2442,#2443));
#2445=FACE_BOUND('',#2444,.T.);
#2446=ORIENTED_EDGE('',*,*,#2408,.T.);
#2447=ORIENTED_EDGE('',*,*,#2415,.T.);
#2448=EDGE_LOOP('',(#2446,#2447));
#2449=FACE_BOUND('',#2448,.T.);
#2450=ADVANCED_FACE('',(#2445,#2449),#2441,.T.);
#2451=CARTESIAN_POINT('',(807.956428127,548.361105436,45.983379442));
#2452=DIRECTION('',(0.015114227,0.865893504,0.5));
#2453=DIRECTION('',(0.008726203,0.499923848,-0.866025404));
#2454=AXIS2_PLACEMENT_3D('',#2451,#2452,#2453);
#2455=PLANE('',#2454);
#2456=ORIENTED_EDGE('',*,*,#2357,.T.);
#2457=ORIENTED_EDGE('',*,*,#2364,.T.);
#2458=EDGE_LOOP('',(#2456,#2457));
#2459=FACE_BOUND('',#2458,.T.);
#2460=CARTESIAN_POINT('',(512.383212008,581.124559368,-1.821222847));
#2461=VERTEX_POINT('',#2460);
#2462=CARTESIAN_POINT('',(512.364014361,580.024726903,0.084033041));
#2463=VERTEX_POINT('',#2462);
#2464=CARTESIAN_POINT('',(512.373613185,580.574643136,-0.868594903));
#2465=DIRECTION('',(0.015114227,0.865893504,0.5));
#2466=DIRECTION('',(0.008726203,0.499923848,-0.866025404));
#2467=AXIS2_PLACEMENT_3D('',#2464,#2465,#2466);
#2468=CIRCLE('',#2467,1.1);
#2469=EDGE_CURVE('',#2461,#2463,#2468,.T.);
#2470=ORIENTED_EDGE('',*,*,#2469,.T.);
#2471=CARTESIAN_POINT('',(512.373613185,580.574643136,-0.868594903));
#2472=DIRECTION('',(0.015114227,0.865893504,0.5));
#2473=DIRECTION('',(0.008726203,0.499923848,-0.866025404));
#2474=AXIS2_PLACEMENT_3D('',#2471,#2472,#2473);
#2475=CIRCLE('',#2474,1.1);
#2476=EDGE_CURVE('',#2463,#2461,#2475,.T.);
#2477=ORIENTED_EDGE('',*,*,#2476,.T.);
#2478=EDGE_LOOP('',(#2470,#2477));
#2479=FACE_BOUND('',#2478,.T.);
#2480=CARTESIAN_POINT('',(540.478932242,580.634146747,-1.821222847));
#2481=VERTEX_POINT('',#2480);
#2482=CARTESIAN_POINT('',(540.459734595,579.534314283,0.084033041));
#2483=VERTEX_POINT('',#2482);
#2484=CARTESIAN_POINT('',(540.469333419,580.084230515,-0.868594903));
#2485=DIRECTION('',(0.015114227,0.865893504,0.5));
#2486=DIRECTION('',(0.008726203,0.499923848,-0.866025404));
#2487=AXIS2_PLACEMENT_3D('',#2484,#2485,#2486);
#2488=CIRCLE('',#2487,1.1);
#2489=EDGE_CURVE('',#2481,#2483,#2488,.T.);
#2490=ORIENTED_EDGE('',*,*,#2489,.T.);
#2491=CARTESIAN_POINT('',(540.469333419,580.084230515,-0.868594903));
#2492=DIRECTION('',(0.015114227,0.865893504,0.5));
#2493=DIRECTION('',(0.008726203,0.499923848,-0.866025404));
#2494=AXIS2_PLACEMENT_3D('',#2491,#2492,#2493);
#2495=CIRCLE('',#2494,1.1);
#2496=EDGE_CURVE('',#2483,#2481,#2495,.T.);
#2497=ORIENTED_EDGE('',*,*,#2496,.T.);
#2498=EDGE_LOOP('',(#2490,#2497));
#2499=FACE_BOUND('',#2498,.T.);
#2500=CARTESIAN_POINT('',(540.233725932,566.58628663,22.514090999));
#2501=VERTEX_POINT('',#2500);
#2502=CARTESIAN_POINT('',(540.214528285,565.486454166,24.419346887));
#2503=VERTEX_POINT('',#2502);
#2504=CARTESIAN_POINT('',(540.224127108,566.036370398,23.466718943));
#2505=DIRECTION('',(0.015114227,0.865893504,0.5));
#2506=DIRECTION('',(0.008726203,0.499923848,-0.866025404));
#2507=AXIS2_PLACEMENT_3D('',#2504,#2505,#2506);
#2508=CIRCLE('',#2507,1.1);
#2509=EDGE_CURVE('',#2501,#2503,#2508,.T.);
#2510=ORIENTED_EDGE('',*,*,#2509,.T.);
#2511=CARTESIAN_POINT('',(540.224127108,566.036370398,23.466718943));
#2512=DIRECTION('',(0.015114227,0.865893504,0.5));
#2513=DIRECTION('',(0.008726203,0.499923848,-0.866025404));
#2514=AXIS2_PLACEMENT_3D('',#2511,#2512,#2513);
#2515=CIRCLE('',#2514,1.1);
#2516=EDGE_CURVE('',#2503,#2501,#2515,.T.);
#2517=ORIENTED_EDGE('',*,*,#2516,.T.);
#2518=EDGE_LOOP('',(#2510,#2517));
#2519=FACE_BOUND('',#2518,.T.);
#2520=CARTESIAN_POINT('',(509.020305576,565.074694227,26.075380546));
#2521=VERTEX_POINT('',#2520);
#2522=CARTESIAN_POINT('',(509.323108212,582.422245614,-3.97603682));
#2523=VERTEX_POINT('',#2522);
#2524=CARTESIAN_POINT('',(509.020305576,565.074694227,26.075380546));
#2525=DIRECTION('',(0.008726203,0.499923848,-0.866025404));
#2526=VECTOR('',#2525,34.700387812);
#2527=LINE('',#2524,#2526);
#2528=EDGE_CURVE('',#2521,#2523,#2527,.T.);
#2529=ORIENTED_EDGE('',*,*,#2528,.T.);
#2530=CARTESIAN_POINT('',(543.317929847,581.828863795,-3.97603682));
#2531=VERTEX_POINT('',#2530);
#2532=CARTESIAN_POINT('',(509.323108212,582.422245614,-3.97603682));
#2533=DIRECTION('',(0.999847695,-0.017452406,0.));
#2534=VECTOR('',#2533,34.);
#2535=LINE('',#2532,#2534);
#2536=EDGE_CURVE('',#2523,#2531,#2535,.T.);
#2537=ORIENTED_EDGE('',*,*,#2536,.T.);
#2538=CARTESIAN_POINT('',(543.015127211,564.481312408,26.075380546));
#2539=VERTEX_POINT('',#2538);
#2540=CARTESIAN_POINT('',(543.015127211,564.481312408,26.075380546));
#2541=DIRECTION('',(0.008726203,0.499923848,-0.866025404));
#2542=VECTOR('',#2541,34.700387812);
#2543=LINE('',#2540,#2542);
#2544=EDGE_CURVE('',#2539,#2531,#2543,.T.);
#2545=ORIENTED_EDGE('',*,*,#2544,.F.);
#2546=CARTESIAN_POINT('',(537.01604104,564.586026847,26.075380546));
#2547=VERTEX_POINT('',#2546);
#2548=CARTESIAN_POINT('',(543.015127211,564.481312408,26.075380546));
#2549=DIRECTION('',(-0.999847695,0.017452406,-0.));
#2550=VECTOR('',#2549,6.);
#2551=LINE('',#2548,#2550);
#2552=EDGE_CURVE('',#2539,#2547,#2551,.T.);
#2553=ORIENTED_EDGE('',*,*,#2552,.T.);
#2554=CARTESIAN_POINT('',(537.103303073,569.585265323,17.415126509));
#2555=VERTEX_POINT('',#2554);
#2556=CARTESIAN_POINT('',(537.103303073,569.585265323,17.415126509));
#2557=DIRECTION('',(-0.008726203,-0.499923848,0.866025404));
#2558=VECTOR('',#2557,10.);
#2559=LINE('',#2556,#2558);
#2560=EDGE_CURVE('',#2555,#2547,#2559,.T.);
#2561=ORIENTED_EDGE('',*,*,#2560,.F.);
#2562=CARTESIAN_POINT('',(515.106653779,569.969218264,17.415126509));
#2563=VERTEX_POINT('',#2562);
#2564=CARTESIAN_POINT('',(515.106653779,569.969218264,17.415126509));
#2565=DIRECTION('',(0.999847695,-0.017452406,0.));
#2566=VECTOR('',#2565,22.);
#2567=LINE('',#2564,#2566);
#2568=EDGE_CURVE('',#2563,#2555,#2567,.T.);
#2569=ORIENTED_EDGE('',*,*,#2568,.F.);
#2570=CARTESIAN_POINT('',(515.019391747,564.969979788,26.075380546));
#2571=VERTEX_POINT('',#2570);
#2572=CARTESIAN_POINT('',(515.019391747,564.969979788,26.075380546));
#2573=DIRECTION('',(0.008726203,0.499923848,-0.866025404));
#2574=VECTOR('',#2573,10.);
#2575=LINE('',#2572,#2574);
#2576=EDGE_CURVE('',#2571,#2563,#2575,.T.);
#2577=ORIENTED_EDGE('',*,*,#2576,.F.);
#2578=CARTESIAN_POINT('',(509.020305576,565.074694227,26.075380546));
#2579=DIRECTION('',(0.999847695,-0.017452406,0.));
#2580=VECTOR('',#2579,6.);
#2581=LINE('',#2578,#2580);
#2582=EDGE_CURVE('',#2521,#2571,#2581,.T.);
#2583=ORIENTED_EDGE('',*,*,#2582,.F.);
#2584=EDGE_LOOP('',(#2529,#2537,#2545,#2553,#2561,#2569,#2577,#2583));
#2585=FACE_BOUND('',#2584,.T.);
#2586=ADVANCED_FACE('',(#2459,#2479,#2499,#2519,#2585),#2455,.F.);
#2587=CARTESIAN_POINT('',(498.399839699,509.848229884,17.518522098));
#2588=DIRECTION('',(1.,-0.,0.));
#2589=DIRECTION('',(-0.,0.,1.));
#2590=AXIS2_PLACEMENT_3D('',#2587,#2588,#2589);
#2591=PLANE('',#2590);
#2592=CARTESIAN_POINT('',(498.399839699,491.848229884,-1.481477902));
#2593=VERTEX_POINT('',#2592);
#2594=CARTESIAN_POINT('',(498.399839699,527.848229884,-1.481477902));
#2595=VERTEX_POINT('',#2594);
#2596=CARTESIAN_POINT('',(498.399839699,491.848229884,-1.481477902));
#2597=DIRECTION('',(-0.,1.,-0.));
#2598=VECTOR('',#2597,36.);
#2599=LINE('',#2596,#2598);
#2600=EDGE_CURVE('',#2593,#2595,#2599,.T.);
#2601=ORIENTED_EDGE('',*,*,#2600,.F.);
#2602=CARTESIAN_POINT('',(498.399839699,491.848229884,15.018522098));
#2603=VERTEX_POINT('',#2602);
#2604=CARTESIAN_POINT('',(498.399839699,491.848229884,15.018522098));
#2605=DIRECTION('',(0.,-0.,-1.));
#2606=VECTOR('',#2605,16.5);
#2607=LINE('',#2604,#2606);
#2608=EDGE_CURVE('',#2603,#2593,#2607,.T.);
#2609=ORIENTED_EDGE('',*,*,#2608,.F.);
#2610=CARTESIAN_POINT('',(498.399839699,527.848229884,15.018522098));
#2611=VERTEX_POINT('',#2610);
#2612=CARTESIAN_POINT('',(498.399839699,527.848229884,15.018522098));
#2613=DIRECTION('',(0.,-1.,0.));
#2614=VECTOR('',#2613,36.);
#2615=LINE('',#2612,#2614);
#2616=EDGE_CURVE('',#2611,#2603,#2615,.T.);
#2617=ORIENTED_EDGE('',*,*,#2616,.F.);
#2618=CARTESIAN_POINT('',(498.399839699,527.848229884,-1.481477902));
#2619=DIRECTION('',(-0.,0.,1.));
#2620=VECTOR('',#2619,16.5);
#2621=LINE('',#2618,#2620);
#2622=EDGE_CURVE('',#2595,#2611,#2621,.T.);
#2623=ORIENTED_EDGE('',*,*,#2622,.F.);
#2624=EDGE_LOOP('',(#2601,#2609,#2617,#2623));
#2625=FACE_BOUND('',#2624,.T.);
#2626=CARTESIAN_POINT('',(498.399839699,530.848229884,-5.981477902));
#2627=VERTEX_POINT('',#2626);
#2628=CARTESIAN_POINT('',(498.399839699,530.848229884,15.518522098));
#2629=VERTEX_POINT('',#2628);
#2630=CARTESIAN_POINT('',(498.399839699,530.848229884,-5.981477902));
#2631=DIRECTION('',(-0.,0.,1.));
#2632=VECTOR('',#2631,21.5);
#2633=LINE('',#2630,#2632);
#2634=EDGE_CURVE('',#2627,#2629,#2633,.T.);
#2635=ORIENTED_EDGE('',*,*,#2634,.T.);
#2636=CARTESIAN_POINT('',(498.399839699,488.848229884,15.518522098));
#2637=VERTEX_POINT('',#2636);
#2638=CARTESIAN_POINT('',(498.399839699,530.848229884,15.518522098));
#2639=DIRECTION('',(-0.,-1.,0.));
#2640=VECTOR('',#2639,42.);
#2641=LINE('',#2638,#2640);
#2642=EDGE_CURVE('',#2629,#2637,#2641,.T.);
#2643=ORIENTED_EDGE('',*,*,#2642,.T.);
#2644=CARTESIAN_POINT('',(498.399839699,488.848229884,-5.981477902));
#2645=VERTEX_POINT('',#2644);
#2646=CARTESIAN_POINT('',(498.399839699,488.848229884,15.518522098));
#2647=DIRECTION('',(0.,-0.,-1.));
#2648=VECTOR('',#2647,21.5);
#2649=LINE('',#2646,#2648);
#2650=EDGE_CURVE('',#2637,#2645,#2649,.T.);
#2651=ORIENTED_EDGE('',*,*,#2650,.T.);
#2652=CARTESIAN_POINT('',(498.399839699,530.848229884,-5.981477902));
#2653=DIRECTION('',(-0.,-1.,0.));
#2654=VECTOR('',#2653,42.);
#2655=LINE('',#2652,#2654);
#2656=EDGE_CURVE('',#2627,#2645,#2655,.T.);
#2657=ORIENTED_EDGE('',*,*,#2656,.F.);
#2658=EDGE_LOOP('',(#2635,#2643,#2651,#2657));
#2659=FACE_BOUND('',#2658,.T.);
#2660=ADVANCED_FACE('',(#2625,#2659),#2591,.T.);
#2661=CARTESIAN_POINT('',(526.399839699,537.848229884,17.518522098));
#2662=DIRECTION('',(-0.,-1.,0.));
#2663=DIRECTION('',(-0.,0.,1.));
#2664=AXIS2_PLACEMENT_3D('',#2661,#2662,#2663);
#2665=PLANE('',#2664);
#2666=CARTESIAN_POINT('',(547.399839699,537.848229884,-5.981477902));
#2667=VERTEX_POINT('',#2666);
#2668=CARTESIAN_POINT('',(547.399839699,537.848229884,15.518522098));
#2669=VERTEX_POINT('',#2668);
#2670=CARTESIAN_POINT('',(547.399839699,537.848229884,-5.981477902));
#2671=DIRECTION('',(-0.,0.,1.));
#2672=VECTOR('',#2671,21.5);
#2673=LINE('',#2670,#2672);
#2674=EDGE_CURVE('',#2667,#2669,#2673,.T.);
#2675=ORIENTED_EDGE('',*,*,#2674,.T.);
#2676=CARTESIAN_POINT('',(505.399839699,537.848229884,15.518522098));
#2677=VERTEX_POINT('',#2676);
#2678=CARTESIAN_POINT('',(547.399839699,537.848229884,15.518522098));
#2679=DIRECTION('',(-1.,0.,-0.));
#2680=VECTOR('',#2679,42.);
#2681=LINE('',#2678,#2680);
#2682=EDGE_CURVE('',#2669,#2677,#2681,.T.);
#2683=ORIENTED_EDGE('',*,*,#2682,.T.);
#2684=CARTESIAN_POINT('',(505.399839699,537.848229884,-5.981477902));
#2685=VERTEX_POINT('',#2684);
#2686=CARTESIAN_POINT('',(505.399839699,537.848229884,15.518522098));
#2687=DIRECTION('',(0.,-0.,-1.));
#2688=VECTOR('',#2687,21.5);
#2689=LINE('',#2686,#2688);
#2690=EDGE_CURVE('',#2677,#2685,#2689,.T.);
#2691=ORIENTED_EDGE('',*,*,#2690,.T.);
#2692=CARTESIAN_POINT('',(547.399839699,537.848229884,-5.981477902));
#2693=DIRECTION('',(-1.,0.,-0.));
#2694=VECTOR('',#2693,42.);
#2695=LINE('',#2692,#2694);
#2696=EDGE_CURVE('',#2667,#2685,#2695,.T.);
#2697=ORIENTED_EDGE('',*,*,#2696,.F.);
#2698=EDGE_LOOP('',(#2675,#2683,#2691,#2697));
#2699=FACE_BOUND('',#2698,.T.);
#2700=ADVANCED_FACE('',(#2699),#2665,.T.);
#2701=CARTESIAN_POINT('',(554.399839699,509.848229884,17.518522098));
#2702=DIRECTION('',(-1.,-0.,-0.));
#2703=DIRECTION('',(0.,-1.,0.));
#2704=AXIS2_PLACEMENT_3D('',#2701,#2702,#2703);
#2705=PLANE('',#2704);
#2706=CARTESIAN_POINT('',(554.399839699,488.848229884,-5.981477902));
#2707=VERTEX_POINT('',#2706);
#2708=CARTESIAN_POINT('',(554.399839699,488.848229884,15.518522098));
#2709=VERTEX_POINT('',#2708);
#2710=CARTESIAN_POINT('',(554.399839699,488.848229884,-5.981477902));
#2711=DIRECTION('',(-0.,0.,1.));
#2712=VECTOR('',#2711,21.5);
#2713=LINE('',#2710,#2712);
#2714=EDGE_CURVE('',#2707,#2709,#2713,.T.);
#2715=ORIENTED_EDGE('',*,*,#2714,.T.);
#2716=CARTESIAN_POINT('',(554.399839699,530.848229884,15.518522098));
#2717=VERTEX_POINT('',#2716);
#2718=CARTESIAN_POINT('',(554.399839699,488.848229884,15.518522098));
#2719=DIRECTION('',(-0.,1.,-0.));
#2720=VECTOR('',#2719,42.);
#2721=LINE('',#2718,#2720);
#2722=EDGE_CURVE('',#2709,#2717,#2721,.T.);
#2723=ORIENTED_EDGE('',*,*,#2722,.T.);
#2724=CARTESIAN_POINT('',(554.399839699,530.848229884,-5.981477902));
#2725=VERTEX_POINT('',#2724);
#2726=CARTESIAN_POINT('',(554.399839699,530.848229884,15.518522098));
#2727=DIRECTION('',(0.,-0.,-1.));
#2728=VECTOR('',#2727,21.5);
#2729=LINE('',#2726,#2728);
#2730=EDGE_CURVE('',#2717,#2725,#2729,.T.);
#2731=ORIENTED_EDGE('',*,*,#2730,.T.);
#2732=CARTESIAN_POINT('',(554.399839699,488.848229884,-5.981477902));
#2733=DIRECTION('',(-0.,1.,-0.));
#2734=VECTOR('',#2733,42.);
#2735=LINE('',#2732,#2734);
#2736=EDGE_CURVE('',#2707,#2725,#2735,.T.);
#2737=ORIENTED_EDGE('',*,*,#2736,.F.);
#2738=EDGE_LOOP('',(#2715,#2723,#2731,#2737));
#2739=FACE_BOUND('',#2738,.T.);
#2740=ADVANCED_FACE('',(#2739),#2705,.T.);
#2741=CARTESIAN_POINT('',(526.399839699,481.848229884,17.518522098));
#2742=DIRECTION('',(0.,1.,-0.));
#2743=DIRECTION('',(0.,-0.,-1.));
#2744=AXIS2_PLACEMENT_3D('',#2741,#2742,#2743);
#2745=PLANE('',#2744);
#2746=CARTESIAN_POINT('',(505.399839699,481.848229884,-5.981477902));
#2747=VERTEX_POINT('',#2746);
#2748=CARTESIAN_POINT('',(505.399839699,481.848229884,15.518522098));
#2749=VERTEX_POINT('',#2748);
#2750=CARTESIAN_POINT('',(505.399839699,481.848229884,-5.981477902));
#2751=DIRECTION('',(-0.,0.,1.));
#2752=VECTOR('',#2751,21.5);
#2753=LINE('',#2750,#2752);
#2754=EDGE_CURVE('',#2747,#2749,#2753,.T.);
#2755=ORIENTED_EDGE('',*,*,#2754,.T.);
#2756=CARTESIAN_POINT('',(547.399839699,481.848229884,15.518522098));
#2757=VERTEX_POINT('',#2756);
#2758=CARTESIAN_POINT('',(505.399839699,481.848229884,15.518522098));
#2759=DIRECTION('',(1.,-0.,0.));
#2760=VECTOR('',#2759,42.);
#2761=LINE('',#2758,#2760);
#2762=EDGE_CURVE('',#2749,#2757,#2761,.T.);
#2763=ORIENTED_EDGE('',*,*,#2762,.T.);
#2764=CARTESIAN_POINT('',(547.399839699,481.848229884,-5.981477902));
#2765=VERTEX_POINT('',#2764);
#2766=CARTESIAN_POINT('',(547.399839699,481.848229884,15.518522098));
#2767=DIRECTION('',(0.,-0.,-1.));
#2768=VECTOR('',#2767,21.5);
#2769=LINE('',#2766,#2768);
#2770=EDGE_CURVE('',#2757,#2765,#2769,.T.);
#2771=ORIENTED_EDGE('',*,*,#2770,.T.);
#2772=CARTESIAN_POINT('',(505.399839699,481.848229884,-5.981477902));
#2773=DIRECTION('',(1.,-0.,0.));
#2774=VECTOR('',#2773,42.);
#2775=LINE('',#2772,#2774);
#2776=EDGE_CURVE('',#2747,#2765,#2775,.T.);
#2777=ORIENTED_EDGE('',*,*,#2776,.F.);
#2778=EDGE_LOOP('',(#2755,#2763,#2771,#2777));
#2779=FACE_BOUND('',#2778,.T.);
#2780=ADVANCED_FACE('',(#2779),#2745,.T.);
#2781=CARTESIAN_POINT('',(505.399839699,530.848229884,17.518522098));
#2782=DIRECTION('',(-0.,0.,1.));
#2783=DIRECTION('',(-1.,0.,-0.));
#2784=AXIS2_PLACEMENT_3D('',#2781,#2782,#2783);
#2785=CYLINDRICAL_SURFACE('',#2784,7.);
#2786=CARTESIAN_POINT('',(505.399839699,530.848229884,15.518522098));
#2787=DIRECTION('',(0.,-0.,-1.));
#2788=DIRECTION('',(-0.,-1.,0.));
#2789=AXIS2_PLACEMENT_3D('',#2786,#2787,#2788);
#2790=CIRCLE('',#2789,7.);
#2791=EDGE_CURVE('',#2629,#2677,#2790,.T.);
#2792=ORIENTED_EDGE('',*,*,#2791,.F.);
#2793=ORIENTED_EDGE('',*,*,#2634,.F.);
#2794=CARTESIAN_POINT('',(505.399839699,530.848229884,-5.981477902));
#2795=DIRECTION('',(-0.,0.,1.));
#2796=DIRECTION('',(-1.,0.,-0.));
#2797=AXIS2_PLACEMENT_3D('',#2794,#2795,#2796);
#2798=CIRCLE('',#2797,7.);
#2799=EDGE_CURVE('',#2685,#2627,#2798,.T.);
#2800=ORIENTED_EDGE('',*,*,#2799,.F.);
#2801=ORIENTED_EDGE('',*,*,#2690,.F.);
#2802=EDGE_LOOP('',(#2792,#2793,#2800,#2801));
#2803=FACE_BOUND('',#2802,.T.);
#2804=ADVANCED_FACE('',(#2803),#2785,.F.);
#2805=CARTESIAN_POINT('',(505.399839699,488.848229884,17.518522098));
#2806=DIRECTION('',(-0.,0.,1.));
#2807=DIRECTION('',(-1.,0.,-0.));
#2808=AXIS2_PLACEMENT_3D('',#2805,#2806,#2807);
#2809=CYLINDRICAL_SURFACE('',#2808,7.);
#2810=CARTESIAN_POINT('',(505.399839699,488.848229884,15.518522098));
#2811=DIRECTION('',(0.,-0.,-1.));
#2812=DIRECTION('',(-0.,-1.,0.));
#2813=AXIS2_PLACEMENT_3D('',#2810,#2811,#2812);
#2814=CIRCLE('',#2813,7.);
#2815=EDGE_CURVE('',#2749,#2637,#2814,.T.);
#2816=ORIENTED_EDGE('',*,*,#2815,.F.);
#2817=ORIENTED_EDGE('',*,*,#2754,.F.);
#2818=CARTESIAN_POINT('',(505.399839699,488.848229884,-5.981477902));
#2819=DIRECTION('',(-0.,0.,1.));
#2820=DIRECTION('',(-1.,0.,-0.));
#2821=AXIS2_PLACEMENT_3D('',#2818,#2819,#2820);
#2822=CIRCLE('',#2821,7.);
#2823=EDGE_CURVE('',#2645,#2747,#2822,.T.);
#2824=ORIENTED_EDGE('',*,*,#2823,.F.);
#2825=ORIENTED_EDGE('',*,*,#2650,.F.);
#2826=EDGE_LOOP('',(#2816,#2817,#2824,#2825));
#2827=FACE_BOUND('',#2826,.T.);
#2828=ADVANCED_FACE('',(#2827),#2809,.F.);
#2829=CARTESIAN_POINT('',(547.399839699,488.848229884,17.518522098));
#2830=DIRECTION('',(-0.,0.,1.));
#2831=DIRECTION('',(-1.,0.,-0.));
#2832=AXIS2_PLACEMENT_3D('',#2829,#2830,#2831);
#2833=CYLINDRICAL_SURFACE('',#2832,7.);
#2834=CARTESIAN_POINT('',(547.399839699,488.848229884,15.518522098));
#2835=DIRECTION('',(0.,-0.,-1.));
#2836=DIRECTION('',(-0.,-1.,0.));
#2837=AXIS2_PLACEMENT_3D('',#2834,#2835,#2836);
#2838=CIRCLE('',#2837,7.);
#2839=EDGE_CURVE('',#2709,#2757,#2838,.T.);
#2840=ORIENTED_EDGE('',*,*,#2839,.F.);
#2841=ORIENTED_EDGE('',*,*,#2714,.F.);
#2842=CARTESIAN_POINT('',(547.399839699,488.848229884,-5.981477902));
#2843=DIRECTION('',(-0.,0.,1.));
#2844=DIRECTION('',(-1.,0.,-0.));
#2845=AXIS2_PLACEMENT_3D('',#2842,#2843,#2844);
#2846=CIRCLE('',#2845,7.);
#2847=EDGE_CURVE('',#2765,#2707,#2846,.T.);
#2848=ORIENTED_EDGE('',*,*,#2847,.F.);
#2849=ORIENTED_EDGE('',*,*,#2770,.F.);
#2850=EDGE_LOOP('',(#2840,#2841,#2848,#2849));
#2851=FACE_BOUND('',#2850,.T.);
#2852=ADVANCED_FACE('',(#2851),#2833,.F.);
#2853=CARTESIAN_POINT('',(547.399839699,530.848229884,17.518522098));
#2854=DIRECTION('',(-0.,0.,1.));
#2855=DIRECTION('',(-1.,0.,-0.));
#2856=AXIS2_PLACEMENT_3D('',#2853,#2854,#2855);
#2857=CYLINDRICAL_SURFACE('',#2856,7.);
#2858=CARTESIAN_POINT('',(547.399839699,530.848229884,15.518522098));
#2859=DIRECTION('',(0.,-0.,-1.));
#2860=DIRECTION('',(-0.,-1.,0.));
#2861=AXIS2_PLACEMENT_3D('',#2858,#2859,#2860);
#2862=CIRCLE('',#2861,7.);
#2863=EDGE_CURVE('',#2669,#2717,#2862,.T.);
#2864=ORIENTED_EDGE('',*,*,#2863,.F.);
#2865=ORIENTED_EDGE('',*,*,#2674,.F.);
#2866=CARTESIAN_POINT('',(547.399839699,530.848229884,-5.981477902));
#2867=DIRECTION('',(-0.,0.,1.));
#2868=DIRECTION('',(-1.,0.,-0.));
#2869=AXIS2_PLACEMENT_3D('',#2866,#2867,#2868);
#2870=CIRCLE('',#2869,7.);
#2871=EDGE_CURVE('',#2725,#2667,#2870,.T.);
#2872=ORIENTED_EDGE('',*,*,#2871,.F.);
#2873=ORIENTED_EDGE('',*,*,#2730,.F.);
#2874=EDGE_LOOP('',(#2864,#2865,#2872,#2873));
#2875=FACE_BOUND('',#2874,.T.);
#2876=ADVANCED_FACE('',(#2875),#2857,.F.);
#2877=CARTESIAN_POINT('',(496.399839699,509.848229884,17.518522098));
#2878=DIRECTION('',(1.,0.,0.));
#2879=DIRECTION('',(-0.,1.,-0.));
#2880=AXIS2_PLACEMENT_3D('',#2877,#2878,#2879);
#2881=PLANE('',#2880);
#2882=CARTESIAN_POINT('',(496.399839699,491.848229884,15.018522098));
#2883=VERTEX_POINT('',#2882);
#2884=CARTESIAN_POINT('',(496.399839699,491.848229884,-1.481477902));
#2885=VERTEX_POINT('',#2884);
#2886=CARTESIAN_POINT('',(496.399839699,491.848229884,15.018522098));
#2887=DIRECTION('',(0.,-0.,-1.));
#2888=VECTOR('',#2887,16.5);
#2889=LINE('',#2886,#2888);
#2890=EDGE_CURVE('',#2883,#2885,#2889,.T.);
#2891=ORIENTED_EDGE('',*,*,#2890,.T.);
#2892=CARTESIAN_POINT('',(496.399839699,527.848229884,-1.481477902));
#2893=VERTEX_POINT('',#2892);
#2894=CARTESIAN_POINT('',(496.399839699,491.848229884,-1.481477902));
#2895=DIRECTION('',(-0.,1.,-0.));
#2896=VECTOR('',#2895,36.);
#2897=LINE('',#2894,#2896);
#2898=EDGE_CURVE('',#2885,#2893,#2897,.T.);
#2899=ORIENTED_EDGE('',*,*,#2898,.T.);
#2900=CARTESIAN_POINT('',(496.399839699,527.848229884,15.018522098));
#2901=VERTEX_POINT('',#2900);
#2902=CARTESIAN_POINT('',(496.399839699,527.848229884,-1.481477902));
#2903=DIRECTION('',(-0.,0.,1.));
#2904=VECTOR('',#2903,16.5);
#2905=LINE('',#2902,#2904);
#2906=EDGE_CURVE('',#2893,#2901,#2905,.T.);
#2907=ORIENTED_EDGE('',*,*,#2906,.T.);
#2908=CARTESIAN_POINT('',(496.399839699,527.848229884,15.018522098));
#2909=DIRECTION('',(0.,-1.,0.));
#2910=VECTOR('',#2909,36.);
#2911=LINE('',#2908,#2910);
#2912=EDGE_CURVE('',#2901,#2883,#2911,.T.);
#2913=ORIENTED_EDGE('',*,*,#2912,.T.);
#2914=EDGE_LOOP('',(#2891,#2899,#2907,#2913));
#2915=FACE_BOUND('',#2914,.T.);
#2916=CARTESIAN_POINT('',(496.399839699,480.848229884,-3.97603682));
#2917=VERTEX_POINT('',#2916);
#2918=CARTESIAN_POINT('',(496.399839699,538.848229884,-3.97603682));
#2919=VERTEX_POINT('',#2918);
#2920=CARTESIAN_POINT('',(496.399839699,480.848229884,-3.97603682));
#2921=DIRECTION('',(-0.,1.,-0.));
#2922=VECTOR('',#2921,58.);
#2923=LINE('',#2920,#2922);
#2924=EDGE_CURVE('',#2917,#2919,#2923,.T.);
#2925=ORIENTED_EDGE('',*,*,#2924,.F.);
#2926=CARTESIAN_POINT('',(496.399839699,480.848229884,15.518522098));
#2927=VERTEX_POINT('',#2926);
#2928=CARTESIAN_POINT('',(496.399839699,480.848229884,-3.97603682));
#2929=DIRECTION('',(-0.,0.,1.));
#2930=VECTOR('',#2929,19.494558918);
#2931=LINE('',#2928,#2930);
#2932=EDGE_CURVE('',#2917,#2927,#2931,.T.);
#2933=ORIENTED_EDGE('',*,*,#2932,.T.);
#2934=CARTESIAN_POINT('',(496.399839699,538.848229884,15.518522098));
#2935=VERTEX_POINT('',#2934);
#2936=CARTESIAN_POINT('',(496.399839699,480.848229884,15.518522098));
#2937=DIRECTION('',(-0.,1.,-0.));
#2938=VECTOR('',#2937,58.);
#2939=LINE('',#2936,#2938);
#2940=EDGE_CURVE('',#2927,#2935,#2939,.T.);
#2941=ORIENTED_EDGE('',*,*,#2940,.T.);
#2942=CARTESIAN_POINT('',(496.399839699,538.848229884,15.518522098));
#2943=DIRECTION('',(0.,-0.,-1.));
#2944=VECTOR('',#2943,19.494558918);
#2945=LINE('',#2942,#2944);
#2946=EDGE_CURVE('',#2935,#2919,#2945,.T.);
#2947=ORIENTED_EDGE('',*,*,#2946,.T.);
#2948=EDGE_LOOP('',(#2925,#2933,#2941,#2947));
#2949=FACE_BOUND('',#2948,.T.);
#2950=ADVANCED_FACE('',(#2915,#2949),#2881,.F.);
#2951=CARTESIAN_POINT('',(526.399839699,539.848229884,17.518522098));
#2952=DIRECTION('',(0.,-1.,0.));
#2953=DIRECTION('',(1.,0.,0.));
#2954=AXIS2_PLACEMENT_3D('',#2951,#2952,#2953);
#2955=PLANE('',#2954);
#2956=CARTESIAN_POINT('',(497.399839699,539.848229884,15.518522098));
#2957=VERTEX_POINT('',#2956);
#2958=CARTESIAN_POINT('',(555.399839699,539.848229884,15.518522098));
#2959=VERTEX_POINT('',#2958);
#2960=CARTESIAN_POINT('',(497.399839699,539.848229884,15.518522098));
#2961=DIRECTION('',(1.,0.,0.));
#2962=VECTOR('',#2961,58.);
#2963=LINE('',#2960,#2962);
#2964=EDGE_CURVE('',#2957,#2959,#2963,.T.);
#2965=ORIENTED_EDGE('',*,*,#2964,.T.);
#2966=CARTESIAN_POINT('',(555.399839699,539.848229884,-3.97603682));
#2967=VERTEX_POINT('',#2966);
#2968=CARTESIAN_POINT('',(555.399839699,539.848229884,15.518522098));
#2969=DIRECTION('',(0.,-0.,-1.));
#2970=VECTOR('',#2969,19.494558918);
#2971=LINE('',#2968,#2970);
#2972=EDGE_CURVE('',#2959,#2967,#2971,.T.);
#2973=ORIENTED_EDGE('',*,*,#2972,.T.);
#2974=CARTESIAN_POINT('',(497.399839699,539.848229884,-3.97603682));
#2975=VERTEX_POINT('',#2974);
#2976=CARTESIAN_POINT('',(497.399839699,539.848229884,-3.97603682));
#2977=DIRECTION('',(1.,0.,0.));
#2978=VECTOR('',#2977,58.);
#2979=LINE('',#2976,#2978);
#2980=EDGE_CURVE('',#2975,#2967,#2979,.T.);
#2981=ORIENTED_EDGE('',*,*,#2980,.F.);
#2982=CARTESIAN_POINT('',(497.399839699,539.848229884,-3.97603682));
#2983=DIRECTION('',(-0.,0.,1.));
#2984=VECTOR('',#2983,19.494558918);
#2985=LINE('',#2982,#2984);
#2986=EDGE_CURVE('',#2975,#2957,#2985,.T.);
#2987=ORIENTED_EDGE('',*,*,#2986,.T.);
#2988=EDGE_LOOP('',(#2965,#2973,#2981,#2987));
#2989=FACE_BOUND('',#2988,.T.);
#2990=ADVANCED_FACE('',(#2989),#2955,.F.);
#2991=CARTESIAN_POINT('',(526.399839699,479.848229884,17.518522098));
#2992=DIRECTION('',(0.,1.,-0.));
#2993=DIRECTION('',(-1.,-0.,-0.));
#2994=AXIS2_PLACEMENT_3D('',#2991,#2992,#2993);
#2995=PLANE('',#2994);
#2996=CARTESIAN_POINT('',(555.399839699,479.848229884,15.518522098));
#2997=VERTEX_POINT('',#2996);
#2998=CARTESIAN_POINT('',(497.399839699,479.848229884,15.518522098));
#2999=VERTEX_POINT('',#2998);
#3000=CARTESIAN_POINT('',(555.399839699,479.848229884,15.518522098));
#3001=DIRECTION('',(-1.,-0.,-0.));
#3002=VECTOR('',#3001,58.);
#3003=LINE('',#3000,#3002);
#3004=EDGE_CURVE('',#2997,#2999,#3003,.T.);
#3005=ORIENTED_EDGE('',*,*,#3004,.T.);
#3006=CARTESIAN_POINT('',(497.399839699,479.848229884,-3.97603682));
#3007=VERTEX_POINT('',#3006);
#3008=CARTESIAN_POINT('',(497.399839699,479.848229884,15.518522098));
#3009=DIRECTION('',(0.,-0.,-1.));
#3010=VECTOR('',#3009,19.494558918);
#3011=LINE('',#3008,#3010);
#3012=EDGE_CURVE('',#2999,#3007,#3011,.T.);
#3013=ORIENTED_EDGE('',*,*,#3012,.T.);
#3014=CARTESIAN_POINT('',(555.399839699,479.848229884,-3.97603682));
#3015=VERTEX_POINT('',#3014);
#3016=CARTESIAN_POINT('',(555.399839699,479.848229884,-3.97603682));
#3017=DIRECTION('',(-1.,-0.,-0.));
#3018=VECTOR('',#3017,58.);
#3019=LINE('',#3016,#3018);
#3020=EDGE_CURVE('',#3015,#3007,#3019,.T.);
#3021=ORIENTED_EDGE('',*,*,#3020,.F.);
#3022=CARTESIAN_POINT('',(555.399839699,479.848229884,-3.97603682));
#3023=DIRECTION('',(-0.,0.,1.));
#3024=VECTOR('',#3023,19.494558918);
#3025=LINE('',#3022,#3024);
#3026=EDGE_CURVE('',#3015,#2997,#3025,.T.);
#3027=ORIENTED_EDGE('',*,*,#3026,.T.);
#3028=EDGE_LOOP('',(#3005,#3013,#3021,#3027));
#3029=FACE_BOUND('',#3028,.T.);
#3030=ADVANCED_FACE('',(#3029),#2995,.F.);
#3031=CARTESIAN_POINT('',(556.399839699,509.848229884,17.518522098));
#3032=DIRECTION('',(-1.,-0.,-0.));
#3033=DIRECTION('',(0.,-1.,0.));
#3034=AXIS2_PLACEMENT_3D('',#3031,#3032,#3033);
#3035=PLANE('',#3034);
#3036=CARTESIAN_POINT('',(556.399839699,538.848229884,15.518522098));
#3037=VERTEX_POINT('',#3036);
#3038=CARTESIAN_POINT('',(556.399839699,480.848229884,15.518522098));
#3039=VERTEX_POINT('',#3038);
#3040=CARTESIAN_POINT('',(556.399839699,538.848229884,15.518522098));
#3041=DIRECTION('',(0.,-1.,0.));
#3042=VECTOR('',#3041,58.);
#3043=LINE('',#3040,#3042);
#3044=EDGE_CURVE('',#3037,#3039,#3043,.T.);
#3045=ORIENTED_EDGE('',*,*,#3044,.T.);
#3046=CARTESIAN_POINT('',(556.399839699,480.848229884,-3.97603682));
#3047=VERTEX_POINT('',#3046);
#3048=CARTESIAN_POINT('',(556.399839699,480.848229884,15.518522098));
#3049=DIRECTION('',(0.,-0.,-1.));
#3050=VECTOR('',#3049,19.494558918);
#3051=LINE('',#3048,#3050);
#3052=EDGE_CURVE('',#3039,#3047,#3051,.T.);
#3053=ORIENTED_EDGE('',*,*,#3052,.T.);
#3054=CARTESIAN_POINT('',(556.399839699,538.848229884,-3.97603682));
#3055=VERTEX_POINT('',#3054);
#3056=CARTESIAN_POINT('',(556.399839699,538.848229884,-3.97603682));
#3057=DIRECTION('',(0.,-1.,0.));
#3058=VECTOR('',#3057,58.);
#3059=LINE('',#3056,#3058);
#3060=EDGE_CURVE('',#3055,#3047,#3059,.T.);
#3061=ORIENTED_EDGE('',*,*,#3060,.F.);
#3062=CARTESIAN_POINT('',(556.399839699,538.848229884,-3.97603682));
#3063=DIRECTION('',(-0.,0.,1.));
#3064=VECTOR('',#3063,19.494558918);
#3065=LINE('',#3062,#3064);
#3066=EDGE_CURVE('',#3055,#3037,#3065,.T.);
#3067=ORIENTED_EDGE('',*,*,#3066,.T.);
#3068=EDGE_LOOP('',(#3045,#3053,#3061,#3067));
#3069=FACE_BOUND('',#3068,.T.);
#3070=ADVANCED_FACE('',(#3069),#3035,.F.);
#3071=CARTESIAN_POINT('',(579.699839699,509.848229884,-3.981477902));
#3072=DIRECTION('',(-1.,-0.,-0.));
#3073=DIRECTION('',(0.,-1.,0.));
#3074=AXIS2_PLACEMENT_3D('',#3071,#3072,#3073);
#3075=PLANE('',#3074);
#3076=CARTESIAN_POINT('',(579.699839699,526.848229884,-5.97603682));
#3077=VERTEX_POINT('',#3076);
#3078=CARTESIAN_POINT('',(579.699839699,526.848229884,-5.981477902));
#3079=VERTEX_POINT('',#3078);
#3080=CARTESIAN_POINT('',(579.699839699,526.848229884,-5.97603682));
#3081=DIRECTION('',(0.,-0.,-1.));
#3082=VECTOR('',#3081,0.005441082);
#3083=LINE('',#3080,#3082);
#3084=EDGE_CURVE('',#3077,#3079,#3083,.T.);
#3085=ORIENTED_EDGE('',*,*,#3084,.F.);
#3086=CARTESIAN_POINT('',(579.699839699,492.848229884,-5.97603682));
#3087=VERTEX_POINT('',#3086);
#3088=CARTESIAN_POINT('',(579.699839699,526.848229884,-5.97603682));
#3089=DIRECTION('',(0.,-1.,0.));
#3090=VECTOR('',#3089,34.);
#3091=LINE('',#3088,#3090);
#3092=EDGE_CURVE('',#3077,#3087,#3091,.T.);
#3093=ORIENTED_EDGE('',*,*,#3092,.T.);
#3094=CARTESIAN_POINT('',(579.699839699,492.848229884,-5.981477902));
#3095=VERTEX_POINT('',#3094);
#3096=CARTESIAN_POINT('',(579.699839699,492.848229884,-5.97603682));
#3097=DIRECTION('',(0.,-0.,-1.));
#3098=VECTOR('',#3097,0.005441082);
#3099=LINE('',#3096,#3098);
#3100=EDGE_CURVE('',#3087,#3095,#3099,.T.);
#3101=ORIENTED_EDGE('',*,*,#3100,.T.);
#3102=CARTESIAN_POINT('',(579.699839699,492.848229884,-5.981477902));
#3103=DIRECTION('',(-0.,1.,-0.));
#3104=VECTOR('',#3103,34.);
#3105=LINE('',#3102,#3104);
#3106=EDGE_CURVE('',#3095,#3079,#3105,.T.);
#3107=ORIENTED_EDGE('',*,*,#3106,.T.);
#3108=EDGE_LOOP('',(#3085,#3093,#3101,#3107));
#3109=FACE_BOUND('',#3108,.T.);
#3110=ADVANCED_FACE('',(#3109),#3075,.F.);
#3111=CARTESIAN_POINT('',(581.699839699,509.848229884,-3.981477902));
#3112=DIRECTION('',(-1.,-0.,-0.));
#3113=DIRECTION('',(0.,-1.,0.));
#3114=AXIS2_PLACEMENT_3D('',#3111,#3112,#3113);
#3115=PLANE('',#3114);
#3116=CARTESIAN_POINT('',(581.699839699,526.848229884,-5.97603682));
#3117=VERTEX_POINT('',#3116);
#3118=CARTESIAN_POINT('',(581.699839699,492.848229884,-5.97603682));
#3119=VERTEX_POINT('',#3118);
#3120=CARTESIAN_POINT('',(581.699839699,526.848229884,-5.97603682));
#3121=DIRECTION('',(0.,-1.,0.));
#3122=VECTOR('',#3121,34.);
#3123=LINE('',#3120,#3122);
#3124=EDGE_CURVE('',#3117,#3119,#3123,.T.);
#3125=ORIENTED_EDGE('',*,*,#3124,.F.);
#3126=CARTESIAN_POINT('',(581.699839699,526.848229884,-5.981477902));
#3127=VERTEX_POINT('',#3126);
#3128=CARTESIAN_POINT('',(581.699839699,526.848229884,-5.97603682));
#3129=DIRECTION('',(0.,-0.,-1.));
#3130=VECTOR('',#3129,0.005441082);
#3131=LINE('',#3128,#3130);
#3132=EDGE_CURVE('',#3117,#3127,#3131,.T.);
#3133=ORIENTED_EDGE('',*,*,#3132,.T.);
#3134=CARTESIAN_POINT('',(581.699839699,492.848229884,-5.981477902));
#3135=VERTEX_POINT('',#3134);
#3136=CARTESIAN_POINT('',(581.699839699,492.848229884,-5.981477902));
#3137=DIRECTION('',(-0.,1.,-0.));
#3138=VECTOR('',#3137,34.);
#3139=LINE('',#3136,#3138);
#3140=EDGE_CURVE('',#3135,#3127,#3139,.T.);
#3141=ORIENTED_EDGE('',*,*,#3140,.F.);
#3142=CARTESIAN_POINT('',(581.699839699,492.848229884,-5.97603682));
#3143=DIRECTION('',(0.,-0.,-1.));
#3144=VECTOR('',#3143,0.005441082);
#3145=LINE('',#3142,#3144);
#3146=EDGE_CURVE('',#3119,#3135,#3145,.T.);
#3147=ORIENTED_EDGE('',*,*,#3146,.F.);
#3148=EDGE_LOOP('',(#3125,#3133,#3141,#3147));
#3149=FACE_BOUND('',#3148,.T.);
#3150=ADVANCED_FACE('',(#3149),#3115,.T.);
#3151=CARTESIAN_POINT('',(589.899839699,573.848229884,-5.981477902));
#3152=DIRECTION('',(-0.,0.,1.));
#3153=DIRECTION('',(-1.,0.,-0.));
#3154=AXIS2_PLACEMENT_3D('',#3151,#3152,#3153);
#3155=PLANE('',#3154);
#3156=CARTESIAN_POINT('',(475.565348833,465.515238978,-5.981477902));
#3157=VERTEX_POINT('',#3156);
#3158=CARTESIAN_POINT('',(477.828090533,467.777980678,-5.981477902));
#3159=VERTEX_POINT('',#3158);
#3160=CARTESIAN_POINT('',(476.696719683,466.646609828,-5.981477902));
#3161=DIRECTION('',(-0.,0.,1.));
#3162=DIRECTION('',(-0.707106781,-0.707106781,0.));
#3163=AXIS2_PLACEMENT_3D('',#3160,#3161,#3162);
#3164=CIRCLE('',#3163,1.6);
#3165=EDGE_CURVE('',#3157,#3159,#3164,.T.);
#3166=ORIENTED_EDGE('',*,*,#3165,.T.);
#3167=CARTESIAN_POINT('',(476.696719683,466.646609828,-5.981477902));
#3168=DIRECTION('',(-0.,0.,1.));
#3169=DIRECTION('',(-0.707106781,-0.707106781,0.));
#3170=AXIS2_PLACEMENT_3D('',#3167,#3168,#3169);
#3171=CIRCLE('',#3170,1.6);
#3172=EDGE_CURVE('',#3159,#3157,#3171,.T.);
#3173=ORIENTED_EDGE('',*,*,#3172,.T.);
#3174=EDGE_LOOP('',(#3166,#3173));
#3175=FACE_BOUND('',#3174,.T.);
#3176=CARTESIAN_POINT('',(547.436530394,460.780161129,-5.981477902));
#3177=VERTEX_POINT('',#3176);
#3178=CARTESIAN_POINT('',(549.911404128,463.255034864,-5.981477902));
#3179=VERTEX_POINT('',#3178);
#3180=CARTESIAN_POINT('',(548.673967261,462.017597996,-5.981477902));
#3181=DIRECTION('',(-0.,0.,1.));
#3182=DIRECTION('',(-0.707106781,-0.707106781,0.));
#3183=AXIS2_PLACEMENT_3D('',#3180,#3181,#3182);
#3184=CIRCLE('',#3183,1.75);
#3185=EDGE_CURVE('',#3177,#3179,#3184,.T.);
#3186=ORIENTED_EDGE('',*,*,#3185,.T.);
#3187=CARTESIAN_POINT('',(548.673967261,462.017597996,-5.981477902));
#3188=DIRECTION('',(-0.,0.,1.));
#3189=DIRECTION('',(-0.707106781,-0.707106781,0.));
#3190=AXIS2_PLACEMENT_3D('',#3187,#3188,#3189);
#3191=CIRCLE('',#3190,1.75);
#3192=EDGE_CURVE('',#3179,#3177,#3191,.T.);
#3193=ORIENTED_EDGE('',*,*,#3192,.T.);
#3194=EDGE_LOOP('',(#3186,#3193));
#3195=FACE_BOUND('',#3194,.T.);
#3196=CARTESIAN_POINT('',(549.557850738,558.360896933,-5.981477902));
#3197=VERTEX_POINT('',#3196);
#3198=CARTESIAN_POINT('',(552.032724472,560.835770667,-5.981477902));
#3199=VERTEX_POINT('',#3198);
#3200=CARTESIAN_POINT('',(550.795287605,559.5983338,-5.981477902));
#3201=DIRECTION('',(-0.,0.,1.));
#3202=DIRECTION('',(-0.707106781,-0.707106781,0.));
#3203=AXIS2_PLACEMENT_3D('',#3200,#3201,#3202);
#3204=CIRCLE('',#3203,1.75);
#3205=EDGE_CURVE('',#3197,#3199,#3204,.T.);
#3206=ORIENTED_EDGE('',*,*,#3205,.T.);
#3207=CARTESIAN_POINT('',(550.795287605,559.5983338,-5.981477902));
#3208=DIRECTION('',(-0.,0.,1.));
#3209=DIRECTION('',(-0.707106781,-0.707106781,0.));
#3210=AXIS2_PLACEMENT_3D('',#3207,#3208,#3209);
#3211=CIRCLE('',#3210,1.75);
#3212=EDGE_CURVE('',#3199,#3197,#3211,.T.);
#3213=ORIENTED_EDGE('',*,*,#3212,.T.);
#3214=EDGE_LOOP('',(#3206,#3213));
#3215=FACE_BOUND('',#3214,.T.);
#3216=CARTESIAN_POINT('',(476.08,548.313639531,-5.981477902));
#3217=VERTEX_POINT('',#3216);
#3218=CARTESIAN_POINT('',(478.342741699,550.576381231,-5.981477902));
#3219=VERTEX_POINT('',#3218);
#3220=CARTESIAN_POINT('',(477.211370849,549.445010381,-5.981477902));
#3221=DIRECTION('',(-0.,0.,1.));
#3222=DIRECTION('',(-0.707106781,-0.707106781,0.));
#3223=AXIS2_PLACEMENT_3D('',#3220,#3221,#3222);
#3224=CIRCLE('',#3223,1.6);
#3225=EDGE_CURVE('',#3217,#3219,#3224,.T.);
#3226=ORIENTED_EDGE('',*,*,#3225,.T.);
#3227=CARTESIAN_POINT('',(477.211370849,549.445010381,-5.981477902));
#3228=DIRECTION('',(-0.,0.,1.));
#3229=DIRECTION('',(-0.707106781,-0.707106781,0.));
#3230=AXIS2_PLACEMENT_3D('',#3227,#3228,#3229);
#3231=CIRCLE('',#3230,1.6);
#3232=EDGE_CURVE('',#3219,#3217,#3231,.T.);
#3233=ORIENTED_EDGE('',*,*,#3232,.T.);
#3234=EDGE_LOOP('',(#3226,#3233));
#3235=FACE_BOUND('',#3234,.T.);
#3236=CARTESIAN_POINT('',(509.14434565,456.292735835,-5.981477902));
#3237=VERTEX_POINT('',#3236);
#3238=CARTESIAN_POINT('',(509.14434565,454.292735835,-5.981477902));
#3239=VERTEX_POINT('',#3238);
#3240=CARTESIAN_POINT('',(509.14434565,456.292735835,-5.981477902));
#3241=DIRECTION('',(-0.,-1.,0.));
#3242=VECTOR('',#3241,2.);
#3243=LINE('',#3240,#3242);
#3244=EDGE_CURVE('',#3237,#3239,#3243,.T.);
#3245=ORIENTED_EDGE('',*,*,#3244,.T.);
#3246=CARTESIAN_POINT('',(543.14434565,454.292735835,-5.981477902));
#3247=VERTEX_POINT('',#3246);
#3248=CARTESIAN_POINT('',(509.14434565,454.292735835,-5.981477902));
#3249=DIRECTION('',(1.,0.,0.));
#3250=VECTOR('',#3249,34.);
#3251=LINE('',#3248,#3250);
#3252=EDGE_CURVE('',#3239,#3247,#3251,.T.);
#3253=ORIENTED_EDGE('',*,*,#3252,.T.);
#3254=CARTESIAN_POINT('',(543.14434565,456.292735835,-5.981477902));
#3255=VERTEX_POINT('',#3254);
#3256=CARTESIAN_POINT('',(543.14434565,456.292735835,-5.981477902));
#3257=DIRECTION('',(-0.,-1.,0.));
#3258=VECTOR('',#3257,2.);
#3259=LINE('',#3256,#3258);
#3260=EDGE_CURVE('',#3255,#3247,#3259,.T.);
#3261=ORIENTED_EDGE('',*,*,#3260,.F.);
#3262=CARTESIAN_POINT('',(509.14434565,456.292735835,-5.981477902));
#3263=DIRECTION('',(1.,0.,0.));
#3264=VECTOR('',#3263,34.);
#3265=LINE('',#3262,#3264);
#3266=EDGE_CURVE('',#3237,#3255,#3265,.T.);
#3267=ORIENTED_EDGE('',*,*,#3266,.F.);
#3268=EDGE_LOOP('',(#3245,#3253,#3261,#3267));
#3269=FACE_BOUND('',#3268,.T.);
#3270=CARTESIAN_POINT('',(472.5888516,526.848229884,-5.981477902));
#3271=VERTEX_POINT('',#3270);
#3272=CARTESIAN_POINT('',(470.5888516,526.848229884,-5.981477902));
#3273=VERTEX_POINT('',#3272);
#3274=CARTESIAN_POINT('',(472.5888516,526.848229884,-5.981477902));
#3275=DIRECTION('',(-1.,0.,-0.));
#3276=VECTOR('',#3275,2.);
#3277=LINE('',#3274,#3276);
#3278=EDGE_CURVE('',#3271,#3273,#3277,.T.);
#3279=ORIENTED_EDGE('',*,*,#3278,.T.);
#3280=CARTESIAN_POINT('',(470.5888516,492.848229884,-5.981477902));
#3281=VERTEX_POINT('',#3280);
#3282=CARTESIAN_POINT('',(470.5888516,526.848229884,-5.981477902));
#3283=DIRECTION('',(0.,-1.,0.));
#3284=VECTOR('',#3283,34.);
#3285=LINE('',#3282,#3284);
#3286=EDGE_CURVE('',#3273,#3281,#3285,.T.);
#3287=ORIENTED_EDGE('',*,*,#3286,.T.);
#3288=CARTESIAN_POINT('',(472.5888516,492.848229884,-5.981477902));
#3289=VERTEX_POINT('',#3288);
#3290=CARTESIAN_POINT('',(472.5888516,492.848229884,-5.981477902));
#3291=DIRECTION('',(-1.,0.,-0.));
#3292=VECTOR('',#3291,2.);
#3293=LINE('',#3290,#3292);
#3294=EDGE_CURVE('',#3289,#3281,#3293,.T.);
#3295=ORIENTED_EDGE('',*,*,#3294,.F.);
#3296=CARTESIAN_POINT('',(472.5888516,526.848229884,-5.981477902));
#3297=DIRECTION('',(0.,-1.,0.));
#3298=VECTOR('',#3297,34.);
#3299=LINE('',#3296,#3298);
#3300=EDGE_CURVE('',#3271,#3289,#3299,.T.);
#3301=ORIENTED_EDGE('',*,*,#3300,.F.);
#3302=EDGE_LOOP('',(#3279,#3287,#3295,#3301));
#3303=FACE_BOUND('',#3302,.T.);
#3304=CARTESIAN_POINT('',(586.899839699,554.848229884,-5.981477902));
#3305=VERTEX_POINT('',#3304);
#3306=CARTESIAN_POINT('',(586.899839699,464.848229884,-5.981477902));
#3307=VERTEX_POINT('',#3306);
#3308=CARTESIAN_POINT('',(586.899839699,554.848229884,-5.981477902));
#3309=DIRECTION('',(0.,-1.,0.));
#3310=VECTOR('',#3309,90.);
#3311=LINE('',#3308,#3310);
#3312=EDGE_CURVE('',#3305,#3307,#3311,.T.);
#3313=ORIENTED_EDGE('',*,*,#3312,.T.);
#3314=CARTESIAN_POINT('',(570.899839699,448.848229884,-5.981477902));
#3315=VERTEX_POINT('',#3314);
#3316=CARTESIAN_POINT('',(570.899839699,464.848229884,-5.981477902));
#3317=DIRECTION('',(0.,-0.,-1.));
#3318=DIRECTION('',(-1.,0.,-0.));
#3319=AXIS2_PLACEMENT_3D('',#3316,#3317,#3318);
#3320=CIRCLE('',#3319,16.);
#3321=EDGE_CURVE('',#3307,#3315,#3320,.T.);
#3322=ORIENTED_EDGE('',*,*,#3321,.T.);
#3323=CARTESIAN_POINT('',(481.899839699,448.848229884,-5.981477902));
#3324=VERTEX_POINT('',#3323);
#3325=CARTESIAN_POINT('',(481.899839699,448.848229884,-5.981477902));
#3326=DIRECTION('',(1.,0.,0.));
#3327=VECTOR('',#3326,89.);
#3328=LINE('',#3325,#3327);
#3329=EDGE_CURVE('',#3324,#3315,#3328,.T.);
#3330=ORIENTED_EDGE('',*,*,#3329,.F.);
#3331=CARTESIAN_POINT('',(465.899839699,464.848229884,-5.981477902));
#3332=VERTEX_POINT('',#3331);
#3333=CARTESIAN_POINT('',(481.899839699,464.848229884,-5.981477902));
#3334=DIRECTION('',(0.,-0.,-1.));
#3335=DIRECTION('',(-1.,0.,-0.));
#3336=AXIS2_PLACEMENT_3D('',#3333,#3334,#3335);
#3337=CIRCLE('',#3336,16.);
#3338=EDGE_CURVE('',#3324,#3332,#3337,.T.);
#3339=ORIENTED_EDGE('',*,*,#3338,.T.);
#3340=CARTESIAN_POINT('',(465.899839699,554.848229884,-5.981477902));
#3341=VERTEX_POINT('',#3340);
#3342=CARTESIAN_POINT('',(465.899839699,554.848229884,-5.981477902));
#3343=DIRECTION('',(0.,-1.,0.));
#3344=VECTOR('',#3343,90.);
#3345=LINE('',#3342,#3344);
#3346=EDGE_CURVE('',#3341,#3332,#3345,.T.);
#3347=ORIENTED_EDGE('',*,*,#3346,.F.);
#3348=CARTESIAN_POINT('',(481.899839699,570.848229884,-5.981477902));
#3349=VERTEX_POINT('',#3348);
#3350=CARTESIAN_POINT('',(481.899839699,554.848229884,-5.981477902));
#3351=DIRECTION('',(0.,-0.,-1.));
#3352=DIRECTION('',(-1.,0.,-0.));
#3353=AXIS2_PLACEMENT_3D('',#3350,#3351,#3352);
#3354=CIRCLE('',#3353,16.);
#3355=EDGE_CURVE('',#3341,#3349,#3354,.T.);
#3356=ORIENTED_EDGE('',*,*,#3355,.T.);
#3357=CARTESIAN_POINT('',(570.899839699,570.848229884,-5.981477902));
#3358=VERTEX_POINT('',#3357);
#3359=CARTESIAN_POINT('',(570.899839699,570.848229884,-5.981477902));
#3360=DIRECTION('',(-1.,0.,-0.));
#3361=VECTOR('',#3360,89.);
#3362=LINE('',#3359,#3361);
#3363=EDGE_CURVE('',#3358,#3349,#3362,.T.);
#3364=ORIENTED_EDGE('',*,*,#3363,.F.);
#3365=CARTESIAN_POINT('',(570.899839699,554.848229884,-5.981477902));
#3366=DIRECTION('',(0.,-0.,-1.));
#3367=DIRECTION('',(-1.,0.,-0.));
#3368=AXIS2_PLACEMENT_3D('',#3365,#3366,#3367);
#3369=CIRCLE('',#3368,16.);
#3370=EDGE_CURVE('',#3358,#3305,#3369,.T.);
#3371=ORIENTED_EDGE('',*,*,#3370,.T.);
#3372=EDGE_LOOP('',(#3313,#3322,#3330,#3339,#3347,#3356,#3364,#3371));
#3373=FACE_BOUND('',#3372,.T.);
#3374=CARTESIAN_POINT('',(579.699839699,492.848229884,-5.981477902));
#3375=DIRECTION('',(1.,-0.,0.));
#3376=VECTOR('',#3375,2.);
#3377=LINE('',#3374,#3376);
#3378=EDGE_CURVE('',#3095,#3135,#3377,.T.);
#3379=ORIENTED_EDGE('',*,*,#3378,.T.);
#3380=ORIENTED_EDGE('',*,*,#3140,.T.);
#3381=CARTESIAN_POINT('',(579.699839699,526.848229884,-5.981477902));
#3382=DIRECTION('',(1.,-0.,0.));
#3383=VECTOR('',#3382,2.);
#3384=LINE('',#3381,#3383);
#3385=EDGE_CURVE('',#3079,#3127,#3384,.T.);
#3386=ORIENTED_EDGE('',*,*,#3385,.F.);
#3387=ORIENTED_EDGE('',*,*,#3106,.F.);
#3388=EDGE_LOOP('',(#3379,#3380,#3386,#3387));
#3389=FACE_BOUND('',#3388,.T.);
#3390=ORIENTED_EDGE('',*,*,#2656,.T.);
#3391=ORIENTED_EDGE('',*,*,#2823,.T.);
#3392=ORIENTED_EDGE('',*,*,#2776,.T.);
#3393=ORIENTED_EDGE('',*,*,#2847,.T.);
#3394=ORIENTED_EDGE('',*,*,#2736,.T.);
#3395=ORIENTED_EDGE('',*,*,#2871,.T.);
#3396=ORIENTED_EDGE('',*,*,#2696,.T.);
#3397=ORIENTED_EDGE('',*,*,#2799,.T.);
#3398=EDGE_LOOP('',(#3390,#3391,#3392,#3393,#3394,#3395,#3396,#3397));
#3399=FACE_BOUND('',#3398,.T.);
#3400=ADVANCED_FACE('',(#3175,#3195,#3215,#3235,#3269,#3303,#3373,#3389,#3399),#3155,.F.);
#3401=CARTESIAN_POINT('',(526.14434565,456.292735835,-3.981477902));
#3402=DIRECTION('',(-0.,1.,-0.));
#3403=DIRECTION('',(-1.,-0.,-0.));
#3404=AXIS2_PLACEMENT_3D('',#3401,#3402,#3403);
#3405=PLANE('',#3404);
#3406=CARTESIAN_POINT('',(543.14434565,456.292735835,-5.97603682));
#3407=VERTEX_POINT('',#3406);
#3408=CARTESIAN_POINT('',(543.14434565,456.292735835,-5.97603682));
#3409=DIRECTION('',(0.,-0.,-1.));
#3410=VECTOR('',#3409,0.005441082);
#3411=LINE('',#3408,#3410);
#3412=EDGE_CURVE('',#3407,#3255,#3411,.T.);
#3413=ORIENTED_EDGE('',*,*,#3412,.F.);
#3414=CARTESIAN_POINT('',(509.14434565,456.292735835,-5.97603682));
#3415=VERTEX_POINT('',#3414);
#3416=CARTESIAN_POINT('',(543.14434565,456.292735835,-5.97603682));
#3417=DIRECTION('',(-1.,-0.,-0.));
#3418=VECTOR('',#3417,34.);
#3419=LINE('',#3416,#3418);
#3420=EDGE_CURVE('',#3407,#3415,#3419,.T.);
#3421=ORIENTED_EDGE('',*,*,#3420,.T.);
#3422=CARTESIAN_POINT('',(509.14434565,456.292735835,-5.97603682));
#3423=DIRECTION('',(0.,-0.,-1.));
#3424=VECTOR('',#3423,0.005441082);
#3425=LINE('',#3422,#3424);
#3426=EDGE_CURVE('',#3415,#3237,#3425,.T.);
#3427=ORIENTED_EDGE('',*,*,#3426,.T.);
#3428=ORIENTED_EDGE('',*,*,#3266,.T.);
#3429=EDGE_LOOP('',(#3413,#3421,#3427,#3428));
#3430=FACE_BOUND('',#3429,.T.);
#3431=ADVANCED_FACE('',(#3430),#3405,.F.);
#3432=CARTESIAN_POINT('',(543.14434565,455.292735835,-3.981477902));
#3433=DIRECTION('',(1.,-0.,0.));
#3434=DIRECTION('',(0.,-0.,-1.));
#3435=AXIS2_PLACEMENT_3D('',#3432,#3433,#3434);
#3436=PLANE('',#3435);
#3437=CARTESIAN_POINT('',(543.14434565,454.292735835,-5.97603682));
#3438=VERTEX_POINT('',#3437);
#3439=CARTESIAN_POINT('',(543.14434565,454.292735835,-5.97603682));
#3440=DIRECTION('',(0.,-0.,-1.));
#3441=VECTOR('',#3440,0.005441082);
#3442=LINE('',#3439,#3441);
#3443=EDGE_CURVE('',#3438,#3247,#3442,.T.);
#3444=ORIENTED_EDGE('',*,*,#3443,.F.);
#3445=CARTESIAN_POINT('',(543.14434565,454.292735835,-5.97603682));
#3446=DIRECTION('',(0.,1.,-0.));
#3447=VECTOR('',#3446,2.);
#3448=LINE('',#3445,#3447);
#3449=EDGE_CURVE('',#3438,#3407,#3448,.T.);
#3450=ORIENTED_EDGE('',*,*,#3449,.T.);
#3451=ORIENTED_EDGE('',*,*,#3412,.T.);
#3452=ORIENTED_EDGE('',*,*,#3260,.T.);
#3453=EDGE_LOOP('',(#3444,#3450,#3451,#3452));
#3454=FACE_BOUND('',#3453,.T.);
#3455=ADVANCED_FACE('',(#3454),#3436,.F.);
#3456=CARTESIAN_POINT('',(509.14434565,455.292735835,-3.981477902));
#3457=DIRECTION('',(1.,-0.,0.));
#3458=DIRECTION('',(0.,-0.,-1.));
#3459=AXIS2_PLACEMENT_3D('',#3456,#3457,#3458);
#3460=PLANE('',#3459);
#3461=CARTESIAN_POINT('',(509.14434565,454.292735835,-5.97603682));
#3462=VERTEX_POINT('',#3461);
#3463=CARTESIAN_POINT('',(509.14434565,454.292735835,-5.97603682));
#3464=DIRECTION('',(0.,1.,-0.));
#3465=VECTOR('',#3464,2.);
#3466=LINE('',#3463,#3465);
#3467=EDGE_CURVE('',#3462,#3415,#3466,.T.);
#3468=ORIENTED_EDGE('',*,*,#3467,.F.);
#3469=CARTESIAN_POINT('',(509.14434565,454.292735835,-5.97603682));
#3470=DIRECTION('',(0.,-0.,-1.));
#3471=VECTOR('',#3470,0.005441082);
#3472=LINE('',#3469,#3471);
#3473=EDGE_CURVE('',#3462,#3239,#3472,.T.);
#3474=ORIENTED_EDGE('',*,*,#3473,.T.);
#3475=ORIENTED_EDGE('',*,*,#3244,.F.);
#3476=ORIENTED_EDGE('',*,*,#3426,.F.);
#3477=EDGE_LOOP('',(#3468,#3474,#3475,#3476));
#3478=FACE_BOUND('',#3477,.T.);
#3479=ADVANCED_FACE('',(#3478),#3460,.T.);
#3480=CARTESIAN_POINT('',(526.14434565,454.292735835,-3.981477902));
#3481=DIRECTION('',(-0.,1.,-0.));
#3482=DIRECTION('',(-1.,-0.,-0.));
#3483=AXIS2_PLACEMENT_3D('',#3480,#3481,#3482);
#3484=PLANE('',#3483);
#3485=CARTESIAN_POINT('',(543.14434565,454.292735835,-5.97603682));
#3486=DIRECTION('',(-1.,-0.,-0.));
#3487=VECTOR('',#3486,34.);
#3488=LINE('',#3485,#3487);
#3489=EDGE_CURVE('',#3438,#3462,#3488,.T.);
#3490=ORIENTED_EDGE('',*,*,#3489,.F.);
#3491=ORIENTED_EDGE('',*,*,#3443,.T.);
#3492=ORIENTED_EDGE('',*,*,#3252,.F.);
#3493=ORIENTED_EDGE('',*,*,#3473,.F.);
#3494=EDGE_LOOP('',(#3490,#3491,#3492,#3493));
#3495=FACE_BOUND('',#3494,.T.);
#3496=ADVANCED_FACE('',(#3495),#3484,.T.);
#3497=CARTESIAN_POINT('',(472.5888516,509.848229884,-3.981477902));
#3498=DIRECTION('',(1.,0.,0.));
#3499=DIRECTION('',(-0.,1.,-0.));
#3500=AXIS2_PLACEMENT_3D('',#3497,#3498,#3499);
#3501=PLANE('',#3500);
#3502=CARTESIAN_POINT('',(472.5888516,492.848229884,-5.97603682));
#3503=VERTEX_POINT('',#3502);
#3504=CARTESIAN_POINT('',(472.5888516,492.848229884,-5.97603682));
#3505=DIRECTION('',(0.,-0.,-1.));
#3506=VECTOR('',#3505,0.005441082);
#3507=LINE('',#3504,#3506);
#3508=EDGE_CURVE('',#3503,#3289,#3507,.T.);
#3509=ORIENTED_EDGE('',*,*,#3508,.F.);
#3510=CARTESIAN_POINT('',(472.5888516,526.848229884,-5.97603682));
#3511=VERTEX_POINT('',#3510);
#3512=CARTESIAN_POINT('',(472.5888516,492.848229884,-5.97603682));
#3513=DIRECTION('',(-0.,1.,-0.));
#3514=VECTOR('',#3513,34.);
#3515=LINE('',#3512,#3514);
#3516=EDGE_CURVE('',#3503,#3511,#3515,.T.);
#3517=ORIENTED_EDGE('',*,*,#3516,.T.);
#3518=CARTESIAN_POINT('',(472.5888516,526.848229884,-5.97603682));
#3519=DIRECTION('',(0.,-0.,-1.));
#3520=VECTOR('',#3519,0.005441082);
#3521=LINE('',#3518,#3520);
#3522=EDGE_CURVE('',#3511,#3271,#3521,.T.);
#3523=ORIENTED_EDGE('',*,*,#3522,.T.);
#3524=ORIENTED_EDGE('',*,*,#3300,.T.);
#3525=EDGE_LOOP('',(#3509,#3517,#3523,#3524));
#3526=FACE_BOUND('',#3525,.T.);
#3527=ADVANCED_FACE('',(#3526),#3501,.F.);
#3528=CARTESIAN_POINT('',(472.191362764,492.848229884,2.654033144));
#3529=DIRECTION('',(-0.,-1.,0.));
#3530=DIRECTION('',(0.,-0.,-1.));
#3531=AXIS2_PLACEMENT_3D('',#3528,#3529,#3530);
#3532=PLANE('',#3531);
#3533=CARTESIAN_POINT('',(470.5888516,492.848229884,-5.97603682));
#3534=VERTEX_POINT('',#3533);
#3535=CARTESIAN_POINT('',(470.5888516,492.848229884,-5.97603682));
#3536=DIRECTION('',(0.,-0.,-1.));
#3537=VECTOR('',#3536,0.005441082);
#3538=LINE('',#3535,#3537);
#3539=EDGE_CURVE('',#3534,#3281,#3538,.T.);
#3540=ORIENTED_EDGE('',*,*,#3539,.F.);
#3541=CARTESIAN_POINT('',(470.5888516,492.848229884,-5.97603682));
#3542=DIRECTION('',(1.,-0.,0.));
#3543=VECTOR('',#3542,2.);
#3544=LINE('',#3541,#3543);
#3545=EDGE_CURVE('',#3534,#3503,#3544,.T.);
#3546=ORIENTED_EDGE('',*,*,#3545,.T.);
#3547=ORIENTED_EDGE('',*,*,#3508,.T.);
#3548=ORIENTED_EDGE('',*,*,#3294,.T.);
#3549=EDGE_LOOP('',(#3540,#3546,#3547,#3548));
#3550=FACE_BOUND('',#3549,.T.);
#3551=ADVANCED_FACE('',(#3550),#3532,.F.);
#3552=CARTESIAN_POINT('',(471.5888516,526.848229884,-3.981477902));
#3553=DIRECTION('',(-0.,-1.,0.));
#3554=DIRECTION('',(0.,-0.,-1.));
#3555=AXIS2_PLACEMENT_3D('',#3552,#3553,#3554);
#3556=PLANE('',#3555);
#3557=CARTESIAN_POINT('',(470.5888516,526.848229884,-5.97603682));
#3558=VERTEX_POINT('',#3557);
#3559=CARTESIAN_POINT('',(470.5888516,526.848229884,-5.97603682));
#3560=DIRECTION('',(1.,-0.,0.));
#3561=VECTOR('',#3560,2.);
#3562=LINE('',#3559,#3561);
#3563=EDGE_CURVE('',#3558,#3511,#3562,.T.);
#3564=ORIENTED_EDGE('',*,*,#3563,.F.);
#3565=CARTESIAN_POINT('',(470.5888516,526.848229884,-5.97603682));
#3566=DIRECTION('',(0.,-0.,-1.));
#3567=VECTOR('',#3566,0.005441082);
#3568=LINE('',#3565,#3567);
#3569=EDGE_CURVE('',#3558,#3273,#3568,.T.);
#3570=ORIENTED_EDGE('',*,*,#3569,.T.);
#3571=ORIENTED_EDGE('',*,*,#3278,.F.);
#3572=ORIENTED_EDGE('',*,*,#3522,.F.);
#3573=EDGE_LOOP('',(#3564,#3570,#3571,#3572));
#3574=FACE_BOUND('',#3573,.T.);
#3575=ADVANCED_FACE('',(#3574),#3556,.T.);
#3576=CARTESIAN_POINT('',(470.5888516,509.848229884,-3.981477902));
#3577=DIRECTION('',(1.,0.,0.));
#3578=DIRECTION('',(-0.,1.,-0.));
#3579=AXIS2_PLACEMENT_3D('',#3576,#3577,#3578);
#3580=PLANE('',#3579);
#3581=CARTESIAN_POINT('',(470.5888516,492.848229884,-5.97603682));
#3582=DIRECTION('',(-0.,1.,-0.));
#3583=VECTOR('',#3582,34.);
#3584=LINE('',#3581,#3583);
#3585=EDGE_CURVE('',#3534,#3558,#3584,.T.);
#3586=ORIENTED_EDGE('',*,*,#3585,.F.);
#3587=ORIENTED_EDGE('',*,*,#3539,.T.);
#3588=ORIENTED_EDGE('',*,*,#3286,.F.);
#3589=ORIENTED_EDGE('',*,*,#3569,.F.);
#3590=EDGE_LOOP('',(#3586,#3587,#3588,#3589));
#3591=FACE_BOUND('',#3590,.T.);
#3592=ADVANCED_FACE('',(#3591),#3580,.T.);
#3593=CARTESIAN_POINT('',(580.699839699,492.848229884,-3.981477902));
#3594=DIRECTION('',(0.,1.,-0.));
#3595=DIRECTION('',(0.,-0.,-1.));
#3596=AXIS2_PLACEMENT_3D('',#3593,#3594,#3595);
#3597=PLANE('',#3596);
#3598=CARTESIAN_POINT('',(581.699839699,492.848229884,-5.97603682));
#3599=DIRECTION('',(-1.,0.,-0.));
#3600=VECTOR('',#3599,2.);
#3601=LINE('',#3598,#3600);
#3602=EDGE_CURVE('',#3119,#3087,#3601,.T.);
#3603=ORIENTED_EDGE('',*,*,#3602,.F.);
#3604=ORIENTED_EDGE('',*,*,#3146,.T.);
#3605=ORIENTED_EDGE('',*,*,#3378,.F.);
#3606=ORIENTED_EDGE('',*,*,#3100,.F.);
#3607=EDGE_LOOP('',(#3603,#3604,#3605,#3606));
#3608=FACE_BOUND('',#3607,.T.);
#3609=ADVANCED_FACE('',(#3608),#3597,.T.);
#3610=CARTESIAN_POINT('',(580.699839699,526.848229884,-3.981477902));
#3611=DIRECTION('',(0.,1.,-0.));
#3612=DIRECTION('',(0.,-0.,-1.));
#3613=AXIS2_PLACEMENT_3D('',#3610,#3611,#3612);
#3614=PLANE('',#3613);
#3615=ORIENTED_EDGE('',*,*,#3132,.F.);
#3616=CARTESIAN_POINT('',(581.699839699,526.848229884,-5.97603682));
#3617=DIRECTION('',(-1.,0.,-0.));
#3618=VECTOR('',#3617,2.);
#3619=LINE('',#3616,#3618);
#3620=EDGE_CURVE('',#3117,#3077,#3619,.T.);
#3621=ORIENTED_EDGE('',*,*,#3620,.T.);
#3622=ORIENTED_EDGE('',*,*,#3084,.T.);
#3623=ORIENTED_EDGE('',*,*,#3385,.T.);
#3624=EDGE_LOOP('',(#3615,#3621,#3622,#3623));
#3625=FACE_BOUND('',#3624,.T.);
#3626=ADVANCED_FACE('',(#3625),#3614,.F.);
#3627=CARTESIAN_POINT('',(465.899839699,509.848229884,-3.981477902));
#3628=DIRECTION('',(1.,0.,0.));
#3629=DIRECTION('',(0.,1.,-0.));
#3630=AXIS2_PLACEMENT_3D('',#3627,#3628,#3629);
#3631=PLANE('',#3630);
#3632=CARTESIAN_POINT('',(465.899839699,464.848229884,-5.97603682));
#3633=VERTEX_POINT('',#3632);
#3634=CARTESIAN_POINT('',(465.899839699,464.848229884,-5.981477902));
#3635=DIRECTION('',(-0.,0.,1.));
#3636=VECTOR('',#3635,0.005441082);
#3637=LINE('',#3634,#3636);
#3638=EDGE_CURVE('',#3332,#3633,#3637,.T.);
#3639=ORIENTED_EDGE('',*,*,#3638,.T.);
#3640=CARTESIAN_POINT('',(465.899839699,554.848229884,-5.97603682));
#3641=VERTEX_POINT('',#3640);
#3642=CARTESIAN_POINT('',(465.899839699,464.848229884,-5.97603682));
#3643=DIRECTION('',(0.,1.,-0.));
#3644=VECTOR('',#3643,90.);
#3645=LINE('',#3642,#3644);
#3646=EDGE_CURVE('',#3633,#3641,#3645,.T.);
#3647=ORIENTED_EDGE('',*,*,#3646,.T.);
#3648=CARTESIAN_POINT('',(465.899839699,554.848229884,-5.97603682));
#3649=DIRECTION('',(0.,-0.,-1.));
#3650=VECTOR('',#3649,0.005441082);
#3651=LINE('',#3648,#3650);
#3652=EDGE_CURVE('',#3641,#3341,#3651,.T.);
#3653=ORIENTED_EDGE('',*,*,#3652,.T.);
#3654=ORIENTED_EDGE('',*,*,#3346,.T.);
#3655=EDGE_LOOP('',(#3639,#3647,#3653,#3654));
#3656=FACE_BOUND('',#3655,.T.);
#3657=ADVANCED_FACE('',(#3656),#3631,.F.);
#3658=CARTESIAN_POINT('',(518.899839699,448.848229884,-3.981477902));
#3659=DIRECTION('',(0.,1.,-0.));
#3660=DIRECTION('',(-1.,-0.,-0.));
#3661=AXIS2_PLACEMENT_3D('',#3658,#3659,#3660);
#3662=PLANE('',#3661);
#3663=CARTESIAN_POINT('',(570.899839699,448.848229884,-5.97603682));
#3664=VERTEX_POINT('',#3663);
#3665=CARTESIAN_POINT('',(570.899839699,448.848229884,-5.981477902));
#3666=DIRECTION('',(-0.,0.,1.));
#3667=VECTOR('',#3666,0.005441082);
#3668=LINE('',#3665,#3667);
#3669=EDGE_CURVE('',#3315,#3664,#3668,.T.);
#3670=ORIENTED_EDGE('',*,*,#3669,.T.);
#3671=CARTESIAN_POINT('',(481.899839699,448.848229884,-5.97603682));
#3672=VERTEX_POINT('',#3671);
#3673=CARTESIAN_POINT('',(570.899839699,448.848229884,-5.97603682));
#3674=DIRECTION('',(-1.,-0.,-0.));
#3675=VECTOR('',#3674,89.);
#3676=LINE('',#3673,#3675);
#3677=EDGE_CURVE('',#3664,#3672,#3676,.T.);
#3678=ORIENTED_EDGE('',*,*,#3677,.T.);
#3679=CARTESIAN_POINT('',(481.899839699,448.848229884,-5.97603682));
#3680=DIRECTION('',(0.,-0.,-1.));
#3681=VECTOR('',#3680,0.005441082);
#3682=LINE('',#3679,#3681);
#3683=EDGE_CURVE('',#3672,#3324,#3682,.T.);
#3684=ORIENTED_EDGE('',*,*,#3683,.T.);
#3685=ORIENTED_EDGE('',*,*,#3329,.T.);
#3686=EDGE_LOOP('',(#3670,#3678,#3684,#3685));
#3687=FACE_BOUND('',#3686,.T.);
#3688=ADVANCED_FACE('',(#3687),#3662,.F.);
#3689=CARTESIAN_POINT('',(586.899839699,454.679302746,-3.981477902));
#3690=DIRECTION('',(1.,0.,0.));
#3691=DIRECTION('',(-0.,1.,-0.));
#3692=AXIS2_PLACEMENT_3D('',#3689,#3690,#3691);
#3693=PLANE('',#3692);
#3694=CARTESIAN_POINT('',(586.899839699,464.848229884,-5.97603682));
#3695=VERTEX_POINT('',#3694);
#3696=CARTESIAN_POINT('',(586.899839699,554.848229884,-5.97603682));
#3697=VERTEX_POINT('',#3696);
#3698=CARTESIAN_POINT('',(586.899839699,464.848229884,-5.97603682));
#3699=DIRECTION('',(-0.,1.,-0.));
#3700=VECTOR('',#3699,90.);
#3701=LINE('',#3698,#3700);
#3702=EDGE_CURVE('',#3695,#3697,#3701,.T.);
#3703=ORIENTED_EDGE('',*,*,#3702,.F.);
#3704=CARTESIAN_POINT('',(586.899839699,464.848229884,-5.97603682));
#3705=DIRECTION('',(0.,-0.,-1.));
#3706=VECTOR('',#3705,0.005441082);
#3707=LINE('',#3704,#3706);
#3708=EDGE_CURVE('',#3695,#3307,#3707,.T.);
#3709=ORIENTED_EDGE('',*,*,#3708,.T.);
#3710=ORIENTED_EDGE('',*,*,#3312,.F.);
#3711=CARTESIAN_POINT('',(586.899839699,554.848229884,-5.981477902));
#3712=DIRECTION('',(-0.,0.,1.));
#3713=VECTOR('',#3712,0.005441082);
#3714=LINE('',#3711,#3713);
#3715=EDGE_CURVE('',#3305,#3697,#3714,.T.);
#3716=ORIENTED_EDGE('',*,*,#3715,.T.);
#3717=EDGE_LOOP('',(#3703,#3709,#3710,#3716));
#3718=FACE_BOUND('',#3717,.T.);
#3719=ADVANCED_FACE('',(#3718),#3693,.T.);
#3720=CARTESIAN_POINT('',(577.899839699,570.848229884,-3.981477902));
#3721=DIRECTION('',(-0.,-1.,0.));
#3722=DIRECTION('',(-0.,0.,1.));
#3723=AXIS2_PLACEMENT_3D('',#3720,#3721,#3722);
#3724=PLANE('',#3723);
#3725=CARTESIAN_POINT('',(481.899839699,570.848229884,-5.97603682));
#3726=VERTEX_POINT('',#3725);
#3727=CARTESIAN_POINT('',(481.899839699,570.848229884,-5.981477902));
#3728=DIRECTION('',(-0.,0.,1.));
#3729=VECTOR('',#3728,0.005441082);
#3730=LINE('',#3727,#3729);
#3731=EDGE_CURVE('',#3349,#3726,#3730,.T.);
#3732=ORIENTED_EDGE('',*,*,#3731,.T.);
#3733=CARTESIAN_POINT('',(570.899839699,570.848229884,-5.97603682));
#3734=VERTEX_POINT('',#3733);
#3735=CARTESIAN_POINT('',(481.899839699,570.848229884,-5.97603682));
#3736=DIRECTION('',(1.,-0.,0.));
#3737=VECTOR('',#3736,89.);
#3738=LINE('',#3735,#3737);
#3739=EDGE_CURVE('',#3726,#3734,#3738,.T.);
#3740=ORIENTED_EDGE('',*,*,#3739,.T.);
#3741=CARTESIAN_POINT('',(570.899839699,570.848229884,-5.97603682));
#3742=DIRECTION('',(0.,-0.,-1.));
#3743=VECTOR('',#3742,0.005441082);
#3744=LINE('',#3741,#3743);
#3745=EDGE_CURVE('',#3734,#3358,#3744,.T.);
#3746=ORIENTED_EDGE('',*,*,#3745,.T.);
#3747=ORIENTED_EDGE('',*,*,#3363,.T.);
#3748=EDGE_LOOP('',(#3732,#3740,#3746,#3747));
#3749=FACE_BOUND('',#3748,.T.);
#3750=ADVANCED_FACE('',(#3749),#3724,.F.);
#3751=CARTESIAN_POINT('',(589.899839699,573.848229884,16.518522098));
#3752=DIRECTION('',(-0.,0.,1.));
#3753=DIRECTION('',(-1.,0.,-0.));
#3754=AXIS2_PLACEMENT_3D('',#3751,#3752,#3753);
#3755=PLANE('',#3754);
#3756=CARTESIAN_POINT('',(497.399839699,538.848229884,16.518522098));
#3757=VERTEX_POINT('',#3756);
#3758=CARTESIAN_POINT('',(497.399839699,480.848229884,16.518522098));
#3759=VERTEX_POINT('',#3758);
#3760=CARTESIAN_POINT('',(497.399839699,538.848229884,16.518522098));
#3761=DIRECTION('',(0.,-1.,0.));
#3762=VECTOR('',#3761,58.);
#3763=LINE('',#3760,#3762);
#3764=EDGE_CURVE('',#3757,#3759,#3763,.T.);
#3765=ORIENTED_EDGE('',*,*,#3764,.T.);
#3766=CARTESIAN_POINT('',(555.399839699,480.848229884,16.518522098));
#3767=VERTEX_POINT('',#3766);
#3768=CARTESIAN_POINT('',(497.399839699,480.848229884,16.518522098));
#3769=DIRECTION('',(1.,0.,0.));
#3770=VECTOR('',#3769,58.);
#3771=LINE('',#3768,#3770);
#3772=EDGE_CURVE('',#3759,#3767,#3771,.T.);
#3773=ORIENTED_EDGE('',*,*,#3772,.T.);
#3774=CARTESIAN_POINT('',(555.399839699,538.848229884,16.518522098));
#3775=VERTEX_POINT('',#3774);
#3776=CARTESIAN_POINT('',(555.399839699,480.848229884,16.518522098));
#3777=DIRECTION('',(-0.,1.,-0.));
#3778=VECTOR('',#3777,58.);
#3779=LINE('',#3776,#3778);
#3780=EDGE_CURVE('',#3767,#3775,#3779,.T.);
#3781=ORIENTED_EDGE('',*,*,#3780,.T.);
#3782=CARTESIAN_POINT('',(555.399839699,538.848229884,16.518522098));
#3783=DIRECTION('',(-1.,-0.,-0.));
#3784=VECTOR('',#3783,58.);
#3785=LINE('',#3782,#3784);
#3786=EDGE_CURVE('',#3775,#3757,#3785,.T.);
#3787=ORIENTED_EDGE('',*,*,#3786,.T.);
#3788=EDGE_LOOP('',(#3765,#3773,#3781,#3787));
#3789=FACE_BOUND('',#3788,.T.);
#3790=CARTESIAN_POINT('',(503.955295383,531.579839735,16.518522098));
#3791=VERTEX_POINT('',#3790);
#3792=CARTESIAN_POINT('',(505.355295383,530.179839735,16.518522098));
#3793=VERTEX_POINT('',#3792);
#3794=CARTESIAN_POINT('',(505.355295383,531.579839735,16.518522098));
#3795=DIRECTION('',(-0.,0.,1.));
#3796=DIRECTION('',(-0.,-1.,0.));
#3797=AXIS2_PLACEMENT_3D('',#3794,#3795,#3796);
#3798=CIRCLE('',#3797,1.4);
#3799=EDGE_CURVE('',#3791,#3793,#3798,.T.);
#3800=ORIENTED_EDGE('',*,*,#3799,.F.);
#3801=CARTESIAN_POINT('',(505.355295383,531.579839735,16.518522098));
#3802=DIRECTION('',(-0.,0.,1.));
#3803=DIRECTION('',(-0.,-1.,0.));
#3804=AXIS2_PLACEMENT_3D('',#3801,#3802,#3803);
#3805=CIRCLE('',#3804,1.4);
#3806=EDGE_CURVE('',#3793,#3791,#3805,.T.);
#3807=ORIENTED_EDGE('',*,*,#3806,.F.);
#3808=EDGE_LOOP('',(#3800,#3807));
#3809=FACE_BOUND('',#3808,.T.);
#3810=CARTESIAN_POINT('',(546.455295383,531.579839735,16.518522098));
#3811=VERTEX_POINT('',#3810);
#3812=CARTESIAN_POINT('',(547.855295383,530.179839735,16.518522098));
#3813=VERTEX_POINT('',#3812);
#3814=CARTESIAN_POINT('',(547.855295383,531.579839735,16.518522098));
#3815=DIRECTION('',(-0.,0.,1.));
#3816=DIRECTION('',(-0.,-1.,0.));
#3817=AXIS2_PLACEMENT_3D('',#3814,#3815,#3816);
#3818=CIRCLE('',#3817,1.4);
#3819=EDGE_CURVE('',#3811,#3813,#3818,.T.);
#3820=ORIENTED_EDGE('',*,*,#3819,.F.);
#3821=CARTESIAN_POINT('',(547.855295383,531.579839735,16.518522098));
#3822=DIRECTION('',(-0.,0.,1.));
#3823=DIRECTION('',(-0.,-1.,0.));
#3824=AXIS2_PLACEMENT_3D('',#3821,#3822,#3823);
#3825=CIRCLE('',#3824,1.4);
#3826=EDGE_CURVE('',#3813,#3811,#3825,.T.);
#3827=ORIENTED_EDGE('',*,*,#3826,.F.);
#3828=EDGE_LOOP('',(#3820,#3827));
#3829=FACE_BOUND('',#3828,.T.);
#3830=CARTESIAN_POINT('',(546.455295383,489.079839735,16.518522098));
#3831=VERTEX_POINT('',#3830);
#3832=CARTESIAN_POINT('',(547.855295383,487.679839735,16.518522098));
#3833=VERTEX_POINT('',#3832);
#3834=CARTESIAN_POINT('',(547.855295383,489.079839735,16.518522098));
#3835=DIRECTION('',(-0.,0.,1.));
#3836=DIRECTION('',(-0.,-1.,0.));
#3837=AXIS2_PLACEMENT_3D('',#3834,#3835,#3836);
#3838=CIRCLE('',#3837,1.4);
#3839=EDGE_CURVE('',#3831,#3833,#3838,.T.);
#3840=ORIENTED_EDGE('',*,*,#3839,.F.);
#3841=CARTESIAN_POINT('',(547.855295383,489.079839735,16.518522098));
#3842=DIRECTION('',(-0.,0.,1.));
#3843=DIRECTION('',(-0.,-1.,0.));
#3844=AXIS2_PLACEMENT_3D('',#3841,#3842,#3843);
#3845=CIRCLE('',#3844,1.4);
#3846=EDGE_CURVE('',#3833,#3831,#3845,.T.);
#3847=ORIENTED_EDGE('',*,*,#3846,.F.);
#3848=EDGE_LOOP('',(#3840,#3847));
#3849=FACE_BOUND('',#3848,.T.);
#3850=CARTESIAN_POINT('',(503.955295383,489.079839735,16.518522098));
#3851=VERTEX_POINT('',#3850);
#3852=CARTESIAN_POINT('',(505.355295383,487.679839735,16.518522098));
#3853=VERTEX_POINT('',#3852);
#3854=CARTESIAN_POINT('',(505.355295383,489.079839735,16.518522098));
#3855=DIRECTION('',(-0.,0.,1.));
#3856=DIRECTION('',(-0.,-1.,0.));
#3857=AXIS2_PLACEMENT_3D('',#3854,#3855,#3856);
#3858=CIRCLE('',#3857,1.4);
#3859=EDGE_CURVE('',#3851,#3853,#3858,.T.);
#3860=ORIENTED_EDGE('',*,*,#3859,.F.);
#3861=CARTESIAN_POINT('',(505.355295383,489.079839735,16.518522098));
#3862=DIRECTION('',(-0.,0.,1.));
#3863=DIRECTION('',(-0.,-1.,0.));
#3864=AXIS2_PLACEMENT_3D('',#3861,#3862,#3863);
#3865=CIRCLE('',#3864,1.4);
#3866=EDGE_CURVE('',#3853,#3851,#3865,.T.);
#3867=ORIENTED_EDGE('',*,*,#3866,.F.);
#3868=EDGE_LOOP('',(#3860,#3867));
#3869=FACE_BOUND('',#3868,.T.);
#3870=ADVANCED_FACE('',(#3789,#3809,#3829,#3849,#3869),#3755,.T.);
#3871=CARTESIAN_POINT('',(498.399839699,491.848229884,6.768522098));
#3872=DIRECTION('',(-0.,1.,-0.));
#3873=DIRECTION('',(-1.,-0.,-0.));
#3874=AXIS2_PLACEMENT_3D('',#3871,#3872,#3873);
#3875=PLANE('',#3874);
#3876=ORIENTED_EDGE('',*,*,#2890,.F.);
#3877=CARTESIAN_POINT('',(498.399839699,491.848229884,15.018522098));
#3878=DIRECTION('',(-1.,-0.,-0.));
#3879=VECTOR('',#3878,2.);
#3880=LINE('',#3877,#3879);
#3881=EDGE_CURVE('',#2603,#2883,#3880,.T.);
#3882=ORIENTED_EDGE('',*,*,#3881,.F.);
#3883=ORIENTED_EDGE('',*,*,#2608,.T.);
#3884=CARTESIAN_POINT('',(498.399839699,491.848229884,-1.481477902));
#3885=DIRECTION('',(-1.,-0.,-0.));
#3886=VECTOR('',#3885,2.);
#3887=LINE('',#3884,#3886);
#3888=EDGE_CURVE('',#2593,#2885,#3887,.T.);
#3889=ORIENTED_EDGE('',*,*,#3888,.T.);
#3890=EDGE_LOOP('',(#3876,#3882,#3883,#3889));
#3891=FACE_BOUND('',#3890,.T.);
#3892=ADVANCED_FACE('',(#3891),#3875,.T.);
#3893=CARTESIAN_POINT('',(498.399839699,509.848229884,15.018522098));
#3894=DIRECTION('',(0.,-0.,-1.));
#3895=DIRECTION('',(1.,-0.,0.));
#3896=AXIS2_PLACEMENT_3D('',#3893,#3894,#3895);
#3897=PLANE('',#3896);
#3898=ORIENTED_EDGE('',*,*,#2912,.F.);
#3899=CARTESIAN_POINT('',(498.399839699,527.848229884,15.018522098));
#3900=DIRECTION('',(-1.,-0.,-0.));
#3901=VECTOR('',#3900,2.);
#3902=LINE('',#3899,#3901);
#3903=EDGE_CURVE('',#2611,#2901,#3902,.T.);
#3904=ORIENTED_EDGE('',*,*,#3903,.F.);
#3905=ORIENTED_EDGE('',*,*,#2616,.T.);
#3906=ORIENTED_EDGE('',*,*,#3881,.T.);
#3907=EDGE_LOOP('',(#3898,#3904,#3905,#3906));
#3908=FACE_BOUND('',#3907,.T.);
#3909=ADVANCED_FACE('',(#3908),#3897,.T.);
#3910=CARTESIAN_POINT('',(498.399839699,527.848229884,6.768522098));
#3911=DIRECTION('',(0.,-1.,0.));
#3912=DIRECTION('',(1.,0.,0.));
#3913=AXIS2_PLACEMENT_3D('',#3910,#3911,#3912);
#3914=PLANE('',#3913);
#3915=ORIENTED_EDGE('',*,*,#2906,.F.);
#3916=CARTESIAN_POINT('',(498.399839699,527.848229884,-1.481477902));
#3917=DIRECTION('',(-1.,-0.,-0.));
#3918=VECTOR('',#3917,2.);
#3919=LINE('',#3916,#3918);
#3920=EDGE_CURVE('',#2595,#2893,#3919,.T.);
#3921=ORIENTED_EDGE('',*,*,#3920,.F.);
#3922=ORIENTED_EDGE('',*,*,#2622,.T.);
#3923=ORIENTED_EDGE('',*,*,#3903,.T.);
#3924=EDGE_LOOP('',(#3915,#3921,#3922,#3923));
#3925=FACE_BOUND('',#3924,.T.);
#3926=ADVANCED_FACE('',(#3925),#3914,.T.);
#3927=CARTESIAN_POINT('',(498.399839699,509.848229884,-1.481477902));
#3928=DIRECTION('',(-0.,0.,1.));
#3929=DIRECTION('',(-1.,0.,-0.));
#3930=AXIS2_PLACEMENT_3D('',#3927,#3928,#3929);
#3931=PLANE('',#3930);
#3932=ORIENTED_EDGE('',*,*,#2898,.F.);
#3933=ORIENTED_EDGE('',*,*,#3888,.F.);
#3934=ORIENTED_EDGE('',*,*,#2600,.T.);
#3935=ORIENTED_EDGE('',*,*,#3920,.T.);
#3936=EDGE_LOOP('',(#3932,#3933,#3934,#3935));
#3937=FACE_BOUND('',#3936,.T.);
#3938=ADVANCED_FACE('',(#3937),#3931,.T.);
#3939=CARTESIAN_POINT('',(570.899839699,554.848229884,-3.981477902));
#3940=DIRECTION('',(-0.,0.,1.));
#3941=DIRECTION('',(-1.,0.,-0.));
#3942=AXIS2_PLACEMENT_3D('',#3939,#3940,#3941);
#3943=CYLINDRICAL_SURFACE('',#3942,16.);
#3944=CARTESIAN_POINT('',(570.899839699,554.848229884,-5.97603682));
#3945=DIRECTION('',(-0.,0.,1.));
#3946=DIRECTION('',(-1.,0.,-0.));
#3947=AXIS2_PLACEMENT_3D('',#3944,#3945,#3946);
#3948=CIRCLE('',#3947,16.);
#3949=EDGE_CURVE('',#3697,#3734,#3948,.T.);
#3950=ORIENTED_EDGE('',*,*,#3949,.F.);
#3951=ORIENTED_EDGE('',*,*,#3715,.F.);
#3952=ORIENTED_EDGE('',*,*,#3370,.F.);
#3953=ORIENTED_EDGE('',*,*,#3745,.F.);
#3954=EDGE_LOOP('',(#3950,#3951,#3952,#3953));
#3955=FACE_BOUND('',#3954,.T.);
#3956=ADVANCED_FACE('',(#3955),#3943,.T.);
#3957=CARTESIAN_POINT('',(481.899839699,554.848229884,-3.981477902));
#3958=DIRECTION('',(0.,-0.,-1.));
#3959=DIRECTION('',(1.,-0.,0.));
#3960=AXIS2_PLACEMENT_3D('',#3957,#3958,#3959);
#3961=CYLINDRICAL_SURFACE('',#3960,16.);
#3962=CARTESIAN_POINT('',(481.899839699,554.848229884,-5.97603682));
#3963=DIRECTION('',(-0.,0.,1.));
#3964=DIRECTION('',(-1.,0.,-0.));
#3965=AXIS2_PLACEMENT_3D('',#3962,#3963,#3964);
#3966=CIRCLE('',#3965,16.);
#3967=EDGE_CURVE('',#3726,#3641,#3966,.T.);
#3968=ORIENTED_EDGE('',*,*,#3967,.F.);
#3969=ORIENTED_EDGE('',*,*,#3731,.F.);
#3970=ORIENTED_EDGE('',*,*,#3355,.F.);
#3971=ORIENTED_EDGE('',*,*,#3652,.F.);
#3972=EDGE_LOOP('',(#3968,#3969,#3970,#3971));
#3973=FACE_BOUND('',#3972,.T.);
#3974=ADVANCED_FACE('',(#3973),#3961,.T.);
#3975=CARTESIAN_POINT('',(481.899839699,464.848229884,-3.981477902));
#3976=DIRECTION('',(0.,-0.,-1.));
#3977=DIRECTION('',(1.,-0.,0.));
#3978=AXIS2_PLACEMENT_3D('',#3975,#3976,#3977);
#3979=CYLINDRICAL_SURFACE('',#3978,16.);
#3980=CARTESIAN_POINT('',(481.899839699,464.848229884,-5.97603682));
#3981=DIRECTION('',(-0.,0.,1.));
#3982=DIRECTION('',(-1.,0.,-0.));
#3983=AXIS2_PLACEMENT_3D('',#3980,#3981,#3982);
#3984=CIRCLE('',#3983,16.);
#3985=EDGE_CURVE('',#3633,#3672,#3984,.T.);
#3986=ORIENTED_EDGE('',*,*,#3985,.F.);
#3987=ORIENTED_EDGE('',*,*,#3638,.F.);
#3988=ORIENTED_EDGE('',*,*,#3338,.F.);
#3989=ORIENTED_EDGE('',*,*,#3683,.F.);
#3990=EDGE_LOOP('',(#3986,#3987,#3988,#3989));
#3991=FACE_BOUND('',#3990,.T.);
#3992=ADVANCED_FACE('',(#3991),#3979,.T.);
#3993=CARTESIAN_POINT('',(570.899839699,464.848229884,-3.981477902));
#3994=DIRECTION('',(-0.,0.,1.));
#3995=DIRECTION('',(-1.,0.,-0.));
#3996=AXIS2_PLACEMENT_3D('',#3993,#3994,#3995);
#3997=CYLINDRICAL_SURFACE('',#3996,16.);
#3998=CARTESIAN_POINT('',(570.899839699,464.848229884,-5.97603682));
#3999=DIRECTION('',(-0.,0.,1.));
#4000=DIRECTION('',(-1.,0.,-0.));
#4001=AXIS2_PLACEMENT_3D('',#3998,#3999,#4000);
#4002=CIRCLE('',#4001,16.);
#4003=EDGE_CURVE('',#3664,#3695,#4002,.T.);
#4004=ORIENTED_EDGE('',*,*,#4003,.F.);
#4005=ORIENTED_EDGE('',*,*,#3669,.F.);
#4006=ORIENTED_EDGE('',*,*,#3321,.F.);
#4007=ORIENTED_EDGE('',*,*,#3708,.F.);
#4008=EDGE_LOOP('',(#4004,#4005,#4006,#4007));
#4009=FACE_BOUND('',#4008,.T.);
#4010=ADVANCED_FACE('',(#4009),#3997,.T.);
#4011=CARTESIAN_POINT('',(477.211370849,549.445010381,2.233308748));
#4012=DIRECTION('',(0.,-0.,-1.));
#4013=DIRECTION('',(0.707106781,0.707106781,0.));
#4014=AXIS2_PLACEMENT_3D('',#4011,#4012,#4013);
#4015=CYLINDRICAL_SURFACE('',#4014,1.6);
#4016=CARTESIAN_POINT('',(478.342741699,550.576381231,-5.97603682));
#4017=VERTEX_POINT('',#4016);
#4018=CARTESIAN_POINT('',(478.342741699,550.576381231,-5.98202201));
#4019=DIRECTION('',(-0.,0.,1.));
#4020=VECTOR('',#4019,0.006529299);
#4021=LINE('',#4018,#4020);
#4022=EDGE_CURVE('',#3219,#4017,#4021,.T.);
#4023=ORIENTED_EDGE('',*,*,#4022,.F.);
#4024=ORIENTED_EDGE('',*,*,#3225,.F.);
#4025=ORIENTED_EDGE('',*,*,#3232,.F.);
#4026=ORIENTED_EDGE('',*,*,#4022,.T.);
#4027=CARTESIAN_POINT('',(475.611370849,549.445010381,-5.97603682));
#4028=VERTEX_POINT('',#4027);
#4029=CARTESIAN_POINT('',(477.211370849,549.445010381,-5.97603682));
#4030=DIRECTION('',(-0.,0.,1.));
#4031=DIRECTION('',(-1.,0.,-0.));
#4032=AXIS2_PLACEMENT_3D('',#4029,#4030,#4031);
#4033=CIRCLE('',#4032,1.6);
#4034=EDGE_CURVE('',#4017,#4028,#4033,.T.);
#4035=ORIENTED_EDGE('',*,*,#4034,.T.);
#4036=CARTESIAN_POINT('',(477.211370849,549.445010381,-5.97603682));
#4037=DIRECTION('',(-0.,0.,1.));
#4038=DIRECTION('',(-1.,0.,-0.));
#4039=AXIS2_PLACEMENT_3D('',#4036,#4037,#4038);
#4040=CIRCLE('',#4039,1.6);
#4041=EDGE_CURVE('',#4028,#4017,#4040,.T.);
#4042=ORIENTED_EDGE('',*,*,#4041,.T.);
#4043=EDGE_LOOP('',(#4023,#4024,#4025,#4026,#4035,#4042));
#4044=FACE_BOUND('',#4043,.T.);
#4045=ADVANCED_FACE('',(#4044),#4015,.F.);
#4046=CARTESIAN_POINT('',(550.795287605,559.5983338,79.133308748));
#4047=DIRECTION('',(0.,-0.,-1.));
#4048=DIRECTION('',(0.707106781,0.707106781,0.));
#4049=AXIS2_PLACEMENT_3D('',#4046,#4047,#4048);
#4050=CYLINDRICAL_SURFACE('',#4049,1.75);
#4051=CARTESIAN_POINT('',(552.032724472,560.835770667,-5.97603682));
#4052=VERTEX_POINT('',#4051);
#4053=CARTESIAN_POINT('',(552.032724472,560.835770667,-5.98202201));
#4054=DIRECTION('',(-0.,0.,1.));
#4055=VECTOR('',#4054,0.006529299);
#4056=LINE('',#4053,#4055);
#4057=EDGE_CURVE('',#3199,#4052,#4056,.T.);
#4058=ORIENTED_EDGE('',*,*,#4057,.F.);
#4059=ORIENTED_EDGE('',*,*,#3205,.F.);
#4060=ORIENTED_EDGE('',*,*,#3212,.F.);
#4061=ORIENTED_EDGE('',*,*,#4057,.T.);
#4062=CARTESIAN_POINT('',(549.045287605,559.5983338,-5.97603682));
#4063=VERTEX_POINT('',#4062);
#4064=CARTESIAN_POINT('',(550.795287605,559.5983338,-5.97603682));
#4065=DIRECTION('',(-0.,0.,1.));
#4066=DIRECTION('',(-1.,0.,-0.));
#4067=AXIS2_PLACEMENT_3D('',#4064,#4065,#4066);
#4068=CIRCLE('',#4067,1.75);
#4069=EDGE_CURVE('',#4052,#4063,#4068,.T.);
#4070=ORIENTED_EDGE('',*,*,#4069,.T.);
#4071=CARTESIAN_POINT('',(550.795287605,559.5983338,-5.97603682));
#4072=DIRECTION('',(-0.,0.,1.));
#4073=DIRECTION('',(-1.,0.,-0.));
#4074=AXIS2_PLACEMENT_3D('',#4071,#4072,#4073);
#4075=CIRCLE('',#4074,1.75);
#4076=EDGE_CURVE('',#4063,#4052,#4075,.T.);
#4077=ORIENTED_EDGE('',*,*,#4076,.T.);
#4078=EDGE_LOOP('',(#4058,#4059,#4060,#4061,#4070,#4077));
#4079=FACE_BOUND('',#4078,.T.);
#4080=ADVANCED_FACE('',(#4079),#4050,.F.);
#4081=CARTESIAN_POINT('',(548.673967261,462.017597996,75.433308748));
#4082=DIRECTION('',(0.,-0.,-1.));
#4083=DIRECTION('',(0.707106781,0.707106781,0.));
#4084=AXIS2_PLACEMENT_3D('',#4081,#4082,#4083);
#4085=CYLINDRICAL_SURFACE('',#4084,1.75);
#4086=CARTESIAN_POINT('',(549.911404128,463.255034864,-5.97603682));
#4087=VERTEX_POINT('',#4086);
#4088=CARTESIAN_POINT('',(549.911404128,463.255034864,-5.98202201));
#4089=DIRECTION('',(-0.,0.,1.));
#4090=VECTOR('',#4089,0.006529299);
#4091=LINE('',#4088,#4090);
#4092=EDGE_CURVE('',#3179,#4087,#4091,.T.);
#4093=ORIENTED_EDGE('',*,*,#4092,.F.);
#4094=ORIENTED_EDGE('',*,*,#3185,.F.);
#4095=ORIENTED_EDGE('',*,*,#3192,.F.);
#4096=ORIENTED_EDGE('',*,*,#4092,.T.);
#4097=CARTESIAN_POINT('',(546.923967261,462.017597996,-5.97603682));
#4098=VERTEX_POINT('',#4097);
#4099=CARTESIAN_POINT('',(548.673967261,462.017597996,-5.97603682));
#4100=DIRECTION('',(-0.,0.,1.));
#4101=DIRECTION('',(-1.,0.,-0.));
#4102=AXIS2_PLACEMENT_3D('',#4099,#4100,#4101);
#4103=CIRCLE('',#4102,1.75);
#4104=EDGE_CURVE('',#4087,#4098,#4103,.T.);
#4105=ORIENTED_EDGE('',*,*,#4104,.T.);
#4106=CARTESIAN_POINT('',(548.673967261,462.017597996,-5.97603682));
#4107=DIRECTION('',(-0.,0.,1.));
#4108=DIRECTION('',(-1.,0.,-0.));
#4109=AXIS2_PLACEMENT_3D('',#4106,#4107,#4108);
#4110=CIRCLE('',#4109,1.75);
#4111=EDGE_CURVE('',#4098,#4087,#4110,.T.);
#4112=ORIENTED_EDGE('',*,*,#4111,.T.);
#4113=EDGE_LOOP('',(#4093,#4094,#4095,#4096,#4105,#4112));
#4114=FACE_BOUND('',#4113,.T.);
#4115=ADVANCED_FACE('',(#4114),#4085,.F.);
#4116=CARTESIAN_POINT('',(476.696719683,466.646609828,79.833308748));
#4117=DIRECTION('',(0.,-0.,-1.));
#4118=DIRECTION('',(0.707106781,0.707106781,0.));
#4119=AXIS2_PLACEMENT_3D('',#4116,#4117,#4118);
#4120=CYLINDRICAL_SURFACE('',#4119,1.6);
#4121=CARTESIAN_POINT('',(477.828090533,467.777980678,-5.97603682));
#4122=VERTEX_POINT('',#4121);
#4123=CARTESIAN_POINT('',(477.828090533,467.777980678,-5.98202201));
#4124=DIRECTION('',(-0.,0.,1.));
#4125=VECTOR('',#4124,0.006529299);
#4126=LINE('',#4123,#4125);
#4127=EDGE_CURVE('',#3159,#4122,#4126,.T.);
#4128=ORIENTED_EDGE('',*,*,#4127,.F.);
#4129=ORIENTED_EDGE('',*,*,#3165,.F.);
#4130=ORIENTED_EDGE('',*,*,#3172,.F.);
#4131=ORIENTED_EDGE('',*,*,#4127,.T.);
#4132=CARTESIAN_POINT('',(475.096719683,466.646609828,-5.97603682));
#4133=VERTEX_POINT('',#4132);
#4134=CARTESIAN_POINT('',(476.696719683,466.646609828,-5.97603682));
#4135=DIRECTION('',(-0.,0.,1.));
#4136=DIRECTION('',(-1.,0.,-0.));
#4137=AXIS2_PLACEMENT_3D('',#4134,#4135,#4136);
#4138=CIRCLE('',#4137,1.6);
#4139=EDGE_CURVE('',#4122,#4133,#4138,.T.);
#4140=ORIENTED_EDGE('',*,*,#4139,.T.);
#4141=CARTESIAN_POINT('',(476.696719683,466.646609828,-5.97603682));
#4142=DIRECTION('',(-0.,0.,1.));
#4143=DIRECTION('',(-1.,0.,-0.));
#4144=AXIS2_PLACEMENT_3D('',#4141,#4142,#4143);
#4145=CIRCLE('',#4144,1.6);
#4146=EDGE_CURVE('',#4133,#4122,#4145,.T.);
#4147=ORIENTED_EDGE('',*,*,#4146,.T.);
#4148=EDGE_LOOP('',(#4128,#4129,#4130,#4131,#4140,#4147));
#4149=FACE_BOUND('',#4148,.T.);
#4150=ADVANCED_FACE('',(#4149),#4120,.F.);
#4151=CARTESIAN_POINT('',(-46.588861612,799.272305563,-5.97603682));
#4152=DIRECTION('',(0.,-0.,-1.));
#4153=DIRECTION('',(0.707106781,0.707106781,-0.));
#4154=AXIS2_PLACEMENT_3D('',#4151,#4152,#4153);
#4155=PLANE('',#4154);
#4156=ORIENTED_EDGE('',*,*,#4139,.F.);
#4157=ORIENTED_EDGE('',*,*,#4146,.F.);
#4158=EDGE_LOOP('',(#4156,#4157));
#4159=FACE_BOUND('',#4158,.T.);
#4160=ADVANCED_FACE('',(#4159),#4155,.T.);
#4161=CARTESIAN_POINT('',(-46.588861612,799.272305563,-5.97603682));
#4162=DIRECTION('',(0.,-0.,-1.));
#4163=DIRECTION('',(0.707106781,0.707106781,-0.));
#4164=AXIS2_PLACEMENT_3D('',#4161,#4162,#4163);
#4165=PLANE('',#4164);
#4166=ORIENTED_EDGE('',*,*,#4104,.F.);
#4167=ORIENTED_EDGE('',*,*,#4111,.F.);
#4168=EDGE_LOOP('',(#4166,#4167));
#4169=FACE_BOUND('',#4168,.T.);
#4170=ADVANCED_FACE('',(#4169),#4165,.T.);
#4171=CARTESIAN_POINT('',(-46.588861612,799.272305563,-5.97603682));
#4172=DIRECTION('',(0.,-0.,-1.));
#4173=DIRECTION('',(0.707106781,0.707106781,-0.));
#4174=AXIS2_PLACEMENT_3D('',#4171,#4172,#4173);
#4175=PLANE('',#4174);
#4176=ORIENTED_EDGE('',*,*,#4069,.F.);
#4177=ORIENTED_EDGE('',*,*,#4076,.F.);
#4178=EDGE_LOOP('',(#4176,#4177));
#4179=FACE_BOUND('',#4178,.T.);
#4180=ADVANCED_FACE('',(#4179),#4175,.T.);
#4181=CARTESIAN_POINT('',(-46.588861612,799.272305563,-5.97603682));
#4182=DIRECTION('',(0.,-0.,-1.));
#4183=DIRECTION('',(0.707106781,0.707106781,-0.));
#4184=AXIS2_PLACEMENT_3D('',#4181,#4182,#4183);
#4185=PLANE('',#4184);
#4186=ORIENTED_EDGE('',*,*,#4034,.F.);
#4187=ORIENTED_EDGE('',*,*,#4041,.F.);
#4188=EDGE_LOOP('',(#4186,#4187));
#4189=FACE_BOUND('',#4188,.T.);
#4190=ADVANCED_FACE('',(#4189),#4185,.T.);
#4191=CARTESIAN_POINT('',(526.167631149,509.358525276,-5.97603682));
#4192=DIRECTION('',(-0.,0.,1.));
#4193=DIRECTION('',(-0.707106781,-0.707106781,-0.));
#4194=AXIS2_PLACEMENT_3D('',#4191,#4192,#4193);
#4195=CYLINDRICAL_SURFACE('',#4194,89.5);
#4196=CARTESIAN_POINT('',(462.881574233,446.07246836,-3.97603682));
#4197=VERTEX_POINT('',#4196);
#4198=CARTESIAN_POINT('',(462.881574233,446.07246836,-5.97603682));
#4199=VERTEX_POINT('',#4198);
#4200=CARTESIAN_POINT('',(462.881574233,446.07246836,-3.97603682));
#4201=DIRECTION('',(0.,-0.,-1.));
#4202=VECTOR('',#4201,2.);
#4203=LINE('',#4200,#4202);
#4204=EDGE_CURVE('',#4197,#4199,#4203,.T.);
#4205=ORIENTED_EDGE('',*,*,#4204,.T.);
#4206=CARTESIAN_POINT('',(436.667631149,509.358525276,-5.97603682));
#4207=VERTEX_POINT('',#4206);
#4208=CARTESIAN_POINT('',(526.167631149,509.358525276,-5.97603682));
#4209=DIRECTION('',(0.,-0.,-1.));
#4210=DIRECTION('',(-1.,0.,-0.));
#4211=AXIS2_PLACEMENT_3D('',#4208,#4209,#4210);
#4212=CIRCLE('',#4211,89.5);
#4213=EDGE_CURVE('',#4207,#4199,#4212,.T.);
#4214=ORIENTED_EDGE('',*,*,#4213,.F.);
#4215=CARTESIAN_POINT('',(526.167631149,509.358525276,-5.97603682));
#4216=DIRECTION('',(0.,-0.,-1.));
#4217=DIRECTION('',(-1.,0.,-0.));
#4218=AXIS2_PLACEMENT_3D('',#4215,#4216,#4217);
#4219=CIRCLE('',#4218,89.5);
#4220=EDGE_CURVE('',#4199,#4207,#4219,.T.);
#4221=ORIENTED_EDGE('',*,*,#4220,.F.);
#4222=ORIENTED_EDGE('',*,*,#4204,.F.);
#4223=CARTESIAN_POINT('',(436.667631149,509.358525276,-3.97603682));
#4224=VERTEX_POINT('',#4223);
#4225=CARTESIAN_POINT('',(526.167631149,509.358525276,-3.97603682));
#4226=DIRECTION('',(0.,-0.,-1.));
#4227=DIRECTION('',(-1.,0.,-0.));
#4228=AXIS2_PLACEMENT_3D('',#4225,#4226,#4227);
#4229=CIRCLE('',#4228,89.5);
#4230=EDGE_CURVE('',#4197,#4224,#4229,.T.);
#4231=ORIENTED_EDGE('',*,*,#4230,.T.);
#4232=CARTESIAN_POINT('',(526.167631149,509.358525276,-3.97603682));
#4233=DIRECTION('',(0.,-0.,-1.));
#4234=DIRECTION('',(-1.,0.,-0.));
#4235=AXIS2_PLACEMENT_3D('',#4232,#4233,#4234);
#4236=CIRCLE('',#4235,89.5);
#4237=EDGE_CURVE('',#4224,#4197,#4236,.T.);
#4238=ORIENTED_EDGE('',*,*,#4237,.T.);
#4239=EDGE_LOOP('',(#4205,#4214,#4221,#4222,#4231,#4238));
#4240=FACE_BOUND('',#4239,.T.);
#4241=ADVANCED_FACE('',(#4240),#4195,.T.);
#4242=CARTESIAN_POINT('',(-46.588861612,799.272305563,-5.97603682));
#4243=DIRECTION('',(0.,-0.,-1.));
#4244=DIRECTION('',(0.707106781,0.707106781,-0.));
#4245=AXIS2_PLACEMENT_3D('',#4242,#4243,#4244);
#4246=PLANE('',#4245);
#4247=CARTESIAN_POINT('',(606.096547182,544.049934381,-5.97603682));
#4248=VERTEX_POINT('',#4247);
#4249=CARTESIAN_POINT('',(602.796547182,544.049934381,-5.97603682));
#4250=VERTEX_POINT('',#4249);
#4251=CARTESIAN_POINT('',(604.446547182,544.049934381,-5.97603682));
#4252=DIRECTION('',(0.,-0.,-1.));
#4253=DIRECTION('',(-1.,0.,-0.));
#4254=AXIS2_PLACEMENT_3D('',#4251,#4252,#4253);
#4255=CIRCLE('',#4254,1.65);
#4256=EDGE_CURVE('',#4248,#4250,#4255,.T.);
#4257=ORIENTED_EDGE('',*,*,#4256,.F.);
#4258=CARTESIAN_POINT('',(604.446547182,544.049934381,-5.97603682));
#4259=DIRECTION('',(0.,-0.,-1.));
#4260=DIRECTION('',(-1.,0.,-0.));
#4261=AXIS2_PLACEMENT_3D('',#4258,#4259,#4260);
#4262=CIRCLE('',#4261,1.65);
#4263=EDGE_CURVE('',#4250,#4248,#4262,.T.);
#4264=ORIENTED_EDGE('',*,*,#4263,.F.);
#4265=EDGE_LOOP('',(#4257,#4264));
#4266=FACE_BOUND('',#4265,.T.);
#4267=CARTESIAN_POINT('',(562.575297498,587.571184066,-5.97603682));
#4268=VERTEX_POINT('',#4267);
#4269=CARTESIAN_POINT('',(559.275297498,587.571184066,-5.97603682));
#4270=VERTEX_POINT('',#4269);
#4271=CARTESIAN_POINT('',(560.925297498,587.571184066,-5.97603682));
#4272=DIRECTION('',(0.,-0.,-1.));
#4273=DIRECTION('',(-1.,0.,-0.));
#4274=AXIS2_PLACEMENT_3D('',#4271,#4272,#4273);
#4275=CIRCLE('',#4274,1.65);
#4276=EDGE_CURVE('',#4268,#4270,#4275,.T.);
#4277=ORIENTED_EDGE('',*,*,#4276,.F.);
#4278=CARTESIAN_POINT('',(560.925297498,587.571184066,-5.97603682));
#4279=DIRECTION('',(0.,-0.,-1.));
#4280=DIRECTION('',(-1.,0.,-0.));
#4281=AXIS2_PLACEMENT_3D('',#4278,#4279,#4280);
#4282=CIRCLE('',#4281,1.65);
#4283=EDGE_CURVE('',#4270,#4268,#4282,.T.);
#4284=ORIENTED_EDGE('',*,*,#4283,.F.);
#4285=EDGE_LOOP('',(#4277,#4284));
#4286=FACE_BOUND('',#4285,.T.);
#4287=CARTESIAN_POINT('',(492.892952587,587.571184067,-5.97603682));
#4288=VERTEX_POINT('',#4287);
#4289=CARTESIAN_POINT('',(489.592952587,587.571184067,-5.97603682));
#4290=VERTEX_POINT('',#4289);
#4291=CARTESIAN_POINT('',(491.242952587,587.571184067,-5.97603682));
#4292=DIRECTION('',(0.,-0.,-1.));
#4293=DIRECTION('',(-1.,0.,-0.));
#4294=AXIS2_PLACEMENT_3D('',#4291,#4292,#4293);
#4295=CIRCLE('',#4294,1.65);
#4296=EDGE_CURVE('',#4288,#4290,#4295,.T.);
#4297=ORIENTED_EDGE('',*,*,#4296,.F.);
#4298=CARTESIAN_POINT('',(491.242952587,587.571184067,-5.97603682));
#4299=DIRECTION('',(0.,-0.,-1.));
#4300=DIRECTION('',(-1.,0.,-0.));
#4301=AXIS2_PLACEMENT_3D('',#4298,#4299,#4300);
#4302=CIRCLE('',#4301,1.65);
#4303=EDGE_CURVE('',#4290,#4288,#4302,.T.);
#4304=ORIENTED_EDGE('',*,*,#4303,.F.);
#4305=EDGE_LOOP('',(#4297,#4304));
#4306=FACE_BOUND('',#4305,.T.);
#4307=CARTESIAN_POINT('',(449.371702902,544.049934382,-5.97603682));
#4308=VERTEX_POINT('',#4307);
#4309=CARTESIAN_POINT('',(446.071702902,544.049934382,-5.97603682));
#4310=VERTEX_POINT('',#4309);
#4311=CARTESIAN_POINT('',(447.721702902,544.049934382,-5.97603682));
#4312=DIRECTION('',(0.,-0.,-1.));
#4313=DIRECTION('',(-1.,0.,-0.));
#4314=AXIS2_PLACEMENT_3D('',#4311,#4312,#4313);
#4315=CIRCLE('',#4314,1.65);
#4316=EDGE_CURVE('',#4308,#4310,#4315,.T.);
#4317=ORIENTED_EDGE('',*,*,#4316,.F.);
#4318=CARTESIAN_POINT('',(447.721702902,544.049934382,-5.97603682));
#4319=DIRECTION('',(0.,-0.,-1.));
#4320=DIRECTION('',(-1.,0.,-0.));
#4321=AXIS2_PLACEMENT_3D('',#4318,#4319,#4320);
#4322=CIRCLE('',#4321,1.65);
#4323=EDGE_CURVE('',#4310,#4308,#4322,.T.);
#4324=ORIENTED_EDGE('',*,*,#4323,.F.);
#4325=EDGE_LOOP('',(#4317,#4324));
#4326=FACE_BOUND('',#4325,.T.);
#4327=CARTESIAN_POINT('',(449.371702901,474.367589471,-5.97603682));
#4328=VERTEX_POINT('',#4327);
#4329=CARTESIAN_POINT('',(446.071702901,474.367589471,-5.97603682));
#4330=VERTEX_POINT('',#4329);
#4331=CARTESIAN_POINT('',(447.721702901,474.367589471,-5.97603682));
#4332=DIRECTION('',(0.,-0.,-1.));
#4333=DIRECTION('',(-1.,0.,-0.));
#4334=AXIS2_PLACEMENT_3D('',#4331,#4332,#4333);
#4335=CIRCLE('',#4334,1.65);
#4336=EDGE_CURVE('',#4328,#4330,#4335,.T.);
#4337=ORIENTED_EDGE('',*,*,#4336,.F.);
#4338=CARTESIAN_POINT('',(447.721702901,474.367589471,-5.97603682));
#4339=DIRECTION('',(0.,-0.,-1.));
#4340=DIRECTION('',(-1.,0.,-0.));
#4341=AXIS2_PLACEMENT_3D('',#4338,#4339,#4340);
#4342=CIRCLE('',#4341,1.65);
#4343=EDGE_CURVE('',#4330,#4328,#4342,.T.);
#4344=ORIENTED_EDGE('',*,*,#4343,.F.);
#4345=EDGE_LOOP('',(#4337,#4344));
#4346=FACE_BOUND('',#4345,.T.);
#4347=CARTESIAN_POINT('',(491.592952586,430.906339786,-5.97603682));
#4348=VERTEX_POINT('',#4347);
#4349=CARTESIAN_POINT('',(488.292952586,430.906339786,-5.97603682));
#4350=VERTEX_POINT('',#4349);
#4351=CARTESIAN_POINT('',(489.942952586,430.906339786,-5.97603682));
#4352=DIRECTION('',(0.,-0.,-1.));
#4353=DIRECTION('',(-1.,0.,-0.));
#4354=AXIS2_PLACEMENT_3D('',#4351,#4352,#4353);
#4355=CIRCLE('',#4354,1.65);
#4356=EDGE_CURVE('',#4348,#4350,#4355,.T.);
#4357=ORIENTED_EDGE('',*,*,#4356,.F.);
#4358=CARTESIAN_POINT('',(489.942952586,430.906339786,-5.97603682));
#4359=DIRECTION('',(0.,-0.,-1.));
#4360=DIRECTION('',(-1.,0.,-0.));
#4361=AXIS2_PLACEMENT_3D('',#4358,#4359,#4360);
#4362=CIRCLE('',#4361,1.65);
#4363=EDGE_CURVE('',#4350,#4348,#4362,.T.);
#4364=ORIENTED_EDGE('',*,*,#4363,.F.);
#4365=EDGE_LOOP('',(#4357,#4364));
#4366=FACE_BOUND('',#4365,.T.);
#4367=CARTESIAN_POINT('',(562.645297497,430.846339785,-5.97603682));
#4368=VERTEX_POINT('',#4367);
#4369=CARTESIAN_POINT('',(559.345297497,430.846339785,-5.97603682));
#4370=VERTEX_POINT('',#4369);
#4371=CARTESIAN_POINT('',(560.995297497,430.846339785,-5.97603682));
#4372=DIRECTION('',(0.,-0.,-1.));
#4373=DIRECTION('',(-1.,0.,-0.));
#4374=AXIS2_PLACEMENT_3D('',#4371,#4372,#4373);
#4375=CIRCLE('',#4374,1.65);
#4376=EDGE_CURVE('',#4368,#4370,#4375,.T.);
#4377=ORIENTED_EDGE('',*,*,#4376,.F.);
#4378=CARTESIAN_POINT('',(560.995297497,430.846339785,-5.97603682));
#4379=DIRECTION('',(0.,-0.,-1.));
#4380=DIRECTION('',(-1.,0.,-0.));
#4381=AXIS2_PLACEMENT_3D('',#4378,#4379,#4380);
#4382=CIRCLE('',#4381,1.65);
#4383=EDGE_CURVE('',#4370,#4368,#4382,.T.);
#4384=ORIENTED_EDGE('',*,*,#4383,.F.);
#4385=EDGE_LOOP('',(#4377,#4384));
#4386=FACE_BOUND('',#4385,.T.);
#4387=CARTESIAN_POINT('',(606.096547182,474.33758947,-5.97603682));
#4388=VERTEX_POINT('',#4387);
#4389=CARTESIAN_POINT('',(602.796547182,474.33758947,-5.97603682));
#4390=VERTEX_POINT('',#4389);
#4391=CARTESIAN_POINT('',(604.446547182,474.33758947,-5.97603682));
#4392=DIRECTION('',(0.,-0.,-1.));
#4393=DIRECTION('',(-1.,0.,-0.));
#4394=AXIS2_PLACEMENT_3D('',#4391,#4392,#4393);
#4395=CIRCLE('',#4394,1.65);
#4396=EDGE_CURVE('',#4388,#4390,#4395,.T.);
#4397=ORIENTED_EDGE('',*,*,#4396,.F.);
#4398=CARTESIAN_POINT('',(604.446547182,474.33758947,-5.97603682));
#4399=DIRECTION('',(0.,-0.,-1.));
#4400=DIRECTION('',(-1.,0.,-0.));
#4401=AXIS2_PLACEMENT_3D('',#4398,#4399,#4400);
#4402=CIRCLE('',#4401,1.65);
#4403=EDGE_CURVE('',#4390,#4388,#4402,.T.);
#4404=ORIENTED_EDGE('',*,*,#4403,.F.);
#4405=EDGE_LOOP('',(#4397,#4404));
#4406=FACE_BOUND('',#4405,.T.);
#4407=ORIENTED_EDGE('',*,*,#3739,.F.);
#4408=ORIENTED_EDGE('',*,*,#3967,.T.);
#4409=ORIENTED_EDGE('',*,*,#3646,.F.);
#4410=ORIENTED_EDGE('',*,*,#3985,.T.);
#4411=ORIENTED_EDGE('',*,*,#3677,.F.);
#4412=ORIENTED_EDGE('',*,*,#4003,.T.);
#4413=ORIENTED_EDGE('',*,*,#3702,.T.);
#4414=ORIENTED_EDGE('',*,*,#3949,.T.);
#4415=EDGE_LOOP('',(#4407,#4408,#4409,#4410,#4411,#4412,#4413,#4414));
#4416=FACE_BOUND('',#4415,.T.);
#4417=ORIENTED_EDGE('',*,*,#4213,.T.);
#4418=ORIENTED_EDGE('',*,*,#4220,.T.);
#4419=EDGE_LOOP('',(#4417,#4418));
#4420=FACE_BOUND('',#4419,.T.);
#4421=ADVANCED_FACE('',(#4266,#4286,#4306,#4326,#4346,#4366,#4386,#4406,#4416,#4420),#4246,.T.);
#4422=CARTESIAN_POINT('',(-46.588861612,799.272305563,-3.97603682));
#4423=DIRECTION('',(0.,-0.,-1.));
#4424=DIRECTION('',(0.707106781,0.707106781,-0.));
#4425=AXIS2_PLACEMENT_3D('',#4422,#4423,#4424);
#4426=PLANE('',#4425);
#4427=ORIENTED_EDGE('',*,*,#331,.F.);
#4428=ORIENTED_EDGE('',*,*,#292,.T.);
#4429=ORIENTED_EDGE('',*,*,#473,.T.);
#4430=ORIENTED_EDGE('',*,*,#817,.F.);
#4431=EDGE_LOOP('',(#4427,#4428,#4429,#4430));
#4432=FACE_BOUND('',#4431,.T.);
#4433=CARTESIAN_POINT('',(507.416577634,440.830511065,-3.97603682));
#4434=DIRECTION('',(0.999847695,-0.017452406,0.));
#4435=VECTOR('',#4434,34.);
#4436=LINE('',#4433,#4435);
#4437=EDGE_CURVE('',#1535,#1494,#4436,.T.);
#4438=ORIENTED_EDGE('',*,*,#4437,.T.);
#4439=ORIENTED_EDGE('',*,*,#1499,.F.);
#4440=ORIENTED_EDGE('',*,*,#1396,.F.);
#4441=ORIENTED_EDGE('',*,*,#1540,.T.);
#4442=EDGE_LOOP('',(#4438,#4439,#4440,#4441));
#4443=FACE_BOUND('',#4442,.T.);
#4444=ORIENTED_EDGE('',*,*,#2176,.F.);
#4445=ORIENTED_EDGE('',*,*,#2310,.T.);
#4446=ORIENTED_EDGE('',*,*,#1764,.T.);
#4447=ORIENTED_EDGE('',*,*,#2277,.F.);
#4448=EDGE_LOOP('',(#4444,#4445,#4446,#4447));
#4449=FACE_BOUND('',#4448,.T.);
#4450=ORIENTED_EDGE('',*,*,#2536,.F.);
#4451=CARTESIAN_POINT('',(509.363412818,584.731294958,-3.97603682));
#4452=VERTEX_POINT('',#4451);
#4453=CARTESIAN_POINT('',(509.323108212,582.422245614,-3.97603682));
#4454=DIRECTION('',(0.017452406,0.999847695,-0.));
#4455=VECTOR('',#4454,2.309401077);
#4456=LINE('',#4453,#4455);
#4457=EDGE_CURVE('',#2523,#4452,#4456,.T.);
#4458=ORIENTED_EDGE('',*,*,#4457,.T.);
#4459=CARTESIAN_POINT('',(543.358234453,584.137913139,-3.97603682));
#4460=VERTEX_POINT('',#4459);
#4461=CARTESIAN_POINT('',(509.363412818,584.731294958,-3.97603682));
#4462=DIRECTION('',(0.999847695,-0.017452406,0.));
#4463=VECTOR('',#4462,34.);
#4464=LINE('',#4461,#4463);
#4465=EDGE_CURVE('',#4452,#4460,#4464,.T.);
#4466=ORIENTED_EDGE('',*,*,#4465,.T.);
#4467=CARTESIAN_POINT('',(543.317929847,581.828863795,-3.97603682));
#4468=DIRECTION('',(0.017452406,0.999847695,-0.));
#4469=VECTOR('',#4468,2.309401077);
#4470=LINE('',#4467,#4469);
#4471=EDGE_CURVE('',#2531,#4460,#4470,.T.);
#4472=ORIENTED_EDGE('',*,*,#4471,.F.);
#4473=EDGE_LOOP('',(#4450,#4458,#4466,#4472));
#4474=FACE_BOUND('',#4473,.T.);
#4475=CARTESIAN_POINT('',(579.478196436,525.46007099,-3.976010902));
#4476=VERTEX_POINT('',#4475);
#4477=CARTESIAN_POINT('',(581.787597513,525.46007099,-3.976010902));
#4478=VERTEX_POINT('',#4477);
#4479=CARTESIAN_POINT('',(579.478193289,525.46007099,-3.976));
#4480=DIRECTION('',(1.,0.,0.));
#4481=VECTOR('',#4480,2.309401077);
#4482=LINE('',#4479,#4481);
#4483=EDGE_CURVE('',#4476,#4478,#4482,.T.);
#4484=ORIENTED_EDGE('',*,*,#4483,.F.);
#4485=CARTESIAN_POINT('',(579.478198603,526.86007099,-3.97601841));
#4486=VERTEX_POINT('',#4485);
#4487=CARTESIAN_POINT('',(579.478203918,526.86007099,-3.976));
#4488=DIRECTION('',(0.,-1.,0.));
#4489=VECTOR('',#4488,1.4);
#4490=LINE('',#4487,#4489);
#4491=EDGE_CURVE('',#4486,#4476,#4490,.T.);
#4492=ORIENTED_EDGE('',*,*,#4491,.F.);
#4493=CARTESIAN_POINT('',(581.787594365,526.86007099,-3.97601841));
#4494=VERTEX_POINT('',#4493);
#4495=CARTESIAN_POINT('',(579.478203918,526.86007099,-3.976));
#4496=DIRECTION('',(1.,0.,0.));
#4497=VECTOR('',#4496,2.309379819);
#4498=LINE('',#4495,#4497);
#4499=EDGE_CURVE('',#4486,#4494,#4498,.T.);
#4500=ORIENTED_EDGE('',*,*,#4499,.T.);
#4501=CARTESIAN_POINT('',(581.787604994,526.86007099,-3.976));
#4502=DIRECTION('',(0.,-1.,0.));
#4503=VECTOR('',#4502,1.4);
#4504=LINE('',#4501,#4503);
#4505=EDGE_CURVE('',#4494,#4478,#4504,.T.);
#4506=ORIENTED_EDGE('',*,*,#4505,.T.);
#4507=EDGE_LOOP('',(#4484,#4492,#4500,#4506));
#4508=FACE_BOUND('',#4507,.T.);
#4509=ORIENTED_EDGE('',*,*,#3060,.T.);
#4510=CARTESIAN_POINT('',(555.399839699,480.848229884,-3.97603682));
#4511=DIRECTION('',(0.,-0.,-1.));
#4512=DIRECTION('',(-1.,0.,-0.));
#4513=AXIS2_PLACEMENT_3D('',#4510,#4511,#4512);
#4514=CIRCLE('',#4513,1.);
#4515=EDGE_CURVE('',#3047,#3015,#4514,.T.);
#4516=ORIENTED_EDGE('',*,*,#4515,.T.);
#4517=ORIENTED_EDGE('',*,*,#3020,.T.);
#4518=CARTESIAN_POINT('',(497.399839699,480.848229884,-3.97603682));
#4519=DIRECTION('',(0.,-0.,-1.));
#4520=DIRECTION('',(-1.,0.,-0.));
#4521=AXIS2_PLACEMENT_3D('',#4518,#4519,#4520);
#4522=CIRCLE('',#4521,1.);
#4523=EDGE_CURVE('',#3007,#2917,#4522,.T.);
#4524=ORIENTED_EDGE('',*,*,#4523,.T.);
#4525=ORIENTED_EDGE('',*,*,#2924,.T.);
#4526=CARTESIAN_POINT('',(497.399839699,538.848229884,-3.97603682));
#4527=DIRECTION('',(0.,-0.,-1.));
#4528=DIRECTION('',(-1.,0.,-0.));
#4529=AXIS2_PLACEMENT_3D('',#4526,#4527,#4528);
#4530=CIRCLE('',#4529,1.);
#4531=EDGE_CURVE('',#2919,#2975,#4530,.T.);
#4532=ORIENTED_EDGE('',*,*,#4531,.T.);
#4533=ORIENTED_EDGE('',*,*,#2980,.T.);
#4534=CARTESIAN_POINT('',(555.399839699,538.848229884,-3.97603682));
#4535=DIRECTION('',(0.,-0.,-1.));
#4536=DIRECTION('',(-1.,0.,-0.));
#4537=AXIS2_PLACEMENT_3D('',#4534,#4535,#4536);
#4538=CIRCLE('',#4537,1.);
#4539=EDGE_CURVE('',#2967,#3055,#4538,.T.);
#4540=ORIENTED_EDGE('',*,*,#4539,.T.);
#4541=EDGE_LOOP('',(#4509,#4516,#4517,#4524,#4525,#4532,#4533,#4540));
#4542=FACE_BOUND('',#4541,.T.);
#4543=ORIENTED_EDGE('',*,*,#4230,.F.);
#4544=ORIENTED_EDGE('',*,*,#4237,.F.);
#4545=EDGE_LOOP('',(#4543,#4544));
#4546=FACE_BOUND('',#4545,.T.);
#4547=CARTESIAN_POINT('',(606.096547182,474.33758947,-3.97603682));
#4548=VERTEX_POINT('',#4547);
#4549=CARTESIAN_POINT('',(604.446547182,474.33758947,-3.97603682));
#4550=DIRECTION('',(-0.,0.,1.));
#4551=DIRECTION('',(1.,0.,0.));
#4552=AXIS2_PLACEMENT_3D('',#4549,#4550,#4551);
#4553=CIRCLE('',#4552,1.65);
#4554=EDGE_CURVE('',#4548,#4548,#4553,.T.);
#4555=ORIENTED_EDGE('',*,*,#4554,.F.);
#4556=EDGE_LOOP('',(#4555));
#4557=FACE_BOUND('',#4556,.T.);
#4558=CARTESIAN_POINT('',(562.645297497,430.846339785,-3.97603682));
#4559=VERTEX_POINT('',#4558);
#4560=CARTESIAN_POINT('',(560.995297497,430.846339785,-3.97603682));
#4561=DIRECTION('',(-0.,0.,1.));
#4562=DIRECTION('',(1.,0.,0.));
#4563=AXIS2_PLACEMENT_3D('',#4560,#4561,#4562);
#4564=CIRCLE('',#4563,1.65);
#4565=EDGE_CURVE('',#4559,#4559,#4564,.T.);
#4566=ORIENTED_EDGE('',*,*,#4565,.F.);
#4567=EDGE_LOOP('',(#4566));
#4568=FACE_BOUND('',#4567,.T.);
#4569=CARTESIAN_POINT('',(491.592952586,430.906339786,-3.97603682));
#4570=VERTEX_POINT('',#4569);
#4571=CARTESIAN_POINT('',(489.942952586,430.906339786,-3.97603682));
#4572=DIRECTION('',(-0.,0.,1.));
#4573=DIRECTION('',(1.,0.,0.));
#4574=AXIS2_PLACEMENT_3D('',#4571,#4572,#4573);
#4575=CIRCLE('',#4574,1.65);
#4576=EDGE_CURVE('',#4570,#4570,#4575,.T.);
#4577=ORIENTED_EDGE('',*,*,#4576,.F.);
#4578=EDGE_LOOP('',(#4577));
#4579=FACE_BOUND('',#4578,.T.);
#4580=CARTESIAN_POINT('',(449.371702901,474.367589471,-3.97603682));
#4581=VERTEX_POINT('',#4580);
#4582=CARTESIAN_POINT('',(447.721702901,474.367589471,-3.97603682));
#4583=DIRECTION('',(-0.,0.,1.));
#4584=DIRECTION('',(1.,0.,0.));
#4585=AXIS2_PLACEMENT_3D('',#4582,#4583,#4584);
#4586=CIRCLE('',#4585,1.65);
#4587=EDGE_CURVE('',#4581,#4581,#4586,.T.);
#4588=ORIENTED_EDGE('',*,*,#4587,.F.);
#4589=EDGE_LOOP('',(#4588));
#4590=FACE_BOUND('',#4589,.T.);
#4591=CARTESIAN_POINT('',(449.371702902,544.049934382,-3.97603682));
#4592=VERTEX_POINT('',#4591);
#4593=CARTESIAN_POINT('',(447.721702902,544.049934382,-3.97603682));
#4594=DIRECTION('',(-0.,0.,1.));
#4595=DIRECTION('',(1.,0.,0.));
#4596=AXIS2_PLACEMENT_3D('',#4593,#4594,#4595);
#4597=CIRCLE('',#4596,1.65);
#4598=EDGE_CURVE('',#4592,#4592,#4597,.T.);
#4599=ORIENTED_EDGE('',*,*,#4598,.F.);
#4600=EDGE_LOOP('',(#4599));
#4601=FACE_BOUND('',#4600,.T.);
#4602=CARTESIAN_POINT('',(492.892952587,587.571184067,-3.97603682));
#4603=VERTEX_POINT('',#4602);
#4604=CARTESIAN_POINT('',(491.242952587,587.571184067,-3.97603682));
#4605=DIRECTION('',(-0.,0.,1.));
#4606=DIRECTION('',(1.,0.,0.));
#4607=AXIS2_PLACEMENT_3D('',#4604,#4605,#4606);
#4608=CIRCLE('',#4607,1.65);
#4609=EDGE_CURVE('',#4603,#4603,#4608,.T.);
#4610=ORIENTED_EDGE('',*,*,#4609,.F.);
#4611=EDGE_LOOP('',(#4610));
#4612=FACE_BOUND('',#4611,.T.);
#4613=CARTESIAN_POINT('',(562.575297498,587.571184066,-3.97603682));
#4614=VERTEX_POINT('',#4613);
#4615=CARTESIAN_POINT('',(560.925297498,587.571184066,-3.97603682));
#4616=DIRECTION('',(-0.,0.,1.));
#4617=DIRECTION('',(1.,0.,0.));
#4618=AXIS2_PLACEMENT_3D('',#4615,#4616,#4617);
#4619=CIRCLE('',#4618,1.65);
#4620=EDGE_CURVE('',#4614,#4614,#4619,.T.);
#4621=ORIENTED_EDGE('',*,*,#4620,.F.);
#4622=EDGE_LOOP('',(#4621));
#4623=FACE_BOUND('',#4622,.T.);
#4624=CARTESIAN_POINT('',(606.096547182,544.049934381,-3.97603682));
#4625=VERTEX_POINT('',#4624);
#4626=CARTESIAN_POINT('',(604.446547182,544.049934381,-3.97603682));
#4627=DIRECTION('',(-0.,0.,1.));
#4628=DIRECTION('',(1.,0.,0.));
#4629=AXIS2_PLACEMENT_3D('',#4626,#4627,#4628);
#4630=CIRCLE('',#4629,1.65);
#4631=EDGE_CURVE('',#4625,#4625,#4630,.T.);
#4632=ORIENTED_EDGE('',*,*,#4631,.F.);
#4633=EDGE_LOOP('',(#4632));
#4634=FACE_BOUND('',#4633,.T.);
#4635=ADVANCED_FACE('',(#4432,#4443,#4449,#4474,#4508,#4542,#4546,#4557,#4568,#4579,#4590,#4601,#4612,#4623,#4634),#4426,.F.);
#4636=CARTESIAN_POINT('',(-46.588861612,799.272305563,-5.97603682));
#4637=DIRECTION('',(0.,-0.,-1.));
#4638=DIRECTION('',(0.707106781,0.707106781,-0.));
#4639=AXIS2_PLACEMENT_3D('',#4636,#4637,#4638);
#4640=PLANE('',#4639);
#4641=ORIENTED_EDGE('',*,*,#3124,.T.);
#4642=ORIENTED_EDGE('',*,*,#3602,.T.);
#4643=ORIENTED_EDGE('',*,*,#3092,.F.);
#4644=ORIENTED_EDGE('',*,*,#3620,.F.);
#4645=EDGE_LOOP('',(#4641,#4642,#4643,#4644));
#4646=FACE_BOUND('',#4645,.T.);
#4647=ADVANCED_FACE('',(#4646),#4640,.T.);
#4648=CARTESIAN_POINT('',(-46.588861612,799.272305563,-5.97603682));
#4649=DIRECTION('',(0.,-0.,-1.));
#4650=DIRECTION('',(0.707106781,0.707106781,-0.));
#4651=AXIS2_PLACEMENT_3D('',#4648,#4649,#4650);
#4652=PLANE('',#4651);
#4653=ORIENTED_EDGE('',*,*,#3516,.F.);
#4654=ORIENTED_EDGE('',*,*,#3545,.F.);
#4655=ORIENTED_EDGE('',*,*,#3585,.T.);
#4656=ORIENTED_EDGE('',*,*,#3563,.T.);
#4657=EDGE_LOOP('',(#4653,#4654,#4655,#4656));
#4658=FACE_BOUND('',#4657,.T.);
#4659=ADVANCED_FACE('',(#4658),#4652,.T.);
#4660=CARTESIAN_POINT('',(-46.588861612,799.272305563,-5.97603682));
#4661=DIRECTION('',(0.,-0.,-1.));
#4662=DIRECTION('',(0.707106781,0.707106781,-0.));
#4663=AXIS2_PLACEMENT_3D('',#4660,#4661,#4662);
#4664=PLANE('',#4663);
#4665=ORIENTED_EDGE('',*,*,#3420,.F.);
#4666=ORIENTED_EDGE('',*,*,#3449,.F.);
#4667=ORIENTED_EDGE('',*,*,#3489,.T.);
#4668=ORIENTED_EDGE('',*,*,#3467,.T.);
#4669=EDGE_LOOP('',(#4665,#4666,#4667,#4668));
#4670=FACE_BOUND('',#4669,.T.);
#4671=ADVANCED_FACE('',(#4670),#4664,.T.);
#4672=CARTESIAN_POINT('',(604.446547182,474.33758947,-6.37603682));
#4673=DIRECTION('',(-0.,0.,1.));
#4674=DIRECTION('',(1.,0.,0.));
#4675=AXIS2_PLACEMENT_3D('',#4672,#4673,#4674);
#4676=CYLINDRICAL_SURFACE('',#4675,1.65);
#4677=CARTESIAN_POINT('',(606.096547182,474.33758947,-3.97603682));
#4678=DIRECTION('',(0.,-0.,-1.));
#4679=VECTOR('',#4678,2.);
#4680=LINE('',#4677,#4679);
#4681=EDGE_CURVE('',#4548,#4388,#4680,.T.);
#4682=ORIENTED_EDGE('',*,*,#4681,.F.);
#4683=ORIENTED_EDGE('',*,*,#4554,.T.);
#4684=ORIENTED_EDGE('',*,*,#4681,.T.);
#4685=ORIENTED_EDGE('',*,*,#4396,.T.);
#4686=ORIENTED_EDGE('',*,*,#4403,.T.);
#4687=EDGE_LOOP('',(#4682,#4683,#4684,#4685,#4686));
#4688=FACE_BOUND('',#4687,.T.);
#4689=ADVANCED_FACE('',(#4688),#4676,.F.);
#4690=CARTESIAN_POINT('',(560.995297497,430.846339785,-6.97603682));
#4691=DIRECTION('',(-0.,0.,1.));
#4692=DIRECTION('',(1.,0.,0.));
#4693=AXIS2_PLACEMENT_3D('',#4690,#4691,#4692);
#4694=CYLINDRICAL_SURFACE('',#4693,1.65);
#4695=CARTESIAN_POINT('',(562.645297497,430.846339785,-3.97603682));
#4696=DIRECTION('',(0.,-0.,-1.));
#4697=VECTOR('',#4696,2.);
#4698=LINE('',#4695,#4697);
#4699=EDGE_CURVE('',#4559,#4368,#4698,.T.);
#4700=ORIENTED_EDGE('',*,*,#4699,.F.);
#4701=ORIENTED_EDGE('',*,*,#4565,.T.);
#4702=ORIENTED_EDGE('',*,*,#4699,.T.);
#4703=ORIENTED_EDGE('',*,*,#4376,.T.);
#4704=ORIENTED_EDGE('',*,*,#4383,.T.);
#4705=EDGE_LOOP('',(#4700,#4701,#4702,#4703,#4704));
#4706=FACE_BOUND('',#4705,.T.);
#4707=ADVANCED_FACE('',(#4706),#4694,.F.);
#4708=CARTESIAN_POINT('',(489.942952586,430.906339786,-7.87603682));
#4709=DIRECTION('',(-0.,0.,1.));
#4710=DIRECTION('',(1.,0.,0.));
#4711=AXIS2_PLACEMENT_3D('',#4708,#4709,#4710);
#4712=CYLINDRICAL_SURFACE('',#4711,1.65);
#4713=CARTESIAN_POINT('',(491.592952586,430.906339786,-3.97603682));
#4714=DIRECTION('',(0.,-0.,-1.));
#4715=VECTOR('',#4714,2.);
#4716=LINE('',#4713,#4715);
#4717=EDGE_CURVE('',#4570,#4348,#4716,.T.);
#4718=ORIENTED_EDGE('',*,*,#4717,.F.);
#4719=ORIENTED_EDGE('',*,*,#4576,.T.);
#4720=ORIENTED_EDGE('',*,*,#4717,.T.);
#4721=ORIENTED_EDGE('',*,*,#4356,.T.);
#4722=ORIENTED_EDGE('',*,*,#4363,.T.);
#4723=EDGE_LOOP('',(#4718,#4719,#4720,#4721,#4722));
#4724=FACE_BOUND('',#4723,.T.);
#4725=ADVANCED_FACE('',(#4724),#4712,.F.);
#4726=CARTESIAN_POINT('',(447.721702901,474.367589471,-8.77603682));
#4727=DIRECTION('',(-0.,0.,1.));
#4728=DIRECTION('',(1.,0.,0.));
#4729=AXIS2_PLACEMENT_3D('',#4726,#4727,#4728);
#4730=CYLINDRICAL_SURFACE('',#4729,1.65);
#4731=CARTESIAN_POINT('',(449.371702901,474.367589471,-3.97603682));
#4732=DIRECTION('',(0.,-0.,-1.));
#4733=VECTOR('',#4732,2.);
#4734=LINE('',#4731,#4733);
#4735=EDGE_CURVE('',#4581,#4328,#4734,.T.);
#4736=ORIENTED_EDGE('',*,*,#4735,.F.);
#4737=ORIENTED_EDGE('',*,*,#4587,.T.);
#4738=ORIENTED_EDGE('',*,*,#4735,.T.);
#4739=ORIENTED_EDGE('',*,*,#4336,.T.);
#4740=ORIENTED_EDGE('',*,*,#4343,.T.);
#4741=EDGE_LOOP('',(#4736,#4737,#4738,#4739,#4740));
#4742=FACE_BOUND('',#4741,.T.);
#4743=ADVANCED_FACE('',(#4742),#4730,.F.);
#4744=CARTESIAN_POINT('',(447.721702902,544.049934382,-7.67603682));
#4745=DIRECTION('',(-0.,0.,1.));
#4746=DIRECTION('',(1.,0.,0.));
#4747=AXIS2_PLACEMENT_3D('',#4744,#4745,#4746);
#4748=CYLINDRICAL_SURFACE('',#4747,1.65);
#4749=CARTESIAN_POINT('',(449.371702902,544.049934382,-3.97603682));
#4750=DIRECTION('',(0.,-0.,-1.));
#4751=VECTOR('',#4750,2.);
#4752=LINE('',#4749,#4751);
#4753=EDGE_CURVE('',#4592,#4308,#4752,.T.);
#4754=ORIENTED_EDGE('',*,*,#4753,.F.);
#4755=ORIENTED_EDGE('',*,*,#4598,.T.);
#4756=ORIENTED_EDGE('',*,*,#4753,.T.);
#4757=ORIENTED_EDGE('',*,*,#4316,.T.);
#4758=ORIENTED_EDGE('',*,*,#4323,.T.);
#4759=EDGE_LOOP('',(#4754,#4755,#4756,#4757,#4758));
#4760=FACE_BOUND('',#4759,.T.);
#4761=ADVANCED_FACE('',(#4760),#4748,.F.);
#4762=CARTESIAN_POINT('',(491.242952587,587.571184067,-9.17603682));
#4763=DIRECTION('',(-0.,0.,1.));
#4764=DIRECTION('',(1.,0.,0.));
#4765=AXIS2_PLACEMENT_3D('',#4762,#4763,#4764);
#4766=CYLINDRICAL_SURFACE('',#4765,1.65);
#4767=CARTESIAN_POINT('',(492.892952587,587.571184067,-3.97603682));
#4768=DIRECTION('',(0.,-0.,-1.));
#4769=VECTOR('',#4768,2.);
#4770=LINE('',#4767,#4769);
#4771=EDGE_CURVE('',#4603,#4288,#4770,.T.);
#4772=ORIENTED_EDGE('',*,*,#4771,.F.);
#4773=ORIENTED_EDGE('',*,*,#4609,.T.);
#4774=ORIENTED_EDGE('',*,*,#4771,.T.);
#4775=ORIENTED_EDGE('',*,*,#4296,.T.);
#4776=ORIENTED_EDGE('',*,*,#4303,.T.);
#4777=EDGE_LOOP('',(#4772,#4773,#4774,#4775,#4776));
#4778=FACE_BOUND('',#4777,.T.);
#4779=ADVANCED_FACE('',(#4778),#4766,.F.);
#4780=CARTESIAN_POINT('',(560.925297498,587.571184066,-8.97603682));
#4781=DIRECTION('',(-0.,0.,1.));
#4782=DIRECTION('',(1.,0.,0.));
#4783=AXIS2_PLACEMENT_3D('',#4780,#4781,#4782);
#4784=CYLINDRICAL_SURFACE('',#4783,1.65);
#4785=CARTESIAN_POINT('',(562.575297498,587.571184066,-3.97603682));
#4786=DIRECTION('',(0.,-0.,-1.));
#4787=VECTOR('',#4786,2.);
#4788=LINE('',#4785,#4787);
#4789=EDGE_CURVE('',#4614,#4268,#4788,.T.);
#4790=ORIENTED_EDGE('',*,*,#4789,.F.);
#4791=ORIENTED_EDGE('',*,*,#4620,.T.);
#4792=ORIENTED_EDGE('',*,*,#4789,.T.);
#4793=ORIENTED_EDGE('',*,*,#4276,.T.);
#4794=ORIENTED_EDGE('',*,*,#4283,.T.);
#4795=EDGE_LOOP('',(#4790,#4791,#4792,#4793,#4794));
#4796=FACE_BOUND('',#4795,.T.);
#4797=ADVANCED_FACE('',(#4796),#4784,.F.);
#4798=CARTESIAN_POINT('',(604.446547182,544.049934381,-7.17603682));
#4799=DIRECTION('',(-0.,0.,1.));
#4800=DIRECTION('',(1.,0.,0.));
#4801=AXIS2_PLACEMENT_3D('',#4798,#4799,#4800);
#4802=CYLINDRICAL_SURFACE('',#4801,1.65);
#4803=CARTESIAN_POINT('',(606.096547182,544.049934381,-3.97603682));
#4804=DIRECTION('',(0.,-0.,-1.));
#4805=VECTOR('',#4804,2.);
#4806=LINE('',#4803,#4805);
#4807=EDGE_CURVE('',#4625,#4248,#4806,.T.);
#4808=ORIENTED_EDGE('',*,*,#4807,.F.);
#4809=ORIENTED_EDGE('',*,*,#4631,.T.);
#4810=ORIENTED_EDGE('',*,*,#4807,.T.);
#4811=ORIENTED_EDGE('',*,*,#4256,.T.);
#4812=ORIENTED_EDGE('',*,*,#4263,.T.);
#4813=EDGE_LOOP('',(#4808,#4809,#4810,#4811,#4812));
#4814=FACE_BOUND('',#4813,.T.);
#4815=ADVANCED_FACE('',(#4814),#4802,.F.);
#4816=CARTESIAN_POINT('',(580.6,529.66007099,-3.976));
#4817=DIRECTION('',(0.,-0.,-1.));
#4818=DIRECTION('',(-0.,1.,-0.));
#4819=AXIS2_PLACEMENT_3D('',#4816,#4817,#4818);
#4820=PLANE('',#4819);
#4821=ORIENTED_EDGE('',*,*,#4491,.T.);
#4822=ORIENTED_EDGE('',*,*,#4483,.T.);
#4823=ORIENTED_EDGE('',*,*,#4505,.F.);
#4824=ORIENTED_EDGE('',*,*,#4499,.F.);
#4825=EDGE_LOOP('',(#4821,#4822,#4823,#4824));
#4826=FACE_BOUND('',#4825,.T.);
#4827=ADVANCED_FACE('',(#4826),#4820,.F.);
#4828=CARTESIAN_POINT('',(590.105295383,574.329839735,15.518522098));
#4829=DIRECTION('',(-0.,0.,1.));
#4830=DIRECTION('',(-1.,0.,-0.));
#4831=AXIS2_PLACEMENT_3D('',#4828,#4829,#4830);
#4832=PLANE('',#4831);
#4833=CARTESIAN_POINT('',(505.355295383,530.179839735,15.518522098));
#4834=VERTEX_POINT('',#4833);
#4835=CARTESIAN_POINT('',(503.955295383,531.579839735,15.518522098));
#4836=VERTEX_POINT('',#4835);
#4837=CARTESIAN_POINT('',(505.355295383,531.579839735,15.518522098));
#4838=DIRECTION('',(-0.,0.,1.));
#4839=DIRECTION('',(-0.,-1.,0.));
#4840=AXIS2_PLACEMENT_3D('',#4837,#4838,#4839);
#4841=CIRCLE('',#4840,1.4);
#4842=EDGE_CURVE('',#4834,#4836,#4841,.T.);
#4843=ORIENTED_EDGE('',*,*,#4842,.T.);
#4844=CARTESIAN_POINT('',(505.355295383,531.579839735,15.518522098));
#4845=DIRECTION('',(-0.,0.,1.));
#4846=DIRECTION('',(-0.,-1.,0.));
#4847=AXIS2_PLACEMENT_3D('',#4844,#4845,#4846);
#4848=CIRCLE('',#4847,1.4);
#4849=EDGE_CURVE('',#4836,#4834,#4848,.T.);
#4850=ORIENTED_EDGE('',*,*,#4849,.T.);
#4851=EDGE_LOOP('',(#4843,#4850));
#4852=FACE_BOUND('',#4851,.T.);
#4853=CARTESIAN_POINT('',(547.855295383,530.179839735,15.518522098));
#4854=VERTEX_POINT('',#4853);
#4855=CARTESIAN_POINT('',(546.455295383,531.579839735,15.518522098));
#4856=VERTEX_POINT('',#4855);
#4857=CARTESIAN_POINT('',(547.855295383,531.579839735,15.518522098));
#4858=DIRECTION('',(-0.,0.,1.));
#4859=DIRECTION('',(-0.,-1.,0.));
#4860=AXIS2_PLACEMENT_3D('',#4857,#4858,#4859);
#4861=CIRCLE('',#4860,1.4);
#4862=EDGE_CURVE('',#4854,#4856,#4861,.T.);
#4863=ORIENTED_EDGE('',*,*,#4862,.T.);
#4864=CARTESIAN_POINT('',(547.855295383,531.579839735,15.518522098));
#4865=DIRECTION('',(-0.,0.,1.));
#4866=DIRECTION('',(-0.,-1.,0.));
#4867=AXIS2_PLACEMENT_3D('',#4864,#4865,#4866);
#4868=CIRCLE('',#4867,1.4);
#4869=EDGE_CURVE('',#4856,#4854,#4868,.T.);
#4870=ORIENTED_EDGE('',*,*,#4869,.T.);
#4871=EDGE_LOOP('',(#4863,#4870));
#4872=FACE_BOUND('',#4871,.T.);
#4873=CARTESIAN_POINT('',(547.855295383,487.679839735,15.518522098));
#4874=VERTEX_POINT('',#4873);
#4875=CARTESIAN_POINT('',(546.455295383,489.079839735,15.518522098));
#4876=VERTEX_POINT('',#4875);
#4877=CARTESIAN_POINT('',(547.855295383,489.079839735,15.518522098));
#4878=DIRECTION('',(-0.,0.,1.));
#4879=DIRECTION('',(-0.,-1.,0.));
#4880=AXIS2_PLACEMENT_3D('',#4877,#4878,#4879);
#4881=CIRCLE('',#4880,1.4);
#4882=EDGE_CURVE('',#4874,#4876,#4881,.T.);
#4883=ORIENTED_EDGE('',*,*,#4882,.T.);
#4884=CARTESIAN_POINT('',(547.855295383,489.079839735,15.518522098));
#4885=DIRECTION('',(-0.,0.,1.));
#4886=DIRECTION('',(-0.,-1.,0.));
#4887=AXIS2_PLACEMENT_3D('',#4884,#4885,#4886);
#4888=CIRCLE('',#4887,1.4);
#4889=EDGE_CURVE('',#4876,#4874,#4888,.T.);
#4890=ORIENTED_EDGE('',*,*,#4889,.T.);
#4891=EDGE_LOOP('',(#4883,#4890));
#4892=FACE_BOUND('',#4891,.T.);
#4893=CARTESIAN_POINT('',(505.355295383,487.679839735,15.518522098));
#4894=VERTEX_POINT('',#4893);
#4895=CARTESIAN_POINT('',(503.955295383,489.079839735,15.518522098));
#4896=VERTEX_POINT('',#4895);
#4897=CARTESIAN_POINT('',(505.355295383,489.079839735,15.518522098));
#4898=DIRECTION('',(-0.,0.,1.));
#4899=DIRECTION('',(-0.,-1.,0.));
#4900=AXIS2_PLACEMENT_3D('',#4897,#4898,#4899);
#4901=CIRCLE('',#4900,1.4);
#4902=EDGE_CURVE('',#4894,#4896,#4901,.T.);
#4903=ORIENTED_EDGE('',*,*,#4902,.T.);
#4904=CARTESIAN_POINT('',(505.355295383,489.079839735,15.518522098));
#4905=DIRECTION('',(-0.,0.,1.));
#4906=DIRECTION('',(-0.,-1.,0.));
#4907=AXIS2_PLACEMENT_3D('',#4904,#4905,#4906);
#4908=CIRCLE('',#4907,1.4);
#4909=EDGE_CURVE('',#4896,#4894,#4908,.T.);
#4910=ORIENTED_EDGE('',*,*,#4909,.T.);
#4911=EDGE_LOOP('',(#4903,#4910));
#4912=FACE_BOUND('',#4911,.T.);
#4913=ORIENTED_EDGE('',*,*,#2762,.F.);
#4914=ORIENTED_EDGE('',*,*,#2815,.T.);
#4915=ORIENTED_EDGE('',*,*,#2642,.F.);
#4916=ORIENTED_EDGE('',*,*,#2791,.T.);
#4917=ORIENTED_EDGE('',*,*,#2682,.F.);
#4918=ORIENTED_EDGE('',*,*,#2863,.T.);
#4919=ORIENTED_EDGE('',*,*,#2722,.F.);
#4920=ORIENTED_EDGE('',*,*,#2839,.T.);
#4921=EDGE_LOOP('',(#4913,#4914,#4915,#4916,#4917,#4918,#4919,#4920));
#4922=FACE_BOUND('',#4921,.T.);
#4923=ADVANCED_FACE('',(#4852,#4872,#4892,#4912,#4922),#4832,.F.);
#4924=CARTESIAN_POINT('',(505.355295383,531.579839735,14.518522098));
#4925=DIRECTION('',(-0.,0.,1.));
#4926=DIRECTION('',(-1.,0.,-0.));
#4927=AXIS2_PLACEMENT_3D('',#4924,#4925,#4926);
#4928=CYLINDRICAL_SURFACE('',#4927,1.4);
#4929=CARTESIAN_POINT('',(503.955295383,531.579839735,16.518522098));
#4930=DIRECTION('',(0.,-0.,-1.));
#4931=VECTOR('',#4930,1.);
#4932=LINE('',#4929,#4931);
#4933=EDGE_CURVE('',#3791,#4836,#4932,.T.);
#4934=ORIENTED_EDGE('',*,*,#4933,.F.);
#4935=ORIENTED_EDGE('',*,*,#3799,.T.);
#4936=ORIENTED_EDGE('',*,*,#3806,.T.);
#4937=ORIENTED_EDGE('',*,*,#4933,.T.);
#4938=ORIENTED_EDGE('',*,*,#4842,.F.);
#4939=ORIENTED_EDGE('',*,*,#4849,.F.);
#4940=EDGE_LOOP('',(#4934,#4935,#4936,#4937,#4938,#4939));
#4941=FACE_BOUND('',#4940,.T.);
#4942=ADVANCED_FACE('',(#4941),#4928,.F.);
#4943=CARTESIAN_POINT('',(547.855295383,531.579839735,14.518522098));
#4944=DIRECTION('',(-0.,0.,1.));
#4945=DIRECTION('',(-1.,0.,-0.));
#4946=AXIS2_PLACEMENT_3D('',#4943,#4944,#4945);
#4947=CYLINDRICAL_SURFACE('',#4946,1.4);
#4948=CARTESIAN_POINT('',(546.455295383,531.579839735,16.518522098));
#4949=DIRECTION('',(0.,-0.,-1.));
#4950=VECTOR('',#4949,1.);
#4951=LINE('',#4948,#4950);
#4952=EDGE_CURVE('',#3811,#4856,#4951,.T.);
#4953=ORIENTED_EDGE('',*,*,#4952,.F.);
#4954=ORIENTED_EDGE('',*,*,#3819,.T.);
#4955=ORIENTED_EDGE('',*,*,#3826,.T.);
#4956=ORIENTED_EDGE('',*,*,#4952,.T.);
#4957=ORIENTED_EDGE('',*,*,#4862,.F.);
#4958=ORIENTED_EDGE('',*,*,#4869,.F.);
#4959=EDGE_LOOP('',(#4953,#4954,#4955,#4956,#4957,#4958));
#4960=FACE_BOUND('',#4959,.T.);
#4961=ADVANCED_FACE('',(#4960),#4947,.F.);
#4962=CARTESIAN_POINT('',(547.855295383,489.079839735,14.518522098));
#4963=DIRECTION('',(-0.,0.,1.));
#4964=DIRECTION('',(-1.,0.,-0.));
#4965=AXIS2_PLACEMENT_3D('',#4962,#4963,#4964);
#4966=CYLINDRICAL_SURFACE('',#4965,1.4);
#4967=CARTESIAN_POINT('',(546.455295383,489.079839735,16.518522098));
#4968=DIRECTION('',(0.,-0.,-1.));
#4969=VECTOR('',#4968,1.);
#4970=LINE('',#4967,#4969);
#4971=EDGE_CURVE('',#3831,#4876,#4970,.T.);
#4972=ORIENTED_EDGE('',*,*,#4971,.F.);
#4973=ORIENTED_EDGE('',*,*,#3839,.T.);
#4974=ORIENTED_EDGE('',*,*,#3846,.T.);
#4975=ORIENTED_EDGE('',*,*,#4971,.T.);
#4976=ORIENTED_EDGE('',*,*,#4882,.F.);
#4977=ORIENTED_EDGE('',*,*,#4889,.F.);
#4978=EDGE_LOOP('',(#4972,#4973,#4974,#4975,#4976,#4977));
#4979=FACE_BOUND('',#4978,.T.);
#4980=ADVANCED_FACE('',(#4979),#4966,.F.);
#4981=CARTESIAN_POINT('',(505.355295383,489.079839735,14.518522098));
#4982=DIRECTION('',(-0.,0.,1.));
#4983=DIRECTION('',(-1.,0.,-0.));
#4984=AXIS2_PLACEMENT_3D('',#4981,#4982,#4983);
#4985=CYLINDRICAL_SURFACE('',#4984,1.4);
#4986=CARTESIAN_POINT('',(503.955295383,489.079839735,16.518522098));
#4987=DIRECTION('',(0.,-0.,-1.));
#4988=VECTOR('',#4987,1.);
#4989=LINE('',#4986,#4988);
#4990=EDGE_CURVE('',#3851,#4896,#4989,.T.);
#4991=ORIENTED_EDGE('',*,*,#4990,.F.);
#4992=ORIENTED_EDGE('',*,*,#3859,.T.);
#4993=ORIENTED_EDGE('',*,*,#3866,.T.);
#4994=ORIENTED_EDGE('',*,*,#4990,.T.);
#4995=ORIENTED_EDGE('',*,*,#4902,.F.);
#4996=ORIENTED_EDGE('',*,*,#4909,.F.);
#4997=EDGE_LOOP('',(#4991,#4992,#4993,#4994,#4995,#4996));
#4998=FACE_BOUND('',#4997,.T.);
#4999=ADVANCED_FACE('',(#4998),#4985,.F.);
#5000=CARTESIAN_POINT('',(727.79902419,550.486308036,48.726015641));
#5001=DIRECTION('',(0.015114227,0.865893504,0.5));
#5002=DIRECTION('',(0.008726203,0.499923848,-0.866025404));
#5003=AXIS2_PLACEMENT_3D('',#5000,#5001,#5002);
#5004=PLANE('',#5003);
#5005=ORIENTED_EDGE('',*,*,#2425,.F.);
#5006=ORIENTED_EDGE('',*,*,#2432,.F.);
#5007=EDGE_LOOP('',(#5005,#5006));
#5008=FACE_BOUND('',#5007,.T.);
#5009=CARTESIAN_POINT('',(540.238648397,566.86829448,26.02556467));
#5010=VERTEX_POINT('',#5009);
#5011=CARTESIAN_POINT('',(540.254355563,566.86805459,26.025505305));
#5012=VERTEX_POINT('',#5011);
#5013=CARTESIAN_POINT('',(540.254355563,567.768157406,24.466718943));
#5014=DIRECTION('',(0.015114227,0.865893504,0.5));
#5015=DIRECTION('',(-0.,-0.50005712,0.865992423));
#5016=AXIS2_PLACEMENT_3D('',#5013,#5014,#5015);
#5017=CIRCLE('',#5016,1.8);
#5018=EDGE_CURVE('',#5010,#5012,#5017,.T.);
#5019=ORIENTED_EDGE('',*,*,#5018,.F.);
#5020=CARTESIAN_POINT('',(540.254355563,567.768157406,24.466718943));
#5021=DIRECTION('',(0.015114227,0.865893504,0.5));
#5022=DIRECTION('',(-0.,-0.50005712,0.865992423));
#5023=AXIS2_PLACEMENT_3D('',#5020,#5021,#5022);
#5024=CIRCLE('',#5023,1.8);
#5025=EDGE_CURVE('',#5012,#5010,#5024,.T.);
#5026=ORIENTED_EDGE('',*,*,#5025,.F.);
#5027=EDGE_LOOP('',(#5019,#5026));
#5028=FACE_BOUND('',#5027,.T.);
#5029=CARTESIAN_POINT('',(540.483854708,580.916154597,1.690250824));
#5030=VERTEX_POINT('',#5029);
#5031=CARTESIAN_POINT('',(540.499561873,580.915914707,1.690191459));
#5032=VERTEX_POINT('',#5031);
#5033=CARTESIAN_POINT('',(540.499561873,581.816017523,0.131405097));
#5034=DIRECTION('',(0.015114227,0.865893504,0.5));
#5035=DIRECTION('',(-0.,-0.50005712,0.865992423));
#5036=AXIS2_PLACEMENT_3D('',#5033,#5034,#5035);
#5037=CIRCLE('',#5036,1.8);
#5038=EDGE_CURVE('',#5030,#5032,#5037,.T.);
#5039=ORIENTED_EDGE('',*,*,#5038,.F.);
#5040=CARTESIAN_POINT('',(540.499561873,581.816017523,0.131405097));
#5041=DIRECTION('',(0.015114227,0.865893504,0.5));
#5042=DIRECTION('',(-0.,-0.50005712,0.865992423));
#5043=AXIS2_PLACEMENT_3D('',#5040,#5041,#5042);
#5044=CIRCLE('',#5043,1.8);
#5045=EDGE_CURVE('',#5032,#5030,#5044,.T.);
#5046=ORIENTED_EDGE('',*,*,#5045,.F.);
#5047=EDGE_LOOP('',(#5039,#5046));
#5048=FACE_BOUND('',#5047,.T.);
#5049=CARTESIAN_POINT('',(512.388134474,581.406567218,1.690250824));
#5050=VERTEX_POINT('',#5049);
#5051=CARTESIAN_POINT('',(512.40384164,581.406327328,1.690191459));
#5052=VERTEX_POINT('',#5051);
#5053=CARTESIAN_POINT('',(512.40384164,582.306430144,0.131405097));
#5054=DIRECTION('',(0.015114227,0.865893504,0.5));
#5055=DIRECTION('',(-0.,-0.50005712,0.865992423));
#5056=AXIS2_PLACEMENT_3D('',#5053,#5054,#5055);
#5057=CIRCLE('',#5056,1.8);
#5058=EDGE_CURVE('',#5050,#5052,#5057,.T.);
#5059=ORIENTED_EDGE('',*,*,#5058,.F.);
#5060=CARTESIAN_POINT('',(512.40384164,582.306430144,0.131405097));
#5061=DIRECTION('',(0.015114227,0.865893504,0.5));
#5062=DIRECTION('',(-0.,-0.50005712,0.865992423));
#5063=AXIS2_PLACEMENT_3D('',#5060,#5061,#5062);
#5064=CIRCLE('',#5063,1.8);
#5065=EDGE_CURVE('',#5052,#5050,#5064,.T.);
#5066=ORIENTED_EDGE('',*,*,#5065,.F.);
#5067=EDGE_LOOP('',(#5059,#5066));
#5068=FACE_BOUND('',#5067,.T.);
#5069=ORIENTED_EDGE('',*,*,#4465,.F.);
#5070=CARTESIAN_POINT('',(509.050534031,566.806481235,27.075380546));
#5071=VERTEX_POINT('',#5070);
#5072=CARTESIAN_POINT('',(509.050534031,566.806481235,27.075380546));
#5073=DIRECTION('',(0.008726203,0.499923848,-0.866025404));
#5074=VECTOR('',#5073,35.85508835);
#5075=LINE('',#5072,#5074);
#5076=EDGE_CURVE('',#5071,#4452,#5075,.T.);
#5077=ORIENTED_EDGE('',*,*,#5076,.F.);
#5078=CARTESIAN_POINT('',(515.049620202,566.701766796,27.075380546));
#5079=VERTEX_POINT('',#5078);
#5080=CARTESIAN_POINT('',(509.050534031,566.806481235,27.075380546));
#5081=DIRECTION('',(0.999847695,-0.017452406,0.));
#5082=VECTOR('',#5081,6.);
#5083=LINE('',#5080,#5082);
#5084=EDGE_CURVE('',#5071,#5079,#5083,.T.);
#5085=ORIENTED_EDGE('',*,*,#5084,.T.);
#5086=CARTESIAN_POINT('',(515.136882234,571.701005272,18.415126509));
#5087=VERTEX_POINT('',#5086);
#5088=CARTESIAN_POINT('',(515.049620202,566.701766796,27.075380546));
#5089=DIRECTION('',(0.008726203,0.499923848,-0.866025404));
#5090=VECTOR('',#5089,10.);
#5091=LINE('',#5088,#5090);
#5092=EDGE_CURVE('',#5079,#5087,#5091,.T.);
#5093=ORIENTED_EDGE('',*,*,#5092,.T.);
#5094=CARTESIAN_POINT('',(537.133531527,571.31705233,18.415126509));
#5095=VERTEX_POINT('',#5094);
#5096=CARTESIAN_POINT('',(515.136882234,571.701005272,18.415126509));
#5097=DIRECTION('',(0.999847695,-0.017452406,0.));
#5098=VECTOR('',#5097,22.);
#5099=LINE('',#5096,#5098);
#5100=EDGE_CURVE('',#5087,#5095,#5099,.T.);
#5101=ORIENTED_EDGE('',*,*,#5100,.T.);
#5102=CARTESIAN_POINT('',(537.046269495,566.317813855,27.075380546));
#5103=VERTEX_POINT('',#5102);
#5104=CARTESIAN_POINT('',(537.133531527,571.31705233,18.415126509));
#5105=DIRECTION('',(-0.008726203,-0.499923848,0.866025404));
#5106=VECTOR('',#5105,10.);
#5107=LINE('',#5104,#5106);
#5108=EDGE_CURVE('',#5095,#5103,#5107,.T.);
#5109=ORIENTED_EDGE('',*,*,#5108,.T.);
#5110=CARTESIAN_POINT('',(543.045355666,566.213099416,27.075380546));
#5111=VERTEX_POINT('',#5110);
#5112=CARTESIAN_POINT('',(543.045355666,566.213099416,27.075380546));
#5113=DIRECTION('',(-0.999847695,0.017452406,-0.));
#5114=VECTOR('',#5113,6.);
#5115=LINE('',#5112,#5114);
#5116=EDGE_CURVE('',#5111,#5103,#5115,.T.);
#5117=ORIENTED_EDGE('',*,*,#5116,.F.);
#5118=CARTESIAN_POINT('',(543.045355666,566.213099416,27.075380546));
#5119=DIRECTION('',(0.008726203,0.499923848,-0.866025404));
#5120=VECTOR('',#5119,35.85508835);
#5121=LINE('',#5118,#5120);
#5122=EDGE_CURVE('',#5111,#4460,#5121,.T.);
#5123=ORIENTED_EDGE('',*,*,#5122,.T.);
#5124=EDGE_LOOP('',(#5069,#5077,#5085,#5093,#5101,#5109,#5117,#5123));
#5125=FACE_BOUND('',#5124,.T.);
#5126=ADVANCED_FACE('',(#5008,#5028,#5048,#5068,#5125),#5004,.T.);
#5127=CARTESIAN_POINT('',(509.255599806,578.554691653,6.723783558));
#5128=DIRECTION('',(-0.999847695,0.017452406,-0.));
#5129=DIRECTION('',(0.015114227,0.865893504,0.5));
#5130=AXIS2_PLACEMENT_3D('',#5127,#5128,#5129);
#5131=PLANE('',#5130);
#5132=ORIENTED_EDGE('',*,*,#4457,.F.);
#5133=ORIENTED_EDGE('',*,*,#2528,.F.);
#5134=CARTESIAN_POINT('',(509.050534031,566.806481235,27.075380546));
#5135=DIRECTION('',(-0.015114227,-0.865893504,-0.5));
#5136=VECTOR('',#5135,2.);
#5137=LINE('',#5134,#5136);
#5138=EDGE_CURVE('',#5071,#2521,#5137,.T.);
#5139=ORIENTED_EDGE('',*,*,#5138,.F.);
#5140=ORIENTED_EDGE('',*,*,#5076,.T.);
#5141=EDGE_LOOP('',(#5132,#5133,#5139,#5140));
#5142=FACE_BOUND('',#5141,.T.);
#5143=ADVANCED_FACE('',(#5142),#5131,.T.);
#5144=CARTESIAN_POINT('',(543.049718768,566.46306134,26.642367845));
#5145=DIRECTION('',(-0.999847695,0.017452406,-0.));
#5146=DIRECTION('',(0.015114227,0.865893504,0.5));
#5147=AXIS2_PLACEMENT_3D('',#5144,#5145,#5146);
#5148=PLANE('',#5147);
#5149=ORIENTED_EDGE('',*,*,#2544,.T.);
#5150=ORIENTED_EDGE('',*,*,#4471,.T.);
#5151=ORIENTED_EDGE('',*,*,#5122,.F.);
#5152=CARTESIAN_POINT('',(543.045355666,566.213099416,27.075380546));
#5153=DIRECTION('',(-0.015114227,-0.865893504,-0.5));
#5154=VECTOR('',#5153,2.);
#5155=LINE('',#5152,#5154);
#5156=EDGE_CURVE('',#5111,#2539,#5155,.T.);
#5157=ORIENTED_EDGE('',*,*,#5156,.T.);
#5158=EDGE_LOOP('',(#5149,#5150,#5151,#5157));
#5159=FACE_BOUND('',#5158,.T.);
#5160=ADVANCED_FACE('',(#5159),#5148,.F.);
#5161=CARTESIAN_POINT('',(512.434070094,584.038217152,1.131405097));
#5162=DIRECTION('',(-0.015114227,-0.865893504,-0.5));
#5163=DIRECTION('',(-0.008726203,-0.499923848,0.866025404));
#5164=AXIS2_PLACEMENT_3D('',#5161,#5162,#5163);
#5165=CYLINDRICAL_SURFACE('',#5164,1.1);
#5166=CARTESIAN_POINT('',(512.424471271,583.488300919,2.084033041));
#5167=VERTEX_POINT('',#5166);
#5168=CARTESIAN_POINT('',(512.364014361,580.024726903,0.084033041));
#5169=DIRECTION('',(0.015114227,0.865893504,0.5));
#5170=VECTOR('',#5169,4.);
#5171=LINE('',#5168,#5170);
#5172=EDGE_CURVE('',#2463,#5167,#5171,.T.);
#5173=ORIENTED_EDGE('',*,*,#5172,.F.);
#5174=ORIENTED_EDGE('',*,*,#2469,.F.);
#5175=ORIENTED_EDGE('',*,*,#2476,.F.);
#5176=ORIENTED_EDGE('',*,*,#5172,.T.);
#5177=CARTESIAN_POINT('',(512.443668918,584.588133384,0.178777153));
#5178=VERTEX_POINT('',#5177);
#5179=CARTESIAN_POINT('',(512.434070094,584.038217152,1.131405097));
#5180=DIRECTION('',(0.015114227,0.865893504,0.5));
#5181=DIRECTION('',(0.008726203,0.499923848,-0.866025404));
#5182=AXIS2_PLACEMENT_3D('',#5179,#5180,#5181);
#5183=CIRCLE('',#5182,1.1);
#5184=EDGE_CURVE('',#5167,#5178,#5183,.T.);
#5185=ORIENTED_EDGE('',*,*,#5184,.T.);
#5186=CARTESIAN_POINT('',(512.434070094,584.038217152,1.131405097));
#5187=DIRECTION('',(0.015114227,0.865893504,0.5));
#5188=DIRECTION('',(0.008726203,0.499923848,-0.866025404));
#5189=AXIS2_PLACEMENT_3D('',#5186,#5187,#5188);
#5190=CIRCLE('',#5189,1.1);
#5191=EDGE_CURVE('',#5178,#5167,#5190,.T.);
#5192=ORIENTED_EDGE('',*,*,#5191,.T.);
#5193=EDGE_LOOP('',(#5173,#5174,#5175,#5176,#5185,#5192));
#5194=FACE_BOUND('',#5193,.T.);
#5195=ADVANCED_FACE('',(#5194),#5165,.F.);
#5196=CARTESIAN_POINT('',(512.434070094,584.038217152,1.131405097));
#5197=DIRECTION('',(-0.015114227,-0.865893504,-0.5));
#5198=DIRECTION('',(-0.008726203,-0.499923848,0.866025404));
#5199=AXIS2_PLACEMENT_3D('',#5196,#5197,#5198);
#5200=CYLINDRICAL_SURFACE('',#5199,1.8);
#5201=CARTESIAN_POINT('',(512.418362928,583.138354226,2.690250824));
#5202=VERTEX_POINT('',#5201);
#5203=CARTESIAN_POINT('',(512.388134474,581.406567218,1.690250824));
#5204=DIRECTION('',(0.015114227,0.865893504,0.5));
#5205=VECTOR('',#5204,2.);
#5206=LINE('',#5203,#5205);
#5207=EDGE_CURVE('',#5050,#5202,#5206,.T.);
#5208=ORIENTED_EDGE('',*,*,#5207,.T.);
#5209=CARTESIAN_POINT('',(512.44977726,584.938080077,-0.42744063));
#5210=VERTEX_POINT('',#5209);
#5211=CARTESIAN_POINT('',(512.434070094,584.038217152,1.131405097));
#5212=DIRECTION('',(0.015114227,0.865893504,0.5));
#5213=DIRECTION('',(0.008726203,0.499923848,-0.866025404));
#5214=AXIS2_PLACEMENT_3D('',#5211,#5212,#5213);
#5215=CIRCLE('',#5214,1.8);
#5216=EDGE_CURVE('',#5210,#5202,#5215,.T.);
#5217=ORIENTED_EDGE('',*,*,#5216,.F.);
#5218=CARTESIAN_POINT('',(512.434070094,584.038217152,1.131405097));
#5219=DIRECTION('',(0.015114227,0.865893504,0.5));
#5220=DIRECTION('',(0.008726203,0.499923848,-0.866025404));
#5221=AXIS2_PLACEMENT_3D('',#5218,#5219,#5220);
#5222=CIRCLE('',#5221,1.8);
#5223=EDGE_CURVE('',#5202,#5210,#5222,.T.);
#5224=ORIENTED_EDGE('',*,*,#5223,.F.);
#5225=ORIENTED_EDGE('',*,*,#5207,.F.);
#5226=ORIENTED_EDGE('',*,*,#5058,.T.);
#5227=ORIENTED_EDGE('',*,*,#5065,.T.);
#5228=EDGE_LOOP('',(#5208,#5217,#5224,#5225,#5226,#5227));
#5229=FACE_BOUND('',#5228,.T.);
#5230=ADVANCED_FACE('',(#5229),#5200,.T.);
#5231=CARTESIAN_POINT('',(808.016885036,551.824679451,47.983379442));
#5232=DIRECTION('',(0.015114227,0.865893504,0.5));
#5233=DIRECTION('',(0.008726203,0.499923848,-0.866025404));
#5234=AXIS2_PLACEMENT_3D('',#5231,#5232,#5233);
#5235=PLANE('',#5234);
#5236=ORIENTED_EDGE('',*,*,#5184,.F.);
#5237=ORIENTED_EDGE('',*,*,#5191,.F.);
#5238=EDGE_LOOP('',(#5236,#5237));
#5239=FACE_BOUND('',#5238,.T.);
#5240=ORIENTED_EDGE('',*,*,#5216,.T.);
#5241=ORIENTED_EDGE('',*,*,#5223,.T.);
#5242=EDGE_LOOP('',(#5240,#5241));
#5243=FACE_BOUND('',#5242,.T.);
#5244=ADVANCED_FACE('',(#5239,#5243),#5235,.T.);
#5245=CARTESIAN_POINT('',(540.529790328,583.547804531,1.131405097));
#5246=DIRECTION('',(-0.015114227,-0.865893504,-0.5));
#5247=DIRECTION('',(-0.008726203,-0.499923848,0.866025404));
#5248=AXIS2_PLACEMENT_3D('',#5245,#5246,#5247);
#5249=CYLINDRICAL_SURFACE('',#5248,1.1);
#5250=CARTESIAN_POINT('',(540.520191505,582.997888298,2.084033041));
#5251=VERTEX_POINT('',#5250);
#5252=CARTESIAN_POINT('',(540.459734595,579.534314283,0.084033041));
#5253=DIRECTION('',(0.015114227,0.865893504,0.5));
#5254=VECTOR('',#5253,4.);
#5255=LINE('',#5252,#5254);
#5256=EDGE_CURVE('',#2483,#5251,#5255,.T.);
#5257=ORIENTED_EDGE('',*,*,#5256,.F.);
#5258=ORIENTED_EDGE('',*,*,#2489,.F.);
#5259=ORIENTED_EDGE('',*,*,#2496,.F.);
#5260=ORIENTED_EDGE('',*,*,#5256,.T.);
#5261=CARTESIAN_POINT('',(540.539389152,584.097720763,0.178777153));
#5262=VERTEX_POINT('',#5261);
#5263=CARTESIAN_POINT('',(540.529790328,583.547804531,1.131405097));
#5264=DIRECTION('',(0.015114227,0.865893504,0.5));
#5265=DIRECTION('',(0.008726203,0.499923848,-0.866025404));
#5266=AXIS2_PLACEMENT_3D('',#5263,#5264,#5265);
#5267=CIRCLE('',#5266,1.1);
#5268=EDGE_CURVE('',#5251,#5262,#5267,.T.);
#5269=ORIENTED_EDGE('',*,*,#5268,.T.);
#5270=CARTESIAN_POINT('',(540.529790328,583.547804531,1.131405097));
#5271=DIRECTION('',(0.015114227,0.865893504,0.5));
#5272=DIRECTION('',(0.008726203,0.499923848,-0.866025404));
#5273=AXIS2_PLACEMENT_3D('',#5270,#5271,#5272);
#5274=CIRCLE('',#5273,1.1);
#5275=EDGE_CURVE('',#5262,#5251,#5274,.T.);
#5276=ORIENTED_EDGE('',*,*,#5275,.T.);
#5277=EDGE_LOOP('',(#5257,#5258,#5259,#5260,#5269,#5276));
#5278=FACE_BOUND('',#5277,.T.);
#5279=ADVANCED_FACE('',(#5278),#5249,.F.);
#5280=CARTESIAN_POINT('',(540.529790328,583.547804531,1.131405097));
#5281=DIRECTION('',(-0.015114227,-0.865893504,-0.5));
#5282=DIRECTION('',(-0.008726203,-0.499923848,0.866025404));
#5283=AXIS2_PLACEMENT_3D('',#5280,#5281,#5282);
#5284=CYLINDRICAL_SURFACE('',#5283,1.8);
#5285=CARTESIAN_POINT('',(540.514083162,582.647941605,2.690250824));
#5286=VERTEX_POINT('',#5285);
#5287=CARTESIAN_POINT('',(540.483854708,580.916154597,1.690250824));
#5288=DIRECTION('',(0.015114227,0.865893504,0.5));
#5289=VECTOR('',#5288,2.);
#5290=LINE('',#5287,#5289);
#5291=EDGE_CURVE('',#5030,#5286,#5290,.T.);
#5292=ORIENTED_EDGE('',*,*,#5291,.T.);
#5293=CARTESIAN_POINT('',(540.545497494,584.447667456,-0.42744063));
#5294=VERTEX_POINT('',#5293);
#5295=CARTESIAN_POINT('',(540.529790328,583.547804531,1.131405097));
#5296=DIRECTION('',(0.015114227,0.865893504,0.5));
#5297=DIRECTION('',(0.008726203,0.499923848,-0.866025404));
#5298=AXIS2_PLACEMENT_3D('',#5295,#5296,#5297);
#5299=CIRCLE('',#5298,1.8);
#5300=EDGE_CURVE('',#5294,#5286,#5299,.T.);
#5301=ORIENTED_EDGE('',*,*,#5300,.F.);
#5302=CARTESIAN_POINT('',(540.529790328,583.547804531,1.131405097));
#5303=DIRECTION('',(0.015114227,0.865893504,0.5));
#5304=DIRECTION('',(0.008726203,0.499923848,-0.866025404));
#5305=AXIS2_PLACEMENT_3D('',#5302,#5303,#5304);
#5306=CIRCLE('',#5305,1.8);
#5307=EDGE_CURVE('',#5286,#5294,#5306,.T.);
#5308=ORIENTED_EDGE('',*,*,#5307,.F.);
#5309=ORIENTED_EDGE('',*,*,#5291,.F.);
#5310=ORIENTED_EDGE('',*,*,#5038,.T.);
#5311=ORIENTED_EDGE('',*,*,#5045,.T.);
#5312=EDGE_LOOP('',(#5292,#5301,#5308,#5309,#5310,#5311));
#5313=FACE_BOUND('',#5312,.T.);
#5314=ADVANCED_FACE('',(#5313),#5284,.T.);
#5315=CARTESIAN_POINT('',(808.016885036,551.824679451,47.983379442));
#5316=DIRECTION('',(0.015114227,0.865893504,0.5));
#5317=DIRECTION('',(0.008726203,0.499923848,-0.866025404));
#5318=AXIS2_PLACEMENT_3D('',#5315,#5316,#5317);
#5319=PLANE('',#5318);
#5320=ORIENTED_EDGE('',*,*,#5268,.F.);
#5321=ORIENTED_EDGE('',*,*,#5275,.F.);
#5322=EDGE_LOOP('',(#5320,#5321));
#5323=FACE_BOUND('',#5322,.T.);
#5324=ORIENTED_EDGE('',*,*,#5300,.T.);
#5325=ORIENTED_EDGE('',*,*,#5307,.T.);
#5326=EDGE_LOOP('',(#5324,#5325));
#5327=FACE_BOUND('',#5326,.T.);
#5328=ADVANCED_FACE('',(#5323,#5327),#5319,.T.);
#5329=CARTESIAN_POINT('',(540.284584018,569.499944414,25.466718943));
#5330=DIRECTION('',(-0.015114227,-0.865893504,-0.5));
#5331=DIRECTION('',(-0.008726203,-0.499923848,0.866025404));
#5332=AXIS2_PLACEMENT_3D('',#5329,#5330,#5331);
#5333=CYLINDRICAL_SURFACE('',#5332,1.1);
#5334=CARTESIAN_POINT('',(540.274985194,568.950028181,26.419346887));
#5335=VERTEX_POINT('',#5334);
#5336=CARTESIAN_POINT('',(540.214528285,565.486454166,24.419346887));
#5337=DIRECTION('',(0.015114227,0.865893504,0.5));
#5338=VECTOR('',#5337,4.);
#5339=LINE('',#5336,#5338);
#5340=EDGE_CURVE('',#2503,#5335,#5339,.T.);
#5341=ORIENTED_EDGE('',*,*,#5340,.F.);
#5342=ORIENTED_EDGE('',*,*,#2509,.F.);
#5343=ORIENTED_EDGE('',*,*,#2516,.F.);
#5344=ORIENTED_EDGE('',*,*,#5340,.T.);
#5345=CARTESIAN_POINT('',(540.294182841,570.049860646,24.514090999));
#5346=VERTEX_POINT('',#5345);
#5347=CARTESIAN_POINT('',(540.284584018,569.499944414,25.466718943));
#5348=DIRECTION('',(0.015114227,0.865893504,0.5));
#5349=DIRECTION('',(0.008726203,0.499923848,-0.866025404));
#5350=AXIS2_PLACEMENT_3D('',#5347,#5348,#5349);
#5351=CIRCLE('',#5350,1.1);
#5352=EDGE_CURVE('',#5335,#5346,#5351,.T.);
#5353=ORIENTED_EDGE('',*,*,#5352,.T.);
#5354=CARTESIAN_POINT('',(540.284584018,569.499944414,25.466718943));
#5355=DIRECTION('',(0.015114227,0.865893504,0.5));
#5356=DIRECTION('',(0.008726203,0.499923848,-0.866025404));
#5357=AXIS2_PLACEMENT_3D('',#5354,#5355,#5356);
#5358=CIRCLE('',#5357,1.1);
#5359=EDGE_CURVE('',#5346,#5335,#5358,.T.);
#5360=ORIENTED_EDGE('',*,*,#5359,.T.);
#5361=EDGE_LOOP('',(#5341,#5342,#5343,#5344,#5353,#5360));
#5362=FACE_BOUND('',#5361,.T.);
#5363=ADVANCED_FACE('',(#5362),#5333,.F.);
#5364=CARTESIAN_POINT('',(540.284584018,569.499944414,25.466718943));
#5365=DIRECTION('',(-0.015114227,-0.865893504,-0.5));
#5366=DIRECTION('',(-0.008726203,-0.499923848,0.866025404));
#5367=AXIS2_PLACEMENT_3D('',#5364,#5365,#5366);
#5368=CYLINDRICAL_SURFACE('',#5367,1.8);
#5369=CARTESIAN_POINT('',(540.268876852,568.600081488,27.02556467));
#5370=VERTEX_POINT('',#5369);
#5371=CARTESIAN_POINT('',(540.238648397,566.86829448,26.02556467));
#5372=DIRECTION('',(0.015114227,0.865893504,0.5));
#5373=VECTOR('',#5372,2.);
#5374=LINE('',#5371,#5373);
#5375=EDGE_CURVE('',#5010,#5370,#5374,.T.);
#5376=ORIENTED_EDGE('',*,*,#5375,.T.);
#5377=CARTESIAN_POINT('',(540.300291183,570.399807339,23.907873216));
#5378=VERTEX_POINT('',#5377);
#5379=CARTESIAN_POINT('',(540.284584018,569.499944414,25.466718943));
#5380=DIRECTION('',(0.015114227,0.865893504,0.5));
#5381=DIRECTION('',(0.008726203,0.499923848,-0.866025404));
#5382=AXIS2_PLACEMENT_3D('',#5379,#5380,#5381);
#5383=CIRCLE('',#5382,1.8);
#5384=EDGE_CURVE('',#5378,#5370,#5383,.T.);
#5385=ORIENTED_EDGE('',*,*,#5384,.F.);
#5386=CARTESIAN_POINT('',(540.284584018,569.499944414,25.466718943));
#5387=DIRECTION('',(0.015114227,0.865893504,0.5));
#5388=DIRECTION('',(0.008726203,0.499923848,-0.866025404));
#5389=AXIS2_PLACEMENT_3D('',#5386,#5387,#5388);
#5390=CIRCLE('',#5389,1.8);
#5391=EDGE_CURVE('',#5370,#5378,#5390,.T.);
#5392=ORIENTED_EDGE('',*,*,#5391,.F.);
#5393=ORIENTED_EDGE('',*,*,#5375,.F.);
#5394=ORIENTED_EDGE('',*,*,#5018,.T.);
#5395=ORIENTED_EDGE('',*,*,#5025,.T.);
#5396=EDGE_LOOP('',(#5376,#5385,#5392,#5393,#5394,#5395));
#5397=FACE_BOUND('',#5396,.T.);
#5398=ADVANCED_FACE('',(#5397),#5368,.T.);
#5399=CARTESIAN_POINT('',(808.016885036,551.824679451,47.983379442));
#5400=DIRECTION('',(0.015114227,0.865893504,0.5));
#5401=DIRECTION('',(0.008726203,0.499923848,-0.866025404));
#5402=AXIS2_PLACEMENT_3D('',#5399,#5400,#5401);
#5403=PLANE('',#5402);
#5404=ORIENTED_EDGE('',*,*,#5352,.F.);
#5405=ORIENTED_EDGE('',*,*,#5359,.F.);
#5406=EDGE_LOOP('',(#5404,#5405));
#5407=FACE_BOUND('',#5406,.T.);
#5408=ORIENTED_EDGE('',*,*,#5384,.T.);
#5409=ORIENTED_EDGE('',*,*,#5391,.T.);
#5410=EDGE_LOOP('',(#5408,#5409));
#5411=FACE_BOUND('',#5410,.T.);
#5412=ADVANCED_FACE('',(#5407,#5411),#5403,.T.);
#5413=CARTESIAN_POINT('',(515.097614319,569.451347958,22.312240826));
#5414=DIRECTION('',(-0.999847695,0.017452406,-0.));
#5415=DIRECTION('',(0.015114227,0.865893504,0.5));
#5416=AXIS2_PLACEMENT_3D('',#5413,#5414,#5415);
#5417=PLANE('',#5416);
#5418=ORIENTED_EDGE('',*,*,#2576,.T.);
#5419=CARTESIAN_POINT('',(515.136882234,571.701005272,18.415126509));
#5420=DIRECTION('',(-0.015114227,-0.865893504,-0.5));
#5421=VECTOR('',#5420,2.);
#5422=LINE('',#5419,#5421);
#5423=EDGE_CURVE('',#5087,#2563,#5422,.T.);
#5424=ORIENTED_EDGE('',*,*,#5423,.F.);
#5425=ORIENTED_EDGE('',*,*,#5092,.F.);
#5426=CARTESIAN_POINT('',(515.049620202,566.701766796,27.075380546));
#5427=DIRECTION('',(-0.015114227,-0.865893504,-0.5));
#5428=VECTOR('',#5427,2.);
#5429=LINE('',#5426,#5428);
#5430=EDGE_CURVE('',#5079,#2571,#5429,.T.);
#5431=ORIENTED_EDGE('',*,*,#5430,.T.);
#5432=EDGE_LOOP('',(#5418,#5424,#5425,#5431));
#5433=FACE_BOUND('',#5432,.T.);
#5434=ADVANCED_FACE('',(#5433),#5417,.F.);
#5435=CARTESIAN_POINT('',(526.135206881,571.509028801,18.415126509));
#5436=DIRECTION('',(0.008726203,0.499923848,-0.866025404));
#5437=DIRECTION('',(-0.015114227,-0.865893504,-0.5));
#5438=AXIS2_PLACEMENT_3D('',#5435,#5436,#5437);
#5439=PLANE('',#5438);
#5440=ORIENTED_EDGE('',*,*,#2568,.T.);
#5441=CARTESIAN_POINT('',(537.133531527,571.31705233,18.415126509));
#5442=DIRECTION('',(-0.015114227,-0.865893504,-0.5));
#5443=VECTOR('',#5442,2.);
#5444=LINE('',#5441,#5443);
#5445=EDGE_CURVE('',#5095,#2555,#5444,.T.);
#5446=ORIENTED_EDGE('',*,*,#5445,.F.);
#5447=ORIENTED_EDGE('',*,*,#5100,.F.);
#5448=ORIENTED_EDGE('',*,*,#5423,.T.);
#5449=EDGE_LOOP('',(#5440,#5446,#5447,#5448));
#5450=FACE_BOUND('',#5449,.T.);
#5451=ADVANCED_FACE('',(#5450),#5439,.F.);
#5452=CARTESIAN_POINT('',(537.094263613,569.067395016,22.312240826));
#5453=DIRECTION('',(0.999847695,-0.017452406,0.));
#5454=DIRECTION('',(-0.015114227,-0.865893504,-0.5));
#5455=AXIS2_PLACEMENT_3D('',#5452,#5453,#5454);
#5456=PLANE('',#5455);
#5457=ORIENTED_EDGE('',*,*,#2560,.T.);
#5458=CARTESIAN_POINT('',(537.046269495,566.317813855,27.075380546));
#5459=DIRECTION('',(-0.015114227,-0.865893504,-0.5));
#5460=VECTOR('',#5459,2.);
#5461=LINE('',#5458,#5460);
#5462=EDGE_CURVE('',#5103,#2547,#5461,.T.);
#5463=ORIENTED_EDGE('',*,*,#5462,.F.);
#5464=ORIENTED_EDGE('',*,*,#5108,.F.);
#5465=ORIENTED_EDGE('',*,*,#5445,.T.);
#5466=EDGE_LOOP('',(#5457,#5463,#5464,#5465));
#5467=FACE_BOUND('',#5466,.T.);
#5468=ADVANCED_FACE('',(#5467),#5456,.F.);
#5469=CARTESIAN_POINT('',(512.550000964,566.745397812,27.075380546));
#5470=DIRECTION('',(0.008726203,0.499923848,-0.866025404));
#5471=DIRECTION('',(-0.015114227,-0.865893504,-0.5));
#5472=AXIS2_PLACEMENT_3D('',#5469,#5470,#5471);
#5473=PLANE('',#5472);
#5474=ORIENTED_EDGE('',*,*,#2582,.T.);
#5475=ORIENTED_EDGE('',*,*,#5430,.F.);
#5476=ORIENTED_EDGE('',*,*,#5084,.F.);
#5477=ORIENTED_EDGE('',*,*,#5138,.T.);
#5478=EDGE_LOOP('',(#5474,#5475,#5476,#5477));
#5479=FACE_BOUND('',#5478,.T.);
#5480=ADVANCED_FACE('',(#5479),#5473,.F.);
#5481=CARTESIAN_POINT('',(539.545888733,566.274182839,27.075380546));
#5482=DIRECTION('',(-0.008726203,-0.499923848,0.866025404));
#5483=DIRECTION('',(0.015114227,0.865893504,0.5));
#5484=AXIS2_PLACEMENT_3D('',#5481,#5482,#5483);
#5485=PLANE('',#5484);
#5486=ORIENTED_EDGE('',*,*,#2552,.F.);
#5487=ORIENTED_EDGE('',*,*,#5156,.F.);
#5488=ORIENTED_EDGE('',*,*,#5116,.T.);
#5489=ORIENTED_EDGE('',*,*,#5462,.T.);
#5490=EDGE_LOOP('',(#5486,#5487,#5488,#5489));
#5491=FACE_BOUND('',#5490,.T.);
#5492=ADVANCED_FACE('',(#5491),#5485,.T.);
#5493=CARTESIAN_POINT('',(526.399839699,538.848229884,15.518522098));
#5494=DIRECTION('',(-1.,-0.,-0.));
#5495=DIRECTION('',(-0.,0.,1.));
#5496=AXIS2_PLACEMENT_3D('',#5493,#5494,#5495);
#5497=CYLINDRICAL_SURFACE('',#5496,1.);
#5498=ORIENTED_EDGE('',*,*,#3786,.F.);
#5499=CARTESIAN_POINT('',(555.399839699,538.848229884,15.518522098));
#5500=DIRECTION('',(-1.,-0.,-0.));
#5501=DIRECTION('',(-0.,0.,1.));
#5502=AXIS2_PLACEMENT_3D('',#5499,#5500,#5501);
#5503=CIRCLE('',#5502,1.);
#5504=EDGE_CURVE('',#3775,#2959,#5503,.T.);
#5505=ORIENTED_EDGE('',*,*,#5504,.T.);
#5506=ORIENTED_EDGE('',*,*,#2964,.F.);
#5507=CARTESIAN_POINT('',(497.399839699,538.848229884,15.518522098));
#5508=DIRECTION('',(1.,0.,0.));
#5509=DIRECTION('',(-0.,0.,1.));
#5510=AXIS2_PLACEMENT_3D('',#5507,#5508,#5509);
#5511=CIRCLE('',#5510,1.);
#5512=EDGE_CURVE('',#2957,#3757,#5511,.T.);
#5513=ORIENTED_EDGE('',*,*,#5512,.T.);
#5514=EDGE_LOOP('',(#5498,#5505,#5506,#5513));
#5515=FACE_BOUND('',#5514,.T.);
#5516=ADVANCED_FACE('',(#5515),#5497,.T.);
#5517=CARTESIAN_POINT('',(497.399839699,538.848229884,17.518522098));
#5518=DIRECTION('',(0.,-0.,-1.));
#5519=DIRECTION('',(-0.,1.,-0.));
#5520=AXIS2_PLACEMENT_3D('',#5517,#5518,#5519);
#5521=CYLINDRICAL_SURFACE('',#5520,1.);
#5522=ORIENTED_EDGE('',*,*,#4531,.F.);
#5523=ORIENTED_EDGE('',*,*,#2946,.F.);
#5524=CARTESIAN_POINT('',(497.399839699,538.848229884,15.518522098));
#5525=DIRECTION('',(-0.,0.,1.));
#5526=DIRECTION('',(-0.,1.,-0.));
#5527=AXIS2_PLACEMENT_3D('',#5524,#5525,#5526);
#5528=CIRCLE('',#5527,1.);
#5529=EDGE_CURVE('',#2957,#2935,#5528,.T.);
#5530=ORIENTED_EDGE('',*,*,#5529,.F.);
#5531=ORIENTED_EDGE('',*,*,#2986,.F.);
#5532=EDGE_LOOP('',(#5522,#5523,#5530,#5531));
#5533=FACE_BOUND('',#5532,.T.);
#5534=ADVANCED_FACE('',(#5533),#5521,.T.);
#5535=CARTESIAN_POINT('',(497.399839699,538.848229884,15.518522098));
#5536=DIRECTION('',(1.,0.,0.));
#5537=DIRECTION('',(-0.,1.,0.));
#5538=AXIS2_PLACEMENT_3D('',#5535,#5536,#5537);
#5539=SPHERICAL_SURFACE('',#5538,1.);
#5540=ORIENTED_EDGE('',*,*,#5529,.T.);
#5541=CARTESIAN_POINT('',(497.399839699,538.848229884,15.518522098));
#5542=DIRECTION('',(0.,-1.,0.));
#5543=DIRECTION('',(-1.,-0.,-0.));
#5544=AXIS2_PLACEMENT_3D('',#5541,#5542,#5543);
#5545=CIRCLE('',#5544,1.);
#5546=EDGE_CURVE('',#3757,#2935,#5545,.T.);
#5547=ORIENTED_EDGE('',*,*,#5546,.F.);
#5548=ORIENTED_EDGE('',*,*,#5512,.F.);
#5549=EDGE_LOOP('',(#5540,#5547,#5548));
#5550=FACE_BOUND('',#5549,.T.);
#5551=ADVANCED_FACE('',(#5550),#5539,.T.);
#5552=CARTESIAN_POINT('',(497.399839699,573.848229884,15.518522098));
#5553=DIRECTION('',(-0.,1.,-0.));
#5554=DIRECTION('',(-1.,-0.,-0.));
#5555=AXIS2_PLACEMENT_3D('',#5552,#5553,#5554);
#5556=CYLINDRICAL_SURFACE('',#5555,1.);
#5557=ORIENTED_EDGE('',*,*,#2940,.F.);
#5558=CARTESIAN_POINT('',(497.399839699,480.848229884,15.518522098));
#5559=DIRECTION('',(-0.,1.,-0.));
#5560=DIRECTION('',(-1.,-0.,-0.));
#5561=AXIS2_PLACEMENT_3D('',#5558,#5559,#5560);
#5562=CIRCLE('',#5561,1.);
#5563=EDGE_CURVE('',#2927,#3759,#5562,.T.);
#5564=ORIENTED_EDGE('',*,*,#5563,.T.);
#5565=ORIENTED_EDGE('',*,*,#3764,.F.);
#5566=ORIENTED_EDGE('',*,*,#5546,.T.);
#5567=EDGE_LOOP('',(#5557,#5564,#5565,#5566));
#5568=FACE_BOUND('',#5567,.T.);
#5569=ADVANCED_FACE('',(#5568),#5556,.T.);
#5570=CARTESIAN_POINT('',(555.399839699,573.848229884,15.518522098));
#5571=DIRECTION('',(0.,-1.,0.));
#5572=DIRECTION('',(0.,-0.,-1.));
#5573=AXIS2_PLACEMENT_3D('',#5570,#5571,#5572);
#5574=CYLINDRICAL_SURFACE('',#5573,1.);
#5575=ORIENTED_EDGE('',*,*,#3780,.F.);
#5576=CARTESIAN_POINT('',(555.399839699,480.848229884,15.518522098));
#5577=DIRECTION('',(-0.,1.,-0.));
#5578=DIRECTION('',(0.,-0.,-1.));
#5579=AXIS2_PLACEMENT_3D('',#5576,#5577,#5578);
#5580=CIRCLE('',#5579,1.);
#5581=EDGE_CURVE('',#3767,#3039,#5580,.T.);
#5582=ORIENTED_EDGE('',*,*,#5581,.T.);
#5583=ORIENTED_EDGE('',*,*,#3044,.F.);
#5584=CARTESIAN_POINT('',(555.399839699,538.848229884,15.518522098));
#5585=DIRECTION('',(0.,1.,0.));
#5586=DIRECTION('',(0.,-0.,1.));
#5587=AXIS2_PLACEMENT_3D('',#5584,#5585,#5586);
#5588=CIRCLE('',#5587,1.);
#5589=EDGE_CURVE('',#3775,#3037,#5588,.T.);
#5590=ORIENTED_EDGE('',*,*,#5589,.F.);
#5591=EDGE_LOOP('',(#5575,#5582,#5583,#5590));
#5592=FACE_BOUND('',#5591,.T.);
#5593=ADVANCED_FACE('',(#5592),#5574,.T.);
#5594=CARTESIAN_POINT('',(555.399839699,538.848229884,15.518522098));
#5595=DIRECTION('',(-1.,-0.,-0.));
#5596=DIRECTION('',(0.,-1.,0.));
#5597=AXIS2_PLACEMENT_3D('',#5594,#5595,#5596);
#5598=SPHERICAL_SURFACE('',#5597,1.);
#5599=ORIENTED_EDGE('',*,*,#5504,.F.);
#5600=ORIENTED_EDGE('',*,*,#5589,.T.);
#5601=CARTESIAN_POINT('',(555.399839699,538.848229884,15.518522098));
#5602=DIRECTION('',(0.,0.,-1.));
#5603=DIRECTION('',(-1.,0.,0.));
#5604=AXIS2_PLACEMENT_3D('',#5601,#5602,#5603);
#5605=CIRCLE('',#5604,1.);
#5606=EDGE_CURVE('',#2959,#3037,#5605,.T.);
#5607=ORIENTED_EDGE('',*,*,#5606,.F.);
#5608=EDGE_LOOP('',(#5599,#5600,#5607));
#5609=FACE_BOUND('',#5608,.T.);
#5610=ADVANCED_FACE('',(#5609),#5598,.T.);
#5611=CARTESIAN_POINT('',(555.399839699,538.848229884,17.518522098));
#5612=DIRECTION('',(0.,-0.,-1.));
#5613=DIRECTION('',(-0.,1.,-0.));
#5614=AXIS2_PLACEMENT_3D('',#5611,#5612,#5613);
#5615=CYLINDRICAL_SURFACE('',#5614,1.);
#5616=ORIENTED_EDGE('',*,*,#5606,.T.);
#5617=ORIENTED_EDGE('',*,*,#3066,.F.);
#5618=ORIENTED_EDGE('',*,*,#4539,.F.);
#5619=ORIENTED_EDGE('',*,*,#2972,.F.);
#5620=EDGE_LOOP('',(#5616,#5617,#5618,#5619));
#5621=FACE_BOUND('',#5620,.T.);
#5622=ADVANCED_FACE('',(#5621),#5615,.T.);
#5623=CARTESIAN_POINT('',(555.399839699,480.848229884,17.518522098));
#5624=DIRECTION('',(0.,-0.,-1.));
#5625=DIRECTION('',(-0.,1.,-0.));
#5626=AXIS2_PLACEMENT_3D('',#5623,#5624,#5625);
#5627=CYLINDRICAL_SURFACE('',#5626,1.);
#5628=ORIENTED_EDGE('',*,*,#4515,.F.);
#5629=ORIENTED_EDGE('',*,*,#3052,.F.);
#5630=CARTESIAN_POINT('',(555.399839699,480.848229884,15.518522098));
#5631=DIRECTION('',(0.,0.,1.));
#5632=DIRECTION('',(1.,0.,-0.));
#5633=AXIS2_PLACEMENT_3D('',#5630,#5631,#5632);
#5634=CIRCLE('',#5633,1.);
#5635=EDGE_CURVE('',#2997,#3039,#5634,.T.);
#5636=ORIENTED_EDGE('',*,*,#5635,.F.);
#5637=ORIENTED_EDGE('',*,*,#3026,.F.);
#5638=EDGE_LOOP('',(#5628,#5629,#5636,#5637));
#5639=FACE_BOUND('',#5638,.T.);
#5640=ADVANCED_FACE('',(#5639),#5627,.T.);
#5641=CARTESIAN_POINT('',(555.399839699,480.848229884,15.518522098));
#5642=DIRECTION('',(0.,1.,-0.));
#5643=DIRECTION('',(0.,0.,1.));
#5644=AXIS2_PLACEMENT_3D('',#5641,#5642,#5643);
#5645=SPHERICAL_SURFACE('',#5644,1.);
#5646=ORIENTED_EDGE('',*,*,#5635,.T.);
#5647=ORIENTED_EDGE('',*,*,#5581,.F.);
#5648=CARTESIAN_POINT('',(555.399839699,480.848229884,15.518522098));
#5649=DIRECTION('',(-1.,0.,0.));
#5650=DIRECTION('',(0.,0.,1.));
#5651=AXIS2_PLACEMENT_3D('',#5648,#5649,#5650);
#5652=CIRCLE('',#5651,1.);
#5653=EDGE_CURVE('',#2997,#3767,#5652,.T.);
#5654=ORIENTED_EDGE('',*,*,#5653,.F.);
#5655=EDGE_LOOP('',(#5646,#5647,#5654));
#5656=FACE_BOUND('',#5655,.T.);
#5657=ADVANCED_FACE('',(#5656),#5645,.T.);
#5658=CARTESIAN_POINT('',(589.899839699,480.848229884,15.518522098));
#5659=DIRECTION('',(-1.,-0.,-0.));
#5660=DIRECTION('',(-0.,0.,1.));
#5661=AXIS2_PLACEMENT_3D('',#5658,#5659,#5660);
#5662=CYLINDRICAL_SURFACE('',#5661,1.);
#5663=ORIENTED_EDGE('',*,*,#5653,.T.);
#5664=ORIENTED_EDGE('',*,*,#3772,.F.);
#5665=CARTESIAN_POINT('',(497.399839699,480.848229884,15.518522098));
#5666=DIRECTION('',(-1.,0.,0.));
#5667=DIRECTION('',(0.,0.,1.));
#5668=AXIS2_PLACEMENT_3D('',#5665,#5666,#5667);
#5669=CIRCLE('',#5668,1.);
#5670=EDGE_CURVE('',#2999,#3759,#5669,.T.);
#5671=ORIENTED_EDGE('',*,*,#5670,.F.);
#5672=ORIENTED_EDGE('',*,*,#3004,.F.);
#5673=EDGE_LOOP('',(#5663,#5664,#5671,#5672));
#5674=FACE_BOUND('',#5673,.T.);
#5675=ADVANCED_FACE('',(#5674),#5662,.T.);
#5676=CARTESIAN_POINT('',(497.399839699,480.848229884,15.518522098));
#5677=DIRECTION('',(0.,1.,-0.));
#5678=DIRECTION('',(0.,0.,1.));
#5679=AXIS2_PLACEMENT_3D('',#5676,#5677,#5678);
#5680=SPHERICAL_SURFACE('',#5679,1.);
#5681=ORIENTED_EDGE('',*,*,#5670,.T.);
#5682=ORIENTED_EDGE('',*,*,#5563,.F.);
#5683=CARTESIAN_POINT('',(497.399839699,480.848229884,15.518522098));
#5684=DIRECTION('',(0.,0.,-1.));
#5685=DIRECTION('',(-1.,0.,0.));
#5686=AXIS2_PLACEMENT_3D('',#5683,#5684,#5685);
#5687=CIRCLE('',#5686,1.);
#5688=EDGE_CURVE('',#2999,#2927,#5687,.T.);
#5689=ORIENTED_EDGE('',*,*,#5688,.F.);
#5690=EDGE_LOOP('',(#5681,#5682,#5689));
#5691=FACE_BOUND('',#5690,.T.);
#5692=ADVANCED_FACE('',(#5691),#5680,.T.);
#5693=CARTESIAN_POINT('',(497.399839699,480.848229884,17.518522098));
#5694=DIRECTION('',(0.,-0.,-1.));
#5695=DIRECTION('',(-0.,1.,-0.));
#5696=AXIS2_PLACEMENT_3D('',#5693,#5694,#5695);
#5697=CYLINDRICAL_SURFACE('',#5696,1.);
#5698=ORIENTED_EDGE('',*,*,#5688,.T.);
#5699=ORIENTED_EDGE('',*,*,#2932,.F.);
#5700=ORIENTED_EDGE('',*,*,#4523,.F.);
#5701=ORIENTED_EDGE('',*,*,#3012,.F.);
#5702=EDGE_LOOP('',(#5698,#5699,#5700,#5701));
#5703=FACE_BOUND('',#5702,.T.);
#5704=ADVANCED_FACE('',(#5703),#5697,.T.);
#5705=CARTESIAN_POINT('',(-52.674838152,450.606943093,-3.97603682));
#5706=DIRECTION('',(0.015114227,0.865893504,0.5));
#5707=DIRECTION('',(-0.999847695,0.017452406,-0.));
#5708=AXIS2_PLACEMENT_3D('',#5705,#5706,#5707);
#5709=PLANE('',#5708);
#5710=ORIENTED_EDGE('',*,*,#1554,.F.);
#5711=ORIENTED_EDGE('',*,*,#228,.F.);
#5712=ORIENTED_EDGE('',*,*,#1505,.F.);
#5713=ORIENTED_EDGE('',*,*,#4437,.F.);
#5714=EDGE_LOOP('',(#5710,#5711,#5712,#5713));
#5715=FACE_BOUND('',#5714,.T.);
#5716=ADVANCED_FACE('',(#5715),#5709,.T.);
#5717=CLOSED_SHELL('',(#77,#128,#142,#278,#318,#461,#604,#626,#638,#673,#708,#722,#757,#792,#806,#828,#845,#862,#897,#932,#946,#981,#1016,#1030,#1042,#1077,
#1128,#1142,#1177,#1228,#1242,#1277,#1328,#1342,#1430,#1452,#1469,#1486,#1516,#1528,#1558,#1570,#1621,#1672,#1686,#1822,#1857,#1908,#1922,#1957,#2008,
#2022,#2057,#2108,#2122,#2210,#2232,#2249,#2266,#2288,#2300,#2322,#2334,#2385,#2436,#2450,#2586,#2660,#2700,#2740,#2780,#2804,#2828,#2852,#2876,#2950,
#2990,#3030,#3070,#3110,#3150,#3400,#3431,#3455,#3479,#3496,#3527,#3551,#3575,#3592,#3609,#3626,#3657,#3688,#3719,#3750,#3870,#3892,#3909,#3926,#3938,
#3956,#3974,#3992,#4010,#4045,#4080,#4115,#4150,#4160,#4170,#4180,#4190,#4241,#4421,#4635,#4647,#4659,#4671,#4689,#4707,#4725,#4743,#4761,#4779,#4797,
#4815,#4827,#4923,#4942,#4961,#4980,#4999,#5126,#5143,#5160,#5195,#5230,#5244,#5279,#5314,#5328,#5363,#5398,#5412,#5434,#5451,#5468,#5480,#5492,#5516,
#5534,#5551,#5569,#5593,#5610,#5622,#5640,#5657,#5675,#5692,#5704,#5716));
#5718=MANIFOLD_SOLID_BREP('\X2\5B9E4F53\X0\  41 (5)',#5717);
#5719=COLOUR_RGB('',0.627451003,0.627451003,0.643137276);
#5720=FILL_AREA_STYLE_COLOUR('',#5719);
#5721=FILL_AREA_STYLE('',(#5720));
#5722=SURFACE_STYLE_FILL_AREA(#5721);
#5723=SURFACE_SIDE_STYLE('',(#5722));
#5724=SURFACE_STYLE_USAGE(.BOTH.,#5723);
#5725=PRESENTATION_STYLE_ASSIGNMENT((#5724));
#26=STYLED_ITEM('',(#5725),#5718);
#16=SHAPE_REPRESENTATION('root',(#15),#10);
#17=ADVANCED_BREP_SHAPE_REPRESENTATION('root',(#5718),#10);
#5733=SHAPE_REPRESENTATION_RELATIONSHIP('','',#16,#17);
#5734=CARTESIAN_POINT('',(0.,0.,0.));
#5735=DIRECTION('',(0.,0.,1.));
#5736=DIRECTION('',(1.,0.,0.));
#5737=AXIS2_PLACEMENT_3D('',#5734,#5735,#5736);
#5739=MAPPED_ITEM('',#5738,#5737);
#5738=REPRESENTATION_MAP(#5737,#16);
#5740=APPLICATION_CONTEXT('Managed model based 3d engineering');
#5741=APPLICATION_PROTOCOL_DEFINITION('international standard','ap242_managed_model_based_3d_engineering',2014,#5740);
#5742=PRODUCT_CONTEXT('',#5740,'mechanical');
#5743=PRODUCT_DEFINITION_CONTEXT('part definition',#5740,'design');
#24=PRODUCT('root','root','',(#5742));
#5744=PRODUCT_RELATED_PRODUCT_CATEGORY('part','',(#24));
#5745=PRODUCT_DEFINITION_FORMATION_WITH_SPECIFIED_SOURCE('','',#24,.NOT_KNOWN.);
#25=PRODUCT_DEFINITION('design','',#5745,#5743);
#23=PRODUCT_DEFINITION_SHAPE('','',#25);
#5746=SHAPE_DEFINITION_REPRESENTATION(#23,#16);
#11=DRAUGHTING_MODEL('',(#5739),#10);
#5747=DESCRIPTIVE_REPRESENTATION_ITEM('KEY','/private/var/mobile/Containers/Data/Application/512BD973-2612-4B7A-8C54-7F7EBD679855/tmp/C8D46A84-910A-43D0-A5B6-62FCE81E65FC.tmp');
#5748=PROPERTY_DEFINITION('KEY','',#25);
#5749=REPRESENTATION('',(#5747),#10);
#5750=PROPERTY_DEFINITION_REPRESENTATION(#5748,#5749);
#5751=GENERAL_PROPERTY('','KEY','');
#5752=GENERAL_PROPERTY_ASSOCIATION('','',#5751,#5748);
#1=MECHANICAL_DESIGN_GEOMETRIC_PRESENTATION_REPRESENTATION('',(#26),#10);
ENDSEC;
END-ISO-10303-21;
