ISO-10303-21;
HEADER;

/* File generated by Shapr3D Version 5.890.0.9070 */

FILE_DESCRIPTION(('HOOPS Exchange Step'),'2;1');

FILE_NAME('/private/var/mobile/Containers/Data/Application/512BD973-2612-4B7A-8C54-7F7EBD679855/tmp/export/temp_export',
'2025-06-28T18:45:59+08:00',
('mobile'),
('Shapr3D Limited'),
'HOOPS Exchange 2024.8',
'Shapr3D',
'Authorized');

FILE_SCHEMA( ('AP242_MANAGED_MODEL_BASED_3D_ENGINEERING_MIM_LF {1 0 10303 442 1 1 4}') );

ENDSEC;

DATA;
#3=(NAMED_UNIT(*)PLANE_ANGLE_UNIT()SI_UNIT($,.RADIAN.));
#4=PLANE_ANGLE_MEASURE_WITH_UNIT(PLANE_ANGLE_MEASURE(0.0174532925),#3);
#5=(CONVERSION_BASED_UNIT('DEGREE',#4)NAMED_UNIT(#6)PLANE_ANGLE_UNIT());
#6=DIMENSIONAL_EXPONENTS(0.,0.,0.,0.,0.,0.,0.);
#7=(NAMED_UNIT(*)SI_UNIT($,.STERADIAN.)SOLID_ANGLE_UNIT());
#8=(LENGTH_UNIT()NAMED_UNIT(*)SI_UNIT(.MILLI.,.METRE.));
#9=UNCERTAINTY_MEASURE_WITH_UNIT(LENGTH_MEASURE(1.000000E-03),#8,'DISTANCE_ACCURACY_VALUE','Maximum Tolerance applied to model');
#10=(GEOMETRIC_REPRESENTATION_CONTEXT(3)GLOBAL_UNCERTAINTY_ASSIGNED_CONTEXT((#9))GLOBAL_UNIT_ASSIGNED_CONTEXT((#8,#5,#7))REPRESENTATION_CONTEXT('','root'));
#12=CARTESIAN_POINT('',(0.,0.,0.));
#13=DIRECTION('',(0.,0.,1.));
#14=DIRECTION('',(1.,0.,0.));
#15=AXIS2_PLACEMENT_3D('TS3D_PRODUCT_CSYS',#12,#13,#14);
#26=(NAMED_UNIT(*)PLANE_ANGLE_UNIT()SI_UNIT($,.RADIAN.));
#27=PLANE_ANGLE_MEASURE_WITH_UNIT(PLANE_ANGLE_MEASURE(0.0174532925),#26);
#28=(CONVERSION_BASED_UNIT('DEGREE',#27)NAMED_UNIT(#29)PLANE_ANGLE_UNIT());
#29=DIMENSIONAL_EXPONENTS(0.,0.,0.,0.,0.,0.,0.);
#30=(NAMED_UNIT(*)SI_UNIT($,.STERADIAN.)SOLID_ANGLE_UNIT());
#31=(LENGTH_UNIT()NAMED_UNIT(*)SI_UNIT(.MILLI.,.METRE.));
#32=UNCERTAINTY_MEASURE_WITH_UNIT(LENGTH_MEASURE(1.000000E-03),#31,'DISTANCE_ACCURACY_VALUE','Maximum Tolerance applied to model');
#33=(GEOMETRIC_REPRESENTATION_CONTEXT(3)GLOBAL_UNCERTAINTY_ASSIGNED_CONTEXT((#32))GLOBAL_UNIT_ASSIGNED_CONTEXT((#31,#28,#30))REPRESENTATION_CONTEXT('','\X2\4E8C697C\X0\.step'));
#45=CARTESIAN_POINT('',(0.,0.,0.));
#46=DIRECTION('',(0.,0.,1.));
#47=DIRECTION('',(1.,0.,-0.));
#48=AXIS2_PLACEMENT_3D('',#45,#46,#47);
#49=ITEM_DEFINED_TRANSFORMATION('','',#48,#15);
#50=(REPRESENTATION_RELATIONSHIP('','',#35,#16)REPRESENTATION_RELATIONSHIP_WITH_TRANSFORMATION(#49)SHAPE_REPRESENTATION_RELATIONSHIP());
#51=NEXT_ASSEMBLY_USAGE_OCCURRENCE('\X2\4E8C697C\X0\.step_1','\X2\4E8C697C\X0\.step','\X2\4E8C697C\X0\.step',#25,#44,$);
#52=PRODUCT_DEFINITION_SHAPE('','',#51);
#53=CONTEXT_DEPENDENT_SHAPE_REPRESENTATION(#50,#52);
#54=(NAMED_UNIT(*)PLANE_ANGLE_UNIT()SI_UNIT($,.RADIAN.));
#55=PLANE_ANGLE_MEASURE_WITH_UNIT(PLANE_ANGLE_MEASURE(0.0174532925),#54);
#56=(CONVERSION_BASED_UNIT('DEGREE',#55)NAMED_UNIT(#57)PLANE_ANGLE_UNIT());
#57=DIMENSIONAL_EXPONENTS(0.,0.,0.,0.,0.,0.,0.);
#58=(NAMED_UNIT(*)SI_UNIT($,.STERADIAN.)SOLID_ANGLE_UNIT());
#59=(LENGTH_UNIT()NAMED_UNIT(*)SI_UNIT(.MILLI.,.METRE.));
#60=UNCERTAINTY_MEASURE_WITH_UNIT(LENGTH_MEASURE(1.000000E-03),#59,'DISTANCE_ACCURACY_VALUE','Maximum Tolerance applied to model');
#61=(GEOMETRIC_REPRESENTATION_CONTEXT(3)GLOBAL_UNCERTAINTY_ASSIGNED_CONTEXT((#60))GLOBAL_UNIT_ASSIGNED_CONTEXT((#59,#56,#58))REPRESENTATION_CONTEXT('','\X2\76D8740360AC6302\X0\.stp'));
#73=CARTESIAN_POINT('',(0.,0.,0.));
#74=DIRECTION('',(0.,0.,1.));
#75=DIRECTION('',(1.,0.,-0.));
#76=AXIS2_PLACEMENT_3D('',#73,#74,#75);
#77=ITEM_DEFINED_TRANSFORMATION('','',#76,#15);
#78=(REPRESENTATION_RELATIONSHIP('','',#63,#35)REPRESENTATION_RELATIONSHIP_WITH_TRANSFORMATION(#77)SHAPE_REPRESENTATION_RELATIONSHIP());
#79=NEXT_ASSEMBLY_USAGE_OCCURRENCE('\X2\76D8740360AC6302\X0\.stp_2','\X2\76D8740360AC6302\X0\.stp','\X2\76D8740360AC6302\X0\.stp',#44,#72,$);
#80=PRODUCT_DEFINITION_SHAPE('','',#79);
#81=CONTEXT_DEPENDENT_SHAPE_REPRESENTATION(#78,#80);
#82=(NAMED_UNIT(*)PLANE_ANGLE_UNIT()SI_UNIT($,.RADIAN.));
#83=PLANE_ANGLE_MEASURE_WITH_UNIT(PLANE_ANGLE_MEASURE(0.0174532925),#82);
#84=(CONVERSION_BASED_UNIT('DEGREE',#83)NAMED_UNIT(#85)PLANE_ANGLE_UNIT());
#85=DIMENSIONAL_EXPONENTS(0.,0.,0.,0.,0.,0.,0.);
#86=(NAMED_UNIT(*)SI_UNIT($,.STERADIAN.)SOLID_ANGLE_UNIT());
#87=(LENGTH_UNIT()NAMED_UNIT(*)SI_UNIT(.MILLI.,.METRE.));
#88=UNCERTAINTY_MEASURE_WITH_UNIT(LENGTH_MEASURE(1.000000E-05),#87,'DISTANCE_ACCURACY_VALUE','Maximum Tolerance applied to model');
#89=(GEOMETRIC_REPRESENTATION_CONTEXT(3)GLOBAL_UNCERTAINTY_ASSIGNED_CONTEXT((#88))GLOBAL_UNIT_ASSIGNED_CONTEXT((#87,#84,#86))REPRESENTATION_CONTEXT('','____'));
#101=CARTESIAN_POINT('',(0.,0.,0.));
#102=DIRECTION('',(0.,0.,1.));
#103=DIRECTION('',(1.,0.,-0.));
#104=AXIS2_PLACEMENT_3D('',#101,#102,#103);
#105=ITEM_DEFINED_TRANSFORMATION('','',#104,#15);
#106=(REPRESENTATION_RELATIONSHIP('','',#91,#63)REPRESENTATION_RELATIONSHIP_WITH_TRANSFORMATION(#105)SHAPE_REPRESENTATION_RELATIONSHIP());
#107=NEXT_ASSEMBLY_USAGE_OCCURRENCE('_____3','____','____',#72,#100,$);
#108=PRODUCT_DEFINITION_SHAPE('','',#107);
#109=CONTEXT_DEPENDENT_SHAPE_REPRESENTATION(#106,#108);
#111=CARTESIAN_POINT('',(169.412896547,-11.979861254,41.4));
#112=DIRECTION('',(-0.,0.,1.));
#113=DIRECTION('',(0.711488211,0.702698033,-0.));
#114=AXIS2_PLACEMENT_3D('',#111,#112,#113);
#115=PLANE('',#114);
#116=CARTESIAN_POINT('',(201.064239954,129.048079747,41.4));
#117=VERTEX_POINT('',#116);
#118=CARTESIAN_POINT('',(202.564239954,127.548079747,41.4));
#119=VERTEX_POINT('',#118);
#120=CARTESIAN_POINT('',(202.564239954,129.048079747,41.4));
#121=DIRECTION('',(-0.,0.,1.));
#122=DIRECTION('',(0.,-1.,0.));
#123=AXIS2_PLACEMENT_3D('',#120,#121,#122);
#124=CIRCLE('',#123,1.5);
#125=EDGE_CURVE('',#117,#119,#124,.T.);
#126=ORIENTED_EDGE('',*,*,#125,.F.);
#127=CARTESIAN_POINT('',(202.564239954,129.048079747,41.4));
#128=DIRECTION('',(-0.,0.,1.));
#129=DIRECTION('',(0.,-1.,0.));
#130=AXIS2_PLACEMENT_3D('',#127,#128,#129);
#131=CIRCLE('',#130,1.5);
#132=EDGE_CURVE('',#119,#117,#131,.T.);
#133=ORIENTED_EDGE('',*,*,#132,.F.);
#134=EDGE_LOOP('',(#126,#133));
#135=FACE_BOUND('',#134,.T.);
#136=CARTESIAN_POINT('',(201.064239954,111.74807975,41.4));
#137=VERTEX_POINT('',#136);
#138=CARTESIAN_POINT('',(202.564239954,110.24807975,41.4));
#139=VERTEX_POINT('',#138);
#140=CARTESIAN_POINT('',(202.564239954,111.74807975,41.4));
#141=DIRECTION('',(-0.,0.,1.));
#142=DIRECTION('',(0.,-1.,0.));
#143=AXIS2_PLACEMENT_3D('',#140,#141,#142);
#144=CIRCLE('',#143,1.5);
#145=EDGE_CURVE('',#137,#139,#144,.T.);
#146=ORIENTED_EDGE('',*,*,#145,.F.);
#147=CARTESIAN_POINT('',(202.564239954,111.74807975,41.4));
#148=DIRECTION('',(-0.,0.,1.));
#149=DIRECTION('',(0.,-1.,0.));
#150=AXIS2_PLACEMENT_3D('',#147,#148,#149);
#151=CIRCLE('',#150,1.5);
#152=EDGE_CURVE('',#139,#137,#151,.T.);
#153=ORIENTED_EDGE('',*,*,#152,.F.);
#154=EDGE_LOOP('',(#146,#153));
#155=FACE_BOUND('',#154,.T.);
#156=CARTESIAN_POINT('',(218.36423996,111.74807975,41.4));
#157=VERTEX_POINT('',#156);
#158=CARTESIAN_POINT('',(219.864239956,110.248079754,41.4));
#159=VERTEX_POINT('',#158);
#160=CARTESIAN_POINT('',(219.864239956,111.74807975,41.4));
#161=DIRECTION('',(-0.,0.,1.));
#162=DIRECTION('',(0.,-1.,0.));
#163=AXIS2_PLACEMENT_3D('',#160,#161,#162);
#164=CIRCLE('',#163,1.499999996);
#165=EDGE_CURVE('',#157,#159,#164,.T.);
#166=ORIENTED_EDGE('',*,*,#165,.F.);
#167=CARTESIAN_POINT('',(219.864239956,111.74807975,41.4));
#168=DIRECTION('',(-0.,0.,1.));
#169=DIRECTION('',(0.,-1.,0.));
#170=AXIS2_PLACEMENT_3D('',#167,#168,#169);
#171=CIRCLE('',#170,1.499999996);
#172=EDGE_CURVE('',#159,#157,#171,.T.);
#173=ORIENTED_EDGE('',*,*,#172,.F.);
#174=EDGE_LOOP('',(#166,#173));
#175=FACE_BOUND('',#174,.T.);
#176=CARTESIAN_POINT('',(218.364239956,129.048079747,41.4));
#177=VERTEX_POINT('',#176);
#178=CARTESIAN_POINT('',(219.864239956,127.548079747,41.4));
#179=VERTEX_POINT('',#178);
#180=CARTESIAN_POINT('',(219.864239956,129.048079747,41.4));
#181=DIRECTION('',(-0.,0.,1.));
#182=DIRECTION('',(0.,-1.,0.));
#183=AXIS2_PLACEMENT_3D('',#180,#181,#182);
#184=CIRCLE('',#183,1.5);
#185=EDGE_CURVE('',#177,#179,#184,.T.);
#186=ORIENTED_EDGE('',*,*,#185,.F.);
#187=CARTESIAN_POINT('',(219.864239956,129.048079747,41.4));
#188=DIRECTION('',(-0.,0.,1.));
#189=DIRECTION('',(0.,-1.,0.));
#190=AXIS2_PLACEMENT_3D('',#187,#188,#189);
#191=CIRCLE('',#190,1.5);
#192=EDGE_CURVE('',#179,#177,#191,.T.);
#193=ORIENTED_EDGE('',*,*,#192,.F.);
#194=EDGE_LOOP('',(#186,#193));
#195=FACE_BOUND('',#194,.T.);
#196=CARTESIAN_POINT('',(136.085280797,53.146760863,41.4));
#197=VERTEX_POINT('',#196);
#198=CARTESIAN_POINT('',(127.456430293,44.517910368,41.4));
#199=VERTEX_POINT('',#198);
#200=CARTESIAN_POINT('',(136.085280797,53.146760863,41.4));
#201=DIRECTION('',(-0.707106782,-0.707106781,0.));
#202=VECTOR('',#201,12.203037404);
#203=LINE('',#200,#202);
#204=EDGE_CURVE('',#197,#199,#203,.T.);
#205=ORIENTED_EDGE('',*,*,#204,.T.);
#206=CARTESIAN_POINT('',(127.704621013,42.922323959,41.4));
#207=VERTEX_POINT('',#206);
#208=CARTESIAN_POINT('',(128.163537074,43.810803586,41.4));
#209=DIRECTION('',(-0.,0.,1.));
#210=DIRECTION('',(0.,-1.,0.));
#211=AXIS2_PLACEMENT_3D('',#208,#209,#210);
#212=CIRCLE('',#211,1.);
#213=EDGE_CURVE('',#199,#207,#212,.T.);
#214=ORIENTED_EDGE('',*,*,#213,.T.);
#215=CARTESIAN_POINT('',(137.579285524,38.556253154,41.4));
#216=VERTEX_POINT('',#215);
#217=CARTESIAN_POINT('',(168.699592777,122.290209089,41.4));
#218=DIRECTION('',(-0.,0.,1.));
#219=DIRECTION('',(0.,-1.,0.));
#220=AXIS2_PLACEMENT_3D('',#217,#218,#219);
#221=CIRCLE('',#220,89.33);
#222=EDGE_CURVE('',#207,#216,#221,.T.);
#223=ORIENTED_EDGE('',*,*,#222,.T.);
#224=CARTESIAN_POINT('',(138.505280797,38.556253154,41.4));
#225=VERTEX_POINT('',#224);
#226=CARTESIAN_POINT('',(137.579285524,38.556253154,41.4));
#227=DIRECTION('',(1.,-0.000000001,0.));
#228=VECTOR('',#227,0.925995273);
#229=LINE('',#226,#228);
#230=EDGE_CURVE('',#216,#225,#229,.T.);
#231=ORIENTED_EDGE('',*,*,#230,.T.);
#232=CARTESIAN_POINT('',(138.505280797,70.556253133,41.4));
#233=VERTEX_POINT('',#232);
#234=CARTESIAN_POINT('',(138.505280797,70.556253133,41.4));
#235=DIRECTION('',(-0.,-1.,0.));
#236=VECTOR('',#235,31.999999979);
#237=LINE('',#234,#236);
#238=EDGE_CURVE('',#233,#225,#237,.T.);
#239=ORIENTED_EDGE('',*,*,#238,.F.);
#240=CARTESIAN_POINT('',(150.14,70.556253133,41.4));
#241=VERTEX_POINT('',#240);
#242=CARTESIAN_POINT('',(150.14,70.556253133,41.4));
#243=DIRECTION('',(-1.,0.,-0.));
#244=VECTOR('',#243,11.634719203);
#245=LINE('',#242,#244);
#246=EDGE_CURVE('',#241,#233,#245,.T.);
#247=ORIENTED_EDGE('',*,*,#246,.F.);
#248=CARTESIAN_POINT('',(150.14,83.801329136,41.4));
#249=VERTEX_POINT('',#248);
#250=CARTESIAN_POINT('',(150.14,70.556253133,41.4));
#251=DIRECTION('',(0.,1.,-0.));
#252=VECTOR('',#251,13.245076003);
#253=LINE('',#250,#252);
#254=EDGE_CURVE('',#241,#249,#253,.T.);
#255=ORIENTED_EDGE('',*,*,#254,.T.);
#256=CARTESIAN_POINT('',(187.553904664,83.801329136,41.4));
#257=VERTEX_POINT('',#256);
#258=CARTESIAN_POINT('',(150.14,83.801329136,41.4));
#259=DIRECTION('',(1.,0.,0.));
#260=VECTOR('',#259,37.413904664);
#261=LINE('',#258,#260);
#262=EDGE_CURVE('',#249,#257,#261,.T.);
#263=ORIENTED_EDGE('',*,*,#262,.T.);
#264=CARTESIAN_POINT('',(187.553904664,70.556253133,41.4));
#265=VERTEX_POINT('',#264);
#266=CARTESIAN_POINT('',(187.553904664,83.801329136,41.4));
#267=DIRECTION('',(-0.,-1.,0.));
#268=VECTOR('',#267,13.245076003);
#269=LINE('',#266,#268);
#270=EDGE_CURVE('',#257,#265,#269,.T.);
#271=ORIENTED_EDGE('',*,*,#270,.T.);
#272=CARTESIAN_POINT('',(201.691840453,70.556253133,41.4));
#273=VERTEX_POINT('',#272);
#274=CARTESIAN_POINT('',(201.691840453,70.556253133,41.4));
#275=DIRECTION('',(-1.,0.,-0.));
#276=VECTOR('',#275,14.137935789);
#277=LINE('',#274,#276);
#278=EDGE_CURVE('',#273,#265,#277,.T.);
#279=ORIENTED_EDGE('',*,*,#278,.F.);
#280=CARTESIAN_POINT('',(201.691840453,56.414540821,41.4));
#281=VERTEX_POINT('',#280);
#282=CARTESIAN_POINT('',(201.691840453,70.556253133,41.4));
#283=DIRECTION('',(0.,-1.,0.));
#284=VECTOR('',#283,14.141712312);
#285=LINE('',#282,#284);
#286=EDGE_CURVE('',#273,#281,#285,.T.);
#287=ORIENTED_EDGE('',*,*,#286,.T.);
#288=CARTESIAN_POINT('',(234.467717375,89.190417712,41.4));
#289=VERTEX_POINT('',#288);
#290=CARTESIAN_POINT('',(201.691840453,56.414540821,41.4));
#291=DIRECTION('',(0.707106782,0.707106781,-0.));
#292=VECTOR('',#291,46.35208964);
#293=LINE('',#290,#292);
#294=EDGE_CURVE('',#281,#289,#293,.T.);
#295=ORIENTED_EDGE('',*,*,#294,.T.);
#296=CARTESIAN_POINT('',(241.114521118,89.190417709,41.4));
#297=VERTEX_POINT('',#296);
#298=CARTESIAN_POINT('',(234.467717375,89.190417712,41.4));
#299=DIRECTION('',(1.,-0.,0.));
#300=VECTOR('',#299,6.646803743);
#301=LINE('',#298,#300);
#302=EDGE_CURVE('',#289,#297,#301,.T.);
#303=ORIENTED_EDGE('',*,*,#302,.T.);
#304=CARTESIAN_POINT('',(247.776555829,82.528382992,41.4));
#305=VERTEX_POINT('',#304);
#306=CARTESIAN_POINT('',(241.114521118,89.190417709,41.4));
#307=DIRECTION('',(0.707106781,-0.707106782,0.));
#308=VECTOR('',#307,9.421539845);
#309=LINE('',#306,#308);
#310=EDGE_CURVE('',#297,#305,#309,.T.);
#311=ORIENTED_EDGE('',*,*,#310,.T.);
#312=CARTESIAN_POINT('',(249.381828431,82.795832908,41.4));
#313=VERTEX_POINT('',#312);
#314=CARTESIAN_POINT('',(248.48366261,83.235489773,41.4));
#315=DIRECTION('',(-0.,0.,1.));
#316=DIRECTION('',(0.,-1.,0.));
#317=AXIS2_PLACEMENT_3D('',#314,#315,#316);
#318=CIRCLE('',#317,1.);
#319=EDGE_CURVE('',#305,#313,#318,.T.);
#320=ORIENTED_EDGE('',*,*,#319,.T.);
#321=CARTESIAN_POINT('',(248.907099392,162.739990084,41.4));
#322=VERTEX_POINT('',#321);
#323=CARTESIAN_POINT('',(168.699592777,122.290209089,41.4));
#324=DIRECTION('',(-0.,0.,1.));
#325=DIRECTION('',(0.,-1.,0.));
#326=AXIS2_PLACEMENT_3D('',#323,#324,#325);
#327=CIRCLE('',#326,89.83);
#328=EDGE_CURVE('',#313,#322,#327,.T.);
#329=ORIENTED_EDGE('',*,*,#328,.T.);
#330=CARTESIAN_POINT('',(248.014218321,163.289697521,41.4));
#331=VERTEX_POINT('',#330);
#332=CARTESIAN_POINT('',(248.014218321,162.289697521,41.4));
#333=DIRECTION('',(-0.,0.,1.));
#334=DIRECTION('',(0.,-1.,0.));
#335=AXIS2_PLACEMENT_3D('',#332,#333,#334);
#336=CIRCLE('',#335,1.);
#337=EDGE_CURVE('',#322,#331,#336,.T.);
#338=ORIENTED_EDGE('',*,*,#337,.T.);
#339=CARTESIAN_POINT('',(247.30711154,162.996804302,41.4));
#340=VERTEX_POINT('',#339);
#341=CARTESIAN_POINT('',(248.014218321,162.289697521,41.4));
#342=DIRECTION('',(-0.,0.,1.));
#343=DIRECTION('',(0.,-1.,0.));
#344=AXIS2_PLACEMENT_3D('',#341,#342,#343);
#345=CIRCLE('',#344,1.);
#346=EDGE_CURVE('',#331,#340,#345,.T.);
#347=ORIENTED_EDGE('',*,*,#346,.T.);
#348=CARTESIAN_POINT('',(239.568886253,155.258579023,41.4));
#349=VERTEX_POINT('',#348);
#350=CARTESIAN_POINT('',(247.30711154,162.996804302,41.4));
#351=DIRECTION('',(-0.707106782,-0.707106781,0.));
#352=VECTOR('',#351,10.943503144);
#353=LINE('',#350,#352);
#354=EDGE_CURVE('',#340,#349,#353,.T.);
#355=ORIENTED_EDGE('',*,*,#354,.T.);
#356=CARTESIAN_POINT('',(234.377107256,155.258579025,41.4));
#357=VERTEX_POINT('',#356);
#358=CARTESIAN_POINT('',(239.568886253,155.258579023,41.4));
#359=DIRECTION('',(-1.,0.,-0.));
#360=VECTOR('',#359,5.191778998);
#361=LINE('',#358,#360);
#362=EDGE_CURVE('',#349,#357,#361,.T.);
#363=ORIENTED_EDGE('',*,*,#362,.T.);
#364=CARTESIAN_POINT('',(202.011516187,187.624170124,41.4));
#365=VERTEX_POINT('',#364);
#366=CARTESIAN_POINT('',(234.377107256,155.258579025,41.4));
#367=DIRECTION('',(-0.707106781,0.707106782,-0.));
#368=VECTOR('',#367,45.771857865);
#369=LINE('',#366,#368);
#370=EDGE_CURVE('',#357,#365,#369,.T.);
#371=ORIENTED_EDGE('',*,*,#370,.T.);
#372=CARTESIAN_POINT('',(202.01151619,192.696954172,41.4));
#373=VERTEX_POINT('',#372);
#374=CARTESIAN_POINT('',(202.011516187,187.624170124,41.4));
#375=DIRECTION('',(0.,1.,-0.));
#376=VECTOR('',#375,5.072784048);
#377=LINE('',#374,#376);
#378=EDGE_CURVE('',#365,#373,#377,.T.);
#379=ORIENTED_EDGE('',*,*,#378,.T.);
#380=CARTESIAN_POINT('',(209.695347392,200.380785368,41.4));
#381=VERTEX_POINT('',#380);
#382=CARTESIAN_POINT('',(202.01151619,192.696954172,41.4));
#383=DIRECTION('',(0.707106782,0.707106781,-0.));
#384=VECTOR('',#383,10.866578293);
#385=LINE('',#382,#384);
#386=EDGE_CURVE('',#373,#381,#385,.T.);
#387=ORIENTED_EDGE('',*,*,#386,.T.);
#388=CARTESIAN_POINT('',(209.445422504,201.977265365,41.4));
#389=VERTEX_POINT('',#388);
#390=CARTESIAN_POINT('',(208.988240611,201.087892149,41.4));
#391=DIRECTION('',(-0.,0.,1.));
#392=DIRECTION('',(0.,-1.,0.));
#393=AXIS2_PLACEMENT_3D('',#390,#391,#392);
#394=CIRCLE('',#393,1.);
#395=EDGE_CURVE('',#381,#389,#394,.T.);
#396=ORIENTED_EDGE('',*,*,#395,.T.);
#397=CARTESIAN_POINT('',(128.494696304,202.251548983,41.4));
#398=VERTEX_POINT('',#397);
#399=CARTESIAN_POINT('',(168.701037158,122.716496615,41.4));
#400=DIRECTION('',(-0.,0.,1.));
#401=DIRECTION('',(0.,-1.,0.));
#402=AXIS2_PLACEMENT_3D('',#399,#400,#401);
#403=CIRCLE('',#402,89.12);
#404=EDGE_CURVE('',#389,#398,#403,.T.);
#405=ORIENTED_EDGE('',*,*,#404,.T.);
#406=CARTESIAN_POINT('',(128.238734094,200.651991321,41.4));
#407=VERTEX_POINT('',#406);
#408=CARTESIAN_POINT('',(128.945840876,201.359098102,41.4));
#409=DIRECTION('',(-0.,0.,1.));
#410=DIRECTION('',(0.,-1.,0.));
#411=AXIS2_PLACEMENT_3D('',#408,#409,#410);
#412=CIRCLE('',#411,1.);
#413=EDGE_CURVE('',#398,#407,#412,.T.);
#414=ORIENTED_EDGE('',*,*,#413,.T.);
#415=CARTESIAN_POINT('',(136.101847302,192.788878107,41.4));
#416=VERTEX_POINT('',#415);
#417=CARTESIAN_POINT('',(128.238734094,200.651991321,41.4));
#418=DIRECTION('',(0.707106781,-0.707106782,0.));
#419=VECTOR('',#418,11.120121345);
#420=LINE('',#417,#419);
#421=EDGE_CURVE('',#407,#416,#420,.T.);
#422=ORIENTED_EDGE('',*,*,#421,.T.);
#423=CARTESIAN_POINT('',(136.101847299,187.556287926,41.4));
#424=VERTEX_POINT('',#423);
#425=CARTESIAN_POINT('',(136.101847302,192.788878107,41.4));
#426=DIRECTION('',(-0.,-1.,0.));
#427=VECTOR('',#426,5.232590181);
#428=LINE('',#425,#427);
#429=EDGE_CURVE('',#416,#424,#428,.T.);
#430=ORIENTED_EDGE('',*,*,#429,.T.);
#431=CARTESIAN_POINT('',(103.787067383,155.24150804,41.4));
#432=VERTEX_POINT('',#431);
#433=CARTESIAN_POINT('',(136.101847299,187.556287926,41.4));
#434=DIRECTION('',(-0.707106782,-0.707106781,0.));
#435=VECTOR('',#434,45.7);
#436=LINE('',#433,#435);
#437=EDGE_CURVE('',#424,#432,#436,.T.);
#438=ORIENTED_EDGE('',*,*,#437,.T.);
#439=CARTESIAN_POINT('',(98.554477203,155.241508043,41.4));
#440=VERTEX_POINT('',#439);
#441=CARTESIAN_POINT('',(103.787067383,155.24150804,41.4));
#442=DIRECTION('',(-1.,0.,-0.));
#443=VECTOR('',#442,5.232590181);
#444=LINE('',#441,#443);
#445=EDGE_CURVE('',#432,#440,#444,.T.);
#446=ORIENTED_EDGE('',*,*,#445,.T.);
#447=CARTESIAN_POINT('',(90.798598739,162.997386514,41.4));
#448=VERTEX_POINT('',#447);
#449=CARTESIAN_POINT('',(98.554477203,155.241508043,41.4));
#450=DIRECTION('',(-0.707106781,0.707106782,-0.));
#451=VECTOR('',#450,10.968468516);
#452=LINE('',#449,#451);
#453=EDGE_CURVE('',#440,#448,#452,.T.);
#454=ORIENTED_EDGE('',*,*,#453,.T.);
#455=CARTESIAN_POINT('',(90.091488442,163.290283249,41.4));
#456=VERTEX_POINT('',#455);
#457=CARTESIAN_POINT('',(90.091488442,162.290283249,41.4));
#458=DIRECTION('',(-0.,0.,1.));
#459=DIRECTION('',(0.,-1.,0.));
#460=AXIS2_PLACEMENT_3D('',#457,#458,#459);
#461=CIRCLE('',#460,1.);
#462=EDGE_CURVE('',#448,#456,#461,.T.);
#463=ORIENTED_EDGE('',*,*,#462,.T.);
#464=CARTESIAN_POINT('',(89.200240093,162.743798829,41.4));
#465=VERTEX_POINT('',#464);
#466=CARTESIAN_POINT('',(90.091488442,162.290283249,41.4));
#467=DIRECTION('',(-0.,0.,1.));
#468=DIRECTION('',(0.,-1.,0.));
#469=AXIS2_PLACEMENT_3D('',#466,#467,#468);
#470=CIRCLE('',#469,1.);
#471=EDGE_CURVE('',#456,#465,#470,.T.);
#472=ORIENTED_EDGE('',*,*,#471,.T.);
#473=CARTESIAN_POINT('',(89.231129403,81.775972962,41.4));
#474=VERTEX_POINT('',#473);
#475=CARTESIAN_POINT('',(168.699592777,122.290209089,41.4));
#476=DIRECTION('',(-0.,0.,1.));
#477=DIRECTION('',(1.,-0.,0.));
#478=AXIS2_PLACEMENT_3D('',#475,#476,#477);
#479=CIRCLE('',#478,89.2);
#480=EDGE_CURVE('',#465,#474,#479,.T.);
#481=ORIENTED_EDGE('',*,*,#480,.T.);
#482=CARTESIAN_POINT('',(90.829138239,81.523061653,41.4));
#483=VERTEX_POINT('',#482);
#484=CARTESIAN_POINT('',(90.122031459,82.230168434,41.4));
#485=DIRECTION('',(-0.,0.,1.));
#486=DIRECTION('',(0.,-1.,0.));
#487=AXIS2_PLACEMENT_3D('',#484,#485,#486);
#488=CIRCLE('',#487,1.);
#489=EDGE_CURVE('',#474,#483,#488,.T.);
#490=ORIENTED_EDGE('',*,*,#489,.T.);
#491=CARTESIAN_POINT('',(98.566067268,89.259990675,41.4));
#492=VERTEX_POINT('',#491);
#493=CARTESIAN_POINT('',(90.829138239,81.523061653,41.4));
#494=DIRECTION('',(0.707106782,0.707106781,-0.));
#495=VECTOR('',#494,10.941669959);
#496=LINE('',#493,#495);
#497=EDGE_CURVE('',#483,#492,#496,.T.);
#498=ORIENTED_EDGE('',*,*,#497,.T.);
#499=CARTESIAN_POINT('',(103.809418336,89.259990672,41.4));
#500=VERTEX_POINT('',#499);
#501=CARTESIAN_POINT('',(98.566067268,89.259990675,41.4));
#502=DIRECTION('',(1.,-0.,0.));
#503=VECTOR('',#502,5.243351068);
#504=LINE('',#501,#503);
#505=EDGE_CURVE('',#492,#500,#504,.T.);
#506=ORIENTED_EDGE('',*,*,#505,.T.);
#507=CARTESIAN_POINT('',(136.085280798,56.984128179,41.4));
#508=VERTEX_POINT('',#507);
#509=CARTESIAN_POINT('',(103.809418336,89.259990672,41.4));
#510=DIRECTION('',(0.707106781,-0.707106782,0.));
#511=VECTOR('',#510,45.644962453);
#512=LINE('',#509,#511);
#513=EDGE_CURVE('',#500,#508,#512,.T.);
#514=ORIENTED_EDGE('',*,*,#513,.T.);
#515=CARTESIAN_POINT('',(136.085280798,56.984128179,41.4));
#516=DIRECTION('',(-0.,-1.,0.));
#517=VECTOR('',#516,3.837367316);
#518=LINE('',#515,#517);
#519=EDGE_CURVE('',#508,#197,#518,.T.);
#520=ORIENTED_EDGE('',*,*,#519,.T.);
#521=EDGE_LOOP('',(#205,#214,#223,#231,#239,#247,#255,#263,#271,#279,#287,#295,#303,#311,#320,#329,#338,#347,#355,#363,#371,#379,#387,#396,#405,#414,
#422,#430,#438,#446,#454,#463,#472,#481,#490,#498,#506,#514,#520));
#522=FACE_BOUND('',#521,.T.);
#523=CARTESIAN_POINT('',(222.463784978,99.527122692,41.4));
#524=VERTEX_POINT('',#523);
#525=CARTESIAN_POINT('',(226.263784978,99.527122692,41.4));
#526=VERTEX_POINT('',#525);
#527=CARTESIAN_POINT('',(224.363784978,99.527122692,41.4));
#528=DIRECTION('',(-0.,0.,1.));
#529=DIRECTION('',(1.,-0.,0.));
#530=AXIS2_PLACEMENT_3D('',#527,#528,#529);
#531=CIRCLE('',#530,1.9);
#532=EDGE_CURVE('',#524,#526,#531,.T.);
#533=ORIENTED_EDGE('',*,*,#532,.F.);
#534=CARTESIAN_POINT('',(224.363784978,99.527122692,41.4));
#535=DIRECTION('',(-0.,0.,1.));
#536=DIRECTION('',(1.,-0.,0.));
#537=AXIS2_PLACEMENT_3D('',#534,#535,#536);
#538=CIRCLE('',#537,1.9);
#539=EDGE_CURVE('',#526,#524,#538,.T.);
#540=ORIENTED_EDGE('',*,*,#539,.F.);
#541=EDGE_LOOP('',(#533,#540));
#542=FACE_BOUND('',#541,.T.);
#543=CARTESIAN_POINT('',(242.963784978,99.527122692,41.4));
#544=VERTEX_POINT('',#543);
#545=CARTESIAN_POINT('',(246.763784978,99.527122692,41.4));
#546=VERTEX_POINT('',#545);
#547=CARTESIAN_POINT('',(244.863784978,99.527122692,41.4));
#548=DIRECTION('',(-0.,0.,1.));
#549=DIRECTION('',(1.,-0.,0.));
#550=AXIS2_PLACEMENT_3D('',#547,#548,#549);
#551=CIRCLE('',#550,1.9);
#552=EDGE_CURVE('',#544,#546,#551,.T.);
#553=ORIENTED_EDGE('',*,*,#552,.F.);
#554=CARTESIAN_POINT('',(244.863784978,99.527122692,41.4));
#555=DIRECTION('',(-0.,0.,1.));
#556=DIRECTION('',(1.,-0.,0.));
#557=AXIS2_PLACEMENT_3D('',#554,#555,#556);
#558=CIRCLE('',#557,1.9);
#559=EDGE_CURVE('',#546,#544,#558,.T.);
#560=ORIENTED_EDGE('',*,*,#559,.F.);
#561=EDGE_LOOP('',(#553,#560));
#562=FACE_BOUND('',#561,.T.);
#563=CARTESIAN_POINT('',(222.463784978,145.577122692,41.4));
#564=VERTEX_POINT('',#563);
#565=CARTESIAN_POINT('',(226.263784978,145.577122692,41.4));
#566=VERTEX_POINT('',#565);
#567=CARTESIAN_POINT('',(224.363784978,145.577122692,41.4));
#568=DIRECTION('',(-0.,0.,1.));
#569=DIRECTION('',(1.,-0.,0.));
#570=AXIS2_PLACEMENT_3D('',#567,#568,#569);
#571=CIRCLE('',#570,1.9);
#572=EDGE_CURVE('',#564,#566,#571,.T.);
#573=ORIENTED_EDGE('',*,*,#572,.F.);
#574=CARTESIAN_POINT('',(224.363784978,145.577122692,41.4));
#575=DIRECTION('',(-0.,0.,1.));
#576=DIRECTION('',(1.,-0.,0.));
#577=AXIS2_PLACEMENT_3D('',#574,#575,#576);
#578=CIRCLE('',#577,1.9);
#579=EDGE_CURVE('',#566,#564,#578,.T.);
#580=ORIENTED_EDGE('',*,*,#579,.F.);
#581=EDGE_LOOP('',(#573,#580));
#582=FACE_BOUND('',#581,.T.);
#583=CARTESIAN_POINT('',(242.963784978,145.577122692,41.4));
#584=VERTEX_POINT('',#583);
#585=CARTESIAN_POINT('',(246.763784978,145.577122692,41.4));
#586=VERTEX_POINT('',#585);
#587=CARTESIAN_POINT('',(244.863784978,145.577122692,41.4));
#588=DIRECTION('',(-0.,0.,1.));
#589=DIRECTION('',(1.,-0.,0.));
#590=AXIS2_PLACEMENT_3D('',#587,#588,#589);
#591=CIRCLE('',#590,1.9);
#592=EDGE_CURVE('',#584,#586,#591,.T.);
#593=ORIENTED_EDGE('',*,*,#592,.F.);
#594=CARTESIAN_POINT('',(244.863784978,145.577122692,41.4));
#595=DIRECTION('',(-0.,0.,1.));
#596=DIRECTION('',(1.,-0.,0.));
#597=AXIS2_PLACEMENT_3D('',#594,#595,#596);
#598=CIRCLE('',#597,1.9);
#599=EDGE_CURVE('',#586,#584,#598,.T.);
#600=ORIENTED_EDGE('',*,*,#599,.F.);
#601=EDGE_LOOP('',(#593,#600));
#602=FACE_BOUND('',#601,.T.);
#603=CARTESIAN_POINT('',(92.479830979,107.24807975,41.4));
#604=VERTEX_POINT('',#603);
#605=CARTESIAN_POINT('',(90.979830979,107.24807975,41.4));
#606=DIRECTION('',(-0.,0.,1.));
#607=DIRECTION('',(1.,-0.,0.));
#608=AXIS2_PLACEMENT_3D('',#605,#606,#607);
#609=CIRCLE('',#608,1.5);
#610=EDGE_CURVE('',#604,#604,#609,.T.);
#611=ORIENTED_EDGE('',*,*,#610,.F.);
#612=EDGE_LOOP('',(#611));
#613=FACE_BOUND('',#612,.T.);
#614=CARTESIAN_POINT('',(92.479830982,124.54807975,41.4));
#615=VERTEX_POINT('',#614);
#616=CARTESIAN_POINT('',(90.979830982,124.54807975,41.4));
#617=DIRECTION('',(-0.,0.,1.));
#618=DIRECTION('',(1.,-0.,0.));
#619=AXIS2_PLACEMENT_3D('',#616,#617,#618);
#620=CIRCLE('',#619,1.5);
#621=EDGE_CURVE('',#615,#615,#620,.T.);
#622=ORIENTED_EDGE('',*,*,#621,.F.);
#623=EDGE_LOOP('',(#622));
#624=FACE_BOUND('',#623,.T.);
#625=CARTESIAN_POINT('',(109.779830979,107.248079747,41.4));
#626=VERTEX_POINT('',#625);
#627=CARTESIAN_POINT('',(108.279830979,107.248079747,41.4));
#628=DIRECTION('',(-0.,0.,1.));
#629=DIRECTION('',(1.,-0.,0.));
#630=AXIS2_PLACEMENT_3D('',#627,#628,#629);
#631=CIRCLE('',#630,1.5);
#632=EDGE_CURVE('',#626,#626,#631,.T.);
#633=ORIENTED_EDGE('',*,*,#632,.F.);
#634=EDGE_LOOP('',(#633));
#635=FACE_BOUND('',#634,.T.);
#636=CARTESIAN_POINT('',(109.779830982,124.548079747,41.4));
#637=VERTEX_POINT('',#636);
#638=CARTESIAN_POINT('',(108.279830982,124.548079747,41.4));
#639=DIRECTION('',(-0.,0.,1.));
#640=DIRECTION('',(1.,-0.,0.));
#641=AXIS2_PLACEMENT_3D('',#638,#639,#640);
#642=CIRCLE('',#641,1.5);
#643=EDGE_CURVE('',#637,#637,#642,.T.);
#644=ORIENTED_EDGE('',*,*,#643,.F.);
#645=EDGE_LOOP('',(#644));
#646=FACE_BOUND('',#645,.T.);
#647=CARTESIAN_POINT('',(149.243904664,74.806253133,41.4));
#648=VERTEX_POINT('',#647);
#649=CARTESIAN_POINT('',(147.593904664,74.806253133,41.4));
#650=DIRECTION('',(-0.,0.,1.));
#651=DIRECTION('',(1.,-0.,0.));
#652=AXIS2_PLACEMENT_3D('',#649,#650,#651);
#653=CIRCLE('',#652,1.65);
#654=EDGE_CURVE('',#648,#648,#653,.T.);
#655=ORIENTED_EDGE('',*,*,#654,.F.);
#656=EDGE_LOOP('',(#655));
#657=FACE_BOUND('',#656,.T.);
#658=CARTESIAN_POINT('',(90.618389854,89.017627528,41.4));
#659=VERTEX_POINT('',#658);
#660=CARTESIAN_POINT('',(92.268389854,87.367627528,41.4));
#661=VERTEX_POINT('',#660);
#662=CARTESIAN_POINT('',(90.618389854,87.367627528,41.4));
#663=DIRECTION('',(-0.,0.,1.));
#664=DIRECTION('',(1.,-0.,0.));
#665=AXIS2_PLACEMENT_3D('',#662,#663,#664);
#666=CIRCLE('',#665,1.65);
#667=EDGE_CURVE('',#659,#661,#666,.T.);
#668=ORIENTED_EDGE('',*,*,#667,.F.);
#669=CARTESIAN_POINT('',(90.618389854,87.367627528,41.4));
#670=DIRECTION('',(-0.,0.,1.));
#671=DIRECTION('',(1.,-0.,0.));
#672=AXIS2_PLACEMENT_3D('',#669,#670,#671);
#673=CIRCLE('',#672,1.65);
#674=EDGE_CURVE('',#661,#659,#673,.T.);
#675=ORIENTED_EDGE('',*,*,#674,.F.);
#676=EDGE_LOOP('',(#668,#675));
#677=FACE_BOUND('',#676,.T.);
#678=CARTESIAN_POINT('',(247.373607059,158.631619558,41.4));
#679=VERTEX_POINT('',#678);
#680=CARTESIAN_POINT('',(249.023607059,156.981619558,41.4));
#681=VERTEX_POINT('',#680);
#682=CARTESIAN_POINT('',(247.373607059,156.981619558,41.4));
#683=DIRECTION('',(-0.,0.,1.));
#684=DIRECTION('',(1.,-0.,0.));
#685=AXIS2_PLACEMENT_3D('',#682,#683,#684);
#686=CIRCLE('',#685,1.65);
#687=EDGE_CURVE('',#679,#681,#686,.T.);
#688=ORIENTED_EDGE('',*,*,#687,.F.);
#689=CARTESIAN_POINT('',(247.373607059,156.981619558,41.4));
#690=DIRECTION('',(-0.,0.,1.));
#691=DIRECTION('',(1.,-0.,0.));
#692=AXIS2_PLACEMENT_3D('',#689,#690,#691);
#693=CIRCLE('',#692,1.65);
#694=EDGE_CURVE('',#681,#679,#693,.T.);
#695=ORIENTED_EDGE('',*,*,#694,.F.);
#696=EDGE_LOOP('',(#688,#695));
#697=FACE_BOUND('',#696,.T.);
#698=CARTESIAN_POINT('',(203.871340727,202.171844319,41.4));
#699=VERTEX_POINT('',#698);
#700=CARTESIAN_POINT('',(205.521340727,200.521844319,41.4));
#701=VERTEX_POINT('',#700);
#702=CARTESIAN_POINT('',(203.871340727,200.521844319,41.4));
#703=DIRECTION('',(-0.,0.,1.));
#704=DIRECTION('',(1.,-0.,0.));
#705=AXIS2_PLACEMENT_3D('',#702,#703,#704);
#706=CIRCLE('',#705,1.65);
#707=EDGE_CURVE('',#699,#701,#706,.T.);
#708=ORIENTED_EDGE('',*,*,#707,.F.);
#709=CARTESIAN_POINT('',(203.871340727,200.521844319,41.4));
#710=DIRECTION('',(-0.,0.,1.));
#711=DIRECTION('',(1.,-0.,0.));
#712=AXIS2_PLACEMENT_3D('',#709,#710,#711);
#713=CIRCLE('',#712,1.65);
#714=EDGE_CURVE('',#701,#699,#713,.T.);
#715=ORIENTED_EDGE('',*,*,#714,.F.);
#716=EDGE_LOOP('',(#708,#715));
#717=FACE_BOUND('',#716,.T.);
#718=CARTESIAN_POINT('',(134.189002442,202.202232145,41.4));
#719=VERTEX_POINT('',#718);
#720=CARTESIAN_POINT('',(135.839002442,200.552232145,41.4));
#721=VERTEX_POINT('',#720);
#722=CARTESIAN_POINT('',(134.189002442,200.552232145,41.4));
#723=DIRECTION('',(-0.,0.,1.));
#724=DIRECTION('',(1.,-0.,0.));
#725=AXIS2_PLACEMENT_3D('',#722,#723,#724);
#726=CIRCLE('',#725,1.65);
#727=EDGE_CURVE('',#719,#721,#726,.T.);
#728=ORIENTED_EDGE('',*,*,#727,.F.);
#729=CARTESIAN_POINT('',(134.189002442,200.552232145,41.4));
#730=DIRECTION('',(-0.,0.,1.));
#731=DIRECTION('',(1.,-0.,0.));
#732=AXIS2_PLACEMENT_3D('',#729,#730,#731);
#733=CIRCLE('',#732,1.65);
#734=EDGE_CURVE('',#721,#719,#733,.T.);
#735=ORIENTED_EDGE('',*,*,#734,.F.);
#736=EDGE_LOOP('',(#728,#735));
#737=FACE_BOUND('',#736,.T.);
#738=CARTESIAN_POINT('',(90.64877768,158.699965813,41.4));
#739=VERTEX_POINT('',#738);
#740=CARTESIAN_POINT('',(92.29877768,157.049965813,41.4));
#741=VERTEX_POINT('',#740);
#742=CARTESIAN_POINT('',(90.64877768,157.049965813,41.4));
#743=DIRECTION('',(-0.,0.,1.));
#744=DIRECTION('',(1.,-0.,0.));
#745=AXIS2_PLACEMENT_3D('',#742,#743,#744);
#746=CIRCLE('',#745,1.65);
#747=EDGE_CURVE('',#739,#741,#746,.T.);
#748=ORIENTED_EDGE('',*,*,#747,.F.);
#749=CARTESIAN_POINT('',(90.64877768,157.049965813,41.4));
#750=DIRECTION('',(-0.,0.,1.));
#751=DIRECTION('',(1.,-0.,0.));
#752=AXIS2_PLACEMENT_3D('',#749,#750,#751);
#753=CIRCLE('',#752,1.65);
#754=EDGE_CURVE('',#741,#739,#753,.T.);
#755=ORIENTED_EDGE('',*,*,#754,.F.);
#756=EDGE_LOOP('',(#748,#755));
#757=FACE_BOUND('',#756,.T.);
#758=CARTESIAN_POINT('',(196.699592787,138.290209087,41.4));
#759=VERTEX_POINT('',#758);
#760=CARTESIAN_POINT('',(149.399592783,138.290209103,41.4));
#761=VERTEX_POINT('',#760);
#762=CARTESIAN_POINT('',(196.699592787,138.290209103,41.4));
#763=DIRECTION('',(-1.,0.,-0.));
#764=VECTOR('',#763,47.300000003);
#765=LINE('',#762,#764);
#766=EDGE_CURVE('',#759,#761,#765,.T.);
#767=ORIENTED_EDGE('',*,*,#766,.F.);
#768=CARTESIAN_POINT('',(196.69959277,93.080366703,41.4));
#769=VERTEX_POINT('',#768);
#770=CARTESIAN_POINT('',(196.699592788,138.290209087,41.4));
#771=DIRECTION('',(-0.000000001,-1.,0.));
#772=VECTOR('',#771,45.209842384);
#773=LINE('',#770,#772);
#774=EDGE_CURVE('',#759,#769,#773,.T.);
#775=ORIENTED_EDGE('',*,*,#774,.T.);
#776=CARTESIAN_POINT('',(149.39959277,93.080366706,41.4));
#777=VERTEX_POINT('',#776);
#778=CARTESIAN_POINT('',(149.39959277,93.080366706,41.4));
#779=DIRECTION('',(1.,-0.,0.));
#780=VECTOR('',#779,47.3);
#781=LINE('',#778,#780);
#782=EDGE_CURVE('',#777,#769,#781,.T.);
#783=ORIENTED_EDGE('',*,*,#782,.F.);
#784=CARTESIAN_POINT('',(149.399592783,138.290209103,41.4));
#785=DIRECTION('',(-0.,-1.,0.));
#786=VECTOR('',#785,45.209842396);
#787=LINE('',#784,#786);
#788=EDGE_CURVE('',#761,#777,#787,.T.);
#789=ORIENTED_EDGE('',*,*,#788,.F.);
#790=EDGE_LOOP('',(#767,#775,#783,#789));
#791=FACE_BOUND('',#790,.T.);
#792=CARTESIAN_POINT('',(113.279830984,137.397751617,41.4));
#793=VERTEX_POINT('',#792);
#794=CARTESIAN_POINT('',(115.279830992,137.397751615,41.4));
#795=VERTEX_POINT('',#794);
#796=CARTESIAN_POINT('',(113.279830984,137.397751617,41.4));
#797=DIRECTION('',(1.,-0.000000001,0.));
#798=VECTOR('',#797,2.000000009);
#799=LINE('',#796,#798);
#800=EDGE_CURVE('',#793,#795,#799,.T.);
#801=ORIENTED_EDGE('',*,*,#800,.T.);
#802=CARTESIAN_POINT('',(115.279830984,88.397751615,41.4));
#803=VERTEX_POINT('',#802);
#804=CARTESIAN_POINT('',(115.279830984,88.397751615,41.4));
#805=DIRECTION('',(0.,1.,-0.));
#806=VECTOR('',#805,49.);
#807=LINE('',#804,#806);
#808=EDGE_CURVE('',#803,#795,#807,.T.);
#809=ORIENTED_EDGE('',*,*,#808,.F.);
#810=CARTESIAN_POINT('',(113.279830976,88.397751617,41.4));
#811=VERTEX_POINT('',#810);
#812=CARTESIAN_POINT('',(115.279830984,88.397751615,41.4));
#813=DIRECTION('',(-1.,0.000000001,-0.));
#814=VECTOR('',#813,2.000000009);
#815=LINE('',#812,#814);
#816=EDGE_CURVE('',#803,#811,#815,.T.);
#817=ORIENTED_EDGE('',*,*,#816,.T.);
#818=CARTESIAN_POINT('',(113.279830984,137.397751617,41.4));
#819=DIRECTION('',(-0.,-1.,0.));
#820=VECTOR('',#819,49.);
#821=LINE('',#818,#820);
#822=EDGE_CURVE('',#793,#811,#821,.T.);
#823=ORIENTED_EDGE('',*,*,#822,.F.);
#824=EDGE_LOOP('',(#801,#809,#817,#823));
#825=FACE_BOUND('',#824,.T.);
#826=CARTESIAN_POINT('',(209.47661226,152.07480951,41.4));
#827=VERTEX_POINT('',#826);
#828=CARTESIAN_POINT('',(208.338231122,150.950492657,41.4));
#829=DIRECTION('',(-0.,0.,1.));
#830=DIRECTION('',(0.711488211,0.702698033,-0.));
#831=AXIS2_PLACEMENT_3D('',#828,#829,#830);
#832=CIRCLE('',#831,1.6);
#833=EDGE_CURVE('',#827,#827,#832,.T.);
#834=ORIENTED_EDGE('',*,*,#833,.F.);
#835=EDGE_LOOP('',(#834));
#836=FACE_BOUND('',#835,.T.);
#837=CARTESIAN_POINT('',(121.434802994,145.621917042,41.4));
#838=VERTEX_POINT('',#837);
#839=CARTESIAN_POINT('',(120.296421856,144.49760019,41.4));
#840=DIRECTION('',(-0.,0.,1.));
#841=DIRECTION('',(0.711488211,0.702698033,-0.));
#842=AXIS2_PLACEMENT_3D('',#839,#840,#841);
#843=CIRCLE('',#842,1.6);
#844=EDGE_CURVE('',#838,#838,#843,.T.);
#845=ORIENTED_EDGE('',*,*,#844,.F.);
#846=EDGE_LOOP('',(#845));
#847=FACE_BOUND('',#846,.T.);
#848=CARTESIAN_POINT('',(200.377595456,82.42902631,41.4));
#849=VERTEX_POINT('',#848);
#850=CARTESIAN_POINT('',(204.399592752,84.080366688,41.4));
#851=VERTEX_POINT('',#850);
#852=CARTESIAN_POINT('',(202.049592752,84.080366688,41.4));
#853=DIRECTION('',(-0.,0.,1.));
#854=DIRECTION('',(1.,-0.,0.));
#855=AXIS2_PLACEMENT_3D('',#852,#853,#854);
#856=CIRCLE('',#855,2.35);
#857=EDGE_CURVE('',#849,#851,#856,.T.);
#858=ORIENTED_EDGE('',*,*,#857,.F.);
#859=CARTESIAN_POINT('',(202.049592752,84.080366688,41.4));
#860=DIRECTION('',(-0.,0.,1.));
#861=DIRECTION('',(1.,-0.,0.));
#862=AXIS2_PLACEMENT_3D('',#859,#860,#861);
#863=CIRCLE('',#862,2.35);
#864=EDGE_CURVE('',#851,#849,#863,.T.);
#865=ORIENTED_EDGE('',*,*,#864,.F.);
#866=EDGE_LOOP('',(#858,#865));
#867=FACE_BOUND('',#866,.T.);
#868=CARTESIAN_POINT('',(142.377595455,82.429026348,41.4));
#869=VERTEX_POINT('',#868);
#870=CARTESIAN_POINT('',(146.399592751,84.080366726,41.4));
#871=VERTEX_POINT('',#870);
#872=CARTESIAN_POINT('',(144.049592751,84.080366726,41.4));
#873=DIRECTION('',(-0.,0.,1.));
#874=DIRECTION('',(1.,-0.,0.));
#875=AXIS2_PLACEMENT_3D('',#872,#873,#874);
#876=CIRCLE('',#875,2.35);
#877=EDGE_CURVE('',#869,#871,#876,.T.);
#878=ORIENTED_EDGE('',*,*,#877,.F.);
#879=CARTESIAN_POINT('',(144.049592751,84.080366726,41.4));
#880=DIRECTION('',(-0.,0.,1.));
#881=DIRECTION('',(1.,-0.,0.));
#882=AXIS2_PLACEMENT_3D('',#879,#880,#881);
#883=CIRCLE('',#882,2.35);
#884=EDGE_CURVE('',#871,#869,#883,.T.);
#885=ORIENTED_EDGE('',*,*,#884,.F.);
#886=EDGE_LOOP('',(#878,#885));
#887=FACE_BOUND('',#886,.T.);
#888=CARTESIAN_POINT('',(200.377595488,131.42902631,41.4));
#889=VERTEX_POINT('',#888);
#890=CARTESIAN_POINT('',(204.399592783,133.080366687,41.4));
#891=VERTEX_POINT('',#890);
#892=CARTESIAN_POINT('',(202.049592783,133.080366687,41.4));
#893=DIRECTION('',(-0.,0.,1.));
#894=DIRECTION('',(1.,-0.,0.));
#895=AXIS2_PLACEMENT_3D('',#892,#893,#894);
#896=CIRCLE('',#895,2.35);
#897=EDGE_CURVE('',#889,#891,#896,.T.);
#898=ORIENTED_EDGE('',*,*,#897,.F.);
#899=CARTESIAN_POINT('',(202.049592783,133.080366687,41.4));
#900=DIRECTION('',(-0.,0.,1.));
#901=DIRECTION('',(1.,-0.,0.));
#902=AXIS2_PLACEMENT_3D('',#899,#900,#901);
#903=CIRCLE('',#902,2.35);
#904=EDGE_CURVE('',#891,#889,#903,.T.);
#905=ORIENTED_EDGE('',*,*,#904,.F.);
#906=EDGE_LOOP('',(#898,#905));
#907=FACE_BOUND('',#906,.T.);
#908=CARTESIAN_POINT('',(142.377595488,131.429026349,41.4));
#909=VERTEX_POINT('',#908);
#910=CARTESIAN_POINT('',(146.399592784,133.080366726,41.4));
#911=VERTEX_POINT('',#910);
#912=CARTESIAN_POINT('',(144.049592784,133.080366726,41.4));
#913=DIRECTION('',(-0.,0.,1.));
#914=DIRECTION('',(1.,-0.,0.));
#915=AXIS2_PLACEMENT_3D('',#912,#913,#914);
#916=CIRCLE('',#915,2.35);
#917=EDGE_CURVE('',#909,#911,#916,.T.);
#918=ORIENTED_EDGE('',*,*,#917,.F.);
#919=CARTESIAN_POINT('',(144.049592784,133.080366726,41.4));
#920=DIRECTION('',(-0.,0.,1.));
#921=DIRECTION('',(1.,-0.,0.));
#922=AXIS2_PLACEMENT_3D('',#919,#920,#921);
#923=CIRCLE('',#922,2.35);
#924=EDGE_CURVE('',#911,#909,#923,.T.);
#925=ORIENTED_EDGE('',*,*,#924,.F.);
#926=EDGE_LOOP('',(#918,#925));
#927=FACE_BOUND('',#926,.T.);
#928=CARTESIAN_POINT('',(134.021304412,44.982747063,41.4));
#929=VERTEX_POINT('',#928);
#930=CARTESIAN_POINT('',(132.847632959,43.823575895,41.4));
#931=DIRECTION('',(-0.,0.,1.));
#932=DIRECTION('',(0.711488211,0.702698033,-0.));
#933=AXIS2_PLACEMENT_3D('',#930,#931,#932);
#934=CIRCLE('',#933,1.649600702);
#935=EDGE_CURVE('',#929,#929,#934,.T.);
#936=ORIENTED_EDGE('',*,*,#935,.F.);
#937=EDGE_LOOP('',(#936));
#938=FACE_BOUND('',#937,.T.);
#939=CARTESIAN_POINT('',(128.307687782,134.863597011,41.4));
#940=VERTEX_POINT('',#939);
#941=CARTESIAN_POINT('',(127.169306644,133.739280159,41.4));
#942=DIRECTION('',(-0.,0.,1.));
#943=DIRECTION('',(0.711488211,0.702698033,-0.));
#944=AXIS2_PLACEMENT_3D('',#941,#942,#943);
#945=CIRCLE('',#944,1.6);
#946=EDGE_CURVE('',#940,#940,#945,.T.);
#947=ORIENTED_EDGE('',*,*,#946,.F.);
#948=EDGE_LOOP('',(#947));
#949=FACE_BOUND('',#948,.T.);
#950=CARTESIAN_POINT('',(127.965830086,79.864659446,41.4));
#951=VERTEX_POINT('',#950);
#952=CARTESIAN_POINT('',(126.827448949,78.740342593,41.4));
#953=DIRECTION('',(-0.,0.,1.));
#954=DIRECTION('',(0.711488211,0.702698033,-0.));
#955=AXIS2_PLACEMENT_3D('',#952,#953,#954);
#956=CIRCLE('',#955,1.6);
#957=EDGE_CURVE('',#951,#951,#956,.T.);
#958=ORIENTED_EDGE('',*,*,#957,.F.);
#959=EDGE_LOOP('',(#958));
#960=FACE_BOUND('',#959,.T.);
#961=CARTESIAN_POINT('',(211.306084472,134.34770267,41.4));
#962=VERTEX_POINT('',#961);
#963=CARTESIAN_POINT('',(210.167703334,133.223385817,41.4));
#964=DIRECTION('',(-0.,0.,1.));
#965=DIRECTION('',(0.711488211,0.702698033,-0.));
#966=AXIS2_PLACEMENT_3D('',#963,#964,#965);
#967=CIRCLE('',#966,1.6);
#968=EDGE_CURVE('',#962,#962,#967,.T.);
#969=ORIENTED_EDGE('',*,*,#968,.F.);
#970=EDGE_LOOP('',(#969));
#971=FACE_BOUND('',#970,.T.);
#972=CARTESIAN_POINT('',(210.964226775,79.348765104,41.4));
#973=VERTEX_POINT('',#972);
#974=CARTESIAN_POINT('',(209.825845638,78.224448252,41.4));
#975=DIRECTION('',(-0.,0.,1.));
#976=DIRECTION('',(0.711488211,0.702698033,-0.));
#977=AXIS2_PLACEMENT_3D('',#974,#975,#976);
#978=CIRCLE('',#977,1.6);
#979=EDGE_CURVE('',#973,#973,#978,.T.);
#980=ORIENTED_EDGE('',*,*,#979,.F.);
#981=EDGE_LOOP('',(#980));
#982=FACE_BOUND('',#981,.T.);
#983=CARTESIAN_POINT('',(248.518438813,88.473428762,41.4));
#984=VERTEX_POINT('',#983);
#985=CARTESIAN_POINT('',(247.344483265,87.313977008,41.4));
#986=DIRECTION('',(-0.,0.,1.));
#987=DIRECTION('',(0.711488211,0.702698033,-0.));
#988=AXIS2_PLACEMENT_3D('',#985,#986,#987);
#989=CIRCLE('',#988,1.65);
#990=EDGE_CURVE('',#984,#984,#989,.T.);
#991=ORIENTED_EDGE('',*,*,#990,.F.);
#992=EDGE_LOOP('',(#991));
#993=FACE_BOUND('',#992,.T.);
#994=CARTESIAN_POINT('',(191.733904664,74.806253133,41.4));
#995=VERTEX_POINT('',#994);
#996=CARTESIAN_POINT('',(190.083904664,74.806253133,41.4));
#997=DIRECTION('',(-0.,0.,1.));
#998=DIRECTION('',(1.,-0.,0.));
#999=AXIS2_PLACEMENT_3D('',#996,#997,#998);
#1000=CIRCLE('',#999,1.65);
#1001=EDGE_CURVE('',#995,#995,#1000,.T.);
#1002=ORIENTED_EDGE('',*,*,#1001,.F.);
#1003=EDGE_LOOP('',(#1002));
#1004=FACE_BOUND('',#1003,.T.);
#1005=ADVANCED_FACE('',(#135,#155,#175,#195,#522,#542,#562,#582,#602,#613,#624,#635,#646,#657,#677,#697,#717,#737,#757,#791,#825,#836,#847,#867,#887,#907,
#927,#938,#949,#960,#971,#982,#993,#1004),#115,.T.);
#1006=CARTESIAN_POINT('',(169.412896547,-11.979861254,39.4));
#1007=DIRECTION('',(-0.,0.,1.));
#1008=DIRECTION('',(0.711488211,0.702698033,-0.));
#1009=AXIS2_PLACEMENT_3D('',#1006,#1007,#1008);
#1010=PLANE('',#1009);
#1011=CARTESIAN_POINT('',(201.064239954,129.048079747,39.4));
#1012=VERTEX_POINT('',#1011);
#1013=CARTESIAN_POINT('',(202.564239954,129.048079747,39.4));
#1014=DIRECTION('',(-0.,-0.,-1.));
#1015=DIRECTION('',(-1.,0.,0.));
#1016=AXIS2_PLACEMENT_3D('',#1013,#1014,#1015);
#1017=CIRCLE('',#1016,1.5);
#1018=EDGE_CURVE('',#1012,#1012,#1017,.T.);
#1019=ORIENTED_EDGE('',*,*,#1018,.F.);
#1020=EDGE_LOOP('',(#1019));
#1021=FACE_BOUND('',#1020,.T.);
#1022=CARTESIAN_POINT('',(201.064239954,111.74807975,39.4));
#1023=VERTEX_POINT('',#1022);
#1024=CARTESIAN_POINT('',(202.564239954,111.74807975,39.4));
#1025=DIRECTION('',(-0.,-0.,-1.));
#1026=DIRECTION('',(-1.,0.,0.));
#1027=AXIS2_PLACEMENT_3D('',#1024,#1025,#1026);
#1028=CIRCLE('',#1027,1.5);
#1029=EDGE_CURVE('',#1023,#1023,#1028,.T.);
#1030=ORIENTED_EDGE('',*,*,#1029,.F.);
#1031=EDGE_LOOP('',(#1030));
#1032=FACE_BOUND('',#1031,.T.);
#1033=CARTESIAN_POINT('',(218.36423996,111.74807975,39.4));
#1034=VERTEX_POINT('',#1033);
#1035=CARTESIAN_POINT('',(219.864239956,111.74807975,39.4));
#1036=DIRECTION('',(-0.,-0.,-1.));
#1037=DIRECTION('',(-1.,0.,0.));
#1038=AXIS2_PLACEMENT_3D('',#1035,#1036,#1037);
#1039=CIRCLE('',#1038,1.499999996);
#1040=EDGE_CURVE('',#1034,#1034,#1039,.T.);
#1041=ORIENTED_EDGE('',*,*,#1040,.F.);
#1042=EDGE_LOOP('',(#1041));
#1043=FACE_BOUND('',#1042,.T.);
#1044=CARTESIAN_POINT('',(218.364239956,129.048079747,39.4));
#1045=VERTEX_POINT('',#1044);
#1046=CARTESIAN_POINT('',(219.864239956,129.048079747,39.4));
#1047=DIRECTION('',(-0.,-0.,-1.));
#1048=DIRECTION('',(-1.,0.,0.));
#1049=AXIS2_PLACEMENT_3D('',#1046,#1047,#1048);
#1050=CIRCLE('',#1049,1.5);
#1051=EDGE_CURVE('',#1045,#1045,#1050,.T.);
#1052=ORIENTED_EDGE('',*,*,#1051,.F.);
#1053=EDGE_LOOP('',(#1052));
#1054=FACE_BOUND('',#1053,.T.);
#1055=CARTESIAN_POINT('',(127.704621013,42.922323959,39.4));
#1056=VERTEX_POINT('',#1055);
#1057=CARTESIAN_POINT('',(137.579285533,38.556253151,39.4));
#1058=VERTEX_POINT('',#1057);
#1059=CARTESIAN_POINT('',(168.699592777,122.290209089,39.4));
#1060=DIRECTION('',(-0.,0.,1.));
#1061=DIRECTION('',(0.,-1.,0.));
#1062=AXIS2_PLACEMENT_3D('',#1059,#1060,#1061);
#1063=CIRCLE('',#1062,89.33);
#1064=EDGE_CURVE('',#1056,#1058,#1063,.T.);
#1065=ORIENTED_EDGE('',*,*,#1064,.F.);
#1066=CARTESIAN_POINT('',(127.456430293,44.517910368,39.4));
#1067=VERTEX_POINT('',#1066);
#1068=CARTESIAN_POINT('',(128.163537074,43.810803586,39.4));
#1069=DIRECTION('',(0.,-0.,-1.));
#1070=DIRECTION('',(0.,-1.,0.));
#1071=AXIS2_PLACEMENT_3D('',#1068,#1069,#1070);
#1072=CIRCLE('',#1071,1.);
#1073=EDGE_CURVE('',#1056,#1067,#1072,.T.);
#1074=ORIENTED_EDGE('',*,*,#1073,.T.);
#1075=CARTESIAN_POINT('',(136.085280797,53.146760863,39.4));
#1076=VERTEX_POINT('',#1075);
#1077=CARTESIAN_POINT('',(136.085280797,53.146760863,39.4));
#1078=DIRECTION('',(-0.707106782,-0.707106781,0.));
#1079=VECTOR('',#1078,12.203037404);
#1080=LINE('',#1077,#1079);
#1081=EDGE_CURVE('',#1076,#1067,#1080,.T.);
#1082=ORIENTED_EDGE('',*,*,#1081,.F.);
#1083=CARTESIAN_POINT('',(136.085280798,56.984128179,39.4));
#1084=VERTEX_POINT('',#1083);
#1085=CARTESIAN_POINT('',(136.085280797,53.146760863,39.4));
#1086=DIRECTION('',(0.,1.,-0.));
#1087=VECTOR('',#1086,3.837367316);
#1088=LINE('',#1085,#1087);
#1089=EDGE_CURVE('',#1076,#1084,#1088,.T.);
#1090=ORIENTED_EDGE('',*,*,#1089,.T.);
#1091=CARTESIAN_POINT('',(103.809418336,89.259990672,39.4));
#1092=VERTEX_POINT('',#1091);
#1093=CARTESIAN_POINT('',(103.809418336,89.259990672,39.4));
#1094=DIRECTION('',(0.707106781,-0.707106782,0.));
#1095=VECTOR('',#1094,45.644962453);
#1096=LINE('',#1093,#1095);
#1097=EDGE_CURVE('',#1092,#1084,#1096,.T.);
#1098=ORIENTED_EDGE('',*,*,#1097,.F.);
#1099=CARTESIAN_POINT('',(98.566067268,89.259990675,39.4));
#1100=VERTEX_POINT('',#1099);
#1101=CARTESIAN_POINT('',(103.809418336,89.259990672,39.4));
#1102=DIRECTION('',(-1.,0.,-0.));
#1103=VECTOR('',#1102,5.243351068);
#1104=LINE('',#1101,#1103);
#1105=EDGE_CURVE('',#1092,#1100,#1104,.T.);
#1106=ORIENTED_EDGE('',*,*,#1105,.T.);
#1107=CARTESIAN_POINT('',(90.829138239,81.523061653,39.4));
#1108=VERTEX_POINT('',#1107);
#1109=CARTESIAN_POINT('',(90.829138239,81.523061653,39.4));
#1110=DIRECTION('',(0.707106782,0.707106781,-0.));
#1111=VECTOR('',#1110,10.941669959);
#1112=LINE('',#1109,#1111);
#1113=EDGE_CURVE('',#1108,#1100,#1112,.T.);
#1114=ORIENTED_EDGE('',*,*,#1113,.F.);
#1115=CARTESIAN_POINT('',(89.231129403,81.775972962,39.4));
#1116=VERTEX_POINT('',#1115);
#1117=CARTESIAN_POINT('',(90.122031459,82.230168434,39.4));
#1118=DIRECTION('',(0.,-0.,-1.));
#1119=DIRECTION('',(0.,-1.,0.));
#1120=AXIS2_PLACEMENT_3D('',#1117,#1118,#1119);
#1121=CIRCLE('',#1120,1.);
#1122=EDGE_CURVE('',#1108,#1116,#1121,.T.);
#1123=ORIENTED_EDGE('',*,*,#1122,.T.);
#1124=CARTESIAN_POINT('',(89.200240093,162.743798829,39.4));
#1125=VERTEX_POINT('',#1124);
#1126=CARTESIAN_POINT('',(168.699592777,122.290209089,39.4));
#1127=DIRECTION('',(-0.,0.,1.));
#1128=DIRECTION('',(1.,-0.,0.));
#1129=AXIS2_PLACEMENT_3D('',#1126,#1127,#1128);
#1130=CIRCLE('',#1129,89.2);
#1131=EDGE_CURVE('',#1125,#1116,#1130,.T.);
#1132=ORIENTED_EDGE('',*,*,#1131,.F.);
#1133=CARTESIAN_POINT('',(90.091488442,163.290283249,39.4));
#1134=VERTEX_POINT('',#1133);
#1135=CARTESIAN_POINT('',(90.091488442,162.290283249,39.4));
#1136=DIRECTION('',(0.,-0.,-1.));
#1137=DIRECTION('',(0.,-1.,0.));
#1138=AXIS2_PLACEMENT_3D('',#1135,#1136,#1137);
#1139=CIRCLE('',#1138,1.);
#1140=EDGE_CURVE('',#1125,#1134,#1139,.T.);
#1141=ORIENTED_EDGE('',*,*,#1140,.T.);
#1142=CARTESIAN_POINT('',(90.798598739,162.997386514,39.4));
#1143=VERTEX_POINT('',#1142);
#1144=CARTESIAN_POINT('',(90.091488442,162.290283249,39.4));
#1145=DIRECTION('',(0.,-0.,-1.));
#1146=DIRECTION('',(0.,-1.,0.));
#1147=AXIS2_PLACEMENT_3D('',#1144,#1145,#1146);
#1148=CIRCLE('',#1147,1.);
#1149=EDGE_CURVE('',#1134,#1143,#1148,.T.);
#1150=ORIENTED_EDGE('',*,*,#1149,.T.);
#1151=CARTESIAN_POINT('',(98.554477203,155.241508043,39.4));
#1152=VERTEX_POINT('',#1151);
#1153=CARTESIAN_POINT('',(98.554477203,155.241508043,39.4));
#1154=DIRECTION('',(-0.707106781,0.707106782,-0.));
#1155=VECTOR('',#1154,10.968468516);
#1156=LINE('',#1153,#1155);
#1157=EDGE_CURVE('',#1152,#1143,#1156,.T.);
#1158=ORIENTED_EDGE('',*,*,#1157,.F.);
#1159=CARTESIAN_POINT('',(103.787067383,155.24150804,39.4));
#1160=VERTEX_POINT('',#1159);
#1161=CARTESIAN_POINT('',(98.554477203,155.241508043,39.4));
#1162=DIRECTION('',(1.,-0.,0.));
#1163=VECTOR('',#1162,5.232590181);
#1164=LINE('',#1161,#1163);
#1165=EDGE_CURVE('',#1152,#1160,#1164,.T.);
#1166=ORIENTED_EDGE('',*,*,#1165,.T.);
#1167=CARTESIAN_POINT('',(136.101847299,187.556287926,39.4));
#1168=VERTEX_POINT('',#1167);
#1169=CARTESIAN_POINT('',(136.101847299,187.556287926,39.4));
#1170=DIRECTION('',(-0.707106782,-0.707106781,0.));
#1171=VECTOR('',#1170,45.7);
#1172=LINE('',#1169,#1171);
#1173=EDGE_CURVE('',#1168,#1160,#1172,.T.);
#1174=ORIENTED_EDGE('',*,*,#1173,.F.);
#1175=CARTESIAN_POINT('',(136.101847302,192.788878107,39.4));
#1176=VERTEX_POINT('',#1175);
#1177=CARTESIAN_POINT('',(136.101847299,187.556287926,39.4));
#1178=DIRECTION('',(0.,1.,-0.));
#1179=VECTOR('',#1178,5.232590181);
#1180=LINE('',#1177,#1179);
#1181=EDGE_CURVE('',#1168,#1176,#1180,.T.);
#1182=ORIENTED_EDGE('',*,*,#1181,.T.);
#1183=CARTESIAN_POINT('',(128.238734094,200.651991321,39.4));
#1184=VERTEX_POINT('',#1183);
#1185=CARTESIAN_POINT('',(128.238734094,200.651991321,39.4));
#1186=DIRECTION('',(0.707106781,-0.707106782,0.));
#1187=VECTOR('',#1186,11.120121345);
#1188=LINE('',#1185,#1187);
#1189=EDGE_CURVE('',#1184,#1176,#1188,.T.);
#1190=ORIENTED_EDGE('',*,*,#1189,.F.);
#1191=CARTESIAN_POINT('',(128.494696303,202.251548983,39.4));
#1192=VERTEX_POINT('',#1191);
#1193=CARTESIAN_POINT('',(128.945840876,201.359098102,39.4));
#1194=DIRECTION('',(0.,-0.,-1.));
#1195=DIRECTION('',(0.,-1.,0.));
#1196=AXIS2_PLACEMENT_3D('',#1193,#1194,#1195);
#1197=CIRCLE('',#1196,1.);
#1198=EDGE_CURVE('',#1184,#1192,#1197,.T.);
#1199=ORIENTED_EDGE('',*,*,#1198,.T.);
#1200=CARTESIAN_POINT('',(209.445422504,201.977265365,39.4));
#1201=VERTEX_POINT('',#1200);
#1202=CARTESIAN_POINT('',(168.701037158,122.716496615,39.4));
#1203=DIRECTION('',(-0.,0.,1.));
#1204=DIRECTION('',(0.,-1.,0.));
#1205=AXIS2_PLACEMENT_3D('',#1202,#1203,#1204);
#1206=CIRCLE('',#1205,89.12);
#1207=EDGE_CURVE('',#1201,#1192,#1206,.T.);
#1208=ORIENTED_EDGE('',*,*,#1207,.F.);
#1209=CARTESIAN_POINT('',(209.695347392,200.380785368,39.4));
#1210=VERTEX_POINT('',#1209);
#1211=CARTESIAN_POINT('',(208.988240611,201.087892149,39.4));
#1212=DIRECTION('',(0.,-0.,-1.));
#1213=DIRECTION('',(0.,-1.,0.));
#1214=AXIS2_PLACEMENT_3D('',#1211,#1212,#1213);
#1215=CIRCLE('',#1214,1.);
#1216=EDGE_CURVE('',#1201,#1210,#1215,.T.);
#1217=ORIENTED_EDGE('',*,*,#1216,.T.);
#1218=CARTESIAN_POINT('',(202.01151619,192.696954172,39.4));
#1219=VERTEX_POINT('',#1218);
#1220=CARTESIAN_POINT('',(202.01151619,192.696954172,39.4));
#1221=DIRECTION('',(0.707106782,0.707106781,-0.));
#1222=VECTOR('',#1221,10.866578293);
#1223=LINE('',#1220,#1222);
#1224=EDGE_CURVE('',#1219,#1210,#1223,.T.);
#1225=ORIENTED_EDGE('',*,*,#1224,.F.);
#1226=CARTESIAN_POINT('',(202.011516187,187.624170124,39.4));
#1227=VERTEX_POINT('',#1226);
#1228=CARTESIAN_POINT('',(202.01151619,192.696954172,39.4));
#1229=DIRECTION('',(-0.,-1.,0.));
#1230=VECTOR('',#1229,5.072784048);
#1231=LINE('',#1228,#1230);
#1232=EDGE_CURVE('',#1219,#1227,#1231,.T.);
#1233=ORIENTED_EDGE('',*,*,#1232,.T.);
#1234=CARTESIAN_POINT('',(234.377107256,155.258579025,39.4));
#1235=VERTEX_POINT('',#1234);
#1236=CARTESIAN_POINT('',(234.377107256,155.258579025,39.4));
#1237=DIRECTION('',(-0.707106781,0.707106782,-0.));
#1238=VECTOR('',#1237,45.771857865);
#1239=LINE('',#1236,#1238);
#1240=EDGE_CURVE('',#1235,#1227,#1239,.T.);
#1241=ORIENTED_EDGE('',*,*,#1240,.F.);
#1242=CARTESIAN_POINT('',(239.568886253,155.258579023,39.4));
#1243=VERTEX_POINT('',#1242);
#1244=CARTESIAN_POINT('',(234.377107256,155.258579025,39.4));
#1245=DIRECTION('',(1.,-0.,0.));
#1246=VECTOR('',#1245,5.191778998);
#1247=LINE('',#1244,#1246);
#1248=EDGE_CURVE('',#1235,#1243,#1247,.T.);
#1249=ORIENTED_EDGE('',*,*,#1248,.T.);
#1250=CARTESIAN_POINT('',(247.30711154,162.996804302,39.4));
#1251=VERTEX_POINT('',#1250);
#1252=CARTESIAN_POINT('',(247.30711154,162.996804302,39.4));
#1253=DIRECTION('',(-0.707106782,-0.707106781,0.));
#1254=VECTOR('',#1253,10.943503144);
#1255=LINE('',#1252,#1254);
#1256=EDGE_CURVE('',#1251,#1243,#1255,.T.);
#1257=ORIENTED_EDGE('',*,*,#1256,.F.);
#1258=CARTESIAN_POINT('',(248.014218321,163.289697521,39.4));
#1259=VERTEX_POINT('',#1258);
#1260=CARTESIAN_POINT('',(248.014218321,162.289697521,39.4));
#1261=DIRECTION('',(0.,-0.,-1.));
#1262=DIRECTION('',(0.,-1.,0.));
#1263=AXIS2_PLACEMENT_3D('',#1260,#1261,#1262);
#1264=CIRCLE('',#1263,1.);
#1265=EDGE_CURVE('',#1251,#1259,#1264,.T.);
#1266=ORIENTED_EDGE('',*,*,#1265,.T.);
#1267=CARTESIAN_POINT('',(248.907099392,162.739990084,39.4));
#1268=VERTEX_POINT('',#1267);
#1269=CARTESIAN_POINT('',(248.014218321,162.289697521,39.4));
#1270=DIRECTION('',(0.,-0.,-1.));
#1271=DIRECTION('',(0.,-1.,0.));
#1272=AXIS2_PLACEMENT_3D('',#1269,#1270,#1271);
#1273=CIRCLE('',#1272,1.);
#1274=EDGE_CURVE('',#1259,#1268,#1273,.T.);
#1275=ORIENTED_EDGE('',*,*,#1274,.T.);
#1276=CARTESIAN_POINT('',(249.381828431,82.795832908,39.4));
#1277=VERTEX_POINT('',#1276);
#1278=CARTESIAN_POINT('',(168.699592777,122.290209089,39.4));
#1279=DIRECTION('',(-0.,0.,1.));
#1280=DIRECTION('',(0.,-1.,0.));
#1281=AXIS2_PLACEMENT_3D('',#1278,#1279,#1280);
#1282=CIRCLE('',#1281,89.83);
#1283=EDGE_CURVE('',#1277,#1268,#1282,.T.);
#1284=ORIENTED_EDGE('',*,*,#1283,.F.);
#1285=CARTESIAN_POINT('',(247.776555829,82.528382992,39.4));
#1286=VERTEX_POINT('',#1285);
#1287=CARTESIAN_POINT('',(248.48366261,83.235489773,39.4));
#1288=DIRECTION('',(0.,-0.,-1.));
#1289=DIRECTION('',(0.,-1.,0.));
#1290=AXIS2_PLACEMENT_3D('',#1287,#1288,#1289);
#1291=CIRCLE('',#1290,1.);
#1292=EDGE_CURVE('',#1277,#1286,#1291,.T.);
#1293=ORIENTED_EDGE('',*,*,#1292,.T.);
#1294=CARTESIAN_POINT('',(241.114521118,89.190417709,39.4));
#1295=VERTEX_POINT('',#1294);
#1296=CARTESIAN_POINT('',(241.114521118,89.190417709,39.4));
#1297=DIRECTION('',(0.707106781,-0.707106782,0.));
#1298=VECTOR('',#1297,9.421539845);
#1299=LINE('',#1296,#1298);
#1300=EDGE_CURVE('',#1295,#1286,#1299,.T.);
#1301=ORIENTED_EDGE('',*,*,#1300,.F.);
#1302=CARTESIAN_POINT('',(234.467717375,89.190417712,39.4));
#1303=VERTEX_POINT('',#1302);
#1304=CARTESIAN_POINT('',(241.114521118,89.190417709,39.4));
#1305=DIRECTION('',(-1.,0.,-0.));
#1306=VECTOR('',#1305,6.646803743);
#1307=LINE('',#1304,#1306);
#1308=EDGE_CURVE('',#1295,#1303,#1307,.T.);
#1309=ORIENTED_EDGE('',*,*,#1308,.T.);
#1310=CARTESIAN_POINT('',(201.691840453,56.414540821,39.4));
#1311=VERTEX_POINT('',#1310);
#1312=CARTESIAN_POINT('',(201.691840453,56.414540821,39.4));
#1313=DIRECTION('',(0.707106782,0.707106781,-0.));
#1314=VECTOR('',#1313,46.35208964);
#1315=LINE('',#1312,#1314);
#1316=EDGE_CURVE('',#1311,#1303,#1315,.T.);
#1317=ORIENTED_EDGE('',*,*,#1316,.F.);
#1318=CARTESIAN_POINT('',(201.691840453,70.556253111,39.4));
#1319=VERTEX_POINT('',#1318);
#1320=CARTESIAN_POINT('',(201.691840453,70.556253111,39.4));
#1321=DIRECTION('',(0.,-1.,0.));
#1322=VECTOR('',#1321,14.14171229);
#1323=LINE('',#1320,#1322);
#1324=EDGE_CURVE('',#1319,#1311,#1323,.T.);
#1325=ORIENTED_EDGE('',*,*,#1324,.F.);
#1326=CARTESIAN_POINT('',(138.505280797,70.556253153,39.4));
#1327=VERTEX_POINT('',#1326);
#1328=CARTESIAN_POINT('',(201.691840453,70.556253111,39.4));
#1329=DIRECTION('',(-1.,0.000000001,-0.));
#1330=VECTOR('',#1329,63.186559656);
#1331=LINE('',#1328,#1330);
#1332=EDGE_CURVE('',#1319,#1327,#1331,.T.);
#1333=ORIENTED_EDGE('',*,*,#1332,.T.);
#1334=CARTESIAN_POINT('',(138.505280797,38.556253151,39.4));
#1335=VERTEX_POINT('',#1334);
#1336=CARTESIAN_POINT('',(138.505280797,70.556253153,39.4));
#1337=DIRECTION('',(-0.,-1.,0.));
#1338=VECTOR('',#1337,32.000000002);
#1339=LINE('',#1336,#1338);
#1340=EDGE_CURVE('',#1327,#1335,#1339,.T.);
#1341=ORIENTED_EDGE('',*,*,#1340,.T.);
#1342=CARTESIAN_POINT('',(137.579285533,38.556253151,39.4));
#1343=DIRECTION('',(1.,-0.,0.));
#1344=VECTOR('',#1343,0.925995265);
#1345=LINE('',#1342,#1344);
#1346=EDGE_CURVE('',#1058,#1335,#1345,.T.);
#1347=ORIENTED_EDGE('',*,*,#1346,.F.);
#1348=EDGE_LOOP('',(#1065,#1074,#1082,#1090,#1098,#1106,#1114,#1123,#1132,#1141,#1150,#1158,#1166,#1174,#1182,#1190,#1199,#1208,#1217,#1225,#1233,#1241,#1249,#1257,#1266,#1275,
#1284,#1293,#1301,#1309,#1317,#1325,#1333,#1341,#1347));
#1349=FACE_BOUND('',#1348,.T.);
#1350=CARTESIAN_POINT('',(92.479830979,107.24807975,39.4));
#1351=VERTEX_POINT('',#1350);
#1352=CARTESIAN_POINT('',(90.979830979,107.24807975,39.4));
#1353=DIRECTION('',(-0.,0.,1.));
#1354=DIRECTION('',(1.,-0.,0.));
#1355=AXIS2_PLACEMENT_3D('',#1352,#1353,#1354);
#1356=CIRCLE('',#1355,1.5);
#1357=EDGE_CURVE('',#1351,#1351,#1356,.T.);
#1358=ORIENTED_EDGE('',*,*,#1357,.T.);
#1359=EDGE_LOOP('',(#1358));
#1360=FACE_BOUND('',#1359,.T.);
#1361=CARTESIAN_POINT('',(92.479830982,124.54807975,39.4));
#1362=VERTEX_POINT('',#1361);
#1363=CARTESIAN_POINT('',(90.979830982,124.54807975,39.4));
#1364=DIRECTION('',(-0.,0.,1.));
#1365=DIRECTION('',(1.,-0.,0.));
#1366=AXIS2_PLACEMENT_3D('',#1363,#1364,#1365);
#1367=CIRCLE('',#1366,1.5);
#1368=EDGE_CURVE('',#1362,#1362,#1367,.T.);
#1369=ORIENTED_EDGE('',*,*,#1368,.T.);
#1370=EDGE_LOOP('',(#1369));
#1371=FACE_BOUND('',#1370,.T.);
#1372=CARTESIAN_POINT('',(109.779830979,107.248079747,39.4));
#1373=VERTEX_POINT('',#1372);
#1374=CARTESIAN_POINT('',(108.279830979,107.248079747,39.4));
#1375=DIRECTION('',(-0.,0.,1.));
#1376=DIRECTION('',(1.,-0.,0.));
#1377=AXIS2_PLACEMENT_3D('',#1374,#1375,#1376);
#1378=CIRCLE('',#1377,1.5);
#1379=EDGE_CURVE('',#1373,#1373,#1378,.T.);
#1380=ORIENTED_EDGE('',*,*,#1379,.T.);
#1381=EDGE_LOOP('',(#1380));
#1382=FACE_BOUND('',#1381,.T.);
#1383=CARTESIAN_POINT('',(109.779830982,124.548079747,39.4));
#1384=VERTEX_POINT('',#1383);
#1385=CARTESIAN_POINT('',(108.279830982,124.548079747,39.4));
#1386=DIRECTION('',(-0.,0.,1.));
#1387=DIRECTION('',(1.,-0.,0.));
#1388=AXIS2_PLACEMENT_3D('',#1385,#1386,#1387);
#1389=CIRCLE('',#1388,1.5);
#1390=EDGE_CURVE('',#1384,#1384,#1389,.T.);
#1391=ORIENTED_EDGE('',*,*,#1390,.T.);
#1392=EDGE_LOOP('',(#1391));
#1393=FACE_BOUND('',#1392,.T.);
#1394=CARTESIAN_POINT('',(191.733904664,74.806253133,39.4));
#1395=VERTEX_POINT('',#1394);
#1396=CARTESIAN_POINT('',(190.083904664,74.806253133,39.4));
#1397=DIRECTION('',(-0.,0.,1.));
#1398=DIRECTION('',(1.,-0.,0.));
#1399=AXIS2_PLACEMENT_3D('',#1396,#1397,#1398);
#1400=CIRCLE('',#1399,1.65);
#1401=EDGE_CURVE('',#1395,#1395,#1400,.T.);
#1402=ORIENTED_EDGE('',*,*,#1401,.T.);
#1403=EDGE_LOOP('',(#1402));
#1404=FACE_BOUND('',#1403,.T.);
#1405=CARTESIAN_POINT('',(149.243904664,74.806253133,39.4));
#1406=VERTEX_POINT('',#1405);
#1407=CARTESIAN_POINT('',(147.593904664,74.806253133,39.4));
#1408=DIRECTION('',(-0.,0.,1.));
#1409=DIRECTION('',(1.,-0.,0.));
#1410=AXIS2_PLACEMENT_3D('',#1407,#1408,#1409);
#1411=CIRCLE('',#1410,1.65);
#1412=EDGE_CURVE('',#1406,#1406,#1411,.T.);
#1413=ORIENTED_EDGE('',*,*,#1412,.T.);
#1414=EDGE_LOOP('',(#1413));
#1415=FACE_BOUND('',#1414,.T.);
#1416=CARTESIAN_POINT('',(92.268389854,87.367627528,39.4));
#1417=VERTEX_POINT('',#1416);
#1418=CARTESIAN_POINT('',(90.618389854,89.017627528,39.4));
#1419=VERTEX_POINT('',#1418);
#1420=CARTESIAN_POINT('',(90.618389854,87.367627528,39.4));
#1421=DIRECTION('',(-0.,0.,1.));
#1422=DIRECTION('',(1.,-0.,0.));
#1423=AXIS2_PLACEMENT_3D('',#1420,#1421,#1422);
#1424=CIRCLE('',#1423,1.65);
#1425=EDGE_CURVE('',#1417,#1419,#1424,.T.);
#1426=ORIENTED_EDGE('',*,*,#1425,.T.);
#1427=CARTESIAN_POINT('',(90.618389854,87.367627528,39.4));
#1428=DIRECTION('',(-0.,0.,1.));
#1429=DIRECTION('',(1.,-0.,0.));
#1430=AXIS2_PLACEMENT_3D('',#1427,#1428,#1429);
#1431=CIRCLE('',#1430,1.65);
#1432=EDGE_CURVE('',#1419,#1417,#1431,.T.);
#1433=ORIENTED_EDGE('',*,*,#1432,.T.);
#1434=EDGE_LOOP('',(#1426,#1433));
#1435=FACE_BOUND('',#1434,.T.);
#1436=CARTESIAN_POINT('',(249.023607059,156.981619558,39.4));
#1437=VERTEX_POINT('',#1436);
#1438=CARTESIAN_POINT('',(247.373607059,158.631619558,39.4));
#1439=VERTEX_POINT('',#1438);
#1440=CARTESIAN_POINT('',(247.373607059,156.981619558,39.4));
#1441=DIRECTION('',(-0.,0.,1.));
#1442=DIRECTION('',(1.,-0.,0.));
#1443=AXIS2_PLACEMENT_3D('',#1440,#1441,#1442);
#1444=CIRCLE('',#1443,1.65);
#1445=EDGE_CURVE('',#1437,#1439,#1444,.T.);
#1446=ORIENTED_EDGE('',*,*,#1445,.T.);
#1447=CARTESIAN_POINT('',(247.373607059,156.981619558,39.4));
#1448=DIRECTION('',(-0.,0.,1.));
#1449=DIRECTION('',(1.,-0.,0.));
#1450=AXIS2_PLACEMENT_3D('',#1447,#1448,#1449);
#1451=CIRCLE('',#1450,1.65);
#1452=EDGE_CURVE('',#1439,#1437,#1451,.T.);
#1453=ORIENTED_EDGE('',*,*,#1452,.T.);
#1454=EDGE_LOOP('',(#1446,#1453));
#1455=FACE_BOUND('',#1454,.T.);
#1456=CARTESIAN_POINT('',(205.521340727,200.521844319,39.4));
#1457=VERTEX_POINT('',#1456);
#1458=CARTESIAN_POINT('',(203.871340727,202.171844319,39.4));
#1459=VERTEX_POINT('',#1458);
#1460=CARTESIAN_POINT('',(203.871340727,200.521844319,39.4));
#1461=DIRECTION('',(-0.,0.,1.));
#1462=DIRECTION('',(1.,-0.,0.));
#1463=AXIS2_PLACEMENT_3D('',#1460,#1461,#1462);
#1464=CIRCLE('',#1463,1.65);
#1465=EDGE_CURVE('',#1457,#1459,#1464,.T.);
#1466=ORIENTED_EDGE('',*,*,#1465,.T.);
#1467=CARTESIAN_POINT('',(203.871340727,200.521844319,39.4));
#1468=DIRECTION('',(-0.,0.,1.));
#1469=DIRECTION('',(1.,-0.,0.));
#1470=AXIS2_PLACEMENT_3D('',#1467,#1468,#1469);
#1471=CIRCLE('',#1470,1.65);
#1472=EDGE_CURVE('',#1459,#1457,#1471,.T.);
#1473=ORIENTED_EDGE('',*,*,#1472,.T.);
#1474=EDGE_LOOP('',(#1466,#1473));
#1475=FACE_BOUND('',#1474,.T.);
#1476=CARTESIAN_POINT('',(135.839002442,200.552232145,39.4));
#1477=VERTEX_POINT('',#1476);
#1478=CARTESIAN_POINT('',(134.189002442,202.202232145,39.4));
#1479=VERTEX_POINT('',#1478);
#1480=CARTESIAN_POINT('',(134.189002442,200.552232145,39.4));
#1481=DIRECTION('',(-0.,0.,1.));
#1482=DIRECTION('',(1.,-0.,0.));
#1483=AXIS2_PLACEMENT_3D('',#1480,#1481,#1482);
#1484=CIRCLE('',#1483,1.65);
#1485=EDGE_CURVE('',#1477,#1479,#1484,.T.);
#1486=ORIENTED_EDGE('',*,*,#1485,.T.);
#1487=CARTESIAN_POINT('',(134.189002442,200.552232145,39.4));
#1488=DIRECTION('',(-0.,0.,1.));
#1489=DIRECTION('',(1.,-0.,0.));
#1490=AXIS2_PLACEMENT_3D('',#1487,#1488,#1489);
#1491=CIRCLE('',#1490,1.65);
#1492=EDGE_CURVE('',#1479,#1477,#1491,.T.);
#1493=ORIENTED_EDGE('',*,*,#1492,.T.);
#1494=EDGE_LOOP('',(#1486,#1493));
#1495=FACE_BOUND('',#1494,.T.);
#1496=CARTESIAN_POINT('',(92.29877768,157.049965813,39.4));
#1497=VERTEX_POINT('',#1496);
#1498=CARTESIAN_POINT('',(90.64877768,158.699965813,39.4));
#1499=VERTEX_POINT('',#1498);
#1500=CARTESIAN_POINT('',(90.64877768,157.049965813,39.4));
#1501=DIRECTION('',(-0.,0.,1.));
#1502=DIRECTION('',(1.,-0.,0.));
#1503=AXIS2_PLACEMENT_3D('',#1500,#1501,#1502);
#1504=CIRCLE('',#1503,1.65);
#1505=EDGE_CURVE('',#1497,#1499,#1504,.T.);
#1506=ORIENTED_EDGE('',*,*,#1505,.T.);
#1507=CARTESIAN_POINT('',(90.64877768,157.049965813,39.4));
#1508=DIRECTION('',(-0.,0.,1.));
#1509=DIRECTION('',(1.,-0.,0.));
#1510=AXIS2_PLACEMENT_3D('',#1507,#1508,#1509);
#1511=CIRCLE('',#1510,1.65);
#1512=EDGE_CURVE('',#1499,#1497,#1511,.T.);
#1513=ORIENTED_EDGE('',*,*,#1512,.T.);
#1514=EDGE_LOOP('',(#1506,#1513));
#1515=FACE_BOUND('',#1514,.T.);
#1516=CARTESIAN_POINT('',(203.010101836,85.029009032,39.4));
#1517=VERTEX_POINT('',#1516);
#1518=CARTESIAN_POINT('',(202.049592752,84.080366688,39.4));
#1519=DIRECTION('',(-0.,0.,1.));
#1520=DIRECTION('',(0.711488211,0.702698033,-0.));
#1521=AXIS2_PLACEMENT_3D('',#1518,#1519,#1520);
#1522=CIRCLE('',#1521,1.35);
#1523=EDGE_CURVE('',#1517,#1517,#1522,.T.);
#1524=ORIENTED_EDGE('',*,*,#1523,.T.);
#1525=EDGE_LOOP('',(#1524));
#1526=FACE_BOUND('',#1525,.T.);
#1527=CARTESIAN_POINT('',(203.010101868,134.029009032,39.4));
#1528=VERTEX_POINT('',#1527);
#1529=CARTESIAN_POINT('',(202.049592783,133.080366687,39.4));
#1530=DIRECTION('',(-0.,0.,1.));
#1531=DIRECTION('',(0.711488211,0.702698033,-0.));
#1532=AXIS2_PLACEMENT_3D('',#1529,#1530,#1531);
#1533=CIRCLE('',#1532,1.35);
#1534=EDGE_CURVE('',#1528,#1528,#1533,.T.);
#1535=ORIENTED_EDGE('',*,*,#1534,.T.);
#1536=EDGE_LOOP('',(#1535));
#1537=FACE_BOUND('',#1536,.T.);
#1538=CARTESIAN_POINT('',(145.010101836,85.02900907,39.4));
#1539=VERTEX_POINT('',#1538);
#1540=CARTESIAN_POINT('',(144.049592751,84.080366726,39.4));
#1541=DIRECTION('',(-0.,0.,1.));
#1542=DIRECTION('',(0.711488211,0.702698033,-0.));
#1543=AXIS2_PLACEMENT_3D('',#1540,#1541,#1542);
#1544=CIRCLE('',#1543,1.35);
#1545=EDGE_CURVE('',#1539,#1539,#1544,.T.);
#1546=ORIENTED_EDGE('',*,*,#1545,.T.);
#1547=EDGE_LOOP('',(#1546));
#1548=FACE_BOUND('',#1547,.T.);
#1549=CARTESIAN_POINT('',(145.010101869,134.029009071,39.4));
#1550=VERTEX_POINT('',#1549);
#1551=CARTESIAN_POINT('',(144.049592784,133.080366726,39.4));
#1552=DIRECTION('',(-0.,0.,1.));
#1553=DIRECTION('',(0.711488211,0.702698033,-0.));
#1554=AXIS2_PLACEMENT_3D('',#1551,#1552,#1553);
#1555=CIRCLE('',#1554,1.35);
#1556=EDGE_CURVE('',#1550,#1550,#1555,.T.);
#1557=ORIENTED_EDGE('',*,*,#1556,.T.);
#1558=EDGE_LOOP('',(#1557));
#1559=FACE_BOUND('',#1558,.T.);
#1560=CARTESIAN_POINT('',(149.399592785,138.290209103,39.4));
#1561=VERTEX_POINT('',#1560);
#1562=CARTESIAN_POINT('',(196.699592783,138.290209087,39.4));
#1563=VERTEX_POINT('',#1562);
#1564=CARTESIAN_POINT('',(149.399592785,138.290209103,39.4));
#1565=DIRECTION('',(1.,-0.,0.));
#1566=VECTOR('',#1565,47.299999998);
#1567=LINE('',#1564,#1566);
#1568=EDGE_CURVE('',#1561,#1563,#1567,.T.);
#1569=ORIENTED_EDGE('',*,*,#1568,.F.);
#1570=CARTESIAN_POINT('',(149.399592757,93.080366714,39.4));
#1571=VERTEX_POINT('',#1570);
#1572=CARTESIAN_POINT('',(149.399592787,138.290209103,39.4));
#1573=DIRECTION('',(-0.000000001,-1.,0.));
#1574=VECTOR('',#1573,45.209842388);
#1575=LINE('',#1572,#1574);
#1576=EDGE_CURVE('',#1561,#1571,#1575,.T.);
#1577=ORIENTED_EDGE('',*,*,#1576,.T.);
#1578=CARTESIAN_POINT('',(196.699592783,93.080366691,39.4));
#1579=VERTEX_POINT('',#1578);
#1580=CARTESIAN_POINT('',(149.399592757,93.080366723,39.4));
#1581=DIRECTION('',(1.,-0.000000001,0.));
#1582=VECTOR('',#1581,47.300000026);
#1583=LINE('',#1580,#1582);
#1584=EDGE_CURVE('',#1571,#1579,#1583,.T.);
#1585=ORIENTED_EDGE('',*,*,#1584,.T.);
#1586=CARTESIAN_POINT('',(196.699592783,138.290209087,39.4));
#1587=DIRECTION('',(-0.,-1.,0.));
#1588=VECTOR('',#1587,45.209842396);
#1589=LINE('',#1586,#1588);
#1590=EDGE_CURVE('',#1563,#1579,#1589,.T.);
#1591=ORIENTED_EDGE('',*,*,#1590,.F.);
#1592=EDGE_LOOP('',(#1569,#1577,#1585,#1591));
#1593=FACE_BOUND('',#1592,.T.);
#1594=CARTESIAN_POINT('',(209.47661226,152.07480951,39.4));
#1595=VERTEX_POINT('',#1594);
#1596=CARTESIAN_POINT('',(208.338231122,150.950492657,39.4));
#1597=DIRECTION('',(-0.,0.,1.));
#1598=DIRECTION('',(0.711488211,0.702698033,-0.));
#1599=AXIS2_PLACEMENT_3D('',#1596,#1597,#1598);
#1600=CIRCLE('',#1599,1.6);
#1601=EDGE_CURVE('',#1595,#1595,#1600,.T.);
#1602=ORIENTED_EDGE('',*,*,#1601,.T.);
#1603=EDGE_LOOP('',(#1602));
#1604=FACE_BOUND('',#1603,.T.);
#1605=CARTESIAN_POINT('',(121.434802994,145.621917042,39.4));
#1606=VERTEX_POINT('',#1605);
#1607=CARTESIAN_POINT('',(120.296421856,144.49760019,39.4));
#1608=DIRECTION('',(-0.,0.,1.));
#1609=DIRECTION('',(0.711488211,0.702698033,-0.));
#1610=AXIS2_PLACEMENT_3D('',#1607,#1608,#1609);
#1611=CIRCLE('',#1610,1.6);
#1612=EDGE_CURVE('',#1606,#1606,#1611,.T.);
#1613=ORIENTED_EDGE('',*,*,#1612,.T.);
#1614=EDGE_LOOP('',(#1613));
#1615=FACE_BOUND('',#1614,.T.);
#1616=CARTESIAN_POINT('',(134.021304412,44.982747063,39.4));
#1617=VERTEX_POINT('',#1616);
#1618=CARTESIAN_POINT('',(132.847632959,43.823575895,39.4));
#1619=DIRECTION('',(-0.,0.,1.));
#1620=DIRECTION('',(0.711488211,0.702698033,-0.));
#1621=AXIS2_PLACEMENT_3D('',#1618,#1619,#1620);
#1622=CIRCLE('',#1621,1.649600702);
#1623=EDGE_CURVE('',#1617,#1617,#1622,.T.);
#1624=ORIENTED_EDGE('',*,*,#1623,.T.);
#1625=EDGE_LOOP('',(#1624));
#1626=FACE_BOUND('',#1625,.T.);
#1627=CARTESIAN_POINT('',(128.307687782,134.863597011,39.4));
#1628=VERTEX_POINT('',#1627);
#1629=CARTESIAN_POINT('',(127.169306644,133.739280159,39.4));
#1630=DIRECTION('',(-0.,0.,1.));
#1631=DIRECTION('',(0.711488211,0.702698033,-0.));
#1632=AXIS2_PLACEMENT_3D('',#1629,#1630,#1631);
#1633=CIRCLE('',#1632,1.6);
#1634=EDGE_CURVE('',#1628,#1628,#1633,.T.);
#1635=ORIENTED_EDGE('',*,*,#1634,.T.);
#1636=EDGE_LOOP('',(#1635));
#1637=FACE_BOUND('',#1636,.T.);
#1638=CARTESIAN_POINT('',(127.965830086,79.864659446,39.4));
#1639=VERTEX_POINT('',#1638);
#1640=CARTESIAN_POINT('',(126.827448949,78.740342593,39.4));
#1641=DIRECTION('',(-0.,0.,1.));
#1642=DIRECTION('',(0.711488211,0.702698033,-0.));
#1643=AXIS2_PLACEMENT_3D('',#1640,#1641,#1642);
#1644=CIRCLE('',#1643,1.6);
#1645=EDGE_CURVE('',#1639,#1639,#1644,.T.);
#1646=ORIENTED_EDGE('',*,*,#1645,.T.);
#1647=EDGE_LOOP('',(#1646));
#1648=FACE_BOUND('',#1647,.T.);
#1649=CARTESIAN_POINT('',(211.306084472,134.34770267,39.4));
#1650=VERTEX_POINT('',#1649);
#1651=CARTESIAN_POINT('',(210.167703334,133.223385817,39.4));
#1652=DIRECTION('',(-0.,0.,1.));
#1653=DIRECTION('',(0.711488211,0.702698033,-0.));
#1654=AXIS2_PLACEMENT_3D('',#1651,#1652,#1653);
#1655=CIRCLE('',#1654,1.6);
#1656=EDGE_CURVE('',#1650,#1650,#1655,.T.);
#1657=ORIENTED_EDGE('',*,*,#1656,.T.);
#1658=EDGE_LOOP('',(#1657));
#1659=FACE_BOUND('',#1658,.T.);
#1660=CARTESIAN_POINT('',(210.964226775,79.348765104,39.4));
#1661=VERTEX_POINT('',#1660);
#1662=CARTESIAN_POINT('',(209.825845638,78.224448252,39.4));
#1663=DIRECTION('',(-0.,0.,1.));
#1664=DIRECTION('',(0.711488211,0.702698033,-0.));
#1665=AXIS2_PLACEMENT_3D('',#1662,#1663,#1664);
#1666=CIRCLE('',#1665,1.6);
#1667=EDGE_CURVE('',#1661,#1661,#1666,.T.);
#1668=ORIENTED_EDGE('',*,*,#1667,.T.);
#1669=EDGE_LOOP('',(#1668));
#1670=FACE_BOUND('',#1669,.T.);
#1671=CARTESIAN_POINT('',(248.518438813,88.473428762,39.4));
#1672=VERTEX_POINT('',#1671);
#1673=CARTESIAN_POINT('',(247.344483265,87.313977008,39.4));
#1674=DIRECTION('',(-0.,0.,1.));
#1675=DIRECTION('',(0.711488211,0.702698033,-0.));
#1676=AXIS2_PLACEMENT_3D('',#1673,#1674,#1675);
#1677=CIRCLE('',#1676,1.65);
#1678=EDGE_CURVE('',#1672,#1672,#1677,.T.);
#1679=ORIENTED_EDGE('',*,*,#1678,.T.);
#1680=EDGE_LOOP('',(#1679));
#1681=FACE_BOUND('',#1680,.T.);
#1682=CARTESIAN_POINT('',(242.963784978,99.527122692,39.4));
#1683=VERTEX_POINT('',#1682);
#1684=CARTESIAN_POINT('',(244.863784978,101.427122692,39.4));
#1685=VERTEX_POINT('',#1684);
#1686=CARTESIAN_POINT('',(244.863784978,99.527122692,39.4));
#1687=DIRECTION('',(0.,-0.,-1.));
#1688=DIRECTION('',(-0.,1.,-0.));
#1689=AXIS2_PLACEMENT_3D('',#1686,#1687,#1688);
#1690=CIRCLE('',#1689,1.9);
#1691=EDGE_CURVE('',#1683,#1685,#1690,.T.);
#1692=ORIENTED_EDGE('',*,*,#1691,.F.);
#1693=CARTESIAN_POINT('',(244.863784978,99.527122692,39.4));
#1694=DIRECTION('',(0.,-0.,-1.));
#1695=DIRECTION('',(-0.,1.,-0.));
#1696=AXIS2_PLACEMENT_3D('',#1693,#1694,#1695);
#1697=CIRCLE('',#1696,1.9);
#1698=EDGE_CURVE('',#1685,#1683,#1697,.T.);
#1699=ORIENTED_EDGE('',*,*,#1698,.F.);
#1700=EDGE_LOOP('',(#1692,#1699));
#1701=FACE_BOUND('',#1700,.T.);
#1702=CARTESIAN_POINT('',(242.963784978,145.577122692,39.4));
#1703=VERTEX_POINT('',#1702);
#1704=CARTESIAN_POINT('',(244.863784978,147.477122692,39.4));
#1705=VERTEX_POINT('',#1704);
#1706=CARTESIAN_POINT('',(244.863784978,145.577122692,39.4));
#1707=DIRECTION('',(0.,-0.,-1.));
#1708=DIRECTION('',(-0.,1.,-0.));
#1709=AXIS2_PLACEMENT_3D('',#1706,#1707,#1708);
#1710=CIRCLE('',#1709,1.9);
#1711=EDGE_CURVE('',#1703,#1705,#1710,.T.);
#1712=ORIENTED_EDGE('',*,*,#1711,.F.);
#1713=CARTESIAN_POINT('',(244.863784978,145.577122692,39.4));
#1714=DIRECTION('',(0.,-0.,-1.));
#1715=DIRECTION('',(-0.,1.,-0.));
#1716=AXIS2_PLACEMENT_3D('',#1713,#1714,#1715);
#1717=CIRCLE('',#1716,1.9);
#1718=EDGE_CURVE('',#1705,#1703,#1717,.T.);
#1719=ORIENTED_EDGE('',*,*,#1718,.F.);
#1720=EDGE_LOOP('',(#1712,#1719));
#1721=FACE_BOUND('',#1720,.T.);
#1722=CARTESIAN_POINT('',(222.463784978,145.577122692,39.4));
#1723=VERTEX_POINT('',#1722);
#1724=CARTESIAN_POINT('',(224.363784978,147.477122692,39.4));
#1725=VERTEX_POINT('',#1724);
#1726=CARTESIAN_POINT('',(224.363784978,145.577122692,39.4));
#1727=DIRECTION('',(0.,-0.,-1.));
#1728=DIRECTION('',(-0.,1.,-0.));
#1729=AXIS2_PLACEMENT_3D('',#1726,#1727,#1728);
#1730=CIRCLE('',#1729,1.9);
#1731=EDGE_CURVE('',#1723,#1725,#1730,.T.);
#1732=ORIENTED_EDGE('',*,*,#1731,.F.);
#1733=CARTESIAN_POINT('',(224.363784978,145.577122692,39.4));
#1734=DIRECTION('',(0.,-0.,-1.));
#1735=DIRECTION('',(-0.,1.,-0.));
#1736=AXIS2_PLACEMENT_3D('',#1733,#1734,#1735);
#1737=CIRCLE('',#1736,1.9);
#1738=EDGE_CURVE('',#1725,#1723,#1737,.T.);
#1739=ORIENTED_EDGE('',*,*,#1738,.F.);
#1740=EDGE_LOOP('',(#1732,#1739));
#1741=FACE_BOUND('',#1740,.T.);
#1742=CARTESIAN_POINT('',(222.463784978,99.527122692,39.4));
#1743=VERTEX_POINT('',#1742);
#1744=CARTESIAN_POINT('',(224.363784978,101.427122692,39.4));
#1745=VERTEX_POINT('',#1744);
#1746=CARTESIAN_POINT('',(224.363784978,99.527122692,39.4));
#1747=DIRECTION('',(0.,-0.,-1.));
#1748=DIRECTION('',(-0.,1.,-0.));
#1749=AXIS2_PLACEMENT_3D('',#1746,#1747,#1748);
#1750=CIRCLE('',#1749,1.9);
#1751=EDGE_CURVE('',#1743,#1745,#1750,.T.);
#1752=ORIENTED_EDGE('',*,*,#1751,.F.);
#1753=CARTESIAN_POINT('',(224.363784978,99.527122692,39.4));
#1754=DIRECTION('',(0.,-0.,-1.));
#1755=DIRECTION('',(-0.,1.,-0.));
#1756=AXIS2_PLACEMENT_3D('',#1753,#1754,#1755);
#1757=CIRCLE('',#1756,1.9);
#1758=EDGE_CURVE('',#1745,#1743,#1757,.T.);
#1759=ORIENTED_EDGE('',*,*,#1758,.F.);
#1760=EDGE_LOOP('',(#1752,#1759));
#1761=FACE_BOUND('',#1760,.T.);
#1762=ADVANCED_FACE('',(#1021,#1032,#1043,#1054,#1349,#1360,#1371,#1382,#1393,#1404,#1415,#1435,#1455,#1475,#1495,#1515,#1526,#1537,#1548,#1559,#1593,#1604,#1615,#1626,#1637,#1648,
#1659,#1670,#1681,#1701,#1721,#1741,#1761),#1010,.F.);
#1763=CARTESIAN_POINT('',(218.133550723,72.856251076,41.4));
#1764=DIRECTION('',(-0.707106781,0.707106782,-0.));
#1765=DIRECTION('',(-0.707106782,-0.707106781,0.));
#1766=AXIS2_PLACEMENT_3D('',#1763,#1764,#1765);
#1767=PLANE('',#1766);
#1768=ORIENTED_EDGE('',*,*,#1316,.T.);
#1769=CARTESIAN_POINT('',(234.467717375,89.190417712,39.4));
#1770=DIRECTION('',(-0.,0.,1.));
#1771=VECTOR('',#1770,2.);
#1772=LINE('',#1769,#1771);
#1773=EDGE_CURVE('',#1303,#289,#1772,.T.);
#1774=ORIENTED_EDGE('',*,*,#1773,.T.);
#1775=ORIENTED_EDGE('',*,*,#294,.F.);
#1776=CARTESIAN_POINT('',(201.691840453,56.414540821,39.4));
#1777=DIRECTION('',(0.,0.,1.));
#1778=VECTOR('',#1777,2.);
#1779=LINE('',#1776,#1778);
#1780=EDGE_CURVE('',#1311,#281,#1779,.T.);
#1781=ORIENTED_EDGE('',*,*,#1780,.F.);
#1782=EDGE_LOOP('',(#1768,#1774,#1775,#1781));
#1783=FACE_BOUND('',#1782,.T.);
#1784=ADVANCED_FACE('',(#1783),#1767,.F.);
#1785=CARTESIAN_POINT('',(90.618389854,87.367627528,60.322557536));
#1786=DIRECTION('',(0.,-0.,-1.));
#1787=DIRECTION('',(0.,1.,-0.));
#1788=AXIS2_PLACEMENT_3D('',#1785,#1786,#1787);
#1789=CYLINDRICAL_SURFACE('',#1788,1.65);
#1790=CARTESIAN_POINT('',(90.618389854,89.017627528,39.4));
#1791=DIRECTION('',(-0.,0.,1.));
#1792=VECTOR('',#1791,2.);
#1793=LINE('',#1790,#1792);
#1794=EDGE_CURVE('',#1419,#659,#1793,.T.);
#1795=ORIENTED_EDGE('',*,*,#1794,.F.);
#1796=ORIENTED_EDGE('',*,*,#1425,.F.);
#1797=ORIENTED_EDGE('',*,*,#1432,.F.);
#1798=ORIENTED_EDGE('',*,*,#1794,.T.);
#1799=ORIENTED_EDGE('',*,*,#667,.T.);
#1800=ORIENTED_EDGE('',*,*,#674,.T.);
#1801=EDGE_LOOP('',(#1795,#1796,#1797,#1798,#1799,#1800));
#1802=FACE_BOUND('',#1801,.T.);
#1803=ADVANCED_FACE('',(#1802),#1789,.F.);
#1804=CARTESIAN_POINT('',(247.373607059,156.981619558,60.322557536));
#1805=DIRECTION('',(0.,-0.,-1.));
#1806=DIRECTION('',(0.,1.,-0.));
#1807=AXIS2_PLACEMENT_3D('',#1804,#1805,#1806);
#1808=CYLINDRICAL_SURFACE('',#1807,1.65);
#1809=CARTESIAN_POINT('',(247.373607059,158.631619558,39.4));
#1810=DIRECTION('',(-0.,0.,1.));
#1811=VECTOR('',#1810,2.);
#1812=LINE('',#1809,#1811);
#1813=EDGE_CURVE('',#1439,#679,#1812,.T.);
#1814=ORIENTED_EDGE('',*,*,#1813,.F.);
#1815=ORIENTED_EDGE('',*,*,#1445,.F.);
#1816=ORIENTED_EDGE('',*,*,#1452,.F.);
#1817=ORIENTED_EDGE('',*,*,#1813,.T.);
#1818=ORIENTED_EDGE('',*,*,#687,.T.);
#1819=ORIENTED_EDGE('',*,*,#694,.T.);
#1820=EDGE_LOOP('',(#1814,#1815,#1816,#1817,#1818,#1819));
#1821=FACE_BOUND('',#1820,.T.);
#1822=ADVANCED_FACE('',(#1821),#1808,.F.);
#1823=CARTESIAN_POINT('',(203.871340727,200.521844319,50.322557536));
#1824=DIRECTION('',(0.,-0.,-1.));
#1825=DIRECTION('',(0.,1.,-0.));
#1826=AXIS2_PLACEMENT_3D('',#1823,#1824,#1825);
#1827=CYLINDRICAL_SURFACE('',#1826,1.65);
#1828=CARTESIAN_POINT('',(203.871340727,202.171844319,39.4));
#1829=DIRECTION('',(-0.,0.,1.));
#1830=VECTOR('',#1829,2.);
#1831=LINE('',#1828,#1830);
#1832=EDGE_CURVE('',#1459,#699,#1831,.T.);
#1833=ORIENTED_EDGE('',*,*,#1832,.F.);
#1834=ORIENTED_EDGE('',*,*,#1465,.F.);
#1835=ORIENTED_EDGE('',*,*,#1472,.F.);
#1836=ORIENTED_EDGE('',*,*,#1832,.T.);
#1837=ORIENTED_EDGE('',*,*,#707,.T.);
#1838=ORIENTED_EDGE('',*,*,#714,.T.);
#1839=EDGE_LOOP('',(#1833,#1834,#1835,#1836,#1837,#1838));
#1840=FACE_BOUND('',#1839,.T.);
#1841=ADVANCED_FACE('',(#1840),#1827,.F.);
#1842=CARTESIAN_POINT('',(134.189002442,200.552232145,50.322557536));
#1843=DIRECTION('',(0.,-0.,-1.));
#1844=DIRECTION('',(0.,1.,-0.));
#1845=AXIS2_PLACEMENT_3D('',#1842,#1843,#1844);
#1846=CYLINDRICAL_SURFACE('',#1845,1.65);
#1847=CARTESIAN_POINT('',(134.189002442,202.202232145,39.4));
#1848=DIRECTION('',(-0.,0.,1.));
#1849=VECTOR('',#1848,2.);
#1850=LINE('',#1847,#1849);
#1851=EDGE_CURVE('',#1479,#719,#1850,.T.);
#1852=ORIENTED_EDGE('',*,*,#1851,.F.);
#1853=ORIENTED_EDGE('',*,*,#1485,.F.);
#1854=ORIENTED_EDGE('',*,*,#1492,.F.);
#1855=ORIENTED_EDGE('',*,*,#1851,.T.);
#1856=ORIENTED_EDGE('',*,*,#727,.T.);
#1857=ORIENTED_EDGE('',*,*,#734,.T.);
#1858=EDGE_LOOP('',(#1852,#1853,#1854,#1855,#1856,#1857));
#1859=FACE_BOUND('',#1858,.T.);
#1860=ADVANCED_FACE('',(#1859),#1846,.F.);
#1861=CARTESIAN_POINT('',(90.64877768,157.049965813,50.322557536));
#1862=DIRECTION('',(0.,-0.,-1.));
#1863=DIRECTION('',(0.,1.,-0.));
#1864=AXIS2_PLACEMENT_3D('',#1861,#1862,#1863);
#1865=CYLINDRICAL_SURFACE('',#1864,1.65);
#1866=CARTESIAN_POINT('',(90.64877768,158.699965813,39.4));
#1867=DIRECTION('',(-0.,0.,1.));
#1868=VECTOR('',#1867,2.);
#1869=LINE('',#1866,#1868);
#1870=EDGE_CURVE('',#1499,#739,#1869,.T.);
#1871=ORIENTED_EDGE('',*,*,#1870,.F.);
#1872=ORIENTED_EDGE('',*,*,#1505,.F.);
#1873=ORIENTED_EDGE('',*,*,#1512,.F.);
#1874=ORIENTED_EDGE('',*,*,#1870,.T.);
#1875=ORIENTED_EDGE('',*,*,#747,.T.);
#1876=ORIENTED_EDGE('',*,*,#754,.T.);
#1877=EDGE_LOOP('',(#1871,#1872,#1873,#1874,#1875,#1876));
#1878=FACE_BOUND('',#1877,.T.);
#1879=ADVANCED_FACE('',(#1878),#1865,.F.);
#1880=CARTESIAN_POINT('',(168.699592742,70.556253133,41.4));
#1881=DIRECTION('',(-0.,-1.,0.));
#1882=DIRECTION('',(1.,-0.,0.));
#1883=AXIS2_PLACEMENT_3D('',#1880,#1881,#1882);
#1884=PLANE('',#1883);
#1885=CARTESIAN_POINT('',(201.691840453,70.556253133,41.4));
#1886=DIRECTION('',(0.,-0.,-1.));
#1887=VECTOR('',#1886,2.);
#1888=LINE('',#1885,#1887);
#1889=EDGE_CURVE('',#273,#1319,#1888,.T.);
#1890=ORIENTED_EDGE('',*,*,#1889,.F.);
#1891=ORIENTED_EDGE('',*,*,#278,.T.);
#1892=CARTESIAN_POINT('',(187.553904664,70.556253133,43.4));
#1893=VERTEX_POINT('',#1892);
#1894=CARTESIAN_POINT('',(187.553904664,70.556253133,43.4));
#1895=DIRECTION('',(0.,-0.,-1.));
#1896=VECTOR('',#1895,2.);
#1897=LINE('',#1894,#1896);
#1898=EDGE_CURVE('',#1893,#265,#1897,.T.);
#1899=ORIENTED_EDGE('',*,*,#1898,.F.);
#1900=CARTESIAN_POINT('',(150.14,70.556253133,43.4));
#1901=VERTEX_POINT('',#1900);
#1902=CARTESIAN_POINT('',(187.553904664,70.556253133,43.4));
#1903=DIRECTION('',(-1.,-0.,-0.));
#1904=VECTOR('',#1903,37.413904664);
#1905=LINE('',#1902,#1904);
#1906=EDGE_CURVE('',#1893,#1901,#1905,.T.);
#1907=ORIENTED_EDGE('',*,*,#1906,.T.);
#1908=CARTESIAN_POINT('',(150.14,70.556253133,43.4));
#1909=DIRECTION('',(0.,-0.,-1.));
#1910=VECTOR('',#1909,2.);
#1911=LINE('',#1908,#1910);
#1912=EDGE_CURVE('',#1901,#241,#1911,.T.);
#1913=ORIENTED_EDGE('',*,*,#1912,.T.);
#1914=ORIENTED_EDGE('',*,*,#246,.T.);
#1915=CARTESIAN_POINT('',(138.505280797,70.556253133,41.4));
#1916=DIRECTION('',(0.,-0.,-1.));
#1917=VECTOR('',#1916,2.);
#1918=LINE('',#1915,#1917);
#1919=EDGE_CURVE('',#233,#1327,#1918,.T.);
#1920=ORIENTED_EDGE('',*,*,#1919,.T.);
#1921=ORIENTED_EDGE('',*,*,#1332,.F.);
#1922=EDGE_LOOP('',(#1890,#1891,#1899,#1907,#1913,#1914,#1920,#1921));
#1923=FACE_BOUND('',#1922,.T.);
#1924=ADVANCED_FACE('',(#1923),#1884,.T.);
#1925=CARTESIAN_POINT('',(149.399592783,132.101975178,39.4));
#1926=DIRECTION('',(-1.,0.,-0.));
#1927=DIRECTION('',(-0.,-1.,0.));
#1928=AXIS2_PLACEMENT_3D('',#1925,#1926,#1927);
#1929=PLANE('',#1928);
#1930=ORIENTED_EDGE('',*,*,#1576,.F.);
#1931=CARTESIAN_POINT('',(149.399592783,138.290209102,39.4));
#1932=DIRECTION('',(-0.,0.,1.));
#1933=VECTOR('',#1932,2.);
#1934=LINE('',#1931,#1933);
#1935=EDGE_CURVE('',#1561,#761,#1934,.T.);
#1936=ORIENTED_EDGE('',*,*,#1935,.T.);
#1937=ORIENTED_EDGE('',*,*,#788,.T.);
#1938=CARTESIAN_POINT('',(149.399592757,93.080366706,39.4));
#1939=DIRECTION('',(-0.,0.,1.));
#1940=VECTOR('',#1939,2.);
#1941=LINE('',#1938,#1940);
#1942=EDGE_CURVE('',#1571,#777,#1941,.T.);
#1943=ORIENTED_EDGE('',*,*,#1942,.F.);
#1944=EDGE_LOOP('',(#1930,#1936,#1937,#1943));
#1945=FACE_BOUND('',#1944,.T.);
#1946=ADVANCED_FACE('',(#1945),#1929,.F.);
#1947=CARTESIAN_POINT('',(147.199592787,138.290209103,51.4));
#1948=DIRECTION('',(-0.,-1.,0.));
#1949=DIRECTION('',(1.,-0.,0.));
#1950=AXIS2_PLACEMENT_3D('',#1947,#1948,#1949);
#1951=PLANE('',#1950);
#1952=ORIENTED_EDGE('',*,*,#1935,.F.);
#1953=ORIENTED_EDGE('',*,*,#1568,.T.);
#1954=CARTESIAN_POINT('',(196.699592783,138.29020907,41.4));
#1955=DIRECTION('',(0.,-0.,-1.));
#1956=VECTOR('',#1955,2.);
#1957=LINE('',#1954,#1956);
#1958=EDGE_CURVE('',#759,#1563,#1957,.T.);
#1959=ORIENTED_EDGE('',*,*,#1958,.F.);
#1960=ORIENTED_EDGE('',*,*,#766,.T.);
#1961=EDGE_LOOP('',(#1952,#1953,#1959,#1960));
#1962=FACE_BOUND('',#1961,.T.);
#1963=ADVANCED_FACE('',(#1962),#1951,.T.);
#1964=CARTESIAN_POINT('',(141.705280787,38.556253151,41.4));
#1965=DIRECTION('',(0.,1.,-0.));
#1966=DIRECTION('',(-1.,0.,-0.));
#1967=AXIS2_PLACEMENT_3D('',#1964,#1965,#1966);
#1968=PLANE('',#1967);
#1969=CARTESIAN_POINT('',(138.505280797,38.556253151,41.4));
#1970=DIRECTION('',(0.,-0.,-1.));
#1971=VECTOR('',#1970,2.);
#1972=LINE('',#1969,#1971);
#1973=EDGE_CURVE('',#225,#1335,#1972,.T.);
#1974=ORIENTED_EDGE('',*,*,#1973,.F.);
#1975=ORIENTED_EDGE('',*,*,#230,.F.);
#1976=CARTESIAN_POINT('',(137.579285533,38.556253151,41.4));
#1977=DIRECTION('',(0.,-0.,-1.));
#1978=VECTOR('',#1977,2.);
#1979=LINE('',#1976,#1978);
#1980=EDGE_CURVE('',#216,#1058,#1979,.T.);
#1981=ORIENTED_EDGE('',*,*,#1980,.T.);
#1982=ORIENTED_EDGE('',*,*,#1346,.T.);
#1983=EDGE_LOOP('',(#1974,#1975,#1981,#1982));
#1984=FACE_BOUND('',#1983,.T.);
#1985=ADVANCED_FACE('',(#1984),#1968,.F.);
#1986=CARTESIAN_POINT('',(168.699592777,122.290209089,41.4));
#1987=DIRECTION('',(0.,-0.,-1.));
#1988=DIRECTION('',(-0.711488211,-0.702698033,0.));
#1989=AXIS2_PLACEMENT_3D('',#1986,#1987,#1988);
#1990=CYLINDRICAL_SURFACE('',#1989,89.33);
#1991=ORIENTED_EDGE('',*,*,#222,.F.);
#1992=CARTESIAN_POINT('',(127.704621013,42.922323959,41.4));
#1993=DIRECTION('',(0.,-0.,-1.));
#1994=VECTOR('',#1993,2.);
#1995=LINE('',#1992,#1994);
#1996=EDGE_CURVE('',#207,#1056,#1995,.T.);
#1997=ORIENTED_EDGE('',*,*,#1996,.T.);
#1998=ORIENTED_EDGE('',*,*,#1064,.T.);
#1999=ORIENTED_EDGE('',*,*,#1980,.F.);
#2000=EDGE_LOOP('',(#1991,#1997,#1998,#1999));
#2001=FACE_BOUND('',#2000,.T.);
#2002=ADVANCED_FACE('',(#2001),#1990,.T.);
#2003=CARTESIAN_POINT('',(168.699592777,122.290209089,41.4));
#2004=DIRECTION('',(0.,-0.,-1.));
#2005=DIRECTION('',(-0.711488211,-0.702698033,0.));
#2006=AXIS2_PLACEMENT_3D('',#2003,#2004,#2005);
#2007=CYLINDRICAL_SURFACE('',#2006,89.83);
#2008=ORIENTED_EDGE('',*,*,#328,.F.);
#2009=CARTESIAN_POINT('',(249.381828431,82.795832908,41.4));
#2010=DIRECTION('',(0.,-0.,-1.));
#2011=VECTOR('',#2010,2.);
#2012=LINE('',#2009,#2011);
#2013=EDGE_CURVE('',#313,#1277,#2012,.T.);
#2014=ORIENTED_EDGE('',*,*,#2013,.T.);
#2015=ORIENTED_EDGE('',*,*,#1283,.T.);
#2016=CARTESIAN_POINT('',(248.907099392,162.739990084,39.4));
#2017=DIRECTION('',(-0.,0.,1.));
#2018=VECTOR('',#2017,2.);
#2019=LINE('',#2016,#2018);
#2020=EDGE_CURVE('',#1268,#322,#2019,.T.);
#2021=ORIENTED_EDGE('',*,*,#2020,.T.);
#2022=EDGE_LOOP('',(#2008,#2014,#2015,#2021));
#2023=FACE_BOUND('',#2022,.T.);
#2024=ADVANCED_FACE('',(#2023),#2007,.T.);
#2025=CARTESIAN_POINT('',(244.579344348,85.725594476,41.4));
#2026=DIRECTION('',(0.707106782,0.707106781,-0.));
#2027=DIRECTION('',(-0.707106781,0.707106782,-0.));
#2028=AXIS2_PLACEMENT_3D('',#2025,#2026,#2027);
#2029=PLANE('',#2028);
#2030=ORIENTED_EDGE('',*,*,#1300,.T.);
#2031=CARTESIAN_POINT('',(247.776555829,82.528382992,39.4));
#2032=DIRECTION('',(-0.,0.,1.));
#2033=VECTOR('',#2032,2.);
#2034=LINE('',#2031,#2033);
#2035=EDGE_CURVE('',#1286,#305,#2034,.T.);
#2036=ORIENTED_EDGE('',*,*,#2035,.T.);
#2037=ORIENTED_EDGE('',*,*,#310,.F.);
#2038=CARTESIAN_POINT('',(241.114521118,89.190417709,41.4));
#2039=DIRECTION('',(0.,-0.,-1.));
#2040=VECTOR('',#2039,2.);
#2041=LINE('',#2038,#2040);
#2042=EDGE_CURVE('',#297,#1295,#2041,.T.);
#2043=ORIENTED_EDGE('',*,*,#2042,.T.);
#2044=EDGE_LOOP('',(#2030,#2036,#2037,#2043));
#2045=FACE_BOUND('',#2044,.T.);
#2046=ADVANCED_FACE('',(#2045),#2029,.F.);
#2047=CARTESIAN_POINT('',(168.701037158,122.716496615,41.4));
#2048=DIRECTION('',(-0.,0.,1.));
#2049=DIRECTION('',(0.,-1.,0.));
#2050=AXIS2_PLACEMENT_3D('',#2047,#2048,#2049);
#2051=CYLINDRICAL_SURFACE('',#2050,89.12);
#2052=ORIENTED_EDGE('',*,*,#404,.F.);
#2053=CARTESIAN_POINT('',(209.445422504,201.977265365,41.4));
#2054=DIRECTION('',(0.,-0.,-1.));
#2055=VECTOR('',#2054,2.);
#2056=LINE('',#2053,#2055);
#2057=EDGE_CURVE('',#389,#1201,#2056,.T.);
#2058=ORIENTED_EDGE('',*,*,#2057,.T.);
#2059=ORIENTED_EDGE('',*,*,#1207,.T.);
#2060=CARTESIAN_POINT('',(128.494696303,202.251548983,39.4));
#2061=DIRECTION('',(-0.,0.,1.));
#2062=VECTOR('',#2061,2.);
#2063=LINE('',#2060,#2062);
#2064=EDGE_CURVE('',#1192,#398,#2063,.T.);
#2065=ORIENTED_EDGE('',*,*,#2064,.T.);
#2066=EDGE_LOOP('',(#2052,#2058,#2059,#2065));
#2067=FACE_BOUND('',#2066,.T.);
#2068=ADVANCED_FACE('',(#2067),#2051,.T.);
#2069=CARTESIAN_POINT('',(243.872237617,159.561930382,41.4));
#2070=DIRECTION('',(0.707106781,-0.707106782,0.));
#2071=DIRECTION('',(0.707106782,0.707106781,-0.));
#2072=AXIS2_PLACEMENT_3D('',#2069,#2070,#2071);
#2073=PLANE('',#2072);
#2074=ORIENTED_EDGE('',*,*,#354,.F.);
#2075=CARTESIAN_POINT('',(247.30711154,162.996804302,41.4));
#2076=DIRECTION('',(0.,-0.,-1.));
#2077=VECTOR('',#2076,2.);
#2078=LINE('',#2075,#2077);
#2079=EDGE_CURVE('',#340,#1251,#2078,.T.);
#2080=ORIENTED_EDGE('',*,*,#2079,.T.);
#2081=ORIENTED_EDGE('',*,*,#1256,.T.);
#2082=CARTESIAN_POINT('',(239.568886253,155.258579023,39.4));
#2083=DIRECTION('',(-0.,0.,1.));
#2084=VECTOR('',#2083,2.);
#2085=LINE('',#2082,#2084);
#2086=EDGE_CURVE('',#1243,#349,#2085,.T.);
#2087=ORIENTED_EDGE('',*,*,#2086,.T.);
#2088=EDGE_LOOP('',(#2074,#2080,#2081,#2087));
#2089=FACE_BOUND('',#2088,.T.);
#2090=ADVANCED_FACE('',(#2089),#2073,.F.);
#2091=CARTESIAN_POINT('',(218.022535026,171.613151271,41.4));
#2092=DIRECTION('',(-0.707106782,-0.707106781,0.));
#2093=DIRECTION('',(0.707106781,-0.707106782,0.));
#2094=AXIS2_PLACEMENT_3D('',#2091,#2092,#2093);
#2095=PLANE('',#2094);
#2096=ORIENTED_EDGE('',*,*,#370,.F.);
#2097=CARTESIAN_POINT('',(234.377107256,155.258579025,41.4));
#2098=DIRECTION('',(0.,-0.,-1.));
#2099=VECTOR('',#2098,2.);
#2100=LINE('',#2097,#2099);
#2101=EDGE_CURVE('',#357,#1235,#2100,.T.);
#2102=ORIENTED_EDGE('',*,*,#2101,.T.);
#2103=ORIENTED_EDGE('',*,*,#1240,.T.);
#2104=CARTESIAN_POINT('',(202.011516187,187.624170124,39.4));
#2105=DIRECTION('',(-0.,0.,1.));
#2106=VECTOR('',#2105,2.);
#2107=LINE('',#2104,#2106);
#2108=EDGE_CURVE('',#1227,#365,#2107,.T.);
#2109=ORIENTED_EDGE('',*,*,#2108,.T.);
#2110=EDGE_LOOP('',(#2096,#2102,#2103,#2109));
#2111=FACE_BOUND('',#2110,.T.);
#2112=ADVANCED_FACE('',(#2111),#2095,.F.);
#2113=CARTESIAN_POINT('',(206.374365035,197.059803014,41.4));
#2114=DIRECTION('',(-0.707106781,0.707106782,-0.));
#2115=DIRECTION('',(-0.707106782,-0.707106781,0.));
#2116=AXIS2_PLACEMENT_3D('',#2113,#2114,#2115);
#2117=PLANE('',#2116);
#2118=ORIENTED_EDGE('',*,*,#1224,.T.);
#2119=CARTESIAN_POINT('',(209.695347392,200.380785368,39.4));
#2120=DIRECTION('',(-0.,0.,1.));
#2121=VECTOR('',#2120,2.);
#2122=LINE('',#2119,#2121);
#2123=EDGE_CURVE('',#1210,#381,#2122,.T.);
#2124=ORIENTED_EDGE('',*,*,#2123,.T.);
#2125=ORIENTED_EDGE('',*,*,#386,.F.);
#2126=CARTESIAN_POINT('',(202.01151619,192.696954172,41.4));
#2127=DIRECTION('',(0.,-0.,-1.));
#2128=VECTOR('',#2127,2.);
#2129=LINE('',#2126,#2128);
#2130=EDGE_CURVE('',#373,#1219,#2129,.T.);
#2131=ORIENTED_EDGE('',*,*,#2130,.T.);
#2132=EDGE_LOOP('',(#2118,#2124,#2125,#2131));
#2133=FACE_BOUND('',#2132,.T.);
#2134=ADVANCED_FACE('',(#2133),#2117,.F.);
#2135=CARTESIAN_POINT('',(168.699592777,122.290209089,41.4));
#2136=DIRECTION('',(0.,-0.,-1.));
#2137=DIRECTION('',(-0.711488211,-0.702698033,0.));
#2138=AXIS2_PLACEMENT_3D('',#2135,#2136,#2137);
#2139=CYLINDRICAL_SURFACE('',#2138,89.2);
#2140=ORIENTED_EDGE('',*,*,#1131,.T.);
#2141=CARTESIAN_POINT('',(89.231129403,81.775972962,39.4));
#2142=DIRECTION('',(-0.,0.,1.));
#2143=VECTOR('',#2142,2.);
#2144=LINE('',#2141,#2143);
#2145=EDGE_CURVE('',#1116,#474,#2144,.T.);
#2146=ORIENTED_EDGE('',*,*,#2145,.T.);
#2147=ORIENTED_EDGE('',*,*,#480,.F.);
#2148=CARTESIAN_POINT('',(89.200240093,162.743798829,41.4));
#2149=DIRECTION('',(0.,-0.,-1.));
#2150=VECTOR('',#2149,2.);
#2151=LINE('',#2148,#2150);
#2152=EDGE_CURVE('',#465,#1125,#2151,.T.);
#2153=ORIENTED_EDGE('',*,*,#2152,.T.);
#2154=EDGE_LOOP('',(#2140,#2146,#2147,#2153));
#2155=FACE_BOUND('',#2154,.T.);
#2156=ADVANCED_FACE('',(#2155),#2139,.T.);
#2157=CARTESIAN_POINT('',(119.767680645,171.222121287,41.4));
#2158=DIRECTION('',(0.707106781,-0.707106782,0.));
#2159=DIRECTION('',(0.707106782,0.707106781,-0.));
#2160=AXIS2_PLACEMENT_3D('',#2157,#2158,#2159);
#2161=PLANE('',#2160);
#2162=ORIENTED_EDGE('',*,*,#437,.F.);
#2163=CARTESIAN_POINT('',(136.101847299,187.556287926,41.4));
#2164=DIRECTION('',(0.,-0.,-1.));
#2165=VECTOR('',#2164,2.);
#2166=LINE('',#2163,#2165);
#2167=EDGE_CURVE('',#424,#1168,#2166,.T.);
#2168=ORIENTED_EDGE('',*,*,#2167,.T.);
#2169=ORIENTED_EDGE('',*,*,#1173,.T.);
#2170=CARTESIAN_POINT('',(103.787067383,155.24150804,39.4));
#2171=DIRECTION('',(-0.,0.,1.));
#2172=VECTOR('',#2171,2.);
#2173=LINE('',#2170,#2172);
#2174=EDGE_CURVE('',#1160,#432,#2173,.T.);
#2175=ORIENTED_EDGE('',*,*,#2174,.T.);
#2176=EDGE_LOOP('',(#2162,#2168,#2169,#2175));
#2177=FACE_BOUND('',#2176,.T.);
#2178=ADVANCED_FACE('',(#2177),#2161,.F.);
#2179=CARTESIAN_POINT('',(131.427871483,197.462853929,41.4));
#2180=DIRECTION('',(0.707106782,0.707106781,-0.));
#2181=DIRECTION('',(-0.707106781,0.707106782,-0.));
#2182=AXIS2_PLACEMENT_3D('',#2179,#2180,#2181);
#2183=PLANE('',#2182);
#2184=ORIENTED_EDGE('',*,*,#421,.F.);
#2185=CARTESIAN_POINT('',(128.238734094,200.651991321,41.4));
#2186=DIRECTION('',(0.,-0.,-1.));
#2187=VECTOR('',#2186,2.);
#2188=LINE('',#2185,#2187);
#2189=EDGE_CURVE('',#407,#1184,#2188,.T.);
#2190=ORIENTED_EDGE('',*,*,#2189,.T.);
#2191=ORIENTED_EDGE('',*,*,#1189,.T.);
#2192=CARTESIAN_POINT('',(136.101847302,192.788878107,39.4));
#2193=DIRECTION('',(-0.,0.,1.));
#2194=VECTOR('',#2193,2.);
#2195=LINE('',#2192,#2194);
#2196=EDGE_CURVE('',#1176,#416,#2195,.T.);
#2197=ORIENTED_EDGE('',*,*,#2196,.T.);
#2198=EDGE_LOOP('',(#2184,#2190,#2191,#2197));
#2199=FACE_BOUND('',#2198,.T.);
#2200=ADVANCED_FACE('',(#2199),#2183,.F.);
#2201=CARTESIAN_POINT('',(93.880501377,159.915483873,41.4));
#2202=DIRECTION('',(-0.707106782,-0.707106781,0.));
#2203=DIRECTION('',(0.707106781,-0.707106782,0.));
#2204=AXIS2_PLACEMENT_3D('',#2201,#2202,#2203);
#2205=PLANE('',#2204);
#2206=ORIENTED_EDGE('',*,*,#453,.F.);
#2207=CARTESIAN_POINT('',(98.554477203,155.241508043,41.4));
#2208=DIRECTION('',(0.,-0.,-1.));
#2209=VECTOR('',#2208,2.);
#2210=LINE('',#2207,#2209);
#2211=EDGE_CURVE('',#440,#1152,#2210,.T.);
#2212=ORIENTED_EDGE('',*,*,#2211,.T.);
#2213=ORIENTED_EDGE('',*,*,#1157,.T.);
#2214=CARTESIAN_POINT('',(90.798595223,162.99739003,39.4));
#2215=DIRECTION('',(-0.,0.,1.));
#2216=VECTOR('',#2215,2.);
#2217=LINE('',#2214,#2216);
#2218=EDGE_CURVE('',#1143,#448,#2217,.T.);
#2219=ORIENTED_EDGE('',*,*,#2218,.T.);
#2220=EDGE_LOOP('',(#2206,#2212,#2213,#2219));
#2221=FACE_BOUND('',#2220,.T.);
#2222=ADVANCED_FACE('',(#2221),#2205,.F.);
#2223=CARTESIAN_POINT('',(119.739396307,73.330012686,41.4));
#2224=DIRECTION('',(0.707106782,0.707106781,-0.));
#2225=DIRECTION('',(-0.707106781,0.707106782,-0.));
#2226=AXIS2_PLACEMENT_3D('',#2223,#2224,#2225);
#2227=PLANE('',#2226);
#2228=ORIENTED_EDGE('',*,*,#513,.F.);
#2229=CARTESIAN_POINT('',(103.809418336,89.259990672,41.4));
#2230=DIRECTION('',(0.,-0.,-1.));
#2231=VECTOR('',#2230,2.);
#2232=LINE('',#2229,#2231);
#2233=EDGE_CURVE('',#500,#1092,#2232,.T.);
#2234=ORIENTED_EDGE('',*,*,#2233,.T.);
#2235=ORIENTED_EDGE('',*,*,#1097,.T.);
#2236=CARTESIAN_POINT('',(136.085280798,56.984128179,39.4));
#2237=DIRECTION('',(-0.,0.,1.));
#2238=VECTOR('',#2237,2.);
#2239=LINE('',#2236,#2238);
#2240=EDGE_CURVE('',#1084,#508,#2239,.T.);
#2241=ORIENTED_EDGE('',*,*,#2240,.T.);
#2242=EDGE_LOOP('',(#2228,#2234,#2235,#2241));
#2243=FACE_BOUND('',#2242,.T.);
#2244=ADVANCED_FACE('',(#2243),#2227,.F.);
#2245=CARTESIAN_POINT('',(130.741977806,47.803457877,41.4));
#2246=DIRECTION('',(0.707106781,-0.707106782,0.));
#2247=DIRECTION('',(0.707106782,0.707106781,-0.));
#2248=AXIS2_PLACEMENT_3D('',#2245,#2246,#2247);
#2249=PLANE('',#2248);
#2250=ORIENTED_EDGE('',*,*,#1081,.T.);
#2251=CARTESIAN_POINT('',(127.456430293,44.517910368,39.4));
#2252=DIRECTION('',(-0.,0.,1.));
#2253=VECTOR('',#2252,2.);
#2254=LINE('',#2251,#2253);
#2255=EDGE_CURVE('',#1067,#199,#2254,.T.);
#2256=ORIENTED_EDGE('',*,*,#2255,.T.);
#2257=ORIENTED_EDGE('',*,*,#204,.F.);
#2258=CARTESIAN_POINT('',(136.085280797,53.146760863,41.4));
#2259=DIRECTION('',(0.,-0.,-1.));
#2260=VECTOR('',#2259,2.);
#2261=LINE('',#2258,#2260);
#2262=EDGE_CURVE('',#197,#1076,#2261,.T.);
#2263=ORIENTED_EDGE('',*,*,#2262,.T.);
#2264=EDGE_LOOP('',(#2250,#2256,#2257,#2263));
#2265=FACE_BOUND('',#2264,.T.);
#2266=ADVANCED_FACE('',(#2265),#2249,.F.);
#2267=CARTESIAN_POINT('',(93.92575616,84.619679571,41.4));
#2268=DIRECTION('',(-0.707106781,0.707106782,-0.));
#2269=DIRECTION('',(-0.707106782,-0.707106781,0.));
#2270=AXIS2_PLACEMENT_3D('',#2267,#2268,#2269);
#2271=PLANE('',#2270);
#2272=ORIENTED_EDGE('',*,*,#497,.F.);
#2273=CARTESIAN_POINT('',(90.829138239,81.523061653,41.4));
#2274=DIRECTION('',(0.,-0.,-1.));
#2275=VECTOR('',#2274,2.);
#2276=LINE('',#2273,#2275);
#2277=EDGE_CURVE('',#483,#1108,#2276,.T.);
#2278=ORIENTED_EDGE('',*,*,#2277,.T.);
#2279=ORIENTED_EDGE('',*,*,#1113,.T.);
#2280=CARTESIAN_POINT('',(98.566067268,89.259990675,39.4));
#2281=DIRECTION('',(-0.,0.,1.));
#2282=VECTOR('',#2281,2.);
#2283=LINE('',#2280,#2282);
#2284=EDGE_CURVE('',#1100,#492,#2283,.T.);
#2285=ORIENTED_EDGE('',*,*,#2284,.T.);
#2286=EDGE_LOOP('',(#2272,#2278,#2279,#2285));
#2287=FACE_BOUND('',#2286,.T.);
#2288=ADVANCED_FACE('',(#2287),#2271,.F.);
#2289=CARTESIAN_POINT('',(138.505280797,54.556253147,41.4));
#2290=DIRECTION('',(1.,-0.,0.));
#2291=DIRECTION('',(0.,1.,-0.));
#2292=AXIS2_PLACEMENT_3D('',#2289,#2290,#2291);
#2293=PLANE('',#2292);
#2294=ORIENTED_EDGE('',*,*,#1340,.F.);
#2295=ORIENTED_EDGE('',*,*,#1919,.F.);
#2296=ORIENTED_EDGE('',*,*,#238,.T.);
#2297=ORIENTED_EDGE('',*,*,#1973,.T.);
#2298=EDGE_LOOP('',(#2294,#2295,#2296,#2297));
#2299=FACE_BOUND('',#2298,.T.);
#2300=ADVANCED_FACE('',(#2299),#2293,.T.);
#2301=CARTESIAN_POINT('',(202.049592752,84.080366688,39.4));
#2302=DIRECTION('',(-0.,0.,1.));
#2303=DIRECTION('',(0.711488211,0.702698033,-0.));
#2304=AXIS2_PLACEMENT_3D('',#2301,#2302,#2303);
#2305=CYLINDRICAL_SURFACE('',#2304,1.35);
#2306=CARTESIAN_POINT('',(203.010101836,85.029009032,43.4));
#2307=VERTEX_POINT('',#2306);
#2308=CARTESIAN_POINT('',(203.010101836,85.029009032,43.4));
#2309=DIRECTION('',(0.,-0.,-1.));
#2310=VECTOR('',#2309,4.);
#2311=LINE('',#2308,#2310);
#2312=EDGE_CURVE('',#2307,#1517,#2311,.T.);
#2313=ORIENTED_EDGE('',*,*,#2312,.F.);
#2314=CARTESIAN_POINT('',(202.049592752,84.080366688,43.4));
#2315=DIRECTION('',(-0.,0.,1.));
#2316=DIRECTION('',(0.711488211,0.702698033,-0.));
#2317=AXIS2_PLACEMENT_3D('',#2314,#2315,#2316);
#2318=CIRCLE('',#2317,1.35);
#2319=EDGE_CURVE('',#2307,#2307,#2318,.T.);
#2320=ORIENTED_EDGE('',*,*,#2319,.T.);
#2321=ORIENTED_EDGE('',*,*,#2312,.T.);
#2322=ORIENTED_EDGE('',*,*,#1523,.F.);
#2323=EDGE_LOOP('',(#2313,#2320,#2321,#2322));
#2324=FACE_BOUND('',#2323,.T.);
#2325=ADVANCED_FACE('',(#2324),#2305,.F.);
#2326=CARTESIAN_POINT('',(202.049592783,133.080366687,39.4));
#2327=DIRECTION('',(-0.,0.,1.));
#2328=DIRECTION('',(0.711488211,0.702698033,-0.));
#2329=AXIS2_PLACEMENT_3D('',#2326,#2327,#2328);
#2330=CYLINDRICAL_SURFACE('',#2329,1.35);
#2331=CARTESIAN_POINT('',(203.010101868,134.029009032,43.4));
#2332=VERTEX_POINT('',#2331);
#2333=CARTESIAN_POINT('',(203.010101868,134.029009032,43.4));
#2334=DIRECTION('',(0.,-0.,-1.));
#2335=VECTOR('',#2334,4.);
#2336=LINE('',#2333,#2335);
#2337=EDGE_CURVE('',#2332,#1528,#2336,.T.);
#2338=ORIENTED_EDGE('',*,*,#2337,.F.);
#2339=CARTESIAN_POINT('',(202.049592783,133.080366687,43.4));
#2340=DIRECTION('',(-0.,0.,1.));
#2341=DIRECTION('',(0.711488211,0.702698033,-0.));
#2342=AXIS2_PLACEMENT_3D('',#2339,#2340,#2341);
#2343=CIRCLE('',#2342,1.35);
#2344=EDGE_CURVE('',#2332,#2332,#2343,.T.);
#2345=ORIENTED_EDGE('',*,*,#2344,.T.);
#2346=ORIENTED_EDGE('',*,*,#2337,.T.);
#2347=ORIENTED_EDGE('',*,*,#1534,.F.);
#2348=EDGE_LOOP('',(#2338,#2345,#2346,#2347));
#2349=FACE_BOUND('',#2348,.T.);
#2350=ADVANCED_FACE('',(#2349),#2330,.F.);
#2351=CARTESIAN_POINT('',(144.049592751,84.080366726,39.4));
#2352=DIRECTION('',(-0.,0.,1.));
#2353=DIRECTION('',(0.711488211,0.702698033,-0.));
#2354=AXIS2_PLACEMENT_3D('',#2351,#2352,#2353);
#2355=CYLINDRICAL_SURFACE('',#2354,1.35);
#2356=CARTESIAN_POINT('',(145.010101836,85.02900907,43.4));
#2357=VERTEX_POINT('',#2356);
#2358=CARTESIAN_POINT('',(145.010101836,85.02900907,43.4));
#2359=DIRECTION('',(0.,-0.,-1.));
#2360=VECTOR('',#2359,4.);
#2361=LINE('',#2358,#2360);
#2362=EDGE_CURVE('',#2357,#1539,#2361,.T.);
#2363=ORIENTED_EDGE('',*,*,#2362,.F.);
#2364=CARTESIAN_POINT('',(144.049592751,84.080366726,43.4));
#2365=DIRECTION('',(-0.,0.,1.));
#2366=DIRECTION('',(0.711488211,0.702698033,-0.));
#2367=AXIS2_PLACEMENT_3D('',#2364,#2365,#2366);
#2368=CIRCLE('',#2367,1.35);
#2369=EDGE_CURVE('',#2357,#2357,#2368,.T.);
#2370=ORIENTED_EDGE('',*,*,#2369,.T.);
#2371=ORIENTED_EDGE('',*,*,#2362,.T.);
#2372=ORIENTED_EDGE('',*,*,#1545,.F.);
#2373=EDGE_LOOP('',(#2363,#2370,#2371,#2372));
#2374=FACE_BOUND('',#2373,.T.);
#2375=ADVANCED_FACE('',(#2374),#2355,.F.);
#2376=CARTESIAN_POINT('',(144.049592784,133.080366726,39.4));
#2377=DIRECTION('',(-0.,0.,1.));
#2378=DIRECTION('',(0.711488211,0.702698033,-0.));
#2379=AXIS2_PLACEMENT_3D('',#2376,#2377,#2378);
#2380=CYLINDRICAL_SURFACE('',#2379,1.35);
#2381=CARTESIAN_POINT('',(145.010101869,134.029009071,43.4));
#2382=VERTEX_POINT('',#2381);
#2383=CARTESIAN_POINT('',(145.010101869,134.029009071,43.4));
#2384=DIRECTION('',(0.,-0.,-1.));
#2385=VECTOR('',#2384,4.);
#2386=LINE('',#2383,#2385);
#2387=EDGE_CURVE('',#2382,#1550,#2386,.T.);
#2388=ORIENTED_EDGE('',*,*,#2387,.F.);
#2389=CARTESIAN_POINT('',(144.049592784,133.080366726,43.4));
#2390=DIRECTION('',(-0.,0.,1.));
#2391=DIRECTION('',(0.711488211,0.702698033,-0.));
#2392=AXIS2_PLACEMENT_3D('',#2389,#2390,#2391);
#2393=CIRCLE('',#2392,1.35);
#2394=EDGE_CURVE('',#2382,#2382,#2393,.T.);
#2395=ORIENTED_EDGE('',*,*,#2394,.T.);
#2396=ORIENTED_EDGE('',*,*,#2387,.T.);
#2397=ORIENTED_EDGE('',*,*,#1556,.F.);
#2398=EDGE_LOOP('',(#2388,#2395,#2396,#2397));
#2399=FACE_BOUND('',#2398,.T.);
#2400=ADVANCED_FACE('',(#2399),#2380,.F.);
#2401=CARTESIAN_POINT('',(196.699592783,132.343421144,39.4));
#2402=DIRECTION('',(-1.,0.,-0.));
#2403=DIRECTION('',(-0.,-1.,0.));
#2404=AXIS2_PLACEMENT_3D('',#2401,#2402,#2403);
#2405=PLANE('',#2404);
#2406=ORIENTED_EDGE('',*,*,#774,.F.);
#2407=ORIENTED_EDGE('',*,*,#1958,.T.);
#2408=ORIENTED_EDGE('',*,*,#1590,.T.);
#2409=CARTESIAN_POINT('',(196.699592783,93.080366691,39.4));
#2410=DIRECTION('',(-0.,0.,1.));
#2411=VECTOR('',#2410,2.);
#2412=LINE('',#2409,#2411);
#2413=EDGE_CURVE('',#1579,#769,#2412,.T.);
#2414=ORIENTED_EDGE('',*,*,#2413,.T.);
#2415=EDGE_LOOP('',(#2406,#2407,#2408,#2414));
#2416=FACE_BOUND('',#2415,.T.);
#2417=ADVANCED_FACE('',(#2416),#2405,.T.);
#2418=CARTESIAN_POINT('',(173.049592757,93.080366706,39.4));
#2419=DIRECTION('',(-0.,-1.,0.));
#2420=DIRECTION('',(1.,-0.,0.));
#2421=AXIS2_PLACEMENT_3D('',#2418,#2419,#2420);
#2422=PLANE('',#2421);
#2423=ORIENTED_EDGE('',*,*,#782,.T.);
#2424=ORIENTED_EDGE('',*,*,#2413,.F.);
#2425=ORIENTED_EDGE('',*,*,#1584,.F.);
#2426=ORIENTED_EDGE('',*,*,#1942,.T.);
#2427=EDGE_LOOP('',(#2423,#2424,#2425,#2426));
#2428=FACE_BOUND('',#2427,.T.);
#2429=ADVANCED_FACE('',(#2428),#2422,.F.);
#2430=CARTESIAN_POINT('',(114.279831,137.397751616,47.4));
#2431=DIRECTION('',(0.,1.,-0.));
#2432=DIRECTION('',(-1.,0.,-0.));
#2433=AXIS2_PLACEMENT_3D('',#2430,#2431,#2432);
#2434=PLANE('',#2433);
#2435=ORIENTED_EDGE('',*,*,#800,.F.);
#2436=CARTESIAN_POINT('',(113.279830992,137.397751616,47.4));
#2437=VERTEX_POINT('',#2436);
#2438=CARTESIAN_POINT('',(113.279830984,137.397751617,47.4));
#2439=DIRECTION('',(0.,-0.,-1.));
#2440=VECTOR('',#2439,6.);
#2441=LINE('',#2438,#2440);
#2442=EDGE_CURVE('',#2437,#793,#2441,.T.);
#2443=ORIENTED_EDGE('',*,*,#2442,.F.);
#2444=CARTESIAN_POINT('',(115.279831001,137.397751616,47.4));
#2445=VERTEX_POINT('',#2444);
#2446=CARTESIAN_POINT('',(113.279830992,137.397751616,47.4));
#2447=DIRECTION('',(1.,-0.,0.));
#2448=VECTOR('',#2447,2.000000008);
#2449=LINE('',#2446,#2448);
#2450=EDGE_CURVE('',#2437,#2445,#2449,.T.);
#2451=ORIENTED_EDGE('',*,*,#2450,.T.);
#2452=CARTESIAN_POINT('',(115.279831001,137.397751616,47.4));
#2453=DIRECTION('',(0.,-0.,-1.));
#2454=VECTOR('',#2453,6.);
#2455=LINE('',#2452,#2454);
#2456=EDGE_CURVE('',#2445,#795,#2455,.T.);
#2457=ORIENTED_EDGE('',*,*,#2456,.T.);
#2458=EDGE_LOOP('',(#2435,#2443,#2451,#2457));
#2459=FACE_BOUND('',#2458,.T.);
#2460=ADVANCED_FACE('',(#2459),#2434,.T.);
#2461=CARTESIAN_POINT('',(113.279830984,112.897751616,47.4));
#2462=DIRECTION('',(1.,-0.,0.));
#2463=DIRECTION('',(0.,1.,-0.));
#2464=AXIS2_PLACEMENT_3D('',#2461,#2462,#2463);
#2465=PLANE('',#2464);
#2466=ORIENTED_EDGE('',*,*,#822,.T.);
#2467=CARTESIAN_POINT('',(113.279830967,88.397751616,47.4));
#2468=VERTEX_POINT('',#2467);
#2469=CARTESIAN_POINT('',(113.279830967,88.397751616,47.4));
#2470=DIRECTION('',(0.,-0.,-1.));
#2471=VECTOR('',#2470,6.);
#2472=LINE('',#2469,#2471);
#2473=EDGE_CURVE('',#2468,#811,#2472,.T.);
#2474=ORIENTED_EDGE('',*,*,#2473,.F.);
#2475=CARTESIAN_POINT('',(113.279831001,137.397751616,47.4));
#2476=DIRECTION('',(-0.000000001,-1.,0.));
#2477=VECTOR('',#2476,49.);
#2478=LINE('',#2475,#2477);
#2479=EDGE_CURVE('',#2437,#2468,#2478,.T.);
#2480=ORIENTED_EDGE('',*,*,#2479,.F.);
#2481=ORIENTED_EDGE('',*,*,#2442,.T.);
#2482=EDGE_LOOP('',(#2466,#2474,#2480,#2481));
#2483=FACE_BOUND('',#2482,.T.);
#2484=ADVANCED_FACE('',(#2483),#2465,.F.);
#2485=CARTESIAN_POINT('',(114.279830968,88.397751616,47.4));
#2486=DIRECTION('',(-0.,-1.,0.));
#2487=DIRECTION('',(1.,-0.,0.));
#2488=AXIS2_PLACEMENT_3D('',#2485,#2486,#2487);
#2489=PLANE('',#2488);
#2490=ORIENTED_EDGE('',*,*,#816,.F.);
#2491=CARTESIAN_POINT('',(115.279830976,88.397751616,47.4));
#2492=VERTEX_POINT('',#2491);
#2493=CARTESIAN_POINT('',(115.279830984,88.397751615,47.4));
#2494=DIRECTION('',(0.,-0.,-1.));
#2495=VECTOR('',#2494,6.);
#2496=LINE('',#2493,#2495);
#2497=EDGE_CURVE('',#2492,#803,#2496,.T.);
#2498=ORIENTED_EDGE('',*,*,#2497,.F.);
#2499=CARTESIAN_POINT('',(115.279830976,88.397751616,47.4));
#2500=DIRECTION('',(-1.,0.,-0.));
#2501=VECTOR('',#2500,2.000000008);
#2502=LINE('',#2499,#2501);
#2503=EDGE_CURVE('',#2492,#2468,#2502,.T.);
#2504=ORIENTED_EDGE('',*,*,#2503,.T.);
#2505=ORIENTED_EDGE('',*,*,#2473,.T.);
#2506=EDGE_LOOP('',(#2490,#2498,#2504,#2505));
#2507=FACE_BOUND('',#2506,.T.);
#2508=ADVANCED_FACE('',(#2507),#2489,.T.);
#2509=CARTESIAN_POINT('',(115.279830984,112.897751616,47.4));
#2510=DIRECTION('',(-1.,0.,-0.));
#2511=DIRECTION('',(-0.,-1.,0.));
#2512=AXIS2_PLACEMENT_3D('',#2509,#2510,#2511);
#2513=PLANE('',#2512);
#2514=ORIENTED_EDGE('',*,*,#808,.T.);
#2515=ORIENTED_EDGE('',*,*,#2456,.F.);
#2516=CARTESIAN_POINT('',(115.279830967,88.397751616,47.4));
#2517=DIRECTION('',(0.000000001,1.,-0.));
#2518=VECTOR('',#2517,49.);
#2519=LINE('',#2516,#2518);
#2520=EDGE_CURVE('',#2492,#2445,#2519,.T.);
#2521=ORIENTED_EDGE('',*,*,#2520,.F.);
#2522=ORIENTED_EDGE('',*,*,#2497,.T.);
#2523=EDGE_LOOP('',(#2514,#2515,#2521,#2522));
#2524=FACE_BOUND('',#2523,.T.);
#2525=ADVANCED_FACE('',(#2524),#2513,.F.);
#2526=CARTESIAN_POINT('',(34.006105449,-346.543003009,47.4));
#2527=DIRECTION('',(-0.,0.,1.));
#2528=DIRECTION('',(0.711488211,0.702698033,-0.));
#2529=AXIS2_PLACEMENT_3D('',#2526,#2527,#2528);
#2530=PLANE('',#2529);
#2531=ORIENTED_EDGE('',*,*,#2450,.F.);
#2532=ORIENTED_EDGE('',*,*,#2479,.T.);
#2533=ORIENTED_EDGE('',*,*,#2503,.F.);
#2534=ORIENTED_EDGE('',*,*,#2520,.T.);
#2535=EDGE_LOOP('',(#2531,#2532,#2533,#2534));
#2536=FACE_BOUND('',#2535,.T.);
#2537=ADVANCED_FACE('',(#2536),#2530,.T.);
#2538=CARTESIAN_POINT('',(208.338231122,150.950492657,37.4));
#2539=DIRECTION('',(-0.,0.,1.));
#2540=DIRECTION('',(0.711488211,0.702698033,-0.));
#2541=AXIS2_PLACEMENT_3D('',#2538,#2539,#2540);
#2542=CYLINDRICAL_SURFACE('',#2541,1.6);
#2543=CARTESIAN_POINT('',(209.47661226,152.07480951,41.4));
#2544=DIRECTION('',(0.,-0.,-1.));
#2545=VECTOR('',#2544,2.);
#2546=LINE('',#2543,#2545);
#2547=EDGE_CURVE('',#827,#1595,#2546,.T.);
#2548=ORIENTED_EDGE('',*,*,#2547,.F.);
#2549=ORIENTED_EDGE('',*,*,#833,.T.);
#2550=ORIENTED_EDGE('',*,*,#2547,.T.);
#2551=ORIENTED_EDGE('',*,*,#1601,.F.);
#2552=EDGE_LOOP('',(#2548,#2549,#2550,#2551));
#2553=FACE_BOUND('',#2552,.T.);
#2554=ADVANCED_FACE('',(#2553),#2542,.F.);
#2555=CARTESIAN_POINT('',(120.296421856,144.49760019,37.4));
#2556=DIRECTION('',(-0.,0.,1.));
#2557=DIRECTION('',(0.711488211,0.702698033,-0.));
#2558=AXIS2_PLACEMENT_3D('',#2555,#2556,#2557);
#2559=CYLINDRICAL_SURFACE('',#2558,1.6);
#2560=CARTESIAN_POINT('',(121.434802994,145.621917042,41.4));
#2561=DIRECTION('',(0.,-0.,-1.));
#2562=VECTOR('',#2561,2.);
#2563=LINE('',#2560,#2562);
#2564=EDGE_CURVE('',#838,#1606,#2563,.T.);
#2565=ORIENTED_EDGE('',*,*,#2564,.F.);
#2566=ORIENTED_EDGE('',*,*,#844,.T.);
#2567=ORIENTED_EDGE('',*,*,#2564,.T.);
#2568=ORIENTED_EDGE('',*,*,#1612,.F.);
#2569=EDGE_LOOP('',(#2565,#2566,#2567,#2568));
#2570=FACE_BOUND('',#2569,.T.);
#2571=ADVANCED_FACE('',(#2570),#2559,.F.);
#2572=CARTESIAN_POINT('',(202.049592752,84.080366688,43.4));
#2573=DIRECTION('',(0.,-0.,-1.));
#2574=DIRECTION('',(-0.711488211,-0.702698033,0.));
#2575=AXIS2_PLACEMENT_3D('',#2572,#2573,#2574);
#2576=CYLINDRICAL_SURFACE('',#2575,2.35);
#2577=CARTESIAN_POINT('',(200.377595456,82.42902631,43.4));
#2578=VERTEX_POINT('',#2577);
#2579=CARTESIAN_POINT('',(200.377595456,82.42902631,41.4));
#2580=DIRECTION('',(-0.,0.,1.));
#2581=VECTOR('',#2580,2.);
#2582=LINE('',#2579,#2581);
#2583=EDGE_CURVE('',#849,#2578,#2582,.T.);
#2584=ORIENTED_EDGE('',*,*,#2583,.T.);
#2585=CARTESIAN_POINT('',(204.399592752,84.080366688,43.4));
#2586=VERTEX_POINT('',#2585);
#2587=CARTESIAN_POINT('',(202.049592752,84.080366688,43.4));
#2588=DIRECTION('',(-0.,0.,1.));
#2589=DIRECTION('',(1.,-0.,0.));
#2590=AXIS2_PLACEMENT_3D('',#2587,#2588,#2589);
#2591=CIRCLE('',#2590,2.35);
#2592=EDGE_CURVE('',#2586,#2578,#2591,.T.);
#2593=ORIENTED_EDGE('',*,*,#2592,.F.);
#2594=CARTESIAN_POINT('',(202.049592752,84.080366688,43.4));
#2595=DIRECTION('',(-0.,0.,1.));
#2596=DIRECTION('',(1.,-0.,0.));
#2597=AXIS2_PLACEMENT_3D('',#2594,#2595,#2596);
#2598=CIRCLE('',#2597,2.35);
#2599=EDGE_CURVE('',#2578,#2586,#2598,.T.);
#2600=ORIENTED_EDGE('',*,*,#2599,.F.);
#2601=ORIENTED_EDGE('',*,*,#2583,.F.);
#2602=ORIENTED_EDGE('',*,*,#857,.T.);
#2603=ORIENTED_EDGE('',*,*,#864,.T.);
#2604=EDGE_LOOP('',(#2584,#2593,#2600,#2601,#2602,#2603));
#2605=FACE_BOUND('',#2604,.T.);
#2606=ADVANCED_FACE('',(#2605),#2576,.T.);
#2607=CARTESIAN_POINT('',(150.775867233,-350.860387957,43.4));
#2608=DIRECTION('',(-0.,0.,1.));
#2609=DIRECTION('',(0.711488211,0.702698033,-0.));
#2610=AXIS2_PLACEMENT_3D('',#2607,#2608,#2609);
#2611=PLANE('',#2610);
#2612=ORIENTED_EDGE('',*,*,#2319,.F.);
#2613=EDGE_LOOP('',(#2612));
#2614=FACE_BOUND('',#2613,.T.);
#2615=ORIENTED_EDGE('',*,*,#2592,.T.);
#2616=ORIENTED_EDGE('',*,*,#2599,.T.);
#2617=EDGE_LOOP('',(#2615,#2616));
#2618=FACE_BOUND('',#2617,.T.);
#2619=ADVANCED_FACE('',(#2614,#2618),#2611,.T.);
#2620=CARTESIAN_POINT('',(144.049592751,84.080366726,43.4));
#2621=DIRECTION('',(0.,-0.,-1.));
#2622=DIRECTION('',(-0.711488211,-0.702698033,0.));
#2623=AXIS2_PLACEMENT_3D('',#2620,#2621,#2622);
#2624=CYLINDRICAL_SURFACE('',#2623,2.35);
#2625=CARTESIAN_POINT('',(142.377595455,82.429026348,43.4));
#2626=VERTEX_POINT('',#2625);
#2627=CARTESIAN_POINT('',(142.377595455,82.429026348,41.4));
#2628=DIRECTION('',(-0.,0.,1.));
#2629=VECTOR('',#2628,2.);
#2630=LINE('',#2627,#2629);
#2631=EDGE_CURVE('',#869,#2626,#2630,.T.);
#2632=ORIENTED_EDGE('',*,*,#2631,.T.);
#2633=CARTESIAN_POINT('',(146.399592751,84.080366726,43.4));
#2634=VERTEX_POINT('',#2633);
#2635=CARTESIAN_POINT('',(144.049592751,84.080366726,43.4));
#2636=DIRECTION('',(-0.,0.,1.));
#2637=DIRECTION('',(1.,-0.,0.));
#2638=AXIS2_PLACEMENT_3D('',#2635,#2636,#2637);
#2639=CIRCLE('',#2638,2.35);
#2640=EDGE_CURVE('',#2634,#2626,#2639,.T.);
#2641=ORIENTED_EDGE('',*,*,#2640,.F.);
#2642=CARTESIAN_POINT('',(144.049592751,84.080366726,43.4));
#2643=DIRECTION('',(-0.,0.,1.));
#2644=DIRECTION('',(1.,-0.,0.));
#2645=AXIS2_PLACEMENT_3D('',#2642,#2643,#2644);
#2646=CIRCLE('',#2645,2.35);
#2647=EDGE_CURVE('',#2626,#2634,#2646,.T.);
#2648=ORIENTED_EDGE('',*,*,#2647,.F.);
#2649=ORIENTED_EDGE('',*,*,#2631,.F.);
#2650=ORIENTED_EDGE('',*,*,#877,.T.);
#2651=ORIENTED_EDGE('',*,*,#884,.T.);
#2652=EDGE_LOOP('',(#2632,#2641,#2648,#2649,#2650,#2651));
#2653=FACE_BOUND('',#2652,.T.);
#2654=ADVANCED_FACE('',(#2653),#2624,.T.);
#2655=CARTESIAN_POINT('',(150.775867233,-350.860387957,43.4));
#2656=DIRECTION('',(-0.,0.,1.));
#2657=DIRECTION('',(0.711488211,0.702698033,-0.));
#2658=AXIS2_PLACEMENT_3D('',#2655,#2656,#2657);
#2659=PLANE('',#2658);
#2660=ORIENTED_EDGE('',*,*,#2369,.F.);
#2661=EDGE_LOOP('',(#2660));
#2662=FACE_BOUND('',#2661,.T.);
#2663=ORIENTED_EDGE('',*,*,#2640,.T.);
#2664=ORIENTED_EDGE('',*,*,#2647,.T.);
#2665=EDGE_LOOP('',(#2663,#2664));
#2666=FACE_BOUND('',#2665,.T.);
#2667=ADVANCED_FACE('',(#2662,#2666),#2659,.T.);
#2668=CARTESIAN_POINT('',(202.049592783,133.080366687,43.4));
#2669=DIRECTION('',(0.,-0.,-1.));
#2670=DIRECTION('',(-0.711488211,-0.702698033,0.));
#2671=AXIS2_PLACEMENT_3D('',#2668,#2669,#2670);
#2672=CYLINDRICAL_SURFACE('',#2671,2.35);
#2673=CARTESIAN_POINT('',(200.377595488,131.42902631,43.4));
#2674=VERTEX_POINT('',#2673);
#2675=CARTESIAN_POINT('',(200.377595488,131.42902631,41.4));
#2676=DIRECTION('',(-0.,0.,1.));
#2677=VECTOR('',#2676,2.);
#2678=LINE('',#2675,#2677);
#2679=EDGE_CURVE('',#889,#2674,#2678,.T.);
#2680=ORIENTED_EDGE('',*,*,#2679,.T.);
#2681=CARTESIAN_POINT('',(204.399592783,133.080366687,43.4));
#2682=VERTEX_POINT('',#2681);
#2683=CARTESIAN_POINT('',(202.049592783,133.080366687,43.4));
#2684=DIRECTION('',(-0.,0.,1.));
#2685=DIRECTION('',(1.,-0.,0.));
#2686=AXIS2_PLACEMENT_3D('',#2683,#2684,#2685);
#2687=CIRCLE('',#2686,2.35);
#2688=EDGE_CURVE('',#2682,#2674,#2687,.T.);
#2689=ORIENTED_EDGE('',*,*,#2688,.F.);
#2690=CARTESIAN_POINT('',(202.049592783,133.080366687,43.4));
#2691=DIRECTION('',(-0.,0.,1.));
#2692=DIRECTION('',(1.,-0.,0.));
#2693=AXIS2_PLACEMENT_3D('',#2690,#2691,#2692);
#2694=CIRCLE('',#2693,2.35);
#2695=EDGE_CURVE('',#2674,#2682,#2694,.T.);
#2696=ORIENTED_EDGE('',*,*,#2695,.F.);
#2697=ORIENTED_EDGE('',*,*,#2679,.F.);
#2698=ORIENTED_EDGE('',*,*,#897,.T.);
#2699=ORIENTED_EDGE('',*,*,#904,.T.);
#2700=EDGE_LOOP('',(#2680,#2689,#2696,#2697,#2698,#2699));
#2701=FACE_BOUND('',#2700,.T.);
#2702=ADVANCED_FACE('',(#2701),#2672,.T.);
#2703=CARTESIAN_POINT('',(150.775867233,-350.860387957,43.4));
#2704=DIRECTION('',(-0.,0.,1.));
#2705=DIRECTION('',(0.711488211,0.702698033,-0.));
#2706=AXIS2_PLACEMENT_3D('',#2703,#2704,#2705);
#2707=PLANE('',#2706);
#2708=ORIENTED_EDGE('',*,*,#2344,.F.);
#2709=EDGE_LOOP('',(#2708));
#2710=FACE_BOUND('',#2709,.T.);
#2711=ORIENTED_EDGE('',*,*,#2688,.T.);
#2712=ORIENTED_EDGE('',*,*,#2695,.T.);
#2713=EDGE_LOOP('',(#2711,#2712));
#2714=FACE_BOUND('',#2713,.T.);
#2715=ADVANCED_FACE('',(#2710,#2714),#2707,.T.);
#2716=CARTESIAN_POINT('',(144.049592784,133.080366726,43.4));
#2717=DIRECTION('',(0.,-0.,-1.));
#2718=DIRECTION('',(-0.711488211,-0.702698033,0.));
#2719=AXIS2_PLACEMENT_3D('',#2716,#2717,#2718);
#2720=CYLINDRICAL_SURFACE('',#2719,2.35);
#2721=CARTESIAN_POINT('',(142.377595488,131.429026349,43.4));
#2722=VERTEX_POINT('',#2721);
#2723=CARTESIAN_POINT('',(142.377595488,131.429026349,41.4));
#2724=DIRECTION('',(-0.,0.,1.));
#2725=VECTOR('',#2724,2.);
#2726=LINE('',#2723,#2725);
#2727=EDGE_CURVE('',#909,#2722,#2726,.T.);
#2728=ORIENTED_EDGE('',*,*,#2727,.T.);
#2729=CARTESIAN_POINT('',(146.399592784,133.080366726,43.4));
#2730=VERTEX_POINT('',#2729);
#2731=CARTESIAN_POINT('',(144.049592784,133.080366726,43.4));
#2732=DIRECTION('',(-0.,0.,1.));
#2733=DIRECTION('',(1.,-0.,0.));
#2734=AXIS2_PLACEMENT_3D('',#2731,#2732,#2733);
#2735=CIRCLE('',#2734,2.35);
#2736=EDGE_CURVE('',#2730,#2722,#2735,.T.);
#2737=ORIENTED_EDGE('',*,*,#2736,.F.);
#2738=CARTESIAN_POINT('',(144.049592784,133.080366726,43.4));
#2739=DIRECTION('',(-0.,0.,1.));
#2740=DIRECTION('',(1.,-0.,0.));
#2741=AXIS2_PLACEMENT_3D('',#2738,#2739,#2740);
#2742=CIRCLE('',#2741,2.35);
#2743=EDGE_CURVE('',#2722,#2730,#2742,.T.);
#2744=ORIENTED_EDGE('',*,*,#2743,.F.);
#2745=ORIENTED_EDGE('',*,*,#2727,.F.);
#2746=ORIENTED_EDGE('',*,*,#917,.T.);
#2747=ORIENTED_EDGE('',*,*,#924,.T.);
#2748=EDGE_LOOP('',(#2728,#2737,#2744,#2745,#2746,#2747));
#2749=FACE_BOUND('',#2748,.T.);
#2750=ADVANCED_FACE('',(#2749),#2720,.T.);
#2751=CARTESIAN_POINT('',(150.775867233,-350.860387957,43.4));
#2752=DIRECTION('',(-0.,0.,1.));
#2753=DIRECTION('',(0.711488211,0.702698033,-0.));
#2754=AXIS2_PLACEMENT_3D('',#2751,#2752,#2753);
#2755=PLANE('',#2754);
#2756=ORIENTED_EDGE('',*,*,#2394,.F.);
#2757=EDGE_LOOP('',(#2756));
#2758=FACE_BOUND('',#2757,.T.);
#2759=ORIENTED_EDGE('',*,*,#2736,.T.);
#2760=ORIENTED_EDGE('',*,*,#2743,.T.);
#2761=EDGE_LOOP('',(#2759,#2760));
#2762=FACE_BOUND('',#2761,.T.);
#2763=ADVANCED_FACE('',(#2758,#2762),#2755,.T.);
#2764=CARTESIAN_POINT('',(132.847632959,43.823575895,7.322557536));
#2765=DIRECTION('',(-0.,0.,1.));
#2766=DIRECTION('',(0.711488211,0.702698033,-0.));
#2767=AXIS2_PLACEMENT_3D('',#2764,#2765,#2766);
#2768=CYLINDRICAL_SURFACE('',#2767,1.649600702);
#2769=CARTESIAN_POINT('',(134.021304412,44.982747063,41.4));
#2770=DIRECTION('',(0.,-0.,-1.));
#2771=VECTOR('',#2770,2.);
#2772=LINE('',#2769,#2771);
#2773=EDGE_CURVE('',#929,#1617,#2772,.T.);
#2774=ORIENTED_EDGE('',*,*,#2773,.F.);
#2775=ORIENTED_EDGE('',*,*,#935,.T.);
#2776=ORIENTED_EDGE('',*,*,#2773,.T.);
#2777=ORIENTED_EDGE('',*,*,#1623,.F.);
#2778=EDGE_LOOP('',(#2774,#2775,#2776,#2777));
#2779=FACE_BOUND('',#2778,.T.);
#2780=ADVANCED_FACE('',(#2779),#2768,.F.);
#2781=CARTESIAN_POINT('',(127.169306644,133.739280159,7.322557536));
#2782=DIRECTION('',(-0.,0.,1.));
#2783=DIRECTION('',(0.711488211,0.702698033,-0.));
#2784=AXIS2_PLACEMENT_3D('',#2781,#2782,#2783);
#2785=CYLINDRICAL_SURFACE('',#2784,1.6);
#2786=CARTESIAN_POINT('',(128.307687782,134.863597011,41.4));
#2787=DIRECTION('',(0.,-0.,-1.));
#2788=VECTOR('',#2787,2.);
#2789=LINE('',#2786,#2788);
#2790=EDGE_CURVE('',#940,#1628,#2789,.T.);
#2791=ORIENTED_EDGE('',*,*,#2790,.F.);
#2792=ORIENTED_EDGE('',*,*,#946,.T.);
#2793=ORIENTED_EDGE('',*,*,#2790,.T.);
#2794=ORIENTED_EDGE('',*,*,#1634,.F.);
#2795=EDGE_LOOP('',(#2791,#2792,#2793,#2794));
#2796=FACE_BOUND('',#2795,.T.);
#2797=ADVANCED_FACE('',(#2796),#2785,.F.);
#2798=CARTESIAN_POINT('',(126.827448949,78.740342593,7.322557536));
#2799=DIRECTION('',(-0.,0.,1.));
#2800=DIRECTION('',(0.711488211,0.702698033,-0.));
#2801=AXIS2_PLACEMENT_3D('',#2798,#2799,#2800);
#2802=CYLINDRICAL_SURFACE('',#2801,1.6);
#2803=CARTESIAN_POINT('',(127.965830086,79.864659446,41.4));
#2804=DIRECTION('',(0.,-0.,-1.));
#2805=VECTOR('',#2804,2.);
#2806=LINE('',#2803,#2805);
#2807=EDGE_CURVE('',#951,#1639,#2806,.T.);
#2808=ORIENTED_EDGE('',*,*,#2807,.F.);
#2809=ORIENTED_EDGE('',*,*,#957,.T.);
#2810=ORIENTED_EDGE('',*,*,#2807,.T.);
#2811=ORIENTED_EDGE('',*,*,#1645,.F.);
#2812=EDGE_LOOP('',(#2808,#2809,#2810,#2811));
#2813=FACE_BOUND('',#2812,.T.);
#2814=ADVANCED_FACE('',(#2813),#2802,.F.);
#2815=CARTESIAN_POINT('',(210.167703334,133.223385817,7.322557536));
#2816=DIRECTION('',(-0.,0.,1.));
#2817=DIRECTION('',(0.711488211,0.702698033,-0.));
#2818=AXIS2_PLACEMENT_3D('',#2815,#2816,#2817);
#2819=CYLINDRICAL_SURFACE('',#2818,1.6);
#2820=CARTESIAN_POINT('',(211.306084472,134.34770267,41.4));
#2821=DIRECTION('',(0.,-0.,-1.));
#2822=VECTOR('',#2821,2.);
#2823=LINE('',#2820,#2822);
#2824=EDGE_CURVE('',#962,#1650,#2823,.T.);
#2825=ORIENTED_EDGE('',*,*,#2824,.F.);
#2826=ORIENTED_EDGE('',*,*,#968,.T.);
#2827=ORIENTED_EDGE('',*,*,#2824,.T.);
#2828=ORIENTED_EDGE('',*,*,#1656,.F.);
#2829=EDGE_LOOP('',(#2825,#2826,#2827,#2828));
#2830=FACE_BOUND('',#2829,.T.);
#2831=ADVANCED_FACE('',(#2830),#2819,.F.);
#2832=CARTESIAN_POINT('',(209.825845638,78.224448252,7.322557536));
#2833=DIRECTION('',(-0.,0.,1.));
#2834=DIRECTION('',(0.711488211,0.702698033,-0.));
#2835=AXIS2_PLACEMENT_3D('',#2832,#2833,#2834);
#2836=CYLINDRICAL_SURFACE('',#2835,1.6);
#2837=CARTESIAN_POINT('',(210.964226775,79.348765104,41.4));
#2838=DIRECTION('',(0.,-0.,-1.));
#2839=VECTOR('',#2838,2.);
#2840=LINE('',#2837,#2839);
#2841=EDGE_CURVE('',#973,#1661,#2840,.T.);
#2842=ORIENTED_EDGE('',*,*,#2841,.F.);
#2843=ORIENTED_EDGE('',*,*,#979,.T.);
#2844=ORIENTED_EDGE('',*,*,#2841,.T.);
#2845=ORIENTED_EDGE('',*,*,#1667,.F.);
#2846=EDGE_LOOP('',(#2842,#2843,#2844,#2845));
#2847=FACE_BOUND('',#2846,.T.);
#2848=ADVANCED_FACE('',(#2847),#2836,.F.);
#2849=CARTESIAN_POINT('',(247.344483265,87.313977008,7.322557536));
#2850=DIRECTION('',(-0.,0.,1.));
#2851=DIRECTION('',(0.711488211,0.702698033,-0.));
#2852=AXIS2_PLACEMENT_3D('',#2849,#2850,#2851);
#2853=CYLINDRICAL_SURFACE('',#2852,1.65);
#2854=CARTESIAN_POINT('',(248.518438813,88.473428762,41.4));
#2855=DIRECTION('',(0.,-0.,-1.));
#2856=VECTOR('',#2855,2.);
#2857=LINE('',#2854,#2856);
#2858=EDGE_CURVE('',#984,#1672,#2857,.T.);
#2859=ORIENTED_EDGE('',*,*,#2858,.F.);
#2860=ORIENTED_EDGE('',*,*,#990,.T.);
#2861=ORIENTED_EDGE('',*,*,#2858,.T.);
#2862=ORIENTED_EDGE('',*,*,#1678,.F.);
#2863=EDGE_LOOP('',(#2859,#2860,#2861,#2862));
#2864=FACE_BOUND('',#2863,.T.);
#2865=ADVANCED_FACE('',(#2864),#2853,.F.);
#2866=CARTESIAN_POINT('',(147.593904664,74.806253133,38.));
#2867=DIRECTION('',(-0.,0.,1.));
#2868=DIRECTION('',(1.,-0.,0.));
#2869=AXIS2_PLACEMENT_3D('',#2866,#2867,#2868);
#2870=CYLINDRICAL_SURFACE('',#2869,1.65);
#2871=CARTESIAN_POINT('',(149.243904664,74.806253133,41.4));
#2872=DIRECTION('',(0.,-0.,-1.));
#2873=VECTOR('',#2872,2.);
#2874=LINE('',#2871,#2873);
#2875=EDGE_CURVE('',#648,#1406,#2874,.T.);
#2876=ORIENTED_EDGE('',*,*,#2875,.F.);
#2877=ORIENTED_EDGE('',*,*,#654,.T.);
#2878=ORIENTED_EDGE('',*,*,#2875,.T.);
#2879=ORIENTED_EDGE('',*,*,#1412,.F.);
#2880=EDGE_LOOP('',(#2876,#2877,#2878,#2879));
#2881=FACE_BOUND('',#2880,.T.);
#2882=ADVANCED_FACE('',(#2881),#2870,.F.);
#2883=CARTESIAN_POINT('',(190.083904664,74.806253133,36.8));
#2884=DIRECTION('',(-0.,0.,1.));
#2885=DIRECTION('',(1.,-0.,0.));
#2886=AXIS2_PLACEMENT_3D('',#2883,#2884,#2885);
#2887=CYLINDRICAL_SURFACE('',#2886,1.65);
#2888=CARTESIAN_POINT('',(191.733904664,74.806253133,41.4));
#2889=DIRECTION('',(0.,-0.,-1.));
#2890=VECTOR('',#2889,2.);
#2891=LINE('',#2888,#2890);
#2892=EDGE_CURVE('',#995,#1395,#2891,.T.);
#2893=ORIENTED_EDGE('',*,*,#2892,.F.);
#2894=ORIENTED_EDGE('',*,*,#1001,.T.);
#2895=ORIENTED_EDGE('',*,*,#2892,.T.);
#2896=ORIENTED_EDGE('',*,*,#1401,.F.);
#2897=EDGE_LOOP('',(#2893,#2894,#2895,#2896));
#2898=FACE_BOUND('',#2897,.T.);
#2899=ADVANCED_FACE('',(#2898),#2887,.F.);
#2900=CARTESIAN_POINT('',(108.279830982,124.548079747,38.8));
#2901=DIRECTION('',(-0.,0.,1.));
#2902=DIRECTION('',(1.,-0.,0.));
#2903=AXIS2_PLACEMENT_3D('',#2900,#2901,#2902);
#2904=CYLINDRICAL_SURFACE('',#2903,1.5);
#2905=CARTESIAN_POINT('',(109.779830982,124.548079747,41.4));
#2906=DIRECTION('',(0.,-0.,-1.));
#2907=VECTOR('',#2906,2.);
#2908=LINE('',#2905,#2907);
#2909=EDGE_CURVE('',#637,#1384,#2908,.T.);
#2910=ORIENTED_EDGE('',*,*,#2909,.F.);
#2911=ORIENTED_EDGE('',*,*,#643,.T.);
#2912=ORIENTED_EDGE('',*,*,#2909,.T.);
#2913=ORIENTED_EDGE('',*,*,#1390,.F.);
#2914=EDGE_LOOP('',(#2910,#2911,#2912,#2913));
#2915=FACE_BOUND('',#2914,.T.);
#2916=ADVANCED_FACE('',(#2915),#2904,.F.);
#2917=CARTESIAN_POINT('',(108.279830979,107.248079747,33.));
#2918=DIRECTION('',(-0.,0.,1.));
#2919=DIRECTION('',(1.,-0.,0.));
#2920=AXIS2_PLACEMENT_3D('',#2917,#2918,#2919);
#2921=CYLINDRICAL_SURFACE('',#2920,1.5);
#2922=CARTESIAN_POINT('',(109.779830979,107.248079747,41.4));
#2923=DIRECTION('',(0.,-0.,-1.));
#2924=VECTOR('',#2923,2.);
#2925=LINE('',#2922,#2924);
#2926=EDGE_CURVE('',#626,#1373,#2925,.T.);
#2927=ORIENTED_EDGE('',*,*,#2926,.F.);
#2928=ORIENTED_EDGE('',*,*,#632,.T.);
#2929=ORIENTED_EDGE('',*,*,#2926,.T.);
#2930=ORIENTED_EDGE('',*,*,#1379,.F.);
#2931=EDGE_LOOP('',(#2927,#2928,#2929,#2930));
#2932=FACE_BOUND('',#2931,.T.);
#2933=ADVANCED_FACE('',(#2932),#2921,.F.);
#2934=CARTESIAN_POINT('',(90.979830982,124.54807975,30.4));
#2935=DIRECTION('',(-0.,0.,1.));
#2936=DIRECTION('',(1.,-0.,0.));
#2937=AXIS2_PLACEMENT_3D('',#2934,#2935,#2936);
#2938=CYLINDRICAL_SURFACE('',#2937,1.5);
#2939=CARTESIAN_POINT('',(92.479830982,124.54807975,41.4));
#2940=DIRECTION('',(0.,-0.,-1.));
#2941=VECTOR('',#2940,2.);
#2942=LINE('',#2939,#2941);
#2943=EDGE_CURVE('',#615,#1362,#2942,.T.);
#2944=ORIENTED_EDGE('',*,*,#2943,.F.);
#2945=ORIENTED_EDGE('',*,*,#621,.T.);
#2946=ORIENTED_EDGE('',*,*,#2943,.T.);
#2947=ORIENTED_EDGE('',*,*,#1368,.F.);
#2948=EDGE_LOOP('',(#2944,#2945,#2946,#2947));
#2949=FACE_BOUND('',#2948,.T.);
#2950=ADVANCED_FACE('',(#2949),#2938,.F.);
#2951=CARTESIAN_POINT('',(90.979830979,107.24807975,38.1));
#2952=DIRECTION('',(-0.,0.,1.));
#2953=DIRECTION('',(1.,-0.,0.));
#2954=AXIS2_PLACEMENT_3D('',#2951,#2952,#2953);
#2955=CYLINDRICAL_SURFACE('',#2954,1.5);
#2956=CARTESIAN_POINT('',(92.479830979,107.24807975,41.4));
#2957=DIRECTION('',(0.,-0.,-1.));
#2958=VECTOR('',#2957,2.);
#2959=LINE('',#2956,#2958);
#2960=EDGE_CURVE('',#604,#1351,#2959,.T.);
#2961=ORIENTED_EDGE('',*,*,#2960,.F.);
#2962=ORIENTED_EDGE('',*,*,#610,.T.);
#2963=ORIENTED_EDGE('',*,*,#2960,.T.);
#2964=ORIENTED_EDGE('',*,*,#1357,.F.);
#2965=EDGE_LOOP('',(#2961,#2962,#2963,#2964));
#2966=FACE_BOUND('',#2965,.T.);
#2967=ADVANCED_FACE('',(#2966),#2955,.F.);
#2968=CARTESIAN_POINT('',(244.863784978,145.577122692,42.5));
#2969=DIRECTION('',(0.,-0.,-1.));
#2970=DIRECTION('',(-1.,0.,-0.));
#2971=AXIS2_PLACEMENT_3D('',#2968,#2969,#2970);
#2972=CYLINDRICAL_SURFACE('',#2971,1.9);
#2973=CARTESIAN_POINT('',(242.963784978,145.577122692,39.4));
#2974=DIRECTION('',(-0.,0.,1.));
#2975=VECTOR('',#2974,2.);
#2976=LINE('',#2973,#2975);
#2977=EDGE_CURVE('',#1703,#584,#2976,.T.);
#2978=ORIENTED_EDGE('',*,*,#2977,.F.);
#2979=ORIENTED_EDGE('',*,*,#1711,.T.);
#2980=ORIENTED_EDGE('',*,*,#1718,.T.);
#2981=ORIENTED_EDGE('',*,*,#2977,.T.);
#2982=ORIENTED_EDGE('',*,*,#592,.T.);
#2983=ORIENTED_EDGE('',*,*,#599,.T.);
#2984=EDGE_LOOP('',(#2978,#2979,#2980,#2981,#2982,#2983));
#2985=FACE_BOUND('',#2984,.T.);
#2986=ADVANCED_FACE('',(#2985),#2972,.F.);
#2987=CARTESIAN_POINT('',(224.363784978,145.577122692,42.8));
#2988=DIRECTION('',(0.,-0.,-1.));
#2989=DIRECTION('',(-1.,0.,-0.));
#2990=AXIS2_PLACEMENT_3D('',#2987,#2988,#2989);
#2991=CYLINDRICAL_SURFACE('',#2990,1.9);
#2992=CARTESIAN_POINT('',(222.463784978,145.577122692,39.4));
#2993=DIRECTION('',(-0.,0.,1.));
#2994=VECTOR('',#2993,2.);
#2995=LINE('',#2992,#2994);
#2996=EDGE_CURVE('',#1723,#564,#2995,.T.);
#2997=ORIENTED_EDGE('',*,*,#2996,.F.);
#2998=ORIENTED_EDGE('',*,*,#1731,.T.);
#2999=ORIENTED_EDGE('',*,*,#1738,.T.);
#3000=ORIENTED_EDGE('',*,*,#2996,.T.);
#3001=ORIENTED_EDGE('',*,*,#572,.T.);
#3002=ORIENTED_EDGE('',*,*,#579,.T.);
#3003=EDGE_LOOP('',(#2997,#2998,#2999,#3000,#3001,#3002));
#3004=FACE_BOUND('',#3003,.T.);
#3005=ADVANCED_FACE('',(#3004),#2991,.F.);
#3006=CARTESIAN_POINT('',(244.863784978,99.527122692,42.9));
#3007=DIRECTION('',(0.,-0.,-1.));
#3008=DIRECTION('',(-1.,0.,-0.));
#3009=AXIS2_PLACEMENT_3D('',#3006,#3007,#3008);
#3010=CYLINDRICAL_SURFACE('',#3009,1.9);
#3011=CARTESIAN_POINT('',(242.963784978,99.527122692,39.4));
#3012=DIRECTION('',(-0.,0.,1.));
#3013=VECTOR('',#3012,2.);
#3014=LINE('',#3011,#3013);
#3015=EDGE_CURVE('',#1683,#544,#3014,.T.);
#3016=ORIENTED_EDGE('',*,*,#3015,.F.);
#3017=ORIENTED_EDGE('',*,*,#1691,.T.);
#3018=ORIENTED_EDGE('',*,*,#1698,.T.);
#3019=ORIENTED_EDGE('',*,*,#3015,.T.);
#3020=ORIENTED_EDGE('',*,*,#552,.T.);
#3021=ORIENTED_EDGE('',*,*,#559,.T.);
#3022=EDGE_LOOP('',(#3016,#3017,#3018,#3019,#3020,#3021));
#3023=FACE_BOUND('',#3022,.T.);
#3024=ADVANCED_FACE('',(#3023),#3010,.F.);
#3025=CARTESIAN_POINT('',(224.363784978,99.527122692,43.));
#3026=DIRECTION('',(0.,-0.,-1.));
#3027=DIRECTION('',(-1.,0.,-0.));
#3028=AXIS2_PLACEMENT_3D('',#3025,#3026,#3027);
#3029=CYLINDRICAL_SURFACE('',#3028,1.9);
#3030=CARTESIAN_POINT('',(222.463784978,99.527122692,39.4));
#3031=DIRECTION('',(-0.,0.,1.));
#3032=VECTOR('',#3031,2.);
#3033=LINE('',#3030,#3032);
#3034=EDGE_CURVE('',#1743,#524,#3033,.T.);
#3035=ORIENTED_EDGE('',*,*,#3034,.F.);
#3036=ORIENTED_EDGE('',*,*,#1751,.T.);
#3037=ORIENTED_EDGE('',*,*,#1758,.T.);
#3038=ORIENTED_EDGE('',*,*,#3034,.T.);
#3039=ORIENTED_EDGE('',*,*,#532,.T.);
#3040=ORIENTED_EDGE('',*,*,#539,.T.);
#3041=EDGE_LOOP('',(#3035,#3036,#3037,#3038,#3039,#3040));
#3042=FACE_BOUND('',#3041,.T.);
#3043=ADVANCED_FACE('',(#3042),#3029,.F.);
#3044=CARTESIAN_POINT('',(136.085280795,49.945991425,41.4));
#3045=DIRECTION('',(-1.,0.,-0.));
#3046=DIRECTION('',(-0.,0.,1.));
#3047=AXIS2_PLACEMENT_3D('',#3044,#3045,#3046);
#3048=PLANE('',#3047);
#3049=ORIENTED_EDGE('',*,*,#519,.F.);
#3050=ORIENTED_EDGE('',*,*,#2240,.F.);
#3051=ORIENTED_EDGE('',*,*,#1089,.F.);
#3052=ORIENTED_EDGE('',*,*,#2262,.F.);
#3053=EDGE_LOOP('',(#3049,#3050,#3051,#3052));
#3054=FACE_BOUND('',#3053,.T.);
#3055=ADVANCED_FACE('',(#3054),#3048,.T.);
#3056=CARTESIAN_POINT('',(101.375833206,89.259990673,41.4));
#3057=DIRECTION('',(-0.,-1.,0.));
#3058=DIRECTION('',(-0.,0.,1.));
#3059=AXIS2_PLACEMENT_3D('',#3056,#3057,#3058);
#3060=PLANE('',#3059);
#3061=ORIENTED_EDGE('',*,*,#505,.F.);
#3062=ORIENTED_EDGE('',*,*,#2284,.F.);
#3063=ORIENTED_EDGE('',*,*,#1105,.F.);
#3064=ORIENTED_EDGE('',*,*,#2233,.F.);
#3065=EDGE_LOOP('',(#3061,#3062,#3063,#3064));
#3066=FACE_BOUND('',#3065,.T.);
#3067=ADVANCED_FACE('',(#3066),#3060,.T.);
#3068=CARTESIAN_POINT('',(201.691840453,50.503239036,33.6));
#3069=DIRECTION('',(-1.,0.,0.));
#3070=DIRECTION('',(0.,0.,1.));
#3071=AXIS2_PLACEMENT_3D('',#3068,#3069,#3070);
#3072=PLANE('',#3071);
#3073=ORIENTED_EDGE('',*,*,#1324,.T.);
#3074=ORIENTED_EDGE('',*,*,#1780,.T.);
#3075=ORIENTED_EDGE('',*,*,#286,.F.);
#3076=ORIENTED_EDGE('',*,*,#1889,.T.);
#3077=EDGE_LOOP('',(#3073,#3074,#3075,#3076));
#3078=FACE_BOUND('',#3077,.T.);
#3079=ADVANCED_FACE('',(#3078),#3072,.T.);
#3080=CARTESIAN_POINT('',(239.276043487,89.19041771,41.4));
#3081=DIRECTION('',(-0.,-1.,0.));
#3082=DIRECTION('',(-0.,0.,1.));
#3083=AXIS2_PLACEMENT_3D('',#3080,#3081,#3082);
#3084=PLANE('',#3083);
#3085=ORIENTED_EDGE('',*,*,#302,.F.);
#3086=ORIENTED_EDGE('',*,*,#1773,.F.);
#3087=ORIENTED_EDGE('',*,*,#1308,.F.);
#3088=ORIENTED_EDGE('',*,*,#2042,.F.);
#3089=EDGE_LOOP('',(#3085,#3086,#3087,#3088));
#3090=FACE_BOUND('',#3089,.T.);
#3091=ADVANCED_FACE('',(#3090),#3084,.T.);
#3092=CARTESIAN_POINT('',(202.01151619,193.078791834,41.4));
#3093=DIRECTION('',(1.,-0.,0.));
#3094=DIRECTION('',(-0.,0.,1.));
#3095=AXIS2_PLACEMENT_3D('',#3092,#3093,#3094);
#3096=PLANE('',#3095);
#3097=ORIENTED_EDGE('',*,*,#378,.F.);
#3098=ORIENTED_EDGE('',*,*,#2108,.F.);
#3099=ORIENTED_EDGE('',*,*,#1232,.F.);
#3100=ORIENTED_EDGE('',*,*,#2130,.F.);
#3101=EDGE_LOOP('',(#3097,#3098,#3099,#3100));
#3102=FACE_BOUND('',#3101,.T.);
#3103=ADVANCED_FACE('',(#3102),#3096,.T.);
#3104=CARTESIAN_POINT('',(232.91208251,155.258579026,41.4));
#3105=DIRECTION('',(0.,1.,-0.));
#3106=DIRECTION('',(-0.,0.,1.));
#3107=AXIS2_PLACEMENT_3D('',#3104,#3105,#3106);
#3108=PLANE('',#3107);
#3109=ORIENTED_EDGE('',*,*,#362,.F.);
#3110=ORIENTED_EDGE('',*,*,#2086,.F.);
#3111=ORIENTED_EDGE('',*,*,#1248,.F.);
#3112=ORIENTED_EDGE('',*,*,#2101,.F.);
#3113=EDGE_LOOP('',(#3109,#3110,#3111,#3112));
#3114=FACE_BOUND('',#3113,.T.);
#3115=ADVANCED_FACE('',(#3114),#3108,.T.);
#3116=CARTESIAN_POINT('',(90.091488442,162.290283249,41.4));
#3117=DIRECTION('',(0.,-0.,-1.));
#3118=DIRECTION('',(-0.,1.,-0.));
#3119=AXIS2_PLACEMENT_3D('',#3116,#3117,#3118);
#3120=CYLINDRICAL_SURFACE('',#3119,1.);
#3121=CARTESIAN_POINT('',(90.091488442,163.290283249,39.4));
#3122=DIRECTION('',(-0.,0.,1.));
#3123=VECTOR('',#3122,2.);
#3124=LINE('',#3121,#3123);
#3125=EDGE_CURVE('',#1134,#456,#3124,.T.);
#3126=ORIENTED_EDGE('',*,*,#3125,.T.);
#3127=ORIENTED_EDGE('',*,*,#462,.F.);
#3128=ORIENTED_EDGE('',*,*,#2218,.F.);
#3129=ORIENTED_EDGE('',*,*,#1149,.F.);
#3130=EDGE_LOOP('',(#3126,#3127,#3128,#3129));
#3131=FACE_BOUND('',#3130,.T.);
#3132=ADVANCED_FACE('',(#3131),#3120,.T.);
#3133=CARTESIAN_POINT('',(98.27163449,155.241508043,41.4));
#3134=DIRECTION('',(0.,1.,-0.));
#3135=DIRECTION('',(-0.,0.,1.));
#3136=AXIS2_PLACEMENT_3D('',#3133,#3134,#3135);
#3137=PLANE('',#3136);
#3138=ORIENTED_EDGE('',*,*,#445,.F.);
#3139=ORIENTED_EDGE('',*,*,#2174,.F.);
#3140=ORIENTED_EDGE('',*,*,#1165,.F.);
#3141=ORIENTED_EDGE('',*,*,#2211,.F.);
#3142=EDGE_LOOP('',(#3138,#3139,#3140,#3141));
#3143=FACE_BOUND('',#3142,.T.);
#3144=ADVANCED_FACE('',(#3143),#3137,.T.);
#3145=CARTESIAN_POINT('',(136.101847298,186.142074363,41.4));
#3146=DIRECTION('',(-1.,0.,-0.));
#3147=DIRECTION('',(-0.,0.,1.));
#3148=AXIS2_PLACEMENT_3D('',#3145,#3146,#3147);
#3149=PLANE('',#3148);
#3150=ORIENTED_EDGE('',*,*,#429,.F.);
#3151=ORIENTED_EDGE('',*,*,#2196,.F.);
#3152=ORIENTED_EDGE('',*,*,#1181,.F.);
#3153=ORIENTED_EDGE('',*,*,#2167,.F.);
#3154=EDGE_LOOP('',(#3150,#3151,#3152,#3153));
#3155=FACE_BOUND('',#3154,.T.);
#3156=ADVANCED_FACE('',(#3155),#3149,.T.);
#3157=CARTESIAN_POINT('',(128.945840876,201.359098102,41.4));
#3158=DIRECTION('',(0.,-0.,-1.));
#3159=DIRECTION('',(-0.,1.,-0.));
#3160=AXIS2_PLACEMENT_3D('',#3157,#3158,#3159);
#3161=CYLINDRICAL_SURFACE('',#3160,1.);
#3162=ORIENTED_EDGE('',*,*,#413,.F.);
#3163=ORIENTED_EDGE('',*,*,#2064,.F.);
#3164=ORIENTED_EDGE('',*,*,#1198,.F.);
#3165=ORIENTED_EDGE('',*,*,#2189,.F.);
#3166=EDGE_LOOP('',(#3162,#3163,#3164,#3165));
#3167=FACE_BOUND('',#3166,.T.);
#3168=ADVANCED_FACE('',(#3167),#3161,.T.);
#3169=CARTESIAN_POINT('',(208.988240611,201.087892149,41.4));
#3170=DIRECTION('',(-0.,0.,1.));
#3171=DIRECTION('',(0.,-1.,0.));
#3172=AXIS2_PLACEMENT_3D('',#3169,#3170,#3171);
#3173=CYLINDRICAL_SURFACE('',#3172,1.);
#3174=ORIENTED_EDGE('',*,*,#395,.F.);
#3175=ORIENTED_EDGE('',*,*,#2123,.F.);
#3176=ORIENTED_EDGE('',*,*,#1216,.F.);
#3177=ORIENTED_EDGE('',*,*,#2057,.F.);
#3178=EDGE_LOOP('',(#3174,#3175,#3176,#3177));
#3179=FACE_BOUND('',#3178,.T.);
#3180=ADVANCED_FACE('',(#3179),#3173,.T.);
#3181=CARTESIAN_POINT('',(248.014218321,162.289697521,41.4));
#3182=DIRECTION('',(0.,-0.,-1.));
#3183=DIRECTION('',(-0.,1.,-0.));
#3184=AXIS2_PLACEMENT_3D('',#3181,#3182,#3183);
#3185=CYLINDRICAL_SURFACE('',#3184,1.);
#3186=CARTESIAN_POINT('',(248.014218321,163.289697521,39.4));
#3187=DIRECTION('',(-0.,0.,1.));
#3188=VECTOR('',#3187,2.);
#3189=LINE('',#3186,#3188);
#3190=EDGE_CURVE('',#1259,#331,#3189,.T.);
#3191=ORIENTED_EDGE('',*,*,#3190,.T.);
#3192=ORIENTED_EDGE('',*,*,#337,.F.);
#3193=ORIENTED_EDGE('',*,*,#2020,.F.);
#3194=ORIENTED_EDGE('',*,*,#1274,.F.);
#3195=EDGE_LOOP('',(#3191,#3192,#3193,#3194));
#3196=FACE_BOUND('',#3195,.T.);
#3197=ADVANCED_FACE('',(#3196),#3185,.T.);
#3198=CARTESIAN_POINT('',(248.48366261,83.235489773,41.4));
#3199=DIRECTION('',(0.,-0.,-1.));
#3200=DIRECTION('',(-0.,1.,-0.));
#3201=AXIS2_PLACEMENT_3D('',#3198,#3199,#3200);
#3202=CYLINDRICAL_SURFACE('',#3201,1.);
#3203=ORIENTED_EDGE('',*,*,#319,.F.);
#3204=ORIENTED_EDGE('',*,*,#2035,.F.);
#3205=ORIENTED_EDGE('',*,*,#1292,.F.);
#3206=ORIENTED_EDGE('',*,*,#2013,.F.);
#3207=EDGE_LOOP('',(#3203,#3204,#3205,#3206));
#3208=FACE_BOUND('',#3207,.T.);
#3209=ADVANCED_FACE('',(#3208),#3202,.T.);
#3210=CARTESIAN_POINT('',(169.096952332,83.801329136,43.4));
#3211=DIRECTION('',(-0.,1.,-0.));
#3212=DIRECTION('',(0.,0.,1.));
#3213=AXIS2_PLACEMENT_3D('',#3210,#3211,#3212);
#3214=PLANE('',#3213);
#3215=ORIENTED_EDGE('',*,*,#262,.F.);
#3216=CARTESIAN_POINT('',(150.14,83.801329136,43.4));
#3217=VERTEX_POINT('',#3216);
#3218=CARTESIAN_POINT('',(150.14,83.801329136,43.4));
#3219=DIRECTION('',(0.,-0.,-1.));
#3220=VECTOR('',#3219,2.);
#3221=LINE('',#3218,#3220);
#3222=EDGE_CURVE('',#3217,#249,#3221,.T.);
#3223=ORIENTED_EDGE('',*,*,#3222,.F.);
#3224=CARTESIAN_POINT('',(187.553904664,83.801329136,43.4));
#3225=VERTEX_POINT('',#3224);
#3226=CARTESIAN_POINT('',(150.14,83.801329136,43.4));
#3227=DIRECTION('',(1.,0.,0.));
#3228=VECTOR('',#3227,37.413904664);
#3229=LINE('',#3226,#3228);
#3230=EDGE_CURVE('',#3217,#3225,#3229,.T.);
#3231=ORIENTED_EDGE('',*,*,#3230,.T.);
#3232=CARTESIAN_POINT('',(187.553904664,83.801329136,43.4));
#3233=DIRECTION('',(0.,-0.,-1.));
#3234=VECTOR('',#3233,2.);
#3235=LINE('',#3232,#3234);
#3236=EDGE_CURVE('',#3225,#257,#3235,.T.);
#3237=ORIENTED_EDGE('',*,*,#3236,.T.);
#3238=EDGE_LOOP('',(#3215,#3223,#3231,#3237));
#3239=FACE_BOUND('',#3238,.T.);
#3240=ADVANCED_FACE('',(#3239),#3214,.T.);
#3241=CARTESIAN_POINT('',(150.14,77.178791134,43.4));
#3242=DIRECTION('',(-1.,-0.,-0.));
#3243=DIRECTION('',(-0.,-0.,1.));
#3244=AXIS2_PLACEMENT_3D('',#3241,#3242,#3243);
#3245=PLANE('',#3244);
#3246=ORIENTED_EDGE('',*,*,#254,.F.);
#3247=ORIENTED_EDGE('',*,*,#1912,.F.);
#3248=CARTESIAN_POINT('',(150.14,70.556253133,43.4));
#3249=DIRECTION('',(0.,1.,-0.));
#3250=VECTOR('',#3249,13.245076003);
#3251=LINE('',#3248,#3250);
#3252=EDGE_CURVE('',#1901,#3217,#3251,.T.);
#3253=ORIENTED_EDGE('',*,*,#3252,.T.);
#3254=ORIENTED_EDGE('',*,*,#3222,.T.);
#3255=EDGE_LOOP('',(#3246,#3247,#3253,#3254));
#3256=FACE_BOUND('',#3255,.T.);
#3257=ADVANCED_FACE('',(#3256),#3245,.T.);
#3258=CARTESIAN_POINT('',(187.553904664,77.178791134,43.4));
#3259=DIRECTION('',(1.,0.,0.));
#3260=DIRECTION('',(0.,0.,-1.));
#3261=AXIS2_PLACEMENT_3D('',#3258,#3259,#3260);
#3262=PLANE('',#3261);
#3263=ORIENTED_EDGE('',*,*,#270,.F.);
#3264=ORIENTED_EDGE('',*,*,#3236,.F.);
#3265=CARTESIAN_POINT('',(187.553904664,83.801329136,43.4));
#3266=DIRECTION('',(-0.,-1.,0.));
#3267=VECTOR('',#3266,13.245076003);
#3268=LINE('',#3265,#3267);
#3269=EDGE_CURVE('',#3225,#1893,#3268,.T.);
#3270=ORIENTED_EDGE('',*,*,#3269,.T.);
#3271=ORIENTED_EDGE('',*,*,#1898,.T.);
#3272=EDGE_LOOP('',(#3263,#3264,#3270,#3271));
#3273=FACE_BOUND('',#3272,.T.);
#3274=ADVANCED_FACE('',(#3273),#3262,.T.);
#3275=CARTESIAN_POINT('',(-0.,0.,43.4));
#3276=DIRECTION('',(-0.,0.,1.));
#3277=DIRECTION('',(1.,-0.,0.));
#3278=AXIS2_PLACEMENT_3D('',#3275,#3276,#3277);
#3279=PLANE('',#3278);
#3280=ORIENTED_EDGE('',*,*,#1906,.F.);
#3281=ORIENTED_EDGE('',*,*,#3269,.F.);
#3282=ORIENTED_EDGE('',*,*,#3230,.F.);
#3283=ORIENTED_EDGE('',*,*,#3252,.F.);
#3284=EDGE_LOOP('',(#3280,#3281,#3282,#3283));
#3285=FACE_BOUND('',#3284,.T.);
#3286=ADVANCED_FACE('',(#3285),#3279,.T.);
#3287=CARTESIAN_POINT('',(90.122031459,82.230168434,41.4));
#3288=DIRECTION('',(0.,-0.,-1.));
#3289=DIRECTION('',(-0.,1.,-0.));
#3290=AXIS2_PLACEMENT_3D('',#3287,#3288,#3289);
#3291=CYLINDRICAL_SURFACE('',#3290,1.);
#3292=ORIENTED_EDGE('',*,*,#489,.F.);
#3293=ORIENTED_EDGE('',*,*,#2145,.F.);
#3294=ORIENTED_EDGE('',*,*,#1122,.F.);
#3295=ORIENTED_EDGE('',*,*,#2277,.F.);
#3296=EDGE_LOOP('',(#3292,#3293,#3294,#3295));
#3297=FACE_BOUND('',#3296,.T.);
#3298=ADVANCED_FACE('',(#3297),#3291,.T.);
#3299=CARTESIAN_POINT('',(128.163537074,43.810803586,41.4));
#3300=DIRECTION('',(0.,-0.,-1.));
#3301=DIRECTION('',(-0.,1.,-0.));
#3302=AXIS2_PLACEMENT_3D('',#3299,#3300,#3301);
#3303=CYLINDRICAL_SURFACE('',#3302,1.);
#3304=ORIENTED_EDGE('',*,*,#213,.F.);
#3305=ORIENTED_EDGE('',*,*,#2255,.F.);
#3306=ORIENTED_EDGE('',*,*,#1073,.F.);
#3307=ORIENTED_EDGE('',*,*,#1996,.F.);
#3308=EDGE_LOOP('',(#3304,#3305,#3306,#3307));
#3309=FACE_BOUND('',#3308,.T.);
#3310=ADVANCED_FACE('',(#3309),#3303,.T.);
#3311=CARTESIAN_POINT('',(219.864239956,129.048079747,63.4));
#3312=DIRECTION('',(-0.,-0.,-1.));
#3313=DIRECTION('',(-1.,0.,0.));
#3314=AXIS2_PLACEMENT_3D('',#3311,#3312,#3313);
#3315=CYLINDRICAL_SURFACE('',#3314,1.5);
#3316=CARTESIAN_POINT('',(218.364239956,129.048079747,39.4));
#3317=DIRECTION('',(0.,0.,1.));
#3318=VECTOR('',#3317,2.);
#3319=LINE('',#3316,#3318);
#3320=EDGE_CURVE('',#1045,#177,#3319,.T.);
#3321=ORIENTED_EDGE('',*,*,#3320,.F.);
#3322=ORIENTED_EDGE('',*,*,#1051,.T.);
#3323=ORIENTED_EDGE('',*,*,#3320,.T.);
#3324=ORIENTED_EDGE('',*,*,#185,.T.);
#3325=ORIENTED_EDGE('',*,*,#192,.T.);
#3326=EDGE_LOOP('',(#3321,#3322,#3323,#3324,#3325));
#3327=FACE_BOUND('',#3326,.T.);
#3328=ADVANCED_FACE('',(#3327),#3315,.F.);
#3329=CARTESIAN_POINT('',(219.864239956,111.74807975,63.4));
#3330=DIRECTION('',(-0.,-0.,-1.));
#3331=DIRECTION('',(-1.,0.,0.));
#3332=AXIS2_PLACEMENT_3D('',#3329,#3330,#3331);
#3333=CYLINDRICAL_SURFACE('',#3332,1.499999996);
#3334=CARTESIAN_POINT('',(218.36423996,111.74807975,39.4));
#3335=DIRECTION('',(0.,0.,1.));
#3336=VECTOR('',#3335,2.);
#3337=LINE('',#3334,#3336);
#3338=EDGE_CURVE('',#1034,#157,#3337,.T.);
#3339=ORIENTED_EDGE('',*,*,#3338,.F.);
#3340=ORIENTED_EDGE('',*,*,#1040,.T.);
#3341=ORIENTED_EDGE('',*,*,#3338,.T.);
#3342=ORIENTED_EDGE('',*,*,#165,.T.);
#3343=ORIENTED_EDGE('',*,*,#172,.T.);
#3344=EDGE_LOOP('',(#3339,#3340,#3341,#3342,#3343));
#3345=FACE_BOUND('',#3344,.T.);
#3346=ADVANCED_FACE('',(#3345),#3333,.F.);
#3347=CARTESIAN_POINT('',(202.564239954,111.74807975,63.4));
#3348=DIRECTION('',(-0.,-0.,-1.));
#3349=DIRECTION('',(-1.,0.,0.));
#3350=AXIS2_PLACEMENT_3D('',#3347,#3348,#3349);
#3351=CYLINDRICAL_SURFACE('',#3350,1.5);
#3352=CARTESIAN_POINT('',(201.064239954,111.74807975,39.4));
#3353=DIRECTION('',(0.,0.,1.));
#3354=VECTOR('',#3353,2.);
#3355=LINE('',#3352,#3354);
#3356=EDGE_CURVE('',#1023,#137,#3355,.T.);
#3357=ORIENTED_EDGE('',*,*,#3356,.F.);
#3358=ORIENTED_EDGE('',*,*,#1029,.T.);
#3359=ORIENTED_EDGE('',*,*,#3356,.T.);
#3360=ORIENTED_EDGE('',*,*,#145,.T.);
#3361=ORIENTED_EDGE('',*,*,#152,.T.);
#3362=EDGE_LOOP('',(#3357,#3358,#3359,#3360,#3361));
#3363=FACE_BOUND('',#3362,.T.);
#3364=ADVANCED_FACE('',(#3363),#3351,.F.);
#3365=CARTESIAN_POINT('',(202.564239954,129.048079747,63.4));
#3366=DIRECTION('',(-0.,-0.,-1.));
#3367=DIRECTION('',(-1.,0.,0.));
#3368=AXIS2_PLACEMENT_3D('',#3365,#3366,#3367);
#3369=CYLINDRICAL_SURFACE('',#3368,1.5);
#3370=CARTESIAN_POINT('',(201.064239954,129.048079747,39.4));
#3371=DIRECTION('',(0.,0.,1.));
#3372=VECTOR('',#3371,2.);
#3373=LINE('',#3370,#3372);
#3374=EDGE_CURVE('',#1012,#117,#3373,.T.);
#3375=ORIENTED_EDGE('',*,*,#3374,.F.);
#3376=ORIENTED_EDGE('',*,*,#1018,.T.);
#3377=ORIENTED_EDGE('',*,*,#3374,.T.);
#3378=ORIENTED_EDGE('',*,*,#125,.T.);
#3379=ORIENTED_EDGE('',*,*,#132,.T.);
#3380=EDGE_LOOP('',(#3375,#3376,#3377,#3378,#3379));
#3381=FACE_BOUND('',#3380,.T.);
#3382=ADVANCED_FACE('',(#3381),#3369,.F.);
#3383=CARTESIAN_POINT('',(90.091488442,162.290283249,41.4));
#3384=DIRECTION('',(0.,-0.,-1.));
#3385=DIRECTION('',(-0.,1.,-0.));
#3386=AXIS2_PLACEMENT_3D('',#3383,#3384,#3385);
#3387=CYLINDRICAL_SURFACE('',#3386,1.);
#3388=ORIENTED_EDGE('',*,*,#3125,.F.);
#3389=ORIENTED_EDGE('',*,*,#1140,.F.);
#3390=ORIENTED_EDGE('',*,*,#2152,.F.);
#3391=ORIENTED_EDGE('',*,*,#471,.F.);
#3392=EDGE_LOOP('',(#3388,#3389,#3390,#3391));
#3393=FACE_BOUND('',#3392,.T.);
#3394=ADVANCED_FACE('',(#3393),#3387,.T.);
#3395=CARTESIAN_POINT('',(248.014218321,162.289697521,41.4));
#3396=DIRECTION('',(0.,-0.,-1.));
#3397=DIRECTION('',(-0.,1.,-0.));
#3398=AXIS2_PLACEMENT_3D('',#3395,#3396,#3397);
#3399=CYLINDRICAL_SURFACE('',#3398,1.);
#3400=ORIENTED_EDGE('',*,*,#3190,.F.);
#3401=ORIENTED_EDGE('',*,*,#1265,.F.);
#3402=ORIENTED_EDGE('',*,*,#2079,.F.);
#3403=ORIENTED_EDGE('',*,*,#346,.F.);
#3404=EDGE_LOOP('',(#3400,#3401,#3402,#3403));
#3405=FACE_BOUND('',#3404,.T.);
#3406=ADVANCED_FACE('',(#3405),#3399,.T.);
#3407=CLOSED_SHELL('',(#1005,#1762,#1784,#1803,#1822,#1841,#1860,#1879,#1924,#1946,#1963,#1985,#2002,#2024,#2046,#2068,#2090,#2112,#2134,#2156,#2178,#2200,#2222,#2244,#2266,#2288,
#2300,#2325,#2350,#2375,#2400,#2417,#2429,#2460,#2484,#2508,#2525,#2537,#2554,#2571,#2606,#2619,#2654,#2667,#2702,#2715,#2750,#2763,#2780,#2797,#2814,
#2831,#2848,#2865,#2882,#2899,#2916,#2933,#2950,#2967,#2986,#3005,#3024,#3043,#3055,#3067,#3079,#3091,#3103,#3115,#3132,#3144,#3156,#3168,#3180,#3197,
#3209,#3240,#3257,#3274,#3286,#3298,#3310,#3328,#3346,#3364,#3382,#3394,#3406));
#3408=MANIFOLD_SOLID_BREP('\X2\76D87403652F67B6\X0\',#3407);
#3409=COLOUR_RGB('',0.541176498,0.541176498,0.541176498);
#3410=FILL_AREA_STYLE_COLOUR('',#3409);
#3411=FILL_AREA_STYLE('',(#3410));
#3412=SURFACE_STYLE_FILL_AREA(#3411);
#3413=SURFACE_SIDE_STYLE('',(#3412));
#3414=SURFACE_STYLE_USAGE(.BOTH.,#3413);
#3415=PRESENTATION_STYLE_ASSIGNMENT((#3414));
#110=STYLED_ITEM('',(#3415),#3408);
#91=SHAPE_REPRESENTATION('____',(#15),#89);
#92=ADVANCED_BREP_SHAPE_REPRESENTATION('____',(#3408),#89);
#3423=SHAPE_REPRESENTATION_RELATIONSHIP('','',#91,#92);
#3424=CARTESIAN_POINT('',(0.,0.,0.));
#3425=DIRECTION('',(0.,0.,1.));
#3426=DIRECTION('',(1.,0.,0.));
#3427=AXIS2_PLACEMENT_3D('',#3424,#3425,#3426);
#3429=MAPPED_ITEM('',#3428,#3427);
#3428=REPRESENTATION_MAP(#3427,#91);
#3430=APPLICATION_CONTEXT('Managed model based 3d engineering');
#3431=APPLICATION_PROTOCOL_DEFINITION('international standard','ap242_managed_model_based_3d_engineering',2014,#3430);
#3432=PRODUCT_CONTEXT('',#3430,'mechanical');
#3433=PRODUCT_DEFINITION_CONTEXT('part definition',#3430,'design');
#99=PRODUCT('____','____','',(#3432));
#3434=PRODUCT_RELATED_PRODUCT_CATEGORY('part','',(#99));
#3435=PRODUCT_DEFINITION_FORMATION_WITH_SPECIFIED_SOURCE('','',#99,.NOT_KNOWN.);
#100=PRODUCT_DEFINITION('design','',#3435,#3433);
#98=PRODUCT_DEFINITION_SHAPE('','',#100);
#3436=SHAPE_DEFINITION_REPRESENTATION(#98,#91);
#90=DRAUGHTING_MODEL('',(#3429),#89);
#63=SHAPE_REPRESENTATION('\X2\76D8740360AC6302\X0\.stp',(#15,#104),#61);
#3437=CARTESIAN_POINT('',(0.,0.,0.));
#3438=DIRECTION('',(0.,0.,1.));
#3439=DIRECTION('',(1.,0.,0.));
#3440=AXIS2_PLACEMENT_3D('',#3437,#3438,#3439);
#3442=MAPPED_ITEM('',#3441,#3440);
#3441=REPRESENTATION_MAP(#3440,#63);
#71=PRODUCT('\X2\76D8740360AC6302\X0\.stp','\X2\76D8740360AC6302\X0\.stp','',(#3432));
#3443=PRODUCT_RELATED_PRODUCT_CATEGORY('part','',(#71));
#3444=PRODUCT_DEFINITION_FORMATION_WITH_SPECIFIED_SOURCE('','',#71,.NOT_KNOWN.);
#72=PRODUCT_DEFINITION('design','',#3444,#3433);
#70=PRODUCT_DEFINITION_SHAPE('','',#72);
#3445=SHAPE_DEFINITION_REPRESENTATION(#70,#63);
#62=DRAUGHTING_MODEL('',(#3442),#61);
#35=SHAPE_REPRESENTATION('\X2\4E8C697C\X0\.step',(#15,#76),#33);
#3446=CARTESIAN_POINT('',(0.,0.,0.));
#3447=DIRECTION('',(0.,0.,1.));
#3448=DIRECTION('',(1.,0.,0.));
#3449=AXIS2_PLACEMENT_3D('',#3446,#3447,#3448);
#3451=MAPPED_ITEM('',#3450,#3449);
#3450=REPRESENTATION_MAP(#3449,#35);
#43=PRODUCT('\X2\4E8C697C\X0\.step','\X2\4E8C697C\X0\.step','',(#3432));
#3452=PRODUCT_RELATED_PRODUCT_CATEGORY('part','',(#43));
#3453=PRODUCT_DEFINITION_FORMATION_WITH_SPECIFIED_SOURCE('','',#43,.NOT_KNOWN.);
#44=PRODUCT_DEFINITION('design','',#3453,#3433);
#42=PRODUCT_DEFINITION_SHAPE('','',#44);
#3454=SHAPE_DEFINITION_REPRESENTATION(#42,#35);
#34=DRAUGHTING_MODEL('',(#3451),#33);
#16=SHAPE_REPRESENTATION('root',(#15,#48),#10);
#3455=CARTESIAN_POINT('',(0.,0.,0.));
#3456=DIRECTION('',(0.,0.,1.));
#3457=DIRECTION('',(1.,0.,0.));
#3458=AXIS2_PLACEMENT_3D('',#3455,#3456,#3457);
#3460=MAPPED_ITEM('',#3459,#3458);
#3459=REPRESENTATION_MAP(#3458,#16);
#24=PRODUCT('root','root','',(#3432));
#3461=PRODUCT_RELATED_PRODUCT_CATEGORY('part','',(#24));
#3462=PRODUCT_DEFINITION_FORMATION_WITH_SPECIFIED_SOURCE('','',#24,.NOT_KNOWN.);
#25=PRODUCT_DEFINITION('design','',#3462,#3433);
#23=PRODUCT_DEFINITION_SHAPE('','',#25);
#3463=SHAPE_DEFINITION_REPRESENTATION(#23,#16);
#11=DRAUGHTING_MODEL('',(#3460),#10);
#3464=DESCRIPTIVE_REPRESENTATION_ITEM('KEY','/private/var/mobile/Containers/Data/Application/512BD973-2612-4B7A-8C54-7F7EBD679855/tmp/95CF1659-672F-454F-8713-8C28737A0921.tmp');
#3465=PROPERTY_DEFINITION('KEY','',#25);
#3466=REPRESENTATION('',(#3464),#10);
#3467=PROPERTY_DEFINITION_REPRESENTATION(#3465,#3466);
#3468=GENERAL_PROPERTY('','KEY','');
#3469=GENERAL_PROPERTY_ASSOCIATION('','',#3468,#3465);
#1=MECHANICAL_DESIGN_GEOMETRIC_PRESENTATION_REPRESENTATION('',(#110),#10);
ENDSEC;
END-ISO-10303-21;
