ISO-10303-21;
HEADER;

/* File generated by Shapr3D Version 5.890.0.9070 */

FILE_DESCRIPTION(('HOOPS Exchange Step'),'2;1');

FILE_NAME('/private/var/mobile/Containers/Data/Application/512BD973-2612-4B7A-8C54-7F7EBD679855/tmp/export/temp_export',
'2025-06-27T19:31:09+08:00',
('mobile'),
('Shapr3D Limited'),
'HOOPS Exchange 2024.8',
'Shapr3D',
'Authorized');

FILE_SCHEMA( ('AP242_MANAGED_MODEL_BASED_3D_ENGINEERING_MIM_LF {1 0 10303 442 1 1 4}') );

ENDSEC;

DATA;
#3=(NAMED_UNIT(*)PLANE_ANGLE_UNIT()SI_UNIT($,.RADIAN.));
#4=PLANE_ANGLE_MEASURE_WITH_UNIT(PLANE_ANGLE_MEASURE(0.0174532925),#3);
#5=(CONVERSION_BASED_UNIT('DEGREE',#4)NAMED_UNIT(#6)PLANE_ANGLE_UNIT());
#6=DIMENSIONAL_EXPONENTS(0.,0.,0.,0.,0.,0.,0.);
#7=(NAMED_UNIT(*)SI_UNIT($,.STERADIAN.)SOLID_ANGLE_UNIT());
#8=(LENGTH_UNIT()NAMED_UNIT(*)SI_UNIT(.MILLI.,.METRE.));
#9=UNCERTAINTY_MEASURE_WITH_UNIT(LENGTH_MEASURE(1.000000E-03),#8,'DISTANCE_ACCURACY_VALUE','Maximum Tolerance applied to model');
#10=(GEOMETRIC_REPRESENTATION_CONTEXT(3)GLOBAL_UNCERTAINTY_ASSIGNED_CONTEXT((#9))GLOBAL_UNIT_ASSIGNED_CONTEXT((#8,#5,#7))REPRESENTATION_CONTEXT('','root'));
#12=CARTESIAN_POINT('',(0.,0.,0.));
#13=DIRECTION('',(0.,0.,1.));
#14=DIRECTION('',(1.,0.,0.));
#15=AXIS2_PLACEMENT_3D('TS3D_PRODUCT_CSYS',#12,#13,#14);
#26=(NAMED_UNIT(*)PLANE_ANGLE_UNIT()SI_UNIT($,.RADIAN.));
#27=PLANE_ANGLE_MEASURE_WITH_UNIT(PLANE_ANGLE_MEASURE(0.0174532925),#26);
#28=(CONVERSION_BASED_UNIT('DEGREE',#27)NAMED_UNIT(#29)PLANE_ANGLE_UNIT());
#29=DIMENSIONAL_EXPONENTS(0.,0.,0.,0.,0.,0.,0.);
#30=(NAMED_UNIT(*)SI_UNIT($,.STERADIAN.)SOLID_ANGLE_UNIT());
#31=(LENGTH_UNIT()NAMED_UNIT(*)SI_UNIT(.MILLI.,.METRE.));
#32=UNCERTAINTY_MEASURE_WITH_UNIT(LENGTH_MEASURE(1.000000E-03),#31,'DISTANCE_ACCURACY_VALUE','Maximum Tolerance applied to model');
#33=(GEOMETRIC_REPRESENTATION_CONTEXT(3)GLOBAL_UNCERTAINTY_ASSIGNED_CONTEXT((#32))GLOBAL_UNIT_ASSIGNED_CONTEXT((#31,#28,#30))REPRESENTATION_CONTEXT('','\X2\4E8C697C\X0\.step'));
#45=CARTESIAN_POINT('',(0.,0.,0.));
#46=DIRECTION('',(0.,0.,1.));
#47=DIRECTION('',(1.,0.,-0.));
#48=AXIS2_PLACEMENT_3D('',#45,#46,#47);
#49=ITEM_DEFINED_TRANSFORMATION('','',#48,#15);
#50=(REPRESENTATION_RELATIONSHIP('','',#35,#16)REPRESENTATION_RELATIONSHIP_WITH_TRANSFORMATION(#49)SHAPE_REPRESENTATION_RELATIONSHIP());
#51=NEXT_ASSEMBLY_USAGE_OCCURRENCE('\X2\4E8C697C\X0\.step_1','\X2\4E8C697C\X0\.step','\X2\4E8C697C\X0\.step',#25,#44,$);
#52=PRODUCT_DEFINITION_SHAPE('','',#51);
#53=CONTEXT_DEPENDENT_SHAPE_REPRESENTATION(#50,#52);
#54=(NAMED_UNIT(*)PLANE_ANGLE_UNIT()SI_UNIT($,.RADIAN.));
#55=PLANE_ANGLE_MEASURE_WITH_UNIT(PLANE_ANGLE_MEASURE(0.0174532925),#54);
#56=(CONVERSION_BASED_UNIT('DEGREE',#55)NAMED_UNIT(#57)PLANE_ANGLE_UNIT());
#57=DIMENSIONAL_EXPONENTS(0.,0.,0.,0.,0.,0.,0.);
#58=(NAMED_UNIT(*)SI_UNIT($,.STERADIAN.)SOLID_ANGLE_UNIT());
#59=(LENGTH_UNIT()NAMED_UNIT(*)SI_UNIT(.MILLI.,.METRE.));
#60=UNCERTAINTY_MEASURE_WITH_UNIT(LENGTH_MEASURE(1.000000E-03),#59,'DISTANCE_ACCURACY_VALUE','Maximum Tolerance applied to model');
#61=(GEOMETRIC_REPRESENTATION_CONTEXT(3)GLOBAL_UNCERTAINTY_ASSIGNED_CONTEXT((#60))GLOBAL_UNIT_ASSIGNED_CONTEXT((#59,#56,#58))REPRESENTATION_CONTEXT('','\X2\76D8740360AC6302\X0\.stp'));
#73=CARTESIAN_POINT('',(0.,0.,0.));
#74=DIRECTION('',(0.,0.,1.));
#75=DIRECTION('',(1.,0.,-0.));
#76=AXIS2_PLACEMENT_3D('',#73,#74,#75);
#77=ITEM_DEFINED_TRANSFORMATION('','',#76,#15);
#78=(REPRESENTATION_RELATIONSHIP('','',#63,#35)REPRESENTATION_RELATIONSHIP_WITH_TRANSFORMATION(#77)SHAPE_REPRESENTATION_RELATIONSHIP());
#79=NEXT_ASSEMBLY_USAGE_OCCURRENCE('\X2\76D8740360AC6302\X0\.stp_2','\X2\76D8740360AC6302\X0\.stp','\X2\76D8740360AC6302\X0\.stp',#44,#72,$);
#80=PRODUCT_DEFINITION_SHAPE('','',#79);
#81=CONTEXT_DEPENDENT_SHAPE_REPRESENTATION(#78,#80);
#82=(NAMED_UNIT(*)PLANE_ANGLE_UNIT()SI_UNIT($,.RADIAN.));
#83=PLANE_ANGLE_MEASURE_WITH_UNIT(PLANE_ANGLE_MEASURE(0.0174532925),#82);
#84=(CONVERSION_BASED_UNIT('DEGREE',#83)NAMED_UNIT(#85)PLANE_ANGLE_UNIT());
#85=DIMENSIONAL_EXPONENTS(0.,0.,0.,0.,0.,0.,0.);
#86=(NAMED_UNIT(*)SI_UNIT($,.STERADIAN.)SOLID_ANGLE_UNIT());
#87=(LENGTH_UNIT()NAMED_UNIT(*)SI_UNIT(.MILLI.,.METRE.));
#88=UNCERTAINTY_MEASURE_WITH_UNIT(LENGTH_MEASURE(1.000000E-05),#87,'DISTANCE_ACCURACY_VALUE','Maximum Tolerance applied to model');
#89=(GEOMETRIC_REPRESENTATION_CONTEXT(3)GLOBAL_UNCERTAINTY_ASSIGNED_CONTEXT((#88))GLOBAL_UNIT_ASSIGNED_CONTEXT((#87,#84,#86))REPRESENTATION_CONTEXT('','____'));
#101=CARTESIAN_POINT('',(0.,0.,0.));
#102=DIRECTION('',(0.,0.,1.));
#103=DIRECTION('',(1.,0.,-0.));
#104=AXIS2_PLACEMENT_3D('',#101,#102,#103);
#105=ITEM_DEFINED_TRANSFORMATION('','',#104,#15);
#106=(REPRESENTATION_RELATIONSHIP('','',#91,#63)REPRESENTATION_RELATIONSHIP_WITH_TRANSFORMATION(#105)SHAPE_REPRESENTATION_RELATIONSHIP());
#107=NEXT_ASSEMBLY_USAGE_OCCURRENCE('_____3','____','____',#72,#100,$);
#108=PRODUCT_DEFINITION_SHAPE('','',#107);
#109=CONTEXT_DEPENDENT_SHAPE_REPRESENTATION(#106,#108);
#111=CARTESIAN_POINT('',(169.412896547,-11.979861254,41.4));
#112=DIRECTION('',(-0.,0.,1.));
#113=DIRECTION('',(0.711488211,0.702698033,-0.));
#114=AXIS2_PLACEMENT_3D('',#111,#112,#113);
#115=PLANE('',#114);
#116=CARTESIAN_POINT('',(136.085280797,53.146760863,41.4));
#117=VERTEX_POINT('',#116);
#118=CARTESIAN_POINT('',(127.456430293,44.517910368,41.4));
#119=VERTEX_POINT('',#118);
#120=CARTESIAN_POINT('',(136.085280797,53.146760863,41.4));
#121=DIRECTION('',(-0.707106782,-0.707106781,0.));
#122=VECTOR('',#121,12.203037404);
#123=LINE('',#120,#122);
#124=EDGE_CURVE('',#117,#119,#123,.T.);
#125=ORIENTED_EDGE('',*,*,#124,.T.);
#126=CARTESIAN_POINT('',(127.704621013,42.922323959,41.4));
#127=VERTEX_POINT('',#126);
#128=CARTESIAN_POINT('',(128.163537074,43.810803586,41.4));
#129=DIRECTION('',(-0.,0.,1.));
#130=DIRECTION('',(0.,-1.,0.));
#131=AXIS2_PLACEMENT_3D('',#128,#129,#130);
#132=CIRCLE('',#131,1.);
#133=EDGE_CURVE('',#119,#127,#132,.T.);
#134=ORIENTED_EDGE('',*,*,#133,.T.);
#135=CARTESIAN_POINT('',(137.579285524,38.556253154,41.4));
#136=VERTEX_POINT('',#135);
#137=CARTESIAN_POINT('',(168.699592777,122.290209089,41.4));
#138=DIRECTION('',(-0.,0.,1.));
#139=DIRECTION('',(0.,-1.,0.));
#140=AXIS2_PLACEMENT_3D('',#137,#138,#139);
#141=CIRCLE('',#140,89.33);
#142=EDGE_CURVE('',#127,#136,#141,.T.);
#143=ORIENTED_EDGE('',*,*,#142,.T.);
#144=CARTESIAN_POINT('',(138.505280797,38.556253154,41.4));
#145=VERTEX_POINT('',#144);
#146=CARTESIAN_POINT('',(137.579285524,38.556253154,41.4));
#147=DIRECTION('',(1.,-0.000000001,0.));
#148=VECTOR('',#147,0.925995273);
#149=LINE('',#146,#148);
#150=EDGE_CURVE('',#136,#145,#149,.T.);
#151=ORIENTED_EDGE('',*,*,#150,.T.);
#152=CARTESIAN_POINT('',(138.505280797,70.556253133,41.4));
#153=VERTEX_POINT('',#152);
#154=CARTESIAN_POINT('',(138.505280797,70.556253133,41.4));
#155=DIRECTION('',(-0.,-1.,0.));
#156=VECTOR('',#155,31.999999979);
#157=LINE('',#154,#156);
#158=EDGE_CURVE('',#153,#145,#157,.T.);
#159=ORIENTED_EDGE('',*,*,#158,.F.);
#160=CARTESIAN_POINT('',(150.14,70.556253133,41.4));
#161=VERTEX_POINT('',#160);
#162=CARTESIAN_POINT('',(150.14,70.556253133,41.4));
#163=DIRECTION('',(-1.,0.,-0.));
#164=VECTOR('',#163,11.634719203);
#165=LINE('',#162,#164);
#166=EDGE_CURVE('',#161,#153,#165,.T.);
#167=ORIENTED_EDGE('',*,*,#166,.F.);
#168=CARTESIAN_POINT('',(150.14,83.801329136,41.4));
#169=VERTEX_POINT('',#168);
#170=CARTESIAN_POINT('',(150.14,70.556253133,41.4));
#171=DIRECTION('',(0.,1.,-0.));
#172=VECTOR('',#171,13.245076003);
#173=LINE('',#170,#172);
#174=EDGE_CURVE('',#161,#169,#173,.T.);
#175=ORIENTED_EDGE('',*,*,#174,.T.);
#176=CARTESIAN_POINT('',(187.553904664,83.801329136,41.4));
#177=VERTEX_POINT('',#176);
#178=CARTESIAN_POINT('',(150.14,83.801329136,41.4));
#179=DIRECTION('',(1.,0.,0.));
#180=VECTOR('',#179,37.413904664);
#181=LINE('',#178,#180);
#182=EDGE_CURVE('',#169,#177,#181,.T.);
#183=ORIENTED_EDGE('',*,*,#182,.T.);
#184=CARTESIAN_POINT('',(187.553904664,70.556253133,41.4));
#185=VERTEX_POINT('',#184);
#186=CARTESIAN_POINT('',(187.553904664,83.801329136,41.4));
#187=DIRECTION('',(-0.,-1.,0.));
#188=VECTOR('',#187,13.245076003);
#189=LINE('',#186,#188);
#190=EDGE_CURVE('',#177,#185,#189,.T.);
#191=ORIENTED_EDGE('',*,*,#190,.T.);
#192=CARTESIAN_POINT('',(201.691840453,70.556253133,41.4));
#193=VERTEX_POINT('',#192);
#194=CARTESIAN_POINT('',(201.691840453,70.556253133,41.4));
#195=DIRECTION('',(-1.,0.,-0.));
#196=VECTOR('',#195,14.137935789);
#197=LINE('',#194,#196);
#198=EDGE_CURVE('',#193,#185,#197,.T.);
#199=ORIENTED_EDGE('',*,*,#198,.F.);
#200=CARTESIAN_POINT('',(201.691840453,57.828754383,41.4));
#201=VERTEX_POINT('',#200);
#202=CARTESIAN_POINT('',(201.691840453,70.556253133,41.4));
#203=DIRECTION('',(0.,-1.,0.));
#204=VECTOR('',#203,12.72749875);
#205=LINE('',#202,#204);
#206=EDGE_CURVE('',#193,#201,#205,.T.);
#207=ORIENTED_EDGE('',*,*,#206,.T.);
#208=CARTESIAN_POINT('',(233.053503813,89.190417713,41.4));
#209=VERTEX_POINT('',#208);
#210=CARTESIAN_POINT('',(201.691840453,57.828754383,41.4));
#211=DIRECTION('',(0.707106782,0.707106781,-0.));
#212=VECTOR('',#211,44.352089641);
#213=LINE('',#210,#212);
#214=EDGE_CURVE('',#201,#209,#213,.T.);
#215=ORIENTED_EDGE('',*,*,#214,.T.);
#216=CARTESIAN_POINT('',(241.114521118,89.190417709,41.4));
#217=VERTEX_POINT('',#216);
#218=CARTESIAN_POINT('',(233.053503813,89.190417713,41.4));
#219=DIRECTION('',(1.,-0.,0.));
#220=VECTOR('',#219,8.061017306);
#221=LINE('',#218,#220);
#222=EDGE_CURVE('',#209,#217,#221,.T.);
#223=ORIENTED_EDGE('',*,*,#222,.T.);
#224=CARTESIAN_POINT('',(247.776555829,82.528382992,41.4));
#225=VERTEX_POINT('',#224);
#226=CARTESIAN_POINT('',(241.114521118,89.190417709,41.4));
#227=DIRECTION('',(0.707106781,-0.707106782,0.));
#228=VECTOR('',#227,9.421539845);
#229=LINE('',#226,#228);
#230=EDGE_CURVE('',#217,#225,#229,.T.);
#231=ORIENTED_EDGE('',*,*,#230,.T.);
#232=CARTESIAN_POINT('',(249.381828431,82.795832908,41.4));
#233=VERTEX_POINT('',#232);
#234=CARTESIAN_POINT('',(248.48366261,83.235489773,41.4));
#235=DIRECTION('',(-0.,0.,1.));
#236=DIRECTION('',(0.,-1.,0.));
#237=AXIS2_PLACEMENT_3D('',#234,#235,#236);
#238=CIRCLE('',#237,1.);
#239=EDGE_CURVE('',#225,#233,#238,.T.);
#240=ORIENTED_EDGE('',*,*,#239,.T.);
#241=CARTESIAN_POINT('',(248.907099392,162.739990084,41.4));
#242=VERTEX_POINT('',#241);
#243=CARTESIAN_POINT('',(168.699592777,122.290209089,41.4));
#244=DIRECTION('',(-0.,0.,1.));
#245=DIRECTION('',(0.,-1.,0.));
#246=AXIS2_PLACEMENT_3D('',#243,#244,#245);
#247=CIRCLE('',#246,89.83);
#248=EDGE_CURVE('',#233,#242,#247,.T.);
#249=ORIENTED_EDGE('',*,*,#248,.T.);
#250=CARTESIAN_POINT('',(248.014218321,163.289697521,41.4));
#251=VERTEX_POINT('',#250);
#252=CARTESIAN_POINT('',(248.014218321,162.289697521,41.4));
#253=DIRECTION('',(-0.,0.,1.));
#254=DIRECTION('',(0.,-1.,0.));
#255=AXIS2_PLACEMENT_3D('',#252,#253,#254);
#256=CIRCLE('',#255,1.);
#257=EDGE_CURVE('',#242,#251,#256,.T.);
#258=ORIENTED_EDGE('',*,*,#257,.T.);
#259=CARTESIAN_POINT('',(247.30711154,162.996804302,41.4));
#260=VERTEX_POINT('',#259);
#261=CARTESIAN_POINT('',(248.014218321,162.289697521,41.4));
#262=DIRECTION('',(-0.,0.,1.));
#263=DIRECTION('',(0.,-1.,0.));
#264=AXIS2_PLACEMENT_3D('',#261,#262,#263);
#265=CIRCLE('',#264,1.);
#266=EDGE_CURVE('',#251,#260,#265,.T.);
#267=ORIENTED_EDGE('',*,*,#266,.T.);
#268=CARTESIAN_POINT('',(239.568886253,155.258579023,41.4));
#269=VERTEX_POINT('',#268);
#270=CARTESIAN_POINT('',(247.30711154,162.996804302,41.4));
#271=DIRECTION('',(-0.707106782,-0.707106781,0.));
#272=VECTOR('',#271,10.943503144);
#273=LINE('',#270,#272);
#274=EDGE_CURVE('',#260,#269,#273,.T.);
#275=ORIENTED_EDGE('',*,*,#274,.T.);
#276=CARTESIAN_POINT('',(232.962893693,155.258579026,41.4));
#277=VERTEX_POINT('',#276);
#278=CARTESIAN_POINT('',(239.568886253,155.258579023,41.4));
#279=DIRECTION('',(-1.,0.,-0.));
#280=VECTOR('',#279,6.60599256);
#281=LINE('',#278,#280);
#282=EDGE_CURVE('',#269,#277,#281,.T.);
#283=ORIENTED_EDGE('',*,*,#282,.T.);
#284=CARTESIAN_POINT('',(202.011516187,186.209956562,41.4));
#285=VERTEX_POINT('',#284);
#286=CARTESIAN_POINT('',(232.962893693,155.258579026,41.4));
#287=DIRECTION('',(-0.707106781,0.707106782,-0.));
#288=VECTOR('',#287,43.771857865);
#289=LINE('',#286,#288);
#290=EDGE_CURVE('',#277,#285,#289,.T.);
#291=ORIENTED_EDGE('',*,*,#290,.T.);
#292=CARTESIAN_POINT('',(202.01151619,192.696954172,41.4));
#293=VERTEX_POINT('',#292);
#294=CARTESIAN_POINT('',(202.011516187,186.209956562,41.4));
#295=DIRECTION('',(0.,1.,-0.));
#296=VECTOR('',#295,6.486997611);
#297=LINE('',#294,#296);
#298=EDGE_CURVE('',#285,#293,#297,.T.);
#299=ORIENTED_EDGE('',*,*,#298,.T.);
#300=CARTESIAN_POINT('',(209.695347392,200.380785368,41.4));
#301=VERTEX_POINT('',#300);
#302=CARTESIAN_POINT('',(202.01151619,192.696954172,41.4));
#303=DIRECTION('',(0.707106782,0.707106781,-0.));
#304=VECTOR('',#303,10.866578293);
#305=LINE('',#302,#304);
#306=EDGE_CURVE('',#293,#301,#305,.T.);
#307=ORIENTED_EDGE('',*,*,#306,.T.);
#308=CARTESIAN_POINT('',(209.445422504,201.977265365,41.4));
#309=VERTEX_POINT('',#308);
#310=CARTESIAN_POINT('',(208.988240611,201.087892149,41.4));
#311=DIRECTION('',(-0.,0.,1.));
#312=DIRECTION('',(0.,-1.,0.));
#313=AXIS2_PLACEMENT_3D('',#310,#311,#312);
#314=CIRCLE('',#313,1.);
#315=EDGE_CURVE('',#301,#309,#314,.T.);
#316=ORIENTED_EDGE('',*,*,#315,.T.);
#317=CARTESIAN_POINT('',(128.494696304,202.251548983,41.4));
#318=VERTEX_POINT('',#317);
#319=CARTESIAN_POINT('',(168.701037158,122.716496615,41.4));
#320=DIRECTION('',(-0.,0.,1.));
#321=DIRECTION('',(0.,-1.,0.));
#322=AXIS2_PLACEMENT_3D('',#319,#320,#321);
#323=CIRCLE('',#322,89.12);
#324=EDGE_CURVE('',#309,#318,#323,.T.);
#325=ORIENTED_EDGE('',*,*,#324,.T.);
#326=CARTESIAN_POINT('',(128.238734094,200.651991321,41.4));
#327=VERTEX_POINT('',#326);
#328=CARTESIAN_POINT('',(128.945840876,201.359098102,41.4));
#329=DIRECTION('',(-0.,0.,1.));
#330=DIRECTION('',(0.,-1.,0.));
#331=AXIS2_PLACEMENT_3D('',#328,#329,#330);
#332=CIRCLE('',#331,1.);
#333=EDGE_CURVE('',#318,#327,#332,.T.);
#334=ORIENTED_EDGE('',*,*,#333,.T.);
#335=CARTESIAN_POINT('',(136.101847302,192.788878107,41.4));
#336=VERTEX_POINT('',#335);
#337=CARTESIAN_POINT('',(128.238734094,200.651991321,41.4));
#338=DIRECTION('',(0.707106781,-0.707106782,0.));
#339=VECTOR('',#338,11.120121345);
#340=LINE('',#337,#339);
#341=EDGE_CURVE('',#327,#336,#340,.T.);
#342=ORIENTED_EDGE('',*,*,#341,.T.);
#343=CARTESIAN_POINT('',(136.101847298,186.142074363,41.4));
#344=VERTEX_POINT('',#343);
#345=CARTESIAN_POINT('',(136.101847302,192.788878107,41.4));
#346=DIRECTION('',(-0.,-1.,0.));
#347=VECTOR('',#346,6.646803743);
#348=LINE('',#345,#347);
#349=EDGE_CURVE('',#336,#344,#348,.T.);
#350=ORIENTED_EDGE('',*,*,#349,.T.);
#351=CARTESIAN_POINT('',(105.201280946,155.24150804,41.4));
#352=VERTEX_POINT('',#351);
#353=CARTESIAN_POINT('',(136.101847298,186.142074363,41.4));
#354=DIRECTION('',(-0.707106782,-0.707106781,0.));
#355=VECTOR('',#354,43.7);
#356=LINE('',#353,#355);
#357=EDGE_CURVE('',#344,#352,#356,.T.);
#358=ORIENTED_EDGE('',*,*,#357,.T.);
#359=CARTESIAN_POINT('',(98.554477203,155.241508043,41.4));
#360=VERTEX_POINT('',#359);
#361=CARTESIAN_POINT('',(105.201280946,155.24150804,41.4));
#362=DIRECTION('',(-1.,0.,-0.));
#363=VECTOR('',#362,6.646803743);
#364=LINE('',#361,#363);
#365=EDGE_CURVE('',#352,#360,#364,.T.);
#366=ORIENTED_EDGE('',*,*,#365,.T.);
#367=CARTESIAN_POINT('',(90.798598739,162.997386514,41.4));
#368=VERTEX_POINT('',#367);
#369=CARTESIAN_POINT('',(98.554477203,155.241508043,41.4));
#370=DIRECTION('',(-0.707106781,0.707106782,-0.));
#371=VECTOR('',#370,10.968468516);
#372=LINE('',#369,#371);
#373=EDGE_CURVE('',#360,#368,#372,.T.);
#374=ORIENTED_EDGE('',*,*,#373,.T.);
#375=CARTESIAN_POINT('',(90.091488442,163.290283249,41.4));
#376=VERTEX_POINT('',#375);
#377=CARTESIAN_POINT('',(90.091488442,162.290283249,41.4));
#378=DIRECTION('',(-0.,0.,1.));
#379=DIRECTION('',(0.,-1.,0.));
#380=AXIS2_PLACEMENT_3D('',#377,#378,#379);
#381=CIRCLE('',#380,1.);
#382=EDGE_CURVE('',#368,#376,#381,.T.);
#383=ORIENTED_EDGE('',*,*,#382,.T.);
#384=CARTESIAN_POINT('',(89.200240093,162.743798829,41.4));
#385=VERTEX_POINT('',#384);
#386=CARTESIAN_POINT('',(90.091488442,162.290283249,41.4));
#387=DIRECTION('',(-0.,0.,1.));
#388=DIRECTION('',(0.,-1.,0.));
#389=AXIS2_PLACEMENT_3D('',#386,#387,#388);
#390=CIRCLE('',#389,1.);
#391=EDGE_CURVE('',#376,#385,#390,.T.);
#392=ORIENTED_EDGE('',*,*,#391,.T.);
#393=CARTESIAN_POINT('',(89.231129403,81.775972962,41.4));
#394=VERTEX_POINT('',#393);
#395=CARTESIAN_POINT('',(168.699592777,122.290209089,41.4));
#396=DIRECTION('',(-0.,0.,1.));
#397=DIRECTION('',(1.,-0.,0.));
#398=AXIS2_PLACEMENT_3D('',#395,#396,#397);
#399=CIRCLE('',#398,89.2);
#400=EDGE_CURVE('',#385,#394,#399,.T.);
#401=ORIENTED_EDGE('',*,*,#400,.T.);
#402=CARTESIAN_POINT('',(90.829138239,81.523061653,41.4));
#403=VERTEX_POINT('',#402);
#404=CARTESIAN_POINT('',(90.122031459,82.230168434,41.4));
#405=DIRECTION('',(-0.,0.,1.));
#406=DIRECTION('',(0.,-1.,0.));
#407=AXIS2_PLACEMENT_3D('',#404,#405,#406);
#408=CIRCLE('',#407,1.);
#409=EDGE_CURVE('',#394,#403,#408,.T.);
#410=ORIENTED_EDGE('',*,*,#409,.T.);
#411=CARTESIAN_POINT('',(98.566067268,89.259990675,41.4));
#412=VERTEX_POINT('',#411);
#413=CARTESIAN_POINT('',(90.829138239,81.523061653,41.4));
#414=DIRECTION('',(0.707106782,0.707106781,-0.));
#415=VECTOR('',#414,10.941669959);
#416=LINE('',#413,#415);
#417=EDGE_CURVE('',#403,#412,#416,.T.);
#418=ORIENTED_EDGE('',*,*,#417,.T.);
#419=CARTESIAN_POINT('',(105.223631899,89.259990671,41.4));
#420=VERTEX_POINT('',#419);
#421=CARTESIAN_POINT('',(98.566067268,89.259990675,41.4));
#422=DIRECTION('',(1.,-0.,0.));
#423=VECTOR('',#422,6.65756463);
#424=LINE('',#421,#423);
#425=EDGE_CURVE('',#412,#420,#424,.T.);
#426=ORIENTED_EDGE('',*,*,#425,.T.);
#427=CARTESIAN_POINT('',(136.085280799,58.398341742,41.4));
#428=VERTEX_POINT('',#427);
#429=CARTESIAN_POINT('',(105.223631899,89.259990671,41.4));
#430=DIRECTION('',(0.707106781,-0.707106782,0.));
#431=VECTOR('',#430,43.644962453);
#432=LINE('',#429,#431);
#433=EDGE_CURVE('',#420,#428,#432,.T.);
#434=ORIENTED_EDGE('',*,*,#433,.T.);
#435=CARTESIAN_POINT('',(136.085280799,58.398341742,41.4));
#436=DIRECTION('',(-0.,-1.,0.));
#437=VECTOR('',#436,5.251580879);
#438=LINE('',#435,#437);
#439=EDGE_CURVE('',#428,#117,#438,.T.);
#440=ORIENTED_EDGE('',*,*,#439,.T.);
#441=EDGE_LOOP('',(#125,#134,#143,#151,#159,#167,#175,#183,#191,#199,#207,#215,#223,#231,#240,#249,#258,#267,#275,#283,#291,#299,#307,#316,#325,#334,
#342,#350,#358,#366,#374,#383,#392,#401,#410,#418,#426,#434,#440));
#442=FACE_BOUND('',#441,.T.);
#443=CARTESIAN_POINT('',(222.463784978,99.527122692,41.4));
#444=VERTEX_POINT('',#443);
#445=CARTESIAN_POINT('',(226.263784978,99.527122692,41.4));
#446=VERTEX_POINT('',#445);
#447=CARTESIAN_POINT('',(224.363784978,99.527122692,41.4));
#448=DIRECTION('',(-0.,0.,1.));
#449=DIRECTION('',(1.,-0.,0.));
#450=AXIS2_PLACEMENT_3D('',#447,#448,#449);
#451=CIRCLE('',#450,1.9);
#452=EDGE_CURVE('',#444,#446,#451,.T.);
#453=ORIENTED_EDGE('',*,*,#452,.F.);
#454=CARTESIAN_POINT('',(224.363784978,99.527122692,41.4));
#455=DIRECTION('',(-0.,0.,1.));
#456=DIRECTION('',(1.,-0.,0.));
#457=AXIS2_PLACEMENT_3D('',#454,#455,#456);
#458=CIRCLE('',#457,1.9);
#459=EDGE_CURVE('',#446,#444,#458,.T.);
#460=ORIENTED_EDGE('',*,*,#459,.F.);
#461=EDGE_LOOP('',(#453,#460));
#462=FACE_BOUND('',#461,.T.);
#463=CARTESIAN_POINT('',(242.963784978,99.527122692,41.4));
#464=VERTEX_POINT('',#463);
#465=CARTESIAN_POINT('',(246.763784978,99.527122692,41.4));
#466=VERTEX_POINT('',#465);
#467=CARTESIAN_POINT('',(244.863784978,99.527122692,41.4));
#468=DIRECTION('',(-0.,0.,1.));
#469=DIRECTION('',(1.,-0.,0.));
#470=AXIS2_PLACEMENT_3D('',#467,#468,#469);
#471=CIRCLE('',#470,1.9);
#472=EDGE_CURVE('',#464,#466,#471,.T.);
#473=ORIENTED_EDGE('',*,*,#472,.F.);
#474=CARTESIAN_POINT('',(244.863784978,99.527122692,41.4));
#475=DIRECTION('',(-0.,0.,1.));
#476=DIRECTION('',(1.,-0.,0.));
#477=AXIS2_PLACEMENT_3D('',#474,#475,#476);
#478=CIRCLE('',#477,1.9);
#479=EDGE_CURVE('',#466,#464,#478,.T.);
#480=ORIENTED_EDGE('',*,*,#479,.F.);
#481=EDGE_LOOP('',(#473,#480));
#482=FACE_BOUND('',#481,.T.);
#483=CARTESIAN_POINT('',(222.463784978,145.577122692,41.4));
#484=VERTEX_POINT('',#483);
#485=CARTESIAN_POINT('',(226.263784978,145.577122692,41.4));
#486=VERTEX_POINT('',#485);
#487=CARTESIAN_POINT('',(224.363784978,145.577122692,41.4));
#488=DIRECTION('',(-0.,0.,1.));
#489=DIRECTION('',(1.,-0.,0.));
#490=AXIS2_PLACEMENT_3D('',#487,#488,#489);
#491=CIRCLE('',#490,1.9);
#492=EDGE_CURVE('',#484,#486,#491,.T.);
#493=ORIENTED_EDGE('',*,*,#492,.F.);
#494=CARTESIAN_POINT('',(224.363784978,145.577122692,41.4));
#495=DIRECTION('',(-0.,0.,1.));
#496=DIRECTION('',(1.,-0.,0.));
#497=AXIS2_PLACEMENT_3D('',#494,#495,#496);
#498=CIRCLE('',#497,1.9);
#499=EDGE_CURVE('',#486,#484,#498,.T.);
#500=ORIENTED_EDGE('',*,*,#499,.F.);
#501=EDGE_LOOP('',(#493,#500));
#502=FACE_BOUND('',#501,.T.);
#503=CARTESIAN_POINT('',(242.963784978,145.577122692,41.4));
#504=VERTEX_POINT('',#503);
#505=CARTESIAN_POINT('',(246.763784978,145.577122692,41.4));
#506=VERTEX_POINT('',#505);
#507=CARTESIAN_POINT('',(244.863784978,145.577122692,41.4));
#508=DIRECTION('',(-0.,0.,1.));
#509=DIRECTION('',(1.,-0.,0.));
#510=AXIS2_PLACEMENT_3D('',#507,#508,#509);
#511=CIRCLE('',#510,1.9);
#512=EDGE_CURVE('',#504,#506,#511,.T.);
#513=ORIENTED_EDGE('',*,*,#512,.F.);
#514=CARTESIAN_POINT('',(244.863784978,145.577122692,41.4));
#515=DIRECTION('',(-0.,0.,1.));
#516=DIRECTION('',(1.,-0.,0.));
#517=AXIS2_PLACEMENT_3D('',#514,#515,#516);
#518=CIRCLE('',#517,1.9);
#519=EDGE_CURVE('',#506,#504,#518,.T.);
#520=ORIENTED_EDGE('',*,*,#519,.F.);
#521=EDGE_LOOP('',(#513,#520));
#522=FACE_BOUND('',#521,.T.);
#523=CARTESIAN_POINT('',(92.479830979,107.24807975,41.4));
#524=VERTEX_POINT('',#523);
#525=CARTESIAN_POINT('',(90.979830979,107.24807975,41.4));
#526=DIRECTION('',(-0.,0.,1.));
#527=DIRECTION('',(1.,-0.,0.));
#528=AXIS2_PLACEMENT_3D('',#525,#526,#527);
#529=CIRCLE('',#528,1.5);
#530=EDGE_CURVE('',#524,#524,#529,.T.);
#531=ORIENTED_EDGE('',*,*,#530,.F.);
#532=EDGE_LOOP('',(#531));
#533=FACE_BOUND('',#532,.T.);
#534=CARTESIAN_POINT('',(92.479830982,124.54807975,41.4));
#535=VERTEX_POINT('',#534);
#536=CARTESIAN_POINT('',(90.979830982,124.54807975,41.4));
#537=DIRECTION('',(-0.,0.,1.));
#538=DIRECTION('',(1.,-0.,0.));
#539=AXIS2_PLACEMENT_3D('',#536,#537,#538);
#540=CIRCLE('',#539,1.5);
#541=EDGE_CURVE('',#535,#535,#540,.T.);
#542=ORIENTED_EDGE('',*,*,#541,.F.);
#543=EDGE_LOOP('',(#542));
#544=FACE_BOUND('',#543,.T.);
#545=CARTESIAN_POINT('',(109.779830979,107.248079747,41.4));
#546=VERTEX_POINT('',#545);
#547=CARTESIAN_POINT('',(108.279830979,107.248079747,41.4));
#548=DIRECTION('',(-0.,0.,1.));
#549=DIRECTION('',(1.,-0.,0.));
#550=AXIS2_PLACEMENT_3D('',#547,#548,#549);
#551=CIRCLE('',#550,1.5);
#552=EDGE_CURVE('',#546,#546,#551,.T.);
#553=ORIENTED_EDGE('',*,*,#552,.F.);
#554=EDGE_LOOP('',(#553));
#555=FACE_BOUND('',#554,.T.);
#556=CARTESIAN_POINT('',(109.779830982,124.548079747,41.4));
#557=VERTEX_POINT('',#556);
#558=CARTESIAN_POINT('',(108.279830982,124.548079747,41.4));
#559=DIRECTION('',(-0.,0.,1.));
#560=DIRECTION('',(1.,-0.,0.));
#561=AXIS2_PLACEMENT_3D('',#558,#559,#560);
#562=CIRCLE('',#561,1.5);
#563=EDGE_CURVE('',#557,#557,#562,.T.);
#564=ORIENTED_EDGE('',*,*,#563,.F.);
#565=EDGE_LOOP('',(#564));
#566=FACE_BOUND('',#565,.T.);
#567=CARTESIAN_POINT('',(149.243904664,74.806253133,41.4));
#568=VERTEX_POINT('',#567);
#569=CARTESIAN_POINT('',(147.593904664,74.806253133,41.4));
#570=DIRECTION('',(-0.,0.,1.));
#571=DIRECTION('',(1.,-0.,0.));
#572=AXIS2_PLACEMENT_3D('',#569,#570,#571);
#573=CIRCLE('',#572,1.65);
#574=EDGE_CURVE('',#568,#568,#573,.T.);
#575=ORIENTED_EDGE('',*,*,#574,.F.);
#576=EDGE_LOOP('',(#575));
#577=FACE_BOUND('',#576,.T.);
#578=CARTESIAN_POINT('',(90.618389854,89.017627528,41.4));
#579=VERTEX_POINT('',#578);
#580=CARTESIAN_POINT('',(92.268389854,87.367627528,41.4));
#581=VERTEX_POINT('',#580);
#582=CARTESIAN_POINT('',(90.618389854,87.367627528,41.4));
#583=DIRECTION('',(-0.,0.,1.));
#584=DIRECTION('',(1.,-0.,0.));
#585=AXIS2_PLACEMENT_3D('',#582,#583,#584);
#586=CIRCLE('',#585,1.65);
#587=EDGE_CURVE('',#579,#581,#586,.T.);
#588=ORIENTED_EDGE('',*,*,#587,.F.);
#589=CARTESIAN_POINT('',(90.618389854,87.367627528,41.4));
#590=DIRECTION('',(-0.,0.,1.));
#591=DIRECTION('',(1.,-0.,0.));
#592=AXIS2_PLACEMENT_3D('',#589,#590,#591);
#593=CIRCLE('',#592,1.65);
#594=EDGE_CURVE('',#581,#579,#593,.T.);
#595=ORIENTED_EDGE('',*,*,#594,.F.);
#596=EDGE_LOOP('',(#588,#595));
#597=FACE_BOUND('',#596,.T.);
#598=CARTESIAN_POINT('',(247.373607059,158.631619558,41.4));
#599=VERTEX_POINT('',#598);
#600=CARTESIAN_POINT('',(249.023607059,156.981619558,41.4));
#601=VERTEX_POINT('',#600);
#602=CARTESIAN_POINT('',(247.373607059,156.981619558,41.4));
#603=DIRECTION('',(-0.,0.,1.));
#604=DIRECTION('',(1.,-0.,0.));
#605=AXIS2_PLACEMENT_3D('',#602,#603,#604);
#606=CIRCLE('',#605,1.65);
#607=EDGE_CURVE('',#599,#601,#606,.T.);
#608=ORIENTED_EDGE('',*,*,#607,.F.);
#609=CARTESIAN_POINT('',(247.373607059,156.981619558,41.4));
#610=DIRECTION('',(-0.,0.,1.));
#611=DIRECTION('',(1.,-0.,0.));
#612=AXIS2_PLACEMENT_3D('',#609,#610,#611);
#613=CIRCLE('',#612,1.65);
#614=EDGE_CURVE('',#601,#599,#613,.T.);
#615=ORIENTED_EDGE('',*,*,#614,.F.);
#616=EDGE_LOOP('',(#608,#615));
#617=FACE_BOUND('',#616,.T.);
#618=CARTESIAN_POINT('',(203.871340727,202.171844319,41.4));
#619=VERTEX_POINT('',#618);
#620=CARTESIAN_POINT('',(205.521340727,200.521844319,41.4));
#621=VERTEX_POINT('',#620);
#622=CARTESIAN_POINT('',(203.871340727,200.521844319,41.4));
#623=DIRECTION('',(-0.,0.,1.));
#624=DIRECTION('',(1.,-0.,0.));
#625=AXIS2_PLACEMENT_3D('',#622,#623,#624);
#626=CIRCLE('',#625,1.65);
#627=EDGE_CURVE('',#619,#621,#626,.T.);
#628=ORIENTED_EDGE('',*,*,#627,.F.);
#629=CARTESIAN_POINT('',(203.871340727,200.521844319,41.4));
#630=DIRECTION('',(-0.,0.,1.));
#631=DIRECTION('',(1.,-0.,0.));
#632=AXIS2_PLACEMENT_3D('',#629,#630,#631);
#633=CIRCLE('',#632,1.65);
#634=EDGE_CURVE('',#621,#619,#633,.T.);
#635=ORIENTED_EDGE('',*,*,#634,.F.);
#636=EDGE_LOOP('',(#628,#635));
#637=FACE_BOUND('',#636,.T.);
#638=CARTESIAN_POINT('',(134.189002442,202.202232145,41.4));
#639=VERTEX_POINT('',#638);
#640=CARTESIAN_POINT('',(135.839002442,200.552232145,41.4));
#641=VERTEX_POINT('',#640);
#642=CARTESIAN_POINT('',(134.189002442,200.552232145,41.4));
#643=DIRECTION('',(-0.,0.,1.));
#644=DIRECTION('',(1.,-0.,0.));
#645=AXIS2_PLACEMENT_3D('',#642,#643,#644);
#646=CIRCLE('',#645,1.65);
#647=EDGE_CURVE('',#639,#641,#646,.T.);
#648=ORIENTED_EDGE('',*,*,#647,.F.);
#649=CARTESIAN_POINT('',(134.189002442,200.552232145,41.4));
#650=DIRECTION('',(-0.,0.,1.));
#651=DIRECTION('',(1.,-0.,0.));
#652=AXIS2_PLACEMENT_3D('',#649,#650,#651);
#653=CIRCLE('',#652,1.65);
#654=EDGE_CURVE('',#641,#639,#653,.T.);
#655=ORIENTED_EDGE('',*,*,#654,.F.);
#656=EDGE_LOOP('',(#648,#655));
#657=FACE_BOUND('',#656,.T.);
#658=CARTESIAN_POINT('',(90.64877768,158.699965813,41.4));
#659=VERTEX_POINT('',#658);
#660=CARTESIAN_POINT('',(92.29877768,157.049965813,41.4));
#661=VERTEX_POINT('',#660);
#662=CARTESIAN_POINT('',(90.64877768,157.049965813,41.4));
#663=DIRECTION('',(-0.,0.,1.));
#664=DIRECTION('',(1.,-0.,0.));
#665=AXIS2_PLACEMENT_3D('',#662,#663,#664);
#666=CIRCLE('',#665,1.65);
#667=EDGE_CURVE('',#659,#661,#666,.T.);
#668=ORIENTED_EDGE('',*,*,#667,.F.);
#669=CARTESIAN_POINT('',(90.64877768,157.049965813,41.4));
#670=DIRECTION('',(-0.,0.,1.));
#671=DIRECTION('',(1.,-0.,0.));
#672=AXIS2_PLACEMENT_3D('',#669,#670,#671);
#673=CIRCLE('',#672,1.65);
#674=EDGE_CURVE('',#661,#659,#673,.T.);
#675=ORIENTED_EDGE('',*,*,#674,.F.);
#676=EDGE_LOOP('',(#668,#675));
#677=FACE_BOUND('',#676,.T.);
#678=CARTESIAN_POINT('',(196.699592787,138.290209087,41.4));
#679=VERTEX_POINT('',#678);
#680=CARTESIAN_POINT('',(149.399592783,138.290209103,41.4));
#681=VERTEX_POINT('',#680);
#682=CARTESIAN_POINT('',(196.699592787,138.290209103,41.4));
#683=DIRECTION('',(-1.,0.,-0.));
#684=VECTOR('',#683,47.300000003);
#685=LINE('',#682,#684);
#686=EDGE_CURVE('',#679,#681,#685,.T.);
#687=ORIENTED_EDGE('',*,*,#686,.F.);
#688=CARTESIAN_POINT('',(196.69959277,93.080366703,41.4));
#689=VERTEX_POINT('',#688);
#690=CARTESIAN_POINT('',(196.699592788,138.290209087,41.4));
#691=DIRECTION('',(-0.000000001,-1.,0.));
#692=VECTOR('',#691,45.209842384);
#693=LINE('',#690,#692);
#694=EDGE_CURVE('',#679,#689,#693,.T.);
#695=ORIENTED_EDGE('',*,*,#694,.T.);
#696=CARTESIAN_POINT('',(149.39959277,93.080366706,41.4));
#697=VERTEX_POINT('',#696);
#698=CARTESIAN_POINT('',(149.39959277,93.080366706,41.4));
#699=DIRECTION('',(1.,-0.,0.));
#700=VECTOR('',#699,47.3);
#701=LINE('',#698,#700);
#702=EDGE_CURVE('',#697,#689,#701,.T.);
#703=ORIENTED_EDGE('',*,*,#702,.F.);
#704=CARTESIAN_POINT('',(149.399592783,138.290209103,41.4));
#705=DIRECTION('',(-0.,-1.,0.));
#706=VECTOR('',#705,45.209842396);
#707=LINE('',#704,#706);
#708=EDGE_CURVE('',#681,#697,#707,.T.);
#709=ORIENTED_EDGE('',*,*,#708,.F.);
#710=EDGE_LOOP('',(#687,#695,#703,#709));
#711=FACE_BOUND('',#710,.T.);
#712=CARTESIAN_POINT('',(113.279830984,137.397751617,41.4));
#713=VERTEX_POINT('',#712);
#714=CARTESIAN_POINT('',(115.279830992,137.397751615,41.4));
#715=VERTEX_POINT('',#714);
#716=CARTESIAN_POINT('',(113.279830984,137.397751617,41.4));
#717=DIRECTION('',(1.,-0.000000001,0.));
#718=VECTOR('',#717,2.000000009);
#719=LINE('',#716,#718);
#720=EDGE_CURVE('',#713,#715,#719,.T.);
#721=ORIENTED_EDGE('',*,*,#720,.T.);
#722=CARTESIAN_POINT('',(115.279830984,88.397751615,41.4));
#723=VERTEX_POINT('',#722);
#724=CARTESIAN_POINT('',(115.279830984,88.397751615,41.4));
#725=DIRECTION('',(0.,1.,-0.));
#726=VECTOR('',#725,49.);
#727=LINE('',#724,#726);
#728=EDGE_CURVE('',#723,#715,#727,.T.);
#729=ORIENTED_EDGE('',*,*,#728,.F.);
#730=CARTESIAN_POINT('',(113.279830976,88.397751617,41.4));
#731=VERTEX_POINT('',#730);
#732=CARTESIAN_POINT('',(115.279830984,88.397751615,41.4));
#733=DIRECTION('',(-1.,0.000000001,-0.));
#734=VECTOR('',#733,2.000000009);
#735=LINE('',#732,#734);
#736=EDGE_CURVE('',#723,#731,#735,.T.);
#737=ORIENTED_EDGE('',*,*,#736,.T.);
#738=CARTESIAN_POINT('',(113.279830984,137.397751617,41.4));
#739=DIRECTION('',(-0.,-1.,0.));
#740=VECTOR('',#739,49.);
#741=LINE('',#738,#740);
#742=EDGE_CURVE('',#713,#731,#741,.T.);
#743=ORIENTED_EDGE('',*,*,#742,.F.);
#744=EDGE_LOOP('',(#721,#729,#737,#743));
#745=FACE_BOUND('',#744,.T.);
#746=CARTESIAN_POINT('',(209.47661226,152.07480951,41.4));
#747=VERTEX_POINT('',#746);
#748=CARTESIAN_POINT('',(208.338231122,150.950492657,41.4));
#749=DIRECTION('',(-0.,0.,1.));
#750=DIRECTION('',(0.711488211,0.702698033,-0.));
#751=AXIS2_PLACEMENT_3D('',#748,#749,#750);
#752=CIRCLE('',#751,1.6);
#753=EDGE_CURVE('',#747,#747,#752,.T.);
#754=ORIENTED_EDGE('',*,*,#753,.F.);
#755=EDGE_LOOP('',(#754));
#756=FACE_BOUND('',#755,.T.);
#757=CARTESIAN_POINT('',(121.434802994,145.621917042,41.4));
#758=VERTEX_POINT('',#757);
#759=CARTESIAN_POINT('',(120.296421856,144.49760019,41.4));
#760=DIRECTION('',(-0.,0.,1.));
#761=DIRECTION('',(0.711488211,0.702698033,-0.));
#762=AXIS2_PLACEMENT_3D('',#759,#760,#761);
#763=CIRCLE('',#762,1.6);
#764=EDGE_CURVE('',#758,#758,#763,.T.);
#765=ORIENTED_EDGE('',*,*,#764,.F.);
#766=EDGE_LOOP('',(#765));
#767=FACE_BOUND('',#766,.T.);
#768=CARTESIAN_POINT('',(200.377595456,82.42902631,41.4));
#769=VERTEX_POINT('',#768);
#770=CARTESIAN_POINT('',(204.399592752,84.080366688,41.4));
#771=VERTEX_POINT('',#770);
#772=CARTESIAN_POINT('',(202.049592752,84.080366688,41.4));
#773=DIRECTION('',(-0.,0.,1.));
#774=DIRECTION('',(1.,-0.,0.));
#775=AXIS2_PLACEMENT_3D('',#772,#773,#774);
#776=CIRCLE('',#775,2.35);
#777=EDGE_CURVE('',#769,#771,#776,.T.);
#778=ORIENTED_EDGE('',*,*,#777,.F.);
#779=CARTESIAN_POINT('',(202.049592752,84.080366688,41.4));
#780=DIRECTION('',(-0.,0.,1.));
#781=DIRECTION('',(1.,-0.,0.));
#782=AXIS2_PLACEMENT_3D('',#779,#780,#781);
#783=CIRCLE('',#782,2.35);
#784=EDGE_CURVE('',#771,#769,#783,.T.);
#785=ORIENTED_EDGE('',*,*,#784,.F.);
#786=EDGE_LOOP('',(#778,#785));
#787=FACE_BOUND('',#786,.T.);
#788=CARTESIAN_POINT('',(142.377595455,82.429026348,41.4));
#789=VERTEX_POINT('',#788);
#790=CARTESIAN_POINT('',(146.399592751,84.080366726,41.4));
#791=VERTEX_POINT('',#790);
#792=CARTESIAN_POINT('',(144.049592751,84.080366726,41.4));
#793=DIRECTION('',(-0.,0.,1.));
#794=DIRECTION('',(1.,-0.,0.));
#795=AXIS2_PLACEMENT_3D('',#792,#793,#794);
#796=CIRCLE('',#795,2.35);
#797=EDGE_CURVE('',#789,#791,#796,.T.);
#798=ORIENTED_EDGE('',*,*,#797,.F.);
#799=CARTESIAN_POINT('',(144.049592751,84.080366726,41.4));
#800=DIRECTION('',(-0.,0.,1.));
#801=DIRECTION('',(1.,-0.,0.));
#802=AXIS2_PLACEMENT_3D('',#799,#800,#801);
#803=CIRCLE('',#802,2.35);
#804=EDGE_CURVE('',#791,#789,#803,.T.);
#805=ORIENTED_EDGE('',*,*,#804,.F.);
#806=EDGE_LOOP('',(#798,#805));
#807=FACE_BOUND('',#806,.T.);
#808=CARTESIAN_POINT('',(200.377595488,131.42902631,41.4));
#809=VERTEX_POINT('',#808);
#810=CARTESIAN_POINT('',(204.399592783,133.080366687,41.4));
#811=VERTEX_POINT('',#810);
#812=CARTESIAN_POINT('',(202.049592783,133.080366687,41.4));
#813=DIRECTION('',(-0.,0.,1.));
#814=DIRECTION('',(1.,-0.,0.));
#815=AXIS2_PLACEMENT_3D('',#812,#813,#814);
#816=CIRCLE('',#815,2.35);
#817=EDGE_CURVE('',#809,#811,#816,.T.);
#818=ORIENTED_EDGE('',*,*,#817,.F.);
#819=CARTESIAN_POINT('',(202.049592783,133.080366687,41.4));
#820=DIRECTION('',(-0.,0.,1.));
#821=DIRECTION('',(1.,-0.,0.));
#822=AXIS2_PLACEMENT_3D('',#819,#820,#821);
#823=CIRCLE('',#822,2.35);
#824=EDGE_CURVE('',#811,#809,#823,.T.);
#825=ORIENTED_EDGE('',*,*,#824,.F.);
#826=EDGE_LOOP('',(#818,#825));
#827=FACE_BOUND('',#826,.T.);
#828=CARTESIAN_POINT('',(142.377595488,131.429026349,41.4));
#829=VERTEX_POINT('',#828);
#830=CARTESIAN_POINT('',(146.399592784,133.080366726,41.4));
#831=VERTEX_POINT('',#830);
#832=CARTESIAN_POINT('',(144.049592784,133.080366726,41.4));
#833=DIRECTION('',(-0.,0.,1.));
#834=DIRECTION('',(1.,-0.,0.));
#835=AXIS2_PLACEMENT_3D('',#832,#833,#834);
#836=CIRCLE('',#835,2.35);
#837=EDGE_CURVE('',#829,#831,#836,.T.);
#838=ORIENTED_EDGE('',*,*,#837,.F.);
#839=CARTESIAN_POINT('',(144.049592784,133.080366726,41.4));
#840=DIRECTION('',(-0.,0.,1.));
#841=DIRECTION('',(1.,-0.,0.));
#842=AXIS2_PLACEMENT_3D('',#839,#840,#841);
#843=CIRCLE('',#842,2.35);
#844=EDGE_CURVE('',#831,#829,#843,.T.);
#845=ORIENTED_EDGE('',*,*,#844,.F.);
#846=EDGE_LOOP('',(#838,#845));
#847=FACE_BOUND('',#846,.T.);
#848=CARTESIAN_POINT('',(134.021304412,44.982747063,41.4));
#849=VERTEX_POINT('',#848);
#850=CARTESIAN_POINT('',(132.847632959,43.823575895,41.4));
#851=DIRECTION('',(-0.,0.,1.));
#852=DIRECTION('',(0.711488211,0.702698033,-0.));
#853=AXIS2_PLACEMENT_3D('',#850,#851,#852);
#854=CIRCLE('',#853,1.649600702);
#855=EDGE_CURVE('',#849,#849,#854,.T.);
#856=ORIENTED_EDGE('',*,*,#855,.F.);
#857=EDGE_LOOP('',(#856));
#858=FACE_BOUND('',#857,.T.);
#859=CARTESIAN_POINT('',(128.307687782,134.863597011,41.4));
#860=VERTEX_POINT('',#859);
#861=CARTESIAN_POINT('',(127.169306644,133.739280159,41.4));
#862=DIRECTION('',(-0.,0.,1.));
#863=DIRECTION('',(0.711488211,0.702698033,-0.));
#864=AXIS2_PLACEMENT_3D('',#861,#862,#863);
#865=CIRCLE('',#864,1.6);
#866=EDGE_CURVE('',#860,#860,#865,.T.);
#867=ORIENTED_EDGE('',*,*,#866,.F.);
#868=EDGE_LOOP('',(#867));
#869=FACE_BOUND('',#868,.T.);
#870=CARTESIAN_POINT('',(127.965830086,79.864659446,41.4));
#871=VERTEX_POINT('',#870);
#872=CARTESIAN_POINT('',(126.827448949,78.740342593,41.4));
#873=DIRECTION('',(-0.,0.,1.));
#874=DIRECTION('',(0.711488211,0.702698033,-0.));
#875=AXIS2_PLACEMENT_3D('',#872,#873,#874);
#876=CIRCLE('',#875,1.6);
#877=EDGE_CURVE('',#871,#871,#876,.T.);
#878=ORIENTED_EDGE('',*,*,#877,.F.);
#879=EDGE_LOOP('',(#878));
#880=FACE_BOUND('',#879,.T.);
#881=CARTESIAN_POINT('',(211.306084472,134.34770267,41.4));
#882=VERTEX_POINT('',#881);
#883=CARTESIAN_POINT('',(210.167703334,133.223385817,41.4));
#884=DIRECTION('',(-0.,0.,1.));
#885=DIRECTION('',(0.711488211,0.702698033,-0.));
#886=AXIS2_PLACEMENT_3D('',#883,#884,#885);
#887=CIRCLE('',#886,1.6);
#888=EDGE_CURVE('',#882,#882,#887,.T.);
#889=ORIENTED_EDGE('',*,*,#888,.F.);
#890=EDGE_LOOP('',(#889));
#891=FACE_BOUND('',#890,.T.);
#892=CARTESIAN_POINT('',(210.964226775,79.348765104,41.4));
#893=VERTEX_POINT('',#892);
#894=CARTESIAN_POINT('',(209.825845638,78.224448252,41.4));
#895=DIRECTION('',(-0.,0.,1.));
#896=DIRECTION('',(0.711488211,0.702698033,-0.));
#897=AXIS2_PLACEMENT_3D('',#894,#895,#896);
#898=CIRCLE('',#897,1.6);
#899=EDGE_CURVE('',#893,#893,#898,.T.);
#900=ORIENTED_EDGE('',*,*,#899,.F.);
#901=EDGE_LOOP('',(#900));
#902=FACE_BOUND('',#901,.T.);
#903=CARTESIAN_POINT('',(248.518438813,88.473428762,41.4));
#904=VERTEX_POINT('',#903);
#905=CARTESIAN_POINT('',(247.344483265,87.313977008,41.4));
#906=DIRECTION('',(-0.,0.,1.));
#907=DIRECTION('',(0.711488211,0.702698033,-0.));
#908=AXIS2_PLACEMENT_3D('',#905,#906,#907);
#909=CIRCLE('',#908,1.65);
#910=EDGE_CURVE('',#904,#904,#909,.T.);
#911=ORIENTED_EDGE('',*,*,#910,.F.);
#912=EDGE_LOOP('',(#911));
#913=FACE_BOUND('',#912,.T.);
#914=CARTESIAN_POINT('',(192.243904664,74.806253133,41.4));
#915=VERTEX_POINT('',#914);
#916=CARTESIAN_POINT('',(190.593904664,74.806253133,41.4));
#917=DIRECTION('',(-0.,0.,1.));
#918=DIRECTION('',(1.,-0.,0.));
#919=AXIS2_PLACEMENT_3D('',#916,#917,#918);
#920=CIRCLE('',#919,1.65);
#921=EDGE_CURVE('',#915,#915,#920,.T.);
#922=ORIENTED_EDGE('',*,*,#921,.F.);
#923=EDGE_LOOP('',(#922));
#924=FACE_BOUND('',#923,.T.);
#925=ADVANCED_FACE('',(#442,#462,#482,#502,#522,#533,#544,#555,#566,#577,#597,#617,#637,#657,#677,#711,#745,#756,#767,#787,#807,#827,#847,#858,#869,#880,
#891,#902,#913,#924),#115,.T.);
#926=CARTESIAN_POINT('',(169.412896547,-11.979861254,39.4));
#927=DIRECTION('',(-0.,0.,1.));
#928=DIRECTION('',(0.711488211,0.702698033,-0.));
#929=AXIS2_PLACEMENT_3D('',#926,#927,#928);
#930=PLANE('',#929);
#931=CARTESIAN_POINT('',(127.704621013,42.922323959,39.4));
#932=VERTEX_POINT('',#931);
#933=CARTESIAN_POINT('',(137.579285533,38.556253151,39.4));
#934=VERTEX_POINT('',#933);
#935=CARTESIAN_POINT('',(168.699592777,122.290209089,39.4));
#936=DIRECTION('',(-0.,0.,1.));
#937=DIRECTION('',(0.,-1.,0.));
#938=AXIS2_PLACEMENT_3D('',#935,#936,#937);
#939=CIRCLE('',#938,89.33);
#940=EDGE_CURVE('',#932,#934,#939,.T.);
#941=ORIENTED_EDGE('',*,*,#940,.F.);
#942=CARTESIAN_POINT('',(127.456430293,44.517910368,39.4));
#943=VERTEX_POINT('',#942);
#944=CARTESIAN_POINT('',(128.163537074,43.810803586,39.4));
#945=DIRECTION('',(0.,-0.,-1.));
#946=DIRECTION('',(0.,-1.,0.));
#947=AXIS2_PLACEMENT_3D('',#944,#945,#946);
#948=CIRCLE('',#947,1.);
#949=EDGE_CURVE('',#932,#943,#948,.T.);
#950=ORIENTED_EDGE('',*,*,#949,.T.);
#951=CARTESIAN_POINT('',(136.085280797,53.146760863,39.4));
#952=VERTEX_POINT('',#951);
#953=CARTESIAN_POINT('',(136.085280797,53.146760863,39.4));
#954=DIRECTION('',(-0.707106782,-0.707106781,0.));
#955=VECTOR('',#954,12.203037404);
#956=LINE('',#953,#955);
#957=EDGE_CURVE('',#952,#943,#956,.T.);
#958=ORIENTED_EDGE('',*,*,#957,.F.);
#959=CARTESIAN_POINT('',(136.085280799,58.398341742,39.4));
#960=VERTEX_POINT('',#959);
#961=CARTESIAN_POINT('',(136.085280797,53.146760863,39.4));
#962=DIRECTION('',(0.,1.,-0.));
#963=VECTOR('',#962,5.251580879);
#964=LINE('',#961,#963);
#965=EDGE_CURVE('',#952,#960,#964,.T.);
#966=ORIENTED_EDGE('',*,*,#965,.T.);
#967=CARTESIAN_POINT('',(105.223631899,89.259990671,39.4));
#968=VERTEX_POINT('',#967);
#969=CARTESIAN_POINT('',(105.223631899,89.259990671,39.4));
#970=DIRECTION('',(0.707106781,-0.707106782,0.));
#971=VECTOR('',#970,43.644962453);
#972=LINE('',#969,#971);
#973=EDGE_CURVE('',#968,#960,#972,.T.);
#974=ORIENTED_EDGE('',*,*,#973,.F.);
#975=CARTESIAN_POINT('',(98.566067268,89.259990675,39.4));
#976=VERTEX_POINT('',#975);
#977=CARTESIAN_POINT('',(105.223631899,89.259990671,39.4));
#978=DIRECTION('',(-1.,0.,-0.));
#979=VECTOR('',#978,6.65756463);
#980=LINE('',#977,#979);
#981=EDGE_CURVE('',#968,#976,#980,.T.);
#982=ORIENTED_EDGE('',*,*,#981,.T.);
#983=CARTESIAN_POINT('',(90.829138239,81.523061653,39.4));
#984=VERTEX_POINT('',#983);
#985=CARTESIAN_POINT('',(90.829138239,81.523061653,39.4));
#986=DIRECTION('',(0.707106782,0.707106781,-0.));
#987=VECTOR('',#986,10.941669959);
#988=LINE('',#985,#987);
#989=EDGE_CURVE('',#984,#976,#988,.T.);
#990=ORIENTED_EDGE('',*,*,#989,.F.);
#991=CARTESIAN_POINT('',(89.231129403,81.775972962,39.4));
#992=VERTEX_POINT('',#991);
#993=CARTESIAN_POINT('',(90.122031459,82.230168434,39.4));
#994=DIRECTION('',(0.,-0.,-1.));
#995=DIRECTION('',(0.,-1.,0.));
#996=AXIS2_PLACEMENT_3D('',#993,#994,#995);
#997=CIRCLE('',#996,1.);
#998=EDGE_CURVE('',#984,#992,#997,.T.);
#999=ORIENTED_EDGE('',*,*,#998,.T.);
#1000=CARTESIAN_POINT('',(89.200240093,162.743798829,39.4));
#1001=VERTEX_POINT('',#1000);
#1002=CARTESIAN_POINT('',(168.699592777,122.290209089,39.4));
#1003=DIRECTION('',(-0.,0.,1.));
#1004=DIRECTION('',(1.,-0.,0.));
#1005=AXIS2_PLACEMENT_3D('',#1002,#1003,#1004);
#1006=CIRCLE('',#1005,89.2);
#1007=EDGE_CURVE('',#1001,#992,#1006,.T.);
#1008=ORIENTED_EDGE('',*,*,#1007,.F.);
#1009=CARTESIAN_POINT('',(90.091488442,163.290283249,39.4));
#1010=VERTEX_POINT('',#1009);
#1011=CARTESIAN_POINT('',(90.091488442,162.290283249,39.4));
#1012=DIRECTION('',(0.,-0.,-1.));
#1013=DIRECTION('',(0.,-1.,0.));
#1014=AXIS2_PLACEMENT_3D('',#1011,#1012,#1013);
#1015=CIRCLE('',#1014,1.);
#1016=EDGE_CURVE('',#1001,#1010,#1015,.T.);
#1017=ORIENTED_EDGE('',*,*,#1016,.T.);
#1018=CARTESIAN_POINT('',(90.798598739,162.997386514,39.4));
#1019=VERTEX_POINT('',#1018);
#1020=CARTESIAN_POINT('',(90.091488442,162.290283249,39.4));
#1021=DIRECTION('',(0.,-0.,-1.));
#1022=DIRECTION('',(0.,-1.,0.));
#1023=AXIS2_PLACEMENT_3D('',#1020,#1021,#1022);
#1024=CIRCLE('',#1023,1.);
#1025=EDGE_CURVE('',#1010,#1019,#1024,.T.);
#1026=ORIENTED_EDGE('',*,*,#1025,.T.);
#1027=CARTESIAN_POINT('',(98.554477203,155.241508043,39.4));
#1028=VERTEX_POINT('',#1027);
#1029=CARTESIAN_POINT('',(98.554477203,155.241508043,39.4));
#1030=DIRECTION('',(-0.707106781,0.707106782,-0.));
#1031=VECTOR('',#1030,10.968468516);
#1032=LINE('',#1029,#1031);
#1033=EDGE_CURVE('',#1028,#1019,#1032,.T.);
#1034=ORIENTED_EDGE('',*,*,#1033,.F.);
#1035=CARTESIAN_POINT('',(105.201280946,155.24150804,39.4));
#1036=VERTEX_POINT('',#1035);
#1037=CARTESIAN_POINT('',(98.554477203,155.241508043,39.4));
#1038=DIRECTION('',(1.,-0.,0.));
#1039=VECTOR('',#1038,6.646803743);
#1040=LINE('',#1037,#1039);
#1041=EDGE_CURVE('',#1028,#1036,#1040,.T.);
#1042=ORIENTED_EDGE('',*,*,#1041,.T.);
#1043=CARTESIAN_POINT('',(136.101847298,186.142074363,39.4));
#1044=VERTEX_POINT('',#1043);
#1045=CARTESIAN_POINT('',(136.101847298,186.142074363,39.4));
#1046=DIRECTION('',(-0.707106782,-0.707106781,0.));
#1047=VECTOR('',#1046,43.7);
#1048=LINE('',#1045,#1047);
#1049=EDGE_CURVE('',#1044,#1036,#1048,.T.);
#1050=ORIENTED_EDGE('',*,*,#1049,.F.);
#1051=CARTESIAN_POINT('',(136.101847302,192.788878107,39.4));
#1052=VERTEX_POINT('',#1051);
#1053=CARTESIAN_POINT('',(136.101847298,186.142074363,39.4));
#1054=DIRECTION('',(0.,1.,-0.));
#1055=VECTOR('',#1054,6.646803743);
#1056=LINE('',#1053,#1055);
#1057=EDGE_CURVE('',#1044,#1052,#1056,.T.);
#1058=ORIENTED_EDGE('',*,*,#1057,.T.);
#1059=CARTESIAN_POINT('',(128.238734094,200.651991321,39.4));
#1060=VERTEX_POINT('',#1059);
#1061=CARTESIAN_POINT('',(128.238734094,200.651991321,39.4));
#1062=DIRECTION('',(0.707106781,-0.707106782,0.));
#1063=VECTOR('',#1062,11.120121345);
#1064=LINE('',#1061,#1063);
#1065=EDGE_CURVE('',#1060,#1052,#1064,.T.);
#1066=ORIENTED_EDGE('',*,*,#1065,.F.);
#1067=CARTESIAN_POINT('',(128.494696303,202.251548983,39.4));
#1068=VERTEX_POINT('',#1067);
#1069=CARTESIAN_POINT('',(128.945840876,201.359098102,39.4));
#1070=DIRECTION('',(0.,-0.,-1.));
#1071=DIRECTION('',(0.,-1.,0.));
#1072=AXIS2_PLACEMENT_3D('',#1069,#1070,#1071);
#1073=CIRCLE('',#1072,1.);
#1074=EDGE_CURVE('',#1060,#1068,#1073,.T.);
#1075=ORIENTED_EDGE('',*,*,#1074,.T.);
#1076=CARTESIAN_POINT('',(209.445422504,201.977265365,39.4));
#1077=VERTEX_POINT('',#1076);
#1078=CARTESIAN_POINT('',(168.701037158,122.716496615,39.4));
#1079=DIRECTION('',(-0.,0.,1.));
#1080=DIRECTION('',(0.,-1.,0.));
#1081=AXIS2_PLACEMENT_3D('',#1078,#1079,#1080);
#1082=CIRCLE('',#1081,89.12);
#1083=EDGE_CURVE('',#1077,#1068,#1082,.T.);
#1084=ORIENTED_EDGE('',*,*,#1083,.F.);
#1085=CARTESIAN_POINT('',(209.695347392,200.380785368,39.4));
#1086=VERTEX_POINT('',#1085);
#1087=CARTESIAN_POINT('',(208.988240611,201.087892149,39.4));
#1088=DIRECTION('',(0.,-0.,-1.));
#1089=DIRECTION('',(0.,-1.,0.));
#1090=AXIS2_PLACEMENT_3D('',#1087,#1088,#1089);
#1091=CIRCLE('',#1090,1.);
#1092=EDGE_CURVE('',#1077,#1086,#1091,.T.);
#1093=ORIENTED_EDGE('',*,*,#1092,.T.);
#1094=CARTESIAN_POINT('',(202.01151619,192.696954172,39.4));
#1095=VERTEX_POINT('',#1094);
#1096=CARTESIAN_POINT('',(202.01151619,192.696954172,39.4));
#1097=DIRECTION('',(0.707106782,0.707106781,-0.));
#1098=VECTOR('',#1097,10.866578293);
#1099=LINE('',#1096,#1098);
#1100=EDGE_CURVE('',#1095,#1086,#1099,.T.);
#1101=ORIENTED_EDGE('',*,*,#1100,.F.);
#1102=CARTESIAN_POINT('',(202.011516187,186.209956562,39.4));
#1103=VERTEX_POINT('',#1102);
#1104=CARTESIAN_POINT('',(202.01151619,192.696954172,39.4));
#1105=DIRECTION('',(-0.,-1.,0.));
#1106=VECTOR('',#1105,6.486997611);
#1107=LINE('',#1104,#1106);
#1108=EDGE_CURVE('',#1095,#1103,#1107,.T.);
#1109=ORIENTED_EDGE('',*,*,#1108,.T.);
#1110=CARTESIAN_POINT('',(232.962893693,155.258579026,39.4));
#1111=VERTEX_POINT('',#1110);
#1112=CARTESIAN_POINT('',(232.962893693,155.258579026,39.4));
#1113=DIRECTION('',(-0.707106781,0.707106782,-0.));
#1114=VECTOR('',#1113,43.771857865);
#1115=LINE('',#1112,#1114);
#1116=EDGE_CURVE('',#1111,#1103,#1115,.T.);
#1117=ORIENTED_EDGE('',*,*,#1116,.F.);
#1118=CARTESIAN_POINT('',(239.568886253,155.258579023,39.4));
#1119=VERTEX_POINT('',#1118);
#1120=CARTESIAN_POINT('',(232.962893693,155.258579026,39.4));
#1121=DIRECTION('',(1.,-0.,0.));
#1122=VECTOR('',#1121,6.60599256);
#1123=LINE('',#1120,#1122);
#1124=EDGE_CURVE('',#1111,#1119,#1123,.T.);
#1125=ORIENTED_EDGE('',*,*,#1124,.T.);
#1126=CARTESIAN_POINT('',(247.30711154,162.996804302,39.4));
#1127=VERTEX_POINT('',#1126);
#1128=CARTESIAN_POINT('',(247.30711154,162.996804302,39.4));
#1129=DIRECTION('',(-0.707106782,-0.707106781,0.));
#1130=VECTOR('',#1129,10.943503144);
#1131=LINE('',#1128,#1130);
#1132=EDGE_CURVE('',#1127,#1119,#1131,.T.);
#1133=ORIENTED_EDGE('',*,*,#1132,.F.);
#1134=CARTESIAN_POINT('',(248.014218321,163.289697521,39.4));
#1135=VERTEX_POINT('',#1134);
#1136=CARTESIAN_POINT('',(248.014218321,162.289697521,39.4));
#1137=DIRECTION('',(0.,-0.,-1.));
#1138=DIRECTION('',(0.,-1.,0.));
#1139=AXIS2_PLACEMENT_3D('',#1136,#1137,#1138);
#1140=CIRCLE('',#1139,1.);
#1141=EDGE_CURVE('',#1127,#1135,#1140,.T.);
#1142=ORIENTED_EDGE('',*,*,#1141,.T.);
#1143=CARTESIAN_POINT('',(248.907099392,162.739990084,39.4));
#1144=VERTEX_POINT('',#1143);
#1145=CARTESIAN_POINT('',(248.014218321,162.289697521,39.4));
#1146=DIRECTION('',(0.,-0.,-1.));
#1147=DIRECTION('',(0.,-1.,0.));
#1148=AXIS2_PLACEMENT_3D('',#1145,#1146,#1147);
#1149=CIRCLE('',#1148,1.);
#1150=EDGE_CURVE('',#1135,#1144,#1149,.T.);
#1151=ORIENTED_EDGE('',*,*,#1150,.T.);
#1152=CARTESIAN_POINT('',(249.381828431,82.795832908,39.4));
#1153=VERTEX_POINT('',#1152);
#1154=CARTESIAN_POINT('',(168.699592777,122.290209089,39.4));
#1155=DIRECTION('',(-0.,0.,1.));
#1156=DIRECTION('',(0.,-1.,0.));
#1157=AXIS2_PLACEMENT_3D('',#1154,#1155,#1156);
#1158=CIRCLE('',#1157,89.83);
#1159=EDGE_CURVE('',#1153,#1144,#1158,.T.);
#1160=ORIENTED_EDGE('',*,*,#1159,.F.);
#1161=CARTESIAN_POINT('',(247.776555829,82.528382992,39.4));
#1162=VERTEX_POINT('',#1161);
#1163=CARTESIAN_POINT('',(248.48366261,83.235489773,39.4));
#1164=DIRECTION('',(0.,-0.,-1.));
#1165=DIRECTION('',(0.,-1.,0.));
#1166=AXIS2_PLACEMENT_3D('',#1163,#1164,#1165);
#1167=CIRCLE('',#1166,1.);
#1168=EDGE_CURVE('',#1153,#1162,#1167,.T.);
#1169=ORIENTED_EDGE('',*,*,#1168,.T.);
#1170=CARTESIAN_POINT('',(241.114521118,89.190417709,39.4));
#1171=VERTEX_POINT('',#1170);
#1172=CARTESIAN_POINT('',(241.114521118,89.190417709,39.4));
#1173=DIRECTION('',(0.707106781,-0.707106782,0.));
#1174=VECTOR('',#1173,9.421539845);
#1175=LINE('',#1172,#1174);
#1176=EDGE_CURVE('',#1171,#1162,#1175,.T.);
#1177=ORIENTED_EDGE('',*,*,#1176,.F.);
#1178=CARTESIAN_POINT('',(233.053503813,89.190417713,39.4));
#1179=VERTEX_POINT('',#1178);
#1180=CARTESIAN_POINT('',(241.114521118,89.190417709,39.4));
#1181=DIRECTION('',(-1.,0.,-0.));
#1182=VECTOR('',#1181,8.061017306);
#1183=LINE('',#1180,#1182);
#1184=EDGE_CURVE('',#1171,#1179,#1183,.T.);
#1185=ORIENTED_EDGE('',*,*,#1184,.T.);
#1186=CARTESIAN_POINT('',(201.691840453,57.828754383,39.4));
#1187=VERTEX_POINT('',#1186);
#1188=CARTESIAN_POINT('',(201.691840453,57.828754383,39.4));
#1189=DIRECTION('',(0.707106782,0.707106781,-0.));
#1190=VECTOR('',#1189,44.352089641);
#1191=LINE('',#1188,#1190);
#1192=EDGE_CURVE('',#1187,#1179,#1191,.T.);
#1193=ORIENTED_EDGE('',*,*,#1192,.F.);
#1194=CARTESIAN_POINT('',(201.691840453,70.556253111,39.4));
#1195=VERTEX_POINT('',#1194);
#1196=CARTESIAN_POINT('',(201.691840453,70.556253111,39.4));
#1197=DIRECTION('',(0.,-1.,0.));
#1198=VECTOR('',#1197,12.727498728);
#1199=LINE('',#1196,#1198);
#1200=EDGE_CURVE('',#1195,#1187,#1199,.T.);
#1201=ORIENTED_EDGE('',*,*,#1200,.F.);
#1202=CARTESIAN_POINT('',(138.505280797,70.556253153,39.4));
#1203=VERTEX_POINT('',#1202);
#1204=CARTESIAN_POINT('',(201.691840453,70.556253111,39.4));
#1205=DIRECTION('',(-1.,0.000000001,-0.));
#1206=VECTOR('',#1205,63.186559656);
#1207=LINE('',#1204,#1206);
#1208=EDGE_CURVE('',#1195,#1203,#1207,.T.);
#1209=ORIENTED_EDGE('',*,*,#1208,.T.);
#1210=CARTESIAN_POINT('',(138.505280797,38.556253151,39.4));
#1211=VERTEX_POINT('',#1210);
#1212=CARTESIAN_POINT('',(138.505280797,70.556253153,39.4));
#1213=DIRECTION('',(-0.,-1.,0.));
#1214=VECTOR('',#1213,32.000000002);
#1215=LINE('',#1212,#1214);
#1216=EDGE_CURVE('',#1203,#1211,#1215,.T.);
#1217=ORIENTED_EDGE('',*,*,#1216,.T.);
#1218=CARTESIAN_POINT('',(137.579285533,38.556253151,39.4));
#1219=DIRECTION('',(1.,-0.,0.));
#1220=VECTOR('',#1219,0.925995265);
#1221=LINE('',#1218,#1220);
#1222=EDGE_CURVE('',#934,#1211,#1221,.T.);
#1223=ORIENTED_EDGE('',*,*,#1222,.F.);
#1224=EDGE_LOOP('',(#941,#950,#958,#966,#974,#982,#990,#999,#1008,#1017,#1026,#1034,#1042,#1050,#1058,#1066,#1075,#1084,#1093,#1101,#1109,#1117,#1125,#1133,#1142,#1151,
#1160,#1169,#1177,#1185,#1193,#1201,#1209,#1217,#1223));
#1225=FACE_BOUND('',#1224,.T.);
#1226=CARTESIAN_POINT('',(92.479830979,107.24807975,39.4));
#1227=VERTEX_POINT('',#1226);
#1228=CARTESIAN_POINT('',(90.979830979,107.24807975,39.4));
#1229=DIRECTION('',(-0.,0.,1.));
#1230=DIRECTION('',(1.,-0.,0.));
#1231=AXIS2_PLACEMENT_3D('',#1228,#1229,#1230);
#1232=CIRCLE('',#1231,1.5);
#1233=EDGE_CURVE('',#1227,#1227,#1232,.T.);
#1234=ORIENTED_EDGE('',*,*,#1233,.T.);
#1235=EDGE_LOOP('',(#1234));
#1236=FACE_BOUND('',#1235,.T.);
#1237=CARTESIAN_POINT('',(92.479830982,124.54807975,39.4));
#1238=VERTEX_POINT('',#1237);
#1239=CARTESIAN_POINT('',(90.979830982,124.54807975,39.4));
#1240=DIRECTION('',(-0.,0.,1.));
#1241=DIRECTION('',(1.,-0.,0.));
#1242=AXIS2_PLACEMENT_3D('',#1239,#1240,#1241);
#1243=CIRCLE('',#1242,1.5);
#1244=EDGE_CURVE('',#1238,#1238,#1243,.T.);
#1245=ORIENTED_EDGE('',*,*,#1244,.T.);
#1246=EDGE_LOOP('',(#1245));
#1247=FACE_BOUND('',#1246,.T.);
#1248=CARTESIAN_POINT('',(109.779830979,107.248079747,39.4));
#1249=VERTEX_POINT('',#1248);
#1250=CARTESIAN_POINT('',(108.279830979,107.248079747,39.4));
#1251=DIRECTION('',(-0.,0.,1.));
#1252=DIRECTION('',(1.,-0.,0.));
#1253=AXIS2_PLACEMENT_3D('',#1250,#1251,#1252);
#1254=CIRCLE('',#1253,1.5);
#1255=EDGE_CURVE('',#1249,#1249,#1254,.T.);
#1256=ORIENTED_EDGE('',*,*,#1255,.T.);
#1257=EDGE_LOOP('',(#1256));
#1258=FACE_BOUND('',#1257,.T.);
#1259=CARTESIAN_POINT('',(109.779830982,124.548079747,39.4));
#1260=VERTEX_POINT('',#1259);
#1261=CARTESIAN_POINT('',(108.279830982,124.548079747,39.4));
#1262=DIRECTION('',(-0.,0.,1.));
#1263=DIRECTION('',(1.,-0.,0.));
#1264=AXIS2_PLACEMENT_3D('',#1261,#1262,#1263);
#1265=CIRCLE('',#1264,1.5);
#1266=EDGE_CURVE('',#1260,#1260,#1265,.T.);
#1267=ORIENTED_EDGE('',*,*,#1266,.T.);
#1268=EDGE_LOOP('',(#1267));
#1269=FACE_BOUND('',#1268,.T.);
#1270=CARTESIAN_POINT('',(192.243904664,74.806253133,39.4));
#1271=VERTEX_POINT('',#1270);
#1272=CARTESIAN_POINT('',(190.593904664,74.806253133,39.4));
#1273=DIRECTION('',(-0.,0.,1.));
#1274=DIRECTION('',(1.,-0.,0.));
#1275=AXIS2_PLACEMENT_3D('',#1272,#1273,#1274);
#1276=CIRCLE('',#1275,1.65);
#1277=EDGE_CURVE('',#1271,#1271,#1276,.T.);
#1278=ORIENTED_EDGE('',*,*,#1277,.T.);
#1279=EDGE_LOOP('',(#1278));
#1280=FACE_BOUND('',#1279,.T.);
#1281=CARTESIAN_POINT('',(149.243904664,74.806253133,39.4));
#1282=VERTEX_POINT('',#1281);
#1283=CARTESIAN_POINT('',(147.593904664,74.806253133,39.4));
#1284=DIRECTION('',(-0.,0.,1.));
#1285=DIRECTION('',(1.,-0.,0.));
#1286=AXIS2_PLACEMENT_3D('',#1283,#1284,#1285);
#1287=CIRCLE('',#1286,1.65);
#1288=EDGE_CURVE('',#1282,#1282,#1287,.T.);
#1289=ORIENTED_EDGE('',*,*,#1288,.T.);
#1290=EDGE_LOOP('',(#1289));
#1291=FACE_BOUND('',#1290,.T.);
#1292=CARTESIAN_POINT('',(92.268389854,87.367627528,39.4));
#1293=VERTEX_POINT('',#1292);
#1294=CARTESIAN_POINT('',(90.618389854,89.017627528,39.4));
#1295=VERTEX_POINT('',#1294);
#1296=CARTESIAN_POINT('',(90.618389854,87.367627528,39.4));
#1297=DIRECTION('',(-0.,0.,1.));
#1298=DIRECTION('',(1.,-0.,0.));
#1299=AXIS2_PLACEMENT_3D('',#1296,#1297,#1298);
#1300=CIRCLE('',#1299,1.65);
#1301=EDGE_CURVE('',#1293,#1295,#1300,.T.);
#1302=ORIENTED_EDGE('',*,*,#1301,.T.);
#1303=CARTESIAN_POINT('',(90.618389854,87.367627528,39.4));
#1304=DIRECTION('',(-0.,0.,1.));
#1305=DIRECTION('',(1.,-0.,0.));
#1306=AXIS2_PLACEMENT_3D('',#1303,#1304,#1305);
#1307=CIRCLE('',#1306,1.65);
#1308=EDGE_CURVE('',#1295,#1293,#1307,.T.);
#1309=ORIENTED_EDGE('',*,*,#1308,.T.);
#1310=EDGE_LOOP('',(#1302,#1309));
#1311=FACE_BOUND('',#1310,.T.);
#1312=CARTESIAN_POINT('',(249.023607059,156.981619558,39.4));
#1313=VERTEX_POINT('',#1312);
#1314=CARTESIAN_POINT('',(247.373607059,158.631619558,39.4));
#1315=VERTEX_POINT('',#1314);
#1316=CARTESIAN_POINT('',(247.373607059,156.981619558,39.4));
#1317=DIRECTION('',(-0.,0.,1.));
#1318=DIRECTION('',(1.,-0.,0.));
#1319=AXIS2_PLACEMENT_3D('',#1316,#1317,#1318);
#1320=CIRCLE('',#1319,1.65);
#1321=EDGE_CURVE('',#1313,#1315,#1320,.T.);
#1322=ORIENTED_EDGE('',*,*,#1321,.T.);
#1323=CARTESIAN_POINT('',(247.373607059,156.981619558,39.4));
#1324=DIRECTION('',(-0.,0.,1.));
#1325=DIRECTION('',(1.,-0.,0.));
#1326=AXIS2_PLACEMENT_3D('',#1323,#1324,#1325);
#1327=CIRCLE('',#1326,1.65);
#1328=EDGE_CURVE('',#1315,#1313,#1327,.T.);
#1329=ORIENTED_EDGE('',*,*,#1328,.T.);
#1330=EDGE_LOOP('',(#1322,#1329));
#1331=FACE_BOUND('',#1330,.T.);
#1332=CARTESIAN_POINT('',(205.521340727,200.521844319,39.4));
#1333=VERTEX_POINT('',#1332);
#1334=CARTESIAN_POINT('',(203.871340727,202.171844319,39.4));
#1335=VERTEX_POINT('',#1334);
#1336=CARTESIAN_POINT('',(203.871340727,200.521844319,39.4));
#1337=DIRECTION('',(-0.,0.,1.));
#1338=DIRECTION('',(1.,-0.,0.));
#1339=AXIS2_PLACEMENT_3D('',#1336,#1337,#1338);
#1340=CIRCLE('',#1339,1.65);
#1341=EDGE_CURVE('',#1333,#1335,#1340,.T.);
#1342=ORIENTED_EDGE('',*,*,#1341,.T.);
#1343=CARTESIAN_POINT('',(203.871340727,200.521844319,39.4));
#1344=DIRECTION('',(-0.,0.,1.));
#1345=DIRECTION('',(1.,-0.,0.));
#1346=AXIS2_PLACEMENT_3D('',#1343,#1344,#1345);
#1347=CIRCLE('',#1346,1.65);
#1348=EDGE_CURVE('',#1335,#1333,#1347,.T.);
#1349=ORIENTED_EDGE('',*,*,#1348,.T.);
#1350=EDGE_LOOP('',(#1342,#1349));
#1351=FACE_BOUND('',#1350,.T.);
#1352=CARTESIAN_POINT('',(135.839002442,200.552232145,39.4));
#1353=VERTEX_POINT('',#1352);
#1354=CARTESIAN_POINT('',(134.189002442,202.202232145,39.4));
#1355=VERTEX_POINT('',#1354);
#1356=CARTESIAN_POINT('',(134.189002442,200.552232145,39.4));
#1357=DIRECTION('',(-0.,0.,1.));
#1358=DIRECTION('',(1.,-0.,0.));
#1359=AXIS2_PLACEMENT_3D('',#1356,#1357,#1358);
#1360=CIRCLE('',#1359,1.65);
#1361=EDGE_CURVE('',#1353,#1355,#1360,.T.);
#1362=ORIENTED_EDGE('',*,*,#1361,.T.);
#1363=CARTESIAN_POINT('',(134.189002442,200.552232145,39.4));
#1364=DIRECTION('',(-0.,0.,1.));
#1365=DIRECTION('',(1.,-0.,0.));
#1366=AXIS2_PLACEMENT_3D('',#1363,#1364,#1365);
#1367=CIRCLE('',#1366,1.65);
#1368=EDGE_CURVE('',#1355,#1353,#1367,.T.);
#1369=ORIENTED_EDGE('',*,*,#1368,.T.);
#1370=EDGE_LOOP('',(#1362,#1369));
#1371=FACE_BOUND('',#1370,.T.);
#1372=CARTESIAN_POINT('',(92.29877768,157.049965813,39.4));
#1373=VERTEX_POINT('',#1372);
#1374=CARTESIAN_POINT('',(90.64877768,158.699965813,39.4));
#1375=VERTEX_POINT('',#1374);
#1376=CARTESIAN_POINT('',(90.64877768,157.049965813,39.4));
#1377=DIRECTION('',(-0.,0.,1.));
#1378=DIRECTION('',(1.,-0.,0.));
#1379=AXIS2_PLACEMENT_3D('',#1376,#1377,#1378);
#1380=CIRCLE('',#1379,1.65);
#1381=EDGE_CURVE('',#1373,#1375,#1380,.T.);
#1382=ORIENTED_EDGE('',*,*,#1381,.T.);
#1383=CARTESIAN_POINT('',(90.64877768,157.049965813,39.4));
#1384=DIRECTION('',(-0.,0.,1.));
#1385=DIRECTION('',(1.,-0.,0.));
#1386=AXIS2_PLACEMENT_3D('',#1383,#1384,#1385);
#1387=CIRCLE('',#1386,1.65);
#1388=EDGE_CURVE('',#1375,#1373,#1387,.T.);
#1389=ORIENTED_EDGE('',*,*,#1388,.T.);
#1390=EDGE_LOOP('',(#1382,#1389));
#1391=FACE_BOUND('',#1390,.T.);
#1392=CARTESIAN_POINT('',(203.010101836,85.029009032,39.4));
#1393=VERTEX_POINT('',#1392);
#1394=CARTESIAN_POINT('',(202.049592752,84.080366688,39.4));
#1395=DIRECTION('',(-0.,0.,1.));
#1396=DIRECTION('',(0.711488211,0.702698033,-0.));
#1397=AXIS2_PLACEMENT_3D('',#1394,#1395,#1396);
#1398=CIRCLE('',#1397,1.35);
#1399=EDGE_CURVE('',#1393,#1393,#1398,.T.);
#1400=ORIENTED_EDGE('',*,*,#1399,.T.);
#1401=EDGE_LOOP('',(#1400));
#1402=FACE_BOUND('',#1401,.T.);
#1403=CARTESIAN_POINT('',(203.010101868,134.029009032,39.4));
#1404=VERTEX_POINT('',#1403);
#1405=CARTESIAN_POINT('',(202.049592783,133.080366687,39.4));
#1406=DIRECTION('',(-0.,0.,1.));
#1407=DIRECTION('',(0.711488211,0.702698033,-0.));
#1408=AXIS2_PLACEMENT_3D('',#1405,#1406,#1407);
#1409=CIRCLE('',#1408,1.35);
#1410=EDGE_CURVE('',#1404,#1404,#1409,.T.);
#1411=ORIENTED_EDGE('',*,*,#1410,.T.);
#1412=EDGE_LOOP('',(#1411));
#1413=FACE_BOUND('',#1412,.T.);
#1414=CARTESIAN_POINT('',(145.010101836,85.02900907,39.4));
#1415=VERTEX_POINT('',#1414);
#1416=CARTESIAN_POINT('',(144.049592751,84.080366726,39.4));
#1417=DIRECTION('',(-0.,0.,1.));
#1418=DIRECTION('',(0.711488211,0.702698033,-0.));
#1419=AXIS2_PLACEMENT_3D('',#1416,#1417,#1418);
#1420=CIRCLE('',#1419,1.35);
#1421=EDGE_CURVE('',#1415,#1415,#1420,.T.);
#1422=ORIENTED_EDGE('',*,*,#1421,.T.);
#1423=EDGE_LOOP('',(#1422));
#1424=FACE_BOUND('',#1423,.T.);
#1425=CARTESIAN_POINT('',(145.010101869,134.029009071,39.4));
#1426=VERTEX_POINT('',#1425);
#1427=CARTESIAN_POINT('',(144.049592784,133.080366726,39.4));
#1428=DIRECTION('',(-0.,0.,1.));
#1429=DIRECTION('',(0.711488211,0.702698033,-0.));
#1430=AXIS2_PLACEMENT_3D('',#1427,#1428,#1429);
#1431=CIRCLE('',#1430,1.35);
#1432=EDGE_CURVE('',#1426,#1426,#1431,.T.);
#1433=ORIENTED_EDGE('',*,*,#1432,.T.);
#1434=EDGE_LOOP('',(#1433));
#1435=FACE_BOUND('',#1434,.T.);
#1436=CARTESIAN_POINT('',(149.399592785,138.290209103,39.4));
#1437=VERTEX_POINT('',#1436);
#1438=CARTESIAN_POINT('',(196.699592783,138.290209087,39.4));
#1439=VERTEX_POINT('',#1438);
#1440=CARTESIAN_POINT('',(149.399592785,138.290209103,39.4));
#1441=DIRECTION('',(1.,-0.,0.));
#1442=VECTOR('',#1441,47.299999998);
#1443=LINE('',#1440,#1442);
#1444=EDGE_CURVE('',#1437,#1439,#1443,.T.);
#1445=ORIENTED_EDGE('',*,*,#1444,.F.);
#1446=CARTESIAN_POINT('',(149.399592757,93.080366714,39.4));
#1447=VERTEX_POINT('',#1446);
#1448=CARTESIAN_POINT('',(149.399592787,138.290209103,39.4));
#1449=DIRECTION('',(-0.000000001,-1.,0.));
#1450=VECTOR('',#1449,45.209842388);
#1451=LINE('',#1448,#1450);
#1452=EDGE_CURVE('',#1437,#1447,#1451,.T.);
#1453=ORIENTED_EDGE('',*,*,#1452,.T.);
#1454=CARTESIAN_POINT('',(196.699592783,93.080366691,39.4));
#1455=VERTEX_POINT('',#1454);
#1456=CARTESIAN_POINT('',(149.399592757,93.080366723,39.4));
#1457=DIRECTION('',(1.,-0.000000001,0.));
#1458=VECTOR('',#1457,47.300000026);
#1459=LINE('',#1456,#1458);
#1460=EDGE_CURVE('',#1447,#1455,#1459,.T.);
#1461=ORIENTED_EDGE('',*,*,#1460,.T.);
#1462=CARTESIAN_POINT('',(196.699592783,138.290209087,39.4));
#1463=DIRECTION('',(-0.,-1.,0.));
#1464=VECTOR('',#1463,45.209842396);
#1465=LINE('',#1462,#1464);
#1466=EDGE_CURVE('',#1439,#1455,#1465,.T.);
#1467=ORIENTED_EDGE('',*,*,#1466,.F.);
#1468=EDGE_LOOP('',(#1445,#1453,#1461,#1467));
#1469=FACE_BOUND('',#1468,.T.);
#1470=CARTESIAN_POINT('',(209.47661226,152.07480951,39.4));
#1471=VERTEX_POINT('',#1470);
#1472=CARTESIAN_POINT('',(208.338231122,150.950492657,39.4));
#1473=DIRECTION('',(-0.,0.,1.));
#1474=DIRECTION('',(0.711488211,0.702698033,-0.));
#1475=AXIS2_PLACEMENT_3D('',#1472,#1473,#1474);
#1476=CIRCLE('',#1475,1.6);
#1477=EDGE_CURVE('',#1471,#1471,#1476,.T.);
#1478=ORIENTED_EDGE('',*,*,#1477,.T.);
#1479=EDGE_LOOP('',(#1478));
#1480=FACE_BOUND('',#1479,.T.);
#1481=CARTESIAN_POINT('',(121.434802994,145.621917042,39.4));
#1482=VERTEX_POINT('',#1481);
#1483=CARTESIAN_POINT('',(120.296421856,144.49760019,39.4));
#1484=DIRECTION('',(-0.,0.,1.));
#1485=DIRECTION('',(0.711488211,0.702698033,-0.));
#1486=AXIS2_PLACEMENT_3D('',#1483,#1484,#1485);
#1487=CIRCLE('',#1486,1.6);
#1488=EDGE_CURVE('',#1482,#1482,#1487,.T.);
#1489=ORIENTED_EDGE('',*,*,#1488,.T.);
#1490=EDGE_LOOP('',(#1489));
#1491=FACE_BOUND('',#1490,.T.);
#1492=CARTESIAN_POINT('',(134.021304412,44.982747063,39.4));
#1493=VERTEX_POINT('',#1492);
#1494=CARTESIAN_POINT('',(132.847632959,43.823575895,39.4));
#1495=DIRECTION('',(-0.,0.,1.));
#1496=DIRECTION('',(0.711488211,0.702698033,-0.));
#1497=AXIS2_PLACEMENT_3D('',#1494,#1495,#1496);
#1498=CIRCLE('',#1497,1.649600702);
#1499=EDGE_CURVE('',#1493,#1493,#1498,.T.);
#1500=ORIENTED_EDGE('',*,*,#1499,.T.);
#1501=EDGE_LOOP('',(#1500));
#1502=FACE_BOUND('',#1501,.T.);
#1503=CARTESIAN_POINT('',(128.307687782,134.863597011,39.4));
#1504=VERTEX_POINT('',#1503);
#1505=CARTESIAN_POINT('',(127.169306644,133.739280159,39.4));
#1506=DIRECTION('',(-0.,0.,1.));
#1507=DIRECTION('',(0.711488211,0.702698033,-0.));
#1508=AXIS2_PLACEMENT_3D('',#1505,#1506,#1507);
#1509=CIRCLE('',#1508,1.6);
#1510=EDGE_CURVE('',#1504,#1504,#1509,.T.);
#1511=ORIENTED_EDGE('',*,*,#1510,.T.);
#1512=EDGE_LOOP('',(#1511));
#1513=FACE_BOUND('',#1512,.T.);
#1514=CARTESIAN_POINT('',(127.965830086,79.864659446,39.4));
#1515=VERTEX_POINT('',#1514);
#1516=CARTESIAN_POINT('',(126.827448949,78.740342593,39.4));
#1517=DIRECTION('',(-0.,0.,1.));
#1518=DIRECTION('',(0.711488211,0.702698033,-0.));
#1519=AXIS2_PLACEMENT_3D('',#1516,#1517,#1518);
#1520=CIRCLE('',#1519,1.6);
#1521=EDGE_CURVE('',#1515,#1515,#1520,.T.);
#1522=ORIENTED_EDGE('',*,*,#1521,.T.);
#1523=EDGE_LOOP('',(#1522));
#1524=FACE_BOUND('',#1523,.T.);
#1525=CARTESIAN_POINT('',(211.306084472,134.34770267,39.4));
#1526=VERTEX_POINT('',#1525);
#1527=CARTESIAN_POINT('',(210.167703334,133.223385817,39.4));
#1528=DIRECTION('',(-0.,0.,1.));
#1529=DIRECTION('',(0.711488211,0.702698033,-0.));
#1530=AXIS2_PLACEMENT_3D('',#1527,#1528,#1529);
#1531=CIRCLE('',#1530,1.6);
#1532=EDGE_CURVE('',#1526,#1526,#1531,.T.);
#1533=ORIENTED_EDGE('',*,*,#1532,.T.);
#1534=EDGE_LOOP('',(#1533));
#1535=FACE_BOUND('',#1534,.T.);
#1536=CARTESIAN_POINT('',(210.964226775,79.348765104,39.4));
#1537=VERTEX_POINT('',#1536);
#1538=CARTESIAN_POINT('',(209.825845638,78.224448252,39.4));
#1539=DIRECTION('',(-0.,0.,1.));
#1540=DIRECTION('',(0.711488211,0.702698033,-0.));
#1541=AXIS2_PLACEMENT_3D('',#1538,#1539,#1540);
#1542=CIRCLE('',#1541,1.6);
#1543=EDGE_CURVE('',#1537,#1537,#1542,.T.);
#1544=ORIENTED_EDGE('',*,*,#1543,.T.);
#1545=EDGE_LOOP('',(#1544));
#1546=FACE_BOUND('',#1545,.T.);
#1547=CARTESIAN_POINT('',(248.518438813,88.473428762,39.4));
#1548=VERTEX_POINT('',#1547);
#1549=CARTESIAN_POINT('',(247.344483265,87.313977008,39.4));
#1550=DIRECTION('',(-0.,0.,1.));
#1551=DIRECTION('',(0.711488211,0.702698033,-0.));
#1552=AXIS2_PLACEMENT_3D('',#1549,#1550,#1551);
#1553=CIRCLE('',#1552,1.65);
#1554=EDGE_CURVE('',#1548,#1548,#1553,.T.);
#1555=ORIENTED_EDGE('',*,*,#1554,.T.);
#1556=EDGE_LOOP('',(#1555));
#1557=FACE_BOUND('',#1556,.T.);
#1558=CARTESIAN_POINT('',(242.963784978,99.527122692,39.4));
#1559=VERTEX_POINT('',#1558);
#1560=CARTESIAN_POINT('',(244.863784978,101.427122692,39.4));
#1561=VERTEX_POINT('',#1560);
#1562=CARTESIAN_POINT('',(244.863784978,99.527122692,39.4));
#1563=DIRECTION('',(0.,-0.,-1.));
#1564=DIRECTION('',(-0.,1.,-0.));
#1565=AXIS2_PLACEMENT_3D('',#1562,#1563,#1564);
#1566=CIRCLE('',#1565,1.9);
#1567=EDGE_CURVE('',#1559,#1561,#1566,.T.);
#1568=ORIENTED_EDGE('',*,*,#1567,.F.);
#1569=CARTESIAN_POINT('',(244.863784978,99.527122692,39.4));
#1570=DIRECTION('',(0.,-0.,-1.));
#1571=DIRECTION('',(-0.,1.,-0.));
#1572=AXIS2_PLACEMENT_3D('',#1569,#1570,#1571);
#1573=CIRCLE('',#1572,1.9);
#1574=EDGE_CURVE('',#1561,#1559,#1573,.T.);
#1575=ORIENTED_EDGE('',*,*,#1574,.F.);
#1576=EDGE_LOOP('',(#1568,#1575));
#1577=FACE_BOUND('',#1576,.T.);
#1578=CARTESIAN_POINT('',(242.963784978,145.577122692,39.4));
#1579=VERTEX_POINT('',#1578);
#1580=CARTESIAN_POINT('',(244.863784978,147.477122692,39.4));
#1581=VERTEX_POINT('',#1580);
#1582=CARTESIAN_POINT('',(244.863784978,145.577122692,39.4));
#1583=DIRECTION('',(0.,-0.,-1.));
#1584=DIRECTION('',(-0.,1.,-0.));
#1585=AXIS2_PLACEMENT_3D('',#1582,#1583,#1584);
#1586=CIRCLE('',#1585,1.9);
#1587=EDGE_CURVE('',#1579,#1581,#1586,.T.);
#1588=ORIENTED_EDGE('',*,*,#1587,.F.);
#1589=CARTESIAN_POINT('',(244.863784978,145.577122692,39.4));
#1590=DIRECTION('',(0.,-0.,-1.));
#1591=DIRECTION('',(-0.,1.,-0.));
#1592=AXIS2_PLACEMENT_3D('',#1589,#1590,#1591);
#1593=CIRCLE('',#1592,1.9);
#1594=EDGE_CURVE('',#1581,#1579,#1593,.T.);
#1595=ORIENTED_EDGE('',*,*,#1594,.F.);
#1596=EDGE_LOOP('',(#1588,#1595));
#1597=FACE_BOUND('',#1596,.T.);
#1598=CARTESIAN_POINT('',(222.463784978,145.577122692,39.4));
#1599=VERTEX_POINT('',#1598);
#1600=CARTESIAN_POINT('',(224.363784978,147.477122692,39.4));
#1601=VERTEX_POINT('',#1600);
#1602=CARTESIAN_POINT('',(224.363784978,145.577122692,39.4));
#1603=DIRECTION('',(0.,-0.,-1.));
#1604=DIRECTION('',(-0.,1.,-0.));
#1605=AXIS2_PLACEMENT_3D('',#1602,#1603,#1604);
#1606=CIRCLE('',#1605,1.9);
#1607=EDGE_CURVE('',#1599,#1601,#1606,.T.);
#1608=ORIENTED_EDGE('',*,*,#1607,.F.);
#1609=CARTESIAN_POINT('',(224.363784978,145.577122692,39.4));
#1610=DIRECTION('',(0.,-0.,-1.));
#1611=DIRECTION('',(-0.,1.,-0.));
#1612=AXIS2_PLACEMENT_3D('',#1609,#1610,#1611);
#1613=CIRCLE('',#1612,1.9);
#1614=EDGE_CURVE('',#1601,#1599,#1613,.T.);
#1615=ORIENTED_EDGE('',*,*,#1614,.F.);
#1616=EDGE_LOOP('',(#1608,#1615));
#1617=FACE_BOUND('',#1616,.T.);
#1618=CARTESIAN_POINT('',(222.463784978,99.527122692,39.4));
#1619=VERTEX_POINT('',#1618);
#1620=CARTESIAN_POINT('',(224.363784978,101.427122692,39.4));
#1621=VERTEX_POINT('',#1620);
#1622=CARTESIAN_POINT('',(224.363784978,99.527122692,39.4));
#1623=DIRECTION('',(0.,-0.,-1.));
#1624=DIRECTION('',(-0.,1.,-0.));
#1625=AXIS2_PLACEMENT_3D('',#1622,#1623,#1624);
#1626=CIRCLE('',#1625,1.9);
#1627=EDGE_CURVE('',#1619,#1621,#1626,.T.);
#1628=ORIENTED_EDGE('',*,*,#1627,.F.);
#1629=CARTESIAN_POINT('',(224.363784978,99.527122692,39.4));
#1630=DIRECTION('',(0.,-0.,-1.));
#1631=DIRECTION('',(-0.,1.,-0.));
#1632=AXIS2_PLACEMENT_3D('',#1629,#1630,#1631);
#1633=CIRCLE('',#1632,1.9);
#1634=EDGE_CURVE('',#1621,#1619,#1633,.T.);
#1635=ORIENTED_EDGE('',*,*,#1634,.F.);
#1636=EDGE_LOOP('',(#1628,#1635));
#1637=FACE_BOUND('',#1636,.T.);
#1638=ADVANCED_FACE('',(#1225,#1236,#1247,#1258,#1269,#1280,#1291,#1311,#1331,#1351,#1371,#1391,#1402,#1413,#1424,#1435,#1469,#1480,#1491,#1502,#1513,#1524,#1535,#1546,#1557,#1577,
#1597,#1617,#1637),#930,.F.);
#1639=CARTESIAN_POINT('',(217.426443943,73.563357857,41.4));
#1640=DIRECTION('',(-0.707106781,0.707106782,-0.));
#1641=DIRECTION('',(-0.707106782,-0.707106781,0.));
#1642=AXIS2_PLACEMENT_3D('',#1639,#1640,#1641);
#1643=PLANE('',#1642);
#1644=ORIENTED_EDGE('',*,*,#1192,.T.);
#1645=CARTESIAN_POINT('',(233.053503813,89.190417713,39.4));
#1646=DIRECTION('',(-0.,0.,1.));
#1647=VECTOR('',#1646,2.);
#1648=LINE('',#1645,#1647);
#1649=EDGE_CURVE('',#1179,#209,#1648,.T.);
#1650=ORIENTED_EDGE('',*,*,#1649,.T.);
#1651=ORIENTED_EDGE('',*,*,#214,.F.);
#1652=CARTESIAN_POINT('',(201.691840453,57.828754383,39.4));
#1653=DIRECTION('',(0.,0.,1.));
#1654=VECTOR('',#1653,2.);
#1655=LINE('',#1652,#1654);
#1656=EDGE_CURVE('',#1187,#201,#1655,.T.);
#1657=ORIENTED_EDGE('',*,*,#1656,.F.);
#1658=EDGE_LOOP('',(#1644,#1650,#1651,#1657));
#1659=FACE_BOUND('',#1658,.T.);
#1660=ADVANCED_FACE('',(#1659),#1643,.F.);
#1661=CARTESIAN_POINT('',(90.618389854,87.367627528,60.322557536));
#1662=DIRECTION('',(0.,-0.,-1.));
#1663=DIRECTION('',(0.,1.,-0.));
#1664=AXIS2_PLACEMENT_3D('',#1661,#1662,#1663);
#1665=CYLINDRICAL_SURFACE('',#1664,1.65);
#1666=CARTESIAN_POINT('',(90.618389854,89.017627528,39.4));
#1667=DIRECTION('',(-0.,0.,1.));
#1668=VECTOR('',#1667,2.);
#1669=LINE('',#1666,#1668);
#1670=EDGE_CURVE('',#1295,#579,#1669,.T.);
#1671=ORIENTED_EDGE('',*,*,#1670,.F.);
#1672=ORIENTED_EDGE('',*,*,#1301,.F.);
#1673=ORIENTED_EDGE('',*,*,#1308,.F.);
#1674=ORIENTED_EDGE('',*,*,#1670,.T.);
#1675=ORIENTED_EDGE('',*,*,#587,.T.);
#1676=ORIENTED_EDGE('',*,*,#594,.T.);
#1677=EDGE_LOOP('',(#1671,#1672,#1673,#1674,#1675,#1676));
#1678=FACE_BOUND('',#1677,.T.);
#1679=ADVANCED_FACE('',(#1678),#1665,.F.);
#1680=CARTESIAN_POINT('',(247.373607059,156.981619558,60.322557536));
#1681=DIRECTION('',(0.,-0.,-1.));
#1682=DIRECTION('',(0.,1.,-0.));
#1683=AXIS2_PLACEMENT_3D('',#1680,#1681,#1682);
#1684=CYLINDRICAL_SURFACE('',#1683,1.65);
#1685=CARTESIAN_POINT('',(247.373607059,158.631619558,39.4));
#1686=DIRECTION('',(-0.,0.,1.));
#1687=VECTOR('',#1686,2.);
#1688=LINE('',#1685,#1687);
#1689=EDGE_CURVE('',#1315,#599,#1688,.T.);
#1690=ORIENTED_EDGE('',*,*,#1689,.F.);
#1691=ORIENTED_EDGE('',*,*,#1321,.F.);
#1692=ORIENTED_EDGE('',*,*,#1328,.F.);
#1693=ORIENTED_EDGE('',*,*,#1689,.T.);
#1694=ORIENTED_EDGE('',*,*,#607,.T.);
#1695=ORIENTED_EDGE('',*,*,#614,.T.);
#1696=EDGE_LOOP('',(#1690,#1691,#1692,#1693,#1694,#1695));
#1697=FACE_BOUND('',#1696,.T.);
#1698=ADVANCED_FACE('',(#1697),#1684,.F.);
#1699=CARTESIAN_POINT('',(203.871340727,200.521844319,50.322557536));
#1700=DIRECTION('',(0.,-0.,-1.));
#1701=DIRECTION('',(0.,1.,-0.));
#1702=AXIS2_PLACEMENT_3D('',#1699,#1700,#1701);
#1703=CYLINDRICAL_SURFACE('',#1702,1.65);
#1704=CARTESIAN_POINT('',(203.871340727,202.171844319,39.4));
#1705=DIRECTION('',(-0.,0.,1.));
#1706=VECTOR('',#1705,2.);
#1707=LINE('',#1704,#1706);
#1708=EDGE_CURVE('',#1335,#619,#1707,.T.);
#1709=ORIENTED_EDGE('',*,*,#1708,.F.);
#1710=ORIENTED_EDGE('',*,*,#1341,.F.);
#1711=ORIENTED_EDGE('',*,*,#1348,.F.);
#1712=ORIENTED_EDGE('',*,*,#1708,.T.);
#1713=ORIENTED_EDGE('',*,*,#627,.T.);
#1714=ORIENTED_EDGE('',*,*,#634,.T.);
#1715=EDGE_LOOP('',(#1709,#1710,#1711,#1712,#1713,#1714));
#1716=FACE_BOUND('',#1715,.T.);
#1717=ADVANCED_FACE('',(#1716),#1703,.F.);
#1718=CARTESIAN_POINT('',(134.189002442,200.552232145,50.322557536));
#1719=DIRECTION('',(0.,-0.,-1.));
#1720=DIRECTION('',(0.,1.,-0.));
#1721=AXIS2_PLACEMENT_3D('',#1718,#1719,#1720);
#1722=CYLINDRICAL_SURFACE('',#1721,1.65);
#1723=CARTESIAN_POINT('',(134.189002442,202.202232145,39.4));
#1724=DIRECTION('',(-0.,0.,1.));
#1725=VECTOR('',#1724,2.);
#1726=LINE('',#1723,#1725);
#1727=EDGE_CURVE('',#1355,#639,#1726,.T.);
#1728=ORIENTED_EDGE('',*,*,#1727,.F.);
#1729=ORIENTED_EDGE('',*,*,#1361,.F.);
#1730=ORIENTED_EDGE('',*,*,#1368,.F.);
#1731=ORIENTED_EDGE('',*,*,#1727,.T.);
#1732=ORIENTED_EDGE('',*,*,#647,.T.);
#1733=ORIENTED_EDGE('',*,*,#654,.T.);
#1734=EDGE_LOOP('',(#1728,#1729,#1730,#1731,#1732,#1733));
#1735=FACE_BOUND('',#1734,.T.);
#1736=ADVANCED_FACE('',(#1735),#1722,.F.);
#1737=CARTESIAN_POINT('',(90.64877768,157.049965813,50.322557536));
#1738=DIRECTION('',(0.,-0.,-1.));
#1739=DIRECTION('',(0.,1.,-0.));
#1740=AXIS2_PLACEMENT_3D('',#1737,#1738,#1739);
#1741=CYLINDRICAL_SURFACE('',#1740,1.65);
#1742=CARTESIAN_POINT('',(90.64877768,158.699965813,39.4));
#1743=DIRECTION('',(-0.,0.,1.));
#1744=VECTOR('',#1743,2.);
#1745=LINE('',#1742,#1744);
#1746=EDGE_CURVE('',#1375,#659,#1745,.T.);
#1747=ORIENTED_EDGE('',*,*,#1746,.F.);
#1748=ORIENTED_EDGE('',*,*,#1381,.F.);
#1749=ORIENTED_EDGE('',*,*,#1388,.F.);
#1750=ORIENTED_EDGE('',*,*,#1746,.T.);
#1751=ORIENTED_EDGE('',*,*,#667,.T.);
#1752=ORIENTED_EDGE('',*,*,#674,.T.);
#1753=EDGE_LOOP('',(#1747,#1748,#1749,#1750,#1751,#1752));
#1754=FACE_BOUND('',#1753,.T.);
#1755=ADVANCED_FACE('',(#1754),#1741,.F.);
#1756=CARTESIAN_POINT('',(168.699592742,70.556253133,41.4));
#1757=DIRECTION('',(-0.,-1.,0.));
#1758=DIRECTION('',(1.,-0.,0.));
#1759=AXIS2_PLACEMENT_3D('',#1756,#1757,#1758);
#1760=PLANE('',#1759);
#1761=CARTESIAN_POINT('',(201.691840453,70.556253133,41.4));
#1762=DIRECTION('',(0.,-0.,-1.));
#1763=VECTOR('',#1762,2.);
#1764=LINE('',#1761,#1763);
#1765=EDGE_CURVE('',#193,#1195,#1764,.T.);
#1766=ORIENTED_EDGE('',*,*,#1765,.F.);
#1767=ORIENTED_EDGE('',*,*,#198,.T.);
#1768=CARTESIAN_POINT('',(187.553904664,70.556253133,43.4));
#1769=VERTEX_POINT('',#1768);
#1770=CARTESIAN_POINT('',(187.553904664,70.556253133,43.4));
#1771=DIRECTION('',(0.,-0.,-1.));
#1772=VECTOR('',#1771,2.);
#1773=LINE('',#1770,#1772);
#1774=EDGE_CURVE('',#1769,#185,#1773,.T.);
#1775=ORIENTED_EDGE('',*,*,#1774,.F.);
#1776=CARTESIAN_POINT('',(150.14,70.556253133,43.4));
#1777=VERTEX_POINT('',#1776);
#1778=CARTESIAN_POINT('',(187.553904664,70.556253133,43.4));
#1779=DIRECTION('',(-1.,-0.,-0.));
#1780=VECTOR('',#1779,37.413904664);
#1781=LINE('',#1778,#1780);
#1782=EDGE_CURVE('',#1769,#1777,#1781,.T.);
#1783=ORIENTED_EDGE('',*,*,#1782,.T.);
#1784=CARTESIAN_POINT('',(150.14,70.556253133,43.4));
#1785=DIRECTION('',(0.,-0.,-1.));
#1786=VECTOR('',#1785,2.);
#1787=LINE('',#1784,#1786);
#1788=EDGE_CURVE('',#1777,#161,#1787,.T.);
#1789=ORIENTED_EDGE('',*,*,#1788,.T.);
#1790=ORIENTED_EDGE('',*,*,#166,.T.);
#1791=CARTESIAN_POINT('',(138.505280797,70.556253133,41.4));
#1792=DIRECTION('',(0.,-0.,-1.));
#1793=VECTOR('',#1792,2.);
#1794=LINE('',#1791,#1793);
#1795=EDGE_CURVE('',#153,#1203,#1794,.T.);
#1796=ORIENTED_EDGE('',*,*,#1795,.T.);
#1797=ORIENTED_EDGE('',*,*,#1208,.F.);
#1798=EDGE_LOOP('',(#1766,#1767,#1775,#1783,#1789,#1790,#1796,#1797));
#1799=FACE_BOUND('',#1798,.T.);
#1800=ADVANCED_FACE('',(#1799),#1760,.T.);
#1801=CARTESIAN_POINT('',(149.399592783,132.101975178,39.4));
#1802=DIRECTION('',(-1.,0.,-0.));
#1803=DIRECTION('',(-0.,-1.,0.));
#1804=AXIS2_PLACEMENT_3D('',#1801,#1802,#1803);
#1805=PLANE('',#1804);
#1806=ORIENTED_EDGE('',*,*,#1452,.F.);
#1807=CARTESIAN_POINT('',(149.399592783,138.290209102,39.4));
#1808=DIRECTION('',(-0.,0.,1.));
#1809=VECTOR('',#1808,2.);
#1810=LINE('',#1807,#1809);
#1811=EDGE_CURVE('',#1437,#681,#1810,.T.);
#1812=ORIENTED_EDGE('',*,*,#1811,.T.);
#1813=ORIENTED_EDGE('',*,*,#708,.T.);
#1814=CARTESIAN_POINT('',(149.399592757,93.080366706,39.4));
#1815=DIRECTION('',(-0.,0.,1.));
#1816=VECTOR('',#1815,2.);
#1817=LINE('',#1814,#1816);
#1818=EDGE_CURVE('',#1447,#697,#1817,.T.);
#1819=ORIENTED_EDGE('',*,*,#1818,.F.);
#1820=EDGE_LOOP('',(#1806,#1812,#1813,#1819));
#1821=FACE_BOUND('',#1820,.T.);
#1822=ADVANCED_FACE('',(#1821),#1805,.F.);
#1823=CARTESIAN_POINT('',(147.199592787,138.290209103,51.4));
#1824=DIRECTION('',(-0.,-1.,0.));
#1825=DIRECTION('',(1.,-0.,0.));
#1826=AXIS2_PLACEMENT_3D('',#1823,#1824,#1825);
#1827=PLANE('',#1826);
#1828=ORIENTED_EDGE('',*,*,#1811,.F.);
#1829=ORIENTED_EDGE('',*,*,#1444,.T.);
#1830=CARTESIAN_POINT('',(196.699592783,138.29020907,41.4));
#1831=DIRECTION('',(0.,-0.,-1.));
#1832=VECTOR('',#1831,2.);
#1833=LINE('',#1830,#1832);
#1834=EDGE_CURVE('',#679,#1439,#1833,.T.);
#1835=ORIENTED_EDGE('',*,*,#1834,.F.);
#1836=ORIENTED_EDGE('',*,*,#686,.T.);
#1837=EDGE_LOOP('',(#1828,#1829,#1835,#1836));
#1838=FACE_BOUND('',#1837,.T.);
#1839=ADVANCED_FACE('',(#1838),#1827,.T.);
#1840=CARTESIAN_POINT('',(141.705280787,38.556253151,41.4));
#1841=DIRECTION('',(0.,1.,-0.));
#1842=DIRECTION('',(-1.,0.,-0.));
#1843=AXIS2_PLACEMENT_3D('',#1840,#1841,#1842);
#1844=PLANE('',#1843);
#1845=CARTESIAN_POINT('',(138.505280797,38.556253151,41.4));
#1846=DIRECTION('',(0.,-0.,-1.));
#1847=VECTOR('',#1846,2.);
#1848=LINE('',#1845,#1847);
#1849=EDGE_CURVE('',#145,#1211,#1848,.T.);
#1850=ORIENTED_EDGE('',*,*,#1849,.F.);
#1851=ORIENTED_EDGE('',*,*,#150,.F.);
#1852=CARTESIAN_POINT('',(137.579285533,38.556253151,41.4));
#1853=DIRECTION('',(0.,-0.,-1.));
#1854=VECTOR('',#1853,2.);
#1855=LINE('',#1852,#1854);
#1856=EDGE_CURVE('',#136,#934,#1855,.T.);
#1857=ORIENTED_EDGE('',*,*,#1856,.T.);
#1858=ORIENTED_EDGE('',*,*,#1222,.T.);
#1859=EDGE_LOOP('',(#1850,#1851,#1857,#1858));
#1860=FACE_BOUND('',#1859,.T.);
#1861=ADVANCED_FACE('',(#1860),#1844,.F.);
#1862=CARTESIAN_POINT('',(168.699592777,122.290209089,41.4));
#1863=DIRECTION('',(0.,-0.,-1.));
#1864=DIRECTION('',(-0.711488211,-0.702698033,0.));
#1865=AXIS2_PLACEMENT_3D('',#1862,#1863,#1864);
#1866=CYLINDRICAL_SURFACE('',#1865,89.33);
#1867=ORIENTED_EDGE('',*,*,#142,.F.);
#1868=CARTESIAN_POINT('',(127.704621013,42.922323959,41.4));
#1869=DIRECTION('',(0.,-0.,-1.));
#1870=VECTOR('',#1869,2.);
#1871=LINE('',#1868,#1870);
#1872=EDGE_CURVE('',#127,#932,#1871,.T.);
#1873=ORIENTED_EDGE('',*,*,#1872,.T.);
#1874=ORIENTED_EDGE('',*,*,#940,.T.);
#1875=ORIENTED_EDGE('',*,*,#1856,.F.);
#1876=EDGE_LOOP('',(#1867,#1873,#1874,#1875));
#1877=FACE_BOUND('',#1876,.T.);
#1878=ADVANCED_FACE('',(#1877),#1866,.T.);
#1879=CARTESIAN_POINT('',(168.699592777,122.290209089,41.4));
#1880=DIRECTION('',(0.,-0.,-1.));
#1881=DIRECTION('',(-0.711488211,-0.702698033,0.));
#1882=AXIS2_PLACEMENT_3D('',#1879,#1880,#1881);
#1883=CYLINDRICAL_SURFACE('',#1882,89.83);
#1884=ORIENTED_EDGE('',*,*,#248,.F.);
#1885=CARTESIAN_POINT('',(249.381828431,82.795832908,41.4));
#1886=DIRECTION('',(0.,-0.,-1.));
#1887=VECTOR('',#1886,2.);
#1888=LINE('',#1885,#1887);
#1889=EDGE_CURVE('',#233,#1153,#1888,.T.);
#1890=ORIENTED_EDGE('',*,*,#1889,.T.);
#1891=ORIENTED_EDGE('',*,*,#1159,.T.);
#1892=CARTESIAN_POINT('',(248.907099392,162.739990084,39.4));
#1893=DIRECTION('',(-0.,0.,1.));
#1894=VECTOR('',#1893,2.);
#1895=LINE('',#1892,#1894);
#1896=EDGE_CURVE('',#1144,#242,#1895,.T.);
#1897=ORIENTED_EDGE('',*,*,#1896,.T.);
#1898=EDGE_LOOP('',(#1884,#1890,#1891,#1897));
#1899=FACE_BOUND('',#1898,.T.);
#1900=ADVANCED_FACE('',(#1899),#1883,.T.);
#1901=CARTESIAN_POINT('',(244.579344348,85.725594476,41.4));
#1902=DIRECTION('',(0.707106782,0.707106781,-0.));
#1903=DIRECTION('',(-0.707106781,0.707106782,-0.));
#1904=AXIS2_PLACEMENT_3D('',#1901,#1902,#1903);
#1905=PLANE('',#1904);
#1906=ORIENTED_EDGE('',*,*,#1176,.T.);
#1907=CARTESIAN_POINT('',(247.776555829,82.528382992,39.4));
#1908=DIRECTION('',(-0.,0.,1.));
#1909=VECTOR('',#1908,2.);
#1910=LINE('',#1907,#1909);
#1911=EDGE_CURVE('',#1162,#225,#1910,.T.);
#1912=ORIENTED_EDGE('',*,*,#1911,.T.);
#1913=ORIENTED_EDGE('',*,*,#230,.F.);
#1914=CARTESIAN_POINT('',(241.114521118,89.190417709,41.4));
#1915=DIRECTION('',(0.,-0.,-1.));
#1916=VECTOR('',#1915,2.);
#1917=LINE('',#1914,#1916);
#1918=EDGE_CURVE('',#217,#1171,#1917,.T.);
#1919=ORIENTED_EDGE('',*,*,#1918,.T.);
#1920=EDGE_LOOP('',(#1906,#1912,#1913,#1919));
#1921=FACE_BOUND('',#1920,.T.);
#1922=ADVANCED_FACE('',(#1921),#1905,.F.);
#1923=CARTESIAN_POINT('',(168.701037158,122.716496615,41.4));
#1924=DIRECTION('',(-0.,0.,1.));
#1925=DIRECTION('',(0.,-1.,0.));
#1926=AXIS2_PLACEMENT_3D('',#1923,#1924,#1925);
#1927=CYLINDRICAL_SURFACE('',#1926,89.12);
#1928=ORIENTED_EDGE('',*,*,#324,.F.);
#1929=CARTESIAN_POINT('',(209.445422504,201.977265365,41.4));
#1930=DIRECTION('',(0.,-0.,-1.));
#1931=VECTOR('',#1930,2.);
#1932=LINE('',#1929,#1931);
#1933=EDGE_CURVE('',#309,#1077,#1932,.T.);
#1934=ORIENTED_EDGE('',*,*,#1933,.T.);
#1935=ORIENTED_EDGE('',*,*,#1083,.T.);
#1936=CARTESIAN_POINT('',(128.494696303,202.251548983,39.4));
#1937=DIRECTION('',(-0.,0.,1.));
#1938=VECTOR('',#1937,2.);
#1939=LINE('',#1936,#1938);
#1940=EDGE_CURVE('',#1068,#318,#1939,.T.);
#1941=ORIENTED_EDGE('',*,*,#1940,.T.);
#1942=EDGE_LOOP('',(#1928,#1934,#1935,#1941));
#1943=FACE_BOUND('',#1942,.T.);
#1944=ADVANCED_FACE('',(#1943),#1927,.T.);
#1945=CARTESIAN_POINT('',(243.872237617,159.561930382,41.4));
#1946=DIRECTION('',(0.707106781,-0.707106782,0.));
#1947=DIRECTION('',(0.707106782,0.707106781,-0.));
#1948=AXIS2_PLACEMENT_3D('',#1945,#1946,#1947);
#1949=PLANE('',#1948);
#1950=ORIENTED_EDGE('',*,*,#274,.F.);
#1951=CARTESIAN_POINT('',(247.30711154,162.996804302,41.4));
#1952=DIRECTION('',(0.,-0.,-1.));
#1953=VECTOR('',#1952,2.);
#1954=LINE('',#1951,#1953);
#1955=EDGE_CURVE('',#260,#1127,#1954,.T.);
#1956=ORIENTED_EDGE('',*,*,#1955,.T.);
#1957=ORIENTED_EDGE('',*,*,#1132,.T.);
#1958=CARTESIAN_POINT('',(239.568886253,155.258579023,39.4));
#1959=DIRECTION('',(-0.,0.,1.));
#1960=VECTOR('',#1959,2.);
#1961=LINE('',#1958,#1960);
#1962=EDGE_CURVE('',#1119,#269,#1961,.T.);
#1963=ORIENTED_EDGE('',*,*,#1962,.T.);
#1964=EDGE_LOOP('',(#1950,#1956,#1957,#1963));
#1965=FACE_BOUND('',#1964,.T.);
#1966=ADVANCED_FACE('',(#1965),#1949,.F.);
#1967=CARTESIAN_POINT('',(217.315428244,170.90604449,41.4));
#1968=DIRECTION('',(-0.707106782,-0.707106781,0.));
#1969=DIRECTION('',(0.707106781,-0.707106782,0.));
#1970=AXIS2_PLACEMENT_3D('',#1967,#1968,#1969);
#1971=PLANE('',#1970);
#1972=ORIENTED_EDGE('',*,*,#290,.F.);
#1973=CARTESIAN_POINT('',(232.962893693,155.258579026,41.4));
#1974=DIRECTION('',(0.,-0.,-1.));
#1975=VECTOR('',#1974,2.);
#1976=LINE('',#1973,#1975);
#1977=EDGE_CURVE('',#277,#1111,#1976,.T.);
#1978=ORIENTED_EDGE('',*,*,#1977,.T.);
#1979=ORIENTED_EDGE('',*,*,#1116,.T.);
#1980=CARTESIAN_POINT('',(202.011516187,186.209956562,39.4));
#1981=DIRECTION('',(-0.,0.,1.));
#1982=VECTOR('',#1981,2.);
#1983=LINE('',#1980,#1982);
#1984=EDGE_CURVE('',#1103,#285,#1983,.T.);
#1985=ORIENTED_EDGE('',*,*,#1984,.T.);
#1986=EDGE_LOOP('',(#1972,#1978,#1979,#1985));
#1987=FACE_BOUND('',#1986,.T.);
#1988=ADVANCED_FACE('',(#1987),#1971,.F.);
#1989=CARTESIAN_POINT('',(206.374365035,197.059803014,41.4));
#1990=DIRECTION('',(-0.707106781,0.707106782,-0.));
#1991=DIRECTION('',(-0.707106782,-0.707106781,0.));
#1992=AXIS2_PLACEMENT_3D('',#1989,#1990,#1991);
#1993=PLANE('',#1992);
#1994=ORIENTED_EDGE('',*,*,#1100,.T.);
#1995=CARTESIAN_POINT('',(209.695347392,200.380785368,39.4));
#1996=DIRECTION('',(-0.,0.,1.));
#1997=VECTOR('',#1996,2.);
#1998=LINE('',#1995,#1997);
#1999=EDGE_CURVE('',#1086,#301,#1998,.T.);
#2000=ORIENTED_EDGE('',*,*,#1999,.T.);
#2001=ORIENTED_EDGE('',*,*,#306,.F.);
#2002=CARTESIAN_POINT('',(202.01151619,192.696954172,41.4));
#2003=DIRECTION('',(0.,-0.,-1.));
#2004=VECTOR('',#2003,2.);
#2005=LINE('',#2002,#2004);
#2006=EDGE_CURVE('',#293,#1095,#2005,.T.);
#2007=ORIENTED_EDGE('',*,*,#2006,.T.);
#2008=EDGE_LOOP('',(#1994,#2000,#2001,#2007));
#2009=FACE_BOUND('',#2008,.T.);
#2010=ADVANCED_FACE('',(#2009),#1993,.F.);
#2011=CARTESIAN_POINT('',(168.699592777,122.290209089,41.4));
#2012=DIRECTION('',(0.,-0.,-1.));
#2013=DIRECTION('',(-0.711488211,-0.702698033,0.));
#2014=AXIS2_PLACEMENT_3D('',#2011,#2012,#2013);
#2015=CYLINDRICAL_SURFACE('',#2014,89.2);
#2016=ORIENTED_EDGE('',*,*,#1007,.T.);
#2017=CARTESIAN_POINT('',(89.231129403,81.775972962,39.4));
#2018=DIRECTION('',(-0.,0.,1.));
#2019=VECTOR('',#2018,2.);
#2020=LINE('',#2017,#2019);
#2021=EDGE_CURVE('',#992,#394,#2020,.T.);
#2022=ORIENTED_EDGE('',*,*,#2021,.T.);
#2023=ORIENTED_EDGE('',*,*,#400,.F.);
#2024=CARTESIAN_POINT('',(89.200240093,162.743798829,41.4));
#2025=DIRECTION('',(0.,-0.,-1.));
#2026=VECTOR('',#2025,2.);
#2027=LINE('',#2024,#2026);
#2028=EDGE_CURVE('',#385,#1001,#2027,.T.);
#2029=ORIENTED_EDGE('',*,*,#2028,.T.);
#2030=EDGE_LOOP('',(#2016,#2022,#2023,#2029));
#2031=FACE_BOUND('',#2030,.T.);
#2032=ADVANCED_FACE('',(#2031),#2015,.T.);
#2033=CARTESIAN_POINT('',(120.474787426,170.515014506,41.4));
#2034=DIRECTION('',(0.707106781,-0.707106782,0.));
#2035=DIRECTION('',(0.707106782,0.707106781,-0.));
#2036=AXIS2_PLACEMENT_3D('',#2033,#2034,#2035);
#2037=PLANE('',#2036);
#2038=ORIENTED_EDGE('',*,*,#357,.F.);
#2039=CARTESIAN_POINT('',(136.101847298,186.142074363,41.4));
#2040=DIRECTION('',(0.,-0.,-1.));
#2041=VECTOR('',#2040,2.);
#2042=LINE('',#2039,#2041);
#2043=EDGE_CURVE('',#344,#1044,#2042,.T.);
#2044=ORIENTED_EDGE('',*,*,#2043,.T.);
#2045=ORIENTED_EDGE('',*,*,#1049,.T.);
#2046=CARTESIAN_POINT('',(105.201280946,155.24150804,39.4));
#2047=DIRECTION('',(-0.,0.,1.));
#2048=VECTOR('',#2047,2.);
#2049=LINE('',#2046,#2048);
#2050=EDGE_CURVE('',#1036,#352,#2049,.T.);
#2051=ORIENTED_EDGE('',*,*,#2050,.T.);
#2052=EDGE_LOOP('',(#2038,#2044,#2045,#2051));
#2053=FACE_BOUND('',#2052,.T.);
#2054=ADVANCED_FACE('',(#2053),#2037,.F.);
#2055=CARTESIAN_POINT('',(131.427871483,197.462853929,41.4));
#2056=DIRECTION('',(0.707106782,0.707106781,-0.));
#2057=DIRECTION('',(-0.707106781,0.707106782,-0.));
#2058=AXIS2_PLACEMENT_3D('',#2055,#2056,#2057);
#2059=PLANE('',#2058);
#2060=ORIENTED_EDGE('',*,*,#341,.F.);
#2061=CARTESIAN_POINT('',(128.238734094,200.651991321,41.4));
#2062=DIRECTION('',(0.,-0.,-1.));
#2063=VECTOR('',#2062,2.);
#2064=LINE('',#2061,#2063);
#2065=EDGE_CURVE('',#327,#1060,#2064,.T.);
#2066=ORIENTED_EDGE('',*,*,#2065,.T.);
#2067=ORIENTED_EDGE('',*,*,#1065,.T.);
#2068=CARTESIAN_POINT('',(136.101847302,192.788878107,39.4));
#2069=DIRECTION('',(-0.,0.,1.));
#2070=VECTOR('',#2069,2.);
#2071=LINE('',#2068,#2070);
#2072=EDGE_CURVE('',#1052,#336,#2071,.T.);
#2073=ORIENTED_EDGE('',*,*,#2072,.T.);
#2074=EDGE_LOOP('',(#2060,#2066,#2067,#2073));
#2075=FACE_BOUND('',#2074,.T.);
#2076=ADVANCED_FACE('',(#2075),#2059,.F.);
#2077=CARTESIAN_POINT('',(93.880501377,159.915483873,41.4));
#2078=DIRECTION('',(-0.707106782,-0.707106781,0.));
#2079=DIRECTION('',(0.707106781,-0.707106782,0.));
#2080=AXIS2_PLACEMENT_3D('',#2077,#2078,#2079);
#2081=PLANE('',#2080);
#2082=ORIENTED_EDGE('',*,*,#373,.F.);
#2083=CARTESIAN_POINT('',(98.554477203,155.241508043,41.4));
#2084=DIRECTION('',(0.,-0.,-1.));
#2085=VECTOR('',#2084,2.);
#2086=LINE('',#2083,#2085);
#2087=EDGE_CURVE('',#360,#1028,#2086,.T.);
#2088=ORIENTED_EDGE('',*,*,#2087,.T.);
#2089=ORIENTED_EDGE('',*,*,#1033,.T.);
#2090=CARTESIAN_POINT('',(90.798595223,162.99739003,39.4));
#2091=DIRECTION('',(-0.,0.,1.));
#2092=VECTOR('',#2091,2.);
#2093=LINE('',#2090,#2092);
#2094=EDGE_CURVE('',#1019,#368,#2093,.T.);
#2095=ORIENTED_EDGE('',*,*,#2094,.T.);
#2096=EDGE_LOOP('',(#2082,#2088,#2089,#2095));
#2097=FACE_BOUND('',#2096,.T.);
#2098=ADVANCED_FACE('',(#2097),#2081,.F.);
#2099=CARTESIAN_POINT('',(120.446503088,74.037119467,41.4));
#2100=DIRECTION('',(0.707106782,0.707106781,-0.));
#2101=DIRECTION('',(-0.707106781,0.707106782,-0.));
#2102=AXIS2_PLACEMENT_3D('',#2099,#2100,#2101);
#2103=PLANE('',#2102);
#2104=ORIENTED_EDGE('',*,*,#433,.F.);
#2105=CARTESIAN_POINT('',(105.223631899,89.259990671,41.4));
#2106=DIRECTION('',(0.,-0.,-1.));
#2107=VECTOR('',#2106,2.);
#2108=LINE('',#2105,#2107);
#2109=EDGE_CURVE('',#420,#968,#2108,.T.);
#2110=ORIENTED_EDGE('',*,*,#2109,.T.);
#2111=ORIENTED_EDGE('',*,*,#973,.T.);
#2112=CARTESIAN_POINT('',(136.085280799,58.398341742,39.4));
#2113=DIRECTION('',(-0.,0.,1.));
#2114=VECTOR('',#2113,2.);
#2115=LINE('',#2112,#2114);
#2116=EDGE_CURVE('',#960,#428,#2115,.T.);
#2117=ORIENTED_EDGE('',*,*,#2116,.T.);
#2118=EDGE_LOOP('',(#2104,#2110,#2111,#2117));
#2119=FACE_BOUND('',#2118,.T.);
#2120=ADVANCED_FACE('',(#2119),#2103,.F.);
#2121=CARTESIAN_POINT('',(130.741977806,47.803457877,41.4));
#2122=DIRECTION('',(0.707106781,-0.707106782,0.));
#2123=DIRECTION('',(0.707106782,0.707106781,-0.));
#2124=AXIS2_PLACEMENT_3D('',#2121,#2122,#2123);
#2125=PLANE('',#2124);
#2126=ORIENTED_EDGE('',*,*,#957,.T.);
#2127=CARTESIAN_POINT('',(127.456430293,44.517910368,39.4));
#2128=DIRECTION('',(-0.,0.,1.));
#2129=VECTOR('',#2128,2.);
#2130=LINE('',#2127,#2129);
#2131=EDGE_CURVE('',#943,#119,#2130,.T.);
#2132=ORIENTED_EDGE('',*,*,#2131,.T.);
#2133=ORIENTED_EDGE('',*,*,#124,.F.);
#2134=CARTESIAN_POINT('',(136.085280797,53.146760863,41.4));
#2135=DIRECTION('',(0.,-0.,-1.));
#2136=VECTOR('',#2135,2.);
#2137=LINE('',#2134,#2136);
#2138=EDGE_CURVE('',#117,#952,#2137,.T.);
#2139=ORIENTED_EDGE('',*,*,#2138,.T.);
#2140=EDGE_LOOP('',(#2126,#2132,#2133,#2139));
#2141=FACE_BOUND('',#2140,.T.);
#2142=ADVANCED_FACE('',(#2141),#2125,.F.);
#2143=CARTESIAN_POINT('',(93.92575616,84.619679571,41.4));
#2144=DIRECTION('',(-0.707106781,0.707106782,-0.));
#2145=DIRECTION('',(-0.707106782,-0.707106781,0.));
#2146=AXIS2_PLACEMENT_3D('',#2143,#2144,#2145);
#2147=PLANE('',#2146);
#2148=ORIENTED_EDGE('',*,*,#417,.F.);
#2149=CARTESIAN_POINT('',(90.829138239,81.523061653,41.4));
#2150=DIRECTION('',(0.,-0.,-1.));
#2151=VECTOR('',#2150,2.);
#2152=LINE('',#2149,#2151);
#2153=EDGE_CURVE('',#403,#984,#2152,.T.);
#2154=ORIENTED_EDGE('',*,*,#2153,.T.);
#2155=ORIENTED_EDGE('',*,*,#989,.T.);
#2156=CARTESIAN_POINT('',(98.566067268,89.259990675,39.4));
#2157=DIRECTION('',(-0.,0.,1.));
#2158=VECTOR('',#2157,2.);
#2159=LINE('',#2156,#2158);
#2160=EDGE_CURVE('',#976,#412,#2159,.T.);
#2161=ORIENTED_EDGE('',*,*,#2160,.T.);
#2162=EDGE_LOOP('',(#2148,#2154,#2155,#2161));
#2163=FACE_BOUND('',#2162,.T.);
#2164=ADVANCED_FACE('',(#2163),#2147,.F.);
#2165=CARTESIAN_POINT('',(138.505280797,54.556253147,41.4));
#2166=DIRECTION('',(1.,-0.,0.));
#2167=DIRECTION('',(0.,1.,-0.));
#2168=AXIS2_PLACEMENT_3D('',#2165,#2166,#2167);
#2169=PLANE('',#2168);
#2170=ORIENTED_EDGE('',*,*,#1216,.F.);
#2171=ORIENTED_EDGE('',*,*,#1795,.F.);
#2172=ORIENTED_EDGE('',*,*,#158,.T.);
#2173=ORIENTED_EDGE('',*,*,#1849,.T.);
#2174=EDGE_LOOP('',(#2170,#2171,#2172,#2173));
#2175=FACE_BOUND('',#2174,.T.);
#2176=ADVANCED_FACE('',(#2175),#2169,.T.);
#2177=CARTESIAN_POINT('',(202.049592752,84.080366688,39.4));
#2178=DIRECTION('',(-0.,0.,1.));
#2179=DIRECTION('',(0.711488211,0.702698033,-0.));
#2180=AXIS2_PLACEMENT_3D('',#2177,#2178,#2179);
#2181=CYLINDRICAL_SURFACE('',#2180,1.35);
#2182=CARTESIAN_POINT('',(203.010101836,85.029009032,43.4));
#2183=VERTEX_POINT('',#2182);
#2184=CARTESIAN_POINT('',(203.010101836,85.029009032,43.4));
#2185=DIRECTION('',(0.,-0.,-1.));
#2186=VECTOR('',#2185,4.);
#2187=LINE('',#2184,#2186);
#2188=EDGE_CURVE('',#2183,#1393,#2187,.T.);
#2189=ORIENTED_EDGE('',*,*,#2188,.F.);
#2190=CARTESIAN_POINT('',(202.049592752,84.080366688,43.4));
#2191=DIRECTION('',(-0.,0.,1.));
#2192=DIRECTION('',(0.711488211,0.702698033,-0.));
#2193=AXIS2_PLACEMENT_3D('',#2190,#2191,#2192);
#2194=CIRCLE('',#2193,1.35);
#2195=EDGE_CURVE('',#2183,#2183,#2194,.T.);
#2196=ORIENTED_EDGE('',*,*,#2195,.T.);
#2197=ORIENTED_EDGE('',*,*,#2188,.T.);
#2198=ORIENTED_EDGE('',*,*,#1399,.F.);
#2199=EDGE_LOOP('',(#2189,#2196,#2197,#2198));
#2200=FACE_BOUND('',#2199,.T.);
#2201=ADVANCED_FACE('',(#2200),#2181,.F.);
#2202=CARTESIAN_POINT('',(202.049592783,133.080366687,39.4));
#2203=DIRECTION('',(-0.,0.,1.));
#2204=DIRECTION('',(0.711488211,0.702698033,-0.));
#2205=AXIS2_PLACEMENT_3D('',#2202,#2203,#2204);
#2206=CYLINDRICAL_SURFACE('',#2205,1.35);
#2207=CARTESIAN_POINT('',(203.010101868,134.029009032,43.4));
#2208=VERTEX_POINT('',#2207);
#2209=CARTESIAN_POINT('',(203.010101868,134.029009032,43.4));
#2210=DIRECTION('',(0.,-0.,-1.));
#2211=VECTOR('',#2210,4.);
#2212=LINE('',#2209,#2211);
#2213=EDGE_CURVE('',#2208,#1404,#2212,.T.);
#2214=ORIENTED_EDGE('',*,*,#2213,.F.);
#2215=CARTESIAN_POINT('',(202.049592783,133.080366687,43.4));
#2216=DIRECTION('',(-0.,0.,1.));
#2217=DIRECTION('',(0.711488211,0.702698033,-0.));
#2218=AXIS2_PLACEMENT_3D('',#2215,#2216,#2217);
#2219=CIRCLE('',#2218,1.35);
#2220=EDGE_CURVE('',#2208,#2208,#2219,.T.);
#2221=ORIENTED_EDGE('',*,*,#2220,.T.);
#2222=ORIENTED_EDGE('',*,*,#2213,.T.);
#2223=ORIENTED_EDGE('',*,*,#1410,.F.);
#2224=EDGE_LOOP('',(#2214,#2221,#2222,#2223));
#2225=FACE_BOUND('',#2224,.T.);
#2226=ADVANCED_FACE('',(#2225),#2206,.F.);
#2227=CARTESIAN_POINT('',(144.049592751,84.080366726,39.4));
#2228=DIRECTION('',(-0.,0.,1.));
#2229=DIRECTION('',(0.711488211,0.702698033,-0.));
#2230=AXIS2_PLACEMENT_3D('',#2227,#2228,#2229);
#2231=CYLINDRICAL_SURFACE('',#2230,1.35);
#2232=CARTESIAN_POINT('',(145.010101836,85.02900907,43.4));
#2233=VERTEX_POINT('',#2232);
#2234=CARTESIAN_POINT('',(145.010101836,85.02900907,43.4));
#2235=DIRECTION('',(0.,-0.,-1.));
#2236=VECTOR('',#2235,4.);
#2237=LINE('',#2234,#2236);
#2238=EDGE_CURVE('',#2233,#1415,#2237,.T.);
#2239=ORIENTED_EDGE('',*,*,#2238,.F.);
#2240=CARTESIAN_POINT('',(144.049592751,84.080366726,43.4));
#2241=DIRECTION('',(-0.,0.,1.));
#2242=DIRECTION('',(0.711488211,0.702698033,-0.));
#2243=AXIS2_PLACEMENT_3D('',#2240,#2241,#2242);
#2244=CIRCLE('',#2243,1.35);
#2245=EDGE_CURVE('',#2233,#2233,#2244,.T.);
#2246=ORIENTED_EDGE('',*,*,#2245,.T.);
#2247=ORIENTED_EDGE('',*,*,#2238,.T.);
#2248=ORIENTED_EDGE('',*,*,#1421,.F.);
#2249=EDGE_LOOP('',(#2239,#2246,#2247,#2248));
#2250=FACE_BOUND('',#2249,.T.);
#2251=ADVANCED_FACE('',(#2250),#2231,.F.);
#2252=CARTESIAN_POINT('',(144.049592784,133.080366726,39.4));
#2253=DIRECTION('',(-0.,0.,1.));
#2254=DIRECTION('',(0.711488211,0.702698033,-0.));
#2255=AXIS2_PLACEMENT_3D('',#2252,#2253,#2254);
#2256=CYLINDRICAL_SURFACE('',#2255,1.35);
#2257=CARTESIAN_POINT('',(145.010101869,134.029009071,43.4));
#2258=VERTEX_POINT('',#2257);
#2259=CARTESIAN_POINT('',(145.010101869,134.029009071,43.4));
#2260=DIRECTION('',(0.,-0.,-1.));
#2261=VECTOR('',#2260,4.);
#2262=LINE('',#2259,#2261);
#2263=EDGE_CURVE('',#2258,#1426,#2262,.T.);
#2264=ORIENTED_EDGE('',*,*,#2263,.F.);
#2265=CARTESIAN_POINT('',(144.049592784,133.080366726,43.4));
#2266=DIRECTION('',(-0.,0.,1.));
#2267=DIRECTION('',(0.711488211,0.702698033,-0.));
#2268=AXIS2_PLACEMENT_3D('',#2265,#2266,#2267);
#2269=CIRCLE('',#2268,1.35);
#2270=EDGE_CURVE('',#2258,#2258,#2269,.T.);
#2271=ORIENTED_EDGE('',*,*,#2270,.T.);
#2272=ORIENTED_EDGE('',*,*,#2263,.T.);
#2273=ORIENTED_EDGE('',*,*,#1432,.F.);
#2274=EDGE_LOOP('',(#2264,#2271,#2272,#2273));
#2275=FACE_BOUND('',#2274,.T.);
#2276=ADVANCED_FACE('',(#2275),#2256,.F.);
#2277=CARTESIAN_POINT('',(196.699592783,132.343421144,39.4));
#2278=DIRECTION('',(-1.,0.,-0.));
#2279=DIRECTION('',(-0.,-1.,0.));
#2280=AXIS2_PLACEMENT_3D('',#2277,#2278,#2279);
#2281=PLANE('',#2280);
#2282=ORIENTED_EDGE('',*,*,#694,.F.);
#2283=ORIENTED_EDGE('',*,*,#1834,.T.);
#2284=ORIENTED_EDGE('',*,*,#1466,.T.);
#2285=CARTESIAN_POINT('',(196.699592783,93.080366691,39.4));
#2286=DIRECTION('',(-0.,0.,1.));
#2287=VECTOR('',#2286,2.);
#2288=LINE('',#2285,#2287);
#2289=EDGE_CURVE('',#1455,#689,#2288,.T.);
#2290=ORIENTED_EDGE('',*,*,#2289,.T.);
#2291=EDGE_LOOP('',(#2282,#2283,#2284,#2290));
#2292=FACE_BOUND('',#2291,.T.);
#2293=ADVANCED_FACE('',(#2292),#2281,.T.);
#2294=CARTESIAN_POINT('',(173.049592757,93.080366706,39.4));
#2295=DIRECTION('',(-0.,-1.,0.));
#2296=DIRECTION('',(1.,-0.,0.));
#2297=AXIS2_PLACEMENT_3D('',#2294,#2295,#2296);
#2298=PLANE('',#2297);
#2299=ORIENTED_EDGE('',*,*,#702,.T.);
#2300=ORIENTED_EDGE('',*,*,#2289,.F.);
#2301=ORIENTED_EDGE('',*,*,#1460,.F.);
#2302=ORIENTED_EDGE('',*,*,#1818,.T.);
#2303=EDGE_LOOP('',(#2299,#2300,#2301,#2302));
#2304=FACE_BOUND('',#2303,.T.);
#2305=ADVANCED_FACE('',(#2304),#2298,.F.);
#2306=CARTESIAN_POINT('',(114.279831,137.397751616,47.4));
#2307=DIRECTION('',(0.,1.,-0.));
#2308=DIRECTION('',(-1.,0.,-0.));
#2309=AXIS2_PLACEMENT_3D('',#2306,#2307,#2308);
#2310=PLANE('',#2309);
#2311=ORIENTED_EDGE('',*,*,#720,.F.);
#2312=CARTESIAN_POINT('',(113.279830992,137.397751616,47.4));
#2313=VERTEX_POINT('',#2312);
#2314=CARTESIAN_POINT('',(113.279830984,137.397751617,47.4));
#2315=DIRECTION('',(0.,-0.,-1.));
#2316=VECTOR('',#2315,6.);
#2317=LINE('',#2314,#2316);
#2318=EDGE_CURVE('',#2313,#713,#2317,.T.);
#2319=ORIENTED_EDGE('',*,*,#2318,.F.);
#2320=CARTESIAN_POINT('',(115.279831001,137.397751616,47.4));
#2321=VERTEX_POINT('',#2320);
#2322=CARTESIAN_POINT('',(113.279830992,137.397751616,47.4));
#2323=DIRECTION('',(1.,-0.,0.));
#2324=VECTOR('',#2323,2.000000008);
#2325=LINE('',#2322,#2324);
#2326=EDGE_CURVE('',#2313,#2321,#2325,.T.);
#2327=ORIENTED_EDGE('',*,*,#2326,.T.);
#2328=CARTESIAN_POINT('',(115.279831001,137.397751616,47.4));
#2329=DIRECTION('',(0.,-0.,-1.));
#2330=VECTOR('',#2329,6.);
#2331=LINE('',#2328,#2330);
#2332=EDGE_CURVE('',#2321,#715,#2331,.T.);
#2333=ORIENTED_EDGE('',*,*,#2332,.T.);
#2334=EDGE_LOOP('',(#2311,#2319,#2327,#2333));
#2335=FACE_BOUND('',#2334,.T.);
#2336=ADVANCED_FACE('',(#2335),#2310,.T.);
#2337=CARTESIAN_POINT('',(113.279830984,112.897751616,47.4));
#2338=DIRECTION('',(1.,-0.,0.));
#2339=DIRECTION('',(0.,1.,-0.));
#2340=AXIS2_PLACEMENT_3D('',#2337,#2338,#2339);
#2341=PLANE('',#2340);
#2342=ORIENTED_EDGE('',*,*,#742,.T.);
#2343=CARTESIAN_POINT('',(113.279830967,88.397751616,47.4));
#2344=VERTEX_POINT('',#2343);
#2345=CARTESIAN_POINT('',(113.279830967,88.397751616,47.4));
#2346=DIRECTION('',(0.,-0.,-1.));
#2347=VECTOR('',#2346,6.);
#2348=LINE('',#2345,#2347);
#2349=EDGE_CURVE('',#2344,#731,#2348,.T.);
#2350=ORIENTED_EDGE('',*,*,#2349,.F.);
#2351=CARTESIAN_POINT('',(113.279831001,137.397751616,47.4));
#2352=DIRECTION('',(-0.000000001,-1.,0.));
#2353=VECTOR('',#2352,49.);
#2354=LINE('',#2351,#2353);
#2355=EDGE_CURVE('',#2313,#2344,#2354,.T.);
#2356=ORIENTED_EDGE('',*,*,#2355,.F.);
#2357=ORIENTED_EDGE('',*,*,#2318,.T.);
#2358=EDGE_LOOP('',(#2342,#2350,#2356,#2357));
#2359=FACE_BOUND('',#2358,.T.);
#2360=ADVANCED_FACE('',(#2359),#2341,.F.);
#2361=CARTESIAN_POINT('',(114.279830968,88.397751616,47.4));
#2362=DIRECTION('',(-0.,-1.,0.));
#2363=DIRECTION('',(1.,-0.,0.));
#2364=AXIS2_PLACEMENT_3D('',#2361,#2362,#2363);
#2365=PLANE('',#2364);
#2366=ORIENTED_EDGE('',*,*,#736,.F.);
#2367=CARTESIAN_POINT('',(115.279830976,88.397751616,47.4));
#2368=VERTEX_POINT('',#2367);
#2369=CARTESIAN_POINT('',(115.279830984,88.397751615,47.4));
#2370=DIRECTION('',(0.,-0.,-1.));
#2371=VECTOR('',#2370,6.);
#2372=LINE('',#2369,#2371);
#2373=EDGE_CURVE('',#2368,#723,#2372,.T.);
#2374=ORIENTED_EDGE('',*,*,#2373,.F.);
#2375=CARTESIAN_POINT('',(115.279830976,88.397751616,47.4));
#2376=DIRECTION('',(-1.,0.,-0.));
#2377=VECTOR('',#2376,2.000000008);
#2378=LINE('',#2375,#2377);
#2379=EDGE_CURVE('',#2368,#2344,#2378,.T.);
#2380=ORIENTED_EDGE('',*,*,#2379,.T.);
#2381=ORIENTED_EDGE('',*,*,#2349,.T.);
#2382=EDGE_LOOP('',(#2366,#2374,#2380,#2381));
#2383=FACE_BOUND('',#2382,.T.);
#2384=ADVANCED_FACE('',(#2383),#2365,.T.);
#2385=CARTESIAN_POINT('',(115.279830984,112.897751616,47.4));
#2386=DIRECTION('',(-1.,0.,-0.));
#2387=DIRECTION('',(-0.,-1.,0.));
#2388=AXIS2_PLACEMENT_3D('',#2385,#2386,#2387);
#2389=PLANE('',#2388);
#2390=ORIENTED_EDGE('',*,*,#728,.T.);
#2391=ORIENTED_EDGE('',*,*,#2332,.F.);
#2392=CARTESIAN_POINT('',(115.279830967,88.397751616,47.4));
#2393=DIRECTION('',(0.000000001,1.,-0.));
#2394=VECTOR('',#2393,49.);
#2395=LINE('',#2392,#2394);
#2396=EDGE_CURVE('',#2368,#2321,#2395,.T.);
#2397=ORIENTED_EDGE('',*,*,#2396,.F.);
#2398=ORIENTED_EDGE('',*,*,#2373,.T.);
#2399=EDGE_LOOP('',(#2390,#2391,#2397,#2398));
#2400=FACE_BOUND('',#2399,.T.);
#2401=ADVANCED_FACE('',(#2400),#2389,.F.);
#2402=CARTESIAN_POINT('',(34.006105449,-346.543003009,47.4));
#2403=DIRECTION('',(-0.,0.,1.));
#2404=DIRECTION('',(0.711488211,0.702698033,-0.));
#2405=AXIS2_PLACEMENT_3D('',#2402,#2403,#2404);
#2406=PLANE('',#2405);
#2407=ORIENTED_EDGE('',*,*,#2326,.F.);
#2408=ORIENTED_EDGE('',*,*,#2355,.T.);
#2409=ORIENTED_EDGE('',*,*,#2379,.F.);
#2410=ORIENTED_EDGE('',*,*,#2396,.T.);
#2411=EDGE_LOOP('',(#2407,#2408,#2409,#2410));
#2412=FACE_BOUND('',#2411,.T.);
#2413=ADVANCED_FACE('',(#2412),#2406,.T.);
#2414=CARTESIAN_POINT('',(208.338231122,150.950492657,37.4));
#2415=DIRECTION('',(-0.,0.,1.));
#2416=DIRECTION('',(0.711488211,0.702698033,-0.));
#2417=AXIS2_PLACEMENT_3D('',#2414,#2415,#2416);
#2418=CYLINDRICAL_SURFACE('',#2417,1.6);
#2419=CARTESIAN_POINT('',(209.47661226,152.07480951,41.4));
#2420=DIRECTION('',(0.,-0.,-1.));
#2421=VECTOR('',#2420,2.);
#2422=LINE('',#2419,#2421);
#2423=EDGE_CURVE('',#747,#1471,#2422,.T.);
#2424=ORIENTED_EDGE('',*,*,#2423,.F.);
#2425=ORIENTED_EDGE('',*,*,#753,.T.);
#2426=ORIENTED_EDGE('',*,*,#2423,.T.);
#2427=ORIENTED_EDGE('',*,*,#1477,.F.);
#2428=EDGE_LOOP('',(#2424,#2425,#2426,#2427));
#2429=FACE_BOUND('',#2428,.T.);
#2430=ADVANCED_FACE('',(#2429),#2418,.F.);
#2431=CARTESIAN_POINT('',(120.296421856,144.49760019,37.4));
#2432=DIRECTION('',(-0.,0.,1.));
#2433=DIRECTION('',(0.711488211,0.702698033,-0.));
#2434=AXIS2_PLACEMENT_3D('',#2431,#2432,#2433);
#2435=CYLINDRICAL_SURFACE('',#2434,1.6);
#2436=CARTESIAN_POINT('',(121.434802994,145.621917042,41.4));
#2437=DIRECTION('',(0.,-0.,-1.));
#2438=VECTOR('',#2437,2.);
#2439=LINE('',#2436,#2438);
#2440=EDGE_CURVE('',#758,#1482,#2439,.T.);
#2441=ORIENTED_EDGE('',*,*,#2440,.F.);
#2442=ORIENTED_EDGE('',*,*,#764,.T.);
#2443=ORIENTED_EDGE('',*,*,#2440,.T.);
#2444=ORIENTED_EDGE('',*,*,#1488,.F.);
#2445=EDGE_LOOP('',(#2441,#2442,#2443,#2444));
#2446=FACE_BOUND('',#2445,.T.);
#2447=ADVANCED_FACE('',(#2446),#2435,.F.);
#2448=CARTESIAN_POINT('',(202.049592752,84.080366688,43.4));
#2449=DIRECTION('',(0.,-0.,-1.));
#2450=DIRECTION('',(-0.711488211,-0.702698033,0.));
#2451=AXIS2_PLACEMENT_3D('',#2448,#2449,#2450);
#2452=CYLINDRICAL_SURFACE('',#2451,2.35);
#2453=CARTESIAN_POINT('',(200.377595456,82.42902631,43.4));
#2454=VERTEX_POINT('',#2453);
#2455=CARTESIAN_POINT('',(200.377595456,82.42902631,41.4));
#2456=DIRECTION('',(-0.,0.,1.));
#2457=VECTOR('',#2456,2.);
#2458=LINE('',#2455,#2457);
#2459=EDGE_CURVE('',#769,#2454,#2458,.T.);
#2460=ORIENTED_EDGE('',*,*,#2459,.T.);
#2461=CARTESIAN_POINT('',(204.399592752,84.080366688,43.4));
#2462=VERTEX_POINT('',#2461);
#2463=CARTESIAN_POINT('',(202.049592752,84.080366688,43.4));
#2464=DIRECTION('',(-0.,0.,1.));
#2465=DIRECTION('',(1.,-0.,0.));
#2466=AXIS2_PLACEMENT_3D('',#2463,#2464,#2465);
#2467=CIRCLE('',#2466,2.35);
#2468=EDGE_CURVE('',#2462,#2454,#2467,.T.);
#2469=ORIENTED_EDGE('',*,*,#2468,.F.);
#2470=CARTESIAN_POINT('',(202.049592752,84.080366688,43.4));
#2471=DIRECTION('',(-0.,0.,1.));
#2472=DIRECTION('',(1.,-0.,0.));
#2473=AXIS2_PLACEMENT_3D('',#2470,#2471,#2472);
#2474=CIRCLE('',#2473,2.35);
#2475=EDGE_CURVE('',#2454,#2462,#2474,.T.);
#2476=ORIENTED_EDGE('',*,*,#2475,.F.);
#2477=ORIENTED_EDGE('',*,*,#2459,.F.);
#2478=ORIENTED_EDGE('',*,*,#777,.T.);
#2479=ORIENTED_EDGE('',*,*,#784,.T.);
#2480=EDGE_LOOP('',(#2460,#2469,#2476,#2477,#2478,#2479));
#2481=FACE_BOUND('',#2480,.T.);
#2482=ADVANCED_FACE('',(#2481),#2452,.T.);
#2483=CARTESIAN_POINT('',(150.775867233,-350.860387957,43.4));
#2484=DIRECTION('',(-0.,0.,1.));
#2485=DIRECTION('',(0.711488211,0.702698033,-0.));
#2486=AXIS2_PLACEMENT_3D('',#2483,#2484,#2485);
#2487=PLANE('',#2486);
#2488=ORIENTED_EDGE('',*,*,#2195,.F.);
#2489=EDGE_LOOP('',(#2488));
#2490=FACE_BOUND('',#2489,.T.);
#2491=ORIENTED_EDGE('',*,*,#2468,.T.);
#2492=ORIENTED_EDGE('',*,*,#2475,.T.);
#2493=EDGE_LOOP('',(#2491,#2492));
#2494=FACE_BOUND('',#2493,.T.);
#2495=ADVANCED_FACE('',(#2490,#2494),#2487,.T.);
#2496=CARTESIAN_POINT('',(144.049592751,84.080366726,43.4));
#2497=DIRECTION('',(0.,-0.,-1.));
#2498=DIRECTION('',(-0.711488211,-0.702698033,0.));
#2499=AXIS2_PLACEMENT_3D('',#2496,#2497,#2498);
#2500=CYLINDRICAL_SURFACE('',#2499,2.35);
#2501=CARTESIAN_POINT('',(142.377595455,82.429026348,43.4));
#2502=VERTEX_POINT('',#2501);
#2503=CARTESIAN_POINT('',(142.377595455,82.429026348,41.4));
#2504=DIRECTION('',(-0.,0.,1.));
#2505=VECTOR('',#2504,2.);
#2506=LINE('',#2503,#2505);
#2507=EDGE_CURVE('',#789,#2502,#2506,.T.);
#2508=ORIENTED_EDGE('',*,*,#2507,.T.);
#2509=CARTESIAN_POINT('',(146.399592751,84.080366726,43.4));
#2510=VERTEX_POINT('',#2509);
#2511=CARTESIAN_POINT('',(144.049592751,84.080366726,43.4));
#2512=DIRECTION('',(-0.,0.,1.));
#2513=DIRECTION('',(1.,-0.,0.));
#2514=AXIS2_PLACEMENT_3D('',#2511,#2512,#2513);
#2515=CIRCLE('',#2514,2.35);
#2516=EDGE_CURVE('',#2510,#2502,#2515,.T.);
#2517=ORIENTED_EDGE('',*,*,#2516,.F.);
#2518=CARTESIAN_POINT('',(144.049592751,84.080366726,43.4));
#2519=DIRECTION('',(-0.,0.,1.));
#2520=DIRECTION('',(1.,-0.,0.));
#2521=AXIS2_PLACEMENT_3D('',#2518,#2519,#2520);
#2522=CIRCLE('',#2521,2.35);
#2523=EDGE_CURVE('',#2502,#2510,#2522,.T.);
#2524=ORIENTED_EDGE('',*,*,#2523,.F.);
#2525=ORIENTED_EDGE('',*,*,#2507,.F.);
#2526=ORIENTED_EDGE('',*,*,#797,.T.);
#2527=ORIENTED_EDGE('',*,*,#804,.T.);
#2528=EDGE_LOOP('',(#2508,#2517,#2524,#2525,#2526,#2527));
#2529=FACE_BOUND('',#2528,.T.);
#2530=ADVANCED_FACE('',(#2529),#2500,.T.);
#2531=CARTESIAN_POINT('',(150.775867233,-350.860387957,43.4));
#2532=DIRECTION('',(-0.,0.,1.));
#2533=DIRECTION('',(0.711488211,0.702698033,-0.));
#2534=AXIS2_PLACEMENT_3D('',#2531,#2532,#2533);
#2535=PLANE('',#2534);
#2536=ORIENTED_EDGE('',*,*,#2245,.F.);
#2537=EDGE_LOOP('',(#2536));
#2538=FACE_BOUND('',#2537,.T.);
#2539=ORIENTED_EDGE('',*,*,#2516,.T.);
#2540=ORIENTED_EDGE('',*,*,#2523,.T.);
#2541=EDGE_LOOP('',(#2539,#2540));
#2542=FACE_BOUND('',#2541,.T.);
#2543=ADVANCED_FACE('',(#2538,#2542),#2535,.T.);
#2544=CARTESIAN_POINT('',(202.049592783,133.080366687,43.4));
#2545=DIRECTION('',(0.,-0.,-1.));
#2546=DIRECTION('',(-0.711488211,-0.702698033,0.));
#2547=AXIS2_PLACEMENT_3D('',#2544,#2545,#2546);
#2548=CYLINDRICAL_SURFACE('',#2547,2.35);
#2549=CARTESIAN_POINT('',(200.377595488,131.42902631,43.4));
#2550=VERTEX_POINT('',#2549);
#2551=CARTESIAN_POINT('',(200.377595488,131.42902631,41.4));
#2552=DIRECTION('',(-0.,0.,1.));
#2553=VECTOR('',#2552,2.);
#2554=LINE('',#2551,#2553);
#2555=EDGE_CURVE('',#809,#2550,#2554,.T.);
#2556=ORIENTED_EDGE('',*,*,#2555,.T.);
#2557=CARTESIAN_POINT('',(204.399592783,133.080366687,43.4));
#2558=VERTEX_POINT('',#2557);
#2559=CARTESIAN_POINT('',(202.049592783,133.080366687,43.4));
#2560=DIRECTION('',(-0.,0.,1.));
#2561=DIRECTION('',(1.,-0.,0.));
#2562=AXIS2_PLACEMENT_3D('',#2559,#2560,#2561);
#2563=CIRCLE('',#2562,2.35);
#2564=EDGE_CURVE('',#2558,#2550,#2563,.T.);
#2565=ORIENTED_EDGE('',*,*,#2564,.F.);
#2566=CARTESIAN_POINT('',(202.049592783,133.080366687,43.4));
#2567=DIRECTION('',(-0.,0.,1.));
#2568=DIRECTION('',(1.,-0.,0.));
#2569=AXIS2_PLACEMENT_3D('',#2566,#2567,#2568);
#2570=CIRCLE('',#2569,2.35);
#2571=EDGE_CURVE('',#2550,#2558,#2570,.T.);
#2572=ORIENTED_EDGE('',*,*,#2571,.F.);
#2573=ORIENTED_EDGE('',*,*,#2555,.F.);
#2574=ORIENTED_EDGE('',*,*,#817,.T.);
#2575=ORIENTED_EDGE('',*,*,#824,.T.);
#2576=EDGE_LOOP('',(#2556,#2565,#2572,#2573,#2574,#2575));
#2577=FACE_BOUND('',#2576,.T.);
#2578=ADVANCED_FACE('',(#2577),#2548,.T.);
#2579=CARTESIAN_POINT('',(150.775867233,-350.860387957,43.4));
#2580=DIRECTION('',(-0.,0.,1.));
#2581=DIRECTION('',(0.711488211,0.702698033,-0.));
#2582=AXIS2_PLACEMENT_3D('',#2579,#2580,#2581);
#2583=PLANE('',#2582);
#2584=ORIENTED_EDGE('',*,*,#2220,.F.);
#2585=EDGE_LOOP('',(#2584));
#2586=FACE_BOUND('',#2585,.T.);
#2587=ORIENTED_EDGE('',*,*,#2564,.T.);
#2588=ORIENTED_EDGE('',*,*,#2571,.T.);
#2589=EDGE_LOOP('',(#2587,#2588));
#2590=FACE_BOUND('',#2589,.T.);
#2591=ADVANCED_FACE('',(#2586,#2590),#2583,.T.);
#2592=CARTESIAN_POINT('',(144.049592784,133.080366726,43.4));
#2593=DIRECTION('',(0.,-0.,-1.));
#2594=DIRECTION('',(-0.711488211,-0.702698033,0.));
#2595=AXIS2_PLACEMENT_3D('',#2592,#2593,#2594);
#2596=CYLINDRICAL_SURFACE('',#2595,2.35);
#2597=CARTESIAN_POINT('',(142.377595488,131.429026349,43.4));
#2598=VERTEX_POINT('',#2597);
#2599=CARTESIAN_POINT('',(142.377595488,131.429026349,41.4));
#2600=DIRECTION('',(-0.,0.,1.));
#2601=VECTOR('',#2600,2.);
#2602=LINE('',#2599,#2601);
#2603=EDGE_CURVE('',#829,#2598,#2602,.T.);
#2604=ORIENTED_EDGE('',*,*,#2603,.T.);
#2605=CARTESIAN_POINT('',(146.399592784,133.080366726,43.4));
#2606=VERTEX_POINT('',#2605);
#2607=CARTESIAN_POINT('',(144.049592784,133.080366726,43.4));
#2608=DIRECTION('',(-0.,0.,1.));
#2609=DIRECTION('',(1.,-0.,0.));
#2610=AXIS2_PLACEMENT_3D('',#2607,#2608,#2609);
#2611=CIRCLE('',#2610,2.35);
#2612=EDGE_CURVE('',#2606,#2598,#2611,.T.);
#2613=ORIENTED_EDGE('',*,*,#2612,.F.);
#2614=CARTESIAN_POINT('',(144.049592784,133.080366726,43.4));
#2615=DIRECTION('',(-0.,0.,1.));
#2616=DIRECTION('',(1.,-0.,0.));
#2617=AXIS2_PLACEMENT_3D('',#2614,#2615,#2616);
#2618=CIRCLE('',#2617,2.35);
#2619=EDGE_CURVE('',#2598,#2606,#2618,.T.);
#2620=ORIENTED_EDGE('',*,*,#2619,.F.);
#2621=ORIENTED_EDGE('',*,*,#2603,.F.);
#2622=ORIENTED_EDGE('',*,*,#837,.T.);
#2623=ORIENTED_EDGE('',*,*,#844,.T.);
#2624=EDGE_LOOP('',(#2604,#2613,#2620,#2621,#2622,#2623));
#2625=FACE_BOUND('',#2624,.T.);
#2626=ADVANCED_FACE('',(#2625),#2596,.T.);
#2627=CARTESIAN_POINT('',(150.775867233,-350.860387957,43.4));
#2628=DIRECTION('',(-0.,0.,1.));
#2629=DIRECTION('',(0.711488211,0.702698033,-0.));
#2630=AXIS2_PLACEMENT_3D('',#2627,#2628,#2629);
#2631=PLANE('',#2630);
#2632=ORIENTED_EDGE('',*,*,#2270,.F.);
#2633=EDGE_LOOP('',(#2632));
#2634=FACE_BOUND('',#2633,.T.);
#2635=ORIENTED_EDGE('',*,*,#2612,.T.);
#2636=ORIENTED_EDGE('',*,*,#2619,.T.);
#2637=EDGE_LOOP('',(#2635,#2636));
#2638=FACE_BOUND('',#2637,.T.);
#2639=ADVANCED_FACE('',(#2634,#2638),#2631,.T.);
#2640=CARTESIAN_POINT('',(132.847632959,43.823575895,7.322557536));
#2641=DIRECTION('',(-0.,0.,1.));
#2642=DIRECTION('',(0.711488211,0.702698033,-0.));
#2643=AXIS2_PLACEMENT_3D('',#2640,#2641,#2642);
#2644=CYLINDRICAL_SURFACE('',#2643,1.649600702);
#2645=CARTESIAN_POINT('',(134.021304412,44.982747063,41.4));
#2646=DIRECTION('',(0.,-0.,-1.));
#2647=VECTOR('',#2646,2.);
#2648=LINE('',#2645,#2647);
#2649=EDGE_CURVE('',#849,#1493,#2648,.T.);
#2650=ORIENTED_EDGE('',*,*,#2649,.F.);
#2651=ORIENTED_EDGE('',*,*,#855,.T.);
#2652=ORIENTED_EDGE('',*,*,#2649,.T.);
#2653=ORIENTED_EDGE('',*,*,#1499,.F.);
#2654=EDGE_LOOP('',(#2650,#2651,#2652,#2653));
#2655=FACE_BOUND('',#2654,.T.);
#2656=ADVANCED_FACE('',(#2655),#2644,.F.);
#2657=CARTESIAN_POINT('',(127.169306644,133.739280159,7.322557536));
#2658=DIRECTION('',(-0.,0.,1.));
#2659=DIRECTION('',(0.711488211,0.702698033,-0.));
#2660=AXIS2_PLACEMENT_3D('',#2657,#2658,#2659);
#2661=CYLINDRICAL_SURFACE('',#2660,1.6);
#2662=CARTESIAN_POINT('',(128.307687782,134.863597011,41.4));
#2663=DIRECTION('',(0.,-0.,-1.));
#2664=VECTOR('',#2663,2.);
#2665=LINE('',#2662,#2664);
#2666=EDGE_CURVE('',#860,#1504,#2665,.T.);
#2667=ORIENTED_EDGE('',*,*,#2666,.F.);
#2668=ORIENTED_EDGE('',*,*,#866,.T.);
#2669=ORIENTED_EDGE('',*,*,#2666,.T.);
#2670=ORIENTED_EDGE('',*,*,#1510,.F.);
#2671=EDGE_LOOP('',(#2667,#2668,#2669,#2670));
#2672=FACE_BOUND('',#2671,.T.);
#2673=ADVANCED_FACE('',(#2672),#2661,.F.);
#2674=CARTESIAN_POINT('',(126.827448949,78.740342593,7.322557536));
#2675=DIRECTION('',(-0.,0.,1.));
#2676=DIRECTION('',(0.711488211,0.702698033,-0.));
#2677=AXIS2_PLACEMENT_3D('',#2674,#2675,#2676);
#2678=CYLINDRICAL_SURFACE('',#2677,1.6);
#2679=CARTESIAN_POINT('',(127.965830086,79.864659446,41.4));
#2680=DIRECTION('',(0.,-0.,-1.));
#2681=VECTOR('',#2680,2.);
#2682=LINE('',#2679,#2681);
#2683=EDGE_CURVE('',#871,#1515,#2682,.T.);
#2684=ORIENTED_EDGE('',*,*,#2683,.F.);
#2685=ORIENTED_EDGE('',*,*,#877,.T.);
#2686=ORIENTED_EDGE('',*,*,#2683,.T.);
#2687=ORIENTED_EDGE('',*,*,#1521,.F.);
#2688=EDGE_LOOP('',(#2684,#2685,#2686,#2687));
#2689=FACE_BOUND('',#2688,.T.);
#2690=ADVANCED_FACE('',(#2689),#2678,.F.);
#2691=CARTESIAN_POINT('',(210.167703334,133.223385817,7.322557536));
#2692=DIRECTION('',(-0.,0.,1.));
#2693=DIRECTION('',(0.711488211,0.702698033,-0.));
#2694=AXIS2_PLACEMENT_3D('',#2691,#2692,#2693);
#2695=CYLINDRICAL_SURFACE('',#2694,1.6);
#2696=CARTESIAN_POINT('',(211.306084472,134.34770267,41.4));
#2697=DIRECTION('',(0.,-0.,-1.));
#2698=VECTOR('',#2697,2.);
#2699=LINE('',#2696,#2698);
#2700=EDGE_CURVE('',#882,#1526,#2699,.T.);
#2701=ORIENTED_EDGE('',*,*,#2700,.F.);
#2702=ORIENTED_EDGE('',*,*,#888,.T.);
#2703=ORIENTED_EDGE('',*,*,#2700,.T.);
#2704=ORIENTED_EDGE('',*,*,#1532,.F.);
#2705=EDGE_LOOP('',(#2701,#2702,#2703,#2704));
#2706=FACE_BOUND('',#2705,.T.);
#2707=ADVANCED_FACE('',(#2706),#2695,.F.);
#2708=CARTESIAN_POINT('',(209.825845638,78.224448252,7.322557536));
#2709=DIRECTION('',(-0.,0.,1.));
#2710=DIRECTION('',(0.711488211,0.702698033,-0.));
#2711=AXIS2_PLACEMENT_3D('',#2708,#2709,#2710);
#2712=CYLINDRICAL_SURFACE('',#2711,1.6);
#2713=CARTESIAN_POINT('',(210.964226775,79.348765104,41.4));
#2714=DIRECTION('',(0.,-0.,-1.));
#2715=VECTOR('',#2714,2.);
#2716=LINE('',#2713,#2715);
#2717=EDGE_CURVE('',#893,#1537,#2716,.T.);
#2718=ORIENTED_EDGE('',*,*,#2717,.F.);
#2719=ORIENTED_EDGE('',*,*,#899,.T.);
#2720=ORIENTED_EDGE('',*,*,#2717,.T.);
#2721=ORIENTED_EDGE('',*,*,#1543,.F.);
#2722=EDGE_LOOP('',(#2718,#2719,#2720,#2721));
#2723=FACE_BOUND('',#2722,.T.);
#2724=ADVANCED_FACE('',(#2723),#2712,.F.);
#2725=CARTESIAN_POINT('',(247.344483265,87.313977008,7.322557536));
#2726=DIRECTION('',(-0.,0.,1.));
#2727=DIRECTION('',(0.711488211,0.702698033,-0.));
#2728=AXIS2_PLACEMENT_3D('',#2725,#2726,#2727);
#2729=CYLINDRICAL_SURFACE('',#2728,1.65);
#2730=CARTESIAN_POINT('',(248.518438813,88.473428762,41.4));
#2731=DIRECTION('',(0.,-0.,-1.));
#2732=VECTOR('',#2731,2.);
#2733=LINE('',#2730,#2732);
#2734=EDGE_CURVE('',#904,#1548,#2733,.T.);
#2735=ORIENTED_EDGE('',*,*,#2734,.F.);
#2736=ORIENTED_EDGE('',*,*,#910,.T.);
#2737=ORIENTED_EDGE('',*,*,#2734,.T.);
#2738=ORIENTED_EDGE('',*,*,#1554,.F.);
#2739=EDGE_LOOP('',(#2735,#2736,#2737,#2738));
#2740=FACE_BOUND('',#2739,.T.);
#2741=ADVANCED_FACE('',(#2740),#2729,.F.);
#2742=CARTESIAN_POINT('',(147.593904664,74.806253133,38.));
#2743=DIRECTION('',(-0.,0.,1.));
#2744=DIRECTION('',(1.,-0.,0.));
#2745=AXIS2_PLACEMENT_3D('',#2742,#2743,#2744);
#2746=CYLINDRICAL_SURFACE('',#2745,1.65);
#2747=CARTESIAN_POINT('',(149.243904664,74.806253133,41.4));
#2748=DIRECTION('',(0.,-0.,-1.));
#2749=VECTOR('',#2748,2.);
#2750=LINE('',#2747,#2749);
#2751=EDGE_CURVE('',#568,#1282,#2750,.T.);
#2752=ORIENTED_EDGE('',*,*,#2751,.F.);
#2753=ORIENTED_EDGE('',*,*,#574,.T.);
#2754=ORIENTED_EDGE('',*,*,#2751,.T.);
#2755=ORIENTED_EDGE('',*,*,#1288,.F.);
#2756=EDGE_LOOP('',(#2752,#2753,#2754,#2755));
#2757=FACE_BOUND('',#2756,.T.);
#2758=ADVANCED_FACE('',(#2757),#2746,.F.);
#2759=CARTESIAN_POINT('',(190.593904664,74.806253133,36.8));
#2760=DIRECTION('',(-0.,0.,1.));
#2761=DIRECTION('',(1.,-0.,0.));
#2762=AXIS2_PLACEMENT_3D('',#2759,#2760,#2761);
#2763=CYLINDRICAL_SURFACE('',#2762,1.65);
#2764=CARTESIAN_POINT('',(192.243904664,74.806253133,41.4));
#2765=DIRECTION('',(0.,-0.,-1.));
#2766=VECTOR('',#2765,2.);
#2767=LINE('',#2764,#2766);
#2768=EDGE_CURVE('',#915,#1271,#2767,.T.);
#2769=ORIENTED_EDGE('',*,*,#2768,.F.);
#2770=ORIENTED_EDGE('',*,*,#921,.T.);
#2771=ORIENTED_EDGE('',*,*,#2768,.T.);
#2772=ORIENTED_EDGE('',*,*,#1277,.F.);
#2773=EDGE_LOOP('',(#2769,#2770,#2771,#2772));
#2774=FACE_BOUND('',#2773,.T.);
#2775=ADVANCED_FACE('',(#2774),#2763,.F.);
#2776=CARTESIAN_POINT('',(108.279830982,124.548079747,38.8));
#2777=DIRECTION('',(-0.,0.,1.));
#2778=DIRECTION('',(1.,-0.,0.));
#2779=AXIS2_PLACEMENT_3D('',#2776,#2777,#2778);
#2780=CYLINDRICAL_SURFACE('',#2779,1.5);
#2781=CARTESIAN_POINT('',(109.779830982,124.548079747,41.4));
#2782=DIRECTION('',(0.,-0.,-1.));
#2783=VECTOR('',#2782,2.);
#2784=LINE('',#2781,#2783);
#2785=EDGE_CURVE('',#557,#1260,#2784,.T.);
#2786=ORIENTED_EDGE('',*,*,#2785,.F.);
#2787=ORIENTED_EDGE('',*,*,#563,.T.);
#2788=ORIENTED_EDGE('',*,*,#2785,.T.);
#2789=ORIENTED_EDGE('',*,*,#1266,.F.);
#2790=EDGE_LOOP('',(#2786,#2787,#2788,#2789));
#2791=FACE_BOUND('',#2790,.T.);
#2792=ADVANCED_FACE('',(#2791),#2780,.F.);
#2793=CARTESIAN_POINT('',(108.279830979,107.248079747,33.));
#2794=DIRECTION('',(-0.,0.,1.));
#2795=DIRECTION('',(1.,-0.,0.));
#2796=AXIS2_PLACEMENT_3D('',#2793,#2794,#2795);
#2797=CYLINDRICAL_SURFACE('',#2796,1.5);
#2798=CARTESIAN_POINT('',(109.779830979,107.248079747,41.4));
#2799=DIRECTION('',(0.,-0.,-1.));
#2800=VECTOR('',#2799,2.);
#2801=LINE('',#2798,#2800);
#2802=EDGE_CURVE('',#546,#1249,#2801,.T.);
#2803=ORIENTED_EDGE('',*,*,#2802,.F.);
#2804=ORIENTED_EDGE('',*,*,#552,.T.);
#2805=ORIENTED_EDGE('',*,*,#2802,.T.);
#2806=ORIENTED_EDGE('',*,*,#1255,.F.);
#2807=EDGE_LOOP('',(#2803,#2804,#2805,#2806));
#2808=FACE_BOUND('',#2807,.T.);
#2809=ADVANCED_FACE('',(#2808),#2797,.F.);
#2810=CARTESIAN_POINT('',(90.979830982,124.54807975,30.4));
#2811=DIRECTION('',(-0.,0.,1.));
#2812=DIRECTION('',(1.,-0.,0.));
#2813=AXIS2_PLACEMENT_3D('',#2810,#2811,#2812);
#2814=CYLINDRICAL_SURFACE('',#2813,1.5);
#2815=CARTESIAN_POINT('',(92.479830982,124.54807975,41.4));
#2816=DIRECTION('',(0.,-0.,-1.));
#2817=VECTOR('',#2816,2.);
#2818=LINE('',#2815,#2817);
#2819=EDGE_CURVE('',#535,#1238,#2818,.T.);
#2820=ORIENTED_EDGE('',*,*,#2819,.F.);
#2821=ORIENTED_EDGE('',*,*,#541,.T.);
#2822=ORIENTED_EDGE('',*,*,#2819,.T.);
#2823=ORIENTED_EDGE('',*,*,#1244,.F.);
#2824=EDGE_LOOP('',(#2820,#2821,#2822,#2823));
#2825=FACE_BOUND('',#2824,.T.);
#2826=ADVANCED_FACE('',(#2825),#2814,.F.);
#2827=CARTESIAN_POINT('',(90.979830979,107.24807975,38.1));
#2828=DIRECTION('',(-0.,0.,1.));
#2829=DIRECTION('',(1.,-0.,0.));
#2830=AXIS2_PLACEMENT_3D('',#2827,#2828,#2829);
#2831=CYLINDRICAL_SURFACE('',#2830,1.5);
#2832=CARTESIAN_POINT('',(92.479830979,107.24807975,41.4));
#2833=DIRECTION('',(0.,-0.,-1.));
#2834=VECTOR('',#2833,2.);
#2835=LINE('',#2832,#2834);
#2836=EDGE_CURVE('',#524,#1227,#2835,.T.);
#2837=ORIENTED_EDGE('',*,*,#2836,.F.);
#2838=ORIENTED_EDGE('',*,*,#530,.T.);
#2839=ORIENTED_EDGE('',*,*,#2836,.T.);
#2840=ORIENTED_EDGE('',*,*,#1233,.F.);
#2841=EDGE_LOOP('',(#2837,#2838,#2839,#2840));
#2842=FACE_BOUND('',#2841,.T.);
#2843=ADVANCED_FACE('',(#2842),#2831,.F.);
#2844=CARTESIAN_POINT('',(244.863784978,145.577122692,42.5));
#2845=DIRECTION('',(0.,-0.,-1.));
#2846=DIRECTION('',(-1.,0.,-0.));
#2847=AXIS2_PLACEMENT_3D('',#2844,#2845,#2846);
#2848=CYLINDRICAL_SURFACE('',#2847,1.9);
#2849=CARTESIAN_POINT('',(242.963784978,145.577122692,39.4));
#2850=DIRECTION('',(-0.,0.,1.));
#2851=VECTOR('',#2850,2.);
#2852=LINE('',#2849,#2851);
#2853=EDGE_CURVE('',#1579,#504,#2852,.T.);
#2854=ORIENTED_EDGE('',*,*,#2853,.F.);
#2855=ORIENTED_EDGE('',*,*,#1587,.T.);
#2856=ORIENTED_EDGE('',*,*,#1594,.T.);
#2857=ORIENTED_EDGE('',*,*,#2853,.T.);
#2858=ORIENTED_EDGE('',*,*,#512,.T.);
#2859=ORIENTED_EDGE('',*,*,#519,.T.);
#2860=EDGE_LOOP('',(#2854,#2855,#2856,#2857,#2858,#2859));
#2861=FACE_BOUND('',#2860,.T.);
#2862=ADVANCED_FACE('',(#2861),#2848,.F.);
#2863=CARTESIAN_POINT('',(224.363784978,145.577122692,42.8));
#2864=DIRECTION('',(0.,-0.,-1.));
#2865=DIRECTION('',(-1.,0.,-0.));
#2866=AXIS2_PLACEMENT_3D('',#2863,#2864,#2865);
#2867=CYLINDRICAL_SURFACE('',#2866,1.9);
#2868=CARTESIAN_POINT('',(222.463784978,145.577122692,39.4));
#2869=DIRECTION('',(-0.,0.,1.));
#2870=VECTOR('',#2869,2.);
#2871=LINE('',#2868,#2870);
#2872=EDGE_CURVE('',#1599,#484,#2871,.T.);
#2873=ORIENTED_EDGE('',*,*,#2872,.F.);
#2874=ORIENTED_EDGE('',*,*,#1607,.T.);
#2875=ORIENTED_EDGE('',*,*,#1614,.T.);
#2876=ORIENTED_EDGE('',*,*,#2872,.T.);
#2877=ORIENTED_EDGE('',*,*,#492,.T.);
#2878=ORIENTED_EDGE('',*,*,#499,.T.);
#2879=EDGE_LOOP('',(#2873,#2874,#2875,#2876,#2877,#2878));
#2880=FACE_BOUND('',#2879,.T.);
#2881=ADVANCED_FACE('',(#2880),#2867,.F.);
#2882=CARTESIAN_POINT('',(244.863784978,99.527122692,42.9));
#2883=DIRECTION('',(0.,-0.,-1.));
#2884=DIRECTION('',(-1.,0.,-0.));
#2885=AXIS2_PLACEMENT_3D('',#2882,#2883,#2884);
#2886=CYLINDRICAL_SURFACE('',#2885,1.9);
#2887=CARTESIAN_POINT('',(242.963784978,99.527122692,39.4));
#2888=DIRECTION('',(-0.,0.,1.));
#2889=VECTOR('',#2888,2.);
#2890=LINE('',#2887,#2889);
#2891=EDGE_CURVE('',#1559,#464,#2890,.T.);
#2892=ORIENTED_EDGE('',*,*,#2891,.F.);
#2893=ORIENTED_EDGE('',*,*,#1567,.T.);
#2894=ORIENTED_EDGE('',*,*,#1574,.T.);
#2895=ORIENTED_EDGE('',*,*,#2891,.T.);
#2896=ORIENTED_EDGE('',*,*,#472,.T.);
#2897=ORIENTED_EDGE('',*,*,#479,.T.);
#2898=EDGE_LOOP('',(#2892,#2893,#2894,#2895,#2896,#2897));
#2899=FACE_BOUND('',#2898,.T.);
#2900=ADVANCED_FACE('',(#2899),#2886,.F.);
#2901=CARTESIAN_POINT('',(224.363784978,99.527122692,43.));
#2902=DIRECTION('',(0.,-0.,-1.));
#2903=DIRECTION('',(-1.,0.,-0.));
#2904=AXIS2_PLACEMENT_3D('',#2901,#2902,#2903);
#2905=CYLINDRICAL_SURFACE('',#2904,1.9);
#2906=CARTESIAN_POINT('',(222.463784978,99.527122692,39.4));
#2907=DIRECTION('',(-0.,0.,1.));
#2908=VECTOR('',#2907,2.);
#2909=LINE('',#2906,#2908);
#2910=EDGE_CURVE('',#1619,#444,#2909,.T.);
#2911=ORIENTED_EDGE('',*,*,#2910,.F.);
#2912=ORIENTED_EDGE('',*,*,#1627,.T.);
#2913=ORIENTED_EDGE('',*,*,#1634,.T.);
#2914=ORIENTED_EDGE('',*,*,#2910,.T.);
#2915=ORIENTED_EDGE('',*,*,#452,.T.);
#2916=ORIENTED_EDGE('',*,*,#459,.T.);
#2917=EDGE_LOOP('',(#2911,#2912,#2913,#2914,#2915,#2916));
#2918=FACE_BOUND('',#2917,.T.);
#2919=ADVANCED_FACE('',(#2918),#2905,.F.);
#2920=CARTESIAN_POINT('',(136.085280795,49.945991425,41.4));
#2921=DIRECTION('',(-1.,0.,-0.));
#2922=DIRECTION('',(-0.,0.,1.));
#2923=AXIS2_PLACEMENT_3D('',#2920,#2921,#2922);
#2924=PLANE('',#2923);
#2925=ORIENTED_EDGE('',*,*,#439,.F.);
#2926=ORIENTED_EDGE('',*,*,#2116,.F.);
#2927=ORIENTED_EDGE('',*,*,#965,.F.);
#2928=ORIENTED_EDGE('',*,*,#2138,.F.);
#2929=EDGE_LOOP('',(#2925,#2926,#2927,#2928));
#2930=FACE_BOUND('',#2929,.T.);
#2931=ADVANCED_FACE('',(#2930),#2924,.T.);
#2932=CARTESIAN_POINT('',(101.375833206,89.259990673,41.4));
#2933=DIRECTION('',(-0.,-1.,0.));
#2934=DIRECTION('',(-0.,0.,1.));
#2935=AXIS2_PLACEMENT_3D('',#2932,#2933,#2934);
#2936=PLANE('',#2935);
#2937=ORIENTED_EDGE('',*,*,#425,.F.);
#2938=ORIENTED_EDGE('',*,*,#2160,.F.);
#2939=ORIENTED_EDGE('',*,*,#981,.F.);
#2940=ORIENTED_EDGE('',*,*,#2109,.F.);
#2941=EDGE_LOOP('',(#2937,#2938,#2939,#2940));
#2942=FACE_BOUND('',#2941,.T.);
#2943=ADVANCED_FACE('',(#2942),#2936,.T.);
#2944=CARTESIAN_POINT('',(201.691840453,50.503239036,33.6));
#2945=DIRECTION('',(-1.,0.,0.));
#2946=DIRECTION('',(0.,0.,1.));
#2947=AXIS2_PLACEMENT_3D('',#2944,#2945,#2946);
#2948=PLANE('',#2947);
#2949=ORIENTED_EDGE('',*,*,#1200,.T.);
#2950=ORIENTED_EDGE('',*,*,#1656,.T.);
#2951=ORIENTED_EDGE('',*,*,#206,.F.);
#2952=ORIENTED_EDGE('',*,*,#1765,.T.);
#2953=EDGE_LOOP('',(#2949,#2950,#2951,#2952));
#2954=FACE_BOUND('',#2953,.T.);
#2955=ADVANCED_FACE('',(#2954),#2948,.T.);
#2956=CARTESIAN_POINT('',(239.276043487,89.19041771,41.4));
#2957=DIRECTION('',(-0.,-1.,0.));
#2958=DIRECTION('',(-0.,0.,1.));
#2959=AXIS2_PLACEMENT_3D('',#2956,#2957,#2958);
#2960=PLANE('',#2959);
#2961=ORIENTED_EDGE('',*,*,#222,.F.);
#2962=ORIENTED_EDGE('',*,*,#1649,.F.);
#2963=ORIENTED_EDGE('',*,*,#1184,.F.);
#2964=ORIENTED_EDGE('',*,*,#1918,.F.);
#2965=EDGE_LOOP('',(#2961,#2962,#2963,#2964));
#2966=FACE_BOUND('',#2965,.T.);
#2967=ADVANCED_FACE('',(#2966),#2960,.T.);
#2968=CARTESIAN_POINT('',(202.01151619,193.078791834,41.4));
#2969=DIRECTION('',(1.,-0.,0.));
#2970=DIRECTION('',(-0.,0.,1.));
#2971=AXIS2_PLACEMENT_3D('',#2968,#2969,#2970);
#2972=PLANE('',#2971);
#2973=ORIENTED_EDGE('',*,*,#298,.F.);
#2974=ORIENTED_EDGE('',*,*,#1984,.F.);
#2975=ORIENTED_EDGE('',*,*,#1108,.F.);
#2976=ORIENTED_EDGE('',*,*,#2006,.F.);
#2977=EDGE_LOOP('',(#2973,#2974,#2975,#2976));
#2978=FACE_BOUND('',#2977,.T.);
#2979=ADVANCED_FACE('',(#2978),#2972,.T.);
#2980=CARTESIAN_POINT('',(232.91208251,155.258579026,41.4));
#2981=DIRECTION('',(0.,1.,-0.));
#2982=DIRECTION('',(-0.,0.,1.));
#2983=AXIS2_PLACEMENT_3D('',#2980,#2981,#2982);
#2984=PLANE('',#2983);
#2985=ORIENTED_EDGE('',*,*,#282,.F.);
#2986=ORIENTED_EDGE('',*,*,#1962,.F.);
#2987=ORIENTED_EDGE('',*,*,#1124,.F.);
#2988=ORIENTED_EDGE('',*,*,#1977,.F.);
#2989=EDGE_LOOP('',(#2985,#2986,#2987,#2988));
#2990=FACE_BOUND('',#2989,.T.);
#2991=ADVANCED_FACE('',(#2990),#2984,.T.);
#2992=CARTESIAN_POINT('',(90.091488442,162.290283249,41.4));
#2993=DIRECTION('',(0.,-0.,-1.));
#2994=DIRECTION('',(-0.,1.,-0.));
#2995=AXIS2_PLACEMENT_3D('',#2992,#2993,#2994);
#2996=CYLINDRICAL_SURFACE('',#2995,1.);
#2997=CARTESIAN_POINT('',(90.091488442,163.290283249,39.4));
#2998=DIRECTION('',(-0.,0.,1.));
#2999=VECTOR('',#2998,2.);
#3000=LINE('',#2997,#2999);
#3001=EDGE_CURVE('',#1010,#376,#3000,.T.);
#3002=ORIENTED_EDGE('',*,*,#3001,.T.);
#3003=ORIENTED_EDGE('',*,*,#382,.F.);
#3004=ORIENTED_EDGE('',*,*,#2094,.F.);
#3005=ORIENTED_EDGE('',*,*,#1025,.F.);
#3006=EDGE_LOOP('',(#3002,#3003,#3004,#3005));
#3007=FACE_BOUND('',#3006,.T.);
#3008=ADVANCED_FACE('',(#3007),#2996,.T.);
#3009=CARTESIAN_POINT('',(98.27163449,155.241508043,41.4));
#3010=DIRECTION('',(0.,1.,-0.));
#3011=DIRECTION('',(-0.,0.,1.));
#3012=AXIS2_PLACEMENT_3D('',#3009,#3010,#3011);
#3013=PLANE('',#3012);
#3014=ORIENTED_EDGE('',*,*,#365,.F.);
#3015=ORIENTED_EDGE('',*,*,#2050,.F.);
#3016=ORIENTED_EDGE('',*,*,#1041,.F.);
#3017=ORIENTED_EDGE('',*,*,#2087,.F.);
#3018=EDGE_LOOP('',(#3014,#3015,#3016,#3017));
#3019=FACE_BOUND('',#3018,.T.);
#3020=ADVANCED_FACE('',(#3019),#3013,.T.);
#3021=CARTESIAN_POINT('',(136.101847298,186.142074363,41.4));
#3022=DIRECTION('',(-1.,0.,-0.));
#3023=DIRECTION('',(-0.,0.,1.));
#3024=AXIS2_PLACEMENT_3D('',#3021,#3022,#3023);
#3025=PLANE('',#3024);
#3026=ORIENTED_EDGE('',*,*,#349,.F.);
#3027=ORIENTED_EDGE('',*,*,#2072,.F.);
#3028=ORIENTED_EDGE('',*,*,#1057,.F.);
#3029=ORIENTED_EDGE('',*,*,#2043,.F.);
#3030=EDGE_LOOP('',(#3026,#3027,#3028,#3029));
#3031=FACE_BOUND('',#3030,.T.);
#3032=ADVANCED_FACE('',(#3031),#3025,.T.);
#3033=CARTESIAN_POINT('',(128.945840876,201.359098102,41.4));
#3034=DIRECTION('',(0.,-0.,-1.));
#3035=DIRECTION('',(-0.,1.,-0.));
#3036=AXIS2_PLACEMENT_3D('',#3033,#3034,#3035);
#3037=CYLINDRICAL_SURFACE('',#3036,1.);
#3038=ORIENTED_EDGE('',*,*,#333,.F.);
#3039=ORIENTED_EDGE('',*,*,#1940,.F.);
#3040=ORIENTED_EDGE('',*,*,#1074,.F.);
#3041=ORIENTED_EDGE('',*,*,#2065,.F.);
#3042=EDGE_LOOP('',(#3038,#3039,#3040,#3041));
#3043=FACE_BOUND('',#3042,.T.);
#3044=ADVANCED_FACE('',(#3043),#3037,.T.);
#3045=CARTESIAN_POINT('',(208.988240611,201.087892149,41.4));
#3046=DIRECTION('',(-0.,0.,1.));
#3047=DIRECTION('',(0.,-1.,0.));
#3048=AXIS2_PLACEMENT_3D('',#3045,#3046,#3047);
#3049=CYLINDRICAL_SURFACE('',#3048,1.);
#3050=ORIENTED_EDGE('',*,*,#315,.F.);
#3051=ORIENTED_EDGE('',*,*,#1999,.F.);
#3052=ORIENTED_EDGE('',*,*,#1092,.F.);
#3053=ORIENTED_EDGE('',*,*,#1933,.F.);
#3054=EDGE_LOOP('',(#3050,#3051,#3052,#3053));
#3055=FACE_BOUND('',#3054,.T.);
#3056=ADVANCED_FACE('',(#3055),#3049,.T.);
#3057=CARTESIAN_POINT('',(248.014218321,162.289697521,41.4));
#3058=DIRECTION('',(0.,-0.,-1.));
#3059=DIRECTION('',(-0.,1.,-0.));
#3060=AXIS2_PLACEMENT_3D('',#3057,#3058,#3059);
#3061=CYLINDRICAL_SURFACE('',#3060,1.);
#3062=CARTESIAN_POINT('',(248.014218321,163.289697521,39.4));
#3063=DIRECTION('',(-0.,0.,1.));
#3064=VECTOR('',#3063,2.);
#3065=LINE('',#3062,#3064);
#3066=EDGE_CURVE('',#1135,#251,#3065,.T.);
#3067=ORIENTED_EDGE('',*,*,#3066,.T.);
#3068=ORIENTED_EDGE('',*,*,#257,.F.);
#3069=ORIENTED_EDGE('',*,*,#1896,.F.);
#3070=ORIENTED_EDGE('',*,*,#1150,.F.);
#3071=EDGE_LOOP('',(#3067,#3068,#3069,#3070));
#3072=FACE_BOUND('',#3071,.T.);
#3073=ADVANCED_FACE('',(#3072),#3061,.T.);
#3074=CARTESIAN_POINT('',(248.48366261,83.235489773,41.4));
#3075=DIRECTION('',(0.,-0.,-1.));
#3076=DIRECTION('',(-0.,1.,-0.));
#3077=AXIS2_PLACEMENT_3D('',#3074,#3075,#3076);
#3078=CYLINDRICAL_SURFACE('',#3077,1.);
#3079=ORIENTED_EDGE('',*,*,#239,.F.);
#3080=ORIENTED_EDGE('',*,*,#1911,.F.);
#3081=ORIENTED_EDGE('',*,*,#1168,.F.);
#3082=ORIENTED_EDGE('',*,*,#1889,.F.);
#3083=EDGE_LOOP('',(#3079,#3080,#3081,#3082));
#3084=FACE_BOUND('',#3083,.T.);
#3085=ADVANCED_FACE('',(#3084),#3078,.T.);
#3086=CARTESIAN_POINT('',(169.096952332,83.801329136,43.4));
#3087=DIRECTION('',(-0.,1.,-0.));
#3088=DIRECTION('',(0.,0.,1.));
#3089=AXIS2_PLACEMENT_3D('',#3086,#3087,#3088);
#3090=PLANE('',#3089);
#3091=ORIENTED_EDGE('',*,*,#182,.F.);
#3092=CARTESIAN_POINT('',(150.14,83.801329136,43.4));
#3093=VERTEX_POINT('',#3092);
#3094=CARTESIAN_POINT('',(150.14,83.801329136,43.4));
#3095=DIRECTION('',(0.,-0.,-1.));
#3096=VECTOR('',#3095,2.);
#3097=LINE('',#3094,#3096);
#3098=EDGE_CURVE('',#3093,#169,#3097,.T.);
#3099=ORIENTED_EDGE('',*,*,#3098,.F.);
#3100=CARTESIAN_POINT('',(187.553904664,83.801329136,43.4));
#3101=VERTEX_POINT('',#3100);
#3102=CARTESIAN_POINT('',(150.14,83.801329136,43.4));
#3103=DIRECTION('',(1.,0.,0.));
#3104=VECTOR('',#3103,37.413904664);
#3105=LINE('',#3102,#3104);
#3106=EDGE_CURVE('',#3093,#3101,#3105,.T.);
#3107=ORIENTED_EDGE('',*,*,#3106,.T.);
#3108=CARTESIAN_POINT('',(187.553904664,83.801329136,43.4));
#3109=DIRECTION('',(0.,-0.,-1.));
#3110=VECTOR('',#3109,2.);
#3111=LINE('',#3108,#3110);
#3112=EDGE_CURVE('',#3101,#177,#3111,.T.);
#3113=ORIENTED_EDGE('',*,*,#3112,.T.);
#3114=EDGE_LOOP('',(#3091,#3099,#3107,#3113));
#3115=FACE_BOUND('',#3114,.T.);
#3116=ADVANCED_FACE('',(#3115),#3090,.T.);
#3117=CARTESIAN_POINT('',(150.14,77.178791134,43.4));
#3118=DIRECTION('',(-1.,-0.,-0.));
#3119=DIRECTION('',(-0.,-0.,1.));
#3120=AXIS2_PLACEMENT_3D('',#3117,#3118,#3119);
#3121=PLANE('',#3120);
#3122=ORIENTED_EDGE('',*,*,#174,.F.);
#3123=ORIENTED_EDGE('',*,*,#1788,.F.);
#3124=CARTESIAN_POINT('',(150.14,70.556253133,43.4));
#3125=DIRECTION('',(0.,1.,-0.));
#3126=VECTOR('',#3125,13.245076003);
#3127=LINE('',#3124,#3126);
#3128=EDGE_CURVE('',#1777,#3093,#3127,.T.);
#3129=ORIENTED_EDGE('',*,*,#3128,.T.);
#3130=ORIENTED_EDGE('',*,*,#3098,.T.);
#3131=EDGE_LOOP('',(#3122,#3123,#3129,#3130));
#3132=FACE_BOUND('',#3131,.T.);
#3133=ADVANCED_FACE('',(#3132),#3121,.T.);
#3134=CARTESIAN_POINT('',(187.553904664,77.178791134,43.4));
#3135=DIRECTION('',(1.,0.,0.));
#3136=DIRECTION('',(0.,0.,-1.));
#3137=AXIS2_PLACEMENT_3D('',#3134,#3135,#3136);
#3138=PLANE('',#3137);
#3139=ORIENTED_EDGE('',*,*,#190,.F.);
#3140=ORIENTED_EDGE('',*,*,#3112,.F.);
#3141=CARTESIAN_POINT('',(187.553904664,83.801329136,43.4));
#3142=DIRECTION('',(-0.,-1.,0.));
#3143=VECTOR('',#3142,13.245076003);
#3144=LINE('',#3141,#3143);
#3145=EDGE_CURVE('',#3101,#1769,#3144,.T.);
#3146=ORIENTED_EDGE('',*,*,#3145,.T.);
#3147=ORIENTED_EDGE('',*,*,#1774,.T.);
#3148=EDGE_LOOP('',(#3139,#3140,#3146,#3147));
#3149=FACE_BOUND('',#3148,.T.);
#3150=ADVANCED_FACE('',(#3149),#3138,.T.);
#3151=CARTESIAN_POINT('',(-0.,0.,43.4));
#3152=DIRECTION('',(-0.,0.,1.));
#3153=DIRECTION('',(1.,-0.,0.));
#3154=AXIS2_PLACEMENT_3D('',#3151,#3152,#3153);
#3155=PLANE('',#3154);
#3156=ORIENTED_EDGE('',*,*,#1782,.F.);
#3157=ORIENTED_EDGE('',*,*,#3145,.F.);
#3158=ORIENTED_EDGE('',*,*,#3106,.F.);
#3159=ORIENTED_EDGE('',*,*,#3128,.F.);
#3160=EDGE_LOOP('',(#3156,#3157,#3158,#3159));
#3161=FACE_BOUND('',#3160,.T.);
#3162=ADVANCED_FACE('',(#3161),#3155,.T.);
#3163=CARTESIAN_POINT('',(90.122031459,82.230168434,41.4));
#3164=DIRECTION('',(0.,-0.,-1.));
#3165=DIRECTION('',(-0.,1.,-0.));
#3166=AXIS2_PLACEMENT_3D('',#3163,#3164,#3165);
#3167=CYLINDRICAL_SURFACE('',#3166,1.);
#3168=ORIENTED_EDGE('',*,*,#409,.F.);
#3169=ORIENTED_EDGE('',*,*,#2021,.F.);
#3170=ORIENTED_EDGE('',*,*,#998,.F.);
#3171=ORIENTED_EDGE('',*,*,#2153,.F.);
#3172=EDGE_LOOP('',(#3168,#3169,#3170,#3171));
#3173=FACE_BOUND('',#3172,.T.);
#3174=ADVANCED_FACE('',(#3173),#3167,.T.);
#3175=CARTESIAN_POINT('',(128.163537074,43.810803586,41.4));
#3176=DIRECTION('',(0.,-0.,-1.));
#3177=DIRECTION('',(-0.,1.,-0.));
#3178=AXIS2_PLACEMENT_3D('',#3175,#3176,#3177);
#3179=CYLINDRICAL_SURFACE('',#3178,1.);
#3180=ORIENTED_EDGE('',*,*,#133,.F.);
#3181=ORIENTED_EDGE('',*,*,#2131,.F.);
#3182=ORIENTED_EDGE('',*,*,#949,.F.);
#3183=ORIENTED_EDGE('',*,*,#1872,.F.);
#3184=EDGE_LOOP('',(#3180,#3181,#3182,#3183));
#3185=FACE_BOUND('',#3184,.T.);
#3186=ADVANCED_FACE('',(#3185),#3179,.T.);
#3187=CARTESIAN_POINT('',(90.091488442,162.290283249,41.4));
#3188=DIRECTION('',(0.,-0.,-1.));
#3189=DIRECTION('',(-0.,1.,-0.));
#3190=AXIS2_PLACEMENT_3D('',#3187,#3188,#3189);
#3191=CYLINDRICAL_SURFACE('',#3190,1.);
#3192=ORIENTED_EDGE('',*,*,#3001,.F.);
#3193=ORIENTED_EDGE('',*,*,#1016,.F.);
#3194=ORIENTED_EDGE('',*,*,#2028,.F.);
#3195=ORIENTED_EDGE('',*,*,#391,.F.);
#3196=EDGE_LOOP('',(#3192,#3193,#3194,#3195));
#3197=FACE_BOUND('',#3196,.T.);
#3198=ADVANCED_FACE('',(#3197),#3191,.T.);
#3199=CARTESIAN_POINT('',(248.014218321,162.289697521,41.4));
#3200=DIRECTION('',(0.,-0.,-1.));
#3201=DIRECTION('',(-0.,1.,-0.));
#3202=AXIS2_PLACEMENT_3D('',#3199,#3200,#3201);
#3203=CYLINDRICAL_SURFACE('',#3202,1.);
#3204=ORIENTED_EDGE('',*,*,#3066,.F.);
#3205=ORIENTED_EDGE('',*,*,#1141,.F.);
#3206=ORIENTED_EDGE('',*,*,#1955,.F.);
#3207=ORIENTED_EDGE('',*,*,#266,.F.);
#3208=EDGE_LOOP('',(#3204,#3205,#3206,#3207));
#3209=FACE_BOUND('',#3208,.T.);
#3210=ADVANCED_FACE('',(#3209),#3203,.T.);
#3211=CLOSED_SHELL('',(#925,#1638,#1660,#1679,#1698,#1717,#1736,#1755,#1800,#1822,#1839,#1861,#1878,#1900,#1922,#1944,#1966,#1988,#2010,#2032,#2054,#2076,#2098,#2120,#2142,#2164,
#2176,#2201,#2226,#2251,#2276,#2293,#2305,#2336,#2360,#2384,#2401,#2413,#2430,#2447,#2482,#2495,#2530,#2543,#2578,#2591,#2626,#2639,#2656,#2673,#2690,
#2707,#2724,#2741,#2758,#2775,#2792,#2809,#2826,#2843,#2862,#2881,#2900,#2919,#2931,#2943,#2955,#2967,#2979,#2991,#3008,#3020,#3032,#3044,#3056,#3073,
#3085,#3116,#3133,#3150,#3162,#3174,#3186,#3198,#3210));
#3212=MANIFOLD_SOLID_BREP('\X2\76D87403652F67B6\X0\',#3211);
#3213=COLOUR_RGB('',0.580392182,0.580392182,0.580392182);
#3214=FILL_AREA_STYLE_COLOUR('',#3213);
#3215=FILL_AREA_STYLE('',(#3214));
#3216=SURFACE_STYLE_FILL_AREA(#3215);
#3217=SURFACE_SIDE_STYLE('',(#3216));
#3218=SURFACE_STYLE_USAGE(.BOTH.,#3217);
#3219=PRESENTATION_STYLE_ASSIGNMENT((#3218));
#110=STYLED_ITEM('',(#3219),#3212);
#91=SHAPE_REPRESENTATION('____',(#15),#89);
#92=ADVANCED_BREP_SHAPE_REPRESENTATION('____',(#3212),#89);
#3227=SHAPE_REPRESENTATION_RELATIONSHIP('','',#91,#92);
#3228=CARTESIAN_POINT('',(0.,0.,0.));
#3229=DIRECTION('',(0.,0.,1.));
#3230=DIRECTION('',(1.,0.,0.));
#3231=AXIS2_PLACEMENT_3D('',#3228,#3229,#3230);
#3233=MAPPED_ITEM('',#3232,#3231);
#3232=REPRESENTATION_MAP(#3231,#91);
#3234=APPLICATION_CONTEXT('Managed model based 3d engineering');
#3235=APPLICATION_PROTOCOL_DEFINITION('international standard','ap242_managed_model_based_3d_engineering',2014,#3234);
#3236=PRODUCT_CONTEXT('',#3234,'mechanical');
#3237=PRODUCT_DEFINITION_CONTEXT('part definition',#3234,'design');
#99=PRODUCT('____','____','',(#3236));
#3238=PRODUCT_RELATED_PRODUCT_CATEGORY('part','',(#99));
#3239=PRODUCT_DEFINITION_FORMATION_WITH_SPECIFIED_SOURCE('','',#99,.NOT_KNOWN.);
#100=PRODUCT_DEFINITION('design','',#3239,#3237);
#98=PRODUCT_DEFINITION_SHAPE('','',#100);
#3240=SHAPE_DEFINITION_REPRESENTATION(#98,#91);
#90=DRAUGHTING_MODEL('',(#3233),#89);
#63=SHAPE_REPRESENTATION('\X2\76D8740360AC6302\X0\.stp',(#15,#104),#61);
#3241=CARTESIAN_POINT('',(0.,0.,0.));
#3242=DIRECTION('',(0.,0.,1.));
#3243=DIRECTION('',(1.,0.,0.));
#3244=AXIS2_PLACEMENT_3D('',#3241,#3242,#3243);
#3246=MAPPED_ITEM('',#3245,#3244);
#3245=REPRESENTATION_MAP(#3244,#63);
#71=PRODUCT('\X2\76D8740360AC6302\X0\.stp','\X2\76D8740360AC6302\X0\.stp','',(#3236));
#3247=PRODUCT_RELATED_PRODUCT_CATEGORY('part','',(#71));
#3248=PRODUCT_DEFINITION_FORMATION_WITH_SPECIFIED_SOURCE('','',#71,.NOT_KNOWN.);
#72=PRODUCT_DEFINITION('design','',#3248,#3237);
#70=PRODUCT_DEFINITION_SHAPE('','',#72);
#3249=SHAPE_DEFINITION_REPRESENTATION(#70,#63);
#62=DRAUGHTING_MODEL('',(#3246),#61);
#35=SHAPE_REPRESENTATION('\X2\4E8C697C\X0\.step',(#15,#76),#33);
#3250=CARTESIAN_POINT('',(0.,0.,0.));
#3251=DIRECTION('',(0.,0.,1.));
#3252=DIRECTION('',(1.,0.,0.));
#3253=AXIS2_PLACEMENT_3D('',#3250,#3251,#3252);
#3255=MAPPED_ITEM('',#3254,#3253);
#3254=REPRESENTATION_MAP(#3253,#35);
#43=PRODUCT('\X2\4E8C697C\X0\.step','\X2\4E8C697C\X0\.step','',(#3236));
#3256=PRODUCT_RELATED_PRODUCT_CATEGORY('part','',(#43));
#3257=PRODUCT_DEFINITION_FORMATION_WITH_SPECIFIED_SOURCE('','',#43,.NOT_KNOWN.);
#44=PRODUCT_DEFINITION('design','',#3257,#3237);
#42=PRODUCT_DEFINITION_SHAPE('','',#44);
#3258=SHAPE_DEFINITION_REPRESENTATION(#42,#35);
#34=DRAUGHTING_MODEL('',(#3255),#33);
#16=SHAPE_REPRESENTATION('root',(#15,#48),#10);
#3259=CARTESIAN_POINT('',(0.,0.,0.));
#3260=DIRECTION('',(0.,0.,1.));
#3261=DIRECTION('',(1.,0.,0.));
#3262=AXIS2_PLACEMENT_3D('',#3259,#3260,#3261);
#3264=MAPPED_ITEM('',#3263,#3262);
#3263=REPRESENTATION_MAP(#3262,#16);
#24=PRODUCT('root','root','',(#3236));
#3265=PRODUCT_RELATED_PRODUCT_CATEGORY('part','',(#24));
#3266=PRODUCT_DEFINITION_FORMATION_WITH_SPECIFIED_SOURCE('','',#24,.NOT_KNOWN.);
#25=PRODUCT_DEFINITION('design','',#3266,#3237);
#23=PRODUCT_DEFINITION_SHAPE('','',#25);
#3267=SHAPE_DEFINITION_REPRESENTATION(#23,#16);
#11=DRAUGHTING_MODEL('',(#3264),#10);
#3268=DESCRIPTIVE_REPRESENTATION_ITEM('KEY','/private/var/mobile/Containers/Data/Application/512BD973-2612-4B7A-8C54-7F7EBD679855/tmp/0834A0C3-FDEA-46B8-ACC9-44F27404AB0D.tmp');
#3269=PROPERTY_DEFINITION('KEY','',#25);
#3270=REPRESENTATION('',(#3268),#10);
#3271=PROPERTY_DEFINITION_REPRESENTATION(#3269,#3270);
#3272=GENERAL_PROPERTY('','KEY','');
#3273=GENERAL_PROPERTY_ASSOCIATION('','',#3272,#3269);
#1=MECHANICAL_DESIGN_GEOMETRIC_PRESENTATION_REPRESENTATION('',(#110),#10);
ENDSEC;
END-ISO-10303-21;
