ISO-10303-21;
HEADER;

/* File generated by Shapr3D Version 5.880.0.8980 */

FILE_DESCRIPTION(('HOOPS Exchange Step'),'2;1');

FILE_NAME('/private/var/mobile/Containers/Data/Application/1A2F1CC1-DE3C-4D95-B908-0E143EF96F37/tmp/export/temp_export',
'2025-06-24T18:14:56+08:00',
('mobile'),
('Shapr3D Limited'),
'HOOPS Exchange 2024.8',
'Shapr3D',
'Authorized');

FILE_SCHEMA( ('AP242_MANAGED_MODEL_BASED_3D_ENGINEERING_MIM_LF {1 0 10303 442 1 1 4}') );

ENDSEC;

DATA;
#3=(NAMED_UNIT(*)PLANE_ANGLE_UNIT()SI_UNIT($,.RADIAN.));
#4=PLANE_ANGLE_MEASURE_WITH_UNIT(PLANE_ANGLE_MEASURE(0.0174532925),#3);
#5=(CONVERSION_BASED_UNIT('DEGREE',#4)NAMED_UNIT(#6)PLANE_ANGLE_UNIT());
#6=DIMENSIONAL_EXPONENTS(0.,0.,0.,0.,0.,0.,0.);
#7=(NAMED_UNIT(*)SI_UNIT($,.STERADIAN.)SOLID_ANGLE_UNIT());
#8=(LENGTH_UNIT()NAMED_UNIT(*)SI_UNIT(.MILLI.,.METRE.));
#9=UNCERTAINTY_MEASURE_WITH_UNIT(LENGTH_MEASURE(1.000000E-03),#8,'DISTANCE_ACCURACY_VALUE','Maximum Tolerance applied to model');
#10=(GEOMETRIC_REPRESENTATION_CONTEXT(3)GLOBAL_UNCERTAINTY_ASSIGNED_CONTEXT((#9))GLOBAL_UNIT_ASSIGNED_CONTEXT((#8,#5,#7))REPRESENTATION_CONTEXT('','root'));
#12=CARTESIAN_POINT('',(0.,0.,0.));
#13=DIRECTION('',(0.,0.,1.));
#14=DIRECTION('',(1.,0.,0.));
#15=AXIS2_PLACEMENT_3D('TS3D_PRODUCT_CSYS',#12,#13,#14);
#26=(NAMED_UNIT(*)PLANE_ANGLE_UNIT()SI_UNIT($,.RADIAN.));
#27=PLANE_ANGLE_MEASURE_WITH_UNIT(PLANE_ANGLE_MEASURE(0.0174532925),#26);
#28=(CONVERSION_BASED_UNIT('DEGREE',#27)NAMED_UNIT(#29)PLANE_ANGLE_UNIT());
#29=DIMENSIONAL_EXPONENTS(0.,0.,0.,0.,0.,0.,0.);
#30=(NAMED_UNIT(*)SI_UNIT($,.STERADIAN.)SOLID_ANGLE_UNIT());
#31=(LENGTH_UNIT()NAMED_UNIT(*)SI_UNIT(.MILLI.,.METRE.));
#32=UNCERTAINTY_MEASURE_WITH_UNIT(LENGTH_MEASURE(1.000000E-03),#31,'DISTANCE_ACCURACY_VALUE','Maximum Tolerance applied to model');
#33=(GEOMETRIC_REPRESENTATION_CONTEXT(3)GLOBAL_UNCERTAINTY_ASSIGNED_CONTEXT((#32))GLOBAL_UNIT_ASSIGNED_CONTEXT((#31,#28,#30))REPRESENTATION_CONTEXT('','\X2\4E8C697C\X0\.step'));
#45=CARTESIAN_POINT('',(0.,0.,0.));
#46=DIRECTION('',(0.,0.,1.));
#47=DIRECTION('',(1.,0.,-0.));
#48=AXIS2_PLACEMENT_3D('',#45,#46,#47);
#49=ITEM_DEFINED_TRANSFORMATION('','',#48,#15);
#50=(REPRESENTATION_RELATIONSHIP('','',#35,#16)REPRESENTATION_RELATIONSHIP_WITH_TRANSFORMATION(#49)SHAPE_REPRESENTATION_RELATIONSHIP());
#51=NEXT_ASSEMBLY_USAGE_OCCURRENCE('\X2\4E8C697C\X0\.step_1','\X2\4E8C697C\X0\.step','\X2\4E8C697C\X0\.step',#25,#44,$);
#52=PRODUCT_DEFINITION_SHAPE('','',#51);
#53=CONTEXT_DEPENDENT_SHAPE_REPRESENTATION(#50,#52);
#54=(NAMED_UNIT(*)PLANE_ANGLE_UNIT()SI_UNIT($,.RADIAN.));
#55=PLANE_ANGLE_MEASURE_WITH_UNIT(PLANE_ANGLE_MEASURE(0.0174532925),#54);
#56=(CONVERSION_BASED_UNIT('DEGREE',#55)NAMED_UNIT(#57)PLANE_ANGLE_UNIT());
#57=DIMENSIONAL_EXPONENTS(0.,0.,0.,0.,0.,0.,0.);
#58=(NAMED_UNIT(*)SI_UNIT($,.STERADIAN.)SOLID_ANGLE_UNIT());
#59=(LENGTH_UNIT()NAMED_UNIT(*)SI_UNIT(.MILLI.,.METRE.));
#60=UNCERTAINTY_MEASURE_WITH_UNIT(LENGTH_MEASURE(1.000000E-03),#59,'DISTANCE_ACCURACY_VALUE','Maximum Tolerance applied to model');
#61=(GEOMETRIC_REPRESENTATION_CONTEXT(3)GLOBAL_UNCERTAINTY_ASSIGNED_CONTEXT((#60))GLOBAL_UNIT_ASSIGNED_CONTEXT((#59,#56,#58))REPRESENTATION_CONTEXT('','\X2\76D8740360AC6302\X0\.stp'));
#73=CARTESIAN_POINT('',(0.,0.,0.));
#74=DIRECTION('',(0.,0.,1.));
#75=DIRECTION('',(1.,0.,-0.));
#76=AXIS2_PLACEMENT_3D('',#73,#74,#75);
#77=ITEM_DEFINED_TRANSFORMATION('','',#76,#15);
#78=(REPRESENTATION_RELATIONSHIP('','',#63,#35)REPRESENTATION_RELATIONSHIP_WITH_TRANSFORMATION(#77)SHAPE_REPRESENTATION_RELATIONSHIP());
#79=NEXT_ASSEMBLY_USAGE_OCCURRENCE('\X2\76D8740360AC6302\X0\.stp_2','\X2\76D8740360AC6302\X0\.stp','\X2\76D8740360AC6302\X0\.stp',#44,#72,$);
#80=PRODUCT_DEFINITION_SHAPE('','',#79);
#81=CONTEXT_DEPENDENT_SHAPE_REPRESENTATION(#78,#80);
#82=(NAMED_UNIT(*)PLANE_ANGLE_UNIT()SI_UNIT($,.RADIAN.));
#83=PLANE_ANGLE_MEASURE_WITH_UNIT(PLANE_ANGLE_MEASURE(0.0174532925),#82);
#84=(CONVERSION_BASED_UNIT('DEGREE',#83)NAMED_UNIT(#85)PLANE_ANGLE_UNIT());
#85=DIMENSIONAL_EXPONENTS(0.,0.,0.,0.,0.,0.,0.);
#86=(NAMED_UNIT(*)SI_UNIT($,.STERADIAN.)SOLID_ANGLE_UNIT());
#87=(LENGTH_UNIT()NAMED_UNIT(*)SI_UNIT(.MILLI.,.METRE.));
#88=UNCERTAINTY_MEASURE_WITH_UNIT(LENGTH_MEASURE(1.000000E-05),#87,'DISTANCE_ACCURACY_VALUE','Maximum Tolerance applied to model');
#89=(GEOMETRIC_REPRESENTATION_CONTEXT(3)GLOBAL_UNCERTAINTY_ASSIGNED_CONTEXT((#88))GLOBAL_UNIT_ASSIGNED_CONTEXT((#87,#84,#86))REPRESENTATION_CONTEXT('','____'));
#101=CARTESIAN_POINT('',(0.,0.,0.));
#102=DIRECTION('',(0.,0.,1.));
#103=DIRECTION('',(1.,0.,-0.));
#104=AXIS2_PLACEMENT_3D('',#101,#102,#103);
#105=ITEM_DEFINED_TRANSFORMATION('','',#104,#15);
#106=(REPRESENTATION_RELATIONSHIP('','',#91,#63)REPRESENTATION_RELATIONSHIP_WITH_TRANSFORMATION(#105)SHAPE_REPRESENTATION_RELATIONSHIP());
#107=NEXT_ASSEMBLY_USAGE_OCCURRENCE('_____3','____','____',#72,#100,$);
#108=PRODUCT_DEFINITION_SHAPE('','',#107);
#109=CONTEXT_DEPENDENT_SHAPE_REPRESENTATION(#106,#108);
#111=CARTESIAN_POINT('',(292.318503254,308.749090413,19.306463541));
#112=DIRECTION('',(0.707106781,-0.707106781,0.));
#113=DIRECTION('',(0.,0.,1.));
#114=AXIS2_PLACEMENT_3D('',#111,#112,#113);
#115=CYLINDRICAL_SURFACE('',#114,2.65);
#116=CARTESIAN_POINT('',(297.975357503,303.092236164,21.956463541));
#117=VERTEX_POINT('',#116);
#118=CARTESIAN_POINT('',(292.318503254,308.749090413,21.956463541));
#119=VERTEX_POINT('',#118);
#120=CARTESIAN_POINT('',(297.975357503,303.092236164,21.956463541));
#121=DIRECTION('',(-0.707106781,0.707106781,-0.));
#122=VECTOR('',#121,8.);
#123=LINE('',#120,#122);
#124=EDGE_CURVE('',#117,#119,#123,.T.);
#125=ORIENTED_EDGE('',*,*,#124,.T.);
#126=CARTESIAN_POINT('',(294.192336224,310.622923383,19.306463541));
#127=VERTEX_POINT('',#126);
#128=CARTESIAN_POINT('',(292.318503254,308.749090413,19.306463541));
#129=DIRECTION('',(-0.707106781,0.707106781,-0.));
#130=DIRECTION('',(0.707106781,0.707106781,0.));
#131=AXIS2_PLACEMENT_3D('',#128,#129,#130);
#132=CIRCLE('',#131,2.65);
#133=EDGE_CURVE('',#127,#119,#132,.T.);
#134=ORIENTED_EDGE('',*,*,#133,.F.);
#135=CARTESIAN_POINT('',(292.318503254,308.749090413,19.306463541));
#136=DIRECTION('',(-0.707106781,0.707106781,-0.));
#137=DIRECTION('',(0.707106781,0.707106781,0.));
#138=AXIS2_PLACEMENT_3D('',#135,#136,#137);
#139=CIRCLE('',#138,2.65);
#140=EDGE_CURVE('',#119,#127,#139,.T.);
#141=ORIENTED_EDGE('',*,*,#140,.F.);
#142=ORIENTED_EDGE('',*,*,#124,.F.);
#143=CARTESIAN_POINT('',(299.849190474,304.966069134,19.306463541));
#144=VERTEX_POINT('',#143);
#145=CARTESIAN_POINT('',(297.975357503,303.092236164,19.306463541));
#146=DIRECTION('',(0.707106781,-0.707106781,0.));
#147=DIRECTION('',(0.707106781,0.707106781,0.));
#148=AXIS2_PLACEMENT_3D('',#145,#146,#147);
#149=CIRCLE('',#148,2.65);
#150=EDGE_CURVE('',#144,#117,#149,.T.);
#151=ORIENTED_EDGE('',*,*,#150,.F.);
#152=CARTESIAN_POINT('',(297.975357503,303.092236164,19.306463541));
#153=DIRECTION('',(0.707106781,-0.707106781,0.));
#154=DIRECTION('',(0.707106781,0.707106781,0.));
#155=AXIS2_PLACEMENT_3D('',#152,#153,#154);
#156=CIRCLE('',#155,2.65);
#157=EDGE_CURVE('',#117,#144,#156,.T.);
#158=ORIENTED_EDGE('',*,*,#157,.F.);
#159=EDGE_LOOP('',(#125,#134,#141,#142,#151,#158));
#160=FACE_BOUND('',#159,.T.);
#161=ADVANCED_FACE('',(#160),#115,.T.);
#162=COLOUR_RGB('',0.600000024,0.600000024,0.600000024);
#163=FILL_AREA_STYLE_COLOUR('',#162);
#164=FILL_AREA_STYLE('',(#163));
#165=SURFACE_STYLE_FILL_AREA(#164);
#166=SURFACE_SIDE_STYLE('',(#165));
#167=SURFACE_STYLE_USAGE(.BOTH.,#166);
#168=PRESENTATION_STYLE_ASSIGNMENT((#167));
#169=OVER_RIDING_STYLED_ITEM('',(#168),#161,#110);
#170=CARTESIAN_POINT('',(292.318503254,308.749090413,19.306463541));
#171=DIRECTION('',(-0.707106781,0.707106781,0.));
#172=DIRECTION('',(0.,0.,-1.));
#173=AXIS2_PLACEMENT_3D('',#170,#171,#172);
#174=PLANE('',#173);
#175=ORIENTED_EDGE('',*,*,#133,.T.);
#176=ORIENTED_EDGE('',*,*,#140,.T.);
#177=EDGE_LOOP('',(#175,#176));
#178=FACE_BOUND('',#177,.T.);
#179=ADVANCED_FACE('',(#178),#174,.T.);
#180=OVER_RIDING_STYLED_ITEM('',(#168),#179,#110);
#181=CARTESIAN_POINT('',(292.318503254,308.749090413,19.306463541));
#182=DIRECTION('',(0.707106781,-0.707106781,0.));
#183=DIRECTION('',(0.,0.,1.));
#184=AXIS2_PLACEMENT_3D('',#181,#182,#183);
#185=CYLINDRICAL_SURFACE('',#184,2.65);
#186=CARTESIAN_POINT('',(329.795162657,271.27243101,21.956463541));
#187=VERTEX_POINT('',#186);
#188=CARTESIAN_POINT('',(324.138308408,276.929285259,21.956463541));
#189=VERTEX_POINT('',#188);
#190=CARTESIAN_POINT('',(329.795162657,271.27243101,21.956463541));
#191=DIRECTION('',(-0.707106781,0.707106781,-0.));
#192=VECTOR('',#191,8.);
#193=LINE('',#190,#192);
#194=EDGE_CURVE('',#187,#189,#193,.T.);
#195=ORIENTED_EDGE('',*,*,#194,.T.);
#196=CARTESIAN_POINT('',(326.012141378,278.80311823,19.306463541));
#197=VERTEX_POINT('',#196);
#198=CARTESIAN_POINT('',(324.138308408,276.929285259,19.306463541));
#199=DIRECTION('',(0.707106781,-0.707106781,0.));
#200=DIRECTION('',(0.707106781,0.707106781,0.));
#201=AXIS2_PLACEMENT_3D('',#198,#199,#200);
#202=CIRCLE('',#201,2.65);
#203=EDGE_CURVE('',#189,#197,#202,.T.);
#204=ORIENTED_EDGE('',*,*,#203,.T.);
#205=CARTESIAN_POINT('',(324.138308408,276.929285259,19.306463541));
#206=DIRECTION('',(0.707106781,-0.707106781,0.));
#207=DIRECTION('',(0.707106781,0.707106781,0.));
#208=AXIS2_PLACEMENT_3D('',#205,#206,#207);
#209=CIRCLE('',#208,2.65);
#210=EDGE_CURVE('',#197,#189,#209,.T.);
#211=ORIENTED_EDGE('',*,*,#210,.T.);
#212=ORIENTED_EDGE('',*,*,#194,.F.);
#213=CARTESIAN_POINT('',(331.668995627,273.14626398,19.306463541));
#214=VERTEX_POINT('',#213);
#215=CARTESIAN_POINT('',(329.795162657,271.27243101,19.306463541));
#216=DIRECTION('',(-0.707106781,0.707106781,-0.));
#217=DIRECTION('',(0.707106781,0.707106781,0.));
#218=AXIS2_PLACEMENT_3D('',#215,#216,#217);
#219=CIRCLE('',#218,2.65);
#220=EDGE_CURVE('',#187,#214,#219,.T.);
#221=ORIENTED_EDGE('',*,*,#220,.T.);
#222=CARTESIAN_POINT('',(329.795162657,271.27243101,19.306463541));
#223=DIRECTION('',(-0.707106781,0.707106781,-0.));
#224=DIRECTION('',(0.707106781,0.707106781,0.));
#225=AXIS2_PLACEMENT_3D('',#222,#223,#224);
#226=CIRCLE('',#225,2.65);
#227=EDGE_CURVE('',#214,#187,#226,.T.);
#228=ORIENTED_EDGE('',*,*,#227,.T.);
#229=EDGE_LOOP('',(#195,#204,#211,#212,#221,#228));
#230=FACE_BOUND('',#229,.T.);
#231=ADVANCED_FACE('',(#230),#185,.T.);
#232=OVER_RIDING_STYLED_ITEM('',(#168),#231,#110);
#233=CARTESIAN_POINT('',(295.146930379,300.263809038,24.922557536));
#234=DIRECTION('',(0.,0.,-1.));
#235=DIRECTION('',(0.707106781,-0.707106781,0.));
#236=AXIS2_PLACEMENT_3D('',#233,#234,#235);
#237=PLANE('',#236);
#238=CARTESIAN_POINT('',(321.309881282,274.100858135,24.922557536));
#239=VERTEX_POINT('',#238);
#240=CARTESIAN_POINT('',(326.966735532,279.757712384,24.922557536));
#241=VERTEX_POINT('',#240);
#242=CARTESIAN_POINT('',(321.309881282,274.100858135,24.922557536));
#243=DIRECTION('',(0.707106781,0.707106781,-0.));
#244=VECTOR('',#243,8.);
#245=LINE('',#242,#244);
#246=EDGE_CURVE('',#239,#241,#245,.T.);
#247=ORIENTED_EDGE('',*,*,#246,.T.);
#248=CARTESIAN_POINT('',(300.803784628,305.920663288,24.922557536));
#249=VERTEX_POINT('',#248);
#250=CARTESIAN_POINT('',(300.803784628,305.920663288,24.922557536));
#251=DIRECTION('',(0.707106781,-0.707106781,-0.));
#252=VECTOR('',#251,37.);
#253=LINE('',#250,#252);
#254=EDGE_CURVE('',#249,#241,#253,.T.);
#255=ORIENTED_EDGE('',*,*,#254,.F.);
#256=CARTESIAN_POINT('',(295.146930378,300.263809038,24.922557536));
#257=VERTEX_POINT('',#256);
#258=CARTESIAN_POINT('',(295.146930378,300.263809038,24.922557536));
#259=DIRECTION('',(0.707106781,0.707106781,-0.));
#260=VECTOR('',#259,8.);
#261=LINE('',#258,#260);
#262=EDGE_CURVE('',#257,#249,#261,.T.);
#263=ORIENTED_EDGE('',*,*,#262,.F.);
#264=CARTESIAN_POINT('',(295.146930378,300.263809038,24.922557536));
#265=DIRECTION('',(0.707106781,-0.707106781,0.));
#266=VECTOR('',#265,37.);
#267=LINE('',#264,#266);
#268=EDGE_CURVE('',#257,#239,#267,.T.);
#269=ORIENTED_EDGE('',*,*,#268,.T.);
#270=EDGE_LOOP('',(#247,#255,#263,#269));
#271=FACE_BOUND('',#270,.T.);
#272=ADVANCED_FACE('',(#271),#237,.F.);
#273=OVER_RIDING_STYLED_ITEM('',(#168),#272,#110);
#274=CARTESIAN_POINT('',(300.803784628,305.920663288,24.922557536));
#275=DIRECTION('',(-0.707106781,-0.707106781,0.));
#276=DIRECTION('',(-0.707106781,0.707106781,0.));
#277=AXIS2_PLACEMENT_3D('',#274,#275,#276);
#278=PLANE('',#277);
#279=CARTESIAN_POINT('',(326.966735532,279.757712384,2.));
#280=VERTEX_POINT('',#279);
#281=CARTESIAN_POINT('',(326.966735532,279.757712384,24.922557536));
#282=DIRECTION('',(0.,0.,-1.));
#283=VECTOR('',#282,22.922557536);
#284=LINE('',#281,#283);
#285=EDGE_CURVE('',#241,#280,#284,.T.);
#286=ORIENTED_EDGE('',*,*,#285,.T.);
#287=CARTESIAN_POINT('',(300.803784628,305.920663288,2.));
#288=VERTEX_POINT('',#287);
#289=CARTESIAN_POINT('',(326.966735532,279.757712384,2.));
#290=DIRECTION('',(-0.707106781,0.707106781,0.));
#291=VECTOR('',#290,37.);
#292=LINE('',#289,#291);
#293=EDGE_CURVE('',#280,#288,#292,.T.);
#294=ORIENTED_EDGE('',*,*,#293,.T.);
#295=CARTESIAN_POINT('',(300.803784628,305.920663288,24.922557536));
#296=DIRECTION('',(0.,0.,-1.));
#297=VECTOR('',#296,22.922557536);
#298=LINE('',#295,#297);
#299=EDGE_CURVE('',#249,#288,#298,.T.);
#300=ORIENTED_EDGE('',*,*,#299,.F.);
#301=ORIENTED_EDGE('',*,*,#254,.T.);
#302=EDGE_LOOP('',(#286,#294,#300,#301));
#303=FACE_BOUND('',#302,.T.);
#304=ADVANCED_FACE('',(#303),#278,.F.);
#305=OVER_RIDING_STYLED_ITEM('',(#168),#304,#110);
#306=CARTESIAN_POINT('',(300.803784628,305.920663288,1.922557536));
#307=DIRECTION('',(0.,0.,1.));
#308=DIRECTION('',(-0.707106781,0.707106781,0.));
#309=AXIS2_PLACEMENT_3D('',#306,#307,#308);
#310=PLANE('',#309);
#311=CARTESIAN_POINT('',(295.417979077,300.534857737,1.922557536));
#312=VERTEX_POINT('',#311);
#313=CARTESIAN_POINT('',(295.146930378,300.263809038,1.922557536));
#314=VERTEX_POINT('',#313);
#315=CARTESIAN_POINT('',(295.417979077,300.534857737,1.922557536));
#316=DIRECTION('',(-0.707106781,-0.707106781,0.));
#317=VECTOR('',#316,0.383320745);
#318=LINE('',#315,#317);
#319=EDGE_CURVE('',#312,#314,#318,.T.);
#320=ORIENTED_EDGE('',*,*,#319,.F.);
#321=CARTESIAN_POINT('',(321.743551415,274.534528267,1.922557536));
#322=VERTEX_POINT('',#321);
#323=CARTESIAN_POINT('',(295.417979077,300.534857737,1.922557536));
#324=DIRECTION('',(0.711488211,-0.702698033,0.));
#325=VECTOR('',#324,37.000714743);
#326=LINE('',#323,#325);
#327=EDGE_CURVE('',#312,#322,#326,.T.);
#328=ORIENTED_EDGE('',*,*,#327,.T.);
#329=CARTESIAN_POINT('',(321.309881282,274.100858135,1.922557536));
#330=VERTEX_POINT('',#329);
#331=CARTESIAN_POINT('',(321.743551415,274.534528267,1.922557536));
#332=DIRECTION('',(-0.707106781,-0.707106781,0.));
#333=VECTOR('',#332,0.613302183);
#334=LINE('',#331,#333);
#335=EDGE_CURVE('',#322,#330,#334,.T.);
#336=ORIENTED_EDGE('',*,*,#335,.T.);
#337=CARTESIAN_POINT('',(295.146930378,300.263809038,1.922557536));
#338=DIRECTION('',(0.707106781,-0.707106781,0.));
#339=VECTOR('',#338,37.);
#340=LINE('',#337,#339);
#341=EDGE_CURVE('',#314,#330,#340,.T.);
#342=ORIENTED_EDGE('',*,*,#341,.F.);
#343=EDGE_LOOP('',(#320,#328,#336,#342));
#344=FACE_BOUND('',#343,.T.);
#345=ADVANCED_FACE('',(#344),#310,.F.);
#346=OVER_RIDING_STYLED_ITEM('',(#168),#345,#110);
#347=CARTESIAN_POINT('',(295.146930379,300.263809038,1.922557536));
#348=DIRECTION('',(0.707106781,0.707106781,0.));
#349=DIRECTION('',(0.707106781,-0.707106781,0.));
#350=AXIS2_PLACEMENT_3D('',#347,#348,#349);
#351=PLANE('',#350);
#352=CARTESIAN_POINT('',(321.309881282,274.100858135,1.922557536));
#353=DIRECTION('',(-0.,-0.,1.));
#354=VECTOR('',#353,23.);
#355=LINE('',#352,#354);
#356=EDGE_CURVE('',#330,#239,#355,.T.);
#357=ORIENTED_EDGE('',*,*,#356,.T.);
#358=ORIENTED_EDGE('',*,*,#268,.F.);
#359=CARTESIAN_POINT('',(295.146930378,300.263809038,1.922557536));
#360=DIRECTION('',(-0.,-0.,1.));
#361=VECTOR('',#360,23.);
#362=LINE('',#359,#361);
#363=EDGE_CURVE('',#314,#257,#362,.T.);
#364=ORIENTED_EDGE('',*,*,#363,.F.);
#365=ORIENTED_EDGE('',*,*,#341,.T.);
#366=EDGE_LOOP('',(#357,#358,#364,#365));
#367=FACE_BOUND('',#366,.T.);
#368=ADVANCED_FACE('',(#367),#351,.F.);
#369=OVER_RIDING_STYLED_ITEM('',(#168),#368,#110);
#370=CARTESIAN_POINT('',(326.966735532,279.757712384,24.922557536));
#371=DIRECTION('',(-0.707106781,0.707106781,0.));
#372=DIRECTION('',(0.,0.,-1.));
#373=AXIS2_PLACEMENT_3D('',#370,#371,#372);
#374=PLANE('',#373);
#375=ORIENTED_EDGE('',*,*,#203,.F.);
#376=ORIENTED_EDGE('',*,*,#210,.F.);
#377=EDGE_LOOP('',(#375,#376));
#378=FACE_BOUND('',#377,.T.);
#379=CARTESIAN_POINT('',(321.743551415,274.534528267,2.));
#380=VERTEX_POINT('',#379);
#381=CARTESIAN_POINT('',(321.743551415,274.534528267,1.922557536));
#382=DIRECTION('',(0.,0.,1.));
#383=VECTOR('',#382,0.077442464);
#384=LINE('',#381,#383);
#385=EDGE_CURVE('',#322,#380,#384,.T.);
#386=ORIENTED_EDGE('',*,*,#385,.T.);
#387=CARTESIAN_POINT('',(321.743551415,274.534528267,2.));
#388=DIRECTION('',(0.707106781,0.707106781,0.));
#389=VECTOR('',#388,7.386697817);
#390=LINE('',#387,#389);
#391=EDGE_CURVE('',#380,#280,#390,.T.);
#392=ORIENTED_EDGE('',*,*,#391,.T.);
#393=ORIENTED_EDGE('',*,*,#285,.F.);
#394=ORIENTED_EDGE('',*,*,#246,.F.);
#395=ORIENTED_EDGE('',*,*,#356,.F.);
#396=ORIENTED_EDGE('',*,*,#335,.F.);
#397=EDGE_LOOP('',(#386,#392,#393,#394,#395,#396));
#398=FACE_BOUND('',#397,.T.);
#399=ADVANCED_FACE('',(#378,#398),#374,.F.);
#400=OVER_RIDING_STYLED_ITEM('',(#168),#399,#110);
#401=CARTESIAN_POINT('',(300.803784628,305.920663288,24.922557536));
#402=DIRECTION('',(-0.707106781,0.707106781,0.));
#403=DIRECTION('',(0.,0.,-1.));
#404=AXIS2_PLACEMENT_3D('',#401,#402,#403);
#405=PLANE('',#404);
#406=CARTESIAN_POINT('',(295.417979077,300.534857737,2.));
#407=VERTEX_POINT('',#406);
#408=CARTESIAN_POINT('',(295.417979077,300.534857737,2.));
#409=DIRECTION('',(0.707106781,0.707106781,0.));
#410=VECTOR('',#409,7.616679255);
#411=LINE('',#408,#410);
#412=EDGE_CURVE('',#407,#288,#411,.T.);
#413=ORIENTED_EDGE('',*,*,#412,.F.);
#414=CARTESIAN_POINT('',(295.417979077,300.534857737,1.922557536));
#415=DIRECTION('',(0.,0.,1.));
#416=VECTOR('',#415,0.077442464);
#417=LINE('',#414,#416);
#418=EDGE_CURVE('',#312,#407,#417,.T.);
#419=ORIENTED_EDGE('',*,*,#418,.F.);
#420=ORIENTED_EDGE('',*,*,#319,.T.);
#421=ORIENTED_EDGE('',*,*,#363,.T.);
#422=ORIENTED_EDGE('',*,*,#262,.T.);
#423=ORIENTED_EDGE('',*,*,#299,.T.);
#424=EDGE_LOOP('',(#413,#419,#420,#421,#422,#423));
#425=FACE_BOUND('',#424,.T.);
#426=ORIENTED_EDGE('',*,*,#150,.T.);
#427=ORIENTED_EDGE('',*,*,#157,.T.);
#428=EDGE_LOOP('',(#426,#427));
#429=FACE_BOUND('',#428,.T.);
#430=ADVANCED_FACE('',(#425,#429),#405,.T.);
#431=OVER_RIDING_STYLED_ITEM('',(#168),#430,#110);
#432=CARTESIAN_POINT('',(329.795162657,271.27243101,19.306463541));
#433=DIRECTION('',(-0.707106781,0.707106781,0.));
#434=DIRECTION('',(0.,0.,-1.));
#435=AXIS2_PLACEMENT_3D('',#432,#433,#434);
#436=PLANE('',#435);
#437=ORIENTED_EDGE('',*,*,#220,.F.);
#438=ORIENTED_EDGE('',*,*,#227,.F.);
#439=EDGE_LOOP('',(#437,#438));
#440=FACE_BOUND('',#439,.T.);
#441=ADVANCED_FACE('',(#440),#436,.F.);
#442=OVER_RIDING_STYLED_ITEM('',(#168),#441,#110);
#443=CARTESIAN_POINT('',(251.390706184,228.01329585,2.));
#444=DIRECTION('',(0.,0.,1.));
#445=DIRECTION('',(1.,0.,0.));
#446=AXIS2_PLACEMENT_3D('',#443,#444,#445);
#447=PLANE('',#446);
#448=CARTESIAN_POINT('',(376.399351725,315.75437159,2.));
#449=VERTEX_POINT('',#448);
#450=CARTESIAN_POINT('',(342.745959353,348.991988564,2.));
#451=VERTEX_POINT('',#450);
#452=CARTESIAN_POINT('',(376.399351737,315.754371601,2.));
#453=DIRECTION('',(-0.711488211,0.702698033,-0.));
#454=VECTOR('',#453,47.300000003);
#455=LINE('',#452,#454);
#456=EDGE_CURVE('',#449,#451,#455,.T.);
#457=ORIENTED_EDGE('',*,*,#456,.F.);
#458=CARTESIAN_POINT('',(344.630484397,283.588101723,2.));
#459=VERTEX_POINT('',#458);
#460=CARTESIAN_POINT('',(376.399351726,315.754371589,2.));
#461=DIRECTION('',(-0.702698033,-0.711488211,0.));
#462=VECTOR('',#461,45.209842384);
#463=LINE('',#460,#462);
#464=EDGE_CURVE('',#449,#459,#463,.T.);
#465=ORIENTED_EDGE('',*,*,#464,.T.);
#466=CARTESIAN_POINT('',(310.977092019,316.825718687,2.));
#467=VERTEX_POINT('',#466);
#468=CARTESIAN_POINT('',(310.977092019,316.825718687,2.));
#469=DIRECTION('',(0.711488211,-0.702698033,0.));
#470=VECTOR('',#469,47.3);
#471=LINE('',#468,#470);
#472=EDGE_CURVE('',#467,#459,#471,.T.);
#473=ORIENTED_EDGE('',*,*,#472,.F.);
#474=CARTESIAN_POINT('',(342.745959353,348.991988564,2.));
#475=DIRECTION('',(-0.702698033,-0.711488211,0.));
#476=VECTOR('',#475,45.209842396);
#477=LINE('',#474,#476);
#478=EDGE_CURVE('',#451,#467,#477,.T.);
#479=ORIENTED_EDGE('',*,*,#478,.F.);
#480=EDGE_LOOP('',(#457,#465,#473,#479));
#481=FACE_BOUND('',#480,.T.);
#482=CARTESIAN_POINT('',(316.420046528,373.738301154,2.));
#483=VERTEX_POINT('',#482);
#484=CARTESIAN_POINT('',(317.843022955,372.332905081,2.));
#485=VERTEX_POINT('',#484);
#486=CARTESIAN_POINT('',(316.420046528,373.738301154,2.));
#487=DIRECTION('',(0.711488211,-0.702698034,0.));
#488=VECTOR('',#487,2.000000009);
#489=LINE('',#486,#488);
#490=EDGE_CURVE('',#483,#485,#489,.T.);
#491=ORIENTED_EDGE('',*,*,#490,.T.);
#492=CARTESIAN_POINT('',(283.410819332,337.469982747,2.));
#493=VERTEX_POINT('',#492);
#494=CARTESIAN_POINT('',(283.410819332,337.469982747,2.));
#495=DIRECTION('',(0.702698033,0.711488211,-0.));
#496=VECTOR('',#495,49.);
#497=LINE('',#494,#496);
#498=EDGE_CURVE('',#493,#485,#497,.T.);
#499=ORIENTED_EDGE('',*,*,#498,.F.);
#500=CARTESIAN_POINT('',(281.987842905,338.87537882,2.));
#501=VERTEX_POINT('',#500);
#502=CARTESIAN_POINT('',(283.410819332,337.469982747,2.));
#503=DIRECTION('',(-0.711488211,0.702698034,0.));
#504=VECTOR('',#503,2.000000009);
#505=LINE('',#502,#504);
#506=EDGE_CURVE('',#493,#501,#505,.T.);
#507=ORIENTED_EDGE('',*,*,#506,.T.);
#508=CARTESIAN_POINT('',(316.420046528,373.738301154,2.));
#509=DIRECTION('',(-0.702698033,-0.711488211,-0.));
#510=VECTOR('',#509,49.);
#511=LINE('',#508,#510);
#512=EDGE_CURVE('',#483,#501,#511,.T.);
#513=ORIENTED_EDGE('',*,*,#512,.F.);
#514=EDGE_LOOP('',(#491,#499,#507,#513));
#515=FACE_BOUND('',#514,.T.);
#516=CARTESIAN_POINT('',(395.176462055,316.583565833,2.));
#517=VERTEX_POINT('',#516);
#518=CARTESIAN_POINT('',(393.576462055,316.583565833,2.));
#519=DIRECTION('',(0.,0.,1.));
#520=DIRECTION('',(1.,0.,-0.));
#521=AXIS2_PLACEMENT_3D('',#518,#519,#520);
#522=CIRCLE('',#521,1.6);
#523=EDGE_CURVE('',#517,#517,#522,.T.);
#524=ORIENTED_EDGE('',*,*,#523,.F.);
#525=EDGE_LOOP('',(#524));
#526=FACE_BOUND('',#525,.T.);
#527=CARTESIAN_POINT('',(328.001317842,373.859215109,2.));
#528=VERTEX_POINT('',#527);
#529=CARTESIAN_POINT('',(326.401317842,373.859215109,2.));
#530=DIRECTION('',(0.,0.,1.));
#531=DIRECTION('',(1.,0.,-0.));
#532=AXIS2_PLACEMENT_3D('',#529,#530,#531);
#533=CIRCLE('',#532,1.6);
#534=EDGE_CURVE('',#528,#528,#533,.T.);
#535=ORIENTED_EDGE('',*,*,#534,.F.);
#536=EDGE_LOOP('',(#535));
#537=FACE_BOUND('',#536,.T.);
#538=CARTESIAN_POINT('',(327.250858608,384.50916928,2.));
#539=VERTEX_POINT('',#538);
#540=CARTESIAN_POINT('',(325.650858608,384.50916928,2.));
#541=DIRECTION('',(0.,0.,1.));
#542=DIRECTION('',(1.,0.,-0.));
#543=AXIS2_PLACEMENT_3D('',#540,#541,#542);
#544=CIRCLE('',#543,1.6);
#545=EDGE_CURVE('',#539,#539,#544,.T.);
#546=ORIENTED_EDGE('',*,*,#545,.F.);
#547=EDGE_LOOP('',(#546));
#548=FACE_BOUND('',#547,.T.);
#549=CARTESIAN_POINT('',(340.262664005,273.42527335,2.));
#550=VERTEX_POINT('',#549);
#551=CARTESIAN_POINT('',(342.112664005,273.42527335,2.));
#552=DIRECTION('',(-0.,-0.,1.));
#553=DIRECTION('',(-1.,0.,0.));
#554=AXIS2_PLACEMENT_3D('',#551,#552,#553);
#555=CIRCLE('',#554,1.85);
#556=EDGE_CURVE('',#550,#550,#555,.T.);
#557=ORIENTED_EDGE('',*,*,#556,.F.);
#558=EDGE_LOOP('',(#557));
#559=FACE_BOUND('',#558,.T.);
#560=CARTESIAN_POINT('',(298.996347793,314.181759292,2.));
#561=VERTEX_POINT('',#560);
#562=CARTESIAN_POINT('',(300.846347793,314.181759292,2.));
#563=DIRECTION('',(-0.,-0.,1.));
#564=DIRECTION('',(-1.,0.,0.));
#565=AXIS2_PLACEMENT_3D('',#562,#563,#564);
#566=CIRCLE('',#565,1.85);
#567=EDGE_CURVE('',#561,#561,#566,.T.);
#568=ORIENTED_EDGE('',*,*,#567,.F.);
#569=EDGE_LOOP('',(#568));
#570=FACE_BOUND('',#569,.T.);
#571=CARTESIAN_POINT('',(374.694867645,308.288195667,2.));
#572=VERTEX_POINT('',#571);
#573=CARTESIAN_POINT('',(376.544867645,308.288195667,2.));
#574=DIRECTION('',(-0.,-0.,1.));
#575=DIRECTION('',(-1.,0.,0.));
#576=AXIS2_PLACEMENT_3D('',#573,#574,#575);
#577=CIRCLE('',#576,1.85);
#578=EDGE_CURVE('',#572,#572,#577,.T.);
#579=ORIENTED_EDGE('',*,*,#578,.F.);
#580=EDGE_LOOP('',(#579));
#581=FACE_BOUND('',#580,.T.);
#582=CARTESIAN_POINT('',(333.428551434,349.044681609,2.));
#583=VERTEX_POINT('',#582);
#584=CARTESIAN_POINT('',(335.278551434,349.044681609,2.));
#585=DIRECTION('',(-0.,-0.,1.));
#586=DIRECTION('',(-1.,0.,0.));
#587=AXIS2_PLACEMENT_3D('',#584,#585,#586);
#588=CIRCLE('',#587,1.85);
#589=EDGE_CURVE('',#583,#583,#588,.T.);
#590=ORIENTED_EDGE('',*,*,#589,.F.);
#591=EDGE_LOOP('',(#590));
#592=FACE_BOUND('',#591,.T.);
#593=CARTESIAN_POINT('',(377.722371625,404.299157996,2.));
#594=VERTEX_POINT('',#593);
#595=CARTESIAN_POINT('',(376.072371625,404.299157996,2.));
#596=DIRECTION('',(0.,0.,1.));
#597=DIRECTION('',(1.,0.,-0.));
#598=AXIS2_PLACEMENT_3D('',#595,#596,#597);
#599=CIRCLE('',#598,1.65);
#600=EDGE_CURVE('',#594,#594,#599,.T.);
#601=ORIENTED_EDGE('',*,*,#600,.F.);
#602=EDGE_LOOP('',(#601));
#603=FACE_BOUND('',#602,.T.);
#604=CARTESIAN_POINT('',(266.901171453,355.026299381,2.));
#605=VERTEX_POINT('',#604);
#606=CARTESIAN_POINT('',(265.251171453,355.026299381,2.));
#607=DIRECTION('',(0.,0.,1.));
#608=DIRECTION('',(1.,0.,-0.));
#609=AXIS2_PLACEMENT_3D('',#606,#607,#608);
#610=CIRCLE('',#609,1.65);
#611=EDGE_CURVE('',#605,#605,#610,.T.);
#612=ORIENTED_EDGE('',*,*,#611,.F.);
#613=EDGE_LOOP('',(#612));
#614=FACE_BOUND('',#613,.T.);
#615=CARTESIAN_POINT('',(266.901570653,293.514246735,2.));
#616=VERTEX_POINT('',#615);
#617=CARTESIAN_POINT('',(265.251969951,293.514246735,2.));
#618=DIRECTION('',(0.,0.,1.));
#619=DIRECTION('',(1.,0.,-0.));
#620=AXIS2_PLACEMENT_3D('',#617,#618,#619);
#621=CIRCLE('',#620,1.649600702);
#622=EDGE_CURVE('',#616,#616,#621,.T.);
#623=ORIENTED_EDGE('',*,*,#622,.F.);
#624=EDGE_LOOP('',(#623));
#625=FACE_BOUND('',#624,.T.);
#626=CARTESIAN_POINT('',(325.33144402,361.375234615,2.));
#627=VERTEX_POINT('',#626);
#628=CARTESIAN_POINT('',(323.73144402,361.375234615,2.));
#629=DIRECTION('',(0.,0.,1.));
#630=DIRECTION('',(1.,0.,-0.));
#631=AXIS2_PLACEMENT_3D('',#628,#629,#630);
#632=CIRCLE('',#631,1.6);
#633=EDGE_CURVE('',#627,#627,#632,.T.);
#634=ORIENTED_EDGE('',*,*,#633,.F.);
#635=EDGE_LOOP('',(#634));
#636=FACE_BOUND('',#635,.T.);
#637=CARTESIAN_POINT('',(317.07205568,243.307073597,2.));
#638=VERTEX_POINT('',#637);
#639=CARTESIAN_POINT('',(315.42205568,243.307073597,2.));
#640=DIRECTION('',(0.,0.,1.));
#641=DIRECTION('',(1.,0.,-0.));
#642=AXIS2_PLACEMENT_3D('',#639,#640,#641);
#643=CIRCLE('',#642,1.65);
#644=EDGE_CURVE('',#638,#638,#643,.T.);
#645=ORIENTED_EDGE('',*,*,#644,.F.);
#646=EDGE_LOOP('',(#645));
#647=FACE_BOUND('',#646,.T.);
#648=CARTESIAN_POINT('',(426.99523024,293.477957824,2.));
#649=VERTEX_POINT('',#648);
#650=CARTESIAN_POINT('',(425.34523024,293.477957824,2.));
#651=DIRECTION('',(0.,0.,1.));
#652=DIRECTION('',(1.,0.,-0.));
#653=AXIS2_PLACEMENT_3D('',#650,#651,#652);
#654=CIRCLE('',#653,1.65);
#655=EDGE_CURVE('',#649,#649,#654,.T.);
#656=ORIENTED_EDGE('',*,*,#655,.F.);
#657=EDGE_LOOP('',(#656));
#658=FACE_BOUND('',#657,.T.);
#659=CARTESIAN_POINT('',(286.440571055,322.484361649,2.));
#660=VERTEX_POINT('',#659);
#661=CARTESIAN_POINT('',(284.840571055,322.484361649,2.));
#662=DIRECTION('',(0.,0.,1.));
#663=DIRECTION('',(1.,0.,-0.));
#664=AXIS2_PLACEMENT_3D('',#661,#662,#663);
#665=CIRCLE('',#664,1.6);
#666=EDGE_CURVE('',#660,#660,#665,.T.);
#667=ORIENTED_EDGE('',*,*,#666,.F.);
#668=EDGE_LOOP('',(#667));
#669=FACE_BOUND('',#668,.T.);
#670=CARTESIAN_POINT('',(384.021306859,302.685371776,2.));
#671=VERTEX_POINT('',#670);
#672=CARTESIAN_POINT('',(382.421306859,302.685371776,2.));
#673=DIRECTION('',(0.,0.,1.));
#674=DIRECTION('',(1.,0.,-0.));
#675=AXIS2_PLACEMENT_3D('',#672,#673,#674);
#676=CIRCLE('',#675,1.6);
#677=EDGE_CURVE('',#671,#671,#676,.T.);
#678=ORIENTED_EDGE('',*,*,#677,.F.);
#679=EDGE_LOOP('',(#678));
#680=FACE_BOUND('',#679,.T.);
#681=CARTESIAN_POINT('',(345.130433893,263.794498811,2.));
#682=VERTEX_POINT('',#681);
#683=CARTESIAN_POINT('',(343.530433893,263.794498811,2.));
#684=DIRECTION('',(0.,0.,1.));
#685=DIRECTION('',(1.,0.,-0.));
#686=AXIS2_PLACEMENT_3D('',#683,#684,#685);
#687=CIRCLE('',#686,1.6);
#688=EDGE_CURVE('',#682,#682,#687,.T.);
#689=ORIENTED_EDGE('',*,*,#688,.F.);
#690=EDGE_LOOP('',(#689));
#691=FACE_BOUND('',#690,.T.);
#692=CARTESIAN_POINT('',(377.722371624,244.205099209,2.));
#693=VERTEX_POINT('',#692);
#694=CARTESIAN_POINT('',(376.072371624,244.205099209,2.));
#695=DIRECTION('',(0.,0.,1.));
#696=DIRECTION('',(1.,0.,-0.));
#697=AXIS2_PLACEMENT_3D('',#694,#695,#696);
#698=CIRCLE('',#697,1.65);
#699=EDGE_CURVE('',#693,#693,#698,.T.);
#700=ORIENTED_EDGE('',*,*,#699,.F.);
#701=EDGE_LOOP('',(#700));
#702=FACE_BOUND('',#701,.T.);
#703=CARTESIAN_POINT('',(426.99523024,355.02629938,2.));
#704=VERTEX_POINT('',#703);
#705=CARTESIAN_POINT('',(425.34523024,355.02629938,2.));
#706=DIRECTION('',(0.,0.,1.));
#707=DIRECTION('',(1.,0.,-0.));
#708=AXIS2_PLACEMENT_3D('',#705,#706,#707);
#709=CIRCLE('',#708,1.65);
#710=EDGE_CURVE('',#704,#704,#709,.T.);
#711=ORIENTED_EDGE('',*,*,#710,.F.);
#712=EDGE_LOOP('',(#711));
#713=FACE_BOUND('',#712,.T.);
#714=CARTESIAN_POINT('',(316.174030069,404.299157996,2.));
#715=VERTEX_POINT('',#714);
#716=CARTESIAN_POINT('',(314.524030069,404.299157996,2.));
#717=DIRECTION('',(0.,0.,1.));
#718=DIRECTION('',(1.,0.,-0.));
#719=AXIS2_PLACEMENT_3D('',#716,#717,#718);
#720=CIRCLE('',#719,1.65);
#721=EDGE_CURVE('',#715,#715,#720,.T.);
#722=ORIENTED_EDGE('',*,*,#721,.F.);
#723=EDGE_LOOP('',(#722));
#724=FACE_BOUND('',#723,.T.);
#725=ORIENTED_EDGE('',*,*,#391,.F.);
#726=CARTESIAN_POINT('',(329.510275287,266.863759443,2.));
#727=VERTEX_POINT('',#726);
#728=CARTESIAN_POINT('',(329.510275287,266.863759443,2.));
#729=DIRECTION('',(-0.711488211,0.702698033,-0.));
#730=VECTOR('',#729,10.916166637);
#731=LINE('',#728,#730);
#732=EDGE_CURVE('',#727,#380,#731,.T.);
#733=ORIENTED_EDGE('',*,*,#732,.F.);
#734=CARTESIAN_POINT('',(307.023938217,244.096136677,2.));
#735=VERTEX_POINT('',#734);
#736=CARTESIAN_POINT('',(307.023938217,244.096136677,2.));
#737=DIRECTION('',(0.702698033,0.711488211,0.));
#738=VECTOR('',#737,32.000000019);
#739=LINE('',#736,#738);
#740=EDGE_CURVE('',#735,#727,#739,.T.);
#741=ORIENTED_EDGE('',*,*,#740,.F.);
#742=CARTESIAN_POINT('',(308.881396176,242.261626933,2.));
#743=VERTEX_POINT('',#742);
#744=CARTESIAN_POINT('',(307.023938217,244.096136677,2.));
#745=DIRECTION('',(0.711488211,-0.702698034,0.));
#746=VECTOR('',#745,2.610665829);
#747=LINE('',#744,#746);
#748=EDGE_CURVE('',#735,#743,#747,.T.);
#749=ORIENTED_EDGE('',*,*,#748,.T.);
#750=CARTESIAN_POINT('',(319.266376664,238.396202166,2.));
#751=VERTEX_POINT('',#750);
#752=CARTESIAN_POINT('',(345.234513283,324.046105146,2.));
#753=DIRECTION('',(-0.,-0.,1.));
#754=DIRECTION('',(-1.,0.,0.));
#755=AXIS2_PLACEMENT_3D('',#752,#753,#754);
#756=CIRCLE('',#755,89.5);
#757=EDGE_CURVE('',#743,#751,#756,.T.);
#758=ORIENTED_EDGE('',*,*,#757,.T.);
#759=CARTESIAN_POINT('',(319.188826767,250.872628428,2.));
#760=VERTEX_POINT('',#759);
#761=CARTESIAN_POINT('',(319.266376663,238.396202166,2.));
#762=DIRECTION('',(-0.006215594,0.999980683,0.));
#763=VECTOR('',#762,12.476667274);
#764=LINE('',#761,#763);
#765=EDGE_CURVE('',#751,#760,#764,.T.);
#766=ORIENTED_EDGE('',*,*,#765,.T.);
#767=CARTESIAN_POINT('',(372.187802966,251.202054902,2.));
#768=VERTEX_POINT('',#767);
#769=CARTESIAN_POINT('',(319.188826767,250.872628431,2.));
#770=DIRECTION('',(0.999980683,0.006215594,0.));
#771=VECTOR('',#770,52.999999999);
#772=LINE('',#769,#771);
#773=EDGE_CURVE('',#760,#768,#772,.T.);
#774=ORIENTED_EDGE('',*,*,#773,.T.);
#775=CARTESIAN_POINT('',(372.265352862,238.725628637,2.));
#776=VERTEX_POINT('',#775);
#777=CARTESIAN_POINT('',(372.187802966,251.202054902,2.));
#778=DIRECTION('',(0.006215594,-0.999980683,0.));
#779=VECTOR('',#778,12.476667276);
#780=LINE('',#777,#779);
#781=EDGE_CURVE('',#768,#776,#780,.T.);
#782=ORIENTED_EDGE('',*,*,#781,.T.);
#783=CARTESIAN_POINT('',(430.884416263,298.077968527,2.));
#784=VERTEX_POINT('',#783);
#785=CARTESIAN_POINT('',(345.234513283,324.046105146,2.));
#786=DIRECTION('',(-0.,-0.,1.));
#787=DIRECTION('',(-1.,0.,0.));
#788=AXIS2_PLACEMENT_3D('',#785,#786,#787);
#789=CIRCLE('',#788,89.5);
#790=EDGE_CURVE('',#776,#784,#789,.T.);
#791=ORIENTED_EDGE('',*,*,#790,.T.);
#792=CARTESIAN_POINT('',(418.407990001,298.000418631,2.));
#793=VERTEX_POINT('',#792);
#794=CARTESIAN_POINT('',(430.884416263,298.077968526,2.));
#795=DIRECTION('',(-0.999980683,-0.006215594,0.));
#796=VECTOR('',#795,12.476667273);
#797=LINE('',#794,#796);
#798=EDGE_CURVE('',#784,#793,#797,.T.);
#799=ORIENTED_EDGE('',*,*,#798,.T.);
#800=CARTESIAN_POINT('',(418.078563527,350.999394829,2.));
#801=VERTEX_POINT('',#800);
#802=CARTESIAN_POINT('',(418.407989999,298.000418631,2.));
#803=DIRECTION('',(-0.006215594,0.999980683,0.));
#804=VECTOR('',#803,52.999999999);
#805=LINE('',#802,#804);
#806=EDGE_CURVE('',#793,#801,#805,.T.);
#807=ORIENTED_EDGE('',*,*,#806,.T.);
#808=CARTESIAN_POINT('',(430.554989791,351.076944726,2.));
#809=VERTEX_POINT('',#808);
#810=CARTESIAN_POINT('',(418.078563527,350.99939483,2.));
#811=DIRECTION('',(0.999980683,0.006215594,0.));
#812=VECTOR('',#811,12.476667276);
#813=LINE('',#810,#812);
#814=EDGE_CURVE('',#801,#809,#813,.T.);
#815=ORIENTED_EDGE('',*,*,#814,.T.);
#816=CARTESIAN_POINT('',(371.202649902,409.696008126,2.));
#817=VERTEX_POINT('',#816);
#818=CARTESIAN_POINT('',(345.234513283,324.046105146,2.));
#819=DIRECTION('',(-0.,-0.,1.));
#820=DIRECTION('',(-1.,0.,0.));
#821=AXIS2_PLACEMENT_3D('',#818,#819,#820);
#822=CIRCLE('',#821,89.5);
#823=EDGE_CURVE('',#809,#817,#822,.T.);
#824=ORIENTED_EDGE('',*,*,#823,.T.);
#825=CARTESIAN_POINT('',(371.280199799,397.219581865,2.));
#826=VERTEX_POINT('',#825);
#827=CARTESIAN_POINT('',(371.202649903,409.696008126,2.));
#828=DIRECTION('',(0.006215594,-0.999980683,0.));
#829=VECTOR('',#828,12.476667273);
#830=LINE('',#827,#829);
#831=EDGE_CURVE('',#817,#826,#830,.T.);
#832=ORIENTED_EDGE('',*,*,#831,.T.);
#833=CARTESIAN_POINT('',(318.281223599,396.890155391,2.));
#834=VERTEX_POINT('',#833);
#835=CARTESIAN_POINT('',(371.280199799,397.219581862,2.));
#836=DIRECTION('',(-0.999980683,-0.006215594,0.));
#837=VECTOR('',#836,53.);
#838=LINE('',#835,#837);
#839=EDGE_CURVE('',#826,#834,#838,.T.);
#840=ORIENTED_EDGE('',*,*,#839,.T.);
#841=CARTESIAN_POINT('',(318.203673703,409.366581654,2.));
#842=VERTEX_POINT('',#841);
#843=CARTESIAN_POINT('',(318.281223599,396.890155391,2.));
#844=DIRECTION('',(-0.006215594,0.999980683,0.));
#845=VECTOR('',#844,12.476667275);
#846=LINE('',#843,#845);
#847=EDGE_CURVE('',#834,#842,#846,.T.);
#848=ORIENTED_EDGE('',*,*,#847,.T.);
#849=CARTESIAN_POINT('',(259.584610303,350.014241766,2.));
#850=VERTEX_POINT('',#849);
#851=CARTESIAN_POINT('',(345.234513283,324.046105146,2.));
#852=DIRECTION('',(-0.,-0.,1.));
#853=DIRECTION('',(-1.,0.,0.));
#854=AXIS2_PLACEMENT_3D('',#851,#852,#853);
#855=CIRCLE('',#854,89.5);
#856=EDGE_CURVE('',#842,#850,#855,.T.);
#857=ORIENTED_EDGE('',*,*,#856,.T.);
#858=CARTESIAN_POINT('',(272.061036565,350.091791662,2.));
#859=VERTEX_POINT('',#858);
#860=CARTESIAN_POINT('',(259.584610303,350.014241766,2.));
#861=DIRECTION('',(0.999980683,0.006215594,0.));
#862=VECTOR('',#861,12.476667273);
#863=LINE('',#860,#862);
#864=EDGE_CURVE('',#850,#859,#863,.T.);
#865=ORIENTED_EDGE('',*,*,#864,.T.);
#866=CARTESIAN_POINT('',(272.390463039,297.092815464,2.));
#867=VERTEX_POINT('',#866);
#868=CARTESIAN_POINT('',(272.061036567,350.091791662,2.));
#869=DIRECTION('',(0.006215594,-0.999980683,0.));
#870=VECTOR('',#869,52.999999999);
#871=LINE('',#868,#870);
#872=EDGE_CURVE('',#859,#867,#871,.T.);
#873=ORIENTED_EDGE('',*,*,#872,.T.);
#874=CARTESIAN_POINT('',(259.914036774,297.015265567,2.));
#875=VERTEX_POINT('',#874);
#876=CARTESIAN_POINT('',(272.390463039,297.092815463,2.));
#877=DIRECTION('',(-0.999980683,-0.006215594,0.));
#878=VECTOR('',#877,12.476667276);
#879=LINE('',#876,#878);
#880=EDGE_CURVE('',#867,#875,#879,.T.);
#881=ORIENTED_EDGE('',*,*,#880,.T.);
#882=CARTESIAN_POINT('',(263.908258016,286.67913839,2.));
#883=VERTEX_POINT('',#882);
#884=CARTESIAN_POINT('',(345.234513283,324.046105146,2.));
#885=DIRECTION('',(-0.,-0.,1.));
#886=DIRECTION('',(-1.,0.,0.));
#887=AXIS2_PLACEMENT_3D('',#884,#885,#886);
#888=CIRCLE('',#887,89.5);
#889=EDGE_CURVE('',#875,#883,#888,.T.);
#890=ORIENTED_EDGE('',*,*,#889,.T.);
#891=CARTESIAN_POINT('',(266.477204201,284.141930599,2.));
#892=VERTEX_POINT('',#891);
#893=CARTESIAN_POINT('',(263.908258017,286.679138391,2.));
#894=DIRECTION('',(0.711488211,-0.702698033,0.));
#895=VECTOR('',#894,3.610665849);
#896=LINE('',#893,#895);
#897=EDGE_CURVE('',#883,#892,#896,.T.);
#898=ORIENTED_EDGE('',*,*,#897,.T.);
#899=CARTESIAN_POINT('',(288.963541244,306.909553338,2.));
#900=VERTEX_POINT('',#899);
#901=CARTESIAN_POINT('',(288.963541244,306.909553338,2.));
#902=DIRECTION('',(-0.702698033,-0.711488211,0.));
#903=VECTOR('',#902,31.999999981);
#904=LINE('',#901,#903);
#905=EDGE_CURVE('',#900,#892,#904,.T.);
#906=ORIENTED_EDGE('',*,*,#905,.F.);
#907=CARTESIAN_POINT('',(295.417979077,300.534857737,2.));
#908=DIRECTION('',(-0.711488211,0.702698033,-0.));
#909=VECTOR('',#908,9.071742487);
#910=LINE('',#907,#909);
#911=EDGE_CURVE('',#407,#900,#910,.T.);
#912=ORIENTED_EDGE('',*,*,#911,.F.);
#913=ORIENTED_EDGE('',*,*,#412,.T.);
#914=ORIENTED_EDGE('',*,*,#293,.F.);
#915=EDGE_LOOP('',(#725,#733,#741,#749,#758,#766,#774,#782,#791,#799,#807,#815,#824,#832,#840,#848,#857,#865,#873,#881,#890,#898,#906,#912,#913,#914));
#916=FACE_BOUND('',#915,.T.);
#917=ADVANCED_FACE('',(#481,#515,#526,#537,#548,#559,#570,#581,#592,#603,#614,#625,#636,#647,#658,#669,#680,#691,#702,#713,#724,#916),#447,.T.);
#918=CARTESIAN_POINT('',(308.881164168,287.238005399,2.));
#919=DIRECTION('',(-0.702698033,-0.711488211,0.));
#920=DIRECTION('',(0.711488211,-0.702698033,0.));
#921=AXIS2_PLACEMENT_3D('',#918,#919,#920);
#922=PLANE('',#921);
#923=ORIENTED_EDGE('',*,*,#385,.F.);
#924=ORIENTED_EDGE('',*,*,#327,.F.);
#925=ORIENTED_EDGE('',*,*,#418,.T.);
#926=ORIENTED_EDGE('',*,*,#911,.T.);
#927=CARTESIAN_POINT('',(288.963541257,306.909553351,0.));
#928=VERTEX_POINT('',#927);
#929=CARTESIAN_POINT('',(288.963541244,306.909553338,2.));
#930=DIRECTION('',(0.,0.,-1.));
#931=VECTOR('',#930,2.);
#932=LINE('',#929,#931);
#933=EDGE_CURVE('',#900,#928,#932,.T.);
#934=ORIENTED_EDGE('',*,*,#933,.T.);
#935=CARTESIAN_POINT('',(329.510275273,266.863759429,0.));
#936=VERTEX_POINT('',#935);
#937=CARTESIAN_POINT('',(329.510275273,266.863759429,0.));
#938=DIRECTION('',(-0.711488211,0.702698033,0.));
#939=VECTOR('',#938,56.988623867);
#940=LINE('',#937,#939);
#941=EDGE_CURVE('',#936,#928,#940,.T.);
#942=ORIENTED_EDGE('',*,*,#941,.F.);
#943=CARTESIAN_POINT('',(329.510275287,266.863759443,2.));
#944=DIRECTION('',(0.,0.,-1.));
#945=VECTOR('',#944,2.);
#946=LINE('',#943,#945);
#947=EDGE_CURVE('',#727,#936,#946,.T.);
#948=ORIENTED_EDGE('',*,*,#947,.F.);
#949=ORIENTED_EDGE('',*,*,#732,.T.);
#950=EDGE_LOOP('',(#923,#924,#925,#926,#934,#942,#948,#949));
#951=FACE_BOUND('',#950,.T.);
#952=ADVANCED_FACE('',(#951),#922,.T.);
#953=CARTESIAN_POINT('',(338.397499546,344.58913308,0.));
#954=DIRECTION('',(-0.711488211,0.702698033,0.));
#955=DIRECTION('',(-0.702698033,-0.711488211,0.));
#956=AXIS2_PLACEMENT_3D('',#953,#954,#955);
#957=PLANE('',#956);
#958=CARTESIAN_POINT('',(342.745959355,348.991988563,-0.));
#959=VERTEX_POINT('',#958);
#960=CARTESIAN_POINT('',(310.977092015,316.825718702,0.));
#961=VERTEX_POINT('',#960);
#962=CARTESIAN_POINT('',(342.745959356,348.991988562,0.));
#963=DIRECTION('',(-0.702698033,-0.711488211,0.));
#964=VECTOR('',#963,45.209842388);
#965=LINE('',#962,#964);
#966=EDGE_CURVE('',#959,#961,#965,.T.);
#967=ORIENTED_EDGE('',*,*,#966,.F.);
#968=CARTESIAN_POINT('',(342.745959352,348.991988564,-0.));
#969=DIRECTION('',(0.,0.,1.));
#970=VECTOR('',#969,2.);
#971=LINE('',#968,#970);
#972=EDGE_CURVE('',#959,#451,#971,.T.);
#973=ORIENTED_EDGE('',*,*,#972,.T.);
#974=ORIENTED_EDGE('',*,*,#478,.T.);
#975=CARTESIAN_POINT('',(310.97709201,316.825718697,0.));
#976=DIRECTION('',(0.,0.,1.));
#977=VECTOR('',#976,2.);
#978=LINE('',#975,#977);
#979=EDGE_CURVE('',#961,#467,#978,.T.);
#980=ORIENTED_EDGE('',*,*,#979,.F.);
#981=EDGE_LOOP('',(#967,#973,#974,#980));
#982=FACE_BOUND('',#981,.T.);
#983=ADVANCED_FACE('',(#982),#957,.F.);
#984=CARTESIAN_POINT('',(251.390706184,228.01329585,0.));
#985=DIRECTION('',(0.,0.,1.));
#986=DIRECTION('',(1.,0.,0.));
#987=AXIS2_PLACEMENT_3D('',#984,#985,#986);
#988=PLANE('',#987);
#989=CARTESIAN_POINT('',(316.174030069,404.299157996,0.));
#990=VERTEX_POINT('',#989);
#991=CARTESIAN_POINT('',(314.524030069,404.299157996,0.));
#992=DIRECTION('',(0.,0.,1.));
#993=DIRECTION('',(1.,0.,-0.));
#994=AXIS2_PLACEMENT_3D('',#991,#992,#993);
#995=CIRCLE('',#994,1.65);
#996=EDGE_CURVE('',#990,#990,#995,.T.);
#997=ORIENTED_EDGE('',*,*,#996,.T.);
#998=EDGE_LOOP('',(#997));
#999=FACE_BOUND('',#998,.T.);
#1000=CARTESIAN_POINT('',(426.99523024,355.02629938,0.));
#1001=VERTEX_POINT('',#1000);
#1002=CARTESIAN_POINT('',(425.34523024,355.02629938,0.));
#1003=DIRECTION('',(0.,0.,1.));
#1004=DIRECTION('',(1.,0.,-0.));
#1005=AXIS2_PLACEMENT_3D('',#1002,#1003,#1004);
#1006=CIRCLE('',#1005,1.65);
#1007=EDGE_CURVE('',#1001,#1001,#1006,.T.);
#1008=ORIENTED_EDGE('',*,*,#1007,.T.);
#1009=EDGE_LOOP('',(#1008));
#1010=FACE_BOUND('',#1009,.T.);
#1011=CARTESIAN_POINT('',(377.722371624,244.205099209,0.));
#1012=VERTEX_POINT('',#1011);
#1013=CARTESIAN_POINT('',(376.072371624,244.205099209,0.));
#1014=DIRECTION('',(0.,0.,1.));
#1015=DIRECTION('',(1.,0.,-0.));
#1016=AXIS2_PLACEMENT_3D('',#1013,#1014,#1015);
#1017=CIRCLE('',#1016,1.65);
#1018=EDGE_CURVE('',#1012,#1012,#1017,.T.);
#1019=ORIENTED_EDGE('',*,*,#1018,.T.);
#1020=EDGE_LOOP('',(#1019));
#1021=FACE_BOUND('',#1020,.T.);
#1022=CARTESIAN_POINT('',(345.130433893,263.794498811,0.));
#1023=VERTEX_POINT('',#1022);
#1024=CARTESIAN_POINT('',(343.530433893,263.794498811,0.));
#1025=DIRECTION('',(0.,0.,1.));
#1026=DIRECTION('',(1.,0.,-0.));
#1027=AXIS2_PLACEMENT_3D('',#1024,#1025,#1026);
#1028=CIRCLE('',#1027,1.6);
#1029=EDGE_CURVE('',#1023,#1023,#1028,.T.);
#1030=ORIENTED_EDGE('',*,*,#1029,.T.);
#1031=EDGE_LOOP('',(#1030));
#1032=FACE_BOUND('',#1031,.T.);
#1033=CARTESIAN_POINT('',(384.021306859,302.685371776,0.));
#1034=VERTEX_POINT('',#1033);
#1035=CARTESIAN_POINT('',(382.421306859,302.685371776,0.));
#1036=DIRECTION('',(0.,0.,1.));
#1037=DIRECTION('',(1.,0.,-0.));
#1038=AXIS2_PLACEMENT_3D('',#1035,#1036,#1037);
#1039=CIRCLE('',#1038,1.6);
#1040=EDGE_CURVE('',#1034,#1034,#1039,.T.);
#1041=ORIENTED_EDGE('',*,*,#1040,.T.);
#1042=EDGE_LOOP('',(#1041));
#1043=FACE_BOUND('',#1042,.T.);
#1044=CARTESIAN_POINT('',(286.440571055,322.484361649,0.));
#1045=VERTEX_POINT('',#1044);
#1046=CARTESIAN_POINT('',(284.840571055,322.484361649,0.));
#1047=DIRECTION('',(0.,0.,1.));
#1048=DIRECTION('',(1.,0.,-0.));
#1049=AXIS2_PLACEMENT_3D('',#1046,#1047,#1048);
#1050=CIRCLE('',#1049,1.6);
#1051=EDGE_CURVE('',#1045,#1045,#1050,.T.);
#1052=ORIENTED_EDGE('',*,*,#1051,.T.);
#1053=EDGE_LOOP('',(#1052));
#1054=FACE_BOUND('',#1053,.T.);
#1055=CARTESIAN_POINT('',(426.99523024,293.477957824,0.));
#1056=VERTEX_POINT('',#1055);
#1057=CARTESIAN_POINT('',(425.34523024,293.477957824,0.));
#1058=DIRECTION('',(0.,0.,1.));
#1059=DIRECTION('',(1.,0.,-0.));
#1060=AXIS2_PLACEMENT_3D('',#1057,#1058,#1059);
#1061=CIRCLE('',#1060,1.65);
#1062=EDGE_CURVE('',#1056,#1056,#1061,.T.);
#1063=ORIENTED_EDGE('',*,*,#1062,.T.);
#1064=EDGE_LOOP('',(#1063));
#1065=FACE_BOUND('',#1064,.T.);
#1066=CARTESIAN_POINT('',(317.07205568,243.307073597,0.));
#1067=VERTEX_POINT('',#1066);
#1068=CARTESIAN_POINT('',(315.42205568,243.307073597,0.));
#1069=DIRECTION('',(0.,0.,1.));
#1070=DIRECTION('',(1.,0.,-0.));
#1071=AXIS2_PLACEMENT_3D('',#1068,#1069,#1070);
#1072=CIRCLE('',#1071,1.65);
#1073=EDGE_CURVE('',#1067,#1067,#1072,.T.);
#1074=ORIENTED_EDGE('',*,*,#1073,.T.);
#1075=EDGE_LOOP('',(#1074));
#1076=FACE_BOUND('',#1075,.T.);
#1077=CARTESIAN_POINT('',(325.33144402,361.375234615,0.));
#1078=VERTEX_POINT('',#1077);
#1079=CARTESIAN_POINT('',(323.73144402,361.375234615,0.));
#1080=DIRECTION('',(0.,0.,1.));
#1081=DIRECTION('',(1.,0.,-0.));
#1082=AXIS2_PLACEMENT_3D('',#1079,#1080,#1081);
#1083=CIRCLE('',#1082,1.6);
#1084=EDGE_CURVE('',#1078,#1078,#1083,.T.);
#1085=ORIENTED_EDGE('',*,*,#1084,.T.);
#1086=EDGE_LOOP('',(#1085));
#1087=FACE_BOUND('',#1086,.T.);
#1088=CARTESIAN_POINT('',(266.901570653,293.514246735,0.));
#1089=VERTEX_POINT('',#1088);
#1090=CARTESIAN_POINT('',(265.251969951,293.514246735,0.));
#1091=DIRECTION('',(0.,0.,1.));
#1092=DIRECTION('',(1.,0.,-0.));
#1093=AXIS2_PLACEMENT_3D('',#1090,#1091,#1092);
#1094=CIRCLE('',#1093,1.649600702);
#1095=EDGE_CURVE('',#1089,#1089,#1094,.T.);
#1096=ORIENTED_EDGE('',*,*,#1095,.T.);
#1097=EDGE_LOOP('',(#1096));
#1098=FACE_BOUND('',#1097,.T.);
#1099=CARTESIAN_POINT('',(266.901171453,355.026299381,0.));
#1100=VERTEX_POINT('',#1099);
#1101=CARTESIAN_POINT('',(265.251171453,355.026299381,0.));
#1102=DIRECTION('',(0.,0.,1.));
#1103=DIRECTION('',(1.,0.,-0.));
#1104=AXIS2_PLACEMENT_3D('',#1101,#1102,#1103);
#1105=CIRCLE('',#1104,1.65);
#1106=EDGE_CURVE('',#1100,#1100,#1105,.T.);
#1107=ORIENTED_EDGE('',*,*,#1106,.T.);
#1108=EDGE_LOOP('',(#1107));
#1109=FACE_BOUND('',#1108,.T.);
#1110=CARTESIAN_POINT('',(377.722371625,404.299157996,0.));
#1111=VERTEX_POINT('',#1110);
#1112=CARTESIAN_POINT('',(376.072371625,404.299157996,0.));
#1113=DIRECTION('',(0.,0.,1.));
#1114=DIRECTION('',(1.,0.,-0.));
#1115=AXIS2_PLACEMENT_3D('',#1112,#1113,#1114);
#1116=CIRCLE('',#1115,1.65);
#1117=EDGE_CURVE('',#1111,#1111,#1116,.T.);
#1118=ORIENTED_EDGE('',*,*,#1117,.T.);
#1119=EDGE_LOOP('',(#1118));
#1120=FACE_BOUND('',#1119,.T.);
#1121=CARTESIAN_POINT('',(327.250858608,384.50916928,0.));
#1122=VERTEX_POINT('',#1121);
#1123=CARTESIAN_POINT('',(325.650858608,384.50916928,0.));
#1124=DIRECTION('',(0.,0.,1.));
#1125=DIRECTION('',(1.,0.,-0.));
#1126=AXIS2_PLACEMENT_3D('',#1123,#1124,#1125);
#1127=CIRCLE('',#1126,1.6);
#1128=EDGE_CURVE('',#1122,#1122,#1127,.T.);
#1129=ORIENTED_EDGE('',*,*,#1128,.T.);
#1130=EDGE_LOOP('',(#1129));
#1131=FACE_BOUND('',#1130,.T.);
#1132=CARTESIAN_POINT('',(328.001317842,373.859215109,0.));
#1133=VERTEX_POINT('',#1132);
#1134=CARTESIAN_POINT('',(326.401317842,373.859215109,0.));
#1135=DIRECTION('',(0.,0.,1.));
#1136=DIRECTION('',(1.,0.,-0.));
#1137=AXIS2_PLACEMENT_3D('',#1134,#1135,#1136);
#1138=CIRCLE('',#1137,1.6);
#1139=EDGE_CURVE('',#1133,#1133,#1138,.T.);
#1140=ORIENTED_EDGE('',*,*,#1139,.T.);
#1141=EDGE_LOOP('',(#1140));
#1142=FACE_BOUND('',#1141,.T.);
#1143=CARTESIAN_POINT('',(395.176462055,316.583565833,0.));
#1144=VERTEX_POINT('',#1143);
#1145=CARTESIAN_POINT('',(393.576462055,316.583565833,0.));
#1146=DIRECTION('',(0.,0.,1.));
#1147=DIRECTION('',(1.,0.,-0.));
#1148=AXIS2_PLACEMENT_3D('',#1145,#1146,#1147);
#1149=CIRCLE('',#1148,1.6);
#1150=EDGE_CURVE('',#1144,#1144,#1149,.T.);
#1151=ORIENTED_EDGE('',*,*,#1150,.T.);
#1152=EDGE_LOOP('',(#1151));
#1153=FACE_BOUND('',#1152,.T.);
#1154=CARTESIAN_POINT('',(376.399351722,315.754371592,-0.));
#1155=VERTEX_POINT('',#1154);
#1156=CARTESIAN_POINT('',(342.745959355,348.991988564,-0.));
#1157=DIRECTION('',(0.711488211,-0.702698033,0.));
#1158=VECTOR('',#1157,47.299999998);
#1159=LINE('',#1156,#1158);
#1160=EDGE_CURVE('',#959,#1155,#1159,.T.);
#1161=ORIENTED_EDGE('',*,*,#1160,.F.);
#1162=ORIENTED_EDGE('',*,*,#966,.T.);
#1163=CARTESIAN_POINT('',(344.630484398,283.588101706,0.));
#1164=VERTEX_POINT('',#1163);
#1165=CARTESIAN_POINT('',(310.977092021,316.825718708,0.));
#1166=DIRECTION('',(0.711488211,-0.702698033,0.));
#1167=VECTOR('',#1166,47.300000026);
#1168=LINE('',#1165,#1167);
#1169=EDGE_CURVE('',#961,#1164,#1168,.T.);
#1170=ORIENTED_EDGE('',*,*,#1169,.T.);
#1171=CARTESIAN_POINT('',(376.399351722,315.754371592,0.));
#1172=DIRECTION('',(-0.702698033,-0.711488211,0.));
#1173=VECTOR('',#1172,45.209842396);
#1174=LINE('',#1171,#1173);
#1175=EDGE_CURVE('',#1155,#1164,#1174,.T.);
#1176=ORIENTED_EDGE('',*,*,#1175,.F.);
#1177=EDGE_LOOP('',(#1161,#1162,#1170,#1176));
#1178=FACE_BOUND('',#1177,.T.);
#1179=CARTESIAN_POINT('',(336.628551434,349.044681609,0.));
#1180=VERTEX_POINT('',#1179);
#1181=CARTESIAN_POINT('',(335.278551434,349.044681609,0.));
#1182=DIRECTION('',(0.,0.,1.));
#1183=DIRECTION('',(1.,0.,-0.));
#1184=AXIS2_PLACEMENT_3D('',#1181,#1182,#1183);
#1185=CIRCLE('',#1184,1.35);
#1186=EDGE_CURVE('',#1180,#1180,#1185,.T.);
#1187=ORIENTED_EDGE('',*,*,#1186,.T.);
#1188=EDGE_LOOP('',(#1187));
#1189=FACE_BOUND('',#1188,.T.);
#1190=CARTESIAN_POINT('',(302.196347793,314.181759292,0.));
#1191=VERTEX_POINT('',#1190);
#1192=CARTESIAN_POINT('',(300.846347793,314.181759292,0.));
#1193=DIRECTION('',(0.,0.,1.));
#1194=DIRECTION('',(1.,0.,-0.));
#1195=AXIS2_PLACEMENT_3D('',#1192,#1193,#1194);
#1196=CIRCLE('',#1195,1.35);
#1197=EDGE_CURVE('',#1191,#1191,#1196,.T.);
#1198=ORIENTED_EDGE('',*,*,#1197,.T.);
#1199=EDGE_LOOP('',(#1198));
#1200=FACE_BOUND('',#1199,.T.);
#1201=CARTESIAN_POINT('',(377.894867645,308.288195667,0.));
#1202=VERTEX_POINT('',#1201);
#1203=CARTESIAN_POINT('',(376.544867645,308.288195667,0.));
#1204=DIRECTION('',(0.,0.,1.));
#1205=DIRECTION('',(1.,0.,-0.));
#1206=AXIS2_PLACEMENT_3D('',#1203,#1204,#1205);
#1207=CIRCLE('',#1206,1.35);
#1208=EDGE_CURVE('',#1202,#1202,#1207,.T.);
#1209=ORIENTED_EDGE('',*,*,#1208,.T.);
#1210=EDGE_LOOP('',(#1209));
#1211=FACE_BOUND('',#1210,.T.);
#1212=CARTESIAN_POINT('',(343.462664005,273.42527335,0.));
#1213=VERTEX_POINT('',#1212);
#1214=CARTESIAN_POINT('',(342.112664005,273.42527335,0.));
#1215=DIRECTION('',(0.,0.,1.));
#1216=DIRECTION('',(1.,0.,-0.));
#1217=AXIS2_PLACEMENT_3D('',#1214,#1215,#1216);
#1218=CIRCLE('',#1217,1.35);
#1219=EDGE_CURVE('',#1213,#1213,#1218,.T.);
#1220=ORIENTED_EDGE('',*,*,#1219,.T.);
#1221=EDGE_LOOP('',(#1220));
#1222=FACE_BOUND('',#1221,.T.);
#1223=ORIENTED_EDGE('',*,*,#941,.T.);
#1224=CARTESIAN_POINT('',(266.4772042,284.141930599,-0.));
#1225=VERTEX_POINT('',#1224);
#1226=CARTESIAN_POINT('',(288.963541257,306.909553351,0.));
#1227=DIRECTION('',(-0.702698033,-0.711488211,0.));
#1228=VECTOR('',#1227,32.000000001);
#1229=LINE('',#1226,#1228);
#1230=EDGE_CURVE('',#928,#1225,#1229,.T.);
#1231=ORIENTED_EDGE('',*,*,#1230,.T.);
#1232=CARTESIAN_POINT('',(263.908258018,286.679138385,-0.));
#1233=VERTEX_POINT('',#1232);
#1234=CARTESIAN_POINT('',(263.908258018,286.679138385,-0.));
#1235=DIRECTION('',(0.711488211,-0.702698033,-0.));
#1236=VECTOR('',#1235,3.610665844);
#1237=LINE('',#1234,#1236);
#1238=EDGE_CURVE('',#1233,#1225,#1237,.T.);
#1239=ORIENTED_EDGE('',*,*,#1238,.F.);
#1240=CARTESIAN_POINT('',(259.914036775,297.015265566,0.));
#1241=VERTEX_POINT('',#1240);
#1242=CARTESIAN_POINT('',(345.234513283,324.046105146,0.));
#1243=DIRECTION('',(-0.,-0.,1.));
#1244=DIRECTION('',(-1.,0.,0.));
#1245=AXIS2_PLACEMENT_3D('',#1242,#1243,#1244);
#1246=CIRCLE('',#1245,89.5);
#1247=EDGE_CURVE('',#1241,#1233,#1246,.T.);
#1248=ORIENTED_EDGE('',*,*,#1247,.F.);
#1249=CARTESIAN_POINT('',(272.390463041,297.092815464,-0.));
#1250=VERTEX_POINT('',#1249);
#1251=CARTESIAN_POINT('',(272.390463041,297.092815464,-0.));
#1252=DIRECTION('',(-0.999980683,-0.006215594,-0.));
#1253=VECTOR('',#1252,12.476667279);
#1254=LINE('',#1251,#1253);
#1255=EDGE_CURVE('',#1250,#1241,#1254,.T.);
#1256=ORIENTED_EDGE('',*,*,#1255,.F.);
#1257=CARTESIAN_POINT('',(272.061036562,350.091791663,-0.));
#1258=VERTEX_POINT('',#1257);
#1259=CARTESIAN_POINT('',(272.061036562,350.091791663,-0.));
#1260=DIRECTION('',(0.006215594,-0.999980683,-0.));
#1261=VECTOR('',#1260,52.999999999);
#1262=LINE('',#1259,#1261);
#1263=EDGE_CURVE('',#1258,#1250,#1262,.T.);
#1264=ORIENTED_EDGE('',*,*,#1263,.F.);
#1265=CARTESIAN_POINT('',(259.584610303,350.014241766,-0.));
#1266=VERTEX_POINT('',#1265);
#1267=CARTESIAN_POINT('',(259.584610303,350.014241766,-0.));
#1268=DIRECTION('',(0.999980683,0.006215594,-0.));
#1269=VECTOR('',#1268,12.476667271);
#1270=LINE('',#1267,#1269);
#1271=EDGE_CURVE('',#1266,#1258,#1270,.T.);
#1272=ORIENTED_EDGE('',*,*,#1271,.F.);
#1273=CARTESIAN_POINT('',(318.203673702,409.366581654,0.));
#1274=VERTEX_POINT('',#1273);
#1275=CARTESIAN_POINT('',(345.234513283,324.046105146,0.));
#1276=DIRECTION('',(-0.,-0.,1.));
#1277=DIRECTION('',(-1.,0.,0.));
#1278=AXIS2_PLACEMENT_3D('',#1275,#1276,#1277);
#1279=CIRCLE('',#1278,89.5);
#1280=EDGE_CURVE('',#1274,#1266,#1279,.T.);
#1281=ORIENTED_EDGE('',*,*,#1280,.F.);
#1282=CARTESIAN_POINT('',(318.2812236,396.890155388,-0.));
#1283=VERTEX_POINT('',#1282);
#1284=CARTESIAN_POINT('',(318.2812236,396.890155388,-0.));
#1285=DIRECTION('',(-0.006215594,0.999980683,-0.));
#1286=VECTOR('',#1285,12.476667278);
#1287=LINE('',#1284,#1286);
#1288=EDGE_CURVE('',#1283,#1274,#1287,.T.);
#1289=ORIENTED_EDGE('',*,*,#1288,.F.);
#1290=CARTESIAN_POINT('',(371.280199799,397.219581867,-0.));
#1291=VERTEX_POINT('',#1290);
#1292=CARTESIAN_POINT('',(371.280199799,397.219581867,-0.));
#1293=DIRECTION('',(-0.999980683,-0.006215594,-0.));
#1294=VECTOR('',#1293,53.);
#1295=LINE('',#1292,#1294);
#1296=EDGE_CURVE('',#1291,#1283,#1295,.T.);
#1297=ORIENTED_EDGE('',*,*,#1296,.F.);
#1298=CARTESIAN_POINT('',(371.202649902,409.696008126,-0.));
#1299=VERTEX_POINT('',#1298);
#1300=CARTESIAN_POINT('',(371.202649902,409.696008126,-0.));
#1301=DIRECTION('',(0.006215594,-0.999980683,-0.));
#1302=VECTOR('',#1301,12.476667271);
#1303=LINE('',#1300,#1302);
#1304=EDGE_CURVE('',#1299,#1291,#1303,.T.);
#1305=ORIENTED_EDGE('',*,*,#1304,.F.);
#1306=CARTESIAN_POINT('',(430.554989791,351.076944727,0.));
#1307=VERTEX_POINT('',#1306);
#1308=CARTESIAN_POINT('',(345.234513283,324.046105146,0.));
#1309=DIRECTION('',(-0.,-0.,1.));
#1310=DIRECTION('',(-1.,0.,0.));
#1311=AXIS2_PLACEMENT_3D('',#1308,#1309,#1310);
#1312=CIRCLE('',#1311,89.5);
#1313=EDGE_CURVE('',#1307,#1299,#1312,.T.);
#1314=ORIENTED_EDGE('',*,*,#1313,.F.);
#1315=CARTESIAN_POINT('',(418.078563525,350.999394829,-0.));
#1316=VERTEX_POINT('',#1315);
#1317=CARTESIAN_POINT('',(418.078563525,350.999394829,-0.));
#1318=DIRECTION('',(0.999980683,0.006215594,-0.));
#1319=VECTOR('',#1318,12.476667278);
#1320=LINE('',#1317,#1319);
#1321=EDGE_CURVE('',#1316,#1307,#1320,.T.);
#1322=ORIENTED_EDGE('',*,*,#1321,.F.);
#1323=CARTESIAN_POINT('',(418.407990004,298.00041863,-0.));
#1324=VERTEX_POINT('',#1323);
#1325=CARTESIAN_POINT('',(418.407990004,298.00041863,-0.));
#1326=DIRECTION('',(-0.006215594,0.999980683,-0.));
#1327=VECTOR('',#1326,52.999999999);
#1328=LINE('',#1325,#1327);
#1329=EDGE_CURVE('',#1324,#1316,#1328,.T.);
#1330=ORIENTED_EDGE('',*,*,#1329,.F.);
#1331=CARTESIAN_POINT('',(430.884416263,298.077968527,-0.));
#1332=VERTEX_POINT('',#1331);
#1333=CARTESIAN_POINT('',(430.884416263,298.077968527,-0.));
#1334=DIRECTION('',(-0.999980683,-0.006215594,-0.));
#1335=VECTOR('',#1334,12.476667271);
#1336=LINE('',#1333,#1335);
#1337=EDGE_CURVE('',#1332,#1324,#1336,.T.);
#1338=ORIENTED_EDGE('',*,*,#1337,.F.);
#1339=CARTESIAN_POINT('',(372.265352863,238.725628638,0.));
#1340=VERTEX_POINT('',#1339);
#1341=CARTESIAN_POINT('',(345.234513283,324.046105146,0.));
#1342=DIRECTION('',(-0.,-0.,1.));
#1343=DIRECTION('',(-1.,0.,0.));
#1344=AXIS2_PLACEMENT_3D('',#1341,#1342,#1343);
#1345=CIRCLE('',#1344,89.5);
#1346=EDGE_CURVE('',#1340,#1332,#1345,.T.);
#1347=ORIENTED_EDGE('',*,*,#1346,.F.);
#1348=CARTESIAN_POINT('',(372.187802965,251.202054904,-0.));
#1349=VERTEX_POINT('',#1348);
#1350=CARTESIAN_POINT('',(372.187802965,251.202054904,-0.));
#1351=DIRECTION('',(0.006215594,-0.999980683,-0.));
#1352=VECTOR('',#1351,12.476667279);
#1353=LINE('',#1350,#1352);
#1354=EDGE_CURVE('',#1349,#1340,#1353,.T.);
#1355=ORIENTED_EDGE('',*,*,#1354,.F.);
#1356=CARTESIAN_POINT('',(319.188826767,250.872628425,-0.));
#1357=VERTEX_POINT('',#1356);
#1358=CARTESIAN_POINT('',(319.188826767,250.872628425,-0.));
#1359=DIRECTION('',(0.999980683,0.006215594,-0.));
#1360=VECTOR('',#1359,52.999999999);
#1361=LINE('',#1358,#1360);
#1362=EDGE_CURVE('',#1357,#1349,#1361,.T.);
#1363=ORIENTED_EDGE('',*,*,#1362,.F.);
#1364=CARTESIAN_POINT('',(319.266376664,238.396202166,-0.));
#1365=VERTEX_POINT('',#1364);
#1366=CARTESIAN_POINT('',(319.266376664,238.396202166,-0.));
#1367=DIRECTION('',(-0.006215594,0.999980683,-0.));
#1368=VECTOR('',#1367,12.476667271);
#1369=LINE('',#1366,#1368);
#1370=EDGE_CURVE('',#1365,#1357,#1369,.T.);
#1371=ORIENTED_EDGE('',*,*,#1370,.F.);
#1372=CARTESIAN_POINT('',(308.881396227,242.26162691,0.));
#1373=VERTEX_POINT('',#1372);
#1374=CARTESIAN_POINT('',(345.234513283,324.046105146,0.));
#1375=DIRECTION('',(-0.,-0.,1.));
#1376=DIRECTION('',(-1.,0.,0.));
#1377=AXIS2_PLACEMENT_3D('',#1374,#1375,#1376);
#1378=CIRCLE('',#1377,89.5);
#1379=EDGE_CURVE('',#1373,#1365,#1378,.T.);
#1380=ORIENTED_EDGE('',*,*,#1379,.F.);
#1381=CARTESIAN_POINT('',(307.023938243,244.096136703,-0.));
#1382=VERTEX_POINT('',#1381);
#1383=CARTESIAN_POINT('',(307.023938243,244.096136703,-0.));
#1384=DIRECTION('',(0.711488211,-0.702698033,-0.));
#1385=VECTOR('',#1384,2.610665881);
#1386=LINE('',#1383,#1385);
#1387=EDGE_CURVE('',#1382,#1373,#1386,.T.);
#1388=ORIENTED_EDGE('',*,*,#1387,.F.);
#1389=CARTESIAN_POINT('',(307.023938243,244.096136703,0.));
#1390=DIRECTION('',(0.702698033,0.711488211,0.));
#1391=VECTOR('',#1390,31.999999962);
#1392=LINE('',#1389,#1391);
#1393=EDGE_CURVE('',#1382,#936,#1392,.T.);
#1394=ORIENTED_EDGE('',*,*,#1393,.T.);
#1395=EDGE_LOOP('',(#1223,#1231,#1239,#1248,#1256,#1264,#1272,#1281,#1289,#1297,#1305,#1314,#1322,#1330,#1338,#1347,#1355,#1363,#1371,#1380,#1388,#1394));
#1396=FACE_BOUND('',#1395,.T.);
#1397=ADVANCED_FACE('',(#999,#1010,#1021,#1032,#1043,#1054,#1065,#1076,#1087,#1098,#1109,#1120,#1131,#1142,#1153,#1178,#1189,#1200,#1211,#1222,#1396),#988,.F.);
#1398=CARTESIAN_POINT('',(341.180685292,350.537924235,12.));
#1399=DIRECTION('',(-0.702698033,-0.711488211,0.));
#1400=DIRECTION('',(0.711488211,-0.702698033,0.));
#1401=AXIS2_PLACEMENT_3D('',#1398,#1399,#1400);
#1402=PLANE('',#1401);
#1403=ORIENTED_EDGE('',*,*,#972,.F.);
#1404=ORIENTED_EDGE('',*,*,#1160,.T.);
#1405=CARTESIAN_POINT('',(376.399351711,315.75437158,2.));
#1406=DIRECTION('',(-0.,-0.,-1.));
#1407=VECTOR('',#1406,2.);
#1408=LINE('',#1405,#1407);
#1409=EDGE_CURVE('',#449,#1155,#1408,.T.);
#1410=ORIENTED_EDGE('',*,*,#1409,.F.);
#1411=ORIENTED_EDGE('',*,*,#456,.T.);
#1412=EDGE_LOOP('',(#1403,#1404,#1410,#1411));
#1413=FACE_BOUND('',#1412,.T.);
#1414=ADVANCED_FACE('',(#1413),#1402,.T.);
#1415=CARTESIAN_POINT('',(267.188692404,283.439232573,2.));
#1416=DIRECTION('',(0.702698033,0.711488211,0.));
#1417=DIRECTION('',(-0.711488211,0.702698033,0.));
#1418=AXIS2_PLACEMENT_3D('',#1415,#1416,#1417);
#1419=PLANE('',#1418);
#1420=CARTESIAN_POINT('',(266.4772042,284.141930599,2.));
#1421=DIRECTION('',(0.,0.,-1.));
#1422=VECTOR('',#1421,2.);
#1423=LINE('',#1420,#1422);
#1424=EDGE_CURVE('',#892,#1225,#1423,.T.);
#1425=ORIENTED_EDGE('',*,*,#1424,.F.);
#1426=ORIENTED_EDGE('',*,*,#897,.F.);
#1427=CARTESIAN_POINT('',(263.908258015,286.679138388,2.));
#1428=DIRECTION('',(-0.,-0.,-1.));
#1429=VECTOR('',#1428,2.);
#1430=LINE('',#1427,#1429);
#1431=EDGE_CURVE('',#883,#1233,#1430,.T.);
#1432=ORIENTED_EDGE('',*,*,#1431,.T.);
#1433=ORIENTED_EDGE('',*,*,#1238,.T.);
#1434=EDGE_LOOP('',(#1425,#1426,#1432,#1433));
#1435=FACE_BOUND('',#1434,.T.);
#1436=ADVANCED_FACE('',(#1435),#1419,.F.);
#1437=CARTESIAN_POINT('',(345.234513283,324.046105146,2.));
#1438=DIRECTION('',(0.,0.,-1.));
#1439=DIRECTION('',(-1.,0.,0.));
#1440=AXIS2_PLACEMENT_3D('',#1437,#1438,#1439);
#1441=CYLINDRICAL_SURFACE('',#1440,89.5);
#1442=ORIENTED_EDGE('',*,*,#1431,.F.);
#1443=ORIENTED_EDGE('',*,*,#889,.F.);
#1444=CARTESIAN_POINT('',(259.914036774,297.015265567,2.));
#1445=DIRECTION('',(0.,0.,-1.));
#1446=VECTOR('',#1445,2.);
#1447=LINE('',#1444,#1446);
#1448=EDGE_CURVE('',#875,#1241,#1447,.T.);
#1449=ORIENTED_EDGE('',*,*,#1448,.T.);
#1450=ORIENTED_EDGE('',*,*,#1247,.T.);
#1451=EDGE_LOOP('',(#1442,#1443,#1449,#1450));
#1452=FACE_BOUND('',#1451,.T.);
#1453=ADVANCED_FACE('',(#1452),#1441,.T.);
#1454=CARTESIAN_POINT('',(345.234513283,324.046105146,2.));
#1455=DIRECTION('',(0.,0.,-1.));
#1456=DIRECTION('',(-1.,0.,0.));
#1457=AXIS2_PLACEMENT_3D('',#1454,#1455,#1456);
#1458=CYLINDRICAL_SURFACE('',#1457,89.5);
#1459=ORIENTED_EDGE('',*,*,#1346,.T.);
#1460=CARTESIAN_POINT('',(430.884416263,298.077968527,2.));
#1461=DIRECTION('',(-0.,-0.,-1.));
#1462=VECTOR('',#1461,2.);
#1463=LINE('',#1460,#1462);
#1464=EDGE_CURVE('',#784,#1332,#1463,.T.);
#1465=ORIENTED_EDGE('',*,*,#1464,.F.);
#1466=ORIENTED_EDGE('',*,*,#790,.F.);
#1467=CARTESIAN_POINT('',(372.265352862,238.725628637,2.));
#1468=DIRECTION('',(0.,0.,-1.));
#1469=VECTOR('',#1468,2.);
#1470=LINE('',#1467,#1469);
#1471=EDGE_CURVE('',#776,#1340,#1470,.T.);
#1472=ORIENTED_EDGE('',*,*,#1471,.T.);
#1473=EDGE_LOOP('',(#1459,#1465,#1466,#1472));
#1474=FACE_BOUND('',#1473,.T.);
#1475=ADVANCED_FACE('',(#1474),#1458,.T.);
#1476=CARTESIAN_POINT('',(319.229228127,244.372753991,2.));
#1477=DIRECTION('',(-0.999980683,-0.006215594,0.));
#1478=DIRECTION('',(0.006215594,-0.999980683,0.));
#1479=AXIS2_PLACEMENT_3D('',#1476,#1477,#1478);
#1480=PLANE('',#1479);
#1481=ORIENTED_EDGE('',*,*,#1370,.T.);
#1482=CARTESIAN_POINT('',(319.188826767,250.872628425,2.));
#1483=DIRECTION('',(-0.,-0.,-1.));
#1484=VECTOR('',#1483,2.);
#1485=LINE('',#1482,#1484);
#1486=EDGE_CURVE('',#760,#1357,#1485,.T.);
#1487=ORIENTED_EDGE('',*,*,#1486,.F.);
#1488=ORIENTED_EDGE('',*,*,#765,.F.);
#1489=CARTESIAN_POINT('',(319.266376664,238.396202166,2.));
#1490=DIRECTION('',(-0.,-0.,-1.));
#1491=VECTOR('',#1490,2.);
#1492=LINE('',#1489,#1491);
#1493=EDGE_CURVE('',#751,#1365,#1492,.T.);
#1494=ORIENTED_EDGE('',*,*,#1493,.T.);
#1495=EDGE_LOOP('',(#1481,#1487,#1488,#1494));
#1496=FACE_BOUND('',#1495,.T.);
#1497=ADVANCED_FACE('',(#1496),#1480,.F.);
#1498=CARTESIAN_POINT('',(345.688314867,251.037341666,2.));
#1499=DIRECTION('',(-0.006215594,0.999980683,0.));
#1500=DIRECTION('',(-0.999980683,-0.006215594,0.));
#1501=AXIS2_PLACEMENT_3D('',#1498,#1499,#1500);
#1502=PLANE('',#1501);
#1503=ORIENTED_EDGE('',*,*,#1362,.T.);
#1504=CARTESIAN_POINT('',(372.187802965,251.202054902,2.));
#1505=DIRECTION('',(-0.,-0.,-1.));
#1506=VECTOR('',#1505,2.);
#1507=LINE('',#1504,#1506);
#1508=EDGE_CURVE('',#768,#1349,#1507,.T.);
#1509=ORIENTED_EDGE('',*,*,#1508,.F.);
#1510=ORIENTED_EDGE('',*,*,#773,.F.);
#1511=ORIENTED_EDGE('',*,*,#1486,.T.);
#1512=EDGE_LOOP('',(#1503,#1509,#1510,#1511));
#1513=FACE_BOUND('',#1512,.T.);
#1514=ADVANCED_FACE('',(#1513),#1502,.F.);
#1515=CARTESIAN_POINT('',(372.228204326,244.702180463,2.));
#1516=DIRECTION('',(0.999980683,0.006215594,0.));
#1517=DIRECTION('',(-0.006215594,0.999980683,0.));
#1518=AXIS2_PLACEMENT_3D('',#1515,#1516,#1517);
#1519=PLANE('',#1518);
#1520=ORIENTED_EDGE('',*,*,#1354,.T.);
#1521=ORIENTED_EDGE('',*,*,#1471,.F.);
#1522=ORIENTED_EDGE('',*,*,#781,.F.);
#1523=ORIENTED_EDGE('',*,*,#1508,.T.);
#1524=EDGE_LOOP('',(#1520,#1521,#1522,#1523));
#1525=FACE_BOUND('',#1524,.T.);
#1526=ADVANCED_FACE('',(#1525),#1519,.F.);
#1527=CARTESIAN_POINT('',(345.234513283,324.046105146,2.));
#1528=DIRECTION('',(0.,0.,-1.));
#1529=DIRECTION('',(-1.,0.,0.));
#1530=AXIS2_PLACEMENT_3D('',#1527,#1528,#1529);
#1531=CYLINDRICAL_SURFACE('',#1530,89.5);
#1532=ORIENTED_EDGE('',*,*,#1313,.T.);
#1533=CARTESIAN_POINT('',(371.202649902,409.696008126,2.));
#1534=DIRECTION('',(-0.,-0.,-1.));
#1535=VECTOR('',#1534,2.);
#1536=LINE('',#1533,#1535);
#1537=EDGE_CURVE('',#817,#1299,#1536,.T.);
#1538=ORIENTED_EDGE('',*,*,#1537,.F.);
#1539=ORIENTED_EDGE('',*,*,#823,.F.);
#1540=CARTESIAN_POINT('',(430.554989791,351.076944726,2.));
#1541=DIRECTION('',(0.,0.,-1.));
#1542=VECTOR('',#1541,2.);
#1543=LINE('',#1540,#1542);
#1544=EDGE_CURVE('',#809,#1307,#1543,.T.);
#1545=ORIENTED_EDGE('',*,*,#1544,.T.);
#1546=EDGE_LOOP('',(#1532,#1538,#1539,#1545));
#1547=FACE_BOUND('',#1546,.T.);
#1548=ADVANCED_FACE('',(#1547),#1531,.T.);
#1549=CARTESIAN_POINT('',(424.907864438,298.04081999,2.));
#1550=DIRECTION('',(0.006215594,-0.999980683,0.));
#1551=DIRECTION('',(0.999980683,0.006215594,0.));
#1552=AXIS2_PLACEMENT_3D('',#1549,#1550,#1551);
#1553=PLANE('',#1552);
#1554=ORIENTED_EDGE('',*,*,#1337,.T.);
#1555=CARTESIAN_POINT('',(418.407990004,298.000418631,2.));
#1556=DIRECTION('',(-0.,-0.,-1.));
#1557=VECTOR('',#1556,2.);
#1558=LINE('',#1555,#1557);
#1559=EDGE_CURVE('',#793,#1324,#1558,.T.);
#1560=ORIENTED_EDGE('',*,*,#1559,.F.);
#1561=ORIENTED_EDGE('',*,*,#798,.F.);
#1562=ORIENTED_EDGE('',*,*,#1464,.T.);
#1563=EDGE_LOOP('',(#1554,#1560,#1561,#1562));
#1564=FACE_BOUND('',#1563,.T.);
#1565=ADVANCED_FACE('',(#1564),#1553,.F.);
#1566=CARTESIAN_POINT('',(418.243276763,324.49990673,2.));
#1567=DIRECTION('',(-0.999980683,-0.006215594,0.));
#1568=DIRECTION('',(0.006215594,-0.999980683,0.));
#1569=AXIS2_PLACEMENT_3D('',#1566,#1567,#1568);
#1570=PLANE('',#1569);
#1571=ORIENTED_EDGE('',*,*,#1329,.T.);
#1572=CARTESIAN_POINT('',(418.078563527,350.999394829,2.));
#1573=DIRECTION('',(-0.,-0.,-1.));
#1574=VECTOR('',#1573,2.);
#1575=LINE('',#1572,#1574);
#1576=EDGE_CURVE('',#801,#1316,#1575,.T.);
#1577=ORIENTED_EDGE('',*,*,#1576,.F.);
#1578=ORIENTED_EDGE('',*,*,#806,.F.);
#1579=ORIENTED_EDGE('',*,*,#1559,.T.);
#1580=EDGE_LOOP('',(#1571,#1577,#1578,#1579));
#1581=FACE_BOUND('',#1580,.T.);
#1582=ADVANCED_FACE('',(#1581),#1570,.F.);
#1583=CARTESIAN_POINT('',(424.578437967,351.03979619,2.));
#1584=DIRECTION('',(-0.006215594,0.999980683,0.));
#1585=DIRECTION('',(-0.999980683,-0.006215594,0.));
#1586=AXIS2_PLACEMENT_3D('',#1583,#1584,#1585);
#1587=PLANE('',#1586);
#1588=ORIENTED_EDGE('',*,*,#1321,.T.);
#1589=ORIENTED_EDGE('',*,*,#1544,.F.);
#1590=ORIENTED_EDGE('',*,*,#814,.F.);
#1591=ORIENTED_EDGE('',*,*,#1576,.T.);
#1592=EDGE_LOOP('',(#1588,#1589,#1590,#1591));
#1593=FACE_BOUND('',#1592,.T.);
#1594=ADVANCED_FACE('',(#1593),#1587,.F.);
#1595=CARTESIAN_POINT('',(345.234513283,324.046105146,2.));
#1596=DIRECTION('',(0.,0.,-1.));
#1597=DIRECTION('',(-1.,0.,0.));
#1598=AXIS2_PLACEMENT_3D('',#1595,#1596,#1597);
#1599=CYLINDRICAL_SURFACE('',#1598,89.5);
#1600=ORIENTED_EDGE('',*,*,#1280,.T.);
#1601=CARTESIAN_POINT('',(259.584610303,350.014241766,2.));
#1602=DIRECTION('',(-0.,-0.,-1.));
#1603=VECTOR('',#1602,2.);
#1604=LINE('',#1601,#1603);
#1605=EDGE_CURVE('',#850,#1266,#1604,.T.);
#1606=ORIENTED_EDGE('',*,*,#1605,.F.);
#1607=ORIENTED_EDGE('',*,*,#856,.F.);
#1608=CARTESIAN_POINT('',(318.203673703,409.366581654,2.));
#1609=DIRECTION('',(0.,0.,-1.));
#1610=VECTOR('',#1609,2.);
#1611=LINE('',#1608,#1610);
#1612=EDGE_CURVE('',#842,#1274,#1611,.T.);
#1613=ORIENTED_EDGE('',*,*,#1612,.T.);
#1614=EDGE_LOOP('',(#1600,#1606,#1607,#1613));
#1615=FACE_BOUND('',#1614,.T.);
#1616=ADVANCED_FACE('',(#1615),#1599,.T.);
#1617=CARTESIAN_POINT('',(344.780711699,397.054868626,2.));
#1618=DIRECTION('',(0.006215594,-0.999980683,0.));
#1619=DIRECTION('',(0.999980683,0.006215594,0.));
#1620=AXIS2_PLACEMENT_3D('',#1617,#1618,#1619);
#1621=PLANE('',#1620);
#1622=ORIENTED_EDGE('',*,*,#1296,.T.);
#1623=CARTESIAN_POINT('',(318.2812236,396.890155391,2.));
#1624=DIRECTION('',(-0.,-0.,-1.));
#1625=VECTOR('',#1624,2.);
#1626=LINE('',#1623,#1625);
#1627=EDGE_CURVE('',#834,#1283,#1626,.T.);
#1628=ORIENTED_EDGE('',*,*,#1627,.F.);
#1629=ORIENTED_EDGE('',*,*,#839,.F.);
#1630=CARTESIAN_POINT('',(371.280199799,397.219581867,2.));
#1631=DIRECTION('',(-0.,-0.,-1.));
#1632=VECTOR('',#1631,2.);
#1633=LINE('',#1630,#1632);
#1634=EDGE_CURVE('',#826,#1291,#1633,.T.);
#1635=ORIENTED_EDGE('',*,*,#1634,.T.);
#1636=EDGE_LOOP('',(#1622,#1628,#1629,#1635));
#1637=FACE_BOUND('',#1636,.T.);
#1638=ADVANCED_FACE('',(#1637),#1621,.F.);
#1639=CARTESIAN_POINT('',(371.239798439,403.719456302,2.));
#1640=DIRECTION('',(0.999980683,0.006215594,0.));
#1641=DIRECTION('',(-0.006215594,0.999980683,0.));
#1642=AXIS2_PLACEMENT_3D('',#1639,#1640,#1641);
#1643=PLANE('',#1642);
#1644=ORIENTED_EDGE('',*,*,#1304,.T.);
#1645=ORIENTED_EDGE('',*,*,#1634,.F.);
#1646=ORIENTED_EDGE('',*,*,#831,.F.);
#1647=ORIENTED_EDGE('',*,*,#1537,.T.);
#1648=EDGE_LOOP('',(#1644,#1645,#1646,#1647));
#1649=FACE_BOUND('',#1648,.T.);
#1650=ADVANCED_FACE('',(#1649),#1643,.F.);
#1651=CARTESIAN_POINT('',(318.240822239,403.39002983,2.));
#1652=DIRECTION('',(-0.999980683,-0.006215594,0.));
#1653=DIRECTION('',(0.006215594,-0.999980683,0.));
#1654=AXIS2_PLACEMENT_3D('',#1651,#1652,#1653);
#1655=PLANE('',#1654);
#1656=ORIENTED_EDGE('',*,*,#1288,.T.);
#1657=ORIENTED_EDGE('',*,*,#1612,.F.);
#1658=ORIENTED_EDGE('',*,*,#847,.F.);
#1659=ORIENTED_EDGE('',*,*,#1627,.T.);
#1660=EDGE_LOOP('',(#1656,#1657,#1658,#1659));
#1661=FACE_BOUND('',#1660,.T.);
#1662=ADVANCED_FACE('',(#1661),#1655,.F.);
#1663=CARTESIAN_POINT('',(272.225749803,323.592303563,2.));
#1664=DIRECTION('',(0.999980683,0.006215594,0.));
#1665=DIRECTION('',(-0.006215594,0.999980683,0.));
#1666=AXIS2_PLACEMENT_3D('',#1663,#1664,#1665);
#1667=PLANE('',#1666);
#1668=ORIENTED_EDGE('',*,*,#1263,.T.);
#1669=CARTESIAN_POINT('',(272.390463039,297.092815464,2.));
#1670=DIRECTION('',(-0.,-0.,-1.));
#1671=VECTOR('',#1670,2.);
#1672=LINE('',#1669,#1671);
#1673=EDGE_CURVE('',#867,#1250,#1672,.T.);
#1674=ORIENTED_EDGE('',*,*,#1673,.F.);
#1675=ORIENTED_EDGE('',*,*,#872,.F.);
#1676=CARTESIAN_POINT('',(272.061036562,350.091791662,2.));
#1677=DIRECTION('',(-0.,-0.,-1.));
#1678=VECTOR('',#1677,2.);
#1679=LINE('',#1676,#1678);
#1680=EDGE_CURVE('',#859,#1258,#1679,.T.);
#1681=ORIENTED_EDGE('',*,*,#1680,.T.);
#1682=EDGE_LOOP('',(#1668,#1674,#1675,#1681));
#1683=FACE_BOUND('',#1682,.T.);
#1684=ADVANCED_FACE('',(#1683),#1667,.F.);
#1685=CARTESIAN_POINT('',(265.890588599,297.052414103,2.));
#1686=DIRECTION('',(0.006215594,-0.999980683,0.));
#1687=DIRECTION('',(0.999980683,0.006215594,0.));
#1688=AXIS2_PLACEMENT_3D('',#1685,#1686,#1687);
#1689=PLANE('',#1688);
#1690=ORIENTED_EDGE('',*,*,#1255,.T.);
#1691=ORIENTED_EDGE('',*,*,#1448,.F.);
#1692=ORIENTED_EDGE('',*,*,#880,.F.);
#1693=ORIENTED_EDGE('',*,*,#1673,.T.);
#1694=EDGE_LOOP('',(#1690,#1691,#1692,#1693));
#1695=FACE_BOUND('',#1694,.T.);
#1696=ADVANCED_FACE('',(#1695),#1689,.F.);
#1697=CARTESIAN_POINT('',(345.234513283,324.046105146,2.));
#1698=DIRECTION('',(0.,0.,-1.));
#1699=DIRECTION('',(-1.,0.,0.));
#1700=AXIS2_PLACEMENT_3D('',#1697,#1698,#1699);
#1701=CYLINDRICAL_SURFACE('',#1700,89.5);
#1702=ORIENTED_EDGE('',*,*,#757,.F.);
#1703=CARTESIAN_POINT('',(308.881396176,242.261626933,2.));
#1704=DIRECTION('',(0.,0.,-1.));
#1705=VECTOR('',#1704,2.);
#1706=LINE('',#1703,#1705);
#1707=EDGE_CURVE('',#743,#1373,#1706,.T.);
#1708=ORIENTED_EDGE('',*,*,#1707,.T.);
#1709=ORIENTED_EDGE('',*,*,#1379,.T.);
#1710=ORIENTED_EDGE('',*,*,#1493,.F.);
#1711=EDGE_LOOP('',(#1702,#1708,#1709,#1710));
#1712=FACE_BOUND('',#1711,.T.);
#1713=ADVANCED_FACE('',(#1712),#1701,.T.);
#1714=CARTESIAN_POINT('',(265.561162127,350.051390303,2.));
#1715=DIRECTION('',(-0.006215594,0.999980683,0.));
#1716=DIRECTION('',(-0.999980683,-0.006215594,0.));
#1717=AXIS2_PLACEMENT_3D('',#1714,#1715,#1716);
#1718=PLANE('',#1717);
#1719=ORIENTED_EDGE('',*,*,#1271,.T.);
#1720=ORIENTED_EDGE('',*,*,#1680,.F.);
#1721=ORIENTED_EDGE('',*,*,#864,.F.);
#1722=ORIENTED_EDGE('',*,*,#1605,.T.);
#1723=EDGE_LOOP('',(#1719,#1720,#1721,#1722));
#1724=FACE_BOUND('',#1723,.T.);
#1725=ADVANCED_FACE('',(#1724),#1718,.F.);
#1726=CARTESIAN_POINT('',(267.188692404,283.439232573,2.));
#1727=DIRECTION('',(0.702698033,0.711488211,0.));
#1728=DIRECTION('',(-0.711488211,0.702698033,0.));
#1729=AXIS2_PLACEMENT_3D('',#1726,#1727,#1728);
#1730=PLANE('',#1729);
#1731=ORIENTED_EDGE('',*,*,#748,.F.);
#1732=CARTESIAN_POINT('',(307.023938243,244.096136703,2.));
#1733=DIRECTION('',(0.,0.,-1.));
#1734=VECTOR('',#1733,2.);
#1735=LINE('',#1732,#1734);
#1736=EDGE_CURVE('',#735,#1382,#1735,.T.);
#1737=ORIENTED_EDGE('',*,*,#1736,.T.);
#1738=ORIENTED_EDGE('',*,*,#1387,.T.);
#1739=ORIENTED_EDGE('',*,*,#1707,.F.);
#1740=EDGE_LOOP('',(#1731,#1737,#1738,#1739));
#1741=FACE_BOUND('',#1740,.T.);
#1742=ADVANCED_FACE('',(#1741),#1730,.F.);
#1743=CARTESIAN_POINT('',(277.720372726,295.525741972,2.));
#1744=DIRECTION('',(0.711488211,-0.702698033,0.));
#1745=DIRECTION('',(0.702698033,0.711488211,0.));
#1746=AXIS2_PLACEMENT_3D('',#1743,#1744,#1745);
#1747=PLANE('',#1746);
#1748=ORIENTED_EDGE('',*,*,#1230,.F.);
#1749=ORIENTED_EDGE('',*,*,#933,.F.);
#1750=ORIENTED_EDGE('',*,*,#905,.T.);
#1751=ORIENTED_EDGE('',*,*,#1424,.T.);
#1752=EDGE_LOOP('',(#1748,#1749,#1750,#1751));
#1753=FACE_BOUND('',#1752,.T.);
#1754=ADVANCED_FACE('',(#1753),#1747,.T.);
#1755=CARTESIAN_POINT('',(318.267106749,255.479948057,2.));
#1756=DIRECTION('',(-0.711488211,0.702698033,0.));
#1757=DIRECTION('',(-0.702698033,-0.711488211,0.));
#1758=AXIS2_PLACEMENT_3D('',#1755,#1756,#1757);
#1759=PLANE('',#1758);
#1760=ORIENTED_EDGE('',*,*,#1393,.F.);
#1761=ORIENTED_EDGE('',*,*,#1736,.F.);
#1762=ORIENTED_EDGE('',*,*,#740,.T.);
#1763=ORIENTED_EDGE('',*,*,#947,.T.);
#1764=EDGE_LOOP('',(#1760,#1761,#1762,#1763));
#1765=FACE_BOUND('',#1764,.T.);
#1766=ADVANCED_FACE('',(#1765),#1759,.T.);
#1767=CARTESIAN_POINT('',(342.112664005,273.42527335,0.));
#1768=DIRECTION('',(0.,0.,1.));
#1769=DIRECTION('',(1.,0.,-0.));
#1770=AXIS2_PLACEMENT_3D('',#1767,#1768,#1769);
#1771=CYLINDRICAL_SURFACE('',#1770,1.35);
#1772=CARTESIAN_POINT('',(343.462664005,273.42527335,4.));
#1773=VERTEX_POINT('',#1772);
#1774=CARTESIAN_POINT('',(343.462664005,273.42527335,4.));
#1775=DIRECTION('',(-0.,-0.,-1.));
#1776=VECTOR('',#1775,4.);
#1777=LINE('',#1774,#1776);
#1778=EDGE_CURVE('',#1773,#1213,#1777,.T.);
#1779=ORIENTED_EDGE('',*,*,#1778,.F.);
#1780=CARTESIAN_POINT('',(342.112664005,273.42527335,4.));
#1781=DIRECTION('',(0.,0.,1.));
#1782=DIRECTION('',(1.,0.,-0.));
#1783=AXIS2_PLACEMENT_3D('',#1780,#1781,#1782);
#1784=CIRCLE('',#1783,1.35);
#1785=EDGE_CURVE('',#1773,#1773,#1784,.T.);
#1786=ORIENTED_EDGE('',*,*,#1785,.T.);
#1787=ORIENTED_EDGE('',*,*,#1778,.T.);
#1788=ORIENTED_EDGE('',*,*,#1219,.F.);
#1789=EDGE_LOOP('',(#1779,#1786,#1787,#1788));
#1790=FACE_BOUND('',#1789,.T.);
#1791=ADVANCED_FACE('',(#1790),#1771,.F.);
#1792=CARTESIAN_POINT('',(376.544867645,308.288195667,0.));
#1793=DIRECTION('',(0.,0.,1.));
#1794=DIRECTION('',(1.,0.,-0.));
#1795=AXIS2_PLACEMENT_3D('',#1792,#1793,#1794);
#1796=CYLINDRICAL_SURFACE('',#1795,1.35);
#1797=CARTESIAN_POINT('',(377.894867645,308.288195667,4.));
#1798=VERTEX_POINT('',#1797);
#1799=CARTESIAN_POINT('',(377.894867645,308.288195667,4.));
#1800=DIRECTION('',(-0.,-0.,-1.));
#1801=VECTOR('',#1800,4.);
#1802=LINE('',#1799,#1801);
#1803=EDGE_CURVE('',#1798,#1202,#1802,.T.);
#1804=ORIENTED_EDGE('',*,*,#1803,.F.);
#1805=CARTESIAN_POINT('',(376.544867645,308.288195667,4.));
#1806=DIRECTION('',(0.,0.,1.));
#1807=DIRECTION('',(1.,0.,-0.));
#1808=AXIS2_PLACEMENT_3D('',#1805,#1806,#1807);
#1809=CIRCLE('',#1808,1.35);
#1810=EDGE_CURVE('',#1798,#1798,#1809,.T.);
#1811=ORIENTED_EDGE('',*,*,#1810,.T.);
#1812=ORIENTED_EDGE('',*,*,#1803,.T.);
#1813=ORIENTED_EDGE('',*,*,#1208,.F.);
#1814=EDGE_LOOP('',(#1804,#1811,#1812,#1813));
#1815=FACE_BOUND('',#1814,.T.);
#1816=ADVANCED_FACE('',(#1815),#1796,.F.);
#1817=CARTESIAN_POINT('',(300.846347793,314.181759292,0.));
#1818=DIRECTION('',(0.,0.,1.));
#1819=DIRECTION('',(1.,0.,-0.));
#1820=AXIS2_PLACEMENT_3D('',#1817,#1818,#1819);
#1821=CYLINDRICAL_SURFACE('',#1820,1.35);
#1822=CARTESIAN_POINT('',(302.196347793,314.181759292,4.));
#1823=VERTEX_POINT('',#1822);
#1824=CARTESIAN_POINT('',(302.196347793,314.181759292,4.));
#1825=DIRECTION('',(-0.,-0.,-1.));
#1826=VECTOR('',#1825,4.);
#1827=LINE('',#1824,#1826);
#1828=EDGE_CURVE('',#1823,#1191,#1827,.T.);
#1829=ORIENTED_EDGE('',*,*,#1828,.F.);
#1830=CARTESIAN_POINT('',(300.846347793,314.181759292,4.));
#1831=DIRECTION('',(0.,0.,1.));
#1832=DIRECTION('',(1.,0.,-0.));
#1833=AXIS2_PLACEMENT_3D('',#1830,#1831,#1832);
#1834=CIRCLE('',#1833,1.35);
#1835=EDGE_CURVE('',#1823,#1823,#1834,.T.);
#1836=ORIENTED_EDGE('',*,*,#1835,.T.);
#1837=ORIENTED_EDGE('',*,*,#1828,.T.);
#1838=ORIENTED_EDGE('',*,*,#1197,.F.);
#1839=EDGE_LOOP('',(#1829,#1836,#1837,#1838));
#1840=FACE_BOUND('',#1839,.T.);
#1841=ADVANCED_FACE('',(#1840),#1821,.F.);
#1842=CARTESIAN_POINT('',(335.278551434,349.044681609,0.));
#1843=DIRECTION('',(0.,0.,1.));
#1844=DIRECTION('',(1.,0.,-0.));
#1845=AXIS2_PLACEMENT_3D('',#1842,#1843,#1844);
#1846=CYLINDRICAL_SURFACE('',#1845,1.35);
#1847=CARTESIAN_POINT('',(336.628551434,349.044681609,4.));
#1848=VERTEX_POINT('',#1847);
#1849=CARTESIAN_POINT('',(336.628551434,349.044681609,4.));
#1850=DIRECTION('',(-0.,-0.,-1.));
#1851=VECTOR('',#1850,4.);
#1852=LINE('',#1849,#1851);
#1853=EDGE_CURVE('',#1848,#1180,#1852,.T.);
#1854=ORIENTED_EDGE('',*,*,#1853,.F.);
#1855=CARTESIAN_POINT('',(335.278551434,349.044681609,4.));
#1856=DIRECTION('',(0.,0.,1.));
#1857=DIRECTION('',(1.,0.,-0.));
#1858=AXIS2_PLACEMENT_3D('',#1855,#1856,#1857);
#1859=CIRCLE('',#1858,1.35);
#1860=EDGE_CURVE('',#1848,#1848,#1859,.T.);
#1861=ORIENTED_EDGE('',*,*,#1860,.T.);
#1862=ORIENTED_EDGE('',*,*,#1853,.T.);
#1863=ORIENTED_EDGE('',*,*,#1186,.F.);
#1864=EDGE_LOOP('',(#1854,#1861,#1862,#1863));
#1865=FACE_BOUND('',#1864,.T.);
#1866=ADVANCED_FACE('',(#1865),#1846,.F.);
#1867=CARTESIAN_POINT('',(372.220555532,311.523302077,0.));
#1868=DIRECTION('',(-0.711488211,0.702698033,0.));
#1869=DIRECTION('',(-0.702698033,-0.711488211,0.));
#1870=AXIS2_PLACEMENT_3D('',#1867,#1868,#1869);
#1871=PLANE('',#1870);
#1872=ORIENTED_EDGE('',*,*,#464,.F.);
#1873=ORIENTED_EDGE('',*,*,#1409,.T.);
#1874=ORIENTED_EDGE('',*,*,#1175,.T.);
#1875=CARTESIAN_POINT('',(344.630484398,283.588101706,0.));
#1876=DIRECTION('',(0.,0.,1.));
#1877=VECTOR('',#1876,2.);
#1878=LINE('',#1875,#1877);
#1879=EDGE_CURVE('',#1164,#459,#1878,.T.);
#1880=ORIENTED_EDGE('',*,*,#1879,.T.);
#1881=EDGE_LOOP('',(#1872,#1873,#1874,#1880));
#1882=FACE_BOUND('',#1881,.T.);
#1883=ADVANCED_FACE('',(#1882),#1871,.T.);
#1884=CARTESIAN_POINT('',(327.8037882,300.206910216,0.));
#1885=DIRECTION('',(-0.702698033,-0.711488211,0.));
#1886=DIRECTION('',(0.711488211,-0.702698033,0.));
#1887=AXIS2_PLACEMENT_3D('',#1884,#1885,#1886);
#1888=PLANE('',#1887);
#1889=ORIENTED_EDGE('',*,*,#472,.T.);
#1890=ORIENTED_EDGE('',*,*,#1879,.F.);
#1891=ORIENTED_EDGE('',*,*,#1169,.F.);
#1892=ORIENTED_EDGE('',*,*,#979,.T.);
#1893=EDGE_LOOP('',(#1889,#1890,#1891,#1892));
#1894=FACE_BOUND('',#1893,.T.);
#1895=ADVANCED_FACE('',(#1894),#1888,.F.);
#1896=CARTESIAN_POINT('',(317.13153475,373.035603109,8.));
#1897=DIRECTION('',(0.702698033,0.711488211,0.));
#1898=DIRECTION('',(-0.711488211,0.702698033,0.));
#1899=AXIS2_PLACEMENT_3D('',#1896,#1897,#1898);
#1900=PLANE('',#1899);
#1901=ORIENTED_EDGE('',*,*,#490,.F.);
#1902=CARTESIAN_POINT('',(316.420046534,373.738301148,8.));
#1903=VERTEX_POINT('',#1902);
#1904=CARTESIAN_POINT('',(316.420046528,373.738301154,8.));
#1905=DIRECTION('',(-0.,-0.,-1.));
#1906=VECTOR('',#1905,6.);
#1907=LINE('',#1904,#1906);
#1908=EDGE_CURVE('',#1903,#483,#1907,.T.);
#1909=ORIENTED_EDGE('',*,*,#1908,.F.);
#1910=CARTESIAN_POINT('',(317.843022961,372.332905076,8.));
#1911=VERTEX_POINT('',#1910);
#1912=CARTESIAN_POINT('',(316.420046533,373.738301147,8.));
#1913=DIRECTION('',(0.711488211,-0.702698033,-0.));
#1914=VECTOR('',#1913,2.000000008);
#1915=LINE('',#1912,#1914);
#1916=EDGE_CURVE('',#1903,#1911,#1915,.T.);
#1917=ORIENTED_EDGE('',*,*,#1916,.T.);
#1918=CARTESIAN_POINT('',(317.843022961,372.332905076,8.));
#1919=DIRECTION('',(-0.,-0.,-1.));
#1920=VECTOR('',#1919,6.);
#1921=LINE('',#1918,#1920);
#1922=EDGE_CURVE('',#1911,#485,#1921,.T.);
#1923=ORIENTED_EDGE('',*,*,#1922,.T.);
#1924=EDGE_LOOP('',(#1901,#1909,#1917,#1923));
#1925=FACE_BOUND('',#1924,.T.);
#1926=ADVANCED_FACE('',(#1925),#1900,.T.);
#1927=CARTESIAN_POINT('',(299.203944719,356.306839984,8.));
#1928=DIRECTION('',(0.711488211,-0.702698033,0.));
#1929=DIRECTION('',(0.702698033,0.711488211,0.));
#1930=AXIS2_PLACEMENT_3D('',#1927,#1928,#1929);
#1931=PLANE('',#1930);
#1932=ORIENTED_EDGE('',*,*,#512,.T.);
#1933=CARTESIAN_POINT('',(281.987842899,338.875378825,8.));
#1934=VERTEX_POINT('',#1933);
#1935=CARTESIAN_POINT('',(281.987842899,338.875378825,8.));
#1936=DIRECTION('',(-0.,-0.,-1.));
#1937=VECTOR('',#1936,6.);
#1938=LINE('',#1935,#1937);
#1939=EDGE_CURVE('',#1934,#501,#1938,.T.);
#1940=ORIENTED_EDGE('',*,*,#1939,.F.);
#1941=CARTESIAN_POINT('',(316.42004654,373.738301142,8.));
#1942=DIRECTION('',(-0.702698033,-0.711488211,0.));
#1943=VECTOR('',#1942,49.);
#1944=LINE('',#1941,#1943);
#1945=EDGE_CURVE('',#1903,#1934,#1944,.T.);
#1946=ORIENTED_EDGE('',*,*,#1945,.F.);
#1947=ORIENTED_EDGE('',*,*,#1908,.T.);
#1948=EDGE_LOOP('',(#1932,#1940,#1946,#1947));
#1949=FACE_BOUND('',#1948,.T.);
#1950=ADVANCED_FACE('',(#1949),#1931,.F.);
#1951=CARTESIAN_POINT('',(282.69933111,338.172680792,8.));
#1952=DIRECTION('',(-0.702698033,-0.711488211,0.));
#1953=DIRECTION('',(0.711488211,-0.702698033,0.));
#1954=AXIS2_PLACEMENT_3D('',#1951,#1952,#1953);
#1955=PLANE('',#1954);
#1956=ORIENTED_EDGE('',*,*,#506,.F.);
#1957=CARTESIAN_POINT('',(283.410819326,337.469982753,8.));
#1958=VERTEX_POINT('',#1957);
#1959=CARTESIAN_POINT('',(283.410819332,337.469982747,8.));
#1960=DIRECTION('',(-0.,-0.,-1.));
#1961=VECTOR('',#1960,6.);
#1962=LINE('',#1959,#1961);
#1963=EDGE_CURVE('',#1958,#493,#1962,.T.);
#1964=ORIENTED_EDGE('',*,*,#1963,.F.);
#1965=CARTESIAN_POINT('',(283.410819327,337.469982754,8.));
#1966=DIRECTION('',(-0.711488211,0.702698033,-0.));
#1967=VECTOR('',#1966,2.000000008);
#1968=LINE('',#1965,#1967);
#1969=EDGE_CURVE('',#1958,#1934,#1968,.T.);
#1970=ORIENTED_EDGE('',*,*,#1969,.T.);
#1971=ORIENTED_EDGE('',*,*,#1939,.T.);
#1972=EDGE_LOOP('',(#1956,#1964,#1970,#1971));
#1973=FACE_BOUND('',#1972,.T.);
#1974=ADVANCED_FACE('',(#1973),#1955,.T.);
#1975=CARTESIAN_POINT('',(300.626921141,354.901443917,8.));
#1976=DIRECTION('',(-0.711488211,0.702698033,0.));
#1977=DIRECTION('',(-0.702698033,-0.711488211,0.));
#1978=AXIS2_PLACEMENT_3D('',#1975,#1976,#1977);
#1979=PLANE('',#1978);
#1980=ORIENTED_EDGE('',*,*,#498,.T.);
#1981=ORIENTED_EDGE('',*,*,#1922,.F.);
#1982=CARTESIAN_POINT('',(283.41081932,337.469982759,8.));
#1983=DIRECTION('',(0.702698033,0.711488211,0.));
#1984=VECTOR('',#1983,49.);
#1985=LINE('',#1982,#1984);
#1986=EDGE_CURVE('',#1958,#1911,#1985,.T.);
#1987=ORIENTED_EDGE('',*,*,#1986,.F.);
#1988=ORIENTED_EDGE('',*,*,#1963,.T.);
#1989=EDGE_LOOP('',(#1980,#1981,#1987,#1988));
#1990=FACE_BOUND('',#1989,.T.);
#1991=ADVANCED_FACE('',(#1990),#1979,.F.);
#1992=CARTESIAN_POINT('',(-80.046491001,85.125650413,8.));
#1993=DIRECTION('',(0.,0.,1.));
#1994=DIRECTION('',(1.,0.,0.));
#1995=AXIS2_PLACEMENT_3D('',#1992,#1993,#1994);
#1996=PLANE('',#1995);
#1997=ORIENTED_EDGE('',*,*,#1916,.F.);
#1998=ORIENTED_EDGE('',*,*,#1945,.T.);
#1999=ORIENTED_EDGE('',*,*,#1969,.F.);
#2000=ORIENTED_EDGE('',*,*,#1986,.T.);
#2001=EDGE_LOOP('',(#1997,#1998,#1999,#2000));
#2002=FACE_BOUND('',#2001,.T.);
#2003=ADVANCED_FACE('',(#2002),#1996,.T.);
#2004=CARTESIAN_POINT('',(393.576462055,316.583565833,-2.));
#2005=DIRECTION('',(0.,0.,1.));
#2006=DIRECTION('',(1.,0.,-0.));
#2007=AXIS2_PLACEMENT_3D('',#2004,#2005,#2006);
#2008=CYLINDRICAL_SURFACE('',#2007,1.6);
#2009=CARTESIAN_POINT('',(395.176462055,316.583565833,2.));
#2010=DIRECTION('',(-0.,-0.,-1.));
#2011=VECTOR('',#2010,2.);
#2012=LINE('',#2009,#2011);
#2013=EDGE_CURVE('',#517,#1144,#2012,.T.);
#2014=ORIENTED_EDGE('',*,*,#2013,.F.);
#2015=ORIENTED_EDGE('',*,*,#523,.T.);
#2016=ORIENTED_EDGE('',*,*,#2013,.T.);
#2017=ORIENTED_EDGE('',*,*,#1150,.F.);
#2018=EDGE_LOOP('',(#2014,#2015,#2016,#2017));
#2019=FACE_BOUND('',#2018,.T.);
#2020=ADVANCED_FACE('',(#2019),#2008,.F.);
#2021=CARTESIAN_POINT('',(326.401317842,373.859215109,-2.));
#2022=DIRECTION('',(0.,0.,1.));
#2023=DIRECTION('',(1.,0.,-0.));
#2024=AXIS2_PLACEMENT_3D('',#2021,#2022,#2023);
#2025=CYLINDRICAL_SURFACE('',#2024,1.6);
#2026=CARTESIAN_POINT('',(328.001317842,373.859215109,2.));
#2027=DIRECTION('',(-0.,-0.,-1.));
#2028=VECTOR('',#2027,2.);
#2029=LINE('',#2026,#2028);
#2030=EDGE_CURVE('',#528,#1133,#2029,.T.);
#2031=ORIENTED_EDGE('',*,*,#2030,.F.);
#2032=ORIENTED_EDGE('',*,*,#534,.T.);
#2033=ORIENTED_EDGE('',*,*,#2030,.T.);
#2034=ORIENTED_EDGE('',*,*,#1139,.F.);
#2035=EDGE_LOOP('',(#2031,#2032,#2033,#2034));
#2036=FACE_BOUND('',#2035,.T.);
#2037=ADVANCED_FACE('',(#2036),#2025,.F.);
#2038=CARTESIAN_POINT('',(325.650858608,384.50916928,-2.));
#2039=DIRECTION('',(0.,0.,1.));
#2040=DIRECTION('',(1.,0.,-0.));
#2041=AXIS2_PLACEMENT_3D('',#2038,#2039,#2040);
#2042=CYLINDRICAL_SURFACE('',#2041,1.6);
#2043=CARTESIAN_POINT('',(327.250858608,384.50916928,2.));
#2044=DIRECTION('',(-0.,-0.,-1.));
#2045=VECTOR('',#2044,2.);
#2046=LINE('',#2043,#2045);
#2047=EDGE_CURVE('',#539,#1122,#2046,.T.);
#2048=ORIENTED_EDGE('',*,*,#2047,.F.);
#2049=ORIENTED_EDGE('',*,*,#545,.T.);
#2050=ORIENTED_EDGE('',*,*,#2047,.T.);
#2051=ORIENTED_EDGE('',*,*,#1128,.F.);
#2052=EDGE_LOOP('',(#2048,#2049,#2050,#2051));
#2053=FACE_BOUND('',#2052,.T.);
#2054=ADVANCED_FACE('',(#2053),#2042,.F.);
#2055=CARTESIAN_POINT('',(342.112664005,273.42527335,4.));
#2056=DIRECTION('',(0.,0.,-1.));
#2057=DIRECTION('',(-1.,0.,0.));
#2058=AXIS2_PLACEMENT_3D('',#2055,#2056,#2057);
#2059=CYLINDRICAL_SURFACE('',#2058,1.85);
#2060=CARTESIAN_POINT('',(340.262664005,273.42527335,4.));
#2061=VERTEX_POINT('',#2060);
#2062=CARTESIAN_POINT('',(340.262664005,273.42527335,2.));
#2063=DIRECTION('',(-0.,-0.,1.));
#2064=VECTOR('',#2063,2.);
#2065=LINE('',#2062,#2064);
#2066=EDGE_CURVE('',#550,#2061,#2065,.T.);
#2067=ORIENTED_EDGE('',*,*,#2066,.T.);
#2068=CARTESIAN_POINT('',(342.112664005,273.42527335,4.));
#2069=DIRECTION('',(-0.,-0.,1.));
#2070=DIRECTION('',(-1.,0.,0.));
#2071=AXIS2_PLACEMENT_3D('',#2068,#2069,#2070);
#2072=CIRCLE('',#2071,1.85);
#2073=EDGE_CURVE('',#2061,#2061,#2072,.T.);
#2074=ORIENTED_EDGE('',*,*,#2073,.F.);
#2075=ORIENTED_EDGE('',*,*,#2066,.F.);
#2076=ORIENTED_EDGE('',*,*,#556,.T.);
#2077=EDGE_LOOP('',(#2067,#2074,#2075,#2076));
#2078=FACE_BOUND('',#2077,.T.);
#2079=ADVANCED_FACE('',(#2078),#2059,.T.);
#2080=CARTESIAN_POINT('',(0.,0.,4.));
#2081=DIRECTION('',(0.,0.,1.));
#2082=DIRECTION('',(1.,0.,0.));
#2083=AXIS2_PLACEMENT_3D('',#2080,#2081,#2082);
#2084=PLANE('',#2083);
#2085=ORIENTED_EDGE('',*,*,#1785,.F.);
#2086=EDGE_LOOP('',(#2085));
#2087=FACE_BOUND('',#2086,.T.);
#2088=ORIENTED_EDGE('',*,*,#2073,.T.);
#2089=EDGE_LOOP('',(#2088));
#2090=FACE_BOUND('',#2089,.T.);
#2091=ADVANCED_FACE('',(#2087,#2090),#2084,.T.);
#2092=CARTESIAN_POINT('',(300.846347793,314.181759292,4.));
#2093=DIRECTION('',(0.,0.,-1.));
#2094=DIRECTION('',(-1.,0.,0.));
#2095=AXIS2_PLACEMENT_3D('',#2092,#2093,#2094);
#2096=CYLINDRICAL_SURFACE('',#2095,1.85);
#2097=CARTESIAN_POINT('',(298.996347793,314.181759292,4.));
#2098=VERTEX_POINT('',#2097);
#2099=CARTESIAN_POINT('',(298.996347793,314.181759292,2.));
#2100=DIRECTION('',(-0.,-0.,1.));
#2101=VECTOR('',#2100,2.);
#2102=LINE('',#2099,#2101);
#2103=EDGE_CURVE('',#561,#2098,#2102,.T.);
#2104=ORIENTED_EDGE('',*,*,#2103,.T.);
#2105=CARTESIAN_POINT('',(300.846347793,314.181759292,4.));
#2106=DIRECTION('',(-0.,-0.,1.));
#2107=DIRECTION('',(-1.,0.,0.));
#2108=AXIS2_PLACEMENT_3D('',#2105,#2106,#2107);
#2109=CIRCLE('',#2108,1.85);
#2110=EDGE_CURVE('',#2098,#2098,#2109,.T.);
#2111=ORIENTED_EDGE('',*,*,#2110,.F.);
#2112=ORIENTED_EDGE('',*,*,#2103,.F.);
#2113=ORIENTED_EDGE('',*,*,#567,.T.);
#2114=EDGE_LOOP('',(#2104,#2111,#2112,#2113));
#2115=FACE_BOUND('',#2114,.T.);
#2116=ADVANCED_FACE('',(#2115),#2096,.T.);
#2117=CARTESIAN_POINT('',(0.,0.,4.));
#2118=DIRECTION('',(0.,0.,1.));
#2119=DIRECTION('',(1.,0.,0.));
#2120=AXIS2_PLACEMENT_3D('',#2117,#2118,#2119);
#2121=PLANE('',#2120);
#2122=ORIENTED_EDGE('',*,*,#1835,.F.);
#2123=EDGE_LOOP('',(#2122));
#2124=FACE_BOUND('',#2123,.T.);
#2125=ORIENTED_EDGE('',*,*,#2110,.T.);
#2126=EDGE_LOOP('',(#2125));
#2127=FACE_BOUND('',#2126,.T.);
#2128=ADVANCED_FACE('',(#2124,#2127),#2121,.T.);
#2129=CARTESIAN_POINT('',(376.544867645,308.288195667,4.));
#2130=DIRECTION('',(0.,0.,-1.));
#2131=DIRECTION('',(-1.,0.,0.));
#2132=AXIS2_PLACEMENT_3D('',#2129,#2130,#2131);
#2133=CYLINDRICAL_SURFACE('',#2132,1.85);
#2134=CARTESIAN_POINT('',(374.694867645,308.288195667,4.));
#2135=VERTEX_POINT('',#2134);
#2136=CARTESIAN_POINT('',(374.694867645,308.288195667,2.));
#2137=DIRECTION('',(-0.,-0.,1.));
#2138=VECTOR('',#2137,2.);
#2139=LINE('',#2136,#2138);
#2140=EDGE_CURVE('',#572,#2135,#2139,.T.);
#2141=ORIENTED_EDGE('',*,*,#2140,.T.);
#2142=CARTESIAN_POINT('',(376.544867645,308.288195667,4.));
#2143=DIRECTION('',(-0.,-0.,1.));
#2144=DIRECTION('',(-1.,0.,0.));
#2145=AXIS2_PLACEMENT_3D('',#2142,#2143,#2144);
#2146=CIRCLE('',#2145,1.85);
#2147=EDGE_CURVE('',#2135,#2135,#2146,.T.);
#2148=ORIENTED_EDGE('',*,*,#2147,.F.);
#2149=ORIENTED_EDGE('',*,*,#2140,.F.);
#2150=ORIENTED_EDGE('',*,*,#578,.T.);
#2151=EDGE_LOOP('',(#2141,#2148,#2149,#2150));
#2152=FACE_BOUND('',#2151,.T.);
#2153=ADVANCED_FACE('',(#2152),#2133,.T.);
#2154=CARTESIAN_POINT('',(0.,0.,4.));
#2155=DIRECTION('',(0.,0.,1.));
#2156=DIRECTION('',(1.,0.,0.));
#2157=AXIS2_PLACEMENT_3D('',#2154,#2155,#2156);
#2158=PLANE('',#2157);
#2159=ORIENTED_EDGE('',*,*,#1810,.F.);
#2160=EDGE_LOOP('',(#2159));
#2161=FACE_BOUND('',#2160,.T.);
#2162=ORIENTED_EDGE('',*,*,#2147,.T.);
#2163=EDGE_LOOP('',(#2162));
#2164=FACE_BOUND('',#2163,.T.);
#2165=ADVANCED_FACE('',(#2161,#2164),#2158,.T.);
#2166=CARTESIAN_POINT('',(335.278551434,349.044681609,4.));
#2167=DIRECTION('',(0.,0.,-1.));
#2168=DIRECTION('',(-1.,0.,0.));
#2169=AXIS2_PLACEMENT_3D('',#2166,#2167,#2168);
#2170=CYLINDRICAL_SURFACE('',#2169,1.85);
#2171=CARTESIAN_POINT('',(333.428551434,349.044681609,4.));
#2172=VERTEX_POINT('',#2171);
#2173=CARTESIAN_POINT('',(333.428551434,349.044681609,2.));
#2174=DIRECTION('',(-0.,-0.,1.));
#2175=VECTOR('',#2174,2.);
#2176=LINE('',#2173,#2175);
#2177=EDGE_CURVE('',#583,#2172,#2176,.T.);
#2178=ORIENTED_EDGE('',*,*,#2177,.T.);
#2179=CARTESIAN_POINT('',(335.278551434,349.044681609,4.));
#2180=DIRECTION('',(-0.,-0.,1.));
#2181=DIRECTION('',(-1.,0.,0.));
#2182=AXIS2_PLACEMENT_3D('',#2179,#2180,#2181);
#2183=CIRCLE('',#2182,1.85);
#2184=EDGE_CURVE('',#2172,#2172,#2183,.T.);
#2185=ORIENTED_EDGE('',*,*,#2184,.F.);
#2186=ORIENTED_EDGE('',*,*,#2177,.F.);
#2187=ORIENTED_EDGE('',*,*,#589,.T.);
#2188=EDGE_LOOP('',(#2178,#2185,#2186,#2187));
#2189=FACE_BOUND('',#2188,.T.);
#2190=ADVANCED_FACE('',(#2189),#2170,.T.);
#2191=CARTESIAN_POINT('',(0.,0.,4.));
#2192=DIRECTION('',(0.,0.,1.));
#2193=DIRECTION('',(1.,0.,0.));
#2194=AXIS2_PLACEMENT_3D('',#2191,#2192,#2193);
#2195=PLANE('',#2194);
#2196=ORIENTED_EDGE('',*,*,#1860,.F.);
#2197=EDGE_LOOP('',(#2196));
#2198=FACE_BOUND('',#2197,.T.);
#2199=ORIENTED_EDGE('',*,*,#2184,.T.);
#2200=EDGE_LOOP('',(#2199));
#2201=FACE_BOUND('',#2200,.T.);
#2202=ADVANCED_FACE('',(#2198,#2201),#2195,.T.);
#2203=CARTESIAN_POINT('',(376.072371625,404.299157996,-32.077442464));
#2204=DIRECTION('',(0.,0.,1.));
#2205=DIRECTION('',(1.,0.,-0.));
#2206=AXIS2_PLACEMENT_3D('',#2203,#2204,#2205);
#2207=CYLINDRICAL_SURFACE('',#2206,1.65);
#2208=CARTESIAN_POINT('',(377.722371625,404.299157996,2.));
#2209=DIRECTION('',(-0.,-0.,-1.));
#2210=VECTOR('',#2209,2.);
#2211=LINE('',#2208,#2210);
#2212=EDGE_CURVE('',#594,#1111,#2211,.T.);
#2213=ORIENTED_EDGE('',*,*,#2212,.F.);
#2214=ORIENTED_EDGE('',*,*,#600,.T.);
#2215=ORIENTED_EDGE('',*,*,#2212,.T.);
#2216=ORIENTED_EDGE('',*,*,#1117,.F.);
#2217=EDGE_LOOP('',(#2213,#2214,#2215,#2216));
#2218=FACE_BOUND('',#2217,.T.);
#2219=ADVANCED_FACE('',(#2218),#2207,.F.);
#2220=CARTESIAN_POINT('',(265.251171453,355.026299381,-32.077442464));
#2221=DIRECTION('',(0.,0.,1.));
#2222=DIRECTION('',(1.,0.,-0.));
#2223=AXIS2_PLACEMENT_3D('',#2220,#2221,#2222);
#2224=CYLINDRICAL_SURFACE('',#2223,1.65);
#2225=CARTESIAN_POINT('',(266.901171453,355.026299381,2.));
#2226=DIRECTION('',(-0.,-0.,-1.));
#2227=VECTOR('',#2226,2.);
#2228=LINE('',#2225,#2227);
#2229=EDGE_CURVE('',#605,#1100,#2228,.T.);
#2230=ORIENTED_EDGE('',*,*,#2229,.F.);
#2231=ORIENTED_EDGE('',*,*,#611,.T.);
#2232=ORIENTED_EDGE('',*,*,#2229,.T.);
#2233=ORIENTED_EDGE('',*,*,#1106,.F.);
#2234=EDGE_LOOP('',(#2230,#2231,#2232,#2233));
#2235=FACE_BOUND('',#2234,.T.);
#2236=ADVANCED_FACE('',(#2235),#2224,.F.);
#2237=CARTESIAN_POINT('',(265.251969951,293.514246735,-32.077442464));
#2238=DIRECTION('',(0.,0.,1.));
#2239=DIRECTION('',(1.,0.,-0.));
#2240=AXIS2_PLACEMENT_3D('',#2237,#2238,#2239);
#2241=CYLINDRICAL_SURFACE('',#2240,1.649600702);
#2242=CARTESIAN_POINT('',(266.901570653,293.514246735,2.));
#2243=DIRECTION('',(-0.,-0.,-1.));
#2244=VECTOR('',#2243,2.);
#2245=LINE('',#2242,#2244);
#2246=EDGE_CURVE('',#616,#1089,#2245,.T.);
#2247=ORIENTED_EDGE('',*,*,#2246,.F.);
#2248=ORIENTED_EDGE('',*,*,#622,.T.);
#2249=ORIENTED_EDGE('',*,*,#2246,.T.);
#2250=ORIENTED_EDGE('',*,*,#1095,.F.);
#2251=EDGE_LOOP('',(#2247,#2248,#2249,#2250));
#2252=FACE_BOUND('',#2251,.T.);
#2253=ADVANCED_FACE('',(#2252),#2241,.F.);
#2254=CARTESIAN_POINT('',(323.73144402,361.375234615,-32.077442464));
#2255=DIRECTION('',(0.,0.,1.));
#2256=DIRECTION('',(1.,0.,-0.));
#2257=AXIS2_PLACEMENT_3D('',#2254,#2255,#2256);
#2258=CYLINDRICAL_SURFACE('',#2257,1.6);
#2259=CARTESIAN_POINT('',(325.33144402,361.375234615,2.));
#2260=DIRECTION('',(-0.,-0.,-1.));
#2261=VECTOR('',#2260,2.);
#2262=LINE('',#2259,#2261);
#2263=EDGE_CURVE('',#627,#1078,#2262,.T.);
#2264=ORIENTED_EDGE('',*,*,#2263,.F.);
#2265=ORIENTED_EDGE('',*,*,#633,.T.);
#2266=ORIENTED_EDGE('',*,*,#2263,.T.);
#2267=ORIENTED_EDGE('',*,*,#1084,.F.);
#2268=EDGE_LOOP('',(#2264,#2265,#2266,#2267));
#2269=FACE_BOUND('',#2268,.T.);
#2270=ADVANCED_FACE('',(#2269),#2258,.F.);
#2271=CARTESIAN_POINT('',(315.42205568,243.307073597,-32.077442464));
#2272=DIRECTION('',(0.,0.,1.));
#2273=DIRECTION('',(1.,0.,-0.));
#2274=AXIS2_PLACEMENT_3D('',#2271,#2272,#2273);
#2275=CYLINDRICAL_SURFACE('',#2274,1.65);
#2276=CARTESIAN_POINT('',(317.07205568,243.307073597,2.));
#2277=DIRECTION('',(-0.,-0.,-1.));
#2278=VECTOR('',#2277,2.);
#2279=LINE('',#2276,#2278);
#2280=EDGE_CURVE('',#638,#1067,#2279,.T.);
#2281=ORIENTED_EDGE('',*,*,#2280,.F.);
#2282=ORIENTED_EDGE('',*,*,#644,.T.);
#2283=ORIENTED_EDGE('',*,*,#2280,.T.);
#2284=ORIENTED_EDGE('',*,*,#1073,.F.);
#2285=EDGE_LOOP('',(#2281,#2282,#2283,#2284));
#2286=FACE_BOUND('',#2285,.T.);
#2287=ADVANCED_FACE('',(#2286),#2275,.F.);
#2288=CARTESIAN_POINT('',(425.34523024,293.477957824,-32.077442464));
#2289=DIRECTION('',(0.,0.,1.));
#2290=DIRECTION('',(1.,0.,-0.));
#2291=AXIS2_PLACEMENT_3D('',#2288,#2289,#2290);
#2292=CYLINDRICAL_SURFACE('',#2291,1.65);
#2293=CARTESIAN_POINT('',(426.99523024,293.477957824,2.));
#2294=DIRECTION('',(-0.,-0.,-1.));
#2295=VECTOR('',#2294,2.);
#2296=LINE('',#2293,#2295);
#2297=EDGE_CURVE('',#649,#1056,#2296,.T.);
#2298=ORIENTED_EDGE('',*,*,#2297,.F.);
#2299=ORIENTED_EDGE('',*,*,#655,.T.);
#2300=ORIENTED_EDGE('',*,*,#2297,.T.);
#2301=ORIENTED_EDGE('',*,*,#1062,.F.);
#2302=EDGE_LOOP('',(#2298,#2299,#2300,#2301));
#2303=FACE_BOUND('',#2302,.T.);
#2304=ADVANCED_FACE('',(#2303),#2292,.F.);
#2305=CARTESIAN_POINT('',(284.840571055,322.484361649,-32.077442464));
#2306=DIRECTION('',(0.,0.,1.));
#2307=DIRECTION('',(1.,0.,-0.));
#2308=AXIS2_PLACEMENT_3D('',#2305,#2306,#2307);
#2309=CYLINDRICAL_SURFACE('',#2308,1.6);
#2310=CARTESIAN_POINT('',(286.440571055,322.484361649,2.));
#2311=DIRECTION('',(-0.,-0.,-1.));
#2312=VECTOR('',#2311,2.);
#2313=LINE('',#2310,#2312);
#2314=EDGE_CURVE('',#660,#1045,#2313,.T.);
#2315=ORIENTED_EDGE('',*,*,#2314,.F.);
#2316=ORIENTED_EDGE('',*,*,#666,.T.);
#2317=ORIENTED_EDGE('',*,*,#2314,.T.);
#2318=ORIENTED_EDGE('',*,*,#1051,.F.);
#2319=EDGE_LOOP('',(#2315,#2316,#2317,#2318));
#2320=FACE_BOUND('',#2319,.T.);
#2321=ADVANCED_FACE('',(#2320),#2309,.F.);
#2322=CARTESIAN_POINT('',(382.421306859,302.685371776,-32.077442464));
#2323=DIRECTION('',(0.,0.,1.));
#2324=DIRECTION('',(1.,0.,-0.));
#2325=AXIS2_PLACEMENT_3D('',#2322,#2323,#2324);
#2326=CYLINDRICAL_SURFACE('',#2325,1.6);
#2327=CARTESIAN_POINT('',(384.021306859,302.685371776,2.));
#2328=DIRECTION('',(-0.,-0.,-1.));
#2329=VECTOR('',#2328,2.);
#2330=LINE('',#2327,#2329);
#2331=EDGE_CURVE('',#671,#1034,#2330,.T.);
#2332=ORIENTED_EDGE('',*,*,#2331,.F.);
#2333=ORIENTED_EDGE('',*,*,#677,.T.);
#2334=ORIENTED_EDGE('',*,*,#2331,.T.);
#2335=ORIENTED_EDGE('',*,*,#1040,.F.);
#2336=EDGE_LOOP('',(#2332,#2333,#2334,#2335));
#2337=FACE_BOUND('',#2336,.T.);
#2338=ADVANCED_FACE('',(#2337),#2326,.F.);
#2339=CARTESIAN_POINT('',(343.530433893,263.794498811,-32.077442464));
#2340=DIRECTION('',(0.,0.,1.));
#2341=DIRECTION('',(1.,0.,-0.));
#2342=AXIS2_PLACEMENT_3D('',#2339,#2340,#2341);
#2343=CYLINDRICAL_SURFACE('',#2342,1.6);
#2344=CARTESIAN_POINT('',(345.130433893,263.794498811,2.));
#2345=DIRECTION('',(-0.,-0.,-1.));
#2346=VECTOR('',#2345,2.);
#2347=LINE('',#2344,#2346);
#2348=EDGE_CURVE('',#682,#1023,#2347,.T.);
#2349=ORIENTED_EDGE('',*,*,#2348,.F.);
#2350=ORIENTED_EDGE('',*,*,#688,.T.);
#2351=ORIENTED_EDGE('',*,*,#2348,.T.);
#2352=ORIENTED_EDGE('',*,*,#1029,.F.);
#2353=EDGE_LOOP('',(#2349,#2350,#2351,#2352));
#2354=FACE_BOUND('',#2353,.T.);
#2355=ADVANCED_FACE('',(#2354),#2343,.F.);
#2356=CARTESIAN_POINT('',(376.072371624,244.205099209,-32.077442464));
#2357=DIRECTION('',(0.,0.,1.));
#2358=DIRECTION('',(1.,0.,-0.));
#2359=AXIS2_PLACEMENT_3D('',#2356,#2357,#2358);
#2360=CYLINDRICAL_SURFACE('',#2359,1.65);
#2361=CARTESIAN_POINT('',(377.722371624,244.205099209,2.));
#2362=DIRECTION('',(-0.,-0.,-1.));
#2363=VECTOR('',#2362,2.);
#2364=LINE('',#2361,#2363);
#2365=EDGE_CURVE('',#693,#1012,#2364,.T.);
#2366=ORIENTED_EDGE('',*,*,#2365,.F.);
#2367=ORIENTED_EDGE('',*,*,#699,.T.);
#2368=ORIENTED_EDGE('',*,*,#2365,.T.);
#2369=ORIENTED_EDGE('',*,*,#1018,.F.);
#2370=EDGE_LOOP('',(#2366,#2367,#2368,#2369));
#2371=FACE_BOUND('',#2370,.T.);
#2372=ADVANCED_FACE('',(#2371),#2360,.F.);
#2373=CARTESIAN_POINT('',(425.34523024,355.02629938,-32.077442464));
#2374=DIRECTION('',(0.,0.,1.));
#2375=DIRECTION('',(1.,0.,-0.));
#2376=AXIS2_PLACEMENT_3D('',#2373,#2374,#2375);
#2377=CYLINDRICAL_SURFACE('',#2376,1.65);
#2378=CARTESIAN_POINT('',(426.99523024,355.02629938,2.));
#2379=DIRECTION('',(-0.,-0.,-1.));
#2380=VECTOR('',#2379,2.);
#2381=LINE('',#2378,#2380);
#2382=EDGE_CURVE('',#704,#1001,#2381,.T.);
#2383=ORIENTED_EDGE('',*,*,#2382,.F.);
#2384=ORIENTED_EDGE('',*,*,#710,.T.);
#2385=ORIENTED_EDGE('',*,*,#2382,.T.);
#2386=ORIENTED_EDGE('',*,*,#1007,.F.);
#2387=EDGE_LOOP('',(#2383,#2384,#2385,#2386));
#2388=FACE_BOUND('',#2387,.T.);
#2389=ADVANCED_FACE('',(#2388),#2377,.F.);
#2390=CARTESIAN_POINT('',(314.524030069,404.299157996,-32.077442464));
#2391=DIRECTION('',(0.,0.,1.));
#2392=DIRECTION('',(1.,0.,-0.));
#2393=AXIS2_PLACEMENT_3D('',#2390,#2391,#2392);
#2394=CYLINDRICAL_SURFACE('',#2393,1.65);
#2395=CARTESIAN_POINT('',(316.174030069,404.299157996,2.));
#2396=DIRECTION('',(-0.,-0.,-1.));
#2397=VECTOR('',#2396,2.);
#2398=LINE('',#2395,#2397);
#2399=EDGE_CURVE('',#715,#990,#2398,.T.);
#2400=ORIENTED_EDGE('',*,*,#2399,.F.);
#2401=ORIENTED_EDGE('',*,*,#721,.T.);
#2402=ORIENTED_EDGE('',*,*,#2399,.T.);
#2403=ORIENTED_EDGE('',*,*,#996,.F.);
#2404=EDGE_LOOP('',(#2400,#2401,#2402,#2403));
#2405=FACE_BOUND('',#2404,.T.);
#2406=ADVANCED_FACE('',(#2405),#2394,.F.);
#2407=CLOSED_SHELL('',(#161,#179,#231,#272,#304,#345,#368,#399,#430,#441,#917,#952,#983,#1397,#1414,#1436,#1453,#1475,#1497,#1514,#1526,#1548,#1565,#1582,#1594,#1616,
#1638,#1650,#1662,#1684,#1696,#1713,#1725,#1742,#1754,#1766,#1791,#1816,#1841,#1866,#1883,#1895,#1926,#1950,#1974,#1991,#2003,#2020,#2037,#2054,#2079,
#2091,#2116,#2128,#2153,#2165,#2190,#2202,#2219,#2236,#2253,#2270,#2287,#2304,#2321,#2338,#2355,#2372,#2389,#2406));
#2408=MANIFOLD_SOLID_BREP('\X2\76D87403652F67B6\X0\',#2407);
#2409=COLOUR_RGB('',0.627451003,0.627451003,0.643137276);
#2410=FILL_AREA_STYLE_COLOUR('',#2409);
#2411=FILL_AREA_STYLE('',(#2410));
#2412=SURFACE_STYLE_FILL_AREA(#2411);
#2413=SURFACE_SIDE_STYLE('',(#2412));
#2414=SURFACE_STYLE_USAGE(.BOTH.,#2413);
#2415=PRESENTATION_STYLE_ASSIGNMENT((#2414));
#110=STYLED_ITEM('',(#2415),#2408);
#91=SHAPE_REPRESENTATION('____',(#15),#89);
#92=ADVANCED_BREP_SHAPE_REPRESENTATION('____',(#2408),#89);
#2423=SHAPE_REPRESENTATION_RELATIONSHIP('','',#91,#92);
#2424=CARTESIAN_POINT('',(0.,0.,0.));
#2425=DIRECTION('',(0.,0.,1.));
#2426=DIRECTION('',(1.,0.,0.));
#2427=AXIS2_PLACEMENT_3D('',#2424,#2425,#2426);
#2429=MAPPED_ITEM('',#2428,#2427);
#2428=REPRESENTATION_MAP(#2427,#91);
#2430=APPLICATION_CONTEXT('Managed model based 3d engineering');
#2431=APPLICATION_PROTOCOL_DEFINITION('international standard','ap242_managed_model_based_3d_engineering',2014,#2430);
#2432=PRODUCT_CONTEXT('',#2430,'mechanical');
#2433=PRODUCT_DEFINITION_CONTEXT('part definition',#2430,'design');
#99=PRODUCT('____','____','',(#2432));
#2434=PRODUCT_RELATED_PRODUCT_CATEGORY('part','',(#99));
#2435=PRODUCT_DEFINITION_FORMATION_WITH_SPECIFIED_SOURCE('','',#99,.NOT_KNOWN.);
#100=PRODUCT_DEFINITION('design','',#2435,#2433);
#98=PRODUCT_DEFINITION_SHAPE('','',#100);
#2436=SHAPE_DEFINITION_REPRESENTATION(#98,#91);
#90=DRAUGHTING_MODEL('',(#2429),#89);
#63=SHAPE_REPRESENTATION('\X2\76D8740360AC6302\X0\.stp',(#15,#104),#61);
#2437=CARTESIAN_POINT('',(0.,0.,0.));
#2438=DIRECTION('',(0.,0.,1.));
#2439=DIRECTION('',(1.,0.,0.));
#2440=AXIS2_PLACEMENT_3D('',#2437,#2438,#2439);
#2442=MAPPED_ITEM('',#2441,#2440);
#2441=REPRESENTATION_MAP(#2440,#63);
#71=PRODUCT('\X2\76D8740360AC6302\X0\.stp','\X2\76D8740360AC6302\X0\.stp','',(#2432));
#2443=PRODUCT_RELATED_PRODUCT_CATEGORY('part','',(#71));
#2444=PRODUCT_DEFINITION_FORMATION_WITH_SPECIFIED_SOURCE('','',#71,.NOT_KNOWN.);
#72=PRODUCT_DEFINITION('design','',#2444,#2433);
#70=PRODUCT_DEFINITION_SHAPE('','',#72);
#2445=SHAPE_DEFINITION_REPRESENTATION(#70,#63);
#62=DRAUGHTING_MODEL('',(#2442),#61);
#35=SHAPE_REPRESENTATION('\X2\4E8C697C\X0\.step',(#15,#76),#33);
#2446=CARTESIAN_POINT('',(0.,0.,0.));
#2447=DIRECTION('',(0.,0.,1.));
#2448=DIRECTION('',(1.,0.,0.));
#2449=AXIS2_PLACEMENT_3D('',#2446,#2447,#2448);
#2451=MAPPED_ITEM('',#2450,#2449);
#2450=REPRESENTATION_MAP(#2449,#35);
#43=PRODUCT('\X2\4E8C697C\X0\.step','\X2\4E8C697C\X0\.step','',(#2432));
#2452=PRODUCT_RELATED_PRODUCT_CATEGORY('part','',(#43));
#2453=PRODUCT_DEFINITION_FORMATION_WITH_SPECIFIED_SOURCE('','',#43,.NOT_KNOWN.);
#44=PRODUCT_DEFINITION('design','',#2453,#2433);
#42=PRODUCT_DEFINITION_SHAPE('','',#44);
#2454=SHAPE_DEFINITION_REPRESENTATION(#42,#35);
#34=DRAUGHTING_MODEL('',(#2451),#33);
#16=SHAPE_REPRESENTATION('root',(#15,#48),#10);
#2455=CARTESIAN_POINT('',(0.,0.,0.));
#2456=DIRECTION('',(0.,0.,1.));
#2457=DIRECTION('',(1.,0.,0.));
#2458=AXIS2_PLACEMENT_3D('',#2455,#2456,#2457);
#2460=MAPPED_ITEM('',#2459,#2458);
#2459=REPRESENTATION_MAP(#2458,#16);
#24=PRODUCT('root','root','',(#2432));
#2461=PRODUCT_RELATED_PRODUCT_CATEGORY('part','',(#24));
#2462=PRODUCT_DEFINITION_FORMATION_WITH_SPECIFIED_SOURCE('','',#24,.NOT_KNOWN.);
#25=PRODUCT_DEFINITION('design','',#2462,#2433);
#23=PRODUCT_DEFINITION_SHAPE('','',#25);
#2463=SHAPE_DEFINITION_REPRESENTATION(#23,#16);
#11=DRAUGHTING_MODEL('',(#2460),#10);
#2464=DESCRIPTIVE_REPRESENTATION_ITEM('KEY','/private/var/mobile/Containers/Data/Application/1A2F1CC1-DE3C-4D95-B908-0E143EF96F37/tmp/1999CDB2-B196-4830-AE59-2FD55006A467.tmp');
#2465=PROPERTY_DEFINITION('KEY','',#25);
#2466=REPRESENTATION('',(#2464),#10);
#2467=PROPERTY_DEFINITION_REPRESENTATION(#2465,#2466);
#2468=GENERAL_PROPERTY('','KEY','');
#2469=GENERAL_PROPERTY_ASSOCIATION('','',#2468,#2465);
#1=MECHANICAL_DESIGN_GEOMETRIC_PRESENTATION_REPRESENTATION('',(#169,#180,#232,#273,#305,#346,#369,#400,#431,#442,#110),#10);
ENDSEC;
END-ISO-10303-21;
