ISO-10303-21;
HEADER;
FILE_DESCRIPTION(('STEP AP214'),'1');
FILE_NAME('45mm.stp','2025-06-28T13:03:18',(' '),(' '),'Spatial InterOp 3D',' ',' ');
FILE_SCHEMA(('automotive_design'));
ENDSEC;
DATA;
#1=PRODUCT_DEFINITION_CONTEXT('',#61,'design');
#2=APPLICATION_PROTOCOL_DEFINITION('INTERNATIONAL STANDARD','automotive_design',1994,#61);
#3=PRODUCT_CATEGORY_RELATIONSHIP('NONE','NONE',#62,#63);
#4=SHAPE_DEFINITION_REPRESENTATION(#64,#65);
#5=PRODUCT_DEFINITION_CONTEXT('',#66,'design');
#6=APPLICATION_PROTOCOL_DEFINITION('INTERNATIONAL STANDARD','automotive_design',1994,#66);
#7=PRODUCT_CATEGORY_RELATIONSHIP('NONE','NONE',#67,#68);
#8=CONTEXT_DEPENDENT_SHAPE_REPRESENTATION(#69,#70);
#9=SHAPE_DEFINITION_REPRESENTATION(#71,#72);
#10=SHAPE_REPRESENTATION_RELATIONSHIP('NONE','NONE',#72,#73);
#11=PRODUCT_DEFINITION_CONTEXT('',#74,'design');
#12=APPLICATION_PROTOCOL_DEFINITION('INTERNATIONAL STANDARD','automotive_design',1994,#74);
#13=PRODUCT_CATEGORY_RELATIONSHIP('NONE','NONE',#75,#76);
#14=SHAPE_DEFINITION_REPRESENTATION(#77,#78);
#15=CONTEXT_DEPENDENT_SHAPE_REPRESENTATION(#79,#80);
#16=PRODUCT_DEFINITION_CONTEXT('',#81,'design');
#17=APPLICATION_PROTOCOL_DEFINITION('INTERNATIONAL STANDARD','automotive_design',1994,#81);
#18=PRODUCT_CATEGORY_RELATIONSHIP('NONE','NONE',#82,#83);
#19=CONTEXT_DEPENDENT_SHAPE_REPRESENTATION(#84,#85);
#20=SHAPE_DEFINITION_REPRESENTATION(#86,#87);
#21=SHAPE_REPRESENTATION_RELATIONSHIP('NONE','NONE',#87,#88);
#22=PRODUCT_DEFINITION_CONTEXT('',#89,'design');
#23=APPLICATION_PROTOCOL_DEFINITION('INTERNATIONAL STANDARD','automotive_design',1994,#89);
#24=PRODUCT_CATEGORY_RELATIONSHIP('NONE','NONE',#90,#91);
#25=CONTEXT_DEPENDENT_SHAPE_REPRESENTATION(#92,#93);
#26=SHAPE_DEFINITION_REPRESENTATION(#94,#95);
#27=SHAPE_REPRESENTATION_RELATIONSHIP('NONE','NONE',#95,#96);
#28=PRODUCT_DEFINITION_CONTEXT('',#97,'design');
#29=APPLICATION_PROTOCOL_DEFINITION('INTERNATIONAL STANDARD','automotive_design',1994,#97);
#30=PRODUCT_CATEGORY_RELATIONSHIP('NONE','NONE',#98,#99);
#31=CONTEXT_DEPENDENT_SHAPE_REPRESENTATION(#100,#101);
#32=SHAPE_DEFINITION_REPRESENTATION(#102,#103);
#33=SHAPE_REPRESENTATION_RELATIONSHIP('NONE','NONE',#103,#104);
#34=CONTEXT_DEPENDENT_SHAPE_REPRESENTATION(#105,#106);
#35=CONTEXT_DEPENDENT_SHAPE_REPRESENTATION(#107,#108);
#36=CONTEXT_DEPENDENT_SHAPE_REPRESENTATION(#109,#110);
#37=CONTEXT_DEPENDENT_SHAPE_REPRESENTATION(#111,#112);
#38=CONTEXT_DEPENDENT_SHAPE_REPRESENTATION(#113,#114);
#39=CONTEXT_DEPENDENT_SHAPE_REPRESENTATION(#115,#116);
#40=CONTEXT_DEPENDENT_SHAPE_REPRESENTATION(#117,#118);
#41=CONTEXT_DEPENDENT_SHAPE_REPRESENTATION(#119,#120);
#42=CONTEXT_DEPENDENT_SHAPE_REPRESENTATION(#121,#122);
#43=CONTEXT_DEPENDENT_SHAPE_REPRESENTATION(#123,#124);
#44=CONTEXT_DEPENDENT_SHAPE_REPRESENTATION(#125,#126);
#45=CONTEXT_DEPENDENT_SHAPE_REPRESENTATION(#127,#128);
#46=CONTEXT_DEPENDENT_SHAPE_REPRESENTATION(#129,#130);
#47=CONTEXT_DEPENDENT_SHAPE_REPRESENTATION(#131,#132);
#48=CONTEXT_DEPENDENT_SHAPE_REPRESENTATION(#133,#134);
#49=CONTEXT_DEPENDENT_SHAPE_REPRESENTATION(#135,#136);
#50=CONTEXT_DEPENDENT_SHAPE_REPRESENTATION(#137,#138);
#51=CONTEXT_DEPENDENT_SHAPE_REPRESENTATION(#139,#140);
#52=CONTEXT_DEPENDENT_SHAPE_REPRESENTATION(#141,#142);
#53=CONTEXT_DEPENDENT_SHAPE_REPRESENTATION(#143,#144);
#54=CONTEXT_DEPENDENT_SHAPE_REPRESENTATION(#145,#146);
#55=CONTEXT_DEPENDENT_SHAPE_REPRESENTATION(#147,#148);
#56=MECHANICAL_DESIGN_GEOMETRIC_PRESENTATION_REPRESENTATION(' ',(#149,#150,#151,#152,#153,#154,#155,#156,#157,#158,#159,#160,#161,#162,#163,#164,#165,#166,#167,#168,#169,#170,#171,#172,#173,#174,#175,#176,#177,#178,#179,#180,#181,#182,#183,#184,#185,#186,#187,#188,#189,#190,#191,#192,#193,#194,#195,#196,#197,#198,#199,#200,#201,#202,#203,#204,#205,#206,#207,#208,#209,#210,#211,#212,#213,#214,#215,#216,#217,#218,#219,#220,#221,#222,#223,#224,#225,#226,#227,#228,#229,#230,#231,#232,#233,#234,#235,#236,#237,#238,#239,#240,#241,#242,#243,#244,#245,#246,#247,#248,#249,#250,#251,#252,#253,#254,#255,#256,#257,#258,#259,#260,#261,#262,#263,#264,#265,#266,#267,#268,#269,#270,#271,#272,#273,#274,#275,#276,#277,#278,#279,#280,#281,#282,#283,#284,#285,#286,#287,#288,#289,#290,#291,#292,#293,#294,#295,#296,#297,#298,#299,#300,#301,#302,#303,#304,#305,#306,#307,#308,#309,#310,#311,#312,#313,#314,#315,#316,#317,#318,#319,#320,#321,#322,#323,#324,#325,#326,#327,#328,#329,#330,#331,#332,#333,#334,#335,#336,#337,#338,#339,#340,#341,#342,#343,#344,#345,#346,#347,#348,#349,#350,#351,#352,#353,#354,#355,#356,#357,#358,#359,#360,#361,#362,#363,#364,#365,#366,#367,#368,#369,#370,#371,#372,#373,#374,#375,#376,#377,#378,#379,#380,#381,#382,#383,#384,#385,#386,#387,#388,#389,#390,#391,#392,#393,#394),#57);
#57= (GEOMETRIC_REPRESENTATION_CONTEXT(3)GLOBAL_UNCERTAINTY_ASSIGNED_CONTEXT((#397))GLOBAL_UNIT_ASSIGNED_CONTEXT((#399,#400,#401))REPRESENTATION_CONTEXT('NONE','WORKSPACE'));
#61=APPLICATION_CONTEXT(' ');
#62=PRODUCT_CATEGORY('part','NONE');
#63=PRODUCT_RELATED_PRODUCT_CATEGORY('detail',' ',(#403));
#64=PRODUCT_DEFINITION_SHAPE('NONE','NONE',#404);
#65=SHAPE_REPRESENTATION('__',(#405,#406),#407);
#66=APPLICATION_CONTEXT(' ');
#67=PRODUCT_CATEGORY('part','NONE');
#68=PRODUCT_RELATED_PRODUCT_CATEGORY('detail',' ',(#408));
#69=(REPRESENTATION_RELATIONSHIP('','',#72,#65)REPRESENTATION_RELATIONSHIP_WITH_TRANSFORMATION(#411)SHAPE_REPRESENTATION_RELATIONSHIP());
#70=PRODUCT_DEFINITION_SHAPE('NAUO-PROD-DEF','NAUO-PROD-DEF',#413);
#71=PRODUCT_DEFINITION_SHAPE('NONE','NONE',#414);
#72=SHAPE_REPRESENTATION('\X2\96F64EF6\X0\3',(#405),#407);
#73=ADVANCED_BREP_SHAPE_REPRESENTATION('\X2\96F64EF6\X0\3',(#415),#57);
#74=APPLICATION_CONTEXT(' ');
#75=PRODUCT_CATEGORY('part','NONE');
#76=PRODUCT_RELATED_PRODUCT_CATEGORY('detail',' ',(#416));
#77=PRODUCT_DEFINITION_SHAPE('NONE','NONE',#417);
#78=SHAPE_REPRESENTATION('',(#418,#419,#420,#421,#422,#423,#424,#425,#426,#427,#428,#429,#430,#431,#432,#433,#434,#435,#436,#437,#438,#439,#440,#441,#442,#443,#444),#445);
#79=(REPRESENTATION_RELATIONSHIP('','',#65,#78)REPRESENTATION_RELATIONSHIP_WITH_TRANSFORMATION(#448)SHAPE_REPRESENTATION_RELATIONSHIP());
#80=PRODUCT_DEFINITION_SHAPE('NAUO-PROD-DEF','NAUO-PROD-DEF',#450);
#81=APPLICATION_CONTEXT(' ');
#82=PRODUCT_CATEGORY('part','NONE');
#83=PRODUCT_RELATED_PRODUCT_CATEGORY('detail',' ',(#451));
#84=(REPRESENTATION_RELATIONSHIP('','',#87,#78)REPRESENTATION_RELATIONSHIP_WITH_TRANSFORMATION(#454)SHAPE_REPRESENTATION_RELATIONSHIP());
#85=PRODUCT_DEFINITION_SHAPE('NAUO-PROD-DEF','NAUO-PROD-DEF',#456);
#86=PRODUCT_DEFINITION_SHAPE('NONE','NONE',#457);
#87=SHAPE_REPRESENTATION('\X2\524D7247\X0\',(#418),#445);
#88=ADVANCED_BREP_SHAPE_REPRESENTATION('\X2\524D7247\X0\',(#458),#57);
#89=APPLICATION_CONTEXT(' ');
#90=PRODUCT_CATEGORY('part','NONE');
#91=PRODUCT_RELATED_PRODUCT_CATEGORY('detail',' ',(#459));
#92=(REPRESENTATION_RELATIONSHIP('','',#95,#78)REPRESENTATION_RELATIONSHIP_WITH_TRANSFORMATION(#462)SHAPE_REPRESENTATION_RELATIONSHIP());
#93=PRODUCT_DEFINITION_SHAPE('NAUO-PROD-DEF','NAUO-PROD-DEF',#464);
#94=PRODUCT_DEFINITION_SHAPE('NONE','NONE',#465);
#95=SHAPE_REPRESENTATION('\X2\5C0F8F6E\X0\',(#418),#445);
#96=ADVANCED_BREP_SHAPE_REPRESENTATION('\X2\5C0F8F6E\X0\',(#466),#57);
#97=APPLICATION_CONTEXT(' ');
#98=PRODUCT_CATEGORY('part','NONE');
#99=PRODUCT_RELATED_PRODUCT_CATEGORY('detail',' ',(#467));
#100=(REPRESENTATION_RELATIONSHIP('','',#103,#78)REPRESENTATION_RELATIONSHIP_WITH_TRANSFORMATION(#470)SHAPE_REPRESENTATION_RELATIONSHIP());
#101=PRODUCT_DEFINITION_SHAPE('NAUO-PROD-DEF','NAUO-PROD-DEF',#472);
#102=PRODUCT_DEFINITION_SHAPE('NONE','NONE',#473);
#103=SHAPE_REPRESENTATION('\X2\80F65708\X0\',(#418),#445);
#104=ADVANCED_BREP_SHAPE_REPRESENTATION('\X2\80F65708\X0\',(#474),#57);
#105=(REPRESENTATION_RELATIONSHIP('','',#103,#78)REPRESENTATION_RELATIONSHIP_WITH_TRANSFORMATION(#477)SHAPE_REPRESENTATION_RELATIONSHIP());
#106=PRODUCT_DEFINITION_SHAPE('NAUO-PROD-DEF','NAUO-PROD-DEF',#479);
#107=(REPRESENTATION_RELATIONSHIP('','',#95,#78)REPRESENTATION_RELATIONSHIP_WITH_TRANSFORMATION(#482)SHAPE_REPRESENTATION_RELATIONSHIP());
#108=PRODUCT_DEFINITION_SHAPE('NAUO-PROD-DEF','NAUO-PROD-DEF',#484);
#109=(REPRESENTATION_RELATIONSHIP('','',#103,#78)REPRESENTATION_RELATIONSHIP_WITH_TRANSFORMATION(#487)SHAPE_REPRESENTATION_RELATIONSHIP());
#110=PRODUCT_DEFINITION_SHAPE('NAUO-PROD-DEF','NAUO-PROD-DEF',#489);
#111=(REPRESENTATION_RELATIONSHIP('','',#95,#78)REPRESENTATION_RELATIONSHIP_WITH_TRANSFORMATION(#492)SHAPE_REPRESENTATION_RELATIONSHIP());
#112=PRODUCT_DEFINITION_SHAPE('NAUO-PROD-DEF','NAUO-PROD-DEF',#494);
#113=(REPRESENTATION_RELATIONSHIP('','',#103,#78)REPRESENTATION_RELATIONSHIP_WITH_TRANSFORMATION(#497)SHAPE_REPRESENTATION_RELATIONSHIP());
#114=PRODUCT_DEFINITION_SHAPE('NAUO-PROD-DEF','NAUO-PROD-DEF',#499);
#115=(REPRESENTATION_RELATIONSHIP('','',#95,#78)REPRESENTATION_RELATIONSHIP_WITH_TRANSFORMATION(#502)SHAPE_REPRESENTATION_RELATIONSHIP());
#116=PRODUCT_DEFINITION_SHAPE('NAUO-PROD-DEF','NAUO-PROD-DEF',#504);
#117=(REPRESENTATION_RELATIONSHIP('','',#103,#78)REPRESENTATION_RELATIONSHIP_WITH_TRANSFORMATION(#507)SHAPE_REPRESENTATION_RELATIONSHIP());
#118=PRODUCT_DEFINITION_SHAPE('NAUO-PROD-DEF','NAUO-PROD-DEF',#509);
#119=(REPRESENTATION_RELATIONSHIP('','',#95,#78)REPRESENTATION_RELATIONSHIP_WITH_TRANSFORMATION(#512)SHAPE_REPRESENTATION_RELATIONSHIP());
#120=PRODUCT_DEFINITION_SHAPE('NAUO-PROD-DEF','NAUO-PROD-DEF',#514);
#121=(REPRESENTATION_RELATIONSHIP('','',#103,#78)REPRESENTATION_RELATIONSHIP_WITH_TRANSFORMATION(#517)SHAPE_REPRESENTATION_RELATIONSHIP());
#122=PRODUCT_DEFINITION_SHAPE('NAUO-PROD-DEF','NAUO-PROD-DEF',#519);
#123=(REPRESENTATION_RELATIONSHIP('','',#95,#78)REPRESENTATION_RELATIONSHIP_WITH_TRANSFORMATION(#522)SHAPE_REPRESENTATION_RELATIONSHIP());
#124=PRODUCT_DEFINITION_SHAPE('NAUO-PROD-DEF','NAUO-PROD-DEF',#524);
#125=(REPRESENTATION_RELATIONSHIP('','',#103,#78)REPRESENTATION_RELATIONSHIP_WITH_TRANSFORMATION(#527)SHAPE_REPRESENTATION_RELATIONSHIP());
#126=PRODUCT_DEFINITION_SHAPE('NAUO-PROD-DEF','NAUO-PROD-DEF',#529);
#127=(REPRESENTATION_RELATIONSHIP('','',#95,#78)REPRESENTATION_RELATIONSHIP_WITH_TRANSFORMATION(#532)SHAPE_REPRESENTATION_RELATIONSHIP());
#128=PRODUCT_DEFINITION_SHAPE('NAUO-PROD-DEF','NAUO-PROD-DEF',#534);
#129=(REPRESENTATION_RELATIONSHIP('','',#103,#78)REPRESENTATION_RELATIONSHIP_WITH_TRANSFORMATION(#537)SHAPE_REPRESENTATION_RELATIONSHIP());
#130=PRODUCT_DEFINITION_SHAPE('NAUO-PROD-DEF','NAUO-PROD-DEF',#539);
#131=(REPRESENTATION_RELATIONSHIP('','',#95,#78)REPRESENTATION_RELATIONSHIP_WITH_TRANSFORMATION(#542)SHAPE_REPRESENTATION_RELATIONSHIP());
#132=PRODUCT_DEFINITION_SHAPE('NAUO-PROD-DEF','NAUO-PROD-DEF',#544);
#133=(REPRESENTATION_RELATIONSHIP('','',#103,#78)REPRESENTATION_RELATIONSHIP_WITH_TRANSFORMATION(#547)SHAPE_REPRESENTATION_RELATIONSHIP());
#134=PRODUCT_DEFINITION_SHAPE('NAUO-PROD-DEF','NAUO-PROD-DEF',#549);
#135=(REPRESENTATION_RELATIONSHIP('','',#95,#78)REPRESENTATION_RELATIONSHIP_WITH_TRANSFORMATION(#552)SHAPE_REPRESENTATION_RELATIONSHIP());
#136=PRODUCT_DEFINITION_SHAPE('NAUO-PROD-DEF','NAUO-PROD-DEF',#554);
#137=(REPRESENTATION_RELATIONSHIP('','',#103,#78)REPRESENTATION_RELATIONSHIP_WITH_TRANSFORMATION(#557)SHAPE_REPRESENTATION_RELATIONSHIP());
#138=PRODUCT_DEFINITION_SHAPE('NAUO-PROD-DEF','NAUO-PROD-DEF',#559);
#139=(REPRESENTATION_RELATIONSHIP('','',#95,#78)REPRESENTATION_RELATIONSHIP_WITH_TRANSFORMATION(#562)SHAPE_REPRESENTATION_RELATIONSHIP());
#140=PRODUCT_DEFINITION_SHAPE('NAUO-PROD-DEF','NAUO-PROD-DEF',#564);
#141=(REPRESENTATION_RELATIONSHIP('','',#103,#78)REPRESENTATION_RELATIONSHIP_WITH_TRANSFORMATION(#567)SHAPE_REPRESENTATION_RELATIONSHIP());
#142=PRODUCT_DEFINITION_SHAPE('NAUO-PROD-DEF','NAUO-PROD-DEF',#569);
#143=(REPRESENTATION_RELATIONSHIP('','',#95,#78)REPRESENTATION_RELATIONSHIP_WITH_TRANSFORMATION(#572)SHAPE_REPRESENTATION_RELATIONSHIP());
#144=PRODUCT_DEFINITION_SHAPE('NAUO-PROD-DEF','NAUO-PROD-DEF',#574);
#145=(REPRESENTATION_RELATIONSHIP('','',#103,#78)REPRESENTATION_RELATIONSHIP_WITH_TRANSFORMATION(#577)SHAPE_REPRESENTATION_RELATIONSHIP());
#146=PRODUCT_DEFINITION_SHAPE('NAUO-PROD-DEF','NAUO-PROD-DEF',#579);
#147=(REPRESENTATION_RELATIONSHIP('','',#95,#78)REPRESENTATION_RELATIONSHIP_WITH_TRANSFORMATION(#582)SHAPE_REPRESENTATION_RELATIONSHIP());
#148=PRODUCT_DEFINITION_SHAPE('NAUO-PROD-DEF','NAUO-PROD-DEF',#584);
#149=STYLED_ITEM('',(#585),#586);
#150=STYLED_ITEM('',(#587),#588);
#151=STYLED_ITEM('',(#589),#590);
#152=STYLED_ITEM('',(#591),#592);
#153=STYLED_ITEM('',(#593),#594);
#154=STYLED_ITEM('',(#595),#596);
#155=STYLED_ITEM('',(#597),#598);
#156=STYLED_ITEM('',(#599),#600);
#157=STYLED_ITEM('',(#601),#602);
#158=STYLED_ITEM('',(#603),#604);
#159=STYLED_ITEM('',(#605),#606);
#160=STYLED_ITEM('',(#607),#608);
#161=STYLED_ITEM('',(#609),#610);
#162=STYLED_ITEM('',(#611),#612);
#163=STYLED_ITEM('',(#613),#614);
#164=STYLED_ITEM('',(#615),#616);
#165=STYLED_ITEM('',(#617),#618);
#166=STYLED_ITEM('',(#619),#620);
#167=STYLED_ITEM('',(#621),#622);
#168=STYLED_ITEM('',(#623),#624);
#169=STYLED_ITEM('',(#625),#626);
#170=STYLED_ITEM('',(#627),#628);
#171=STYLED_ITEM('',(#629),#630);
#172=STYLED_ITEM('',(#631),#632);
#173=STYLED_ITEM('',(#633),#634);
#174=STYLED_ITEM('',(#635),#636);
#175=STYLED_ITEM('',(#637),#638);
#176=STYLED_ITEM('',(#639),#640);
#177=STYLED_ITEM('',(#641),#642);
#178=STYLED_ITEM('',(#643),#644);
#179=STYLED_ITEM('',(#645),#646);
#180=STYLED_ITEM('',(#647),#648);
#181=STYLED_ITEM('',(#649),#650);
#182=STYLED_ITEM('',(#651),#652);
#183=STYLED_ITEM('',(#653),#654);
#184=STYLED_ITEM('',(#655),#656);
#185=STYLED_ITEM('',(#657),#658);
#186=STYLED_ITEM('',(#659),#660);
#187=STYLED_ITEM('',(#661),#662);
#188=STYLED_ITEM('',(#663),#664);
#189=STYLED_ITEM('',(#665),#666);
#190=STYLED_ITEM('',(#667),#668);
#191=STYLED_ITEM('',(#669),#670);
#192=STYLED_ITEM('',(#671),#672);
#193=STYLED_ITEM('',(#673),#674);
#194=STYLED_ITEM('',(#675),#676);
#195=STYLED_ITEM('',(#677),#678);
#196=STYLED_ITEM('',(#679),#680);
#197=STYLED_ITEM('',(#681),#682);
#198=STYLED_ITEM('',(#683),#684);
#199=STYLED_ITEM('',(#685),#686);
#200=STYLED_ITEM('',(#687),#688);
#201=STYLED_ITEM('',(#689),#690);
#202=STYLED_ITEM('',(#691),#692);
#203=STYLED_ITEM('',(#693),#694);
#204=STYLED_ITEM('',(#695),#696);
#205=STYLED_ITEM('',(#697),#698);
#206=STYLED_ITEM('',(#699),#700);
#207=STYLED_ITEM('',(#701),#702);
#208=STYLED_ITEM('',(#703),#704);
#209=STYLED_ITEM('',(#705),#706);
#210=STYLED_ITEM('',(#707),#708);
#211=STYLED_ITEM('',(#709),#710);
#212=STYLED_ITEM('',(#711),#712);
#213=STYLED_ITEM('',(#713),#714);
#214=STYLED_ITEM('',(#715),#716);
#215=STYLED_ITEM('',(#717),#718);
#216=STYLED_ITEM('',(#719),#720);
#217=STYLED_ITEM('',(#721),#722);
#218=STYLED_ITEM('',(#723),#724);
#219=STYLED_ITEM('',(#725),#726);
#220=STYLED_ITEM('',(#727),#728);
#221=STYLED_ITEM('',(#729),#730);
#222=STYLED_ITEM('',(#731),#732);
#223=STYLED_ITEM('',(#733),#734);
#224=STYLED_ITEM('',(#735),#736);
#225=STYLED_ITEM('',(#737),#738);
#226=STYLED_ITEM('',(#739),#740);
#227=STYLED_ITEM('',(#741),#742);
#228=STYLED_ITEM('',(#743),#744);
#229=STYLED_ITEM('',(#745),#746);
#230=STYLED_ITEM('',(#747),#748);
#231=STYLED_ITEM('',(#749),#750);
#232=STYLED_ITEM('',(#751),#752);
#233=STYLED_ITEM('',(#753),#754);
#234=STYLED_ITEM('',(#755),#756);
#235=STYLED_ITEM('',(#757),#758);
#236=STYLED_ITEM('',(#759),#760);
#237=STYLED_ITEM('',(#761),#762);
#238=STYLED_ITEM('',(#763),#764);
#239=STYLED_ITEM('',(#765),#766);
#240=STYLED_ITEM('',(#767),#768);
#241=STYLED_ITEM('',(#769),#770);
#242=STYLED_ITEM('',(#771),#772);
#243=STYLED_ITEM('',(#773),#774);
#244=STYLED_ITEM('',(#775),#776);
#245=STYLED_ITEM('',(#777),#778);
#246=STYLED_ITEM('',(#779),#780);
#247=STYLED_ITEM('',(#781),#782);
#248=STYLED_ITEM('',(#783),#784);
#249=STYLED_ITEM('',(#785),#786);
#250=STYLED_ITEM('',(#787),#788);
#251=STYLED_ITEM('',(#789),#790);
#252=STYLED_ITEM('',(#791),#792);
#253=STYLED_ITEM('',(#793),#794);
#254=STYLED_ITEM('',(#795),#796);
#255=STYLED_ITEM('',(#797),#798);
#256=STYLED_ITEM('',(#799),#800);
#257=STYLED_ITEM('',(#801),#802);
#258=STYLED_ITEM('',(#803),#804);
#259=STYLED_ITEM('',(#805),#806);
#260=STYLED_ITEM('',(#807),#808);
#261=STYLED_ITEM('',(#809),#810);
#262=STYLED_ITEM('',(#811),#812);
#263=STYLED_ITEM('',(#813),#814);
#264=STYLED_ITEM('',(#815),#816);
#265=STYLED_ITEM('',(#817),#818);
#266=STYLED_ITEM('',(#819),#820);
#267=STYLED_ITEM('',(#821),#822);
#268=STYLED_ITEM('',(#823),#824);
#269=STYLED_ITEM('',(#825),#826);
#270=STYLED_ITEM('',(#827),#828);
#271=STYLED_ITEM('',(#829),#830);
#272=STYLED_ITEM('',(#831),#832);
#273=STYLED_ITEM('',(#833),#834);
#274=STYLED_ITEM('',(#835),#836);
#275=STYLED_ITEM('',(#837),#838);
#276=STYLED_ITEM('',(#839),#840);
#277=STYLED_ITEM('',(#841),#842);
#278=STYLED_ITEM('',(#843),#844);
#279=STYLED_ITEM('',(#845),#846);
#280=STYLED_ITEM('',(#847),#848);
#281=STYLED_ITEM('',(#849),#850);
#282=STYLED_ITEM('',(#851),#852);
#283=STYLED_ITEM('',(#853),#854);
#284=STYLED_ITEM('',(#855),#856);
#285=STYLED_ITEM('',(#857),#858);
#286=STYLED_ITEM('',(#859),#860);
#287=STYLED_ITEM('',(#861),#862);
#288=STYLED_ITEM('',(#863),#864);
#289=STYLED_ITEM('',(#865),#866);
#290=STYLED_ITEM('',(#867),#868);
#291=STYLED_ITEM('',(#869),#870);
#292=STYLED_ITEM('',(#871),#872);
#293=STYLED_ITEM('',(#873),#874);
#294=STYLED_ITEM('',(#875),#876);
#295=STYLED_ITEM('',(#877),#878);
#296=STYLED_ITEM('',(#879),#880);
#297=STYLED_ITEM('',(#881),#882);
#298=STYLED_ITEM('',(#883),#884);
#299=STYLED_ITEM('',(#885),#886);
#300=STYLED_ITEM('',(#887),#888);
#301=STYLED_ITEM('',(#889),#890);
#302=STYLED_ITEM('',(#891),#892);
#303=STYLED_ITEM('',(#893),#894);
#304=STYLED_ITEM('',(#895),#896);
#305=STYLED_ITEM('',(#897),#898);
#306=STYLED_ITEM('',(#899),#900);
#307=STYLED_ITEM('',(#901),#902);
#308=STYLED_ITEM('',(#903),#904);
#309=STYLED_ITEM('',(#905),#906);
#310=STYLED_ITEM('',(#907),#908);
#311=STYLED_ITEM('',(#909),#910);
#312=STYLED_ITEM('',(#911),#912);
#313=STYLED_ITEM('',(#913),#914);
#314=STYLED_ITEM('',(#915),#916);
#315=STYLED_ITEM('',(#917),#918);
#316=STYLED_ITEM('',(#919),#920);
#317=STYLED_ITEM('',(#921),#922);
#318=STYLED_ITEM('',(#923),#924);
#319=STYLED_ITEM('',(#925),#926);
#320=STYLED_ITEM('',(#927),#928);
#321=STYLED_ITEM('',(#929),#930);
#322=STYLED_ITEM('',(#931),#932);
#323=STYLED_ITEM('',(#933),#934);
#324=STYLED_ITEM('',(#935),#936);
#325=STYLED_ITEM('',(#937),#938);
#326=STYLED_ITEM('',(#939),#940);
#327=STYLED_ITEM('',(#941),#942);
#328=STYLED_ITEM('',(#943),#944);
#329=STYLED_ITEM('',(#945),#946);
#330=STYLED_ITEM('',(#947),#948);
#331=STYLED_ITEM('',(#949),#950);
#332=STYLED_ITEM('',(#951),#952);
#333=STYLED_ITEM('',(#953),#954);
#334=STYLED_ITEM('',(#955),#956);
#335=STYLED_ITEM('',(#957),#958);
#336=STYLED_ITEM('',(#959),#960);
#337=STYLED_ITEM('',(#961),#962);
#338=STYLED_ITEM('',(#963),#964);
#339=STYLED_ITEM('',(#965),#966);
#340=STYLED_ITEM('',(#967),#968);
#341=STYLED_ITEM('',(#969),#970);
#342=STYLED_ITEM('',(#971),#972);
#343=STYLED_ITEM('',(#973),#974);
#344=STYLED_ITEM('',(#975),#976);
#345=STYLED_ITEM('',(#977),#978);
#346=STYLED_ITEM('',(#979),#980);
#347=STYLED_ITEM('',(#981),#982);
#348=STYLED_ITEM('',(#983),#984);
#349=STYLED_ITEM('',(#985),#986);
#350=STYLED_ITEM('',(#987),#988);
#351=STYLED_ITEM('',(#989),#990);
#352=STYLED_ITEM('',(#991),#992);
#353=STYLED_ITEM('',(#993),#994);
#354=STYLED_ITEM('',(#995),#996);
#355=STYLED_ITEM('',(#997),#998);
#356=STYLED_ITEM('',(#999),#1000);
#357=STYLED_ITEM('',(#1001),#1002);
#358=STYLED_ITEM('',(#1003),#1004);
#359=STYLED_ITEM('',(#1005),#1006);
#360=STYLED_ITEM('',(#1007),#1008);
#361=STYLED_ITEM('',(#1009),#1010);
#362=STYLED_ITEM('',(#1011),#1012);
#363=STYLED_ITEM('',(#1013),#1014);
#364=STYLED_ITEM('',(#1015),#1016);
#365=STYLED_ITEM('',(#1017),#1018);
#366=STYLED_ITEM('',(#1019),#1020);
#367=STYLED_ITEM('',(#1021),#1022);
#368=STYLED_ITEM('',(#1023),#1024);
#369=STYLED_ITEM('',(#1025),#1026);
#370=STYLED_ITEM('',(#1027),#1028);
#371=STYLED_ITEM('',(#1029),#1030);
#372=STYLED_ITEM('',(#1031),#1032);
#373=STYLED_ITEM('',(#1033),#1034);
#374=STYLED_ITEM('',(#1035),#1036);
#375=STYLED_ITEM('',(#1037),#1038);
#376=STYLED_ITEM('',(#1039),#1040);
#377=STYLED_ITEM('',(#1041),#1042);
#378=STYLED_ITEM('',(#1043),#1044);
#379=STYLED_ITEM('',(#1045),#1046);
#380=STYLED_ITEM('',(#1047),#1048);
#381=STYLED_ITEM('',(#1049),#1050);
#382=STYLED_ITEM('',(#1051),#1052);
#383=STYLED_ITEM('',(#1053),#1054);
#384=STYLED_ITEM('',(#1055),#1056);
#385=STYLED_ITEM('',(#1057),#1058);
#386=STYLED_ITEM('',(#1059),#1060);
#387=STYLED_ITEM('',(#1061),#1062);
#388=STYLED_ITEM('',(#1063),#1064);
#389=STYLED_ITEM('',(#1065),#1066);
#390=STYLED_ITEM('',(#1067),#1068);
#391=STYLED_ITEM('',(#1069),#1070);
#392=STYLED_ITEM('',(#1071),#1072);
#393=STYLED_ITEM('',(#1073),#1074);
#394=STYLED_ITEM('',(#1075),#1076);
#397=UNCERTAINTY_MEASURE_WITH_UNIT(LENGTH_MEASURE(0.001),#399,'','');
#399= (CONVERSION_BASED_UNIT('MILLIMETRE',#1079)LENGTH_UNIT()NAMED_UNIT(#1082));
#400= (NAMED_UNIT(#1084)PLANE_ANGLE_UNIT()SI_UNIT($,.RADIAN.));
#401= (NAMED_UNIT(#1084)SOLID_ANGLE_UNIT()SI_UNIT($,.STERADIAN.));
#403=PRODUCT('__','__','PART-__-DESC',(#1090));
#404=PRODUCT_DEFINITION('__','__',#1091,#1);
#405=AXIS2_PLACEMENT_3D('',#1092,#1093,#1094);
#406=AXIS2_PLACEMENT_3D('',#1095,#1096,#1097);
#407= (GEOMETRIC_REPRESENTATION_CONTEXT(3)GLOBAL_UNCERTAINTY_ASSIGNED_CONTEXT((#1100))GLOBAL_UNIT_ASSIGNED_CONTEXT((#1102,#1103,#1104))REPRESENTATION_CONTEXT('NONE','WORKSPACE'));
#408=PRODUCT('\X2\96F64EF6\X0\3','\X2\96F64EF6\X0\3','PART-\X2\96F64EF6\X0\3-DESC',(#1106));
#411=ITEM_DEFINED_TRANSFORMATION('','',#405,#406);
#413=NEXT_ASSEMBLY_USAGE_OCCURRENCE('__3','__3','__3',#404,#414,$);
#414=PRODUCT_DEFINITION('\X2\96F64EF6\X0\3','\X2\96F64EF6\X0\3',#1107,#5);
#415=MANIFOLD_SOLID_BREP('\X2\96F64EF6\X0\3',#1108);
#416=PRODUCT('','','PART--DESC',(#1109));
#417=PRODUCT_DEFINITION('NONE','NONE',#1110,#11);
#418=AXIS2_PLACEMENT_3D('',#1111,#1112,#1113);
#419=AXIS2_PLACEMENT_3D('',#1114,#1115,#1116);
#420=AXIS2_PLACEMENT_3D('',#1117,#1118,#1119);
#421=AXIS2_PLACEMENT_3D('',#1120,#1121,#1122);
#422=AXIS2_PLACEMENT_3D('',#1123,#1124,#1125);
#423=AXIS2_PLACEMENT_3D('',#1126,#1127,#1128);
#424=AXIS2_PLACEMENT_3D('',#1129,#1130,#1131);
#425=AXIS2_PLACEMENT_3D('',#1132,#1133,#1134);
#426=AXIS2_PLACEMENT_3D('',#1135,#1136,#1137);
#427=AXIS2_PLACEMENT_3D('',#1138,#1139,#1140);
#428=AXIS2_PLACEMENT_3D('',#1141,#1142,#1143);
#429=AXIS2_PLACEMENT_3D('',#1144,#1145,#1146);
#430=AXIS2_PLACEMENT_3D('',#1147,#1148,#1149);
#431=AXIS2_PLACEMENT_3D('',#1150,#1151,#1152);
#432=AXIS2_PLACEMENT_3D('',#1153,#1154,#1155);
#433=AXIS2_PLACEMENT_3D('',#1156,#1157,#1158);
#434=AXIS2_PLACEMENT_3D('',#1159,#1160,#1161);
#435=AXIS2_PLACEMENT_3D('',#1162,#1163,#1164);
#436=AXIS2_PLACEMENT_3D('',#1165,#1166,#1167);
#437=AXIS2_PLACEMENT_3D('',#1168,#1169,#1170);
#438=AXIS2_PLACEMENT_3D('',#1171,#1172,#1173);
#439=AXIS2_PLACEMENT_3D('',#1174,#1175,#1176);
#440=AXIS2_PLACEMENT_3D('',#1177,#1178,#1179);
#441=AXIS2_PLACEMENT_3D('',#1180,#1181,#1182);
#442=AXIS2_PLACEMENT_3D('',#1183,#1184,#1185);
#443=AXIS2_PLACEMENT_3D('',#1186,#1187,#1188);
#444=AXIS2_PLACEMENT_3D('',#1189,#1190,#1191);
#445= (GEOMETRIC_REPRESENTATION_CONTEXT(3)GLOBAL_UNCERTAINTY_ASSIGNED_CONTEXT((#1194))GLOBAL_UNIT_ASSIGNED_CONTEXT((#1196,#1197,#1198))REPRESENTATION_CONTEXT('NONE','WORKSPACE'));
#448=ITEM_DEFINED_TRANSFORMATION('','',#405,#419);
#450=NEXT_ASSEMBLY_USAGE_OCCURRENCE('__','__','__',#417,#404,$);
#451=PRODUCT('\X2\524D7247\X0\','\X2\524D7247\X0\','PART-\X2\524D7247\X0\-DESC',(#1200));
#454=ITEM_DEFINED_TRANSFORMATION('','',#418,#420);
#456=NEXT_ASSEMBLY_USAGE_OCCURRENCE('__','__','__',#417,#457,$);
#457=PRODUCT_DEFINITION('\X2\524D7247\X0\','\X2\524D7247\X0\',#1201,#16);
#458=MANIFOLD_SOLID_BREP('\X2\524D7247\X0\',#1202);
#459=PRODUCT('\X2\5C0F8F6E\X0\','\X2\5C0F8F6E\X0\','PART-\X2\5C0F8F6E\X0\-DESC',(#1203));
#462=ITEM_DEFINED_TRANSFORMATION('','',#418,#421);
#464=NEXT_ASSEMBLY_USAGE_OCCURRENCE('__','__','__',#417,#465,$);
#465=PRODUCT_DEFINITION('\X2\5C0F8F6E\X0\','\X2\5C0F8F6E\X0\',#1204,#22);
#466=MANIFOLD_SOLID_BREP('\X2\5C0F8F6E\X0\',#1205);
#467=PRODUCT('\X2\80F65708\X0\','\X2\80F65708\X0\','PART-\X2\80F65708\X0\-DESC',(#1206));
#470=ITEM_DEFINED_TRANSFORMATION('','',#418,#422);
#472=NEXT_ASSEMBLY_USAGE_OCCURRENCE('__','__','__',#417,#473,$);
#473=PRODUCT_DEFINITION('\X2\80F65708\X0\','\X2\80F65708\X0\',#1207,#28);
#474=MANIFOLD_SOLID_BREP('\X2\80F65708\X0\',#1208);
#477=ITEM_DEFINED_TRANSFORMATION('','',#418,#423);
#479=NEXT_ASSEMBLY_USAGE_OCCURRENCE('__','__','__',#417,#473,$);
#482=ITEM_DEFINED_TRANSFORMATION('','',#418,#424);
#484=NEXT_ASSEMBLY_USAGE_OCCURRENCE('__','__','__',#417,#465,$);
#487=ITEM_DEFINED_TRANSFORMATION('','',#418,#425);
#489=NEXT_ASSEMBLY_USAGE_OCCURRENCE('__','__','__',#417,#473,$);
#492=ITEM_DEFINED_TRANSFORMATION('','',#418,#426);
#494=NEXT_ASSEMBLY_USAGE_OCCURRENCE('__','__','__',#417,#465,$);
#497=ITEM_DEFINED_TRANSFORMATION('','',#418,#427);
#499=NEXT_ASSEMBLY_USAGE_OCCURRENCE('__','__','__',#417,#473,$);
#502=ITEM_DEFINED_TRANSFORMATION('','',#418,#428);
#504=NEXT_ASSEMBLY_USAGE_OCCURRENCE('__','__','__',#417,#465,$);
#507=ITEM_DEFINED_TRANSFORMATION('','',#418,#429);
#509=NEXT_ASSEMBLY_USAGE_OCCURRENCE('__','__','__',#417,#473,$);
#512=ITEM_DEFINED_TRANSFORMATION('','',#418,#430);
#514=NEXT_ASSEMBLY_USAGE_OCCURRENCE('__','__','__',#417,#465,$);
#517=ITEM_DEFINED_TRANSFORMATION('','',#418,#431);
#519=NEXT_ASSEMBLY_USAGE_OCCURRENCE('__','__','__',#417,#473,$);
#522=ITEM_DEFINED_TRANSFORMATION('','',#418,#432);
#524=NEXT_ASSEMBLY_USAGE_OCCURRENCE('__','__','__',#417,#465,$);
#527=ITEM_DEFINED_TRANSFORMATION('','',#418,#433);
#529=NEXT_ASSEMBLY_USAGE_OCCURRENCE('__','__','__',#417,#473,$);
#532=ITEM_DEFINED_TRANSFORMATION('','',#418,#434);
#534=NEXT_ASSEMBLY_USAGE_OCCURRENCE('__','__','__',#417,#465,$);
#537=ITEM_DEFINED_TRANSFORMATION('','',#418,#435);
#539=NEXT_ASSEMBLY_USAGE_OCCURRENCE('__','__','__',#417,#473,$);
#542=ITEM_DEFINED_TRANSFORMATION('','',#418,#436);
#544=NEXT_ASSEMBLY_USAGE_OCCURRENCE('__','__','__',#417,#465,$);
#547=ITEM_DEFINED_TRANSFORMATION('','',#418,#437);
#549=NEXT_ASSEMBLY_USAGE_OCCURRENCE('__','__','__',#417,#473,$);
#552=ITEM_DEFINED_TRANSFORMATION('','',#418,#438);
#554=NEXT_ASSEMBLY_USAGE_OCCURRENCE('__','__','__',#417,#465,$);
#557=ITEM_DEFINED_TRANSFORMATION('','',#418,#439);
#559=NEXT_ASSEMBLY_USAGE_OCCURRENCE('__','__','__',#417,#473,$);
#562=ITEM_DEFINED_TRANSFORMATION('','',#418,#440);
#564=NEXT_ASSEMBLY_USAGE_OCCURRENCE('__','__','__',#417,#465,$);
#567=ITEM_DEFINED_TRANSFORMATION('','',#418,#441);
#569=NEXT_ASSEMBLY_USAGE_OCCURRENCE('__','__','__',#417,#473,$);
#572=ITEM_DEFINED_TRANSFORMATION('','',#418,#442);
#574=NEXT_ASSEMBLY_USAGE_OCCURRENCE('__','__','__',#417,#465,$);
#577=ITEM_DEFINED_TRANSFORMATION('','',#418,#443);
#579=NEXT_ASSEMBLY_USAGE_OCCURRENCE('__','__','__',#417,#473,$);
#582=ITEM_DEFINED_TRANSFORMATION('','',#418,#444);
#584=NEXT_ASSEMBLY_USAGE_OCCURRENCE('__','__','__',#417,#465,$);
#585=PRESENTATION_STYLE_ASSIGNMENT((#1209));
#586=ADVANCED_FACE('',(#1210),#1211,.T.);
#587=PRESENTATION_STYLE_ASSIGNMENT((#1212));
#588=ADVANCED_FACE('',(#1213,#1214),#1215,.F.);
#589=PRESENTATION_STYLE_ASSIGNMENT((#1216));
#590=ADVANCED_FACE('',(#1217,#1218),#1219,.F.);
#591=PRESENTATION_STYLE_ASSIGNMENT((#1220));
#592=ADVANCED_FACE('',(#1221),#1222,.T.);
#593=PRESENTATION_STYLE_ASSIGNMENT((#1223));
#594=ADVANCED_FACE('',(#1224),#1225,.T.);
#595=PRESENTATION_STYLE_ASSIGNMENT((#1226));
#596=ADVANCED_FACE('',(#1227),#1228,.T.);
#597=PRESENTATION_STYLE_ASSIGNMENT((#1229));
#598=ADVANCED_FACE('',(#1230),#1231,.T.);
#599=PRESENTATION_STYLE_ASSIGNMENT((#1232));
#600=ADVANCED_FACE('',(#1233),#1234,.T.);
#601=PRESENTATION_STYLE_ASSIGNMENT((#1235));
#602=ADVANCED_FACE('',(#1236),#1237,.T.);
#603=PRESENTATION_STYLE_ASSIGNMENT((#1238));
#604=ADVANCED_FACE('',(#1239,#1240),#1241,.F.);
#605=PRESENTATION_STYLE_ASSIGNMENT((#1242));
#606=ADVANCED_FACE('',(#1243,#1244),#1245,.F.);
#607=PRESENTATION_STYLE_ASSIGNMENT((#1246));
#608=ADVANCED_FACE('',(#1247),#1248,.T.);
#609=PRESENTATION_STYLE_ASSIGNMENT((#1249));
#610=ADVANCED_FACE('',(#1250),#1251,.T.);
#611=PRESENTATION_STYLE_ASSIGNMENT((#1252));
#612=ADVANCED_FACE('',(#1253),#1254,.T.);
#613=PRESENTATION_STYLE_ASSIGNMENT((#1255));
#614=ADVANCED_FACE('',(#1256),#1257,.T.);
#615=PRESENTATION_STYLE_ASSIGNMENT((#1258));
#616=ADVANCED_FACE('',(#1259),#1260,.T.);
#617=PRESENTATION_STYLE_ASSIGNMENT((#1261));
#618=ADVANCED_FACE('',(#1262),#1263,.T.);
#619=PRESENTATION_STYLE_ASSIGNMENT((#1264));
#620=ADVANCED_FACE('',(#1265,#1266),#1267,.F.);
#621=PRESENTATION_STYLE_ASSIGNMENT((#1268));
#622=ADVANCED_FACE('',(#1269,#1270),#1271,.F.);
#623=PRESENTATION_STYLE_ASSIGNMENT((#1272));
#624=ADVANCED_FACE('',(#1273),#1274,.T.);
#625=PRESENTATION_STYLE_ASSIGNMENT((#1275));
#626=ADVANCED_FACE('',(#1276),#1277,.T.);
#627=PRESENTATION_STYLE_ASSIGNMENT((#1278));
#628=ADVANCED_FACE('',(#1279),#1280,.T.);
#629=PRESENTATION_STYLE_ASSIGNMENT((#1281));
#630=ADVANCED_FACE('',(#1282),#1283,.T.);
#631=PRESENTATION_STYLE_ASSIGNMENT((#1284));
#632=ADVANCED_FACE('',(#1285),#1286,.T.);
#633=PRESENTATION_STYLE_ASSIGNMENT((#1287));
#634=ADVANCED_FACE('',(#1288),#1289,.T.);
#635=PRESENTATION_STYLE_ASSIGNMENT((#1290));
#636=ADVANCED_FACE('',(#1291,#1292),#1293,.F.);
#637=PRESENTATION_STYLE_ASSIGNMENT((#1294));
#638=ADVANCED_FACE('',(#1295,#1296),#1297,.F.);
#639=PRESENTATION_STYLE_ASSIGNMENT((#1298));
#640=ADVANCED_FACE('',(#1299),#1300,.T.);
#641=PRESENTATION_STYLE_ASSIGNMENT((#1301));
#642=ADVANCED_FACE('',(#1302),#1303,.T.);
#643=PRESENTATION_STYLE_ASSIGNMENT((#1304));
#644=ADVANCED_FACE('',(#1305),#1306,.T.);
#645=PRESENTATION_STYLE_ASSIGNMENT((#1307));
#646=ADVANCED_FACE('',(#1308),#1309,.T.);
#647=PRESENTATION_STYLE_ASSIGNMENT((#1310));
#648=ADVANCED_FACE('',(#1311),#1312,.T.);
#649=PRESENTATION_STYLE_ASSIGNMENT((#1313));
#650=ADVANCED_FACE('',(#1314),#1315,.T.);
#651=PRESENTATION_STYLE_ASSIGNMENT((#1316));
#652=ADVANCED_FACE('',(#1317),#1318,.F.);
#653=PRESENTATION_STYLE_ASSIGNMENT((#1319));
#654=ADVANCED_FACE('',(#1320,#1321),#1322,.T.);
#655=PRESENTATION_STYLE_ASSIGNMENT((#1323));
#656=ADVANCED_FACE('',(#1324,#1325),#1326,.T.);
#657=PRESENTATION_STYLE_ASSIGNMENT((#1327));
#658=ADVANCED_FACE('',(#1328,#1329),#1330,.T.);
#659=PRESENTATION_STYLE_ASSIGNMENT((#1331));
#660=ADVANCED_FACE('',(#1332,#1333),#1334,.T.);
#661=PRESENTATION_STYLE_ASSIGNMENT((#1335));
#662=ADVANCED_FACE('',(#1336,#1337,#1338,#1339,#1340,#1341),#1342,.F.);
#663=PRESENTATION_STYLE_ASSIGNMENT((#1343));
#664=ADVANCED_FACE('',(#1344),#1345,.F.);
#665=PRESENTATION_STYLE_ASSIGNMENT((#1346));
#666=ADVANCED_FACE('',(#1347),#1348,.T.);
#667=PRESENTATION_STYLE_ASSIGNMENT((#1349));
#668=ADVANCED_FACE('',(#1350),#1351,.T.);
#669=PRESENTATION_STYLE_ASSIGNMENT((#1352));
#670=ADVANCED_FACE('',(#1353),#1354,.F.);
#671=PRESENTATION_STYLE_ASSIGNMENT((#1355));
#672=ADVANCED_FACE('',(#1356),#1357,.T.);
#673=PRESENTATION_STYLE_ASSIGNMENT((#1358));
#674=ADVANCED_FACE('',(#1359),#1360,.T.);
#675=PRESENTATION_STYLE_ASSIGNMENT((#1361));
#676=ADVANCED_FACE('',(#1362),#1363,.F.);
#677=PRESENTATION_STYLE_ASSIGNMENT((#1364));
#678=ADVANCED_FACE('',(#1365),#1366,.T.);
#679=PRESENTATION_STYLE_ASSIGNMENT((#1367));
#680=ADVANCED_FACE('',(#1368),#1369,.T.);
#681=PRESENTATION_STYLE_ASSIGNMENT((#1370));
#682=ADVANCED_FACE('',(#1371),#1372,.F.);
#683=PRESENTATION_STYLE_ASSIGNMENT((#1373));
#684=ADVANCED_FACE('',(#1374),#1375,.T.);
#685=PRESENTATION_STYLE_ASSIGNMENT((#1376));
#686=ADVANCED_FACE('',(#1377),#1378,.T.);
#687=PRESENTATION_STYLE_ASSIGNMENT((#1379));
#688=ADVANCED_FACE('',(#1380),#1381,.F.);
#689=PRESENTATION_STYLE_ASSIGNMENT((#1382));
#690=ADVANCED_FACE('',(#1383),#1384,.T.);
#691=PRESENTATION_STYLE_ASSIGNMENT((#1385));
#692=ADVANCED_FACE('',(#1386),#1387,.T.);
#693=PRESENTATION_STYLE_ASSIGNMENT((#1388));
#694=ADVANCED_FACE('',(#1389),#1390,.F.);
#695=PRESENTATION_STYLE_ASSIGNMENT((#1391));
#696=ADVANCED_FACE('',(#1392),#1393,.T.);
#697=PRESENTATION_STYLE_ASSIGNMENT((#1394));
#698=ADVANCED_FACE('',(#1395),#1396,.T.);
#699=PRESENTATION_STYLE_ASSIGNMENT((#1397));
#700=ADVANCED_FACE('',(#1398),#1399,.F.);
#701=PRESENTATION_STYLE_ASSIGNMENT((#1400));
#702=ADVANCED_FACE('',(#1401),#1402,.T.);
#703=PRESENTATION_STYLE_ASSIGNMENT((#1403));
#704=ADVANCED_FACE('',(#1404),#1405,.T.);
#705=PRESENTATION_STYLE_ASSIGNMENT((#1406));
#706=ADVANCED_FACE('',(#1407),#1408,.F.);
#707=PRESENTATION_STYLE_ASSIGNMENT((#1409));
#708=ADVANCED_FACE('',(#1410),#1411,.T.);
#709=PRESENTATION_STYLE_ASSIGNMENT((#1412));
#710=ADVANCED_FACE('',(#1413),#1414,.T.);
#711=PRESENTATION_STYLE_ASSIGNMENT((#1415));
#712=ADVANCED_FACE('',(#1416),#1417,.F.);
#713=PRESENTATION_STYLE_ASSIGNMENT((#1418));
#714=ADVANCED_FACE('',(#1419),#1420,.T.);
#715=PRESENTATION_STYLE_ASSIGNMENT((#1421));
#716=ADVANCED_FACE('',(#1422),#1423,.T.);
#717=PRESENTATION_STYLE_ASSIGNMENT((#1424));
#718=ADVANCED_FACE('',(#1425),#1426,.F.);
#719=PRESENTATION_STYLE_ASSIGNMENT((#1427));
#720=ADVANCED_FACE('',(#1428),#1429,.T.);
#721=PRESENTATION_STYLE_ASSIGNMENT((#1430));
#722=ADVANCED_FACE('',(#1431),#1432,.T.);
#723=PRESENTATION_STYLE_ASSIGNMENT((#1433));
#724=ADVANCED_FACE('',(#1434),#1435,.F.);
#725=PRESENTATION_STYLE_ASSIGNMENT((#1436));
#726=ADVANCED_FACE('',(#1437),#1438,.T.);
#727=PRESENTATION_STYLE_ASSIGNMENT((#1439));
#728=ADVANCED_FACE('',(#1440),#1441,.T.);
#729=PRESENTATION_STYLE_ASSIGNMENT((#1442));
#730=ADVANCED_FACE('',(#1443),#1444,.F.);
#731=PRESENTATION_STYLE_ASSIGNMENT((#1445));
#732=ADVANCED_FACE('',(#1446),#1447,.T.);
#733=PRESENTATION_STYLE_ASSIGNMENT((#1448));
#734=ADVANCED_FACE('',(#1449),#1450,.T.);
#735=PRESENTATION_STYLE_ASSIGNMENT((#1451));
#736=ADVANCED_FACE('',(#1452),#1453,.F.);
#737=PRESENTATION_STYLE_ASSIGNMENT((#1454));
#738=ADVANCED_FACE('',(#1455),#1456,.T.);
#739=PRESENTATION_STYLE_ASSIGNMENT((#1457));
#740=ADVANCED_FACE('',(#1458),#1459,.T.);
#741=PRESENTATION_STYLE_ASSIGNMENT((#1460));
#742=ADVANCED_FACE('',(#1461),#1462,.T.);
#743=PRESENTATION_STYLE_ASSIGNMENT((#1463));
#744=ADVANCED_FACE('',(#1464),#1465,.F.);
#745=PRESENTATION_STYLE_ASSIGNMENT((#1466));
#746=ADVANCED_FACE('',(#1467),#1468,.F.);
#747=PRESENTATION_STYLE_ASSIGNMENT((#1469));
#748=ADVANCED_FACE('',(#1470),#1471,.T.);
#749=PRESENTATION_STYLE_ASSIGNMENT((#1472));
#750=ADVANCED_FACE('',(#1473),#1474,.T.);
#751=PRESENTATION_STYLE_ASSIGNMENT((#1475));
#752=ADVANCED_FACE('',(#1476),#1477,.T.);
#753=PRESENTATION_STYLE_ASSIGNMENT((#1478));
#754=ADVANCED_FACE('',(#1479),#1480,.F.);
#755=PRESENTATION_STYLE_ASSIGNMENT((#1481));
#756=ADVANCED_FACE('',(#1482),#1483,.F.);
#757=PRESENTATION_STYLE_ASSIGNMENT((#1484));
#758=ADVANCED_FACE('',(#1485),#1486,.T.);
#759=PRESENTATION_STYLE_ASSIGNMENT((#1487));
#760=ADVANCED_FACE('',(#1488),#1489,.T.);
#761=PRESENTATION_STYLE_ASSIGNMENT((#1490));
#762=ADVANCED_FACE('',(#1491),#1492,.T.);
#763=PRESENTATION_STYLE_ASSIGNMENT((#1493));
#764=ADVANCED_FACE('',(#1494),#1495,.F.);
#765=PRESENTATION_STYLE_ASSIGNMENT((#1496));
#766=ADVANCED_FACE('',(#1497),#1498,.F.);
#767=PRESENTATION_STYLE_ASSIGNMENT((#1499));
#768=ADVANCED_FACE('',(#1500),#1501,.T.);
#769=PRESENTATION_STYLE_ASSIGNMENT((#1502));
#770=ADVANCED_FACE('',(#1503),#1504,.T.);
#771=PRESENTATION_STYLE_ASSIGNMENT((#1505));
#772=ADVANCED_FACE('',(#1506),#1507,.T.);
#773=PRESENTATION_STYLE_ASSIGNMENT((#1508));
#774=ADVANCED_FACE('',(#1509),#1510,.F.);
#775=PRESENTATION_STYLE_ASSIGNMENT((#1511));
#776=ADVANCED_FACE('',(#1512),#1513,.F.);
#777=PRESENTATION_STYLE_ASSIGNMENT((#1514));
#778=ADVANCED_FACE('',(#1515),#1516,.T.);
#779=PRESENTATION_STYLE_ASSIGNMENT((#1517));
#780=ADVANCED_FACE('',(#1518),#1519,.T.);
#781=PRESENTATION_STYLE_ASSIGNMENT((#1520));
#782=ADVANCED_FACE('',(#1521),#1522,.T.);
#783=PRESENTATION_STYLE_ASSIGNMENT((#1523));
#784=ADVANCED_FACE('',(#1524),#1525,.F.);
#785=PRESENTATION_STYLE_ASSIGNMENT((#1526));
#786=ADVANCED_FACE('',(#1527),#1528,.F.);
#787=PRESENTATION_STYLE_ASSIGNMENT((#1529));
#788=ADVANCED_FACE('',(#1530),#1531,.T.);
#789=PRESENTATION_STYLE_ASSIGNMENT((#1532));
#790=ADVANCED_FACE('',(#1533),#1534,.T.);
#791=PRESENTATION_STYLE_ASSIGNMENT((#1535));
#792=ADVANCED_FACE('',(#1536),#1537,.T.);
#793=PRESENTATION_STYLE_ASSIGNMENT((#1538));
#794=ADVANCED_FACE('',(#1539),#1540,.F.);
#795=PRESENTATION_STYLE_ASSIGNMENT((#1541));
#796=ADVANCED_FACE('',(#1542),#1543,.F.);
#797=PRESENTATION_STYLE_ASSIGNMENT((#1544));
#798=ADVANCED_FACE('',(#1545),#1546,.T.);
#799=PRESENTATION_STYLE_ASSIGNMENT((#1547));
#800=ADVANCED_FACE('',(#1548),#1549,.T.);
#801=PRESENTATION_STYLE_ASSIGNMENT((#1550));
#802=ADVANCED_FACE('',(#1551),#1552,.T.);
#803=PRESENTATION_STYLE_ASSIGNMENT((#1553));
#804=ADVANCED_FACE('',(#1554),#1555,.F.);
#805=PRESENTATION_STYLE_ASSIGNMENT((#1556));
#806=ADVANCED_FACE('',(#1557),#1558,.F.);
#807=PRESENTATION_STYLE_ASSIGNMENT((#1559));
#808=ADVANCED_FACE('',(#1560),#1561,.T.);
#809=PRESENTATION_STYLE_ASSIGNMENT((#1562));
#810=ADVANCED_FACE('',(#1563),#1564,.T.);
#811=PRESENTATION_STYLE_ASSIGNMENT((#1565));
#812=ADVANCED_FACE('',(#1566),#1567,.T.);
#813=PRESENTATION_STYLE_ASSIGNMENT((#1568));
#814=ADVANCED_FACE('',(#1569),#1570,.F.);
#815=PRESENTATION_STYLE_ASSIGNMENT((#1571));
#816=ADVANCED_FACE('',(#1572),#1573,.F.);
#817=PRESENTATION_STYLE_ASSIGNMENT((#1574));
#818=ADVANCED_FACE('',(#1575),#1576,.T.);
#819=PRESENTATION_STYLE_ASSIGNMENT((#1577));
#820=ADVANCED_FACE('',(#1578),#1579,.T.);
#821=PRESENTATION_STYLE_ASSIGNMENT((#1580));
#822=ADVANCED_FACE('',(#1581),#1582,.T.);
#823=PRESENTATION_STYLE_ASSIGNMENT((#1583));
#824=ADVANCED_FACE('',(#1584),#1585,.F.);
#825=PRESENTATION_STYLE_ASSIGNMENT((#1586));
#826=ADVANCED_FACE('',(#1587),#1588,.F.);
#827=PRESENTATION_STYLE_ASSIGNMENT((#1589));
#828=ADVANCED_FACE('',(#1590),#1591,.T.);
#829=PRESENTATION_STYLE_ASSIGNMENT((#1592));
#830=ADVANCED_FACE('',(#1593),#1594,.T.);
#831=PRESENTATION_STYLE_ASSIGNMENT((#1595));
#832=ADVANCED_FACE('',(#1596),#1597,.T.);
#833=PRESENTATION_STYLE_ASSIGNMENT((#1598));
#834=ADVANCED_FACE('',(#1599),#1600,.F.);
#835=PRESENTATION_STYLE_ASSIGNMENT((#1601));
#836=ADVANCED_FACE('',(#1602),#1603,.F.);
#837=PRESENTATION_STYLE_ASSIGNMENT((#1604));
#838=ADVANCED_FACE('',(#1605),#1606,.T.);
#839=PRESENTATION_STYLE_ASSIGNMENT((#1607));
#840=ADVANCED_FACE('',(#1608),#1609,.T.);
#841=PRESENTATION_STYLE_ASSIGNMENT((#1610));
#842=ADVANCED_FACE('',(#1611),#1612,.T.);
#843=PRESENTATION_STYLE_ASSIGNMENT((#1613));
#844=ADVANCED_FACE('',(#1614),#1615,.F.);
#845=PRESENTATION_STYLE_ASSIGNMENT((#1616));
#846=ADVANCED_FACE('',(#1617),#1618,.F.);
#847=PRESENTATION_STYLE_ASSIGNMENT((#1619));
#848=ADVANCED_FACE('',(#1620),#1621,.T.);
#849=PRESENTATION_STYLE_ASSIGNMENT((#1622));
#850=ADVANCED_FACE('',(#1623),#1624,.T.);
#851=PRESENTATION_STYLE_ASSIGNMENT((#1625));
#852=ADVANCED_FACE('',(#1626),#1627,.T.);
#853=PRESENTATION_STYLE_ASSIGNMENT((#1628));
#854=ADVANCED_FACE('',(#1629),#1630,.T.);
#855=PRESENTATION_STYLE_ASSIGNMENT((#1631));
#856=ADVANCED_FACE('',(#1632,#1633),#1634,.T.);
#857=PRESENTATION_STYLE_ASSIGNMENT((#1635));
#858=ADVANCED_FACE('',(#1636),#1637,.T.);
#859=PRESENTATION_STYLE_ASSIGNMENT((#1638));
#860=ADVANCED_FACE('',(#1639),#1640,.T.);
#861=PRESENTATION_STYLE_ASSIGNMENT((#1641));
#862=ADVANCED_FACE('',(#1642),#1643,.T.);
#863=PRESENTATION_STYLE_ASSIGNMENT((#1644));
#864=ADVANCED_FACE('',(#1645),#1646,.T.);
#865=PRESENTATION_STYLE_ASSIGNMENT((#1647));
#866=ADVANCED_FACE('',(#1648,#1649),#1650,.F.);
#867=PRESENTATION_STYLE_ASSIGNMENT((#1651));
#868=ADVANCED_FACE('',(#1652,#1653),#1654,.F.);
#869=PRESENTATION_STYLE_ASSIGNMENT((#1655));
#870=ADVANCED_FACE('',(#1656,#1657),#1658,.F.);
#871=PRESENTATION_STYLE_ASSIGNMENT((#1659));
#872=ADVANCED_FACE('',(#1660,#1661,#1662,#1663,#1664,#1665,#1666),#1667,.T.);
#873=PRESENTATION_STYLE_ASSIGNMENT((#1668));
#874=ADVANCED_FACE('',(#1669),#1670,.F.);
#875=PRESENTATION_STYLE_ASSIGNMENT((#1671));
#876=ADVANCED_FACE('',(#1672),#1673,.T.);
#877=PRESENTATION_STYLE_ASSIGNMENT((#1674));
#878=ADVANCED_FACE('',(#1675),#1676,.T.);
#879=PRESENTATION_STYLE_ASSIGNMENT((#1677));
#880=ADVANCED_FACE('',(#1678),#1679,.F.);
#881=PRESENTATION_STYLE_ASSIGNMENT((#1680));
#882=ADVANCED_FACE('',(#1681),#1682,.T.);
#883=PRESENTATION_STYLE_ASSIGNMENT((#1683));
#884=ADVANCED_FACE('',(#1684),#1685,.T.);
#885=PRESENTATION_STYLE_ASSIGNMENT((#1686));
#886=ADVANCED_FACE('',(#1687),#1688,.F.);
#887=PRESENTATION_STYLE_ASSIGNMENT((#1689));
#888=ADVANCED_FACE('',(#1690),#1691,.T.);
#889=PRESENTATION_STYLE_ASSIGNMENT((#1692));
#890=ADVANCED_FACE('',(#1693),#1694,.T.);
#891=PRESENTATION_STYLE_ASSIGNMENT((#1695));
#892=ADVANCED_FACE('',(#1696),#1697,.F.);
#893=PRESENTATION_STYLE_ASSIGNMENT((#1698));
#894=ADVANCED_FACE('',(#1699),#1700,.T.);
#895=PRESENTATION_STYLE_ASSIGNMENT((#1701));
#896=ADVANCED_FACE('',(#1702),#1703,.T.);
#897=PRESENTATION_STYLE_ASSIGNMENT((#1704));
#898=ADVANCED_FACE('',(#1705),#1706,.F.);
#899=PRESENTATION_STYLE_ASSIGNMENT((#1707));
#900=ADVANCED_FACE('',(#1708),#1709,.T.);
#901=PRESENTATION_STYLE_ASSIGNMENT((#1710));
#902=ADVANCED_FACE('',(#1711),#1712,.T.);
#903=PRESENTATION_STYLE_ASSIGNMENT((#1713));
#904=ADVANCED_FACE('',(#1714),#1715,.F.);
#905=PRESENTATION_STYLE_ASSIGNMENT((#1716));
#906=ADVANCED_FACE('',(#1717),#1718,.T.);
#907=PRESENTATION_STYLE_ASSIGNMENT((#1719));
#908=ADVANCED_FACE('',(#1720),#1721,.T.);
#909=PRESENTATION_STYLE_ASSIGNMENT((#1722));
#910=ADVANCED_FACE('',(#1723),#1724,.F.);
#911=PRESENTATION_STYLE_ASSIGNMENT((#1725));
#912=ADVANCED_FACE('',(#1726),#1727,.T.);
#913=PRESENTATION_STYLE_ASSIGNMENT((#1728));
#914=ADVANCED_FACE('',(#1729),#1730,.T.);
#915=PRESENTATION_STYLE_ASSIGNMENT((#1731));
#916=ADVANCED_FACE('',(#1732),#1733,.F.);
#917=PRESENTATION_STYLE_ASSIGNMENT((#1734));
#918=ADVANCED_FACE('',(#1735),#1736,.T.);
#919=PRESENTATION_STYLE_ASSIGNMENT((#1737));
#920=ADVANCED_FACE('',(#1738),#1739,.T.);
#921=PRESENTATION_STYLE_ASSIGNMENT((#1740));
#922=ADVANCED_FACE('',(#1741),#1742,.F.);
#923=PRESENTATION_STYLE_ASSIGNMENT((#1743));
#924=ADVANCED_FACE('',(#1744),#1745,.T.);
#925=PRESENTATION_STYLE_ASSIGNMENT((#1746));
#926=ADVANCED_FACE('',(#1747),#1748,.T.);
#927=PRESENTATION_STYLE_ASSIGNMENT((#1749));
#928=ADVANCED_FACE('',(#1750),#1751,.F.);
#929=PRESENTATION_STYLE_ASSIGNMENT((#1752));
#930=ADVANCED_FACE('',(#1753),#1754,.T.);
#931=PRESENTATION_STYLE_ASSIGNMENT((#1755));
#932=ADVANCED_FACE('',(#1756),#1757,.T.);
#933=PRESENTATION_STYLE_ASSIGNMENT((#1758));
#934=ADVANCED_FACE('',(#1759),#1760,.T.);
#935=PRESENTATION_STYLE_ASSIGNMENT((#1761));
#936=ADVANCED_FACE('',(#1762),#1763,.F.);
#937=PRESENTATION_STYLE_ASSIGNMENT((#1764));
#938=ADVANCED_FACE('',(#1765),#1766,.T.);
#939=PRESENTATION_STYLE_ASSIGNMENT((#1767));
#940=ADVANCED_FACE('',(#1768),#1769,.T.);
#941=PRESENTATION_STYLE_ASSIGNMENT((#1770));
#942=ADVANCED_FACE('',(#1771),#1772,.T.);
#943=PRESENTATION_STYLE_ASSIGNMENT((#1773));
#944=ADVANCED_FACE('',(#1774),#1775,.T.);
#945=PRESENTATION_STYLE_ASSIGNMENT((#1776));
#946=ADVANCED_FACE('',(#1777),#1778,.T.);
#947=PRESENTATION_STYLE_ASSIGNMENT((#1779));
#948=ADVANCED_FACE('',(#1780),#1781,.T.);
#949=PRESENTATION_STYLE_ASSIGNMENT((#1782));
#950=ADVANCED_FACE('',(#1783),#1784,.T.);
#951=PRESENTATION_STYLE_ASSIGNMENT((#1785));
#952=ADVANCED_FACE('',(#1786),#1787,.F.);
#953=PRESENTATION_STYLE_ASSIGNMENT((#1788));
#954=ADVANCED_FACE('',(#1789,#1790),#1791,.F.);
#955=PRESENTATION_STYLE_ASSIGNMENT((#1792));
#956=ADVANCED_FACE('',(#1793),#1794,.T.);
#957=PRESENTATION_STYLE_ASSIGNMENT((#1795));
#958=ADVANCED_FACE('',(#1796),#1797,.T.);
#959=PRESENTATION_STYLE_ASSIGNMENT((#1798));
#960=ADVANCED_FACE('',(#1799),#1800,.T.);
#961=PRESENTATION_STYLE_ASSIGNMENT((#1801));
#962=ADVANCED_FACE('',(#1802),#1803,.F.);
#963=PRESENTATION_STYLE_ASSIGNMENT((#1804));
#964=ADVANCED_FACE('',(#1805),#1806,.T.);
#965=PRESENTATION_STYLE_ASSIGNMENT((#1807));
#966=ADVANCED_FACE('',(#1808),#1809,.T.);
#967=PRESENTATION_STYLE_ASSIGNMENT((#1810));
#968=ADVANCED_FACE('',(#1811,#1812,#1813,#1814,#1815,#1816),#1817,.F.);
#969=PRESENTATION_STYLE_ASSIGNMENT((#1818));
#970=ADVANCED_FACE('',(#1819),#1820,.F.);
#971=PRESENTATION_STYLE_ASSIGNMENT((#1821));
#972=ADVANCED_FACE('',(#1822),#1823,.T.);
#973=PRESENTATION_STYLE_ASSIGNMENT((#1824));
#974=ADVANCED_FACE('',(#1825),#1826,.T.);
#975=PRESENTATION_STYLE_ASSIGNMENT((#1827));
#976=ADVANCED_FACE('',(#1828,#1829),#1830,.F.);
#977=PRESENTATION_STYLE_ASSIGNMENT((#1831));
#978=ADVANCED_FACE('',(#1832,#1833),#1834,.F.);
#979=PRESENTATION_STYLE_ASSIGNMENT((#1835));
#980=ADVANCED_FACE('',(#1836,#1837),#1838,.F.);
#981=PRESENTATION_STYLE_ASSIGNMENT((#1839));
#982=ADVANCED_FACE('',(#1840,#1841),#1842,.F.);
#983=PRESENTATION_STYLE_ASSIGNMENT((#1843));
#984=ADVANCED_FACE('',(#1844),#1845,.T.);
#985=PRESENTATION_STYLE_ASSIGNMENT((#1846));
#986=ADVANCED_FACE('',(#1847),#1848,.T.);
#987=PRESENTATION_STYLE_ASSIGNMENT((#1849));
#988=ADVANCED_FACE('',(#1850),#1851,.T.);
#989=PRESENTATION_STYLE_ASSIGNMENT((#1852));
#990=ADVANCED_FACE('',(#1853,#1854,#1855,#1856,#1857),#1858,.F.);
#991=PRESENTATION_STYLE_ASSIGNMENT((#1859));
#992=ADVANCED_FACE('',(#1860),#1861,.T.);
#993=PRESENTATION_STYLE_ASSIGNMENT((#1862));
#994=ADVANCED_FACE('',(#1863),#1864,.T.);
#995=PRESENTATION_STYLE_ASSIGNMENT((#1865));
#996=ADVANCED_FACE('',(#1866,#1867,#1868,#1869,#1870),#1871,.T.);
#997=PRESENTATION_STYLE_ASSIGNMENT((#1872));
#998=ADVANCED_FACE('',(#1873),#1874,.F.);
#999=PRESENTATION_STYLE_ASSIGNMENT((#1875));
#1000=ADVANCED_FACE('',(#1876),#1877,.T.);
#1001=PRESENTATION_STYLE_ASSIGNMENT((#1878));
#1002=ADVANCED_FACE('',(#1879),#1880,.T.);
#1003=PRESENTATION_STYLE_ASSIGNMENT((#1881));
#1004=ADVANCED_FACE('',(#1882),#1883,.F.);
#1005=PRESENTATION_STYLE_ASSIGNMENT((#1884));
#1006=ADVANCED_FACE('',(#1885),#1886,.T.);
#1007=PRESENTATION_STYLE_ASSIGNMENT((#1887));
#1008=ADVANCED_FACE('',(#1888),#1889,.T.);
#1009=PRESENTATION_STYLE_ASSIGNMENT((#1890));
#1010=ADVANCED_FACE('',(#1891),#1892,.F.);
#1011=PRESENTATION_STYLE_ASSIGNMENT((#1893));
#1012=ADVANCED_FACE('',(#1894),#1895,.T.);
#1013=PRESENTATION_STYLE_ASSIGNMENT((#1896));
#1014=ADVANCED_FACE('',(#1897),#1898,.T.);
#1015=PRESENTATION_STYLE_ASSIGNMENT((#1899));
#1016=ADVANCED_FACE('',(#1900),#1901,.F.);
#1017=PRESENTATION_STYLE_ASSIGNMENT((#1902));
#1018=ADVANCED_FACE('',(#1903),#1904,.T.);
#1019=PRESENTATION_STYLE_ASSIGNMENT((#1905));
#1020=ADVANCED_FACE('',(#1906),#1907,.T.);
#1021=PRESENTATION_STYLE_ASSIGNMENT((#1908));
#1022=ADVANCED_FACE('',(#1909),#1910,.F.);
#1023=PRESENTATION_STYLE_ASSIGNMENT((#1911));
#1024=ADVANCED_FACE('',(#1912),#1913,.T.);
#1025=PRESENTATION_STYLE_ASSIGNMENT((#1914));
#1026=ADVANCED_FACE('',(#1915),#1916,.T.);
#1027=PRESENTATION_STYLE_ASSIGNMENT((#1917));
#1028=ADVANCED_FACE('',(#1918),#1919,.F.);
#1029=PRESENTATION_STYLE_ASSIGNMENT((#1920));
#1030=ADVANCED_FACE('',(#1921),#1922,.T.);
#1031=PRESENTATION_STYLE_ASSIGNMENT((#1923));
#1032=ADVANCED_FACE('',(#1924),#1925,.T.);
#1033=PRESENTATION_STYLE_ASSIGNMENT((#1926));
#1034=ADVANCED_FACE('',(#1927),#1928,.F.);
#1035=PRESENTATION_STYLE_ASSIGNMENT((#1929));
#1036=ADVANCED_FACE('',(#1930),#1931,.T.);
#1037=PRESENTATION_STYLE_ASSIGNMENT((#1932));
#1038=ADVANCED_FACE('',(#1933),#1934,.T.);
#1039=PRESENTATION_STYLE_ASSIGNMENT((#1935));
#1040=ADVANCED_FACE('',(#1936),#1937,.F.);
#1041=PRESENTATION_STYLE_ASSIGNMENT((#1938));
#1042=ADVANCED_FACE('',(#1939),#1940,.T.);
#1043=PRESENTATION_STYLE_ASSIGNMENT((#1941));
#1044=ADVANCED_FACE('',(#1942),#1943,.T.);
#1045=PRESENTATION_STYLE_ASSIGNMENT((#1944));
#1046=ADVANCED_FACE('',(#1945),#1946,.F.);
#1047=PRESENTATION_STYLE_ASSIGNMENT((#1947));
#1048=ADVANCED_FACE('',(#1948),#1949,.T.);
#1049=PRESENTATION_STYLE_ASSIGNMENT((#1950));
#1050=ADVANCED_FACE('',(#1951),#1952,.T.);
#1051=PRESENTATION_STYLE_ASSIGNMENT((#1953));
#1052=ADVANCED_FACE('',(#1954),#1955,.F.);
#1053=PRESENTATION_STYLE_ASSIGNMENT((#1956));
#1054=ADVANCED_FACE('',(#1957),#1958,.T.);
#1055=PRESENTATION_STYLE_ASSIGNMENT((#1959));
#1056=ADVANCED_FACE('',(#1960),#1961,.T.);
#1057=PRESENTATION_STYLE_ASSIGNMENT((#1962));
#1058=ADVANCED_FACE('',(#1963),#1964,.T.);
#1059=PRESENTATION_STYLE_ASSIGNMENT((#1965));
#1060=ADVANCED_FACE('',(#1966),#1967,.T.);
#1061=PRESENTATION_STYLE_ASSIGNMENT((#1968));
#1062=ADVANCED_FACE('',(#1969),#1970,.T.);
#1063=PRESENTATION_STYLE_ASSIGNMENT((#1971));
#1064=ADVANCED_FACE('',(#1972),#1973,.T.);
#1065=PRESENTATION_STYLE_ASSIGNMENT((#1974));
#1066=ADVANCED_FACE('',(#1975),#1976,.T.);
#1067=PRESENTATION_STYLE_ASSIGNMENT((#1977));
#1068=ADVANCED_FACE('',(#1978),#1979,.T.);
#1069=PRESENTATION_STYLE_ASSIGNMENT((#1980));
#1070=ADVANCED_FACE('',(#1981),#1982,.T.);
#1071=PRESENTATION_STYLE_ASSIGNMENT((#1983));
#1072=ADVANCED_FACE('',(#1984),#1985,.F.);
#1073=PRESENTATION_STYLE_ASSIGNMENT((#1986));
#1074=ADVANCED_FACE('',(#1987),#1988,.T.);
#1075=PRESENTATION_STYLE_ASSIGNMENT((#1989));
#1076=ADVANCED_FACE('',(#1990),#1991,.T.);
#1079=LENGTH_MEASURE_WITH_UNIT(LENGTH_MEASURE(1.0),#1992);
#1082=DIMENSIONAL_EXPONENTS(1.0,0.0,0.0,0.0,0.0,0.0,0.0);
#1084=DIMENSIONAL_EXPONENTS(0.0,0.0,0.0,0.0,0.0,0.0,0.0);
#1090=PRODUCT_CONTEXT('',#61,'mechanical');
#1091=PRODUCT_DEFINITION_FORMATION_WITH_SPECIFIED_SOURCE(' ','NONE',#403,.NOT_KNOWN.);
#1092=CARTESIAN_POINT('',(0.0,0.0,0.0));
#1093=DIRECTION('',(0.0,0.0,1.0));
#1094=DIRECTION('',(1.0,0.0,0.0));
#1095=CARTESIAN_POINT('',(0.0,0.0,0.0));
#1096=DIRECTION('',(0.0,0.0,1.0));
#1097=DIRECTION('',(1.0,0.0,0.0));
#1100=UNCERTAINTY_MEASURE_WITH_UNIT(LENGTH_MEASURE(0.001),#1102,'','');
#1102= (CONVERSION_BASED_UNIT('MILLIMETRE',#1995)LENGTH_UNIT()NAMED_UNIT(#1998));
#1103= (NAMED_UNIT(#2000)PLANE_ANGLE_UNIT()SI_UNIT($,.RADIAN.));
#1104= (NAMED_UNIT(#2000)SOLID_ANGLE_UNIT()SI_UNIT($,.STERADIAN.));
#1106=PRODUCT_CONTEXT('',#66,'mechanical');
#1107=PRODUCT_DEFINITION_FORMATION_WITH_SPECIFIED_SOURCE(' ','NONE',#408,.NOT_KNOWN.);
#1108=CLOSED_SHELL('',(#586,#588,#590,#592,#594,#596,#598,#600,#602,#604,#606,#608,#610,#612,#614,#616,#618,#620,#622,#624,#626,#628,#630,#632,#634,#636,#638,#640,#642,#644,#646,#648,#650,#652,#654,#656,#658,#660,#662,#664,#666,#668,#670,#672,#674,#676,#678,#680,#682,#684,#686,#688,#690,#692,#694,#696,#698,#700,#702,#704,#706,#708,#710,#712,#714,#716,#718,#720,#722,#724,#726,#728,#730,#732,#734,#736,#738,#740,#742,#744,#746,#748,#750,#752,#754,#756,#758,#760,#762,#764,#766,#768,#770,#772,#774,#776,#778,#780,#782,#784,#786,#788,#790,#792,#794,#796,#798,#800,#802,#804,#806,#808,#810,#812,#814,#816,#818,#820,#822,#824,#826,#828,#830,#832,#834,#836,#838,#840,#842,#844,#846,#848,#850,#852,#854,#856,#858,#860,#862,#864,#866,#868,#870,#872,#874,#876,#878,#880,#882,#884,#886,#888,#890,#892,#894,#896,#898,#900,#902,#904,#906,#908,#910,#912,#914,#916,#918,#920,#922,#924,#926,#928,#930,#932,#934,#936,#938,#940,#942,#944,#946,#948,#950,#952,#954,#956,#958,#960,#962,#964,#966,#968));
#1109=PRODUCT_CONTEXT('',#74,'mechanical');
#1110=PRODUCT_DEFINITION_FORMATION_WITH_SPECIFIED_SOURCE(' ','NONE',#416,.NOT_KNOWN.);
#1111=CARTESIAN_POINT('',(0.0,0.0,0.0));
#1112=DIRECTION('',(0.0,0.0,1.0));
#1113=DIRECTION('',(1.0,0.0,0.0));
#1114=CARTESIAN_POINT('',(0.0,0.0,0.0));
#1115=DIRECTION('',(0.0,0.0,1.0));
#1116=DIRECTION('',(0.707106781186545,0.70710678118655,0.0));
#1117=CARTESIAN_POINT('',(-2.3379676811595E-016,4.27000359488167E-016,4.6));
#1118=DIRECTION('',(0.0,0.0,1.0));
#1119=DIRECTION('',(0.707106781186545,0.70710678118655,0.0));
#1120=CARTESIAN_POINT('',(-12.323859452721,15.0815758994378,3.49999999999992));
#1121=DIRECTION('',(0.707106781186545,0.70710678118655,6.12323399573677E-017));
#1122=DIRECTION('',(0.70710678118655,-0.707106781186545,0.0));
#1123=CARTESIAN_POINT('',(-7.73348270550406,35.5909078192769,5.36419670649604));
#1124=DIRECTION('',(0.0,0.0,1.0));
#1125=DIRECTION('',(0.70710678118655,-0.707106781186545,0.0));
#1126=CARTESIAN_POINT('',(-24.4928463923325,26.9558889624919,5.36419670649604));
#1127=DIRECTION('',(0.0,0.0,1.0));
#1128=DIRECTION('',(0.96592582628907,-0.258819045102517,0.0));
#1129=CARTESIAN_POINT('',(-18.2135633084442,6.89909813165571,3.49999999999992));
#1130=DIRECTION('',(0.258819045102517,0.96592582628907,6.12323399573677E-017));
#1131=DIRECTION('',(0.96592582628907,-0.258819045102517,0.0));
#1132=CARTESIAN_POINT('',(-34.6893716679959,11.0980614269443,5.36419670649604));
#1133=DIRECTION('',(0.0,0.0,1.0));
#1134=DIRECTION('',(0.965925826289067,0.258819045102525,0.0));
#1135=CARTESIAN_POINT('',(-19.2229575843767,-3.13198740900652,3.49999999999992));
#1136=DIRECTION('',(-0.258819045102525,0.965925826289067,6.12323399573677E-017));
#1137=DIRECTION('',(0.965925826289067,0.258819045102525,0.0));
#1138=CARTESIAN_POINT('',(-35.5909078192768,-7.73348270550405,5.36419670649604));
#1139=DIRECTION('',(0.0,0.0,1.0));
#1140=DIRECTION('',(0.707106781186545,0.70710678118655,0.0));
#1141=CARTESIAN_POINT('',(-15.0815758994377,-12.323859452721,3.49999999999992));
#1142=DIRECTION('',(-0.70710678118655,0.707106781186545,6.12323399573677E-017));
#1143=DIRECTION('',(0.707106781186545,0.70710678118655,0.0));
#1144=CARTESIAN_POINT('',(-26.9558889624918,-24.4928463923325,5.36419670649604));
#1145=DIRECTION('',(0.0,0.0,1.0));
#1146=DIRECTION('',(0.258819045102518,0.965925826289069,0.0));
#1147=CARTESIAN_POINT('',(-6.89909813165564,-18.2135633084442,3.49999999999992));
#1148=DIRECTION('',(-0.965925826289069,0.258819045102518,6.12323399573677E-017));
#1149=DIRECTION('',(0.258819045102518,0.965925826289069,0.0));
#1150=CARTESIAN_POINT('',(-11.0980614269442,-34.6893716679959,5.36419670649604));
#1151=DIRECTION('',(0.0,0.0,1.0));
#1152=DIRECTION('',(-0.258819045102525,0.965925826289067,0.0));
#1153=CARTESIAN_POINT('',(3.13198740900658,-19.2229575843766,3.49999999999992));
#1154=DIRECTION('',(-0.965925826289067,-0.258819045102525,6.12323399573677E-017));
#1155=DIRECTION('',(-0.258819045102525,0.965925826289067,0.0));
#1156=CARTESIAN_POINT('',(7.73348270550412,-35.5909078192768,5.36419670649604));
#1157=DIRECTION('',(0.0,0.0,1.0));
#1158=DIRECTION('',(-0.70710678118655,0.707106781186545,0.0));
#1159=CARTESIAN_POINT('',(12.3238594527211,-15.0815758994377,3.49999999999992));
#1160=DIRECTION('',(-0.707106781186545,-0.70710678118655,6.12323399573677E-017));
#1161=DIRECTION('',(-0.70710678118655,0.707106781186545,0.0));
#1162=CARTESIAN_POINT('',(24.4928463923325,-26.9558889624918,5.36419670649604));
#1163=DIRECTION('',(0.0,0.0,1.0));
#1164=DIRECTION('',(-0.965925826289069,0.258819045102517,0.0));
#1165=CARTESIAN_POINT('',(18.2135633084443,-6.89909813165564,3.49999999999992));
#1166=DIRECTION('',(-0.258819045102517,-0.965925826289069,6.12323399573677E-017));
#1167=DIRECTION('',(-0.965925826289069,0.258819045102517,0.0));
#1168=CARTESIAN_POINT('',(34.689371667996,-11.0980614269442,5.36419670649604));
#1169=DIRECTION('',(0.0,0.0,1.0));
#1170=DIRECTION('',(-0.965925826289067,-0.258819045102524,0.0));
#1171=CARTESIAN_POINT('',(19.2229575843767,3.13198740900659,3.49999999999992));
#1172=DIRECTION('',(0.258819045102524,-0.965925826289067,6.12323399573677E-017));
#1173=DIRECTION('',(-0.965925826289067,-0.258819045102524,0.0));
#1174=CARTESIAN_POINT('',(35.5909078192768,7.73348270550413,5.36419670649604));
#1175=DIRECTION('',(0.0,0.0,1.0));
#1176=DIRECTION('',(-0.707106781186545,-0.70710678118655,0.0));
#1177=CARTESIAN_POINT('',(15.0815758994378,12.3238594527211,3.49999999999992));
#1178=DIRECTION('',(0.70710678118655,-0.707106781186545,6.12323399573677E-017));
#1179=DIRECTION('',(-0.707106781186545,-0.70710678118655,0.0));
#1180=CARTESIAN_POINT('',(26.9558889624919,24.4928463923325,5.36419670649604));
#1181=DIRECTION('',(0.0,0.0,1.0));
#1182=DIRECTION('',(-0.258819045102518,-0.965925826289069,0.0));
#1183=CARTESIAN_POINT('',(6.89909813165572,18.2135633084443,3.49999999999992));
#1184=DIRECTION('',(0.965925826289069,-0.258819045102518,6.12323399573677E-017));
#1185=DIRECTION('',(-0.258819045102518,-0.965925826289069,0.0));
#1186=CARTESIAN_POINT('',(11.0980614269443,34.689371667996,5.36419670649604));
#1187=DIRECTION('',(0.0,0.0,1.0));
#1188=DIRECTION('',(0.258819045102524,-0.965925826289067,0.0));
#1189=CARTESIAN_POINT('',(-3.13198740900652,19.2229575843767,3.49999999999992));
#1190=DIRECTION('',(0.965925826289067,0.258819045102524,6.12323399573677E-017));
#1191=DIRECTION('',(0.258819045102524,-0.965925826289067,0.0));
#1194=UNCERTAINTY_MEASURE_WITH_UNIT(LENGTH_MEASURE(0.001),#1196,'','');
#1196= (CONVERSION_BASED_UNIT('MILLIMETRE',#2008)LENGTH_UNIT()NAMED_UNIT(#2011));
#1197= (NAMED_UNIT(#2013)PLANE_ANGLE_UNIT()SI_UNIT($,.RADIAN.));
#1198= (NAMED_UNIT(#2013)SOLID_ANGLE_UNIT()SI_UNIT($,.STERADIAN.));
#1200=PRODUCT_CONTEXT('',#81,'mechanical');
#1201=PRODUCT_DEFINITION_FORMATION_WITH_SPECIFIED_SOURCE(' ','NONE',#451,.NOT_KNOWN.);
#1202=CLOSED_SHELL('',(#970,#972,#974,#976,#978,#980,#982,#984,#986,#988,#990,#992,#994,#996,#998,#1000,#1002,#1004,#1006,#1008,#1010,#1012,#1014,#1016,#1018,#1020,#1022,#1024,#1026,#1028,#1030,#1032,#1034,#1036,#1038,#1040,#1042,#1044,#1046,#1048,#1050,#1052,#1054,#1056,#1058,#1060,#1062,#1064,#1066,#1068,#1070,#1072,#1074,#1076));
#1203=PRODUCT_CONTEXT('',#89,'mechanical');
#1204=PRODUCT_DEFINITION_FORMATION_WITH_SPECIFIED_SOURCE(' ','NONE',#459,.NOT_KNOWN.);
#1205=CLOSED_SHELL('',(#2019,#2020,#2021,#2022,#2023,#2024,#2025,#2026));
#1206=PRODUCT_CONTEXT('',#97,'mechanical');
#1207=PRODUCT_DEFINITION_FORMATION_WITH_SPECIFIED_SOURCE(' ','NONE',#467,.NOT_KNOWN.);
#1208=CLOSED_SHELL('',(#2027));
#1209=SURFACE_STYLE_USAGE(.BOTH.,#2028);
#1210=FACE_OUTER_BOUND('',#2029,.T.);
#1211=PLANE('',#2030);
#1212=SURFACE_STYLE_USAGE(.BOTH.,#2031);
#1213=FACE_OUTER_BOUND('',#2032,.T.);
#1214=FACE_OUTER_BOUND('',#2033,.T.);
#1215=CYLINDRICAL_SURFACE('',#2034,1.65);
#1216=SURFACE_STYLE_USAGE(.BOTH.,#2035);
#1217=FACE_BOUND('',#2036,.T.);
#1218=FACE_OUTER_BOUND('',#2037,.T.);
#1219=PLANE('',#2038);
#1220=SURFACE_STYLE_USAGE(.BOTH.,#2039);
#1221=FACE_OUTER_BOUND('',#2040,.T.);
#1222=PLANE('',#2041);
#1223=SURFACE_STYLE_USAGE(.BOTH.,#2042);
#1224=FACE_OUTER_BOUND('',#2043,.T.);
#1225=PLANE('',#2044);
#1226=SURFACE_STYLE_USAGE(.BOTH.,#2045);
#1227=FACE_OUTER_BOUND('',#2046,.T.);
#1228=PLANE('',#2047);
#1229=SURFACE_STYLE_USAGE(.BOTH.,#2048);
#1230=FACE_OUTER_BOUND('',#2049,.T.);
#1231=PLANE('',#2050);
#1232=SURFACE_STYLE_USAGE(.BOTH.,#2051);
#1233=FACE_OUTER_BOUND('',#2052,.T.);
#1234=PLANE('',#2053);
#1235=SURFACE_STYLE_USAGE(.BOTH.,#2054);
#1236=FACE_OUTER_BOUND('',#2055,.T.);
#1237=PLANE('',#2056);
#1238=SURFACE_STYLE_USAGE(.BOTH.,#2057);
#1239=FACE_OUTER_BOUND('',#2058,.T.);
#1240=FACE_OUTER_BOUND('',#2059,.T.);
#1241=CYLINDRICAL_SURFACE('',#2060,1.65);
#1242=SURFACE_STYLE_USAGE(.BOTH.,#2061);
#1243=FACE_BOUND('',#2062,.T.);
#1244=FACE_OUTER_BOUND('',#2063,.T.);
#1245=PLANE('',#2064);
#1246=SURFACE_STYLE_USAGE(.BOTH.,#2065);
#1247=FACE_OUTER_BOUND('',#2066,.T.);
#1248=PLANE('',#2067);
#1249=SURFACE_STYLE_USAGE(.BOTH.,#2068);
#1250=FACE_OUTER_BOUND('',#2069,.T.);
#1251=PLANE('',#2070);
#1252=SURFACE_STYLE_USAGE(.BOTH.,#2071);
#1253=FACE_OUTER_BOUND('',#2072,.T.);
#1254=PLANE('',#2073);
#1255=SURFACE_STYLE_USAGE(.BOTH.,#2074);
#1256=FACE_OUTER_BOUND('',#2075,.T.);
#1257=PLANE('',#2076);
#1258=SURFACE_STYLE_USAGE(.BOTH.,#2077);
#1259=FACE_OUTER_BOUND('',#2078,.T.);
#1260=PLANE('',#2079);
#1261=SURFACE_STYLE_USAGE(.BOTH.,#2080);
#1262=FACE_OUTER_BOUND('',#2081,.T.);
#1263=PLANE('',#2082);
#1264=SURFACE_STYLE_USAGE(.BOTH.,#2083);
#1265=FACE_OUTER_BOUND('',#2084,.T.);
#1266=FACE_OUTER_BOUND('',#2085,.T.);
#1267=CYLINDRICAL_SURFACE('',#2086,1.65);
#1268=SURFACE_STYLE_USAGE(.BOTH.,#2087);
#1269=FACE_BOUND('',#2088,.T.);
#1270=FACE_OUTER_BOUND('',#2089,.T.);
#1271=PLANE('',#2090);
#1272=SURFACE_STYLE_USAGE(.BOTH.,#2091);
#1273=FACE_OUTER_BOUND('',#2092,.T.);
#1274=PLANE('',#2093);
#1275=SURFACE_STYLE_USAGE(.BOTH.,#2094);
#1276=FACE_OUTER_BOUND('',#2095,.T.);
#1277=PLANE('',#2096);
#1278=SURFACE_STYLE_USAGE(.BOTH.,#2097);
#1279=FACE_OUTER_BOUND('',#2098,.T.);
#1280=PLANE('',#2099);
#1281=SURFACE_STYLE_USAGE(.BOTH.,#2100);
#1282=FACE_OUTER_BOUND('',#2101,.T.);
#1283=PLANE('',#2102);
#1284=SURFACE_STYLE_USAGE(.BOTH.,#2103);
#1285=FACE_OUTER_BOUND('',#2104,.T.);
#1286=PLANE('',#2105);
#1287=SURFACE_STYLE_USAGE(.BOTH.,#2106);
#1288=FACE_OUTER_BOUND('',#2107,.T.);
#1289=PLANE('',#2108);
#1290=SURFACE_STYLE_USAGE(.BOTH.,#2109);
#1291=FACE_OUTER_BOUND('',#2110,.T.);
#1292=FACE_OUTER_BOUND('',#2111,.T.);
#1293=CYLINDRICAL_SURFACE('',#2112,1.65);
#1294=SURFACE_STYLE_USAGE(.BOTH.,#2113);
#1295=FACE_BOUND('',#2114,.T.);
#1296=FACE_OUTER_BOUND('',#2115,.T.);
#1297=PLANE('',#2116);
#1298=SURFACE_STYLE_USAGE(.BOTH.,#2117);
#1299=FACE_OUTER_BOUND('',#2118,.T.);
#1300=PLANE('',#2119);
#1301=SURFACE_STYLE_USAGE(.BOTH.,#2120);
#1302=FACE_OUTER_BOUND('',#2121,.T.);
#1303=PLANE('',#2122);
#1304=SURFACE_STYLE_USAGE(.BOTH.,#2123);
#1305=FACE_OUTER_BOUND('',#2124,.T.);
#1306=PLANE('',#2125);
#1307=SURFACE_STYLE_USAGE(.BOTH.,#2126);
#1308=FACE_OUTER_BOUND('',#2127,.T.);
#1309=PLANE('',#2128);
#1310=SURFACE_STYLE_USAGE(.BOTH.,#2129);
#1311=FACE_OUTER_BOUND('',#2130,.T.);
#1312=PLANE('',#2131);
#1313=SURFACE_STYLE_USAGE(.BOTH.,#2132);
#1314=FACE_OUTER_BOUND('',#2133,.T.);
#1315=PLANE('',#2134);
#1316=SURFACE_STYLE_USAGE(.BOTH.,#2135);
#1317=FACE_OUTER_BOUND('',#2136,.T.);
#1318=CYLINDRICAL_SURFACE('',#2137,2.1);
#1319=SURFACE_STYLE_USAGE(.BOTH.,#2138);
#1320=FACE_BOUND('',#2139,.T.);
#1321=FACE_OUTER_BOUND('',#2140,.T.);
#1322=PLANE('',#2141);
#1323=SURFACE_STYLE_USAGE(.BOTH.,#2142);
#1324=FACE_BOUND('',#2143,.T.);
#1325=FACE_OUTER_BOUND('',#2144,.T.);
#1326=PLANE('',#2145);
#1327=SURFACE_STYLE_USAGE(.BOTH.,#2146);
#1328=FACE_OUTER_BOUND('',#2147,.T.);
#1329=FACE_OUTER_BOUND('',#2148,.T.);
#1330=CYLINDRICAL_SURFACE('',#2149,5.0);
#1331=SURFACE_STYLE_USAGE(.BOTH.,#2150);
#1332=FACE_BOUND('',#2151,.T.);
#1333=FACE_OUTER_BOUND('',#2152,.T.);
#1334=PLANE('',#2153);
#1335=SURFACE_STYLE_USAGE(.BOTH.,#2154);
#1336=FACE_BOUND('',#2155,.T.);
#1337=FACE_BOUND('',#2156,.T.);
#1338=FACE_BOUND('',#2157,.T.);
#1339=FACE_BOUND('',#2158,.T.);
#1340=FACE_OUTER_BOUND('',#2159,.T.);
#1341=FACE_OUTER_BOUND('',#2160,.T.);
#1342=CYLINDRICAL_SURFACE('',#2161,1.6665);
#1343=SURFACE_STYLE_USAGE(.BOTH.,#2162);
#1344=FACE_OUTER_BOUND('',#2163,.T.);
#1345=CYLINDRICAL_SURFACE('',#2164,2.35);
#1346=SURFACE_STYLE_USAGE(.BOTH.,#2165);
#1347=FACE_OUTER_BOUND('',#2166,.T.);
#1348=PLANE('',#2167);
#1349=SURFACE_STYLE_USAGE(.BOTH.,#2168);
#1350=FACE_OUTER_BOUND('',#2169,.T.);
#1351=PLANE('',#2170);
#1352=SURFACE_STYLE_USAGE(.BOTH.,#2171);
#1353=FACE_OUTER_BOUND('',#2172,.T.);
#1354=CYLINDRICAL_SURFACE('',#2173,2.35);
#1355=SURFACE_STYLE_USAGE(.BOTH.,#2174);
#1356=FACE_OUTER_BOUND('',#2175,.T.);
#1357=PLANE('',#2176);
#1358=SURFACE_STYLE_USAGE(.BOTH.,#2177);
#1359=FACE_OUTER_BOUND('',#2178,.T.);
#1360=PLANE('',#2179);
#1361=SURFACE_STYLE_USAGE(.BOTH.,#2180);
#1362=FACE_OUTER_BOUND('',#2181,.T.);
#1363=CYLINDRICAL_SURFACE('',#2182,2.35);
#1364=SURFACE_STYLE_USAGE(.BOTH.,#2183);
#1365=FACE_OUTER_BOUND('',#2184,.T.);
#1366=PLANE('',#2185);
#1367=SURFACE_STYLE_USAGE(.BOTH.,#2186);
#1368=FACE_OUTER_BOUND('',#2187,.T.);
#1369=PLANE('',#2188);
#1370=SURFACE_STYLE_USAGE(.BOTH.,#2189);
#1371=FACE_OUTER_BOUND('',#2190,.T.);
#1372=CYLINDRICAL_SURFACE('',#2191,2.35);
#1373=SURFACE_STYLE_USAGE(.BOTH.,#2192);
#1374=FACE_OUTER_BOUND('',#2193,.T.);
#1375=PLANE('',#2194);
#1376=SURFACE_STYLE_USAGE(.BOTH.,#2195);
#1377=FACE_OUTER_BOUND('',#2196,.T.);
#1378=PLANE('',#2197);
#1379=SURFACE_STYLE_USAGE(.BOTH.,#2198);
#1380=FACE_OUTER_BOUND('',#2199,.T.);
#1381=CYLINDRICAL_SURFACE('',#2200,2.35);
#1382=SURFACE_STYLE_USAGE(.BOTH.,#2201);
#1383=FACE_OUTER_BOUND('',#2202,.T.);
#1384=PLANE('',#2203);
#1385=SURFACE_STYLE_USAGE(.BOTH.,#2204);
#1386=FACE_OUTER_BOUND('',#2205,.T.);
#1387=PLANE('',#2206);
#1388=SURFACE_STYLE_USAGE(.BOTH.,#2207);
#1389=FACE_OUTER_BOUND('',#2208,.T.);
#1390=CYLINDRICAL_SURFACE('',#2209,2.35);
#1391=SURFACE_STYLE_USAGE(.BOTH.,#2210);
#1392=FACE_OUTER_BOUND('',#2211,.T.);
#1393=PLANE('',#2212);
#1394=SURFACE_STYLE_USAGE(.BOTH.,#2213);
#1395=FACE_OUTER_BOUND('',#2214,.T.);
#1396=PLANE('',#2215);
#1397=SURFACE_STYLE_USAGE(.BOTH.,#2216);
#1398=FACE_OUTER_BOUND('',#2217,.T.);
#1399=CYLINDRICAL_SURFACE('',#2218,2.35);
#1400=SURFACE_STYLE_USAGE(.BOTH.,#2219);
#1401=FACE_OUTER_BOUND('',#2220,.T.);
#1402=PLANE('',#2221);
#1403=SURFACE_STYLE_USAGE(.BOTH.,#2222);
#1404=FACE_OUTER_BOUND('',#2223,.T.);
#1405=PLANE('',#2224);
#1406=SURFACE_STYLE_USAGE(.BOTH.,#2225);
#1407=FACE_OUTER_BOUND('',#2226,.T.);
#1408=CYLINDRICAL_SURFACE('',#2227,2.35);
#1409=SURFACE_STYLE_USAGE(.BOTH.,#2228);
#1410=FACE_OUTER_BOUND('',#2229,.T.);
#1411=PLANE('',#2230);
#1412=SURFACE_STYLE_USAGE(.BOTH.,#2231);
#1413=FACE_OUTER_BOUND('',#2232,.T.);
#1414=PLANE('',#2233);
#1415=SURFACE_STYLE_USAGE(.BOTH.,#2234);
#1416=FACE_OUTER_BOUND('',#2235,.T.);
#1417=CYLINDRICAL_SURFACE('',#2236,2.35);
#1418=SURFACE_STYLE_USAGE(.BOTH.,#2237);
#1419=FACE_OUTER_BOUND('',#2238,.T.);
#1420=PLANE('',#2239);
#1421=SURFACE_STYLE_USAGE(.BOTH.,#2240);
#1422=FACE_OUTER_BOUND('',#2241,.T.);
#1423=PLANE('',#2242);
#1424=SURFACE_STYLE_USAGE(.BOTH.,#2243);
#1425=FACE_OUTER_BOUND('',#2244,.T.);
#1426=CYLINDRICAL_SURFACE('',#2245,2.35);
#1427=SURFACE_STYLE_USAGE(.BOTH.,#2246);
#1428=FACE_OUTER_BOUND('',#2247,.T.);
#1429=PLANE('',#2248);
#1430=SURFACE_STYLE_USAGE(.BOTH.,#2249);
#1431=FACE_OUTER_BOUND('',#2250,.T.);
#1432=PLANE('',#2251);
#1433=SURFACE_STYLE_USAGE(.BOTH.,#2252);
#1434=FACE_OUTER_BOUND('',#2253,.T.);
#1435=CYLINDRICAL_SURFACE('',#2254,2.35);
#1436=SURFACE_STYLE_USAGE(.BOTH.,#2255);
#1437=FACE_OUTER_BOUND('',#2256,.T.);
#1438=PLANE('',#2257);
#1439=SURFACE_STYLE_USAGE(.BOTH.,#2258);
#1440=FACE_OUTER_BOUND('',#2259,.T.);
#1441=PLANE('',#2260);
#1442=SURFACE_STYLE_USAGE(.BOTH.,#2261);
#1443=FACE_OUTER_BOUND('',#2262,.T.);
#1444=CYLINDRICAL_SURFACE('',#2263,2.35);
#1445=SURFACE_STYLE_USAGE(.BOTH.,#2264);
#1446=FACE_OUTER_BOUND('',#2265,.T.);
#1447=PLANE('',#2266);
#1448=SURFACE_STYLE_USAGE(.BOTH.,#2267);
#1449=FACE_OUTER_BOUND('',#2268,.T.);
#1450=PLANE('',#2269);
#1451=SURFACE_STYLE_USAGE(.BOTH.,#2270);
#1452=FACE_OUTER_BOUND('',#2271,.T.);
#1453=CYLINDRICAL_SURFACE('',#2272,1.05);
#1454=SURFACE_STYLE_USAGE(.BOTH.,#2273);
#1455=FACE_OUTER_BOUND('',#2274,.T.);
#1456=PLANE('',#2275);
#1457=SURFACE_STYLE_USAGE(.BOTH.,#2276);
#1458=FACE_OUTER_BOUND('',#2277,.T.);
#1459=PLANE('',#2278);
#1460=SURFACE_STYLE_USAGE(.BOTH.,#2279);
#1461=FACE_OUTER_BOUND('',#2280,.T.);
#1462=PLANE('',#2281);
#1463=SURFACE_STYLE_USAGE(.BOTH.,#2282);
#1464=FACE_OUTER_BOUND('',#2283,.T.);
#1465=PLANE('',#2284);
#1466=SURFACE_STYLE_USAGE(.BOTH.,#2285);
#1467=FACE_OUTER_BOUND('',#2286,.T.);
#1468=CYLINDRICAL_SURFACE('',#2287,1.05);
#1469=SURFACE_STYLE_USAGE(.BOTH.,#2288);
#1470=FACE_OUTER_BOUND('',#2289,.T.);
#1471=PLANE('',#2290);
#1472=SURFACE_STYLE_USAGE(.BOTH.,#2291);
#1473=FACE_OUTER_BOUND('',#2292,.T.);
#1474=PLANE('',#2293);
#1475=SURFACE_STYLE_USAGE(.BOTH.,#2294);
#1476=FACE_OUTER_BOUND('',#2295,.T.);
#1477=PLANE('',#2296);
#1478=SURFACE_STYLE_USAGE(.BOTH.,#2297);
#1479=FACE_OUTER_BOUND('',#2298,.T.);
#1480=PLANE('',#2299);
#1481=SURFACE_STYLE_USAGE(.BOTH.,#2300);
#1482=FACE_OUTER_BOUND('',#2301,.T.);
#1483=CYLINDRICAL_SURFACE('',#2302,1.05);
#1484=SURFACE_STYLE_USAGE(.BOTH.,#2303);
#1485=FACE_OUTER_BOUND('',#2304,.T.);
#1486=PLANE('',#2305);
#1487=SURFACE_STYLE_USAGE(.BOTH.,#2306);
#1488=FACE_OUTER_BOUND('',#2307,.T.);
#1489=PLANE('',#2308);
#1490=SURFACE_STYLE_USAGE(.BOTH.,#2309);
#1491=FACE_OUTER_BOUND('',#2310,.T.);
#1492=PLANE('',#2311);
#1493=SURFACE_STYLE_USAGE(.BOTH.,#2312);
#1494=FACE_OUTER_BOUND('',#2313,.T.);
#1495=PLANE('',#2314);
#1496=SURFACE_STYLE_USAGE(.BOTH.,#2315);
#1497=FACE_OUTER_BOUND('',#2316,.T.);
#1498=CYLINDRICAL_SURFACE('',#2317,1.05);
#1499=SURFACE_STYLE_USAGE(.BOTH.,#2318);
#1500=FACE_OUTER_BOUND('',#2319,.T.);
#1501=PLANE('',#2320);
#1502=SURFACE_STYLE_USAGE(.BOTH.,#2321);
#1503=FACE_OUTER_BOUND('',#2322,.T.);
#1504=PLANE('',#2323);
#1505=SURFACE_STYLE_USAGE(.BOTH.,#2324);
#1506=FACE_OUTER_BOUND('',#2325,.T.);
#1507=PLANE('',#2326);
#1508=SURFACE_STYLE_USAGE(.BOTH.,#2327);
#1509=FACE_OUTER_BOUND('',#2328,.T.);
#1510=PLANE('',#2329);
#1511=SURFACE_STYLE_USAGE(.BOTH.,#2330);
#1512=FACE_OUTER_BOUND('',#2331,.T.);
#1513=CYLINDRICAL_SURFACE('',#2332,1.05);
#1514=SURFACE_STYLE_USAGE(.BOTH.,#2333);
#1515=FACE_OUTER_BOUND('',#2334,.T.);
#1516=PLANE('',#2335);
#1517=SURFACE_STYLE_USAGE(.BOTH.,#2336);
#1518=FACE_OUTER_BOUND('',#2337,.T.);
#1519=PLANE('',#2338);
#1520=SURFACE_STYLE_USAGE(.BOTH.,#2339);
#1521=FACE_OUTER_BOUND('',#2340,.T.);
#1522=PLANE('',#2341);
#1523=SURFACE_STYLE_USAGE(.BOTH.,#2342);
#1524=FACE_OUTER_BOUND('',#2343,.T.);
#1525=PLANE('',#2344);
#1526=SURFACE_STYLE_USAGE(.BOTH.,#2345);
#1527=FACE_OUTER_BOUND('',#2346,.T.);
#1528=CYLINDRICAL_SURFACE('',#2347,1.05);
#1529=SURFACE_STYLE_USAGE(.BOTH.,#2348);
#1530=FACE_OUTER_BOUND('',#2349,.T.);
#1531=PLANE('',#2350);
#1532=SURFACE_STYLE_USAGE(.BOTH.,#2351);
#1533=FACE_OUTER_BOUND('',#2352,.T.);
#1534=PLANE('',#2353);
#1535=SURFACE_STYLE_USAGE(.BOTH.,#2354);
#1536=FACE_OUTER_BOUND('',#2355,.T.);
#1537=PLANE('',#2356);
#1538=SURFACE_STYLE_USAGE(.BOTH.,#2357);
#1539=FACE_OUTER_BOUND('',#2358,.T.);
#1540=PLANE('',#2359);
#1541=SURFACE_STYLE_USAGE(.BOTH.,#2360);
#1542=FACE_OUTER_BOUND('',#2361,.T.);
#1543=CYLINDRICAL_SURFACE('',#2362,1.05);
#1544=SURFACE_STYLE_USAGE(.BOTH.,#2363);
#1545=FACE_OUTER_BOUND('',#2364,.T.);
#1546=PLANE('',#2365);
#1547=SURFACE_STYLE_USAGE(.BOTH.,#2366);
#1548=FACE_OUTER_BOUND('',#2367,.T.);
#1549=PLANE('',#2368);
#1550=SURFACE_STYLE_USAGE(.BOTH.,#2369);
#1551=FACE_OUTER_BOUND('',#2370,.T.);
#1552=PLANE('',#2371);
#1553=SURFACE_STYLE_USAGE(.BOTH.,#2372);
#1554=FACE_OUTER_BOUND('',#2373,.T.);
#1555=PLANE('',#2374);
#1556=SURFACE_STYLE_USAGE(.BOTH.,#2375);
#1557=FACE_OUTER_BOUND('',#2376,.T.);
#1558=CYLINDRICAL_SURFACE('',#2377,1.05);
#1559=SURFACE_STYLE_USAGE(.BOTH.,#2378);
#1560=FACE_OUTER_BOUND('',#2379,.T.);
#1561=PLANE('',#2380);
#1562=SURFACE_STYLE_USAGE(.BOTH.,#2381);
#1563=FACE_OUTER_BOUND('',#2382,.T.);
#1564=PLANE('',#2383);
#1565=SURFACE_STYLE_USAGE(.BOTH.,#2384);
#1566=FACE_OUTER_BOUND('',#2385,.T.);
#1567=PLANE('',#2386);
#1568=SURFACE_STYLE_USAGE(.BOTH.,#2387);
#1569=FACE_OUTER_BOUND('',#2388,.T.);
#1570=PLANE('',#2389);
#1571=SURFACE_STYLE_USAGE(.BOTH.,#2390);
#1572=FACE_OUTER_BOUND('',#2391,.T.);
#1573=CYLINDRICAL_SURFACE('',#2392,1.05);
#1574=SURFACE_STYLE_USAGE(.BOTH.,#2393);
#1575=FACE_OUTER_BOUND('',#2394,.T.);
#1576=PLANE('',#2395);
#1577=SURFACE_STYLE_USAGE(.BOTH.,#2396);
#1578=FACE_OUTER_BOUND('',#2397,.T.);
#1579=PLANE('',#2398);
#1580=SURFACE_STYLE_USAGE(.BOTH.,#2399);
#1581=FACE_OUTER_BOUND('',#2400,.T.);
#1582=PLANE('',#2401);
#1583=SURFACE_STYLE_USAGE(.BOTH.,#2402);
#1584=FACE_OUTER_BOUND('',#2403,.T.);
#1585=PLANE('',#2404);
#1586=SURFACE_STYLE_USAGE(.BOTH.,#2405);
#1587=FACE_OUTER_BOUND('',#2406,.T.);
#1588=CYLINDRICAL_SURFACE('',#2407,1.05);
#1589=SURFACE_STYLE_USAGE(.BOTH.,#2408);
#1590=FACE_OUTER_BOUND('',#2409,.T.);
#1591=PLANE('',#2410);
#1592=SURFACE_STYLE_USAGE(.BOTH.,#2411);
#1593=FACE_OUTER_BOUND('',#2412,.T.);
#1594=PLANE('',#2413);
#1595=SURFACE_STYLE_USAGE(.BOTH.,#2414);
#1596=FACE_OUTER_BOUND('',#2415,.T.);
#1597=PLANE('',#2416);
#1598=SURFACE_STYLE_USAGE(.BOTH.,#2417);
#1599=FACE_OUTER_BOUND('',#2418,.T.);
#1600=PLANE('',#2419);
#1601=SURFACE_STYLE_USAGE(.BOTH.,#2420);
#1602=FACE_OUTER_BOUND('',#2421,.T.);
#1603=CYLINDRICAL_SURFACE('',#2422,1.05);
#1604=SURFACE_STYLE_USAGE(.BOTH.,#2423);
#1605=FACE_OUTER_BOUND('',#2424,.T.);
#1606=PLANE('',#2425);
#1607=SURFACE_STYLE_USAGE(.BOTH.,#2426);
#1608=FACE_OUTER_BOUND('',#2427,.T.);
#1609=PLANE('',#2428);
#1610=SURFACE_STYLE_USAGE(.BOTH.,#2429);
#1611=FACE_OUTER_BOUND('',#2430,.T.);
#1612=PLANE('',#2431);
#1613=SURFACE_STYLE_USAGE(.BOTH.,#2432);
#1614=FACE_OUTER_BOUND('',#2433,.T.);
#1615=PLANE('',#2434);
#1616=SURFACE_STYLE_USAGE(.BOTH.,#2435);
#1617=FACE_OUTER_BOUND('',#2436,.T.);
#1618=CYLINDRICAL_SURFACE('',#2437,1.05);
#1619=SURFACE_STYLE_USAGE(.BOTH.,#2438);
#1620=FACE_OUTER_BOUND('',#2439,.T.);
#1621=PLANE('',#2440);
#1622=SURFACE_STYLE_USAGE(.BOTH.,#2441);
#1623=FACE_OUTER_BOUND('',#2442,.T.);
#1624=PLANE('',#2443);
#1625=SURFACE_STYLE_USAGE(.BOTH.,#2444);
#1626=FACE_OUTER_BOUND('',#2445,.T.);
#1627=PLANE('',#2446);
#1628=SURFACE_STYLE_USAGE(.BOTH.,#2447);
#1629=FACE_OUTER_BOUND('',#2448,.T.);
#1630=PLANE('',#2449);
#1631=SURFACE_STYLE_USAGE(.BOTH.,#2450);
#1632=FACE_OUTER_BOUND('',#2451,.T.);
#1633=FACE_BOUND('',#2452,.T.);
#1634=CYLINDRICAL_SURFACE('',#2453,21.8);
#1635=SURFACE_STYLE_USAGE(.BOTH.,#2454);
#1636=FACE_OUTER_BOUND('',#2455,.T.);
#1637=CYLINDRICAL_SURFACE('',#2456,21.8);
#1638=SURFACE_STYLE_USAGE(.BOTH.,#2457);
#1639=FACE_OUTER_BOUND('',#2458,.T.);
#1640=CYLINDRICAL_SURFACE('',#2459,21.8);
#1641=SURFACE_STYLE_USAGE(.BOTH.,#2460);
#1642=FACE_OUTER_BOUND('',#2461,.T.);
#1643=CYLINDRICAL_SURFACE('',#2462,21.8);
#1644=SURFACE_STYLE_USAGE(.BOTH.,#2463);
#1645=FACE_OUTER_BOUND('',#2464,.T.);
#1646=CYLINDRICAL_SURFACE('',#2465,21.8);
#1647=SURFACE_STYLE_USAGE(.BOTH.,#2466);
#1648=FACE_OUTER_BOUND('',#2467,.T.);
#1649=FACE_OUTER_BOUND('',#2468,.T.);
#1650=CYLINDRICAL_SURFACE('',#2469,1.15);
#1651=SURFACE_STYLE_USAGE(.BOTH.,#2470);
#1652=FACE_OUTER_BOUND('',#2471,.T.);
#1653=FACE_OUTER_BOUND('',#2472,.T.);
#1654=CYLINDRICAL_SURFACE('',#2473,1.15);
#1655=SURFACE_STYLE_USAGE(.BOTH.,#2474);
#1656=FACE_BOUND('',#2475,.T.);
#1657=FACE_OUTER_BOUND('',#2476,.T.);
#1658=PLANE('',#2477);
#1659=SURFACE_STYLE_USAGE(.BOTH.,#2478);
#1660=FACE_BOUND('',#2479,.T.);
#1661=FACE_BOUND('',#2480,.T.);
#1662=FACE_BOUND('',#2481,.T.);
#1663=FACE_BOUND('',#2482,.T.);
#1664=FACE_BOUND('',#2483,.T.);
#1665=FACE_BOUND('',#2484,.T.);
#1666=FACE_OUTER_BOUND('',#2485,.T.);
#1667=PLANE('',#2486);
#1668=SURFACE_STYLE_USAGE(.BOTH.,#2487);
#1669=FACE_OUTER_BOUND('',#2488,.T.);
#1670=CYLINDRICAL_SURFACE('',#2489,1.05);
#1671=SURFACE_STYLE_USAGE(.BOTH.,#2490);
#1672=FACE_OUTER_BOUND('',#2491,.T.);
#1673=PLANE('',#2492);
#1674=SURFACE_STYLE_USAGE(.BOTH.,#2493);
#1675=FACE_OUTER_BOUND('',#2494,.T.);
#1676=PLANE('',#2495);
#1677=SURFACE_STYLE_USAGE(.BOTH.,#2496);
#1678=FACE_OUTER_BOUND('',#2497,.T.);
#1679=CYLINDRICAL_SURFACE('',#2498,1.05);
#1680=SURFACE_STYLE_USAGE(.BOTH.,#2499);
#1681=FACE_OUTER_BOUND('',#2500,.T.);
#1682=PLANE('',#2501);
#1683=SURFACE_STYLE_USAGE(.BOTH.,#2502);
#1684=FACE_OUTER_BOUND('',#2503,.T.);
#1685=PLANE('',#2504);
#1686=SURFACE_STYLE_USAGE(.BOTH.,#2505);
#1687=FACE_OUTER_BOUND('',#2506,.T.);
#1688=CYLINDRICAL_SURFACE('',#2507,1.05);
#1689=SURFACE_STYLE_USAGE(.BOTH.,#2508);
#1690=FACE_OUTER_BOUND('',#2509,.T.);
#1691=PLANE('',#2510);
#1692=SURFACE_STYLE_USAGE(.BOTH.,#2511);
#1693=FACE_OUTER_BOUND('',#2512,.T.);
#1694=PLANE('',#2513);
#1695=SURFACE_STYLE_USAGE(.BOTH.,#2514);
#1696=FACE_OUTER_BOUND('',#2515,.T.);
#1697=CYLINDRICAL_SURFACE('',#2516,1.05);
#1698=SURFACE_STYLE_USAGE(.BOTH.,#2517);
#1699=FACE_OUTER_BOUND('',#2518,.T.);
#1700=PLANE('',#2519);
#1701=SURFACE_STYLE_USAGE(.BOTH.,#2520);
#1702=FACE_OUTER_BOUND('',#2521,.T.);
#1703=PLANE('',#2522);
#1704=SURFACE_STYLE_USAGE(.BOTH.,#2523);
#1705=FACE_OUTER_BOUND('',#2524,.T.);
#1706=CYLINDRICAL_SURFACE('',#2525,1.05);
#1707=SURFACE_STYLE_USAGE(.BOTH.,#2526);
#1708=FACE_OUTER_BOUND('',#2527,.T.);
#1709=PLANE('',#2528);
#1710=SURFACE_STYLE_USAGE(.BOTH.,#2529);
#1711=FACE_OUTER_BOUND('',#2530,.T.);
#1712=PLANE('',#2531);
#1713=SURFACE_STYLE_USAGE(.BOTH.,#2532);
#1714=FACE_OUTER_BOUND('',#2533,.T.);
#1715=CYLINDRICAL_SURFACE('',#2534,1.05);
#1716=SURFACE_STYLE_USAGE(.BOTH.,#2535);
#1717=FACE_OUTER_BOUND('',#2536,.T.);
#1718=PLANE('',#2537);
#1719=SURFACE_STYLE_USAGE(.BOTH.,#2538);
#1720=FACE_OUTER_BOUND('',#2539,.T.);
#1721=PLANE('',#2540);
#1722=SURFACE_STYLE_USAGE(.BOTH.,#2541);
#1723=FACE_OUTER_BOUND('',#2542,.T.);
#1724=CYLINDRICAL_SURFACE('',#2543,1.05);
#1725=SURFACE_STYLE_USAGE(.BOTH.,#2544);
#1726=FACE_OUTER_BOUND('',#2545,.T.);
#1727=PLANE('',#2546);
#1728=SURFACE_STYLE_USAGE(.BOTH.,#2547);
#1729=FACE_OUTER_BOUND('',#2548,.T.);
#1730=PLANE('',#2549);
#1731=SURFACE_STYLE_USAGE(.BOTH.,#2550);
#1732=FACE_OUTER_BOUND('',#2551,.T.);
#1733=CYLINDRICAL_SURFACE('',#2552,1.05);
#1734=SURFACE_STYLE_USAGE(.BOTH.,#2553);
#1735=FACE_OUTER_BOUND('',#2554,.T.);
#1736=PLANE('',#2555);
#1737=SURFACE_STYLE_USAGE(.BOTH.,#2556);
#1738=FACE_OUTER_BOUND('',#2557,.T.);
#1739=PLANE('',#2558);
#1740=SURFACE_STYLE_USAGE(.BOTH.,#2559);
#1741=FACE_OUTER_BOUND('',#2560,.T.);
#1742=CYLINDRICAL_SURFACE('',#2561,1.05);
#1743=SURFACE_STYLE_USAGE(.BOTH.,#2562);
#1744=FACE_OUTER_BOUND('',#2563,.T.);
#1745=PLANE('',#2564);
#1746=SURFACE_STYLE_USAGE(.BOTH.,#2565);
#1747=FACE_OUTER_BOUND('',#2566,.T.);
#1748=PLANE('',#2567);
#1749=SURFACE_STYLE_USAGE(.BOTH.,#2568);
#1750=FACE_OUTER_BOUND('',#2569,.T.);
#1751=CYLINDRICAL_SURFACE('',#2570,1.05);
#1752=SURFACE_STYLE_USAGE(.BOTH.,#2571);
#1753=FACE_OUTER_BOUND('',#2572,.T.);
#1754=PLANE('',#2573);
#1755=SURFACE_STYLE_USAGE(.BOTH.,#2574);
#1756=FACE_OUTER_BOUND('',#2575,.T.);
#1757=PLANE('',#2576);
#1758=SURFACE_STYLE_USAGE(.BOTH.,#2577);
#1759=FACE_OUTER_BOUND('',#2578,.T.);
#1760=PLANE('',#2579);
#1761=SURFACE_STYLE_USAGE(.BOTH.,#2580);
#1762=FACE_OUTER_BOUND('',#2581,.T.);
#1763=CYLINDRICAL_SURFACE('',#2582,1.05);
#1764=SURFACE_STYLE_USAGE(.BOTH.,#2583);
#1765=FACE_OUTER_BOUND('',#2584,.T.);
#1766=CYLINDRICAL_SURFACE('',#2585,21.8);
#1767=SURFACE_STYLE_USAGE(.BOTH.,#2586);
#1768=FACE_OUTER_BOUND('',#2587,.T.);
#1769=CYLINDRICAL_SURFACE('',#2588,21.8);
#1770=SURFACE_STYLE_USAGE(.BOTH.,#2589);
#1771=FACE_OUTER_BOUND('',#2590,.T.);
#1772=CYLINDRICAL_SURFACE('',#2591,21.8);
#1773=SURFACE_STYLE_USAGE(.BOTH.,#2592);
#1774=FACE_OUTER_BOUND('',#2593,.T.);
#1775=CYLINDRICAL_SURFACE('',#2594,21.8);
#1776=SURFACE_STYLE_USAGE(.BOTH.,#2595);
#1777=FACE_OUTER_BOUND('',#2596,.T.);
#1778=CYLINDRICAL_SURFACE('',#2597,21.8);
#1779=SURFACE_STYLE_USAGE(.BOTH.,#2598);
#1780=FACE_OUTER_BOUND('',#2599,.T.);
#1781=CYLINDRICAL_SURFACE('',#2600,21.8);
#1782=SURFACE_STYLE_USAGE(.BOTH.,#2601);
#1783=FACE_OUTER_BOUND('',#2602,.T.);
#1784=CYLINDRICAL_SURFACE('',#2603,21.8);
#1785=SURFACE_STYLE_USAGE(.BOTH.,#2604);
#1786=FACE_OUTER_BOUND('',#2605,.T.);
#1787=PLANE('',#2606);
#1788=SURFACE_STYLE_USAGE(.BOTH.,#2607);
#1789=FACE_BOUND('',#2608,.T.);
#1790=FACE_OUTER_BOUND('',#2609,.T.);
#1791=PLANE('',#2610);
#1792=SURFACE_STYLE_USAGE(.BOTH.,#2611);
#1793=FACE_OUTER_BOUND('',#2612,.T.);
#1794=PLANE('',#2613);
#1795=SURFACE_STYLE_USAGE(.BOTH.,#2614);
#1796=FACE_OUTER_BOUND('',#2615,.T.);
#1797=PLANE('',#2616);
#1798=SURFACE_STYLE_USAGE(.BOTH.,#2617);
#1799=FACE_OUTER_BOUND('',#2618,.T.);
#1800=PLANE('',#2619);
#1801=SURFACE_STYLE_USAGE(.BOTH.,#2620);
#1802=FACE_OUTER_BOUND('',#2621,.T.);
#1803=CYLINDRICAL_SURFACE('',#2622,1.05);
#1804=SURFACE_STYLE_USAGE(.BOTH.,#2623);
#1805=FACE_OUTER_BOUND('',#2624,.T.);
#1806=PLANE('',#2625);
#1807=SURFACE_STYLE_USAGE(.BOTH.,#2626);
#1808=FACE_OUTER_BOUND('',#2627,.T.);
#1809=PLANE('',#2628);
#1810=SURFACE_STYLE_USAGE(.BOTH.,#2629);
#1811=FACE_BOUND('',#2630,.T.);
#1812=FACE_BOUND('',#2631,.T.);
#1813=FACE_BOUND('',#2632,.T.);
#1814=FACE_BOUND('',#2633,.T.);
#1815=FACE_BOUND('',#2634,.T.);
#1816=FACE_OUTER_BOUND('',#2635,.T.);
#1817=PLANE('',#2636);
#1818=SURFACE_STYLE_USAGE(.BOTH.,#2637);
#1819=FACE_OUTER_BOUND('',#2638,.T.);
#1820=CYLINDRICAL_SURFACE('',#2639,2.35);
#1821=SURFACE_STYLE_USAGE(.BOTH.,#2640);
#1822=FACE_OUTER_BOUND('',#2641,.T.);
#1823=PLANE('',#2642);
#1824=SURFACE_STYLE_USAGE(.BOTH.,#2643);
#1825=FACE_OUTER_BOUND('',#2644,.T.);
#1826=PLANE('',#2645);
#1827=SURFACE_STYLE_USAGE(.BOTH.,#2646);
#1828=FACE_OUTER_BOUND('',#2647,.T.);
#1829=FACE_OUTER_BOUND('',#2648,.T.);
#1830=CYLINDRICAL_SURFACE('',#2649,1.65);
#1831=SURFACE_STYLE_USAGE(.BOTH.,#2650);
#1832=FACE_OUTER_BOUND('',#2651,.T.);
#1833=FACE_OUTER_BOUND('',#2652,.T.);
#1834=CYLINDRICAL_SURFACE('',#2653,1.65);
#1835=SURFACE_STYLE_USAGE(.BOTH.,#2654);
#1836=FACE_OUTER_BOUND('',#2655,.T.);
#1837=FACE_OUTER_BOUND('',#2656,.T.);
#1838=CYLINDRICAL_SURFACE('',#2657,1.65);
#1839=SURFACE_STYLE_USAGE(.BOTH.,#2658);
#1840=FACE_OUTER_BOUND('',#2659,.T.);
#1841=FACE_OUTER_BOUND('',#2660,.T.);
#1842=CYLINDRICAL_SURFACE('',#2661,1.65);
#1843=SURFACE_STYLE_USAGE(.BOTH.,#2662);
#1844=FACE_OUTER_BOUND('',#2663,.T.);
#1845=CYLINDRICAL_SURFACE('',#2664,21.8);
#1846=SURFACE_STYLE_USAGE(.BOTH.,#2665);
#1847=FACE_OUTER_BOUND('',#2666,.T.);
#1848=CYLINDRICAL_SURFACE('',#2667,21.8);
#1849=SURFACE_STYLE_USAGE(.BOTH.,#2668);
#1850=FACE_OUTER_BOUND('',#2669,.T.);
#1851=CYLINDRICAL_SURFACE('',#2670,21.8);
#1852=SURFACE_STYLE_USAGE(.BOTH.,#2671);
#1853=FACE_BOUND('',#2672,.T.);
#1854=FACE_BOUND('',#2673,.T.);
#1855=FACE_BOUND('',#2674,.T.);
#1856=FACE_BOUND('',#2675,.T.);
#1857=FACE_OUTER_BOUND('',#2676,.T.);
#1858=PLANE('',#2677);
#1859=SURFACE_STYLE_USAGE(.BOTH.,#2678);
#1860=FACE_OUTER_BOUND('',#2679,.T.);
#1861=CYLINDRICAL_SURFACE('',#2680,21.8);
#1862=SURFACE_STYLE_USAGE(.BOTH.,#2681);
#1863=FACE_OUTER_BOUND('',#2682,.T.);
#1864=CYLINDRICAL_SURFACE('',#2683,21.8);
#1865=SURFACE_STYLE_USAGE(.BOTH.,#2684);
#1866=FACE_BOUND('',#2685,.T.);
#1867=FACE_BOUND('',#2686,.T.);
#1868=FACE_BOUND('',#2687,.T.);
#1869=FACE_BOUND('',#2688,.T.);
#1870=FACE_OUTER_BOUND('',#2689,.T.);
#1871=PLANE('',#2690);
#1872=SURFACE_STYLE_USAGE(.BOTH.,#2691);
#1873=FACE_OUTER_BOUND('',#2692,.T.);
#1874=CYLINDRICAL_SURFACE('',#2693,2.35);
#1875=SURFACE_STYLE_USAGE(.BOTH.,#2694);
#1876=FACE_OUTER_BOUND('',#2695,.T.);
#1877=PLANE('',#2696);
#1878=SURFACE_STYLE_USAGE(.BOTH.,#2697);
#1879=FACE_OUTER_BOUND('',#2698,.T.);
#1880=PLANE('',#2699);
#1881=SURFACE_STYLE_USAGE(.BOTH.,#2700);
#1882=FACE_OUTER_BOUND('',#2701,.T.);
#1883=CYLINDRICAL_SURFACE('',#2702,2.35);
#1884=SURFACE_STYLE_USAGE(.BOTH.,#2703);
#1885=FACE_OUTER_BOUND('',#2704,.T.);
#1886=PLANE('',#2705);
#1887=SURFACE_STYLE_USAGE(.BOTH.,#2706);
#1888=FACE_OUTER_BOUND('',#2707,.T.);
#1889=PLANE('',#2708);
#1890=SURFACE_STYLE_USAGE(.BOTH.,#2709);
#1891=FACE_OUTER_BOUND('',#2710,.T.);
#1892=CYLINDRICAL_SURFACE('',#2711,2.35);
#1893=SURFACE_STYLE_USAGE(.BOTH.,#2712);
#1894=FACE_OUTER_BOUND('',#2713,.T.);
#1895=PLANE('',#2714);
#1896=SURFACE_STYLE_USAGE(.BOTH.,#2715);
#1897=FACE_OUTER_BOUND('',#2716,.T.);
#1898=PLANE('',#2717);
#1899=SURFACE_STYLE_USAGE(.BOTH.,#2718);
#1900=FACE_OUTER_BOUND('',#2719,.T.);
#1901=CYLINDRICAL_SURFACE('',#2720,2.35);
#1902=SURFACE_STYLE_USAGE(.BOTH.,#2721);
#1903=FACE_OUTER_BOUND('',#2722,.T.);
#1904=PLANE('',#2723);
#1905=SURFACE_STYLE_USAGE(.BOTH.,#2724);
#1906=FACE_OUTER_BOUND('',#2725,.T.);
#1907=PLANE('',#2726);
#1908=SURFACE_STYLE_USAGE(.BOTH.,#2727);
#1909=FACE_OUTER_BOUND('',#2728,.T.);
#1910=CYLINDRICAL_SURFACE('',#2729,2.35);
#1911=SURFACE_STYLE_USAGE(.BOTH.,#2730);
#1912=FACE_OUTER_BOUND('',#2731,.T.);
#1913=PLANE('',#2732);
#1914=SURFACE_STYLE_USAGE(.BOTH.,#2733);
#1915=FACE_OUTER_BOUND('',#2734,.T.);
#1916=PLANE('',#2735);
#1917=SURFACE_STYLE_USAGE(.BOTH.,#2736);
#1918=FACE_OUTER_BOUND('',#2737,.T.);
#1919=CYLINDRICAL_SURFACE('',#2738,2.35);
#1920=SURFACE_STYLE_USAGE(.BOTH.,#2739);
#1921=FACE_OUTER_BOUND('',#2740,.T.);
#1922=PLANE('',#2741);
#1923=SURFACE_STYLE_USAGE(.BOTH.,#2742);
#1924=FACE_OUTER_BOUND('',#2743,.T.);
#1925=PLANE('',#2744);
#1926=SURFACE_STYLE_USAGE(.BOTH.,#2745);
#1927=FACE_OUTER_BOUND('',#2746,.T.);
#1928=CYLINDRICAL_SURFACE('',#2747,2.35);
#1929=SURFACE_STYLE_USAGE(.BOTH.,#2748);
#1930=FACE_OUTER_BOUND('',#2749,.T.);
#1931=PLANE('',#2750);
#1932=SURFACE_STYLE_USAGE(.BOTH.,#2751);
#1933=FACE_OUTER_BOUND('',#2752,.T.);
#1934=PLANE('',#2753);
#1935=SURFACE_STYLE_USAGE(.BOTH.,#2754);
#1936=FACE_OUTER_BOUND('',#2755,.T.);
#1937=CYLINDRICAL_SURFACE('',#2756,2.35);
#1938=SURFACE_STYLE_USAGE(.BOTH.,#2757);
#1939=FACE_OUTER_BOUND('',#2758,.T.);
#1940=PLANE('',#2759);
#1941=SURFACE_STYLE_USAGE(.BOTH.,#2760);
#1942=FACE_OUTER_BOUND('',#2761,.T.);
#1943=PLANE('',#2762);
#1944=SURFACE_STYLE_USAGE(.BOTH.,#2763);
#1945=FACE_OUTER_BOUND('',#2764,.T.);
#1946=CYLINDRICAL_SURFACE('',#2765,2.35);
#1947=SURFACE_STYLE_USAGE(.BOTH.,#2766);
#1948=FACE_OUTER_BOUND('',#2767,.T.);
#1949=PLANE('',#2768);
#1950=SURFACE_STYLE_USAGE(.BOTH.,#2769);
#1951=FACE_OUTER_BOUND('',#2770,.T.);
#1952=PLANE('',#2771);
#1953=SURFACE_STYLE_USAGE(.BOTH.,#2772);
#1954=FACE_OUTER_BOUND('',#2773,.T.);
#1955=CYLINDRICAL_SURFACE('',#2774,2.35);
#1956=SURFACE_STYLE_USAGE(.BOTH.,#2775);
#1957=FACE_OUTER_BOUND('',#2776,.T.);
#1958=PLANE('',#2777);
#1959=SURFACE_STYLE_USAGE(.BOTH.,#2778);
#1960=FACE_OUTER_BOUND('',#2779,.T.);
#1961=PLANE('',#2780);
#1962=SURFACE_STYLE_USAGE(.BOTH.,#2781);
#1963=FACE_OUTER_BOUND('',#2782,.T.);
#1964=CYLINDRICAL_SURFACE('',#2783,21.8);
#1965=SURFACE_STYLE_USAGE(.BOTH.,#2784);
#1966=FACE_OUTER_BOUND('',#2785,.T.);
#1967=CYLINDRICAL_SURFACE('',#2786,21.8);
#1968=SURFACE_STYLE_USAGE(.BOTH.,#2787);
#1969=FACE_OUTER_BOUND('',#2788,.T.);
#1970=CYLINDRICAL_SURFACE('',#2789,21.8);
#1971=SURFACE_STYLE_USAGE(.BOTH.,#2790);
#1972=FACE_OUTER_BOUND('',#2791,.T.);
#1973=CYLINDRICAL_SURFACE('',#2792,21.8);
#1974=SURFACE_STYLE_USAGE(.BOTH.,#2793);
#1975=FACE_OUTER_BOUND('',#2794,.T.);
#1976=CYLINDRICAL_SURFACE('',#2795,21.8);
#1977=SURFACE_STYLE_USAGE(.BOTH.,#2796);
#1978=FACE_OUTER_BOUND('',#2797,.T.);
#1979=CYLINDRICAL_SURFACE('',#2798,21.8);
#1980=SURFACE_STYLE_USAGE(.BOTH.,#2799);
#1981=FACE_OUTER_BOUND('',#2800,.T.);
#1982=CYLINDRICAL_SURFACE('',#2801,21.8);
#1983=SURFACE_STYLE_USAGE(.BOTH.,#2802);
#1984=FACE_OUTER_BOUND('',#2803,.T.);
#1985=CYLINDRICAL_SURFACE('',#2804,2.35);
#1986=SURFACE_STYLE_USAGE(.BOTH.,#2805);
#1987=FACE_OUTER_BOUND('',#2806,.T.);
#1988=PLANE('',#2807);
#1989=SURFACE_STYLE_USAGE(.BOTH.,#2808);
#1990=FACE_OUTER_BOUND('',#2809,.T.);
#1991=PLANE('',#2810);
#1992= (NAMED_UNIT(#1082)LENGTH_UNIT()SI_UNIT(.MILLI.,.METRE.));
#1995=LENGTH_MEASURE_WITH_UNIT(LENGTH_MEASURE(1.0),#2812);
#1998=DIMENSIONAL_EXPONENTS(1.0,0.0,0.0,0.0,0.0,0.0,0.0);
#2000=DIMENSIONAL_EXPONENTS(0.0,0.0,0.0,0.0,0.0,0.0,0.0);
#2008=LENGTH_MEASURE_WITH_UNIT(LENGTH_MEASURE(1.0),#2813);
#2011=DIMENSIONAL_EXPONENTS(1.0,0.0,0.0,0.0,0.0,0.0,0.0);
#2013=DIMENSIONAL_EXPONENTS(0.0,0.0,0.0,0.0,0.0,0.0,0.0);
#2019=ADVANCED_FACE('',(#2814,#2815),#2816,.T.);
#2020=ADVANCED_FACE('',(#2817,#2818),#2819,.T.);
#2021=ADVANCED_FACE('',(#2820,#2821),#2822,.T.);
#2022=ADVANCED_FACE('',(#2823,#2824),#2825,.T.);
#2023=ADVANCED_FACE('',(#2826,#2827),#2828,.F.);
#2024=ADVANCED_FACE('',(#2829,#2830),#2831,.T.);
#2025=ADVANCED_FACE('',(#2832,#2833),#2834,.T.);
#2026=ADVANCED_FACE('',(#2835,#2836),#2837,.T.);
#2027=ADVANCED_FACE('',(),#2838,.T.);
#2028=SURFACE_SIDE_STYLE('',(#2839));
#2029=EDGE_LOOP('',(#2840,#2841,#2842,#2843));
#2030=AXIS2_PLACEMENT_3D('',#2844,#2845,#2846);
#2031=SURFACE_SIDE_STYLE('',(#2847));
#2032=EDGE_LOOP('',(#2848));
#2033=EDGE_LOOP('',(#2849));
#2034=AXIS2_PLACEMENT_3D('',#2850,#2851,#2852);
#2035=SURFACE_SIDE_STYLE('',(#2853));
#2036=EDGE_LOOP('',(#2854));
#2037=EDGE_LOOP('',(#2855,#2856,#2857,#2858,#2859,#2860));
#2038=AXIS2_PLACEMENT_3D('',#2861,#2862,#2863);
#2039=SURFACE_SIDE_STYLE('',(#2864));
#2040=EDGE_LOOP('',(#2865,#2866,#2867,#2868));
#2041=AXIS2_PLACEMENT_3D('',#2869,#2870,#2871);
#2042=SURFACE_SIDE_STYLE('',(#2872));
#2043=EDGE_LOOP('',(#2873,#2874,#2875,#2876));
#2044=AXIS2_PLACEMENT_3D('',#2877,#2878,#2879);
#2045=SURFACE_SIDE_STYLE('',(#2880));
#2046=EDGE_LOOP('',(#2881,#2882,#2883,#2884));
#2047=AXIS2_PLACEMENT_3D('',#2885,#2886,#2887);
#2048=SURFACE_SIDE_STYLE('',(#2888));
#2049=EDGE_LOOP('',(#2889,#2890,#2891,#2892));
#2050=AXIS2_PLACEMENT_3D('',#2893,#2894,#2895);
#2051=SURFACE_SIDE_STYLE('',(#2896));
#2052=EDGE_LOOP('',(#2897,#2898,#2899,#2900));
#2053=AXIS2_PLACEMENT_3D('',#2901,#2902,#2903);
#2054=SURFACE_SIDE_STYLE('',(#2904));
#2055=EDGE_LOOP('',(#2905,#2906,#2907,#2908));
#2056=AXIS2_PLACEMENT_3D('',#2909,#2910,#2911);
#2057=SURFACE_SIDE_STYLE('',(#2912));
#2058=EDGE_LOOP('',(#2913));
#2059=EDGE_LOOP('',(#2914));
#2060=AXIS2_PLACEMENT_3D('',#2915,#2916,#2917);
#2061=SURFACE_SIDE_STYLE('',(#2918));
#2062=EDGE_LOOP('',(#2919));
#2063=EDGE_LOOP('',(#2920,#2921,#2922,#2923,#2924,#2925));
#2064=AXIS2_PLACEMENT_3D('',#2926,#2927,#2928);
#2065=SURFACE_SIDE_STYLE('',(#2929));
#2066=EDGE_LOOP('',(#2930,#2931,#2932,#2933));
#2067=AXIS2_PLACEMENT_3D('',#2934,#2935,#2936);
#2068=SURFACE_SIDE_STYLE('',(#2937));
#2069=EDGE_LOOP('',(#2938,#2939,#2940,#2941));
#2070=AXIS2_PLACEMENT_3D('',#2942,#2943,#2944);
#2071=SURFACE_SIDE_STYLE('',(#2945));
#2072=EDGE_LOOP('',(#2946,#2947,#2948,#2949));
#2073=AXIS2_PLACEMENT_3D('',#2950,#2951,#2952);
#2074=SURFACE_SIDE_STYLE('',(#2953));
#2075=EDGE_LOOP('',(#2954,#2955,#2956,#2957));
#2076=AXIS2_PLACEMENT_3D('',#2958,#2959,#2960);
#2077=SURFACE_SIDE_STYLE('',(#2961));
#2078=EDGE_LOOP('',(#2962,#2963,#2964,#2965));
#2079=AXIS2_PLACEMENT_3D('',#2966,#2967,#2968);
#2080=SURFACE_SIDE_STYLE('',(#2969));
#2081=EDGE_LOOP('',(#2970,#2971,#2972,#2973));
#2082=AXIS2_PLACEMENT_3D('',#2974,#2975,#2976);
#2083=SURFACE_SIDE_STYLE('',(#2977));
#2084=EDGE_LOOP('',(#2978));
#2085=EDGE_LOOP('',(#2979));
#2086=AXIS2_PLACEMENT_3D('',#2980,#2981,#2982);
#2087=SURFACE_SIDE_STYLE('',(#2983));
#2088=EDGE_LOOP('',(#2984));
#2089=EDGE_LOOP('',(#2985,#2986,#2987,#2988,#2989,#2990));
#2090=AXIS2_PLACEMENT_3D('',#2991,#2992,#2993);
#2091=SURFACE_SIDE_STYLE('',(#2994));
#2092=EDGE_LOOP('',(#2995,#2996,#2997,#2998));
#2093=AXIS2_PLACEMENT_3D('',#2999,#3000,#3001);
#2094=SURFACE_SIDE_STYLE('',(#3002));
#2095=EDGE_LOOP('',(#3003,#3004,#3005,#3006));
#2096=AXIS2_PLACEMENT_3D('',#3007,#3008,#3009);
#2097=SURFACE_SIDE_STYLE('',(#3010));
#2098=EDGE_LOOP('',(#3011,#3012,#3013,#3014));
#2099=AXIS2_PLACEMENT_3D('',#3015,#3016,#3017);
#2100=SURFACE_SIDE_STYLE('',(#3018));
#2101=EDGE_LOOP('',(#3019,#3020,#3021,#3022));
#2102=AXIS2_PLACEMENT_3D('',#3023,#3024,#3025);
#2103=SURFACE_SIDE_STYLE('',(#3026));
#2104=EDGE_LOOP('',(#3027,#3028,#3029,#3030));
#2105=AXIS2_PLACEMENT_3D('',#3031,#3032,#3033);
#2106=SURFACE_SIDE_STYLE('',(#3034));
#2107=EDGE_LOOP('',(#3035,#3036,#3037,#3038));
#2108=AXIS2_PLACEMENT_3D('',#3039,#3040,#3041);
#2109=SURFACE_SIDE_STYLE('',(#3042));
#2110=EDGE_LOOP('',(#3043));
#2111=EDGE_LOOP('',(#3044));
#2112=AXIS2_PLACEMENT_3D('',#3045,#3046,#3047);
#2113=SURFACE_SIDE_STYLE('',(#3048));
#2114=EDGE_LOOP('',(#3049));
#2115=EDGE_LOOP('',(#3050,#3051,#3052,#3053,#3054,#3055));
#2116=AXIS2_PLACEMENT_3D('',#3056,#3057,#3058);
#2117=SURFACE_SIDE_STYLE('',(#3059));
#2118=EDGE_LOOP('',(#3060,#3061,#3062,#3063));
#2119=AXIS2_PLACEMENT_3D('',#3064,#3065,#3066);
#2120=SURFACE_SIDE_STYLE('',(#3067));
#2121=EDGE_LOOP('',(#3068,#3069,#3070,#3071));
#2122=AXIS2_PLACEMENT_3D('',#3072,#3073,#3074);
#2123=SURFACE_SIDE_STYLE('',(#3075));
#2124=EDGE_LOOP('',(#3076,#3077,#3078,#3079));
#2125=AXIS2_PLACEMENT_3D('',#3080,#3081,#3082);
#2126=SURFACE_SIDE_STYLE('',(#3083));
#2127=EDGE_LOOP('',(#3084,#3085,#3086,#3087));
#2128=AXIS2_PLACEMENT_3D('',#3088,#3089,#3090);
#2129=SURFACE_SIDE_STYLE('',(#3091));
#2130=EDGE_LOOP('',(#3092,#3093,#3094,#3095));
#2131=AXIS2_PLACEMENT_3D('',#3096,#3097,#3098);
#2132=SURFACE_SIDE_STYLE('',(#3099));
#2133=EDGE_LOOP('',(#3100,#3101,#3102,#3103));
#2134=AXIS2_PLACEMENT_3D('',#3104,#3105,#3106);
#2135=SURFACE_SIDE_STYLE('',(#3107));
#2136=EDGE_LOOP('',(#3108,#3109,#3110,#3111));
#2137=AXIS2_PLACEMENT_3D('',#3112,#3113,#3114);
#2138=SURFACE_SIDE_STYLE('',(#3115));
#2139=EDGE_LOOP('',(#3116));
#2140=EDGE_LOOP('',(#3117,#3118,#3119,#3120));
#2141=AXIS2_PLACEMENT_3D('',#3121,#3122,#3123);
#2142=SURFACE_SIDE_STYLE('',(#3124));
#2143=EDGE_LOOP('',(#3125,#3126));
#2144=EDGE_LOOP('',(#3127));
#2145=AXIS2_PLACEMENT_3D('',#3128,#3129,#3130);
#2146=SURFACE_SIDE_STYLE('',(#3131));
#2147=EDGE_LOOP('',(#3132,#3133));
#2148=EDGE_LOOP('',(#3134));
#2149=AXIS2_PLACEMENT_3D('',#3135,#3136,#3137);
#2150=SURFACE_SIDE_STYLE('',(#3138));
#2151=EDGE_LOOP('',(#3139));
#2152=EDGE_LOOP('',(#3140,#3141,#3142,#3143,#3144,#3145));
#2153=AXIS2_PLACEMENT_3D('',#3146,#3147,#3148);
#2154=SURFACE_SIDE_STYLE('',(#3149));
#2155=EDGE_LOOP('',(#3150,#3151));
#2156=EDGE_LOOP('',(#3152,#3153));
#2157=EDGE_LOOP('',(#3154,#3155,#3156,#3157));
#2158=EDGE_LOOP('',(#3158,#3159,#3160,#3161));
#2159=EDGE_LOOP('',(#3162));
#2160=EDGE_LOOP('',(#3163));
#2161=AXIS2_PLACEMENT_3D('',#3164,#3165,#3166);
#2162=SURFACE_SIDE_STYLE('',(#3167));
#2163=EDGE_LOOP('',(#3168,#3169,#3170,#3171,#3172,#3173));
#2164=AXIS2_PLACEMENT_3D('',#3174,#3175,#3176);
#2165=SURFACE_SIDE_STYLE('',(#3177));
#2166=EDGE_LOOP('',(#3178,#3179,#3180,#3181,#3182,#3183,#3184,#3185,#3186,#3187));
#2167=AXIS2_PLACEMENT_3D('',#3188,#3189,#3190);
#2168=SURFACE_SIDE_STYLE('',(#3191));
#2169=EDGE_LOOP('',(#3192,#3193,#3194,#3195,#3196,#3197,#3198,#3199));
#2170=AXIS2_PLACEMENT_3D('',#3200,#3201,#3202);
#2171=SURFACE_SIDE_STYLE('',(#3203));
#2172=EDGE_LOOP('',(#3204,#3205,#3206,#3207));
#2173=AXIS2_PLACEMENT_3D('',#3208,#3209,#3210);
#2174=SURFACE_SIDE_STYLE('',(#3211));
#2175=EDGE_LOOP('',(#3212,#3213,#3214,#3215,#3216,#3217,#3218,#3219));
#2176=AXIS2_PLACEMENT_3D('',#3220,#3221,#3222);
#2177=SURFACE_SIDE_STYLE('',(#3223));
#2178=EDGE_LOOP('',(#3224,#3225,#3226,#3227,#3228,#3229,#3230,#3231));
#2179=AXIS2_PLACEMENT_3D('',#3232,#3233,#3234);
#2180=SURFACE_SIDE_STYLE('',(#3235));
#2181=EDGE_LOOP('',(#3236,#3237,#3238,#3239));
#2182=AXIS2_PLACEMENT_3D('',#3240,#3241,#3242);
#2183=SURFACE_SIDE_STYLE('',(#3243));
#2184=EDGE_LOOP('',(#3244,#3245,#3246,#3247,#3248,#3249,#3250,#3251));
#2185=AXIS2_PLACEMENT_3D('',#3252,#3253,#3254);
#2186=SURFACE_SIDE_STYLE('',(#3255));
#2187=EDGE_LOOP('',(#3256,#3257,#3258,#3259,#3260,#3261,#3262,#3263));
#2188=AXIS2_PLACEMENT_3D('',#3264,#3265,#3266);
#2189=SURFACE_SIDE_STYLE('',(#3267));
#2190=EDGE_LOOP('',(#3268,#3269,#3270,#3271));
#2191=AXIS2_PLACEMENT_3D('',#3272,#3273,#3274);
#2192=SURFACE_SIDE_STYLE('',(#3275));
#2193=EDGE_LOOP('',(#3276,#3277,#3278,#3279,#3280,#3281,#3282,#3283));
#2194=AXIS2_PLACEMENT_3D('',#3284,#3285,#3286);
#2195=SURFACE_SIDE_STYLE('',(#3287));
#2196=EDGE_LOOP('',(#3288,#3289,#3290,#3291,#3292,#3293,#3294,#3295));
#2197=AXIS2_PLACEMENT_3D('',#3296,#3297,#3298);
#2198=SURFACE_SIDE_STYLE('',(#3299));
#2199=EDGE_LOOP('',(#3300,#3301,#3302,#3303));
#2200=AXIS2_PLACEMENT_3D('',#3304,#3305,#3306);
#2201=SURFACE_SIDE_STYLE('',(#3307));
#2202=EDGE_LOOP('',(#3308,#3309,#3310,#3311,#3312,#3313,#3314,#3315));
#2203=AXIS2_PLACEMENT_3D('',#3316,#3317,#3318);
#2204=SURFACE_SIDE_STYLE('',(#3319));
#2205=EDGE_LOOP('',(#3320,#3321,#3322,#3323,#3324,#3325,#3326,#3327));
#2206=AXIS2_PLACEMENT_3D('',#3328,#3329,#3330);
#2207=SURFACE_SIDE_STYLE('',(#3331));
#2208=EDGE_LOOP('',(#3332,#3333,#3334,#3335));
#2209=AXIS2_PLACEMENT_3D('',#3336,#3337,#3338);
#2210=SURFACE_SIDE_STYLE('',(#3339));
#2211=EDGE_LOOP('',(#3340,#3341,#3342,#3343,#3344,#3345,#3346,#3347));
#2212=AXIS2_PLACEMENT_3D('',#3348,#3349,#3350);
#2213=SURFACE_SIDE_STYLE('',(#3351));
#2214=EDGE_LOOP('',(#3352,#3353,#3354,#3355,#3356,#3357,#3358,#3359));
#2215=AXIS2_PLACEMENT_3D('',#3360,#3361,#3362);
#2216=SURFACE_SIDE_STYLE('',(#3363));
#2217=EDGE_LOOP('',(#3364,#3365,#3366,#3367));
#2218=AXIS2_PLACEMENT_3D('',#3368,#3369,#3370);
#2219=SURFACE_SIDE_STYLE('',(#3371));
#2220=EDGE_LOOP('',(#3372,#3373,#3374,#3375,#3376,#3377,#3378,#3379));
#2221=AXIS2_PLACEMENT_3D('',#3380,#3381,#3382);
#2222=SURFACE_SIDE_STYLE('',(#3383));
#2223=EDGE_LOOP('',(#3384,#3385,#3386,#3387,#3388,#3389,#3390,#3391));
#2224=AXIS2_PLACEMENT_3D('',#3392,#3393,#3394);
#2225=SURFACE_SIDE_STYLE('',(#3395));
#2226=EDGE_LOOP('',(#3396,#3397,#3398,#3399));
#2227=AXIS2_PLACEMENT_3D('',#3400,#3401,#3402);
#2228=SURFACE_SIDE_STYLE('',(#3403));
#2229=EDGE_LOOP('',(#3404,#3405,#3406,#3407,#3408,#3409,#3410,#3411));
#2230=AXIS2_PLACEMENT_3D('',#3412,#3413,#3414);
#2231=SURFACE_SIDE_STYLE('',(#3415));
#2232=EDGE_LOOP('',(#3416,#3417,#3418,#3419,#3420,#3421,#3422,#3423));
#2233=AXIS2_PLACEMENT_3D('',#3424,#3425,#3426);
#2234=SURFACE_SIDE_STYLE('',(#3427));
#2235=EDGE_LOOP('',(#3428,#3429,#3430,#3431));
#2236=AXIS2_PLACEMENT_3D('',#3432,#3433,#3434);
#2237=SURFACE_SIDE_STYLE('',(#3435));
#2238=EDGE_LOOP('',(#3436,#3437,#3438,#3439,#3440,#3441,#3442,#3443));
#2239=AXIS2_PLACEMENT_3D('',#3444,#3445,#3446);
#2240=SURFACE_SIDE_STYLE('',(#3447));
#2241=EDGE_LOOP('',(#3448,#3449,#3450,#3451,#3452,#3453,#3454,#3455));
#2242=AXIS2_PLACEMENT_3D('',#3456,#3457,#3458);
#2243=SURFACE_SIDE_STYLE('',(#3459));
#2244=EDGE_LOOP('',(#3460,#3461,#3462,#3463));
#2245=AXIS2_PLACEMENT_3D('',#3464,#3465,#3466);
#2246=SURFACE_SIDE_STYLE('',(#3467));
#2247=EDGE_LOOP('',(#3468,#3469,#3470,#3471,#3472,#3473,#3474,#3475));
#2248=AXIS2_PLACEMENT_3D('',#3476,#3477,#3478);
#2249=SURFACE_SIDE_STYLE('',(#3479));
#2250=EDGE_LOOP('',(#3480,#3481,#3482,#3483,#3484,#3485,#3486,#3487));
#2251=AXIS2_PLACEMENT_3D('',#3488,#3489,#3490);
#2252=SURFACE_SIDE_STYLE('',(#3491));
#2253=EDGE_LOOP('',(#3492,#3493,#3494,#3495));
#2254=AXIS2_PLACEMENT_3D('',#3496,#3497,#3498);
#2255=SURFACE_SIDE_STYLE('',(#3499));
#2256=EDGE_LOOP('',(#3500,#3501,#3502,#3503,#3504,#3505,#3506,#3507));
#2257=AXIS2_PLACEMENT_3D('',#3508,#3509,#3510);
#2258=SURFACE_SIDE_STYLE('',(#3511));
#2259=EDGE_LOOP('',(#3512,#3513,#3514,#3515,#3516,#3517,#3518,#3519));
#2260=AXIS2_PLACEMENT_3D('',#3520,#3521,#3522);
#2261=SURFACE_SIDE_STYLE('',(#3523));
#2262=EDGE_LOOP('',(#3524,#3525,#3526,#3527,#3528,#3529));
#2263=AXIS2_PLACEMENT_3D('',#3530,#3531,#3532);
#2264=SURFACE_SIDE_STYLE('',(#3533));
#2265=EDGE_LOOP('',(#3534,#3535,#3536,#3537,#3538,#3539,#3540,#3541));
#2266=AXIS2_PLACEMENT_3D('',#3542,#3543,#3544);
#2267=SURFACE_SIDE_STYLE('',(#3545));
#2268=EDGE_LOOP('',(#3546,#3547,#3548,#3549,#3550,#3551,#3552,#3553,#3554,#3555));
#2269=AXIS2_PLACEMENT_3D('',#3556,#3557,#3558);
#2270=SURFACE_SIDE_STYLE('',(#3559));
#2271=EDGE_LOOP('',(#3560,#3561,#3562,#3563));
#2272=AXIS2_PLACEMENT_3D('',#3564,#3565,#3566);
#2273=SURFACE_SIDE_STYLE('',(#3567));
#2274=EDGE_LOOP('',(#3568,#3569,#3570,#3571));
#2275=AXIS2_PLACEMENT_3D('',#3572,#3573,#3574);
#2276=SURFACE_SIDE_STYLE('',(#3575));
#2277=EDGE_LOOP('',(#3576,#3577,#3578,#3579));
#2278=AXIS2_PLACEMENT_3D('',#3580,#3581,#3582);
#2279=SURFACE_SIDE_STYLE('',(#3583));
#2280=EDGE_LOOP('',(#3584,#3585,#3586,#3587));
#2281=AXIS2_PLACEMENT_3D('',#3588,#3589,#3590);
#2282=SURFACE_SIDE_STYLE('',(#3591));
#2283=EDGE_LOOP('',(#3592,#3593,#3594,#3595));
#2284=AXIS2_PLACEMENT_3D('',#3596,#3597,#3598);
#2285=SURFACE_SIDE_STYLE('',(#3599));
#2286=EDGE_LOOP('',(#3600,#3601,#3602,#3603));
#2287=AXIS2_PLACEMENT_3D('',#3604,#3605,#3606);
#2288=SURFACE_SIDE_STYLE('',(#3607));
#2289=EDGE_LOOP('',(#3608,#3609,#3610,#3611));
#2290=AXIS2_PLACEMENT_3D('',#3612,#3613,#3614);
#2291=SURFACE_SIDE_STYLE('',(#3615));
#2292=EDGE_LOOP('',(#3616,#3617,#3618,#3619));
#2293=AXIS2_PLACEMENT_3D('',#3620,#3621,#3622);
#2294=SURFACE_SIDE_STYLE('',(#3623));
#2295=EDGE_LOOP('',(#3624,#3625,#3626,#3627));
#2296=AXIS2_PLACEMENT_3D('',#3628,#3629,#3630);
#2297=SURFACE_SIDE_STYLE('',(#3631));
#2298=EDGE_LOOP('',(#3632,#3633,#3634,#3635));
#2299=AXIS2_PLACEMENT_3D('',#3636,#3637,#3638);
#2300=SURFACE_SIDE_STYLE('',(#3639));
#2301=EDGE_LOOP('',(#3640,#3641,#3642,#3643));
#2302=AXIS2_PLACEMENT_3D('',#3644,#3645,#3646);
#2303=SURFACE_SIDE_STYLE('',(#3647));
#2304=EDGE_LOOP('',(#3648,#3649,#3650,#3651));
#2305=AXIS2_PLACEMENT_3D('',#3652,#3653,#3654);
#2306=SURFACE_SIDE_STYLE('',(#3655));
#2307=EDGE_LOOP('',(#3656,#3657,#3658,#3659));
#2308=AXIS2_PLACEMENT_3D('',#3660,#3661,#3662);
#2309=SURFACE_SIDE_STYLE('',(#3663));
#2310=EDGE_LOOP('',(#3664,#3665,#3666,#3667));
#2311=AXIS2_PLACEMENT_3D('',#3668,#3669,#3670);
#2312=SURFACE_SIDE_STYLE('',(#3671));
#2313=EDGE_LOOP('',(#3672,#3673,#3674,#3675));
#2314=AXIS2_PLACEMENT_3D('',#3676,#3677,#3678);
#2315=SURFACE_SIDE_STYLE('',(#3679));
#2316=EDGE_LOOP('',(#3680,#3681,#3682,#3683));
#2317=AXIS2_PLACEMENT_3D('',#3684,#3685,#3686);
#2318=SURFACE_SIDE_STYLE('',(#3687));
#2319=EDGE_LOOP('',(#3688,#3689,#3690,#3691));
#2320=AXIS2_PLACEMENT_3D('',#3692,#3693,#3694);
#2321=SURFACE_SIDE_STYLE('',(#3695));
#2322=EDGE_LOOP('',(#3696,#3697,#3698,#3699));
#2323=AXIS2_PLACEMENT_3D('',#3700,#3701,#3702);
#2324=SURFACE_SIDE_STYLE('',(#3703));
#2325=EDGE_LOOP('',(#3704,#3705,#3706,#3707));
#2326=AXIS2_PLACEMENT_3D('',#3708,#3709,#3710);
#2327=SURFACE_SIDE_STYLE('',(#3711));
#2328=EDGE_LOOP('',(#3712,#3713,#3714,#3715));
#2329=AXIS2_PLACEMENT_3D('',#3716,#3717,#3718);
#2330=SURFACE_SIDE_STYLE('',(#3719));
#2331=EDGE_LOOP('',(#3720,#3721,#3722,#3723));
#2332=AXIS2_PLACEMENT_3D('',#3724,#3725,#3726);
#2333=SURFACE_SIDE_STYLE('',(#3727));
#2334=EDGE_LOOP('',(#3728,#3729,#3730,#3731));
#2335=AXIS2_PLACEMENT_3D('',#3732,#3733,#3734);
#2336=SURFACE_SIDE_STYLE('',(#3735));
#2337=EDGE_LOOP('',(#3736,#3737,#3738,#3739));
#2338=AXIS2_PLACEMENT_3D('',#3740,#3741,#3742);
#2339=SURFACE_SIDE_STYLE('',(#3743));
#2340=EDGE_LOOP('',(#3744,#3745,#3746,#3747));
#2341=AXIS2_PLACEMENT_3D('',#3748,#3749,#3750);
#2342=SURFACE_SIDE_STYLE('',(#3751));
#2343=EDGE_LOOP('',(#3752,#3753,#3754,#3755));
#2344=AXIS2_PLACEMENT_3D('',#3756,#3757,#3758);
#2345=SURFACE_SIDE_STYLE('',(#3759));
#2346=EDGE_LOOP('',(#3760,#3761,#3762,#3763));
#2347=AXIS2_PLACEMENT_3D('',#3764,#3765,#3766);
#2348=SURFACE_SIDE_STYLE('',(#3767));
#2349=EDGE_LOOP('',(#3768,#3769,#3770,#3771));
#2350=AXIS2_PLACEMENT_3D('',#3772,#3773,#3774);
#2351=SURFACE_SIDE_STYLE('',(#3775));
#2352=EDGE_LOOP('',(#3776,#3777,#3778,#3779));
#2353=AXIS2_PLACEMENT_3D('',#3780,#3781,#3782);
#2354=SURFACE_SIDE_STYLE('',(#3783));
#2355=EDGE_LOOP('',(#3784,#3785,#3786,#3787));
#2356=AXIS2_PLACEMENT_3D('',#3788,#3789,#3790);
#2357=SURFACE_SIDE_STYLE('',(#3791));
#2358=EDGE_LOOP('',(#3792,#3793,#3794,#3795));
#2359=AXIS2_PLACEMENT_3D('',#3796,#3797,#3798);
#2360=SURFACE_SIDE_STYLE('',(#3799));
#2361=EDGE_LOOP('',(#3800,#3801,#3802,#3803));
#2362=AXIS2_PLACEMENT_3D('',#3804,#3805,#3806);
#2363=SURFACE_SIDE_STYLE('',(#3807));
#2364=EDGE_LOOP('',(#3808,#3809,#3810,#3811));
#2365=AXIS2_PLACEMENT_3D('',#3812,#3813,#3814);
#2366=SURFACE_SIDE_STYLE('',(#3815));
#2367=EDGE_LOOP('',(#3816,#3817,#3818,#3819));
#2368=AXIS2_PLACEMENT_3D('',#3820,#3821,#3822);
#2369=SURFACE_SIDE_STYLE('',(#3823));
#2370=EDGE_LOOP('',(#3824,#3825,#3826,#3827));
#2371=AXIS2_PLACEMENT_3D('',#3828,#3829,#3830);
#2372=SURFACE_SIDE_STYLE('',(#3831));
#2373=EDGE_LOOP('',(#3832,#3833,#3834,#3835));
#2374=AXIS2_PLACEMENT_3D('',#3836,#3837,#3838);
#2375=SURFACE_SIDE_STYLE('',(#3839));
#2376=EDGE_LOOP('',(#3840,#3841,#3842,#3843));
#2377=AXIS2_PLACEMENT_3D('',#3844,#3845,#3846);
#2378=SURFACE_SIDE_STYLE('',(#3847));
#2379=EDGE_LOOP('',(#3848,#3849,#3850,#3851));
#2380=AXIS2_PLACEMENT_3D('',#3852,#3853,#3854);
#2381=SURFACE_SIDE_STYLE('',(#3855));
#2382=EDGE_LOOP('',(#3856,#3857,#3858,#3859));
#2383=AXIS2_PLACEMENT_3D('',#3860,#3861,#3862);
#2384=SURFACE_SIDE_STYLE('',(#3863));
#2385=EDGE_LOOP('',(#3864,#3865,#3866,#3867));
#2386=AXIS2_PLACEMENT_3D('',#3868,#3869,#3870);
#2387=SURFACE_SIDE_STYLE('',(#3871));
#2388=EDGE_LOOP('',(#3872,#3873,#3874,#3875));
#2389=AXIS2_PLACEMENT_3D('',#3876,#3877,#3878);
#2390=SURFACE_SIDE_STYLE('',(#3879));
#2391=EDGE_LOOP('',(#3880,#3881,#3882,#3883));
#2392=AXIS2_PLACEMENT_3D('',#3884,#3885,#3886);
#2393=SURFACE_SIDE_STYLE('',(#3887));
#2394=EDGE_LOOP('',(#3888,#3889,#3890,#3891));
#2395=AXIS2_PLACEMENT_3D('',#3892,#3893,#3894);
#2396=SURFACE_SIDE_STYLE('',(#3895));
#2397=EDGE_LOOP('',(#3896,#3897,#3898,#3899));
#2398=AXIS2_PLACEMENT_3D('',#3900,#3901,#3902);
#2399=SURFACE_SIDE_STYLE('',(#3903));
#2400=EDGE_LOOP('',(#3904,#3905,#3906,#3907));
#2401=AXIS2_PLACEMENT_3D('',#3908,#3909,#3910);
#2402=SURFACE_SIDE_STYLE('',(#3911));
#2403=EDGE_LOOP('',(#3912,#3913,#3914,#3915));
#2404=AXIS2_PLACEMENT_3D('',#3916,#3917,#3918);
#2405=SURFACE_SIDE_STYLE('',(#3919));
#2406=EDGE_LOOP('',(#3920,#3921,#3922,#3923));
#2407=AXIS2_PLACEMENT_3D('',#3924,#3925,#3926);
#2408=SURFACE_SIDE_STYLE('',(#3927));
#2409=EDGE_LOOP('',(#3928,#3929,#3930,#3931));
#2410=AXIS2_PLACEMENT_3D('',#3932,#3933,#3934);
#2411=SURFACE_SIDE_STYLE('',(#3935));
#2412=EDGE_LOOP('',(#3936,#3937,#3938,#3939));
#2413=AXIS2_PLACEMENT_3D('',#3940,#3941,#3942);
#2414=SURFACE_SIDE_STYLE('',(#3943));
#2415=EDGE_LOOP('',(#3944,#3945,#3946,#3947));
#2416=AXIS2_PLACEMENT_3D('',#3948,#3949,#3950);
#2417=SURFACE_SIDE_STYLE('',(#3951));
#2418=EDGE_LOOP('',(#3952,#3953,#3954,#3955));
#2419=AXIS2_PLACEMENT_3D('',#3956,#3957,#3958);
#2420=SURFACE_SIDE_STYLE('',(#3959));
#2421=EDGE_LOOP('',(#3960,#3961,#3962,#3963));
#2422=AXIS2_PLACEMENT_3D('',#3964,#3965,#3966);
#2423=SURFACE_SIDE_STYLE('',(#3967));
#2424=EDGE_LOOP('',(#3968,#3969,#3970,#3971,#3972));
#2425=AXIS2_PLACEMENT_3D('',#3973,#3974,#3975);
#2426=SURFACE_SIDE_STYLE('',(#3976));
#2427=EDGE_LOOP('',(#3977,#3978,#3979,#3980,#3981));
#2428=AXIS2_PLACEMENT_3D('',#3982,#3983,#3984);
#2429=SURFACE_SIDE_STYLE('',(#3985));
#2430=EDGE_LOOP('',(#3986,#3987,#3988,#3989));
#2431=AXIS2_PLACEMENT_3D('',#3990,#3991,#3992);
#2432=SURFACE_SIDE_STYLE('',(#3993));
#2433=EDGE_LOOP('',(#3994,#3995,#3996,#3997));
#2434=AXIS2_PLACEMENT_3D('',#3998,#3999,#4000);
#2435=SURFACE_SIDE_STYLE('',(#4001));
#2436=EDGE_LOOP('',(#4002,#4003,#4004,#4005));
#2437=AXIS2_PLACEMENT_3D('',#4006,#4007,#4008);
#2438=SURFACE_SIDE_STYLE('',(#4009));
#2439=EDGE_LOOP('',(#4010,#4011,#4012,#4013));
#2440=AXIS2_PLACEMENT_3D('',#4014,#4015,#4016);
#2441=SURFACE_SIDE_STYLE('',(#4017));
#2442=EDGE_LOOP('',(#4018,#4019,#4020,#4021));
#2443=AXIS2_PLACEMENT_3D('',#4022,#4023,#4024);
#2444=SURFACE_SIDE_STYLE('',(#4025));
#2445=EDGE_LOOP('',(#4026,#4027,#4028,#4029));
#2446=AXIS2_PLACEMENT_3D('',#4030,#4031,#4032);
#2447=SURFACE_SIDE_STYLE('',(#4033));
#2448=EDGE_LOOP('',(#4034,#4035,#4036,#4037,#4038));
#2449=AXIS2_PLACEMENT_3D('',#4039,#4040,#4041);
#2450=SURFACE_SIDE_STYLE('',(#4042));
#2451=EDGE_LOOP('',(#4043,#4044,#4045,#4046));
#2452=EDGE_LOOP('',(#4047));
#2453=AXIS2_PLACEMENT_3D('',#4048,#4049,#4050);
#2454=SURFACE_SIDE_STYLE('',(#4051));
#2455=EDGE_LOOP('',(#4052,#4053,#4054,#4055));
#2456=AXIS2_PLACEMENT_3D('',#4056,#4057,#4058);
#2457=SURFACE_SIDE_STYLE('',(#4059));
#2458=EDGE_LOOP('',(#4060,#4061,#4062,#4063));
#2459=AXIS2_PLACEMENT_3D('',#4064,#4065,#4066);
#2460=SURFACE_SIDE_STYLE('',(#4067));
#2461=EDGE_LOOP('',(#4068,#4069,#4070,#4071));
#2462=AXIS2_PLACEMENT_3D('',#4072,#4073,#4074);
#2463=SURFACE_SIDE_STYLE('',(#4075));
#2464=EDGE_LOOP('',(#4076,#4077,#4078,#4079));
#2465=AXIS2_PLACEMENT_3D('',#4080,#4081,#4082);
#2466=SURFACE_SIDE_STYLE('',(#4083));
#2467=EDGE_LOOP('',(#4084));
#2468=EDGE_LOOP('',(#4085));
#2469=AXIS2_PLACEMENT_3D('',#4086,#4087,#4088);
#2470=SURFACE_SIDE_STYLE('',(#4089));
#2471=EDGE_LOOP('',(#4090));
#2472=EDGE_LOOP('',(#4091));
#2473=AXIS2_PLACEMENT_3D('',#4092,#4093,#4094);
#2474=SURFACE_SIDE_STYLE('',(#4095));
#2475=EDGE_LOOP('',(#4096));
#2476=EDGE_LOOP('',(#4097));
#2477=AXIS2_PLACEMENT_3D('',#4098,#4099,#4100);
#2478=SURFACE_SIDE_STYLE('',(#4101));
#2479=EDGE_LOOP('',(#4102,#4103,#4104,#4105));
#2480=EDGE_LOOP('',(#4106));
#2481=EDGE_LOOP('',(#4107));
#2482=EDGE_LOOP('',(#4108));
#2483=EDGE_LOOP('',(#4109));
#2484=EDGE_LOOP('',(#4110,#4111));
#2485=EDGE_LOOP('',(#4112,#4113,#4114,#4115,#4116,#4117,#4118,#4119,#4120,#4121,#4122,#4123,#4124,#4125,#4126,#4127,#4128,#4129,#4130,#4131,#4132,#4133,#4134,#4135,#4136,#4137,#4138,#4139,#4140,#4141,#4142,#4143,#4144,#4145,#4146,#4147,#4148,#4149,#4150,#4151,#4152,#4153,#4154,#4155,#4156,#4157,#4158,#4159,#4160,#4161,#4162,#4163,#4164,#4165,#4166,#4167,#4168,#4169,#4170,#4171,#4172,#4173,#4174,#4175,#4176,#4177,#4178,#4179,#4180,#4181,#4182,#4183,#4184,#4185,#4186,#4187,#4188,#4189,#4190,#4191,#4192,#4193,#4194,#4195,#4196,#4197,#4198,#4199,#4200,#4201,#4202,#4203,#4204,#4205,#4206,#4207,#4208,#4209,#4210,#4211,#4212,#4213,#4214,#4215,#4216,#4217,#4218,#4219,#4220,#4221,#4222,#4223,#4224,#4225,#4226,#4227,#4228,#4229,#4230,#4231,#4232,#4233,#4234,#4235,#4236,#4237,#4238,#4239,#4240,#4241,#4242,#4243,#4244,#4245,#4246,#4247,#4248,#4249,#4250,#4251,#4252,#4253,#4254,#4255));
#2486=AXIS2_PLACEMENT_3D('',#4256,#4257,#4258);
#2487=SURFACE_SIDE_STYLE('',(#4259));
#2488=EDGE_LOOP('',(#4260,#4261,#4262,#4263));
#2489=AXIS2_PLACEMENT_3D('',#4264,#4265,#4266);
#2490=SURFACE_SIDE_STYLE('',(#4267));
#2491=EDGE_LOOP('',(#4268,#4269,#4270,#4271));
#2492=AXIS2_PLACEMENT_3D('',#4272,#4273,#4274);
#2493=SURFACE_SIDE_STYLE('',(#4275));
#2494=EDGE_LOOP('',(#4276,#4277,#4278,#4279));
#2495=AXIS2_PLACEMENT_3D('',#4280,#4281,#4282);
#2496=SURFACE_SIDE_STYLE('',(#4283));
#2497=EDGE_LOOP('',(#4284,#4285,#4286,#4287));
#2498=AXIS2_PLACEMENT_3D('',#4288,#4289,#4290);
#2499=SURFACE_SIDE_STYLE('',(#4291));
#2500=EDGE_LOOP('',(#4292,#4293,#4294,#4295));
#2501=AXIS2_PLACEMENT_3D('',#4296,#4297,#4298);
#2502=SURFACE_SIDE_STYLE('',(#4299));
#2503=EDGE_LOOP('',(#4300,#4301,#4302,#4303));
#2504=AXIS2_PLACEMENT_3D('',#4304,#4305,#4306);
#2505=SURFACE_SIDE_STYLE('',(#4307));
#2506=EDGE_LOOP('',(#4308,#4309,#4310,#4311));
#2507=AXIS2_PLACEMENT_3D('',#4312,#4313,#4314);
#2508=SURFACE_SIDE_STYLE('',(#4315));
#2509=EDGE_LOOP('',(#4316,#4317,#4318,#4319));
#2510=AXIS2_PLACEMENT_3D('',#4320,#4321,#4322);
#2511=SURFACE_SIDE_STYLE('',(#4323));
#2512=EDGE_LOOP('',(#4324,#4325,#4326,#4327));
#2513=AXIS2_PLACEMENT_3D('',#4328,#4329,#4330);
#2514=SURFACE_SIDE_STYLE('',(#4331));
#2515=EDGE_LOOP('',(#4332,#4333,#4334,#4335));
#2516=AXIS2_PLACEMENT_3D('',#4336,#4337,#4338);
#2517=SURFACE_SIDE_STYLE('',(#4339));
#2518=EDGE_LOOP('',(#4340,#4341,#4342,#4343));
#2519=AXIS2_PLACEMENT_3D('',#4344,#4345,#4346);
#2520=SURFACE_SIDE_STYLE('',(#4347));
#2521=EDGE_LOOP('',(#4348,#4349,#4350,#4351));
#2522=AXIS2_PLACEMENT_3D('',#4352,#4353,#4354);
#2523=SURFACE_SIDE_STYLE('',(#4355));
#2524=EDGE_LOOP('',(#4356,#4357,#4358,#4359));
#2525=AXIS2_PLACEMENT_3D('',#4360,#4361,#4362);
#2526=SURFACE_SIDE_STYLE('',(#4363));
#2527=EDGE_LOOP('',(#4364,#4365,#4366,#4367));
#2528=AXIS2_PLACEMENT_3D('',#4368,#4369,#4370);
#2529=SURFACE_SIDE_STYLE('',(#4371));
#2530=EDGE_LOOP('',(#4372,#4373,#4374,#4375));
#2531=AXIS2_PLACEMENT_3D('',#4376,#4377,#4378);
#2532=SURFACE_SIDE_STYLE('',(#4379));
#2533=EDGE_LOOP('',(#4380,#4381,#4382,#4383));
#2534=AXIS2_PLACEMENT_3D('',#4384,#4385,#4386);
#2535=SURFACE_SIDE_STYLE('',(#4387));
#2536=EDGE_LOOP('',(#4388,#4389,#4390,#4391));
#2537=AXIS2_PLACEMENT_3D('',#4392,#4393,#4394);
#2538=SURFACE_SIDE_STYLE('',(#4395));
#2539=EDGE_LOOP('',(#4396,#4397,#4398,#4399));
#2540=AXIS2_PLACEMENT_3D('',#4400,#4401,#4402);
#2541=SURFACE_SIDE_STYLE('',(#4403));
#2542=EDGE_LOOP('',(#4404,#4405,#4406,#4407));
#2543=AXIS2_PLACEMENT_3D('',#4408,#4409,#4410);
#2544=SURFACE_SIDE_STYLE('',(#4411));
#2545=EDGE_LOOP('',(#4412,#4413,#4414,#4415));
#2546=AXIS2_PLACEMENT_3D('',#4416,#4417,#4418);
#2547=SURFACE_SIDE_STYLE('',(#4419));
#2548=EDGE_LOOP('',(#4420,#4421,#4422,#4423));
#2549=AXIS2_PLACEMENT_3D('',#4424,#4425,#4426);
#2550=SURFACE_SIDE_STYLE('',(#4427));
#2551=EDGE_LOOP('',(#4428,#4429,#4430,#4431));
#2552=AXIS2_PLACEMENT_3D('',#4432,#4433,#4434);
#2553=SURFACE_SIDE_STYLE('',(#4435));
#2554=EDGE_LOOP('',(#4436,#4437,#4438,#4439));
#2555=AXIS2_PLACEMENT_3D('',#4440,#4441,#4442);
#2556=SURFACE_SIDE_STYLE('',(#4443));
#2557=EDGE_LOOP('',(#4444,#4445,#4446,#4447));
#2558=AXIS2_PLACEMENT_3D('',#4448,#4449,#4450);
#2559=SURFACE_SIDE_STYLE('',(#4451));
#2560=EDGE_LOOP('',(#4452,#4453,#4454,#4455));
#2561=AXIS2_PLACEMENT_3D('',#4456,#4457,#4458);
#2562=SURFACE_SIDE_STYLE('',(#4459));
#2563=EDGE_LOOP('',(#4460,#4461,#4462,#4463));
#2564=AXIS2_PLACEMENT_3D('',#4464,#4465,#4466);
#2565=SURFACE_SIDE_STYLE('',(#4467));
#2566=EDGE_LOOP('',(#4468,#4469,#4470,#4471));
#2567=AXIS2_PLACEMENT_3D('',#4472,#4473,#4474);
#2568=SURFACE_SIDE_STYLE('',(#4475));
#2569=EDGE_LOOP('',(#4476,#4477,#4478,#4479));
#2570=AXIS2_PLACEMENT_3D('',#4480,#4481,#4482);
#2571=SURFACE_SIDE_STYLE('',(#4483));
#2572=EDGE_LOOP('',(#4484,#4485,#4486,#4487));
#2573=AXIS2_PLACEMENT_3D('',#4488,#4489,#4490);
#2574=SURFACE_SIDE_STYLE('',(#4491));
#2575=EDGE_LOOP('',(#4492,#4493,#4494,#4495));
#2576=AXIS2_PLACEMENT_3D('',#4496,#4497,#4498);
#2577=SURFACE_SIDE_STYLE('',(#4499));
#2578=EDGE_LOOP('',(#4500,#4501,#4502,#4503,#4504));
#2579=AXIS2_PLACEMENT_3D('',#4505,#4506,#4507);
#2580=SURFACE_SIDE_STYLE('',(#4508));
#2581=EDGE_LOOP('',(#4509,#4510,#4511,#4512));
#2582=AXIS2_PLACEMENT_3D('',#4513,#4514,#4515);
#2583=SURFACE_SIDE_STYLE('',(#4516));
#2584=EDGE_LOOP('',(#4517,#4518,#4519,#4520));
#2585=AXIS2_PLACEMENT_3D('',#4521,#4522,#4523);
#2586=SURFACE_SIDE_STYLE('',(#4524));
#2587=EDGE_LOOP('',(#4525,#4526,#4527,#4528));
#2588=AXIS2_PLACEMENT_3D('',#4529,#4530,#4531);
#2589=SURFACE_SIDE_STYLE('',(#4532));
#2590=EDGE_LOOP('',(#4533,#4534,#4535,#4536));
#2591=AXIS2_PLACEMENT_3D('',#4537,#4538,#4539);
#2592=SURFACE_SIDE_STYLE('',(#4540));
#2593=EDGE_LOOP('',(#4541,#4542,#4543,#4544));
#2594=AXIS2_PLACEMENT_3D('',#4545,#4546,#4547);
#2595=SURFACE_SIDE_STYLE('',(#4548));
#2596=EDGE_LOOP('',(#4549,#4550,#4551,#4552));
#2597=AXIS2_PLACEMENT_3D('',#4553,#4554,#4555);
#2598=SURFACE_SIDE_STYLE('',(#4556));
#2599=EDGE_LOOP('',(#4557,#4558,#4559,#4560));
#2600=AXIS2_PLACEMENT_3D('',#4561,#4562,#4563);
#2601=SURFACE_SIDE_STYLE('',(#4564));
#2602=EDGE_LOOP('',(#4565,#4566,#4567,#4568));
#2603=AXIS2_PLACEMENT_3D('',#4569,#4570,#4571);
#2604=SURFACE_SIDE_STYLE('',(#4572));
#2605=EDGE_LOOP('',(#4573,#4574,#4575,#4576));
#2606=AXIS2_PLACEMENT_3D('',#4577,#4578,#4579);
#2607=SURFACE_SIDE_STYLE('',(#4580));
#2608=EDGE_LOOP('',(#4581));
#2609=EDGE_LOOP('',(#4582,#4583,#4584,#4585,#4586,#4587));
#2610=AXIS2_PLACEMENT_3D('',#4588,#4589,#4590);
#2611=SURFACE_SIDE_STYLE('',(#4591));
#2612=EDGE_LOOP('',(#4592,#4593,#4594,#4595));
#2613=AXIS2_PLACEMENT_3D('',#4596,#4597,#4598);
#2614=SURFACE_SIDE_STYLE('',(#4599));
#2615=EDGE_LOOP('',(#4600,#4601,#4602,#4603));
#2616=AXIS2_PLACEMENT_3D('',#4604,#4605,#4606);
#2617=SURFACE_SIDE_STYLE('',(#4607));
#2618=EDGE_LOOP('',(#4608,#4609,#4610,#4611));
#2619=AXIS2_PLACEMENT_3D('',#4612,#4613,#4614);
#2620=SURFACE_SIDE_STYLE('',(#4615));
#2621=EDGE_LOOP('',(#4616,#4617,#4618,#4619));
#2622=AXIS2_PLACEMENT_3D('',#4620,#4621,#4622);
#2623=SURFACE_SIDE_STYLE('',(#4623));
#2624=EDGE_LOOP('',(#4624,#4625,#4626,#4627));
#2625=AXIS2_PLACEMENT_3D('',#4628,#4629,#4630);
#2626=SURFACE_SIDE_STYLE('',(#4631));
#2627=EDGE_LOOP('',(#4632,#4633,#4634,#4635));
#2628=AXIS2_PLACEMENT_3D('',#4636,#4637,#4638);
#2629=SURFACE_SIDE_STYLE('',(#4639));
#2630=EDGE_LOOP('',(#4640,#4641,#4642,#4643,#4644,#4645));
#2631=EDGE_LOOP('',(#4646,#4647,#4648,#4649,#4650,#4651));
#2632=EDGE_LOOP('',(#4652,#4653,#4654,#4655,#4656,#4657));
#2633=EDGE_LOOP('',(#4658,#4659,#4660,#4661,#4662,#4663));
#2634=EDGE_LOOP('',(#4664,#4665,#4666,#4667));
#2635=EDGE_LOOP('',(#4668,#4669,#4670,#4671,#4672,#4673,#4674,#4675,#4676,#4677,#4678,#4679,#4680,#4681,#4682,#4683,#4684,#4685,#4686,#4687,#4688,#4689,#4690,#4691,#4692,#4693,#4694,#4695,#4696,#4697,#4698,#4699,#4700,#4701,#4702,#4703,#4704,#4705,#4706,#4707,#4708,#4709,#4710,#4711,#4712,#4713,#4714,#4715));
#2636=AXIS2_PLACEMENT_3D('',#4716,#4717,#4718);
#2637=SURFACE_SIDE_STYLE('',(#4719));
#2638=EDGE_LOOP('',(#4720,#4721,#4722,#4723));
#2639=AXIS2_PLACEMENT_3D('',#4724,#4725,#4726);
#2640=SURFACE_SIDE_STYLE('',(#4727));
#2641=EDGE_LOOP('',(#4728,#4729,#4730,#4731));
#2642=AXIS2_PLACEMENT_3D('',#4732,#4733,#4734);
#2643=SURFACE_SIDE_STYLE('',(#4735));
#2644=EDGE_LOOP('',(#4736,#4737,#4738,#4739));
#2645=AXIS2_PLACEMENT_3D('',#4740,#4741,#4742);
#2646=SURFACE_SIDE_STYLE('',(#4743));
#2647=EDGE_LOOP('',(#4744));
#2648=EDGE_LOOP('',(#4745));
#2649=AXIS2_PLACEMENT_3D('',#4746,#4747,#4748);
#2650=SURFACE_SIDE_STYLE('',(#4749));
#2651=EDGE_LOOP('',(#4750));
#2652=EDGE_LOOP('',(#4751));
#2653=AXIS2_PLACEMENT_3D('',#4752,#4753,#4754);
#2654=SURFACE_SIDE_STYLE('',(#4755));
#2655=EDGE_LOOP('',(#4756));
#2656=EDGE_LOOP('',(#4757));
#2657=AXIS2_PLACEMENT_3D('',#4758,#4759,#4760);
#2658=SURFACE_SIDE_STYLE('',(#4761));
#2659=EDGE_LOOP('',(#4762));
#2660=EDGE_LOOP('',(#4763));
#2661=AXIS2_PLACEMENT_3D('',#4764,#4765,#4766);
#2662=SURFACE_SIDE_STYLE('',(#4767));
#2663=EDGE_LOOP('',(#4768,#4769,#4770,#4771));
#2664=AXIS2_PLACEMENT_3D('',#4772,#4773,#4774);
#2665=SURFACE_SIDE_STYLE('',(#4775));
#2666=EDGE_LOOP('',(#4776,#4777,#4778,#4779));
#2667=AXIS2_PLACEMENT_3D('',#4780,#4781,#4782);
#2668=SURFACE_SIDE_STYLE('',(#4783));
#2669=EDGE_LOOP('',(#4784,#4785,#4786,#4787));
#2670=AXIS2_PLACEMENT_3D('',#4788,#4789,#4790);
#2671=SURFACE_SIDE_STYLE('',(#4791));
#2672=EDGE_LOOP('',(#4792));
#2673=EDGE_LOOP('',(#4793));
#2674=EDGE_LOOP('',(#4794));
#2675=EDGE_LOOP('',(#4795));
#2676=EDGE_LOOP('',(#4796,#4797,#4798,#4799,#4800,#4801,#4802,#4803,#4804,#4805,#4806,#4807,#4808,#4809,#4810,#4811,#4812,#4813,#4814,#4815,#4816,#4817,#4818,#4819,#4820,#4821,#4822,#4823,#4824,#4825,#4826,#4827,#4828,#4829,#4830,#4831,#4832,#4833,#4834,#4835,#4836,#4837,#4838,#4839,#4840,#4841,#4842,#4843));
#2677=AXIS2_PLACEMENT_3D('',#4844,#4845,#4846);
#2678=SURFACE_SIDE_STYLE('',(#4847));
#2679=EDGE_LOOP('',(#4848,#4849,#4850,#4851));
#2680=AXIS2_PLACEMENT_3D('',#4852,#4853,#4854);
#2681=SURFACE_SIDE_STYLE('',(#4855));
#2682=EDGE_LOOP('',(#4856,#4857,#4858,#4859));
#2683=AXIS2_PLACEMENT_3D('',#4860,#4861,#4862);
#2684=SURFACE_SIDE_STYLE('',(#4863));
#2685=EDGE_LOOP('',(#4864));
#2686=EDGE_LOOP('',(#4865));
#2687=EDGE_LOOP('',(#4866));
#2688=EDGE_LOOP('',(#4867));
#2689=EDGE_LOOP('',(#4868,#4869,#4870,#4871,#4872,#4873,#4874,#4875,#4876,#4877,#4878,#4879,#4880,#4881,#4882,#4883,#4884,#4885,#4886,#4887,#4888,#4889,#4890,#4891,#4892,#4893,#4894,#4895,#4896,#4897,#4898,#4899,#4900,#4901,#4902,#4903,#4904,#4905,#4906,#4907,#4908,#4909,#4910,#4911,#4912,#4913,#4914,#4915));
#2690=AXIS2_PLACEMENT_3D('',#4916,#4917,#4918);
#2691=SURFACE_SIDE_STYLE('',(#4919));
#2692=EDGE_LOOP('',(#4920,#4921,#4922,#4923));
#2693=AXIS2_PLACEMENT_3D('',#4924,#4925,#4926);
#2694=SURFACE_SIDE_STYLE('',(#4927));
#2695=EDGE_LOOP('',(#4928,#4929,#4930,#4931));
#2696=AXIS2_PLACEMENT_3D('',#4932,#4933,#4934);
#2697=SURFACE_SIDE_STYLE('',(#4935));
#2698=EDGE_LOOP('',(#4936,#4937,#4938,#4939));
#2699=AXIS2_PLACEMENT_3D('',#4940,#4941,#4942);
#2700=SURFACE_SIDE_STYLE('',(#4943));
#2701=EDGE_LOOP('',(#4944,#4945,#4946,#4947));
#2702=AXIS2_PLACEMENT_3D('',#4948,#4949,#4950);
#2703=SURFACE_SIDE_STYLE('',(#4951));
#2704=EDGE_LOOP('',(#4952,#4953,#4954,#4955));
#2705=AXIS2_PLACEMENT_3D('',#4956,#4957,#4958);
#2706=SURFACE_SIDE_STYLE('',(#4959));
#2707=EDGE_LOOP('',(#4960,#4961,#4962,#4963));
#2708=AXIS2_PLACEMENT_3D('',#4964,#4965,#4966);
#2709=SURFACE_SIDE_STYLE('',(#4967));
#2710=EDGE_LOOP('',(#4968,#4969,#4970,#4971));
#2711=AXIS2_PLACEMENT_3D('',#4972,#4973,#4974);
#2712=SURFACE_SIDE_STYLE('',(#4975));
#2713=EDGE_LOOP('',(#4976,#4977,#4978,#4979));
#2714=AXIS2_PLACEMENT_3D('',#4980,#4981,#4982);
#2715=SURFACE_SIDE_STYLE('',(#4983));
#2716=EDGE_LOOP('',(#4984,#4985,#4986,#4987));
#2717=AXIS2_PLACEMENT_3D('',#4988,#4989,#4990);
#2718=SURFACE_SIDE_STYLE('',(#4991));
#2719=EDGE_LOOP('',(#4992,#4993,#4994,#4995));
#2720=AXIS2_PLACEMENT_3D('',#4996,#4997,#4998);
#2721=SURFACE_SIDE_STYLE('',(#4999));
#2722=EDGE_LOOP('',(#5000,#5001,#5002,#5003));
#2723=AXIS2_PLACEMENT_3D('',#5004,#5005,#5006);
#2724=SURFACE_SIDE_STYLE('',(#5007));
#2725=EDGE_LOOP('',(#5008,#5009,#5010,#5011));
#2726=AXIS2_PLACEMENT_3D('',#5012,#5013,#5014);
#2727=SURFACE_SIDE_STYLE('',(#5015));
#2728=EDGE_LOOP('',(#5016,#5017,#5018,#5019));
#2729=AXIS2_PLACEMENT_3D('',#5020,#5021,#5022);
#2730=SURFACE_SIDE_STYLE('',(#5023));
#2731=EDGE_LOOP('',(#5024,#5025,#5026,#5027));
#2732=AXIS2_PLACEMENT_3D('',#5028,#5029,#5030);
#2733=SURFACE_SIDE_STYLE('',(#5031));
#2734=EDGE_LOOP('',(#5032,#5033,#5034,#5035));
#2735=AXIS2_PLACEMENT_3D('',#5036,#5037,#5038);
#2736=SURFACE_SIDE_STYLE('',(#5039));
#2737=EDGE_LOOP('',(#5040,#5041,#5042,#5043));
#2738=AXIS2_PLACEMENT_3D('',#5044,#5045,#5046);
#2739=SURFACE_SIDE_STYLE('',(#5047));
#2740=EDGE_LOOP('',(#5048,#5049,#5050,#5051));
#2741=AXIS2_PLACEMENT_3D('',#5052,#5053,#5054);
#2742=SURFACE_SIDE_STYLE('',(#5055));
#2743=EDGE_LOOP('',(#5056,#5057,#5058,#5059));
#2744=AXIS2_PLACEMENT_3D('',#5060,#5061,#5062);
#2745=SURFACE_SIDE_STYLE('',(#5063));
#2746=EDGE_LOOP('',(#5064,#5065,#5066,#5067));
#2747=AXIS2_PLACEMENT_3D('',#5068,#5069,#5070);
#2748=SURFACE_SIDE_STYLE('',(#5071));
#2749=EDGE_LOOP('',(#5072,#5073,#5074,#5075));
#2750=AXIS2_PLACEMENT_3D('',#5076,#5077,#5078);
#2751=SURFACE_SIDE_STYLE('',(#5079));
#2752=EDGE_LOOP('',(#5080,#5081,#5082,#5083));
#2753=AXIS2_PLACEMENT_3D('',#5084,#5085,#5086);
#2754=SURFACE_SIDE_STYLE('',(#5087));
#2755=EDGE_LOOP('',(#5088,#5089,#5090,#5091));
#2756=AXIS2_PLACEMENT_3D('',#5092,#5093,#5094);
#2757=SURFACE_SIDE_STYLE('',(#5095));
#2758=EDGE_LOOP('',(#5096,#5097,#5098,#5099));
#2759=AXIS2_PLACEMENT_3D('',#5100,#5101,#5102);
#2760=SURFACE_SIDE_STYLE('',(#5103));
#2761=EDGE_LOOP('',(#5104,#5105,#5106,#5107));
#2762=AXIS2_PLACEMENT_3D('',#5108,#5109,#5110);
#2763=SURFACE_SIDE_STYLE('',(#5111));
#2764=EDGE_LOOP('',(#5112,#5113,#5114,#5115));
#2765=AXIS2_PLACEMENT_3D('',#5116,#5117,#5118);
#2766=SURFACE_SIDE_STYLE('',(#5119));
#2767=EDGE_LOOP('',(#5120,#5121,#5122,#5123));
#2768=AXIS2_PLACEMENT_3D('',#5124,#5125,#5126);
#2769=SURFACE_SIDE_STYLE('',(#5127));
#2770=EDGE_LOOP('',(#5128,#5129,#5130,#5131));
#2771=AXIS2_PLACEMENT_3D('',#5132,#5133,#5134);
#2772=SURFACE_SIDE_STYLE('',(#5135));
#2773=EDGE_LOOP('',(#5136,#5137,#5138,#5139));
#2774=AXIS2_PLACEMENT_3D('',#5140,#5141,#5142);
#2775=SURFACE_SIDE_STYLE('',(#5143));
#2776=EDGE_LOOP('',(#5144,#5145,#5146,#5147));
#2777=AXIS2_PLACEMENT_3D('',#5148,#5149,#5150);
#2778=SURFACE_SIDE_STYLE('',(#5151));
#2779=EDGE_LOOP('',(#5152,#5153,#5154,#5155));
#2780=AXIS2_PLACEMENT_3D('',#5156,#5157,#5158);
#2781=SURFACE_SIDE_STYLE('',(#5159));
#2782=EDGE_LOOP('',(#5160,#5161,#5162,#5163));
#2783=AXIS2_PLACEMENT_3D('',#5164,#5165,#5166);
#2784=SURFACE_SIDE_STYLE('',(#5167));
#2785=EDGE_LOOP('',(#5168,#5169,#5170,#5171));
#2786=AXIS2_PLACEMENT_3D('',#5172,#5173,#5174);
#2787=SURFACE_SIDE_STYLE('',(#5175));
#2788=EDGE_LOOP('',(#5176,#5177,#5178,#5179));
#2789=AXIS2_PLACEMENT_3D('',#5180,#5181,#5182);
#2790=SURFACE_SIDE_STYLE('',(#5183));
#2791=EDGE_LOOP('',(#5184,#5185,#5186,#5187));
#2792=AXIS2_PLACEMENT_3D('',#5188,#5189,#5190);
#2793=SURFACE_SIDE_STYLE('',(#5191));
#2794=EDGE_LOOP('',(#5192,#5193,#5194,#5195));
#2795=AXIS2_PLACEMENT_3D('',#5196,#5197,#5198);
#2796=SURFACE_SIDE_STYLE('',(#5199));
#2797=EDGE_LOOP('',(#5200,#5201,#5202,#5203));
#2798=AXIS2_PLACEMENT_3D('',#5204,#5205,#5206);
#2799=SURFACE_SIDE_STYLE('',(#5207));
#2800=EDGE_LOOP('',(#5208,#5209,#5210,#5211));
#2801=AXIS2_PLACEMENT_3D('',#5212,#5213,#5214);
#2802=SURFACE_SIDE_STYLE('',(#5215));
#2803=EDGE_LOOP('',(#5216,#5217,#5218,#5219));
#2804=AXIS2_PLACEMENT_3D('',#5220,#5221,#5222);
#2805=SURFACE_SIDE_STYLE('',(#5223));
#2806=EDGE_LOOP('',(#5224,#5225,#5226,#5227));
#2807=AXIS2_PLACEMENT_3D('',#5228,#5229,#5230);
#2808=SURFACE_SIDE_STYLE('',(#5231));
#2809=EDGE_LOOP('',(#5232,#5233,#5234,#5235));
#2810=AXIS2_PLACEMENT_3D('',#5236,#5237,#5238);
#2812= (NAMED_UNIT(#1998)LENGTH_UNIT()SI_UNIT(.MILLI.,.METRE.));
#2813= (NAMED_UNIT(#2011)LENGTH_UNIT()SI_UNIT(.MILLI.,.METRE.));
#2814=FACE_OUTER_BOUND('',#5241,.T.);
#2815=FACE_OUTER_BOUND('',#5242,.T.);
#2816=CYLINDRICAL_SURFACE('',#5243,4.6);
#2817=FACE_BOUND('',#5244,.T.);
#2818=FACE_OUTER_BOUND('',#5245,.T.);
#2819=PLANE('',#5246);
#2820=FACE_OUTER_BOUND('',#5247,.T.);
#2821=FACE_BOUND('',#5248,.T.);
#2822=PLANE('',#5249);
#2823=FACE_OUTER_BOUND('',#5250,.T.);
#2824=FACE_OUTER_BOUND('',#5251,.T.);
#2825=CYLINDRICAL_SURFACE('',#5252,3.0);
#2826=FACE_OUTER_BOUND('',#5253,.T.);
#2827=FACE_OUTER_BOUND('',#5254,.T.);
#2828=CYLINDRICAL_SURFACE('',#5255,1.25);
#2829=FACE_BOUND('',#5256,.T.);
#2830=FACE_OUTER_BOUND('',#5257,.T.);
#2831=PLANE('',#5258);
#2832=FACE_OUTER_BOUND('',#5259,.T.);
#2833=FACE_OUTER_BOUND('',#5260,.T.);
#2834=CYLINDRICAL_SURFACE('',#5261,4.6);
#2835=FACE_BOUND('',#5262,.T.);
#2836=FACE_OUTER_BOUND('',#5263,.T.);
#2837=PLANE('',#5264);
#2838=TOROIDAL_SURFACE('',#5265,4.75,1.25);
#2839=SURFACE_STYLE_FILL_AREA(#5266);
#2840=ORIENTED_EDGE('',*,*,#5267,.T.);
#2841=ORIENTED_EDGE('',*,*,#5268,.F.);
#2842=ORIENTED_EDGE('',*,*,#5269,.F.);
#2843=ORIENTED_EDGE('',*,*,#5270,.T.);
#2844=CARTESIAN_POINT('',(3.4611413571243,-6.4309898380931,1.03756443470161));
#2845=DIRECTION('',(0.353553390593272,0.353553390593275,0.866025403784439));
#2846=DIRECTION('',(-0.612372435695792,-0.612372435695798,0.5));
#2847=SURFACE_STYLE_FILL_AREA(#5271);
#2848=ORIENTED_EDGE('',*,*,#5272,.F.);
#2849=ORIENTED_EDGE('',*,*,#5273,.F.);
#2850=CARTESIAN_POINT('',(8.00000000000374,1.39194211712379E-011,12.4));
#2851=DIRECTION('',(0.0,0.0,-1.0));
#2852=DIRECTION('',(0.0,1.0,0.0));
#2853=SURFACE_STYLE_FILL_AREA(#5274);
#2854=ORIENTED_EDGE('',*,*,#5273,.T.);
#2855=ORIENTED_EDGE('',*,*,#5275,.F.);
#2856=ORIENTED_EDGE('',*,*,#5276,.F.);
#2857=ORIENTED_EDGE('',*,*,#5277,.F.);
#2858=ORIENTED_EDGE('',*,*,#5278,.F.);
#2859=ORIENTED_EDGE('',*,*,#5279,.F.);
#2860=ORIENTED_EDGE('',*,*,#5280,.F.);
#2861=CARTESIAN_POINT('',(5.10000000000374,3.34863156131375,2.40000000000006));
#2862=DIRECTION('',(0.0,0.0,1.0));
#2863=DIRECTION('',(0.0,-1.0,0.0));
#2864=SURFACE_STYLE_FILL_AREA(#5281);
#2865=ORIENTED_EDGE('',*,*,#5282,.F.);
#2866=ORIENTED_EDGE('',*,*,#5283,.F.);
#2867=ORIENTED_EDGE('',*,*,#5276,.T.);
#2868=ORIENTED_EDGE('',*,*,#5284,.T.);
#2869=CARTESIAN_POINT('',(5.10000000000374,1.67431578066383,2.40000000000006));
#2870=DIRECTION('',(1.0,-5.18039516805918E-016,0.0));
#2871=DIRECTION('',(5.18039516805918E-016,1.0,0.0));
#2872=SURFACE_STYLE_FILL_AREA(#5285);
#2873=ORIENTED_EDGE('',*,*,#5286,.F.);
#2874=ORIENTED_EDGE('',*,*,#5287,.F.);
#2875=ORIENTED_EDGE('',*,*,#5277,.T.);
#2876=ORIENTED_EDGE('',*,*,#5283,.T.);
#2877=CARTESIAN_POINT('',(8.00000000000374,3.34863156131375,2.40000000000006));
#2878=DIRECTION('',(0.5,-0.866025403784439,0.0));
#2879=DIRECTION('',(0.866025403784439,0.5,0.0));
#2880=SURFACE_STYLE_FILL_AREA(#5288);
#2881=ORIENTED_EDGE('',*,*,#5289,.F.);
#2882=ORIENTED_EDGE('',*,*,#5290,.F.);
#2883=ORIENTED_EDGE('',*,*,#5278,.T.);
#2884=ORIENTED_EDGE('',*,*,#5287,.T.);
#2885=CARTESIAN_POINT('',(10.9000000000037,1.67431578066383,2.40000000000006));
#2886=DIRECTION('',(-0.5,-0.866025403784439,0.0));
#2887=DIRECTION('',(0.866025403784439,-0.5,0.0));
#2888=SURFACE_STYLE_FILL_AREA(#5291);
#2889=ORIENTED_EDGE('',*,*,#5292,.F.);
#2890=ORIENTED_EDGE('',*,*,#5293,.F.);
#2891=ORIENTED_EDGE('',*,*,#5279,.T.);
#2892=ORIENTED_EDGE('',*,*,#5290,.T.);
#2893=CARTESIAN_POINT('',(10.9000000000037,-1.674315780636,2.40000000000006));
#2894=DIRECTION('',(-1.0,0.0,0.0));
#2895=DIRECTION('',(0.0,0.0,-1.0));
#2896=SURFACE_STYLE_FILL_AREA(#5294);
#2897=ORIENTED_EDGE('',*,*,#5295,.F.);
#2898=ORIENTED_EDGE('',*,*,#5296,.F.);
#2899=ORIENTED_EDGE('',*,*,#5280,.T.);
#2900=ORIENTED_EDGE('',*,*,#5293,.T.);
#2901=CARTESIAN_POINT('',(8.00000000000374,-3.34863156128591,2.40000000000006));
#2902=DIRECTION('',(-0.5,0.866025403784439,0.0));
#2903=DIRECTION('',(-0.866025403784439,-0.5,0.0));
#2904=SURFACE_STYLE_FILL_AREA(#5297);
#2905=ORIENTED_EDGE('',*,*,#5298,.F.);
#2906=ORIENTED_EDGE('',*,*,#5284,.F.);
#2907=ORIENTED_EDGE('',*,*,#5275,.T.);
#2908=ORIENTED_EDGE('',*,*,#5296,.T.);
#2909=CARTESIAN_POINT('',(5.10000000000374,-1.674315780636,2.40000000000006));
#2910=DIRECTION('',(0.5,0.866025403784439,0.0));
#2911=DIRECTION('',(-0.866025403784439,0.5,0.0));
#2912=SURFACE_STYLE_FILL_AREA(#5299);
#2913=ORIENTED_EDGE('',*,*,#5300,.F.);
#2914=ORIENTED_EDGE('',*,*,#5301,.F.);
#2915=CARTESIAN_POINT('',(3.72792074987416E-012,8.00000000001391,12.4));
#2916=DIRECTION('',(0.0,0.0,-1.0));
#2917=DIRECTION('',(-1.0,0.0,0.0));
#2918=SURFACE_STYLE_FILL_AREA(#5302);
#2919=ORIENTED_EDGE('',*,*,#5301,.T.);
#2920=ORIENTED_EDGE('',*,*,#5303,.F.);
#2921=ORIENTED_EDGE('',*,*,#5304,.F.);
#2922=ORIENTED_EDGE('',*,*,#5305,.F.);
#2923=ORIENTED_EDGE('',*,*,#5306,.F.);
#2924=ORIENTED_EDGE('',*,*,#5307,.F.);
#2925=ORIENTED_EDGE('',*,*,#5308,.F.);
#2926=CARTESIAN_POINT('',(-3.3486315612961,5.10000000001392,2.40000000000006));
#2927=DIRECTION('',(0.0,0.0,1.0));
#2928=DIRECTION('',(1.0,0.0,0.0));
#2929=SURFACE_STYLE_FILL_AREA(#5309);
#2930=ORIENTED_EDGE('',*,*,#5310,.F.);
#2931=ORIENTED_EDGE('',*,*,#5311,.F.);
#2932=ORIENTED_EDGE('',*,*,#5304,.T.);
#2933=ORIENTED_EDGE('',*,*,#5312,.T.);
#2934=CARTESIAN_POINT('',(-1.67431578064618,5.10000000001392,2.40000000000006));
#2935=DIRECTION('',(5.18039516805918E-016,1.0,0.0));
#2936=DIRECTION('',(-1.0,5.18039516805918E-016,0.0));
#2937=SURFACE_STYLE_FILL_AREA(#5313);
#2938=ORIENTED_EDGE('',*,*,#5314,.F.);
#2939=ORIENTED_EDGE('',*,*,#5315,.F.);
#2940=ORIENTED_EDGE('',*,*,#5305,.T.);
#2941=ORIENTED_EDGE('',*,*,#5311,.T.);
#2942=CARTESIAN_POINT('',(-3.3486315612961,8.00000000001392,2.40000000000006));
#2943=DIRECTION('',(0.866025403784439,0.5,0.0));
#2944=DIRECTION('',(-0.5,0.866025403784439,0.0));
#2945=SURFACE_STYLE_FILL_AREA(#5316);
#2946=ORIENTED_EDGE('',*,*,#5317,.F.);
#2947=ORIENTED_EDGE('',*,*,#5318,.F.);
#2948=ORIENTED_EDGE('',*,*,#5306,.T.);
#2949=ORIENTED_EDGE('',*,*,#5315,.T.);
#2950=CARTESIAN_POINT('',(-1.67431578064618,10.9000000000139,2.40000000000006));
#2951=DIRECTION('',(0.866025403784439,-0.5,0.0));
#2952=DIRECTION('',(0.5,0.866025403784439,0.0));
#2953=SURFACE_STYLE_FILL_AREA(#5319);
#2954=ORIENTED_EDGE('',*,*,#5320,.F.);
#2955=ORIENTED_EDGE('',*,*,#5321,.F.);
#2956=ORIENTED_EDGE('',*,*,#5307,.T.);
#2957=ORIENTED_EDGE('',*,*,#5318,.T.);
#2958=CARTESIAN_POINT('',(1.67431578065365,10.9000000000139,2.40000000000006));
#2959=DIRECTION('',(0.0,-1.0,0.0));
#2960=DIRECTION('',(0.0,0.0,-1.0));
#2961=SURFACE_STYLE_FILL_AREA(#5322);
#2962=ORIENTED_EDGE('',*,*,#5323,.F.);
#2963=ORIENTED_EDGE('',*,*,#5324,.F.);
#2964=ORIENTED_EDGE('',*,*,#5308,.T.);
#2965=ORIENTED_EDGE('',*,*,#5321,.T.);
#2966=CARTESIAN_POINT('',(3.34863156130355,8.00000000001392,2.40000000000006));
#2967=DIRECTION('',(-0.866025403784439,-0.5,0.0));
#2968=DIRECTION('',(0.5,-0.866025403784439,0.0));
#2969=SURFACE_STYLE_FILL_AREA(#5325);
#2970=ORIENTED_EDGE('',*,*,#5326,.F.);
#2971=ORIENTED_EDGE('',*,*,#5312,.F.);
#2972=ORIENTED_EDGE('',*,*,#5303,.T.);
#2973=ORIENTED_EDGE('',*,*,#5324,.T.);
#2974=CARTESIAN_POINT('',(1.67431578065364,5.10000000001392,2.40000000000006));
#2975=DIRECTION('',(-0.866025403784439,0.5,0.0));
#2976=DIRECTION('',(-0.5,-0.866025403784439,0.0));
#2977=SURFACE_STYLE_FILL_AREA(#5327);
#2978=ORIENTED_EDGE('',*,*,#5328,.F.);
#2979=ORIENTED_EDGE('',*,*,#5329,.F.);
#2980=CARTESIAN_POINT('',(3.7394132929025E-012,-7.99999999998609,12.4));
#2981=DIRECTION('',(0.0,0.0,-1.0));
#2982=DIRECTION('',(1.0,0.0,0.0));
#2983=SURFACE_STYLE_FILL_AREA(#5330);
#2984=ORIENTED_EDGE('',*,*,#5329,.T.);
#2985=ORIENTED_EDGE('',*,*,#5331,.F.);
#2986=ORIENTED_EDGE('',*,*,#5332,.F.);
#2987=ORIENTED_EDGE('',*,*,#5333,.F.);
#2988=ORIENTED_EDGE('',*,*,#5334,.F.);
#2989=ORIENTED_EDGE('',*,*,#5335,.F.);
#2990=ORIENTED_EDGE('',*,*,#5336,.F.);
#2991=CARTESIAN_POINT('',(3.34863156130356,-5.09999999998609,2.40000000000006));
#2992=DIRECTION('',(0.0,0.0,1.0));
#2993=DIRECTION('',(-1.0,0.0,0.0));
#2994=SURFACE_STYLE_FILL_AREA(#5337);
#2995=ORIENTED_EDGE('',*,*,#5338,.F.);
#2996=ORIENTED_EDGE('',*,*,#5339,.F.);
#2997=ORIENTED_EDGE('',*,*,#5332,.T.);
#2998=ORIENTED_EDGE('',*,*,#5340,.T.);
#2999=CARTESIAN_POINT('',(1.67431578065366,-5.09999999998609,2.40000000000006));
#3000=DIRECTION('',(-5.18039516805918E-016,-1.0,0.0));
#3001=DIRECTION('',(1.0,-5.18039516805918E-016,0.0));
#3002=SURFACE_STYLE_FILL_AREA(#5341);
#3003=ORIENTED_EDGE('',*,*,#5342,.F.);
#3004=ORIENTED_EDGE('',*,*,#5343,.F.);
#3005=ORIENTED_EDGE('',*,*,#5333,.T.);
#3006=ORIENTED_EDGE('',*,*,#5339,.T.);
#3007=CARTESIAN_POINT('',(3.34863156130356,-7.99999999998609,2.40000000000006));
#3008=DIRECTION('',(-0.866025403784439,-0.5,0.0));
#3009=DIRECTION('',(0.5,-0.866025403784439,0.0));
#3010=SURFACE_STYLE_FILL_AREA(#5344);
#3011=ORIENTED_EDGE('',*,*,#5345,.F.);
#3012=ORIENTED_EDGE('',*,*,#5346,.F.);
#3013=ORIENTED_EDGE('',*,*,#5334,.T.);
#3014=ORIENTED_EDGE('',*,*,#5343,.T.);
#3015=CARTESIAN_POINT('',(1.67431578065365,-10.8999999999861,2.40000000000006));
#3016=DIRECTION('',(-0.866025403784439,0.5,0.0));
#3017=DIRECTION('',(-0.5,-0.866025403784439,0.0));
#3018=SURFACE_STYLE_FILL_AREA(#5347);
#3019=ORIENTED_EDGE('',*,*,#5348,.F.);
#3020=ORIENTED_EDGE('',*,*,#5349,.F.);
#3021=ORIENTED_EDGE('',*,*,#5335,.T.);
#3022=ORIENTED_EDGE('',*,*,#5346,.T.);
#3023=CARTESIAN_POINT('',(-1.67431578064617,-10.8999999999861,2.40000000000006));
#3024=DIRECTION('',(0.0,1.0,0.0));
#3025=DIRECTION('',(0.0,0.0,-1.0));
#3026=SURFACE_STYLE_FILL_AREA(#5350);
#3027=ORIENTED_EDGE('',*,*,#5351,.F.);
#3028=ORIENTED_EDGE('',*,*,#5352,.F.);
#3029=ORIENTED_EDGE('',*,*,#5336,.T.);
#3030=ORIENTED_EDGE('',*,*,#5349,.T.);
#3031=CARTESIAN_POINT('',(-3.34863156129609,-7.99999999998609,2.40000000000006));
#3032=DIRECTION('',(0.866025403784439,0.5,0.0));
#3033=DIRECTION('',(-0.5,0.866025403784439,0.0));
#3034=SURFACE_STYLE_FILL_AREA(#5353);
#3035=ORIENTED_EDGE('',*,*,#5354,.F.);
#3036=ORIENTED_EDGE('',*,*,#5340,.F.);
#3037=ORIENTED_EDGE('',*,*,#5331,.T.);
#3038=ORIENTED_EDGE('',*,*,#5352,.T.);
#3039=CARTESIAN_POINT('',(-1.67431578064617,-5.09999999998609,2.40000000000006));
#3040=DIRECTION('',(0.866025403784439,-0.5,0.0));
#3041=DIRECTION('',(0.5,0.866025403784439,0.0));
#3042=SURFACE_STYLE_FILL_AREA(#5355);
#3043=ORIENTED_EDGE('',*,*,#5356,.F.);
#3044=ORIENTED_EDGE('',*,*,#5357,.F.);
#3045=CARTESIAN_POINT('',(-7.99999999999627,1.39072781069061E-011,12.4));
#3046=DIRECTION('',(0.0,0.0,-1.0));
#3047=DIRECTION('',(0.0,-1.0,0.0));
#3048=SURFACE_STYLE_FILL_AREA(#5358);
#3049=ORIENTED_EDGE('',*,*,#5357,.T.);
#3050=ORIENTED_EDGE('',*,*,#5359,.F.);
#3051=ORIENTED_EDGE('',*,*,#5360,.F.);
#3052=ORIENTED_EDGE('',*,*,#5361,.F.);
#3053=ORIENTED_EDGE('',*,*,#5362,.F.);
#3054=ORIENTED_EDGE('',*,*,#5363,.F.);
#3055=ORIENTED_EDGE('',*,*,#5364,.F.);
#3056=CARTESIAN_POINT('',(-5.09999999999627,-3.34863156128592,2.40000000000006));
#3057=DIRECTION('',(0.0,-0.0,1.0));
#3058=DIRECTION('',(0.0,1.0,0.0));
#3059=SURFACE_STYLE_FILL_AREA(#5365);
#3060=ORIENTED_EDGE('',*,*,#5366,.F.);
#3061=ORIENTED_EDGE('',*,*,#5367,.F.);
#3062=ORIENTED_EDGE('',*,*,#5360,.T.);
#3063=ORIENTED_EDGE('',*,*,#5368,.T.);
#3064=CARTESIAN_POINT('',(-5.09999999999627,-1.67431578063601,2.40000000000006));
#3065=DIRECTION('',(-1.0,5.18039516805918E-016,0.0));
#3066=DIRECTION('',(-5.18039516805918E-016,-1.0,0.0));
#3067=SURFACE_STYLE_FILL_AREA(#5369);
#3068=ORIENTED_EDGE('',*,*,#5370,.F.);
#3069=ORIENTED_EDGE('',*,*,#5371,.F.);
#3070=ORIENTED_EDGE('',*,*,#5361,.T.);
#3071=ORIENTED_EDGE('',*,*,#5367,.T.);
#3072=CARTESIAN_POINT('',(-7.99999999999627,-3.34863156128592,2.40000000000006));
#3073=DIRECTION('',(-0.5,0.866025403784439,0.0));
#3074=DIRECTION('',(-0.866025403784439,-0.5,0.0));
#3075=SURFACE_STYLE_FILL_AREA(#5372);
#3076=ORIENTED_EDGE('',*,*,#5373,.F.);
#3077=ORIENTED_EDGE('',*,*,#5374,.F.);
#3078=ORIENTED_EDGE('',*,*,#5362,.T.);
#3079=ORIENTED_EDGE('',*,*,#5371,.T.);
#3080=CARTESIAN_POINT('',(-10.8999999999963,-1.674315780636,2.40000000000006));
#3081=DIRECTION('',(0.5,0.866025403784439,0.0));
#3082=DIRECTION('',(-0.866025403784439,0.5,0.0));
#3083=SURFACE_STYLE_FILL_AREA(#5375);
#3084=ORIENTED_EDGE('',*,*,#5376,.F.);
#3085=ORIENTED_EDGE('',*,*,#5377,.F.);
#3086=ORIENTED_EDGE('',*,*,#5363,.T.);
#3087=ORIENTED_EDGE('',*,*,#5374,.T.);
#3088=CARTESIAN_POINT('',(-10.8999999999963,1.67431578066382,2.40000000000006));
#3089=DIRECTION('',(1.0,0.0,0.0));
#3090=DIRECTION('',(0.0,0.0,-1.0));
#3091=SURFACE_STYLE_FILL_AREA(#5378);
#3092=ORIENTED_EDGE('',*,*,#5379,.F.);
#3093=ORIENTED_EDGE('',*,*,#5380,.F.);
#3094=ORIENTED_EDGE('',*,*,#5364,.T.);
#3095=ORIENTED_EDGE('',*,*,#5377,.T.);
#3096=CARTESIAN_POINT('',(-7.99999999999627,3.34863156131374,2.40000000000006));
#3097=DIRECTION('',(0.5,-0.866025403784439,0.0));
#3098=DIRECTION('',(0.866025403784439,0.5,0.0));
#3099=SURFACE_STYLE_FILL_AREA(#5381);
#3100=ORIENTED_EDGE('',*,*,#5382,.F.);
#3101=ORIENTED_EDGE('',*,*,#5368,.F.);
#3102=ORIENTED_EDGE('',*,*,#5359,.T.);
#3103=ORIENTED_EDGE('',*,*,#5380,.T.);
#3104=CARTESIAN_POINT('',(-5.09999999999627,1.67431578066382,2.40000000000006));
#3105=DIRECTION('',(-0.5,-0.866025403784439,0.0));
#3106=DIRECTION('',(0.866025403784439,-0.5,0.0));
#3107=SURFACE_STYLE_FILL_AREA(#5383);
#3108=ORIENTED_EDGE('',*,*,#5384,.T.);
#3109=ORIENTED_EDGE('',*,*,#5385,.F.);
#3110=ORIENTED_EDGE('',*,*,#5386,.F.);
#3111=ORIENTED_EDGE('',*,*,#5387,.F.);
#3112=CARTESIAN_POINT('',(-3.94649590784723E-014,1.39194211712379E-011,-5.10000000004056));
#3113=DIRECTION('',(0.0,0.0,1.0));
#3114=DIRECTION('',(-0.707106781186538,0.707106781186557,0.0));
#3115=SURFACE_STYLE_FILL_AREA(#5388);
#3116=ORIENTED_EDGE('',*,*,#5389,.F.);
#3117=ORIENTED_EDGE('',*,*,#5386,.T.);
#3118=ORIENTED_EDGE('',*,*,#5390,.F.);
#3119=ORIENTED_EDGE('',*,*,#5384,.F.);
#3120=ORIENTED_EDGE('',*,*,#5391,.F.);
#3121=CARTESIAN_POINT('',(2.09989065632111,-0.0214296872246014,-5.10000000004056));
#3122=DIRECTION('',(-0.707106781186538,0.707106781186556,0.0));
#3123=DIRECTION('',(0.707106781186557,0.707106781186539,0.0));
#3124=SURFACE_STYLE_FILL_AREA(#5392);
#3125=ORIENTED_EDGE('',*,*,#5387,.T.);
#3126=ORIENTED_EDGE('',*,*,#5391,.T.);
#3127=ORIENTED_EDGE('',*,*,#5393,.T.);
#3128=CARTESIAN_POINT('',(3.73052283508813E-012,1.39159517242859E-011,-3.09999999999996));
#3129=DIRECTION('',(0.0,0.0,-1.0));
#3130=DIRECTION('',(1.0,0.0,0.0));
#3131=SURFACE_STYLE_FILL_AREA(#5394);
#3132=ORIENTED_EDGE('',*,*,#5395,.T.);
#3133=ORIENTED_EDGE('',*,*,#5396,.T.);
#3134=ORIENTED_EDGE('',*,*,#5393,.F.);
#3135=CARTESIAN_POINT('',(3.73052283508813E-012,1.39159517242859E-011,-3.09999999999996));
#3136=DIRECTION('',(0.0,0.0,1.0));
#3137=DIRECTION('',(-1.0,0.0,0.0));
#3138=SURFACE_STYLE_FILL_AREA(#5397);
#3139=ORIENTED_EDGE('',*,*,#5398,.T.);
#3140=ORIENTED_EDGE('',*,*,#5399,.T.);
#3141=ORIENTED_EDGE('',*,*,#5268,.T.);
#3142=ORIENTED_EDGE('',*,*,#5395,.F.);
#3143=ORIENTED_EDGE('',*,*,#5400,.T.);
#3144=ORIENTED_EDGE('',*,*,#5401,.T.);
#3145=ORIENTED_EDGE('',*,*,#5402,.F.);
#3146=CARTESIAN_POINT('',(2.04692779475117,-5.01677627571999,4.67487113059489));
#3147=DIRECTION('',(0.707106781186551,-0.707106781186544,0.0));
#3148=DIRECTION('',(0.0,0.0,-1.0));
#3149=SURFACE_STYLE_FILL_AREA(#5403);
#3150=ORIENTED_EDGE('',*,*,#5404,.F.);
#3151=ORIENTED_EDGE('',*,*,#5405,.F.);
#3152=ORIENTED_EDGE('',*,*,#5406,.F.);
#3153=ORIENTED_EDGE('',*,*,#5407,.F.);
#3154=ORIENTED_EDGE('',*,*,#5408,.F.);
#3155=ORIENTED_EDGE('',*,*,#5409,.T.);
#3156=ORIENTED_EDGE('',*,*,#5410,.F.);
#3157=ORIENTED_EDGE('',*,*,#5411,.F.);
#3158=ORIENTED_EDGE('',*,*,#5412,.F.);
#3159=ORIENTED_EDGE('',*,*,#5413,.F.);
#3160=ORIENTED_EDGE('',*,*,#5414,.F.);
#3161=ORIENTED_EDGE('',*,*,#5415,.F.);
#3162=ORIENTED_EDGE('',*,*,#5416,.T.);
#3163=ORIENTED_EDGE('',*,*,#5417,.T.);
#3164=CARTESIAN_POINT('',(6.36396103068644,-6.36396103067279,2.25000000000043));
#3165=DIRECTION('',(0.707106781186548,-0.707106781186547,0.0));
#3166=DIRECTION('',(0.707106781186547,0.707106781186548,0.0));
#3167=SURFACE_STYLE_FILL_AREA(#5418);
#3168=ORIENTED_EDGE('',*,*,#5419,.T.);
#3169=ORIENTED_EDGE('',*,*,#5404,.T.);
#3170=ORIENTED_EDGE('',*,*,#5420,.T.);
#3171=ORIENTED_EDGE('',*,*,#5421,.F.);
#3172=ORIENTED_EDGE('',*,*,#5422,.F.);
#3173=ORIENTED_EDGE('',*,*,#5423,.T.);
#3174=CARTESIAN_POINT('',(7.39027777777882,-12.8003365931581,-0.100000000000022));
#3175=DIRECTION('',(0.0,0.0,1.0));
#3176=DIRECTION('',(0.499999999999968,-0.866025403784457,0.0));
#3177=SURFACE_STYLE_FILL_AREA(#5424);
#3178=ORIENTED_EDGE('',*,*,#5420,.F.);
#3179=ORIENTED_EDGE('',*,*,#5405,.T.);
#3180=ORIENTED_EDGE('',*,*,#5419,.F.);
#3181=ORIENTED_EDGE('',*,*,#5425,.T.);
#3182=ORIENTED_EDGE('',*,*,#5426,.T.);
#3183=ORIENTED_EDGE('',*,*,#5427,.F.);
#3184=ORIENTED_EDGE('',*,*,#5428,.T.);
#3185=ORIENTED_EDGE('',*,*,#5429,.T.);
#3186=ORIENTED_EDGE('',*,*,#5430,.T.);
#3187=ORIENTED_EDGE('',*,*,#5431,.F.);
#3188=CARTESIAN_POINT('',(9.42543747667229,-11.6253365931582,-0.100000000000022));
#3189=DIRECTION('',(-0.866025403784457,-0.499999999999968,0.0));
#3190=DIRECTION('',(0.0,0.0,1.0));
#3191=SURFACE_STYLE_FILL_AREA(#5432);
#3192=ORIENTED_EDGE('',*,*,#5433,.T.);
#3193=ORIENTED_EDGE('',*,*,#5434,.T.);
#3194=ORIENTED_EDGE('',*,*,#5435,.F.);
#3195=ORIENTED_EDGE('',*,*,#5436,.T.);
#3196=ORIENTED_EDGE('',*,*,#5437,.T.);
#3197=ORIENTED_EDGE('',*,*,#5422,.T.);
#3198=ORIENTED_EDGE('',*,*,#5438,.F.);
#3199=ORIENTED_EDGE('',*,*,#5439,.T.);
#3200=CARTESIAN_POINT('',(8.86484030110733,-20.0543538025006,-0.100000000000022));
#3201=DIRECTION('',(0.866025403784457,0.499999999999968,0.0));
#3202=DIRECTION('',(0.0,0.0,-1.0));
#3203=SURFACE_STYLE_FILL_AREA(#5440);
#3204=ORIENTED_EDGE('',*,*,#5441,.F.);
#3205=ORIENTED_EDGE('',*,*,#5442,.F.);
#3206=ORIENTED_EDGE('',*,*,#5443,.T.);
#3207=ORIENTED_EDGE('',*,*,#5444,.T.);
#3208=CARTESIAN_POINT('',(-6.22462151267378E-012,-14.780555555554,-0.100000000000022));
#3209=DIRECTION('',(0.0,0.0,1.0));
#3210=DIRECTION('',(0.0,-1.0,0.0));
#3211=SURFACE_STYLE_FILL_AREA(#5445);
#3212=ORIENTED_EDGE('',*,*,#5446,.F.);
#3213=ORIENTED_EDGE('',*,*,#5447,.T.);
#3214=ORIENTED_EDGE('',*,*,#5448,.T.);
#3215=ORIENTED_EDGE('',*,*,#5449,.T.);
#3216=ORIENTED_EDGE('',*,*,#5450,.F.);
#3217=ORIENTED_EDGE('',*,*,#5444,.F.);
#3218=ORIENTED_EDGE('',*,*,#5451,.T.);
#3219=ORIENTED_EDGE('',*,*,#5452,.T.);
#3220=CARTESIAN_POINT('',(2.34999999999377,-14.7805555555539,-0.100000000000022));
#3221=DIRECTION('',(-1.0,0.0,0.0));
#3222=DIRECTION('',(0.0,0.0,1.0));
#3223=SURFACE_STYLE_FILL_AREA(#5453);
#3224=ORIENTED_EDGE('',*,*,#5454,.T.);
#3225=ORIENTED_EDGE('',*,*,#5455,.T.);
#3226=ORIENTED_EDGE('',*,*,#5456,.F.);
#3227=ORIENTED_EDGE('',*,*,#5457,.T.);
#3228=ORIENTED_EDGE('',*,*,#5458,.T.);
#3229=ORIENTED_EDGE('',*,*,#5442,.T.);
#3230=ORIENTED_EDGE('',*,*,#5459,.F.);
#3231=ORIENTED_EDGE('',*,*,#5460,.T.);
#3232=CARTESIAN_POINT('',(-2.35000000000623,-21.7999999999984,-0.100000000000022));
#3233=DIRECTION('',(1.0,0.0,0.0));
#3234=DIRECTION('',(0.0,0.0,-1.0));
#3235=SURFACE_STYLE_FILL_AREA(#5461);
#3236=ORIENTED_EDGE('',*,*,#5462,.F.);
#3237=ORIENTED_EDGE('',*,*,#5463,.F.);
#3238=ORIENTED_EDGE('',*,*,#5464,.T.);
#3239=ORIENTED_EDGE('',*,*,#5465,.T.);
#3240=CARTESIAN_POINT('',(-7.39027777778916,-12.8003365931522,-0.100000000000022));
#3241=DIRECTION('',(0.0,0.0,1.0));
#3242=DIRECTION('',(-0.500000000000033,-0.86602540378442,0.0));
#3243=SURFACE_STYLE_FILL_AREA(#5466);
#3244=ORIENTED_EDGE('',*,*,#5467,.F.);
#3245=ORIENTED_EDGE('',*,*,#5468,.T.);
#3246=ORIENTED_EDGE('',*,*,#5469,.T.);
#3247=ORIENTED_EDGE('',*,*,#5470,.T.);
#3248=ORIENTED_EDGE('',*,*,#5471,.F.);
#3249=ORIENTED_EDGE('',*,*,#5465,.F.);
#3250=ORIENTED_EDGE('',*,*,#5472,.T.);
#3251=ORIENTED_EDGE('',*,*,#5473,.T.);
#3252=CARTESIAN_POINT('',(-5.35511807889576,-13.9753365931523,-0.100000000000022));
#3253=DIRECTION('',(-0.86602540378442,0.500000000000033,0.0));
#3254=DIRECTION('',(0.0,0.0,1.0));
#3255=SURFACE_STYLE_FILL_AREA(#5474);
#3256=ORIENTED_EDGE('',*,*,#5475,.T.);
#3257=ORIENTED_EDGE('',*,*,#5476,.T.);
#3258=ORIENTED_EDGE('',*,*,#5477,.F.);
#3259=ORIENTED_EDGE('',*,*,#5478,.T.);
#3260=ORIENTED_EDGE('',*,*,#5479,.T.);
#3261=ORIENTED_EDGE('',*,*,#5463,.T.);
#3262=ORIENTED_EDGE('',*,*,#5480,.F.);
#3263=ORIENTED_EDGE('',*,*,#5481,.T.);
#3264=CARTESIAN_POINT('',(-12.935159698905,-17.7043538024944,-0.100000000000022));
#3265=DIRECTION('',(0.86602540378442,-0.500000000000033,0.0));
#3266=DIRECTION('',(0.0,0.0,-1.0));
#3267=SURFACE_STYLE_FILL_AREA(#5482);
#3268=ORIENTED_EDGE('',*,*,#5483,.F.);
#3269=ORIENTED_EDGE('',*,*,#5484,.F.);
#3270=ORIENTED_EDGE('',*,*,#5485,.T.);
#3271=ORIENTED_EDGE('',*,*,#5486,.T.);
#3272=CARTESIAN_POINT('',(-12.8003365931721,-7.39027777776495,-0.100000000000022));
#3273=DIRECTION('',(0.0,0.0,1.0));
#3274=DIRECTION('',(-0.866025403784458,-0.499999999999967,0.0));
#3275=SURFACE_STYLE_FILL_AREA(#5487);
#3276=ORIENTED_EDGE('',*,*,#5488,.F.);
#3277=ORIENTED_EDGE('',*,*,#5489,.T.);
#3278=ORIENTED_EDGE('',*,*,#5490,.T.);
#3279=ORIENTED_EDGE('',*,*,#5491,.T.);
#3280=ORIENTED_EDGE('',*,*,#5492,.F.);
#3281=ORIENTED_EDGE('',*,*,#5486,.F.);
#3282=ORIENTED_EDGE('',*,*,#5493,.T.);
#3283=ORIENTED_EDGE('',*,*,#5494,.T.);
#3284=CARTESIAN_POINT('',(-11.6253365931721,-9.42543747665842,-0.100000000000022));
#3285=DIRECTION('',(-0.499999999999967,0.866025403784458,0.0));
#3286=DIRECTION('',(0.0,0.0,1.0));
#3287=SURFACE_STYLE_FILL_AREA(#5495);
#3288=ORIENTED_EDGE('',*,*,#5496,.T.);
#3289=ORIENTED_EDGE('',*,*,#5497,.T.);
#3290=ORIENTED_EDGE('',*,*,#5498,.F.);
#3291=ORIENTED_EDGE('',*,*,#5499,.T.);
#3292=ORIENTED_EDGE('',*,*,#5500,.T.);
#3293=ORIENTED_EDGE('',*,*,#5484,.T.);
#3294=ORIENTED_EDGE('',*,*,#5501,.F.);
#3295=ORIENTED_EDGE('',*,*,#5502,.T.);
#3296=CARTESIAN_POINT('',(-20.0543538025146,-8.86484030109347,-0.100000000000022));
#3297=DIRECTION('',(0.499999999999967,-0.866025403784458,0.0));
#3298=DIRECTION('',(0.0,0.0,-1.0));
#3299=SURFACE_STYLE_FILL_AREA(#5503);
#3300=ORIENTED_EDGE('',*,*,#5504,.F.);
#3301=ORIENTED_EDGE('',*,*,#5505,.F.);
#3302=ORIENTED_EDGE('',*,*,#5506,.T.);
#3303=ORIENTED_EDGE('',*,*,#5507,.T.);
#3304=CARTESIAN_POINT('',(-14.780555555568,2.00395255944841E-011,-0.100000000000022));
#3305=DIRECTION('',(0.0,0.0,1.0));
#3306=DIRECTION('',(-1.0,0.0,0.0));
#3307=SURFACE_STYLE_FILL_AREA(#5508);
#3308=ORIENTED_EDGE('',*,*,#5509,.F.);
#3309=ORIENTED_EDGE('',*,*,#5510,.T.);
#3310=ORIENTED_EDGE('',*,*,#5511,.T.);
#3311=ORIENTED_EDGE('',*,*,#5512,.T.);
#3312=ORIENTED_EDGE('',*,*,#5513,.F.);
#3313=ORIENTED_EDGE('',*,*,#5507,.F.);
#3314=ORIENTED_EDGE('',*,*,#5514,.T.);
#3315=ORIENTED_EDGE('',*,*,#5515,.T.);
#3316=CARTESIAN_POINT('',(-14.780555555568,-2.34999999997996,-0.100000000000022));
#3317=DIRECTION('',(0.0,1.0,0.0));
#3318=DIRECTION('',(0.0,0.0,1.0));
#3319=SURFACE_STYLE_FILL_AREA(#5516);
#3320=ORIENTED_EDGE('',*,*,#5517,.T.);
#3321=ORIENTED_EDGE('',*,*,#5518,.T.);
#3322=ORIENTED_EDGE('',*,*,#5519,.F.);
#3323=ORIENTED_EDGE('',*,*,#5520,.T.);
#3324=ORIENTED_EDGE('',*,*,#5521,.T.);
#3325=ORIENTED_EDGE('',*,*,#5505,.T.);
#3326=ORIENTED_EDGE('',*,*,#5522,.F.);
#3327=ORIENTED_EDGE('',*,*,#5523,.T.);
#3328=CARTESIAN_POINT('',(-21.8000000000124,2.35000000002004,-0.100000000000022));
#3329=DIRECTION('',(0.0,-1.0,0.0));
#3330=DIRECTION('',(0.0,0.0,-1.0));
#3331=SURFACE_STYLE_FILL_AREA(#5524);
#3332=ORIENTED_EDGE('',*,*,#5525,.F.);
#3333=ORIENTED_EDGE('',*,*,#5526,.F.);
#3334=ORIENTED_EDGE('',*,*,#5527,.T.);
#3335=ORIENTED_EDGE('',*,*,#5528,.T.);
#3336=CARTESIAN_POINT('',(-12.8003365931662,7.39027777780302,-0.100000000000022));
#3337=DIRECTION('',(0.0,0.0,1.0));
#3338=DIRECTION('',(-0.86602540378442,0.500000000000032,0.0));
#3339=SURFACE_STYLE_FILL_AREA(#5529);
#3340=ORIENTED_EDGE('',*,*,#5530,.F.);
#3341=ORIENTED_EDGE('',*,*,#5531,.T.);
#3342=ORIENTED_EDGE('',*,*,#5532,.T.);
#3343=ORIENTED_EDGE('',*,*,#5533,.T.);
#3344=ORIENTED_EDGE('',*,*,#5534,.F.);
#3345=ORIENTED_EDGE('',*,*,#5528,.F.);
#3346=ORIENTED_EDGE('',*,*,#5535,.T.);
#3347=ORIENTED_EDGE('',*,*,#5536,.T.);
#3348=CARTESIAN_POINT('',(-13.9753365931662,5.35511807890963,-0.100000000000022));
#3349=DIRECTION('',(0.500000000000032,0.86602540378442,-0.0));
#3350=DIRECTION('',(0.0,0.0,1.0));
#3351=SURFACE_STYLE_FILL_AREA(#5537);
#3352=ORIENTED_EDGE('',*,*,#5538,.T.);
#3353=ORIENTED_EDGE('',*,*,#5539,.T.);
#3354=ORIENTED_EDGE('',*,*,#5540,.F.);
#3355=ORIENTED_EDGE('',*,*,#5541,.T.);
#3356=ORIENTED_EDGE('',*,*,#5542,.T.);
#3357=ORIENTED_EDGE('',*,*,#5526,.T.);
#3358=ORIENTED_EDGE('',*,*,#5543,.F.);
#3359=ORIENTED_EDGE('',*,*,#5544,.T.);
#3360=CARTESIAN_POINT('',(-17.7043538025084,12.9351596989189,-0.100000000000022));
#3361=DIRECTION('',(-0.500000000000032,-0.86602540378442,-0.0));
#3362=DIRECTION('',(0.0,0.0,-1.0));
#3363=SURFACE_STYLE_FILL_AREA(#5545);
#3364=ORIENTED_EDGE('',*,*,#5546,.F.);
#3365=ORIENTED_EDGE('',*,*,#5547,.F.);
#3366=ORIENTED_EDGE('',*,*,#5548,.T.);
#3367=ORIENTED_EDGE('',*,*,#5549,.T.);
#3368=CARTESIAN_POINT('',(-7.39027777777892,12.800336593186,-0.100000000000022));
#3369=DIRECTION('',(0.0,0.0,1.0));
#3370=DIRECTION('',(-0.499999999999968,0.866025403784457,0.0));
#3371=SURFACE_STYLE_FILL_AREA(#5550);
#3372=ORIENTED_EDGE('',*,*,#5551,.F.);
#3373=ORIENTED_EDGE('',*,*,#5552,.T.);
#3374=ORIENTED_EDGE('',*,*,#5553,.T.);
#3375=ORIENTED_EDGE('',*,*,#5554,.T.);
#3376=ORIENTED_EDGE('',*,*,#5555,.F.);
#3377=ORIENTED_EDGE('',*,*,#5549,.F.);
#3378=ORIENTED_EDGE('',*,*,#5556,.T.);
#3379=ORIENTED_EDGE('',*,*,#5557,.T.);
#3380=CARTESIAN_POINT('',(-9.42543747667239,11.625336593186,-0.100000000000022));
#3381=DIRECTION('',(0.866025403784457,0.499999999999968,-0.0));
#3382=DIRECTION('',(0.0,0.0,1.0));
#3383=SURFACE_STYLE_FILL_AREA(#5558);
#3384=ORIENTED_EDGE('',*,*,#5559,.T.);
#3385=ORIENTED_EDGE('',*,*,#5560,.T.);
#3386=ORIENTED_EDGE('',*,*,#5561,.F.);
#3387=ORIENTED_EDGE('',*,*,#5562,.T.);
#3388=ORIENTED_EDGE('',*,*,#5563,.T.);
#3389=ORIENTED_EDGE('',*,*,#5547,.T.);
#3390=ORIENTED_EDGE('',*,*,#5564,.F.);
#3391=ORIENTED_EDGE('',*,*,#5565,.T.);
#3392=CARTESIAN_POINT('',(-8.86484030110744,20.0543538025285,-0.100000000000022));
#3393=DIRECTION('',(-0.866025403784457,-0.499999999999968,-0.0));
#3394=DIRECTION('',(0.0,0.0,-1.0));
#3395=SURFACE_STYLE_FILL_AREA(#5566);
#3396=ORIENTED_EDGE('',*,*,#5567,.F.);
#3397=ORIENTED_EDGE('',*,*,#5568,.F.);
#3398=ORIENTED_EDGE('',*,*,#5569,.T.);
#3399=ORIENTED_EDGE('',*,*,#5570,.T.);
#3400=CARTESIAN_POINT('',(6.1183696997702E-012,14.7805555555818,-0.100000000000022));
#3401=DIRECTION('',(0.0,-0.0,1.0));
#3402=DIRECTION('',(0.0,1.0,0.0));
#3403=SURFACE_STYLE_FILL_AREA(#5571);
#3404=ORIENTED_EDGE('',*,*,#5572,.F.);
#3405=ORIENTED_EDGE('',*,*,#5573,.T.);
#3406=ORIENTED_EDGE('',*,*,#5574,.T.);
#3407=ORIENTED_EDGE('',*,*,#5575,.T.);
#3408=ORIENTED_EDGE('',*,*,#5576,.F.);
#3409=ORIENTED_EDGE('',*,*,#5570,.F.);
#3410=ORIENTED_EDGE('',*,*,#5577,.T.);
#3411=ORIENTED_EDGE('',*,*,#5578,.T.);
#3412=CARTESIAN_POINT('',(-2.34999999999388,14.7805555555818,-0.100000000000022));
#3413=DIRECTION('',(1.0,0.0,-0.0));
#3414=DIRECTION('',(0.0,0.0,1.0));
#3415=SURFACE_STYLE_FILL_AREA(#5579);
#3416=ORIENTED_EDGE('',*,*,#5580,.T.);
#3417=ORIENTED_EDGE('',*,*,#5581,.T.);
#3418=ORIENTED_EDGE('',*,*,#5582,.F.);
#3419=ORIENTED_EDGE('',*,*,#5583,.T.);
#3420=ORIENTED_EDGE('',*,*,#5584,.T.);
#3421=ORIENTED_EDGE('',*,*,#5568,.T.);
#3422=ORIENTED_EDGE('',*,*,#5585,.F.);
#3423=ORIENTED_EDGE('',*,*,#5586,.T.);
#3424=CARTESIAN_POINT('',(2.35000000000612,21.8000000000262,-0.100000000000022));
#3425=DIRECTION('',(-1.0,0.0,0.0));
#3426=DIRECTION('',(0.0,0.0,-1.0));
#3427=SURFACE_STYLE_FILL_AREA(#5587);
#3428=ORIENTED_EDGE('',*,*,#5588,.F.);
#3429=ORIENTED_EDGE('',*,*,#5589,.F.);
#3430=ORIENTED_EDGE('',*,*,#5590,.T.);
#3431=ORIENTED_EDGE('',*,*,#5591,.T.);
#3432=CARTESIAN_POINT('',(7.39027777778905,12.80033659318,-0.100000000000022));
#3433=DIRECTION('',(0.0,-0.0,1.0));
#3434=DIRECTION('',(0.500000000000032,0.86602540378442,0.0));
#3435=SURFACE_STYLE_FILL_AREA(#5592);
#3436=ORIENTED_EDGE('',*,*,#5593,.F.);
#3437=ORIENTED_EDGE('',*,*,#5594,.T.);
#3438=ORIENTED_EDGE('',*,*,#5595,.T.);
#3439=ORIENTED_EDGE('',*,*,#5596,.T.);
#3440=ORIENTED_EDGE('',*,*,#5597,.F.);
#3441=ORIENTED_EDGE('',*,*,#5591,.F.);
#3442=ORIENTED_EDGE('',*,*,#5598,.T.);
#3443=ORIENTED_EDGE('',*,*,#5599,.T.);
#3444=CARTESIAN_POINT('',(5.35511807889566,13.9753365931801,-0.100000000000022));
#3445=DIRECTION('',(0.86602540378442,-0.500000000000032,0.0));
#3446=DIRECTION('',(0.0,0.0,1.0));
#3447=SURFACE_STYLE_FILL_AREA(#5600);
#3448=ORIENTED_EDGE('',*,*,#5601,.T.);
#3449=ORIENTED_EDGE('',*,*,#5602,.T.);
#3450=ORIENTED_EDGE('',*,*,#5603,.F.);
#3451=ORIENTED_EDGE('',*,*,#5604,.T.);
#3452=ORIENTED_EDGE('',*,*,#5605,.T.);
#3453=ORIENTED_EDGE('',*,*,#5589,.T.);
#3454=ORIENTED_EDGE('',*,*,#5606,.F.);
#3455=ORIENTED_EDGE('',*,*,#5607,.T.);
#3456=CARTESIAN_POINT('',(12.9351596989049,17.7043538025223,-0.100000000000022));
#3457=DIRECTION('',(-0.86602540378442,0.500000000000032,0.0));
#3458=DIRECTION('',(0.0,0.0,-1.0));
#3459=SURFACE_STYLE_FILL_AREA(#5608);
#3460=ORIENTED_EDGE('',*,*,#5609,.F.);
#3461=ORIENTED_EDGE('',*,*,#5610,.F.);
#3462=ORIENTED_EDGE('',*,*,#5611,.T.);
#3463=ORIENTED_EDGE('',*,*,#5612,.T.);
#3464=CARTESIAN_POINT('',(12.800336593172,7.39027777779279,-0.100000000000022));
#3465=DIRECTION('',(0.0,-0.0,1.0));
#3466=DIRECTION('',(0.866025403784457,0.499999999999968,0.0));
#3467=SURFACE_STYLE_FILL_AREA(#5613);
#3468=ORIENTED_EDGE('',*,*,#5614,.F.);
#3469=ORIENTED_EDGE('',*,*,#5615,.T.);
#3470=ORIENTED_EDGE('',*,*,#5616,.T.);
#3471=ORIENTED_EDGE('',*,*,#5617,.T.);
#3472=ORIENTED_EDGE('',*,*,#5618,.F.);
#3473=ORIENTED_EDGE('',*,*,#5612,.F.);
#3474=ORIENTED_EDGE('',*,*,#5619,.T.);
#3475=ORIENTED_EDGE('',*,*,#5620,.T.);
#3476=CARTESIAN_POINT('',(11.625336593172,9.42543747668626,-0.100000000000022));
#3477=DIRECTION('',(0.499999999999968,-0.866025403784457,0.0));
#3478=DIRECTION('',(0.0,0.0,1.0));
#3479=SURFACE_STYLE_FILL_AREA(#5621);
#3480=ORIENTED_EDGE('',*,*,#5622,.T.);
#3481=ORIENTED_EDGE('',*,*,#5623,.T.);
#3482=ORIENTED_EDGE('',*,*,#5624,.F.);
#3483=ORIENTED_EDGE('',*,*,#5625,.T.);
#3484=ORIENTED_EDGE('',*,*,#5626,.T.);
#3485=ORIENTED_EDGE('',*,*,#5610,.T.);
#3486=ORIENTED_EDGE('',*,*,#5627,.F.);
#3487=ORIENTED_EDGE('',*,*,#5628,.T.);
#3488=CARTESIAN_POINT('',(20.0543538025145,8.86484030112131,-0.100000000000022));
#3489=DIRECTION('',(-0.499999999999968,0.866025403784457,0.0));
#3490=DIRECTION('',(0.0,0.0,-1.0));
#3491=SURFACE_STYLE_FILL_AREA(#5629);
#3492=ORIENTED_EDGE('',*,*,#5630,.F.);
#3493=ORIENTED_EDGE('',*,*,#5631,.F.);
#3494=ORIENTED_EDGE('',*,*,#5632,.T.);
#3495=ORIENTED_EDGE('',*,*,#5633,.T.);
#3496=CARTESIAN_POINT('',(14.7805555555678,7.75985178891325E-012,-0.100000000000022));
#3497=DIRECTION('',(0.0,0.0,1.0));
#3498=DIRECTION('',(1.0,0.0,0.0));
#3499=SURFACE_STYLE_FILL_AREA(#5634);
#3500=ORIENTED_EDGE('',*,*,#5635,.F.);
#3501=ORIENTED_EDGE('',*,*,#5636,.T.);
#3502=ORIENTED_EDGE('',*,*,#5637,.T.);
#3503=ORIENTED_EDGE('',*,*,#5638,.T.);
#3504=ORIENTED_EDGE('',*,*,#5639,.F.);
#3505=ORIENTED_EDGE('',*,*,#5633,.F.);
#3506=ORIENTED_EDGE('',*,*,#5640,.T.);
#3507=ORIENTED_EDGE('',*,*,#5641,.T.);
#3508=CARTESIAN_POINT('',(14.7805555555678,2.35000000000776,-0.100000000000022));
#3509=DIRECTION('',(0.0,-1.0,0.0));
#3510=DIRECTION('',(0.0,0.0,1.0));
#3511=SURFACE_STYLE_FILL_AREA(#5642);
#3512=ORIENTED_EDGE('',*,*,#5643,.T.);
#3513=ORIENTED_EDGE('',*,*,#5644,.T.);
#3514=ORIENTED_EDGE('',*,*,#5645,.F.);
#3515=ORIENTED_EDGE('',*,*,#5646,.T.);
#3516=ORIENTED_EDGE('',*,*,#5647,.T.);
#3517=ORIENTED_EDGE('',*,*,#5631,.T.);
#3518=ORIENTED_EDGE('',*,*,#5648,.F.);
#3519=ORIENTED_EDGE('',*,*,#5649,.T.);
#3520=CARTESIAN_POINT('',(21.8000000000123,-2.34999999999224,-0.100000000000022));
#3521=DIRECTION('',(0.0,1.0,0.0));
#3522=DIRECTION('',(0.0,0.0,-1.0));
#3523=SURFACE_STYLE_FILL_AREA(#5650);
#3524=ORIENTED_EDGE('',*,*,#5651,.F.);
#3525=ORIENTED_EDGE('',*,*,#5406,.T.);
#3526=ORIENTED_EDGE('',*,*,#5652,.F.);
#3527=ORIENTED_EDGE('',*,*,#5653,.T.);
#3528=ORIENTED_EDGE('',*,*,#5654,.T.);
#3529=ORIENTED_EDGE('',*,*,#5655,.F.);
#3530=CARTESIAN_POINT('',(12.8003365931661,-7.39027777777518,-0.100000000000021));
#3531=DIRECTION('',(0.0,0.0,1.0));
#3532=DIRECTION('',(0.86602540378442,-0.500000000000032,0.0));
#3533=SURFACE_STYLE_FILL_AREA(#5656);
#3534=ORIENTED_EDGE('',*,*,#5657,.F.);
#3535=ORIENTED_EDGE('',*,*,#5658,.T.);
#3536=ORIENTED_EDGE('',*,*,#5659,.T.);
#3537=ORIENTED_EDGE('',*,*,#5660,.T.);
#3538=ORIENTED_EDGE('',*,*,#5661,.F.);
#3539=ORIENTED_EDGE('',*,*,#5654,.F.);
#3540=ORIENTED_EDGE('',*,*,#5662,.T.);
#3541=ORIENTED_EDGE('',*,*,#5663,.T.);
#3542=CARTESIAN_POINT('',(13.9753365931661,-5.35511807888179,-0.100000000000021));
#3543=DIRECTION('',(-0.500000000000032,-0.86602540378442,0.0));
#3544=DIRECTION('',(0.0,0.0,1.0));
#3545=SURFACE_STYLE_FILL_AREA(#5664);
#3546=ORIENTED_EDGE('',*,*,#5652,.T.);
#3547=ORIENTED_EDGE('',*,*,#5407,.T.);
#3548=ORIENTED_EDGE('',*,*,#5651,.T.);
#3549=ORIENTED_EDGE('',*,*,#5665,.F.);
#3550=ORIENTED_EDGE('',*,*,#5666,.T.);
#3551=ORIENTED_EDGE('',*,*,#5667,.T.);
#3552=ORIENTED_EDGE('',*,*,#5668,.T.);
#3553=ORIENTED_EDGE('',*,*,#5669,.F.);
#3554=ORIENTED_EDGE('',*,*,#5670,.T.);
#3555=ORIENTED_EDGE('',*,*,#5671,.T.);
#3556=CARTESIAN_POINT('',(17.7043538025083,-12.935159698891,-0.100000000000021));
#3557=DIRECTION('',(0.500000000000032,0.86602540378442,0.0));
#3558=DIRECTION('',(0.0,0.0,-1.0));
#3559=SURFACE_STYLE_FILL_AREA(#5672);
#3560=ORIENTED_EDGE('',*,*,#5673,.F.);
#3561=ORIENTED_EDGE('',*,*,#5674,.T.);
#3562=ORIENTED_EDGE('',*,*,#5675,.T.);
#3563=ORIENTED_EDGE('',*,*,#5454,.F.);
#3564=CARTESIAN_POINT('',(-4.5000000000061,-19.3785691788531,3.5));
#3565=DIRECTION('',(1.0,0.0,0.0));
#3566=DIRECTION('',(0.0,-1.0,0.0));
#3567=SURFACE_STYLE_FILL_AREA(#5676);
#3568=ORIENTED_EDGE('',*,*,#5455,.F.);
#3569=ORIENTED_EDGE('',*,*,#5675,.F.);
#3570=ORIENTED_EDGE('',*,*,#5677,.T.);
#3571=ORIENTED_EDGE('',*,*,#5678,.F.);
#3572=CARTESIAN_POINT('',(-4.5000000000061,-20.4285691788531,3.5));
#3573=DIRECTION('',(-0.0,1.0,0.0));
#3574=DIRECTION('',(1.0,0.0,0.0));
#3575=SURFACE_STYLE_FILL_AREA(#5679);
#3576=ORIENTED_EDGE('',*,*,#5680,.T.);
#3577=ORIENTED_EDGE('',*,*,#5673,.T.);
#3578=ORIENTED_EDGE('',*,*,#5460,.F.);
#3579=ORIENTED_EDGE('',*,*,#5681,.F.);
#3580=CARTESIAN_POINT('',(-4.5000000000061,-18.3285691788531,4.60925977677107));
#3581=DIRECTION('',(0.0,-1.0,0.0));
#3582=DIRECTION('',(-1.0,0.0,0.0));
#3583=SURFACE_STYLE_FILL_AREA(#5682);
#3584=ORIENTED_EDGE('',*,*,#5683,.T.);
#3585=ORIENTED_EDGE('',*,*,#5684,.T.);
#3586=ORIENTED_EDGE('',*,*,#5685,.T.);
#3587=ORIENTED_EDGE('',*,*,#5686,.F.);
#3588=CARTESIAN_POINT('',(4.4999999999939,-19.3785691788531,3.5));
#3589=DIRECTION('',(-1.0,0.0,0.0));
#3590=DIRECTION('',(0.0,1.0,0.0));
#3591=SURFACE_STYLE_FILL_AREA(#5687);
#3592=ORIENTED_EDGE('',*,*,#5688,.T.);
#3593=ORIENTED_EDGE('',*,*,#5677,.F.);
#3594=ORIENTED_EDGE('',*,*,#5674,.F.);
#3595=ORIENTED_EDGE('',*,*,#5680,.F.);
#3596=CARTESIAN_POINT('',(-4.5000000000061,-19.3785691788531,3.5));
#3597=DIRECTION('',(-1.0,0.0,0.0));
#3598=DIRECTION('',(0.0,1.0,0.0));
#3599=SURFACE_STYLE_FILL_AREA(#5689);
#3600=ORIENTED_EDGE('',*,*,#5690,.F.);
#3601=ORIENTED_EDGE('',*,*,#5691,.T.);
#3602=ORIENTED_EDGE('',*,*,#5692,.T.);
#3603=ORIENTED_EDGE('',*,*,#5475,.F.);
#3604=CARTESIAN_POINT('',(-13.5863989064686,-14.5323331978758,3.5));
#3605=DIRECTION('',(0.86602540378442,-0.500000000000033,0.0));
#3606=DIRECTION('',(-0.500000000000033,-0.866025403784419,0.0));
#3607=SURFACE_STYLE_FILL_AREA(#5693);
#3608=ORIENTED_EDGE('',*,*,#5476,.F.);
#3609=ORIENTED_EDGE('',*,*,#5692,.F.);
#3610=ORIENTED_EDGE('',*,*,#5694,.T.);
#3611=ORIENTED_EDGE('',*,*,#5695,.F.);
#3612=CARTESIAN_POINT('',(-14.1113989064686,-15.4416598718494,3.5));
#3613=DIRECTION('',(0.500000000000033,0.86602540378442,0.0));
#3614=DIRECTION('',(0.86602540378442,-0.500000000000033,0.0));
#3615=SURFACE_STYLE_FILL_AREA(#5696);
#3616=ORIENTED_EDGE('',*,*,#5697,.T.);
#3617=ORIENTED_EDGE('',*,*,#5690,.T.);
#3618=ORIENTED_EDGE('',*,*,#5481,.F.);
#3619=ORIENTED_EDGE('',*,*,#5698,.F.);
#3620=CARTESIAN_POINT('',(-13.0613989064685,-13.6230065239021,4.60925977677106));
#3621=DIRECTION('',(-0.500000000000033,-0.86602540378442,0.0));
#3622=DIRECTION('',(-0.86602540378442,0.500000000000033,0.0));
#3623=SURFACE_STYLE_FILL_AREA(#5699);
#3624=ORIENTED_EDGE('',*,*,#5700,.T.);
#3625=ORIENTED_EDGE('',*,*,#5701,.T.);
#3626=ORIENTED_EDGE('',*,*,#5702,.T.);
#3627=ORIENTED_EDGE('',*,*,#5703,.F.);
#3628=CARTESIAN_POINT('',(-5.7921702724088,-19.032333197876,3.5));
#3629=DIRECTION('',(-0.86602540378442,0.500000000000033,0.0));
#3630=DIRECTION('',(0.500000000000033,0.86602540378442,0.0));
#3631=SURFACE_STYLE_FILL_AREA(#5704);
#3632=ORIENTED_EDGE('',*,*,#5705,.T.);
#3633=ORIENTED_EDGE('',*,*,#5694,.F.);
#3634=ORIENTED_EDGE('',*,*,#5691,.F.);
#3635=ORIENTED_EDGE('',*,*,#5697,.F.);
#3636=CARTESIAN_POINT('',(-13.5863989064686,-14.5323331978758,3.5));
#3637=DIRECTION('',(-0.86602540378442,0.500000000000033,0.0));
#3638=DIRECTION('',(0.500000000000033,0.86602540378442,0.0));
#3639=SURFACE_STYLE_FILL_AREA(#5706);
#3640=ORIENTED_EDGE('',*,*,#5707,.F.);
#3641=ORIENTED_EDGE('',*,*,#5708,.T.);
#3642=ORIENTED_EDGE('',*,*,#5709,.T.);
#3643=ORIENTED_EDGE('',*,*,#5496,.F.);
#3644=CARTESIAN_POINT('',(-19.0323331978957,-5.79217027238422,3.5));
#3645=DIRECTION('',(0.499999999999967,-0.866025403784458,0.0));
#3646=DIRECTION('',(-0.866025403784458,-0.499999999999967,0.0));
#3647=SURFACE_STYLE_FILL_AREA(#5710);
#3648=ORIENTED_EDGE('',*,*,#5497,.F.);
#3649=ORIENTED_EDGE('',*,*,#5709,.F.);
#3650=ORIENTED_EDGE('',*,*,#5711,.T.);
#3651=ORIENTED_EDGE('',*,*,#5712,.F.);
#3652=CARTESIAN_POINT('',(-19.9416598718694,-6.31717027238419,3.5));
#3653=DIRECTION('',(0.866025403784458,0.499999999999967,0.0));
#3654=DIRECTION('',(0.499999999999967,-0.866025403784458,0.0));
#3655=SURFACE_STYLE_FILL_AREA(#5713);
#3656=ORIENTED_EDGE('',*,*,#5714,.T.);
#3657=ORIENTED_EDGE('',*,*,#5707,.T.);
#3658=ORIENTED_EDGE('',*,*,#5502,.F.);
#3659=ORIENTED_EDGE('',*,*,#5715,.F.);
#3660=CARTESIAN_POINT('',(-18.123006523922,-5.26717027238426,4.60925977677104));
#3661=DIRECTION('',(-0.866025403784458,-0.499999999999967,0.0));
#3662=DIRECTION('',(-0.499999999999967,0.866025403784458,0.0));
#3663=SURFACE_STYLE_FILL_AREA(#5716);
#3664=ORIENTED_EDGE('',*,*,#5717,.T.);
#3665=ORIENTED_EDGE('',*,*,#5718,.T.);
#3666=ORIENTED_EDGE('',*,*,#5719,.T.);
#3667=ORIENTED_EDGE('',*,*,#5720,.F.);
#3668=CARTESIAN_POINT('',(-14.532333197896,-13.5863989064443,3.5));
#3669=DIRECTION('',(-0.499999999999967,0.866025403784458,0.0));
#3670=DIRECTION('',(0.866025403784458,0.499999999999967,0.0));
#3671=SURFACE_STYLE_FILL_AREA(#5721);
#3672=ORIENTED_EDGE('',*,*,#5722,.T.);
#3673=ORIENTED_EDGE('',*,*,#5711,.F.);
#3674=ORIENTED_EDGE('',*,*,#5708,.F.);
#3675=ORIENTED_EDGE('',*,*,#5714,.F.);
#3676=CARTESIAN_POINT('',(-19.0323331978957,-5.79217027238422,3.5));
#3677=DIRECTION('',(-0.499999999999967,0.866025403784458,0.0));
#3678=DIRECTION('',(0.866025403784458,0.499999999999967,0.0));
#3679=SURFACE_STYLE_FILL_AREA(#5723);
#3680=ORIENTED_EDGE('',*,*,#5724,.F.);
#3681=ORIENTED_EDGE('',*,*,#5725,.T.);
#3682=ORIENTED_EDGE('',*,*,#5726,.T.);
#3683=ORIENTED_EDGE('',*,*,#5517,.F.);
#3684=CARTESIAN_POINT('',(-19.378569178867,4.50000000002,3.49999999999996));
#3685=DIRECTION('',(0.0,-1.0,0.0));
#3686=DIRECTION('',(-1.0,0.0,0.0));
#3687=SURFACE_STYLE_FILL_AREA(#5727);
#3688=ORIENTED_EDGE('',*,*,#5518,.F.);
#3689=ORIENTED_EDGE('',*,*,#5726,.F.);
#3690=ORIENTED_EDGE('',*,*,#5728,.T.);
#3691=ORIENTED_EDGE('',*,*,#5729,.F.);
#3692=CARTESIAN_POINT('',(-20.4285691788671,4.50000000002,3.49999999999996));
#3693=DIRECTION('',(1.0,0.0,0.0));
#3694=DIRECTION('',(0.0,-1.0,0.0));
#3695=SURFACE_STYLE_FILL_AREA(#5730);
#3696=ORIENTED_EDGE('',*,*,#5731,.T.);
#3697=ORIENTED_EDGE('',*,*,#5724,.T.);
#3698=ORIENTED_EDGE('',*,*,#5523,.F.);
#3699=ORIENTED_EDGE('',*,*,#5732,.F.);
#3700=CARTESIAN_POINT('',(-18.328569178867,4.50000000002,4.60925977677102));
#3701=DIRECTION('',(-1.0,0.0,0.0));
#3702=DIRECTION('',(0.0,1.0,0.0));
#3703=SURFACE_STYLE_FILL_AREA(#5733);
#3704=ORIENTED_EDGE('',*,*,#5734,.T.);
#3705=ORIENTED_EDGE('',*,*,#5735,.T.);
#3706=ORIENTED_EDGE('',*,*,#5736,.T.);
#3707=ORIENTED_EDGE('',*,*,#5737,.F.);
#3708=CARTESIAN_POINT('',(-19.378569178867,-4.49999999998,3.49999999999996));
#3709=DIRECTION('',(-0.0,1.0,0.0));
#3710=DIRECTION('',(1.0,0.0,0.0));
#3711=SURFACE_STYLE_FILL_AREA(#5738);
#3712=ORIENTED_EDGE('',*,*,#5739,.T.);
#3713=ORIENTED_EDGE('',*,*,#5728,.F.);
#3714=ORIENTED_EDGE('',*,*,#5725,.F.);
#3715=ORIENTED_EDGE('',*,*,#5731,.F.);
#3716=CARTESIAN_POINT('',(-19.378569178867,4.50000000002,3.49999999999996));
#3717=DIRECTION('',(-0.0,1.0,0.0));
#3718=DIRECTION('',(1.0,0.0,0.0));
#3719=SURFACE_STYLE_FILL_AREA(#5740);
#3720=ORIENTED_EDGE('',*,*,#5741,.F.);
#3721=ORIENTED_EDGE('',*,*,#5742,.T.);
#3722=ORIENTED_EDGE('',*,*,#5743,.T.);
#3723=ORIENTED_EDGE('',*,*,#5538,.F.);
#3724=CARTESIAN_POINT('',(-14.5323331978897,13.5863989064825,3.49999999999994));
#3725=DIRECTION('',(-0.500000000000033,-0.86602540378442,0.0));
#3726=DIRECTION('',(-0.86602540378442,0.500000000000033,0.0));
#3727=SURFACE_STYLE_FILL_AREA(#5744);
#3728=ORIENTED_EDGE('',*,*,#5539,.F.);
#3729=ORIENTED_EDGE('',*,*,#5743,.F.);
#3730=ORIENTED_EDGE('',*,*,#5745,.T.);
#3731=ORIENTED_EDGE('',*,*,#5746,.F.);
#3732=CARTESIAN_POINT('',(-15.4416598718634,14.1113989064825,3.49999999999994));
#3733=DIRECTION('',(0.86602540378442,-0.500000000000033,0.0));
#3734=DIRECTION('',(-0.500000000000033,-0.86602540378442,0.0));
#3735=SURFACE_STYLE_FILL_AREA(#5747);
#3736=ORIENTED_EDGE('',*,*,#5748,.T.);
#3737=ORIENTED_EDGE('',*,*,#5741,.T.);
#3738=ORIENTED_EDGE('',*,*,#5544,.F.);
#3739=ORIENTED_EDGE('',*,*,#5749,.F.);
#3740=CARTESIAN_POINT('',(-13.6230065239161,13.0613989064824,4.609259776771));
#3741=DIRECTION('',(-0.86602540378442,0.500000000000033,0.0));
#3742=DIRECTION('',(0.500000000000033,0.86602540378442,0.0));
#3743=SURFACE_STYLE_FILL_AREA(#5750);
#3744=ORIENTED_EDGE('',*,*,#5751,.T.);
#3745=ORIENTED_EDGE('',*,*,#5752,.T.);
#3746=ORIENTED_EDGE('',*,*,#5753,.T.);
#3747=ORIENTED_EDGE('',*,*,#5754,.F.);
#3748=CARTESIAN_POINT('',(-19.03233319789,5.7921702724227,3.49999999999994));
#3749=DIRECTION('',(0.500000000000033,0.86602540378442,0.0));
#3750=DIRECTION('',(0.86602540378442,-0.500000000000033,0.0));
#3751=SURFACE_STYLE_FILL_AREA(#5755);
#3752=ORIENTED_EDGE('',*,*,#5756,.T.);
#3753=ORIENTED_EDGE('',*,*,#5745,.F.);
#3754=ORIENTED_EDGE('',*,*,#5742,.F.);
#3755=ORIENTED_EDGE('',*,*,#5748,.F.);
#3756=CARTESIAN_POINT('',(-14.5323331978897,13.5863989064825,3.49999999999994));
#3757=DIRECTION('',(0.500000000000033,0.86602540378442,0.0));
#3758=DIRECTION('',(0.86602540378442,-0.500000000000033,0.0));
#3759=SURFACE_STYLE_FILL_AREA(#5757);
#3760=ORIENTED_EDGE('',*,*,#5758,.F.);
#3761=ORIENTED_EDGE('',*,*,#5759,.T.);
#3762=ORIENTED_EDGE('',*,*,#5760,.T.);
#3763=ORIENTED_EDGE('',*,*,#5559,.F.);
#3764=CARTESIAN_POINT('',(-5.79217027239818,19.0323331979096,3.49999999999992));
#3765=DIRECTION('',(-0.866025403784458,-0.499999999999967,0.0));
#3766=DIRECTION('',(-0.499999999999967,0.866025403784458,0.0));
#3767=SURFACE_STYLE_FILL_AREA(#5761);
#3768=ORIENTED_EDGE('',*,*,#5560,.F.);
#3769=ORIENTED_EDGE('',*,*,#5760,.F.);
#3770=ORIENTED_EDGE('',*,*,#5762,.T.);
#3771=ORIENTED_EDGE('',*,*,#5763,.F.);
#3772=CARTESIAN_POINT('',(-6.31717027239815,19.9416598718833,3.49999999999992));
#3773=DIRECTION('',(0.499999999999967,-0.866025403784458,0.0));
#3774=DIRECTION('',(-0.866025403784458,-0.499999999999967,0.0));
#3775=SURFACE_STYLE_FILL_AREA(#5764);
#3776=ORIENTED_EDGE('',*,*,#5765,.T.);
#3777=ORIENTED_EDGE('',*,*,#5758,.T.);
#3778=ORIENTED_EDGE('',*,*,#5565,.F.);
#3779=ORIENTED_EDGE('',*,*,#5766,.F.);
#3780=CARTESIAN_POINT('',(-5.26717027239822,18.123006523936,4.60925977677099));
#3781=DIRECTION('',(-0.499999999999967,0.866025403784458,0.0));
#3782=DIRECTION('',(0.866025403784458,0.499999999999967,0.0));
#3783=SURFACE_STYLE_FILL_AREA(#5767);
#3784=ORIENTED_EDGE('',*,*,#5768,.T.);
#3785=ORIENTED_EDGE('',*,*,#5769,.T.);
#3786=ORIENTED_EDGE('',*,*,#5770,.T.);
#3787=ORIENTED_EDGE('',*,*,#5771,.F.);
#3788=CARTESIAN_POINT('',(-13.5863989064583,14.53233319791,3.49999999999992));
#3789=DIRECTION('',(0.866025403784458,0.499999999999967,0.0));
#3790=DIRECTION('',(0.499999999999967,-0.866025403784458,0.0));
#3791=SURFACE_STYLE_FILL_AREA(#5772);
#3792=ORIENTED_EDGE('',*,*,#5773,.T.);
#3793=ORIENTED_EDGE('',*,*,#5762,.F.);
#3794=ORIENTED_EDGE('',*,*,#5759,.F.);
#3795=ORIENTED_EDGE('',*,*,#5765,.F.);
#3796=CARTESIAN_POINT('',(-5.79217027239818,19.0323331979096,3.49999999999992));
#3797=DIRECTION('',(0.866025403784458,0.499999999999967,0.0));
#3798=DIRECTION('',(0.499999999999967,-0.866025403784458,0.0));
#3799=SURFACE_STYLE_FILL_AREA(#5774);
#3800=ORIENTED_EDGE('',*,*,#5775,.F.);
#3801=ORIENTED_EDGE('',*,*,#5776,.T.);
#3802=ORIENTED_EDGE('',*,*,#5777,.T.);
#3803=ORIENTED_EDGE('',*,*,#5580,.F.);
#3804=CARTESIAN_POINT('',(4.50000000000605,19.378569178881,3.49999999999992));
#3805=DIRECTION('',(-1.0,0.0,0.0));
#3806=DIRECTION('',(0.0,1.0,0.0));
#3807=SURFACE_STYLE_FILL_AREA(#5778);
#3808=ORIENTED_EDGE('',*,*,#5581,.F.);
#3809=ORIENTED_EDGE('',*,*,#5777,.F.);
#3810=ORIENTED_EDGE('',*,*,#5779,.T.);
#3811=ORIENTED_EDGE('',*,*,#5780,.F.);
#3812=CARTESIAN_POINT('',(4.50000000000605,20.428569178881,3.49999999999992));
#3813=DIRECTION('',(0.0,-1.0,0.0));
#3814=DIRECTION('',(-1.0,0.0,0.0));
#3815=SURFACE_STYLE_FILL_AREA(#5781);
#3816=ORIENTED_EDGE('',*,*,#5782,.T.);
#3817=ORIENTED_EDGE('',*,*,#5775,.T.);
#3818=ORIENTED_EDGE('',*,*,#5586,.F.);
#3819=ORIENTED_EDGE('',*,*,#5783,.F.);
#3820=CARTESIAN_POINT('',(4.50000000000605,18.328569178881,4.60925977677098));
#3821=DIRECTION('',(-0.0,1.0,0.0));
#3822=DIRECTION('',(1.0,0.0,0.0));
#3823=SURFACE_STYLE_FILL_AREA(#5784);
#3824=ORIENTED_EDGE('',*,*,#5785,.T.);
#3825=ORIENTED_EDGE('',*,*,#5786,.T.);
#3826=ORIENTED_EDGE('',*,*,#5787,.T.);
#3827=ORIENTED_EDGE('',*,*,#5788,.F.);
#3828=CARTESIAN_POINT('',(-4.49999999999396,19.378569178881,3.49999999999992));
#3829=DIRECTION('',(1.0,0.0,0.0));
#3830=DIRECTION('',(0.0,-1.0,0.0));
#3831=SURFACE_STYLE_FILL_AREA(#5789);
#3832=ORIENTED_EDGE('',*,*,#5790,.T.);
#3833=ORIENTED_EDGE('',*,*,#5779,.F.);
#3834=ORIENTED_EDGE('',*,*,#5776,.F.);
#3835=ORIENTED_EDGE('',*,*,#5782,.F.);
#3836=CARTESIAN_POINT('',(4.50000000000605,19.378569178881,3.49999999999992));
#3837=DIRECTION('',(1.0,0.0,0.0));
#3838=DIRECTION('',(0.0,-1.0,0.0));
#3839=SURFACE_STYLE_FILL_AREA(#5791);
#3840=ORIENTED_EDGE('',*,*,#5792,.F.);
#3841=ORIENTED_EDGE('',*,*,#5793,.T.);
#3842=ORIENTED_EDGE('',*,*,#5794,.T.);
#3843=ORIENTED_EDGE('',*,*,#5601,.F.);
#3844=CARTESIAN_POINT('',(13.5863989064685,14.5323331979036,3.49999999999993));
#3845=DIRECTION('',(-0.86602540378442,0.500000000000033,0.0));
#3846=DIRECTION('',(0.500000000000033,0.86602540378442,0.0));
#3847=SURFACE_STYLE_FILL_AREA(#5795);
#3848=ORIENTED_EDGE('',*,*,#5602,.F.);
#3849=ORIENTED_EDGE('',*,*,#5794,.F.);
#3850=ORIENTED_EDGE('',*,*,#5796,.T.);
#3851=ORIENTED_EDGE('',*,*,#5797,.F.);
#3852=CARTESIAN_POINT('',(14.1113989064686,15.4416598718773,3.49999999999993));
#3853=DIRECTION('',(-0.500000000000033,-0.86602540378442,0.0));
#3854=DIRECTION('',(-0.86602540378442,0.500000000000033,0.0));
#3855=SURFACE_STYLE_FILL_AREA(#5798);
#3856=ORIENTED_EDGE('',*,*,#5799,.T.);
#3857=ORIENTED_EDGE('',*,*,#5792,.T.);
#3858=ORIENTED_EDGE('',*,*,#5607,.F.);
#3859=ORIENTED_EDGE('',*,*,#5800,.F.);
#3860=CARTESIAN_POINT('',(13.0613989064685,13.62300652393,4.60925977677099));
#3861=DIRECTION('',(0.500000000000033,0.86602540378442,0.0));
#3862=DIRECTION('',(0.86602540378442,-0.500000000000033,0.0));
#3863=SURFACE_STYLE_FILL_AREA(#5801);
#3864=ORIENTED_EDGE('',*,*,#5802,.T.);
#3865=ORIENTED_EDGE('',*,*,#5803,.T.);
#3866=ORIENTED_EDGE('',*,*,#5804,.T.);
#3867=ORIENTED_EDGE('',*,*,#5805,.F.);
#3868=CARTESIAN_POINT('',(5.79217027240875,19.0323331979039,3.49999999999993));
#3869=DIRECTION('',(0.86602540378442,-0.500000000000033,0.0));
#3870=DIRECTION('',(-0.500000000000033,-0.86602540378442,0.0));
#3871=SURFACE_STYLE_FILL_AREA(#5806);
#3872=ORIENTED_EDGE('',*,*,#5807,.T.);
#3873=ORIENTED_EDGE('',*,*,#5796,.F.);
#3874=ORIENTED_EDGE('',*,*,#5793,.F.);
#3875=ORIENTED_EDGE('',*,*,#5799,.F.);
#3876=CARTESIAN_POINT('',(13.5863989064685,14.5323331979036,3.49999999999993));
#3877=DIRECTION('',(0.86602540378442,-0.500000000000033,0.0));
#3878=DIRECTION('',(-0.500000000000033,-0.86602540378442,0.0));
#3879=SURFACE_STYLE_FILL_AREA(#5808);
#3880=ORIENTED_EDGE('',*,*,#5809,.F.);
#3881=ORIENTED_EDGE('',*,*,#5810,.T.);
#3882=ORIENTED_EDGE('',*,*,#5811,.T.);
#3883=ORIENTED_EDGE('',*,*,#5622,.F.);
#3884=CARTESIAN_POINT('',(19.0323331978957,5.79217027241209,3.49999999999994));
#3885=DIRECTION('',(-0.499999999999967,0.866025403784458,0.0));
#3886=DIRECTION('',(0.866025403784458,0.499999999999967,0.0));
#3887=SURFACE_STYLE_FILL_AREA(#5812);
#3888=ORIENTED_EDGE('',*,*,#5623,.F.);
#3889=ORIENTED_EDGE('',*,*,#5811,.F.);
#3890=ORIENTED_EDGE('',*,*,#5813,.T.);
#3891=ORIENTED_EDGE('',*,*,#5814,.F.);
#3892=CARTESIAN_POINT('',(19.9416598718694,6.31717027241206,3.49999999999994));
#3893=DIRECTION('',(-0.866025403784458,-0.499999999999967,0.0));
#3894=DIRECTION('',(-0.499999999999967,0.866025403784458,0.0));
#3895=SURFACE_STYLE_FILL_AREA(#5815);
#3896=ORIENTED_EDGE('',*,*,#5816,.T.);
#3897=ORIENTED_EDGE('',*,*,#5809,.T.);
#3898=ORIENTED_EDGE('',*,*,#5628,.F.);
#3899=ORIENTED_EDGE('',*,*,#5817,.F.);
#3900=CARTESIAN_POINT('',(18.123006523922,5.26717027241213,4.60925977677101));
#3901=DIRECTION('',(0.866025403784458,0.499999999999967,0.0));
#3902=DIRECTION('',(0.499999999999967,-0.866025403784458,0.0));
#3903=SURFACE_STYLE_FILL_AREA(#5818);
#3904=ORIENTED_EDGE('',*,*,#5819,.T.);
#3905=ORIENTED_EDGE('',*,*,#5820,.T.);
#3906=ORIENTED_EDGE('',*,*,#5821,.T.);
#3907=ORIENTED_EDGE('',*,*,#5822,.F.);
#3908=CARTESIAN_POINT('',(14.532333197896,13.5863989064722,3.49999999999994));
#3909=DIRECTION('',(0.499999999999967,-0.866025403784458,0.0));
#3910=DIRECTION('',(-0.866025403784458,-0.499999999999967,0.0));
#3911=SURFACE_STYLE_FILL_AREA(#5823);
#3912=ORIENTED_EDGE('',*,*,#5824,.T.);
#3913=ORIENTED_EDGE('',*,*,#5813,.F.);
#3914=ORIENTED_EDGE('',*,*,#5810,.F.);
#3915=ORIENTED_EDGE('',*,*,#5816,.F.);
#3916=CARTESIAN_POINT('',(19.0323331978957,5.79217027241209,3.49999999999994));
#3917=DIRECTION('',(0.499999999999967,-0.866025403784458,0.0));
#3918=DIRECTION('',(-0.866025403784458,-0.499999999999967,0.0));
#3919=SURFACE_STYLE_FILL_AREA(#5825);
#3920=ORIENTED_EDGE('',*,*,#5826,.F.);
#3921=ORIENTED_EDGE('',*,*,#5827,.T.);
#3922=ORIENTED_EDGE('',*,*,#5828,.T.);
#3923=ORIENTED_EDGE('',*,*,#5643,.F.);
#3924=CARTESIAN_POINT('',(19.378569178867,-4.49999999999214,3.5));
#3925=DIRECTION('',(-0.0,1.0,0.0));
#3926=DIRECTION('',(1.0,0.0,0.0));
#3927=SURFACE_STYLE_FILL_AREA(#5829);
#3928=ORIENTED_EDGE('',*,*,#5644,.F.);
#3929=ORIENTED_EDGE('',*,*,#5828,.F.);
#3930=ORIENTED_EDGE('',*,*,#5830,.T.);
#3931=ORIENTED_EDGE('',*,*,#5831,.F.);
#3932=CARTESIAN_POINT('',(20.4285691788671,-4.49999999999214,3.5));
#3933=DIRECTION('',(-1.0,0.0,0.0));
#3934=DIRECTION('',(0.0,1.0,0.0));
#3935=SURFACE_STYLE_FILL_AREA(#5832);
#3936=ORIENTED_EDGE('',*,*,#5833,.T.);
#3937=ORIENTED_EDGE('',*,*,#5826,.T.);
#3938=ORIENTED_EDGE('',*,*,#5649,.F.);
#3939=ORIENTED_EDGE('',*,*,#5834,.F.);
#3940=CARTESIAN_POINT('',(18.328569178867,-4.49999999999214,4.60925977677103));
#3941=DIRECTION('',(1.0,0.0,0.0));
#3942=DIRECTION('',(0.0,-1.0,0.0));
#3943=SURFACE_STYLE_FILL_AREA(#5835);
#3944=ORIENTED_EDGE('',*,*,#5836,.T.);
#3945=ORIENTED_EDGE('',*,*,#5837,.T.);
#3946=ORIENTED_EDGE('',*,*,#5838,.T.);
#3947=ORIENTED_EDGE('',*,*,#5839,.F.);
#3948=CARTESIAN_POINT('',(19.378569178867,4.50000000000786,3.5));
#3949=DIRECTION('',(0.0,-1.0,0.0));
#3950=DIRECTION('',(-1.0,0.0,0.0));
#3951=SURFACE_STYLE_FILL_AREA(#5840);
#3952=ORIENTED_EDGE('',*,*,#5841,.T.);
#3953=ORIENTED_EDGE('',*,*,#5830,.F.);
#3954=ORIENTED_EDGE('',*,*,#5827,.F.);
#3955=ORIENTED_EDGE('',*,*,#5833,.F.);
#3956=CARTESIAN_POINT('',(19.378569178867,-4.49999999999214,3.5));
#3957=DIRECTION('',(0.0,-1.0,0.0));
#3958=DIRECTION('',(-1.0,0.0,0.0));
#3959=SURFACE_STYLE_FILL_AREA(#5842);
#3960=ORIENTED_EDGE('',*,*,#5843,.F.);
#3961=ORIENTED_EDGE('',*,*,#5411,.T.);
#3962=ORIENTED_EDGE('',*,*,#5844,.T.);
#3963=ORIENTED_EDGE('',*,*,#5667,.F.);
#3964=CARTESIAN_POINT('',(14.5323331978897,-13.5863989064546,3.5));
#3965=DIRECTION('',(0.500000000000032,0.86602540378442,0.0));
#3966=DIRECTION('',(0.86602540378442,-0.500000000000032,0.0));
#3967=SURFACE_STYLE_FILL_AREA(#5845);
#3968=ORIENTED_EDGE('',*,*,#5844,.F.);
#3969=ORIENTED_EDGE('',*,*,#5410,.T.);
#3970=ORIENTED_EDGE('',*,*,#5846,.T.);
#3971=ORIENTED_EDGE('',*,*,#5847,.F.);
#3972=ORIENTED_EDGE('',*,*,#5668,.F.);
#3973=CARTESIAN_POINT('',(15.4416598718634,-14.1113989064546,3.5));
#3974=DIRECTION('',(-0.86602540378442,0.500000000000032,0.0));
#3975=DIRECTION('',(0.500000000000032,0.86602540378442,0.0));
#3976=SURFACE_STYLE_FILL_AREA(#5848);
#3977=ORIENTED_EDGE('',*,*,#5849,.T.);
#3978=ORIENTED_EDGE('',*,*,#5408,.T.);
#3979=ORIENTED_EDGE('',*,*,#5843,.T.);
#3980=ORIENTED_EDGE('',*,*,#5666,.F.);
#3981=ORIENTED_EDGE('',*,*,#5850,.F.);
#3982=CARTESIAN_POINT('',(13.623006523916,-13.0613989064546,4.60925977677105));
#3983=DIRECTION('',(0.86602540378442,-0.500000000000032,0.0));
#3984=DIRECTION('',(-0.500000000000032,-0.86602540378442,0.0));
#3985=SURFACE_STYLE_FILL_AREA(#5851);
#3986=ORIENTED_EDGE('',*,*,#5852,.T.);
#3987=ORIENTED_EDGE('',*,*,#5853,.T.);
#3988=ORIENTED_EDGE('',*,*,#5854,.T.);
#3989=ORIENTED_EDGE('',*,*,#5855,.F.);
#3990=CARTESIAN_POINT('',(19.03233319789,-5.79217027239483,3.5));
#3991=DIRECTION('',(-0.500000000000032,-0.86602540378442,0.0));
#3992=DIRECTION('',(-0.86602540378442,0.500000000000032,0.0));
#3993=SURFACE_STYLE_FILL_AREA(#5856);
#3994=ORIENTED_EDGE('',*,*,#5409,.F.);
#3995=ORIENTED_EDGE('',*,*,#5849,.F.);
#3996=ORIENTED_EDGE('',*,*,#5857,.T.);
#3997=ORIENTED_EDGE('',*,*,#5846,.F.);
#3998=CARTESIAN_POINT('',(14.5323331978897,-13.5863989064546,3.5));
#3999=DIRECTION('',(-0.500000000000032,-0.86602540378442,0.0));
#4000=DIRECTION('',(-0.86602540378442,0.500000000000032,0.0));
#4001=SURFACE_STYLE_FILL_AREA(#5858);
#4002=ORIENTED_EDGE('',*,*,#5859,.F.);
#4003=ORIENTED_EDGE('',*,*,#5860,.T.);
#4004=ORIENTED_EDGE('',*,*,#5861,.T.);
#4005=ORIENTED_EDGE('',*,*,#5433,.F.);
#4006=CARTESIAN_POINT('',(5.79217027239813,-19.0323331978818,3.5));
#4007=DIRECTION('',(0.866025403784458,0.499999999999967,0.0));
#4008=DIRECTION('',(0.499999999999967,-0.866025403784458,0.0));
#4009=SURFACE_STYLE_FILL_AREA(#5862);
#4010=ORIENTED_EDGE('',*,*,#5434,.F.);
#4011=ORIENTED_EDGE('',*,*,#5861,.F.);
#4012=ORIENTED_EDGE('',*,*,#5863,.T.);
#4013=ORIENTED_EDGE('',*,*,#5864,.F.);
#4014=CARTESIAN_POINT('',(6.3171702723981,-19.9416598718555,3.5));
#4015=DIRECTION('',(-0.499999999999967,0.866025403784458,0.0));
#4016=DIRECTION('',(0.866025403784458,0.499999999999967,0.0));
#4017=SURFACE_STYLE_FILL_AREA(#5865);
#4018=ORIENTED_EDGE('',*,*,#5866,.T.);
#4019=ORIENTED_EDGE('',*,*,#5859,.T.);
#4020=ORIENTED_EDGE('',*,*,#5439,.F.);
#4021=ORIENTED_EDGE('',*,*,#5867,.F.);
#4022=CARTESIAN_POINT('',(5.26717027239817,-18.1230065239081,4.60925977677107));
#4023=DIRECTION('',(0.499999999999967,-0.866025403784458,0.0));
#4024=DIRECTION('',(-0.866025403784458,-0.499999999999967,0.0));
#4025=SURFACE_STYLE_FILL_AREA(#5868);
#4026=ORIENTED_EDGE('',*,*,#5869,.T.);
#4027=ORIENTED_EDGE('',*,*,#5413,.T.);
#4028=ORIENTED_EDGE('',*,*,#5870,.T.);
#4029=ORIENTED_EDGE('',*,*,#5871,.F.);
#4030=CARTESIAN_POINT('',(13.5863989064582,-14.5323331978821,3.5));
#4031=DIRECTION('',(-0.866025403784458,-0.499999999999967,0.0));
#4032=DIRECTION('',(-0.499999999999967,0.866025403784458,0.0));
#4033=SURFACE_STYLE_FILL_AREA(#5872);
#4034=ORIENTED_EDGE('',*,*,#5873,.T.);
#4035=ORIENTED_EDGE('',*,*,#5414,.T.);
#4036=ORIENTED_EDGE('',*,*,#5869,.F.);
#4037=ORIENTED_EDGE('',*,*,#5874,.F.);
#4038=ORIENTED_EDGE('',*,*,#5430,.F.);
#4039=CARTESIAN_POINT('',(5.26717027239817,-18.1230065239081,4.60925977677107));
#4040=DIRECTION('',(0.499999999999967,-0.866025403784458,0.0));
#4041=DIRECTION('',(-0.866025403784458,-0.499999999999967,0.0));
#4042=SURFACE_STYLE_FILL_AREA(#5875);
#4043=ORIENTED_EDGE('',*,*,#5670,.F.);
#4044=ORIENTED_EDGE('',*,*,#5876,.F.);
#4045=ORIENTED_EDGE('',*,*,#5426,.F.);
#4046=ORIENTED_EDGE('',*,*,#5877,.T.);
#4047=ORIENTED_EDGE('',*,*,#5417,.F.);
#4048=CARTESIAN_POINT('',(0.0,0.0,4.6));
#4049=DIRECTION('',(0.0,0.0,-1.0));
#4050=DIRECTION('',(-1.0,0.0,0.0));
#4051=SURFACE_STYLE_FILL_AREA(#5878);
#4052=ORIENTED_EDGE('',*,*,#5663,.F.);
#4053=ORIENTED_EDGE('',*,*,#5879,.T.);
#4054=ORIENTED_EDGE('',*,*,#5646,.F.);
#4055=ORIENTED_EDGE('',*,*,#5880,.F.);
#4056=CARTESIAN_POINT('',(0.0,0.0,4.6));
#4057=DIRECTION('',(0.0,0.0,-1.0));
#4058=DIRECTION('',(-1.0,0.0,0.0));
#4059=SURFACE_STYLE_FILL_AREA(#5881);
#4060=ORIENTED_EDGE('',*,*,#5452,.F.);
#4061=ORIENTED_EDGE('',*,*,#5882,.T.);
#4062=ORIENTED_EDGE('',*,*,#5436,.F.);
#4063=ORIENTED_EDGE('',*,*,#5883,.F.);
#4064=CARTESIAN_POINT('',(0.0,0.0,4.6));
#4065=DIRECTION('',(0.0,0.0,-1.0));
#4066=DIRECTION('',(-1.0,0.0,0.0));
#4067=SURFACE_STYLE_FILL_AREA(#5884);
#4068=ORIENTED_EDGE('',*,*,#5473,.F.);
#4069=ORIENTED_EDGE('',*,*,#5885,.T.);
#4070=ORIENTED_EDGE('',*,*,#5457,.F.);
#4071=ORIENTED_EDGE('',*,*,#5886,.F.);
#4072=CARTESIAN_POINT('',(0.0,0.0,4.6));
#4073=DIRECTION('',(0.0,0.0,-1.0));
#4074=DIRECTION('',(-1.0,0.0,0.0));
#4075=SURFACE_STYLE_FILL_AREA(#5887);
#4076=ORIENTED_EDGE('',*,*,#5494,.F.);
#4077=ORIENTED_EDGE('',*,*,#5888,.T.);
#4078=ORIENTED_EDGE('',*,*,#5478,.F.);
#4079=ORIENTED_EDGE('',*,*,#5889,.F.);
#4080=CARTESIAN_POINT('',(0.0,0.0,4.6));
#4081=DIRECTION('',(0.0,0.0,-1.0));
#4082=DIRECTION('',(-1.0,0.0,0.0));
#4083=SURFACE_STYLE_FILL_AREA(#5890);
#4084=ORIENTED_EDGE('',*,*,#5398,.F.);
#4085=ORIENTED_EDGE('',*,*,#5389,.T.);
#4086=CARTESIAN_POINT('',(1.06066017177962,-1.060660171766,2.24999999999954));
#4087=DIRECTION('',(0.707106781186551,-0.707106781186544,0.0));
#4088=DIRECTION('',(0.707106781186544,0.707106781186551,0.0));
#4089=SURFACE_STYLE_FILL_AREA(#5891);
#4090=ORIENTED_EDGE('',*,*,#5892,.T.);
#4091=ORIENTED_EDGE('',*,*,#5893,.T.);
#4092=CARTESIAN_POINT('',(1.06066017177962,-1.060660171766,2.24999999999954));
#4093=DIRECTION('',(0.707106781186551,-0.707106781186544,0.0));
#4094=DIRECTION('',(0.707106781186544,0.707106781186551,0.0));
#4095=SURFACE_STYLE_FILL_AREA(#5894);
#4096=ORIENTED_EDGE('',*,*,#5892,.F.);
#4097=ORIENTED_EDGE('',*,*,#5416,.F.);
#4098=CARTESIAN_POINT('',(6.36396103068644,-6.36396103067279,2.25000000000043));
#4099=DIRECTION('',(-0.707106781186548,0.707106781186547,0.0));
#4100=DIRECTION('',(-0.707106781186547,-0.707106781186548,0.0));
#4101=SURFACE_STYLE_FILL_AREA(#5895);
#4102=ORIENTED_EDGE('',*,*,#5896,.F.);
#4103=ORIENTED_EDGE('',*,*,#5402,.T.);
#4104=ORIENTED_EDGE('',*,*,#5897,.F.);
#4105=ORIENTED_EDGE('',*,*,#5898,.F.);
#4106=ORIENTED_EDGE('',*,*,#5272,.T.);
#4107=ORIENTED_EDGE('',*,*,#5300,.T.);
#4108=ORIENTED_EDGE('',*,*,#5328,.T.);
#4109=ORIENTED_EDGE('',*,*,#5356,.T.);
#4110=ORIENTED_EDGE('',*,*,#5385,.T.);
#4111=ORIENTED_EDGE('',*,*,#5390,.T.);
#4112=ORIENTED_EDGE('',*,*,#5435,.T.);
#4113=ORIENTED_EDGE('',*,*,#5864,.T.);
#4114=ORIENTED_EDGE('',*,*,#5899,.F.);
#4115=ORIENTED_EDGE('',*,*,#5867,.T.);
#4116=ORIENTED_EDGE('',*,*,#5438,.T.);
#4117=ORIENTED_EDGE('',*,*,#5421,.T.);
#4118=ORIENTED_EDGE('',*,*,#5431,.T.);
#4119=ORIENTED_EDGE('',*,*,#5874,.T.);
#4120=ORIENTED_EDGE('',*,*,#5871,.T.);
#4121=ORIENTED_EDGE('',*,*,#5900,.T.);
#4122=ORIENTED_EDGE('',*,*,#5427,.T.);
#4123=ORIENTED_EDGE('',*,*,#5876,.T.);
#4124=ORIENTED_EDGE('',*,*,#5669,.T.);
#4125=ORIENTED_EDGE('',*,*,#5847,.T.);
#4126=ORIENTED_EDGE('',*,*,#5857,.F.);
#4127=ORIENTED_EDGE('',*,*,#5850,.T.);
#4128=ORIENTED_EDGE('',*,*,#5665,.T.);
#4129=ORIENTED_EDGE('',*,*,#5655,.T.);
#4130=ORIENTED_EDGE('',*,*,#5661,.T.);
#4131=ORIENTED_EDGE('',*,*,#5901,.T.);
#4132=ORIENTED_EDGE('',*,*,#5855,.T.);
#4133=ORIENTED_EDGE('',*,*,#5902,.T.);
#4134=ORIENTED_EDGE('',*,*,#5657,.T.);
#4135=ORIENTED_EDGE('',*,*,#5880,.T.);
#4136=ORIENTED_EDGE('',*,*,#5645,.T.);
#4137=ORIENTED_EDGE('',*,*,#5831,.T.);
#4138=ORIENTED_EDGE('',*,*,#5841,.F.);
#4139=ORIENTED_EDGE('',*,*,#5834,.T.);
#4140=ORIENTED_EDGE('',*,*,#5648,.T.);
#4141=ORIENTED_EDGE('',*,*,#5630,.T.);
#4142=ORIENTED_EDGE('',*,*,#5639,.T.);
#4143=ORIENTED_EDGE('',*,*,#5903,.T.);
#4144=ORIENTED_EDGE('',*,*,#5839,.T.);
#4145=ORIENTED_EDGE('',*,*,#5904,.T.);
#4146=ORIENTED_EDGE('',*,*,#5635,.T.);
#4147=ORIENTED_EDGE('',*,*,#5905,.T.);
#4148=ORIENTED_EDGE('',*,*,#5624,.T.);
#4149=ORIENTED_EDGE('',*,*,#5814,.T.);
#4150=ORIENTED_EDGE('',*,*,#5824,.F.);
#4151=ORIENTED_EDGE('',*,*,#5817,.T.);
#4152=ORIENTED_EDGE('',*,*,#5627,.T.);
#4153=ORIENTED_EDGE('',*,*,#5609,.T.);
#4154=ORIENTED_EDGE('',*,*,#5618,.T.);
#4155=ORIENTED_EDGE('',*,*,#5906,.T.);
#4156=ORIENTED_EDGE('',*,*,#5822,.T.);
#4157=ORIENTED_EDGE('',*,*,#5907,.T.);
#4158=ORIENTED_EDGE('',*,*,#5614,.T.);
#4159=ORIENTED_EDGE('',*,*,#5908,.T.);
#4160=ORIENTED_EDGE('',*,*,#5603,.T.);
#4161=ORIENTED_EDGE('',*,*,#5797,.T.);
#4162=ORIENTED_EDGE('',*,*,#5807,.F.);
#4163=ORIENTED_EDGE('',*,*,#5800,.T.);
#4164=ORIENTED_EDGE('',*,*,#5606,.T.);
#4165=ORIENTED_EDGE('',*,*,#5588,.T.);
#4166=ORIENTED_EDGE('',*,*,#5597,.T.);
#4167=ORIENTED_EDGE('',*,*,#5909,.T.);
#4168=ORIENTED_EDGE('',*,*,#5805,.T.);
#4169=ORIENTED_EDGE('',*,*,#5910,.T.);
#4170=ORIENTED_EDGE('',*,*,#5593,.T.);
#4171=ORIENTED_EDGE('',*,*,#5911,.T.);
#4172=ORIENTED_EDGE('',*,*,#5582,.T.);
#4173=ORIENTED_EDGE('',*,*,#5780,.T.);
#4174=ORIENTED_EDGE('',*,*,#5790,.F.);
#4175=ORIENTED_EDGE('',*,*,#5783,.T.);
#4176=ORIENTED_EDGE('',*,*,#5585,.T.);
#4177=ORIENTED_EDGE('',*,*,#5567,.T.);
#4178=ORIENTED_EDGE('',*,*,#5576,.T.);
#4179=ORIENTED_EDGE('',*,*,#5912,.T.);
#4180=ORIENTED_EDGE('',*,*,#5788,.T.);
#4181=ORIENTED_EDGE('',*,*,#5913,.T.);
#4182=ORIENTED_EDGE('',*,*,#5572,.T.);
#4183=ORIENTED_EDGE('',*,*,#5914,.T.);
#4184=ORIENTED_EDGE('',*,*,#5561,.T.);
#4185=ORIENTED_EDGE('',*,*,#5763,.T.);
#4186=ORIENTED_EDGE('',*,*,#5773,.F.);
#4187=ORIENTED_EDGE('',*,*,#5766,.T.);
#4188=ORIENTED_EDGE('',*,*,#5564,.T.);
#4189=ORIENTED_EDGE('',*,*,#5546,.T.);
#4190=ORIENTED_EDGE('',*,*,#5555,.T.);
#4191=ORIENTED_EDGE('',*,*,#5915,.T.);
#4192=ORIENTED_EDGE('',*,*,#5771,.T.);
#4193=ORIENTED_EDGE('',*,*,#5916,.T.);
#4194=ORIENTED_EDGE('',*,*,#5551,.T.);
#4195=ORIENTED_EDGE('',*,*,#5917,.T.);
#4196=ORIENTED_EDGE('',*,*,#5540,.T.);
#4197=ORIENTED_EDGE('',*,*,#5746,.T.);
#4198=ORIENTED_EDGE('',*,*,#5756,.F.);
#4199=ORIENTED_EDGE('',*,*,#5749,.T.);
#4200=ORIENTED_EDGE('',*,*,#5543,.T.);
#4201=ORIENTED_EDGE('',*,*,#5525,.T.);
#4202=ORIENTED_EDGE('',*,*,#5534,.T.);
#4203=ORIENTED_EDGE('',*,*,#5918,.T.);
#4204=ORIENTED_EDGE('',*,*,#5754,.T.);
#4205=ORIENTED_EDGE('',*,*,#5919,.T.);
#4206=ORIENTED_EDGE('',*,*,#5530,.T.);
#4207=ORIENTED_EDGE('',*,*,#5920,.T.);
#4208=ORIENTED_EDGE('',*,*,#5519,.T.);
#4209=ORIENTED_EDGE('',*,*,#5729,.T.);
#4210=ORIENTED_EDGE('',*,*,#5739,.F.);
#4211=ORIENTED_EDGE('',*,*,#5732,.T.);
#4212=ORIENTED_EDGE('',*,*,#5522,.T.);
#4213=ORIENTED_EDGE('',*,*,#5504,.T.);
#4214=ORIENTED_EDGE('',*,*,#5513,.T.);
#4215=ORIENTED_EDGE('',*,*,#5921,.T.);
#4216=ORIENTED_EDGE('',*,*,#5737,.T.);
#4217=ORIENTED_EDGE('',*,*,#5922,.T.);
#4218=ORIENTED_EDGE('',*,*,#5509,.T.);
#4219=ORIENTED_EDGE('',*,*,#5923,.T.);
#4220=ORIENTED_EDGE('',*,*,#5498,.T.);
#4221=ORIENTED_EDGE('',*,*,#5712,.T.);
#4222=ORIENTED_EDGE('',*,*,#5722,.F.);
#4223=ORIENTED_EDGE('',*,*,#5715,.T.);
#4224=ORIENTED_EDGE('',*,*,#5501,.T.);
#4225=ORIENTED_EDGE('',*,*,#5483,.T.);
#4226=ORIENTED_EDGE('',*,*,#5492,.T.);
#4227=ORIENTED_EDGE('',*,*,#5924,.T.);
#4228=ORIENTED_EDGE('',*,*,#5720,.T.);
#4229=ORIENTED_EDGE('',*,*,#5925,.T.);
#4230=ORIENTED_EDGE('',*,*,#5488,.T.);
#4231=ORIENTED_EDGE('',*,*,#5889,.T.);
#4232=ORIENTED_EDGE('',*,*,#5477,.T.);
#4233=ORIENTED_EDGE('',*,*,#5695,.T.);
#4234=ORIENTED_EDGE('',*,*,#5705,.F.);
#4235=ORIENTED_EDGE('',*,*,#5698,.T.);
#4236=ORIENTED_EDGE('',*,*,#5480,.T.);
#4237=ORIENTED_EDGE('',*,*,#5462,.T.);
#4238=ORIENTED_EDGE('',*,*,#5471,.T.);
#4239=ORIENTED_EDGE('',*,*,#5926,.T.);
#4240=ORIENTED_EDGE('',*,*,#5703,.T.);
#4241=ORIENTED_EDGE('',*,*,#5927,.T.);
#4242=ORIENTED_EDGE('',*,*,#5467,.T.);
#4243=ORIENTED_EDGE('',*,*,#5886,.T.);
#4244=ORIENTED_EDGE('',*,*,#5456,.T.);
#4245=ORIENTED_EDGE('',*,*,#5678,.T.);
#4246=ORIENTED_EDGE('',*,*,#5688,.F.);
#4247=ORIENTED_EDGE('',*,*,#5681,.T.);
#4248=ORIENTED_EDGE('',*,*,#5459,.T.);
#4249=ORIENTED_EDGE('',*,*,#5441,.T.);
#4250=ORIENTED_EDGE('',*,*,#5450,.T.);
#4251=ORIENTED_EDGE('',*,*,#5928,.T.);
#4252=ORIENTED_EDGE('',*,*,#5686,.T.);
#4253=ORIENTED_EDGE('',*,*,#5929,.T.);
#4254=ORIENTED_EDGE('',*,*,#5446,.T.);
#4255=ORIENTED_EDGE('',*,*,#5883,.T.);
#4256=CARTESIAN_POINT('',(0.0,0.0,4.6));
#4257=DIRECTION('',(0.0,0.0,1.0));
#4258=DIRECTION('',(1.0,0.0,0.0));
#4259=SURFACE_STYLE_FILL_AREA(#5930);
#4260=ORIENTED_EDGE('',*,*,#5931,.T.);
#4261=ORIENTED_EDGE('',*,*,#5701,.F.);
#4262=ORIENTED_EDGE('',*,*,#5932,.F.);
#4263=ORIENTED_EDGE('',*,*,#5469,.F.);
#4264=CARTESIAN_POINT('',(-13.5863989064686,-14.5323331978758,3.5));
#4265=DIRECTION('',(0.86602540378442,-0.500000000000033,0.0));
#4266=DIRECTION('',(-0.500000000000033,-0.866025403784419,0.0));
#4267=SURFACE_STYLE_FILL_AREA(#5933);
#4268=ORIENTED_EDGE('',*,*,#5702,.F.);
#4269=ORIENTED_EDGE('',*,*,#5931,.F.);
#4270=ORIENTED_EDGE('',*,*,#5468,.F.);
#4271=ORIENTED_EDGE('',*,*,#5927,.F.);
#4272=CARTESIAN_POINT('',(-14.1113989064686,-15.4416598718494,3.5));
#4273=DIRECTION('',(0.500000000000033,0.86602540378442,0.0));
#4274=DIRECTION('',(0.86602540378442,-0.500000000000033,0.0));
#4275=SURFACE_STYLE_FILL_AREA(#5934);
#4276=ORIENTED_EDGE('',*,*,#5470,.F.);
#4277=ORIENTED_EDGE('',*,*,#5932,.T.);
#4278=ORIENTED_EDGE('',*,*,#5700,.F.);
#4279=ORIENTED_EDGE('',*,*,#5926,.F.);
#4280=CARTESIAN_POINT('',(-13.0613989064685,-13.6230065239021,4.60925977677106));
#4281=DIRECTION('',(-0.500000000000033,-0.86602540378442,0.0));
#4282=DIRECTION('',(-0.86602540378442,0.500000000000033,0.0));
#4283=SURFACE_STYLE_FILL_AREA(#5935);
#4284=ORIENTED_EDGE('',*,*,#5936,.T.);
#4285=ORIENTED_EDGE('',*,*,#5718,.F.);
#4286=ORIENTED_EDGE('',*,*,#5937,.F.);
#4287=ORIENTED_EDGE('',*,*,#5490,.F.);
#4288=CARTESIAN_POINT('',(-19.0323331978957,-5.79217027238422,3.5));
#4289=DIRECTION('',(0.499999999999967,-0.866025403784458,0.0));
#4290=DIRECTION('',(-0.866025403784458,-0.499999999999967,0.0));
#4291=SURFACE_STYLE_FILL_AREA(#5938);
#4292=ORIENTED_EDGE('',*,*,#5719,.F.);
#4293=ORIENTED_EDGE('',*,*,#5936,.F.);
#4294=ORIENTED_EDGE('',*,*,#5489,.F.);
#4295=ORIENTED_EDGE('',*,*,#5925,.F.);
#4296=CARTESIAN_POINT('',(-19.9416598718694,-6.31717027238419,3.5));
#4297=DIRECTION('',(0.866025403784458,0.499999999999967,0.0));
#4298=DIRECTION('',(0.499999999999967,-0.866025403784458,0.0));
#4299=SURFACE_STYLE_FILL_AREA(#5939);
#4300=ORIENTED_EDGE('',*,*,#5491,.F.);
#4301=ORIENTED_EDGE('',*,*,#5937,.T.);
#4302=ORIENTED_EDGE('',*,*,#5717,.F.);
#4303=ORIENTED_EDGE('',*,*,#5924,.F.);
#4304=CARTESIAN_POINT('',(-18.123006523922,-5.26717027238426,4.60925977677104));
#4305=DIRECTION('',(-0.866025403784458,-0.499999999999967,0.0));
#4306=DIRECTION('',(-0.499999999999967,0.866025403784458,0.0));
#4307=SURFACE_STYLE_FILL_AREA(#5940);
#4308=ORIENTED_EDGE('',*,*,#5941,.T.);
#4309=ORIENTED_EDGE('',*,*,#5735,.F.);
#4310=ORIENTED_EDGE('',*,*,#5942,.F.);
#4311=ORIENTED_EDGE('',*,*,#5511,.F.);
#4312=CARTESIAN_POINT('',(-19.378569178867,4.50000000002,3.49999999999996));
#4313=DIRECTION('',(0.0,-1.0,0.0));
#4314=DIRECTION('',(-1.0,0.0,0.0));
#4315=SURFACE_STYLE_FILL_AREA(#5943);
#4316=ORIENTED_EDGE('',*,*,#5736,.F.);
#4317=ORIENTED_EDGE('',*,*,#5941,.F.);
#4318=ORIENTED_EDGE('',*,*,#5510,.F.);
#4319=ORIENTED_EDGE('',*,*,#5922,.F.);
#4320=CARTESIAN_POINT('',(-20.4285691788671,4.50000000002,3.49999999999996));
#4321=DIRECTION('',(1.0,0.0,0.0));
#4322=DIRECTION('',(0.0,-1.0,0.0));
#4323=SURFACE_STYLE_FILL_AREA(#5944);
#4324=ORIENTED_EDGE('',*,*,#5512,.F.);
#4325=ORIENTED_EDGE('',*,*,#5942,.T.);
#4326=ORIENTED_EDGE('',*,*,#5734,.F.);
#4327=ORIENTED_EDGE('',*,*,#5921,.F.);
#4328=CARTESIAN_POINT('',(-18.328569178867,4.50000000002,4.60925977677102));
#4329=DIRECTION('',(-1.0,0.0,0.0));
#4330=DIRECTION('',(0.0,1.0,0.0));
#4331=SURFACE_STYLE_FILL_AREA(#5945);
#4332=ORIENTED_EDGE('',*,*,#5946,.T.);
#4333=ORIENTED_EDGE('',*,*,#5752,.F.);
#4334=ORIENTED_EDGE('',*,*,#5947,.F.);
#4335=ORIENTED_EDGE('',*,*,#5532,.F.);
#4336=CARTESIAN_POINT('',(-14.5323331978897,13.5863989064825,3.49999999999994));
#4337=DIRECTION('',(-0.500000000000033,-0.86602540378442,0.0));
#4338=DIRECTION('',(-0.86602540378442,0.500000000000033,0.0));
#4339=SURFACE_STYLE_FILL_AREA(#5948);
#4340=ORIENTED_EDGE('',*,*,#5753,.F.);
#4341=ORIENTED_EDGE('',*,*,#5946,.F.);
#4342=ORIENTED_EDGE('',*,*,#5531,.F.);
#4343=ORIENTED_EDGE('',*,*,#5919,.F.);
#4344=CARTESIAN_POINT('',(-15.4416598718634,14.1113989064825,3.49999999999994));
#4345=DIRECTION('',(0.86602540378442,-0.500000000000033,0.0));
#4346=DIRECTION('',(-0.500000000000033,-0.86602540378442,0.0));
#4347=SURFACE_STYLE_FILL_AREA(#5949);
#4348=ORIENTED_EDGE('',*,*,#5533,.F.);
#4349=ORIENTED_EDGE('',*,*,#5947,.T.);
#4350=ORIENTED_EDGE('',*,*,#5751,.F.);
#4351=ORIENTED_EDGE('',*,*,#5918,.F.);
#4352=CARTESIAN_POINT('',(-13.6230065239161,13.0613989064824,4.609259776771));
#4353=DIRECTION('',(-0.86602540378442,0.500000000000033,0.0));
#4354=DIRECTION('',(0.500000000000033,0.86602540378442,0.0));
#4355=SURFACE_STYLE_FILL_AREA(#5950);
#4356=ORIENTED_EDGE('',*,*,#5951,.T.);
#4357=ORIENTED_EDGE('',*,*,#5769,.F.);
#4358=ORIENTED_EDGE('',*,*,#5952,.F.);
#4359=ORIENTED_EDGE('',*,*,#5553,.F.);
#4360=CARTESIAN_POINT('',(-5.79217027239818,19.0323331979096,3.49999999999992));
#4361=DIRECTION('',(-0.866025403784458,-0.499999999999967,0.0));
#4362=DIRECTION('',(-0.499999999999967,0.866025403784458,0.0));
#4363=SURFACE_STYLE_FILL_AREA(#5953);
#4364=ORIENTED_EDGE('',*,*,#5770,.F.);
#4365=ORIENTED_EDGE('',*,*,#5951,.F.);
#4366=ORIENTED_EDGE('',*,*,#5552,.F.);
#4367=ORIENTED_EDGE('',*,*,#5916,.F.);
#4368=CARTESIAN_POINT('',(-6.31717027239815,19.9416598718833,3.49999999999992));
#4369=DIRECTION('',(0.499999999999967,-0.866025403784458,0.0));
#4370=DIRECTION('',(-0.866025403784458,-0.499999999999967,0.0));
#4371=SURFACE_STYLE_FILL_AREA(#5954);
#4372=ORIENTED_EDGE('',*,*,#5554,.F.);
#4373=ORIENTED_EDGE('',*,*,#5952,.T.);
#4374=ORIENTED_EDGE('',*,*,#5768,.F.);
#4375=ORIENTED_EDGE('',*,*,#5915,.F.);
#4376=CARTESIAN_POINT('',(-5.26717027239822,18.123006523936,4.60925977677099));
#4377=DIRECTION('',(-0.499999999999967,0.866025403784458,0.0));
#4378=DIRECTION('',(0.866025403784458,0.499999999999967,0.0));
#4379=SURFACE_STYLE_FILL_AREA(#5955);
#4380=ORIENTED_EDGE('',*,*,#5956,.T.);
#4381=ORIENTED_EDGE('',*,*,#5786,.F.);
#4382=ORIENTED_EDGE('',*,*,#5957,.F.);
#4383=ORIENTED_EDGE('',*,*,#5574,.F.);
#4384=CARTESIAN_POINT('',(4.50000000000605,19.378569178881,3.49999999999992));
#4385=DIRECTION('',(-1.0,0.0,0.0));
#4386=DIRECTION('',(0.0,1.0,0.0));
#4387=SURFACE_STYLE_FILL_AREA(#5958);
#4388=ORIENTED_EDGE('',*,*,#5787,.F.);
#4389=ORIENTED_EDGE('',*,*,#5956,.F.);
#4390=ORIENTED_EDGE('',*,*,#5573,.F.);
#4391=ORIENTED_EDGE('',*,*,#5913,.F.);
#4392=CARTESIAN_POINT('',(4.50000000000605,20.428569178881,3.49999999999992));
#4393=DIRECTION('',(0.0,-1.0,0.0));
#4394=DIRECTION('',(-1.0,0.0,0.0));
#4395=SURFACE_STYLE_FILL_AREA(#5959);
#4396=ORIENTED_EDGE('',*,*,#5575,.F.);
#4397=ORIENTED_EDGE('',*,*,#5957,.T.);
#4398=ORIENTED_EDGE('',*,*,#5785,.F.);
#4399=ORIENTED_EDGE('',*,*,#5912,.F.);
#4400=CARTESIAN_POINT('',(4.50000000000605,18.328569178881,4.60925977677098));
#4401=DIRECTION('',(-0.0,1.0,0.0));
#4402=DIRECTION('',(1.0,0.0,0.0));
#4403=SURFACE_STYLE_FILL_AREA(#5960);
#4404=ORIENTED_EDGE('',*,*,#5961,.T.);
#4405=ORIENTED_EDGE('',*,*,#5803,.F.);
#4406=ORIENTED_EDGE('',*,*,#5962,.F.);
#4407=ORIENTED_EDGE('',*,*,#5595,.F.);
#4408=CARTESIAN_POINT('',(13.5863989064685,14.5323331979036,3.49999999999993));
#4409=DIRECTION('',(-0.86602540378442,0.500000000000033,0.0));
#4410=DIRECTION('',(0.500000000000033,0.86602540378442,0.0));
#4411=SURFACE_STYLE_FILL_AREA(#5963);
#4412=ORIENTED_EDGE('',*,*,#5804,.F.);
#4413=ORIENTED_EDGE('',*,*,#5961,.F.);
#4414=ORIENTED_EDGE('',*,*,#5594,.F.);
#4415=ORIENTED_EDGE('',*,*,#5910,.F.);
#4416=CARTESIAN_POINT('',(14.1113989064686,15.4416598718773,3.49999999999993));
#4417=DIRECTION('',(-0.500000000000033,-0.86602540378442,0.0));
#4418=DIRECTION('',(-0.86602540378442,0.500000000000033,0.0));
#4419=SURFACE_STYLE_FILL_AREA(#5964);
#4420=ORIENTED_EDGE('',*,*,#5596,.F.);
#4421=ORIENTED_EDGE('',*,*,#5962,.T.);
#4422=ORIENTED_EDGE('',*,*,#5802,.F.);
#4423=ORIENTED_EDGE('',*,*,#5909,.F.);
#4424=CARTESIAN_POINT('',(13.0613989064685,13.62300652393,4.60925977677099));
#4425=DIRECTION('',(0.500000000000033,0.86602540378442,0.0));
#4426=DIRECTION('',(0.86602540378442,-0.500000000000033,0.0));
#4427=SURFACE_STYLE_FILL_AREA(#5965);
#4428=ORIENTED_EDGE('',*,*,#5966,.T.);
#4429=ORIENTED_EDGE('',*,*,#5820,.F.);
#4430=ORIENTED_EDGE('',*,*,#5967,.F.);
#4431=ORIENTED_EDGE('',*,*,#5616,.F.);
#4432=CARTESIAN_POINT('',(19.0323331978957,5.79217027241209,3.49999999999994));
#4433=DIRECTION('',(-0.499999999999967,0.866025403784458,0.0));
#4434=DIRECTION('',(0.866025403784458,0.499999999999967,0.0));
#4435=SURFACE_STYLE_FILL_AREA(#5968);
#4436=ORIENTED_EDGE('',*,*,#5821,.F.);
#4437=ORIENTED_EDGE('',*,*,#5966,.F.);
#4438=ORIENTED_EDGE('',*,*,#5615,.F.);
#4439=ORIENTED_EDGE('',*,*,#5907,.F.);
#4440=CARTESIAN_POINT('',(19.9416598718694,6.31717027241206,3.49999999999994));
#4441=DIRECTION('',(-0.866025403784458,-0.499999999999967,0.0));
#4442=DIRECTION('',(-0.499999999999967,0.866025403784458,0.0));
#4443=SURFACE_STYLE_FILL_AREA(#5969);
#4444=ORIENTED_EDGE('',*,*,#5617,.F.);
#4445=ORIENTED_EDGE('',*,*,#5967,.T.);
#4446=ORIENTED_EDGE('',*,*,#5819,.F.);
#4447=ORIENTED_EDGE('',*,*,#5906,.F.);
#4448=CARTESIAN_POINT('',(18.123006523922,5.26717027241213,4.60925977677101));
#4449=DIRECTION('',(0.866025403784458,0.499999999999967,0.0));
#4450=DIRECTION('',(0.499999999999967,-0.866025403784458,0.0));
#4451=SURFACE_STYLE_FILL_AREA(#5970);
#4452=ORIENTED_EDGE('',*,*,#5971,.T.);
#4453=ORIENTED_EDGE('',*,*,#5837,.F.);
#4454=ORIENTED_EDGE('',*,*,#5972,.F.);
#4455=ORIENTED_EDGE('',*,*,#5637,.F.);
#4456=CARTESIAN_POINT('',(19.378569178867,-4.49999999999214,3.5));
#4457=DIRECTION('',(-0.0,1.0,0.0));
#4458=DIRECTION('',(1.0,0.0,0.0));
#4459=SURFACE_STYLE_FILL_AREA(#5973);
#4460=ORIENTED_EDGE('',*,*,#5838,.F.);
#4461=ORIENTED_EDGE('',*,*,#5971,.F.);
#4462=ORIENTED_EDGE('',*,*,#5636,.F.);
#4463=ORIENTED_EDGE('',*,*,#5904,.F.);
#4464=CARTESIAN_POINT('',(20.4285691788671,-4.49999999999214,3.5));
#4465=DIRECTION('',(-1.0,0.0,0.0));
#4466=DIRECTION('',(0.0,1.0,0.0));
#4467=SURFACE_STYLE_FILL_AREA(#5974);
#4468=ORIENTED_EDGE('',*,*,#5638,.F.);
#4469=ORIENTED_EDGE('',*,*,#5972,.T.);
#4470=ORIENTED_EDGE('',*,*,#5836,.F.);
#4471=ORIENTED_EDGE('',*,*,#5903,.F.);
#4472=CARTESIAN_POINT('',(18.328569178867,-4.49999999999214,4.60925977677103));
#4473=DIRECTION('',(1.0,0.0,0.0));
#4474=DIRECTION('',(0.0,-1.0,0.0));
#4475=SURFACE_STYLE_FILL_AREA(#5975);
#4476=ORIENTED_EDGE('',*,*,#5976,.T.);
#4477=ORIENTED_EDGE('',*,*,#5853,.F.);
#4478=ORIENTED_EDGE('',*,*,#5977,.F.);
#4479=ORIENTED_EDGE('',*,*,#5659,.F.);
#4480=CARTESIAN_POINT('',(14.5323331978897,-13.5863989064546,3.5));
#4481=DIRECTION('',(0.500000000000032,0.86602540378442,0.0));
#4482=DIRECTION('',(0.86602540378442,-0.500000000000032,0.0));
#4483=SURFACE_STYLE_FILL_AREA(#5978);
#4484=ORIENTED_EDGE('',*,*,#5854,.F.);
#4485=ORIENTED_EDGE('',*,*,#5976,.F.);
#4486=ORIENTED_EDGE('',*,*,#5658,.F.);
#4487=ORIENTED_EDGE('',*,*,#5902,.F.);
#4488=CARTESIAN_POINT('',(15.4416598718634,-14.1113989064546,3.5));
#4489=DIRECTION('',(-0.86602540378442,0.500000000000032,0.0));
#4490=DIRECTION('',(0.500000000000032,0.86602540378442,0.0));
#4491=SURFACE_STYLE_FILL_AREA(#5979);
#4492=ORIENTED_EDGE('',*,*,#5660,.F.);
#4493=ORIENTED_EDGE('',*,*,#5977,.T.);
#4494=ORIENTED_EDGE('',*,*,#5852,.F.);
#4495=ORIENTED_EDGE('',*,*,#5901,.F.);
#4496=CARTESIAN_POINT('',(13.623006523916,-13.0613989064546,4.60925977677105));
#4497=DIRECTION('',(0.86602540378442,-0.500000000000032,0.0));
#4498=DIRECTION('',(-0.500000000000032,-0.86602540378442,0.0));
#4499=SURFACE_STYLE_FILL_AREA(#5980);
#4500=ORIENTED_EDGE('',*,*,#5870,.F.);
#4501=ORIENTED_EDGE('',*,*,#5412,.T.);
#4502=ORIENTED_EDGE('',*,*,#5981,.F.);
#4503=ORIENTED_EDGE('',*,*,#5428,.F.);
#4504=ORIENTED_EDGE('',*,*,#5900,.F.);
#4505=CARTESIAN_POINT('',(6.3171702723981,-19.9416598718555,3.5));
#4506=DIRECTION('',(-0.499999999999967,0.866025403784458,0.0));
#4507=DIRECTION('',(0.866025403784458,0.499999999999967,0.0));
#4508=SURFACE_STYLE_FILL_AREA(#5982);
#4509=ORIENTED_EDGE('',*,*,#5981,.T.);
#4510=ORIENTED_EDGE('',*,*,#5415,.T.);
#4511=ORIENTED_EDGE('',*,*,#5873,.F.);
#4512=ORIENTED_EDGE('',*,*,#5429,.F.);
#4513=CARTESIAN_POINT('',(5.79217027239813,-19.0323331978818,3.5));
#4514=DIRECTION('',(0.866025403784458,0.499999999999967,0.0));
#4515=DIRECTION('',(0.499999999999967,-0.866025403784458,0.0));
#4516=SURFACE_STYLE_FILL_AREA(#5983);
#4517=ORIENTED_EDGE('',*,*,#5515,.F.);
#4518=ORIENTED_EDGE('',*,*,#5984,.T.);
#4519=ORIENTED_EDGE('',*,*,#5499,.F.);
#4520=ORIENTED_EDGE('',*,*,#5923,.F.);
#4521=CARTESIAN_POINT('',(0.0,0.0,4.6));
#4522=DIRECTION('',(0.0,0.0,-1.0));
#4523=DIRECTION('',(-1.0,0.0,0.0));
#4524=SURFACE_STYLE_FILL_AREA(#5985);
#4525=ORIENTED_EDGE('',*,*,#5536,.F.);
#4526=ORIENTED_EDGE('',*,*,#5986,.T.);
#4527=ORIENTED_EDGE('',*,*,#5520,.F.);
#4528=ORIENTED_EDGE('',*,*,#5920,.F.);
#4529=CARTESIAN_POINT('',(0.0,0.0,4.6));
#4530=DIRECTION('',(0.0,0.0,-1.0));
#4531=DIRECTION('',(-1.0,0.0,0.0));
#4532=SURFACE_STYLE_FILL_AREA(#5987);
#4533=ORIENTED_EDGE('',*,*,#5557,.F.);
#4534=ORIENTED_EDGE('',*,*,#5988,.T.);
#4535=ORIENTED_EDGE('',*,*,#5541,.F.);
#4536=ORIENTED_EDGE('',*,*,#5917,.F.);
#4537=CARTESIAN_POINT('',(0.0,0.0,4.6));
#4538=DIRECTION('',(0.0,0.0,-1.0));
#4539=DIRECTION('',(-1.0,0.0,0.0));
#4540=SURFACE_STYLE_FILL_AREA(#5989);
#4541=ORIENTED_EDGE('',*,*,#5578,.F.);
#4542=ORIENTED_EDGE('',*,*,#5990,.T.);
#4543=ORIENTED_EDGE('',*,*,#5562,.F.);
#4544=ORIENTED_EDGE('',*,*,#5914,.F.);
#4545=CARTESIAN_POINT('',(0.0,0.0,4.6));
#4546=DIRECTION('',(0.0,0.0,-1.0));
#4547=DIRECTION('',(-1.0,0.0,0.0));
#4548=SURFACE_STYLE_FILL_AREA(#5991);
#4549=ORIENTED_EDGE('',*,*,#5599,.F.);
#4550=ORIENTED_EDGE('',*,*,#5992,.T.);
#4551=ORIENTED_EDGE('',*,*,#5583,.F.);
#4552=ORIENTED_EDGE('',*,*,#5911,.F.);
#4553=CARTESIAN_POINT('',(0.0,0.0,4.6));
#4554=DIRECTION('',(0.0,0.0,-1.0));
#4555=DIRECTION('',(-1.0,0.0,0.0));
#4556=SURFACE_STYLE_FILL_AREA(#5993);
#4557=ORIENTED_EDGE('',*,*,#5620,.F.);
#4558=ORIENTED_EDGE('',*,*,#5994,.T.);
#4559=ORIENTED_EDGE('',*,*,#5604,.F.);
#4560=ORIENTED_EDGE('',*,*,#5908,.F.);
#4561=CARTESIAN_POINT('',(0.0,0.0,4.6));
#4562=DIRECTION('',(0.0,0.0,-1.0));
#4563=DIRECTION('',(-1.0,0.0,0.0));
#4564=SURFACE_STYLE_FILL_AREA(#5995);
#4565=ORIENTED_EDGE('',*,*,#5641,.F.);
#4566=ORIENTED_EDGE('',*,*,#5996,.T.);
#4567=ORIENTED_EDGE('',*,*,#5625,.F.);
#4568=ORIENTED_EDGE('',*,*,#5905,.F.);
#4569=CARTESIAN_POINT('',(0.0,0.0,4.6));
#4570=DIRECTION('',(0.0,0.0,-1.0));
#4571=DIRECTION('',(-1.0,0.0,0.0));
#4572=SURFACE_STYLE_FILL_AREA(#5997);
#4573=ORIENTED_EDGE('',*,*,#5899,.T.);
#4574=ORIENTED_EDGE('',*,*,#5863,.F.);
#4575=ORIENTED_EDGE('',*,*,#5860,.F.);
#4576=ORIENTED_EDGE('',*,*,#5866,.F.);
#4577=CARTESIAN_POINT('',(5.79217027239813,-19.0323331978818,3.5));
#4578=DIRECTION('',(-0.866025403784458,-0.499999999999967,0.0));
#4579=DIRECTION('',(-0.499999999999967,0.866025403784458,0.0));
#4580=SURFACE_STYLE_FILL_AREA(#5998);
#4581=ORIENTED_EDGE('',*,*,#5893,.F.);
#4582=ORIENTED_EDGE('',*,*,#5270,.F.);
#4583=ORIENTED_EDGE('',*,*,#5999,.F.);
#4584=ORIENTED_EDGE('',*,*,#5898,.T.);
#4585=ORIENTED_EDGE('',*,*,#6000,.F.);
#4586=ORIENTED_EDGE('',*,*,#6001,.F.);
#4587=ORIENTED_EDGE('',*,*,#6002,.F.);
#4588=CARTESIAN_POINT('',(3.4611413571243,-6.4309898380931,4.67487113059489));
#4589=DIRECTION('',(0.707106781186551,-0.707106781186544,0.0));
#4590=DIRECTION('',(0.0,0.0,-1.0));
#4591=SURFACE_STYLE_FILL_AREA(#6003);
#4592=ORIENTED_EDGE('',*,*,#6004,.T.);
#4593=ORIENTED_EDGE('',*,*,#6001,.T.);
#4594=ORIENTED_EDGE('',*,*,#6005,.T.);
#4595=ORIENTED_EDGE('',*,*,#5400,.F.);
#4596=CARTESIAN_POINT('',(4.94606559761548,-4.9460655976019,-0.174871130596159));
#4597=DIRECTION('',(-0.353553390593272,-0.353553390593276,0.866025403784439));
#4598=DIRECTION('',(-0.612372435695792,-0.612372435695798,-0.5));
#4599=SURFACE_STYLE_FILL_AREA(#6006);
#4600=ORIENTED_EDGE('',*,*,#5897,.T.);
#4601=ORIENTED_EDGE('',*,*,#5401,.F.);
#4602=ORIENTED_EDGE('',*,*,#6005,.F.);
#4603=ORIENTED_EDGE('',*,*,#6000,.T.);
#4604=CARTESIAN_POINT('',(6.43098983810667,-3.46114135711069,1.0375644347016));
#4605=DIRECTION('',(-0.707106781186544,-0.707106781186551,3.57693952080409E-016));
#4606=DIRECTION('',(-2.52927819105472E-016,-2.52927819105474E-016,-1.0));
#4607=SURFACE_STYLE_FILL_AREA(#6007);
#4608=ORIENTED_EDGE('',*,*,#5999,.T.);
#4609=ORIENTED_EDGE('',*,*,#5269,.T.);
#4610=ORIENTED_EDGE('',*,*,#5399,.F.);
#4611=ORIENTED_EDGE('',*,*,#5896,.T.);
#4612=CARTESIAN_POINT('',(3.4611413571243,-6.4309898380931,3.46243556529713));
#4613=DIRECTION('',(0.707106781186544,0.707106781186551,-5.36540928120614E-016));
#4614=DIRECTION('',(3.79391728658208E-016,3.79391728658212E-016,1.0));
#4615=SURFACE_STYLE_FILL_AREA(#6008);
#4616=ORIENTED_EDGE('',*,*,#6009,.T.);
#4617=ORIENTED_EDGE('',*,*,#5684,.F.);
#4618=ORIENTED_EDGE('',*,*,#6010,.F.);
#4619=ORIENTED_EDGE('',*,*,#5448,.F.);
#4620=CARTESIAN_POINT('',(-4.5000000000061,-19.3785691788531,3.5));
#4621=DIRECTION('',(1.0,0.0,0.0));
#4622=DIRECTION('',(0.0,-1.0,0.0));
#4623=SURFACE_STYLE_FILL_AREA(#6011);
#4624=ORIENTED_EDGE('',*,*,#5685,.F.);
#4625=ORIENTED_EDGE('',*,*,#6009,.F.);
#4626=ORIENTED_EDGE('',*,*,#5447,.F.);
#4627=ORIENTED_EDGE('',*,*,#5929,.F.);
#4628=CARTESIAN_POINT('',(-4.5000000000061,-20.4285691788531,3.5));
#4629=DIRECTION('',(-0.0,1.0,0.0));
#4630=DIRECTION('',(1.0,0.0,0.0));
#4631=SURFACE_STYLE_FILL_AREA(#6012);
#4632=ORIENTED_EDGE('',*,*,#5449,.F.);
#4633=ORIENTED_EDGE('',*,*,#6010,.T.);
#4634=ORIENTED_EDGE('',*,*,#5683,.F.);
#4635=ORIENTED_EDGE('',*,*,#5928,.F.);
#4636=CARTESIAN_POINT('',(-4.5000000000061,-18.3285691788531,4.60925977677107));
#4637=DIRECTION('',(0.0,-1.0,0.0));
#4638=DIRECTION('',(-1.0,0.0,0.0));
#4639=SURFACE_STYLE_FILL_AREA(#6013);
#4640=ORIENTED_EDGE('',*,*,#5366,.T.);
#4641=ORIENTED_EDGE('',*,*,#5382,.T.);
#4642=ORIENTED_EDGE('',*,*,#5379,.T.);
#4643=ORIENTED_EDGE('',*,*,#5376,.T.);
#4644=ORIENTED_EDGE('',*,*,#5373,.T.);
#4645=ORIENTED_EDGE('',*,*,#5370,.T.);
#4646=ORIENTED_EDGE('',*,*,#5338,.T.);
#4647=ORIENTED_EDGE('',*,*,#5354,.T.);
#4648=ORIENTED_EDGE('',*,*,#5351,.T.);
#4649=ORIENTED_EDGE('',*,*,#5348,.T.);
#4650=ORIENTED_EDGE('',*,*,#5345,.T.);
#4651=ORIENTED_EDGE('',*,*,#5342,.T.);
#4652=ORIENTED_EDGE('',*,*,#5310,.T.);
#4653=ORIENTED_EDGE('',*,*,#5326,.T.);
#4654=ORIENTED_EDGE('',*,*,#5323,.T.);
#4655=ORIENTED_EDGE('',*,*,#5320,.T.);
#4656=ORIENTED_EDGE('',*,*,#5317,.T.);
#4657=ORIENTED_EDGE('',*,*,#5314,.T.);
#4658=ORIENTED_EDGE('',*,*,#5282,.T.);
#4659=ORIENTED_EDGE('',*,*,#5298,.T.);
#4660=ORIENTED_EDGE('',*,*,#5295,.T.);
#4661=ORIENTED_EDGE('',*,*,#5292,.T.);
#4662=ORIENTED_EDGE('',*,*,#5289,.T.);
#4663=ORIENTED_EDGE('',*,*,#5286,.T.);
#4664=ORIENTED_EDGE('',*,*,#5267,.F.);
#4665=ORIENTED_EDGE('',*,*,#6002,.T.);
#4666=ORIENTED_EDGE('',*,*,#6004,.F.);
#4667=ORIENTED_EDGE('',*,*,#5396,.F.);
#4668=ORIENTED_EDGE('',*,*,#5662,.F.);
#4669=ORIENTED_EDGE('',*,*,#5653,.F.);
#4670=ORIENTED_EDGE('',*,*,#5671,.F.);
#4671=ORIENTED_EDGE('',*,*,#5877,.F.);
#4672=ORIENTED_EDGE('',*,*,#5425,.F.);
#4673=ORIENTED_EDGE('',*,*,#5423,.F.);
#4674=ORIENTED_EDGE('',*,*,#5437,.F.);
#4675=ORIENTED_EDGE('',*,*,#5882,.F.);
#4676=ORIENTED_EDGE('',*,*,#5451,.F.);
#4677=ORIENTED_EDGE('',*,*,#5443,.F.);
#4678=ORIENTED_EDGE('',*,*,#5458,.F.);
#4679=ORIENTED_EDGE('',*,*,#5885,.F.);
#4680=ORIENTED_EDGE('',*,*,#5472,.F.);
#4681=ORIENTED_EDGE('',*,*,#5464,.F.);
#4682=ORIENTED_EDGE('',*,*,#5479,.F.);
#4683=ORIENTED_EDGE('',*,*,#5888,.F.);
#4684=ORIENTED_EDGE('',*,*,#5493,.F.);
#4685=ORIENTED_EDGE('',*,*,#5485,.F.);
#4686=ORIENTED_EDGE('',*,*,#5500,.F.);
#4687=ORIENTED_EDGE('',*,*,#5984,.F.);
#4688=ORIENTED_EDGE('',*,*,#5514,.F.);
#4689=ORIENTED_EDGE('',*,*,#5506,.F.);
#4690=ORIENTED_EDGE('',*,*,#5521,.F.);
#4691=ORIENTED_EDGE('',*,*,#5986,.F.);
#4692=ORIENTED_EDGE('',*,*,#5535,.F.);
#4693=ORIENTED_EDGE('',*,*,#5527,.F.);
#4694=ORIENTED_EDGE('',*,*,#5542,.F.);
#4695=ORIENTED_EDGE('',*,*,#5988,.F.);
#4696=ORIENTED_EDGE('',*,*,#5556,.F.);
#4697=ORIENTED_EDGE('',*,*,#5548,.F.);
#4698=ORIENTED_EDGE('',*,*,#5563,.F.);
#4699=ORIENTED_EDGE('',*,*,#5990,.F.);
#4700=ORIENTED_EDGE('',*,*,#5577,.F.);
#4701=ORIENTED_EDGE('',*,*,#5569,.F.);
#4702=ORIENTED_EDGE('',*,*,#5584,.F.);
#4703=ORIENTED_EDGE('',*,*,#5992,.F.);
#4704=ORIENTED_EDGE('',*,*,#5598,.F.);
#4705=ORIENTED_EDGE('',*,*,#5590,.F.);
#4706=ORIENTED_EDGE('',*,*,#5605,.F.);
#4707=ORIENTED_EDGE('',*,*,#5994,.F.);
#4708=ORIENTED_EDGE('',*,*,#5619,.F.);
#4709=ORIENTED_EDGE('',*,*,#5611,.F.);
#4710=ORIENTED_EDGE('',*,*,#5626,.F.);
#4711=ORIENTED_EDGE('',*,*,#5996,.F.);
#4712=ORIENTED_EDGE('',*,*,#5640,.F.);
#4713=ORIENTED_EDGE('',*,*,#5632,.F.);
#4714=ORIENTED_EDGE('',*,*,#5647,.F.);
#4715=ORIENTED_EDGE('',*,*,#5879,.F.);
#4716=CARTESIAN_POINT('',(0.0,0.0,-0.1));
#4717=DIRECTION('',(0.0,0.0,1.0));
#4718=DIRECTION('',(1.0,0.0,0.0));
#4719=SURFACE_STYLE_FILL_AREA(#6014);
#4720=ORIENTED_EDGE('',*,*,#6015,.F.);
#4721=ORIENTED_EDGE('',*,*,#6016,.T.);
#4722=ORIENTED_EDGE('',*,*,#6017,.T.);
#4723=ORIENTED_EDGE('',*,*,#6018,.F.);
#4724=CARTESIAN_POINT('',(7.39027777777881,-12.8003365931581,-0.100000000000029));
#4725=DIRECTION('',(0.0,0.0,1.0));
#4726=DIRECTION('',(0.499999999999968,-0.866025403784457,0.0));
#4727=SURFACE_STYLE_FILL_AREA(#6019);
#4728=ORIENTED_EDGE('',*,*,#6020,.T.);
#4729=ORIENTED_EDGE('',*,*,#6021,.T.);
#4730=ORIENTED_EDGE('',*,*,#6015,.T.);
#4731=ORIENTED_EDGE('',*,*,#6022,.F.);
#4732=CARTESIAN_POINT('',(8.86484030110733,-20.0543538025006,-0.100000000000029));
#4733=DIRECTION('',(0.866025403784457,0.499999999999968,0.0));
#4734=DIRECTION('',(0.0,0.0,-1.0));
#4735=SURFACE_STYLE_FILL_AREA(#6023);
#4736=ORIENTED_EDGE('',*,*,#6024,.T.);
#4737=ORIENTED_EDGE('',*,*,#6025,.F.);
#4738=ORIENTED_EDGE('',*,*,#6017,.F.);
#4739=ORIENTED_EDGE('',*,*,#6026,.T.);
#4740=CARTESIAN_POINT('',(9.42543747667228,-11.6253365931582,-0.100000000000029));
#4741=DIRECTION('',(-0.866025403784457,-0.499999999999968,0.0));
#4742=DIRECTION('',(0.0,0.0,1.0));
#4743=SURFACE_STYLE_FILL_AREA(#6027);
#4744=ORIENTED_EDGE('',*,*,#6028,.T.);
#4745=ORIENTED_EDGE('',*,*,#6029,.F.);
#4746=CARTESIAN_POINT('',(3.72792074987416E-012,8.00000000001389,2.39999999993902));
#4747=DIRECTION('',(0.0,0.0,-1.0));
#4748=DIRECTION('',(-1.0,0.0,0.0));
#4749=SURFACE_STYLE_FILL_AREA(#6030);
#4750=ORIENTED_EDGE('',*,*,#6031,.T.);
#4751=ORIENTED_EDGE('',*,*,#6032,.F.);
#4752=CARTESIAN_POINT('',(-7.99999999999625,1.39064107451681E-011,2.39999999993902));
#4753=DIRECTION('',(0.0,0.0,-1.0));
#4754=DIRECTION('',(0.0,-1.0,0.0));
#4755=SURFACE_STYLE_FILL_AREA(#6033);
#4756=ORIENTED_EDGE('',*,*,#6034,.T.);
#4757=ORIENTED_EDGE('',*,*,#6035,.F.);
#4758=CARTESIAN_POINT('',(8.00000000000371,1.39185538094999E-011,2.39999999993902));
#4759=DIRECTION('',(0.0,0.0,-1.0));
#4760=DIRECTION('',(0.0,1.0,0.0));
#4761=SURFACE_STYLE_FILL_AREA(#6036);
#4762=ORIENTED_EDGE('',*,*,#6037,.T.);
#4763=ORIENTED_EDGE('',*,*,#6038,.F.);
#4764=CARTESIAN_POINT('',(3.7398469737715E-012,-7.99999999998607,2.39999999995899));
#4765=DIRECTION('',(0.0,0.0,-1.0));
#4766=DIRECTION('',(1.0,0.0,0.0));
#4767=SURFACE_STYLE_FILL_AREA(#6039);
#4768=ORIENTED_EDGE('',*,*,#6040,.F.);
#4769=ORIENTED_EDGE('',*,*,#6041,.T.);
#4770=ORIENTED_EDGE('',*,*,#6020,.F.);
#4771=ORIENTED_EDGE('',*,*,#6042,.F.);
#4772=CARTESIAN_POINT('',(0.0,0.0,2.4));
#4773=DIRECTION('',(0.0,0.0,-1.0));
#4774=DIRECTION('',(-1.0,0.0,0.0));
#4775=SURFACE_STYLE_FILL_AREA(#6043);
#4776=ORIENTED_EDGE('',*,*,#6044,.F.);
#4777=ORIENTED_EDGE('',*,*,#6045,.T.);
#4778=ORIENTED_EDGE('',*,*,#6046,.F.);
#4779=ORIENTED_EDGE('',*,*,#6047,.F.);
#4780=CARTESIAN_POINT('',(0.0,0.0,2.4));
#4781=DIRECTION('',(0.0,0.0,-1.0));
#4782=DIRECTION('',(-1.0,0.0,0.0));
#4783=SURFACE_STYLE_FILL_AREA(#6048);
#4784=ORIENTED_EDGE('',*,*,#6049,.F.);
#4785=ORIENTED_EDGE('',*,*,#6050,.F.);
#4786=ORIENTED_EDGE('',*,*,#6024,.F.);
#4787=ORIENTED_EDGE('',*,*,#6051,.T.);
#4788=CARTESIAN_POINT('',(0.0,0.0,2.4));
#4789=DIRECTION('',(0.0,0.0,-1.0));
#4790=DIRECTION('',(-1.0,0.0,0.0));
#4791=SURFACE_STYLE_FILL_AREA(#6052);
#4792=ORIENTED_EDGE('',*,*,#6029,.T.);
#4793=ORIENTED_EDGE('',*,*,#6032,.T.);
#4794=ORIENTED_EDGE('',*,*,#6035,.T.);
#4795=ORIENTED_EDGE('',*,*,#6038,.T.);
#4796=ORIENTED_EDGE('',*,*,#6053,.F.);
#4797=ORIENTED_EDGE('',*,*,#6054,.F.);
#4798=ORIENTED_EDGE('',*,*,#6055,.F.);
#4799=ORIENTED_EDGE('',*,*,#6051,.F.);
#4800=ORIENTED_EDGE('',*,*,#6026,.F.);
#4801=ORIENTED_EDGE('',*,*,#6016,.F.);
#4802=ORIENTED_EDGE('',*,*,#6021,.F.);
#4803=ORIENTED_EDGE('',*,*,#6041,.F.);
#4804=ORIENTED_EDGE('',*,*,#6056,.F.);
#4805=ORIENTED_EDGE('',*,*,#6057,.F.);
#4806=ORIENTED_EDGE('',*,*,#6058,.F.);
#4807=ORIENTED_EDGE('',*,*,#6059,.F.);
#4808=ORIENTED_EDGE('',*,*,#6060,.F.);
#4809=ORIENTED_EDGE('',*,*,#6061,.F.);
#4810=ORIENTED_EDGE('',*,*,#6062,.F.);
#4811=ORIENTED_EDGE('',*,*,#6063,.F.);
#4812=ORIENTED_EDGE('',*,*,#6064,.F.);
#4813=ORIENTED_EDGE('',*,*,#6065,.F.);
#4814=ORIENTED_EDGE('',*,*,#6066,.F.);
#4815=ORIENTED_EDGE('',*,*,#6067,.F.);
#4816=ORIENTED_EDGE('',*,*,#6068,.F.);
#4817=ORIENTED_EDGE('',*,*,#6069,.F.);
#4818=ORIENTED_EDGE('',*,*,#6070,.F.);
#4819=ORIENTED_EDGE('',*,*,#6071,.F.);
#4820=ORIENTED_EDGE('',*,*,#6072,.F.);
#4821=ORIENTED_EDGE('',*,*,#6073,.F.);
#4822=ORIENTED_EDGE('',*,*,#6074,.F.);
#4823=ORIENTED_EDGE('',*,*,#6075,.F.);
#4824=ORIENTED_EDGE('',*,*,#6076,.F.);
#4825=ORIENTED_EDGE('',*,*,#6077,.F.);
#4826=ORIENTED_EDGE('',*,*,#6078,.F.);
#4827=ORIENTED_EDGE('',*,*,#6079,.F.);
#4828=ORIENTED_EDGE('',*,*,#6080,.F.);
#4829=ORIENTED_EDGE('',*,*,#6081,.F.);
#4830=ORIENTED_EDGE('',*,*,#6082,.F.);
#4831=ORIENTED_EDGE('',*,*,#6083,.F.);
#4832=ORIENTED_EDGE('',*,*,#6084,.F.);
#4833=ORIENTED_EDGE('',*,*,#6085,.F.);
#4834=ORIENTED_EDGE('',*,*,#6086,.F.);
#4835=ORIENTED_EDGE('',*,*,#6087,.F.);
#4836=ORIENTED_EDGE('',*,*,#6088,.F.);
#4837=ORIENTED_EDGE('',*,*,#6089,.F.);
#4838=ORIENTED_EDGE('',*,*,#6090,.F.);
#4839=ORIENTED_EDGE('',*,*,#6091,.F.);
#4840=ORIENTED_EDGE('',*,*,#6092,.F.);
#4841=ORIENTED_EDGE('',*,*,#6093,.F.);
#4842=ORIENTED_EDGE('',*,*,#6094,.F.);
#4843=ORIENTED_EDGE('',*,*,#6045,.F.);
#4844=CARTESIAN_POINT('',(0.0,0.0,-0.1));
#4845=DIRECTION('',(0.0,0.0,1.0));
#4846=DIRECTION('',(1.0,0.0,0.0));
#4847=SURFACE_STYLE_FILL_AREA(#6095);
#4848=ORIENTED_EDGE('',*,*,#6096,.F.);
#4849=ORIENTED_EDGE('',*,*,#6091,.T.);
#4850=ORIENTED_EDGE('',*,*,#6097,.F.);
#4851=ORIENTED_EDGE('',*,*,#6098,.F.);
#4852=CARTESIAN_POINT('',(0.0,0.0,2.4));
#4853=DIRECTION('',(0.0,0.0,-1.0));
#4854=DIRECTION('',(-1.0,0.0,0.0));
#4855=SURFACE_STYLE_FILL_AREA(#6099);
#4856=ORIENTED_EDGE('',*,*,#6100,.F.);
#4857=ORIENTED_EDGE('',*,*,#6087,.T.);
#4858=ORIENTED_EDGE('',*,*,#6101,.F.);
#4859=ORIENTED_EDGE('',*,*,#6102,.F.);
#4860=CARTESIAN_POINT('',(0.0,0.0,2.4));
#4861=DIRECTION('',(0.0,0.0,-1.0));
#4862=DIRECTION('',(-1.0,0.0,0.0));
#4863=SURFACE_STYLE_FILL_AREA(#6103);
#4864=ORIENTED_EDGE('',*,*,#6028,.F.);
#4865=ORIENTED_EDGE('',*,*,#6031,.F.);
#4866=ORIENTED_EDGE('',*,*,#6034,.F.);
#4867=ORIENTED_EDGE('',*,*,#6037,.F.);
#4868=ORIENTED_EDGE('',*,*,#6104,.T.);
#4869=ORIENTED_EDGE('',*,*,#6105,.T.);
#4870=ORIENTED_EDGE('',*,*,#6047,.T.);
#4871=ORIENTED_EDGE('',*,*,#6106,.T.);
#4872=ORIENTED_EDGE('',*,*,#6107,.T.);
#4873=ORIENTED_EDGE('',*,*,#6108,.T.);
#4874=ORIENTED_EDGE('',*,*,#6098,.T.);
#4875=ORIENTED_EDGE('',*,*,#6109,.T.);
#4876=ORIENTED_EDGE('',*,*,#6110,.T.);
#4877=ORIENTED_EDGE('',*,*,#6111,.T.);
#4878=ORIENTED_EDGE('',*,*,#6102,.T.);
#4879=ORIENTED_EDGE('',*,*,#6112,.T.);
#4880=ORIENTED_EDGE('',*,*,#6113,.T.);
#4881=ORIENTED_EDGE('',*,*,#6114,.T.);
#4882=ORIENTED_EDGE('',*,*,#6115,.T.);
#4883=ORIENTED_EDGE('',*,*,#6116,.T.);
#4884=ORIENTED_EDGE('',*,*,#6117,.T.);
#4885=ORIENTED_EDGE('',*,*,#6118,.T.);
#4886=ORIENTED_EDGE('',*,*,#6119,.T.);
#4887=ORIENTED_EDGE('',*,*,#6120,.T.);
#4888=ORIENTED_EDGE('',*,*,#6121,.T.);
#4889=ORIENTED_EDGE('',*,*,#6122,.T.);
#4890=ORIENTED_EDGE('',*,*,#6123,.T.);
#4891=ORIENTED_EDGE('',*,*,#6124,.T.);
#4892=ORIENTED_EDGE('',*,*,#6125,.T.);
#4893=ORIENTED_EDGE('',*,*,#6126,.T.);
#4894=ORIENTED_EDGE('',*,*,#6127,.T.);
#4895=ORIENTED_EDGE('',*,*,#6128,.T.);
#4896=ORIENTED_EDGE('',*,*,#6129,.T.);
#4897=ORIENTED_EDGE('',*,*,#6130,.T.);
#4898=ORIENTED_EDGE('',*,*,#6131,.T.);
#4899=ORIENTED_EDGE('',*,*,#6132,.T.);
#4900=ORIENTED_EDGE('',*,*,#6133,.T.);
#4901=ORIENTED_EDGE('',*,*,#6134,.T.);
#4902=ORIENTED_EDGE('',*,*,#6135,.T.);
#4903=ORIENTED_EDGE('',*,*,#6136,.T.);
#4904=ORIENTED_EDGE('',*,*,#6137,.T.);
#4905=ORIENTED_EDGE('',*,*,#6138,.T.);
#4906=ORIENTED_EDGE('',*,*,#6139,.T.);
#4907=ORIENTED_EDGE('',*,*,#6140,.T.);
#4908=ORIENTED_EDGE('',*,*,#6141,.T.);
#4909=ORIENTED_EDGE('',*,*,#6142,.T.);
#4910=ORIENTED_EDGE('',*,*,#6042,.T.);
#4911=ORIENTED_EDGE('',*,*,#6022,.T.);
#4912=ORIENTED_EDGE('',*,*,#6018,.T.);
#4913=ORIENTED_EDGE('',*,*,#6025,.T.);
#4914=ORIENTED_EDGE('',*,*,#6050,.T.);
#4915=ORIENTED_EDGE('',*,*,#6143,.T.);
#4916=CARTESIAN_POINT('',(0.0,0.0,2.4));
#4917=DIRECTION('',(0.0,0.0,1.0));
#4918=DIRECTION('',(1.0,0.0,0.0));
#4919=SURFACE_STYLE_FILL_AREA(#6144);
#4920=ORIENTED_EDGE('',*,*,#6145,.F.);
#4921=ORIENTED_EDGE('',*,*,#6093,.T.);
#4922=ORIENTED_EDGE('',*,*,#6146,.T.);
#4923=ORIENTED_EDGE('',*,*,#6107,.F.);
#4924=CARTESIAN_POINT('',(14.7805555555632,1.04625509644851E-011,-0.100000000000029));
#4925=DIRECTION('',(0.0,0.0,1.0));
#4926=DIRECTION('',(1.0,0.0,0.0));
#4927=SURFACE_STYLE_FILL_AREA(#6147);
#4928=ORIENTED_EDGE('',*,*,#6046,.T.);
#4929=ORIENTED_EDGE('',*,*,#6094,.T.);
#4930=ORIENTED_EDGE('',*,*,#6145,.T.);
#4931=ORIENTED_EDGE('',*,*,#6106,.F.);
#4932=CARTESIAN_POINT('',(21.8000000000076,-2.34999999998954,-0.100000000000029));
#4933=DIRECTION('',(0.0,1.0,0.0));
#4934=DIRECTION('',(0.0,0.0,-1.0));
#4935=SURFACE_STYLE_FILL_AREA(#6148);
#4936=ORIENTED_EDGE('',*,*,#6096,.T.);
#4937=ORIENTED_EDGE('',*,*,#6108,.F.);
#4938=ORIENTED_EDGE('',*,*,#6146,.F.);
#4939=ORIENTED_EDGE('',*,*,#6092,.T.);
#4940=CARTESIAN_POINT('',(14.7805555555632,2.35000000001047,-0.100000000000029));
#4941=DIRECTION('',(0.0,-1.0,0.0));
#4942=DIRECTION('',(0.0,0.0,1.0));
#4943=SURFACE_STYLE_FILL_AREA(#6149);
#4944=ORIENTED_EDGE('',*,*,#6150,.F.);
#4945=ORIENTED_EDGE('',*,*,#6089,.T.);
#4946=ORIENTED_EDGE('',*,*,#6151,.T.);
#4947=ORIENTED_EDGE('',*,*,#6110,.F.);
#4948=CARTESIAN_POINT('',(12.8003365931646,7.39027777779477,-0.100000000000029));
#4949=DIRECTION('',(0.0,-0.0,1.0));
#4950=DIRECTION('',(0.866025403784457,0.499999999999968,0.0));
#4951=SURFACE_STYLE_FILL_AREA(#6152);
#4952=ORIENTED_EDGE('',*,*,#6097,.T.);
#4953=ORIENTED_EDGE('',*,*,#6090,.T.);
#4954=ORIENTED_EDGE('',*,*,#6150,.T.);
#4955=ORIENTED_EDGE('',*,*,#6109,.F.);
#4956=CARTESIAN_POINT('',(20.0543538025071,8.86484030112329,-0.100000000000029));
#4957=DIRECTION('',(-0.499999999999968,0.866025403784457,0.0));
#4958=DIRECTION('',(0.0,0.0,-1.0));
#4959=SURFACE_STYLE_FILL_AREA(#6153);
#4960=ORIENTED_EDGE('',*,*,#6100,.T.);
#4961=ORIENTED_EDGE('',*,*,#6111,.F.);
#4962=ORIENTED_EDGE('',*,*,#6151,.F.);
#4963=ORIENTED_EDGE('',*,*,#6088,.T.);
#4964=CARTESIAN_POINT('',(11.6253365931647,9.42543747668824,-0.100000000000029));
#4965=DIRECTION('',(0.499999999999968,-0.866025403784457,0.0));
#4966=DIRECTION('',(0.0,0.0,1.0));
#4967=SURFACE_STYLE_FILL_AREA(#6154);
#4968=ORIENTED_EDGE('',*,*,#6155,.F.);
#4969=ORIENTED_EDGE('',*,*,#6085,.T.);
#4970=ORIENTED_EDGE('',*,*,#6156,.T.);
#4971=ORIENTED_EDGE('',*,*,#6113,.F.);
#4972=CARTESIAN_POINT('',(7.39027777777973,12.8003365931801,-0.100000000000029));
#4973=DIRECTION('',(0.0,-0.0,1.0));
#4974=DIRECTION('',(0.500000000000032,0.86602540378442,0.0));
#4975=SURFACE_STYLE_FILL_AREA(#6157);
#4976=ORIENTED_EDGE('',*,*,#6101,.T.);
#4977=ORIENTED_EDGE('',*,*,#6086,.T.);
#4978=ORIENTED_EDGE('',*,*,#6155,.T.);
#4979=ORIENTED_EDGE('',*,*,#6112,.F.);
#4980=CARTESIAN_POINT('',(12.9351596988956,17.7043538025223,-0.100000000000029));
#4981=DIRECTION('',(-0.86602540378442,0.500000000000032,0.0));
#4982=DIRECTION('',(0.0,0.0,-1.0));
#4983=SURFACE_STYLE_FILL_AREA(#6158);
#4984=ORIENTED_EDGE('',*,*,#6159,.T.);
#4985=ORIENTED_EDGE('',*,*,#6114,.F.);
#4986=ORIENTED_EDGE('',*,*,#6156,.F.);
#4987=ORIENTED_EDGE('',*,*,#6084,.T.);
#4988=CARTESIAN_POINT('',(5.35511807888634,13.9753365931801,-0.100000000000029));
#4989=DIRECTION('',(0.86602540378442,-0.500000000000032,0.0));
#4990=DIRECTION('',(0.0,0.0,1.0));
#4991=SURFACE_STYLE_FILL_AREA(#6160);
#4992=ORIENTED_EDGE('',*,*,#6161,.F.);
#4993=ORIENTED_EDGE('',*,*,#6081,.T.);
#4994=ORIENTED_EDGE('',*,*,#6162,.T.);
#4995=ORIENTED_EDGE('',*,*,#6117,.F.);
#4996=CARTESIAN_POINT('',(-3.93088339656345E-012,14.7805555555791,-0.100000000000029));
#4997=DIRECTION('',(0.0,-0.0,1.0));
#4998=DIRECTION('',(0.0,1.0,0.0));
#4999=SURFACE_STYLE_FILL_AREA(#6163);
#5000=ORIENTED_EDGE('',*,*,#6164,.T.);
#5001=ORIENTED_EDGE('',*,*,#6082,.T.);
#5002=ORIENTED_EDGE('',*,*,#6161,.T.);
#5003=ORIENTED_EDGE('',*,*,#6116,.F.);
#5004=CARTESIAN_POINT('',(2.34999999999607,21.8000000000236,-0.100000000000029));
#5005=DIRECTION('',(-1.0,0.0,0.0));
#5006=DIRECTION('',(0.0,0.0,-1.0));
#5007=SURFACE_STYLE_FILL_AREA(#6165);
#5008=ORIENTED_EDGE('',*,*,#6166,.T.);
#5009=ORIENTED_EDGE('',*,*,#6118,.F.);
#5010=ORIENTED_EDGE('',*,*,#6162,.F.);
#5011=ORIENTED_EDGE('',*,*,#6080,.T.);
#5012=CARTESIAN_POINT('',(-2.35000000000393,14.7805555555791,-0.100000000000029));
#5013=DIRECTION('',(1.0,0.0,-0.0));
#5014=DIRECTION('',(0.0,0.0,1.0));
#5015=SURFACE_STYLE_FILL_AREA(#6167);
#5016=ORIENTED_EDGE('',*,*,#6168,.F.);
#5017=ORIENTED_EDGE('',*,*,#6077,.T.);
#5018=ORIENTED_EDGE('',*,*,#6169,.T.);
#5019=ORIENTED_EDGE('',*,*,#6121,.F.);
#5020=CARTESIAN_POINT('',(-7.39027777778825,12.8003365931806,-0.100000000000029));
#5021=DIRECTION('',(0.0,0.0,1.0));
#5022=DIRECTION('',(-0.499999999999968,0.866025403784457,0.0));
#5023=SURFACE_STYLE_FILL_AREA(#6170);
#5024=ORIENTED_EDGE('',*,*,#6171,.T.);
#5025=ORIENTED_EDGE('',*,*,#6078,.T.);
#5026=ORIENTED_EDGE('',*,*,#6168,.T.);
#5027=ORIENTED_EDGE('',*,*,#6120,.F.);
#5028=CARTESIAN_POINT('',(-8.86484030111677,20.0543538025231,-0.100000000000029));
#5029=DIRECTION('',(-0.866025403784457,-0.499999999999968,-0.0));
#5030=DIRECTION('',(0.0,0.0,-1.0));
#5031=SURFACE_STYLE_FILL_AREA(#6172);
#5032=ORIENTED_EDGE('',*,*,#6173,.T.);
#5033=ORIENTED_EDGE('',*,*,#6122,.F.);
#5034=ORIENTED_EDGE('',*,*,#6169,.F.);
#5035=ORIENTED_EDGE('',*,*,#6076,.T.);
#5036=CARTESIAN_POINT('',(-9.42543747668172,11.6253365931807,-0.100000000000029));
#5037=DIRECTION('',(0.866025403784457,0.499999999999968,-0.0));
#5038=DIRECTION('',(0.0,0.0,1.0));
#5039=SURFACE_STYLE_FILL_AREA(#6174);
#5040=ORIENTED_EDGE('',*,*,#6175,.F.);
#5041=ORIENTED_EDGE('',*,*,#6073,.T.);
#5042=ORIENTED_EDGE('',*,*,#6176,.T.);
#5043=ORIENTED_EDGE('',*,*,#6125,.F.);
#5044=CARTESIAN_POINT('',(-12.8003365931735,7.39027777779569,-0.100000000000029));
#5045=DIRECTION('',(0.0,0.0,1.0));
#5046=DIRECTION('',(-0.86602540378442,0.500000000000032,0.0));
#5047=SURFACE_STYLE_FILL_AREA(#6177);
#5048=ORIENTED_EDGE('',*,*,#6178,.T.);
#5049=ORIENTED_EDGE('',*,*,#6074,.T.);
#5050=ORIENTED_EDGE('',*,*,#6175,.T.);
#5051=ORIENTED_EDGE('',*,*,#6124,.F.);
#5052=CARTESIAN_POINT('',(-17.7043538025158,12.9351596989115,-0.100000000000029));
#5053=DIRECTION('',(-0.500000000000032,-0.86602540378442,-0.0));
#5054=DIRECTION('',(0.0,0.0,-1.0));
#5055=SURFACE_STYLE_FILL_AREA(#6179);
#5056=ORIENTED_EDGE('',*,*,#6180,.T.);
#5057=ORIENTED_EDGE('',*,*,#6126,.F.);
#5058=ORIENTED_EDGE('',*,*,#6176,.F.);
#5059=ORIENTED_EDGE('',*,*,#6072,.T.);
#5060=CARTESIAN_POINT('',(-13.9753365931736,5.3551180789023,-0.100000000000029));
#5061=DIRECTION('',(0.500000000000032,0.86602540378442,-0.0));
#5062=DIRECTION('',(0.0,0.0,1.0));
#5063=SURFACE_STYLE_FILL_AREA(#6181);
#5064=ORIENTED_EDGE('',*,*,#6182,.F.);
#5065=ORIENTED_EDGE('',*,*,#6069,.T.);
#5066=ORIENTED_EDGE('',*,*,#6183,.T.);
#5067=ORIENTED_EDGE('',*,*,#6129,.F.);
#5068=CARTESIAN_POINT('',(-14.7805555555727,1.19800003250958E-011,-0.100000000000029));
#5069=DIRECTION('',(0.0,0.0,1.0));
#5070=DIRECTION('',(-1.0,0.0,0.0));
#5071=SURFACE_STYLE_FILL_AREA(#6184);
#5072=ORIENTED_EDGE('',*,*,#6185,.T.);
#5073=ORIENTED_EDGE('',*,*,#6070,.T.);
#5074=ORIENTED_EDGE('',*,*,#6182,.T.);
#5075=ORIENTED_EDGE('',*,*,#6128,.F.);
#5076=CARTESIAN_POINT('',(-21.8000000000172,2.35000000001198,-0.100000000000029));
#5077=DIRECTION('',(0.0,-1.0,0.0));
#5078=DIRECTION('',(0.0,0.0,-1.0));
#5079=SURFACE_STYLE_FILL_AREA(#6186);
#5080=ORIENTED_EDGE('',*,*,#6187,.T.);
#5081=ORIENTED_EDGE('',*,*,#6130,.F.);
#5082=ORIENTED_EDGE('',*,*,#6183,.F.);
#5083=ORIENTED_EDGE('',*,*,#6068,.T.);
#5084=CARTESIAN_POINT('',(-14.7805555555727,-2.34999999998802,-0.100000000000029));
#5085=DIRECTION('',(0.0,1.0,0.0));
#5086=DIRECTION('',(0.0,0.0,1.0));
#5087=SURFACE_STYLE_FILL_AREA(#6188);
#5088=ORIENTED_EDGE('',*,*,#6189,.F.);
#5089=ORIENTED_EDGE('',*,*,#6065,.T.);
#5090=ORIENTED_EDGE('',*,*,#6190,.T.);
#5091=ORIENTED_EDGE('',*,*,#6133,.F.);
#5092=CARTESIAN_POINT('',(-12.8003365931741,-7.39027777777229,-0.100000000000029));
#5093=DIRECTION('',(0.0,0.0,1.0));
#5094=DIRECTION('',(-0.866025403784458,-0.499999999999967,0.0));
#5095=SURFACE_STYLE_FILL_AREA(#6191);
#5096=ORIENTED_EDGE('',*,*,#6192,.T.);
#5097=ORIENTED_EDGE('',*,*,#6066,.T.);
#5098=ORIENTED_EDGE('',*,*,#6189,.T.);
#5099=ORIENTED_EDGE('',*,*,#6132,.F.);
#5100=CARTESIAN_POINT('',(-20.0543538025166,-8.86484030110081,-0.100000000000029));
#5101=DIRECTION('',(0.499999999999967,-0.866025403784458,0.0));
#5102=DIRECTION('',(0.0,0.0,-1.0));
#5103=SURFACE_STYLE_FILL_AREA(#6193);
#5104=ORIENTED_EDGE('',*,*,#6194,.T.);
#5105=ORIENTED_EDGE('',*,*,#6134,.F.);
#5106=ORIENTED_EDGE('',*,*,#6190,.F.);
#5107=ORIENTED_EDGE('',*,*,#6064,.T.);
#5108=CARTESIAN_POINT('',(-11.6253365931741,-9.42543747666576,-0.100000000000029));
#5109=DIRECTION('',(-0.499999999999967,0.866025403784458,0.0));
#5110=DIRECTION('',(0.0,0.0,1.0));
#5111=SURFACE_STYLE_FILL_AREA(#6195);
#5112=ORIENTED_EDGE('',*,*,#6196,.F.);
#5113=ORIENTED_EDGE('',*,*,#6061,.T.);
#5114=ORIENTED_EDGE('',*,*,#6197,.T.);
#5115=ORIENTED_EDGE('',*,*,#6137,.F.);
#5116=CARTESIAN_POINT('',(-7.39027777778917,-12.8003365931576,-0.100000000000029));
#5117=DIRECTION('',(0.0,0.0,1.0));
#5118=DIRECTION('',(-0.500000000000033,-0.86602540378442,0.0));
#5119=SURFACE_STYLE_FILL_AREA(#6198);
#5120=ORIENTED_EDGE('',*,*,#6199,.T.);
#5121=ORIENTED_EDGE('',*,*,#6062,.T.);
#5122=ORIENTED_EDGE('',*,*,#6196,.T.);
#5123=ORIENTED_EDGE('',*,*,#6136,.F.);
#5124=CARTESIAN_POINT('',(-12.935159698905,-17.7043538024998,-0.100000000000029));
#5125=DIRECTION('',(0.86602540378442,-0.500000000000033,0.0));
#5126=DIRECTION('',(0.0,0.0,-1.0));
#5127=SURFACE_STYLE_FILL_AREA(#6200);
#5128=ORIENTED_EDGE('',*,*,#6201,.T.);
#5129=ORIENTED_EDGE('',*,*,#6138,.F.);
#5130=ORIENTED_EDGE('',*,*,#6197,.F.);
#5131=ORIENTED_EDGE('',*,*,#6060,.T.);
#5132=CARTESIAN_POINT('',(-5.35511807889578,-13.9753365931576,-0.100000000000029));
#5133=DIRECTION('',(-0.86602540378442,0.500000000000033,0.0));
#5134=DIRECTION('',(0.0,0.0,1.0));
#5135=SURFACE_STYLE_FILL_AREA(#6202);
#5136=ORIENTED_EDGE('',*,*,#6203,.F.);
#5137=ORIENTED_EDGE('',*,*,#6057,.T.);
#5138=ORIENTED_EDGE('',*,*,#6204,.T.);
#5139=ORIENTED_EDGE('',*,*,#6141,.F.);
#5140=CARTESIAN_POINT('',(-5.51338488752329E-012,-14.7805555555566,-0.100000000000029));
#5141=DIRECTION('',(0.0,0.0,1.0));
#5142=DIRECTION('',(0.0,-1.0,0.0));
#5143=SURFACE_STYLE_FILL_AREA(#6205);
#5144=ORIENTED_EDGE('',*,*,#6206,.T.);
#5145=ORIENTED_EDGE('',*,*,#6058,.T.);
#5146=ORIENTED_EDGE('',*,*,#6203,.T.);
#5147=ORIENTED_EDGE('',*,*,#6140,.F.);
#5148=CARTESIAN_POINT('',(-2.35000000000552,-21.8000000000011,-0.100000000000029));
#5149=DIRECTION('',(1.0,0.0,0.0));
#5150=DIRECTION('',(0.0,0.0,-1.0));
#5151=SURFACE_STYLE_FILL_AREA(#6207);
#5152=ORIENTED_EDGE('',*,*,#6040,.T.);
#5153=ORIENTED_EDGE('',*,*,#6142,.F.);
#5154=ORIENTED_EDGE('',*,*,#6204,.F.);
#5155=ORIENTED_EDGE('',*,*,#6056,.T.);
#5156=CARTESIAN_POINT('',(2.34999999999448,-14.7805555555566,-0.100000000000029));
#5157=DIRECTION('',(-1.0,0.0,0.0));
#5158=DIRECTION('',(0.0,0.0,1.0));
#5159=SURFACE_STYLE_FILL_AREA(#6208);
#5160=ORIENTED_EDGE('',*,*,#6201,.F.);
#5161=ORIENTED_EDGE('',*,*,#6059,.T.);
#5162=ORIENTED_EDGE('',*,*,#6206,.F.);
#5163=ORIENTED_EDGE('',*,*,#6139,.F.);
#5164=CARTESIAN_POINT('',(0.0,0.0,2.4));
#5165=DIRECTION('',(0.0,0.0,-1.0));
#5166=DIRECTION('',(-1.0,0.0,0.0));
#5167=SURFACE_STYLE_FILL_AREA(#6209);
#5168=ORIENTED_EDGE('',*,*,#6194,.F.);
#5169=ORIENTED_EDGE('',*,*,#6063,.T.);
#5170=ORIENTED_EDGE('',*,*,#6199,.F.);
#5171=ORIENTED_EDGE('',*,*,#6135,.F.);
#5172=CARTESIAN_POINT('',(0.0,0.0,2.4));
#5173=DIRECTION('',(0.0,0.0,-1.0));
#5174=DIRECTION('',(-1.0,0.0,0.0));
#5175=SURFACE_STYLE_FILL_AREA(#6210);
#5176=ORIENTED_EDGE('',*,*,#6187,.F.);
#5177=ORIENTED_EDGE('',*,*,#6067,.T.);
#5178=ORIENTED_EDGE('',*,*,#6192,.F.);
#5179=ORIENTED_EDGE('',*,*,#6131,.F.);
#5180=CARTESIAN_POINT('',(0.0,0.0,2.4));
#5181=DIRECTION('',(0.0,0.0,-1.0));
#5182=DIRECTION('',(-1.0,0.0,0.0));
#5183=SURFACE_STYLE_FILL_AREA(#6211);
#5184=ORIENTED_EDGE('',*,*,#6180,.F.);
#5185=ORIENTED_EDGE('',*,*,#6071,.T.);
#5186=ORIENTED_EDGE('',*,*,#6185,.F.);
#5187=ORIENTED_EDGE('',*,*,#6127,.F.);
#5188=CARTESIAN_POINT('',(0.0,0.0,2.4));
#5189=DIRECTION('',(0.0,0.0,-1.0));
#5190=DIRECTION('',(-1.0,0.0,0.0));
#5191=SURFACE_STYLE_FILL_AREA(#6212);
#5192=ORIENTED_EDGE('',*,*,#6173,.F.);
#5193=ORIENTED_EDGE('',*,*,#6075,.T.);
#5194=ORIENTED_EDGE('',*,*,#6178,.F.);
#5195=ORIENTED_EDGE('',*,*,#6123,.F.);
#5196=CARTESIAN_POINT('',(0.0,0.0,2.4));
#5197=DIRECTION('',(0.0,0.0,-1.0));
#5198=DIRECTION('',(-1.0,0.0,0.0));
#5199=SURFACE_STYLE_FILL_AREA(#6213);
#5200=ORIENTED_EDGE('',*,*,#6166,.F.);
#5201=ORIENTED_EDGE('',*,*,#6079,.T.);
#5202=ORIENTED_EDGE('',*,*,#6171,.F.);
#5203=ORIENTED_EDGE('',*,*,#6119,.F.);
#5204=CARTESIAN_POINT('',(0.0,0.0,2.4));
#5205=DIRECTION('',(0.0,0.0,-1.0));
#5206=DIRECTION('',(-1.0,0.0,0.0));
#5207=SURFACE_STYLE_FILL_AREA(#6214);
#5208=ORIENTED_EDGE('',*,*,#6159,.F.);
#5209=ORIENTED_EDGE('',*,*,#6083,.T.);
#5210=ORIENTED_EDGE('',*,*,#6164,.F.);
#5211=ORIENTED_EDGE('',*,*,#6115,.F.);
#5212=CARTESIAN_POINT('',(0.0,0.0,2.4));
#5213=DIRECTION('',(0.0,0.0,-1.0));
#5214=DIRECTION('',(-1.0,0.0,0.0));
#5215=SURFACE_STYLE_FILL_AREA(#6215);
#5216=ORIENTED_EDGE('',*,*,#6216,.F.);
#5217=ORIENTED_EDGE('',*,*,#6054,.T.);
#5218=ORIENTED_EDGE('',*,*,#6217,.T.);
#5219=ORIENTED_EDGE('',*,*,#6104,.F.);
#5220=CARTESIAN_POINT('',(12.8003365931641,-7.39027777777321,-0.100000000000028));
#5221=DIRECTION('',(0.0,0.0,1.0));
#5222=DIRECTION('',(0.86602540378442,-0.500000000000032,0.0));
#5223=SURFACE_STYLE_FILL_AREA(#6218);
#5224=ORIENTED_EDGE('',*,*,#6044,.T.);
#5225=ORIENTED_EDGE('',*,*,#6105,.F.);
#5226=ORIENTED_EDGE('',*,*,#6217,.F.);
#5227=ORIENTED_EDGE('',*,*,#6053,.T.);
#5228=CARTESIAN_POINT('',(13.9753365931642,-5.35511807887981,-0.100000000000028));
#5229=DIRECTION('',(-0.500000000000032,-0.86602540378442,0.0));
#5230=DIRECTION('',(0.0,0.0,1.0));
#5231=SURFACE_STYLE_FILL_AREA(#6219);
#5232=ORIENTED_EDGE('',*,*,#6049,.T.);
#5233=ORIENTED_EDGE('',*,*,#6055,.T.);
#5234=ORIENTED_EDGE('',*,*,#6216,.T.);
#5235=ORIENTED_EDGE('',*,*,#6143,.F.);
#5236=CARTESIAN_POINT('',(17.7043538025063,-12.935159698889,-0.100000000000028));
#5237=DIRECTION('',(0.500000000000032,0.86602540378442,0.0));
#5238=DIRECTION('',(0.0,0.0,-1.0));
#5241=EDGE_LOOP('',(#6220));
#5242=EDGE_LOOP('',(#6221));
#5243=AXIS2_PLACEMENT_3D('',#6222,#6223,#6224);
#5244=EDGE_LOOP('',(#6225));
#5245=EDGE_LOOP('',(#6226));
#5246=AXIS2_PLACEMENT_3D('',#6227,#6228,#6229);
#5247=EDGE_LOOP('',(#6230));
#5248=EDGE_LOOP('',(#6231));
#5249=AXIS2_PLACEMENT_3D('',#6232,#6233,#6234);
#5250=EDGE_LOOP('',(#6235));
#5251=EDGE_LOOP('',(#6236));
#5252=AXIS2_PLACEMENT_3D('',#6237,#6238,#6239);
#5253=EDGE_LOOP('',(#6240));
#5254=EDGE_LOOP('',(#6241));
#5255=AXIS2_PLACEMENT_3D('',#6242,#6243,#6244);
#5256=EDGE_LOOP('',(#6245));
#5257=EDGE_LOOP('',(#6246));
#5258=AXIS2_PLACEMENT_3D('',#6247,#6248,#6249);
#5259=EDGE_LOOP('',(#6250));
#5260=EDGE_LOOP('',(#6251));
#5261=AXIS2_PLACEMENT_3D('',#6252,#6253,#6254);
#5262=EDGE_LOOP('',(#6255));
#5263=EDGE_LOOP('',(#6256));
#5264=AXIS2_PLACEMENT_3D('',#6257,#6258,#6259);
#5265=AXIS2_PLACEMENT_3D('',#6260,#6261,#6262);
#5266=FILL_AREA_STYLE('',(#6263));
#5267=EDGE_CURVE('',#6264,#6265,#6266,.T.);
#5268=EDGE_CURVE('',#6267,#6265,#6268,.F.);
#5269=EDGE_CURVE('',#6269,#6267,#6270,.T.);
#5270=EDGE_CURVE('',#6269,#6264,#6271,.T.);
#5271=FILL_AREA_STYLE('',(#6272));
#5272=EDGE_CURVE('',#6273,#6273,#6274,.F.);
#5273=EDGE_CURVE('',#6275,#6275,#6276,.T.);
#5274=FILL_AREA_STYLE('',(#6277));
#5275=EDGE_CURVE('',#6278,#6279,#6280,.T.);
#5276=EDGE_CURVE('',#6281,#6278,#6282,.T.);
#5277=EDGE_CURVE('',#6283,#6281,#6284,.T.);
#5278=EDGE_CURVE('',#6285,#6283,#6286,.T.);
#5279=EDGE_CURVE('',#6287,#6285,#6288,.T.);
#5280=EDGE_CURVE('',#6279,#6287,#6289,.T.);
#5281=FILL_AREA_STYLE('',(#6290));
#5282=EDGE_CURVE('',#6291,#6292,#6293,.T.);
#5283=EDGE_CURVE('',#6281,#6291,#6294,.T.);
#5284=EDGE_CURVE('',#6278,#6292,#6295,.T.);
#5285=FILL_AREA_STYLE('',(#6296));
#5286=EDGE_CURVE('',#6297,#6291,#6298,.T.);
#5287=EDGE_CURVE('',#6283,#6297,#6299,.T.);
#5288=FILL_AREA_STYLE('',(#6300));
#5289=EDGE_CURVE('',#6301,#6297,#6302,.T.);
#5290=EDGE_CURVE('',#6285,#6301,#6303,.T.);
#5291=FILL_AREA_STYLE('',(#6304));
#5292=EDGE_CURVE('',#6305,#6301,#6306,.T.);
#5293=EDGE_CURVE('',#6287,#6305,#6307,.T.);
#5294=FILL_AREA_STYLE('',(#6308));
#5295=EDGE_CURVE('',#6309,#6305,#6310,.T.);
#5296=EDGE_CURVE('',#6279,#6309,#6311,.T.);
#5297=FILL_AREA_STYLE('',(#6312));
#5298=EDGE_CURVE('',#6292,#6309,#6313,.T.);
#5299=FILL_AREA_STYLE('',(#6314));
#5300=EDGE_CURVE('',#6315,#6315,#6316,.F.);
#5301=EDGE_CURVE('',#6317,#6317,#6318,.T.);
#5302=FILL_AREA_STYLE('',(#6319));
#5303=EDGE_CURVE('',#6320,#6321,#6322,.T.);
#5304=EDGE_CURVE('',#6323,#6320,#6324,.T.);
#5305=EDGE_CURVE('',#6325,#6323,#6326,.T.);
#5306=EDGE_CURVE('',#6327,#6325,#6328,.T.);
#5307=EDGE_CURVE('',#6329,#6327,#6330,.T.);
#5308=EDGE_CURVE('',#6321,#6329,#6331,.T.);
#5309=FILL_AREA_STYLE('',(#6332));
#5310=EDGE_CURVE('',#6333,#6334,#6335,.T.);
#5311=EDGE_CURVE('',#6323,#6333,#6336,.T.);
#5312=EDGE_CURVE('',#6320,#6334,#6337,.T.);
#5313=FILL_AREA_STYLE('',(#6338));
#5314=EDGE_CURVE('',#6339,#6333,#6340,.T.);
#5315=EDGE_CURVE('',#6325,#6339,#6341,.T.);
#5316=FILL_AREA_STYLE('',(#6342));
#5317=EDGE_CURVE('',#6343,#6339,#6344,.T.);
#5318=EDGE_CURVE('',#6327,#6343,#6345,.T.);
#5319=FILL_AREA_STYLE('',(#6346));
#5320=EDGE_CURVE('',#6347,#6343,#6348,.T.);
#5321=EDGE_CURVE('',#6329,#6347,#6349,.T.);
#5322=FILL_AREA_STYLE('',(#6350));
#5323=EDGE_CURVE('',#6351,#6347,#6352,.T.);
#5324=EDGE_CURVE('',#6321,#6351,#6353,.T.);
#5325=FILL_AREA_STYLE('',(#6354));
#5326=EDGE_CURVE('',#6334,#6351,#6355,.T.);
#5327=FILL_AREA_STYLE('',(#6356));
#5328=EDGE_CURVE('',#6357,#6357,#6358,.F.);
#5329=EDGE_CURVE('',#6359,#6359,#6360,.T.);
#5330=FILL_AREA_STYLE('',(#6361));
#5331=EDGE_CURVE('',#6362,#6363,#6364,.T.);
#5332=EDGE_CURVE('',#6365,#6362,#6366,.T.);
#5333=EDGE_CURVE('',#6367,#6365,#6368,.T.);
#5334=EDGE_CURVE('',#6369,#6367,#6370,.T.);
#5335=EDGE_CURVE('',#6371,#6369,#6372,.T.);
#5336=EDGE_CURVE('',#6363,#6371,#6373,.T.);
#5337=FILL_AREA_STYLE('',(#6374));
#5338=EDGE_CURVE('',#6375,#6376,#6377,.T.);
#5339=EDGE_CURVE('',#6365,#6375,#6378,.T.);
#5340=EDGE_CURVE('',#6362,#6376,#6379,.T.);
#5341=FILL_AREA_STYLE('',(#6380));
#5342=EDGE_CURVE('',#6381,#6375,#6382,.T.);
#5343=EDGE_CURVE('',#6367,#6381,#6383,.T.);
#5344=FILL_AREA_STYLE('',(#6384));
#5345=EDGE_CURVE('',#6385,#6381,#6386,.T.);
#5346=EDGE_CURVE('',#6369,#6385,#6387,.T.);
#5347=FILL_AREA_STYLE('',(#6388));
#5348=EDGE_CURVE('',#6389,#6385,#6390,.T.);
#5349=EDGE_CURVE('',#6371,#6389,#6391,.T.);
#5350=FILL_AREA_STYLE('',(#6392));
#5351=EDGE_CURVE('',#6393,#6389,#6394,.T.);
#5352=EDGE_CURVE('',#6363,#6393,#6395,.T.);
#5353=FILL_AREA_STYLE('',(#6396));
#5354=EDGE_CURVE('',#6376,#6393,#6397,.T.);
#5355=FILL_AREA_STYLE('',(#6398));
#5356=EDGE_CURVE('',#6399,#6399,#6400,.F.);
#5357=EDGE_CURVE('',#6401,#6401,#6402,.T.);
#5358=FILL_AREA_STYLE('',(#6403));
#5359=EDGE_CURVE('',#6404,#6405,#6406,.T.);
#5360=EDGE_CURVE('',#6407,#6404,#6408,.T.);
#5361=EDGE_CURVE('',#6409,#6407,#6410,.T.);
#5362=EDGE_CURVE('',#6411,#6409,#6412,.T.);
#5363=EDGE_CURVE('',#6413,#6411,#6414,.T.);
#5364=EDGE_CURVE('',#6405,#6413,#6415,.T.);
#5365=FILL_AREA_STYLE('',(#6416));
#5366=EDGE_CURVE('',#6417,#6418,#6419,.T.);
#5367=EDGE_CURVE('',#6407,#6417,#6420,.T.);
#5368=EDGE_CURVE('',#6404,#6418,#6421,.T.);
#5369=FILL_AREA_STYLE('',(#6422));
#5370=EDGE_CURVE('',#6423,#6417,#6424,.T.);
#5371=EDGE_CURVE('',#6409,#6423,#6425,.T.);
#5372=FILL_AREA_STYLE('',(#6426));
#5373=EDGE_CURVE('',#6427,#6423,#6428,.T.);
#5374=EDGE_CURVE('',#6411,#6427,#6429,.T.);
#5375=FILL_AREA_STYLE('',(#6430));
#5376=EDGE_CURVE('',#6431,#6427,#6432,.T.);
#5377=EDGE_CURVE('',#6413,#6431,#6433,.T.);
#5378=FILL_AREA_STYLE('',(#6434));
#5379=EDGE_CURVE('',#6435,#6431,#6436,.T.);
#5380=EDGE_CURVE('',#6405,#6435,#6437,.T.);
#5381=FILL_AREA_STYLE('',(#6438));
#5382=EDGE_CURVE('',#6418,#6435,#6439,.T.);
#5383=FILL_AREA_STYLE('',(#6440));
#5384=EDGE_CURVE('',#6441,#6442,#6443,.T.);
#5385=EDGE_CURVE('',#6444,#6442,#6445,.T.);
#5386=EDGE_CURVE('',#6446,#6444,#6447,.T.);
#5387=EDGE_CURVE('',#6441,#6446,#6448,.F.);
#5388=FILL_AREA_STYLE('',(#6449));
#5389=EDGE_CURVE('',#6450,#6450,#6451,.T.);
#5390=EDGE_CURVE('',#6442,#6444,#6452,.T.);
#5391=EDGE_CURVE('',#6446,#6441,#6453,.T.);
#5392=FILL_AREA_STYLE('',(#6454));
#5393=EDGE_CURVE('',#6455,#6455,#6456,.T.);
#5394=FILL_AREA_STYLE('',(#6457));
#5395=EDGE_CURVE('',#6458,#6265,#6459,.T.);
#5396=EDGE_CURVE('',#6265,#6458,#6460,.T.);
#5397=FILL_AREA_STYLE('',(#6461));
#5398=EDGE_CURVE('',#6462,#6462,#6463,.F.);
#5399=EDGE_CURVE('',#6464,#6267,#6465,.T.);
#5400=EDGE_CURVE('',#6458,#6466,#6467,.F.);
#5401=EDGE_CURVE('',#6466,#6468,#6469,.T.);
#5402=EDGE_CURVE('',#6464,#6468,#6470,.T.);
#5403=FILL_AREA_STYLE('',(#6471));
#5404=EDGE_CURVE('',#6472,#6473,#6474,.T.);
#5405=EDGE_CURVE('',#6473,#6472,#6475,.F.);
#5406=EDGE_CURVE('',#6476,#6477,#6478,.T.);
#5407=EDGE_CURVE('',#6477,#6476,#6479,.F.);
#5408=EDGE_CURVE('',#6480,#6481,#6482,.F.);
#5409=EDGE_CURVE('',#6480,#6483,#6484,.F.);
#5410=EDGE_CURVE('',#6485,#6483,#6486,.F.);
#5411=EDGE_CURVE('',#6481,#6485,#6487,.T.);
#5412=EDGE_CURVE('',#6488,#6489,#6490,.F.);
#5413=EDGE_CURVE('',#6491,#6488,#6492,.F.);
#5414=EDGE_CURVE('',#6493,#6491,#6494,.F.);
#5415=EDGE_CURVE('',#6489,#6493,#6495,.T.);
#5416=EDGE_CURVE('',#6496,#6496,#6497,.T.);
#5417=EDGE_CURVE('',#6498,#6498,#6499,.T.);
#5418=FILL_AREA_STYLE('',(#6500));
#5419=EDGE_CURVE('',#6501,#6472,#6502,.T.);
#5420=EDGE_CURVE('',#6473,#6503,#6504,.T.);
#5421=EDGE_CURVE('',#6505,#6503,#6506,.T.);
#5422=EDGE_CURVE('',#6507,#6505,#6508,.T.);
#5423=EDGE_CURVE('',#6507,#6501,#6509,.T.);
#5424=FILL_AREA_STYLE('',(#6510));
#5425=EDGE_CURVE('',#6501,#6511,#6512,.T.);
#5426=EDGE_CURVE('',#6511,#6513,#6514,.F.);
#5427=EDGE_CURVE('',#6515,#6513,#6516,.T.);
#5428=EDGE_CURVE('',#6515,#6517,#6518,.T.);
#5429=EDGE_CURVE('',#6517,#6519,#6520,.F.);
#5430=EDGE_CURVE('',#6519,#6521,#6522,.T.);
#5431=EDGE_CURVE('',#6503,#6521,#6523,.T.);
#5432=FILL_AREA_STYLE('',(#6524));
#5433=EDGE_CURVE('',#6525,#6526,#6527,.F.);
#5434=EDGE_CURVE('',#6526,#6528,#6529,.T.);
#5435=EDGE_CURVE('',#6530,#6528,#6531,.T.);
#5436=EDGE_CURVE('',#6530,#6532,#6533,.T.);
#5437=EDGE_CURVE('',#6532,#6507,#6534,.T.);
#5438=EDGE_CURVE('',#6535,#6505,#6536,.T.);
#5439=EDGE_CURVE('',#6535,#6525,#6537,.T.);
#5440=FILL_AREA_STYLE('',(#6538));
#5441=EDGE_CURVE('',#6539,#6540,#6541,.T.);
#5442=EDGE_CURVE('',#6542,#6539,#6543,.T.);
#5443=EDGE_CURVE('',#6542,#6544,#6545,.T.);
#5444=EDGE_CURVE('',#6544,#6540,#6546,.T.);
#5445=FILL_AREA_STYLE('',(#6547));
#5446=EDGE_CURVE('',#6548,#6549,#6550,.T.);
#5447=EDGE_CURVE('',#6548,#6551,#6552,.T.);
#5448=EDGE_CURVE('',#6551,#6553,#6554,.F.);
#5449=EDGE_CURVE('',#6553,#6555,#6556,.T.);
#5450=EDGE_CURVE('',#6540,#6555,#6557,.T.);
#5451=EDGE_CURVE('',#6544,#6558,#6559,.T.);
#5452=EDGE_CURVE('',#6558,#6549,#6560,.F.);
#5453=FILL_AREA_STYLE('',(#6561));
#5454=EDGE_CURVE('',#6562,#6563,#6564,.F.);
#5455=EDGE_CURVE('',#6563,#6565,#6566,.T.);
#5456=EDGE_CURVE('',#6567,#6565,#6568,.T.);
#5457=EDGE_CURVE('',#6567,#6569,#6570,.T.);
#5458=EDGE_CURVE('',#6569,#6542,#6571,.T.);
#5459=EDGE_CURVE('',#6572,#6539,#6573,.T.);
#5460=EDGE_CURVE('',#6572,#6562,#6574,.T.);
#5461=FILL_AREA_STYLE('',(#6575));
#5462=EDGE_CURVE('',#6576,#6577,#6578,.T.);
#5463=EDGE_CURVE('',#6579,#6576,#6580,.T.);
#5464=EDGE_CURVE('',#6579,#6581,#6582,.T.);
#5465=EDGE_CURVE('',#6581,#6577,#6583,.T.);
#5466=FILL_AREA_STYLE('',(#6584));
#5467=EDGE_CURVE('',#6585,#6586,#6587,.T.);
#5468=EDGE_CURVE('',#6585,#6588,#6589,.T.);
#5469=EDGE_CURVE('',#6588,#6590,#6591,.F.);
#5470=EDGE_CURVE('',#6590,#6592,#6593,.T.);
#5471=EDGE_CURVE('',#6577,#6592,#6594,.T.);
#5472=EDGE_CURVE('',#6581,#6595,#6596,.T.);
#5473=EDGE_CURVE('',#6595,#6586,#6597,.F.);
#5474=FILL_AREA_STYLE('',(#6598));
#5475=EDGE_CURVE('',#6599,#6600,#6601,.F.);
#5476=EDGE_CURVE('',#6600,#6602,#6603,.T.);
#5477=EDGE_CURVE('',#6604,#6602,#6605,.T.);
#5478=EDGE_CURVE('',#6604,#6606,#6607,.T.);
#5479=EDGE_CURVE('',#6606,#6579,#6608,.T.);
#5480=EDGE_CURVE('',#6609,#6576,#6610,.T.);
#5481=EDGE_CURVE('',#6609,#6599,#6611,.T.);
#5482=FILL_AREA_STYLE('',(#6612));
#5483=EDGE_CURVE('',#6613,#6614,#6615,.T.);
#5484=EDGE_CURVE('',#6616,#6613,#6617,.T.);
#5485=EDGE_CURVE('',#6616,#6618,#6619,.T.);
#5486=EDGE_CURVE('',#6618,#6614,#6620,.T.);
#5487=FILL_AREA_STYLE('',(#6621));
#5488=EDGE_CURVE('',#6622,#6623,#6624,.T.);
#5489=EDGE_CURVE('',#6622,#6625,#6626,.T.);
#5490=EDGE_CURVE('',#6625,#6627,#6628,.F.);
#5491=EDGE_CURVE('',#6627,#6629,#6630,.T.);
#5492=EDGE_CURVE('',#6614,#6629,#6631,.T.);
#5493=EDGE_CURVE('',#6618,#6632,#6633,.T.);
#5494=EDGE_CURVE('',#6632,#6623,#6634,.F.);
#5495=FILL_AREA_STYLE('',(#6635));
#5496=EDGE_CURVE('',#6636,#6637,#6638,.F.);
#5497=EDGE_CURVE('',#6637,#6639,#6640,.T.);
#5498=EDGE_CURVE('',#6641,#6639,#6642,.T.);
#5499=EDGE_CURVE('',#6641,#6643,#6644,.T.);
#5500=EDGE_CURVE('',#6643,#6616,#6645,.T.);
#5501=EDGE_CURVE('',#6646,#6613,#6647,.T.);
#5502=EDGE_CURVE('',#6646,#6636,#6648,.T.);
#5503=FILL_AREA_STYLE('',(#6649));
#5504=EDGE_CURVE('',#6650,#6651,#6652,.T.);
#5505=EDGE_CURVE('',#6653,#6650,#6654,.T.);
#5506=EDGE_CURVE('',#6653,#6655,#6656,.T.);
#5507=EDGE_CURVE('',#6655,#6651,#6657,.T.);
#5508=FILL_AREA_STYLE('',(#6658));
#5509=EDGE_CURVE('',#6659,#6660,#6661,.T.);
#5510=EDGE_CURVE('',#6659,#6662,#6663,.T.);
#5511=EDGE_CURVE('',#6662,#6664,#6665,.F.);
#5512=EDGE_CURVE('',#6664,#6666,#6667,.T.);
#5513=EDGE_CURVE('',#6651,#6666,#6668,.T.);
#5514=EDGE_CURVE('',#6655,#6669,#6670,.T.);
#5515=EDGE_CURVE('',#6669,#6660,#6671,.F.);
#5516=FILL_AREA_STYLE('',(#6672));
#5517=EDGE_CURVE('',#6673,#6674,#6675,.F.);
#5518=EDGE_CURVE('',#6674,#6676,#6677,.T.);
#5519=EDGE_CURVE('',#6678,#6676,#6679,.T.);
#5520=EDGE_CURVE('',#6678,#6680,#6681,.T.);
#5521=EDGE_CURVE('',#6680,#6653,#6682,.T.);
#5522=EDGE_CURVE('',#6683,#6650,#6684,.T.);
#5523=EDGE_CURVE('',#6683,#6673,#6685,.T.);
#5524=FILL_AREA_STYLE('',(#6686));
#5525=EDGE_CURVE('',#6687,#6688,#6689,.T.);
#5526=EDGE_CURVE('',#6690,#6687,#6691,.T.);
#5527=EDGE_CURVE('',#6690,#6692,#6693,.T.);
#5528=EDGE_CURVE('',#6692,#6688,#6694,.T.);
#5529=FILL_AREA_STYLE('',(#6695));
#5530=EDGE_CURVE('',#6696,#6697,#6698,.T.);
#5531=EDGE_CURVE('',#6696,#6699,#6700,.T.);
#5532=EDGE_CURVE('',#6699,#6701,#6702,.F.);
#5533=EDGE_CURVE('',#6701,#6703,#6704,.T.);
#5534=EDGE_CURVE('',#6688,#6703,#6705,.T.);
#5535=EDGE_CURVE('',#6692,#6706,#6707,.T.);
#5536=EDGE_CURVE('',#6706,#6697,#6708,.F.);
#5537=FILL_AREA_STYLE('',(#6709));
#5538=EDGE_CURVE('',#6710,#6711,#6712,.F.);
#5539=EDGE_CURVE('',#6711,#6713,#6714,.T.);
#5540=EDGE_CURVE('',#6715,#6713,#6716,.T.);
#5541=EDGE_CURVE('',#6715,#6717,#6718,.T.);
#5542=EDGE_CURVE('',#6717,#6690,#6719,.T.);
#5543=EDGE_CURVE('',#6720,#6687,#6721,.T.);
#5544=EDGE_CURVE('',#6720,#6710,#6722,.T.);
#5545=FILL_AREA_STYLE('',(#6723));
#5546=EDGE_CURVE('',#6724,#6725,#6726,.T.);
#5547=EDGE_CURVE('',#6727,#6724,#6728,.T.);
#5548=EDGE_CURVE('',#6727,#6729,#6730,.T.);
#5549=EDGE_CURVE('',#6729,#6725,#6731,.T.);
#5550=FILL_AREA_STYLE('',(#6732));
#5551=EDGE_CURVE('',#6733,#6734,#6735,.T.);
#5552=EDGE_CURVE('',#6733,#6736,#6737,.T.);
#5553=EDGE_CURVE('',#6736,#6738,#6739,.F.);
#5554=EDGE_CURVE('',#6738,#6740,#6741,.T.);
#5555=EDGE_CURVE('',#6725,#6740,#6742,.T.);
#5556=EDGE_CURVE('',#6729,#6743,#6744,.T.);
#5557=EDGE_CURVE('',#6743,#6734,#6745,.F.);
#5558=FILL_AREA_STYLE('',(#6746));
#5559=EDGE_CURVE('',#6747,#6748,#6749,.F.);
#5560=EDGE_CURVE('',#6748,#6750,#6751,.T.);
#5561=EDGE_CURVE('',#6752,#6750,#6753,.T.);
#5562=EDGE_CURVE('',#6752,#6754,#6755,.T.);
#5563=EDGE_CURVE('',#6754,#6727,#6756,.T.);
#5564=EDGE_CURVE('',#6757,#6724,#6758,.T.);
#5565=EDGE_CURVE('',#6757,#6747,#6759,.T.);
#5566=FILL_AREA_STYLE('',(#6760));
#5567=EDGE_CURVE('',#6761,#6762,#6763,.T.);
#5568=EDGE_CURVE('',#6764,#6761,#6765,.T.);
#5569=EDGE_CURVE('',#6764,#6766,#6767,.T.);
#5570=EDGE_CURVE('',#6766,#6762,#6768,.T.);
#5571=FILL_AREA_STYLE('',(#6769));
#5572=EDGE_CURVE('',#6770,#6771,#6772,.T.);
#5573=EDGE_CURVE('',#6770,#6773,#6774,.T.);
#5574=EDGE_CURVE('',#6773,#6775,#6776,.F.);
#5575=EDGE_CURVE('',#6775,#6777,#6778,.T.);
#5576=EDGE_CURVE('',#6762,#6777,#6779,.T.);
#5577=EDGE_CURVE('',#6766,#6780,#6781,.T.);
#5578=EDGE_CURVE('',#6780,#6771,#6782,.F.);
#5579=FILL_AREA_STYLE('',(#6783));
#5580=EDGE_CURVE('',#6784,#6785,#6786,.F.);
#5581=EDGE_CURVE('',#6785,#6787,#6788,.T.);
#5582=EDGE_CURVE('',#6789,#6787,#6790,.T.);
#5583=EDGE_CURVE('',#6789,#6791,#6792,.T.);
#5584=EDGE_CURVE('',#6791,#6764,#6793,.T.);
#5585=EDGE_CURVE('',#6794,#6761,#6795,.T.);
#5586=EDGE_CURVE('',#6794,#6784,#6796,.T.);
#5587=FILL_AREA_STYLE('',(#6797));
#5588=EDGE_CURVE('',#6798,#6799,#6800,.T.);
#5589=EDGE_CURVE('',#6801,#6798,#6802,.T.);
#5590=EDGE_CURVE('',#6801,#6803,#6804,.T.);
#5591=EDGE_CURVE('',#6803,#6799,#6805,.T.);
#5592=FILL_AREA_STYLE('',(#6806));
#5593=EDGE_CURVE('',#6807,#6808,#6809,.T.);
#5594=EDGE_CURVE('',#6807,#6810,#6811,.T.);
#5595=EDGE_CURVE('',#6810,#6812,#6813,.F.);
#5596=EDGE_CURVE('',#6812,#6814,#6815,.T.);
#5597=EDGE_CURVE('',#6799,#6814,#6816,.T.);
#5598=EDGE_CURVE('',#6803,#6817,#6818,.T.);
#5599=EDGE_CURVE('',#6817,#6808,#6819,.F.);
#5600=FILL_AREA_STYLE('',(#6820));
#5601=EDGE_CURVE('',#6821,#6822,#6823,.F.);
#5602=EDGE_CURVE('',#6822,#6824,#6825,.T.);
#5603=EDGE_CURVE('',#6826,#6824,#6827,.T.);
#5604=EDGE_CURVE('',#6826,#6828,#6829,.T.);
#5605=EDGE_CURVE('',#6828,#6801,#6830,.T.);
#5606=EDGE_CURVE('',#6831,#6798,#6832,.T.);
#5607=EDGE_CURVE('',#6831,#6821,#6833,.T.);
#5608=FILL_AREA_STYLE('',(#6834));
#5609=EDGE_CURVE('',#6835,#6836,#6837,.T.);
#5610=EDGE_CURVE('',#6838,#6835,#6839,.T.);
#5611=EDGE_CURVE('',#6838,#6840,#6841,.T.);
#5612=EDGE_CURVE('',#6840,#6836,#6842,.T.);
#5613=FILL_AREA_STYLE('',(#6843));
#5614=EDGE_CURVE('',#6844,#6845,#6846,.T.);
#5615=EDGE_CURVE('',#6844,#6847,#6848,.T.);
#5616=EDGE_CURVE('',#6847,#6849,#6850,.F.);
#5617=EDGE_CURVE('',#6849,#6851,#6852,.T.);
#5618=EDGE_CURVE('',#6836,#6851,#6853,.T.);
#5619=EDGE_CURVE('',#6840,#6854,#6855,.T.);
#5620=EDGE_CURVE('',#6854,#6845,#6856,.F.);
#5621=FILL_AREA_STYLE('',(#6857));
#5622=EDGE_CURVE('',#6858,#6859,#6860,.F.);
#5623=EDGE_CURVE('',#6859,#6861,#6862,.T.);
#5624=EDGE_CURVE('',#6863,#6861,#6864,.T.);
#5625=EDGE_CURVE('',#6863,#6865,#6866,.T.);
#5626=EDGE_CURVE('',#6865,#6838,#6867,.T.);
#5627=EDGE_CURVE('',#6868,#6835,#6869,.T.);
#5628=EDGE_CURVE('',#6868,#6858,#6870,.T.);
#5629=FILL_AREA_STYLE('',(#6871));
#5630=EDGE_CURVE('',#6872,#6873,#6874,.T.);
#5631=EDGE_CURVE('',#6875,#6872,#6876,.T.);
#5632=EDGE_CURVE('',#6875,#6877,#6878,.T.);
#5633=EDGE_CURVE('',#6877,#6873,#6879,.T.);
#5634=FILL_AREA_STYLE('',(#6880));
#5635=EDGE_CURVE('',#6881,#6882,#6883,.T.);
#5636=EDGE_CURVE('',#6881,#6884,#6885,.T.);
#5637=EDGE_CURVE('',#6884,#6886,#6887,.F.);
#5638=EDGE_CURVE('',#6886,#6888,#6889,.T.);
#5639=EDGE_CURVE('',#6873,#6888,#6890,.T.);
#5640=EDGE_CURVE('',#6877,#6891,#6892,.T.);
#5641=EDGE_CURVE('',#6891,#6882,#6893,.F.);
#5642=FILL_AREA_STYLE('',(#6894));
#5643=EDGE_CURVE('',#6895,#6896,#6897,.F.);
#5644=EDGE_CURVE('',#6896,#6898,#6899,.T.);
#5645=EDGE_CURVE('',#6900,#6898,#6901,.T.);
#5646=EDGE_CURVE('',#6900,#6902,#6903,.T.);
#5647=EDGE_CURVE('',#6902,#6875,#6904,.T.);
#5648=EDGE_CURVE('',#6905,#6872,#6906,.T.);
#5649=EDGE_CURVE('',#6905,#6895,#6907,.T.);
#5650=FILL_AREA_STYLE('',(#6908));
#5651=EDGE_CURVE('',#6476,#6909,#6910,.T.);
#5652=EDGE_CURVE('',#6911,#6477,#6912,.T.);
#5653=EDGE_CURVE('',#6911,#6913,#6914,.T.);
#5654=EDGE_CURVE('',#6913,#6915,#6916,.T.);
#5655=EDGE_CURVE('',#6909,#6915,#6917,.T.);
#5656=FILL_AREA_STYLE('',(#6918));
#5657=EDGE_CURVE('',#6919,#6920,#6921,.T.);
#5658=EDGE_CURVE('',#6919,#6922,#6923,.T.);
#5659=EDGE_CURVE('',#6922,#6924,#6925,.F.);
#5660=EDGE_CURVE('',#6924,#6926,#6927,.T.);
#5661=EDGE_CURVE('',#6915,#6926,#6928,.T.);
#5662=EDGE_CURVE('',#6913,#6929,#6930,.T.);
#5663=EDGE_CURVE('',#6929,#6920,#6931,.F.);
#5664=FILL_AREA_STYLE('',(#6932));
#5665=EDGE_CURVE('',#6933,#6909,#6934,.T.);
#5666=EDGE_CURVE('',#6933,#6935,#6936,.T.);
#5667=EDGE_CURVE('',#6935,#6937,#6938,.F.);
#5668=EDGE_CURVE('',#6937,#6939,#6940,.T.);
#5669=EDGE_CURVE('',#6941,#6939,#6942,.T.);
#5670=EDGE_CURVE('',#6941,#6943,#6944,.T.);
#5671=EDGE_CURVE('',#6943,#6911,#6945,.T.);
#5672=FILL_AREA_STYLE('',(#6946));
#5673=EDGE_CURVE('',#6947,#6562,#6948,.T.);
#5674=EDGE_CURVE('',#6947,#6949,#6950,.T.);
#5675=EDGE_CURVE('',#6949,#6563,#6951,.T.);
#5676=FILL_AREA_STYLE('',(#6952));
#5677=EDGE_CURVE('',#6949,#6953,#6954,.T.);
#5678=EDGE_CURVE('',#6565,#6953,#6955,.T.);
#5679=FILL_AREA_STYLE('',(#6956));
#5680=EDGE_CURVE('',#6957,#6947,#6958,.T.);
#5681=EDGE_CURVE('',#6957,#6572,#6959,.T.);
#5682=FILL_AREA_STYLE('',(#6960));
#5683=EDGE_CURVE('',#6961,#6962,#6963,.T.);
#5684=EDGE_CURVE('',#6962,#6964,#6965,.T.);
#5685=EDGE_CURVE('',#6964,#6966,#6967,.T.);
#5686=EDGE_CURVE('',#6961,#6966,#6968,.T.);
#5687=FILL_AREA_STYLE('',(#6969));
#5688=EDGE_CURVE('',#6957,#6953,#6970,.T.);
#5689=FILL_AREA_STYLE('',(#6971));
#5690=EDGE_CURVE('',#6972,#6599,#6973,.T.);
#5691=EDGE_CURVE('',#6972,#6974,#6975,.T.);
#5692=EDGE_CURVE('',#6974,#6600,#6976,.T.);
#5693=FILL_AREA_STYLE('',(#6977));
#5694=EDGE_CURVE('',#6974,#6978,#6979,.T.);
#5695=EDGE_CURVE('',#6602,#6978,#6980,.T.);
#5696=FILL_AREA_STYLE('',(#6981));
#5697=EDGE_CURVE('',#6982,#6972,#6983,.T.);
#5698=EDGE_CURVE('',#6982,#6609,#6984,.T.);
#5699=FILL_AREA_STYLE('',(#6985));
#5700=EDGE_CURVE('',#6986,#6987,#6988,.T.);
#5701=EDGE_CURVE('',#6987,#6989,#6990,.T.);
#5702=EDGE_CURVE('',#6989,#6991,#6992,.T.);
#5703=EDGE_CURVE('',#6986,#6991,#6993,.T.);
#5704=FILL_AREA_STYLE('',(#6994));
#5705=EDGE_CURVE('',#6982,#6978,#6995,.T.);
#5706=FILL_AREA_STYLE('',(#6996));
#5707=EDGE_CURVE('',#6997,#6636,#6998,.T.);
#5708=EDGE_CURVE('',#6997,#6999,#7000,.T.);
#5709=EDGE_CURVE('',#6999,#6637,#7001,.T.);
#5710=FILL_AREA_STYLE('',(#7002));
#5711=EDGE_CURVE('',#6999,#7003,#7004,.T.);
#5712=EDGE_CURVE('',#6639,#7003,#7005,.T.);
#5713=FILL_AREA_STYLE('',(#7006));
#5714=EDGE_CURVE('',#7007,#6997,#7008,.T.);
#5715=EDGE_CURVE('',#7007,#6646,#7009,.T.);
#5716=FILL_AREA_STYLE('',(#7010));
#5717=EDGE_CURVE('',#7011,#7012,#7013,.T.);
#5718=EDGE_CURVE('',#7012,#7014,#7015,.T.);
#5719=EDGE_CURVE('',#7014,#7016,#7017,.T.);
#5720=EDGE_CURVE('',#7011,#7016,#7018,.T.);
#5721=FILL_AREA_STYLE('',(#7019));
#5722=EDGE_CURVE('',#7007,#7003,#7020,.T.);
#5723=FILL_AREA_STYLE('',(#7021));
#5724=EDGE_CURVE('',#7022,#6673,#7023,.T.);
#5725=EDGE_CURVE('',#7022,#7024,#7025,.T.);
#5726=EDGE_CURVE('',#7024,#6674,#7026,.T.);
#5727=FILL_AREA_STYLE('',(#7027));
#5728=EDGE_CURVE('',#7024,#7028,#7029,.T.);
#5729=EDGE_CURVE('',#6676,#7028,#7030,.T.);
#5730=FILL_AREA_STYLE('',(#7031));
#5731=EDGE_CURVE('',#7032,#7022,#7033,.T.);
#5732=EDGE_CURVE('',#7032,#6683,#7034,.T.);
#5733=FILL_AREA_STYLE('',(#7035));
#5734=EDGE_CURVE('',#7036,#7037,#7038,.T.);
#5735=EDGE_CURVE('',#7037,#7039,#7040,.T.);
#5736=EDGE_CURVE('',#7039,#7041,#7042,.T.);
#5737=EDGE_CURVE('',#7036,#7041,#7043,.T.);
#5738=FILL_AREA_STYLE('',(#7044));
#5739=EDGE_CURVE('',#7032,#7028,#7045,.T.);
#5740=FILL_AREA_STYLE('',(#7046));
#5741=EDGE_CURVE('',#7047,#6710,#7048,.T.);
#5742=EDGE_CURVE('',#7047,#7049,#7050,.T.);
#5743=EDGE_CURVE('',#7049,#6711,#7051,.T.);
#5744=FILL_AREA_STYLE('',(#7052));
#5745=EDGE_CURVE('',#7049,#7053,#7054,.T.);
#5746=EDGE_CURVE('',#6713,#7053,#7055,.T.);
#5747=FILL_AREA_STYLE('',(#7056));
#5748=EDGE_CURVE('',#7057,#7047,#7058,.T.);
#5749=EDGE_CURVE('',#7057,#6720,#7059,.T.);
#5750=FILL_AREA_STYLE('',(#7060));
#5751=EDGE_CURVE('',#7061,#7062,#7063,.T.);
#5752=EDGE_CURVE('',#7062,#7064,#7065,.T.);
#5753=EDGE_CURVE('',#7064,#7066,#7067,.T.);
#5754=EDGE_CURVE('',#7061,#7066,#7068,.T.);
#5755=FILL_AREA_STYLE('',(#7069));
#5756=EDGE_CURVE('',#7057,#7053,#7070,.T.);
#5757=FILL_AREA_STYLE('',(#7071));
#5758=EDGE_CURVE('',#7072,#6747,#7073,.T.);
#5759=EDGE_CURVE('',#7072,#7074,#7075,.T.);
#5760=EDGE_CURVE('',#7074,#6748,#7076,.T.);
#5761=FILL_AREA_STYLE('',(#7077));
#5762=EDGE_CURVE('',#7074,#7078,#7079,.T.);
#5763=EDGE_CURVE('',#6750,#7078,#7080,.T.);
#5764=FILL_AREA_STYLE('',(#7081));
#5765=EDGE_CURVE('',#7082,#7072,#7083,.T.);
#5766=EDGE_CURVE('',#7082,#6757,#7084,.T.);
#5767=FILL_AREA_STYLE('',(#7085));
#5768=EDGE_CURVE('',#7086,#7087,#7088,.T.);
#5769=EDGE_CURVE('',#7087,#7089,#7090,.T.);
#5770=EDGE_CURVE('',#7089,#7091,#7092,.T.);
#5771=EDGE_CURVE('',#7086,#7091,#7093,.T.);
#5772=FILL_AREA_STYLE('',(#7094));
#5773=EDGE_CURVE('',#7082,#7078,#7095,.T.);
#5774=FILL_AREA_STYLE('',(#7096));
#5775=EDGE_CURVE('',#7097,#6784,#7098,.T.);
#5776=EDGE_CURVE('',#7097,#7099,#7100,.T.);
#5777=EDGE_CURVE('',#7099,#6785,#7101,.T.);
#5778=FILL_AREA_STYLE('',(#7102));
#5779=EDGE_CURVE('',#7099,#7103,#7104,.T.);
#5780=EDGE_CURVE('',#6787,#7103,#7105,.T.);
#5781=FILL_AREA_STYLE('',(#7106));
#5782=EDGE_CURVE('',#7107,#7097,#7108,.T.);
#5783=EDGE_CURVE('',#7107,#6794,#7109,.T.);
#5784=FILL_AREA_STYLE('',(#7110));
#5785=EDGE_CURVE('',#7111,#7112,#7113,.T.);
#5786=EDGE_CURVE('',#7112,#7114,#7115,.T.);
#5787=EDGE_CURVE('',#7114,#7116,#7117,.T.);
#5788=EDGE_CURVE('',#7111,#7116,#7118,.T.);
#5789=FILL_AREA_STYLE('',(#7119));
#5790=EDGE_CURVE('',#7107,#7103,#7120,.T.);
#5791=FILL_AREA_STYLE('',(#7121));
#5792=EDGE_CURVE('',#7122,#6821,#7123,.T.);
#5793=EDGE_CURVE('',#7122,#7124,#7125,.T.);
#5794=EDGE_CURVE('',#7124,#6822,#7126,.T.);
#5795=FILL_AREA_STYLE('',(#7127));
#5796=EDGE_CURVE('',#7124,#7128,#7129,.T.);
#5797=EDGE_CURVE('',#6824,#7128,#7130,.T.);
#5798=FILL_AREA_STYLE('',(#7131));
#5799=EDGE_CURVE('',#7132,#7122,#7133,.T.);
#5800=EDGE_CURVE('',#7132,#6831,#7134,.T.);
#5801=FILL_AREA_STYLE('',(#7135));
#5802=EDGE_CURVE('',#7136,#7137,#7138,.T.);
#5803=EDGE_CURVE('',#7137,#7139,#7140,.T.);
#5804=EDGE_CURVE('',#7139,#7141,#7142,.T.);
#5805=EDGE_CURVE('',#7136,#7141,#7143,.T.);
#5806=FILL_AREA_STYLE('',(#7144));
#5807=EDGE_CURVE('',#7132,#7128,#7145,.T.);
#5808=FILL_AREA_STYLE('',(#7146));
#5809=EDGE_CURVE('',#7147,#6858,#7148,.T.);
#5810=EDGE_CURVE('',#7147,#7149,#7150,.T.);
#5811=EDGE_CURVE('',#7149,#6859,#7151,.T.);
#5812=FILL_AREA_STYLE('',(#7152));
#5813=EDGE_CURVE('',#7149,#7153,#7154,.T.);
#5814=EDGE_CURVE('',#6861,#7153,#7155,.T.);
#5815=FILL_AREA_STYLE('',(#7156));
#5816=EDGE_CURVE('',#7157,#7147,#7158,.T.);
#5817=EDGE_CURVE('',#7157,#6868,#7159,.T.);
#5818=FILL_AREA_STYLE('',(#7160));
#5819=EDGE_CURVE('',#7161,#7162,#7163,.T.);
#5820=EDGE_CURVE('',#7162,#7164,#7165,.T.);
#5821=EDGE_CURVE('',#7164,#7166,#7167,.T.);
#5822=EDGE_CURVE('',#7161,#7166,#7168,.T.);
#5823=FILL_AREA_STYLE('',(#7169));
#5824=EDGE_CURVE('',#7157,#7153,#7170,.T.);
#5825=FILL_AREA_STYLE('',(#7171));
#5826=EDGE_CURVE('',#7172,#6895,#7173,.T.);
#5827=EDGE_CURVE('',#7172,#7174,#7175,.T.);
#5828=EDGE_CURVE('',#7174,#6896,#7176,.T.);
#5829=FILL_AREA_STYLE('',(#7177));
#5830=EDGE_CURVE('',#7174,#7178,#7179,.T.);
#5831=EDGE_CURVE('',#6898,#7178,#7180,.T.);
#5832=FILL_AREA_STYLE('',(#7181));
#5833=EDGE_CURVE('',#7182,#7172,#7183,.T.);
#5834=EDGE_CURVE('',#7182,#6905,#7184,.T.);
#5835=FILL_AREA_STYLE('',(#7185));
#5836=EDGE_CURVE('',#7186,#7187,#7188,.T.);
#5837=EDGE_CURVE('',#7187,#7189,#7190,.T.);
#5838=EDGE_CURVE('',#7189,#7191,#7192,.T.);
#5839=EDGE_CURVE('',#7186,#7191,#7193,.T.);
#5840=FILL_AREA_STYLE('',(#7194));
#5841=EDGE_CURVE('',#7182,#7178,#7195,.T.);
#5842=FILL_AREA_STYLE('',(#7196));
#5843=EDGE_CURVE('',#6481,#6935,#7197,.T.);
#5844=EDGE_CURVE('',#6485,#6937,#7198,.T.);
#5845=FILL_AREA_STYLE('',(#7199));
#5846=EDGE_CURVE('',#6483,#7200,#7201,.T.);
#5847=EDGE_CURVE('',#6939,#7200,#7202,.T.);
#5848=FILL_AREA_STYLE('',(#7203));
#5849=EDGE_CURVE('',#7204,#6480,#7205,.T.);
#5850=EDGE_CURVE('',#7204,#6933,#7206,.T.);
#5851=FILL_AREA_STYLE('',(#7207));
#5852=EDGE_CURVE('',#7208,#7209,#7210,.T.);
#5853=EDGE_CURVE('',#7209,#7211,#7212,.T.);
#5854=EDGE_CURVE('',#7211,#7213,#7214,.T.);
#5855=EDGE_CURVE('',#7208,#7213,#7215,.T.);
#5856=FILL_AREA_STYLE('',(#7216));
#5857=EDGE_CURVE('',#7204,#7200,#7217,.T.);
#5858=FILL_AREA_STYLE('',(#7218));
#5859=EDGE_CURVE('',#7219,#6525,#7220,.T.);
#5860=EDGE_CURVE('',#7219,#7221,#7222,.T.);
#5861=EDGE_CURVE('',#7221,#6526,#7223,.T.);
#5862=FILL_AREA_STYLE('',(#7224));
#5863=EDGE_CURVE('',#7221,#7225,#7226,.T.);
#5864=EDGE_CURVE('',#6528,#7225,#7227,.T.);
#5865=FILL_AREA_STYLE('',(#7228));
#5866=EDGE_CURVE('',#7229,#7219,#7230,.T.);
#5867=EDGE_CURVE('',#7229,#6535,#7231,.T.);
#5868=FILL_AREA_STYLE('',(#7232));
#5869=EDGE_CURVE('',#7233,#6491,#7234,.T.);
#5870=EDGE_CURVE('',#6488,#7235,#7236,.T.);
#5871=EDGE_CURVE('',#7233,#7235,#7237,.T.);
#5872=FILL_AREA_STYLE('',(#7238));
#5873=EDGE_CURVE('',#6519,#6493,#7239,.T.);
#5874=EDGE_CURVE('',#6521,#7233,#7240,.T.);
#5875=FILL_AREA_STYLE('',(#7241));
#5876=EDGE_CURVE('',#6513,#6941,#7242,.T.);
#5877=EDGE_CURVE('',#6511,#6943,#7243,.T.);
#5878=FILL_AREA_STYLE('',(#7244));
#5879=EDGE_CURVE('',#6929,#6902,#7245,.T.);
#5880=EDGE_CURVE('',#6920,#6900,#7246,.T.);
#5881=FILL_AREA_STYLE('',(#7247));
#5882=EDGE_CURVE('',#6558,#6532,#7248,.T.);
#5883=EDGE_CURVE('',#6549,#6530,#7249,.T.);
#5884=FILL_AREA_STYLE('',(#7250));
#5885=EDGE_CURVE('',#6595,#6569,#7251,.T.);
#5886=EDGE_CURVE('',#6586,#6567,#7252,.T.);
#5887=FILL_AREA_STYLE('',(#7253));
#5888=EDGE_CURVE('',#6632,#6606,#7254,.T.);
#5889=EDGE_CURVE('',#6623,#6604,#7255,.T.);
#5890=FILL_AREA_STYLE('',(#7256));
#5891=FILL_AREA_STYLE('',(#7257));
#5892=EDGE_CURVE('',#7258,#7258,#7259,.F.);
#5893=EDGE_CURVE('',#7260,#7260,#7261,.F.);
#5894=FILL_AREA_STYLE('',(#7262));
#5895=FILL_AREA_STYLE('',(#7263));
#5896=EDGE_CURVE('',#6464,#7264,#7265,.T.);
#5897=EDGE_CURVE('',#7266,#6468,#7267,.T.);
#5898=EDGE_CURVE('',#7264,#7266,#7268,.T.);
#5899=EDGE_CURVE('',#7229,#7225,#7269,.T.);
#5900=EDGE_CURVE('',#7235,#6515,#7270,.T.);
#5901=EDGE_CURVE('',#6926,#7208,#7271,.T.);
#5902=EDGE_CURVE('',#7213,#6919,#7272,.T.);
#5903=EDGE_CURVE('',#6888,#7186,#7273,.T.);
#5904=EDGE_CURVE('',#7191,#6881,#7274,.T.);
#5905=EDGE_CURVE('',#6882,#6863,#7275,.T.);
#5906=EDGE_CURVE('',#6851,#7161,#7276,.T.);
#5907=EDGE_CURVE('',#7166,#6844,#7277,.T.);
#5908=EDGE_CURVE('',#6845,#6826,#7278,.T.);
#5909=EDGE_CURVE('',#6814,#7136,#7279,.T.);
#5910=EDGE_CURVE('',#7141,#6807,#7280,.T.);
#5911=EDGE_CURVE('',#6808,#6789,#7281,.T.);
#5912=EDGE_CURVE('',#6777,#7111,#7282,.T.);
#5913=EDGE_CURVE('',#7116,#6770,#7283,.T.);
#5914=EDGE_CURVE('',#6771,#6752,#7284,.T.);
#5915=EDGE_CURVE('',#6740,#7086,#7285,.T.);
#5916=EDGE_CURVE('',#7091,#6733,#7286,.T.);
#5917=EDGE_CURVE('',#6734,#6715,#7287,.T.);
#5918=EDGE_CURVE('',#6703,#7061,#7288,.T.);
#5919=EDGE_CURVE('',#7066,#6696,#7289,.T.);
#5920=EDGE_CURVE('',#6697,#6678,#7290,.T.);
#5921=EDGE_CURVE('',#6666,#7036,#7291,.T.);
#5922=EDGE_CURVE('',#7041,#6659,#7292,.T.);
#5923=EDGE_CURVE('',#6660,#6641,#7293,.T.);
#5924=EDGE_CURVE('',#6629,#7011,#7294,.T.);
#5925=EDGE_CURVE('',#7016,#6622,#7295,.T.);
#5926=EDGE_CURVE('',#6592,#6986,#7296,.T.);
#5927=EDGE_CURVE('',#6991,#6585,#7297,.T.);
#5928=EDGE_CURVE('',#6555,#6961,#7298,.T.);
#5929=EDGE_CURVE('',#6966,#6548,#7299,.T.);
#5930=FILL_AREA_STYLE('',(#7300));
#5931=EDGE_CURVE('',#6588,#6989,#7301,.T.);
#5932=EDGE_CURVE('',#6590,#6987,#7302,.T.);
#5933=FILL_AREA_STYLE('',(#7303));
#5934=FILL_AREA_STYLE('',(#7304));
#5935=FILL_AREA_STYLE('',(#7305));
#5936=EDGE_CURVE('',#6625,#7014,#7306,.T.);
#5937=EDGE_CURVE('',#6627,#7012,#7307,.T.);
#5938=FILL_AREA_STYLE('',(#7308));
#5939=FILL_AREA_STYLE('',(#7309));
#5940=FILL_AREA_STYLE('',(#7310));
#5941=EDGE_CURVE('',#6662,#7039,#7311,.T.);
#5942=EDGE_CURVE('',#6664,#7037,#7312,.T.);
#5943=FILL_AREA_STYLE('',(#7313));
#5944=FILL_AREA_STYLE('',(#7314));
#5945=FILL_AREA_STYLE('',(#7315));
#5946=EDGE_CURVE('',#6699,#7064,#7316,.T.);
#5947=EDGE_CURVE('',#6701,#7062,#7317,.T.);
#5948=FILL_AREA_STYLE('',(#7318));
#5949=FILL_AREA_STYLE('',(#7319));
#5950=FILL_AREA_STYLE('',(#7320));
#5951=EDGE_CURVE('',#6736,#7089,#7321,.T.);
#5952=EDGE_CURVE('',#6738,#7087,#7322,.T.);
#5953=FILL_AREA_STYLE('',(#7323));
#5954=FILL_AREA_STYLE('',(#7324));
#5955=FILL_AREA_STYLE('',(#7325));
#5956=EDGE_CURVE('',#6773,#7114,#7326,.T.);
#5957=EDGE_CURVE('',#6775,#7112,#7327,.T.);
#5958=FILL_AREA_STYLE('',(#7328));
#5959=FILL_AREA_STYLE('',(#7329));
#5960=FILL_AREA_STYLE('',(#7330));
#5961=EDGE_CURVE('',#6810,#7139,#7331,.T.);
#5962=EDGE_CURVE('',#6812,#7137,#7332,.T.);
#5963=FILL_AREA_STYLE('',(#7333));
#5964=FILL_AREA_STYLE('',(#7334));
#5965=FILL_AREA_STYLE('',(#7335));
#5966=EDGE_CURVE('',#6847,#7164,#7336,.T.);
#5967=EDGE_CURVE('',#6849,#7162,#7337,.T.);
#5968=FILL_AREA_STYLE('',(#7338));
#5969=FILL_AREA_STYLE('',(#7339));
#5970=FILL_AREA_STYLE('',(#7340));
#5971=EDGE_CURVE('',#6884,#7189,#7341,.T.);
#5972=EDGE_CURVE('',#6886,#7187,#7342,.T.);
#5973=FILL_AREA_STYLE('',(#7343));
#5974=FILL_AREA_STYLE('',(#7344));
#5975=FILL_AREA_STYLE('',(#7345));
#5976=EDGE_CURVE('',#6922,#7211,#7346,.T.);
#5977=EDGE_CURVE('',#6924,#7209,#7347,.T.);
#5978=FILL_AREA_STYLE('',(#7348));
#5979=FILL_AREA_STYLE('',(#7349));
#5980=FILL_AREA_STYLE('',(#7350));
#5981=EDGE_CURVE('',#6517,#6489,#7351,.T.);
#5982=FILL_AREA_STYLE('',(#7352));
#5983=FILL_AREA_STYLE('',(#7353));
#5984=EDGE_CURVE('',#6669,#6643,#7354,.T.);
#5985=FILL_AREA_STYLE('',(#7355));
#5986=EDGE_CURVE('',#6706,#6680,#7356,.T.);
#5987=FILL_AREA_STYLE('',(#7357));
#5988=EDGE_CURVE('',#6743,#6717,#7358,.T.);
#5989=FILL_AREA_STYLE('',(#7359));
#5990=EDGE_CURVE('',#6780,#6754,#7360,.T.);
#5991=FILL_AREA_STYLE('',(#7361));
#5992=EDGE_CURVE('',#6817,#6791,#7362,.T.);
#5993=FILL_AREA_STYLE('',(#7363));
#5994=EDGE_CURVE('',#6854,#6828,#7364,.T.);
#5995=FILL_AREA_STYLE('',(#7365));
#5996=EDGE_CURVE('',#6891,#6865,#7366,.T.);
#5997=FILL_AREA_STYLE('',(#7367));
#5998=FILL_AREA_STYLE('',(#7368));
#5999=EDGE_CURVE('',#7264,#6269,#7369,.T.);
#6000=EDGE_CURVE('',#7370,#7266,#7371,.T.);
#6001=EDGE_CURVE('',#7372,#7370,#7373,.T.);
#6002=EDGE_CURVE('',#6264,#7372,#7374,.T.);
#6003=FILL_AREA_STYLE('',(#7375));
#6004=EDGE_CURVE('',#6458,#7372,#7376,.T.);
#6005=EDGE_CURVE('',#7370,#6466,#7377,.T.);
#6006=FILL_AREA_STYLE('',(#7378));
#6007=FILL_AREA_STYLE('',(#7379));
#6008=FILL_AREA_STYLE('',(#7380));
#6009=EDGE_CURVE('',#6551,#6964,#7381,.T.);
#6010=EDGE_CURVE('',#6553,#6962,#7382,.T.);
#6011=FILL_AREA_STYLE('',(#7383));
#6012=FILL_AREA_STYLE('',(#7384));
#6013=FILL_AREA_STYLE('',(#7385));
#6014=FILL_AREA_STYLE('',(#7386));
#6015=EDGE_CURVE('',#7387,#7388,#7389,.T.);
#6016=EDGE_CURVE('',#7387,#7390,#7391,.T.);
#6017=EDGE_CURVE('',#7390,#7392,#7393,.T.);
#6018=EDGE_CURVE('',#7388,#7392,#7394,.F.);
#6019=FILL_AREA_STYLE('',(#7395));
#6020=EDGE_CURVE('',#7396,#7397,#7398,.T.);
#6021=EDGE_CURVE('',#7397,#7387,#7399,.T.);
#6022=EDGE_CURVE('',#7396,#7388,#7400,.T.);
#6023=FILL_AREA_STYLE('',(#7401));
#6024=EDGE_CURVE('',#7402,#7403,#7404,.F.);
#6025=EDGE_CURVE('',#7392,#7403,#7405,.T.);
#6026=EDGE_CURVE('',#7390,#7402,#7406,.T.);
#6027=FILL_AREA_STYLE('',(#7407));
#6028=EDGE_CURVE('',#7408,#7408,#7409,.T.);
#6029=EDGE_CURVE('',#7410,#7410,#7411,.T.);
#6030=FILL_AREA_STYLE('',(#7412));
#6031=EDGE_CURVE('',#7413,#7413,#7414,.T.);
#6032=EDGE_CURVE('',#7415,#7415,#7416,.T.);
#6033=FILL_AREA_STYLE('',(#7417));
#6034=EDGE_CURVE('',#7418,#7418,#7419,.T.);
#6035=EDGE_CURVE('',#7420,#7420,#7421,.T.);
#6036=FILL_AREA_STYLE('',(#7422));
#6037=EDGE_CURVE('',#7423,#7423,#7424,.T.);
#6038=EDGE_CURVE('',#7425,#7425,#7426,.T.);
#6039=FILL_AREA_STYLE('',(#7427));
#6040=EDGE_CURVE('',#7428,#7429,#7430,.F.);
#6041=EDGE_CURVE('',#7428,#7397,#7431,.T.);
#6042=EDGE_CURVE('',#7429,#7396,#7432,.T.);
#6043=FILL_AREA_STYLE('',(#7433));
#6044=EDGE_CURVE('',#7434,#7435,#7436,.F.);
#6045=EDGE_CURVE('',#7434,#7437,#7438,.T.);
#6046=EDGE_CURVE('',#7439,#7437,#7440,.T.);
#6047=EDGE_CURVE('',#7435,#7439,#7441,.T.);
#6048=FILL_AREA_STYLE('',(#7442));
#6049=EDGE_CURVE('',#7443,#7444,#7445,.T.);
#6050=EDGE_CURVE('',#7403,#7443,#7446,.T.);
#6051=EDGE_CURVE('',#7402,#7444,#7447,.T.);
#6052=FILL_AREA_STYLE('',(#7448));
#6053=EDGE_CURVE('',#7449,#7434,#7450,.T.);
#6054=EDGE_CURVE('',#7451,#7449,#7452,.T.);
#6055=EDGE_CURVE('',#7444,#7451,#7453,.T.);
#6056=EDGE_CURVE('',#7454,#7428,#7455,.T.);
#6057=EDGE_CURVE('',#7456,#7454,#7457,.T.);
#6058=EDGE_CURVE('',#7458,#7456,#7459,.T.);
#6059=EDGE_CURVE('',#7460,#7458,#7461,.T.);
#6060=EDGE_CURVE('',#7462,#7460,#7463,.T.);
#6061=EDGE_CURVE('',#7464,#7462,#7465,.T.);
#6062=EDGE_CURVE('',#7466,#7464,#7467,.T.);
#6063=EDGE_CURVE('',#7468,#7466,#7469,.T.);
#6064=EDGE_CURVE('',#7470,#7468,#7471,.T.);
#6065=EDGE_CURVE('',#7472,#7470,#7473,.T.);
#6066=EDGE_CURVE('',#7474,#7472,#7475,.T.);
#6067=EDGE_CURVE('',#7476,#7474,#7477,.T.);
#6068=EDGE_CURVE('',#7478,#7476,#7479,.T.);
#6069=EDGE_CURVE('',#7480,#7478,#7481,.T.);
#6070=EDGE_CURVE('',#7482,#7480,#7483,.T.);
#6071=EDGE_CURVE('',#7484,#7482,#7485,.T.);
#6072=EDGE_CURVE('',#7486,#7484,#7487,.T.);
#6073=EDGE_CURVE('',#7488,#7486,#7489,.T.);
#6074=EDGE_CURVE('',#7490,#7488,#7491,.T.);
#6075=EDGE_CURVE('',#7492,#7490,#7493,.T.);
#6076=EDGE_CURVE('',#7494,#7492,#7495,.T.);
#6077=EDGE_CURVE('',#7496,#7494,#7497,.T.);
#6078=EDGE_CURVE('',#7498,#7496,#7499,.T.);
#6079=EDGE_CURVE('',#7500,#7498,#7501,.T.);
#6080=EDGE_CURVE('',#7502,#7500,#7503,.T.);
#6081=EDGE_CURVE('',#7504,#7502,#7505,.T.);
#6082=EDGE_CURVE('',#7506,#7504,#7507,.T.);
#6083=EDGE_CURVE('',#7508,#7506,#7509,.T.);
#6084=EDGE_CURVE('',#7510,#7508,#7511,.T.);
#6085=EDGE_CURVE('',#7512,#7510,#7513,.T.);
#6086=EDGE_CURVE('',#7514,#7512,#7515,.T.);
#6087=EDGE_CURVE('',#7516,#7514,#7517,.T.);
#6088=EDGE_CURVE('',#7518,#7516,#7519,.T.);
#6089=EDGE_CURVE('',#7520,#7518,#7521,.T.);
#6090=EDGE_CURVE('',#7522,#7520,#7523,.T.);
#6091=EDGE_CURVE('',#7524,#7522,#7525,.T.);
#6092=EDGE_CURVE('',#7526,#7524,#7527,.T.);
#6093=EDGE_CURVE('',#7528,#7526,#7529,.T.);
#6094=EDGE_CURVE('',#7437,#7528,#7530,.T.);
#6095=FILL_AREA_STYLE('',(#7531));
#6096=EDGE_CURVE('',#7524,#7532,#7533,.F.);
#6097=EDGE_CURVE('',#7534,#7522,#7535,.T.);
#6098=EDGE_CURVE('',#7532,#7534,#7536,.T.);
#6099=FILL_AREA_STYLE('',(#7537));
#6100=EDGE_CURVE('',#7516,#7538,#7539,.F.);
#6101=EDGE_CURVE('',#7540,#7514,#7541,.T.);
#6102=EDGE_CURVE('',#7538,#7540,#7542,.T.);
#6103=FILL_AREA_STYLE('',(#7543));
#6104=EDGE_CURVE('',#7544,#7545,#7546,.F.);
#6105=EDGE_CURVE('',#7545,#7435,#7547,.T.);
#6106=EDGE_CURVE('',#7439,#7548,#7549,.T.);
#6107=EDGE_CURVE('',#7548,#7550,#7551,.F.);
#6108=EDGE_CURVE('',#7550,#7532,#7552,.T.);
#6109=EDGE_CURVE('',#7534,#7553,#7554,.T.);
#6110=EDGE_CURVE('',#7553,#7555,#7556,.F.);
#6111=EDGE_CURVE('',#7555,#7538,#7557,.T.);
#6112=EDGE_CURVE('',#7540,#7558,#7559,.T.);
#6113=EDGE_CURVE('',#7558,#7560,#7561,.F.);
#6114=EDGE_CURVE('',#7560,#7562,#7563,.T.);
#6115=EDGE_CURVE('',#7562,#7564,#7565,.T.);
#6116=EDGE_CURVE('',#7564,#7566,#7567,.T.);
#6117=EDGE_CURVE('',#7566,#7568,#7569,.F.);
#6118=EDGE_CURVE('',#7568,#7570,#7571,.T.);
#6119=EDGE_CURVE('',#7570,#7572,#7573,.T.);
#6120=EDGE_CURVE('',#7572,#7574,#7575,.T.);
#6121=EDGE_CURVE('',#7574,#7576,#7577,.F.);
#6122=EDGE_CURVE('',#7576,#7578,#7579,.T.);
#6123=EDGE_CURVE('',#7578,#7580,#7581,.T.);
#6124=EDGE_CURVE('',#7580,#7582,#7583,.T.);
#6125=EDGE_CURVE('',#7582,#7584,#7585,.F.);
#6126=EDGE_CURVE('',#7584,#7586,#7587,.T.);
#6127=EDGE_CURVE('',#7586,#7588,#7589,.T.);
#6128=EDGE_CURVE('',#7588,#7590,#7591,.T.);
#6129=EDGE_CURVE('',#7590,#7592,#7593,.F.);
#6130=EDGE_CURVE('',#7592,#7594,#7595,.T.);
#6131=EDGE_CURVE('',#7594,#7596,#7597,.T.);
#6132=EDGE_CURVE('',#7596,#7598,#7599,.T.);
#6133=EDGE_CURVE('',#7598,#7600,#7601,.F.);
#6134=EDGE_CURVE('',#7600,#7602,#7603,.T.);
#6135=EDGE_CURVE('',#7602,#7604,#7605,.T.);
#6136=EDGE_CURVE('',#7604,#7606,#7607,.T.);
#6137=EDGE_CURVE('',#7606,#7608,#7609,.F.);
#6138=EDGE_CURVE('',#7608,#7610,#7611,.T.);
#6139=EDGE_CURVE('',#7610,#7612,#7613,.T.);
#6140=EDGE_CURVE('',#7612,#7614,#7615,.T.);
#6141=EDGE_CURVE('',#7614,#7616,#7617,.F.);
#6142=EDGE_CURVE('',#7616,#7429,#7618,.T.);
#6143=EDGE_CURVE('',#7443,#7544,#7619,.T.);
#6144=FILL_AREA_STYLE('',(#7620));
#6145=EDGE_CURVE('',#7528,#7548,#7621,.T.);
#6146=EDGE_CURVE('',#7526,#7550,#7622,.T.);
#6147=FILL_AREA_STYLE('',(#7623));
#6148=FILL_AREA_STYLE('',(#7624));
#6149=FILL_AREA_STYLE('',(#7625));
#6150=EDGE_CURVE('',#7520,#7553,#7626,.T.);
#6151=EDGE_CURVE('',#7518,#7555,#7627,.T.);
#6152=FILL_AREA_STYLE('',(#7628));
#6153=FILL_AREA_STYLE('',(#7629));
#6154=FILL_AREA_STYLE('',(#7630));
#6155=EDGE_CURVE('',#7512,#7558,#7631,.T.);
#6156=EDGE_CURVE('',#7510,#7560,#7632,.T.);
#6157=FILL_AREA_STYLE('',(#7633));
#6158=FILL_AREA_STYLE('',(#7634));
#6159=EDGE_CURVE('',#7508,#7562,#7635,.F.);
#6160=FILL_AREA_STYLE('',(#7636));
#6161=EDGE_CURVE('',#7504,#7566,#7637,.T.);
#6162=EDGE_CURVE('',#7502,#7568,#7638,.T.);
#6163=FILL_AREA_STYLE('',(#7639));
#6164=EDGE_CURVE('',#7564,#7506,#7640,.T.);
#6165=FILL_AREA_STYLE('',(#7641));
#6166=EDGE_CURVE('',#7500,#7570,#7642,.F.);
#6167=FILL_AREA_STYLE('',(#7643));
#6168=EDGE_CURVE('',#7496,#7574,#7644,.T.);
#6169=EDGE_CURVE('',#7494,#7576,#7645,.T.);
#6170=FILL_AREA_STYLE('',(#7646));
#6171=EDGE_CURVE('',#7572,#7498,#7647,.T.);
#6172=FILL_AREA_STYLE('',(#7648));
#6173=EDGE_CURVE('',#7492,#7578,#7649,.F.);
#6174=FILL_AREA_STYLE('',(#7650));
#6175=EDGE_CURVE('',#7488,#7582,#7651,.T.);
#6176=EDGE_CURVE('',#7486,#7584,#7652,.T.);
#6177=FILL_AREA_STYLE('',(#7653));
#6178=EDGE_CURVE('',#7580,#7490,#7654,.T.);
#6179=FILL_AREA_STYLE('',(#7655));
#6180=EDGE_CURVE('',#7484,#7586,#7656,.F.);
#6181=FILL_AREA_STYLE('',(#7657));
#6182=EDGE_CURVE('',#7480,#7590,#7658,.T.);
#6183=EDGE_CURVE('',#7478,#7592,#7659,.T.);
#6184=FILL_AREA_STYLE('',(#7660));
#6185=EDGE_CURVE('',#7588,#7482,#7661,.T.);
#6186=FILL_AREA_STYLE('',(#7662));
#6187=EDGE_CURVE('',#7476,#7594,#7663,.F.);
#6188=FILL_AREA_STYLE('',(#7664));
#6189=EDGE_CURVE('',#7472,#7598,#7665,.T.);
#6190=EDGE_CURVE('',#7470,#7600,#7666,.T.);
#6191=FILL_AREA_STYLE('',(#7667));
#6192=EDGE_CURVE('',#7596,#7474,#7668,.T.);
#6193=FILL_AREA_STYLE('',(#7669));
#6194=EDGE_CURVE('',#7468,#7602,#7670,.F.);
#6195=FILL_AREA_STYLE('',(#7671));
#6196=EDGE_CURVE('',#7464,#7606,#7672,.T.);
#6197=EDGE_CURVE('',#7462,#7608,#7673,.T.);
#6198=FILL_AREA_STYLE('',(#7674));
#6199=EDGE_CURVE('',#7604,#7466,#7675,.T.);
#6200=FILL_AREA_STYLE('',(#7676));
#6201=EDGE_CURVE('',#7460,#7610,#7677,.F.);
#6202=FILL_AREA_STYLE('',(#7678));
#6203=EDGE_CURVE('',#7456,#7614,#7679,.T.);
#6204=EDGE_CURVE('',#7454,#7616,#7680,.T.);
#6205=FILL_AREA_STYLE('',(#7681));
#6206=EDGE_CURVE('',#7612,#7458,#7682,.T.);
#6207=FILL_AREA_STYLE('',(#7683));
#6208=FILL_AREA_STYLE('',(#7684));
#6209=FILL_AREA_STYLE('',(#7685));
#6210=FILL_AREA_STYLE('',(#7686));
#6211=FILL_AREA_STYLE('',(#7687));
#6212=FILL_AREA_STYLE('',(#7688));
#6213=FILL_AREA_STYLE('',(#7689));
#6214=FILL_AREA_STYLE('',(#7690));
#6215=FILL_AREA_STYLE('',(#7691));
#6216=EDGE_CURVE('',#7451,#7544,#7692,.T.);
#6217=EDGE_CURVE('',#7449,#7545,#7693,.T.);
#6218=FILL_AREA_STYLE('',(#7694));
#6219=FILL_AREA_STYLE('',(#7695));
#6220=ORIENTED_EDGE('',*,*,#7696,.T.);
#6221=ORIENTED_EDGE('',*,*,#7697,.F.);
#6222=CARTESIAN_POINT('',(0.0,0.0,0.0));
#6223=DIRECTION('',(0.0,-6.12323399573677E-017,-1.0));
#6224=DIRECTION('',(0.0,1.0,-6.12323399573677E-017));
#6225=ORIENTED_EDGE('',*,*,#7698,.F.);
#6226=ORIENTED_EDGE('',*,*,#7696,.F.);
#6227=CARTESIAN_POINT('',(4.6,0.0,0.0));
#6228=DIRECTION('',(0.0,6.12323399573677E-017,1.0));
#6229=DIRECTION('',(0.0,-1.0,6.12323399573677E-017));
#6230=ORIENTED_EDGE('',*,*,#7697,.T.);
#6231=ORIENTED_EDGE('',*,*,#7699,.F.);
#6232=CARTESIAN_POINT('',(3.0,0.0,-0.8));
#6233=DIRECTION('',(0.0,-6.12323399573677E-017,-1.0));
#6234=DIRECTION('',(0.0,1.0,-6.12323399573677E-017));
#6235=ORIENTED_EDGE('',*,*,#7699,.T.);
#6236=ORIENTED_EDGE('',*,*,#7700,.F.);
#6237=CARTESIAN_POINT('',(0.0,0.0,0.0));
#6238=DIRECTION('',(0.0,-6.12323399573677E-017,-1.0));
#6239=DIRECTION('',(0.0,1.0,-6.12323399573677E-017));
#6240=ORIENTED_EDGE('',*,*,#7698,.T.);
#6241=ORIENTED_EDGE('',*,*,#7701,.F.);
#6242=CARTESIAN_POINT('',(0.0,0.0,9.18536080529719E-013));
#6243=DIRECTION('',(0.0,0.0,-1.0));
#6244=DIRECTION('',(-1.0,0.0,0.0));
#6245=ORIENTED_EDGE('',*,*,#7701,.T.);
#6246=ORIENTED_EDGE('',*,*,#7702,.T.);
#6247=CARTESIAN_POINT('',(0.0,0.0,-4.3));
#6248=DIRECTION('',(0.0,-6.12323399573677E-017,-1.0));
#6249=DIRECTION('',(0.0,1.0,-6.12323399573677E-017));
#6250=ORIENTED_EDGE('',*,*,#7703,.T.);
#6251=ORIENTED_EDGE('',*,*,#7702,.F.);
#6252=CARTESIAN_POINT('',(0.0,0.0,0.0));
#6253=DIRECTION('',(0.0,-6.12323399573677E-017,-1.0));
#6254=DIRECTION('',(0.0,1.0,-6.12323399573677E-017));
#6255=ORIENTED_EDGE('',*,*,#7700,.T.);
#6256=ORIENTED_EDGE('',*,*,#7703,.F.);
#6257=CARTESIAN_POINT('',(4.6,0.0,-3.5));
#6258=DIRECTION('',(0.0,6.12323399573677E-017,1.0));
#6259=DIRECTION('',(0.0,-1.0,6.12323399573677E-017));
#6260=CARTESIAN_POINT('',(11.2564011519657,-19.8981742042822,-1.86419670649614));
#6261=DIRECTION('',(0.0,-1.0,6.12323399573677E-017));
#6262=DIRECTION('',(0.0,-6.12323399573677E-017,-1.0));
#6263=FILL_AREA_STYLE_COLOUR('',#7704);
#6264=VERTEX_POINT('',#7705);
#6265=VERTEX_POINT('',#7706);
#6266=LINE('',#7707,#7708);
#6267=VERTEX_POINT('',#7709);
#6268=B_SPLINE_CURVE_WITH_KNOTS('',1,(#7710,#7711),.UNSPECIFIED.,.F.,.F.,(2,2),(0.0617851279789426,1.0),.UNSPECIFIED.);
#6269=VERTEX_POINT('',#7712);
#6270=LINE('',#7713,#7714);
#6271=LINE('',#7715,#7716);
#6272=FILL_AREA_STYLE_COLOUR('',#7717);
#6273=VERTEX_POINT('',#7718);
#6274=CIRCLE('',#7719,1.65);
#6275=VERTEX_POINT('',#7720);
#6276=CIRCLE('',#7721,1.65);
#6277=FILL_AREA_STYLE_COLOUR('',#7722);
#6278=VERTEX_POINT('',#7723);
#6279=VERTEX_POINT('',#7724);
#6280=LINE('',#7725,#7726);
#6281=VERTEX_POINT('',#7727);
#6282=LINE('',#7728,#7729);
#6283=VERTEX_POINT('',#7730);
#6284=LINE('',#7731,#7732);
#6285=VERTEX_POINT('',#7733);
#6286=LINE('',#7734,#7735);
#6287=VERTEX_POINT('',#7736);
#6288=LINE('',#7737,#7738);
#6289=LINE('',#7739,#7740);
#6290=FILL_AREA_STYLE_COLOUR('',#7741);
#6291=VERTEX_POINT('',#7742);
#6292=VERTEX_POINT('',#7743);
#6293=LINE('',#7744,#7745);
#6294=LINE('',#7746,#7747);
#6295=LINE('',#7748,#7749);
#6296=FILL_AREA_STYLE_COLOUR('',#7750);
#6297=VERTEX_POINT('',#7751);
#6298=LINE('',#7752,#7753);
#6299=LINE('',#7754,#7755);
#6300=FILL_AREA_STYLE_COLOUR('',#7756);
#6301=VERTEX_POINT('',#7757);
#6302=LINE('',#7758,#7759);
#6303=LINE('',#7760,#7761);
#6304=FILL_AREA_STYLE_COLOUR('',#7762);
#6305=VERTEX_POINT('',#7763);
#6306=LINE('',#7764,#7765);
#6307=LINE('',#7766,#7767);
#6308=FILL_AREA_STYLE_COLOUR('',#7768);
#6309=VERTEX_POINT('',#7769);
#6310=LINE('',#7770,#7771);
#6311=LINE('',#7772,#7773);
#6312=FILL_AREA_STYLE_COLOUR('',#7774);
#6313=LINE('',#7775,#7776);
#6314=FILL_AREA_STYLE_COLOUR('',#7777);
#6315=VERTEX_POINT('',#7778);
#6316=CIRCLE('',#7779,1.65);
#6317=VERTEX_POINT('',#7780);
#6318=CIRCLE('',#7781,1.65);
#6319=FILL_AREA_STYLE_COLOUR('',#7782);
#6320=VERTEX_POINT('',#7783);
#6321=VERTEX_POINT('',#7784);
#6322=LINE('',#7785,#7786);
#6323=VERTEX_POINT('',#7787);
#6324=LINE('',#7788,#7789);
#6325=VERTEX_POINT('',#7790);
#6326=LINE('',#7791,#7792);
#6327=VERTEX_POINT('',#7793);
#6328=LINE('',#7794,#7795);
#6329=VERTEX_POINT('',#7796);
#6330=LINE('',#7797,#7798);
#6331=LINE('',#7799,#7800);
#6332=FILL_AREA_STYLE_COLOUR('',#7801);
#6333=VERTEX_POINT('',#7802);
#6334=VERTEX_POINT('',#7803);
#6335=LINE('',#7804,#7805);
#6336=LINE('',#7806,#7807);
#6337=LINE('',#7808,#7809);
#6338=FILL_AREA_STYLE_COLOUR('',#7810);
#6339=VERTEX_POINT('',#7811);
#6340=LINE('',#7812,#7813);
#6341=LINE('',#7814,#7815);
#6342=FILL_AREA_STYLE_COLOUR('',#7816);
#6343=VERTEX_POINT('',#7817);
#6344=LINE('',#7818,#7819);
#6345=LINE('',#7820,#7821);
#6346=FILL_AREA_STYLE_COLOUR('',#7822);
#6347=VERTEX_POINT('',#7823);
#6348=LINE('',#7824,#7825);
#6349=LINE('',#7826,#7827);
#6350=FILL_AREA_STYLE_COLOUR('',#7828);
#6351=VERTEX_POINT('',#7829);
#6352=LINE('',#7830,#7831);
#6353=LINE('',#7832,#7833);
#6354=FILL_AREA_STYLE_COLOUR('',#7834);
#6355=LINE('',#7835,#7836);
#6356=FILL_AREA_STYLE_COLOUR('',#7837);
#6357=VERTEX_POINT('',#7838);
#6358=CIRCLE('',#7839,1.65);
#6359=VERTEX_POINT('',#7840);
#6360=CIRCLE('',#7841,1.65);
#6361=FILL_AREA_STYLE_COLOUR('',#7842);
#6362=VERTEX_POINT('',#7843);
#6363=VERTEX_POINT('',#7844);
#6364=LINE('',#7845,#7846);
#6365=VERTEX_POINT('',#7847);
#6366=LINE('',#7848,#7849);
#6367=VERTEX_POINT('',#7850);
#6368=LINE('',#7851,#7852);
#6369=VERTEX_POINT('',#7853);
#6370=LINE('',#7854,#7855);
#6371=VERTEX_POINT('',#7856);
#6372=LINE('',#7857,#7858);
#6373=LINE('',#7859,#7860);
#6374=FILL_AREA_STYLE_COLOUR('',#7861);
#6375=VERTEX_POINT('',#7862);
#6376=VERTEX_POINT('',#7863);
#6377=LINE('',#7864,#7865);
#6378=LINE('',#7866,#7867);
#6379=LINE('',#7868,#7869);
#6380=FILL_AREA_STYLE_COLOUR('',#7870);
#6381=VERTEX_POINT('',#7871);
#6382=LINE('',#7872,#7873);
#6383=LINE('',#7874,#7875);
#6384=FILL_AREA_STYLE_COLOUR('',#7876);
#6385=VERTEX_POINT('',#7877);
#6386=LINE('',#7878,#7879);
#6387=LINE('',#7880,#7881);
#6388=FILL_AREA_STYLE_COLOUR('',#7882);
#6389=VERTEX_POINT('',#7883);
#6390=LINE('',#7884,#7885);
#6391=LINE('',#7886,#7887);
#6392=FILL_AREA_STYLE_COLOUR('',#7888);
#6393=VERTEX_POINT('',#7889);
#6394=LINE('',#7890,#7891);
#6395=LINE('',#7892,#7893);
#6396=FILL_AREA_STYLE_COLOUR('',#7894);
#6397=LINE('',#7895,#7896);
#6398=FILL_AREA_STYLE_COLOUR('',#7897);
#6399=VERTEX_POINT('',#7898);
#6400=CIRCLE('',#7899,1.65);
#6401=VERTEX_POINT('',#7900);
#6402=CIRCLE('',#7901,1.65);
#6403=FILL_AREA_STYLE_COLOUR('',#7902);
#6404=VERTEX_POINT('',#7903);
#6405=VERTEX_POINT('',#7904);
#6406=LINE('',#7905,#7906);
#6407=VERTEX_POINT('',#7907);
#6408=LINE('',#7908,#7909);
#6409=VERTEX_POINT('',#7910);
#6410=LINE('',#7911,#7912);
#6411=VERTEX_POINT('',#7913);
#6412=LINE('',#7914,#7915);
#6413=VERTEX_POINT('',#7916);
#6414=LINE('',#7917,#7918);
#6415=LINE('',#7919,#7920);
#6416=FILL_AREA_STYLE_COLOUR('',#7921);
#6417=VERTEX_POINT('',#7922);
#6418=VERTEX_POINT('',#7923);
#6419=LINE('',#7924,#7925);
#6420=LINE('',#7926,#7927);
#6421=LINE('',#7928,#7929);
#6422=FILL_AREA_STYLE_COLOUR('',#7930);
#6423=VERTEX_POINT('',#7931);
#6424=LINE('',#7932,#7933);
#6425=LINE('',#7934,#7935);
#6426=FILL_AREA_STYLE_COLOUR('',#7936);
#6427=VERTEX_POINT('',#7937);
#6428=LINE('',#7938,#7939);
#6429=LINE('',#7940,#7941);
#6430=FILL_AREA_STYLE_COLOUR('',#7942);
#6431=VERTEX_POINT('',#7943);
#6432=LINE('',#7944,#7945);
#6433=LINE('',#7946,#7947);
#6434=FILL_AREA_STYLE_COLOUR('',#7948);
#6435=VERTEX_POINT('',#7949);
#6436=LINE('',#7950,#7951);
#6437=LINE('',#7952,#7953);
#6438=FILL_AREA_STYLE_COLOUR('',#7954);
#6439=LINE('',#7955,#7956);
#6440=FILL_AREA_STYLE_COLOUR('',#7957);
#6441=VERTEX_POINT('',#7958);
#6442=VERTEX_POINT('',#7959);
#6443=LINE('',#7960,#7961);
#6444=VERTEX_POINT('',#7962);
#6445=CIRCLE('',#7963,2.1);
#6446=VERTEX_POINT('',#7964);
#6447=LINE('',#7965,#7966);
#6448=CIRCLE('',#7967,2.1);
#6449=FILL_AREA_STYLE_COLOUR('',#7968);
#6450=VERTEX_POINT('',#7969);
#6451=CIRCLE('',#7970,1.15);
#6452=LINE('',#7971,#7972);
#6453=LINE('',#7973,#7974);
#6454=FILL_AREA_STYLE_COLOUR('',#7975);
#6455=VERTEX_POINT('',#7976);
#6456=CIRCLE('',#7977,5.0);
#6457=FILL_AREA_STYLE_COLOUR('',#7978);
#6458=VERTEX_POINT('',#7979);
#6459=B_SPLINE_CURVE_WITH_KNOTS('',3,(#7980,#7981,#7982,#7983,#7984),.UNSPECIFIED.,.F.,.F.,(4,1,4),(0.120868855630827,0.125000008491745,0.129131161352662),.UNSPECIFIED.);
#6460=B_SPLINE_CURVE_WITH_KNOTS('',3,(#7985,#7986,#7987,#7988,#7989,#7990,#7991,#7992,#7993,#7994,#7995,#7996,#7997,#7998,#7999,#8000,#8001,#8002,#8003,#8004,#8005,#8006,#8007,#8008,#8009,#8010,#8011,#8012,#8013,#8014,#8015,#8016,#8017,#8018),.UNSPECIFIED.,.F.,.F.,(4,2,2,2,2,2,2,2,2,2,2,2,2,2,2,2,4),(0.129131161352662,0.191114767245048,0.253098373137433,0.315081979029818,0.377065584922203,0.439049190814589,0.501032796706974,0.563016402599359,0.625000008491744,0.686983614384129,0.748967220276515,0.8109508261689,0.872934432061285,0.93491803795367,0.996901643846056,1.05888524973844,1.12086885563083),.UNSPECIFIED.);
#6461=FILL_AREA_STYLE_COLOUR('',#8019);
#6462=VERTEX_POINT('',#8020);
#6463=CIRCLE('',#8021,1.15);
#6464=VERTEX_POINT('',#8022);
#6465=LINE('',#8023,#8024);
#6466=VERTEX_POINT('',#8025);
#6467=B_SPLINE_CURVE_WITH_KNOTS('',1,(#8026,#8027),.UNSPECIFIED.,.F.,.F.,(2,2),(0.0,0.938214872018436),.UNSPECIFIED.);
#6468=VERTEX_POINT('',#8028);
#6469=LINE('',#8029,#8030);
#6470=LINE('',#8031,#8032);
#6471=FILL_AREA_STYLE_COLOUR('',#8033);
#6472=VERTEX_POINT('',#8034);
#6473=VERTEX_POINT('',#8035);
#6474=B_SPLINE_CURVE_WITH_KNOTS('',3,(#8036,#8037,#8038,#8039,#8040,#8041,#8042,#8043,#8044,#8045,#8046,#8047,#8048,#8049,#8050,#8051,#8052,#8053,#8054,#8055,#8056,#8057,#8058,#8059,#8060,#8061,#8062,#8063),.UNSPECIFIED.,.F.,.F.,(4,2,2,2,2,2,2,2,2,2,2,2,2,4),(0.0,0.000249692390800808,0.000499384781601617,0.000998769563203237,0.00124846195400405,0.00149815434480485,0.00174784673560566,0.00199753912640647,0.00224723151720728,0.00249692390800808,0.0029963086896097,0.00349569347121131,0.00374538586201212,0.00399507825281292),.UNSPECIFIED.);
#6475=ELLIPSE('',#8064,6.43886155804202,1.6665);
#6476=VERTEX_POINT('',#8065);
#6477=VERTEX_POINT('',#8066);
#6478=B_SPLINE_CURVE_WITH_KNOTS('',3,(#8067,#8068,#8069,#8070,#8071,#8072,#8073,#8074,#8075,#8076,#8077,#8078,#8079,#8080,#8081,#8082,#8083,#8084,#8085,#8086,#8087,#8088,#8089,#8090,#8091,#8092,#8093,#8094),.UNSPECIFIED.,.F.,.F.,(4,2,2,2,2,2,2,2,2,2,2,2,2,4),(0.0,0.000249692390805305,0.00049938478161061,0.000998769563221216,0.00124846195402652,0.00149815434483182,0.00174784673563713,0.00199753912644243,0.00224723151724774,0.00249692390805304,0.00299630868966365,0.00349569347127426,0.00374538586207957,0.00399507825288488),.UNSPECIFIED.);
#6479=ELLIPSE('',#8095,6.43886155804382,1.6665);
#6480=VERTEX_POINT('',#8096);
#6481=VERTEX_POINT('',#8097);
#6482=ELLIPSE('',#8098,1.72528775465338,1.6665);
#6483=VERTEX_POINT('',#8099);
#6484=ELLIPSE('',#8100,6.43886155804384,1.6665);
#6485=VERTEX_POINT('',#8101);
#6486=ELLIPSE('',#8102,1.72528775465338,1.6665);
#6487=B_SPLINE_CURVE_WITH_KNOTS('',3,(#8103,#8104,#8105,#8106,#8107,#8108,#8109,#8110,#8111,#8112,#8113,#8114,#8115,#8116,#8117,#8118,#8119,#8120,#8121,#8122),.UNSPECIFIED.,.F.,.F.,(4,2,2,2,2,2,2,2,2,4),(0.0,0.000229179953219982,0.000458359906439965,0.000916719812879928,0.00137507971931989,0.00183343962575986,0.00229179953219982,0.00275015943863978,0.00320851934507975,0.00366687925151971),.UNSPECIFIED.);
#6488=VERTEX_POINT('',#8123);
#6489=VERTEX_POINT('',#8124);
#6490=ELLIPSE('',#8125,1.72528775465342,1.6665);
#6491=VERTEX_POINT('',#8126);
#6492=ELLIPSE('',#8127,6.43886155804202,1.6665);
#6493=VERTEX_POINT('',#8128);
#6494=ELLIPSE('',#8129,1.72528775465342,1.6665);
#6495=B_SPLINE_CURVE_WITH_KNOTS('',3,(#8130,#8131,#8132,#8133,#8134,#8135,#8136,#8137,#8138,#8139,#8140,#8141,#8142,#8143,#8144,#8145,#8146,#8147,#8148,#8149,#8150,#8151),.UNSPECIFIED.,.F.,.F.,(4,2,2,2,2,2,2,2,2,2,4),(0.0,0.000454687343355609,0.000909374686711219,0.00113671835838903,0.00136406203006683,0.00181874937342244,0.00204609304510025,0.00227343671677805,0.00272812406013366,0.00318281140348927,0.00363749874684488),.UNSPECIFIED.);
#6496=VERTEX_POINT('',#8152);
#6497=CIRCLE('',#8153,1.6665);
#6498=VERTEX_POINT('',#8154);
#6499=B_SPLINE_CURVE_WITH_KNOTS('',3,(#8155,#8156,#8157,#8158,#8159,#8160,#8161,#8162,#8163,#8164,#8165,#8166,#8167,#8168,#8169,#8170,#8171,#8172,#8173,#8174,#8175,#8176,#8177,#8178,#8179,#8180,#8181,#8182,#8183,#8184,#8185,#8186,#8187,#8188,#8189,#8190,#8191,#8192,#8193,#8194,#8195,#8196,#8197,#8198,#8199,#8200,#8201,#8202,#8203,#8204,#8205,#8206),.UNSPECIFIED.,.T.,.F.,(2,2,2,2,2,2,2,2,2,2,2,2,2,2,2,2,2,2,2,2,2,2,2,2,2,2,2,2),(-0.000651442128876643,0.0,0.000325721064438327,0.000651442128876654,0.000977163193314981,0.00130288425775331,0.00195432638662996,0.00260576851550662,0.00293148957994494,0.00325721064438327,0.0035829317088216,0.00390865277325992,0.00423437383769825,0.00456009490213657,0.0048858159665749,0.00521153703101322,0.00586297915988988,0.00651442128876653,0.00684014235320485,0.00716586341764318,0.0074915844820815,0.00781730554651982,0.00846874767539648,0.0087944687398348,0.00912018980427313,0.00977163193314977,0.0104230740620264,0.0107487951264647),.UNSPECIFIED.);
#6500=FILL_AREA_STYLE_COLOUR('',#8207);
#6501=VERTEX_POINT('',#8208);
#6502=LINE('',#8209,#8210);
#6503=VERTEX_POINT('',#8211);
#6504=LINE('',#8212,#8213);
#6505=VERTEX_POINT('',#8214);
#6506=CIRCLE('',#8215,2.35);
#6507=VERTEX_POINT('',#8216);
#6508=LINE('',#8217,#8218);
#6509=CIRCLE('',#8219,2.35);
#6510=FILL_AREA_STYLE_COLOUR('',#8220);
#6511=VERTEX_POINT('',#8221);
#6512=LINE('',#8222,#8223);
#6513=VERTEX_POINT('',#8224);
#6514=LINE('',#8225,#8226);
#6515=VERTEX_POINT('',#8227);
#6516=LINE('',#8228,#8229);
#6517=VERTEX_POINT('',#8230);
#6518=LINE('',#8231,#8232);
#6519=VERTEX_POINT('',#8233);
#6520=CIRCLE('',#8234,1.05);
#6521=VERTEX_POINT('',#8235);
#6522=LINE('',#8236,#8237);
#6523=LINE('',#8238,#8239);
#6524=FILL_AREA_STYLE_COLOUR('',#8240);
#6525=VERTEX_POINT('',#8241);
#6526=VERTEX_POINT('',#8242);
#6527=CIRCLE('',#8243,1.05);
#6528=VERTEX_POINT('',#8244);
#6529=LINE('',#8245,#8246);
#6530=VERTEX_POINT('',#8247);
#6531=LINE('',#8248,#8249);
#6532=VERTEX_POINT('',#8250);
#6533=LINE('',#8251,#8252);
#6534=LINE('',#8253,#8254);
#6535=VERTEX_POINT('',#8255);
#6536=LINE('',#8256,#8257);
#6537=LINE('',#8258,#8259);
#6538=FILL_AREA_STYLE_COLOUR('',#8260);
#6539=VERTEX_POINT('',#8261);
#6540=VERTEX_POINT('',#8262);
#6541=CIRCLE('',#8263,2.35);
#6542=VERTEX_POINT('',#8264);
#6543=LINE('',#8265,#8266);
#6544=VERTEX_POINT('',#8267);
#6545=CIRCLE('',#8268,2.35);
#6546=LINE('',#8269,#8270);
#6547=FILL_AREA_STYLE_COLOUR('',#8271);
#6548=VERTEX_POINT('',#8272);
#6549=VERTEX_POINT('',#8273);
#6550=LINE('',#8274,#8275);
#6551=VERTEX_POINT('',#8276);
#6552=LINE('',#8277,#8278);
#6553=VERTEX_POINT('',#8279);
#6554=CIRCLE('',#8280,1.05);
#6555=VERTEX_POINT('',#8281);
#6556=LINE('',#8282,#8283);
#6557=LINE('',#8284,#8285);
#6558=VERTEX_POINT('',#8286);
#6559=LINE('',#8287,#8288);
#6560=LINE('',#8289,#8290);
#6561=FILL_AREA_STYLE_COLOUR('',#8291);
#6562=VERTEX_POINT('',#8292);
#6563=VERTEX_POINT('',#8293);
#6564=CIRCLE('',#8294,1.05);
#6565=VERTEX_POINT('',#8295);
#6566=LINE('',#8296,#8297);
#6567=VERTEX_POINT('',#8298);
#6568=LINE('',#8299,#8300);
#6569=VERTEX_POINT('',#8301);
#6570=LINE('',#8302,#8303);
#6571=LINE('',#8304,#8305);
#6572=VERTEX_POINT('',#8306);
#6573=LINE('',#8307,#8308);
#6574=LINE('',#8309,#8310);
#6575=FILL_AREA_STYLE_COLOUR('',#8311);
#6576=VERTEX_POINT('',#8312);
#6577=VERTEX_POINT('',#8313);
#6578=CIRCLE('',#8314,2.35);
#6579=VERTEX_POINT('',#8315);
#6580=LINE('',#8316,#8317);
#6581=VERTEX_POINT('',#8318);
#6582=CIRCLE('',#8319,2.35);
#6583=LINE('',#8320,#8321);
#6584=FILL_AREA_STYLE_COLOUR('',#8322);
#6585=VERTEX_POINT('',#8323);
#6586=VERTEX_POINT('',#8324);
#6587=LINE('',#8325,#8326);
#6588=VERTEX_POINT('',#8327);
#6589=LINE('',#8328,#8329);
#6590=VERTEX_POINT('',#8330);
#6591=CIRCLE('',#8331,1.05);
#6592=VERTEX_POINT('',#8332);
#6593=LINE('',#8333,#8334);
#6594=LINE('',#8335,#8336);
#6595=VERTEX_POINT('',#8337);
#6596=LINE('',#8338,#8339);
#6597=LINE('',#8340,#8341);
#6598=FILL_AREA_STYLE_COLOUR('',#8342);
#6599=VERTEX_POINT('',#8343);
#6600=VERTEX_POINT('',#8344);
#6601=CIRCLE('',#8345,1.05);
#6602=VERTEX_POINT('',#8346);
#6603=LINE('',#8347,#8348);
#6604=VERTEX_POINT('',#8349);
#6605=LINE('',#8350,#8351);
#6606=VERTEX_POINT('',#8352);
#6607=LINE('',#8353,#8354);
#6608=LINE('',#8355,#8356);
#6609=VERTEX_POINT('',#8357);
#6610=LINE('',#8358,#8359);
#6611=LINE('',#8360,#8361);
#6612=FILL_AREA_STYLE_COLOUR('',#8362);
#6613=VERTEX_POINT('',#8363);
#6614=VERTEX_POINT('',#8364);
#6615=CIRCLE('',#8365,2.35);
#6616=VERTEX_POINT('',#8366);
#6617=LINE('',#8367,#8368);
#6618=VERTEX_POINT('',#8369);
#6619=CIRCLE('',#8370,2.35);
#6620=LINE('',#8371,#8372);
#6621=FILL_AREA_STYLE_COLOUR('',#8373);
#6622=VERTEX_POINT('',#8374);
#6623=VERTEX_POINT('',#8375);
#6624=LINE('',#8376,#8377);
#6625=VERTEX_POINT('',#8378);
#6626=LINE('',#8379,#8380);
#6627=VERTEX_POINT('',#8381);
#6628=CIRCLE('',#8382,1.05);
#6629=VERTEX_POINT('',#8383);
#6630=LINE('',#8384,#8385);
#6631=LINE('',#8386,#8387);
#6632=VERTEX_POINT('',#8388);
#6633=LINE('',#8389,#8390);
#6634=LINE('',#8391,#8392);
#6635=FILL_AREA_STYLE_COLOUR('',#8393);
#6636=VERTEX_POINT('',#8394);
#6637=VERTEX_POINT('',#8395);
#6638=CIRCLE('',#8396,1.05);
#6639=VERTEX_POINT('',#8397);
#6640=LINE('',#8398,#8399);
#6641=VERTEX_POINT('',#8400);
#6642=LINE('',#8401,#8402);
#6643=VERTEX_POINT('',#8403);
#6644=LINE('',#8404,#8405);
#6645=LINE('',#8406,#8407);
#6646=VERTEX_POINT('',#8408);
#6647=LINE('',#8409,#8410);
#6648=LINE('',#8411,#8412);
#6649=FILL_AREA_STYLE_COLOUR('',#8413);
#6650=VERTEX_POINT('',#8414);
#6651=VERTEX_POINT('',#8415);
#6652=CIRCLE('',#8416,2.35);
#6653=VERTEX_POINT('',#8417);
#6654=LINE('',#8418,#8419);
#6655=VERTEX_POINT('',#8420);
#6656=CIRCLE('',#8421,2.35);
#6657=LINE('',#8422,#8423);
#6658=FILL_AREA_STYLE_COLOUR('',#8424);
#6659=VERTEX_POINT('',#8425);
#6660=VERTEX_POINT('',#8426);
#6661=LINE('',#8427,#8428);
#6662=VERTEX_POINT('',#8429);
#6663=LINE('',#8430,#8431);
#6664=VERTEX_POINT('',#8432);
#6665=CIRCLE('',#8433,1.05);
#6666=VERTEX_POINT('',#8434);
#6667=LINE('',#8435,#8436);
#6668=LINE('',#8437,#8438);
#6669=VERTEX_POINT('',#8439);
#6670=LINE('',#8440,#8441);
#6671=LINE('',#8442,#8443);
#6672=FILL_AREA_STYLE_COLOUR('',#8444);
#6673=VERTEX_POINT('',#8445);
#6674=VERTEX_POINT('',#8446);
#6675=CIRCLE('',#8447,1.05);
#6676=VERTEX_POINT('',#8448);
#6677=LINE('',#8449,#8450);
#6678=VERTEX_POINT('',#8451);
#6679=LINE('',#8452,#8453);
#6680=VERTEX_POINT('',#8454);
#6681=LINE('',#8455,#8456);
#6682=LINE('',#8457,#8458);
#6683=VERTEX_POINT('',#8459);
#6684=LINE('',#8460,#8461);
#6685=LINE('',#8462,#8463);
#6686=FILL_AREA_STYLE_COLOUR('',#8464);
#6687=VERTEX_POINT('',#8465);
#6688=VERTEX_POINT('',#8466);
#6689=CIRCLE('',#8467,2.35);
#6690=VERTEX_POINT('',#8468);
#6691=LINE('',#8469,#8470);
#6692=VERTEX_POINT('',#8471);
#6693=CIRCLE('',#8472,2.35);
#6694=LINE('',#8473,#8474);
#6695=FILL_AREA_STYLE_COLOUR('',#8475);
#6696=VERTEX_POINT('',#8476);
#6697=VERTEX_POINT('',#8477);
#6698=LINE('',#8478,#8479);
#6699=VERTEX_POINT('',#8480);
#6700=LINE('',#8481,#8482);
#6701=VERTEX_POINT('',#8483);
#6702=CIRCLE('',#8484,1.05);
#6703=VERTEX_POINT('',#8485);
#6704=LINE('',#8486,#8487);
#6705=LINE('',#8488,#8489);
#6706=VERTEX_POINT('',#8490);
#6707=LINE('',#8491,#8492);
#6708=LINE('',#8493,#8494);
#6709=FILL_AREA_STYLE_COLOUR('',#8495);
#6710=VERTEX_POINT('',#8496);
#6711=VERTEX_POINT('',#8497);
#6712=CIRCLE('',#8498,1.05);
#6713=VERTEX_POINT('',#8499);
#6714=LINE('',#8500,#8501);
#6715=VERTEX_POINT('',#8502);
#6716=LINE('',#8503,#8504);
#6717=VERTEX_POINT('',#8505);
#6718=LINE('',#8506,#8507);
#6719=LINE('',#8508,#8509);
#6720=VERTEX_POINT('',#8510);
#6721=LINE('',#8511,#8512);
#6722=LINE('',#8513,#8514);
#6723=FILL_AREA_STYLE_COLOUR('',#8515);
#6724=VERTEX_POINT('',#8516);
#6725=VERTEX_POINT('',#8517);
#6726=CIRCLE('',#8518,2.35);
#6727=VERTEX_POINT('',#8519);
#6728=LINE('',#8520,#8521);
#6729=VERTEX_POINT('',#8522);
#6730=CIRCLE('',#8523,2.35);
#6731=LINE('',#8524,#8525);
#6732=FILL_AREA_STYLE_COLOUR('',#8526);
#6733=VERTEX_POINT('',#8527);
#6734=VERTEX_POINT('',#8528);
#6735=LINE('',#8529,#8530);
#6736=VERTEX_POINT('',#8531);
#6737=LINE('',#8532,#8533);
#6738=VERTEX_POINT('',#8534);
#6739=CIRCLE('',#8535,1.05);
#6740=VERTEX_POINT('',#8536);
#6741=LINE('',#8537,#8538);
#6742=LINE('',#8539,#8540);
#6743=VERTEX_POINT('',#8541);
#6744=LINE('',#8542,#8543);
#6745=LINE('',#8544,#8545);
#6746=FILL_AREA_STYLE_COLOUR('',#8546);
#6747=VERTEX_POINT('',#8547);
#6748=VERTEX_POINT('',#8548);
#6749=CIRCLE('',#8549,1.05);
#6750=VERTEX_POINT('',#8550);
#6751=LINE('',#8551,#8552);
#6752=VERTEX_POINT('',#8553);
#6753=LINE('',#8554,#8555);
#6754=VERTEX_POINT('',#8556);
#6755=LINE('',#8557,#8558);
#6756=LINE('',#8559,#8560);
#6757=VERTEX_POINT('',#8561);
#6758=LINE('',#8562,#8563);
#6759=LINE('',#8564,#8565);
#6760=FILL_AREA_STYLE_COLOUR('',#8566);
#6761=VERTEX_POINT('',#8567);
#6762=VERTEX_POINT('',#8568);
#6763=CIRCLE('',#8569,2.35);
#6764=VERTEX_POINT('',#8570);
#6765=LINE('',#8571,#8572);
#6766=VERTEX_POINT('',#8573);
#6767=CIRCLE('',#8574,2.35);
#6768=LINE('',#8575,#8576);
#6769=FILL_AREA_STYLE_COLOUR('',#8577);
#6770=VERTEX_POINT('',#8578);
#6771=VERTEX_POINT('',#8579);
#6772=LINE('',#8580,#8581);
#6773=VERTEX_POINT('',#8582);
#6774=LINE('',#8583,#8584);
#6775=VERTEX_POINT('',#8585);
#6776=CIRCLE('',#8586,1.05);
#6777=VERTEX_POINT('',#8587);
#6778=LINE('',#8588,#8589);
#6779=LINE('',#8590,#8591);
#6780=VERTEX_POINT('',#8592);
#6781=LINE('',#8593,#8594);
#6782=LINE('',#8595,#8596);
#6783=FILL_AREA_STYLE_COLOUR('',#8597);
#6784=VERTEX_POINT('',#8598);
#6785=VERTEX_POINT('',#8599);
#6786=CIRCLE('',#8600,1.05);
#6787=VERTEX_POINT('',#8601);
#6788=LINE('',#8602,#8603);
#6789=VERTEX_POINT('',#8604);
#6790=LINE('',#8605,#8606);
#6791=VERTEX_POINT('',#8607);
#6792=LINE('',#8608,#8609);
#6793=LINE('',#8610,#8611);
#6794=VERTEX_POINT('',#8612);
#6795=LINE('',#8613,#8614);
#6796=LINE('',#8615,#8616);
#6797=FILL_AREA_STYLE_COLOUR('',#8617);
#6798=VERTEX_POINT('',#8618);
#6799=VERTEX_POINT('',#8619);
#6800=CIRCLE('',#8620,2.35);
#6801=VERTEX_POINT('',#8621);
#6802=LINE('',#8622,#8623);
#6803=VERTEX_POINT('',#8624);
#6804=CIRCLE('',#8625,2.35);
#6805=LINE('',#8626,#8627);
#6806=FILL_AREA_STYLE_COLOUR('',#8628);
#6807=VERTEX_POINT('',#8629);
#6808=VERTEX_POINT('',#8630);
#6809=LINE('',#8631,#8632);
#6810=VERTEX_POINT('',#8633);
#6811=LINE('',#8634,#8635);
#6812=VERTEX_POINT('',#8636);
#6813=CIRCLE('',#8637,1.05);
#6814=VERTEX_POINT('',#8638);
#6815=LINE('',#8639,#8640);
#6816=LINE('',#8641,#8642);
#6817=VERTEX_POINT('',#8643);
#6818=LINE('',#8644,#8645);
#6819=LINE('',#8646,#8647);
#6820=FILL_AREA_STYLE_COLOUR('',#8648);
#6821=VERTEX_POINT('',#8649);
#6822=VERTEX_POINT('',#8650);
#6823=CIRCLE('',#8651,1.05);
#6824=VERTEX_POINT('',#8652);
#6825=LINE('',#8653,#8654);
#6826=VERTEX_POINT('',#8655);
#6827=LINE('',#8656,#8657);
#6828=VERTEX_POINT('',#8658);
#6829=LINE('',#8659,#8660);
#6830=LINE('',#8661,#8662);
#6831=VERTEX_POINT('',#8663);
#6832=LINE('',#8664,#8665);
#6833=LINE('',#8666,#8667);
#6834=FILL_AREA_STYLE_COLOUR('',#8668);
#6835=VERTEX_POINT('',#8669);
#6836=VERTEX_POINT('',#8670);
#6837=CIRCLE('',#8671,2.35);
#6838=VERTEX_POINT('',#8672);
#6839=LINE('',#8673,#8674);
#6840=VERTEX_POINT('',#8675);
#6841=CIRCLE('',#8676,2.35);
#6842=LINE('',#8677,#8678);
#6843=FILL_AREA_STYLE_COLOUR('',#8679);
#6844=VERTEX_POINT('',#8680);
#6845=VERTEX_POINT('',#8681);
#6846=LINE('',#8682,#8683);
#6847=VERTEX_POINT('',#8684);
#6848=LINE('',#8685,#8686);
#6849=VERTEX_POINT('',#8687);
#6850=CIRCLE('',#8688,1.05);
#6851=VERTEX_POINT('',#8689);
#6852=LINE('',#8690,#8691);
#6853=LINE('',#8692,#8693);
#6854=VERTEX_POINT('',#8694);
#6855=LINE('',#8695,#8696);
#6856=LINE('',#8697,#8698);
#6857=FILL_AREA_STYLE_COLOUR('',#8699);
#6858=VERTEX_POINT('',#8700);
#6859=VERTEX_POINT('',#8701);
#6860=CIRCLE('',#8702,1.05);
#6861=VERTEX_POINT('',#8703);
#6862=LINE('',#8704,#8705);
#6863=VERTEX_POINT('',#8706);
#6864=LINE('',#8707,#8708);
#6865=VERTEX_POINT('',#8709);
#6866=LINE('',#8710,#8711);
#6867=LINE('',#8712,#8713);
#6868=VERTEX_POINT('',#8714);
#6869=LINE('',#8715,#8716);
#6870=LINE('',#8717,#8718);
#6871=FILL_AREA_STYLE_COLOUR('',#8719);
#6872=VERTEX_POINT('',#8720);
#6873=VERTEX_POINT('',#8721);
#6874=CIRCLE('',#8722,2.35);
#6875=VERTEX_POINT('',#8723);
#6876=LINE('',#8724,#8725);
#6877=VERTEX_POINT('',#8726);
#6878=CIRCLE('',#8727,2.35);
#6879=LINE('',#8728,#8729);
#6880=FILL_AREA_STYLE_COLOUR('',#8730);
#6881=VERTEX_POINT('',#8731);
#6882=VERTEX_POINT('',#8732);
#6883=LINE('',#8733,#8734);
#6884=VERTEX_POINT('',#8735);
#6885=LINE('',#8736,#8737);
#6886=VERTEX_POINT('',#8738);
#6887=CIRCLE('',#8739,1.05);
#6888=VERTEX_POINT('',#8740);
#6889=LINE('',#8741,#8742);
#6890=LINE('',#8743,#8744);
#6891=VERTEX_POINT('',#8745);
#6892=LINE('',#8746,#8747);
#6893=LINE('',#8748,#8749);
#6894=FILL_AREA_STYLE_COLOUR('',#8750);
#6895=VERTEX_POINT('',#8751);
#6896=VERTEX_POINT('',#8752);
#6897=CIRCLE('',#8753,1.05);
#6898=VERTEX_POINT('',#8754);
#6899=LINE('',#8755,#8756);
#6900=VERTEX_POINT('',#8757);
#6901=LINE('',#8758,#8759);
#6902=VERTEX_POINT('',#8760);
#6903=LINE('',#8761,#8762);
#6904=LINE('',#8763,#8764);
#6905=VERTEX_POINT('',#8765);
#6906=LINE('',#8766,#8767);
#6907=LINE('',#8768,#8769);
#6908=FILL_AREA_STYLE_COLOUR('',#8770);
#6909=VERTEX_POINT('',#8771);
#6910=LINE('',#8772,#8773);
#6911=VERTEX_POINT('',#8774);
#6912=LINE('',#8775,#8776);
#6913=VERTEX_POINT('',#8777);
#6914=CIRCLE('',#8778,2.35);
#6915=VERTEX_POINT('',#8779);
#6916=LINE('',#8780,#8781);
#6917=CIRCLE('',#8782,2.35);
#6918=FILL_AREA_STYLE_COLOUR('',#8783);
#6919=VERTEX_POINT('',#8784);
#6920=VERTEX_POINT('',#8785);
#6921=LINE('',#8786,#8787);
#6922=VERTEX_POINT('',#8788);
#6923=LINE('',#8789,#8790);
#6924=VERTEX_POINT('',#8791);
#6925=CIRCLE('',#8792,1.05);
#6926=VERTEX_POINT('',#8793);
#6927=LINE('',#8794,#8795);
#6928=LINE('',#8796,#8797);
#6929=VERTEX_POINT('',#8798);
#6930=LINE('',#8799,#8800);
#6931=LINE('',#8801,#8802);
#6932=FILL_AREA_STYLE_COLOUR('',#8803);
#6933=VERTEX_POINT('',#8804);
#6934=LINE('',#8805,#8806);
#6935=VERTEX_POINT('',#8807);
#6936=LINE('',#8808,#8809);
#6937=VERTEX_POINT('',#8810);
#6938=CIRCLE('',#8811,1.05);
#6939=VERTEX_POINT('',#8812);
#6940=LINE('',#8813,#8814);
#6941=VERTEX_POINT('',#8815);
#6942=LINE('',#8816,#8817);
#6943=VERTEX_POINT('',#8818);
#6944=LINE('',#8819,#8820);
#6945=LINE('',#8821,#8822);
#6946=FILL_AREA_STYLE_COLOUR('',#8823);
#6947=VERTEX_POINT('',#8824);
#6948=LINE('',#8825,#8826);
#6949=VERTEX_POINT('',#8827);
#6950=CIRCLE('',#8828,1.05);
#6951=LINE('',#8829,#8830);
#6952=FILL_AREA_STYLE_COLOUR('',#8831);
#6953=VERTEX_POINT('',#8832);
#6954=LINE('',#8833,#8834);
#6955=LINE('',#8835,#8836);
#6956=FILL_AREA_STYLE_COLOUR('',#8837);
#6957=VERTEX_POINT('',#8838);
#6958=LINE('',#8839,#8840);
#6959=LINE('',#8841,#8842);
#6960=FILL_AREA_STYLE_COLOUR('',#8843);
#6961=VERTEX_POINT('',#8844);
#6962=VERTEX_POINT('',#8845);
#6963=LINE('',#8846,#8847);
#6964=VERTEX_POINT('',#8848);
#6965=CIRCLE('',#8849,1.05);
#6966=VERTEX_POINT('',#8850);
#6967=LINE('',#8851,#8852);
#6968=LINE('',#8853,#8854);
#6969=FILL_AREA_STYLE_COLOUR('',#8855);
#6970=LINE('',#8856,#8857);
#6971=FILL_AREA_STYLE_COLOUR('',#8858);
#6972=VERTEX_POINT('',#8859);
#6973=LINE('',#8860,#8861);
#6974=VERTEX_POINT('',#8862);
#6975=CIRCLE('',#8863,1.05);
#6976=LINE('',#8864,#8865);
#6977=FILL_AREA_STYLE_COLOUR('',#8866);
#6978=VERTEX_POINT('',#8867);
#6979=LINE('',#8868,#8869);
#6980=LINE('',#8870,#8871);
#6981=FILL_AREA_STYLE_COLOUR('',#8872);
#6982=VERTEX_POINT('',#8873);
#6983=LINE('',#8874,#8875);
#6984=LINE('',#8876,#8877);
#6985=FILL_AREA_STYLE_COLOUR('',#8878);
#6986=VERTEX_POINT('',#8879);
#6987=VERTEX_POINT('',#8880);
#6988=LINE('',#8881,#8882);
#6989=VERTEX_POINT('',#8883);
#6990=CIRCLE('',#8884,1.05);
#6991=VERTEX_POINT('',#8885);
#6992=LINE('',#8886,#8887);
#6993=LINE('',#8888,#8889);
#6994=FILL_AREA_STYLE_COLOUR('',#8890);
#6995=LINE('',#8891,#8892);
#6996=FILL_AREA_STYLE_COLOUR('',#8893);
#6997=VERTEX_POINT('',#8894);
#6998=LINE('',#8895,#8896);
#6999=VERTEX_POINT('',#8897);
#7000=CIRCLE('',#8898,1.05);
#7001=LINE('',#8899,#8900);
#7002=FILL_AREA_STYLE_COLOUR('',#8901);
#7003=VERTEX_POINT('',#8902);
#7004=LINE('',#8903,#8904);
#7005=LINE('',#8905,#8906);
#7006=FILL_AREA_STYLE_COLOUR('',#8907);
#7007=VERTEX_POINT('',#8908);
#7008=LINE('',#8909,#8910);
#7009=LINE('',#8911,#8912);
#7010=FILL_AREA_STYLE_COLOUR('',#8913);
#7011=VERTEX_POINT('',#8914);
#7012=VERTEX_POINT('',#8915);
#7013=LINE('',#8916,#8917);
#7014=VERTEX_POINT('',#8918);
#7015=CIRCLE('',#8919,1.05);
#7016=VERTEX_POINT('',#8920);
#7017=LINE('',#8921,#8922);
#7018=LINE('',#8923,#8924);
#7019=FILL_AREA_STYLE_COLOUR('',#8925);
#7020=LINE('',#8926,#8927);
#7021=FILL_AREA_STYLE_COLOUR('',#8928);
#7022=VERTEX_POINT('',#8929);
#7023=LINE('',#8930,#8931);
#7024=VERTEX_POINT('',#8932);
#7025=CIRCLE('',#8933,1.05);
#7026=LINE('',#8934,#8935);
#7027=FILL_AREA_STYLE_COLOUR('',#8936);
#7028=VERTEX_POINT('',#8937);
#7029=LINE('',#8938,#8939);
#7030=LINE('',#8940,#8941);
#7031=FILL_AREA_STYLE_COLOUR('',#8942);
#7032=VERTEX_POINT('',#8943);
#7033=LINE('',#8944,#8945);
#7034=LINE('',#8946,#8947);
#7035=FILL_AREA_STYLE_COLOUR('',#8948);
#7036=VERTEX_POINT('',#8949);
#7037=VERTEX_POINT('',#8950);
#7038=LINE('',#8951,#8952);
#7039=VERTEX_POINT('',#8953);
#7040=CIRCLE('',#8954,1.05);
#7041=VERTEX_POINT('',#8955);
#7042=LINE('',#8956,#8957);
#7043=LINE('',#8958,#8959);
#7044=FILL_AREA_STYLE_COLOUR('',#8960);
#7045=LINE('',#8961,#8962);
#7046=FILL_AREA_STYLE_COLOUR('',#8963);
#7047=VERTEX_POINT('',#8964);
#7048=LINE('',#8965,#8966);
#7049=VERTEX_POINT('',#8967);
#7050=CIRCLE('',#8968,1.05);
#7051=LINE('',#8969,#8970);
#7052=FILL_AREA_STYLE_COLOUR('',#8971);
#7053=VERTEX_POINT('',#8972);
#7054=LINE('',#8973,#8974);
#7055=LINE('',#8975,#8976);
#7056=FILL_AREA_STYLE_COLOUR('',#8977);
#7057=VERTEX_POINT('',#8978);
#7058=LINE('',#8979,#8980);
#7059=LINE('',#8981,#8982);
#7060=FILL_AREA_STYLE_COLOUR('',#8983);
#7061=VERTEX_POINT('',#8984);
#7062=VERTEX_POINT('',#8985);
#7063=LINE('',#8986,#8987);
#7064=VERTEX_POINT('',#8988);
#7065=CIRCLE('',#8989,1.05);
#7066=VERTEX_POINT('',#8990);
#7067=LINE('',#8991,#8992);
#7068=LINE('',#8993,#8994);
#7069=FILL_AREA_STYLE_COLOUR('',#8995);
#7070=LINE('',#8996,#8997);
#7071=FILL_AREA_STYLE_COLOUR('',#8998);
#7072=VERTEX_POINT('',#8999);
#7073=LINE('',#9000,#9001);
#7074=VERTEX_POINT('',#9002);
#7075=CIRCLE('',#9003,1.05);
#7076=LINE('',#9004,#9005);
#7077=FILL_AREA_STYLE_COLOUR('',#9006);
#7078=VERTEX_POINT('',#9007);
#7079=LINE('',#9008,#9009);
#7080=LINE('',#9010,#9011);
#7081=FILL_AREA_STYLE_COLOUR('',#9012);
#7082=VERTEX_POINT('',#9013);
#7083=LINE('',#9014,#9015);
#7084=LINE('',#9016,#9017);
#7085=FILL_AREA_STYLE_COLOUR('',#9018);
#7086=VERTEX_POINT('',#9019);
#7087=VERTEX_POINT('',#9020);
#7088=LINE('',#9021,#9022);
#7089=VERTEX_POINT('',#9023);
#7090=CIRCLE('',#9024,1.05);
#7091=VERTEX_POINT('',#9025);
#7092=LINE('',#9026,#9027);
#7093=LINE('',#9028,#9029);
#7094=FILL_AREA_STYLE_COLOUR('',#9030);
#7095=LINE('',#9031,#9032);
#7096=FILL_AREA_STYLE_COLOUR('',#9033);
#7097=VERTEX_POINT('',#9034);
#7098=LINE('',#9035,#9036);
#7099=VERTEX_POINT('',#9037);
#7100=CIRCLE('',#9038,1.05);
#7101=LINE('',#9039,#9040);
#7102=FILL_AREA_STYLE_COLOUR('',#9041);
#7103=VERTEX_POINT('',#9042);
#7104=LINE('',#9043,#9044);
#7105=LINE('',#9045,#9046);
#7106=FILL_AREA_STYLE_COLOUR('',#9047);
#7107=VERTEX_POINT('',#9048);
#7108=LINE('',#9049,#9050);
#7109=LINE('',#9051,#9052);
#7110=FILL_AREA_STYLE_COLOUR('',#9053);
#7111=VERTEX_POINT('',#9054);
#7112=VERTEX_POINT('',#9055);
#7113=LINE('',#9056,#9057);
#7114=VERTEX_POINT('',#9058);
#7115=CIRCLE('',#9059,1.05);
#7116=VERTEX_POINT('',#9060);
#7117=LINE('',#9061,#9062);
#7118=LINE('',#9063,#9064);
#7119=FILL_AREA_STYLE_COLOUR('',#9065);
#7120=LINE('',#9066,#9067);
#7121=FILL_AREA_STYLE_COLOUR('',#9068);
#7122=VERTEX_POINT('',#9069);
#7123=LINE('',#9070,#9071);
#7124=VERTEX_POINT('',#9072);
#7125=CIRCLE('',#9073,1.05);
#7126=LINE('',#9074,#9075);
#7127=FILL_AREA_STYLE_COLOUR('',#9076);
#7128=VERTEX_POINT('',#9077);
#7129=LINE('',#9078,#9079);
#7130=LINE('',#9080,#9081);
#7131=FILL_AREA_STYLE_COLOUR('',#9082);
#7132=VERTEX_POINT('',#9083);
#7133=LINE('',#9084,#9085);
#7134=LINE('',#9086,#9087);
#7135=FILL_AREA_STYLE_COLOUR('',#9088);
#7136=VERTEX_POINT('',#9089);
#7137=VERTEX_POINT('',#9090);
#7138=LINE('',#9091,#9092);
#7139=VERTEX_POINT('',#9093);
#7140=CIRCLE('',#9094,1.05);
#7141=VERTEX_POINT('',#9095);
#7142=LINE('',#9096,#9097);
#7143=LINE('',#9098,#9099);
#7144=FILL_AREA_STYLE_COLOUR('',#9100);
#7145=LINE('',#9101,#9102);
#7146=FILL_AREA_STYLE_COLOUR('',#9103);
#7147=VERTEX_POINT('',#9104);
#7148=LINE('',#9105,#9106);
#7149=VERTEX_POINT('',#9107);
#7150=CIRCLE('',#9108,1.05);
#7151=LINE('',#9109,#9110);
#7152=FILL_AREA_STYLE_COLOUR('',#9111);
#7153=VERTEX_POINT('',#9112);
#7154=LINE('',#9113,#9114);
#7155=LINE('',#9115,#9116);
#7156=FILL_AREA_STYLE_COLOUR('',#9117);
#7157=VERTEX_POINT('',#9118);
#7158=LINE('',#9119,#9120);
#7159=LINE('',#9121,#9122);
#7160=FILL_AREA_STYLE_COLOUR('',#9123);
#7161=VERTEX_POINT('',#9124);
#7162=VERTEX_POINT('',#9125);
#7163=LINE('',#9126,#9127);
#7164=VERTEX_POINT('',#9128);
#7165=CIRCLE('',#9129,1.05);
#7166=VERTEX_POINT('',#9130);
#7167=LINE('',#9131,#9132);
#7168=LINE('',#9133,#9134);
#7169=FILL_AREA_STYLE_COLOUR('',#9135);
#7170=LINE('',#9136,#9137);
#7171=FILL_AREA_STYLE_COLOUR('',#9138);
#7172=VERTEX_POINT('',#9139);
#7173=LINE('',#9140,#9141);
#7174=VERTEX_POINT('',#9142);
#7175=CIRCLE('',#9143,1.05);
#7176=LINE('',#9144,#9145);
#7177=FILL_AREA_STYLE_COLOUR('',#9146);
#7178=VERTEX_POINT('',#9147);
#7179=LINE('',#9148,#9149);
#7180=LINE('',#9150,#9151);
#7181=FILL_AREA_STYLE_COLOUR('',#9152);
#7182=VERTEX_POINT('',#9153);
#7183=LINE('',#9154,#9155);
#7184=LINE('',#9156,#9157);
#7185=FILL_AREA_STYLE_COLOUR('',#9158);
#7186=VERTEX_POINT('',#9159);
#7187=VERTEX_POINT('',#9160);
#7188=LINE('',#9161,#9162);
#7189=VERTEX_POINT('',#9163);
#7190=CIRCLE('',#9164,1.05);
#7191=VERTEX_POINT('',#9165);
#7192=LINE('',#9166,#9167);
#7193=LINE('',#9168,#9169);
#7194=FILL_AREA_STYLE_COLOUR('',#9170);
#7195=LINE('',#9171,#9172);
#7196=FILL_AREA_STYLE_COLOUR('',#9173);
#7197=LINE('',#9174,#9175);
#7198=LINE('',#9176,#9177);
#7199=FILL_AREA_STYLE_COLOUR('',#9178);
#7200=VERTEX_POINT('',#9179);
#7201=LINE('',#9180,#9181);
#7202=LINE('',#9182,#9183);
#7203=FILL_AREA_STYLE_COLOUR('',#9184);
#7204=VERTEX_POINT('',#9185);
#7205=LINE('',#9186,#9187);
#7206=LINE('',#9188,#9189);
#7207=FILL_AREA_STYLE_COLOUR('',#9190);
#7208=VERTEX_POINT('',#9191);
#7209=VERTEX_POINT('',#9192);
#7210=LINE('',#9193,#9194);
#7211=VERTEX_POINT('',#9195);
#7212=CIRCLE('',#9196,1.05);
#7213=VERTEX_POINT('',#9197);
#7214=LINE('',#9198,#9199);
#7215=LINE('',#9200,#9201);
#7216=FILL_AREA_STYLE_COLOUR('',#9202);
#7217=LINE('',#9203,#9204);
#7218=FILL_AREA_STYLE_COLOUR('',#9205);
#7219=VERTEX_POINT('',#9206);
#7220=LINE('',#9207,#9208);
#7221=VERTEX_POINT('',#9209);
#7222=CIRCLE('',#9210,1.05);
#7223=LINE('',#9211,#9212);
#7224=FILL_AREA_STYLE_COLOUR('',#9213);
#7225=VERTEX_POINT('',#9214);
#7226=LINE('',#9215,#9216);
#7227=LINE('',#9217,#9218);
#7228=FILL_AREA_STYLE_COLOUR('',#9219);
#7229=VERTEX_POINT('',#9220);
#7230=LINE('',#9221,#9222);
#7231=LINE('',#9223,#9224);
#7232=FILL_AREA_STYLE_COLOUR('',#9225);
#7233=VERTEX_POINT('',#9226);
#7234=LINE('',#9227,#9228);
#7235=VERTEX_POINT('',#9229);
#7236=LINE('',#9230,#9231);
#7237=LINE('',#9232,#9233);
#7238=FILL_AREA_STYLE_COLOUR('',#9234);
#7239=LINE('',#9235,#9236);
#7240=LINE('',#9237,#9238);
#7241=FILL_AREA_STYLE_COLOUR('',#9239);
#7242=CIRCLE('',#9240,21.8);
#7243=CIRCLE('',#9241,21.8);
#7244=FILL_AREA_STYLE_COLOUR('',#9242);
#7245=CIRCLE('',#9243,21.8);
#7246=CIRCLE('',#9244,21.8);
#7247=FILL_AREA_STYLE_COLOUR('',#9245);
#7248=CIRCLE('',#9246,21.8);
#7249=CIRCLE('',#9247,21.8);
#7250=FILL_AREA_STYLE_COLOUR('',#9248);
#7251=CIRCLE('',#9249,21.8);
#7252=CIRCLE('',#9250,21.8);
#7253=FILL_AREA_STYLE_COLOUR('',#9251);
#7254=CIRCLE('',#9252,21.8);
#7255=CIRCLE('',#9253,21.8);
#7256=FILL_AREA_STYLE_COLOUR('',#9254);
#7257=FILL_AREA_STYLE_COLOUR('',#9255);
#7258=VERTEX_POINT('',#9256);
#7259=CIRCLE('',#9257,1.15);
#7260=VERTEX_POINT('',#9258);
#7261=CIRCLE('',#9259,1.15);
#7262=FILL_AREA_STYLE_COLOUR('',#9260);
#7263=FILL_AREA_STYLE_COLOUR('',#9261);
#7264=VERTEX_POINT('',#9262);
#7265=LINE('',#9263,#9264);
#7266=VERTEX_POINT('',#9265);
#7267=LINE('',#9266,#9267);
#7268=LINE('',#9268,#9269);
#7269=LINE('',#9270,#9271);
#7270=LINE('',#9272,#9273);
#7271=LINE('',#9274,#9275);
#7272=LINE('',#9276,#9277);
#7273=LINE('',#9278,#9279);
#7274=LINE('',#9280,#9281);
#7275=CIRCLE('',#9282,21.8);
#7276=LINE('',#9283,#9284);
#7277=LINE('',#9285,#9286);
#7278=CIRCLE('',#9287,21.8);
#7279=LINE('',#9288,#9289);
#7280=LINE('',#9290,#9291);
#7281=CIRCLE('',#9292,21.8);
#7282=LINE('',#9293,#9294);
#7283=LINE('',#9295,#9296);
#7284=CIRCLE('',#9297,21.8);
#7285=LINE('',#9298,#9299);
#7286=LINE('',#9300,#9301);
#7287=CIRCLE('',#9302,21.8);
#7288=LINE('',#9303,#9304);
#7289=LINE('',#9305,#9306);
#7290=CIRCLE('',#9307,21.8);
#7291=LINE('',#9308,#9309);
#7292=LINE('',#9310,#9311);
#7293=CIRCLE('',#9312,21.8);
#7294=LINE('',#9313,#9314);
#7295=LINE('',#9315,#9316);
#7296=LINE('',#9317,#9318);
#7297=LINE('',#9319,#9320);
#7298=LINE('',#9321,#9322);
#7299=LINE('',#9323,#9324);
#7300=FILL_AREA_STYLE_COLOUR('',#9325);
#7301=LINE('',#9326,#9327);
#7302=LINE('',#9328,#9329);
#7303=FILL_AREA_STYLE_COLOUR('',#9330);
#7304=FILL_AREA_STYLE_COLOUR('',#9331);
#7305=FILL_AREA_STYLE_COLOUR('',#9332);
#7306=LINE('',#9333,#9334);
#7307=LINE('',#9335,#9336);
#7308=FILL_AREA_STYLE_COLOUR('',#9337);
#7309=FILL_AREA_STYLE_COLOUR('',#9338);
#7310=FILL_AREA_STYLE_COLOUR('',#9339);
#7311=LINE('',#9340,#9341);
#7312=LINE('',#9342,#9343);
#7313=FILL_AREA_STYLE_COLOUR('',#9344);
#7314=FILL_AREA_STYLE_COLOUR('',#9345);
#7315=FILL_AREA_STYLE_COLOUR('',#9346);
#7316=LINE('',#9347,#9348);
#7317=LINE('',#9349,#9350);
#7318=FILL_AREA_STYLE_COLOUR('',#9351);
#7319=FILL_AREA_STYLE_COLOUR('',#9352);
#7320=FILL_AREA_STYLE_COLOUR('',#9353);
#7321=LINE('',#9354,#9355);
#7322=LINE('',#9356,#9357);
#7323=FILL_AREA_STYLE_COLOUR('',#9358);
#7324=FILL_AREA_STYLE_COLOUR('',#9359);
#7325=FILL_AREA_STYLE_COLOUR('',#9360);
#7326=LINE('',#9361,#9362);
#7327=LINE('',#9363,#9364);
#7328=FILL_AREA_STYLE_COLOUR('',#9365);
#7329=FILL_AREA_STYLE_COLOUR('',#9366);
#7330=FILL_AREA_STYLE_COLOUR('',#9367);
#7331=LINE('',#9368,#9369);
#7332=LINE('',#9370,#9371);
#7333=FILL_AREA_STYLE_COLOUR('',#9372);
#7334=FILL_AREA_STYLE_COLOUR('',#9373);
#7335=FILL_AREA_STYLE_COLOUR('',#9374);
#7336=LINE('',#9375,#9376);
#7337=LINE('',#9377,#9378);
#7338=FILL_AREA_STYLE_COLOUR('',#9379);
#7339=FILL_AREA_STYLE_COLOUR('',#9380);
#7340=FILL_AREA_STYLE_COLOUR('',#9381);
#7341=LINE('',#9382,#9383);
#7342=LINE('',#9384,#9385);
#7343=FILL_AREA_STYLE_COLOUR('',#9386);
#7344=FILL_AREA_STYLE_COLOUR('',#9387);
#7345=FILL_AREA_STYLE_COLOUR('',#9388);
#7346=LINE('',#9389,#9390);
#7347=LINE('',#9391,#9392);
#7348=FILL_AREA_STYLE_COLOUR('',#9393);
#7349=FILL_AREA_STYLE_COLOUR('',#9394);
#7350=FILL_AREA_STYLE_COLOUR('',#9395);
#7351=LINE('',#9396,#9397);
#7352=FILL_AREA_STYLE_COLOUR('',#9398);
#7353=FILL_AREA_STYLE_COLOUR('',#9399);
#7354=CIRCLE('',#9400,21.8);
#7355=FILL_AREA_STYLE_COLOUR('',#9401);
#7356=CIRCLE('',#9402,21.8);
#7357=FILL_AREA_STYLE_COLOUR('',#9403);
#7358=CIRCLE('',#9404,21.8);
#7359=FILL_AREA_STYLE_COLOUR('',#9405);
#7360=CIRCLE('',#9406,21.8);
#7361=FILL_AREA_STYLE_COLOUR('',#9407);
#7362=CIRCLE('',#9408,21.8);
#7363=FILL_AREA_STYLE_COLOUR('',#9409);
#7364=CIRCLE('',#9410,21.8);
#7365=FILL_AREA_STYLE_COLOUR('',#9411);
#7366=CIRCLE('',#9412,21.8);
#7367=FILL_AREA_STYLE_COLOUR('',#9413);
#7368=FILL_AREA_STYLE_COLOUR('',#9414);
#7369=LINE('',#9415,#9416);
#7370=VERTEX_POINT('',#9417);
#7371=LINE('',#9418,#9419);
#7372=VERTEX_POINT('',#9420);
#7373=LINE('',#9421,#9422);
#7374=LINE('',#9423,#9424);
#7375=FILL_AREA_STYLE_COLOUR('',#9425);
#7376=LINE('',#9426,#9427);
#7377=LINE('',#9428,#9429);
#7378=FILL_AREA_STYLE_COLOUR('',#9430);
#7379=FILL_AREA_STYLE_COLOUR('',#9431);
#7380=FILL_AREA_STYLE_COLOUR('',#9432);
#7381=LINE('',#9433,#9434);
#7382=LINE('',#9435,#9436);
#7383=FILL_AREA_STYLE_COLOUR('',#9437);
#7384=FILL_AREA_STYLE_COLOUR('',#9438);
#7385=FILL_AREA_STYLE_COLOUR('',#9439);
#7386=FILL_AREA_STYLE_COLOUR('',#9440);
#7387=VERTEX_POINT('',#9441);
#7388=VERTEX_POINT('',#9442);
#7389=LINE('',#9443,#9444);
#7390=VERTEX_POINT('',#9445);
#7391=CIRCLE('',#9446,2.35);
#7392=VERTEX_POINT('',#9447);
#7393=LINE('',#9448,#9449);
#7394=CIRCLE('',#9450,2.35);
#7395=FILL_AREA_STYLE_COLOUR('',#9451);
#7396=VERTEX_POINT('',#9452);
#7397=VERTEX_POINT('',#9453);
#7398=LINE('',#9454,#9455);
#7399=LINE('',#9456,#9457);
#7400=LINE('',#9458,#9459);
#7401=FILL_AREA_STYLE_COLOUR('',#9460);
#7402=VERTEX_POINT('',#9461);
#7403=VERTEX_POINT('',#9462);
#7404=LINE('',#9463,#9464);
#7405=LINE('',#9465,#9466);
#7406=LINE('',#9467,#9468);
#7407=FILL_AREA_STYLE_COLOUR('',#9469);
#7408=VERTEX_POINT('',#9470);
#7409=CIRCLE('',#9471,1.65);
#7410=VERTEX_POINT('',#9472);
#7411=CIRCLE('',#9473,1.65);
#7412=FILL_AREA_STYLE_COLOUR('',#9474);
#7413=VERTEX_POINT('',#9475);
#7414=CIRCLE('',#9476,1.65);
#7415=VERTEX_POINT('',#9477);
#7416=CIRCLE('',#9478,1.65);
#7417=FILL_AREA_STYLE_COLOUR('',#9479);
#7418=VERTEX_POINT('',#9480);
#7419=CIRCLE('',#9481,1.65);
#7420=VERTEX_POINT('',#9482);
#7421=CIRCLE('',#9483,1.65);
#7422=FILL_AREA_STYLE_COLOUR('',#9484);
#7423=VERTEX_POINT('',#9485);
#7424=CIRCLE('',#9486,1.65);
#7425=VERTEX_POINT('',#9487);
#7426=CIRCLE('',#9488,1.65);
#7427=FILL_AREA_STYLE_COLOUR('',#9489);
#7428=VERTEX_POINT('',#9490);
#7429=VERTEX_POINT('',#9491);
#7430=LINE('',#9492,#9493);
#7431=CIRCLE('',#9494,21.8);
#7432=CIRCLE('',#9495,21.8);
#7433=FILL_AREA_STYLE_COLOUR('',#9496);
#7434=VERTEX_POINT('',#9497);
#7435=VERTEX_POINT('',#9498);
#7436=LINE('',#9499,#9500);
#7437=VERTEX_POINT('',#9501);
#7438=CIRCLE('',#9502,21.8);
#7439=VERTEX_POINT('',#9503);
#7440=LINE('',#9504,#9505);
#7441=CIRCLE('',#9506,21.8);
#7442=FILL_AREA_STYLE_COLOUR('',#9507);
#7443=VERTEX_POINT('',#9508);
#7444=VERTEX_POINT('',#9509);
#7445=LINE('',#9510,#9511);
#7446=CIRCLE('',#9512,21.8);
#7447=CIRCLE('',#9513,21.8);
#7448=FILL_AREA_STYLE_COLOUR('',#9514);
#7449=VERTEX_POINT('',#9515);
#7450=LINE('',#9516,#9517);
#7451=VERTEX_POINT('',#9518);
#7452=CIRCLE('',#9519,2.35);
#7453=LINE('',#9520,#9521);
#7454=VERTEX_POINT('',#9522);
#7455=LINE('',#9523,#9524);
#7456=VERTEX_POINT('',#9525);
#7457=CIRCLE('',#9526,2.35);
#7458=VERTEX_POINT('',#9527);
#7459=LINE('',#9528,#9529);
#7460=VERTEX_POINT('',#9530);
#7461=CIRCLE('',#9531,21.8);
#7462=VERTEX_POINT('',#9532);
#7463=LINE('',#9533,#9534);
#7464=VERTEX_POINT('',#9535);
#7465=CIRCLE('',#9536,2.35);
#7466=VERTEX_POINT('',#9537);
#7467=LINE('',#9538,#9539);
#7468=VERTEX_POINT('',#9540);
#7469=CIRCLE('',#9541,21.8);
#7470=VERTEX_POINT('',#9542);
#7471=LINE('',#9543,#9544);
#7472=VERTEX_POINT('',#9545);
#7473=CIRCLE('',#9546,2.35);
#7474=VERTEX_POINT('',#9547);
#7475=LINE('',#9548,#9549);
#7476=VERTEX_POINT('',#9550);
#7477=CIRCLE('',#9551,21.8);
#7478=VERTEX_POINT('',#9552);
#7479=LINE('',#9553,#9554);
#7480=VERTEX_POINT('',#9555);
#7481=CIRCLE('',#9556,2.35);
#7482=VERTEX_POINT('',#9557);
#7483=LINE('',#9558,#9559);
#7484=VERTEX_POINT('',#9560);
#7485=CIRCLE('',#9561,21.8);
#7486=VERTEX_POINT('',#9562);
#7487=LINE('',#9563,#9564);
#7488=VERTEX_POINT('',#9565);
#7489=CIRCLE('',#9566,2.35);
#7490=VERTEX_POINT('',#9567);
#7491=LINE('',#9568,#9569);
#7492=VERTEX_POINT('',#9570);
#7493=CIRCLE('',#9571,21.8);
#7494=VERTEX_POINT('',#9572);
#7495=LINE('',#9573,#9574);
#7496=VERTEX_POINT('',#9575);
#7497=CIRCLE('',#9576,2.35);
#7498=VERTEX_POINT('',#9577);
#7499=LINE('',#9578,#9579);
#7500=VERTEX_POINT('',#9580);
#7501=CIRCLE('',#9581,21.8);
#7502=VERTEX_POINT('',#9582);
#7503=LINE('',#9583,#9584);
#7504=VERTEX_POINT('',#9585);
#7505=CIRCLE('',#9586,2.35);
#7506=VERTEX_POINT('',#9587);
#7507=LINE('',#9588,#9589);
#7508=VERTEX_POINT('',#9590);
#7509=CIRCLE('',#9591,21.8);
#7510=VERTEX_POINT('',#9592);
#7511=LINE('',#9593,#9594);
#7512=VERTEX_POINT('',#9595);
#7513=CIRCLE('',#9596,2.35);
#7514=VERTEX_POINT('',#9597);
#7515=LINE('',#9598,#9599);
#7516=VERTEX_POINT('',#9600);
#7517=CIRCLE('',#9601,21.8);
#7518=VERTEX_POINT('',#9602);
#7519=LINE('',#9603,#9604);
#7520=VERTEX_POINT('',#9605);
#7521=CIRCLE('',#9606,2.35);
#7522=VERTEX_POINT('',#9607);
#7523=LINE('',#9608,#9609);
#7524=VERTEX_POINT('',#9610);
#7525=CIRCLE('',#9611,21.8);
#7526=VERTEX_POINT('',#9612);
#7527=LINE('',#9613,#9614);
#7528=VERTEX_POINT('',#9615);
#7529=CIRCLE('',#9616,2.35);
#7530=LINE('',#9617,#9618);
#7531=FILL_AREA_STYLE_COLOUR('',#9619);
#7532=VERTEX_POINT('',#9620);
#7533=LINE('',#9621,#9622);
#7534=VERTEX_POINT('',#9623);
#7535=LINE('',#9624,#9625);
#7536=CIRCLE('',#9626,21.8);
#7537=FILL_AREA_STYLE_COLOUR('',#9627);
#7538=VERTEX_POINT('',#9628);
#7539=LINE('',#9629,#9630);
#7540=VERTEX_POINT('',#9631);
#7541=LINE('',#9632,#9633);
#7542=CIRCLE('',#9634,21.8);
#7543=FILL_AREA_STYLE_COLOUR('',#9635);
#7544=VERTEX_POINT('',#9636);
#7545=VERTEX_POINT('',#9637);
#7546=CIRCLE('',#9638,2.35);
#7547=LINE('',#9639,#9640);
#7548=VERTEX_POINT('',#9641);
#7549=LINE('',#9642,#9643);
#7550=VERTEX_POINT('',#9644);
#7551=CIRCLE('',#9645,2.35);
#7552=LINE('',#9646,#9647);
#7553=VERTEX_POINT('',#9648);
#7554=LINE('',#9649,#9650);
#7555=VERTEX_POINT('',#9651);
#7556=CIRCLE('',#9652,2.35);
#7557=LINE('',#9653,#9654);
#7558=VERTEX_POINT('',#9655);
#7559=LINE('',#9656,#9657);
#7560=VERTEX_POINT('',#9658);
#7561=CIRCLE('',#9659,2.35);
#7562=VERTEX_POINT('',#9660);
#7563=LINE('',#9661,#9662);
#7564=VERTEX_POINT('',#9663);
#7565=CIRCLE('',#9664,21.8);
#7566=VERTEX_POINT('',#9665);
#7567=LINE('',#9666,#9667);
#7568=VERTEX_POINT('',#9668);
#7569=CIRCLE('',#9669,2.35);
#7570=VERTEX_POINT('',#9670);
#7571=LINE('',#9671,#9672);
#7572=VERTEX_POINT('',#9673);
#7573=CIRCLE('',#9674,21.8);
#7574=VERTEX_POINT('',#9675);
#7575=LINE('',#9676,#9677);
#7576=VERTEX_POINT('',#9678);
#7577=CIRCLE('',#9679,2.35);
#7578=VERTEX_POINT('',#9680);
#7579=LINE('',#9681,#9682);
#7580=VERTEX_POINT('',#9683);
#7581=CIRCLE('',#9684,21.8);
#7582=VERTEX_POINT('',#9685);
#7583=LINE('',#9686,#9687);
#7584=VERTEX_POINT('',#9688);
#7585=CIRCLE('',#9689,2.35);
#7586=VERTEX_POINT('',#9690);
#7587=LINE('',#9691,#9692);
#7588=VERTEX_POINT('',#9693);
#7589=CIRCLE('',#9694,21.8);
#7590=VERTEX_POINT('',#9695);
#7591=LINE('',#9696,#9697);
#7592=VERTEX_POINT('',#9698);
#7593=CIRCLE('',#9699,2.35);
#7594=VERTEX_POINT('',#9700);
#7595=LINE('',#9701,#9702);
#7596=VERTEX_POINT('',#9703);
#7597=CIRCLE('',#9704,21.8);
#7598=VERTEX_POINT('',#9705);
#7599=LINE('',#9706,#9707);
#7600=VERTEX_POINT('',#9708);
#7601=CIRCLE('',#9709,2.35);
#7602=VERTEX_POINT('',#9710);
#7603=LINE('',#9711,#9712);
#7604=VERTEX_POINT('',#9713);
#7605=CIRCLE('',#9714,21.8);
#7606=VERTEX_POINT('',#9715);
#7607=LINE('',#9716,#9717);
#7608=VERTEX_POINT('',#9718);
#7609=CIRCLE('',#9719,2.35);
#7610=VERTEX_POINT('',#9720);
#7611=LINE('',#9721,#9722);
#7612=VERTEX_POINT('',#9723);
#7613=CIRCLE('',#9724,21.8);
#7614=VERTEX_POINT('',#9725);
#7615=LINE('',#9726,#9727);
#7616=VERTEX_POINT('',#9728);
#7617=CIRCLE('',#9729,2.35);
#7618=LINE('',#9730,#9731);
#7619=LINE('',#9732,#9733);
#7620=FILL_AREA_STYLE_COLOUR('',#9734);
#7621=LINE('',#9735,#9736);
#7622=LINE('',#9737,#9738);
#7623=FILL_AREA_STYLE_COLOUR('',#9739);
#7624=FILL_AREA_STYLE_COLOUR('',#9740);
#7625=FILL_AREA_STYLE_COLOUR('',#9741);
#7626=LINE('',#9742,#9743);
#7627=LINE('',#9744,#9745);
#7628=FILL_AREA_STYLE_COLOUR('',#9746);
#7629=FILL_AREA_STYLE_COLOUR('',#9747);
#7630=FILL_AREA_STYLE_COLOUR('',#9748);
#7631=LINE('',#9749,#9750);
#7632=LINE('',#9751,#9752);
#7633=FILL_AREA_STYLE_COLOUR('',#9753);
#7634=FILL_AREA_STYLE_COLOUR('',#9754);
#7635=LINE('',#9755,#9756);
#7636=FILL_AREA_STYLE_COLOUR('',#9757);
#7637=LINE('',#9758,#9759);
#7638=LINE('',#9760,#9761);
#7639=FILL_AREA_STYLE_COLOUR('',#9762);
#7640=LINE('',#9763,#9764);
#7641=FILL_AREA_STYLE_COLOUR('',#9765);
#7642=LINE('',#9766,#9767);
#7643=FILL_AREA_STYLE_COLOUR('',#9768);
#7644=LINE('',#9769,#9770);
#7645=LINE('',#9771,#9772);
#7646=FILL_AREA_STYLE_COLOUR('',#9773);
#7647=LINE('',#9774,#9775);
#7648=FILL_AREA_STYLE_COLOUR('',#9776);
#7649=LINE('',#9777,#9778);
#7650=FILL_AREA_STYLE_COLOUR('',#9779);
#7651=LINE('',#9780,#9781);
#7652=LINE('',#9782,#9783);
#7653=FILL_AREA_STYLE_COLOUR('',#9784);
#7654=LINE('',#9785,#9786);
#7655=FILL_AREA_STYLE_COLOUR('',#9787);
#7656=LINE('',#9788,#9789);
#7657=FILL_AREA_STYLE_COLOUR('',#9790);
#7658=LINE('',#9791,#9792);
#7659=LINE('',#9793,#9794);
#7660=FILL_AREA_STYLE_COLOUR('',#9795);
#7661=LINE('',#9796,#9797);
#7662=FILL_AREA_STYLE_COLOUR('',#9798);
#7663=LINE('',#9799,#9800);
#7664=FILL_AREA_STYLE_COLOUR('',#9801);
#7665=LINE('',#9802,#9803);
#7666=LINE('',#9804,#9805);
#7667=FILL_AREA_STYLE_COLOUR('',#9806);
#7668=LINE('',#9807,#9808);
#7669=FILL_AREA_STYLE_COLOUR('',#9809);
#7670=LINE('',#9810,#9811);
#7671=FILL_AREA_STYLE_COLOUR('',#9812);
#7672=LINE('',#9813,#9814);
#7673=LINE('',#9815,#9816);
#7674=FILL_AREA_STYLE_COLOUR('',#9817);
#7675=LINE('',#9818,#9819);
#7676=FILL_AREA_STYLE_COLOUR('',#9820);
#7677=LINE('',#9821,#9822);
#7678=FILL_AREA_STYLE_COLOUR('',#9823);
#7679=LINE('',#9824,#9825);
#7680=LINE('',#9826,#9827);
#7681=FILL_AREA_STYLE_COLOUR('',#9828);
#7682=LINE('',#9829,#9830);
#7683=FILL_AREA_STYLE_COLOUR('',#9831);
#7684=FILL_AREA_STYLE_COLOUR('',#9832);
#7685=FILL_AREA_STYLE_COLOUR('',#9833);
#7686=FILL_AREA_STYLE_COLOUR('',#9834);
#7687=FILL_AREA_STYLE_COLOUR('',#9835);
#7688=FILL_AREA_STYLE_COLOUR('',#9836);
#7689=FILL_AREA_STYLE_COLOUR('',#9837);
#7690=FILL_AREA_STYLE_COLOUR('',#9838);
#7691=FILL_AREA_STYLE_COLOUR('',#9839);
#7692=LINE('',#9840,#9841);
#7693=LINE('',#9842,#9843);
#7694=FILL_AREA_STYLE_COLOUR('',#9844);
#7695=FILL_AREA_STYLE_COLOUR('',#9845);
#7696=EDGE_CURVE('',#9846,#9846,#9847,.T.);
#7697=EDGE_CURVE('',#9848,#9848,#9849,.T.);
#7698=EDGE_CURVE('',#9850,#9850,#9851,.T.);
#7699=EDGE_CURVE('',#9852,#9852,#9853,.T.);
#7700=EDGE_CURVE('',#9854,#9854,#9855,.T.);
#7701=EDGE_CURVE('',#9856,#9856,#9857,.T.);
#7702=EDGE_CURVE('',#9858,#9858,#9859,.T.);
#7703=EDGE_CURVE('',#9860,#9860,#9861,.T.);
#7704=COLOUR_RGB('',0.901960790157318,0.82745099067688,0.776470601558685);
#7705=CARTESIAN_POINT('',(4.85436756440255,-5.03776363081484,-0.1));
#7706=CARTESIAN_POINT('',(3.44132396350127,-3.62483128907035,-0.0999798851505239));
#7707=CARTESIAN_POINT('',(-0.091698033206166,-0.0916980332061669,-0.1));
#7708=VECTOR('',#9862,1.0);
#7709=CARTESIAN_POINT('',(2.04692779475117,-5.01677627571999,1.03756443470161));
#7710=CARTESIAN_POINT('',(3.44010580100457,-3.62359826946657,-0.0999606440280163));
#7711=CARTESIAN_POINT('',(2.04692779475117,-5.01677627571999,1.0375644347016));
#7712=CARTESIAN_POINT('',(3.4611413571243,-6.4309898380931,1.03756443470161));
#7713=CARTESIAN_POINT('',(3.4611413571243,-6.4309898380931,1.03756443470161));
#7714=VECTOR('',#9863,1.0);
#7715=CARTESIAN_POINT('',(3.4611413571243,-6.4309898380931,1.03756443470161));
#7716=VECTOR('',#9864,1.0);
#7717=COLOUR_RGB('',0.901960790157318,0.82745099067688,0.776470601558685);
#7718=CARTESIAN_POINT('',(9.65000000000374,1.39194211712379E-011,4.6));
#7719=AXIS2_PLACEMENT_3D('',#9865,#9866,#9867);
#7720=CARTESIAN_POINT('',(8.00000000000374,-1.64999999998608,2.40000000000007));
#7721=AXIS2_PLACEMENT_3D('',#9868,#9869,#9870);
#7722=COLOUR_RGB('',0.901960790157318,0.82745099067688,0.776470601558685);
#7723=CARTESIAN_POINT('',(5.10000000000374,-1.674315780636,2.40000000000006));
#7724=CARTESIAN_POINT('',(8.00000000000374,-3.34863156128591,2.40000000000006));
#7725=CARTESIAN_POINT('',(5.10000000000374,-1.674315780636,2.40000000000006));
#7726=VECTOR('',#9871,1.0);
#7727=CARTESIAN_POINT('',(5.10000000000374,1.67431578066383,2.40000000000006));
#7728=CARTESIAN_POINT('',(5.10000000000374,1.67431578066383,2.40000000000006));
#7729=VECTOR('',#9872,1.0);
#7730=CARTESIAN_POINT('',(8.00000000000374,3.34863156131375,2.40000000000006));
#7731=CARTESIAN_POINT('',(8.00000000000374,3.34863156131375,2.40000000000006));
#7732=VECTOR('',#9873,1.0);
#7733=CARTESIAN_POINT('',(10.9000000000037,1.67431578066383,2.40000000000006));
#7734=CARTESIAN_POINT('',(10.9000000000037,1.67431578066383,2.40000000000006));
#7735=VECTOR('',#9874,1.0);
#7736=CARTESIAN_POINT('',(10.9000000000037,-1.674315780636,2.40000000000006));
#7737=CARTESIAN_POINT('',(10.9000000000037,-1.674315780636,2.40000000000006));
#7738=VECTOR('',#9875,1.0);
#7739=CARTESIAN_POINT('',(8.00000000000374,-3.34863156128591,2.40000000000006));
#7740=VECTOR('',#9876,1.0);
#7741=COLOUR_RGB('',0.901960790157318,0.82745099067688,0.776470601558685);
#7742=CARTESIAN_POINT('',(5.10000000000374,1.67431578066383,-0.0999999999999474));
#7743=CARTESIAN_POINT('',(5.10000000000374,-1.674315780636,-0.0999999999999474));
#7744=CARTESIAN_POINT('',(5.10000000000374,1.67431578066383,-0.0999999999999474));
#7745=VECTOR('',#9877,1.0);
#7746=CARTESIAN_POINT('',(5.10000000000374,1.67431578066383,2.40000000000006));
#7747=VECTOR('',#9878,1.0);
#7748=CARTESIAN_POINT('',(5.10000000000374,-1.674315780636,2.40000000000006));
#7749=VECTOR('',#9879,1.0);
#7750=COLOUR_RGB('',0.901960790157318,0.82745099067688,0.776470601558685);
#7751=CARTESIAN_POINT('',(8.00000000000374,3.34863156131375,-0.0999999999999474));
#7752=CARTESIAN_POINT('',(8.00000000000374,3.34863156131375,-0.0999999999999474));
#7753=VECTOR('',#9880,1.0);
#7754=CARTESIAN_POINT('',(8.00000000000374,3.34863156131375,2.40000000000006));
#7755=VECTOR('',#9881,1.0);
#7756=COLOUR_RGB('',0.901960790157318,0.82745099067688,0.776470601558685);
#7757=CARTESIAN_POINT('',(10.9000000000037,1.67431578066383,-0.0999999999999474));
#7758=CARTESIAN_POINT('',(10.9000000000037,1.67431578066383,-0.0999999999999474));
#7759=VECTOR('',#9882,1.0);
#7760=CARTESIAN_POINT('',(10.9000000000037,1.67431578066383,2.40000000000006));
#7761=VECTOR('',#9883,1.0);
#7762=COLOUR_RGB('',0.901960790157318,0.82745099067688,0.776470601558685);
#7763=CARTESIAN_POINT('',(10.9000000000037,-1.674315780636,-0.0999999999999474));
#7764=CARTESIAN_POINT('',(10.9000000000037,-1.674315780636,-0.0999999999999474));
#7765=VECTOR('',#9884,1.0);
#7766=CARTESIAN_POINT('',(10.9000000000037,-1.674315780636,2.40000000000006));
#7767=VECTOR('',#9885,1.0);
#7768=COLOUR_RGB('',0.901960790157318,0.82745099067688,0.776470601558685);
#7769=CARTESIAN_POINT('',(8.00000000000374,-3.34863156128591,-0.0999999999999474));
#7770=CARTESIAN_POINT('',(8.00000000000374,-3.34863156128591,-0.0999999999999474));
#7771=VECTOR('',#9886,1.0);
#7772=CARTESIAN_POINT('',(8.00000000000374,-3.34863156128591,2.40000000000006));
#7773=VECTOR('',#9887,1.0);
#7774=COLOUR_RGB('',0.901960790157318,0.82745099067688,0.776470601558685);
#7775=CARTESIAN_POINT('',(5.10000000000374,-1.674315780636,-0.0999999999999474));
#7776=VECTOR('',#9888,1.0);
#7777=COLOUR_RGB('',0.901960790157318,0.82745099067688,0.776470601558685);
#7778=CARTESIAN_POINT('',(1.65000000000373,8.00000000001391,4.6));
#7779=AXIS2_PLACEMENT_3D('',#9889,#9890,#9891);
#7780=CARTESIAN_POINT('',(1.65000000000373,8.00000000001391,2.40000000000007));
#7781=AXIS2_PLACEMENT_3D('',#9892,#9893,#9894);
#7782=COLOUR_RGB('',0.901960790157318,0.82745099067688,0.776470601558685);
#7783=CARTESIAN_POINT('',(1.67431578065364,5.10000000001392,2.40000000000006));
#7784=CARTESIAN_POINT('',(3.34863156130355,8.00000000001392,2.40000000000006));
#7785=CARTESIAN_POINT('',(1.67431578065364,5.10000000001392,2.40000000000006));
#7786=VECTOR('',#9895,1.0);
#7787=CARTESIAN_POINT('',(-1.67431578064618,5.10000000001392,2.40000000000006));
#7788=CARTESIAN_POINT('',(-1.67431578064618,5.10000000001392,2.40000000000006));
#7789=VECTOR('',#9896,1.0);
#7790=CARTESIAN_POINT('',(-3.3486315612961,8.00000000001392,2.40000000000006));
#7791=CARTESIAN_POINT('',(-3.3486315612961,8.00000000001392,2.40000000000006));
#7792=VECTOR('',#9897,1.0);
#7793=CARTESIAN_POINT('',(-1.67431578064618,10.9000000000139,2.40000000000006));
#7794=CARTESIAN_POINT('',(-1.67431578064618,10.9000000000139,2.40000000000006));
#7795=VECTOR('',#9898,1.0);
#7796=CARTESIAN_POINT('',(1.67431578065365,10.9000000000139,2.40000000000006));
#7797=CARTESIAN_POINT('',(1.67431578065365,10.9000000000139,2.40000000000006));
#7798=VECTOR('',#9899,1.0);
#7799=CARTESIAN_POINT('',(3.34863156130355,8.00000000001392,2.40000000000006));
#7800=VECTOR('',#9900,1.0);
#7801=COLOUR_RGB('',0.901960790157318,0.82745099067688,0.776470601558685);
#7802=CARTESIAN_POINT('',(-1.67431578064618,5.10000000001392,-0.0999999999999476));
#7803=CARTESIAN_POINT('',(1.67431578065364,5.10000000001392,-0.0999999999999476));
#7804=CARTESIAN_POINT('',(-1.67431578064618,5.10000000001392,-0.0999999999999476));
#7805=VECTOR('',#9901,1.0);
#7806=CARTESIAN_POINT('',(-1.67431578064618,5.10000000001392,2.40000000000006));
#7807=VECTOR('',#9902,1.0);
#7808=CARTESIAN_POINT('',(1.67431578065364,5.10000000001392,2.40000000000006));
#7809=VECTOR('',#9903,1.0);
#7810=COLOUR_RGB('',0.901960790157318,0.82745099067688,0.776470601558685);
#7811=CARTESIAN_POINT('',(-3.3486315612961,8.00000000001392,-0.0999999999999476));
#7812=CARTESIAN_POINT('',(-3.3486315612961,8.00000000001392,-0.0999999999999476));
#7813=VECTOR('',#9904,1.0);
#7814=CARTESIAN_POINT('',(-3.3486315612961,8.00000000001392,2.40000000000006));
#7815=VECTOR('',#9905,1.0);
#7816=COLOUR_RGB('',0.901960790157318,0.82745099067688,0.776470601558685);
#7817=CARTESIAN_POINT('',(-1.67431578064618,10.9000000000139,-0.0999999999999476));
#7818=CARTESIAN_POINT('',(-1.67431578064618,10.9000000000139,-0.0999999999999476));
#7819=VECTOR('',#9906,1.0);
#7820=CARTESIAN_POINT('',(-1.67431578064618,10.9000000000139,2.40000000000006));
#7821=VECTOR('',#9907,1.0);
#7822=COLOUR_RGB('',0.901960790157318,0.82745099067688,0.776470601558685);
#7823=CARTESIAN_POINT('',(1.67431578065365,10.9000000000139,-0.0999999999999476));
#7824=CARTESIAN_POINT('',(1.67431578065365,10.9000000000139,-0.0999999999999476));
#7825=VECTOR('',#9908,1.0);
#7826=CARTESIAN_POINT('',(1.67431578065365,10.9000000000139,2.40000000000006));
#7827=VECTOR('',#9909,1.0);
#7828=COLOUR_RGB('',0.901960790157318,0.82745099067688,0.776470601558685);
#7829=CARTESIAN_POINT('',(3.34863156130355,8.00000000001392,-0.0999999999999476));
#7830=CARTESIAN_POINT('',(3.34863156130355,8.00000000001392,-0.0999999999999476));
#7831=VECTOR('',#9910,1.0);
#7832=CARTESIAN_POINT('',(3.34863156130355,8.00000000001392,2.40000000000006));
#7833=VECTOR('',#9911,1.0);
#7834=COLOUR_RGB('',0.901960790157318,0.82745099067688,0.776470601558685);
#7835=CARTESIAN_POINT('',(1.67431578065364,5.10000000001392,-0.0999999999999476));
#7836=VECTOR('',#9912,1.0);
#7837=COLOUR_RGB('',0.901960790157318,0.82745099067688,0.776470601558685);
#7838=CARTESIAN_POINT('',(1.65000000000374,-7.99999999998609,4.6));
#7839=AXIS2_PLACEMENT_3D('',#9913,#9914,#9915);
#7840=CARTESIAN_POINT('',(-1.64999999999626,-7.99999999998609,2.40000000000007));
#7841=AXIS2_PLACEMENT_3D('',#9916,#9917,#9918);
#7842=COLOUR_RGB('',0.901960790157318,0.82745099067688,0.776470601558685);
#7843=CARTESIAN_POINT('',(-1.67431578064617,-5.09999999998609,2.40000000000006));
#7844=CARTESIAN_POINT('',(-3.34863156129609,-7.99999999998609,2.40000000000006));
#7845=CARTESIAN_POINT('',(-1.67431578064617,-5.09999999998609,2.40000000000006));
#7846=VECTOR('',#9919,1.0);
#7847=CARTESIAN_POINT('',(1.67431578065366,-5.09999999998609,2.40000000000006));
#7848=CARTESIAN_POINT('',(1.67431578065366,-5.09999999998609,2.40000000000006));
#7849=VECTOR('',#9920,1.0);
#7850=CARTESIAN_POINT('',(3.34863156130356,-7.99999999998609,2.40000000000006));
#7851=CARTESIAN_POINT('',(3.34863156130356,-7.99999999998609,2.40000000000006));
#7852=VECTOR('',#9921,1.0);
#7853=CARTESIAN_POINT('',(1.67431578065365,-10.8999999999861,2.40000000000006));
#7854=CARTESIAN_POINT('',(1.67431578065365,-10.8999999999861,2.40000000000006));
#7855=VECTOR('',#9922,1.0);
#7856=CARTESIAN_POINT('',(-1.67431578064617,-10.8999999999861,2.40000000000006));
#7857=CARTESIAN_POINT('',(-1.67431578064617,-10.8999999999861,2.40000000000006));
#7858=VECTOR('',#9923,1.0);
#7859=CARTESIAN_POINT('',(-3.34863156129609,-7.99999999998609,2.40000000000006));
#7860=VECTOR('',#9924,1.0);
#7861=COLOUR_RGB('',0.901960790157318,0.82745099067688,0.776470601558685);
#7862=CARTESIAN_POINT('',(1.67431578065366,-5.09999999998609,-0.0999999999999459));
#7863=CARTESIAN_POINT('',(-1.67431578064617,-5.09999999998609,-0.0999999999999459));
#7864=CARTESIAN_POINT('',(1.67431578065366,-5.09999999998609,-0.0999999999999459));
#7865=VECTOR('',#9925,1.0);
#7866=CARTESIAN_POINT('',(1.67431578065366,-5.09999999998609,2.40000000000006));
#7867=VECTOR('',#9926,1.0);
#7868=CARTESIAN_POINT('',(-1.67431578064617,-5.09999999998609,2.40000000000006));
#7869=VECTOR('',#9927,1.0);
#7870=COLOUR_RGB('',0.901960790157318,0.82745099067688,0.776470601558685);
#7871=CARTESIAN_POINT('',(3.34863156130356,-7.99999999998609,-0.0999999999999459));
#7872=CARTESIAN_POINT('',(3.34863156130356,-7.99999999998609,-0.0999999999999459));
#7873=VECTOR('',#9928,1.0);
#7874=CARTESIAN_POINT('',(3.34863156130356,-7.99999999998609,2.40000000000006));
#7875=VECTOR('',#9929,1.0);
#7876=COLOUR_RGB('',0.901960790157318,0.82745099067688,0.776470601558685);
#7877=CARTESIAN_POINT('',(1.67431578065365,-10.8999999999861,-0.0999999999999459));
#7878=CARTESIAN_POINT('',(1.67431578065365,-10.8999999999861,-0.0999999999999459));
#7879=VECTOR('',#9930,1.0);
#7880=CARTESIAN_POINT('',(1.67431578065365,-10.8999999999861,2.40000000000006));
#7881=VECTOR('',#9931,1.0);
#7882=COLOUR_RGB('',0.901960790157318,0.82745099067688,0.776470601558685);
#7883=CARTESIAN_POINT('',(-1.67431578064617,-10.8999999999861,-0.0999999999999459));
#7884=CARTESIAN_POINT('',(-1.67431578064617,-10.8999999999861,-0.0999999999999459));
#7885=VECTOR('',#9932,1.0);
#7886=CARTESIAN_POINT('',(-1.67431578064617,-10.8999999999861,2.40000000000006));
#7887=VECTOR('',#9933,1.0);
#7888=COLOUR_RGB('',0.901960790157318,0.82745099067688,0.776470601558685);
#7889=CARTESIAN_POINT('',(-3.34863156129609,-7.99999999998609,-0.0999999999999459));
#7890=CARTESIAN_POINT('',(-3.34863156129609,-7.99999999998609,-0.0999999999999459));
#7891=VECTOR('',#9934,1.0);
#7892=CARTESIAN_POINT('',(-3.34863156129609,-7.99999999998609,2.40000000000006));
#7893=VECTOR('',#9935,1.0);
#7894=COLOUR_RGB('',0.901960790157318,0.82745099067688,0.776470601558685);
#7895=CARTESIAN_POINT('',(-1.67431578064617,-5.09999999998609,-0.0999999999999459));
#7896=VECTOR('',#9936,1.0);
#7897=COLOUR_RGB('',0.901960790157318,0.82745099067688,0.776470601558685);
#7898=CARTESIAN_POINT('',(-6.34999999999627,1.39072781069061E-011,4.6));
#7899=AXIS2_PLACEMENT_3D('',#9937,#9938,#9939);
#7900=CARTESIAN_POINT('',(-7.99999999999627,1.6500000000139,2.40000000000007));
#7901=AXIS2_PLACEMENT_3D('',#9940,#9941,#9942);
#7902=COLOUR_RGB('',0.901960790157318,0.82745099067688,0.776470601558685);
#7903=CARTESIAN_POINT('',(-5.09999999999627,1.67431578066382,2.40000000000006));
#7904=CARTESIAN_POINT('',(-7.99999999999627,3.34863156131374,2.40000000000006));
#7905=CARTESIAN_POINT('',(-5.09999999999627,1.67431578066382,2.40000000000006));
#7906=VECTOR('',#9943,1.0);
#7907=CARTESIAN_POINT('',(-5.09999999999627,-1.67431578063601,2.40000000000006));
#7908=CARTESIAN_POINT('',(-5.09999999999627,-1.67431578063601,2.40000000000006));
#7909=VECTOR('',#9944,1.0);
#7910=CARTESIAN_POINT('',(-7.99999999999627,-3.34863156128592,2.40000000000006));
#7911=CARTESIAN_POINT('',(-7.99999999999627,-3.34863156128592,2.40000000000006));
#7912=VECTOR('',#9945,1.0);
#7913=CARTESIAN_POINT('',(-10.8999999999963,-1.674315780636,2.40000000000006));
#7914=CARTESIAN_POINT('',(-10.8999999999963,-1.674315780636,2.40000000000006));
#7915=VECTOR('',#9946,1.0);
#7916=CARTESIAN_POINT('',(-10.8999999999963,1.67431578066382,2.40000000000006));
#7917=CARTESIAN_POINT('',(-10.8999999999963,1.67431578066382,2.40000000000006));
#7918=VECTOR('',#9947,1.0);
#7919=CARTESIAN_POINT('',(-7.99999999999627,3.34863156131374,2.40000000000006));
#7920=VECTOR('',#9948,1.0);
#7921=COLOUR_RGB('',0.901960790157318,0.82745099067688,0.776470601558685);
#7922=CARTESIAN_POINT('',(-5.09999999999627,-1.67431578063601,-0.0999999999999463));
#7923=CARTESIAN_POINT('',(-5.09999999999627,1.67431578066382,-0.0999999999999463));
#7924=CARTESIAN_POINT('',(-5.09999999999627,-1.67431578063601,-0.0999999999999463));
#7925=VECTOR('',#9949,1.0);
#7926=CARTESIAN_POINT('',(-5.09999999999627,-1.67431578063601,2.40000000000006));
#7927=VECTOR('',#9950,1.0);
#7928=CARTESIAN_POINT('',(-5.09999999999627,1.67431578066382,2.40000000000006));
#7929=VECTOR('',#9951,1.0);
#7930=COLOUR_RGB('',0.901960790157318,0.82745099067688,0.776470601558685);
#7931=CARTESIAN_POINT('',(-7.99999999999627,-3.34863156128592,-0.0999999999999463));
#7932=CARTESIAN_POINT('',(-7.99999999999627,-3.34863156128592,-0.0999999999999463));
#7933=VECTOR('',#9952,1.0);
#7934=CARTESIAN_POINT('',(-7.99999999999627,-3.34863156128592,2.40000000000006));
#7935=VECTOR('',#9953,1.0);
#7936=COLOUR_RGB('',0.901960790157318,0.82745099067688,0.776470601558685);
#7937=CARTESIAN_POINT('',(-10.8999999999963,-1.674315780636,-0.0999999999999463));
#7938=CARTESIAN_POINT('',(-10.8999999999963,-1.674315780636,-0.0999999999999463));
#7939=VECTOR('',#9954,1.0);
#7940=CARTESIAN_POINT('',(-10.8999999999963,-1.674315780636,2.40000000000006));
#7941=VECTOR('',#9955,1.0);
#7942=COLOUR_RGB('',0.901960790157318,0.82745099067688,0.776470601558685);
#7943=CARTESIAN_POINT('',(-10.8999999999963,1.67431578066382,-0.0999999999999463));
#7944=CARTESIAN_POINT('',(-10.8999999999963,1.67431578066382,-0.0999999999999463));
#7945=VECTOR('',#9956,1.0);
#7946=CARTESIAN_POINT('',(-10.8999999999963,1.67431578066382,2.40000000000006));
#7947=VECTOR('',#9957,1.0);
#7948=COLOUR_RGB('',0.901960790157318,0.82745099067688,0.776470601558685);
#7949=CARTESIAN_POINT('',(-7.99999999999627,3.34863156131374,-0.0999999999999463));
#7950=CARTESIAN_POINT('',(-7.99999999999627,3.34863156131374,-0.0999999999999463));
#7951=VECTOR('',#9958,1.0);
#7952=CARTESIAN_POINT('',(-7.99999999999627,3.34863156131374,2.40000000000006));
#7953=VECTOR('',#9959,1.0);
#7954=COLOUR_RGB('',0.901960790157318,0.82745099067688,0.776470601558685);
#7955=CARTESIAN_POINT('',(-5.09999999999627,1.67431578066382,-0.0999999999999463));
#7956=VECTOR('',#9960,1.0);
#7957=COLOUR_RGB('',0.901960790157318,0.82745099067688,0.776470601558685);
#7958=CARTESIAN_POINT('',(2.09989065632111,-0.0214296872246001,-3.09999999999996));
#7959=CARTESIAN_POINT('',(2.09989065632111,-0.0214296872246001,4.6));
#7960=CARTESIAN_POINT('',(2.09989065632111,-0.0214296872246001,-5.10000000004056));
#7961=VECTOR('',#9961,1.0);
#7962=CARTESIAN_POINT('',(0.0214296872384275,-2.09989065630723,4.6));
#7963=AXIS2_PLACEMENT_3D('',#9962,#9963,#9964);
#7964=CARTESIAN_POINT('',(0.0214296872384275,-2.09989065630723,-3.09999999999996));
#7965=CARTESIAN_POINT('',(0.0214296872384275,-2.09989065630723,-5.10000000004056));
#7966=VECTOR('',#9965,1.0);
#7967=AXIS2_PLACEMENT_3D('',#9966,#9967,#9968);
#7968=COLOUR_RGB('',0.901960790157318,0.82745099067688,0.776470601558685);
#7969=CARTESIAN_POINT('',(0.247487373415095,-1.87383297013054,2.24999999999954));
#7970=AXIS2_PLACEMENT_3D('',#9969,#9970,#9971);
#7971=CARTESIAN_POINT('',(2.09989065632111,-0.0214296872246014,4.6));
#7972=VECTOR('',#9972,1.0);
#7973=CARTESIAN_POINT('',(1.06066017178165,-1.06066017176403,-3.09999999999996));
#7974=VECTOR('',#9973,1.0);
#7975=COLOUR_RGB('',0.901960790157318,0.82745099067688,0.776470601558685);
#7976=CARTESIAN_POINT('',(5.00000000000373,1.39159517242859E-011,-3.09999999999996));
#7977=AXIS2_PLACEMENT_3D('',#9974,#9975,#9976);
#7978=COLOUR_RGB('',0.901960790157318,0.82745099067688,0.776470601558685);
#7979=CARTESIAN_POINT('',(3.62483514602329,-3.44132799695145,-0.0999798865192052));
#7980=CARTESIAN_POINT('',(3.62610358450925,-3.44258228577625,-0.0999999999999599));
#7981=CARTESIAN_POINT('',(3.59631744574703,-3.47395629969019,-0.0999999999999599));
#7982=CARTESIAN_POINT('',(3.53593075351805,-3.53593113128392,-0.0999999999999586));
#7983=CARTESIAN_POINT('',(3.4739559159433,-3.59631781643667,-0.0999999999999604));
#7984=CARTESIAN_POINT('',(3.44258189885087,-3.62610395185096,-0.0999999999999604));
#7985=CARTESIAN_POINT('',(3.44258189885087,-3.62610395185096,-0.0999999999999604));
#7986=CARTESIAN_POINT('',(2.97184775364027,-4.07301360170748,-0.0999999999999604));
#7987=CARTESIAN_POINT('',(2.41318395931115,-4.42694726070011,-0.0999999999999599));
#7988=CARTESIAN_POINT('',(1.20284756558218,-4.89637382196741,-0.0999999999999599));
#7989=CARTESIAN_POINT('',(0.551635693018637,-5.01168803225565,-0.0999999999999599));
#7990=CARTESIAN_POINT('',(-0.746299922250552,-4.98641708007929,-0.0999999999999599));
#7991=CARTESIAN_POINT('',(-1.39252959258684,-4.84584153725921,-0.0999999999999599));
#7992=CARTESIAN_POINT('',(-2.58367604381587,-4.32965783533459,-0.0999999999999599));
#7993=CARTESIAN_POINT('',(-3.12813940271873,-3.95424616679679,-0.0999999999999599));
#7994=CARTESIAN_POINT('',(-4.03410183509334,-3.02445718346025,-0.0999999999999599));
#7995=CARTESIAN_POINT('',(-4.39525604476734,-2.47043380227778,-0.0999999999999599));
#7996=CARTESIAN_POINT('',(-4.8803508599996,-1.2662915753615,-0.0999999999999599));
#7997=CARTESIAN_POINT('',(-5.00410680929148,-0.616631098591534,-0.0999999999999599));
#7998=CARTESIAN_POINT('',(-4.99568263941131,0.681523174124132,-0.0999999999999599));
#7999=CARTESIAN_POINT('',(-4.86350572698505,1.32952281446629,-0.0999999999999599));
#8000=CARTESIAN_POINT('',(-4.36282423764334,2.52726799965331,-0.0999999999999599));
#8001=CARTESIAN_POINT('',(-3.99451025022001,3.07655761063321,-0.0999999999999599));
#8002=CARTESIAN_POINT('',(-3.07655718435974,3.99451057853834,-0.0999999999999599));
#8003=CARTESIAN_POINT('',(-2.52726753407691,4.36282450734675,-0.0999999999999599));
#8004=CARTESIAN_POINT('',(-1.32952229546198,4.86350586887658,-0.0999999999999599));
#8005=CARTESIAN_POINT('',(-0.681522641015171,4.99568271215454,-0.0999999999999599));
#8006=CARTESIAN_POINT('',(0.616631632599434,5.00410674350814,-0.0999999999999599));
#8007=CARTESIAN_POINT('',(1.26629209616335,4.88035072489074,-0.0999999999999599));
#8008=CARTESIAN_POINT('',(2.47043427131496,4.39525578116397,-0.0999999999999599));
#8009=CARTESIAN_POINT('',(3.02445761395852,4.03410151236991,-0.0999999999999599));
#8010=CARTESIAN_POINT('',(3.95424650061944,3.12813898077715,-0.0999999999999599));
#8011=CARTESIAN_POINT('',(4.32965811105733,2.58367558181397,-0.0999999999999599));
#8012=CARTESIAN_POINT('',(4.84584168587422,1.39252907550278,-0.0999999999999599));
#8013=CARTESIAN_POINT('',(4.98641715973488,0.746299390165618,-0.0999999999999599));
#8014=CARTESIAN_POINT('',(5.011687973408,-0.551636227800238,-0.0999999999999599));
#8015=CARTESIAN_POINT('',(4.89637369362868,-1.20284808805857,-0.0999999999999599));
#8016=CARTESIAN_POINT('',(4.42694700320588,-2.41318443169484,-0.0999999999999599));
#8017=CARTESIAN_POINT('',(4.07301328459802,-2.97184818825554,-0.09999999999996));
#8018=CARTESIAN_POINT('',(3.62610358450928,-3.44258228577622,-0.0999999999999599));
#8019=COLOUR_RGB('',0.901960790157318,0.82745099067688,0.776470601558685);
#8020=CARTESIAN_POINT('',(4.34502483360691,-2.71867923686421,2.24999999999954));
#8021=AXIS2_PLACEMENT_3D('',#9977,#9978,#9979);
#8022=CARTESIAN_POINT('',(2.04692779475005,-5.01677627572109,4.6));
#8023=CARTESIAN_POINT('',(2.04692779475117,-5.01677627571999,3.46243556529713));
#8024=VECTOR('',#9980,1.0);
#8025=CARTESIAN_POINT('',(5.01677627573355,-2.04692779473758,1.0375644347016));
#8026=CARTESIAN_POINT('',(5.01677627573355,-2.04692779473758,1.0375644347016));
#8027=CARTESIAN_POINT('',(3.62359826948403,-3.44010580098711,-0.0999606440248374));
#8028=CARTESIAN_POINT('',(5.01677627573344,-2.0469277947377,4.59999999999982));
#8029=CARTESIAN_POINT('',(5.01677627573355,-2.04692779473758,1.0375644347016));
#8030=VECTOR('',#9981,1.0);
#8031=CARTESIAN_POINT('',(3.53185203523559,-3.53185203523555,4.6));
#8032=VECTOR('',#9982,1.0);
#8033=COLOUR_RGB('',0.901960790157318,0.82745099067688,0.776470601558685);
#8034=CARTESIAN_POINT('',(9.42543747667229,-11.6253365931582,1.65213363649414));
#8035=CARTESIAN_POINT('',(9.42543747667229,-11.6253365931582,2.84786636350672));
#8036=CARTESIAN_POINT('',(9.42543747667229,-11.6253365931582,1.65213363649414));
#8037=CARTESIAN_POINT('',(9.39031138564167,-11.5644964188218,1.60482508010198));
#8038=CARTESIAN_POINT('',(9.350137954858,-11.5012403542794,1.56842656124206));
#8039=CARTESIAN_POINT('',(9.25876106556416,-11.3729357542777,1.5129139727138));
#8040=CARTESIAN_POINT('',(9.20720908126456,-11.3076467251613,1.49407042289146));
#8041=CARTESIAN_POINT('',(9.04278409590495,-11.1212974384686,1.4641125484731));
#8042=CARTESIAN_POINT('',(8.91614754842315,-11.005912295429,1.47755472152827));
#8043=CARTESIAN_POINT('',(8.72263215756536,-10.862872764857,1.55167394920828));
#8044=CARTESIAN_POINT('',(8.65781555739367,-10.8202128231619,1.58562355857075));
#8045=CARTESIAN_POINT('',(8.53594835976851,-10.7472946830115,1.67176929970264));
#8046=CARTESIAN_POINT('',(8.47703329449472,-10.7159709418711,1.72557161653288));
#8047=CARTESIAN_POINT('',(8.3768127723117,-10.666709065697,1.85045837942088));
#8048=CARTESIAN_POINT('',(8.33450571876906,-10.6481495701814,1.92304830272864));
#8049=CARTESIAN_POINT('',(8.27697780003123,-10.6238167892157,2.07811420256687));
#8050=CARTESIAN_POINT('',(8.26113418945287,-10.6176526189049,2.16256119409765));
#8051=CARTESIAN_POINT('',(8.26026042253858,-10.6173042024153,2.3300462917542));
#8052=CARTESIAN_POINT('',(8.27522040260366,-10.6231116654335,2.4147875405819));
#8053=CARTESIAN_POINT('',(8.33147560052782,-10.6468328217219,2.57095497145255));
#8054=CARTESIAN_POINT('',(8.37318755888654,-10.6650471801549,2.64396957098784));
#8055=CARTESIAN_POINT('',(8.52256134421267,-10.7381232226487,2.83315106976007));
#8056=CARTESIAN_POINT('',(8.65514116304938,-10.813320392461,2.9218806749052));
#8057=CARTESIAN_POINT('',(8.91285318936446,-11.0031507704716,3.02176450142057));
#8058=CARTESIAN_POINT('',(9.04049820278288,-11.1188945510902,3.03604041836569));
#8059=CARTESIAN_POINT('',(9.20662764990257,-11.3068953187789,3.00616522957861));
#8060=CARTESIAN_POINT('',(9.25709304010107,-11.370735840297,2.98784459975261));
#8061=CARTESIAN_POINT('',(9.34900341665569,-11.4995093917871,2.93250979645399));
#8062=CARTESIAN_POINT('',(9.39027130344646,-11.5644269944233,2.89522890344037));
#8063=CARTESIAN_POINT('',(9.42543747667229,-11.6253365931582,2.84786636350672));
#8064=AXIS2_PLACEMENT_3D('',#9983,#9984,#9985);
#8065=CARTESIAN_POINT('',(11.625336593166,-9.42543747666857,2.84786636353577));
#8066=CARTESIAN_POINT('',(11.625336593166,-9.42543747666857,1.65213363646509));
#8067=CARTESIAN_POINT('',(11.625336593166,-9.42543747666857,2.84786636353577));
#8068=CARTESIAN_POINT('',(11.5644964188275,-9.39031138563671,2.89517491992695));
#8069=CARTESIAN_POINT('',(11.5012403542833,-9.35013795485175,2.93157343878583));
#8070=CARTESIAN_POINT('',(11.3729357542787,-9.25876106555531,2.98708602731202));
#8071=CARTESIAN_POINT('',(11.3076467251611,-9.20720908125431,3.00592957713332));
#8072=CARTESIAN_POINT('',(11.1212974384656,-9.04278409589051,3.03588745154868));
#8073=CARTESIAN_POINT('',(11.005912295425,-8.91614754840562,3.02244527849148));
#8074=CARTESIAN_POINT('',(10.8628727648527,-8.72263215754394,2.94832605080827));
#8075=CARTESIAN_POINT('',(10.8202128231574,-8.65781555737066,2.9143764414445));
#8076=CARTESIAN_POINT('',(10.7472946830073,-8.53594835974317,2.82823070031009));
#8077=CARTESIAN_POINT('',(10.7159709418672,-8.4770332944684,2.77442838347858));
#8078=CARTESIAN_POINT('',(10.6667090656936,-8.37681277228356,2.64954162058758));
#8079=CARTESIAN_POINT('',(10.6481495701784,-8.33450571874034,2.57695169727842));
#8080=CARTESIAN_POINT('',(10.6238167892131,-8.27697780000162,2.42188579743697));
#8081=CARTESIAN_POINT('',(10.6176526189024,-8.26113418942311,2.33743880590484));
#8082=CARTESIAN_POINT('',(10.6173042024128,-8.26026042250881,2.16995370824512));
#8083=CARTESIAN_POINT('',(10.6231116654309,-8.27522040257408,2.08521245941597));
#8084=CARTESIAN_POINT('',(10.6468328217189,-8.33147560049903,1.92904502854232));
#8085=CARTESIAN_POINT('',(10.6650471801515,-8.37318755885842,1.85603042900547));
#8086=CARTESIAN_POINT('',(10.7381232226444,-8.52256134418694,1.66684893022906));
#8087=CARTESIAN_POINT('',(10.8133203924565,-8.65514116302645,1.57811932508116));
#8088=CARTESIAN_POINT('',(11.0031507704676,-8.91285318934701,1.47823549856139));
#8089=CARTESIAN_POINT('',(11.1188945510866,-9.04049820276786,1.46395958161421));
#8090=CARTESIAN_POINT('',(11.3068953187789,-9.20662764989254,1.49383477039837));
#8091=CARTESIAN_POINT('',(11.3707358402983,-9.25709304009239,1.51215540022345));
#8092=CARTESIAN_POINT('',(11.4995093917908,-9.34900341664929,1.56749020351981));
#8093=CARTESIAN_POINT('',(11.5644269944289,-9.3902713034415,1.60477109653242));
#8094=CARTESIAN_POINT('',(11.625336593166,-9.42543747666857,1.65213363646508));
#8095=AXIS2_PLACEMENT_3D('',#9986,#9987,#9988);
#8096=CARTESIAN_POINT('',(13.623006523916,-13.0613989064546,3.86849334012028));
#8097=CARTESIAN_POINT('',(13.9879557846365,-12.4292882447022,3.5));
#8098=AXIS2_PLACEMENT_3D('',#9989,#9990,#9991);
#8099=CARTESIAN_POINT('',(15.4416598718634,-14.1113989064546,3.62565443770386));
#8100=AXIS2_PLACEMENT_3D('',#9992,#9993,#9994);
#8101=CARTESIAN_POINT('',(15.5252624805311,-13.9665949405968,3.5));
#8102=AXIS2_PLACEMENT_3D('',#9995,#9996,#9997);
#8103=CARTESIAN_POINT('',(13.9879557846365,-12.4292882447022,3.5));
#8104=CARTESIAN_POINT('',(14.0173383997798,-12.3783960624146,3.44995131158831));
#8105=CARTESIAN_POINT('',(14.0475068084326,-12.3331665932355,3.3961145394148));
#8106=CARTESIAN_POINT('',(14.1123676702911,-12.2569098517912,3.28038724082974));
#8107=CARTESIAN_POINT('',(14.1474291264107,-12.2258654100641,3.21784013293475));
#8108=CARTESIAN_POINT('',(14.2595522811078,-12.1642105807979,3.02767419465254));
#8109=CARTESIAN_POINT('',(14.3465709074739,-12.1662504355707,2.89368765869758));
#8110=CARTESIAN_POINT('',(14.539779831455,-12.2526844873416,2.66932079071798));
#8111=CARTESIAN_POINT('',(14.6436244345696,-12.3325000403797,2.58138917279039));
#8112=CARTESIAN_POINT('',(14.8588209858567,-12.5210905764598,2.4690320365684));
#8113=CARTESIAN_POINT('',(14.9701360893287,-12.6294028702525,2.44430220348906));
#8114=CARTESIAN_POINT('',(15.1855585767136,-12.8471678790314,2.4579274397971));
#8115=CARTESIAN_POINT('',(15.2900860749378,-12.9573750995144,2.49664469764519));
#8116=CARTESIAN_POINT('',(15.466852468275,-13.1691563122954,2.626696219393));
#8117=CARTESIAN_POINT('',(15.5398441182645,-13.272832486628,2.71938505972265));
#8118=CARTESIAN_POINT('',(15.6296188947533,-13.4729778857057,2.93150053728818));
#8119=CARTESIAN_POINT('',(15.6467982844868,-13.5712409239075,3.05187987153595));
#8120=CARTESIAN_POINT('',(15.6235363758038,-13.7672553376012,3.28638354893536));
#8121=CARTESIAN_POINT('',(15.5839756246637,-13.864900791887,3.39999134379195));
#8122=CARTESIAN_POINT('',(15.5252624805311,-13.9665949405968,3.5));
#8123=CARTESIAN_POINT('',(14.1113989064582,-15.4416598718558,3.62565443769603));
#8124=CARTESIAN_POINT('',(13.9665949406106,-15.5252624805176,3.5));
#8125=AXIS2_PLACEMENT_3D('',#9998,#9999,#10000);
#8126=CARTESIAN_POINT('',(13.0613989064583,-13.6230065239084,3.86849334011751));
#8127=AXIS2_PLACEMENT_3D('',#10001,#10002,#10003);
#8128=CARTESIAN_POINT('',(12.429288244716,-13.9879557846229,3.5));
#8129=AXIS2_PLACEMENT_3D('',#10004,#10005,#10006);
#8130=CARTESIAN_POINT('',(13.9665949406106,-15.5252624805176,3.5));
#8131=CARTESIAN_POINT('',(13.8648772449379,-15.5839892194956,3.39996818709959));
#8132=CARTESIAN_POINT('',(13.7692665000859,-15.6228889572336,3.28874790393819));
#8133=CARTESIAN_POINT('',(13.5735492891798,-15.6469241602692,3.05468232037338));
#8134=CARTESIAN_POINT('',(13.4760809710438,-15.6305007512481,2.93510603282407));
#8135=CARTESIAN_POINT('',(13.3257076773303,-15.5638051812783,2.77527098873624));
#8136=CARTESIAN_POINT('',(13.2741523027177,-15.5342824638512,2.72461080912773));
#8137=CARTESIAN_POINT('',(13.1712477840985,-15.465042838107,2.63548893353247));
#8138=CARTESIAN_POINT('',(13.1193014062021,-15.4251306687127,2.59631172417359));
#8139=CARTESIAN_POINT('',(12.9588316611087,-15.2915134767145,2.49709399135841));
#8140=CARTESIAN_POINT('',(12.8494921385237,-15.187799044019,2.45841070851033));
#8141=CARTESIAN_POINT('',(12.6853128968624,-15.0254733798939,2.44763551855926));
#8142=CARTESIAN_POINT('',(12.6317433326866,-14.9712380380234,2.45187292664692));
#8143=CARTESIAN_POINT('',(12.5271823135949,-14.8622570801814,2.4760162248336));
#8144=CARTESIAN_POINT('',(12.4757205789437,-14.8069553831767,2.49634079623103));
#8145=CARTESIAN_POINT('',(12.3347951545981,-14.6464273112157,2.57948173367579));
#8146=CARTESIAN_POINT('',(12.2541752925419,-14.5418886406889,2.66738327965672));
#8147=CARTESIAN_POINT('',(12.1668633855066,-14.3491353385382,2.89021054762442));
#8148=CARTESIAN_POINT('',(12.1637953248086,-14.2610553033483,3.02523679932095));
#8149=CARTESIAN_POINT('',(12.2457459041783,-14.1105371574898,3.28030024488172));
#8150=CARTESIAN_POINT('',(12.3271284850037,-14.0469377493932,3.39953344988881));
#8151=CARTESIAN_POINT('',(12.429288244716,-13.9879557846229,3.5));
#8152=CARTESIAN_POINT('',(5.18556757983906,-7.54235448152017,2.25000000000043));
#8153=AXIS2_PLACEMENT_3D('',#10007,#10008,#10009);
#8154=CARTESIAN_POINT('',(16.5482141679278,-14.1914272662193,2.25000000000043));
#8155=CARTESIAN_POINT('',(16.5482141679278,-14.1914272662193,2.02971987618493));
#8156=CARTESIAN_POINT('',(16.5482141679278,-14.1914272662193,2.36014006190818));
#8157=CARTESIAN_POINT('',(16.5411609155392,-14.1996636072298,2.46843155083696));
#8158=CARTESIAN_POINT('',(16.5134642020696,-14.2318639341168,2.68147105748755));
#8159=CARTESIAN_POINT('',(16.4924817430182,-14.2562198535754,2.78732568089416));
#8160=CARTESIAN_POINT('',(16.4375124777745,-14.3195650108611,2.98912229714144));
#8161=CARTESIAN_POINT('',(16.4037966854182,-14.3582424182375,3.08482551717568));
#8162=CARTESIAN_POINT('',(16.3237316956045,-14.4492025581805,3.26594784836147));
#8163=CARTESIAN_POINT('',(16.2769637134078,-14.501943845334,3.35167311112419));
#8164=CARTESIAN_POINT('',(16.1227671619706,-14.6737885743305,3.58217469402854));
#8165=CARTESIAN_POINT('',(15.9972347324646,-14.8111012142036,3.70632397471988));
#8166=CARTESIAN_POINT('',(15.7219775748349,-15.1029685624828,3.87257505287759));
#8167=CARTESIAN_POINT('',(15.5693190335743,-15.2605239043386,3.9163823246494));
#8168=CARTESIAN_POINT('',(15.3386867777296,-15.4911752035063,3.91655847315837));
#8169=CARTESIAN_POINT('',(15.2600025370083,-15.5686784522981,3.90573474775491));
#8170=CARTESIAN_POINT('',(15.1065946694094,-15.7175769021413,3.86321056310136));
#8171=CARTESIAN_POINT('',(15.0314739419852,-15.7893945978868,3.83174696750057));
#8172=CARTESIAN_POINT('',(14.8846013859186,-15.9279261744481,3.74829303620297));
#8173=CARTESIAN_POINT('',(14.8131005956575,-15.994380760318,3.6961316989809));
#8174=CARTESIAN_POINT('',(14.6800000256678,-16.1166300574745,3.57553965627567));
#8175=CARTESIAN_POINT('',(14.6175565733082,-16.1732221214584,3.5066923941542));
#8176=CARTESIAN_POINT('',(14.5015449199119,-16.2773237634346,3.3511939755652));
#8177=CARTESIAN_POINT('',(14.4498193688843,-16.323185300454,3.26698222430782));
#8178=CARTESIAN_POINT('',(14.3590224869075,-16.4031134656451,3.08656968428252));
#8179=CARTESIAN_POINT('',(14.3195827030861,-16.4374971066998,2.9891754999703));
#8180=CARTESIAN_POINT('',(14.2562129659256,-16.4924877381631,2.78730689721869));
#8181=CARTESIAN_POINT('',(14.2322480536861,-16.5131333651464,2.68343162683565));
#8182=CARTESIAN_POINT('',(14.1997919816445,-16.5410509301794,2.4698525531136));
#8183=CARTESIAN_POINT('',(14.1914573035112,-16.5481884085291,2.35937669016579));
#8184=CARTESIAN_POINT('',(14.1913674406789,-16.5482654731506,2.03305501507037));
#8185=CARTESIAN_POINT('',(14.2246500208498,-16.5198743567433,1.81374235610408));
#8186=CARTESIAN_POINT('',(14.3502828431749,-16.4108591883279,1.41252721190639));
#8187=CARTESIAN_POINT('',(14.4438754342684,-16.3290566634215,1.2265356865213));
#8188=CARTESIAN_POINT('',(14.6155003718104,-16.1750751513272,0.995851573928796));
#8189=CARTESIAN_POINT('',(14.6790343194951,-16.1175111262212,0.925431352749853));
#8190=CARTESIAN_POINT('',(14.8125337789447,-15.994907205245,0.804286887582667));
#8191=CARTESIAN_POINT('',(14.8826463257886,-15.9297521900709,0.753029872965802));
#8192=CARTESIAN_POINT('',(15.0293625518978,-15.7914036038343,0.669246501087035));
#8193=CARTESIAN_POINT('',(15.1059582732242,-15.7181860669983,0.637049459525598));
#8194=CARTESIAN_POINT('',(15.2588528536737,-15.5698027662236,0.594501296376777));
#8195=CARTESIAN_POINT('',(15.3359768122263,-15.4938670775788,0.583608870497735));
#8196=CARTESIAN_POINT('',(15.569356956696,-15.260521982104,0.583284671285145));
#8197=CARTESIAN_POINT('',(15.7199468684508,-15.1051025881203,0.626422613500692));
#8198=CARTESIAN_POINT('',(15.9279769537787,-14.8845478129513,0.751734479417203));
#8199=CARTESIAN_POINT('',(15.9932126161148,-14.814363558579,0.802856279459982));
#8200=CARTESIAN_POINT('',(16.1158613290798,-14.6808457199127,0.923563948449885));
#8201=CARTESIAN_POINT('',(16.1735595575841,-14.6171784948568,0.993863175937436));
#8202=CARTESIAN_POINT('',(16.3279303140881,-14.4451526579398,1.22429521469639));
#8203=CARTESIAN_POINT('',(16.409895638609,-14.3513866718604,1.40999456084964));
#8204=CARTESIAN_POINT('',(16.5193678809258,-14.225240212029,1.81087833087068));
#8205=CARTESIAN_POINT('',(16.5482141679278,-14.1914272662193,2.02971987618493));
#8206=CARTESIAN_POINT('',(16.5482141679278,-14.1914272662193,2.36014006190818));
#8207=COLOUR_RGB('',0.901960790157318,0.82745099067688,0.776470601558685);
#8208=CARTESIAN_POINT('',(9.42543747667229,-11.6253365931582,-0.100000000000022));
#8209=CARTESIAN_POINT('',(9.42543747667229,-11.6253365931582,-0.100000000000022));
#8210=VECTOR('',#10010,1.0);
#8211=CARTESIAN_POINT('',(9.42543747667229,-11.6253365931582,4.6));
#8212=CARTESIAN_POINT('',(9.42543747667229,-11.6253365931582,-0.100000000000022));
#8213=VECTOR('',#10011,1.0);
#8214=CARTESIAN_POINT('',(5.35511807888533,-13.975336593158,4.6));
#8215=AXIS2_PLACEMENT_3D('',#10012,#10013,#10014);
#8216=CARTESIAN_POINT('',(5.35511807888533,-13.975336593158,-0.100000000000022));
#8217=CARTESIAN_POINT('',(5.35511807888533,-13.975336593158,-0.100000000000022));
#8218=VECTOR('',#10015,1.0);
#8219=AXIS2_PLACEMENT_3D('',#10016,#10017,#10018);
#8220=COLOUR_RGB('',0.901960790157318,0.82745099067688,0.776470601558685);
#8221=CARTESIAN_POINT('',(12.8716432152383,-17.5943400256904,-0.100000000000022));
#8222=CARTESIAN_POINT('',(9.42543747667229,-11.6253365931582,-0.100000000000022));
#8223=VECTOR('',#10019,1.0);
#8224=CARTESIAN_POINT('',(12.8716432152383,-17.5943400256904,4.6));
#8225=CARTESIAN_POINT('',(12.8716432152383,-17.5943400256904,4.6));
#8226=VECTOR('',#10020,1.0);
#8227=CARTESIAN_POINT('',(12.2494442883216,-16.5166598718558,4.6));
#8228=CARTESIAN_POINT('',(9.42543747667229,-11.6253365931582,4.6));
#8229=VECTOR('',#10021,1.0);
#8230=CARTESIAN_POINT('',(12.2494442883216,-16.5166598718558,3.5));
#8231=CARTESIAN_POINT('',(12.2494442883216,-16.5166598718558,-0.100000000000022));
#8232=VECTOR('',#10022,1.0);
#8233=CARTESIAN_POINT('',(11.1994442883216,-14.6980065239084,3.5));
#8234=AXIS2_PLACEMENT_3D('',#10023,#10024,#10025);
#8235=CARTESIAN_POINT('',(11.1994442883216,-14.6980065239084,4.6));
#8236=CARTESIAN_POINT('',(11.1994442883216,-14.6980065239084,-0.100000000000022));
#8237=VECTOR('',#10026,1.0);
#8238=CARTESIAN_POINT('',(9.42543747667229,-11.6253365931582,4.6));
#8239=VECTOR('',#10027,1.0);
#8240=COLOUR_RGB('',0.901960790157318,0.82745099067688,0.776470601558685);
#8241=CARTESIAN_POINT('',(7.12912489053468,-17.0480065239082,3.5));
#8242=CARTESIAN_POINT('',(8.17912489053461,-18.8666598718556,3.5));
#8243=AXIS2_PLACEMENT_3D('',#10028,#10029,#10030);
#8244=CARTESIAN_POINT('',(8.17912489053461,-18.8666598718556,4.6));
#8245=CARTESIAN_POINT('',(8.17912489053461,-18.8666598718556,-0.100000000000022));
#8246=VECTOR('',#10031,1.0);
#8247=CARTESIAN_POINT('',(8.80132381745147,-19.9443400256905,4.6));
#8248=CARTESIAN_POINT('',(8.86484030110733,-20.0543538025006,4.6));
#8249=VECTOR('',#10032,1.0);
#8250=CARTESIAN_POINT('',(8.80132381745147,-19.9443400256905,-0.100000000000022));
#8251=CARTESIAN_POINT('',(8.80132381745147,-19.9443400256905,4.6));
#8252=VECTOR('',#10033,1.0);
#8253=CARTESIAN_POINT('',(8.86484030110733,-20.0543538025006,-0.100000000000022));
#8254=VECTOR('',#10034,1.0);
#8255=CARTESIAN_POINT('',(7.12912489053468,-17.0480065239082,4.6));
#8256=CARTESIAN_POINT('',(8.86484030110733,-20.0543538025006,4.6));
#8257=VECTOR('',#10035,1.0);
#8258=CARTESIAN_POINT('',(7.12912489053468,-17.0480065239082,-0.100000000000022));
#8259=VECTOR('',#10036,1.0);
#8260=COLOUR_RGB('',0.901960790157318,0.82745099067688,0.776470601558685);
#8261=CARTESIAN_POINT('',(-2.35000000000623,-14.7805555555539,4.6));
#8262=CARTESIAN_POINT('',(2.34999999999377,-14.780555555554,4.6));
#8263=AXIS2_PLACEMENT_3D('',#10037,#10038,#10039);
#8264=CARTESIAN_POINT('',(-2.35000000000623,-14.7805555555539,-0.100000000000022));
#8265=CARTESIAN_POINT('',(-2.35000000000623,-14.7805555555539,-0.100000000000022));
#8266=VECTOR('',#10040,1.0);
#8267=CARTESIAN_POINT('',(2.34999999999377,-14.7805555555539,-0.100000000000022));
#8268=AXIS2_PLACEMENT_3D('',#10041,#10042,#10043);
#8269=CARTESIAN_POINT('',(2.34999999999377,-14.7805555555539,-0.100000000000022));
#8270=VECTOR('',#10044,1.0);
#8271=COLOUR_RGB('',0.901960790157318,0.82745099067688,0.776470601558685);
#8272=CARTESIAN_POINT('',(2.34999999999377,-20.4285691788531,4.6));
#8273=CARTESIAN_POINT('',(2.34999999999377,-21.6729670326891,4.6));
#8274=CARTESIAN_POINT('',(2.34999999999377,-14.7805555555539,4.6));
#8275=VECTOR('',#10045,1.0);
#8276=CARTESIAN_POINT('',(2.34999999999377,-20.4285691788531,3.5));
#8277=CARTESIAN_POINT('',(2.34999999999377,-20.4285691788531,-0.100000000000022));
#8278=VECTOR('',#10046,1.0);
#8279=CARTESIAN_POINT('',(2.34999999999377,-18.3285691788531,3.5));
#8280=AXIS2_PLACEMENT_3D('',#10047,#10048,#10049);
#8281=CARTESIAN_POINT('',(2.34999999999377,-18.3285691788531,4.6));
#8282=CARTESIAN_POINT('',(2.34999999999377,-18.3285691788531,-0.100000000000022));
#8283=VECTOR('',#10050,1.0);
#8284=CARTESIAN_POINT('',(2.34999999999377,-14.7805555555539,4.6));
#8285=VECTOR('',#10051,1.0);
#8286=CARTESIAN_POINT('',(2.34999999999377,-21.6729670326891,-0.100000000000022));
#8287=CARTESIAN_POINT('',(2.34999999999377,-14.7805555555539,-0.100000000000022));
#8288=VECTOR('',#10052,1.0);
#8289=CARTESIAN_POINT('',(2.34999999999377,-21.6729670326891,4.6));
#8290=VECTOR('',#10053,1.0);
#8291=COLOUR_RGB('',0.901960790157318,0.82745099067688,0.776470601558685);
#8292=CARTESIAN_POINT('',(-2.35000000000623,-18.3285691788531,3.5));
#8293=CARTESIAN_POINT('',(-2.35000000000623,-20.4285691788531,3.5));
#8294=AXIS2_PLACEMENT_3D('',#10054,#10055,#10056);
#8295=CARTESIAN_POINT('',(-2.35000000000623,-20.4285691788531,4.6));
#8296=CARTESIAN_POINT('',(-2.35000000000623,-20.4285691788531,-0.100000000000022));
#8297=VECTOR('',#10057,1.0);
#8298=CARTESIAN_POINT('',(-2.35000000000623,-21.6729670326878,4.6));
#8299=CARTESIAN_POINT('',(-2.35000000000623,-21.7999999999984,4.6));
#8300=VECTOR('',#10058,1.0);
#8301=CARTESIAN_POINT('',(-2.35000000000623,-21.6729670326878,-0.100000000000022));
#8302=CARTESIAN_POINT('',(-2.35000000000623,-21.6729670326878,4.6));
#8303=VECTOR('',#10059,1.0);
#8304=CARTESIAN_POINT('',(-2.35000000000623,-21.7999999999984,-0.100000000000022));
#8305=VECTOR('',#10060,1.0);
#8306=CARTESIAN_POINT('',(-2.35000000000623,-18.3285691788531,4.6));
#8307=CARTESIAN_POINT('',(-2.35000000000623,-21.7999999999984,4.6));
#8308=VECTOR('',#10061,1.0);
#8309=CARTESIAN_POINT('',(-2.35000000000623,-18.3285691788531,-0.100000000000022));
#8310=VECTOR('',#10062,1.0);
#8311=COLOUR_RGB('',0.901960790157318,0.82745099067688,0.776470601558685);
#8312=CARTESIAN_POINT('',(-9.42543747668254,-11.6253365931521,4.6));
#8313=CARTESIAN_POINT('',(-5.35511807889576,-13.9753365931523,4.6));
#8314=AXIS2_PLACEMENT_3D('',#10063,#10064,#10065);
#8315=CARTESIAN_POINT('',(-9.42543747668254,-11.6253365931521,-0.100000000000022));
#8316=CARTESIAN_POINT('',(-9.42543747668254,-11.6253365931521,-0.100000000000022));
#8317=VECTOR('',#10066,1.0);
#8318=CARTESIAN_POINT('',(-5.35511807889576,-13.9753365931523,-0.100000000000022));
#8319=AXIS2_PLACEMENT_3D('',#10067,#10068,#10069);
#8320=CARTESIAN_POINT('',(-5.35511807889576,-13.9753365931523,-0.100000000000022));
#8321=VECTOR('',#10070,1.0);
#8322=COLOUR_RGB('',0.901960790157318,0.82745099067688,0.776470601558685);
#8323=CARTESIAN_POINT('',(-8.17912489054539,-18.8666598718496,4.6));
#8324=CARTESIAN_POINT('',(-8.80132381746291,-19.9443400256855,4.6));
#8325=CARTESIAN_POINT('',(-5.35511807889576,-13.9753365931523,4.6));
#8326=VECTOR('',#10071,1.0);
#8327=CARTESIAN_POINT('',(-8.17912489054539,-18.8666598718496,3.5));
#8328=CARTESIAN_POINT('',(-8.17912489054539,-18.8666598718496,-0.100000000000022));
#8329=VECTOR('',#10072,1.0);
#8330=CARTESIAN_POINT('',(-7.12912489054533,-17.0480065239023,3.5));
#8331=AXIS2_PLACEMENT_3D('',#10073,#10074,#10075);
#8332=CARTESIAN_POINT('',(-7.12912489054532,-17.0480065239023,4.6));
#8333=CARTESIAN_POINT('',(-7.12912489054532,-17.0480065239023,-0.100000000000022));
#8334=VECTOR('',#10076,1.0);
#8335=CARTESIAN_POINT('',(-5.35511807889576,-13.9753365931523,4.6));
#8336=VECTOR('',#10077,1.0);
#8337=CARTESIAN_POINT('',(-8.80132381746291,-19.9443400256855,-0.100000000000022));
#8338=CARTESIAN_POINT('',(-5.35511807889576,-13.9753365931523,-0.100000000000022));
#8339=VECTOR('',#10078,1.0);
#8340=CARTESIAN_POINT('',(-8.80132381746291,-19.9443400256855,4.6));
#8341=VECTOR('',#10079,1.0);
#8342=COLOUR_RGB('',0.901960790157318,0.82745099067688,0.776470601558685);
#8343=CARTESIAN_POINT('',(-11.1994442883321,-14.6980065239022,3.5));
#8344=CARTESIAN_POINT('',(-12.2494442883322,-16.5166598718494,3.5));
#8345=AXIS2_PLACEMENT_3D('',#10080,#10081,#10082);
#8346=CARTESIAN_POINT('',(-12.2494442883322,-16.5166598718494,4.6));
#8347=CARTESIAN_POINT('',(-12.2494442883322,-16.5166598718494,-0.100000000000022));
#8348=VECTOR('',#10083,1.0);
#8349=CARTESIAN_POINT('',(-12.8716432152483,-17.594340025683,4.6));
#8350=CARTESIAN_POINT('',(-12.935159698905,-17.7043538024944,4.6));
#8351=VECTOR('',#10084,1.0);
#8352=CARTESIAN_POINT('',(-12.8716432152483,-17.594340025683,-0.100000000000022));
#8353=CARTESIAN_POINT('',(-12.8716432152483,-17.594340025683,4.6));
#8354=VECTOR('',#10085,1.0);
#8355=CARTESIAN_POINT('',(-12.935159698905,-17.7043538024944,-0.100000000000022));
#8356=VECTOR('',#10086,1.0);
#8357=CARTESIAN_POINT('',(-11.1994442883321,-14.6980065239022,4.6));
#8358=CARTESIAN_POINT('',(-12.935159698905,-17.7043538024944,4.6));
#8359=VECTOR('',#10087,1.0);
#8360=CARTESIAN_POINT('',(-11.1994442883321,-14.6980065239022,-0.100000000000022));
#8361=VECTOR('',#10088,1.0);
#8362=COLOUR_RGB('',0.901960790157318,0.82745099067688,0.776470601558685);
#8363=CARTESIAN_POINT('',(-13.975336593172,-5.35511807887147,4.6));
#8364=CARTESIAN_POINT('',(-11.6253365931721,-9.42543747665842,4.6));
#8365=AXIS2_PLACEMENT_3D('',#10089,#10090,#10091);
#8366=CARTESIAN_POINT('',(-13.975336593172,-5.35511807887147,-0.100000000000022));
#8367=CARTESIAN_POINT('',(-13.975336593172,-5.35511807887147,-0.100000000000022));
#8368=VECTOR('',#10092,1.0);
#8369=CARTESIAN_POINT('',(-11.6253365931721,-9.42543747665842,-0.100000000000022));
#8370=AXIS2_PLACEMENT_3D('',#10093,#10094,#10095);
#8371=CARTESIAN_POINT('',(-11.6253365931721,-9.42543747665842,-0.100000000000022));
#8372=VECTOR('',#10096,1.0);
#8373=COLOUR_RGB('',0.901960790157318,0.82745099067688,0.776470601558685);
#8374=CARTESIAN_POINT('',(-16.5166598718697,-12.2494442883077,4.6));
#8375=CARTESIAN_POINT('',(-17.5943400257017,-12.8716432152228,4.6));
#8376=CARTESIAN_POINT('',(-11.6253365931721,-9.42543747665842,4.6));
#8377=VECTOR('',#10097,1.0);
#8378=CARTESIAN_POINT('',(-16.5166598718697,-12.2494442883077,3.5));
#8379=CARTESIAN_POINT('',(-16.5166598718697,-12.2494442883077,-0.100000000000022));
#8380=VECTOR('',#10098,1.0);
#8381=CARTESIAN_POINT('',(-14.6980065239223,-11.1994442883077,3.5));
#8382=AXIS2_PLACEMENT_3D('',#10099,#10100,#10101);
#8383=CARTESIAN_POINT('',(-14.6980065239223,-11.1994442883077,4.6));
#8384=CARTESIAN_POINT('',(-14.6980065239223,-11.1994442883077,-0.100000000000022));
#8385=VECTOR('',#10102,1.0);
#8386=CARTESIAN_POINT('',(-11.6253365931721,-9.42543747665842,4.6));
#8387=VECTOR('',#10103,1.0);
#8388=CARTESIAN_POINT('',(-17.5943400257017,-12.8716432152228,-0.100000000000022));
#8389=CARTESIAN_POINT('',(-11.6253365931721,-9.42543747665842,-0.100000000000022));
#8390=VECTOR('',#10104,1.0);
#8391=CARTESIAN_POINT('',(-17.5943400257017,-12.8716432152228,4.6));
#8392=VECTOR('',#10105,1.0);
#8393=COLOUR_RGB('',0.901960790157318,0.82745099067688,0.776470601558685);
#8394=CARTESIAN_POINT('',(-17.0480065239222,-7.1291248905208,3.5));
#8395=CARTESIAN_POINT('',(-18.8666598718696,-8.17912489052073,3.5));
#8396=AXIS2_PLACEMENT_3D('',#10106,#10107,#10108);
#8397=CARTESIAN_POINT('',(-18.8666598718696,-8.17912489052073,4.6));
#8398=CARTESIAN_POINT('',(-18.8666598718696,-8.17912489052073,-0.100000000000022));
#8399=VECTOR('',#10109,1.0);
#8400=CARTESIAN_POINT('',(-19.9443400256982,-8.801323817434,4.6));
#8401=CARTESIAN_POINT('',(-20.0543538025146,-8.86484030109347,4.6));
#8402=VECTOR('',#10110,1.0);
#8403=CARTESIAN_POINT('',(-19.9443400256982,-8.80132381743399,-0.100000000000022));
#8404=CARTESIAN_POINT('',(-19.9443400256982,-8.80132381743399,4.6));
#8405=VECTOR('',#10111,1.0);
#8406=CARTESIAN_POINT('',(-20.0543538025146,-8.86484030109347,-0.100000000000022));
#8407=VECTOR('',#10112,1.0);
#8408=CARTESIAN_POINT('',(-17.0480065239222,-7.1291248905208,4.6));
#8409=CARTESIAN_POINT('',(-20.0543538025146,-8.86484030109347,4.6));
#8410=VECTOR('',#10113,1.0);
#8411=CARTESIAN_POINT('',(-17.0480065239222,-7.1291248905208,-0.100000000000022));
#8412=VECTOR('',#10114,1.0);
#8413=COLOUR_RGB('',0.901960790157318,0.82745099067688,0.776470601558685);
#8414=CARTESIAN_POINT('',(-14.780555555568,2.35000000002004,4.6));
#8415=CARTESIAN_POINT('',(-14.780555555568,-2.34999999997996,4.6));
#8416=AXIS2_PLACEMENT_3D('',#10115,#10116,#10117);
#8417=CARTESIAN_POINT('',(-14.780555555568,2.35000000002004,-0.100000000000022));
#8418=CARTESIAN_POINT('',(-14.780555555568,2.35000000002004,-0.100000000000022));
#8419=VECTOR('',#10118,1.0);
#8420=CARTESIAN_POINT('',(-14.780555555568,-2.34999999997996,-0.100000000000022));
#8421=AXIS2_PLACEMENT_3D('',#10119,#10120,#10121);
#8422=CARTESIAN_POINT('',(-14.780555555568,-2.34999999997996,-0.100000000000022));
#8423=VECTOR('',#10122,1.0);
#8424=COLOUR_RGB('',0.901960790157318,0.82745099067688,0.776470601558685);
#8425=CARTESIAN_POINT('',(-20.4285691788671,-2.34999999997996,4.6));
#8426=CARTESIAN_POINT('',(-21.6729670326906,-2.34999999997996,4.6));
#8427=CARTESIAN_POINT('',(-14.780555555568,-2.34999999997996,4.6));
#8428=VECTOR('',#10123,1.0);
#8429=CARTESIAN_POINT('',(-20.4285691788671,-2.34999999997996,3.49999999999996));
#8430=CARTESIAN_POINT('',(-20.4285691788671,-2.34999999997996,-0.100000000000022));
#8431=VECTOR('',#10124,1.0);
#8432=CARTESIAN_POINT('',(-18.328569178867,-2.34999999997996,3.49999999999996));
#8433=AXIS2_PLACEMENT_3D('',#10125,#10126,#10127);
#8434=CARTESIAN_POINT('',(-18.328569178867,-2.34999999997996,4.6));
#8435=CARTESIAN_POINT('',(-18.328569178867,-2.34999999997996,-0.100000000000022));
#8436=VECTOR('',#10128,1.0);
#8437=CARTESIAN_POINT('',(-14.780555555568,-2.34999999997996,4.6));
#8438=VECTOR('',#10129,1.0);
#8439=CARTESIAN_POINT('',(-21.6729670326906,-2.34999999997996,-0.100000000000022));
#8440=CARTESIAN_POINT('',(-14.780555555568,-2.34999999997996,-0.100000000000022));
#8441=VECTOR('',#10130,1.0);
#8442=CARTESIAN_POINT('',(-21.6729670326906,-2.34999999997996,4.6));
#8443=VECTOR('',#10131,1.0);
#8444=COLOUR_RGB('',0.901960790157318,0.82745099067688,0.776470601558685);
#8445=CARTESIAN_POINT('',(-18.328569178867,2.35000000002004,3.49999999999996));
#8446=CARTESIAN_POINT('',(-20.4285691788671,2.35000000002004,3.49999999999996));
#8447=AXIS2_PLACEMENT_3D('',#10132,#10133,#10134);
#8448=CARTESIAN_POINT('',(-20.4285691788671,2.35000000002004,4.6));
#8449=CARTESIAN_POINT('',(-20.4285691788671,2.35000000002004,-0.100000000000022));
#8450=VECTOR('',#10135,1.0);
#8451=CARTESIAN_POINT('',(-21.6729670326863,2.35000000002004,4.6));
#8452=CARTESIAN_POINT('',(-21.8000000000124,2.35000000002004,4.6));
#8453=VECTOR('',#10136,1.0);
#8454=CARTESIAN_POINT('',(-21.6729670326863,2.35000000002004,-0.100000000000022));
#8455=CARTESIAN_POINT('',(-21.6729670326863,2.35000000002004,4.6));
#8456=VECTOR('',#10137,1.0);
#8457=CARTESIAN_POINT('',(-21.8000000000124,2.35000000002004,-0.100000000000022));
#8458=VECTOR('',#10138,1.0);
#8459=CARTESIAN_POINT('',(-18.328569178867,2.35000000002004,4.6));
#8460=CARTESIAN_POINT('',(-21.8000000000124,2.35000000002004,4.6));
#8461=VECTOR('',#10139,1.0);
#8462=CARTESIAN_POINT('',(-18.328569178867,2.35000000002004,-0.100000000000022));
#8463=VECTOR('',#10140,1.0);
#8464=COLOUR_RGB('',0.901960790157318,0.82745099067688,0.776470601558685);
#8465=CARTESIAN_POINT('',(-11.6253365931661,9.4254374766964,4.6));
#8466=CARTESIAN_POINT('',(-13.9753365931662,5.35511807890963,4.6));
#8467=AXIS2_PLACEMENT_3D('',#10141,#10142,#10143);
#8468=CARTESIAN_POINT('',(-11.6253365931661,9.4254374766964,-0.100000000000022));
#8469=CARTESIAN_POINT('',(-11.6253365931661,9.4254374766964,-0.100000000000022));
#8470=VECTOR('',#10144,1.0);
#8471=CARTESIAN_POINT('',(-13.9753365931662,5.35511807890963,-0.100000000000022));
#8472=AXIS2_PLACEMENT_3D('',#10145,#10146,#10147);
#8473=CARTESIAN_POINT('',(-13.9753365931662,5.35511807890963,-0.100000000000022));
#8474=VECTOR('',#10148,1.0);
#8475=COLOUR_RGB('',0.901960790157318,0.82745099067688,0.776470601558685);
#8476=CARTESIAN_POINT('',(-18.8666598718636,8.17912489055926,4.6));
#8477=CARTESIAN_POINT('',(-19.9443400256834,8.80132381746753,4.6));
#8478=CARTESIAN_POINT('',(-13.9753365931662,5.35511807890963,4.6));
#8479=VECTOR('',#10149,1.0);
#8480=CARTESIAN_POINT('',(-18.8666598718636,8.17912489055926,3.49999999999994));
#8481=CARTESIAN_POINT('',(-18.8666598718636,8.17912489055926,-0.100000000000022));
#8482=VECTOR('',#10150,1.0);
#8483=CARTESIAN_POINT('',(-17.0480065239163,7.12912489055919,3.49999999999994));
#8484=AXIS2_PLACEMENT_3D('',#10151,#10152,#10153);
#8485=CARTESIAN_POINT('',(-17.0480065239163,7.12912489055919,4.6));
#8486=CARTESIAN_POINT('',(-17.0480065239163,7.12912489055919,-0.100000000000022));
#8487=VECTOR('',#10154,1.0);
#8488=CARTESIAN_POINT('',(-13.9753365931662,5.35511807890963,4.6));
#8489=VECTOR('',#10155,1.0);
#8490=CARTESIAN_POINT('',(-19.9443400256834,8.80132381746753,-0.100000000000022));
#8491=CARTESIAN_POINT('',(-13.9753365931662,5.35511807890963,-0.100000000000022));
#8492=VECTOR('',#10156,1.0);
#8493=CARTESIAN_POINT('',(-19.9443400256834,8.80132381746753,4.6));
#8494=VECTOR('',#10157,1.0);
#8495=COLOUR_RGB('',0.901960790157318,0.82745099067688,0.776470601558685);
#8496=CARTESIAN_POINT('',(-14.6980065239161,11.199444288346,3.49999999999994));
#8497=CARTESIAN_POINT('',(-16.5166598718634,12.249444288346,3.49999999999994));
#8498=AXIS2_PLACEMENT_3D('',#10158,#10159,#10160);
#8499=CARTESIAN_POINT('',(-16.5166598718634,12.249444288346,4.6));
#8500=CARTESIAN_POINT('',(-16.5166598718634,12.249444288346,-0.100000000000022));
#8501=VECTOR('',#10161,1.0);
#8502=CARTESIAN_POINT('',(-17.5943400256801,12.8716432152524,4.6));
#8503=CARTESIAN_POINT('',(-17.7043538025084,12.9351596989189,4.6));
#8504=VECTOR('',#10162,1.0);
#8505=CARTESIAN_POINT('',(-17.5943400256801,12.8716432152524,-0.100000000000022));
#8506=CARTESIAN_POINT('',(-17.5943400256801,12.8716432152524,4.6));
#8507=VECTOR('',#10163,1.0);
#8508=CARTESIAN_POINT('',(-17.7043538025084,12.9351596989189,-0.100000000000022));
#8509=VECTOR('',#10164,1.0);
#8510=CARTESIAN_POINT('',(-14.6980065239161,11.199444288346,4.6));
#8511=CARTESIAN_POINT('',(-17.7043538025084,12.9351596989189,4.6));
#8512=VECTOR('',#10165,1.0);
#8513=CARTESIAN_POINT('',(-14.6980065239161,11.199444288346,-0.100000000000022));
#8514=VECTOR('',#10166,1.0);
#8515=COLOUR_RGB('',0.901960790157318,0.82745099067688,0.776470601558685);
#8516=CARTESIAN_POINT('',(-5.35511807888544,13.9753365931859,4.6));
#8517=CARTESIAN_POINT('',(-9.42543747667239,11.625336593186,4.6));
#8518=AXIS2_PLACEMENT_3D('',#10167,#10168,#10169);
#8519=CARTESIAN_POINT('',(-5.35511807888544,13.9753365931859,-0.100000000000022));
#8520=CARTESIAN_POINT('',(-5.35511807888544,13.9753365931859,-0.100000000000022));
#8521=VECTOR('',#10170,1.0);
#8522=CARTESIAN_POINT('',(-9.42543747667239,11.625336593186,-0.100000000000022));
#8523=AXIS2_PLACEMENT_3D('',#10171,#10172,#10173);
#8524=CARTESIAN_POINT('',(-9.42543747667239,11.625336593186,-0.100000000000022));
#8525=VECTOR('',#10174,1.0);
#8526=COLOUR_RGB('',0.901960790157318,0.82745099067688,0.776470601558685);
#8527=CARTESIAN_POINT('',(-12.2494442883217,16.5166598718836,4.6));
#8528=CARTESIAN_POINT('',(-12.871643215227,17.5943400256986,4.6));
#8529=CARTESIAN_POINT('',(-9.42543747667239,11.625336593186,4.6));
#8530=VECTOR('',#10175,1.0);
#8531=CARTESIAN_POINT('',(-12.2494442883217,16.5166598718836,3.49999999999992));
#8532=CARTESIAN_POINT('',(-12.2494442883217,16.5166598718836,-0.100000000000022));
#8533=VECTOR('',#10176,1.0);
#8534=CARTESIAN_POINT('',(-11.1994442883217,14.6980065239362,3.49999999999992));
#8535=AXIS2_PLACEMENT_3D('',#10177,#10178,#10179);
#8536=CARTESIAN_POINT('',(-11.1994442883217,14.6980065239362,4.6));
#8537=CARTESIAN_POINT('',(-11.1994442883217,14.6980065239362,-0.100000000000022));
#8538=VECTOR('',#10180,1.0);
#8539=CARTESIAN_POINT('',(-9.42543747667239,11.625336593186,4.6));
#8540=VECTOR('',#10181,1.0);
#8541=CARTESIAN_POINT('',(-12.871643215227,17.5943400256986,-0.100000000000022));
#8542=CARTESIAN_POINT('',(-9.42543747667239,11.625336593186,-0.100000000000022));
#8543=VECTOR('',#10182,1.0);
#8544=CARTESIAN_POINT('',(-12.871643215227,17.5943400256986,4.6));
#8545=VECTOR('',#10183,1.0);
#8546=COLOUR_RGB('',0.901960790157318,0.82745099067688,0.776470601558685);
#8547=CARTESIAN_POINT('',(-7.12912489053478,17.048006523936,3.49999999999992));
#8548=CARTESIAN_POINT('',(-8.17912489053471,18.8666598718835,3.49999999999992));
#8549=AXIS2_PLACEMENT_3D('',#10184,#10185,#10186);
#8550=CARTESIAN_POINT('',(-8.17912489053471,18.8666598718835,4.6));
#8551=CARTESIAN_POINT('',(-8.17912489053471,18.8666598718835,-0.100000000000022));
#8552=VECTOR('',#10187,1.0);
#8553=CARTESIAN_POINT('',(-8.80132381743875,19.9443400256962,4.6));
#8554=CARTESIAN_POINT('',(-8.86484030110744,20.0543538025285,4.6));
#8555=VECTOR('',#10188,1.0);
#8556=CARTESIAN_POINT('',(-8.80132381743875,19.9443400256962,-0.100000000000022));
#8557=CARTESIAN_POINT('',(-8.80132381743875,19.9443400256962,4.6));
#8558=VECTOR('',#10189,1.0);
#8559=CARTESIAN_POINT('',(-8.86484030110744,20.0543538025285,-0.100000000000022));
#8560=VECTOR('',#10190,1.0);
#8561=CARTESIAN_POINT('',(-7.12912489053478,17.048006523936,4.6));
#8562=CARTESIAN_POINT('',(-8.86484030110744,20.0543538025285,4.6));
#8563=VECTOR('',#10191,1.0);
#8564=CARTESIAN_POINT('',(-7.12912489053478,17.048006523936,-0.100000000000022));
#8565=VECTOR('',#10192,1.0);
#8566=COLOUR_RGB('',0.901960790157318,0.82745099067688,0.776470601558685);
#8567=CARTESIAN_POINT('',(2.35000000000612,14.7805555555818,4.6));
#8568=CARTESIAN_POINT('',(-2.34999999999388,14.7805555555818,4.6));
#8569=AXIS2_PLACEMENT_3D('',#10193,#10194,#10195);
#8570=CARTESIAN_POINT('',(2.35000000000612,14.7805555555818,-0.100000000000022));
#8571=CARTESIAN_POINT('',(2.35000000000612,14.7805555555818,-0.100000000000022));
#8572=VECTOR('',#10196,1.0);
#8573=CARTESIAN_POINT('',(-2.34999999999388,14.7805555555818,-0.100000000000022));
#8574=AXIS2_PLACEMENT_3D('',#10197,#10198,#10199);
#8575=CARTESIAN_POINT('',(-2.34999999999388,14.7805555555818,-0.100000000000022));
#8576=VECTOR('',#10200,1.0);
#8577=COLOUR_RGB('',0.901960790157318,0.82745099067688,0.776470601558685);
#8578=CARTESIAN_POINT('',(-2.34999999999388,20.428569178881,4.6));
#8579=CARTESIAN_POINT('',(-2.34999999999388,21.6729670326891,4.6));
#8580=CARTESIAN_POINT('',(-2.34999999999388,14.7805555555818,4.6));
#8581=VECTOR('',#10201,1.0);
#8582=CARTESIAN_POINT('',(-2.34999999999388,20.428569178881,3.49999999999992));
#8583=CARTESIAN_POINT('',(-2.34999999999388,20.428569178881,-0.100000000000022));
#8584=VECTOR('',#10202,1.0);
#8585=CARTESIAN_POINT('',(-2.34999999999388,18.328569178881,3.49999999999992));
#8586=AXIS2_PLACEMENT_3D('',#10203,#10204,#10205);
#8587=CARTESIAN_POINT('',(-2.34999999999388,18.328569178881,4.6));
#8588=CARTESIAN_POINT('',(-2.34999999999388,18.328569178881,-0.100000000000022));
#8589=VECTOR('',#10206,1.0);
#8590=CARTESIAN_POINT('',(-2.34999999999388,14.7805555555818,4.6));
#8591=VECTOR('',#10207,1.0);
#8592=CARTESIAN_POINT('',(-2.34999999999388,21.6729670326891,-0.100000000000022));
#8593=CARTESIAN_POINT('',(-2.34999999999388,14.7805555555818,-0.100000000000022));
#8594=VECTOR('',#10208,1.0);
#8595=CARTESIAN_POINT('',(-2.34999999999388,21.6729670326891,4.6));
#8596=VECTOR('',#10209,1.0);
#8597=COLOUR_RGB('',0.901960790157318,0.82745099067688,0.776470601558685);
#8598=CARTESIAN_POINT('',(2.35000000000612,18.328569178881,3.49999999999992));
#8599=CARTESIAN_POINT('',(2.35000000000612,20.428569178881,3.49999999999992));
#8600=AXIS2_PLACEMENT_3D('',#10210,#10211,#10212);
#8601=CARTESIAN_POINT('',(2.35000000000612,20.428569178881,4.6));
#8602=CARTESIAN_POINT('',(2.35000000000612,20.428569178881,-0.100000000000022));
#8603=VECTOR('',#10213,1.0);
#8604=CARTESIAN_POINT('',(2.35000000000612,21.6729670326878,4.6));
#8605=CARTESIAN_POINT('',(2.35000000000612,21.8000000000262,4.6));
#8606=VECTOR('',#10214,1.0);
#8607=CARTESIAN_POINT('',(2.35000000000612,21.6729670326878,-0.100000000000022));
#8608=CARTESIAN_POINT('',(2.35000000000612,21.6729670326878,4.6));
#8609=VECTOR('',#10215,1.0);
#8610=CARTESIAN_POINT('',(2.35000000000612,21.8000000000262,-0.100000000000022));
#8611=VECTOR('',#10216,1.0);
#8612=CARTESIAN_POINT('',(2.35000000000612,18.328569178881,4.6));
#8613=CARTESIAN_POINT('',(2.35000000000612,21.8000000000262,4.6));
#8614=VECTOR('',#10217,1.0);
#8615=CARTESIAN_POINT('',(2.35000000000612,18.328569178881,-0.100000000000022));
#8616=VECTOR('',#10218,1.0);
#8617=COLOUR_RGB('',0.901960790157318,0.82745099067688,0.776470601558685);
#8618=CARTESIAN_POINT('',(9.42543747668243,11.62533659318,4.6));
#8619=CARTESIAN_POINT('',(5.35511807889566,13.9753365931801,4.6));
#8620=AXIS2_PLACEMENT_3D('',#10219,#10220,#10221);
#8621=CARTESIAN_POINT('',(9.42543747668243,11.62533659318,-0.100000000000022));
#8622=CARTESIAN_POINT('',(9.42543747668243,11.62533659318,-0.100000000000022));
#8623=VECTOR('',#10222,1.0);
#8624=CARTESIAN_POINT('',(5.35511807889566,13.9753365931801,-0.100000000000022));
#8625=AXIS2_PLACEMENT_3D('',#10223,#10224,#10225);
#8626=CARTESIAN_POINT('',(5.35511807889566,13.9753365931801,-0.100000000000022));
#8627=VECTOR('',#10226,1.0);
#8628=COLOUR_RGB('',0.901960790157318,0.82745099067688,0.776470601558685);
#8629=CARTESIAN_POINT('',(8.17912489054531,18.8666598718775,4.6));
#8630=CARTESIAN_POINT('',(8.80132381745001,19.9443400256911,4.6));
#8631=CARTESIAN_POINT('',(5.35511807889566,13.9753365931801,4.6));
#8632=VECTOR('',#10227,1.0);
#8633=CARTESIAN_POINT('',(8.17912489054531,18.8666598718775,3.49999999999993));
#8634=CARTESIAN_POINT('',(8.17912489054531,18.8666598718775,-0.100000000000022));
#8635=VECTOR('',#10228,1.0);
#8636=CARTESIAN_POINT('',(7.12912489054524,17.0480065239302,3.49999999999993));
#8637=AXIS2_PLACEMENT_3D('',#10229,#10230,#10231);
#8638=CARTESIAN_POINT('',(7.12912489054524,17.0480065239302,4.6));
#8639=CARTESIAN_POINT('',(7.12912489054524,17.0480065239302,-0.100000000000022));
#8640=VECTOR('',#10232,1.0);
#8641=CARTESIAN_POINT('',(5.35511807889566,13.9753365931801,4.6));
#8642=VECTOR('',#10233,1.0);
#8643=CARTESIAN_POINT('',(8.80132381745001,19.9443400256911,-0.100000000000022));
#8644=CARTESIAN_POINT('',(5.35511807889566,13.9753365931801,-0.100000000000022));
#8645=VECTOR('',#10234,1.0);
#8646=CARTESIAN_POINT('',(8.80132381745001,19.9443400256911,4.6));
#8647=VECTOR('',#10235,1.0);
#8648=COLOUR_RGB('',0.901960790157318,0.82745099067688,0.776470601558685);
#8649=CARTESIAN_POINT('',(11.199444288332,14.69800652393,3.49999999999993));
#8650=CARTESIAN_POINT('',(12.2494442883321,16.5166598718773,3.49999999999993));
#8651=AXIS2_PLACEMENT_3D('',#10236,#10237,#10238);
#8652=CARTESIAN_POINT('',(12.2494442883321,16.5166598718773,4.6));
#8653=CARTESIAN_POINT('',(12.2494442883321,16.5166598718773,-0.100000000000022));
#8654=VECTOR('',#10239,1.0);
#8655=CARTESIAN_POINT('',(12.871643215237,17.5943400256914,4.6));
#8656=CARTESIAN_POINT('',(12.9351596989049,17.7043538025223,4.6));
#8657=VECTOR('',#10240,1.0);
#8658=CARTESIAN_POINT('',(12.871643215237,17.5943400256914,-0.100000000000022));
#8659=CARTESIAN_POINT('',(12.871643215237,17.5943400256914,4.6));
#8660=VECTOR('',#10241,1.0);
#8661=CARTESIAN_POINT('',(12.9351596989049,17.7043538025223,-0.100000000000022));
#8662=VECTOR('',#10242,1.0);
#8663=CARTESIAN_POINT('',(11.199444288332,14.69800652393,4.6));
#8664=CARTESIAN_POINT('',(12.9351596989049,17.7043538025223,4.6));
#8665=VECTOR('',#10243,1.0);
#8666=CARTESIAN_POINT('',(11.199444288332,14.69800652393,-0.100000000000022));
#8667=VECTOR('',#10244,1.0);
#8668=COLOUR_RGB('',0.901960790157318,0.82745099067688,0.776470601558685);
#8669=CARTESIAN_POINT('',(13.9753365931719,5.35511807889931,4.6));
#8670=CARTESIAN_POINT('',(11.625336593172,9.42543747668625,4.6));
#8671=AXIS2_PLACEMENT_3D('',#10245,#10246,#10247);
#8672=CARTESIAN_POINT('',(13.9753365931719,5.35511807889931,-0.100000000000022));
#8673=CARTESIAN_POINT('',(13.9753365931719,5.35511807889931,-0.100000000000022));
#8674=VECTOR('',#10248,1.0);
#8675=CARTESIAN_POINT('',(11.625336593172,9.42543747668626,-0.100000000000022));
#8676=AXIS2_PLACEMENT_3D('',#10249,#10250,#10251);
#8677=CARTESIAN_POINT('',(11.625336593172,9.42543747668626,-0.100000000000022));
#8678=VECTOR('',#10252,1.0);
#8679=COLOUR_RGB('',0.901960790157318,0.82745099067688,0.776470601558685);
#8680=CARTESIAN_POINT('',(16.5166598718696,12.2494442883355,4.6));
#8681=CARTESIAN_POINT('',(17.5943400256873,12.8716432152424,4.6));
#8682=CARTESIAN_POINT('',(11.625336593172,9.42543747668626,4.6));
#8683=VECTOR('',#10253,1.0);
#8684=CARTESIAN_POINT('',(16.5166598718696,12.2494442883355,3.49999999999994));
#8685=CARTESIAN_POINT('',(16.5166598718696,12.2494442883355,-0.100000000000022));
#8686=VECTOR('',#10254,1.0);
#8687=CARTESIAN_POINT('',(14.6980065239223,11.1994442883356,3.49999999999994));
#8688=AXIS2_PLACEMENT_3D('',#10255,#10256,#10257);
#8689=CARTESIAN_POINT('',(14.6980065239223,11.1994442883356,4.6));
#8690=CARTESIAN_POINT('',(14.6980065239223,11.1994442883356,-0.100000000000022));
#8691=VECTOR('',#10258,1.0);
#8692=CARTESIAN_POINT('',(11.625336593172,9.42543747668626,4.6));
#8693=VECTOR('',#10259,1.0);
#8694=CARTESIAN_POINT('',(17.5943400256873,12.8716432152425,-0.100000000000022));
#8695=CARTESIAN_POINT('',(11.625336593172,9.42543747668626,-0.100000000000022));
#8696=VECTOR('',#10260,1.0);
#8697=CARTESIAN_POINT('',(17.5943400256873,12.8716432152425,4.6));
#8698=VECTOR('',#10261,1.0);
#8699=COLOUR_RGB('',0.901960790157318,0.82745099067688,0.776470601558685);
#8700=CARTESIAN_POINT('',(17.0480065239221,7.12912489054867,3.49999999999994));
#8701=CARTESIAN_POINT('',(18.8666598718695,8.1791248905486,3.49999999999994));
#8702=AXIS2_PLACEMENT_3D('',#10262,#10263,#10264);
#8703=CARTESIAN_POINT('',(18.8666598718695,8.1791248905486,4.6));
#8704=CARTESIAN_POINT('',(18.8666598718695,8.1791248905486,-0.100000000000022));
#8705=VECTOR('',#10265,1.0);
#8706=CARTESIAN_POINT('',(19.9443400256885,8.80132381745623,4.6));
#8707=CARTESIAN_POINT('',(20.0543538025145,8.86484030112131,4.6));
#8708=VECTOR('',#10266,1.0);
#8709=CARTESIAN_POINT('',(19.9443400256885,8.80132381745623,-0.100000000000022));
#8710=CARTESIAN_POINT('',(19.9443400256885,8.80132381745623,4.6));
#8711=VECTOR('',#10267,1.0);
#8712=CARTESIAN_POINT('',(20.0543538025145,8.86484030112131,-0.100000000000022));
#8713=VECTOR('',#10268,1.0);
#8714=CARTESIAN_POINT('',(17.0480065239221,7.12912489054867,4.6));
#8715=CARTESIAN_POINT('',(20.0543538025145,8.86484030112131,4.6));
#8716=VECTOR('',#10269,1.0);
#8717=CARTESIAN_POINT('',(17.0480065239221,7.12912489054867,-0.100000000000022));
#8718=VECTOR('',#10270,1.0);
#8719=COLOUR_RGB('',0.901960790157318,0.82745099067688,0.776470601558685);
#8720=CARTESIAN_POINT('',(14.7805555555678,-2.34999999999224,4.6));
#8721=CARTESIAN_POINT('',(14.7805555555678,2.35000000000776,4.6));
#8722=AXIS2_PLACEMENT_3D('',#10271,#10272,#10273);
#8723=CARTESIAN_POINT('',(14.7805555555678,-2.34999999999224,-0.100000000000022));
#8724=CARTESIAN_POINT('',(14.7805555555678,-2.34999999999224,-0.100000000000022));
#8725=VECTOR('',#10274,1.0);
#8726=CARTESIAN_POINT('',(14.7805555555678,2.35000000000776,-0.100000000000022));
#8727=AXIS2_PLACEMENT_3D('',#10275,#10276,#10277);
#8728=CARTESIAN_POINT('',(14.7805555555678,2.35000000000776,-0.100000000000022));
#8729=VECTOR('',#10278,1.0);
#8730=COLOUR_RGB('',0.901960790157318,0.82745099067688,0.776470601558685);
#8731=CARTESIAN_POINT('',(20.4285691788671,2.35000000000776,4.6));
#8732=CARTESIAN_POINT('',(21.6729670326876,2.35000000000776,4.6));
#8733=CARTESIAN_POINT('',(14.7805555555678,2.35000000000776,4.6));
#8734=VECTOR('',#10279,1.0);
#8735=CARTESIAN_POINT('',(20.4285691788671,2.35000000000776,3.5));
#8736=CARTESIAN_POINT('',(20.4285691788671,2.35000000000776,-0.100000000000022));
#8737=VECTOR('',#10280,1.0);
#8738=CARTESIAN_POINT('',(18.328569178867,2.35000000000776,3.5));
#8739=AXIS2_PLACEMENT_3D('',#10281,#10282,#10283);
#8740=CARTESIAN_POINT('',(18.328569178867,2.35000000000776,4.6));
#8741=CARTESIAN_POINT('',(18.328569178867,2.35000000000776,-0.100000000000022));
#8742=VECTOR('',#10284,1.0);
#8743=CARTESIAN_POINT('',(14.7805555555678,2.35000000000776,4.6));
#8744=VECTOR('',#10285,1.0);
#8745=CARTESIAN_POINT('',(21.6729670326876,2.35000000000776,-0.100000000000022));
#8746=CARTESIAN_POINT('',(14.7805555555678,2.35000000000776,-0.100000000000022));
#8747=VECTOR('',#10286,1.0);
#8748=CARTESIAN_POINT('',(21.6729670326876,2.35000000000776,4.6));
#8749=VECTOR('',#10287,1.0);
#8750=COLOUR_RGB('',0.901960790157318,0.82745099067688,0.776470601558685);
#8751=CARTESIAN_POINT('',(18.328569178867,-2.34999999999224,3.5));
#8752=CARTESIAN_POINT('',(20.4285691788671,-2.34999999999224,3.5));
#8753=AXIS2_PLACEMENT_3D('',#10288,#10289,#10290);
#8754=CARTESIAN_POINT('',(20.4285691788671,-2.34999999999224,4.6));
#8755=CARTESIAN_POINT('',(20.4285691788671,-2.34999999999224,-0.100000000000022));
#8756=VECTOR('',#10291,1.0);
#8757=CARTESIAN_POINT('',(21.6729670326893,-2.34999999999224,4.6));
#8758=CARTESIAN_POINT('',(21.8000000000123,-2.34999999999224,4.6));
#8759=VECTOR('',#10292,1.0);
#8760=CARTESIAN_POINT('',(21.6729670326893,-2.34999999999224,-0.100000000000022));
#8761=CARTESIAN_POINT('',(21.6729670326893,-2.34999999999224,4.6));
#8762=VECTOR('',#10293,1.0);
#8763=CARTESIAN_POINT('',(21.8000000000123,-2.34999999999224,-0.100000000000022));
#8764=VECTOR('',#10294,1.0);
#8765=CARTESIAN_POINT('',(18.328569178867,-2.34999999999224,4.6));
#8766=CARTESIAN_POINT('',(21.8000000000123,-2.34999999999224,4.6));
#8767=VECTOR('',#10295,1.0);
#8768=CARTESIAN_POINT('',(18.328569178867,-2.34999999999224,-0.100000000000022));
#8769=VECTOR('',#10296,1.0);
#8770=COLOUR_RGB('',0.901960790157318,0.82745099067688,0.776470601558685);
#8771=CARTESIAN_POINT('',(11.625336593166,-9.42543747666857,4.6));
#8772=CARTESIAN_POINT('',(11.625336593166,-9.42543747666857,-0.100000000000021));
#8773=VECTOR('',#10297,1.0);
#8774=CARTESIAN_POINT('',(11.625336593166,-9.42543747666857,-0.100000000000021));
#8775=CARTESIAN_POINT('',(11.625336593166,-9.42543747666857,-0.100000000000021));
#8776=VECTOR('',#10298,1.0);
#8777=CARTESIAN_POINT('',(13.9753365931661,-5.35511807888179,-0.100000000000021));
#8778=AXIS2_PLACEMENT_3D('',#10299,#10300,#10301);
#8779=CARTESIAN_POINT('',(13.9753365931661,-5.35511807888179,4.6));
#8780=CARTESIAN_POINT('',(13.9753365931661,-5.35511807888179,-0.100000000000021));
#8781=VECTOR('',#10302,1.0);
#8782=AXIS2_PLACEMENT_3D('',#10303,#10304,#10305);
#8783=COLOUR_RGB('',0.901960790157318,0.82745099067688,0.776470601558685);
#8784=CARTESIAN_POINT('',(18.8666598718635,-8.17912489053144,4.6));
#8785=CARTESIAN_POINT('',(19.9443400256932,-8.80132381744539,4.6));
#8786=CARTESIAN_POINT('',(13.9753365931661,-5.35511807888179,4.6));
#8787=VECTOR('',#10306,1.0);
#8788=CARTESIAN_POINT('',(18.8666598718635,-8.17912489053144,3.5));
#8789=CARTESIAN_POINT('',(18.8666598718635,-8.17912489053144,-0.100000000000021));
#8790=VECTOR('',#10307,1.0);
#8791=CARTESIAN_POINT('',(17.0480065239163,-7.12912489053137,3.5));
#8792=AXIS2_PLACEMENT_3D('',#10308,#10309,#10310);
#8793=CARTESIAN_POINT('',(17.0480065239163,-7.12912489053137,4.6));
#8794=CARTESIAN_POINT('',(17.0480065239163,-7.12912489053137,-0.100000000000021));
#8795=VECTOR('',#10311,1.0);
#8796=CARTESIAN_POINT('',(13.9753365931661,-5.35511807888179,4.6));
#8797=VECTOR('',#10312,1.0);
#8798=CARTESIAN_POINT('',(19.9443400256932,-8.80132381744539,-0.100000000000021));
#8799=CARTESIAN_POINT('',(13.9753365931661,-5.35511807888179,-0.100000000000021));
#8800=VECTOR('',#10313,1.0);
#8801=CARTESIAN_POINT('',(19.9443400256932,-8.80132381744539,4.6));
#8802=VECTOR('',#10314,1.0);
#8803=COLOUR_RGB('',0.901960790157318,0.82745099067688,0.776470601558685);
#8804=CARTESIAN_POINT('',(14.6980065239161,-11.1994442883181,4.6));
#8805=CARTESIAN_POINT('',(17.7043538025083,-12.935159698891,4.6));
#8806=VECTOR('',#10315,1.0);
#8807=CARTESIAN_POINT('',(14.6980065239161,-11.1994442883181,3.5));
#8808=CARTESIAN_POINT('',(14.6980065239161,-11.1994442883181,-0.100000000000021));
#8809=VECTOR('',#10316,1.0);
#8810=CARTESIAN_POINT('',(16.5166598718633,-12.2494442883182,3.5));
#8811=AXIS2_PLACEMENT_3D('',#10317,#10318,#10319);
#8812=CARTESIAN_POINT('',(16.5166598718633,-12.2494442883182,4.6));
#8813=CARTESIAN_POINT('',(16.5166598718633,-12.2494442883182,-0.100000000000021));
#8814=VECTOR('',#10320,1.0);
#8815=CARTESIAN_POINT('',(17.5943400256943,-12.8716432152329,4.6));
#8816=CARTESIAN_POINT('',(17.7043538025083,-12.935159698891,4.6));
#8817=VECTOR('',#10321,1.0);
#8818=CARTESIAN_POINT('',(17.5943400256943,-12.8716432152329,-0.100000000000021));
#8819=CARTESIAN_POINT('',(17.5943400256943,-12.8716432152329,4.6));
#8820=VECTOR('',#10322,1.0);
#8821=CARTESIAN_POINT('',(17.7043538025083,-12.935159698891,-0.100000000000021));
#8822=VECTOR('',#10323,1.0);
#8823=COLOUR_RGB('',0.901960790157318,0.82745099067688,0.776470601558685);
#8824=CARTESIAN_POINT('',(-4.5000000000061,-18.3285691788531,3.5));
#8825=CARTESIAN_POINT('',(-4.5000000000061,-18.3285691788531,3.5));
#8826=VECTOR('',#10324,1.0);
#8827=CARTESIAN_POINT('',(-4.5000000000061,-20.4285691788531,3.5));
#8828=AXIS2_PLACEMENT_3D('',#10325,#10326,#10327);
#8829=CARTESIAN_POINT('',(-4.5000000000061,-20.4285691788531,3.5));
#8830=VECTOR('',#10328,1.0);
#8831=COLOUR_RGB('',0.901960790157318,0.82745099067688,0.776470601558685);
#8832=CARTESIAN_POINT('',(-4.5000000000061,-20.4285691788531,4.6));
#8833=CARTESIAN_POINT('',(-4.5000000000061,-20.4285691788531,3.5));
#8834=VECTOR('',#10329,1.0);
#8835=CARTESIAN_POINT('',(0.0,-20.4285691788531,4.6));
#8836=VECTOR('',#10330,1.0);
#8837=COLOUR_RGB('',0.901960790157318,0.82745099067688,0.776470601558685);
#8838=CARTESIAN_POINT('',(-4.5000000000061,-18.3285691788531,4.6));
#8839=CARTESIAN_POINT('',(-4.5000000000061,-18.3285691788531,4.60925977677107));
#8840=VECTOR('',#10331,1.0);
#8841=CARTESIAN_POINT('',(0.0,-18.3285691788531,4.6));
#8842=VECTOR('',#10332,1.0);
#8843=COLOUR_RGB('',0.901960790157318,0.82745099067688,0.776470601558685);
#8844=CARTESIAN_POINT('',(4.4999999999939,-18.3285691788531,4.6));
#8845=CARTESIAN_POINT('',(4.4999999999939,-18.3285691788531,3.5));
#8846=CARTESIAN_POINT('',(4.4999999999939,-18.3285691788531,4.60925977677107));
#8847=VECTOR('',#10333,1.0);
#8848=CARTESIAN_POINT('',(4.4999999999939,-20.4285691788531,3.5));
#8849=AXIS2_PLACEMENT_3D('',#10334,#10335,#10336);
#8850=CARTESIAN_POINT('',(4.4999999999939,-20.4285691788531,4.6));
#8851=CARTESIAN_POINT('',(4.4999999999939,-20.4285691788531,3.5));
#8852=VECTOR('',#10337,1.0);
#8853=CARTESIAN_POINT('',(4.4999999999939,0.0,4.6));
#8854=VECTOR('',#10338,1.0);
#8855=COLOUR_RGB('',0.901960790157318,0.82745099067688,0.776470601558685);
#8856=CARTESIAN_POINT('',(-4.5000000000061,0.0,4.6));
#8857=VECTOR('',#10339,1.0);
#8858=COLOUR_RGB('',0.901960790157318,0.82745099067688,0.776470601558685);
#8859=CARTESIAN_POINT('',(-13.0613989064685,-13.6230065239021,3.5));
#8860=CARTESIAN_POINT('',(-13.0613989064685,-13.6230065239021,3.5));
#8861=VECTOR('',#10340,1.0);
#8862=CARTESIAN_POINT('',(-14.1113989064686,-15.4416598718494,3.5));
#8863=AXIS2_PLACEMENT_3D('',#10341,#10342,#10343);
#8864=CARTESIAN_POINT('',(-14.1113989064686,-15.4416598718494,3.5));
#8865=VECTOR('',#10344,1.0);
#8866=COLOUR_RGB('',0.901960790157318,0.82745099067688,0.776470601558685);
#8867=CARTESIAN_POINT('',(-14.1113989064686,-15.4416598718494,4.6));
#8868=CARTESIAN_POINT('',(-14.1113989064686,-15.4416598718494,3.5));
#8869=VECTOR('',#10345,1.0);
#8870=CARTESIAN_POINT('',(-10.2142845894281,-17.6916598718557,4.6));
#8871=VECTOR('',#10346,1.0);
#8872=COLOUR_RGB('',0.901960790157318,0.82745099067688,0.776470601558685);
#8873=CARTESIAN_POINT('',(-13.0613989064685,-13.6230065239021,4.6));
#8874=CARTESIAN_POINT('',(-13.0613989064685,-13.6230065239021,4.60925977677106));
#8875=VECTOR('',#10347,1.0);
#8876=CARTESIAN_POINT('',(-9.16428458942802,-15.8730065239084,4.6));
#8877=VECTOR('',#10348,1.0);
#8878=COLOUR_RGB('',0.901960790157318,0.82745099067688,0.776470601558685);
#8879=CARTESIAN_POINT('',(-5.26717027240876,-18.1230065239024,4.6));
#8880=CARTESIAN_POINT('',(-5.26717027240876,-18.1230065239024,3.5));
#8881=CARTESIAN_POINT('',(-5.26717027240876,-18.1230065239024,4.60925977677106));
#8882=VECTOR('',#10349,1.0);
#8883=CARTESIAN_POINT('',(-6.31717027240883,-19.9416598718497,3.5));
#8884=AXIS2_PLACEMENT_3D('',#10350,#10351,#10352);
#8885=CARTESIAN_POINT('',(-6.31717027240883,-19.9416598718497,4.6));
#8886=CARTESIAN_POINT('',(-6.31717027240883,-19.9416598718497,3.5));
#8887=VECTOR('',#10353,1.0);
#8888=CARTESIAN_POINT('',(3.89711431701926,-2.24999999999401,4.6));
#8889=VECTOR('',#10354,1.0);
#8890=COLOUR_RGB('',0.901960790157318,0.82745099067688,0.776470601558685);
#8891=CARTESIAN_POINT('',(-3.89711431704052,2.25000000000628,4.6));
#8892=VECTOR('',#10355,1.0);
#8893=COLOUR_RGB('',0.901960790157318,0.82745099067688,0.776470601558685);
#8894=CARTESIAN_POINT('',(-18.123006523922,-5.26717027238426,3.5));
#8895=CARTESIAN_POINT('',(-18.123006523922,-5.26717027238426,3.5));
#8896=VECTOR('',#10356,1.0);
#8897=CARTESIAN_POINT('',(-19.9416598718694,-6.31717027238419,3.5));
#8898=AXIS2_PLACEMENT_3D('',#10357,#10358,#10359);
#8899=CARTESIAN_POINT('',(-19.9416598718694,-6.31717027238419,3.5));
#8900=VECTOR('',#10360,1.0);
#8901=COLOUR_RGB('',0.901960790157318,0.82745099067688,0.776470601558685);
#8902=CARTESIAN_POINT('',(-19.9416598718694,-6.31717027238419,4.6));
#8903=CARTESIAN_POINT('',(-19.9416598718694,-6.31717027238419,3.5));
#8904=VECTOR('',#10361,1.0);
#8905=CARTESIAN_POINT('',(-17.6916598718609,-10.2142845894293,4.6));
#8906=VECTOR('',#10362,1.0);
#8907=COLOUR_RGB('',0.901960790157318,0.82745099067688,0.776470601558685);
#8908=CARTESIAN_POINT('',(-18.123006523922,-5.26717027238426,4.6));
#8909=CARTESIAN_POINT('',(-18.123006523922,-5.26717027238426,4.60925977677104));
#8910=VECTOR('',#10363,1.0);
#8911=CARTESIAN_POINT('',(-15.8730065239135,-9.16428458942936,4.6));
#8912=VECTOR('',#10364,1.0);
#8913=COLOUR_RGB('',0.901960790157318,0.82745099067688,0.776470601558685);
#8914=CARTESIAN_POINT('',(-13.6230065239224,-13.0613989064444,4.6));
#8915=CARTESIAN_POINT('',(-13.6230065239224,-13.0613989064444,3.5));
#8916=CARTESIAN_POINT('',(-13.6230065239224,-13.0613989064444,4.60925977677104));
#8917=VECTOR('',#10365,1.0);
#8918=CARTESIAN_POINT('',(-15.4416598718697,-14.1113989064443,3.5));
#8919=AXIS2_PLACEMENT_3D('',#10366,#10367,#10368);
#8920=CARTESIAN_POINT('',(-15.4416598718697,-14.1113989064443,4.6));
#8921=CARTESIAN_POINT('',(-15.4416598718697,-14.1113989064443,3.5));
#8922=VECTOR('',#10369,1.0);
#8923=CARTESIAN_POINT('',(2.24999999999117,-3.89711431701502,4.6));
#8924=VECTOR('',#10370,1.0);
#8925=COLOUR_RGB('',0.901960790157318,0.82745099067688,0.776470601558685);
#8926=CARTESIAN_POINT('',(-2.25000000000853,3.8971143170451,4.6));
#8927=VECTOR('',#10371,1.0);
#8928=COLOUR_RGB('',0.901960790157318,0.82745099067688,0.776470601558685);
#8929=CARTESIAN_POINT('',(-18.328569178867,4.50000000002,3.49999999999996));
#8930=CARTESIAN_POINT('',(-18.328569178867,4.50000000002,3.49999999999996));
#8931=VECTOR('',#10372,1.0);
#8932=CARTESIAN_POINT('',(-20.4285691788671,4.50000000002,3.49999999999996));
#8933=AXIS2_PLACEMENT_3D('',#10373,#10374,#10375);
#8934=CARTESIAN_POINT('',(-20.4285691788671,4.50000000002,3.49999999999996));
#8935=VECTOR('',#10376,1.0);
#8936=COLOUR_RGB('',0.901960790157318,0.82745099067688,0.776470601558685);
#8937=CARTESIAN_POINT('',(-20.4285691788671,4.50000000002,4.6));
#8938=CARTESIAN_POINT('',(-20.4285691788671,4.50000000002,3.49999999999996));
#8939=VECTOR('',#10377,1.0);
#8940=CARTESIAN_POINT('',(-20.4285691788671,0.0,4.6));
#8941=VECTOR('',#10378,1.0);
#8942=COLOUR_RGB('',0.901960790157318,0.82745099067688,0.776470601558685);
#8943=CARTESIAN_POINT('',(-18.328569178867,4.50000000002,4.6));
#8944=CARTESIAN_POINT('',(-18.328569178867,4.50000000002,4.60925977677102));
#8945=VECTOR('',#10379,1.0);
#8946=CARTESIAN_POINT('',(-18.328569178867,0.0,4.6));
#8947=VECTOR('',#10380,1.0);
#8948=COLOUR_RGB('',0.901960790157318,0.82745099067688,0.776470601558685);
#8949=CARTESIAN_POINT('',(-18.328569178867,-4.49999999998,4.6));
#8950=CARTESIAN_POINT('',(-18.328569178867,-4.49999999998,3.49999999999996));
#8951=CARTESIAN_POINT('',(-18.328569178867,-4.49999999998,4.60925977677102));
#8952=VECTOR('',#10381,1.0);
#8953=CARTESIAN_POINT('',(-20.4285691788671,-4.49999999998,3.49999999999996));
#8954=AXIS2_PLACEMENT_3D('',#10382,#10383,#10384);
#8955=CARTESIAN_POINT('',(-20.4285691788671,-4.49999999998,4.6));
#8956=CARTESIAN_POINT('',(-20.4285691788671,-4.49999999998,3.49999999999996));
#8957=VECTOR('',#10385,1.0);
#8958=CARTESIAN_POINT('',(0.0,-4.49999999998,4.6));
#8959=VECTOR('',#10386,1.0);
#8960=COLOUR_RGB('',0.901960790157318,0.82745099067688,0.776470601558685);
#8961=CARTESIAN_POINT('',(0.0,4.50000000002,4.6));
#8962=VECTOR('',#10387,1.0);
#8963=COLOUR_RGB('',0.901960790157318,0.82745099067688,0.776470601558685);
#8964=CARTESIAN_POINT('',(-13.6230065239161,13.0613989064824,3.49999999999994));
#8965=CARTESIAN_POINT('',(-13.6230065239161,13.0613989064824,3.49999999999994));
#8966=VECTOR('',#10388,1.0);
#8967=CARTESIAN_POINT('',(-15.4416598718634,14.1113989064825,3.49999999999994));
#8968=AXIS2_PLACEMENT_3D('',#10389,#10390,#10391);
#8969=CARTESIAN_POINT('',(-15.4416598718634,14.1113989064825,3.49999999999994));
#8970=VECTOR('',#10392,1.0);
#8971=COLOUR_RGB('',0.901960790157318,0.82745099067688,0.776470601558685);
#8972=CARTESIAN_POINT('',(-15.4416598718634,14.1113989064825,4.6));
#8973=CARTESIAN_POINT('',(-15.4416598718634,14.1113989064825,3.49999999999994));
#8974=VECTOR('',#10393,1.0);
#8975=CARTESIAN_POINT('',(-17.6916598718722,10.2142845894376,4.6));
#8976=VECTOR('',#10394,1.0);
#8977=COLOUR_RGB('',0.901960790157318,0.82745099067688,0.776470601558685);
#8978=CARTESIAN_POINT('',(-13.6230065239161,13.0613989064824,4.6));
#8979=CARTESIAN_POINT('',(-13.6230065239161,13.0613989064824,4.609259776771));
#8980=VECTOR('',#10395,1.0);
#8981=CARTESIAN_POINT('',(-15.8730065239249,9.16428458943753,4.6));
#8982=VECTOR('',#10396,1.0);
#8983=COLOUR_RGB('',0.901960790157318,0.82745099067688,0.776470601558685);
#8984=CARTESIAN_POINT('',(-18.1230065239164,5.26717027242267,4.6));
#8985=CARTESIAN_POINT('',(-18.1230065239164,5.26717027242267,3.49999999999994));
#8986=CARTESIAN_POINT('',(-18.1230065239164,5.26717027242267,4.609259776771));
#8987=VECTOR('',#10397,1.0);
#8988=CARTESIAN_POINT('',(-19.9416598718637,6.31717027242273,3.49999999999994));
#8989=AXIS2_PLACEMENT_3D('',#10398,#10399,#10400);
#8990=CARTESIAN_POINT('',(-19.9416598718637,6.31717027242273,4.6));
#8991=CARTESIAN_POINT('',(-19.9416598718637,6.31717027242273,3.49999999999994));
#8992=VECTOR('',#10401,1.0);
#8993=CARTESIAN_POINT('',(-2.24999999999148,-3.89711431701487,4.6));
#8994=VECTOR('',#10402,1.0);
#8995=COLOUR_RGB('',0.901960790157318,0.82745099067688,0.776470601558685);
#8996=CARTESIAN_POINT('',(2.25000000000882,3.89711431704491,4.6));
#8997=VECTOR('',#10403,1.0);
#8998=COLOUR_RGB('',0.901960790157318,0.82745099067688,0.776470601558685);
#8999=CARTESIAN_POINT('',(-5.26717027239822,18.123006523936,3.49999999999992));
#9000=CARTESIAN_POINT('',(-5.26717027239822,18.123006523936,3.49999999999992));
#9001=VECTOR('',#10404,1.0);
#9002=CARTESIAN_POINT('',(-6.31717027239815,19.9416598718833,3.49999999999992));
#9003=AXIS2_PLACEMENT_3D('',#10405,#10406,#10407);
#9004=CARTESIAN_POINT('',(-6.31717027239815,19.9416598718833,3.49999999999992));
#9005=VECTOR('',#10408,1.0);
#9006=COLOUR_RGB('',0.901960790157318,0.82745099067688,0.776470601558685);
#9007=CARTESIAN_POINT('',(-6.31717027239815,19.9416598718833,4.6));
#9008=CARTESIAN_POINT('',(-6.31717027239815,19.9416598718833,3.49999999999992));
#9009=VECTOR('',#10409,1.0);
#9010=CARTESIAN_POINT('',(-10.2142845894388,17.6916598718773,4.6));
#9011=VECTOR('',#10410,1.0);
#9012=COLOUR_RGB('',0.901960790157318,0.82745099067688,0.776470601558685);
#9013=CARTESIAN_POINT('',(-5.26717027239822,18.123006523936,4.6));
#9014=CARTESIAN_POINT('',(-5.26717027239822,18.123006523936,4.60925977677099));
#9015=VECTOR('',#10411,1.0);
#9016=CARTESIAN_POINT('',(-9.16428458943887,15.87300652393,4.6));
#9017=VECTOR('',#10412,1.0);
#9018=COLOUR_RGB('',0.901960790157318,0.82745099067688,0.776470601558685);
#9019=CARTESIAN_POINT('',(-13.0613989064583,13.6230065239363,4.6));
#9020=CARTESIAN_POINT('',(-13.0613989064583,13.6230065239363,3.49999999999992));
#9021=CARTESIAN_POINT('',(-13.0613989064583,13.6230065239363,4.60925977677099));
#9022=VECTOR('',#10413,1.0);
#9023=CARTESIAN_POINT('',(-14.1113989064583,15.4416598718837,3.49999999999992));
#9024=AXIS2_PLACEMENT_3D('',#10414,#10415,#10416);
#9025=CARTESIAN_POINT('',(-14.1113989064583,15.4416598718837,4.6));
#9026=CARTESIAN_POINT('',(-14.1113989064583,15.4416598718837,3.49999999999992));
#9027=VECTOR('',#10417,1.0);
#9028=CARTESIAN_POINT('',(-3.89711431701947,-2.24999999999373,4.6));
#9029=VECTOR('',#10418,1.0);
#9030=COLOUR_RGB('',0.901960790157318,0.82745099067688,0.776470601558685);
#9031=CARTESIAN_POINT('',(3.89711431704066,2.25000000000596,4.6));
#9032=VECTOR('',#10419,1.0);
#9033=COLOUR_RGB('',0.901960790157318,0.82745099067688,0.776470601558685);
#9034=CARTESIAN_POINT('',(4.50000000000605,18.328569178881,3.49999999999992));
#9035=CARTESIAN_POINT('',(4.50000000000605,18.328569178881,3.49999999999992));
#9036=VECTOR('',#10420,1.0);
#9037=CARTESIAN_POINT('',(4.50000000000605,20.428569178881,3.49999999999992));
#9038=AXIS2_PLACEMENT_3D('',#10421,#10422,#10423);
#9039=CARTESIAN_POINT('',(4.50000000000605,20.428569178881,3.49999999999992));
#9040=VECTOR('',#10424,1.0);
#9041=COLOUR_RGB('',0.901960790157318,0.82745099067688,0.776470601558685);
#9042=CARTESIAN_POINT('',(4.50000000000605,20.428569178881,4.6));
#9043=CARTESIAN_POINT('',(4.50000000000605,20.428569178881,3.49999999999992));
#9044=VECTOR('',#10425,1.0);
#9045=CARTESIAN_POINT('',(0.0,20.428569178881,4.6));
#9046=VECTOR('',#10426,1.0);
#9047=COLOUR_RGB('',0.901960790157318,0.82745099067688,0.776470601558685);
#9048=CARTESIAN_POINT('',(4.50000000000605,18.328569178881,4.6));
#9049=CARTESIAN_POINT('',(4.50000000000605,18.328569178881,4.60925977677098));
#9050=VECTOR('',#10427,1.0);
#9051=CARTESIAN_POINT('',(0.0,18.328569178881,4.6));
#9052=VECTOR('',#10428,1.0);
#9053=COLOUR_RGB('',0.901960790157318,0.82745099067688,0.776470601558685);
#9054=CARTESIAN_POINT('',(-4.49999999999396,18.328569178881,4.6));
#9055=CARTESIAN_POINT('',(-4.49999999999396,18.328569178881,3.49999999999992));
#9056=CARTESIAN_POINT('',(-4.49999999999396,18.328569178881,4.60925977677098));
#9057=VECTOR('',#10429,1.0);
#9058=CARTESIAN_POINT('',(-4.49999999999396,20.428569178881,3.49999999999992));
#9059=AXIS2_PLACEMENT_3D('',#10430,#10431,#10432);
#9060=CARTESIAN_POINT('',(-4.49999999999396,20.428569178881,4.6));
#9061=CARTESIAN_POINT('',(-4.49999999999396,20.428569178881,3.49999999999992));
#9062=VECTOR('',#10433,1.0);
#9063=CARTESIAN_POINT('',(-4.49999999999396,0.0,4.6));
#9064=VECTOR('',#10434,1.0);
#9065=COLOUR_RGB('',0.901960790157318,0.82745099067688,0.776470601558685);
#9066=CARTESIAN_POINT('',(4.50000000000605,0.0,4.6));
#9067=VECTOR('',#10435,1.0);
#9068=COLOUR_RGB('',0.901960790157318,0.82745099067688,0.776470601558685);
#9069=CARTESIAN_POINT('',(13.0613989064685,13.62300652393,3.49999999999993));
#9070=CARTESIAN_POINT('',(13.0613989064685,13.62300652393,3.49999999999993));
#9071=VECTOR('',#10436,1.0);
#9072=CARTESIAN_POINT('',(14.1113989064686,15.4416598718773,3.49999999999993));
#9073=AXIS2_PLACEMENT_3D('',#10437,#10438,#10439);
#9074=CARTESIAN_POINT('',(14.1113989064686,15.4416598718773,3.49999999999993));
#9075=VECTOR('',#10440,1.0);
#9076=COLOUR_RGB('',0.901960790157318,0.82745099067688,0.776470601558685);
#9077=CARTESIAN_POINT('',(14.1113989064686,15.4416598718773,4.6));
#9078=CARTESIAN_POINT('',(14.1113989064686,15.4416598718773,3.49999999999993));
#9079=VECTOR('',#10441,1.0);
#9080=CARTESIAN_POINT('',(10.2142845894401,17.6916598718766,4.6));
#9081=VECTOR('',#10442,1.0);
#9082=COLOUR_RGB('',0.901960790157318,0.82745099067688,0.776470601558685);
#9083=CARTESIAN_POINT('',(13.0613989064685,13.62300652393,4.6));
#9084=CARTESIAN_POINT('',(13.0613989064685,13.62300652393,4.60925977677099));
#9085=VECTOR('',#10443,1.0);
#9086=CARTESIAN_POINT('',(9.16428458944007,15.8730065239293,4.6));
#9087=VECTOR('',#10444,1.0);
#9088=COLOUR_RGB('',0.901960790157318,0.82745099067688,0.776470601558685);
#9089=CARTESIAN_POINT('',(5.26717027240871,18.1230065239303,4.6));
#9090=CARTESIAN_POINT('',(5.26717027240871,18.1230065239303,3.49999999999993));
#9091=CARTESIAN_POINT('',(5.26717027240871,18.1230065239303,4.60925977677099));
#9092=VECTOR('',#10445,1.0);
#9093=CARTESIAN_POINT('',(6.31717027240878,19.9416598718776,3.49999999999993));
#9094=AXIS2_PLACEMENT_3D('',#10446,#10447,#10448);
#9095=CARTESIAN_POINT('',(6.31717027240878,19.9416598718776,4.6));
#9096=CARTESIAN_POINT('',(6.31717027240878,19.9416598718776,3.49999999999993));
#9097=VECTOR('',#10449,1.0);
#9098=CARTESIAN_POINT('',(-3.89711431703136,2.25000000000099,4.6));
#9099=VECTOR('',#10450,1.0);
#9100=COLOUR_RGB('',0.901960790157318,0.82745099067688,0.776470601558685);
#9101=CARTESIAN_POINT('',(3.89711431702843,-2.2499999999993,4.6));
#9102=VECTOR('',#10451,1.0);
#9103=COLOUR_RGB('',0.901960790157318,0.82745099067688,0.776470601558685);
#9104=CARTESIAN_POINT('',(18.123006523922,5.26717027241213,3.49999999999994));
#9105=CARTESIAN_POINT('',(18.123006523922,5.26717027241213,3.49999999999994));
#9106=VECTOR('',#10452,1.0);
#9107=CARTESIAN_POINT('',(19.9416598718694,6.31717027241206,3.49999999999994));
#9108=AXIS2_PLACEMENT_3D('',#10453,#10454,#10455);
#9109=CARTESIAN_POINT('',(19.9416598718694,6.31717027241206,3.49999999999994));
#9110=VECTOR('',#10456,1.0);
#9111=COLOUR_RGB('',0.901960790157318,0.82745099067688,0.776470601558685);
#9112=CARTESIAN_POINT('',(19.9416598718694,6.31717027241206,4.6));
#9113=CARTESIAN_POINT('',(19.9416598718694,6.31717027241206,3.49999999999994));
#9114=VECTOR('',#10457,1.0);
#9115=CARTESIAN_POINT('',(17.691659871873,10.2142845894362,4.6));
#9116=VECTOR('',#10458,1.0);
#9117=COLOUR_RGB('',0.901960790157318,0.82745099067688,0.776470601558685);
#9118=CARTESIAN_POINT('',(18.123006523922,5.26717027241213,4.6));
#9119=CARTESIAN_POINT('',(18.123006523922,5.26717027241213,4.60925977677101));
#9120=VECTOR('',#10459,1.0);
#9121=CARTESIAN_POINT('',(15.8730065239256,9.16428458943631,4.6));
#9122=VECTOR('',#10460,1.0);
#9123=COLOUR_RGB('',0.901960790157318,0.82745099067688,0.776470601558685);
#9124=CARTESIAN_POINT('',(13.6230065239223,13.0613989064722,4.6));
#9125=CARTESIAN_POINT('',(13.6230065239223,13.0613989064722,3.49999999999994));
#9126=CARTESIAN_POINT('',(13.6230065239223,13.0613989064722,4.60925977677101));
#9127=VECTOR('',#10461,1.0);
#9128=CARTESIAN_POINT('',(15.4416598718697,14.1113989064722,3.49999999999994));
#9129=AXIS2_PLACEMENT_3D('',#10462,#10463,#10464);
#9130=CARTESIAN_POINT('',(15.4416598718697,14.1113989064722,4.6));
#9131=CARTESIAN_POINT('',(15.4416598718697,14.1113989064722,3.49999999999994));
#9132=VECTOR('',#10465,1.0);
#9133=CARTESIAN_POINT('',(-2.25000000000324,3.89711431703593,4.6));
#9134=VECTOR('',#10466,1.0);
#9135=COLOUR_RGB('',0.901960790157318,0.82745099067688,0.776470601558685);
#9136=CARTESIAN_POINT('',(2.24999999999646,-3.89711431702419,4.6));
#9137=VECTOR('',#10467,1.0);
#9138=COLOUR_RGB('',0.901960790157318,0.82745099067688,0.776470601558685);
#9139=CARTESIAN_POINT('',(18.328569178867,-4.49999999999214,3.5));
#9140=CARTESIAN_POINT('',(18.328569178867,-4.49999999999214,3.5));
#9141=VECTOR('',#10468,1.0);
#9142=CARTESIAN_POINT('',(20.4285691788671,-4.49999999999214,3.5));
#9143=AXIS2_PLACEMENT_3D('',#10469,#10470,#10471);
#9144=CARTESIAN_POINT('',(20.4285691788671,-4.49999999999214,3.5));
#9145=VECTOR('',#10472,1.0);
#9146=COLOUR_RGB('',0.901960790157318,0.82745099067688,0.776470601558685);
#9147=CARTESIAN_POINT('',(20.4285691788671,-4.49999999999214,4.6));
#9148=CARTESIAN_POINT('',(20.4285691788671,-4.49999999999214,3.5));
#9149=VECTOR('',#10473,1.0);
#9150=CARTESIAN_POINT('',(20.4285691788671,0.0,4.6));
#9151=VECTOR('',#10474,1.0);
#9152=COLOUR_RGB('',0.901960790157318,0.82745099067688,0.776470601558685);
#9153=CARTESIAN_POINT('',(18.328569178867,-4.49999999999214,4.6));
#9154=CARTESIAN_POINT('',(18.328569178867,-4.49999999999214,4.60925977677103));
#9155=VECTOR('',#10475,1.0);
#9156=CARTESIAN_POINT('',(18.328569178867,0.0,4.6));
#9157=VECTOR('',#10476,1.0);
#9158=COLOUR_RGB('',0.901960790157318,0.82745099067688,0.776470601558685);
#9159=CARTESIAN_POINT('',(18.328569178867,4.50000000000786,4.6));
#9160=CARTESIAN_POINT('',(18.328569178867,4.50000000000786,3.5));
#9161=CARTESIAN_POINT('',(18.328569178867,4.50000000000786,4.60925977677103));
#9162=VECTOR('',#10477,1.0);
#9163=CARTESIAN_POINT('',(20.4285691788671,4.50000000000786,3.5));
#9164=AXIS2_PLACEMENT_3D('',#10478,#10479,#10480);
#9165=CARTESIAN_POINT('',(20.4285691788671,4.50000000000786,4.6));
#9166=CARTESIAN_POINT('',(20.4285691788671,4.50000000000786,3.5));
#9167=VECTOR('',#10481,1.0);
#9168=CARTESIAN_POINT('',(0.0,4.50000000000786,4.6));
#9169=VECTOR('',#10482,1.0);
#9170=COLOUR_RGB('',0.901960790157318,0.82745099067688,0.776470601558685);
#9171=CARTESIAN_POINT('',(0.0,-4.49999999999214,4.6));
#9172=VECTOR('',#10483,1.0);
#9173=COLOUR_RGB('',0.901960790157318,0.82745099067688,0.776470601558685);
#9174=CARTESIAN_POINT('',(13.623006523916,-13.0613989064546,3.5));
#9175=VECTOR('',#10484,1.0);
#9176=CARTESIAN_POINT('',(15.4416598718634,-14.1113989064546,3.5));
#9177=VECTOR('',#10485,1.0);
#9178=COLOUR_RGB('',0.901960790157318,0.82745099067688,0.776470601558685);
#9179=CARTESIAN_POINT('',(15.4416598718634,-14.1113989064546,4.6));
#9180=CARTESIAN_POINT('',(15.4416598718634,-14.1113989064546,3.5));
#9181=VECTOR('',#10486,1.0);
#9182=CARTESIAN_POINT('',(17.6916598718601,-10.2142845894306,4.6));
#9183=VECTOR('',#10487,1.0);
#9184=COLOUR_RGB('',0.901960790157318,0.82745099067688,0.776470601558685);
#9185=CARTESIAN_POINT('',(13.623006523916,-13.0613989064546,4.6));
#9186=CARTESIAN_POINT('',(13.623006523916,-13.0613989064546,4.60925977677105));
#9187=VECTOR('',#10488,1.0);
#9188=CARTESIAN_POINT('',(15.8730065239128,-9.16428458943054,4.6));
#9189=VECTOR('',#10489,1.0);
#9190=COLOUR_RGB('',0.901960790157318,0.82745099067688,0.776470601558685);
#9191=CARTESIAN_POINT('',(18.1230065239163,-5.2671702723948,4.6));
#9192=CARTESIAN_POINT('',(18.1230065239163,-5.2671702723948,3.5));
#9193=CARTESIAN_POINT('',(18.1230065239163,-5.2671702723948,4.60925977677105));
#9194=VECTOR('',#10490,1.0);
#9195=CARTESIAN_POINT('',(19.9416598718636,-6.31717027239486,3.5));
#9196=AXIS2_PLACEMENT_3D('',#10491,#10492,#10493);
#9197=CARTESIAN_POINT('',(19.9416598718636,-6.31717027239486,4.6));
#9198=CARTESIAN_POINT('',(19.9416598718636,-6.31717027239486,3.5));
#9199=VECTOR('',#10494,1.0);
#9200=CARTESIAN_POINT('',(2.25000000000352,3.89711431703574,4.6));
#9201=VECTOR('',#10495,1.0);
#9202=COLOUR_RGB('',0.901960790157318,0.82745099067688,0.776470601558685);
#9203=CARTESIAN_POINT('',(-2.24999999999676,-3.89711431702404,4.6));
#9204=VECTOR('',#10496,1.0);
#9205=COLOUR_RGB('',0.901960790157318,0.82745099067688,0.776470601558685);
#9206=CARTESIAN_POINT('',(5.26717027239817,-18.1230065239081,3.5));
#9207=CARTESIAN_POINT('',(5.26717027239817,-18.1230065239081,3.5));
#9208=VECTOR('',#10497,1.0);
#9209=CARTESIAN_POINT('',(6.3171702723981,-19.9416598718555,3.5));
#9210=AXIS2_PLACEMENT_3D('',#10498,#10499,#10500);
#9211=CARTESIAN_POINT('',(6.3171702723981,-19.9416598718555,3.5));
#9212=VECTOR('',#10501,1.0);
#9213=COLOUR_RGB('',0.901960790157318,0.82745099067688,0.776470601558685);
#9214=CARTESIAN_POINT('',(6.3171702723981,-19.9416598718555,4.6));
#9215=CARTESIAN_POINT('',(6.3171702723981,-19.9416598718555,3.5));
#9216=VECTOR('',#10502,1.0);
#9217=CARTESIAN_POINT('',(10.2142845894267,-17.6916598718565,4.6));
#9218=VECTOR('',#10503,1.0);
#9219=COLOUR_RGB('',0.901960790157318,0.82745099067688,0.776470601558685);
#9220=CARTESIAN_POINT('',(5.26717027239817,-18.1230065239081,4.6));
#9221=CARTESIAN_POINT('',(5.26717027239817,-18.1230065239081,4.60925977677107));
#9222=VECTOR('',#10504,1.0);
#9223=CARTESIAN_POINT('',(9.1642845894268,-15.8730065239091,4.6));
#9224=VECTOR('',#10505,1.0);
#9225=COLOUR_RGB('',0.901960790157318,0.82745099067688,0.776470601558685);
#9226=CARTESIAN_POINT('',(13.0613989064583,-13.6230065239084,4.6));
#9227=CARTESIAN_POINT('',(13.0613989064583,-13.6230065239084,4.60925977677107));
#9228=VECTOR('',#10506,1.0);
#9229=CARTESIAN_POINT('',(14.1113989064582,-15.4416598718558,4.6));
#9230=CARTESIAN_POINT('',(14.1113989064582,-15.4416598718558,3.5));
#9231=VECTOR('',#10507,1.0);
#9232=CARTESIAN_POINT('',(3.89711431703149,2.25000000000068,4.6));
#9233=VECTOR('',#10508,1.0);
#9234=COLOUR_RGB('',0.901960790157318,0.82745099067688,0.776470601558685);
#9235=CARTESIAN_POINT('',(5.26717027239817,-18.1230065239081,3.5));
#9236=VECTOR('',#10509,1.0);
#9237=CARTESIAN_POINT('',(9.1642845894268,-15.8730065239091,4.6));
#9238=VECTOR('',#10510,1.0);
#9239=COLOUR_RGB('',0.901960790157318,0.82745099067688,0.776470601558685);
#9240=AXIS2_PLACEMENT_3D('',#10511,#10512,#10513);
#9241=AXIS2_PLACEMENT_3D('',#10514,#10515,#10516);
#9242=COLOUR_RGB('',0.901960790157318,0.82745099067688,0.776470601558685);
#9243=AXIS2_PLACEMENT_3D('',#10517,#10518,#10519);
#9244=AXIS2_PLACEMENT_3D('',#10520,#10521,#10522);
#9245=COLOUR_RGB('',0.901960790157318,0.82745099067688,0.776470601558685);
#9246=AXIS2_PLACEMENT_3D('',#10523,#10524,#10525);
#9247=AXIS2_PLACEMENT_3D('',#10526,#10527,#10528);
#9248=COLOUR_RGB('',0.901960790157318,0.82745099067688,0.776470601558685);
#9249=AXIS2_PLACEMENT_3D('',#10529,#10530,#10531);
#9250=AXIS2_PLACEMENT_3D('',#10532,#10533,#10534);
#9251=COLOUR_RGB('',0.901960790157318,0.82745099067688,0.776470601558685);
#9252=AXIS2_PLACEMENT_3D('',#10535,#10536,#10537);
#9253=AXIS2_PLACEMENT_3D('',#10538,#10539,#10540);
#9254=COLOUR_RGB('',0.901960790157318,0.82745099067688,0.776470601558685);
#9255=COLOUR_RGB('',0.901960790157318,0.82745099067688,0.776470601558685);
#9256=CARTESIAN_POINT('',(5.55078823232192,-7.17713382903731,2.24999999999954));
#9257=AXIS2_PLACEMENT_3D('',#10541,#10542,#10543);
#9258=CARTESIAN_POINT('',(5.75923839598004,-4.13289279923733,2.24999999999954));
#9259=AXIS2_PLACEMENT_3D('',#10544,#10545,#10546);
#9260=COLOUR_RGB('',0.901960790157318,0.82745099067688,0.776470601558685);
#9261=COLOUR_RGB('',0.901960790157318,0.82745099067688,0.776470601558685);
#9262=CARTESIAN_POINT('',(3.46114135712316,-6.43098983809418,4.59999999999982));
#9263=CARTESIAN_POINT('',(2.04692779475005,-5.01677627572109,4.59999999999982));
#9264=VECTOR('',#10547,1.0);
#9265=CARTESIAN_POINT('',(6.43098983810654,-3.4611413571108,4.6));
#9266=CARTESIAN_POINT('',(6.43098983810654,-3.4611413571108,4.59999999999982));
#9267=VECTOR('',#10548,1.0);
#9268=CARTESIAN_POINT('',(4.94606559760872,-4.94606559760867,4.6));
#9269=VECTOR('',#10549,1.0);
#9270=CARTESIAN_POINT('',(-3.89711431702864,-2.24999999999903,4.6));
#9271=VECTOR('',#10550,1.0);
#9272=CARTESIAN_POINT('',(10.2142845894267,-17.6916598718565,4.6));
#9273=VECTOR('',#10551,1.0);
#9274=CARTESIAN_POINT('',(15.8730065239128,-9.16428458943054,4.6));
#9275=VECTOR('',#10552,1.0);
#9276=CARTESIAN_POINT('',(17.6916598718601,-10.2142845894306,4.6));
#9277=VECTOR('',#10553,1.0);
#9278=CARTESIAN_POINT('',(18.328569178867,0.0,4.6));
#9279=VECTOR('',#10554,1.0);
#9280=CARTESIAN_POINT('',(20.4285691788671,0.0,4.6));
#9281=VECTOR('',#10555,1.0);
#9282=AXIS2_PLACEMENT_3D('',#10556,#10557,#10558);
#9283=CARTESIAN_POINT('',(15.8730065239256,9.16428458943631,4.6));
#9284=VECTOR('',#10559,1.0);
#9285=CARTESIAN_POINT('',(17.691659871873,10.2142845894362,4.6));
#9286=VECTOR('',#10560,1.0);
#9287=AXIS2_PLACEMENT_3D('',#10561,#10562,#10563);
#9288=CARTESIAN_POINT('',(9.16428458944007,15.8730065239293,4.6));
#9289=VECTOR('',#10564,1.0);
#9290=CARTESIAN_POINT('',(10.2142845894401,17.6916598718766,4.6));
#9291=VECTOR('',#10565,1.0);
#9292=AXIS2_PLACEMENT_3D('',#10566,#10567,#10568);
#9293=CARTESIAN_POINT('',(0.0,18.328569178881,4.6));
#9294=VECTOR('',#10569,1.0);
#9295=CARTESIAN_POINT('',(0.0,20.428569178881,4.6));
#9296=VECTOR('',#10570,1.0);
#9297=AXIS2_PLACEMENT_3D('',#10571,#10572,#10573);
#9298=CARTESIAN_POINT('',(-9.16428458943887,15.87300652393,4.6));
#9299=VECTOR('',#10574,1.0);
#9300=CARTESIAN_POINT('',(-10.2142845894388,17.6916598718773,4.6));
#9301=VECTOR('',#10575,1.0);
#9302=AXIS2_PLACEMENT_3D('',#10576,#10577,#10578);
#9303=CARTESIAN_POINT('',(-15.8730065239249,9.16428458943753,4.6));
#9304=VECTOR('',#10579,1.0);
#9305=CARTESIAN_POINT('',(-17.6916598718722,10.2142845894376,4.6));
#9306=VECTOR('',#10580,1.0);
#9307=AXIS2_PLACEMENT_3D('',#10581,#10582,#10583);
#9308=CARTESIAN_POINT('',(-18.328569178867,0.0,4.6));
#9309=VECTOR('',#10584,1.0);
#9310=CARTESIAN_POINT('',(-20.4285691788671,0.0,4.6));
#9311=VECTOR('',#10585,1.0);
#9312=AXIS2_PLACEMENT_3D('',#10586,#10587,#10588);
#9313=CARTESIAN_POINT('',(-15.8730065239135,-9.16428458942936,4.6));
#9314=VECTOR('',#10589,1.0);
#9315=CARTESIAN_POINT('',(-17.6916598718609,-10.2142845894293,4.6));
#9316=VECTOR('',#10590,1.0);
#9317=CARTESIAN_POINT('',(-9.16428458942802,-15.8730065239084,4.6));
#9318=VECTOR('',#10591,1.0);
#9319=CARTESIAN_POINT('',(-10.2142845894281,-17.6916598718557,4.6));
#9320=VECTOR('',#10592,1.0);
#9321=CARTESIAN_POINT('',(0.0,-18.3285691788531,4.6));
#9322=VECTOR('',#10593,1.0);
#9323=CARTESIAN_POINT('',(0.0,-20.4285691788531,4.6));
#9324=VECTOR('',#10594,1.0);
#9325=COLOUR_RGB('',0.901960790157318,0.82745099067688,0.776470601558685);
#9326=CARTESIAN_POINT('',(-14.1113989064686,-15.4416598718494,3.5));
#9327=VECTOR('',#10595,1.0);
#9328=CARTESIAN_POINT('',(-13.0613989064685,-13.6230065239021,3.5));
#9329=VECTOR('',#10596,1.0);
#9330=COLOUR_RGB('',0.901960790157318,0.82745099067688,0.776470601558685);
#9331=COLOUR_RGB('',0.901960790157318,0.82745099067688,0.776470601558685);
#9332=COLOUR_RGB('',0.901960790157318,0.82745099067688,0.776470601558685);
#9333=CARTESIAN_POINT('',(-19.9416598718694,-6.31717027238419,3.5));
#9334=VECTOR('',#10597,1.0);
#9335=CARTESIAN_POINT('',(-18.123006523922,-5.26717027238426,3.5));
#9336=VECTOR('',#10598,1.0);
#9337=COLOUR_RGB('',0.901960790157318,0.82745099067688,0.776470601558685);
#9338=COLOUR_RGB('',0.901960790157318,0.82745099067688,0.776470601558685);
#9339=COLOUR_RGB('',0.901960790157318,0.82745099067688,0.776470601558685);
#9340=CARTESIAN_POINT('',(-20.4285691788671,4.50000000002,3.49999999999996));
#9341=VECTOR('',#10599,1.0);
#9342=CARTESIAN_POINT('',(-18.328569178867,4.50000000002,3.49999999999996));
#9343=VECTOR('',#10600,1.0);
#9344=COLOUR_RGB('',0.901960790157318,0.82745099067688,0.776470601558685);
#9345=COLOUR_RGB('',0.901960790157318,0.82745099067688,0.776470601558685);
#9346=COLOUR_RGB('',0.901960790157318,0.82745099067688,0.776470601558685);
#9347=CARTESIAN_POINT('',(-15.4416598718634,14.1113989064825,3.49999999999994));
#9348=VECTOR('',#10601,1.0);
#9349=CARTESIAN_POINT('',(-13.6230065239161,13.0613989064824,3.49999999999994));
#9350=VECTOR('',#10602,1.0);
#9351=COLOUR_RGB('',0.901960790157318,0.82745099067688,0.776470601558685);
#9352=COLOUR_RGB('',0.901960790157318,0.82745099067688,0.776470601558685);
#9353=COLOUR_RGB('',0.901960790157318,0.82745099067688,0.776470601558685);
#9354=CARTESIAN_POINT('',(-6.31717027239815,19.9416598718833,3.49999999999992));
#9355=VECTOR('',#10603,1.0);
#9356=CARTESIAN_POINT('',(-5.26717027239822,18.123006523936,3.49999999999992));
#9357=VECTOR('',#10604,1.0);
#9358=COLOUR_RGB('',0.901960790157318,0.82745099067688,0.776470601558685);
#9359=COLOUR_RGB('',0.901960790157318,0.82745099067688,0.776470601558685);
#9360=COLOUR_RGB('',0.901960790157318,0.82745099067688,0.776470601558685);
#9361=CARTESIAN_POINT('',(4.50000000000605,20.428569178881,3.49999999999992));
#9362=VECTOR('',#10605,1.0);
#9363=CARTESIAN_POINT('',(4.50000000000605,18.328569178881,3.49999999999992));
#9364=VECTOR('',#10606,1.0);
#9365=COLOUR_RGB('',0.901960790157318,0.82745099067688,0.776470601558685);
#9366=COLOUR_RGB('',0.901960790157318,0.82745099067688,0.776470601558685);
#9367=COLOUR_RGB('',0.901960790157318,0.82745099067688,0.776470601558685);
#9368=CARTESIAN_POINT('',(14.1113989064686,15.4416598718773,3.49999999999993));
#9369=VECTOR('',#10607,1.0);
#9370=CARTESIAN_POINT('',(13.0613989064685,13.62300652393,3.49999999999993));
#9371=VECTOR('',#10608,1.0);
#9372=COLOUR_RGB('',0.901960790157318,0.82745099067688,0.776470601558685);
#9373=COLOUR_RGB('',0.901960790157318,0.82745099067688,0.776470601558685);
#9374=COLOUR_RGB('',0.901960790157318,0.82745099067688,0.776470601558685);
#9375=CARTESIAN_POINT('',(19.9416598718694,6.31717027241206,3.49999999999994));
#9376=VECTOR('',#10609,1.0);
#9377=CARTESIAN_POINT('',(18.123006523922,5.26717027241213,3.49999999999994));
#9378=VECTOR('',#10610,1.0);
#9379=COLOUR_RGB('',0.901960790157318,0.82745099067688,0.776470601558685);
#9380=COLOUR_RGB('',0.901960790157318,0.82745099067688,0.776470601558685);
#9381=COLOUR_RGB('',0.901960790157318,0.82745099067688,0.776470601558685);
#9382=CARTESIAN_POINT('',(20.4285691788671,-4.49999999999214,3.5));
#9383=VECTOR('',#10611,1.0);
#9384=CARTESIAN_POINT('',(18.328569178867,-4.49999999999214,3.5));
#9385=VECTOR('',#10612,1.0);
#9386=COLOUR_RGB('',0.901960790157318,0.82745099067688,0.776470601558685);
#9387=COLOUR_RGB('',0.901960790157318,0.82745099067688,0.776470601558685);
#9388=COLOUR_RGB('',0.901960790157318,0.82745099067688,0.776470601558685);
#9389=CARTESIAN_POINT('',(15.4416598718634,-14.1113989064546,3.5));
#9390=VECTOR('',#10613,1.0);
#9391=CARTESIAN_POINT('',(13.623006523916,-13.0613989064546,3.5));
#9392=VECTOR('',#10614,1.0);
#9393=COLOUR_RGB('',0.901960790157318,0.82745099067688,0.776470601558685);
#9394=COLOUR_RGB('',0.901960790157318,0.82745099067688,0.776470601558685);
#9395=COLOUR_RGB('',0.901960790157318,0.82745099067688,0.776470601558685);
#9396=CARTESIAN_POINT('',(6.3171702723981,-19.9416598718555,3.5));
#9397=VECTOR('',#10615,1.0);
#9398=COLOUR_RGB('',0.901960790157318,0.82745099067688,0.776470601558685);
#9399=COLOUR_RGB('',0.901960790157318,0.82745099067688,0.776470601558685);
#9400=AXIS2_PLACEMENT_3D('',#10616,#10617,#10618);
#9401=COLOUR_RGB('',0.901960790157318,0.82745099067688,0.776470601558685);
#9402=AXIS2_PLACEMENT_3D('',#10619,#10620,#10621);
#9403=COLOUR_RGB('',0.901960790157318,0.82745099067688,0.776470601558685);
#9404=AXIS2_PLACEMENT_3D('',#10622,#10623,#10624);
#9405=COLOUR_RGB('',0.901960790157318,0.82745099067688,0.776470601558685);
#9406=AXIS2_PLACEMENT_3D('',#10625,#10626,#10627);
#9407=COLOUR_RGB('',0.901960790157318,0.82745099067688,0.776470601558685);
#9408=AXIS2_PLACEMENT_3D('',#10628,#10629,#10630);
#9409=COLOUR_RGB('',0.901960790157318,0.82745099067688,0.776470601558685);
#9410=AXIS2_PLACEMENT_3D('',#10631,#10632,#10633);
#9411=COLOUR_RGB('',0.901960790157318,0.82745099067688,0.776470601558685);
#9412=AXIS2_PLACEMENT_3D('',#10634,#10635,#10636);
#9413=COLOUR_RGB('',0.901960790157318,0.82745099067688,0.776470601558685);
#9414=COLOUR_RGB('',0.901960790157318,0.82745099067688,0.776470601558685);
#9415=CARTESIAN_POINT('',(3.4611413571243,-6.4309898380931,3.46243556529713));
#9416=VECTOR('',#10637,1.0);
#9417=CARTESIAN_POINT('',(6.43098983810667,-3.46114135711069,1.0375644347016));
#9418=CARTESIAN_POINT('',(6.43098983810667,-3.46114135711069,1.0375644347016));
#9419=VECTOR('',#10638,1.0);
#9420=CARTESIAN_POINT('',(5.03776363082842,-4.85436756438896,-0.1));
#9421=CARTESIAN_POINT('',(4.94606559761548,-4.9460655976019,-0.174871130596159));
#9422=VECTOR('',#10639,1.0);
#9423=CARTESIAN_POINT('',(4.94606559760872,-4.94606559760867,-0.1));
#9424=VECTOR('',#10640,1.0);
#9425=COLOUR_RGB('',0.901960790157318,0.82745099067688,0.776470601558685);
#9426=CARTESIAN_POINT('',(0.0916980332197028,0.0916980332197037,-0.1));
#9427=VECTOR('',#10641,1.0);
#9428=CARTESIAN_POINT('',(6.43098983810667,-3.46114135711069,1.0375644347016));
#9429=VECTOR('',#10642,1.0);
#9430=COLOUR_RGB('',0.901960790157318,0.82745099067688,0.776470601558685);
#9431=COLOUR_RGB('',0.901960790157318,0.82745099067688,0.776470601558685);
#9432=COLOUR_RGB('',0.901960790157318,0.82745099067688,0.776470601558685);
#9433=CARTESIAN_POINT('',(-4.5000000000061,-20.4285691788531,3.5));
#9434=VECTOR('',#10643,1.0);
#9435=CARTESIAN_POINT('',(-4.5000000000061,-18.3285691788531,3.5));
#9436=VECTOR('',#10644,1.0);
#9437=COLOUR_RGB('',0.901960790157318,0.82745099067688,0.776470601558685);
#9438=COLOUR_RGB('',0.901960790157318,0.82745099067688,0.776470601558685);
#9439=COLOUR_RGB('',0.901960790157318,0.82745099067688,0.776470601558685);
#9440=COLOUR_RGB('',0.901960790157318,0.82745099067688,0.776470601558685);
#9441=CARTESIAN_POINT('',(5.35511807888533,-13.975336593158,-0.100000000000029));
#9442=CARTESIAN_POINT('',(5.35511807888533,-13.975336593158,2.4));
#9443=CARTESIAN_POINT('',(5.35511807888533,-13.975336593158,-0.100000000000029));
#9444=VECTOR('',#10645,1.0);
#9445=CARTESIAN_POINT('',(9.42543747667228,-11.6253365931582,-0.100000000000029));
#9446=AXIS2_PLACEMENT_3D('',#10646,#10647,#10648);
#9447=CARTESIAN_POINT('',(9.42543747667228,-11.6253365931582,2.4));
#9448=CARTESIAN_POINT('',(9.42543747667228,-11.6253365931582,-0.100000000000029));
#9449=VECTOR('',#10649,1.0);
#9450=AXIS2_PLACEMENT_3D('',#10650,#10651,#10652);
#9451=COLOUR_RGB('',0.901960790157318,0.82745099067688,0.776470601558685);
#9452=CARTESIAN_POINT('',(8.80132381745147,-19.9443400256905,2.4));
#9453=CARTESIAN_POINT('',(8.80132381745147,-19.9443400256905,-0.100000000000029));
#9454=CARTESIAN_POINT('',(8.80132381745147,-19.9443400256905,2.4));
#9455=VECTOR('',#10653,1.0);
#9456=CARTESIAN_POINT('',(8.86484030110733,-20.0543538025006,-0.100000000000029));
#9457=VECTOR('',#10654,1.0);
#9458=CARTESIAN_POINT('',(-2.03515969889213,-1.17499999999914,2.4));
#9459=VECTOR('',#10655,1.0);
#9460=COLOUR_RGB('',0.901960790157318,0.82745099067688,0.776470601558685);
#9461=CARTESIAN_POINT('',(12.8716432152383,-17.5943400256904,-0.100000000000029));
#9462=CARTESIAN_POINT('',(12.8716432152382,-17.5943400256904,2.4));
#9463=CARTESIAN_POINT('',(12.8716432152382,-17.5943400256904,2.4));
#9464=VECTOR('',#10656,1.0);
#9465=CARTESIAN_POINT('',(2.03515969889483,1.1750000000007,2.4));
#9466=VECTOR('',#10657,1.0);
#9467=CARTESIAN_POINT('',(9.42543747667228,-11.6253365931582,-0.100000000000029));
#9468=VECTOR('',#10658,1.0);
#9469=COLOUR_RGB('',0.901960790157318,0.82745099067688,0.776470601558685);
#9470=CARTESIAN_POINT('',(1.65000000000373,8.00000000001389,2.39999999993902));
#9471=AXIS2_PLACEMENT_3D('',#10659,#10660,#10661);
#9472=CARTESIAN_POINT('',(1.65000000000373,8.00000000001389,-0.0999999999999777));
#9473=AXIS2_PLACEMENT_3D('',#10662,#10663,#10664);
#9474=COLOUR_RGB('',0.901960790157318,0.82745099067688,0.776470601558685);
#9475=CARTESIAN_POINT('',(-7.99999999999625,1.6500000000139,2.39999999993902));
#9476=AXIS2_PLACEMENT_3D('',#10665,#10666,#10667);
#9477=CARTESIAN_POINT('',(-7.99999999999625,1.6500000000139,-0.0999999999999764));
#9478=AXIS2_PLACEMENT_3D('',#10668,#10669,#10670);
#9479=COLOUR_RGB('',0.901960790157318,0.82745099067688,0.776470601558685);
#9480=CARTESIAN_POINT('',(8.00000000000371,-1.64999999998608,2.39999999993902));
#9481=AXIS2_PLACEMENT_3D('',#10671,#10672,#10673);
#9482=CARTESIAN_POINT('',(8.00000000000371,-1.64999999998608,-0.0999999999999773));
#9483=AXIS2_PLACEMENT_3D('',#10674,#10675,#10676);
#9484=COLOUR_RGB('',0.901960790157318,0.82745099067688,0.776470601558685);
#9485=CARTESIAN_POINT('',(-1.64999999999626,-7.99999999998607,2.39999999995899));
#9486=AXIS2_PLACEMENT_3D('',#10677,#10678,#10679);
#9487=CARTESIAN_POINT('',(-1.64999999999626,-7.99999999998607,-0.0999999999999764));
#9488=AXIS2_PLACEMENT_3D('',#10680,#10681,#10682);
#9489=COLOUR_RGB('',0.901960790157318,0.82745099067688,0.776470601558685);
#9490=CARTESIAN_POINT('',(2.34999999999448,-21.6729670326891,-0.100000000000029));
#9491=CARTESIAN_POINT('',(2.34999999999448,-21.6729670326891,2.4));
#9492=CARTESIAN_POINT('',(2.34999999999448,-21.6729670326891,2.4));
#9493=VECTOR('',#10683,1.0);
#9494=AXIS2_PLACEMENT_3D('',#10684,#10685,#10686);
#9495=AXIS2_PLACEMENT_3D('',#10687,#10688,#10689);
#9496=COLOUR_RGB('',0.901960790157318,0.82745099067688,0.776470601558685);
#9497=CARTESIAN_POINT('',(19.9443400256935,-8.80132381744472,-0.100000000000028));
#9498=CARTESIAN_POINT('',(19.9443400256935,-8.80132381744472,2.4));
#9499=CARTESIAN_POINT('',(19.9443400256935,-8.80132381744472,2.4));
#9500=VECTOR('',#10690,1.0);
#9501=CARTESIAN_POINT('',(21.6729670326895,-2.34999999998954,-0.100000000000029));
#9502=AXIS2_PLACEMENT_3D('',#10691,#10692,#10693);
#9503=CARTESIAN_POINT('',(21.6729670326895,-2.34999999998954,2.4));
#9504=CARTESIAN_POINT('',(21.6729670326895,-2.34999999998954,2.4));
#9505=VECTOR('',#10694,1.0);
#9506=AXIS2_PLACEMENT_3D('',#10695,#10696,#10697);
#9507=COLOUR_RGB('',0.901960790157318,0.82745099067688,0.776470601558685);
#9508=CARTESIAN_POINT('',(17.5943400256948,-12.8716432152323,2.4));
#9509=CARTESIAN_POINT('',(17.5943400256948,-12.8716432152323,-0.100000000000028));
#9510=CARTESIAN_POINT('',(17.5943400256948,-12.8716432152323,2.4));
#9511=VECTOR('',#10698,1.0);
#9512=AXIS2_PLACEMENT_3D('',#10699,#10700,#10701);
#9513=AXIS2_PLACEMENT_3D('',#10702,#10703,#10704);
#9514=COLOUR_RGB('',0.901960790157318,0.82745099067688,0.776470601558685);
#9515=CARTESIAN_POINT('',(13.9753365931642,-5.35511807887981,-0.100000000000028));
#9516=CARTESIAN_POINT('',(13.9753365931642,-5.35511807887981,-0.100000000000028));
#9517=VECTOR('',#10705,1.0);
#9518=CARTESIAN_POINT('',(11.625336593164,-9.42543747666659,-0.100000000000028));
#9519=AXIS2_PLACEMENT_3D('',#10706,#10707,#10708);
#9520=CARTESIAN_POINT('',(17.7043538025063,-12.935159698889,-0.100000000000028));
#9521=VECTOR('',#10709,1.0);
#9522=CARTESIAN_POINT('',(2.34999999999448,-14.7805555555566,-0.100000000000029));
#9523=CARTESIAN_POINT('',(2.34999999999448,-14.7805555555566,-0.100000000000029));
#9524=VECTOR('',#10710,1.0);
#9525=CARTESIAN_POINT('',(-2.35000000000552,-14.7805555555566,-0.100000000000029));
#9526=AXIS2_PLACEMENT_3D('',#10711,#10712,#10713);
#9527=CARTESIAN_POINT('',(-2.35000000000552,-21.6729670326879,-0.100000000000029));
#9528=CARTESIAN_POINT('',(-2.35000000000552,-21.8000000000011,-0.100000000000029));
#9529=VECTOR('',#10714,1.0);
#9530=CARTESIAN_POINT('',(-8.80132381746045,-19.9443400256865,-0.100000000000029));
#9531=AXIS2_PLACEMENT_3D('',#10715,#10716,#10717);
#9532=CARTESIAN_POINT('',(-5.35511807889578,-13.9753365931576,-0.100000000000029));
#9533=CARTESIAN_POINT('',(-5.35511807889578,-13.9753365931576,-0.100000000000029));
#9534=VECTOR('',#10718,1.0);
#9535=CARTESIAN_POINT('',(-9.42543747668255,-11.6253365931575,-0.100000000000029));
#9536=AXIS2_PLACEMENT_3D('',#10719,#10720,#10721);
#9537=CARTESIAN_POINT('',(-12.8716432152462,-17.5943400256846,-0.100000000000029));
#9538=CARTESIAN_POINT('',(-12.935159698905,-17.7043538024998,-0.100000000000029));
#9539=VECTOR('',#10722,1.0);
#9540=CARTESIAN_POINT('',(-17.5943400256985,-12.8716432152272,-0.100000000000029));
#9541=AXIS2_PLACEMENT_3D('',#10723,#10724,#10725);
#9542=CARTESIAN_POINT('',(-11.6253365931741,-9.42543747666576,-0.100000000000029));
#9543=CARTESIAN_POINT('',(-11.6253365931741,-9.42543747666576,-0.100000000000029));
#9544=VECTOR('',#10726,1.0);
#9545=CARTESIAN_POINT('',(-13.975336593174,-5.35511807887881,-0.100000000000029));
#9546=AXIS2_PLACEMENT_3D('',#10727,#10728,#10729);
#9547=CARTESIAN_POINT('',(-19.9443400256961,-8.80132381743893,-0.100000000000029));
#9548=CARTESIAN_POINT('',(-20.0543538025166,-8.86484030110081,-0.100000000000029));
#9549=VECTOR('',#10730,1.0);
#9550=CARTESIAN_POINT('',(-21.6729670326898,-2.34999999998802,-0.100000000000029));
#9551=AXIS2_PLACEMENT_3D('',#10731,#10732,#10733);
#9552=CARTESIAN_POINT('',(-14.7805555555727,-2.34999999998802,-0.100000000000029));
#9553=CARTESIAN_POINT('',(-14.7805555555727,-2.34999999998802,-0.100000000000029));
#9554=VECTOR('',#10734,1.0);
#9555=CARTESIAN_POINT('',(-14.7805555555727,2.35000000001198,-0.100000000000029));
#9556=AXIS2_PLACEMENT_3D('',#10735,#10736,#10737);
#9557=CARTESIAN_POINT('',(-21.6729670326872,2.35000000001198,-0.100000000000029));
#9558=CARTESIAN_POINT('',(-21.8000000000172,2.35000000001198,-0.100000000000029));
#9559=VECTOR('',#10738,1.0);
#9560=CARTESIAN_POINT('',(-19.9443400256876,8.8013238174583,-0.100000000000029));
#9561=AXIS2_PLACEMENT_3D('',#10739,#10740,#10741);
#9562=CARTESIAN_POINT('',(-13.9753365931736,5.3551180789023,-0.100000000000029));
#9563=CARTESIAN_POINT('',(-13.9753365931736,5.3551180789023,-0.100000000000029));
#9564=VECTOR('',#10742,1.0);
#9565=CARTESIAN_POINT('',(-11.6253365931735,9.42543747668907,-0.100000000000029));
#9566=AXIS2_PLACEMENT_3D('',#10743,#10744,#10745);
#9567=CARTESIAN_POINT('',(-17.594340025686,12.8716432152443,-0.100000000000029));
#9568=CARTESIAN_POINT('',(-17.7043538025158,12.9351596989115,-0.100000000000029));
#9569=VECTOR('',#10746,1.0);
#9570=CARTESIAN_POINT('',(-12.8716432152358,17.5943400256922,-0.100000000000029));
#9571=AXIS2_PLACEMENT_3D('',#10747,#10748,#10749);
#9572=CARTESIAN_POINT('',(-9.42543747668172,11.6253365931807,-0.100000000000029));
#9573=CARTESIAN_POINT('',(-9.42543747668172,11.6253365931807,-0.100000000000029));
#9574=VECTOR('',#10750,1.0);
#9575=CARTESIAN_POINT('',(-5.35511807889477,13.9753365931805,-0.100000000000029));
#9576=AXIS2_PLACEMENT_3D('',#10751,#10752,#10753);
#9577=CARTESIAN_POINT('',(-8.80132381744865,19.9443400256917,-0.100000000000029));
#9578=CARTESIAN_POINT('',(-8.86484030111677,20.0543538025231,-0.100000000000029));
#9579=VECTOR('',#10754,1.0);
#9580=CARTESIAN_POINT('',(-2.35000000000393,21.672967032688,-0.100000000000029));
#9581=AXIS2_PLACEMENT_3D('',#10755,#10756,#10757);
#9582=CARTESIAN_POINT('',(-2.35000000000393,14.7805555555791,-0.100000000000029));
#9583=CARTESIAN_POINT('',(-2.35000000000393,14.7805555555791,-0.100000000000029));
#9584=VECTOR('',#10758,1.0);
#9585=CARTESIAN_POINT('',(2.34999999999607,14.7805555555791,-0.100000000000029));
#9586=AXIS2_PLACEMENT_3D('',#10759,#10760,#10761);
#9587=CARTESIAN_POINT('',(2.34999999999607,21.6729670326889,-0.100000000000029));
#9588=CARTESIAN_POINT('',(2.34999999999607,21.8000000000236,-0.100000000000029));
#9589=VECTOR('',#10762,1.0);
#9590=CARTESIAN_POINT('',(8.80132381744257,19.9443400256944,-0.100000000000029));
#9591=AXIS2_PLACEMENT_3D('',#10763,#10764,#10765);
#9592=CARTESIAN_POINT('',(5.35511807888634,13.9753365931801,-0.100000000000029));
#9593=CARTESIAN_POINT('',(5.35511807888634,13.9753365931801,-0.100000000000029));
#9594=VECTOR('',#10766,1.0);
#9595=CARTESIAN_POINT('',(9.42543747667311,11.62533659318,-0.100000000000029));
#9596=AXIS2_PLACEMENT_3D('',#10767,#10768,#10769);
#9597=CARTESIAN_POINT('',(12.8716432152304,17.5943400256962,-0.100000000000029));
#9598=CARTESIAN_POINT('',(12.9351596988956,17.7043538025223,-0.100000000000029));
#9599=VECTOR('',#10770,1.0);
#9600=CARTESIAN_POINT('',(17.5943400256841,12.8716432152468,-0.100000000000029));
#9601=AXIS2_PLACEMENT_3D('',#10771,#10772,#10773);
#9602=CARTESIAN_POINT('',(11.6253365931647,9.42543747668824,-0.100000000000029));
#9603=CARTESIAN_POINT('',(11.6253365931647,9.42543747668824,-0.100000000000029));
#9604=VECTOR('',#10774,1.0);
#9605=CARTESIAN_POINT('',(13.9753365931645,5.35511807890129,-0.100000000000029));
#9606=AXIS2_PLACEMENT_3D('',#10775,#10776,#10777);
#9607=CARTESIAN_POINT('',(19.9443400256862,8.8013238174612,-0.100000000000029));
#9608=CARTESIAN_POINT('',(20.0543538025071,8.86484030112329,-0.100000000000029));
#9609=VECTOR('',#10778,1.0);
#9610=CARTESIAN_POINT('',(21.6729670326873,2.35000000001047,-0.100000000000029));
#9611=AXIS2_PLACEMENT_3D('',#10779,#10780,#10781);
#9612=CARTESIAN_POINT('',(14.7805555555632,2.35000000001047,-0.100000000000029));
#9613=CARTESIAN_POINT('',(14.7805555555632,2.35000000001047,-0.100000000000029));
#9614=VECTOR('',#10782,1.0);
#9615=CARTESIAN_POINT('',(14.7805555555632,-2.34999999998954,-0.100000000000029));
#9616=AXIS2_PLACEMENT_3D('',#10783,#10784,#10785);
#9617=CARTESIAN_POINT('',(21.8000000000076,-2.34999999998954,-0.100000000000029));
#9618=VECTOR('',#10786,1.0);
#9619=COLOUR_RGB('',0.901960790157318,0.82745099067688,0.776470601558685);
#9620=CARTESIAN_POINT('',(21.6729670326873,2.35000000001047,2.4));
#9621=CARTESIAN_POINT('',(21.6729670326873,2.35000000001047,2.4));
#9622=VECTOR('',#10787,1.0);
#9623=CARTESIAN_POINT('',(19.9443400256862,8.8013238174612,2.4));
#9624=CARTESIAN_POINT('',(19.9443400256862,8.8013238174612,2.4));
#9625=VECTOR('',#10788,1.0);
#9626=AXIS2_PLACEMENT_3D('',#10789,#10790,#10791);
#9627=COLOUR_RGB('',0.901960790157318,0.82745099067688,0.776470601558685);
#9628=CARTESIAN_POINT('',(17.5943400256841,12.8716432152468,2.4));
#9629=CARTESIAN_POINT('',(17.5943400256841,12.8716432152468,2.4));
#9630=VECTOR('',#10792,1.0);
#9631=CARTESIAN_POINT('',(12.8716432152304,17.5943400256962,2.4));
#9632=CARTESIAN_POINT('',(12.8716432152304,17.5943400256962,2.4));
#9633=VECTOR('',#10793,1.0);
#9634=AXIS2_PLACEMENT_3D('',#10794,#10795,#10796);
#9635=COLOUR_RGB('',0.901960790157318,0.82745099067688,0.776470601558685);
#9636=CARTESIAN_POINT('',(11.625336593164,-9.42543747666659,2.4));
#9637=CARTESIAN_POINT('',(13.9753365931642,-5.35511807887981,2.4));
#9638=AXIS2_PLACEMENT_3D('',#10797,#10798,#10799);
#9639=CARTESIAN_POINT('',(1.17500000000377,2.03515969889979,2.4));
#9640=VECTOR('',#10800,1.0);
#9641=CARTESIAN_POINT('',(14.7805555555632,-2.34999999998954,2.4));
#9642=CARTESIAN_POINT('',(0.0,-2.34999999998954,2.4));
#9643=VECTOR('',#10801,1.0);
#9644=CARTESIAN_POINT('',(14.7805555555632,2.35000000001047,2.4));
#9645=AXIS2_PLACEMENT_3D('',#10802,#10803,#10804);
#9646=CARTESIAN_POINT('',(0.0,2.35000000001047,2.4));
#9647=VECTOR('',#10805,1.0);
#9648=CARTESIAN_POINT('',(13.9753365931645,5.35511807890129,2.4));
#9649=CARTESIAN_POINT('',(1.17499999999387,-2.03515969888299,2.4));
#9650=VECTOR('',#10806,1.0);
#9651=CARTESIAN_POINT('',(11.6253365931647,9.42543747668824,2.4));
#9652=AXIS2_PLACEMENT_3D('',#10807,#10808,#10809);
#9653=CARTESIAN_POINT('',(-1.17500000000598,2.03515969890397,2.4));
#9654=VECTOR('',#10810,1.0);
#9655=CARTESIAN_POINT('',(9.42543747667311,11.62533659318,2.4));
#9656=CARTESIAN_POINT('',(2.03515969888497,-1.17499999999521,2.4));
#9657=VECTOR('',#10811,1.0);
#9658=CARTESIAN_POINT('',(5.35511807888634,13.9753365931801,2.4));
#9659=AXIS2_PLACEMENT_3D('',#10812,#10813,#10814);
#9660=CARTESIAN_POINT('',(8.80132381744257,19.9443400256944,2.4));
#9661=CARTESIAN_POINT('',(-2.03515969890181,1.17500000000494,2.4));
#9662=VECTOR('',#10815,1.0);
#9663=CARTESIAN_POINT('',(2.34999999999607,21.6729670326889,2.4));
#9664=AXIS2_PLACEMENT_3D('',#10816,#10817,#10818);
#9665=CARTESIAN_POINT('',(2.34999999999607,14.7805555555791,2.4));
#9666=CARTESIAN_POINT('',(2.34999999999607,0.0,2.4));
#9667=VECTOR('',#10819,1.0);
#9668=CARTESIAN_POINT('',(-2.35000000000393,14.7805555555791,2.4));
#9669=AXIS2_PLACEMENT_3D('',#10820,#10821,#10822);
#9670=CARTESIAN_POINT('',(-2.35000000000393,21.672967032688,2.4));
#9671=CARTESIAN_POINT('',(-2.35000000000393,0.0,2.4));
#9672=VECTOR('',#10823,1.0);
#9673=CARTESIAN_POINT('',(-8.80132381744865,19.9443400256917,2.4));
#9674=AXIS2_PLACEMENT_3D('',#10824,#10825,#10826);
#9675=CARTESIAN_POINT('',(-5.35511807889477,13.9753365931805,2.4));
#9676=CARTESIAN_POINT('',(2.03515969889479,1.17500000000068,2.4));
#9677=VECTOR('',#10827,1.0);
#9678=CARTESIAN_POINT('',(-9.42543747668172,11.6253365931807,2.4));
#9679=AXIS2_PLACEMENT_3D('',#10828,#10829,#10830);
#9680=CARTESIAN_POINT('',(-12.8716432152358,17.5943400256922,2.4));
#9681=CARTESIAN_POINT('',(-2.03515969889217,-1.17499999999917,2.4));
#9682=VECTOR('',#10831,1.0);
#9683=CARTESIAN_POINT('',(-17.594340025686,12.8716432152443,2.4));
#9684=AXIS2_PLACEMENT_3D('',#10832,#10833,#10834);
#9685=CARTESIAN_POINT('',(-11.6253365931735,9.42543747668907,2.4));
#9686=CARTESIAN_POINT('',(1.17500000000376,2.03515969889977,2.4));
#9687=VECTOR('',#10835,1.0);
#9688=CARTESIAN_POINT('',(-13.9753365931736,5.3551180789023,2.4));
#9689=AXIS2_PLACEMENT_3D('',#10836,#10837,#10838);
#9690=CARTESIAN_POINT('',(-19.9443400256875,8.8013238174583,2.4));
#9691=CARTESIAN_POINT('',(-1.17499999999639,-2.03515969888701,2.4));
#9692=VECTOR('',#10839,1.0);
#9693=CARTESIAN_POINT('',(-21.6729670326872,2.35000000001198,2.4));
#9694=AXIS2_PLACEMENT_3D('',#10840,#10841,#10842);
#9695=CARTESIAN_POINT('',(-14.7805555555727,2.35000000001198,2.4));
#9696=CARTESIAN_POINT('',(0.0,2.35000000001198,2.4));
#9697=VECTOR('',#10843,1.0);
#9698=CARTESIAN_POINT('',(-14.7805555555727,-2.34999999998802,2.4));
#9699=AXIS2_PLACEMENT_3D('',#10844,#10845,#10846);
#9700=CARTESIAN_POINT('',(-21.6729670326898,-2.34999999998802,2.4));
#9701=CARTESIAN_POINT('',(0.0,-2.34999999998802,2.4));
#9702=VECTOR('',#10847,1.0);
#9703=CARTESIAN_POINT('',(-19.9443400256961,-8.80132381743893,2.4));
#9704=AXIS2_PLACEMENT_3D('',#10848,#10849,#10850);
#9705=CARTESIAN_POINT('',(-13.975336593174,-5.35511807887881,2.4));
#9706=CARTESIAN_POINT('',(-1.17500000000595,2.03515969890393,2.4));
#9707=VECTOR('',#10851,1.0);
#9708=CARTESIAN_POINT('',(-11.6253365931741,-9.42543747666576,2.4));
#9709=AXIS2_PLACEMENT_3D('',#10852,#10853,#10854);
#9710=CARTESIAN_POINT('',(-17.5943400256985,-12.8716432152272,2.4));
#9711=CARTESIAN_POINT('',(1.17499999999389,-2.03515969888302,2.4));
#9712=VECTOR('',#10855,1.0);
#9713=CARTESIAN_POINT('',(-12.8716432152462,-17.5943400256846,2.4));
#9714=AXIS2_PLACEMENT_3D('',#10856,#10857,#10858);
#9715=CARTESIAN_POINT('',(-9.42543747668255,-11.6253365931575,2.4));
#9716=CARTESIAN_POINT('',(-2.03515969890177,1.17500000000492,2.4));
#9717=VECTOR('',#10859,1.0);
#9718=CARTESIAN_POINT('',(-5.35511807889578,-13.9753365931576,2.4));
#9719=AXIS2_PLACEMENT_3D('',#10860,#10861,#10862);
#9720=CARTESIAN_POINT('',(-8.80132381746045,-19.9443400256865,2.4));
#9721=CARTESIAN_POINT('',(2.03515969888501,-1.17499999999524,2.4));
#9722=VECTOR('',#10863,1.0);
#9723=CARTESIAN_POINT('',(-2.35000000000552,-21.6729670326879,2.4));
#9724=AXIS2_PLACEMENT_3D('',#10864,#10865,#10866);
#9725=CARTESIAN_POINT('',(-2.35000000000552,-14.7805555555566,2.4));
#9726=CARTESIAN_POINT('',(-2.35000000000552,0.0,2.4));
#9727=VECTOR('',#10867,1.0);
#9728=CARTESIAN_POINT('',(2.34999999999448,-14.7805555555566,2.4));
#9729=AXIS2_PLACEMENT_3D('',#10868,#10869,#10870);
#9730=CARTESIAN_POINT('',(2.34999999999448,0.0,2.4));
#9731=VECTOR('',#10871,1.0);
#9732=CARTESIAN_POINT('',(-1.17499999999638,-2.03515969888698,2.4));
#9733=VECTOR('',#10872,1.0);
#9734=COLOUR_RGB('',0.901960790157318,0.82745099067688,0.776470601558685);
#9735=CARTESIAN_POINT('',(14.7805555555632,-2.34999999998954,-0.100000000000029));
#9736=VECTOR('',#10873,1.0);
#9737=CARTESIAN_POINT('',(14.7805555555632,2.35000000001047,-0.100000000000029));
#9738=VECTOR('',#10874,1.0);
#9739=COLOUR_RGB('',0.901960790157318,0.82745099067688,0.776470601558685);
#9740=COLOUR_RGB('',0.901960790157318,0.82745099067688,0.776470601558685);
#9741=COLOUR_RGB('',0.901960790157318,0.82745099067688,0.776470601558685);
#9742=CARTESIAN_POINT('',(13.9753365931645,5.35511807890129,-0.100000000000029));
#9743=VECTOR('',#10875,1.0);
#9744=CARTESIAN_POINT('',(11.6253365931647,9.42543747668824,-0.100000000000029));
#9745=VECTOR('',#10876,1.0);
#9746=COLOUR_RGB('',0.901960790157318,0.82745099067688,0.776470601558685);
#9747=COLOUR_RGB('',0.901960790157318,0.82745099067688,0.776470601558685);
#9748=COLOUR_RGB('',0.901960790157318,0.82745099067688,0.776470601558685);
#9749=CARTESIAN_POINT('',(9.42543747667311,11.62533659318,-0.100000000000029));
#9750=VECTOR('',#10877,1.0);
#9751=CARTESIAN_POINT('',(5.35511807888634,13.9753365931801,-0.100000000000029));
#9752=VECTOR('',#10878,1.0);
#9753=COLOUR_RGB('',0.901960790157318,0.82745099067688,0.776470601558685);
#9754=COLOUR_RGB('',0.901960790157318,0.82745099067688,0.776470601558685);
#9755=CARTESIAN_POINT('',(8.80132381744257,19.9443400256944,2.4));
#9756=VECTOR('',#10879,1.0);
#9757=COLOUR_RGB('',0.901960790157318,0.82745099067688,0.776470601558685);
#9758=CARTESIAN_POINT('',(2.34999999999607,14.7805555555791,-0.100000000000029));
#9759=VECTOR('',#10880,1.0);
#9760=CARTESIAN_POINT('',(-2.35000000000393,14.7805555555791,-0.100000000000029));
#9761=VECTOR('',#10881,1.0);
#9762=COLOUR_RGB('',0.901960790157318,0.82745099067688,0.776470601558685);
#9763=CARTESIAN_POINT('',(2.34999999999607,21.6729670326889,2.4));
#9764=VECTOR('',#10882,1.0);
#9765=COLOUR_RGB('',0.901960790157318,0.82745099067688,0.776470601558685);
#9766=CARTESIAN_POINT('',(-2.35000000000393,21.672967032688,2.4));
#9767=VECTOR('',#10883,1.0);
#9768=COLOUR_RGB('',0.901960790157318,0.82745099067688,0.776470601558685);
#9769=CARTESIAN_POINT('',(-5.35511807889477,13.9753365931805,-0.100000000000029));
#9770=VECTOR('',#10884,1.0);
#9771=CARTESIAN_POINT('',(-9.42543747668172,11.6253365931807,-0.100000000000029));
#9772=VECTOR('',#10885,1.0);
#9773=COLOUR_RGB('',0.901960790157318,0.82745099067688,0.776470601558685);
#9774=CARTESIAN_POINT('',(-8.80132381744865,19.9443400256917,2.4));
#9775=VECTOR('',#10886,1.0);
#9776=COLOUR_RGB('',0.901960790157318,0.82745099067688,0.776470601558685);
#9777=CARTESIAN_POINT('',(-12.8716432152358,17.5943400256922,2.4));
#9778=VECTOR('',#10887,1.0);
#9779=COLOUR_RGB('',0.901960790157318,0.82745099067688,0.776470601558685);
#9780=CARTESIAN_POINT('',(-11.6253365931735,9.42543747668907,-0.100000000000029));
#9781=VECTOR('',#10888,1.0);
#9782=CARTESIAN_POINT('',(-13.9753365931736,5.3551180789023,-0.100000000000029));
#9783=VECTOR('',#10889,1.0);
#9784=COLOUR_RGB('',0.901960790157318,0.82745099067688,0.776470601558685);
#9785=CARTESIAN_POINT('',(-17.594340025686,12.8716432152443,2.4));
#9786=VECTOR('',#10890,1.0);
#9787=COLOUR_RGB('',0.901960790157318,0.82745099067688,0.776470601558685);
#9788=CARTESIAN_POINT('',(-19.9443400256875,8.8013238174583,2.4));
#9789=VECTOR('',#10891,1.0);
#9790=COLOUR_RGB('',0.901960790157318,0.82745099067688,0.776470601558685);
#9791=CARTESIAN_POINT('',(-14.7805555555727,2.35000000001198,-0.100000000000029));
#9792=VECTOR('',#10892,1.0);
#9793=CARTESIAN_POINT('',(-14.7805555555727,-2.34999999998802,-0.100000000000029));
#9794=VECTOR('',#10893,1.0);
#9795=COLOUR_RGB('',0.901960790157318,0.82745099067688,0.776470601558685);
#9796=CARTESIAN_POINT('',(-21.6729670326872,2.35000000001198,2.4));
#9797=VECTOR('',#10894,1.0);
#9798=COLOUR_RGB('',0.901960790157318,0.82745099067688,0.776470601558685);
#9799=CARTESIAN_POINT('',(-21.6729670326898,-2.34999999998802,2.4));
#9800=VECTOR('',#10895,1.0);
#9801=COLOUR_RGB('',0.901960790157318,0.82745099067688,0.776470601558685);
#9802=CARTESIAN_POINT('',(-13.975336593174,-5.35511807887881,-0.100000000000029));
#9803=VECTOR('',#10896,1.0);
#9804=CARTESIAN_POINT('',(-11.6253365931741,-9.42543747666576,-0.100000000000029));
#9805=VECTOR('',#10897,1.0);
#9806=COLOUR_RGB('',0.901960790157318,0.82745099067688,0.776470601558685);
#9807=CARTESIAN_POINT('',(-19.9443400256961,-8.80132381743893,2.4));
#9808=VECTOR('',#10898,1.0);
#9809=COLOUR_RGB('',0.901960790157318,0.82745099067688,0.776470601558685);
#9810=CARTESIAN_POINT('',(-17.5943400256985,-12.8716432152272,2.4));
#9811=VECTOR('',#10899,1.0);
#9812=COLOUR_RGB('',0.901960790157318,0.82745099067688,0.776470601558685);
#9813=CARTESIAN_POINT('',(-9.42543747668255,-11.6253365931575,-0.100000000000029));
#9814=VECTOR('',#10900,1.0);
#9815=CARTESIAN_POINT('',(-5.35511807889578,-13.9753365931576,-0.100000000000029));
#9816=VECTOR('',#10901,1.0);
#9817=COLOUR_RGB('',0.901960790157318,0.82745099067688,0.776470601558685);
#9818=CARTESIAN_POINT('',(-12.8716432152462,-17.5943400256846,2.4));
#9819=VECTOR('',#10902,1.0);
#9820=COLOUR_RGB('',0.901960790157318,0.82745099067688,0.776470601558685);
#9821=CARTESIAN_POINT('',(-8.80132381746045,-19.9443400256865,2.4));
#9822=VECTOR('',#10903,1.0);
#9823=COLOUR_RGB('',0.901960790157318,0.82745099067688,0.776470601558685);
#9824=CARTESIAN_POINT('',(-2.35000000000552,-14.7805555555566,-0.100000000000029));
#9825=VECTOR('',#10904,1.0);
#9826=CARTESIAN_POINT('',(2.34999999999448,-14.7805555555566,-0.100000000000029));
#9827=VECTOR('',#10905,1.0);
#9828=COLOUR_RGB('',0.901960790157318,0.82745099067688,0.776470601558685);
#9829=CARTESIAN_POINT('',(-2.35000000000552,-21.6729670326879,2.4));
#9830=VECTOR('',#10906,1.0);
#9831=COLOUR_RGB('',0.901960790157318,0.82745099067688,0.776470601558685);
#9832=COLOUR_RGB('',0.901960790157318,0.82745099067688,0.776470601558685);
#9833=COLOUR_RGB('',0.901960790157318,0.82745099067688,0.776470601558685);
#9834=COLOUR_RGB('',0.901960790157318,0.82745099067688,0.776470601558685);
#9835=COLOUR_RGB('',0.901960790157318,0.82745099067688,0.776470601558685);
#9836=COLOUR_RGB('',0.901960790157318,0.82745099067688,0.776470601558685);
#9837=COLOUR_RGB('',0.901960790157318,0.82745099067688,0.776470601558685);
#9838=COLOUR_RGB('',0.901960790157318,0.82745099067688,0.776470601558685);
#9839=COLOUR_RGB('',0.901960790157318,0.82745099067688,0.776470601558685);
#9840=CARTESIAN_POINT('',(11.625336593164,-9.42543747666659,-0.100000000000028));
#9841=VECTOR('',#10907,1.0);
#9842=CARTESIAN_POINT('',(13.9753365931642,-5.35511807887981,-0.100000000000028));
#9843=VECTOR('',#10908,1.0);
#9844=COLOUR_RGB('',0.901960790157318,0.82745099067688,0.776470601558685);
#9845=COLOUR_RGB('',0.901960790157318,0.82745099067688,0.776470601558685);
#9846=VERTEX_POINT('',#10909);
#9847=CIRCLE('',#10910,4.6);
#9848=VERTEX_POINT('',#10911);
#9849=CIRCLE('',#10912,4.6);
#9850=VERTEX_POINT('',#10913);
#9851=CIRCLE('',#10914,1.25);
#9852=VERTEX_POINT('',#10915);
#9853=CIRCLE('',#10916,3.0);
#9854=VERTEX_POINT('',#10917);
#9855=CIRCLE('',#10918,3.0);
#9856=VERTEX_POINT('',#10919);
#9857=CIRCLE('',#10920,1.25);
#9858=VERTEX_POINT('',#10921);
#9859=CIRCLE('',#10922,4.6);
#9860=VERTEX_POINT('',#10923);
#9861=CIRCLE('',#10924,4.6);
#9862=DIRECTION('',(-0.707106781186551,0.707106781186544,0.0));
#9863=DIRECTION('',(-0.707106781186551,0.707106781186544,0.0));
#9864=DIRECTION('',(0.612372435695791,0.612372435695797,-0.5));
#9865=CARTESIAN_POINT('',(8.00000000000374,1.39194211712379E-011,4.6));
#9866=DIRECTION('',(0.0,0.0,1.0));
#9867=DIRECTION('',(1.0,0.0,0.0));
#9868=CARTESIAN_POINT('',(8.00000000000374,1.39194211712379E-011,2.40000000000007));
#9869=DIRECTION('',(0.0,0.0,1.0));
#9870=DIRECTION('',(0.0,-1.0,0.0));
#9871=DIRECTION('',(0.866025403784438,-0.5,0.0));
#9872=DIRECTION('',(-5.18039516805918E-016,-1.0,0.0));
#9873=DIRECTION('',(-0.866025403784439,-0.5,0.0));
#9874=DIRECTION('',(-0.866025403784439,0.5,0.0));
#9875=DIRECTION('',(0.0,1.0,0.0));
#9876=DIRECTION('',(0.866025403784439,0.5,0.0));
#9877=DIRECTION('',(-5.18039516805918E-016,-1.0,0.0));
#9878=DIRECTION('',(0.0,0.0,-1.0));
#9879=DIRECTION('',(0.0,0.0,-1.0));
#9880=DIRECTION('',(-0.866025403784439,-0.5,0.0));
#9881=DIRECTION('',(0.0,0.0,-1.0));
#9882=DIRECTION('',(-0.866025403784439,0.5,0.0));
#9883=DIRECTION('',(0.0,0.0,-1.0));
#9884=DIRECTION('',(0.0,1.0,0.0));
#9885=DIRECTION('',(0.0,0.0,-1.0));
#9886=DIRECTION('',(0.866025403784439,0.5,0.0));
#9887=DIRECTION('',(0.0,0.0,-1.0));
#9888=DIRECTION('',(0.866025403784438,-0.5,0.0));
#9889=CARTESIAN_POINT('',(3.72792074987416E-012,8.00000000001391,4.6));
#9890=DIRECTION('',(0.0,0.0,1.0));
#9891=DIRECTION('',(1.0,0.0,0.0));
#9892=CARTESIAN_POINT('',(3.72792074987416E-012,8.00000000001391,2.40000000000007));
#9893=DIRECTION('',(0.0,0.0,1.0));
#9894=DIRECTION('',(1.0,0.0,0.0));
#9895=DIRECTION('',(0.5,0.866025403784438,0.0));
#9896=DIRECTION('',(1.0,-5.18039516805918E-016,0.0));
#9897=DIRECTION('',(0.5,-0.866025403784439,0.0));
#9898=DIRECTION('',(-0.5,-0.866025403784439,0.0));
#9899=DIRECTION('',(-1.0,0.0,0.0));
#9900=DIRECTION('',(-0.5,0.866025403784439,0.0));
#9901=DIRECTION('',(1.0,-5.18039516805918E-016,0.0));
#9902=DIRECTION('',(0.0,0.0,-1.0));
#9903=DIRECTION('',(0.0,0.0,-1.0));
#9904=DIRECTION('',(0.5,-0.866025403784439,0.0));
#9905=DIRECTION('',(0.0,0.0,-1.0));
#9906=DIRECTION('',(-0.5,-0.866025403784439,0.0));
#9907=DIRECTION('',(0.0,0.0,-1.0));
#9908=DIRECTION('',(-1.0,0.0,0.0));
#9909=DIRECTION('',(0.0,0.0,-1.0));
#9910=DIRECTION('',(-0.5,0.866025403784439,0.0));
#9911=DIRECTION('',(0.0,0.0,-1.0));
#9912=DIRECTION('',(0.5,0.866025403784438,0.0));
#9913=CARTESIAN_POINT('',(3.7394132929025E-012,-7.99999999998609,4.6));
#9914=DIRECTION('',(0.0,0.0,1.0));
#9915=DIRECTION('',(1.0,0.0,0.0));
#9916=CARTESIAN_POINT('',(3.7394132929025E-012,-7.99999999998609,2.40000000000007));
#9917=DIRECTION('',(0.0,0.0,1.0));
#9918=DIRECTION('',(-1.0,0.0,0.0));
#9919=DIRECTION('',(-0.5,-0.866025403784438,0.0));
#9920=DIRECTION('',(-1.0,5.18039516805918E-016,0.0));
#9921=DIRECTION('',(-0.5,0.866025403784439,0.0));
#9922=DIRECTION('',(0.5,0.866025403784439,0.0));
#9923=DIRECTION('',(1.0,0.0,0.0));
#9924=DIRECTION('',(0.5,-0.866025403784439,0.0));
#9925=DIRECTION('',(-1.0,5.18039516805918E-016,0.0));
#9926=DIRECTION('',(0.0,0.0,-1.0));
#9927=DIRECTION('',(0.0,0.0,-1.0));
#9928=DIRECTION('',(-0.5,0.866025403784439,0.0));
#9929=DIRECTION('',(0.0,0.0,-1.0));
#9930=DIRECTION('',(0.5,0.866025403784439,0.0));
#9931=DIRECTION('',(0.0,0.0,-1.0));
#9932=DIRECTION('',(1.0,0.0,0.0));
#9933=DIRECTION('',(0.0,0.0,-1.0));
#9934=DIRECTION('',(0.5,-0.866025403784439,0.0));
#9935=DIRECTION('',(0.0,0.0,-1.0));
#9936=DIRECTION('',(-0.5,-0.866025403784438,0.0));
#9937=CARTESIAN_POINT('',(-7.99999999999627,1.39072781069061E-011,4.6));
#9938=DIRECTION('',(0.0,0.0,1.0));
#9939=DIRECTION('',(1.0,0.0,0.0));
#9940=CARTESIAN_POINT('',(-7.99999999999627,1.39072781069061E-011,2.40000000000007));
#9941=DIRECTION('',(0.0,-0.0,1.0));
#9942=DIRECTION('',(0.0,1.0,0.0));
#9943=DIRECTION('',(-0.866025403784438,0.5,0.0));
#9944=DIRECTION('',(5.18039516805918E-016,1.0,0.0));
#9945=DIRECTION('',(0.866025403784439,0.5,0.0));
#9946=DIRECTION('',(0.866025403784439,-0.5,0.0));
#9947=DIRECTION('',(0.0,-1.0,0.0));
#9948=DIRECTION('',(-0.866025403784439,-0.5,0.0));
#9949=DIRECTION('',(5.18039516805918E-016,1.0,0.0));
#9950=DIRECTION('',(0.0,0.0,-1.0));
#9951=DIRECTION('',(0.0,0.0,-1.0));
#9952=DIRECTION('',(0.866025403784439,0.5,0.0));
#9953=DIRECTION('',(0.0,0.0,-1.0));
#9954=DIRECTION('',(0.866025403784439,-0.5,0.0));
#9955=DIRECTION('',(0.0,0.0,-1.0));
#9956=DIRECTION('',(0.0,-1.0,0.0));
#9957=DIRECTION('',(0.0,0.0,-1.0));
#9958=DIRECTION('',(-0.866025403784439,-0.5,0.0));
#9959=DIRECTION('',(0.0,0.0,-1.0));
#9960=DIRECTION('',(-0.866025403784438,0.5,0.0));
#9961=DIRECTION('',(0.0,0.0,1.0));
#9962=CARTESIAN_POINT('',(-3.94649590784723E-014,1.39194211712379E-011,4.6));
#9963=DIRECTION('',(0.0,0.0,-1.0));
#9964=DIRECTION('',(0.707106781186538,-0.707106781186557,0.0));
#9965=DIRECTION('',(0.0,0.0,1.0));
#9966=CARTESIAN_POINT('',(-3.94649590784723E-014,1.39194211712379E-011,-3.09999999999996));
#9967=DIRECTION('',(0.0,0.0,-1.0));
#9968=DIRECTION('',(-1.0,0.0,0.0));
#9969=CARTESIAN_POINT('',(1.06066017177962,-1.060660171766,2.24999999999954));
#9970=DIRECTION('',(-0.707106781186551,0.707106781186544,0.0));
#9971=DIRECTION('',(-0.707106781186544,-0.707106781186551,0.0));
#9972=DIRECTION('',(-0.707106781186557,-0.707106781186539,0.0));
#9973=DIRECTION('',(0.707106781186557,0.707106781186539,0.0));
#9974=CARTESIAN_POINT('',(3.73052283508813E-012,1.39159517242859E-011,-3.09999999999996));
#9975=DIRECTION('',(0.0,0.0,-1.0));
#9976=DIRECTION('',(1.0,0.0,0.0));
#9977=CARTESIAN_POINT('',(3.53185203524239,-3.53185203522875,2.24999999999954));
#9978=DIRECTION('',(0.707106781186551,-0.707106781186544,0.0));
#9979=DIRECTION('',(0.707106781186544,0.707106781186551,0.0));
#9980=DIRECTION('',(-3.79391728658208E-016,-3.79391728658211E-016,-1.0));
#9981=DIRECTION('',(2.52927819105472E-016,2.52927819105475E-016,1.0));
#9982=DIRECTION('',(0.707106781186544,0.707106781186551,0.0));
#9983=CARTESIAN_POINT('',(6.42031939777157,-6.42031939775791,2.25000000000043));
#9984=DIRECTION('',(-0.866025403784457,-0.499999999999968,0.0));
#9985=DIRECTION('',(0.499999999999968,-0.866025403784457,0.0));
#9986=CARTESIAN_POINT('',(6.42031939780185,-6.42031939778819,2.25000000000043));
#9987=DIRECTION('',(0.500000000000032,0.86602540378442,0.0));
#9988=DIRECTION('',(0.86602540378442,-0.500000000000032,0.0));
#9989=CARTESIAN_POINT('',(13.4174438689713,-13.4174438689576,2.25000000000043));
#9990=DIRECTION('',(0.86602540378442,-0.500000000000032,0.0));
#9991=DIRECTION('',(-0.500000000000032,-0.86602540378442,0.0));
#9992=CARTESIAN_POINT('',(12.2942286340755,-12.2942286340619,2.25000000000043));
#9993=DIRECTION('',(-0.500000000000032,-0.86602540378442,0.0));
#9994=DIRECTION('',(0.86602540378442,-0.500000000000032,0.0));
#9995=CARTESIAN_POINT('',(14.9547505648659,-14.9547505648522,2.25000000000043));
#9996=DIRECTION('',(-0.86602540378442,0.500000000000032,0.0));
#9997=DIRECTION('',(-0.500000000000032,-0.86602540378442,0.0));
#9998=CARTESIAN_POINT('',(14.9547505648661,-14.9547505648525,2.25000000000043));
#9999=DIRECTION('',(-0.499999999999967,0.866025403784458,0.0));
#10000=DIRECTION('',(0.866025403784458,0.499999999999967,0.0));
#10001=CARTESIAN_POINT('',(12.2942286340441,-12.2942286340304,2.25000000000043));
#10002=DIRECTION('',(-0.866025403784458,-0.499999999999967,0.0));
#10003=DIRECTION('',(0.499999999999967,-0.866025403784458,0.0));
#10004=CARTESIAN_POINT('',(13.4174438689715,-13.4174438689578,2.25000000000043));
#10005=DIRECTION('',(0.499999999999967,-0.866025403784458,0.0));
#10006=DIRECTION('',(0.866025403784458,0.499999999999967,0.0));
#10007=CARTESIAN_POINT('',(6.36396103068644,-6.36396103067279,2.25000000000043));
#10008=DIRECTION('',(-0.707106781186548,0.707106781186547,0.0));
#10009=DIRECTION('',(-0.707106781186547,-0.707106781186548,0.0));
#10010=DIRECTION('',(0.0,0.0,1.0));
#10011=DIRECTION('',(0.0,0.0,1.0));
#10012=CARTESIAN_POINT('',(7.39027777777882,-12.8003365931581,4.6));
#10013=DIRECTION('',(0.0,0.0,-1.0));
#10014=DIRECTION('',(-0.499999999999968,0.866025403784457,0.0));
#10015=DIRECTION('',(0.0,0.0,1.0));
#10016=CARTESIAN_POINT('',(7.39027777777882,-12.8003365931581,-0.100000000000022));
#10017=DIRECTION('',(0.0,0.0,-1.0));
#10018=DIRECTION('',(-0.499999999999968,0.866025403784457,0.0));
#10019=DIRECTION('',(0.499999999999968,-0.866025403784457,0.0));
#10020=DIRECTION('',(0.0,0.0,-1.0));
#10021=DIRECTION('',(0.499999999999968,-0.866025403784457,0.0));
#10022=DIRECTION('',(0.0,0.0,-1.0));
#10023=CARTESIAN_POINT('',(11.7244442883216,-15.607333197882,3.5));
#10024=DIRECTION('',(-0.866025403784457,-0.499999999999968,0.0));
#10025=DIRECTION('',(0.499999999999968,-0.866025403784457,0.0));
#10026=DIRECTION('',(0.0,0.0,1.0));
#10027=DIRECTION('',(0.499999999999968,-0.866025403784457,0.0));
#10028=CARTESIAN_POINT('',(7.65412489053464,-17.9573331978819,3.5));
#10029=DIRECTION('',(0.866025403784457,0.499999999999968,0.0));
#10030=DIRECTION('',(-0.499999999999968,0.866025403784457,0.0));
#10031=DIRECTION('',(0.0,0.0,1.0));
#10032=DIRECTION('',(-0.499999999999968,0.866025403784457,0.0));
#10033=DIRECTION('',(0.0,0.0,-1.0));
#10034=DIRECTION('',(-0.499999999999968,0.866025403784457,0.0));
#10035=DIRECTION('',(-0.499999999999968,0.866025403784457,0.0));
#10036=DIRECTION('',(0.0,0.0,-1.0));
#10037=CARTESIAN_POINT('',(-6.22462151267378E-012,-14.780555555554,4.6));
#10038=DIRECTION('',(0.0,0.0,-1.0));
#10039=DIRECTION('',(0.0,1.0,0.0));
#10040=DIRECTION('',(0.0,0.0,1.0));
#10041=CARTESIAN_POINT('',(-6.22462151267378E-012,-14.780555555554,-0.100000000000022));
#10042=DIRECTION('',(0.0,0.0,-1.0));
#10043=DIRECTION('',(0.0,1.0,0.0));
#10044=DIRECTION('',(0.0,0.0,1.0));
#10045=DIRECTION('',(0.0,-1.0,0.0));
#10046=DIRECTION('',(0.0,0.0,-1.0));
#10047=CARTESIAN_POINT('',(2.34999999999377,-19.3785691788531,3.5));
#10048=DIRECTION('',(-1.0,0.0,0.0));
#10049=DIRECTION('',(0.0,0.0,1.0));
#10050=DIRECTION('',(0.0,0.0,1.0));
#10051=DIRECTION('',(0.0,-1.0,0.0));
#10052=DIRECTION('',(0.0,-1.0,0.0));
#10053=DIRECTION('',(0.0,0.0,-1.0));
#10054=CARTESIAN_POINT('',(-2.35000000000623,-19.3785691788531,3.5));
#10055=DIRECTION('',(1.0,0.0,0.0));
#10056=DIRECTION('',(0.0,0.0,-1.0));
#10057=DIRECTION('',(0.0,0.0,1.0));
#10058=DIRECTION('',(0.0,1.0,0.0));
#10059=DIRECTION('',(0.0,0.0,-1.0));
#10060=DIRECTION('',(0.0,1.0,0.0));
#10061=DIRECTION('',(0.0,1.0,0.0));
#10062=DIRECTION('',(0.0,0.0,-1.0));
#10063=CARTESIAN_POINT('',(-7.39027777778916,-12.8003365931522,4.6));
#10064=DIRECTION('',(0.0,0.0,-1.0));
#10065=DIRECTION('',(0.500000000000033,0.86602540378442,0.0));
#10066=DIRECTION('',(0.0,0.0,1.0));
#10067=CARTESIAN_POINT('',(-7.39027777778916,-12.8003365931522,-0.100000000000022));
#10068=DIRECTION('',(0.0,0.0,-1.0));
#10069=DIRECTION('',(0.500000000000033,0.86602540378442,0.0));
#10070=DIRECTION('',(0.0,0.0,1.0));
#10071=DIRECTION('',(-0.500000000000033,-0.86602540378442,0.0));
#10072=DIRECTION('',(0.0,0.0,-1.0));
#10073=CARTESIAN_POINT('',(-7.65412489054536,-17.957333197876,3.5));
#10074=DIRECTION('',(-0.86602540378442,0.500000000000033,0.0));
#10075=DIRECTION('',(-0.500000000000033,-0.86602540378442,0.0));
#10076=DIRECTION('',(0.0,0.0,1.0));
#10077=DIRECTION('',(-0.500000000000033,-0.86602540378442,0.0));
#10078=DIRECTION('',(-0.500000000000033,-0.86602540378442,0.0));
#10079=DIRECTION('',(0.0,0.0,-1.0));
#10080=CARTESIAN_POINT('',(-11.7244442883321,-15.6073331978758,3.5));
#10081=DIRECTION('',(0.86602540378442,-0.500000000000033,0.0));
#10082=DIRECTION('',(0.500000000000033,0.86602540378442,0.0));
#10083=DIRECTION('',(0.0,0.0,1.0));
#10084=DIRECTION('',(0.500000000000033,0.86602540378442,0.0));
#10085=DIRECTION('',(0.0,0.0,-1.0));
#10086=DIRECTION('',(0.500000000000033,0.86602540378442,0.0));
#10087=DIRECTION('',(0.500000000000033,0.86602540378442,0.0));
#10088=DIRECTION('',(0.0,0.0,-1.0));
#10089=CARTESIAN_POINT('',(-12.8003365931721,-7.39027777776495,4.6));
#10090=DIRECTION('',(0.0,0.0,-1.0));
#10091=DIRECTION('',(0.866025403784458,0.499999999999967,0.0));
#10092=DIRECTION('',(0.0,0.0,1.0));
#10093=CARTESIAN_POINT('',(-12.8003365931721,-7.39027777776495,-0.100000000000022));
#10094=DIRECTION('',(0.0,0.0,-1.0));
#10095=DIRECTION('',(0.866025403784458,0.499999999999967,0.0));
#10096=DIRECTION('',(0.0,0.0,1.0));
#10097=DIRECTION('',(-0.866025403784458,-0.499999999999967,0.0));
#10098=DIRECTION('',(0.0,0.0,-1.0));
#10099=CARTESIAN_POINT('',(-15.607333197896,-11.7244442883077,3.5));
#10100=DIRECTION('',(-0.499999999999967,0.866025403784458,0.0));
#10101=DIRECTION('',(-0.866025403784458,-0.499999999999967,0.0));
#10102=DIRECTION('',(0.0,0.0,1.0));
#10103=DIRECTION('',(-0.866025403784458,-0.499999999999967,0.0));
#10104=DIRECTION('',(-0.866025403784458,-0.499999999999967,0.0));
#10105=DIRECTION('',(0.0,0.0,-1.0));
#10106=CARTESIAN_POINT('',(-17.9573331978959,-7.65412489052076,3.5));
#10107=DIRECTION('',(0.499999999999967,-0.866025403784458,0.0));
#10108=DIRECTION('',(0.866025403784458,0.499999999999967,0.0));
#10109=DIRECTION('',(0.0,0.0,1.0));
#10110=DIRECTION('',(0.866025403784458,0.499999999999967,0.0));
#10111=DIRECTION('',(0.0,0.0,-1.0));
#10112=DIRECTION('',(0.866025403784458,0.499999999999967,0.0));
#10113=DIRECTION('',(0.866025403784458,0.499999999999967,0.0));
#10114=DIRECTION('',(0.0,0.0,-1.0));
#10115=CARTESIAN_POINT('',(-14.780555555568,2.00395255944841E-011,4.6));
#10116=DIRECTION('',(0.0,0.0,-1.0));
#10117=DIRECTION('',(1.0,0.0,0.0));
#10118=DIRECTION('',(0.0,0.0,1.0));
#10119=CARTESIAN_POINT('',(-14.780555555568,2.00395255944841E-011,-0.100000000000022));
#10120=DIRECTION('',(0.0,0.0,-1.0));
#10121=DIRECTION('',(1.0,0.0,0.0));
#10122=DIRECTION('',(0.0,0.0,1.0));
#10123=DIRECTION('',(-1.0,0.0,0.0));
#10124=DIRECTION('',(0.0,0.0,-1.0));
#10125=CARTESIAN_POINT('',(-19.378569178867,-2.34999999997996,3.49999999999996));
#10126=DIRECTION('',(0.0,1.0,0.0));
#10127=DIRECTION('',(0.0,0.0,1.0));
#10128=DIRECTION('',(0.0,0.0,1.0));
#10129=DIRECTION('',(-1.0,0.0,0.0));
#10130=DIRECTION('',(-1.0,0.0,0.0));
#10131=DIRECTION('',(0.0,0.0,-1.0));
#10132=CARTESIAN_POINT('',(-19.378569178867,2.35000000002004,3.49999999999996));
#10133=DIRECTION('',(0.0,-1.0,0.0));
#10134=DIRECTION('',(0.0,0.0,-1.0));
#10135=DIRECTION('',(0.0,0.0,1.0));
#10136=DIRECTION('',(1.0,0.0,0.0));
#10137=DIRECTION('',(0.0,0.0,-1.0));
#10138=DIRECTION('',(1.0,0.0,0.0));
#10139=DIRECTION('',(1.0,0.0,0.0));
#10140=DIRECTION('',(0.0,0.0,-1.0));
#10141=CARTESIAN_POINT('',(-12.8003365931662,7.39027777780302,4.6));
#10142=DIRECTION('',(0.0,0.0,-1.0));
#10143=DIRECTION('',(0.86602540378442,-0.500000000000032,0.0));
#10144=DIRECTION('',(0.0,0.0,1.0));
#10145=CARTESIAN_POINT('',(-12.8003365931662,7.39027777780302,-0.100000000000022));
#10146=DIRECTION('',(0.0,0.0,-1.0));
#10147=DIRECTION('',(0.86602540378442,-0.500000000000032,0.0));
#10148=DIRECTION('',(0.0,0.0,1.0));
#10149=DIRECTION('',(-0.86602540378442,0.500000000000032,0.0));
#10150=DIRECTION('',(0.0,0.0,-1.0));
#10151=CARTESIAN_POINT('',(-17.9573331978899,7.65412489055923,3.49999999999994));
#10152=DIRECTION('',(0.500000000000032,0.86602540378442,0.0));
#10153=DIRECTION('',(-0.86602540378442,0.500000000000032,0.0));
#10154=DIRECTION('',(0.0,0.0,1.0));
#10155=DIRECTION('',(-0.86602540378442,0.500000000000032,0.0));
#10156=DIRECTION('',(-0.86602540378442,0.500000000000032,0.0));
#10157=DIRECTION('',(0.0,0.0,-1.0));
#10158=CARTESIAN_POINT('',(-15.6073331978898,11.724444288346,3.49999999999994));
#10159=DIRECTION('',(-0.500000000000032,-0.86602540378442,0.0));
#10160=DIRECTION('',(0.86602540378442,-0.500000000000032,0.0));
#10161=DIRECTION('',(0.0,0.0,1.0));
#10162=DIRECTION('',(0.86602540378442,-0.500000000000032,0.0));
#10163=DIRECTION('',(0.0,0.0,-1.0));
#10164=DIRECTION('',(0.86602540378442,-0.500000000000032,0.0));
#10165=DIRECTION('',(0.86602540378442,-0.500000000000032,0.0));
#10166=DIRECTION('',(0.0,0.0,-1.0));
#10167=CARTESIAN_POINT('',(-7.39027777777892,12.800336593186,4.6));
#10168=DIRECTION('',(0.0,0.0,-1.0));
#10169=DIRECTION('',(0.499999999999968,-0.866025403784457,0.0));
#10170=DIRECTION('',(0.0,0.0,1.0));
#10171=CARTESIAN_POINT('',(-7.39027777777892,12.800336593186,-0.100000000000022));
#10172=DIRECTION('',(0.0,0.0,-1.0));
#10173=DIRECTION('',(0.499999999999968,-0.866025403784457,0.0));
#10174=DIRECTION('',(0.0,0.0,1.0));
#10175=DIRECTION('',(-0.499999999999968,0.866025403784457,0.0));
#10176=DIRECTION('',(0.0,0.0,-1.0));
#10177=CARTESIAN_POINT('',(-11.7244442883217,15.6073331979099,3.49999999999992));
#10178=DIRECTION('',(0.866025403784457,0.499999999999968,0.0));
#10179=DIRECTION('',(-0.499999999999968,0.866025403784457,0.0));
#10180=DIRECTION('',(0.0,0.0,1.0));
#10181=DIRECTION('',(-0.499999999999968,0.866025403784457,0.0));
#10182=DIRECTION('',(-0.499999999999968,0.866025403784457,0.0));
#10183=DIRECTION('',(0.0,0.0,-1.0));
#10184=CARTESIAN_POINT('',(-7.65412489053474,17.9573331979098,3.49999999999992));
#10185=DIRECTION('',(-0.866025403784457,-0.499999999999968,0.0));
#10186=DIRECTION('',(0.499999999999968,-0.866025403784457,0.0));
#10187=DIRECTION('',(0.0,0.0,1.0));
#10188=DIRECTION('',(0.499999999999968,-0.866025403784457,0.0));
#10189=DIRECTION('',(0.0,0.0,-1.0));
#10190=DIRECTION('',(0.499999999999968,-0.866025403784457,0.0));
#10191=DIRECTION('',(0.499999999999968,-0.866025403784457,0.0));
#10192=DIRECTION('',(0.0,0.0,-1.0));
#10193=CARTESIAN_POINT('',(6.1183696997702E-012,14.7805555555818,4.6));
#10194=DIRECTION('',(0.0,0.0,-1.0));
#10195=DIRECTION('',(0.0,-1.0,0.0));
#10196=DIRECTION('',(0.0,0.0,1.0));
#10197=CARTESIAN_POINT('',(6.1183696997702E-012,14.7805555555818,-0.100000000000022));
#10198=DIRECTION('',(0.0,0.0,-1.0));
#10199=DIRECTION('',(0.0,-1.0,0.0));
#10200=DIRECTION('',(0.0,0.0,1.0));
#10201=DIRECTION('',(0.0,1.0,0.0));
#10202=DIRECTION('',(0.0,0.0,-1.0));
#10203=CARTESIAN_POINT('',(-2.34999999999388,19.378569178881,3.49999999999992));
#10204=DIRECTION('',(1.0,0.0,0.0));
#10205=DIRECTION('',(0.0,0.0,-1.0));
#10206=DIRECTION('',(0.0,0.0,1.0));
#10207=DIRECTION('',(0.0,1.0,0.0));
#10208=DIRECTION('',(0.0,1.0,0.0));
#10209=DIRECTION('',(0.0,0.0,-1.0));
#10210=CARTESIAN_POINT('',(2.35000000000612,19.378569178881,3.49999999999992));
#10211=DIRECTION('',(-1.0,0.0,0.0));
#10212=DIRECTION('',(0.0,0.0,1.0));
#10213=DIRECTION('',(0.0,0.0,1.0));
#10214=DIRECTION('',(0.0,-1.0,0.0));
#10215=DIRECTION('',(0.0,0.0,-1.0));
#10216=DIRECTION('',(0.0,-1.0,0.0));
#10217=DIRECTION('',(0.0,-1.0,0.0));
#10218=DIRECTION('',(0.0,0.0,-1.0));
#10219=CARTESIAN_POINT('',(7.39027777778905,12.80033659318,4.6));
#10220=DIRECTION('',(-0.0,0.0,-1.0));
#10221=DIRECTION('',(-0.500000000000032,-0.86602540378442,0.0));
#10222=DIRECTION('',(0.0,0.0,1.0));
#10223=CARTESIAN_POINT('',(7.39027777778905,12.80033659318,-0.100000000000022));
#10224=DIRECTION('',(-0.0,0.0,-1.0));
#10225=DIRECTION('',(-0.500000000000032,-0.86602540378442,0.0));
#10226=DIRECTION('',(0.0,0.0,1.0));
#10227=DIRECTION('',(0.500000000000032,0.86602540378442,0.0));
#10228=DIRECTION('',(0.0,0.0,-1.0));
#10229=CARTESIAN_POINT('',(7.65412489054527,17.9573331979039,3.49999999999993));
#10230=DIRECTION('',(0.86602540378442,-0.500000000000032,0.0));
#10231=DIRECTION('',(0.500000000000032,0.86602540378442,0.0));
#10232=DIRECTION('',(0.0,0.0,1.0));
#10233=DIRECTION('',(0.500000000000032,0.86602540378442,0.0));
#10234=DIRECTION('',(0.500000000000032,0.86602540378442,0.0));
#10235=DIRECTION('',(0.0,0.0,-1.0));
#10236=CARTESIAN_POINT('',(11.724444288332,15.6073331979037,3.49999999999993));
#10237=DIRECTION('',(-0.86602540378442,0.500000000000032,0.0));
#10238=DIRECTION('',(-0.500000000000032,-0.86602540378442,0.0));
#10239=DIRECTION('',(0.0,0.0,1.0));
#10240=DIRECTION('',(-0.500000000000032,-0.86602540378442,0.0));
#10241=DIRECTION('',(0.0,0.0,-1.0));
#10242=DIRECTION('',(-0.500000000000032,-0.86602540378442,0.0));
#10243=DIRECTION('',(-0.500000000000032,-0.86602540378442,0.0));
#10244=DIRECTION('',(0.0,0.0,-1.0));
#10245=CARTESIAN_POINT('',(12.800336593172,7.39027777779279,4.6));
#10246=DIRECTION('',(-0.0,0.0,-1.0));
#10247=DIRECTION('',(-0.866025403784457,-0.499999999999968,0.0));
#10248=DIRECTION('',(0.0,0.0,1.0));
#10249=CARTESIAN_POINT('',(12.800336593172,7.39027777779279,-0.100000000000022));
#10250=DIRECTION('',(-0.0,0.0,-1.0));
#10251=DIRECTION('',(-0.866025403784457,-0.499999999999968,0.0));
#10252=DIRECTION('',(0.0,0.0,1.0));
#10253=DIRECTION('',(0.866025403784457,0.499999999999968,0.0));
#10254=DIRECTION('',(0.0,0.0,-1.0));
#10255=CARTESIAN_POINT('',(15.6073331978959,11.7244442883356,3.49999999999994));
#10256=DIRECTION('',(0.499999999999968,-0.866025403784457,0.0));
#10257=DIRECTION('',(0.866025403784457,0.499999999999968,0.0));
#10258=DIRECTION('',(0.0,0.0,1.0));
#10259=DIRECTION('',(0.866025403784457,0.499999999999968,0.0));
#10260=DIRECTION('',(0.866025403784457,0.499999999999968,0.0));
#10261=DIRECTION('',(0.0,0.0,-1.0));
#10262=CARTESIAN_POINT('',(17.9573331978958,7.65412489054863,3.49999999999994));
#10263=DIRECTION('',(-0.499999999999968,0.866025403784457,0.0));
#10264=DIRECTION('',(-0.866025403784457,-0.499999999999968,0.0));
#10265=DIRECTION('',(0.0,0.0,1.0));
#10266=DIRECTION('',(-0.866025403784457,-0.499999999999968,0.0));
#10267=DIRECTION('',(0.0,0.0,-1.0));
#10268=DIRECTION('',(-0.866025403784457,-0.499999999999968,0.0));
#10269=DIRECTION('',(-0.866025403784457,-0.499999999999968,0.0));
#10270=DIRECTION('',(0.0,0.0,-1.0));
#10271=CARTESIAN_POINT('',(14.7805555555678,7.75985178891325E-012,4.6));
#10272=DIRECTION('',(0.0,0.0,-1.0));
#10273=DIRECTION('',(-1.0,0.0,0.0));
#10274=DIRECTION('',(0.0,0.0,1.0));
#10275=CARTESIAN_POINT('',(14.7805555555678,7.75985178891325E-012,-0.100000000000022));
#10276=DIRECTION('',(0.0,0.0,-1.0));
#10277=DIRECTION('',(-1.0,0.0,0.0));
#10278=DIRECTION('',(0.0,0.0,1.0));
#10279=DIRECTION('',(1.0,0.0,0.0));
#10280=DIRECTION('',(0.0,0.0,-1.0));
#10281=CARTESIAN_POINT('',(19.378569178867,2.35000000000776,3.5));
#10282=DIRECTION('',(0.0,-1.0,0.0));
#10283=DIRECTION('',(0.0,0.0,-1.0));
#10284=DIRECTION('',(0.0,0.0,1.0));
#10285=DIRECTION('',(1.0,0.0,0.0));
#10286=DIRECTION('',(1.0,0.0,0.0));
#10287=DIRECTION('',(0.0,0.0,-1.0));
#10288=CARTESIAN_POINT('',(19.378569178867,-2.34999999999224,3.5));
#10289=DIRECTION('',(0.0,1.0,0.0));
#10290=DIRECTION('',(0.0,0.0,1.0));
#10291=DIRECTION('',(0.0,0.0,1.0));
#10292=DIRECTION('',(-1.0,0.0,0.0));
#10293=DIRECTION('',(0.0,0.0,-1.0));
#10294=DIRECTION('',(-1.0,0.0,0.0));
#10295=DIRECTION('',(-1.0,0.0,0.0));
#10296=DIRECTION('',(0.0,0.0,-1.0));
#10297=DIRECTION('',(0.0,0.0,1.0));
#10298=DIRECTION('',(0.0,0.0,1.0));
#10299=CARTESIAN_POINT('',(12.8003365931661,-7.39027777777518,-0.100000000000021));
#10300=DIRECTION('',(0.0,0.0,-1.0));
#10301=DIRECTION('',(-0.86602540378442,0.500000000000032,0.0));
#10302=DIRECTION('',(0.0,0.0,1.0));
#10303=CARTESIAN_POINT('',(12.8003365931661,-7.39027777777518,4.6));
#10304=DIRECTION('',(0.0,0.0,-1.0));
#10305=DIRECTION('',(-0.86602540378442,0.500000000000032,0.0));
#10306=DIRECTION('',(0.86602540378442,-0.500000000000032,0.0));
#10307=DIRECTION('',(0.0,0.0,-1.0));
#10308=CARTESIAN_POINT('',(17.9573331978898,-7.6541248905314,3.5));
#10309=DIRECTION('',(-0.500000000000032,-0.86602540378442,0.0));
#10310=DIRECTION('',(0.86602540378442,-0.500000000000032,0.0));
#10311=DIRECTION('',(0.0,0.0,1.0));
#10312=DIRECTION('',(0.86602540378442,-0.500000000000032,0.0));
#10313=DIRECTION('',(0.86602540378442,-0.500000000000032,0.0));
#10314=DIRECTION('',(0.0,0.0,-1.0));
#10315=DIRECTION('',(-0.86602540378442,0.500000000000032,0.0));
#10316=DIRECTION('',(0.0,0.0,-1.0));
#10317=CARTESIAN_POINT('',(15.6073331978897,-11.7244442883182,3.5));
#10318=DIRECTION('',(0.500000000000032,0.86602540378442,0.0));
#10319=DIRECTION('',(-0.86602540378442,0.500000000000032,0.0));
#10320=DIRECTION('',(0.0,0.0,1.0));
#10321=DIRECTION('',(-0.86602540378442,0.500000000000032,0.0));
#10322=DIRECTION('',(0.0,0.0,-1.0));
#10323=DIRECTION('',(-0.86602540378442,0.500000000000032,0.0));
#10324=DIRECTION('',(1.0,0.0,0.0));
#10325=CARTESIAN_POINT('',(-4.5000000000061,-19.3785691788531,3.5));
#10326=DIRECTION('',(-1.0,0.0,0.0));
#10327=DIRECTION('',(0.0,1.0,0.0));
#10328=DIRECTION('',(1.0,0.0,0.0));
#10329=DIRECTION('',(0.0,0.0,1.0));
#10330=DIRECTION('',(-1.0,0.0,0.0));
#10331=DIRECTION('',(0.0,0.0,-1.0));
#10332=DIRECTION('',(1.0,0.0,0.0));
#10333=DIRECTION('',(0.0,0.0,-1.0));
#10334=CARTESIAN_POINT('',(4.4999999999939,-19.3785691788531,3.5));
#10335=DIRECTION('',(-1.0,0.0,0.0));
#10336=DIRECTION('',(0.0,1.0,0.0));
#10337=DIRECTION('',(0.0,0.0,1.0));
#10338=DIRECTION('',(0.0,-1.0,0.0));
#10339=DIRECTION('',(0.0,-1.0,0.0));
#10340=DIRECTION('',(0.866025403784419,-0.500000000000033,0.0));
#10341=CARTESIAN_POINT('',(-13.5863989064686,-14.5323331978758,3.5));
#10342=DIRECTION('',(-0.86602540378442,0.500000000000033,0.0));
#10343=DIRECTION('',(0.500000000000033,0.866025403784419,0.0));
#10344=DIRECTION('',(0.866025403784419,-0.500000000000033,0.0));
#10345=DIRECTION('',(0.0,0.0,1.0));
#10346=DIRECTION('',(-0.86602540378442,0.500000000000033,0.0));
#10347=DIRECTION('',(0.0,0.0,-1.0));
#10348=DIRECTION('',(0.86602540378442,-0.500000000000033,0.0));
#10349=DIRECTION('',(0.0,0.0,-1.0));
#10350=CARTESIAN_POINT('',(-5.7921702724088,-19.032333197876,3.5));
#10351=DIRECTION('',(-0.86602540378442,0.500000000000033,0.0));
#10352=DIRECTION('',(0.500000000000033,0.866025403784419,0.0));
#10353=DIRECTION('',(0.0,0.0,1.0));
#10354=DIRECTION('',(-0.500000000000033,-0.86602540378442,0.0));
#10355=DIRECTION('',(-0.500000000000033,-0.86602540378442,0.0));
#10356=DIRECTION('',(0.499999999999967,-0.866025403784458,0.0));
#10357=CARTESIAN_POINT('',(-19.0323331978957,-5.79217027238422,3.5));
#10358=DIRECTION('',(-0.499999999999967,0.866025403784458,0.0));
#10359=DIRECTION('',(0.866025403784458,0.499999999999967,0.0));
#10360=DIRECTION('',(0.499999999999967,-0.866025403784458,0.0));
#10361=DIRECTION('',(0.0,0.0,1.0));
#10362=DIRECTION('',(-0.499999999999967,0.866025403784458,0.0));
#10363=DIRECTION('',(0.0,0.0,-1.0));
#10364=DIRECTION('',(0.499999999999967,-0.866025403784458,0.0));
#10365=DIRECTION('',(0.0,0.0,-1.0));
#10366=CARTESIAN_POINT('',(-14.532333197896,-13.5863989064443,3.5));
#10367=DIRECTION('',(-0.499999999999967,0.866025403784458,0.0));
#10368=DIRECTION('',(0.866025403784458,0.499999999999967,0.0));
#10369=DIRECTION('',(0.0,0.0,1.0));
#10370=DIRECTION('',(-0.866025403784458,-0.499999999999967,0.0));
#10371=DIRECTION('',(-0.866025403784458,-0.499999999999967,0.0));
#10372=DIRECTION('',(0.0,-1.0,0.0));
#10373=CARTESIAN_POINT('',(-19.378569178867,4.50000000002,3.49999999999996));
#10374=DIRECTION('',(-0.0,1.0,0.0));
#10375=DIRECTION('',(1.0,0.0,0.0));
#10376=DIRECTION('',(0.0,-1.0,0.0));
#10377=DIRECTION('',(0.0,0.0,1.0));
#10378=DIRECTION('',(0.0,1.0,0.0));
#10379=DIRECTION('',(0.0,0.0,-1.0));
#10380=DIRECTION('',(0.0,-1.0,0.0));
#10381=DIRECTION('',(0.0,0.0,-1.0));
#10382=CARTESIAN_POINT('',(-19.378569178867,-4.49999999998,3.49999999999996));
#10383=DIRECTION('',(-0.0,1.0,0.0));
#10384=DIRECTION('',(1.0,0.0,0.0));
#10385=DIRECTION('',(0.0,0.0,1.0));
#10386=DIRECTION('',(-1.0,0.0,0.0));
#10387=DIRECTION('',(-1.0,0.0,0.0));
#10388=DIRECTION('',(-0.500000000000033,-0.86602540378442,0.0));
#10389=CARTESIAN_POINT('',(-14.5323331978897,13.5863989064825,3.49999999999994));
#10390=DIRECTION('',(0.500000000000033,0.86602540378442,0.0));
#10391=DIRECTION('',(0.86602540378442,-0.500000000000033,0.0));
#10392=DIRECTION('',(-0.500000000000033,-0.86602540378442,0.0));
#10393=DIRECTION('',(0.0,0.0,1.0));
#10394=DIRECTION('',(0.500000000000033,0.86602540378442,0.0));
#10395=DIRECTION('',(0.0,0.0,-1.0));
#10396=DIRECTION('',(-0.500000000000033,-0.86602540378442,0.0));
#10397=DIRECTION('',(0.0,0.0,-1.0));
#10398=CARTESIAN_POINT('',(-19.03233319789,5.7921702724227,3.49999999999994));
#10399=DIRECTION('',(0.500000000000033,0.86602540378442,0.0));
#10400=DIRECTION('',(0.86602540378442,-0.500000000000033,0.0));
#10401=DIRECTION('',(0.0,0.0,1.0));
#10402=DIRECTION('',(-0.86602540378442,0.500000000000033,0.0));
#10403=DIRECTION('',(-0.86602540378442,0.500000000000033,0.0));
#10404=DIRECTION('',(-0.866025403784458,-0.499999999999967,0.0));
#10405=CARTESIAN_POINT('',(-5.79217027239818,19.0323331979096,3.49999999999992));
#10406=DIRECTION('',(0.866025403784458,0.499999999999967,0.0));
#10407=DIRECTION('',(0.499999999999967,-0.866025403784458,0.0));
#10408=DIRECTION('',(-0.866025403784458,-0.499999999999967,0.0));
#10409=DIRECTION('',(0.0,0.0,1.0));
#10410=DIRECTION('',(0.866025403784458,0.499999999999967,0.0));
#10411=DIRECTION('',(0.0,0.0,-1.0));
#10412=DIRECTION('',(-0.866025403784458,-0.499999999999967,0.0));
#10413=DIRECTION('',(0.0,0.0,-1.0));
#10414=CARTESIAN_POINT('',(-13.5863989064583,14.53233319791,3.49999999999992));
#10415=DIRECTION('',(0.866025403784458,0.499999999999967,0.0));
#10416=DIRECTION('',(0.499999999999967,-0.866025403784458,0.0));
#10417=DIRECTION('',(0.0,0.0,1.0));
#10418=DIRECTION('',(-0.499999999999967,0.866025403784458,0.0));
#10419=DIRECTION('',(-0.499999999999967,0.866025403784458,0.0));
#10420=DIRECTION('',(-1.0,0.0,0.0));
#10421=CARTESIAN_POINT('',(4.50000000000605,19.378569178881,3.49999999999992));
#10422=DIRECTION('',(1.0,0.0,0.0));
#10423=DIRECTION('',(0.0,-1.0,0.0));
#10424=DIRECTION('',(-1.0,0.0,0.0));
#10425=DIRECTION('',(0.0,0.0,1.0));
#10426=DIRECTION('',(1.0,0.0,0.0));
#10427=DIRECTION('',(0.0,0.0,-1.0));
#10428=DIRECTION('',(-1.0,0.0,0.0));
#10429=DIRECTION('',(0.0,0.0,-1.0));
#10430=CARTESIAN_POINT('',(-4.49999999999396,19.378569178881,3.49999999999992));
#10431=DIRECTION('',(1.0,0.0,0.0));
#10432=DIRECTION('',(0.0,-1.0,0.0));
#10433=DIRECTION('',(0.0,0.0,1.0));
#10434=DIRECTION('',(0.0,1.0,0.0));
#10435=DIRECTION('',(0.0,1.0,0.0));
#10436=DIRECTION('',(-0.86602540378442,0.500000000000033,0.0));
#10437=CARTESIAN_POINT('',(13.5863989064685,14.5323331979036,3.49999999999993));
#10438=DIRECTION('',(0.86602540378442,-0.500000000000033,0.0));
#10439=DIRECTION('',(-0.500000000000033,-0.86602540378442,0.0));
#10440=DIRECTION('',(-0.86602540378442,0.500000000000033,0.0));
#10441=DIRECTION('',(0.0,0.0,1.0));
#10442=DIRECTION('',(0.86602540378442,-0.500000000000033,0.0));
#10443=DIRECTION('',(0.0,0.0,-1.0));
#10444=DIRECTION('',(-0.86602540378442,0.500000000000033,0.0));
#10445=DIRECTION('',(0.0,0.0,-1.0));
#10446=CARTESIAN_POINT('',(5.79217027240875,19.0323331979039,3.49999999999993));
#10447=DIRECTION('',(0.86602540378442,-0.500000000000033,0.0));
#10448=DIRECTION('',(-0.500000000000033,-0.86602540378442,0.0));
#10449=DIRECTION('',(0.0,0.0,1.0));
#10450=DIRECTION('',(0.500000000000033,0.86602540378442,0.0));
#10451=DIRECTION('',(0.500000000000033,0.86602540378442,0.0));
#10452=DIRECTION('',(-0.499999999999967,0.866025403784458,0.0));
#10453=CARTESIAN_POINT('',(19.0323331978957,5.79217027241209,3.49999999999994));
#10454=DIRECTION('',(0.499999999999967,-0.866025403784458,0.0));
#10455=DIRECTION('',(-0.866025403784458,-0.499999999999967,0.0));
#10456=DIRECTION('',(-0.499999999999967,0.866025403784458,0.0));
#10457=DIRECTION('',(0.0,0.0,1.0));
#10458=DIRECTION('',(0.499999999999967,-0.866025403784458,0.0));
#10459=DIRECTION('',(0.0,0.0,-1.0));
#10460=DIRECTION('',(-0.499999999999967,0.866025403784458,0.0));
#10461=DIRECTION('',(0.0,0.0,-1.0));
#10462=CARTESIAN_POINT('',(14.532333197896,13.5863989064722,3.49999999999994));
#10463=DIRECTION('',(0.499999999999967,-0.866025403784458,0.0));
#10464=DIRECTION('',(-0.866025403784458,-0.499999999999967,0.0));
#10465=DIRECTION('',(0.0,0.0,1.0));
#10466=DIRECTION('',(0.866025403784458,0.499999999999967,0.0));
#10467=DIRECTION('',(0.866025403784458,0.499999999999967,0.0));
#10468=DIRECTION('',(0.0,1.0,0.0));
#10469=CARTESIAN_POINT('',(19.378569178867,-4.49999999999214,3.5));
#10470=DIRECTION('',(0.0,-1.0,0.0));
#10471=DIRECTION('',(-1.0,0.0,0.0));
#10472=DIRECTION('',(0.0,1.0,0.0));
#10473=DIRECTION('',(0.0,0.0,1.0));
#10474=DIRECTION('',(0.0,-1.0,0.0));
#10475=DIRECTION('',(0.0,0.0,-1.0));
#10476=DIRECTION('',(0.0,1.0,0.0));
#10477=DIRECTION('',(0.0,0.0,-1.0));
#10478=CARTESIAN_POINT('',(19.378569178867,4.50000000000786,3.5));
#10479=DIRECTION('',(0.0,-1.0,0.0));
#10480=DIRECTION('',(-1.0,0.0,0.0));
#10481=DIRECTION('',(0.0,0.0,1.0));
#10482=DIRECTION('',(1.0,0.0,0.0));
#10483=DIRECTION('',(1.0,0.0,0.0));
#10484=DIRECTION('',(0.500000000000032,0.86602540378442,0.0));
#10485=DIRECTION('',(0.500000000000032,0.86602540378442,0.0));
#10486=DIRECTION('',(0.0,0.0,1.0));
#10487=DIRECTION('',(-0.500000000000032,-0.86602540378442,0.0));
#10488=DIRECTION('',(0.0,0.0,-1.0));
#10489=DIRECTION('',(0.500000000000032,0.86602540378442,0.0));
#10490=DIRECTION('',(0.0,0.0,-1.0));
#10491=CARTESIAN_POINT('',(19.03233319789,-5.79217027239483,3.5));
#10492=DIRECTION('',(-0.500000000000032,-0.86602540378442,0.0));
#10493=DIRECTION('',(-0.86602540378442,0.500000000000032,0.0));
#10494=DIRECTION('',(0.0,0.0,1.0));
#10495=DIRECTION('',(0.86602540378442,-0.500000000000032,0.0));
#10496=DIRECTION('',(0.86602540378442,-0.500000000000032,0.0));
#10497=DIRECTION('',(0.866025403784458,0.499999999999967,0.0));
#10498=CARTESIAN_POINT('',(5.79217027239813,-19.0323331978818,3.5));
#10499=DIRECTION('',(-0.866025403784458,-0.499999999999967,0.0));
#10500=DIRECTION('',(-0.499999999999967,0.866025403784458,0.0));
#10501=DIRECTION('',(0.866025403784458,0.499999999999967,0.0));
#10502=DIRECTION('',(0.0,0.0,1.0));
#10503=DIRECTION('',(-0.866025403784458,-0.499999999999967,0.0));
#10504=DIRECTION('',(0.0,0.0,-1.0));
#10505=DIRECTION('',(0.866025403784458,0.499999999999967,0.0));
#10506=DIRECTION('',(0.0,0.0,-1.0));
#10507=DIRECTION('',(0.0,0.0,1.0));
#10508=DIRECTION('',(0.499999999999967,-0.866025403784458,0.0));
#10509=DIRECTION('',(0.866025403784458,0.499999999999967,0.0));
#10510=DIRECTION('',(0.866025403784458,0.499999999999967,0.0));
#10511=CARTESIAN_POINT('',(0.0,0.0,4.6));
#10512=DIRECTION('',(0.0,0.0,1.0));
#10513=DIRECTION('',(1.0,0.0,0.0));
#10514=CARTESIAN_POINT('',(0.0,0.0,-0.1));
#10515=DIRECTION('',(0.0,0.0,1.0));
#10516=DIRECTION('',(1.0,0.0,0.0));
#10517=CARTESIAN_POINT('',(0.0,0.0,-0.1));
#10518=DIRECTION('',(0.0,0.0,1.0));
#10519=DIRECTION('',(1.0,0.0,0.0));
#10520=CARTESIAN_POINT('',(0.0,0.0,4.6));
#10521=DIRECTION('',(0.0,0.0,1.0));
#10522=DIRECTION('',(1.0,0.0,0.0));
#10523=CARTESIAN_POINT('',(0.0,0.0,-0.1));
#10524=DIRECTION('',(0.0,0.0,1.0));
#10525=DIRECTION('',(1.0,0.0,0.0));
#10526=CARTESIAN_POINT('',(0.0,0.0,4.6));
#10527=DIRECTION('',(0.0,0.0,1.0));
#10528=DIRECTION('',(1.0,0.0,0.0));
#10529=CARTESIAN_POINT('',(0.0,0.0,-0.1));
#10530=DIRECTION('',(0.0,0.0,1.0));
#10531=DIRECTION('',(1.0,0.0,0.0));
#10532=CARTESIAN_POINT('',(0.0,0.0,4.6));
#10533=DIRECTION('',(0.0,0.0,1.0));
#10534=DIRECTION('',(1.0,0.0,0.0));
#10535=CARTESIAN_POINT('',(0.0,0.0,-0.1));
#10536=DIRECTION('',(0.0,0.0,1.0));
#10537=DIRECTION('',(1.0,0.0,0.0));
#10538=CARTESIAN_POINT('',(0.0,0.0,4.6));
#10539=DIRECTION('',(0.0,0.0,1.0));
#10540=DIRECTION('',(1.0,0.0,0.0));
#10541=CARTESIAN_POINT('',(6.36396103068645,-6.36396103067278,2.24999999999954));
#10542=DIRECTION('',(-0.707106781186548,0.707106781186547,0.0));
#10543=DIRECTION('',(-0.707106781186547,-0.707106781186548,0.0));
#10544=CARTESIAN_POINT('',(4.94606559761552,-4.94606559760186,2.24999999999954));
#10545=DIRECTION('',(0.707106781186551,-0.707106781186544,0.0));
#10546=DIRECTION('',(0.707106781186544,0.707106781186551,0.0));
#10547=DIRECTION('',(0.707106781186548,-0.707106781186547,0.0));
#10548=DIRECTION('',(-0.707106781186548,0.707106781186547,0.0));
#10549=DIRECTION('',(0.707106781186544,0.707106781186551,0.0));
#10550=DIRECTION('',(0.499999999999967,-0.866025403784458,0.0));
#10551=DIRECTION('',(-0.866025403784458,-0.499999999999967,0.0));
#10552=DIRECTION('',(0.500000000000032,0.86602540378442,0.0));
#10553=DIRECTION('',(-0.500000000000032,-0.86602540378442,0.0));
#10554=DIRECTION('',(0.0,1.0,0.0));
#10555=DIRECTION('',(0.0,-1.0,0.0));
#10556=CARTESIAN_POINT('',(0.0,0.0,4.6));
#10557=DIRECTION('',(0.0,0.0,1.0));
#10558=DIRECTION('',(1.0,0.0,0.0));
#10559=DIRECTION('',(-0.499999999999967,0.866025403784458,0.0));
#10560=DIRECTION('',(0.499999999999967,-0.866025403784458,0.0));
#10561=CARTESIAN_POINT('',(0.0,0.0,4.6));
#10562=DIRECTION('',(0.0,0.0,1.0));
#10563=DIRECTION('',(1.0,0.0,0.0));
#10564=DIRECTION('',(-0.86602540378442,0.500000000000033,0.0));
#10565=DIRECTION('',(0.86602540378442,-0.500000000000033,0.0));
#10566=CARTESIAN_POINT('',(0.0,0.0,4.6));
#10567=DIRECTION('',(0.0,0.0,1.0));
#10568=DIRECTION('',(1.0,0.0,0.0));
#10569=DIRECTION('',(-1.0,0.0,0.0));
#10570=DIRECTION('',(1.0,0.0,0.0));
#10571=CARTESIAN_POINT('',(0.0,0.0,4.6));
#10572=DIRECTION('',(0.0,0.0,1.0));
#10573=DIRECTION('',(1.0,0.0,0.0));
#10574=DIRECTION('',(-0.866025403784458,-0.499999999999967,0.0));
#10575=DIRECTION('',(0.866025403784458,0.499999999999967,0.0));
#10576=CARTESIAN_POINT('',(0.0,0.0,4.6));
#10577=DIRECTION('',(0.0,0.0,1.0));
#10578=DIRECTION('',(1.0,0.0,0.0));
#10579=DIRECTION('',(-0.500000000000033,-0.86602540378442,0.0));
#10580=DIRECTION('',(0.500000000000033,0.86602540378442,0.0));
#10581=CARTESIAN_POINT('',(0.0,0.0,4.6));
#10582=DIRECTION('',(0.0,0.0,1.0));
#10583=DIRECTION('',(1.0,0.0,0.0));
#10584=DIRECTION('',(0.0,-1.0,0.0));
#10585=DIRECTION('',(0.0,1.0,0.0));
#10586=CARTESIAN_POINT('',(0.0,0.0,4.6));
#10587=DIRECTION('',(0.0,0.0,1.0));
#10588=DIRECTION('',(1.0,0.0,0.0));
#10589=DIRECTION('',(0.499999999999967,-0.866025403784458,0.0));
#10590=DIRECTION('',(-0.499999999999967,0.866025403784458,0.0));
#10591=DIRECTION('',(0.86602540378442,-0.500000000000033,0.0));
#10592=DIRECTION('',(-0.86602540378442,0.500000000000033,0.0));
#10593=DIRECTION('',(1.0,0.0,0.0));
#10594=DIRECTION('',(-1.0,0.0,0.0));
#10595=DIRECTION('',(0.866025403784419,-0.500000000000033,0.0));
#10596=DIRECTION('',(0.866025403784419,-0.500000000000033,0.0));
#10597=DIRECTION('',(0.499999999999967,-0.866025403784458,0.0));
#10598=DIRECTION('',(0.499999999999967,-0.866025403784458,0.0));
#10599=DIRECTION('',(0.0,-1.0,0.0));
#10600=DIRECTION('',(0.0,-1.0,0.0));
#10601=DIRECTION('',(-0.500000000000033,-0.86602540378442,0.0));
#10602=DIRECTION('',(-0.500000000000033,-0.86602540378442,0.0));
#10603=DIRECTION('',(-0.866025403784458,-0.499999999999967,0.0));
#10604=DIRECTION('',(-0.866025403784458,-0.499999999999967,0.0));
#10605=DIRECTION('',(-1.0,0.0,0.0));
#10606=DIRECTION('',(-1.0,0.0,0.0));
#10607=DIRECTION('',(-0.86602540378442,0.500000000000033,0.0));
#10608=DIRECTION('',(-0.86602540378442,0.500000000000033,0.0));
#10609=DIRECTION('',(-0.499999999999967,0.866025403784458,0.0));
#10610=DIRECTION('',(-0.499999999999967,0.866025403784458,0.0));
#10611=DIRECTION('',(0.0,1.0,0.0));
#10612=DIRECTION('',(0.0,1.0,0.0));
#10613=DIRECTION('',(0.500000000000032,0.86602540378442,0.0));
#10614=DIRECTION('',(0.500000000000032,0.86602540378442,0.0));
#10615=DIRECTION('',(0.866025403784458,0.499999999999967,0.0));
#10616=CARTESIAN_POINT('',(0.0,0.0,-0.1));
#10617=DIRECTION('',(0.0,0.0,1.0));
#10618=DIRECTION('',(1.0,0.0,0.0));
#10619=CARTESIAN_POINT('',(0.0,0.0,-0.1));
#10620=DIRECTION('',(0.0,0.0,1.0));
#10621=DIRECTION('',(1.0,0.0,0.0));
#10622=CARTESIAN_POINT('',(0.0,0.0,-0.1));
#10623=DIRECTION('',(0.0,0.0,1.0));
#10624=DIRECTION('',(1.0,0.0,0.0));
#10625=CARTESIAN_POINT('',(0.0,0.0,-0.1));
#10626=DIRECTION('',(0.0,0.0,1.0));
#10627=DIRECTION('',(1.0,0.0,0.0));
#10628=CARTESIAN_POINT('',(0.0,0.0,-0.1));
#10629=DIRECTION('',(0.0,0.0,1.0));
#10630=DIRECTION('',(1.0,0.0,0.0));
#10631=CARTESIAN_POINT('',(0.0,0.0,-0.1));
#10632=DIRECTION('',(0.0,0.0,1.0));
#10633=DIRECTION('',(1.0,0.0,0.0));
#10634=CARTESIAN_POINT('',(0.0,0.0,-0.1));
#10635=DIRECTION('',(0.0,0.0,1.0));
#10636=DIRECTION('',(1.0,0.0,0.0));
#10637=DIRECTION('',(-3.79391728658208E-016,-3.79391728658211E-016,-1.0));
#10638=DIRECTION('',(2.52927819105472E-016,2.52927819105475E-016,1.0));
#10639=DIRECTION('',(0.612372435695792,0.612372435695798,0.5));
#10640=DIRECTION('',(0.707106781186544,0.707106781186551,0.0));
#10641=DIRECTION('',(0.707106781186551,-0.707106781186544,0.0));
#10642=DIRECTION('',(-0.707106781186551,0.707106781186544,0.0));
#10643=DIRECTION('',(1.0,0.0,0.0));
#10644=DIRECTION('',(1.0,0.0,0.0));
#10645=DIRECTION('',(0.0,0.0,1.0));
#10646=CARTESIAN_POINT('',(7.39027777777881,-12.8003365931581,-0.100000000000029));
#10647=DIRECTION('',(0.0,0.0,-1.0));
#10648=DIRECTION('',(-0.499999999999968,0.866025403784457,0.0));
#10649=DIRECTION('',(0.0,0.0,1.0));
#10650=CARTESIAN_POINT('',(7.39027777777881,-12.8003365931581,2.4));
#10651=DIRECTION('',(0.0,0.0,1.0));
#10652=DIRECTION('',(1.0,0.0,0.0));
#10653=DIRECTION('',(0.0,0.0,-1.0));
#10654=DIRECTION('',(-0.499999999999968,0.866025403784457,0.0));
#10655=DIRECTION('',(-0.499999999999968,0.866025403784457,0.0));
#10656=DIRECTION('',(0.0,0.0,-1.0));
#10657=DIRECTION('',(0.499999999999968,-0.866025403784457,0.0));
#10658=DIRECTION('',(0.499999999999968,-0.866025403784457,0.0));
#10659=CARTESIAN_POINT('',(3.72792074987416E-012,8.00000000001389,2.39999999993902));
#10660=DIRECTION('',(0.0,0.0,1.0));
#10661=DIRECTION('',(1.0,0.0,0.0));
#10662=CARTESIAN_POINT('',(3.72792074987416E-012,8.00000000001389,-0.0999999999999777));
#10663=DIRECTION('',(0.0,0.0,1.0));
#10664=DIRECTION('',(1.0,0.0,0.0));
#10665=CARTESIAN_POINT('',(-7.99999999999625,1.39064107451681E-011,2.39999999993902));
#10666=DIRECTION('',(0.0,-0.0,1.0));
#10667=DIRECTION('',(0.0,1.0,0.0));
#10668=CARTESIAN_POINT('',(-7.99999999999625,1.39064107451681E-011,-0.0999999999999764));
#10669=DIRECTION('',(0.0,-0.0,1.0));
#10670=DIRECTION('',(0.0,1.0,0.0));
#10671=CARTESIAN_POINT('',(8.00000000000371,1.39185538094999E-011,2.39999999993902));
#10672=DIRECTION('',(0.0,0.0,1.0));
#10673=DIRECTION('',(0.0,-1.0,0.0));
#10674=CARTESIAN_POINT('',(8.00000000000371,1.39185538094999E-011,-0.0999999999999773));
#10675=DIRECTION('',(0.0,0.0,1.0));
#10676=DIRECTION('',(0.0,-1.0,0.0));
#10677=CARTESIAN_POINT('',(3.7398469737715E-012,-7.99999999998607,2.39999999995899));
#10678=DIRECTION('',(0.0,0.0,1.0));
#10679=DIRECTION('',(-1.0,0.0,0.0));
#10680=CARTESIAN_POINT('',(3.7398469737715E-012,-7.99999999998607,-0.0999999999999764));
#10681=DIRECTION('',(0.0,0.0,1.0));
#10682=DIRECTION('',(-1.0,0.0,0.0));
#10683=DIRECTION('',(0.0,0.0,-1.0));
#10684=CARTESIAN_POINT('',(0.0,0.0,-0.1));
#10685=DIRECTION('',(0.0,0.0,1.0));
#10686=DIRECTION('',(1.0,0.0,0.0));
#10687=CARTESIAN_POINT('',(0.0,0.0,2.4));
#10688=DIRECTION('',(0.0,0.0,1.0));
#10689=DIRECTION('',(1.0,0.0,0.0));
#10690=DIRECTION('',(0.0,0.0,-1.0));
#10691=CARTESIAN_POINT('',(0.0,0.0,-0.1));
#10692=DIRECTION('',(0.0,0.0,1.0));
#10693=DIRECTION('',(1.0,0.0,0.0));
#10694=DIRECTION('',(0.0,0.0,-1.0));
#10695=CARTESIAN_POINT('',(0.0,0.0,2.4));
#10696=DIRECTION('',(0.0,0.0,1.0));
#10697=DIRECTION('',(1.0,0.0,0.0));
#10698=DIRECTION('',(0.0,0.0,-1.0));
#10699=CARTESIAN_POINT('',(0.0,0.0,2.4));
#10700=DIRECTION('',(0.0,0.0,1.0));
#10701=DIRECTION('',(1.0,0.0,0.0));
#10702=CARTESIAN_POINT('',(0.0,0.0,-0.1));
#10703=DIRECTION('',(0.0,0.0,1.0));
#10704=DIRECTION('',(1.0,0.0,0.0));
#10705=DIRECTION('',(0.86602540378442,-0.500000000000032,0.0));
#10706=CARTESIAN_POINT('',(12.8003365931641,-7.39027777777321,-0.100000000000028));
#10707=DIRECTION('',(0.0,0.0,-1.0));
#10708=DIRECTION('',(-0.86602540378442,0.500000000000032,0.0));
#10709=DIRECTION('',(-0.86602540378442,0.500000000000032,0.0));
#10710=DIRECTION('',(0.0,-1.0,0.0));
#10711=CARTESIAN_POINT('',(-5.51338488752329E-012,-14.7805555555566,-0.100000000000029));
#10712=DIRECTION('',(0.0,0.0,-1.0));
#10713=DIRECTION('',(0.0,1.0,0.0));
#10714=DIRECTION('',(0.0,1.0,0.0));
#10715=CARTESIAN_POINT('',(0.0,0.0,-0.1));
#10716=DIRECTION('',(0.0,0.0,1.0));
#10717=DIRECTION('',(1.0,0.0,0.0));
#10718=DIRECTION('',(-0.500000000000033,-0.86602540378442,0.0));
#10719=CARTESIAN_POINT('',(-7.39027777778917,-12.8003365931576,-0.100000000000029));
#10720=DIRECTION('',(0.0,0.0,-1.0));
#10721=DIRECTION('',(0.500000000000033,0.86602540378442,0.0));
#10722=DIRECTION('',(0.500000000000033,0.86602540378442,0.0));
#10723=CARTESIAN_POINT('',(0.0,0.0,-0.1));
#10724=DIRECTION('',(0.0,0.0,1.0));
#10725=DIRECTION('',(1.0,0.0,0.0));
#10726=DIRECTION('',(-0.866025403784458,-0.499999999999967,0.0));
#10727=CARTESIAN_POINT('',(-12.8003365931741,-7.39027777777229,-0.100000000000029));
#10728=DIRECTION('',(0.0,0.0,-1.0));
#10729=DIRECTION('',(0.866025403784458,0.499999999999967,0.0));
#10730=DIRECTION('',(0.866025403784458,0.499999999999967,0.0));
#10731=CARTESIAN_POINT('',(0.0,0.0,-0.1));
#10732=DIRECTION('',(0.0,0.0,1.0));
#10733=DIRECTION('',(1.0,0.0,0.0));
#10734=DIRECTION('',(-1.0,0.0,0.0));
#10735=CARTESIAN_POINT('',(-14.7805555555727,1.19800003250958E-011,-0.100000000000029));
#10736=DIRECTION('',(0.0,0.0,-1.0));
#10737=DIRECTION('',(1.0,0.0,0.0));
#10738=DIRECTION('',(1.0,0.0,0.0));
#10739=CARTESIAN_POINT('',(0.0,0.0,-0.1));
#10740=DIRECTION('',(0.0,0.0,1.0));
#10741=DIRECTION('',(1.0,0.0,0.0));
#10742=DIRECTION('',(-0.86602540378442,0.500000000000032,0.0));
#10743=CARTESIAN_POINT('',(-12.8003365931735,7.39027777779569,-0.100000000000029));
#10744=DIRECTION('',(0.0,0.0,-1.0));
#10745=DIRECTION('',(0.86602540378442,-0.500000000000032,0.0));
#10746=DIRECTION('',(0.86602540378442,-0.500000000000032,0.0));
#10747=CARTESIAN_POINT('',(0.0,0.0,-0.1));
#10748=DIRECTION('',(0.0,0.0,1.0));
#10749=DIRECTION('',(1.0,0.0,0.0));
#10750=DIRECTION('',(-0.499999999999968,0.866025403784457,0.0));
#10751=CARTESIAN_POINT('',(-7.39027777778825,12.8003365931806,-0.100000000000029));
#10752=DIRECTION('',(0.0,0.0,-1.0));
#10753=DIRECTION('',(0.499999999999968,-0.866025403784457,0.0));
#10754=DIRECTION('',(0.499999999999968,-0.866025403784457,0.0));
#10755=CARTESIAN_POINT('',(0.0,0.0,-0.1));
#10756=DIRECTION('',(0.0,0.0,1.0));
#10757=DIRECTION('',(1.0,0.0,0.0));
#10758=DIRECTION('',(0.0,1.0,0.0));
#10759=CARTESIAN_POINT('',(-3.93088339656345E-012,14.7805555555791,-0.100000000000029));
#10760=DIRECTION('',(0.0,0.0,-1.0));
#10761=DIRECTION('',(0.0,-1.0,0.0));
#10762=DIRECTION('',(0.0,-1.0,0.0));
#10763=CARTESIAN_POINT('',(0.0,0.0,-0.1));
#10764=DIRECTION('',(0.0,0.0,1.0));
#10765=DIRECTION('',(1.0,0.0,0.0));
#10766=DIRECTION('',(0.500000000000032,0.86602540378442,0.0));
#10767=CARTESIAN_POINT('',(7.39027777777973,12.8003365931801,-0.100000000000029));
#10768=DIRECTION('',(-0.0,0.0,-1.0));
#10769=DIRECTION('',(-0.500000000000032,-0.86602540378442,0.0));
#10770=DIRECTION('',(-0.500000000000032,-0.86602540378442,0.0));
#10771=CARTESIAN_POINT('',(0.0,0.0,-0.1));
#10772=DIRECTION('',(0.0,0.0,1.0));
#10773=DIRECTION('',(1.0,0.0,0.0));
#10774=DIRECTION('',(0.866025403784457,0.499999999999968,0.0));
#10775=CARTESIAN_POINT('',(12.8003365931646,7.39027777779477,-0.100000000000029));
#10776=DIRECTION('',(-0.0,0.0,-1.0));
#10777=DIRECTION('',(-0.866025403784457,-0.499999999999968,0.0));
#10778=DIRECTION('',(-0.866025403784457,-0.499999999999968,0.0));
#10779=CARTESIAN_POINT('',(0.0,0.0,-0.1));
#10780=DIRECTION('',(0.0,0.0,1.0));
#10781=DIRECTION('',(1.0,0.0,0.0));
#10782=DIRECTION('',(1.0,0.0,0.0));
#10783=CARTESIAN_POINT('',(14.7805555555632,1.04625509644851E-011,-0.100000000000029));
#10784=DIRECTION('',(0.0,0.0,-1.0));
#10785=DIRECTION('',(-1.0,0.0,0.0));
#10786=DIRECTION('',(-1.0,0.0,0.0));
#10787=DIRECTION('',(0.0,0.0,-1.0));
#10788=DIRECTION('',(0.0,0.0,-1.0));
#10789=CARTESIAN_POINT('',(0.0,0.0,2.4));
#10790=DIRECTION('',(0.0,0.0,1.0));
#10791=DIRECTION('',(1.0,0.0,0.0));
#10792=DIRECTION('',(0.0,0.0,-1.0));
#10793=DIRECTION('',(0.0,0.0,-1.0));
#10794=CARTESIAN_POINT('',(0.0,0.0,2.4));
#10795=DIRECTION('',(0.0,0.0,1.0));
#10796=DIRECTION('',(1.0,0.0,0.0));
#10797=CARTESIAN_POINT('',(12.8003365931641,-7.39027777777321,2.4));
#10798=DIRECTION('',(0.0,0.0,1.0));
#10799=DIRECTION('',(1.0,0.0,0.0));
#10800=DIRECTION('',(0.86602540378442,-0.500000000000032,0.0));
#10801=DIRECTION('',(-1.0,0.0,0.0));
#10802=CARTESIAN_POINT('',(14.7805555555632,1.04625509644851E-011,2.4));
#10803=DIRECTION('',(0.0,0.0,1.0));
#10804=DIRECTION('',(1.0,0.0,0.0));
#10805=DIRECTION('',(1.0,0.0,0.0));
#10806=DIRECTION('',(-0.866025403784457,-0.499999999999968,0.0));
#10807=CARTESIAN_POINT('',(12.8003365931646,7.39027777779477,2.4));
#10808=DIRECTION('',(0.0,0.0,1.0));
#10809=DIRECTION('',(1.0,0.0,0.0));
#10810=DIRECTION('',(0.866025403784457,0.499999999999968,0.0));
#10811=DIRECTION('',(-0.500000000000032,-0.86602540378442,0.0));
#10812=CARTESIAN_POINT('',(7.39027777777973,12.8003365931801,2.4));
#10813=DIRECTION('',(0.0,0.0,1.0));
#10814=DIRECTION('',(1.0,0.0,0.0));
#10815=DIRECTION('',(0.500000000000032,0.86602540378442,0.0));
#10816=CARTESIAN_POINT('',(0.0,0.0,2.4));
#10817=DIRECTION('',(0.0,0.0,1.0));
#10818=DIRECTION('',(1.0,0.0,0.0));
#10819=DIRECTION('',(0.0,-1.0,0.0));
#10820=CARTESIAN_POINT('',(-3.93088339656345E-012,14.7805555555791,2.4));
#10821=DIRECTION('',(0.0,0.0,1.0));
#10822=DIRECTION('',(1.0,0.0,0.0));
#10823=DIRECTION('',(0.0,1.0,0.0));
#10824=CARTESIAN_POINT('',(0.0,0.0,2.4));
#10825=DIRECTION('',(0.0,0.0,1.0));
#10826=DIRECTION('',(1.0,0.0,0.0));
#10827=DIRECTION('',(0.499999999999968,-0.866025403784457,0.0));
#10828=CARTESIAN_POINT('',(-7.39027777778825,12.8003365931806,2.4));
#10829=DIRECTION('',(0.0,0.0,1.0));
#10830=DIRECTION('',(1.0,0.0,0.0));
#10831=DIRECTION('',(-0.499999999999968,0.866025403784457,0.0));
#10832=CARTESIAN_POINT('',(0.0,0.0,2.4));
#10833=DIRECTION('',(0.0,0.0,1.0));
#10834=DIRECTION('',(1.0,0.0,0.0));
#10835=DIRECTION('',(0.86602540378442,-0.500000000000032,0.0));
#10836=CARTESIAN_POINT('',(-12.8003365931735,7.39027777779569,2.4));
#10837=DIRECTION('',(0.0,0.0,1.0));
#10838=DIRECTION('',(1.0,0.0,0.0));
#10839=DIRECTION('',(-0.86602540378442,0.500000000000032,0.0));
#10840=CARTESIAN_POINT('',(0.0,0.0,2.4));
#10841=DIRECTION('',(0.0,0.0,1.0));
#10842=DIRECTION('',(1.0,0.0,0.0));
#10843=DIRECTION('',(1.0,0.0,0.0));
#10844=CARTESIAN_POINT('',(-14.7805555555727,1.19800003250958E-011,2.4));
#10845=DIRECTION('',(0.0,0.0,1.0));
#10846=DIRECTION('',(1.0,0.0,0.0));
#10847=DIRECTION('',(-1.0,0.0,0.0));
#10848=CARTESIAN_POINT('',(0.0,0.0,2.4));
#10849=DIRECTION('',(0.0,0.0,1.0));
#10850=DIRECTION('',(1.0,0.0,0.0));
#10851=DIRECTION('',(0.866025403784458,0.499999999999967,0.0));
#10852=CARTESIAN_POINT('',(-12.8003365931741,-7.39027777777229,2.4));
#10853=DIRECTION('',(0.0,0.0,1.0));
#10854=DIRECTION('',(1.0,0.0,0.0));
#10855=DIRECTION('',(-0.866025403784458,-0.499999999999967,0.0));
#10856=CARTESIAN_POINT('',(0.0,0.0,2.4));
#10857=DIRECTION('',(0.0,0.0,1.0));
#10858=DIRECTION('',(1.0,0.0,0.0));
#10859=DIRECTION('',(0.500000000000033,0.86602540378442,0.0));
#10860=CARTESIAN_POINT('',(-7.39027777778917,-12.8003365931576,2.4));
#10861=DIRECTION('',(0.0,0.0,1.0));
#10862=DIRECTION('',(1.0,0.0,0.0));
#10863=DIRECTION('',(-0.500000000000033,-0.86602540378442,0.0));
#10864=CARTESIAN_POINT('',(0.0,0.0,2.4));
#10865=DIRECTION('',(0.0,0.0,1.0));
#10866=DIRECTION('',(1.0,0.0,0.0));
#10867=DIRECTION('',(0.0,1.0,0.0));
#10868=CARTESIAN_POINT('',(-5.51338488752329E-012,-14.7805555555566,2.4));
#10869=DIRECTION('',(0.0,0.0,1.0));
#10870=DIRECTION('',(1.0,0.0,0.0));
#10871=DIRECTION('',(0.0,-1.0,0.0));
#10872=DIRECTION('',(-0.86602540378442,0.500000000000032,0.0));
#10873=DIRECTION('',(0.0,0.0,1.0));
#10874=DIRECTION('',(0.0,0.0,1.0));
#10875=DIRECTION('',(0.0,0.0,1.0));
#10876=DIRECTION('',(0.0,0.0,1.0));
#10877=DIRECTION('',(0.0,0.0,1.0));
#10878=DIRECTION('',(0.0,0.0,1.0));
#10879=DIRECTION('',(0.0,0.0,-1.0));
#10880=DIRECTION('',(0.0,0.0,1.0));
#10881=DIRECTION('',(0.0,0.0,1.0));
#10882=DIRECTION('',(0.0,0.0,-1.0));
#10883=DIRECTION('',(0.0,0.0,-1.0));
#10884=DIRECTION('',(0.0,0.0,1.0));
#10885=DIRECTION('',(0.0,0.0,1.0));
#10886=DIRECTION('',(0.0,0.0,-1.0));
#10887=DIRECTION('',(0.0,0.0,-1.0));
#10888=DIRECTION('',(0.0,0.0,1.0));
#10889=DIRECTION('',(0.0,0.0,1.0));
#10890=DIRECTION('',(0.0,0.0,-1.0));
#10891=DIRECTION('',(0.0,0.0,-1.0));
#10892=DIRECTION('',(0.0,0.0,1.0));
#10893=DIRECTION('',(0.0,0.0,1.0));
#10894=DIRECTION('',(0.0,0.0,-1.0));
#10895=DIRECTION('',(0.0,0.0,-1.0));
#10896=DIRECTION('',(0.0,0.0,1.0));
#10897=DIRECTION('',(0.0,0.0,1.0));
#10898=DIRECTION('',(0.0,0.0,-1.0));
#10899=DIRECTION('',(0.0,0.0,-1.0));
#10900=DIRECTION('',(0.0,0.0,1.0));
#10901=DIRECTION('',(0.0,0.0,1.0));
#10902=DIRECTION('',(0.0,0.0,-1.0));
#10903=DIRECTION('',(0.0,0.0,-1.0));
#10904=DIRECTION('',(0.0,0.0,1.0));
#10905=DIRECTION('',(0.0,0.0,1.0));
#10906=DIRECTION('',(0.0,0.0,-1.0));
#10907=DIRECTION('',(0.0,0.0,1.0));
#10908=DIRECTION('',(0.0,0.0,1.0));
#10909=CARTESIAN_POINT('',(0.0,4.6,-2.81668763803891E-016));
#10910=AXIS2_PLACEMENT_3D('',#10925,#10926,#10927);
#10911=CARTESIAN_POINT('',(0.0,4.6,-0.8));
#10912=AXIS2_PLACEMENT_3D('',#10928,#10929,#10930);
#10913=CARTESIAN_POINT('',(1.25,0.0,9.18536080529719E-013));
#10914=AXIS2_PLACEMENT_3D('',#10931,#10932,#10933);
#10915=CARTESIAN_POINT('',(0.0,3.0,-0.8));
#10916=AXIS2_PLACEMENT_3D('',#10934,#10935,#10936);
#10917=CARTESIAN_POINT('',(0.0,3.0,-3.5));
#10918=AXIS2_PLACEMENT_3D('',#10937,#10938,#10939);
#10919=CARTESIAN_POINT('',(1.25,0.0,-4.30000000005702));
#10920=AXIS2_PLACEMENT_3D('',#10940,#10941,#10942);
#10921=CARTESIAN_POINT('',(0.0,4.6,-4.3));
#10922=AXIS2_PLACEMENT_3D('',#10943,#10944,#10945);
#10923=CARTESIAN_POINT('',(0.0,4.6,-3.5));
#10924=AXIS2_PLACEMENT_3D('',#10946,#10947,#10948);
#10925=CARTESIAN_POINT('',(0.0,0.0,0.0));
#10926=DIRECTION('',(0.0,-6.12323399573677E-017,-1.0));
#10927=DIRECTION('',(0.0,1.0,-6.12323399573677E-017));
#10928=CARTESIAN_POINT('',(0.0,0.0,-0.8));
#10929=DIRECTION('',(0.0,-6.12323399573677E-017,-1.0));
#10930=DIRECTION('',(0.0,1.0,-6.12323399573677E-017));
#10931=CARTESIAN_POINT('',(0.0,0.0,9.18536080529719E-013));
#10932=DIRECTION('',(0.0,0.0,1.0));
#10933=DIRECTION('',(1.0,0.0,0.0));
#10934=CARTESIAN_POINT('',(0.0,0.0,-0.8));
#10935=DIRECTION('',(0.0,-6.12323399573677E-017,-1.0));
#10936=DIRECTION('',(0.0,1.0,-6.12323399573677E-017));
#10937=CARTESIAN_POINT('',(0.0,0.0,-3.5));
#10938=DIRECTION('',(0.0,-6.12323399573677E-017,-1.0));
#10939=DIRECTION('',(0.0,1.0,-6.12323399573677E-017));
#10940=CARTESIAN_POINT('',(0.0,0.0,-4.30000000005702));
#10941=DIRECTION('',(0.0,0.0,1.0));
#10942=DIRECTION('',(1.0,0.0,0.0));
#10943=CARTESIAN_POINT('',(0.0,0.0,-4.3));
#10944=DIRECTION('',(0.0,-6.12323399573677E-017,-1.0));
#10945=DIRECTION('',(0.0,1.0,-6.12323399573677E-017));
#10946=CARTESIAN_POINT('',(0.0,0.0,-3.5));
#10947=DIRECTION('',(0.0,-6.12323399573677E-017,-1.0));
#10948=DIRECTION('',(0.0,1.0,-6.12323399573677E-017));
ENDSEC;
END-ISO-10303-21;
