ISO-10303-21;
HEADER;

/* File generated by Shapr3D Version 5.890.0.9070 */

FILE_DESCRIPTION(('HOOPS Exchange Step'),'2;1');

FILE_NAME('/private/var/mobile/Containers/Data/Application/512BD973-2612-4B7A-8C54-7F7EBD679855/tmp/export/temp_export',
'2025-06-27T20:11:31+08:00',
('mobile'),
('Shapr3D Limited'),
'HOOPS Exchange 2024.8',
'Shapr3D',
'Authorized');

FILE_SCHEMA( ('AP242_MANAGED_MODEL_BASED_3D_ENGINEERING_MIM_LF {1 0 10303 442 1 1 4}') );

ENDSEC;

DATA;
#3=(NAMED_UNIT(*)PLANE_ANGLE_UNIT()SI_UNIT($,.RADIAN.));
#4=PLANE_ANGLE_MEASURE_WITH_UNIT(PLANE_ANGLE_MEASURE(0.0174532925),#3);
#5=(CONVERSION_BASED_UNIT('DEGREE',#4)NAMED_UNIT(#6)PLANE_ANGLE_UNIT());
#6=DIMENSIONAL_EXPONENTS(0.,0.,0.,0.,0.,0.,0.);
#7=(NAMED_UNIT(*)SI_UNIT($,.STERADIAN.)SOLID_ANGLE_UNIT());
#8=(LENGTH_UNIT()NAMED_UNIT(*)SI_UNIT(.MILLI.,.METRE.));
#9=UNCERTAINTY_MEASURE_WITH_UNIT(LENGTH_MEASURE(1.000000E-03),#8,'DISTANCE_ACCURACY_VALUE','Maximum Tolerance applied to model');
#10=(GEOMETRIC_REPRESENTATION_CONTEXT(3)GLOBAL_UNCERTAINTY_ASSIGNED_CONTEXT((#9))GLOBAL_UNIT_ASSIGNED_CONTEXT((#8,#5,#7))REPRESENTATION_CONTEXT('','root'));
#12=CARTESIAN_POINT('',(0.,0.,0.));
#13=DIRECTION('',(0.,0.,1.));
#14=DIRECTION('',(1.,0.,0.));
#15=AXIS2_PLACEMENT_3D('TS3D_PRODUCT_CSYS',#12,#13,#14);
#26=(NAMED_UNIT(*)PLANE_ANGLE_UNIT()SI_UNIT($,.RADIAN.));
#27=PLANE_ANGLE_MEASURE_WITH_UNIT(PLANE_ANGLE_MEASURE(0.0174532925),#26);
#28=(CONVERSION_BASED_UNIT('DEGREE',#27)NAMED_UNIT(#29)PLANE_ANGLE_UNIT());
#29=DIMENSIONAL_EXPONENTS(0.,0.,0.,0.,0.,0.,0.);
#30=(NAMED_UNIT(*)SI_UNIT($,.STERADIAN.)SOLID_ANGLE_UNIT());
#31=(LENGTH_UNIT()NAMED_UNIT(*)SI_UNIT(.MILLI.,.METRE.));
#32=UNCERTAINTY_MEASURE_WITH_UNIT(LENGTH_MEASURE(1.000000E-05),#31,'DISTANCE_ACCURACY_VALUE','Maximum Tolerance applied to model');
#33=(GEOMETRIC_REPRESENTATION_CONTEXT(3)GLOBAL_UNCERTAINTY_ASSIGNED_CONTEXT((#32))GLOBAL_UNIT_ASSIGNED_CONTEXT((#31,#28,#30))REPRESENTATION_CONTEXT('','head20250627B.step'));
#45=CARTESIAN_POINT('',(0.,0.,0.));
#46=DIRECTION('',(0.,0.,1.));
#47=DIRECTION('',(1.,0.,-0.));
#48=AXIS2_PLACEMENT_3D('',#45,#46,#47);
#49=ITEM_DEFINED_TRANSFORMATION('','',#48,#15);
#50=(REPRESENTATION_RELATIONSHIP('','',#35,#16)REPRESENTATION_RELATIONSHIP_WITH_TRANSFORMATION(#49)SHAPE_REPRESENTATION_RELATIONSHIP());
#51=NEXT_ASSEMBLY_USAGE_OCCURRENCE('head20250627B.step_1','head20250627B.step','head20250627B.step',#25,#44,$);
#52=PRODUCT_DEFINITION_SHAPE('','',#51);
#53=CONTEXT_DEPENDENT_SHAPE_REPRESENTATION(#50,#52);
#55=CARTESIAN_POINT('',(241.723809181,109.281989201,115.787117001));
#56=DIRECTION('',(-0.866024085,-0.001511498,0.5));
#57=DIRECTION('',(-0.499999238,-0.000872664,-0.866025404));
#58=AXIS2_PLACEMENT_3D('',#55,#56,#57);
#59=CYLINDRICAL_SURFACE('',#58,1.1);
#60=CARTESIAN_POINT('',(237.709713679,109.274983277,116.834489057));
#61=VERTEX_POINT('',#60);
#62=CARTESIAN_POINT('',(241.173810018,109.28102927,114.834489057));
#63=VERTEX_POINT('',#62);
#64=CARTESIAN_POINT('',(237.709713679,109.274983277,116.834489057));
#65=DIRECTION('',(0.866024085,0.001511498,-0.5));
#66=VECTOR('',#65,3.999999999);
#67=LINE('',#64,#66);
#68=EDGE_CURVE('',#61,#63,#67,.T.);
#69=ORIENTED_EDGE('',*,*,#68,.F.);
#70=CARTESIAN_POINT('',(237.70971787,109.284583219,116.834525335));
#71=VERTEX_POINT('',#70);
#72=CARTESIAN_POINT('',(238.259712842,109.275943207,117.787117001));
#73=DIRECTION('',(0.866024085,0.001511498,-0.5));
#74=DIRECTION('',(-0.499995429,0.007854556,-0.865992423));
#75=AXIS2_PLACEMENT_3D('',#72,#73,#74);
#76=CIRCLE('',#75,1.1);
#77=EDGE_CURVE('',#71,#61,#76,.T.);
#78=ORIENTED_EDGE('',*,*,#77,.F.);
#79=CARTESIAN_POINT('',(238.259712842,109.275943207,117.787117001));
#80=DIRECTION('',(0.866024085,0.001511498,-0.5));
#81=DIRECTION('',(-0.499995429,0.007854556,-0.865992423));
#82=AXIS2_PLACEMENT_3D('',#79,#80,#81);
#83=CIRCLE('',#82,1.1);
#84=EDGE_CURVE('',#61,#71,#83,.T.);
#85=ORIENTED_EDGE('',*,*,#84,.F.);
#86=ORIENTED_EDGE('',*,*,#68,.T.);
#87=CARTESIAN_POINT('',(241.173814208,109.290629212,114.834525336));
#88=VERTEX_POINT('',#87);
#89=CARTESIAN_POINT('',(241.72380918,109.281989201,115.787117001));
#90=DIRECTION('',(0.866024085,0.001511498,-0.5));
#91=DIRECTION('',(-0.499995429,0.007854556,-0.865992423));
#92=AXIS2_PLACEMENT_3D('',#89,#90,#91);
#93=CIRCLE('',#92,1.1);
#94=EDGE_CURVE('',#63,#88,#93,.T.);
#95=ORIENTED_EDGE('',*,*,#94,.T.);
#96=CARTESIAN_POINT('',(241.72380918,109.281989201,115.787117001));
#97=DIRECTION('',(0.866024085,0.001511498,-0.5));
#98=DIRECTION('',(-0.499995429,0.007854556,-0.865992423));
#99=AXIS2_PLACEMENT_3D('',#96,#97,#98);
#100=CIRCLE('',#99,1.1);
#101=EDGE_CURVE('',#88,#63,#100,.T.);
#102=ORIENTED_EDGE('',*,*,#101,.T.);
#103=EDGE_LOOP('',(#69,#78,#85,#86,#95,#102));
#104=FACE_BOUND('',#103,.T.);
#105=ADVANCED_FACE('',(#104),#59,.F.);
#106=CARTESIAN_POINT('',(241.723809181,109.281989201,115.787117001));
#107=DIRECTION('',(-0.866024085,-0.001511498,0.5));
#108=DIRECTION('',(-0.499999238,-0.000872664,-0.866025404));
#109=AXIS2_PLACEMENT_3D('',#106,#107,#108);
#110=CYLINDRICAL_SURFACE('',#109,1.8);
#111=CARTESIAN_POINT('',(239.091762382,109.277395409,115.228271274));
#112=VERTEX_POINT('',#111);
#113=CARTESIAN_POINT('',(240.823810551,109.280418406,114.228271274));
#114=VERTEX_POINT('',#113);
#115=CARTESIAN_POINT('',(239.091762382,109.277395409,115.228271274));
#116=DIRECTION('',(0.866024085,0.001511498,-0.5));
#117=VECTOR('',#116,2.);
#118=LINE('',#115,#117);
#119=EDGE_CURVE('',#112,#114,#118,.T.);
#120=ORIENTED_EDGE('',*,*,#119,.T.);
#121=CARTESIAN_POINT('',(240.823817409,109.296127401,114.228330639));
#122=VERTEX_POINT('',#121);
#123=CARTESIAN_POINT('',(241.723809181,109.281989201,115.787117001));
#124=DIRECTION('',(0.866024085,0.001511498,-0.5));
#125=DIRECTION('',(-0.499995429,0.007854556,-0.865992423));
#126=AXIS2_PLACEMENT_3D('',#123,#124,#125);
#127=CIRCLE('',#126,1.8);
#128=EDGE_CURVE('',#122,#114,#127,.T.);
#129=ORIENTED_EDGE('',*,*,#128,.F.);
#130=CARTESIAN_POINT('',(241.723809181,109.281989201,115.787117001));
#131=DIRECTION('',(0.866024085,0.001511498,-0.5));
#132=DIRECTION('',(-0.499995429,0.007854556,-0.865992423));
#133=AXIS2_PLACEMENT_3D('',#130,#131,#132);
#134=CIRCLE('',#133,1.8);
#135=EDGE_CURVE('',#114,#122,#134,.T.);
#136=ORIENTED_EDGE('',*,*,#135,.F.);
#137=ORIENTED_EDGE('',*,*,#119,.F.);
#138=CARTESIAN_POINT('',(239.091769239,109.293104404,115.228330639));
#139=VERTEX_POINT('',#138);
#140=CARTESIAN_POINT('',(239.991761011,109.278966204,116.787117001));
#141=DIRECTION('',(0.866024085,0.001511498,-0.5));
#142=DIRECTION('',(-0.499995429,0.007854556,-0.865992423));
#143=AXIS2_PLACEMENT_3D('',#140,#141,#142);
#144=CIRCLE('',#143,1.8);
#145=EDGE_CURVE('',#112,#139,#144,.T.);
#146=ORIENTED_EDGE('',*,*,#145,.T.);
#147=CARTESIAN_POINT('',(239.991761011,109.278966204,116.787117001));
#148=DIRECTION('',(0.866024085,0.001511498,-0.5));
#149=DIRECTION('',(-0.499995429,0.007854556,-0.865992423));
#150=AXIS2_PLACEMENT_3D('',#147,#148,#149);
#151=CIRCLE('',#150,1.8);
#152=EDGE_CURVE('',#139,#112,#151,.T.);
#153=ORIENTED_EDGE('',*,*,#152,.T.);
#154=EDGE_LOOP('',(#120,#129,#136,#137,#146,#153));
#155=FACE_BOUND('',#154,.T.);
#156=ADVANCED_FACE('',(#155),#110,.T.);
#157=CARTESIAN_POINT('',(214.157058651,405.334327082,68.935142656));
#158=DIRECTION('',(0.866024085,0.001511498,-0.5));
#159=DIRECTION('',(0.499999238,0.000872664,0.866025404));
#160=AXIS2_PLACEMENT_3D('',#157,#158,#159);
#161=PLANE('',#160);
#162=ORIENTED_EDGE('',*,*,#94,.F.);
#163=ORIENTED_EDGE('',*,*,#101,.F.);
#164=EDGE_LOOP('',(#162,#163));
#165=FACE_BOUND('',#164,.T.);
#166=ORIENTED_EDGE('',*,*,#128,.T.);
#167=ORIENTED_EDGE('',*,*,#135,.T.);
#168=EDGE_LOOP('',(#166,#167));
#169=FACE_BOUND('',#168,.T.);
#170=ADVANCED_FACE('',(#165,#169),#161,.T.);
#171=CARTESIAN_POINT('',(210.692962312,405.328281087,70.935142656));
#172=DIRECTION('',(0.866024085,0.001511498,-0.5));
#173=DIRECTION('',(0.499999238,0.000872664,0.866025404));
#174=AXIS2_PLACEMENT_3D('',#171,#172,#173);
#175=PLANE('',#174);
#176=ORIENTED_EDGE('',*,*,#77,.T.);
#177=ORIENTED_EDGE('',*,*,#84,.T.);
#178=EDGE_LOOP('',(#176,#177));
#179=FACE_BOUND('',#178,.T.);
#180=CARTESIAN_POINT('',(223.659739269,109.260061354,92.499211489));
#181=VERTEX_POINT('',#180);
#182=CARTESIAN_POINT('',(223.659735079,109.250461413,92.499175211));
#183=VERTEX_POINT('',#182);
#184=CARTESIAN_POINT('',(224.209734241,109.251421343,93.451803155));
#185=DIRECTION('',(0.866024085,0.001511498,-0.5));
#186=DIRECTION('',(-0.499995429,0.007854556,-0.865992423));
#187=AXIS2_PLACEMENT_3D('',#184,#185,#186);
#188=CIRCLE('',#187,1.1);
#189=EDGE_CURVE('',#181,#183,#188,.T.);
#190=ORIENTED_EDGE('',*,*,#189,.T.);
#191=CARTESIAN_POINT('',(224.209734241,109.251421343,93.451803155));
#192=DIRECTION('',(0.866024085,0.001511498,-0.5));
#193=DIRECTION('',(-0.499995429,0.007854556,-0.865992423));
#194=AXIS2_PLACEMENT_3D('',#191,#192,#193);
#195=CIRCLE('',#194,1.1);
#196=EDGE_CURVE('',#183,#181,#195,.T.);
#197=ORIENTED_EDGE('',*,*,#196,.T.);
#198=EDGE_LOOP('',(#190,#197));
#199=FACE_BOUND('',#198,.T.);
#200=CARTESIAN_POINT('',(237.660674143,137.38454042,116.834525335));
#201=VERTEX_POINT('',#200);
#202=CARTESIAN_POINT('',(237.660669952,137.374940478,116.834489057));
#203=VERTEX_POINT('',#202);
#204=CARTESIAN_POINT('',(238.210669115,137.375900409,117.787117001));
#205=DIRECTION('',(0.866024085,0.001511498,-0.5));
#206=DIRECTION('',(-0.499995429,0.007854556,-0.865992423));
#207=AXIS2_PLACEMENT_3D('',#204,#205,#206);
#208=CIRCLE('',#207,1.1);
#209=EDGE_CURVE('',#201,#203,#208,.T.);
#210=ORIENTED_EDGE('',*,*,#209,.T.);
#211=CARTESIAN_POINT('',(238.210669115,137.375900409,117.787117001));
#212=DIRECTION('',(0.866024085,0.001511498,-0.5));
#213=DIRECTION('',(-0.499995429,0.007854556,-0.865992423));
#214=AXIS2_PLACEMENT_3D('',#211,#212,#213);
#215=CIRCLE('',#214,1.1);
#216=EDGE_CURVE('',#203,#201,#215,.T.);
#217=ORIENTED_EDGE('',*,*,#216,.T.);
#218=EDGE_LOOP('',(#210,#217));
#219=FACE_BOUND('',#218,.T.);
#220=CARTESIAN_POINT('',(223.610695542,137.360018556,92.499211489));
#221=VERTEX_POINT('',#220);
#222=CARTESIAN_POINT('',(223.610691352,137.350418614,92.499175211));
#223=VERTEX_POINT('',#222);
#224=CARTESIAN_POINT('',(224.160690514,137.351378544,93.451803155));
#225=DIRECTION('',(0.866024085,0.001511498,-0.5));
#226=DIRECTION('',(-0.499995429,0.007854556,-0.865992423));
#227=AXIS2_PLACEMENT_3D('',#224,#225,#226);
#228=CIRCLE('',#227,1.1);
#229=EDGE_CURVE('',#221,#223,#228,.T.);
#230=ORIENTED_EDGE('',*,*,#229,.T.);
#231=CARTESIAN_POINT('',(224.160690514,137.351378544,93.451803155));
#232=DIRECTION('',(0.866024085,0.001511498,-0.5));
#233=DIRECTION('',(-0.499995429,0.007854556,-0.865992423));
#234=AXIS2_PLACEMENT_3D('',#231,#232,#233);
#235=CIRCLE('',#234,1.1);
#236=EDGE_CURVE('',#223,#221,#235,.T.);
#237=ORIENTED_EDGE('',*,*,#236,.T.);
#238=EDGE_LOOP('',(#230,#237));
#239=FACE_BOUND('',#238,.T.);
#240=CARTESIAN_POINT('',(222.709004613,106.166511902,90.843141577));
#241=VERTEX_POINT('',#240);
#242=CARTESIAN_POINT('',(239.059173586,106.195048353,119.162508186));
#243=VERTEX_POINT('',#242);
#244=CARTESIAN_POINT('',(222.709004569,106.166511902,90.843141602));
#245=DIRECTION('',(0.499999238,0.000872664,0.866025404));
#246=VECTOR('',#245,32.700387841);
#247=LINE('',#244,#246);
#248=EDGE_CURVE('',#241,#243,#247,.T.);
#249=ORIENTED_EDGE('',*,*,#248,.T.);
#250=CARTESIAN_POINT('',(238.999832465,140.194996568,119.162508141));
#251=VERTEX_POINT('',#250);
#252=CARTESIAN_POINT('',(239.059173571,106.195048353,119.162508161));
#253=DIRECTION('',(-0.001745328,0.999998477,0.));
#254=VECTOR('',#253,33.999999999);
#255=LINE('',#252,#254);
#256=EDGE_CURVE('',#243,#251,#255,.T.);
#257=ORIENTED_EDGE('',*,*,#256,.T.);
#258=CARTESIAN_POINT('',(222.649663453,140.166460117,90.843141574));
#259=VERTEX_POINT('',#258);
#260=CARTESIAN_POINT('',(222.649663492,140.166460118,90.843141552));
#261=DIRECTION('',(0.499999238,0.000872664,0.866025404));
#262=VECTOR('',#261,32.700387824);
#263=LINE('',#260,#262);
#264=EDGE_CURVE('',#259,#251,#263,.T.);
#265=ORIENTED_EDGE('',*,*,#264,.F.);
#266=CARTESIAN_POINT('',(222.660135423,134.166469256,90.843141574));
#267=VERTEX_POINT('',#266);
#268=CARTESIAN_POINT('',(222.649663415,140.166460117,90.843141596));
#269=DIRECTION('',(0.001745328,-0.999998477,-0.));
#270=VECTOR('',#269,6.);
#271=LINE('',#268,#270);
#272=EDGE_CURVE('',#259,#267,#271,.T.);
#273=ORIENTED_EDGE('',*,*,#272,.T.);
#274=CARTESIAN_POINT('',(227.66012785,134.175195897,99.503395588));
#275=VERTEX_POINT('',#274);
#276=CARTESIAN_POINT('',(227.660127847,134.175195897,99.503395589));
#277=DIRECTION('',(-0.499999238,-0.000872664,-0.866025404));
#278=VECTOR('',#277,10.);
#279=LINE('',#276,#278);
#280=EDGE_CURVE('',#275,#267,#279,.T.);
#281=ORIENTED_EDGE('',*,*,#280,.F.);
#282=CARTESIAN_POINT('',(227.698525069,112.175229405,99.503395588));
#283=VERTEX_POINT('',#282);
#284=CARTESIAN_POINT('',(227.698525069,112.175229405,99.503395587));
#285=DIRECTION('',(-0.001745328,0.999998477,0.));
#286=VECTOR('',#285,21.999999999);
#287=LINE('',#284,#286);
#288=EDGE_CURVE('',#283,#275,#287,.T.);
#289=ORIENTED_EDGE('',*,*,#288,.F.);
#290=CARTESIAN_POINT('',(222.698532687,112.166502765,90.843141552));
#291=VERTEX_POINT('',#290);
#292=CARTESIAN_POINT('',(222.698532686,112.166502765,90.843141552));
#293=DIRECTION('',(0.499999238,0.000872664,0.866025404));
#294=VECTOR('',#293,9.999999997);
#295=LINE('',#292,#294);
#296=EDGE_CURVE('',#291,#283,#295,.T.);
#297=ORIENTED_EDGE('',*,*,#296,.F.);
#298=CARTESIAN_POINT('',(222.709004656,106.166511902,90.843141552));
#299=DIRECTION('',(-0.001745328,0.999998477,0.));
#300=VECTOR('',#299,6.000000002);
#301=LINE('',#298,#300);
#302=EDGE_CURVE('',#241,#291,#301,.T.);
#303=ORIENTED_EDGE('',*,*,#302,.F.);
#304=EDGE_LOOP('',(#249,#257,#265,#273,#281,#289,#297,#303));
#305=FACE_BOUND('',#304,.T.);
#306=ADVANCED_FACE('',(#179,#199,#219,#239,#305),#175,.F.);
#307=CARTESIAN_POINT('',(151.411364958,179.75820274,90.276154253));
#308=DIRECTION('',(0.999998477,0.001745328,-0.));
#309=DIRECTION('',(-0.001511498,0.866024085,-0.5));
#310=AXIS2_PLACEMENT_3D('',#307,#308,#309);
#311=PLANE('',#310);
#312=CARTESIAN_POINT('',(151.380511844,197.435719925,120.894558934));
#313=VERTEX_POINT('',#312);
#314=CARTESIAN_POINT('',(151.384542505,195.12632243,120.894558918));
#315=VERTEX_POINT('',#314);
#316=CARTESIAN_POINT('',(151.380511838,197.435719925,120.894558918));
#317=DIRECTION('',(0.001745328,-0.999998477,0.));
#318=VECTOR('',#317,2.309401012);
#319=LINE('',#316,#318);
#320=EDGE_CURVE('',#313,#315,#319,.T.);
#321=ORIENTED_EDGE('',*,*,#320,.F.);
#322=CARTESIAN_POINT('',(151.41180129,179.508203093,89.843141568));
#323=VERTEX_POINT('',#322);
#324=CARTESIAN_POINT('',(151.411801289,179.508203066,89.843141584));
#325=DIRECTION('',(-0.000872664,0.499999238,0.866025404));
#326=VECTOR('',#325,35.855088331);
#327=LINE('',#324,#326);
#328=EDGE_CURVE('',#323,#313,#327,.T.);
#329=ORIENTED_EDGE('',*,*,#328,.F.);
#330=CARTESIAN_POINT('',(151.414824286,177.776154924,90.843141568));
#331=VERTEX_POINT('',#330);
#332=CARTESIAN_POINT('',(151.41180129,179.508203093,89.843141568));
#333=DIRECTION('',(0.001511498,-0.866024085,0.5));
#334=VECTOR('',#333,2.);
#335=LINE('',#332,#334);
#336=EDGE_CURVE('',#323,#331,#335,.T.);
#337=ORIENTED_EDGE('',*,*,#336,.T.);
#338=CARTESIAN_POINT('',(151.414824286,177.776154951,90.843141552));
#339=DIRECTION('',(-0.000872664,0.499999238,0.866025404));
#340=VECTOR('',#339,34.700387811);
#341=LINE('',#338,#340);
#342=EDGE_CURVE('',#331,#315,#341,.T.);
#343=ORIENTED_EDGE('',*,*,#342,.T.);
#344=EDGE_LOOP('',(#321,#329,#337,#343));
#345=FACE_BOUND('',#344,.T.);
#346=ADVANCED_FACE('',(#345),#311,.F.);
#347=CARTESIAN_POINT('',(-33.566100335,166.685336411,68.192506457));
#348=DIRECTION('',(-0.001511498,0.866024085,-0.5));
#349=DIRECTION('',(-0.000872664,0.499999238,0.866025404));
#350=AXIS2_PLACEMENT_3D('',#347,#348,#349);
#351=PLANE('',#350);
#352=ORIENTED_EDGE('',*,*,#328,.T.);
#353=CARTESIAN_POINT('',(185.380460056,197.495061119,120.894558926));
#354=VERTEX_POINT('',#353);
#355=CARTESIAN_POINT('',(151.380511844,197.435719934,120.89455895));
#356=DIRECTION('',(0.999998477,0.001745328,-0.));
#357=VECTOR('',#356,33.999999997);
#358=LINE('',#355,#357);
#359=EDGE_CURVE('',#313,#354,#358,.T.);
#360=ORIENTED_EDGE('',*,*,#359,.T.);
#361=CARTESIAN_POINT('',(185.411749504,179.567544252,89.84314157));
#362=VERTEX_POINT('',#361);
#363=CARTESIAN_POINT('',(185.4117495,179.567544285,89.843141551));
#364=DIRECTION('',(-0.000872664,0.499999238,0.866025404));
#365=VECTOR('',#364,35.85508834);
#366=LINE('',#363,#365);
#367=EDGE_CURVE('',#362,#354,#366,.T.);
#368=ORIENTED_EDGE('',*,*,#367,.F.);
#369=CARTESIAN_POINT('',(179.411758643,179.557072252,89.843141589));
#370=VERTEX_POINT('',#369);
#371=CARTESIAN_POINT('',(185.411749504,179.567544221,89.843141589));
#372=DIRECTION('',(-0.999998477,-0.001745328,0.));
#373=VECTOR('',#372,5.999999999);
#374=LINE('',#371,#373);
#375=EDGE_CURVE('',#362,#370,#374,.T.);
#376=ORIENTED_EDGE('',*,*,#375,.T.);
#377=CARTESIAN_POINT('',(179.403032002,184.557064636,98.503395625));
#378=VERTEX_POINT('',#377);
#379=CARTESIAN_POINT('',(179.411758644,179.557072252,89.843141589));
#380=DIRECTION('',(-0.000872664,0.499999238,0.866025404));
#381=VECTOR('',#380,9.999999998);
#382=LINE('',#379,#381);
#383=EDGE_CURVE('',#370,#378,#382,.T.);
#384=ORIENTED_EDGE('',*,*,#383,.T.);
#385=CARTESIAN_POINT('',(157.40306551,184.518667419,98.503395624));
#386=VERTEX_POINT('',#385);
#387=CARTESIAN_POINT('',(179.403032002,184.557064636,98.503395626));
#388=DIRECTION('',(-0.999998477,-0.001745328,0.));
#389=VECTOR('',#388,22.);
#390=LINE('',#387,#389);
#391=EDGE_CURVE('',#378,#386,#390,.T.);
#392=ORIENTED_EDGE('',*,*,#391,.T.);
#393=CARTESIAN_POINT('',(157.41179215,179.518675061,89.843141568));
#394=VERTEX_POINT('',#393);
#395=CARTESIAN_POINT('',(157.403065509,184.518667419,98.503395624));
#396=DIRECTION('',(0.000872664,-0.499999238,-0.866025404));
#397=VECTOR('',#396,10.000000002);
#398=LINE('',#395,#397);
#399=EDGE_CURVE('',#386,#394,#398,.T.);
#400=ORIENTED_EDGE('',*,*,#399,.T.);
#401=CARTESIAN_POINT('',(151.41180129,179.508203121,89.843141552));
#402=DIRECTION('',(0.999998477,0.001745328,-0.));
#403=VECTOR('',#402,5.999999999);
#404=LINE('',#401,#403);
#405=EDGE_CURVE('',#323,#394,#404,.T.);
#406=ORIENTED_EDGE('',*,*,#405,.F.);
#407=EDGE_LOOP('',(#352,#360,#368,#376,#384,#392,#400,#406));
#408=FACE_BOUND('',#407,.T.);
#409=CARTESIAN_POINT('',(182.303888995,194.218253841,115.228271274));
#410=VERTEX_POINT('',#409);
#411=CARTESIAN_POINT('',(182.316456401,196.018244242,118.345903362));
#412=VERTEX_POINT('',#411);
#413=CARTESIAN_POINT('',(182.3023182,195.11825247,116.787117001));
#414=DIRECTION('',(-0.001511498,0.866024085,-0.5));
#415=DIRECTION('',(0.007854556,0.499995429,0.865992423));
#416=AXIS2_PLACEMENT_3D('',#413,#414,#415);
#417=CIRCLE('',#416,1.8);
#418=EDGE_CURVE('',#410,#412,#417,.T.);
#419=ORIENTED_EDGE('',*,*,#418,.F.);
#420=CARTESIAN_POINT('',(182.3023182,195.11825247,116.787117001));
#421=DIRECTION('',(-0.001511498,0.866024085,-0.5));
#422=DIRECTION('',(0.007854556,0.499995429,0.865992423));
#423=AXIS2_PLACEMENT_3D('',#420,#421,#422);
#424=CIRCLE('',#423,1.8);
#425=EDGE_CURVE('',#412,#410,#424,.T.);
#426=ORIENTED_EDGE('',*,*,#425,.F.);
#427=EDGE_LOOP('',(#419,#426));
#428=FACE_BOUND('',#427,.T.);
#429=CARTESIAN_POINT('',(154.228453658,180.119231513,90.892957428));
#430=VERTEX_POINT('',#429);
#431=CARTESIAN_POINT('',(154.241021063,181.919221914,94.010589516));
#432=VERTEX_POINT('',#431);
#433=CARTESIAN_POINT('',(154.226882863,181.019230142,92.451803155));
#434=DIRECTION('',(-0.001511498,0.866024085,-0.5));
#435=DIRECTION('',(0.007854556,0.499995429,0.865992423));
#436=AXIS2_PLACEMENT_3D('',#433,#434,#435);
#437=CIRCLE('',#436,1.8);
#438=EDGE_CURVE('',#430,#432,#437,.T.);
#439=ORIENTED_EDGE('',*,*,#438,.F.);
#440=CARTESIAN_POINT('',(154.226882863,181.019230142,92.451803155));
#441=DIRECTION('',(-0.001511498,0.866024085,-0.5));
#442=DIRECTION('',(0.007854556,0.499995429,0.865992423));
#443=AXIS2_PLACEMENT_3D('',#440,#441,#442);
#444=CIRCLE('',#443,1.8);
#445=EDGE_CURVE('',#432,#430,#444,.T.);
#446=ORIENTED_EDGE('',*,*,#445,.F.);
#447=EDGE_LOOP('',(#439,#446));
#448=FACE_BOUND('',#447,.T.);
#449=CARTESIAN_POINT('',(182.328410858,180.16827524,90.892957428));
#450=VERTEX_POINT('',#449);
#451=CARTESIAN_POINT('',(182.340978264,181.968265641,94.010589516));
#452=VERTEX_POINT('',#451);
#453=CARTESIAN_POINT('',(182.326840063,181.068273869,92.451803155));
#454=DIRECTION('',(-0.001511498,0.866024085,-0.5));
#455=DIRECTION('',(0.007854556,0.499995429,0.865992423));
#456=AXIS2_PLACEMENT_3D('',#453,#454,#455);
#457=CIRCLE('',#456,1.8);
#458=EDGE_CURVE('',#450,#452,#457,.T.);
#459=ORIENTED_EDGE('',*,*,#458,.F.);
#460=CARTESIAN_POINT('',(182.326840063,181.068273869,92.451803155));
#461=DIRECTION('',(-0.001511498,0.866024085,-0.5));
#462=DIRECTION('',(0.007854556,0.499995429,0.865992423));
#463=AXIS2_PLACEMENT_3D('',#460,#461,#462);
#464=CIRCLE('',#463,1.8);
#465=EDGE_CURVE('',#452,#450,#464,.T.);
#466=ORIENTED_EDGE('',*,*,#465,.F.);
#467=EDGE_LOOP('',(#459,#466));
#468=FACE_BOUND('',#467,.T.);
#469=CARTESIAN_POINT('',(154.203931794,194.169210114,115.228271274));
#470=VERTEX_POINT('',#469);
#471=CARTESIAN_POINT('',(154.216499199,195.969200515,118.345903362));
#472=VERTEX_POINT('',#471);
#473=CARTESIAN_POINT('',(154.202360999,195.069208743,116.787117001));
#474=DIRECTION('',(-0.001511498,0.866024085,-0.5));
#475=DIRECTION('',(0.007854556,0.499995429,0.865992423));
#476=AXIS2_PLACEMENT_3D('',#473,#474,#475);
#477=CIRCLE('',#476,1.8);
#478=EDGE_CURVE('',#470,#472,#477,.T.);
#479=ORIENTED_EDGE('',*,*,#478,.F.);
#480=CARTESIAN_POINT('',(154.202360999,195.069208743,116.787117001));
#481=DIRECTION('',(-0.001511498,0.866024085,-0.5));
#482=DIRECTION('',(0.007854556,0.499995429,0.865992423));
#483=AXIS2_PLACEMENT_3D('',#480,#481,#482);
#484=CIRCLE('',#483,1.8);
#485=EDGE_CURVE('',#472,#470,#484,.T.);
#486=ORIENTED_EDGE('',*,*,#485,.F.);
#487=EDGE_LOOP('',(#479,#486));
#488=FACE_BOUND('',#487,.T.);
#489=ADVANCED_FACE('',(#408,#428,#448,#468,#488),#351,.T.);
#490=CARTESIAN_POINT('',(-33.563077338,164.953288242,69.192506457));
#491=DIRECTION('',(-0.001511498,0.866024085,-0.5));
#492=DIRECTION('',(-0.000872664,0.499999238,0.866025404));
#493=AXIS2_PLACEMENT_3D('',#490,#491,#492);
#494=PLANE('',#493);
#495=CARTESIAN_POINT('',(185.38449072,195.185663552,120.894558918));
#496=VERTEX_POINT('',#495);
#497=CARTESIAN_POINT('',(151.384542505,195.12632243,120.894558918));
#498=DIRECTION('',(0.999998477,0.001745328,-0.));
#499=VECTOR('',#498,34.);
#500=LINE('',#497,#499);
#501=EDGE_CURVE('',#315,#496,#500,.T.);
#502=ORIENTED_EDGE('',*,*,#501,.F.);
#503=ORIENTED_EDGE('',*,*,#342,.F.);
#504=CARTESIAN_POINT('',(157.414815148,177.786626893,90.843141567));
#505=VERTEX_POINT('',#504);
#506=CARTESIAN_POINT('',(151.414824286,177.776154897,90.843141583));
#507=DIRECTION('',(0.999998477,0.001745328,-0.));
#508=VECTOR('',#507,6.);
#509=LINE('',#506,#508);
#510=EDGE_CURVE('',#331,#505,#509,.T.);
#511=ORIENTED_EDGE('',*,*,#510,.T.);
#512=CARTESIAN_POINT('',(157.406088508,182.786619309,99.503395588));
#513=VERTEX_POINT('',#512);
#514=CARTESIAN_POINT('',(157.406088508,182.786619305,99.50339559));
#515=DIRECTION('',(0.000872664,-0.499999238,-0.866025404));
#516=VECTOR('',#515,10.);
#517=LINE('',#514,#516);
#518=EDGE_CURVE('',#513,#505,#517,.T.);
#519=ORIENTED_EDGE('',*,*,#518,.F.);
#520=CARTESIAN_POINT('',(179.406054999,182.825016528,99.503395587));
#521=VERTEX_POINT('',#520);
#522=CARTESIAN_POINT('',(179.406054999,182.825016529,99.503395587));
#523=DIRECTION('',(-0.999998477,-0.001745328,0.));
#524=VECTOR('',#523,21.999999998);
#525=LINE('',#522,#524);
#526=EDGE_CURVE('',#521,#513,#525,.T.);
#527=ORIENTED_EDGE('',*,*,#526,.F.);
#528=CARTESIAN_POINT('',(179.41478164,177.825024146,90.843141552));
#529=VERTEX_POINT('',#528);
#530=CARTESIAN_POINT('',(179.41478164,177.825024145,90.843141552));
#531=DIRECTION('',(-0.000872664,0.499999238,0.866025404));
#532=VECTOR('',#531,9.999999997);
#533=LINE('',#530,#532);
#534=EDGE_CURVE('',#529,#521,#533,.T.);
#535=ORIENTED_EDGE('',*,*,#534,.F.);
#536=CARTESIAN_POINT('',(185.414772502,177.835496083,90.84314157));
#537=VERTEX_POINT('',#536);
#538=CARTESIAN_POINT('',(185.414772502,177.835496115,90.843141552));
#539=DIRECTION('',(-0.999998477,-0.001745328,0.));
#540=VECTOR('',#539,6.000000001);
#541=LINE('',#538,#540);
#542=EDGE_CURVE('',#537,#529,#541,.T.);
#543=ORIENTED_EDGE('',*,*,#542,.F.);
#544=CARTESIAN_POINT('',(185.414772502,177.835496051,90.843141588));
#545=DIRECTION('',(-0.000872664,0.499999238,0.866025404));
#546=VECTOR('',#545,34.70038779);
#547=LINE('',#544,#546);
#548=EDGE_CURVE('',#537,#496,#547,.T.);
#549=ORIENTED_EDGE('',*,*,#548,.T.);
#550=EDGE_LOOP('',(#502,#503,#511,#519,#527,#535,#543,#549));
#551=FACE_BOUND('',#550,.T.);
#552=CARTESIAN_POINT('',(182.313981208,193.936199272,118.739708666));
#553=VERTEX_POINT('',#552);
#554=CARTESIAN_POINT('',(182.306301127,192.836205138,116.834489057));
#555=VERTEX_POINT('',#554);
#556=CARTESIAN_POINT('',(182.305341197,193.3862043,117.787117001));
#557=DIRECTION('',(-0.001511498,0.866024085,-0.5));
#558=DIRECTION('',(0.007854556,0.499995429,0.865992423));
#559=AXIS2_PLACEMENT_3D('',#556,#557,#558);
#560=CIRCLE('',#559,1.1);
#561=EDGE_CURVE('',#553,#555,#560,.T.);
#562=ORIENTED_EDGE('',*,*,#561,.T.);
#563=CARTESIAN_POINT('',(182.305341197,193.3862043,117.787117001));
#564=DIRECTION('',(-0.001511498,0.866024085,-0.5));
#565=DIRECTION('',(0.007854556,0.499995429,0.865992423));
#566=AXIS2_PLACEMENT_3D('',#563,#564,#565);
#567=CIRCLE('',#566,1.1);
#568=EDGE_CURVE('',#555,#553,#567,.T.);
#569=ORIENTED_EDGE('',*,*,#568,.T.);
#570=EDGE_LOOP('',(#562,#569));
#571=FACE_BOUND('',#570,.T.);
#572=CARTESIAN_POINT('',(154.238545871,179.837176944,94.40439482));
#573=VERTEX_POINT('',#572);
#574=CARTESIAN_POINT('',(154.23086579,178.73718281,92.499175211));
#575=VERTEX_POINT('',#574);
#576=CARTESIAN_POINT('',(154.229905859,179.287181972,93.451803155));
#577=DIRECTION('',(-0.001511498,0.866024085,-0.5));
#578=DIRECTION('',(0.007854556,0.499995429,0.865992423));
#579=AXIS2_PLACEMENT_3D('',#576,#577,#578);
#580=CIRCLE('',#579,1.1);
#581=EDGE_CURVE('',#573,#575,#580,.T.);
#582=ORIENTED_EDGE('',*,*,#581,.T.);
#583=CARTESIAN_POINT('',(154.229905859,179.287181972,93.451803155));
#584=DIRECTION('',(-0.001511498,0.866024085,-0.5));
#585=DIRECTION('',(0.007854556,0.499995429,0.865992423));
#586=AXIS2_PLACEMENT_3D('',#583,#584,#585);
#587=CIRCLE('',#586,1.1);
#588=EDGE_CURVE('',#575,#573,#587,.T.);
#589=ORIENTED_EDGE('',*,*,#588,.T.);
#590=EDGE_LOOP('',(#582,#589));
#591=FACE_BOUND('',#590,.T.);
#592=CARTESIAN_POINT('',(182.338503071,179.886220671,94.40439482));
#593=VERTEX_POINT('',#592);
#594=CARTESIAN_POINT('',(182.33082299,178.786226537,92.499175211));
#595=VERTEX_POINT('',#594);
#596=CARTESIAN_POINT('',(182.32986306,179.336225699,93.451803155));
#597=DIRECTION('',(-0.001511498,0.866024085,-0.5));
#598=DIRECTION('',(0.007854556,0.499995429,0.865992423));
#599=AXIS2_PLACEMENT_3D('',#596,#597,#598);
#600=CIRCLE('',#599,1.1);
#601=EDGE_CURVE('',#593,#595,#600,.T.);
#602=ORIENTED_EDGE('',*,*,#601,.T.);
#603=CARTESIAN_POINT('',(182.32986306,179.336225699,93.451803155));
#604=DIRECTION('',(-0.001511498,0.866024085,-0.5));
#605=DIRECTION('',(0.007854556,0.499995429,0.865992423));
#606=AXIS2_PLACEMENT_3D('',#603,#604,#605);
#607=CIRCLE('',#606,1.1);
#608=EDGE_CURVE('',#595,#593,#607,.T.);
#609=ORIENTED_EDGE('',*,*,#608,.T.);
#610=EDGE_LOOP('',(#602,#609));
#611=FACE_BOUND('',#610,.T.);
#612=CARTESIAN_POINT('',(154.214024007,193.887155544,118.739708666));
#613=VERTEX_POINT('',#612);
#614=CARTESIAN_POINT('',(154.206343926,192.78716141,116.834489057));
#615=VERTEX_POINT('',#614);
#616=CARTESIAN_POINT('',(154.205383995,193.337160573,117.787117001));
#617=DIRECTION('',(-0.001511498,0.866024085,-0.5));
#618=DIRECTION('',(0.007854556,0.499995429,0.865992423));
#619=AXIS2_PLACEMENT_3D('',#616,#617,#618);
#620=CIRCLE('',#619,1.1);
#621=EDGE_CURVE('',#613,#615,#620,.T.);
#622=ORIENTED_EDGE('',*,*,#621,.T.);
#623=CARTESIAN_POINT('',(154.205383995,193.337160573,117.787117001));
#624=DIRECTION('',(-0.001511498,0.866024085,-0.5));
#625=DIRECTION('',(0.007854556,0.499995429,0.865992423));
#626=AXIS2_PLACEMENT_3D('',#623,#624,#625);
#627=CIRCLE('',#626,1.1);
#628=EDGE_CURVE('',#615,#613,#627,.T.);
#629=ORIENTED_EDGE('',*,*,#628,.T.);
#630=EDGE_LOOP('',(#622,#629));
#631=FACE_BOUND('',#630,.T.);
#632=ADVANCED_FACE('',(#551,#571,#591,#611,#631),#494,.F.);
#633=CARTESIAN_POINT('',(157.411355819,179.768674709,90.276154253));
#634=DIRECTION('',(-0.999998477,-0.001745328,0.));
#635=DIRECTION('',(0.001511498,-0.866024085,0.5));
#636=AXIS2_PLACEMENT_3D('',#633,#634,#635);
#637=PLANE('',#636);
#638=ORIENTED_EDGE('',*,*,#518,.T.);
#639=CARTESIAN_POINT('',(157.411792151,179.518675061,89.843141568));
#640=DIRECTION('',(0.001511498,-0.866024085,0.5));
#641=VECTOR('',#640,1.999999998);
#642=LINE('',#639,#641);
#643=EDGE_CURVE('',#394,#505,#642,.T.);
#644=ORIENTED_EDGE('',*,*,#643,.F.);
#645=ORIENTED_EDGE('',*,*,#399,.F.);
#646=CARTESIAN_POINT('',(157.403065512,184.518667418,98.503395622));
#647=DIRECTION('',(0.001511498,-0.866024085,0.5));
#648=VECTOR('',#647,1.999999931);
#649=LINE('',#646,#648);
#650=EDGE_CURVE('',#386,#513,#649,.T.);
#651=ORIENTED_EDGE('',*,*,#650,.T.);
#652=EDGE_LOOP('',(#638,#644,#645,#651));
#653=FACE_BOUND('',#652,.T.);
#654=ADVANCED_FACE('',(#653),#637,.F.);
#655=CARTESIAN_POINT('',(154.911795958,179.514311769,89.843141552));
#656=DIRECTION('',(0.000872664,-0.499999239,-0.866025404));
#657=DIRECTION('',(-0.001511498,0.866024085,-0.5));
#658=AXIS2_PLACEMENT_3D('',#655,#656,#657);
#659=PLANE('',#658);
#660=ORIENTED_EDGE('',*,*,#510,.F.);
#661=ORIENTED_EDGE('',*,*,#336,.F.);
#662=ORIENTED_EDGE('',*,*,#405,.T.);
#663=ORIENTED_EDGE('',*,*,#643,.T.);
#664=EDGE_LOOP('',(#660,#661,#662,#663));
#665=FACE_BOUND('',#664,.T.);
#666=ADVANCED_FACE('',(#665),#659,.T.);
#667=CARTESIAN_POINT('',(182.299295203,196.850300639,115.787117001));
#668=DIRECTION('',(0.001511498,-0.866024085,0.5));
#669=DIRECTION('',(0.000872664,-0.499999238,-0.866025404));
#670=AXIS2_PLACEMENT_3D('',#667,#668,#669);
#671=CYLINDRICAL_SURFACE('',#670,1.1);
#672=CARTESIAN_POINT('',(182.300255134,196.300301477,114.834489057));
#673=VERTEX_POINT('',#672);
#674=CARTESIAN_POINT('',(182.306301127,192.836205138,116.834489057));
#675=DIRECTION('',(-0.001511498,0.866024085,-0.5));
#676=VECTOR('',#675,4.);
#677=LINE('',#674,#676);
#678=EDGE_CURVE('',#555,#673,#677,.T.);
#679=ORIENTED_EDGE('',*,*,#678,.F.);
#680=ORIENTED_EDGE('',*,*,#561,.F.);
#681=ORIENTED_EDGE('',*,*,#568,.F.);
#682=ORIENTED_EDGE('',*,*,#678,.T.);
#683=CARTESIAN_POINT('',(182.307935215,197.400295611,116.739708666));
#684=VERTEX_POINT('',#683);
#685=CARTESIAN_POINT('',(182.299295203,196.850300639,115.787117001));
#686=DIRECTION('',(-0.001511498,0.866024085,-0.5));
#687=DIRECTION('',(0.007854556,0.499995429,0.865992423));
#688=AXIS2_PLACEMENT_3D('',#685,#686,#687);
#689=CIRCLE('',#688,1.1);
#690=EDGE_CURVE('',#673,#684,#689,.T.);
#691=ORIENTED_EDGE('',*,*,#690,.T.);
#692=CARTESIAN_POINT('',(182.299295203,196.850300639,115.787117001));
#693=DIRECTION('',(-0.001511498,0.866024085,-0.5));
#694=DIRECTION('',(0.007854556,0.499995429,0.865992423));
#695=AXIS2_PLACEMENT_3D('',#692,#693,#694);
#696=CIRCLE('',#695,1.1);
#697=EDGE_CURVE('',#684,#673,#696,.T.);
#698=ORIENTED_EDGE('',*,*,#697,.T.);
#699=EDGE_LOOP('',(#679,#680,#681,#682,#691,#698));
#700=FACE_BOUND('',#699,.T.);
#701=ADVANCED_FACE('',(#700),#671,.F.);
#702=CARTESIAN_POINT('',(182.299295203,196.850300639,115.787117001));
#703=DIRECTION('',(0.001511498,-0.866024085,0.5));
#704=DIRECTION('',(0.000872664,-0.499999238,-0.866025404));
#705=AXIS2_PLACEMENT_3D('',#702,#703,#704);
#706=CYLINDRICAL_SURFACE('',#705,1.8);
#707=CARTESIAN_POINT('',(182.300865998,195.95030201,114.228271274));
#708=VERTEX_POINT('',#707);
#709=CARTESIAN_POINT('',(182.303888995,194.218253841,115.228271274));
#710=DIRECTION('',(-0.001511498,0.866024085,-0.5));
#711=VECTOR('',#710,2.);
#712=LINE('',#709,#711);
#713=EDGE_CURVE('',#410,#708,#712,.T.);
#714=ORIENTED_EDGE('',*,*,#713,.T.);
#715=CARTESIAN_POINT('',(182.313433404,197.750292412,117.345903362));
#716=VERTEX_POINT('',#715);
#717=CARTESIAN_POINT('',(182.299295203,196.85030064,115.787117001));
#718=DIRECTION('',(-0.001511498,0.866024085,-0.5));
#719=DIRECTION('',(0.007854556,0.499995429,0.865992423));
#720=AXIS2_PLACEMENT_3D('',#717,#718,#719);
#721=CIRCLE('',#720,1.8);
#722=EDGE_CURVE('',#716,#708,#721,.T.);
#723=ORIENTED_EDGE('',*,*,#722,.F.);
#724=CARTESIAN_POINT('',(182.299295203,196.85030064,115.787117001));
#725=DIRECTION('',(-0.001511498,0.866024085,-0.5));
#726=DIRECTION('',(0.007854556,0.499995429,0.865992423));
#727=AXIS2_PLACEMENT_3D('',#724,#725,#726);
#728=CIRCLE('',#727,1.8);
#729=EDGE_CURVE('',#708,#716,#728,.T.);
#730=ORIENTED_EDGE('',*,*,#729,.F.);
#731=ORIENTED_EDGE('',*,*,#713,.F.);
#732=ORIENTED_EDGE('',*,*,#418,.T.);
#733=ORIENTED_EDGE('',*,*,#425,.T.);
#734=EDGE_LOOP('',(#714,#723,#730,#731,#732,#733));
#735=FACE_BOUND('',#734,.T.);
#736=ADVANCED_FACE('',(#735),#706,.T.);
#737=CARTESIAN_POINT('',(-113.753042679,169.283550109,68.935142656));
#738=DIRECTION('',(-0.001511498,0.866024085,-0.5));
#739=DIRECTION('',(-0.000872664,0.499999238,0.866025404));
#740=AXIS2_PLACEMENT_3D('',#737,#738,#739);
#741=PLANE('',#740);
#742=ORIENTED_EDGE('',*,*,#690,.F.);
#743=ORIENTED_EDGE('',*,*,#697,.F.);
#744=EDGE_LOOP('',(#742,#743));
#745=FACE_BOUND('',#744,.T.);
#746=ORIENTED_EDGE('',*,*,#722,.T.);
#747=ORIENTED_EDGE('',*,*,#729,.T.);
#748=EDGE_LOOP('',(#746,#747));
#749=FACE_BOUND('',#748,.T.);
#750=ADVANCED_FACE('',(#745,#749),#741,.T.);
#751=CARTESIAN_POINT('',(154.223859866,182.751278311,91.451803155));
#752=DIRECTION('',(0.001511498,-0.866024085,0.5));
#753=DIRECTION('',(0.000872664,-0.499999238,-0.866025404));
#754=AXIS2_PLACEMENT_3D('',#751,#752,#753);
#755=CYLINDRICAL_SURFACE('',#754,1.1);
#756=CARTESIAN_POINT('',(154.224819796,182.201279149,90.499175211));
#757=VERTEX_POINT('',#756);
#758=CARTESIAN_POINT('',(154.23086579,178.73718281,92.499175211));
#759=DIRECTION('',(-0.001511498,0.866024085,-0.5));
#760=VECTOR('',#759,4.);
#761=LINE('',#758,#760);
#762=EDGE_CURVE('',#575,#757,#761,.T.);
#763=ORIENTED_EDGE('',*,*,#762,.F.);
#764=ORIENTED_EDGE('',*,*,#581,.F.);
#765=ORIENTED_EDGE('',*,*,#588,.F.);
#766=ORIENTED_EDGE('',*,*,#762,.T.);
#767=CARTESIAN_POINT('',(154.232499877,183.301273283,92.40439482));
#768=VERTEX_POINT('',#767);
#769=CARTESIAN_POINT('',(154.223859866,182.751278311,91.451803155));
#770=DIRECTION('',(-0.001511498,0.866024085,-0.5));
#771=DIRECTION('',(0.007854556,0.499995429,0.865992423));
#772=AXIS2_PLACEMENT_3D('',#769,#770,#771);
#773=CIRCLE('',#772,1.1);
#774=EDGE_CURVE('',#757,#768,#773,.T.);
#775=ORIENTED_EDGE('',*,*,#774,.T.);
#776=CARTESIAN_POINT('',(154.223859866,182.751278311,91.451803155));
#777=DIRECTION('',(-0.001511498,0.866024085,-0.5));
#778=DIRECTION('',(0.007854556,0.499995429,0.865992423));
#779=AXIS2_PLACEMENT_3D('',#776,#777,#778);
#780=CIRCLE('',#779,1.1);
#781=EDGE_CURVE('',#768,#757,#780,.T.);
#782=ORIENTED_EDGE('',*,*,#781,.T.);
#783=EDGE_LOOP('',(#763,#764,#765,#766,#775,#782));
#784=FACE_BOUND('',#783,.T.);
#785=ADVANCED_FACE('',(#784),#755,.F.);
#786=CARTESIAN_POINT('',(154.223859866,182.751278311,91.451803155));
#787=DIRECTION('',(0.001511498,-0.866024085,0.5));
#788=DIRECTION('',(0.000872664,-0.499999238,-0.866025404));
#789=AXIS2_PLACEMENT_3D('',#786,#787,#788);
#790=CYLINDRICAL_SURFACE('',#789,1.8);
#791=CARTESIAN_POINT('',(154.225430661,181.851279683,89.892957428));
#792=VERTEX_POINT('',#791);
#793=CARTESIAN_POINT('',(154.228453658,180.119231513,90.892957428));
#794=DIRECTION('',(-0.001511498,0.866024085,-0.5));
#795=VECTOR('',#794,2.);
#796=LINE('',#793,#795);
#797=EDGE_CURVE('',#430,#792,#796,.T.);
#798=ORIENTED_EDGE('',*,*,#797,.T.);
#799=CARTESIAN_POINT('',(154.237998067,183.651270084,93.010589516));
#800=VERTEX_POINT('',#799);
#801=CARTESIAN_POINT('',(154.223859866,182.751278312,91.451803155));
#802=DIRECTION('',(-0.001511498,0.866024085,-0.5));
#803=DIRECTION('',(0.007854556,0.499995429,0.865992423));
#804=AXIS2_PLACEMENT_3D('',#801,#802,#803);
#805=CIRCLE('',#804,1.8);
#806=EDGE_CURVE('',#800,#792,#805,.T.);
#807=ORIENTED_EDGE('',*,*,#806,.F.);
#808=CARTESIAN_POINT('',(154.223859866,182.751278312,91.451803155));
#809=DIRECTION('',(-0.001511498,0.866024085,-0.5));
#810=DIRECTION('',(0.007854556,0.499995429,0.865992423));
#811=AXIS2_PLACEMENT_3D('',#808,#809,#810);
#812=CIRCLE('',#811,1.8);
#813=EDGE_CURVE('',#792,#800,#812,.T.);
#814=ORIENTED_EDGE('',*,*,#813,.F.);
#815=ORIENTED_EDGE('',*,*,#797,.F.);
#816=ORIENTED_EDGE('',*,*,#438,.T.);
#817=ORIENTED_EDGE('',*,*,#445,.T.);
#818=EDGE_LOOP('',(#798,#807,#814,#815,#816,#817));
#819=FACE_BOUND('',#818,.T.);
#820=ADVANCED_FACE('',(#819),#790,.T.);
#821=CARTESIAN_POINT('',(-113.753042679,169.283550109,68.935142656));
#822=DIRECTION('',(-0.001511498,0.866024085,-0.5));
#823=DIRECTION('',(-0.000872664,0.499999238,0.866025404));
#824=AXIS2_PLACEMENT_3D('',#821,#822,#823);
#825=PLANE('',#824);
#826=ORIENTED_EDGE('',*,*,#774,.F.);
#827=ORIENTED_EDGE('',*,*,#781,.F.);
#828=EDGE_LOOP('',(#826,#827));
#829=FACE_BOUND('',#828,.T.);
#830=ORIENTED_EDGE('',*,*,#806,.T.);
#831=ORIENTED_EDGE('',*,*,#813,.T.);
#832=EDGE_LOOP('',(#830,#831));
#833=FACE_BOUND('',#832,.T.);
#834=ADVANCED_FACE('',(#829,#833),#825,.T.);
#835=CARTESIAN_POINT('',(185.391241896,191.317526389,110.19473854));
#836=DIRECTION('',(0.999998477,0.001745328,-0.));
#837=DIRECTION('',(-0.001511498,0.866024085,-0.5));
#838=AXIS2_PLACEMENT_3D('',#835,#836,#837);
#839=PLANE('',#838);
#840=ORIENTED_EDGE('',*,*,#367,.T.);
#841=CARTESIAN_POINT('',(185.380460056,197.495061119,120.894558918));
#842=DIRECTION('',(0.001745328,-0.999998477,-0.));
#843=VECTOR('',#842,2.309401085);
#844=LINE('',#841,#843);
#845=EDGE_CURVE('',#354,#496,#844,.T.);
#846=ORIENTED_EDGE('',*,*,#845,.T.);
#847=ORIENTED_EDGE('',*,*,#548,.F.);
#848=CARTESIAN_POINT('',(185.411749505,179.567544252,89.84314157));
#849=DIRECTION('',(0.001511498,-0.866024085,0.5));
#850=VECTOR('',#849,2.);
#851=LINE('',#848,#850);
#852=EDGE_CURVE('',#362,#537,#851,.T.);
#853=ORIENTED_EDGE('',*,*,#852,.F.);
#854=EDGE_LOOP('',(#840,#846,#847,#853));
#855=FACE_BOUND('',#854,.T.);
#856=ADVANCED_FACE('',(#855),#839,.T.);
#857=CARTESIAN_POINT('',(181.911754835,179.561435635,89.843141552));
#858=DIRECTION('',(-0.000872664,0.499999239,0.866025404));
#859=DIRECTION('',(0.001511498,-0.866024085,0.5));
#860=AXIS2_PLACEMENT_3D('',#857,#858,#859);
#861=PLANE('',#860);
#862=ORIENTED_EDGE('',*,*,#542,.T.);
#863=CARTESIAN_POINT('',(179.411758643,179.557072252,89.843141588));
#864=DIRECTION('',(0.001511498,-0.866024085,0.5));
#865=VECTOR('',#864,1.999999927);
#866=LINE('',#863,#865);
#867=EDGE_CURVE('',#370,#529,#866,.T.);
#868=ORIENTED_EDGE('',*,*,#867,.F.);
#869=ORIENTED_EDGE('',*,*,#375,.F.);
#870=ORIENTED_EDGE('',*,*,#852,.T.);
#871=EDGE_LOOP('',(#862,#868,#869,#870));
#872=FACE_BOUND('',#871,.T.);
#873=ADVANCED_FACE('',(#872),#861,.F.);
#874=CARTESIAN_POINT('',(179.411322311,179.807071934,90.276154253));
#875=DIRECTION('',(0.999998477,0.001745328,-0.));
#876=DIRECTION('',(-0.001511498,0.866024085,-0.5));
#877=AXIS2_PLACEMENT_3D('',#874,#875,#876);
#878=PLANE('',#877);
#879=ORIENTED_EDGE('',*,*,#534,.T.);
#880=CARTESIAN_POINT('',(179.403032001,184.557064635,98.503395623));
#881=DIRECTION('',(0.001511498,-0.866024085,0.5));
#882=VECTOR('',#881,1.999999927);
#883=LINE('',#880,#882);
#884=EDGE_CURVE('',#378,#521,#883,.T.);
#885=ORIENTED_EDGE('',*,*,#884,.F.);
#886=ORIENTED_EDGE('',*,*,#383,.F.);
#887=ORIENTED_EDGE('',*,*,#867,.T.);
#888=EDGE_LOOP('',(#879,#885,#886,#887));
#889=FACE_BOUND('',#888,.T.);
#890=ADVANCED_FACE('',(#889),#878,.F.);
#891=CARTESIAN_POINT('',(182.323817066,182.800322038,91.451803155));
#892=DIRECTION('',(0.001511498,-0.866024085,0.5));
#893=DIRECTION('',(0.000872664,-0.499999238,-0.866025404));
#894=AXIS2_PLACEMENT_3D('',#891,#892,#893);
#895=CYLINDRICAL_SURFACE('',#894,1.1);
#896=CARTESIAN_POINT('',(182.324776997,182.250322876,90.499175211));
#897=VERTEX_POINT('',#896);
#898=CARTESIAN_POINT('',(182.33082299,178.786226537,92.499175211));
#899=DIRECTION('',(-0.001511498,0.866024085,-0.5));
#900=VECTOR('',#899,4.);
#901=LINE('',#898,#900);
#902=EDGE_CURVE('',#595,#897,#901,.T.);
#903=ORIENTED_EDGE('',*,*,#902,.F.);
#904=ORIENTED_EDGE('',*,*,#601,.F.);
#905=ORIENTED_EDGE('',*,*,#608,.F.);
#906=ORIENTED_EDGE('',*,*,#902,.T.);
#907=CARTESIAN_POINT('',(182.332457078,183.35031701,92.40439482));
#908=VERTEX_POINT('',#907);
#909=CARTESIAN_POINT('',(182.323817066,182.800322039,91.451803155));
#910=DIRECTION('',(-0.001511498,0.866024085,-0.5));
#911=DIRECTION('',(0.007854556,0.499995429,0.865992423));
#912=AXIS2_PLACEMENT_3D('',#909,#910,#911);
#913=CIRCLE('',#912,1.1);
#914=EDGE_CURVE('',#897,#908,#913,.T.);
#915=ORIENTED_EDGE('',*,*,#914,.T.);
#916=CARTESIAN_POINT('',(182.323817066,182.800322039,91.451803155));
#917=DIRECTION('',(-0.001511498,0.866024085,-0.5));
#918=DIRECTION('',(0.007854556,0.499995429,0.865992423));
#919=AXIS2_PLACEMENT_3D('',#916,#917,#918);
#920=CIRCLE('',#919,1.1);
#921=EDGE_CURVE('',#908,#897,#920,.T.);
#922=ORIENTED_EDGE('',*,*,#921,.T.);
#923=EDGE_LOOP('',(#903,#904,#905,#906,#915,#922));
#924=FACE_BOUND('',#923,.T.);
#925=ADVANCED_FACE('',(#924),#895,.F.);
#926=CARTESIAN_POINT('',(182.323817066,182.800322038,91.451803155));
#927=DIRECTION('',(0.001511498,-0.866024085,0.5));
#928=DIRECTION('',(0.000872664,-0.499999238,-0.866025404));
#929=AXIS2_PLACEMENT_3D('',#926,#927,#928);
#930=CYLINDRICAL_SURFACE('',#929,1.8);
#931=CARTESIAN_POINT('',(182.325387862,181.90032341,89.892957428));
#932=VERTEX_POINT('',#931);
#933=CARTESIAN_POINT('',(182.328410858,180.16827524,90.892957428));
#934=DIRECTION('',(-0.001511498,0.866024085,-0.5));
#935=VECTOR('',#934,2.);
#936=LINE('',#933,#935);
#937=EDGE_CURVE('',#450,#932,#936,.T.);
#938=ORIENTED_EDGE('',*,*,#937,.T.);
#939=CARTESIAN_POINT('',(182.337955267,183.700313811,93.010589516));
#940=VERTEX_POINT('',#939);
#941=CARTESIAN_POINT('',(182.323817066,182.800322039,91.451803155));
#942=DIRECTION('',(-0.001511498,0.866024085,-0.5));
#943=DIRECTION('',(0.007854556,0.499995429,0.865992423));
#944=AXIS2_PLACEMENT_3D('',#941,#942,#943);
#945=CIRCLE('',#944,1.8);
#946=EDGE_CURVE('',#940,#932,#945,.T.);
#947=ORIENTED_EDGE('',*,*,#946,.F.);
#948=CARTESIAN_POINT('',(182.323817066,182.800322039,91.451803155));
#949=DIRECTION('',(-0.001511498,0.866024085,-0.5));
#950=DIRECTION('',(0.007854556,0.499995429,0.865992423));
#951=AXIS2_PLACEMENT_3D('',#948,#949,#950);
#952=CIRCLE('',#951,1.8);
#953=EDGE_CURVE('',#932,#940,#952,.T.);
#954=ORIENTED_EDGE('',*,*,#953,.F.);
#955=ORIENTED_EDGE('',*,*,#937,.F.);
#956=ORIENTED_EDGE('',*,*,#458,.T.);
#957=ORIENTED_EDGE('',*,*,#465,.T.);
#958=EDGE_LOOP('',(#938,#947,#954,#955,#956,#957));
#959=FACE_BOUND('',#958,.T.);
#960=ADVANCED_FACE('',(#959),#930,.T.);
#961=CARTESIAN_POINT('',(-113.753042679,169.283550109,68.935142656));
#962=DIRECTION('',(-0.001511498,0.866024085,-0.5));
#963=DIRECTION('',(-0.000872664,0.499999238,0.866025404));
#964=AXIS2_PLACEMENT_3D('',#961,#962,#963);
#965=PLANE('',#964);
#966=ORIENTED_EDGE('',*,*,#914,.F.);
#967=ORIENTED_EDGE('',*,*,#921,.F.);
#968=EDGE_LOOP('',(#966,#967));
#969=FACE_BOUND('',#968,.T.);
#970=ORIENTED_EDGE('',*,*,#946,.T.);
#971=ORIENTED_EDGE('',*,*,#953,.T.);
#972=EDGE_LOOP('',(#970,#971));
#973=FACE_BOUND('',#972,.T.);
#974=ADVANCED_FACE('',(#969,#973),#965,.T.);
#975=CARTESIAN_POINT('',(154.199338002,196.801256912,115.787117001));
#976=DIRECTION('',(0.001511498,-0.866024085,0.5));
#977=DIRECTION('',(0.000872664,-0.499999238,-0.866025404));
#978=AXIS2_PLACEMENT_3D('',#975,#976,#977);
#979=CYLINDRICAL_SURFACE('',#978,1.1);
#980=CARTESIAN_POINT('',(154.200297932,196.25125775,114.834489057));
#981=VERTEX_POINT('',#980);
#982=CARTESIAN_POINT('',(154.206343926,192.78716141,116.834489057));
#983=DIRECTION('',(-0.001511498,0.866024085,-0.5));
#984=VECTOR('',#983,4.);
#985=LINE('',#982,#984);
#986=EDGE_CURVE('',#615,#981,#985,.T.);
#987=ORIENTED_EDGE('',*,*,#986,.F.);
#988=ORIENTED_EDGE('',*,*,#621,.F.);
#989=ORIENTED_EDGE('',*,*,#628,.F.);
#990=ORIENTED_EDGE('',*,*,#986,.T.);
#991=CARTESIAN_POINT('',(154.207978013,197.351251884,116.739708666));
#992=VERTEX_POINT('',#991);
#993=CARTESIAN_POINT('',(154.199338002,196.801256912,115.787117001));
#994=DIRECTION('',(-0.001511498,0.866024085,-0.5));
#995=DIRECTION('',(0.007854556,0.499995429,0.865992423));
#996=AXIS2_PLACEMENT_3D('',#993,#994,#995);
#997=CIRCLE('',#996,1.1);
#998=EDGE_CURVE('',#981,#992,#997,.T.);
#999=ORIENTED_EDGE('',*,*,#998,.T.);
#1000=CARTESIAN_POINT('',(154.199338002,196.801256912,115.787117001));
#1001=DIRECTION('',(-0.001511498,0.866024085,-0.5));
#1002=DIRECTION('',(0.007854556,0.499995429,0.865992423));
#1003=AXIS2_PLACEMENT_3D('',#1000,#1001,#1002);
#1004=CIRCLE('',#1003,1.1);
#1005=EDGE_CURVE('',#992,#981,#1004,.T.);
#1006=ORIENTED_EDGE('',*,*,#1005,.T.);
#1007=EDGE_LOOP('',(#987,#988,#989,#990,#999,#1006));
#1008=FACE_BOUND('',#1007,.T.);
#1009=ADVANCED_FACE('',(#1008),#979,.F.);
#1010=CARTESIAN_POINT('',(154.199338002,196.801256912,115.787117001));
#1011=DIRECTION('',(0.001511498,-0.866024085,0.5));
#1012=DIRECTION('',(0.000872664,-0.499999238,-0.866025404));
#1013=AXIS2_PLACEMENT_3D('',#1010,#1011,#1012);
#1014=CYLINDRICAL_SURFACE('',#1013,1.8);
#1015=CARTESIAN_POINT('',(154.200908797,195.901258283,114.228271274));
#1016=VERTEX_POINT('',#1015);
#1017=CARTESIAN_POINT('',(154.203931794,194.169210114,115.228271274));
#1018=DIRECTION('',(-0.001511498,0.866024085,-0.5));
#1019=VECTOR('',#1018,2.);
#1020=LINE('',#1017,#1019);
#1021=EDGE_CURVE('',#470,#1016,#1020,.T.);
#1022=ORIENTED_EDGE('',*,*,#1021,.T.);
#1023=CARTESIAN_POINT('',(154.213476202,197.701248684,117.345903362));
#1024=VERTEX_POINT('',#1023);
#1025=CARTESIAN_POINT('',(154.199338002,196.801256912,115.787117001));
#1026=DIRECTION('',(-0.001511498,0.866024085,-0.5));
#1027=DIRECTION('',(0.007854556,0.499995429,0.865992423));
#1028=AXIS2_PLACEMENT_3D('',#1025,#1026,#1027);
#1029=CIRCLE('',#1028,1.8);
#1030=EDGE_CURVE('',#1024,#1016,#1029,.T.);
#1031=ORIENTED_EDGE('',*,*,#1030,.F.);
#1032=CARTESIAN_POINT('',(154.199338002,196.801256912,115.787117001));
#1033=DIRECTION('',(-0.001511498,0.866024085,-0.5));
#1034=DIRECTION('',(0.007854556,0.499995429,0.865992423));
#1035=AXIS2_PLACEMENT_3D('',#1032,#1033,#1034);
#1036=CIRCLE('',#1035,1.8);
#1037=EDGE_CURVE('',#1016,#1024,#1036,.T.);
#1038=ORIENTED_EDGE('',*,*,#1037,.F.);
#1039=ORIENTED_EDGE('',*,*,#1021,.F.);
#1040=ORIENTED_EDGE('',*,*,#478,.T.);
#1041=ORIENTED_EDGE('',*,*,#485,.T.);
#1042=EDGE_LOOP('',(#1022,#1031,#1038,#1039,#1040,#1041));
#1043=FACE_BOUND('',#1042,.T.);
#1044=ADVANCED_FACE('',(#1043),#1014,.T.);
#1045=CARTESIAN_POINT('',(-113.753042679,169.283550109,68.935142656));
#1046=DIRECTION('',(-0.001511498,0.866024085,-0.5));
#1047=DIRECTION('',(-0.000872664,0.499999238,0.866025404));
#1048=AXIS2_PLACEMENT_3D('',#1045,#1046,#1047);
#1049=PLANE('',#1048);
#1050=ORIENTED_EDGE('',*,*,#998,.F.);
#1051=ORIENTED_EDGE('',*,*,#1005,.F.);
#1052=EDGE_LOOP('',(#1050,#1051));
#1053=FACE_BOUND('',#1052,.T.);
#1054=ORIENTED_EDGE('',*,*,#1030,.T.);
#1055=ORIENTED_EDGE('',*,*,#1037,.T.);
#1056=EDGE_LOOP('',(#1054,#1055));
#1057=FACE_BOUND('',#1056,.T.);
#1058=ADVANCED_FACE('',(#1053,#1057),#1049,.T.);
#1059=CARTESIAN_POINT('',(168.403048755,184.537866087,98.503395589));
#1060=DIRECTION('',(-0.000872664,0.499999239,0.866025404));
#1061=DIRECTION('',(0.001511498,-0.866024085,0.5));
#1062=AXIS2_PLACEMENT_3D('',#1059,#1060,#1061);
#1063=PLANE('',#1062);
#1064=ORIENTED_EDGE('',*,*,#526,.T.);
#1065=ORIENTED_EDGE('',*,*,#650,.F.);
#1066=ORIENTED_EDGE('',*,*,#391,.F.);
#1067=ORIENTED_EDGE('',*,*,#884,.T.);
#1068=EDGE_LOOP('',(#1064,#1065,#1066,#1067));
#1069=FACE_BOUND('',#1068,.T.);
#1070=ADVANCED_FACE('',(#1069),#1063,.F.);
#1071=CARTESIAN_POINT('',(227.67383058,109.257467337,91.451803155));
#1072=DIRECTION('',(-0.866024085,-0.001511498,0.5));
#1073=DIRECTION('',(-0.499999238,-0.000872664,-0.866025404));
#1074=AXIS2_PLACEMENT_3D('',#1071,#1072,#1073);
#1075=CYLINDRICAL_SURFACE('',#1074,1.1);
#1076=CARTESIAN_POINT('',(227.123831417,109.256507406,90.499175211));
#1077=VERTEX_POINT('',#1076);
#1078=CARTESIAN_POINT('',(223.659735079,109.250461413,92.499175211));
#1079=DIRECTION('',(0.866024085,0.001511498,-0.5));
#1080=VECTOR('',#1079,3.999999999);
#1081=LINE('',#1078,#1080);
#1082=EDGE_CURVE('',#183,#1077,#1081,.T.);
#1083=ORIENTED_EDGE('',*,*,#1082,.F.);
#1084=ORIENTED_EDGE('',*,*,#189,.F.);
#1085=ORIENTED_EDGE('',*,*,#196,.F.);
#1086=ORIENTED_EDGE('',*,*,#1082,.T.);
#1087=CARTESIAN_POINT('',(227.123835608,109.266107348,90.49921149));
#1088=VERTEX_POINT('',#1087);
#1089=CARTESIAN_POINT('',(227.67383058,109.257467337,91.451803155));
#1090=DIRECTION('',(0.866024085,0.001511498,-0.5));
#1091=DIRECTION('',(-0.499995429,0.007854556,-0.865992423));
#1092=AXIS2_PLACEMENT_3D('',#1089,#1090,#1091);
#1093=CIRCLE('',#1092,1.1);
#1094=EDGE_CURVE('',#1077,#1088,#1093,.T.);
#1095=ORIENTED_EDGE('',*,*,#1094,.T.);
#1096=CARTESIAN_POINT('',(227.67383058,109.257467337,91.451803155));
#1097=DIRECTION('',(0.866024085,0.001511498,-0.5));
#1098=DIRECTION('',(-0.499995429,0.007854556,-0.865992423));
#1099=AXIS2_PLACEMENT_3D('',#1096,#1097,#1098);
#1100=CIRCLE('',#1099,1.1);
#1101=EDGE_CURVE('',#1088,#1077,#1100,.T.);
#1102=ORIENTED_EDGE('',*,*,#1101,.T.);
#1103=EDGE_LOOP('',(#1083,#1084,#1085,#1086,#1095,#1102));
#1104=FACE_BOUND('',#1103,.T.);
#1105=ADVANCED_FACE('',(#1104),#1075,.F.);
#1106=CARTESIAN_POINT('',(227.67383058,109.257467337,91.451803155));
#1107=DIRECTION('',(-0.866024085,-0.001511498,0.5));
#1108=DIRECTION('',(-0.499999238,-0.000872664,-0.866025404));
#1109=AXIS2_PLACEMENT_3D('',#1106,#1107,#1108);
#1110=CYLINDRICAL_SURFACE('',#1109,1.8);
#1111=CARTESIAN_POINT('',(225.041783781,109.252873545,90.892957428));
#1112=VERTEX_POINT('',#1111);
#1113=CARTESIAN_POINT('',(226.773831951,109.255896541,89.892957428));
#1114=VERTEX_POINT('',#1113);
#1115=CARTESIAN_POINT('',(225.041783781,109.252873545,90.892957428));
#1116=DIRECTION('',(0.866024085,0.001511498,-0.5));
#1117=VECTOR('',#1116,2.);
#1118=LINE('',#1115,#1117);
#1119=EDGE_CURVE('',#1112,#1114,#1118,.T.);
#1120=ORIENTED_EDGE('',*,*,#1119,.T.);
#1121=CARTESIAN_POINT('',(226.773838808,109.271605537,89.893016793));
#1122=VERTEX_POINT('',#1121);
#1123=CARTESIAN_POINT('',(227.67383058,109.257467337,91.451803155));
#1124=DIRECTION('',(0.866024085,0.001511498,-0.5));
#1125=DIRECTION('',(-0.499995429,0.007854556,-0.865992423));
#1126=AXIS2_PLACEMENT_3D('',#1123,#1124,#1125);
#1127=CIRCLE('',#1126,1.8);
#1128=EDGE_CURVE('',#1122,#1114,#1127,.T.);
#1129=ORIENTED_EDGE('',*,*,#1128,.F.);
#1130=CARTESIAN_POINT('',(227.67383058,109.257467337,91.451803155));
#1131=DIRECTION('',(0.866024085,0.001511498,-0.5));
#1132=DIRECTION('',(-0.499995429,0.007854556,-0.865992423));
#1133=AXIS2_PLACEMENT_3D('',#1130,#1131,#1132);
#1134=CIRCLE('',#1133,1.8);
#1135=EDGE_CURVE('',#1114,#1122,#1134,.T.);
#1136=ORIENTED_EDGE('',*,*,#1135,.F.);
#1137=ORIENTED_EDGE('',*,*,#1119,.F.);
#1138=CARTESIAN_POINT('',(225.041790638,109.26858254,90.893016793));
#1139=VERTEX_POINT('',#1138);
#1140=CARTESIAN_POINT('',(225.94178241,109.25444434,92.451803155));
#1141=DIRECTION('',(0.866024085,0.001511498,-0.5));
#1142=DIRECTION('',(-0.499995429,0.007854556,-0.865992423));
#1143=AXIS2_PLACEMENT_3D('',#1140,#1141,#1142);
#1144=CIRCLE('',#1143,1.8);
#1145=EDGE_CURVE('',#1112,#1139,#1144,.T.);
#1146=ORIENTED_EDGE('',*,*,#1145,.T.);
#1147=CARTESIAN_POINT('',(225.94178241,109.25444434,92.451803155));
#1148=DIRECTION('',(0.866024085,0.001511498,-0.5));
#1149=DIRECTION('',(-0.499995429,0.007854556,-0.865992423));
#1150=AXIS2_PLACEMENT_3D('',#1147,#1148,#1149);
#1151=CIRCLE('',#1150,1.8);
#1152=EDGE_CURVE('',#1139,#1112,#1151,.T.);
#1153=ORIENTED_EDGE('',*,*,#1152,.T.);
#1154=EDGE_LOOP('',(#1120,#1129,#1136,#1137,#1146,#1153));
#1155=FACE_BOUND('',#1154,.T.);
#1156=ADVANCED_FACE('',(#1155),#1110,.T.);
#1157=CARTESIAN_POINT('',(214.157058651,405.334327082,68.935142656));
#1158=DIRECTION('',(0.866024085,0.001511498,-0.5));
#1159=DIRECTION('',(0.499999238,0.000872664,0.866025404));
#1160=AXIS2_PLACEMENT_3D('',#1157,#1158,#1159);
#1161=PLANE('',#1160);
#1162=ORIENTED_EDGE('',*,*,#1094,.F.);
#1163=ORIENTED_EDGE('',*,*,#1101,.F.);
#1164=EDGE_LOOP('',(#1162,#1163));
#1165=FACE_BOUND('',#1164,.T.);
#1166=ORIENTED_EDGE('',*,*,#1128,.T.);
#1167=ORIENTED_EDGE('',*,*,#1135,.T.);
#1168=EDGE_LOOP('',(#1166,#1167));
#1169=FACE_BOUND('',#1168,.T.);
#1170=ADVANCED_FACE('',(#1165,#1169),#1161,.T.);
#1171=CARTESIAN_POINT('',(241.674765454,137.381946402,115.787117001));
#1172=DIRECTION('',(-0.866024085,-0.001511498,0.5));
#1173=DIRECTION('',(-0.499999238,-0.000872664,-0.866025404));
#1174=AXIS2_PLACEMENT_3D('',#1171,#1172,#1173);
#1175=CYLINDRICAL_SURFACE('',#1174,1.1);
#1176=CARTESIAN_POINT('',(241.124766291,137.380986472,114.834489057));
#1177=VERTEX_POINT('',#1176);
#1178=CARTESIAN_POINT('',(237.660669952,137.374940478,116.834489057));
#1179=DIRECTION('',(0.866024085,0.001511498,-0.5));
#1180=VECTOR('',#1179,3.999999999);
#1181=LINE('',#1178,#1180);
#1182=EDGE_CURVE('',#203,#1177,#1181,.T.);
#1183=ORIENTED_EDGE('',*,*,#1182,.F.);
#1184=ORIENTED_EDGE('',*,*,#209,.F.);
#1185=ORIENTED_EDGE('',*,*,#216,.F.);
#1186=ORIENTED_EDGE('',*,*,#1182,.T.);
#1187=CARTESIAN_POINT('',(241.124770481,137.390586413,114.834525336));
#1188=VERTEX_POINT('',#1187);
#1189=CARTESIAN_POINT('',(241.674765453,137.381946402,115.787117001));
#1190=DIRECTION('',(0.866024085,0.001511498,-0.5));
#1191=DIRECTION('',(-0.499995429,0.007854556,-0.865992423));
#1192=AXIS2_PLACEMENT_3D('',#1189,#1190,#1191);
#1193=CIRCLE('',#1192,1.1);
#1194=EDGE_CURVE('',#1177,#1188,#1193,.T.);
#1195=ORIENTED_EDGE('',*,*,#1194,.T.);
#1196=CARTESIAN_POINT('',(241.674765453,137.381946402,115.787117001));
#1197=DIRECTION('',(0.866024085,0.001511498,-0.5));
#1198=DIRECTION('',(-0.499995429,0.007854556,-0.865992423));
#1199=AXIS2_PLACEMENT_3D('',#1196,#1197,#1198);
#1200=CIRCLE('',#1199,1.1);
#1201=EDGE_CURVE('',#1188,#1177,#1200,.T.);
#1202=ORIENTED_EDGE('',*,*,#1201,.T.);
#1203=EDGE_LOOP('',(#1183,#1184,#1185,#1186,#1195,#1202));
#1204=FACE_BOUND('',#1203,.T.);
#1205=ADVANCED_FACE('',(#1204),#1175,.F.);
#1206=CARTESIAN_POINT('',(241.674765454,137.381946402,115.787117001));
#1207=DIRECTION('',(-0.866024085,-0.001511498,0.5));
#1208=DIRECTION('',(-0.499999238,-0.000872664,-0.866025404));
#1209=AXIS2_PLACEMENT_3D('',#1206,#1207,#1208);
#1210=CYLINDRICAL_SURFACE('',#1209,1.8);
#1211=CARTESIAN_POINT('',(239.042718655,137.37735261,115.228271274));
#1212=VERTEX_POINT('',#1211);
#1213=CARTESIAN_POINT('',(240.774766824,137.380375607,114.228271274));
#1214=VERTEX_POINT('',#1213);
#1215=CARTESIAN_POINT('',(239.042718655,137.37735261,115.228271274));
#1216=DIRECTION('',(0.866024085,0.001511498,-0.5));
#1217=VECTOR('',#1216,2.);
#1218=LINE('',#1215,#1217);
#1219=EDGE_CURVE('',#1212,#1214,#1218,.T.);
#1220=ORIENTED_EDGE('',*,*,#1219,.T.);
#1221=CARTESIAN_POINT('',(240.774773681,137.396084603,114.228330639));
#1222=VERTEX_POINT('',#1221);
#1223=CARTESIAN_POINT('',(241.674765453,137.381946402,115.787117001));
#1224=DIRECTION('',(0.866024085,0.001511498,-0.5));
#1225=DIRECTION('',(-0.499995429,0.007854556,-0.865992423));
#1226=AXIS2_PLACEMENT_3D('',#1223,#1224,#1225);
#1227=CIRCLE('',#1226,1.8);
#1228=EDGE_CURVE('',#1222,#1214,#1227,.T.);
#1229=ORIENTED_EDGE('',*,*,#1228,.F.);
#1230=CARTESIAN_POINT('',(241.674765453,137.381946402,115.787117001));
#1231=DIRECTION('',(0.866024085,0.001511498,-0.5));
#1232=DIRECTION('',(-0.499995429,0.007854556,-0.865992423));
#1233=AXIS2_PLACEMENT_3D('',#1230,#1231,#1232);
#1234=CIRCLE('',#1233,1.8);
#1235=EDGE_CURVE('',#1214,#1222,#1234,.T.);
#1236=ORIENTED_EDGE('',*,*,#1235,.F.);
#1237=ORIENTED_EDGE('',*,*,#1219,.F.);
#1238=CARTESIAN_POINT('',(239.042725512,137.393061606,115.228330639));
#1239=VERTEX_POINT('',#1238);
#1240=CARTESIAN_POINT('',(239.942717284,137.378923405,116.787117001));
#1241=DIRECTION('',(0.866024085,0.001511498,-0.5));
#1242=DIRECTION('',(-0.499995429,0.007854556,-0.865992423));
#1243=AXIS2_PLACEMENT_3D('',#1240,#1241,#1242);
#1244=CIRCLE('',#1243,1.8);
#1245=EDGE_CURVE('',#1212,#1239,#1244,.T.);
#1246=ORIENTED_EDGE('',*,*,#1245,.T.);
#1247=CARTESIAN_POINT('',(239.942717284,137.378923405,116.787117001));
#1248=DIRECTION('',(0.866024085,0.001511498,-0.5));
#1249=DIRECTION('',(-0.499995429,0.007854556,-0.865992423));
#1250=AXIS2_PLACEMENT_3D('',#1247,#1248,#1249);
#1251=CIRCLE('',#1250,1.8);
#1252=EDGE_CURVE('',#1239,#1212,#1251,.T.);
#1253=ORIENTED_EDGE('',*,*,#1252,.T.);
#1254=EDGE_LOOP('',(#1220,#1229,#1236,#1237,#1246,#1253));
#1255=FACE_BOUND('',#1254,.T.);
#1256=ADVANCED_FACE('',(#1255),#1210,.T.);
#1257=CARTESIAN_POINT('',(214.157058651,405.334327082,68.935142656));
#1258=DIRECTION('',(0.866024085,0.001511498,-0.5));
#1259=DIRECTION('',(0.499999238,0.000872664,0.866025404));
#1260=AXIS2_PLACEMENT_3D('',#1257,#1258,#1259);
#1261=PLANE('',#1260);
#1262=ORIENTED_EDGE('',*,*,#1194,.F.);
#1263=ORIENTED_EDGE('',*,*,#1201,.F.);
#1264=EDGE_LOOP('',(#1262,#1263));
#1265=FACE_BOUND('',#1264,.T.);
#1266=ORIENTED_EDGE('',*,*,#1228,.T.);
#1267=ORIENTED_EDGE('',*,*,#1235,.T.);
#1268=EDGE_LOOP('',(#1266,#1267));
#1269=FACE_BOUND('',#1268,.T.);
#1270=ADVANCED_FACE('',(#1265,#1269),#1261,.T.);
#1271=CARTESIAN_POINT('',(227.624786853,137.357424538,91.451803155));
#1272=DIRECTION('',(-0.866024085,-0.001511498,0.5));
#1273=DIRECTION('',(-0.499999238,-0.000872664,-0.866025404));
#1274=AXIS2_PLACEMENT_3D('',#1271,#1272,#1273);
#1275=CYLINDRICAL_SURFACE('',#1274,1.1);
#1276=CARTESIAN_POINT('',(227.07478769,137.356464608,90.499175211));
#1277=VERTEX_POINT('',#1276);
#1278=CARTESIAN_POINT('',(223.610691352,137.350418614,92.499175211));
#1279=DIRECTION('',(0.866024085,0.001511498,-0.5));
#1280=VECTOR('',#1279,3.999999999);
#1281=LINE('',#1278,#1280);
#1282=EDGE_CURVE('',#223,#1277,#1281,.T.);
#1283=ORIENTED_EDGE('',*,*,#1282,.F.);
#1284=ORIENTED_EDGE('',*,*,#229,.F.);
#1285=ORIENTED_EDGE('',*,*,#236,.F.);
#1286=ORIENTED_EDGE('',*,*,#1282,.T.);
#1287=CARTESIAN_POINT('',(227.074791881,137.366064549,90.49921149));
#1288=VERTEX_POINT('',#1287);
#1289=CARTESIAN_POINT('',(227.624786852,137.357424538,91.451803155));
#1290=DIRECTION('',(0.866024085,0.001511498,-0.5));
#1291=DIRECTION('',(-0.499995429,0.007854556,-0.865992423));
#1292=AXIS2_PLACEMENT_3D('',#1289,#1290,#1291);
#1293=CIRCLE('',#1292,1.1);
#1294=EDGE_CURVE('',#1277,#1288,#1293,.T.);
#1295=ORIENTED_EDGE('',*,*,#1294,.T.);
#1296=CARTESIAN_POINT('',(227.624786852,137.357424538,91.451803155));
#1297=DIRECTION('',(0.866024085,0.001511498,-0.5));
#1298=DIRECTION('',(-0.499995429,0.007854556,-0.865992423));
#1299=AXIS2_PLACEMENT_3D('',#1296,#1297,#1298);
#1300=CIRCLE('',#1299,1.1);
#1301=EDGE_CURVE('',#1288,#1277,#1300,.T.);
#1302=ORIENTED_EDGE('',*,*,#1301,.T.);
#1303=EDGE_LOOP('',(#1283,#1284,#1285,#1286,#1295,#1302));
#1304=FACE_BOUND('',#1303,.T.);
#1305=ADVANCED_FACE('',(#1304),#1275,.F.);
#1306=CARTESIAN_POINT('',(227.624786853,137.357424538,91.451803155));
#1307=DIRECTION('',(-0.866024085,-0.001511498,0.5));
#1308=DIRECTION('',(-0.499999238,-0.000872664,-0.866025404));
#1309=AXIS2_PLACEMENT_3D('',#1306,#1307,#1308);
#1310=CYLINDRICAL_SURFACE('',#1309,1.8);
#1311=CARTESIAN_POINT('',(224.992740054,137.352830746,90.892957428));
#1312=VERTEX_POINT('',#1311);
#1313=CARTESIAN_POINT('',(226.724788224,137.355853743,89.892957428));
#1314=VERTEX_POINT('',#1313);
#1315=CARTESIAN_POINT('',(224.992740054,137.352830746,90.892957428));
#1316=DIRECTION('',(0.866024085,0.001511498,-0.5));
#1317=VECTOR('',#1316,2.);
#1318=LINE('',#1315,#1317);
#1319=EDGE_CURVE('',#1312,#1314,#1318,.T.);
#1320=ORIENTED_EDGE('',*,*,#1319,.T.);
#1321=CARTESIAN_POINT('',(226.724795081,137.371562738,89.893016793));
#1322=VERTEX_POINT('',#1321);
#1323=CARTESIAN_POINT('',(227.624786853,137.357424538,91.451803155));
#1324=DIRECTION('',(0.866024085,0.001511498,-0.5));
#1325=DIRECTION('',(-0.499995429,0.007854556,-0.865992423));
#1326=AXIS2_PLACEMENT_3D('',#1323,#1324,#1325);
#1327=CIRCLE('',#1326,1.8);
#1328=EDGE_CURVE('',#1322,#1314,#1327,.T.);
#1329=ORIENTED_EDGE('',*,*,#1328,.F.);
#1330=CARTESIAN_POINT('',(227.624786853,137.357424538,91.451803155));
#1331=DIRECTION('',(0.866024085,0.001511498,-0.5));
#1332=DIRECTION('',(-0.499995429,0.007854556,-0.865992423));
#1333=AXIS2_PLACEMENT_3D('',#1330,#1331,#1332);
#1334=CIRCLE('',#1333,1.8);
#1335=EDGE_CURVE('',#1314,#1322,#1334,.T.);
#1336=ORIENTED_EDGE('',*,*,#1335,.F.);
#1337=ORIENTED_EDGE('',*,*,#1319,.F.);
#1338=CARTESIAN_POINT('',(224.992746911,137.368539742,90.893016793));
#1339=VERTEX_POINT('',#1338);
#1340=CARTESIAN_POINT('',(225.892738683,137.354401541,92.451803155));
#1341=DIRECTION('',(0.866024085,0.001511498,-0.5));
#1342=DIRECTION('',(-0.499995429,0.007854556,-0.865992423));
#1343=AXIS2_PLACEMENT_3D('',#1340,#1341,#1342);
#1344=CIRCLE('',#1343,1.8);
#1345=EDGE_CURVE('',#1312,#1339,#1344,.T.);
#1346=ORIENTED_EDGE('',*,*,#1345,.T.);
#1347=CARTESIAN_POINT('',(225.892738683,137.354401541,92.451803155));
#1348=DIRECTION('',(0.866024085,0.001511498,-0.5));
#1349=DIRECTION('',(-0.499995429,0.007854556,-0.865992423));
#1350=AXIS2_PLACEMENT_3D('',#1347,#1348,#1349);
#1351=CIRCLE('',#1350,1.8);
#1352=EDGE_CURVE('',#1339,#1312,#1351,.T.);
#1353=ORIENTED_EDGE('',*,*,#1352,.T.);
#1354=EDGE_LOOP('',(#1320,#1329,#1336,#1337,#1346,#1353));
#1355=FACE_BOUND('',#1354,.T.);
#1356=ADVANCED_FACE('',(#1355),#1310,.T.);
#1357=CARTESIAN_POINT('',(214.157058651,405.334327082,68.935142656));
#1358=DIRECTION('',(0.866024085,0.001511498,-0.5));
#1359=DIRECTION('',(0.499999238,0.000872664,0.866025404));
#1360=AXIS2_PLACEMENT_3D('',#1357,#1358,#1359);
#1361=PLANE('',#1360);
#1362=ORIENTED_EDGE('',*,*,#1294,.F.);
#1363=ORIENTED_EDGE('',*,*,#1301,.F.);
#1364=EDGE_LOOP('',(#1362,#1363));
#1365=FACE_BOUND('',#1364,.T.);
#1366=ORIENTED_EDGE('',*,*,#1328,.T.);
#1367=ORIENTED_EDGE('',*,*,#1335,.T.);
#1368=EDGE_LOOP('',(#1366,#1367));
#1369=FACE_BOUND('',#1368,.T.);
#1370=ADVANCED_FACE('',(#1365,#1369),#1361,.T.);
#1371=CARTESIAN_POINT('',(211.558844952,325.147384739,68.192506457));
#1372=DIRECTION('',(0.866024085,0.001511498,-0.5));
#1373=DIRECTION('',(0.499999238,0.000872664,0.866025404));
#1374=AXIS2_PLACEMENT_3D('',#1371,#1372,#1373);
#1375=PLANE('',#1374);
#1376=ORIENTED_EDGE('',*,*,#145,.F.);
#1377=ORIENTED_EDGE('',*,*,#152,.F.);
#1378=EDGE_LOOP('',(#1376,#1377));
#1379=FACE_BOUND('',#1378,.T.);
#1380=ORIENTED_EDGE('',*,*,#1145,.F.);
#1381=ORIENTED_EDGE('',*,*,#1152,.F.);
#1382=EDGE_LOOP('',(#1380,#1381));
#1383=FACE_BOUND('',#1382,.T.);
#1384=ORIENTED_EDGE('',*,*,#1245,.F.);
#1385=ORIENTED_EDGE('',*,*,#1252,.F.);
#1386=EDGE_LOOP('',(#1384,#1385));
#1387=FACE_BOUND('',#1386,.T.);
#1388=ORIENTED_EDGE('',*,*,#1345,.F.);
#1389=ORIENTED_EDGE('',*,*,#1352,.F.);
#1390=EDGE_LOOP('',(#1388,#1389));
#1391=FACE_BOUND('',#1390,.T.);
#1392=CARTESIAN_POINT('',(229.392175961,134.178218894,98.503395623));
#1393=VERTEX_POINT('',#1392);
#1394=CARTESIAN_POINT('',(224.392183603,134.169492254,89.843141568));
#1395=VERTEX_POINT('',#1394);
#1396=CARTESIAN_POINT('',(229.392175961,134.178218895,98.503395623));
#1397=DIRECTION('',(-0.499999238,-0.000872664,-0.866025404));
#1398=VECTOR('',#1397,10.000000002);
#1399=LINE('',#1396,#1398);
#1400=EDGE_CURVE('',#1393,#1395,#1399,.T.);
#1401=ORIENTED_EDGE('',*,*,#1400,.T.);
#1402=CARTESIAN_POINT('',(224.381711634,140.169483114,89.843141568));
#1403=VERTEX_POINT('',#1402);
#1404=CARTESIAN_POINT('',(224.381711662,140.169483114,89.843141553));
#1405=DIRECTION('',(0.001745328,-0.999998477,-0.));
#1406=VECTOR('',#1405,5.999999999);
#1407=LINE('',#1404,#1406);
#1408=EDGE_CURVE('',#1403,#1395,#1407,.T.);
#1409=ORIENTED_EDGE('',*,*,#1408,.F.);
#1410=CARTESIAN_POINT('',(242.309228467,140.20077256,120.894558934));
#1411=VERTEX_POINT('',#1410);
#1412=CARTESIAN_POINT('',(224.381711608,140.169483115,89.843141583));
#1413=DIRECTION('',(0.499999238,0.000872664,0.866025404));
#1414=VECTOR('',#1413,35.855088331);
#1415=LINE('',#1412,#1414);
#1416=EDGE_CURVE('',#1403,#1411,#1415,.T.);
#1417=ORIENTED_EDGE('',*,*,#1416,.T.);
#1418=CARTESIAN_POINT('',(242.36856966,106.200824348,120.894558926));
#1419=VERTEX_POINT('',#1418);
#1420=CARTESIAN_POINT('',(242.309228476,140.20077256,120.89455895));
#1421=DIRECTION('',(0.001745328,-0.999998477,-0.));
#1422=VECTOR('',#1421,33.999999997);
#1423=LINE('',#1420,#1422);
#1424=EDGE_CURVE('',#1411,#1419,#1423,.T.);
#1425=ORIENTED_EDGE('',*,*,#1424,.T.);
#1426=CARTESIAN_POINT('',(224.441052794,106.1695349,89.84314157));
#1427=VERTEX_POINT('',#1426);
#1428=CARTESIAN_POINT('',(224.441052825,106.169534904,89.843141551));
#1429=DIRECTION('',(0.499999238,0.000872664,0.866025404));
#1430=VECTOR('',#1429,35.85508834);
#1431=LINE('',#1428,#1430);
#1432=EDGE_CURVE('',#1427,#1419,#1431,.T.);
#1433=ORIENTED_EDGE('',*,*,#1432,.F.);
#1434=CARTESIAN_POINT('',(224.430580794,112.169525761,89.843141588));
#1435=VERTEX_POINT('',#1434);
#1436=CARTESIAN_POINT('',(224.441052762,106.1695349,89.843141589));
#1437=DIRECTION('',(-0.001745328,0.999998477,0.));
#1438=VECTOR('',#1437,5.999999999);
#1439=LINE('',#1436,#1438);
#1440=EDGE_CURVE('',#1427,#1435,#1439,.T.);
#1441=ORIENTED_EDGE('',*,*,#1440,.T.);
#1442=CARTESIAN_POINT('',(229.430573177,112.1782524,98.503395624));
#1443=VERTEX_POINT('',#1442);
#1444=CARTESIAN_POINT('',(224.430580794,112.16952576,89.843141588));
#1445=DIRECTION('',(0.499999238,0.000872664,0.866025404));
#1446=VECTOR('',#1445,9.999999997);
#1447=LINE('',#1444,#1446);
#1448=EDGE_CURVE('',#1435,#1443,#1447,.T.);
#1449=ORIENTED_EDGE('',*,*,#1448,.T.);
#1450=CARTESIAN_POINT('',(229.430573178,112.1782524,98.503395625));
#1451=DIRECTION('',(-0.001745328,0.999998477,0.));
#1452=VECTOR('',#1451,22.000000002);
#1453=LINE('',#1450,#1452);
#1454=EDGE_CURVE('',#1443,#1393,#1453,.T.);
#1455=ORIENTED_EDGE('',*,*,#1454,.T.);
#1456=EDGE_LOOP('',(#1401,#1409,#1417,#1425,#1433,#1441,#1449,#1455));
#1457=FACE_BOUND('',#1456,.T.);
#1458=ADVANCED_FACE('',(#1379,#1383,#1387,#1391,#1457),#1375,.T.);
#1459=CARTESIAN_POINT('',(227.180576667,112.174325414,94.606281272));
#1460=DIRECTION('',(0.001745328,-0.999998477,0.));
#1461=DIRECTION('',(0.866024085,0.001511498,-0.5));
#1462=AXIS2_PLACEMENT_3D('',#1459,#1460,#1461);
#1463=PLANE('',#1462);
#1464=ORIENTED_EDGE('',*,*,#296,.T.);
#1465=CARTESIAN_POINT('',(229.430573176,112.178252402,98.503395623));
#1466=DIRECTION('',(-0.866024085,-0.001511498,0.5));
#1467=VECTOR('',#1466,1.999999928);
#1468=LINE('',#1465,#1467);
#1469=EDGE_CURVE('',#1443,#283,#1468,.T.);
#1470=ORIENTED_EDGE('',*,*,#1469,.F.);
#1471=ORIENTED_EDGE('',*,*,#1448,.F.);
#1472=CARTESIAN_POINT('',(224.430580794,112.169525762,89.843141588));
#1473=DIRECTION('',(-0.866024085,-0.001511498,0.5));
#1474=VECTOR('',#1473,1.999999928);
#1475=LINE('',#1472,#1474);
#1476=EDGE_CURVE('',#1435,#291,#1475,.T.);
#1477=ORIENTED_EDGE('',*,*,#1476,.T.);
#1478=EDGE_LOOP('',(#1464,#1470,#1471,#1477));
#1479=FACE_BOUND('',#1478,.T.);
#1480=ADVANCED_FACE('',(#1479),#1463,.F.);
#1481=CARTESIAN_POINT('',(229.411374628,123.178235648,98.503395589));
#1482=DIRECTION('',(0.499999239,0.000872664,0.866025404));
#1483=DIRECTION('',(-0.866024085,-0.001511498,0.5));
#1484=AXIS2_PLACEMENT_3D('',#1481,#1482,#1483);
#1485=PLANE('',#1484);
#1486=ORIENTED_EDGE('',*,*,#288,.T.);
#1487=CARTESIAN_POINT('',(229.39217596,134.178218893,98.503395621));
#1488=DIRECTION('',(-0.866024085,-0.001511498,0.5));
#1489=VECTOR('',#1488,1.999999931);
#1490=LINE('',#1487,#1489);
#1491=EDGE_CURVE('',#1393,#275,#1490,.T.);
#1492=ORIENTED_EDGE('',*,*,#1491,.F.);
#1493=ORIENTED_EDGE('',*,*,#1454,.F.);
#1494=ORIENTED_EDGE('',*,*,#1469,.T.);
#1495=EDGE_LOOP('',(#1486,#1492,#1493,#1494));
#1496=FACE_BOUND('',#1495,.T.);
#1497=ADVANCED_FACE('',(#1496),#1485,.F.);
#1498=CARTESIAN_POINT('',(227.142179443,134.174291905,94.606281272));
#1499=DIRECTION('',(-0.001745328,0.999998477,-0.));
#1500=DIRECTION('',(-0.866024085,-0.001511498,0.5));
#1501=AXIS2_PLACEMENT_3D('',#1498,#1499,#1500);
#1502=PLANE('',#1501);
#1503=ORIENTED_EDGE('',*,*,#280,.T.);
#1504=CARTESIAN_POINT('',(224.392183603,134.169492253,89.843141568));
#1505=DIRECTION('',(-0.866024085,-0.001511498,0.5));
#1506=VECTOR('',#1505,2.000000012);
#1507=LINE('',#1504,#1506);
#1508=EDGE_CURVE('',#1395,#267,#1507,.T.);
#1509=ORIENTED_EDGE('',*,*,#1508,.F.);
#1510=ORIENTED_EDGE('',*,*,#1400,.F.);
#1511=ORIENTED_EDGE('',*,*,#1491,.T.);
#1512=EDGE_LOOP('',(#1503,#1509,#1510,#1511));
#1513=FACE_BOUND('',#1512,.T.);
#1514=ADVANCED_FACE('',(#1513),#1502,.F.);
#1515=CARTESIAN_POINT('',(236.191034929,106.190042508,110.19473854));
#1516=DIRECTION('',(0.001745328,-0.999998477,0.));
#1517=DIRECTION('',(0.866024085,0.001511498,-0.5));
#1518=AXIS2_PLACEMENT_3D('',#1515,#1516,#1517);
#1519=PLANE('',#1518);
#1520=ORIENTED_EDGE('',*,*,#1432,.T.);
#1521=CARTESIAN_POINT('',(238.059175182,106.19330303,120.894558918));
#1522=VERTEX_POINT('',#1521);
#1523=CARTESIAN_POINT('',(242.36856966,106.200824348,120.894558918));
#1524=DIRECTION('',(-0.999998477,-0.001745328,0.));
#1525=VECTOR('',#1524,4.309401042);
#1526=LINE('',#1523,#1525);
#1527=EDGE_CURVE('',#1419,#1522,#1526,.T.);
#1528=ORIENTED_EDGE('',*,*,#1527,.T.);
#1529=CARTESIAN_POINT('',(238.059175182,106.19330303,120.894558918));
#1530=DIRECTION('',(0.499999238,0.000872664,-0.866025404));
#1531=VECTOR('',#1530,1.999999898);
#1532=LINE('',#1529,#1531);
#1533=EDGE_CURVE('',#1522,#243,#1532,.T.);
#1534=ORIENTED_EDGE('',*,*,#1533,.T.);
#1535=ORIENTED_EDGE('',*,*,#248,.F.);
#1536=CARTESIAN_POINT('',(224.441052793,106.169534899,89.843141569));
#1537=DIRECTION('',(-0.866024085,-0.001511498,0.5));
#1538=VECTOR('',#1537,2.000000013);
#1539=LINE('',#1536,#1538);
#1540=EDGE_CURVE('',#1427,#241,#1539,.T.);
#1541=ORIENTED_EDGE('',*,*,#1540,.F.);
#1542=EDGE_LOOP('',(#1520,#1528,#1534,#1535,#1541));
#1543=FACE_BOUND('',#1542,.T.);
#1544=ADVANCED_FACE('',(#1543),#1519,.T.);
#1545=CARTESIAN_POINT('',(224.434944176,109.669529568,89.843141552));
#1546=DIRECTION('',(0.499999239,0.000872664,0.866025404));
#1547=DIRECTION('',(-0.866024085,-0.001511498,0.5));
#1548=AXIS2_PLACEMENT_3D('',#1545,#1546,#1547);
#1549=PLANE('',#1548);
#1550=ORIENTED_EDGE('',*,*,#302,.T.);
#1551=ORIENTED_EDGE('',*,*,#1476,.F.);
#1552=ORIENTED_EDGE('',*,*,#1440,.F.);
#1553=ORIENTED_EDGE('',*,*,#1540,.T.);
#1554=EDGE_LOOP('',(#1550,#1551,#1552,#1553));
#1555=FACE_BOUND('',#1554,.T.);
#1556=ADVANCED_FACE('',(#1555),#1549,.F.);
#1557=CARTESIAN_POINT('',(224.631711281,140.169919446,90.276154253));
#1558=DIRECTION('',(0.001745328,-0.999998477,0.));
#1559=DIRECTION('',(0.866024085,0.001511498,-0.5));
#1560=AXIS2_PLACEMENT_3D('',#1557,#1558,#1559);
#1561=PLANE('',#1560);
#1562=CARTESIAN_POINT('',(237.999834018,140.193251243,120.894558918));
#1563=VERTEX_POINT('',#1562);
#1564=CARTESIAN_POINT('',(242.309228467,140.200772566,120.894558918));
#1565=DIRECTION('',(-0.999998477,-0.001745328,0.));
#1566=VECTOR('',#1565,4.309401013);
#1567=LINE('',#1564,#1566);
#1568=EDGE_CURVE('',#1411,#1563,#1567,.T.);
#1569=ORIENTED_EDGE('',*,*,#1568,.F.);
#1570=ORIENTED_EDGE('',*,*,#1416,.F.);
#1571=CARTESIAN_POINT('',(224.381711634,140.169483114,89.843141568));
#1572=DIRECTION('',(-0.866024085,-0.001511498,0.5));
#1573=VECTOR('',#1572,2.000000013);
#1574=LINE('',#1571,#1573);
#1575=EDGE_CURVE('',#1403,#259,#1574,.T.);
#1576=ORIENTED_EDGE('',*,*,#1575,.T.);
#1577=ORIENTED_EDGE('',*,*,#264,.T.);
#1578=CARTESIAN_POINT('',(238.999832474,140.194996568,119.162508146));
#1579=DIRECTION('',(-0.499999238,-0.000872664,0.866025404));
#1580=VECTOR('',#1579,1.999999959);
#1581=LINE('',#1578,#1580);
#1582=EDGE_CURVE('',#251,#1563,#1581,.T.);
#1583=ORIENTED_EDGE('',*,*,#1582,.T.);
#1584=EDGE_LOOP('',(#1569,#1570,#1576,#1577,#1583));
#1585=FACE_BOUND('',#1584,.T.);
#1586=ADVANCED_FACE('',(#1585),#1561,.F.);
#1587=CARTESIAN_POINT('',(224.387820311,136.669488446,89.843141552));
#1588=DIRECTION('',(-0.499999239,-0.000872664,-0.866025404));
#1589=DIRECTION('',(0.866024085,0.001511498,-0.5));
#1590=AXIS2_PLACEMENT_3D('',#1587,#1588,#1589);
#1591=PLANE('',#1590);
#1592=ORIENTED_EDGE('',*,*,#272,.F.);
#1593=ORIENTED_EDGE('',*,*,#1575,.F.);
#1594=ORIENTED_EDGE('',*,*,#1408,.T.);
#1595=ORIENTED_EDGE('',*,*,#1508,.T.);
#1596=EDGE_LOOP('',(#1592,#1593,#1594,#1595));
#1597=FACE_BOUND('',#1596,.T.);
#1598=ADVANCED_FACE('',(#1597),#1591,.T.);
#1599=CARTESIAN_POINT('',(154.130975878,63.907453824,91.451803155));
#1600=DIRECTION('',(-0.001511498,0.866024085,0.5));
#1601=DIRECTION('',(-0.000872664,0.499999238,-0.866025404));
#1602=AXIS2_PLACEMENT_3D('',#1599,#1600,#1601);
#1603=CYLINDRICAL_SURFACE('',#1602,1.1);
#1604=CARTESIAN_POINT('',(154.123969955,67.921549325,92.499175211));
#1605=VERTEX_POINT('',#1604);
#1606=CARTESIAN_POINT('',(154.130015948,64.457452987,90.499175211));
#1607=VERTEX_POINT('',#1606);
#1608=CARTESIAN_POINT('',(154.123969955,67.921549325,92.499175211));
#1609=DIRECTION('',(0.001511498,-0.866024085,-0.5));
#1610=VECTOR('',#1609,3.999999999);
#1611=LINE('',#1608,#1610);
#1612=EDGE_CURVE('',#1605,#1607,#1611,.T.);
#1613=ORIENTED_EDGE('',*,*,#1612,.F.);
#1614=CARTESIAN_POINT('',(154.133569896,67.921545135,92.499211489));
#1615=VERTEX_POINT('',#1614);
#1616=CARTESIAN_POINT('',(154.124929885,67.371550163,93.451803155));
#1617=DIRECTION('',(0.001511498,-0.866024085,-0.5));
#1618=DIRECTION('',(0.007854556,0.499995429,-0.865992423));
#1619=AXIS2_PLACEMENT_3D('',#1616,#1617,#1618);
#1620=CIRCLE('',#1619,1.1);
#1621=EDGE_CURVE('',#1615,#1605,#1620,.T.);
#1622=ORIENTED_EDGE('',*,*,#1621,.F.);
#1623=CARTESIAN_POINT('',(154.124929885,67.371550163,93.451803155));
#1624=DIRECTION('',(0.001511498,-0.866024085,-0.5));
#1625=DIRECTION('',(0.007854556,0.499995429,-0.865992423));
#1626=AXIS2_PLACEMENT_3D('',#1623,#1624,#1625);
#1627=CIRCLE('',#1626,1.1);
#1628=EDGE_CURVE('',#1605,#1615,#1627,.T.);
#1629=ORIENTED_EDGE('',*,*,#1628,.F.);
#1630=ORIENTED_EDGE('',*,*,#1612,.T.);
#1631=CARTESIAN_POINT('',(154.13961589,64.457448796,90.49921149));
#1632=VERTEX_POINT('',#1631);
#1633=CARTESIAN_POINT('',(154.130975878,63.907453824,91.451803155));
#1634=DIRECTION('',(0.001511498,-0.866024085,-0.5));
#1635=DIRECTION('',(0.007854556,0.499995429,-0.865992423));
#1636=AXIS2_PLACEMENT_3D('',#1633,#1634,#1635);
#1637=CIRCLE('',#1636,1.1);
#1638=EDGE_CURVE('',#1607,#1632,#1637,.T.);
#1639=ORIENTED_EDGE('',*,*,#1638,.T.);
#1640=CARTESIAN_POINT('',(154.130975878,63.907453824,91.451803155));
#1641=DIRECTION('',(0.001511498,-0.866024085,-0.5));
#1642=DIRECTION('',(0.007854556,0.499995429,-0.865992423));
#1643=AXIS2_PLACEMENT_3D('',#1640,#1641,#1642);
#1644=CIRCLE('',#1643,1.1);
#1645=EDGE_CURVE('',#1632,#1607,#1644,.T.);
#1646=ORIENTED_EDGE('',*,*,#1645,.T.);
#1647=EDGE_LOOP('',(#1613,#1622,#1629,#1630,#1639,#1646));
#1648=FACE_BOUND('',#1647,.T.);
#1649=ADVANCED_FACE('',(#1648),#1603,.F.);
#1650=CARTESIAN_POINT('',(154.130975878,63.907453824,91.451803155));
#1651=DIRECTION('',(-0.001511498,0.866024085,0.5));
#1652=DIRECTION('',(-0.000872664,0.499999238,-0.866025404));
#1653=AXIS2_PLACEMENT_3D('',#1650,#1651,#1652);
#1654=CYLINDRICAL_SURFACE('',#1653,1.8);
#1655=CARTESIAN_POINT('',(154.126382087,66.539500623,90.892957428));
#1656=VERTEX_POINT('',#1655);
#1657=CARTESIAN_POINT('',(154.129405083,64.807452453,89.892957428));
#1658=VERTEX_POINT('',#1657);
#1659=CARTESIAN_POINT('',(154.126382087,66.539500623,90.892957428));
#1660=DIRECTION('',(0.001511498,-0.866024085,-0.5));
#1661=VECTOR('',#1660,2.);
#1662=LINE('',#1659,#1661);
#1663=EDGE_CURVE('',#1656,#1658,#1662,.T.);
#1664=ORIENTED_EDGE('',*,*,#1663,.T.);
#1665=CARTESIAN_POINT('',(154.145114079,64.807445596,89.893016793));
#1666=VERTEX_POINT('',#1665);
#1667=CARTESIAN_POINT('',(154.130975878,63.907453824,91.451803155));
#1668=DIRECTION('',(0.001511498,-0.866024085,-0.5));
#1669=DIRECTION('',(0.007854556,0.499995429,-0.865992423));
#1670=AXIS2_PLACEMENT_3D('',#1667,#1668,#1669);
#1671=CIRCLE('',#1670,1.8);
#1672=EDGE_CURVE('',#1666,#1658,#1671,.T.);
#1673=ORIENTED_EDGE('',*,*,#1672,.F.);
#1674=CARTESIAN_POINT('',(154.130975878,63.907453824,91.451803155));
#1675=DIRECTION('',(0.001511498,-0.866024085,-0.5));
#1676=DIRECTION('',(0.007854556,0.499995429,-0.865992423));
#1677=AXIS2_PLACEMENT_3D('',#1674,#1675,#1676);
#1678=CIRCLE('',#1677,1.8);
#1679=EDGE_CURVE('',#1658,#1666,#1678,.T.);
#1680=ORIENTED_EDGE('',*,*,#1679,.F.);
#1681=ORIENTED_EDGE('',*,*,#1663,.F.);
#1682=CARTESIAN_POINT('',(154.142091082,66.539493766,90.893016793));
#1683=VERTEX_POINT('',#1682);
#1684=CARTESIAN_POINT('',(154.127952882,65.639501994,92.451803155));
#1685=DIRECTION('',(0.001511498,-0.866024085,-0.5));
#1686=DIRECTION('',(0.007854556,0.499995429,-0.865992423));
#1687=AXIS2_PLACEMENT_3D('',#1684,#1685,#1686);
#1688=CIRCLE('',#1687,1.8);
#1689=EDGE_CURVE('',#1656,#1683,#1688,.T.);
#1690=ORIENTED_EDGE('',*,*,#1689,.T.);
#1691=CARTESIAN_POINT('',(154.127952882,65.639501994,92.451803155));
#1692=DIRECTION('',(0.001511498,-0.866024085,-0.5));
#1693=DIRECTION('',(0.007854556,0.499995429,-0.865992423));
#1694=AXIS2_PLACEMENT_3D('',#1691,#1692,#1693);
#1695=CIRCLE('',#1694,1.8);
#1696=EDGE_CURVE('',#1683,#1656,#1695,.T.);
#1697=ORIENTED_EDGE('',*,*,#1696,.T.);
#1698=EDGE_LOOP('',(#1664,#1673,#1680,#1681,#1690,#1697));
#1699=FACE_BOUND('',#1698,.T.);
#1700=ADVANCED_FACE('',(#1699),#1654,.T.);
#1701=CARTESIAN_POINT('',(450.207835624,77.424225753,68.935142656));
#1702=DIRECTION('',(0.001511498,-0.866024085,-0.5));
#1703=DIRECTION('',(0.000872664,-0.499999238,0.866025404));
#1704=AXIS2_PLACEMENT_3D('',#1701,#1702,#1703);
#1705=PLANE('',#1704);
#1706=ORIENTED_EDGE('',*,*,#1638,.F.);
#1707=ORIENTED_EDGE('',*,*,#1645,.F.);
#1708=EDGE_LOOP('',(#1706,#1707));
#1709=FACE_BOUND('',#1708,.T.);
#1710=ORIENTED_EDGE('',*,*,#1672,.T.);
#1711=ORIENTED_EDGE('',*,*,#1679,.T.);
#1712=EDGE_LOOP('',(#1710,#1711));
#1713=FACE_BOUND('',#1712,.T.);
#1714=ADVANCED_FACE('',(#1709,#1713),#1705,.T.);
#1715=CARTESIAN_POINT('',(450.201789628,80.888322092,70.935142656));
#1716=DIRECTION('',(0.001511498,-0.866024085,-0.5));
#1717=DIRECTION('',(0.000872664,-0.499999238,0.866025404));
#1718=AXIS2_PLACEMENT_3D('',#1715,#1716,#1717);
#1719=PLANE('',#1718);
#1720=ORIENTED_EDGE('',*,*,#1621,.T.);
#1721=ORIENTED_EDGE('',*,*,#1628,.T.);
#1722=EDGE_LOOP('',(#1720,#1721));
#1723=FACE_BOUND('',#1722,.T.);
#1724=CARTESIAN_POINT('',(154.158091759,53.871566534,116.834525335));
#1725=VERTEX_POINT('',#1724);
#1726=CARTESIAN_POINT('',(154.148491818,53.871570725,116.834489057));
#1727=VERTEX_POINT('',#1726);
#1728=CARTESIAN_POINT('',(154.149451748,53.321571562,117.787117001));
#1729=DIRECTION('',(0.001511498,-0.866024085,-0.5));
#1730=DIRECTION('',(0.007854556,0.499995429,-0.865992423));
#1731=AXIS2_PLACEMENT_3D('',#1728,#1729,#1730);
#1732=CIRCLE('',#1731,1.1);
#1733=EDGE_CURVE('',#1725,#1727,#1732,.T.);
#1734=ORIENTED_EDGE('',*,*,#1733,.T.);
#1735=CARTESIAN_POINT('',(154.149451748,53.321571562,117.787117001));
#1736=DIRECTION('',(0.001511498,-0.866024085,-0.5));
#1737=DIRECTION('',(0.007854556,0.499995429,-0.865992423));
#1738=AXIS2_PLACEMENT_3D('',#1735,#1736,#1737);
#1739=CIRCLE('',#1738,1.1);
#1740=EDGE_CURVE('',#1727,#1725,#1739,.T.);
#1741=ORIENTED_EDGE('',*,*,#1740,.T.);
#1742=EDGE_LOOP('',(#1734,#1741));
#1743=FACE_BOUND('',#1742,.T.);
#1744=CARTESIAN_POINT('',(182.258048961,53.920610261,116.834525335));
#1745=VERTEX_POINT('',#1744);
#1746=CARTESIAN_POINT('',(182.248449019,53.920614452,116.834489057));
#1747=VERTEX_POINT('',#1746);
#1748=CARTESIAN_POINT('',(182.249408949,53.370615289,117.787117001));
#1749=DIRECTION('',(0.001511498,-0.866024085,-0.5));
#1750=DIRECTION('',(0.007854556,0.499995429,-0.865992423));
#1751=AXIS2_PLACEMENT_3D('',#1748,#1749,#1750);
#1752=CIRCLE('',#1751,1.1);
#1753=EDGE_CURVE('',#1745,#1747,#1752,.T.);
#1754=ORIENTED_EDGE('',*,*,#1753,.T.);
#1755=CARTESIAN_POINT('',(182.249408949,53.370615289,117.787117001));
#1756=DIRECTION('',(0.001511498,-0.866024085,-0.5));
#1757=DIRECTION('',(0.007854556,0.499995429,-0.865992423));
#1758=AXIS2_PLACEMENT_3D('',#1755,#1756,#1757);
#1759=CIRCLE('',#1758,1.1);
#1760=EDGE_CURVE('',#1747,#1745,#1759,.T.);
#1761=ORIENTED_EDGE('',*,*,#1760,.T.);
#1762=EDGE_LOOP('',(#1754,#1761));
#1763=FACE_BOUND('',#1762,.T.);
#1764=CARTESIAN_POINT('',(182.233527098,67.970588862,92.499211489));
#1765=VERTEX_POINT('',#1764);
#1766=CARTESIAN_POINT('',(182.223927156,67.970593052,92.499175211));
#1767=VERTEX_POINT('',#1766);
#1768=CARTESIAN_POINT('',(182.224887086,67.42059389,93.451803155));
#1769=DIRECTION('',(0.001511498,-0.866024085,-0.5));
#1770=DIRECTION('',(0.007854556,0.499995429,-0.865992423));
#1771=AXIS2_PLACEMENT_3D('',#1768,#1769,#1770);
#1772=CIRCLE('',#1771,1.1);
#1773=EDGE_CURVE('',#1765,#1767,#1772,.T.);
#1774=ORIENTED_EDGE('',*,*,#1773,.T.);
#1775=CARTESIAN_POINT('',(182.224887086,67.42059389,93.451803155));
#1776=DIRECTION('',(0.001511498,-0.866024085,-0.5));
#1777=DIRECTION('',(0.007854556,0.499995429,-0.865992423));
#1778=AXIS2_PLACEMENT_3D('',#1775,#1776,#1777);
#1779=CIRCLE('',#1778,1.1);
#1780=EDGE_CURVE('',#1767,#1765,#1779,.T.);
#1781=ORIENTED_EDGE('',*,*,#1780,.T.);
#1782=EDGE_LOOP('',(#1774,#1781));
#1783=FACE_BOUND('',#1782,.T.);
#1784=CARTESIAN_POINT('',(185.07025044,51.581453432,120.894558918));
#1785=VERTEX_POINT('',#1784);
#1786=CARTESIAN_POINT('',(151.070302225,51.522112326,120.894558918));
#1787=VERTEX_POINT('',#1786);
#1788=CARTESIAN_POINT('',(185.07025044,51.581453432,120.894558918));
#1789=DIRECTION('',(-0.999998477,-0.001745328,0.));
#1790=VECTOR('',#1789,34.);
#1791=LINE('',#1788,#1790);
#1792=EDGE_CURVE('',#1785,#1787,#1791,.T.);
#1793=ORIENTED_EDGE('',*,*,#1792,.F.);
#1794=CARTESIAN_POINT('',(185.039968658,68.931620951,90.843141574));
#1795=VERTEX_POINT('',#1794);
#1796=CARTESIAN_POINT('',(185.039968658,68.931620912,90.843141552));
#1797=DIRECTION('',(0.000872664,-0.499999238,0.866025404));
#1798=VECTOR('',#1797,34.700387812);
#1799=LINE('',#1796,#1798);
#1800=EDGE_CURVE('',#1795,#1785,#1799,.T.);
#1801=ORIENTED_EDGE('',*,*,#1800,.F.);
#1802=CARTESIAN_POINT('',(179.039977798,68.921148981,90.843141574));
#1803=VERTEX_POINT('',#1802);
#1804=CARTESIAN_POINT('',(185.039968658,68.931620989,90.843141596));
#1805=DIRECTION('',(-0.999998477,-0.001745328,-0.));
#1806=VECTOR('',#1805,5.999999999);
#1807=LINE('',#1804,#1806);
#1808=EDGE_CURVE('',#1795,#1803,#1807,.T.);
#1809=ORIENTED_EDGE('',*,*,#1808,.T.);
#1810=CARTESIAN_POINT('',(179.048704438,63.921156554,99.503395588));
#1811=VERTEX_POINT('',#1810);
#1812=CARTESIAN_POINT('',(179.048704438,63.921156557,99.50339559));
#1813=DIRECTION('',(-0.000872664,0.499999238,-0.866025404));
#1814=VECTOR('',#1813,10.);
#1815=LINE('',#1812,#1814);
#1816=EDGE_CURVE('',#1811,#1803,#1815,.T.);
#1817=ORIENTED_EDGE('',*,*,#1816,.F.);
#1818=CARTESIAN_POINT('',(157.048737947,63.882759335,99.503395587));
#1819=VERTEX_POINT('',#1818);
#1820=CARTESIAN_POINT('',(157.048737947,63.882759335,99.503395587));
#1821=DIRECTION('',(0.999998477,0.001745328,0.));
#1822=VECTOR('',#1821,22.);
#1823=LINE('',#1820,#1822);
#1824=EDGE_CURVE('',#1819,#1811,#1823,.T.);
#1825=ORIENTED_EDGE('',*,*,#1824,.F.);
#1826=CARTESIAN_POINT('',(157.040011306,68.882751717,90.843141552));
#1827=VERTEX_POINT('',#1826);
#1828=CARTESIAN_POINT('',(157.040011306,68.882751717,90.843141552));
#1829=DIRECTION('',(0.000872664,-0.499999238,0.866025404));
#1830=VECTOR('',#1829,9.999999997);
#1831=LINE('',#1828,#1830);
#1832=EDGE_CURVE('',#1827,#1819,#1831,.T.);
#1833=ORIENTED_EDGE('',*,*,#1832,.F.);
#1834=CARTESIAN_POINT('',(151.040020444,68.872279791,90.843141577));
#1835=VERTEX_POINT('',#1834);
#1836=CARTESIAN_POINT('',(151.040020444,68.872279748,90.843141552));
#1837=DIRECTION('',(0.999998477,0.001745328,0.));
#1838=VECTOR('',#1837,6.000000001);
#1839=LINE('',#1836,#1838);
#1840=EDGE_CURVE('',#1835,#1827,#1839,.T.);
#1841=ORIENTED_EDGE('',*,*,#1840,.F.);
#1842=CARTESIAN_POINT('',(151.040020443,68.872279834,90.843141602));
#1843=DIRECTION('',(0.000872664,-0.499999238,0.866025404));
#1844=VECTOR('',#1843,34.700387782);
#1845=LINE('',#1842,#1844);
#1846=EDGE_CURVE('',#1835,#1787,#1845,.T.);
#1847=ORIENTED_EDGE('',*,*,#1846,.T.);
#1848=EDGE_LOOP('',(#1793,#1801,#1809,#1817,#1825,#1833,#1841,#1847));
#1849=FACE_BOUND('',#1848,.T.);
#1850=ADVANCED_FACE('',(#1723,#1743,#1763,#1783,#1849),#1719,.F.);
#1851=CARTESIAN_POINT('',(154.155497741,49.857475223,115.787117001));
#1852=DIRECTION('',(-0.001511498,0.866024085,0.5));
#1853=DIRECTION('',(-0.000872664,0.499999238,-0.866025404));
#1854=AXIS2_PLACEMENT_3D('',#1851,#1852,#1853);
#1855=CYLINDRICAL_SURFACE('',#1854,1.1);
#1856=CARTESIAN_POINT('',(154.154537811,50.407474386,114.834489057));
#1857=VERTEX_POINT('',#1856);
#1858=CARTESIAN_POINT('',(154.148491818,53.871570725,116.834489057));
#1859=DIRECTION('',(0.001511498,-0.866024085,-0.5));
#1860=VECTOR('',#1859,3.999999999);
#1861=LINE('',#1858,#1860);
#1862=EDGE_CURVE('',#1727,#1857,#1861,.T.);
#1863=ORIENTED_EDGE('',*,*,#1862,.F.);
#1864=ORIENTED_EDGE('',*,*,#1733,.F.);
#1865=ORIENTED_EDGE('',*,*,#1740,.F.);
#1866=ORIENTED_EDGE('',*,*,#1862,.T.);
#1867=CARTESIAN_POINT('',(154.164137753,50.407470195,114.834525336));
#1868=VERTEX_POINT('',#1867);
#1869=CARTESIAN_POINT('',(154.155497741,49.857475224,115.787117001));
#1870=DIRECTION('',(0.001511498,-0.866024085,-0.5));
#1871=DIRECTION('',(0.007854556,0.499995429,-0.865992423));
#1872=AXIS2_PLACEMENT_3D('',#1869,#1870,#1871);
#1873=CIRCLE('',#1872,1.1);
#1874=EDGE_CURVE('',#1857,#1868,#1873,.T.);
#1875=ORIENTED_EDGE('',*,*,#1874,.T.);
#1876=CARTESIAN_POINT('',(154.155497741,49.857475224,115.787117001));
#1877=DIRECTION('',(0.001511498,-0.866024085,-0.5));
#1878=DIRECTION('',(0.007854556,0.499995429,-0.865992423));
#1879=AXIS2_PLACEMENT_3D('',#1876,#1877,#1878);
#1880=CIRCLE('',#1879,1.1);
#1881=EDGE_CURVE('',#1868,#1857,#1880,.T.);
#1882=ORIENTED_EDGE('',*,*,#1881,.T.);
#1883=EDGE_LOOP('',(#1863,#1864,#1865,#1866,#1875,#1882));
#1884=FACE_BOUND('',#1883,.T.);
#1885=ADVANCED_FACE('',(#1884),#1855,.F.);
#1886=CARTESIAN_POINT('',(154.155497741,49.857475223,115.787117001));
#1887=DIRECTION('',(-0.001511498,0.866024085,0.5));
#1888=DIRECTION('',(-0.000872664,0.499999238,-0.866025404));
#1889=AXIS2_PLACEMENT_3D('',#1886,#1887,#1888);
#1890=CYLINDRICAL_SURFACE('',#1889,1.8);
#1891=CARTESIAN_POINT('',(154.15090395,52.489522022,115.228271274));
#1892=VERTEX_POINT('',#1891);
#1893=CARTESIAN_POINT('',(154.153926946,50.757473852,114.228271274));
#1894=VERTEX_POINT('',#1893);
#1895=CARTESIAN_POINT('',(154.15090395,52.489522022,115.228271274));
#1896=DIRECTION('',(0.001511498,-0.866024085,-0.5));
#1897=VECTOR('',#1896,2.);
#1898=LINE('',#1895,#1897);
#1899=EDGE_CURVE('',#1892,#1894,#1898,.T.);
#1900=ORIENTED_EDGE('',*,*,#1899,.T.);
#1901=CARTESIAN_POINT('',(154.169635942,50.757466995,114.228330639));
#1902=VERTEX_POINT('',#1901);
#1903=CARTESIAN_POINT('',(154.155497741,49.857475223,115.787117001));
#1904=DIRECTION('',(0.001511498,-0.866024085,-0.5));
#1905=DIRECTION('',(0.007854556,0.499995429,-0.865992423));
#1906=AXIS2_PLACEMENT_3D('',#1903,#1904,#1905);
#1907=CIRCLE('',#1906,1.8);
#1908=EDGE_CURVE('',#1902,#1894,#1907,.T.);
#1909=ORIENTED_EDGE('',*,*,#1908,.F.);
#1910=CARTESIAN_POINT('',(154.155497741,49.857475223,115.787117001));
#1911=DIRECTION('',(0.001511498,-0.866024085,-0.5));
#1912=DIRECTION('',(0.007854556,0.499995429,-0.865992423));
#1913=AXIS2_PLACEMENT_3D('',#1910,#1911,#1912);
#1914=CIRCLE('',#1913,1.8);
#1915=EDGE_CURVE('',#1894,#1902,#1914,.T.);
#1916=ORIENTED_EDGE('',*,*,#1915,.F.);
#1917=ORIENTED_EDGE('',*,*,#1899,.F.);
#1918=CARTESIAN_POINT('',(154.166612945,52.489515165,115.228330639));
#1919=VERTEX_POINT('',#1918);
#1920=CARTESIAN_POINT('',(154.152474745,51.589523393,116.787117001));
#1921=DIRECTION('',(0.001511498,-0.866024085,-0.5));
#1922=DIRECTION('',(0.007854556,0.499995429,-0.865992423));
#1923=AXIS2_PLACEMENT_3D('',#1920,#1921,#1922);
#1924=CIRCLE('',#1923,1.8);
#1925=EDGE_CURVE('',#1892,#1919,#1924,.T.);
#1926=ORIENTED_EDGE('',*,*,#1925,.T.);
#1927=CARTESIAN_POINT('',(154.152474745,51.589523393,116.787117001));
#1928=DIRECTION('',(0.001511498,-0.866024085,-0.5));
#1929=DIRECTION('',(0.007854556,0.499995429,-0.865992423));
#1930=AXIS2_PLACEMENT_3D('',#1927,#1928,#1929);
#1931=CIRCLE('',#1930,1.8);
#1932=EDGE_CURVE('',#1919,#1892,#1931,.T.);
#1933=ORIENTED_EDGE('',*,*,#1932,.T.);
#1934=EDGE_LOOP('',(#1900,#1909,#1916,#1917,#1926,#1933));
#1935=FACE_BOUND('',#1934,.T.);
#1936=ADVANCED_FACE('',(#1935),#1890,.T.);
#1937=CARTESIAN_POINT('',(450.207835624,77.424225753,68.935142656));
#1938=DIRECTION('',(0.001511498,-0.866024085,-0.5));
#1939=DIRECTION('',(0.000872664,-0.499999238,0.866025404));
#1940=AXIS2_PLACEMENT_3D('',#1937,#1938,#1939);
#1941=PLANE('',#1940);
#1942=ORIENTED_EDGE('',*,*,#1874,.F.);
#1943=ORIENTED_EDGE('',*,*,#1881,.F.);
#1944=EDGE_LOOP('',(#1942,#1943));
#1945=FACE_BOUND('',#1944,.T.);
#1946=ORIENTED_EDGE('',*,*,#1908,.T.);
#1947=ORIENTED_EDGE('',*,*,#1915,.T.);
#1948=EDGE_LOOP('',(#1946,#1947));
#1949=FACE_BOUND('',#1948,.T.);
#1950=ADVANCED_FACE('',(#1945,#1949),#1941,.T.);
#1951=CARTESIAN_POINT('',(182.255454943,49.90651895,115.787117001));
#1952=DIRECTION('',(-0.001511498,0.866024085,0.5));
#1953=DIRECTION('',(-0.000872664,0.499999238,-0.866025404));
#1954=AXIS2_PLACEMENT_3D('',#1951,#1952,#1953);
#1955=CYLINDRICAL_SURFACE('',#1954,1.1);
#1956=CARTESIAN_POINT('',(182.254495012,50.456518112,114.834489057));
#1957=VERTEX_POINT('',#1956);
#1958=CARTESIAN_POINT('',(182.248449019,53.920614452,116.834489057));
#1959=DIRECTION('',(0.001511498,-0.866024085,-0.5));
#1960=VECTOR('',#1959,4.);
#1961=LINE('',#1958,#1960);
#1962=EDGE_CURVE('',#1747,#1957,#1961,.T.);
#1963=ORIENTED_EDGE('',*,*,#1962,.F.);
#1964=ORIENTED_EDGE('',*,*,#1753,.F.);
#1965=ORIENTED_EDGE('',*,*,#1760,.F.);
#1966=ORIENTED_EDGE('',*,*,#1962,.T.);
#1967=CARTESIAN_POINT('',(182.264094954,50.456513922,114.834525335));
#1968=VERTEX_POINT('',#1967);
#1969=CARTESIAN_POINT('',(182.255454943,49.90651895,115.787117001));
#1970=DIRECTION('',(0.001511498,-0.866024085,-0.5));
#1971=DIRECTION('',(0.007854556,0.499995429,-0.865992423));
#1972=AXIS2_PLACEMENT_3D('',#1969,#1970,#1971);
#1973=CIRCLE('',#1972,1.1);
#1974=EDGE_CURVE('',#1957,#1968,#1973,.T.);
#1975=ORIENTED_EDGE('',*,*,#1974,.T.);
#1976=CARTESIAN_POINT('',(182.255454943,49.90651895,115.787117001));
#1977=DIRECTION('',(0.001511498,-0.866024085,-0.5));
#1978=DIRECTION('',(0.007854556,0.499995429,-0.865992423));
#1979=AXIS2_PLACEMENT_3D('',#1976,#1977,#1978);
#1980=CIRCLE('',#1979,1.1);
#1981=EDGE_CURVE('',#1968,#1957,#1980,.T.);
#1982=ORIENTED_EDGE('',*,*,#1981,.T.);
#1983=EDGE_LOOP('',(#1963,#1964,#1965,#1966,#1975,#1982));
#1984=FACE_BOUND('',#1983,.T.);
#1985=ADVANCED_FACE('',(#1984),#1955,.F.);
#1986=CARTESIAN_POINT('',(182.255454943,49.90651895,115.787117001));
#1987=DIRECTION('',(-0.001511498,0.866024085,0.5));
#1988=DIRECTION('',(-0.000872664,0.499999238,-0.866025404));
#1989=AXIS2_PLACEMENT_3D('',#1986,#1987,#1988);
#1990=CYLINDRICAL_SURFACE('',#1989,1.8);
#1991=CARTESIAN_POINT('',(182.250861151,52.538565749,115.228271274));
#1992=VERTEX_POINT('',#1991);
#1993=CARTESIAN_POINT('',(182.253884148,50.80651758,114.228271274));
#1994=VERTEX_POINT('',#1993);
#1995=CARTESIAN_POINT('',(182.250861151,52.538565749,115.228271274));
#1996=DIRECTION('',(0.001511498,-0.866024085,-0.5));
#1997=VECTOR('',#1996,2.);
#1998=LINE('',#1995,#1997);
#1999=EDGE_CURVE('',#1992,#1994,#1998,.T.);
#2000=ORIENTED_EDGE('',*,*,#1999,.T.);
#2001=CARTESIAN_POINT('',(182.269593143,50.806510723,114.228330639));
#2002=VERTEX_POINT('',#2001);
#2003=CARTESIAN_POINT('',(182.255454943,49.90651895,115.787117001));
#2004=DIRECTION('',(0.001511498,-0.866024085,-0.5));
#2005=DIRECTION('',(0.007854556,0.499995429,-0.865992423));
#2006=AXIS2_PLACEMENT_3D('',#2003,#2004,#2005);
#2007=CIRCLE('',#2006,1.8);
#2008=EDGE_CURVE('',#2002,#1994,#2007,.T.);
#2009=ORIENTED_EDGE('',*,*,#2008,.F.);
#2010=CARTESIAN_POINT('',(182.255454943,49.90651895,115.787117001));
#2011=DIRECTION('',(0.001511498,-0.866024085,-0.5));
#2012=DIRECTION('',(0.007854556,0.499995429,-0.865992423));
#2013=AXIS2_PLACEMENT_3D('',#2010,#2011,#2012);
#2014=CIRCLE('',#2013,1.8);
#2015=EDGE_CURVE('',#1994,#2002,#2014,.T.);
#2016=ORIENTED_EDGE('',*,*,#2015,.F.);
#2017=ORIENTED_EDGE('',*,*,#1999,.F.);
#2018=CARTESIAN_POINT('',(182.266570147,52.538558892,115.228330639));
#2019=VERTEX_POINT('',#2018);
#2020=CARTESIAN_POINT('',(182.252431946,51.63856712,116.787117001));
#2021=DIRECTION('',(0.001511498,-0.866024085,-0.5));
#2022=DIRECTION('',(0.007854556,0.499995429,-0.865992423));
#2023=AXIS2_PLACEMENT_3D('',#2020,#2021,#2022);
#2024=CIRCLE('',#2023,1.8);
#2025=EDGE_CURVE('',#1992,#2019,#2024,.T.);
#2026=ORIENTED_EDGE('',*,*,#2025,.T.);
#2027=CARTESIAN_POINT('',(182.252431946,51.63856712,116.787117001));
#2028=DIRECTION('',(0.001511498,-0.866024085,-0.5));
#2029=DIRECTION('',(0.007854556,0.499995429,-0.865992423));
#2030=AXIS2_PLACEMENT_3D('',#2027,#2028,#2029);
#2031=CIRCLE('',#2030,1.8);
#2032=EDGE_CURVE('',#2019,#1992,#2031,.T.);
#2033=ORIENTED_EDGE('',*,*,#2032,.T.);
#2034=EDGE_LOOP('',(#2000,#2009,#2016,#2017,#2026,#2033));
#2035=FACE_BOUND('',#2034,.T.);
#2036=ADVANCED_FACE('',(#2035),#1990,.T.);
#2037=CARTESIAN_POINT('',(450.207835624,77.424225753,68.935142656));
#2038=DIRECTION('',(0.001511498,-0.866024085,-0.5));
#2039=DIRECTION('',(0.000872664,-0.499999238,0.866025404));
#2040=AXIS2_PLACEMENT_3D('',#2037,#2038,#2039);
#2041=PLANE('',#2040);
#2042=ORIENTED_EDGE('',*,*,#1974,.F.);
#2043=ORIENTED_EDGE('',*,*,#1981,.F.);
#2044=EDGE_LOOP('',(#2042,#2043));
#2045=FACE_BOUND('',#2044,.T.);
#2046=ORIENTED_EDGE('',*,*,#2008,.T.);
#2047=ORIENTED_EDGE('',*,*,#2015,.T.);
#2048=EDGE_LOOP('',(#2046,#2047));
#2049=FACE_BOUND('',#2048,.T.);
#2050=ADVANCED_FACE('',(#2045,#2049),#2041,.T.);
#2051=CARTESIAN_POINT('',(182.23093308,63.956497551,91.451803155));
#2052=DIRECTION('',(-0.001511498,0.866024085,0.5));
#2053=DIRECTION('',(-0.000872664,0.499999238,-0.866025404));
#2054=AXIS2_PLACEMENT_3D('',#2051,#2052,#2053);
#2055=CYLINDRICAL_SURFACE('',#2054,1.1);
#2056=CARTESIAN_POINT('',(182.229973149,64.506496713,90.499175211));
#2057=VERTEX_POINT('',#2056);
#2058=CARTESIAN_POINT('',(182.223927156,67.970593052,92.499175211));
#2059=DIRECTION('',(0.001511498,-0.866024085,-0.5));
#2060=VECTOR('',#2059,4.);
#2061=LINE('',#2058,#2060);
#2062=EDGE_CURVE('',#1767,#2057,#2061,.T.);
#2063=ORIENTED_EDGE('',*,*,#2062,.F.);
#2064=ORIENTED_EDGE('',*,*,#1773,.F.);
#2065=ORIENTED_EDGE('',*,*,#1780,.F.);
#2066=ORIENTED_EDGE('',*,*,#2062,.T.);
#2067=CARTESIAN_POINT('',(182.239573091,64.506492523,90.499211489));
#2068=VERTEX_POINT('',#2067);
#2069=CARTESIAN_POINT('',(182.23093308,63.956497551,91.451803155));
#2070=DIRECTION('',(0.001511498,-0.866024085,-0.5));
#2071=DIRECTION('',(0.007854556,0.499995429,-0.865992423));
#2072=AXIS2_PLACEMENT_3D('',#2069,#2070,#2071);
#2073=CIRCLE('',#2072,1.1);
#2074=EDGE_CURVE('',#2057,#2068,#2073,.T.);
#2075=ORIENTED_EDGE('',*,*,#2074,.T.);
#2076=CARTESIAN_POINT('',(182.23093308,63.956497551,91.451803155));
#2077=DIRECTION('',(0.001511498,-0.866024085,-0.5));
#2078=DIRECTION('',(0.007854556,0.499995429,-0.865992423));
#2079=AXIS2_PLACEMENT_3D('',#2076,#2077,#2078);
#2080=CIRCLE('',#2079,1.1);
#2081=EDGE_CURVE('',#2068,#2057,#2080,.T.);
#2082=ORIENTED_EDGE('',*,*,#2081,.T.);
#2083=EDGE_LOOP('',(#2063,#2064,#2065,#2066,#2075,#2082));
#2084=FACE_BOUND('',#2083,.T.);
#2085=ADVANCED_FACE('',(#2084),#2055,.F.);
#2086=CARTESIAN_POINT('',(182.23093308,63.956497551,91.451803155));
#2087=DIRECTION('',(-0.001511498,0.866024085,0.5));
#2088=DIRECTION('',(-0.000872664,0.499999238,-0.866025404));
#2089=AXIS2_PLACEMENT_3D('',#2086,#2087,#2088);
#2090=CYLINDRICAL_SURFACE('',#2089,1.8);
#2091=CARTESIAN_POINT('',(182.226339288,66.58854435,90.892957428));
#2092=VERTEX_POINT('',#2091);
#2093=CARTESIAN_POINT('',(182.229362285,64.85649618,89.892957428));
#2094=VERTEX_POINT('',#2093);
#2095=CARTESIAN_POINT('',(182.226339288,66.58854435,90.892957428));
#2096=DIRECTION('',(0.001511498,-0.866024085,-0.5));
#2097=VECTOR('',#2096,2.);
#2098=LINE('',#2095,#2097);
#2099=EDGE_CURVE('',#2092,#2094,#2098,.T.);
#2100=ORIENTED_EDGE('',*,*,#2099,.T.);
#2101=CARTESIAN_POINT('',(182.24507128,64.856489323,89.893016793));
#2102=VERTEX_POINT('',#2101);
#2103=CARTESIAN_POINT('',(182.23093308,63.956497551,91.451803155));
#2104=DIRECTION('',(0.001511498,-0.866024085,-0.5));
#2105=DIRECTION('',(0.007854556,0.499995429,-0.865992423));
#2106=AXIS2_PLACEMENT_3D('',#2103,#2104,#2105);
#2107=CIRCLE('',#2106,1.8);
#2108=EDGE_CURVE('',#2102,#2094,#2107,.T.);
#2109=ORIENTED_EDGE('',*,*,#2108,.F.);
#2110=CARTESIAN_POINT('',(182.23093308,63.956497551,91.451803155));
#2111=DIRECTION('',(0.001511498,-0.866024085,-0.5));
#2112=DIRECTION('',(0.007854556,0.499995429,-0.865992423));
#2113=AXIS2_PLACEMENT_3D('',#2110,#2111,#2112);
#2114=CIRCLE('',#2113,1.8);
#2115=EDGE_CURVE('',#2094,#2102,#2114,.T.);
#2116=ORIENTED_EDGE('',*,*,#2115,.F.);
#2117=ORIENTED_EDGE('',*,*,#2099,.F.);
#2118=CARTESIAN_POINT('',(182.242048284,66.588537493,90.893016793));
#2119=VERTEX_POINT('',#2118);
#2120=CARTESIAN_POINT('',(182.227910083,65.688545721,92.451803155));
#2121=DIRECTION('',(0.001511498,-0.866024085,-0.5));
#2122=DIRECTION('',(0.007854556,0.499995429,-0.865992423));
#2123=AXIS2_PLACEMENT_3D('',#2120,#2121,#2122);
#2124=CIRCLE('',#2123,1.8);
#2125=EDGE_CURVE('',#2092,#2119,#2124,.T.);
#2126=ORIENTED_EDGE('',*,*,#2125,.T.);
#2127=CARTESIAN_POINT('',(182.227910083,65.688545721,92.451803155));
#2128=DIRECTION('',(0.001511498,-0.866024085,-0.5));
#2129=DIRECTION('',(0.007854556,0.499995429,-0.865992423));
#2130=AXIS2_PLACEMENT_3D('',#2127,#2128,#2129);
#2131=CIRCLE('',#2130,1.8);
#2132=EDGE_CURVE('',#2119,#2092,#2131,.T.);
#2133=ORIENTED_EDGE('',*,*,#2132,.T.);
#2134=EDGE_LOOP('',(#2100,#2109,#2116,#2117,#2126,#2133));
#2135=FACE_BOUND('',#2134,.T.);
#2136=ADVANCED_FACE('',(#2135),#2090,.T.);
#2137=CARTESIAN_POINT('',(450.207835624,77.424225753,68.935142656));
#2138=DIRECTION('',(0.001511498,-0.866024085,-0.5));
#2139=DIRECTION('',(0.000872664,-0.499999238,0.866025404));
#2140=AXIS2_PLACEMENT_3D('',#2137,#2138,#2139);
#2141=PLANE('',#2140);
#2142=ORIENTED_EDGE('',*,*,#2074,.F.);
#2143=ORIENTED_EDGE('',*,*,#2081,.F.);
#2144=EDGE_LOOP('',(#2142,#2143));
#2145=FACE_BOUND('',#2144,.T.);
#2146=ORIENTED_EDGE('',*,*,#2108,.T.);
#2147=ORIENTED_EDGE('',*,*,#2115,.T.);
#2148=EDGE_LOOP('',(#2146,#2147));
#2149=FACE_BOUND('',#2148,.T.);
#2150=ADVANCED_FACE('',(#2145,#2149),#2141,.T.);
#2151=CARTESIAN_POINT('',(370.020893279,80.022439451,68.192506457));
#2152=DIRECTION('',(0.001511498,-0.866024085,-0.5));
#2153=DIRECTION('',(0.000872664,-0.499999238,0.866025404));
#2154=AXIS2_PLACEMENT_3D('',#2151,#2152,#2153);
#2155=PLANE('',#2154);
#2156=ORIENTED_EDGE('',*,*,#1689,.F.);
#2157=ORIENTED_EDGE('',*,*,#1696,.F.);
#2158=EDGE_LOOP('',(#2156,#2157));
#2159=FACE_BOUND('',#2158,.T.);
#2160=ORIENTED_EDGE('',*,*,#1925,.F.);
#2161=ORIENTED_EDGE('',*,*,#1932,.F.);
#2162=EDGE_LOOP('',(#2160,#2161));
#2163=FACE_BOUND('',#2162,.T.);
#2164=ORIENTED_EDGE('',*,*,#2025,.F.);
#2165=ORIENTED_EDGE('',*,*,#2032,.F.);
#2166=EDGE_LOOP('',(#2164,#2165));
#2167=FACE_BOUND('',#2166,.T.);
#2168=ORIENTED_EDGE('',*,*,#2125,.F.);
#2169=ORIENTED_EDGE('',*,*,#2132,.F.);
#2170=EDGE_LOOP('',(#2168,#2169));
#2171=FACE_BOUND('',#2170,.T.);
#2172=CARTESIAN_POINT('',(179.051727435,62.189108443,98.503395624));
#2173=VERTEX_POINT('',#2172);
#2174=CARTESIAN_POINT('',(179.043000794,67.189100801,89.843141568));
#2175=VERTEX_POINT('',#2174);
#2176=CARTESIAN_POINT('',(179.051727436,62.189108443,98.503395624));
#2177=DIRECTION('',(-0.000872664,0.499999238,-0.866025404));
#2178=VECTOR('',#2177,10.000000002);
#2179=LINE('',#2176,#2178);
#2180=EDGE_CURVE('',#2173,#2175,#2179,.T.);
#2181=ORIENTED_EDGE('',*,*,#2180,.T.);
#2182=CARTESIAN_POINT('',(185.042991655,67.199572769,89.843141568));
#2183=VERTEX_POINT('',#2182);
#2184=CARTESIAN_POINT('',(185.042991655,67.199572742,89.843141553));
#2185=DIRECTION('',(-0.999998477,-0.001745328,-0.));
#2186=VECTOR('',#2185,5.999999999);
#2187=LINE('',#2184,#2186);
#2188=EDGE_CURVE('',#2183,#2175,#2187,.T.);
#2189=ORIENTED_EDGE('',*,*,#2188,.F.);
#2190=CARTESIAN_POINT('',(185.074281101,49.272055937,120.894558934));
#2191=VERTEX_POINT('',#2190);
#2192=CARTESIAN_POINT('',(185.042991655,67.199572796,89.843141583));
#2193=DIRECTION('',(0.000872664,-0.499999238,0.866025404));
#2194=VECTOR('',#2193,35.855088332);
#2195=LINE('',#2192,#2194);
#2196=EDGE_CURVE('',#2183,#2191,#2195,.T.);
#2197=ORIENTED_EDGE('',*,*,#2196,.T.);
#2198=CARTESIAN_POINT('',(151.074332889,49.212714743,120.894558926));
#2199=VERTEX_POINT('',#2198);
#2200=CARTESIAN_POINT('',(185.074281101,49.272055928,120.89455895));
#2201=DIRECTION('',(-0.999998477,-0.001745328,-0.));
#2202=VECTOR('',#2201,33.999999997);
#2203=LINE('',#2200,#2202);
#2204=EDGE_CURVE('',#2191,#2199,#2203,.T.);
#2205=ORIENTED_EDGE('',*,*,#2204,.T.);
#2206=CARTESIAN_POINT('',(151.043043442,67.14023161,89.84314157));
#2207=VERTEX_POINT('',#2206);
#2208=CARTESIAN_POINT('',(151.043043445,67.140231578,89.843141552));
#2209=DIRECTION('',(0.000872664,-0.499999238,0.866025404));
#2210=VECTOR('',#2209,35.85508834);
#2211=LINE('',#2208,#2210);
#2212=EDGE_CURVE('',#2207,#2199,#2211,.T.);
#2213=ORIENTED_EDGE('',*,*,#2212,.F.);
#2214=CARTESIAN_POINT('',(157.043034302,67.15070361,89.843141589));
#2215=VERTEX_POINT('',#2214);
#2216=CARTESIAN_POINT('',(151.043043442,67.140231642,89.843141589));
#2217=DIRECTION('',(0.999998477,0.001745328,0.));
#2218=VECTOR('',#2217,5.999999999);
#2219=LINE('',#2216,#2218);
#2220=EDGE_CURVE('',#2207,#2215,#2219,.T.);
#2221=ORIENTED_EDGE('',*,*,#2220,.T.);
#2222=CARTESIAN_POINT('',(157.051760942,62.150711227,98.503395625));
#2223=VERTEX_POINT('',#2222);
#2224=CARTESIAN_POINT('',(157.043034301,67.15070361,89.843141589));
#2225=DIRECTION('',(0.000872664,-0.499999238,0.866025404));
#2226=VECTOR('',#2225,9.999999997);
#2227=LINE('',#2224,#2226);
#2228=EDGE_CURVE('',#2215,#2223,#2227,.T.);
#2229=ORIENTED_EDGE('',*,*,#2228,.T.);
#2230=CARTESIAN_POINT('',(157.051760942,62.150711226,98.503395625));
#2231=DIRECTION('',(0.999998477,0.001745328,0.));
#2232=VECTOR('',#2231,22.000000001);
#2233=LINE('',#2230,#2232);
#2234=EDGE_CURVE('',#2223,#2173,#2233,.T.);
#2235=ORIENTED_EDGE('',*,*,#2234,.T.);
#2236=EDGE_LOOP('',(#2181,#2189,#2197,#2205,#2213,#2221,#2229,#2235));
#2237=FACE_BOUND('',#2236,.T.);
#2238=ADVANCED_FACE('',(#2159,#2163,#2167,#2171,#2237),#2155,.T.);
#2239=CARTESIAN_POINT('',(157.047833955,64.400707737,94.606281272));
#2240=DIRECTION('',(-0.999998477,-0.001745328,0.));
#2241=DIRECTION('',(0.001511498,-0.866024085,-0.5));
#2242=AXIS2_PLACEMENT_3D('',#2239,#2240,#2241);
#2243=PLANE('',#2242);
#2244=ORIENTED_EDGE('',*,*,#1832,.T.);
#2245=CARTESIAN_POINT('',(157.051760944,62.150711228,98.503395623));
#2246=DIRECTION('',(-0.001511498,0.866024085,0.5));
#2247=VECTOR('',#2246,1.999999928);
#2248=LINE('',#2245,#2247);
#2249=EDGE_CURVE('',#2223,#1819,#2248,.T.);
#2250=ORIENTED_EDGE('',*,*,#2249,.F.);
#2251=ORIENTED_EDGE('',*,*,#2228,.F.);
#2252=CARTESIAN_POINT('',(157.043034303,67.15070361,89.843141588));
#2253=DIRECTION('',(-0.001511498,0.866024085,0.5));
#2254=VECTOR('',#2253,1.999999927);
#2255=LINE('',#2252,#2254);
#2256=EDGE_CURVE('',#2215,#1827,#2255,.T.);
#2257=ORIENTED_EDGE('',*,*,#2256,.T.);
#2258=EDGE_LOOP('',(#2244,#2250,#2251,#2257));
#2259=FACE_BOUND('',#2258,.T.);
#2260=ADVANCED_FACE('',(#2259),#2243,.F.);
#2261=CARTESIAN_POINT('',(168.051744189,62.169909776,98.503395589));
#2262=DIRECTION('',(0.000872664,-0.499999239,0.866025404));
#2263=DIRECTION('',(-0.001511498,0.866024085,0.5));
#2264=AXIS2_PLACEMENT_3D('',#2261,#2262,#2263);
#2265=PLANE('',#2264);
#2266=ORIENTED_EDGE('',*,*,#1824,.T.);
#2267=CARTESIAN_POINT('',(179.051727435,62.189108444,98.503395622));
#2268=DIRECTION('',(-0.001511498,0.866024085,0.5));
#2269=VECTOR('',#2268,1.999999931);
#2270=LINE('',#2267,#2269);
#2271=EDGE_CURVE('',#2173,#1811,#2270,.T.);
#2272=ORIENTED_EDGE('',*,*,#2271,.F.);
#2273=ORIENTED_EDGE('',*,*,#2234,.F.);
#2274=ORIENTED_EDGE('',*,*,#2249,.T.);
#2275=EDGE_LOOP('',(#2266,#2272,#2273,#2274));
#2276=FACE_BOUND('',#2275,.T.);
#2277=ADVANCED_FACE('',(#2276),#2265,.F.);
#2278=CARTESIAN_POINT('',(179.047800447,64.43910496,94.606281272));
#2279=DIRECTION('',(0.999998477,0.001745328,-0.));
#2280=DIRECTION('',(-0.001511498,0.866024085,0.5));
#2281=AXIS2_PLACEMENT_3D('',#2278,#2279,#2280);
#2282=PLANE('',#2281);
#2283=ORIENTED_EDGE('',*,*,#1816,.T.);
#2284=CARTESIAN_POINT('',(179.043000794,67.189100801,89.843141568));
#2285=DIRECTION('',(-0.001511498,0.866024085,0.5));
#2286=VECTOR('',#2285,2.000000012);
#2287=LINE('',#2284,#2286);
#2288=EDGE_CURVE('',#2175,#1803,#2287,.T.);
#2289=ORIENTED_EDGE('',*,*,#2288,.F.);
#2290=ORIENTED_EDGE('',*,*,#2180,.F.);
#2291=ORIENTED_EDGE('',*,*,#2271,.T.);
#2292=EDGE_LOOP('',(#2283,#2289,#2290,#2291));
#2293=FACE_BOUND('',#2292,.T.);
#2294=ADVANCED_FACE('',(#2293),#2282,.F.);
#2295=CARTESIAN_POINT('',(151.063551048,55.390249475,110.19473854));
#2296=DIRECTION('',(-0.999998477,-0.001745328,0.));
#2297=DIRECTION('',(0.001511498,-0.866024085,-0.5));
#2298=AXIS2_PLACEMENT_3D('',#2295,#2296,#2297);
#2299=PLANE('',#2298);
#2300=ORIENTED_EDGE('',*,*,#2212,.T.);
#2301=CARTESIAN_POINT('',(151.074332889,49.212714743,120.894558918));
#2302=DIRECTION('',(-0.001745328,0.999998477,-0.));
#2303=VECTOR('',#2302,2.3094011);
#2304=LINE('',#2301,#2303);
#2305=EDGE_CURVE('',#2199,#1787,#2304,.T.);
#2306=ORIENTED_EDGE('',*,*,#2305,.T.);
#2307=ORIENTED_EDGE('',*,*,#1846,.F.);
#2308=CARTESIAN_POINT('',(151.043043441,67.14023161,89.84314157));
#2309=DIRECTION('',(-0.001511498,0.866024085,0.5));
#2310=VECTOR('',#2309,2.000000013);
#2311=LINE('',#2308,#2310);
#2312=EDGE_CURVE('',#2207,#1835,#2311,.T.);
#2313=ORIENTED_EDGE('',*,*,#2312,.F.);
#2314=EDGE_LOOP('',(#2300,#2306,#2307,#2313));
#2315=FACE_BOUND('',#2314,.T.);
#2316=ADVANCED_FACE('',(#2315),#2299,.T.);
#2317=CARTESIAN_POINT('',(154.54303811,67.146340227,89.843141552));
#2318=DIRECTION('',(0.000872664,-0.499999239,0.866025404));
#2319=DIRECTION('',(-0.001511498,0.866024085,0.5));
#2320=AXIS2_PLACEMENT_3D('',#2317,#2318,#2319);
#2321=PLANE('',#2320);
#2322=ORIENTED_EDGE('',*,*,#1840,.T.);
#2323=ORIENTED_EDGE('',*,*,#2256,.F.);
#2324=ORIENTED_EDGE('',*,*,#2220,.F.);
#2325=ORIENTED_EDGE('',*,*,#2312,.T.);
#2326=EDGE_LOOP('',(#2322,#2323,#2324,#2325));
#2327=FACE_BOUND('',#2326,.T.);
#2328=ADVANCED_FACE('',(#2327),#2321,.F.);
#2329=CARTESIAN_POINT('',(185.043427987,66.949573123,90.276154253));
#2330=DIRECTION('',(-0.999998477,-0.001745328,0.));
#2331=DIRECTION('',(0.001511498,-0.866024085,-0.5));
#2332=AXIS2_PLACEMENT_3D('',#2329,#2330,#2331);
#2333=PLANE('',#2332);
#2334=CARTESIAN_POINT('',(185.074281106,49.272055937,120.894558918));
#2335=DIRECTION('',(-0.001745328,0.999998477,-0.));
#2336=VECTOR('',#2335,2.309401013);
#2337=LINE('',#2334,#2336);
#2338=EDGE_CURVE('',#2191,#1785,#2337,.T.);
#2339=ORIENTED_EDGE('',*,*,#2338,.F.);
#2340=ORIENTED_EDGE('',*,*,#2196,.F.);
#2341=CARTESIAN_POINT('',(185.042991655,67.19957277,89.843141568));
#2342=DIRECTION('',(-0.001511498,0.866024085,0.5));
#2343=VECTOR('',#2342,2.000000013);
#2344=LINE('',#2341,#2343);
#2345=EDGE_CURVE('',#2183,#1795,#2344,.T.);
#2346=ORIENTED_EDGE('',*,*,#2345,.T.);
#2347=ORIENTED_EDGE('',*,*,#1800,.T.);
#2348=EDGE_LOOP('',(#2339,#2340,#2346,#2347));
#2349=FACE_BOUND('',#2348,.T.);
#2350=ADVANCED_FACE('',(#2349),#2333,.F.);
#2351=CARTESIAN_POINT('',(181.542996986,67.193464093,89.843141552));
#2352=DIRECTION('',(-0.000872664,0.499999239,-0.866025404));
#2353=DIRECTION('',(0.001511498,-0.866024085,-0.5));
#2354=AXIS2_PLACEMENT_3D('',#2351,#2352,#2353);
#2355=PLANE('',#2354);
#2356=ORIENTED_EDGE('',*,*,#1808,.F.);
#2357=ORIENTED_EDGE('',*,*,#2345,.F.);
#2358=ORIENTED_EDGE('',*,*,#2188,.T.);
#2359=ORIENTED_EDGE('',*,*,#2288,.T.);
#2360=EDGE_LOOP('',(#2356,#2357,#2358,#2359));
#2361=FACE_BOUND('',#2360,.T.);
#2362=ADVANCED_FACE('',(#2361),#2355,.T.);
#2363=CARTESIAN_POINT('',(108.780962365,137.450308526,91.451803155));
#2364=DIRECTION('',(0.866024085,0.001511498,0.5));
#2365=DIRECTION('',(0.499999238,0.000872664,-0.866025404));
#2366=AXIS2_PLACEMENT_3D('',#2363,#2364,#2365);
#2367=CYLINDRICAL_SURFACE('',#2366,1.1);
#2368=CARTESIAN_POINT('',(112.795057866,137.457314449,92.499175211));
#2369=VERTEX_POINT('',#2368);
#2370=CARTESIAN_POINT('',(109.330961527,137.451268456,90.499175211));
#2371=VERTEX_POINT('',#2370);
#2372=CARTESIAN_POINT('',(112.795057866,137.457314449,92.499175211));
#2373=DIRECTION('',(-0.866024085,-0.001511498,-0.5));
#2374=VECTOR('',#2373,3.999999999);
#2375=LINE('',#2372,#2374);
#2376=EDGE_CURVE('',#2369,#2371,#2375,.T.);
#2377=ORIENTED_EDGE('',*,*,#2376,.F.);
#2378=CARTESIAN_POINT('',(111.695063732,137.46499453,94.40439482));
#2379=VERTEX_POINT('',#2378);
#2380=CARTESIAN_POINT('',(112.245058704,137.456354519,93.451803155));
#2381=DIRECTION('',(-0.866024085,-0.001511498,-0.5));
#2382=DIRECTION('',(-0.499995429,0.007854556,0.865992423));
#2383=AXIS2_PLACEMENT_3D('',#2380,#2381,#2382);
#2384=CIRCLE('',#2383,1.1);
#2385=EDGE_CURVE('',#2379,#2369,#2384,.T.);
#2386=ORIENTED_EDGE('',*,*,#2385,.F.);
#2387=CARTESIAN_POINT('',(112.245058704,137.456354519,93.451803155));
#2388=DIRECTION('',(-0.866024085,-0.001511498,-0.5));
#2389=DIRECTION('',(-0.499995429,0.007854556,0.865992423));
#2390=AXIS2_PLACEMENT_3D('',#2387,#2388,#2389);
#2391=CIRCLE('',#2390,1.1);
#2392=EDGE_CURVE('',#2369,#2379,#2391,.T.);
#2393=ORIENTED_EDGE('',*,*,#2392,.F.);
#2394=ORIENTED_EDGE('',*,*,#2376,.T.);
#2395=CARTESIAN_POINT('',(108.230967393,137.458948537,92.404394821));
#2396=VERTEX_POINT('',#2395);
#2397=CARTESIAN_POINT('',(108.780962365,137.450308526,91.451803155));
#2398=DIRECTION('',(-0.866024085,-0.001511498,-0.5));
#2399=DIRECTION('',(-0.499995429,0.007854556,0.865992423));
#2400=AXIS2_PLACEMENT_3D('',#2397,#2398,#2399);
#2401=CIRCLE('',#2400,1.1);
#2402=EDGE_CURVE('',#2371,#2396,#2401,.T.);
#2403=ORIENTED_EDGE('',*,*,#2402,.T.);
#2404=CARTESIAN_POINT('',(108.780962365,137.450308526,91.451803155));
#2405=DIRECTION('',(-0.866024085,-0.001511498,-0.5));
#2406=DIRECTION('',(-0.499995429,0.007854556,0.865992423));
#2407=AXIS2_PLACEMENT_3D('',#2404,#2405,#2406);
#2408=CIRCLE('',#2407,1.1);
#2409=EDGE_CURVE('',#2396,#2371,#2408,.T.);
#2410=ORIENTED_EDGE('',*,*,#2409,.T.);
#2411=EDGE_LOOP('',(#2377,#2386,#2393,#2394,#2403,#2410));
#2412=FACE_BOUND('',#2411,.T.);
#2413=ADVANCED_FACE('',(#2412),#2367,.F.);
#2414=CARTESIAN_POINT('',(108.780962365,137.450308526,91.451803155));
#2415=DIRECTION('',(0.866024085,0.001511498,0.5));
#2416=DIRECTION('',(0.499999238,0.000872664,-0.866025404));
#2417=AXIS2_PLACEMENT_3D('',#2414,#2415,#2416);
#2418=CYLINDRICAL_SURFACE('',#2417,1.8);
#2419=CARTESIAN_POINT('',(111.413009164,137.454902317,90.892957428));
#2420=VERTEX_POINT('',#2419);
#2421=CARTESIAN_POINT('',(109.680960994,137.451879321,89.892957428));
#2422=VERTEX_POINT('',#2421);
#2423=CARTESIAN_POINT('',(111.413009164,137.454902317,90.892957428));
#2424=DIRECTION('',(-0.866024085,-0.001511498,-0.5));
#2425=VECTOR('',#2424,2.);
#2426=LINE('',#2423,#2425);
#2427=EDGE_CURVE('',#2420,#2422,#2426,.T.);
#2428=ORIENTED_EDGE('',*,*,#2427,.T.);
#2429=CARTESIAN_POINT('',(107.880970593,137.464446726,93.010589517));
#2430=VERTEX_POINT('',#2429);
#2431=CARTESIAN_POINT('',(108.780962365,137.450308526,91.451803155));
#2432=DIRECTION('',(-0.866024085,-0.001511498,-0.5));
#2433=DIRECTION('',(-0.499995429,0.007854556,0.865992423));
#2434=AXIS2_PLACEMENT_3D('',#2431,#2432,#2433);
#2435=CIRCLE('',#2434,1.8);
#2436=EDGE_CURVE('',#2430,#2422,#2435,.T.);
#2437=ORIENTED_EDGE('',*,*,#2436,.F.);
#2438=CARTESIAN_POINT('',(108.780962365,137.450308526,91.451803155));
#2439=DIRECTION('',(-0.866024085,-0.001511498,-0.5));
#2440=DIRECTION('',(-0.499995429,0.007854556,0.865992423));
#2441=AXIS2_PLACEMENT_3D('',#2438,#2439,#2440);
#2442=CIRCLE('',#2441,1.8);
#2443=EDGE_CURVE('',#2422,#2430,#2442,.T.);
#2444=ORIENTED_EDGE('',*,*,#2443,.F.);
#2445=ORIENTED_EDGE('',*,*,#2427,.F.);
#2446=CARTESIAN_POINT('',(109.613018762,137.467469723,94.010589517));
#2447=VERTEX_POINT('',#2446);
#2448=CARTESIAN_POINT('',(110.513010534,137.453331522,92.451803155));
#2449=DIRECTION('',(-0.866024085,-0.001511498,-0.5));
#2450=DIRECTION('',(-0.499995429,0.007854556,0.865992423));
#2451=AXIS2_PLACEMENT_3D('',#2448,#2449,#2450);
#2452=CIRCLE('',#2451,1.8);
#2453=EDGE_CURVE('',#2420,#2447,#2452,.T.);
#2454=ORIENTED_EDGE('',*,*,#2453,.T.);
#2455=CARTESIAN_POINT('',(110.513010534,137.453331522,92.451803155));
#2456=DIRECTION('',(-0.866024085,-0.001511498,-0.5));
#2457=DIRECTION('',(-0.499995429,0.007854556,0.865992423));
#2458=AXIS2_PLACEMENT_3D('',#2455,#2456,#2457);
#2459=CIRCLE('',#2458,1.8);
#2460=EDGE_CURVE('',#2447,#2420,#2459,.T.);
#2461=ORIENTED_EDGE('',*,*,#2460,.T.);
#2462=EDGE_LOOP('',(#2428,#2437,#2444,#2445,#2454,#2461));
#2463=FACE_BOUND('',#2462,.T.);
#2464=ADVANCED_FACE('',(#2463),#2418,.T.);
#2465=CARTESIAN_POINT('',(122.297734294,-158.62655122,68.935142656));
#2466=DIRECTION('',(-0.866024085,-0.001511498,-0.5));
#2467=DIRECTION('',(-0.499999238,-0.000872664,0.866025404));
#2468=AXIS2_PLACEMENT_3D('',#2465,#2466,#2467);
#2469=PLANE('',#2468);
#2470=ORIENTED_EDGE('',*,*,#2402,.F.);
#2471=ORIENTED_EDGE('',*,*,#2409,.F.);
#2472=EDGE_LOOP('',(#2470,#2471));
#2473=FACE_BOUND('',#2472,.T.);
#2474=ORIENTED_EDGE('',*,*,#2436,.T.);
#2475=ORIENTED_EDGE('',*,*,#2443,.T.);
#2476=EDGE_LOOP('',(#2474,#2475));
#2477=FACE_BOUND('',#2476,.T.);
#2478=ADVANCED_FACE('',(#2473,#2477),#2469,.T.);
#2479=CARTESIAN_POINT('',(125.761830633,-158.620505225,70.935142656));
#2480=DIRECTION('',(-0.866024085,-0.001511498,-0.5));
#2481=DIRECTION('',(-0.499999238,-0.000872664,0.866025404));
#2482=AXIS2_PLACEMENT_3D('',#2479,#2480,#2481);
#2483=PLANE('',#2482);
#2484=ORIENTED_EDGE('',*,*,#2385,.T.);
#2485=ORIENTED_EDGE('',*,*,#2392,.T.);
#2486=EDGE_LOOP('',(#2484,#2485));
#2487=FACE_BOUND('',#2486,.T.);
#2488=CARTESIAN_POINT('',(97.645085132,137.440472667,118.739708667));
#2489=VERTEX_POINT('',#2488);
#2490=CARTESIAN_POINT('',(98.745079266,137.432792586,116.834489057));
#2491=VERTEX_POINT('',#2490);
#2492=CARTESIAN_POINT('',(98.195080104,137.431832656,117.787117001));
#2493=DIRECTION('',(-0.866024085,-0.001511498,-0.5));
#2494=DIRECTION('',(-0.499995429,0.007854556,0.865992423));
#2495=AXIS2_PLACEMENT_3D('',#2492,#2493,#2494);
#2496=CIRCLE('',#2495,1.1);
#2497=EDGE_CURVE('',#2489,#2491,#2496,.T.);
#2498=ORIENTED_EDGE('',*,*,#2497,.T.);
#2499=CARTESIAN_POINT('',(98.195080104,137.431832656,117.787117001));
#2500=DIRECTION('',(-0.866024085,-0.001511498,-0.5));
#2501=DIRECTION('',(-0.499995429,0.007854556,0.865992423));
#2502=AXIS2_PLACEMENT_3D('',#2499,#2500,#2501);
#2503=CIRCLE('',#2502,1.1);
#2504=EDGE_CURVE('',#2491,#2489,#2503,.T.);
#2505=ORIENTED_EDGE('',*,*,#2504,.T.);
#2506=EDGE_LOOP('',(#2498,#2505));
#2507=FACE_BOUND('',#2506,.T.);
#2508=CARTESIAN_POINT('',(97.694128858,109.340515466,118.739708666));
#2509=VERTEX_POINT('',#2508);
#2510=CARTESIAN_POINT('',(98.794122993,109.332835385,116.834489057));
#2511=VERTEX_POINT('',#2510);
#2512=CARTESIAN_POINT('',(98.24412383,109.331875455,117.787117001));
#2513=DIRECTION('',(-0.866024085,-0.001511498,-0.5));
#2514=DIRECTION('',(-0.499995429,0.007854556,0.865992423));
#2515=AXIS2_PLACEMENT_3D('',#2512,#2513,#2514);
#2516=CIRCLE('',#2515,1.1);
#2517=EDGE_CURVE('',#2509,#2511,#2516,.T.);
#2518=ORIENTED_EDGE('',*,*,#2517,.T.);
#2519=CARTESIAN_POINT('',(98.24412383,109.331875455,117.787117001));
#2520=DIRECTION('',(-0.866024085,-0.001511498,-0.5));
#2521=DIRECTION('',(-0.499995429,0.007854556,0.865992423));
#2522=AXIS2_PLACEMENT_3D('',#2519,#2520,#2521);
#2523=CIRCLE('',#2522,1.1);
#2524=EDGE_CURVE('',#2511,#2509,#2523,.T.);
#2525=ORIENTED_EDGE('',*,*,#2524,.T.);
#2526=EDGE_LOOP('',(#2518,#2525));
#2527=FACE_BOUND('',#2526,.T.);
#2528=CARTESIAN_POINT('',(111.744107459,109.365037329,94.40439482));
#2529=VERTEX_POINT('',#2528);
#2530=CARTESIAN_POINT('',(112.844101593,109.357357248,92.499175211));
#2531=VERTEX_POINT('',#2530);
#2532=CARTESIAN_POINT('',(112.294102431,109.356397318,93.451803155));
#2533=DIRECTION('',(-0.866024085,-0.001511498,-0.5));
#2534=DIRECTION('',(-0.499995429,0.007854556,0.865992423));
#2535=AXIS2_PLACEMENT_3D('',#2532,#2533,#2534);
#2536=CIRCLE('',#2535,1.1);
#2537=EDGE_CURVE('',#2529,#2531,#2536,.T.);
#2538=ORIENTED_EDGE('',*,*,#2537,.T.);
#2539=CARTESIAN_POINT('',(112.294102431,109.356397318,93.451803155));
#2540=DIRECTION('',(-0.866024085,-0.001511498,-0.5));
#2541=DIRECTION('',(-0.499995429,0.007854556,0.865992423));
#2542=AXIS2_PLACEMENT_3D('',#2539,#2540,#2541);
#2543=CIRCLE('',#2542,1.1);
#2544=EDGE_CURVE('',#2531,#2529,#2543,.T.);
#2545=ORIENTED_EDGE('',*,*,#2544,.T.);
#2546=EDGE_LOOP('',(#2538,#2545));
#2547=FACE_BOUND('',#2546,.T.);
#2548=CARTESIAN_POINT('',(113.745788332,140.54126396,90.843141577));
#2549=VERTEX_POINT('',#2548);
#2550=CARTESIAN_POINT('',(96.395620911,140.510982181,120.894558943));
#2551=VERTEX_POINT('',#2550);
#2552=CARTESIAN_POINT('',(113.745788375,140.541263961,90.843141602));
#2553=DIRECTION('',(-0.499999238,-0.000872664,0.866025404));
#2554=VECTOR('',#2553,34.700387783);
#2555=LINE('',#2552,#2554);
#2556=EDGE_CURVE('',#2549,#2551,#2555,.T.);
#2557=ORIENTED_EDGE('',*,*,#2556,.T.);
#2558=CARTESIAN_POINT('',(96.454962011,106.511033967,120.894558931));
#2559=VERTEX_POINT('',#2558);
#2560=CARTESIAN_POINT('',(96.395620896,140.510982181,120.894558969));
#2561=DIRECTION('',(0.001745328,-0.999998477,0.));
#2562=VECTOR('',#2561,34.);
#2563=LINE('',#2560,#2562);
#2564=EDGE_CURVE('',#2551,#2559,#2563,.T.);
#2565=ORIENTED_EDGE('',*,*,#2564,.T.);
#2566=CARTESIAN_POINT('',(113.805129492,106.541315745,90.843141574));
#2567=VERTEX_POINT('',#2566);
#2568=CARTESIAN_POINT('',(113.805129453,106.541315745,90.843141552));
#2569=DIRECTION('',(-0.499999238,-0.000872664,0.866025404));
#2570=VECTOR('',#2569,34.700387804);
#2571=LINE('',#2568,#2570);
#2572=EDGE_CURVE('',#2567,#2559,#2571,.T.);
#2573=ORIENTED_EDGE('',*,*,#2572,.F.);
#2574=CARTESIAN_POINT('',(113.794657522,112.541306606,90.843141574));
#2575=VERTEX_POINT('',#2574);
#2576=CARTESIAN_POINT('',(113.80512953,106.541315745,90.843141596));
#2577=DIRECTION('',(-0.001745328,0.999998477,-0.));
#2578=VECTOR('',#2577,6.);
#2579=LINE('',#2576,#2578);
#2580=EDGE_CURVE('',#2567,#2575,#2579,.T.);
#2581=ORIENTED_EDGE('',*,*,#2580,.T.);
#2582=CARTESIAN_POINT('',(108.794665095,112.532579965,99.503395588));
#2583=VERTEX_POINT('',#2582);
#2584=CARTESIAN_POINT('',(108.794665098,112.532579965,99.503395589));
#2585=DIRECTION('',(0.499999238,0.000872664,-0.866025404));
#2586=VECTOR('',#2585,10.);
#2587=LINE('',#2584,#2586);
#2588=EDGE_CURVE('',#2583,#2575,#2587,.T.);
#2589=ORIENTED_EDGE('',*,*,#2588,.F.);
#2590=CARTESIAN_POINT('',(108.756267876,134.532546457,99.503395587));
#2591=VERTEX_POINT('',#2590);
#2592=CARTESIAN_POINT('',(108.756267875,134.532546457,99.503395587));
#2593=DIRECTION('',(0.001745328,-0.999998477,0.));
#2594=VECTOR('',#2593,22.);
#2595=LINE('',#2592,#2594);
#2596=EDGE_CURVE('',#2591,#2583,#2595,.T.);
#2597=ORIENTED_EDGE('',*,*,#2596,.F.);
#2598=CARTESIAN_POINT('',(113.756260258,134.541273098,90.843141552));
#2599=VERTEX_POINT('',#2598);
#2600=CARTESIAN_POINT('',(113.756260259,134.541273098,90.843141552));
#2601=DIRECTION('',(-0.499999238,-0.000872664,0.866025404));
#2602=VECTOR('',#2601,9.999999997);
#2603=LINE('',#2600,#2602);
#2604=EDGE_CURVE('',#2599,#2591,#2603,.T.);
#2605=ORIENTED_EDGE('',*,*,#2604,.F.);
#2606=CARTESIAN_POINT('',(113.745788289,140.54126396,90.843141552));
#2607=DIRECTION('',(0.001745328,-0.999998477,0.));
#2608=VECTOR('',#2607,6.000000001);
#2609=LINE('',#2606,#2608);
#2610=EDGE_CURVE('',#2549,#2599,#2609,.T.);
#2611=ORIENTED_EDGE('',*,*,#2610,.F.);
#2612=EDGE_LOOP('',(#2557,#2565,#2573,#2581,#2589,#2597,#2605,#2611));
#2613=FACE_BOUND('',#2612,.T.);
#2614=ADVANCED_FACE('',(#2487,#2507,#2527,#2547,#2613),#2483,.F.);
#2615=CARTESIAN_POINT('',(169.132258507,150.292960018,99.4));
#2616=DIRECTION('',(-0.015707317,-0.999876632,0.));
#2617=DIRECTION('',(-0.,-0.,-1.));
#2618=AXIS2_PLACEMENT_3D('',#2615,#2616,#2617);
#2619=PLANE('',#2618);
#2620=CARTESIAN_POINT('',(187.130037892,150.010228306,118.4));
#2621=VERTEX_POINT('',#2620);
#2622=CARTESIAN_POINT('',(151.134479123,150.57569173,118.4));
#2623=VERTEX_POINT('',#2622);
#2624=CARTESIAN_POINT('',(187.130037892,150.010228306,118.4));
#2625=DIRECTION('',(-0.999876632,0.015707317,-0.));
#2626=VECTOR('',#2625,36.);
#2627=LINE('',#2624,#2626);
#2628=EDGE_CURVE('',#2621,#2623,#2627,.T.);
#2629=ORIENTED_EDGE('',*,*,#2628,.F.);
#2630=CARTESIAN_POINT('',(187.130037892,150.010228306,101.9));
#2631=VERTEX_POINT('',#2630);
#2632=CARTESIAN_POINT('',(187.130037892,150.010228306,101.9));
#2633=DIRECTION('',(0.,0.,1.));
#2634=VECTOR('',#2633,16.5);
#2635=LINE('',#2632,#2634);
#2636=EDGE_CURVE('',#2631,#2621,#2635,.T.);
#2637=ORIENTED_EDGE('',*,*,#2636,.F.);
#2638=CARTESIAN_POINT('',(151.134479123,150.57569173,101.9));
#2639=VERTEX_POINT('',#2638);
#2640=CARTESIAN_POINT('',(151.134479123,150.57569173,101.9));
#2641=DIRECTION('',(0.999876632,-0.015707317,0.));
#2642=VECTOR('',#2641,36.);
#2643=LINE('',#2640,#2642);
#2644=EDGE_CURVE('',#2639,#2631,#2643,.T.);
#2645=ORIENTED_EDGE('',*,*,#2644,.F.);
#2646=CARTESIAN_POINT('',(151.134479123,150.57569173,118.4));
#2647=DIRECTION('',(-0.,-0.,-1.));
#2648=VECTOR('',#2647,16.5);
#2649=LINE('',#2646,#2648);
#2650=EDGE_CURVE('',#2623,#2639,#2649,.T.);
#2651=ORIENTED_EDGE('',*,*,#2650,.F.);
#2652=EDGE_LOOP('',(#2629,#2637,#2645,#2651));
#2653=FACE_BOUND('',#2652,.T.);
#2654=CARTESIAN_POINT('',(148.134849225,150.622813681,122.9));
#2655=VERTEX_POINT('',#2654);
#2656=CARTESIAN_POINT('',(148.134849225,150.622813681,101.4));
#2657=VERTEX_POINT('',#2656);
#2658=CARTESIAN_POINT('',(148.134849225,150.622813681,122.9));
#2659=DIRECTION('',(-0.,-0.,-1.));
#2660=VECTOR('',#2659,21.5);
#2661=LINE('',#2658,#2660);
#2662=EDGE_CURVE('',#2655,#2657,#2661,.T.);
#2663=ORIENTED_EDGE('',*,*,#2662,.T.);
#2664=CARTESIAN_POINT('',(190.129667789,149.963106354,101.4));
#2665=VERTEX_POINT('',#2664);
#2666=CARTESIAN_POINT('',(148.134849225,150.622813681,101.4));
#2667=DIRECTION('',(0.999876632,-0.015707317,0.));
#2668=VECTOR('',#2667,42.);
#2669=LINE('',#2666,#2668);
#2670=EDGE_CURVE('',#2657,#2665,#2669,.T.);
#2671=ORIENTED_EDGE('',*,*,#2670,.T.);
#2672=CARTESIAN_POINT('',(190.129667789,149.963106354,122.9));
#2673=VERTEX_POINT('',#2672);
#2674=CARTESIAN_POINT('',(190.129667789,149.963106354,101.4));
#2675=DIRECTION('',(0.,0.,1.));
#2676=VECTOR('',#2675,21.5);
#2677=LINE('',#2674,#2676);
#2678=EDGE_CURVE('',#2665,#2673,#2677,.T.);
#2679=ORIENTED_EDGE('',*,*,#2678,.T.);
#2680=CARTESIAN_POINT('',(148.134849225,150.622813681,122.9));
#2681=DIRECTION('',(0.999876632,-0.015707317,0.));
#2682=VECTOR('',#2681,42.);
#2683=LINE('',#2680,#2682);
#2684=EDGE_CURVE('',#2655,#2673,#2683,.T.);
#2685=ORIENTED_EDGE('',*,*,#2684,.F.);
#2686=EDGE_LOOP('',(#2663,#2671,#2679,#2685));
#2687=FACE_BOUND('',#2686,.T.);
#2688=ADVANCED_FACE('',(#2653,#2687),#2619,.T.);
#2689=CARTESIAN_POINT('',(140.695907913,122.736219193,99.4));
#2690=DIRECTION('',(0.999876632,-0.015707317,0.));
#2691=DIRECTION('',(-0.,-0.,-1.));
#2692=AXIS2_PLACEMENT_3D('',#2689,#2690,#2691);
#2693=PLANE('',#2692);
#2694=CARTESIAN_POINT('',(140.36605425,101.738809911,122.9));
#2695=VERTEX_POINT('',#2694);
#2696=CARTESIAN_POINT('',(140.36605425,101.738809911,101.4));
#2697=VERTEX_POINT('',#2696);
#2698=CARTESIAN_POINT('',(140.36605425,101.738809911,122.9));
#2699=DIRECTION('',(-0.,-0.,-1.));
#2700=VECTOR('',#2699,21.5);
#2701=LINE('',#2698,#2700);
#2702=EDGE_CURVE('',#2695,#2697,#2701,.T.);
#2703=ORIENTED_EDGE('',*,*,#2702,.T.);
#2704=CARTESIAN_POINT('',(141.025761577,143.733628475,101.4));
#2705=VERTEX_POINT('',#2704);
#2706=CARTESIAN_POINT('',(140.36605425,101.738809911,101.4));
#2707=DIRECTION('',(0.015707317,0.999876632,-0.));
#2708=VECTOR('',#2707,42.);
#2709=LINE('',#2706,#2708);
#2710=EDGE_CURVE('',#2697,#2705,#2709,.T.);
#2711=ORIENTED_EDGE('',*,*,#2710,.T.);
#2712=CARTESIAN_POINT('',(141.025761577,143.733628475,122.9));
#2713=VERTEX_POINT('',#2712);
#2714=CARTESIAN_POINT('',(141.025761577,143.733628475,101.4));
#2715=DIRECTION('',(0.,0.,1.));
#2716=VECTOR('',#2715,21.5);
#2717=LINE('',#2714,#2716);
#2718=EDGE_CURVE('',#2705,#2713,#2717,.T.);
#2719=ORIENTED_EDGE('',*,*,#2718,.T.);
#2720=CARTESIAN_POINT('',(140.36605425,101.738809911,122.9));
#2721=DIRECTION('',(0.015707317,0.999876632,-0.));
#2722=VECTOR('',#2721,42.);
#2723=LINE('',#2720,#2722);
#2724=EDGE_CURVE('',#2695,#2713,#2723,.T.);
#2725=ORIENTED_EDGE('',*,*,#2724,.F.);
#2726=EDGE_LOOP('',(#2703,#2711,#2719,#2725));
#2727=FACE_BOUND('',#2726,.T.);
#2728=ADVANCED_FACE('',(#2727),#2693,.T.);
#2729=CARTESIAN_POINT('',(168.252648738,94.299868599,99.4));
#2730=DIRECTION('',(0.015707317,0.999876632,-0.));
#2731=DIRECTION('',(0.999876632,-0.015707317,0.));
#2732=AXIS2_PLACEMENT_3D('',#2729,#2730,#2731);
#2733=PLANE('',#2732);
#2734=CARTESIAN_POINT('',(189.25005802,93.970014935,122.9));
#2735=VERTEX_POINT('',#2734);
#2736=CARTESIAN_POINT('',(189.25005802,93.970014935,101.4));
#2737=VERTEX_POINT('',#2736);
#2738=CARTESIAN_POINT('',(189.25005802,93.970014935,122.9));
#2739=DIRECTION('',(-0.,-0.,-1.));
#2740=VECTOR('',#2739,21.5);
#2741=LINE('',#2738,#2740);
#2742=EDGE_CURVE('',#2735,#2737,#2741,.T.);
#2743=ORIENTED_EDGE('',*,*,#2742,.T.);
#2744=CARTESIAN_POINT('',(147.255239456,94.629722262,101.4));
#2745=VERTEX_POINT('',#2744);
#2746=CARTESIAN_POINT('',(189.25005802,93.970014935,101.4));
#2747=DIRECTION('',(-0.999876632,0.015707317,-0.));
#2748=VECTOR('',#2747,42.);
#2749=LINE('',#2746,#2748);
#2750=EDGE_CURVE('',#2737,#2745,#2749,.T.);
#2751=ORIENTED_EDGE('',*,*,#2750,.T.);
#2752=CARTESIAN_POINT('',(147.255239456,94.629722262,122.9));
#2753=VERTEX_POINT('',#2752);
#2754=CARTESIAN_POINT('',(147.255239456,94.629722262,101.4));
#2755=DIRECTION('',(0.,0.,1.));
#2756=VECTOR('',#2755,21.5);
#2757=LINE('',#2754,#2756);
#2758=EDGE_CURVE('',#2745,#2753,#2757,.T.);
#2759=ORIENTED_EDGE('',*,*,#2758,.T.);
#2760=CARTESIAN_POINT('',(189.25005802,93.970014935,122.9));
#2761=DIRECTION('',(-0.999876632,0.015707317,-0.));
#2762=VECTOR('',#2761,42.);
#2763=LINE('',#2760,#2762);
#2764=EDGE_CURVE('',#2735,#2753,#2763,.T.);
#2765=ORIENTED_EDGE('',*,*,#2764,.F.);
#2766=EDGE_LOOP('',(#2743,#2751,#2759,#2765));
#2767=FACE_BOUND('',#2766,.T.);
#2768=ADVANCED_FACE('',(#2767),#2733,.T.);
#2769=CARTESIAN_POINT('',(196.688999332,121.856609424,99.4));
#2770=DIRECTION('',(-0.999876632,0.015707317,-0.));
#2771=DIRECTION('',(0.,0.,1.));
#2772=AXIS2_PLACEMENT_3D('',#2769,#2770,#2771);
#2773=PLANE('',#2772);
#2774=CARTESIAN_POINT('',(197.018852996,142.854018706,122.9));
#2775=VERTEX_POINT('',#2774);
#2776=CARTESIAN_POINT('',(197.018852996,142.854018706,101.4));
#2777=VERTEX_POINT('',#2776);
#2778=CARTESIAN_POINT('',(197.018852996,142.854018706,122.9));
#2779=DIRECTION('',(-0.,-0.,-1.));
#2780=VECTOR('',#2779,21.5);
#2781=LINE('',#2778,#2780);
#2782=EDGE_CURVE('',#2775,#2777,#2781,.T.);
#2783=ORIENTED_EDGE('',*,*,#2782,.T.);
#2784=CARTESIAN_POINT('',(196.359145669,100.859200142,101.4));
#2785=VERTEX_POINT('',#2784);
#2786=CARTESIAN_POINT('',(197.018852996,142.854018706,101.4));
#2787=DIRECTION('',(-0.015707317,-0.999876632,0.));
#2788=VECTOR('',#2787,42.);
#2789=LINE('',#2786,#2788);
#2790=EDGE_CURVE('',#2777,#2785,#2789,.T.);
#2791=ORIENTED_EDGE('',*,*,#2790,.T.);
#2792=CARTESIAN_POINT('',(196.359145669,100.859200142,122.9));
#2793=VERTEX_POINT('',#2792);
#2794=CARTESIAN_POINT('',(196.359145669,100.859200142,101.4));
#2795=DIRECTION('',(0.,0.,1.));
#2796=VECTOR('',#2795,21.5);
#2797=LINE('',#2794,#2796);
#2798=EDGE_CURVE('',#2785,#2793,#2797,.T.);
#2799=ORIENTED_EDGE('',*,*,#2798,.T.);
#2800=CARTESIAN_POINT('',(197.018852996,142.854018706,122.9));
#2801=DIRECTION('',(-0.015707317,-0.999876632,0.));
#2802=VECTOR('',#2801,42.);
#2803=LINE('',#2800,#2802);
#2804=EDGE_CURVE('',#2775,#2793,#2803,.T.);
#2805=ORIENTED_EDGE('',*,*,#2804,.F.);
#2806=EDGE_LOOP('',(#2783,#2791,#2799,#2805));
#2807=FACE_BOUND('',#2806,.T.);
#2808=ADVANCED_FACE('',(#2807),#2773,.T.);
#2809=CARTESIAN_POINT('',(148.024898004,143.623677254,99.4));
#2810=DIRECTION('',(-0.,-0.,-1.));
#2811=DIRECTION('',(0.015707317,0.999876632,-0.));
#2812=AXIS2_PLACEMENT_3D('',#2809,#2810,#2811);
#2813=CYLINDRICAL_SURFACE('',#2812,7.);
#2814=CARTESIAN_POINT('',(148.024898004,143.623677254,101.4));
#2815=DIRECTION('',(0.,0.,1.));
#2816=DIRECTION('',(-0.015707317,-0.999876632,0.));
#2817=AXIS2_PLACEMENT_3D('',#2814,#2815,#2816);
#2818=CIRCLE('',#2817,7.);
#2819=EDGE_CURVE('',#2657,#2705,#2818,.T.);
#2820=ORIENTED_EDGE('',*,*,#2819,.F.);
#2821=ORIENTED_EDGE('',*,*,#2662,.F.);
#2822=CARTESIAN_POINT('',(148.024898004,143.623677254,122.9));
#2823=DIRECTION('',(-0.,-0.,-1.));
#2824=DIRECTION('',(-0.015707317,-0.999876632,0.));
#2825=AXIS2_PLACEMENT_3D('',#2822,#2823,#2824);
#2826=CIRCLE('',#2825,7.);
#2827=EDGE_CURVE('',#2713,#2655,#2826,.T.);
#2828=ORIENTED_EDGE('',*,*,#2827,.F.);
#2829=ORIENTED_EDGE('',*,*,#2718,.F.);
#2830=EDGE_LOOP('',(#2820,#2821,#2828,#2829));
#2831=FACE_BOUND('',#2830,.T.);
#2832=ADVANCED_FACE('',(#2831),#2813,.F.);
#2833=CARTESIAN_POINT('',(190.019716568,142.963969927,99.4));
#2834=DIRECTION('',(-0.,-0.,-1.));
#2835=DIRECTION('',(0.015707317,0.999876632,-0.));
#2836=AXIS2_PLACEMENT_3D('',#2833,#2834,#2835);
#2837=CYLINDRICAL_SURFACE('',#2836,7.);
#2838=CARTESIAN_POINT('',(190.019716568,142.963969927,101.4));
#2839=DIRECTION('',(0.,0.,1.));
#2840=DIRECTION('',(-0.015707317,-0.999876632,0.));
#2841=AXIS2_PLACEMENT_3D('',#2838,#2839,#2840);
#2842=CIRCLE('',#2841,7.);
#2843=EDGE_CURVE('',#2777,#2665,#2842,.T.);
#2844=ORIENTED_EDGE('',*,*,#2843,.F.);
#2845=ORIENTED_EDGE('',*,*,#2782,.F.);
#2846=CARTESIAN_POINT('',(190.019716568,142.963969927,122.9));
#2847=DIRECTION('',(-0.,-0.,-1.));
#2848=DIRECTION('',(-0.015707317,-0.999876632,0.));
#2849=AXIS2_PLACEMENT_3D('',#2846,#2847,#2848);
#2850=CIRCLE('',#2849,7.);
#2851=EDGE_CURVE('',#2673,#2775,#2850,.T.);
#2852=ORIENTED_EDGE('',*,*,#2851,.F.);
#2853=ORIENTED_EDGE('',*,*,#2678,.F.);
#2854=EDGE_LOOP('',(#2844,#2845,#2852,#2853));
#2855=FACE_BOUND('',#2854,.T.);
#2856=ADVANCED_FACE('',(#2855),#2837,.F.);
#2857=CARTESIAN_POINT('',(189.360009241,100.969151363,99.4));
#2858=DIRECTION('',(-0.,-0.,-1.));
#2859=DIRECTION('',(0.015707317,0.999876632,-0.));
#2860=AXIS2_PLACEMENT_3D('',#2857,#2858,#2859);
#2861=CYLINDRICAL_SURFACE('',#2860,7.);
#2862=CARTESIAN_POINT('',(189.360009241,100.969151363,101.4));
#2863=DIRECTION('',(0.,0.,1.));
#2864=DIRECTION('',(-0.015707317,-0.999876632,0.));
#2865=AXIS2_PLACEMENT_3D('',#2862,#2863,#2864);
#2866=CIRCLE('',#2865,7.);
#2867=EDGE_CURVE('',#2737,#2785,#2866,.T.);
#2868=ORIENTED_EDGE('',*,*,#2867,.F.);
#2869=ORIENTED_EDGE('',*,*,#2742,.F.);
#2870=CARTESIAN_POINT('',(189.360009241,100.969151363,122.9));
#2871=DIRECTION('',(-0.,-0.,-1.));
#2872=DIRECTION('',(-0.015707317,-0.999876632,0.));
#2873=AXIS2_PLACEMENT_3D('',#2870,#2871,#2872);
#2874=CIRCLE('',#2873,7.);
#2875=EDGE_CURVE('',#2793,#2735,#2874,.T.);
#2876=ORIENTED_EDGE('',*,*,#2875,.F.);
#2877=ORIENTED_EDGE('',*,*,#2798,.F.);
#2878=EDGE_LOOP('',(#2868,#2869,#2876,#2877));
#2879=FACE_BOUND('',#2878,.T.);
#2880=ADVANCED_FACE('',(#2879),#2861,.F.);
#2881=CARTESIAN_POINT('',(147.365190677,101.62885869,99.4));
#2882=DIRECTION('',(-0.,-0.,-1.));
#2883=DIRECTION('',(0.015707317,0.999876632,-0.));
#2884=AXIS2_PLACEMENT_3D('',#2881,#2882,#2883);
#2885=CYLINDRICAL_SURFACE('',#2884,7.);
#2886=CARTESIAN_POINT('',(147.365190677,101.62885869,101.4));
#2887=DIRECTION('',(0.,0.,1.));
#2888=DIRECTION('',(-0.015707317,-0.999876632,0.));
#2889=AXIS2_PLACEMENT_3D('',#2886,#2887,#2888);
#2890=CIRCLE('',#2889,7.);
#2891=EDGE_CURVE('',#2697,#2745,#2890,.T.);
#2892=ORIENTED_EDGE('',*,*,#2891,.F.);
#2893=ORIENTED_EDGE('',*,*,#2702,.F.);
#2894=CARTESIAN_POINT('',(147.365190677,101.62885869,122.9));
#2895=DIRECTION('',(-0.,-0.,-1.));
#2896=DIRECTION('',(-0.015707317,-0.999876632,0.));
#2897=AXIS2_PLACEMENT_3D('',#2894,#2895,#2896);
#2898=CIRCLE('',#2897,7.);
#2899=EDGE_CURVE('',#2753,#2695,#2898,.T.);
#2900=ORIENTED_EDGE('',*,*,#2899,.F.);
#2901=ORIENTED_EDGE('',*,*,#2758,.F.);
#2902=EDGE_LOOP('',(#2892,#2893,#2900,#2901));
#2903=FACE_BOUND('',#2902,.T.);
#2904=ADVANCED_FACE('',(#2903),#2885,.F.);
#2905=CARTESIAN_POINT('',(169.163673142,152.292713283,99.4));
#2906=DIRECTION('',(-0.015707317,-0.999876632,0.));
#2907=DIRECTION('',(-0.999876632,0.015707317,-0.));
#2908=AXIS2_PLACEMENT_3D('',#2905,#2906,#2907);
#2909=PLANE('',#2908);
#2910=CARTESIAN_POINT('',(187.161452527,152.009981571,101.9));
#2911=VERTEX_POINT('',#2910);
#2912=CARTESIAN_POINT('',(187.161452527,152.009981571,118.4));
#2913=VERTEX_POINT('',#2912);
#2914=CARTESIAN_POINT('',(187.161452527,152.009981571,101.9));
#2915=DIRECTION('',(0.,0.,1.));
#2916=VECTOR('',#2915,16.5);
#2917=LINE('',#2914,#2916);
#2918=EDGE_CURVE('',#2911,#2913,#2917,.T.);
#2919=ORIENTED_EDGE('',*,*,#2918,.T.);
#2920=CARTESIAN_POINT('',(151.165893757,152.575444994,118.4));
#2921=VERTEX_POINT('',#2920);
#2922=CARTESIAN_POINT('',(187.161452527,152.009981571,118.4));
#2923=DIRECTION('',(-0.999876632,0.015707317,-0.));
#2924=VECTOR('',#2923,36.);
#2925=LINE('',#2922,#2924);
#2926=EDGE_CURVE('',#2913,#2921,#2925,.T.);
#2927=ORIENTED_EDGE('',*,*,#2926,.T.);
#2928=CARTESIAN_POINT('',(151.165893757,152.575444994,101.9));
#2929=VERTEX_POINT('',#2928);
#2930=CARTESIAN_POINT('',(151.165893757,152.575444994,118.4));
#2931=DIRECTION('',(-0.,-0.,-1.));
#2932=VECTOR('',#2931,16.5);
#2933=LINE('',#2930,#2932);
#2934=EDGE_CURVE('',#2921,#2929,#2933,.T.);
#2935=ORIENTED_EDGE('',*,*,#2934,.T.);
#2936=CARTESIAN_POINT('',(151.165893757,152.575444994,101.9));
#2937=DIRECTION('',(0.999876632,-0.015707317,0.));
#2938=VECTOR('',#2937,36.);
#2939=LINE('',#2936,#2938);
#2940=EDGE_CURVE('',#2929,#2911,#2939,.T.);
#2941=ORIENTED_EDGE('',*,*,#2940,.T.);
#2942=EDGE_LOOP('',(#2919,#2927,#2935,#2941));
#2943=FACE_BOUND('',#2942,.T.);
#2944=CARTESIAN_POINT('',(198.160095484,151.837201081,120.894558918));
#2945=VERTEX_POINT('',#2944);
#2946=CARTESIAN_POINT('',(140.1672508,152.748225485,120.894558918));
#2947=VERTEX_POINT('',#2946);
#2948=CARTESIAN_POINT('',(198.160095484,151.837201081,120.894558918));
#2949=DIRECTION('',(-0.999876632,0.015707317,0.));
#2950=VECTOR('',#2949,58.);
#2951=LINE('',#2948,#2950);
#2952=EDGE_CURVE('',#2945,#2947,#2951,.T.);
#2953=ORIENTED_EDGE('',*,*,#2952,.F.);
#2954=CARTESIAN_POINT('',(198.160095484,151.837201081,101.4));
#2955=VERTEX_POINT('',#2954);
#2956=CARTESIAN_POINT('',(198.160095484,151.837201081,120.894558918));
#2957=DIRECTION('',(-0.,-0.,-1.));
#2958=VECTOR('',#2957,19.494558918);
#2959=LINE('',#2956,#2958);
#2960=EDGE_CURVE('',#2945,#2955,#2959,.T.);
#2961=ORIENTED_EDGE('',*,*,#2960,.T.);
#2962=CARTESIAN_POINT('',(140.1672508,152.748225485,101.4));
#2963=VERTEX_POINT('',#2962);
#2964=CARTESIAN_POINT('',(198.160095484,151.837201081,101.4));
#2965=DIRECTION('',(-0.999876632,0.015707317,-0.));
#2966=VECTOR('',#2965,58.);
#2967=LINE('',#2964,#2966);
#2968=EDGE_CURVE('',#2955,#2963,#2967,.T.);
#2969=ORIENTED_EDGE('',*,*,#2968,.T.);
#2970=CARTESIAN_POINT('',(140.1672508,152.748225485,101.4));
#2971=DIRECTION('',(0.,0.,1.));
#2972=VECTOR('',#2971,19.494558918);
#2973=LINE('',#2970,#2972);
#2974=EDGE_CURVE('',#2963,#2947,#2973,.T.);
#2975=ORIENTED_EDGE('',*,*,#2974,.T.);
#2976=EDGE_LOOP('',(#2953,#2961,#2969,#2975));
#2977=FACE_BOUND('',#2976,.T.);
#2978=ADVANCED_FACE('',(#2943,#2977),#2909,.F.);
#2979=CARTESIAN_POINT('',(138.696154648,122.767633828,99.4));
#2980=DIRECTION('',(0.999876632,-0.015707317,0.));
#2981=DIRECTION('',(-0.015707317,-0.999876632,0.));
#2982=AXIS2_PLACEMENT_3D('',#2979,#2980,#2981);
#2983=PLANE('',#2982);
#2984=CARTESIAN_POINT('',(139.15166685,151.76405617,101.4));
#2985=VERTEX_POINT('',#2984);
#2986=CARTESIAN_POINT('',(138.240642446,93.771211486,101.4));
#2987=VERTEX_POINT('',#2986);
#2988=CARTESIAN_POINT('',(139.15166685,151.76405617,101.4));
#2989=DIRECTION('',(-0.015707317,-0.999876632,0.));
#2990=VECTOR('',#2989,58.);
#2991=LINE('',#2988,#2990);
#2992=EDGE_CURVE('',#2985,#2987,#2991,.T.);
#2993=ORIENTED_EDGE('',*,*,#2992,.T.);
#2994=CARTESIAN_POINT('',(138.240642446,93.771211486,120.894558918));
#2995=VERTEX_POINT('',#2994);
#2996=CARTESIAN_POINT('',(138.240642446,93.771211486,101.4));
#2997=DIRECTION('',(0.,0.,1.));
#2998=VECTOR('',#2997,19.494558918);
#2999=LINE('',#2996,#2998);
#3000=EDGE_CURVE('',#2987,#2995,#2999,.T.);
#3001=ORIENTED_EDGE('',*,*,#3000,.T.);
#3002=CARTESIAN_POINT('',(139.15166685,151.76405617,120.894558918));
#3003=VERTEX_POINT('',#3002);
#3004=CARTESIAN_POINT('',(139.15166685,151.76405617,120.894558918));
#3005=DIRECTION('',(-0.015707317,-0.999876632,0.));
#3006=VECTOR('',#3005,58.);
#3007=LINE('',#3004,#3006);
#3008=EDGE_CURVE('',#3003,#2995,#3007,.T.);
#3009=ORIENTED_EDGE('',*,*,#3008,.F.);
#3010=CARTESIAN_POINT('',(139.15166685,151.76405617,120.894558918));
#3011=DIRECTION('',(-0.,-0.,-1.));
#3012=VECTOR('',#3011,19.494558918);
#3013=LINE('',#3010,#3012);
#3014=EDGE_CURVE('',#3003,#2985,#3013,.T.);
#3015=ORIENTED_EDGE('',*,*,#3014,.T.);
#3016=EDGE_LOOP('',(#2993,#3001,#3009,#3015));
#3017=FACE_BOUND('',#3016,.T.);
#3018=ADVANCED_FACE('',(#3017),#2983,.F.);
#3019=CARTESIAN_POINT('',(198.688752597,121.825194789,99.4));
#3020=DIRECTION('',(-0.999876632,0.015707317,-0.));
#3021=DIRECTION('',(0.015707317,0.999876632,-0.));
#3022=AXIS2_PLACEMENT_3D('',#3019,#3020,#3021);
#3023=PLANE('',#3022);
#3024=CARTESIAN_POINT('',(198.233240395,92.828772447,101.4));
#3025=VERTEX_POINT('',#3024);
#3026=CARTESIAN_POINT('',(199.144264799,150.821617131,101.4));
#3027=VERTEX_POINT('',#3026);
#3028=CARTESIAN_POINT('',(198.233240395,92.828772447,101.4));
#3029=DIRECTION('',(0.015707317,0.999876632,-0.));
#3030=VECTOR('',#3029,58.);
#3031=LINE('',#3028,#3030);
#3032=EDGE_CURVE('',#3025,#3027,#3031,.T.);
#3033=ORIENTED_EDGE('',*,*,#3032,.T.);
#3034=CARTESIAN_POINT('',(199.144264799,150.821617131,120.894558918));
#3035=VERTEX_POINT('',#3034);
#3036=CARTESIAN_POINT('',(199.144264799,150.821617131,101.4));
#3037=DIRECTION('',(0.,0.,1.));
#3038=VECTOR('',#3037,19.494558918);
#3039=LINE('',#3036,#3038);
#3040=EDGE_CURVE('',#3027,#3035,#3039,.T.);
#3041=ORIENTED_EDGE('',*,*,#3040,.T.);
#3042=CARTESIAN_POINT('',(198.233240395,92.828772447,120.894558918));
#3043=VERTEX_POINT('',#3042);
#3044=CARTESIAN_POINT('',(198.233240395,92.828772447,120.894558918));
#3045=DIRECTION('',(0.015707317,0.999876632,-0.));
#3046=VECTOR('',#3045,58.);
#3047=LINE('',#3044,#3046);
#3048=EDGE_CURVE('',#3043,#3035,#3047,.T.);
#3049=ORIENTED_EDGE('',*,*,#3048,.F.);
#3050=CARTESIAN_POINT('',(198.233240395,92.828772447,120.894558918));
#3051=DIRECTION('',(-0.,-0.,-1.));
#3052=VECTOR('',#3051,19.494558918);
#3053=LINE('',#3050,#3052);
#3054=EDGE_CURVE('',#3043,#3025,#3053,.T.);
#3055=ORIENTED_EDGE('',*,*,#3054,.T.);
#3056=EDGE_LOOP('',(#3033,#3041,#3049,#3055));
#3057=FACE_BOUND('',#3056,.T.);
#3058=ADVANCED_FACE('',(#3057),#3023,.F.);
#3059=CARTESIAN_POINT('',(168.221234103,92.300115334,99.4));
#3060=DIRECTION('',(0.015707317,0.999876632,-0.));
#3061=DIRECTION('',(0.999876632,-0.015707317,0.));
#3062=AXIS2_PLACEMENT_3D('',#3059,#3060,#3061);
#3063=PLANE('',#3062);
#3064=CARTESIAN_POINT('',(139.224811761,92.755627536,101.4));
#3065=VERTEX_POINT('',#3064);
#3066=CARTESIAN_POINT('',(197.217656445,91.844603132,101.4));
#3067=VERTEX_POINT('',#3066);
#3068=CARTESIAN_POINT('',(139.224811761,92.755627536,101.4));
#3069=DIRECTION('',(0.999876632,-0.015707317,0.));
#3070=VECTOR('',#3069,58.);
#3071=LINE('',#3068,#3070);
#3072=EDGE_CURVE('',#3065,#3067,#3071,.T.);
#3073=ORIENTED_EDGE('',*,*,#3072,.T.);
#3074=CARTESIAN_POINT('',(197.217656445,91.844603132,120.894558918));
#3075=VERTEX_POINT('',#3074);
#3076=CARTESIAN_POINT('',(197.217656445,91.844603132,101.4));
#3077=DIRECTION('',(0.,0.,1.));
#3078=VECTOR('',#3077,19.494558918);
#3079=LINE('',#3076,#3078);
#3080=EDGE_CURVE('',#3067,#3075,#3079,.T.);
#3081=ORIENTED_EDGE('',*,*,#3080,.T.);
#3082=CARTESIAN_POINT('',(139.224811761,92.755627536,120.894558918));
#3083=VERTEX_POINT('',#3082);
#3084=CARTESIAN_POINT('',(139.224811761,92.755627536,120.894558918));
#3085=DIRECTION('',(0.999876632,-0.015707317,-0.));
#3086=VECTOR('',#3085,58.);
#3087=LINE('',#3084,#3086);
#3088=EDGE_CURVE('',#3083,#3075,#3087,.T.);
#3089=ORIENTED_EDGE('',*,*,#3088,.F.);
#3090=CARTESIAN_POINT('',(139.224811761,92.755627536,120.894558918));
#3091=DIRECTION('',(-0.,-0.,-1.));
#3092=VECTOR('',#3091,19.494558918);
#3093=LINE('',#3090,#3092);
#3094=EDGE_CURVE('',#3083,#3065,#3093,.T.);
#3095=ORIENTED_EDGE('',*,*,#3094,.T.);
#3096=EDGE_LOOP('',(#3073,#3081,#3089,#3095));
#3097=FACE_BOUND('',#3096,.T.);
#3098=ADVANCED_FACE('',(#3097),#3063,.F.);
#3099=CARTESIAN_POINT('',(167.85525361,69.002989797,120.9));
#3100=DIRECTION('',(0.015707317,0.999876632,-0.));
#3101=DIRECTION('',(0.999876632,-0.015707317,0.));
#3102=AXIS2_PLACEMENT_3D('',#3099,#3100,#3101);
#3103=PLANE('',#3102);
#3104=CARTESIAN_POINT('',(150.857350858,69.270014191,122.894558918));
#3105=VERTEX_POINT('',#3104);
#3106=CARTESIAN_POINT('',(150.857350858,69.270014191,122.9));
#3107=VERTEX_POINT('',#3106);
#3108=CARTESIAN_POINT('',(150.857350858,69.270014191,122.894558918));
#3109=DIRECTION('',(0.,0.,1.));
#3110=VECTOR('',#3109,0.005441082);
#3111=LINE('',#3108,#3110);
#3112=EDGE_CURVE('',#3105,#3107,#3111,.T.);
#3113=ORIENTED_EDGE('',*,*,#3112,.F.);
#3114=CARTESIAN_POINT('',(184.853156362,68.735965403,122.894558918));
#3115=VERTEX_POINT('',#3114);
#3116=CARTESIAN_POINT('',(150.857350858,69.270014191,122.894558918));
#3117=DIRECTION('',(0.999876632,-0.015707317,0.));
#3118=VECTOR('',#3117,34.);
#3119=LINE('',#3116,#3118);
#3120=EDGE_CURVE('',#3105,#3115,#3119,.T.);
#3121=ORIENTED_EDGE('',*,*,#3120,.T.);
#3122=CARTESIAN_POINT('',(184.853156362,68.735965403,122.9));
#3123=VERTEX_POINT('',#3122);
#3124=CARTESIAN_POINT('',(184.853156362,68.735965403,122.894558918));
#3125=DIRECTION('',(0.,0.,1.));
#3126=VECTOR('',#3125,0.005441082);
#3127=LINE('',#3124,#3126);
#3128=EDGE_CURVE('',#3115,#3123,#3127,.T.);
#3129=ORIENTED_EDGE('',*,*,#3128,.T.);
#3130=CARTESIAN_POINT('',(184.853156362,68.735965403,122.9));
#3131=DIRECTION('',(-0.999876632,0.015707317,-0.));
#3132=VECTOR('',#3131,34.);
#3133=LINE('',#3130,#3132);
#3134=EDGE_CURVE('',#3123,#3107,#3133,.T.);
#3135=ORIENTED_EDGE('',*,*,#3134,.T.);
#3136=EDGE_LOOP('',(#3113,#3121,#3129,#3135));
#3137=FACE_BOUND('',#3136,.T.);
#3138=ADVANCED_FACE('',(#3137),#3103,.F.);
#3139=CARTESIAN_POINT('',(167.823838975,67.003236532,120.9));
#3140=DIRECTION('',(0.015707317,0.999876632,-0.));
#3141=DIRECTION('',(0.999876632,-0.015707317,0.));
#3142=AXIS2_PLACEMENT_3D('',#3139,#3140,#3141);
#3143=PLANE('',#3142);
#3144=CARTESIAN_POINT('',(150.825936223,67.270260926,122.894558918));
#3145=VERTEX_POINT('',#3144);
#3146=CARTESIAN_POINT('',(184.821741727,66.736212138,122.894558918));
#3147=VERTEX_POINT('',#3146);
#3148=CARTESIAN_POINT('',(150.825936223,67.270260926,122.894558918));
#3149=DIRECTION('',(0.999876632,-0.015707317,0.));
#3150=VECTOR('',#3149,34.);
#3151=LINE('',#3148,#3150);
#3152=EDGE_CURVE('',#3145,#3147,#3151,.T.);
#3153=ORIENTED_EDGE('',*,*,#3152,.F.);
#3154=CARTESIAN_POINT('',(150.825936223,67.270260926,122.9));
#3155=VERTEX_POINT('',#3154);
#3156=CARTESIAN_POINT('',(150.825936223,67.270260926,122.894558918));
#3157=DIRECTION('',(0.,0.,1.));
#3158=VECTOR('',#3157,0.005441082);
#3159=LINE('',#3156,#3158);
#3160=EDGE_CURVE('',#3145,#3155,#3159,.T.);
#3161=ORIENTED_EDGE('',*,*,#3160,.T.);
#3162=CARTESIAN_POINT('',(184.821741727,66.736212138,122.9));
#3163=VERTEX_POINT('',#3162);
#3164=CARTESIAN_POINT('',(184.821741727,66.736212138,122.9));
#3165=DIRECTION('',(-0.999876632,0.015707317,-0.));
#3166=VECTOR('',#3165,34.);
#3167=LINE('',#3164,#3166);
#3168=EDGE_CURVE('',#3163,#3155,#3167,.T.);
#3169=ORIENTED_EDGE('',*,*,#3168,.F.);
#3170=CARTESIAN_POINT('',(184.821741727,66.736212138,122.894558918));
#3171=DIRECTION('',(0.,0.,1.));
#3172=VECTOR('',#3171,0.005441082);
#3173=LINE('',#3170,#3172);
#3174=EDGE_CURVE('',#3147,#3163,#3173,.T.);
#3175=ORIENTED_EDGE('',*,*,#3174,.F.);
#3176=EDGE_LOOP('',(#3153,#3161,#3169,#3175));
#3177=FACE_BOUND('',#3176,.T.);
#3178=ADVANCED_FACE('',(#3177),#3143,.T.);
#3179=CARTESIAN_POINT('',(103.702934494,59.809516454,122.9));
#3180=DIRECTION('',(-0.,-0.,-1.));
#3181=DIRECTION('',(0.015707317,0.999876632,-0.));
#3182=AXIS2_PLACEMENT_3D('',#3179,#3180,#3181);
#3183=PLANE('',#3182);
#3184=CARTESIAN_POINT('',(212.694578387,172.914623631,122.9));
#3185=VERTEX_POINT('',#3184);
#3186=CARTESIAN_POINT('',(211.520444603,170.201360545,122.9));
#3187=VERTEX_POINT('',#3186);
#3188=CARTESIAN_POINT('',(212.669446679,171.314821019,122.9));
#3189=DIRECTION('',(-0.,-0.,-1.));
#3190=DIRECTION('',(0.015707317,0.999876632,-0.));
#3191=AXIS2_PLACEMENT_3D('',#3188,#3189,#3190);
#3192=CIRCLE('',#3191,1.6);
#3193=EDGE_CURVE('',#3185,#3187,#3192,.T.);
#3194=ORIENTED_EDGE('',*,*,#3193,.T.);
#3195=CARTESIAN_POINT('',(212.669446679,171.314821019,122.9));
#3196=DIRECTION('',(-0.,-0.,-1.));
#3197=DIRECTION('',(0.015707317,0.999876632,-0.));
#3198=AXIS2_PLACEMENT_3D('',#3195,#3196,#3197);
#3199=CIRCLE('',#3198,1.6);
#3200=EDGE_CURVE('',#3187,#3185,#3199,.T.);
#3201=ORIENTED_EDGE('',*,*,#3200,.T.);
#3202=EDGE_LOOP('',(#3194,#3201));
#3203=FACE_BOUND('',#3202,.T.);
#3204=CARTESIAN_POINT('',(216.19480578,101.023527845,122.9));
#3205=VERTEX_POINT('',#3204);
#3206=CARTESIAN_POINT('',(214.910596954,98.055896344,122.9));
#3207=VERTEX_POINT('',#3206);
#3208=CARTESIAN_POINT('',(216.167317975,99.273743738,122.9));
#3209=DIRECTION('',(-0.,-0.,-1.));
#3210=DIRECTION('',(0.015707317,0.999876632,-0.));
#3211=AXIS2_PLACEMENT_3D('',#3208,#3209,#3210);
#3212=CIRCLE('',#3211,1.75);
#3213=EDGE_CURVE('',#3205,#3207,#3212,.T.);
#3214=ORIENTED_EDGE('',*,*,#3213,.T.);
#3215=CARTESIAN_POINT('',(216.167317975,99.273743738,122.9));
#3216=DIRECTION('',(-0.,-0.,-1.));
#3217=DIRECTION('',(0.015707317,0.999876632,-0.));
#3218=AXIS2_PLACEMENT_3D('',#3215,#3216,#3217);
#3219=CIRCLE('',#3218,1.75);
#3220=EDGE_CURVE('',#3207,#3205,#3219,.T.);
#3221=ORIENTED_EDGE('',*,*,#3220,.T.);
#3222=EDGE_LOOP('',(#3214,#3221));
#3223=FACE_BOUND('',#3222,.T.);
#3224=CARTESIAN_POINT('',(118.592788018,100.435200784,122.9));
#3225=VERTEX_POINT('',#3224);
#3226=CARTESIAN_POINT('',(117.308579191,97.467569283,122.9));
#3227=VERTEX_POINT('',#3226);
#3228=CARTESIAN_POINT('',(118.565300212,98.685416677,122.9));
#3229=DIRECTION('',(-0.,-0.,-1.));
#3230=DIRECTION('',(0.015707317,0.999876632,-0.));
#3231=AXIS2_PLACEMENT_3D('',#3228,#3229,#3230);
#3232=CIRCLE('',#3231,1.75);
#3233=EDGE_CURVE('',#3225,#3227,#3232,.T.);
#3234=ORIENTED_EDGE('',*,*,#3233,.T.);
#3235=CARTESIAN_POINT('',(118.565300212,98.685416677,122.9));
#3236=DIRECTION('',(-0.,-0.,-1.));
#3237=DIRECTION('',(0.015707317,0.999876632,-0.));
#3238=AXIS2_PLACEMENT_3D('',#3235,#3236,#3237);
#3239=CIRCLE('',#3238,1.75);
#3240=EDGE_CURVE('',#3227,#3225,#3239,.T.);
#3241=ORIENTED_EDGE('',*,*,#3240,.T.);
#3242=EDGE_LOOP('',(#3234,#3241));
#3243=FACE_BOUND('',#3242,.T.);
#3244=CARTESIAN_POINT('',(129.898308678,173.700576707,122.9));
#3245=VERTEX_POINT('',#3244);
#3246=CARTESIAN_POINT('',(128.724174894,170.98731362,122.9));
#3247=VERTEX_POINT('',#3246);
#3248=CARTESIAN_POINT('',(129.87317697,172.100774095,122.9));
#3249=DIRECTION('',(-0.,-0.,-1.));
#3250=DIRECTION('',(0.015707317,0.999876632,-0.));
#3251=AXIS2_PLACEMENT_3D('',#3248,#3249,#3250);
#3252=CIRCLE('',#3251,1.6);
#3253=EDGE_CURVE('',#3245,#3247,#3252,.T.);
#3254=ORIENTED_EDGE('',*,*,#3253,.T.);
#3255=CARTESIAN_POINT('',(129.87317697,172.100774095,122.9));
#3256=DIRECTION('',(-0.,-0.,-1.));
#3257=DIRECTION('',(0.015707317,0.999876632,-0.));
#3258=AXIS2_PLACEMENT_3D('',#3255,#3256,#3257);
#3259=CIRCLE('',#3258,1.6);
#3260=EDGE_CURVE('',#3247,#3245,#3259,.T.);
#3261=ORIENTED_EDGE('',*,*,#3260,.T.);
#3262=EDGE_LOOP('',(#3254,#3261));
#3263=FACE_BOUND('',#3262,.T.);
#3264=CARTESIAN_POINT('',(222.512378184,138.708566451,122.9));
#3265=VERTEX_POINT('',#3264);
#3266=CARTESIAN_POINT('',(224.512131449,138.677151817,122.9));
#3267=VERTEX_POINT('',#3266);
#3268=CARTESIAN_POINT('',(222.512378184,138.708566451,122.9));
#3269=DIRECTION('',(0.999876632,-0.015707317,0.));
#3270=VECTOR('',#3269,2.);
#3271=LINE('',#3268,#3270);
#3272=EDGE_CURVE('',#3265,#3267,#3271,.T.);
#3273=ORIENTED_EDGE('',*,*,#3272,.T.);
#3274=CARTESIAN_POINT('',(223.97808266,104.681346312,122.9));
#3275=VERTEX_POINT('',#3274);
#3276=CARTESIAN_POINT('',(224.512131449,138.677151817,122.9));
#3277=DIRECTION('',(-0.015707317,-0.999876632,0.));
#3278=VECTOR('',#3277,34.);
#3279=LINE('',#3276,#3278);
#3280=EDGE_CURVE('',#3267,#3275,#3279,.T.);
#3281=ORIENTED_EDGE('',*,*,#3280,.T.);
#3282=CARTESIAN_POINT('',(221.978329395,104.712760947,122.9));
#3283=VERTEX_POINT('',#3282);
#3284=CARTESIAN_POINT('',(221.978329395,104.712760947,122.9));
#3285=DIRECTION('',(0.999876632,-0.015707317,0.));
#3286=VECTOR('',#3285,2.);
#3287=LINE('',#3284,#3286);
#3288=EDGE_CURVE('',#3283,#3275,#3287,.T.);
#3289=ORIENTED_EDGE('',*,*,#3288,.F.);
#3290=CARTESIAN_POINT('',(222.512378184,138.708566451,122.9));
#3291=DIRECTION('',(-0.015707317,-0.999876632,0.));
#3292=VECTOR('',#3291,34.);
#3293=LINE('',#3290,#3292);
#3294=EDGE_CURVE('',#3265,#3283,#3293,.T.);
#3295=ORIENTED_EDGE('',*,*,#3294,.F.);
#3296=EDGE_LOOP('',(#3273,#3281,#3289,#3295));
#3297=FACE_BOUND('',#3296,.T.);
#3298=CARTESIAN_POINT('',(152.539777135,176.367788274,122.9));
#3299=VERTEX_POINT('',#3298);
#3300=CARTESIAN_POINT('',(152.57119177,178.367541539,122.9));
#3301=VERTEX_POINT('',#3300);
#3302=CARTESIAN_POINT('',(152.539777135,176.367788274,122.9));
#3303=DIRECTION('',(0.015707317,0.999876632,-0.));
#3304=VECTOR('',#3303,2.);
#3305=LINE('',#3302,#3304);
#3306=EDGE_CURVE('',#3299,#3301,#3305,.T.);
#3307=ORIENTED_EDGE('',*,*,#3306,.T.);
#3308=CARTESIAN_POINT('',(186.566997274,177.83349275,122.9));
#3309=VERTEX_POINT('',#3308);
#3310=CARTESIAN_POINT('',(152.57119177,178.367541539,122.9));
#3311=DIRECTION('',(0.999876632,-0.015707317,0.));
#3312=VECTOR('',#3311,34.);
#3313=LINE('',#3310,#3312);
#3314=EDGE_CURVE('',#3301,#3309,#3313,.T.);
#3315=ORIENTED_EDGE('',*,*,#3314,.T.);
#3316=CARTESIAN_POINT('',(186.53558264,175.833739485,122.9));
#3317=VERTEX_POINT('',#3316);
#3318=CARTESIAN_POINT('',(186.53558264,175.833739485,122.9));
#3319=DIRECTION('',(0.015707317,0.999876632,-0.));
#3320=VECTOR('',#3319,2.);
#3321=LINE('',#3318,#3320);
#3322=EDGE_CURVE('',#3317,#3309,#3321,.T.);
#3323=ORIENTED_EDGE('',*,*,#3322,.F.);
#3324=CARTESIAN_POINT('',(152.539777135,176.367788274,122.9));
#3325=DIRECTION('',(0.999876632,-0.015707317,0.));
#3326=VECTOR('',#3325,34.);
#3327=LINE('',#3324,#3326);
#3328=EDGE_CURVE('',#3299,#3317,#3327,.T.);
#3329=ORIENTED_EDGE('',*,*,#3328,.F.);
#3330=EDGE_LOOP('',(#3307,#3315,#3323,#3329));
#3331=FACE_BOUND('',#3330,.T.);
#3332=CARTESIAN_POINT('',(122.747712464,62.510707322,122.9));
#3333=VERTEX_POINT('',#3332);
#3334=CARTESIAN_POINT('',(212.736609387,61.097048764,122.9));
#3335=VERTEX_POINT('',#3334);
#3336=CARTESIAN_POINT('',(122.747712464,62.510707322,122.9));
#3337=DIRECTION('',(0.999876632,-0.015707317,0.));
#3338=VECTOR('',#3337,90.);
#3339=LINE('',#3336,#3338);
#3340=EDGE_CURVE('',#3333,#3335,#3339,.T.);
#3341=ORIENTED_EDGE('',*,*,#3340,.T.);
#3342=CARTESIAN_POINT('',(228.985952584,76.843757807,122.9));
#3343=VERTEX_POINT('',#3342);
#3344=CARTESIAN_POINT('',(212.987926464,77.095074884,122.9));
#3345=DIRECTION('',(0.,0.,1.));
#3346=DIRECTION('',(-0.015707317,-0.999876632,0.));
#3347=AXIS2_PLACEMENT_3D('',#3344,#3345,#3346);
#3348=CIRCLE('',#3347,16.);
#3349=EDGE_CURVE('',#3335,#3343,#3348,.T.);
#3350=ORIENTED_EDGE('',*,*,#3349,.T.);
#3351=CARTESIAN_POINT('',(230.383903824,165.832778098,122.9));
#3352=VERTEX_POINT('',#3351);
#3353=CARTESIAN_POINT('',(230.383903824,165.832778098,122.9));
#3354=DIRECTION('',(-0.015707317,-0.999876632,0.));
#3355=VECTOR('',#3354,89.);
#3356=LINE('',#3353,#3355);
#3357=EDGE_CURVE('',#3352,#3343,#3356,.T.);
#3358=ORIENTED_EDGE('',*,*,#3357,.F.);
#3359=CARTESIAN_POINT('',(214.637194782,182.082121295,122.9));
#3360=VERTEX_POINT('',#3359);
#3361=CARTESIAN_POINT('',(214.385877705,166.084095175,122.9));
#3362=DIRECTION('',(0.,0.,1.));
#3363=DIRECTION('',(0.015707317,0.999876632,-0.));
#3364=AXIS2_PLACEMENT_3D('',#3361,#3362,#3363);
#3365=CIRCLE('',#3364,16.);
#3366=EDGE_CURVE('',#3352,#3360,#3365,.T.);
#3367=ORIENTED_EDGE('',*,*,#3366,.T.);
#3368=CARTESIAN_POINT('',(124.648297858,183.495779853,122.9));
#3369=VERTEX_POINT('',#3368);
#3370=CARTESIAN_POINT('',(124.648297858,183.495779853,122.9));
#3371=DIRECTION('',(0.999876632,-0.015707317,0.));
#3372=VECTOR('',#3371,90.);
#3373=LINE('',#3370,#3372);
#3374=EDGE_CURVE('',#3369,#3360,#3373,.T.);
#3375=ORIENTED_EDGE('',*,*,#3374,.F.);
#3376=CARTESIAN_POINT('',(108.398954662,167.74907081,122.9));
#3377=VERTEX_POINT('',#3376);
#3378=CARTESIAN_POINT('',(124.396980781,167.497753733,122.9));
#3379=DIRECTION('',(0.,0.,1.));
#3380=DIRECTION('',(0.015707317,0.999876632,-0.));
#3381=AXIS2_PLACEMENT_3D('',#3378,#3379,#3380);
#3382=CIRCLE('',#3381,16.);
#3383=EDGE_CURVE('',#3369,#3377,#3382,.T.);
#3384=ORIENTED_EDGE('',*,*,#3383,.T.);
#3385=CARTESIAN_POINT('',(107.001003421,78.760050519,122.9));
#3386=VERTEX_POINT('',#3385);
#3387=CARTESIAN_POINT('',(107.001003421,78.760050519,122.9));
#3388=DIRECTION('',(0.015707317,0.999876632,-0.));
#3389=VECTOR('',#3388,89.);
#3390=LINE('',#3387,#3389);
#3391=EDGE_CURVE('',#3386,#3377,#3390,.T.);
#3392=ORIENTED_EDGE('',*,*,#3391,.F.);
#3393=CARTESIAN_POINT('',(122.999029541,78.508733442,122.9));
#3394=DIRECTION('',(0.,0.,1.));
#3395=DIRECTION('',(-0.015707317,-0.999876632,0.));
#3396=AXIS2_PLACEMENT_3D('',#3393,#3394,#3395);
#3397=CIRCLE('',#3396,16.);
#3398=EDGE_CURVE('',#3386,#3333,#3397,.T.);
#3399=ORIENTED_EDGE('',*,*,#3398,.T.);
#3400=EDGE_LOOP('',(#3341,#3350,#3358,#3367,#3375,#3384,#3392,#3399));
#3401=FACE_BOUND('',#3400,.T.);
#3402=CARTESIAN_POINT('',(184.853156362,68.735965403,122.9));
#3403=DIRECTION('',(-0.015707317,-0.999876632,0.));
#3404=VECTOR('',#3403,2.);
#3405=LINE('',#3402,#3404);
#3406=EDGE_CURVE('',#3123,#3163,#3405,.T.);
#3407=ORIENTED_EDGE('',*,*,#3406,.T.);
#3408=ORIENTED_EDGE('',*,*,#3168,.T.);
#3409=CARTESIAN_POINT('',(150.857350858,69.270014191,122.9));
#3410=DIRECTION('',(-0.015707317,-0.999876632,0.));
#3411=VECTOR('',#3410,2.);
#3412=LINE('',#3409,#3411);
#3413=EDGE_CURVE('',#3107,#3155,#3412,.T.);
#3414=ORIENTED_EDGE('',*,*,#3413,.F.);
#3415=ORIENTED_EDGE('',*,*,#3134,.F.);
#3416=EDGE_LOOP('',(#3407,#3408,#3414,#3415));
#3417=FACE_BOUND('',#3416,.T.);
#3418=ORIENTED_EDGE('',*,*,#2684,.T.);
#3419=ORIENTED_EDGE('',*,*,#2851,.T.);
#3420=ORIENTED_EDGE('',*,*,#2804,.T.);
#3421=ORIENTED_EDGE('',*,*,#2875,.T.);
#3422=ORIENTED_EDGE('',*,*,#2764,.T.);
#3423=ORIENTED_EDGE('',*,*,#2899,.T.);
#3424=ORIENTED_EDGE('',*,*,#2724,.T.);
#3425=ORIENTED_EDGE('',*,*,#2827,.T.);
#3426=EDGE_LOOP('',(#3418,#3419,#3420,#3421,#3422,#3423,#3424,#3425));
#3427=FACE_BOUND('',#3426,.T.);
#3428=ADVANCED_FACE('',(#3203,#3223,#3243,#3263,#3297,#3331,#3401,#3417,#3427),#3183,.F.);
#3429=CARTESIAN_POINT('',(222.245353789,121.710663699,120.9));
#3430=DIRECTION('',(-0.999876632,0.015707317,-0.));
#3431=DIRECTION('',(0.015707317,0.999876632,-0.));
#3432=AXIS2_PLACEMENT_3D('',#3429,#3430,#3431);
#3433=PLANE('',#3432);
#3434=CARTESIAN_POINT('',(221.978329395,104.712760947,122.894558918));
#3435=VERTEX_POINT('',#3434);
#3436=CARTESIAN_POINT('',(221.978329395,104.712760947,122.894558918));
#3437=DIRECTION('',(0.,0.,1.));
#3438=VECTOR('',#3437,0.005441082);
#3439=LINE('',#3436,#3438);
#3440=EDGE_CURVE('',#3435,#3283,#3439,.T.);
#3441=ORIENTED_EDGE('',*,*,#3440,.F.);
#3442=CARTESIAN_POINT('',(222.512378184,138.708566451,122.894558918));
#3443=VERTEX_POINT('',#3442);
#3444=CARTESIAN_POINT('',(221.978329395,104.712760947,122.894558918));
#3445=DIRECTION('',(0.015707317,0.999876632,-0.));
#3446=VECTOR('',#3445,34.);
#3447=LINE('',#3444,#3446);
#3448=EDGE_CURVE('',#3435,#3443,#3447,.T.);
#3449=ORIENTED_EDGE('',*,*,#3448,.T.);
#3450=CARTESIAN_POINT('',(222.512378184,138.708566451,122.894558918));
#3451=DIRECTION('',(0.,0.,1.));
#3452=VECTOR('',#3451,0.005441082);
#3453=LINE('',#3450,#3452);
#3454=EDGE_CURVE('',#3443,#3265,#3453,.T.);
#3455=ORIENTED_EDGE('',*,*,#3454,.T.);
#3456=ORIENTED_EDGE('',*,*,#3294,.T.);
#3457=EDGE_LOOP('',(#3441,#3449,#3455,#3456));
#3458=FACE_BOUND('',#3457,.T.);
#3459=ADVANCED_FACE('',(#3458),#3433,.F.);
#3460=CARTESIAN_POINT('',(222.978206027,104.697053629,120.9));
#3461=DIRECTION('',(-0.015707317,-0.999876632,0.));
#3462=DIRECTION('',(0.,0.,1.));
#3463=AXIS2_PLACEMENT_3D('',#3460,#3461,#3462);
#3464=PLANE('',#3463);
#3465=CARTESIAN_POINT('',(223.97808266,104.681346312,122.894558918));
#3466=VERTEX_POINT('',#3465);
#3467=CARTESIAN_POINT('',(223.97808266,104.681346312,122.894558918));
#3468=DIRECTION('',(0.,0.,1.));
#3469=VECTOR('',#3468,0.005441082);
#3470=LINE('',#3467,#3469);
#3471=EDGE_CURVE('',#3466,#3275,#3470,.T.);
#3472=ORIENTED_EDGE('',*,*,#3471,.F.);
#3473=CARTESIAN_POINT('',(223.97808266,104.681346312,122.894558918));
#3474=DIRECTION('',(-0.999876632,0.015707317,-0.));
#3475=VECTOR('',#3474,2.);
#3476=LINE('',#3473,#3475);
#3477=EDGE_CURVE('',#3466,#3435,#3476,.T.);
#3478=ORIENTED_EDGE('',*,*,#3477,.T.);
#3479=ORIENTED_EDGE('',*,*,#3440,.T.);
#3480=ORIENTED_EDGE('',*,*,#3288,.T.);
#3481=EDGE_LOOP('',(#3472,#3478,#3479,#3480));
#3482=FACE_BOUND('',#3481,.T.);
#3483=ADVANCED_FACE('',(#3482),#3464,.F.);
#3484=CARTESIAN_POINT('',(223.512254816,138.692859134,120.9));
#3485=DIRECTION('',(-0.015707317,-0.999876632,0.));
#3486=DIRECTION('',(0.,0.,1.));
#3487=AXIS2_PLACEMENT_3D('',#3484,#3485,#3486);
#3488=PLANE('',#3487);
#3489=CARTESIAN_POINT('',(224.512131449,138.677151817,122.894558918));
#3490=VERTEX_POINT('',#3489);
#3491=CARTESIAN_POINT('',(224.512131449,138.677151817,122.894558918));
#3492=DIRECTION('',(-0.999876632,0.015707317,0.));
#3493=VECTOR('',#3492,2.);
#3494=LINE('',#3491,#3493);
#3495=EDGE_CURVE('',#3490,#3443,#3494,.T.);
#3496=ORIENTED_EDGE('',*,*,#3495,.F.);
#3497=CARTESIAN_POINT('',(224.512131449,138.677151817,122.894558918));
#3498=DIRECTION('',(0.,0.,1.));
#3499=VECTOR('',#3498,0.005441082);
#3500=LINE('',#3497,#3499);
#3501=EDGE_CURVE('',#3490,#3267,#3500,.T.);
#3502=ORIENTED_EDGE('',*,*,#3501,.T.);
#3503=ORIENTED_EDGE('',*,*,#3272,.F.);
#3504=ORIENTED_EDGE('',*,*,#3454,.F.);
#3505=EDGE_LOOP('',(#3496,#3502,#3503,#3504));
#3506=FACE_BOUND('',#3505,.T.);
#3507=ADVANCED_FACE('',(#3506),#3488,.T.);
#3508=CARTESIAN_POINT('',(224.245107054,121.679249064,120.9));
#3509=DIRECTION('',(-0.999876632,0.015707317,-0.));
#3510=DIRECTION('',(0.015707317,0.999876632,-0.));
#3511=AXIS2_PLACEMENT_3D('',#3508,#3509,#3510);
#3512=PLANE('',#3511);
#3513=CARTESIAN_POINT('',(223.97808266,104.681346312,122.894558918));
#3514=DIRECTION('',(0.015707317,0.999876632,-0.));
#3515=VECTOR('',#3514,34.);
#3516=LINE('',#3513,#3515);
#3517=EDGE_CURVE('',#3466,#3490,#3516,.T.);
#3518=ORIENTED_EDGE('',*,*,#3517,.F.);
#3519=ORIENTED_EDGE('',*,*,#3471,.T.);
#3520=ORIENTED_EDGE('',*,*,#3280,.F.);
#3521=ORIENTED_EDGE('',*,*,#3501,.F.);
#3522=EDGE_LOOP('',(#3518,#3519,#3520,#3521));
#3523=FACE_BOUND('',#3522,.T.);
#3524=ADVANCED_FACE('',(#3523),#3512,.T.);
#3525=CARTESIAN_POINT('',(169.537679888,176.100763879,120.9));
#3526=DIRECTION('',(-0.015707317,-0.999876632,0.));
#3527=DIRECTION('',(-0.999876632,0.015707317,-0.));
#3528=AXIS2_PLACEMENT_3D('',#3525,#3526,#3527);
#3529=PLANE('',#3528);
#3530=CARTESIAN_POINT('',(186.53558264,175.833739485,122.894558918));
#3531=VERTEX_POINT('',#3530);
#3532=CARTESIAN_POINT('',(186.53558264,175.833739485,122.894558918));
#3533=DIRECTION('',(0.,0.,1.));
#3534=VECTOR('',#3533,0.005441082);
#3535=LINE('',#3532,#3534);
#3536=EDGE_CURVE('',#3531,#3317,#3535,.T.);
#3537=ORIENTED_EDGE('',*,*,#3536,.F.);
#3538=CARTESIAN_POINT('',(152.539777135,176.367788274,122.894558918));
#3539=VERTEX_POINT('',#3538);
#3540=CARTESIAN_POINT('',(186.53558264,175.833739485,122.894558918));
#3541=DIRECTION('',(-0.999876632,0.015707317,-0.));
#3542=VECTOR('',#3541,34.);
#3543=LINE('',#3540,#3542);
#3544=EDGE_CURVE('',#3531,#3539,#3543,.T.);
#3545=ORIENTED_EDGE('',*,*,#3544,.T.);
#3546=CARTESIAN_POINT('',(152.539777135,176.367788274,122.894558918));
#3547=DIRECTION('',(0.,0.,1.));
#3548=VECTOR('',#3547,0.005441082);
#3549=LINE('',#3546,#3548);
#3550=EDGE_CURVE('',#3539,#3299,#3549,.T.);
#3551=ORIENTED_EDGE('',*,*,#3550,.T.);
#3552=ORIENTED_EDGE('',*,*,#3328,.T.);
#3553=EDGE_LOOP('',(#3537,#3545,#3551,#3552));
#3554=FACE_BOUND('',#3553,.T.);
#3555=ADVANCED_FACE('',(#3554),#3529,.F.);
#3556=CARTESIAN_POINT('',(186.541826123,176.231179284,114.264488954));
#3557=DIRECTION('',(0.999876632,-0.015707317,0.));
#3558=DIRECTION('',(0.,0.,1.));
#3559=AXIS2_PLACEMENT_3D('',#3556,#3557,#3558);
#3560=PLANE('',#3559);
#3561=CARTESIAN_POINT('',(186.566997274,177.83349275,122.894558918));
#3562=VERTEX_POINT('',#3561);
#3563=CARTESIAN_POINT('',(186.566997274,177.83349275,122.894558918));
#3564=DIRECTION('',(0.,0.,1.));
#3565=VECTOR('',#3564,0.005441082);
#3566=LINE('',#3563,#3565);
#3567=EDGE_CURVE('',#3562,#3309,#3566,.T.);
#3568=ORIENTED_EDGE('',*,*,#3567,.F.);
#3569=CARTESIAN_POINT('',(186.566997274,177.83349275,122.894558918));
#3570=DIRECTION('',(-0.015707317,-0.999876632,0.));
#3571=VECTOR('',#3570,2.);
#3572=LINE('',#3569,#3571);
#3573=EDGE_CURVE('',#3562,#3531,#3572,.T.);
#3574=ORIENTED_EDGE('',*,*,#3573,.T.);
#3575=ORIENTED_EDGE('',*,*,#3536,.T.);
#3576=ORIENTED_EDGE('',*,*,#3322,.T.);
#3577=EDGE_LOOP('',(#3568,#3574,#3575,#3576));
#3578=FACE_BOUND('',#3577,.T.);
#3579=ADVANCED_FACE('',(#3578),#3560,.F.);
#3580=CARTESIAN_POINT('',(152.555484453,177.367664906,120.9));
#3581=DIRECTION('',(0.999876632,-0.015707317,0.));
#3582=DIRECTION('',(0.,0.,1.));
#3583=AXIS2_PLACEMENT_3D('',#3580,#3581,#3582);
#3584=PLANE('',#3583);
#3585=CARTESIAN_POINT('',(152.57119177,178.367541539,122.894558918));
#3586=VERTEX_POINT('',#3585);
#3587=CARTESIAN_POINT('',(152.57119177,178.367541539,122.894558918));
#3588=DIRECTION('',(-0.015707317,-0.999876632,0.));
#3589=VECTOR('',#3588,2.);
#3590=LINE('',#3587,#3589);
#3591=EDGE_CURVE('',#3586,#3539,#3590,.T.);
#3592=ORIENTED_EDGE('',*,*,#3591,.F.);
#3593=CARTESIAN_POINT('',(152.57119177,178.367541539,122.894558918));
#3594=DIRECTION('',(0.,0.,1.));
#3595=VECTOR('',#3594,0.005441082);
#3596=LINE('',#3593,#3595);
#3597=EDGE_CURVE('',#3586,#3301,#3596,.T.);
#3598=ORIENTED_EDGE('',*,*,#3597,.T.);
#3599=ORIENTED_EDGE('',*,*,#3306,.F.);
#3600=ORIENTED_EDGE('',*,*,#3550,.F.);
#3601=EDGE_LOOP('',(#3592,#3598,#3599,#3600));
#3602=FACE_BOUND('',#3601,.T.);
#3603=ADVANCED_FACE('',(#3602),#3584,.T.);
#3604=CARTESIAN_POINT('',(169.569094522,178.100517144,120.9));
#3605=DIRECTION('',(-0.015707317,-0.999876632,0.));
#3606=DIRECTION('',(-0.999876632,0.015707317,-0.));
#3607=AXIS2_PLACEMENT_3D('',#3604,#3605,#3606);
#3608=PLANE('',#3607);
#3609=CARTESIAN_POINT('',(186.566997274,177.83349275,122.894558918));
#3610=DIRECTION('',(-0.999876632,0.015707317,-0.));
#3611=VECTOR('',#3610,34.);
#3612=LINE('',#3609,#3611);
#3613=EDGE_CURVE('',#3562,#3586,#3612,.T.);
#3614=ORIENTED_EDGE('',*,*,#3613,.F.);
#3615=ORIENTED_EDGE('',*,*,#3567,.T.);
#3616=ORIENTED_EDGE('',*,*,#3314,.F.);
#3617=ORIENTED_EDGE('',*,*,#3597,.F.);
#3618=EDGE_LOOP('',(#3614,#3615,#3616,#3617));
#3619=FACE_BOUND('',#3618,.T.);
#3620=ADVANCED_FACE('',(#3619),#3608,.T.);
#3621=CARTESIAN_POINT('',(184.837449045,67.73608877,120.9));
#3622=DIRECTION('',(-0.999876632,0.015707317,-0.));
#3623=DIRECTION('',(0.,0.,1.));
#3624=AXIS2_PLACEMENT_3D('',#3621,#3622,#3623);
#3625=PLANE('',#3624);
#3626=CARTESIAN_POINT('',(184.821741727,66.736212138,122.894558918));
#3627=DIRECTION('',(0.015707317,0.999876632,-0.));
#3628=VECTOR('',#3627,2.);
#3629=LINE('',#3626,#3628);
#3630=EDGE_CURVE('',#3147,#3115,#3629,.T.);
#3631=ORIENTED_EDGE('',*,*,#3630,.F.);
#3632=ORIENTED_EDGE('',*,*,#3174,.T.);
#3633=ORIENTED_EDGE('',*,*,#3406,.F.);
#3634=ORIENTED_EDGE('',*,*,#3128,.F.);
#3635=EDGE_LOOP('',(#3631,#3632,#3633,#3634));
#3636=FACE_BOUND('',#3635,.T.);
#3637=ADVANCED_FACE('',(#3636),#3625,.T.);
#3638=CARTESIAN_POINT('',(150.84164354,68.270137559,120.9));
#3639=DIRECTION('',(-0.999876632,0.015707317,-0.));
#3640=DIRECTION('',(0.,0.,1.));
#3641=AXIS2_PLACEMENT_3D('',#3638,#3639,#3640);
#3642=PLANE('',#3641);
#3643=ORIENTED_EDGE('',*,*,#3160,.F.);
#3644=CARTESIAN_POINT('',(150.825936223,67.270260926,122.894558918));
#3645=DIRECTION('',(0.015707317,0.999876632,-0.));
#3646=VECTOR('',#3645,2.);
#3647=LINE('',#3644,#3646);
#3648=EDGE_CURVE('',#3145,#3105,#3647,.T.);
#3649=ORIENTED_EDGE('',*,*,#3648,.T.);
#3650=ORIENTED_EDGE('',*,*,#3112,.T.);
#3651=ORIENTED_EDGE('',*,*,#3413,.T.);
#3652=EDGE_LOOP('',(#3643,#3649,#3650,#3651));
#3653=FACE_BOUND('',#3652,.T.);
#3654=ADVANCED_FACE('',(#3653),#3642,.F.);
#3655=CARTESIAN_POINT('',(169.64274632,182.788950574,120.9));
#3656=DIRECTION('',(-0.015707317,-0.999876632,0.));
#3657=DIRECTION('',(-0.999876632,0.015707317,-0.));
#3658=AXIS2_PLACEMENT_3D('',#3655,#3656,#3657);
#3659=PLANE('',#3658);
#3660=CARTESIAN_POINT('',(214.637194782,182.082121295,122.894558918));
#3661=VERTEX_POINT('',#3660);
#3662=CARTESIAN_POINT('',(214.637194782,182.082121295,122.9));
#3663=DIRECTION('',(-0.,-0.,-1.));
#3664=VECTOR('',#3663,0.005441082);
#3665=LINE('',#3662,#3664);
#3666=EDGE_CURVE('',#3360,#3661,#3665,.T.);
#3667=ORIENTED_EDGE('',*,*,#3666,.T.);
#3668=CARTESIAN_POINT('',(124.648297858,183.495779853,122.894558918));
#3669=VERTEX_POINT('',#3668);
#3670=CARTESIAN_POINT('',(214.637194782,182.082121295,122.894558918));
#3671=DIRECTION('',(-0.999876632,0.015707317,-0.));
#3672=VECTOR('',#3671,90.);
#3673=LINE('',#3670,#3672);
#3674=EDGE_CURVE('',#3661,#3669,#3673,.T.);
#3675=ORIENTED_EDGE('',*,*,#3674,.T.);
#3676=CARTESIAN_POINT('',(124.648297858,183.495779853,122.894558918));
#3677=DIRECTION('',(0.,0.,1.));
#3678=VECTOR('',#3677,0.005441082);
#3679=LINE('',#3676,#3678);
#3680=EDGE_CURVE('',#3669,#3369,#3679,.T.);
#3681=ORIENTED_EDGE('',*,*,#3680,.T.);
#3682=ORIENTED_EDGE('',*,*,#3374,.T.);
#3683=EDGE_LOOP('',(#3667,#3675,#3681,#3682));
#3684=FACE_BOUND('',#3683,.T.);
#3685=ADVANCED_FACE('',(#3684),#3659,.F.);
#3686=CARTESIAN_POINT('',(229.802733084,128.837342696,120.9));
#3687=DIRECTION('',(-0.999876632,0.015707317,-0.));
#3688=DIRECTION('',(0.015707317,0.999876632,-0.));
#3689=AXIS2_PLACEMENT_3D('',#3686,#3687,#3688);
#3690=PLANE('',#3689);
#3691=CARTESIAN_POINT('',(228.985952584,76.843757807,122.894558918));
#3692=VERTEX_POINT('',#3691);
#3693=CARTESIAN_POINT('',(228.985952584,76.843757807,122.9));
#3694=DIRECTION('',(-0.,-0.,-1.));
#3695=VECTOR('',#3694,0.005441082);
#3696=LINE('',#3693,#3695);
#3697=EDGE_CURVE('',#3343,#3692,#3696,.T.);
#3698=ORIENTED_EDGE('',*,*,#3697,.T.);
#3699=CARTESIAN_POINT('',(230.383903824,165.832778098,122.894558918));
#3700=VERTEX_POINT('',#3699);
#3701=CARTESIAN_POINT('',(228.985952584,76.843757807,122.894558918));
#3702=DIRECTION('',(0.015707317,0.999876632,-0.));
#3703=VECTOR('',#3702,89.);
#3704=LINE('',#3701,#3703);
#3705=EDGE_CURVE('',#3692,#3700,#3704,.T.);
#3706=ORIENTED_EDGE('',*,*,#3705,.T.);
#3707=CARTESIAN_POINT('',(230.383903824,165.832778098,122.894558918));
#3708=DIRECTION('',(0.,0.,1.));
#3709=VECTOR('',#3708,0.005441082);
#3710=LINE('',#3707,#3709);
#3711=EDGE_CURVE('',#3700,#3352,#3710,.T.);
#3712=ORIENTED_EDGE('',*,*,#3711,.T.);
#3713=ORIENTED_EDGE('',*,*,#3357,.T.);
#3714=EDGE_LOOP('',(#3698,#3706,#3712,#3713));
#3715=FACE_BOUND('',#3714,.T.);
#3716=ADVANCED_FACE('',(#3715),#3690,.F.);
#3717=CARTESIAN_POINT('',(222.90428201,60.937322199,120.9));
#3718=DIRECTION('',(-0.015707317,-0.999876632,0.));
#3719=DIRECTION('',(-0.999876632,0.015707317,-0.));
#3720=AXIS2_PLACEMENT_3D('',#3717,#3718,#3719);
#3721=PLANE('',#3720);
#3722=CARTESIAN_POINT('',(212.736609387,61.097048764,122.894558918));
#3723=VERTEX_POINT('',#3722);
#3724=CARTESIAN_POINT('',(122.747712464,62.510707322,122.894558918));
#3725=VERTEX_POINT('',#3724);
#3726=CARTESIAN_POINT('',(212.736609387,61.097048764,122.894558918));
#3727=DIRECTION('',(-0.999876632,0.015707317,-0.));
#3728=VECTOR('',#3727,90.);
#3729=LINE('',#3726,#3728);
#3730=EDGE_CURVE('',#3723,#3725,#3729,.T.);
#3731=ORIENTED_EDGE('',*,*,#3730,.F.);
#3732=CARTESIAN_POINT('',(212.736609387,61.097048764,122.894558918));
#3733=DIRECTION('',(0.,0.,1.));
#3734=VECTOR('',#3733,0.005441082);
#3735=LINE('',#3732,#3734);
#3736=EDGE_CURVE('',#3723,#3335,#3735,.T.);
#3737=ORIENTED_EDGE('',*,*,#3736,.T.);
#3738=ORIENTED_EDGE('',*,*,#3340,.F.);
#3739=CARTESIAN_POINT('',(122.747712464,62.510707322,122.9));
#3740=DIRECTION('',(-0.,-0.,-1.));
#3741=VECTOR('',#3740,0.005441082);
#3742=LINE('',#3739,#3741);
#3743=EDGE_CURVE('',#3333,#3725,#3742,.T.);
#3744=ORIENTED_EDGE('',*,*,#3743,.T.);
#3745=EDGE_LOOP('',(#3731,#3737,#3738,#3744));
#3746=FACE_BOUND('',#3745,.T.);
#3747=ADVANCED_FACE('',(#3746),#3721,.T.);
#3748=CARTESIAN_POINT('',(106.8910522,71.760914092,120.9));
#3749=DIRECTION('',(0.999876632,-0.015707317,0.));
#3750=DIRECTION('',(-0.,-0.,-1.));
#3751=AXIS2_PLACEMENT_3D('',#3748,#3749,#3750);
#3752=PLANE('',#3751);
#3753=CARTESIAN_POINT('',(108.398954662,167.74907081,122.894558918));
#3754=VERTEX_POINT('',#3753);
#3755=CARTESIAN_POINT('',(108.398954662,167.74907081,122.9));
#3756=DIRECTION('',(-0.,-0.,-1.));
#3757=VECTOR('',#3756,0.005441082);
#3758=LINE('',#3755,#3757);
#3759=EDGE_CURVE('',#3377,#3754,#3758,.T.);
#3760=ORIENTED_EDGE('',*,*,#3759,.T.);
#3761=CARTESIAN_POINT('',(107.001003421,78.760050519,122.894558918));
#3762=VERTEX_POINT('',#3761);
#3763=CARTESIAN_POINT('',(108.398954662,167.74907081,122.894558918));
#3764=DIRECTION('',(-0.015707317,-0.999876632,0.));
#3765=VECTOR('',#3764,89.);
#3766=LINE('',#3763,#3765);
#3767=EDGE_CURVE('',#3754,#3762,#3766,.T.);
#3768=ORIENTED_EDGE('',*,*,#3767,.T.);
#3769=CARTESIAN_POINT('',(107.001003421,78.760050519,122.894558918));
#3770=DIRECTION('',(0.,0.,1.));
#3771=VECTOR('',#3770,0.005441082);
#3772=LINE('',#3769,#3771);
#3773=EDGE_CURVE('',#3762,#3386,#3772,.T.);
#3774=ORIENTED_EDGE('',*,*,#3773,.T.);
#3775=ORIENTED_EDGE('',*,*,#3391,.T.);
#3776=EDGE_LOOP('',(#3760,#3768,#3774,#3775));
#3777=FACE_BOUND('',#3776,.T.);
#3778=ADVANCED_FACE('',(#3777),#3752,.F.);
#3779=CARTESIAN_POINT('',(103.702934494,59.809516454,100.4));
#3780=DIRECTION('',(-0.,-0.,-1.));
#3781=DIRECTION('',(0.015707317,0.999876632,-0.));
#3782=AXIS2_PLACEMENT_3D('',#3779,#3780,#3781);
#3783=PLANE('',#3782);
#3784=CARTESIAN_POINT('',(140.151543483,151.748348852,100.4));
#3785=VERTEX_POINT('',#3784);
#3786=CARTESIAN_POINT('',(198.144388167,150.837324448,100.4));
#3787=VERTEX_POINT('',#3786);
#3788=CARTESIAN_POINT('',(140.151543483,151.748348852,100.4));
#3789=DIRECTION('',(0.999876632,-0.015707317,0.));
#3790=VECTOR('',#3789,58.);
#3791=LINE('',#3788,#3790);
#3792=EDGE_CURVE('',#3785,#3787,#3791,.T.);
#3793=ORIENTED_EDGE('',*,*,#3792,.T.);
#3794=CARTESIAN_POINT('',(197.233363763,92.844479764,100.4));
#3795=VERTEX_POINT('',#3794);
#3796=CARTESIAN_POINT('',(198.144388167,150.837324448,100.4));
#3797=DIRECTION('',(-0.015707317,-0.999876632,0.));
#3798=VECTOR('',#3797,58.);
#3799=LINE('',#3796,#3798);
#3800=EDGE_CURVE('',#3787,#3795,#3799,.T.);
#3801=ORIENTED_EDGE('',*,*,#3800,.T.);
#3802=CARTESIAN_POINT('',(139.240519079,93.755504169,100.4));
#3803=VERTEX_POINT('',#3802);
#3804=CARTESIAN_POINT('',(197.233363763,92.844479764,100.4));
#3805=DIRECTION('',(-0.999876632,0.015707317,-0.));
#3806=VECTOR('',#3805,58.);
#3807=LINE('',#3804,#3806);
#3808=EDGE_CURVE('',#3795,#3803,#3807,.T.);
#3809=ORIENTED_EDGE('',*,*,#3808,.T.);
#3810=CARTESIAN_POINT('',(139.240519079,93.755504169,100.4));
#3811=DIRECTION('',(0.015707317,0.999876632,-0.));
#3812=VECTOR('',#3811,58.);
#3813=LINE('',#3810,#3812);
#3814=EDGE_CURVE('',#3803,#3785,#3813,.T.);
#3815=ORIENTED_EDGE('',*,*,#3814,.T.);
#3816=EDGE_LOOP('',(#3793,#3801,#3809,#3815));
#3817=FACE_BOUND('',#3816,.T.);
#3818=CARTESIAN_POINT('',(147.316068326,145.079534988,100.4));
#3819=VERTEX_POINT('',#3818);
#3820=CARTESIAN_POINT('',(147.272087837,142.279880417,100.4));
#3821=VERTEX_POINT('',#3820);
#3822=CARTESIAN_POINT('',(147.294078082,143.679707703,100.4));
#3823=DIRECTION('',(-0.,-0.,-1.));
#3824=DIRECTION('',(-0.015707317,-0.999876632,0.));
#3825=AXIS2_PLACEMENT_3D('',#3822,#3823,#3824);
#3826=CIRCLE('',#3825,1.4);
#3827=EDGE_CURVE('',#3819,#3821,#3826,.T.);
#3828=ORIENTED_EDGE('',*,*,#3827,.F.);
#3829=CARTESIAN_POINT('',(147.294078082,143.679707703,100.4));
#3830=DIRECTION('',(-0.,-0.,-1.));
#3831=DIRECTION('',(-0.015707317,-0.999876632,0.));
#3832=AXIS2_PLACEMENT_3D('',#3829,#3830,#3831);
#3833=CIRCLE('',#3832,1.4);
#3834=EDGE_CURVE('',#3821,#3819,#3833,.T.);
#3835=ORIENTED_EDGE('',*,*,#3834,.F.);
#3836=EDGE_LOOP('',(#3828,#3835));
#3837=FACE_BOUND('',#3836,.T.);
#3838=CARTESIAN_POINT('',(146.64850734,102.584778108,100.4));
#3839=VERTEX_POINT('',#3838);
#3840=CARTESIAN_POINT('',(146.604526852,99.785123537,100.4));
#3841=VERTEX_POINT('',#3840);
#3842=CARTESIAN_POINT('',(146.626517096,101.184950822,100.4));
#3843=DIRECTION('',(-0.,-0.,-1.));
#3844=DIRECTION('',(-0.015707317,-0.999876632,0.));
#3845=AXIS2_PLACEMENT_3D('',#3842,#3843,#3844);
#3846=CIRCLE('',#3845,1.4);
#3847=EDGE_CURVE('',#3839,#3841,#3846,.T.);
#3848=ORIENTED_EDGE('',*,*,#3847,.F.);
#3849=CARTESIAN_POINT('',(146.626517096,101.184950822,100.4));
#3850=DIRECTION('',(-0.,-0.,-1.));
#3851=DIRECTION('',(-0.015707317,-0.999876632,0.));
#3852=AXIS2_PLACEMENT_3D('',#3849,#3850,#3851);
#3853=CIRCLE('',#3852,1.4);
#3854=EDGE_CURVE('',#3841,#3839,#3853,.T.);
#3855=ORIENTED_EDGE('',*,*,#3854,.F.);
#3856=EDGE_LOOP('',(#3848,#3855));
#3857=FACE_BOUND('',#3856,.T.);
#3858=CARTESIAN_POINT('',(189.143264221,101.917217122,100.4));
#3859=VERTEX_POINT('',#3858);
#3860=CARTESIAN_POINT('',(189.099283732,99.117562551,100.4));
#3861=VERTEX_POINT('',#3860);
#3862=CARTESIAN_POINT('',(189.121273976,100.517389837,100.4));
#3863=DIRECTION('',(-0.,-0.,-1.));
#3864=DIRECTION('',(-0.015707317,-0.999876632,0.));
#3865=AXIS2_PLACEMENT_3D('',#3862,#3863,#3864);
#3866=CIRCLE('',#3865,1.4);
#3867=EDGE_CURVE('',#3859,#3861,#3866,.T.);
#3868=ORIENTED_EDGE('',*,*,#3867,.F.);
#3869=CARTESIAN_POINT('',(189.121273976,100.517389837,100.4));
#3870=DIRECTION('',(-0.,-0.,-1.));
#3871=DIRECTION('',(-0.015707317,-0.999876632,0.));
#3872=AXIS2_PLACEMENT_3D('',#3869,#3870,#3871);
#3873=CIRCLE('',#3872,1.4);
#3874=EDGE_CURVE('',#3861,#3859,#3873,.T.);
#3875=ORIENTED_EDGE('',*,*,#3874,.F.);
#3876=EDGE_LOOP('',(#3868,#3875));
#3877=FACE_BOUND('',#3876,.T.);
#3878=CARTESIAN_POINT('',(189.810825206,144.411974003,100.4));
#3879=VERTEX_POINT('',#3878);
#3880=CARTESIAN_POINT('',(189.766844718,141.612319432,100.4));
#3881=VERTEX_POINT('',#3880);
#3882=CARTESIAN_POINT('',(189.788834962,143.012146717,100.4));
#3883=DIRECTION('',(-0.,-0.,-1.));
#3884=DIRECTION('',(-0.015707317,-0.999876632,0.));
#3885=AXIS2_PLACEMENT_3D('',#3882,#3883,#3884);
#3886=CIRCLE('',#3885,1.4);
#3887=EDGE_CURVE('',#3879,#3881,#3886,.T.);
#3888=ORIENTED_EDGE('',*,*,#3887,.F.);
#3889=CARTESIAN_POINT('',(189.788834962,143.012146717,100.4));
#3890=DIRECTION('',(-0.,-0.,-1.));
#3891=DIRECTION('',(-0.015707317,-0.999876632,0.));
#3892=AXIS2_PLACEMENT_3D('',#3889,#3890,#3891);
#3893=CIRCLE('',#3892,1.4);
#3894=EDGE_CURVE('',#3881,#3879,#3893,.T.);
#3895=ORIENTED_EDGE('',*,*,#3894,.F.);
#3896=EDGE_LOOP('',(#3888,#3895));
#3897=FACE_BOUND('',#3896,.T.);
#3898=ADVANCED_FACE('',(#3817,#3837,#3857,#3877,#3897),#3783,.T.);
#3899=CARTESIAN_POINT('',(187.130037892,150.010228306,110.15));
#3900=DIRECTION('',(-0.999876632,0.015707317,-0.));
#3901=DIRECTION('',(0.015707317,0.999876632,-0.));
#3902=AXIS2_PLACEMENT_3D('',#3899,#3900,#3901);
#3903=PLANE('',#3902);
#3904=ORIENTED_EDGE('',*,*,#2918,.F.);
#3905=CARTESIAN_POINT('',(187.130037892,150.010228306,101.9));
#3906=DIRECTION('',(0.015707317,0.999876632,-0.));
#3907=VECTOR('',#3906,2.);
#3908=LINE('',#3905,#3907);
#3909=EDGE_CURVE('',#2631,#2911,#3908,.T.);
#3910=ORIENTED_EDGE('',*,*,#3909,.F.);
#3911=ORIENTED_EDGE('',*,*,#2636,.T.);
#3912=CARTESIAN_POINT('',(187.130037892,150.010228306,118.4));
#3913=DIRECTION('',(0.015707317,0.999876632,-0.));
#3914=VECTOR('',#3913,2.);
#3915=LINE('',#3912,#3914);
#3916=EDGE_CURVE('',#2621,#2913,#3915,.T.);
#3917=ORIENTED_EDGE('',*,*,#3916,.T.);
#3918=EDGE_LOOP('',(#3904,#3910,#3911,#3917));
#3919=FACE_BOUND('',#3918,.T.);
#3920=ADVANCED_FACE('',(#3919),#3903,.T.);
#3921=CARTESIAN_POINT('',(169.132258507,150.292960018,101.9));
#3922=DIRECTION('',(0.,0.,1.));
#3923=DIRECTION('',(-0.015707317,-0.999876632,0.));
#3924=AXIS2_PLACEMENT_3D('',#3921,#3922,#3923);
#3925=PLANE('',#3924);
#3926=ORIENTED_EDGE('',*,*,#2940,.F.);
#3927=CARTESIAN_POINT('',(151.134479123,150.57569173,101.9));
#3928=DIRECTION('',(0.015707317,0.999876632,-0.));
#3929=VECTOR('',#3928,2.);
#3930=LINE('',#3927,#3929);
#3931=EDGE_CURVE('',#2639,#2929,#3930,.T.);
#3932=ORIENTED_EDGE('',*,*,#3931,.F.);
#3933=ORIENTED_EDGE('',*,*,#2644,.T.);
#3934=ORIENTED_EDGE('',*,*,#3909,.T.);
#3935=EDGE_LOOP('',(#3926,#3932,#3933,#3934));
#3936=FACE_BOUND('',#3935,.T.);
#3937=ADVANCED_FACE('',(#3936),#3925,.T.);
#3938=CARTESIAN_POINT('',(151.134479123,150.57569173,110.15));
#3939=DIRECTION('',(0.999876632,-0.015707317,0.));
#3940=DIRECTION('',(-0.015707317,-0.999876632,0.));
#3941=AXIS2_PLACEMENT_3D('',#3938,#3939,#3940);
#3942=PLANE('',#3941);
#3943=ORIENTED_EDGE('',*,*,#2934,.F.);
#3944=CARTESIAN_POINT('',(151.134479123,150.57569173,118.4));
#3945=DIRECTION('',(0.015707317,0.999876632,-0.));
#3946=VECTOR('',#3945,2.);
#3947=LINE('',#3944,#3946);
#3948=EDGE_CURVE('',#2623,#2921,#3947,.T.);
#3949=ORIENTED_EDGE('',*,*,#3948,.F.);
#3950=ORIENTED_EDGE('',*,*,#2650,.T.);
#3951=ORIENTED_EDGE('',*,*,#3931,.T.);
#3952=EDGE_LOOP('',(#3943,#3949,#3950,#3951));
#3953=FACE_BOUND('',#3952,.T.);
#3954=ADVANCED_FACE('',(#3953),#3942,.T.);
#3955=CARTESIAN_POINT('',(169.132258507,150.292960018,118.4));
#3956=DIRECTION('',(-0.,-0.,-1.));
#3957=DIRECTION('',(0.015707317,0.999876632,-0.));
#3958=AXIS2_PLACEMENT_3D('',#3955,#3956,#3957);
#3959=PLANE('',#3958);
#3960=ORIENTED_EDGE('',*,*,#2926,.F.);
#3961=ORIENTED_EDGE('',*,*,#3916,.F.);
#3962=ORIENTED_EDGE('',*,*,#2628,.T.);
#3963=ORIENTED_EDGE('',*,*,#3948,.T.);
#3964=EDGE_LOOP('',(#3960,#3961,#3962,#3963));
#3965=FACE_BOUND('',#3964,.T.);
#3966=ADVANCED_FACE('',(#3965),#3959,.T.);
#3967=CARTESIAN_POINT('',(122.999029541,78.508733442,120.9));
#3968=DIRECTION('',(-0.,-0.,-1.));
#3969=DIRECTION('',(0.015707317,0.999876632,-0.));
#3970=AXIS2_PLACEMENT_3D('',#3967,#3968,#3969);
#3971=CYLINDRICAL_SURFACE('',#3970,16.);
#3972=CARTESIAN_POINT('',(122.999029541,78.508733442,122.894558918));
#3973=DIRECTION('',(-0.,-0.,-1.));
#3974=DIRECTION('',(-0.015707317,-0.999876632,0.));
#3975=AXIS2_PLACEMENT_3D('',#3972,#3973,#3974);
#3976=CIRCLE('',#3975,16.);
#3977=EDGE_CURVE('',#3725,#3762,#3976,.T.);
#3978=ORIENTED_EDGE('',*,*,#3977,.F.);
#3979=ORIENTED_EDGE('',*,*,#3743,.F.);
#3980=ORIENTED_EDGE('',*,*,#3398,.F.);
#3981=ORIENTED_EDGE('',*,*,#3773,.F.);
#3982=EDGE_LOOP('',(#3978,#3979,#3980,#3981));
#3983=FACE_BOUND('',#3982,.T.);
#3984=ADVANCED_FACE('',(#3983),#3971,.T.);
#3985=CARTESIAN_POINT('',(124.396980781,167.497753733,120.9));
#3986=DIRECTION('',(0.,0.,1.));
#3987=DIRECTION('',(-0.015707317,-0.999876632,0.));
#3988=AXIS2_PLACEMENT_3D('',#3985,#3986,#3987);
#3989=CYLINDRICAL_SURFACE('',#3988,16.);
#3990=CARTESIAN_POINT('',(124.396980781,167.497753733,122.894558918));
#3991=DIRECTION('',(-0.,-0.,-1.));
#3992=DIRECTION('',(0.015707317,0.999876632,-0.));
#3993=AXIS2_PLACEMENT_3D('',#3990,#3991,#3992);
#3994=CIRCLE('',#3993,16.);
#3995=EDGE_CURVE('',#3754,#3669,#3994,.T.);
#3996=ORIENTED_EDGE('',*,*,#3995,.F.);
#3997=ORIENTED_EDGE('',*,*,#3759,.F.);
#3998=ORIENTED_EDGE('',*,*,#3383,.F.);
#3999=ORIENTED_EDGE('',*,*,#3680,.F.);
#4000=EDGE_LOOP('',(#3996,#3997,#3998,#3999));
#4001=FACE_BOUND('',#4000,.T.);
#4002=ADVANCED_FACE('',(#4001),#3989,.T.);
#4003=CARTESIAN_POINT('',(214.385877705,166.084095175,120.9));
#4004=DIRECTION('',(0.,0.,1.));
#4005=DIRECTION('',(-0.015707317,-0.999876632,0.));
#4006=AXIS2_PLACEMENT_3D('',#4003,#4004,#4005);
#4007=CYLINDRICAL_SURFACE('',#4006,16.);
#4008=CARTESIAN_POINT('',(214.385877705,166.084095175,122.894558918));
#4009=DIRECTION('',(-0.,-0.,-1.));
#4010=DIRECTION('',(0.015707317,0.999876632,-0.));
#4011=AXIS2_PLACEMENT_3D('',#4008,#4009,#4010);
#4012=CIRCLE('',#4011,16.);
#4013=EDGE_CURVE('',#3661,#3700,#4012,.T.);
#4014=ORIENTED_EDGE('',*,*,#4013,.F.);
#4015=ORIENTED_EDGE('',*,*,#3666,.F.);
#4016=ORIENTED_EDGE('',*,*,#3366,.F.);
#4017=ORIENTED_EDGE('',*,*,#3711,.F.);
#4018=EDGE_LOOP('',(#4014,#4015,#4016,#4017));
#4019=FACE_BOUND('',#4018,.T.);
#4020=ADVANCED_FACE('',(#4019),#4007,.T.);
#4021=CARTESIAN_POINT('',(212.987926464,77.095074884,120.9));
#4022=DIRECTION('',(-0.,-0.,-1.));
#4023=DIRECTION('',(0.015707317,0.999876632,-0.));
#4024=AXIS2_PLACEMENT_3D('',#4021,#4022,#4023);
#4025=CYLINDRICAL_SURFACE('',#4024,16.);
#4026=CARTESIAN_POINT('',(212.987926464,77.095074884,122.894558918));
#4027=DIRECTION('',(-0.,-0.,-1.));
#4028=DIRECTION('',(-0.015707317,-0.999876632,0.));
#4029=AXIS2_PLACEMENT_3D('',#4026,#4027,#4028);
#4030=CIRCLE('',#4029,16.);
#4031=EDGE_CURVE('',#3692,#3723,#4030,.T.);
#4032=ORIENTED_EDGE('',*,*,#4031,.F.);
#4033=ORIENTED_EDGE('',*,*,#3697,.F.);
#4034=ORIENTED_EDGE('',*,*,#3349,.F.);
#4035=ORIENTED_EDGE('',*,*,#3736,.F.);
#4036=EDGE_LOOP('',(#4032,#4033,#4034,#4035));
#4037=FACE_BOUND('',#4036,.T.);
#4038=ADVANCED_FACE('',(#4037),#4025,.T.);
#4039=CARTESIAN_POINT('',(129.87317697,172.100774095,114.68521335));
#4040=DIRECTION('',(0.,0.,1.));
#4041=DIRECTION('',(-0.718126298,-0.695912797,0.));
#4042=AXIS2_PLACEMENT_3D('',#4039,#4040,#4041);
#4043=CYLINDRICAL_SURFACE('',#4042,1.6);
#4044=CARTESIAN_POINT('',(128.724174894,170.98731362,122.894558918));
#4045=VERTEX_POINT('',#4044);
#4046=CARTESIAN_POINT('',(128.724174894,170.98731362,122.900544108));
#4047=DIRECTION('',(-0.,-0.,-1.));
#4048=VECTOR('',#4047,0.006529298);
#4049=LINE('',#4046,#4048);
#4050=EDGE_CURVE('',#3247,#4045,#4049,.T.);
#4051=ORIENTED_EDGE('',*,*,#4050,.F.);
#4052=ORIENTED_EDGE('',*,*,#3253,.F.);
#4053=ORIENTED_EDGE('',*,*,#3260,.F.);
#4054=ORIENTED_EDGE('',*,*,#4050,.T.);
#4055=CARTESIAN_POINT('',(129.898308678,173.700576707,122.894558918));
#4056=VERTEX_POINT('',#4055);
#4057=CARTESIAN_POINT('',(129.87317697,172.100774095,122.894558918));
#4058=DIRECTION('',(-0.,-0.,-1.));
#4059=DIRECTION('',(0.015707317,0.999876632,-0.));
#4060=AXIS2_PLACEMENT_3D('',#4057,#4058,#4059);
#4061=CIRCLE('',#4060,1.6);
#4062=EDGE_CURVE('',#4045,#4056,#4061,.T.);
#4063=ORIENTED_EDGE('',*,*,#4062,.T.);
#4064=CARTESIAN_POINT('',(129.87317697,172.100774095,122.894558918));
#4065=DIRECTION('',(-0.,-0.,-1.));
#4066=DIRECTION('',(0.015707317,0.999876632,-0.));
#4067=AXIS2_PLACEMENT_3D('',#4064,#4065,#4066);
#4068=CIRCLE('',#4067,1.6);
#4069=EDGE_CURVE('',#4056,#4045,#4068,.T.);
#4070=ORIENTED_EDGE('',*,*,#4069,.T.);
#4071=EDGE_LOOP('',(#4051,#4052,#4053,#4054,#4063,#4070));
#4072=FACE_BOUND('',#4071,.T.);
#4073=ADVANCED_FACE('',(#4072),#4043,.F.);
#4074=CARTESIAN_POINT('',(118.565300212,98.685416677,37.78521335));
#4075=DIRECTION('',(0.,0.,1.));
#4076=DIRECTION('',(-0.718126298,-0.695912797,0.));
#4077=AXIS2_PLACEMENT_3D('',#4074,#4075,#4076);
#4078=CYLINDRICAL_SURFACE('',#4077,1.75);
#4079=CARTESIAN_POINT('',(117.308579191,97.467569283,122.894558918));
#4080=VERTEX_POINT('',#4079);
#4081=CARTESIAN_POINT('',(117.308579191,97.467569283,122.900544108));
#4082=DIRECTION('',(-0.,-0.,-1.));
#4083=VECTOR('',#4082,0.006529298);
#4084=LINE('',#4081,#4083);
#4085=EDGE_CURVE('',#3227,#4080,#4084,.T.);
#4086=ORIENTED_EDGE('',*,*,#4085,.F.);
#4087=ORIENTED_EDGE('',*,*,#3233,.F.);
#4088=ORIENTED_EDGE('',*,*,#3240,.F.);
#4089=ORIENTED_EDGE('',*,*,#4085,.T.);
#4090=CARTESIAN_POINT('',(118.592788018,100.435200784,122.894558918));
#4091=VERTEX_POINT('',#4090);
#4092=CARTESIAN_POINT('',(118.565300212,98.685416677,122.894558918));
#4093=DIRECTION('',(-0.,-0.,-1.));
#4094=DIRECTION('',(0.015707317,0.999876632,-0.));
#4095=AXIS2_PLACEMENT_3D('',#4092,#4093,#4094);
#4096=CIRCLE('',#4095,1.75);
#4097=EDGE_CURVE('',#4080,#4091,#4096,.T.);
#4098=ORIENTED_EDGE('',*,*,#4097,.T.);
#4099=CARTESIAN_POINT('',(118.565300212,98.685416677,122.894558918));
#4100=DIRECTION('',(-0.,-0.,-1.));
#4101=DIRECTION('',(0.015707317,0.999876632,-0.));
#4102=AXIS2_PLACEMENT_3D('',#4099,#4100,#4101);
#4103=CIRCLE('',#4102,1.75);
#4104=EDGE_CURVE('',#4091,#4080,#4103,.T.);
#4105=ORIENTED_EDGE('',*,*,#4104,.T.);
#4106=EDGE_LOOP('',(#4086,#4087,#4088,#4089,#4098,#4105));
#4107=FACE_BOUND('',#4106,.T.);
#4108=ADVANCED_FACE('',(#4107),#4078,.F.);
#4109=CARTESIAN_POINT('',(216.167317975,99.273743738,41.48521335));
#4110=DIRECTION('',(0.,0.,1.));
#4111=DIRECTION('',(-0.718126298,-0.695912797,0.));
#4112=AXIS2_PLACEMENT_3D('',#4109,#4110,#4111);
#4113=CYLINDRICAL_SURFACE('',#4112,1.75);
#4114=CARTESIAN_POINT('',(214.910596954,98.055896344,122.894558918));
#4115=VERTEX_POINT('',#4114);
#4116=CARTESIAN_POINT('',(214.910596954,98.055896344,122.900544108));
#4117=DIRECTION('',(-0.,-0.,-1.));
#4118=VECTOR('',#4117,0.006529298);
#4119=LINE('',#4116,#4118);
#4120=EDGE_CURVE('',#3207,#4115,#4119,.T.);
#4121=ORIENTED_EDGE('',*,*,#4120,.F.);
#4122=ORIENTED_EDGE('',*,*,#3213,.F.);
#4123=ORIENTED_EDGE('',*,*,#3220,.F.);
#4124=ORIENTED_EDGE('',*,*,#4120,.T.);
#4125=CARTESIAN_POINT('',(216.19480578,101.023527845,122.894558918));
#4126=VERTEX_POINT('',#4125);
#4127=CARTESIAN_POINT('',(216.167317975,99.273743738,122.894558918));
#4128=DIRECTION('',(-0.,-0.,-1.));
#4129=DIRECTION('',(0.015707317,0.999876632,-0.));
#4130=AXIS2_PLACEMENT_3D('',#4127,#4128,#4129);
#4131=CIRCLE('',#4130,1.75);
#4132=EDGE_CURVE('',#4115,#4126,#4131,.T.);
#4133=ORIENTED_EDGE('',*,*,#4132,.T.);
#4134=CARTESIAN_POINT('',(216.167317975,99.273743738,122.894558918));
#4135=DIRECTION('',(-0.,-0.,-1.));
#4136=DIRECTION('',(0.015707317,0.999876632,-0.));
#4137=AXIS2_PLACEMENT_3D('',#4134,#4135,#4136);
#4138=CIRCLE('',#4137,1.75);
#4139=EDGE_CURVE('',#4126,#4115,#4138,.T.);
#4140=ORIENTED_EDGE('',*,*,#4139,.T.);
#4141=EDGE_LOOP('',(#4121,#4122,#4123,#4124,#4133,#4140));
#4142=FACE_BOUND('',#4141,.T.);
#4143=ADVANCED_FACE('',(#4142),#4113,.F.);
#4144=CARTESIAN_POINT('',(212.669446679,171.314821019,37.08521335));
#4145=DIRECTION('',(0.,0.,1.));
#4146=DIRECTION('',(-0.718126298,-0.695912797,0.));
#4147=AXIS2_PLACEMENT_3D('',#4144,#4145,#4146);
#4148=CYLINDRICAL_SURFACE('',#4147,1.6);
#4149=CARTESIAN_POINT('',(211.520444603,170.201360545,122.894558918));
#4150=VERTEX_POINT('',#4149);
#4151=CARTESIAN_POINT('',(211.520444603,170.201360545,122.900544108));
#4152=DIRECTION('',(-0.,-0.,-1.));
#4153=VECTOR('',#4152,0.006529298);
#4154=LINE('',#4151,#4153);
#4155=EDGE_CURVE('',#3187,#4150,#4154,.T.);
#4156=ORIENTED_EDGE('',*,*,#4155,.F.);
#4157=ORIENTED_EDGE('',*,*,#3193,.F.);
#4158=ORIENTED_EDGE('',*,*,#3200,.F.);
#4159=ORIENTED_EDGE('',*,*,#4155,.T.);
#4160=CARTESIAN_POINT('',(212.694578387,172.914623631,122.894558918));
#4161=VERTEX_POINT('',#4160);
#4162=CARTESIAN_POINT('',(212.669446679,171.314821019,122.894558918));
#4163=DIRECTION('',(-0.,-0.,-1.));
#4164=DIRECTION('',(0.015707317,0.999876632,-0.));
#4165=AXIS2_PLACEMENT_3D('',#4162,#4163,#4164);
#4166=CIRCLE('',#4165,1.6);
#4167=EDGE_CURVE('',#4150,#4161,#4166,.T.);
#4168=ORIENTED_EDGE('',*,*,#4167,.T.);
#4169=CARTESIAN_POINT('',(212.669446679,171.314821019,122.894558918));
#4170=DIRECTION('',(-0.,-0.,-1.));
#4171=DIRECTION('',(0.015707317,0.999876632,-0.));
#4172=AXIS2_PLACEMENT_3D('',#4169,#4170,#4171);
#4173=CIRCLE('',#4172,1.6);
#4174=EDGE_CURVE('',#4161,#4150,#4173,.T.);
#4175=ORIENTED_EDGE('',*,*,#4174,.T.);
#4176=EDGE_LOOP('',(#4156,#4157,#4158,#4159,#4168,#4175));
#4177=FACE_BOUND('',#4176,.T.);
#4178=ADVANCED_FACE('',(#4177),#4148,.F.);
#4179=CARTESIAN_POINT('',(-111.695801179,699.76050322,122.894558918));
#4180=DIRECTION('',(0.,0.,1.));
#4181=DIRECTION('',(-0.718126298,-0.695912797,0.));
#4182=AXIS2_PLACEMENT_3D('',#4179,#4180,#4181);
#4183=PLANE('',#4182);
#4184=ORIENTED_EDGE('',*,*,#4167,.F.);
#4185=ORIENTED_EDGE('',*,*,#4174,.F.);
#4186=EDGE_LOOP('',(#4184,#4185));
#4187=FACE_BOUND('',#4186,.T.);
#4188=ADVANCED_FACE('',(#4187),#4183,.T.);
#4189=CARTESIAN_POINT('',(-111.695801179,699.76050322,122.894558918));
#4190=DIRECTION('',(0.,0.,1.));
#4191=DIRECTION('',(-0.718126298,-0.695912797,0.));
#4192=AXIS2_PLACEMENT_3D('',#4189,#4190,#4191);
#4193=PLANE('',#4192);
#4194=ORIENTED_EDGE('',*,*,#4132,.F.);
#4195=ORIENTED_EDGE('',*,*,#4139,.F.);
#4196=EDGE_LOOP('',(#4194,#4195));
#4197=FACE_BOUND('',#4196,.T.);
#4198=ADVANCED_FACE('',(#4197),#4193,.T.);
#4199=CARTESIAN_POINT('',(-111.695801179,699.76050322,122.894558918));
#4200=DIRECTION('',(0.,0.,1.));
#4201=DIRECTION('',(-0.718126298,-0.695912797,0.));
#4202=AXIS2_PLACEMENT_3D('',#4199,#4200,#4201);
#4203=PLANE('',#4202);
#4204=ORIENTED_EDGE('',*,*,#4097,.F.);
#4205=ORIENTED_EDGE('',*,*,#4104,.F.);
#4206=EDGE_LOOP('',(#4204,#4205));
#4207=FACE_BOUND('',#4206,.T.);
#4208=ADVANCED_FACE('',(#4207),#4203,.T.);
#4209=CARTESIAN_POINT('',(-111.695801179,699.76050322,122.894558918));
#4210=DIRECTION('',(0.,0.,1.));
#4211=DIRECTION('',(-0.718126298,-0.695912797,0.));
#4212=AXIS2_PLACEMENT_3D('',#4209,#4210,#4211);
#4213=PLANE('',#4212);
#4214=ORIENTED_EDGE('',*,*,#4062,.F.);
#4215=ORIENTED_EDGE('',*,*,#4069,.F.);
#4216=EDGE_LOOP('',(#4214,#4215));
#4217=FACE_BOUND('',#4216,.T.);
#4218=ADVANCED_FACE('',(#4217),#4213,.T.);
#4219=CARTESIAN_POINT('',(169.18574519,122.520902266,122.894558918));
#4220=DIRECTION('',(-0.,-0.,-1.));
#4221=DIRECTION('',(0.718126298,0.695912797,-0.));
#4222=AXIS2_PLACEMENT_3D('',#4219,#4220,#4221);
#4223=CYLINDRICAL_SURFACE('',#4222,89.5);
#4224=CARTESIAN_POINT('',(233.45804884,184.805097561,120.894558918));
#4225=VERTEX_POINT('',#4224);
#4226=CARTESIAN_POINT('',(233.45804884,184.805097561,122.894558918));
#4227=VERTEX_POINT('',#4226);
#4228=CARTESIAN_POINT('',(233.45804884,184.805097561,120.894558918));
#4229=DIRECTION('',(0.,0.,1.));
#4230=VECTOR('',#4229,2.);
#4231=LINE('',#4228,#4230);
#4232=EDGE_CURVE('',#4225,#4227,#4231,.T.);
#4233=ORIENTED_EDGE('',*,*,#4232,.T.);
#4234=CARTESIAN_POINT('',(167.779940291,33.031943659,122.894558918));
#4235=VERTEX_POINT('',#4234);
#4236=CARTESIAN_POINT('',(169.18574519,122.520902266,122.894558918));
#4237=DIRECTION('',(0.,0.,1.));
#4238=DIRECTION('',(-0.015707317,-0.999876632,0.));
#4239=AXIS2_PLACEMENT_3D('',#4236,#4237,#4238);
#4240=CIRCLE('',#4239,89.5);
#4241=EDGE_CURVE('',#4235,#4227,#4240,.T.);
#4242=ORIENTED_EDGE('',*,*,#4241,.F.);
#4243=CARTESIAN_POINT('',(169.18574519,122.520902266,122.894558918));
#4244=DIRECTION('',(0.,0.,1.));
#4245=DIRECTION('',(-0.015707317,-0.999876632,0.));
#4246=AXIS2_PLACEMENT_3D('',#4243,#4244,#4245);
#4247=CIRCLE('',#4246,89.5);
#4248=EDGE_CURVE('',#4227,#4235,#4247,.T.);
#4249=ORIENTED_EDGE('',*,*,#4248,.F.);
#4250=ORIENTED_EDGE('',*,*,#4232,.F.);
#4251=CARTESIAN_POINT('',(167.779940291,33.031943659,120.894558918));
#4252=VERTEX_POINT('',#4251);
#4253=CARTESIAN_POINT('',(169.18574519,122.520902266,120.894558918));
#4254=DIRECTION('',(0.,0.,1.));
#4255=DIRECTION('',(-0.015707317,-0.999876632,0.));
#4256=AXIS2_PLACEMENT_3D('',#4253,#4254,#4255);
#4257=CIRCLE('',#4256,89.5);
#4258=EDGE_CURVE('',#4225,#4252,#4257,.T.);
#4259=ORIENTED_EDGE('',*,*,#4258,.T.);
#4260=CARTESIAN_POINT('',(169.18574519,122.520902266,120.894558918));
#4261=DIRECTION('',(0.,0.,1.));
#4262=DIRECTION('',(-0.015707317,-0.999876632,0.));
#4263=AXIS2_PLACEMENT_3D('',#4260,#4261,#4262);
#4264=CIRCLE('',#4263,89.5);
#4265=EDGE_CURVE('',#4252,#4225,#4264,.T.);
#4266=ORIENTED_EDGE('',*,*,#4265,.T.);
#4267=EDGE_LOOP('',(#4233,#4242,#4249,#4250,#4259,#4266));
#4268=FACE_BOUND('',#4267,.T.);
#4269=ADVANCED_FACE('',(#4268),#4223,.T.);
#4270=CARTESIAN_POINT('',(-111.695801179,699.76050322,122.894558918));
#4271=DIRECTION('',(0.,0.,1.));
#4272=DIRECTION('',(-0.718126298,-0.695912797,0.));
#4273=AXIS2_PLACEMENT_3D('',#4270,#4271,#4272);
#4274=PLANE('',#4273);
#4275=CARTESIAN_POINT('',(132.852479968,42.174886773,122.894558918));
#4276=VERTEX_POINT('',#4275);
#4277=CARTESIAN_POINT('',(132.852479968,43.824886773,122.894558918));
#4278=DIRECTION('',(-0.,0.,1.));
#4279=DIRECTION('',(-0.,-1.,0.));
#4280=AXIS2_PLACEMENT_3D('',#4277,#4278,#4279);
#4281=CIRCLE('',#4280,1.65);
#4282=EDGE_CURVE('',#4276,#4276,#4281,.T.);
#4283=ORIENTED_EDGE('',*,*,#4282,.F.);
#4284=EDGE_LOOP('',(#4283));
#4285=FACE_BOUND('',#4284,.T.);
#4286=CARTESIAN_POINT('',(90.621230283,85.716136457,122.894558918));
#4287=VERTEX_POINT('',#4286);
#4288=CARTESIAN_POINT('',(90.621230283,87.366136457,122.894558918));
#4289=DIRECTION('',(-0.,0.,1.));
#4290=DIRECTION('',(-0.,-1.,0.));
#4291=AXIS2_PLACEMENT_3D('',#4288,#4289,#4290);
#4292=CIRCLE('',#4291,1.65);
#4293=EDGE_CURVE('',#4287,#4287,#4292,.T.);
#4294=ORIENTED_EDGE('',*,*,#4293,.F.);
#4295=EDGE_LOOP('',(#4294));
#4296=FACE_BOUND('',#4295,.T.);
#4297=CARTESIAN_POINT('',(90.661230282,155.398481368,122.894558918));
#4298=VERTEX_POINT('',#4297);
#4299=CARTESIAN_POINT('',(90.661230282,157.048481368,122.894558918));
#4300=DIRECTION('',(-0.,0.,1.));
#4301=DIRECTION('',(-0.,-1.,0.));
#4302=AXIS2_PLACEMENT_3D('',#4299,#4300,#4301);
#4303=CIRCLE('',#4302,1.65);
#4304=EDGE_CURVE('',#4298,#4298,#4303,.T.);
#4305=ORIENTED_EDGE('',*,*,#4304,.F.);
#4306=EDGE_LOOP('',(#4305));
#4307=FACE_BOUND('',#4306,.T.);
#4308=CARTESIAN_POINT('',(134.192479967,198.919731053,122.894558918));
#4309=VERTEX_POINT('',#4308);
#4310=CARTESIAN_POINT('',(134.192479967,200.569731053,122.894558918));
#4311=DIRECTION('',(-0.,0.,1.));
#4312=DIRECTION('',(-0.,-1.,0.));
#4313=AXIS2_PLACEMENT_3D('',#4310,#4311,#4312);
#4314=CIRCLE('',#4313,1.65);
#4315=EDGE_CURVE('',#4309,#4309,#4314,.T.);
#4316=ORIENTED_EDGE('',*,*,#4315,.F.);
#4317=EDGE_LOOP('',(#4316));
#4318=FACE_BOUND('',#4317,.T.);
#4319=CARTESIAN_POINT('',(203.874824878,198.869731054,122.894558918));
#4320=VERTEX_POINT('',#4319);
#4321=CARTESIAN_POINT('',(203.874824878,200.519731054,122.894558918));
#4322=DIRECTION('',(-0.,0.,1.));
#4323=DIRECTION('',(-0.,-1.,0.));
#4324=AXIS2_PLACEMENT_3D('',#4321,#4322,#4323);
#4325=CIRCLE('',#4324,1.65);
#4326=EDGE_CURVE('',#4320,#4320,#4325,.T.);
#4327=ORIENTED_EDGE('',*,*,#4326,.F.);
#4328=EDGE_LOOP('',(#4327));
#4329=FACE_BOUND('',#4328,.T.);
#4330=CARTESIAN_POINT('',(247.386074563,155.348481369,122.894558918));
#4331=VERTEX_POINT('',#4330);
#4332=CARTESIAN_POINT('',(247.386074563,156.998481369,122.894558918));
#4333=DIRECTION('',(-0.,0.,1.));
#4334=DIRECTION('',(-0.,-1.,0.));
#4335=AXIS2_PLACEMENT_3D('',#4332,#4333,#4334);
#4336=CIRCLE('',#4335,1.65);
#4337=EDGE_CURVE('',#4331,#4331,#4336,.T.);
#4338=ORIENTED_EDGE('',*,*,#4337,.F.);
#4339=EDGE_LOOP('',(#4338));
#4340=FACE_BOUND('',#4339,.T.);
#4341=CARTESIAN_POINT('',(247.346074564,85.646136458,122.894558918));
#4342=VERTEX_POINT('',#4341);
#4343=CARTESIAN_POINT('',(247.346074564,87.296136458,122.894558918));
#4344=DIRECTION('',(-0.,0.,1.));
#4345=DIRECTION('',(-0.,-1.,0.));
#4346=AXIS2_PLACEMENT_3D('',#4343,#4344,#4345);
#4347=CIRCLE('',#4346,1.65);
#4348=EDGE_CURVE('',#4342,#4342,#4347,.T.);
#4349=ORIENTED_EDGE('',*,*,#4348,.F.);
#4350=EDGE_LOOP('',(#4349));
#4351=FACE_BOUND('',#4350,.T.);
#4352=CARTESIAN_POINT('',(203.904824879,42.254886773,122.894558918));
#4353=VERTEX_POINT('',#4352);
#4354=CARTESIAN_POINT('',(203.904824879,43.904886773,122.894558918));
#4355=DIRECTION('',(-0.,0.,1.));
#4356=DIRECTION('',(-0.,-1.,0.));
#4357=AXIS2_PLACEMENT_3D('',#4354,#4355,#4356);
#4358=CIRCLE('',#4357,1.65);
#4359=EDGE_CURVE('',#4353,#4353,#4358,.T.);
#4360=ORIENTED_EDGE('',*,*,#4359,.F.);
#4361=EDGE_LOOP('',(#4360));
#4362=FACE_BOUND('',#4361,.T.);
#4363=ORIENTED_EDGE('',*,*,#3767,.F.);
#4364=ORIENTED_EDGE('',*,*,#3995,.T.);
#4365=ORIENTED_EDGE('',*,*,#3674,.F.);
#4366=ORIENTED_EDGE('',*,*,#4013,.T.);
#4367=ORIENTED_EDGE('',*,*,#3705,.F.);
#4368=ORIENTED_EDGE('',*,*,#4031,.T.);
#4369=ORIENTED_EDGE('',*,*,#3730,.T.);
#4370=ORIENTED_EDGE('',*,*,#3977,.T.);
#4371=EDGE_LOOP('',(#4363,#4364,#4365,#4366,#4367,#4368,#4369,#4370));
#4372=FACE_BOUND('',#4371,.T.);
#4373=ORIENTED_EDGE('',*,*,#4241,.T.);
#4374=ORIENTED_EDGE('',*,*,#4248,.T.);
#4375=EDGE_LOOP('',(#4373,#4374));
#4376=FACE_BOUND('',#4375,.T.);
#4377=ADVANCED_FACE('',(#4285,#4296,#4307,#4318,#4329,#4340,#4351,#4362,#4372,#4376),#4274,.T.);
#4378=CARTESIAN_POINT('',(-111.695801179,699.76050322,120.894558918));
#4379=DIRECTION('',(0.,0.,1.));
#4380=DIRECTION('',(-0.718126298,-0.695912797,0.));
#4381=AXIS2_PLACEMENT_3D('',#4378,#4379,#4380);
#4382=PLANE('',#4381);
#4383=ORIENTED_EDGE('',*,*,#359,.F.);
#4384=ORIENTED_EDGE('',*,*,#320,.T.);
#4385=ORIENTED_EDGE('',*,*,#501,.T.);
#4386=ORIENTED_EDGE('',*,*,#845,.F.);
#4387=EDGE_LOOP('',(#4383,#4384,#4385,#4386));
#4388=FACE_BOUND('',#4387,.T.);
#4389=CARTESIAN_POINT('',(237.999834018,140.193251243,120.894558918));
#4390=DIRECTION('',(0.001745328,-0.999998477,0.));
#4391=VECTOR('',#4390,33.999999998);
#4392=LINE('',#4389,#4391);
#4393=EDGE_CURVE('',#1563,#1522,#4392,.T.);
#4394=ORIENTED_EDGE('',*,*,#4393,.T.);
#4395=ORIENTED_EDGE('',*,*,#1527,.F.);
#4396=ORIENTED_EDGE('',*,*,#1424,.F.);
#4397=ORIENTED_EDGE('',*,*,#1568,.T.);
#4398=EDGE_LOOP('',(#4394,#4395,#4396,#4397));
#4399=FACE_BOUND('',#4398,.T.);
#4400=ORIENTED_EDGE('',*,*,#2204,.F.);
#4401=ORIENTED_EDGE('',*,*,#2338,.T.);
#4402=ORIENTED_EDGE('',*,*,#1792,.T.);
#4403=ORIENTED_EDGE('',*,*,#2305,.F.);
#4404=EDGE_LOOP('',(#4400,#4401,#4402,#4403));
#4405=FACE_BOUND('',#4404,.T.);
#4406=ORIENTED_EDGE('',*,*,#2564,.F.);
#4407=CARTESIAN_POINT('',(94.08622325,140.506951514,120.894558918));
#4408=VERTEX_POINT('',#4407);
#4409=CARTESIAN_POINT('',(96.395620911,140.510982175,120.894558918));
#4410=DIRECTION('',(-0.999998477,-0.001745328,0.));
#4411=VECTOR('',#4410,2.309401179);
#4412=LINE('',#4409,#4411);
#4413=EDGE_CURVE('',#2551,#4408,#4412,.T.);
#4414=ORIENTED_EDGE('',*,*,#4413,.T.);
#4415=CARTESIAN_POINT('',(94.14556445,106.507003305,120.894558918));
#4416=VERTEX_POINT('',#4415);
#4417=CARTESIAN_POINT('',(94.086223249,140.506951514,120.894558918));
#4418=DIRECTION('',(0.001745328,-0.999998477,0.));
#4419=VECTOR('',#4418,33.999999994);
#4420=LINE('',#4417,#4419);
#4421=EDGE_CURVE('',#4408,#4416,#4420,.T.);
#4422=ORIENTED_EDGE('',*,*,#4421,.T.);
#4423=CARTESIAN_POINT('',(96.454962011,106.511033967,120.894558918));
#4424=DIRECTION('',(-0.999998477,-0.001745328,-0.));
#4425=VECTOR('',#4424,2.309401078);
#4426=LINE('',#4423,#4425);
#4427=EDGE_CURVE('',#2559,#4416,#4426,.T.);
#4428=ORIENTED_EDGE('',*,*,#4427,.F.);
#4429=EDGE_LOOP('',(#4406,#4414,#4422,#4428));
#4430=FACE_BOUND('',#4429,.T.);
#4431=CARTESIAN_POINT('',(152.248819919,69.469825859,120.894540508));
#4432=VERTEX_POINT('',#4431);
#4433=CARTESIAN_POINT('',(152.212545424,67.160709687,120.894540508));
#4434=VERTEX_POINT('',#4433);
#4435=CARTESIAN_POINT('',(152.248819919,69.469825859,120.894522098));
#4436=DIRECTION('',(-0.015707317,-0.999876632,0.));
#4437=VECTOR('',#4436,2.309401077);
#4438=LINE('',#4435,#4437);
#4439=EDGE_CURVE('',#4432,#4434,#4438,.T.);
#4440=ORIENTED_EDGE('',*,*,#4439,.F.);
#4441=CARTESIAN_POINT('',(150.8489926,69.491813936,120.894540508));
#4442=VERTEX_POINT('',#4441);
#4443=CARTESIAN_POINT('',(150.8489926,69.491813936,120.894558918));
#4444=CARTESIAN_POINT('',(152.248819919,69.469825859,120.894558918));
#4445=B_SPLINE_CURVE_WITH_KNOTS('',1,(#4443,#4444),.UNSPECIFIED.,.F.,.F.,(2,2),(0.,1.4),.UNSPECIFIED.);
#4446=EDGE_CURVE('',#4442,#4432,#4445,.T.);
#4447=ORIENTED_EDGE('',*,*,#4446,.F.);
#4448=CARTESIAN_POINT('',(150.812718187,67.182703079,120.894540508));
#4449=VERTEX_POINT('',#4448);
#4450=CARTESIAN_POINT('',(150.8489926,69.491813936,120.894522098));
#4451=DIRECTION('',(-0.015707317,-0.999876632,0.));
#4452=VECTOR('',#4451,2.309395762);
#4453=LINE('',#4450,#4452);
#4454=EDGE_CURVE('',#4442,#4449,#4453,.T.);
#4455=ORIENTED_EDGE('',*,*,#4454,.T.);
#4456=CARTESIAN_POINT('',(150.812718187,67.182703079,120.894558918));
#4457=CARTESIAN_POINT('',(152.212545424,67.160709687,120.894558918));
#4458=B_SPLINE_CURVE_WITH_KNOTS('',1,(#4456,#4457),.UNSPECIFIED.,.F.,.F.,(2,2),(0.,1.4),.UNSPECIFIED.);
#4459=EDGE_CURVE('',#4449,#4434,#4458,.T.);
#4460=ORIENTED_EDGE('',*,*,#4459,.T.);
#4461=EDGE_LOOP('',(#4440,#4447,#4455,#4460));
#4462=FACE_BOUND('',#4461,.T.);
#4463=ORIENTED_EDGE('',*,*,#3088,.T.);
#4464=CARTESIAN_POINT('',(197.233363763,92.844479764,120.894558918));
#4465=DIRECTION('',(0.,0.,1.));
#4466=DIRECTION('',(0.015707317,0.999876632,-0.));
#4467=AXIS2_PLACEMENT_3D('',#4464,#4465,#4466);
#4468=CIRCLE('',#4467,1.);
#4469=EDGE_CURVE('',#3075,#3043,#4468,.T.);
#4470=ORIENTED_EDGE('',*,*,#4469,.T.);
#4471=ORIENTED_EDGE('',*,*,#3048,.T.);
#4472=CARTESIAN_POINT('',(198.144388167,150.837324448,120.894558918));
#4473=DIRECTION('',(0.,0.,1.));
#4474=DIRECTION('',(0.015707317,0.999876632,-0.));
#4475=AXIS2_PLACEMENT_3D('',#4472,#4473,#4474);
#4476=CIRCLE('',#4475,1.);
#4477=EDGE_CURVE('',#3035,#2945,#4476,.T.);
#4478=ORIENTED_EDGE('',*,*,#4477,.T.);
#4479=ORIENTED_EDGE('',*,*,#2952,.T.);
#4480=CARTESIAN_POINT('',(140.151543483,151.748348852,120.894558918));
#4481=DIRECTION('',(0.,0.,1.));
#4482=DIRECTION('',(0.015707317,0.999876632,-0.));
#4483=AXIS2_PLACEMENT_3D('',#4480,#4481,#4482);
#4484=CIRCLE('',#4483,1.);
#4485=EDGE_CURVE('',#2947,#3003,#4484,.T.);
#4486=ORIENTED_EDGE('',*,*,#4485,.T.);
#4487=ORIENTED_EDGE('',*,*,#3008,.T.);
#4488=CARTESIAN_POINT('',(139.240519079,93.755504169,120.894558918));
#4489=DIRECTION('',(0.,0.,1.));
#4490=DIRECTION('',(0.015707317,0.999876632,-0.));
#4491=AXIS2_PLACEMENT_3D('',#4488,#4489,#4490);
#4492=CIRCLE('',#4491,1.);
#4493=EDGE_CURVE('',#2995,#3083,#4492,.T.);
#4494=ORIENTED_EDGE('',*,*,#4493,.T.);
#4495=EDGE_LOOP('',(#4463,#4470,#4471,#4478,#4479,#4486,#4487,#4494));
#4496=FACE_BOUND('',#4495,.T.);
#4497=ORIENTED_EDGE('',*,*,#4258,.F.);
#4498=ORIENTED_EDGE('',*,*,#4265,.F.);
#4499=EDGE_LOOP('',(#4497,#4498));
#4500=FACE_BOUND('',#4499,.T.);
#4501=CARTESIAN_POINT('',(203.904824879,42.254886773,120.894558918));
#4502=VERTEX_POINT('',#4501);
#4503=CARTESIAN_POINT('',(203.904824879,43.904886773,120.894558918));
#4504=DIRECTION('',(0.,-0.,-1.));
#4505=DIRECTION('',(-0.,-1.,0.));
#4506=AXIS2_PLACEMENT_3D('',#4503,#4504,#4505);
#4507=CIRCLE('',#4506,1.65);
#4508=EDGE_CURVE('',#4502,#4502,#4507,.T.);
#4509=ORIENTED_EDGE('',*,*,#4508,.F.);
#4510=EDGE_LOOP('',(#4509));
#4511=FACE_BOUND('',#4510,.T.);
#4512=CARTESIAN_POINT('',(247.346074564,85.646136458,120.894558918));
#4513=VERTEX_POINT('',#4512);
#4514=CARTESIAN_POINT('',(247.346074564,87.296136458,120.894558918));
#4515=DIRECTION('',(0.,-0.,-1.));
#4516=DIRECTION('',(-0.,-1.,0.));
#4517=AXIS2_PLACEMENT_3D('',#4514,#4515,#4516);
#4518=CIRCLE('',#4517,1.65);
#4519=EDGE_CURVE('',#4513,#4513,#4518,.T.);
#4520=ORIENTED_EDGE('',*,*,#4519,.F.);
#4521=EDGE_LOOP('',(#4520));
#4522=FACE_BOUND('',#4521,.T.);
#4523=CARTESIAN_POINT('',(247.386074563,155.348481369,120.894558918));
#4524=VERTEX_POINT('',#4523);
#4525=CARTESIAN_POINT('',(247.386074563,156.998481369,120.894558918));
#4526=DIRECTION('',(0.,-0.,-1.));
#4527=DIRECTION('',(-0.,-1.,0.));
#4528=AXIS2_PLACEMENT_3D('',#4525,#4526,#4527);
#4529=CIRCLE('',#4528,1.65);
#4530=EDGE_CURVE('',#4524,#4524,#4529,.T.);
#4531=ORIENTED_EDGE('',*,*,#4530,.F.);
#4532=EDGE_LOOP('',(#4531));
#4533=FACE_BOUND('',#4532,.T.);
#4534=CARTESIAN_POINT('',(203.874824878,198.869731054,120.894558918));
#4535=VERTEX_POINT('',#4534);
#4536=CARTESIAN_POINT('',(203.874824878,200.519731054,120.894558918));
#4537=DIRECTION('',(0.,-0.,-1.));
#4538=DIRECTION('',(-0.,-1.,0.));
#4539=AXIS2_PLACEMENT_3D('',#4536,#4537,#4538);
#4540=CIRCLE('',#4539,1.65);
#4541=EDGE_CURVE('',#4535,#4535,#4540,.T.);
#4542=ORIENTED_EDGE('',*,*,#4541,.F.);
#4543=EDGE_LOOP('',(#4542));
#4544=FACE_BOUND('',#4543,.T.);
#4545=CARTESIAN_POINT('',(134.192479967,198.919731053,120.894558918));
#4546=VERTEX_POINT('',#4545);
#4547=CARTESIAN_POINT('',(134.192479967,200.569731053,120.894558918));
#4548=DIRECTION('',(0.,-0.,-1.));
#4549=DIRECTION('',(-0.,-1.,0.));
#4550=AXIS2_PLACEMENT_3D('',#4547,#4548,#4549);
#4551=CIRCLE('',#4550,1.65);
#4552=EDGE_CURVE('',#4546,#4546,#4551,.T.);
#4553=ORIENTED_EDGE('',*,*,#4552,.F.);
#4554=EDGE_LOOP('',(#4553));
#4555=FACE_BOUND('',#4554,.T.);
#4556=CARTESIAN_POINT('',(90.661230282,155.398481368,120.894558918));
#4557=VERTEX_POINT('',#4556);
#4558=CARTESIAN_POINT('',(90.661230282,157.048481368,120.894558918));
#4559=DIRECTION('',(0.,-0.,-1.));
#4560=DIRECTION('',(-0.,-1.,0.));
#4561=AXIS2_PLACEMENT_3D('',#4558,#4559,#4560);
#4562=CIRCLE('',#4561,1.65);
#4563=EDGE_CURVE('',#4557,#4557,#4562,.T.);
#4564=ORIENTED_EDGE('',*,*,#4563,.F.);
#4565=EDGE_LOOP('',(#4564));
#4566=FACE_BOUND('',#4565,.T.);
#4567=CARTESIAN_POINT('',(90.621230283,85.716136457,120.894558918));
#4568=VERTEX_POINT('',#4567);
#4569=CARTESIAN_POINT('',(90.621230283,87.366136457,120.894558918));
#4570=DIRECTION('',(0.,-0.,-1.));
#4571=DIRECTION('',(-0.,-1.,0.));
#4572=AXIS2_PLACEMENT_3D('',#4569,#4570,#4571);
#4573=CIRCLE('',#4572,1.65);
#4574=EDGE_CURVE('',#4568,#4568,#4573,.T.);
#4575=ORIENTED_EDGE('',*,*,#4574,.F.);
#4576=EDGE_LOOP('',(#4575));
#4577=FACE_BOUND('',#4576,.T.);
#4578=CARTESIAN_POINT('',(132.852479968,42.174886773,120.894558918));
#4579=VERTEX_POINT('',#4578);
#4580=CARTESIAN_POINT('',(132.852479968,43.824886773,120.894558918));
#4581=DIRECTION('',(0.,-0.,-1.));
#4582=DIRECTION('',(-0.,-1.,0.));
#4583=AXIS2_PLACEMENT_3D('',#4580,#4581,#4582);
#4584=CIRCLE('',#4583,1.65);
#4585=EDGE_CURVE('',#4579,#4579,#4584,.T.);
#4586=ORIENTED_EDGE('',*,*,#4585,.F.);
#4587=EDGE_LOOP('',(#4586));
#4588=FACE_BOUND('',#4587,.T.);
#4589=ADVANCED_FACE('',(#4388,#4399,#4405,#4430,#4462,#4496,#4500,#4511,#4522,#4533,#4544,#4555,#4566,#4577,#4588),#4382,.F.);
#4590=CARTESIAN_POINT('',(-111.695801179,699.76050322,122.894558918));
#4591=DIRECTION('',(0.,0.,1.));
#4592=DIRECTION('',(-0.718126298,-0.695912797,0.));
#4593=AXIS2_PLACEMENT_3D('',#4590,#4591,#4592);
#4594=PLANE('',#4593);
#4595=ORIENTED_EDGE('',*,*,#3152,.T.);
#4596=ORIENTED_EDGE('',*,*,#3630,.T.);
#4597=ORIENTED_EDGE('',*,*,#3120,.F.);
#4598=ORIENTED_EDGE('',*,*,#3648,.F.);
#4599=EDGE_LOOP('',(#4595,#4596,#4597,#4598));
#4600=FACE_BOUND('',#4599,.T.);
#4601=ADVANCED_FACE('',(#4600),#4594,.T.);
#4602=CARTESIAN_POINT('',(-111.695801179,699.76050322,122.894558918));
#4603=DIRECTION('',(0.,0.,1.));
#4604=DIRECTION('',(-0.718126298,-0.695912797,0.));
#4605=AXIS2_PLACEMENT_3D('',#4602,#4603,#4604);
#4606=PLANE('',#4605);
#4607=ORIENTED_EDGE('',*,*,#3544,.F.);
#4608=ORIENTED_EDGE('',*,*,#3573,.F.);
#4609=ORIENTED_EDGE('',*,*,#3613,.T.);
#4610=ORIENTED_EDGE('',*,*,#3591,.T.);
#4611=EDGE_LOOP('',(#4607,#4608,#4609,#4610));
#4612=FACE_BOUND('',#4611,.T.);
#4613=ADVANCED_FACE('',(#4612),#4606,.T.);
#4614=CARTESIAN_POINT('',(-111.695801179,699.76050322,122.894558918));
#4615=DIRECTION('',(0.,0.,1.));
#4616=DIRECTION('',(-0.718126298,-0.695912797,0.));
#4617=AXIS2_PLACEMENT_3D('',#4614,#4615,#4616);
#4618=PLANE('',#4617);
#4619=ORIENTED_EDGE('',*,*,#3448,.F.);
#4620=ORIENTED_EDGE('',*,*,#3477,.F.);
#4621=ORIENTED_EDGE('',*,*,#3517,.T.);
#4622=ORIENTED_EDGE('',*,*,#3495,.T.);
#4623=EDGE_LOOP('',(#4619,#4620,#4621,#4622));
#4624=FACE_BOUND('',#4623,.T.);
#4625=ADVANCED_FACE('',(#4624),#4618,.T.);
#4626=CARTESIAN_POINT('',(203.904824879,43.904886773,123.294558918));
#4627=DIRECTION('',(0.,-0.,-1.));
#4628=DIRECTION('',(-0.,-1.,0.));
#4629=AXIS2_PLACEMENT_3D('',#4626,#4627,#4628);
#4630=CYLINDRICAL_SURFACE('',#4629,1.65);
#4631=CARTESIAN_POINT('',(203.904824879,42.254886773,120.894558918));
#4632=DIRECTION('',(-0.,0.,1.));
#4633=VECTOR('',#4632,2.);
#4634=LINE('',#4631,#4633);
#4635=EDGE_CURVE('',#4502,#4353,#4634,.T.);
#4636=ORIENTED_EDGE('',*,*,#4635,.F.);
#4637=ORIENTED_EDGE('',*,*,#4508,.T.);
#4638=ORIENTED_EDGE('',*,*,#4635,.T.);
#4639=ORIENTED_EDGE('',*,*,#4359,.T.);
#4640=EDGE_LOOP('',(#4636,#4637,#4638,#4639));
#4641=FACE_BOUND('',#4640,.T.);
#4642=ADVANCED_FACE('',(#4641),#4630,.F.);
#4643=CARTESIAN_POINT('',(247.346074564,87.296136458,123.894558918));
#4644=DIRECTION('',(0.,-0.,-1.));
#4645=DIRECTION('',(-0.,-1.,0.));
#4646=AXIS2_PLACEMENT_3D('',#4643,#4644,#4645);
#4647=CYLINDRICAL_SURFACE('',#4646,1.65);
#4648=CARTESIAN_POINT('',(247.346074564,85.646136458,120.894558918));
#4649=DIRECTION('',(-0.,0.,1.));
#4650=VECTOR('',#4649,2.);
#4651=LINE('',#4648,#4650);
#4652=EDGE_CURVE('',#4513,#4342,#4651,.T.);
#4653=ORIENTED_EDGE('',*,*,#4652,.F.);
#4654=ORIENTED_EDGE('',*,*,#4519,.T.);
#4655=ORIENTED_EDGE('',*,*,#4652,.T.);
#4656=ORIENTED_EDGE('',*,*,#4348,.T.);
#4657=EDGE_LOOP('',(#4653,#4654,#4655,#4656));
#4658=FACE_BOUND('',#4657,.T.);
#4659=ADVANCED_FACE('',(#4658),#4647,.F.);
#4660=CARTESIAN_POINT('',(247.386074563,156.998481369,124.794558918));
#4661=DIRECTION('',(0.,-0.,-1.));
#4662=DIRECTION('',(-0.,-1.,0.));
#4663=AXIS2_PLACEMENT_3D('',#4660,#4661,#4662);
#4664=CYLINDRICAL_SURFACE('',#4663,1.65);
#4665=CARTESIAN_POINT('',(247.386074563,155.348481369,120.894558918));
#4666=DIRECTION('',(-0.,0.,1.));
#4667=VECTOR('',#4666,2.);
#4668=LINE('',#4665,#4667);
#4669=EDGE_CURVE('',#4524,#4331,#4668,.T.);
#4670=ORIENTED_EDGE('',*,*,#4669,.F.);
#4671=ORIENTED_EDGE('',*,*,#4530,.T.);
#4672=ORIENTED_EDGE('',*,*,#4669,.T.);
#4673=ORIENTED_EDGE('',*,*,#4337,.T.);
#4674=EDGE_LOOP('',(#4670,#4671,#4672,#4673));
#4675=FACE_BOUND('',#4674,.T.);
#4676=ADVANCED_FACE('',(#4675),#4664,.F.);
#4677=CARTESIAN_POINT('',(203.874824878,200.519731054,125.694558918));
#4678=DIRECTION('',(0.,-0.,-1.));
#4679=DIRECTION('',(-0.,-1.,0.));
#4680=AXIS2_PLACEMENT_3D('',#4677,#4678,#4679);
#4681=CYLINDRICAL_SURFACE('',#4680,1.65);
#4682=CARTESIAN_POINT('',(203.874824878,198.869731054,120.894558918));
#4683=DIRECTION('',(-0.,0.,1.));
#4684=VECTOR('',#4683,2.);
#4685=LINE('',#4682,#4684);
#4686=EDGE_CURVE('',#4535,#4320,#4685,.T.);
#4687=ORIENTED_EDGE('',*,*,#4686,.F.);
#4688=ORIENTED_EDGE('',*,*,#4541,.T.);
#4689=ORIENTED_EDGE('',*,*,#4686,.T.);
#4690=ORIENTED_EDGE('',*,*,#4326,.T.);
#4691=EDGE_LOOP('',(#4687,#4688,#4689,#4690));
#4692=FACE_BOUND('',#4691,.T.);
#4693=ADVANCED_FACE('',(#4692),#4681,.F.);
#4694=CARTESIAN_POINT('',(134.192479967,200.569731053,124.594558918));
#4695=DIRECTION('',(0.,-0.,-1.));
#4696=DIRECTION('',(-0.,-1.,0.));
#4697=AXIS2_PLACEMENT_3D('',#4694,#4695,#4696);
#4698=CYLINDRICAL_SURFACE('',#4697,1.65);
#4699=CARTESIAN_POINT('',(134.192479967,198.919731053,120.894558918));
#4700=DIRECTION('',(-0.,0.,1.));
#4701=VECTOR('',#4700,2.);
#4702=LINE('',#4699,#4701);
#4703=EDGE_CURVE('',#4546,#4309,#4702,.T.);
#4704=ORIENTED_EDGE('',*,*,#4703,.F.);
#4705=ORIENTED_EDGE('',*,*,#4552,.T.);
#4706=ORIENTED_EDGE('',*,*,#4703,.T.);
#4707=ORIENTED_EDGE('',*,*,#4315,.T.);
#4708=EDGE_LOOP('',(#4704,#4705,#4706,#4707));
#4709=FACE_BOUND('',#4708,.T.);
#4710=ADVANCED_FACE('',(#4709),#4698,.F.);
#4711=CARTESIAN_POINT('',(90.661230282,157.048481368,126.094558918));
#4712=DIRECTION('',(0.,-0.,-1.));
#4713=DIRECTION('',(-0.,-1.,0.));
#4714=AXIS2_PLACEMENT_3D('',#4711,#4712,#4713);
#4715=CYLINDRICAL_SURFACE('',#4714,1.65);
#4716=CARTESIAN_POINT('',(90.661230282,155.398481368,120.894558918));
#4717=DIRECTION('',(-0.,0.,1.));
#4718=VECTOR('',#4717,2.);
#4719=LINE('',#4716,#4718);
#4720=EDGE_CURVE('',#4557,#4298,#4719,.T.);
#4721=ORIENTED_EDGE('',*,*,#4720,.F.);
#4722=ORIENTED_EDGE('',*,*,#4563,.T.);
#4723=ORIENTED_EDGE('',*,*,#4720,.T.);
#4724=ORIENTED_EDGE('',*,*,#4304,.T.);
#4725=EDGE_LOOP('',(#4721,#4722,#4723,#4724));
#4726=FACE_BOUND('',#4725,.T.);
#4727=ADVANCED_FACE('',(#4726),#4715,.F.);
#4728=CARTESIAN_POINT('',(90.621230283,87.366136457,125.894558918));
#4729=DIRECTION('',(0.,-0.,-1.));
#4730=DIRECTION('',(-0.,-1.,0.));
#4731=AXIS2_PLACEMENT_3D('',#4728,#4729,#4730);
#4732=CYLINDRICAL_SURFACE('',#4731,1.65);
#4733=CARTESIAN_POINT('',(90.621230283,85.716136457,120.894558918));
#4734=DIRECTION('',(-0.,0.,1.));
#4735=VECTOR('',#4734,2.);
#4736=LINE('',#4733,#4735);
#4737=EDGE_CURVE('',#4568,#4287,#4736,.T.);
#4738=ORIENTED_EDGE('',*,*,#4737,.F.);
#4739=ORIENTED_EDGE('',*,*,#4574,.T.);
#4740=ORIENTED_EDGE('',*,*,#4737,.T.);
#4741=ORIENTED_EDGE('',*,*,#4293,.T.);
#4742=EDGE_LOOP('',(#4738,#4739,#4740,#4741));
#4743=FACE_BOUND('',#4742,.T.);
#4744=ADVANCED_FACE('',(#4743),#4732,.F.);
#4745=CARTESIAN_POINT('',(132.852479968,43.824886773,124.094558918));
#4746=DIRECTION('',(0.,-0.,-1.));
#4747=DIRECTION('',(-0.,-1.,0.));
#4748=AXIS2_PLACEMENT_3D('',#4745,#4746,#4747);
#4749=CYLINDRICAL_SURFACE('',#4748,1.65);
#4750=CARTESIAN_POINT('',(132.852479968,42.174886773,120.894558918));
#4751=DIRECTION('',(-0.,0.,1.));
#4752=VECTOR('',#4751,2.);
#4753=LINE('',#4750,#4752);
#4754=EDGE_CURVE('',#4579,#4276,#4753,.T.);
#4755=ORIENTED_EDGE('',*,*,#4754,.F.);
#4756=ORIENTED_EDGE('',*,*,#4585,.T.);
#4757=ORIENTED_EDGE('',*,*,#4754,.T.);
#4758=ORIENTED_EDGE('',*,*,#4282,.T.);
#4759=EDGE_LOOP('',(#4755,#4756,#4757,#4758));
#4760=FACE_BOUND('',#4759,.T.);
#4761=ADVANCED_FACE('',(#4760),#4749,.F.);
#4762=CARTESIAN_POINT('',(148.031717538,68.414131421,120.894522098));
#4763=DIRECTION('',(0.,0.,1.));
#4764=DIRECTION('',(-0.999876632,0.015707317,-0.));
#4765=AXIS2_PLACEMENT_3D('',#4762,#4763,#4764);
#4766=PLANE('',#4765);
#4767=ORIENTED_EDGE('',*,*,#4446,.T.);
#4768=ORIENTED_EDGE('',*,*,#4439,.T.);
#4769=ORIENTED_EDGE('',*,*,#4459,.F.);
#4770=ORIENTED_EDGE('',*,*,#4454,.F.);
#4771=EDGE_LOOP('',(#4767,#4768,#4769,#4770));
#4772=FACE_BOUND('',#4771,.T.);
#4773=ADVANCED_FACE('',(#4772),#4766,.F.);
#4774=CARTESIAN_POINT('',(103.218156901,59.611650915,101.4));
#4775=DIRECTION('',(-0.,-0.,-1.));
#4776=DIRECTION('',(0.015707317,0.999876632,-0.));
#4777=AXIS2_PLACEMENT_3D('',#4774,#4775,#4776);
#4778=PLANE('',#4777);
#4779=CARTESIAN_POINT('',(147.272087837,142.279880417,101.4));
#4780=VERTEX_POINT('',#4779);
#4781=CARTESIAN_POINT('',(147.316068326,145.079534988,101.4));
#4782=VERTEX_POINT('',#4781);
#4783=CARTESIAN_POINT('',(147.294078082,143.679707703,101.4));
#4784=DIRECTION('',(-0.,-0.,-1.));
#4785=DIRECTION('',(-0.015707317,-0.999876632,0.));
#4786=AXIS2_PLACEMENT_3D('',#4783,#4784,#4785);
#4787=CIRCLE('',#4786,1.4);
#4788=EDGE_CURVE('',#4780,#4782,#4787,.T.);
#4789=ORIENTED_EDGE('',*,*,#4788,.T.);
#4790=CARTESIAN_POINT('',(147.294078082,143.679707703,101.4));
#4791=DIRECTION('',(-0.,-0.,-1.));
#4792=DIRECTION('',(-0.015707317,-0.999876632,0.));
#4793=AXIS2_PLACEMENT_3D('',#4790,#4791,#4792);
#4794=CIRCLE('',#4793,1.4);
#4795=EDGE_CURVE('',#4782,#4780,#4794,.T.);
#4796=ORIENTED_EDGE('',*,*,#4795,.T.);
#4797=EDGE_LOOP('',(#4789,#4796));
#4798=FACE_BOUND('',#4797,.T.);
#4799=CARTESIAN_POINT('',(146.604526852,99.785123537,101.4));
#4800=VERTEX_POINT('',#4799);
#4801=CARTESIAN_POINT('',(146.64850734,102.584778108,101.4));
#4802=VERTEX_POINT('',#4801);
#4803=CARTESIAN_POINT('',(146.626517096,101.184950822,101.4));
#4804=DIRECTION('',(-0.,-0.,-1.));
#4805=DIRECTION('',(-0.015707317,-0.999876632,0.));
#4806=AXIS2_PLACEMENT_3D('',#4803,#4804,#4805);
#4807=CIRCLE('',#4806,1.4);
#4808=EDGE_CURVE('',#4800,#4802,#4807,.T.);
#4809=ORIENTED_EDGE('',*,*,#4808,.T.);
#4810=CARTESIAN_POINT('',(146.626517096,101.184950822,101.4));
#4811=DIRECTION('',(-0.,-0.,-1.));
#4812=DIRECTION('',(-0.015707317,-0.999876632,0.));
#4813=AXIS2_PLACEMENT_3D('',#4810,#4811,#4812);
#4814=CIRCLE('',#4813,1.4);
#4815=EDGE_CURVE('',#4802,#4800,#4814,.T.);
#4816=ORIENTED_EDGE('',*,*,#4815,.T.);
#4817=EDGE_LOOP('',(#4809,#4816));
#4818=FACE_BOUND('',#4817,.T.);
#4819=CARTESIAN_POINT('',(189.099283732,99.117562551,101.4));
#4820=VERTEX_POINT('',#4819);
#4821=CARTESIAN_POINT('',(189.143264221,101.917217122,101.4));
#4822=VERTEX_POINT('',#4821);
#4823=CARTESIAN_POINT('',(189.121273976,100.517389837,101.4));
#4824=DIRECTION('',(-0.,-0.,-1.));
#4825=DIRECTION('',(-0.015707317,-0.999876632,0.));
#4826=AXIS2_PLACEMENT_3D('',#4823,#4824,#4825);
#4827=CIRCLE('',#4826,1.4);
#4828=EDGE_CURVE('',#4820,#4822,#4827,.T.);
#4829=ORIENTED_EDGE('',*,*,#4828,.T.);
#4830=CARTESIAN_POINT('',(189.121273976,100.517389837,101.4));
#4831=DIRECTION('',(-0.,-0.,-1.));
#4832=DIRECTION('',(-0.015707317,-0.999876632,0.));
#4833=AXIS2_PLACEMENT_3D('',#4830,#4831,#4832);
#4834=CIRCLE('',#4833,1.4);
#4835=EDGE_CURVE('',#4822,#4820,#4834,.T.);
#4836=ORIENTED_EDGE('',*,*,#4835,.T.);
#4837=EDGE_LOOP('',(#4829,#4836));
#4838=FACE_BOUND('',#4837,.T.);
#4839=CARTESIAN_POINT('',(189.766844718,141.612319432,101.4));
#4840=VERTEX_POINT('',#4839);
#4841=CARTESIAN_POINT('',(189.810825206,144.411974003,101.4));
#4842=VERTEX_POINT('',#4841);
#4843=CARTESIAN_POINT('',(189.788834962,143.012146717,101.4));
#4844=DIRECTION('',(-0.,-0.,-1.));
#4845=DIRECTION('',(-0.015707317,-0.999876632,0.));
#4846=AXIS2_PLACEMENT_3D('',#4843,#4844,#4845);
#4847=CIRCLE('',#4846,1.4);
#4848=EDGE_CURVE('',#4840,#4842,#4847,.T.);
#4849=ORIENTED_EDGE('',*,*,#4848,.T.);
#4850=CARTESIAN_POINT('',(189.788834962,143.012146717,101.4));
#4851=DIRECTION('',(-0.,-0.,-1.));
#4852=DIRECTION('',(-0.015707317,-0.999876632,0.));
#4853=AXIS2_PLACEMENT_3D('',#4850,#4851,#4852);
#4854=CIRCLE('',#4853,1.4);
#4855=EDGE_CURVE('',#4842,#4840,#4854,.T.);
#4856=ORIENTED_EDGE('',*,*,#4855,.T.);
#4857=EDGE_LOOP('',(#4849,#4856));
#4858=FACE_BOUND('',#4857,.T.);
#4859=ORIENTED_EDGE('',*,*,#2790,.F.);
#4860=ORIENTED_EDGE('',*,*,#2843,.T.);
#4861=ORIENTED_EDGE('',*,*,#2670,.F.);
#4862=ORIENTED_EDGE('',*,*,#2819,.T.);
#4863=ORIENTED_EDGE('',*,*,#2710,.F.);
#4864=ORIENTED_EDGE('',*,*,#2891,.T.);
#4865=ORIENTED_EDGE('',*,*,#2750,.F.);
#4866=ORIENTED_EDGE('',*,*,#2867,.T.);
#4867=EDGE_LOOP('',(#4859,#4860,#4861,#4862,#4863,#4864,#4865,#4866));
#4868=FACE_BOUND('',#4867,.T.);
#4869=ADVANCED_FACE('',(#4798,#4818,#4838,#4858,#4868),#4778,.F.);
#4870=CARTESIAN_POINT('',(147.294078082,143.679707703,102.4));
#4871=DIRECTION('',(-0.,-0.,-1.));
#4872=DIRECTION('',(0.015707317,0.999876632,-0.));
#4873=AXIS2_PLACEMENT_3D('',#4870,#4871,#4872);
#4874=CYLINDRICAL_SURFACE('',#4873,1.4);
#4875=CARTESIAN_POINT('',(147.316068326,145.079534988,100.4));
#4876=DIRECTION('',(0.,0.,1.));
#4877=VECTOR('',#4876,1.);
#4878=LINE('',#4875,#4877);
#4879=EDGE_CURVE('',#3819,#4782,#4878,.T.);
#4880=ORIENTED_EDGE('',*,*,#4879,.F.);
#4881=ORIENTED_EDGE('',*,*,#3827,.T.);
#4882=ORIENTED_EDGE('',*,*,#3834,.T.);
#4883=ORIENTED_EDGE('',*,*,#4879,.T.);
#4884=ORIENTED_EDGE('',*,*,#4788,.F.);
#4885=ORIENTED_EDGE('',*,*,#4795,.F.);
#4886=EDGE_LOOP('',(#4880,#4881,#4882,#4883,#4884,#4885));
#4887=FACE_BOUND('',#4886,.T.);
#4888=ADVANCED_FACE('',(#4887),#4874,.F.);
#4889=CARTESIAN_POINT('',(146.626517096,101.184950822,102.4));
#4890=DIRECTION('',(-0.,-0.,-1.));
#4891=DIRECTION('',(0.015707317,0.999876632,-0.));
#4892=AXIS2_PLACEMENT_3D('',#4889,#4890,#4891);
#4893=CYLINDRICAL_SURFACE('',#4892,1.4);
#4894=CARTESIAN_POINT('',(146.64850734,102.584778108,100.4));
#4895=DIRECTION('',(0.,0.,1.));
#4896=VECTOR('',#4895,1.);
#4897=LINE('',#4894,#4896);
#4898=EDGE_CURVE('',#3839,#4802,#4897,.T.);
#4899=ORIENTED_EDGE('',*,*,#4898,.F.);
#4900=ORIENTED_EDGE('',*,*,#3847,.T.);
#4901=ORIENTED_EDGE('',*,*,#3854,.T.);
#4902=ORIENTED_EDGE('',*,*,#4898,.T.);
#4903=ORIENTED_EDGE('',*,*,#4808,.F.);
#4904=ORIENTED_EDGE('',*,*,#4815,.F.);
#4905=EDGE_LOOP('',(#4899,#4900,#4901,#4902,#4903,#4904));
#4906=FACE_BOUND('',#4905,.T.);
#4907=ADVANCED_FACE('',(#4906),#4893,.F.);
#4908=CARTESIAN_POINT('',(189.121273976,100.517389837,102.4));
#4909=DIRECTION('',(-0.,-0.,-1.));
#4910=DIRECTION('',(0.015707317,0.999876632,-0.));
#4911=AXIS2_PLACEMENT_3D('',#4908,#4909,#4910);
#4912=CYLINDRICAL_SURFACE('',#4911,1.4);
#4913=CARTESIAN_POINT('',(189.143264221,101.917217122,100.4));
#4914=DIRECTION('',(0.,0.,1.));
#4915=VECTOR('',#4914,1.);
#4916=LINE('',#4913,#4915);
#4917=EDGE_CURVE('',#3859,#4822,#4916,.T.);
#4918=ORIENTED_EDGE('',*,*,#4917,.F.);
#4919=ORIENTED_EDGE('',*,*,#3867,.T.);
#4920=ORIENTED_EDGE('',*,*,#3874,.T.);
#4921=ORIENTED_EDGE('',*,*,#4917,.T.);
#4922=ORIENTED_EDGE('',*,*,#4828,.F.);
#4923=ORIENTED_EDGE('',*,*,#4835,.F.);
#4924=EDGE_LOOP('',(#4918,#4919,#4920,#4921,#4922,#4923));
#4925=FACE_BOUND('',#4924,.T.);
#4926=ADVANCED_FACE('',(#4925),#4912,.F.);
#4927=CARTESIAN_POINT('',(189.788834962,143.012146717,102.4));
#4928=DIRECTION('',(-0.,-0.,-1.));
#4929=DIRECTION('',(0.015707317,0.999876632,-0.));
#4930=AXIS2_PLACEMENT_3D('',#4927,#4928,#4929);
#4931=CYLINDRICAL_SURFACE('',#4930,1.4);
#4932=CARTESIAN_POINT('',(189.810825206,144.411974003,100.4));
#4933=DIRECTION('',(0.,0.,1.));
#4934=VECTOR('',#4933,1.);
#4935=LINE('',#4932,#4934);
#4936=EDGE_CURVE('',#3879,#4842,#4935,.T.);
#4937=ORIENTED_EDGE('',*,*,#4936,.F.);
#4938=ORIENTED_EDGE('',*,*,#3887,.T.);
#4939=ORIENTED_EDGE('',*,*,#3894,.T.);
#4940=ORIENTED_EDGE('',*,*,#4936,.T.);
#4941=ORIENTED_EDGE('',*,*,#4848,.F.);
#4942=ORIENTED_EDGE('',*,*,#4855,.F.);
#4943=EDGE_LOOP('',(#4937,#4938,#4939,#4940,#4941,#4942));
#4944=FACE_BOUND('',#4943,.T.);
#4945=ADVANCED_FACE('',(#4944),#4931,.F.);
#4946=CARTESIAN_POINT('',(124.895947992,-78.439608877,68.192506457));
#4947=DIRECTION('',(-0.866024085,-0.001511498,-0.5));
#4948=DIRECTION('',(-0.499999238,-0.000872664,0.866025404));
#4949=AXIS2_PLACEMENT_3D('',#4946,#4947,#4948);
#4950=PLANE('',#4949);
#4951=ORIENTED_EDGE('',*,*,#2453,.F.);
#4952=ORIENTED_EDGE('',*,*,#2460,.F.);
#4953=EDGE_LOOP('',(#4951,#4952));
#4954=FACE_BOUND('',#4953,.T.);
#4955=CARTESIAN_POINT('',(111.462052891,109.354945116,90.892957428));
#4956=VERTEX_POINT('',#4955);
#4957=CARTESIAN_POINT('',(109.66206249,109.367512521,94.010589517));
#4958=VERTEX_POINT('',#4957);
#4959=CARTESIAN_POINT('',(110.562054262,109.353374321,92.451803155));
#4960=DIRECTION('',(-0.866024085,-0.001511498,-0.5));
#4961=DIRECTION('',(-0.499995429,0.007854556,0.865992423));
#4962=AXIS2_PLACEMENT_3D('',#4959,#4960,#4961);
#4963=CIRCLE('',#4962,1.8);
#4964=EDGE_CURVE('',#4956,#4958,#4963,.T.);
#4965=ORIENTED_EDGE('',*,*,#4964,.F.);
#4966=CARTESIAN_POINT('',(110.562054262,109.353374321,92.451803155));
#4967=DIRECTION('',(-0.866024085,-0.001511498,-0.5));
#4968=DIRECTION('',(-0.499995429,0.007854556,0.865992423));
#4969=AXIS2_PLACEMENT_3D('',#4966,#4967,#4968);
#4970=CIRCLE('',#4969,1.8);
#4971=EDGE_CURVE('',#4958,#4956,#4970,.T.);
#4972=ORIENTED_EDGE('',*,*,#4971,.F.);
#4973=EDGE_LOOP('',(#4965,#4972));
#4974=FACE_BOUND('',#4973,.T.);
#4975=CARTESIAN_POINT('',(97.41207429,109.330423253,115.228271274));
#4976=VERTEX_POINT('',#4975);
#4977=CARTESIAN_POINT('',(95.612083889,109.342990658,118.345903363));
#4978=VERTEX_POINT('',#4977);
#4979=CARTESIAN_POINT('',(96.512075661,109.328852458,116.787117001));
#4980=DIRECTION('',(-0.866024085,-0.001511498,-0.5));
#4981=DIRECTION('',(-0.499995429,0.007854556,0.865992423));
#4982=AXIS2_PLACEMENT_3D('',#4979,#4980,#4981);
#4983=CIRCLE('',#4982,1.8);
#4984=EDGE_CURVE('',#4976,#4978,#4983,.T.);
#4985=ORIENTED_EDGE('',*,*,#4984,.F.);
#4986=CARTESIAN_POINT('',(96.512075661,109.328852458,116.787117001));
#4987=DIRECTION('',(-0.866024085,-0.001511498,-0.5));
#4988=DIRECTION('',(-0.499995429,0.007854556,0.865992423));
#4989=AXIS2_PLACEMENT_3D('',#4986,#4987,#4988);
#4990=CIRCLE('',#4989,1.8);
#4991=EDGE_CURVE('',#4978,#4976,#4990,.T.);
#4992=ORIENTED_EDGE('',*,*,#4991,.F.);
#4993=EDGE_LOOP('',(#4985,#4992));
#4994=FACE_BOUND('',#4993,.T.);
#4995=CARTESIAN_POINT('',(97.363030563,137.430380454,115.228271274));
#4996=VERTEX_POINT('',#4995);
#4997=CARTESIAN_POINT('',(95.563040162,137.44294786,118.345903363));
#4998=VERTEX_POINT('',#4997);
#4999=CARTESIAN_POINT('',(96.463031934,137.428809659,116.787117001));
#5000=DIRECTION('',(-0.866024085,-0.001511498,-0.5));
#5001=DIRECTION('',(-0.499995429,0.007854556,0.865992423));
#5002=AXIS2_PLACEMENT_3D('',#4999,#5000,#5001);
#5003=CIRCLE('',#5002,1.8);
#5004=EDGE_CURVE('',#4996,#4998,#5003,.T.);
#5005=ORIENTED_EDGE('',*,*,#5004,.F.);
#5006=CARTESIAN_POINT('',(96.463031934,137.428809659,116.787117001));
#5007=DIRECTION('',(-0.866024085,-0.001511498,-0.5));
#5008=DIRECTION('',(-0.499995429,0.007854556,0.865992423));
#5009=AXIS2_PLACEMENT_3D('',#5006,#5007,#5008);
#5010=CIRCLE('',#5009,1.8);
#5011=EDGE_CURVE('',#4998,#4996,#5010,.T.);
#5012=ORIENTED_EDGE('',*,*,#5011,.F.);
#5013=EDGE_LOOP('',(#5005,#5012));
#5014=FACE_BOUND('',#5013,.T.);
#5015=ORIENTED_EDGE('',*,*,#4421,.F.);
#5016=CARTESIAN_POINT('',(112.013740151,140.538240962,89.84314157));
#5017=VERTEX_POINT('',#5016);
#5018=CARTESIAN_POINT('',(112.013740119,140.538240959,89.843141551));
#5019=DIRECTION('',(-0.499999238,-0.000872664,0.866025404));
#5020=VECTOR('',#5019,35.855088351);
#5021=LINE('',#5018,#5020);
#5022=EDGE_CURVE('',#5017,#4408,#5021,.T.);
#5023=ORIENTED_EDGE('',*,*,#5022,.F.);
#5024=CARTESIAN_POINT('',(112.024212151,134.538250102,89.843141588));
#5025=VERTEX_POINT('',#5024);
#5026=CARTESIAN_POINT('',(112.013740183,140.538240962,89.843141589));
#5027=DIRECTION('',(0.001745328,-0.999998477,0.));
#5028=VECTOR('',#5027,5.999999999);
#5029=LINE('',#5026,#5028);
#5030=EDGE_CURVE('',#5017,#5025,#5029,.T.);
#5031=ORIENTED_EDGE('',*,*,#5030,.T.);
#5032=CARTESIAN_POINT('',(107.024219768,134.529523462,98.503395624));
#5033=VERTEX_POINT('',#5032);
#5034=CARTESIAN_POINT('',(112.024212151,134.538250102,89.843141588));
#5035=DIRECTION('',(-0.499999238,-0.000872664,0.866025404));
#5036=VECTOR('',#5035,9.999999997);
#5037=LINE('',#5034,#5036);
#5038=EDGE_CURVE('',#5025,#5033,#5037,.T.);
#5039=ORIENTED_EDGE('',*,*,#5038,.T.);
#5040=CARTESIAN_POINT('',(107.062616984,112.529556969,98.503395623));
#5041=VERTEX_POINT('',#5040);
#5042=CARTESIAN_POINT('',(107.024219767,134.529523462,98.503395625));
#5043=DIRECTION('',(0.001745328,-0.999998477,0.));
#5044=VECTOR('',#5043,22.000000001);
#5045=LINE('',#5042,#5044);
#5046=EDGE_CURVE('',#5033,#5041,#5045,.T.);
#5047=ORIENTED_EDGE('',*,*,#5046,.T.);
#5048=CARTESIAN_POINT('',(112.062609342,112.538283609,89.843141568));
#5049=VERTEX_POINT('',#5048);
#5050=CARTESIAN_POINT('',(107.062616984,112.529556968,98.503395623));
#5051=DIRECTION('',(0.499999238,0.000872664,-0.866025404));
#5052=VECTOR('',#5051,10.000000002);
#5053=LINE('',#5050,#5052);
#5054=EDGE_CURVE('',#5041,#5049,#5053,.T.);
#5055=ORIENTED_EDGE('',*,*,#5054,.T.);
#5056=CARTESIAN_POINT('',(112.07308131,106.538292748,89.843141568));
#5057=VERTEX_POINT('',#5056);
#5058=CARTESIAN_POINT('',(112.073081283,106.538292748,89.843141553));
#5059=DIRECTION('',(-0.001745328,0.999998477,-0.));
#5060=VECTOR('',#5059,6.);
#5061=LINE('',#5058,#5060);
#5062=EDGE_CURVE('',#5057,#5049,#5061,.T.);
#5063=ORIENTED_EDGE('',*,*,#5062,.F.);
#5064=CARTESIAN_POINT('',(112.073081337,106.538292748,89.843141583));
#5065=DIRECTION('',(-0.499999238,-0.000872664,0.866025404));
#5066=VECTOR('',#5065,35.855088331);
#5067=LINE('',#5064,#5066);
#5068=EDGE_CURVE('',#5057,#4416,#5067,.T.);
#5069=ORIENTED_EDGE('',*,*,#5068,.T.);
#5070=EDGE_LOOP('',(#5015,#5023,#5031,#5039,#5047,#5055,#5063,#5069));
#5071=FACE_BOUND('',#5070,.T.);
#5072=ADVANCED_FACE('',(#4954,#4974,#4994,#5014,#5071),#4950,.T.);
#5073=CARTESIAN_POINT('',(100.263758015,140.517733355,110.19473854));
#5074=DIRECTION('',(-0.001745328,0.999998477,-0.));
#5075=DIRECTION('',(-0.866024085,-0.001511498,-0.5));
#5076=AXIS2_PLACEMENT_3D('',#5073,#5074,#5075);
#5077=PLANE('',#5076);
#5078=ORIENTED_EDGE('',*,*,#4413,.F.);
#5079=ORIENTED_EDGE('',*,*,#2556,.F.);
#5080=CARTESIAN_POINT('',(112.013740151,140.538240963,89.843141569));
#5081=DIRECTION('',(0.866024085,0.001511498,0.5));
#5082=VECTOR('',#5081,2.000000013);
#5083=LINE('',#5080,#5082);
#5084=EDGE_CURVE('',#5017,#2549,#5083,.T.);
#5085=ORIENTED_EDGE('',*,*,#5084,.F.);
#5086=ORIENTED_EDGE('',*,*,#5022,.T.);
#5087=EDGE_LOOP('',(#5078,#5079,#5085,#5086));
#5088=FACE_BOUND('',#5087,.T.);
#5089=ADVANCED_FACE('',(#5088),#5077,.T.);
#5090=CARTESIAN_POINT('',(111.823081664,106.537856416,90.276154253));
#5091=DIRECTION('',(-0.001745328,0.999998477,-0.));
#5092=DIRECTION('',(-0.866024085,-0.001511498,-0.5));
#5093=AXIS2_PLACEMENT_3D('',#5090,#5091,#5092);
#5094=PLANE('',#5093);
#5095=ORIENTED_EDGE('',*,*,#2572,.T.);
#5096=ORIENTED_EDGE('',*,*,#4427,.T.);
#5097=ORIENTED_EDGE('',*,*,#5068,.F.);
#5098=CARTESIAN_POINT('',(112.07308131,106.538292748,89.843141568));
#5099=DIRECTION('',(0.866024085,0.001511498,0.5));
#5100=VECTOR('',#5099,2.000000013);
#5101=LINE('',#5098,#5100);
#5102=EDGE_CURVE('',#5057,#2567,#5101,.T.);
#5103=ORIENTED_EDGE('',*,*,#5102,.T.);
#5104=EDGE_LOOP('',(#5095,#5096,#5097,#5103));
#5105=FACE_BOUND('',#5104,.T.);
#5106=ADVANCED_FACE('',(#5105),#5094,.F.);
#5107=CARTESIAN_POINT('',(94.730983764,137.425786662,115.787117001));
#5108=DIRECTION('',(0.866024085,0.001511498,0.5));
#5109=DIRECTION('',(0.499999238,0.000872664,-0.866025404));
#5110=AXIS2_PLACEMENT_3D('',#5107,#5108,#5109);
#5111=CYLINDRICAL_SURFACE('',#5110,1.1);
#5112=CARTESIAN_POINT('',(95.280982927,137.426746593,114.834489057));
#5113=VERTEX_POINT('',#5112);
#5114=CARTESIAN_POINT('',(98.745079266,137.432792586,116.834489057));
#5115=DIRECTION('',(-0.866024085,-0.001511498,-0.5));
#5116=VECTOR('',#5115,4.);
#5117=LINE('',#5114,#5116);
#5118=EDGE_CURVE('',#2491,#5113,#5117,.T.);
#5119=ORIENTED_EDGE('',*,*,#5118,.F.);
#5120=ORIENTED_EDGE('',*,*,#2497,.F.);
#5121=ORIENTED_EDGE('',*,*,#2504,.F.);
#5122=ORIENTED_EDGE('',*,*,#5118,.T.);
#5123=CARTESIAN_POINT('',(94.180988793,137.434426674,116.739708667));
#5124=VERTEX_POINT('',#5123);
#5125=CARTESIAN_POINT('',(94.730983764,137.425786662,115.787117001));
#5126=DIRECTION('',(-0.866024085,-0.001511498,-0.5));
#5127=DIRECTION('',(-0.499995429,0.007854556,0.865992423));
#5128=AXIS2_PLACEMENT_3D('',#5125,#5126,#5127);
#5129=CIRCLE('',#5128,1.1);
#5130=EDGE_CURVE('',#5113,#5124,#5129,.T.);
#5131=ORIENTED_EDGE('',*,*,#5130,.T.);
#5132=CARTESIAN_POINT('',(94.730983764,137.425786662,115.787117001));
#5133=DIRECTION('',(-0.866024085,-0.001511498,-0.5));
#5134=DIRECTION('',(-0.499995429,0.007854556,0.865992423));
#5135=AXIS2_PLACEMENT_3D('',#5132,#5133,#5134);
#5136=CIRCLE('',#5135,1.1);
#5137=EDGE_CURVE('',#5124,#5113,#5136,.T.);
#5138=ORIENTED_EDGE('',*,*,#5137,.T.);
#5139=EDGE_LOOP('',(#5119,#5120,#5121,#5122,#5131,#5138));
#5140=FACE_BOUND('',#5139,.T.);
#5141=ADVANCED_FACE('',(#5140),#5111,.F.);
#5142=CARTESIAN_POINT('',(94.730983764,137.425786662,115.787117001));
#5143=DIRECTION('',(0.866024085,0.001511498,0.5));
#5144=DIRECTION('',(0.499999238,0.000872664,-0.866025404));
#5145=AXIS2_PLACEMENT_3D('',#5142,#5143,#5144);
#5146=CYLINDRICAL_SURFACE('',#5145,1.8);
#5147=CARTESIAN_POINT('',(95.630982393,137.427357458,114.228271274));
#5148=VERTEX_POINT('',#5147);
#5149=CARTESIAN_POINT('',(97.363030563,137.430380454,115.228271274));
#5150=DIRECTION('',(-0.866024085,-0.001511498,-0.5));
#5151=VECTOR('',#5150,2.);
#5152=LINE('',#5149,#5151);
#5153=EDGE_CURVE('',#4996,#5148,#5152,.T.);
#5154=ORIENTED_EDGE('',*,*,#5153,.T.);
#5155=CARTESIAN_POINT('',(93.830991992,137.439924863,117.345903363));
#5156=VERTEX_POINT('',#5155);
#5157=CARTESIAN_POINT('',(94.730983764,137.425786662,115.787117001));
#5158=DIRECTION('',(-0.866024085,-0.001511498,-0.5));
#5159=DIRECTION('',(-0.499995429,0.007854556,0.865992423));
#5160=AXIS2_PLACEMENT_3D('',#5157,#5158,#5159);
#5161=CIRCLE('',#5160,1.8);
#5162=EDGE_CURVE('',#5156,#5148,#5161,.T.);
#5163=ORIENTED_EDGE('',*,*,#5162,.F.);
#5164=CARTESIAN_POINT('',(94.730983764,137.425786662,115.787117001));
#5165=DIRECTION('',(-0.866024085,-0.001511498,-0.5));
#5166=DIRECTION('',(-0.499995429,0.007854556,0.865992423));
#5167=AXIS2_PLACEMENT_3D('',#5164,#5165,#5166);
#5168=CIRCLE('',#5167,1.8);
#5169=EDGE_CURVE('',#5148,#5156,#5168,.T.);
#5170=ORIENTED_EDGE('',*,*,#5169,.F.);
#5171=ORIENTED_EDGE('',*,*,#5153,.F.);
#5172=ORIENTED_EDGE('',*,*,#5004,.T.);
#5173=ORIENTED_EDGE('',*,*,#5011,.T.);
#5174=EDGE_LOOP('',(#5154,#5163,#5170,#5171,#5172,#5173));
#5175=FACE_BOUND('',#5174,.T.);
#5176=ADVANCED_FACE('',(#5175),#5146,.T.);
#5177=CARTESIAN_POINT('',(122.297734294,-158.62655122,68.935142656));
#5178=DIRECTION('',(-0.866024085,-0.001511498,-0.5));
#5179=DIRECTION('',(-0.499999238,-0.000872664,0.866025404));
#5180=AXIS2_PLACEMENT_3D('',#5177,#5178,#5179);
#5181=PLANE('',#5180);
#5182=ORIENTED_EDGE('',*,*,#5130,.F.);
#5183=ORIENTED_EDGE('',*,*,#5137,.F.);
#5184=EDGE_LOOP('',(#5182,#5183));
#5185=FACE_BOUND('',#5184,.T.);
#5186=ORIENTED_EDGE('',*,*,#5162,.T.);
#5187=ORIENTED_EDGE('',*,*,#5169,.T.);
#5188=EDGE_LOOP('',(#5186,#5187));
#5189=FACE_BOUND('',#5188,.T.);
#5190=ADVANCED_FACE('',(#5185,#5189),#5181,.T.);
#5191=CARTESIAN_POINT('',(94.780027491,109.325829461,115.787117001));
#5192=DIRECTION('',(0.866024085,0.001511498,0.5));
#5193=DIRECTION('',(0.499999238,0.000872664,-0.866025404));
#5194=AXIS2_PLACEMENT_3D('',#5191,#5192,#5193);
#5195=CYLINDRICAL_SURFACE('',#5194,1.1);
#5196=CARTESIAN_POINT('',(95.330026654,109.326789391,114.834489057));
#5197=VERTEX_POINT('',#5196);
#5198=CARTESIAN_POINT('',(98.794122993,109.332835385,116.834489057));
#5199=DIRECTION('',(-0.866024085,-0.001511498,-0.5));
#5200=VECTOR('',#5199,3.999999999);
#5201=LINE('',#5198,#5200);
#5202=EDGE_CURVE('',#2511,#5197,#5201,.T.);
#5203=ORIENTED_EDGE('',*,*,#5202,.F.);
#5204=ORIENTED_EDGE('',*,*,#2517,.F.);
#5205=ORIENTED_EDGE('',*,*,#2524,.F.);
#5206=ORIENTED_EDGE('',*,*,#5202,.T.);
#5207=CARTESIAN_POINT('',(94.23003252,109.334469473,116.739708667));
#5208=VERTEX_POINT('',#5207);
#5209=CARTESIAN_POINT('',(94.780027492,109.325829461,115.787117001));
#5210=DIRECTION('',(-0.866024085,-0.001511498,-0.5));
#5211=DIRECTION('',(-0.499995429,0.007854556,0.865992423));
#5212=AXIS2_PLACEMENT_3D('',#5209,#5210,#5211);
#5213=CIRCLE('',#5212,1.1);
#5214=EDGE_CURVE('',#5197,#5208,#5213,.T.);
#5215=ORIENTED_EDGE('',*,*,#5214,.T.);
#5216=CARTESIAN_POINT('',(94.780027492,109.325829461,115.787117001));
#5217=DIRECTION('',(-0.866024085,-0.001511498,-0.5));
#5218=DIRECTION('',(-0.499995429,0.007854556,0.865992423));
#5219=AXIS2_PLACEMENT_3D('',#5216,#5217,#5218);
#5220=CIRCLE('',#5219,1.1);
#5221=EDGE_CURVE('',#5208,#5197,#5220,.T.);
#5222=ORIENTED_EDGE('',*,*,#5221,.T.);
#5223=EDGE_LOOP('',(#5203,#5204,#5205,#5206,#5215,#5222));
#5224=FACE_BOUND('',#5223,.T.);
#5225=ADVANCED_FACE('',(#5224),#5195,.F.);
#5226=CARTESIAN_POINT('',(94.780027491,109.325829461,115.787117001));
#5227=DIRECTION('',(0.866024085,0.001511498,0.5));
#5228=DIRECTION('',(0.499999238,0.000872664,-0.866025404));
#5229=AXIS2_PLACEMENT_3D('',#5226,#5227,#5228);
#5230=CYLINDRICAL_SURFACE('',#5229,1.8);
#5231=CARTESIAN_POINT('',(95.680026121,109.327400256,114.228271274));
#5232=VERTEX_POINT('',#5231);
#5233=CARTESIAN_POINT('',(97.41207429,109.330423253,115.228271274));
#5234=DIRECTION('',(-0.866024085,-0.001511498,-0.5));
#5235=VECTOR('',#5234,2.);
#5236=LINE('',#5233,#5235);
#5237=EDGE_CURVE('',#4976,#5232,#5236,.T.);
#5238=ORIENTED_EDGE('',*,*,#5237,.T.);
#5239=CARTESIAN_POINT('',(93.880035719,109.339967662,117.345903363));
#5240=VERTEX_POINT('',#5239);
#5241=CARTESIAN_POINT('',(94.780027491,109.325829461,115.787117001));
#5242=DIRECTION('',(-0.866024085,-0.001511498,-0.5));
#5243=DIRECTION('',(-0.499995429,0.007854556,0.865992423));
#5244=AXIS2_PLACEMENT_3D('',#5241,#5242,#5243);
#5245=CIRCLE('',#5244,1.8);
#5246=EDGE_CURVE('',#5240,#5232,#5245,.T.);
#5247=ORIENTED_EDGE('',*,*,#5246,.F.);
#5248=CARTESIAN_POINT('',(94.780027491,109.325829461,115.787117001));
#5249=DIRECTION('',(-0.866024085,-0.001511498,-0.5));
#5250=DIRECTION('',(-0.499995429,0.007854556,0.865992423));
#5251=AXIS2_PLACEMENT_3D('',#5248,#5249,#5250);
#5252=CIRCLE('',#5251,1.8);
#5253=EDGE_CURVE('',#5232,#5240,#5252,.T.);
#5254=ORIENTED_EDGE('',*,*,#5253,.F.);
#5255=ORIENTED_EDGE('',*,*,#5237,.F.);
#5256=ORIENTED_EDGE('',*,*,#4984,.T.);
#5257=ORIENTED_EDGE('',*,*,#4991,.T.);
#5258=EDGE_LOOP('',(#5238,#5247,#5254,#5255,#5256,#5257));
#5259=FACE_BOUND('',#5258,.T.);
#5260=ADVANCED_FACE('',(#5259),#5230,.T.);
#5261=CARTESIAN_POINT('',(122.297734294,-158.62655122,68.935142656));
#5262=DIRECTION('',(-0.866024085,-0.001511498,-0.5));
#5263=DIRECTION('',(-0.499999238,-0.000872664,0.866025404));
#5264=AXIS2_PLACEMENT_3D('',#5261,#5262,#5263);
#5265=PLANE('',#5264);
#5266=ORIENTED_EDGE('',*,*,#5214,.F.);
#5267=ORIENTED_EDGE('',*,*,#5221,.F.);
#5268=EDGE_LOOP('',(#5266,#5267));
#5269=FACE_BOUND('',#5268,.T.);
#5270=ORIENTED_EDGE('',*,*,#5246,.T.);
#5271=ORIENTED_EDGE('',*,*,#5253,.T.);
#5272=EDGE_LOOP('',(#5270,#5271));
#5273=FACE_BOUND('',#5272,.T.);
#5274=ADVANCED_FACE('',(#5269,#5273),#5265,.T.);
#5275=CARTESIAN_POINT('',(108.830006092,109.350351324,91.451803155));
#5276=DIRECTION('',(0.866024085,0.001511498,0.5));
#5277=DIRECTION('',(0.499999238,0.000872664,-0.866025404));
#5278=AXIS2_PLACEMENT_3D('',#5275,#5276,#5277);
#5279=CYLINDRICAL_SURFACE('',#5278,1.1);
#5280=CARTESIAN_POINT('',(109.380005255,109.351311255,90.499175211));
#5281=VERTEX_POINT('',#5280);
#5282=CARTESIAN_POINT('',(112.844101593,109.357357248,92.499175211));
#5283=DIRECTION('',(-0.866024085,-0.001511498,-0.5));
#5284=VECTOR('',#5283,3.999999999);
#5285=LINE('',#5282,#5284);
#5286=EDGE_CURVE('',#2531,#5281,#5285,.T.);
#5287=ORIENTED_EDGE('',*,*,#5286,.F.);
#5288=ORIENTED_EDGE('',*,*,#2537,.F.);
#5289=ORIENTED_EDGE('',*,*,#2544,.F.);
#5290=ORIENTED_EDGE('',*,*,#5286,.T.);
#5291=CARTESIAN_POINT('',(108.280011121,109.358991336,92.404394821));
#5292=VERTEX_POINT('',#5291);
#5293=CARTESIAN_POINT('',(108.830006092,109.350351324,91.451803155));
#5294=DIRECTION('',(-0.866024085,-0.001511498,-0.5));
#5295=DIRECTION('',(-0.499995429,0.007854556,0.865992423));
#5296=AXIS2_PLACEMENT_3D('',#5293,#5294,#5295);
#5297=CIRCLE('',#5296,1.1);
#5298=EDGE_CURVE('',#5281,#5292,#5297,.T.);
#5299=ORIENTED_EDGE('',*,*,#5298,.T.);
#5300=CARTESIAN_POINT('',(108.830006092,109.350351324,91.451803155));
#5301=DIRECTION('',(-0.866024085,-0.001511498,-0.5));
#5302=DIRECTION('',(-0.499995429,0.007854556,0.865992423));
#5303=AXIS2_PLACEMENT_3D('',#5300,#5301,#5302);
#5304=CIRCLE('',#5303,1.1);
#5305=EDGE_CURVE('',#5292,#5281,#5304,.T.);
#5306=ORIENTED_EDGE('',*,*,#5305,.T.);
#5307=EDGE_LOOP('',(#5287,#5288,#5289,#5290,#5299,#5306));
#5308=FACE_BOUND('',#5307,.T.);
#5309=ADVANCED_FACE('',(#5308),#5279,.F.);
#5310=CARTESIAN_POINT('',(108.830006092,109.350351324,91.451803155));
#5311=DIRECTION('',(0.866024085,0.001511498,0.5));
#5312=DIRECTION('',(0.499999238,0.000872664,-0.866025404));
#5313=AXIS2_PLACEMENT_3D('',#5310,#5311,#5312);
#5314=CYLINDRICAL_SURFACE('',#5313,1.8);
#5315=CARTESIAN_POINT('',(109.730004721,109.351922119,89.892957428));
#5316=VERTEX_POINT('',#5315);
#5317=CARTESIAN_POINT('',(111.462052891,109.354945116,90.892957428));
#5318=DIRECTION('',(-0.866024085,-0.001511498,-0.5));
#5319=VECTOR('',#5318,2.);
#5320=LINE('',#5317,#5319);
#5321=EDGE_CURVE('',#4956,#5316,#5320,.T.);
#5322=ORIENTED_EDGE('',*,*,#5321,.T.);
#5323=CARTESIAN_POINT('',(107.93001432,109.364489525,93.010589517));
#5324=VERTEX_POINT('',#5323);
#5325=CARTESIAN_POINT('',(108.830006092,109.350351324,91.451803155));
#5326=DIRECTION('',(-0.866024085,-0.001511498,-0.5));
#5327=DIRECTION('',(-0.499995429,0.007854556,0.865992423));
#5328=AXIS2_PLACEMENT_3D('',#5325,#5326,#5327);
#5329=CIRCLE('',#5328,1.8);
#5330=EDGE_CURVE('',#5324,#5316,#5329,.T.);
#5331=ORIENTED_EDGE('',*,*,#5330,.F.);
#5332=CARTESIAN_POINT('',(108.830006092,109.350351324,91.451803155));
#5333=DIRECTION('',(-0.866024085,-0.001511498,-0.5));
#5334=DIRECTION('',(-0.499995429,0.007854556,0.865992423));
#5335=AXIS2_PLACEMENT_3D('',#5332,#5333,#5334);
#5336=CIRCLE('',#5335,1.8);
#5337=EDGE_CURVE('',#5316,#5324,#5336,.T.);
#5338=ORIENTED_EDGE('',*,*,#5337,.F.);
#5339=ORIENTED_EDGE('',*,*,#5321,.F.);
#5340=ORIENTED_EDGE('',*,*,#4964,.T.);
#5341=ORIENTED_EDGE('',*,*,#4971,.T.);
#5342=EDGE_LOOP('',(#5322,#5331,#5338,#5339,#5340,#5341));
#5343=FACE_BOUND('',#5342,.T.);
#5344=ADVANCED_FACE('',(#5343),#5314,.T.);
#5345=CARTESIAN_POINT('',(122.297734294,-158.62655122,68.935142656));
#5346=DIRECTION('',(-0.866024085,-0.001511498,-0.5));
#5347=DIRECTION('',(-0.499999238,-0.000872664,0.866025404));
#5348=AXIS2_PLACEMENT_3D('',#5345,#5346,#5347);
#5349=PLANE('',#5348);
#5350=ORIENTED_EDGE('',*,*,#5298,.F.);
#5351=ORIENTED_EDGE('',*,*,#5305,.F.);
#5352=EDGE_LOOP('',(#5350,#5351));
#5353=FACE_BOUND('',#5352,.T.);
#5354=ORIENTED_EDGE('',*,*,#5330,.T.);
#5355=ORIENTED_EDGE('',*,*,#5337,.T.);
#5356=EDGE_LOOP('',(#5354,#5355));
#5357=FACE_BOUND('',#5356,.T.);
#5358=ADVANCED_FACE('',(#5353,#5357),#5349,.T.);
#5359=CARTESIAN_POINT('',(109.274216278,134.533450449,94.606281272));
#5360=DIRECTION('',(-0.001745328,0.999998477,-0.));
#5361=DIRECTION('',(-0.866024085,-0.001511498,-0.5));
#5362=AXIS2_PLACEMENT_3D('',#5359,#5360,#5361);
#5363=PLANE('',#5362);
#5364=ORIENTED_EDGE('',*,*,#2604,.T.);
#5365=CARTESIAN_POINT('',(107.024219769,134.52952346,98.503395623));
#5366=DIRECTION('',(0.866024085,0.001511498,0.5));
#5367=VECTOR('',#5366,1.999999928);
#5368=LINE('',#5365,#5367);
#5369=EDGE_CURVE('',#5033,#2591,#5368,.T.);
#5370=ORIENTED_EDGE('',*,*,#5369,.F.);
#5371=ORIENTED_EDGE('',*,*,#5038,.F.);
#5372=CARTESIAN_POINT('',(112.024212151,134.538250101,89.843141588));
#5373=DIRECTION('',(0.866024085,0.001511498,0.5));
#5374=VECTOR('',#5373,1.999999928);
#5375=LINE('',#5372,#5374);
#5376=EDGE_CURVE('',#5025,#2599,#5375,.T.);
#5377=ORIENTED_EDGE('',*,*,#5376,.T.);
#5378=EDGE_LOOP('',(#5364,#5370,#5371,#5377));
#5379=FACE_BOUND('',#5378,.T.);
#5380=ADVANCED_FACE('',(#5379),#5363,.F.);
#5381=CARTESIAN_POINT('',(107.043418317,123.529540214,98.503395589));
#5382=DIRECTION('',(-0.499999239,-0.000872664,0.866025404));
#5383=DIRECTION('',(0.866024085,0.001511498,0.5));
#5384=AXIS2_PLACEMENT_3D('',#5381,#5382,#5383);
#5385=PLANE('',#5384);
#5386=ORIENTED_EDGE('',*,*,#2596,.T.);
#5387=CARTESIAN_POINT('',(107.062616985,112.529556969,98.503395621));
#5388=DIRECTION('',(0.866024085,0.001511498,0.5));
#5389=VECTOR('',#5388,1.999999931);
#5390=LINE('',#5387,#5389);
#5391=EDGE_CURVE('',#5041,#2583,#5390,.T.);
#5392=ORIENTED_EDGE('',*,*,#5391,.F.);
#5393=ORIENTED_EDGE('',*,*,#5046,.F.);
#5394=ORIENTED_EDGE('',*,*,#5369,.T.);
#5395=EDGE_LOOP('',(#5386,#5392,#5393,#5394));
#5396=FACE_BOUND('',#5395,.T.);
#5397=ADVANCED_FACE('',(#5396),#5385,.F.);
#5398=CARTESIAN_POINT('',(109.312613502,112.533483957,94.606281272));
#5399=DIRECTION('',(0.001745328,-0.999998477,0.));
#5400=DIRECTION('',(0.866024085,0.001511498,0.5));
#5401=AXIS2_PLACEMENT_3D('',#5398,#5399,#5400);
#5402=PLANE('',#5401);
#5403=ORIENTED_EDGE('',*,*,#2588,.T.);
#5404=CARTESIAN_POINT('',(112.062609342,112.53828361,89.843141568));
#5405=DIRECTION('',(0.866024085,0.001511498,0.5));
#5406=VECTOR('',#5405,2.000000012);
#5407=LINE('',#5404,#5406);
#5408=EDGE_CURVE('',#5049,#2575,#5407,.T.);
#5409=ORIENTED_EDGE('',*,*,#5408,.F.);
#5410=ORIENTED_EDGE('',*,*,#5054,.F.);
#5411=ORIENTED_EDGE('',*,*,#5391,.T.);
#5412=EDGE_LOOP('',(#5403,#5409,#5410,#5411));
#5413=FACE_BOUND('',#5412,.T.);
#5414=ADVANCED_FACE('',(#5413),#5402,.F.);
#5415=CARTESIAN_POINT('',(112.019848769,137.038246294,89.843141552));
#5416=DIRECTION('',(-0.499999239,-0.000872664,0.866025404));
#5417=DIRECTION('',(0.866024085,0.001511498,0.5));
#5418=AXIS2_PLACEMENT_3D('',#5415,#5416,#5417);
#5419=PLANE('',#5418);
#5420=ORIENTED_EDGE('',*,*,#2610,.T.);
#5421=ORIENTED_EDGE('',*,*,#5376,.F.);
#5422=ORIENTED_EDGE('',*,*,#5030,.F.);
#5423=ORIENTED_EDGE('',*,*,#5084,.T.);
#5424=EDGE_LOOP('',(#5420,#5421,#5422,#5423));
#5425=FACE_BOUND('',#5424,.T.);
#5426=ADVANCED_FACE('',(#5425),#5419,.F.);
#5427=CARTESIAN_POINT('',(112.066972634,110.038287418,89.843141552));
#5428=DIRECTION('',(0.499999239,0.000872664,-0.866025404));
#5429=DIRECTION('',(-0.866024085,-0.001511498,-0.5));
#5430=AXIS2_PLACEMENT_3D('',#5427,#5428,#5429);
#5431=PLANE('',#5430);
#5432=ORIENTED_EDGE('',*,*,#2580,.F.);
#5433=ORIENTED_EDGE('',*,*,#5102,.F.);
#5434=ORIENTED_EDGE('',*,*,#5062,.T.);
#5435=ORIENTED_EDGE('',*,*,#5408,.T.);
#5436=EDGE_LOOP('',(#5432,#5433,#5434,#5435));
#5437=FACE_BOUND('',#5436,.T.);
#5438=ADVANCED_FACE('',(#5437),#5431,.T.);
#5439=CARTESIAN_POINT('',(139.696031281,122.75192651,101.4));
#5440=DIRECTION('',(0.015707317,0.999876632,-0.));
#5441=DIRECTION('',(-0.,-0.,-1.));
#5442=AXIS2_PLACEMENT_3D('',#5439,#5440,#5441);
#5443=CYLINDRICAL_SURFACE('',#5442,1.);
#5444=ORIENTED_EDGE('',*,*,#3814,.F.);
#5445=CARTESIAN_POINT('',(139.240519079,93.755504169,101.4));
#5446=DIRECTION('',(0.015707317,0.999876632,-0.));
#5447=DIRECTION('',(-0.,-0.,-1.));
#5448=AXIS2_PLACEMENT_3D('',#5445,#5446,#5447);
#5449=CIRCLE('',#5448,1.);
#5450=EDGE_CURVE('',#3803,#2987,#5449,.T.);
#5451=ORIENTED_EDGE('',*,*,#5450,.T.);
#5452=ORIENTED_EDGE('',*,*,#2992,.F.);
#5453=CARTESIAN_POINT('',(140.151543483,151.748348852,101.4));
#5454=DIRECTION('',(-0.015707317,-0.999876632,0.));
#5455=DIRECTION('',(-0.,-0.,-1.));
#5456=AXIS2_PLACEMENT_3D('',#5453,#5454,#5455);
#5457=CIRCLE('',#5456,1.);
#5458=EDGE_CURVE('',#2985,#3785,#5457,.T.);
#5459=ORIENTED_EDGE('',*,*,#5458,.T.);
#5460=EDGE_LOOP('',(#5444,#5451,#5452,#5459));
#5461=FACE_BOUND('',#5460,.T.);
#5462=ADVANCED_FACE('',(#5461),#5443,.T.);
#5463=CARTESIAN_POINT('',(140.151543483,151.748348852,99.4));
#5464=DIRECTION('',(0.,0.,1.));
#5465=DIRECTION('',(-0.999876632,0.015707317,-0.));
#5466=AXIS2_PLACEMENT_3D('',#5463,#5464,#5465);
#5467=CYLINDRICAL_SURFACE('',#5466,1.);
#5468=ORIENTED_EDGE('',*,*,#4485,.F.);
#5469=ORIENTED_EDGE('',*,*,#2974,.F.);
#5470=CARTESIAN_POINT('',(140.151543483,151.748348852,101.4));
#5471=DIRECTION('',(-0.,-0.,-1.));
#5472=DIRECTION('',(0.015707317,0.999876632,-0.));
#5473=AXIS2_PLACEMENT_3D('',#5470,#5471,#5472);
#5474=CIRCLE('',#5473,1.);
#5475=EDGE_CURVE('',#2985,#2963,#5474,.T.);
#5476=ORIENTED_EDGE('',*,*,#5475,.F.);
#5477=ORIENTED_EDGE('',*,*,#3014,.F.);
#5478=EDGE_LOOP('',(#5468,#5469,#5476,#5477));
#5479=FACE_BOUND('',#5478,.T.);
#5480=ADVANCED_FACE('',(#5479),#5467,.T.);
#5481=CARTESIAN_POINT('',(140.151543483,151.748348852,101.4));
#5482=DIRECTION('',(-0.015707317,-0.999876632,0.));
#5483=DIRECTION('',(-0.999876632,0.015707317,-0.));
#5484=AXIS2_PLACEMENT_3D('',#5481,#5482,#5483);
#5485=SPHERICAL_SURFACE('',#5484,1.);
#5486=ORIENTED_EDGE('',*,*,#5475,.T.);
#5487=CARTESIAN_POINT('',(140.151543483,151.748348852,101.4));
#5488=DIRECTION('',(0.999876632,-0.015707317,0.));
#5489=DIRECTION('',(-0.,-0.,-1.));
#5490=AXIS2_PLACEMENT_3D('',#5487,#5488,#5489);
#5491=CIRCLE('',#5490,1.);
#5492=EDGE_CURVE('',#3785,#2963,#5491,.T.);
#5493=ORIENTED_EDGE('',*,*,#5492,.F.);
#5494=ORIENTED_EDGE('',*,*,#5458,.F.);
#5495=EDGE_LOOP('',(#5486,#5493,#5494));
#5496=FACE_BOUND('',#5495,.T.);
#5497=ADVANCED_FACE('',(#5496),#5485,.T.);
#5498=CARTESIAN_POINT('',(105.155861346,152.298104958,101.4));
#5499=DIRECTION('',(-0.999876632,0.015707317,-0.));
#5500=DIRECTION('',(0.015707317,0.999876632,-0.));
#5501=AXIS2_PLACEMENT_3D('',#5498,#5499,#5500);
#5502=CYLINDRICAL_SURFACE('',#5501,1.);
#5503=ORIENTED_EDGE('',*,*,#2968,.F.);
#5504=CARTESIAN_POINT('',(198.144388167,150.837324448,101.4));
#5505=DIRECTION('',(-0.999876632,0.015707317,-0.));
#5506=DIRECTION('',(-0.,-0.,-1.));
#5507=AXIS2_PLACEMENT_3D('',#5504,#5505,#5506);
#5508=CIRCLE('',#5507,1.);
#5509=EDGE_CURVE('',#2955,#3787,#5508,.T.);
#5510=ORIENTED_EDGE('',*,*,#5509,.T.);
#5511=ORIENTED_EDGE('',*,*,#3792,.F.);
#5512=ORIENTED_EDGE('',*,*,#5492,.T.);
#5513=EDGE_LOOP('',(#5503,#5510,#5511,#5512));
#5514=FACE_BOUND('',#5513,.T.);
#5515=ADVANCED_FACE('',(#5514),#5502,.T.);
#5516=CARTESIAN_POINT('',(104.244836942,94.305260274,101.4));
#5517=DIRECTION('',(0.999876632,-0.015707317,0.));
#5518=DIRECTION('',(0.,0.,1.));
#5519=AXIS2_PLACEMENT_3D('',#5516,#5517,#5518);
#5520=CYLINDRICAL_SURFACE('',#5519,1.);
#5521=ORIENTED_EDGE('',*,*,#3808,.F.);
#5522=CARTESIAN_POINT('',(197.233363763,92.844479764,101.4));
#5523=DIRECTION('',(-0.999876632,0.015707317,-0.));
#5524=DIRECTION('',(0.,0.,1.));
#5525=AXIS2_PLACEMENT_3D('',#5522,#5523,#5524);
#5526=CIRCLE('',#5525,1.);
#5527=EDGE_CURVE('',#3795,#3067,#5526,.T.);
#5528=ORIENTED_EDGE('',*,*,#5527,.T.);
#5529=ORIENTED_EDGE('',*,*,#3072,.F.);
#5530=CARTESIAN_POINT('',(139.240519079,93.755504169,101.4));
#5531=DIRECTION('',(-0.999876632,0.015707317,0.));
#5532=DIRECTION('',(0.,0.,1.));
#5533=AXIS2_PLACEMENT_3D('',#5530,#5531,#5532);
#5534=CIRCLE('',#5533,1.);
#5535=EDGE_CURVE('',#3803,#3065,#5534,.T.);
#5536=ORIENTED_EDGE('',*,*,#5535,.F.);
#5537=EDGE_LOOP('',(#5521,#5528,#5529,#5536));
#5538=FACE_BOUND('',#5537,.T.);
#5539=ADVANCED_FACE('',(#5538),#5520,.T.);
#5540=CARTESIAN_POINT('',(139.240519079,93.755504169,101.4));
#5541=DIRECTION('',(0.015707317,0.999876632,-0.));
#5542=DIRECTION('',(0.999876632,-0.015707317,0.));
#5543=AXIS2_PLACEMENT_3D('',#5540,#5541,#5542);
#5544=SPHERICAL_SURFACE('',#5543,1.);
#5545=ORIENTED_EDGE('',*,*,#5450,.F.);
#5546=ORIENTED_EDGE('',*,*,#5535,.T.);
#5547=CARTESIAN_POINT('',(139.240519079,93.755504169,101.4));
#5548=DIRECTION('',(0.,0.,1.));
#5549=DIRECTION('',(0.015707317,0.999876632,-0.));
#5550=AXIS2_PLACEMENT_3D('',#5547,#5548,#5549);
#5551=CIRCLE('',#5550,1.);
#5552=EDGE_CURVE('',#2987,#3065,#5551,.T.);
#5553=ORIENTED_EDGE('',*,*,#5552,.F.);
#5554=EDGE_LOOP('',(#5545,#5546,#5553));
#5555=FACE_BOUND('',#5554,.T.);
#5556=ADVANCED_FACE('',(#5555),#5544,.T.);
#5557=CARTESIAN_POINT('',(139.240519079,93.755504169,99.4));
#5558=DIRECTION('',(0.,0.,1.));
#5559=DIRECTION('',(-0.999876632,0.015707317,-0.));
#5560=AXIS2_PLACEMENT_3D('',#5557,#5558,#5559);
#5561=CYLINDRICAL_SURFACE('',#5560,1.);
#5562=ORIENTED_EDGE('',*,*,#5552,.T.);
#5563=ORIENTED_EDGE('',*,*,#3094,.F.);
#5564=ORIENTED_EDGE('',*,*,#4493,.F.);
#5565=ORIENTED_EDGE('',*,*,#3000,.F.);
#5566=EDGE_LOOP('',(#5562,#5563,#5564,#5565));
#5567=FACE_BOUND('',#5566,.T.);
#5568=ADVANCED_FACE('',(#5567),#5561,.T.);
#5569=CARTESIAN_POINT('',(197.233363763,92.844479764,99.4));
#5570=DIRECTION('',(0.,0.,1.));
#5571=DIRECTION('',(-0.999876632,0.015707317,-0.));
#5572=AXIS2_PLACEMENT_3D('',#5569,#5570,#5571);
#5573=CYLINDRICAL_SURFACE('',#5572,1.);
#5574=ORIENTED_EDGE('',*,*,#4469,.F.);
#5575=ORIENTED_EDGE('',*,*,#3080,.F.);
#5576=CARTESIAN_POINT('',(197.233363763,92.844479764,101.4));
#5577=DIRECTION('',(-0.,-0.,-1.));
#5578=DIRECTION('',(-0.015707317,-0.999876632,0.));
#5579=AXIS2_PLACEMENT_3D('',#5576,#5577,#5578);
#5580=CIRCLE('',#5579,1.);
#5581=EDGE_CURVE('',#3025,#3067,#5580,.T.);
#5582=ORIENTED_EDGE('',*,*,#5581,.F.);
#5583=ORIENTED_EDGE('',*,*,#3054,.F.);
#5584=EDGE_LOOP('',(#5574,#5575,#5582,#5583));
#5585=FACE_BOUND('',#5584,.T.);
#5586=ADVANCED_FACE('',(#5585),#5573,.T.);
#5587=CARTESIAN_POINT('',(197.233363763,92.844479764,101.4));
#5588=DIRECTION('',(-0.999876632,0.015707317,-0.));
#5589=DIRECTION('',(-0.,-0.,-1.));
#5590=AXIS2_PLACEMENT_3D('',#5587,#5588,#5589);
#5591=SPHERICAL_SURFACE('',#5590,1.);
#5592=ORIENTED_EDGE('',*,*,#5581,.T.);
#5593=ORIENTED_EDGE('',*,*,#5527,.F.);
#5594=CARTESIAN_POINT('',(197.233363763,92.844479764,101.4));
#5595=DIRECTION('',(0.015707317,0.999876632,-0.));
#5596=DIRECTION('',(-0.,-0.,-1.));
#5597=AXIS2_PLACEMENT_3D('',#5594,#5595,#5596);
#5598=CIRCLE('',#5597,1.);
#5599=EDGE_CURVE('',#3025,#3795,#5598,.T.);
#5600=ORIENTED_EDGE('',*,*,#5599,.F.);
#5601=EDGE_LOOP('',(#5592,#5593,#5600));
#5602=FACE_BOUND('',#5601,.T.);
#5603=ADVANCED_FACE('',(#5602),#5591,.T.);
#5604=CARTESIAN_POINT('',(196.691461315,58.348735944,101.4));
#5605=DIRECTION('',(0.015707317,0.999876632,-0.));
#5606=DIRECTION('',(-0.,-0.,-1.));
#5607=AXIS2_PLACEMENT_3D('',#5604,#5605,#5606);
#5608=CYLINDRICAL_SURFACE('',#5607,1.);
#5609=ORIENTED_EDGE('',*,*,#5599,.T.);
#5610=ORIENTED_EDGE('',*,*,#3800,.F.);
#5611=CARTESIAN_POINT('',(198.144388167,150.837324448,101.4));
#5612=DIRECTION('',(0.015707317,0.999876632,-0.));
#5613=DIRECTION('',(-0.,-0.,-1.));
#5614=AXIS2_PLACEMENT_3D('',#5611,#5612,#5613);
#5615=CIRCLE('',#5614,1.);
#5616=EDGE_CURVE('',#3027,#3787,#5615,.T.);
#5617=ORIENTED_EDGE('',*,*,#5616,.F.);
#5618=ORIENTED_EDGE('',*,*,#3032,.F.);
#5619=EDGE_LOOP('',(#5609,#5610,#5617,#5618));
#5620=FACE_BOUND('',#5619,.T.);
#5621=ADVANCED_FACE('',(#5620),#5608,.T.);
#5622=CARTESIAN_POINT('',(198.144388167,150.837324448,101.4));
#5623=DIRECTION('',(-0.999876632,0.015707317,-0.));
#5624=DIRECTION('',(-0.,-0.,-1.));
#5625=AXIS2_PLACEMENT_3D('',#5622,#5623,#5624);
#5626=SPHERICAL_SURFACE('',#5625,1.);
#5627=ORIENTED_EDGE('',*,*,#5616,.T.);
#5628=ORIENTED_EDGE('',*,*,#5509,.F.);
#5629=CARTESIAN_POINT('',(198.144388167,150.837324448,101.4));
#5630=DIRECTION('',(0.,0.,1.));
#5631=DIRECTION('',(0.015707317,0.999876632,-0.));
#5632=AXIS2_PLACEMENT_3D('',#5629,#5630,#5631);
#5633=CIRCLE('',#5632,1.);
#5634=EDGE_CURVE('',#3027,#2955,#5633,.T.);
#5635=ORIENTED_EDGE('',*,*,#5634,.F.);
#5636=EDGE_LOOP('',(#5627,#5628,#5635));
#5637=FACE_BOUND('',#5636,.T.);
#5638=ADVANCED_FACE('',(#5637),#5626,.T.);
#5639=CARTESIAN_POINT('',(198.144388167,150.837324448,99.4));
#5640=DIRECTION('',(0.,0.,1.));
#5641=DIRECTION('',(-0.999876632,0.015707317,-0.));
#5642=AXIS2_PLACEMENT_3D('',#5639,#5640,#5641);
#5643=CYLINDRICAL_SURFACE('',#5642,1.);
#5644=ORIENTED_EDGE('',*,*,#5634,.T.);
#5645=ORIENTED_EDGE('',*,*,#2960,.F.);
#5646=ORIENTED_EDGE('',*,*,#4477,.F.);
#5647=ORIENTED_EDGE('',*,*,#3040,.F.);
#5648=EDGE_LOOP('',(#5644,#5645,#5646,#5647));
#5649=FACE_BOUND('',#5648,.T.);
#5650=ADVANCED_FACE('',(#5649),#5643,.T.);
#5651=CARTESIAN_POINT('',(237.022141675,700.369131464,120.894558918));
#5652=DIRECTION('',(-0.866024085,-0.001511498,-0.5));
#5653=DIRECTION('',(-0.001745328,0.999998477,-0.));
#5654=AXIS2_PLACEMENT_3D('',#5651,#5652,#5653);
#5655=PLANE('',#5654);
#5656=ORIENTED_EDGE('',*,*,#1582,.F.);
#5657=ORIENTED_EDGE('',*,*,#256,.F.);
#5658=ORIENTED_EDGE('',*,*,#1533,.F.);
#5659=ORIENTED_EDGE('',*,*,#4393,.F.);
#5660=EDGE_LOOP('',(#5656,#5657,#5658,#5659));
#5661=FACE_BOUND('',#5660,.T.);
#5662=ADVANCED_FACE('',(#5661),#5655,.T.);
#5663=CLOSED_SHELL('',(#105,#156,#170,#306,#346,#489,#632,#654,#666,#701,#736,#750,#785,#820,#834,#856,#873,#890,#925,#960,#974,#1009,#1044,#1058,#1070,#1105,
#1156,#1170,#1205,#1256,#1270,#1305,#1356,#1370,#1458,#1480,#1497,#1514,#1544,#1556,#1586,#1598,#1649,#1700,#1714,#1850,#1885,#1936,#1950,#1985,#2036,
#2050,#2085,#2136,#2150,#2238,#2260,#2277,#2294,#2316,#2328,#2350,#2362,#2413,#2464,#2478,#2614,#2688,#2728,#2768,#2808,#2832,#2856,#2880,#2904,#2978,
#3018,#3058,#3098,#3138,#3178,#3428,#3459,#3483,#3507,#3524,#3555,#3579,#3603,#3620,#3637,#3654,#3685,#3716,#3747,#3778,#3898,#3920,#3937,#3954,#3966,
#3984,#4002,#4020,#4038,#4073,#4108,#4143,#4178,#4188,#4198,#4208,#4218,#4269,#4377,#4589,#4601,#4613,#4625,#4642,#4659,#4676,#4693,#4710,#4727,#4744,
#4761,#4773,#4869,#4888,#4907,#4926,#4945,#5072,#5089,#5106,#5141,#5176,#5190,#5225,#5260,#5274,#5309,#5344,#5358,#5380,#5397,#5414,#5426,#5438,#5462,
#5480,#5497,#5515,#5539,#5556,#5568,#5586,#5603,#5621,#5638,#5650,#5662));
#5664=MANIFOLD_SOLID_BREP('\X2\5B9E4F53\X0\  41 (5)',#5663);
#5665=COLOUR_RGB('',0.541176498,0.541176498,0.541176498);
#5666=FILL_AREA_STYLE_COLOUR('',#5665);
#5667=FILL_AREA_STYLE('',(#5666));
#5668=SURFACE_STYLE_FILL_AREA(#5667);
#5669=SURFACE_SIDE_STYLE('',(#5668));
#5670=SURFACE_STYLE_USAGE(.BOTH.,#5669);
#5671=PRESENTATION_STYLE_ASSIGNMENT((#5670));
#54=STYLED_ITEM('',(#5671),#5664);
#35=SHAPE_REPRESENTATION('head20250627B.step',(#15),#33);
#36=ADVANCED_BREP_SHAPE_REPRESENTATION('head20250627B.step',(#5664),#33);
#5679=SHAPE_REPRESENTATION_RELATIONSHIP('','',#35,#36);
#5680=CARTESIAN_POINT('',(0.,0.,0.));
#5681=DIRECTION('',(0.,0.,1.));
#5682=DIRECTION('',(1.,0.,0.));
#5683=AXIS2_PLACEMENT_3D('',#5680,#5681,#5682);
#5685=MAPPED_ITEM('',#5684,#5683);
#5684=REPRESENTATION_MAP(#5683,#35);
#5686=APPLICATION_CONTEXT('Managed model based 3d engineering');
#5687=APPLICATION_PROTOCOL_DEFINITION('international standard','ap242_managed_model_based_3d_engineering',2014,#5686);
#5688=PRODUCT_CONTEXT('',#5686,'mechanical');
#5689=PRODUCT_DEFINITION_CONTEXT('part definition',#5686,'design');
#43=PRODUCT('head20250627B.step','head20250627B.step','',(#5688));
#5690=PRODUCT_RELATED_PRODUCT_CATEGORY('part','',(#43));
#5691=PRODUCT_DEFINITION_FORMATION_WITH_SPECIFIED_SOURCE('','',#43,.NOT_KNOWN.);
#44=PRODUCT_DEFINITION('design','',#5691,#5689);
#42=PRODUCT_DEFINITION_SHAPE('','',#44);
#5692=SHAPE_DEFINITION_REPRESENTATION(#42,#35);
#34=DRAUGHTING_MODEL('',(#5685),#33);
#16=SHAPE_REPRESENTATION('root',(#15,#48),#10);
#5693=CARTESIAN_POINT('',(0.,0.,0.));
#5694=DIRECTION('',(0.,0.,1.));
#5695=DIRECTION('',(1.,0.,0.));
#5696=AXIS2_PLACEMENT_3D('',#5693,#5694,#5695);
#5698=MAPPED_ITEM('',#5697,#5696);
#5697=REPRESENTATION_MAP(#5696,#16);
#24=PRODUCT('root','root','',(#5688));
#5699=PRODUCT_RELATED_PRODUCT_CATEGORY('part','',(#24));
#5700=PRODUCT_DEFINITION_FORMATION_WITH_SPECIFIED_SOURCE('','',#24,.NOT_KNOWN.);
#25=PRODUCT_DEFINITION('design','',#5700,#5689);
#23=PRODUCT_DEFINITION_SHAPE('','',#25);
#5701=SHAPE_DEFINITION_REPRESENTATION(#23,#16);
#11=DRAUGHTING_MODEL('',(#5698),#10);
#5702=DESCRIPTIVE_REPRESENTATION_ITEM('KEY','/private/var/mobile/Containers/Data/Application/512BD973-2612-4B7A-8C54-7F7EBD679855/tmp/0EE4EAA2-7871-43B7-B7E7-99749A63FEC9.tmp');
#5703=PROPERTY_DEFINITION('KEY','',#25);
#5704=REPRESENTATION('',(#5702),#10);
#5705=PROPERTY_DEFINITION_REPRESENTATION(#5703,#5704);
#5706=GENERAL_PROPERTY('','KEY','');
#5707=GENERAL_PROPERTY_ASSOCIATION('','',#5706,#5703);
#1=MECHANICAL_DESIGN_GEOMETRIC_PRESENTATION_REPRESENTATION('',(#54),#10);
ENDSEC;
END-ISO-10303-21;
