ISO-10303-21;
HEADER;
FILE_DESCRIPTION(('STEP AP214'),'1');
FILE_NAME('627+.stp','2025-06-27T07:30:47',(' '),(' '),'Spatial InterOp 3D',' ',' ');
FILE_SCHEMA(('automotive_design'));
ENDSEC;
DATA;
#1=PRODUCT_DEFINITION_CONTEXT('',#22,'design');
#2=APPLICATION_PROTOCOL_DEFINITION('INTERNATIONAL STANDARD','automotive_design',1994,#22);
#3=PRODUCT_CATEGORY_RELATIONSHIP('NONE','NONE',#23,#24);
#4=SHAPE_DEFINITION_REPRESENTATION(#25,#26);
#5=PRODUCT_DEFINITION_CONTEXT('',#27,'design');
#6=APPLICATION_PROTOCOL_DEFINITION('INTERNATIONAL STANDARD','automotive_design',1994,#27);
#7=PRODUCT_CATEGORY_RELATIONSHIP('NONE','NONE',#28,#29);
#8=CONTEXT_DEPENDENT_SHAPE_REPRESENTATION(#30,#31);
#9=SHAPE_DEFINITION_REPRESENTATION(#32,#33);
#10=SHAPE_REPRESENTATION_RELATIONSHIP('NONE','NONE',#33,#34);
#11=PRODUCT_DEFINITION_CONTEXT('',#35,'design');
#12=APPLICATION_PROTOCOL_DEFINITION('INTERNATIONAL STANDARD','automotive_design',1994,#35);
#13=PRODUCT_CATEGORY_RELATIONSHIP('NONE','NONE',#36,#37);
#14=CONTEXT_DEPENDENT_SHAPE_REPRESENTATION(#38,#39);
#15=SHAPE_DEFINITION_REPRESENTATION(#40,#41);
#16=SHAPE_REPRESENTATION_RELATIONSHIP('NONE','NONE',#41,#42);
#17=MECHANICAL_DESIGN_GEOMETRIC_PRESENTATION_REPRESENTATION(' ',(#43,#44,#45,#46,#47,#48,#49,#50,#51,#52,#53,#54,#55,#56,#57,#58,#59,#60,#61,#62,#63,#64,#65,#66,#67,#68,#69,#70,#71,#72,#73,#74,#75,#76,#77,#78,#79,#80,#81,#82,#83,#84,#85,#86,#87,#88,#89,#90,#91,#92,#93,#94),#18);
#18= (GEOMETRIC_REPRESENTATION_CONTEXT(3)GLOBAL_UNCERTAINTY_ASSIGNED_CONTEXT((#97))GLOBAL_UNIT_ASSIGNED_CONTEXT((#99,#100,#101))REPRESENTATION_CONTEXT('NONE','WORKSPACE'));
#22=APPLICATION_CONTEXT(' ');
#23=PRODUCT_CATEGORY('part','NONE');
#24=PRODUCT_RELATED_PRODUCT_CATEGORY('detail',' ',(#103));
#25=PRODUCT_DEFINITION_SHAPE('NONE','NONE',#104);
#26=SHAPE_REPRESENTATION('____',(#105,#106,#107),#108);
#27=APPLICATION_CONTEXT(' ');
#28=PRODUCT_CATEGORY('part','NONE');
#29=PRODUCT_RELATED_PRODUCT_CATEGORY('detail',' ',(#109));
#30=(REPRESENTATION_RELATIONSHIP('','',#33,#26)REPRESENTATION_RELATIONSHIP_WITH_TRANSFORMATION(#112)SHAPE_REPRESENTATION_RELATIONSHIP());
#31=PRODUCT_DEFINITION_SHAPE('NAUO-PROD-DEF','NAUO-PROD-DEF',#114);
#32=PRODUCT_DEFINITION_SHAPE('NONE','NONE',#115);
#33=SHAPE_REPRESENTATION('\X2\96F64EF6\X0\400',(#105),#108);
#34=ADVANCED_BREP_SHAPE_REPRESENTATION('\X2\96F64EF6\X0\400',(#116),#18);
#35=APPLICATION_CONTEXT(' ');
#36=PRODUCT_CATEGORY('part','NONE');
#37=PRODUCT_RELATED_PRODUCT_CATEGORY('detail',' ',(#117));
#38=(REPRESENTATION_RELATIONSHIP('','',#41,#26)REPRESENTATION_RELATIONSHIP_WITH_TRANSFORMATION(#120)SHAPE_REPRESENTATION_RELATIONSHIP());
#39=PRODUCT_DEFINITION_SHAPE('NAUO-PROD-DEF','NAUO-PROD-DEF',#122);
#40=PRODUCT_DEFINITION_SHAPE('NONE','NONE',#123);
#41=SHAPE_REPRESENTATION('\X2\96F64EF6\X0\400',(#105),#108);
#42=ADVANCED_BREP_SHAPE_REPRESENTATION('\X2\96F64EF6\X0\400',(#124),#18);
#43=STYLED_ITEM('',(#125),#126);
#44=STYLED_ITEM('',(#127),#128);
#45=STYLED_ITEM('',(#129),#130);
#46=STYLED_ITEM('',(#131),#132);
#47=STYLED_ITEM('',(#133),#134);
#48=STYLED_ITEM('',(#135),#136);
#49=STYLED_ITEM('',(#137),#138);
#50=STYLED_ITEM('',(#139),#140);
#51=STYLED_ITEM('',(#141),#142);
#52=STYLED_ITEM('',(#143),#144);
#53=STYLED_ITEM('',(#145),#146);
#54=STYLED_ITEM('',(#147),#148);
#55=STYLED_ITEM('',(#149),#150);
#56=STYLED_ITEM('',(#151),#152);
#57=STYLED_ITEM('',(#153),#154);
#58=STYLED_ITEM('',(#155),#156);
#59=STYLED_ITEM('',(#157),#158);
#60=STYLED_ITEM('',(#159),#160);
#61=STYLED_ITEM('',(#161),#162);
#62=STYLED_ITEM('',(#163),#164);
#63=STYLED_ITEM('',(#165),#166);
#64=STYLED_ITEM('',(#167),#168);
#65=STYLED_ITEM('',(#169),#170);
#66=STYLED_ITEM('',(#171),#172);
#67=STYLED_ITEM('',(#173),#174);
#68=STYLED_ITEM('',(#175),#176);
#69=STYLED_ITEM('',(#177),#178);
#70=STYLED_ITEM('',(#179),#180);
#71=STYLED_ITEM('',(#181),#182);
#72=STYLED_ITEM('',(#183),#184);
#73=STYLED_ITEM('',(#185),#186);
#74=STYLED_ITEM('',(#187),#188);
#75=STYLED_ITEM('',(#189),#190);
#76=STYLED_ITEM('',(#191),#192);
#77=STYLED_ITEM('',(#193),#194);
#78=STYLED_ITEM('',(#195),#196);
#79=STYLED_ITEM('',(#197),#198);
#80=STYLED_ITEM('',(#199),#200);
#81=STYLED_ITEM('',(#201),#202);
#82=STYLED_ITEM('',(#203),#204);
#83=STYLED_ITEM('',(#205),#206);
#84=STYLED_ITEM('',(#207),#208);
#85=STYLED_ITEM('',(#209),#210);
#86=STYLED_ITEM('',(#211),#212);
#87=STYLED_ITEM('',(#213),#214);
#88=STYLED_ITEM('',(#215),#216);
#89=STYLED_ITEM('',(#217),#218);
#90=STYLED_ITEM('',(#219),#220);
#91=STYLED_ITEM('',(#221),#222);
#92=STYLED_ITEM('',(#223),#224);
#93=STYLED_ITEM('',(#225),#226);
#94=STYLED_ITEM('',(#227),#228);
#97=UNCERTAINTY_MEASURE_WITH_UNIT(LENGTH_MEASURE(0.001),#99,'','');
#99= (CONVERSION_BASED_UNIT('MILLIMETRE',#231)LENGTH_UNIT()NAMED_UNIT(#234));
#100= (NAMED_UNIT(#236)PLANE_ANGLE_UNIT()SI_UNIT($,.RADIAN.));
#101= (NAMED_UNIT(#236)SOLID_ANGLE_UNIT()SI_UNIT($,.STERADIAN.));
#103=PRODUCT('____','____','PART-____-DESC',(#242));
#104=PRODUCT_DEFINITION('____','____',#243,#1);
#105=AXIS2_PLACEMENT_3D('',#244,#245,#246);
#106=AXIS2_PLACEMENT_3D('',#247,#248,#249);
#107=AXIS2_PLACEMENT_3D('',#250,#251,#252);
#108= (GEOMETRIC_REPRESENTATION_CONTEXT(3)GLOBAL_UNCERTAINTY_ASSIGNED_CONTEXT((#255))GLOBAL_UNIT_ASSIGNED_CONTEXT((#257,#258,#259))REPRESENTATION_CONTEXT('NONE','WORKSPACE'));
#109=PRODUCT('\X2\96F64EF6\X0\400','\X2\96F64EF6\X0\400','PART-\X2\96F64EF6\X0\400-DESC',(#261));
#112=ITEM_DEFINED_TRANSFORMATION('','',#105,#106);
#114=NEXT_ASSEMBLY_USAGE_OCCURRENCE('__400','__400','__400',#104,#115,$);
#115=PRODUCT_DEFINITION('\X2\96F64EF6\X0\400','\X2\96F64EF6\X0\400',#262,#5);
#116=MANIFOLD_SOLID_BREP('\X2\96F64EF6\X0\400',#263);
#117=PRODUCT('\X2\96F64EF6\X0\400','\X2\96F64EF6\X0\400','PART-\X2\96F64EF6\X0\400-DESC',(#264));
#120=ITEM_DEFINED_TRANSFORMATION('','',#105,#107);
#122=NEXT_ASSEMBLY_USAGE_OCCURRENCE('__400','__400','__400',#104,#123,$);
#123=PRODUCT_DEFINITION('\X2\96F64EF6\X0\400','\X2\96F64EF6\X0\400',#265,#11);
#124=MANIFOLD_SOLID_BREP('\X2\96F64EF6\X0\400',#266);
#125=PRESENTATION_STYLE_ASSIGNMENT((#267));
#126=ADVANCED_FACE('',(#268,#269),#270,.F.);
#127=PRESENTATION_STYLE_ASSIGNMENT((#271));
#128=ADVANCED_FACE('',(#272,#273),#274,.F.);
#129=PRESENTATION_STYLE_ASSIGNMENT((#275));
#130=ADVANCED_FACE('',(#276),#277,.F.);
#131=PRESENTATION_STYLE_ASSIGNMENT((#278));
#132=ADVANCED_FACE('',(#279,#280),#281,.F.);
#133=PRESENTATION_STYLE_ASSIGNMENT((#282));
#134=ADVANCED_FACE('',(#283),#284,.F.);
#135=PRESENTATION_STYLE_ASSIGNMENT((#285));
#136=ADVANCED_FACE('',(#286),#287,.F.);
#137=PRESENTATION_STYLE_ASSIGNMENT((#288));
#138=ADVANCED_FACE('',(#289),#290,.T.);
#139=PRESENTATION_STYLE_ASSIGNMENT((#291));
#140=ADVANCED_FACE('',(#292),#293,.F.);
#141=PRESENTATION_STYLE_ASSIGNMENT((#294));
#142=ADVANCED_FACE('',(#295),#296,.T.);
#143=PRESENTATION_STYLE_ASSIGNMENT((#297));
#144=ADVANCED_FACE('',(#298,#299),#300,.F.);
#145=PRESENTATION_STYLE_ASSIGNMENT((#301));
#146=ADVANCED_FACE('',(#302,#303),#304,.T.);
#147=PRESENTATION_STYLE_ASSIGNMENT((#305));
#148=ADVANCED_FACE('',(#306,#307),#308,.F.);
#149=PRESENTATION_STYLE_ASSIGNMENT((#309));
#150=ADVANCED_FACE('',(#310),#311,.T.);
#151=PRESENTATION_STYLE_ASSIGNMENT((#312));
#152=ADVANCED_FACE('',(#313),#314,.F.);
#153=PRESENTATION_STYLE_ASSIGNMENT((#315));
#154=ADVANCED_FACE('',(#316),#317,.F.);
#155=PRESENTATION_STYLE_ASSIGNMENT((#318));
#156=ADVANCED_FACE('',(#319,#320,#321,#322,#323,#324),#325,.T.);
#157=PRESENTATION_STYLE_ASSIGNMENT((#326));
#158=ADVANCED_FACE('',(#327,#328),#329,.T.);
#159=PRESENTATION_STYLE_ASSIGNMENT((#330));
#160=ADVANCED_FACE('',(#331),#332,.F.);
#161=PRESENTATION_STYLE_ASSIGNMENT((#333));
#162=ADVANCED_FACE('',(#334),#335,.F.);
#163=PRESENTATION_STYLE_ASSIGNMENT((#336));
#164=ADVANCED_FACE('',(#337,#338),#339,.F.);
#165=PRESENTATION_STYLE_ASSIGNMENT((#340));
#166=ADVANCED_FACE('',(#341),#342,.F.);
#167=PRESENTATION_STYLE_ASSIGNMENT((#343));
#168=ADVANCED_FACE('',(#344,#345),#346,.T.);
#169=PRESENTATION_STYLE_ASSIGNMENT((#347));
#170=ADVANCED_FACE('',(#348,#349),#350,.T.);
#171=PRESENTATION_STYLE_ASSIGNMENT((#351));
#172=ADVANCED_FACE('',(#352,#353),#354,.T.);
#173=PRESENTATION_STYLE_ASSIGNMENT((#355));
#174=ADVANCED_FACE('',(#356,#357),#358,.F.);
#175=PRESENTATION_STYLE_ASSIGNMENT((#359));
#176=ADVANCED_FACE('',(#360,#361),#362,.T.);
#177=PRESENTATION_STYLE_ASSIGNMENT((#363));
#178=ADVANCED_FACE('',(#364,#365),#366,.F.);
#179=PRESENTATION_STYLE_ASSIGNMENT((#367));
#180=ADVANCED_FACE('',(#368),#369,.T.);
#181=PRESENTATION_STYLE_ASSIGNMENT((#370));
#182=ADVANCED_FACE('',(#371),#372,.F.);
#183=PRESENTATION_STYLE_ASSIGNMENT((#373));
#184=ADVANCED_FACE('',(#374,#375),#376,.F.);
#185=PRESENTATION_STYLE_ASSIGNMENT((#377));
#186=ADVANCED_FACE('',(#378),#379,.F.);
#187=PRESENTATION_STYLE_ASSIGNMENT((#380));
#188=ADVANCED_FACE('',(#381),#382,.F.);
#189=PRESENTATION_STYLE_ASSIGNMENT((#383));
#190=ADVANCED_FACE('',(#384),#385,.T.);
#191=PRESENTATION_STYLE_ASSIGNMENT((#386));
#192=ADVANCED_FACE('',(#387),#388,.F.);
#193=PRESENTATION_STYLE_ASSIGNMENT((#389));
#194=ADVANCED_FACE('',(#390),#391,.F.);
#195=PRESENTATION_STYLE_ASSIGNMENT((#392));
#196=ADVANCED_FACE('',(#393),#394,.F.);
#197=PRESENTATION_STYLE_ASSIGNMENT((#395));
#198=ADVANCED_FACE('',(#396),#397,.F.);
#199=PRESENTATION_STYLE_ASSIGNMENT((#398));
#200=ADVANCED_FACE('',(#399),#400,.T.);
#201=PRESENTATION_STYLE_ASSIGNMENT((#401));
#202=ADVANCED_FACE('',(#402),#403,.F.);
#203=PRESENTATION_STYLE_ASSIGNMENT((#404));
#204=ADVANCED_FACE('',(#405),#406,.F.);
#205=PRESENTATION_STYLE_ASSIGNMENT((#407));
#206=ADVANCED_FACE('',(#408),#409,.F.);
#207=PRESENTATION_STYLE_ASSIGNMENT((#410));
#208=ADVANCED_FACE('',(#411),#412,.T.);
#209=PRESENTATION_STYLE_ASSIGNMENT((#413));
#210=ADVANCED_FACE('',(#414),#415,.F.);
#211=PRESENTATION_STYLE_ASSIGNMENT((#416));
#212=ADVANCED_FACE('',(#417),#418,.F.);
#213=PRESENTATION_STYLE_ASSIGNMENT((#419));
#214=ADVANCED_FACE('',(#420),#421,.F.);
#215=PRESENTATION_STYLE_ASSIGNMENT((#422));
#216=ADVANCED_FACE('',(#423),#424,.T.);
#217=PRESENTATION_STYLE_ASSIGNMENT((#425));
#218=ADVANCED_FACE('',(#426),#427,.F.);
#219=PRESENTATION_STYLE_ASSIGNMENT((#428));
#220=ADVANCED_FACE('',(#429),#430,.F.);
#221=PRESENTATION_STYLE_ASSIGNMENT((#431));
#222=ADVANCED_FACE('',(#432),#433,.F.);
#223=PRESENTATION_STYLE_ASSIGNMENT((#434));
#224=ADVANCED_FACE('',(#435),#436,.T.);
#225=PRESENTATION_STYLE_ASSIGNMENT((#437));
#226=ADVANCED_FACE('',(#438),#439,.F.);
#227=PRESENTATION_STYLE_ASSIGNMENT((#440));
#228=ADVANCED_FACE('',(#441),#442,.F.);
#231=LENGTH_MEASURE_WITH_UNIT(LENGTH_MEASURE(1.0),#443);
#234=DIMENSIONAL_EXPONENTS(1.0,0.0,0.0,0.0,0.0,0.0,0.0);
#236=DIMENSIONAL_EXPONENTS(0.0,0.0,0.0,0.0,0.0,0.0,0.0);
#242=PRODUCT_CONTEXT('',#22,'mechanical');
#243=PRODUCT_DEFINITION_FORMATION_WITH_SPECIFIED_SOURCE(' ','NONE',#103,.NOT_KNOWN.);
#244=CARTESIAN_POINT('',(0.0,0.0,0.0));
#245=DIRECTION('',(0.0,0.0,1.0));
#246=DIRECTION('',(1.0,0.0,0.0));
#247=CARTESIAN_POINT('',(47.5515632435922,-355.713984529719,214.332306872825));
#248=DIRECTION('',(0.454519477672038,0.454519477672042,0.766044443118982));
#249=DIRECTION('',(0.883022221559492,-0.116977778440509,-0.454519477672038));
#250=CARTESIAN_POINT('',(10.0749038406898,-318.237325126816,214.332306872827));
#251=DIRECTION('',(0.454519477672039,0.454519477672043,0.766044443118982));
#252=DIRECTION('',(0.883022221559492,-0.116977778440509,-0.454519477672039));
#255=UNCERTAINTY_MEASURE_WITH_UNIT(LENGTH_MEASURE(0.001),#257,'','');
#257= (CONVERSION_BASED_UNIT('MILLIMETRE',#446)LENGTH_UNIT()NAMED_UNIT(#449));
#258= (NAMED_UNIT(#451)PLANE_ANGLE_UNIT()SI_UNIT($,.RADIAN.));
#259= (NAMED_UNIT(#451)SOLID_ANGLE_UNIT()SI_UNIT($,.STERADIAN.));
#261=PRODUCT_CONTEXT('',#27,'mechanical');
#262=PRODUCT_DEFINITION_FORMATION_WITH_SPECIFIED_SOURCE(' ','NONE',#109,.NOT_KNOWN.);
#263=CLOSED_SHELL('',(#126,#128,#130,#132,#134,#136,#138,#140,#142,#144,#146,#148));
#264=PRODUCT_CONTEXT('',#35,'mechanical');
#265=PRODUCT_DEFINITION_FORMATION_WITH_SPECIFIED_SOURCE(' ','NONE',#117,.NOT_KNOWN.);
#266=CLOSED_SHELL('',(#150,#152,#154,#156,#158,#160,#162,#164,#166,#168,#170,#172,#174,#176,#178,#180,#182,#184,#186,#188,#190,#192,#194,#196,#198,#200,#202,#204,#206,#208,#210,#212,#214,#216,#218,#220,#222,#224,#226,#228));
#267=SURFACE_STYLE_USAGE(.BOTH.,#457);
#268=FACE_OUTER_BOUND('',#458,.T.);
#269=FACE_OUTER_BOUND('',#459,.T.);
#270=CYLINDRICAL_SURFACE('',#460,1.65);
#271=SURFACE_STYLE_USAGE(.BOTH.,#461);
#272=FACE_OUTER_BOUND('',#462,.T.);
#273=FACE_OUTER_BOUND('',#463,.T.);
#274=CYLINDRICAL_SURFACE('',#464,2.8);
#275=SURFACE_STYLE_USAGE(.BOTH.,#465);
#276=FACE_OUTER_BOUND('',#466,.T.);
#277=PLANE('',#467);
#278=SURFACE_STYLE_USAGE(.BOTH.,#468);
#279=FACE_BOUND('',#469,.T.);
#280=FACE_OUTER_BOUND('',#470,.T.);
#281=PLANE('',#471);
#282=SURFACE_STYLE_USAGE(.BOTH.,#472);
#283=FACE_OUTER_BOUND('',#473,.T.);
#284=CYLINDRICAL_SURFACE('',#474,3.0);
#285=SURFACE_STYLE_USAGE(.BOTH.,#475);
#286=FACE_OUTER_BOUND('',#476,.T.);
#287=PLANE('',#477);
#288=SURFACE_STYLE_USAGE(.BOTH.,#478);
#289=FACE_OUTER_BOUND('',#479,.T.);
#290=CYLINDRICAL_SURFACE('',#480,12.5000000000005);
#291=SURFACE_STYLE_USAGE(.BOTH.,#481);
#292=FACE_OUTER_BOUND('',#482,.T.);
#293=PLANE('',#483);
#294=SURFACE_STYLE_USAGE(.BOTH.,#484);
#295=FACE_OUTER_BOUND('',#485,.T.);
#296=CYLINDRICAL_SURFACE('',#486,4.99999999999972);
#297=SURFACE_STYLE_USAGE(.BOTH.,#487);
#298=FACE_BOUND('',#488,.T.);
#299=FACE_OUTER_BOUND('',#489,.T.);
#300=PLANE('',#490);
#301=SURFACE_STYLE_USAGE(.BOTH.,#491);
#302=FACE_BOUND('',#492,.T.);
#303=FACE_OUTER_BOUND('',#493,.T.);
#304=PLANE('',#494);
#305=SURFACE_STYLE_USAGE(.BOTH.,#495);
#306=FACE_BOUND('',#496,.T.);
#307=FACE_OUTER_BOUND('',#497,.T.);
#308=PLANE('',#498);
#309=SURFACE_STYLE_USAGE(.BOTH.,#499);
#310=FACE_OUTER_BOUND('',#500,.T.);
#311=PLANE('',#501);
#312=SURFACE_STYLE_USAGE(.BOTH.,#502);
#313=FACE_OUTER_BOUND('',#503,.T.);
#314=PLANE('',#504);
#315=SURFACE_STYLE_USAGE(.BOTH.,#505);
#316=FACE_OUTER_BOUND('',#506,.T.);
#317=PLANE('',#507);
#318=SURFACE_STYLE_USAGE(.BOTH.,#508);
#319=FACE_BOUND('',#509,.T.);
#320=FACE_OUTER_BOUND('',#510,.T.);
#321=FACE_BOUND('',#511,.T.);
#322=FACE_BOUND('',#512,.T.);
#323=FACE_BOUND('',#513,.T.);
#324=FACE_BOUND('',#514,.T.);
#325=CYLINDRICAL_SURFACE('',#515,12.5000000000005);
#326=SURFACE_STYLE_USAGE(.BOTH.,#516);
#327=FACE_OUTER_BOUND('',#517,.T.);
#328=FACE_BOUND('',#518,.T.);
#329=PLANE('',#519);
#330=SURFACE_STYLE_USAGE(.BOTH.,#520);
#331=FACE_OUTER_BOUND('',#521,.T.);
#332=PLANE('',#522);
#333=SURFACE_STYLE_USAGE(.BOTH.,#523);
#334=FACE_OUTER_BOUND('',#524,.T.);
#335=CYLINDRICAL_SURFACE('',#525,3.0);
#336=SURFACE_STYLE_USAGE(.BOTH.,#526);
#337=FACE_BOUND('',#527,.T.);
#338=FACE_OUTER_BOUND('',#528,.T.);
#339=PLANE('',#529);
#340=SURFACE_STYLE_USAGE(.BOTH.,#530);
#341=FACE_OUTER_BOUND('',#531,.T.);
#342=PLANE('',#532);
#343=SURFACE_STYLE_USAGE(.BOTH.,#533);
#344=FACE_OUTER_BOUND('',#534,.T.);
#345=FACE_BOUND('',#535,.T.);
#346=PLANE('',#536);
#347=SURFACE_STYLE_USAGE(.BOTH.,#537);
#348=FACE_OUTER_BOUND('',#538,.T.);
#349=FACE_BOUND('',#539,.T.);
#350=PLANE('',#540);
#351=SURFACE_STYLE_USAGE(.BOTH.,#541);
#352=FACE_OUTER_BOUND('',#542,.T.);
#353=FACE_BOUND('',#543,.T.);
#354=PLANE('',#544);
#355=SURFACE_STYLE_USAGE(.BOTH.,#545);
#356=FACE_OUTER_BOUND('',#546,.T.);
#357=FACE_BOUND('',#547,.T.);
#358=PLANE('',#548);
#359=SURFACE_STYLE_USAGE(.BOTH.,#549);
#360=FACE_OUTER_BOUND('',#550,.T.);
#361=FACE_BOUND('',#551,.T.);
#362=PLANE('',#552);
#363=SURFACE_STYLE_USAGE(.BOTH.,#553);
#364=FACE_BOUND('',#554,.T.);
#365=FACE_OUTER_BOUND('',#555,.T.);
#366=PLANE('',#556);
#367=SURFACE_STYLE_USAGE(.BOTH.,#557);
#368=FACE_OUTER_BOUND('',#558,.T.);
#369=CYLINDRICAL_SURFACE('',#559,4.99999999999972);
#370=SURFACE_STYLE_USAGE(.BOTH.,#560);
#371=FACE_OUTER_BOUND('',#561,.T.);
#372=PLANE('',#562);
#373=SURFACE_STYLE_USAGE(.BOTH.,#563);
#374=FACE_OUTER_BOUND('',#564,.T.);
#375=FACE_OUTER_BOUND('',#565,.T.);
#376=CYLINDRICAL_SURFACE('',#566,1.65);
#377=SURFACE_STYLE_USAGE(.BOTH.,#567);
#378=FACE_OUTER_BOUND('',#568,.T.);
#379=PLANE('',#569);
#380=SURFACE_STYLE_USAGE(.BOTH.,#570);
#381=FACE_OUTER_BOUND('',#571,.T.);
#382=PLANE('',#572);
#383=SURFACE_STYLE_USAGE(.BOTH.,#573);
#384=FACE_OUTER_BOUND('',#574,.T.);
#385=PLANE('',#575);
#386=SURFACE_STYLE_USAGE(.BOTH.,#576);
#387=FACE_OUTER_BOUND('',#577,.T.);
#388=PLANE('',#578);
#389=SURFACE_STYLE_USAGE(.BOTH.,#579);
#390=FACE_OUTER_BOUND('',#580,.T.);
#391=CYLINDRICAL_SURFACE('',#581,12.5);
#392=SURFACE_STYLE_USAGE(.BOTH.,#582);
#393=FACE_OUTER_BOUND('',#583,.T.);
#394=PLANE('',#584);
#395=SURFACE_STYLE_USAGE(.BOTH.,#585);
#396=FACE_OUTER_BOUND('',#586,.T.);
#397=PLANE('',#587);
#398=SURFACE_STYLE_USAGE(.BOTH.,#588);
#399=FACE_OUTER_BOUND('',#589,.T.);
#400=PLANE('',#590);
#401=SURFACE_STYLE_USAGE(.BOTH.,#591);
#402=FACE_OUTER_BOUND('',#592,.T.);
#403=PLANE('',#593);
#404=SURFACE_STYLE_USAGE(.BOTH.,#594);
#405=FACE_OUTER_BOUND('',#595,.T.);
#406=PLANE('',#596);
#407=SURFACE_STYLE_USAGE(.BOTH.,#597);
#408=FACE_OUTER_BOUND('',#598,.T.);
#409=PLANE('',#599);
#410=SURFACE_STYLE_USAGE(.BOTH.,#600);
#411=FACE_OUTER_BOUND('',#601,.T.);
#412=PLANE('',#602);
#413=SURFACE_STYLE_USAGE(.BOTH.,#603);
#414=FACE_OUTER_BOUND('',#604,.T.);
#415=PLANE('',#605);
#416=SURFACE_STYLE_USAGE(.BOTH.,#606);
#417=FACE_OUTER_BOUND('',#607,.T.);
#418=PLANE('',#608);
#419=SURFACE_STYLE_USAGE(.BOTH.,#609);
#420=FACE_OUTER_BOUND('',#610,.T.);
#421=PLANE('',#611);
#422=SURFACE_STYLE_USAGE(.BOTH.,#612);
#423=FACE_OUTER_BOUND('',#613,.T.);
#424=PLANE('',#614);
#425=SURFACE_STYLE_USAGE(.BOTH.,#615);
#426=FACE_OUTER_BOUND('',#616,.T.);
#427=PLANE('',#617);
#428=SURFACE_STYLE_USAGE(.BOTH.,#618);
#429=FACE_OUTER_BOUND('',#619,.T.);
#430=PLANE('',#620);
#431=SURFACE_STYLE_USAGE(.BOTH.,#621);
#432=FACE_OUTER_BOUND('',#622,.T.);
#433=PLANE('',#623);
#434=SURFACE_STYLE_USAGE(.BOTH.,#624);
#435=FACE_OUTER_BOUND('',#625,.T.);
#436=PLANE('',#626);
#437=SURFACE_STYLE_USAGE(.BOTH.,#627);
#438=FACE_OUTER_BOUND('',#628,.T.);
#439=PLANE('',#629);
#440=SURFACE_STYLE_USAGE(.BOTH.,#630);
#441=FACE_OUTER_BOUND('',#631,.T.);
#442=PLANE('',#632);
#443= (NAMED_UNIT(#234)LENGTH_UNIT()SI_UNIT(.MILLI.,.METRE.));
#446=LENGTH_MEASURE_WITH_UNIT(LENGTH_MEASURE(1.0),#634);
#449=DIMENSIONAL_EXPONENTS(1.0,0.0,0.0,0.0,0.0,0.0,0.0);
#451=DIMENSIONAL_EXPONENTS(0.0,0.0,0.0,0.0,0.0,0.0,0.0);
#457=SURFACE_SIDE_STYLE('',(#635));
#458=EDGE_LOOP('',(#636));
#459=EDGE_LOOP('',(#637));
#460=AXIS2_PLACEMENT_3D('',#638,#639,#640);
#461=SURFACE_SIDE_STYLE('',(#641));
#462=EDGE_LOOP('',(#642));
#463=EDGE_LOOP('',(#643));
#464=AXIS2_PLACEMENT_3D('',#644,#645,#646);
#465=SURFACE_SIDE_STYLE('',(#647));
#466=EDGE_LOOP('',(#648,#649,#650,#651));
#467=AXIS2_PLACEMENT_3D('',#652,#653,#654);
#468=SURFACE_SIDE_STYLE('',(#655));
#469=EDGE_LOOP('',(#656));
#470=EDGE_LOOP('',(#657,#658,#659,#660));
#471=AXIS2_PLACEMENT_3D('',#661,#662,#663);
#472=SURFACE_SIDE_STYLE('',(#664));
#473=EDGE_LOOP('',(#665,#666,#667,#668));
#474=AXIS2_PLACEMENT_3D('',#669,#670,#671);
#475=SURFACE_SIDE_STYLE('',(#672));
#476=EDGE_LOOP('',(#673,#674,#675,#676));
#477=AXIS2_PLACEMENT_3D('',#677,#678,#679);
#478=SURFACE_SIDE_STYLE('',(#680));
#479=EDGE_LOOP('',(#681,#682,#683,#684));
#480=AXIS2_PLACEMENT_3D('',#685,#686,#687);
#481=SURFACE_SIDE_STYLE('',(#688));
#482=EDGE_LOOP('',(#689,#690,#691,#692));
#483=AXIS2_PLACEMENT_3D('',#693,#694,#695);
#484=SURFACE_SIDE_STYLE('',(#696));
#485=EDGE_LOOP('',(#697,#698,#699,#700));
#486=AXIS2_PLACEMENT_3D('',#701,#702,#703);
#487=SURFACE_SIDE_STYLE('',(#704));
#488=EDGE_LOOP('',(#705));
#489=EDGE_LOOP('',(#706,#707,#708,#709));
#490=AXIS2_PLACEMENT_3D('',#710,#711,#712);
#491=SURFACE_SIDE_STYLE('',(#713));
#492=EDGE_LOOP('',(#714));
#493=EDGE_LOOP('',(#715,#716,#717,#718,#719,#720,#721,#722));
#494=AXIS2_PLACEMENT_3D('',#723,#724,#725);
#495=SURFACE_SIDE_STYLE('',(#726));
#496=EDGE_LOOP('',(#727));
#497=EDGE_LOOP('',(#728,#729,#730,#731,#732,#733,#734,#735));
#498=AXIS2_PLACEMENT_3D('',#736,#737,#738);
#499=SURFACE_SIDE_STYLE('',(#739));
#500=EDGE_LOOP('',(#740,#741,#742,#743));
#501=AXIS2_PLACEMENT_3D('',#744,#745,#746);
#502=SURFACE_SIDE_STYLE('',(#747));
#503=EDGE_LOOP('',(#748,#749,#750,#751));
#504=AXIS2_PLACEMENT_3D('',#752,#753,#754);
#505=SURFACE_SIDE_STYLE('',(#755));
#506=EDGE_LOOP('',(#756,#757,#758,#759,#760));
#507=AXIS2_PLACEMENT_3D('',#761,#762,#763);
#508=SURFACE_SIDE_STYLE('',(#764));
#509=EDGE_LOOP('',(#765,#766,#767,#768));
#510=EDGE_LOOP('',(#769,#770,#771,#772,#773,#774,#775,#776));
#511=EDGE_LOOP('',(#777,#778,#779,#780));
#512=EDGE_LOOP('',(#781,#782,#783,#784));
#513=EDGE_LOOP('',(#785,#786,#787,#788));
#514=EDGE_LOOP('',(#789,#790,#791,#792));
#515=AXIS2_PLACEMENT_3D('',#793,#794,#795);
#516=SURFACE_SIDE_STYLE('',(#796));
#517=EDGE_LOOP('',(#797,#798,#799,#800,#801,#802,#803,#804));
#518=EDGE_LOOP('',(#805,#806,#807,#808));
#519=AXIS2_PLACEMENT_3D('',#809,#810,#811);
#520=SURFACE_SIDE_STYLE('',(#812));
#521=EDGE_LOOP('',(#813,#814,#815,#816,#817,#818));
#522=AXIS2_PLACEMENT_3D('',#819,#820,#821);
#523=SURFACE_SIDE_STYLE('',(#822));
#524=EDGE_LOOP('',(#823,#824,#825,#826));
#525=AXIS2_PLACEMENT_3D('',#827,#828,#829);
#526=SURFACE_SIDE_STYLE('',(#830));
#527=EDGE_LOOP('',(#831));
#528=EDGE_LOOP('',(#832,#833,#834,#835));
#529=AXIS2_PLACEMENT_3D('',#836,#837,#838);
#530=SURFACE_SIDE_STYLE('',(#839));
#531=EDGE_LOOP('',(#840,#841,#842,#843));
#532=AXIS2_PLACEMENT_3D('',#844,#845,#846);
#533=SURFACE_SIDE_STYLE('',(#847));
#534=EDGE_LOOP('',(#848,#849,#850,#851,#852,#853,#854,#855));
#535=EDGE_LOOP('',(#856,#857,#858,#859));
#536=AXIS2_PLACEMENT_3D('',#860,#861,#862);
#537=SURFACE_SIDE_STYLE('',(#863));
#538=EDGE_LOOP('',(#864,#865,#866,#867,#868,#869,#870,#871));
#539=EDGE_LOOP('',(#872,#873,#874,#875));
#540=AXIS2_PLACEMENT_3D('',#876,#877,#878);
#541=SURFACE_SIDE_STYLE('',(#879));
#542=EDGE_LOOP('',(#880,#881,#882,#883,#884,#885,#886,#887));
#543=EDGE_LOOP('',(#888,#889,#890,#891));
#544=AXIS2_PLACEMENT_3D('',#892,#893,#894);
#545=SURFACE_SIDE_STYLE('',(#895));
#546=EDGE_LOOP('',(#896,#897,#898,#899,#900,#901,#902,#903));
#547=EDGE_LOOP('',(#904,#905,#906,#907));
#548=AXIS2_PLACEMENT_3D('',#908,#909,#910);
#549=SURFACE_SIDE_STYLE('',(#911));
#550=EDGE_LOOP('',(#912,#913,#914,#915,#916,#917,#918,#919));
#551=EDGE_LOOP('',(#920,#921,#922,#923));
#552=AXIS2_PLACEMENT_3D('',#924,#925,#926);
#553=SURFACE_SIDE_STYLE('',(#927));
#554=EDGE_LOOP('',(#928));
#555=EDGE_LOOP('',(#929,#930,#931,#932));
#556=AXIS2_PLACEMENT_3D('',#933,#934,#935);
#557=SURFACE_SIDE_STYLE('',(#936));
#558=EDGE_LOOP('',(#937,#938,#939,#940));
#559=AXIS2_PLACEMENT_3D('',#941,#942,#943);
#560=SURFACE_SIDE_STYLE('',(#944));
#561=EDGE_LOOP('',(#945,#946,#947,#948));
#562=AXIS2_PLACEMENT_3D('',#949,#950,#951);
#563=SURFACE_SIDE_STYLE('',(#952));
#564=EDGE_LOOP('',(#953));
#565=EDGE_LOOP('',(#954));
#566=AXIS2_PLACEMENT_3D('',#955,#956,#957);
#567=SURFACE_SIDE_STYLE('',(#958));
#568=EDGE_LOOP('',(#959,#960,#961,#962));
#569=AXIS2_PLACEMENT_3D('',#963,#964,#965);
#570=SURFACE_SIDE_STYLE('',(#966));
#571=EDGE_LOOP('',(#967,#968,#969,#970));
#572=AXIS2_PLACEMENT_3D('',#971,#972,#973);
#573=SURFACE_SIDE_STYLE('',(#974));
#574=EDGE_LOOP('',(#975,#976,#977,#978));
#575=AXIS2_PLACEMENT_3D('',#979,#980,#981);
#576=SURFACE_SIDE_STYLE('',(#982));
#577=EDGE_LOOP('',(#983,#984,#985,#986));
#578=AXIS2_PLACEMENT_3D('',#987,#988,#989);
#579=SURFACE_SIDE_STYLE('',(#990));
#580=EDGE_LOOP('',(#991,#992,#993,#994));
#581=AXIS2_PLACEMENT_3D('',#995,#996,#997);
#582=SURFACE_SIDE_STYLE('',(#998));
#583=EDGE_LOOP('',(#999,#1000,#1001,#1002));
#584=AXIS2_PLACEMENT_3D('',#1003,#1004,#1005);
#585=SURFACE_SIDE_STYLE('',(#1006));
#586=EDGE_LOOP('',(#1007,#1008,#1009,#1010));
#587=AXIS2_PLACEMENT_3D('',#1011,#1012,#1013);
#588=SURFACE_SIDE_STYLE('',(#1014));
#589=EDGE_LOOP('',(#1015,#1016,#1017,#1018));
#590=AXIS2_PLACEMENT_3D('',#1019,#1020,#1021);
#591=SURFACE_SIDE_STYLE('',(#1022));
#592=EDGE_LOOP('',(#1023,#1024,#1025,#1026));
#593=AXIS2_PLACEMENT_3D('',#1027,#1028,#1029);
#594=SURFACE_SIDE_STYLE('',(#1030));
#595=EDGE_LOOP('',(#1031,#1032,#1033,#1034,#1035));
#596=AXIS2_PLACEMENT_3D('',#1036,#1037,#1038);
#597=SURFACE_SIDE_STYLE('',(#1039));
#598=EDGE_LOOP('',(#1040,#1041,#1042,#1043));
#599=AXIS2_PLACEMENT_3D('',#1044,#1045,#1046);
#600=SURFACE_SIDE_STYLE('',(#1047));
#601=EDGE_LOOP('',(#1048,#1049,#1050,#1051));
#602=AXIS2_PLACEMENT_3D('',#1052,#1053,#1054);
#603=SURFACE_SIDE_STYLE('',(#1055));
#604=EDGE_LOOP('',(#1056,#1057,#1058,#1059,#1060,#1061));
#605=AXIS2_PLACEMENT_3D('',#1062,#1063,#1064);
#606=SURFACE_SIDE_STYLE('',(#1065));
#607=EDGE_LOOP('',(#1066,#1067,#1068,#1069,#1070,#1071));
#608=AXIS2_PLACEMENT_3D('',#1072,#1073,#1074);
#609=SURFACE_SIDE_STYLE('',(#1075));
#610=EDGE_LOOP('',(#1076,#1077,#1078,#1079));
#611=AXIS2_PLACEMENT_3D('',#1080,#1081,#1082);
#612=SURFACE_SIDE_STYLE('',(#1083));
#613=EDGE_LOOP('',(#1084,#1085,#1086,#1087));
#614=AXIS2_PLACEMENT_3D('',#1088,#1089,#1090);
#615=SURFACE_SIDE_STYLE('',(#1091));
#616=EDGE_LOOP('',(#1092,#1093,#1094,#1095));
#617=AXIS2_PLACEMENT_3D('',#1096,#1097,#1098);
#618=SURFACE_SIDE_STYLE('',(#1099));
#619=EDGE_LOOP('',(#1100,#1101,#1102,#1103));
#620=AXIS2_PLACEMENT_3D('',#1104,#1105,#1106);
#621=SURFACE_SIDE_STYLE('',(#1107));
#622=EDGE_LOOP('',(#1108,#1109,#1110,#1111));
#623=AXIS2_PLACEMENT_3D('',#1112,#1113,#1114);
#624=SURFACE_SIDE_STYLE('',(#1115));
#625=EDGE_LOOP('',(#1116,#1117,#1118,#1119));
#626=AXIS2_PLACEMENT_3D('',#1120,#1121,#1122);
#627=SURFACE_SIDE_STYLE('',(#1123));
#628=EDGE_LOOP('',(#1124,#1125,#1126,#1127));
#629=AXIS2_PLACEMENT_3D('',#1128,#1129,#1130);
#630=SURFACE_SIDE_STYLE('',(#1131));
#631=EDGE_LOOP('',(#1132,#1133,#1134,#1135));
#632=AXIS2_PLACEMENT_3D('',#1136,#1137,#1138);
#634= (NAMED_UNIT(#449)LENGTH_UNIT()SI_UNIT(.MILLI.,.METRE.));
#635=SURFACE_STYLE_FILL_AREA(#1140);
#636=ORIENTED_EDGE('',*,*,#1141,.F.);
#637=ORIENTED_EDGE('',*,*,#1142,.T.);
#638=CARTESIAN_POINT('',(22.3427182165834,-13.4054579434033,-23.5187112039687));
#639=DIRECTION('',(0.454519477672036,0.454519477672069,-0.766044443118967));
#640=DIRECTION('',(0.541675220419713,0.541675220419676,0.642787609686552));
#641=SURFACE_STYLE_FILL_AREA(#1143);
#642=ORIENTED_EDGE('',*,*,#1144,.F.);
#643=ORIENTED_EDGE('',*,*,#1145,.F.);
#644=CARTESIAN_POINT('',(31.0392549142584,3.06925334732398,-12.5000000000001));
#645=DIRECTION('',(0.707106781186554,-0.707106781186541,0.0));
#646=DIRECTION('',(0.0,0.0,1.0));
#647=SURFACE_STYLE_FILL_AREA(#1146);
#648=ORIENTED_EDGE('',*,*,#1147,.T.);
#649=ORIENTED_EDGE('',*,*,#1148,.F.);
#650=ORIENTED_EDGE('',*,*,#1149,.F.);
#651=ORIENTED_EDGE('',*,*,#1150,.T.);
#652=CARTESIAN_POINT('',(27.6407444319587,-11.6429656339605,-23.2456941566257));
#653=DIRECTION('',(-0.541675220419703,-0.541675220419708,-0.642787609686533));
#654=DIRECTION('',(0.454519477672037,0.454519477672042,-0.766044443118983));
#655=SURFACE_STYLE_FILL_AREA(#1151);
#656=ORIENTED_EDGE('',*,*,#1142,.F.);
#657=ORIENTED_EDGE('',*,*,#1152,.T.);
#658=ORIENTED_EDGE('',*,*,#1153,.F.);
#659=ORIENTED_EDGE('',*,*,#1154,.F.);
#660=ORIENTED_EDGE('',*,*,#1148,.T.);
#661=CARTESIAN_POINT('',(26.7317054766146,-12.5520045893046,-21.7136052703878));
#662=DIRECTION('',(0.454519477672037,0.454519477672042,-0.766044443118983));
#663=DIRECTION('',(0.541675220419703,0.541675220419708,0.642787609686533));
#664=SURFACE_STYLE_FILL_AREA(#1155);
#665=ORIENTED_EDGE('',*,*,#1156,.T.);
#666=ORIENTED_EDGE('',*,*,#1157,.F.);
#667=ORIENTED_EDGE('',*,*,#1158,.F.);
#668=ORIENTED_EDGE('',*,*,#1153,.T.);
#669=CARTESIAN_POINT('',(21.0347452802409,-18.2489647856784,-24.5577728185231));
#670=DIRECTION('',(-0.707106781186551,0.707106781186544,0.0));
#671=DIRECTION('',(0.0,0.0,1.0));
#672=SURFACE_STYLE_FILL_AREA(#1159);
#673=ORIENTED_EDGE('',*,*,#1160,.T.);
#674=ORIENTED_EDGE('',*,*,#1161,.F.);
#675=ORIENTED_EDGE('',*,*,#1162,.F.);
#676=ORIENTED_EDGE('',*,*,#1157,.T.);
#677=CARTESIAN_POINT('',(19.5067540559763,-19.776956009943,-22.4767909259684));
#678=DIRECTION('',(-0.509330421546994,-0.509330421546999,0.693660611086948));
#679=DIRECTION('',(-0.490492121941583,-0.490492121941588,-0.720301989880968));
#680=SURFACE_STYLE_FILL_AREA(#1163);
#681=ORIENTED_EDGE('',*,*,#1164,.T.);
#682=ORIENTED_EDGE('',*,*,#1165,.F.);
#683=ORIENTED_EDGE('',*,*,#1166,.F.);
#684=ORIENTED_EDGE('',*,*,#1161,.T.);
#685=CARTESIAN_POINT('',(36.608134764282,-2.67557530163712,-12.5000000000005));
#686=DIRECTION('',(-0.707106781186551,0.707106781186544,0.0));
#687=DIRECTION('',(0.0,0.0,1.0));
#688=SURFACE_STYLE_FILL_AREA(#1167);
#689=ORIENTED_EDGE('',*,*,#1168,.T.);
#690=ORIENTED_EDGE('',*,*,#1169,.F.);
#691=ORIENTED_EDGE('',*,*,#1170,.F.);
#692=ORIENTED_EDGE('',*,*,#1165,.T.);
#693=CARTESIAN_POINT('',(30.2415044949442,-9.04220557097497,-3.82924236141345));
#694=DIRECTION('',(0.50933042154701,0.509330421547015,-0.693660611086925));
#695=DIRECTION('',(0.490492121941566,0.490492121941571,0.72030198988099));
#696=SURFACE_STYLE_FILL_AREA(#1171);
#697=ORIENTED_EDGE('',*,*,#1172,.T.);
#698=ORIENTED_EDGE('',*,*,#1173,.F.);
#699=ORIENTED_EDGE('',*,*,#1174,.F.);
#700=ORIENTED_EDGE('',*,*,#1169,.T.);
#701=CARTESIAN_POINT('',(21.0347452802413,-18.248964785678,-24.5577728185233));
#702=DIRECTION('',(-0.707106781186551,0.707106781186544,0.0));
#703=DIRECTION('',(0.0,0.0,1.0));
#704=SURFACE_STYLE_FILL_AREA(#1175);
#705=ORIENTED_EDGE('',*,*,#1141,.T.);
#706=ORIENTED_EDGE('',*,*,#1176,.T.);
#707=ORIENTED_EDGE('',*,*,#1150,.F.);
#708=ORIENTED_EDGE('',*,*,#1177,.F.);
#709=ORIENTED_EDGE('',*,*,#1173,.T.);
#710=CARTESIAN_POINT('',(23.3073427731732,-15.9763672927461,-28.3879949100261));
#711=DIRECTION('',(-0.454519477672051,-0.454519477672055,0.766044443118967));
#712=DIRECTION('',(-0.541675220419692,-0.541675220419697,-0.642787609686553));
#713=SURFACE_STYLE_FILL_AREA(#1178);
#714=ORIENTED_EDGE('',*,*,#1144,.T.);
#715=ORIENTED_EDGE('',*,*,#1147,.F.);
#716=ORIENTED_EDGE('',*,*,#1176,.F.);
#717=ORIENTED_EDGE('',*,*,#1172,.F.);
#718=ORIENTED_EDGE('',*,*,#1168,.F.);
#719=ORIENTED_EDGE('',*,*,#1164,.F.);
#720=ORIENTED_EDGE('',*,*,#1160,.F.);
#721=ORIENTED_EDGE('',*,*,#1156,.F.);
#722=ORIENTED_EDGE('',*,*,#1152,.F.);
#723=CARTESIAN_POINT('',(17.4992113743082,-14.7134308797457,-24.5577728185231));
#724=DIRECTION('',(-0.707106781186551,0.707106781186544,0.0));
#725=DIRECTION('',(0.0,0.0,1.0));
#726=SURFACE_STYLE_FILL_AREA(#1179);
#727=ORIENTED_EDGE('',*,*,#1145,.T.);
#728=ORIENTED_EDGE('',*,*,#1149,.T.);
#729=ORIENTED_EDGE('',*,*,#1154,.T.);
#730=ORIENTED_EDGE('',*,*,#1158,.T.);
#731=ORIENTED_EDGE('',*,*,#1162,.T.);
#732=ORIENTED_EDGE('',*,*,#1166,.T.);
#733=ORIENTED_EDGE('',*,*,#1170,.T.);
#734=ORIENTED_EDGE('',*,*,#1174,.T.);
#735=ORIENTED_EDGE('',*,*,#1177,.T.);
#736=CARTESIAN_POINT('',(21.0347452802409,-18.2489647856784,-24.5577728185231));
#737=DIRECTION('',(-0.707106781186551,0.707106781186544,0.0));
#738=DIRECTION('',(0.0,0.0,1.0));
#739=SURFACE_STYLE_FILL_AREA(#1180);
#740=ORIENTED_EDGE('',*,*,#1181,.T.);
#741=ORIENTED_EDGE('',*,*,#1182,.T.);
#742=ORIENTED_EDGE('',*,*,#1183,.T.);
#743=ORIENTED_EDGE('',*,*,#1184,.F.);
#744=CARTESIAN_POINT('',(27.5401459047396,-10.6829039893997,-15.735238063782));
#745=DIRECTION('',(0.18301270189221,0.183012701892229,-0.965925826289068));
#746=DIRECTION('',(-0.707106781186563,0.707106781186532,8.20421692751563E-015));
#747=SURFACE_STYLE_FILL_AREA(#1185);
#748=ORIENTED_EDGE('',*,*,#1186,.T.);
#749=ORIENTED_EDGE('',*,*,#1187,.F.);
#750=ORIENTED_EDGE('',*,*,#1188,.F.);
#751=ORIENTED_EDGE('',*,*,#1189,.F.);
#752=CARTESIAN_POINT('',(28.423149232195,-9.79990066194441,-6.25000000000051));
#753=DIRECTION('',(-0.353553390593272,-0.353553390593275,-0.866025403784439));
#754=DIRECTION('',(-0.707106781186558,0.707106781186537,6.75440643592227E-015));
#755=SURFACE_STYLE_FILL_AREA(#1190);
#756=ORIENTED_EDGE('',*,*,#1191,.T.);
#757=ORIENTED_EDGE('',*,*,#1183,.F.);
#758=ORIENTED_EDGE('',*,*,#1192,.T.);
#759=ORIENTED_EDGE('',*,*,#1187,.T.);
#760=ORIENTED_EDGE('',*,*,#1193,.T.);
#761=CARTESIAN_POINT('',(46.3832304050112,4.62464660493976,-9.26476193621898));
#762=DIRECTION('',(0.707106781186561,-0.707106781186534,8.32667268468868E-017));
#763=DIRECTION('',(-0.353553390593267,-0.35355339059328,-0.866025403784439));
#764=SURFACE_STYLE_FILL_AREA(#1194);
#765=ORIENTED_EDGE('',*,*,#1195,.F.);
#766=ORIENTED_EDGE('',*,*,#1196,.T.);
#767=ORIENTED_EDGE('',*,*,#1197,.T.);
#768=ORIENTED_EDGE('',*,*,#1198,.F.);
#769=ORIENTED_EDGE('',*,*,#1199,.F.);
#770=ORIENTED_EDGE('',*,*,#1200,.F.);
#771=ORIENTED_EDGE('',*,*,#1201,.T.);
#772=ORIENTED_EDGE('',*,*,#1202,.T.);
#773=ORIENTED_EDGE('',*,*,#1203,.T.);
#774=ORIENTED_EDGE('',*,*,#1204,.F.);
#775=ORIENTED_EDGE('',*,*,#1205,.F.);
#776=ORIENTED_EDGE('',*,*,#1206,.T.);
#777=ORIENTED_EDGE('',*,*,#1207,.F.);
#778=ORIENTED_EDGE('',*,*,#1208,.T.);
#779=ORIENTED_EDGE('',*,*,#1209,.T.);
#780=ORIENTED_EDGE('',*,*,#1210,.F.);
#781=ORIENTED_EDGE('',*,*,#1211,.F.);
#782=ORIENTED_EDGE('',*,*,#1212,.T.);
#783=ORIENTED_EDGE('',*,*,#1213,.T.);
#784=ORIENTED_EDGE('',*,*,#1214,.F.);
#785=ORIENTED_EDGE('',*,*,#1215,.F.);
#786=ORIENTED_EDGE('',*,*,#1216,.T.);
#787=ORIENTED_EDGE('',*,*,#1217,.T.);
#788=ORIENTED_EDGE('',*,*,#1218,.F.);
#789=ORIENTED_EDGE('',*,*,#1182,.F.);
#790=ORIENTED_EDGE('',*,*,#1219,.T.);
#791=ORIENTED_EDGE('',*,*,#1188,.T.);
#792=ORIENTED_EDGE('',*,*,#1192,.F.);
#793=CARTESIAN_POINT('',(38.7294551078416,-4.79689564519676,-12.5000000000005));
#794=DIRECTION('',(-0.707106781186551,0.707106781186544,0.0));
#795=DIRECTION('',(0.0,0.0,1.0));
#796=SURFACE_STYLE_FILL_AREA(#1220);
#797=ORIENTED_EDGE('',*,*,#1221,.F.);
#798=ORIENTED_EDGE('',*,*,#1184,.T.);
#799=ORIENTED_EDGE('',*,*,#1191,.F.);
#800=ORIENTED_EDGE('',*,*,#1222,.F.);
#801=ORIENTED_EDGE('',*,*,#1223,.T.);
#802=ORIENTED_EDGE('',*,*,#1224,.T.);
#803=ORIENTED_EDGE('',*,*,#1225,.F.);
#804=ORIENTED_EDGE('',*,*,#1226,.F.);
#805=ORIENTED_EDGE('',*,*,#1227,.F.);
#806=ORIENTED_EDGE('',*,*,#1228,.T.);
#807=ORIENTED_EDGE('',*,*,#1229,.F.);
#808=ORIENTED_EDGE('',*,*,#1230,.F.);
#809=CARTESIAN_POINT('',(46.6649952885275,-1.10399615167687,-12.4277063215221));
#810=DIRECTION('',(-0.541675220419711,-0.541675220419698,-0.642787609686535));
#811=DIRECTION('',(-0.707106781186545,0.70710678118655,9.38433449546353E-015));
#812=SURFACE_STYLE_FILL_AREA(#1231);
#813=ORIENTED_EDGE('',*,*,#1232,.T.);
#814=ORIENTED_EDGE('',*,*,#1202,.F.);
#815=ORIENTED_EDGE('',*,*,#1233,.F.);
#816=ORIENTED_EDGE('',*,*,#1206,.F.);
#817=ORIENTED_EDGE('',*,*,#1234,.F.);
#818=ORIENTED_EDGE('',*,*,#1235,.T.);
#819=CARTESIAN_POINT('',(21.628074399536,-21.8982763535026,-22.4767909259684));
#820=DIRECTION('',(-0.509330421546994,-0.509330421546999,0.693660611086948));
#821=DIRECTION('',(-0.490492121941583,-0.490492121941588,-0.720301989880968));
#822=SURFACE_STYLE_FILL_AREA(#1236);
#823=ORIENTED_EDGE('',*,*,#1237,.T.);
#824=ORIENTED_EDGE('',*,*,#1235,.F.);
#825=ORIENTED_EDGE('',*,*,#1238,.F.);
#826=ORIENTED_EDGE('',*,*,#1239,.T.);
#827=CARTESIAN_POINT('',(23.1560656238006,-20.370285129238,-24.5577728185231));
#828=DIRECTION('',(-0.707106781186551,0.707106781186544,0.0));
#829=DIRECTION('',(0.0,0.0,1.0));
#830=SURFACE_STYLE_FILL_AREA(#1240);
#831=ORIENTED_EDGE('',*,*,#1241,.F.);
#832=ORIENTED_EDGE('',*,*,#1242,.T.);
#833=ORIENTED_EDGE('',*,*,#1239,.F.);
#834=ORIENTED_EDGE('',*,*,#1243,.F.);
#835=ORIENTED_EDGE('',*,*,#1244,.T.);
#836=CARTESIAN_POINT('',(28.8530258201743,-14.6733249328642,-21.7136052703878));
#837=DIRECTION('',(0.454519477672037,0.454519477672042,-0.766044443118983));
#838=DIRECTION('',(0.541675220419703,0.541675220419708,0.642787609686533));
#839=SURFACE_STYLE_FILL_AREA(#1245);
#840=ORIENTED_EDGE('',*,*,#1246,.T.);
#841=ORIENTED_EDGE('',*,*,#1244,.F.);
#842=ORIENTED_EDGE('',*,*,#1247,.F.);
#843=ORIENTED_EDGE('',*,*,#1248,.T.);
#844=CARTESIAN_POINT('',(29.7620647755183,-13.7642859775201,-23.2456941566257));
#845=DIRECTION('',(-0.541675220419703,-0.541675220419708,-0.642787609686533));
#846=DIRECTION('',(0.454519477672037,0.454519477672042,-0.766044443118983));
#847=SURFACE_STYLE_FILL_AREA(#1249);
#848=ORIENTED_EDGE('',*,*,#1250,.F.);
#849=ORIENTED_EDGE('',*,*,#1251,.T.);
#850=ORIENTED_EDGE('',*,*,#1252,.F.);
#851=ORIENTED_EDGE('',*,*,#1253,.F.);
#852=ORIENTED_EDGE('',*,*,#1254,.T.);
#853=ORIENTED_EDGE('',*,*,#1255,.T.);
#854=ORIENTED_EDGE('',*,*,#1256,.F.);
#855=ORIENTED_EDGE('',*,*,#1257,.F.);
#856=ORIENTED_EDGE('',*,*,#1258,.F.);
#857=ORIENTED_EDGE('',*,*,#1259,.T.);
#858=ORIENTED_EDGE('',*,*,#1260,.F.);
#859=ORIENTED_EDGE('',*,*,#1261,.F.);
#860=CARTESIAN_POINT('',(35.2125044132592,-12.5564870269453,-12.5722936784783));
#861=DIRECTION('',(0.541675220419711,0.541675220419698,0.642787609686535));
#862=DIRECTION('',(0.707106781186545,-0.70710678118655,-9.38433449546353E-015));
#863=SURFACE_STYLE_FILL_AREA(#1262);
#864=ORIENTED_EDGE('',*,*,#1263,.F.);
#865=ORIENTED_EDGE('',*,*,#1226,.T.);
#866=ORIENTED_EDGE('',*,*,#1264,.F.);
#867=ORIENTED_EDGE('',*,*,#1255,.F.);
#868=ORIENTED_EDGE('',*,*,#1265,.T.);
#869=ORIENTED_EDGE('',*,*,#1222,.T.);
#870=ORIENTED_EDGE('',*,*,#1193,.F.);
#871=ORIENTED_EDGE('',*,*,#1186,.F.);
#872=ORIENTED_EDGE('',*,*,#1266,.F.);
#873=ORIENTED_EDGE('',*,*,#1267,.T.);
#874=ORIENTED_EDGE('',*,*,#1268,.F.);
#875=ORIENTED_EDGE('',*,*,#1269,.F.);
#876=CARTESIAN_POINT('',(39.8940550332811,-7.8749364069231,-20.4625514426038));
#877=DIRECTION('',(-0.454519477672025,-0.454519477672056,0.766044443118982));
#878=DIRECTION('',(-0.70710678118656,0.707106781186535,1.33100147956667E-014));
#879=SURFACE_STYLE_FILL_AREA(#1270);
#880=ORIENTED_EDGE('',*,*,#1271,.F.);
#881=ORIENTED_EDGE('',*,*,#1257,.T.);
#882=ORIENTED_EDGE('',*,*,#1272,.F.);
#883=ORIENTED_EDGE('',*,*,#1224,.F.);
#884=ORIENTED_EDGE('',*,*,#1273,.T.);
#885=ORIENTED_EDGE('',*,*,#1253,.T.);
#886=ORIENTED_EDGE('',*,*,#1274,.F.);
#887=ORIENTED_EDGE('',*,*,#1275,.F.);
#888=ORIENTED_EDGE('',*,*,#1276,.F.);
#889=ORIENTED_EDGE('',*,*,#1277,.T.);
#890=ORIENTED_EDGE('',*,*,#1278,.F.);
#891=ORIENTED_EDGE('',*,*,#1279,.F.);
#892=CARTESIAN_POINT('',(41.9834446685056,-5.78554677169904,-4.53744855739658));
#893=DIRECTION('',(0.454519477672025,0.454519477672056,-0.766044443118982));
#894=DIRECTION('',(0.70710678118656,-0.707106781186535,-1.33100147956667E-014));
#895=SURFACE_STYLE_FILL_AREA(#1280);
#896=ORIENTED_EDGE('',*,*,#1247,.T.);
#897=ORIENTED_EDGE('',*,*,#1243,.T.);
#898=ORIENTED_EDGE('',*,*,#1238,.T.);
#899=ORIENTED_EDGE('',*,*,#1234,.T.);
#900=ORIENTED_EDGE('',*,*,#1205,.T.);
#901=ORIENTED_EDGE('',*,*,#1281,.T.);
#902=ORIENTED_EDGE('',*,*,#1282,.T.);
#903=ORIENTED_EDGE('',*,*,#1283,.T.);
#904=ORIENTED_EDGE('',*,*,#1223,.F.);
#905=ORIENTED_EDGE('',*,*,#1265,.F.);
#906=ORIENTED_EDGE('',*,*,#1254,.F.);
#907=ORIENTED_EDGE('',*,*,#1273,.F.);
#908=CARTESIAN_POINT('',(23.1560656238006,-20.370285129238,-24.5577728185231));
#909=DIRECTION('',(-0.707106781186551,0.707106781186544,0.0));
#910=DIRECTION('',(0.0,0.0,1.0));
#911=SURFACE_STYLE_FILL_AREA(#1284);
#912=ORIENTED_EDGE('',*,*,#1246,.F.);
#913=ORIENTED_EDGE('',*,*,#1285,.F.);
#914=ORIENTED_EDGE('',*,*,#1286,.F.);
#915=ORIENTED_EDGE('',*,*,#1287,.F.);
#916=ORIENTED_EDGE('',*,*,#1203,.F.);
#917=ORIENTED_EDGE('',*,*,#1232,.F.);
#918=ORIENTED_EDGE('',*,*,#1237,.F.);
#919=ORIENTED_EDGE('',*,*,#1242,.F.);
#920=ORIENTED_EDGE('',*,*,#1264,.T.);
#921=ORIENTED_EDGE('',*,*,#1225,.T.);
#922=ORIENTED_EDGE('',*,*,#1272,.T.);
#923=ORIENTED_EDGE('',*,*,#1256,.T.);
#924=CARTESIAN_POINT('',(19.6205317178678,-16.8347512233053,-24.5577728185231));
#925=DIRECTION('',(-0.707106781186551,0.707106781186544,0.0));
#926=DIRECTION('',(0.0,0.0,1.0));
#927=SURFACE_STYLE_FILL_AREA(#1288);
#928=ORIENTED_EDGE('',*,*,#1289,.T.);
#929=ORIENTED_EDGE('',*,*,#1285,.T.);
#930=ORIENTED_EDGE('',*,*,#1248,.F.);
#931=ORIENTED_EDGE('',*,*,#1283,.F.);
#932=ORIENTED_EDGE('',*,*,#1290,.T.);
#933=CARTESIAN_POINT('',(25.4286631167328,-18.0976876363057,-28.3879949100261));
#934=DIRECTION('',(-0.454519477672051,-0.454519477672055,0.766044443118967));
#935=DIRECTION('',(-0.541675220419692,-0.541675220419697,-0.642787609686553));
#936=SURFACE_STYLE_FILL_AREA(#1291);
#937=ORIENTED_EDGE('',*,*,#1286,.T.);
#938=ORIENTED_EDGE('',*,*,#1290,.F.);
#939=ORIENTED_EDGE('',*,*,#1282,.F.);
#940=ORIENTED_EDGE('',*,*,#1292,.T.);
#941=CARTESIAN_POINT('',(23.1560656238009,-20.3702851292377,-24.5577728185233));
#942=DIRECTION('',(-0.707106781186551,0.707106781186544,0.0));
#943=DIRECTION('',(0.0,0.0,1.0));
#944=SURFACE_STYLE_FILL_AREA(#1293);
#945=ORIENTED_EDGE('',*,*,#1287,.T.);
#946=ORIENTED_EDGE('',*,*,#1292,.F.);
#947=ORIENTED_EDGE('',*,*,#1281,.F.);
#948=ORIENTED_EDGE('',*,*,#1204,.T.);
#949=CARTESIAN_POINT('',(32.3628248385039,-11.1635259145346,-3.82924236141345));
#950=DIRECTION('',(0.50933042154701,0.509330421547015,-0.693660611086925));
#951=DIRECTION('',(0.490492121941566,0.490492121941571,0.72030198988099));
#952=SURFACE_STYLE_FILL_AREA(#1294);
#953=ORIENTED_EDGE('',*,*,#1289,.F.);
#954=ORIENTED_EDGE('',*,*,#1241,.T.);
#955=CARTESIAN_POINT('',(24.4640385601428,-15.5267782869628,-23.5187112039687));
#956=DIRECTION('',(0.454519477672036,0.454519477672069,-0.766044443118967));
#957=DIRECTION('',(0.541675220419713,0.541675220419675,0.642787609686552));
#958=SURFACE_STYLE_FILL_AREA(#1295);
#959=ORIENTED_EDGE('',*,*,#1276,.T.);
#960=ORIENTED_EDGE('',*,*,#1296,.T.);
#961=ORIENTED_EDGE('',*,*,#1216,.F.);
#962=ORIENTED_EDGE('',*,*,#1297,.F.);
#963=CARTESIAN_POINT('',(36.0778046783922,-2.14524521574713,-12.5));
#964=DIRECTION('',(-0.707106781186548,0.707106781186547,0.0));
#965=DIRECTION('',(-0.707106781186547,-0.707106781186548,0.0));
#966=SURFACE_STYLE_FILL_AREA(#1298);
#967=ORIENTED_EDGE('',*,*,#1278,.T.);
#968=ORIENTED_EDGE('',*,*,#1299,.F.);
#969=ORIENTED_EDGE('',*,*,#1218,.T.);
#970=ORIENTED_EDGE('',*,*,#1300,.T.);
#971=CARTESIAN_POINT('',(31.5955716313586,-10.1630121687135,-3.66116523516814));
#972=DIRECTION('',(0.707106781186548,-0.707106781186547,0.0));
#973=DIRECTION('',(0.707106781186547,0.707106781186548,0.0));
#974=SURFACE_STYLE_FILL_AREA(#1301);
#975=ORIENTED_EDGE('',*,*,#1297,.T.);
#976=ORIENTED_EDGE('',*,*,#1215,.T.);
#977=ORIENTED_EDGE('',*,*,#1299,.T.);
#978=ORIENTED_EDGE('',*,*,#1277,.F.);
#979=CARTESIAN_POINT('',(42.3278046783922,4.10475478425287,-21.3388347648319));
#980=DIRECTION('',(0.5,0.5,0.707106781186547));
#981=DIRECTION('',(-0.707106781186548,0.707106781186547,3.31621901797962E-016));
#982=SURFACE_STYLE_FILL_AREA(#1302);
#983=ORIENTED_EDGE('',*,*,#1279,.T.);
#984=ORIENTED_EDGE('',*,*,#1300,.F.);
#985=ORIENTED_EDGE('',*,*,#1217,.F.);
#986=ORIENTED_EDGE('',*,*,#1296,.F.);
#987=CARTESIAN_POINT('',(36.0778046783922,-2.14524521574713,-25.0));
#988=DIRECTION('',(0.707106781186547,0.707106781186548,0.0));
#989=DIRECTION('',(-0.707106781186548,0.707106781186547,0.0));
#990=SURFACE_STYLE_FILL_AREA(#1303);
#991=ORIENTED_EDGE('',*,*,#1233,.T.);
#992=ORIENTED_EDGE('',*,*,#1304,.T.);
#993=ORIENTED_EDGE('',*,*,#1305,.T.);
#994=ORIENTED_EDGE('',*,*,#1306,.F.);
#995=CARTESIAN_POINT('',(36.0778046783919,-2.14524521574713,-12.5));
#996=DIRECTION('',(-0.707106781186535,0.70710678118656,0.0));
#997=DIRECTION('',(-0.35355339059328,-0.353553390593267,-0.866025403784439));
#998=SURFACE_STYLE_FILL_AREA(#1307);
#999=ORIENTED_EDGE('',*,*,#1227,.T.);
#1000=ORIENTED_EDGE('',*,*,#1308,.T.);
#1001=ORIENTED_EDGE('',*,*,#1196,.F.);
#1002=ORIENTED_EDGE('',*,*,#1309,.F.);
#1003=CARTESIAN_POINT('',(36.0778046783922,-2.14524521574676,-12.5000000000002));
#1004=DIRECTION('',(-0.707106781186561,0.707106781186534,-5.55111512312579E-017));
#1005=DIRECTION('',(-0.353553390593268,-0.353553390593281,0.866025403784438));
#1006=SURFACE_STYLE_FILL_AREA(#1310);
#1007=ORIENTED_EDGE('',*,*,#1229,.T.);
#1008=ORIENTED_EDGE('',*,*,#1311,.F.);
#1009=ORIENTED_EDGE('',*,*,#1198,.T.);
#1010=ORIENTED_EDGE('',*,*,#1312,.T.);
#1011=CARTESIAN_POINT('',(40.1332304050112,-1.6253533950602,-0.425927171386842));
#1012=DIRECTION('',(0.707106781186561,-0.707106781186534,5.55111512312579E-017));
#1013=DIRECTION('',(0.353553390593268,0.353553390593281,-0.866025403784438));
#1014=SURFACE_STYLE_FILL_AREA(#1313);
#1015=ORIENTED_EDGE('',*,*,#1309,.T.);
#1016=ORIENTED_EDGE('',*,*,#1195,.T.);
#1017=ORIENTED_EDGE('',*,*,#1311,.T.);
#1018=ORIENTED_EDGE('',*,*,#1228,.F.);
#1019=CARTESIAN_POINT('',(33.7901459047397,-4.43290398939964,-24.5740728286135));
#1020=DIRECTION('',(0.683012701892209,0.68301270189223,-0.258819045102521));
#1021=DIRECTION('',(-0.707106781186559,0.707106781186536,-9.68567338833928E-016));
#1022=SURFACE_STYLE_FILL_AREA(#1314);
#1023=ORIENTED_EDGE('',*,*,#1230,.T.);
#1024=ORIENTED_EDGE('',*,*,#1312,.F.);
#1025=ORIENTED_EDGE('',*,*,#1197,.F.);
#1026=ORIENTED_EDGE('',*,*,#1308,.F.);
#1027=CARTESIAN_POINT('',(28.423149232195,-9.79990066194438,-18.75));
#1028=DIRECTION('',(0.353553390593275,0.353553390593274,-0.866025403784438));
#1029=DIRECTION('',(-0.707106781186557,0.707106781186538,-9.18214682748151E-015));
#1030=SURFACE_STYLE_FILL_AREA(#1315);
#1031=ORIENTED_EDGE('',*,*,#1221,.T.);
#1032=ORIENTED_EDGE('',*,*,#1263,.T.);
#1033=ORIENTED_EDGE('',*,*,#1189,.T.);
#1034=ORIENTED_EDGE('',*,*,#1219,.F.);
#1035=ORIENTED_EDGE('',*,*,#1181,.F.);
#1036=CARTESIAN_POINT('',(36.0778046783922,-2.14524521574679,-12.5000000000005));
#1037=DIRECTION('',(-0.707106781186561,0.707106781186534,-8.32667268468868E-017));
#1038=DIRECTION('',(0.353553390593267,0.35355339059328,0.866025403784439));
#1039=SURFACE_STYLE_FILL_AREA(#1316);
#1040=ORIENTED_EDGE('',*,*,#1275,.T.);
#1041=ORIENTED_EDGE('',*,*,#1317,.F.);
#1042=ORIENTED_EDGE('',*,*,#1305,.F.);
#1043=ORIENTED_EDGE('',*,*,#1318,.F.);
#1044=CARTESIAN_POINT('',(43.7324601245895,5.50941023045012,-18.75));
#1045=DIRECTION('',(0.353553390593272,0.353553390593275,0.866025403784439));
#1046=DIRECTION('',(-0.707106781186539,0.707106781186556,-9.15810979390173E-015));
#1047=SURFACE_STYLE_FILL_AREA(#1319);
#1048=ORIENTED_EDGE('',*,*,#1320,.T.);
#1049=ORIENTED_EDGE('',*,*,#1200,.T.);
#1050=ORIENTED_EDGE('',*,*,#1321,.T.);
#1051=ORIENTED_EDGE('',*,*,#1251,.F.);
#1052=CARTESIAN_POINT('',(44.6154634520447,6.39241355790549,-9.2647619362186));
#1053=DIRECTION('',(-0.183012701892231,-0.183012701892208,0.965925826289068));
#1054=DIRECTION('',(-0.707106781186533,0.707106781186562,-1.1287347068241E-014));
#1055=SURFACE_STYLE_FILL_AREA(#1322);
#1056=ORIENTED_EDGE('',*,*,#1252,.T.);
#1057=ORIENTED_EDGE('',*,*,#1321,.F.);
#1058=ORIENTED_EDGE('',*,*,#1199,.T.);
#1059=ORIENTED_EDGE('',*,*,#1306,.T.);
#1060=ORIENTED_EDGE('',*,*,#1317,.T.);
#1061=ORIENTED_EDGE('',*,*,#1274,.T.);
#1062=CARTESIAN_POINT('',(29.3079128577053,-12.4506709423661,-15.7352380637816));
#1063=DIRECTION('',(0.707106781186535,-0.70710678118656,0.0));
#1064=DIRECTION('',(0.35355339059328,0.353553390593267,0.866025403784439));
#1065=SURFACE_STYLE_FILL_AREA(#1323);
#1066=ORIENTED_EDGE('',*,*,#1250,.T.);
#1067=ORIENTED_EDGE('',*,*,#1271,.T.);
#1068=ORIENTED_EDGE('',*,*,#1318,.T.);
#1069=ORIENTED_EDGE('',*,*,#1304,.F.);
#1070=ORIENTED_EDGE('',*,*,#1201,.F.);
#1071=ORIENTED_EDGE('',*,*,#1320,.F.);
#1072=CARTESIAN_POINT('',(36.0778046783919,-2.14524521574713,-12.5));
#1073=DIRECTION('',(-0.707106781186535,0.70710678118656,0.0));
#1074=DIRECTION('',(-0.35355339059328,-0.353553390593267,-0.866025403784439));
#1075=SURFACE_STYLE_FILL_AREA(#1324);
#1076=ORIENTED_EDGE('',*,*,#1261,.T.);
#1077=ORIENTED_EDGE('',*,*,#1325,.F.);
#1078=ORIENTED_EDGE('',*,*,#1213,.F.);
#1079=ORIENTED_EDGE('',*,*,#1326,.F.);
#1080=CARTESIAN_POINT('',(43.7324601245895,5.50941023045009,-6.25000000000041));
#1081=DIRECTION('',(-0.353553390593274,-0.353553390593273,0.866025403784439));
#1082=DIRECTION('',(-0.707106781186538,0.707106781186557,7.01881380530001E-015));
#1083=SURFACE_STYLE_FILL_AREA(#1327);
#1084=ORIENTED_EDGE('',*,*,#1328,.T.);
#1085=ORIENTED_EDGE('',*,*,#1211,.T.);
#1086=ORIENTED_EDGE('',*,*,#1329,.T.);
#1087=ORIENTED_EDGE('',*,*,#1259,.F.);
#1088=CARTESIAN_POINT('',(38.3654634520447,0.142413557905463,-0.42592717138706));
#1089=DIRECTION('',(-0.68301270189223,-0.683012701892209,0.258819045102521));
#1090=DIRECTION('',(-0.707106781186537,0.707106781186558,6.2375110313275E-016));
#1091=SURFACE_STYLE_FILL_AREA(#1330);
#1092=ORIENTED_EDGE('',*,*,#1260,.T.);
#1093=ORIENTED_EDGE('',*,*,#1329,.F.);
#1094=ORIENTED_EDGE('',*,*,#1214,.T.);
#1095=ORIENTED_EDGE('',*,*,#1325,.T.);
#1096=CARTESIAN_POINT('',(35.5579128577053,-6.20067094236619,-24.5740728286138));
#1097=DIRECTION('',(0.707106781186535,-0.70710678118656,-2.77555756156289E-017));
#1098=DIRECTION('',(-0.35355339059328,-0.353553390593268,0.866025403784439));
#1099=SURFACE_STYLE_FILL_AREA(#1331);
#1100=ORIENTED_EDGE('',*,*,#1258,.T.);
#1101=ORIENTED_EDGE('',*,*,#1326,.T.);
#1102=ORIENTED_EDGE('',*,*,#1212,.F.);
#1103=ORIENTED_EDGE('',*,*,#1328,.F.);
#1104=CARTESIAN_POINT('',(36.0778046783918,-2.14524521574717,-12.5000000000004));
#1105=DIRECTION('',(-0.707106781186535,0.70710678118656,2.77555756156289E-017));
#1106=DIRECTION('',(0.35355339059328,0.353553390593268,-0.866025403784439));
#1107=SURFACE_STYLE_FILL_AREA(#1332);
#1108=ORIENTED_EDGE('',*,*,#1269,.T.);
#1109=ORIENTED_EDGE('',*,*,#1333,.F.);
#1110=ORIENTED_EDGE('',*,*,#1209,.F.);
#1111=ORIENTED_EDGE('',*,*,#1334,.F.);
#1112=CARTESIAN_POINT('',(36.0778046783921,-2.14524521574717,0.0));
#1113=DIRECTION('',(-0.707106781186547,-0.707106781186548,0.0));
#1114=DIRECTION('',(-0.707106781186548,0.707106781186547,0.0));
#1115=SURFACE_STYLE_FILL_AREA(#1335);
#1116=ORIENTED_EDGE('',*,*,#1336,.T.);
#1117=ORIENTED_EDGE('',*,*,#1207,.T.);
#1118=ORIENTED_EDGE('',*,*,#1337,.T.);
#1119=ORIENTED_EDGE('',*,*,#1267,.F.);
#1120=CARTESIAN_POINT('',(29.8278046783922,-8.39524521574717,-3.66116523516815));
#1121=DIRECTION('',(-0.5,-0.5,-0.707106781186547));
#1122=DIRECTION('',(-0.707106781186548,0.707106781186547,3.74919704609737E-016));
#1123=SURFACE_STYLE_FILL_AREA(#1338);
#1124=ORIENTED_EDGE('',*,*,#1268,.T.);
#1125=ORIENTED_EDGE('',*,*,#1337,.F.);
#1126=ORIENTED_EDGE('',*,*,#1210,.T.);
#1127=ORIENTED_EDGE('',*,*,#1333,.T.);
#1128=CARTESIAN_POINT('',(44.0955716313585,2.33698783128647,-21.3388347648319));
#1129=DIRECTION('',(0.707106781186548,-0.707106781186547,0.0));
#1130=DIRECTION('',(-0.707106781186547,-0.707106781186548,0.0));
#1131=SURFACE_STYLE_FILL_AREA(#1339);
#1132=ORIENTED_EDGE('',*,*,#1266,.T.);
#1133=ORIENTED_EDGE('',*,*,#1334,.T.);
#1134=ORIENTED_EDGE('',*,*,#1208,.F.);
#1135=ORIENTED_EDGE('',*,*,#1336,.F.);
#1136=CARTESIAN_POINT('',(36.0778046783921,-2.14524521574717,-12.5));
#1137=DIRECTION('',(-0.707106781186548,0.707106781186547,0.0));
#1138=DIRECTION('',(0.707106781186547,0.707106781186548,0.0));
#1140=FILL_AREA_STYLE('',(#1340));
#1141=EDGE_CURVE('',#1341,#1341,#1342,.T.);
#1142=EDGE_CURVE('',#1343,#1343,#1344,.F.);
#1143=FILL_AREA_STYLE('',(#1345));
#1144=EDGE_CURVE('',#1346,#1346,#1347,.F.);
#1145=EDGE_CURVE('',#1348,#1348,#1349,.T.);
#1146=FILL_AREA_STYLE('',(#1350));
#1147=EDGE_CURVE('',#1351,#1352,#1353,.T.);
#1148=EDGE_CURVE('',#1354,#1352,#1355,.T.);
#1149=EDGE_CURVE('',#1356,#1354,#1357,.T.);
#1150=EDGE_CURVE('',#1356,#1351,#1358,.T.);
#1151=FILL_AREA_STYLE('',(#1359));
#1152=EDGE_CURVE('',#1352,#1360,#1361,.T.);
#1153=EDGE_CURVE('',#1362,#1360,#1363,.T.);
#1154=EDGE_CURVE('',#1354,#1362,#1364,.T.);
#1155=FILL_AREA_STYLE('',(#1365));
#1156=EDGE_CURVE('',#1360,#1366,#1367,.T.);
#1157=EDGE_CURVE('',#1368,#1366,#1369,.T.);
#1158=EDGE_CURVE('',#1362,#1368,#1370,.T.);
#1159=FILL_AREA_STYLE('',(#1371));
#1160=EDGE_CURVE('',#1366,#1372,#1373,.T.);
#1161=EDGE_CURVE('',#1374,#1372,#1375,.T.);
#1162=EDGE_CURVE('',#1368,#1374,#1376,.T.);
#1163=FILL_AREA_STYLE('',(#1377));
#1164=EDGE_CURVE('',#1372,#1378,#1379,.T.);
#1165=EDGE_CURVE('',#1380,#1378,#1381,.T.);
#1166=EDGE_CURVE('',#1374,#1380,#1382,.T.);
#1167=FILL_AREA_STYLE('',(#1383));
#1168=EDGE_CURVE('',#1378,#1384,#1385,.T.);
#1169=EDGE_CURVE('',#1386,#1384,#1387,.T.);
#1170=EDGE_CURVE('',#1380,#1386,#1388,.T.);
#1171=FILL_AREA_STYLE('',(#1389));
#1172=EDGE_CURVE('',#1384,#1390,#1391,.T.);
#1173=EDGE_CURVE('',#1392,#1390,#1393,.T.);
#1174=EDGE_CURVE('',#1386,#1392,#1394,.T.);
#1175=FILL_AREA_STYLE('',(#1395));
#1176=EDGE_CURVE('',#1390,#1351,#1396,.T.);
#1177=EDGE_CURVE('',#1392,#1356,#1397,.T.);
#1178=FILL_AREA_STYLE('',(#1398));
#1179=FILL_AREA_STYLE('',(#1399));
#1180=FILL_AREA_STYLE('',(#1400));
#1181=EDGE_CURVE('',#1401,#1402,#1403,.T.);
#1182=EDGE_CURVE('',#1402,#1404,#1405,.T.);
#1183=EDGE_CURVE('',#1404,#1406,#1407,.T.);
#1184=EDGE_CURVE('',#1401,#1406,#1408,.T.);
#1185=FILL_AREA_STYLE('',(#1409));
#1186=EDGE_CURVE('',#1410,#1411,#1412,.T.);
#1187=EDGE_CURVE('',#1413,#1411,#1414,.T.);
#1188=EDGE_CURVE('',#1415,#1413,#1416,.T.);
#1189=EDGE_CURVE('',#1410,#1415,#1417,.T.);
#1190=FILL_AREA_STYLE('',(#1418));
#1191=EDGE_CURVE('',#1419,#1406,#1420,.T.);
#1192=EDGE_CURVE('',#1404,#1413,#1421,.T.);
#1193=EDGE_CURVE('',#1411,#1419,#1422,.T.);
#1194=FILL_AREA_STYLE('',(#1423));
#1195=EDGE_CURVE('',#1424,#1425,#1426,.T.);
#1196=EDGE_CURVE('',#1424,#1427,#1428,.T.);
#1197=EDGE_CURVE('',#1427,#1429,#1430,.T.);
#1198=EDGE_CURVE('',#1425,#1429,#1431,.T.);
#1199=EDGE_CURVE('',#1432,#1433,#1434,.T.);
#1200=EDGE_CURVE('',#1435,#1432,#1436,.T.);
#1201=EDGE_CURVE('',#1435,#1437,#1438,.T.);
#1202=EDGE_CURVE('',#1437,#1439,#1440,.T.);
#1203=EDGE_CURVE('',#1439,#1441,#1442,.T.);
#1204=EDGE_CURVE('',#1443,#1441,#1444,.T.);
#1205=EDGE_CURVE('',#1445,#1443,#1446,.T.);
#1206=EDGE_CURVE('',#1445,#1433,#1447,.T.);
#1207=EDGE_CURVE('',#1448,#1449,#1450,.T.);
#1208=EDGE_CURVE('',#1448,#1451,#1452,.T.);
#1209=EDGE_CURVE('',#1451,#1453,#1454,.T.);
#1210=EDGE_CURVE('',#1449,#1453,#1455,.T.);
#1211=EDGE_CURVE('',#1456,#1457,#1458,.T.);
#1212=EDGE_CURVE('',#1456,#1459,#1460,.T.);
#1213=EDGE_CURVE('',#1459,#1461,#1462,.T.);
#1214=EDGE_CURVE('',#1457,#1461,#1463,.T.);
#1215=EDGE_CURVE('',#1464,#1465,#1466,.T.);
#1216=EDGE_CURVE('',#1464,#1467,#1468,.T.);
#1217=EDGE_CURVE('',#1467,#1469,#1470,.T.);
#1218=EDGE_CURVE('',#1465,#1469,#1471,.T.);
#1219=EDGE_CURVE('',#1402,#1415,#1472,.T.);
#1220=FILL_AREA_STYLE('',(#1473));
#1221=EDGE_CURVE('',#1401,#1474,#1475,.T.);
#1222=EDGE_CURVE('',#1476,#1419,#1477,.T.);
#1223=EDGE_CURVE('',#1476,#1478,#1479,.T.);
#1224=EDGE_CURVE('',#1478,#1480,#1481,.T.);
#1225=EDGE_CURVE('',#1482,#1480,#1483,.T.);
#1226=EDGE_CURVE('',#1474,#1482,#1484,.T.);
#1227=EDGE_CURVE('',#1485,#1486,#1487,.T.);
#1228=EDGE_CURVE('',#1485,#1488,#1489,.T.);
#1229=EDGE_CURVE('',#1490,#1488,#1491,.T.);
#1230=EDGE_CURVE('',#1486,#1490,#1492,.T.);
#1231=FILL_AREA_STYLE('',(#1493));
#1232=EDGE_CURVE('',#1494,#1439,#1495,.T.);
#1233=EDGE_CURVE('',#1433,#1437,#1496,.T.);
#1234=EDGE_CURVE('',#1497,#1445,#1498,.T.);
#1235=EDGE_CURVE('',#1497,#1494,#1499,.T.);
#1236=FILL_AREA_STYLE('',(#1500));
#1237=EDGE_CURVE('',#1501,#1494,#1502,.T.);
#1238=EDGE_CURVE('',#1503,#1497,#1504,.T.);
#1239=EDGE_CURVE('',#1503,#1501,#1505,.T.);
#1240=FILL_AREA_STYLE('',(#1506));
#1241=EDGE_CURVE('',#1507,#1507,#1508,.F.);
#1242=EDGE_CURVE('',#1509,#1501,#1510,.T.);
#1243=EDGE_CURVE('',#1511,#1503,#1512,.T.);
#1244=EDGE_CURVE('',#1511,#1509,#1513,.T.);
#1245=FILL_AREA_STYLE('',(#1514));
#1246=EDGE_CURVE('',#1515,#1509,#1516,.T.);
#1247=EDGE_CURVE('',#1517,#1511,#1518,.T.);
#1248=EDGE_CURVE('',#1517,#1515,#1519,.T.);
#1249=FILL_AREA_STYLE('',(#1520));
#1250=EDGE_CURVE('',#1521,#1522,#1523,.T.);
#1251=EDGE_CURVE('',#1521,#1524,#1525,.T.);
#1252=EDGE_CURVE('',#1526,#1524,#1527,.T.);
#1253=EDGE_CURVE('',#1528,#1526,#1529,.T.);
#1254=EDGE_CURVE('',#1528,#1530,#1531,.T.);
#1255=EDGE_CURVE('',#1530,#1532,#1533,.T.);
#1256=EDGE_CURVE('',#1534,#1532,#1535,.T.);
#1257=EDGE_CURVE('',#1522,#1534,#1536,.T.);
#1258=EDGE_CURVE('',#1537,#1538,#1539,.T.);
#1259=EDGE_CURVE('',#1537,#1540,#1541,.T.);
#1260=EDGE_CURVE('',#1542,#1540,#1543,.T.);
#1261=EDGE_CURVE('',#1538,#1542,#1544,.T.);
#1262=FILL_AREA_STYLE('',(#1545));
#1263=EDGE_CURVE('',#1474,#1410,#1546,.T.);
#1264=EDGE_CURVE('',#1532,#1482,#1547,.T.);
#1265=EDGE_CURVE('',#1530,#1476,#1548,.T.);
#1266=EDGE_CURVE('',#1549,#1550,#1551,.T.);
#1267=EDGE_CURVE('',#1549,#1552,#1553,.T.);
#1268=EDGE_CURVE('',#1554,#1552,#1555,.T.);
#1269=EDGE_CURVE('',#1550,#1554,#1556,.T.);
#1270=FILL_AREA_STYLE('',(#1557));
#1271=EDGE_CURVE('',#1522,#1558,#1559,.T.);
#1272=EDGE_CURVE('',#1480,#1534,#1560,.T.);
#1273=EDGE_CURVE('',#1478,#1528,#1561,.T.);
#1274=EDGE_CURVE('',#1562,#1526,#1563,.T.);
#1275=EDGE_CURVE('',#1558,#1562,#1564,.T.);
#1276=EDGE_CURVE('',#1565,#1566,#1567,.T.);
#1277=EDGE_CURVE('',#1565,#1568,#1569,.T.);
#1278=EDGE_CURVE('',#1570,#1568,#1571,.T.);
#1279=EDGE_CURVE('',#1566,#1570,#1572,.T.);
#1280=FILL_AREA_STYLE('',(#1573));
#1281=EDGE_CURVE('',#1443,#1574,#1575,.T.);
#1282=EDGE_CURVE('',#1574,#1576,#1577,.T.);
#1283=EDGE_CURVE('',#1576,#1517,#1578,.T.);
#1284=FILL_AREA_STYLE('',(#1579));
#1285=EDGE_CURVE('',#1580,#1515,#1581,.T.);
#1286=EDGE_CURVE('',#1582,#1580,#1583,.T.);
#1287=EDGE_CURVE('',#1441,#1582,#1584,.T.);
#1288=FILL_AREA_STYLE('',(#1585));
#1289=EDGE_CURVE('',#1586,#1586,#1587,.T.);
#1290=EDGE_CURVE('',#1576,#1580,#1588,.T.);
#1291=FILL_AREA_STYLE('',(#1589));
#1292=EDGE_CURVE('',#1574,#1582,#1590,.T.);
#1293=FILL_AREA_STYLE('',(#1591));
#1294=FILL_AREA_STYLE('',(#1592));
#1295=FILL_AREA_STYLE('',(#1593));
#1296=EDGE_CURVE('',#1566,#1467,#1594,.T.);
#1297=EDGE_CURVE('',#1565,#1464,#1595,.T.);
#1298=FILL_AREA_STYLE('',(#1596));
#1299=EDGE_CURVE('',#1465,#1568,#1597,.T.);
#1300=EDGE_CURVE('',#1469,#1570,#1598,.T.);
#1301=FILL_AREA_STYLE('',(#1599));
#1302=FILL_AREA_STYLE('',(#1600));
#1303=FILL_AREA_STYLE('',(#1601));
#1304=EDGE_CURVE('',#1437,#1602,#1603,.T.);
#1305=EDGE_CURVE('',#1602,#1604,#1605,.T.);
#1306=EDGE_CURVE('',#1433,#1604,#1606,.T.);
#1307=FILL_AREA_STYLE('',(#1607));
#1308=EDGE_CURVE('',#1486,#1427,#1608,.T.);
#1309=EDGE_CURVE('',#1485,#1424,#1609,.T.);
#1310=FILL_AREA_STYLE('',(#1610));
#1311=EDGE_CURVE('',#1425,#1488,#1611,.T.);
#1312=EDGE_CURVE('',#1429,#1490,#1612,.T.);
#1313=FILL_AREA_STYLE('',(#1613));
#1314=FILL_AREA_STYLE('',(#1614));
#1315=FILL_AREA_STYLE('',(#1615));
#1316=FILL_AREA_STYLE('',(#1616));
#1317=EDGE_CURVE('',#1604,#1562,#1617,.T.);
#1318=EDGE_CURVE('',#1558,#1602,#1618,.T.);
#1319=FILL_AREA_STYLE('',(#1619));
#1320=EDGE_CURVE('',#1521,#1435,#1620,.T.);
#1321=EDGE_CURVE('',#1432,#1524,#1621,.T.);
#1322=FILL_AREA_STYLE('',(#1622));
#1323=FILL_AREA_STYLE('',(#1623));
#1324=FILL_AREA_STYLE('',(#1624));
#1325=EDGE_CURVE('',#1461,#1542,#1625,.T.);
#1326=EDGE_CURVE('',#1538,#1459,#1626,.T.);
#1327=FILL_AREA_STYLE('',(#1627));
#1328=EDGE_CURVE('',#1537,#1456,#1628,.T.);
#1329=EDGE_CURVE('',#1457,#1540,#1629,.T.);
#1330=FILL_AREA_STYLE('',(#1630));
#1331=FILL_AREA_STYLE('',(#1631));
#1332=FILL_AREA_STYLE('',(#1632));
#1333=EDGE_CURVE('',#1453,#1554,#1633,.T.);
#1334=EDGE_CURVE('',#1550,#1451,#1634,.T.);
#1335=FILL_AREA_STYLE('',(#1635));
#1336=EDGE_CURVE('',#1549,#1448,#1636,.T.);
#1337=EDGE_CURVE('',#1449,#1552,#1637,.T.);
#1338=FILL_AREA_STYLE('',(#1638));
#1339=FILL_AREA_STYLE('',(#1639));
#1340=FILL_AREA_STYLE_COLOUR('',#1640);
#1341=VERTEX_POINT('',#1641);
#1342=CIRCLE('',#1642,1.65);
#1343=VERTEX_POINT('',#1643);
#1344=CIRCLE('',#1644,1.65);
#1345=FILL_AREA_STYLE_COLOUR('',#1645);
#1346=VERTEX_POINT('',#1646);
#1347=CIRCLE('',#1647,2.8);
#1348=VERTEX_POINT('',#1648);
#1349=CIRCLE('',#1649,2.8);
#1350=FILL_AREA_STYLE_COLOUR('',#1650);
#1351=VERTEX_POINT('',#1651);
#1352=VERTEX_POINT('',#1652);
#1353=LINE('',#1653,#1654);
#1354=VERTEX_POINT('',#1655);
#1355=LINE('',#1656,#1657);
#1356=VERTEX_POINT('',#1658);
#1357=LINE('',#1659,#1660);
#1358=LINE('',#1661,#1662);
#1359=FILL_AREA_STYLE_COLOUR('',#1663);
#1360=VERTEX_POINT('',#1664);
#1361=LINE('',#1665,#1666);
#1362=VERTEX_POINT('',#1667);
#1363=LINE('',#1668,#1669);
#1364=LINE('',#1670,#1671);
#1365=FILL_AREA_STYLE_COLOUR('',#1672);
#1366=VERTEX_POINT('',#1673);
#1367=CIRCLE('',#1674,3.0);
#1368=VERTEX_POINT('',#1675);
#1369=LINE('',#1676,#1677);
#1370=CIRCLE('',#1678,3.0);
#1371=FILL_AREA_STYLE_COLOUR('',#1679);
#1372=VERTEX_POINT('',#1680);
#1373=LINE('',#1681,#1682);
#1374=VERTEX_POINT('',#1683);
#1375=LINE('',#1684,#1685);
#1376=LINE('',#1686,#1687);
#1377=FILL_AREA_STYLE_COLOUR('',#1688);
#1378=VERTEX_POINT('',#1689);
#1379=CIRCLE('',#1690,12.5000000000005);
#1380=VERTEX_POINT('',#1691);
#1381=LINE('',#1692,#1693);
#1382=CIRCLE('',#1694,12.5000000000005);
#1383=FILL_AREA_STYLE_COLOUR('',#1695);
#1384=VERTEX_POINT('',#1696);
#1385=LINE('',#1697,#1698);
#1386=VERTEX_POINT('',#1699);
#1387=LINE('',#1700,#1701);
#1388=LINE('',#1702,#1703);
#1389=FILL_AREA_STYLE_COLOUR('',#1704);
#1390=VERTEX_POINT('',#1705);
#1391=CIRCLE('',#1706,4.99999999999972);
#1392=VERTEX_POINT('',#1707);
#1393=LINE('',#1708,#1709);
#1394=CIRCLE('',#1710,4.99999999999972);
#1395=FILL_AREA_STYLE_COLOUR('',#1711);
#1396=LINE('',#1712,#1713);
#1397=LINE('',#1714,#1715);
#1398=FILL_AREA_STYLE_COLOUR('',#1716);
#1399=FILL_AREA_STYLE_COLOUR('',#1717);
#1400=FILL_AREA_STYLE_COLOUR('',#1718);
#1401=VERTEX_POINT('',#1719);
#1402=VERTEX_POINT('',#1720);
#1403=LINE('',#1721,#1722);
#1404=VERTEX_POINT('',#1723);
#1405=LINE('',#1724,#1725);
#1406=VERTEX_POINT('',#1726);
#1407=LINE('',#1727,#1728);
#1408=LINE('',#1729,#1730);
#1409=FILL_AREA_STYLE_COLOUR('',#1731);
#1410=VERTEX_POINT('',#1732);
#1411=VERTEX_POINT('',#1733);
#1412=LINE('',#1734,#1735);
#1413=VERTEX_POINT('',#1736);
#1414=LINE('',#1737,#1738);
#1415=VERTEX_POINT('',#1739);
#1416=LINE('',#1740,#1741);
#1417=LINE('',#1742,#1743);
#1418=FILL_AREA_STYLE_COLOUR('',#1744);
#1419=VERTEX_POINT('',#1745);
#1420=LINE('',#1746,#1747);
#1421=CIRCLE('',#1748,12.5);
#1422=LINE('',#1749,#1750);
#1423=FILL_AREA_STYLE_COLOUR('',#1751);
#1424=VERTEX_POINT('',#1752);
#1425=VERTEX_POINT('',#1753);
#1426=LINE('',#1754,#1755);
#1427=VERTEX_POINT('',#1756);
#1428=CIRCLE('',#1757,12.5);
#1429=VERTEX_POINT('',#1758);
#1430=LINE('',#1759,#1760);
#1431=CIRCLE('',#1761,12.5);
#1432=VERTEX_POINT('',#1762);
#1433=VERTEX_POINT('',#1763);
#1434=CIRCLE('',#1764,12.5);
#1435=VERTEX_POINT('',#1765);
#1436=LINE('',#1766,#1767);
#1437=VERTEX_POINT('',#1768);
#1438=CIRCLE('',#1769,12.5);
#1439=VERTEX_POINT('',#1770);
#1440=LINE('',#1771,#1772);
#1441=VERTEX_POINT('',#1773);
#1442=CIRCLE('',#1774,12.5000000000005);
#1443=VERTEX_POINT('',#1775);
#1444=LINE('',#1776,#1777);
#1445=VERTEX_POINT('',#1778);
#1446=CIRCLE('',#1779,12.5000000000005);
#1447=LINE('',#1780,#1781);
#1448=VERTEX_POINT('',#1782);
#1449=VERTEX_POINT('',#1783);
#1450=LINE('',#1784,#1785);
#1451=VERTEX_POINT('',#1786);
#1452=CIRCLE('',#1787,12.5);
#1453=VERTEX_POINT('',#1788);
#1454=LINE('',#1789,#1790);
#1455=CIRCLE('',#1791,12.5);
#1456=VERTEX_POINT('',#1792);
#1457=VERTEX_POINT('',#1793);
#1458=LINE('',#1794,#1795);
#1459=VERTEX_POINT('',#1796);
#1460=CIRCLE('',#1797,12.5);
#1461=VERTEX_POINT('',#1798);
#1462=LINE('',#1799,#1800);
#1463=CIRCLE('',#1801,12.5);
#1464=VERTEX_POINT('',#1802);
#1465=VERTEX_POINT('',#1803);
#1466=LINE('',#1804,#1805);
#1467=VERTEX_POINT('',#1806);
#1468=CIRCLE('',#1807,12.5);
#1469=VERTEX_POINT('',#1808);
#1470=LINE('',#1809,#1810);
#1471=CIRCLE('',#1811,12.5);
#1472=CIRCLE('',#1812,12.5);
#1473=FILL_AREA_STYLE_COLOUR('',#1813);
#1474=VERTEX_POINT('',#1814);
#1475=LINE('',#1815,#1816);
#1476=VERTEX_POINT('',#1817);
#1477=LINE('',#1818,#1819);
#1478=VERTEX_POINT('',#1820);
#1479=LINE('',#1821,#1822);
#1480=VERTEX_POINT('',#1823);
#1481=LINE('',#1824,#1825);
#1482=VERTEX_POINT('',#1826);
#1483=LINE('',#1827,#1828);
#1484=LINE('',#1829,#1830);
#1485=VERTEX_POINT('',#1831);
#1486=VERTEX_POINT('',#1832);
#1487=LINE('',#1833,#1834);
#1488=VERTEX_POINT('',#1835);
#1489=LINE('',#1836,#1837);
#1490=VERTEX_POINT('',#1838);
#1491=LINE('',#1839,#1840);
#1492=LINE('',#1841,#1842);
#1493=FILL_AREA_STYLE_COLOUR('',#1843);
#1494=VERTEX_POINT('',#1844);
#1495=LINE('',#1845,#1846);
#1496=LINE('',#1847,#1848);
#1497=VERTEX_POINT('',#1849);
#1498=LINE('',#1850,#1851);
#1499=LINE('',#1852,#1853);
#1500=FILL_AREA_STYLE_COLOUR('',#1854);
#1501=VERTEX_POINT('',#1855);
#1502=CIRCLE('',#1856,3.0);
#1503=VERTEX_POINT('',#1857);
#1504=CIRCLE('',#1858,3.0);
#1505=LINE('',#1859,#1860);
#1506=FILL_AREA_STYLE_COLOUR('',#1861);
#1507=VERTEX_POINT('',#1862);
#1508=CIRCLE('',#1863,1.65);
#1509=VERTEX_POINT('',#1864);
#1510=LINE('',#1865,#1866);
#1511=VERTEX_POINT('',#1867);
#1512=LINE('',#1868,#1869);
#1513=LINE('',#1870,#1871);
#1514=FILL_AREA_STYLE_COLOUR('',#1872);
#1515=VERTEX_POINT('',#1873);
#1516=LINE('',#1874,#1875);
#1517=VERTEX_POINT('',#1876);
#1518=LINE('',#1877,#1878);
#1519=LINE('',#1879,#1880);
#1520=FILL_AREA_STYLE_COLOUR('',#1881);
#1521=VERTEX_POINT('',#1882);
#1522=VERTEX_POINT('',#1883);
#1523=LINE('',#1884,#1885);
#1524=VERTEX_POINT('',#1886);
#1525=LINE('',#1887,#1888);
#1526=VERTEX_POINT('',#1889);
#1527=LINE('',#1890,#1891);
#1528=VERTEX_POINT('',#1892);
#1529=LINE('',#1893,#1894);
#1530=VERTEX_POINT('',#1895);
#1531=LINE('',#1896,#1897);
#1532=VERTEX_POINT('',#1898);
#1533=LINE('',#1899,#1900);
#1534=VERTEX_POINT('',#1901);
#1535=LINE('',#1902,#1903);
#1536=LINE('',#1904,#1905);
#1537=VERTEX_POINT('',#1906);
#1538=VERTEX_POINT('',#1907);
#1539=LINE('',#1908,#1909);
#1540=VERTEX_POINT('',#1910);
#1541=LINE('',#1911,#1912);
#1542=VERTEX_POINT('',#1913);
#1543=LINE('',#1914,#1915);
#1544=LINE('',#1916,#1917);
#1545=FILL_AREA_STYLE_COLOUR('',#1918);
#1546=LINE('',#1919,#1920);
#1547=LINE('',#1921,#1922);
#1548=LINE('',#1923,#1924);
#1549=VERTEX_POINT('',#1925);
#1550=VERTEX_POINT('',#1926);
#1551=LINE('',#1927,#1928);
#1552=VERTEX_POINT('',#1929);
#1553=LINE('',#1930,#1931);
#1554=VERTEX_POINT('',#1932);
#1555=LINE('',#1933,#1934);
#1556=LINE('',#1935,#1936);
#1557=FILL_AREA_STYLE_COLOUR('',#1937);
#1558=VERTEX_POINT('',#1938);
#1559=LINE('',#1939,#1940);
#1560=LINE('',#1941,#1942);
#1561=LINE('',#1943,#1944);
#1562=VERTEX_POINT('',#1945);
#1563=LINE('',#1946,#1947);
#1564=LINE('',#1948,#1949);
#1565=VERTEX_POINT('',#1950);
#1566=VERTEX_POINT('',#1951);
#1567=LINE('',#1952,#1953);
#1568=VERTEX_POINT('',#1954);
#1569=LINE('',#1955,#1956);
#1570=VERTEX_POINT('',#1957);
#1571=LINE('',#1958,#1959);
#1572=LINE('',#1960,#1961);
#1573=FILL_AREA_STYLE_COLOUR('',#1962);
#1574=VERTEX_POINT('',#1963);
#1575=LINE('',#1964,#1965);
#1576=VERTEX_POINT('',#1966);
#1577=CIRCLE('',#1967,4.99999999999972);
#1578=LINE('',#1968,#1969);
#1579=FILL_AREA_STYLE_COLOUR('',#1970);
#1580=VERTEX_POINT('',#1971);
#1581=LINE('',#1972,#1973);
#1582=VERTEX_POINT('',#1974);
#1583=CIRCLE('',#1975,4.99999999999972);
#1584=LINE('',#1976,#1977);
#1585=FILL_AREA_STYLE_COLOUR('',#1978);
#1586=VERTEX_POINT('',#1979);
#1587=CIRCLE('',#1980,1.65);
#1588=LINE('',#1981,#1982);
#1589=FILL_AREA_STYLE_COLOUR('',#1983);
#1590=LINE('',#1984,#1985);
#1591=FILL_AREA_STYLE_COLOUR('',#1986);
#1592=FILL_AREA_STYLE_COLOUR('',#1987);
#1593=FILL_AREA_STYLE_COLOUR('',#1988);
#1594=LINE('',#1989,#1990);
#1595=LINE('',#1991,#1992);
#1596=FILL_AREA_STYLE_COLOUR('',#1993);
#1597=LINE('',#1994,#1995);
#1598=LINE('',#1996,#1997);
#1599=FILL_AREA_STYLE_COLOUR('',#1998);
#1600=FILL_AREA_STYLE_COLOUR('',#1999);
#1601=FILL_AREA_STYLE_COLOUR('',#2000);
#1602=VERTEX_POINT('',#2001);
#1603=CIRCLE('',#2002,12.5);
#1604=VERTEX_POINT('',#2003);
#1605=LINE('',#2004,#2005);
#1606=CIRCLE('',#2006,12.5);
#1607=FILL_AREA_STYLE_COLOUR('',#2007);
#1608=LINE('',#2008,#2009);
#1609=LINE('',#2010,#2011);
#1610=FILL_AREA_STYLE_COLOUR('',#2012);
#1611=LINE('',#2013,#2014);
#1612=LINE('',#2015,#2016);
#1613=FILL_AREA_STYLE_COLOUR('',#2017);
#1614=FILL_AREA_STYLE_COLOUR('',#2018);
#1615=FILL_AREA_STYLE_COLOUR('',#2019);
#1616=FILL_AREA_STYLE_COLOUR('',#2020);
#1617=LINE('',#2021,#2022);
#1618=LINE('',#2023,#2024);
#1619=FILL_AREA_STYLE_COLOUR('',#2025);
#1620=LINE('',#2026,#2027);
#1621=LINE('',#2028,#2029);
#1622=FILL_AREA_STYLE_COLOUR('',#2030);
#1623=FILL_AREA_STYLE_COLOUR('',#2031);
#1624=FILL_AREA_STYLE_COLOUR('',#2032);
#1625=LINE('',#2033,#2034);
#1626=LINE('',#2035,#2036);
#1627=FILL_AREA_STYLE_COLOUR('',#2037);
#1628=LINE('',#2038,#2039);
#1629=LINE('',#2040,#2041);
#1630=FILL_AREA_STYLE_COLOUR('',#2042);
#1631=FILL_AREA_STYLE_COLOUR('',#2043);
#1632=FILL_AREA_STYLE_COLOUR('',#2044);
#1633=LINE('',#2045,#2046);
#1634=LINE('',#2047,#2048);
#1635=FILL_AREA_STYLE_COLOUR('',#2049);
#1636=LINE('',#2050,#2051);
#1637=LINE('',#2052,#2053);
#1638=FILL_AREA_STYLE_COLOUR('',#2054);
#1639=FILL_AREA_STYLE_COLOUR('',#2055);
#1640=COLOUR_RGB('',0.901960790157318,0.82745099067688,0.776470601558685);
#1641=CARTESIAN_POINT('',(22.8125125359072,-12.9356636240794,-26.8774440893086));
#1642=AXIS2_PLACEMENT_3D('',#2056,#2057,#2058);
#1643=CARTESIAN_POINT('',(22.7972376942556,-11.5319184666653,-23.4428041982195));
#1644=AXIS2_PLACEMENT_3D('',#2059,#2060,#2061);
#1645=COLOUR_RGB('',0.901960790157318,0.82745099067688,0.776470601558685);
#1646=CARTESIAN_POINT('',(31.1806762704957,-1.03196598355795,-12.5000000000001));
#1647=AXIS2_PLACEMENT_3D('',#2062,#2063,#2064);
#1648=CARTESIAN_POINT('',(36.6961091637506,-2.58760090216817,-15.3));
#1649=AXIS2_PLACEMENT_3D('',#2065,#2066,#2067);
#1650=COLOUR_RGB('',0.901960790157318,0.82745099067688,0.776470601558685);
#1651=CARTESIAN_POINT('',(24.1052105260259,-8.10743172802779,-23.2456941566257));
#1652=CARTESIAN_POINT('',(23.1961715706819,-9.01647068337188,-21.7136052703878));
#1653=CARTESIAN_POINT('',(24.1052105260259,-8.10743172802779,-23.2456941566257));
#1654=VECTOR('',#2068,1.0);
#1655=CARTESIAN_POINT('',(26.7317054766146,-12.5520045893046,-21.7136052703878));
#1656=CARTESIAN_POINT('',(26.7317054766146,-12.5520045893046,-21.7136052703878));
#1657=VECTOR('',#2069,1.0);
#1658=CARTESIAN_POINT('',(27.6407444319587,-11.6429656339605,-23.2456941566257));
#1659=CARTESIAN_POINT('',(27.6407444319587,-11.6429656339605,-23.2456941566257));
#1660=VECTOR('',#2070,1.0);
#1661=CARTESIAN_POINT('',(27.6407444319587,-11.6429656339605,-23.2456941566257));
#1662=VECTOR('',#2071,1.0);
#1663=COLOUR_RGB('',0.901960790157318,0.82745099067688,0.776470601558685);
#1664=CARTESIAN_POINT('',(18.8627698073243,-13.3498724467295,-26.8559061478801));
#1665=CARTESIAN_POINT('',(23.1961715706819,-9.01647068337188,-21.7136052703878));
#1666=VECTOR('',#2072,1.0);
#1667=CARTESIAN_POINT('',(22.398303713257,-16.8854063526622,-26.8559061478801));
#1668=CARTESIAN_POINT('',(22.398303713257,-16.8854063526622,-26.8559061478801));
#1669=VECTOR('',#2073,1.0);
#1670=CARTESIAN_POINT('',(26.7317054766146,-12.5520045893046,-21.7136052703878));
#1671=VECTOR('',#2074,1.0);
#1672=COLOUR_RGB('',0.901960790157318,0.82745099067688,0.776470601558685);
#1673=CARTESIAN_POINT('',(15.9712201500435,-16.2414221040103,-22.4767909259684));
#1674=AXIS2_PLACEMENT_3D('',#2075,#2076,#2077);
#1675=CARTESIAN_POINT('',(19.5067540559763,-19.776956009943,-22.4767909259684));
#1676=CARTESIAN_POINT('',(19.5067540559763,-19.776956009943,-22.4767909259684));
#1677=VECTOR('',#2078,1.0);
#1678=AXIS2_PLACEMENT_3D('',#2079,#2080,#2081);
#1679=COLOUR_RGB('',0.901960790157318,0.82745099067688,0.776470601558685);
#1680=CARTESIAN_POINT('',(24.3979520069743,-7.81469024707941,-10.1018893664618));
#1681=CARTESIAN_POINT('',(15.9712201500435,-16.2414221040103,-22.4767909259684));
#1682=VECTOR('',#2082,1.0);
#1683=CARTESIAN_POINT('',(27.933485912907,-11.3502241530121,-10.1018893664618));
#1684=CARTESIAN_POINT('',(27.933485912907,-11.3502241530121,-10.1018893664618));
#1685=VECTOR('',#2083,1.0);
#1686=CARTESIAN_POINT('',(19.5067540559763,-19.776956009943,-22.4767909259684));
#1687=VECTOR('',#2084,1.0);
#1688=COLOUR_RGB('',0.901960790157318,0.82745099067688,0.776470601558685);
#1689=CARTESIAN_POINT('',(26.7059705890115,-5.50667166504225,-3.82924236141344));
#1690=AXIS2_PLACEMENT_3D('',#2085,#2086,#2087);
#1691=CARTESIAN_POINT('',(30.2415044949442,-9.04220557097497,-3.82924236141344));
#1692=CARTESIAN_POINT('',(30.2415044949442,-9.04220557097497,-3.82924236141344));
#1693=VECTOR('',#2088,1.0);
#1694=AXIS2_PLACEMENT_3D('',#2089,#2090,#2091);
#1695=COLOUR_RGB('',0.901960790157318,0.82745099067688,0.776470601558685);
#1696=CARTESIAN_POINT('',(14.9525592665737,-17.2600829874802,-21.0894697630888));
#1697=CARTESIAN_POINT('',(26.7059705890115,-5.50667166504225,-3.82924236141345));
#1698=VECTOR('',#2092,1.0);
#1699=CARTESIAN_POINT('',(18.4880931725064,-20.7956168934129,-21.0894697630888));
#1700=CARTESIAN_POINT('',(18.4880931725064,-20.7956168934129,-21.0894697630888));
#1701=VECTOR('',#2093,1.0);
#1702=CARTESIAN_POINT('',(30.2415044949442,-9.04220557097497,-3.82924236141345));
#1703=VECTOR('',#2094,1.0);
#1704=COLOUR_RGB('',0.901960790157318,0.82745099067688,0.776470601558685);
#1705=CARTESIAN_POINT('',(19.7718088672404,-12.4408333868133,-28.3879949100261));
#1706=AXIS2_PLACEMENT_3D('',#2095,#2096,#2097);
#1707=CARTESIAN_POINT('',(23.3073427731732,-15.9763672927461,-28.3879949100261));
#1708=CARTESIAN_POINT('',(23.3073427731732,-15.9763672927461,-28.3879949100261));
#1709=VECTOR('',#2098,1.0);
#1710=AXIS2_PLACEMENT_3D('',#2099,#2100,#2101);
#1711=COLOUR_RGB('',0.901960790157318,0.82745099067688,0.776470601558685);
#1712=CARTESIAN_POINT('',(19.7718088672404,-12.4408333868133,-28.3879949100261));
#1713=VECTOR('',#2102,1.0);
#1714=CARTESIAN_POINT('',(23.3073427731732,-15.9763672927461,-28.3879949100261));
#1715=VECTOR('',#2103,1.0);
#1716=COLOUR_RGB('',0.901960790157318,0.82745099067688,0.776470601558685);
#1717=COLOUR_RGB('',0.901960790157318,0.82745099067688,0.776470601558685);
#1718=COLOUR_RGB('',0.901960790157318,0.82745099067688,0.776470601558685);
#1719=CARTESIAN_POINT('',(40.8597622117316,2.63671231759285,-10.6879375316585));
#1720=CARTESIAN_POINT('',(44.6154634520448,6.3924135579061,-9.26476193621898));
#1721=CARTESIAN_POINT('',(36.0778046783922,-2.14524521574679,-12.5000000000005));
#1722=VECTOR('',#2104,1.0);
#1723=CARTESIAN_POINT('',(46.3832304050112,4.62464660493976,-9.26476193621898));
#1724=CARTESIAN_POINT('',(44.6154634520448,6.3924135579061,-9.26476193621898));
#1725=VECTOR('',#2105,1.0);
#1726=CARTESIAN_POINT('',(42.6275291646981,0.868945364626478,-10.6879375316585));
#1727=CARTESIAN_POINT('',(46.3832304050112,4.62464660493976,-9.26476193621898));
#1728=VECTOR('',#2106,1.0);
#1729=CARTESIAN_POINT('',(45.6327329847644,-2.13625845543993,-10.6879375316586));
#1730=VECTOR('',#2107,1.0);
#1731=COLOUR_RGB('',0.901960790157318,0.82745099067688,0.776470601558685);
#1732=CARTESIAN_POINT('',(39.486037026996,1.26298713285719,-15.2828100596429));
#1733=CARTESIAN_POINT('',(41.2538039799624,-0.504779820109131,-15.2828100596429));
#1734=CARTESIAN_POINT('',(44.2590078000287,-3.50998364017533,-15.2828100596429));
#1735=VECTOR('',#2108,1.0);
#1736=CARTESIAN_POINT('',(45.5002270775558,3.74164327748472,-18.7500000000006));
#1737=CARTESIAN_POINT('',(45.5002270775558,3.7416432774845,-18.7500000000005));
#1738=VECTOR('',#2109,1.0);
#1739=CARTESIAN_POINT('',(43.7324601245895,5.50941023045083,-18.7500000000005));
#1740=CARTESIAN_POINT('',(43.7324601245895,5.50941023045083,-18.7500000000005));
#1741=VECTOR('',#2110,1.0);
#1742=CARTESIAN_POINT('',(36.0778046783922,-2.14524521574679,-12.5000000000005));
#1743=VECTOR('',#2111,1.0);
#1744=COLOUR_RGB('',0.901960790157318,0.82745099067688,0.776470601558685);
#1745=CARTESIAN_POINT('',(43.659791468461,1.90120766838945,-12.4277063215221));
#1746=CARTESIAN_POINT('',(43.6597914684611,1.90120766838953,-12.427706321522));
#1747=VECTOR('',#2112,1.0);
#1748=AXIS2_PLACEMENT_3D('',#2113,#2114,#2115);
#1749=CARTESIAN_POINT('',(36.8888512132148,-4.86973258685698,-20.4625514426038));
#1750=VECTOR('',#2116,1.0);
#1751=COLOUR_RGB('',0.901960790157318,0.82745099067688,0.776470601558685);
#1752=CARTESIAN_POINT('',(38.3654634520449,0.142413557906137,-0.425927171386842));
#1753=CARTESIAN_POINT('',(40.1332304050112,-1.6253533950602,-0.425927171386842));
#1754=CARTESIAN_POINT('',(38.3654634520449,0.142413557906137,-0.425927171386842));
#1755=VECTOR('',#2117,1.0);
#1756=CARTESIAN_POINT('',(43.7324601245895,5.50941023045087,-6.25000000000019));
#1757=AXIS2_PLACEMENT_3D('',#2118,#2119,#2120);
#1758=CARTESIAN_POINT('',(45.5002270775559,3.74164327748445,-6.25000000000018));
#1759=CARTESIAN_POINT('',(43.7324601245895,5.50941023045087,-6.25000000000019));
#1760=VECTOR('',#2121,1.0);
#1761=AXIS2_PLACEMENT_3D('',#2122,#2123,#2124);
#1762=CARTESIAN_POINT('',(29.3079128577053,-12.4506709423661,-15.7352380637816));
#1763=CARTESIAN_POINT('',(29.1709227799835,-12.587661020088,-10.1018893664614));
#1764=AXIS2_PLACEMENT_3D('',#2125,#2126,#2127);
#1765=CARTESIAN_POINT('',(27.540145904739,-10.6829039894005,-15.7352380637817));
#1766=CARTESIAN_POINT('',(27.540145904739,-10.6829039893997,-15.7352380637816));
#1767=VECTOR('',#2128,1.0);
#1768=CARTESIAN_POINT('',(27.4031558270171,-10.8198940671215,-10.1018893664613));
#1769=AXIS2_PLACEMENT_3D('',#2129,#2130,#2131);
#1770=CARTESIAN_POINT('',(26.5192723505339,-9.93601059063904,-10.1018893664618));
#1771=CARTESIAN_POINT('',(30.0548062564668,-13.4715444965718,-10.1018893664618));
#1772=VECTOR('',#2132,1.0);
#1773=CARTESIAN_POINT('',(28.8272909325711,-7.62799200860188,-3.82924236141344));
#1774=AXIS2_PLACEMENT_3D('',#2133,#2134,#2135);
#1775=CARTESIAN_POINT('',(32.3628248385039,-11.1635259145346,-3.82924236141344));
#1776=CARTESIAN_POINT('',(32.3628248385039,-11.1635259145346,-3.82924236141344));
#1777=VECTOR('',#2136,1.0);
#1778=CARTESIAN_POINT('',(30.0548062564668,-13.4715444965718,-10.1018893664618));
#1779=AXIS2_PLACEMENT_3D('',#2137,#2138,#2139);
#1780=CARTESIAN_POINT('',(30.0548062564668,-13.4715444965718,-10.1018893664618));
#1781=VECTOR('',#2140,1.0);
#1782=CARTESIAN_POINT('',(42.3278046783921,4.10475478425283,-21.3388347648319));
#1783=CARTESIAN_POINT('',(44.0955716313585,2.33698783128647,-21.3388347648319));
#1784=CARTESIAN_POINT('',(42.3278046783921,4.10475478425283,-21.3388347648319));
#1785=VECTOR('',#2141,1.0);
#1786=CARTESIAN_POINT('',(36.0778046783921,-2.14524521574717,-25.0));
#1787=AXIS2_PLACEMENT_3D('',#2142,#2143,#2144);
#1788=CARTESIAN_POINT('',(37.8455716313586,-3.91301216871353,-25.0000000000011));
#1789=CARTESIAN_POINT('',(36.0778046783921,-2.14524521574717,-25.0));
#1790=VECTOR('',#2145,1.0);
#1791=AXIS2_PLACEMENT_3D('',#2146,#2147,#2148);
#1792=CARTESIAN_POINT('',(33.7901459047389,-4.43290398939979,-24.5740728286138));
#1793=CARTESIAN_POINT('',(35.5579128577053,-6.20067094236619,-24.5740728286138));
#1794=CARTESIAN_POINT('',(33.7901459047389,-4.43290398939979,-24.5740728286138));
#1795=VECTOR('',#2149,1.0);
#1796=CARTESIAN_POINT('',(28.4231492321942,-9.79990066194442,-18.7500000000004));
#1797=AXIS2_PLACEMENT_3D('',#2150,#2151,#2152);
#1798=CARTESIAN_POINT('',(30.19091618516,-11.5676676149108,-18.7500000000006));
#1799=CARTESIAN_POINT('',(28.4231492321942,-9.79990066194442,-18.7500000000004));
#1800=VECTOR('',#2153,1.0);
#1801=AXIS2_PLACEMENT_3D('',#2154,#2155,#2156);
#1802=CARTESIAN_POINT('',(29.8278046783923,-8.39524521574712,-3.66116523516814));
#1803=CARTESIAN_POINT('',(31.5955716313586,-10.1630121687135,-3.66116523516814));
#1804=CARTESIAN_POINT('',(29.8278046783923,-8.39524521574712,-3.66116523516814));
#1805=VECTOR('',#2157,1.0);
#1806=CARTESIAN_POINT('',(36.0778046783922,-2.14524521574713,1.38777878078145E-014));
#1807=AXIS2_PLACEMENT_3D('',#2158,#2159,#2160);
#1808=CARTESIAN_POINT('',(37.8455716313586,-3.91301216871349,3.46944695195362E-015));
#1809=CARTESIAN_POINT('',(36.0778046783922,-2.14524521574713,1.38777878078145E-014));
#1810=VECTOR('',#2161,1.0);
#1811=AXIS2_PLACEMENT_3D('',#2162,#2163,#2164);
#1812=AXIS2_PLACEMENT_3D('',#2165,#2166,#2167);
#1813=COLOUR_RGB('',0.901960790157318,0.82745099067688,0.776470601558685);
#1814=CARTESIAN_POINT('',(41.8920245154945,3.66897462135577,-12.4277063215221));
#1815=CARTESIAN_POINT('',(41.8920245154947,3.66897462135591,-12.427706321522));
#1816=VECTOR('',#2168,1.0);
#1817=CARTESIAN_POINT('',(44.5436749449445,1.0173241919061,-12.4277063215221));
#1818=CARTESIAN_POINT('',(46.6649952885275,-1.10399615167687,-12.4277063215221));
#1819=VECTOR('',#2169,1.0);
#1820=CARTESIAN_POINT('',(39.8621243249225,-3.66422642811594,-4.53744855739656));
#1821=CARTESIAN_POINT('',(39.9303022466147,-3.59604850642362,-4.65235522393433));
#1822=VECTOR('',#2170,1.0);
#1823=CARTESIAN_POINT('',(36.3265904189896,-0.12869252218304,-4.53744855739658));
#1824=CARTESIAN_POINT('',(41.9834446685056,-5.78554677169904,-4.53744855739658));
#1825=VECTOR('',#2171,1.0);
#1826=CARTESIAN_POINT('',(41.0081410390115,4.55285809783867,-12.4277063215221));
#1827=CARTESIAN_POINT('',(41.0081410390114,4.55285809783913,-12.4277063215221));
#1828=VECTOR('',#2172,1.0);
#1829=CARTESIAN_POINT('',(46.6649952885275,-1.10399615167687,-12.4277063215221));
#1830=VECTOR('',#2173,1.0);
#1831=CARTESIAN_POINT('',(37.4954557794508,-0.727594114688055,-5.0177553414514));
#1832=CARTESIAN_POINT('',(40.0234388947179,1.80038900057913,-9.27840315277874));
#1833=CARTESIAN_POINT('',(41.8920245154947,3.66897462135591,-12.427706321522));
#1834=VECTOR('',#2174,1.0);
#1835=CARTESIAN_POINT('',(39.2632227324172,-2.49536106765441,-5.01775534145146));
#1836=CARTESIAN_POINT('',(42.2684265524838,-5.50056488772095,-5.01775534145157));
#1837=VECTOR('',#2175,1.0);
#1838=CARTESIAN_POINT('',(41.7912058476843,0.0326220476127414,-9.27840315277876));
#1839=CARTESIAN_POINT('',(43.659791468461,1.90120766838964,-12.427706321522));
#1840=VECTOR('',#2176,1.0);
#1841=CARTESIAN_POINT('',(44.7964096677507,-2.97258177245368,-9.27840315277877));
#1842=VECTOR('',#2177,1.0);
#1843=COLOUR_RGB('',0.901960790157318,0.82745099067688,0.776470601558685);
#1844=CARTESIAN_POINT('',(18.0925404936031,-18.3627424475699,-22.4767909259684));
#1845=CARTESIAN_POINT('',(18.0925404936031,-18.3627424475699,-22.4767909259684));
#1846=VECTOR('',#2178,1.0);
#1847=CARTESIAN_POINT('',(30.0548062564668,-13.4715444965718,-10.1018893664618));
#1848=VECTOR('',#2179,1.0);
#1849=CARTESIAN_POINT('',(21.628074399536,-21.8982763535026,-22.4767909259684));
#1850=CARTESIAN_POINT('',(21.628074399536,-21.8982763535026,-22.4767909259684));
#1851=VECTOR('',#2180,1.0);
#1852=CARTESIAN_POINT('',(21.628074399536,-21.8982763535026,-22.4767909259684));
#1853=VECTOR('',#2181,1.0);
#1854=COLOUR_RGB('',0.901960790157318,0.82745099067688,0.776470601558685);
#1855=CARTESIAN_POINT('',(20.9840901508839,-15.4711927902892,-26.8559061478801));
#1856=AXIS2_PLACEMENT_3D('',#2182,#2183,#2184);
#1857=CARTESIAN_POINT('',(24.5196240568166,-19.0067266962219,-26.8559061478801));
#1858=AXIS2_PLACEMENT_3D('',#2185,#2186,#2187);
#1859=CARTESIAN_POINT('',(24.5196240568166,-19.0067266962219,-26.8559061478801));
#1860=VECTOR('',#2188,1.0);
#1861=COLOUR_RGB('',0.901960790157318,0.82745099067688,0.776470601558685);
#1862=CARTESIAN_POINT('',(24.918558037815,-13.6532388102248,-23.4428041982196));
#1863=AXIS2_PLACEMENT_3D('',#2189,#2190,#2191);
#1864=CARTESIAN_POINT('',(25.3174919142415,-11.1377910269315,-21.7136052703878));
#1865=CARTESIAN_POINT('',(25.3174919142415,-11.1377910269315,-21.7136052703878));
#1866=VECTOR('',#2192,1.0);
#1867=CARTESIAN_POINT('',(28.8530258201743,-14.6733249328642,-21.7136052703878));
#1868=CARTESIAN_POINT('',(28.8530258201743,-14.6733249328642,-21.7136052703878));
#1869=VECTOR('',#2193,1.0);
#1870=CARTESIAN_POINT('',(28.8530258201743,-14.6733249328642,-21.7136052703878));
#1871=VECTOR('',#2194,1.0);
#1872=COLOUR_RGB('',0.901960790157318,0.82745099067688,0.776470601558685);
#1873=CARTESIAN_POINT('',(26.2265308695856,-10.2287520715874,-23.2456941566257));
#1874=CARTESIAN_POINT('',(26.2265308695856,-10.2287520715874,-23.2456941566257));
#1875=VECTOR('',#2195,1.0);
#1876=CARTESIAN_POINT('',(29.7620647755183,-13.7642859775201,-23.2456941566257));
#1877=CARTESIAN_POINT('',(29.7620647755183,-13.7642859775201,-23.2456941566257));
#1878=VECTOR('',#2196,1.0);
#1879=CARTESIAN_POINT('',(29.7620647755183,-13.7642859775201,-23.2456941566257));
#1880=VECTOR('',#2197,1.0);
#1881=COLOUR_RGB('',0.901960790157318,0.82745099067688,0.776470601558685);
#1882=CARTESIAN_POINT('',(31.4394980412466,-6.78355185289221,-14.2576277738215));
#1883=CARTESIAN_POINT('',(30.4395336402262,-7.78351625391257,-12.5722936784783));
#1884=CARTESIAN_POINT('',(30.4395336402265,-7.78351625391234,-12.5722936784783));
#1885=VECTOR('',#2198,1.0);
#1886=CARTESIAN_POINT('',(33.2072649942129,-8.55131880585862,-14.2576277738215));
#1887=CARTESIAN_POINT('',(36.2124688142794,-11.5565226259252,-14.2576277738215));
#1888=VECTOR('',#2199,1.0);
#1889=CARTESIAN_POINT('',(32.2073005931926,-9.55128320687891,-12.5722936784783));
#1890=CARTESIAN_POINT('',(32.2073005931928,-9.55128320687876,-12.5722936784783));
#1891=VECTOR('',#2200,1.0);
#1892=CARTESIAN_POINT('',(33.0911840696762,-10.4351666833623,-12.5722936784782));
#1893=CARTESIAN_POINT('',(35.2125044132592,-12.5564870269453,-12.5722936784783));
#1894=VECTOR('',#2201,1.0);
#1895=CARTESIAN_POINT('',(37.7727346896981,-5.75361606334029,-20.4625514426038));
#1896=CARTESIAN_POINT('',(33.1593619913685,-10.3669887616699,-12.687200345016));
#1897=VECTOR('',#2202,1.0);
#1898=CARTESIAN_POINT('',(34.237200783765,-2.21808215740709,-20.4625514426038));
#1899=CARTESIAN_POINT('',(39.8940550332811,-7.8749364069231,-20.4625514426038));
#1900=VECTOR('',#2203,1.0);
#1901=CARTESIAN_POINT('',(29.5556501637431,-6.89963277742927,-12.5722936784783));
#1902=CARTESIAN_POINT('',(29.5556501637431,-6.89963277742927,-12.5722936784783));
#1903=VECTOR('',#2204,1.0);
#1904=CARTESIAN_POINT('',(35.2125044132592,-12.5564870269453,-12.5722936784783));
#1905=VECTOR('',#2205,1.0);
#1906=CARTESIAN_POINT('',(34.702740080818,-3.52030981332083,-19.7574766334773));
#1907=CARTESIAN_POINT('',(32.2506980498329,-5.97235184430595,-15.6248194770646));
#1908=CARTESIAN_POINT('',(30.4395336402265,-7.78351625391235,-12.5722936784783));
#1909=VECTOR('',#2206,1.0);
#1910=CARTESIAN_POINT('',(36.4705070337844,-5.28807676628723,-19.7574766334773));
#1911=CARTESIAN_POINT('',(39.4757108538508,-8.29328058635381,-19.7574766334773));
#1912=VECTOR('',#2207,1.0);
#1913=CARTESIAN_POINT('',(34.0184650027992,-7.74011879727233,-15.6248194770646));
#1914=CARTESIAN_POINT('',(32.2073005931927,-9.55128320687867,-12.5722936784783));
#1915=VECTOR('',#2208,1.0);
#1916=CARTESIAN_POINT('',(37.0236688228657,-10.7453226173388,-15.6248194770646));
#1917=VECTOR('',#2209,1.0);
#1918=COLOUR_RGB('',0.901960790157318,0.82745099067688,0.776470601558685);
#1919=CARTESIAN_POINT('',(35.1210842602484,-3.10196563389064,-20.4625514426038));
#1920=VECTOR('',#2210,1.0);
#1921=CARTESIAN_POINT('',(34.237200783765,-2.21808215740709,-20.4625514426038));
#1922=VECTOR('',#2211,1.0);
#1923=CARTESIAN_POINT('',(27.7694383221302,-15.7569124309083,-32.3331239161108));
#1924=VECTOR('',#2212,1.0);
#1925=CARTESIAN_POINT('',(38.7027795784836,0.479729684344262,-16.2122751045982));
#1926=CARTESIAN_POINT('',(36.0778046783921,-2.14524521574717,-19.3272437756952));
#1927=CARTESIAN_POINT('',(35.1210842602486,-3.10196563389075,-20.4625514426037));
#1928=VECTOR('',#2213,1.0);
#1929=CARTESIAN_POINT('',(40.47054653145,-1.28803726862207,-16.2122751045983));
#1930=CARTESIAN_POINT('',(43.4757503515161,-4.29324108868807,-16.2122751045983));
#1931=VECTOR('',#2214,1.0);
#1932=CARTESIAN_POINT('',(37.8455716313586,-3.91301216871353,-19.3272437756952));
#1933=CARTESIAN_POINT('',(36.888851213215,-4.86973258685709,-20.4625514426037));
#1934=VECTOR('',#2215,1.0);
#1935=CARTESIAN_POINT('',(40.8507754514246,-6.91821598877961,-19.3272437756954));
#1936=VECTOR('',#2216,1.0);
#1937=COLOUR_RGB('',0.901960790157318,0.82745099067688,0.776470601558685);
#1938=CARTESIAN_POINT('',(32.7738037411887,-5.44924615295008,-9.80229453139183));
#1939=CARTESIAN_POINT('',(37.2104738954727,-1.01257599866624,-4.53744855739641));
#1940=VECTOR('',#2217,1.0);
#1941=CARTESIAN_POINT('',(36.3265904189896,-0.12869252218304,-4.53744855739658));
#1942=VECTOR('',#2218,1.0);
#1943=CARTESIAN_POINT('',(23.0878877021083,-20.4384630509304,-24.4428661519853));
#1944=VECTOR('',#2219,1.0);
#1945=CARTESIAN_POINT('',(34.5415706941551,-7.21701310591641,-9.80229453139186));
#1946=CARTESIAN_POINT('',(38.9782408484392,-2.78034295163264,-4.53744855739647));
#1947=VECTOR('',#2220,1.0);
#1948=CARTESIAN_POINT('',(37.5467745142218,-10.2222169259829,-9.8022945313919));
#1949=VECTOR('',#2221,1.0);
#1950=CARTESIAN_POINT('',(33.5331074151354,-4.68994247900396,-8.90125461816847));
#1951=CARTESIAN_POINT('',(36.0778046783922,-2.14524521574713,-5.88154869557274));
#1952=CARTESIAN_POINT('',(37.2104738954729,-1.01257599866648,-4.53744855739647));
#1953=VECTOR('',#2222,1.0);
#1954=CARTESIAN_POINT('',(35.3008743681019,-6.4577094319703,-8.90125461816851));
#1955=CARTESIAN_POINT('',(38.3060781881682,-9.46291325203653,-8.90125461816857));
#1956=VECTOR('',#2223,1.0);
#1957=CARTESIAN_POINT('',(37.8455716313587,-3.91301216871349,-5.88154869557278));
#1958=CARTESIAN_POINT('',(38.9782408484393,-2.78034295163283,-4.53744855739651));
#1959=VECTOR('',#2224,1.0);
#1960=CARTESIAN_POINT('',(40.8507754514248,-6.91821598877973,-5.88154869557293));
#1961=VECTOR('',#2225,1.0);
#1962=COLOUR_RGB('',0.901960790157318,0.82745099067688,0.776470601558685);
#1963=CARTESIAN_POINT('',(20.6094135160661,-22.9169372369725,-21.0894697630888));
#1964=CARTESIAN_POINT('',(32.3628248385039,-11.1635259145346,-3.82924236141345));
#1965=VECTOR('',#2226,1.0);
#1966=CARTESIAN_POINT('',(25.4286631167328,-18.0976876363057,-28.3879949100261));
#1967=AXIS2_PLACEMENT_3D('',#2227,#2228,#2229);
#1968=CARTESIAN_POINT('',(25.4286631167328,-18.0976876363057,-28.3879949100261));
#1969=VECTOR('',#2230,1.0);
#1970=COLOUR_RGB('',0.901960790157318,0.82745099067688,0.776470601558685);
#1971=CARTESIAN_POINT('',(21.8931292108,-14.562153730373,-28.3879949100261));
#1972=CARTESIAN_POINT('',(21.8931292108,-14.562153730373,-28.3879949100261));
#1973=VECTOR('',#2231,1.0);
#1974=CARTESIAN_POINT('',(17.0738796101333,-19.3814033310398,-21.0894697630888));
#1975=AXIS2_PLACEMENT_3D('',#2232,#2233,#2234);
#1976=CARTESIAN_POINT('',(28.8272909325711,-7.62799200860189,-3.82924236141345));
#1977=VECTOR('',#2235,1.0);
#1978=COLOUR_RGB('',0.901960790157318,0.82745099067688,0.776470601558685);
#1979=CARTESIAN_POINT('',(24.9338328794666,-15.0569839676389,-26.8774440893087));
#1980=AXIS2_PLACEMENT_3D('',#2236,#2237,#2238);
#1981=CARTESIAN_POINT('',(25.4286631167328,-18.0976876363057,-28.3879949100261));
#1982=VECTOR('',#2239,1.0);
#1983=COLOUR_RGB('',0.901960790157318,0.82745099067688,0.776470601558685);
#1984=CARTESIAN_POINT('',(20.6094135160661,-22.9169372369725,-21.0894697630888));
#1985=VECTOR('',#2240,1.0);
#1986=COLOUR_RGB('',0.901960790157318,0.82745099067688,0.776470601558685);
#1987=COLOUR_RGB('',0.901960790157318,0.82745099067688,0.776470601558685);
#1988=COLOUR_RGB('',0.901960790157318,0.82745099067688,0.776470601558685);
#1989=CARTESIAN_POINT('',(36.0778046783922,-2.14524521574713,-12.5));
#1990=VECTOR('',#2241,1.0);
#1991=CARTESIAN_POINT('',(36.0778046783922,-2.14524521574713,-12.5));
#1992=VECTOR('',#2242,1.0);
#1993=COLOUR_RGB('',0.901960790157318,0.82745099067688,0.776470601558685);
#1994=CARTESIAN_POINT('',(31.5955716313586,-10.1630121687135,-3.66116523516814));
#1995=VECTOR('',#2243,1.0);
#1996=CARTESIAN_POINT('',(37.8455716313587,-3.91301216871349,1.38777878078145E-014));
#1997=VECTOR('',#2244,1.0);
#1998=COLOUR_RGB('',0.901960790157318,0.82745099067688,0.776470601558685);
#1999=COLOUR_RGB('',0.901960790157318,0.82745099067688,0.776470601558685);
#2000=COLOUR_RGB('',0.901960790157318,0.82745099067688,0.776470601558685);
#2001=CARTESIAN_POINT('',(28.4231492321942,-9.79990066194437,-6.2500000000001));
#2002=AXIS2_PLACEMENT_3D('',#2245,#2246,#2247);
#2003=CARTESIAN_POINT('',(30.1909161851606,-11.5676676149108,-6.2500000000001));
#2004=CARTESIAN_POINT('',(28.4231492321942,-9.79990066194437,-6.2500000000001));
#2005=VECTOR('',#2248,1.0);
#2006=AXIS2_PLACEMENT_3D('',#2249,#2250,#2251);
#2007=COLOUR_RGB('',0.901960790157318,0.82745099067688,0.776470601558685);
#2008=CARTESIAN_POINT('',(36.0778046783922,-2.14524521574676,-12.5000000000002));
#2009=VECTOR('',#2252,1.0);
#2010=CARTESIAN_POINT('',(36.0778046783922,-2.14524521574676,-12.5000000000002));
#2011=VECTOR('',#2253,1.0);
#2012=COLOUR_RGB('',0.901960790157318,0.82745099067688,0.776470601558685);
#2013=CARTESIAN_POINT('',(40.1332304050112,-1.6253533950602,-0.425927171386842));
#2014=VECTOR('',#2254,1.0);
#2015=CARTESIAN_POINT('',(45.5002270775559,3.74164327748454,-6.25000000000019));
#2016=VECTOR('',#2255,1.0);
#2017=COLOUR_RGB('',0.901960790157318,0.82745099067688,0.776470601558685);
#2018=COLOUR_RGB('',0.901960790157318,0.82745099067688,0.776470601558685);
#2019=COLOUR_RGB('',0.901960790157318,0.82745099067688,0.776470601558685);
#2020=COLOUR_RGB('',0.901960790157318,0.82745099067688,0.776470601558685);
#2021=CARTESIAN_POINT('',(30.1909161851606,-11.5676676149108,-6.2500000000001));
#2022=VECTOR('',#2256,1.0);
#2023=CARTESIAN_POINT('',(36.0778046783919,-2.14524521574713,-12.5));
#2024=VECTOR('',#2257,1.0);
#2025=COLOUR_RGB('',0.901960790157318,0.82745099067688,0.776470601558685);
#2026=CARTESIAN_POINT('',(36.0778046783919,-2.14524521574713,-12.5));
#2027=VECTOR('',#2258,1.0);
#2028=CARTESIAN_POINT('',(29.3079128577053,-12.4506709423661,-15.7352380637816));
#2029=VECTOR('',#2259,1.0);
#2030=COLOUR_RGB('',0.901960790157318,0.82745099067688,0.776470601558685);
#2031=COLOUR_RGB('',0.901960790157318,0.82745099067688,0.776470601558685);
#2032=COLOUR_RGB('',0.901960790157318,0.82745099067688,0.776470601558685);
#2033=CARTESIAN_POINT('',(30.1909161851606,-11.5676676149108,-18.7500000000004));
#2034=VECTOR('',#2260,1.0);
#2035=CARTESIAN_POINT('',(36.0778046783918,-2.14524521574717,-12.5000000000004));
#2036=VECTOR('',#2261,1.0);
#2037=COLOUR_RGB('',0.901960790157318,0.82745099067688,0.776470601558685);
#2038=CARTESIAN_POINT('',(36.0778046783918,-2.14524521574717,-12.5000000000004));
#2039=VECTOR('',#2262,1.0);
#2040=CARTESIAN_POINT('',(35.5579128577053,-6.20067094236619,-24.5740728286138));
#2041=VECTOR('',#2263,1.0);
#2042=COLOUR_RGB('',0.901960790157318,0.82745099067688,0.776470601558685);
#2043=COLOUR_RGB('',0.901960790157318,0.82745099067688,0.776470601558685);
#2044=COLOUR_RGB('',0.901960790157318,0.82745099067688,0.776470601558685);
#2045=CARTESIAN_POINT('',(37.8455716313586,-3.91301216871353,-25.0));
#2046=VECTOR('',#2264,1.0);
#2047=CARTESIAN_POINT('',(36.0778046783921,-2.14524521574717,-12.5));
#2048=VECTOR('',#2265,1.0);
#2049=COLOUR_RGB('',0.901960790157318,0.82745099067688,0.776470601558685);
#2050=CARTESIAN_POINT('',(36.0778046783921,-2.14524521574717,-12.5));
#2051=VECTOR('',#2266,1.0);
#2052=CARTESIAN_POINT('',(44.0955716313585,2.33698783128647,-21.3388347648319));
#2053=VECTOR('',#2267,1.0);
#2054=COLOUR_RGB('',0.901960790157318,0.82745099067688,0.776470601558685);
#2055=COLOUR_RGB('',0.901960790157318,0.82745099067688,0.776470601558685);
#2056=CARTESIAN_POINT('',(23.7062766495997,-12.0418995103869,-25.8168445333258));
#2057=DIRECTION('',(-0.454519477672036,-0.454519477672069,0.766044443118967));
#2058=DIRECTION('',(-0.541675220419713,-0.541675220419676,-0.642787609686552));
#2059=CARTESIAN_POINT('',(22.7972376942556,-12.9509384657311,-24.2847556470878));
#2060=DIRECTION('',(0.454519477672037,0.454519477672042,-0.766044443118983));
#2061=DIRECTION('',(-1.26154497313024E-016,0.860012120645908,0.510273605374733));
#2062=CARTESIAN_POINT('',(33.1605752578181,0.947933003764388,-12.5000000000001));
#2063=DIRECTION('',(-0.707106781186551,0.707106781186544,0.0));
#2064=DIRECTION('',(-0.707106781186544,-0.707106781186551,0.0));
#2065=CARTESIAN_POINT('',(36.6961091637506,-2.58760090216817,-12.5000000000001));
#2066=DIRECTION('',(-0.707106781186554,0.707106781186541,0.0));
#2067=DIRECTION('',(0.0,0.0,-1.0));
#2068=DIRECTION('',(-0.454519477672037,-0.454519477672042,0.766044443118983));
#2069=DIRECTION('',(-0.707106781186551,0.707106781186544,0.0));
#2070=DIRECTION('',(-0.454519477672037,-0.454519477672042,0.766044443118983));
#2071=DIRECTION('',(-0.707106781186551,0.707106781186544,0.0));
#2072=DIRECTION('',(-0.541675220419703,-0.541675220419708,-0.642787609686533));
#2073=DIRECTION('',(-0.707106781186551,0.707106781186544,0.0));
#2074=DIRECTION('',(-0.541675220419703,-0.541675220419708,-0.642787609686533));
#2075=CARTESIAN_POINT('',(17.4992113743082,-14.7134308797457,-24.5577728185231));
#2076=DIRECTION('',(-0.707106781186551,0.707106781186544,0.0));
#2077=DIRECTION('',(0.0,0.0,1.0));
#2078=DIRECTION('',(-0.707106781186551,0.707106781186544,0.0));
#2079=CARTESIAN_POINT('',(21.0347452802409,-18.2489647856784,-24.5577728185231));
#2080=DIRECTION('',(-0.707106781186551,0.707106781186544,0.0));
#2081=DIRECTION('',(0.0,0.0,1.0));
#2082=DIRECTION('',(0.490492121941583,0.490492121941588,0.720301989880968));
#2083=DIRECTION('',(-0.707106781186551,0.707106781186544,0.0));
#2084=DIRECTION('',(0.490492121941583,0.490492121941588,0.720301989880968));
#2085=CARTESIAN_POINT('',(33.0726008583492,0.859958604295597,-12.5000000000005));
#2086=DIRECTION('',(0.707106781186551,-0.707106781186544,0.0));
#2087=DIRECTION('',(0.0,0.0,-1.0));
#2088=DIRECTION('',(-0.707106781186551,0.707106781186544,0.0));
#2089=CARTESIAN_POINT('',(36.608134764282,-2.67557530163712,-12.5000000000005));
#2090=DIRECTION('',(0.707106781186551,-0.707106781186544,0.0));
#2091=DIRECTION('',(0.0,0.0,-1.0));
#2092=DIRECTION('',(-0.490492121941567,-0.490492121941572,-0.72030198988099));
#2093=DIRECTION('',(-0.707106781186551,0.707106781186544,0.0));
#2094=DIRECTION('',(-0.490492121941567,-0.490492121941572,-0.72030198988099));
#2095=CARTESIAN_POINT('',(17.4992113743085,-14.7134308797453,-24.5577728185233));
#2096=DIRECTION('',(0.707106781186551,-0.707106781186544,0.0));
#2097=DIRECTION('',(0.0,0.0,-1.0));
#2098=DIRECTION('',(-0.707106781186551,0.707106781186544,0.0));
#2099=CARTESIAN_POINT('',(21.0347452802413,-18.248964785678,-24.5577728185233));
#2100=DIRECTION('',(0.707106781186551,-0.707106781186544,0.0));
#2101=DIRECTION('',(0.0,0.0,-1.0));
#2102=DIRECTION('',(0.541675220419692,0.541675220419697,0.642787609686552));
#2103=DIRECTION('',(0.541675220419692,0.541675220419697,0.642787609686552));
#2104=DIRECTION('',(0.683012701892208,0.683012701892231,0.258819045102521));
#2105=DIRECTION('',(0.707106781186561,-0.707106781186534,-6.11713663268812E-018));
#2106=DIRECTION('',(-0.683012701892208,-0.683012701892231,-0.258819045102521));
#2107=DIRECTION('',(0.707106781186548,-0.707106781186548,-1.38882419887092E-014));
#2108=DIRECTION('',(0.707106781186563,-0.707106781186532,-1.04030388539881E-014));
#2109=DIRECTION('',(-0.61237243569578,-0.61237243569581,0.5));
#2110=DIRECTION('',(0.707106781186561,-0.707106781186534,0.0));
#2111=DIRECTION('',(0.61237243569578,0.61237243569581,-0.5));
#2112=DIRECTION('',(-0.454519477672032,-0.454519477672049,0.766044443118982));
#2113=CARTESIAN_POINT('',(37.8455716313586,-3.91301216871312,-12.5000000000005));
#2114=DIRECTION('',(-0.707106781186561,0.707106781186534,-8.67361737988404E-017));
#2115=DIRECTION('',(0.353553390593267,0.35355339059328,0.866025403784439));
#2116=DIRECTION('',(0.541675220419694,0.541675220419715,0.642787609686535));
#2117=DIRECTION('',(0.707106781186561,-0.707106781186534,3.71806661790865E-017));
#2118=CARTESIAN_POINT('',(36.0778046783922,-2.14524521574676,-12.5000000000002));
#2119=DIRECTION('',(-0.707106781186561,0.707106781186534,-4.33680868994202E-017));
#2120=DIRECTION('',(-0.353553390593268,-0.353553390593281,0.866025403784438));
#2121=DIRECTION('',(0.707106781186561,-0.707106781186534,0.0));
#2122=CARTESIAN_POINT('',(37.8455716313587,-3.91301216871309,-12.5000000000002));
#2123=DIRECTION('',(-0.707106781186561,0.707106781186534,-4.33680868994202E-017));
#2124=DIRECTION('',(-0.353553390593268,-0.353553390593281,0.866025403784438));
#2125=CARTESIAN_POINT('',(37.8455716313582,-3.91301216871353,-12.5));
#2126=DIRECTION('',(-0.707106781186535,0.70710678118656,0.0));
#2127=DIRECTION('',(-0.35355339059328,-0.353553390593267,-0.866025403784439));
#2128=DIRECTION('',(0.707106781186535,-0.70710678118656,6.11713663268815E-018));
#2129=CARTESIAN_POINT('',(36.0778046783919,-2.14524521574713,-12.5));
#2130=DIRECTION('',(-0.707106781186535,0.70710678118656,0.0));
#2131=DIRECTION('',(-0.35355339059328,-0.353553390593267,-0.866025403784439));
#2132=DIRECTION('',(-0.707106781186551,0.707106781186544,0.0));
#2133=CARTESIAN_POINT('',(35.1939212019089,-1.26136173926403,-12.5000000000005));
#2134=DIRECTION('',(0.707106781186551,-0.707106781186544,0.0));
#2135=DIRECTION('',(0.0,0.0,-1.0));
#2136=DIRECTION('',(-0.707106781186551,0.707106781186544,0.0));
#2137=CARTESIAN_POINT('',(38.7294551078416,-4.79689564519676,-12.5000000000005));
#2138=DIRECTION('',(0.707106781186551,-0.707106781186544,0.0));
#2139=DIRECTION('',(0.0,0.0,-1.0));
#2140=DIRECTION('',(-0.707106781186551,0.707106781186544,0.0));
#2141=DIRECTION('',(0.707106781186548,-0.707106781186547,-4.32978028117746E-017));
#2142=CARTESIAN_POINT('',(36.0778046783921,-2.14524521574717,-12.5));
#2143=DIRECTION('',(-0.707106781186548,0.707106781186547,0.0));
#2144=DIRECTION('',(0.707106781186547,0.707106781186548,0.0));
#2145=DIRECTION('',(0.707106781186548,-0.707106781186547,0.0));
#2146=CARTESIAN_POINT('',(37.8455716313586,-3.91301216871353,-12.5));
#2147=DIRECTION('',(-0.707106781186548,0.707106781186547,0.0));
#2148=DIRECTION('',(0.707106781186547,0.707106781186548,0.0));
#2149=DIRECTION('',(0.707106781186535,-0.70710678118656,-3.71806661790865E-017));
#2150=CARTESIAN_POINT('',(36.0778046783918,-2.14524521574717,-12.5000000000004));
#2151=DIRECTION('',(-0.707106781186535,0.70710678118656,4.33680868994201E-017));
#2152=DIRECTION('',(0.35355339059328,0.353553390593268,-0.866025403784438));
#2153=DIRECTION('',(0.707106781186535,-0.70710678118656,0.0));
#2154=CARTESIAN_POINT('',(37.8455716313582,-3.91301216871356,-12.5000000000004));
#2155=DIRECTION('',(-0.707106781186535,0.70710678118656,4.33680868994201E-017));
#2156=DIRECTION('',(0.35355339059328,0.353553390593268,-0.866025403784438));
#2157=DIRECTION('',(0.707106781186548,-0.707106781186547,4.32978028117746E-017));
#2158=CARTESIAN_POINT('',(36.0778046783922,-2.14524521574713,-12.5));
#2159=DIRECTION('',(-0.707106781186548,0.707106781186547,0.0));
#2160=DIRECTION('',(-0.707106781186547,-0.707106781186548,0.0));
#2161=DIRECTION('',(0.707106781186548,-0.707106781186547,0.0));
#2162=CARTESIAN_POINT('',(37.8455716313587,-3.91301216871349,-12.5));
#2163=DIRECTION('',(-0.707106781186548,0.707106781186547,0.0));
#2164=DIRECTION('',(-0.707106781186547,-0.707106781186548,0.0));
#2165=CARTESIAN_POINT('',(36.0778046783922,-2.14524521574679,-12.5000000000005));
#2166=DIRECTION('',(-0.707106781186561,0.707106781186534,-8.67361737988404E-017));
#2167=DIRECTION('',(0.353553390593267,0.35355339059328,0.866025403784439));
#2168=DIRECTION('',(0.454519477672032,0.454519477672049,-0.766044443118982));
#2169=DIRECTION('',(-0.707106781186553,0.707106781186543,0.0));
#2170=DIRECTION('',(-0.454519477672038,-0.454519477672043,0.766044443118982));
#2171=DIRECTION('',(-0.707106781186553,0.707106781186543,0.0));
#2172=DIRECTION('',(-0.454519477672025,-0.454519477672056,0.766044443118982));
#2173=DIRECTION('',(-0.707106781186553,0.707106781186543,0.0));
#2174=DIRECTION('',(0.454519477672032,0.454519477672049,-0.766044443118982));
#2175=DIRECTION('',(0.707106781186554,-0.707106781186541,-2.44346905553316E-014));
#2176=DIRECTION('',(-0.454519477672032,-0.454519477672049,0.766044443118982));
#2177=DIRECTION('',(0.707106781186541,-0.707106781186554,-3.64965454170545E-015));
#2178=DIRECTION('',(0.490492121941583,0.490492121941588,0.720301989880968));
#2179=DIRECTION('',(-0.707106781186551,0.707106781186544,0.0));
#2180=DIRECTION('',(0.490492121941583,0.490492121941588,0.720301989880968));
#2181=DIRECTION('',(-0.707106781186551,0.707106781186544,0.0));
#2182=CARTESIAN_POINT('',(19.6205317178678,-16.8347512233053,-24.5577728185231));
#2183=DIRECTION('',(-0.707106781186551,0.707106781186544,0.0));
#2184=DIRECTION('',(0.0,0.0,1.0));
#2185=CARTESIAN_POINT('',(23.1560656238006,-20.370285129238,-24.5577728185231));
#2186=DIRECTION('',(-0.707106781186551,0.707106781186544,0.0));
#2187=DIRECTION('',(0.0,0.0,1.0));
#2188=DIRECTION('',(-0.707106781186551,0.707106781186544,0.0));
#2189=CARTESIAN_POINT('',(24.918558037815,-15.0722588092906,-24.2847556470879));
#2190=DIRECTION('',(0.454519477672037,0.454519477672042,-0.766044443118983));
#2191=DIRECTION('',(-1.26154497313024E-016,0.860012120645908,0.510273605374733));
#2192=DIRECTION('',(-0.541675220419703,-0.541675220419708,-0.642787609686533));
#2193=DIRECTION('',(-0.541675220419703,-0.541675220419708,-0.642787609686533));
#2194=DIRECTION('',(-0.707106781186551,0.707106781186544,0.0));
#2195=DIRECTION('',(-0.454519477672037,-0.454519477672042,0.766044443118983));
#2196=DIRECTION('',(-0.454519477672037,-0.454519477672042,0.766044443118983));
#2197=DIRECTION('',(-0.707106781186551,0.707106781186544,0.0));
#2198=DIRECTION('',(-0.454519477672048,-0.454519477672032,0.766044443118982));
#2199=DIRECTION('',(0.707106781186533,-0.707106781186562,1.11600162654874E-014));
#2200=DIRECTION('',(0.454519477672048,0.454519477672032,-0.766044443118982));
#2201=DIRECTION('',(-0.707106781186553,0.707106781186543,0.0));
#2202=DIRECTION('',(0.454519477672038,0.454519477672043,-0.766044443118982));
#2203=DIRECTION('',(-0.707106781186553,0.707106781186543,0.0));
#2204=DIRECTION('',(0.454519477672025,0.454519477672056,-0.766044443118982));
#2205=DIRECTION('',(-0.707106781186553,0.707106781186543,0.0));
#2206=DIRECTION('',(-0.454519477672048,-0.454519477672032,0.766044443118982));
#2207=DIRECTION('',(0.707106781186537,-0.707106781186558,3.23174999528177E-015));
#2208=DIRECTION('',(0.454519477672048,0.454519477672032,-0.766044443118982));
#2209=DIRECTION('',(0.707106781186542,-0.707106781186554,-3.78805348422198E-015));
#2210=DIRECTION('',(-0.541675220419694,-0.541675220419715,-0.642787609686535));
#2211=DIRECTION('',(0.541675220419711,0.541675220419698,0.642787609686535));
#2212=DIRECTION('',(0.541675220419702,0.541675220419707,0.642787609686535));
#2213=DIRECTION('',(-0.541675220419705,-0.541675220419705,-0.642787609686535));
#2214=DIRECTION('',(0.707106781186559,-0.707106781186536,-1.52080726763713E-014));
#2215=DIRECTION('',(0.541675220419705,0.541675220419705,0.642787609686535));
#2216=DIRECTION('',(0.707106781186548,-0.707106781186547,-2.7988392638974E-014));
#2217=DIRECTION('',(0.541675220419714,0.541675220419695,0.642787609686535));
#2218=DIRECTION('',(-0.541675220419711,-0.541675220419698,-0.642787609686535));
#2219=DIRECTION('',(-0.541675220419702,-0.541675220419707,-0.642787609686535));
#2220=DIRECTION('',(-0.541675220419714,-0.541675220419695,-0.642787609686535));
#2221=DIRECTION('',(0.707106781186563,-0.707106781186532,-1.04030388539881E-014));
#2222=DIRECTION('',(0.541675220419705,0.541675220419705,0.642787609686535));
#2223=DIRECTION('',(0.707106781186559,-0.707106781186536,-1.52983889151061E-014));
#2224=DIRECTION('',(-0.541675220419705,-0.541675220419705,-0.642787609686535));
#2225=DIRECTION('',(0.707106781186548,-0.707106781186547,-2.80183332914987E-014));
#2226=DIRECTION('',(-0.490492121941567,-0.490492121941572,-0.72030198988099));
#2227=CARTESIAN_POINT('',(23.1560656238009,-20.3702851292377,-24.5577728185233));
#2228=DIRECTION('',(0.707106781186551,-0.707106781186544,0.0));
#2229=DIRECTION('',(0.0,0.0,-1.0));
#2230=DIRECTION('',(0.541675220419692,0.541675220419697,0.642787609686552));
#2231=DIRECTION('',(0.541675220419692,0.541675220419697,0.642787609686552));
#2232=CARTESIAN_POINT('',(19.6205317178682,-16.8347512233049,-24.5577728185233));
#2233=DIRECTION('',(0.707106781186551,-0.707106781186544,0.0));
#2234=DIRECTION('',(0.0,0.0,-1.0));
#2235=DIRECTION('',(-0.490492121941567,-0.490492121941572,-0.72030198988099));
#2236=CARTESIAN_POINT('',(25.827596993159,-14.1632198539464,-25.8168445333259));
#2237=DIRECTION('',(-0.454519477672036,-0.454519477672069,0.766044443118967));
#2238=DIRECTION('',(-0.541675220419713,-0.541675220419675,-0.642787609686552));
#2239=DIRECTION('',(-0.707106781186551,0.707106781186544,0.0));
#2240=DIRECTION('',(-0.707106781186551,0.707106781186544,0.0));
#2241=DIRECTION('',(0.0,0.0,1.0));
#2242=DIRECTION('',(-0.5,-0.5,0.707106781186548));
#2243=DIRECTION('',(0.5,0.5,-0.707106781186548));
#2244=DIRECTION('',(0.0,0.0,-1.0));
#2245=CARTESIAN_POINT('',(36.0778046783919,-2.14524521574713,-12.5));
#2246=DIRECTION('',(-0.707106781186535,0.70710678118656,0.0));
#2247=DIRECTION('',(-0.35355339059328,-0.353553390593267,-0.866025403784439));
#2248=DIRECTION('',(0.707106781186535,-0.70710678118656,0.0));
#2249=CARTESIAN_POINT('',(37.8455716313582,-3.91301216871353,-12.5));
#2250=DIRECTION('',(-0.707106781186535,0.70710678118656,0.0));
#2251=DIRECTION('',(-0.35355339059328,-0.353553390593267,-0.866025403784439));
#2252=DIRECTION('',(0.612372435695779,0.61237243569581,0.5));
#2253=DIRECTION('',(0.183012701892208,0.183012701892232,0.965925826289068));
#2254=DIRECTION('',(-0.183012701892208,-0.183012701892232,-0.965925826289068));
#2255=DIRECTION('',(-0.612372435695779,-0.61237243569581,-0.5));
#2256=DIRECTION('',(0.61237243569581,0.61237243569578,-0.5));
#2257=DIRECTION('',(-0.61237243569581,-0.61237243569578,0.5));
#2258=DIRECTION('',(-0.683012701892229,-0.68301270189221,-0.25881904510252));
#2259=DIRECTION('',(0.683012701892229,0.68301270189221,0.25881904510252));
#2260=DIRECTION('',(0.612372435695809,0.61237243569578,0.5));
#2261=DIRECTION('',(-0.612372435695809,-0.61237243569578,-0.5));
#2262=DIRECTION('',(-0.183012701892229,-0.18301270189221,-0.965925826289068));
#2263=DIRECTION('',(0.183012701892229,0.18301270189221,0.965925826289068));
#2264=DIRECTION('',(0.0,0.0,1.0));
#2265=DIRECTION('',(0.0,0.0,-1.0));
#2266=DIRECTION('',(0.5,0.5,-0.707106781186548));
#2267=DIRECTION('',(-0.5,-0.5,0.707106781186548));
ENDSEC;
END-ISO-10303-21;
